-0.469700,-0.077348,0.910120,14.210000,-0.770000,29.049999,1770467838.226158
-0.490928,-0.054412,0.930616,15.820000,-5.320000,27.719999,1770467838.233985
-0.504592,-0.019276,1.017968,15.680000,-10.220000,28.840000,1770467838.241988
-0.521916,0.038308,1.046028,16.100000,-13.790000,26.670000,1770467838.250054
-0.534116,0.034404,0.992104,13.300000,-14.630000,28.139999,1770467838.257946
-0.542900,0.037088,0.961116,14.000000,-17.080000,22.610001,1770467838.265957
-0.554368,0.051728,0.932568,14.420000,-23.030001,23.309999,1770467838.274050
-0.552904,0.076372,0.886940,17.639999,-31.780001,14.910000,1770467838.281996
-0.528260,0.118340,0.876936,14.630000,-38.009998,15.680000,1770467838.290116
-0.484340,0.137372,0.850828,14.280000,-42.980000,4.340000,1770467838.297957
-0.464820,0.114192,0.909876,16.309999,-40.389999,-1.260000,1770467838.305964
-0.420900,0.131272,0.915244,21.209999,-40.250000,-6.790000,1770467838.313960
-0.385032,0.158112,0.933300,22.889999,-41.020000,-7.910000,1770467838.322013
-0.371124,0.171044,0.935740,27.510000,-39.689999,-14.210000,1770467838.329973
-0.365756,0.174216,0.927932,26.670000,-40.040001,-12.110000,1770467838.337966
-0.348432,0.154452,0.957212,32.970001,-40.459999,-16.660000,1770467838.345968
-0.327936,0.175924,0.912804,36.540001,-34.439999,-21.070000,1770467838.353976
-0.345992,0.173240,0.909144,36.959999,-32.689999,-20.230000,1770467838.361962
-0.353800,0.173484,0.906216,38.009998,-34.020000,-25.270000,1770467838.369960
-0.326716,0.183000,0.930860,35.419998,-30.799999,-25.620001,1770467838.377966
-0.314272,0.221796,0.924516,33.529999,-30.590000,-28.840000,1770467838.386100
-0.301340,0.236924,0.910120,33.669998,-26.250000,-33.250000,1770467838.393959
-0.197640,0.383324,0.907192,21.000000,-21.350000,-43.540001,1770467838.401963
-0.164456,0.422364,0.952332,11.340000,-11.410000,-41.090000,1770467838.410077
-0.170800,0.484340,0.984540,-1.050000,-2.660000,-42.560001,1770467838.417945
-0.174216,0.457744,0.990152,-9.240000,-0.140000,-47.950001,1770467838.425967
-0.098820,0.471408,1.017236,-17.219999,0.840000,-48.650002,1770467838.434075
-0.027328,0.390888,1.059692,-23.100000,6.090000,-42.700001,1770467838.441974
0.002928,0.356728,1.154120,-22.889999,5.530000,-42.139999,1770467838.449965
0.044652,0.140544,1.191940,-13.440000,9.870000,-30.030001,1770467838.457972
-0.004148,0.143472,1.211704,0.980000,9.450000,-25.200001,1770467838.466126
-0.013420,0.087352,1.224880,9.240000,12.320000,-20.580000,1770467838.473969
-0.064904,-0.005612,1.191696,16.030001,17.570000,-14.490000,1770467838.481967
-0.133956,-0.148108,1.134600,25.200001,21.910000,-11.480000,1770467838.489985
-0.160064,-0.262544,1.094340,34.230000,28.070000,-7.980000,1770467838.497999
-0.171532,-0.334524,1.088240,42.209999,34.439999,-7.770000,1770467838.505963
-0.186172,-0.395524,1.098244,45.290001,40.740002,-5.950000,1770467838.513959
-0.202764,-0.388936,1.103612,44.730000,44.450001,-1.820000,1770467838.521973
-0.212524,-0.364048,1.093120,42.349998,47.880001,-3.710000,1770467838.530122
-0.266448,-0.319884,1.063108,38.220001,47.599998,0.630000,1770467838.537943
-0.292556,-0.256932,1.051884,34.509998,41.860001,3.570000,1770467838.545966
-0.293044,-0.203984,1.019920,28.770000,34.790001,2.520000,1770467838.553958
-0.272060,-0.192516,0.942572,25.900000,31.219999,7.350000,1770467838.561962
-0.237168,-0.181780,0.878156,26.320000,30.520000,7.000000,1770467838.569953
-0.192272,-0.140788,0.891332,24.850000,32.270000,10.850000,1770467838.577987
-0.170556,-0.081984,0.945500,22.889999,35.980000,15.260000,1770467838.586051
-0.199836,-0.032208,0.977220,19.459999,39.970001,15.820000,1770467838.593963
-0.240096,0.005612,0.989176,16.240000,43.889999,17.150000,1770467838.601992
-0.271084,0.013664,1.004060,16.870001,48.650002,18.270000,1770467838.610036
-0.303536,0.030988,1.024068,16.450001,53.759998,19.950001,1770467838.617966
-0.342820,0.043676,1.041636,18.340000,57.889999,21.420000,1770467838.625958
-0.368440,0.043432,1.038464,17.639999,57.540001,22.400000,1770467838.633960
-0.372588,0.053924,1.004304,11.620000,55.790001,27.930000,1770467838.641958
-0.357460,0.075640,0.961604,3.710000,52.080002,32.410000,1770467838.650067
-0.353800,0.087840,0.920368,-2.240000,47.180000,35.770000,1770467838.658208
-0.355020,0.100772,0.917440,-5.250000,43.540001,40.389999,1770467838.665956
-0.371612,0.128344,0.937692,-13.230000,39.970001,39.480000,1770467838.673970
-0.389424,0.157868,0.962580,-19.320000,38.639999,43.540001,1770467838.681966
-0.387960,0.182512,0.954040,-27.230000,35.000000,39.060001,1770467838.690007
-0.427244,0.207400,0.933300,-36.119999,31.080000,42.840000,1770467838.698058
-0.467748,0.195932,0.956236,-37.869999,19.320000,38.919998,1770467838.705984
-0.460184,0.226432,0.997716,-40.250000,3.850000,40.669998,1770467838.713958
-0.443348,0.252540,1.014064,-43.889999,-11.340000,41.580002,1770467838.721962
-0.397476,0.294020,1.008940,-42.910000,-22.469999,41.720001,1770467838.730013
-0.320616,0.294752,1.003816,-47.320000,-27.090000,46.200001,1770467838.737958
-0.279380,0.286212,1.002840,-48.790001,-24.570000,52.779999,1770467838.746060
-0.259128,0.277672,0.963800,-48.090000,-22.820000,54.250000,1770467838.753963
-0.264496,0.260348,0.874008,-43.889999,-20.440001,62.160000,1770467838.761961
-0.267424,0.226188,0.801052,-36.680000,-14.700000,65.660004,1770467838.769958
-0.272548,0.231800,0.789096,-36.119999,-7.560000,70.209999,1770467838.777984
-0.281088,0.263032,0.843752,-33.110001,-2.170000,75.739998,1770467838.786011
-0.295972,0.297192,0.909632,-38.570000,0.770000,72.029999,1770467838.793968
-0.327204,0.318176,0.955016,-43.750000,4.270000,76.720001,1770467838.801960
-0.348920,0.335500,0.981612,-49.209999,7.280000,80.639999,1770467838.809968
-0.379664,0.340380,0.969168,-59.430000,8.400000,85.820000,1770467838.818009
-0.420900,0.341112,0.919392,-66.989998,6.860000,90.510002,1770467838.825941
-0.455304,0.333304,0.855464,-74.410004,6.440000,94.570000,1770467838.833966
-0.493856,0.342088,0.785436,-84.070000,4.550000,98.980003,1770467838.841964
-0.535092,0.368928,0.729316,-93.870003,-0.490000,104.720001,1770467838.849979
-0.553148,0.389668,0.708820,-100.940002,-9.660000,111.300003,1770467838.857971
-0.538752,0.393816,0.721264,-106.400002,-18.549999,115.779999,1770467838.865960
-0.521916,0.405040,0.750056,-112.629997,-29.049999,117.250000,1770467838.873992
-0.493612,0.410408,0.775920,-117.529999,-36.680000,124.110001,1770467838.881958
-0.468724,0.447496,0.773724,-122.849998,-45.150002,126.000000,1770467838.889969
-0.431148,0.439444,0.755668,-129.289993,-49.349998,131.179993,1770467838.898045
-0.416264,0.462136,0.721020,-133.490005,-54.599998,140.139999,1770467838.905965
-0.422120,0.493856,0.677588,-139.860001,-59.430000,145.669998,1770467838.913980
-0.439932,0.484340,0.680760,-148.330002,-64.959999,154.770004,1770467838.921967
-0.440176,0.402600,0.750788,-150.080002,-70.559998,154.630005,1770467838.930004
-0.406992,0.222528,0.840336,-146.160004,-71.260002,162.190002,1770467838.938017
-0.362584,0.029768,0.904020,-130.270004,-68.110001,157.220001,1770467838.945962
-0.303780,-0.190808,0.964288,-115.010002,-61.320000,159.039993,1770467838.954001
-0.194224,-0.193248,1.007964,-90.860001,-56.770000,159.880005,1770467838.961968
-0.018788,-0.677100,1.257088,-74.830002,-55.090000,189.630005,1770467838.970184
-0.243756,-0.941840,1.402756,-60.619999,-12.460000,155.539993,1770467838.978403
-0.102968,-1.220488,1.451312,-26.530001,-2.030000,132.089996,1770467838.986401
-0.111752,-1.146068,1.430328,8.750000,-0.490000,122.849998,1770467838.993981
-0.122244,-0.972828,1.475224,35.840000,-1.470000,128.449997,1770467839.001961
-0.110776,-0.809592,1.594784,50.189999,-8.330000,112.559998,1770467839.009965
-0.105408,-0.634644,1.681648,54.529999,-16.309999,115.010002,1770467839.017961
-0.120780,-0.438468,1.683356,54.320000,-20.580000,106.820000,1770467839.026034
-0.129076,-0.257664,1.602836,49.209999,-22.260000,107.800003,1770467839.034018
-0.122732,-0.137128,1.483764,44.310001,-24.920000,105.209999,1770467839.041965
-0.110288,-0.072468,1.362984,40.389999,-26.879999,102.059998,1770467839.049959
-0.084424,-0.046116,1.238056,32.410000,-23.030001,108.080002,1770467839.057957
-0.052704,-0.030988,1.109956,34.090000,-17.080000,108.150002,1770467839.066070
-0.034404,-0.024400,0.997960,36.959999,-7.000000,113.889999,1770467839.073976
-0.029768,0.001464,0.881084,45.220001,5.320000,114.309998,1770467839.081966
-0.051484,0.051484,0.755424,58.660000,17.850000,121.660004,1770467839.089974
-0.105652,0.116632,0.626592,71.540001,28.420000,127.050003,1770467839.097953
-0.156892,0.212036,0.554856,82.459999,37.099998,130.690002,1770467839.106004
-0.244488,0.282308,0.446276,85.959999,41.509998,132.089996,1770467839.113956
-0.343552,0.311100,0.372344,82.320000,40.180000,133.419998,1770467839.121958
-0.440176,0.445300,0.322568,79.099998,34.720001,130.479996,1770467839.129952
-0.512156,0.496540,0.363072,67.550003,25.549999,121.519997,1770467839.137951
-0.587552,0.550708,0.423828,51.799999,15.750000,103.459999,1770467839.145956
-0.510448,0.696376,0.476288,42.139999,0.630000,106.260002,1770467839.153992
-0.667096,0.757132,0.565836,28.559999,-7.910000,101.150002,1770467839.161996
-0.691496,0.792756,0.623420,9.450000,-18.340000,89.320000,1770467839.170003
-0.695156,0.800076,0.636108,-6.860000,-25.760000,84.070000,1770467839.177951
-0.704672,0.794952,0.568520,-22.120001,-34.369999,80.010002,1770467839.185972
-0.719556,0.768112,0.472384,-33.040001,-43.119999,68.320000,1770467839.194041
-0.720532,0.716140,0.387716,-35.209999,-52.849998,62.790001,1770467839.201981
-0.691984,0.631472,0.345992,-33.110001,-63.349998,53.060001,1770467839.209952
-0.641720,0.520940,0.387716,-35.630001,-73.080002,46.340000,1770467839.217951
-0.568764,0.422364,0.455060,-35.700001,-83.019997,42.840000,1770467839.225955
-0.500200,0.320616,0.527772,-36.330002,-93.029999,38.990002,1770467839.233973
-0.449448,0.249856,0.586576,-44.450001,-98.139999,44.939999,1770467839.242071
-0.381372,0.202520,0.642940,-53.970001,-103.040001,49.000000,1770467839.249981
-0.300608,0.151280,0.694180,-60.689999,-103.459999,54.389999,1770467839.257953
-0.196664,0.123220,0.806176,-66.779999,-102.690002,58.310001,1770467839.265954
-0.057096,0.124684,1.025044,-80.430000,-99.330002,64.959999,1770467839.273953
0.076372,0.136640,1.319308,-99.120003,-94.220001,73.779999,1770467839.281953
0.143472,0.125904,1.557696,-122.080002,-81.620003,84.489998,1770467839.290009
0.294752,0.073932,1.625528,-143.639999,-63.209999,97.860001,1770467839.297969
0.339160,-0.011712,1.429596,-140.279999,-46.900002,118.580002,1770467839.305967
0.284748,-0.103212,1.295640,-122.500000,-26.459999,125.440002,1770467839.313956
0.214964,-0.152500,1.249036,-97.860001,-4.690000,128.940002,1770467839.321960
0.108824,-0.154696,1.278804,-75.529999,17.780001,126.279999,1770467839.330009
-0.037820,-0.115168,1.336632,-57.959999,32.549999,122.430000,1770467839.337969
-0.196420,-0.046360,1.374696,-50.119999,36.400002,112.349998,1770467839.345959
-0.305000,0.060024,1.399584,-51.240002,26.950001,107.029999,1770467839.353956
-0.344528,0.108580,1.422764,-53.200001,3.220000,95.269997,1770467839.361957
-0.280600,0.052216,1.401048,-53.410000,-28.770000,76.300003,1770467839.369977
-0.159088,-0.042944,1.282708,-45.919998,-56.419998,64.400002,1770467839.377948
0.003660,-0.160552,1.164612,-37.660000,-72.449997,56.770000,1770467839.385959
0.197152,-0.290360,1.091168,-26.110001,-81.339996,57.680000,1770467839.393979
0.313296,-0.495564,1.079212,-18.969999,-89.250000,45.779999,1770467839.401960
0.373564,-0.760304,1.113128,-13.230000,-85.470001,35.209999,1770467839.410077
0.542168,-0.907192,1.135088,2.310000,-75.250000,31.850000,1770467839.417996
0.618052,-0.987712,1.184132,21.420000,-59.430000,33.529999,1770467839.425962
0.654408,-0.983076,1.255868,35.349998,-34.860001,33.180000,1770467839.433945
0.641720,-0.941596,1.309792,46.060001,-3.360000,35.139999,1770467839.441957
0.558272,-0.865224,1.315404,51.520000,24.990000,42.700001,1770467839.449962
0.395524,-0.764452,1.264896,52.639999,41.860001,50.049999,1770467839.457962
0.209840,-0.641964,1.242692,53.970001,48.509998,62.790001,1770467839.466047
0.048312,-0.465796,1.204628,54.740002,45.500000,65.309998,1770467839.473988
-0.108092,-0.283040,1.165588,50.889999,33.740002,73.360001,1770467839.482009
-0.244976,-0.105408,1.138992,47.740002,17.639999,78.889999,1770467839.489995
-0.366000,0.025620,1.117276,41.580002,-4.130000,81.690002,1770467839.497980
-0.413580,0.110288,1.083604,37.169998,-25.480000,87.430000,1770467839.506089
-0.436760,0.110776,1.048956,30.030001,-48.299999,81.480003,1770467839.513980
-0.385032,0.100284,1.072380,25.760000,-66.360001,78.680000,1770467839.521964
-0.302072,0.070760,1.041392,25.270000,-80.010002,74.339996,1770467839.529950
-0.209108,0.030744,0.991616,23.100000,-89.389999,68.320000,1770467839.537977
-0.110532,-0.011468,0.931836,28.139999,-95.620003,62.160000,1770467839.545958
-0.009272,-0.042944,0.892552,32.549999,-99.889999,60.340000,1770467839.554063
0.080764,-0.072224,0.875472,36.330002,-102.339996,55.720001,1770467839.561961
0.173240,-0.098576,0.866444,44.099998,-104.650002,52.150002,1770467839.569959
0.254736,-0.110044,0.858636,48.790001,-104.440002,47.320000,1770467839.577959
0.320616,-0.086376,0.861076,55.580002,-102.690002,43.330002,1770467839.585969
0.394304,-0.066856,0.854244,57.330002,-100.870003,31.150000,1770467839.593978
0.447008,-0.046604,0.852048,58.869999,-94.919998,24.290001,1770467839.601965
0.478240,-0.065880,0.854976,64.330002,-88.339996,16.590000,1770467839.609968
0.493124,-0.082228,0.828136,63.770000,-75.320000,6.720000,1770467839.618015
0.582672,-0.022204,0.824476,70.769997,-69.089996,8.610000,1770467839.625960
0.607560,-0.004392,0.833748,77.000000,-54.459999,8.260000,1770467839.633959
0.610000,0.012200,0.838872,78.750000,-32.130001,13.300000,1770467839.641963
0.576816,0.087840,0.790804,80.989998,-10.360000,21.629999,1770467839.650003
0.540216,0.222284,0.763720,83.650002,11.340000,38.709999,1770467839.657965
0.423096,0.367708,0.730292,85.820000,33.529999,48.439999,1770467839.665983
0.332816,0.549244,0.701500,81.550003,48.230000,56.279999,1770467839.673959
0.247172,0.566080,0.655628,72.169998,56.840000,66.849998,1770467839.681973
0.149572,0.640012,0.567544,64.120003,62.509998,76.300003,1770467839.690249
0.072712,0.678320,0.510448,45.779999,64.190002,83.720001,1770467839.697963
0.020984,0.713944,0.476044,37.520000,70.209999,99.260002,1770467839.705966
-0.010736,0.675392,0.467504,20.020000,69.440002,101.220001,1770467839.714065
-0.021960,0.623664,0.483120,7.560000,72.660004,107.029999,1770467839.721992
-0.009028,0.573644,0.549488,2.870000,79.940002,106.470001,1770467839.729961
0.005368,0.520452,0.668560,-7.210000,91.629997,112.629997,1770467839.737964
-0.001220,0.496296,0.767380,-17.850000,103.529999,116.620003,1770467839.745995
-0.027816,0.458232,0.847412,-34.860001,110.599998,122.220001,1770467839.754076
-0.080764,0.431880,0.921100,-44.520000,108.500000,129.149994,1770467839.761993
-0.119560,0.422608,1.018944,-49.560001,97.790001,129.500000,1770467839.769957
-0.151768,0.371368,1.163880,-52.009998,80.849998,136.570007,1770467839.777960
-0.218624,0.261812,1.316380,-45.779999,64.330002,139.929993,1770467839.785989
-0.298656,0.191540,1.399340,-37.869999,50.959999,139.369995,1770467839.793983
-0.400648,0.149816,1.423008,-30.030001,40.669998,143.289993,1770467839.801965
-0.476532,0.207400,1.411540,-24.570000,32.619999,141.610001,1770467839.809988
-0.538996,0.282552,1.348344,-23.799999,21.840000,139.160004,1770467839.817960
-0.602192,0.320860,1.308084,-24.080000,10.640000,128.940002,1770467839.825960
-0.584136,0.318908,1.309060,-21.910000,0.420000,114.449997,1770467839.833962
-0.526064,0.333548,1.296372,-20.090000,-9.380000,104.930000,1770467839.841963
-0.478240,0.342088,1.240984,-23.379999,-15.750000,101.570000,1770467839.849986
-0.419680,0.330620,1.139236,-27.650000,-19.389999,100.309998,1770467839.857965
-0.356728,0.292800,1.019188,-34.230000,-18.480000,98.070000,1770467839.865962
-0.304268,0.228140,0.899384,-39.759998,-21.700001,102.690002,1770467839.873959
-0.228384,0.154696,0.888892,-45.779999,-29.260000,97.580002,1770467839.881958
-0.108824,0.046604,1.010160,-43.470001,-43.259998,86.940002,1770467839.890024
0.015860,-0.027084,1.100440,-36.049999,-52.639999,76.720001,1770467839.897978
0.138104,-0.116144,1.135332,-27.020000,-57.889999,72.239998,1770467839.905964
0.313052,-0.324520,1.212192,-19.459999,-60.200001,69.650002,1770467839.914008
0.366732,-0.509716,1.281732,-17.570000,-60.900002,53.130001,1770467839.922023
0.474092,-0.640012,1.273680,-1.330000,-46.689999,49.700001,1770467839.929966
0.501664,-0.709796,1.283928,14.630000,-28.209999,50.119999,1770467839.937964
0.515328,-0.733464,1.288564,30.660000,-8.820000,49.770000,1770467839.945967
0.501908,-0.714676,1.277340,39.689999,10.290000,52.779999,1770467839.954426
0.477508,-0.655140,1.241228,49.209999,22.750000,56.070000,1770467839.961997
0.423828,-0.555100,1.171688,60.340000,33.110001,60.480000,1770467839.969989
0.349652,-0.404308,1.083116,65.940002,34.650002,66.290001,1770467839.978052
0.267180,-0.200324,0.986492,70.769997,29.190001,65.379997,1770467839.986767
0.210572,-0.025864,0.945012,73.779999,22.889999,65.870003,1770467839.993985
0.155916,0.092964,0.931348,71.400002,17.010000,61.810001,1770467840.001972
0.131516,0.240584,0.930616,68.389999,8.890000,48.790001,1770467840.010066
0.121756,0.300608,0.943548,59.990002,4.130000,38.709999,1770467840.017958
0.104920,0.315980,0.965020,57.540001,3.780000,25.200001,1770467840.025990
0.196420,0.456768,0.928176,63.770000,3.850000,38.360001,1770467840.033963
0.120292,0.476532,0.976732,48.860001,-3.640000,33.250000,1770467840.041972
0.120048,0.490928,1.000644,42.000000,-6.020000,34.650002,1770467840.049965
0.111020,0.457012,1.008940,33.110001,-6.790000,28.490000,1770467840.057983
0.110288,0.366244,1.009916,26.530001,-5.110000,23.520000,1770467840.065961
0.088328,0.271328,0.990640,22.889999,-0.490000,23.520000,1770467840.073960
0.073688,0.221308,0.949892,19.320000,3.850000,21.070000,1770467840.082014
0.057340,0.159088,0.907680,23.100000,4.900000,20.510000,1770467840.090139
0.030500,0.140056,0.855708,25.900000,3.220000,18.270000,1770467840.097963
0.007076,0.117120,0.837408,29.540001,0.070000,15.120000,1770467840.105951
0.005124,0.124440,0.840824,33.529999,-5.530000,10.500000,1770467840.113969
0.005856,0.149816,0.816912,35.000000,-10.710000,12.180000,1770467840.121957
0.008540,0.156892,0.813984,40.880001,-17.780001,9.730000,1770467840.129968
0.028548,0.151768,0.808372,43.119999,-23.240000,12.180000,1770467840.138016
0.053436,0.180560,0.802028,50.540001,-23.170000,15.190000,1770467840.145951
0.064904,0.252784,0.792024,57.330002,-22.889999,18.620001,1770467840.153953
0.072956,0.343796,0.795440,65.099998,-22.120001,19.110001,1770467840.161989
0.081252,0.435296,0.824232,67.620003,-24.150000,21.840000,1770467840.169959
0.095160,0.509472,0.875960,64.330002,-25.760000,22.190001,1770467840.177931
0.125660,0.551440,0.909876,54.320000,-27.020000,26.879999,1770467840.186008
0.167384,0.546560,0.925248,43.189999,-27.020000,25.900000,1770467840.193974
0.212524,0.516304,0.914024,30.799999,-24.920000,30.030001,1770467840.201960
0.247660,0.496052,0.879132,24.570000,-21.209999,29.120001,1770467840.209985
0.272304,0.489464,0.840336,15.540000,-11.900000,35.910000,1770467840.217949
0.288896,0.485560,0.809348,10.920000,-1.260000,41.930000,1770467840.226009
0.292312,0.456768,0.805200,-0.910000,9.520000,42.000000,1770467840.233959
0.293776,0.384300,0.823988,-12.530000,25.900000,49.700001,1770467840.241955
0.259128,0.293532,0.883524,-15.540000,43.820000,56.209999,1770467840.249954
0.214964,0.145180,0.988688,-17.010000,64.400002,65.029999,1770467840.257953
0.138104,-0.008052,1.108736,-7.490000,80.639999,67.199997,1770467840.265955
0.018788,-0.080764,1.192184,-4.130000,94.430000,76.650002,1770467840.274004
-0.148840,-0.059780,1.235860,-3.990000,99.959999,81.480003,1770467840.281945
-0.318176,-0.002196,1.251476,-7.560000,96.180000,86.589996,1770467840.289978
-0.456768,0.078812,1.255868,-10.360000,78.680000,94.570000,1770467840.297964
-0.577060,0.135176,1.283684,-9.800000,50.189999,99.750000,1770467840.305957
-0.722728,0.154940,1.331508,-13.230000,17.219999,89.879997,1770467840.314100
-0.756644,0.154208,1.345416,-15.750000,-16.520000,75.529999,1770467840.321958
-0.660996,0.198860,1.354200,-13.090000,-53.689999,63.419998,1770467840.329961
-0.506056,0.250100,1.350296,-18.200001,-80.989998,52.849998,1770467840.337957
-0.318176,0.298412,1.322724,-21.070000,-96.739998,45.639999,1770467840.346034
-0.136396,0.317688,1.298812,-28.000000,-103.320000,34.650002,1770467840.353985
0.021716,0.324032,1.260748,-35.840000,-101.919998,25.129999,1770467840.361967
0.160308,0.266448,1.225368,-42.419998,-91.419998,16.450001,1770467840.369965
0.329400,0.277184,1.134600,-44.730000,-85.260002,10.850000,1770467840.377996
0.463600,0.309148,1.098000,-42.209999,-80.570000,22.330000,1770467840.386071
0.518744,0.261812,1.026508,-45.990002,-71.120003,29.610001,1770467840.394019
0.563152,0.226188,0.927200,-47.529999,-58.240002,35.560001,1770467840.401968
0.560468,0.238876,0.813008,-43.119999,-42.700001,38.360001,1770467840.409960
0.552660,0.253760,0.691496,-39.689999,-29.260000,44.939999,1770467840.418024
0.535824,0.282308,0.606828,-36.680000,-13.580000,51.590000,1770467840.425974
0.516548,0.302316,0.576328,-32.619999,3.780000,53.619999,1770467840.433962
0.505080,0.312564,0.558028,-30.100000,25.059999,63.840000,1770467840.441955
0.485072,0.295728,0.527528,-23.660000,43.959999,68.320000,1770467840.449949
0.443836,0.301340,0.497028,-20.580000,59.990002,79.870003,1770467840.457943
0.399672,0.284016,0.506300,-8.820000,69.720001,87.150002,1770467840.465994
0.368928,0.230580,0.552904,-0.560000,74.059998,87.919998,1770467840.474006
0.340380,0.170800,0.608292,9.660000,73.989998,84.559998,1770467840.481967
0.316956,0.129808,0.652456,22.889999,72.660004,79.660004,1770467840.490020
0.313540,0.099552,0.700524,29.959999,71.190002,68.599998,1770467840.497974
0.334524,0.050752,0.738832,35.560001,71.190002,55.090000,1770467840.505962
0.367708,-0.013908,0.754692,39.689999,71.540001,47.040001,1770467840.513967
0.394792,-0.068320,0.772748,41.790001,73.150002,42.980000,1770467840.522013
0.422364,-0.118096,0.820328,49.000000,76.089996,38.220001,1770467840.529946
0.437248,-0.166896,0.937448,50.959999,83.650002,31.920000,1770467840.537946
0.460672,-0.192516,1.116544,56.000000,97.089996,30.030001,1770467840.546060
0.453352,-0.223748,1.281244,62.650002,112.489998,22.540001,1770467840.553958
0.409432,-0.250588,1.399340,65.309998,126.279999,19.600000,1770467840.561973
0.317932,-0.253760,1.456436,74.760002,137.970001,18.059999,1770467840.569965
0.188612,-0.206180,1.459608,82.669998,149.589996,18.270000,1770467840.577979
0.029768,-0.090768,1.424960,87.500000,159.179993,19.040001,1770467840.586036
-0.121512,0.061488,1.415444,82.110001,162.750000,17.709999,1770467840.594012
-0.293288,0.256688,1.400804,68.949997,167.509995,25.129999,1770467840.601973
-0.423096,0.460184,1.409832,44.240002,161.279999,25.340000,1770467840.609986
-0.525576,0.635864,1.430084,17.780001,150.639999,32.549999,1770467840.617964
-0.604632,0.728584,1.463512,-7.770000,134.399994,37.590000,1770467840.626023
-0.667340,0.751032,1.484740,-30.590000,113.820000,42.770000,1770467840.633960
-0.709308,0.739320,1.462780,-46.759998,88.410004,45.639999,1770467840.641955
-0.724680,0.677832,1.399340,-57.189999,62.509998,47.110001,1770467840.649955
-0.711748,0.594628,1.283928,-62.020000,36.750000,48.230000,1770467840.657998
-0.670268,0.514840,1.118984,-60.970001,14.070000,44.029999,1770467840.666010
-0.611952,0.470920,0.938668,-55.369999,-8.680000,36.330002,1770467840.673966
-0.533628,0.430904,0.786412,-48.860001,-27.370001,28.209999,1770467840.681961
-0.447496,0.402112,0.665876,-36.470001,-39.549999,25.129999,1770467840.689999
-0.366244,0.373564,0.597068,-27.650000,-46.970001,22.820000,1770467840.697975
-0.293776,0.358436,0.544608,-16.660000,-50.330002,21.280001,1770467840.705961
-0.249368,0.351360,0.481900,-12.460000,-49.630001,24.920000,1770467840.713958
-0.219844,0.357216,0.396744,-5.810000,-49.349998,23.100000,1770467840.721955
-0.196664,0.368196,0.307196,-1.540000,-54.250000,29.049999,1770467840.730097
-0.182268,0.366000,0.239364,-0.350000,-61.250000,28.350000,1770467840.737952
-0.162992,0.366000,0.182512,3.780000,-68.459999,30.170000,1770467840.745943
-0.139324,0.364780,0.145180,6.160000,-77.000000,29.469999,1770467840.753975
-0.111020,0.377224,0.119804,7.770000,-85.190002,29.330000,1770467840.761969
-0.062464,0.374540,0.135420,15.190000,-92.260002,26.040001,1770467840.769962
0.008052,0.332572,0.221064,20.370001,-91.419998,25.760000,1770467840.777980
0.070028,0.278648,0.353800,22.889999,-87.010002,24.920000,1770467840.785951
0.118584,0.244000,0.548268,18.969999,-80.080002,23.940001,1770467840.794004
0.127368,0.221796,0.764208,10.990000,-69.650002,26.670000,1770467840.801990
0.091500,0.203740,1.001620,9.310000,-54.529999,22.750000,1770467840.810078
0.022936,0.163480,1.243180,4.340000,-33.599998,13.860000,1770467840.817953
-0.051972,0.095648,1.421300,6.230000,-13.790000,2.310000,1770467840.825996
-0.087840,0.092720,1.635044,0.350000,-4.550000,-11.130000,1770467840.833977
-0.089304,0.156160,1.904176,-10.430000,-4.830000,-15.610000,1770467840.842039
-0.014396,0.122732,2.057652,-23.100000,-20.230000,-12.390000,1770467840.849957
-0.005124,-0.014152,2.081808,-34.650002,-42.209999,-2.310000,1770467840.857972
0.035380,-0.133468,2.154032,-35.419998,-55.020000,3.640000,1770467840.865957
0.109068,-0.249124,2.198928,-36.680000,-62.439999,6.580000,1770467840.873960
0.183732,-0.235704,2.105476,-39.970001,-66.849998,8.400000,1770467840.881959
0.250588,-0.196420,1.893684,-41.650002,-71.680000,11.200000,1770467840.889954
0.307440,-0.113948,1.685796,-43.540001,-71.540001,11.620000,1770467840.898092
0.357216,-0.030012,1.484252,-40.110001,-66.709999,14.910000,1770467840.905964
0.390156,0.020252,1.292224,-39.759998,-60.130001,14.070000,1770467840.913994
0.428708,0.068564,1.094584,-39.970001,-51.799999,12.530000,1770467840.921965
0.484096,0.200812,0.916708,-28.350000,-44.310001,26.250000,1770467840.929959
0.466284,0.284260,0.774700,-20.860001,-33.810001,34.230000,1770467840.937975
0.454328,0.338672,0.654896,-20.090000,-20.370001,38.360001,1770467840.945958
0.447008,0.380640,0.557052,-18.690001,-6.370000,40.599998,1770467840.953958
0.427732,0.380640,0.447008,-17.570000,8.120000,46.689999,1770467840.961944
0.396012,0.350140,0.343552,-9.100000,20.299999,46.830002,1770467840.970127
0.331108,0.297192,0.221552,0.770000,38.500000,53.970001,1770467840.981163
0.294264,0.290116,0.177144,8.540000,47.950001,52.570000,1770467840.986258
0.233996,0.273768,0.122976,17.360001,62.720001,53.619999,1770467840.994001
0.178852,0.258396,0.098088,24.430000,77.769997,52.150002,1770467841.002022
0.140544,0.225700,0.086620,29.330000,87.849998,47.669998,1770467841.009969
0.119804,0.202276,0.085156,31.430000,94.639999,42.070000,1770467841.017958
0.104188,0.193492,0.105164,35.209999,99.330002,35.070000,1770467841.026005
0.093940,0.174460,0.205204,35.560001,101.639999,33.740002,1770467841.034055
0.117364,0.141764,0.424072,34.860001,101.290001,30.730000,1770467841.041957
0.163236,0.099552,0.770796,30.660000,102.059998,21.840000,1770467841.049962
0.179096,0.098088,1.175836,21.559999,108.639999,14.350000,1770467841.057955
0.181780,0.075640,1.506700,15.890000,121.940002,5.110000,1770467841.065963
0.200080,-0.069052,1.720200,5.530000,131.179993,-5.180000,1770467841.073983
0.242048,-0.299876,1.845860,-3.150000,124.879997,3.780000,1770467841.081987
0.165188,-0.480192,1.974692,-5.810000,110.529999,19.110001,1770467841.089959
-0.013908,-0.482632,2.054968,0.350000,114.169998,34.790001,1770467841.098022
-0.119804,-0.498248,2.037888,11.200000,115.290001,47.459999,1770467841.105965
-0.352580,-0.611708,1.964688,0.420000,122.290001,22.750000,1770467841.113953
-0.399672,-0.513132,1.815116,-2.030000,117.180000,17.150000,1770467841.121953
-0.477264,-0.375028,1.730204,0.770000,115.500000,6.790000,1770467841.129981
-0.549000,-0.196176,1.668472,0.560000,111.160004,11.550000,1770467841.137947
-0.598532,-0.001220,1.594296,-0.350000,103.529999,0.840000,1770467841.146056
-0.607316,0.171776,1.488156,-11.340000,89.389999,-7.700000,1770467841.154016
-0.590236,0.305732,1.348588,-22.330000,73.080002,-7.350000,1770467841.162126
-0.559004,0.365024,1.188036,-30.309999,57.680000,-15.960000,1770467841.169982
-0.522160,0.364536,1.008452,-38.360001,38.009998,-17.219999,1770467841.177953
-0.480680,0.337208,0.833992,-34.580002,16.100000,-22.820000,1770467841.185955
-0.425292,0.298656,0.693204,-30.730000,-5.460000,-32.130001,1770467841.193980
-0.357460,0.264252,0.578524,-21.910000,-22.889999,-35.070000,1770467841.201964
-0.286456,0.225212,0.486048,-8.330000,-39.340000,-38.639999,1770467841.209972
-0.249124,0.234240,0.386496,2.660000,-50.680000,-40.320000,1770467841.218018
-0.211304,0.216184,0.306464,11.200000,-59.430000,-45.849998,1770467841.225960
-0.187392,0.218868,0.244000,18.410000,-66.779999,-51.869999,1770467841.233951
-0.046848,0.322568,0.165676,30.030001,-67.760002,-32.060001,1770467841.241951
-0.024888,0.369172,0.143228,39.130001,-76.860001,-18.129999,1770467841.249950
-0.003904,0.425048,0.112972,41.650002,-82.320000,-1.400000,1770467841.257948
0.021472,0.455792,0.098576,38.639999,-88.760002,9.310000,1770467841.265997
0.050508,0.473360,0.095404,37.099998,-91.139999,19.459999,1770467841.273953
0.077592,0.471896,0.113460,35.279999,-84.699997,25.969999,1770467841.281941
0.097844,0.479704,0.176412,33.040001,-71.680000,30.030001,1770467841.289955
0.121268,0.506056,0.310124,30.240000,-46.900002,29.959999,1770467841.298097
0.149084,0.546072,0.536800,24.850000,-15.330000,27.650000,1770467841.305960
0.172996,0.595116,0.857416,20.230000,20.790001,22.959999,1770467841.313959
0.141032,0.619272,1.192428,10.990000,57.540001,16.030001,1770467841.321958
0.045384,0.588772,1.442040,7.910000,92.400002,8.470000,1770467841.329960
-0.143472,0.522892,1.694824,-3.990000,122.709999,2.870000,1770467841.337957
-0.456036,0.375028,1.895392,-12.670000,149.940002,-6.860000,1770467841.346035
-0.609512,0.162992,2.053504,-21.980000,158.410004,-12.530000,1770467841.353956
-0.706624,-0.061000,2.287500,-23.100000,142.169998,-4.760000,1770467841.362001
-0.907924,-0.355996,2.422920,-15.190000,119.629997,10.290000,1770467841.369955
-1.110932,-0.676368,2.386808,-25.760000,77.209999,-14.840000,1770467841.377969
-1.094828,-0.733220,2.164036,-25.549999,20.299999,-14.490000,1770467841.386064
-1.020164,-0.712724,1.883924,-36.680000,-39.130001,-19.459999,1770467841.394071
-0.870836,-0.642208,1.633580,-45.919998,-87.220001,-15.540000,1770467841.401965
-0.643916,-0.521428,1.436428,-51.450001,-122.570000,-19.040001,1770467841.410044
-0.396256,-0.398452,1.292224,-55.580002,-143.990005,-17.150000,1770467841.417983
-0.158844,-0.267180,1.157780,-55.090000,-156.169998,-13.160000,1770467841.426043
0.013908,-0.134688,1.008940,-54.880001,-162.119995,-5.880000,1770467841.433981
0.111020,0.014152,0.851560,-53.900002,-158.410004,-0.140000,1770467841.441958
0.178364,0.082716,0.691740,-53.130001,-152.389999,-4.690000,1770467841.449955
0.223748,0.193980,0.506056,-49.910000,-150.639999,-11.410000,1770467841.458025
0.398940,0.465552,0.288164,-23.240000,-157.850006,23.170000,1770467841.465958
0.324520,0.384056,0.184220,-7.070000,-149.100006,39.130001,1770467841.473944
0.315004,0.387228,0.059048,7.000000,-134.610001,58.240002,1770467841.481959
0.308416,0.371856,-0.015860,23.100000,-119.000000,60.200001,1770467841.489972
0.304024,0.348188,-0.055144,36.189999,-96.879997,60.830002,1770467841.497998
0.291580,0.340380,-0.057096,51.869999,-70.000000,61.459999,1770467841.505974
0.281088,0.347212,-0.028304,58.380001,-40.110001,53.200001,1770467841.513964
0.277672,0.350628,0.032940,54.669998,-10.360000,47.529999,1770467841.521972
0.282064,0.359656,0.130540,48.299999,18.900000,39.549999,1770467841.529951
0.294752,0.371856,0.269376,40.810001,49.209999,35.560001,1770467841.537944
0.333304,0.355264,0.472384,35.770000,77.209999,32.830002,1770467841.545969
0.376248,0.299876,0.740784,28.559999,101.849998,29.540001,1770467841.554001
0.367708,0.204472,1.002840,18.410000,124.040001,18.480000,1770467841.562121
0.319640,0.076128,1.216340,11.130000,140.419998,2.100000,1770467841.569971
0.235460,-0.025132,1.392508,5.250000,158.270004,-7.560000,1770467841.577960
0.154696,-0.161772,1.620892,8.470000,169.610001,-10.780000,1770467841.585964
0.071248,-0.261080,2.039840,2.520000,172.690002,-9.800000,1770467841.593993
-0.141032,-0.328668,2.488800,1.680000,179.830002,-3.780000,1770467841.602010
-0.298168,-0.474824,2.688636,10.080000,171.149994,9.940000,1770467841.609972
-0.525820,-0.571204,2.662528,9.310000,150.500000,31.290001,1770467841.617960
-0.805688,-0.654164,2.376072,-19.040001,121.519997,6.720000,1770467841.626036
-0.866200,-0.575596,2.024468,-35.490002,83.720001,4.480000,1770467841.634003
-0.890600,-0.459452,1.687260,-47.880001,46.410000,-2.310000,1770467841.641960
-0.840336,-0.363560,1.436916,-50.750000,17.430000,-5.880000,1770467841.649964
-0.747128,-0.254004,1.274168,-54.320000,0.630000,-6.090000,1770467841.657987
-0.646356,-0.128832,1.160220,-52.009998,-10.990000,-12.040000,1770467841.666510
-0.532652,-0.031232,1.051640,-52.779999,-15.540000,-17.570000,1770467841.673959
-0.453108,0.069296,0.930616,-53.200001,-21.209999,-21.490000,1770467841.681959
-0.384544,0.160552,0.796416,-46.410000,-28.770000,-27.440001,1770467841.689967
-0.328668,0.235460,0.658556,-43.470001,-35.980000,-30.799999,1770467841.697988
-0.279136,0.256932,0.529968,-31.570000,-44.520000,-31.219999,1770467841.705963
-0.228872,0.273768,0.416996,-20.580000,-52.430000,-35.209999,1770467841.713967
-0.187148,0.282552,0.325740,-12.110000,-60.200001,-35.139999,1770467841.721961
-0.184464,0.257664,0.261568,-1.540000,-65.239998,-41.650002,1770467841.730053
-0.169824,0.291336,0.194468,6.300000,-68.320000,-49.770000,1770467841.737958
-0.068320,0.450912,0.101992,23.520000,-67.760002,-33.250000,1770467841.746008
-0.052216,0.509472,0.090524,34.790001,-76.230003,-11.970000,1770467841.753972
-0.022692,0.567544,0.086620,36.119999,-83.510002,1.750000,1770467841.761970
0.019276,0.603656,0.097844,39.340000,-89.110001,12.880000,1770467841.770109
0.062952,0.627568,0.120780,39.759998,-88.199997,24.990000,1770467841.777958
0.113948,0.648796,0.146644,49.419998,-82.669998,34.650002,1770467841.786002
0.161284,0.636840,0.203740,56.000000,-69.300003,43.750000,1770467841.793964
0.171532,0.619028,0.305244,61.389999,-45.080002,50.470001,1770467841.801974
0.173240,0.611464,0.460184,61.529999,-15.820000,49.419998,1770467841.810030
0.172020,0.626348,0.665144,51.310001,18.410000,44.730000,1770467841.817972
0.145668,0.639036,0.908656,41.650002,55.160000,33.880001,1770467841.825981
0.043432,0.602680,1.100196,34.230000,88.199997,30.309999,1770467841.833953
-0.135176,0.504592,1.291980,31.080000,115.430000,16.030001,1770467841.841956
-0.380152,0.410408,1.585512,28.420000,135.869995,5.810000,1770467841.850050
-0.647332,0.258640,1.945900,12.810000,146.929993,-11.690000,1770467841.857983
-0.712236,0.083204,2.246996,-4.480000,130.759995,-8.190000,1770467841.865943
-1.027484,-0.272060,2.575420,-21.559999,101.849998,2.800000,1770467841.873969
-1.284172,-0.854488,2.659844,-38.990002,73.849998,-11.270000,1770467841.881992
-1.285880,-1.070916,2.469280,-37.240002,22.190001,-6.230000,1770467841.889971
-1.229028,-1.105808,2.189168,-44.310001,-41.790001,-15.960000,1770467841.898260
-1.072624,-0.928176,1.889048,-49.840000,-94.709999,-13.440000,1770467841.906006
-0.825208,-0.719800,1.673840,-54.740002,-136.990005,-15.820000,1770467841.913968
-0.518256,-0.514108,1.479616,-61.669998,-166.529999,-19.670000,1770467841.921983
-0.232776,-0.328912,1.263188,-64.190002,-186.619995,-9.800000,1770467841.929961
0.000488,-0.182268,1.056764,-59.360001,-196.419998,-3.710000,1770467841.937958
0.150548,-0.037332,0.860100,-45.150002,-197.750000,9.590000,1770467841.946024
0.193492,0.007808,0.720288,-34.580002,-187.320007,13.510000,1770467841.953990
0.303292,0.198128,0.527040,-21.559999,-182.839996,5.320000,1770467841.961966
0.549976,0.467748,0.334280,2.660000,-182.210007,6.370000,1770467841.970030
0.427000,0.411384,0.279380,31.570000,-165.759995,33.950001,1770467841.978442
0.424804,0.408944,0.197640,48.720001,-144.059998,40.599998,1770467841.986155
0.406260,0.439932,0.090036,57.259998,-120.120003,45.779999,1770467841.994115
0.379908,0.482388,-0.006832,61.880001,-91.349998,47.110001,1770467842.002030
0.340868,0.510692,-0.079788,65.519997,-58.450001,46.900002,1770467842.009988
0.298656,0.521428,-0.121268,58.660000,-23.870001,46.689999,1770467842.018012
0.283284,0.502152,-0.139080,51.099998,5.600000,44.520000,1770467842.025958
0.281820,0.470188,-0.122976,42.209999,33.669998,37.450001,1770467842.033938
0.284504,0.448228,-0.044164,28.910000,57.400002,32.060001,1770467842.041964
0.310612,0.420168,0.140788,23.870001,77.000000,27.160000,1770467842.049957
0.381372,0.356972,0.452864,17.080000,91.419998,25.549999,1770467842.058005
0.442128,0.244732,0.843020,14.560000,104.650002,18.270000,1770467842.066066
0.427976,0.113704,1.264652,10.990000,124.599998,10.430000,1770467842.073968
0.378932,-0.076128,1.599420,9.520000,152.949997,4.760000,1770467842.081962
0.407480,-0.342820,1.791448,8.120000,156.380005,9.380000,1770467842.089955
0.336964,-0.549976,2.047404,1.540000,138.949997,24.780001,1770467842.097963
0.061976,-0.527040,2.281400,14.000000,132.160004,43.540001,1770467842.106077
-0.142252,-0.606096,2.448784,23.660000,126.839996,52.360001,1770467842.113966
-0.456524,-0.792024,2.472452,8.330000,138.179993,25.549999,1770467842.121958
-0.564372,-0.722240,2.242116,11.410000,130.830002,24.290001,1770467842.129955
-0.698816,-0.560956,1.981280,8.680000,120.470001,11.200000,1770467842.137951
-0.791292,-0.374296,1.733376,11.410000,105.980003,6.930000,1770467842.145956
-0.807396,-0.165188,1.515728,10.220000,89.110001,-4.060000,1770467842.154034
-0.751276,0.025132,1.376404,0.560000,66.080002,-7.140000,1770467842.161988
-0.662460,0.178608,1.269776,-8.190000,41.439999,-10.500000,1770467842.169983
-0.567788,0.274500,1.153876,-20.299999,23.240000,-13.300000,1770467842.177955
-0.491660,0.318664,1.027972,-26.459999,4.690000,-12.950000,1770467842.185994
-0.410164,0.334036,0.909388,-30.309999,-13.580000,-16.870001,1770467842.194040
-0.340380,0.299388,0.787876,-31.570000,-29.680000,-16.660000,1770467842.201980
-0.305732,0.323056,0.644404,-20.440001,-46.340000,-21.350000,1770467842.209957
-0.262544,0.279136,0.528016,-12.460000,-61.320000,-28.980000,1770467842.217958
-0.229604,0.246928,0.416508,1.330000,-74.480003,-34.299999,1770467842.226035
-0.105164,0.334036,0.281332,20.440001,-86.449997,-22.049999,1770467842.233980
-0.074908,0.388692,0.214476,31.430000,-100.239998,-6.230000,1770467842.241955
-0.058316,0.415532,0.156404,39.759998,-110.459999,-0.700000,1770467842.249953
-0.031720,0.458964,0.093940,38.639999,-114.660004,6.790000,1770467842.257981
0.014396,0.530700,0.035136,37.310001,-116.410004,13.860000,1770467842.265959
0.077592,0.604144,0.004880,39.689999,-112.839996,19.040001,1770467842.274022
0.136640,0.643428,0.011712,43.750000,-105.419998,26.879999,1770467842.281971
0.188612,0.686616,0.041236,45.990002,-92.889999,29.820000,1770467842.289956
0.238388,0.735660,0.095892,44.240002,-73.430000,33.529999,1770467842.297951
0.305244,0.774212,0.226920,35.980000,-46.900002,32.410000,1770467842.306099
0.361120,0.757620,0.434076,23.799999,-14.420000,26.110001,1770467842.313983
0.394548,0.705648,0.701500,1.680000,24.780001,28.700001,1770467842.321976
0.362340,0.599020,0.962336,-20.090000,62.509998,21.840000,1770467842.329996
0.285236,0.412360,1.199504,-45.990002,100.940002,13.020000,1770467842.338038
0.167628,0.180804,1.459364,-53.689999,135.100006,3.080000,1770467842.345968
-0.024644,0.009760,1.868308,-53.900002,167.929993,-10.360000,1770467842.353962
-0.210328,-0.148596,2.366068,-51.730000,197.330002,-12.040000,1770467842.361997
-0.391620,-0.430172,2.788920,-45.009998,206.639999,-12.040000,1770467842.369961
-0.731512,-0.708332,2.886520,-22.820000,210.070007,6.230000,1770467842.377998
-1.047492,-0.963556,2.708400,-16.450001,169.539993,-12.600000,1770467842.386020
-1.175348,-0.818376,2.353624,-25.410000,90.930000,-14.280000,1770467842.393948
-1.170956,-0.613904,1.924184,-44.799999,9.870000,-18.549999,1770467842.402002
-1.000156,-0.445788,1.567700,-51.099998,-64.680000,-14.840000,1770467842.410051
-0.725900,-0.267424,1.339072,-54.529999,-120.750000,-14.980000,1770467842.418383
-0.441152,-0.100284,1.169248,-53.200001,-153.720001,-12.810000,1770467842.425972
-0.201300,0.047092,0.995520,-47.529999,-177.309998,-12.530000,1770467842.433963
-0.014396,0.159088,0.848388,-39.340000,-189.630005,-4.270000,1770467842.441963
0.048312,0.129076,0.729072,-32.200001,-187.529999,-4.760000,1770467842.450032
0.204472,0.182512,0.575108,-27.580000,-181.720001,-16.240000,1770467842.457983
0.345260,0.359412,0.379664,7.980000,-180.320007,24.990000,1770467842.465963
0.395280,0.301340,0.278404,27.090000,-161.839996,41.299999,1770467842.473961
0.387716,0.278404,0.158356,40.459999,-136.779999,53.830002,1770467842.482255
0.379908,0.272304,0.064416,51.099998,-107.449997,55.509998,1770467842.489963
0.367952,0.277672,0.011956,55.650002,-77.419998,57.540001,1770467842.498016
0.350140,0.273036,-0.013664,57.049999,-44.099998,53.759998,1770467842.505981
0.332084,0.267180,-0.028792,54.669998,-10.920000,45.430000,1770467842.513967
0.319396,0.266692,-0.038308,50.400002,21.000000,42.700001,1770467842.521969
0.307684,0.288652,-0.004392,50.189999,53.410000,36.119999,1770467842.529970
0.305244,0.307928,0.099552,43.889999,80.150002,32.480000,1770467842.537957
0.325008,0.333304,0.294020,37.310001,104.370003,30.940001,1770467842.546062
0.382104,0.348676,0.613660,28.139999,123.620003,22.750000,1770467842.553958
0.420656,0.371368,1.003328,13.020000,141.610001,13.510000,1770467842.561974
0.403332,0.257664,1.354932,3.080000,167.160004,2.310000,1770467842.569954
0.335744,0.057584,1.562820,-6.370000,190.820007,-3.150000,1770467842.577975
0.274744,-0.170800,1.699460,-10.080000,198.380005,-0.910000,1770467842.586014
0.189344,-0.310612,1.921988,-13.230000,187.179993,11.690000,1770467842.593972
-0.055144,-0.396500,2.254072,-18.410000,180.740005,24.290001,1770467842.601982
-0.240828,-0.474092,2.380708,-15.750000,169.190002,35.700001,1770467842.609960
-0.532652,-0.542656,2.395104,-13.790000,154.490005,47.320000,1770467842.617969
-0.761280,-0.684908,2.196976,-26.110001,134.889999,19.740000,1770467842.625997
-0.873520,-0.612928,1.929064,-28.559999,109.199997,11.900000,1770467842.633975
-0.945500,-0.437736,1.673596,-31.430000,83.510002,1.050000,1770467842.641963
-0.971852,-0.263032,1.481080,-28.629999,59.290001,-1.610000,1770467842.649964
-0.929396,-0.070516,1.336388,-38.220001,38.779999,-15.330000,1770467842.657963
-0.841312,0.117364,1.215364,-41.790001,18.830000,-23.799999,1770467842.666007
-0.730292,0.234240,1.082384,-46.340000,1.190000,-33.529999,1770467842.673986
-0.607316,0.282796,0.927200,-50.889999,-18.129999,-36.189999,1770467842.682059
-0.502884,0.307196,0.778848,-42.770000,-39.130001,-40.110001,1770467842.689949
-0.398696,0.303292,0.648064,-34.299999,-58.590000,-44.590000,1770467842.697946
-0.319152,0.283040,0.531188,-16.100000,-74.620003,-45.360001,1770467842.705981
-0.260836,0.241072,0.419924,-1.330000,-87.080002,-55.580002,1770467842.713968
-0.144204,0.347944,0.285968,17.639999,-92.750000,-43.470001,1770467842.721988
-0.088084,0.434808,0.219600,44.450001,-100.309998,-32.689999,1770467842.729965
-0.047092,0.459208,0.239852,58.939999,-104.089996,-18.340000,1770467842.738004
-0.015616,0.509960,0.225456,66.290001,-106.750000,-3.080000,1770467842.745980
0.020496,0.553636,0.163968,67.410004,-110.320000,9.380000,1770467842.754343
0.069540,0.580476,0.105652,67.760002,-116.550003,19.250000,1770467842.761967
0.103700,0.607316,0.073200,74.550003,-120.889999,25.340000,1770467842.769957
0.118828,0.615612,0.062464,73.919998,-117.320000,35.980000,1770467842.777960
0.134444,0.612684,0.064416,70.349998,-104.019997,40.669998,1770467842.786009
0.146888,0.603168,0.097356,55.509998,-88.410004,42.070000,1770467842.794044
0.172996,0.581696,0.235460,33.740002,-63.770000,34.650002,1770467842.802270
0.210816,0.546804,0.493856,13.860000,-31.780001,20.860001,1770467842.809961
0.230336,0.475068,0.817400,-3.920000,12.320000,8.050000,1770467842.817966
0.178608,0.337208,1.126304,-16.309999,57.470001,-5.740000,1770467842.825951
0.033184,0.141032,1.418372,-26.530001,98.839996,-19.459999,1770467842.834080
-0.147376,0.002928,1.776076,-31.570000,133.070007,-26.040001,1770467842.841961
-0.349164,-0.122244,2.288232,-27.510000,152.179993,-32.619999,1770467842.849961
-0.590480,-0.374296,2.765740,-28.420000,157.360001,-27.090000,1770467842.857958
-0.927200,-0.747860,2.892620,-25.129999,149.729996,-31.150000,1770467842.865963
-1.036024,-0.902312,2.616656,-17.990000,107.589996,-31.709999,1770467842.874070
-1.078236,-0.907924,2.356064,-18.760000,42.000000,-31.360001,1770467842.881961
-1.037000,-0.722240,2.076684,-25.900000,-30.520000,-29.120001,1770467842.889952
-0.868396,-0.539728,1.787056,-38.360001,-89.669998,-18.059999,1770467842.897941
-0.598776,-0.372832,1.566968,-48.369999,-131.389999,-15.960000,1770467842.905969
-0.325252,-0.227164,1.355664,-56.000000,-162.330002,-9.870000,1770467842.913967
-0.095892,-0.098576,1.099220,-62.230000,-180.039993,-4.200000,1770467842.922007
0.075396,0.023912,0.867420,-57.680000,-191.869995,1.610000,1770467842.929970
0.134200,0.071248,0.699060,-55.580002,-187.529999,4.690000,1770467842.938002
0.251564,0.156404,0.548024,-47.110001,-182.419998,-3.990000,1770467842.946028
0.342332,0.152744,0.424072,-37.660000,-175.839996,-15.260000,1770467842.953965
0.433832,0.289140,0.269132,-8.190000,-157.850006,26.110001,1770467842.961960
0.430416,0.304756,0.139568,13.440000,-135.800003,39.340000,1770467842.970168
0.431392,0.304268,0.023668,19.600000,-111.300003,47.810001,1770467842.978365
0.426512,0.318908,-0.053924,30.450001,-86.800003,50.400002,1770467842.986168
0.402112,0.334280,-0.103212,33.320000,-57.540001,51.590000,1770467842.993975
0.368928,0.339404,-0.115656,38.220001,-23.870001,49.910000,1770467843.002098
0.353312,0.326472,-0.091500,47.180000,10.780000,43.610001,1770467843.009973
0.338916,0.312320,-0.007808,49.000000,43.750000,40.810001,1770467843.017966
0.340868,0.313784,0.113704,48.509998,70.489998,33.950001,1770467843.025962
0.344528,0.307684,0.289628,42.000000,96.110001,29.820000,1770467843.033973
0.368196,0.292556,0.532408,33.320000,116.620003,24.080000,1770467843.041973
0.400160,0.274988,0.819108,26.320000,133.490005,16.799999,1770467843.050122
0.396744,0.212768,1.094340,20.650000,151.410004,0.070000,1770467843.057951
0.360876,0.091012,1.294908,20.299999,171.850006,-9.170000,1770467843.065957
0.283772,-0.075396,1.403732,23.520000,187.250000,-19.459999,1770467843.073957
0.239364,-0.234728,1.523048,25.969999,191.869995,-12.600000,1770467843.081945
0.167384,-0.400404,1.817800,28.910000,178.919998,3.220000,1770467843.089955
-0.048556,-0.469944,2.189900,27.440001,173.809998,16.450001,1770467843.097943
-0.188856,-0.518500,2.431704,30.799999,162.050003,34.439999,1770467843.106080
-0.723460,-0.773724,2.556876,16.100000,161.070007,19.809999,1770467843.113950
-0.706868,-0.634888,2.262124,2.030000,143.500000,5.810000,1770467843.121959
-0.826672,-0.496784,2.022272,-8.750000,121.519997,0.210000,1770467843.129954
-0.884744,-0.323056,1.771684,-18.690001,99.050003,-9.030000,1770467843.137953
-0.897188,-0.163480,1.562576,-26.459999,76.790001,-10.150000,1770467843.145952
-0.847656,-0.010004,1.409588,-37.869999,54.669998,-20.370001,1770467843.153984
-0.774456,0.128344,1.263188,-49.419998,35.560001,-22.260000,1770467843.161958
-0.688812,0.215696,1.100928,-56.419998,16.309999,-27.090000,1770467843.170195
-0.595116,0.252784,0.927200,-58.450001,-0.840000,-32.689999,1770467843.177952
-0.516304,0.275964,0.776164,-53.970001,-16.590000,-38.570000,1770467843.185961
-0.438956,0.285724,0.655140,-46.410000,-32.270000,-42.840000,1770467843.194045
-0.361120,0.276452,0.543144,-35.630001,-45.709999,-46.619999,1770467843.202025
-0.304268,0.293776,0.455060,-23.799999,-56.770000,-53.689999,1770467843.209954
-0.265472,0.270352,0.375516,-11.900000,-65.099998,-61.110001,1770467843.217949
-0.132492,0.353556,0.255956,0.700000,-68.459999,-54.950001,1770467843.225948
-0.047092,0.507764,0.192760,18.340000,-81.900002,-38.220001,1770467843.233965
-0.082716,0.549976,0.172020,26.389999,-91.139999,-10.710000,1770467843.241955
-0.072956,0.615856,0.123708,29.260000,-101.919998,-1.820000,1770467843.249951
-0.031476,0.651236,0.083204,31.850000,-111.650002,14.420000,1770467843.257949
0.003660,0.646356,0.076860,34.299999,-116.760002,17.219999,1770467843.265950
0.065392,0.639768,0.078812,35.560001,-118.510002,30.170000,1770467843.274066
0.102236,0.598776,0.115412,36.119999,-113.889999,39.270000,1770467843.281940
0.137860,0.548512,0.204472,30.870001,-94.220001,39.130001,1770467843.289950
0.185928,0.490684,0.367952,21.209999,-63.910000,35.700001,1770467843.297932
0.238876,0.423584,0.595604,8.750000,-22.750000,21.280001,1770467843.305972
0.273036,0.335744,0.844240,-1.330000,24.430000,11.550000,1770467843.313959
0.247416,0.191540,1.035536,-8.890000,73.779999,0.140000,1770467843.321970
0.129076,0.026596,1.188280,-5.250000,119.139999,-5.880000,1770467843.330096
-0.048800,-0.052460,1.439112,1.680000,156.169998,-15.540000,1770467843.337951
-0.311832,-0.092964,1.878556,16.309999,184.589996,-19.459999,1770467843.345959
-0.668804,-0.309636,2.340692,19.459999,198.380005,-14.490000,1770467843.353959
-1.090192,-0.668316,2.753784,17.010000,189.910004,-11.900000,1770467843.361985
-1.195356,-0.721752,2.560292,19.670000,149.520004,-14.630000,1770467843.369978
-1.311500,-0.766648,2.265784,8.190000,85.050003,-9.870000,1770467843.377968
-1.326872,-0.746640,2.044720,-7.560000,5.250000,-10.150000,1770467843.385960
-1.195112,-0.652456,1.799256,-23.240000,-65.309998,-15.400000,1770467843.393969
-0.941352,-0.505568,1.597712,-42.980000,-121.449997,-12.810000,1770467843.402055
-0.652944,-0.347212,1.438380,-56.000000,-162.399994,-23.379999,1770467843.409985
-0.364780,-0.224968,1.285392,-70.769997,-186.619995,-22.120001,1770467843.417961
-0.117608,-0.109312,1.111908,-78.120003,-202.649994,-20.930000,1770467843.426030
0.073932,0.000732,0.934764,-80.010002,-209.649994,-16.309999,1770467843.433967
0.133956,0.056852,0.791048,-80.010002,-202.160004,-11.060000,1770467843.442078
0.310612,0.112972,0.668560,-74.550003,-194.320007,-18.690001,1770467843.449994
0.400160,0.102480,0.576816,-63.000000,-185.850006,-18.410000,1770467843.457952
0.528504,0.246684,0.428220,-31.570000,-168.979996,21.280001,1770467843.465955
0.518012,0.285236,0.305976,-13.930000,-145.320007,26.250000,1770467843.473959
0.496784,0.331108,0.195932,-4.760000,-118.230003,38.220001,1770467843.481983
0.458720,0.371368,0.102480,1.120000,-91.699997,41.580002,1770467843.489991
0.417972,0.385764,0.037820,1.120000,-59.430000,42.209999,1770467843.497950
0.386740,0.342820,0.006832,-0.280000,-24.780001,45.849998,1770467843.505970
0.363072,0.245708,-0.000732,0.700000,10.080000,35.419998,1770467843.513947
0.351360,0.170556,0.008784,6.370000,46.340000,35.910000,1770467843.521963
0.340380,0.124928,0.055876,17.430000,82.739998,24.920000,1770467843.529958
0.332328,0.116876,0.188368,29.680000,116.410004,23.309999,1770467843.537966
0.349896,0.136884,0.422120,40.320000,143.710007,13.300000,1770467843.546011
0.393328,0.147620,0.747372,42.700001,166.600006,12.670000,1770467843.554020
0.395280,0.135664,1.061888,39.970001,188.509995,2.310000,1770467843.561957
0.343064,0.068808,1.225856,45.849998,211.259995,-5.320000,1770467843.569958
0.235216,-0.053436,1.311012,51.099998,228.199997,0.210000,1770467843.577956
0.077592,-0.168848,1.413492,64.330002,242.619995,3.360000,1770467843.586005
-0.048556,-0.208620,1.616500,71.400002,238.910004,17.709999,1770467843.594043
-0.236680,-0.275720,1.981280,70.629997,214.130005,29.959999,1770467843.602215
-0.517524,-0.303048,2.243336,59.220001,177.940002,50.680000,1770467843.609969
-0.780556,-0.401868,2.270908,36.189999,141.330002,66.220001,1770467843.617968
-1.064328,-0.586332,2.154764,11.200000,108.220001,26.459999,1770467843.626011
-1.118252,-0.630496,1.909544,1.540000,72.730003,28.770000,1770467843.634102
-1.123864,-0.573888,1.681892,-5.880000,43.540001,13.090000,1770467843.641968
-1.083604,-0.475800,1.522804,-10.710000,22.680000,-2.800000,1770467843.649967
-0.996984,-0.325008,1.400316,-15.050000,7.770000,-11.130000,1770467843.657951
-0.884500,-0.157136,1.288564,-23.799999,0.070000,-24.639999,1770467843.666001
-0.758596,0.005368,1.175104,-27.650000,-7.000000,-35.070000,1770467843.673973
-0.645136,0.138592,1.035536,-31.780001,-15.890000,-38.779999,1770467843.681984
-0.546072,0.219356,0.892308,-29.889999,-26.110001,-43.820000,1770467843.690075
-0.466284,0.278648,0.780312,-22.540001,-35.910000,-43.470001,1770467843.697937
-0.383568,0.309392,0.704428,-12.460000,-48.230000,-47.599998,1770467843.705971
-0.315736,0.315492,0.639524,-1.890000,-59.430000,-44.799999,1770467843.713962
-0.284016,0.302316,0.574376,4.970000,-68.389999,-51.240002,1770467843.722062
-0.300608,0.338916,0.446764,13.300000,-73.080002,-49.209999,1770467843.730005
-0.142984,0.461404,0.353800,23.170000,-85.540001,-29.750000,1770467843.737958
-0.109068,0.528016,0.303780,34.860001,-96.879997,-16.450001,1770467843.746025
-0.099064,0.567300,0.260104,41.650002,-105.419998,3.010000,1770467843.753960
-0.079544,0.589260,0.204960,45.779999,-109.620003,17.709999,1770467843.761961
-0.056364,0.616100,0.138104,54.880001,-116.620003,33.180000,1770467843.769957
-0.021472,0.619028,0.101016,63.770000,-125.440002,45.990002,1770467843.777984
0.006344,0.568764,0.116632,70.769997,-127.959999,50.330002,1770467843.785948
0.043188,0.515572,0.143716,72.449997,-126.559998,47.740002,1770467843.794059
0.064904,0.483608,0.180316,63.910000,-117.180000,42.279999,1770467843.801968
0.071492,0.487756,0.235948,47.740002,-100.449997,38.500000,1770467843.809981
0.075884,0.524600,0.328424,18.200001,-76.650002,29.469999,1770467843.817961
0.087108,0.522648,0.488976,-11.340000,-49.209999,17.570000,1770467843.826056
0.088816,0.458232,0.712236,-35.209999,-15.750000,9.870000,1770467843.833963
0.046360,0.293532,0.979172,-41.509998,25.969999,2.450000,1770467843.841963
-0.047580,0.077348,1.287832,-29.540001,63.770000,-7.560000,1770467843.849967
-0.166896,-0.066612,1.704584,-15.120000,93.169998,-3.290000,1770467843.857995
-0.336232,-0.179340,2.235528,-7.000000,102.269997,-8.470000,1770467843.866001
-0.544608,-0.355020,2.707668,-11.690000,98.419998,-3.080000,1770467843.873961
-0.836920,-0.685884,2.823080,-31.570000,86.940002,-9.450000,1770467843.881962
-0.971364,-0.903776,2.540528,-30.870001,56.419998,-19.600000,1770467843.889959
-0.990152,-1.020652,2.315560,-30.309999,12.460000,-19.250000,1770467843.897936
-0.885232,-0.899872,2.031788,-30.100000,-34.860001,-23.030001,1770467843.906102
-0.680516,-0.709552,1.794376,-33.810001,-75.809998,-25.410000,1770467843.913955
-0.411384,-0.515816,1.601128,-42.139999,-109.970001,-19.879999,1770467843.922007
-0.163480,-0.324764,1.404220,-40.040001,-131.389999,-12.250000,1770467843.930062
0.049288,-0.172752,1.222684,-36.119999,-143.779999,-0.140000,1770467843.937956
0.175192,-0.032696,1.042124,-28.420000,-147.070007,8.960000,1770467843.945973
0.224236,0.021228,0.872788,-25.200001,-136.710007,15.120000,1770467843.954101
0.351604,0.166652,0.666852,-18.549999,-136.429993,5.950000,1770467843.961942
0.558516,0.563884,0.454816,3.570000,-135.869995,25.129999,1770467843.970130
0.420168,0.455792,0.439688,14.070000,-123.339996,38.919998,1770467843.978693
0.402600,0.483608,0.364780,12.880000,-108.639999,46.970001,1770467843.986334
0.384788,0.494100,0.269864,11.410000,-88.129997,46.200001,1770467843.994013
0.368440,0.474580,0.187392,3.780000,-62.580002,47.669998,1770467844.002079
0.346724,0.433832,0.118096,0.560000,-37.240002,49.700001,1770467844.010012
0.314516,0.375028,0.053192,-7.350000,-7.770000,45.639999,1770467844.018035
0.272304,0.307440,-0.007564,-11.200000,20.650000,40.459999,1770467844.025947
0.241804,0.242292,-0.064416,-9.870000,45.779999,35.139999,1770467844.033959
0.214476,0.196664,-0.068808,-7.350000,65.589996,27.020000,1770467844.041967
0.198372,0.152744,-0.000976,-1.260000,84.699997,20.020000,1770467844.049968
0.198616,0.129808,0.160308,5.740000,102.970001,11.620000,1770467844.058110
0.231800,0.106628,0.412604,8.470000,115.709999,4.340000,1770467844.065971
0.269132,0.089304,0.742248,10.920000,126.629997,-7.140000,1770467844.073961
0.283772,0.041236,1.071892,11.550000,135.169998,-12.250000,1770467844.081963
0.242536,-0.050264,1.314184,18.200001,149.729996,-20.719999,1770467844.090046
0.177388,-0.158844,1.485228,28.000000,167.929993,-16.170000,1770467844.097941
0.119316,-0.232776,1.639924,41.020000,178.919998,-8.120000,1770467844.105970
0.061244,-0.291824,1.858060,51.450001,174.089996,4.760000,1770467844.113993
-0.081740,-0.413336,2.188192,47.740002,155.259995,24.500000,1770467844.121952
-0.250832,-0.461404,2.346304,45.779999,130.479996,39.689999,1770467844.129950
-0.471896,-0.411872,2.261392,40.320000,101.500000,58.660000,1770467844.137955
-0.728584,-0.589992,2.088396,14.700000,91.489998,31.990000,1770467844.145954
-0.754204,-0.557540,1.875384,10.010000,78.610001,16.309999,1770467844.153998
-0.801784,-0.425536,1.692628,5.670000,68.879997,17.709999,1770467844.161989
-0.816180,-0.252052,1.565748,4.130000,60.270000,8.470000,1770467844.169967
-0.795440,-0.028792,1.478884,-6.790000,52.290001,3.990000,1770467844.178003
-0.741516,0.159576,1.403000,-17.920000,45.430000,-3.430000,1770467844.185957
-0.673684,0.307684,1.279292,-29.260000,36.330002,-12.180000,1770467844.193945
-0.615368,0.408700,1.121668,-35.419998,28.350000,-10.850000,1770467844.201959
-0.565592,0.432612,0.972584,-30.450001,14.630000,-19.320000,1770467844.209999
-0.559248,0.494588,0.835700,-22.889999,2.730000,-27.440001,1770467844.218057
-0.470676,0.444324,0.764940,-3.570000,-11.690000,-37.380001,1770467844.225954
-0.324520,0.560224,0.666608,19.180000,-26.670000,-19.110001,1770467844.233960
-0.322324,0.518012,0.621956,29.680000,-42.000000,-9.170000,1770467844.241952
-0.272548,0.480680,0.528992,37.099998,-58.310001,-11.900000,1770467844.249948
-0.216916,0.421388,0.425292,33.320000,-77.419998,-8.890000,1770467844.257945
-0.158600,0.373076,0.324764,24.430000,-95.129997,-12.040000,1770467844.265942
-0.095648,0.343552,0.238144,13.020000,-111.440002,-10.010000,1770467844.273957
-0.045140,0.325984,0.148840,2.030000,-122.779999,-7.560000,1770467844.281967
-0.020496,0.292068,0.076860,-4.480000,-131.880005,-5.950000,1770467844.289965
0.015128,0.262300,0.007564,-14.140000,-134.960007,-2.170000,1770467844.298002
0.132492,0.280844,-0.036112,-11.900000,-137.130005,10.150000,1770467844.305990
0.144204,0.258396,-0.019276,-4.760000,-127.750000,21.420000,1770467844.313960
0.172996,0.253028,0.050508,3.430000,-105.839996,24.920000,1770467844.321960
0.199836,0.282552,0.201300,12.810000,-75.459999,22.750000,1770467844.329962
0.222284,0.327936,0.426512,13.230000,-33.110001,15.680000,1770467844.338100
0.238632,0.356240,0.708332,14.210000,12.530000,3.990000,1770467844.345951
0.228628,0.305732,1.018212,13.230000,64.750000,0.980000,1770467844.353953
0.139568,0.198372,1.268312,17.990000,115.639999,-0.630000,1770467844.361960
-0.057828,0.088328,1.507920,28.980000,157.149994,0.630000,1770467844.369964
-0.318420,0.024400,1.812920,28.770000,186.830002,2.730000,1770467844.378009
-0.558028,-0.031232,2.110112,23.100000,184.729996,12.600000,1770467844.385986
-1.007964,-0.222284,2.390224,15.680000,165.479996,17.570000,1770467844.393948
-1.298812,-0.562176,2.491484,-7.350000,125.370003,-3.220000,1770467844.401963
-1.369084,-0.708332,2.296040,-10.780000,63.630001,-7.700000,1770467844.410095
-1.362740,-0.750300,2.088152,-19.320000,-6.720000,-18.760000,1770467844.417985
-1.211216,-0.720288,1.907104,-23.240000,-75.389999,-18.129999,1770467844.425980
-0.939644,-0.573644,1.769732,-32.340000,-125.790001,-25.830000,1770467844.433964
-0.605364,-0.385764,1.660908,-41.790001,-159.179993,-25.760000,1770467844.442072
-0.286700,-0.204472,1.553304,-48.230000,-182.070007,-25.410000,1770467844.449957
-0.020740,-0.059048,1.398608,-56.700001,-191.449997,-21.700001,1770467844.457955
0.133956,0.048556,1.192916,-58.310001,-193.830002,-21.910000,1770467844.465959
0.251808,0.090524,0.960628,-63.000000,-186.410004,-23.170000,1770467844.474072
0.369416,0.204472,0.767380,-60.970001,-191.940002,-38.009998,1770467844.481955
0.536556,0.471652,0.563640,-39.340000,-183.050003,-13.720000,1770467844.490067
0.571448,0.377224,0.553636,-28.980000,-168.279999,9.170000,1770467844.497943
0.597556,0.368684,0.471408,-20.790001,-147.070007,21.070000,1770467844.505976
0.594384,0.355996,0.358924,-16.450001,-120.540001,32.270000,1770467844.513959
0.566812,0.345992,0.250832,-9.730000,-88.410004,35.700001,1770467844.521958
0.523136,0.340380,0.157380,-5.810000,-55.299999,40.180000,1770467844.529982
0.472628,0.335500,0.092232,-1.190000,-21.000000,38.709999,1770467844.538049
0.418216,0.300120,0.057828,2.590000,13.510000,33.320000,1770467844.545985
0.368440,0.251320,0.035136,5.180000,46.130001,33.529999,1770467844.553958
0.327448,0.194224,0.018056,7.700000,75.110001,25.340000,1770467844.561957
0.278892,0.171288,0.022936,14.210000,102.480003,19.600000,1770467844.569958
0.240340,0.161284,0.077348,19.180000,123.970001,15.540000,1770467844.577992
0.223260,0.152500,0.203496,26.950001,143.220001,11.060000,1770467844.585997
0.232288,0.142496,0.411628,28.629999,160.720001,7.490000,1770467844.594085
0.253272,0.133468,0.702720,29.680000,178.080002,3.080000,1770467844.601959
0.240340,0.107848,0.966728,38.849998,194.949997,-4.830000,1770467844.609970
0.178852,0.030012,1.146556,45.849998,211.259995,-8.050000,1770467844.617972
0.091744,-0.059292,1.291004,60.200001,224.139999,-3.500000,1770467844.626003
-0.028548,-0.098088,1.449848,68.110001,230.160004,-0.350000,1770467844.633967
-0.172020,-0.084668,1.661396,71.750000,219.800003,12.320000,1770467844.641964
-0.350140,-0.065392,1.949316,67.269997,191.520004,22.260000,1770467844.649956
-0.520940,-0.076860,2.104988,58.310001,150.639999,40.459999,1770467844.657953
-0.747128,-0.116632,2.136220,52.779999,101.080002,53.060001,1770467844.665988
-0.960628,-0.282552,2.152568,36.540001,71.400002,49.490002,1770467844.674001
-1.099220,-0.307196,1.948096,25.200001,39.340000,17.709999,1770467844.681967
-1.092388,-0.268156,1.782176,21.350000,11.270000,10.290000,1770467844.689962
-1.050420,-0.148840,1.642364,15.540000,-9.800000,-1.400000,1770467844.697939
-0.976488,0.002684,1.523048,13.650000,-18.760000,-7.070000,1770467844.706154
-0.867664,0.154696,1.417396,8.330000,-24.010000,-12.390000,1770467844.713965
-0.758352,0.327448,1.297592,5.880000,-28.209999,-17.570000,1770467844.721964
-0.639036,0.418948,1.178276,7.000000,-38.150002,-19.250000,1770467844.729962
-0.538996,0.441396,1.053348,2.030000,-51.869999,-27.299999,1770467844.737963
-0.451888,0.385276,0.919880,3.080000,-69.650002,-29.540001,1770467844.746008
-0.371856,0.333304,0.751764,2.800000,-88.199997,-39.970001,1770467844.753959
-0.228140,0.383812,0.589992,7.630000,-108.220001,-28.700001,1770467844.761961
-0.191540,0.374540,0.510448,11.480000,-126.980003,-25.969999,1770467844.769958
-0.140788,0.402356,0.421632,9.520000,-136.850006,-26.320000,1770467844.777964
-0.091500,0.426756,0.333304,12.180000,-137.550003,-28.910000,1770467844.786009
-0.041480,0.453108,0.250588,10.150000,-133.770004,-32.830002,1770467844.793954
0.074908,0.524356,0.173972,17.010000,-133.419998,-23.240000,1770467844.801961
0.089060,0.521184,0.156404,20.020000,-127.820000,-20.930000,1770467844.810003
0.115900,0.495320,0.133468,15.750000,-121.309998,-15.610000,1770467844.818048
0.142984,0.436760,0.108824,15.750000,-114.449997,-15.190000,1770467844.825964
0.180804,0.360388,0.122000,17.570000,-105.209999,-21.000000,1770467844.833957
0.222528,0.259128,0.172996,17.990000,-92.330002,-21.350000,1770467844.841968
0.259372,0.149084,0.265228,21.000000,-76.089996,-28.000000,1770467844.849986
0.284504,0.068808,0.406016,19.879999,-55.369999,-33.389999,1770467844.857961
0.284748,0.022692,0.587796,15.960000,-32.480000,-34.230000,1770467844.866076
0.237900,-0.000488,0.799588,9.660000,-8.120000,-38.709999,1770467844.873955
0.152988,-0.070516,1.001864,-0.630000,15.680000,-38.430000,1770467844.881959
0.077104,-0.124196,1.251720,0.910000,38.009998,-39.549999,1770467844.890043
-0.011468,-0.187148,1.620648,2.310000,53.200001,-37.310001,1770467844.897943
-0.079544,-0.219112,2.056920,1.540000,52.290001,-40.459999,1770467844.905948
-0.219356,-0.263764,2.422188,-11.760000,47.320000,-42.349998,1770467844.913975
-0.324764,-0.351604,2.515884,-23.799999,36.750000,-26.600000,1770467844.921959
-0.396744,-0.379664,2.422432,-26.320000,22.330000,-17.080000,1770467844.929990
-0.516792,-0.530456,2.301896,-35.000000,16.660000,-14.840000,1770467844.937956
-0.467504,-0.531188,2.016416,-40.040001,3.850000,-32.480000,1770467844.946010
-0.338916,-0.391864,1.760948,-40.250000,-12.040000,-28.559999,1770467844.954064
-0.235216,-0.197884,1.567944,-43.259998,-25.480000,-19.950001,1770467844.961964
-0.138592,-0.008296,1.422764,-44.450001,-35.910000,-14.000000,1770467844.969983
-0.041236,0.122488,1.286368,-51.029999,-43.540001,-7.910000,1770467844.978060
0.035868,0.195444,1.156072,-56.910000,-45.430000,-3.150000,1770467844.986903
0.061732,0.185440,1.017236,-62.860001,-40.669998,-5.530000,1770467844.994163
0.101748,0.182268,0.854000,-65.099998,-34.930000,-8.610000,1770467845.001970
0.174704,0.288408,0.677344,-55.509998,-30.660000,0.420000,1770467845.010001
0.244976,0.302316,0.559004,-45.220001,-28.139999,38.080002,1770467845.018003
0.214720,0.321836,0.458232,-40.529999,-22.750000,39.549999,1770467845.026104
0.204716,0.356972,0.366000,-38.220001,-20.650000,49.139999,1770467845.033938
0.192760,0.384788,0.283772,-35.560001,-15.540000,49.209999,1770467845.041961
0.172752,0.417972,0.218624,-24.570000,-12.670000,50.049999,1770467845.049971
0.165676,0.412116,0.189100,-18.969999,-7.560000,51.029999,1770467845.057946
0.152012,0.379420,0.170556,-10.990000,0.910000,47.320000,1770467845.065996
0.142496,0.316468,0.164212,-5.320000,11.760000,46.549999,1770467845.073979
0.134444,0.262544,0.165188,0.980000,24.850000,41.720001,1770467845.081958
0.116144,0.225212,0.156404,11.550000,37.240002,35.139999,1770467845.089954
0.093940,0.210328,0.161772,20.650000,50.959999,24.990000,1770467845.097986
0.083448,0.191052,0.217404,29.959999,63.630001,19.180000,1770467845.106029
0.084180,0.178120,0.337208,38.430000,70.629997,8.470000,1770467845.113964
0.097600,0.180316,0.560956,42.840000,77.980003,2.310000,1770467845.121939
0.104432,0.203496,0.850340,49.770000,85.050003,-8.890000,1770467845.129950
0.095160,0.190808,1.129720,52.080002,92.190002,-16.730000,1770467845.137950
0.057828,0.135908,1.302960,60.970001,103.529999,-17.430000,1770467845.146030
0.008052,0.062952,1.435696,73.290001,114.029999,-17.570000,1770467845.153956
-0.029280,-0.009272,1.623576,83.440002,115.849998,-6.300000,1770467845.161955
-0.087352,-0.073932,1.902956,88.129997,101.639999,8.470000,1770467845.169948
-0.222528,-0.114192,2.134756,79.449997,80.500000,28.490000,1770467845.177971
-0.348188,-0.117852,2.213812,71.959999,62.160000,36.820000,1770467845.185955
-0.442372,-0.153232,2.194780,59.849998,40.599998,45.849998,1770467845.193948
-0.594384,-0.234728,2.103036,43.330002,42.070000,47.459999,1770467845.201960
-0.826672,-0.368196,1.947120,25.760000,45.570000,34.860001,1770467845.210257
-0.699060,-0.235704,1.748992,17.990000,44.099998,13.510000,1770467845.217883
-0.719556,-0.114924,1.603080,11.760000,43.119999,2.870000,1770467845.225951
-0.694668,0.053436,1.493036,1.680000,36.400002,-4.970000,1770467845.233947
-0.639036,0.211060,1.383236,-14.700000,25.200001,-10.500000,1770467845.241956
-0.570228,0.321348,1.245132,-29.540001,7.630000,-15.750000,1770467845.249954
-0.489220,0.380884,1.109224,-46.340000,-9.800000,-17.219999,1770467845.257949
-0.406504,0.387228,0.980392,-57.540001,-27.440001,-25.480000,1770467845.265956
-0.316712,0.364292,0.855464,-62.790001,-41.790001,-31.570000,1770467845.274034
-0.233020,0.340136,0.760060,-60.970001,-51.380001,-37.520000,1770467845.281969
-0.169580,0.321348,0.677344,-53.340000,-57.680000,-38.779999,1770467845.289948
-0.131760,0.307440,0.588772,-41.509998,-58.450001,-41.650002,1770467845.297934
-0.120292,0.264740,0.488488,-28.770000,-57.750000,-46.130001,1770467845.305943
-0.117120,0.237412,0.384544,-19.530001,-54.040001,-54.110001,1770467845.313977
-0.040504,0.285236,0.275964,-7.630000,-46.970001,-40.110001,1770467845.322006
0.004880,0.408212,0.200568,8.890000,-56.000000,-25.480000,1770467845.329965
-0.024400,0.416508,0.196176,15.960000,-60.900002,-16.940001,1770467845.337960
-0.013420,0.424560,0.185440,21.350000,-64.400002,-5.320000,1770467845.345972
0.007320,0.408212,0.176900,21.980000,-69.019997,-3.640000,1770467845.353975
0.027572,0.363316,0.170800,20.020000,-71.889999,4.970000,1770467845.362051
0.049776,0.286456,0.189588,20.090000,-70.000000,7.280000,1770467845.369968
0.071736,0.203008,0.250100,15.540000,-59.430000,9.870000,1770467845.377965
0.083204,0.124196,0.351116,13.300000,-42.630001,6.370000,1770467845.386000
0.077836,0.062220,0.511180,3.430000,-22.540001,7.840000,1770467845.393963
0.040260,0.025132,0.719800,-6.230000,1.540000,5.880000,1770467845.401959
-0.015860,-0.015860,0.920124,-6.580000,25.760000,2.310000,1770467845.410093
-0.050020,-0.081008,1.104344,-1.540000,44.450001,-2.800000,1770467845.418008
-0.137372,-0.146400,1.319796,10.290000,56.910000,-4.760000,1770467845.425983
-0.282552,-0.134688,1.596980,10.990000,65.660004,-5.670000,1770467845.434073
-0.400160,-0.112972,1.972740,0.770000,71.400002,-13.160000,1770467845.441957
-0.477508,-0.182268,2.213568,-19.040001,67.760002,-12.810000,1770467845.450062
-0.561444,-0.297192,2.303848,-37.660000,59.500000,-10.010000,1770467845.457981
-0.611952,-0.423584,2.341180,-36.470001,45.779999,1.400000,1770467845.465957
-0.637816,-0.440908,2.283108,-35.139999,23.940001,6.090000,1770467845.473953
-0.604144,-0.356972,2.120360,-42.490002,-7.140000,8.120000,1770467845.481962
-0.529724,-0.247904,1.913204,-53.970001,-37.240002,5.320000,1770467845.489963
-0.392596,-0.125660,1.694824,-67.900002,-58.590000,-3.500000,1770467845.497957
-0.233508,-0.040260,1.491816,-74.199997,-70.980003,-4.620000,1770467845.505959
-0.078324,-0.002684,1.260260,-75.949997,-78.750000,-6.650000,1770467845.514006
0.043432,0.015128,1.060180,-73.220001,-85.330002,-1.960000,1770467845.521989
0.115900,0.042944,0.887672,-65.870003,-85.750000,-2.730000,1770467845.529950
0.165432,0.068076,0.735904,-62.090000,-81.199997,-2.520000,1770467845.537943
0.244976,0.192760,0.566812,-50.330002,-84.910004,-10.920000,1770467845.546009
0.482632,0.634888,0.288408,-31.850000,-92.330002,-1.050000,1770467845.553951
0.334768,0.492636,0.375028,-11.970000,-96.529999,14.560000,1770467845.561967
0.362340,0.563396,0.350628,-3.290000,-92.889999,21.070000,1770467845.569960
0.374784,0.575596,0.340868,-4.340000,-82.739998,29.049999,1770467845.577958
0.385520,0.557540,0.307928,-6.580000,-65.519997,32.619999,1770467845.586025
0.372100,0.544852,0.249612,-6.930000,-42.560001,33.040001,1770467845.594015
0.342088,0.526308,0.174948,-9.520000,-17.500000,30.379999,1770467845.601964
0.311588,0.480436,0.115168,-5.600000,10.290000,23.309999,1770467845.610024
0.297192,0.406016,0.076128,-0.770000,41.650002,20.299999,1770467845.618019
0.279380,0.337208,0.077592,11.760000,70.629997,16.100000,1770467845.625956
0.256932,0.305000,0.158112,22.540001,98.980003,10.850000,1770467845.633945
0.264496,0.316224,0.351604,35.419998,121.099998,11.830000,1770467845.641964
0.275476,0.341356,0.608048,47.459999,142.520004,4.130000,1770467845.649990
0.263520,0.324276,0.869372,50.049999,162.190002,4.130000,1770467845.657961
0.213744,0.270840,1.096780,57.470001,182.139999,0.910000,1770467845.666008
0.113704,0.209596,1.254648,64.050003,199.080002,1.470000,1770467845.673955
-0.027084,0.145668,1.400560,70.629997,210.070007,7.840000,1770467845.682001
-0.166896,0.114924,1.617232,77.559998,208.250000,14.700000,1770467845.689963
-0.329156,0.100284,1.902712,70.000000,191.380005,26.320000,1770467845.697946
-0.525088,0.029768,2.117920,55.509998,161.490005,31.920000,1770467845.705961
-0.628544,-0.085888,2.188192,43.610001,114.379997,50.470001,1770467845.713964
-0.919880,-0.318908,2.168428,33.110001,78.959999,63.980000,1770467845.721967
-1.052860,-0.598532,2.013488,9.870000,45.150002,27.580000,1770467845.729960
-1.054324,-0.705892,1.816580,0.910000,18.340000,9.170000,1770467845.737965
-1.025288,-0.691984,1.616500,-7.210000,-2.100000,2.660000,1770467845.746041
-0.964776,-0.615612,1.464244,-16.660000,-12.250000,-9.380000,1770467845.753993
-0.860100,-0.447252,1.362496,-21.070000,-16.660000,-14.000000,1770467845.762024
-0.729316,-0.229116,1.293688,-21.209999,-22.750000,-23.030001,1770467845.769957
-0.584136,-0.018544,1.225124,-27.230000,-34.020000,-25.549999,1770467845.777957
-0.471408,0.155428,1.124352,-25.410000,-47.810001,-25.690001,1770467845.785984
-0.364536,0.260104,1.012356,-23.799999,-60.900002,-30.100000,1770467845.794010
-0.272060,0.313296,0.900360,-14.560000,-74.339996,-26.389999,1770467845.801967
-0.209108,0.324032,0.785924,-7.420000,-86.870003,-31.500000,1770467845.810114
-0.171288,0.331840,0.664900,-0.280000,-95.550003,-36.959999,1770467845.818007
-0.133224,0.395524,0.513864,13.650000,-91.419998,-41.930000,1770467845.825965
-0.001708,0.488000,0.375516,21.280001,-103.879997,-34.720001,1770467845.833956
0.047580,0.494100,0.306952,30.240000,-113.680000,-21.629999,1770467845.841956
0.066612,0.513132,0.243512,24.920000,-119.000000,-17.290001,1770467845.849974
0.092964,0.521184,0.183488,19.879999,-124.459999,-12.950000,1770467845.857967
0.125660,0.499956,0.114436,10.570000,-124.879997,-6.790000,1770467845.865959
0.148840,0.434076,0.069540,-0.770000,-121.870003,-1.540000,1770467845.873994
0.167384,0.430660,0.034404,-2.800000,-106.400002,6.580000,1770467845.881971
0.191296,0.355752,0.067588,1.120000,-85.889999,10.500000,1770467845.889961
0.213256,0.282796,0.176412,3.990000,-58.240002,8.890000,1770467845.897942
0.217648,0.236680,0.367952,7.770000,-17.920000,5.810000,1770467845.905960
0.199348,0.183732,0.650016,3.430000,24.219999,-5.320000,1770467845.913970
0.164212,0.101748,0.932812,-3.640000,67.480003,-14.000000,1770467845.921961
0.063440,-0.026108,1.142408,2.870000,109.830002,-23.799999,1770467845.930070
-0.087596,-0.121756,1.309060,9.800000,141.820007,-18.549999,1770467845.937955
-0.306952,-0.144204,1.568188,17.920000,150.779999,-20.370001,1770467845.946011
-0.663436,-0.178852,1.913204,10.360000,145.600006,-16.100000,1770467845.953964
-1.037732,-0.373320,2.168916,-8.330000,120.400002,-43.540001,1770467845.961975
-1.073356,-0.401868,2.232844,-17.430000,76.510002,-53.830002,1770467845.970156
-1.094828,-0.561688,2.192584,-28.070000,8.680000,-46.270000,1770467845.979749
-0.999180,-0.723948,2.089128,-30.100000,-39.689999,-40.669998,1770467845.986796
-0.826672,-0.743712,1.982988,-33.320000,-79.099998,-42.700001,1770467845.994037
-0.597312,-0.615612,1.880264,-38.430000,-109.690002,-43.750000,1770467846.002024
-0.346236,-0.420656,1.746552,-46.900002,-132.509995,-43.889999,1770467846.009965
-0.111508,-0.239120,1.574044,-57.119999,-142.800003,-39.200001,1770467846.017982
0.071004,-0.078812,1.348100,-61.529999,-146.860001,-37.169998,1770467846.026086
0.144204,0.049776,1.102636,-61.320000,-148.960007,-32.270000,1770467846.033973
0.204716,0.141032,0.878644,-63.980000,-144.830002,-36.049999,1770467846.041958
0.303292,0.233752,0.728584,-61.669998,-155.750000,-51.099998,1770467846.049962
0.448960,0.463844,0.613904,-41.230000,-159.740005,-8.120000,1770467846.057959
0.503372,0.473360,0.564372,-33.669998,-149.729996,9.590000,1770467846.066005
0.548024,0.457500,0.491660,-30.450001,-134.889999,19.809999,1770467846.074063
0.556564,0.413824,0.376492,-24.780001,-113.889999,28.840000,1770467846.081960
0.539972,0.362828,0.239852,-13.230000,-88.970001,35.910000,1770467846.089958
0.494588,0.344284,0.118828,-3.360000,-59.220001,35.349998,1770467846.097945
0.432612,0.349408,0.024156,6.230000,-27.020000,37.450001,1770467846.106046
0.377468,0.303536,-0.014884,9.660000,7.070000,31.150000,1770467846.114055
0.337452,0.226188,-0.028548,15.120000,42.840000,22.400000,1770467846.121956
0.302316,0.177876,-0.032208,24.780001,78.959999,13.300000,1770467846.129956
0.266692,0.174216,0.023424,37.869999,112.910004,7.000000,1770467846.137979
0.248392,0.188856,0.147376,52.220001,142.800003,2.520000,1770467846.145937
0.253028,0.216184,0.368440,62.230000,167.789993,-0.910000,1770467846.153963
0.277916,0.243024,0.702476,66.849998,188.300003,-0.910000,1770467846.161956
0.269620,0.241316,1.038952,74.339996,207.059998,-8.120000,1770467846.169954
0.207400,0.188124,1.231224,72.660004,222.389999,-9.800000,1770467846.178158
0.081496,0.089792,1.358836,79.309998,233.309998,-9.380000,1770467846.185936
-0.097112,0.024156,1.500600,84.769997,234.710007,-5.670000,1770467846.193963
-0.278404,-0.008052,1.721420,81.339996,218.960007,4.550000,1770467846.201961
-0.480436,-0.027816,2.056188,70.349998,183.750000,18.340000,1770467846.209948
-0.677832,-0.090036,2.220644,49.490002,133.210007,38.570000,1770467846.217963
-1.046516,-0.279868,2.184288,32.970001,92.959999,54.950001,1770467846.226032
-1.214876,-0.590724,2.024712,9.450000,62.090000,18.480000,1770467846.233958
-1.199992,-0.732244,1.830488,3.990000,28.980000,3.010000,1770467846.241960
-1.152900,-0.707600,1.651392,0.910000,0.980000,-7.210000,1770467846.249952
-1.070672,-0.596824,1.514020,-4.690000,-17.219999,-18.410000,1770467846.257986
-0.953552,-0.429440,1.431304,-12.670000,-25.200001,-27.790001,1770467846.265981
-0.811300,-0.228384,1.364448,-20.090000,-28.559999,-32.900002,1770467846.273963
-0.668072,-0.039528,1.286856,-31.360001,-33.599998,-41.090000,1770467846.281942
-0.550220,0.091012,1.174128,-41.930000,-40.529999,-44.939999,1770467846.289950
-0.437492,0.155428,1.046516,-46.970001,-49.770000,-51.590000,1770467846.297955
-0.345504,0.198616,0.910120,-44.869999,-59.080002,-54.599998,1770467846.306006
-0.263276,0.229848,0.784216,-36.680000,-70.629997,-61.110001,1770467846.314012
-0.188124,0.274988,0.673928,-25.340000,-79.870003,-56.840000,1770467846.321963
-0.183488,0.294508,0.581452,-8.190000,-85.750000,-64.959999,1770467846.329957
-0.146888,0.401624,0.467260,10.430000,-89.879997,-62.230000,1770467846.337981
-0.017568,0.522892,0.358680,32.970001,-90.790001,-47.950001,1770467846.346100
-0.007564,0.520452,0.348432,39.200001,-103.320000,-29.820000,1770467846.353973
0.018300,0.531432,0.302560,35.000000,-113.610001,-18.270000,1770467846.362000
0.049776,0.523380,0.236192,26.879999,-123.970001,-14.490000,1770467846.369963
0.088572,0.496784,0.161284,19.110001,-133.699997,-3.920000,1770467846.377957
0.124196,0.456036,0.101992,16.870001,-139.720001,-0.210000,1770467846.386013
0.165188,0.418948,0.078080,15.890000,-138.320007,8.400000,1770467846.394128
0.203252,0.386740,0.085644,15.330000,-128.100006,7.910000,1770467846.401966
0.243756,0.355752,0.143228,18.200001,-108.639999,4.690000,1770467846.409962
0.292800,0.345016,0.278892,10.570000,-76.440002,0.070000,1770467846.418112
0.350140,0.350628,0.476532,4.130000,-34.930000,-5.740000,1770467846.425950
0.392596,0.349652,0.729316,-7.910000,12.110000,-7.140000,1770467846.433973
0.399184,0.297680,0.988688,-22.680000,63.279999,-11.060000,1770467846.441991
0.346724,0.176900,1.259284,-22.750000,115.150002,-18.340000,1770467846.449983
0.222528,0.044652,1.558184,-12.880000,163.729996,-25.200001,1770467846.457963
-0.030012,-0.023424,1.945168,1.470000,205.660004,-31.709999,1770467846.465959
-0.309392,-0.140300,2.275300,3.080000,225.820007,-30.940001,1770467846.474094
-0.578768,-0.328424,2.513200,8.540000,213.710007,-23.170000,1770467846.481957
-0.875472,-0.497760,2.486604,10.780000,185.149994,-13.720000,1770467846.489956
-1.176080,-0.652700,2.240652,-5.110000,118.720001,-30.870001,1770467846.497966
-1.279780,-0.717848,2.040328,-12.600000,44.869999,-36.330002,1770467846.505954
-1.229516,-0.692472,1.797060,-24.430000,-30.660000,-37.380001,1770467846.514089
-1.036512,-0.574132,1.563064,-32.900002,-89.739998,-35.840000,1770467846.521960
-0.765916,-0.419436,1.400316,-37.099998,-136.289993,-42.700001,1770467846.529954
-0.487512,-0.267424,1.261236,-45.779999,-162.119995,-40.110001,1770467846.537939
-0.222284,-0.128344,1.112884,-47.250000,-177.520004,-41.790001,1770467846.546000
-0.017812,0.006100,0.955260,-46.900002,-183.259995,-30.379999,1770467846.553970
0.089792,0.098088,0.823012,-47.810001,-180.179993,-27.510000,1770467846.561992
0.164944,0.113216,0.721264,-43.889999,-166.880005,-34.650002,1770467846.570020
0.364048,0.177144,0.556320,-32.340000,-163.660004,-30.240000,1770467846.578005
0.473604,0.301828,0.533872,-3.220000,-145.669998,8.540000,1770467846.585971
0.476044,0.360144,0.439688,3.570000,-131.669998,25.549999,1770467846.593984
0.465308,0.385032,0.343308,8.260000,-110.389999,38.919998,1770467846.601975
0.433100,0.411872,0.244732,15.750000,-85.120003,45.639999,1770467846.610031
0.388448,0.413092,0.171532,16.450001,-56.139999,51.380001,1770467846.617978
0.353556,0.370392,0.143472,23.520000,-27.160000,47.740002,1770467846.625958
0.315980,0.299144,0.124196,25.969999,4.970000,47.880001,1770467846.633990
0.276696,0.237168,0.103944,30.100000,34.860001,42.209999,1770467846.641985
0.241560,0.206668,0.102480,40.110001,60.410000,30.590000,1770467846.649950
0.212768,0.180560,0.157624,45.779999,82.739998,26.600000,1770467846.657988
0.206424,0.150792,0.282064,48.860001,101.639999,15.260000,1770467846.666120
0.226432,0.122732,0.493124,47.740002,115.919998,10.640000,1770467846.673953
0.254492,0.084912,0.785192,39.549999,130.270004,2.590000,1770467846.681981
0.243268,0.033916,1.025532,36.540001,141.539993,-1.050000,1770467846.689988
0.173240,-0.048556,1.184864,35.630001,155.399994,-9.590000,1770467846.698096
0.092476,-0.139812,1.287832,46.130001,167.369995,-5.110000,1770467846.705960
-0.002928,-0.199592,1.423740,56.279999,169.610001,0.070000,1770467846.713957
-0.119560,-0.259128,1.658224,57.540001,155.539993,14.000000,1770467846.721969
-0.292556,-0.236680,1.968592,54.180000,132.509995,21.280001,1770467846.729960
-0.462624,-0.230580,2.114260,43.189999,101.080002,35.349998,1770467846.737958
-0.684908,-0.279380,2.127436,32.759998,78.959999,45.849998,1770467846.746009
-0.939888,-0.506056,2.083760,9.800000,56.070000,16.730000,1770467846.754001
-0.979660,-0.524844,1.911496,-3.150000,35.770000,12.180000,1770467846.761980
-1.004060,-0.458232,1.718248,-5.670000,16.309999,-0.140000,1770467846.769962
-0.987956,-0.320616,1.547936,-10.360000,-0.350000,-2.870000,1770467846.777996
-0.917440,-0.157136,1.446432,-16.100000,-13.440000,-11.270000,1770467846.785950
-0.802028,0.014884,1.379332,-22.400000,-24.010000,-19.809999,1770467846.793971
-0.676368,0.158356,1.308328,-35.560001,-32.270000,-20.580000,1770467846.801965
-0.560468,0.265960,1.206336,-41.860001,-39.200001,-20.930000,1770467846.809961
-0.463112,0.340868,1.073844,-43.750000,-48.369999,-19.879999,1770467846.817976
-0.399428,0.350384,0.951844,-37.380001,-56.910000,-20.090000,1770467846.825989
-0.349896,0.324032,0.830332,-27.580000,-66.430000,-25.059999,1770467846.833957
-0.283040,0.308172,0.728828,-9.800000,-75.250000,-29.120001,1770467846.841980
-0.150548,0.395524,0.617564,13.860000,-87.919998,-12.250000,1770467846.850034
-0.133468,0.388936,0.576816,22.889999,-99.750000,-10.570000,1770467846.857957
-0.095892,0.391864,0.489952,26.110001,-110.879997,-15.330000,1770467846.865981
-0.040504,0.348432,0.397476,14.560000,-125.019997,-22.260000,1770467846.874041
-0.011224,0.331352,0.297680,3.010000,-131.669998,-25.480000,1770467846.881995
-0.038796,0.353800,0.186904,-3.710000,-128.100006,-21.910000,1770467846.889960
0.086376,0.461648,0.059048,-5.110000,-131.529999,-16.240000,1770467846.897951
0.103944,0.420656,0.016836,-6.440000,-135.940002,1.330000,1770467846.906042
0.151036,0.413580,0.000732,-9.450000,-139.789993,1.750000,1770467846.914182
0.218380,0.366732,0.024888,-5.320000,-136.429993,3.430000,1770467846.921966
0.305732,0.273524,0.106872,0.000000,-122.989998,3.990000,1770467846.930534
0.371124,0.234728,0.226676,6.650000,-102.760002,-2.240000,1770467846.937963
0.429440,0.238632,0.387716,8.120000,-69.860001,1.330000,1770467846.945965
0.453840,0.253028,0.591212,-3.220000,-26.879999,-1.960000,1770467846.953959
0.464576,0.255712,0.793000,-13.790000,19.879999,0.630000,1770467846.961971
0.450668,0.173972,1.007232,-19.950001,66.080002,-7.070000,1770467846.970254
0.370392,0.031720,1.211460,-21.070000,113.260002,-9.450000,1770467846.978408
0.282064,-0.100284,1.437404,-5.530000,157.570007,-13.020000,1770467846.986291
0.201544,-0.205448,1.764852,6.090000,186.759995,-10.570000,1770467846.994061
-0.018544,-0.295972,2.087908,13.020000,198.729996,-0.490000,1770467847.001975
-0.279624,-0.430904,2.326052,20.790001,191.729996,13.300000,1770467847.009977
-0.676612,-0.572668,2.488800,21.000000,178.500000,24.990000,1770467847.018101
-0.906216,-0.694668,2.379244,8.120000,145.809998,2.310000,1770467847.025968
-1.018944,-0.642696,2.203076,-2.240000,97.510002,-7.910000,1770467847.033973
-1.039928,-0.526308,1.970056,-18.340000,45.919998,-1.820000,1770467847.041963
-0.958676,-0.380884,1.711660,-28.070000,-4.410000,-8.890000,1770467847.049955
-0.778116,-0.202520,1.528660,-38.360001,-44.520000,-8.120000,1770467847.058030
-0.556320,-0.039284,1.395192,-43.889999,-72.239998,-14.420000,1770467847.065955
-0.343796,0.106140,1.257576,-52.779999,-88.199997,-13.860000,1770467847.073966
-0.165188,0.221796,1.107272,-57.820000,-95.129997,-10.570000,1770467847.081947
-0.071980,0.252052,0.963556,-61.180000,-97.580002,-11.900000,1770467847.089957
0.000244,0.262056,0.797392,-63.910000,-93.660004,-16.450001,1770467847.097950
0.116632,0.297192,0.625616,-49.209999,-78.400002,-2.310000,1770467847.105999
0.240340,0.375516,0.569008,-26.879999,-80.989998,35.630001,1770467847.113954
0.244000,0.377956,0.524600,-13.440000,-76.440002,44.660000,1770467847.121967
0.267180,0.375516,0.469944,-2.310000,-64.190002,54.180000,1770467847.129958
0.284504,0.383568,0.414800,9.450000,-48.790001,57.540001,1770467847.137969
0.284016,0.372100,0.378688,19.670000,-33.320000,59.150002,1770467847.145956
0.277672,0.328180,0.363072,25.760000,-14.770000,60.900002,1770467847.153951
0.265228,0.284748,0.359900,25.059999,2.030000,59.500000,1770467847.161949
0.259128,0.262056,0.364536,27.650000,17.850000,56.419998,1770467847.169957
0.252784,0.256688,0.351848,30.309999,32.200001,46.060001,1770467847.178034
0.236924,0.261812,0.328912,34.860001,43.400002,42.279999,1770467847.185974
0.210816,0.257420,0.327936,39.200001,54.320000,33.320000,1770467847.194298
0.193980,0.218624,0.348920,44.099998,65.660004,29.610001,1770467847.202000
0.190320,0.159576,0.436516,56.209999,70.139999,15.260000,1770467847.210026
0.209352,0.103456,0.604144,62.090000,71.610001,4.480000,1770467847.217946
0.219844,0.048068,0.840580,71.400002,72.870003,-5.180000,1770467847.225955
0.212036,-0.011712,1.054812,68.459999,74.760002,-12.950000,1770467847.233949
0.194224,-0.102236,1.215608,60.410000,81.410004,-13.160000,1770467847.241951
0.172020,-0.198128,1.309548,56.630001,80.779999,-8.680000,1770467847.249978
0.172020,-0.409188,1.460340,43.189999,70.839996,8.960000,1770467847.257991
0.077348,-0.424316,1.614548,36.470001,63.840000,27.090000,1770467847.265949
-0.080764,-0.373076,1.779248,36.330002,67.059998,34.860001,1770467847.273953
-0.552172,-0.599020,1.973228,28.629999,85.610001,24.500000,1770467847.281942
-0.492880,-0.433344,1.850008,20.299999,97.720001,9.170000,1770467847.289949
-0.649284,-0.365268,1.787788,16.730000,112.489998,8.050000,1770467847.297932
-0.806176,-0.238388,1.700924,18.410000,121.309998,10.430000,1770467847.306072
-0.955016,-0.039284,1.614548,19.740000,122.290001,5.810000,1770467847.313960
-1.048712,0.207156,1.537444,8.120000,112.279999,12.810000,1770467847.321968
-1.093364,0.421144,1.465220,-1.190000,83.650002,8.400000,1770467847.329965
-1.073356,0.549000,1.359324,-26.879999,43.119999,5.180000,1770467847.337954
-0.987468,0.564860,1.225612,-44.099998,-8.050000,-0.910000,1770467847.345958
-0.849608,0.539240,1.057008,-59.779999,-55.230000,-13.510000,1770467847.354056
-0.683444,0.471408,0.942084,-68.879997,-89.459999,-9.450000,1770467847.361994
-0.513132,0.400648,0.848388,-72.449997,-116.410004,-14.140000,1770467847.369962
-0.300852,0.418704,0.758352,-73.080002,-135.309998,5.600000,1770467847.377954
-0.189344,0.366488,0.723216,-74.480003,-143.429993,10.710000,1770467847.385995
-0.067832,0.313540,0.673440,-74.760002,-141.889999,13.580000,1770467847.393968
0.005368,0.243268,0.603412,-74.129997,-132.720001,17.500000,1770467847.402008
0.055144,0.170800,0.528016,-64.330002,-115.010002,7.350000,1770467847.410010
0.131028,0.142984,0.458720,-54.459999,-98.559998,6.650000,1770467847.417959
0.226676,0.134200,0.420900,-35.770000,-89.459999,13.790000,1770467847.425962
0.167384,0.088084,0.426024,-21.770000,-75.669998,16.379999,1770467847.434012
0.134200,0.061488,0.430172,-12.250000,-59.639999,19.250000,1770467847.441991
0.099308,0.034648,0.453352,-3.150000,-47.110001,18.410000,1770467847.449960
0.057096,0.020008,0.496784,-0.910000,-36.889999,19.250000,1770467847.457957
0.013908,0.005124,0.543144,1.890000,-30.240000,17.219999,1770467847.465986
-0.041724,-0.008540,0.567544,1.750000,-25.549999,18.830000,1770467847.474016
-0.100772,-0.017812,0.563884,-0.770000,-25.549999,21.070000,1770467847.481956
-0.126636,-0.057340,0.607072,9.100000,-24.920000,20.160000,1770467847.489964
-0.151768,-0.113216,0.725412,20.020000,-21.139999,28.280001,1770467847.497974
-0.278160,-0.172264,0.894748,34.230000,-7.980000,37.450001,1770467847.506118
-0.316468,-0.182512,1.038464,38.290001,7.280000,36.889999,1770467847.513952
-0.485804,-0.344772,1.193648,31.990000,18.410000,20.160000,1770467847.521963
-0.497516,-0.414556,1.282952,36.540001,23.520000,9.380000,1770467847.529948
-0.569496,-0.454572,1.368840,43.189999,29.889999,12.950000,1770467847.537989
-0.606340,-0.438956,1.476444,53.200001,28.280001,15.680000,1770467847.545967
-0.607072,-0.331596,1.566480,53.200001,17.080000,17.360001,1770467847.554041
-0.572912,-0.161528,1.649928,45.290001,-2.030000,28.559999,1770467847.561964
-0.519232,0.020496,1.736548,35.349998,-21.980000,30.520000,1770467847.570009
-0.434076,0.167140,1.803404,20.860001,-41.020000,34.090000,1770467847.578000
-0.319640,0.281820,1.835612,5.460000,-55.090000,30.730000,1770467847.585955
-0.192028,0.346968,1.767780,-8.260000,-66.570000,35.209999,1770467847.593950
-0.090036,0.325984,1.636264,-17.920000,-73.849998,36.119999,1770467847.602126
0.006588,0.290116,1.478396,-15.890000,-81.760002,28.209999,1770467847.609957
0.081008,0.217892,1.318576,-13.300000,-80.919998,30.170000,1770467847.617952
0.307928,0.410896,1.014796,3.220000,-78.400002,50.259998,1770467847.626004
0.294752,0.433832,1.031144,18.200001,-79.449997,65.730003,1770467847.634019
0.319640,0.506788,0.918172,24.990000,-69.790001,74.199997,1770467847.641958
0.337940,0.591456,0.775676,33.669998,-56.630001,69.790001,1770467847.649954
0.336476,0.708088,0.639768,35.560001,-43.540001,68.110001,1770467847.657955
0.311100,0.752008,0.507276,29.540001,-30.100000,62.930000,1770467847.665996
0.272304,0.738832,0.377224,11.200000,-18.129999,54.250000,1770467847.673949
0.253272,0.661240,0.291824,-15.330000,-5.250000,52.919998,1770467847.681959
0.252296,0.513376,0.262544,-41.369999,7.280000,48.090000,1770467847.689965
0.273280,0.372832,0.280112,-63.349998,21.980000,51.730000,1770467847.698094
0.296948,0.235460,0.331840,-71.610001,32.970001,49.000000,1770467847.705977
0.304756,0.121268,0.416264,-69.510002,39.410000,51.029999,1770467847.713963
0.298900,0.020496,0.528504,-64.330002,45.570000,50.259998,1770467847.721968
0.283284,-0.072224,0.642452,-46.410000,49.070000,50.889999,1770467847.729954
0.255712,-0.135420,0.721996,-27.790001,56.349998,48.230000,1770467847.738045
0.294508,-0.269132,0.802760,-3.220000,59.919998,53.689999,1770467847.745967
0.283528,-0.307684,0.870836,23.870001,68.389999,60.689999,1770467847.753959
0.255956,-0.357704,0.982832,46.130001,77.769997,62.160000,1770467847.761964
0.153720,-0.514108,1.126792,64.120003,92.190002,46.340000,1770467847.770004
0.145424,-0.529480,1.136064,73.080002,107.940002,41.160000,1770467847.777963
0.117852,-0.560712,1.197552,85.959999,116.760002,39.900002,1770467847.785992
0.063928,-0.569496,1.258308,91.839996,120.190002,37.799999,1770467847.793963
-0.015860,-0.546560,1.263676,94.500000,121.660004,38.150002,1770467847.802052
-0.099308,-0.473848,1.252452,95.620003,119.839996,33.320000,1770467847.809969
-0.162748,-0.368928,1.252208,89.599998,116.900002,37.450001,1770467847.817967
-0.241316,-0.263032,1.273436,84.000000,113.820000,37.380001,1770467847.826006
-0.327448,-0.157868,1.316136,80.989998,119.070000,37.730000,1770467847.833965
-0.430904,-0.039772,1.361764,72.449997,131.179993,36.680000,1770467847.841961
-0.517524,0.124684,1.400072,68.320000,142.169998,34.439999,1770467847.849960
-0.590724,0.305976,1.448140,55.720001,149.029999,34.439999,1770467847.857989
-0.648308,0.491660,1.479128,41.650002,143.500000,28.559999,1770467847.866055
-0.698328,0.671000,1.453264,21.000000,126.489998,20.719999,1770467847.873965
-0.731756,0.727608,1.400560,-2.940000,104.089996,9.590000,1770467847.881962
-0.602924,0.837652,1.250500,-15.680000,67.970001,12.320000,1770467847.889975
-0.626348,0.737124,1.191208,-32.410000,38.779999,9.030000,1770467847.897970
-0.547780,0.641964,1.083360,-43.470001,13.790000,1.960000,1770467847.905967
-0.444812,0.532408,0.976244,-51.520000,-5.810000,0.420000,1770467847.914029
-0.331108,0.461648,0.883036,-57.189999,-18.690001,-1.050000,1770467847.921968
-0.226920,0.419436,0.813496,-54.810001,-27.440001,-2.310000,1770467847.930054
-0.143472,0.393328,0.761768,-58.660000,-29.889999,-0.140000,1770467847.937964
-0.074176,0.366000,0.724680,-60.060001,-28.559999,2.730000,1770467847.945995
-0.020496,0.342576,0.687592,-60.759998,-24.639999,4.130000,1770467847.953963
0.008784,0.300120,0.657336,-62.299999,-14.770000,10.640000,1770467847.961963
0.021716,0.274500,0.622688,-57.119999,-4.340000,15.890000,1770467847.978620
-0.010492,0.234484,0.604388,-49.770000,14.210000,24.290001,1770467847.981559
-0.044652,0.227896,0.589992,-46.689999,28.000000,26.950001,1770467847.989625
-0.096136,0.221064,0.595604,-41.090000,40.880001,30.730000,1770467847.997791
-0.158600,0.203496,0.618296,-40.459999,54.110001,27.719999,1770467848.005627
-0.231312,0.199836,0.629520,-38.360001,65.309998,34.090000,1770467848.013557
-0.307928,0.187148,0.650992,-33.320000,72.870003,32.480000,1770467848.021664
-0.382592,0.143228,0.660996,-29.469999,76.930000,35.770000,1770467848.029584
-0.478484,0.098088,0.670756,-20.650000,79.660004,38.150002,1770467848.037527
-0.570472,0.042944,0.669048,-11.760000,80.290001,38.360001,1770467848.045546
-0.647576,-0.011468,0.635376,0.560000,75.529999,47.880001,1770467848.053544
-0.727852,-0.067832,0.595848,13.650000,63.419998,48.580002,1770467848.061595
-0.818620,-0.143228,0.615124,26.320000,51.660000,55.439999,1770467848.069550
-0.928908,-0.166164,0.670512,39.900002,39.549999,44.310001,1770467848.077538
-1.010404,-0.177876,0.764452,47.880001,25.969999,35.560001,1770467848.085576
-1.089948,-0.159088,0.863272,58.520000,8.680000,31.780001,1770467848.093563
-1.147044,-0.134200,0.965996,60.549999,-9.030000,24.920000,1770467848.101932
-1.147532,-0.079056,1.080676,58.869999,-31.219999,15.470000,1770467848.109629
-1.087264,-0.033916,1.208532,56.840000,-52.430000,11.830000,1770467848.117570
-0.974780,0.005368,1.341756,54.669998,-74.410004,6.020000,1770467848.125527
-0.829112,0.041480,1.478884,51.799999,-98.070000,4.340000,1770467848.133538
-0.671976,0.104432,1.598932,47.599998,-120.750000,-2.800000,1770467848.141575
-0.485804,0.209840,1.640168,47.389999,-142.449997,-5.460000,1770467848.149543
-0.304512,0.321592,1.613084,48.650002,-160.509995,-9.170000,1770467848.157529
-0.170068,0.388448,1.547204,49.560001,-174.509995,-17.080000,1770467848.165618
-0.074908,0.446764,1.440576,59.290001,-183.820007,-21.490000,1770467848.173556
0.069784,0.552416,1.318088,63.209999,-188.369995,-17.080000,1770467848.181572
0.322812,0.675148,1.191696,66.080002,-195.509995,0.770000,1770467848.189603
0.284992,0.674660,1.056276,49.419998,-198.660004,5.110000,1770467848.197535
0.318664,0.649284,0.867420,20.020000,-192.080002,7.000000,1770467848.205536
0.382104,0.574620,0.700280,-8.190000,-171.429993,7.280000,1770467848.213543
0.438468,0.511180,0.566812,-33.459999,-145.179993,7.700000,1770467848.221655
0.494100,0.429440,0.488976,-55.650002,-109.900002,7.630000,1770467848.229551
0.533140,0.326716,0.450912,-68.529999,-72.239998,5.460000,1770467848.237534
0.568520,0.231312,0.441396,-76.089996,-34.439999,-1.470000,1770467848.245539
0.586820,0.172020,0.469212,-72.029999,-1.120000,-2.170000,1770467848.253535
0.583404,0.144936,0.536068,-67.900002,32.549999,-2.730000,1770467848.261556
0.556564,0.110044,0.627324,-62.860001,57.189999,-0.490000,1770467848.269607
0.527040,0.059780,0.721752,-57.750000,77.419998,5.600000,1770467848.277532
0.494832,0.000488,0.823988,-50.540001,92.400002,6.790000,1770467848.285526
0.466040,-0.044652,0.920612,-45.080002,102.059998,13.510000,1770467848.293541
0.436272,-0.078324,1.019432,-36.119999,107.519997,16.590000,1770467848.301571
0.390644,-0.107360,1.097024,-28.350000,109.900002,21.420000,1770467848.309598
0.332816,-0.134200,1.134600,-18.969999,110.180000,26.879999,1770467848.317547
0.270596,-0.148840,1.130208,-14.350000,108.430000,32.060001,1770467848.325547
0.210328,-0.171288,1.093364,-6.650000,107.099998,39.480000,1770467848.333544
0.150060,-0.192516,1.055056,0.910000,107.309998,45.990002,1770467848.341622
0.087108,-0.219600,1.003816,9.030000,111.440002,53.410000,1770467848.349561
0.018056,-0.247660,0.951844,21.000000,116.059998,57.119999,1770467848.357537
-0.049532,-0.244732,0.937692,31.780001,123.690002,58.869999,1770467848.365540
-0.129320,-0.220576,0.950624,42.910000,132.509995,58.939999,1770467848.373571
-0.185684,-0.141032,0.961116,49.770000,139.649994,57.330002,1770467848.381633
-0.246928,-0.081496,0.984540,57.750000,145.809998,57.189999,1770467848.389558
-0.351848,-0.020984,0.992836,62.439999,153.720001,53.830002,1770467848.397539
-0.456036,0.046848,0.987956,64.889999,162.190002,46.060001,1770467848.405550
-0.532652,0.132736,0.980880,62.720001,164.009995,38.639999,1770467848.413573
-0.635376,0.218380,0.989664,56.770000,162.399994,30.799999,1770467848.421576
-0.731756,0.303048,0.996496,45.849998,156.940002,20.719999,1770467848.429609
-0.811300,0.356728,0.996252,35.000000,148.399994,11.620000,1770467848.437546
-0.863272,0.366976,1.002352,17.010000,134.050003,0.000000,1770467848.445550
-0.881328,0.350628,1.005524,5.390000,112.489998,-8.470000,1770467848.453615
-0.881816,0.327204,1.015284,-6.440000,87.570000,-20.650000,1770467848.461583
-0.855952,0.313540,1.014552,-13.440000,60.970001,-22.469999,1770467848.469555
-0.807884,0.310124,1.017724,-17.920000,34.230000,-29.889999,1770467848.477544
-0.737124,0.327448,1.009428,-26.740000,10.220000,-35.279999,1770467848.485644
-0.650992,0.364048,1.002840,-34.230000,-9.030000,-35.279999,1770467848.493546
-0.556564,0.398208,0.998448,-42.000000,-26.670000,-41.090000,1770467848.501575
-0.464820,0.404064,0.973072,-50.330002,-38.290001,-44.450001,1770467848.509587
-0.387960,0.397720,0.943060,-60.200001,-47.320000,-43.959999,1770467848.517541
-0.309636,0.387716,0.917684,-67.760002,-52.919998,-42.419998,1770467848.525545
-0.247172,0.348432,0.915976,-73.639999,-52.360001,-36.470001,1770467848.533669
-0.206180,0.315736,0.927932,-75.180000,-45.430000,-31.360001,1770467848.541576
-0.176656,0.279136,0.921832,-77.769997,-33.459999,-21.000000,1770467848.549579
-0.175436,0.253516,0.886452,-71.959999,-16.100000,-16.100000,1770467848.557541
-0.197884,0.224236,0.835944,-66.849998,5.320000,-5.670000,1770467848.565544
-0.257908,0.214964,0.796660,-50.540001,28.000000,0.000000,1770467848.573593
-0.343308,0.232288,0.769088,-39.689999,51.730000,6.440000,1770467848.581578
-0.449204,0.264740,0.759816,-31.080000,72.940002,8.960000,1770467848.589551
-0.562420,0.310612,0.748348,-23.450001,89.949997,11.410000,1770467848.597539
-0.675880,0.349652,0.756644,-22.190001,99.889999,12.320000,1770467848.605671
-0.783484,0.377224,0.753472,-20.160000,101.500000,16.379999,1770467848.613562
-0.909144,0.386252,0.723460,-16.100000,95.410004,18.900000,1770467848.621579
-1.015772,0.373320,0.673440,-12.880000,77.839996,13.860000,1770467848.629618
-1.109956,0.340624,0.624884,-3.920000,55.509998,12.390000,1770467848.637550
-1.167540,0.289384,0.589748,6.790000,27.719999,3.640000,1770467848.645542
-1.198284,0.217892,0.571448,20.299999,-1.750000,2.450000,1770467848.653673
-1.212436,0.141520,0.565104,33.110001,-30.450001,-13.930000,1770467848.661580
-1.183888,0.106628,0.562908,47.880001,-56.209999,-24.639999,1770467848.669551
-1.121912,0.081008,0.529968,62.439999,-84.000000,-32.480000,1770467848.677547
-1.059692,0.083448,0.521428,77.980003,-108.430000,-44.029999,1770467848.685576
-0.959408,0.098088,0.551684,96.320000,-128.660004,-41.369999,1770467848.693636
-0.840580,0.133224,0.624152,105.769997,-149.940002,-43.820000,1770467848.701573
-0.694424,0.164212,0.718824,106.330002,-172.059998,-35.700001,1770467848.709596
-0.536556,0.212768,0.803248,107.519997,-195.649994,-33.810001,1770467848.717544
-0.360388,0.209596,0.899384,102.900002,-220.500000,-28.209999,1770467848.725573
-0.213012,0.213500,0.986736,99.750000,-237.440002,-27.860001,1770467848.733560
-0.056608,0.188124,1.052860,93.660004,-245.070007,-23.590000,1770467848.741589
0.060024,0.217404,1.088728,83.650002,-243.809998,-26.670000,1770467848.749548
0.144692,0.257176,1.134844,71.610001,-232.399994,-35.700001,1770467848.757546
0.258152,0.288896,1.147044,49.000000,-215.529999,-50.400002,1770467848.765567
0.615612,0.516304,1.066036,33.180000,-213.639999,-45.360001,1770467848.773545
0.590968,0.505568,1.041392,15.190000,-190.889999,-38.080002,1770467848.781575
0.624884,0.473848,0.956236,-9.870000,-161.630005,-32.619999,1770467848.789581
0.675148,0.396012,0.875472,-32.900002,-130.759995,-38.639999,1770467848.797537
0.719556,0.327204,0.817888,-59.290001,-94.430000,-46.619999,1770467848.805708
0.751764,0.250588,0.803736,-74.059998,-52.639999,-49.070000,1770467848.813538
0.774944,0.153232,0.833992,-82.669998,-6.580000,-55.439999,1770467848.821676
0.776164,0.044164,0.888892,-81.550003,41.299999,-56.279999,1770467848.829578
0.733952,-0.069296,0.966972,-76.720001,80.849998,-54.669998,1770467848.837538
0.647820,-0.163724,1.040172,-72.449997,112.489998,-52.919998,1770467848.845613
0.542900,-0.209840,1.103612,-65.519997,137.759995,-48.230000,1770467848.853586
0.409188,-0.213012,1.166076,-56.840000,157.919998,-44.590000,1770467848.861590
0.266936,-0.181048,1.231712,-56.139999,174.020004,-37.730000,1770467848.869550
0.123952,-0.138104,1.267580,-54.320000,181.649994,-34.509998,1770467848.877541
-0.014396,-0.101992,1.256844,-57.750000,183.050003,-26.530001,1770467848.885575
-0.136396,-0.067100,1.213900,-51.310001,179.759995,-18.549999,1770467848.893618
-0.243268,-0.060268,1.163636,-46.759998,166.460007,-11.900000,1770467848.901573
-0.352824,-0.041724,1.118008,-42.419998,152.250000,-3.500000,1770467848.909602
-0.456036,-0.034404,1.091900,-32.689999,135.240005,2.100000,1770467848.917542
-0.516792,-0.023912,1.066036,-28.070000,118.580002,10.290000,1770467848.925545
-0.586088,-0.005612,1.019920,-20.719999,102.199997,16.450001,1770467848.933569
-0.610000,0.019764,0.952576,-15.120000,83.370003,19.250000,1770467848.941704
-0.606340,0.038064,0.864980,-7.980000,60.759998,30.940001,1770467848.949563
-0.586332,0.050752,0.758108,-2.660000,36.540001,37.240002,1770467848.957535
-0.558272,0.064416,0.665876,5.530000,12.880000,41.509998,1770467848.965546
-0.502640,0.058072,0.612196,16.450001,-11.270000,43.540001,1770467848.973868
-0.420656,0.047336,0.586088,21.209999,-29.540001,44.869999,1770467848.982222
-0.340868,0.035380,0.610244,32.900002,-40.810001,45.430000,1770467848.989645
-0.263032,0.039528,0.655872,39.130001,-48.020000,43.959999,1770467848.997726
-0.211304,0.050508,0.705892,46.970001,-47.110001,41.580002,1770467849.005547
-0.146400,0.080032,0.751764,51.310001,-41.020000,39.900002,1770467849.013549
-0.113704,0.149816,0.815448,56.910000,-33.110001,34.509998,1770467849.021579
-0.090280,0.213988,0.894504,50.889999,-20.020000,22.750000,1770467849.029554
-0.083448,0.259616,0.992348,43.119999,-5.320000,11.060000,1770467849.037523
-0.107116,0.315492,1.080188,31.219999,10.780000,2.660000,1770467849.045617
-0.149816,0.322080,1.146800,15.330000,28.420000,-5.460000,1770467849.053583
-0.238388,0.324520,1.156072,5.110000,43.959999,-9.800000,1770467849.061573
-0.346236,0.305732,1.165100,-4.760000,59.639999,-10.010000,1770467849.069597
-0.488976,0.312564,1.147776,-8.680000,76.790001,-19.459999,1770467849.077547
-0.594384,0.296948,1.118740,-16.240000,89.389999,-23.030001,1770467849.085609
-0.687836,0.294508,1.075552,-19.740000,93.870003,-30.450001,1770467849.093577
-0.749080,0.313052,1.030656,-22.750000,89.879997,-32.060001,1770467849.101572
-0.798856,0.352824,1.028948,-26.670000,77.769997,-31.570000,1770467849.109598
-0.818864,0.356728,1.060912,-25.340000,63.070000,-30.309999,1770467849.117538
-0.833504,0.325740,1.092144,-24.430000,46.340000,-22.610001,1770467849.125528
-0.853268,0.298412,1.086288,-21.000000,31.920000,-15.820000,1770467849.133559
-0.874740,0.281576,1.045540,-15.820000,16.940001,-9.940000,1770467849.141678
-0.886452,0.274012,0.974536,-13.930000,4.760000,-7.770000,1770467849.149547
-0.888892,0.279380,0.911096,-10.920000,-3.920000,-9.030000,1770467849.157539
-0.875472,0.282308,0.857660,-7.770000,-12.460000,-8.120000,1770467849.165535
-0.861808,0.285236,0.826916,-3.430000,-17.150000,-14.070000,1770467849.173564
-0.841556,0.274012,0.810324,3.220000,-20.020000,-21.490000,1770467849.181621
-0.807640,0.253028,0.816180,7.980000,-21.139999,-27.650000,1770467849.189639
-0.778116,0.233996,0.814716,11.410000,-20.370001,-40.459999,1770467849.197534
-0.742980,0.178608,0.813252,14.350000,-16.240000,-46.060001,1770467849.205757
-0.699060,0.115656,0.794708,19.740000,-15.190000,-50.189999,1770467849.213553
-0.654896,0.069784,0.780068,22.540001,-20.860001,-52.990002,1770467849.221664
-0.614880,0.038796,0.790804,21.770000,-31.150000,-54.040001,1770467849.229575
-0.568520,0.035136,0.795440,26.740000,-46.900002,-53.689999,1770467849.237535
-0.503616,0.030744,0.756644,32.130001,-66.779999,-50.750000,1770467849.245537
-0.447008,0.043676,0.681248,46.200001,-85.750000,-44.380001,1770467849.253561
-0.400160,0.075884,0.584868,56.980000,-101.989998,-40.459999,1770467849.261576
-0.355752,0.098332,0.476044,73.639999,-118.720001,-36.750000,1770467849.269589
-0.305244,0.109800,0.386252,91.000000,-130.759995,-36.189999,1770467849.277530
-0.237656,0.139324,0.360876,105.209999,-141.399994,-43.680000,1770467849.285528
-0.152256,0.211060,0.419436,112.839996,-150.500000,-49.070000,1770467849.293536
-0.053192,0.348188,0.518988,114.660004,-152.389999,-58.730000,1770467849.301582
-0.008540,0.437980,0.642208,104.440002,-146.089996,-66.849998,1770467849.309602
0.097600,0.561444,0.718824,84.559998,-135.520004,-72.239998,1770467849.317651
0.217648,0.639036,0.796660,62.230000,-126.559998,-68.110001,1770467849.325537
0.217160,0.568520,0.908900,31.080000,-111.089996,-65.940002,1770467849.333540
0.260104,0.437004,1.024800,-1.750000,-93.449997,-64.610001,1770467849.341576
0.290360,0.248148,1.172908,-25.900000,-69.089996,-68.040001,1770467849.349579
0.292068,0.039284,1.336388,-32.689999,-42.490002,-65.029999,1770467849.357584
0.287920,-0.119316,1.490840,-33.880001,-16.379999,-67.059998,1770467849.365553
0.265472,-0.217648,1.597956,-32.340000,3.780000,-64.470001,1770467849.373544
0.238876,-0.235948,1.667008,-27.230000,15.610000,-63.770000,1770467849.381574
0.172264,-0.261080,1.692140,-28.840000,22.680000,-63.560001,1770467849.389559
0.118828,-0.203008,1.673596,-28.000000,29.889999,-59.849998,1770467849.397561
0.061732,-0.131760,1.612840,-27.230000,33.320000,-56.700001,1770467849.405628
-0.001708,-0.053436,1.517924,-26.809999,30.520000,-47.389999,1770467849.413559
-0.045872,0.016592,1.410076,-28.770000,25.900000,-46.970001,1770467849.421632
-0.085644,0.067588,1.297836,-31.360001,15.540000,-38.990002,1770467849.429734
-0.126880,0.098576,1.187060,-34.299999,7.630000,-37.099998,1770467849.437543
-0.150548,0.115900,1.093608,-35.630001,4.410000,-30.379999,1770467849.445543
-0.162992,0.132492,1.033096,-35.700001,5.530000,-25.620001,1770467849.453556
-0.155428,0.161040,1.008940,-35.000000,10.990000,-20.370001,1770467849.461597
-0.142252,0.194956,1.001620,-37.099998,18.760000,-14.560000,1770467849.469633
-0.136396,0.225944,0.995032,-39.130001,24.080000,-5.880000,1770467849.477541
-0.136884,0.242292,0.953552,-40.880001,26.670000,1.330000,1770467849.485555
-0.147376,0.229848,0.850340,-41.439999,26.110001,13.580000,1770467849.493686
-0.149816,0.193736,0.730780,-38.009998,21.420000,18.480000,1770467849.501581
-0.129076,0.142496,0.595116,-31.990000,10.080000,30.730000,1770467849.509648
-0.138104,0.111752,0.482388,-20.299999,-2.450000,40.040001,1770467849.517541
-0.128588,0.072956,0.403332,-6.370000,-8.680000,44.869999,1770467849.525589
-0.101992,0.050020,0.367708,13.860000,-13.370000,51.380001,1770467849.533529
-0.078324,0.062708,0.361608,33.459999,-12.810000,52.290001,1770467849.541575
-0.059780,0.102968,0.402112,45.360001,-8.680000,52.150002,1770467849.549551
-0.054412,0.168848,0.486292,54.459999,0.420000,45.570000,1770467849.557541
-0.050752,0.247172,0.630496,53.619999,11.760000,37.799999,1770467849.565543
-0.047824,0.333304,0.782752,47.180000,25.200001,28.840000,1770467849.573570
-0.097844,0.467016,0.890844,34.860001,39.900002,16.309999,1770467849.581574
-0.163480,0.556076,0.986248,19.459999,55.439999,9.730000,1770467849.589563
-0.237412,0.607316,1.019920,0.210000,65.519997,7.630000,1770467849.597577
-0.353556,0.634644,1.041636,-18.480000,74.059998,3.360000,1770467849.605568
-0.454572,0.588772,1.072868,-30.870001,82.320000,2.310000,1770467849.613568
-0.565836,0.491172,1.130696,-38.009998,94.500000,-3.780000,1770467849.621581
-0.674172,0.373320,1.204384,-42.209999,107.940002,-5.530000,1770467849.629600
-0.757864,0.249856,1.270996,-46.549999,115.080002,-7.210000,1770467849.637527
-0.849120,0.146644,1.323700,-45.430000,111.720001,-13.300000,1770467849.645550
-0.935496,0.032208,1.338096,-37.660000,103.040001,-10.920000,1770467849.653596
-1.011868,-0.038308,1.291004,-28.000000,86.870003,-13.160000,1770467849.661685
-1.130208,-0.183488,1.249768,-28.629999,69.089996,-11.620000,1770467849.669548
-1.189256,-0.312320,1.166808,-29.750000,50.820000,-22.820000,1770467849.677556
-1.112152,-0.320372,1.084092,-17.290001,24.780001,-27.650000,1770467849.685557
-1.036024,-0.249368,1.027728,-2.450000,-1.890000,-29.120001,1770467849.693610
-0.943792,-0.165432,0.982100,6.230000,-26.459999,-31.430000,1770467849.701578
-0.830576,-0.062464,0.943060,14.000000,-47.950001,-32.549999,1770467849.709671
-0.696376,-0.007320,0.929884,17.570000,-60.340000,-35.419998,1770467849.717533
-0.569252,0.032452,0.911584,19.110001,-69.510002,-38.639999,1770467849.725625
-0.473604,0.090768,0.910852,19.530001,-74.690002,-39.689999,1770467849.733544
-0.380640,0.145668,0.915000,19.110001,-77.349998,-45.849998,1770467849.741594
-0.315492,0.194468,0.891576,18.129999,-79.800003,-46.759998,1770467849.749669
-0.258640,0.214720,0.823988,18.340000,-84.000000,-51.450001,1770467849.757548
-0.229360,0.215452,0.706868,18.410000,-85.750000,-50.680000,1770467849.765545
-0.218868,0.210084,0.567544,25.129999,-87.360001,-54.250000,1770467849.773543
-0.205204,0.186660,0.466772,31.570000,-86.660004,-53.410000,1770467849.781685
-0.183244,0.128100,0.415288,40.880001,-85.750000,-57.959999,1770467849.789599
-0.132980,0.080520,0.427488,54.180000,-85.680000,-59.150002,1770467849.797540
-0.069784,0.098576,0.480436,66.989998,-82.459999,-58.730000,1770467849.805563
-0.016104,0.154940,0.551440,74.970001,-80.010002,-59.779999,1770467849.813596
0.023912,0.229848,0.648308,72.449997,-74.760002,-56.840000,1770467849.821581
0.033184,0.283284,0.765672,58.169998,-63.770000,-59.990002,1770467849.829548
0.022448,0.302804,0.877424,43.119999,-46.270000,-66.709999,1770467849.837538
0.086864,0.342332,0.984540,22.540001,-30.240000,-67.620003,1770467849.845550
0.219356,0.396744,1.118496,11.550000,-26.670000,-57.400002,1770467849.853636
0.135664,0.301096,1.256356,-6.790000,-24.010000,-53.340000,1770467849.861597
0.103212,0.176412,1.316380,-22.959999,-17.290001,-57.610001,1770467849.869550
0.082716,0.030256,1.372744,-29.330000,-13.020000,-55.860001,1770467849.877536
0.070272,-0.109556,1.481324,-34.299999,-7.980000,-54.250000,1770467849.885554
0.064904,-0.201788,1.623332,-31.219999,-3.990000,-46.549999,1770467849.893553
0.046604,-0.247172,1.746552,-30.100000,2.240000,-40.880001,1770467849.901578
-0.001464,-0.314760,1.779736,-28.770000,6.230000,-34.369999,1770467849.909721
-0.058072,-0.313296,1.652368,-25.200001,7.140000,-28.209999,1770467849.917580
-0.098332,-0.293044,1.478884,-21.420000,0.000000,-22.120001,1770467849.925547
-0.133712,-0.226920,1.289784,-15.890000,-13.230000,-17.360001,1770467849.933549
-0.199592,-0.188368,1.152168,-15.330000,-25.760000,-18.900000,1770467849.941635
-0.188368,-0.154940,1.052860,-22.680000,-35.770000,-28.280001,1770467849.949584
-0.113948,-0.073688,1.005768,-21.559999,-45.430000,-31.010000,1770467849.957540
-0.053436,-0.003172,1.018456,-25.900000,-45.990002,-21.350000,1770467849.965542
-0.007076,0.051484,1.028460,-28.070000,-43.540001,-19.110001,1770467849.973863
0.023180,0.071248,0.991616,-31.850000,-34.439999,-10.220000,1770467849.983052
0.036844,0.055388,0.892796,-31.360001,-26.670000,-3.710000,1770467849.989723
0.044408,0.024156,0.778360,-27.230000,-20.580000,1.680000,1770467849.997613
0.055388,-0.002196,0.669292,-20.440001,-19.389999,9.520000,1770467850.005613
0.068564,-0.031476,0.597556,-10.220000,-22.469999,8.260000,1770467850.013569
0.079788,-0.054168,0.548024,-0.560000,-26.879999,12.110000,1770467850.021596
0.101504,-0.059536,0.537288,11.200000,-24.920000,15.470000,1770467850.029624
0.114436,-0.028060,0.562908,26.110001,-19.740000,13.230000,1770467850.037563
0.129564,0.039528,0.617564,33.110001,-9.030000,20.580000,1770467850.045551
0.131516,0.144448,0.690032,34.860001,3.220000,20.160000,1770467850.053550
0.096868,0.222284,0.781776,30.870001,19.879999,18.410000,1770467850.061588
0.084180,0.321104,0.832528,14.980000,36.330002,6.510000,1770467850.069552
0.050020,0.344284,0.874984,4.130000,48.509998,-4.270000,1770467850.077537
-0.023180,0.383568,0.917196,-10.850000,64.820000,-12.600000,1770467850.085544
0.006344,0.537776,0.943304,-18.129999,74.830002,4.550000,1770467850.093695
-0.189588,0.571936,0.991372,-29.540001,87.989998,2.800000,1770467850.101591
-0.286212,0.553392,1.004060,-41.509998,96.320000,-10.920000,1770467850.109624
-0.390156,0.503860,1.034560,-45.009998,104.720001,-18.900000,1770467850.117540
-0.465552,0.412604,1.025288,-44.799999,111.510002,-27.160000,1770467850.125537
-0.561932,0.331352,1.021872,-28.139999,114.870003,-24.639999,1770467850.133537
-0.660508,0.252784,1.041148,-12.180000,114.029999,-24.360001,1770467850.141569
-0.732000,0.203252,1.065792,0.770000,103.599998,-21.350000,1770467850.149592
-0.794220,0.174216,1.103124,20.440001,85.820000,-18.129999,1770467850.157585
-0.855952,0.157136,1.130940,29.820000,61.320000,-14.490000,1770467850.165553
-0.936472,0.073688,1.156804,29.889999,40.459999,-16.870001,1770467850.173538
-0.954528,-0.001220,1.130940,24.570000,20.299999,-22.820000,1770467850.181573
-0.969412,-0.137128,1.099464,16.240000,-0.210000,-33.810001,1770467850.189543
-0.944036,-0.260104,1.057984,20.370001,-18.200001,-39.759998,1770467850.197660
-0.896212,-0.375516,1.024068,25.969999,-34.860001,-41.439999,1770467850.205559
-0.844484,-0.469700,0.975024,36.189999,-50.119999,-45.849998,1770467850.213556
-0.757864,-0.527284,0.930616,53.410000,-65.800003,-50.540001,1770467850.221572
-0.658556,-0.549000,0.951112,65.309998,-80.570000,-52.639999,1770467850.229589
-0.544120,-0.530700,0.987224,80.080002,-96.180000,-58.310001,1770467850.237529
-0.451400,-0.476044,1.018456,85.120003,-110.110001,-60.759998,1770467850.245557
-0.328424,-0.373564,1.087264,89.949997,-124.180000,-66.360001,1770467850.253636
-0.220576,-0.219356,1.170224,82.879997,-129.850006,-66.570000,1770467850.261574
-0.126148,-0.052948,1.247816,69.790001,-129.500000,-67.830002,1770467850.269546
-0.052704,0.078812,1.261236,52.220001,-123.199997,-65.239998,1770467850.277535
0.029768,0.177876,1.214144,34.860001,-115.220001,-64.260002,1770467850.285524
0.100528,0.232288,1.151436,21.420000,-106.330002,-59.500000,1770467850.293542
0.116144,0.217404,1.087020,7.630000,-91.000000,-67.059998,1770467850.301670
0.232044,0.247172,0.987224,-4.340000,-84.769997,-74.690002,1770467850.309828
0.419680,0.445788,0.921100,3.360000,-88.970001,-39.689999,1770467850.317541
0.339648,0.503860,0.921100,-12.530000,-79.169998,-26.180000,1770467850.325616
0.311588,0.539728,0.859368,-30.030001,-61.740002,-18.690001,1770467850.333541
0.281576,0.537532,0.770552,-48.230000,-42.560001,-17.080000,1770467850.341576
0.237900,0.493124,0.696864,-66.919998,-23.799999,-14.630000,1770467850.349553
0.204716,0.428464,0.638304,-78.750000,-6.720000,-18.340000,1770467850.357638
0.177388,0.358192,0.604388,-85.959999,8.400000,-17.990000,1770467850.365571
0.159332,0.284504,0.598776,-84.209999,21.770000,-18.549999,1770467850.373542
0.157868,0.185440,0.650992,-76.650002,29.400000,-24.010000,1770467850.381580
0.169580,0.073444,0.729804,-68.529999,38.009998,-23.309999,1770467850.389620
0.167872,-0.025376,0.806908,-49.279999,44.660000,-23.940001,1770467850.397540
0.158112,-0.111264,0.907680,-29.750000,53.200001,-16.520000,1770467850.405643
0.141032,-0.179096,1.001376,-13.300000,60.410000,-8.330000,1770467850.413556
0.098576,-0.202276,1.039684,7.910000,65.239998,1.610000,1770467850.421573
0.082472,-0.234728,1.042124,23.730000,65.099998,16.379999,1770467850.429602
0.035868,-0.270840,1.017480,37.450001,58.660000,24.290001,1770467850.437694
-0.007808,-0.281332,1.011380,48.090000,51.939999,34.860001,1770467850.445542
-0.040992,-0.299632,0.988932,57.750000,41.509998,49.910000,1770467850.453549
-0.331352,-0.493612,1.086288,50.750000,36.119999,46.130001,1770467850.461579
-0.213500,-0.435540,1.163880,48.509998,31.080000,40.180000,1770467850.469676
-0.265228,-0.442372,1.335656,45.080002,32.549999,39.270000,1770467850.477540
-0.317200,-0.391132,1.468880,43.680000,35.560001,38.009998,1770467850.485548
-0.352580,-0.326472,1.545252,36.750000,36.400002,40.040001,1770467850.493547
-0.398940,-0.241804,1.565748,25.200001,33.180000,37.799999,1770467850.501691
-0.460672,-0.138104,1.555012,10.430000,31.500000,33.180000,1770467850.509668
-0.546072,-0.043432,1.493036,-2.310000,34.860001,20.510000,1770467850.517582
-0.610732,0.022692,1.384700,-18.969999,42.980000,3.710000,1770467850.525552
-0.645624,0.072712,1.281976,-30.240000,50.610001,-13.370000,1770467850.533614
-0.657580,0.107360,1.207068,-35.980000,55.580002,-34.020000,1770467850.541625
-0.639036,0.147864,1.107760,-41.509998,54.110001,-42.840000,1770467850.549556
-0.618052,0.206180,0.982832,-41.860001,43.889999,-53.340000,1770467850.557539
-0.586576,0.269864,0.826916,-39.689999,29.540001,-60.060001,1770467850.565552
-0.557784,0.330864,0.709308,-36.119999,9.520000,-59.990002,1770467850.573541
-0.499224,0.346480,0.622932,-34.230000,-14.140000,-67.480003,1770467850.581637
-0.515328,0.454328,0.531432,-31.920000,-31.010000,-76.930000,1770467850.589558
-0.422608,0.559004,0.446032,-22.680000,-40.110001,-79.309998,1770467850.597548
-0.266448,0.620248,0.487512,-19.950001,-65.800003,-57.400002,1770467850.605534
-0.236192,0.643916,0.510936,-13.580000,-79.169998,-46.759998,1770467850.613649
-0.191540,0.647088,0.518500,-9.520000,-88.199997,-44.520000,1770467850.621573
-0.138836,0.640988,0.502396,-7.840000,-94.080002,-32.130001,1770467850.629572
-0.083936,0.621712,0.474580,-3.920000,-94.570000,-27.230000,1770467850.637540
-0.045628,0.597312,0.455792,-1.190000,-92.680000,-8.820000,1770467850.645580
-0.042700,0.552416,0.441396,12.110000,-85.190002,0.630000,1770467850.653533
-0.055876,0.474824,0.457988,24.500000,-72.239998,11.550000,1770467850.661575
-0.091256,0.372100,0.495564,33.320000,-54.810001,16.240000,1770467850.669554
-0.135176,0.241316,0.550708,46.689999,-36.470001,9.380000,1770467850.677573
-0.185440,0.102480,0.695888,62.650002,-15.960000,3.080000,1770467850.685542
-0.256688,0.034892,0.946476,82.320000,8.680000,-6.230000,1770467850.693624
-0.363072,0.016592,1.292468,91.209999,28.070000,-9.590000,1770467850.701587
-0.505812,-0.031232,1.662860,82.180000,30.309999,-18.900000,1770467850.709581
-0.614880,-0.150060,1.861476,66.989998,25.340000,-17.780001,1770467850.717605
-0.830088,-0.463844,1.917596,47.180000,4.760000,-43.680000,1770467850.725576
-0.854244,-0.680272,1.920280,40.459999,-21.700001,-53.340000,1770467850.733542
-0.773724,-0.743712,1.934676,36.540001,-53.410000,-57.049999,1770467850.741575
-0.588528,-0.859124,1.968592,20.090000,-87.570000,-45.849998,1770467850.749552
-0.364048,-0.809348,1.914668,11.900000,-119.910004,-39.689999,1770467850.757602
-0.159820,-0.644160,1.846836,0.140000,-140.210007,-28.000000,1770467850.765579
0.064660,-0.440664,1.764364,-10.990000,-152.529999,-19.110001,1770467850.773536
0.207888,-0.185440,1.592100,-14.770000,-152.529999,-9.240000,1770467850.781566
0.263520,0.022692,1.358836,-16.660000,-141.119995,-3.710000,1770467850.789578
0.233752,0.107848,1.114348,-13.020000,-114.660004,-3.500000,1770467850.797543
0.316224,0.224480,0.882304,-3.570000,-103.529999,-19.950001,1770467850.805539
0.579256,0.615124,0.627080,18.410000,-82.879997,10.290000,1770467850.813642
0.384788,0.509228,0.594872,29.049999,-63.139999,29.610001,1770467850.821579
0.340380,0.540704,0.488000,29.190001,-44.450001,38.919998,1770467850.829549
0.295484,0.584136,0.365756,25.410000,-26.740000,42.139999,1770467850.837541
0.256932,0.600972,0.250832,17.570000,-12.670000,44.520000,1770467850.845549
0.208376,0.603656,0.140544,9.450000,-3.430000,43.189999,1770467850.853660
0.159820,0.601704,0.067832,-1.120000,1.890000,40.250000,1770467850.861587
0.131272,0.566324,0.023668,-15.680000,7.560000,38.570000,1770467850.869556
0.128344,0.502152,0.005612,-26.110001,12.880000,29.610001,1770467850.877571
0.154940,0.403332,0.019520,-30.590000,17.850000,27.580000,1770467850.885542
0.180560,0.300364,0.074420,-28.980000,26.530001,22.540001,1770467850.893566
0.219112,0.180804,0.196908,-17.570000,37.869999,16.940001,1770467850.901707
0.257664,0.049776,0.408456,-8.960000,52.500000,8.190000,1770467850.909656
0.302316,-0.102968,0.676856,10.780000,69.440002,3.990000,1770467850.917660
0.367708,-0.222772,0.964532,31.080000,88.480003,5.040000,1770467850.925556
0.327448,-0.314028,1.281244,50.119999,113.750000,8.820000,1770467850.933545
0.261568,-0.355020,1.568432,60.200001,136.500000,15.190000,1770467850.941573
0.139568,-0.359412,1.868308,54.950001,154.630005,16.799999,1770467850.949556
-0.011712,-0.406504,2.223084,40.250000,155.259995,15.260000,1770467850.957555
-0.149572,-0.448716,2.487092,20.580000,145.250000,20.230000,1770467850.965544
-0.311588,-0.493856,2.411208,14.980000,120.959999,31.920000,1770467850.973773
-0.654652,-0.506788,2.063264,-0.420000,115.500000,26.459999,1770467850.981800
-0.795196,-0.435540,1.742160,-14.140000,102.970001,15.470000,1770467850.989651
-0.912560,-0.331352,1.530856,-20.440001,92.610001,3.220000,1770467850.997545
-0.985760,-0.163724,1.417640,-22.260000,84.070000,-4.270000,1770467851.005591
-0.998936,0.031720,1.376160,-24.780001,68.739998,-16.940001,1770467851.013702
-0.969168,0.194468,1.335900,-28.000000,48.439999,-21.139999,1770467851.021578
-0.915000,0.306708,1.278804,-34.650002,24.430000,-31.780001,1770467851.029601
-0.830332,0.384788,1.170224,-42.630001,1.960000,-34.160000,1770467851.037528
-0.732976,0.444324,0.995520,-45.430000,-20.020000,-37.660000,1770467851.045537
-0.638792,0.467992,0.826184,-46.549999,-47.320000,-46.830002,1770467851.053623
-0.529968,0.446032,0.690764,-43.889999,-73.779999,-55.720001,1770467851.061578
-0.476532,0.476044,0.570228,-34.650002,-92.120003,-73.919998,1770467851.069557
-0.363072,0.527528,0.441396,-24.150000,-109.059998,-80.500000,1770467851.077540
-0.200080,0.642452,0.373076,-17.430000,-122.080002,-73.849998,1770467851.085540
-0.122976,0.684908,0.321348,-14.350000,-133.279999,-63.560001,1770467851.093552
-0.048556,0.730048,0.255224,-13.790000,-140.279999,-56.490002,1770467851.101672
0.008784,0.745176,0.191784,-16.799999,-143.429993,-46.270000,1770467851.109660
0.062464,0.761768,0.134200,-18.969999,-144.970001,-39.900002,1770467851.117549
0.135420,0.753716,0.094916,-16.100000,-142.520004,-23.730000,1770467851.125538
0.178608,0.708576,0.102480,-14.910000,-130.410004,-13.510000,1770467851.133581
0.228384,0.671732,0.140300,-12.320000,-112.769997,-7.770000,1770467851.141538
0.261080,0.656848,0.219844,-18.969999,-89.110001,-1.050000,1770467851.149683
0.289384,0.604144,0.347456,-27.580000,-58.240002,1.120000,1770467851.157531
0.287188,0.472872,0.500932,-39.549999,-20.580000,2.100000,1770467851.165520
0.252296,0.273524,0.653188,-51.099998,23.100000,-2.870000,1770467851.173534
0.198128,0.044652,0.797392,-60.759998,66.220001,-12.950000,1770467851.181579
0.125416,-0.096624,0.979904,-63.770000,104.089996,-15.610000,1770467851.189571
0.089548,-0.333304,1.355420,-65.099998,122.849998,-11.690000,1770467851.197576
-0.116388,-0.495076,1.732644,-69.790001,130.410004,0.280000,1770467851.205540
-0.690276,-1.242936,2.002996,-83.230003,145.740005,-29.120001,1770467851.213551
-1.016016,-1.565016,2.059848,-61.180000,120.190002,-26.320000,1770467851.221574
-1.248304,-1.725568,2.018612,-57.400002,56.279999,-22.400000,1770467851.229598
-1.277584,-1.592344,1.866356,-52.990002,-36.470001,-27.510000,1770467851.237545
-1.047004,-1.193648,1.670668,-47.740002,-128.520004,-31.010000,1770467851.245532
-0.719556,-0.708820,1.586244,-40.740002,-198.729996,-29.889999,1770467851.253567
-0.355508,-0.245708,1.577948,-41.439999,-238.279999,-31.430000,1770467851.261631
-0.039528,0.150304,1.558428,-50.959999,-252.839996,-28.770000,1770467851.269540
0.124440,0.281088,1.489864,-75.529999,-238.630005,-28.420000,1770467851.277531
0.278648,0.523380,1.240496,-95.129997,-215.389999,-60.410000,1770467851.285519
0.723460,0.955992,0.925492,-80.779999,-185.500000,-11.130000,1770467851.293565
0.563152,0.829356,0.832528,-97.510002,-154.770004,11.200000,1770467851.301584
0.586332,0.720044,0.680760,-116.339996,-116.970001,17.360001,1770467851.309631
0.600484,0.513376,0.562664,-121.940002,-74.410004,30.379999,1770467851.317565
0.600240,0.260592,0.515084,-119.839996,-31.010000,25.200001,1770467851.325590
0.586332,0.004880,0.539484,-104.089996,7.630000,28.700001,1770467851.333538
0.518256,-0.193736,0.571692,-87.430000,39.619999,24.920000,1770467851.341665
0.474336,-0.339160,0.576816,-66.779999,65.309998,28.559999,1770467851.349549
0.404308,-0.491172,0.635864,-44.520000,80.500000,42.419998,1770467851.357541
0.427976,-0.535092,0.761768,-11.550000,90.510002,59.220001,1770467851.365541
0.324276,-0.837408,1.055544,3.570000,77.279999,46.759998,1770467851.373572
0.184952,-0.713700,0.906216,-2.030000,88.339996,10.150000,1770467851.381678
0.123708,-0.679784,0.698084,-5.320000,79.870003,17.780001,1770467851.389556
0.071492,-0.740296,0.533872,-1.890000,70.279999,18.410000,1770467851.397539
0.057828,-0.853756,0.451156,3.010000,64.120003,24.780001,1770467851.405554
0.055876,-0.947696,0.468968,14.420000,63.279999,31.430000,1770467851.413824
0.071248,-1.024068,0.568276,28.770000,63.279999,24.920000,1770467851.421588
0.073444,-1.057984,0.679052,41.439999,64.190002,32.970001,1770467851.429551
0.067100,-1.050908,0.757376,55.090000,63.000000,22.959999,1770467851.437535
0.061244,-1.015040,0.791780,63.630001,57.540001,21.840000,1770467851.445612
0.070760,-0.971120,0.838872,73.849998,48.509998,15.260000,1770467851.453542
0.103212,-0.910120,0.911340,83.650002,38.290001,10.500000,1770467851.461580
0.186172,-0.818864,1.006988,92.190002,23.520000,14.700000,1770467851.469571
0.264984,-0.683688,1.157780,104.160004,14.420000,7.700000,1770467851.477544
0.282552,-0.478728,1.288076,113.330002,20.650000,2.450000,1770467851.485618
0.239120,-0.244000,1.352980,112.839996,39.060001,-10.010000,1770467851.493541
0.164700,-0.022448,1.381040,102.690002,67.410004,-18.340000,1770467851.501616
0.075152,0.154940,1.410076,87.849998,94.220001,-22.820000,1770467851.509598
-0.040748,0.225456,1.441552,73.430000,114.940002,-25.830000,1770467851.517724
-0.204472,0.444080,1.438868,62.650002,129.639999,-35.770000,1770467851.525544
-0.338428,0.509228,1.479860,52.220001,137.550003,-39.759998,1770467851.533522
-0.460428,0.546316,1.477420,40.320000,134.190002,-48.160000,1770467851.541569
-0.518744,0.600972,1.380064,35.419998,116.970001,-51.380001,1770467851.549870
-0.551196,0.646112,1.236592,31.780001,87.709999,-43.330002,1770467851.557533
-0.601704,0.558028,1.072136,26.320000,51.939999,-45.639999,1770467851.565540
-0.555344,0.461892,0.861808,28.070000,19.879999,-44.029999,1770467851.573545
-0.478484,0.375760,0.736148,35.000000,-5.530000,-39.619999,1770467851.581693
-0.404308,0.309880,0.631716,42.490002,-20.440001,-31.780001,1770467851.589553
-0.352092,0.265228,0.509960,55.299999,-28.000000,-25.270000,1770467851.597535
-0.323300,0.236680,0.397232,64.330002,-32.759998,-16.730000,1770467851.605553
-0.331596,0.232776,0.298900,74.620003,-32.900002,-8.120000,1770467851.613545
-0.342576,0.254004,0.252540,84.769997,-31.780001,-6.790000,1770467851.621668
-0.342820,0.302560,0.258152,84.559998,-32.549999,-1.680000,1770467851.629549
-0.318908,0.334036,0.301584,82.110001,-37.869999,0.560000,1770467851.637532
-0.281576,0.334768,0.386984,68.320000,-42.770000,7.560000,1770467851.645540
-0.251564,0.349896,0.532408,56.070000,-47.459999,12.530000,1770467851.653587
-0.242292,0.381128,0.681736,35.070000,-49.209999,10.290000,1770467851.661573
-0.247904,0.383080,0.821060,11.340000,-51.240002,6.230000,1770467851.669550
-0.251076,0.306708,0.978196,-13.230000,-51.380001,0.630000,1770467851.677521
-0.247660,0.169580,1.122400,-30.100000,-50.330002,-8.260000,1770467851.685538
-0.257420,-0.021960,1.282708,-37.869999,-49.209999,-14.910000,1770467851.693539
-0.299388,-0.187392,1.507920,-46.549999,-42.419998,-15.610000,1770467851.701631
-0.443104,-0.382592,1.811944,-53.549999,-27.090000,-11.480000,1770467851.709725
-0.567300,-0.634400,2.036180,-63.980000,-17.219999,-19.530001,1770467851.717570
-0.667584,-0.701256,2.170624,-59.290001,-19.250000,-9.590000,1770467851.725545
-0.746152,-0.754936,2.117676,-52.080002,-37.799999,-5.460000,1770467851.733642
-0.766160,-0.572668,1.866600,-40.810001,-70.419998,-4.620000,1770467851.741575
-0.682468,-0.290604,1.615280,-32.759998,-114.660004,-5.180000,1770467851.749727
-0.507276,0.005368,1.473028,-32.410000,-156.520004,-5.880000,1770467851.757532
-0.261568,0.237900,1.401780,-34.790001,-186.970001,-3.990000,1770467851.765546
-0.046116,0.298900,1.337120,-42.419998,-201.809998,-4.270000,1770467851.773542
0.107360,0.314028,1.154608,-49.980000,-198.449997,-16.940001,1770467851.781611
0.324032,0.338672,0.977952,-57.119999,-211.050003,-23.940001,1770467851.789656
0.509960,0.611220,0.742492,-30.309999,-197.539993,24.360001,1770467851.797647
0.498736,0.608048,0.544852,-44.590000,-179.759995,29.330000,1770467851.805545
0.515084,0.592676,0.352336,-49.910000,-152.320007,39.900002,1770467851.813550
0.556808,0.462868,0.258640,-56.700001,-115.220001,37.450001,1770467851.821626
0.594628,0.266204,0.237412,-54.529999,-78.680000,36.119999,1770467851.829565
0.626592,0.090280,0.237168,-36.119999,-40.320000,29.049999,1770467851.837544
0.610000,-0.024400,0.236680,-15.540000,-1.470000,23.870001,1770467851.845539
0.542656,-0.075640,0.270108,6.650000,34.790001,21.840000,1770467851.853543
0.460428,-0.101748,0.321348,21.910000,66.639999,21.139999,1770467851.861615
0.370392,-0.117364,0.361852,30.520000,90.089996,20.160000,1770467851.869553
0.308416,-0.145180,0.436272,38.570000,107.660004,10.990000,1770467851.877523
0.312564,-0.222772,0.553148,46.340000,118.230003,8.960000,1770467851.885545
0.284504,-0.285968,0.703940,52.080002,124.320000,16.379999,1770467851.893543
0.281332,-0.348676,0.863272,56.630001,129.850006,26.670000,1770467851.901660
0.203252,-0.699304,1.148996,47.599998,124.180000,8.190000,1770467851.909715
0.177388,-0.741272,1.196088,38.990002,129.919998,-8.680000,1770467851.917604
0.169092,-0.769332,1.251964,45.639999,123.269997,-11.270000,1770467851.925549
0.139568,-0.785680,1.344684,54.529999,103.180000,-1.540000,1770467851.933589
0.108092,-0.797148,1.470100,55.509998,76.510002,2.870000,1770467851.941568
0.072224,-0.767136,1.566480,50.049999,58.730000,10.290000,1770467851.949593
0.018788,-0.619760,1.608204,49.980000,52.849998,9.520000,1770467851.957535
-0.004880,-0.417972,1.647976,42.419998,51.520000,4.200000,1770467851.965548
-0.028548,-0.198860,1.707024,36.889999,58.099998,-1.960000,1770467851.973806
-0.076860,0.037332,1.749480,22.190001,72.099998,-6.020000,1770467851.981708
-0.116388,0.210816,1.790472,0.000000,81.620003,-10.710000,1770467851.989709
-0.198372,0.377468,1.760948,-20.020000,85.750000,-14.280000,1770467851.997535
-0.258152,0.443348,1.665056,-39.130001,86.730003,-21.559999,1770467852.005656
-0.330620,0.475068,1.487180,-45.639999,81.900002,-26.320000,1770467852.013550
-0.391376,0.472384,1.310768,-48.299999,74.059998,-38.290001,1770467852.021585
-0.427000,0.460916,1.166076,-45.919998,63.419998,-44.029999,1770467852.029554
-0.444080,0.445300,1.031632,-37.869999,51.310001,-54.110001,1770467852.037528
-0.437492,0.417240,0.889868,-32.759998,33.740002,-64.050003,1770467852.045545
-0.396988,0.416020,0.763964,-24.010000,17.570000,-66.779999,1770467852.053601
-0.356484,0.385032,0.647088,-20.650000,1.890000,-74.900002,1770467852.061585
-0.279136,0.369660,0.501420,-16.030001,-14.140000,-70.699997,1770467852.069563
-0.249612,0.298656,0.363072,-9.870000,-28.209999,-66.010002,1770467852.077567
-0.209840,0.205204,0.229848,-4.760000,-37.869999,-54.110001,1770467852.085538
-0.182756,0.107604,0.138348,2.730000,-46.549999,-43.820000,1770467852.093588
-0.155916,0.038796,0.090768,13.580000,-50.259998,-34.930000,1770467852.101575
-0.111020,0.019764,0.087352,25.410000,-52.009998,-27.299999,1770467852.109551
-0.066612,0.031964,0.105896,40.320000,-54.180000,-20.090000,1770467852.117580
-0.032940,0.064904,0.170800,52.009998,-52.779999,-14.980000,1770467852.125545
-0.009272,0.063196,0.280112,64.680000,-48.860001,-8.330000,1770467852.133532
0.023912,0.045872,0.427244,68.879997,-40.040001,-4.550000,1770467852.141580
0.065392,0.093696,0.644648,62.509998,-31.219999,-1.610000,1770467852.149578
0.061244,0.132736,0.937936,51.660000,-13.020000,-3.360000,1770467852.157643
0.059536,0.077592,1.161196,36.400002,6.440000,-6.860000,1770467852.165562
0.008052,-0.021228,1.325408,26.110001,18.900000,-10.290000,1770467852.173539
-0.077104,-0.128832,1.472784,17.639999,30.100000,-17.639999,1770467852.181537
-0.160308,-0.259128,1.583804,14.840000,29.330000,-15.330000,1770467852.189584
-0.312564,-0.414556,1.753872,17.010000,21.770000,-8.400000,1770467852.197529
-0.471652,-0.684908,1.979572,-1.120000,14.210000,-23.170000,1770467852.205541
-0.440908,-0.718580,2.163548,-5.670000,-4.270000,-24.150000,1770467852.213545
-0.432124,-0.739076,2.271152,-12.740000,-25.340000,-17.290001,1770467852.221588
-0.403820,-0.578036,2.196976,-21.000000,-45.360001,-23.590000,1770467852.229543
-0.332816,-0.275964,2.016172,-29.959999,-62.439999,-31.010000,1770467852.237529
-0.230092,0.031964,1.806088,-42.349998,-73.919998,-36.189999,1770467852.245561
-0.095648,0.248880,1.590636,-51.520000,-82.669998,-34.020000,1770467852.253533
-0.015372,0.298900,1.392752,-66.430000,-88.199997,-31.570000,1770467852.261549
0.043188,0.325984,1.165344,-74.059998,-87.849998,-39.689999,1770467852.269633
0.109556,0.333060,0.942572,-75.879997,-89.250000,-51.240002,1770467852.277576
0.251808,0.617808,0.721752,-57.610001,-94.500000,2.800000,1770467852.285638
0.195932,0.640500,0.594628,-67.129997,-87.430000,17.290001,1770467852.293549
0.192516,0.569740,0.458232,-69.790001,-75.110001,24.290001,1770467852.301572
0.209108,0.444568,0.335988,-63.070000,-58.869999,27.370001,1770467852.309550
0.234484,0.288652,0.270596,-45.009998,-41.090000,26.600000,1770467852.317546
0.259860,0.179584,0.240828,-22.889999,-21.770000,24.430000,1770467852.325549
0.258640,0.113948,0.206180,0.140000,-3.010000,27.230000,1770467852.333582
0.224724,0.066612,0.170556,19.110001,17.920000,27.580000,1770467852.341578
0.172752,0.026352,0.170068,30.100000,38.290001,28.629999,1770467852.349611
0.149572,-0.008296,0.225456,42.000000,57.119999,24.219999,1770467852.357542
0.170800,-0.079300,0.384788,51.799999,70.629997,17.780001,1770467852.365546
0.261568,-0.178364,0.600972,56.770000,77.839996,16.030001,1770467852.373564
0.261812,-0.215696,0.761036,57.680000,83.510002,20.930000,1770467852.381690
0.282552,-0.251564,0.935984,59.009998,91.279999,25.760000,1770467852.389549
0.292312,-0.381860,1.208532,61.669998,91.839996,19.389999,1770467852.397536
0.285724,-0.624152,1.403244,56.980000,97.650002,8.610000,1770467852.405622
0.262056,-0.723460,1.424228,63.209999,97.650002,0.350000,1770467852.413537
0.254004,-0.825696,1.462780,71.190002,87.779999,4.480000,1770467852.421588
0.249612,-0.911828,1.541836,66.639999,69.300003,16.030001,1770467852.429552
0.211304,-0.956480,1.684088,50.330002,48.509998,29.120001,1770467852.437569
0.071248,-0.933300,1.819020,31.990000,45.080002,34.230000,1770467852.445570
0.001952,-0.861076,1.849032,25.690001,53.830002,26.670000,1770467852.453547
-0.103456,-0.629764,1.858792,24.080000,72.589996,18.690001,1770467852.461574
-0.215940,-0.338428,1.862940,13.650000,91.699997,8.820000,1770467852.469552
-0.341112,-0.042944,1.813896,5.530000,103.669998,-5.390000,1770467852.477566
-0.453840,0.187148,1.713368,-10.780000,106.120003,-20.160000,1770467852.485557
-0.529480,0.333060,1.581364,-25.129999,101.150002,-29.190001,1770467852.493542
-0.582672,0.419924,1.446676,-38.009998,90.300003,-41.580002,1770467852.501592
-0.607316,0.450912,1.274900,-44.730000,71.540001,-47.599998,1770467852.509580
-0.616588,0.467992,1.075796,-44.029999,49.279999,-58.590000,1770467852.517797
-0.575108,0.441152,0.894992,-35.419998,24.290001,-65.800003,1770467852.525596
-0.504592,0.409432,0.744688,-22.680000,-3.360000,-72.309998,1770467852.533539
-0.471896,0.398940,0.631228,-8.330000,-27.580000,-83.510002,1770467852.541634
-0.384056,0.346968,0.551196,-2.240000,-44.029999,-88.690002,1770467852.549562
-0.223016,0.482632,0.389424,14.210000,-55.580002,-66.779999,1770467852.557537
-0.190076,0.465552,0.332328,15.610000,-71.540001,-49.770000,1770467852.565548
-0.161040,0.366732,0.281088,17.430000,-73.639999,-36.400002,1770467852.573544
-0.127368,0.264252,0.227408,16.590000,-71.889999,-27.160000,1770467852.581617
-0.102236,0.163480,0.180804,16.309999,-65.169998,-15.190000,1770467852.589632
-0.078080,0.103944,0.141276,22.959999,-59.919998,-6.090000,1770467852.597540
-0.064172,0.080032,0.140788,29.400000,-54.740002,5.180000,1770467852.605544
-0.050020,0.079300,0.196664,37.869999,-53.130001,12.950000,1770467852.613568
-0.053436,0.054900,0.306464,44.869999,-48.930000,24.990000,1770467852.621581
-0.059048,0.068320,0.452864,52.849998,-37.590000,39.410000,1770467852.629554
-0.111020,0.149328,0.650992,58.240002,-25.200001,43.330002,1770467852.637544
-0.157868,0.215452,0.872788,52.570000,-14.910000,46.200001,1770467852.645560
-0.252052,0.213256,1.030656,37.520000,-8.330000,37.799999,1770467852.653545
-0.340868,0.146156,1.111908,16.170000,-4.760000,29.469999,1770467852.661573
-0.376492,0.063928,1.220488,-2.310000,-7.700000,19.740000,1770467852.669552
-0.392840,-0.056120,1.383236,-12.530000,-21.700001,14.140000,1770467852.677648
-0.426024,-0.209108,1.582584,-20.090000,-33.669998,16.940001,1770467852.685571
-0.518500,-0.496296,1.819508,-31.360001,-47.669998,-5.180000,1770467852.693531
-0.440420,-0.616832,1.986160,-35.910000,-61.250000,-6.790000,1770467852.701574
-0.452132,-0.668560,2.102792,-41.580002,-66.080002,-3.990000,1770467852.709599
-0.434564,-0.843996,2.104744,-50.750000,-66.010002,-1.400000,1770467852.717536
-0.379908,-0.684420,1.899052,-48.020000,-68.529999,1.890000,1770467852.725611
-0.319884,-0.340624,1.653832,-40.740002,-77.209999,3.430000,1770467852.733582
-0.244244,0.004636,1.437648,-38.430000,-90.300003,6.790000,1770467852.741683
-0.149328,0.210572,1.305156,-45.430000,-104.650002,13.300000,1770467852.749561
-0.055144,0.280356,1.202188,-54.880001,-113.680000,15.540000,1770467852.757576
-0.020008,0.294996,1.040660,-71.750000,-111.230003,12.670000,1770467852.765702
0.020008,0.333060,0.856928,-80.570000,-107.099998,3.430000,1770467852.773530
0.394792,0.764208,0.587064,-65.870003,-108.500000,46.130001,1770467852.781580
0.127612,0.584136,0.621468,-74.059998,-97.019997,53.619999,1770467852.789570
0.138348,0.474824,0.556076,-80.989998,-85.540001,61.669998,1770467852.797540
0.145912,0.315004,0.482632,-80.570000,-69.440002,59.360001,1770467852.805542
0.153964,0.179584,0.394548,-68.459999,-55.090000,62.790001,1770467852.813522
0.156160,0.087352,0.317200,-54.320000,-40.250000,60.130001,1770467852.821701
0.160552,0.011956,0.269864,-39.340000,-26.530001,57.330002,1770467852.829553
0.172752,-0.023668,0.262788,-18.900000,-14.700000,54.669998,1770467852.837535
0.191540,-0.071736,0.323544,-0.910000,-3.640000,46.900002,1770467852.845543
0.235216,-0.110776,0.430416,14.210000,4.690000,40.250000,1770467852.853537
0.273768,-0.191540,0.520940,23.660000,11.690000,37.520000,1770467852.861600
0.311832,-0.235704,0.623176,28.700001,18.410000,40.740002,1770467852.869559
0.402356,-0.319396,0.795440,42.630001,25.340000,46.900002,1770467852.877537
0.404308,-0.467260,1.031876,49.349998,23.870001,37.029999,1770467852.885541
0.418704,-0.831308,1.263188,50.610001,35.560001,29.680000,1770467852.893534
0.512888,-1.026996,1.349076,70.000000,46.759998,24.219999,1770467852.901613
0.540704,-1.184132,1.395680,75.389999,50.610001,29.610001,1770467852.909550
0.580964,-1.345416,1.425692,68.599998,44.099998,37.240002,1770467852.917522
0.580476,-1.495476,1.507676,49.209999,38.779999,52.500000,1770467852.925595
0.504836,-1.374696,1.566724,41.090000,50.400002,58.869999,1770467852.933683
0.369416,-1.054080,1.565992,51.310001,83.370003,50.820000,1770467852.941576
0.202520,-0.635132,1.565260,58.660000,125.650002,44.099998,1770467852.949559
0.044408,-0.224968,1.623088,53.970001,158.199997,28.350000,1770467852.957579
-0.089792,0.142252,1.695556,36.119999,175.279999,20.090000,1770467852.965549
-0.266692,0.420168,1.729472,8.190000,173.179993,9.870000,1770467852.973859
-0.373320,0.557296,1.741184,-14.350000,158.410004,-1.680000,1770467852.982215
-0.540704,0.655872,1.667740,-28.280001,140.839996,-15.960000,1770467852.989751
-0.600972,0.646112,1.544520,-39.410000,117.739998,-25.059999,1770467852.997540
-0.596092,0.703208,1.340292,-43.750000,90.089996,-24.990000,1770467853.005564
-0.594140,0.688324,1.140700,-44.029999,58.169998,-30.660000,1770467853.013531
-0.534116,0.599020,0.930860,-41.090000,31.150000,-35.279999,1770467853.021632
-0.443104,0.522160,0.718580,-35.770000,9.100000,-38.220001,1770467853.029648
-0.357704,0.486048,0.575596,-22.400000,-4.550000,-37.310001,1770467853.037520
-0.285480,0.475068,0.478972,-13.650000,-13.160000,-33.459999,1770467853.045543
-0.233752,0.438956,0.387960,-6.300000,-16.450001,-28.209999,1770467853.053540
-0.198372,0.388448,0.295240,-3.220000,-17.430000,-17.290001,1770467853.061592
-0.164700,0.263276,0.237900,-2.520000,-13.650000,-9.310000,1770467853.069575
-0.153232,0.179584,0.184952,0.210000,-10.570000,4.550000,1770467853.077540
-0.162992,0.069540,0.151524,0.770000,-5.600000,7.910000,1770467853.085545
-0.185196,-0.009516,0.126392,2.870000,-2.240000,18.270000,1770467853.093539
-0.196420,-0.059536,0.126636,8.890000,-4.970000,17.639999,1770467853.101628
-0.195688,-0.106628,0.212280,11.340000,-5.600000,25.969999,1770467853.109558
-0.184464,-0.144448,0.374296,20.580000,-5.040000,36.610001,1770467853.117510
-0.208620,-0.156404,0.584624,21.420000,-6.790000,43.540001,1770467853.125664
-0.237656,-0.102724,0.815204,18.620001,-7.280000,52.290001,1770467853.133566
-0.306220,-0.080520,0.976244,7.910000,-6.440000,49.349998,1770467853.141574
-0.367220,-0.070272,1.014064,-5.530000,-5.320000,46.900002,1770467853.149545
-0.415776,-0.130784,1.043832,-12.180000,-9.380000,42.630001,1770467853.157537
-0.476776,-0.305488,1.096780,-24.219999,-12.250000,18.969999,1770467853.165537
-0.445544,-0.408944,1.152412,-17.080000,-18.340000,12.320000,1770467853.173579
-0.443348,-0.483364,1.314916,-8.750000,-28.559999,8.820000,1770467853.181572
-0.427732,-0.638792,1.596492,-17.709999,-41.580002,5.460000,1770467853.189551
-0.394792,-0.744444,1.911008,-19.459999,-52.430000,-1.610000,1770467853.197531
-0.355752,-0.748104,2.176236,-28.420000,-57.750000,-3.150000,1770467853.205521
-0.322080,-0.615612,2.220644,-34.650002,-59.220001,-2.520000,1770467853.213527
-0.298412,-0.335500,2.004948,-43.119999,-63.770000,0.210000,1770467853.221671
-0.249856,-0.062708,1.752896,-52.009998,-66.639999,5.810000,1770467853.229604
-0.183976,0.145424,1.547204,-58.240002,-71.470001,15.680000,1770467853.237535
-0.136884,0.232288,1.375184,-68.320000,-73.010002,26.250000,1770467853.245536
-0.141276,0.251076,1.174372,-80.220001,-68.949997,26.180000,1770467853.253566
-0.149328,0.251564,0.966240,-95.620003,-61.810001,29.400000,1770467853.261594
-0.050752,0.409676,0.706136,-90.650002,-51.660000,55.439999,1770467853.269547
-0.064904,0.389180,0.652212,-92.540001,-53.200001,76.860001,1770467853.277535
-0.102480,0.232776,0.620248,-90.230003,-42.910000,77.839996,1770467853.285526
-0.087352,0.102480,0.555100,-82.669998,-34.230000,75.320000,1770467853.293539
-0.074664,0.012200,0.482632,-68.320000,-29.680000,72.239998,1770467853.301546
-0.050752,-0.059048,0.439200,-55.790001,-27.790001,71.400002,1770467853.309613
-0.013420,-0.122000,0.439688,-37.450001,-27.440001,72.519997,1770467853.317617
0.046116,-0.123708,0.488244,-6.790000,-22.260000,80.290001,1770467853.325568
0.186904,-0.304024,0.651724,15.470000,-23.450001,93.940002,1770467853.333548
0.229116,-0.247660,0.662460,35.209999,-33.180000,90.860001,1770467853.341581
0.016592,-0.472872,0.759328,16.940001,-24.990000,49.700001,1770467853.349552
0.145180,-0.464820,0.620980,14.000000,-27.160000,42.490002,1770467853.357564
0.199104,-0.511668,0.627080,10.780000,-25.410000,39.270000,1770467853.365542
0.244488,-0.557296,0.734440,8.890000,-23.309999,41.369999,1770467853.373574
0.272304,-0.616832,0.853512,7.210000,-15.540000,32.830002,1770467853.381610
0.296948,-0.680760,0.964532,2.310000,-3.150000,37.029999,1770467853.389559
0.300120,-0.739320,1.069208,4.970000,7.560000,29.260000,1770467853.397538
0.304756,-0.814228,1.157536,-3.150000,13.300000,25.900000,1770467853.405544
0.320372,-0.961848,1.258064,-8.120000,18.969999,28.280001,1770467853.413564
0.363804,-1.131428,1.386652,-13.020000,26.180000,25.129999,1770467853.421640
0.386008,-1.194868,1.421544,-11.200000,34.020000,24.570000,1770467853.429563
0.361852,-1.081164,1.376160,8.260000,46.619999,17.150000,1770467853.437542
0.292556,-0.805200,1.386896,24.219999,62.090000,17.150000,1770467853.445566
0.199348,-0.402356,1.462780,33.880001,83.300003,17.570000,1770467853.453589
0.074664,-0.027084,1.560136,29.889999,102.059998,15.540000,1770467853.461576
-0.046604,0.219356,1.630164,6.860000,114.940002,14.420000,1770467853.469551
-0.160064,0.355996,1.600884,-17.570000,116.410004,5.250000,1770467853.477546
-0.260104,0.499956,1.466196,-35.630001,110.879997,-11.830000,1770467853.485539
-0.311344,0.483608,1.311744,-45.570000,98.419998,-25.969999,1770467853.493622
-0.272060,0.511180,1.106296,-48.090000,85.190002,-26.389999,1770467853.501623
-0.221796,0.477996,0.962336,-46.549999,66.639999,-14.840000,1770467853.509649
-0.243268,0.294508,0.916220,-42.980000,53.060001,-12.110000,1770467853.517523
-0.219356,0.131028,0.835456,-33.110001,47.320000,-10.360000,1770467853.525577
-0.217648,0.029280,0.710772,-23.100000,42.980000,-3.360000,1770467853.533538
-0.216184,-0.012688,0.585600,-9.870000,37.169998,-4.410000,1770467853.541649
-0.210328,-0.037332,0.491660,0.560000,32.270000,1.400000,1770467853.549572
-0.213500,-0.081740,0.467748,16.240000,27.440001,-0.700000,1770467853.557569
-0.234240,-0.155916,0.506300,28.910000,28.559999,11.060000,1770467853.565690
-0.249612,-0.125904,0.514108,41.230000,26.320000,21.070000,1770467853.573536
-0.332084,-0.188368,0.542900,43.119999,24.639999,32.200001,1770467853.581578
-0.556564,-0.334280,0.564616,36.400002,24.219999,24.430000,1770467853.589552
-0.464332,-0.341112,0.532896,39.060001,7.420000,8.960000,1770467853.597561
-0.429196,-0.380396,0.549976,46.130001,-7.210000,7.350000,1770467853.605595
-0.397232,-0.444812,0.590480,57.189999,-20.790001,8.190000,1770467853.613536
-0.374540,-0.466772,0.666852,65.449997,-30.450001,12.530000,1770467853.621849
-0.376004,-0.502640,0.780312,72.870003,-30.660000,10.290000,1770467853.629612
-0.420168,-0.567544,0.890112,75.739998,-22.610001,7.280000,1770467853.637683
-0.486048,-0.680028,0.999668,77.209999,-9.100000,9.310000,1770467853.645538
-0.605364,-0.783972,1.115324,74.970001,7.420000,5.810000,1770467853.653536
-0.761768,-0.864736,1.202432,68.739998,27.299999,4.550000,1770467853.661574
-0.997472,-0.929396,1.238056,60.970001,46.270000,-1.610000,1770467853.669553
-1.163148,-0.898164,1.189988,60.549999,51.869999,-8.820000,1770467853.677539
-1.213168,-0.728584,1.202432,63.209999,26.459999,-7.770000,1770467853.685674
-1.180228,-0.500444,1.303936,63.980000,-26.670000,-3.710000,1770467853.693542
-1.064328,-0.226188,1.464000,59.290001,-91.839996,0.910000,1770467853.701575
-0.853024,0.056364,1.671888,42.770000,-146.229996,-2.520000,1770467853.709549
-0.575596,0.278648,1.822680,22.120001,-183.399994,0.000000,1770467853.717522
-0.276452,0.386740,1.868064,-6.790000,-209.649994,1.050000,1770467853.725571
-0.116388,0.385032,1.705804,-34.369999,-212.520004,-0.280000,1770467853.733572
-0.023424,0.406748,1.403244,-47.529999,-200.830002,2.030000,1770467853.741630
0.414068,0.616588,1.116056,-45.639999,-208.389999,43.330002,1770467853.749545
0.329156,0.540216,0.955260,-52.570000,-197.750000,66.430000,1770467853.757539
0.355020,0.485804,0.776164,-58.099998,-177.100006,80.919998,1770467853.765669
0.368440,0.411140,0.636108,-55.509998,-150.570007,88.760002,1770467853.773538
0.386008,0.286456,0.523136,-47.669998,-122.849998,86.309998,1770467853.781570
0.411384,0.159576,0.447252,-36.470001,-93.800003,83.019997,1770467853.789572
0.420656,0.079300,0.372100,-17.990000,-67.339996,76.160004,1770467853.797516
0.419680,0.064416,0.296216,-2.100000,-43.400002,69.019997,1770467853.805546
0.406748,0.078324,0.258396,10.780000,-21.209999,66.080002,1770467853.813531
0.391132,0.080764,0.259372,25.129999,0.070000,62.090000,1770467853.821657
0.381616,0.057828,0.307928,31.709999,18.969999,62.930000,1770467853.829573
0.398452,-0.003172,0.398696,43.750000,33.459999,55.299999,1770467853.837682
0.390400,-0.082472,0.465796,47.320000,43.889999,47.320000,1770467853.845539
0.369172,-0.093940,0.516548,52.779999,52.990002,41.020000,1770467853.853541
0.340868,-0.106384,0.620492,54.529999,61.110001,36.680000,1770467853.861575
0.373808,-0.192272,0.773724,55.020000,71.190002,35.349998,1770467853.869555
0.376492,-0.262788,0.933056,59.990002,78.190002,36.189999,1770467853.877541
0.388204,-0.354532,1.132892,62.790001,84.839996,45.779999,1770467853.885646
0.303536,-0.467260,1.343952,70.419998,88.199997,36.119999,1770467853.893546
0.204716,-0.705892,1.465708,68.739998,103.389999,33.320000,1770467853.901577
0.187148,-0.792268,1.436184,67.760002,108.989998,33.320000,1770467853.909557
0.164944,-0.942328,1.443992,60.200001,98.279999,40.389999,1770467853.917560
0.063196,-1.082140,1.523536,49.209999,84.839996,47.529999,1770467853.925612
-0.072468,-1.083848,1.616500,48.650002,92.750000,43.330002,1770467853.933565
-0.203252,-0.895968,1.630408,53.549999,105.489998,35.560001,1770467853.941589
-0.316468,-0.571936,1.604544,48.720001,120.050003,25.200001,1770467853.949549
-0.403088,-0.214720,1.617232,45.080002,126.629997,15.470000,1770467853.957524
-0.489708,0.096624,1.672620,30.450001,124.389999,10.990000,1770467853.965544
-0.558028,0.340136,1.705316,7.000000,112.139999,8.470000,1770467853.973722
-0.602924,0.472628,1.665300,-17.639999,98.279999,-0.490000,1770467853.982346
-0.611952,0.567788,1.535248,-41.090000,74.970001,-11.830000,1770467853.989727
-0.651236,0.641476,1.386164,-48.230000,58.520000,-25.830000,1770467853.997555
-0.506544,0.825696,1.170224,-47.880001,37.169998,-10.710000,1770467854.005603
-0.520452,0.749568,1.019920,-55.230000,16.730000,-6.650000,1770467854.013534
-0.449936,0.656360,0.835212,-54.740002,-0.420000,-10.570000,1770467854.021581
-0.366488,0.562176,0.658556,-50.889999,-15.260000,-7.910000,1770467854.031553
-0.294508,0.466040,0.537532,-35.209999,-24.570000,-4.620000,1770467854.037555
-0.241072,0.386984,0.456768,-22.750000,-27.160000,2.240000,1770467854.045677
-0.206668,0.347944,0.386740,-8.750000,-26.670000,11.760000,1770467854.053535
-0.173484,0.338672,0.345748,1.680000,-23.870001,14.980000,1770467854.061575
-0.135908,0.323544,0.328668,7.910000,-22.469999,18.480000,1770467854.069552
-0.122732,0.305976,0.331108,14.630000,-20.719999,26.950001,1770467854.077540
-0.127612,0.272304,0.362828,20.580000,-20.930000,30.030001,1770467854.085556
-0.151524,0.231068,0.390156,26.879999,-19.459999,36.119999,1770467854.093542
-0.173240,0.179584,0.404308,29.889999,-23.799999,35.000000,1770467854.101576
-0.189588,0.125172,0.433100,28.070000,-31.010000,38.360001,1770467854.109543
-0.192028,0.063684,0.489464,33.459999,-35.770000,34.790001,1770467854.117522
-0.218868,-0.025132,0.582428,37.660000,-35.560001,33.110001,1770467854.125562
-0.269620,-0.115900,0.680272,40.880001,-28.000000,29.820000,1770467854.133598
-0.308416,-0.194712,0.800076,53.410000,-17.850000,30.170000,1770467854.141579
-0.612196,-0.488000,0.989176,48.090000,2.170000,21.280001,1770467854.149555
-0.564372,-0.566324,1.135576,54.110001,5.530000,-2.520000,1770467854.157563
-0.641476,-0.744932,1.332728,56.980000,10.990000,-7.350000,1770467854.165536
-0.726876,-0.835212,1.463268,60.130001,10.640000,-9.100000,1770467854.173606
-0.818620,-0.933056,1.535004,60.970001,7.070000,-3.920000,1770467854.181568
-0.886940,-0.959408,1.564040,54.950001,-0.910000,0.280000,1770467854.189600
-0.875228,-0.893772,1.610644,50.959999,-14.980000,0.420000,1770467854.197534
-0.809836,-0.726632,1.654564,39.619999,-37.590000,0.560000,1770467854.205536
-0.662460,-0.494100,1.710440,32.200001,-64.120003,-1.610000,1770467854.213528
-0.461648,-0.242292,1.782420,22.190001,-87.290001,-1.960000,1770467854.221539
-0.272304,-0.002196,1.828536,9.590000,-99.680000,1.190000,1770467854.229601
-0.107604,0.180072,1.810968,-1.470000,-104.089996,2.870000,1770467854.237630
0.038064,0.281332,1.722152,-19.320000,-99.330002,10.220000,1770467854.245536
0.105408,0.221552,1.535248,-33.180000,-90.790001,12.180000,1770467854.253541
0.141764,0.195688,1.278072,-42.770000,-78.400002,11.550000,1770467854.261589
0.347944,0.187880,1.039440,-34.369999,-79.519997,22.330000,1770467854.269590
0.387472,0.313296,0.907924,-13.020000,-68.250000,63.910000,1770467854.277526
0.362828,0.340136,0.783484,-2.100000,-56.349998,86.309998,1770467854.285523
0.341844,0.371612,0.648064,3.780000,-43.119999,100.309998,1770467854.293536
0.318908,0.410164,0.529236,7.070000,-30.240000,105.559998,1770467854.301568
0.293776,0.442128,0.429196,8.120000,-15.330000,112.000000,1770467854.309584
0.268888,0.473848,0.331352,9.240000,-0.210000,111.650002,1770467854.317559
0.229604,0.508008,0.244488,9.450000,12.670000,111.440002,1770467854.325646
0.191052,0.539484,0.168604,8.890000,22.049999,106.610001,1770467854.333555
0.152012,0.535580,0.109800,3.640000,28.420000,95.410004,1770467854.341616
0.132492,0.504104,0.055632,-6.580000,33.180000,88.550003,1770467854.349580
0.134688,0.438468,0.012200,-13.580000,35.910000,73.220001,1770467854.357550
0.144204,0.372100,0.013908,-17.010000,40.669998,71.260002,1770467854.365543
0.157136,0.315004,0.072712,-11.130000,50.540001,64.260002,1770467854.373553
0.175680,0.273768,0.221796,-4.760000,63.209999,60.830002,1770467854.381675
0.204960,0.234240,0.456280,-1.960000,75.389999,56.000000,1770467854.389560
0.218136,0.177632,0.762988,-2.520000,90.440002,50.049999,1770467854.397542
0.194468,0.085400,1.065304,-6.860000,110.949997,50.610001,1770467854.405547
0.116144,-0.036844,1.336876,-1.120000,140.770004,55.439999,1770467854.413559
-0.006344,-0.175680,1.628212,18.549999,173.039993,62.369999,1770467854.421669
-0.158112,-0.233996,1.866844,36.680000,198.169998,77.559998,1770467854.429573
-0.312808,-0.207888,2.079856,49.560001,197.960007,84.839996,1770467854.437556
-0.528748,-0.314272,2.308484,36.330002,172.479996,98.419998,1770467854.445548
-1.066768,-0.665632,2.337520,9.730000,172.619995,81.690002,1770467854.453626
-1.019676,-0.633424,2.047404,-10.220000,144.059998,59.849998,1770467854.461580
-1.106296,-0.565104,1.816336,-22.190001,115.150002,48.020000,1770467854.469555
-1.138260,-0.415044,1.593564,-30.520000,86.730003,38.500000,1770467854.477542
-1.129964,-0.228628,1.418616,-36.959999,58.730000,27.160000,1770467854.485547
-1.086288,-0.012444,1.292224,-38.150002,28.770000,22.610001,1770467854.493587
-1.010404,0.178608,1.212192,-42.560001,4.340000,13.440000,1770467854.501658
-0.887672,0.330864,1.140212,-51.450001,-16.450001,7.350000,1770467854.509563
-0.749812,0.457012,1.039440,-55.020000,-34.439999,0.210000,1770467854.517528
-0.598532,0.531920,0.955016,-57.540001,-48.020000,-5.460000,1770467854.525666
-0.435540,0.492636,0.892796,-58.240002,-60.480000,-10.290000,1770467854.533576
-0.345016,0.568520,0.812764,-47.529999,-71.889999,-31.990000,1770467854.541580
-0.160064,0.618296,0.735416,-37.450001,-78.400002,-28.700001,1770467854.549555
-0.055388,0.668316,0.666608,-25.549999,-89.739998,-26.320000,1770467854.557542
0.024644,0.686372,0.620248,-23.660000,-98.980003,-16.940001,1770467854.565675
0.052216,0.654652,0.552172,-27.230000,-99.889999,-10.500000,1770467854.573549
0.096380,0.631472,0.463844,-36.330002,-94.430000,-8.890000,1770467854.581576
0.137860,0.571448,0.402844,-42.209999,-83.790001,-2.590000,1770467854.589554
0.162016,0.458476,0.388448,-41.439999,-64.190002,-2.380000,1770467854.597540
0.178364,0.336720,0.405772,-38.080002,-38.779999,9.030000,1770467854.605564
0.162504,0.189832,0.443592,-33.320000,-14.140000,8.190000,1770467854.613547
0.118096,0.038308,0.453840,-28.000000,5.320000,7.700000,1770467854.621577
0.035380,-0.081984,0.452132,-32.480000,22.330000,8.190000,1770467854.629569
-0.054412,-0.251320,0.466040,-28.209999,33.320000,6.370000,1770467854.637556
-0.100284,-0.316956,0.462624,-20.860001,39.200001,13.650000,1770467854.645625
0.013176,-0.695400,0.700768,-7.560000,37.730000,37.029999,1770467854.653563
-0.615368,-0.890356,0.837164,6.510000,64.540001,43.959999,1770467854.661572
-0.472384,-0.943060,0.914756,7.000000,66.639999,4.550000,1770467854.669620
-0.561444,-0.972828,0.983076,23.240000,68.879997,4.340000,1770467854.677544
-0.708088,-0.983320,1.029680,34.299999,68.879997,8.400000,1770467854.685580
-0.816912,-0.961360,1.068232,46.200001,63.630001,6.930000,1770467854.693558
-0.864492,-0.896212,1.123620,58.450001,53.970001,6.230000,1770467854.701584
-0.865468,-0.731756,1.235128,65.309998,39.200001,-0.840000,1770467854.709548
-0.806908,-0.507276,1.360056,73.080002,14.980000,-4.200000,1770467854.717555
-0.725168,-0.252052,1.465708,70.980003,-15.330000,-7.350000,1770467854.725769
-0.617808,-0.054412,1.552084,66.849998,-44.520000,-10.150000,1770467854.733539
-0.480192,0.102968,1.599420,58.520000,-72.309998,-17.219999,1770467854.741582
-0.310612,0.176168,1.633092,43.680000,-89.669998,-17.639999,1770467854.749560
-0.159576,0.240340,1.629188,35.419998,-100.660004,-25.830000,1770467854.757544
-0.042456,0.304024,1.536712,20.440001,-94.639999,-27.860001,1770467854.765652
0.021228,0.405284,1.403488,5.740000,-77.559998,-31.430000,1770467854.773552
0.091256,0.537532,1.254648,-9.240000,-49.770000,-36.189999,1770467854.781577
0.287188,0.801052,1.134112,-18.410000,-31.780001,9.170000,1770467854.789594
0.228872,0.727608,1.053348,-42.070000,-0.140000,12.110000,1770467854.797562
0.187392,0.657336,0.875472,-65.309998,35.910000,19.740000,1770467854.805696
0.139080,0.491416,0.758108,-75.879997,70.000000,30.309999,1770467854.813527
0.054168,0.332084,0.671488,-76.089996,101.430000,31.850000,1770467854.821570
-0.019764,0.206424,0.666608,-70.980003,125.089996,39.689999,1770467854.829654
-0.108092,0.106628,0.690764,-59.220001,137.970001,35.349998,1770467854.837556
-0.197152,0.080764,0.695888,-51.660000,141.259995,40.810001,1770467854.845557
-0.278892,0.081984,0.695400,-45.990002,135.380005,45.080002,1770467854.853663
-0.355264,0.109312,0.684420,-40.250000,121.870003,43.889999,1770467854.861577
-0.406748,0.103456,0.645136,-35.630001,105.489998,48.439999,1770467854.869557
-0.445544,0.081008,0.577548,-23.520000,83.089996,47.250000,1770467854.877599
-0.464088,0.040260,0.546316,-13.580000,61.110001,46.970001,1770467854.885549
-0.443836,-0.037088,0.551196,-5.530000,33.599998,41.930000,1770467854.893617
-0.347456,-0.050752,0.577792,0.070000,10.780000,40.040001,1770467854.901586
-0.249368,-0.043188,0.630496,12.250000,-6.790000,41.509998,1770467854.909588
-0.226432,-0.142984,0.715408,20.860001,-10.010000,43.049999,1770467854.917524
-0.141764,-0.185196,0.718336,31.780001,-7.770000,40.810001,1770467854.925550
-0.108336,-0.223992,0.742248,43.189999,-2.590000,15.820000,1770467854.933549
-0.007564,-0.269864,0.831552,43.119999,-3.430000,6.720000,1770467854.941668
0.044408,-0.207156,0.923784,39.759998,5.460000,6.510000,1770467854.949562
0.106384,-0.235948,1.085068,38.080002,17.990000,3.920000,1770467854.957540
0.146888,-0.298412,1.248304,34.439999,34.090000,2.870000,1770467854.965545
0.198616,-0.474824,1.465708,28.000000,47.950001,4.690000,1770467854.973891
0.140300,-0.498736,1.590636,20.580000,67.129997,2.800000,1770467854.982214
0.075884,-0.523868,1.689456,17.850000,82.180000,-0.210000,1770467854.989642
-0.010980,-0.441884,1.717272,25.760000,101.290001,-8.330000,1770467854.997586
-0.133468,-0.231068,1.675792,32.340000,119.980003,-13.930000,1770467855.005559
-0.269864,0.064904,1.574288,39.689999,132.860001,-19.110001,1770467855.013660
-0.390644,0.278404,1.494988,45.779999,142.169998,-23.940001,1770467855.021580
-0.508252,0.434564,1.446676,35.490002,144.410004,-26.879999,1770467855.029605
-0.609024,0.554856,1.369816,26.320000,136.850006,-37.380001,1770467855.037540
-0.690764,0.687836,1.270508,12.810000,124.040001,-43.610001,1770467855.045567
-0.742004,0.723948,1.167296,4.970000,100.519997,-51.450001,1770467855.053619
-0.681980,0.780068,1.007720,3.290000,70.629997,-45.360001,1770467855.061576
-0.655140,0.686128,0.870592,-2.800000,39.759998,-43.540001,1770467855.069556
-0.620248,0.563396,0.733220,-3.220000,16.660000,-41.020000,1770467855.077543
-0.541680,0.445544,0.640744,0.700000,1.120000,-31.920000,1770467855.085670
-0.452864,0.345992,0.579012,6.090000,-4.550000,-27.090000,1770467855.093541
-0.377224,0.274500,0.532164,15.750000,-10.360000,-25.969999,1770467855.101573
-0.330132,0.219844,0.491416,16.520000,-12.320000,-21.350000,1770467855.109545
-0.311588,0.177388,0.446520,22.120001,-9.800000,-21.209999,1770467855.117518
-0.308416,0.118340,0.387472,28.280001,-5.040000,-8.330000,1770467855.125538
-0.356728,0.033428,0.324764,29.330000,-2.030000,-1.120000,1770467855.133580
-0.411872,-0.053436,0.302316,34.650002,0.000000,0.420000,1770467855.141579
-0.439200,-0.133468,0.352580,37.029999,3.220000,0.350000,1770467855.149552
-0.462624,-0.182512,0.473116,38.080002,9.450000,-2.170000,1770467855.157533
-0.492148,-0.205204,0.598776,35.980000,14.980000,-2.170000,1770467855.165537
-0.590236,-0.248880,0.725168,33.320000,24.850000,-3.850000,1770467855.173534
-0.728828,-0.335500,0.814472,34.580002,40.599998,-11.340000,1770467855.181553
-0.884744,-0.475312,0.891088,31.500000,60.830002,-15.050000,1770467855.189570
-1.008940,-0.610732,1.010160,41.020000,79.099998,-17.990000,1770467855.197534
-1.138260,-0.724680,1.194624,49.630001,89.389999,-19.250000,1770467855.205541
-1.254160,-0.742004,1.386408,67.970001,87.220001,-24.850000,1770467855.213538
-1.323212,-0.658312,1.491816,84.910004,57.400002,-31.920000,1770467855.221618
-1.324188,-0.452620,1.533784,91.769997,-4.550000,-38.570000,1770467855.229741
-1.228784,-0.148352,1.536712,93.099998,-77.980003,-40.320000,1770467855.237532
-1.083848,0.107116,1.523780,83.510002,-140.419998,-34.230000,1770467855.245531
-0.909632,0.292312,1.546716,70.419998,-178.289993,-37.380001,1770467855.253539
-0.707844,0.450912,1.566480,53.340000,-196.559998,-31.920000,1770467855.261573
-0.529480,0.542900,1.550376,39.340000,-195.089996,-30.940001,1770467855.269544
-0.365512,0.595604,1.439844,20.790001,-187.740005,-32.900002,1770467855.277531
-0.253760,0.560956,1.232688,7.770000,-180.529999,-43.470001,1770467855.285521
-0.082716,0.578280,0.970144,4.200000,-168.419998,-33.810001,1770467855.293540
0.026352,0.669536,0.745176,8.610000,-163.449997,-28.980000,1770467855.301570
0.208132,0.761280,0.589504,18.549999,-179.410004,9.520000,1770467855.309699
0.201056,0.783484,0.424804,17.219999,-182.210007,20.860001,1770467855.317541
0.211304,0.720532,0.255956,12.530000,-182.279999,40.250000,1770467855.325527
0.237900,0.526796,0.141276,3.010000,-180.600006,43.189999,1770467855.333598
0.284260,0.299876,0.065392,-0.210000,-173.320007,40.389999,1770467855.341587
0.342088,0.147864,0.000732,-4.410000,-160.229996,35.700001,1770467855.349563
0.389912,0.068320,-0.085888,4.690000,-143.009995,25.549999,1770467855.357536
0.395280,0.047336,-0.191296,12.110000,-118.930000,25.549999,1770467855.365543
0.406748,0.077104,-0.259128,21.420000,-90.790001,16.940001,1770467855.373553
0.398452,0.130296,-0.254248,33.320000,-55.439999,13.790000,1770467855.381575
0.402600,0.197396,-0.152744,33.669998,-17.080000,6.300000,1770467855.389550
0.416752,0.261080,0.063440,29.190001,25.200001,-0.140000,1770467855.397546
0.444812,0.315980,0.338428,18.900000,70.629997,1.750000,1770467855.405564
0.469700,0.385276,0.680028,5.880000,122.639999,-2.730000,1770467855.413594
0.470432,0.431148,1.087264,-12.250000,179.759995,-1.470000,1770467855.421578
0.386984,0.444324,1.432768,-37.450001,237.440002,-1.470000,1770467855.429667
0.181048,0.389180,1.653832,-57.470001,283.359985,-4.760000,1770467855.437541
-0.099064,0.309148,2.001776,-80.010002,315.839996,-6.090000,1770467855.445552
-0.542900,0.232776,2.372168,-98.769997,344.190002,-17.920000,1770467855.453580
-0.845704,0.011224,2.547604,-87.989998,355.809998,-13.230000,1770467855.461580
-1.262700,-0.186660,2.407792,-40.529999,336.209991,17.360001,1770467855.469621
-1.733620,-0.448960,1.957856,-25.690001,290.570007,-2.380000,1770467855.477539
-1.793156,-0.381128,1.473760,-18.690001,197.399994,-7.000000,1770467855.485543
-1.843420,-0.254248,1.227564,-26.809999,94.989998,-12.110000,1770467855.493572
-1.771684,-0.159820,1.165832,-32.970001,8.120000,-13.370000,1770467855.501683
-1.555988,-0.098576,1.199016,-40.810001,-58.590000,-27.230000,1770467855.509564
-1.314672,-0.040748,1.167784,-43.330002,-99.190002,-32.689999,1770467855.517561
-1.049200,0.008540,1.055788,-46.340000,-126.769997,-44.590000,1770467855.525605
-0.818864,0.048068,0.917684,-45.779999,-142.100006,-57.119999,1770467855.533540
-0.612196,0.071736,0.768844,-42.209999,-151.759995,-60.619999,1770467855.541578
-0.452376,0.083692,0.645624,-37.869999,-155.750000,-66.080002,1770467855.549555
-0.315492,0.091988,0.534116,-28.490000,-156.449997,-68.459999,1770467855.557539
-0.212524,0.109068,0.443104,-20.020000,-156.660004,-69.860001,1770467855.565672
-0.124928,0.135420,0.363316,-11.970000,-152.949997,-68.389999,1770467855.573536
-0.060512,0.167872,0.297192,-0.420000,-150.429993,-66.080002,1770467855.581575
-0.000244,0.200812,0.247660,2.450000,-146.509995,-64.470001,1770467855.589550
0.024400,0.213744,0.223016,8.890000,-140.839996,-60.900002,1770467855.597538
0.015616,0.150304,0.226920,10.640000,-128.240005,-62.160000,1770467855.605684
0.086864,0.129076,0.208864,17.430000,-105.419998,-42.910000,1770467855.613537
0.193004,0.142252,0.218380,30.520000,-92.540001,-11.060000,1770467855.621607
0.155428,0.161772,0.275964,39.970001,-73.919998,2.100000,1770467855.629696
0.116388,0.171532,0.365512,47.529999,-44.099998,10.850000,1770467855.637548
0.060756,0.192028,0.475312,47.669998,-6.580000,16.799999,1770467855.645552
-0.040016,0.211548,0.640988,46.200001,43.400002,22.120001,1770467855.653566
-0.146888,0.219844,0.892064,46.970001,102.410004,24.780001,1770467855.661657
-0.363316,0.250588,1.163392,46.689999,166.949997,28.910000,1770467855.669554
-0.689788,0.252052,1.435208,50.189999,223.020004,18.690001,1770467855.677536
-1.010648,0.225456,1.568920,46.619999,253.119995,10.990000,1770467855.685543
-1.523048,-0.001220,1.615524,36.330002,255.360001,2.940000,1770467855.693544
-1.868796,-0.216916,1.501576,37.310001,204.820007,-24.010000,1770467855.701714
-2.078636,-0.411628,1.442284,36.119999,115.849998,-28.559999,1770467855.709671
-2.100352,-0.520940,1.476200,38.639999,11.970000,-45.220001,1770467855.717531
-1.889292,-0.592188,1.513288,36.540001,-85.190002,-50.189999,1770467855.725538
-1.473516,-0.569740,1.475712,36.189999,-168.070007,-49.490002,1770467855.733556
-1.030412,-0.481900,1.454484,34.860001,-227.149994,-47.389999,1770467855.741578
-0.631228,-0.336232,1.472540,31.920000,-265.720001,-45.009998,1770467855.749556
-0.272548,-0.158844,1.512556,24.639999,-287.000000,-40.880001,1770467855.757525
0.033916,0.013664,1.497184,13.650000,-293.369995,-32.830002,1770467855.765573
0.191540,0.068076,1.349808,1.260000,-285.390015,-29.190001,1770467855.773549
0.684420,-0.035380,1.124596,-5.250000,-282.309998,-24.290001,1770467855.781571
0.607316,0.203984,0.768112,14.910000,-270.480011,9.170000,1770467855.789580
0.570472,0.287676,0.550952,35.630001,-247.940002,36.400002,1770467855.797549
0.511424,0.375272,0.324764,43.119999,-210.070007,43.610001,1770467855.805607
0.472140,0.437492,0.138592,40.389999,-173.740005,53.619999,1770467855.813543
0.435540,0.437004,-0.020496,32.759998,-137.759995,45.430000,1770467855.821577
0.419436,0.400892,-0.144204,15.750000,-100.870003,34.509998,1770467855.829820
0.403088,0.351360,-0.231556,7.700000,-66.779999,24.360001,1770467855.837537
0.392108,0.300852,-0.279868,4.760000,-31.990000,13.790000,1770467855.845599
0.362828,0.253272,-0.293044,8.470000,4.620000,4.900000,1770467855.853552
0.333060,0.238144,-0.264984,18.059999,43.680000,-0.210000,1770467855.861596
0.302560,0.246196,-0.195932,18.410000,80.639999,-1.820000,1770467855.869622
0.274988,0.284260,-0.079056,14.630000,113.470001,-3.920000,1770467855.877574
0.265716,0.328180,0.124440,4.480000,143.500000,-7.910000,1770467855.885546
0.267668,0.347456,0.392352,-4.970000,177.589996,-6.650000,1770467855.893547
0.260592,0.320372,0.688812,-11.200000,218.679993,-8.750000,1770467855.901680
0.243024,0.255468,1.013332,-18.900000,263.059998,-7.560000,1770467855.909552
0.158356,0.205936,1.341024,-24.010000,305.829987,-9.030000,1770467855.917542
-0.039772,0.155428,1.731180,-30.799999,341.880005,-2.730000,1770467855.925545
-0.356972,0.208132,2.398520,-40.740002,365.119995,-5.740000,1770467855.933583
-0.691008,0.132736,2.893108,-54.669998,362.040009,8.260000,1770467855.941577
-1.110200,-0.101992,2.881152,-38.779999,324.239990,38.919998,1770467855.949565
-1.650416,-0.514596,2.286280,-29.889999,267.679993,53.060001,1770467855.957544
-1.638704,-0.386984,1.542568,-33.250000,191.380005,33.180000,1770467855.965566
-1.637484,-0.386984,1.101172,-39.340000,108.430000,26.110001,1770467855.973852
-1.605032,-0.365756,0.973316,-42.419998,36.750000,10.010000,1770467855.982141
-1.501332,-0.336476,1.016992,-38.220001,-5.460000,-0.490000,1770467855.989668
-1.353712,-0.246440,1.091168,-32.900002,-32.900002,-12.810000,1770467855.997549
-1.194136,-0.118828,1.076772,-32.759998,-48.650002,-31.219999,1770467856.005587
-1.020164,0.008296,0.992348,-32.759998,-59.779999,-45.150002,1770467856.013580
-0.829600,0.089792,0.864492,-30.309999,-67.970001,-58.730000,1770467856.021583
-0.662948,0.137616,0.736392,-24.990000,-74.760002,-70.070000,1770467856.029551
-0.507520,0.158600,0.630008,-7.420000,-80.919998,-75.320000,1770467856.037546
-0.366244,0.161040,0.578768,12.670000,-86.309998,-80.849998,1770467856.045555
-0.241316,0.156160,0.545584,34.509998,-93.660004,-85.889999,1770467856.053548
-0.132980,0.165676,0.497272,56.419998,-102.129997,-85.330002,1770467856.061581
-0.067832,0.194956,0.430416,73.010002,-108.080002,-83.300003,1770467856.069558
-0.065636,0.228872,0.361852,80.639999,-112.000000,-78.120003,1770467856.077647
-0.070516,0.251564,0.282796,81.339996,-112.559998,-74.269997,1770467856.085551
-0.005368,0.313784,0.212036,76.650002,-116.339996,-64.470001,1770467856.093545
0.163480,0.401624,0.162260,77.000000,-131.600006,-35.980000,1770467856.101579
0.134932,0.364536,0.162504,71.750000,-131.669998,-19.670000,1770467856.109546
0.165676,0.341112,0.172996,71.190002,-122.709999,-2.590000,1770467856.117535
0.191296,0.340624,0.189832,71.330002,-103.250000,7.350000,1770467856.125646
0.188612,0.373076,0.247904,68.949997,-73.360001,19.180000,1770467856.133565
0.159576,0.436272,0.364292,65.309998,-29.889999,24.709999,1770467856.141581
0.102236,0.482144,0.551684,49.630001,34.650002,25.549999,1770467856.149574
-0.010980,0.481656,0.831064,37.380001,109.410004,20.650000,1770467856.157591
-0.204716,0.441396,1.131428,17.219999,186.619995,14.140000,1770467856.165533
-0.468236,0.339648,1.393972,-3.990000,260.470001,6.720000,1770467856.173538
-0.859124,0.246196,1.542568,-13.650000,326.480011,-9.240000,1770467856.181575
-1.052616,0.056608,1.764852,-16.870001,349.089996,-8.120000,1770467856.189542
-1.623332,-0.470432,1.988112,-14.350000,334.459991,-10.990000,1770467856.197541
-1.958344,-0.705160,2.011780,1.960000,262.149994,-13.510000,1770467856.205595
-2.216740,-0.861808,1.888316,4.970000,152.389999,-24.990000,1770467856.213534
-2.182580,-0.919392,1.714344,-3.640000,22.750000,-24.850000,1770467856.221576
-1.823168,-0.830576,1.582584,-5.250000,-101.080002,-24.290001,1770467856.229549
-1.376404,-0.612684,1.500844,-2.030000,-185.500000,-26.180000,1770467856.237550
-0.955260,-0.402112,1.425692,-5.320000,-232.610001,-23.590000,1770467856.245570
-0.617564,-0.220088,1.335168,-10.780000,-255.639999,-27.090000,1770467856.253640
-0.343308,-0.059780,1.217804,-21.559999,-255.500000,-22.680000,1770467856.261536
-0.105164,0.049044,1.037732,-27.790001,-242.690002,-19.670000,1770467856.269614
0.030500,0.154452,0.833016,-28.000000,-222.389999,-8.540000,1770467856.277537
0.046848,0.216672,0.665632,-23.870001,-193.619995,-8.820000,1770467856.285526
0.043188,0.295240,0.488244,-19.600000,-159.389999,-13.020000,1770467856.293537
0.220820,0.559004,0.275964,-4.690000,-155.330002,16.379999,1770467856.301637
0.167872,0.651724,0.163724,-3.920000,-142.100006,26.600000,1770467856.309561
0.144936,0.623420,0.074908,-10.920000,-129.710007,24.010000,1770467856.317535
0.151036,0.542656,0.016348,-22.680000,-122.989998,24.570000,1770467856.325542
0.179828,0.449204,-0.016836,-28.700001,-112.070000,20.860001,1770467856.333700
0.199348,0.371368,-0.038308,-26.250000,-99.190002,16.100000,1770467856.341572
0.203008,0.307440,-0.052460,-20.230000,-78.959999,12.460000,1770467856.349613
0.188856,0.263032,-0.041968,-9.240000,-54.110001,5.250000,1770467856.357543
0.175192,0.253760,0.007808,-3.990000,-24.360001,3.430000,1770467856.365590
0.172020,0.272548,0.103700,-0.840000,7.980000,-0.280000,1770467856.373544
0.178608,0.297680,0.278160,-0.840000,43.119999,-4.760000,1770467856.381579
0.198128,0.304024,0.485316,-5.110000,80.220001,-7.630000,1770467856.389559
0.199104,0.282796,0.684420,-5.110000,118.089996,-11.690000,1770467856.397607
0.157868,0.236192,0.901580,-5.040000,157.149994,-10.780000,1770467856.405551
0.093208,0.150060,1.156072,-4.690000,193.830002,-14.840000,1770467856.413542
-0.038064,0.062464,1.492060,1.260000,226.940002,-10.360000,1770467856.421580
-0.288652,0.021716,1.998848,5.880000,250.669998,-7.420000,1770467856.429550
-0.633912,0.016592,2.615436,8.540000,254.589996,6.090000,1770467856.437575
-0.991128,-0.061488,2.774524,13.860000,222.740005,35.209999,1770467856.445550
-1.480592,-0.446276,2.397300,2.100000,190.679993,39.689999,1770467856.453549
-1.381528,-0.401868,1.801452,-11.690000,132.440002,26.459999,1770467856.461580
-1.364936,-0.492392,1.446676,-20.370001,69.089996,25.480000,1770467856.469571
-1.335656,-0.501176,1.285880,-24.780001,12.530000,22.049999,1770467856.477541
-1.262212,-0.447008,1.272460,-26.459999,-28.980000,10.990000,1770467856.485543
-1.133380,-0.355264,1.281488,-30.660000,-52.570000,0.420000,1770467856.493542
-0.997472,-0.247172,1.205604,-34.369999,-63.000000,-15.610000,1770467856.501661
-0.861320,-0.148108,1.078724,-39.619999,-66.570000,-27.230000,1770467856.509584
-0.721508,-0.061732,0.940620,-40.110001,-69.860001,-42.139999,1770467856.517539
-0.603412,0.009760,0.805688,-39.340000,-70.559998,-50.750000,1770467856.525545
-0.499224,0.069784,0.691008,-35.419998,-72.870003,-57.259998,1770467856.533615
-0.410164,0.122488,0.601460,-25.340000,-75.459999,-63.700001,1770467856.541581
-0.339648,0.165432,0.529968,-21.070000,-79.660004,-59.500000,1770467856.549552
-0.271816,0.203740,0.464576,-11.480000,-82.529999,-62.020000,1770467856.557545
-0.211548,0.245464,0.410896,-3.780000,-87.360001,-59.639999,1770467856.565543
-0.155916,0.269864,0.358192,4.340000,-91.910004,-58.939999,1770467856.573600
-0.100040,0.298168,0.310856,13.440000,-97.440002,-58.310001,1770467856.581579
-0.063440,0.313784,0.272548,19.320000,-102.339996,-57.820000,1770467856.589559
-0.060024,0.296948,0.254736,23.870001,-105.209999,-64.820000,1770467856.597580
-0.005368,0.333792,0.219844,31.010000,-101.570000,-62.230000,1770467856.605571
0.143716,0.368928,0.198616,43.330002,-112.559998,-27.090000,1770467856.613599
0.175192,0.363560,0.217648,54.459999,-116.830002,-12.180000,1770467856.621579
0.183244,0.350872,0.237900,56.419998,-106.540001,4.340000,1770467856.629628
0.189344,0.358192,0.314272,60.830002,-84.629997,9.170000,1770467856.637568
0.185928,0.395524,0.483364,58.869999,-45.360001,15.260000,1770467856.645554
0.196176,0.457256,0.741272,54.110001,11.550000,22.190001,1770467856.653547
0.170556,0.501176,0.970876,53.060001,73.220001,22.750000,1770467856.661748
0.037088,0.471652,1.138016,49.279999,135.520004,26.459999,1770467856.669549
-0.228140,0.384300,1.344928,52.080002,192.289993,11.620000,1770467856.677539
-0.502152,0.267424,1.576484,50.119999,238.699997,2.240000,1770467856.685542
-0.760304,0.146888,1.867332,46.830002,261.239990,-5.530000,1770467856.693539
-0.970144,0.022936,1.990064,44.310001,245.770004,7.630000,1770467856.701607
-1.424228,-0.355996,2.043256,26.740000,213.919998,17.080000,1770467856.709558
-1.575264,-0.535092,1.924428,13.930000,152.949997,-1.050000,1770467856.717540
-1.640168,-0.724436,1.808772,0.000000,73.849998,-10.710000,1770467856.725528
-1.552816,-0.813008,1.694580,-14.210000,-7.210000,-15.610000,1770467856.733685
-1.292712,-0.806420,1.609912,-18.549999,-78.330002,-18.760000,1770467856.741576
-0.995032,-0.682224,1.522804,-21.980000,-130.339996,-22.959999,1770467856.749904
-0.709796,-0.488488,1.419104,-23.450001,-154.839996,-29.120001,1770467856.757570
-0.449204,-0.274256,1.295640,-26.110001,-167.720001,-31.360001,1770467856.765550
-0.239852,-0.067832,1.158756,-30.870001,-169.190002,-31.920000,1770467856.773528
-0.077836,0.087352,0.997960,-32.970001,-162.259995,-27.160000,1770467856.781618
0.004636,0.226676,0.814716,-38.570000,-147.839996,-18.129999,1770467856.789648
-0.001708,0.238388,0.667340,-40.529999,-128.380005,-19.320000,1770467856.797540
0.015860,0.369660,0.463844,-39.970001,-106.889999,-13.790000,1770467856.805541
0.161284,0.455304,0.357948,-27.370001,-108.639999,8.680000,1770467856.813552
0.158112,0.434076,0.306464,-23.520000,-99.330002,22.400000,1770467856.821655
0.184708,0.395768,0.272304,-15.050000,-91.839996,15.960000,1770467856.829623
0.214476,0.315004,0.243024,-2.240000,-82.320000,12.180000,1770467856.837559
0.203740,0.282308,0.189588,0.140000,-66.570000,10.850000,1770467856.845552
0.194224,0.270596,0.124928,3.430000,-48.230000,10.640000,1770467856.853680
0.184708,0.254736,0.074908,10.220000,-27.580000,7.910000,1770467856.861699
0.174216,0.237168,0.043188,13.020000,-6.650000,0.280000,1770467856.869573
0.187636,0.241072,0.049532,22.120001,17.219999,-5.320000,1770467856.877556
0.224968,0.244976,0.126880,32.970001,40.669998,-9.800000,1770467856.885547
0.254980,0.271572,0.297924,42.560001,69.300003,-12.180000,1770467856.893547
0.303048,0.318420,0.553392,51.169998,99.190002,-12.530000,1770467856.901576
0.322324,0.339160,0.799588,46.830002,132.929993,-12.600000,1770467856.909562
0.284260,0.314516,0.983076,45.779999,166.250000,-9.100000,1770467856.917649
0.187392,0.258396,1.160220,42.700001,199.149994,-3.850000,1770467856.925559
0.029280,0.192272,1.363228,32.549999,225.050003,6.720000,1770467856.933700
-0.230092,0.160308,1.692140,19.320000,241.919998,13.650000,1770467856.941584
-0.577792,0.140300,2.125972,-11.340000,256.690002,15.050000,1770467856.949624
-0.812276,-0.002440,2.213080,-29.400000,255.570007,24.990000,1770467856.957550
-1.074820,-0.123952,1.998360,-26.809999,236.600006,45.500000,1770467856.965504
-1.451800,-0.485804,1.636264,-34.439999,219.380005,23.660000,1770467856.973727
-1.485472,-0.597800,1.379332,-27.860001,168.770004,12.880000,1770467856.982381
-1.536712,-0.570472,1.319308,-22.400000,107.029999,12.320000,1770467856.989869
-1.551596,-0.465552,1.356396,-13.090000,57.750000,-1.610000,1770467856.997619
-1.461072,-0.310124,1.350296,-2.660000,15.540000,-12.040000,1770467857.005591
-1.265628,-0.153476,1.251720,5.110000,-14.560000,-34.299999,1770467857.013574
-1.064572,-0.021716,1.098976,14.210000,-34.369999,-46.200001,1770467857.021655
-0.915732,0.070516,0.926712,7.210000,-50.680000,-55.369999,1770467857.029617
-0.790072,0.147620,0.753472,-0.910000,-64.190002,-62.580002,1770467857.037542
-0.655628,0.215940,0.623176,-7.000000,-76.510002,-68.040001,1770467857.045550
-0.515572,0.218136,0.561200,-0.770000,-86.449997,-73.849998,1770467857.053577
-0.397720,0.209840,0.521916,10.290000,-93.099998,-69.510002,1770467857.061602
-0.303536,0.216916,0.475556,20.299999,-96.459999,-68.739998,1770467857.069551
-0.248880,0.231312,0.407724,27.650000,-98.839996,-59.779999,1770467857.077540
-0.202764,0.270352,0.341356,32.689999,-101.080002,-54.110001,1770467857.085558
-0.136640,0.330132,0.302560,44.730000,-105.419998,-54.040001,1770467857.093585
-0.082228,0.340136,0.307196,60.410000,-108.290001,-52.009998,1770467857.101576
-0.063196,0.317688,0.315492,72.239998,-104.510002,-66.360001,1770467857.109548
0.016348,0.365268,0.288652,86.239998,-95.550003,-54.110001,1770467857.117535
0.134200,0.439200,0.263032,95.830002,-108.639999,-21.350000,1770467857.125519
0.143716,0.465796,0.264496,90.860001,-109.339996,1.750000,1770467857.133532
0.133224,0.471896,0.254736,79.379997,-101.500000,9.660000,1770467857.141666
0.122488,0.477996,0.296948,58.310001,-78.750000,22.750000,1770467857.149576
0.091500,0.503616,0.401380,37.520000,-41.439999,29.610001,1770467857.157535
0.025376,0.514108,0.569008,13.230000,18.340000,31.500000,1770467857.165552
-0.081984,0.467260,0.773724,-12.250000,84.279999,31.500000,1770467857.173542
-0.251320,0.354776,1.020164,-29.959999,152.600006,22.400000,1770467857.181608
-0.485804,0.181536,1.271972,-45.990002,219.940002,18.830000,1770467857.189632
-0.749568,0.091256,1.465952,-32.900002,275.380005,11.340000,1770467857.197528
-1.131916,-0.254248,1.856596,-12.460000,308.700012,17.500000,1770467857.205534
-1.495476,-0.514840,1.954928,1.890000,280.910004,5.880000,1770467857.213566
-1.875384,-0.697840,1.876360,12.880000,209.720001,1.540000,1770467857.221567
-2.114016,-0.811788,1.699948,3.220000,107.449997,-1.050000,1770467857.229592
-2.080832,-0.852780,1.561112,-1.330000,-12.810000,-11.410000,1770467857.237671
-1.753140,-0.751276,1.513288,5.460000,-113.540001,-15.540000,1770467857.245535
-1.342000,-0.540460,1.484740,11.200000,-183.750000,-23.799999,1770467857.253537
-0.944280,-0.301584,1.426912,10.990000,-221.199997,-25.620001,1770467857.261578
-0.616344,-0.068564,1.344928,9.590000,-236.179993,-36.750000,1770467857.269553
-0.341356,0.121756,1.230492,4.130000,-231.630005,-34.860001,1770467857.277530
-0.125660,0.284504,1.089704,0.980000,-219.309998,-35.139999,1770467857.285521
-0.025864,0.368684,0.942572,-4.200000,-198.729996,-29.469999,1770467857.293523
0.002684,0.406992,0.745664,-8.680000,-169.750000,-35.139999,1770467857.301682
0.466284,0.752008,0.518256,-3.360000,-164.850006,-18.969999,1770467857.309566
0.172264,0.659776,0.406748,-5.320000,-148.750000,6.860000,1770467857.317540
0.159820,0.606096,0.316712,-12.600000,-134.399994,12.460000,1770467857.325528
0.165676,0.535824,0.224724,-24.219999,-121.589996,19.600000,1770467857.333545
0.186172,0.435784,0.155672,-28.000000,-108.430000,20.090000,1770467857.341655
0.189344,0.350140,0.104676,-27.370001,-95.059998,21.139999,1770467857.349581
0.186416,0.288408,0.054900,-18.900000,-81.690002,17.709999,1770467857.357537
0.169092,0.249856,0.008296,-11.690000,-64.400002,12.950000,1770467857.365531
0.145424,0.237656,-0.038064,-5.670000,-48.090000,9.310000,1770467857.373553
0.116144,0.233752,-0.060024,-0.980000,-28.000000,6.370000,1770467857.381654
0.111752,0.224968,-0.029768,-2.030000,-5.670000,4.550000,1770467857.389628
0.133712,0.208132,0.088816,5.320000,19.459999,-2.380000,1770467857.397543
0.173728,0.197152,0.295728,14.560000,55.090000,-4.550000,1770467857.406501
0.214964,0.191784,0.589748,18.410000,86.379997,-8.470000,1770467857.413611
0.235948,0.139812,0.886940,19.320000,121.730003,-0.280000,1770467857.421636
0.172020,0.085156,1.140944,11.760000,158.199997,3.920000,1770467857.429589
0.046360,0.033184,1.409832,3.570000,190.750000,11.760000,1770467857.437868
-0.116388,0.013176,1.746064,-5.040000,214.410004,19.180000,1770467857.445560
-0.411384,0.033672,2.299944,-14.140000,227.919998,23.799999,1770467857.453575
-0.723948,-0.001708,2.675704,-24.780001,224.630005,30.730000,1770467857.461579
-0.895480,-0.093452,2.437316,-19.809999,194.529999,57.119999,1770467857.469567
-1.165344,-0.322568,1.923940,-21.559999,161.490005,63.840000,1770467857.477560
-1.273192,-0.452864,1.406660,-26.459999,116.830002,26.670000,1770467857.485540
-1.276120,-0.503372,1.209264,-19.320000,78.400002,27.790001,1770467857.493538
-1.300276,-0.437492,1.260504,-13.930000,46.340000,16.730000,1770467857.501575
-1.307352,-0.289384,1.358104,-13.790000,19.530001,4.130000,1770467857.509976
-1.248304,-0.107848,1.366156,-20.230000,4.200000,-7.210000,1770467857.517537
-1.140700,0.044896,1.255136,-28.770000,-10.430000,-21.490000,1770467857.525531
-1.005524,0.162260,1.094584,-35.139999,-24.990000,-30.100000,1770467857.533537
-0.874984,0.229116,0.930616,-40.180000,-39.340000,-44.799999,1770467857.541622
-0.749080,0.251564,0.794464,-40.669998,-51.939999,-46.410000,1770467857.549586
-0.623908,0.262300,0.681004,-37.660000,-63.070000,-53.340000,1770467857.557542
-0.512888,0.270840,0.577548,-31.290001,-74.550003,-49.630001,1770467857.565553
-0.416752,0.281332,0.495076,-20.230000,-86.870003,-50.680000,1770467857.573543
-0.323544,0.300608,0.420656,-7.420000,-96.320000,-50.400002,1770467857.581586
-0.237168,0.324032,0.359656,0.350000,-104.860001,-46.200001,1770467857.589558
-0.164700,0.355020,0.319152,12.320000,-110.669998,-48.790001,1770467857.597541
-0.124196,0.353068,0.301584,21.209999,-113.680000,-46.270000,1770467857.605547
-0.110776,0.338428,0.283528,25.410000,-108.639999,-50.400002,1770467857.613578
-0.027328,0.360144,0.243512,35.139999,-100.800003,-40.250000,1770467857.621632
0.248880,0.453840,0.208376,43.680000,-101.570000,-13.510000,1770467857.629582
0.111020,0.391132,0.229604,53.200001,-102.339996,-1.120000,1770467857.637568
0.124196,0.387472,0.259372,61.740002,-96.180000,16.660000,1770467857.645626
0.111752,0.398452,0.293776,64.330002,-81.900002,24.780001,1770467857.653575
0.085888,0.422608,0.368440,61.320000,-56.139999,35.560001,1770467857.661582
0.051728,0.456280,0.507032,51.099998,-14.910000,40.599998,1770467857.669566
-0.006344,0.460184,0.676856,39.549999,36.189999,37.799999,1770467857.677543
-0.119316,0.399428,0.879376,23.940001,92.750000,39.900002,1770467857.685747
-0.308172,0.309636,1.071892,4.900000,144.059998,35.910000,1770467857.693536
-0.518500,0.182268,1.267824,-12.110000,185.570007,26.600000,1770467857.701587
-0.760792,0.120292,1.443504,-18.900000,214.899994,20.370001,1770467857.709551
-1.116056,-0.167140,1.753872,-16.590000,230.369995,26.670000,1770467857.717570
-1.458144,-0.493124,1.836588,-16.870001,216.089996,13.090000,1770467857.725569
-1.738988,-0.706380,1.837320,-7.700000,160.860001,8.820000,1770467857.733566
-1.904664,-0.866688,1.785592,-9.450000,78.120003,3.080000,1770467857.741670
-1.867088,-0.951112,1.665544,-17.639999,-17.219999,0.630000,1770467857.749560
-1.563308,-0.888160,1.582584,-16.450001,-105.419998,-4.970000,1770467857.757542
-1.200236,-0.668560,1.514508,-17.290001,-163.380005,-8.680000,1770467857.765550
-0.854976,-0.434076,1.437892,-18.340000,-193.619995,-10.920000,1770467857.773586
-0.548512,-0.186416,1.333216,-21.980000,-206.220001,-15.610000,1770467857.781580
-0.302072,0.038796,1.210240,-26.670000,-203.979996,-14.490000,1770467857.789595
-0.109800,0.236192,1.051884,-30.870001,-194.179993,-10.780000,1770467857.797530
-0.029524,0.335012,0.884500,-31.990000,-178.570007,-11.270000,1770467857.805542
0.007076,0.345748,0.719800,-34.230000,-154.419998,-15.190000,1770467857.813541
0.517036,0.671000,0.484828,-20.230000,-143.639999,0.280000,1770467857.821626
0.257420,0.536800,0.486048,-15.120000,-143.429993,21.770000,1770467857.829638
0.266936,0.524356,0.420168,-10.080000,-133.279999,19.670000,1770467857.837627
0.288652,0.505080,0.338184,-8.260000,-124.879997,21.840000,1770467857.845565
0.303048,0.466284,0.274500,-5.320000,-112.559998,22.750000,1770467857.853546
0.310612,0.415532,0.229360,-0.140000,-98.209999,20.090000,1770467857.861579
0.326716,0.376492,0.193980,7.350000,-76.930000,19.389999,1770467857.869558
0.339404,0.339160,0.156160,22.330000,-55.860001,9.520000,1770467857.877526
0.347456,0.306464,0.122732,33.529999,-31.780001,5.250000,1770467857.885629
0.343796,0.280356,0.107848,43.889999,-5.880000,2.800000,1770467857.893571
0.337696,0.275232,0.122000,52.919998,24.639999,0.630000,1770467857.901572
0.347944,0.294020,0.186904,56.980000,58.869999,-1.400000,1770467857.909630
0.378200,0.258640,0.362340,60.549999,93.169998,-4.410000,1770467857.917537
0.398208,0.206912,0.594384,58.450001,128.940002,-1.400000,1770467857.925529
0.366976,0.132492,0.828868,55.299999,166.949997,-0.490000,1770467857.933545
0.297436,0.029524,1.072868,48.509998,204.750000,6.370000,1770467857.941591
0.185928,-0.024644,1.348832,39.900002,236.389999,9.590000,1770467857.949562
0.012200,-0.006588,1.731180,26.459999,265.720001,18.969999,1770467857.957541
-0.222772,0.014396,2.238700,1.120000,288.329987,32.900002,1770467857.965547
-0.512156,-0.044896,2.495144,-30.870001,298.339996,40.040001,1770467857.973723
-0.667828,-0.256688,2.272372,-37.660000,289.239990,45.779999,1770467857.982329
-0.774212,-0.345504,1.794620,-23.660000,257.670013,67.129997,1770467857.989713
-1.347612,-0.815448,1.513532,-24.219999,254.309998,43.400002,1770467857.997561
-1.334192,-0.681492,1.221464,-12.460000,216.229996,18.410000,1770467858.005561
-1.414468,-0.564860,1.159976,-4.480000,182.139999,-1.820000,1770467858.013553
-1.424960,-0.372100,1.173396,0.490000,142.729996,-9.380000,1770467858.021574
-1.366888,-0.153232,1.155340,-3.430000,104.790001,-26.110001,1770467858.029660
-1.266360,0.030012,1.058228,-3.360000,68.809998,-35.279999,1770467858.037753
-1.150460,0.163236,0.932812,-6.370000,38.220001,-45.290001,1770467858.045552
-1.026264,0.264740,0.824476,-6.440000,14.700000,-50.189999,1770467858.053549
-0.914756,0.334280,0.728340,-4.550000,-5.250000,-53.130001,1770467858.061652
-0.809592,0.386740,0.631228,-4.200000,-22.889999,-51.099998,1770467858.069584
-0.713700,0.435296,0.530944,1.680000,-39.200001,-53.689999,1770467858.077659
-0.622688,0.453840,0.448960,4.550000,-54.669998,-48.720001,1770467858.085573
-0.556320,0.454816,0.376980,10.220000,-65.870003,-52.009998,1770467858.093538
-0.484096,0.467260,0.326228,21.420000,-73.849998,-52.990002,1770467858.101576
-0.351848,0.501908,0.294264,32.130001,-84.910004,-39.619999,1770467858.109585
-0.316224,0.491172,0.287188,42.560001,-89.320000,-35.840000,1770467858.117568
-0.281576,0.473360,0.277184,46.900002,-89.669998,-26.670000,1770467858.125525
-0.238876,0.465308,0.254736,46.970001,-88.760002,-22.049999,1770467858.133552
-0.189100,0.457500,0.237900,49.980000,-92.330002,-19.879999,1770467858.141583
-0.152500,0.433832,0.243024,49.000000,-91.910004,-17.990000,1770467858.149548
-0.144936,0.405772,0.232288,47.669998,-87.360001,-7.000000,1770467858.157550
-0.157624,0.369416,0.212768,47.599998,-71.820000,3.220000,1770467858.165587
-0.206424,0.325984,0.230336,43.959999,-47.459999,11.900000,1770467858.173554
-0.285724,0.285236,0.315248,41.439999,-10.150000,19.389999,1770467858.181577
-0.419680,0.250832,0.466040,31.639999,37.660000,19.040001,1770467858.189547
-0.598044,0.234240,0.639280,18.900000,89.739998,13.090000,1770467858.197536
-0.814228,0.217160,0.818132,2.590000,141.050003,6.720000,1770467858.205536
-1.031632,0.163480,0.989664,-10.080000,179.270004,-7.000000,1770467858.213647
-1.279292,-0.007320,1.178276,-13.090000,198.169998,-15.400000,1770467858.221546
-1.485716,-0.233752,1.362252,-9.940000,178.639999,-14.210000,1770467858.229595
-1.744112,-0.532896,1.590636,3.990000,124.180000,-12.670000,1770467858.237533
-1.905152,-0.731512,1.744112,13.230000,42.209999,-8.330000,1770467858.245556
-1.889292,-0.809348,1.769732,7.980000,-57.189999,-3.990000,1770467858.253541
-1.636996,-0.799100,1.718980,9.520000,-146.649994,-0.560000,1770467858.261653
-1.282464,-0.664656,1.629432,12.740000,-216.720001,-4.200000,1770467858.269576
-0.919880,-0.446764,1.533296,10.570000,-259.630005,-8.330000,1770467858.277543
-0.604144,-0.190808,1.424472,7.350000,-276.850006,-15.750000,1770467858.285529
-0.361120,0.034404,1.314184,1.750000,-274.119995,-16.730000,1770467858.293539
-0.152744,0.207644,1.178032,-0.350000,-257.179993,-20.930000,1770467858.301573
0.006588,0.342576,1.000644,-5.460000,-233.940002,-16.520000,1770467858.309585
0.048556,0.370636,0.823744,-6.860000,-209.369995,-25.969999,1770467858.317607
0.051240,0.419436,0.618296,-12.460000,-186.199997,-38.290001,1770467858.325527
0.409432,0.647576,0.412116,-6.440000,-184.100006,-18.900000,1770467858.333548
0.270108,0.732732,0.333548,-2.590000,-174.229996,-10.150000,1770467858.341635
0.285724,0.761524,0.293044,-12.320000,-161.000000,-7.420000,1770467858.349558
0.329400,0.739320,0.270840,-16.030001,-147.979996,-15.050000,1770467858.357545
0.363560,0.671976,0.230824,-22.120001,-134.960007,-14.700000,1770467858.365550
0.371612,0.586332,0.171776,-27.090000,-115.779999,-12.460000,1770467858.373741
0.366244,0.498004,0.105896,-29.680000,-92.400002,-10.010000,1770467858.381574
0.351848,0.413824,0.055876,-35.630001,-64.889999,-0.630000,1770467858.389595
0.348920,0.324276,0.045628,-31.780001,-36.330002,-1.470000,1770467858.397552
0.351848,0.233752,0.089548,-23.309999,-5.320000,-2.870000,1770467858.405578
0.351604,0.167384,0.210816,-5.040000,33.669998,-9.800000,1770467858.413647
0.342088,0.141764,0.379908,12.670000,73.989998,-10.010000,1770467858.421586
0.322324,0.114680,0.582916,26.879999,116.199997,-12.040000,1770467858.429595
0.294996,0.051240,0.822036,40.110001,154.630005,-17.219999,1770467858.437540
0.254248,0.003660,1.064816,45.919998,189.279999,-11.270000,1770467858.445661
0.171288,-0.013664,1.336144,49.070000,220.779999,-6.790000,1770467858.453542
0.041724,0.008052,1.711172,44.240002,246.470001,13.790000,1770467858.461578
-0.193248,0.078080,2.179652,21.559999,266.489990,28.350000,1770467858.469554
-0.456768,0.035868,2.402912,-7.420000,279.019989,39.619999,1770467858.477548
-0.666120,-0.172264,2.212592,-24.010000,276.779999,55.090000,1770467858.485555
-0.789096,-0.301828,1.780468,-30.660000,256.829987,68.040001,1770467858.493548
-0.997960,-0.271816,1.396168,-21.490000,226.100006,85.959999,1770467858.501584
-1.400560,-0.591700,1.192428,-36.540001,223.720001,55.439999,1770467858.509605
-1.424472,-0.629276,1.051152,-40.529999,199.779999,27.020000,1770467858.517557
-1.472052,-0.536312,1.007964,-28.770000,171.919998,13.580000,1770467858.525530
-1.482056,-0.352580,0.993080,-19.670000,139.160004,2.240000,1770467858.533535
-1.439356,-0.126392,0.971852,-11.130000,101.500000,-13.300000,1770467858.541660
-1.359324,0.083448,0.914268,-9.660000,61.529999,-21.700001,1770467858.549586
-1.242448,0.233264,0.826672,-2.450000,25.900000,-38.990002,1770467858.557545
-1.109956,0.325252,0.735416,5.670000,-4.690000,-40.740002,1770467858.565549
-0.957456,0.385276,0.641720,11.270000,-31.150000,-48.090000,1770467858.573600
-0.820328,0.450180,0.555588,23.450001,-55.439999,-49.279999,1770467858.581591
-0.693204,0.486048,0.488976,27.860001,-73.639999,-50.889999,1770467858.589557
-0.565836,0.500688,0.434564,38.430000,-88.690002,-55.860001,1770467858.597542
-0.473116,0.498980,0.378444,45.779999,-102.970001,-57.540001,1770467858.605555
-0.405772,0.473604,0.340136,49.490002,-110.110001,-62.509998,1770467858.613601
-0.274012,0.531676,0.293288,54.529999,-115.080002,-48.509998,1770467858.621598
-0.244488,0.542656,0.278892,49.630001,-112.980003,-38.639999,1770467858.629605
-0.207156,0.552416,0.266204,44.730000,-108.849998,-34.580002,1770467858.637611
-0.159820,0.530944,0.267668,37.240002,-102.129997,-28.209999,1770467858.645592
-0.133224,0.502396,0.263276,35.000000,-88.620003,-20.370001,1770467858.653552
-0.111020,0.479216,0.247172,34.299999,-70.910004,-5.180000,1770467858.661578
-0.105896,0.458720,0.226676,28.280001,-50.330002,13.650000,1770467858.669552
-0.169092,0.397964,0.227896,26.950001,-25.620001,27.650000,1770467858.677551
-0.247904,0.301584,0.239608,25.549999,-0.280000,41.369999,1770467858.685622
-0.374052,0.197884,0.294264,24.219999,29.400000,42.490002,1770467858.693571
-0.535336,0.108092,0.421388,26.320000,66.779999,39.900002,1770467858.701578
-0.705160,0.055388,0.629032,20.790001,105.279999,31.780001,1770467858.709550
-0.893772,-0.008052,0.915244,15.890000,141.539993,21.280001,1770467858.717544
-1.077504,-0.179340,1.217560,-1.330000,171.500000,5.740000,1770467858.725634
-1.199260,-0.388448,1.470588,-6.860000,179.619995,-3.710000,1770467858.733557
-1.377380,-0.620736,1.661640,4.200000,163.169998,-0.280000,1770467858.741600
-1.572580,-0.820328,1.772416,13.790000,115.500000,-0.700000,1770467858.749567
-1.632604,-0.843020,1.771684,23.870001,45.290001,0.140000,1770467858.757546
-1.538908,-0.708820,1.730204,29.190001,-37.590000,-1.400000,1770467858.765565
-1.308328,-0.469700,1.672864,35.419998,-115.010002,-5.180000,1770467858.773573
-1.030168,-0.192272,1.564772,37.099998,-169.330002,-6.230000,1770467858.781624
-0.782996,0.090036,1.436672,41.090000,-197.750000,-9.100000,1770467858.789640
-0.569008,0.335744,1.293932,44.099998,-205.660004,-17.850000,1770467858.797543
-0.400404,0.546316,1.130696,44.660000,-200.619995,-22.959999,1770467858.805544
-0.294752,0.671488,0.972828,39.900002,-188.720001,-35.070000,1770467858.813558
-0.166408,0.778848,0.788364,30.730000,-174.720001,-46.270000,1770467858.821575
0.059536,1.110932,0.540460,31.430000,-171.080002,-46.830002,1770467858.829815
0.089304,1.081652,0.464576,25.129999,-174.440002,-38.430000,1770467858.837538
0.130540,1.072868,0.366000,11.200000,-168.979996,-44.310001,1770467858.845552
0.202520,0.982588,0.289384,-6.230000,-155.610001,-43.889999,1770467858.853539
0.282064,0.895724,0.242292,-20.370001,-138.110001,-47.599998,1770467858.861575
0.391132,0.793976,0.225456,-34.020000,-114.800003,-51.099998,1770467858.869597
0.504836,0.687104,0.243756,-39.970001,-87.080002,-44.240002,1770467858.877559
0.558760,0.568276,0.263764,-37.660000,-54.320000,-40.740002,1770467858.885543
0.605608,0.435784,0.284016,-27.860001,-20.650000,-34.720001,1770467858.893527
0.612928,0.305244,0.317200,-9.100000,11.200000,-30.660000,1770467858.901574
0.590724,0.182268,0.378444,7.070000,45.009998,-22.469999,1770467858.909555
0.542168,0.042212,0.490196,22.190001,78.540001,-19.600000,1770467858.917621
0.477264,-0.132248,0.659532,26.809999,114.169998,-22.260000,1770467858.925526
0.393084,-0.360632,0.846436,20.090000,151.199997,-13.300000,1770467858.933554
0.274256,-0.524112,0.996496,6.720000,188.160004,-4.060000,1770467858.941596
0.247416,-0.645136,1.202188,-3.570000,217.279999,16.170000,1770467858.949560
0.059292,-0.681492,1.410808,-4.130000,246.820007,43.400002,1770467858.957539
-0.191296,-0.682468,1.519876,3.990000,283.920013,70.769997,1770467858.965602
-0.521672,-0.766648,1.529148,3.990000,314.440002,48.439999,1770467858.973643
-0.739320,-0.621712,1.414224,14.350000,318.500000,50.049999,1770467858.981892
-0.993324,-0.445788,1.325164,16.870001,309.049988,51.799999,1770467858.989687
-1.247084,-0.253028,1.259040,12.530000,288.470001,48.790001,1770467858.997637
-1.478396,-0.100772,1.134112,-12.320000,263.690002,39.619999,1770467859.005561
-1.643340,0.312808,0.942816,-27.299999,237.369995,22.889999,1770467859.013869
-1.744356,0.344772,0.968680,-20.020000,208.740005,3.710000,1770467859.021594
-1.828292,0.425292,0.955016,-17.780001,176.960007,-12.040000,1770467859.029625
-1.851472,0.549000,0.846436,-19.670000,131.600006,-26.530001,1770467859.037538
-1.795596,0.670756,0.730292,-19.459999,74.550003,-39.410000,1770467859.045554
-1.677500,0.689300,0.642208,-18.340000,16.870001,-47.740002,1770467859.053542
-1.532076,0.706380,0.580964,-13.370000,-37.660000,-52.990002,1770467859.061626
-1.348588,0.658556,0.567544,-14.910000,-79.099998,-54.950001,1770467859.069683
-1.153388,0.608292,0.536312,-8.330000,-109.690002,-55.230000,1770467859.077535
-0.962336,0.585600,0.491660,-5.880000,-130.899994,-52.779999,1770467859.085549
-0.796172,0.551196,0.433832,-5.880000,-149.380005,-56.070000,1770467859.093537
-0.654164,0.514108,0.363804,-7.350000,-163.869995,-49.770000,1770467859.101574
-0.528992,0.504348,0.294264,-9.800000,-171.850006,-52.009998,1770467859.109580
-0.421144,0.498492,0.246196,-11.970000,-176.750000,-50.959999,1770467859.117530
-0.338672,0.471896,0.218380,-17.639999,-178.289993,-52.849998,1770467859.125518
-0.280112,0.439688,0.213988,-29.120001,-172.199997,-49.139999,1770467859.133538
-0.181292,0.459696,0.186904,-36.680000,-158.199997,-38.009998,1770467859.141854
-0.158600,0.397232,0.195200,-44.590000,-140.279999,-25.270000,1770467859.149551
-0.145912,0.315736,0.187392,-46.549999,-115.849998,-16.100000,1770467859.157533
-0.170312,0.203008,0.172020,-36.889999,-83.089996,-3.290000,1770467859.165535
-0.238388,0.080764,0.143228,-24.990000,-45.430000,14.560000,1770467859.173532
-0.340380,-0.008784,0.155672,-11.900000,-10.010000,26.670000,1770467859.181602
-0.481656,-0.094428,0.254004,-9.800000,22.889999,39.830002,1770467859.189628
-0.626348,-0.156892,0.425780,-4.130000,50.189999,40.110001,1770467859.197526
-0.798368,-0.264984,0.693448,1.120000,74.269997,45.779999,1770467859.205535
-1.027972,-0.425048,0.919148,3.430000,91.629997,35.980000,1770467859.213562
-1.233908,-0.559980,1.027240,9.450000,92.540001,24.219999,1770467859.221604
-1.495964,-0.700768,1.104100,16.309999,74.550003,13.580000,1770467859.229659
-1.750456,-0.877424,1.094340,28.770000,43.680000,-6.650000,1770467859.237531
-1.817312,-0.970876,1.067256,54.180000,-14.490000,-12.250000,1770467859.245553
-1.627480,-0.806176,1.204384,83.720001,-99.959999,-14.280000,1770467859.253534
-1.326384,-0.507764,1.417396,102.970001,-191.660004,-4.480000,1770467859.261609
-0.969412,-0.203008,1.507676,109.199997,-273.700012,-8.890000,1770467859.269632
-0.672464,0.057096,1.516216,108.290001,-327.109985,-5.880000,1770467859.277519
-0.399672,0.288896,1.502064,99.750000,-354.480011,-11.760000,1770467859.285524
-0.165432,0.491904,1.488400,80.080002,-356.859985,-13.580000,1770467859.293537
-0.016836,0.606828,1.460340,51.450001,-335.019989,-25.620001,1770467859.301572
0.060512,0.709064,1.306620,16.450001,-287.980011,-41.790001,1770467859.309667
0.502640,0.949892,1.098000,10.570000,-265.929993,-13.090000,1770467859.317606
0.503372,0.956236,0.922564,-7.070000,-226.169998,3.430000,1770467859.325527
0.535580,0.906216,0.727120,-26.879999,-187.600006,13.300000,1770467859.333557
0.562420,0.827404,0.552904,-36.750000,-149.309998,11.200000,1770467859.341594
0.574864,0.736880,0.427488,-47.529999,-112.349998,15.470000,1770467859.349707
0.572912,0.668316,0.342088,-47.110001,-76.650002,11.550000,1770467859.357544
0.548024,0.610976,0.276696,-47.810001,-41.090000,9.870000,1770467859.365532
0.508984,0.567788,0.211060,-47.110001,-8.120000,9.870000,1770467859.373537
0.461404,0.517524,0.160064,-46.340000,21.420000,5.950000,1770467859.381589
0.400160,0.472872,0.104432,-53.900002,47.529999,9.170000,1770467859.389558
0.336964,0.433588,0.076860,-56.349998,70.980003,9.380000,1770467859.397627
0.296704,0.384056,0.088328,-52.220001,94.500000,13.650000,1770467859.405652
0.261812,0.290360,0.159332,-40.669998,115.080002,10.850000,1770467859.413548
0.230580,0.179584,0.271328,-23.450001,137.199997,9.030000,1770467859.421587
0.183488,0.092476,0.415288,-11.690000,163.309998,11.620000,1770467859.429638
0.125416,0.022692,0.611708,-1.680000,191.520004,14.910000,1770467859.437604
0.058560,-0.026596,0.843264,-3.570000,218.750000,19.180000,1770467859.445568
-0.031720,-0.060268,1.081164,-7.560000,243.600006,22.889999,1770467859.453559
-0.188856,-0.071736,1.354444,-19.459999,264.179993,27.580000,1770467859.461574
-0.390156,-0.065880,1.696532,-37.869999,283.149994,31.850000,1770467859.469603
-0.688080,-0.073200,1.990064,-58.660000,299.390015,33.389999,1770467859.477537
-0.919880,-0.226188,1.945412,-77.699997,300.720001,39.689999,1770467859.485551
-1.112152,-0.297192,1.585268,-72.099998,275.029999,59.150002,1770467859.493554
-1.702632,-0.846436,1.272216,-72.870003,269.920013,43.189999,1770467859.501576
-1.778272,-0.784948,0.958188,-62.020000,232.889999,15.680000,1770467859.509553
-1.886608,-0.698084,0.933788,-35.910000,181.720001,10.430000,1770467859.517581
-1.906128,-0.474092,1.014308,-16.799999,130.270004,0.210000,1770467859.525527
-1.870748,-0.172508,1.111908,-4.340000,76.510002,0.980000,1770467859.533539
-1.795108,0.099796,1.115080,3.220000,27.440001,-12.040000,1770467859.541591
-1.627480,0.268644,1.006256,-0.980000,-13.370000,-19.879999,1770467859.549578
-1.423740,0.355020,0.856440,0.980000,-48.369999,-37.169998,1770467859.557565
-1.200480,0.378932,0.722972,2.590000,-77.839996,-46.060001,1770467859.565554
-0.995764,0.386496,0.612684,7.700000,-102.410004,-50.330002,1770467859.573549
-0.812764,0.389912,0.522404,15.960000,-121.519997,-56.630001,1770467859.581668
-0.660020,0.398696,0.446520,21.420000,-140.419998,-51.799999,1770467859.589599
-0.528748,0.416508,0.384788,26.320000,-154.070007,-54.950001,1770467859.597541
-0.425780,0.428464,0.346480,30.799999,-165.339996,-50.959999,1770467859.605542
-0.335012,0.427000,0.300364,28.770000,-174.720001,-53.900002,1770467859.613552
-0.203740,0.450668,0.255956,32.970001,-177.520004,-46.619999,1770467859.621575
-0.131272,0.448716,0.236192,30.100000,-178.850006,-33.669998,1770467859.629629
-0.081496,0.408700,0.227408,26.320000,-174.300003,-25.620001,1770467859.637540
-0.039772,0.364536,0.200568,19.250000,-162.750000,-13.300000,1770467859.645598
0.003660,0.314760,0.167628,11.340000,-146.440002,-2.940000,1770467859.653660
0.075152,0.304756,0.142252,10.220000,-134.399994,3.570000,1770467859.661579
0.149084,0.292312,0.168604,7.560000,-119.209999,27.580000,1770467859.669555
0.124440,0.255712,0.223260,5.740000,-90.930000,40.180000,1770467859.677540
0.069296,0.233508,0.284016,3.570000,-50.889999,53.619999,1770467859.685552
-0.016592,0.195200,0.405040,0.910000,1.680000,58.029999,1770467859.693644
-0.144204,0.150548,0.585112,1.680000,64.400002,56.560001,1770467859.701576
-0.274988,0.090768,0.832528,-7.070000,129.639999,51.730000,1770467859.709554
-0.471896,0.070516,1.081896,-13.020000,194.250000,44.939999,1770467859.717538
-0.738832,0.073444,1.314428,-10.010000,247.240005,40.180000,1770467859.725569
-1.318088,-0.285968,1.555256,-16.799999,288.329987,10.290000,1770467859.733550
-1.590148,-0.494588,1.630652,-7.770000,265.929993,-3.150000,1770467859.741667
-1.970300,-0.637328,1.632848,-0.420000,193.270004,2.030000,1770467859.749571
-2.209908,-0.739808,1.605032,6.650000,83.650002,3.570000,1770467859.757544
-2.173064,-0.789340,1.587464,4.900000,-47.529999,-2.030000,1770467859.765561
-1.854644,-0.766404,1.550376,10.220000,-159.880005,-2.730000,1770467859.773572
-1.429596,-0.641232,1.506456,17.639999,-238.070007,-10.220000,1770467859.781603
-0.975024,-0.421144,1.476932,16.520000,-285.109985,-14.840000,1770467859.789583
-0.592188,-0.152256,1.460828,21.350000,-302.399994,-21.490000,1770467859.797608
-0.262544,0.082960,1.423008,21.070000,-304.079987,-26.110001,1770467859.805533
-0.000488,0.276208,1.300276,15.750000,-289.940002,-23.170000,1770467859.813539
0.104188,0.310124,1.132892,13.230000,-264.179993,-28.000000,1770467859.821568
0.155672,0.332572,0.902068,11.900000,-225.399994,-38.709999,1770467859.829579
0.469944,0.565836,0.688812,34.860001,-219.309998,-4.200000,1770467859.837547
0.434076,0.659532,0.558760,39.970001,-191.869995,20.510000,1770467859.845649
0.452376,0.740540,0.448960,40.669998,-162.820007,15.120000,1770467859.853537
0.467260,0.767136,0.345504,38.639999,-131.600006,22.330000,1770467859.861571
0.464820,0.770308,0.247904,34.580002,-101.220001,14.210000,1770467859.869863
0.456280,0.757620,0.157136,31.990000,-76.019997,8.400000,1770467859.877535
0.443592,0.729072,0.083936,34.650002,-52.430000,4.130000,1770467859.885540
0.420412,0.643428,0.017080,31.430000,-24.780001,-8.470000,1770467859.893542
0.378932,0.568276,-0.062464,27.860001,2.450000,-8.680000,1770467859.901664
0.326716,0.527284,-0.154208,14.000000,32.060001,-10.570000,1770467859.909573
0.298656,0.415532,-0.152988,3.990000,60.759998,-5.670000,1770467859.917525
0.248148,0.206180,-0.062952,-14.420000,93.730003,0.000000,1770467859.925537
0.212768,0.119316,0.093208,-36.540001,128.869995,4.270000,1770467859.933547
0.163724,-0.134444,0.340380,-61.810001,172.130005,20.090000,1770467859.941622
0.094672,-0.224968,0.537532,-91.419998,218.750000,34.790001,1770467859.949601
0.035624,-0.237656,0.773968,-93.660004,259.769989,36.750000,1770467859.957543
0.072468,-0.378200,1.176568,-80.989998,291.829987,44.939999,1770467859.965543
-0.169092,-0.362828,1.687748,-60.900002,322.209991,63.630001,1770467859.973852
-0.640500,-0.340380,2.406328,-39.759998,347.970001,36.750000,1770467859.982340
-1.012600,-0.352580,2.903112,-19.879999,335.929993,28.490000,1770467859.989795
-1.331020,-0.396500,2.466108,-14.770000,284.899994,37.450001,1770467859.997548
-1.489376,-0.412116,1.698728,-19.320000,212.380005,32.480000,1770467860.005610
-1.575752,-0.397720,1.152900,-24.360001,140.979996,38.779999,1770467860.013573
-1.598688,-0.383568,0.957944,-25.549999,86.519997,26.459999,1770467860.021652
-1.588684,-0.370148,1.023824,-32.410000,41.509998,20.160000,1770467860.029640
-1.535248,-0.286700,1.136308,-30.100000,9.870000,11.620000,1770467860.037525
-1.434232,-0.167872,1.144848,-31.780001,-10.220000,-2.450000,1770467860.045615
-1.294664,-0.041724,1.069940,-35.349998,-30.030001,-17.080000,1770467860.053578
-1.138260,0.069052,0.958188,-32.549999,-43.330002,-33.950001,1770467860.061578
-0.991372,0.165188,0.856440,-30.100000,-49.070000,-39.900002,1770467860.069559
-0.859368,0.238632,0.758352,-18.340000,-56.419998,-52.360001,1770467860.077603
-0.737124,0.284992,0.656848,-15.820000,-64.330002,-60.060001,1770467860.085538
-0.627812,0.322568,0.557540,-10.430000,-75.599998,-60.619999,1770467860.093541
-0.531676,0.324520,0.496540,-7.350000,-88.199997,-63.560001,1770467860.101578
-0.477996,0.377224,0.451156,2.240000,-96.739998,-63.070000,1770467860.109567
-0.280112,0.421144,0.429196,15.120000,-99.470001,-42.139999,1770467860.117641
-0.285236,0.406748,0.432612,23.660000,-94.010002,-17.639999,1770467860.125560
-0.255468,0.447496,0.431148,30.870001,-89.250000,-1.960000,1770467860.133540
-0.236680,0.466772,0.442372,37.169998,-85.959999,4.130000,1770467860.141577
-0.224480,0.469456,0.443836,36.540001,-83.019997,8.960000,1770467860.149575
-0.219600,0.453840,0.416264,31.290001,-80.220001,11.550000,1770467860.157538
-0.207888,0.422120,0.366976,21.980000,-81.690002,19.250000,1770467860.165538
-0.211304,0.363316,0.317200,15.750000,-77.629997,22.540001,1770467860.173533
-0.228872,0.295728,0.264008,13.300000,-68.879997,30.520000,1770467860.181619
-0.261324,0.233508,0.264496,12.390000,-52.080002,41.580002,1770467860.189646
-0.306952,0.171288,0.357460,14.770000,-27.370001,43.750000,1770467860.197519
-0.379176,0.122732,0.514840,18.340000,7.280000,45.990002,1770467860.205538
-0.464088,0.072712,0.745420,23.309999,43.400002,37.939999,1770467860.213536
-0.572668,0.040260,1.029680,35.000000,73.430000,31.709999,1770467860.221574
-0.766648,-0.013176,1.320528,38.500000,92.820000,29.680000,1770467860.229577
-1.010648,-0.126392,1.523780,38.080002,94.220001,8.260000,1770467860.237569
-1.115812,-0.206668,1.594784,36.400002,69.440002,11.340000,1770467860.245650
-1.221952,-0.298168,1.625528,34.580002,28.910000,7.280000,1770467860.253547
-1.240252,-0.400648,1.703120,26.530001,-22.959999,14.140000,1770467860.261613
-1.161440,-0.498980,1.770220,17.920000,-67.199997,9.940000,1770467860.269680
-1.003572,-0.561932,1.768268,9.100000,-102.199997,7.490000,1770467860.277529
-0.807396,-0.567300,1.693116,2.240000,-127.889999,7.560000,1770467860.285525
-0.610732,-0.499712,1.584048,-4.690000,-142.240005,2.450000,1770467860.293547
-0.411872,-0.329644,1.461804,-12.250000,-147.630005,-1.470000,1770467860.301580
-0.240096,-0.158112,1.346636,-21.420000,-143.779999,-3.640000,1770467860.309551
-0.104676,0.013420,1.190720,-29.469999,-132.860001,3.780000,1770467860.317568
0.006344,0.141276,1.023824,-35.980000,-118.650002,10.780000,1770467860.325572
0.031476,0.209840,0.868640,-41.369999,-101.010002,17.150000,1770467860.333679
0.033184,0.238632,0.712724,-41.930000,-80.080002,8.820000,1770467860.341572
0.040016,0.409920,0.526552,-36.540001,-60.340000,6.720000,1770467860.349603
0.137372,0.489464,0.466040,-18.900000,-63.910000,26.320000,1770467860.357540
0.098332,0.528016,0.423828,-9.870000,-55.790001,31.850000,1770467860.365545
0.096380,0.560468,0.421876,-7.910000,-46.340000,25.340000,1770467860.373541
0.112972,0.577792,0.434808,-0.980000,-34.860001,24.639999,1770467860.381641
0.129808,0.576084,0.448716,-3.010000,-25.760000,25.690001,1770467860.389556
0.150548,0.535580,0.455060,-1.540000,-20.230000,18.690001,1770467860.397547
0.168848,0.468236,0.446032,-4.410000,-14.070000,18.900000,1770467860.405558
0.178608,0.363072,0.441152,-2.100000,-6.930000,19.950001,1770467860.413650
0.188612,0.260592,0.448472,4.550000,5.670000,20.370001,1770467860.421539
0.195688,0.176656,0.464576,14.560000,19.670000,19.600000,1770467860.429637
0.193004,0.090768,0.516304,27.790001,36.680000,19.740000,1770467860.437555
0.185440,0.044896,0.600484,34.439999,51.939999,25.549999,1770467860.445648
0.169336,0.012688,0.741760,43.119999,70.769997,22.400000,1770467860.453552
0.150792,0.000488,0.930616,46.410000,93.239998,29.120001,1770467860.461579
0.122000,-0.005124,1.113860,47.529999,115.080002,30.379999,1770467860.469551
0.061000,-0.015616,1.302716,51.099998,135.869995,31.990000,1770467860.477605
-0.035624,-0.024644,1.511336,53.270000,153.160004,36.470001,1770467860.485549
-0.161772,-0.025620,1.689700,47.740002,164.009995,42.070000,1770467860.493556
-0.310124,-0.043432,1.767780,40.950001,167.860001,46.759998,1770467860.501577
-0.453108,-0.074420,1.709220,29.400000,169.190002,58.240002,1770467860.509557
-0.540460,-0.057096,1.565992,23.730000,162.190002,67.269997,1770467860.517595
-0.704916,0.001220,1.398852,16.450001,156.589996,73.849998,1770467860.525564
-0.985760,-0.209108,1.321016,-6.860000,169.610001,65.309998,1770467860.533534
-1.046760,-0.166408,1.137772,-20.020000,167.440002,37.799999,1770467860.541578
-1.100440,-0.203984,1.090192,-34.650002,160.509995,23.520000,1770467860.549585
-1.171200,-0.193980,1.073356,-38.360001,140.839996,11.200000,1770467860.557646
-1.227564,-0.157868,1.060668,-41.230000,115.220001,0.070000,1770467860.565662
-1.240740,-0.074420,1.023092,-38.990002,83.300003,-13.090000,1770467860.573552
-1.206336,0.034648,0.965996,-38.080002,45.639999,-20.650000,1770467860.581600
-1.131916,0.127124,0.875716,-41.650002,11.970000,-27.860001,1770467860.589679
-1.013820,0.196664,0.779336,-42.000000,-17.360001,-40.669998,1770467860.597555
-0.862052,0.238876,0.697840,-39.200001,-43.119999,-45.080002,1770467860.605551
-0.715652,0.262300,0.640988,-36.119999,-60.689999,-49.209999,1770467860.613554
-0.592676,0.274744,0.620492,-28.770000,-72.099998,-46.619999,1770467860.621613
-0.492392,0.283528,0.602680,-23.100000,-78.260002,-41.020000,1770467860.629616
-0.413336,0.299876,0.581940,-12.110000,-77.000000,-36.470001,1770467860.637542
-0.363560,0.340380,0.561688,-2.450000,-74.760002,-32.130001,1770467860.645545
-0.323300,0.382836,0.559248,-0.350000,-65.730003,-30.660000,1770467860.653573
-0.314272,0.420412,0.552904,4.970000,-56.000000,-25.270000,1770467860.661675
-0.323300,0.451156,0.543876,0.490000,-43.610001,-27.790001,1770467860.669554
-0.334036,0.477508,0.526064,-4.270000,-31.219999,-32.689999,1770467860.677539
-0.287432,0.527528,0.507520,-2.030000,-19.670000,-25.410000,1770467860.685534
-0.318420,0.508496,0.490684,-7.070000,-9.240000,-16.660000,1770467860.693659
-0.357216,0.477996,0.443348,-6.090000,-0.700000,-6.090000,1770467860.701581
-0.394548,0.415044,0.395524,-6.230000,5.670000,7.210000,1770467860.709557
-0.438712,0.333792,0.376492,2.240000,7.630000,14.490000,1770467860.717544
-0.486292,0.254980,0.415288,9.170000,7.000000,21.070000,1770467860.725648
-0.541436,0.184952,0.512400,19.459999,6.860000,26.950001,1770467860.733552
-0.604144,0.133468,0.624640,27.510000,6.650000,27.370001,1770467860.741579
-0.675392,0.097600,0.736880,31.990000,6.510000,28.139999,1770467860.749867
-0.731512,0.072224,0.844484,35.419998,6.860000,28.000000,1770467860.757653
-0.782752,0.031232,0.954772,39.340000,3.780000,30.240000,1770467860.765582
-0.843508,-0.035380,1.062376,35.630001,-2.520000,25.129999,1770467860.773546
-0.875716,-0.133712,1.160464,34.230000,-9.310000,22.330000,1770467860.781572
-0.860832,-0.244488,1.260016,30.100000,-19.320000,17.500000,1770467860.789673
-0.830332,-0.373076,1.353712,31.639999,-28.700001,11.760000,1770467860.797600
-0.751520,-0.461404,1.436184,31.360001,-42.139999,7.420000,1770467860.805570
-0.657824,-0.489464,1.475712,29.540001,-53.970001,0.000000,1770467860.813539
-0.547536,-0.433100,1.443504,24.920000,-65.800003,-4.900000,1770467860.821575
-0.439688,-0.308416,1.351760,19.459999,-73.360001,-9.100000,1770467860.829584
-0.328424,-0.155184,1.256844,14.980000,-73.639999,-13.160000,1770467860.837573
-0.238632,0.014396,1.182424,17.430000,-67.620003,-11.690000,1770467860.845547
-0.156404,0.188612,1.137772,14.000000,-59.570000,-16.870001,1770467860.853540
-0.102968,0.354776,1.087752,13.650000,-47.459999,-17.290001,1770467860.861579
-0.086132,0.454816,1.031632,4.620000,-31.219999,-18.410000,1770467860.869552
-0.115412,0.481168,0.946232,-6.090000,-11.340000,-31.570000,1770467860.877579
-0.111264,0.527528,0.814716,-12.320000,9.520000,-39.759998,1770467860.885542
-0.060024,0.615856,0.706624,-15.890000,20.090000,-38.080002,1770467860.893543
-0.049044,0.640012,0.682956,-12.110000,25.200001,-31.360001,1770467860.901573
-0.106384,0.592676,0.669292,-18.969999,30.520000,-23.240000,1770467860.909743
-0.125660,0.550952,0.638792,-22.330000,32.410000,-23.730000,1770467860.917541
-0.131516,0.520696,0.629520,-21.420000,28.350000,-23.030001,1770467860.925545
-0.138348,0.447008,0.645868,-20.440001,23.309999,-17.430000,1770467860.933551
-0.149816,0.379664,0.681980,-14.350000,22.190001,-14.070000,1770467860.941645
-0.147864,0.304268,0.748348,-12.250000,19.740000,-6.090000,1770467860.949638
-0.144448,0.227164,0.851072,-10.220000,20.440001,-2.730000,1770467860.957549
-0.135176,0.193980,0.932812,-9.030000,19.740000,1.470000,1770467860.965545
-0.132004,0.128588,1.002352,-12.670000,21.280001,5.670000,1770467860.973856
-0.131272,0.050020,1.028948,-16.100000,24.010000,8.750000,1770467860.982315
-0.138348,-0.061976,1.019920,-21.629999,29.959999,15.120000,1770467860.989861
-0.146644,-0.159332,0.996984,-18.410000,37.240002,22.330000,1770467860.997547
-0.149084,-0.249612,0.993080,-13.440000,43.959999,32.759998,1770467861.005558
-0.142008,-0.297680,0.985516,-10.220000,47.950001,32.970001,1770467861.014000
-0.158356,-0.313540,0.973072,-6.230000,55.439999,43.889999,1770467861.021656
-0.183244,-0.316712,0.941840,-2.590000,68.389999,51.939999,1770467861.029593
-0.209108,-0.301828,0.930128,3.920000,82.320000,61.599998,1770467861.037524
-0.254248,-0.270108,0.912560,7.350000,96.320000,70.559998,1770467861.045544
-0.317932,-0.206180,0.884988,9.310000,107.730003,73.989998,1770467861.053697
-0.399672,-0.123708,0.870104,11.340000,119.279999,76.720001,1770467861.061577
-0.504104,-0.033916,0.882548,5.250000,131.389999,72.940002,1770467861.069547
-0.629520,0.152256,0.906948,4.760000,144.690002,65.730003,1770467861.077539
-0.750788,0.195932,1.002840,5.530000,155.539993,54.669998,1770467861.085533
-0.874740,0.248880,0.986004,-8.260000,164.289993,40.389999,1770467861.093581
-1.037976,0.355996,0.915976,-14.910000,170.940002,28.139999,1770467861.101577
-1.137040,0.312564,0.840336,-33.250000,169.190002,11.410000,1770467861.109560
-1.201456,0.321104,0.799832,-35.910000,153.369995,-0.560000,1770467861.117588
-1.255380,0.284260,0.788608,-38.290001,125.860001,-12.040000,1770467861.125539
-1.274900,0.334280,0.759572,-33.529999,89.879997,-19.250000,1770467861.133540
-1.273924,0.282552,0.796416,-27.930000,51.380001,-21.280001,1770467861.141582
-1.224148,0.271084,0.798124,-23.100000,5.950000,-25.270000,1770467861.149637
-1.138504,0.252052,0.774212,-25.129999,-33.320000,-29.959999,1770467861.157538
-1.019920,0.288408,0.740540,-20.580000,-60.200001,-29.330000,1770467861.165540
-0.899872,0.302316,0.729560,-16.799999,-78.260002,-26.740000,1770467861.173534
-0.786900,0.315736,0.714920,-7.350000,-85.680000,-20.160000,1770467861.181564
-0.702964,0.366244,0.695644,-1.120000,-84.349998,-14.070000,1770467861.189668
-0.669536,0.334036,0.666608,-3.290000,-78.889999,-8.330000,1770467861.197561
-0.650748,0.417728,0.611464,-10.080000,-68.459999,-7.210000,1770467861.205546
-0.616100,0.480680,0.624640,-10.570000,-54.459999,-11.340000,1770467861.213534
-0.595604,0.467504,0.649040,-10.080000,-36.330002,-13.930000,1770467861.221579
-0.607072,0.435784,0.618296,-16.030001,-9.870000,-1.820000,1770467861.229603
-0.643672,0.416996,0.559736,-12.880000,13.160000,1.680000,1770467861.237603
-0.712968,0.357460,0.525820,-14.910000,30.799999,6.580000,1770467861.245534
-0.802516,0.275720,0.517280,-17.219999,45.080002,12.320000,1770467861.253552
-0.882304,0.202520,0.517036,-17.430000,52.849998,13.930000,1770467861.261595
-0.966728,0.094428,0.529968,-18.549999,52.430000,11.060000,1770467861.269581
-1.059692,-0.021960,0.534604,-20.090000,47.389999,16.170000,1770467861.277526
-1.071648,-0.067588,0.537044,-16.660000,31.010000,19.389999,1770467861.285524
-1.131428,-0.078812,0.520208,-13.860000,7.630000,26.530001,1770467861.293541
-1.235128,-0.260104,0.551440,-22.540001,-15.750000,19.600000,1770467861.301588
-1.185840,-0.297192,0.538996,-24.780001,-42.700001,9.030000,1770467861.309691
-1.095560,-0.284504,0.545828,-12.740000,-71.959999,4.830000,1770467861.317598
-1.001376,-0.244244,0.563640,-4.690000,-94.849998,8.050000,1770467861.325552
-0.874008,-0.203252,0.555344,7.770000,-120.190002,7.490000,1770467861.333545
-0.732976,-0.148840,0.527528,21.420000,-145.880005,3.360000,1770467861.341658
-0.588040,-0.061976,0.501176,29.540001,-168.979996,13.580000,1770467861.349702
-0.467260,0.099796,0.499712,45.639999,-182.070007,14.140000,1770467861.357597
-0.341356,0.328180,0.559492,71.190002,-186.970001,16.799999,1770467861.365531
-0.235704,0.456036,0.672464,93.169998,-185.850006,10.780000,1770467861.373547
-0.191540,0.556076,0.755180,105.279999,-178.429993,-0.350000,1770467861.381647
-0.101504,0.608536,0.767380,103.320000,-165.970001,-8.610000,1770467861.389583
-0.035868,0.686616,0.749080,97.300003,-153.229996,-18.410000,1770467861.397539
0.120048,0.737856,0.771528,84.070000,-143.289993,-14.700000,1770467861.405564
0.125416,0.657092,0.854488,62.090000,-124.180000,-16.940001,1770467861.413549
0.174704,0.581696,0.890844,36.610001,-97.650002,-21.559999,1770467861.421579
0.225212,0.504348,0.918660,18.549999,-64.680000,-30.450001,1770467861.429594
0.263764,0.415288,0.941840,2.520000,-27.790001,-36.189999,1770467861.437537
0.261080,0.291092,0.940132,-21.350000,15.120000,-37.869999,1770467861.445553
0.245220,0.159576,0.951844,-36.959999,54.110001,-38.290001,1770467861.453557
0.193004,0.040016,1.022848,-46.200001,84.629997,-34.509998,1770467861.461579
0.095404,-0.075396,1.126060,-49.000000,109.339996,-35.700001,1770467861.469554
-0.020252,-0.194224,1.215852,-42.630001,126.629997,-34.160000,1770467861.477543
-0.162992,-0.239364,1.255380,-31.290001,135.940002,-32.549999,1770467861.485704
-0.293776,-0.226920,1.280512,-20.510000,137.270004,-31.150000,1770467861.493535
-0.422852,-0.187636,1.288320,-11.620000,128.869995,-26.040001,1770467861.501576
-0.526064,-0.126880,1.283196,-13.790000,112.139999,-21.700001,1770467861.509556
-0.599752,-0.069540,1.267092,-20.440001,90.440002,-23.170000,1770467861.517554
-0.633424,-0.029280,1.232688,-26.879999,67.339996,-17.990000,1770467861.525549
-0.623664,-0.009272,1.181204,-32.970001,48.860001,-21.559999,1770467861.533546
-0.592920,-0.007564,1.122888,-33.110001,34.020000,-20.930000,1770467861.541580
-0.554368,-0.008052,1.068476,-39.480000,26.740000,-18.340000,1770467861.549596
-0.530212,-0.046116,0.986004,-46.759998,25.969999,-15.960000,1770467861.557561
-0.511668,0.021472,0.898652,-43.959999,32.830002,-8.890000,1770467861.565537
-0.508496,-0.010736,0.880352,-34.930000,43.049999,-5.530000,1770467861.573638
-0.532408,0.012932,0.850584,-31.080000,50.610001,4.200000,1770467861.581597
-0.555832,0.080520,0.849364,-28.000000,58.730000,12.460000,1770467861.589585
-0.579500,0.150304,0.873276,-21.700001,61.180000,20.719999,1770467861.597533
-0.613416,0.219844,0.870836,-17.570000,59.290001,33.669998,1770467861.605550
-0.651724,0.296460,0.819108,-13.720000,53.200001,41.299999,1770467861.613549
-0.674660,0.352092,0.746640,-7.350000,40.529999,51.590000,1770467861.621576
-0.693936,0.379664,0.666608,-3.150000,23.799999,62.509998,1770467861.629606
-0.671488,0.416752,0.606096,5.880000,1.330000,62.860001,1770467861.637557
-0.622932,0.428708,0.572912,11.970000,-29.820000,63.630001,1770467861.645545
-0.573156,0.409676,0.559980,13.860000,-53.689999,63.490002,1770467861.653559
-0.508496,0.367708,0.560468,18.340000,-70.349998,59.779999,1770467861.661593
-0.440176,0.324276,0.560712,18.410000,-77.279999,59.220001,1770467861.669607
-0.359412,0.318908,0.573156,24.080000,-70.699997,48.580002,1770467861.677535
-0.295972,0.353556,0.614392,32.410000,-55.439999,42.000000,1770467861.685542
-0.277672,0.411872,0.684908,32.759998,-31.780001,31.850000,1770467861.693545
-0.295728,0.461648,0.768112,25.969999,-10.150000,18.340000,1770467861.701579
-0.344528,0.474824,0.821792,9.520000,6.650000,7.210000,1770467861.709559
-0.413580,0.454084,0.836432,-5.600000,16.660000,-7.350000,1770467861.717574
-0.465796,0.415532,0.818864,-14.700000,19.110001,-17.080000,1770467861.725556
-0.516548,0.376248,0.806908,-21.209999,18.830000,-23.379999,1770467861.733684
-0.540704,0.338672,0.823744,-22.889999,16.309999,-27.299999,1770467861.741582
-0.554856,0.285480,0.868640,-25.129999,10.220000,-24.080000,1770467861.749555
-0.575596,0.236680,0.912804,-24.219999,7.350000,-23.379999,1770467861.757567
-0.599020,0.203984,0.945744,-26.110001,8.680000,-19.600000,1770467861.765745
-0.625128,0.179584,0.985516,-26.250000,14.420000,-16.730000,1770467861.773553
-0.664412,0.168116,1.019920,-32.759998,24.219999,-15.260000,1770467861.781575
-0.701256,0.142252,1.032852,-42.840000,37.380001,-11.830000,1770467861.789604
-0.767380,0.084180,1.025044,-44.799999,56.980000,-4.970000,1770467861.797538
-0.860588,0.025864,0.976244,-50.119999,77.769997,2.870000,1770467861.805545
-0.960140,-0.017324,0.904752,-52.639999,97.300003,11.200000,1770467861.813582
-1.075064,-0.038552,0.834480,-50.330002,110.389999,14.000000,1770467861.821575
-1.204140,-0.024888,0.772504,-46.689999,114.309998,22.889999,1770467861.829587
-1.369328,0.006832,0.725656,-37.730000,109.830002,18.129999,1770467861.837536
-1.421056,0.061244,0.665388,-31.010000,87.150002,13.090000,1770467861.845560
-1.451312,0.131028,0.606340,-22.330000,47.320000,11.060000,1770467861.853876
-1.432036,0.174216,0.581696,-10.920000,0.280000,4.480000,1770467861.861637
-1.352004,0.205692,0.599508,-3.010000,-52.779999,3.640000,1770467861.869560
-1.210484,0.213988,0.646356,5.880000,-99.750000,-2.590000,1770467861.877527
-1.038464,0.226676,0.687836,15.540000,-139.160004,-2.310000,1770467861.885543
-0.851316,0.241316,0.683200,17.219999,-168.070007,-2.590000,1770467861.893543
-0.679052,0.239852,0.648796,23.309999,-187.949997,-4.620000,1770467861.901626
-0.524356,0.202276,0.584624,16.730000,-196.839996,-3.710000,1770467861.909573
-0.393572,0.153720,0.510204,12.880000,-194.179993,-7.770000,1770467861.917540
-0.270840,0.126392,0.441152,14.980000,-181.860001,-11.900000,1770467861.925547
-0.143960,0.091744,0.389180,21.070000,-161.070007,-14.770000,1770467861.933560
-0.060756,0.055144,0.361364,33.110001,-137.550003,-16.170000,1770467861.941573
-0.023180,0.039772,0.367952,42.840000,-111.160004,-11.060000,1770467861.949812
0.003172,0.078324,0.402356,54.880001,-89.879997,-8.190000,1770467861.957551
0.000488,0.134932,0.469456,63.980000,-74.690002,-1.050000,1770467861.965592
-0.020984,0.199348,0.561444,63.209999,-63.070000,-2.030000,1770467861.973702
-0.042212,0.252540,0.663436,56.560001,-52.919998,-7.630000,1770467861.982250
-0.055876,0.318664,0.747860,46.759998,-46.410000,-12.460000,1770467861.989854
-0.064416,0.403576,0.807396,29.680000,-47.529999,-25.620001,1770467861.997660
-0.046604,0.512156,0.851072,9.030000,-50.189999,-32.689999,1770467862.005551
-0.027572,0.598288,0.907680,-21.910000,-49.000000,-36.820000,1770467862.013661
0.004148,0.578036,1.000400,-51.869999,-39.900002,-33.040001,1770467862.021615
0.054412,0.439932,1.124840,-69.089996,-24.990000,-31.709999,1770467862.029557
0.097356,0.273524,1.254892,-76.300003,-9.240000,-39.060001,1770467862.037524
0.116388,0.131516,1.366400,-76.089996,6.650000,-40.320000,1770467862.045548
0.098576,0.012688,1.428864,-71.540001,21.629999,-38.500000,1770467862.053628
0.063440,-0.085644,1.461072,-62.230000,35.000000,-39.410000,1770467862.061581
0.012444,-0.136396,1.479372,-54.669998,45.779999,-32.340000,1770467862.069553
-0.041724,-0.134200,1.499624,-42.209999,55.090000,-34.369999,1770467862.077554
-0.094672,-0.093940,1.484496,-32.759998,58.240002,-32.270000,1770467862.085590
-0.143472,-0.052216,1.426668,-26.809999,57.119999,-29.120001,1770467862.093536
-0.190808,-0.012932,1.343220,-20.230000,56.000000,-22.680000,1770467862.101576
-0.234728,0.016836,1.247328,-20.020000,54.180000,-15.540000,1770467862.109555
-0.268400,0.045628,1.132648,-16.660000,53.970001,-7.700000,1770467862.117545
-0.297924,0.065636,1.027728,-14.350000,56.560001,4.200000,1770467862.125589
-0.322080,0.076860,0.939888,-16.100000,64.120003,13.440000,1770467862.133520
-0.355996,0.088084,0.850096,-12.250000,72.730003,22.400000,1770467862.141575
-0.392840,0.110044,0.761524,-12.460000,82.529999,39.270000,1770467862.149546
-0.426024,0.125172,0.684908,-10.570000,90.089996,47.669998,1770467862.157653
-0.467504,0.139324,0.631472,-11.900000,90.930000,58.799999,1770467862.165572
-0.513864,0.159576,0.616100,-15.680000,87.500000,66.639999,1770467862.173537
-0.566568,0.173240,0.626836,-20.650000,79.940002,69.019997,1770467862.181576
-0.618296,0.163480,0.645380,-28.910000,76.510002,72.940002,1770467862.189552
-0.656360,0.144936,0.659288,-28.139999,75.110001,72.169998,1770467862.197533
-0.677344,0.134200,0.674660,-27.580000,73.080002,74.480003,1770467862.205581
-0.699792,0.153720,0.701988,-23.450001,74.830002,71.610001,1770467862.213546
-0.734440,0.217892,0.749568,-19.320000,71.959999,63.279999,1770467862.221576
-0.778360,0.293532,0.785192,-24.010000,67.830002,58.310001,1770467862.229547
-0.840092,0.366732,0.774700,-32.549999,63.209999,39.689999,1770467862.237517
-0.869128,0.426756,0.708088,-39.900002,53.689999,26.040001,1770467862.245538
-0.882548,0.463112,0.669048,-52.430000,42.980000,3.430000,1770467862.253601
-0.868640,0.467260,0.632204,-61.880001,28.070000,-3.990000,1770467862.261590
-0.849120,0.438956,0.629764,-68.320000,16.799999,-14.280000,1770467862.269548
-0.821548,0.377468,0.597312,-65.309998,7.980000,-16.730000,1770467862.277530
-0.793244,0.329644,0.566812,-56.209999,1.540000,-17.290001,1770467862.285553
-0.760792,0.292068,0.539728,-43.750000,-2.800000,-14.490000,1770467862.293531
-0.756888,0.290360,0.523624,-32.970001,-4.900000,-8.820000,1770467862.301586
-0.774456,0.294508,0.515084,-24.570000,-4.130000,1.540000,1770467862.309669
-0.815204,0.266936,0.539240,-22.680000,0.280000,9.870000,1770467862.317548
-0.876692,0.194468,0.589504,-19.459999,7.630000,17.709999,1770467862.325550
-0.934764,0.059536,0.628544,-15.960000,13.860000,21.070000,1770467862.333530
-0.954284,-0.053192,0.644892,4.130000,14.000000,40.250000,1770467862.341587
-1.090680,-0.180560,0.690032,24.780001,10.080000,55.090000,1770467862.349556
-1.253916,-0.414312,0.739076,37.660000,-0.350000,45.430000,1770467862.357570
-1.265872,-0.467992,0.765672,53.549999,-25.900000,38.430000,1770467862.365555
-1.305400,-0.509960,0.882060,64.610001,-53.549999,30.520000,1770467862.373621
-1.303448,-0.534116,0.969168,77.489998,-88.620003,20.719999,1770467862.381663
-1.253184,-0.565104,0.991372,83.510002,-118.790001,14.350000,1770467862.389632
-1.186084,-0.578768,1.003572,90.720001,-146.300003,-2.800000,1770467862.397543
-1.083604,-0.539484,1.018944,98.699997,-168.000000,-13.930000,1770467862.405540
-0.910608,-0.421632,1.054568,97.650002,-186.410004,-28.350000,1770467862.413553
-0.689056,-0.225456,1.114836,99.610001,-200.059998,-34.580002,1770467862.421674
-0.444324,-0.021472,1.183644,89.599998,-211.750000,-35.840000,1770467862.429554
-0.216184,0.215696,1.228052,82.110001,-225.750000,-34.509998,1770467862.437523
-0.054168,0.409188,1.249280,62.509998,-232.050003,-25.830000,1770467862.445547
0.019276,0.494832,1.218536,37.450001,-222.389999,-33.459999,1770467862.453723
0.413824,0.894992,0.894992,26.180000,-213.429993,-20.440001,1770467862.461574
0.432368,0.906216,1.045784,13.020000,-205.869995,5.600000,1770467862.469600
0.468480,0.931592,0.935740,-5.320000,-185.779999,13.930000,1770467862.477543
0.480436,0.903044,0.747128,-25.690001,-164.570007,19.879999,1770467862.485540
0.489464,0.845216,0.549732,-42.770000,-140.279999,20.090000,1770467862.493594
0.478240,0.766648,0.396256,-53.759998,-114.029999,15.610000,1770467862.501587
0.469700,0.721264,0.271084,-65.660004,-83.230003,11.970000,1770467862.509553
0.476044,0.679052,0.186416,-69.790001,-49.980000,11.340000,1770467862.517579
0.473360,0.631472,0.155916,-72.870003,-14.350000,16.590000,1770467862.525579
0.464820,0.547536,0.166896,-76.720001,21.070000,17.850000,1770467862.533537
0.461648,0.409188,0.216672,-75.110001,56.840000,19.600000,1770467862.541579
0.444568,0.233508,0.318176,-72.449997,91.629997,18.690001,1770467862.549552
0.426024,0.042944,0.448228,-59.779999,127.050003,14.560000,1770467862.557559
0.396500,-0.146888,0.592676,-42.560001,162.610001,19.389999,1770467862.565550
0.341356,-0.289140,0.738588,-27.860001,192.500000,14.140000,1770467862.573567
0.237900,-0.301584,0.870104,-7.770000,217.630005,12.880000,1770467862.581581
0.208376,-0.362096,1.062864,4.340000,231.419998,22.400000,1770467862.589556
-0.026840,-0.254980,1.241228,6.370000,247.940002,23.450001,1770467862.597546
-0.239120,-0.151524,1.476932,4.550000,265.369995,26.600000,1770467862.605694
-0.431636,-0.050996,1.736304,-9.240000,273.350006,24.430000,1770467862.613573
-0.712236,-0.056364,1.740940,-22.120001,283.010010,33.180000,1770467862.621578
-0.909144,-0.117852,1.555500,-32.689999,274.260010,39.060001,1770467862.629556
-1.149484,-0.162016,1.314916,-29.540001,255.570007,51.029999,1770467862.637556
-1.428620,-0.230336,1.135088,-25.200001,235.270004,45.570000,1770467862.645524
-1.611132,-0.247660,1.024312,-27.020000,216.229996,32.340000,1770467862.653595
-1.741672,-0.249124,0.961116,-25.900000,188.089996,13.580000,1770467862.661580
-1.769976,-0.198372,0.879376,-25.690001,160.720001,-0.700000,1770467862.669557
-1.712148,-0.100528,0.795196,-19.600000,124.250000,-12.040000,1770467862.677658
-1.604544,0.037820,0.760792,-13.020000,84.419998,-23.730000,1770467862.685542
-1.482544,0.182756,0.762012,-5.600000,41.860001,-29.680000,1770467862.693545
-1.343464,0.304512,0.761280,0.980000,3.010000,-35.490002,1770467862.701574
-1.187304,0.391864,0.748836,9.520000,-32.130001,-39.759998,1770467862.709553
-1.027972,0.447008,0.692228,17.639999,-62.369999,-42.070000,1770467862.717557
-0.864248,0.470676,0.591944,25.340000,-88.550003,-41.650002,1770467862.725680
-0.721752,0.488976,0.485072,35.560001,-113.190002,-38.990002,1770467862.733529
-0.602924,0.500200,0.397720,38.990002,-134.539993,-40.320000,1770467862.741578
-0.501664,0.493856,0.320128,37.730000,-151.899994,-44.590000,1770467862.749585
-0.326960,0.576572,0.243024,42.980000,-167.369995,-40.459999,1770467862.757562
-0.250344,0.588772,0.202764,41.439999,-181.860001,-36.400002,1770467862.765686
-0.167140,0.584868,0.154208,33.740002,-191.169998,-34.930000,1770467862.773556
-0.088084,0.576328,0.095160,25.969999,-187.529999,-34.720001,1770467862.781577
0.030012,0.584868,0.049044,19.809999,-177.869995,-14.070000,1770467862.789583
0.135176,0.521916,0.058072,21.910000,-152.669998,12.390000,1770467862.797640
0.134688,0.439444,0.099552,21.000000,-104.580002,36.540001,1770467862.805599
0.129320,0.326472,0.173728,18.549999,-41.930000,56.209999,1770467862.813547
0.053924,0.192272,0.287676,21.350000,24.780001,65.169998,1770467862.821615
-0.124928,0.029036,0.439200,18.969999,93.379997,69.720001,1770467862.829564
-0.394060,-0.152256,0.636596,16.170000,170.100006,58.310001,1770467862.837526
-0.550708,-0.200324,0.854976,12.740000,231.490005,63.490002,1770467862.845540
-1.410564,-0.683688,1.142164,-6.230000,315.559998,39.410000,1770467862.853572
-1.623576,-0.783972,1.220976,-29.190001,362.040009,-12.600000,1770467862.861678
-2.021540,-1.073112,1.291248,-28.770000,360.429993,-27.230000,1770467862.869558
-2.289452,-1.267336,1.332972,4.690000,286.579987,-25.969999,1770467862.877544
-2.371924,-1.074820,1.507676,36.400002,133.979996,-3.360000,1770467862.885551
-2.348500,-0.659044,1.684088,40.740002,-33.880001,10.290000,1770467862.893529
-2.085468,-0.340624,1.595272,39.900002,-174.649994,17.920000,1770467862.901624
-1.673840,-0.081008,1.433744,35.980000,-271.600006,18.620001,1770467862.909566
-1.229760,0.157136,1.324920,31.290001,-320.459991,8.260000,1770467862.917553
-0.803736,0.357704,1.224392,23.450001,-342.019989,4.760000,1770467862.925548
-0.472872,0.503128,1.073600,19.250000,-340.339996,1.120000,1770467862.933534
-0.258152,0.561444,0.891576,16.170000,-326.970001,-3.710000,1770467862.941625
-0.077592,0.618540,0.666608,10.570000,-304.149994,-11.270000,1770467862.949728
0.236436,0.844728,0.403332,23.450001,-298.619995,-0.490000,1770467862.957897
0.254492,0.765184,0.301828,26.879999,-286.929993,16.590000,1770467862.965603
0.303780,0.750300,0.202276,21.840000,-271.250000,18.620001,1770467862.973864
0.351116,0.744688,0.118828,13.440000,-253.050003,7.840000,1770467862.981793
0.413336,0.732732,0.027328,-2.310000,-228.410004,1.540000,1770467862.989809
0.449692,0.698084,-0.051484,-12.880000,-198.169998,-6.650000,1770467862.997550
0.488000,0.646600,-0.155428,-21.629999,-158.899994,-7.420000,1770467863.005555
0.509960,0.570960,-0.246684,-24.080000,-113.120003,2.660000,1770467863.013573
0.524600,0.469212,-0.271328,-19.459999,-66.220001,9.030000,1770467863.021591
0.522160,0.370636,-0.187392,-13.300000,-14.000000,14.210000,1770467863.029571
0.521916,0.268888,0.046116,-2.590000,41.860001,12.390000,1770467863.037529
0.507520,0.171776,0.325740,6.650000,100.169998,14.000000,1770467863.045566
0.475312,0.064172,0.626348,7.560000,163.380005,13.090000,1770467863.053646
0.397232,-0.050996,0.943304,4.340000,216.929993,12.180000,1770467863.061581
0.254248,-0.132736,1.262456,-9.730000,264.040009,12.250000,1770467863.069555
0.063196,-0.110288,1.667008,-26.110001,310.380005,9.310000,1770467863.077550
-0.165432,0.004880,2.314096,-44.869999,355.600006,16.240000,1770467863.085646
-0.494832,0.014396,2.888228,-74.760002,385.209991,23.870001,1770467863.093542
-0.840336,-0.254004,2.864804,-88.129997,392.489990,38.709999,1770467863.101577
-0.965020,-0.432124,2.211128,-77.349998,350.559998,72.730003,1770467863.109549
-1.558916,-0.754692,1.640900,-65.309998,305.130005,92.470001,1770467863.117531
-1.812676,-0.747616,1.134600,-61.740002,250.460007,39.340000,1770467863.125545
-1.895636,-0.679296,0.941352,-52.220001,190.119995,28.000000,1770467863.133567
-1.891976,-0.472628,0.927200,-41.369999,133.490005,7.000000,1770467863.141659
-1.807064,-0.232044,0.969656,-41.790001,77.629997,-1.470000,1770467863.149554
-1.656516,0.004148,0.943304,-39.130001,23.870001,-22.260000,1770467863.157648
-1.456680,0.164212,0.852048,-35.139999,-19.320000,-32.270000,1770467863.165539
-1.220732,0.275964,0.745908,-28.420000,-51.520000,-43.259998,1770467863.173569
-0.987224,0.340868,0.636108,-13.930000,-74.129997,-54.110001,1770467863.181579
-0.785924,0.377956,0.529480,0.420000,-90.860001,-49.630001,1770467863.189599
-0.623664,0.408212,0.444812,14.980000,-102.199997,-54.110001,1770467863.197523
-0.498004,0.405040,0.373320,32.900002,-111.300003,-48.720001,1770467863.205536
-0.417728,0.407480,0.308660,46.759998,-118.089996,-55.439999,1770467863.213535
-0.262544,0.478972,0.235460,64.540001,-122.080002,-42.349998,1770467863.221542
-0.207888,0.480192,0.196420,72.730003,-131.740005,-39.759998,1770467863.229556
-0.157868,0.493124,0.166896,77.769997,-138.740005,-35.840000,1770467863.237514
-0.119316,0.499224,0.123952,78.680000,-143.360001,-39.410000,1770467863.245541
-0.048068,0.521672,0.058316,74.199997,-147.839996,-47.740002,1770467863.253536
0.078080,0.528748,0.004636,71.750000,-152.320007,-35.840000,1770467863.261583
0.143472,0.516060,0.002928,68.529999,-147.350006,-20.230000,1770467863.269542
0.160552,0.508008,0.027328,62.020000,-124.879997,-0.700000,1770467863.277537
0.178120,0.496052,0.068564,55.230000,-87.639999,17.500000,1770467863.285525
0.168848,0.436272,0.148840,47.320000,-35.139999,38.570000,1770467863.293538
0.079544,0.333792,0.294264,45.290001,32.200001,50.470001,1770467863.301595
-0.099796,0.218868,0.556076,44.520000,107.870003,50.259998,1770467863.309610
-0.363072,0.114924,0.896700,40.880001,191.729996,37.029999,1770467863.317539
-0.636352,0.072712,1.227808,32.340000,273.910004,21.490000,1770467863.325549
-1.087020,0.023668,1.548912,24.920000,354.690002,12.530000,1770467863.333559
-1.528416,-0.443348,1.757776,3.990000,396.339996,-6.860000,1770467863.341637
-1.923208,-0.823012,1.811944,13.300000,370.299988,-6.440000,1770467863.349558
-2.370704,-1.110932,1.765340,30.799999,268.450012,-0.350000,1770467863.357562
-2.568100,-1.108248,1.706292,29.540001,115.849998,2.660000,1770467863.365551
-2.444148,-0.937692,1.736792,30.170000,-44.380001,2.450000,1770467863.373543
-2.011292,-0.634156,1.678476,33.740002,-176.960007,4.480000,1770467863.381615
-1.507188,-0.327448,1.534028,30.100000,-249.830002,1.750000,1770467863.389553
-1.062620,-0.059536,1.388604,28.000000,-278.390015,-3.080000,1770467863.397563
-0.701256,0.168604,1.250500,23.240000,-282.589996,-10.150000,1770467863.405571
-0.412604,0.353800,1.108492,18.900000,-267.750000,-14.420000,1770467863.413579
-0.211792,0.497028,0.958676,17.990000,-244.089996,-13.300000,1770467863.421596
-0.128588,0.533140,0.798368,12.460000,-213.850006,-23.940001,1770467863.429636
-0.031476,0.609024,0.580964,17.290001,-180.110001,-21.559999,1770467863.437522
0.276208,0.773724,0.409920,27.790001,-164.779999,-6.650000,1770467863.445547
0.173972,0.848876,0.319396,26.879999,-149.869995,3.010000,1770467863.453646
0.199104,0.884988,0.224968,15.680000,-134.750000,3.710000,1770467863.461581
0.229116,0.880352,0.133712,1.120000,-121.449997,2.310000,1770467863.469553
0.258152,0.816180,0.047336,-9.310000,-112.419998,1.750000,1770467863.477539
0.268888,0.726632,-0.043676,-15.680000,-104.019997,-0.210000,1770467863.485541
0.271084,0.647088,-0.127368,-22.889999,-92.330002,-6.090000,1770467863.493654
0.272304,0.554368,-0.207156,-24.150000,-78.889999,-10.920000,1770467863.501575
0.287188,0.448716,-0.259128,-24.010000,-60.130001,-8.120000,1770467863.509560
0.300852,0.358436,-0.263520,-17.570000,-34.580002,-6.650000,1770467863.517567
0.306464,0.293532,-0.182268,-7.420000,-1.820000,1.190000,1770467863.525572
0.294264,0.226432,0.026108,-2.100000,42.209999,10.220000,1770467863.533529
0.269132,0.172264,0.306708,2.310000,96.389999,16.799999,1770467863.541578
0.217648,0.100040,0.629276,0.000000,158.830002,17.920000,1770467863.549554
0.105896,-0.012200,0.921100,-11.130000,215.460007,19.040001,1770467863.557854
-0.041480,-0.128100,1.178764,-26.110001,259.279999,9.660000,1770467863.565586
-0.220332,-0.184708,1.503040,-43.680000,288.329987,3.990000,1770467863.573576
-0.464576,-0.184952,1.974936,-60.549999,307.790009,-11.060000,1770467863.581575
-0.720288,-0.203008,2.349720,-75.669998,315.000000,-5.740000,1770467863.589552
-1.126060,-0.387960,2.401936,-72.239998,318.779999,-0.840000,1770467863.597591
-1.566968,-0.851804,2.091324,-57.680000,308.980011,-5.320000,1770467863.605551
-1.675060,-0.879132,1.621136,-34.580002,252.630005,-11.270000,1770467863.613548
-1.732156,-0.741272,1.319796,-9.240000,175.630005,-5.110000,1770467863.621575
-1.725812,-0.477996,1.188524,1.120000,96.389999,-7.350000,1770467863.629602
-1.656760,-0.189100,1.156804,6.790000,38.779999,-12.810000,1770467863.637514
-1.539152,0.050996,1.138260,4.900000,1.610000,-22.120001,1770467863.645559
-1.375184,0.214720,1.075308,-4.900000,-17.010000,-37.169998,1770467863.653543
-1.213412,0.319152,0.964288,-10.360000,-25.549999,-45.709999,1770467863.661584
-1.047248,0.380640,0.830088,-12.880000,-31.360001,-60.549999,1770467863.669555
-0.915488,0.429928,0.693692,-11.690000,-35.630001,-63.209999,1770467863.677588
-0.803248,0.461160,0.569740,-0.980000,-40.669998,-67.690002,1770467863.685572
-0.697840,0.488000,0.476776,8.470000,-46.130001,-67.059998,1770467863.693545
-0.624884,0.491660,0.399428,25.200001,-55.930000,-65.099998,1770467863.701575
-0.575352,0.471408,0.339404,34.090000,-65.099998,-67.830002,1770467863.709564
-0.431148,0.561932,0.255224,49.630001,-79.239998,-57.750000,1770467863.717681
-0.386496,0.565592,0.224236,55.299999,-98.209999,-55.930000,1770467863.725551
-0.326960,0.574376,0.176168,52.779999,-116.410004,-55.020000,1770467863.733540
-0.256932,0.569252,0.131516,52.639999,-132.649994,-56.139999,1770467863.741581
-0.195688,0.550952,0.090768,44.730000,-142.380005,-55.020000,1770467863.749556
-0.123952,0.500932,0.055632,39.689999,-144.619995,-45.150002,1770467863.757667
-0.063196,0.433100,0.026108,31.360001,-140.070007,-33.250000,1770467863.765621
0.006344,0.381616,0.022692,23.730000,-125.860001,-17.219999,1770467863.773675
0.229604,0.358924,0.084424,26.740000,-106.540001,6.790000,1770467863.781576
0.096136,0.242780,0.238632,33.250000,-64.470001,37.799999,1770467863.789640
-0.003416,0.139080,0.400404,44.450001,-5.110000,53.200001,1770467863.797550
-0.201788,0.012200,0.625128,49.279999,60.759998,60.689999,1770467863.805644
-0.471896,-0.098332,0.902800,45.430000,131.389999,55.650002,1770467863.813592
-0.836188,-0.040748,1.114592,42.000000,205.380005,56.560001,1770467863.821589
-1.665056,-0.572180,1.219512,20.090000,302.820007,11.060000,1770467863.829568
-1.831952,-0.730292,1.120936,7.000000,323.540009,-18.200001,1770467863.837521
-2.019588,-0.922564,1.251964,11.760000,261.450012,-10.010000,1770467863.845553
-2.211128,-1.049200,1.515972,27.440001,135.169998,1.190000,1770467863.853699
-2.283108,-0.962824,1.720444,38.009998,-9.660000,15.260000,1770467863.861594
-2.156716,-0.706868,1.816824,36.189999,-150.429993,19.809999,1770467863.869563
-1.812920,-0.458232,1.733864,37.730000,-245.139999,18.059999,1770467863.877541
-1.367864,-0.179828,1.561600,35.630001,-299.809998,9.170000,1770467863.885543
-0.937692,0.078080,1.384944,30.660000,-319.480011,-4.760000,1770467863.893548
-0.617320,0.262544,1.232444,29.680000,-314.859985,-8.820000,1770467863.901697
-0.363804,0.419192,1.114836,22.750000,-295.679993,-18.900000,1770467863.909545
-0.156404,0.555832,1.026020,15.960000,-264.600006,-24.150000,1770467863.917529
-0.030744,0.609268,0.939156,4.760000,-227.360001,-34.020000,1770467863.925542
-0.005856,0.578524,0.805444,-9.590000,-184.940002,-53.130001,1770467863.933540
0.620004,0.862540,0.617320,1.260000,-169.750000,-38.639999,1770467863.941622
0.335744,0.870104,0.542900,3.570000,-136.850006,-20.440001,1770467863.949566
0.343308,0.889380,0.453596,0.560000,-114.449997,-17.219999,1770467863.957544
0.348920,0.885476,0.367220,-5.670000,-93.309998,-11.130000,1770467863.965562
0.337696,0.839604,0.274988,-11.340000,-74.339996,-12.180000,1770467863.974307
0.331108,0.751764,0.187880,-15.470000,-59.990002,-7.280000,1770467863.981709
0.305488,0.651724,0.100772,-21.139999,-48.020000,-6.790000,1770467863.989744
0.283040,0.570228,0.014884,-20.650000,-39.900002,-11.550000,1770467863.997540
0.256688,0.485804,-0.052948,-24.990000,-30.450001,-10.220000,1770467864.005577
0.242780,0.424804,-0.116632,-28.209999,-17.570000,-11.760000,1770467864.013546
0.237168,0.362096,-0.155672,-30.450001,1.050000,-4.060000,1770467864.021581
0.243512,0.279624,-0.116876,-25.129999,26.250000,1.540000,1770467864.029799
0.252052,0.187636,0.024156,-16.309999,58.380001,6.230000,1770467864.037558
0.255956,0.098088,0.221552,-7.910000,96.599998,7.140000,1770467864.045545
0.257176,0.007564,0.493368,-7.770000,133.979996,7.840000,1770467864.053580
0.222528,-0.101748,0.828868,-15.470000,172.059998,10.850000,1770467864.061728
0.116388,-0.225456,1.151436,-27.860001,210.139999,9.380000,1770467864.069564
-0.038796,-0.339404,1.497916,-40.180000,246.820007,15.050000,1770467864.077542
-0.247416,-0.402112,1.857572,-46.619999,278.809998,19.530001,1770467864.085541
-0.435052,-0.400404,2.073268,-49.349998,294.070007,29.610001,1770467864.093532
-0.778848,-0.483852,2.230892,-46.549999,284.829987,49.910000,1770467864.101641
-1.402268,-0.929152,2.086688,-57.189999,283.359985,30.590000,1770467864.109559
-1.450580,-0.985760,1.680428,-40.740002,243.809998,18.830000,1770467864.117532
-1.562088,-0.901336,1.395192,-15.680000,184.729996,13.650000,1770467864.125538
-1.650416,-0.617808,1.283684,8.470000,132.369995,4.340000,1770467864.133671
-1.659200,-0.242048,1.282708,22.540001,89.529999,-4.060000,1770467864.141580
-1.609912,0.110776,1.276852,19.530001,56.910000,-21.980000,1770467864.149540
-1.499868,0.329156,1.207312,10.430000,35.419998,-42.560001,1770467864.157532
-1.350052,0.435784,1.075308,5.110000,14.210000,-56.560001,1770467864.165562
-1.196088,0.484096,0.918904,3.920000,-4.830000,-71.190002,1770467864.173537
-1.046516,0.499956,0.773236,10.080000,-22.120001,-80.290001,1770467864.181574
-0.907436,0.513376,0.670268,14.210000,-35.910000,-84.910004,1770467864.189541
-0.791048,0.508740,0.598044,21.980000,-53.340000,-81.059998,1770467864.197528
-0.709064,0.502152,0.515816,25.620001,-68.320000,-82.180000,1770467864.205555
-0.627812,0.525576,0.431392,29.680000,-81.760002,-80.500000,1770467864.213664
-0.485804,0.600972,0.365756,38.220001,-99.959999,-69.510002,1770467864.221575
-0.416996,0.611952,0.310368,37.169998,-115.430000,-54.459999,1770467864.229549
-0.339160,0.603168,0.255224,38.570000,-129.639999,-53.759998,1770467864.237521
-0.262300,0.574864,0.208132,41.020000,-142.869995,-48.720001,1770467864.245542
-0.199104,0.540460,0.151524,37.730000,-149.729996,-46.759998,1770467864.253536
-0.130784,0.488488,0.096136,34.650002,-152.179993,-36.049999,1770467864.261710
-0.072224,0.433588,0.033672,27.230000,-146.789993,-26.740000,1770467864.269547
-0.009516,0.407480,-0.016592,20.650000,-137.059998,-14.070000,1770467864.277534
0.142008,0.415532,-0.030256,16.309999,-122.430000,3.920000,1770467864.285519
0.080032,0.329888,0.030500,16.660000,-91.769997,22.889999,1770467864.293531
0.047824,0.264740,0.130052,13.440000,-46.200001,36.680000,1770467864.301641
-0.053924,0.182756,0.301096,12.670000,12.180000,48.090000,1770467864.309557
-0.212524,0.071980,0.584624,10.360000,82.389999,47.250000,1770467864.317543
-0.414800,-0.040504,0.986004,6.790000,155.050003,46.549999,1770467864.325542
-0.668072,-0.033428,1.304912,8.960000,222.250000,46.130001,1770467864.333551
-1.575996,-0.578768,1.625772,1.540000,311.149994,14.000000,1770467864.341673
-1.920524,-0.687348,1.461560,-2.590000,339.220001,-19.320000,1770467864.349584
-2.256756,-0.874008,1.294908,7.350000,268.170013,-22.820000,1770467864.357541
-2.506368,-0.980392,1.301984,10.780000,110.180000,-20.580000,1770467864.365560
-2.517836,-0.950136,1.536956,13.230000,-66.570000,-6.860000,1770467864.373617
-2.226012,-0.879864,1.604300,23.030001,-219.869995,-2.870000,1770467864.381667
-1.686040,-0.698816,1.484008,32.340000,-326.410004,-2.730000,1770467864.389587
-1.142896,-0.425048,1.393728,41.650002,-380.450012,-7.840000,1770467864.397542
-0.660020,-0.124440,1.348344,50.330002,-399.910004,-18.200001,1770467864.405544
-0.255712,0.156892,1.334924,52.150002,-392.350006,-25.969999,1770467864.413571
0.030256,0.412848,1.340536,49.980000,-367.779999,-31.709999,1770467864.421639
0.148596,0.463112,1.314916,32.060001,-320.809998,-44.590000,1770467864.429662
0.456280,0.658556,1.084580,18.200001,-280.700012,-77.559998,1770467864.437522
0.637084,0.805200,0.853756,28.000000,-241.710007,-42.770000,1770467864.445600
0.630008,0.829844,0.710772,17.920000,-191.940002,-23.940001,1770467864.453550
0.641964,0.846924,0.545340,8.120000,-139.229996,-21.420000,1770467864.461595
0.641476,0.815936,0.414068,-3.010000,-84.629997,-11.900000,1770467864.469562
0.603412,0.759084,0.302316,-5.880000,-36.119999,-9.870000,1770467864.477540
0.531920,0.669780,0.224480,-9.100000,1.470000,-12.180000,1770467864.485563
0.450180,0.580964,0.155428,-10.220000,30.730000,-10.990000,1770467864.493546
0.363072,0.498004,0.093208,-8.330000,50.540001,-11.830000,1770467864.501573
0.272548,0.401868,0.057584,-9.730000,65.870003,-9.100000,1770467864.509621
0.196420,0.321348,0.021716,-8.120000,75.529999,-13.160000,1770467864.517571
0.128588,0.255468,-0.014640,-6.020000,79.940002,-13.720000,1770467864.525705
0.077348,0.206180,-0.043432,-4.690000,83.650002,-14.420000,1770467864.533536
0.042944,0.165676,-0.041968,-1.190000,92.959999,-11.900000,1770467864.541581
0.034160,0.098088,0.056852,1.890000,106.889999,-1.750000,1770467864.549559
0.040016,0.020496,0.248880,4.900000,123.760002,-3.290000,1770467864.557536
0.048800,-0.060024,0.527040,7.840000,144.410004,-2.590000,1770467864.565562
0.049776,-0.156892,0.911584,-0.140000,171.710007,-2.590000,1770467864.573547
0.008540,-0.268156,1.282708,-4.480000,195.929993,-1.260000,1770467864.581593
-0.072224,-0.236436,1.605276,0.210000,217.910004,8.190000,1770467864.589636
-0.212524,-0.380396,1.994700,6.440000,232.820007,23.870001,1770467864.597541
-0.480436,-0.459696,2.164280,4.900000,240.380005,39.130001,1770467864.605593
-0.934520,-0.656116,2.182092,-8.680000,240.380005,21.629999,1770467864.613552
-1.053348,-0.706624,1.924184,-15.540000,216.929993,3.570000,1770467864.621586
-1.209508,-0.715408,1.601860,-9.590000,182.630005,-3.080000,1770467864.629553
-1.325408,-0.583648,1.355420,-0.770000,141.750000,-14.840000,1770467864.637528
-1.402756,-0.341112,1.275632,14.560000,104.720001,-23.870001,1770467864.645544
-1.421056,-0.046116,1.305888,18.969999,80.150002,-32.900002,1770467864.653545
-1.398852,0.237412,1.318088,20.860001,65.169998,-42.700001,1770467864.661882
-1.349808,0.457988,1.265140,12.670000,51.730000,-52.360001,1770467864.669620
-1.286856,0.562176,1.145336,1.680000,36.959999,-63.419998,1770467864.677625
-1.194868,0.589260,0.969168,-4.200000,18.830000,-74.410004,1770467864.685540
-1.082384,0.564616,0.810812,-4.900000,-1.260000,-81.830002,1770467864.693539
-0.961360,0.525576,0.687592,6.300000,-23.799999,-89.459999,1770467864.701551
-0.843752,0.503860,0.590968,15.120000,-48.020000,-92.050003,1770467864.709549
-0.740296,0.411140,0.523624,22.540001,-77.000000,-95.550003,1770467864.717537
-0.692228,0.506300,0.392596,39.970001,-95.199997,-101.709999,1770467864.725542
-0.484584,0.605364,0.335256,51.310001,-117.529999,-88.690002,1770467864.733537
-0.427244,0.604632,0.303536,57.400002,-142.729996,-76.580002,1770467864.741673
-0.346480,0.617320,0.268644,57.330002,-159.949997,-76.019997,1770467864.749548
-0.261812,0.584624,0.244976,54.320000,-173.949997,-71.190002,1770467864.757544
-0.179828,0.576328,0.207400,53.549999,-183.539993,-71.330002,1770467864.765562
-0.084424,0.563884,0.157624,51.169998,-186.270004,-63.139999,1770467864.773609
0.050752,0.597312,0.085888,53.970001,-182.979996,-46.410000,1770467864.781574
0.118828,0.527772,0.070028,51.520000,-175.839996,-19.600000,1770467864.789590
0.146888,0.478972,0.055876,53.970001,-149.729996,-2.730000,1770467864.797538
0.165676,0.422120,0.087596,56.560001,-111.089996,10.990000,1770467864.805544
0.146156,0.348920,0.204716,54.529999,-55.860001,20.160000,1770467864.813537
0.089548,0.216916,0.445544,45.220001,6.090000,20.719999,1770467864.821656
-0.001464,-0.023180,0.815204,25.410000,70.980003,15.260000,1770467864.829561
-0.150060,-0.230336,1.279780,6.090000,141.610001,9.170000,1770467864.837577
-0.230092,-0.246440,1.708732,12.670000,195.720001,22.330000,1770467864.845537
-1.310036,-0.885964,1.996164,1.330000,286.369995,14.420000,1770467864.853537
-1.447652,-0.969900,1.747772,-4.760000,299.670013,-25.410000,1770467864.861586
-1.780712,-1.039928,1.560624,3.080000,247.029999,-24.639999,1770467864.869602
-2.086932,-0.895724,1.602348,-4.340000,133.490005,-26.530001,1770467864.877638
-2.167940,-0.819352,1.710684,-9.100000,-6.790000,-23.030001,1770467864.885541
-1.960296,-0.692472,1.761680,-3.990000,-141.190002,-23.799999,1770467864.893545
-1.534028,-0.432612,1.663836,1.890000,-229.740005,-25.830000,1770467864.901635
-1.083604,-0.176656,1.501576,5.110000,-278.809998,-32.900002,1770467864.909569
-0.707356,0.082472,1.359324,8.120000,-293.510010,-41.790001,1770467864.917540
-0.407236,0.314760,1.282220,9.450000,-289.170013,-48.090000,1770467864.925575
-0.174704,0.396988,1.257332,-1.540000,-270.200012,-55.580002,1770467864.933618
-0.087352,0.541924,1.098976,-11.760000,-242.619995,-76.089996,1770467864.941582
0.050020,0.881572,0.807884,-9.520000,-214.410004,-79.870003,1770467864.949552
0.326960,0.843508,0.699792,-0.280000,-207.339996,-47.529999,1770467864.957542
0.281820,0.834480,0.543388,-3.780000,-188.089996,-24.500000,1770467864.965587
0.281088,0.804224,0.398208,-8.120000,-172.899994,-23.170000,1770467864.973692
0.309148,0.734196,0.276208,-4.760000,-157.850006,-14.420000,1770467864.982015
0.309392,0.621956,0.191296,-2.450000,-144.759995,-11.480000,1770467864.989963
0.301096,0.514840,0.115412,4.970000,-131.949997,-9.450000,1770467864.997565
0.283528,0.417484,0.047824,13.860000,-119.419998,-5.950000,1770467865.005560
0.262788,0.324276,-0.015860,17.360001,-104.019997,-14.140000,1770467865.013524
0.241316,0.241316,-0.068320,25.410000,-86.870003,-10.710000,1770467865.021650
0.224968,0.144204,-0.082228,24.080000,-67.339996,-15.960000,1770467865.029555
0.218136,0.025132,-0.060268,28.770000,-42.000000,-21.000000,1770467865.037530
0.258884,-0.119560,0.019520,37.520000,-16.520000,-26.950001,1770467865.045580
0.329644,-0.250100,0.175680,52.779999,10.430000,-33.110001,1770467865.053582
0.447984,-0.257420,0.440176,79.730003,38.290001,-27.160000,1770467865.061571
0.499468,-0.397964,0.864248,95.900002,69.300003,-18.969999,1770467865.069857
0.488732,-0.408944,1.230004,116.760002,107.870003,-19.600000,1770467865.077540
0.409920,-0.381616,1.494988,133.630005,146.720001,-15.820000,1770467865.085537
0.213500,-0.278892,1.794132,129.639999,175.139999,-17.850000,1770467865.093535
0.033428,-0.040016,2.120116,108.010002,185.289993,-17.080000,1770467865.101582
-0.233020,0.111264,2.364848,74.970001,169.399994,-17.639999,1770467865.109577
-0.463112,0.137860,2.384368,38.290001,139.369995,-18.900000,1770467865.117531
-0.645624,0.119316,2.238944,13.440000,101.639999,-19.110001,1770467865.125537
-0.737124,0.108824,1.983232,-5.670000,68.809998,-23.170000,1770467865.133538
-0.825696,0.130540,1.728496,-18.690001,57.959999,-43.889999,1770467865.141587
-0.797880,0.232288,1.548912,-25.129999,50.540001,-50.959999,1770467865.149550
-0.780068,0.339648,1.429108,-34.090000,49.070000,-65.589996,1770467865.157526
-0.783728,0.437004,1.273680,-38.570000,49.840000,-72.099998,1770467865.165703
-0.778604,0.470676,1.093364,-44.799999,50.400002,-82.389999,1770467865.173541
-0.768356,0.465308,0.910608,-41.650002,46.060001,-90.370003,1770467865.181581
-0.755668,0.487756,0.748348,-34.930000,31.990000,-90.930000,1770467865.189544
-0.741028,0.504836,0.608780,-23.100000,9.100000,-99.680000,1770467865.197531
-0.762744,0.567300,0.469212,-10.430000,-17.360001,-110.529999,1770467865.205540
-0.615124,0.719068,0.315248,1.470000,-45.150002,-102.620003,1770467865.213533
-0.569984,0.839848,0.253760,9.450000,-76.650002,-87.220001,1770467865.221609
-0.498980,0.885720,0.207644,3.080000,-109.830002,-81.970001,1770467865.229626
-0.395524,0.879376,0.173972,-5.320000,-137.690002,-82.529999,1770467865.237520
-0.264984,0.823500,0.148108,-3.010000,-158.830002,-77.629997,1770467865.245548
-0.111508,0.711016,0.151524,2.100000,-171.990005,-74.480003,1770467865.253543
-0.033428,0.565836,0.150792,13.230000,-174.369995,-58.029999,1770467865.261554
0.020252,0.467260,0.145912,23.730000,-164.429993,-48.160000,1770467865.269594
0.072468,0.360144,0.184464,33.740002,-145.880005,-33.180000,1770467865.277539
0.092476,0.236192,0.269864,42.070000,-118.790001,-23.590000,1770467865.285523
0.118584,0.103700,0.443348,57.959999,-82.809998,-16.520000,1770467865.293534
0.112484,0.019276,0.699304,77.000000,-40.250000,-14.980000,1770467865.301592
0.036600,0.006344,1.008940,93.660004,5.530000,-11.270000,1770467865.309666
-0.126148,0.059536,1.400804,100.660004,35.419998,-17.080000,1770467865.317540
-0.358680,0.142008,1.856108,88.970001,43.540001,-25.200001,1770467865.325542
-0.652212,0.208376,2.317512,64.959999,32.060001,-35.630001,1770467865.333554
-0.853512,0.127368,2.493192,34.860001,0.840000,-37.310001,1770467865.341683
-1.051884,-0.039528,2.357772,4.690000,-38.430000,-46.480000,1770467865.349559
-1.048468,-0.270108,2.182336,-27.230000,-81.339996,-48.509998,1770467865.357539
-0.861076,-0.403332,1.953220,-52.570000,-120.680000,-65.449997,1770467865.365704
-0.589504,-0.289384,1.828780,-64.610001,-141.399994,-59.849998,1770467865.373585
-0.331108,-0.179096,1.744356,-76.440002,-154.559998,-59.709999,1770467865.381582
-0.129320,-0.044652,1.612596,-88.199997,-153.720001,-55.860001,1770467865.389561
0.029524,0.112484,1.464244,-94.849998,-147.070007,-57.049999,1770467865.397542
0.111508,0.240340,1.301984,-100.309998,-132.089996,-61.320000,1770467865.405560
0.115900,0.249124,1.104344,-111.510002,-108.989998,-66.150002,1770467865.413619
0.158356,0.286700,0.909144,-110.879997,-106.680000,-73.290001,1770467865.421586
0.300120,0.536068,0.670512,-84.629997,-97.720001,-29.540001,1770467865.429552
0.259616,0.454328,0.549732,-79.099998,-88.410004,-18.549999,1770467865.437580
0.239364,0.482632,0.390156,-69.230003,-83.230003,-7.630000,1770467865.445539
0.233996,0.461160,0.257664,-56.139999,-78.400002,-0.840000,1770467865.453545
0.213500,0.423828,0.145180,-38.779999,-74.410004,9.520000,1770467865.461664
0.196908,0.391620,0.070272,-23.309999,-69.580002,12.320000,1770467865.469565
0.188124,0.361364,0.013664,-8.330000,-62.020000,12.530000,1770467865.477544
0.185440,0.315980,-0.013420,3.640000,-51.869999,15.260000,1770467865.485660
0.200324,0.230824,-0.007320,13.580000,-40.110001,10.430000,1770467865.493539
0.245708,0.109312,0.023668,25.549999,-26.320000,4.480000,1770467865.501578
0.306952,-0.029280,0.084180,43.119999,-10.570000,1.400000,1770467865.509546
0.362340,-0.147376,0.193004,64.330002,10.850000,-6.160000,1770467865.517572
0.428708,-0.216428,0.361364,90.860001,32.200001,-6.930000,1770467865.525631
0.504348,-0.355996,0.597068,105.769997,51.869999,-8.400000,1770467865.533538
0.539728,-0.390644,0.869616,121.099998,70.629997,-1.470000,1770467865.541581
0.561688,-0.422120,1.156316,131.110001,91.699997,0.980000,1770467865.549563
0.551440,-0.456280,1.435940,138.320007,113.260002,8.820000,1770467865.557543
0.472872,-0.478728,1.733132,137.759995,123.620003,16.379999,1770467865.565558
0.359412,-0.404308,1.930040,124.180000,122.989998,27.160000,1770467865.573594
0.234728,-0.322324,2.087908,108.570000,111.650002,45.220001,1770467865.581592
0.138836,-0.306464,2.159644,81.900002,91.489998,57.189999,1770467865.589561
0.010004,-0.271084,2.109868,64.750000,76.089996,58.029999,1770467865.597531
-0.140300,-0.138592,2.001044,49.630001,83.370003,50.119999,1770467865.605552
-0.258396,0.037820,1.864404,33.110001,108.989998,32.830002,1770467865.613625
-0.384300,0.233752,1.733620,16.100000,136.360001,9.520000,1770467865.621584
-0.541680,0.394304,1.606008,0.350000,165.270004,-17.990000,1770467865.629550
-0.636840,0.528504,1.413248,-19.110001,181.300003,-44.730000,1770467865.637539
-0.736880,0.621712,1.210972,-31.570000,181.860001,-63.980000,1770467865.645545
-0.819840,0.650992,0.962336,-46.340000,170.380005,-81.269997,1770467865.653541
-0.828380,0.676856,0.659532,-45.639999,145.320007,-80.849998,1770467865.661580
-0.874008,0.649528,0.450668,-42.700001,109.620003,-78.120003,1770467865.669566
-0.862052,0.653676,0.306220,-37.099998,70.279999,-83.510002,1770467865.677543
-0.823256,0.657336,0.225456,-30.450001,25.620001,-80.150002,1770467865.685587
-0.707356,0.771528,0.154696,-29.190001,-16.450001,-69.720001,1770467865.693544
-0.609512,0.838628,0.147620,-32.689999,-58.310001,-56.840000,1770467865.701571
-0.504348,0.870836,0.122000,-42.910000,-96.879997,-44.799999,1770467865.709593
-0.379176,0.876692,0.066368,-49.980000,-129.220001,-43.680000,1770467865.717543
-0.251564,0.860100,0.004148,-51.799999,-157.639999,-35.560001,1770467865.725545
-0.144936,0.790804,-0.018544,-53.410000,-178.500000,-26.040001,1770467865.733611
-0.067832,0.674172,0.004880,-53.410000,-184.869995,-17.780001,1770467865.741578
0.003416,0.554856,0.060268,-52.570000,-178.080002,-12.180000,1770467865.749629
0.102724,0.413824,0.145424,-44.099998,-158.970001,-9.240000,1770467865.757541
0.198372,0.245708,0.325496,-23.590000,-127.750000,3.780000,1770467865.765844
0.265472,0.095892,0.572424,2.800000,-83.300003,9.940000,1770467865.773626
0.259372,-0.004148,0.843996,33.110001,-29.120001,18.480000,1770467865.781574
0.196176,-0.018300,1.132404,57.750000,27.650000,23.799999,1770467865.789585
0.048556,0.002440,1.474980,80.989998,73.779999,20.860001,1770467865.797594
-0.196176,0.085644,1.962980,95.059998,98.980003,11.900000,1770467865.805550
-0.527772,0.186172,2.597136,84.980003,107.239998,-8.540000,1770467865.813607
-0.760792,0.165676,2.861144,59.009998,84.629997,-16.379999,1770467865.821628
-0.810812,-0.001220,2.651060,29.120001,19.180000,-13.230000,1770467865.829562
-0.808128,-0.122000,2.347524,11.340000,-57.400002,-1.820000,1770467865.837538
-0.785924,-0.199104,2.160620,-10.010000,-111.089996,-3.290000,1770467865.845545
-0.587552,-0.202520,1.917596,-41.790001,-142.169998,-5.320000,1770467865.853548
-0.448716,-0.303292,1.675792,-63.630001,-154.490005,-9.240000,1770467865.861660
-0.225700,-0.227652,1.405196,-76.230003,-154.559998,-8.890000,1770467865.869567
-0.054656,-0.172264,1.215608,-79.589996,-144.550003,-0.140000,1770467865.877572
0.057828,-0.099552,1.045052,-80.570000,-130.199997,-1.610000,1770467865.885665
0.140300,-0.013908,0.884500,-86.099998,-110.459999,5.460000,1770467865.893540
0.169336,0.042944,0.751764,-86.309998,-91.139999,7.490000,1770467865.901577
0.156160,0.056608,0.639768,-87.989998,-72.800003,11.060000,1770467865.909553
0.232044,-0.017568,0.523868,-87.989998,-62.090000,5.670000,1770467865.917554
0.418704,0.132980,0.367952,-70.279999,-65.309998,14.560000,1770467865.925551
0.259372,0.185928,0.345992,-52.430000,-59.220001,36.820000,1770467865.933546
0.249124,0.179584,0.298900,-42.070000,-59.290001,43.750000,1770467865.941579
0.233508,0.221796,0.240340,-34.439999,-56.980000,48.439999,1770467865.949555
0.218136,0.238388,0.182512,-24.430000,-48.650002,55.720001,1770467865.957529
0.212280,0.223748,0.136640,-14.770000,-42.770000,56.070000,1770467865.965581
0.217404,0.184464,0.118096,-10.220000,-37.240002,52.639999,1770467865.973665
0.237656,0.103456,0.125416,-1.330000,-29.120001,42.770000,1770467865.982142
0.265960,0.000000,0.167628,7.350000,-20.860001,31.920000,1770467865.990095
0.312564,-0.095892,0.255712,19.110001,-11.060000,22.330000,1770467865.997551
0.381372,-0.180072,0.418948,38.990002,2.100000,11.060000,1770467866.005565
0.459696,-0.238632,0.649040,59.430000,19.600000,2.590000,1770467866.013549
0.540216,-0.342576,0.919148,79.870003,37.099998,-1.960000,1770467866.021741
0.589504,-0.430172,1.168760,94.220001,58.869999,2.660000,1770467866.029555
0.555100,-0.501420,1.428132,105.070000,81.059998,-1.470000,1770467866.037530
0.589748,-0.498736,1.639192,106.820000,100.940002,0.420000,1770467866.045586
0.551440,-0.386008,1.866356,100.029999,115.919998,8.260000,1770467866.053546
0.476288,-0.292312,2.000556,85.050003,119.699997,24.709999,1770467866.061666
0.385520,-0.247172,2.023736,66.639999,109.269997,42.279999,1770467866.069592
0.231556,-0.244732,1.933212,50.049999,100.730003,52.009998,1770467866.077554
0.066368,-0.204472,1.766560,42.070000,101.779999,57.470001,1770467866.085649
-0.110776,-0.044652,1.624064,29.750000,117.809998,47.599998,1770467866.093533
-0.234972,0.114436,1.513776,18.900000,139.649994,36.330002,1770467866.101568
-0.405772,0.286944,1.422276,6.580000,158.970001,18.830000,1770467866.109605
-0.537044,0.406748,1.344196,-7.210000,170.380005,-1.050000,1770467866.117541
-0.623420,0.479948,1.248792,-21.000000,166.669998,-16.170000,1770467866.125536
-0.709064,0.515816,1.089948,-33.459999,151.410004,-30.309999,1770467866.133542
-0.756156,0.530700,0.893284,-34.369999,125.650002,-35.840000,1770467866.141661
-0.776896,0.545584,0.684420,-30.520000,91.629997,-38.990002,1770467866.149622
-0.794464,0.554124,0.525088,-14.560000,59.080002,-43.330002,1770467866.157539
-0.743956,0.647332,0.415532,0.420000,28.420000,-42.209999,1770467866.165538
-0.657580,0.755180,0.352824,14.560000,-1.120000,-30.240000,1770467866.173536
-0.602924,0.830576,0.305976,18.760000,-31.150000,-16.730000,1770467866.181578
-0.515328,0.910852,0.228140,16.940001,-58.099998,-6.230000,1770467866.189550
-0.398452,0.942084,0.145180,11.900000,-84.209999,3.010000,1770467866.197534
-0.295240,0.898164,0.056852,8.960000,-112.769997,12.320000,1770467866.205539
-0.219356,0.836432,-0.018300,2.450000,-132.720001,19.740000,1770467866.213589
-0.154208,0.743224,-0.046360,-1.890000,-142.309998,28.700001,1770467866.221572
-0.097112,0.610732,-0.030988,-12.530000,-140.279999,38.919998,1770467866.229548
-0.035624,0.475068,0.043188,-18.969999,-129.639999,39.480000,1770467866.237536
0.028548,0.318664,0.201544,-20.370001,-110.320000,43.750000,1770467866.245541
0.060756,0.130296,0.452132,-14.350000,-84.980003,39.900002,1770467866.253550
0.040748,0.009272,0.722240,0.000000,-54.110001,39.270000,1770467866.261632
-0.029036,-0.111752,1.049200,17.290001,-23.240000,35.980000,1770467866.269639
-0.150548,-0.187392,1.455704,36.540001,-4.340000,32.619999,1770467866.277539
-0.344772,-0.213988,1.989088,48.020000,3.080000,16.240000,1770467866.285519
-0.504104,-0.193492,2.540284,44.660000,-2.450000,-11.340000,1770467866.293536
-0.615124,-0.146888,2.959232,25.410000,-22.260000,-22.820000,1770467866.301600
-0.659044,-0.256444,2.907504,-3.430000,-52.360001,-25.270000,1770467866.309569
-0.591700,-0.404552,2.643496,-28.980000,-91.699997,-29.680000,1770467866.317549
-0.397720,-0.437736,2.397544,-42.770000,-121.449997,-30.870001,1770467866.325544
-0.194224,-0.383080,2.113040,-62.580002,-131.880005,-26.320000,1770467866.333579
-0.006588,-0.284748,1.806332,-70.769997,-131.669998,-16.100000,1770467866.341655
0.119316,-0.166896,1.524756,-74.550003,-124.879997,-7.350000,1770467866.349646
0.191052,-0.040016,1.288808,-66.779999,-112.209999,-5.670000,1770467866.357549
0.198372,0.068808,1.107028,-58.450001,-92.889999,-5.040000,1770467866.365547
0.320860,0.148596,0.954772,-59.080002,-88.199997,-5.600000,1770467866.373682
0.383812,0.523380,0.770552,-38.570000,-79.870003,26.600000,1770467866.381584
0.413092,0.416996,0.760792,-35.980000,-67.690002,42.139999,1770467866.389565
0.395768,0.437492,0.615856,-35.560001,-56.770000,49.139999,1770467866.397590
0.373076,0.405772,0.468236,-23.240000,-46.130001,57.330002,1770467866.405533
0.349408,0.358924,0.354044,-7.700000,-36.189999,53.970001,1770467866.413593
0.322812,0.340624,0.264496,12.180000,-23.450001,59.570000,1770467866.421574
0.289140,0.354288,0.193980,28.070000,-10.570000,59.919998,1770467866.429550
0.252052,0.390888,0.147376,36.049999,2.240000,58.450001,1770467866.437542
0.214476,0.423340,0.093696,43.330002,15.750000,60.130001,1770467866.445587
0.180804,0.434564,0.046848,39.130001,24.290001,56.349998,1770467866.453561
0.156160,0.399672,0.010736,33.180000,29.959999,56.139999,1770467866.461571
0.143228,0.331596,0.008540,24.430000,31.850000,49.490002,1770467866.469702
0.134932,0.208132,0.043188,18.760000,31.010000,40.250000,1770467866.477536
0.147864,0.072956,0.110532,19.879999,27.510000,28.629999,1770467866.485546
0.182268,-0.037332,0.230336,22.330000,26.459999,13.370000,1770467866.493545
0.239364,-0.167140,0.464820,33.529999,27.510000,7.910000,1770467866.501609
0.284748,-0.296216,0.767380,37.310001,30.730000,2.590000,1770467866.509564
0.246440,-0.467016,1.150704,33.810001,33.110001,-18.620001,1770467866.517545
0.282796,-0.630496,1.530368,25.900000,37.310001,-31.080000,1770467866.525558
0.370392,-0.712724,1.811456,18.200001,37.380001,-22.469999,1770467866.533530
0.461892,-0.795196,2.014220,11.550000,29.400000,-5.390000,1770467866.541610
0.517280,-0.789340,2.069364,6.440000,23.309999,15.330000,1770467866.549701
0.441884,-0.635620,1.940532,10.080000,34.020000,28.000000,1770467866.557563
0.327692,-0.494344,1.766316,19.459999,56.000000,29.260000,1770467866.565553
0.235216,-0.346968,1.698240,26.110001,91.629997,22.330000,1770467866.573639
0.142008,-0.148596,1.730204,31.430000,129.919998,14.980000,1770467866.581586
0.003172,0.109556,1.773392,25.129999,165.059998,14.280000,1770467866.589553
-0.127612,0.309148,1.777296,13.580000,183.050003,8.750000,1770467866.597511
-0.353068,0.593164,1.666520,-2.800000,184.240005,-3.010000,1770467866.605543
-0.508984,0.676856,1.539640,-11.410000,173.809998,-18.969999,1770467866.613541
-0.516304,0.857904,1.291492,-13.090000,157.500000,-9.450000,1770467866.621587
-0.666608,0.891576,1.097024,-17.639999,123.970001,-1.260000,1770467866.629570
-0.726144,0.903288,0.850584,-18.900000,80.779999,-10.780000,1770467866.637543
-0.725412,0.876936,0.648796,-15.470000,41.720001,-6.650000,1770467866.645526
-0.687592,0.845704,0.491660,-6.020000,11.970000,-6.160000,1770467866.653579
-0.622444,0.831064,0.384300,5.460000,-9.590000,4.270000,1770467866.661613
-0.525820,0.813740,0.299632,15.400000,-28.420000,9.660000,1770467866.669579
-0.439688,0.804468,0.208620,21.559999,-45.709999,23.799999,1770467866.677551
-0.370148,0.797392,0.114436,26.670000,-62.369999,32.410000,1770467866.685551
-0.293288,0.805200,0.013664,21.910000,-76.440002,37.240002,1770467866.693599
-0.213744,0.802516,-0.080520,18.690001,-90.650002,51.939999,1770467866.701576
-0.151524,0.767624,-0.138592,15.960000,-101.849998,59.430000,1770467866.709561
-0.102724,0.700768,-0.137860,3.990000,-109.620003,63.139999,1770467866.717535
-0.047824,0.595116,-0.069052,-7.350000,-110.669998,60.340000,1770467866.725548
0.012444,0.443348,0.096380,-17.639999,-102.690002,52.150002,1770467866.733588
0.070516,0.251808,0.334036,-19.110001,-90.089996,39.410000,1770467866.741568
0.083448,0.084668,0.651968,-18.410000,-69.650002,25.900000,1770467866.749596
0.094916,-0.102724,1.041148,-10.990000,-49.560001,15.820000,1770467866.757550
0.054412,-0.311100,1.454484,-10.080000,-36.889999,4.900000,1770467866.765626
-0.322324,-0.640988,1.942240,-11.200000,-9.590000,-38.990002,1770467866.773625
-0.332572,-0.693204,2.341912,-6.230000,4.200000,-53.270000,1770467866.781591
-0.376248,-0.774212,2.715964,-1.960000,-5.460000,-49.840000,1770467866.789584
-0.408700,-0.683932,2.796972,-14.070000,-27.160000,-41.439999,1770467866.797632
-0.394548,-0.608536,2.598356,-31.290001,-46.480000,-25.480000,1770467866.805600
-0.280356,-0.571204,2.308484,-42.630001,-59.990002,-15.820000,1770467866.813539
-0.153964,-0.452620,2.072780,-43.680000,-59.919998,-2.380000,1770467866.821607
-0.042212,-0.302316,1.841712,-46.970001,-52.779999,14.210000,1770467866.829641
0.014396,-0.076128,1.616012,-42.980000,-42.560001,23.240000,1770467866.837542
0.049044,0.200324,1.438624,-37.520000,-32.130001,31.780001,1770467866.845524
0.028792,0.311344,1.298080,-42.910000,-20.650000,31.430000,1770467866.853549
0.011468,0.402112,1.103612,-46.619999,-13.790000,23.309999,1770467866.861634
0.081252,0.602436,0.864980,-39.549999,-13.510000,45.009998,1770467866.869719
0.135176,0.627080,0.799588,-24.990000,-19.320000,75.949997,1770467866.877547
0.127856,0.578768,0.647332,-26.180000,-26.250000,80.010002,1770467866.885545
0.126636,0.529724,0.491172,-23.450001,-28.770000,87.220001,1770467866.893658
0.143472,0.454328,0.343064,-15.120000,-31.850000,90.019997,1770467866.901576
0.149328,0.411140,0.208132,-6.230000,-28.070000,92.050003,1770467866.909558
0.144692,0.400160,0.101260,6.580000,-21.700001,94.919998,1770467866.917533
0.123464,0.398208,0.014396,15.540000,-8.470000,99.120003,1770467866.925545
0.105164,0.404796,-0.047580,22.330000,5.670000,97.019997,1770467866.933618
0.092232,0.394548,-0.081496,24.570000,17.219999,97.300003,1770467866.941578
0.073200,0.371856,-0.093696,20.930000,24.080000,88.970001,1770467866.949606
0.074664,0.298412,-0.063928,15.540000,25.969999,84.910004,1770467866.957552
0.098332,0.186660,0.002928,14.630000,24.080000,66.290001,1770467866.965545
0.119804,0.072224,0.137860,19.180000,20.790001,46.689999,1770467866.974502
0.160308,-0.010492,0.312320,27.719999,15.330000,35.139999,1770467866.981984
0.263032,-0.147376,0.632204,29.400000,12.460000,33.529999,1770467866.990026
0.298168,-0.287432,1.036756,23.309999,5.460000,17.639999,1770467866.997563
0.245952,-0.688324,1.605032,-5.040000,7.070000,-12.250000,1770467867.005645
0.385764,-0.885964,1.900272,-12.320000,15.680000,-19.320000,1770467867.013540
0.462380,-1.074820,2.262368,-1.540000,17.709999,-20.650000,1770467867.021713
0.507764,-1.057252,2.432680,13.440000,26.180000,-6.650000,1770467867.029575
0.500444,-0.855952,2.269200,26.110001,45.849998,17.010000,1770467867.037530
0.400160,-0.571692,1.922720,28.770000,67.410004,27.160000,1770467867.045536
0.250832,-0.322080,1.687748,27.650000,97.860001,30.660000,1770467867.053534
0.107604,-0.111020,1.601616,23.309999,133.839996,29.610001,1770467867.061580
-0.023668,0.120780,1.637240,11.620000,168.839996,31.360001,1770467867.069576
-0.139080,0.244976,1.737524,-7.910000,189.279999,26.600000,1770467867.077702
-0.348432,0.483364,1.682868,-24.219999,201.880005,13.580000,1770467867.085538
-0.504348,0.545096,1.584292,-35.419998,198.520004,1.960000,1770467867.093539
-0.620004,0.612684,1.389336,-40.110001,186.059998,-5.040000,1770467867.101572
-0.647576,0.740296,1.164612,-37.450001,161.070007,5.810000,1770467867.109544
-0.742492,0.749568,0.969168,-37.660000,123.269997,3.430000,1770467867.117534
-0.764452,0.759572,0.750544,-32.689999,79.730003,1.330000,1770467867.125562
-0.733952,0.739076,0.578036,-24.430000,33.389999,-6.440000,1770467867.133674
-0.658068,0.701988,0.430904,-6.230000,-5.250000,-3.850000,1770467867.141536
-0.562664,0.665876,0.291824,6.860000,-36.959999,0.420000,1770467867.149760
-0.460428,0.637328,0.171044,25.760000,-61.459999,7.350000,1770467867.157538
-0.374052,0.612440,0.079788,42.349998,-84.209999,14.770000,1770467867.165548
-0.287432,0.610000,0.011224,51.310001,-98.629997,21.209999,1770467867.173589
-0.191784,0.623420,-0.034404,57.889999,-110.529999,29.959999,1770467867.181575
-0.081252,0.635864,-0.080276,61.880001,-120.610001,32.549999,1770467867.189542
0.001464,0.605608,-0.103212,57.540001,-128.240005,43.119999,1770467867.197534
0.060268,0.570472,-0.096136,52.290001,-130.550003,47.459999,1770467867.205537
0.101016,0.552660,-0.053436,37.240002,-119.769997,49.349998,1770467867.213586
0.162260,0.486536,0.092964,25.900000,-98.419998,44.869999,1770467867.221572
0.235460,0.389180,0.321104,18.200001,-69.790001,36.189999,1770467867.229547
0.263520,0.256932,0.615124,12.880000,-36.889999,19.950001,1770467867.237532
0.208864,0.100040,0.977952,4.900000,0.630000,2.590000,1770467867.245520
0.050996,-0.059780,1.296128,-3.920000,50.959999,-12.740000,1770467867.253550
-0.063196,-0.204716,1.692384,-3.220000,98.980003,-13.300000,1770467867.261604
-0.139568,-0.439200,2.399496,3.430000,120.959999,-9.660000,1770467867.269610
-0.619272,-0.824232,3.047804,-1.330000,132.720001,-32.480000,1770467867.277697
-0.792756,-0.776408,3.187616,-3.920000,120.820000,-37.169998,1770467867.285523
-0.942816,-0.831064,2.916776,-15.680000,81.970001,-13.020000,1770467867.293535
-0.985760,-0.802272,2.533452,-27.299999,28.629999,-8.330000,1770467867.301576
-0.910852,-0.552660,2.165744,-42.910000,-30.730000,1.120000,1770467867.309552
-0.746640,-0.272792,1.846836,-59.990002,-80.080002,-0.560000,1770467867.317541
-0.507276,-0.058560,1.625040,-68.879997,-109.760002,3.430000,1770467867.325601
-0.260104,0.098820,1.430084,-78.750000,-122.639999,5.810000,1770467867.333588
-0.055876,0.210816,1.231956,-81.620003,-124.250000,13.230000,1770467867.341571
0.021960,0.187880,1.040660,-82.669998,-115.080002,18.480000,1770467867.349582
0.072224,0.140056,0.841068,-82.320000,-99.120003,14.140000,1770467867.357579
0.495564,0.538996,0.501176,-58.660000,-97.510002,37.450001,1770467867.365557
0.320860,0.375028,0.505812,-30.660000,-82.529999,69.230003,1770467867.373614
0.311344,0.343796,0.399916,-15.890000,-71.750000,78.889999,1770467867.381592
0.301096,0.355752,0.264496,-5.530000,-55.860001,80.919998,1770467867.389551
0.284016,0.363560,0.121756,3.010000,-41.020000,85.190002,1770467867.397532
0.253028,0.399428,-0.010004,13.440000,-27.860001,83.160004,1770467867.405541
0.226920,0.431392,-0.110776,14.630000,-15.330000,81.269997,1770467867.413587
0.199592,0.457744,-0.173484,17.010000,-3.430000,76.089996,1770467867.421577
0.187636,0.461648,-0.191296,17.850000,9.660000,71.470001,1770467867.429552
0.195688,0.427732,-0.149572,18.969999,22.400000,64.330002,1770467867.437539
0.224724,0.370880,-0.058316,23.240000,35.209999,51.520000,1770467867.445528
0.265472,0.334280,0.100040,25.059999,47.389999,37.380001,1770467867.453566
0.314028,0.278648,0.336232,25.690001,57.119999,28.209999,1770467867.461586
0.368684,0.180316,0.632204,24.150000,64.610001,18.620001,1770467867.469556
0.391376,0.058560,0.953308,18.620001,78.400002,10.500000,1770467867.477595
0.367952,-0.051240,1.290760,25.549999,96.599998,2.800000,1770467867.485534
0.349164,-0.211792,1.617232,35.349998,121.099998,-5.600000,1770467867.493540
0.300120,-0.317932,1.888316,45.990002,141.750000,-4.550000,1770467867.501577
0.219844,-0.451888,2.147688,46.900002,149.309998,-4.270000,1770467867.509555
0.065148,-0.521184,2.346304,42.070000,149.029999,12.250000,1770467867.517598
-0.078812,-0.637084,2.411208,40.529999,143.850006,26.600000,1770467867.525587
-0.432124,-0.770552,2.302628,25.549999,134.750000,26.670000,1770467867.533566
-0.464576,-0.553148,2.008852,21.209999,126.839996,23.730000,1770467867.541575
-0.601460,-0.397720,1.812188,12.880000,125.720001,22.959999,1770467867.549583
-0.719556,-0.266692,1.653100,-0.560000,127.400002,17.290001,1770467867.557539
-0.798368,-0.134444,1.522316,-8.050000,131.600006,6.860000,1770467867.565702
-0.837164,0.007564,1.406904,-23.240000,133.419998,-5.740000,1770467867.573634
-0.852292,0.146156,1.300276,-31.360001,128.309998,-13.090000,1770467867.581585
-0.859612,0.257176,1.197796,-47.529999,115.500000,-18.059999,1770467867.589567
-0.845948,0.313784,1.060180,-62.230000,97.230003,-28.980000,1770467867.597570
-0.813252,0.328668,0.902800,-70.349998,71.750000,-35.630001,1770467867.605545
-0.759084,0.320860,0.740784,-74.760002,40.880001,-44.590000,1770467867.613541
-0.686372,0.291580,0.567544,-66.290001,10.500000,-48.790001,1770467867.621575
-0.597556,0.275476,0.423096,-52.990002,-18.690001,-53.759998,1770467867.629551
-0.504348,0.264984,0.308172,-35.349998,-45.570000,-54.810001,1770467867.637564
-0.414800,0.241804,0.234484,-20.650000,-70.559998,-53.340000,1770467867.645667
-0.397964,0.324276,0.145668,-10.220000,-87.220001,-58.380001,1770467867.653571
-0.259372,0.397720,0.088084,6.230000,-96.320000,-46.130001,1770467867.661576
-0.173728,0.454084,0.055388,15.750000,-108.290001,-19.250000,1770467867.669564
-0.121512,0.491904,0.043920,18.760000,-122.430000,-5.530000,1770467867.677562
-0.062464,0.518500,0.054656,20.650000,-136.639999,5.950000,1770467867.685551
0.030744,0.555588,0.077348,19.180000,-148.750000,24.780001,1770467867.693542
0.077348,0.535580,0.139812,13.230000,-150.639999,32.619999,1770467867.701610
0.145668,0.486048,0.266448,5.530000,-140.979996,41.299999,1770467867.709560
0.211792,0.412848,0.461892,2.240000,-113.050003,44.099998,1770467867.717545
0.270108,0.351604,0.692472,5.670000,-68.459999,46.900002,1770467867.725546
0.297192,0.294020,0.926224,8.330000,-10.220000,48.230000,1770467867.733558
0.253028,0.226188,1.133136,15.470000,51.169998,48.930000,1770467867.741626
0.115656,0.162260,1.339072,22.680000,108.709999,37.240002,1770467867.749700
-0.116876,0.146644,1.649196,29.889999,160.509995,11.970000,1770467867.757538
-0.330620,0.044896,2.050576,33.110001,201.949997,0.070000,1770467867.765567
-0.479704,-0.114680,2.311656,27.860001,210.910004,4.340000,1770467867.773576
-0.712480,-0.235704,2.432924,33.950001,184.940002,23.100000,1770467867.781583
-1.131672,-0.638548,2.373388,6.300000,163.589996,22.190001,1770467867.789724
-1.135820,-0.662704,2.105476,-8.190000,109.970001,9.870000,1770467867.797621
-1.141188,-0.663436,1.819508,-19.879999,47.880001,18.830000,1770467867.805568
-1.073844,-0.567788,1.512068,-34.160000,-14.420000,17.570000,1770467867.813547
-0.915732,-0.437248,1.288076,-41.509998,-64.400002,18.480000,1770467867.821580
-0.700036,-0.285236,1.133624,-45.360001,-98.209999,18.830000,1770467867.829553
-0.496540,-0.159332,0.994788,-49.770000,-118.089996,20.370001,1770467867.837539
-0.314272,-0.070516,0.865468,-49.209999,-126.839996,26.670000,1770467867.845533
-0.158112,-0.002440,0.743712,-55.020000,-126.980003,31.780001,1770467867.853594
-0.036600,0.085156,0.626348,-50.680000,-124.110001,42.279999,1770467867.861578
0.039772,0.152988,0.513132,-44.240002,-119.629997,48.160000,1770467867.869601
0.058560,0.155916,0.412116,-42.560001,-110.879997,48.580002,1770467867.877560
0.062952,0.161772,0.308416,-38.779999,-98.629997,40.740002,1770467867.885546
0.185196,0.222040,0.237412,-31.080000,-105.910004,31.780001,1770467867.893544
0.236680,0.333792,0.140788,-7.350000,-96.459999,56.980000,1770467867.901654
0.203496,0.375028,0.077836,0.770000,-87.010002,56.980000,1770467867.909587
0.178852,0.390644,0.016592,13.230000,-73.639999,53.759998,1770467867.917546
0.175680,0.370148,-0.009272,22.120001,-58.520000,47.599998,1770467867.925544
0.220088,0.275720,0.048068,28.559999,-40.669998,36.259998,1770467867.933547
0.266692,0.214232,0.165676,34.160000,-19.250000,28.910000,1770467867.941608
0.324032,0.193980,0.345748,34.650002,3.780000,17.500000,1770467867.949683
0.388204,0.199104,0.584868,27.650000,29.330000,8.400000,1770467867.957542
0.438224,0.179340,0.842532,19.879999,54.110001,1.540000,1770467867.965549
0.455548,0.114924,1.065792,10.850000,81.339996,-4.200000,1770467867.978462
0.396744,0.067832,1.273436,11.550000,112.279999,-11.340000,1770467867.981754
0.304268,-0.015372,1.498892,23.450001,147.279999,-14.420000,1770467867.989888
0.199836,-0.044652,1.750456,32.619999,179.970001,-14.840000,1770467867.997752
0.117852,-0.009760,2.092300,35.209999,196.419998,-4.550000,1770467868.005792
-0.059048,-0.082472,2.483432,24.639999,197.399994,5.110000,1770467868.013752
-0.284748,-0.209840,2.562000,16.730000,183.960007,20.860001,1770467868.021790
-0.444568,-0.210816,2.366068,11.200000,152.320007,39.060001,1770467868.029790
-0.697108,-0.281332,2.130608,4.900000,120.400002,48.930000,1770467868.037745
-0.865956,-0.295484,1.761680,-14.980000,108.430000,29.400000,1770467868.045746
-0.869860,-0.263764,1.494744,-17.010000,92.400002,12.320000,1770467868.053758
-0.906216,-0.153720,1.320040,-10.990000,84.769997,6.930000,1770467868.061766
-0.937936,-0.067344,1.178032,-11.760000,81.059998,-2.030000,1770467868.069893
-0.956724,-0.050752,1.043832,-21.139999,78.330002,-14.490000,1770467868.077762
-0.931104,-0.036356,0.893772,-36.750000,70.419998,-22.680000,1770467868.085762
-0.861320,-0.022692,0.759328,-49.560001,57.959999,-34.439999,1770467868.093753
-0.798368,-0.007076,0.671000,-49.349998,40.389999,-38.080002,1770467868.101758
-0.738832,0.003172,0.603900,-49.630001,23.309999,-43.750000,1770467868.109756
-0.680272,0.034892,0.528260,-40.529999,4.200000,-45.779999,1770467868.117762
-0.623908,0.090280,0.438712,-31.570000,-16.799999,-46.410000,1770467868.125763
-0.551440,0.164944,0.355996,-17.570000,-32.270000,-47.880001,1770467868.133752
-0.483364,0.243512,0.295484,0.070000,-48.230000,-43.119999,1770467868.141754
-0.453840,0.312564,0.250344,14.980000,-60.970001,-41.860001,1770467868.149751
-0.318420,0.445544,0.192516,32.900002,-71.330002,-32.340000,1770467868.157751
-0.274744,0.502884,0.188612,50.540001,-85.120003,-15.400000,1770467868.165749
-0.227164,0.538020,0.196420,57.959999,-95.129997,0.350000,1770467868.173807
-0.159576,0.554612,0.192028,66.849998,-108.430000,13.790000,1770467868.181752
-0.098820,0.534604,0.215696,69.089996,-121.870003,24.360001,1770467868.189788
-0.036600,0.506300,0.237412,72.169998,-133.350006,25.340000,1770467868.197754
0.020740,0.488000,0.267180,62.650002,-141.610001,24.430000,1770467868.205756
0.084912,0.444812,0.354288,47.459999,-143.779999,25.549999,1770467868.213751
0.109312,0.398940,0.522648,27.719999,-124.110001,31.080000,1770467868.221750
0.119316,0.335012,0.732976,7.420000,-83.440002,36.470001,1770467868.229829
0.079788,0.190564,0.921832,-4.690000,-27.580000,41.090000,1770467868.237753
-0.023180,-0.033428,1.050420,-7.980000,27.860001,43.330002,1770467868.245738
-0.118828,-0.133468,1.185596,-1.680000,70.209999,38.500000,1770467868.253756
-0.278648,-0.187392,1.554036,22.190001,96.949997,41.090000,1770467868.261754
-0.649284,-0.422120,2.034960,18.200001,127.610001,6.860000,1770467868.269756
-0.742004,-0.412116,2.336056,25.129999,122.080002,4.130000,1770467868.277778
-0.900848,-0.458232,2.354600,26.670000,94.709999,5.810000,1770467868.285768
-0.992592,-0.466772,2.214056,22.959999,52.430000,11.970000,1770467868.293855
-0.989908,-0.389180,2.048136,13.020000,0.840000,-1.260000,1770467868.301872
-0.880352,-0.299876,1.850496,-5.460000,-50.680000,-5.600000,1770467868.309800
-0.704184,-0.203008,1.657004,-17.010000,-87.290001,-11.130000,1770467868.317757
-0.498980,-0.104432,1.496940,-29.540001,-113.680000,-11.480000,1770467868.325763
-0.279380,-0.032696,1.344440,-38.430000,-127.400002,-11.270000,1770467868.333761
-0.088816,0.055388,1.173884,-39.480000,-132.860001,-4.270000,1770467868.341758
0.048312,0.137616,1.006012,-32.900002,-129.639999,4.690000,1770467868.349766
0.090280,0.114680,0.861808,-19.320000,-116.410004,2.170000,1770467868.357758
0.113216,0.098332,0.704184,-6.090000,-92.750000,1.890000,1770467868.365762
0.339648,0.426512,0.513864,24.990000,-94.220001,21.420000,1770467868.373790
0.347944,0.323788,0.510448,45.849998,-80.639999,40.950001,1770467868.381881
0.332572,0.350872,0.410164,49.770000,-61.459999,42.139999,1770467868.389808
0.314760,0.397232,0.296460,46.549999,-43.470001,47.250000,1770467868.397757
0.291336,0.436028,0.174948,39.619999,-24.010000,43.610001,1770467868.405767
0.252296,0.494832,0.035624,31.360001,-8.680000,47.110001,1770467868.413792
0.213012,0.543388,-0.078812,27.650000,8.330000,36.750000,1770467868.421885
0.191052,0.550220,-0.145912,19.670000,22.190001,33.110001,1770467868.429802
0.197152,0.518012,-0.156648,18.480000,35.630001,20.160000,1770467868.437751
0.219112,0.463844,-0.083204,14.280000,48.650002,16.170000,1770467868.445744
0.241560,0.410164,0.084180,6.230000,67.620003,7.840000,1770467868.453764
0.269132,0.368440,0.352336,-4.200000,94.010002,6.300000,1770467868.461758
0.276696,0.259616,0.682712,-20.440001,121.660004,11.410000,1770467868.469822
0.227408,0.053192,0.988444,-36.330002,155.539993,11.200000,1770467868.478099
0.122488,-0.127612,1.234152,-41.020000,188.580002,12.180000,1770467868.485766
-0.006100,-0.221796,1.530368,-31.570000,214.339996,13.020000,1770467868.493760
-0.153232,-0.315736,1.918328,-19.320000,224.279999,19.600000,1770467868.501749
-0.396012,-0.385276,2.347036,-16.030001,225.259995,23.870001,1770467868.509808
-0.719556,-0.482876,2.576640,-15.050000,220.360001,30.940001,1770467868.517766
-1.006744,-0.628056,2.473916,-18.200001,197.190002,17.780001,1770467868.525780
-1.076772,-0.636352,2.040572,-15.260000,153.020004,15.260000,1770467868.533751
-1.187792,-0.518500,1.657736,-13.090000,108.989998,14.910000,1770467868.541761
-1.236104,-0.383324,1.446188,-14.560000,77.070000,9.870000,1770467868.549763
-1.199260,-0.193736,1.361764,-8.960000,51.730000,0.280000,1770467868.557873
-1.104100,0.026108,1.312964,-10.570000,32.759998,-6.650000,1770467868.565762
-1.005280,0.211060,1.215852,-20.090000,20.090000,-14.140000,1770467868.573771
-0.907680,0.314516,1.089704,-27.230000,11.200000,-22.680000,1770467868.581768
-0.811300,0.376248,0.953552,-37.520000,4.130000,-30.100000,1770467868.589772
-0.706136,0.395524,0.823256,-41.090000,-4.060000,-39.900002,1770467868.597783
-0.600728,0.393084,0.713456,-38.360001,-17.850000,-45.570000,1770467868.605848
-0.510448,0.365268,0.642208,-34.930000,-30.450001,-50.680000,1770467868.613765
-0.455304,0.398696,0.563640,-21.209999,-43.259998,-56.279999,1770467868.621762
-0.394060,0.337696,0.510204,-13.230000,-52.570000,-61.180000,1770467868.629844
-0.260592,0.423340,0.403332,5.320000,-64.470001,-43.330002,1770467868.637760
-0.237412,0.430416,0.348188,20.299999,-74.339996,-34.230000,1770467868.645743
-0.204716,0.442616,0.287920,30.590000,-83.440002,-33.180000,1770467868.653763
-0.175680,0.434320,0.225700,41.860001,-92.190002,-27.160000,1770467868.661879
-0.109068,0.457500,0.162016,50.750000,-101.639999,-23.379999,1770467868.669763
-0.042944,0.458720,0.139324,61.320000,-113.889999,-20.650000,1770467868.677790
0.049532,0.471408,0.128344,67.059998,-125.300003,-13.230000,1770467868.685805
0.106628,0.442128,0.144204,62.790001,-135.100006,-3.290000,1770467868.693764
0.157136,0.422120,0.162992,61.669998,-135.309998,2.170000,1770467868.701765
0.189832,0.397964,0.198128,48.090000,-119.769997,10.780000,1770467868.709758
0.219600,0.364536,0.322324,38.500000,-87.989998,19.600000,1770467868.717785
0.188124,0.300120,0.574132,25.200001,-37.310001,26.320000,1770467868.725762
0.110532,0.179584,0.912560,9.870000,29.400000,28.070000,1770467868.733759
-0.029036,0.017324,1.206336,0.210000,92.750000,26.950001,1770467868.741755
-0.247904,-0.130784,1.479616,-1.120000,148.820007,23.030001,1770467868.749767
-0.446520,-0.185928,1.822192,21.350000,182.699997,27.090000,1770467868.757777
-1.286612,-0.657824,2.160864,29.680000,226.940002,11.760000,1770467868.765760
-1.326384,-0.579988,1.993724,30.309999,210.839996,-15.610000,1770467868.773773
-1.547448,-0.569496,1.950780,31.570000,145.740005,-25.059999,1770467868.781804
-1.636020,-0.582428,1.874164,13.650000,54.950001,-22.400000,1770467868.789878
-1.514508,-0.573888,1.845616,4.340000,-43.119999,-28.420000,1770467868.797793
-1.209020,-0.494344,1.829024,-0.140000,-126.980003,-23.590000,1770467868.805764
-0.834724,-0.355752,1.732888,-2.800000,-179.619995,-19.459999,1770467868.813756
-0.478240,-0.186660,1.627480,-0.770000,-210.210007,-18.549999,1770467868.821834
-0.196420,-0.001220,1.499380,-4.550000,-220.500000,-13.930000,1770467868.829766
0.021228,0.188612,1.359080,-8.190000,-214.830002,-9.940000,1770467868.837794
0.120048,0.246928,1.184376,-12.880000,-197.119995,-4.830000,1770467868.845737
0.141764,0.218624,0.952576,-22.190001,-163.660004,-14.630000,1770467868.853766
0.585112,0.649528,0.610732,-6.790000,-157.850006,3.920000,1770467868.861837
0.446032,0.530456,0.589016,4.900000,-127.959999,34.860001,1770467868.869765
0.447740,0.564128,0.501664,6.650000,-99.330002,33.389999,1770467868.877790
0.453352,0.604876,0.391376,5.040000,-73.080002,42.419998,1770467868.885904
0.450424,0.607560,0.283772,-1.120000,-49.700001,37.099998,1770467868.893754
0.420168,0.598044,0.183976,0.420000,-30.240000,31.709999,1770467868.901757
0.389180,0.583404,0.096624,-4.480000,-12.880000,29.959999,1770467868.909759
0.355020,0.541192,0.034160,-3.150000,4.900000,20.860001,1770467868.917758
0.315980,0.482876,-0.021472,-4.970000,23.940001,20.860001,1770467868.925779
0.286456,0.417240,-0.078324,-7.210000,42.419998,15.540000,1770467868.933759
0.264740,0.319640,-0.097356,-6.650000,64.750000,15.050000,1770467868.941760
0.256444,0.229604,-0.058804,-9.240000,87.779999,13.790000,1770467868.949766
0.266204,0.174216,0.074420,-3.220000,113.610001,14.700000,1770467868.957765
0.269620,0.129808,0.325496,5.320000,142.309998,17.709999,1770467868.965780
0.253272,0.092232,0.657092,12.530000,177.520004,21.420000,1770467868.974492
0.186660,0.019764,1.032852,2.380000,212.729996,28.700001,1770467868.982458
0.044408,-0.055876,1.300276,-3.990000,243.039993,30.730000,1770467868.989887
-0.129808,-0.131516,1.629676,-7.000000,268.029999,29.469999,1770467868.997803
-0.331840,-0.207644,2.052772,-7.630000,281.820007,34.439999,1770467869.005770
-0.540948,-0.223748,2.388516,-10.010000,268.940002,46.340000,1770467869.013745
-0.905240,-0.287676,2.428288,-12.460000,239.820007,54.950001,1770467869.021763
-1.374696,-0.712724,2.080344,-42.349998,220.149994,28.490000,1770467869.029807
-1.329556,-0.813984,1.528904,-24.430000,168.279999,16.799999,1770467869.037743
-1.409832,-0.777384,1.342488,-11.060000,117.389999,2.030000,1770467869.045745
-1.459852,-0.559004,1.363472,6.860000,75.320000,-3.430000,1770467869.053762
-1.401048,-0.209840,1.461072,13.230000,40.669998,-19.809999,1770467869.061759
-1.261480,0.092232,1.472296,4.970000,11.620000,-30.030001,1770467869.069776
-1.090192,0.314760,1.363960,-7.140000,-14.140000,-47.180000,1770467869.077889
-0.933056,0.424560,1.208044,-20.230000,-27.860001,-54.110001,1770467869.085766
-0.787876,0.453840,1.031876,-29.330000,-38.570000,-59.639999,1770467869.093738
-0.653188,0.447984,0.863028,-31.219999,-46.689999,-68.739998,1770467869.101762
-0.541436,0.439932,0.702964,-31.290001,-54.459999,-67.059998,1770467869.109754
-0.451644,0.415044,0.583404,-22.469999,-64.540001,-73.360001,1770467869.117768
-0.388204,0.392840,0.505568,-11.900000,-73.430000,-76.370003,1770467869.125888
-0.247416,0.468480,0.432124,4.340000,-81.760002,-63.139999,1770467869.133755
-0.219844,0.479460,0.387472,19.809999,-89.180000,-57.049999,1770467869.141764
-0.187636,0.492148,0.323788,25.620001,-96.110001,-51.169998,1770467869.149769
-0.137128,0.530212,0.248880,38.220001,-101.849998,-49.419998,1770467869.157812
-0.078324,0.538020,0.189100,43.680000,-110.949997,-40.110001,1770467869.165762
-0.004148,0.574132,0.129076,48.509998,-119.839996,-33.389999,1770467869.173753
0.040992,0.559004,0.090524,49.419998,-132.649994,-24.709999,1770467869.181782
0.099308,0.524844,0.051728,45.220001,-140.419998,-16.870001,1770467869.189785
0.146644,0.470188,0.020252,37.799999,-139.789993,-12.810000,1770467869.197773
0.214964,0.411628,-0.007076,27.090000,-128.169998,4.830000,1770467869.205835
0.228384,0.345016,0.025132,18.129999,-99.889999,12.320000,1770467869.213749
0.235216,0.271328,0.154696,13.090000,-52.430000,23.309999,1770467869.221744
0.193980,0.157380,0.416752,9.590000,21.070000,33.880001,1770467869.229776
0.099064,0.015372,0.793976,13.650000,103.529999,31.920000,1770467869.237756
-0.071980,-0.098088,1.225856,20.020000,186.199997,25.200001,1770467869.245757
-0.280356,-0.132736,1.692628,33.740002,259.910004,20.510000,1770467869.253757
-0.736392,-0.123708,1.904664,51.450001,317.799988,32.410000,1770467869.261757
-1.570384,-0.538752,1.913936,42.840000,363.859985,-13.370000,1770467869.269753
-1.942728,-0.714188,1.908324,42.209999,328.369995,-29.889999,1770467869.277747
-2.295064,-0.827648,1.819020,26.530001,218.610001,-36.049999,1770467869.285868
-2.411452,-0.876692,1.754848,16.450001,64.610001,-38.080002,1770467869.293753
-2.153544,-0.786412,1.762168,18.410000,-95.269997,-38.849998,1770467869.301762
-1.653344,-0.515572,1.732156,24.639999,-210.839996,-28.420000,1770467869.309763
-1.153144,-0.227652,1.673840,26.459999,-280.279999,-31.709999,1770467869.317768
-0.694424,0.011956,1.605764,22.260000,-313.459991,-33.810001,1770467869.325763
-0.323544,0.206912,1.503772,10.990000,-316.399994,-38.080002,1770467869.333762
-0.026840,0.355264,1.381040,0.000000,-305.130005,-40.110001,1770467869.341765
0.117852,0.351360,1.198528,-18.340000,-278.250000,-40.880001,1770467869.349765
0.174948,0.343796,0.885964,-23.450001,-239.889999,-60.410000,1770467869.357869
0.514108,0.511424,0.648308,4.200000,-226.029999,-15.330000,1770467869.365754
0.508496,0.576084,0.521916,10.430000,-193.059998,-6.440000,1770467869.373769
0.537532,0.629520,0.406748,16.870001,-158.619995,9.310000,1770467869.381844
0.559004,0.666608,0.296460,14.630000,-120.190002,6.020000,1770467869.389777
0.551684,0.672952,0.192272,14.210000,-84.980003,2.800000,1770467869.397790
0.525088,0.655872,0.090280,10.780000,-52.009998,0.630000,1770467869.405765
0.481168,0.610488,0.006344,3.080000,-20.090000,-2.520000,1770467869.413800
0.423584,0.565592,-0.078080,-0.210000,7.560000,-5.530000,1770467869.421763
0.356728,0.498980,-0.157868,-7.210000,33.389999,-10.850000,1770467869.429805
0.294264,0.428708,-0.219356,-9.030000,58.869999,-13.720000,1770467869.437810
0.233264,0.373564,-0.227896,-9.240000,84.839996,-12.180000,1770467869.445754
0.197640,0.316224,-0.154696,-10.150000,111.300003,-10.010000,1770467869.453762
0.185684,0.253272,0.008784,-8.330000,138.179993,-9.590000,1770467869.461761
0.177144,0.167872,0.251564,-8.260000,167.509995,-7.000000,1770467869.469764
0.154452,0.056364,0.559980,-4.340000,202.300003,-4.480000,1770467869.477888
0.083204,-0.071736,0.872788,-8.330000,234.919998,6.020000,1770467869.485778
-0.058560,-0.222528,1.168028,-14.000000,267.470001,5.390000,1770467869.493772
-0.169092,-0.253028,1.513288,-13.440000,285.670013,19.320000,1770467869.501765
-0.387228,-0.302316,2.050820,-11.760000,290.500000,34.439999,1770467869.509758
-0.847900,-0.275232,2.613484,-18.200001,283.850006,41.509998,1770467869.517751
-1.483032,-0.571204,2.751588,-28.980000,273.910004,23.870001,1770467869.526153
-1.661152,-0.710284,2.149884,-24.920000,232.399994,17.010000,1770467869.533748
-1.745576,-0.760060,1.506700,-16.940001,159.110001,7.490000,1770467869.541759
-1.728252,-0.668316,1.204628,-3.220000,82.949997,-2.940000,1770467869.549772
-1.653832,-0.437980,1.241716,3.850000,19.879999,-7.840000,1770467869.557754
-1.523536,-0.151768,1.366400,4.970000,-20.580000,-22.260000,1770467869.565792
-1.362008,0.081984,1.401048,-5.810000,-45.080002,-32.130001,1770467869.573859
-1.173152,0.237412,1.296616,-15.680000,-61.320000,-47.529999,1770467869.581791
-0.970632,0.322568,1.114104,-25.340000,-70.000000,-59.779999,1770467869.589870
-0.785192,0.369172,0.920856,-25.900000,-80.779999,-69.089996,1770467869.597784
-0.618540,0.373320,0.741516,-20.790001,-90.650002,-75.669998,1770467869.605751
-0.491416,0.362340,0.606584,-11.620000,-98.769997,-73.639999,1770467869.613783
-0.392352,0.345748,0.513620,2.100000,-106.540001,-78.330002,1770467869.621762
-0.318420,0.331596,0.430416,12.180000,-113.190002,-77.279999,1770467869.629767
-0.196908,0.411384,0.331108,27.580000,-119.559998,-73.220001,1770467869.637804
-0.167872,0.432124,0.266692,38.009998,-131.179993,-66.150002,1770467869.645787
-0.125904,0.465796,0.213256,39.900002,-139.440002,-61.110001,1770467869.653761
-0.070516,0.513864,0.164212,44.869999,-148.330002,-58.380001,1770467869.661763
0.062220,0.589504,0.109312,48.720001,-158.759995,-49.419998,1770467869.669850
0.081740,0.573644,0.073444,53.200001,-166.740005,-42.910000,1770467869.677790
0.140544,0.570472,0.028060,52.500000,-170.729996,-32.689999,1770467869.685864
0.183488,0.551684,-0.003904,50.189999,-164.289993,-22.120001,1770467869.693759
0.234972,0.537776,-0.027084,43.889999,-144.970001,-7.700000,1770467869.701767
0.263764,0.517524,-0.004636,36.750000,-108.639999,10.500000,1770467869.709761
0.298900,0.446764,0.117608,35.840000,-57.330002,21.840000,1770467869.717775
0.294752,0.349896,0.395036,40.529999,16.940001,33.320000,1770467869.725767
0.220332,0.243512,0.774212,45.919998,106.120003,38.360001,1770467869.733762
0.064904,0.168360,1.202676,54.250000,194.250000,28.490000,1770467869.741765
-0.220820,0.116876,1.697508,45.639999,277.269989,19.180000,1770467869.749780
-0.569252,0.063440,2.109380,34.650002,331.239990,8.610000,1770467869.757778
-1.203652,0.060268,2.156960,39.060001,367.709991,13.020000,1770467869.765762
-1.860500,-0.503372,2.203564,16.450001,362.809998,-1.050000,1770467869.773766
-2.265540,-0.667340,1.908324,8.750000,265.790009,-20.580000,1770467869.781862
-2.569564,-0.796172,1.723616,-8.680000,116.199997,-20.020000,1770467869.789813
-2.500512,-0.824232,1.647732,-13.090000,-39.130001,-26.600000,1770467869.797757
-2.072536,-0.637572,1.662860,-7.560000,-169.399994,-28.770000,1770467869.805762
-1.532564,-0.398940,1.621624,-3.360000,-254.100006,-33.040001,1770467869.813795
-1.030412,-0.150548,1.540128,-3.570000,-298.200012,-42.349998,1770467869.821915
-0.596580,0.024644,1.428132,-11.130000,-317.799988,-45.290001,1770467869.829766
-0.233508,0.174460,1.279780,-21.770000,-318.290009,-50.119999,1770467869.837761
0.027816,0.261812,1.113860,-30.170000,-305.130005,-45.570000,1770467869.845764
0.112972,0.237656,0.904508,-38.919998,-279.929993,-44.799999,1770467869.853753
0.153476,0.226676,0.693692,-37.660000,-245.699997,-54.040001,1770467869.861756
0.471896,0.421144,0.512156,-21.980000,-232.190002,-11.480000,1770467869.869768
0.477020,0.444568,0.412848,-5.670000,-203.630005,12.740000,1770467869.877757
0.475800,0.490196,0.309148,-2.310000,-170.800003,16.799999,1770467869.885789
0.488488,0.520452,0.211548,-0.630000,-137.059998,18.200001,1770467869.893765
0.469944,0.510204,0.123708,2.310000,-104.790001,23.590000,1770467869.901764
0.447496,0.500932,0.055144,1.120000,-74.550003,18.059999,1770467869.909803
0.413336,0.485072,-0.009272,-1.120000,-46.549999,14.700000,1770467869.917761
0.366000,0.459696,-0.083692,-1.820000,-20.230000,7.840000,1770467869.925759
0.302804,0.425292,-0.141764,-5.880000,7.980000,3.080000,1770467869.933755
0.254492,0.383568,-0.170068,-6.860000,34.230000,-3.500000,1770467869.941760
0.223260,0.331596,-0.142496,-10.430000,62.650002,-3.640000,1770467869.949842
0.217648,0.269132,-0.037576,-10.010000,89.180000,-7.980000,1770467869.957787
0.248880,0.220820,0.146400,-7.140000,114.730003,-5.180000,1770467869.965766
0.270840,0.172752,0.435540,-3.150000,145.529999,-2.310000,1770467869.973918
0.261812,0.112240,0.761524,7.000000,181.789993,-1.820000,1770467869.981934
0.194956,0.010004,1.041392,3.080000,218.679993,0.210000,1770467869.989938
0.079544,-0.118828,1.283196,8.750000,250.039993,-2.730000,1770467869.997762
-0.080520,-0.167628,1.588196,20.230000,269.989990,1.960000,1770467870.005774
-0.338184,-0.116388,2.037888,22.120001,278.109985,9.450000,1770467870.013782
-0.619760,-0.081496,2.525888,17.780001,262.570007,22.330000,1770467870.021796
-0.987468,-0.162992,2.650084,13.440000,230.789993,35.349998,1770467870.029767
-1.389092,-0.592676,2.230648,-1.120000,202.369995,23.100000,1770467870.037747
-1.356152,-0.561200,1.612840,-3.780000,142.380005,14.280000,1770467870.045912
-1.381284,-0.511424,1.386164,-3.710000,85.959999,6.860000,1770467870.053763
-1.380308,-0.394304,1.363960,-5.110000,43.049999,-8.680000,1770467870.061764
-1.324432,-0.222772,1.392264,-14.210000,14.420000,-20.230000,1770467870.069828
-1.206580,-0.065636,1.336144,-19.110001,-0.350000,-39.549999,1770467870.077761
-1.054080,0.068808,1.187792,-24.639999,-9.590000,-47.040001,1770467870.085767
-0.919148,0.163724,1.014552,-31.570000,-19.530001,-61.180000,1770467870.093813
-0.790316,0.241072,0.856928,-31.780001,-31.080000,-66.570000,1770467870.101758
-0.675880,0.282552,0.726632,-30.870001,-42.139999,-73.570000,1770467870.109755
-0.575352,0.303536,0.631960,-22.959999,-53.900002,-76.370003,1770467870.117736
-0.487268,0.329400,0.559980,-10.640000,-64.330002,-71.400002,1770467870.125757
-0.424316,0.343796,0.501908,-2.870000,-76.230003,-70.209999,1770467870.133749
-0.368440,0.350872,0.439688,6.510000,-90.440002,-73.080002,1770467870.141753
-0.253760,0.425292,0.345016,13.090000,-104.790001,-68.389999,1770467870.149752
-0.199836,0.433832,0.296704,18.059999,-122.430000,-65.449997,1770467870.157786
-0.163480,0.432124,0.248636,19.180000,-138.110001,-58.869999,1770467870.165851
-0.122976,0.426024,0.185684,16.730000,-147.839996,-58.380001,1770467870.173752
-0.053680,0.443348,0.130540,19.670000,-154.559998,-53.759998,1770467870.182014
0.240096,0.522404,0.079300,26.110001,-164.429993,-38.990002,1770467870.189815
0.136640,0.454084,0.098332,34.650002,-161.770004,-13.930000,1770467870.197770
0.149084,0.451400,0.119316,43.959999,-146.300003,2.660000,1770467870.205754
0.167384,0.456280,0.188856,47.529999,-118.440002,13.440000,1770467870.213753
0.192028,0.441396,0.364780,47.880001,-72.589996,21.490000,1770467870.221758
0.190320,0.389180,0.646356,41.090000,-7.910000,22.889999,1770467870.229753
0.145912,0.293532,0.945012,34.580002,65.099998,22.540001,1770467870.237768
0.027816,0.159820,1.276364,25.969999,138.529999,17.500000,1770467870.245903
-0.200568,0.025864,1.665056,19.180000,203.630005,8.190000,1770467870.253754
-0.453352,-0.029280,1.973228,18.760000,247.380005,6.650000,1770467870.261742
-1.162172,-0.154696,2.062044,29.469999,285.950012,12.460000,1770467870.269772
-1.583804,-0.519720,1.958588,6.650000,275.799988,-22.889999,1770467870.277756
-1.941996,-0.639036,1.872944,-2.660000,201.740005,-34.020000,1770467870.285755
-2.152812,-0.765428,1.759972,-14.210000,81.550003,-33.459999,1770467870.293763
-2.079856,-0.833260,1.672132,-20.440001,-47.180000,-46.759998,1770467870.301888
-1.692140,-0.745176,1.621868,-19.809999,-161.000000,-41.509998,1770467870.309765
-1.240496,-0.552904,1.558916,-14.420000,-241.080002,-45.080002,1770467870.317757
-0.767380,-0.338428,1.478152,-10.710000,-286.299988,-44.799999,1770467870.325762
-0.370880,-0.113704,1.379088,-10.360000,-306.950012,-47.389999,1770467870.333758
-0.062952,0.088328,1.282464,-13.370000,-309.470001,-45.709999,1770467870.341807
0.129808,0.198372,1.141188,-24.570000,-296.730011,-41.160000,1770467870.349872
0.163236,0.160552,0.946476,-36.330002,-267.190002,-49.770000,1770467870.357763
0.518256,0.287188,0.599264,-40.110001,-259.700012,-46.689999,1770467870.365761
0.470676,0.416752,0.489952,-22.260000,-234.080002,0.350000,1770467870.373838
0.447008,0.422608,0.366976,-18.900000,-205.520004,6.930000,1770467870.381796
0.436760,0.449692,0.245708,-20.650000,-175.000000,20.370001,1770467870.389809
0.458476,0.434076,0.155916,-15.890000,-147.979996,16.240000,1770467870.397770
0.456280,0.406748,0.093208,-9.100000,-119.769997,11.620000,1770467870.405809
0.457500,0.381616,0.042700,1.190000,-89.250000,14.210000,1770467870.413769
0.438712,0.354532,0.009760,14.210000,-57.889999,3.220000,1770467870.421851
0.415776,0.313784,-0.005124,21.910000,-22.049999,5.600000,1770467870.429798
0.399672,0.268400,-0.006344,28.910000,13.650000,-6.020000,1770467870.437756
0.396988,0.229360,0.017324,30.450001,50.820000,-6.160000,1770467870.445762
0.410408,0.185440,0.092964,29.049999,82.389999,-13.090000,1770467870.453764
0.433832,0.126880,0.228872,28.910000,111.019997,-18.340000,1770467870.461765
0.450668,0.037088,0.462624,24.990000,136.500000,-14.280000,1770467870.469853
0.476288,-0.056120,0.720532,30.590000,165.619995,-17.290001,1770467870.477782
0.462868,-0.135664,0.944768,39.900002,195.720001,-15.750000,1770467870.485857
0.426512,-0.329644,1.147776,53.549999,220.149994,-6.650000,1770467870.493806
0.312564,-0.375272,1.346148,76.089996,243.389999,2.380000,1770467870.501769
0.125416,-0.351604,1.664568,88.760002,259.070007,13.440000,1770467870.509773
-0.102480,-0.252540,2.053992,85.400002,258.790009,23.100000,1770467870.517758
-0.340624,-0.195932,2.321416,66.360001,239.820007,28.139999,1770467870.525761
-0.613660,-0.170312,2.358016,51.660000,207.130005,37.099998,1770467870.533755
-1.213412,-0.449936,2.202832,21.980000,192.080002,25.549999,1770467870.541757
-1.171932,-0.369416,1.778272,13.790000,160.929993,0.420000,1770467870.549800
-1.265384,-0.267668,1.548912,8.190000,132.860001,-16.030001,1770467870.557793
-1.303204,-0.111508,1.423008,6.720000,100.519997,-33.250000,1770467870.565816
-1.274900,0.042456,1.357860,0.420000,71.820000,-46.060001,1770467870.573763
-1.200236,0.175680,1.275632,-1.330000,43.750000,-55.860001,1770467870.581763
-1.098000,0.261080,1.143872,-10.290000,16.730000,-66.500000,1770467870.589792
-0.980880,0.299388,0.963800,-11.760000,-9.100000,-78.050003,1770467870.597751
-0.842532,0.281088,0.808128,-11.130000,-35.419998,-85.820000,1770467870.605766
-0.716872,0.255468,0.690032,-9.100000,-61.320000,-95.550003,1770467870.613763
-0.616344,0.271084,0.592432,2.100000,-79.730003,-94.779999,1770467870.621829
-0.528016,0.318664,0.494832,8.960000,-96.879997,-93.449997,1770467870.629848
-0.489220,0.387960,0.393328,17.219999,-110.320000,-100.169998,1770467870.637764
-0.418948,0.503616,0.305000,27.650000,-126.559998,-96.529999,1770467870.645757
-0.292312,0.622932,0.228872,31.780001,-141.190002,-89.040001,1770467870.653763
-0.175192,0.749080,0.186172,43.119999,-161.979996,-77.699997,1770467870.661760
-0.083936,0.815204,0.163968,44.799999,-182.630005,-53.340000,1770467870.669774
-0.012200,0.786900,0.151524,44.099998,-200.690002,-43.330002,1770467870.677851
0.039772,0.741516,0.121512,43.189999,-211.820007,-30.940001,1770467870.685786
0.109800,0.663680,0.096380,39.340000,-210.419998,-21.840000,1770467870.693785
0.163724,0.578036,0.089548,37.869999,-197.050003,-8.680000,1770467870.701763
0.219356,0.494832,0.131272,27.860001,-164.639999,0.770000,1770467870.709768
0.285968,0.390400,0.260836,22.750000,-119.980003,6.930000,1770467870.717869
0.335744,0.258152,0.471408,22.750000,-62.230000,9.380000,1770467870.725759
0.346724,0.144448,0.744688,26.740000,3.780000,7.980000,1770467870.733757
0.299388,0.057584,1.085800,40.810001,74.480003,2.240000,1770467870.741762
0.187392,0.019520,1.528172,49.770000,137.199997,-10.150000,1770467870.749769
-0.042700,0.081984,2.127192,47.529999,186.339996,-27.510000,1770467870.757832
-0.423096,0.114680,2.657160,22.400000,215.809998,-34.720001,1770467870.765816
-0.715164,-0.020252,2.689124,-1.890000,202.789993,-32.900002,1770467870.773762
-1.067256,-0.124684,2.375340,-12.530000,148.539993,-23.590000,1770467870.781746
-1.388604,-0.544364,2.162084,-41.230000,89.529999,-45.150002,1770467870.789816
-1.341756,-0.576084,1.965664,-37.029999,15.330000,-60.270000,1770467870.797843
-1.220244,-0.495564,1.794376,-34.299999,-61.740002,-55.439999,1770467870.805762
-0.979416,-0.334280,1.641632,-42.209999,-126.279999,-60.830002,1770467870.813788
-0.674904,-0.183000,1.490108,-45.779999,-172.550003,-54.880001,1770467870.821792
-0.378688,-0.059048,1.318332,-53.060001,-201.600006,-52.360001,1770467870.829809
-0.132736,0.062708,1.103856,-54.320000,-216.720001,-52.360001,1770467870.837757
0.034892,0.132980,0.896944,-51.169998,-220.429993,-41.090000,1770467870.845764
0.085888,0.128100,0.717116,-52.570000,-209.860001,-45.709999,1770467870.853761
0.111020,0.108092,0.550220,-49.070000,-186.479996,-48.650002,1770467870.861769
0.355752,0.358436,0.371124,-25.410000,-189.350006,-19.459999,1770467870.869770
0.375516,0.283040,0.337208,-3.290000,-171.500000,8.050000,1770467870.877755
0.397476,0.297436,0.262788,9.450000,-152.740005,1.820000,1770467870.885912
0.417240,0.328424,0.213012,24.780001,-131.529999,16.379999,1770467870.893761
0.413824,0.351604,0.170312,35.070000,-108.430000,10.640000,1770467870.901768
0.396988,0.378932,0.114192,42.770000,-82.320000,4.270000,1770467870.909764
0.369660,0.392840,0.052460,45.639999,-54.810001,4.620000,1770467870.917756
0.340380,0.386008,-0.009760,42.419998,-26.459999,0.560000,1770467870.925887
0.317932,0.372344,-0.062952,36.680000,0.210000,-3.080000,1770467870.933754
0.311588,0.326228,-0.070272,32.900002,27.230000,-5.880000,1770467870.941762
0.336720,0.255956,0.003416,25.410000,51.310001,-9.240000,1770467870.949770
0.392840,0.175192,0.181292,25.969999,74.059998,-10.990000,1770467870.957765
0.456036,0.059536,0.496052,26.670000,99.330002,-12.740000,1770467870.965902
0.501176,-0.065392,0.876448,31.780001,129.500000,-16.030001,1770467870.974016
0.507520,-0.143228,1.191696,51.029999,169.190002,-21.420000,1770467870.982457
0.454816,-0.266692,1.434232,68.529999,199.639999,-20.790001,1770467870.990050
0.365268,-0.263520,1.577948,81.760002,216.020004,-12.320000,1770467870.997873
0.179340,-0.180804,1.779004,77.000000,217.279999,3.220000,1770467871.005776
-0.116876,-0.110532,2.122068,60.759998,205.800003,16.799999,1770467871.013766
-0.377712,-0.095892,2.319220,41.720001,184.309998,16.799999,1770467871.021844
-0.557052,-0.107360,2.378756,28.700001,152.600006,24.010000,1770467871.029846
-0.797880,-0.033672,2.255292,21.420000,122.919998,18.690001,1770467871.037736
-1.054812,-0.029524,2.005924,2.800000,106.750000,5.810000,1770467871.045763
-1.051152,0.125904,1.657004,-12.950000,83.300003,-18.410000,1770467871.053744
-1.066524,0.229848,1.416420,-15.820000,62.720001,-31.780001,1770467871.061753
-1.052616,0.287920,1.239276,-24.850000,47.880001,-39.830002,1770467871.069852
-1.022848,0.334036,1.112640,-30.240000,35.630001,-52.639999,1770467871.077794
-0.971364,0.372588,0.985516,-36.540001,18.200001,-58.310001,1770467871.085767
-0.915488,0.396012,0.823256,-40.880001,-1.330000,-61.320000,1770467871.093758
-0.840580,0.410164,0.693204,-34.790001,-24.709999,-66.709999,1770467871.101759
-0.764208,0.428952,0.599996,-27.370001,-51.240002,-64.050003,1770467871.109788
-0.671976,0.457744,0.521184,-15.470000,-75.110001,-68.180000,1770467871.117748
-0.615612,0.477020,0.438712,-5.670000,-95.970001,-70.070000,1770467871.125755
-0.455304,0.569008,0.315980,3.220000,-117.949997,-66.360001,1770467871.133736
-0.384544,0.616100,0.253272,11.480000,-137.899994,-53.689999,1770467871.141762
-0.305976,0.619272,0.200568,11.340000,-155.679993,-43.610001,1770467871.149766
-0.228140,0.662460,0.129808,12.670000,-170.520004,-43.540001,1770467871.157807
-0.109800,0.717604,0.072956,18.620001,-185.289993,-31.430000,1770467871.165757
-0.017568,0.674172,0.073932,23.309999,-194.740005,-22.120001,1770467871.173753
0.052216,0.631228,0.095892,26.740000,-198.869995,-16.100000,1770467871.181752
0.119316,0.592188,0.136640,21.770000,-193.830002,-9.170000,1770467871.189781
0.199836,0.540460,0.231312,15.400000,-182.419998,-10.360000,1770467871.197796
0.295728,0.467748,0.394548,6.930000,-160.720001,-12.460000,1770467871.205763
0.383568,0.354776,0.630740,-2.240000,-130.830002,-20.580000,1770467871.213755
0.441640,0.190320,0.886208,-5.600000,-91.000000,-30.240000,1770467871.221756
0.428220,-0.006344,1.130940,-7.210000,-43.330002,-39.619999,1770467871.229752
0.456036,-0.167140,1.444236,-0.490000,8.750000,-42.770000,1770467871.237747
0.437248,-0.252052,1.903932,3.640000,43.959999,-47.740002,1770467871.245771
0.311588,-0.264740,2.416576,-3.780000,70.629997,-51.590000,1770467871.253768
0.079788,-0.396988,2.517104,-17.709999,82.599998,-40.180000,1770467871.261778
-0.090280,-0.487024,2.390224,-25.900000,74.970001,-22.680000,1770467871.269841
-0.215940,-0.577060,2.314340,-35.070000,55.860001,3.150000,1770467871.277749
-0.614880,-0.749568,2.203076,-55.230000,50.400002,2.800000,1770467871.285969
-0.542656,-0.512156,1.796816,-69.440002,23.870001,-5.530000,1770467871.293763
-0.540948,-0.223016,1.500356,-65.099998,1.540000,-8.680000,1770467871.301770
-0.498492,0.039040,1.273680,-70.559998,-23.660000,-4.830000,1770467871.309879
-0.406748,0.209596,1.100928,-69.089996,-42.770000,-8.540000,1770467871.317761
-0.280112,0.294752,0.988444,-69.089996,-58.660000,-3.150000,1770467871.325761
-0.187392,0.295240,0.885232,-71.959999,-69.790001,6.160000,1770467871.333755
-0.144448,0.296704,0.752252,-71.750000,-73.570000,-1.120000,1770467871.341758
-0.047824,0.324032,0.602924,-62.650002,-65.519997,9.100000,1770467871.349776
0.201544,0.471652,0.467504,-34.509998,-69.650002,39.410000,1770467871.357780
0.096624,0.399916,0.411872,-22.610001,-71.889999,60.480000,1770467871.365762
0.100284,0.388692,0.300364,-12.880000,-70.769997,66.500000,1770467871.373765
0.104432,0.386984,0.199592,2.800000,-64.470001,74.339996,1770467871.381851
0.115900,0.373076,0.124440,14.700000,-56.139999,80.919998,1770467871.391037
0.121268,0.370636,0.083692,22.120001,-48.230000,78.330002,1770467871.397771
0.130296,0.350872,0.070028,23.660000,-38.360001,78.680000,1770467871.405819
0.155672,0.312808,0.082472,19.250000,-26.320000,73.849998,1770467871.413782
0.196908,0.261080,0.112972,21.209999,-15.680000,60.410000,1770467871.421773
0.252052,0.208376,0.179828,15.960000,-3.570000,50.400002,1770467871.429760
0.313784,0.148108,0.324520,17.639999,8.330000,35.980000,1770467871.437850
0.377468,0.088816,0.553148,15.960000,19.879999,28.700001,1770467871.445758
0.436272,0.007320,0.864248,12.530000,33.529999,13.580000,1770467871.453760
0.542168,-0.156648,1.264896,14.420000,50.750000,8.050000,1770467871.461790
0.613904,-0.295972,1.604544,14.350000,69.930000,2.660000,1770467871.469781
0.654896,-0.461404,1.866600,16.309999,85.190002,4.900000,1770467871.477762
0.667096,-0.642208,2.098400,11.270000,90.510002,27.719999,1770467871.485759
0.515572,-0.717360,2.188924,4.410000,100.099998,50.259998,1770467871.493770
0.292312,-0.739808,2.203320,11.270000,124.040001,79.660004,1770467871.501798
-0.322812,-0.952576,2.229672,3.780000,156.729996,71.680000,1770467871.509839
-0.319640,-0.648308,1.929796,7.770000,200.410004,50.259998,1770467871.517752
-0.621956,-0.400160,1.788520,6.860000,235.830002,41.860001,1770467871.525763
-0.867908,-0.152012,1.670668,-1.470000,258.790009,31.709999,1770467871.533764
-1.089216,0.089304,1.528904,-10.780000,256.480011,16.940001,1770467871.541803
-1.241472,0.262544,1.380552,-21.700001,237.229996,11.830000,1770467871.549771
-1.340048,0.417484,1.221952,-32.689999,193.479996,-0.910000,1770467871.557757
-1.375184,0.510936,1.049688,-39.900002,141.820007,-3.850000,1770467871.565748
-1.346148,0.574376,0.864736,-47.529999,82.389999,-11.480000,1770467871.573761
-1.236348,0.569008,0.685640,-43.680000,19.110001,-16.940001,1770467871.581796
-1.079456,0.541680,0.549732,-35.770000,-34.720001,-16.379999,1770467871.589795
-0.901336,0.487024,0.446276,-19.110001,-78.470001,-18.200001,1770467871.597792
-0.737856,0.387472,0.370636,-5.810000,-114.449997,-11.830000,1770467871.605775
-0.751764,0.485804,0.241560,13.790000,-137.759995,-13.160000,1770467871.613778
-0.436028,0.572180,0.149572,44.520000,-152.880005,18.200001,1770467871.621763
-0.371612,0.527772,0.143228,53.759998,-173.529999,46.200001,1770467871.629889
-0.300608,0.567544,0.076128,54.669998,-190.889999,57.470001,1770467871.637758
-0.243268,0.566080,0.019764,54.880001,-206.639999,64.050003,1770467871.645740
-0.152744,0.585844,-0.044652,45.639999,-219.100006,63.419998,1770467871.653766
-0.001952,0.654652,-0.104676,43.540001,-231.070007,70.139999,1770467871.661794
0.070028,0.634644,-0.099796,30.100000,-237.369995,85.610001,1770467871.669773
0.124928,0.607560,-0.061488,16.450001,-231.000000,86.169998,1770467871.677785
0.225700,0.533384,0.065392,3.850000,-207.830002,81.900002,1770467871.685883
0.330132,0.376736,0.275720,-6.300000,-172.550003,70.769997,1770467871.693772
0.400648,0.174704,0.547536,-8.120000,-123.199997,56.209999,1770467871.701766
0.395036,-0.015128,0.857416,-13.860000,-62.230000,37.590000,1770467871.709864
0.415776,-0.156160,1.156316,-13.580000,4.830000,20.930000,1770467871.717756
0.494344,-0.347944,1.565504,-11.760000,54.669998,21.280001,1770467871.725760
0.330132,-0.494832,2.181848,-17.990000,91.070000,-5.040000,1770467871.733884
0.362828,-0.648308,2.694736,-28.350000,120.610001,-12.390000,1770467871.741757
0.204472,-0.917196,2.892376,-26.530001,131.880005,1.890000,1770467871.749768
0.023912,-1.128012,2.773548,-8.680000,123.620003,29.540001,1770467871.757762
-0.323544,-1.121424,2.510760,-0.980000,123.970001,18.480000,1770467871.765772
-0.447252,-0.723216,2.197220,-13.090000,94.500000,20.719999,1770467871.773779
-0.502640,-0.353800,1.869040,-30.870001,57.540001,19.740000,1770467871.781754
-0.458476,-0.146400,1.587952,-54.529999,21.910000,19.670000,1770467871.789866
-0.347700,-0.031964,1.346880,-63.419998,-7.980000,20.440001,1770467871.797771
-0.223992,0.039284,1.142408,-72.099998,-27.020000,24.219999,1770467871.805774
-0.109068,0.092232,0.962092,-73.080002,-37.660000,34.650002,1770467871.813787
-0.048800,0.086376,0.793976,-69.790001,-40.529999,37.590000,1770467871.821802
-0.007320,0.086132,0.615612,-65.099998,-35.980000,45.080002,1770467871.829872
-0.005368,0.134688,0.435052,-55.580002,-21.000000,55.860001,1770467871.837754
0.242292,0.211792,0.304268,-37.520000,-23.870001,77.839996,1770467871.845786
0.130784,0.271328,0.239852,-11.340000,-20.230000,91.349998,1770467871.853731
0.116144,0.304268,0.172508,8.540000,-13.020000,93.800003,1770467871.861764
0.097844,0.355020,0.110288,23.309999,-8.190000,94.919998,1770467871.869825
0.087596,0.402844,0.057340,38.570000,-1.890000,91.489998,1770467871.877764
0.072956,0.432856,0.022936,47.669998,1.890000,89.180000,1770467871.885759
0.081496,0.430416,0.032696,52.849998,3.990000,79.239998,1770467871.893742
0.113460,0.419436,0.081252,55.580002,4.900000,67.059998,1770467871.901761
0.162504,0.427244,0.215452,46.830002,8.890000,56.910000,1770467871.909768
0.234728,0.441396,0.415288,38.639999,15.960000,46.900002,1770467871.917778
0.305000,0.402112,0.648552,23.870001,25.340000,44.310001,1770467871.925764
0.358680,0.305732,0.912316,11.410000,38.849998,42.840000,1770467871.933758
0.370148,0.183488,1.197796,2.870000,59.849998,39.480000,1770467871.941752
0.330864,0.101504,1.478884,5.250000,93.519997,38.360001,1770467871.949814
0.287432,0.041480,1.756312,13.860000,128.729996,32.900002,1770467871.957742
0.236924,-0.000488,2.006168,22.889999,154.839996,37.869999,1770467871.965769
0.149816,-0.126392,2.369484,13.860000,163.169998,43.680000,1770467871.973935
-0.023424,-0.304756,2.618608,7.910000,170.169998,57.889999,1770467871.982061
-0.209840,-0.354776,2.492216,7.840000,168.279999,81.760002,1770467871.990057
-0.436028,-0.370148,2.266272,3.430000,154.699997,91.980003,1770467871.997799
-0.981368,-0.571936,1.970788,-20.440001,169.330002,80.010002,1770467872.005775
-0.893040,-0.402600,1.513776,-29.190001,170.100006,48.160000,1770467872.013770
-1.014552,-0.306220,1.249280,-26.320000,173.600006,43.400002,1770467872.021778
-1.116544,-0.172508,1.044808,-28.420000,170.380005,25.900000,1770467872.030112
-1.155096,-0.011956,0.894992,-27.790001,151.970001,17.500000,1770467872.037750
-1.159000,0.149572,0.777140,-27.230000,120.050003,4.130000,1770467872.045764
-1.120204,0.268888,0.680516,-32.340000,77.000000,-6.300000,1770467872.053731
-1.037244,0.328912,0.591700,-29.959999,30.450001,-13.720000,1770467872.061765
-0.911096,0.329888,0.498492,-28.910000,-13.580000,-16.940001,1770467872.069747
-0.768844,0.316468,0.397232,-14.560000,-52.919998,-17.639999,1770467872.077738
-0.622932,0.300608,0.298900,-1.890000,-82.879997,-12.180000,1770467872.085753
-0.485560,0.220088,0.246440,9.800000,-113.330002,-7.560000,1770467872.093892
-0.427488,0.254736,0.158844,24.780001,-128.660004,-8.960000,1770467872.101763
-0.231800,0.369172,0.083204,41.020000,-141.610001,15.330000,1770467872.109771
-0.173484,0.364780,0.067832,51.099998,-159.110001,29.260000,1770467872.117752
-0.111752,0.351360,0.060512,51.450001,-171.990005,43.400002,1770467872.125756
-0.061976,0.349896,0.049532,45.220001,-179.059998,37.730000,1770467872.133749
0.021960,0.385764,0.051240,41.090000,-183.960007,38.009998,1770467872.141785
0.157136,0.432856,0.076372,36.889999,-189.279999,53.759998,1770467872.149861
0.215452,0.444812,0.176900,29.540001,-174.720001,55.230000,1770467872.157728
0.281332,0.436516,0.352824,23.660000,-145.669998,58.799999,1770467872.165761
0.338672,0.402600,0.626104,19.320000,-93.870003,53.200001,1770467872.173752
0.331108,0.341356,0.933056,22.260000,-30.309999,55.720001,1770467872.181752
0.244976,0.237412,1.168516,19.320000,41.090000,49.910000,1770467872.189768
0.056364,0.101748,1.393972,21.980000,110.599998,39.970001,1770467872.197765
-0.139812,0.040992,1.809016,22.610001,159.949997,26.809999,1770467872.205892
-0.344040,-0.025376,2.331664,14.980000,190.820007,18.059999,1770467872.213755
-0.505324,-0.198128,2.725236,6.860000,188.649994,26.180000,1770467872.221753
-0.769088,-0.420412,2.666432,6.440000,157.149994,44.310001,1770467872.229758
-1.041636,-0.794464,2.415112,-12.740000,114.309998,30.379999,1770467872.237747
-1.033340,-0.752740,2.145736,-21.070000,45.570000,13.230000,1770467872.245752
-1.001376,-0.583160,1.858548,-31.990000,-18.549999,16.240000,1770467872.253730
-0.847412,-0.422852,1.577216,-45.639999,-72.870003,13.370000,1770467872.261758
-0.598532,-0.269620,1.374452,-55.860001,-111.440002,11.200000,1770467872.269761
-0.358924,-0.135176,1.185108,-59.430000,-134.470001,18.410000,1770467872.277791
-0.146400,-0.054168,1.014552,-59.009998,-144.899994,22.190001,1770467872.285849
0.000488,0.041236,0.833016,-55.509998,-146.720001,35.419998,1770467872.293792
0.065392,0.056364,0.679540,-46.340000,-140.000000,40.599998,1770467872.301766
0.099064,0.058560,0.538508,-36.889999,-122.220001,38.709999,1770467872.309762
0.494588,0.175680,0.399184,-20.370001,-133.979996,53.060001,1770467872.317756
0.356240,0.247904,0.306220,7.070000,-117.669998,71.680000,1770467872.325788
0.349896,0.266204,0.248148,23.660000,-102.760002,80.709999,1770467872.333757
0.343552,0.284992,0.164700,32.340000,-82.669998,79.309998,1770467872.341747
0.322812,0.319396,0.052216,37.520000,-59.570000,78.680000,1770467872.349811
0.305732,0.325008,-0.042456,38.220001,-37.099998,75.320000,1770467872.357777
0.274500,0.334036,-0.122488,32.970001,-16.100000,69.019997,1770467872.365792
0.266448,0.328424,-0.148840,24.430000,1.890000,60.340000,1770467872.373755
0.278892,0.334768,-0.066856,15.540000,20.650000,49.490002,1770467872.381760
0.327936,0.343552,0.143716,4.900000,46.619999,40.389999,1770467872.389757
0.382592,0.327692,0.436760,-0.070000,79.169998,33.459999,1770467872.397781
0.437492,0.210328,0.754448,-4.970000,114.379997,27.719999,1770467872.405761
0.471408,0.150548,1.059448,-3.920000,147.490005,16.450001,1770467872.413767
0.458964,0.049532,1.388116,12.880000,181.509995,5.670000,1770467872.421764
0.376736,-0.050264,1.716784,32.340000,218.820007,6.370000,1770467872.429875
0.210084,-0.014884,2.053260,50.330002,250.389999,14.420000,1770467872.437761
-0.020984,0.058804,2.444880,49.630001,267.260010,26.250000,1770467872.445759
-0.258640,-0.018544,2.749392,38.990002,257.880005,42.070000,1770467872.453741
-0.513620,-0.110044,2.555412,20.790001,224.000000,55.090000,1770467872.461819
-0.643184,-0.113460,2.182580,4.900000,169.470001,72.730003,1770467872.469761
-1.034316,-0.252540,1.800964,-14.140000,152.250000,77.279999,1770467872.477752
-1.014064,-0.374052,1.446188,-37.310001,131.039993,40.740002,1770467872.485881
-1.003084,-0.434320,1.177788,-39.340000,119.070000,20.090000,1770467872.493769
-1.013820,-0.443836,1.002840,-34.230000,110.180000,16.799999,1770467872.501764
-1.020896,-0.351604,0.870592,-29.750000,103.739998,-1.330000,1770467872.509758
-0.987956,-0.195200,0.778604,-23.870001,91.980003,-6.650000,1770467872.517764
-0.933300,-0.014640,0.714920,-20.580000,73.080002,-18.900000,1770467872.525774
-0.876936,0.130540,0.657824,-19.110001,49.000000,-25.410000,1770467872.533753
-0.809592,0.223748,0.583648,-16.100000,21.559999,-32.130001,1770467872.541768
-0.729804,0.275720,0.491172,-12.600000,-1.820000,-38.500000,1770467872.549760
-0.640012,0.309392,0.393816,-3.920000,-24.010000,-43.330002,1770467872.557742
-0.539972,0.339404,0.304512,6.860000,-46.130001,-44.939999,1770467872.565786
-0.473848,0.337940,0.223504,14.980000,-65.169998,-50.189999,1770467872.573758
-0.314028,0.458720,0.126636,31.780001,-86.870003,-31.780001,1770467872.581751
-0.246196,0.462136,0.104432,43.889999,-105.559998,-18.200001,1770467872.589761
-0.176412,0.478728,0.102236,50.330002,-121.239998,-11.690000,1770467872.597770
-0.087596,0.505324,0.126392,58.869999,-135.309998,0.700000,1770467872.605761
0.061732,0.549488,0.151036,62.860001,-151.550003,6.580000,1770467872.613766
0.108580,0.528260,0.196664,63.349998,-162.470001,25.690001,1770467872.621765
0.146888,0.530456,0.254736,53.549999,-163.449997,28.700001,1770467872.629843
0.187392,0.542412,0.372344,36.119999,-145.460007,34.650002,1770467872.637749
0.232776,0.561688,0.555100,18.760000,-107.519997,36.470001,1770467872.645760
0.257420,0.535336,0.797880,3.220000,-51.450001,39.619999,1770467872.653745
0.221308,0.461160,1.021628,-8.260000,13.860000,48.369999,1770467872.661802
0.104920,0.373076,1.266360,-14.630000,80.220001,43.889999,1770467872.669841
-0.147376,0.280112,1.603324,-14.840000,143.639999,29.750000,1770467872.677749
-0.386984,0.143960,2.043744,-12.950000,197.960007,6.930000,1770467872.685761
-0.529236,-0.041480,2.501976,-5.320000,224.139999,14.420000,1770467872.694010
-0.745908,-0.132004,2.615680,8.890000,205.589996,33.669998,1770467872.701765
-1.249036,-0.239852,2.404864,5.880000,174.509995,35.770000,1770467872.709835
-1.286368,-0.385276,2.091080,-17.570000,107.660004,10.290000,1770467872.717761
-1.268312,-0.415776,1.761192,-24.570000,32.060001,-1.400000,1770467872.725759
-1.152168,-0.418460,1.477908,-34.650002,-39.759998,-6.090000,1770467872.733759
-0.929396,-0.416752,1.265140,-44.240002,-98.000000,-10.570000,1770467872.741760
-0.664900,-0.403088,1.113372,-51.099998,-135.869995,-10.920000,1770467872.749745
-0.415044,-0.370392,0.996008,-58.520000,-158.759995,-6.860000,1770467872.757838
-0.183732,-0.316712,0.901336,-61.740002,-171.429993,0.420000,1770467872.765761
-0.014152,-0.183488,0.778360,-60.410000,-170.729996,12.740000,1770467872.773776
0.076372,-0.074420,0.667340,-53.130001,-162.750000,22.330000,1770467872.781749
0.141520,-0.052216,0.561688,-45.430000,-147.630005,26.600000,1770467872.789759
0.233508,0.015372,0.423340,-38.639999,-139.649994,31.360001,1770467872.797802
0.388204,0.271816,0.244732,-17.780001,-135.100006,48.930000,1770467872.805914
0.270840,0.297924,0.188368,5.460000,-126.279999,55.090000,1770467872.813758
0.254736,0.351848,0.125904,19.459999,-111.019997,56.980000,1770467872.821766
0.243756,0.382104,0.068808,27.510000,-94.989998,52.639999,1770467872.829758
0.231312,0.393572,0.038796,34.509998,-73.919998,48.230000,1770467872.837768
0.227896,0.367464,0.037820,40.110001,-45.779999,44.660000,1770467872.845893
0.247416,0.335744,0.084668,39.619999,-16.870001,36.259998,1770467872.853747
0.277916,0.330132,0.183244,36.889999,16.870001,31.709999,1770467872.861766
0.300364,0.365024,0.385520,23.870001,55.299999,26.950001,1770467872.869763
0.325252,0.375028,0.640256,7.980000,94.779999,23.799999,1770467872.877754
0.326960,0.324276,0.848144,-7.630000,135.309998,20.650000,1770467872.885758
0.290360,0.213256,1.036268,-18.410000,171.850006,16.940001,1770467872.893783
0.210572,0.134200,1.255624,-21.209999,203.350006,13.650000,1770467872.901765
0.066612,0.085400,1.556232,-18.129999,224.139999,11.620000,1770467872.909774
-0.160308,0.130296,2.005680,-11.970000,240.800003,10.850000,1770467872.917765
-0.389668,0.095160,2.426092,-14.700000,239.960007,16.100000,1770467872.925768
-0.596092,-0.091256,2.502464,-6.650000,208.809998,32.900002,1770467872.933789
-0.731512,-0.147864,2.234064,7.420000,152.740005,54.740002,1770467872.941764
-1.119716,-0.356240,1.987868,-0.980000,114.309998,62.020000,1770467872.949774
-1.035048,-0.316956,1.635044,-13.160000,78.190002,18.760000,1770467872.957740
-0.966240,-0.301584,1.464488,-15.330000,47.669998,16.030001,1770467872.965860
-0.900360,-0.202276,1.405684,-12.250000,26.110001,-6.090000,1770467872.973996
-0.817400,-0.096624,1.324188,-14.770000,12.460000,-18.410000,1770467872.982366
-0.730780,-0.046360,1.181936,-24.010000,5.390000,-30.870001,1770467872.989908
-0.655628,-0.020740,0.997716,-36.470001,-0.770000,-38.290001,1770467872.997781
-0.565592,-0.013176,0.822280,-49.630001,-7.000000,-45.290001,1770467873.005780
-0.483120,0.000732,0.697108,-54.110001,-16.309999,-55.720001,1770467873.013760
-0.410896,-0.021472,0.604144,-52.080002,-22.469999,-55.230000,1770467873.021837
-0.354044,-0.024888,0.514108,-45.570000,-29.330000,-60.270000,1770467873.029774
-0.304268,0.007808,0.408700,-33.320000,-36.820000,-57.189999,1770467873.037811
-0.261080,0.070516,0.310856,-17.920000,-42.349998,-56.349998,1770467873.045758
-0.221552,0.132980,0.235948,-6.230000,-50.680000,-55.930000,1770467873.053742
-0.164456,0.212280,0.197884,9.450000,-60.340000,-48.930000,1770467873.061768
-0.135420,0.257176,0.187392,19.320000,-67.550003,-44.590000,1770467873.069773
-0.117364,0.269864,0.188124,27.230000,-74.129997,-45.919998,1770467873.077867
-0.051972,0.281820,0.189100,35.560001,-75.040001,-39.200001,1770467873.085756
0.356484,0.530212,0.134688,56.070000,-85.120003,-14.910000,1770467873.093768
0.120780,0.410164,0.238388,66.430000,-87.220001,1.330000,1770467873.101755
0.131272,0.414312,0.300120,74.620003,-79.239998,20.299999,1770467873.109760
0.126880,0.401136,0.407480,70.980003,-58.660000,21.420000,1770467873.117828
0.113704,0.420168,0.599020,63.000000,-18.200001,29.610001,1770467873.125765
0.090524,0.444568,0.847168,48.160000,38.080002,35.070000,1770467873.133747
0.019764,0.413580,1.102880,34.020000,106.750000,37.450001,1770467873.141756
-0.147620,0.338184,1.345172,20.299999,162.050003,39.689999,1770467873.149753
-0.482632,0.223016,1.647488,13.860000,210.350006,25.480000,1770467873.157734
-0.741760,0.203740,1.838052,20.650000,233.240005,22.120001,1770467873.165757
-1.335900,-0.008540,2.012756,23.100000,246.190002,14.840000,1770467873.173739
-1.591368,-0.195688,1.906372,7.420000,204.750000,-11.200000,1770467873.181755
-1.793156,-0.400404,1.788032,6.090000,122.290001,-19.809999,1770467873.189801
-1.849520,-0.549244,1.697508,5.670000,31.780001,-23.309999,1770467873.197771
-1.686284,-0.597312,1.634800,5.180000,-58.240002,-31.219999,1770467873.205755
-1.367376,-0.582428,1.586244,0.980000,-134.050003,-34.509998,1770467873.213749
-1.004304,-0.488244,1.506700,-2.450000,-184.309998,-36.820000,1770467873.221763
-0.639280,-0.368928,1.423984,-13.790000,-217.139999,-36.889999,1770467873.229756
-0.302072,-0.248392,1.348344,-28.000000,-232.399994,-31.150000,1770467873.237824
-0.033428,-0.123708,1.206092,-39.619999,-235.199997,-20.090000,1770467873.245759
0.127368,-0.024156,1.000156,-46.970001,-227.080002,-11.690000,1770467873.253739
0.148108,0.025620,0.794464,-43.540001,-198.940002,-9.870000,1770467873.261765
0.308660,0.035136,0.602192,-40.459999,-187.389999,3.780000,1770467873.269755
0.390888,0.288408,0.428708,-16.240000,-171.919998,36.189999,1770467873.277745
0.380640,0.302560,0.358192,0.210000,-148.750000,39.060001,1770467873.285775
0.365268,0.373076,0.266448,8.330000,-126.279999,43.189999,1770467873.293830
0.358436,0.414068,0.183244,11.200000,-106.750000,37.660000,1770467873.301768
0.355508,0.426512,0.113948,13.230000,-85.750000,29.469999,1770467873.309755
0.330864,0.422608,0.038308,13.020000,-63.209999,24.709999,1770467873.317826
0.288896,0.400160,-0.038308,14.840000,-41.369999,18.969999,1770467873.325760
0.244976,0.360144,-0.097356,15.750000,-14.000000,15.260000,1770467873.333760
0.216184,0.325496,-0.106628,16.170000,14.350000,4.410000,1770467873.341763
0.218136,0.288652,-0.037088,11.410000,45.990002,0.840000,1770467873.349853
0.236436,0.280112,0.116388,7.350000,78.889999,-3.920000,1770467873.357752
0.255468,0.288164,0.382592,1.400000,116.199997,-4.970000,1770467873.365764
0.284016,0.255956,0.694912,-7.910000,155.259995,-7.490000,1770467873.373779
0.274988,0.174704,0.959896,-10.850000,196.070007,-10.990000,1770467873.381781
0.220820,0.061488,1.213168,-3.150000,231.139999,-13.370000,1770467873.389795
0.083204,-0.007808,1.548668,9.660000,262.290009,-11.690000,1770467873.397822
-0.190320,0.066368,1.992504,18.690001,280.980011,-9.870000,1770467873.405772
-0.542168,0.163968,2.546872,9.170000,278.459991,-3.990000,1770467873.413760
-0.791292,0.028792,2.761836,8.330000,242.339996,10.080000,1770467873.421766
-1.005768,-0.054412,2.405352,18.620001,181.369995,37.240002,1770467873.429796
-1.376648,-0.382104,1.931260,3.780000,131.250000,26.879999,1770467873.437817
-1.244400,-0.264496,1.494500,-5.460000,79.379997,13.230000,1770467873.445761
-1.180716,-0.270840,1.357860,-11.270000,38.430000,8.260000,1770467873.453731
-1.130696,-0.247904,1.372500,-14.980000,9.450000,-4.830000,1770467873.461768
-1.069940,-0.206668,1.353712,-23.450001,-4.900000,-14.980000,1770467873.469774
-0.989908,-0.173972,1.219756,-33.880001,-10.780000,-27.510000,1770467873.477810
-0.901580,-0.143960,1.032852,-46.689999,-15.330000,-39.410000,1770467873.485757
-0.802028,-0.109312,0.855220,-55.650002,-18.690001,-49.630001,1770467873.493758
-0.688568,-0.072956,0.719800,-56.070000,-26.250000,-54.389999,1770467873.501779
-0.598288,-0.039528,0.608536,-45.570000,-35.139999,-60.410000,1770467873.509762
-0.514596,0.001464,0.517524,-32.970001,-46.549999,-63.070000,1770467873.517803
-0.441884,0.051484,0.440664,-19.250000,-57.119999,-65.940002,1770467873.525791
-0.371368,0.105408,0.364292,-6.860000,-67.059998,-67.970001,1770467873.533763
-0.301584,0.168360,0.291336,5.670000,-78.400002,-64.120003,1770467873.541767
-0.230580,0.257908,0.257176,16.870001,-88.550003,-61.740002,1770467873.549761
-0.178364,0.322812,0.257908,29.330000,-97.370003,-61.669998,1770467873.557769
-0.158600,0.391620,0.260348,41.230000,-99.120003,-63.980000,1770467873.565791
-0.059536,0.449936,0.232288,54.669998,-102.410004,-52.080002,1770467873.573762
0.121024,0.504836,0.243024,80.849998,-118.089996,-20.580000,1770467873.581763
0.122732,0.505080,0.280844,98.070000,-120.959999,-1.260000,1770467873.589775
0.129076,0.503860,0.307440,106.889999,-118.089996,15.680000,1770467873.597953
0.130540,0.513376,0.353800,101.290001,-106.190002,21.070000,1770467873.605786
0.113460,0.521916,0.447008,78.820000,-86.099998,30.379999,1770467873.613763
0.085400,0.532896,0.603900,45.779999,-44.310001,31.780001,1770467873.621792
0.067344,0.478240,0.819840,16.799999,14.630000,33.110001,1770467873.629763
-0.008784,0.355264,1.096048,-5.110000,82.529999,32.410000,1770467873.637792
-0.191052,0.209352,1.405440,-17.709999,142.800003,20.370001,1770467873.645816
-0.466040,0.078568,1.760460,-19.110001,193.130005,6.160000,1770467873.653743
-0.688080,0.015372,2.034228,-6.650000,215.389999,5.390000,1770467873.661759
-1.250744,-0.292556,2.211860,-10.010000,229.179993,-3.220000,1770467873.669759
-1.489620,-0.368928,2.000068,-11.130000,183.820007,-16.240000,1770467873.677793
-1.696288,-0.499468,1.861476,-6.790000,109.059998,-22.260000,1770467873.685868
-1.715076,-0.539484,1.731912,-9.100000,21.629999,-21.840000,1770467873.693759
-1.529636,-0.519720,1.634556,-15.330000,-65.730003,-27.860001,1770467873.701771
-1.222440,-0.448716,1.533784,-20.860001,-136.850006,-30.870001,1770467873.709774
-0.879620,-0.355752,1.408612,-24.780001,-182.839996,-33.599998,1770467873.717754
-0.547048,-0.263520,1.302716,-32.689999,-209.509995,-31.570000,1770467873.725923
-0.252296,-0.165676,1.193404,-42.419998,-221.410004,-27.650000,1770467873.733752
-0.019032,-0.068808,1.039928,-52.009998,-222.600006,-17.990000,1770467873.741757
0.112972,0.009272,0.831552,-59.009998,-212.729996,-8.120000,1770467873.749764
0.116144,0.043676,0.617320,-54.180000,-189.070007,-6.860000,1770467873.757744
0.339160,0.027084,0.480680,-55.790001,-186.410004,1.890000,1770467873.765757
0.354776,0.269620,0.277916,-30.100000,-172.619995,26.110001,1770467873.773876
0.347212,0.279624,0.199348,-18.340000,-157.080002,37.730000,1770467873.781752
0.355020,0.291580,0.124928,-10.990000,-140.000000,38.570000,1770467873.789986
0.366732,0.318420,0.069052,-4.550000,-121.239998,42.980000,1770467873.798076
0.358924,0.333304,0.036112,0.000000,-98.559998,38.009998,1770467873.805767
0.349164,0.328668,0.001708,12.320000,-70.000000,32.410000,1770467873.813768
0.323056,0.297680,-0.013908,28.000000,-38.080002,26.040001,1770467873.821765
0.310612,0.268888,0.017812,44.869999,-1.120000,14.910000,1770467873.829785
0.309148,0.269376,0.147132,59.500000,36.540001,12.110000,1770467873.837848
0.324276,0.290360,0.315492,62.230000,75.110001,3.710000,1770467873.845765
0.336964,0.326472,0.508008,59.639999,113.190002,-3.500000,1770467873.853778
0.346480,0.346724,0.734196,51.869999,149.169998,-4.550000,1770467873.861762
0.321592,0.327936,0.930128,36.680000,183.820007,-9.240000,1770467873.869804
0.245952,0.272548,1.110444,24.570000,215.250000,-13.300000,1770467873.877754
0.127856,0.172752,1.326628,14.070000,242.130005,-13.230000,1770467873.885761
-0.063440,0.111508,1.642852,9.800000,266.700012,-7.210000,1770467873.893758
-0.340624,0.131760,2.201612,4.130000,277.339996,-2.520000,1770467873.901884
-0.595848,0.010248,2.593964,-0.980000,262.149994,10.780000,1770467873.909758
-0.774212,-0.131028,2.451956,6.580000,216.929993,35.910000,1770467873.917765
-0.995276,-0.151036,2.004948,5.530000,159.389999,56.770000,1770467873.925767
-1.240252,-0.395768,1.678964,-12.880000,123.059998,37.029999,1770467873.933777
-1.227564,-0.477264,1.454728,-16.100000,83.930000,21.559999,1770467873.941845
-1.241960,-0.437004,1.373476,-19.530001,54.459999,11.550000,1770467873.949762
-1.218536,-0.347700,1.312476,-21.420000,32.759998,-2.940000,1770467873.957743
-1.127036,-0.214232,1.205360,-25.480000,19.110001,-23.799999,1770467873.965762
-0.984540,-0.058316,1.049444,-24.780001,5.880000,-36.820000,1770467873.974029
-0.826672,0.069052,0.903288,-18.340000,-8.750000,-50.540001,1770467873.982248
-0.712480,0.134200,0.781044,-14.000000,-24.219999,-57.820000,1770467873.990082
-0.629520,0.152256,0.667584,-19.040001,-39.200001,-58.380001,1770467873.997878
-0.551196,0.177388,0.567056,-22.120001,-52.080002,-60.200001,1770467874.005778
-0.467748,0.197396,0.475312,-23.799999,-64.889999,-59.639999,1770467874.013763
-0.383324,0.200568,0.390156,-21.209999,-74.129997,-60.970001,1770467874.021763
-0.315492,0.230092,0.309880,-17.360001,-83.650002,-54.669998,1770467874.029955
-0.251808,0.222772,0.257908,-13.790000,-90.510002,-53.549999,1770467874.037801
-0.180804,0.246684,0.215696,-10.220000,-95.900002,-46.480000,1770467874.045771
-0.117120,0.284992,0.186172,-2.940000,-101.010002,-42.349998,1770467874.053752
-0.083448,0.271328,0.176168,8.330000,-108.290001,-45.570000,1770467874.061763
-0.033916,0.284504,0.154452,19.320000,-106.120003,-41.580002,1770467874.069762
0.165676,0.377712,0.142984,52.779999,-121.099998,-21.490000,1770467874.077779
0.190320,0.405528,0.231068,68.949997,-124.879997,9.310000,1770467874.085771
0.189344,0.412360,0.306220,85.959999,-116.269997,11.410000,1770467874.093757
0.191296,0.427244,0.448716,90.440002,-88.550003,20.650000,1770467874.101769
0.176412,0.470188,0.668072,78.820000,-39.340000,26.809999,1770467874.109777
0.162992,0.518988,0.877180,61.110001,23.730000,30.520000,1770467874.117761
0.077592,0.510204,1.040172,42.349998,90.510002,37.450001,1770467874.125763
-0.112240,0.414556,1.249524,25.690001,146.720001,31.360001,1770467874.133759
-0.425536,0.331840,1.614060,9.240000,198.589996,16.309999,1770467874.141757
-0.679540,0.231312,1.936628,7.910000,230.160004,-2.590000,1770467874.149752
-1.049444,0.122732,2.148664,20.090000,237.020004,1.400000,1770467874.157729
-1.424716,-0.124928,2.069120,14.000000,210.070007,-1.680000,1770467874.165753
-1.696776,-0.342576,1.853912,3.640000,140.419998,-15.190000,1770467874.173795
-1.782176,-0.509472,1.701656,7.070000,52.990002,-20.650000,1770467874.181757
-1.680184,-0.585600,1.639192,-4.970000,-35.560001,-24.290001,1770467874.189757
-1.399096,-0.597556,1.611620,-11.130000,-113.120003,-33.740002,1770467874.197749
-1.056032,-0.555100,1.531588,-16.660000,-171.149994,-36.470001,1770467874.205760
-0.696864,-0.492148,1.436184,-27.580000,-204.050003,-38.430000,1770467874.213754
-0.368440,-0.392352,1.341512,-36.959999,-222.949997,-37.869999,1770467874.221755
-0.106872,-0.219844,1.210728,-46.480000,-226.660004,-33.040001,1770467874.229756
0.077104,-0.051972,1.054080,-51.169998,-219.169998,-25.059999,1770467874.237753
0.131760,0.065148,0.890112,-50.889999,-198.869995,-20.230000,1770467874.245752
0.151524,0.090280,0.732976,-51.099998,-167.509995,-22.889999,1770467874.253785
0.497272,0.538264,0.449448,-35.209999,-167.509995,7.840000,1770467874.261887
0.377956,0.355508,0.403576,-16.030001,-149.660004,21.139999,1770467874.269789
0.368440,0.341844,0.313784,-4.550000,-134.750000,32.759998,1770467874.277748
0.354044,0.339160,0.228628,3.850000,-117.879997,33.669998,1770467874.285739
0.350140,0.329644,0.158600,13.090000,-99.680000,32.970001,1770467874.293754
0.335500,0.319396,0.087840,19.530001,-78.470001,30.030001,1770467874.301779
0.304268,0.292068,0.010004,24.290001,-54.250000,25.129999,1770467874.309859
0.270840,0.258884,-0.051240,25.969999,-26.879999,19.950001,1770467874.317783
0.255712,0.239608,-0.082472,30.309999,1.330000,14.770000,1770467874.325761
0.263276,0.227896,-0.040992,29.190001,33.810001,9.100000,1770467874.333766
0.289872,0.234728,0.076860,28.840000,67.620003,5.810000,1770467874.341764
0.323544,0.264252,0.308416,24.430000,106.120003,2.660000,1770467874.349794
0.360144,0.287676,0.647088,20.790001,145.320007,0.770000,1770467874.357746
0.367708,0.261324,0.916464,14.350000,187.039993,-3.850000,1770467874.365762
0.311344,0.172752,1.091900,14.350000,228.270004,-5.670000,1770467874.373757
0.183000,0.089548,1.342488,21.559999,263.130005,-3.360000,1770467874.381762
-0.008052,0.082716,1.690676,27.440001,288.679993,2.380000,1770467874.389775
-0.335500,0.184708,2.236260,22.889999,295.820007,7.840000,1770467874.397904
-0.663192,0.166164,2.619340,9.870000,281.260010,12.810000,1770467874.405761
-0.866444,0.038552,2.384124,4.830000,233.380005,33.740002,1770467874.413764
-1.099464,0.003904,1.781932,-3.010000,174.789993,50.400002,1770467874.421747
-1.361276,-0.302072,1.437648,-29.049999,136.289993,23.870001,1770467874.429800
-1.330532,-0.429440,1.272216,-32.900002,96.529999,12.880000,1770467874.437789
-1.358592,-0.467748,1.290028,-29.959999,66.989998,2.800000,1770467874.445762
-1.370792,-0.419436,1.315892,-33.529999,42.630001,-12.250000,1770467874.453751
-1.290760,-0.299876,1.245132,-36.470001,22.750000,-25.760000,1770467874.461768
-1.149728,-0.155184,1.085068,-39.340000,3.920000,-36.330002,1770467874.469765
-1.005036,-0.030500,0.921588,-38.430000,-18.549999,-48.160000,1770467874.477852
-0.855464,0.049532,0.778848,-33.740002,-37.660000,-59.290001,1770467874.485766
-0.697352,0.093208,0.671732,-23.450001,-56.279999,-63.910000,1770467874.493754
-0.552172,0.136884,0.583160,-9.240000,-74.690002,-68.599998,1770467874.501738
-0.427488,0.171776,0.514840,3.430000,-88.620003,-66.709999,1770467874.509774
-0.309636,0.228628,0.453596,21.770000,-99.750000,-67.900002,1770467874.517759
-0.233264,0.297680,0.401136,39.759998,-109.129997,-64.120003,1770467874.525761
-0.177632,0.333792,0.372344,53.200001,-115.080002,-65.029999,1770467874.533856
-0.152744,0.364292,0.350384,65.519997,-118.160004,-67.480003,1770467874.541782
-0.061488,0.407480,0.305732,72.239998,-118.300003,-58.730000,1770467874.549772
0.207644,0.549976,0.264496,85.190002,-137.199997,-41.299999,1770467874.557745
0.116388,0.458720,0.248880,90.160004,-146.300003,-20.230000,1770467874.565763
0.142740,0.429196,0.199348,83.440002,-151.410004,-6.440000,1770467874.573787
0.151524,0.407480,0.140544,70.769997,-147.839996,6.720000,1770467874.581765
0.164456,0.400892,0.131516,49.630001,-131.179993,17.920000,1770467874.589770
0.169092,0.414800,0.198616,25.200001,-95.199997,26.459999,1770467874.597755
0.165676,0.420900,0.394792,4.340000,-38.639999,30.730000,1770467874.605771
0.145912,0.386740,0.684664,-9.240000,36.750000,31.990000,1770467874.613769
0.045384,0.328424,1.045296,-13.650000,122.430000,29.049999,1770467874.621826
-0.137372,0.229604,1.439356,-15.330000,200.059998,21.980000,1770467874.629759
-0.460184,0.116388,1.841224,-14.910000,264.950012,9.660000,1770467874.637753
-0.765672,0.071736,2.060580,-4.550000,294.910004,9.730000,1770467874.645771
-1.382748,-0.214476,2.229184,-10.990000,305.339996,9.310000,1770467874.653762
-1.763632,-0.390400,1.992992,-19.110001,248.500000,-14.350000,1770467874.661751
-2.074000,-0.563884,1.813408,-23.450001,150.919998,-9.450000,1770467874.669866
-2.156960,-0.667340,1.633336,-31.430000,36.540001,-21.139999,1770467874.677784
-1.977864,-0.717360,1.525976,-38.150002,-74.760002,-25.270000,1770467874.685757
-1.582096,-0.646112,1.461804,-39.410000,-160.440002,-30.240000,1770467874.693760
-1.171200,-0.503616,1.372744,-39.200001,-218.539993,-35.560001,1770467874.701953
-0.779336,-0.339892,1.286124,-42.209999,-249.270004,-34.230000,1770467874.709757
-0.436516,-0.161772,1.189500,-45.570000,-261.940002,-35.980000,1770467874.717754
-0.171532,0.010980,1.048224,-50.680000,-261.029999,-28.629999,1770467874.725762
0.010004,0.153476,0.874740,-50.330002,-251.509995,-23.590000,1770467874.733928
0.065880,0.206912,0.707112,-50.680000,-233.729996,-24.990000,1770467874.741760
0.080764,0.293776,0.516548,-45.990002,-211.259995,-24.709999,1770467874.749777
0.328912,0.442128,0.362584,-23.590000,-212.869995,15.890000,1770467874.757747
0.336720,0.432856,0.273768,-16.309999,-203.839996,24.780001,1770467874.765756
0.346236,0.402356,0.184708,-14.210000,-192.850006,33.950001,1770467874.773815
0.372832,0.382104,0.106872,-12.250000,-178.779999,31.430000,1770467874.781770
0.390644,0.363560,0.036600,-7.000000,-161.630005,30.870001,1770467874.789753
0.395768,0.327204,-0.031476,3.290000,-138.110001,29.049999,1770467874.797753
0.382104,0.283040,-0.100284,17.010000,-111.860001,25.549999,1770467874.805772
0.365512,0.249124,-0.122976,31.570000,-80.010002,19.530001,1770467874.813760
0.377224,0.230336,-0.060024,45.919998,-43.259998,14.700000,1770467874.821922
0.418460,0.247904,0.074908,53.410000,-3.710000,10.290000,1770467874.829767
0.466528,0.280844,0.269864,53.549999,37.730000,7.910000,1770467874.837762
0.508984,0.295728,0.508008,47.669998,79.940002,6.440000,1770467874.845765
0.525576,0.285724,0.771528,36.119999,124.949997,6.790000,1770467874.853801
0.506788,0.244976,0.993812,30.799999,170.380005,0.000000,1770467874.861767
0.450180,0.155672,1.169736,28.350000,214.690002,-4.480000,1770467874.869755
0.362584,0.016348,1.384700,34.020000,254.800003,-5.530000,1770467874.877758
0.189344,-0.042944,1.714588,45.570000,290.500000,3.430000,1770467874.885752
-0.036844,0.008052,2.311412,44.240002,310.239990,9.100000,1770467874.893797
-0.314760,-0.124928,2.766472,33.110001,303.660004,21.770000,1770467874.901937
-0.552416,-0.194712,2.584692,28.350000,266.700012,44.380001,1770467874.909758
-0.766404,-0.193248,2.169892,22.889999,203.000000,60.060001,1770467874.917806
-1.124596,-0.462136,1.779248,-0.630000,182.279999,41.369999,1770467874.925783
-1.135576,-0.462380,1.461560,-7.070000,144.410004,22.540001,1770467874.933756
-1.200724,-0.391864,1.349564,-7.420000,118.230003,4.130000,1770467874.941762
-1.238300,-0.278892,1.315404,-15.820000,92.540001,-11.480000,1770467874.949757
-1.220244,-0.163480,1.253428,-23.799999,71.330002,-28.209999,1770467874.957853
-1.153388,-0.063928,1.102392,-37.099998,52.290001,-37.520000,1770467874.965759
-1.050420,0.008052,0.898652,-46.549999,26.600000,-44.660000,1770467874.974512
-0.944524,0.069052,0.720776,-54.740002,3.010000,-51.310001,1770467874.981900
-0.841068,0.089060,0.584136,-54.669998,-21.209999,-58.169998,1770467874.989970
-0.735416,0.106872,0.496784,-50.400002,-41.020000,-59.639999,1770467874.997770
-0.625372,0.124928,0.427976,-39.549999,-59.290001,-60.619999,1770467875.005773
-0.527528,0.162016,0.350628,-26.110001,-72.309998,-61.320000,1770467875.013722
-0.433832,0.216184,0.281088,-10.080000,-83.650002,-59.430000,1770467875.021807
-0.346968,0.283284,0.235948,4.550000,-94.639999,-56.700001,1770467875.029792
-0.287920,0.327204,0.210084,15.540000,-104.790001,-55.369999,1770467875.037770
-0.248148,0.381372,0.195200,22.540001,-113.120003,-59.849998,1770467875.045768
-0.134688,0.474824,0.165432,32.340000,-119.980003,-49.209999,1770467875.053777
0.061976,0.613172,0.142008,48.020000,-140.910004,-36.750000,1770467875.061892
0.109556,0.571936,0.189100,61.880001,-154.070007,-14.700000,1770467875.069805
0.139568,0.561200,0.214476,72.449997,-159.529999,0.490000,1770467875.077761
0.166408,0.532652,0.244732,76.650002,-154.070007,13.790000,1770467875.085752
0.189100,0.517036,0.327204,66.639999,-132.509995,23.660000,1770467875.093750
0.202032,0.537776,0.492392,46.619999,-90.160004,32.200001,1770467875.101827
0.225456,0.569252,0.688080,21.840000,-27.790001,40.250000,1770467875.109761
0.219356,0.535336,0.896700,3.010000,43.959999,45.430000,1770467875.117755
0.115900,0.428952,1.110688,-12.740000,111.930000,45.220001,1770467875.125751
-0.098820,0.320128,1.453752,-21.559999,178.289993,35.770000,1770467875.133736
-0.477264,0.186660,1.880020,-21.980000,242.899994,13.790000,1770467875.141768
-0.668072,0.039040,2.187704,-7.770000,269.079987,14.490000,1770467875.149791
-1.025288,-0.052460,2.119872,-5.460000,250.039993,25.129999,1770467875.157773
-1.500600,-0.366976,1.925160,-16.240000,201.809998,9.310000,1770467875.165762
-1.700680,-0.564372,1.695068,-15.680000,125.720001,7.490000,1770467875.173753
-1.767536,-0.666120,1.561600,-17.219999,36.189999,-1.050000,1770467875.181755
-1.635532,-0.680272,1.491084,-17.219999,-52.990002,-12.810000,1770467875.189755
-1.340536,-0.604388,1.421300,-17.990000,-128.449997,-22.120001,1770467875.197747
-0.992348,-0.485804,1.328824,-14.910000,-177.520004,-27.860001,1770467875.205802
-0.645136,-0.335744,1.239276,-15.680000,-204.399994,-30.240000,1770467875.213736
-0.358192,-0.179096,1.141920,-16.940001,-217.490005,-29.190001,1770467875.221755
-0.124196,-0.018788,1.007964,-25.480000,-218.330002,-19.670000,1770467875.229759
0.028548,0.110776,0.830088,-34.230000,-209.649994,-10.220000,1770467875.237751
0.074420,0.148596,0.673196,-38.639999,-193.410004,-4.060000,1770467875.245755
0.089060,0.116876,0.528748,-43.540001,-169.539993,-6.860000,1770467875.253754
0.376248,0.300608,0.366732,-37.450001,-161.630005,11.130000,1770467875.261767
0.293532,0.233020,0.315248,-29.330000,-145.320007,29.750000,1770467875.269852
0.302316,0.224968,0.250832,-21.420000,-130.550003,33.669998,1770467875.277757
0.296460,0.233752,0.194712,-16.309999,-115.639999,38.779999,1770467875.285740
0.296948,0.237900,0.152012,-8.470000,-97.790001,37.029999,1770467875.293753
0.296216,0.213256,0.121024,6.090000,-77.070000,34.439999,1770467875.301799
0.284260,0.162016,0.085156,22.120001,-50.889999,28.700001,1770467875.309916
0.267912,0.133468,0.056120,38.779999,-25.900000,22.049999,1770467875.317755
0.278404,0.140544,0.102724,53.549999,3.780000,17.709999,1770467875.325764
0.307684,0.176656,0.228628,56.560001,36.049999,13.090000,1770467875.333762
0.336964,0.240828,0.438956,55.230000,70.000000,12.250000,1770467875.341770
0.371612,0.292312,0.730536,41.090000,107.309998,7.910000,1770467875.349835
0.375028,0.281088,0.956236,23.520000,147.070007,8.050000,1770467875.357740
0.313296,0.186416,1.075552,14.770000,183.960007,8.190000,1770467875.365764
0.212524,0.091500,1.259528,11.480000,217.070007,13.440000,1770467875.373771
0.080032,0.074420,1.580632,13.860000,244.020004,15.330000,1770467875.381888
-0.112972,0.146156,2.084736,9.800000,258.929993,17.570000,1770467875.389766
-0.321104,0.082960,2.482212,1.470000,251.229996,28.840000,1770467875.397751
-0.562176,-0.071492,2.484408,0.770000,219.309998,44.590000,1770467875.405781
-0.688568,-0.097356,2.104012,1.890000,166.600006,62.580002,1770467875.413902
-1.015040,-0.225212,1.772904,-6.510000,139.089996,69.440002,1770467875.421759
-1.070184,-0.306952,1.474004,-24.920000,119.070000,27.160000,1770467875.429781
-1.064816,-0.333060,1.345416,-23.660000,98.839996,9.730000,1770467875.437756
-1.081408,-0.298900,1.307840,-26.530001,85.260002,-3.920000,1770467875.445765
-1.086532,-0.244244,1.249280,-30.309999,70.769997,-22.469999,1770467875.453759
-1.039440,-0.148596,1.134356,-39.549999,56.840000,-31.990000,1770467875.461770
-0.979172,-0.037088,0.973316,-46.759998,38.779999,-40.529999,1770467875.469901
-0.907436,0.027328,0.836188,-52.779999,18.549999,-48.160000,1770467875.477764
-0.822524,0.055632,0.723460,-52.779999,-0.560000,-51.099998,1770467875.485769
-0.729072,0.091012,0.617564,-44.450001,-19.110001,-53.759998,1770467875.493784
-0.635620,0.119072,0.532408,-30.240000,-34.439999,-55.439999,1770467875.501793
-0.525820,0.162992,0.438712,-14.140000,-50.049999,-57.750000,1770467875.509775
-0.436028,0.206424,0.346480,3.570000,-66.360001,-57.610001,1770467875.517759
-0.338184,0.252052,0.270596,23.450001,-78.400002,-59.220001,1770467875.525752
-0.253760,0.295972,0.240340,44.099998,-90.089996,-57.189999,1770467875.533775
-0.205936,0.319640,0.243756,61.669998,-98.000000,-60.270000,1770467875.541780
-0.149572,0.377468,0.248148,75.739998,-98.980003,-60.900002,1770467875.549767
-0.029768,0.453596,0.238632,89.110001,-104.580002,-50.889999,1770467875.557742
0.085644,0.468968,0.258640,98.980003,-126.769997,-20.090000,1770467875.565762
0.105164,0.471896,0.252784,96.879997,-132.300003,-3.500000,1770467875.573764
0.105164,0.450424,0.230336,81.410004,-128.100006,16.170000,1770467875.581865
0.099064,0.428220,0.238144,58.660000,-111.440002,27.160000,1770467875.589768
0.085400,0.424560,0.311832,36.680000,-76.860001,36.540001,1770467875.597757
0.073688,0.431392,0.460428,16.660000,-21.139999,38.220001,1770467875.605785
0.051972,0.391376,0.660508,3.080000,50.049999,34.439999,1770467875.613759
-0.052216,0.283040,0.953308,-8.120000,123.760002,34.090000,1770467875.621760
-0.244488,0.159576,1.274168,-13.090000,191.520004,24.150000,1770467875.629781
-0.492880,0.040992,1.650660,-2.310000,251.089996,15.820000,1770467875.637809
-0.808128,-0.021960,1.999580,24.219999,281.470001,20.650000,1770467875.645756
-1.496696,-0.395524,2.213324,22.540001,300.230011,10.500000,1770467875.653768
-1.779492,-0.469212,2.019832,21.000000,241.710007,7.490000,1770467875.661774
-2.044476,-0.575352,1.851960,13.440000,147.979996,4.060000,1770467875.669759
-2.100108,-0.621956,1.677012,-3.780000,35.000000,-3.710000,1770467875.677819
-1.901980,-0.634644,1.558916,-16.450001,-79.800003,-16.730000,1770467875.685793
-1.537688,-0.559736,1.490108,-30.100000,-162.330002,-13.370000,1770467875.693817
-1.145824,-0.443348,1.428132,-36.330002,-213.080002,-21.000000,1770467875.701750
-0.765428,-0.313296,1.352980,-46.200001,-239.539993,-21.350000,1770467875.709779
-0.461648,-0.183732,1.253184,-54.320000,-247.940002,-23.940001,1770467875.717759
-0.204960,-0.059048,1.108492,-59.570000,-245.839996,-18.340000,1770467875.725748
-0.009516,0.057828,0.938424,-60.410000,-234.080002,-8.890000,1770467875.733763
0.083692,0.145424,0.763720,-52.779999,-214.270004,-6.860000,1770467875.741774
0.094672,0.142008,0.636352,-46.619999,-186.830002,-8.470000,1770467875.749831
0.569496,0.581696,0.365512,-31.780001,-179.410004,5.110000,1770467875.757744
0.314028,0.490440,0.354288,-6.650000,-173.110001,15.680000,1770467875.765753
0.319396,0.517768,0.281576,2.870000,-162.750000,28.350000,1770467875.773767
0.320860,0.505324,0.215940,9.660000,-152.669998,30.730000,1770467875.781774
0.326228,0.487512,0.158356,10.640000,-140.070007,27.719999,1770467875.789857
0.322080,0.453596,0.104188,10.430000,-122.639999,29.049999,1770467875.797756
0.309392,0.401868,0.023912,12.810000,-101.639999,21.070000,1770467875.805775
0.278160,0.345748,-0.054168,13.580000,-77.769997,20.299999,1770467875.813792
0.275720,0.309148,-0.100772,18.340000,-50.470001,6.860000,1770467875.821771
0.296704,0.304756,-0.082228,19.670000,-20.230000,1.330000,1770467875.829764
0.347212,0.328424,0.040748,21.629999,16.799999,-3.710000,1770467875.837788
0.429928,0.358192,0.299632,20.860001,56.980000,-4.620000,1770467875.845823
0.515328,0.364292,0.610732,17.780001,99.959999,-4.200000,1770467875.853768
0.552172,0.298412,0.850096,19.320000,142.309998,-5.810000,1770467875.861773
0.527284,0.201544,1.023092,23.870001,184.520004,-7.770000,1770467875.869816
0.448716,0.142740,1.211704,36.750000,227.710007,-5.600000,1770467875.877765
0.270596,0.099064,1.490108,45.009998,267.609985,-2.730000,1770467875.885760
-0.002684,0.153232,1.905396,42.630001,299.320007,2.660000,1770467875.893767
-0.272060,0.195444,2.382904,23.870001,314.790009,4.830000,1770467875.901769
-0.532652,-0.001220,2.569808,7.350000,299.950012,22.049999,1770467875.909792
-0.717848,-0.152744,2.252852,5.740000,258.720001,49.700001,1770467875.917757
-0.996252,-0.203008,1.838540,-1.330000,206.639999,71.820000,1770467875.925760
-1.291248,-0.476532,1.531588,-32.410000,172.970001,30.170000,1770467875.933764
-1.323944,-0.579012,1.349564,-30.660000,135.589996,28.700001,1770467875.941887
-1.366400,-0.532896,1.283196,-30.100000,101.080002,5.460000,1770467875.949779
-1.350540,-0.444812,1.221952,-31.290001,73.290001,-10.990000,1770467875.957749
-1.257576,-0.297680,1.095316,-31.010000,50.189999,-25.129999,1770467875.965763
-1.123620,-0.134932,0.952820,-27.790001,31.780001,-37.520000,1770467875.974083
-0.976976,-0.004880,0.851072,-20.650000,14.280000,-53.270000,1770467875.981939
-0.839360,0.104188,0.768112,-8.540000,-1.330000,-63.700001,1770467875.989987
-0.725412,0.185928,0.707356,3.780000,-12.460000,-64.120003,1770467875.997763
-0.606828,0.242292,0.642208,19.320000,-27.299999,-70.629997,1770467876.006083
-0.512156,0.285480,0.573156,31.570000,-39.130001,-64.470001,1770467876.013877
-0.451400,0.329400,0.502884,43.610001,-51.240002,-63.980000,1770467876.021760
-0.406260,0.342332,0.432856,52.009998,-62.860001,-69.019997,1770467876.029779
-0.295240,0.434320,0.328912,59.430000,-73.989998,-56.910000,1770467876.037799
-0.269864,0.441152,0.274744,62.090000,-88.550003,-46.619999,1770467876.045769
-0.217648,0.454084,0.226432,59.009998,-102.129997,-34.509998,1770467876.053773
-0.173240,0.452864,0.183488,53.830002,-114.730003,-27.650000,1770467876.061834
-0.122244,0.439200,0.132492,47.529999,-125.089996,-23.030001,1770467876.069831
-0.026352,0.475556,0.090280,47.250000,-132.089996,-17.430000,1770467876.077756
0.110532,0.505080,0.075884,47.880001,-139.720001,-4.270000,1770467876.085755
0.068076,0.485560,0.111264,41.860001,-129.220001,13.440000,1770467876.093751
0.061488,0.479948,0.198616,30.590000,-97.440002,22.959999,1770467876.101878
0.047336,0.476776,0.398940,16.309999,-40.599998,33.180000,1770467876.109813
0.003172,0.434320,0.696132,4.760000,36.330002,33.320000,1770467876.117739
-0.101016,0.324276,1.024312,-11.900000,116.620003,29.820000,1770467876.125802
-0.279868,0.174704,1.333704,-28.420000,189.419998,22.889999,1770467876.133743
-0.521672,0.038308,1.607716,-34.299999,242.339996,17.570000,1770467876.141751
-0.873276,-0.015860,1.792424,-18.340000,267.049988,20.860001,1770467876.149756
-1.572336,-0.403332,1.963956,-19.530001,283.570007,-9.240000,1770467876.157730
-1.836344,-0.544608,1.877336,-12.530000,223.020004,-7.770000,1770467876.165759
-2.131096,-0.619516,1.753628,-15.120000,125.860001,-9.380000,1770467876.173748
-2.202100,-0.703452,1.594540,-24.430000,6.440000,-11.550000,1770467876.181816
-1.960540,-0.737612,1.479860,-28.910000,-101.430000,-15.050000,1770467876.189756
-1.568432,-0.649284,1.436672,-24.780001,-180.880005,-22.680000,1770467876.197748
-1.145336,-0.482144,1.398852,-21.980000,-229.809998,-25.270000,1770467876.205771
-0.760060,-0.283040,1.357860,-21.350000,-252.630005,-31.010000,1770467876.213769
-0.436516,-0.092964,1.270508,-23.590000,-260.049988,-30.940001,1770467876.221811
-0.167384,0.059292,1.122400,-27.440001,-253.610001,-26.950001,1770467876.229758
0.008784,0.153720,0.909876,-30.030001,-242.759995,-18.549999,1770467876.237727
0.056364,0.175436,0.705404,-28.000000,-219.309998,-18.340000,1770467876.245754
0.073688,0.176412,0.507276,-24.219999,-191.940002,-20.580000,1770467876.253758
0.265228,0.421388,0.319152,-4.270000,-186.759995,23.100000,1770467876.261755
0.297680,0.511424,0.211060,6.930000,-179.479996,31.500000,1770467876.269770
0.284016,0.552904,0.127368,10.430000,-170.309998,39.410000,1770467876.277809
0.284748,0.557296,0.096380,7.350000,-158.759995,39.340000,1770467876.285743
0.299388,0.529968,0.083692,8.190000,-146.089996,35.770000,1770467876.293754
0.315736,0.487756,0.058804,11.410000,-127.330002,32.549999,1770467876.301762
0.305488,0.437004,-0.001708,19.320000,-105.629997,21.629999,1770467876.309823
0.294752,0.388692,-0.046360,31.360001,-79.309998,13.440000,1770467876.317799
0.300364,0.371368,-0.045140,42.209999,-49.419998,3.570000,1770467876.325797
0.320372,0.366000,0.026352,48.439999,-16.309999,-4.830000,1770467876.333758
0.366000,0.375760,0.166408,45.639999,17.990000,-13.370000,1770467876.341761
0.406016,0.395524,0.372100,42.209999,54.389999,-19.250000,1770467876.349795
0.437248,0.387716,0.616588,32.759998,93.309998,-18.690001,1770467876.357908
0.424316,0.331840,0.832772,25.059999,137.619995,-19.320000,1770467876.365757
0.371124,0.234972,1.041636,18.340000,181.929993,-16.240000,1770467876.373756
0.283040,0.134444,1.324920,11.900000,224.070007,-8.330000,1770467876.381761
0.117120,0.077836,1.728008,3.430000,254.940002,-4.340000,1770467876.389755
-0.121756,0.107116,2.327028,-7.980000,278.250000,-1.050000,1770467876.397813
-0.343796,0.027816,2.778428,-22.540001,283.920013,8.260000,1770467876.405771
-0.588772,-0.219600,2.703520,-16.590000,266.140015,37.799999,1770467876.413799
-0.728340,-0.257908,2.150128,-1.540000,220.779999,62.160000,1770467876.421753
-1.264896,-0.559736,1.839516,-11.830000,189.139999,70.559998,1770467876.429814
-1.246596,-0.544608,1.395436,-24.570000,143.990005,33.950001,1770467876.438356
-1.288808,-0.532408,1.275144,-31.430000,111.160004,14.420000,1770467876.446007
-1.307352,-0.451156,1.279536,-29.540001,83.089996,3.150000,1770467876.454166
-1.253916,-0.304512,1.256844,-26.879999,62.230000,-13.300000,1770467876.461829
-1.143384,-0.124196,1.145336,-22.680000,42.630001,-27.299999,1770467876.469768
-1.022116,0.029524,0.992348,-17.570000,21.910000,-33.389999,1770467876.477753
-0.904264,0.160552,0.855464,-12.530000,3.360000,-49.070000,1770467876.485800
-0.774700,0.245220,0.758596,-5.390000,-11.690000,-55.090000,1770467876.493903
-0.659288,0.295728,0.676124,2.100000,-23.799999,-55.930000,1770467876.501745
-0.552172,0.332816,0.597312,10.990000,-36.049999,-56.139999,1770467876.509805
-0.468968,0.333548,0.505324,18.549999,-48.230000,-52.220001,1770467876.517787
-0.412116,0.324520,0.397720,24.920000,-61.880001,-52.990002,1770467876.525755
-0.360632,0.310368,0.292800,25.410000,-73.570000,-51.310001,1770467876.533743
-0.281332,0.369904,0.197152,29.680000,-88.410004,-44.799999,1770467876.541872
-0.236680,0.391864,0.141520,29.540001,-101.220001,-43.889999,1770467876.549796
-0.173484,0.412360,0.098820,29.680000,-114.940002,-46.270000,1770467876.557758
-0.120780,0.392352,0.086376,27.860001,-126.070000,-47.320000,1770467876.565762
-0.031720,0.438224,0.066368,32.340000,-129.360001,-52.290001,1770467876.573755
0.204960,0.512156,0.061732,46.619999,-142.940002,-26.389999,1770467876.581793
0.175924,0.514840,0.101748,55.020000,-137.130005,-7.210000,1770467876.589772
0.187880,0.493124,0.135664,53.619999,-118.860001,12.180000,1770467876.597756
0.198616,0.452620,0.197884,44.869999,-84.559998,27.230000,1770467876.605843
0.186416,0.405040,0.350628,35.560001,-29.959999,36.330002,1770467876.613773
0.138104,0.345016,0.586088,23.730000,45.009998,45.430000,1770467876.621783
0.039528,0.243024,0.861320,8.680000,126.559998,42.560001,1770467876.629766
-0.152256,0.127856,1.167296,-9.240000,201.600006,43.330002,1770467876.637788
-0.438224,0.026352,1.513776,-27.650000,266.489990,28.700001,1770467876.645766
-0.656360,-0.038308,1.778760,-26.110001,308.489990,26.600000,1770467876.653762
-1.305400,-0.346724,2.063020,-4.690000,351.679993,39.130001,1770467876.661815
-1.656760,-0.568032,2.018124,-4.410000,329.000000,26.600000,1770467876.669758
-2.099620,-0.629520,1.849032,-1.890000,241.500000,23.870001,1770467876.677769
-2.341424,-0.637816,1.658468,-14.140000,121.940002,18.760000,1770467876.685903
-2.301652,-0.617808,1.498892,-25.549999,-3.640000,8.540000,1770467876.693797
-1.947852,-0.504836,1.428620,-23.240000,-117.529999,0.980000,1770467876.701761
-1.532076,-0.322080,1.391044,-19.180000,-190.539993,-5.880000,1770467876.709808
-1.143140,-0.163480,1.335656,-18.340000,-228.690002,-16.590000,1770467876.717759
-0.778360,-0.024400,1.259772,-19.459999,-244.509995,-24.500000,1770467876.725762
-0.483364,0.104188,1.150216,-21.559999,-244.860001,-28.629999,1770467876.733757
-0.219600,0.188368,1.005036,-21.910000,-237.160004,-24.360001,1770467876.741850
-0.033428,0.238144,0.833504,-21.350000,-225.889999,-18.549999,1770467876.749795
0.013908,0.235704,0.680028,-14.350000,-206.220001,-16.730000,1770467876.757764
0.049532,0.276940,0.514108,-6.580000,-182.139999,-18.129999,1770467876.765765
0.304512,0.471164,0.370392,10.220000,-188.509995,10.080000,1770467876.773809
0.280600,0.560956,0.305732,18.200001,-174.649994,28.070000,1770467876.781850
0.292068,0.585356,0.242292,16.799999,-160.860001,29.959999,1770467876.789761
0.300608,0.600972,0.171776,12.880000,-148.539993,25.900000,1770467876.797757
0.311832,0.581940,0.103944,10.640000,-134.750000,27.719999,1770467876.805747
0.318420,0.540460,0.027572,10.360000,-118.019997,17.360001,1770467876.813772
0.308172,0.496052,-0.045140,11.550000,-97.230003,13.580000,1770467876.821867
0.304512,0.467992,-0.121024,13.300000,-70.699997,2.100000,1770467876.829776
0.315492,0.469700,-0.141032,14.630000,-37.450001,0.420000,1770467876.837758
0.347944,0.480680,-0.081496,10.780000,2.660000,-1.260000,1770467876.845761
0.390400,0.487512,0.096624,7.070000,48.439999,-1.260000,1770467876.853762
0.450180,0.476044,0.395036,3.220000,97.510002,0.350000,1770467876.861902
0.468236,0.426756,0.658556,-2.450000,148.960007,0.490000,1770467876.869771
0.402112,0.309392,0.869860,-0.630000,201.460007,11.410000,1770467876.877762
0.267424,0.200080,1.166320,-5.740000,250.460007,15.120000,1770467876.885765
0.065148,0.144204,1.523536,-15.540000,291.899994,21.980000,1770467876.893796
-0.207644,0.082472,2.016660,-27.230000,322.279999,18.830000,1770467876.901773
-0.608048,0.021472,2.641788,-38.360001,344.470001,19.040001,1770467876.909811
-0.814716,-0.222040,2.701324,-36.189999,327.390015,38.009998,1770467876.917764
-1.129720,-0.343064,2.087908,-24.780001,273.559998,68.110001,1770467876.925854
-1.540128,-0.716628,1.498892,-39.970001,214.059998,43.330002,1770467876.933769
-1.563796,-0.828136,1.184620,-35.910000,149.520004,26.670000,1770467876.941769
-1.612596,-0.781044,1.163148,-26.740000,84.419998,18.059999,1770467876.949765
-1.574044,-0.609512,1.285636,-13.440000,36.400002,6.930000,1770467876.957807
-1.430084,-0.365268,1.322724,-6.650000,7.000000,-7.000000,1770467876.965760
-1.223904,-0.110288,1.227076,-3.570000,-17.360001,-22.820000,1770467876.974512
-1.019188,0.089792,1.067988,-0.560000,-31.219999,-34.369999,1770467876.982070
-0.850584,0.214964,0.929396,3.080000,-38.990002,-46.060001,1770467876.989889
-0.705404,0.286456,0.815448,10.990000,-41.509998,-53.200001,1770467876.997764
-0.584136,0.324276,0.711504,17.430000,-43.540001,-54.669998,1770467877.005904
-0.502884,0.334768,0.606340,24.080000,-45.430000,-49.770000,1770467877.013770
-0.435540,0.331596,0.497516,28.420000,-53.130001,-47.599998,1770467877.021766
-0.386008,0.337452,0.386008,30.590000,-59.990002,-40.459999,1770467877.029831
-0.339648,0.361852,0.295484,31.080000,-72.870003,-38.849998,1770467877.037778
-0.290604,0.380640,0.238876,31.290001,-84.910004,-39.060001,1770467877.045775
-0.255224,0.395036,0.200080,30.309999,-97.089996,-36.750000,1770467877.053823
-0.228872,0.415044,0.160552,29.680000,-105.209999,-45.150002,1770467877.061800
-0.129808,0.431392,0.125904,31.010000,-111.440002,-40.389999,1770467877.069773
-0.050752,0.462380,0.088084,35.209999,-121.379997,-37.380001,1770467877.077760
0.084424,0.507276,0.033916,42.419998,-131.389999,-18.129999,1770467877.085756
0.080276,0.483364,0.080520,44.310001,-132.160004,-8.540000,1770467877.093769
0.084912,0.458232,0.109556,39.970001,-117.110001,11.760000,1770467877.101836
0.079056,0.442128,0.193492,25.059999,-83.440002,21.420000,1770467877.110106
0.055632,0.418460,0.366488,13.650000,-29.959999,33.459999,1770467877.117831
-0.004148,0.366244,0.641476,0.910000,44.730000,45.290001,1770467877.125783
-0.137372,0.286944,0.953064,-15.190000,121.519997,43.959999,1770467877.133751
-0.352824,0.206668,1.251720,-30.799999,194.179993,42.840000,1770467877.141763
-0.627568,0.084424,1.478640,-39.200001,256.690002,30.940001,1770467877.149749
-0.992592,0.080276,1.628456,-22.889999,298.829987,32.619999,1770467877.157761
-1.608204,-0.453596,1.912716,-20.650000,317.589996,21.490000,1770467877.165771
-1.882460,-0.518500,1.801452,-14.210000,253.470001,14.210000,1770467877.173737
-2.195756,-0.577548,1.697996,-14.140000,150.080002,17.360001,1770467877.181756
-2.300432,-0.655140,1.597712,-23.030001,31.290001,12.740000,1770467877.189750
-2.084492,-0.677344,1.483764,-25.340000,-87.639999,4.690000,1770467877.197748
-1.674328,-0.564616,1.412272,-21.209999,-174.089996,0.420000,1770467877.205754
-1.239520,-0.369660,1.340292,-16.030001,-225.750000,-8.120000,1770467877.213898
-0.860588,-0.169336,1.270020,-14.350000,-251.300003,-13.230000,1770467877.221740
-0.531676,0.019764,1.188036,-15.890000,-258.720001,-19.879999,1770467877.229876
-0.246196,0.148840,1.077260,-20.230000,-256.480011,-16.520000,1770467877.237792
-0.046360,0.228384,0.905972,-24.010000,-246.470001,-12.600000,1770467877.245763
0.044652,0.237168,0.726632,-24.080000,-232.399994,-11.550000,1770467877.253740
0.079300,0.203984,0.561200,-19.670000,-207.270004,-14.280000,1770467877.261748
0.463600,0.495808,0.377956,-2.100000,-208.740005,5.950000,1770467877.269769
0.336476,0.477264,0.315004,13.020000,-196.070007,22.959999,1770467877.277758
0.350140,0.520452,0.274012,17.430000,-181.369995,26.600000,1770467877.285851
0.360876,0.543144,0.221796,18.760000,-167.300003,29.469999,1770467877.293770
0.375516,0.550464,0.157136,18.900000,-152.179993,23.520000,1770467877.301760
0.376004,0.528992,0.091744,21.980000,-134.750000,21.070000,1770467877.309787
0.367464,0.493612,0.022936,23.240000,-111.300003,15.120000,1770467877.317809
0.349164,0.454572,-0.062708,22.959999,-85.330002,9.730000,1770467877.325755
0.348188,0.421632,-0.114436,19.250000,-52.990002,4.270000,1770467877.333756
0.372100,0.404796,-0.094916,13.230000,-13.860000,-1.400000,1770467877.341761
0.416996,0.398208,0.056364,10.010000,34.439999,-3.920000,1770467877.349825
0.470920,0.370880,0.312320,9.100000,84.839996,-9.100000,1770467877.357755
0.488488,0.289872,0.594384,12.530000,140.699997,-7.350000,1770467877.365750
0.443592,0.189588,0.832528,16.309999,195.929993,-2.940000,1770467877.373760
0.347700,0.070516,1.133380,18.690001,244.929993,-0.140000,1770467877.381764
0.186172,0.058560,1.527684,9.240000,288.820007,8.400000,1770467877.389843
-0.075396,0.126392,2.078148,-0.700000,328.929993,8.610000,1770467877.397792
-0.398696,0.177388,2.721332,-19.459999,354.339996,15.400000,1770467877.405763
-0.689056,-0.054656,2.896524,-32.970001,350.209991,34.439999,1770467877.413796
-0.863760,-0.236924,2.373144,-23.450001,300.160004,57.889999,1770467877.421766
-1.175104,-0.309636,1.670180,-16.660000,242.479996,82.599998,1770467877.429761
-1.484252,-0.578036,1.282708,-32.480000,186.830002,33.110001,1770467877.437788
-1.509872,-0.618540,1.104100,-30.240000,132.580002,22.400000,1770467877.445764
-1.505724,-0.531676,1.135820,-26.670000,86.660004,1.330000,1770467877.453765
-1.421056,-0.385764,1.178764,-17.990000,53.759998,-8.820000,1770467877.461755
-1.251232,-0.192760,1.135088,-8.470000,27.299999,-29.469999,1770467877.469808
-1.089948,0.000976,1.022848,-2.030000,8.400000,-38.220001,1770467877.477800
-0.940132,0.140544,0.904996,6.090000,-7.000000,-52.220001,1770467877.485763
-0.809348,0.246196,0.793000,10.990000,-17.780001,-59.849998,1770467877.493760
-0.705160,0.314516,0.681736,16.309999,-26.459999,-55.930000,1770467877.501764
-0.608536,0.356728,0.566568,21.700001,-35.700001,-56.209999,1770467877.509866
-0.521916,0.380152,0.466284,24.570000,-47.669998,-55.160000,1770467877.517788
-0.460184,0.388448,0.361364,28.420000,-59.360001,-52.639999,1770467877.525759
-0.407724,0.400892,0.272304,31.570000,-71.400002,-56.139999,1770467877.533741
-0.314272,0.436516,0.201300,36.049999,-81.760002,-57.259998,1770467877.541869
-0.245464,0.473848,0.176168,40.110001,-92.120003,-51.799999,1770467877.549784
-0.197640,0.482144,0.175680,42.770000,-99.750000,-50.189999,1770467877.557874
-0.153964,0.471164,0.163724,44.450001,-102.199997,-49.419998,1770467877.565746
-0.074420,0.467748,0.150548,45.220001,-103.459999,-44.029999,1770467877.573766
0.017812,0.457988,0.142984,47.740002,-102.760002,-29.400000,1770467877.581766
0.081984,0.468968,0.145424,44.169998,-103.320000,-5.040000,1770467877.589791
0.068808,0.457012,0.167872,36.959999,-87.220001,11.900000,1770467877.597886
0.040504,0.433832,0.216184,24.920000,-56.980000,26.250000,1770467877.605759
-0.023912,0.402112,0.339892,13.580000,-3.360000,35.279999,1770467877.613790
-0.127368,0.351848,0.558760,4.900000,65.730003,45.290001,1770467877.621764
-0.290116,0.312564,0.869128,-7.560000,137.199997,44.310001,1770467877.629766
-0.524844,0.277916,1.194868,-31.430000,202.789993,38.639999,1770467877.637838
-0.826428,0.213500,1.433988,-52.009998,256.619995,26.459999,1770467877.645784
-1.175348,0.129076,1.638948,-53.340000,288.119995,21.070000,1770467877.653760
-1.716296,-0.494832,1.945412,-47.529999,283.570007,22.959999,1770467877.661885
-2.090348,-0.652944,1.838784,-26.809999,214.339996,16.030001,1770467877.669775
-2.394616,-0.774944,1.687016,-22.120001,105.839996,16.590000,1770467877.677751
-2.417064,-0.838872,1.507432,-25.129999,-20.860001,6.370000,1770467877.685749
-2.086688,-0.825208,1.386408,-22.959999,-142.660004,-4.200000,1770467877.693780
-1.626504,-0.709064,1.345904,-15.120000,-223.089996,-9.450000,1770467877.701762
-1.168760,-0.540704,1.308572,-10.220000,-267.470001,-21.700001,1770467877.709852
-0.759816,-0.341112,1.259772,-5.670000,-286.510010,-32.340000,1770467877.717761
-0.422608,-0.126148,1.205360,-4.130000,-285.600006,-39.410000,1770467877.725764
-0.152012,0.076616,1.116788,-4.550000,-274.260010,-41.020000,1770467877.733779
0.039284,0.248880,0.982344,-6.090000,-254.729996,-40.880001,1770467877.741761
0.079544,0.282064,0.824476,-7.770000,-227.080002,-42.700001,1770467877.749767
0.116876,0.393084,0.605120,-4.200000,-199.289993,-54.810001,1770467877.757756
0.366732,0.609024,0.467504,13.510000,-191.869995,-18.900000,1770467877.765888
0.360632,0.636352,0.444080,15.680000,-176.679993,-2.520000,1770467877.773766
0.370636,0.632448,0.387228,13.860000,-158.970001,11.410000,1770467877.781751
0.398452,0.583160,0.328668,9.800000,-142.660004,1.750000,1770467877.789759
0.406992,0.513620,0.265472,11.270000,-124.250000,11.760000,1770467877.797767
0.400892,0.452864,0.206180,14.000000,-104.580002,3.010000,1770467877.805896
0.374052,0.401136,0.125172,14.420000,-81.199997,0.070000,1770467877.813769
0.332328,0.352092,0.010492,16.240000,-59.080002,-4.970000,1770467877.821767
0.285236,0.331596,-0.094916,13.090000,-35.560001,-9.870000,1770467877.829764
0.269376,0.321836,-0.146400,11.130000,-9.380000,-12.600000,1770467877.837779
0.285968,0.316468,-0.099796,11.130000,23.030001,-17.639999,1770467877.845841
0.321836,0.308904,0.069784,16.450001,61.320000,-19.459999,1770467877.853752
0.373564,0.326472,0.340136,22.190001,103.529999,-21.209999,1770467877.861754
0.411140,0.332084,0.644892,27.299999,147.419998,-17.290001,1770467877.869804
0.373076,0.279624,0.881084,24.639999,192.850006,-10.220000,1770467877.877856
0.260836,0.213744,1.136796,20.860001,234.639999,-2.450000,1770467877.885751
0.099064,0.132004,1.483764,5.880000,270.480011,8.540000,1770467877.893760
-0.125904,0.094428,1.939312,-10.430000,297.149994,13.650000,1770467877.901823
-0.461160,0.039040,2.454152,-29.889999,314.369995,14.980000,1770467877.909766
-0.727364,-0.181780,2.634956,-31.990000,307.649994,28.629999,1770467877.917769
-0.825696,-0.326716,2.138172,-21.700001,260.119995,61.740002,1770467877.925766
-1.553548,-0.863516,1.630408,-26.320000,224.419998,56.000000,1770467877.933831
-1.429352,-0.858636,1.203164,-23.450001,178.149994,30.730000,1770467877.941755
-1.519876,-0.855464,1.128988,-14.910000,129.289993,14.700000,1770467877.949762
-1.572092,-0.713700,1.235372,-4.270000,90.860001,5.600000,1770467877.957753
-1.527196,-0.454084,1.319064,0.000000,58.660000,-10.220000,1770467877.965854
-1.404952,-0.146644,1.284172,-2.450000,32.200001,-21.350000,1770467877.974152
-1.264408,0.079544,1.160220,-5.810000,12.880000,-39.410000,1770467877.981982
-1.122400,0.232532,0.997472,-8.330000,-3.990000,-49.419998,1770467877.989947
-0.968680,0.326716,0.862784,-9.310000,-17.430000,-58.099998,1770467877.997759
-0.824476,0.385764,0.765428,-5.250000,-31.570000,-62.020000,1770467878.005769
-0.698328,0.415532,0.691740,-2.450000,-44.099998,-59.779999,1770467878.013790
-0.594384,0.393328,0.608780,4.200000,-56.419998,-59.360001,1770467878.021799
-0.531432,0.406260,0.522160,11.200000,-67.129997,-61.110001,1770467878.029745
-0.384300,0.487756,0.420168,22.540001,-79.239998,-51.240002,1770467878.037740
-0.348188,0.475556,0.356972,29.680000,-91.419998,-43.119999,1770467878.045814
-0.289384,0.469700,0.296460,31.570000,-99.889999,-40.880001,1770467878.053922
-0.233508,0.475068,0.260836,34.580002,-107.449997,-38.080002,1770467878.061766
-0.181048,0.459452,0.244488,35.910000,-110.739998,-36.189999,1770467878.069773
-0.142008,0.440908,0.223260,36.680000,-113.330002,-32.270000,1770467878.077762
-0.073200,0.415776,0.186660,35.770000,-115.639999,-30.730000,1770467878.085787
-0.001708,0.403576,0.145912,38.009998,-119.419998,-20.440001,1770467878.093770
0.062220,0.393328,0.124928,35.419998,-124.110001,-7.770000,1770467878.101876
0.062952,0.351848,0.113704,31.780001,-115.220001,9.870000,1770467878.109791
0.027816,0.329888,0.148840,20.440001,-89.250000,22.469999,1770467878.117768
-0.020252,0.335012,0.237412,10.360000,-46.619999,31.080000,1770467878.125759
-0.091744,0.309880,0.416020,-1.680000,12.530000,35.910000,1770467878.133755
-0.205448,0.245220,0.669780,-10.430000,83.230003,37.799999,1770467878.141784
-0.361608,0.159576,0.946720,-22.400000,150.080002,34.580002,1770467878.149848
-0.615612,0.082960,1.189256,-28.980000,212.380005,29.260000,1770467878.157745
-0.904752,0.043432,1.376160,-17.570000,256.059998,30.379999,1770467878.165737
-1.593076,-0.494588,1.685552,-14.770000,290.709991,18.410000,1770467878.173759
-1.862696,-0.590480,1.705072,-1.470000,247.589996,13.790000,1770467878.181749
-2.218448,-0.742736,1.678720,1.330000,150.500000,13.790000,1770467878.189872
-2.395104,-0.844240,1.597712,-5.530000,24.990000,10.640000,1770467878.197873
-2.217960,-0.864736,1.490108,-7.000000,-106.750000,2.240000,1770467878.205756
-1.748016,-0.756400,1.437404,0.560000,-218.820007,-0.490000,1770467878.214037
-1.287100,-0.543388,1.397388,6.790000,-279.859985,-8.190000,1770467878.221763
-0.849364,-0.299876,1.361032,8.330000,-311.149994,-18.129999,1770467878.229855
-0.477508,-0.061488,1.333460,7.770000,-318.779999,-27.510000,1770467878.237760
-0.174460,0.152500,1.290516,3.220000,-307.369995,-32.900002,1770467878.245755
0.052460,0.324764,1.210728,-6.650000,-283.500000,-30.870001,1770467878.253751
0.111996,0.325740,1.071404,-17.430000,-245.419998,-39.619999,1770467878.261751
0.620004,0.772748,0.843508,-15.960000,-242.690002,-39.130001,1770467878.269754
0.439932,0.653676,0.650992,0.910000,-205.940002,-7.700000,1770467878.277740
0.443836,0.641232,0.577792,-3.920000,-169.889999,-2.310000,1770467878.285749
0.463112,0.642452,0.500932,-5.600000,-142.100006,0.910000,1770467878.293755
0.490196,0.626104,0.428952,-10.150000,-116.129997,-1.680000,1770467878.301796
0.489464,0.599264,0.343552,-9.450000,-88.059998,-3.850000,1770467878.309772
0.460672,0.545584,0.260348,-7.560000,-59.990002,-0.770000,1770467878.317774
0.426024,0.474336,0.189100,-2.870000,-32.900002,-2.170000,1770467878.325797
0.378444,0.425048,0.125416,-0.210000,-7.770000,-3.290000,1770467878.333759
0.336964,0.382836,0.064660,0.910000,15.890000,-5.040000,1770467878.341764
0.299144,0.337452,0.017080,-0.210000,35.349998,-8.190000,1770467878.349766
0.281820,0.277184,0.010004,0.210000,54.880001,-8.330000,1770467878.357761
0.272060,0.226676,0.066368,12.320000,77.769997,-8.540000,1770467878.365883
0.270108,0.206912,0.212280,21.770000,101.639999,-13.090000,1770467878.373768
0.270108,0.215208,0.444324,32.970001,130.550003,-10.150000,1770467878.381760
0.261568,0.208132,0.744444,35.000000,164.009995,-6.860000,1770467878.389844
0.206668,0.149572,1.007232,31.290001,193.830002,2.800000,1770467878.397755
0.093452,0.067100,1.247084,28.629999,221.339996,9.590000,1770467878.405763
-0.049776,-0.005856,1.540128,23.030001,243.460007,22.120001,1770467878.413799
-0.264984,-0.061732,1.936872,9.310000,260.820007,27.580000,1770467878.421959
-0.525332,-0.171044,2.176236,-7.350000,268.100006,29.820000,1770467878.429772
-0.665876,-0.329644,2.083028,-19.250000,257.040009,41.090000,1770467878.437775
-0.844484,-0.474092,1.708488,-21.629999,225.399994,66.080002,1770467878.445810
-1.375428,-1.094340,1.458144,-46.900002,222.250000,30.030001,1770467878.453793
-1.373964,-1.183156,1.226832,-37.660000,178.990005,23.170000,1770467878.461757
-1.420080,-1.050664,1.208776,-10.780000,147.070007,8.400000,1770467878.469785
-1.447408,-0.732244,1.246352,7.210000,108.709999,10.290000,1770467878.477813
-1.429596,-0.320128,1.265628,16.030001,70.000000,-5.880000,1770467878.485770
-1.356640,0.011956,1.209508,12.530000,39.619999,-15.260000,1770467878.493763
-1.222440,0.242780,1.106052,4.620000,15.190000,-33.669998,1770467878.501828
-1.066768,0.372832,0.991616,-0.490000,-5.110000,-49.070000,1770467878.509777
-0.899628,0.438468,0.873764,-1.820000,-22.049999,-58.310001,1770467878.517774
-0.750544,0.470920,0.792756,3.570000,-36.259998,-68.040001,1770467878.525769
-0.612928,0.485560,0.728584,9.660000,-49.000000,-71.050003,1770467878.533757
-0.500688,0.393816,0.683444,11.760000,-58.869999,-73.570000,1770467878.541798
-0.457256,0.486048,0.590724,23.660000,-63.560001,-87.220001,1770467878.549772
-0.265960,0.554612,0.516060,32.759998,-66.080002,-75.110001,1770467878.557758
-0.265472,0.556076,0.464820,40.040001,-68.669998,-66.570000,1770467878.565746
-0.220576,0.556564,0.422364,39.340000,-67.970001,-62.299999,1770467878.573792
-0.183976,0.523380,0.392352,36.119999,-64.120003,-55.580002,1770467878.581780
-0.151036,0.492148,0.366244,30.870001,-56.630001,-46.689999,1770467878.589773
-0.132248,0.463600,0.336964,25.620001,-49.000000,-36.049999,1770467878.597764
-0.127612,0.433344,0.310124,21.980000,-41.790001,-31.219999,1770467878.605796
-0.122488,0.395280,0.294020,16.730000,-33.810001,-26.389999,1770467878.613842
-0.120536,0.358680,0.278648,15.400000,-25.410000,-18.760000,1770467878.621773
-0.147376,0.315492,0.272792,17.290001,-13.650000,-8.470000,1770467878.629763
-0.215696,0.285480,0.275964,19.879999,4.760000,5.600000,1770467878.637859
-0.306952,0.254736,0.280112,20.580000,26.950001,18.270000,1770467878.645761
-0.443836,0.228628,0.323544,15.890000,52.639999,25.760000,1770467878.653767
-0.599508,0.164944,0.428708,12.460000,82.529999,27.370001,1770467878.661758
-0.757132,0.083936,0.601948,9.310000,111.510002,21.070000,1770467878.669768
-0.964532,-0.012200,0.850828,9.100000,140.770004,19.740000,1770467878.677791
-1.299056,-0.230824,1.140944,7.070000,166.179993,10.290000,1770467878.685792
-1.558428,-0.391132,1.413736,15.400000,164.710007,-0.700000,1770467878.693760
-1.896368,-0.562176,1.488156,23.030001,128.169998,-3.920000,1770467878.701756
-2.122800,-0.725168,1.506944,24.219999,51.520000,-10.920000,1770467878.709762
-2.137440,-0.833260,1.507432,20.930000,-46.200001,-13.160000,1770467878.717899
-1.882948,-0.833992,1.492304,19.530001,-147.630005,-13.720000,1770467878.725765
-1.497672,-0.743468,1.429352,19.809999,-231.839996,-15.540000,1770467878.733763
-1.097512,-0.555344,1.386896,22.680000,-282.799988,-16.870001,1770467878.741760
-0.715652,-0.321592,1.377624,28.559999,-306.459991,-23.309999,1770467878.749886
-0.419680,-0.068076,1.370304,29.120001,-308.700012,-33.599998,1770467878.757756
-0.167872,0.189344,1.364692,21.980000,-294.279999,-42.000000,1770467878.765746
0.032940,0.387716,1.325164,10.640000,-268.519989,-48.509998,1770467878.773778
0.083448,0.423828,1.245376,-7.560000,-226.729996,-58.799999,1770467878.781751
0.212768,0.650504,0.996252,-14.140000,-193.970001,-70.839996,1770467878.789763
0.454328,0.819596,0.871568,-3.850000,-166.740005,-33.810001,1770467878.797894
0.415288,0.844240,0.787876,-12.810000,-132.860001,-23.590000,1770467878.805762
0.414800,0.863516,0.656604,-23.450001,-105.419998,-24.639999,1770467878.813828
0.418948,0.820328,0.541436,-32.759998,-77.910004,-25.480000,1770467878.821777
0.392596,0.753228,0.434076,-36.889999,-53.900002,-28.559999,1770467878.829807
0.371124,0.681980,0.347456,-36.889999,-28.209999,-25.480000,1770467878.837758
0.338184,0.588528,0.306708,-29.330000,-4.340000,-25.129999,1770467878.845758
0.304512,0.502640,0.294020,-24.360001,16.660000,-25.059999,1770467878.853790
0.275964,0.435540,0.292556,-16.309999,30.730000,-23.590000,1770467878.861795
0.254004,0.366000,0.315248,-11.900000,40.529999,-23.030001,1770467878.869764
0.224236,0.307928,0.334036,-5.320000,48.650002,-21.700001,1770467878.877762
0.187392,0.265472,0.357460,-0.910000,56.630001,-18.059999,1770467878.885766
0.148596,0.200812,0.379664,3.990000,65.870003,-11.900000,1770467878.893760
0.110288,0.108824,0.415044,13.020000,78.959999,-8.890000,1770467878.901823
0.089548,0.009760,0.492880,22.400000,91.769997,-5.320000,1770467878.909775
0.074176,-0.095160,0.606584,33.669998,105.279999,-3.920000,1770467878.917782
0.041968,-0.189832,0.779092,41.790001,117.809998,-0.140000,1770467878.925769
-0.002196,-0.284016,0.969900,45.570000,128.309998,2.310000,1770467878.933760
-0.066368,-0.395280,1.153876,44.799999,138.949997,12.320000,1770467878.941783
-0.110776,-0.286944,1.308084,52.220001,145.320007,20.020000,1770467878.949875
-0.175436,-0.591944,1.669204,34.860001,142.869995,44.099998,1770467878.957758
-0.688080,-0.809836,1.812432,14.910000,160.160004,51.520000,1770467878.965742
-0.618784,-0.887184,1.760216,-5.950000,159.320007,21.209999,1770467878.974077
-0.747616,-0.879864,1.623820,-12.110000,160.300003,13.580000,1770467878.982605
-0.912560,-0.804224,1.456680,-5.880000,157.850006,13.650000,1770467878.990307
-1.044808,-0.646112,1.323212,8.540000,150.919998,2.450000,1770467878.997760
-1.135088,-0.395280,1.249036,24.639999,140.279999,-2.730000,1770467879.005769
-1.209752,-0.089548,1.267580,28.350000,121.940002,-19.809999,1770467879.013908
-1.243180,0.173972,1.289296,20.440001,97.790001,-23.030001,1770467879.021781
-1.243668,0.377712,1.286612,7.770000,64.680000,-33.250000,1770467879.030331
-1.209752,0.488000,1.201700,-3.570000,37.660000,-42.770000,1770467879.037777
-1.112640,0.512400,1.073600,-9.520000,6.510000,-52.430000,1770467879.045778
-0.990884,0.517036,0.958676,-9.730000,-22.190001,-56.279999,1770467879.053763
-0.866688,0.519476,0.861808,-7.350000,-44.799999,-56.700001,1770467879.061790
-0.759328,0.476532,0.795196,-10.010000,-63.700001,-62.230000,1770467879.069789
-0.642452,0.443104,0.712724,-12.950000,-76.230003,-65.800003,1770467879.077846
-0.600484,0.538020,0.620248,-7.210000,-74.900002,-71.050003,1770467879.085752
-0.406748,0.628056,0.562908,0.560000,-82.110001,-50.400002,1770467879.093754
-0.383080,0.615368,0.530944,-5.530000,-87.779999,-50.680000,1770467879.101753
-0.325252,0.600972,0.484584,-10.780000,-87.779999,-45.919998,1770467879.109753
-0.270108,0.566080,0.437736,-12.320000,-81.550003,-42.910000,1770467879.117787
-0.243756,0.529236,0.388204,-11.480000,-71.260002,-34.790001,1770467879.125755
-0.240828,0.501420,0.368440,-11.900000,-60.130001,-32.689999,1770467879.133747
-0.238632,0.465064,0.366244,-10.080000,-45.919998,-32.340000,1770467879.141779
-0.240584,0.427732,0.376248,-7.140000,-34.299999,-33.389999,1770467879.149753
-0.255712,0.366244,0.392352,-3.710000,-20.230000,-33.459999,1770467879.157749
-0.297924,0.300120,0.401624,4.130000,-7.350000,-28.629999,1770467879.165845
-0.363072,0.249368,0.412604,7.630000,5.530000,-25.480000,1770467879.173759
-0.441152,0.200324,0.433100,10.430000,17.219999,-16.870001,1770467879.181758
-0.518012,0.134932,0.462624,11.760000,22.400000,-11.900000,1770467879.189759
-0.610976,0.040016,0.511424,11.550000,23.170000,-6.440000,1770467879.197748
-0.688568,-0.046848,0.575840,16.660000,17.780001,0.070000,1770467879.205748
-0.834968,-0.185440,0.701744,24.360001,9.870000,11.620000,1770467879.213731
-1.051884,-0.377224,0.874740,33.529999,3.570000,4.480000,1770467879.221782
-1.199992,-0.457744,1.013820,39.759998,-12.460000,-2.240000,1770467879.229858
-1.350540,-0.529480,1.163880,45.220001,-27.230000,-5.320000,1770467879.237755
-1.448628,-0.605852,1.224148,43.889999,-52.919998,-14.280000,1770467879.245753
-1.422520,-0.679296,1.226832,43.680000,-92.120003,-21.490000,1770467879.253752
-1.284660,-0.687592,1.254404,47.529999,-138.880005,-24.290001,1770467879.261745
-1.050176,-0.608780,1.316868,54.110001,-189.070007,-22.820000,1770467879.269762
-0.756400,-0.456768,1.380552,60.270000,-235.830002,-26.530001,1770467879.278373
-0.506300,-0.253760,1.432280,61.880001,-267.260010,-30.590000,1770467879.285738
-0.256688,0.008540,1.516216,58.099998,-280.279999,-34.299999,1770467879.293740
-0.017812,0.274988,1.601128,46.340000,-276.500000,-41.790001,1770467879.301758
0.113704,0.439444,1.641144,19.879999,-254.729996,-45.500000,1770467879.309756
0.188368,0.583648,1.505724,-8.680000,-217.350006,-78.330002,1770467879.318067
0.685152,0.961116,1.301740,-9.660000,-202.720001,-48.650002,1770467879.325789
0.575352,0.966972,1.217560,-15.120000,-168.979996,-32.340000,1770467879.333759
0.583160,1.015040,1.038708,-28.559999,-133.770004,-30.100000,1770467879.341764
0.585356,0.974780,0.875960,-36.680000,-96.879997,-26.740000,1770467879.349757
0.559492,0.893040,0.719800,-39.759998,-62.790001,-21.910000,1770467879.357824
0.521672,0.826184,0.566324,-40.740002,-31.080000,-23.100000,1770467879.365742
0.463356,0.757376,0.447984,-38.080002,1.120000,-21.490000,1770467879.373763
0.406260,0.685152,0.372344,-31.920000,31.080000,-20.580000,1770467879.381764
0.357948,0.585844,0.362828,-27.020000,58.869999,-16.870001,1770467879.389791
0.316956,0.481168,0.391620,-21.980000,78.610001,-14.630000,1770467879.397844
0.274500,0.395280,0.426024,-19.600000,93.870003,-11.690000,1770467879.405830
0.222284,0.316956,0.465308,-17.850000,102.129997,-6.440000,1770467879.413755
0.169580,0.235704,0.478240,-15.050000,105.629997,-7.560000,1770467879.421822
0.123952,0.144692,0.480192,-15.260000,105.419998,0.000000,1770467879.429778
0.085888,0.045140,0.488244,-14.770000,102.970001,0.070000,1770467879.437751
0.059292,-0.085644,0.528260,-14.210000,100.099998,4.130000,1770467879.445764
0.042456,-0.230824,0.595360,-6.790000,102.269997,7.210000,1770467879.453761
0.022936,-0.289872,0.703940,4.900000,106.750000,15.610000,1770467879.461796
0.183244,-0.400160,0.936472,20.020000,104.230003,29.049999,1770467879.469852
-0.003416,-0.431392,1.103612,24.850000,116.059998,51.939999,1770467879.477779
-0.384788,-0.856196,1.343952,24.010000,132.860001,39.619999,1770467879.485763
-0.227652,-0.790804,1.306132,22.469999,138.529999,21.209999,1770467879.493756
-0.300120,-0.877180,1.326872,28.770000,139.720001,28.840000,1770467879.501758
-0.402600,-0.922808,1.323456,29.959999,132.649994,30.379999,1770467879.509801
-0.496296,-0.854244,1.316136,34.720001,118.300003,30.240000,1770467879.517827
-0.569496,-0.691984,1.311988,38.220001,103.949997,31.850000,1770467879.525761
-0.642452,-0.444812,1.311744,40.110001,94.849998,28.070000,1770467879.533789
-0.722240,-0.195444,1.305400,39.900002,94.080002,27.790001,1770467879.542195
-0.832284,0.075396,1.325896,37.310001,98.419998,18.830000,1770467879.549772
-0.930616,0.288652,1.353956,24.639999,102.620003,7.000000,1770467879.557757
-1.017480,0.439444,1.337852,8.750000,104.930000,-9.310000,1770467879.565742
-1.080920,0.544608,1.269288,-10.710000,102.410004,-27.440001,1770467879.573787
-1.117520,0.588528,1.166076,-23.799999,93.099998,-45.500000,1770467879.581770
-1.107516,0.578036,1.037976,-32.970001,72.870003,-61.320000,1770467879.589828
-1.056032,0.542412,0.911828,-32.200001,42.209999,-75.459999,1770467879.597757
-0.981124,0.498248,0.773968,-28.000000,6.440000,-78.330002,1770467879.605767
-0.889624,0.462624,0.659288,-20.440001,-31.360001,-79.730003,1770467879.613758
-0.779092,0.406748,0.553880,-10.780000,-69.510002,-79.940002,1770467879.621804
-0.707844,0.452864,0.440176,-0.350000,-96.529999,-86.660004,1770467879.629784
-0.513620,0.620248,0.343064,21.420000,-118.089996,-71.750000,1770467879.637812
-0.453352,0.646600,0.343064,33.180000,-138.529999,-58.590000,1770467879.645772
-0.382592,0.668316,0.325984,33.250000,-154.279999,-49.770000,1770467879.653767
-0.321348,0.663436,0.315248,34.439999,-163.729996,-46.060001,1770467879.661758
-0.246684,0.637328,0.287920,32.759998,-170.309998,-45.709999,1770467879.669757
-0.134688,0.668316,0.231068,32.619999,-174.300003,-36.540001,1770467879.677754
-0.026352,0.661240,0.196420,32.689999,-178.080002,-27.719999,1770467879.685779
0.003172,0.604388,0.195688,25.410000,-174.649994,-11.900000,1770467879.693898
0.031476,0.530456,0.198372,16.799999,-162.330002,-2.590000,1770467879.701777
0.051728,0.416508,0.249368,6.650000,-140.070007,7.910000,1770467879.709763
0.064660,0.250832,0.362584,1.050000,-102.690002,15.260000,1770467879.717884
0.057340,0.071980,0.577304,5.530000,-54.320000,20.160000,1770467879.725747
-0.001464,-0.071004,0.899140,24.780001,6.510000,13.650000,1770467879.733762
-0.099552,-0.140788,1.290028,51.310001,66.290001,14.560000,1770467879.741768
-0.286456,-0.185928,1.747528,68.320000,109.830002,13.440000,1770467879.749758
-0.974536,-0.496540,2.188192,63.209999,145.600006,-9.590000,1770467879.757777
-1.154120,-0.412604,2.178676,57.330002,134.050003,-27.090000,1770467879.765734
-1.358592,-0.414556,2.028128,44.520000,81.199997,-35.279999,1770467879.773763
-1.418860,-0.518256,1.980304,29.680000,-2.660000,-32.549999,1770467879.781754
-1.317844,-0.608292,1.912472,13.650000,-93.800003,-33.110001,1770467879.789770
-1.061644,-0.550220,1.821460,5.460000,-174.369995,-33.040001,1770467879.797796
-0.733464,-0.391132,1.746064,0.980000,-223.509995,-29.680000,1770467879.805882
-0.407724,-0.163724,1.711416,-2.450000,-249.270004,-31.080000,1770467879.813759
-0.117120,0.111996,1.659444,-8.890000,-255.429993,-29.889999,1770467879.821751
0.074420,0.318908,1.546716,-17.639999,-243.389999,-32.060001,1770467879.829782
0.124928,0.328668,1.352492,-32.410000,-214.970001,-46.970001,1770467879.837764
0.485560,0.648308,0.982344,-25.549999,-208.880005,-55.790001,1770467879.845922
0.445056,0.655628,0.824964,-15.820000,-184.729996,-13.580000,1770467879.853759
0.415044,0.620736,0.676124,-20.020000,-161.419998,-8.470000,1770467879.861769
0.409432,0.661972,0.534848,-21.209999,-136.429993,-4.550000,1770467879.869795
0.431148,0.666120,0.437736,-10.430000,-112.980003,-0.350000,1770467879.877753
0.433588,0.689056,0.363804,0.210000,-93.309998,0.000000,1770467879.885773
0.433344,0.724680,0.305488,10.850000,-74.620003,3.010000,1770467879.893762
0.411872,0.725412,0.237412,19.320000,-58.520000,2.590000,1770467879.901761
0.370148,0.691496,0.165432,21.559999,-42.139999,5.040000,1770467879.909763
0.315248,0.614636,0.096868,16.520000,-25.969999,4.130000,1770467879.917842
0.262788,0.466772,0.036600,5.110000,-9.800000,6.580000,1770467879.925763
0.233020,0.258640,0.011468,-5.320000,7.910000,0.770000,1770467879.933759
0.208864,0.074908,-0.002196,-2.380000,28.280001,-1.680000,1770467879.941759
0.223748,-0.104676,0.076128,13.440000,48.860001,-9.660000,1770467879.949836
0.275964,-0.203008,0.269132,44.099998,71.400002,-9.240000,1770467879.957752
0.342332,-0.357216,0.597556,69.930000,87.849998,-6.230000,1770467879.965747
0.345016,-0.396744,0.935008,94.220001,108.290001,-2.590000,1770467879.974081
0.294752,-0.473360,1.274412,110.739998,125.370003,-4.970000,1770467879.982578
0.120292,-0.530456,1.593076,117.879997,132.089996,-10.570000,1770467879.989904
-0.039040,-0.363804,1.834636,113.400002,129.919998,-10.780000,1770467879.997762
-0.204228,-0.166164,2.084492,94.639999,106.750000,-7.980000,1770467880.005773
-0.381860,-0.039772,2.234064,53.060001,64.120003,3.010000,1770467880.013892
-0.473116,-0.022692,2.175016,20.510000,18.760000,-2.590000,1770467880.021775
-0.455304,-0.067588,1.992016,2.520000,-16.450001,-4.970000,1770467880.029774
-0.365756,-0.057096,1.811944,-12.250000,-27.020000,-13.160000,1770467880.037745
-0.286700,-0.027328,1.660176,-25.549999,-17.430000,-22.260000,1770467880.045946
-0.253516,0.045384,1.503528,-34.650002,3.010000,-36.259998,1770467880.053764
-0.249856,0.137128,1.351272,-34.860001,22.400000,-48.509998,1770467880.061765
-0.273524,0.246684,1.205360,-38.570000,39.549999,-56.070000,1770467880.069776
-0.272304,0.306220,1.060424,-43.889999,44.939999,-63.209999,1770467880.077783
-0.368684,0.446276,0.885964,-42.070000,43.540001,-70.489998,1770467880.085756
-0.374540,0.470432,0.754936,-35.700001,36.330002,-84.209999,1770467880.093753
-0.389668,0.484096,0.639280,-26.320000,20.020000,-87.220001,1770467880.101786
-0.419192,0.498736,0.545584,-20.090000,0.210000,-104.510002,1770467880.109745
-0.297680,0.687104,0.405772,-7.770000,-16.240000,-89.389999,1770467880.117751
-0.252784,0.771528,0.355996,-2.240000,-42.560001,-70.489998,1770467880.125767
-0.256200,0.784460,0.314028,-8.960000,-65.099998,-66.570000,1770467880.133741
-0.197884,0.797148,0.260836,-12.810000,-84.559998,-64.750000,1770467880.141756
-0.128588,0.725656,0.212280,-14.420000,-96.529999,-67.620003,1770467880.149746
-0.064660,0.658800,0.151280,-11.480000,-102.339996,-66.220001,1770467880.157834
-0.005612,0.598288,0.117852,-6.720000,-103.320000,-59.639999,1770467880.165764
0.029036,0.559492,0.119316,-7.560000,-100.099998,-51.450001,1770467880.173755
0.061976,0.518744,0.172752,-10.640000,-91.769997,-48.930000,1770467880.181757
0.112240,0.461648,0.296948,-11.690000,-77.209999,-49.000000,1770467880.189757
0.163480,0.368440,0.519720,-5.880000,-56.349998,-49.840000,1770467880.197749
0.218136,0.268644,0.776164,4.690000,-29.680000,-55.020000,1770467880.205862
0.222528,0.158356,1.057496,14.420000,-1.610000,-51.730000,1770467880.213750
0.155184,0.041480,1.358104,27.090000,28.420000,-58.029999,1770467880.221783
0.064416,0.002928,1.714100,36.330002,45.290001,-58.799999,1770467880.229750
-0.093452,0.036600,2.150616,33.950001,52.779999,-66.150002,1770467880.237739
-0.251320,0.024400,2.444148,14.210000,52.849998,-62.439999,1770467880.245757
-0.326228,-0.122976,2.436340,-8.330000,39.830002,-55.160000,1770467880.253751
-0.349896,-0.300852,2.271396,-23.870001,15.750000,-37.169998,1770467880.261775
-0.342332,-0.360388,2.103768,-39.200001,-4.760000,-21.139999,1770467880.269872
-0.354288,-0.378688,1.939800,-55.439999,-11.270000,-6.300000,1770467880.277774
-0.362340,-0.329644,1.731912,-76.300003,-8.470000,4.830000,1770467880.285739
-0.434320,-0.254492,1.518168,-87.430000,-6.090000,-8.120000,1770467880.293766
-0.375272,-0.029768,1.276608,-90.300003,-0.560000,-4.130000,1770467880.301767
-0.373808,0.116632,1.095804,-88.760002,1.680000,-3.150000,1770467880.309749
-0.366488,0.242292,0.929884,-93.519997,2.100000,6.020000,1770467880.317743
-0.351604,0.315980,0.810080,-94.500000,-0.700000,10.920000,1770467880.325920
-0.342820,0.305976,0.733464,-94.500000,-4.340000,15.120000,1770467880.333759
-0.355508,0.311832,0.664412,-89.389999,-8.330000,12.180000,1770467880.341760
-0.244000,0.465552,0.543144,-71.540001,-9.030000,43.259998,1770467880.349762
-0.262788,0.485316,0.483120,-59.639999,-17.430000,61.040001,1770467880.357798
-0.281332,0.499468,0.417728,-45.220001,-26.459999,71.120003,1770467880.365755
-0.271816,0.538996,0.338672,-33.040001,-33.459999,79.800003,1770467880.373763
-0.228628,0.521672,0.291336,-15.540000,-42.980000,90.440002,1770467880.381766
-0.184220,0.440176,0.278648,-2.870000,-54.669998,93.169998,1770467880.389778
-0.120536,0.354288,0.265228,7.700000,-64.889999,94.360001,1770467880.397856
-0.041480,0.280844,0.271084,17.850000,-76.019997,91.559998,1770467880.405760
0.029768,0.211060,0.313784,21.629999,-80.989998,87.430000,1770467880.413761
0.080520,0.118584,0.382348,22.889999,-79.309998,70.489998,1770467880.421787
0.151036,0.038552,0.441152,26.879999,-69.440002,65.519997,1770467880.429887
0.303536,-0.112240,0.570472,22.120001,-68.459999,54.389999,1770467880.437764
0.407480,-0.218624,0.781532,25.760000,-58.450001,53.830002,1770467880.445760
0.462624,-0.467992,1.134112,16.730000,-48.230000,34.790001,1770467880.453758
0.512888,-0.799832,1.452776,1.820000,-23.660000,17.570000,1770467880.461762
0.639036,-1.085800,1.733864,-0.700000,-8.260000,34.509998,1770467880.469865
0.680760,-1.344196,1.982012,-1.190000,7.700000,49.630001,1770467880.477753
0.597556,-1.401780,2.035448,11.690000,35.560001,77.839996,1770467880.485762
0.427244,-1.257088,1.851472,26.670000,74.059998,85.190002,1770467880.493804
0.181292,-0.995276,1.613328,42.279999,118.860001,81.550003,1770467880.501766
-0.115412,-0.661972,1.472540,50.889999,166.529999,64.540001,1770467880.509767
-0.308660,-0.294020,1.433988,44.660000,204.259995,48.230000,1770467880.517759
-0.470676,0.012932,1.496208,29.120001,220.360001,33.880001,1770467880.525778
-0.634400,0.261812,1.621624,4.550000,216.580002,19.879999,1770467880.533843
-0.785436,0.473360,1.706536,-15.260000,199.009995,10.080000,1770467880.541764
-0.883768,0.569496,1.660420,-33.529999,172.059998,-0.910000,1770467880.549802
-0.941596,0.619760,1.460584,-46.759998,133.699997,-10.010000,1770467880.557864
-0.980392,0.684420,1.233420,-45.220001,91.769997,-18.410000,1770467880.565744
-0.884012,0.696132,0.951112,-38.849998,49.209999,-13.720000,1770467880.573849
-0.868152,0.649284,0.722484,-32.200001,0.770000,-11.270000,1770467880.581761
-0.771284,0.589992,0.518256,-18.549999,-44.869999,-13.510000,1770467880.589756
-0.659776,0.527040,0.394060,-6.160000,-77.699997,-14.770000,1770467880.597850
-0.506300,0.517524,0.309636,13.860000,-103.879997,-4.410000,1770467880.605762
-0.396500,0.492148,0.247172,23.170000,-125.650002,3.430000,1770467880.613759
-0.302560,0.486536,0.179340,30.170000,-141.119995,17.709999,1770467880.621785
-0.236436,0.485804,0.103700,33.669998,-154.000000,23.100000,1770467880.629819
-0.179096,0.474336,0.032696,28.350000,-162.610001,24.780001,1770467880.637756
-0.090280,0.520208,-0.047824,29.190001,-169.539993,28.490000,1770467880.645756
0.073688,0.591700,-0.091012,33.180000,-180.320007,37.099998,1770467880.653758
0.118340,0.565104,-0.070028,33.320000,-186.970001,55.650002,1770467880.661746
0.168360,0.556076,-0.043188,21.910000,-188.649994,66.989998,1770467880.669910
0.242048,0.531188,0.025864,10.850000,-176.610001,72.730003,1770467880.677829
0.336720,0.461404,0.170068,4.690000,-153.860001,73.150002,1770467880.685760
0.417484,0.358436,0.413336,1.260000,-114.800003,66.779999,1770467880.693760
0.458476,0.277428,0.711748,0.210000,-59.220001,58.099998,1770467880.701786
0.456768,0.172752,1.004060,0.140000,10.220000,44.869999,1770467880.709868
0.404552,-0.003904,1.281732,0.420000,81.269997,26.600000,1770467880.717751
0.399672,-0.099308,1.646268,6.860000,143.779999,12.810000,1770467880.725872
0.384544,-0.184464,2.217716,9.100000,181.860001,0.070000,1770467880.733759
0.261568,-0.344040,2.807952,5.180000,208.179993,1.330000,1770467880.741748
0.048556,-0.521916,3.067324,9.870000,211.820007,17.570000,1770467880.749762
-0.155428,-0.868396,2.928488,21.980000,186.830002,59.360001,1770467880.757760
-0.915976,-0.992348,2.591036,13.650000,168.070007,59.779999,1770467880.765742
-0.812276,-0.686616,2.012512,-2.450000,127.050003,31.780001,1770467880.773786
-0.852536,-0.432856,1.662128,-19.250000,90.650002,32.200001,1770467880.781758
-0.816912,-0.254248,1.410320,-36.540001,53.549999,23.309999,1770467880.789763
-0.715164,-0.117852,1.215120,-51.799999,23.660000,24.430000,1770467880.797767
-0.560712,-0.011712,1.085556,-57.750000,4.480000,22.120001,1770467880.805813
-0.426512,0.052460,0.968680,-62.090000,-5.250000,24.010000,1770467880.813767
-0.324764,0.101016,0.857660,-64.680000,-7.420000,37.310001,1770467880.821828
-0.243756,0.132248,0.763964,-68.320000,-8.330000,42.209999,1770467880.829766
-0.206180,0.162748,0.661728,-66.430000,-6.580000,50.400002,1770467880.837753
-0.176656,0.181048,0.543144,-58.869999,-6.370000,50.959999,1770467880.845757
-0.091988,0.273036,0.400892,-44.799999,-2.800000,60.549999,1770467880.853791
-0.077836,0.286456,0.312320,-30.520000,-11.340000,73.570000,1770467880.861763
-0.051728,0.324032,0.234240,-11.340000,-21.910000,76.300003,1770467880.869761
-0.035380,0.348188,0.175436,3.080000,-31.570000,81.550003,1770467880.877757
-0.030988,0.378444,0.139568,21.770000,-39.549999,82.389999,1770467880.885780
-0.015372,0.403088,0.115168,35.560001,-43.750000,85.820000,1770467880.893759
0.010736,0.408456,0.097112,49.209999,-46.480000,82.739998,1770467880.901772
0.045140,0.410652,0.102480,63.770000,-51.029999,75.389999,1770467880.909772
0.079544,0.438224,0.147620,67.550003,-49.700001,72.379997,1770467880.917757
0.129320,0.478972,0.268644,68.669998,-44.099998,64.260002,1770467880.925770
0.211548,0.482388,0.477996,53.410000,-34.860001,57.119999,1770467880.933762
0.302316,0.390644,0.744200,36.119999,-18.690001,50.889999,1770467880.941759
0.367464,0.232288,1.028704,20.230000,4.620000,39.130001,1770467880.949767
0.363560,0.042944,1.286124,7.280000,40.599998,33.740002,1770467880.957823
0.336476,-0.101748,1.565748,9.100000,79.239998,29.610001,1770467880.965740
0.296460,-0.209352,1.904420,11.550000,113.959999,31.709999,1770467880.973992
0.240096,-0.292068,2.329468,7.210000,136.639999,31.639999,1770467880.982259
0.136884,-0.388448,2.570784,-3.990000,147.419998,36.119999,1770467880.989900
0.000488,-0.485316,2.444636,0.210000,148.750000,52.080002,1770467880.997774
-0.208132,-0.558516,2.177700,-1.540000,142.029999,70.349998,1770467881.005856
-0.755424,-0.678808,1.979816,-15.890000,154.910004,70.699997,1770467881.013761
-0.700768,-0.504104,1.699948,-27.440001,158.479996,35.349998,1770467881.021926
-0.816180,-0.354776,1.500600,-29.680000,163.800003,29.750000,1770467881.029761
-0.899140,-0.172996,1.325164,-27.580000,161.839996,19.389999,1770467881.037775
-0.954040,-0.005856,1.172420,-24.430000,148.820007,6.160000,1770467881.045858
-0.995764,0.144936,1.060180,-27.650000,129.080002,-4.970000,1770467881.053758
-1.002840,0.264984,0.951112,-28.770000,101.150002,-15.750000,1770467881.061760
-0.973072,0.340136,0.831308,-34.650002,66.430000,-20.090000,1770467881.069756
-0.901092,0.374296,0.721020,-37.310001,29.190001,-27.719999,1770467881.077842
-0.803736,0.374784,0.603656,-30.520000,-12.110000,-29.469999,1770467881.085779
-0.686372,0.370880,0.487756,-22.120001,-46.689999,-31.780001,1770467881.093754
-0.569496,0.358192,0.379908,-10.780000,-74.900002,-33.250000,1770467881.101758
-0.444080,0.280844,0.315248,0.770000,-101.639999,-32.759998,1770467881.109750
-0.393084,0.323788,0.189344,7.630000,-120.540001,-35.279999,1770467881.117739
-0.213256,0.360388,0.115656,24.639999,-129.080002,-27.790001,1770467881.125771
-0.157624,0.394792,0.067832,33.669998,-136.990005,-11.900000,1770467881.133751
-0.082472,0.434808,0.046848,40.320000,-146.860001,3.780000,1770467881.141787
-0.028548,0.451888,0.032452,42.560001,-157.429993,11.410000,1770467881.149753
0.083204,0.492880,0.027572,38.849998,-168.210007,21.420000,1770467881.157749
0.112972,0.480680,0.068564,33.880001,-169.960007,30.940001,1770467881.165848
0.171044,0.468236,0.133956,20.510000,-165.270004,32.970001,1770467881.173760
0.239120,0.432368,0.267668,6.440000,-143.779999,32.619999,1770467881.181755
0.297680,0.348920,0.494344,-2.660000,-106.959999,31.639999,1770467881.189758
0.336232,0.276940,0.749080,-7.210000,-53.340000,24.219999,1770467881.197759
0.319884,0.174460,1.006744,-7.000000,14.420000,16.940001,1770467881.205759
0.241072,0.047092,1.213168,-6.650000,83.650002,13.230000,1770467881.213826
0.069540,-0.089792,1.468148,4.760000,145.949997,3.710000,1770467881.221756
-0.127856,-0.086132,1.908568,19.530001,193.830002,-6.510000,1770467881.229777
-0.356728,-0.136640,2.425360,22.610001,215.949997,-14.980000,1770467881.237748
-0.591456,-0.271328,2.677900,28.350000,201.460007,-7.000000,1770467881.245746
-0.879620,-0.422608,2.498316,27.510000,165.410004,14.210000,1770467881.253736
-1.071648,-0.560712,2.236260,11.410000,107.099998,-0.280000,1770467881.261753
-1.085800,-0.511912,1.998360,1.330000,39.830002,-1.050000,1770467881.269765
-1.021872,-0.403820,1.726544,-11.900000,-20.930000,-6.090000,1770467881.277809
-0.871324,-0.301828,1.512068,-25.760000,-72.589996,-4.200000,1770467881.285869
-0.637572,-0.241560,1.370548,-38.080002,-106.680000,-6.510000,1770467881.293758
-0.405528,-0.177876,1.228540,-48.299999,-123.410004,-4.200000,1770467881.301765
-0.196176,-0.118340,1.084336,-49.840000,-128.729996,2.520000,1770467881.309756
-0.036356,-0.043188,0.926956,-49.980000,-123.129997,14.560000,1770467881.317754
0.056608,0.027084,0.774212,-45.220001,-112.279999,23.170000,1770467881.325846
0.081252,0.045384,0.657336,-39.759998,-95.059998,28.840000,1770467881.333744
0.111020,0.092476,0.513376,-32.689999,-71.680000,36.470001,1770467881.341766
0.329156,0.218380,0.382348,-16.450001,-72.029999,64.540001,1770467881.349759
0.254736,0.287676,0.338672,5.320000,-59.009998,79.099998,1770467881.357795
0.235948,0.336964,0.285480,19.459999,-45.430000,83.860001,1770467881.365757
0.213744,0.392596,0.218868,28.559999,-31.360001,83.300003,1770467881.373767
0.183244,0.446520,0.124684,36.750000,-16.240000,82.040001,1770467881.381766
0.142984,0.483120,0.010492,43.750000,-4.900000,76.790001,1770467881.389763
0.117120,0.487512,-0.078812,45.570000,2.310000,64.959999,1770467881.397734
0.099308,0.491660,-0.108824,40.669998,8.190000,53.480000,1770467881.405781
0.098332,0.478972,-0.073932,28.000000,17.780001,42.700001,1770467881.413766
0.120536,0.477752,0.030500,14.980000,31.360001,33.110001,1770467881.421804
0.160796,0.453596,0.234240,0.210000,50.189999,29.750000,1770467881.429864
0.202520,0.379420,0.517280,-12.670000,69.860001,23.799999,1770467881.437765
0.232532,0.250588,0.822524,-20.090000,94.500000,19.879999,1770467881.445759
0.202032,0.123220,1.138748,-28.559999,122.080002,17.360001,1770467881.453753
0.134932,0.037088,1.496940,-16.100000,153.160004,15.330000,1770467881.461745
0.017324,-0.097112,1.849520,0.350000,175.699997,11.620000,1770467881.469833
-0.160064,-0.143472,2.294576,8.960000,189.699997,12.740000,1770467881.477792
-0.354532,-0.164700,2.696688,7.350000,188.089996,18.760000,1770467881.485757
-0.498492,-0.315736,2.743292,12.670000,167.580002,42.840000,1770467881.493753
-0.644892,-0.384056,2.431948,26.180000,131.600006,54.880001,1770467881.501760
-1.015040,-0.643672,2.066924,7.840000,115.290001,45.220001,1770467881.509856
-0.894748,-0.447008,1.624796,-0.210000,88.620003,30.730000,1770467881.517755
-0.902800,-0.354532,1.392020,-10.780000,72.730003,17.150000,1770467881.525811
-0.899628,-0.263276,1.240496,-21.980000,62.860001,11.200000,1770467881.533756
-0.889136,-0.155672,1.140944,-32.689999,59.430000,0.630000,1770467881.541759
-0.849608,-0.038796,1.041636,-41.090000,57.540001,-9.310000,1770467881.549783
-0.801784,0.067588,0.927932,-47.950001,51.520000,-13.860000,1770467881.557762
-0.745176,0.162748,0.807396,-52.500000,41.090000,-25.620001,1770467881.565749
-0.679784,0.222040,0.714188,-49.419998,25.549999,-30.590000,1770467881.573789
-0.605364,0.264008,0.622444,-40.529999,7.280000,-34.580002,1770467881.581766
-0.534848,0.274500,0.537288,-25.480000,-9.030000,-33.669998,1770467881.589770
-0.497028,0.305732,0.453596,-10.850000,-25.760000,-31.430000,1770467881.597758
-0.418704,0.324764,0.374296,6.510000,-38.709999,-35.279999,1770467881.605766
-0.313540,0.403576,0.311344,24.990000,-53.130001,-12.110000,1770467881.613784
-0.274744,0.412848,0.276452,34.720001,-66.709999,-2.310000,1770467881.621762
-0.230092,0.421388,0.233020,36.400002,-79.660004,7.910000,1770467881.629858
-0.173972,0.426756,0.181780,36.959999,-94.570000,13.440000,1770467881.637792
-0.140544,0.402844,0.143228,30.240000,-110.669998,14.840000,1770467881.645765
-0.080764,0.382348,0.099308,20.090000,-127.540001,12.670000,1770467881.653791
-0.006588,0.383568,0.067588,13.510000,-136.080002,19.459999,1770467881.661759
0.083936,0.392352,0.043920,14.420000,-138.669998,27.370001,1770467881.669787
0.080520,0.352580,0.173972,10.360000,-126.070000,37.939999,1770467881.677762
0.086864,0.340136,0.351848,11.340000,-93.870003,46.900002,1770467881.685760
0.068076,0.360876,0.586820,5.950000,-43.189999,47.110001,1770467881.693756
0.032696,0.359168,0.868396,6.230000,20.160000,46.759998,1770467881.701782
-0.068076,0.297680,1.110932,9.660000,82.529999,46.759998,1770467881.709787
-0.286456,0.213012,1.337364,9.100000,134.750000,39.060001,1770467881.717904
-0.504348,0.153476,1.571848,18.340000,169.190002,25.200001,1770467881.725786
-0.860588,0.079544,1.948584,28.209999,188.089996,22.400000,1770467881.733762
-1.193160,-0.240340,2.349964,20.090000,190.679993,17.500000,1770467881.741755
-1.469368,-0.424804,2.221376,8.120000,144.270004,11.200000,1770467881.749767
-1.621624,-0.530700,2.006412,-5.110000,78.120003,15.120000,1770467881.757758
-1.603324,-0.571936,1.862696,-15.960000,4.060000,12.110000,1770467881.765743
-1.425692,-0.545096,1.730936,-30.170000,-66.430000,6.580000,1770467881.773752
-1.162416,-0.404064,1.608936,-36.820000,-123.129997,1.540000,1770467881.781755
-0.876692,-0.246196,1.481568,-39.410000,-159.179993,-2.940000,1770467881.789773
-0.565104,-0.112484,1.357372,-47.529999,-181.649994,-2.730000,1770467881.797891
-0.283772,0.022448,1.225368,-48.090000,-195.160004,4.480000,1770467881.805768
-0.065636,0.134688,1.072380,-50.119999,-197.610001,12.320000,1770467881.813763
0.050264,0.164212,0.896700,-43.889999,-191.380005,16.100000,1770467881.821794
0.085888,0.152988,0.718824,-34.090000,-171.149994,17.570000,1770467881.829883
0.346968,0.404308,0.510204,-7.980000,-170.520004,45.570000,1770467881.837762
0.365268,0.377956,0.491172,16.100000,-160.440002,54.180000,1770467881.845748
0.369660,0.375760,0.411384,23.450001,-145.809998,52.709999,1770467881.853786
0.378444,0.387228,0.297192,25.969999,-127.330002,56.209999,1770467881.861787
0.365512,0.389180,0.180560,24.080000,-108.080002,53.619999,1770467881.869763
0.332572,0.403088,0.063196,21.139999,-84.000000,54.110001,1770467881.877759
0.299388,0.428464,-0.056120,14.350000,-65.800003,48.020000,1770467881.885760
0.289384,0.435540,-0.154208,10.570000,-43.959999,37.240002,1770467881.893766
0.292068,0.422120,-0.178852,11.970000,-21.700001,32.060001,1770467881.901762
0.325252,0.412848,-0.077836,17.639999,7.350000,25.900000,1770467881.909768
0.371368,0.394304,0.135420,23.520000,43.119999,18.059999,1770467881.917761
0.429440,0.339892,0.413336,28.559999,83.089996,13.790000,1770467881.925776
0.452132,0.242048,0.729072,24.080000,121.519997,12.530000,1770467881.933766
0.425536,0.104188,1.015528,14.770000,160.860001,18.059999,1770467881.941764
0.324764,-0.042944,1.259040,6.230000,198.169998,16.170000,1770467881.949756
0.214964,-0.175680,1.576972,1.680000,231.350006,21.980000,1770467881.957818
0.073200,-0.254980,1.983232,-0.910000,251.369995,26.879999,1770467881.965753
-0.128588,-0.289872,2.369484,-6.650000,253.050003,40.250000,1770467881.973866
-0.336476,-0.374052,2.540528,-11.550000,231.070007,54.320000,1770467881.982996
-0.545584,-0.508496,2.331664,-11.060000,196.350006,63.840000,1770467881.989962
-1.091168,-0.820328,1.951268,-25.620001,177.520004,58.310001,1770467881.997764
-0.955748,-0.708576,1.578924,-21.420000,147.070007,34.299999,1770467882.005774
-1.028460,-0.580232,1.422520,-14.630000,127.190002,12.250000,1770467882.013778
-1.061644,-0.364048,1.392752,-9.450000,109.760002,5.950000,1770467882.021837
-1.015284,-0.095160,1.383236,-10.080000,90.930000,-13.230000,1770467882.029825
-0.942328,0.146888,1.314916,-20.370001,67.550003,-19.110001,1770467882.037742
-0.861076,0.308172,1.180716,-30.660000,44.730000,-26.600000,1770467882.045765
-0.770308,0.395280,1.008696,-48.020000,24.850000,-36.259998,1770467882.053804
-0.660752,0.394060,0.843020,-56.000000,7.280000,-41.509998,1770467882.061806
-0.551196,0.364536,0.695888,-59.290001,-11.270000,-46.830002,1770467882.069763
-0.459940,0.282308,0.579500,-55.090000,-28.559999,-44.169998,1770467882.077754
-0.381616,0.237168,0.459940,-45.080002,-43.330002,-47.740002,1770467882.085764
-0.329644,0.242048,0.361852,-31.850000,-53.619999,-51.660000,1770467882.093839
-0.204960,0.317932,0.267668,-14.210000,-59.570000,-42.560001,1770467882.101762
-0.180072,0.340868,0.228872,-1.330000,-67.410004,-31.010000,1770467882.109773
-0.159332,0.366732,0.215452,9.100000,-70.349998,-22.889999,1770467882.117754
-0.122976,0.434076,0.186904,17.290001,-72.660004,-21.559999,1770467882.125966
-0.055144,0.463112,0.169336,23.660000,-76.089996,-14.490000,1770467882.133770
0.027816,0.486048,0.152744,33.880001,-80.639999,-3.290000,1770467882.141754
0.073444,0.478728,0.178852,43.750000,-84.209999,14.210000,1770467882.149761
0.074420,0.472384,0.205936,46.830002,-78.120003,28.840000,1770467882.157751
0.060268,0.455304,0.270596,47.880001,-60.340000,35.419998,1770467882.165753
0.036844,0.432856,0.415044,37.450001,-27.580000,39.689999,1770467882.173772
-0.011712,0.391376,0.652944,30.450001,23.870001,42.070000,1770467882.181897
-0.088328,0.341112,0.901336,23.870001,87.220001,41.720001,1770467882.189759
-0.240584,0.252296,1.147532,16.520000,156.729996,43.049999,1770467882.197749
-0.519476,0.136884,1.442284,20.860001,211.399994,33.110001,1770467882.205751
-0.817400,0.161772,1.664080,33.320000,241.149994,34.439999,1770467882.213746
-1.577216,-0.371124,1.957612,30.870001,258.790009,22.959999,1770467882.221758
-1.834880,-0.333304,1.774124,35.419998,218.820007,-12.810000,1770467882.229774
-2.121580,-0.449692,1.690188,36.330002,138.949997,-8.680000,1770467882.237830
-2.250656,-0.529724,1.595516,36.540001,27.510000,-21.700001,1770467882.245760
-2.084004,-0.580232,1.546228,26.530001,-80.430000,-27.440001,1770467882.253755
-1.692872,-0.556076,1.534760,19.320000,-169.399994,-30.309999,1770467882.261760
-1.244888,-0.465552,1.514996,10.150000,-231.350006,-33.669998,1770467882.269747
-0.814228,-0.347700,1.491328,0.770000,-267.399994,-33.459999,1770467882.277737
-0.431392,-0.220332,1.462536,-14.350000,-284.269989,-30.590000,1770467882.285739
-0.083204,-0.073200,1.404220,-28.209999,-288.190002,-25.760000,1770467882.293758
0.138836,0.045872,1.267092,-44.590000,-277.619995,-16.379999,1770467882.301748
0.197152,0.062952,1.033584,-52.290001,-249.970001,-14.700000,1770467882.309869
0.455792,0.025620,0.839604,-56.980000,-241.639999,-4.970000,1770467882.317753
0.514352,0.267912,0.599020,-31.780001,-214.759995,32.549999,1770467882.325758
0.512888,0.272548,0.518012,-16.590000,-185.639999,44.939999,1770467882.333774
0.503616,0.319152,0.414556,-7.140000,-156.520004,50.610001,1770467882.341775
0.491660,0.362584,0.290360,-1.680000,-127.330002,52.290001,1770467882.349878
0.464088,0.402112,0.168848,3.010000,-101.010002,48.720001,1770467882.357749
0.430416,0.422608,0.063684,8.470000,-76.790001,40.810001,1770467882.365763
0.383324,0.429196,-0.028548,7.980000,-49.349998,34.439999,1770467882.373766
0.326960,0.416264,-0.114192,10.430000,-24.150000,26.110001,1770467882.381764
0.279868,0.387960,-0.165432,11.690000,2.590000,19.950001,1770467882.389808
0.259128,0.361364,-0.156404,11.480000,31.430000,8.540000,1770467882.397782
0.263032,0.341356,-0.074908,14.560000,60.619999,0.980000,1770467882.405762
0.281332,0.337940,0.093696,12.530000,91.559998,-4.760000,1770467882.413772
0.308416,0.336232,0.347944,13.650000,127.400002,-11.480000,1770467882.421828
0.333792,0.314028,0.654408,15.330000,161.699997,-12.390000,1770467882.429858
0.329888,0.240340,0.905484,14.350000,198.169998,-15.820000,1770467882.437759
0.285236,0.135908,1.119472,19.809999,229.250000,-21.910000,1770467882.445779
0.177876,0.084424,1.396168,21.559999,255.360001,-13.580000,1770467882.453758
-0.030744,0.114192,1.771440,23.660000,279.019989,-6.440000,1770467882.461760
-0.327936,0.231556,2.310192,10.990000,286.929993,-1.400000,1770467882.469768
-0.572912,0.155184,2.602748,-14.140000,270.130005,4.690000,1770467882.477810
-0.752496,-0.094428,2.458788,-15.540000,229.669998,26.459999,1770467882.485751
-0.917928,-0.165188,1.949560,-9.380000,175.070007,49.910000,1770467882.493755
-1.250988,-0.546072,1.625772,-24.990000,151.619995,39.619999,1770467882.501764
-1.194624,-0.485560,1.308084,-33.040001,110.110001,13.580000,1770467882.509766
-1.203408,-0.478240,1.220488,-30.100000,78.959999,11.410000,1770467882.517910
-1.204872,-0.412360,1.200480,-31.430000,56.560001,-11.130000,1770467882.525757
-1.159244,-0.287676,1.169004,-37.380001,42.980000,-23.379999,1770467882.533758
-1.054812,-0.148108,1.076040,-40.740002,29.959999,-34.930000,1770467882.541798
-0.934764,-0.033916,0.933788,-43.540001,14.070000,-47.250000,1770467882.549816
-0.826916,0.028792,0.795928,-41.790001,-0.700000,-53.830002,1770467882.557758
-0.727608,0.068320,0.686616,-37.099998,-16.309999,-62.439999,1770467882.565758
-0.631228,0.107604,0.588040,-28.770000,-32.200001,-65.029999,1770467882.573779
-0.541680,0.146156,0.510692,-17.780001,-44.799999,-67.129997,1770467882.581920
-0.466040,0.182268,0.434076,-8.260000,-57.750000,-67.900002,1770467882.589770
-0.387716,0.217160,0.363560,0.000000,-69.019997,-65.589996,1770467882.597756
-0.323788,0.254004,0.306220,11.760000,-80.220001,-60.759998,1770467882.605760
-0.264984,0.292312,0.276452,21.070000,-88.199997,-55.720001,1770467882.613766
-0.233752,0.306464,0.275964,27.160000,-93.309998,-53.970001,1770467882.621858
-0.162504,0.355996,0.253760,34.299999,-95.410004,-47.250000,1770467882.629810
-0.090768,0.380396,0.234240,37.730000,-100.379997,-32.759998,1770467882.637743
-0.017812,0.396256,0.214232,46.759998,-107.730003,-20.299999,1770467882.645770
0.058316,0.421388,0.195200,51.450001,-118.230003,4.830000,1770467882.653908
0.029524,0.419192,0.197152,50.189999,-115.989998,17.570000,1770467882.661754
0.018056,0.416264,0.254004,47.180000,-101.430000,28.350000,1770467882.669850
-0.002684,0.424316,0.422608,37.660000,-67.550003,34.860001,1770467882.677752
-0.024156,0.440664,0.680028,32.549999,-11.480000,35.209999,1770467882.685757
-0.059780,0.431392,0.959652,23.799999,58.099998,38.919998,1770467882.693756
-0.179828,0.390888,1.230248,19.320000,119.279999,35.419998,1770467882.701746
-0.417972,0.298900,1.495232,15.330000,168.279999,22.540001,1770467882.709843
-0.722972,0.246684,1.691164,18.480000,199.289993,13.230000,1770467882.717794
-1.143140,0.142740,1.897100,20.299999,210.630005,7.630000,1770467882.725757
-1.575020,-0.210572,1.942484,2.310000,190.190002,-5.880000,1770467882.733770
-1.716784,-0.324520,1.783396,-2.100000,120.610001,-15.470000,1770467882.741744
-1.833172,-0.505812,1.676524,-2.520000,38.080002,-18.059999,1770467882.749785
-1.739964,-0.629764,1.593564,-7.140000,-53.340000,-24.500000,1770467882.757899
-1.481080,-0.694180,1.559160,-9.240000,-130.130005,-31.570000,1770467882.765757
-1.155096,-0.630252,1.488400,-13.860000,-184.729996,-34.369999,1770467882.773765
-0.797636,-0.503372,1.419348,-15.470000,-215.880005,-37.099998,1770467882.782240
-0.461404,-0.334524,1.371524,-20.230000,-235.410004,-42.000000,1770467882.789777
-0.155428,-0.134444,1.319552,-24.639999,-237.860001,-34.860001,1770467882.797786
0.085156,0.044408,1.198528,-27.650000,-232.190002,-31.709999,1770467882.805759
0.158112,0.087840,1.019676,-25.480000,-213.710007,-29.610001,1770467882.813779
0.522160,0.098820,0.810812,-25.620001,-201.250000,-34.230000,1770467882.821930
0.445544,0.364292,0.592920,1.540000,-190.190002,2.660000,1770467882.829866
0.465064,0.356972,0.530456,21.070000,-165.899994,11.200000,1770467882.837762
0.445056,0.408212,0.430904,26.320000,-139.509995,28.000000,1770467882.845802
0.423096,0.456036,0.315492,26.180000,-111.089996,23.100000,1770467882.853767
0.386984,0.488488,0.205204,17.570000,-83.230003,28.139999,1770467882.861752
0.350628,0.497028,0.116144,14.350000,-56.910000,28.559999,1770467882.869752
0.308660,0.474580,0.050996,5.670000,-32.200001,24.010000,1770467882.877800
0.264496,0.416752,-0.004636,1.400000,-9.380000,18.620001,1770467882.885766
0.222040,0.348188,-0.063196,0.000000,14.000000,8.260000,1770467882.893762
0.193736,0.291092,-0.088084,1.680000,37.939999,1.470000,1770467882.901763
0.189832,0.256200,-0.030744,10.010000,61.880001,-4.830000,1770467882.909758
0.206668,0.254980,0.131272,17.850000,90.650002,-11.760000,1770467882.917820
0.235704,0.255468,0.383324,24.570000,118.720001,-15.540000,1770467882.925755
0.264984,0.241804,0.676368,26.530001,147.210007,-21.139999,1770467882.933772
0.258640,0.164944,0.939400,26.879999,177.520004,-20.580000,1770467882.941765
0.202032,0.031232,1.184132,30.309999,202.580002,-15.470000,1770467882.949782
0.069784,-0.040260,1.466196,35.209999,226.169998,-2.800000,1770467882.957843
-0.110776,-0.027572,1.861232,35.630001,241.009995,9.030000,1770467882.965763
-0.376980,0.020008,2.373388,18.969999,240.940002,18.690001,1770467882.974001
-0.612196,-0.069052,2.629344,-1.540000,215.740005,34.439999,1770467882.982456
-0.726144,-0.227652,2.377048,-5.250000,167.860001,61.810001,1770467882.990529
-1.047736,-0.481168,1.927844,-12.670000,145.320007,71.470001,1770467882.997764
-1.160708,-0.631228,1.491328,-32.549999,110.110001,36.610001,1770467883.005776
-1.166808,-0.678076,1.297348,-31.570000,88.480003,19.600000,1770467883.013798
-1.196332,-0.608048,1.270020,-26.180000,76.370003,5.810000,1770467883.021779
-1.198772,-0.425048,1.284172,-23.590000,67.059998,-13.510000,1770467883.030031
-1.137772,-0.195200,1.239276,-21.280001,54.529999,-25.830000,1770467883.037745
-1.063352,0.024156,1.116056,-22.680000,35.770000,-34.930000,1770467883.045760
-0.989420,0.183000,0.972828,-28.209999,15.470000,-49.560001,1770467883.053876
-0.879376,0.258640,0.842776,-31.080000,-4.480000,-57.820000,1770467883.061762
-0.742004,0.273036,0.724192,-27.860001,-24.639999,-64.330002,1770467883.069767
-0.616344,0.263520,0.626836,-23.450001,-43.750000,-66.150002,1770467883.077758
-0.509472,0.267424,0.539728,-12.670000,-62.230000,-65.940002,1770467883.085755
-0.419436,0.278892,0.448716,-5.250000,-77.910004,-67.339996,1770467883.093753
-0.345260,0.291824,0.370148,3.080000,-90.089996,-60.970001,1770467883.101754
-0.283772,0.299144,0.309636,11.480000,-102.970001,-66.500000,1770467883.109762
-0.246928,0.369416,0.259128,16.520000,-108.430000,-64.260002,1770467883.117757
-0.131028,0.412604,0.227896,25.620001,-113.959999,-57.680000,1770467883.125753
-0.054412,0.477752,0.197152,31.639999,-119.209999,-49.279999,1770467883.133771
0.054168,0.562908,0.160796,40.459999,-133.979996,-32.689999,1770467883.141757
0.094672,0.545828,0.163236,50.889999,-139.860001,-15.890000,1770467883.149758
0.124928,0.561932,0.163968,59.430000,-141.399994,0.770000,1770467883.157752
0.137860,0.574864,0.167140,65.169998,-132.929993,11.900000,1770467883.165813
0.153476,0.581208,0.211060,58.450001,-115.220001,18.410000,1770467883.173760
0.158600,0.577548,0.335012,44.590000,-81.410004,24.780001,1770467883.181757
0.171288,0.540948,0.561200,28.209999,-24.570000,24.360001,1770467883.189746
0.165188,0.447496,0.857904,14.840000,46.970001,33.669998,1770467883.197748
0.065880,0.313296,1.175592,4.900000,120.400002,31.780001,1770467883.205765
-0.145668,0.149084,1.499868,-8.470000,188.509995,27.370001,1770467883.213877
-0.424804,0.054900,1.865380,-9.730000,241.850006,15.610000,1770467883.221754
-0.711504,-0.026108,2.174040,8.750000,269.149994,16.030001,1770467883.230017
-1.381284,-0.416264,2.334104,4.760000,274.119995,7.630000,1770467883.237755
-1.624552,-0.373564,2.014464,6.860000,216.160004,-2.940000,1770467883.245754
-1.901004,-0.465064,1.787788,-1.190000,128.940002,-8.330000,1770467883.253823
-1.959320,-0.529968,1.595028,-7.000000,22.610001,-17.219999,1770467883.261761
-1.794620,-0.549976,1.520364,-16.450001,-74.900002,-27.860001,1770467883.269765
-1.461072,-0.485804,1.480592,-17.150000,-150.639999,-35.419998,1770467883.277748
-1.065304,-0.375028,1.412272,-17.780001,-199.220001,-42.139999,1770467883.285739
-0.688812,-0.243512,1.336876,-16.379999,-228.690002,-46.830002,1770467883.293742
-0.335500,-0.088572,1.253672,-19.110001,-243.809998,-48.160000,1770467883.301765
-0.037088,0.073688,1.148264,-14.420000,-247.660004,-42.910000,1770467883.309758
0.120048,0.150304,1.008208,-11.760000,-240.309998,-42.139999,1770467883.317762
0.147620,0.106872,0.831796,-10.220000,-214.270004,-41.090000,1770467883.325893
0.494832,0.429196,0.553392,6.860000,-225.330002,-7.560000,1770467883.333808
0.503860,0.308904,0.499956,25.620001,-199.850006,21.629999,1770467883.341761
0.489952,0.323056,0.363316,25.900000,-170.449997,29.820000,1770467883.349800
0.477752,0.345260,0.220088,19.879999,-140.210007,40.950001,1770467883.357858
0.463112,0.372832,0.106384,18.340000,-109.970001,40.599998,1770467883.365749
0.447252,0.375516,0.032696,11.550000,-79.870003,37.099998,1770467883.373750
0.415288,0.380640,-0.018300,7.070000,-48.439999,36.889999,1770467883.381785
0.377224,0.371612,-0.060268,7.840000,-15.470000,31.500000,1770467883.389799
0.336476,0.342576,-0.094672,8.260000,16.730000,24.010000,1770467883.397752
0.307196,0.330620,-0.104432,15.610000,48.509998,12.880000,1770467883.405759
0.290360,0.345504,-0.049532,22.889999,81.620003,7.070000,1770467883.413757
0.286456,0.357704,0.102968,26.740000,113.400002,-3.290000,1770467883.421807
0.292068,0.361364,0.322812,25.620001,144.619995,-10.990000,1770467883.429802
0.295972,0.332816,0.602436,17.219999,180.600006,-13.510000,1770467883.437770
0.259860,0.227408,0.897676,3.080000,214.899994,-11.620000,1770467883.445754
0.153964,0.035380,1.118008,-11.480000,249.970001,-7.000000,1770467883.453862
0.012688,-0.117852,1.380552,-19.879999,279.369995,-0.700000,1770467883.461757
-0.154696,-0.199348,1.784860,-14.980000,296.589996,7.840000,1770467883.469767
-0.420168,-0.159088,2.282620,-21.070000,297.010010,20.650000,1770467883.477742
-0.763964,-0.176900,2.526864,-24.219999,272.440002,36.540001,1770467883.485802
-1.205116,-0.486048,2.344352,-27.160000,242.270004,46.759998,1770467883.493763
-1.387384,-0.631472,1.777784,-28.770000,197.050003,18.270000,1770467883.501762
-1.495232,-0.639524,1.404708,-25.690001,134.750000,11.690000,1770467883.509774
-1.560868,-0.582184,1.287588,-22.540001,84.699997,-0.700000,1770467883.517809
-1.546960,-0.448228,1.320284,-17.010000,43.750000,-15.400000,1770467883.525771
-1.426912,-0.211304,1.354688,-19.530001,10.220000,-25.059999,1770467883.533802
-1.266604,-0.003172,1.272216,-23.520000,-16.100000,-40.110001,1770467883.541762
-1.104588,0.139812,1.098488,-31.080000,-37.799999,-48.369999,1770467883.549804
-0.925980,0.224480,0.932568,-33.320000,-52.779999,-61.529999,1770467883.557836
-0.760548,0.253760,0.805688,-31.850000,-63.770000,-65.239998,1770467883.565790
-0.612440,0.258884,0.699304,-29.540001,-73.919998,-70.489998,1770467883.573765
-0.490196,0.250344,0.583648,-21.350000,-84.910004,-73.989998,1770467883.581780
-0.396500,0.249124,0.473848,-11.760000,-92.400002,-68.389999,1770467883.589936
-0.317688,0.267424,0.384544,-1.540000,-99.540001,-70.769997,1770467883.597746
-0.252296,0.307928,0.315492,10.080000,-107.169998,-63.349998,1770467883.605757
-0.203984,0.330132,0.276208,17.219999,-113.120003,-64.190002,1770467883.613804
-0.182024,0.341844,0.255712,21.139999,-116.199997,-66.709999,1770467883.621774
-0.101260,0.386496,0.226676,33.669998,-112.209999,-56.840000,1770467883.629771
-0.019032,0.453352,0.194956,44.660000,-116.339996,-46.619999,1770467883.637729
0.047580,0.457988,0.196664,61.950001,-122.360001,-20.860001,1770467883.645761
0.087596,0.472140,0.205936,67.830002,-122.010002,-9.310000,1770467883.653759
0.088572,0.477752,0.230580,72.309998,-116.059998,10.920000,1770467883.661757
0.093940,0.483120,0.271816,68.949997,-100.519997,21.209999,1770467883.669780
0.073932,0.473604,0.360876,59.290001,-71.260002,31.290001,1770467883.677763
0.030500,0.469700,0.531188,51.660000,-22.260000,38.009998,1770467883.685762
-0.035624,0.446520,0.797880,38.990002,39.549999,39.200001,1770467883.693768
-0.153720,0.386740,1.115324,29.540001,107.449997,35.419998,1770467883.701792
-0.359656,0.275720,1.441308,16.170000,169.399994,27.370001,1770467883.709834
-0.613660,0.152256,1.731668,5.530000,210.279999,12.530000,1770467883.717762
-0.959164,0.105164,1.874408,15.120000,222.389999,15.120000,1770467883.725768
-1.596492,-0.391864,2.067656,-1.820000,218.750000,-0.140000,1770467883.733846
-1.750944,-0.455304,1.836832,-1.750000,160.089996,-18.059999,1770467883.741787
-1.919304,-0.630984,1.749724,-0.980000,73.080002,-20.020000,1770467883.749772
-1.867088,-0.753228,1.677744,-3.570000,-30.799999,-26.879999,1770467883.757760
-1.603812,-0.756400,1.624552,-3.920000,-118.230003,-30.660000,1770467883.765759
-1.229028,-0.603900,1.521828,-2.380000,-181.860001,-34.020000,1770467883.773774
-0.821792,-0.395036,1.441308,-3.990000,-221.059998,-33.040001,1770467883.781899
-0.458476,-0.180072,1.393240,-5.880000,-242.410004,-38.360001,1770467883.789824
-0.137860,0.025864,1.312964,-13.790000,-248.919998,-29.190001,1770467883.797787
0.087596,0.167140,1.186816,-21.770000,-245.910004,-21.559999,1770467883.805740
0.154208,0.152988,0.963556,-30.660000,-225.050003,-26.530001,1770467883.813766
0.429440,0.178364,0.629520,-34.790001,-209.300003,-20.580000,1770467883.821814
0.467016,0.297436,0.512156,-16.590000,-191.729996,16.590000,1770467883.829769
0.446032,0.326228,0.397232,-8.890000,-167.089996,37.799999,1770467883.837772
0.436272,0.354288,0.267912,-3.780000,-140.839996,45.639999,1770467883.845760
0.428220,0.387228,0.140056,-5.810000,-114.940002,44.520000,1770467883.853759
0.412604,0.394304,0.049776,-2.800000,-88.760002,50.959999,1770467883.861759
0.385032,0.393816,-0.005368,4.130000,-61.740002,43.540001,1770467883.869829
0.349408,0.382592,-0.045384,7.910000,-34.090000,42.840000,1770467883.877869
0.310124,0.363804,-0.073200,16.520000,-5.110000,31.430000,1770467883.885769
0.277916,0.340868,-0.081252,23.100000,22.190001,23.450001,1770467883.893760
0.259372,0.331108,-0.042456,30.799999,51.310001,20.860001,1770467883.901769
0.273036,0.338916,0.069052,35.139999,81.199997,9.660000,1770467883.909756
0.294752,0.347944,0.244000,36.750000,110.180000,9.940000,1770467883.917796
0.318664,0.341356,0.464576,41.650002,139.860001,1.750000,1770467883.925807
0.305732,0.275720,0.730780,36.119999,174.509995,6.020000,1770467883.933920
0.247416,0.157136,0.985516,28.000000,212.520004,-1.610000,1770467883.941804
0.140056,-0.028548,1.240008,16.240000,246.679993,-3.080000,1770467883.949772
0.016592,-0.148840,1.566724,11.900000,273.910004,3.990000,1770467883.957843
-0.192272,-0.162992,2.063264,14.700000,293.440002,11.200000,1770467883.965787
-0.454816,-0.168360,2.643496,1.890000,286.790009,24.920000,1770467883.974526
-0.734440,-0.298412,2.817468,-5.110000,259.070007,41.369999,1770467883.982076
-1.070672,-0.564616,2.362164,-7.630000,231.630005,60.830002,1770467883.989897
-1.270996,-0.650260,1.696532,-18.760000,191.100006,32.689999,1770467883.997805
-1.344928,-0.627568,1.303936,-18.690001,141.539993,22.889999,1770467884.005800
-1.433744,-0.507276,1.178520,-15.330000,107.099998,6.860000,1770467884.013759
-1.481568,-0.339648,1.201456,-17.639999,82.599998,-7.420000,1770467884.021757
-1.421788,-0.127368,1.234396,-24.219999,57.049999,-27.299999,1770467884.030009
-1.303448,0.084668,1.151192,-27.090000,32.410000,-36.189999,1770467884.037759
-1.183888,0.230580,1.002352,-30.240000,6.440000,-49.209999,1770467884.045765
-1.052128,0.294996,0.850584,-36.889999,-16.240000,-60.060001,1770467884.053765
-0.906948,0.313052,0.727852,-36.470001,-35.630001,-64.470001,1770467884.061829
-0.765428,0.310612,0.624152,-30.030001,-53.900002,-67.480003,1770467884.069791
-0.649284,0.311832,0.531432,-23.660000,-69.790001,-63.490002,1770467884.077745
-0.550464,0.323300,0.455060,-12.110000,-85.190002,-64.680000,1770467884.085758
-0.477264,0.344772,0.379176,-6.230000,-98.980003,-62.580002,1770467884.093751
-0.411628,0.339648,0.316712,0.000000,-109.199997,-68.389999,1770467884.101750
-0.273036,0.455792,0.225700,9.870000,-120.540001,-59.779999,1770467884.109830
-0.233020,0.471896,0.202764,17.639999,-130.759995,-50.189999,1770467884.117746
-0.187880,0.490196,0.174704,21.559999,-140.000000,-52.360001,1770467884.125753
-0.090768,0.541192,0.123708,24.920000,-151.550003,-47.389999,1770467884.133773
0.080276,0.624152,0.090036,38.360001,-169.330002,-34.580002,1770467884.141798
0.120292,0.560224,0.113948,46.340000,-182.770004,-13.930000,1770467884.149840
0.153476,0.531676,0.126880,53.130001,-183.050003,8.610000,1770467884.157745
0.167384,0.494100,0.168360,54.110001,-170.520004,22.540001,1770467884.165751
0.177632,0.452864,0.269620,50.189999,-136.710007,30.379999,1770467884.173737
0.187636,0.414068,0.453108,44.450001,-76.790001,43.400002,1770467884.181762
0.183244,0.341112,0.707844,43.680000,1.190000,45.009998,1770467884.189748
0.117120,0.245220,0.985028,36.610001,83.720001,46.549999,1770467884.197749
-0.042456,0.130540,1.315648,34.090000,158.690002,31.290001,1770467884.205795
-0.337696,0.064172,1.769000,27.299999,223.929993,13.230000,1770467884.213754
-0.592432,0.060268,2.160132,34.509998,268.100006,5.600000,1770467884.221754
-1.059692,-0.037332,2.312632,41.509998,285.040009,11.410000,1770467884.229762
-1.563308,-0.309392,2.174772,27.860001,254.589996,5.950000,1770467884.237765
-1.811456,-0.416752,1.924672,14.980000,163.380005,-8.890000,1770467884.245869
-1.914668,-0.525088,1.731912,1.890000,60.410000,-14.630000,1770467884.253753
-1.806576,-0.578280,1.595516,-3.780000,-44.029999,-31.570000,1770467884.261746
-1.502064,-0.532896,1.524024,-7.700000,-131.529999,-37.520000,1770467884.269758
-1.095560,-0.389912,1.478152,-7.560000,-193.619995,-45.009998,1770467884.277733
-0.694912,-0.234972,1.434232,-11.690000,-227.500000,-44.450001,1770467884.285772
-0.344528,-0.084912,1.349076,-13.720000,-248.149994,-47.040001,1770467884.293753
-0.054168,0.033428,1.229272,-21.700001,-252.419998,-39.900002,1770467884.301758
0.105896,0.095648,1.039440,-25.690001,-241.429993,-32.549999,1770467884.309753
0.143472,0.094428,0.819352,-32.759998,-214.550003,-29.540001,1770467884.317752
0.663924,0.285724,0.533140,-32.340000,-209.720001,1.400000,1770467884.325856
0.395036,0.315736,0.412604,-20.580000,-186.199997,18.620001,1770467884.334057
0.393084,0.305244,0.330376,-17.570000,-159.110001,29.469999,1770467884.341817
0.384056,0.333060,0.221796,-21.700001,-129.850006,39.970001,1770467884.349795
0.383324,0.377224,0.123220,-24.010000,-102.900002,41.860001,1770467884.357803
0.366732,0.399672,0.055144,-23.100000,-77.000000,44.240002,1770467884.365769
0.340380,0.413824,0.009516,-20.440001,-49.209999,39.619999,1770467884.373791
0.314272,0.416508,-0.030500,-13.930000,-21.350000,32.970001,1770467884.381766
0.285968,0.406016,-0.069052,-4.480000,5.110000,25.340000,1770467884.389750
0.269376,0.357460,-0.077592,-0.210000,33.320000,18.760000,1770467884.397775
0.272060,0.307196,-0.026596,2.310000,61.880001,13.440000,1770467884.405756
0.292800,0.240096,0.131516,4.200000,92.330002,9.940000,1770467884.413772
0.321348,0.148596,0.389912,6.090000,130.619995,7.910000,1770467884.421777
0.333304,0.074176,0.678076,9.590000,167.440002,10.710000,1770467884.429772
0.311832,-0.026596,0.946964,9.100000,206.289993,7.980000,1770467884.437769
0.212768,-0.157136,1.118740,16.660000,241.289993,8.610000,1770467884.445760
0.077836,-0.222772,1.326872,28.209999,267.049988,12.880000,1770467884.453762
-0.100528,-0.230336,1.633336,38.430000,282.380005,25.480000,1770467884.461756
-0.349652,-0.122976,2.085956,33.320000,275.589996,37.869999,1770467884.469754
-0.718336,-0.089304,2.485872,13.230000,252.630005,42.630001,1770467884.477731
-1.035780,-0.193492,2.321904,1.750000,217.490005,46.689999,1770467884.485760
-1.272460,-0.445788,1.800232,-15.750000,182.839996,33.389999,1770467884.493783
-1.302472,-0.505080,1.417884,-13.790000,137.550003,24.709999,1770467884.501764
-1.356152,-0.459696,1.305888,-2.450000,104.650002,9.170000,1770467884.509766
-1.371036,-0.332572,1.322724,-2.030000,79.169998,-3.570000,1770467884.517754
-1.321992,-0.138104,1.338828,-2.590000,56.419998,-23.379999,1770467884.525921
-1.217316,0.037576,1.270752,-9.520000,37.169998,-35.910000,1770467884.533749
-1.097268,0.157136,1.120936,-15.470000,18.410000,-50.889999,1770467884.541786
-0.977220,0.225212,0.949160,-18.900000,2.100000,-62.439999,1770467884.549782
-0.845460,0.246928,0.805444,-22.540001,-12.670000,-72.730003,1770467884.557763
-0.714188,0.249124,0.702476,-19.459999,-26.600000,-76.580002,1770467884.565765
-0.598776,0.245464,0.617564,-15.050000,-42.000000,-77.559998,1770467884.573754
-0.509960,0.260104,0.541192,-5.460000,-54.529999,-77.489998,1770467884.581770
-0.436272,0.295972,0.471164,4.480000,-67.900002,-73.779999,1770467884.589848
-0.376736,0.336964,0.415776,14.560000,-78.889999,-70.419998,1770467884.597766
-0.341112,0.339648,0.371856,21.000000,-90.650002,-74.550003,1770467884.605792
-0.222772,0.457500,0.305732,32.340000,-99.680000,-60.200001,1770467884.613758
-0.178120,0.501176,0.280600,43.750000,-109.199997,-50.750000,1770467884.621756
-0.121024,0.538264,0.247172,54.389999,-119.000000,-33.950001,1770467884.629870
-0.063928,0.546560,0.216184,61.110001,-127.400002,-18.410000,1770467884.637771
-0.021228,0.545340,0.188124,67.339996,-132.300003,-4.900000,1770467884.645756
0.025864,0.548024,0.172508,69.230003,-135.100006,8.960000,1770467884.653826
0.038308,0.540460,0.188124,64.330002,-127.610001,21.490000,1770467884.661763
0.041236,0.515816,0.244732,53.970001,-104.230003,33.180000,1770467884.669760
0.028060,0.451888,0.384300,38.990002,-54.810001,41.720001,1770467884.677736
-0.006588,0.355264,0.621224,29.680000,10.990000,50.119999,1770467884.685781
-0.103700,0.232776,0.898652,17.430000,85.889999,42.490002,1770467884.693886
-0.281820,0.086864,1.218780,15.190000,155.820007,35.209999,1770467884.701749
-0.480436,0.031476,1.569408,20.299999,209.860001,22.750000,1770467884.709766
-0.979172,-0.028304,1.858304,30.660000,247.240005,24.360001,1770467884.717743
-1.585756,-0.430416,1.993480,25.340000,261.380005,-19.180000,1770467884.725763
-1.913692,-0.587552,1.891488,21.070000,208.669998,-30.520000,1770467884.733831
-2.188924,-0.691252,1.761680,14.420000,109.199997,-35.349998,1770467884.741774
-2.191120,-0.833748,1.640656,1.890000,-20.930000,-48.439999,1770467884.749827
-1.871480,-0.851804,1.570628,2.310000,-138.110001,-48.720001,1770467884.757866
-1.392020,-0.658312,1.519876,9.730000,-222.529999,-48.369999,1770467884.765752
-0.899628,-0.406260,1.476200,11.690000,-277.480011,-46.060001,1770467884.773746
-0.500688,-0.138592,1.430084,9.800000,-300.649994,-44.240002,1770467884.782518
-0.171532,0.090524,1.379820,3.640000,-300.160004,-43.259998,1770467884.789770
0.073444,0.257664,1.308084,-9.660000,-283.429993,-35.070000,1770467884.797764
0.157624,0.247416,1.138504,-27.370001,-253.679993,-38.639999,1770467884.805785
0.465552,0.356972,0.722728,-36.680000,-228.619995,-43.680000,1770467884.813787
0.512644,0.400160,0.654652,-25.200001,-204.750000,-0.490000,1770467884.821745
0.490684,0.431636,0.526796,-13.650000,-173.669998,16.030001,1770467884.829803
0.474336,0.472140,0.394060,-14.210000,-140.559998,25.480000,1770467884.837798
0.467504,0.528016,0.268644,-5.530000,-104.019997,26.670000,1770467884.845766
0.449204,0.552904,0.169824,-1.330000,-72.379997,25.200001,1770467884.853758
0.421144,0.567788,0.100040,5.950000,-42.000000,18.340000,1770467884.861777
0.385276,0.575840,0.058804,12.460000,-18.340000,13.650000,1770467884.869833
0.347212,0.567300,0.020008,16.520000,2.100000,4.550000,1770467884.877739
0.296460,0.540216,-0.031964,19.530001,19.110001,-5.320000,1770467884.885767
0.243512,0.493612,-0.087352,16.450001,36.119999,-13.510000,1770467884.893761
0.198372,0.445300,-0.116388,12.460000,52.849998,-16.870001,1770467884.901763
0.182268,0.373564,-0.081740,6.930000,70.629997,-18.270000,1770467884.909800
0.191540,0.312076,0.029036,-0.210000,91.559998,-16.940001,1770467884.917765
0.221308,0.251320,0.245464,0.350000,115.849998,-9.310000,1770467884.925758
0.239364,0.167140,0.531920,-6.090000,145.250000,-8.540000,1770467884.933765
0.226676,-0.002440,0.842532,-9.240000,180.600006,1.680000,1770467884.941940
0.156160,-0.194468,1.083604,-9.520000,212.940002,3.570000,1770467884.949771
0.127856,-0.323056,1.412516,2.870000,234.919998,12.460000,1770467884.957759
-0.077836,-0.422608,1.863428,10.570000,246.259995,23.520000,1770467884.965759
-0.412360,-0.402844,2.316536,3.150000,252.279999,44.240002,1770467884.974093
-0.836188,-0.456768,2.620804,-8.120000,251.020004,12.180000,1770467884.982649
-1.061156,-0.637328,2.530768,-6.790000,221.899994,12.810000,1770467884.990095
-1.251964,-0.737368,2.061800,-2.240000,175.699997,7.840000,1770467884.997761
-1.344440,-0.633668,1.545984,6.790000,114.379997,-1.050000,1770467885.005775
-1.367376,-0.453108,1.344440,7.140000,64.400002,-12.600000,1770467885.013790
-1.324432,-0.247416,1.346636,9.450000,25.410000,-24.150000,1770467885.021816
-1.221464,-0.038552,1.379332,4.830000,3.990000,-35.700001,1770467885.029766
-1.087264,0.146156,1.339316,-7.000000,-7.910000,-46.130001,1770467885.037779
-0.967704,0.252784,1.217072,-16.660000,-14.910000,-56.490002,1770467885.045772
-0.857660,0.294996,1.049200,-29.190001,-21.209999,-68.250000,1770467885.053801
-0.745664,0.296948,0.918416,-32.549999,-24.850000,-74.129997,1770467885.061759
-0.634400,0.276452,0.800808,-30.100000,-32.759998,-82.949997,1770467885.069763
-0.539484,0.256200,0.690764,-22.750000,-41.230000,-82.529999,1770467885.077767
-0.462136,0.253028,0.601216,-6.790000,-52.990002,-83.089996,1770467885.085755
-0.389668,0.245220,0.517768,4.760000,-65.379997,-82.949997,1770467885.093775
-0.342576,0.299876,0.418216,16.309999,-78.120003,-84.000000,1770467885.101881
-0.302560,0.318908,0.368440,27.230000,-89.809998,-90.930000,1770467885.109783
-0.220820,0.416996,0.304024,39.060001,-99.540001,-89.809998,1770467885.117749
-0.155184,0.492392,0.273768,49.560001,-110.879997,-77.349998,1770467885.125752
-0.072956,0.559248,0.259372,60.270000,-120.959999,-70.279999,1770467885.133735
-0.026108,0.585600,0.246684,68.320000,-129.779999,-52.919998,1770467885.141783
0.025376,0.578768,0.218868,75.459999,-133.770004,-34.509998,1770467885.149781
0.063440,0.560224,0.184708,75.949997,-133.419998,-19.670000,1770467885.157749
0.097844,0.541924,0.146888,76.160004,-131.320007,-5.320000,1770467885.165744
0.110776,0.520696,0.140056,66.010002,-118.860001,5.600000,1770467885.173755
0.129320,0.488244,0.198128,52.779999,-93.239998,15.260000,1770467885.181774
0.153720,0.385764,0.384300,41.439999,-51.869999,16.799999,1770467885.189766
0.140788,0.182512,0.685152,25.270000,11.410000,20.370001,1770467885.197760
0.077592,0.022204,0.989664,28.980000,83.930000,15.890000,1770467885.205750
-0.061244,-0.112972,1.376892,38.360001,152.949997,9.520000,1770467885.213768
-0.254980,-0.120292,1.804380,50.680000,201.179993,11.340000,1770467885.221840
-0.621224,-0.080276,2.100840,53.689999,218.399994,5.110000,1770467885.229756
-1.410564,-0.431392,2.154276,28.770000,239.610001,-20.230000,1770467885.237773
-1.677744,-0.495808,2.057408,9.590000,189.490005,-38.849998,1770467885.245761
-1.910764,-0.597068,2.014464,-7.980000,104.510002,-42.700001,1770467885.253762
-1.944924,-0.713700,1.945656,-17.990000,-4.550000,-52.009998,1770467885.261869
-1.714100,-0.657580,1.828048,-12.180000,-104.860001,-48.299999,1770467885.269771
-1.334924,-0.443592,1.675060,-11.970000,-179.619995,-51.310001,1770467885.277732
-0.928176,-0.209108,1.544520,-14.140000,-225.820007,-50.400002,1770467885.285738
-0.558760,0.007564,1.419592,-17.920000,-246.820007,-50.540001,1770467885.293744
-0.275964,0.201544,1.312964,-26.809999,-249.059998,-56.630001,1770467885.301761
-0.050752,0.320616,1.183888,-35.630001,-241.500000,-53.130001,1770467885.309759
0.055144,0.320372,1.014552,-49.630001,-223.929993,-57.470001,1770467885.317758
0.094672,0.290360,0.787388,-58.310001,-196.979996,-69.510002,1770467885.325760
0.357216,0.490196,0.574864,-39.759998,-194.949997,-28.350000,1770467885.333841
0.403576,0.454328,0.514840,-27.860001,-178.500000,-19.740000,1770467885.341776
0.412848,0.460184,0.407236,-18.129999,-158.619995,0.560000,1770467885.349771
0.420412,0.486536,0.298656,-11.200000,-138.179993,2.100000,1770467885.357763
0.427976,0.488000,0.220332,4.760000,-116.620003,7.560000,1770467885.365781
0.424804,0.479460,0.171776,15.960000,-97.300003,3.990000,1770467885.373765
0.411628,0.479216,0.136884,29.330000,-77.000000,5.390000,1770467885.381793
0.388692,0.463844,0.081984,36.750000,-53.410000,2.660000,1770467885.389789
0.349652,0.426756,0.008052,42.209999,-30.240000,0.770000,1770467885.397751
0.311344,0.382104,-0.053924,45.849998,-6.090000,-4.620000,1770467885.405757
0.290604,0.345260,-0.080032,44.520000,17.990000,-11.200000,1770467885.413742
0.290604,0.309148,-0.053680,44.730000,44.869999,-14.700000,1770467885.421767
0.316956,0.269132,0.048556,43.889999,69.720001,-17.570000,1770467885.429750
0.362584,0.210572,0.252296,41.790001,95.830002,-17.990000,1770467885.438035
0.409920,0.037088,0.582428,36.330002,124.529999,-20.230000,1770467885.445762
0.407724,-0.094916,0.893528,37.799999,160.160004,-20.580000,1770467885.453758
0.400892,-0.262056,1.170468,56.630001,200.759995,-20.020000,1770467885.461774
0.337696,-0.392352,1.460340,78.190002,233.520004,-7.070000,1770467885.469771
0.143472,-0.369416,1.804380,85.190002,253.050003,1.470000,1770467885.477739
-0.134200,-0.245708,2.197708,74.269997,254.169998,-3.850000,1770467885.485760
-0.395280,-0.149084,2.528816,45.290001,231.839996,1.400000,1770467885.493756
-0.628056,-0.174948,2.541260,24.290001,193.339996,9.590000,1770467885.501796
-1.180960,-0.467992,2.383636,11.130000,158.479996,0.070000,1770467885.509835
-1.125328,-0.339160,1.981280,3.220000,120.540001,-13.020000,1770467885.517755
-1.173884,-0.162504,1.639924,1.190000,83.860001,-29.959999,1770467885.525759
-1.162416,0.020984,1.414956,-10.850000,52.290001,-40.950001,1770467885.533744
-1.105564,0.165676,1.274656,-19.110001,30.100000,-59.150002,1770467885.541784
-1.022604,0.252784,1.185108,-25.200001,18.410000,-66.150002,1770467885.549785
-0.943792,0.301340,1.087752,-33.669998,10.290000,-77.000000,1770467885.557756
-0.872300,0.332328,0.941108,-37.799999,0.420000,-83.160004,1770467885.565768
-0.789584,0.332328,0.768844,-40.529999,-13.370000,-87.639999,1770467885.573748
-0.716628,0.332328,0.624152,-33.040001,-32.340000,-90.300003,1770467885.581764
-0.650016,0.348920,0.518256,-17.570000,-53.200001,-90.930000,1770467885.589766
-0.589992,0.380152,0.445544,-8.470000,-70.209999,-92.959999,1770467885.597872
-0.540948,0.463112,0.369416,3.920000,-84.769997,-102.129997,1770467885.605790
-0.413580,0.640256,0.281820,12.740000,-108.010002,-88.830002,1770467885.613757
-0.350140,0.680760,0.264496,12.670000,-125.790001,-80.430000,1770467885.621774
-0.259372,0.735172,0.230580,9.590000,-148.190002,-75.809998,1770467885.629930
-0.152500,0.761036,0.198616,8.540000,-165.550003,-68.180000,1770467885.637779
-0.053680,0.726388,0.172020,13.790000,-180.179993,-57.330002,1770467885.645796
0.013908,0.633668,0.144448,12.670000,-183.539993,-46.270000,1770467885.653913
0.071492,0.556076,0.118340,17.430000,-180.320007,-32.200001,1770467885.661755
0.146644,0.479216,0.125660,25.900000,-169.960007,-19.740000,1770467885.669775
0.180316,0.375760,0.212768,31.780001,-147.419998,-10.080000,1770467885.677738
0.243268,0.268644,0.399916,39.830002,-111.089996,-9.800000,1770467885.685760
0.277428,0.159332,0.697840,49.910000,-59.009998,-9.310000,1770467885.693756
0.259128,0.059048,1.008208,61.180000,2.520000,-15.050000,1770467885.701781
0.166164,0.001220,1.287344,74.199997,63.070000,-24.709999,1770467885.709770
0.021960,-0.001220,1.656272,78.050003,102.830002,-36.750000,1770467885.717754
-0.220332,0.027328,2.111332,73.570000,118.930000,-47.040001,1770467885.725751
-0.567056,-0.024888,2.422188,53.130001,114.169998,-53.759998,1770467885.733757
-0.805688,-0.161772,2.361432,37.730000,80.010002,-46.480000,1770467885.741824
-1.088484,-0.413092,2.238944,18.900000,41.020000,-30.450001,1770467885.749794
-1.121424,-0.629276,2.114748,-7.560000,-10.430000,-52.430000,1770467885.757763
-1.008940,-0.618540,2.006656,-17.290001,-60.340000,-48.299999,1770467885.765770
-0.827648,-0.500688,1.838296,-34.090000,-101.779999,-48.720001,1770467885.773915
-0.612684,-0.340136,1.644804,-47.529999,-129.570007,-49.139999,1770467885.781751
-0.409676,-0.157868,1.458144,-57.119999,-148.330002,-42.560001,1770467885.789758
-0.224968,0.016348,1.265140,-65.870003,-152.740005,-42.209999,1770467885.797757
-0.065880,0.162016,1.074820,-66.220001,-151.059998,-38.639999,1770467885.805757
0.035136,0.223504,0.911340,-65.309998,-144.759995,-34.369999,1770467885.813757
0.069540,0.185684,0.778116,-67.760002,-129.850006,-38.990002,1770467885.821759
0.091500,0.176412,0.630496,-65.589996,-113.750000,-49.279999,1770467885.829865
0.256932,0.409188,0.454328,-38.220001,-114.870003,-9.660000,1770467885.837758
0.276208,0.380152,0.409432,-19.110001,-104.019997,4.340000,1770467885.845764
0.260592,0.431392,0.318664,-5.250000,-95.199997,10.290000,1770467885.853760
0.255224,0.493368,0.233020,10.220000,-82.809998,18.480000,1770467885.861746
0.241804,0.532164,0.174948,28.420000,-71.889999,19.600000,1770467885.869834
0.223504,0.553392,0.135176,37.099998,-58.660000,24.150000,1770467885.877757
0.203984,0.540704,0.109312,42.980000,-40.880001,22.120001,1770467885.885757
0.187392,0.502396,0.065636,41.509998,-25.340000,18.059999,1770467885.893758
0.180560,0.449204,0.017324,40.110001,-7.980000,13.860000,1770467885.901789
0.189100,0.387228,0.004636,38.639999,5.530000,6.930000,1770467885.909836
0.204716,0.317932,0.082960,31.639999,21.559999,4.130000,1770467885.917764
0.250832,0.250832,0.279624,28.209999,35.070000,-3.920000,1770467885.925747
0.347944,0.157624,0.618784,23.309999,48.230000,-13.370000,1770467885.933759
0.426024,0.000488,1.011380,24.010000,68.320000,-19.670000,1770467885.941914
0.450424,-0.176412,1.304180,36.540001,96.320000,-26.389999,1770467885.949784
0.415288,-0.313784,1.537688,51.660000,122.360001,-24.850000,1770467885.957760
0.349164,-0.383080,1.813164,59.430000,136.710007,-17.010000,1770467885.965760
0.193980,-0.291336,2.091568,50.330002,137.199997,-4.200000,1770467885.974017
-0.064172,-0.243512,2.263588,38.009998,131.179993,13.860000,1770467885.982243
-0.247904,-0.290116,2.248948,31.290001,114.870003,24.290001,1770467885.989931
-0.412360,-0.286944,2.189656,26.110001,92.260002,36.889999,1770467885.997925
-0.902556,-0.429440,2.160864,15.400000,87.849998,21.209999,1770467886.005809
-0.816180,-0.197640,1.868308,-5.110000,80.639999,6.720000,1770467886.013762
-0.867176,-0.020252,1.667252,-11.970000,77.559998,-8.330000,1770467886.021758
-0.904020,0.121512,1.495964,-21.139999,66.220001,-15.400000,1770467886.029781
-0.901580,0.232532,1.334192,-27.230000,49.490002,-16.520000,1770467886.037754
-0.885964,0.321836,1.180472,-29.750000,31.290001,-29.120001,1770467886.045789
-0.847168,0.379664,1.033828,-34.369999,13.090000,-31.219999,1770467886.053793
-0.790804,0.407236,0.875716,-31.010000,-7.560000,-37.869999,1770467886.061758
-0.732732,0.442860,0.725900,-23.309999,-29.889999,-42.209999,1770467886.069882
-0.665632,0.479704,0.604876,-12.040000,-52.990002,-45.290001,1770467886.077771
-0.593896,0.456524,0.521428,-3.220000,-75.739998,-49.419998,1770467886.085766
-0.586576,0.493124,0.415044,5.740000,-90.440002,-64.050003,1770467886.093753
-0.423584,0.653432,0.275232,19.110001,-102.199997,-44.310001,1770467886.101790
-0.356728,0.709308,0.190564,29.959999,-117.669998,-31.010000,1770467886.109750
-0.284992,0.756644,0.112240,31.219999,-136.990005,-12.390000,1770467886.117768
-0.228872,0.800320,0.038308,29.469999,-157.429993,-3.500000,1770467886.125835
-0.141032,0.821060,-0.028304,22.680000,-176.960007,3.640000,1770467886.133748
-0.058560,0.778116,-0.065636,19.250000,-196.839996,10.640000,1770467886.141953
0.020496,0.707356,-0.079544,14.070000,-205.100006,7.280000,1770467886.149765
0.141032,0.635376,-0.079788,7.420000,-209.649994,16.240000,1770467886.157751
0.220820,0.562664,-0.012688,1.540000,-201.389999,15.260000,1770467886.165792
0.309880,0.487024,0.136640,-6.370000,-183.190002,12.460000,1770467886.173755
0.409188,0.369416,0.345504,-10.640000,-153.089996,7.770000,1770467886.181762
0.533628,0.194956,0.623420,-4.270000,-121.800003,3.010000,1770467886.189764
0.560468,0.019276,0.946476,0.350000,-78.750000,-0.910000,1770467886.197753
0.521184,-0.086132,1.279292,6.300000,-24.639999,-10.500000,1770467886.205755
0.528016,-0.228628,1.695312,-3.920000,29.120001,-19.879999,1770467886.213754
0.531432,-0.238144,2.231868,-14.770000,59.990002,-29.889999,1770467886.221803
0.442860,-0.244976,2.755980,-29.680000,73.989998,-28.559999,1770467886.229870
0.180560,-0.448960,2.792336,-42.349998,75.459999,-21.700001,1770467886.237748
-0.004392,-0.577792,2.641056,-40.180000,64.680000,-12.390000,1770467886.245771
-0.133956,-0.625860,2.485628,-48.860001,44.099998,-6.440000,1770467886.253833
-0.253272,-0.524356,2.162572,-60.549999,27.230000,-9.450000,1770467886.261759
-0.264740,-0.333792,1.786080,-72.239998,15.190000,-14.770000,1770467886.269764
-0.205204,-0.146156,1.491816,-72.730003,2.170000,-11.690000,1770467886.277737
-0.165920,0.034160,1.287832,-65.589996,-10.640000,-8.750000,1770467886.285745
-0.105408,0.182756,1.135820,-54.250000,-18.969999,-4.480000,1770467886.293756
-0.050020,0.260836,1.030656,-48.230000,-23.799999,1.890000,1770467886.301761
-0.019276,0.263032,0.922076,-42.139999,-26.180000,4.060000,1770467886.309842
0.029768,0.257420,0.773236,-38.990002,-27.650000,0.420000,1770467886.317756
0.119072,0.453352,0.598532,-12.460000,-37.520000,39.619999,1770467886.325760
0.147620,0.397232,0.498980,-1.190000,-44.240002,52.990002,1770467886.333761
0.130784,0.405528,0.345016,5.880000,-43.889999,58.099998,1770467886.341770
0.126148,0.398696,0.239852,17.990000,-38.849998,63.840000,1770467886.349790
0.116388,0.408456,0.156892,27.860001,-28.559999,68.040001,1770467886.357745
0.106384,0.429440,0.069052,38.430000,-18.900000,71.610001,1770467886.365766
0.095892,0.452376,0.004636,38.430000,-11.690000,69.650002,1770467886.373787
0.090768,0.440420,-0.038308,36.400002,-5.880000,67.480003,1770467886.381879
0.109800,0.369904,-0.023912,34.650002,-0.210000,58.099998,1770467886.389792
0.160308,0.263520,0.043676,27.299999,4.760000,46.130001,1770467886.397764
0.225944,0.154452,0.153720,25.900000,8.050000,32.410000,1770467886.405763
0.291092,0.009028,0.345016,24.920000,12.670000,25.480000,1770467886.413777
0.372344,-0.113216,0.606584,29.400000,18.760000,13.720000,1770467886.421916
0.461892,-0.262788,0.967460,32.549999,30.660000,9.170000,1770467886.429797
0.517036,-0.348432,1.393728,35.419998,48.439999,13.720000,1770467886.437747
0.561444,-0.461160,1.763388,37.450001,65.099998,10.220000,1770467886.445785
0.577060,-0.611464,2.014464,31.219999,69.650002,13.790000,1770467886.453771
0.543144,-0.757864,2.138416,25.549999,65.449997,21.980000,1770467886.461906
0.358436,-0.688324,2.240896,36.119999,69.440002,31.780001,1770467886.469783
0.174460,-0.596336,2.222352,52.080002,81.550003,33.740002,1770467886.477748
0.027084,-0.383812,2.159156,57.959999,98.629997,24.430000,1770467886.485762
-0.109556,-0.111020,2.048624,47.950001,116.830002,17.570000,1770467886.493761
-0.260836,0.112728,1.867576,27.299999,131.110001,6.370000,1770467886.501760
-0.369172,0.267668,1.646024,11.970000,137.410004,2.310000,1770467886.509830
-0.513376,0.396988,1.420324,-2.520000,138.179993,-7.280000,1770467886.517758
-0.611952,0.510204,1.224880,-7.070000,129.500000,-18.760000,1770467886.525761
-0.702232,0.600728,1.023092,-12.110000,113.400002,-27.090000,1770467886.533743
-0.729804,0.705648,0.798856,-9.870000,90.790001,-25.480000,1770467886.542079
-0.773724,0.731024,0.632692,-2.450000,60.830002,-24.639999,1770467886.549781
-0.778604,0.728584,0.488488,-1.330000,25.549999,-15.820000,1770467886.557773
-0.736148,0.749568,0.359656,5.110000,-8.120000,-13.230000,1770467886.565765
-0.662216,0.781288,0.242292,3.920000,-40.740002,-4.970000,1770467886.573799
-0.585356,0.812520,0.123220,4.340000,-72.309998,2.310000,1770467886.581893
-0.512156,0.845216,0.013176,-0.560000,-103.669998,11.200000,1770467886.589770
-0.402844,0.873764,-0.079300,-5.460000,-132.649994,18.480000,1770467886.597758
-0.288652,0.883768,-0.143472,-3.570000,-161.839996,24.570000,1770467886.605768
-0.168360,0.788608,-0.158112,-6.580000,-184.449997,32.270000,1770467886.613797
-0.063196,0.638060,-0.126636,-12.320000,-198.660004,36.330002,1770467886.621880
0.049288,0.485560,-0.062952,-18.340000,-199.149994,33.950001,1770467886.629801
0.154696,0.331596,0.076372,-18.900000,-185.850006,26.809999,1770467886.637763
0.242536,0.159088,0.312808,-14.350000,-162.190002,12.670000,1770467886.645778
0.336720,0.020008,0.624152,-3.990000,-128.449997,2.590000,1770467886.653844
0.400160,-0.191784,1.029924,8.330000,-94.639999,-1.820000,1770467886.661876
0.394304,-0.301340,1.441796,31.430000,-54.320000,-7.350000,1770467886.669768
0.344528,-0.441640,1.955904,36.610001,-15.540000,-13.020000,1770467886.677742
0.296704,-0.498004,2.497584,23.240000,2.660000,-48.230000,1770467886.685759
0.392596,-0.320860,2.912384,9.660000,7.210000,-41.790001,1770467886.693761
0.199348,-0.406016,2.861632,-15.470000,-5.530000,-33.250000,1770467886.701783
0.084912,-0.541436,2.541748,-28.559999,-27.650000,-25.410000,1770467886.709869
0.138104,-0.486292,2.295308,-39.130001,-46.759998,-16.309999,1770467886.717749
0.217160,-0.401868,2.031056,-54.740002,-57.119999,-5.740000,1770467886.725760
0.241072,-0.294752,1.744600,-62.439999,-54.880001,4.900000,1770467886.733771
0.263276,-0.131760,1.514996,-57.750000,-45.430000,9.730000,1770467886.741878
0.276452,0.067832,1.342000,-54.880001,-34.650002,16.030001,1770467886.749769
0.260592,0.186660,1.215364,-53.759998,-21.700001,17.010000,1770467886.757778
0.241316,0.275476,1.064816,-54.459999,-11.270000,9.310000,1770467886.765770
0.435296,0.630984,0.827404,-40.950001,-7.700000,40.740002,1770467886.773760
0.318420,0.535824,0.816912,-26.879999,2.660000,57.959999,1770467886.781759
0.290848,0.536312,0.651236,-25.549999,2.100000,74.269997,1770467886.789795
0.243268,0.538752,0.469700,-21.559999,8.190000,80.220001,1770467886.797790
0.193980,0.511424,0.283040,-11.760000,13.650000,93.800003,1770467886.805792
0.149084,0.500932,0.129808,-6.020000,18.900000,95.620003,1770467886.813768
0.102236,0.504348,0.006832,-0.910000,23.870001,97.089996,1770467886.821762
0.077592,0.503372,-0.085400,0.140000,28.209999,98.419998,1770467886.829813
0.069296,0.465308,-0.122488,-6.440000,30.660000,95.760002,1770467886.837771
0.084668,0.379176,-0.114924,-8.890000,31.990000,87.570000,1770467886.845792
0.129076,0.262788,-0.074908,-14.700000,31.080000,72.029999,1770467886.853835
0.177144,0.170556,0.020740,-13.440000,28.840000,48.930000,1770467886.861756
0.245220,0.049044,0.201788,-8.960000,27.299999,25.480000,1770467886.869756
0.368684,-0.072712,0.462136,-5.320000,27.440001,10.990000,1770467886.877740
0.499468,-0.242048,0.815692,9.660000,27.090000,-2.590000,1770467886.885764
0.616832,-0.378200,1.186572,21.280001,32.970001,-10.150000,1770467886.893761
0.709308,-0.630496,1.601128,29.120001,46.830002,-36.189999,1770467886.901740
0.879376,-0.740052,1.926380,42.630001,64.889999,-34.020000,1770467886.909798
0.907192,-0.876692,2.157204,52.360001,81.480003,-21.000000,1770467886.917764
0.903288,-0.967460,2.278716,48.299999,96.739998,4.480000,1770467886.925754
0.688324,-0.877424,2.161352,49.980000,117.180000,33.669998,1770467886.933766
0.472140,-0.753960,1.904908,57.750000,135.940002,51.169998,1770467886.941852
0.173484,-0.547048,1.680672,62.650002,160.580002,58.590000,1770467886.949778
-0.088572,-0.289140,1.515240,56.980000,191.240005,53.410000,1770467886.957765
-0.354044,-0.053192,1.411296,46.619999,220.850006,37.029999,1770467886.965761
-0.518012,0.185196,1.355420,36.540001,235.410004,23.520000,1770467886.974015
-0.684664,0.369904,1.287832,20.650000,233.380005,14.420000,1770467886.982292
-0.811300,0.514352,1.152900,4.900000,213.919998,0.980000,1770467886.990610
-0.908900,0.603900,0.949892,-6.090000,184.940002,-0.490000,1770467886.997779
-0.978684,0.646600,0.736636,-6.440000,140.770004,-13.230000,1770467887.005839
-0.991860,0.659776,0.572180,-0.350000,93.449997,-18.760000,1770467887.013763
-0.926712,0.645868,0.468480,7.630000,45.570000,-33.180000,1770467887.021890
-0.882792,0.646844,0.419680,14.210000,11.200000,-30.520000,1770467887.029922
-0.670512,0.752008,0.312808,18.690001,-21.770000,-12.950000,1770467887.037746
-0.562908,0.728584,0.248880,16.240000,-56.980000,-4.410000,1770467887.045804
-0.440420,0.698328,0.154208,6.090000,-94.639999,6.860000,1770467887.054057
-0.342088,0.656604,0.063928,4.410000,-119.209999,7.490000,1770467887.061758
-0.208620,0.661728,-0.033672,8.680000,-143.289993,17.920000,1770467887.069768
-0.090524,0.624640,-0.086376,16.660000,-166.740005,28.000000,1770467887.077851
-0.037332,0.549732,-0.071980,19.320000,-180.179993,31.500000,1770467887.085753
0.036600,0.492392,-0.001708,13.300000,-182.839996,32.619999,1770467887.093751
0.117852,0.391864,0.150304,5.110000,-167.580002,30.590000,1770467887.101756
0.216428,0.262056,0.379908,4.550000,-147.350006,23.100000,1770467887.109779
0.380640,0.130296,0.647576,-5.670000,-118.860001,15.680000,1770467887.117746
0.328912,0.034160,0.981368,3.360000,-75.879997,6.720000,1770467887.125803
0.308904,-0.018300,1.328336,14.630000,-26.459999,-5.670000,1770467887.133752
0.249856,-0.046848,1.762412,31.010000,27.020000,-20.020000,1770467887.141752
0.133224,-0.071492,2.321904,41.439999,70.419998,-40.880001,1770467887.149845
0.004148,0.010736,2.851628,31.990000,94.290001,-52.360001,1770467887.157756
-0.256688,-0.066124,3.000712,8.680000,105.000000,-53.549999,1770467887.165751
-0.439444,-0.278648,2.761836,-17.780001,81.760002,-47.810001,1770467887.173749
-0.466040,-0.363804,2.466596,-38.430000,30.730000,-34.860001,1770467887.181759
-0.465552,-0.366244,2.152812,-59.009998,-26.600000,-26.950001,1770467887.189760
-0.388936,-0.320860,1.808772,-82.110001,-68.879997,-15.260000,1770467887.197827
-0.266936,-0.296704,1.502552,-89.529999,-90.230003,-8.120000,1770467887.205764
-0.110532,-0.206424,1.255136,-92.959999,-102.760002,-3.640000,1770467887.213749
0.025620,-0.086376,1.066524,-85.680000,-102.900002,5.810000,1770467887.221752
0.100772,0.011712,0.883280,-74.410004,-96.739998,4.900000,1770467887.229755
0.116632,0.050752,0.729072,-70.070000,-82.320000,10.150000,1770467887.237747
0.328424,0.061000,0.561932,-60.200001,-78.400002,6.650000,1770467887.245877
0.325984,0.253272,0.444324,-39.340000,-73.010002,37.240002,1770467887.253750
0.310856,0.264984,0.334036,-24.780001,-60.900002,51.169998,1770467887.261762
0.301340,0.296948,0.210084,-15.960000,-48.090000,55.230000,1770467887.269752
0.279868,0.345016,0.108580,-4.690000,-32.900002,66.639999,1770467887.277747
0.260836,0.364048,0.043188,5.740000,-13.790000,70.699997,1770467887.285841
0.232044,0.373808,-0.002440,16.309999,3.570000,74.970001,1770467887.293757
0.207400,0.376004,-0.028548,21.980000,19.950001,79.589996,1770467887.301761
0.176900,0.373076,-0.037576,28.770000,31.990000,78.120003,1770467887.309765
0.157136,0.339404,0.010492,27.510000,42.980000,74.620003,1770467887.317751
0.172752,0.279136,0.133956,29.540001,49.700001,61.529999,1770467887.325784
0.204960,0.225456,0.317932,26.110001,53.970001,46.130001,1770467887.333762
0.254004,0.155184,0.564372,24.780001,55.439999,28.139999,1770467887.341761
0.304512,0.019276,0.832040,27.440001,53.970001,10.500000,1770467887.349818
0.345260,-0.121024,1.096292,36.959999,59.080002,1.680000,1770467887.357758
0.401136,-0.240584,1.378600,52.639999,67.830002,-10.220000,1770467887.365796
0.452132,-0.379420,1.665788,59.779999,72.099998,-9.800000,1770467887.373747
0.450424,-0.485560,1.936140,60.970001,73.010002,-12.950000,1770467887.381784
0.374784,-0.591212,2.166232,55.090000,68.529999,-10.010000,1770467887.389848
0.278160,-0.621712,2.316780,51.240002,70.839996,6.860000,1770467887.397766
0.206180,-0.673684,2.309704,45.290001,71.050003,22.120001,1770467887.405759
0.023912,-0.577792,2.173552,37.310001,79.660004,36.330002,1770467887.413754
-0.142496,-0.453108,2.006168,27.580000,95.970001,39.480000,1770467887.421757
-0.410896,-0.316468,1.810480,15.960000,127.190002,20.719999,1770467887.429805
-0.555588,-0.126392,1.697508,7.770000,143.080002,7.350000,1770467887.437769
-0.678320,0.076128,1.591612,0.140000,147.279999,-1.400000,1770467887.445772
-0.767136,0.288164,1.432280,-11.760000,139.440002,-14.140000,1770467887.453749
-0.812032,0.434564,1.237812,-24.080000,120.330002,-13.930000,1770467887.461760
-0.844972,0.526308,1.021628,-29.680000,91.419998,-18.830000,1770467887.469846
-0.848388,0.555832,0.814228,-35.980000,54.389999,-21.770000,1770467887.477789
-0.827404,0.574620,0.647820,-31.219999,14.000000,-32.900002,1770467887.485758
-0.818132,0.575596,0.511180,-19.670000,-18.200001,-34.790001,1770467887.493760
-0.668804,0.614148,0.382104,-5.250000,-50.470001,-22.260000,1770467887.501768
-0.597800,0.602436,0.315004,7.350000,-79.730003,-9.940000,1770467887.509764
-0.503128,0.622444,0.220820,8.890000,-104.300003,-0.770000,1770467887.517757
-0.421876,0.643672,0.120536,12.320000,-125.790001,3.920000,1770467887.525757
-0.349652,0.653920,0.030988,10.570000,-142.309998,8.190000,1770467887.533741
-0.236192,0.697596,-0.068076,7.420000,-160.229996,12.110000,1770467887.541799
-0.101504,0.702964,-0.147864,9.310000,-178.639999,26.040001,1770467887.549794
-0.038064,0.647088,-0.161284,0.560000,-194.389999,33.459999,1770467887.557886
0.046604,0.567300,-0.139080,-6.650000,-204.259995,30.940001,1770467887.565765
0.137860,0.472140,-0.053680,-20.090000,-201.320007,25.410000,1770467887.573760
0.226188,0.335500,0.122488,-27.230000,-181.089996,17.500000,1770467887.581769
0.339892,0.204228,0.360876,-29.330000,-153.509995,4.340000,1770467887.589758
0.477996,0.035868,0.680760,-25.900000,-126.209999,-1.120000,1770467887.597814
0.482144,-0.081008,1.059936,-14.980000,-81.059998,-7.000000,1770467887.605772
0.443348,-0.163236,1.406904,-3.220000,-24.709999,-12.950000,1770467887.613817
0.408700,-0.237900,1.774612,4.410000,34.650002,-24.080000,1770467887.621753
0.344040,-0.312320,2.200392,4.970000,65.309998,-37.730000,1770467887.629755
0.280844,-0.243024,2.599332,-10.080000,75.529999,-36.959999,1770467887.637779
0.018300,-0.418216,2.698396,-28.209999,67.620003,-26.809999,1770467887.645987
-0.164212,-0.590236,2.547116,-36.889999,42.070000,-19.879999,1770467887.653763
-0.190076,-0.680272,2.414868,-42.419998,7.840000,-4.060000,1770467887.661800
-0.258640,-0.652456,2.128168,-55.090000,-18.690001,-3.920000,1770467887.669880
-0.176900,-0.589260,1.754360,-73.779999,-39.900002,-7.840000,1770467887.677741
-0.074664,-0.399428,1.464732,-68.949997,-55.439999,-4.200000,1770467887.685759
0.026596,-0.211548,1.243668,-66.150002,-66.010002,-1.820000,1770467887.693763
0.123220,-0.038796,1.067500,-59.220001,-70.769997,4.480000,1770467887.701869
0.129808,0.068808,0.923540,-52.849998,-67.129997,4.900000,1770467887.709792
0.268888,0.006588,0.790072,-53.340000,-62.090000,10.080000,1770467887.717758
0.250344,0.102480,0.633912,-42.980000,-60.900002,2.100000,1770467887.725761
0.371612,0.267912,0.533384,-9.660000,-50.330002,51.730000,1770467887.733756
0.350628,0.233752,0.457988,3.710000,-38.080002,57.189999,1770467887.741777
0.336232,0.254248,0.348676,13.860000,-24.080000,67.339996,1770467887.749790
0.312076,0.274012,0.260836,23.799999,-3.990000,68.110001,1770467887.757838
0.284016,0.288164,0.187636,33.110001,15.890000,70.910004,1770467887.765808
0.249124,0.308172,0.114680,37.240002,33.320000,71.820000,1770467887.773758
0.199348,0.337208,0.040504,38.220001,45.709999,70.209999,1770467887.781765
0.153720,0.343064,-0.006100,35.070000,54.180000,69.790001,1770467887.789755
0.133224,0.302804,0.001708,26.180000,60.830002,63.070000,1770467887.797779
0.157136,0.251320,0.071736,20.299999,65.309998,54.669998,1770467887.805849
0.203740,0.208132,0.223992,15.330000,67.059998,39.970001,1770467887.813755
0.268888,0.144448,0.485560,15.750000,66.290001,22.750000,1770467887.821757
0.345016,0.051240,0.796904,20.299999,63.840000,3.150000,1770467887.829750
0.428708,-0.081740,1.135576,25.760000,66.570000,-9.240000,1770467887.837824
0.498248,-0.216916,1.473760,37.310001,76.510002,-18.760000,1770467887.845783
0.594628,-0.358924,1.720688,44.099998,87.290001,-20.370001,1770467887.853778
0.630984,-0.487512,1.871480,47.880001,92.820000,-15.260000,1770467887.861771
0.630496,-0.641720,2.015928,48.860001,93.940002,0.490000,1770467887.869783
0.442128,-0.686372,2.127192,44.099998,107.870003,22.330000,1770467887.877753
0.201544,-0.801296,2.138660,40.320000,121.870003,26.670000,1770467887.885750
-0.094184,-0.810812,2.016172,27.860001,152.949997,12.460000,1770467887.893764
-0.257420,-0.644648,1.864160,27.860001,179.970001,8.050000,1770467887.901764
-0.450668,-0.442372,1.744600,21.770000,196.279999,5.040000,1770467887.909803
-0.623420,-0.218868,1.636264,13.510000,202.089996,-0.700000,1770467887.917766
-0.772992,0.009760,1.521584,4.550000,195.369995,-8.750000,1770467887.925762
-0.886208,0.237412,1.385188,-7.770000,178.639999,-18.969999,1770467887.933757
-0.945012,0.423340,1.211216,-23.240000,150.500000,-24.920000,1770467887.941776
-0.972584,0.514108,1.003816,-32.340000,116.760002,-34.860001,1770467887.949903
-0.961360,0.530456,0.815692,-34.230000,81.550003,-41.299999,1770467887.957766
-0.903044,0.509716,0.669048,-26.320000,45.290001,-49.770000,1770467887.965759
-0.816668,0.482632,0.556320,-16.309999,9.310000,-58.310001,1770467887.974014
-0.694912,0.437980,0.476532,-4.130000,-20.790001,-56.490002,1770467887.982297
-0.574376,0.407480,0.386740,-0.980000,-50.400002,-62.369999,1770467887.990095
-0.537776,0.391376,0.290360,9.310000,-68.599998,-67.690002,1770467887.997791
-0.317932,0.515572,0.180072,22.540001,-84.559998,-35.419998,1770467888.005783
-0.244244,0.553148,0.122732,24.780001,-113.190002,-16.730000,1770467888.013761
-0.186172,0.547292,0.076616,25.129999,-134.190002,1.750000,1770467888.021759
-0.126636,0.514596,0.041480,24.570000,-151.550003,11.760000,1770467888.029922
-0.050264,0.494344,0.033428,23.450001,-162.539993,18.059999,1770467888.037842
0.080276,0.491660,0.056364,30.660000,-169.820007,29.469999,1770467888.045760
0.126636,0.465552,0.152012,28.980000,-166.600006,37.240002,1770467888.053823
0.223016,0.428464,0.319396,23.870001,-150.850006,38.570000,1770467888.061771
0.316468,0.386740,0.553880,18.410000,-121.800003,34.790001,1770467888.069778
0.415776,0.341844,0.790316,15.680000,-86.800003,33.669998,1770467888.077762
0.449936,0.263520,1.017236,15.120000,-42.419998,20.930000,1770467888.085751
0.417728,0.151036,1.267824,16.799999,13.300000,14.350000,1770467888.093755
0.343552,0.048556,1.552816,24.080000,71.610001,2.100000,1770467888.101820
0.228872,0.000976,1.939800,35.630001,121.589996,-12.880000,1770467888.109770
0.065148,-0.078324,2.324832,33.389999,148.399994,-19.320000,1770467888.117751
-0.228872,-0.287432,2.534428,28.000000,154.630005,-22.469999,1770467888.125751
-0.435784,-0.429928,2.502952,25.900000,129.500000,-11.130000,1770467888.133752
-0.860832,-0.785924,2.490508,6.090000,100.589996,-6.300000,1770467888.141750
-0.845948,-0.717604,2.123776,-19.320000,42.279999,-14.280000,1770467888.149881
-0.854976,-0.636840,1.807796,-33.529999,-13.650000,-14.630000,1770467888.157778
-0.756644,-0.518744,1.552572,-47.669998,-64.120003,-18.200001,1770467888.165761
-0.576572,-0.387472,1.363960,-59.080002,-93.800003,-15.960000,1770467888.173764
-0.368684,-0.255468,1.235616,-66.080002,-111.440002,-15.540000,1770467888.181797
-0.176168,-0.123464,1.107516,-66.080002,-116.970001,-12.040000,1770467888.189849
-0.013420,-0.012688,0.960140,-68.320000,-118.440002,-9.660000,1770467888.197748
0.091744,0.064172,0.826672,-63.000000,-113.540001,-5.320000,1770467888.205753
0.120536,0.093208,0.715164,-59.009998,-102.059998,-7.420000,1770467888.213751
0.268400,-0.010980,0.602436,-57.889999,-94.639999,-10.920000,1770467888.221753
0.438224,0.411384,0.364292,-35.770000,-92.540001,15.890000,1770467888.229770
0.307928,0.310856,0.331352,-15.890000,-77.559998,39.270000,1770467888.237811
0.288408,0.349652,0.234728,-7.980000,-66.220001,46.900002,1770467888.245746
0.273036,0.396012,0.156160,-1.120000,-53.130001,54.180000,1770467888.253766
0.246440,0.406260,0.101504,6.440000,-35.349998,61.250000,1770467888.261756
0.217404,0.377468,0.062708,12.320000,-16.520000,65.449997,1770467888.269761
0.188124,0.323544,0.044896,17.219999,3.220000,66.430000,1770467888.277784
0.173484,0.248636,0.065392,22.540001,21.070000,63.910000,1770467888.285746
0.178120,0.191296,0.141764,27.230000,36.540001,53.759998,1770467888.293753
0.189588,0.155672,0.264496,30.870001,49.209999,43.750000,1770467888.301759
0.224480,0.121756,0.449692,37.310001,53.270000,29.400000,1770467888.309756
0.289384,0.080276,0.713700,36.680000,55.439999,21.280001,1770467888.317754
0.344772,0.020008,0.971120,41.090000,58.520000,3.780000,1770467888.325809
0.357216,-0.066856,1.175592,49.560001,65.379997,-7.420000,1770467888.333755
0.354288,-0.173484,1.355420,64.889999,77.070000,-12.950000,1770467888.341759
0.385764,-0.263764,1.506456,81.900002,84.419998,-12.040000,1770467888.350033
0.399916,-0.346724,1.665788,91.769997,80.150002,-8.680000,1770467888.357749
0.316468,-0.366976,1.899052,96.110001,74.059998,-1.610000,1770467888.365762
0.193492,-0.365024,2.142564,86.660004,75.180000,7.840000,1770467888.373784
0.080520,-0.380640,2.264320,65.309998,79.099998,16.730000,1770467888.381773
-0.059780,-0.386984,2.275544,43.750000,80.989998,24.010000,1770467888.389851
-0.179340,-0.353312,2.157692,18.480000,85.050003,28.559999,1770467888.397739
-0.709796,-0.494344,2.017880,-1.190000,104.860001,9.730000,1770467888.405774
-0.561688,-0.297680,1.710196,-15.260000,106.820000,-1.330000,1770467888.413827
-0.644892,-0.123952,1.555744,-18.549999,108.290001,-16.170000,1770467888.421759
-0.700768,0.065636,1.462536,-24.010000,98.070000,-13.790000,1770467888.429755
-0.735904,0.235460,1.359568,-36.189999,80.639999,-17.219999,1770467888.437763
-0.752984,0.346968,1.208288,-47.669998,60.480000,-24.010000,1770467888.445783
-0.742736,0.410164,1.046760,-58.310001,38.220001,-27.860001,1770467888.453765
-0.721508,0.442616,0.889136,-56.910000,11.970000,-33.110001,1770467888.461761
-0.679784,0.467504,0.746396,-46.340000,-14.770000,-33.459999,1770467888.469753
-0.635132,0.466284,0.639768,-40.810001,-40.040001,-33.880001,1770467888.477783
-0.559492,0.424804,0.542900,-32.549999,-65.099998,-36.959999,1770467888.485758
-0.517280,0.427244,0.454816,-25.690001,-81.199997,-47.950001,1770467888.493757
-0.343064,0.528016,0.343796,-15.890000,-91.279999,-33.040001,1770467888.501755
-0.311100,0.541192,0.301340,-3.710000,-100.309998,-23.450001,1770467888.509755
-0.237900,0.556808,0.243512,-4.410000,-113.889999,-15.750000,1770467888.517766
-0.169092,0.562664,0.196176,-1.540000,-126.489998,-12.040000,1770467888.525785
-0.106384,0.557296,0.158600,-5.250000,-136.850006,-9.450000,1770467888.533745
-0.051972,0.525088,0.134200,-6.440000,-143.850006,-5.740000,1770467888.541763
0.069540,0.476776,0.106628,-3.570000,-150.639999,-0.140000,1770467888.549771
0.117608,0.376492,0.119804,-4.270000,-152.389999,5.810000,1770467888.558098
0.168360,0.307928,0.182024,3.640000,-144.619995,6.930000,1770467888.565762
0.222528,0.251808,0.315004,10.920000,-126.070000,6.790000,1770467888.573760
0.306952,0.191052,0.510204,20.440001,-102.059998,9.520000,1770467888.581869
0.324032,0.108336,0.752984,27.440001,-73.849998,7.490000,1770467888.589784
0.291580,0.021472,0.982588,31.360001,-38.639999,-1.820000,1770467888.597770
0.216184,-0.046604,1.166076,37.450001,0.210000,-11.130000,1770467888.605800
0.130784,-0.124684,1.390312,37.660000,33.110001,-18.129999,1770467888.613762
0.062220,-0.206912,1.657980,34.160000,47.669998,-26.950001,1770467888.621854
-0.074664,-0.284260,1.967372,24.850000,44.450001,-40.459999,1770467888.629767
-0.194468,-0.386496,2.148420,10.360000,31.780001,-38.919998,1770467888.637816
-0.284748,-0.485072,2.198440,1.540000,9.520000,-25.620001,1770467888.645768
-0.313540,-0.597800,2.208932,-7.210000,-18.200001,-8.540000,1770467888.653767
-0.438712,-0.793488,2.148664,-25.340000,-27.020000,-15.050000,1770467888.661760
-0.332328,-0.714920,1.937604,-25.549999,-41.299999,-20.090000,1770467888.669783
-0.210572,-0.539240,1.742160,-33.320000,-53.900002,-18.549999,1770467888.677764
-0.083936,-0.329400,1.554280,-38.639999,-64.540001,-9.660000,1770467888.685769
0.018544,-0.108580,1.388116,-45.709999,-70.000000,-9.800000,1770467888.693757
0.113216,0.077836,1.257088,-48.790001,-69.089996,1.540000,1770467888.701758
0.101992,0.186660,1.136308,-52.919998,-57.959999,4.060000,1770467888.709760
0.136884,0.193736,1.013820,-60.410000,-46.900002,-0.490000,1770467888.717860
0.556320,0.359168,0.823744,-53.689999,-57.889999,16.940001,1770467888.725754
0.273280,0.512888,0.815448,-26.809999,-41.650002,39.970001,1770467888.733754
0.264740,0.496296,0.720044,-25.340000,-38.009998,53.270000,1770467888.741767
0.244732,0.518988,0.589260,-23.100000,-32.480000,53.060001,1770467888.749775
0.227896,0.506788,0.488488,-21.070000,-24.219999,56.700001,1770467888.757781
0.208132,0.483852,0.405040,-14.770000,-16.240000,61.250000,1770467888.765758
0.199592,0.446520,0.342820,-10.990000,-8.680000,57.330002,1770467888.773769
0.187148,0.396256,0.300364,-8.260000,-0.140000,59.709999,1770467888.781760
0.192516,0.318420,0.277184,-2.800000,7.910000,51.520000,1770467888.789885
0.217648,0.247660,0.269620,-1.120000,13.440000,48.230000,1770467888.797787
0.240096,0.194224,0.247172,5.460000,18.200001,40.740002,1770467888.805762
0.253516,0.141764,0.237412,11.410000,22.750000,33.389999,1770467888.813761
0.277428,0.090768,0.290360,17.219999,28.770000,29.469999,1770467888.821769
0.319640,0.006832,0.423096,29.889999,32.900002,17.360001,1770467888.829763
0.391864,-0.064660,0.610000,41.650002,36.540001,8.050000,1770467888.837817
0.464088,-0.152256,0.835944,53.130001,37.520000,-0.630000,1770467888.845764
0.540216,-0.261080,1.094584,59.430000,42.209999,-6.440000,1770467888.853964
0.598044,-0.391864,1.304912,65.519997,51.869999,3.360000,1770467888.861756
0.648796,-0.521184,1.468880,73.430000,63.840000,15.260000,1770467888.869759
0.645624,-0.662704,1.591368,77.419998,72.870003,31.150000,1770467888.877764
0.470432,-0.898896,1.683600,71.750000,85.889999,28.000000,1770467888.885767
0.304756,-0.843264,1.619428,70.209999,101.709999,35.980000,1770467888.893773
0.070760,-0.759328,1.594784,75.320000,123.410004,39.689999,1770467888.901746
-0.183732,-0.625128,1.580876,75.180000,148.610001,25.340000,1770467888.909756
-0.362584,-0.415044,1.577216,68.879997,169.190002,20.370001,1770467888.917761
-0.534848,-0.167384,1.584292,58.450001,179.619995,6.300000,1770467888.925781
-0.638548,0.071736,1.628700,42.560001,173.320007,-1.470000,1770467888.933765
-0.726632,0.293776,1.671644,21.209999,153.369995,-7.700000,1770467888.941756
-0.769820,0.470432,1.669204,0.980000,123.970001,-11.830000,1770467888.949764
-0.775920,0.587064,1.572336,-22.889999,88.550003,-15.610000,1770467888.957805
-0.746884,0.615124,1.390800,-34.650002,50.330002,-21.559999,1770467888.965763
-0.695400,0.624640,1.161440,-33.740002,12.320000,-30.870001,1770467888.974009
-0.681248,0.656360,0.956236,-22.889999,-12.320000,-39.410000,1770467888.982243
-0.522648,0.759328,0.756156,-10.430000,-31.780001,-28.770000,1770467888.990139
-0.473360,0.808616,0.611464,-3.640000,-49.000000,-20.370001,1770467888.997892
-0.424072,0.824964,0.489220,-0.210000,-65.519997,-15.190000,1770467889.005769
-0.359412,0.847412,0.389912,-2.100000,-76.440002,-15.750000,1770467889.013758
-0.266692,0.871568,0.327692,-1.890000,-84.980003,-9.870000,1770467889.021790
-0.162504,0.871568,0.293044,0.630000,-93.029999,-7.210000,1770467889.029771
-0.113704,0.829600,0.244976,-6.370000,-96.529999,-2.310000,1770467889.037735
-0.075884,0.750056,0.190320,-13.720000,-99.050003,-1.820000,1770467889.045766
-0.036844,0.646844,0.149084,-22.190001,-99.190002,-1.120000,1770467889.053797
0.007808,0.529968,0.132980,-28.910000,-95.129997,-2.940000,1770467889.061769
0.034892,0.422120,0.148596,-24.920000,-86.309998,-3.290000,1770467889.069762
0.082472,0.304268,0.196420,-19.950001,-75.529999,-5.600000,1770467889.077766
0.103212,0.208620,0.287920,-14.980000,-65.309998,-9.660000,1770467889.085766
0.119072,0.120292,0.401624,-10.010000,-56.630001,-13.020000,1770467889.093831
0.106628,0.011712,0.559492,-10.920000,-47.320000,-12.880000,1770467889.101765
0.075640,-0.076372,0.764208,-6.020000,-34.020000,-6.300000,1770467889.109759
0.027816,-0.170800,1.002840,2.450000,-21.209999,-6.300000,1770467889.117749
-0.037088,-0.295972,1.297592,15.540000,-21.350000,-11.830000,1770467889.125751
-0.152012,-0.425048,1.697752,19.530001,-27.790001,-29.540001,1770467889.133750
-0.327204,-0.670512,2.035448,9.870000,-22.889999,-71.400002,1770467889.141777
-0.356484,-0.673196,2.261148,10.640000,-37.310001,-72.099998,1770467889.149832
-0.360632,-0.725412,2.277984,6.090000,-55.580002,-77.839996,1770467889.157771
-0.260836,-0.748836,2.163060,-2.800000,-80.010002,-75.250000,1770467889.165786
-0.096380,-0.665144,2.013244,-9.800000,-100.870003,-65.239998,1770467889.173780
0.084424,-0.564128,1.858548,-19.320000,-116.129997,-55.020000,1770467889.181749
0.223504,-0.433588,1.714100,-23.520000,-121.449997,-45.849998,1770467889.189756
0.315004,-0.267424,1.593320,-29.750000,-115.290001,-41.790001,1770467889.197751
0.507032,-0.082716,1.506212,-36.330002,-109.199997,-36.610001,1770467889.205754
0.502640,0.050996,1.451068,-48.230000,-89.459999,-32.900002,1770467889.213749
0.540460,0.219844,1.299300,-61.320000,-71.260002,-43.470001,1770467889.221750
0.488732,0.263764,1.193160,-70.559998,-52.150002,-56.560001,1770467889.229784
0.611220,0.585356,1.064328,-54.880001,-27.020000,-7.420000,1770467889.237787
0.542900,0.593896,0.994300,-61.880001,-10.010000,5.040000,1770467889.245756
0.488000,0.609512,0.873520,-70.000000,2.100000,18.969999,1770467889.253779
0.446276,0.596336,0.749568,-64.959999,15.540000,21.420000,1770467889.261756
0.380640,0.554368,0.634156,-57.959999,24.850000,33.740002,1770467889.269773
0.315980,0.520452,0.516304,-47.250000,29.540001,33.529999,1770467889.277834
0.258640,0.494588,0.427732,-35.770000,33.110001,41.509998,1770467889.285743
0.212036,0.474824,0.376248,-24.780001,34.299999,38.570000,1770467889.293755
0.171776,0.467748,0.331840,-16.240000,37.169998,44.310001,1770467889.301761
0.143960,0.433100,0.304756,-10.010000,38.360001,41.090000,1770467889.309792
0.136884,0.343308,0.311100,-7.770000,39.970001,41.509998,1770467889.317794
0.149084,0.231312,0.331108,-5.110000,41.650002,38.990002,1770467889.325758
0.169092,0.134200,0.334524,1.540000,42.070000,29.469999,1770467889.333757
0.186172,0.046604,0.335256,7.000000,40.669998,28.280001,1770467889.341760
0.194956,-0.037332,0.357216,18.760000,37.169998,16.660000,1770467889.349843
0.221796,-0.091988,0.420168,33.110001,38.220001,14.700000,1770467889.357803
0.272792,-0.202276,0.534116,49.910000,38.639999,6.160000,1770467889.365764
0.311588,-0.302560,0.671000,63.630001,39.759998,1.750000,1770467889.373760
0.305488,-0.520208,0.880108,75.180000,36.189999,-27.230000,1770467889.381858
0.346480,-0.649284,1.068720,87.080002,41.439999,-31.360001,1770467889.389760
0.447740,-0.738832,1.298812,99.820000,46.130001,-37.450001,1770467889.397767
0.521916,-0.811544,1.535492,106.260002,49.419998,-26.180000,1770467889.405763
0.548268,-0.815692,1.666032,103.879997,51.869999,-21.280001,1770467889.413771
0.526308,-0.776164,1.722640,89.529999,49.770000,0.770000,1770467889.421798
0.368928,-0.651968,1.697020,81.059998,51.869999,8.820000,1770467889.429771
0.160796,-0.528748,1.583072,73.849998,66.010002,6.370000,1770467889.437811
-0.013176,-0.396500,1.506456,70.629997,87.639999,-2.730000,1770467889.445760
-0.153964,-0.221308,1.498648,63.840000,109.410004,-11.550000,1770467889.453829
-0.285480,-0.000976,1.532564,53.970001,126.699997,-17.080000,1770467889.461770
-0.385520,0.214232,1.595516,40.459999,132.509995,-25.059999,1770467889.469755
-0.464332,0.390400,1.635776,17.639999,129.710007,-29.469999,1770467889.477773
-0.557296,0.591944,1.582828,1.120000,117.949997,-38.290001,1770467889.485886
-0.594628,0.661972,1.472540,-15.120000,92.750000,-43.049999,1770467889.493749
-0.641964,0.716872,1.289540,-26.110001,57.959999,-49.770000,1770467889.501768
-0.648308,0.744932,1.076284,-21.700001,22.120001,-60.270000,1770467889.509761
-0.573400,0.757864,0.878156,-18.410000,-12.600000,-59.639999,1770467889.517775
-0.497760,0.855952,0.682468,-6.510000,-43.889999,-53.200001,1770467889.525762
-0.437736,0.893284,0.535580,-5.110000,-71.050003,-46.130001,1770467889.533743
-0.363560,0.903776,0.438468,-8.680000,-91.000000,-38.919998,1770467889.541761
-0.266936,0.929640,0.360632,-9.660000,-103.529999,-39.970001,1770467889.549757
-0.159576,0.953064,0.307196,-12.880000,-114.449997,-27.719999,1770467889.557800
-0.081252,0.929396,0.275720,-16.100000,-118.510002,-27.299999,1770467889.565764
-0.009760,0.856684,0.237900,-17.360001,-118.650002,-25.410000,1770467889.573758
0.051240,0.744200,0.193248,-17.639999,-114.309998,-27.650000,1770467889.581789
0.094916,0.629276,0.171776,-14.910000,-105.699997,-33.950001,1770467889.589858
0.136396,0.506788,0.166408,-15.470000,-91.839996,-32.340000,1770467889.597797
0.153720,0.381128,0.218136,-13.020000,-73.779999,-33.389999,1770467889.605768
0.156160,0.246684,0.337696,-12.320000,-54.110001,-32.270000,1770467889.613758
0.128344,0.097600,0.479460,-9.590000,-36.540001,-30.100000,1770467889.621806
0.078812,-0.024400,0.661240,-2.030000,-21.700001,-28.840000,1770467889.629781
0.024888,-0.177632,0.924760,2.030000,-13.790000,-24.850000,1770467889.637758
-0.083692,-0.288164,1.206824,7.630000,-19.879999,-28.770000,1770467889.645757
-0.171044,-0.366000,1.539396,9.590000,-37.660000,-34.930000,1770467889.653842
-0.371124,-0.493612,1.870016,3.640000,-53.130001,-52.360001,1770467889.661773
-0.385520,-0.533140,2.027152,-3.220000,-77.980003,-68.949997,1770467889.669807
-0.360144,-0.556808,2.097424,-11.480000,-104.230003,-71.540001,1770467889.677747
-0.229604,-0.579500,2.051552,-21.559999,-129.500000,-68.180000,1770467889.685747
-0.007564,-0.541680,1.948828,-34.580002,-150.289993,-60.549999,1770467889.693760
0.218868,-0.505324,1.850496,-40.320000,-161.630005,-52.990002,1770467889.701812
0.366488,-0.430416,1.722396,-38.290001,-160.649994,-43.330002,1770467889.709778
0.667096,-0.461648,1.552816,-40.880001,-149.940002,-36.189999,1770467889.717757
0.656116,-0.118096,1.510116,-38.639999,-144.199997,-24.150000,1770467889.725768
0.714676,0.054168,1.431548,-43.680000,-120.330002,-25.270000,1770467889.733802
0.718824,0.239120,1.350052,-53.759998,-93.660004,-38.990002,1770467889.741764
0.994544,0.427488,1.152168,-56.630001,-66.570000,-27.719999,1770467889.749766
0.743224,0.679296,1.153144,-55.299999,-39.970001,0.770000,1770467889.757764
0.678076,0.703452,1.032852,-74.339996,-20.370001,8.540000,1770467889.765763
0.606096,0.707112,0.884500,-85.610001,-5.110000,9.590000,1770467889.773759
0.544608,0.626104,0.753716,-90.860001,8.330000,19.459999,1770467889.781752
0.491660,0.549732,0.644648,-82.529999,15.890000,19.250000,1770467889.789771
0.429196,0.467504,0.535336,-73.989998,22.190001,25.480000,1770467889.797842
0.364780,0.417240,0.417484,-58.450001,25.969999,27.930000,1770467889.805767
0.302560,0.381372,0.335500,-41.020000,27.510000,27.020000,1770467889.813785
0.256444,0.356972,0.282064,-25.690001,29.049999,31.080000,1770467889.821826
0.216672,0.334280,0.247904,-7.910000,31.219999,27.440001,1770467889.829790
0.179096,0.308660,0.225212,1.890000,32.900002,30.799999,1770467889.837759
0.140300,0.234972,0.233508,15.190000,37.099998,27.790001,1770467889.845759
0.118340,0.089548,0.259128,20.090000,44.450001,22.610001,1770467889.853758
0.101260,-0.053436,0.296216,30.870001,51.869999,19.250000,1770467889.861768
0.073932,-0.164212,0.359900,46.060001,52.430000,14.210000,1770467889.869816
0.072224,-0.265716,0.469212,51.590000,50.330002,10.780000,1770467889.877761
0.085400,-0.359168,0.633180,59.779999,44.869999,3.780000,1770467889.885752
0.100284,-0.482876,0.827404,65.379997,37.869999,-7.560000,1770467889.893763
0.127368,-0.666120,1.033340,71.750000,28.070000,-12.460000,1770467889.901761
0.203252,-0.798856,1.200968,84.070000,13.440000,-20.719999,1770467889.909768
0.219844,-1.002108,1.438868,86.519997,0.420000,-28.350000,1770467889.917863
0.363316,-1.042368,1.591612,99.820000,-10.570000,-27.230000,1770467889.925742
0.523136,-1.052616,1.706292,106.750000,-23.799999,-19.879999,1770467889.933768
0.666120,-0.909144,1.714832,106.750000,-29.190001,-1.470000,1770467889.941766
0.565836,-0.640012,1.562332,110.180000,-10.150000,1.120000,1770467889.949792
0.396744,-0.410652,1.375428,113.750000,24.219999,-3.290000,1770467889.957821
0.274988,-0.161040,1.326384,115.779999,56.209999,-12.040000,1770467889.965763
0.198616,0.098820,1.405196,109.339996,80.430000,-22.469999,1770467889.974082
0.106628,0.336232,1.538420,101.430000,94.989998,-29.889999,1770467889.982473
-0.017568,0.508740,1.631628,79.099998,104.089996,-40.110001,1770467889.989964
-0.132004,0.772748,1.581364,61.320000,101.010002,-52.220001,1770467889.997764
-0.191784,0.872056,1.490840,46.130001,81.059998,-61.180000,1770467890.005757
-0.182512,1.096536,1.269044,39.340000,58.520000,-35.000000,1770467890.013768
-0.274256,1.117276,1.047004,19.530001,35.770000,-30.450001,1770467890.021745
-0.273036,1.102148,0.771772,9.450000,10.430000,-29.680000,1770467890.029960
-0.271084,1.089460,0.553880,7.070000,-7.910000,-27.090000,1770467890.037754
-0.255224,1.086776,0.392352,5.110000,-25.129999,-22.889999,1770467890.045826
-0.250344,1.071648,0.244000,-4.970000,-36.889999,-16.660000,1770467890.053757
-0.236924,1.047248,0.113460,-21.770000,-49.209999,-9.660000,1770467890.061797
-0.203008,0.986248,0.010980,-34.439999,-64.260002,-3.920000,1770467890.069905
-0.154208,0.891088,-0.064660,-46.340000,-73.360001,-1.610000,1770467890.077749
-0.116632,0.788852,-0.094672,-55.230000,-76.230003,-0.910000,1770467890.085751
-0.061732,0.660264,-0.056608,-62.020000,-74.550003,-3.920000,1770467890.093754
-0.030744,0.544120,0.038308,-63.349998,-66.430000,-3.360000,1770467890.101760
0.001708,0.441396,0.205448,-63.209999,-58.520000,-8.190000,1770467890.109759
0.030012,0.337940,0.445544,-68.529999,-51.099998,-7.980000,1770467890.117736
0.024644,0.193492,0.764696,-66.570000,-45.220001,-7.630000,1770467890.125757
-0.044408,0.026108,1.108492,-55.369999,-44.450001,-9.030000,1770467890.133748
-0.158844,-0.043432,1.416908,-48.230000,-52.360001,-13.580000,1770467890.141885
-0.264984,-0.071980,1.639680,-45.290001,-67.199997,-28.209999,1770467890.149759
-0.249612,-0.067832,1.736060,-46.549999,-92.330002,-34.369999,1770467890.158005
-0.151036,-0.135176,1.754360,-39.759998,-121.239998,-41.860001,1770467890.165755
0.036112,-0.217892,1.800232,-32.200001,-150.500000,-44.099998,1770467890.173779
0.307928,-0.254980,1.841224,-28.000000,-163.520004,-48.650002,1770467890.181842
0.656360,-0.345016,1.847324,-29.330000,-168.000000,-41.580002,1770467890.189757
0.899872,-0.391864,1.796084,-32.619999,-163.869995,-34.580002,1770467890.197752
1.078480,-0.353556,1.696532,-31.360001,-149.660004,-22.120001,1770467890.205753
1.155828,-0.291824,1.544276,-33.250000,-125.089996,-7.210000,1770467890.213751
1.150216,-0.198860,1.380308,-37.099998,-91.769997,5.670000,1770467890.221770
1.091412,-0.067344,1.241716,-42.700001,-56.000000,18.270000,1770467890.229847
0.988688,0.062952,1.145580,-52.220001,-18.340000,24.570000,1770467890.237758
0.863028,0.145668,1.061156,-58.450001,16.240000,25.270000,1770467890.245756
0.791292,0.287432,1.010404,-60.549999,42.070000,43.049999,1770467890.253753
0.672464,0.325984,0.977220,-61.529999,59.990002,44.869999,1770467890.261777
0.567544,0.361364,0.933056,-64.470001,70.629997,53.549999,1770467890.269753
0.472872,0.375760,0.863760,-59.220001,76.720001,55.860001,1770467890.277765
0.387716,0.368928,0.775920,-54.320000,78.050003,62.509998,1770467890.285826
0.302316,0.347212,0.638060,-46.130001,75.110001,67.900002,1770467890.293866
0.227896,0.334768,0.485804,-37.799999,72.870003,77.629997,1770467890.301884
0.167628,0.328668,0.345260,-24.570000,68.529999,80.709999,1770467890.309767
0.118340,0.328180,0.235216,-18.760000,67.760002,87.989998,1770467890.317758
0.081496,0.333792,0.152500,-10.780000,70.489998,88.550003,1770467890.325759
0.052948,0.333792,0.096380,-4.900000,73.849998,90.230003,1770467890.333758
0.039772,0.274744,0.075640,-1.750000,74.199997,88.269997,1770467890.341882
0.032208,0.142252,0.138592,3.220000,75.110001,82.669998,1770467890.349773
0.050020,0.008296,0.242292,4.760000,71.190002,80.430000,1770467890.357786
0.069784,-0.105408,0.383568,11.130000,61.740002,71.120003,1770467890.365765
0.103700,-0.272548,0.588284,19.670000,47.950001,64.400002,1770467890.373815
0.161772,-0.447740,0.834236,28.559999,31.219999,53.410000,1770467890.381759
0.187636,-0.690520,1.094096,43.540001,14.560000,29.049999,1770467890.389773
0.306708,-0.953552,1.300276,51.450001,14.000000,11.410000,1770467890.397760
0.467748,-1.142652,1.471808,74.129997,10.990000,1.680000,1770467890.405767
0.660264,-1.283440,1.681892,87.430000,4.970000,3.220000,1770467890.413798
0.860588,-1.292468,1.830732,95.410004,4.340000,13.790000,1770467890.421880
1.045296,-1.128988,1.841956,100.730003,11.900000,37.590000,1770467890.429798
0.924272,-0.767380,1.686040,114.239998,42.560001,46.830002,1770467890.437744
0.666364,-0.426512,1.449116,125.720001,92.610001,35.349998,1770467890.445761
0.457012,-0.141764,1.341756,125.720001,140.490005,24.219999,1770467890.453762
0.292800,0.076372,1.359080,121.309998,180.740005,11.900000,1770467890.461789
0.141520,0.286456,1.448872,114.099998,206.919998,2.100000,1770467890.469846
-0.040260,0.471652,1.519876,92.470001,219.449997,-10.570000,1770467890.477752
-0.279380,0.759328,1.426180,71.750000,219.029999,-28.209999,1770467890.485744
-0.457012,0.791780,1.256844,57.750000,201.389999,-54.880001,1770467890.493764
-0.470188,1.038952,0.965264,57.189999,173.389999,-30.730000,1770467890.501797
-0.603412,1.053348,0.778116,49.279999,135.380005,-24.500000,1770467890.509789
-0.625128,1.103124,0.590968,39.689999,90.930000,-25.270000,1770467890.517742
-0.602192,1.098244,0.451156,36.470001,49.840000,-17.219999,1770467890.525762
-0.560712,1.090192,0.333792,30.240000,7.980000,-13.510000,1770467890.533744
-0.494588,1.088240,0.234240,18.549999,-31.010000,-6.090000,1770467890.541764
-0.397232,1.037488,0.161528,8.330000,-65.029999,2.100000,1770467890.549754
-0.290116,0.955748,0.107116,-6.020000,-87.639999,6.650000,1770467890.557830
-0.187148,0.845704,0.052216,-11.550000,-101.779999,8.610000,1770467890.565766
-0.091988,0.708088,0.016836,-21.420000,-105.629997,9.870000,1770467890.573762
0.004392,0.594872,0.007320,-26.530001,-103.669998,10.500000,1770467890.581887
0.078812,0.507520,0.028060,-33.110001,-98.209999,10.220000,1770467890.589774
0.133468,0.460916,0.097356,-42.139999,-86.309998,9.870000,1770467890.597766
0.198372,0.417240,0.231800,-45.990002,-73.220001,13.650000,1770467890.605763
0.218868,0.292556,0.456280,-53.130001,-56.980000,14.140000,1770467890.613791
0.186904,0.186904,0.741760,-58.310001,-35.000000,9.170000,1770467890.621785
0.123220,0.077836,1.080432,-59.990002,-11.270000,-0.070000,1770467890.629799
0.066856,-0.019764,1.489620,-52.990002,12.320000,-7.980000,1770467890.637761
0.027572,-0.122732,2.014220,-44.660000,29.959999,-11.690000,1770467890.645825
-0.029280,-0.256688,2.515396,-42.209999,32.410000,-18.620001,1770467890.653767
-0.103944,-0.358436,2.724504,-42.349998,19.950001,-11.480000,1770467890.661761
-0.170312,-0.451644,2.674728,-36.680000,-0.350000,-2.940000,1770467890.669787
-0.183244,-0.445544,2.391444,-39.900002,-26.670000,7.280000,1770467890.677755
-0.176168,-0.397964,2.018612,-50.680000,-48.439999,15.820000,1770467890.685744
-0.110776,-0.352580,1.691652,-59.570000,-55.790001,19.809999,1770467890.693766
-0.069052,-0.299388,1.473272,-61.320000,-48.090000,25.340000,1770467890.701756
-0.045872,-0.242780,1.322480,-63.349998,-29.330000,21.770000,1770467890.709869
-0.033916,-0.144204,1.169248,-71.190002,-10.430000,19.389999,1770467890.717771
-0.017080,0.002928,1.032364,-75.669998,3.080000,21.629999,1770467890.725760
-0.024644,0.119560,0.933544,-79.449997,10.150000,25.690001,1770467890.733781
-0.040260,0.187392,0.840580,-84.209999,11.900000,33.459999,1770467890.741763
-0.050752,0.188856,0.725412,-80.639999,8.890000,34.439999,1770467890.749772
-0.053436,0.156160,0.607316,-76.580002,0.210000,32.830002,1770467890.757829
-0.010492,0.159332,0.456768,-61.459999,-2.450000,45.990002,1770467890.765804
0.067588,0.232044,0.355996,-43.750000,-15.470000,54.950001,1770467890.773765
0.035136,0.208620,0.336232,-33.110001,-23.030001,65.660004,1770467890.781775
0.058072,0.217648,0.323544,-20.440001,-28.139999,66.080002,1770467890.789800
0.097112,0.213256,0.334768,-12.110000,-33.599998,71.470001,1770467890.797866
0.155428,0.169092,0.349164,-0.980000,-37.099998,66.500000,1770467890.805769
0.196664,0.151768,0.356972,4.830000,-41.650002,61.389999,1770467890.813762
0.239608,0.128100,0.381128,13.510000,-42.980000,56.910000,1770467890.821761
0.278160,0.078568,0.448716,18.690001,-42.560001,50.820000,1770467890.829816
0.330376,-0.015372,0.561200,21.420000,-39.759998,41.650002,1770467890.837769
0.415288,-0.115900,0.694912,24.430000,-32.549999,29.120001,1770467890.845760
0.528504,-0.240096,0.866688,33.810001,-23.799999,24.570000,1770467890.853755
0.665632,-0.380152,1.055056,47.459999,-11.760000,29.400000,1770467890.861783
0.801052,-0.512400,1.213412,69.650002,1.050000,25.830000,1770467890.869780
0.815204,-0.834480,1.482544,74.339996,16.450001,13.020000,1770467890.877756
0.910852,-0.809592,1.627724,84.349998,41.439999,18.410000,1770467890.885741
0.903776,-0.738100,1.762168,80.779999,74.620003,27.580000,1770467890.893755
0.915000,-0.671488,1.780224,61.320000,97.510002,52.290001,1770467890.901879
0.842288,-0.620492,1.786080,48.509998,114.029999,73.919998,1770467890.909769
0.571448,-0.490684,1.688724,43.540001,150.850006,81.830002,1770467890.917760
0.291824,-0.334768,1.586244,43.610001,200.059998,76.860001,1770467890.925762
0.026840,-0.170068,1.545496,37.520000,243.669998,62.650002,1770467890.933761
-0.198372,0.061732,1.564772,22.680000,275.589996,51.799999,1770467890.941852
-0.425536,0.263764,1.559160,3.710000,291.690002,33.459999,1770467890.949763
-0.747128,0.456524,1.442528,-18.760000,298.549988,13.650000,1770467890.957762
-0.899140,0.524844,1.257332,-38.990002,279.369995,-5.530000,1770467890.965777
-1.038952,0.575596,1.042368,-48.090000,235.690002,-15.610000,1770467890.974001
-1.122400,0.575108,0.807884,-48.860001,176.750000,-27.440001,1770467890.982694
-1.134112,0.556076,0.634156,-18.480000,65.099998,-38.290001,1770467890.997031
-1.066280,0.540704,0.446032,-11.200000,40.180000,-38.779999,1770467891.000068
-0.944768,0.549732,0.361608,8.680000,-10.990000,-36.959999,1770467891.008204
-0.801784,0.503616,0.307928,25.620001,-60.200001,-44.939999,1770467891.016091
-0.536800,0.637816,0.171288,44.310001,-87.849998,-30.590000,1770467891.024229
-0.496052,0.778604,0.128344,59.779999,-122.080002,-12.810000,1770467891.032524
-0.380396,0.768600,0.109068,61.669998,-155.190002,3.990000,1770467891.040294
-0.278648,0.728096,0.041480,58.099998,-184.380005,9.170000,1770467891.048120
-0.150060,0.694912,-0.021228,59.430000,-206.289993,13.230000,1770467891.055949
-0.032940,0.610976,-0.005124,58.169998,-223.300003,24.570000,1770467891.063974
0.060024,0.513620,0.068076,51.660000,-226.589996,30.379999,1770467891.071966
0.138836,0.416508,0.188368,40.459999,-213.080002,31.290001,1770467891.080003
0.255712,0.325984,0.354776,25.200001,-190.330002,28.139999,1770467891.087925
0.370636,0.254004,0.553880,16.730000,-151.479996,34.230000,1770467891.095346
0.380884,0.169336,0.804468,11.620000,-98.910004,31.080000,1770467891.103339
0.325740,0.068808,1.058228,2.450000,-34.580002,23.100000,1770467891.111354
0.243268,-0.031964,1.281488,3.010000,36.540001,3.920000,1770467891.119382
0.197396,-0.080032,1.639924,10.150000,92.050003,-9.030000,1770467891.127333
0.061000,-0.067832,2.138416,10.990000,128.940002,-20.930000,1770467891.135348
-0.064172,-0.082472,2.592256,-1.260000,149.940002,-25.620001,1770467891.143390
-0.255712,-0.292068,2.616168,-12.250000,142.800003,-4.620000,1770467891.151328
-0.401136,-0.388448,2.365092,1.120000,101.500000,17.500000,1770467891.159348
-0.575352,-0.479216,2.161352,-10.220000,43.259998,39.689999,1770467891.167377
-0.759084,-0.533872,1.896856,-37.799999,-1.260000,19.180000,1770467891.175356
-0.609512,-0.432368,1.679696,-46.200001,-52.500000,10.080000,1770467891.183344
-0.440908,-0.321348,1.559404,-63.209999,-88.199997,16.799999,1770467891.191330
-0.252784,-0.206424,1.414956,-79.239998,-106.959999,6.860000,1770467891.199372
-0.077104,-0.123952,1.212924,-87.639999,-112.910004,16.590000,1770467891.207357
0.040260,-0.063196,0.983808,-89.949997,-109.760002,21.070000,1770467891.215358
0.105164,-0.014396,0.773236,-86.029999,-102.129997,30.379999,1770467891.223338
0.101992,0.007564,0.617564,-80.779999,-87.010002,35.070000,1770467891.231329
0.186904,-0.010736,0.502884,-72.169998,-76.019997,37.240002,1770467891.239361
0.223016,0.084668,0.369904,-57.889999,-70.839996,36.680000,1770467891.247357
0.334524,0.200080,0.266204,-32.480000,-68.250000,44.380001,1770467891.255332
0.242780,0.273280,0.230092,-12.880000,-55.860001,47.110001,1770467891.263354
0.227408,0.335988,0.193248,-7.000000,-45.570000,49.560001,1770467891.271368
0.214476,0.368684,0.156160,-3.430000,-34.230000,46.549999,1770467891.279359
0.204228,0.361364,0.091012,-2.520000,-20.230000,44.450001,1770467891.287331
0.196176,0.322324,0.031720,2.450000,-6.650000,41.299999,1770467891.295385
0.217892,0.238876,0.040748,11.900000,5.670000,34.790001,1770467891.303376
0.249368,0.183976,0.125904,21.209999,20.790001,27.020000,1770467891.311331
0.290360,0.175924,0.321104,27.860001,35.560001,16.170000,1770467891.319384
0.369172,0.135908,0.606096,31.010000,49.560001,12.320000,1770467891.327334
0.454084,0.087840,0.948184,29.959999,65.169998,12.320000,1770467891.335338
0.499712,0.035624,1.282464,38.220001,84.489998,8.260000,1770467891.343345
0.489220,-0.022448,1.543788,50.750000,108.220001,1.330000,1770467891.351333
0.474092,-0.072224,1.674084,71.120003,132.580002,4.480000,1770467891.359370
0.432124,-0.078080,1.797060,86.519997,145.600006,16.450001,1770467891.367340
0.322080,-0.047092,1.916864,92.750000,146.300003,29.750000,1770467891.375376
0.181780,-0.034160,2.075464,82.320000,129.429993,47.459999,1770467891.383335
0.043676,-0.114680,2.215276,51.799999,108.989998,58.240002,1770467891.391382
-0.117120,-0.220576,2.191120,25.340000,94.639999,61.389999,1770467891.399394
-0.218624,-0.229360,2.074000,8.540000,92.540001,65.169998,1770467891.407328
-0.358924,-0.306708,1.918328,-4.970000,101.989998,74.620003,1770467891.415360
-0.609512,-0.493612,1.702876,-27.230000,131.740005,35.700001,1770467891.423347
-0.671976,-0.458232,1.449848,-30.799999,142.729996,17.850000,1770467891.431381
-0.750300,-0.347700,1.243424,-26.879999,150.639999,4.130000,1770467891.439339
-0.806908,-0.195200,1.062864,-23.660000,146.509995,-13.090000,1770467891.447339
-0.827404,-0.029768,0.919880,-21.910000,131.809998,-18.760000,1770467891.455393
-0.826428,0.107848,0.806664,-19.180000,104.650002,-37.099998,1770467891.463368
-0.798612,0.204716,0.719800,-18.900000,71.820000,-42.770000,1770467891.471330
-0.752740,0.266936,0.640256,-11.480000,38.080002,-53.480000,1770467891.479344
-0.671732,0.286944,0.531676,-2.660000,0.000000,-58.380001,1770467891.487354
-0.579988,0.308172,0.423828,7.770000,-31.780001,-57.959999,1770467891.495335
-0.478240,0.326228,0.334768,23.100000,-57.750000,-54.669998,1770467891.503349
-0.387960,0.253760,0.276940,31.010000,-84.209999,-52.849998,1770467891.511328
-0.367952,0.332572,0.188368,44.869999,-95.339996,-60.060001,1770467891.519367
-0.193980,0.448228,0.089548,56.980000,-108.639999,-35.840000,1770467891.527338
-0.105896,0.489708,0.068320,68.739998,-129.429993,-20.580000,1770467891.535346
-0.024644,0.522648,0.055632,75.949997,-147.979996,-4.970000,1770467891.543372
0.033916,0.537044,0.077592,79.029999,-160.860001,4.830000,1770467891.551329
0.089548,0.571448,0.101260,77.000000,-167.860001,14.210000,1770467891.559379
0.153476,0.604632,0.135420,62.650002,-166.389999,19.740000,1770467891.567319
0.242780,0.612196,0.238388,38.220001,-154.279999,21.770000,1770467891.575363
0.313784,0.554612,0.407968,15.750000,-123.199997,24.010000,1770467891.583340
0.428220,0.453108,0.656360,-3.360000,-81.970001,26.809999,1770467891.591377
0.432124,0.301584,0.926956,-7.630000,-21.350000,32.130001,1770467891.599355
0.360876,0.118584,1.164368,-4.550000,52.220001,32.060001,1770467891.607354
0.221796,-0.084912,1.438380,4.130000,119.419998,23.100000,1770467891.615360
0.040992,-0.110776,1.834148,22.959999,177.169998,8.330000,1770467891.623348
-0.158112,-0.121024,2.351672,16.730000,212.940002,-3.150000,1770467891.631381
-0.327448,-0.246196,2.643740,-1.330000,216.369995,6.230000,1770467891.639376
-0.513620,-0.354532,2.571760,7.770000,184.729996,30.379999,1770467891.647340
-0.742492,-0.483608,2.357772,7.000000,127.820000,59.009998,1770467891.655364
-0.996252,-0.552172,2.045696,-18.900000,72.169998,32.759998,1770467891.663357
-0.969656,-0.419436,1.742892,-27.440001,3.990000,19.250000,1770467891.671334
-0.840336,-0.227896,1.549156,-29.750000,-53.549999,11.480000,1770467891.679389
-0.632692,-0.066612,1.428620,-35.980000,-93.660004,3.780000,1770467891.687339
-0.397720,0.037576,1.274168,-40.459999,-118.230003,-1.890000,1770467891.695365
-0.184220,0.099064,1.100440,-40.880001,-132.649994,-4.270000,1770467891.703404
-0.012688,0.113704,0.920856,-38.570000,-136.570007,1.050000,1770467891.711327
0.083448,0.106140,0.764940,-33.669998,-134.330002,3.430000,1770467891.719375
0.109068,0.077104,0.623420,-26.250000,-118.650002,4.340000,1770467891.727328
0.326960,0.086864,0.490196,-22.540001,-113.330002,2.590000,1770467891.735336
0.485072,0.185440,0.332328,-8.190000,-108.430000,15.120000,1770467891.743343
0.351848,0.251076,0.269132,3.850000,-94.010002,29.190001,1770467891.751380
0.329644,0.285236,0.180560,8.190000,-76.440002,35.910000,1770467891.759371
0.314760,0.316956,0.067100,6.510000,-58.310001,31.850000,1770467891.767387
0.292068,0.345016,-0.043432,5.250000,-37.450001,30.730000,1770467891.775330
0.274988,0.356728,-0.121512,6.440000,-15.960000,25.410000,1770467891.783359
0.260592,0.355996,-0.145424,6.790000,8.120000,21.840000,1770467891.792055
0.273768,0.333304,-0.086864,9.100000,30.660000,19.389999,1770467891.799956
0.303780,0.321592,0.067100,5.390000,53.410000,8.820000,1770467891.808092
0.341112,0.324764,0.316712,3.710000,76.720001,6.720000,1770467891.815943
0.383080,0.296460,0.665144,-2.660000,103.669998,6.790000,1770467891.823961
0.393816,0.216428,1.007964,-12.670000,133.419998,1.890000,1770467891.831950
0.351116,0.094672,1.281732,-13.440000,164.289993,-0.350000,1770467891.839949
0.254004,-0.024644,1.546716,-5.180000,195.160004,-9.800000,1770467891.847994
0.121268,-0.098576,1.774856,17.570000,219.729996,-9.800000,1770467891.855962
-0.046604,-0.063684,2.063264,32.200001,233.029999,-0.560000,1770467891.863999
-0.201544,-0.045628,2.488312,35.209999,222.600006,8.190000,1770467891.871955
-0.427000,-0.162260,2.714744,31.920000,192.639999,32.410000,1770467891.879952
-0.611708,-0.168360,2.455860,19.250000,141.820007,42.630001,1770467891.888039
-0.759816,-0.139568,2.101328,2.450000,91.489998,58.099998,1770467891.895958
-1.114592,-0.446520,1.839028,-24.010000,79.449997,41.160000,1770467891.903965
-0.925004,-0.362828,1.522804,-30.799999,57.889999,12.670000,1770467891.911958
-0.905972,-0.332572,1.325408,-31.570000,47.180000,4.550000,1770467891.919978
-0.876692,-0.252296,1.172908,-28.559999,43.889999,-9.660000,1770467891.927958
-0.828380,-0.142740,1.043100,-27.090000,42.419998,-21.139999,1770467891.936023
-0.763476,-0.001220,0.915732,-26.040001,38.849998,-34.020000,1770467891.943961
-0.685884,0.117120,0.793488,-23.240000,32.549999,-45.150002,1770467891.951955
-0.606584,0.192516,0.701500,-17.430000,21.420000,-52.849998,1770467891.959944
-0.529724,0.250344,0.609024,-12.880000,8.330000,-60.200001,1770467891.967948
-0.458964,0.274500,0.513376,0.770000,-9.450000,-63.070000,1770467891.976249
-0.386496,0.296216,0.419924,13.440000,-24.010000,-62.439999,1770467891.984178
-0.337940,0.328668,0.333792,29.889999,-39.759998,-60.270000,1770467891.992088
-0.308172,0.328180,0.275232,43.959999,-55.790001,-66.360001,1770467891.999964
-0.197152,0.376492,0.206180,51.869999,-67.760002,-59.290001,1770467892.007961
-0.179584,0.419680,0.171776,63.209999,-81.339996,-51.869999,1770467892.015969
-0.109556,0.467504,0.140300,72.519997,-96.110001,-44.029999,1770467892.023997
-0.048556,0.470432,0.121024,79.169998,-110.529999,-37.869999,1770467892.031952
0.062220,0.489952,0.102724,83.930000,-126.629997,-27.650000,1770467892.039938
0.091012,0.463844,0.118828,79.870003,-135.520004,-19.459999,1770467892.047936
0.135664,0.449448,0.122488,67.199997,-134.889999,-6.440000,1770467892.055960
0.184464,0.430172,0.155184,45.430000,-123.339996,0.280000,1770467892.064033
0.193492,0.336476,0.303048,24.430000,-90.790001,11.550000,1770467892.071957
0.265228,0.203496,0.549244,8.400000,-42.560001,30.379999,1770467892.080071
0.202276,0.060024,0.868640,2.450000,24.780001,35.000000,1770467892.087940
0.086376,-0.134688,1.225368,8.750000,95.059998,28.840000,1770467892.095949
-0.042700,-0.226920,1.575020,26.110001,155.050003,24.150000,1770467892.103943
-0.372588,-0.260592,1.976400,52.849998,205.309998,31.080000,1770467892.111960
-0.933544,-0.437004,2.318976,51.660000,257.459991,-9.310000,1770467892.119994
-1.065548,-0.411628,2.518812,48.650002,244.229996,-3.850000,1770467892.127943
-1.299544,-0.366000,2.349720,29.680000,176.050003,-9.450000,1770467892.135942
-1.443504,-0.352092,2.144760,-4.200000,83.860001,-2.870000,1770467892.143958
-1.400316,-0.310612,1.950536,-27.650000,-4.550000,-11.130000,1770467892.151954
-1.191452,-0.213500,1.784616,-38.430000,-85.889999,-7.980000,1770467892.160041
-0.926224,-0.049044,1.642120,-47.459999,-140.630005,-15.050000,1770467892.167958
-0.649284,0.081496,1.512068,-51.380001,-172.059998,-20.020000,1770467892.175947
-0.378444,0.156404,1.371524,-58.029999,-185.639999,-22.330000,1770467892.183958
-0.137860,0.208132,1.207068,-56.770000,-187.389999,-21.559999,1770467892.191977
0.030256,0.235460,0.999180,-56.000000,-181.649994,-15.610000,1770467892.200104
0.077104,0.173240,0.803492,-53.410000,-165.550003,-19.459999,1770467892.207948
0.133468,0.179828,0.624640,-44.520000,-149.869995,-26.950001,1770467892.215991
0.344528,0.337696,0.452376,-20.160000,-151.759995,8.960000,1770467892.223963
0.381372,0.363072,0.348676,-8.260000,-138.320007,26.740000,1770467892.231944
0.368196,0.395280,0.240096,-1.890000,-120.330002,35.349998,1770467892.239948
0.355996,0.441640,0.144936,-3.780000,-102.550003,39.830002,1770467892.247967
0.326960,0.467748,0.062220,-4.690000,-81.620003,38.500000,1770467892.256046
0.301828,0.475068,-0.026352,-4.550000,-58.869999,33.459999,1770467892.264241
0.278404,0.470920,-0.111752,-0.980000,-36.189999,24.780001,1770467892.271979
0.261568,0.469456,-0.149572,2.870000,-12.880000,18.340000,1770467892.280056
0.261568,0.450668,-0.122244,9.870000,9.520000,10.850000,1770467892.287925
0.275964,0.436272,-0.022448,14.070000,35.070000,2.240000,1770467892.295953
0.303780,0.439688,0.143228,17.430000,60.480000,-3.080000,1770467892.303966
0.338672,0.463356,0.362096,17.010000,89.320000,-7.070000,1770467892.312014
0.344772,0.415288,0.610732,15.680000,121.660004,-5.040000,1770467892.319979
0.318664,0.346724,0.845460,9.240000,157.289993,-4.060000,1770467892.327956
0.254736,0.270596,1.142896,9.450000,193.830002,-4.970000,1770467892.335998
0.128588,0.222772,1.522316,6.860000,229.250000,-5.950000,1770467892.344013
-0.063928,0.167384,1.893440,12.670000,260.329987,-7.000000,1770467892.351945
-0.332084,0.150060,2.388272,14.980000,276.220001,-4.200000,1770467892.359953
-0.596580,0.070028,2.803804,2.450000,267.399994,11.970000,1770467892.367967
-0.842532,-0.122732,2.810636,2.450000,225.960007,38.220001,1770467892.375989
-1.046028,-0.157868,2.362652,-1.330000,153.440002,65.940002,1770467892.383971
-1.495720,-0.551684,2.014952,-27.299999,109.550003,51.380001,1770467892.391939
-1.331264,-0.462868,1.574776,-46.970001,49.840000,28.280001,1770467892.399955
-1.284904,-0.462868,1.377380,-50.540001,10.640000,9.870000,1770467892.407964
-1.196820,-0.396256,1.253672,-51.450001,-17.430000,1.680000,1770467892.415961
-1.072380,-0.284016,1.137284,-52.080002,-32.689999,-17.080000,1770467892.424009
-0.932324,-0.159332,0.992348,-50.889999,-40.250000,-30.450001,1770467892.431962
-0.789096,-0.046116,0.843508,-50.189999,-44.869999,-43.610001,1770467892.439982
-0.647332,0.039528,0.728340,-47.669998,-48.650002,-51.799999,1770467892.447990
-0.520940,0.116388,0.640500,-37.520000,-54.880001,-59.500000,1770467892.456051
-0.417972,0.176656,0.563396,-28.700001,-59.360001,-62.090000,1770467892.463974
-0.328912,0.225212,0.479460,-15.330000,-65.870003,-63.770000,1770467892.471956
-0.249612,0.265960,0.393328,3.080000,-74.550003,-70.419998,1770467892.479978
-0.183244,0.293776,0.323056,18.129999,-81.410004,-71.610001,1770467892.487965
-0.130052,0.316956,0.266448,36.540001,-89.459999,-70.699997,1770467892.495936
-0.091256,0.332328,0.232288,50.680000,-92.540001,-68.459999,1770467892.503995
-0.077104,0.333304,0.210328,62.650002,-98.209999,-76.440002,1770467892.511969
-0.065148,0.357704,0.168848,68.389999,-99.120003,-82.949997,1770467892.520028
0.326228,0.547048,0.117120,78.610001,-116.760002,-70.839996,1770467892.527951
0.183244,0.494100,0.128588,85.400002,-125.440002,-52.779999,1770467892.536053
0.238388,0.494100,0.134200,79.730003,-130.899994,-39.060001,1770467892.543990
0.278648,0.472872,0.154940,70.000000,-123.199997,-29.330000,1770467892.551939
0.338184,0.442372,0.175680,54.110001,-103.529999,-10.920000,1770467892.559954
0.398208,0.391620,0.261568,34.790001,-71.680000,3.360000,1770467892.568014
0.423340,0.311344,0.437736,19.530001,-23.100000,17.570000,1770467892.575982
0.366732,0.182024,0.694424,7.910000,43.400002,30.100000,1770467892.583996
0.218868,0.000244,1.010404,2.870000,118.160004,31.709999,1770467892.591936
0.006832,-0.199836,1.348344,5.250000,192.360001,26.250000,1770467892.599949
-0.179340,-0.234972,1.804380,17.570000,256.339996,23.100000,1770467892.607989
-0.788364,-0.405284,2.380220,37.099998,312.130005,37.240002,1770467892.616067
-1.071892,-0.547780,2.440244,34.230000,328.929993,-4.620000,1770467892.623994
-1.383480,-0.528992,2.304092,17.990000,262.570007,-2.800000,1770467892.631953
-1.671888,-0.578524,2.104500,0.560000,155.259995,-5.110000,1770467892.640034
-1.761192,-0.598044,1.959808,-21.770000,47.180000,-13.930000,1770467892.647961
-1.555500,-0.547536,1.861720,-23.590000,-54.180000,-16.170000,1770467892.655997
-1.228296,-0.379908,1.781200,-23.240000,-124.669998,-22.959999,1770467892.663965
-0.873520,-0.181048,1.672864,-23.520000,-167.440002,-28.350000,1770467892.671944
-0.538752,-0.018544,1.531588,-25.129999,-191.169998,-35.419998,1770467892.679954
-0.280844,0.100772,1.361520,-32.549999,-196.419998,-33.040001,1770467892.687990
-0.076372,0.190808,1.130696,-33.669998,-190.330002,-31.430000,1770467892.695927
0.028548,0.233020,0.892552,-33.110001,-177.169998,-29.330000,1770467892.703966
0.060024,0.199348,0.684176,-30.309999,-154.559998,-27.299999,1770467892.712019
0.073444,0.250344,0.493368,-19.670000,-127.959999,-37.869999,1770467892.719971
0.306952,0.399184,0.362096,1.190000,-125.160004,3.360000,1770467892.727950
0.293288,0.454816,0.277428,14.000000,-107.660004,14.770000,1770467892.735952
0.292312,0.485316,0.211548,17.080000,-91.559998,18.270000,1770467892.743985
0.288652,0.513376,0.160552,19.530001,-75.040001,16.730000,1770467892.752074
0.268888,0.521184,0.121756,20.299999,-58.660000,11.690000,1770467892.759958
0.254492,0.510448,0.075640,19.110001,-43.610001,8.750000,1770467892.767965
0.240584,0.494832,0.038796,21.209999,-27.790001,-0.910000,1770467892.775951
0.227896,0.460916,0.009028,23.730000,-12.460000,-6.580000,1770467892.783960
0.215208,0.430416,-0.006344,28.420000,3.430000,-9.380000,1770467892.792048
0.225700,0.424072,0.021472,32.619999,21.840000,-12.670000,1770467892.799961
0.247416,0.436028,0.115656,28.070000,46.549999,-12.810000,1770467892.807958
0.275720,0.440420,0.302316,24.430000,69.790001,-12.390000,1770467892.815956
0.304024,0.421632,0.542656,14.070000,98.980003,-12.390000,1770467892.824088
0.301340,0.370636,0.792268,7.910000,132.300003,-6.160000,1770467892.831978
0.244488,0.266448,1.044320,1.260000,165.479996,-4.550000,1770467892.839962
0.127612,0.154208,1.318088,-11.690000,196.699997,-3.850000,1770467892.848041
-0.020496,0.048800,1.683844,-12.110000,223.229996,-1.470000,1770467892.855956
-0.242292,0.001952,2.271396,-8.680000,246.259995,-1.680000,1770467892.863951
-0.487024,-0.044896,2.707912,-10.570000,252.490005,8.260000,1770467892.871998
-0.707356,-0.237656,2.745488,-10.220000,229.809998,31.500000,1770467892.879953
-0.825208,-0.304512,2.286524,-3.150000,168.210007,65.730003,1770467892.887967
-1.486448,-0.736148,1.950292,-26.320000,132.440002,55.860001,1770467892.895929
-1.253672,-0.562664,1.555988,-40.880001,76.650002,22.750000,1770467892.904098
-1.259772,-0.512888,1.394216,-39.900002,45.290001,9.660000,1770467892.911956
-1.215120,-0.397964,1.340780,-40.740002,21.559999,-7.280000,1770467892.919956
-1.123620,-0.242780,1.251476,-44.660000,4.970000,-23.030001,1770467892.927953
-1.010404,-0.080276,1.080432,-46.970001,-8.470000,-41.580002,1770467892.935998
-0.881084,0.039284,0.903532,-46.689999,-23.030001,-57.820000,1770467892.943972
-0.751764,0.124684,0.765672,-39.200001,-33.669998,-70.279999,1770467892.951958
-0.631472,0.192760,0.670024,-25.690001,-41.369999,-79.800003,1770467892.959951
-0.518988,0.258640,0.588284,-10.080000,-48.369999,-83.230003,1770467892.968145
-0.420168,0.307928,0.523380,10.080000,-56.770000,-87.919998,1770467892.976115
-0.345992,0.339892,0.447008,27.440001,-67.129997,-89.040001,1770467892.984382
-0.306464,0.348920,0.373076,42.139999,-74.900002,-98.699997,1770467892.991961
-0.191540,0.409920,0.287188,63.000000,-82.879997,-90.720001,1770467892.999959
-0.146644,0.446764,0.228384,72.589996,-91.279999,-79.940002,1770467893.007997
-0.081496,0.480680,0.190808,86.870003,-103.320000,-71.540001,1770467893.016110
-0.038552,0.483120,0.169336,90.790001,-115.570000,-60.830002,1770467893.024024
0.012200,0.471408,0.137128,92.120003,-125.650002,-50.889999,1770467893.031946
0.114924,0.481168,0.114436,89.320000,-134.539993,-32.689999,1770467893.039947
0.134200,0.483608,0.132004,78.540001,-135.309998,-22.680000,1770467893.047955
0.177388,0.487268,0.155672,63.279999,-124.180000,-13.510000,1770467893.055971
0.217892,0.479216,0.228384,44.450001,-98.629997,-1.470000,1770467893.064026
0.235948,0.461404,0.395280,25.340000,-52.220001,11.760000,1770467893.071970
0.193248,0.409676,0.644892,11.970000,13.650000,22.049999,1770467893.079959
0.071980,0.306708,0.975268,-2.870000,87.430000,22.400000,1770467893.088028
-0.133712,0.143472,1.350296,-16.520000,158.199997,14.210000,1770467893.095930
-0.396256,-0.018544,1.793400,-16.450001,225.190002,7.630000,1770467893.103960
-0.734684,-0.079788,2.168184,11.900000,270.829987,12.180000,1770467893.111942
-1.369328,-0.483364,2.324832,16.520000,294.350006,1.470000,1770467893.119947
-1.580876,-0.436028,2.120604,10.430000,223.020004,-6.440000,1770467893.127975
-1.834880,-0.475556,1.965420,2.450000,114.029999,-8.890000,1770467893.135946
-1.874896,-0.518988,1.823656,-14.000000,-4.270000,-16.379999,1770467893.143949
-1.631628,-0.532408,1.714588,-19.530001,-109.199997,-28.490000,1770467893.151972
-1.275632,-0.483364,1.627236,-19.320000,-185.080002,-27.719999,1770467893.160091
-0.888892,-0.379176,1.527196,-21.559999,-229.179993,-37.029999,1770467893.167965
-0.524600,-0.250588,1.433988,-20.790001,-251.160004,-40.459999,1770467893.175948
-0.218624,-0.108336,1.309792,-25.480000,-259.070007,-42.000000,1770467893.183956
0.011224,0.016592,1.148508,-28.209999,-253.960007,-36.750000,1770467893.191931
0.138836,0.096868,0.931348,-30.309999,-237.580002,-32.759998,1770467893.199940
0.141520,0.106140,0.715652,-31.639999,-207.970001,-31.219999,1770467893.207955
0.507032,0.154696,0.457256,-28.070000,-191.869995,-21.910000,1770467893.216008
0.405284,0.352580,0.363316,-9.870000,-173.320007,5.600000,1770467893.223961
0.394060,0.396256,0.273280,2.100000,-150.639999,24.780001,1770467893.231941
0.377224,0.433588,0.186660,1.890000,-126.839996,28.490000,1770467893.239940
0.372100,0.462868,0.115900,2.240000,-104.440002,29.820000,1770467893.247944
0.362340,0.480436,0.070516,2.660000,-81.339996,32.830002,1770467893.255940
0.345504,0.476776,0.037088,7.350000,-57.889999,22.889999,1770467893.264007
0.325740,0.439688,0.015616,11.970000,-32.689999,21.490000,1770467893.271958
0.302560,0.404308,0.009760,20.090000,-9.240000,10.080000,1770467893.279934
0.297924,0.377468,0.035624,27.580000,18.760000,4.130000,1770467893.287926
0.301584,0.382836,0.130052,32.340000,46.200001,-7.280000,1770467893.295935
0.323788,0.411140,0.292312,33.880001,77.559998,-12.600000,1770467893.303970
0.349408,0.428708,0.510936,28.840000,107.519997,-15.050000,1770467893.312062
0.352580,0.413092,0.742736,21.559999,140.279999,-15.050000,1770467893.319987
0.328180,0.342820,0.943792,12.670000,177.520004,-16.520000,1770467893.327945
0.257420,0.241560,1.178032,9.100000,207.479996,-15.260000,1770467893.335945
0.139324,0.170068,1.469124,7.070000,231.979996,-13.440000,1770467893.343960
-0.031964,0.138836,1.916132,8.540000,250.039993,-11.690000,1770467893.351949
-0.228140,0.143472,2.439756,5.250000,257.250000,-0.140000,1770467893.360068
-0.467260,0.006832,2.683024,-0.210000,235.270004,20.440001,1770467893.368353
-0.685640,-0.143472,2.499536,4.760000,191.240005,39.689999,1770467893.375984
-0.837408,-0.123708,2.063508,0.560000,131.389999,58.029999,1770467893.383963
-1.239520,-0.466040,1.812676,-26.250000,98.629997,47.669998,1770467893.391945
-1.089216,-0.360632,1.499624,-36.189999,62.369999,22.750000,1770467893.399942
-1.076528,-0.371124,1.350052,-44.799999,41.439999,13.860000,1770467893.407953
-1.038220,-0.345260,1.231712,-43.330002,28.629999,-2.730000,1770467893.415999
-0.983564,-0.279624,1.089948,-46.900002,20.719999,-11.060000,1770467893.423971
-0.917196,-0.175192,0.911584,-45.779999,16.100000,-30.590000,1770467893.431949
-0.840580,-0.064416,0.771284,-44.450001,7.770000,-37.029999,1770467893.439947
-0.765428,0.050996,0.678808,-40.320000,-2.170000,-52.009998,1770467893.447952
-0.694668,0.138836,0.612440,-28.070000,-14.910000,-58.520000,1770467893.455944
-0.620004,0.213012,0.560956,-13.860000,-26.530001,-66.360001,1770467893.464114
-0.544852,0.270352,0.504836,1.260000,-37.869999,-73.639999,1770467893.471970
-0.477752,0.320372,0.434320,19.740000,-49.770000,-72.169998,1770467893.479956
-0.409920,0.368928,0.356240,32.759998,-60.200001,-79.239998,1770467893.488049
-0.351604,0.376492,0.294996,47.320000,-72.730003,-79.169998,1770467893.496019
-0.303536,0.369416,0.250588,54.180000,-84.910004,-82.809998,1770467893.503966
-0.180072,0.422364,0.185684,68.320000,-96.180000,-71.959999,1770467893.511945
-0.092476,0.466040,0.155672,80.430000,-114.800003,-59.150002,1770467893.519997
-0.016592,0.473360,0.143960,84.769997,-133.770004,-49.980000,1770467893.527955
0.078324,0.487512,0.139812,86.940002,-152.880005,-28.980000,1770467893.535932
0.102480,0.485560,0.153964,79.309998,-161.770004,-15.400000,1770467893.543958
0.140300,0.488488,0.189100,65.730003,-154.770004,-6.790000,1770467893.551950
0.187148,0.505568,0.284748,51.099998,-134.470001,5.950000,1770467893.560023
0.222528,0.520940,0.459940,29.959999,-95.129997,15.540000,1770467893.567974
0.210328,0.491416,0.703696,13.580000,-32.759998,25.340000,1770467893.575953
0.118828,0.379908,0.973072,-2.590000,36.959999,28.700001,1770467893.583967
-0.056120,0.180316,1.245864,-15.680000,102.690002,16.730000,1770467893.591947
-0.308660,-0.015616,1.591368,-17.219999,169.050003,3.010000,1770467893.599950
-0.467992,-0.141520,2.050820,0.560000,212.800003,4.830000,1770467893.607952
-0.950136,-0.396744,2.390468,15.190000,242.830002,20.090000,1770467893.615987
-1.171932,-0.478728,2.239676,5.880000,211.330002,-0.490000,1770467893.624000
-1.396900,-0.552172,2.082052,-4.480000,139.860001,2.310000,1770467893.631952
-1.510116,-0.597800,1.952732,-19.459999,50.750000,-0.140000,1770467893.639950
-1.443260,-0.603900,1.803404,-35.000000,-41.090000,-8.750000,1770467893.647949
-1.197308,-0.531676,1.685796,-38.990002,-111.860001,-9.240000,1770467893.655988
-0.897188,-0.408944,1.551352,-41.299999,-159.320007,-19.670000,1770467893.663967
-0.594628,-0.274988,1.422032,-40.880001,-185.500000,-20.719999,1770467893.671975
-0.337940,-0.136884,1.273924,-40.180000,-195.509995,-27.650000,1770467893.680061
-0.124684,-0.010736,1.111664,-45.009998,-193.410004,-22.820000,1770467893.687982
0.032696,0.097844,0.913780,-42.910000,-183.050003,-18.200001,1770467893.696047
0.090280,0.157868,0.726632,-40.110001,-165.410004,-12.950000,1770467893.703972
0.092232,0.135420,0.573888,-35.419998,-139.720001,-14.280000,1770467893.711948
0.330132,0.312564,0.225456,-27.790001,-124.110001,-13.020000,1770467893.719985
0.285236,0.359656,0.289628,-11.900000,-115.360001,17.709999,1770467893.728048
0.252052,0.394060,0.218136,0.910000,-100.099998,26.670000,1770467893.735948
0.224968,0.425048,0.159088,-0.630000,-85.750000,29.049999,1770467893.743965
0.208864,0.450668,0.119804,3.010000,-70.769997,30.379999,1770467893.751949
0.190320,0.443836,0.098820,3.080000,-56.910000,27.230000,1770467893.759950
0.178120,0.415776,0.062220,3.990000,-42.000000,23.309999,1770467893.767949
0.167384,0.367708,0.040748,10.430000,-25.480000,13.580000,1770467893.775955
0.169092,0.335988,0.058072,17.290001,-6.580000,7.140000,1770467893.783969
0.185684,0.334280,0.139568,26.670000,15.890000,-3.710000,1770467893.791950
0.226676,0.353068,0.294996,35.560001,40.389999,-9.800000,1770467893.799949
0.267180,0.393084,0.521428,34.580002,68.879997,-10.920000,1770467893.808004
0.297680,0.417972,0.779580,34.790001,97.230003,-13.860000,1770467893.815951
0.291580,0.427732,1.012356,29.120001,126.839996,-13.370000,1770467893.823966
0.247904,0.374052,1.236104,27.510000,154.699997,-11.480000,1770467893.831954
0.162992,0.316956,1.471808,27.090000,176.820007,-4.830000,1770467893.839950
-0.002684,0.287920,1.739964,26.459999,196.139999,-0.840000,1770467893.847953
-0.145912,0.274744,2.133292,20.790001,199.710007,5.600000,1770467893.856018
-0.312564,0.115656,2.443660,11.200000,187.250000,24.570000,1770467893.863964
-0.523624,-0.098332,2.436584,17.639999,156.800003,42.630001,1770467893.872157
-0.638060,-0.132736,2.183312,18.690001,112.139999,60.130001,1770467893.879949
-0.752252,-0.103944,1.916376,5.250000,68.949997,66.290001,1770467893.887958
-1.004060,-0.348676,1.743624,-19.670000,55.230000,46.340000,1770467893.895937
-0.913048,-0.337940,1.547936,-34.439999,42.419998,26.670000,1770467893.904005
-0.925248,-0.331596,1.434476,-42.910000,34.860001,12.740000,1770467893.911957
-0.905240,-0.283040,1.277096,-50.119999,29.400000,-8.680000,1770467893.920056
-0.869372,-0.193736,1.070428,-55.650002,25.900000,-21.490000,1770467893.927983
-0.812276,-0.087108,0.899628,-55.580002,19.250000,-43.820000,1770467893.935942
-0.733464,0.023668,0.774700,-51.310001,10.570000,-53.200001,1770467893.943964
-0.663192,0.113216,0.689056,-35.980000,0.560000,-65.449997,1770467893.951954
-0.599020,0.186172,0.607560,-22.260000,-11.200000,-69.019997,1770467893.959984
-0.535824,0.243024,0.516792,-6.370000,-22.610001,-73.639999,1770467893.967957
-0.466040,0.301096,0.438712,4.970000,-35.980000,-76.230003,1770467893.976266
-0.390888,0.360144,0.372344,16.520000,-46.689999,-82.599998,1770467893.984237
-0.328180,0.388692,0.330864,29.540001,-58.799999,-90.370003,1770467893.991977
-0.279380,0.354288,0.301096,37.660000,-69.019997,-91.139999,1770467893.999950
-0.158356,0.372588,0.253028,45.779999,-77.070000,-78.959999,1770467894.007944
-0.100772,0.365756,0.224236,52.570000,-87.430000,-69.860001,1770467894.015955
-0.029036,0.359900,0.195444,59.009998,-100.519997,-47.250000,1770467894.024109
0.035380,0.363316,0.172752,59.990002,-113.120003,-36.259998,1770467894.031937
0.074420,0.383568,0.172020,54.880001,-125.230003,-14.630000,1770467894.039951
0.097356,0.397720,0.202276,40.459999,-126.139999,-2.520000,1770467894.047954
0.129076,0.408700,0.281820,29.889999,-110.739998,9.660000,1770467894.056012
0.161772,0.415288,0.441152,16.309999,-77.349998,21.420000,1770467894.064150
0.152744,0.414068,0.680516,13.020000,-25.760000,29.469999,1770467894.072262
0.119560,0.364780,0.925492,11.340000,29.750000,26.389999,1770467894.079979
0.022936,0.231800,1.182668,9.870000,81.059998,19.180000,1770467894.087971
-0.212036,0.089304,1.497184,14.210000,130.199997,5.600000,1770467894.095936
-0.440176,0.047580,1.927844,22.120001,170.240005,0.560000,1770467894.103962
-0.748104,-0.023668,2.203808,21.209999,191.169998,-1.960000,1770467894.111962
-1.006012,-0.214720,2.139392,2.870000,175.000000,9.520000,1770467894.120045
-1.182180,-0.416020,1.934432,-18.410000,125.650002,-2.450000,1770467894.127980
-1.259528,-0.583160,1.838784,-29.469999,57.119999,2.240000,1770467894.135944
-1.249280,-0.680272,1.741672,-37.799999,-17.709999,-1.330000,1770467894.143955
-1.117520,-0.676612,1.659200,-43.889999,-81.550003,-3.290000,1770467894.151948
-0.888160,-0.593164,1.592588,-44.029999,-126.629997,-7.770000,1770467894.159960
-0.645868,-0.446764,1.495964,-47.669998,-152.389999,-15.400000,1770467894.168028
-0.418948,-0.274256,1.375428,-48.090000,-162.259995,-18.969999,1770467894.175961
-0.217160,-0.112240,1.221220,-52.779999,-159.600006,-20.930000,1770467894.183946
-0.053436,0.032940,1.024312,-51.310001,-151.830002,-19.250000,1770467894.191955
0.050264,0.136640,0.804468,-45.709999,-139.089996,-11.130000,1770467894.199946
0.074664,0.159088,0.625616,-35.419998,-120.120003,-9.800000,1770467894.207950
0.072224,0.139080,0.487512,-27.020000,-98.910004,-14.630000,1770467894.215992
0.541192,0.390156,0.309392,-9.450000,-101.220001,-9.450000,1770467894.223962
0.252540,0.392840,0.281088,7.350000,-94.919998,11.970000,1770467894.231950
0.244732,0.423828,0.257908,15.400000,-86.099998,20.160000,1770467894.239943
0.240340,0.453352,0.248636,14.910000,-74.900002,20.650000,1770467894.247946
0.238632,0.456280,0.260348,14.910000,-61.459999,24.010000,1770467894.255942
0.244244,0.412604,0.249368,13.230000,-45.570000,16.730000,1770467894.264032
0.233996,0.351116,0.190320,18.340000,-28.209999,18.830000,1770467894.272003
0.221796,0.308904,0.128344,22.750000,-12.320000,9.660000,1770467894.279942
0.220820,0.300364,0.118584,30.100000,4.830000,7.700000,1770467894.287929
0.232776,0.309636,0.201056,36.189999,26.530001,2.450000,1770467894.295932
0.268644,0.337452,0.367708,38.990002,50.750000,-3.150000,1770467894.303971
0.309880,0.352580,0.595604,37.099998,78.400002,-6.650000,1770467894.311954
0.332572,0.350628,0.841068,35.980000,108.220001,-6.090000,1770467894.319954
0.316468,0.328180,1.072136,31.080000,140.070007,-7.420000,1770467894.327973
0.256932,0.261324,1.283196,32.970001,167.580002,-2.730000,1770467894.335959
0.118584,0.203984,1.511824,30.870001,192.570007,2.240000,1770467894.343962
-0.033672,0.210816,1.897832,31.850000,210.839996,10.640000,1770467894.351951
-0.212280,0.192760,2.276032,23.309999,212.729996,21.070000,1770467894.359952
-0.424072,0.023668,2.438536,13.440000,195.369995,35.980000,1770467894.368002
-0.600728,-0.100040,2.252120,11.200000,159.740005,54.110001,1770467894.375993
-0.714188,-0.135176,1.961272,2.100000,113.050003,68.669998,1770467894.383965
-1.108248,-0.380884,1.842688,-20.440001,97.720001,67.550003,1770467894.391952
-1.044320,-0.453108,1.581852,-38.919998,73.570000,35.630001,1770467894.399950
-1.067744,-0.517280,1.460584,-46.130001,62.160000,18.969999,1770467894.408108
-1.058228,-0.495320,1.351272,-44.660000,50.610001,-4.270000,1770467894.415951
-1.023580,-0.368928,1.197064,-43.959999,40.880001,-12.460000,1770467894.424027
-0.954284,-0.196176,1.009184,-42.560001,26.879999,-32.480000,1770467894.431957
-0.864004,-0.021960,0.864736,-37.029999,8.610000,-40.110001,1770467894.439956
-0.787144,0.113460,0.759328,-34.230000,-7.140000,-58.869999,1770467894.448065
-0.695644,0.208376,0.690032,-24.570000,-21.980000,-63.349998,1770467894.455950
-0.602192,0.276208,0.630984,-13.020000,-35.349998,-66.849998,1770467894.463964
-0.511912,0.329400,0.569252,2.870000,-46.759998,-70.489998,1770467894.471970
-0.430660,0.364780,0.498980,16.379999,-56.490002,-72.449997,1770467894.480022
-0.369172,0.377224,0.421876,25.549999,-65.870003,-81.199997,1770467894.487956
-0.279868,0.410896,0.327204,35.000000,-74.480003,-76.160004,1770467894.495939
-0.185684,0.440420,0.255956,46.060001,-84.980003,-66.500000,1770467894.503968
-0.135664,0.437248,0.219600,54.250000,-96.180000,-57.259998,1770467894.512077
-0.070272,0.463112,0.174216,60.900002,-108.430000,-47.810001,1770467894.519981
-0.002684,0.460428,0.142740,63.279999,-121.940002,-41.439999,1770467894.527955
0.106628,0.473848,0.115412,63.209999,-139.229996,-21.490000,1770467894.535949
0.118584,0.458720,0.130784,54.880001,-145.740005,-10.220000,1770467894.544102
0.157136,0.464576,0.165432,46.619999,-140.279999,-0.140000,1770467894.551944
0.205448,0.469944,0.241316,35.630001,-120.750000,9.520000,1770467894.559949
0.244000,0.481900,0.385276,23.309999,-83.370003,13.580000,1770467894.567954
0.240584,0.471408,0.599752,16.170000,-28.350000,22.330000,1770467894.576116
0.195688,0.379908,0.835212,6.020000,35.279999,22.260000,1770467894.583961
0.094184,0.219112,1.105808,-1.890000,97.300003,19.530001,1770467894.591935
-0.121512,0.014396,1.437160,-9.100000,154.910004,9.870000,1770467894.599957
-0.314272,-0.078568,1.816824,-4.200000,208.460007,0.770000,1770467894.607950
-0.624152,-0.187392,2.174284,16.870001,239.610001,6.860000,1770467894.615971
-1.085068,-0.488732,2.206736,12.250000,245.630005,1.400000,1770467894.623966
-1.270020,-0.559492,2.036912,4.620000,185.360001,-1.470000,1770467894.631959
-1.477908,-0.608780,1.916376,-6.160000,96.110001,-5.670000,1770467894.639954
-1.514996,-0.640744,1.796328,-25.549999,5.950000,-8.890000,1770467894.647963
-1.362496,-0.627812,1.701168,-32.759998,-78.330002,-12.950000,1770467894.656090
-1.094828,-0.515572,1.623820,-36.750000,-132.860001,-18.549999,1770467894.663953
-0.798124,-0.371612,1.533296,-36.470001,-167.300003,-24.920000,1770467894.672005
-0.514596,-0.224724,1.433988,-38.990002,-183.050003,-29.889999,1770467894.680070
-0.275964,-0.057340,1.313208,-44.240002,-185.570007,-33.250000,1770467894.687939
-0.083448,0.086376,1.145580,-45.009998,-178.149994,-31.360001,1770467894.695939
0.044164,0.176900,0.947452,-42.980000,-163.520004,-25.969999,1770467894.704006
0.072956,0.184952,0.767624,-38.849998,-143.570007,-25.270000,1770467894.711974
0.080276,0.178364,0.606096,-38.779999,-118.580002,-29.750000,1770467894.719957
0.457500,0.529236,0.402600,-21.000000,-112.629997,-3.920000,1770467894.727949
0.270840,0.466528,0.361852,-4.830000,-100.800003,17.709999,1770467894.735957
0.260348,0.505080,0.290604,-0.420000,-91.980003,17.920000,1770467894.744099
0.244732,0.536068,0.229116,0.490000,-82.180000,25.690001,1770467894.751944
0.238144,0.534604,0.186416,0.560000,-71.330002,22.049999,1770467894.759947
0.237656,0.496540,0.156160,0.770000,-57.680000,19.530001,1770467894.767944
0.237900,0.441640,0.105164,5.180000,-45.009998,16.940001,1770467894.775967
0.225944,0.392596,0.063196,13.230000,-31.219999,7.630000,1770467894.783970
0.225212,0.356484,0.043920,25.549999,-13.650000,4.900000,1770467894.791954
0.241560,0.345748,0.095160,35.560001,6.230000,-2.800000,1770467894.799949
0.279136,0.370392,0.224480,38.779999,32.410000,-7.980000,1770467894.807949
0.328668,0.398208,0.423828,40.880001,57.889999,-11.270000,1770467894.816012
0.360632,0.402356,0.652944,38.430000,88.059998,-9.240000,1770467894.823949
0.365756,0.367220,0.869128,34.790001,120.190002,-12.950000,1770467894.832012
0.325740,0.302072,1.084824,29.540001,151.130005,-9.450000,1770467894.839949
0.234972,0.216916,1.345660,21.000000,180.600006,-1.820000,1770467894.847964
0.085888,0.160064,1.667984,19.459999,206.360001,5.250000,1770467894.856066
-0.090524,0.153476,2.139636,10.360000,224.070007,12.460000,1770467894.863961
-0.289628,0.074908,2.551508,0.770000,227.149994,27.930000,1770467894.871949
-0.523624,-0.133224,2.578348,-0.350000,205.800003,47.810001,1770467894.879976
-0.653920,-0.181048,2.198440,-1.120000,159.179993,63.910000,1770467894.887978
-0.851804,-0.163480,1.816336,-8.540000,114.099998,74.480003,1770467894.895931
-1.141432,-0.386496,1.593564,-35.910000,102.830002,39.270000,1770467894.903963
-1.140212,-0.500688,1.445700,-42.770000,85.540001,17.709999,1770467894.912024
-1.179984,-0.521672,1.379820,-45.080002,73.150002,3.010000,1770467894.919965
-1.156072,-0.430172,1.263188,-46.130001,63.000000,-16.940001,1770467894.927956
-1.066280,-0.255712,1.074820,-38.990002,45.220001,-29.540001,1770467894.935956
-0.967216,-0.097844,0.899384,-36.259998,21.910000,-39.549999,1770467894.943964
-0.883768,0.037088,0.784460,-29.540001,0.350000,-52.009998,1770467894.952059
-0.792512,0.132736,0.713212,-21.980000,-19.879999,-56.910000,1770467894.959957
-0.698816,0.202520,0.657580,-16.450001,-35.070000,-60.970001,1770467894.967947
-0.606584,0.247660,0.587552,-8.680000,-51.660000,-59.150002,1770467894.976186
-0.519232,0.265716,0.491416,-4.270000,-65.309998,-55.720001,1770467894.984434
-0.440176,0.276696,0.392352,0.770000,-75.320000,-55.369999,1770467894.991975
-0.364292,0.292556,0.305000,7.770000,-86.309998,-54.669998,1770467895.000057
-0.291580,0.311832,0.231312,10.430000,-96.949997,-50.959999,1770467895.007954
-0.219112,0.331596,0.165920,16.660000,-109.129997,-50.330002,1770467895.015956
-0.153720,0.337696,0.133468,18.900000,-119.629997,-44.799999,1770467895.023967
-0.110288,0.298412,0.130784,21.770000,-129.080002,-43.820000,1770467895.032422
-0.073200,0.318176,0.126880,28.350000,-130.410004,-44.799999,1770467895.039968
0.255712,0.490196,0.055876,41.230000,-138.740005,-27.930000,1770467895.047949
0.173728,0.427244,0.215696,58.939999,-138.389999,-12.810000,1770467895.055954
0.200324,0.458476,0.330620,62.509998,-127.190002,4.550000,1770467895.064050
0.223260,0.492636,0.477752,56.279999,-101.220001,6.930000,1770467895.072003
0.236436,0.510692,0.658312,40.669998,-61.320000,18.760000,1770467895.079963
0.204472,0.446032,0.845216,18.129999,-6.230000,26.809999,1770467895.087947
0.119316,0.284504,1.023092,0.630000,49.630001,27.160000,1770467895.095934
-0.059536,0.080520,1.225368,-11.760000,100.870003,22.959999,1770467895.103945
-0.250100,-0.050752,1.520608,-4.410000,154.490005,9.520000,1770467895.111945
-0.452376,-0.152500,1.992260,21.910000,186.130005,17.150000,1770467895.119951
-0.891576,-0.420412,2.321904,24.430000,204.820007,13.720000,1770467895.127922
-1.097512,-0.410164,2.143296,19.320000,171.850006,3.360000,1770467895.136086
-1.296860,-0.510448,2.024712,8.890000,108.849998,-0.770000,1770467895.143955
-1.388848,-0.596336,1.931992,-6.440000,34.650002,-11.900000,1770467895.151945
-1.311744,-0.627568,1.811700,-14.420000,-37.799999,-14.980000,1770467895.159942
-1.108004,-0.569252,1.699460,-22.610001,-95.199997,-25.620001,1770467895.167937
-0.825696,-0.447008,1.589172,-24.780001,-136.009995,-30.240000,1770467895.176224
-0.561688,-0.325496,1.469368,-29.889999,-157.429993,-35.279999,1770467895.183999
-0.328180,-0.173484,1.338096,-32.759998,-165.619995,-35.700001,1770467895.191969
-0.127124,-0.027328,1.186572,-35.349998,-164.639999,-34.580002,1770467895.199946
0.027084,0.092720,0.990884,-36.959999,-155.960007,-30.100000,1770467895.207943
0.091744,0.156404,0.812032,-31.850000,-140.419998,-26.389999,1770467895.215939
0.094184,0.140300,0.664168,-28.980000,-118.300003,-28.070000,1770467895.223940
0.722484,0.368928,0.522892,-17.780001,-127.190002,-12.810000,1770467895.231973
0.298412,0.402356,0.380640,1.960000,-99.959999,5.390000,1770467895.240073
0.275964,0.418948,0.300608,3.990000,-90.860001,28.840000,1770467895.247938
0.264740,0.447496,0.228628,10.430000,-81.199997,35.349998,1770467895.255944
0.258640,0.468968,0.185928,13.930000,-66.989998,32.340000,1770467895.263974
0.243268,0.454816,0.152988,19.180000,-52.009998,34.650002,1770467895.272037
0.225212,0.406748,0.094184,24.990000,-36.540001,22.680000,1770467895.279947
0.205692,0.362584,0.045872,32.900002,-20.020000,23.660000,1770467895.287929
0.194956,0.341600,0.034160,37.310001,-0.840000,11.340000,1770467895.295932
0.204960,0.336232,0.088084,41.439999,19.180000,7.560000,1770467895.303964
0.225212,0.355508,0.189344,43.189999,41.299999,-0.140000,1770467895.311993
0.254492,0.368440,0.339160,39.759998,65.660004,-3.710000,1770467895.319951
0.280844,0.390156,0.524844,31.570000,92.820000,-7.000000,1770467895.327950
0.281332,0.387228,0.736880,27.510000,124.320000,-7.000000,1770467895.335961
0.252784,0.346236,0.971608,15.890000,157.710007,-4.620000,1770467895.343976
0.173972,0.293776,1.210240,9.660000,187.179993,-1.960000,1770467895.351948
0.030988,0.245464,1.466928,5.110000,209.860001,3.710000,1770467895.359951
-0.165676,0.227408,1.891000,0.700000,226.029999,3.220000,1770467895.367953
-0.383568,0.221308,2.387784,-10.220000,230.860001,12.320000,1770467895.375999
-0.599996,0.015860,2.620072,-15.470000,213.080002,26.740000,1770467895.384081
-0.750056,-0.126148,2.395104,-1.960000,170.169998,51.029999,1770467895.391947
-0.939888,-0.091012,1.965908,1.820000,115.500000,64.540001,1770467895.399954
-1.204140,-0.297924,1.690676,-21.559999,86.660004,37.939999,1770467895.407952
-1.155096,-0.359168,1.450092,-32.900002,53.410000,19.600000,1770467895.415954
-1.152412,-0.396500,1.360300,-40.320000,36.470001,8.540000,1770467895.424019
-1.126548,-0.396012,1.269776,-46.480000,24.570000,1.190000,1770467895.431974
-1.060912,-0.325496,1.122400,-48.369999,16.450001,-18.059999,1770467895.439961
-0.986004,-0.215208,0.940864,-49.700001,6.860000,-27.090000,1770467895.448037
-0.905484,-0.108580,0.791536,-46.689999,-6.860000,-39.830002,1770467895.455949
-0.822280,-0.020008,0.697108,-39.410000,-22.680000,-51.240002,1770467895.463961
-0.738100,0.057096,0.644404,-31.570000,-37.660000,-59.709999,1770467895.471952
-0.647332,0.147376,0.586332,-16.660000,-52.009998,-63.209999,1770467895.480152
-0.560468,0.218624,0.521428,-2.450000,-63.910000,-66.779999,1770467895.487939
-0.471408,0.274500,0.449936,8.960000,-75.459999,-68.949997,1770467895.495944
-0.384300,0.309392,0.362584,20.090000,-87.849998,-65.660004,1770467895.503962
-0.306220,0.321104,0.282064,32.200001,-98.559998,-63.560001,1770467895.511945
-0.250100,0.321348,0.218136,40.599998,-109.550003,-59.709999,1770467895.519946
-0.190808,0.306952,0.169336,42.630001,-118.650002,-62.020000,1770467895.527963
-0.086620,0.322324,0.118096,47.529999,-130.059998,-48.160000,1770467895.536026
-0.035624,0.347212,0.086864,49.910000,-142.520004,-42.139999,1770467895.543999
0.238876,0.446276,0.067832,52.220001,-167.089996,-23.940001,1770467895.551957
0.147620,0.368440,0.131272,48.299999,-172.619995,-2.800000,1770467895.559948
0.183000,0.356484,0.194956,37.730000,-166.179993,8.960000,1770467895.567986
0.230092,0.362340,0.300608,26.950001,-141.960007,20.790001,1770467895.576315
0.260348,0.397720,0.489220,20.930000,-102.129997,26.250000,1770467895.584054
0.272060,0.427000,0.724192,18.549999,-42.000000,31.639999,1770467895.591948
0.248148,0.394792,0.955748,21.770000,24.430000,30.309999,1770467895.599949
0.154208,0.295484,1.193648,20.299999,87.500000,25.690001,1770467895.607964
-0.056608,0.189100,1.493280,27.230000,140.490005,7.140000,1770467895.616052
-0.323544,0.129320,1.939800,28.420000,188.929993,-11.900000,1770467895.623977
-0.480436,-0.041968,2.331420,27.719999,211.470001,-8.120000,1770467895.631951
-0.685396,-0.153964,2.387296,31.360001,195.720001,18.969999,1770467895.639965
-0.998936,-0.225944,2.225036,23.450001,155.399994,37.590000,1770467895.648049
-1.301252,-0.516060,2.095228,-4.130000,92.190002,13.650000,1770467895.655982
-1.321260,-0.578036,1.900028,-21.700001,17.290001,-2.800000,1770467895.663962
-1.228784,-0.533384,1.726056,-35.980000,-53.480000,-11.270000,1770467895.671950
-1.005768,-0.445056,1.597468,-45.779999,-108.779999,-15.470000,1770467895.680016
-0.751764,-0.317444,1.467660,-55.860001,-140.839996,-21.559999,1770467895.688023
-0.504348,-0.204716,1.330532,-59.150002,-155.750000,-26.180000,1770467895.695974
-0.283772,-0.088328,1.184376,-62.230000,-158.830002,-28.420000,1770467895.703967
-0.102236,0.040260,1.015528,-58.169998,-155.960007,-23.520000,1770467895.711950
0.034160,0.134688,0.856196,-51.520000,-147.070007,-18.410000,1770467895.719951
0.069540,0.159088,0.732976,-44.450001,-130.550003,-15.610000,1770467895.727998
0.083692,0.145180,0.607072,-37.240002,-107.870003,-21.490000,1770467895.735959
0.393328,0.550708,0.403088,-12.320000,-106.610001,2.940000,1770467895.743967
0.320616,0.436760,0.412848,5.460000,-107.519997,21.840000,1770467895.751951
0.313052,0.460428,0.353556,12.110000,-98.629997,25.129999,1770467895.760067
0.297436,0.490684,0.275720,14.350000,-86.800003,31.290001,1770467895.767944
0.284992,0.483608,0.192028,15.960000,-73.010002,24.639999,1770467895.775977
0.271084,0.427976,0.099064,20.230000,-58.660000,30.520000,1770467895.783956
0.256932,0.355508,0.028548,23.870001,-40.880001,22.540001,1770467895.792013
0.263764,0.299144,-0.008052,28.840000,-24.219999,18.620001,1770467895.800127
0.271328,0.273768,0.022936,35.279999,-1.890000,10.570000,1770467895.807947
0.305244,0.290848,0.130052,34.790001,22.680000,3.780000,1770467895.815950
0.359412,0.319152,0.312808,30.870001,53.200001,3.920000,1770467895.824099
0.412116,0.334036,0.524600,26.110001,86.940002,1.750000,1770467895.831945
0.430172,0.329644,0.759084,24.570000,124.739998,2.240000,1770467895.839955
0.396012,0.311588,0.961116,24.219999,165.339996,1.400000,1770467895.847959
0.339648,0.263764,1.196820,29.680000,203.279999,4.130000,1770467895.856094
0.230824,0.253516,1.447652,38.430000,231.490005,0.840000,1770467895.863971
0.050508,0.275476,1.811456,46.759998,252.000000,1.470000,1770467895.871947
-0.171044,0.329888,2.286036,37.450001,260.119995,9.590000,1770467895.880024
-0.396500,0.167384,2.547604,11.760000,251.440002,24.010000,1770467895.887955
-0.632448,-0.101748,2.388760,1.750000,221.830002,40.180000,1770467895.895943
-0.751520,-0.208376,1.974692,-9.870000,170.380005,60.900002,1770467895.903960
-1.383968,-0.758108,1.797792,-40.110001,161.279999,58.029999,1770467895.911947
-1.242692,-0.743712,1.458144,-57.189999,133.419998,20.930000,1770467895.919999
-1.328336,-0.768356,1.356884,-57.540001,116.199997,12.320000,1770467895.927945
-1.363228,-0.652944,1.283928,-50.889999,94.709999,-5.810000,1770467895.935948
-1.330532,-0.456768,1.155828,-46.130001,69.790001,-15.750000,1770467895.943967
-1.249768,-0.229848,0.974048,-41.509998,38.990002,-28.840000,1770467895.951971
-1.156316,-0.032208,0.805688,-37.240002,7.980000,-41.160000,1770467895.960021
-1.035292,0.105164,0.702232,-34.369999,-21.350000,-54.880001,1770467895.967954
-0.891820,0.184708,0.634888,-26.740000,-46.970001,-65.239998,1770467895.976167
-0.744932,0.235460,0.572912,-19.320000,-66.570000,-66.290001,1770467895.984433
-0.619516,0.266936,0.509960,-7.140000,-82.110001,-70.209999,1770467895.992077
-0.505568,0.285968,0.440664,3.290000,-97.650002,-65.029999,1770467895.999982
-0.402600,0.295972,0.358680,8.750000,-108.430000,-60.410000,1770467896.007956
-0.322568,0.305976,0.272792,11.130000,-119.629997,-58.799999,1770467896.015955
-0.259372,0.303780,0.198128,12.110000,-131.529999,-54.669998,1770467896.023976
-0.149816,0.362828,0.109556,13.790000,-140.630005,-51.099998,1770467896.032080
-0.097844,0.365268,0.072224,18.129999,-150.429993,-38.849998,1770467896.039945
-0.033916,0.357948,0.061976,14.630000,-158.339996,-28.490000,1770467896.047942
0.198860,0.437248,0.068076,18.690001,-172.410004,-16.100000,1770467896.056001
0.156892,0.381860,0.118584,29.469999,-171.429993,0.980000,1770467896.063960
0.212036,0.377712,0.213500,36.119999,-161.699997,9.660000,1770467896.072089
0.249124,0.381128,0.345260,42.070000,-137.970001,20.719999,1770467896.079967
0.287188,0.400404,0.533628,41.439999,-96.320000,22.120001,1770467896.087975
0.285236,0.414312,0.746884,39.759998,-38.849998,27.090000,1770467896.095943
0.242536,0.370392,0.939644,33.880001,26.459999,29.260000,1770467896.104046
0.138104,0.261568,1.108248,22.750000,86.730003,28.910000,1770467896.111940
-0.090768,0.118096,1.313452,17.290001,144.130005,21.000000,1770467896.119933
-0.311100,0.051484,1.647732,22.120001,194.039993,9.380000,1770467896.127922
-0.562908,-0.049044,2.049600,39.130001,219.380005,9.100000,1770467896.135950
-0.878400,-0.131272,2.202832,39.130001,208.389999,16.379999,1770467896.144009
-1.224880,-0.313052,2.064484,28.559999,166.949997,9.870000,1770467896.151976
-1.370792,-0.412360,1.918572,20.090000,96.529999,8.750000,1770467896.159940
-1.423984,-0.451156,1.838540,7.210000,17.780001,3.710000,1770467896.167937
-1.333216,-0.446032,1.724348,-9.660000,-62.369999,-7.420000,1770467896.176001
-1.112396,-0.427000,1.592344,-19.670000,-119.980003,-12.040000,1770467896.183966
-0.840336,-0.380640,1.461560,-32.549999,-157.009995,-17.430000,1770467896.191945
-0.569984,-0.305976,1.338828,-37.799999,-177.729996,-21.700001,1770467896.199942
-0.331596,-0.190076,1.227808,-46.970001,-183.190002,-25.059999,1770467896.207947
-0.127612,-0.065880,1.101660,-48.860001,-178.850006,-20.160000,1770467896.216005
0.027328,0.055632,0.952332,-51.660000,-167.089996,-13.300000,1770467896.223965
0.091256,0.130296,0.809592,-48.790001,-149.380005,-7.210000,1770467896.231947
0.105652,0.119072,0.695400,-43.330002,-123.760002,-9.100000,1770467896.239943
0.662460,0.340136,0.588284,-28.770000,-110.320000,2.520000,1770467896.247950
0.323544,0.408212,0.469700,-9.660000,-101.989998,23.450001,1770467896.255979
0.308416,0.452376,0.409432,1.750000,-93.660004,33.459999,1770467896.264063
0.294508,0.479704,0.332084,5.740000,-84.559998,29.750000,1770467896.271954
0.285724,0.496784,0.241072,11.690000,-72.660004,31.500000,1770467896.280250
0.264984,0.450424,0.159576,18.549999,-56.349998,28.700001,1770467896.287927
0.239608,0.374052,0.075884,25.410000,-38.709999,29.190001,1770467896.295934
0.227408,0.304756,0.002684,32.060001,-22.049999,18.969999,1770467896.304113
0.226920,0.260836,-0.019520,32.689999,-5.460000,15.260000,1770467896.311950
0.236436,0.250344,0.025620,29.889999,14.630000,7.700000,1770467896.319956
0.267912,0.260348,0.168848,16.940001,40.529999,6.230000,1770467896.327943
0.322324,0.267668,0.398696,8.190000,71.050003,7.490000,1770467896.335957
0.376248,0.240584,0.660508,1.120000,105.629997,9.030000,1770467896.344106
0.374784,0.189100,0.909388,1.120000,144.970001,6.860000,1770467896.351952
0.336476,0.102236,1.137040,16.870001,181.929993,5.250000,1770467896.359953
0.256200,0.056364,1.397632,35.630001,213.009995,7.490000,1770467896.367951
0.127612,0.089548,1.681892,56.349998,228.830002,6.160000,1770467896.375958
-0.053436,0.220576,2.096692,63.419998,234.149994,12.110000,1770467896.383987
-0.282552,0.236680,2.500512,50.330002,222.039993,20.020000,1770467896.391955
-0.507764,0.057096,2.572736,32.340000,190.259995,31.639999,1770467896.399950
-0.617564,-0.070272,2.208444,10.920000,147.139999,45.430000,1770467896.407952
-0.725656,-0.129808,1.830000,-9.800000,105.070000,59.570000,1770467896.416071
-1.082140,-0.578524,1.630896,-47.740002,104.510002,40.950001,1770467896.423987
-0.974536,-0.610488,1.392264,-56.770000,99.400002,23.520000,1770467896.431951
-1.009428,-0.604876,1.288564,-58.869999,97.440002,12.460000,1770467896.439956
-1.050420,-0.499468,1.199504,-53.200001,96.110001,-5.740000,1770467896.447958
-1.076528,-0.321104,1.083116,-49.279999,89.599998,-15.960000,1770467896.456009
-1.068476,-0.124684,0.960628,-49.980000,74.970001,-32.200001,1770467896.463977
-1.047004,0.035624,0.837164,-48.439999,50.400002,-45.150002,1770467896.471950
-0.994056,0.148352,0.734196,-41.230000,23.240000,-57.049999,1770467896.479968
-0.914512,0.217404,0.668316,-36.750000,-4.340000,-64.820000,1770467896.487964
-0.806420,0.269864,0.615612,-22.680000,-28.629999,-69.160004,1770467896.495952
-0.695888,0.308904,0.554368,-7.770000,-49.070000,-70.839996,1770467896.503967
-0.586332,0.335012,0.486048,4.200000,-66.570000,-71.190002,1770467896.511952
-0.491416,0.360388,0.404552,19.250000,-81.550003,-72.379997,1770467896.520026
-0.409432,0.356728,0.325740,24.639999,-94.919998,-70.980003,1770467896.527974
-0.250588,0.427000,0.247660,37.240002,-109.760002,-54.810001,1770467896.535930
-0.186416,0.411140,0.204960,39.340000,-126.000000,-42.770000,1770467896.543967
-0.129076,0.393084,0.162992,39.480000,-139.300003,-33.180000,1770467896.551942
-0.086864,0.352336,0.127612,36.119999,-150.850006,-22.610001,1770467896.559951
-0.033428,0.301096,0.111020,27.650000,-157.850006,-13.580000,1770467896.568353
0.056608,0.289872,0.117120,23.240000,-161.559998,-9.100000,1770467896.575944
0.148352,0.289140,0.158112,22.959999,-165.970001,6.020000,1770467896.583970
0.181780,0.284260,0.260592,17.639999,-146.509995,18.830000,1770467896.592118
0.195444,0.286944,0.447496,14.210000,-110.110001,25.549999,1770467896.599948
0.197396,0.317200,0.690032,12.110000,-51.029999,31.150000,1770467896.607949
0.187392,0.286456,0.925736,17.080000,14.210000,36.330002,1770467896.615954
0.115656,0.217404,1.166564,21.350000,73.849998,30.940001,1770467896.623959
-0.085644,0.099064,1.419836,31.780001,131.320007,23.450001,1770467896.632021
-0.350140,0.056608,1.744356,47.529999,180.250000,15.330000,1770467896.640046
-0.707600,0.060024,2.033984,55.580002,207.059998,14.000000,1770467896.648001
-1.054080,-0.116876,2.113772,42.349998,197.960007,11.200000,1770467896.656084
-1.264408,-0.195444,1.948340,17.639999,144.479996,5.180000,1770467896.663967
-1.415688,-0.339892,1.840736,3.430000,69.650002,-0.350000,1770467896.671951
-1.442040,-0.440420,1.788032,-9.100000,-6.790000,-2.940000,1770467896.680109
-1.327116,-0.501420,1.713368,-27.230000,-76.300003,-10.920000,1770467896.687960
-1.090680,-0.523136,1.612108,-32.410000,-135.380005,-13.930000,1770467896.695956
-0.810324,-0.467504,1.498404,-40.110001,-170.589996,-22.610001,1770467896.703966
-0.531432,-0.339160,1.381772,-45.570000,-188.509995,-26.180000,1770467896.711950
-0.277184,-0.182024,1.270264,-48.090000,-193.619995,-26.389999,1770467896.720038
-0.075884,-0.018788,1.127280,-53.549999,-186.759995,-25.830000,1770467896.727973
0.061732,0.111020,0.962824,-53.900002,-171.990005,-16.730000,1770467896.735952
0.094184,0.154696,0.802028,-52.570000,-150.850006,-15.050000,1770467896.743965
0.098820,0.154940,0.646600,-48.860001,-120.190002,-19.459999,1770467896.751994
0.340624,0.418948,0.477264,-24.639999,-120.400002,7.910000,1770467896.759968
0.319640,0.427000,0.477264,-10.430000,-103.529999,19.950001,1770467896.767947
0.310124,0.446520,0.423096,-1.190000,-88.760002,24.219999,1770467896.775948
0.315248,0.447984,0.355996,-0.910000,-74.129997,28.420000,1770467896.784155
0.308904,0.441884,0.290360,4.970000,-59.779999,25.340000,1770467896.791957
0.295484,0.391620,0.218380,13.300000,-44.310001,26.950001,1770467896.799965
0.258884,0.328180,0.138592,18.340000,-26.250000,27.020000,1770467896.807951
0.224724,0.278160,0.077104,25.340000,-8.190000,21.559999,1770467896.815967
0.215208,0.243024,0.042456,30.309999,9.100000,14.140000,1770467896.824130
0.226676,0.248148,0.061000,29.750000,23.520000,3.990000,1770467896.831945
0.248880,0.277428,0.160796,33.250000,41.439999,0.420000,1770467896.839957
0.289140,0.316468,0.356728,30.590000,66.989998,-2.940000,1770467896.847961
0.341844,0.346236,0.615368,33.110001,94.080002,-2.800000,1770467896.856013
0.375760,0.342820,0.872544,35.770000,125.440002,-4.130000,1770467896.864056
0.348676,0.297436,1.075796,40.880001,158.479996,-0.770000,1770467896.871957
0.273524,0.267912,1.278072,48.439999,183.960007,0.980000,1770467896.880106
0.146156,0.228872,1.515240,44.240002,199.009995,4.830000,1770467896.887948
0.016104,0.209108,1.792668,29.680000,205.940002,15.820000,1770467896.895972
-0.152012,0.131028,2.116456,7.560000,202.160004,23.100000,1770467896.903981
-0.348432,-0.083448,2.366312,-18.969999,191.380005,37.660000,1770467896.911956
-0.456280,-0.281820,2.300432,-25.969999,166.039993,54.740002,1770467896.919953
-0.597556,-0.404308,1.978596,-31.780001,135.169998,76.790001,1770467896.927960
-0.966728,-0.738832,1.703852,-51.520000,146.580002,47.320000,1770467896.936108
-0.997960,-0.815692,1.427400,-59.290001,129.639999,27.930000,1770467896.943961
-1.081652,-0.746396,1.324188,-46.549999,122.150002,20.719999,1770467896.951962
-1.153876,-0.538264,1.283928,-36.119999,111.860001,3.990000,1770467896.959950
-1.203408,-0.264008,1.209264,-34.790001,98.419998,-5.180000,1770467896.968023
-1.207312,-0.028060,1.079944,-32.549999,76.300003,-24.010000,1770467896.976115
-1.161928,0.152500,0.935008,-37.799999,47.320000,-33.810001,1770467896.984175
-1.077260,0.254736,0.799588,-37.450001,17.850000,-50.330002,1770467896.991975
-0.955260,0.301096,0.700768,-31.570000,-13.790000,-60.900002,1770467896.999953
-0.812032,0.307440,0.626836,-25.200001,-41.230000,-67.410004,1770467897.007970
-0.680272,0.307928,0.552904,-10.990000,-64.120003,-69.160004,1770467897.015959
-0.566812,0.306220,0.481656,-0.210000,-80.639999,-69.160004,1770467897.024030
-0.473360,0.284504,0.398208,4.410000,-94.570000,-69.300003,1770467897.031933
-0.403332,0.356728,0.303536,14.420000,-104.230003,-69.370003,1770467897.039951
-0.331352,0.332328,0.258152,16.660000,-110.879997,-72.099998,1770467897.047966
-0.177632,0.431148,0.188856,24.430000,-122.919998,-53.200001,1770467897.056064
-0.128344,0.432368,0.170800,25.340000,-134.679993,-40.110001,1770467897.063973
-0.079056,0.407480,0.147620,27.440001,-142.869995,-27.719999,1770467897.071971
-0.006100,0.367952,0.124440,31.780001,-149.660004,-13.510000,1770467897.079950
0.156892,0.385276,0.127124,37.590000,-161.210007,0.630000,1770467897.087960
0.135176,0.344284,0.180316,45.009998,-160.720001,13.790000,1770467897.095948
0.176656,0.327936,0.261568,45.220001,-148.399994,18.480000,1770467897.104108
0.201056,0.331352,0.408944,42.349998,-120.820000,27.230000,1770467897.111943
0.209840,0.352336,0.620736,39.549999,-70.769997,34.020000,1770467897.119944
0.204960,0.338184,0.842532,37.099998,-11.130000,36.049999,1770467897.127940
0.168604,0.276208,1.072868,34.720001,45.709999,33.669998,1770467897.135943
0.019276,0.160064,1.321748,33.459999,100.519997,28.700001,1770467897.143939
-0.258152,0.070760,1.643584,39.200001,152.809998,15.540000,1770467897.151949
-0.485560,0.040992,1.982012,52.220001,187.389999,6.930000,1770467897.159968
-0.773724,-0.040992,2.126704,49.560001,189.699997,13.090000,1770467897.168016
-1.026752,-0.199348,2.072048,32.689999,158.830002,9.660000,1770467897.175938
-1.237568,-0.356484,1.954928,18.549999,98.980003,0.070000,1770467897.183974
-1.303692,-0.490684,1.912228,4.130000,28.209999,-6.300000,1770467897.191947
-1.246108,-0.543388,1.832196,-2.240000,-40.669998,-13.370000,1770467897.199961
-1.067500,-0.552416,1.743624,-12.250000,-99.400002,-19.320000,1770467897.208035
-0.810324,-0.487756,1.643096,-18.760000,-138.320007,-22.469999,1770467897.215969
-0.551684,-0.361608,1.514508,-26.809999,-158.550003,-27.860001,1770467897.223953
-0.310856,-0.199104,1.399096,-31.850000,-167.020004,-28.840000,1770467897.231942
-0.095404,-0.028304,1.238788,-35.770000,-163.100006,-28.280001,1770467897.239942
0.046848,0.124928,1.037488,-36.750000,-151.619995,-19.530001,1770467897.247941
0.077348,0.180804,0.856928,-35.630001,-132.720001,-18.059999,1770467897.255989
0.084668,0.163724,0.691984,-35.980000,-104.510002,-23.030001,1770467897.263957
0.435784,0.466284,0.496296,-19.530001,-106.750000,11.480000,1770467897.271942
0.276696,0.410652,0.485560,-4.900000,-89.320000,19.320000,1770467897.279930
0.266204,0.407968,0.426512,-5.110000,-75.040001,29.400000,1770467897.287944
0.259616,0.420168,0.352580,-7.420000,-61.320000,26.809999,1770467897.295942
0.250832,0.427488,0.287188,-5.320000,-52.990002,29.750000,1770467897.303978
0.234240,0.415288,0.209596,-3.920000,-40.110001,26.809999,1770467897.312012
0.210084,0.380396,0.129564,6.020000,-28.000000,25.690001,1770467897.319948
0.191784,0.329156,0.071492,14.700000,-11.900000,21.000000,1770467897.327950
0.195932,0.301828,0.048800,30.170000,3.220000,10.850000,1770467897.335946
0.205448,0.296704,0.088816,35.980000,21.420000,7.420000,1770467897.344009
0.235948,0.319640,0.193004,41.580002,40.110001,-2.590000,1770467897.351974
0.281332,0.363560,0.372832,41.020000,63.000000,-3.290000,1770467897.359957
0.320860,0.398452,0.610488,35.349998,90.860001,-3.500000,1770467897.367947
0.336476,0.395768,0.841068,28.559999,121.309998,-1.680000,1770467897.375946
0.292556,0.334280,1.034560,22.330000,152.039993,-0.210000,1770467897.384283
0.214720,0.271816,1.244888,19.110001,177.380005,4.900000,1770467897.392038
0.090524,0.230336,1.485716,18.340000,197.470001,6.930000,1770467897.399979
-0.077348,0.213012,1.857572,7.210000,212.940002,12.810000,1770467897.407937
-0.257664,0.183976,2.271884,-7.840000,215.389999,23.799999,1770467897.415951
-0.477264,0.004636,2.507588,-21.000000,202.929993,38.150002,1770467897.423967
-0.625616,-0.162016,2.359724,-17.570000,171.710007,58.380001,1770467897.431946
-0.795684,-0.159820,1.960540,-20.160000,127.820000,74.970001,1770467897.440008
-1.114592,-0.438712,1.644804,-45.639999,108.080002,39.270000,1770467897.447937
-1.090680,-0.532164,1.422032,-54.110001,90.230003,31.850000,1770467897.455951
-1.118252,-0.547780,1.314672,-56.419998,77.000000,11.130000,1770467897.464010
-1.149728,-0.480680,1.214632,-54.180000,63.770000,2.520000,1770467897.471990
-1.136308,-0.348432,1.081652,-51.240002,49.840000,-10.920000,1770467897.479939
-1.090680,-0.196908,0.929396,-53.130001,31.920000,-25.270000,1770467897.487966
-1.024312,-0.063684,0.769332,-52.220001,9.100000,-39.410000,1770467897.496012
-0.937692,0.030744,0.657824,-49.770000,-14.980000,-51.240002,1770467897.503949
-0.834480,0.091012,0.584380,-40.529999,-36.119999,-59.290001,1770467897.511953
-0.730780,0.135664,0.520208,-25.340000,-53.340000,-65.800003,1770467897.519949
-0.621712,0.169336,0.452132,-14.700000,-67.129997,-67.900002,1770467897.528022
-0.504348,0.209596,0.392840,-1.400000,-81.410004,-70.629997,1770467897.535939
-0.399428,0.252052,0.328912,5.110000,-91.629997,-67.410004,1770467897.543962
-0.313540,0.296216,0.271328,13.020000,-100.660004,-65.099998,1770467897.551946
-0.231312,0.327936,0.235704,15.540000,-111.650002,-58.939999,1770467897.559987
-0.184708,0.317688,0.208132,16.450001,-118.650002,-64.540001,1770467897.567978
-0.076616,0.363560,0.160552,21.980000,-120.540001,-58.169998,1770467897.575944
0.022448,0.377468,0.125660,31.570000,-131.880005,-44.380001,1770467897.583983
0.121512,0.375028,0.160308,42.770000,-144.619995,-14.070000,1770467897.591950
0.140544,0.359412,0.209108,53.759998,-147.279999,1.890000,1770467897.599967
0.152744,0.352336,0.262788,54.320000,-142.029999,13.440000,1770467897.607938
0.181048,0.370148,0.364048,52.220001,-125.089996,21.559999,1770467897.616018
0.193004,0.402600,0.539484,45.009998,-91.839996,25.200001,1770467897.623960
0.177388,0.423340,0.768112,33.110001,-41.090000,32.549999,1770467897.632035
0.149572,0.411628,0.998936,24.219999,16.309999,35.910000,1770467897.639955
0.066612,0.332328,1.223172,18.340000,71.610001,35.630001,1770467897.647944
-0.149572,0.197152,1.463024,20.790001,122.919998,27.580000,1770467897.655937
-0.414556,0.130784,1.774612,34.090000,168.839996,12.670000,1770467897.663974
-0.681248,0.014396,2.051796,43.189999,187.110001,12.320000,1770467897.671978
-0.908900,-0.064660,2.096936,41.860001,164.639999,15.260000,1770467897.679963
-1.233664,-0.295240,2.015928,30.870001,120.050003,7.280000,1770467897.687962
-1.292956,-0.339160,1.927112,26.670000,54.110001,-0.350000,1770467897.696034
-1.273436,-0.343552,1.862696,18.200001,-15.120000,-9.100000,1770467897.703943
-1.120204,-0.327692,1.774612,10.640000,-80.779999,-20.020000,1770467897.711974
-0.887672,-0.320616,1.660664,0.560000,-129.639999,-27.510000,1770467897.719996
-0.638304,-0.300364,1.534028,-14.000000,-158.759995,-33.389999,1770467897.727951
-0.377956,-0.275720,1.410564,-27.790001,-174.229996,-31.150000,1770467897.735949
-0.149816,-0.192028,1.276120,-43.189999,-177.940002,-32.549999,1770467897.743958
0.037576,-0.088572,1.116544,-55.369999,-170.520004,-24.709999,1770467897.751949
0.117852,0.002196,0.923784,-59.779999,-152.389999,-15.610000,1770467897.760026
0.132248,0.051972,0.731024,-63.000000,-125.650002,-15.610000,1770467897.767957
0.265228,0.058804,0.599264,-61.180000,-108.290001,0.210000,1770467897.775950
0.326472,0.315736,0.443348,-35.000000,-95.550003,24.219999,1770467897.784023
0.319152,0.320128,0.394304,-18.900000,-76.089996,30.309999,1770467897.792111
0.315248,0.383568,0.346480,-3.360000,-60.270000,31.780001,1770467897.799952
0.313540,0.453840,0.321836,8.750000,-42.419998,27.370001,1770467897.807944
0.307196,0.507764,0.295484,23.660000,-25.549999,23.660000,1770467897.815956
0.297192,0.468724,0.257176,37.029999,-6.930000,18.059999,1770467897.823961
0.269132,0.409432,0.191052,50.330002,11.270000,15.260000,1770467897.831952
0.240340,0.347944,0.134200,64.540001,28.980000,10.220000,1770467897.839988
0.225212,0.320616,0.122732,71.330002,44.869999,2.310000,1770467897.848004
0.211792,0.317200,0.156404,65.169998,59.849998,-1.260000,1770467897.855952
0.218624,0.317444,0.256200,47.110001,76.300003,-6.720000,1770467897.863981
0.240584,0.309392,0.419192,19.670000,94.989998,-1.680000,1770467897.872093
0.251808,0.277428,0.623664,-2.450000,121.870003,2.170000,1770467897.879940
0.229360,0.183488,0.835456,-15.750000,154.070007,7.490000,1770467897.887988
0.168848,0.080032,1.083604,-17.780001,185.639999,11.550000,1770467897.895958
0.071004,-0.008540,1.388116,-7.350000,210.210007,12.530000,1770467897.903949
-0.108580,-0.012444,1.828292,3.220000,230.860001,21.070000,1770467897.911955
-0.350872,0.093208,2.355088,3.640000,241.080002,25.480000,1770467897.919961
-0.619516,0.066856,2.727432,-10.220000,227.500000,37.169998,1770467897.928059
-0.779092,-0.077104,2.529304,-9.870000,184.729996,59.709999,1770467897.935945
-0.947940,-0.064172,1.926868,-14.000000,133.839996,72.169998,1770467897.943968
-1.233176,-0.249368,1.554036,-42.560001,110.669998,43.330002,1770467897.951949
-1.199992,-0.345260,1.356152,-49.209999,82.739998,28.700001,1770467897.959950
-1.220488,-0.394304,1.297592,-56.700001,64.750000,18.410000,1770467897.967966
-1.242692,-0.413580,1.246596,-59.220001,49.070000,6.580000,1770467897.976068
-1.220244,-0.349408,1.115568,-61.529999,35.419998,-8.190000,1770467897.984273
-1.169736,-0.251076,0.956480,-61.529999,19.180000,-21.350000,1770467897.992108
-1.098000,-0.145668,0.785680,-61.110001,-2.030000,-33.810001,1770467897.999959
-1.013088,-0.046116,0.645624,-56.770000,-24.709999,-45.779999,1770467898.007942
-0.904264,0.027084,0.560956,-43.330002,-48.090000,-56.279999,1770467898.016018
-0.778360,0.097600,0.515328,-30.100000,-67.129997,-63.419998,1770467898.024119
-0.653188,0.160552,0.476288,-15.330000,-83.790001,-70.980003,1770467898.031933
-0.534360,0.221064,0.419924,-0.560000,-95.760002,-70.839996,1770467898.039955
-0.418460,0.274500,0.356240,8.260000,-106.750000,-68.180000,1770467898.047980
-0.310124,0.324276,0.294996,18.620001,-118.300003,-67.269997,1770467898.056089
-0.223992,0.344772,0.257664,25.129999,-128.100006,-63.910000,1770467898.063973
-0.174216,0.335988,0.233020,29.330000,-133.770004,-66.150002,1770467898.071971
-0.070760,0.383324,0.179584,39.759998,-139.300003,-55.580002,1770467898.079942
0.277672,0.536800,0.120536,51.450001,-156.729996,-35.279999,1770467898.087972
0.142008,0.412116,0.173484,63.070000,-166.320007,-14.910000,1770467898.095948
0.186904,0.388448,0.216672,71.889999,-168.630005,-0.280000,1770467898.103942
0.216916,0.376492,0.264984,75.389999,-161.279999,13.790000,1770467898.111950
0.253028,0.386496,0.327936,71.050003,-145.949997,21.070000,1770467898.119944
0.283772,0.422608,0.455304,55.230000,-118.089996,26.110001,1770467898.127945
0.293532,0.453108,0.643428,40.669998,-71.820000,28.700001,1770467898.135973
0.287432,0.421144,0.842776,22.400000,-11.550000,35.700001,1770467898.144041
0.237656,0.335012,1.056032,13.090000,49.630001,35.910000,1770467898.151942
0.097356,0.193248,1.315160,12.040000,110.320000,28.490000,1770467898.159930
-0.179828,0.099064,1.655784,17.010000,167.860001,3.010000,1770467898.167934
-0.332328,-0.021228,2.069608,24.219999,207.619995,-3.850000,1770467898.175948
-0.501420,-0.133224,2.259928,29.120001,208.949997,6.860000,1770467898.183975
-0.739320,-0.152012,2.202344,32.480000,169.399994,19.389999,1770467898.191954
-1.238056,-0.519476,2.200392,17.010000,128.309998,17.360001,1770467898.199945
-1.218048,-0.415288,1.996652,4.900000,61.740002,-7.770000,1770467898.207920
-1.176812,-0.415044,1.850496,-4.760000,-6.090000,-9.870000,1770467898.215947
-1.022604,-0.396500,1.691896,-16.309999,-67.550003,-23.940001,1770467898.224011
-0.794464,-0.373076,1.529636,-29.680000,-112.839996,-23.520000,1770467898.231969
-0.561200,-0.346968,1.375672,-39.200001,-138.320007,-28.629999,1770467898.239942
-0.321348,-0.285724,1.229516,-51.310001,-149.869995,-26.879999,1770467898.247940
-0.130296,-0.166896,1.078968,-55.860001,-150.149994,-20.230000,1770467898.255945
0.019520,-0.033184,0.903776,-55.090000,-143.500000,-13.300000,1770467898.264009
0.076616,0.059292,0.751764,-49.840000,-128.520004,-4.060000,1770467898.271958
0.101504,0.072468,0.625128,-44.869999,-107.309998,-4.760000,1770467898.279935
0.282064,0.078568,0.508008,-38.360001,-99.750000,4.130000,1770467898.287948
0.316712,0.301096,0.405040,-10.640000,-89.459999,31.780001,1770467898.295945
0.289140,0.366488,0.372588,0.560000,-76.860001,37.450001,1770467898.303954
0.278404,0.417972,0.342332,8.750000,-64.540001,39.130001,1770467898.311947
0.267912,0.469212,0.290360,11.900000,-51.520000,36.610001,1770467898.319955
0.252784,0.454084,0.225212,19.459999,-34.020000,32.900002,1770467898.328020
0.237412,0.396012,0.154940,29.260000,-16.030001,24.219999,1770467898.335949
0.228872,0.333548,0.120780,39.410000,2.870000,17.709999,1770467898.343961
0.225456,0.304268,0.146156,51.520000,24.010000,8.610000,1770467898.351956
0.227408,0.307196,0.223016,58.380001,49.490002,2.450000,1770467898.360036
0.242292,0.330132,0.337696,54.320000,75.320000,-0.350000,1770467898.367990
0.257176,0.366000,0.493612,45.990002,102.410004,-0.140000,1770467898.375952
0.260836,0.395280,0.684908,29.120001,129.639999,-2.520000,1770467898.383960
0.227896,0.363560,0.876204,13.230000,160.020004,0.560000,1770467898.391997
0.156404,0.320372,1.086288,-1.190000,187.740005,4.480000,1770467898.399966
0.032452,0.256688,1.353468,-10.220000,211.470001,9.450000,1770467898.407937
-0.169092,0.230092,1.748748,-11.900000,232.259995,11.200000,1770467898.415959
-0.401136,0.213012,2.266760,-24.010000,243.110001,11.760000,1770467898.423965
-0.626348,0.059048,2.574688,-27.440001,227.500000,26.250000,1770467898.431948
-0.808128,-0.068564,2.425116,-16.030001,181.300003,51.799999,1770467898.439971
-1.047248,-0.045628,1.968104,-12.670000,129.429993,65.309998,1770467898.448009
-1.241228,-0.217404,1.609180,-32.759998,96.040001,38.360001,1770467898.455978
-1.230736,-0.296948,1.359324,-41.369999,64.540001,29.540001,1770467898.463975
-1.233420,-0.334280,1.277096,-44.310001,39.970001,15.680000,1770467898.471960
-1.209020,-0.320616,1.220488,-41.930000,21.770000,3.220000,1770467898.480054
-1.160220,-0.277672,1.109224,-45.220001,8.610000,-10.990000,1770467898.488210
-1.101660,-0.208620,0.955016,-49.070000,-3.430000,-24.150000,1770467898.495963
-1.027972,-0.141276,0.804712,-55.790001,-20.650000,-36.400002,1770467898.504098
-0.929640,-0.110044,0.690276,-60.549999,-39.970001,-48.369999,1770467898.511953
-0.828136,-0.072468,0.602192,-54.459999,-57.189999,-52.430000,1770467898.519954
-0.735172,-0.029768,0.530456,-46.759998,-73.360001,-55.930000,1770467898.527950
-0.633424,0.018300,0.469456,-35.000000,-84.349998,-60.759998,1770467898.535934
-0.533140,0.066612,0.398940,-23.240000,-97.790001,-61.320000,1770467898.543963
-0.435296,0.115412,0.313296,-14.210000,-109.059998,-62.230000,1770467898.551978
-0.346480,0.168360,0.234728,-5.740000,-120.959999,-63.980000,1770467898.560042
-0.251076,0.228140,0.169336,-2.310000,-133.910004,-61.180000,1770467898.567964
-0.152988,0.280844,0.127368,2.310000,-146.789993,-54.669998,1770467898.575993
-0.078080,0.292312,0.123708,8.680000,-160.440002,-55.230000,1770467898.583967
-0.037576,0.232776,0.151280,10.570000,-166.320007,-59.430000,1770467898.591952
0.453596,0.450424,0.044896,30.870001,-183.750000,-40.459999,1770467898.599953
0.238876,0.333792,0.211548,49.840000,-178.850006,-4.830000,1770467898.607937
0.271572,0.335012,0.320616,64.750000,-166.179993,7.070000,1770467898.616018
0.300852,0.348188,0.457256,74.410004,-139.440002,12.810000,1770467898.623965
0.328180,0.385032,0.636108,75.529999,-98.769997,21.209999,1770467898.631950
0.336476,0.441640,0.826184,74.830002,-46.200001,22.400000,1770467898.639950
0.325984,0.442128,0.988688,67.900002,14.280000,29.049999,1770467898.648016
0.249368,0.358436,1.167052,62.299999,66.639999,25.410000,1770467898.655947
0.063684,0.242780,1.374452,52.290001,114.309998,16.940001,1770467898.663960
-0.234240,0.168604,1.699460,45.430000,164.919998,-4.270000,1770467898.672037
-0.366976,0.030988,2.063996,35.209999,192.500000,-15.050000,1770467898.679956
-0.491172,-0.100284,2.170624,29.680000,184.240005,-1.050000,1770467898.688051
-0.688812,-0.179828,2.134512,30.590000,139.649994,20.510000,1770467898.696037
-1.257820,-0.608536,2.178432,12.530000,99.260002,21.559999,1770467898.703980
-1.098244,-0.518256,2.010072,-0.980000,42.419998,-6.440000,1770467898.711957
-1.044320,-0.501420,1.851228,-8.470000,-18.200001,-10.710000,1770467898.719953
-0.883524,-0.405528,1.693116,-17.990000,-73.779999,-20.440001,1770467898.727952
-0.666852,-0.272792,1.536956,-23.309999,-109.129997,-24.850000,1770467898.735988
-0.441884,-0.141032,1.381772,-26.110001,-130.619995,-28.910000,1770467898.743968
-0.228628,-0.018544,1.243668,-30.100000,-138.389999,-34.020000,1770467898.751947
-0.046360,0.097112,1.091656,-30.379999,-138.740005,-25.059999,1770467898.759952
0.066124,0.156648,0.936228,-34.230000,-131.039993,-23.590000,1770467898.767984
0.098576,0.115900,0.778116,-33.529999,-115.639999,-20.650000,1770467898.775956
0.193004,0.139812,0.602924,-33.459999,-102.550003,-25.690001,1770467898.783960
0.364292,0.282308,0.474336,-21.910000,-103.389999,8.050000,1770467898.791963
0.316224,0.294996,0.406016,-20.020000,-90.089996,24.780001,1770467898.799967
0.300364,0.330132,0.331596,-27.090000,-75.320000,31.080000,1770467898.807974
0.291092,0.367464,0.273524,-28.770000,-56.419998,33.389999,1770467898.815964
0.285724,0.361120,0.214476,-30.240000,-38.360001,34.020000,1770467898.823963
0.264008,0.291092,0.149084,-27.440001,-17.010000,31.290001,1770467898.831986
0.241072,0.218380,0.080764,-18.129999,4.970000,27.580000,1770467898.839965
0.225212,0.149084,0.027084,-7.980000,28.559999,20.650000,1770467898.848043
0.221308,0.125904,0.034648,9.800000,51.590000,16.240000,1770467898.855980
0.218624,0.142496,0.148596,21.910000,78.050003,11.900000,1770467898.863961
0.240096,0.188124,0.349896,32.900002,105.209999,5.600000,1770467898.871965
0.277428,0.222284,0.602680,35.770000,132.860001,9.100000,1770467898.880032
0.285724,0.210328,0.868640,30.030001,161.839996,7.140000,1770467898.888019
0.241072,0.183976,1.075552,24.290001,189.070007,9.310000,1770467898.896056
0.143228,0.150792,1.269044,20.860001,211.259995,10.290000,1770467898.903979
-0.015860,0.121756,1.455216,21.420000,228.339996,13.510000,1770467898.911956
-0.246928,0.128100,1.761436,24.080000,236.460007,19.250000,1770467898.919951
-0.518500,0.134688,2.230892,19.110001,231.910004,24.639999,1770467898.927955
-0.706380,0.029036,2.377048,16.450001,201.389999,43.119999,1770467898.935998
-0.898652,0.006832,2.070584,8.680000,151.830002,56.209999,1770467898.943974
-1.300032,-0.322568,1.817800,-13.370000,122.639999,57.119999,1770467898.951952
-1.174860,-0.325984,1.517924,-25.900000,91.419998,34.230000,1770467898.959953
-1.208044,-0.407236,1.422032,-25.900000,73.849998,21.770000,1770467898.967968
-1.241716,-0.419924,1.391776,-26.530001,57.540001,10.290000,1770467898.976683
-1.248304,-0.366488,1.321992,-29.750000,45.500000,-7.910000,1770467898.984181
-1.209020,-0.268156,1.186084,-31.990000,31.080000,-18.410000,1770467898.992049
-1.138260,-0.153964,1.020652,-34.369999,13.370000,-35.980000,1770467898.999960
-1.045784,-0.071492,0.870348,-42.980000,-9.310000,-46.200001,1770467899.007940
-0.965264,-0.008784,0.741516,-43.959999,-34.580002,-56.279999,1770467899.016012
-0.872300,0.031964,0.623176,-43.540001,-56.209999,-60.970001,1770467899.023973
-0.761524,0.067100,0.534848,-35.209999,-72.870003,-67.480003,1770467899.031999
-0.647088,0.106872,0.465064,-21.770000,-88.620003,-67.129997,1770467899.040032
-0.534360,0.158600,0.397476,-14.630000,-100.449997,-65.660004,1770467899.047954
-0.428220,0.207644,0.332816,-5.740000,-110.879997,-60.759998,1770467899.055951
-0.336232,0.265716,0.269620,-3.570000,-121.169998,-54.880001,1770467899.063994
-0.257664,0.313784,0.205204,-1.190000,-132.789993,-48.160000,1770467899.072040
-0.188612,0.341112,0.160552,0.210000,-144.410004,-42.209999,1770467899.079966
-0.147864,0.312076,0.140300,-2.240000,-156.309998,-42.910000,1770467899.088028
-0.062464,0.319884,0.109556,4.200000,-161.490005,-35.279999,1770467899.095948
0.321592,0.480680,0.081740,18.969999,-174.440002,-11.830000,1770467899.103942
0.152256,0.342820,0.188856,34.790001,-174.649994,1.540000,1770467899.111939
0.194712,0.330376,0.303048,50.750000,-166.529999,15.050000,1770467899.119940
0.238876,0.335256,0.484584,58.660000,-140.979996,17.709999,1770467899.127941
0.271816,0.364048,0.690764,62.020000,-100.449997,24.570000,1770467899.135951
0.291580,0.400404,0.901580,59.500000,-46.549999,24.920000,1770467899.144074
0.288896,0.403088,1.082628,54.740002,7.630000,27.719999,1770467899.151934
0.210084,0.339892,1.257820,49.349998,55.020000,26.040001,1770467899.159944
-0.011224,0.241804,1.466928,44.169998,102.269997,15.120000,1770467899.167945
-0.325496,0.162504,1.792912,46.549999,152.600006,-5.950000,1770467899.175949
-0.456036,0.040260,2.038376,38.080002,168.839996,-10.360000,1770467899.183950
-0.587552,-0.040016,2.077172,24.639999,144.410004,-1.960000,1770467899.191960
-0.747128,-0.111508,1.996164,14.420000,92.400002,7.980000,1770467899.199945
-1.100196,-0.484584,2.040328,-10.920000,55.720001,-3.290000,1770467899.207954
-0.989176,-0.528260,1.901736,-17.010000,-3.430000,-7.210000,1770467899.215940
-0.886940,-0.567788,1.755580,-21.420000,-58.799999,-18.760000,1770467899.224069
-0.713212,-0.500932,1.602592,-25.129999,-101.500000,-21.000000,1770467899.231938
-0.496052,-0.388204,1.472052,-25.690001,-128.309998,-28.490000,1770467899.239945
-0.291580,-0.245464,1.336632,-29.750000,-140.419998,-28.280001,1770467899.247941
-0.092476,-0.092476,1.186572,-29.889999,-145.179993,-28.209999,1770467899.255945
0.059292,0.082228,1.018456,-25.410000,-140.000000,-24.500000,1770467899.263961
0.080764,0.122000,0.854976,-22.469999,-124.669998,-20.440001,1770467899.272006
0.127124,0.146400,0.674660,-20.440001,-105.769997,-27.719999,1770467899.279937
0.295728,0.427732,0.495320,-1.890000,-106.540001,-3.920000,1770467899.287929
0.312076,0.340868,0.456036,0.770000,-92.680000,11.690000,1770467899.295988
0.291580,0.339160,0.374052,-3.570000,-77.559998,17.290001,1770467899.304113
0.269864,0.340136,0.285236,-12.250000,-62.439999,24.850000,1770467899.311949
0.248636,0.325008,0.199592,-20.650000,-44.450001,26.250000,1770467899.319950
0.226920,0.267424,0.119072,-24.570000,-23.660000,31.219999,1770467899.327952
0.207644,0.194468,0.054412,-15.750000,-1.820000,31.080000,1770467899.336007
0.195932,0.103456,0.016836,-1.470000,18.059999,27.860001,1770467899.344090
0.201056,0.075884,0.039040,18.900000,38.430000,18.620001,1770467899.351944
0.202520,0.088328,0.156404,39.759998,61.110001,13.930000,1770467899.359978
0.219844,0.134932,0.352824,49.840000,86.519997,9.590000,1770467899.367954
0.251320,0.190808,0.638792,53.830002,112.279999,6.930000,1770467899.375980
0.271816,0.240340,0.920368,47.320000,139.300003,2.870000,1770467899.383953
0.251320,0.202032,1.118008,34.299999,166.039993,3.920000,1770467899.391966
0.173484,0.122732,1.272460,26.320000,186.270004,4.060000,1770467899.400037
0.054412,0.062952,1.430328,18.410000,201.320007,13.020000,1770467899.407928
-0.124440,0.050264,1.689700,14.560000,209.789993,17.850000,1770467899.416039
-0.325008,0.061976,2.119140,8.330000,207.619995,26.879999,1770467899.423993
-0.525088,-0.035136,2.434388,4.410000,188.300003,40.040001,1770467899.431980
-0.646112,-0.085400,2.304336,6.090000,139.720001,62.509998,1770467899.440045
-0.825208,-0.077348,1.950048,-5.670000,97.510002,73.919998,1770467899.447949
-1.053836,-0.288896,1.698972,-28.770000,87.989998,49.910000,1770467899.455945
-1.058716,-0.404796,1.532808,-34.439999,73.290001,31.639999,1770467899.463966
-1.100196,-0.428220,1.455948,-38.430000,65.870003,19.740000,1770467899.472041
-1.130208,-0.372832,1.376160,-38.639999,59.080002,-1.470000,1770467899.479979
-1.131428,-0.259128,1.222928,-43.119999,48.860001,-11.760000,1770467899.487942
-1.093852,-0.123464,1.023336,-43.119999,33.459999,-32.130001,1770467899.495962
-1.030168,-0.013176,0.851560,-44.450001,11.340000,-42.700001,1770467899.503968
-0.947940,0.066124,0.719556,-39.759998,-12.460000,-55.230000,1770467899.511954
-0.852292,0.120292,0.619516,-27.580000,-36.119999,-63.560001,1770467899.519950
-0.741516,0.160064,0.544608,-15.190000,-54.599998,-70.209999,1770467899.527961
-0.612684,0.202276,0.497760,-0.910000,-68.529999,-70.419998,1770467899.535991
-0.505080,0.229848,0.432856,9.100000,-81.129997,-74.690002,1770467899.544077
-0.408700,0.248392,0.361364,12.180000,-91.629997,-70.070000,1770467899.551943
-0.315736,0.281820,0.274744,15.680000,-101.220001,-60.200001,1770467899.559952
-0.242780,0.320372,0.204472,10.640000,-112.910004,-52.570000,1770467899.567948
-0.176656,0.335744,0.159576,11.340000,-124.459999,-48.090000,1770467899.575969
-0.138592,0.294508,0.123464,4.690000,-134.750000,-48.509998,1770467899.583971
-0.054900,0.317200,0.076860,2.800000,-144.970001,-42.349998,1770467899.591977
0.238388,0.431148,0.047824,10.990000,-162.470001,-16.660000,1770467899.600029
0.129808,0.314028,0.140300,17.639999,-166.320007,2.520000,1770467899.607943
0.167628,0.309880,0.219600,28.559999,-158.759995,16.799999,1770467899.615970
0.208620,0.297192,0.363072,30.799999,-140.000000,22.330000,1770467899.624121
0.249368,0.307440,0.557540,32.759998,-105.349998,26.180000,1770467899.631945
0.265716,0.333060,0.787876,35.209999,-55.369999,31.709999,1770467899.639953
0.272548,0.335988,1.017724,34.650002,-0.280000,34.580002,1770467899.647953
0.224724,0.300364,1.230980,36.889999,53.340000,39.480000,1770467899.655986
0.071980,0.239608,1.470344,39.200001,103.949997,32.060001,1770467899.664026
-0.218136,0.203008,1.801452,43.680000,149.869995,12.950000,1770467899.671981
-0.413580,0.085400,2.085468,41.299999,177.520004,1.680000,1770467899.679960
-0.557052,-0.006832,2.126704,39.410000,164.289993,7.910000,1770467899.687950
-0.723704,-0.059048,2.064728,34.790001,119.279999,16.170000,1770467899.696011
-1.004060,-0.153232,2.020320,20.440001,80.080002,13.930000,1770467899.704094
-1.081164,-0.285968,1.907104,-1.120000,28.420000,-9.380000,1770467899.711957
-1.021140,-0.423584,1.758264,-14.770000,-27.299999,-19.320000,1770467899.719951
-0.881572,-0.479704,1.610400,-28.490000,-72.309998,-24.920000,1770467899.727950
-0.680760,-0.453108,1.455704,-33.320000,-103.320000,-29.400000,1770467899.735951
-0.483608,-0.368440,1.312720,-37.450001,-121.730003,-34.790001,1770467899.744023
-0.291092,-0.252296,1.187304,-36.330002,-130.899994,-35.070000,1770467899.751945
-0.129564,-0.113704,1.061156,-34.580002,-129.289993,-30.450001,1770467899.759949
-0.015616,0.008052,0.914512,-40.110001,-122.080002,-17.080000,1770467899.767965
0.032696,0.097844,0.760304,-46.130001,-112.279999,-5.390000,1770467899.776064
0.040260,0.094916,0.628788,-52.639999,-97.019997,-2.170000,1770467899.783951
0.101748,0.106384,0.498492,-52.990002,-82.529999,6.020000,1770467899.791988
0.219600,0.245220,0.368684,-36.330002,-81.339996,29.400000,1770467899.800034
0.205692,0.205692,0.345992,-28.490000,-76.860001,41.090000,1770467899.807943
0.188124,0.223992,0.300852,-21.700001,-69.650002,41.299999,1770467899.815963
0.172264,0.245952,0.246928,-18.410000,-59.080002,46.340000,1770467899.823966
0.153476,0.235948,0.185440,-13.440000,-45.080002,41.369999,1770467899.831953
0.142740,0.204472,0.128832,-2.730000,-28.700001,42.139999,1770467899.840004
0.146156,0.137616,0.115168,7.630000,-9.450000,33.669998,1770467899.847949
0.153232,0.116144,0.151280,24.639999,7.700000,24.780001,1770467899.855992
0.171288,0.137860,0.260104,32.410000,28.559999,18.830000,1770467899.864084
0.199836,0.174704,0.436516,40.740002,51.869999,9.520000,1770467899.871953
0.234728,0.205204,0.659532,41.860001,75.879997,8.750000,1770467899.879957
0.259616,0.238876,0.886208,42.840000,100.940002,3.710000,1770467899.887988
0.249856,0.233264,1.093364,41.790001,125.300003,4.690000,1770467899.896073
0.201300,0.227164,1.251476,43.540001,148.399994,6.300000,1770467899.903962
0.106140,0.212036,1.404464,44.310001,162.960007,12.250000,1770467899.911954
-0.015860,0.209840,1.641144,45.639999,166.039993,13.790000,1770467899.919961
-0.147620,0.218868,2.049844,41.020000,159.600006,17.360001,1770467899.927953
-0.320128,0.107360,2.340692,29.120001,139.509995,26.110001,1770467899.936059
-0.493612,-0.025620,2.287744,18.129999,107.519997,37.799999,1770467899.943988
-0.568276,-0.072224,2.103036,3.220000,72.660004,50.820000,1770467899.951951
-0.687836,-0.180072,1.930772,-9.100000,51.450001,61.040001,1770467899.959948
-0.810080,-0.301096,1.739232,-33.110001,57.610001,37.099998,1770467899.967984
-0.805444,-0.372344,1.559160,-37.240002,57.889999,25.340000,1770467899.976177
-0.819840,-0.381372,1.396656,-44.169998,56.770000,13.930000,1770467899.984620
-0.857172,-0.299876,1.204384,-43.189999,54.669998,2.520000,1770467899.992035
-0.870592,-0.225700,1.047736,-41.860001,51.240002,-10.710000,1770467899.999962
-0.869372,-0.143960,0.917684,-43.330002,42.070000,-23.940001,1770467900.007944
-0.855708,-0.058316,0.798612,-41.650002,27.440001,-38.430000,1770467900.015960
-0.832528,0.021228,0.708820,-39.549999,9.660000,-41.790001,1770467900.024099
-0.777872,0.078568,0.648552,-32.410000,-10.220000,-50.889999,1770467900.031946
-0.706136,0.127368,0.573400,-22.540001,-33.110001,-56.139999,1770467900.039963
-0.620980,0.157380,0.483608,-14.210000,-49.560001,-60.619999,1770467900.048088
-0.527040,0.182268,0.394060,-5.320000,-65.099998,-60.759998,1770467900.055949
-0.429684,0.213012,0.307684,3.010000,-79.800003,-60.480000,1770467900.063964
-0.335988,0.248148,0.233996,5.320000,-92.750000,-59.500000,1770467900.071952
-0.227652,0.291824,0.179584,13.300000,-107.309998,-53.340000,1770467900.079956
-0.152256,0.316712,0.146888,12.110000,-122.220001,-49.980000,1770467900.087964
-0.105164,0.311100,0.121756,11.480000,-135.309998,-55.160000,1770467900.095961
-0.012444,0.335500,0.113704,18.549999,-139.300003,-55.230000,1770467900.103951
0.118828,0.338428,0.157136,34.230000,-156.660004,-19.530001,1770467900.111952
0.202032,0.274012,0.262788,37.240002,-153.440002,1.120000,1770467900.119934
0.223504,0.280600,0.369904,36.400002,-135.029999,19.600000,1770467900.127975
0.262300,0.319152,0.503616,31.990000,-105.419998,28.629999,1770467900.136015
0.289140,0.387960,0.667584,26.320000,-68.320000,31.990000,1770467900.143966
0.315980,0.421388,0.852048,19.180000,-24.639999,35.000000,1770467900.151948
0.308904,0.409432,1.032608,16.870001,26.250000,42.419998,1770467900.159945
0.233264,0.358680,1.259772,16.450001,74.410004,39.060001,1770467900.167943
0.022936,0.329644,1.573556,23.450001,124.389999,27.020000,1770467900.175942
-0.196420,0.202520,2.009340,25.900000,167.929993,12.110000,1770467900.183991
-0.326228,0.029036,2.243092,25.200001,177.869995,10.640000,1770467900.192122
-0.511912,-0.056852,2.268224,31.639999,154.350006,25.340000,1770467900.199937
-0.726144,-0.046604,2.194780,30.870001,105.629997,31.150000,1770467900.207931
-0.995032,-0.149816,2.060092,13.020000,64.330002,34.650002,1770467900.215951
-1.046028,-0.228384,1.824144,-10.010000,18.900000,3.640000,1770467900.223957
-0.990152,-0.314516,1.602104,-29.260000,-28.910000,-5.880000,1770467900.231948
-0.833748,-0.352092,1.443992,-38.570000,-73.430000,-19.809999,1770467900.239962
-0.650748,-0.353068,1.308328,-46.970001,-99.889999,-29.680000,1770467900.248059
-0.456280,-0.325252,1.184132,-48.230000,-116.550003,-31.430000,1770467900.255974
-0.281820,-0.292068,1.054812,-48.860001,-122.080002,-33.810001,1770467900.263955
-0.130296,-0.203252,0.922808,-47.880001,-122.010002,-25.129999,1770467900.271945
0.000976,-0.097112,0.784948,-44.660000,-120.330002,-17.850000,1770467900.279934
0.075640,-0.011956,0.673440,-38.009998,-113.120003,-8.120000,1770467900.287934
0.112972,0.019764,0.576084,-29.750000,-100.870003,-9.660000,1770467900.295992
0.294020,0.014884,0.499956,-16.870001,-99.750000,-7.770000,1770467900.303966
0.406016,0.279136,0.380884,12.320000,-102.410004,11.620000,1770467900.311957
0.354044,0.234972,0.419680,31.430000,-91.980003,23.660000,1770467900.319954
0.343552,0.236436,0.410896,27.299999,-78.330002,32.759998,1770467900.328003
0.298900,0.242780,0.303536,19.320000,-62.580002,35.560001,1770467900.335959
0.264008,0.217648,0.182024,16.799999,-43.330002,39.340000,1770467900.343968
0.251076,0.146888,0.108336,22.680000,-21.559999,37.029999,1770467900.351953
0.260104,0.102236,0.097844,30.520000,0.910000,29.400000,1770467900.359952
0.274012,0.119316,0.160552,37.520000,27.650000,23.799999,1770467900.367993
0.306708,0.168116,0.308172,46.060001,57.820000,16.799999,1770467900.375973
0.345260,0.215452,0.527284,46.549999,90.860001,12.110000,1770467900.383964
0.369904,0.224724,0.778116,35.630001,124.529999,9.730000,1770467900.391956
0.343064,0.190076,0.951600,22.889999,158.059998,9.870000,1770467900.400016
0.271816,0.117852,1.094340,12.880000,194.460007,15.820000,1770467900.407939
0.185928,0.034892,1.307352,13.510000,222.389999,18.410000,1770467900.415978
0.041968,0.007320,1.591124,16.520000,238.699997,27.020000,1770467900.424130
-0.181048,0.053924,1.991284,17.639999,248.360001,27.860001,1770467900.431962
-0.394548,0.016836,2.362164,16.660000,233.589996,32.900002,1770467900.439960
-0.572912,-0.038308,2.322392,9.660000,191.309998,45.220001,1770467900.447970
-0.746884,-0.066856,2.022760,0.350000,133.070007,56.000000,1770467900.456045
-1.193648,-0.361364,1.772172,-20.510000,110.110001,47.599998,1770467900.463982
-1.040172,-0.241316,1.536956,-30.590000,81.620003,20.160000,1770467900.471957
-1.090680,-0.293532,1.456924,-35.209999,67.760002,25.200001,1770467900.480017
-1.122644,-0.277672,1.409832,-43.540001,55.790001,7.700000,1770467900.487971
-1.113860,-0.235704,1.310524,-46.689999,42.209999,-0.560000,1770467900.495975
-1.073600,-0.141276,1.123376,-48.650002,24.990000,-16.170000,1770467900.503965
-1.006744,-0.014396,0.918172,-49.980000,6.440000,-31.430000,1770467900.511953
-0.911340,0.054412,0.769576,-46.340000,-15.890000,-45.009998,1770467900.519948
-0.795440,0.111264,0.675636,-38.080002,-38.080002,-58.730000,1770467900.527966
-0.690520,0.150304,0.616588,-22.889999,-54.250000,-63.419998,1770467900.536025
-0.585844,0.165432,0.564372,-13.020000,-67.339996,-64.680000,1770467900.543981
-0.497760,0.161772,0.490928,-5.740000,-76.370003,-58.380001,1770467900.551954
-0.419924,0.171288,0.390888,-5.880000,-84.139999,-56.139999,1770467900.559950
-0.343796,0.190808,0.284748,-4.200000,-93.660004,-53.549999,1770467900.567953
-0.267180,0.228140,0.193980,-3.360000,-102.970001,-49.419998,1770467900.576316
-0.192760,0.255224,0.120780,-3.430000,-115.010002,-44.520000,1770467900.584002
-0.122244,0.290360,0.073200,-4.200000,-126.419998,-39.549999,1770467900.591953
-0.068808,0.262056,0.063440,-2.520000,-137.410004,-36.259998,1770467900.599958
-0.033428,0.208864,0.076128,-5.880000,-144.339996,-37.380001,1770467900.607948
0.368440,0.422608,0.035624,5.390000,-156.100006,-24.500000,1770467900.616069
0.216672,0.287432,0.172996,20.299999,-158.059998,0.560000,1770467900.624014
0.252296,0.285968,0.318176,31.990000,-141.610001,16.100000,1770467900.631934
0.281820,0.307440,0.507520,46.970001,-111.510002,16.940001,1770467900.639945
0.322568,0.362584,0.721752,53.200001,-65.239998,16.379999,1770467900.647986
0.344528,0.424560,0.935008,57.049999,-10.360000,15.820000,1770467900.655947
0.314516,0.462136,1.121424,55.650002,47.180000,17.570000,1770467900.663964
0.217404,0.427244,1.306864,51.310001,99.400002,17.639999,1770467900.671957
-0.016104,0.358436,1.581364,56.279999,149.940002,7.630000,1770467900.680009
-0.281820,0.230092,1.998848,51.799999,192.500000,-11.340000,1770467900.688043
-0.459696,0.051972,2.212592,50.750000,206.850006,-9.170000,1770467900.696168
-0.630252,-0.032696,2.220888,50.189999,179.410004,6.580000,1770467900.703992
-0.898408,-0.069540,2.121580,38.290001,128.380005,24.780001,1770467900.711940
-1.319064,-0.402600,2.096448,6.790000,90.510002,16.240000,1770467900.719951
-1.287588,-0.481412,1.883192,-15.400000,25.410000,-2.800000,1770467900.727947
-1.207068,-0.537044,1.679208,-31.290001,-37.590000,-8.120000,1770467900.735948
-1.016260,-0.511912,1.498160,-44.029999,-92.330002,-23.030001,1770467900.744032
-0.779336,-0.436272,1.327116,-51.450001,-130.759995,-24.850000,1770467900.751948
-0.557540,-0.320128,1.164612,-50.959999,-153.860001,-26.389999,1770467900.759952
-0.352580,-0.195444,1.033340,-52.009998,-162.679993,-23.799999,1770467900.767951
-0.169092,-0.042944,0.920124,-46.200001,-161.630005,-17.500000,1770467900.775954
-0.020252,0.088816,0.822768,-38.220001,-159.179993,-10.010000,1770467900.783983
0.063684,0.126392,0.746884,-35.419998,-150.639999,-5.390000,1770467900.792085
0.102724,0.084668,0.642696,-31.850000,-135.309998,-7.560000,1770467900.799959
0.272792,0.113704,0.519476,-34.790001,-132.440002,-7.980000,1770467900.807939
0.314272,0.208620,0.417240,-23.450001,-132.300003,18.129999,1770467900.815953
0.305000,0.243756,0.334768,-17.430000,-126.209999,27.930000,1770467900.824130
0.275232,0.270352,0.244000,-16.870001,-114.519997,30.520000,1770467900.831948
0.260104,0.266692,0.142496,-16.309999,-99.750000,35.000000,1770467900.839953
0.259616,0.245708,0.056608,-14.420000,-80.989998,31.780001,1770467900.847951
0.275232,0.196664,0.008296,-3.010000,-58.520000,28.070000,1770467900.856062
0.301584,0.151036,0.027816,12.320000,-31.920000,22.959999,1770467900.863960
0.339160,0.153964,0.150060,27.790001,0.630000,17.709999,1770467900.871947
0.394792,0.191296,0.375760,36.540001,39.619999,13.020000,1770467900.879989
0.455060,0.239608,0.663924,37.520000,78.959999,7.350000,1770467900.887947
0.502640,0.237900,0.915732,35.000000,119.279999,5.600000,1770467900.895974
0.496052,0.191052,1.078480,33.459999,157.919998,4.130000,1770467900.904040
0.448472,0.127124,1.170224,33.180000,190.750000,6.370000,1770467900.911950
0.349408,0.079544,1.305400,41.020000,215.179993,13.090000,1770467900.919953
0.195200,0.072956,1.547448,48.090000,232.259995,21.070000,1770467900.927951
-0.005856,0.082960,1.976644,52.990002,239.050003,25.059999,1770467900.935997
-0.259616,0.028548,2.353624,44.520000,228.059998,32.130001,1770467900.944018
-0.495076,-0.028060,2.359968,21.209999,194.949997,42.070000,1770467900.951945
-0.669048,-0.077348,2.135488,1.120000,149.589996,60.340000,1770467900.960018
-0.907436,-0.145912,1.878312,-14.700000,122.500000,60.619999,1770467900.967930
-1.005768,-0.257176,1.599176,-33.669998,103.599998,29.049999,1770467900.976215
-1.011380,-0.431392,1.451068,-34.650002,90.160004,21.840000,1770467900.984546
-1.053348,-0.417240,1.282464,-35.560001,77.349998,9.660000,1770467900.991984
-1.059448,-0.373564,1.106784,-35.770000,66.570000,-7.070000,1770467900.999971
-1.039196,-0.274012,0.934032,-39.130001,51.099998,-21.559999,1770467901.007967
-0.984784,-0.174460,0.806176,-37.450001,32.060001,-36.540001,1770467901.016108
-0.913292,-0.065148,0.710772,-33.880001,9.870000,-53.900002,1770467901.023963
-0.828868,0.028060,0.655872,-24.290001,-11.200000,-60.060001,1770467901.031937
-0.740784,0.084668,0.621224,-12.810000,-27.650000,-66.919998,1770467901.039951
-0.652212,0.120780,0.569496,-5.110000,-42.000000,-69.160004,1770467901.047953
-0.563640,0.140056,0.487024,2.030000,-53.549999,-67.690002,1770467901.056018
-0.478240,0.174704,0.374540,4.900000,-66.220001,-64.889999,1770467901.063966
-0.381616,0.212280,0.269864,7.000000,-81.760002,-61.180000,1770467901.071963
-0.297436,0.242292,0.182268,7.210000,-99.190002,-51.310001,1770467901.079958
-0.210816,0.274256,0.121024,3.990000,-115.570000,-45.220001,1770467901.087942
-0.146644,0.277672,0.091012,0.910000,-133.000000,-36.680000,1770467901.095973
-0.119804,0.226432,0.107848,-1.680000,-146.649994,-32.480000,1770467901.104044
-0.033428,0.244000,0.124928,0.000000,-146.089996,-23.590000,1770467901.111945
0.248636,0.385764,0.136640,11.900000,-151.339996,3.780000,1770467901.119942
0.153720,0.261080,0.303536,21.980000,-143.500000,18.830000,1770467901.127942
0.199104,0.284748,0.487268,35.560001,-122.080002,27.790001,1770467901.135941
0.218868,0.323788,0.714676,47.110001,-82.669998,27.790001,1770467901.143937
0.236436,0.378932,0.957456,52.220001,-31.639999,31.430000,1770467901.151949
0.225700,0.416264,1.168272,54.110001,22.190001,31.709999,1770467901.160041
0.118096,0.392108,1.318820,55.020000,71.540001,33.669998,1770467901.167977
-0.112240,0.351848,1.566968,60.200001,117.879997,24.080000,1770467901.175942
-0.414800,0.292556,1.916864,66.639999,159.039993,3.220000,1770467901.183952
-0.599996,0.177876,2.085224,58.660000,169.259995,-4.410000,1770467901.191938
-0.754936,0.101748,2.110112,52.500000,136.289993,-0.490000,1770467901.199967
-0.915732,0.020496,2.074000,34.230000,87.709999,1.190000,1770467901.208017
-1.242692,-0.417972,2.111332,5.110000,49.419998,-1.610000,1770467901.215952
-1.103856,-0.481656,1.924428,-12.110000,-9.310000,-23.940001,1770467901.223939
-0.985760,-0.574864,1.704340,-28.000000,-61.110001,-25.969999,1770467901.231941
-0.791292,-0.528748,1.504992,-34.580002,-101.639999,-32.689999,1770467901.239943
-0.563640,-0.457256,1.326140,-44.310001,-128.520004,-29.190001,1770467901.247941
-0.369416,-0.409432,1.179740,-49.139999,-142.869995,-30.799999,1770467901.255939
-0.194224,-0.270352,1.034804,-52.009998,-147.839996,-26.320000,1770467901.263952
-0.040016,-0.105652,0.903044,-51.450001,-143.850006,-15.750000,1770467901.272012
0.058316,0.053680,0.769576,-48.299999,-136.289993,-5.880000,1770467901.279950
0.098820,0.080520,0.678808,-46.900002,-122.430000,1.120000,1770467901.287924
0.122488,0.091744,0.584868,-44.869999,-104.580002,-0.210000,1770467901.295978
0.512400,0.245952,0.446276,-28.350000,-103.110001,13.790000,1770467901.304001
0.278160,0.265472,0.418948,-18.129999,-93.730003,33.529999,1770467901.312072
0.261324,0.271084,0.367220,-12.670000,-81.339996,39.689999,1770467901.319977
0.238632,0.295484,0.294264,-17.010000,-68.669998,39.410000,1770467901.327946
0.220820,0.307196,0.231556,-18.200001,-52.430000,40.389999,1770467901.335946
0.193004,0.272792,0.161528,-18.760000,-34.580002,36.540001,1770467901.343961
0.172264,0.219356,0.094672,-13.020000,-15.260000,37.590000,1770467901.351949
0.158600,0.168604,0.061244,-4.550000,2.870000,31.080000,1770467901.360079
0.169824,0.120536,0.102236,3.780000,23.660000,24.219999,1770467901.367952
0.179096,0.117852,0.234728,17.850000,48.650002,18.270000,1770467901.375955
0.214964,0.144204,0.457744,28.209999,74.620003,12.600000,1770467901.383959
0.264984,0.184464,0.723216,35.980000,100.870003,8.260000,1770467901.391951
0.294996,0.225944,0.976732,47.740002,127.889999,-0.490000,1770467901.400042
0.282308,0.215208,1.174128,53.340000,150.919998,1.890000,1770467901.407942
0.219356,0.207156,1.354200,58.869999,171.710007,0.980000,1770467901.415973
0.107604,0.206424,1.540128,62.230000,181.649994,14.000000,1770467901.424120
-0.047336,0.185196,1.815116,54.459999,184.169998,14.700000,1770467901.431946
-0.212036,0.148596,2.215276,44.450001,169.259995,21.420000,1770467901.439955
-0.421876,0.002928,2.365580,31.780001,142.869995,33.950001,1770467901.447952
-0.542168,-0.039284,2.235772,17.780001,102.620003,46.900002,1770467901.456001
-0.665876,-0.019764,2.011292,10.990000,70.419998,54.880001,1770467901.464002
-0.716384,-0.170556,1.827560,-3.920000,53.200001,51.799999,1770467901.472087
-0.800320,-0.356972,1.644072,-28.000000,54.950001,25.129999,1770467901.480016
-0.831796,-0.427976,1.503772,-43.330002,62.509998,19.950001,1770467901.487940
-0.869860,-0.409676,1.337852,-46.410000,66.080002,4.550000,1770467901.495967
-0.890844,-0.322080,1.134112,-46.900002,66.220001,-7.770000,1770467901.504098
-0.893772,-0.217892,0.943304,-48.090000,60.410000,-25.620001,1770467901.511947
-0.882548,-0.100040,0.810568,-46.480000,45.779999,-35.840000,1770467901.519949
-0.840824,0.020740,0.724924,-44.450001,25.129999,-49.840000,1770467901.528020
-0.783240,0.086864,0.677344,-36.189999,2.100000,-56.910000,1770467901.535941
-0.713456,0.128344,0.613660,-25.129999,-18.129999,-57.959999,1770467901.543961
-0.640744,0.152012,0.535092,-16.450001,-34.299999,-61.389999,1770467901.551949
-0.555588,0.171288,0.444568,-10.850000,-48.580002,-58.590000,1770467901.559950
-0.458232,0.200812,0.347212,-6.370000,-61.459999,-58.730000,1770467901.567946
-0.366244,0.244488,0.263764,0.770000,-77.139999,-55.439999,1770467901.576338
-0.267912,0.283040,0.202276,6.650000,-91.419998,-52.919998,1770467901.583972
-0.187148,0.295240,0.165432,9.310000,-105.629997,-48.720001,1770467901.591951
-0.133224,0.281820,0.148596,11.760000,-120.750000,-50.400002,1770467901.600149
-0.081740,0.276940,0.132736,10.010000,-126.769997,-48.720001,1770467901.607943
0.091012,0.265228,0.168848,13.790000,-142.100006,-30.100000,1770467901.615982
0.148596,0.290360,0.180560,26.110001,-140.770004,-0.560000,1770467901.624097
0.168116,0.280600,0.277184,30.100000,-132.440002,13.020000,1770467901.631960
0.197152,0.308660,0.410164,38.430000,-109.269997,20.650000,1770467901.639950
0.233996,0.348188,0.606096,41.230000,-72.519997,27.580000,1770467901.647955
0.259128,0.386496,0.835700,42.770000,-29.750000,26.809999,1770467901.655983
0.270108,0.397964,1.042856,49.630001,20.160000,29.049999,1770467901.664036
0.223260,0.359168,1.250012,53.060001,64.050003,27.790001,1770467901.671947
0.068320,0.271084,1.517192,62.860001,105.070000,19.389999,1770467901.679965
-0.262544,0.242292,1.858548,69.790001,148.750000,-3.290000,1770467901.688136
-0.450668,0.123220,2.151592,62.299999,172.690002,-6.720000,1770467901.695944
-0.591700,0.020252,2.195024,50.400002,158.270004,0.630000,1770467901.703979
-0.781776,-0.049288,2.063020,32.200001,118.860001,19.389999,1770467901.711951
-1.055788,-0.298168,2.077172,6.440000,84.559998,25.830000,1770467901.719949
-1.109224,-0.500688,1.894660,-18.200001,34.790001,-4.340000,1770467901.727966
-1.071404,-0.636108,1.735328,-31.080000,-17.990000,-8.330000,1770467901.735936
-0.934520,-0.645868,1.572824,-38.290001,-66.010002,-22.190001,1770467901.743968
-0.757620,-0.557296,1.411540,-46.759998,-97.510002,-24.150000,1770467901.751953
-0.554612,-0.457256,1.272216,-51.099998,-116.900002,-28.770000,1770467901.759979
-0.375028,-0.307440,1.133624,-56.139999,-124.739998,-27.299999,1770467901.767978
-0.213744,-0.128100,1.006988,-54.320000,-123.900002,-24.709999,1770467901.775960
-0.076616,0.040992,0.888160,-49.560001,-118.089996,-15.470000,1770467901.783951
0.007320,0.153232,0.769820,-45.919998,-110.529999,-6.510000,1770467901.791960
0.028304,0.137128,0.677832,-38.639999,-96.040001,-7.910000,1770467901.800154
0.092720,0.180560,0.568520,-32.900002,-86.099998,-13.020000,1770467901.807948
0.317932,0.387960,0.435784,-9.660000,-92.959999,6.230000,1770467901.815971
0.239364,0.365756,0.426024,1.120000,-85.540001,18.129999,1770467901.824144
0.234728,0.388204,0.355996,1.540000,-80.570000,20.719999,1770467901.831944
0.223992,0.403332,0.279868,2.450000,-72.239998,19.250000,1770467901.839953
0.207888,0.348432,0.206668,-2.100000,-60.200001,24.010000,1770467901.847948
0.194712,0.240096,0.133956,-4.130000,-44.240002,25.270000,1770467901.855973
0.197152,0.142984,0.095648,-0.980000,-26.320000,21.840000,1770467901.863995
0.209108,0.106872,0.108824,4.760000,-6.440000,15.330000,1770467901.871967
0.230824,0.104188,0.212524,14.980000,19.530001,12.460000,1770467901.879950
0.261080,0.133224,0.406748,23.100000,49.560001,14.350000,1770467901.887944
0.305488,0.166896,0.654408,30.660000,80.989998,7.350000,1770467901.895962
0.323544,0.191052,0.902312,34.860001,112.279999,7.980000,1770467901.904072
0.294264,0.183244,1.090924,41.790001,146.580002,5.600000,1770467901.911938
0.230336,0.164212,1.270996,47.880001,174.649994,10.430000,1770467901.919944
0.120048,0.152500,1.481812,52.080002,190.960007,13.580000,1770467901.927956
-0.029036,0.173728,1.783396,54.110001,197.820007,20.719999,1770467901.936108
-0.224480,0.190564,2.218692,48.160000,191.309998,25.760000,1770467901.943963
-0.438468,0.115168,2.447564,31.430000,165.619995,34.230000,1770467901.951949
-0.584380,0.068076,2.254804,12.110000,124.180000,39.480000,1770467901.959951
-0.652456,-0.001220,1.962004,-6.790000,81.269997,55.230000,1770467901.967948
-0.789584,-0.133956,1.755092,-22.120001,65.519997,58.730000,1770467901.976170
-0.908412,-0.384788,1.643584,-46.970001,69.230003,35.560001,1770467901.984121
-0.893528,-0.467016,1.501332,-54.320000,67.760002,22.400000,1770467901.991981
-0.936228,-0.478728,1.342732,-54.529999,69.160004,5.740000,1770467901.999999
-0.964044,-0.427976,1.158268,-54.880001,70.489998,-8.680000,1770467902.007962
-0.974780,-0.313052,0.966972,-49.840000,62.230000,-18.620001,1770467902.015937
-0.956236,-0.165188,0.805688,-48.090000,43.540001,-36.119999,1770467902.024008
-0.920612,-0.038552,0.701012,-42.139999,17.500000,-44.099998,1770467902.032003
-0.853512,0.038796,0.639768,-34.299999,-6.300000,-55.020000,1770467902.039945
-0.764696,0.095892,0.587796,-22.330000,-32.689999,-59.849998,1770467902.047949
-0.655140,0.130540,0.531920,-10.780000,-51.590000,-60.060001,1770467902.055949
-0.536556,0.172752,0.468724,1.540000,-66.010002,-62.650002,1770467902.063962
-0.427244,0.216184,0.388448,7.770000,-79.239998,-63.000000,1770467902.071986
-0.315736,0.246928,0.316956,14.770000,-91.699997,-58.869999,1770467902.079963
-0.225700,0.288652,0.249856,15.750000,-102.059998,-52.430000,1770467902.087944
-0.152988,0.303536,0.189588,17.639999,-114.660004,-46.689999,1770467902.095941
-0.116144,0.272060,0.167140,14.350000,-122.779999,-44.450001,1770467902.104147
-0.084912,0.290848,0.125904,15.890000,-124.180000,-42.139999,1770467902.111927
0.284504,0.382348,0.068564,25.690001,-140.630005,-20.370001,1770467902.119948
0.149328,0.264496,0.180804,35.770000,-138.949997,5.740000,1770467902.127941
0.179584,0.259860,0.254004,44.099998,-131.179993,15.820000,1770467902.135943
0.193248,0.251808,0.362096,46.060001,-112.000000,24.780001,1770467902.143955
0.217648,0.260592,0.523380,45.080002,-81.690002,25.760000,1770467902.152048
0.229360,0.283772,0.730292,46.830002,-40.110001,26.040001,1770467902.159956
0.229116,0.282308,0.949892,47.529999,12.320000,29.610001,1770467902.167928
0.181292,0.254980,1.184864,50.959999,62.509998,24.780001,1770467902.175941
0.027572,0.192760,1.401780,58.730000,107.660004,20.160000,1770467902.183939
-0.279136,0.133712,1.681160,64.470001,152.949997,7.560000,1770467902.191943
-0.505812,0.113216,1.965664,70.769997,176.330002,-1.820000,1770467902.199955
-0.760304,0.023424,2.106940,53.549999,172.619995,-0.350000,1770467902.208003
-0.968924,-0.110044,2.055700,34.439999,134.960007,3.080000,1770467902.216056
-1.289296,-0.409188,2.022760,11.480000,90.089996,2.590000,1770467902.223987
-1.245376,-0.467504,1.910032,-8.470000,30.450001,-11.480000,1770467902.231942
-1.192916,-0.553636,1.789252,-17.780001,-34.020000,-21.490000,1770467902.239933
-1.019920,-0.567544,1.647244,-26.809999,-84.910004,-24.920000,1770467902.247921
-0.793244,-0.494100,1.500356,-34.090000,-124.180000,-29.750000,1770467902.255944
-0.557052,-0.361120,1.365912,-39.900002,-148.330002,-31.570000,1770467902.263993
-0.343064,-0.221308,1.247816,-44.099998,-155.750000,-34.509998,1770467902.271950
-0.152256,-0.067344,1.133624,-49.139999,-156.660004,-31.080000,1770467902.279935
0.008052,0.091012,1.000156,-50.330002,-149.660004,-22.680000,1770467902.287927
0.040016,0.178608,0.856196,-48.439999,-135.100006,-22.610001,1770467902.296006
0.084912,0.168360,0.707844,-47.810001,-117.110001,-25.270000,1770467902.304104
0.332572,0.433832,0.521916,-28.770000,-121.730003,10.500000,1770467902.311942
0.280844,0.360144,0.489952,-21.559999,-109.199997,22.750000,1770467902.319955
0.273768,0.377956,0.405284,-18.900000,-101.919998,32.619999,1770467902.327950
0.268400,0.392108,0.326472,-14.420000,-92.889999,28.420000,1770467902.335947
0.253272,0.405772,0.250588,-14.350000,-80.430000,33.110001,1770467902.343965
0.231556,0.390400,0.167628,-14.420000,-65.449997,28.490000,1770467902.351953
0.209352,0.338184,0.087108,-11.550000,-48.790001,28.280001,1770467902.359949
0.189100,0.274744,0.027328,-5.880000,-25.760000,21.070000,1770467902.367949
0.193980,0.222284,0.021228,1.120000,-2.100000,16.940001,1770467902.375996
0.198128,0.196908,0.083204,11.760000,23.520000,4.900000,1770467902.383966
0.234240,0.213256,0.227652,20.230000,54.110001,1.680000,1770467902.391949
0.268644,0.245464,0.439200,29.260000,82.529999,-3.430000,1770467902.400038
0.307196,0.265228,0.666364,35.070000,114.309998,-7.280000,1770467902.407989
0.311100,0.281332,0.887672,38.639999,143.289993,-8.120000,1770467902.415956
0.288652,0.267424,1.103612,44.029999,171.710007,-9.310000,1770467902.423968
0.224236,0.238632,1.307108,43.400002,191.380005,-2.310000,1770467902.431950
0.080520,0.226920,1.517924,43.330002,202.860001,2.100000,1770467902.440045
-0.086864,0.226920,1.849032,37.799999,207.130005,6.440000,1770467902.447977
-0.298412,0.150060,2.255048,35.630001,197.679993,17.360001,1770467902.455951
-0.512156,-0.011224,2.421212,28.980000,167.720001,26.600000,1770467902.463966
-0.617564,-0.037820,2.252852,20.790001,118.440002,43.750000,1770467902.471954
-0.771528,-0.061000,1.975912,7.140000,79.449997,53.619999,1770467902.480074
-1.020652,-0.454816,1.816824,-19.320000,68.180000,45.080002,1770467902.487955
-0.889624,-0.465796,1.577704,-28.139999,59.849998,25.340000,1770467902.495956
-0.915000,-0.518988,1.470588,-38.779999,56.630001,16.940001,1770467902.503973
-0.932568,-0.492148,1.331508,-39.200001,54.040001,5.250000,1770467902.511989
-0.945744,-0.405528,1.151436,-42.630001,52.849998,-6.860000,1770467902.519947
-0.945012,-0.268156,0.973316,-41.509998,47.880001,-22.680000,1770467902.527946
-0.917928,-0.130296,0.838628,-41.860001,36.119999,-35.349998,1770467902.535941
-0.872788,-0.022204,0.731024,-34.790001,16.730000,-47.250000,1770467902.544040
-0.815204,0.054412,0.667096,-25.900000,-1.470000,-57.610001,1770467902.551971
-0.748592,0.112972,0.617808,-8.750000,-19.110001,-59.430000,1770467902.559949
-0.675148,0.159088,0.554124,-2.100000,-29.820000,-67.129997,1770467902.567944
-0.594140,0.199104,0.468724,5.110000,-38.639999,-64.540001,1770467902.575957
-0.502152,0.238144,0.369172,9.240000,-50.259998,-64.750000,1770467902.583975
-0.404796,0.273524,0.292312,11.550000,-62.230000,-63.770000,1770467902.591946
-0.314272,0.325984,0.222040,14.980000,-76.370003,-56.630001,1770467902.599977
-0.252784,0.326960,0.181536,15.680000,-93.800003,-54.669998,1770467902.607964
-0.197884,0.294996,0.163480,15.120000,-111.230003,-55.439999,1770467902.615940
-0.077836,0.342088,0.129076,22.750000,-124.529999,-46.200001,1770467902.623985
0.082960,0.388448,0.152256,37.450001,-145.389999,-26.320000,1770467902.631953
0.143960,0.372832,0.232532,57.049999,-151.759995,-11.270000,1770467902.639946
0.188368,0.393816,0.345992,72.870003,-148.539993,-0.350000,1770467902.647953
0.236192,0.417728,0.489464,79.940002,-131.389999,7.280000,1770467902.655986
0.270108,0.443836,0.673928,76.440002,-99.190002,10.010000,1770467902.664119
0.279868,0.445056,0.840092,59.080002,-53.130001,18.969999,1770467902.671932
0.273036,0.406260,0.957456,39.340000,-2.030000,26.600000,1770467902.679949
0.208132,0.323788,1.087752,16.100000,48.090000,31.150000,1770467902.687946
0.061000,0.248392,1.291980,0.980000,94.290001,23.940001,1770467902.695944
-0.241072,0.195200,1.621136,-8.330000,147.630005,3.920000,1770467902.704028
-0.368196,-0.033672,2.033008,-14.560000,186.270004,-2.520000,1770467902.711970
-0.468236,-0.172020,2.213324,-3.780000,185.919998,17.360001,1770467902.719942
-0.701744,-0.208864,2.184288,3.990000,150.639999,42.560001,1770467902.728048
-1.182912,-0.533384,2.153300,-8.960000,120.750000,34.369999,1770467902.735943
-1.200968,-0.510936,1.894172,-13.370000,67.830002,5.040000,1770467902.743959
-1.177788,-0.491172,1.684820,-22.260000,9.520000,-0.350000,1770467902.751932
-1.053592,-0.421876,1.508652,-24.430000,-49.560001,-16.660000,1770467902.759948
-0.862052,-0.318176,1.370060,-34.090000,-91.980003,-27.090000,1770467902.767989
-0.647088,-0.220332,1.247084,-36.189999,-117.529999,-34.369999,1770467902.775954
-0.421876,-0.142496,1.126548,-39.060001,-133.279999,-42.770000,1770467902.783946
-0.237168,-0.040504,0.994544,-43.189999,-137.410004,-36.400002,1770467902.791974
-0.079056,0.058072,0.854488,-41.369999,-136.080002,-29.400000,1770467902.799953
0.011712,0.112972,0.727852,-45.570000,-130.270004,-15.610000,1770467902.807968
0.025620,0.110044,0.602924,-46.340000,-117.110001,-10.430000,1770467902.816039
0.089060,0.085400,0.489464,-50.540001,-105.910004,-4.620000,1770467902.823967
0.180560,0.203496,0.368684,-48.439999,-101.010002,10.850000,1770467902.831958
0.208864,0.245708,0.294264,-34.439999,-98.209999,27.370001,1770467902.839957
0.195444,0.272304,0.272304,-30.660000,-92.190002,33.389999,1770467902.847954
0.183244,0.275964,0.243512,-26.670000,-79.940002,32.759998,1770467902.856081
0.179340,0.246684,0.192516,-24.010000,-66.290001,31.430000,1770467902.863959
0.176168,0.198128,0.123464,-17.010000,-49.980000,28.980000,1770467902.871951
0.190076,0.148352,0.083204,-2.310000,-32.549999,20.860001,1770467902.879956
0.198860,0.136640,0.120292,13.440000,-10.920000,11.760000,1770467902.887989
0.230580,0.161040,0.251808,26.879999,14.770000,8.190000,1770467902.896073
0.277184,0.208864,0.489952,39.200001,45.080002,1.330000,1770467902.904252
0.335500,0.268400,0.762012,45.009998,75.180000,-0.560000,1770467902.912091
0.370636,0.284504,0.974292,52.430000,105.070000,-3.920000,1770467902.919957
0.360876,0.272060,1.104100,55.230000,132.580002,-4.620000,1770467902.927950
0.315492,0.245708,1.245376,59.290001,154.279999,3.570000,1770467902.935965
0.212768,0.227896,1.419348,63.070000,170.729996,7.840000,1770467902.943994
0.040992,0.207400,1.617232,56.490002,181.720001,13.790000,1770467902.951949
-0.116144,0.126636,1.938336,51.380001,180.740005,16.240000,1770467902.959988
-0.303292,-0.025376,2.225768,38.220001,167.020004,28.139999,1770467902.967957
-0.463112,-0.099064,2.227476,30.870001,136.360001,40.529999,1770467902.976164
-0.607072,-0.138836,2.089860,19.809999,104.720001,57.470001,1770467902.984624
-0.801296,-0.240828,1.883680,5.460000,103.110001,61.389999,1770467902.991978
-0.923296,-0.385520,1.704828,-8.190000,94.080002,29.820000,1770467902.999969
-0.972340,-0.421876,1.576972,-21.629999,89.389999,17.639999,1770467903.007969
-1.025532,-0.372588,1.440332,-30.240000,83.790001,4.130000,1770467903.015966
-1.064328,-0.278648,1.262944,-35.139999,74.339996,-11.900000,1770467903.023977
-1.063108,-0.163480,1.072136,-40.880001,59.779999,-24.150000,1770467903.031966
-1.024312,-0.050996,0.881816,-43.189999,39.830002,-40.180000,1770467903.039958
-0.957456,0.038308,0.760548,-38.220001,15.120000,-52.290001,1770467903.047952
-0.873276,0.104188,0.686128,-28.000000,-8.960000,-62.090000,1770467903.055999
-0.776408,0.154452,0.630252,-14.210000,-29.959999,-66.150002,1770467903.063986
-0.667340,0.152012,0.569740,-6.300000,-44.799999,-66.150002,1770467903.071966
-0.570960,0.178364,0.488732,4.340000,-61.250000,-68.389999,1770467903.079962
-0.484584,0.235948,0.398452,4.900000,-74.900002,-66.360001,1770467903.087942
-0.390644,0.308660,0.316956,3.360000,-85.120003,-64.889999,1770467903.095943
-0.306464,0.354776,0.257420,5.180000,-100.239998,-64.330002,1770467903.104020
-0.251320,0.365756,0.222284,2.310000,-111.019997,-66.220001,1770467903.112111
-0.149572,0.412604,0.173240,1.820000,-115.849998,-60.619999,1770467903.119974
-0.050508,0.387716,0.150060,4.760000,-123.900002,-44.590000,1770467903.127942
0.152256,0.397232,0.149328,14.350000,-136.850006,-19.879999,1770467903.135940
0.108580,0.336232,0.201056,25.620001,-143.990005,-5.530000,1770467903.143955
0.152012,0.296460,0.275964,34.860001,-138.179993,7.490000,1770467903.151973
0.187148,0.270596,0.399184,47.529999,-120.330002,14.280000,1770467903.160021
0.214232,0.269864,0.563640,54.110001,-89.110001,19.530001,1770467903.167939
0.215940,0.288652,0.758596,57.610001,-42.630001,24.150000,1770467903.175943
0.188856,0.316956,0.930616,53.759998,10.080000,30.170000,1770467903.183941
0.124684,0.295728,1.110200,46.130001,55.930000,31.639999,1770467903.191942
-0.017812,0.221796,1.291736,41.860001,96.739998,25.340000,1770467903.199940
-0.301828,0.124196,1.563796,37.310001,134.610001,12.670000,1770467903.207964
-0.529724,0.086864,1.847568,37.099998,159.320007,9.730000,1770467903.216043
-0.776652,-0.038308,2.044720,27.650000,158.410004,9.310000,1770467903.223969
-0.970876,-0.192760,2.033008,8.540000,128.380005,18.270000,1770467903.231945
-1.166320,-0.456036,1.966396,-3.080000,73.220001,1.750000,1770467903.239940
-1.213168,-0.590236,1.881240,-9.310000,11.620000,-1.610000,1770467903.247943
-1.143872,-0.637328,1.753628,-17.010000,-54.250000,-8.890000,1770467903.255940
-0.988444,-0.615856,1.611376,-22.889999,-105.000000,-17.990000,1770467903.263960
-0.759816,-0.537044,1.480348,-31.430000,-139.649994,-25.059999,1770467903.271955
-0.520940,-0.405772,1.363716,-36.119999,-158.759995,-31.990000,1770467903.280020
-0.306464,-0.241072,1.267824,-39.410000,-163.729996,-37.029999,1770467903.287919
-0.116144,-0.060756,1.171688,-44.099998,-160.649994,-36.049999,1770467903.295949
0.037088,0.108336,1.046028,-44.869999,-150.289993,-31.570000,1770467903.303972
0.072712,0.176168,0.903532,-48.790001,-133.000000,-29.190001,1770467903.312067
0.130296,0.171776,0.752008,-51.029999,-113.330002,-34.509998,1770467903.319967
0.434808,0.496784,0.538752,-38.639999,-116.410004,-10.430000,1770467903.327950
0.315492,0.332328,0.540216,-25.549999,-103.250000,6.300000,1770467903.335997
0.312320,0.349164,0.457744,-29.190001,-93.239998,18.760000,1770467903.344067
0.294020,0.374052,0.362828,-31.360001,-81.970001,27.230000,1770467903.351945
0.278160,0.383080,0.282064,-35.700001,-68.809998,28.700001,1770467903.359953
0.268400,0.351848,0.240096,-37.099998,-52.220001,33.320000,1770467903.367951
0.252052,0.300608,0.197396,-34.090000,-33.669998,30.309999,1770467903.375949
0.238388,0.225456,0.136396,-24.780001,-13.370000,28.350000,1770467903.384071
0.224724,0.169580,0.087108,-12.250000,5.110000,23.450001,1770467903.391944
0.217160,0.139568,0.096624,5.880000,27.090000,19.040001,1770467903.399948
0.216916,0.136396,0.214232,21.000000,50.119999,14.000000,1770467903.408057
0.243024,0.159576,0.408700,35.700001,76.160004,8.050000,1770467903.415933
0.285968,0.193004,0.655628,50.189999,103.250000,2.660000,1770467903.423991
0.318176,0.215208,0.913292,59.779999,127.050003,-1.050000,1770467903.432042
0.316712,0.210572,1.109468,64.400002,150.289993,2.450000,1770467903.439947
0.272060,0.192272,1.256112,66.080002,168.630005,9.660000,1770467903.447946
0.167872,0.158112,1.402756,66.779999,180.320007,20.090000,1770467903.455971
0.029768,0.107848,1.577948,65.169998,185.639999,28.910000,1770467903.463993
-0.145912,0.038552,1.825120,61.250000,177.169998,35.000000,1770467903.471960
-0.341356,-0.037332,2.065948,48.860001,159.389999,45.080002,1770467903.479947
-0.438956,-0.090524,2.075952,35.349998,128.589996,58.240002,1770467903.487948
-0.538996,-0.163236,1.950536,21.070000,99.889999,72.449997,1770467903.496000
-1.081652,-0.623664,1.901492,-4.480000,110.180000,63.700001,1770467903.504011
-0.865224,-0.561200,1.671400,-10.990000,106.959999,33.110001,1770467903.511950
-0.941840,-0.565592,1.573556,-16.240000,105.839996,19.180000,1770467903.519954
-1.017968,-0.483608,1.503772,-18.340000,99.330002,0.770000,1770467903.528029
-1.065548,-0.333304,1.396900,-24.219999,93.449997,-14.630000,1770467903.535944
-1.066524,-0.166896,1.233420,-28.770000,78.820000,-31.920000,1770467903.543949
-1.017968,-0.017080,1.030656,-37.310001,55.230000,-42.139999,1770467903.551962
-0.965752,0.095404,0.828380,-38.990002,29.959999,-52.990002,1770467903.559955
-0.884744,0.149572,0.702964,-39.410000,3.080000,-55.790001,1770467903.567958
-0.801052,0.177144,0.622932,-32.340000,-21.350000,-59.290001,1770467903.576088
-0.709552,0.220576,0.550952,-25.129999,-41.860001,-57.330002,1770467903.583969
-0.614148,0.264984,0.482632,-16.450001,-57.540001,-55.580002,1770467903.591947
-0.511912,0.307928,0.417972,-9.240000,-69.440002,-56.910000,1770467903.599979
-0.421144,0.351604,0.350872,-7.350000,-79.519997,-52.570000,1770467903.607964
-0.346480,0.362584,0.308660,-7.630000,-88.550003,-54.110001,1770467903.615934
-0.288652,0.376980,0.260836,-11.690000,-98.139999,-55.930000,1770467903.623970
-0.235460,0.375028,0.232288,-12.530000,-105.349998,-60.200001,1770467903.631951
-0.094428,0.412116,0.196664,-3.570000,-109.760002,-45.150002,1770467903.639977
0.005124,0.393572,0.198616,5.530000,-119.419998,-31.570000,1770467903.648112
0.138348,0.368196,0.218624,16.450001,-130.899994,-12.040000,1770467903.655944
0.115412,0.331596,0.262300,26.320000,-132.160004,2.240000,1770467903.663971
0.140544,0.314028,0.329644,33.669998,-124.739998,14.210000,1770467903.671958
0.150792,0.321836,0.443348,39.200001,-102.059998,24.430000,1770467903.679945
0.152744,0.343552,0.616100,40.180000,-66.150002,30.940001,1770467903.688003
0.136884,0.352580,0.794464,36.959999,-17.639999,36.820000,1770467903.696053
0.101504,0.307928,0.965264,30.870001,30.100000,40.389999,1770467903.703971
-0.000244,0.214964,1.121180,23.660000,72.519997,41.020000,1770467903.711990
-0.214476,0.095404,1.320772,26.459999,111.089996,32.549999,1770467903.719959
-0.385276,0.031720,1.659444,39.340000,139.300003,26.670000,1770467903.727951
-0.646356,-0.050264,1.937604,44.310001,145.740005,28.980000,1770467903.735962
-0.877180,-0.170068,1.999824,35.419998,127.050003,32.200001,1770467903.743968
-1.087264,-0.363804,1.926868,18.969999,87.430000,26.040001,1770467903.751947
-1.150216,-0.511424,1.858548,13.230000,31.500000,17.150000,1770467903.759948
-1.146312,-0.586820,1.774856,4.970000,-25.969999,14.770000,1770467903.768007
-1.043588,-0.602436,1.681648,-4.200000,-80.150002,3.990000,1770467903.775933
-0.865956,-0.583892,1.591856,-15.260000,-119.279999,-9.030000,1770467903.783950
-0.647576,-0.510692,1.497672,-23.450001,-141.820007,-20.020000,1770467903.791957
-0.430660,-0.404308,1.420812,-31.430000,-152.600006,-27.930000,1770467903.799951
-0.238388,-0.264008,1.325652,-37.660000,-152.320007,-29.750000,1770467903.807982
-0.065392,-0.089792,1.221220,-45.430000,-145.740005,-27.370001,1770467903.815940
0.071736,0.087596,1.095072,-49.980000,-136.429993,-20.650000,1770467903.823975
0.092720,0.168360,0.973316,-52.639999,-119.559998,-18.549999,1770467903.831957
0.135664,0.160552,0.853024,-56.630001,-98.629997,-22.120001,1770467903.840027
0.416264,0.492636,0.669048,-45.919998,-99.959999,7.140000,1770467903.848034
0.294752,0.363316,0.644160,-44.660000,-89.529999,29.190001,1770467903.855955
0.278892,0.394548,0.547536,-47.040001,-81.970001,33.459999,1770467903.863967
0.263276,0.440176,0.443836,-50.540001,-75.669998,40.389999,1770467903.871995
0.238144,0.458476,0.353068,-53.759998,-67.129997,46.689999,1770467903.879982
0.231068,0.423584,0.308904,-55.790001,-57.680000,49.630001,1770467903.887946
0.229604,0.362340,0.294752,-51.450001,-43.750000,49.700001,1770467903.895962
0.240828,0.280356,0.293776,-43.889999,-29.260000,43.610001,1770467903.904072
0.250588,0.214720,0.260592,-32.689999,-14.140000,40.040001,1770467903.911957
0.251808,0.163236,0.207644,-14.700000,0.840000,35.349998,1770467903.919954
0.246928,0.117364,0.186416,7.070000,17.780001,30.870001,1770467903.928012
0.258152,0.076616,0.249856,29.540001,37.660000,24.780001,1770467903.935962
0.293288,0.066368,0.393328,53.830002,61.180000,14.560000,1770467903.943963
0.341112,0.074420,0.629764,70.279999,85.750000,14.280000,1770467903.951951
0.376736,0.079544,0.894992,80.010002,113.330002,13.650000,1770467903.959951
0.379908,0.041968,1.102392,83.089996,139.649994,20.370001,1770467903.967960
0.321836,-0.026108,1.236836,81.059998,164.710007,27.160000,1770467903.976264
0.218868,-0.085156,1.406660,81.199997,183.750000,36.470001,1770467903.984064
0.076860,-0.120048,1.673108,78.190002,192.919998,45.639999,1770467903.991983
-0.096136,-0.164944,1.972252,69.300003,187.949997,55.580002,1770467903.999958
-0.274500,-0.173972,2.167452,50.330002,168.490005,67.129997,1770467904.008343
-0.401380,-0.239120,2.091080,28.000000,139.160004,82.599998,1770467904.016082
-0.691252,-0.598288,1.941996,4.970000,135.520004,80.570000,1770467904.023975
-0.858880,-0.604144,1.582584,-10.080000,134.960007,41.720001,1770467904.031956
-0.920856,-0.649040,1.427644,-7.140000,135.380005,28.280001,1770467904.039956
-1.004304,-0.577060,1.369328,-1.890000,133.279999,7.420000,1770467904.047964
-1.074332,-0.418460,1.360544,1.890000,123.970001,-8.330000,1770467904.055997
-1.094828,-0.198372,1.324920,-0.070000,103.949997,-29.540001,1770467904.064123
-1.061400,-0.004148,1.238056,-8.750000,76.650002,-42.980000,1770467904.071957
-0.979904,0.137860,1.068964,-16.030001,44.730000,-54.320000,1770467904.080289
-0.864248,0.219600,0.899872,-25.200001,12.810000,-58.799999,1770467904.088052
-0.741272,0.239608,0.773236,-28.420000,-15.330000,-58.450001,1770467904.095966
-0.638304,0.248636,0.681980,-31.850000,-36.680000,-61.880001,1770467904.103954
-0.534848,0.245952,0.618540,-32.900002,-52.220001,-56.910000,1770467904.111971
-0.442860,0.254980,0.554124,-33.320000,-63.000000,-57.470001,1770467904.119948
-0.367952,0.293044,0.487512,-32.549999,-66.989998,-53.970001,1770467904.127976
-0.293532,0.332572,0.434564,-29.540001,-72.309998,-54.250000,1770467904.136034
-0.232776,0.370392,0.409920,-31.080000,-75.180000,-52.009998,1770467904.143947
-0.198128,0.327692,0.417972,-32.410000,-75.669998,-51.169998,1770467904.151938
-0.184708,0.327692,0.407724,-32.340000,-69.790001,-56.770000,1770467904.159938
-0.069540,0.370880,0.377712,-22.260000,-59.009998,-34.020000,1770467904.167938
-0.018544,0.422120,0.348920,-11.130000,-53.340000,-9.450000,1770467904.175943
-0.020496,0.403576,0.359900,2.100000,-49.630001,2.240000,1770467904.184015
-0.000976,0.397232,0.373076,11.200000,-46.480000,12.880000,1770467904.191940
-0.004392,0.378688,0.394060,20.650000,-42.560001,24.780001,1770467904.199938
-0.025864,0.339892,0.419436,26.530001,-28.980000,36.119999,1770467904.207949
-0.075396,0.317200,0.484096,33.459999,-6.370000,48.369999,1770467904.216017
-0.136152,0.305732,0.612440,41.439999,24.219999,53.060001,1770467904.224084
-0.210572,0.293532,0.781288,43.400002,61.110001,58.869999,1770467904.231940
-0.317932,0.242780,0.979660,43.610001,95.199997,57.470001,1770467904.239943
-0.460428,0.136396,1.167052,43.959999,120.120003,55.299999,1770467904.247944
-0.655628,0.117364,1.340536,53.759998,128.729996,59.570000,1770467904.256003
-1.010160,-0.024156,1.529392,54.880001,130.970001,57.470001,1770467904.263987
-1.262944,-0.172508,1.591612,41.020000,108.080002,31.850000,1770467904.271987
-1.412516,-0.321348,1.616988,37.520000,64.400002,28.490000,1770467904.279936
-1.502552,-0.459208,1.591368,30.100000,8.190000,21.770000,1770467904.287930
-1.478396,-0.580964,1.533052,22.889999,-52.080002,16.379999,1770467904.295952
-1.346636,-0.668316,1.483764,16.520000,-99.889999,2.870000,1770467904.303991
-1.139480,-0.704428,1.450336,12.250000,-133.770004,-7.980000,1770467904.312072
-0.901336,-0.678808,1.432036,7.420000,-157.289993,-24.639999,1770467904.320058
-0.635620,-0.551440,1.412516,5.180000,-170.169998,-39.200001,1770467904.327947
-0.379908,-0.334768,1.383236,4.060000,-173.179993,-48.369999,1770467904.335997
-0.158844,-0.098332,1.358104,1.330000,-171.289993,-48.090000,1770467904.344009
0.018544,0.106628,1.291736,-7.140000,-161.630005,-40.529999,1770467904.351974
0.083692,0.203496,1.199504,-19.879999,-141.330002,-35.070000,1770467904.359948
0.126148,0.172508,1.036268,-36.680000,-114.660004,-33.950001,1770467904.367948
0.574132,0.596580,0.754692,-28.139999,-108.989998,-9.310000,1770467904.376013
0.285724,0.481412,0.761036,-32.340000,-93.309998,6.860000,1770467904.384032
0.266936,0.473116,0.679052,-41.860001,-78.889999,16.940001,1770467904.391979
0.241072,0.462624,0.591212,-52.990002,-66.220001,15.330000,1770467904.399951
0.222772,0.446032,0.526064,-60.970001,-49.630001,21.070000,1770467904.407961
0.217404,0.407236,0.501420,-61.669998,-31.990000,21.000000,1770467904.416060
0.211548,0.370636,0.501664,-56.980000,-12.810000,23.450001,1770467904.423999
0.202520,0.335988,0.518500,-50.889999,3.010000,24.780001,1770467904.431958
0.198616,0.323056,0.533628,-36.889999,14.210000,20.160000,1770467904.439951
0.190808,0.308172,0.547292,-24.570000,25.340000,17.850000,1770467904.447941
0.176656,0.294264,0.541680,-10.640000,28.910000,13.370000,1770467904.456003
0.156404,0.266692,0.504836,1.680000,33.320000,12.110000,1770467904.463966
0.139324,0.208864,0.464820,12.670000,33.669998,7.140000,1770467904.471945
0.140056,0.150304,0.456280,24.850000,38.080002,5.040000,1770467904.479950
0.153232,0.107360,0.502640,39.900002,45.080002,2.380000,1770467904.487949
0.172752,0.085888,0.628300,51.310001,54.529999,2.100000,1770467904.495967
0.197152,0.080032,0.802272,60.759998,69.650002,-0.350000,1770467904.503965
0.204228,0.065148,0.946232,63.560001,82.180000,4.130000,1770467904.511969
0.193248,0.013908,1.037244,64.470001,94.779999,9.660000,1770467904.519950
0.146888,-0.043432,1.138016,65.169998,106.889999,14.490000,1770467904.527954
0.061732,-0.083692,1.281244,60.759998,118.300003,26.740000,1770467904.536025
-0.039040,-0.124928,1.452288,54.529999,129.080002,36.119999,1770467904.544001
-0.171288,-0.211792,1.597468,43.189999,137.830002,47.950001,1770467904.551943
-0.241560,-0.200812,1.649196,40.110001,136.990005,58.520000,1770467904.559948
-0.427976,-0.319152,1.669448,35.209999,137.339996,79.169998,1770467904.567950
-0.745176,-0.621712,1.616256,12.460000,160.300003,56.209999,1770467904.575996
-0.854732,-0.743224,1.490840,0.910000,170.660004,30.379999,1770467904.584082
-0.955992,-0.699548,1.378600,-0.420000,172.830002,13.020000,1770467904.591955
-1.033828,-0.535336,1.288564,-1.750000,161.350006,3.920000,1770467904.599956
-1.087264,-0.316712,1.208776,-6.580000,138.669998,-9.240000,1770467904.608067
-1.119228,-0.083448,1.145336,-9.240000,105.209999,-16.170000,1770467904.615987
-1.110688,0.075640,1.100928,-15.470000,70.209999,-24.920000,1770467904.623967
-1.055300,0.178364,1.066768,-16.660000,36.189999,-30.870001,1770467904.631958
-0.958432,0.241316,1.019432,-17.080000,5.530000,-36.470001,1770467904.639950
-0.840092,0.279868,0.961360,-13.860000,-19.459999,-43.259998,1770467904.647950
-0.714432,0.314760,0.892552,-13.580000,-39.689999,-47.389999,1770467904.656065
-0.597556,0.341112,0.822280,-12.250000,-52.990002,-52.430000,1770467904.663985
-0.493124,0.366976,0.744688,-13.090000,-60.759998,-54.810001,1770467904.671951
-0.400892,0.384056,0.684664,-16.240000,-66.220001,-54.320000,1770467904.679952
-0.320860,0.354776,0.640744,-20.930000,-69.650002,-54.250000,1770467904.687984
-0.301828,0.403088,0.584136,-23.870001,-64.470001,-58.169998,1770467904.696118
-0.266936,0.381860,0.576084,-26.670000,-56.770000,-61.389999,1770467904.703965
-0.167140,0.484828,0.549976,-22.120001,-44.939999,-40.459999,1770467904.711955
-0.206180,0.502640,0.563396,-21.910000,-27.650000,-29.959999,1770467904.719951
-0.233020,0.535092,0.570960,-23.660000,-10.570000,-25.200001,1770467904.727954
-0.256932,0.551928,0.589992,-22.680000,6.510000,-19.879999,1770467904.736058
-0.292312,0.550952,0.591212,-22.820000,22.400000,-17.430000,1770467904.743992
-0.357460,0.533384,0.574864,-21.629999,37.660000,-9.450000,1770467904.751949
-0.438468,0.496540,0.562420,-17.990000,49.980000,-2.450000,1770467904.759950
-0.514352,0.444812,0.551928,-17.010000,59.639999,7.490000,1770467904.767949
-0.591700,0.374784,0.541436,-12.810000,64.680000,13.930000,1770467904.775952
-0.675880,0.294264,0.521672,-6.580000,62.860001,24.430000,1770467904.784004
-0.754936,0.203984,0.506056,1.470000,51.169998,32.130001,1770467904.791969
-0.810812,0.115168,0.502640,12.740000,33.320000,41.160000,1770467904.799955
-0.888404,0.024644,0.543144,28.559999,10.080000,54.040001,1770467904.808009
-0.965752,-0.088328,0.635376,38.990002,-11.760000,57.820000,1770467904.815953
-1.014552,-0.170068,0.753960,45.990002,-34.439999,45.570000,1770467904.823969
-1.029680,-0.223504,0.886696,50.400002,-55.790001,39.480000,1770467904.831956
-1.042856,-0.302316,1.001864,55.299999,-74.550003,34.299999,1770467904.840016
-1.033828,-0.354044,1.045052,57.540001,-92.889999,22.610001,1770467904.847959
-0.969412,-0.364780,1.052860,61.320000,-110.110001,15.820000,1770467904.855956
-0.855220,-0.343308,1.084336,64.190002,-130.199997,7.140000,1770467904.863959
-0.711260,-0.300364,1.176080,64.120003,-147.979996,-3.920000,1770467904.871953
-0.556320,-0.226432,1.293444,59.500000,-162.750000,-9.660000,1770467904.879950
-0.391864,-0.136884,1.387384,49.980000,-169.889999,-18.900000,1770467904.888044
-0.233996,-0.040260,1.447164,38.430000,-169.960007,-20.299999,1770467904.895952
-0.094428,0.053680,1.432768,25.760000,-160.509995,-26.389999,1770467904.903961
0.036112,0.162748,1.392020,15.680000,-146.089996,-29.540001,1770467904.911973
0.133468,0.277672,1.327604,13.230000,-128.800003,-36.400002,1770467904.919976
0.140544,0.309392,1.262944,5.670000,-101.290001,-45.849998,1770467904.927953
0.132492,0.319884,1.150460,-5.530000,-71.540001,-59.290001,1770467904.936027
0.527528,0.580476,0.957212,-7.700000,-55.509998,-41.299999,1770467904.943958
0.225212,0.484340,0.990152,-15.750000,-26.180000,-23.170000,1770467904.951946
0.170556,0.418948,0.924516,-28.000000,3.430000,-20.020000,1770467904.959949
0.129320,0.352336,0.872056,-36.330002,29.400000,-16.520000,1770467904.967969
0.079544,0.300120,0.865468,-40.320000,50.820000,-15.960000,1770467904.976071
0.026596,0.297436,0.872056,-39.340000,65.449997,-10.990000,1770467904.984617
-0.042944,0.292800,0.886940,-37.240002,71.889999,-9.240000,1770467904.991976
-0.105896,0.286944,0.903532,-35.560001,72.099998,-2.940000,1770467904.999951
-0.173484,0.271816,0.913048,-32.060001,63.209999,0.770000,1770467905.007957
-0.217892,0.242292,0.910852,-31.219999,49.000000,0.210000,1770467905.015973
-0.251320,0.213988,0.909388,-28.559999,32.970001,2.590000,1770467905.023966
-0.260348,0.175192,0.892552,-26.670000,17.290001,2.660000,1770467905.031945
-0.251076,0.142496,0.895968,-21.420000,-0.770000,4.130000,1770467905.039949
-0.223748,0.122244,0.919148,-18.969999,-16.100000,3.500000,1770467905.047950
-0.180072,0.105652,0.958432,-19.459999,-25.969999,4.690000,1770467905.055994
-0.129808,0.075396,0.985272,-21.980000,-31.219999,5.950000,1770467905.063999
-0.080032,0.028548,0.983808,-24.570000,-34.020000,6.230000,1770467905.071941
-0.035624,-0.026596,0.963800,-23.450001,-35.000000,10.010000,1770467905.079940
0.004636,-0.082472,0.922564,-21.910000,-32.480000,13.790000,1770467905.087991
0.043920,-0.130052,0.865468,-16.309999,-28.910000,17.709999,1770467905.096024
0.074908,-0.181536,0.809348,-13.650000,-22.889999,21.280001,1770467905.103954
0.096868,-0.224724,0.758596,-9.660000,-14.210000,26.809999,1770467905.111968
0.111508,-0.264740,0.706868,-3.570000,-3.990000,30.030001,1770467905.120076
0.109800,-0.284748,0.699548,5.250000,11.550000,37.029999,1770467905.127969
0.099796,-0.272060,0.742248,15.750000,31.080000,45.430000,1770467905.135935
0.075152,-0.228140,0.821792,22.750000,52.849998,53.340000,1770467905.143958
0.024888,-0.152012,0.886208,30.450001,73.430000,55.509998,1770467905.151944
-0.062464,-0.060512,0.955992,33.320000,88.760002,63.980000,1770467905.159941
-0.164700,0.033672,1.048712,28.980000,98.419998,61.250000,1770467905.167939
-0.274500,0.104920,1.150216,17.219999,109.480003,61.110001,1770467905.175943
-0.411140,0.191784,1.209020,3.570000,119.209999,56.419998,1770467905.183982
-0.533384,0.250100,1.210484,-11.340000,127.959999,49.000000,1770467905.192093
-0.694668,0.295484,1.183644,-22.540001,138.179993,37.450001,1770467905.199932
-0.813496,0.324764,1.134112,-31.990000,144.970001,21.980000,1770467905.207941
-0.875716,0.322812,1.077748,-42.000000,137.759995,8.540000,1770467905.215967
-0.909876,0.312320,1.020896,-48.369999,117.739998,-0.140000,1770467905.224068
-0.917440,0.273524,0.995276,-50.750000,85.190002,-4.970000,1770467905.231963
-0.917196,0.247660,1.010648,-48.650002,45.639999,-3.290000,1770467905.239949
-0.904020,0.234972,1.042124,-47.950001,10.500000,0.630000,1770467905.247942
-0.876936,0.247416,1.067500,-43.680000,-20.230000,5.250000,1770467905.255942
-0.826184,0.278648,1.070916,-40.040001,-43.119999,2.800000,1770467905.263990
-0.745664,0.313052,1.019432,-38.779999,-59.220001,2.380000,1770467905.272063
-0.661240,0.346480,0.942572,-36.119999,-69.230003,0.210000,1770467905.279973
-0.581208,0.364536,0.864980,-36.470001,-70.349998,-4.410000,1770467905.287926
-0.500688,0.367952,0.798124,-34.439999,-67.550003,-5.880000,1770467905.295940
-0.418460,0.350872,0.762744,-33.250000,-61.459999,-5.530000,1770467905.303946
-0.365024,0.326228,0.744444,-26.879999,-47.810001,-0.140000,1770467905.312004
-0.348432,0.298656,0.743224,-20.440001,-31.639999,7.420000,1770467905.320037
-0.363804,0.289628,0.756644,-14.420000,-11.060000,11.620000,1770467905.327951
-0.399916,0.287432,0.782020,-11.760000,9.870000,11.970000,1770467905.335959
-0.457012,0.285236,0.785192,-13.370000,25.969999,10.430000,1770467905.344014
-0.528992,0.265960,0.777140,-17.360001,37.660000,9.170000,1770467905.351978
-0.603168,0.237900,0.763964,-21.209999,44.310001,6.790000,1770467905.359947
-0.673196,0.189100,0.732244,-24.780001,46.759998,5.180000,1770467905.367950
-0.726876,0.142252,0.682224,-25.900000,40.180000,3.920000,1770467905.376025
-0.733952,0.097600,0.651724,-23.240000,25.200001,10.500000,1770467905.384010
-0.754204,0.088084,0.631472,-16.520000,7.630000,15.680000,1770467905.391963
-0.814960,-0.059536,0.646844,-14.210000,-5.810000,19.389999,1770467905.399950
-0.822036,-0.190808,0.615124,-8.750000,-24.990000,-3.290000,1770467905.407949
-0.785924,-0.276940,0.570960,4.760000,-43.959999,-5.180000,1770467905.416126
-0.722240,-0.321592,0.563640,19.389999,-63.980000,-11.480000,1770467905.424029
-0.649040,-0.294508,0.603656,30.450001,-83.230003,-14.630000,1770467905.431957
-0.564616,-0.193980,0.661728,38.080002,-100.379997,-16.100000,1770467905.439958
-0.494832,-0.093696,0.715896,41.580002,-113.330002,-14.980000,1770467905.448014
-0.413580,-0.059536,0.770064,44.099998,-121.589996,-12.110000,1770467905.456007
-0.341600,-0.060024,0.858148,44.310001,-121.099998,-12.250000,1770467905.463965
-0.282552,-0.019032,0.984540,39.200001,-115.010002,-14.140000,1770467905.471953
-0.221308,0.047824,1.112884,26.250000,-106.330002,-20.860001,1770467905.479944
-0.147376,0.126636,1.198528,2.660000,-96.669998,-24.850000,1770467905.487948
-0.064904,0.163480,1.209508,-17.080000,-86.309998,-23.940001,1770467905.496023
0.010492,0.169336,1.199748,-35.840000,-75.669998,-17.430000,1770467905.503962
0.056364,0.085644,1.225856,-50.189999,-60.759998,-10.780000,1770467905.511964
0.091988,-0.012688,1.231468,-53.200001,-41.790001,-4.620000,1770467905.519950
0.204960,-0.101992,1.209020,-45.430000,-26.250000,9.310000,1770467905.527986
0.141764,-0.108092,1.164612,-35.770000,-12.530000,21.000000,1770467905.536091
0.086132,-0.099796,1.134844,-23.520000,4.130000,21.770000,1770467905.543979
0.016836,-0.076128,1.121912,-14.910000,22.120001,18.620001,1770467905.551956
-0.050752,-0.047580,1.128012,-9.310000,34.650002,10.010000,1770467905.559952
-0.087840,-0.025620,1.148508,-7.350000,43.400002,8.540000,1770467905.567949
-0.136396,-0.011468,1.188036,-3.360000,46.200001,9.940000,1770467905.575961
-0.185196,-0.011224,1.219268,-0.700000,42.349998,13.580000,1770467905.584137
-0.223748,-0.023424,1.250012,2.870000,34.650002,11.410000,1770467905.591945
-0.263764,-0.059536,1.268556,7.700000,23.730000,12.460000,1770467905.599952
-0.276696,-0.029280,1.247572,6.090000,6.300000,8.260000,1770467905.607947
-0.265472,-0.064172,1.231712,3.080000,-10.780000,3.710000,1770467905.615967
-0.234972,-0.102724,1.197064,-1.750000,-25.270000,1.120000,1770467905.624017
-0.187392,-0.133712,1.145336,-3.570000,-36.470001,-3.080000,1770467905.631961
-0.146644,-0.151768,1.090192,-2.940000,-43.540001,-5.390000,1770467905.640095
-0.096136,-0.146400,1.042856,-4.970000,-50.259998,-7.280000,1770467905.647948
-0.055144,-0.127612,1.014796,-6.790000,-52.779999,-5.880000,1770467905.655945
-0.012932,-0.116632,1.003572,-8.190000,-53.130001,-9.310000,1770467905.663959
0.022204,-0.112972,0.996008,-9.100000,-48.439999,-11.130000,1770467905.671949
0.065636,-0.069784,0.964044,-7.560000,-39.759998,-7.070000,1770467905.679996
0.075396,-0.051972,0.924760,-3.990000,-25.690001,-3.430000,1770467905.687974
0.095892,-0.013420,0.872544,1.190000,-12.250000,6.370000,1770467905.696030
0.097356,-0.003172,0.822280,5.530000,-1.330000,17.570000,1770467905.703954
0.082228,0.035380,0.727364,3.990000,9.590000,26.670000,1770467905.712160
0.081984,0.066368,0.657580,6.300000,13.790000,35.349998,1770467905.720091
0.090036,0.067832,0.640744,7.630000,13.440000,41.090000,1770467905.727948
0.107848,0.038796,0.681492,11.550000,16.590000,47.810001,1770467905.735937
0.108092,-0.006588,0.736392,18.200001,26.879999,59.709999,1770467905.743977
0.086620,-0.019032,0.789340,20.860001,42.630001,67.900002,1770467905.751952
0.053680,0.006832,0.858636,21.139999,61.880001,73.290001,1770467905.759948
-0.018544,0.073932,0.941596,14.000000,84.629997,72.519997,1770467905.768009
-0.089548,0.116876,1.018456,0.000000,104.510002,71.050003,1770467905.775937
-0.257176,0.223016,1.037976,-12.530000,122.639999,58.869999,1770467905.783942
-0.324520,0.197640,1.068476,-28.980000,134.399994,46.410000,1770467905.791954
-0.422364,0.148108,1.098244,-35.000000,140.490005,39.480000,1770467905.799948
-0.527528,0.093208,1.100928,-35.770000,142.520004,32.410000,1770467905.807973
-0.646112,0.026108,1.078236,-31.219999,140.139999,28.139999,1770467905.815955
-0.739320,-0.014152,1.020408,-29.330000,126.489998,26.250000,1770467905.823998
-0.796172,-0.024888,0.965508,-25.760000,107.169998,24.360001,1770467905.831949
-0.843264,-0.072712,0.900848,-27.510000,84.209999,16.030001,1770467905.840047
-0.849364,-0.091500,0.857904,-23.799999,59.779999,15.610000,1770467905.847992
-0.851560,-0.095160,0.845704,-18.760000,37.169998,19.530001,1770467905.855950
-0.842044,-0.076860,0.869616,-13.230000,20.510000,17.290001,1770467905.863965
-0.811788,-0.061488,0.904264,-9.870000,7.560000,18.969999,1770467905.871964
-0.769820,-0.062220,0.933788,-2.800000,-0.280000,17.010000,1770467905.880049
-0.721996,-0.058560,0.968924,-0.560000,-1.260000,17.360001,1770467905.887956
-0.702720,-0.044164,0.963800,0.210000,1.890000,22.750000,1770467905.895948
-0.705892,-0.053924,0.940864,-0.350000,9.940000,29.190001,1770467905.903961
-0.731268,-0.071736,0.909632,-3.220000,17.780001,33.459999,1770467905.911954
-0.763964,-0.098332,0.890600,-5.110000,25.760000,37.660000,1770467905.919996
-0.804712,-0.123708,0.873032,-5.320000,30.170000,38.849998,1770467905.927951
-0.849608,-0.139568,0.857416,-4.130000,30.240000,40.389999,1770467905.935986
-0.895968,-0.148840,0.841800,-3.080000,27.650000,39.270000,1770467905.943974
-0.934764,-0.138836,0.826916,-3.010000,18.620001,37.240002,1770467905.951957
-0.968924,-0.123464,0.823988,-3.430000,7.350000,29.049999,1770467905.959950
-0.988932,-0.085156,0.829112,-6.440000,-7.980000,25.480000,1770467905.967937
-0.989908,-0.050508,0.851560,-6.230000,-23.590000,14.910000,1770467905.976115
-0.963312,-0.026596,0.874252,-11.550000,-39.900002,8.610000,1770467905.984784
-0.914756,-0.021960,0.889624,-12.180000,-57.750000,0.420000,1770467905.992090
-0.846680,-0.026840,0.901092,-13.440000,-74.690002,-7.070000,1770467905.999959
-0.760792,-0.026352,0.877912,-12.810000,-91.769997,-14.280000,1770467906.007931
-0.675880,-0.020984,0.819596,-10.570000,-104.580002,-22.260000,1770467906.015985
-0.581940,-0.007076,0.734684,-5.670000,-116.059998,-27.650000,1770467906.024107
-0.502884,0.025864,0.660264,-1.470000,-123.900002,-33.180000,1770467906.031933
-0.431636,0.073444,0.608780,0.420000,-126.070000,-37.590000,1770467906.039957
-0.363560,0.140056,0.603412,1.680000,-126.139999,-39.549999,1770467906.047963
-0.302804,0.188612,0.633668,-0.700000,-120.959999,-41.439999,1770467906.056008
-0.253028,0.212036,0.659776,-3.430000,-114.309998,-40.320000,1770467906.063994
-0.198616,0.213256,0.696132,-5.320000,-102.620003,-41.230000,1770467906.071970
-0.150792,0.210084,0.741272,-4.130000,-91.980003,-39.549999,1770467906.079950
-0.111508,0.217892,0.798856,-7.140000,-80.779999,-40.320000,1770467906.087958
-0.073200,0.233752,0.862052,-8.540000,-71.889999,-37.029999,1770467906.095943
-0.048556,0.230092,0.923052,-15.260000,-65.029999,-35.630001,1770467906.103952
-0.034160,0.206912,0.952332,-24.360001,-58.730000,-40.740002,1770467906.111940
0.013420,0.216916,0.953552,-23.450001,-47.880001,-26.600000,1770467906.119962
0.074908,0.210084,0.990884,-25.480000,-45.990002,-11.270000,1770467906.127994
0.087596,0.142008,1.059448,-23.660000,-40.950001,6.510000,1770467906.135948
0.084912,0.052216,1.119960,-22.330000,-32.689999,18.969999,1770467906.143965
0.089792,-0.045140,1.158024,-20.230000,-23.100000,21.840000,1770467906.151947
0.090524,-0.134200,1.167784,-15.540000,-10.920000,30.309999,1770467906.160034
0.087108,-0.223016,1.166320,-11.200000,-1.680000,32.619999,1770467906.167953
0.062952,-0.266692,1.148996,-5.250000,8.330000,42.209999,1770467906.175941
0.031720,-0.289872,1.141676,-2.380000,14.070000,52.290001,1770467906.183953
0.004636,-0.288408,1.147044,-0.560000,15.890000,60.340000,1770467906.191943
-0.137860,-0.442372,1.191452,-7.770000,19.670000,31.709999,1770467906.199939
-0.160308,-0.454572,1.175104,-4.130000,26.320000,39.480000,1770467906.207960
-0.188124,-0.460428,1.183400,-1.750000,26.110001,29.400000,1770467906.216059
-0.220088,-0.465308,1.194136,-2.660000,21.350000,23.660000,1770467906.223957
-0.239120,-0.476532,1.189256,-2.030000,14.420000,23.590000,1770467906.231942
-0.247416,-0.472628,1.164856,-2.520000,4.970000,15.960000,1770467906.239936
-0.236924,-0.457744,1.126548,-3.430000,-3.920000,15.540000,1770467906.247933
-0.207888,-0.447496,1.077748,-4.830000,-11.830000,8.050000,1770467906.255942
-0.175680,-0.449204,1.042612,-4.130000,-15.330000,5.390000,1770467906.264017
-0.130784,-0.445056,1.018700,-3.430000,-17.850000,-0.980000,1770467906.271942
-0.081984,-0.425780,0.994788,-1.330000,-17.570000,-4.830000,1770467906.279933
-0.033916,-0.401624,0.977952,-2.310000,-16.240000,-10.360000,1770467906.287959
0.014640,-0.372832,0.971852,-1.820000,-13.370000,-14.490000,1770467906.296002
0.053436,-0.343552,0.984540,-2.450000,-6.650000,-17.219999,1770467906.304036
0.092720,-0.318908,0.992592,-2.310000,-2.310000,-17.639999,1770467906.311953
0.131028,-0.288408,1.008452,-1.680000,3.430000,-16.309999,1770467906.319986
0.163480,-0.254736,1.023092,-0.210000,8.330000,-13.300000,1770467906.327952
0.185440,-0.204716,1.036756,3.850000,14.210000,-10.150000,1770467906.336012
0.197396,-0.159820,1.016748,7.630000,20.790001,-6.090000,1770467906.343962
0.198372,-0.088816,0.976488,10.920000,28.070000,0.000000,1770467906.351950
0.188124,-0.015860,0.940864,12.250000,38.150002,8.750000,1770467906.359951
0.173240,0.041968,0.919392,14.840000,48.090000,18.270000,1770467906.368053
0.133956,0.094428,0.898408,14.420000,58.310001,30.870001,1770467906.375977
0.067832,0.112484,0.881084,14.910000,69.300003,35.419998,1770467906.383967
0.007564,0.132736,0.858392,14.980000,78.330002,39.689999,1770467906.391978
-0.045140,0.171776,0.867908,16.450001,86.309998,35.980000,1770467906.400097
-0.097600,0.194468,0.901824,14.630000,95.059998,36.259998,1770467906.407951
-0.165676,0.221308,0.960140,15.330000,100.660004,35.910000,1770467906.416025
-0.176900,0.288164,0.991372,12.670000,103.389999,46.130001,1770467906.423977
-0.260104,0.285724,1.019432,5.530000,101.709999,47.320000,1770467906.431954
-0.322080,0.243024,1.032120,0.210000,98.839996,43.540001,1770467906.439950
-0.379176,0.195688,1.045784,-4.480000,92.540001,44.799999,1770467906.447962
-0.431880,0.159088,1.053104,-6.930000,85.050003,41.509998,1770467906.455958
-0.473848,0.135420,1.047492,-9.450000,78.260002,39.270000,1770467906.464051
-0.510448,0.115168,1.036024,-12.670000,67.269997,39.270000,1770467906.471949
-0.549732,0.096136,1.016748,-17.570000,58.660000,35.770000,1770467906.479958
-0.589016,0.046604,0.998448,-21.000000,51.099998,32.830002,1770467906.487956
-0.600728,-0.009760,0.975024,-20.790001,43.540001,28.139999,1770467906.496018
-0.598288,-0.053192,0.968680,-14.490000,35.840000,27.160000,1770467906.504030
-0.595360,-0.079788,0.963800,-10.640000,29.330000,26.600000,1770467906.511985
-0.633180,-0.153720,0.966484,-8.330000,23.450001,25.900000,1770467906.519988
-0.595604,-0.124196,0.918904,-3.220000,17.219999,22.889999,1770467906.527942
-0.577304,-0.107360,0.895480,-2.100000,12.460000,21.980000,1770467906.535929
-0.559980,-0.099796,0.881084,-1.120000,7.630000,21.209999,1770467906.544042
-0.542900,-0.094184,0.869372,-3.570000,4.900000,20.860001,1770467906.551950
-0.522892,-0.095648,0.871568,-4.900000,4.830000,18.410000,1770467906.559952
-0.506300,-0.107360,0.879864,-4.830000,6.230000,20.930000,1770467906.567950
-0.491660,-0.120048,0.886208,-4.970000,6.300000,18.830000,1770467906.575988
-0.478728,-0.136152,0.891576,-4.760000,7.630000,21.420000,1770467906.584001
-0.466772,-0.143472,0.896944,-2.660000,7.630000,23.309999,1770467906.591953
-0.457012,-0.143960,0.891576,-0.560000,10.430000,23.240000,1770467906.600030
-0.454084,-0.142252,0.883036,-0.770000,10.500000,24.500000,1770467906.607957
-0.461892,-0.142740,0.873032,-0.490000,12.460000,25.549999,1770467906.615964
-0.473360,-0.135176,0.868884,0.350000,15.540000,24.430000,1770467906.623970
-0.486292,-0.134932,0.875960,-0.420000,18.549999,23.450001,1770467906.631953
-0.514352,-0.126148,0.880840,0.910000,20.719999,23.940001,1770467906.639995
-0.541192,-0.115168,0.887672,0.700000,22.190001,21.559999,1770467906.647969
-0.565348,-0.107360,0.885232,-1.680000,23.590000,17.639999,1770467906.655961
-0.591944,-0.095892,0.881328,-1.750000,21.350000,15.540000,1770467906.664006
-0.614148,-0.082716,0.875228,-1.960000,20.160000,12.530000,1770467906.672382
-0.624396,-0.070760,0.870836,-1.470000,18.200001,8.610000,1770467906.680013
-0.625616,-0.053924,0.863028,0.420000,14.210000,7.140000,1770467906.687997
-0.619272,-0.036844,0.860832,-2.240000,9.520000,4.690000,1770467906.696125
-0.608536,-0.020740,0.864492,0.700000,5.460000,0.630000,1770467906.703965
-0.594384,-0.001220,0.871324,0.630000,0.350000,0.980000,1770467906.712013
-0.573156,0.025620,0.885720,1.540000,-3.500000,-2.380000,1770467906.719977
-0.555832,0.055144,0.903288,-0.910000,-4.130000,-3.850000,1770467906.727948
-0.536068,0.079300,0.916708,-3.570000,-4.200000,-4.550000,1770467906.735955
-0.522892,0.098332,0.934764,-5.810000,-5.110000,-9.240000,1770467906.744111
-0.511668,0.108092,0.932568,-8.540000,-3.080000,-9.100000,1770467906.751936
-0.508984,0.110776,0.927200,-8.190000,-3.780000,-11.760000,1770467906.759953
-0.507276,0.108336,0.927444,-8.190000,-3.990000,-12.810000,1770467906.767951
-0.510448,0.110776,0.926712,-7.700000,-3.010000,-16.100000,1770467906.775949
-0.519720,0.111508,0.916464,-7.000000,-1.680000,-17.290001,1770467906.784086
-0.532652,0.102724,0.909632,-7.630000,-1.120000,-19.879999,1770467906.791948
-0.545828,0.097356,0.908168,-8.120000,-1.470000,-21.209999,1770467906.799953
-0.554124,0.084912,0.905484,-9.100000,-5.040000,-24.500000,1770467906.807940
-0.559736,0.064416,0.890844,-8.750000,-9.660000,-27.370001,1770467906.816146
-0.549976,0.043676,0.859368,-3.570000,-15.120000,-25.340000,1770467906.823968
-0.539972,0.025864,0.801540,-0.420000,-20.370001,-29.400000,1770467906.832038
-0.527772,0.005612,0.743224,4.830000,-25.760000,-30.660000,1770467906.839953
-0.511668,-0.002684,0.717604,10.920000,-28.070000,-30.309999,1770467906.847955
-0.494344,0.007076,0.751764,15.400000,-25.760000,-33.110001,1770467906.855957
-0.475068,0.031720,0.836676,16.870001,-24.570000,-29.889999,1770467906.864034
-0.460184,0.049776,0.907680,12.530000,-22.680000,-35.000000,1770467906.872072
-0.457744,0.077836,0.927688,8.400000,-19.110001,-33.810001,1770467906.879978
-0.457256,0.100040,0.928908,3.430000,-18.200001,-38.500000,1770467906.887959
-0.453352,0.112728,0.925736,-1.540000,-20.020000,-37.169998,1770467906.895974
-0.443348,0.112728,0.924760,-6.370000,-21.700001,-40.110001,1770467906.903966
-0.433100,0.097356,0.919148,-10.780000,-26.459999,-42.000000,1770467906.912043
-0.418460,0.077104,0.913780,-16.450001,-31.570000,-39.410000,1770467906.919980
-0.410164,0.066368,0.904752,-18.900000,-33.110001,-37.520000,1770467906.927992
-0.398452,0.050996,0.899140,-20.650000,-31.430000,-32.900002,1770467906.936039
-0.381616,0.027084,0.900604,-22.330000,-27.580000,-30.240000,1770467906.943990
-0.369660,0.001220,0.910364,-22.260000,-22.120001,-25.340000,1770467906.951959
-0.384544,-0.017568,0.924028,-21.559999,-13.930000,-17.639999,1770467906.959955
-0.403332,-0.041480,0.920368,-16.240000,-5.040000,-13.580000,1770467906.968003
-0.433100,-0.056852,0.919392,-13.650000,1.400000,-10.570000,1770467906.976320
-0.470920,-0.068076,0.917440,-11.200000,3.430000,-9.100000,1770467906.984653
-0.519476,-0.086620,0.902556,-9.730000,2.310000,-8.190000,1770467906.991978
-0.552660,-0.106628,0.897432,-8.330000,-5.250000,-6.650000,1770467907.000034
-0.551440,-0.143228,0.888404,-3.010000,-14.210000,-9.030000,1770467907.007987
-0.518256,-0.224724,0.836676,1.890000,-18.340000,-10.710000,1770467907.015951
-0.501908,-0.298412,0.856928,8.190000,-19.110001,-22.680000,1770467907.023978
-0.488976,-0.252784,0.940376,10.850000,-21.000000,-33.040001,1770467907.032064
-0.432124,-0.059536,0.985516,15.330000,-30.100000,-22.120001,1770467907.039945
-0.449936,0.009272,1.069696,10.920000,-36.049999,-24.360001,1770467907.047950
-0.406016,0.048312,1.078968,6.790000,-40.669998,-23.379999,1770467907.055972
-0.336720,0.053436,1.049688,3.640000,-42.560001,-28.420000,1770467907.064117
-0.282308,0.055144,1.021628,2.100000,-40.110001,-25.830000,1770467907.071966
-0.248148,0.040504,0.992592,2.380000,-34.090000,-22.889999,1770467907.079938
-0.233020,0.037332,0.962336,0.140000,-28.770000,-20.230000,1770467907.087954
-0.231312,0.016836,0.939644,0.910000,-22.120001,-16.309999,1770467907.095963
-0.257664,0.017812,0.919636,0.630000,-13.790000,-10.570000,1770467907.103987
-0.285236,0.025376,0.902312,3.430000,-7.000000,-4.060000,1770467907.111944
-0.325984,0.023424,0.910852,5.460000,0.350000,-2.170000,1770467907.119953
-0.335012,0.048312,0.921588,8.330000,4.900000,5.110000,1770467907.127920
-0.348432,0.042456,0.951600,7.980000,11.200000,10.640000,1770467907.135954
-0.392352,-0.016348,0.976732,8.750000,13.790000,0.350000,1770467907.144039
-0.387228,-0.010492,0.967216,10.640000,11.550000,2.660000,1770467907.151946
-0.380640,-0.009516,0.956236,10.990000,7.840000,0.000000,1770467907.159945
-0.381128,-0.012688,0.956480,10.780000,5.460000,-0.490000,1770467907.167942
-0.387228,-0.016348,0.950868,9.870000,4.200000,-1.820000,1770467907.175946
-0.399916,-0.036112,0.955260,10.640000,0.560000,-1.400000,1770467907.184009
-0.401380,-0.058072,0.980636,11.480000,-2.030000,-2.940000,1770467907.191966
-0.411384,-0.073444,1.000156,11.550000,-5.110000,-3.430000,1770467907.199945
-0.392108,-0.065148,1.011868,11.340000,-12.460000,-8.890000,1770467907.207959
-0.333060,-0.058316,1.046272,13.580000,-3.780000,0.140000,1770467907.215945
-0.279624,-0.044652,1.022604,10.780000,2.240000,-10.780000,1770467907.223963
-0.294264,-0.026596,0.996740,7.910000,4.760000,-2.380000,1770467907.231946
-0.346968,-0.015128,0.987712,5.670000,4.340000,-4.830000,1770467907.239938
-0.382104,-0.024400,0.979416,2.520000,2.870000,-0.770000,1770467907.248043
-0.382836,-0.047092,0.964288,1.470000,1.330000,-1.260000,1770467907.255958
-0.376004,-0.049532,0.955260,1.470000,0.420000,-3.710000,1770467907.263939
-0.368440,-0.038552,0.961360,1.540000,-1.610000,-3.710000,1770467907.271945
-0.379420,-0.049044,0.958920,1.540000,-2.590000,-3.850000,1770467907.279932
-0.379908,-0.039528,0.959408,2.100000,-4.340000,-5.110000,1770467907.287929
-0.361608,-0.027328,0.965996,2.660000,-5.250000,-7.560000,1770467907.295949
-0.324032,-0.010980,0.973316,3.430000,-5.530000,-7.280000,1770467907.304038
-0.312320,-0.002196,0.975512,2.380000,-5.880000,-10.150000,1770467907.312056
-0.324520,-0.012200,0.971608,1.890000,-6.440000,-10.010000,1770467907.320307
-0.341844,-0.006588,0.961116,0.140000,-8.330000,-8.680000,1770467907.327942
-0.334036,-0.007808,0.950868,2.800000,-8.470000,-9.100000,1770467907.336040
-0.324764,-0.020008,0.954284,1.890000,-7.980000,-11.480000,1770467907.344076
-0.318908,-0.020496,0.956724,3.780000,-8.540000,-9.590000,1770467907.351961
-0.293044,-0.012932,0.962580,3.570000,-7.980000,-11.480000,1770467907.359956
-0.281820,-0.006100,0.952088,1.330000,-7.000000,-10.780000,1770467907.367945
-0.289384,-0.012200,0.935740,4.340000,-6.930000,-12.950000,1770467907.375944
-0.285236,-0.009760,0.940376,3.010000,-7.350000,-13.020000,1770467907.384101
-0.286456,-0.010736,0.958432,4.690000,-7.980000,-12.110000,1770467907.391946
-0.295240,-0.016592,0.982100,5.530000,-8.330000,-13.580000,1770467907.399951
-0.300364,-0.010004,0.996008,6.020000,-10.430000,-13.370000,1770467907.408008
-0.305000,-0.006344,0.994544,3.990000,-10.920000,-12.600000,1770467907.415946
-0.316712,-0.016348,0.989664,1.680000,-11.480000,-12.740000,1770467907.423953
-0.312320,-0.013908,0.990152,1.470000,-11.760000,-12.390000,1770467907.431951
-0.305244,-0.016592,0.993812,1.680000,-12.040000,-13.580000,1770467907.439952
-0.309392,-0.019764,0.996984,0.210000,-14.910000,-12.600000,1770467907.447949
-0.303780,-0.012444,0.999424,0.420000,-14.910000,-14.280000,1770467907.455959
-0.305244,0.001220,0.998204,-1.680000,-14.420000,-11.270000,1770467907.464052
-0.287432,-0.010248,0.999668,-2.520000,-13.930000,-12.670000,1770467907.471942
-0.287920,-0.020252,0.986980,-3.920000,-13.860000,-10.010000,1770467907.479947
-0.269620,-0.016592,0.986004,-0.980000,-15.120000,-10.570000,1770467907.487970
-0.248636,-0.013420,0.976000,-0.770000,-14.490000,-8.680000,1770467907.496007
-0.249612,-0.029036,0.954040,0.210000,-15.540000,-9.240000,1770467907.505180
