acc_x,acc_y,acc_z,gyro_x,gyro_y,gyro_z,timestamp
-4.607757,-0.7587838800000001,8.9282772,14.21,-0.77,29.049999,1770467838.226158
-4.81600368,-0.53378172,9.12934296,15.82,-5.32,27.719999,1770467838.233985
-4.950047520000001,-0.18909756000000003,9.98626608,15.68,-10.22,28.84,1770467838.241988
-5.119995960000001,0.37580148,10.26153468,16.1,-13.79,26.67,1770467838.250054
-5.239677960000001,0.33750324,9.73254024,13.3,-14.63,28.139999,1770467838.257946
-5.325849000000001,0.36383328000000004,9.42854796,14.0,-17.08,22.610001,1770467838.265957
-5.43835008,0.5074516800000001,9.14849208,14.42,-23.030001,23.309999,1770467838.27405
-5.42398824,0.74920932,8.7008814,17.639999,-31.780001,14.91,1770467838.281996
-5.1822306,1.1609154000000002,8.60274216,14.63,-38.009998,15.68,1770467838.290116
-4.751375400000001,1.34761932,8.346622680000001,14.28,-42.98,4.34,1770467838.297957
-4.5598842,1.1202235200000001,8.92588356,16.309999,-40.389999,-1.26,1770467838.305964
-4.129029,1.2877783200000001,8.97854364,21.209999,-40.25,-6.79,1770467838.31396
-3.77716392,1.55107872,9.155673,22.889999,-41.02,-7.91,1770467838.322013
-3.6407264400000003,1.67794164,9.1796094,27.51,-39.689999,-14.21,1770467838.329973
-3.5880663600000005,1.7090589600000001,9.10301292,26.67,-40.040001,-12.11,1770467838.337966
-3.4181179200000003,1.5151741200000002,9.39024972,32.970001,-40.459999,-16.66,1770467838.345968
-3.21705216,1.72581444,8.95460724,36.540001,-34.439999,-21.07,1770467838.353976
-3.3941815200000005,1.6994844000000002,8.91870264,36.959999,-32.689999,-20.23,1770467838.361962
-3.470778,1.70187804,8.88997896,38.009998,-34.02,-25.27,1770467838.36996
-3.20508396,1.79523,9.1317366,35.419998,-30.799999,-25.620001,1770467838.377966
-3.0830083200000002,2.17581876,9.06950196,33.529999,-30.59,-28.84,1770467838.3861
-2.9561454,2.32422444,8.9282772,33.669998,-26.25,-33.25,1770467838.393959
-1.9388484000000001,3.76040844,8.89955352,21.0,-21.35,-43.540001,1770467838.401963
-1.61331336,4.14339084,9.34237692,11.34,-11.41,-41.09,1770467838.410077
-1.6755480000000003,4.751375400000001,9.6583374,-1.05,-2.66,-42.560001,1770467838.417945
-1.7090589600000001,4.4904686400000005,9.71339112,-9.24,-0.14,-47.950001,1770467838.425967
-0.9694242000000001,4.62451248,9.97908516,-17.219999,0.84,-48.650002,1770467838.434075
-0.26808768000000005,3.8346112800000003,10.39557852,-23.1,6.09,-42.700001,1770467838.441974
0.02872368,3.4995016800000003,11.321917200000001,-22.889999,5.53,-42.139999,1770467838.449965
0.43803612,1.37873664,11.6929314,-13.44,9.87,-30.030001,1770467838.457972
-0.04069188,1.40746032,11.88681624,0.98,9.45,-25.200001,1770467838.466126
-0.1316502,0.85692312,12.0160728,9.24,12.32,-20.58,1770467838.473969
-0.63670824,-0.05505372,11.690537760000002,16.030001,17.57,-14.49,1770467838.481967
-1.31410836,-1.45293948,11.130426000000002,25.200001,21.91,-11.48,1770467838.489985
-1.5702278400000003,-2.5755566400000003,10.735475400000002,34.23,28.07,-7.98,1770467838.497999
-1.68272892,-3.28168044,10.675634400000002,42.209999,34.439999,-7.77,1770467838.505963
-1.8263473200000002,-3.88009044,10.77377364,45.290001,40.740002,-5.95,1770467838.513959
-1.98911484,-3.81546216,10.82643372,44.73,44.450001,-1.82,1770467838.521973
-2.08486044,-3.57131088,10.723507200000002,42.349998,47.880001,-3.71,1770467838.530122
-2.6138548800000003,-3.1380620400000003,10.42908948,38.220001,47.599998,0.63,1770467838.537943
-2.86997436,-2.52050292,10.318982040000002,34.509998,41.860001,3.57,1770467838.545966
-2.8747616400000005,-2.00108304,10.0054152,28.77,34.790001,2.52,1770467838.553958
-2.6689086000000004,-1.88858196,9.24663132,25.9,31.219999,7.35,1770467838.561962
-2.32661808,-1.7832618,8.61471036,26.32,30.52,7.0,1770467838.569953
-1.88618832,-1.38113028,8.74396692,24.85,32.27,10.85,1770467838.577987
-1.6731543600000003,-0.80426304,9.275355000000001,22.889999,35.98,15.26,1770467838.586051
-1.9603911600000001,-0.31596048000000004,9.5865282,19.459999,39.970001,15.82,1770467838.593963
-2.35534176,0.05505372,9.703816560000002,16.24,43.889999,17.15,1770467838.601992
-2.65933404,0.13404384000000003,9.8498286,16.870001,48.650002,18.27,1770467838.610036
-2.97768816,0.30399228000000006,10.04610708,16.450001,53.759998,19.950001,1770467838.617966
-3.3630642,0.42846156,10.21844916,18.34,57.889999,21.42,1770467838.625958
-3.6143964,0.42606792,10.18733184,17.639999,57.540001,22.4,1770467838.63396
-3.6550882799999997,0.5289944400000001,9.852222240000001,11.62,55.790001,27.93,1770467838.641958
-3.5066826,0.7420284,9.43333524,3.71,52.080002,32.41,1770467838.650067
-3.470778,0.8617104000000001,9.02881008,-2.24,47.18,35.77,1770467838.658208
-3.4827462000000002,0.9885733200000001,9.0000864,-5.25,43.540001,40.389999,1770467838.665956
-3.6455137200000003,1.2590546400000002,9.19875852,-13.23,39.970001,39.48,1770467838.67397
-3.82024944,1.5486850800000003,9.4429098,-19.32,38.639999,43.540001,1770467838.681966
-3.8058876000000006,1.7904427200000002,9.3591324,-27.23,35.0,39.060001,1770467838.690007
-4.191263640000001,2.0345940000000002,9.155673,-36.119999,31.08,42.84,1770467838.698058
-4.5886078800000005,1.92209292,9.380675160000001,-37.869999,19.32,38.919998,1770467838.705984
-4.51440504,2.22129792,9.78759396,-40.25,3.85,40.669998,1770467838.713958
-4.34924388,2.4774174,9.94796784,-43.889999,-11.34,41.580002,1770467838.721962
-3.8992395600000003,2.8843362000000003,9.8977014,-42.91,-22.469999,41.720001,1770467838.730013
-3.1452429600000005,2.8915171200000005,9.847434960000001,-47.32,-27.09,46.200001,1770467838.737958
-2.7407178,2.8077397200000003,9.8378604,-48.790001,-24.57,52.779999,1770467838.74606
-2.54204568,2.72396232,9.454878,-48.09,-22.82,54.25,1770467838.753963
-2.59470576,2.5540138800000003,8.574018480000001,-43.889999,-20.440001,62.16,1770467838.761961
-2.6234294400000002,2.2189042800000003,7.85832012,-36.68,-14.7,65.660004,1770467838.769958
-2.6736958800000004,2.2739580000000004,7.74103176,-36.119999,-7.56,70.209999,1770467838.777984
-2.75747328,2.5803439200000002,8.27720712,-33.110001,-2.17,75.739998,1770467838.786011
-2.90348532,2.9154535200000002,8.92348992,-38.57,0.77,72.029999,1770467838.793968
-3.20987124,3.1213065600000003,9.36870696,-43.75,4.27,76.720001,1770467838.80196
-3.4229052,3.2912550000000005,9.62961372,-49.209999,7.28,80.639999,1770467838.809968
-3.72450384,3.3391278000000004,9.507538080000002,-59.43,8.4,85.82,1770467838.818009
-4.129029,3.3463087200000006,9.01923552,-66.989998,6.86,90.510002,1770467838.825941
-4.46653224,3.26971224,8.39210184,-74.410004,6.44,94.57,1770467838.833966
-4.84472736,3.35588328,7.705127160000001,-84.07,4.55,98.980003,1770467838.841964
-5.249252520000001,3.61918368,7.15458996,-93.870003,-0.49,104.720001,1770467838.849979
-5.42638188,3.82264308,6.9535242,-100.940002,-9.66,111.300003,1770467838.857971
-5.28515712,3.86333496,7.075599840000001,-106.400002,-18.549999,115.779999,1770467838.86596
-5.119995960000001,3.9734424,7.35804936,-112.629997,-29.049999,117.25,1770467838.873992
-4.84233372,4.0261024800000005,7.611775200000001,-117.529999,-36.68,124.110001,1770467838.881958
-4.5981824399999995,4.38993576,7.59023244,-122.849998,-45.150002,126.0,1770467838.889969
-4.22956188,4.31094564,7.413103080000001,-129.289993,-49.349998,131.179993,1770467838.898045
-4.083549840000001,4.53355416,7.0732062,-133.490005,-54.599998,140.139999,1770467838.905965
-4.1409972,4.84472736,6.64713828,-139.860001,-59.43,145.669998,1770467838.91398
-4.31573292,4.751375400000001,6.678255600000001,-148.330002,-64.959999,154.770004,1770467838.921967
-4.3181265600000005,3.9495060000000004,7.3652302800000005,-150.080002,-70.559998,154.630005,1770467838.930004
-3.9925915200000004,2.18299968,8.24369616,-146.160004,-71.260002,162.190002,1770467838.938017
-3.5569490400000006,0.29202408,8.868436200000001,-130.270004,-68.110001,157.220001,1770467838.945962
-2.9800818000000002,-1.8718264800000002,9.459665280000001,-115.010002,-61.32,159.039993,1770467838.954001
-1.9053374400000003,-1.8957628800000002,9.888126840000002,-90.860001,-56.77,159.880005,1770467838.961968
-0.18431028,-6.642351000000001,12.332033280000001,-74.830002,-55.09,189.630005,1770467838.970184
-2.3912463600000002,-9.2394504,13.76103636,-60.619999,-12.46,155.539993,1770467838.978403
-1.0101160800000002,-11.97298728,14.23737072,-26.530001,-2.03,132.089996,1770467838.986401
-1.0962871200000002,-11.242927080000001,14.03151768,8.75,-0.49,122.849998,1770467838.993981
-1.1992136400000002,-9.54344268,14.471947440000001,35.84,-1.47,128.449997,1770467839.001961
-1.08671256,-7.94209752,15.644831040000001,50.189999,-8.33,112.559998,1770467839.009965
-1.0340524800000002,-6.22585764,16.496966880000002,54.529999,-16.309999,115.010002,1770467839.017961
-1.1848518000000001,-4.30137108,16.513722360000003,54.32,-20.58,106.82,1770467839.026034
-1.26623556,-2.5276838400000003,15.72382116,49.209999,-22.26,107.800003,1770467839.034018
-1.20400092,-1.34522568,14.555724840000002,44.310001,-24.92,105.209999,1770467839.041965
-1.08192528,-0.71091108,13.370873040000001,40.389999,-26.879999,102.059998,1770467839.049959
-0.82819944,-0.45239796,12.145329360000002,32.41,-23.030001,108.080002,1770467839.057957
-0.5170262400000001,-0.30399228000000006,10.88866836,34.09,-17.08,108.150002,1770467839.06607
-0.33750324,-0.23936400000000002,9.7899876,36.959999,-7.0,113.889999,1770467839.073976
-0.29202408,0.01436184,8.64343404,45.220001,5.32,114.309998,1770467839.081966
-0.5050580400000001,0.5050580400000001,7.410709440000001,58.66,17.85,121.660004,1770467839.089974
-1.03644612,1.14415992,6.146867520000001,71.540001,28.42,127.050003,1770467839.097953
-1.5391105200000001,2.08007316,5.443137360000001,82.459999,37.099998,130.690002,1770467839.106004
-2.3984272800000004,2.7694414800000002,4.37796756,85.959999,41.509998,132.089996,1770467839.113956
-3.3702451200000003,3.051891,3.6526946400000004,82.32,40.18,133.419998,1770467839.121958
-4.3181265600000005,4.368393,3.1643920800000003,79.099998,34.720001,130.479996,1770467839.129952
-5.02425036,4.8710574,3.56173632,67.550003,25.549999,121.519997,1770467839.137951
-5.76388512,5.40244548,4.15775268,51.799999,15.75,103.459999,1770467839.145956
-5.00749488,6.83144856,4.67238528,42.139999,0.63,106.260002,1770467839.153992
-6.5442117600000005,7.42746492,5.550851160000001,28.559999,-7.91,101.150002,1770467839.161996
-6.783575760000001,7.7769363600000005,6.1157502,9.45,-18.34,89.32,1770467839.170003
-6.81948036,7.84874556,6.24021948,-6.86,-25.76,84.07,1770467839.177951
-6.91283232,7.7984791200000005,5.577181200000001,-22.120001,-34.369999,80.010002,1770467839.185972
-7.05884436,7.53517872,4.634087040000001,-33.040001,-43.119999,68.32,1770467839.194041
-7.06841892,7.0253334,3.8034939600000004,-35.209999,-52.849998,62.790001,1770467839.201981
-6.788363040000001,6.194740320000001,3.3941815200000005,-33.110001,-63.349998,53.060001,1770467839.209952
-6.2952732,5.1104214,3.8034939600000004,-35.630001,-73.080002,46.34,1770467839.217951
-5.579574840000001,4.14339084,4.4641386,-35.700001,-83.019997,42.84,1770467839.225955
-4.906962,3.1452429600000005,5.17744332,-36.330002,-93.029999,38.990002,1770467839.233973
-4.40908488,2.4510873600000003,5.75431056,-44.450001,-98.139999,44.939999,1770467839.242071
-3.74125932,1.9867212,6.3072414,-53.970001,-103.040001,49.0,1770467839.249981
-2.94896448,1.4840568,6.8099058,-60.689999,-103.459999,54.389999,1770467839.257953
-1.9292738400000002,1.2087882,7.908586560000001,-66.779999,-102.690002,58.310001,1770467839.265954
-0.5601117600000001,1.2231500400000002,10.055681640000001,-80.43,-99.330002,64.959999,1770467839.273953
0.74920932,1.3404384000000003,12.94241148,-99.120003,-94.220001,73.779999,1770467839.281953
1.40746032,1.23511824,15.28099776,-122.080002,-81.620003,84.489998,1770467839.290009
2.8915171200000005,0.72527292,15.946429680000001,-143.639999,-63.209999,97.860001,1770467839.297969
3.3271596000000003,-0.11489472,14.024336760000002,-140.279999,-46.900002,118.580002,1770467839.305967
2.79337788,-1.01250972,12.7102284,-122.5,-26.459999,125.440002,1770467839.313956
2.10879684,-1.496025,12.25304316,-97.860001,-4.69,128.940002,1770467839.32196
1.06756344,-1.5175677600000002,12.545067240000002,-75.529999,17.780001,126.279999,1770467839.330009
-0.3710142,-1.12979808,13.112359920000001,-57.959999,32.549999,122.43,1770467839.337969
-1.9268802000000003,-0.4547916,13.48576776,-50.119999,36.400002,112.349998,1770467839.345959
-2.99205,0.58883544,13.72991904,-51.240002,26.950001,107.029999,1770467839.353956
-3.37981968,1.0651698,13.95731484,-53.200001,3.22,95.269997,1770467839.361957
-2.752686,0.51223896,13.744280880000002,-53.41,-28.77,76.300003,1770467839.369977
-1.5606532800000001,-0.42128064000000004,12.58336548,-45.919998,-56.419998,64.400002,1770467839.377948
0.0359046,-1.57501512,11.42484372,-37.66,-72.449997,56.77,1770467839.385959
1.93406112,-2.8484316,10.70435808,-26.110001,-81.339996,57.68,1770467839.393979
3.0734337600000003,-4.86148284,10.58706972,-18.969999,-89.25,45.779999,1770467839.40196
3.66466284,-7.45858224,10.91978568,-13.23,-85.470001,35.209999,1770467839.410077
5.31866808,-8.89955352,11.135213280000002,2.31,-75.25,31.85,1770467839.417996
6.063090120000001,-9.68945472,11.61633492,21.42,-59.43,33.529999,1770467839.425962
6.41974248,-9.64397556,12.320065080000001,35.349998,-34.860001,33.18,1770467839.433945
6.2952732,-9.23705676,12.84905952,46.060001,-3.36,35.139999,1770467839.441957
5.47664832,-8.487847440000001,12.904113240000001,51.52,24.99,42.700001,1770467839.449962
3.88009044,-7.499274120000001,12.40862976,52.639999,41.860001,50.049999,1770467839.457962
2.0585304,-6.29766684,12.19080852,53.970001,48.509998,62.790001,1770467839.466047
0.47394072000000004,-4.56945876,11.81740068,54.740002,45.5,65.309998,1770467839.473988
-1.0603825199999999,-2.7766224000000004,11.434418280000001,50.889999,33.740002,73.360001,1770467839.482009
-2.4032145600000003,-1.0340524800000002,11.17351152,47.740002,17.639999,78.889999,1770467839.489995
-3.59046,0.2513322,10.96047756,41.580002,-4.13,81.690002,1770467839.49798
-4.0572198,1.08192528,10.63015524,37.169998,-25.48,87.43,1770467839.506089
-4.2846156,1.08671256,10.290258360000001,30.030001,-48.299999,81.480003,1770467839.51398
-3.77716392,0.98378604,10.520047800000002,25.76,-66.360001,78.68,1770467839.521964
-2.96332632,0.6941556000000001,10.216055520000001,25.27,-80.010002,74.339996,1770467839.52995
-2.05134948,0.30159864000000003,9.727752960000002,23.1,-89.389999,68.32,1770467839.537977
-1.08431892,-0.11250108000000002,9.14131116,28.139999,-95.620003,62.16,1770467839.545958
-0.09095832000000001,-0.42128064000000004,8.75593512,32.549999,-99.889999,60.34,1770467839.554063
0.7922948400000001,-0.70851744,8.58838032,36.330002,-102.339996,55.720001,1770467839.561961
1.6994844000000002,-0.96703056,8.49981564,44.099998,-104.650002,52.150002,1770467839.569959
2.49896016,-1.0795316400000001,8.42321916,48.790001,-104.440002,47.32,1770467839.577959
3.1452429600000005,-0.84734856,8.44715556,55.580002,-102.690002,43.330002,1770467839.585969
3.86812224,-0.6558573600000001,8.38013364,57.330002,-100.870003,31.15,1770467839.593978
4.385148480000001,-0.45718524,8.358590880000001,58.869999,-94.919998,24.290001,1770467839.601965
4.6915344,-0.6462827999999999,8.38731456,64.330002,-88.339996,16.59,1770467839.609968
4.837546440000001,-0.80665668,8.12401416,63.77,-75.32,6.72,1770467839.618015
5.71601232,-0.21782124000000003,8.08810956,70.769997,-69.089996,8.61,1770467839.62596
5.9601636000000005,-0.04308552,8.179067880000002,77.0,-54.459999,8.26,1770467839.633959
5.9841,0.11968200000000001,8.22933432,78.75,-32.130001,13.3,1770467839.641963
5.6585649600000005,0.8617104000000001,7.75778724,80.989998,-10.36,21.629999,1770467839.650003
5.29951896,2.1806060400000002,7.4920932,83.650002,11.34,38.709999,1770467839.657965
4.15057176,3.60721548,7.164164520000001,85.82,33.529999,48.439999,1770467839.665983
3.26492496,5.38808364,6.881715000000001,81.550003,48.23,56.279999,1770467839.673959
2.4247573200000003,5.553244800000001,6.43171068,72.169998,56.84,66.849998,1770467839.681973
1.4673013200000002,6.278517720000001,5.567606640000001,64.120003,62.509998,76.300003,1770467839.690249
0.71330472,6.654319200000001,5.00749488,45.779999,64.190002,83.720001,1770467839.697963
0.20585304000000001,7.003790640000001,4.66999164,37.52,70.209999,99.260002,1770467839.705966
-0.10532016000000001,6.62559552,4.58621424,20.02,69.440002,101.220001,1770467839.714065
-0.21542760000000002,6.11814384,4.7394072000000005,7.56,72.660004,107.029999,1770467839.721992
-0.08856468,5.627447640000001,5.39047728,2.87,79.940002,106.470001,1770467839.729961
0.052660080000000005,5.10563412,6.558573600000001,-7.21,91.629997,112.629997,1770467839.737964
-0.0119682,4.8686637600000005,7.5279978,-17.85,103.529999,116.620003,1770467839.745995
-0.27287496,4.49525592,8.31311172,-34.860001,110.599998,122.220001,1770467839.754076
-0.7922948400000001,4.2367428,9.035991000000001,-44.52,108.5,129.149994,1770467839.761993
-1.1728836,4.14578448,9.99584064,-49.560001,97.790001,129.5,1770467839.769957
-1.48884408,3.64312008,11.4176628,-52.009998,80.849998,136.570007,1770467839.77796
-2.1447014400000004,2.56837572,12.913687800000002,-45.779999,64.330002,139.929993,1770467839.785989
-2.92981536,1.8790073999999999,13.727525400000001,-37.869999,50.959999,139.369995,1770467839.793983
-3.93035688,1.4696949600000002,13.959708480000002,-30.030001,40.669998,143.289993,1770467839.801965
-4.6747789200000005,2.0345940000000002,13.8472074,-24.57,32.619999,141.610001,1770467839.809988
-5.28755076,2.7718351200000004,13.22725464,-23.799999,21.84,139.160004,1770467839.81796
-5.90750352,3.1476366,12.83230404,-24.08,10.64,128.940002,1770467839.82596
-5.73037416,3.1284874800000004,12.8418786,-21.91,0.42,114.449997,1770467839.833962
-5.1606878400000005,3.2721058800000002,12.717409320000002,-20.09,-9.38,104.93,1770467839.841963
-4.6915344,3.35588328,12.174053040000002,-23.379999,-15.75,101.57,1770467839.849986
-4.1170608,3.2433822000000005,11.17590516,-27.65,-19.389999,100.309998,1770467839.857965
-3.4995016800000003,2.8723680000000003,9.99823428,-34.23,-18.48,98.07,1770467839.865962
-2.98486908,2.2380534,8.82295704,-39.759998,-21.700001,102.690002,1770467839.873959
-2.2404470400000003,1.5175677600000002,8.72003052,-45.779999,-29.26,97.580002,1770467839.881958
-1.06756344,0.45718524,9.9096696,-43.470001,-43.259998,86.940002,1770467839.890024
0.1555866,-0.26569404,10.7953164,-36.049999,-52.639999,76.720001,1770467839.897978
1.35480024,-1.13937264,11.137606920000001,-27.02,-57.889999,72.239998,1770467839.905964
3.07104012,-3.1835412,11.89160352,-19.459999,-60.200001,69.650002,1770467839.914008
3.5976409200000004,-5.00031396,12.573790920000002,-17.57,-60.900002,53.130001,1770467839.922023
4.65084252,-6.278517720000001,12.4948008,-1.33,-46.689999,49.700001,1770467839.929966
4.92132384,-6.96309876,12.59533368,14.63,-28.209999,50.119999,1770467839.937964
5.055367680000001,-7.195281840000001,12.64081284,30.66,-8.82,49.77,1770467839.945967
4.9237174800000005,-7.01097156,12.5307054,39.689999,10.29,52.779999,1770467839.954426
4.68435348,-6.4269234,12.17644668,49.209999,22.75,56.07,1770467839.961997
4.15775268,-5.445531000000001,11.494259280000001,60.34,33.110001,60.48,1770467839.969989
3.4300861200000003,-3.96626148,10.62536796,65.940002,34.650002,66.290001,1770467839.978052
2.6210358,-1.96517844,9.67748652,70.769997,29.190001,65.379997,1770467839.986767
2.06571132,-0.25372584000000004,9.27056772,73.779999,22.889999,65.870003,1770467839.993985
1.52953596,0.9119768400000001,9.13652388,71.400002,17.01,61.810001,1770467840.001972
1.2901719600000001,2.36012904,9.12934296,68.389999,8.89,48.790001,1770467840.010066
1.19442636,2.94896448,9.256205880000001,59.990002,4.13,38.709999,1770467840.017958
1.0292652,3.0997638,9.4668462,57.540001,3.78,25.200001,1770467840.02599
1.9268802000000003,4.480894080000001,9.10540656,63.77,3.85,38.360001,1770467840.033963
1.18006452,4.6747789200000005,9.581740920000001,48.860001,-3.64,33.25,1770467840.041972
1.17767088,4.81600368,9.816317640000001,42.0,-6.02,34.650002,1770467840.049965
1.0891062,4.48328772,9.8977014,33.110001,-6.79,28.49,1770467840.057983
1.08192528,3.5928536400000004,9.907275960000002,26.530001,-5.11,23.52,1770467840.065961
0.86649768,2.6617276800000003,9.7181784,22.889999,-0.49,23.52,1770467840.07396
0.7228792800000001,2.1710314800000003,9.31844052,19.32,3.85,21.07,1770467840.082014
0.5625054,1.5606532800000001,8.904340800000002,23.1,4.9,20.51,1770467840.090139
0.299205,1.3739493600000001,8.39449548,25.9,3.22,18.27,1770467840.097963
0.06941556,1.1489472,8.21497248,29.540001,0.07,15.12,1770467840.105951
0.05026644,1.2207564,8.248483440000001,33.529999,-5.53,10.5,1770467840.113969
0.05744736,1.4696949600000002,8.01390672,35.0,-10.71,12.18,1770467840.121957
0.08377740000000002,1.5391105200000001,7.985183040000001,40.880001,-17.780001,9.73,1770467840.129968
0.28005588000000003,1.48884408,7.93012932,43.119999,-23.24,12.18,1770467840.138016
0.52420716,1.7712936000000001,7.86789468,50.540001,-23.17,15.19,1770467840.145951
0.63670824,2.4798110400000004,7.76975544,57.330002,-22.889999,18.620001,1770467840.153953
0.71569836,3.37263876,7.803266400000001,65.099998,-22.120001,19.110001,1770467840.161989
0.7970821200000001,4.27025376,8.08571592,67.620003,-24.15,21.84,1770467840.169959
0.9335196,4.99792032,8.5931676,64.330002,-25.76,22.190001,1770467840.177931
1.2327246,5.4096264000000005,8.92588356,54.32,-27.02,26.879999,1770467840.186008
1.6420370400000002,5.361753600000001,9.07668288,43.189999,-27.02,25.9,1770467840.193974
2.08486044,5.06494224,8.96657544,30.799999,-24.92,30.030001,1770467840.20196
2.4295446,4.86627012,8.624284920000001,24.57,-21.209999,29.120001,1770467840.209985
2.67130224,4.80164184,8.24369616,15.54,-11.9,35.91,1770467840.217949
2.83406976,4.7633436,7.93970388,10.92,-1.26,41.93,1770467840.226009
2.8675807200000003,4.480894080000001,7.899012000000001,-0.91,9.52,42.0,1770467840.233959
2.88194256,3.769983,8.08332228,-12.53,25.9,49.700001,1770467840.241955
2.54204568,2.8795489200000004,8.667370440000001,-15.54,43.82,56.209999,1770467840.249954
2.10879684,1.4242158,9.699029280000001,-17.01,64.400002,65.029999,1770467840.257953
1.35480024,-0.07899012000000001,10.87670016,-7.49,80.639999,67.199997,1770467840.265955
0.18431028,-0.7922948400000001,11.69532504,-4.13,94.43,76.650002,1770467840.274004
-1.4601204,-0.5864418,12.1237866,-3.99,99.959999,81.480003,1770467840.281945
-3.1213065600000003,-0.02154276,12.276979560000001,-7.56,96.18,86.589996,1770467840.289978
-4.480894080000001,0.7731457199999999,12.320065080000001,-10.36,78.68,94.57,1770467840.297964
-5.660958600000001,1.32607656,12.59294004,-9.8,50.189999,99.75,1770467840.305957
-7.089961680000001,1.5199614000000001,13.06209348,-13.23,17.219999,89.879997,1770467840.3141
-7.42267764,1.5127804800000002,13.19853096,-15.75,-16.52,75.529999,1770467840.321958
-6.484370760000001,1.9508166000000002,13.284702000000001,-13.09,-53.689999,63.419998,1770467840.329961
-4.964409359999999,2.453481,13.24640376,-18.200001,-80.989998,52.849998,1770467840.337957
-3.1213065600000003,2.9274217200000003,12.975922440000002,-21.07,-96.739998,45.639999,1770467840.346034
-1.33804476,3.1165192800000003,12.741345720000002,-28.0,-103.32,34.650002,1770467840.353985
0.21303396,3.17875392,12.367937880000001,-35.84,-101.919998,25.129999,1770467840.361967
1.5726214800000002,2.6138548800000003,12.02086008,-42.419998,-91.419998,16.450001,1770467840.369965
3.2314140000000005,2.71917504,11.130426000000002,-44.73,-85.260002,10.85,1770467840.377996
4.547916000000001,3.03274188,10.77138,-42.209999,-80.57,22.33,1770467840.386071
5.08887864,2.56837572,10.07004348,-45.990002,-71.120003,29.610001,1770467840.394019
5.52452112,2.2189042800000003,9.095832000000001,-47.529999,-58.240002,35.560001,1770467840.401968
5.49819108,2.3433735600000003,7.97560848,-43.119999,-42.700001,38.360001,1770467840.40996
5.421594600000001,2.4893856,6.783575760000001,-39.689999,-29.26,44.939999,1770467840.418024
5.25643344,2.7694414800000002,5.952982680000001,-36.68,-13.58,51.59,1770467840.425974
5.06733588,2.96571996,5.65377768,-32.619999,3.78,53.619999,1770467840.433962
4.9548348,3.06625284,5.47425468,-30.1,25.059999,63.84,1770467840.441955
4.75855632,2.90109168,5.17504968,-23.66,43.959999,68.32,1770467840.449949
4.35403116,2.9561454,4.87584468,-20.58,59.990002,79.870003,1770467840.457943
3.9207823200000003,2.78619696,4.966803,-8.82,69.720001,87.150002,1770467840.465994
3.61918368,2.2619898000000003,5.42398824,-0.56,74.059998,87.919998,1770467840.474006
3.3391278000000004,1.6755480000000003,5.967344520000001,9.66,73.989998,84.559998,1770467840.481967
3.10933836,1.27341648,6.400593360000001,22.889999,72.660004,79.660004,1770467840.49002
3.0758274,0.9766051200000001,6.872140440000001,29.959999,71.190002,68.599998,1770467840.497974
3.28168044,0.49787712,7.247941920000001,35.560001,71.190002,55.09,1770467840.505962
3.60721548,-0.13643748,7.403528520000001,39.689999,71.540001,47.040001,1770467840.513967
3.87290952,-0.6702192000000001,7.58065788,41.790001,73.150002,42.98,1770467840.522013
4.14339084,-1.1585217600000002,8.04741768,49.0,76.089996,38.220001,1770467840.529946
4.289402880000001,-1.63724976,9.196364879999999,50.959999,83.650002,31.92,1770467840.537946
4.51919232,-1.88858196,10.95329664,56.0,97.089996,30.030001,1770467840.54606
4.44738312,-2.19496788,12.569003640000002,62.650002,112.489998,22.540001,1770467840.553958
4.016527920000001,-2.45826828,13.727525400000001,65.309998,126.279999,19.6,1770467840.561973
3.11891292,-2.4893856,14.287637160000001,74.760002,137.970001,18.059999,1770467840.569965
1.8502837200000002,-2.0226258,14.31875448,82.669998,149.589996,18.27,1770467840.577979
0.29202408,-0.89043408,13.978857600000001,87.5,159.179993,19.040001,1770467840.586036
-1.19203272,0.6031972800000001,13.88550564,82.110001,162.75,17.709999,1770467840.594012
-2.87715528,2.5181092800000004,13.74188724,68.949997,167.509995,25.129999,1770467840.601973
-4.15057176,4.51440504,13.83045192,44.240002,161.279999,25.34,1770467840.609986
-5.155900560000001,6.23782584,14.02912404,17.780001,150.639999,32.549999,1770467840.617964
-5.93143992,7.14740904,14.35705272,-7.77,134.399994,37.59,1770467840.626023
-6.546605400000001,7.367623920000001,14.5652994,-30.59,113.82,42.77,1770467840.63396
-6.958311480000001,7.2527292,14.3498718,-46.759998,88.410004,45.639999,1770467840.641955
-7.1091108,6.64953192,13.727525400000001,-57.189999,62.509998,47.110001,1770467840.649955
-6.982247880000001,5.833300680000001,12.59533368,-62.02,36.75,48.23,1770467840.657998
-6.57532908,5.0505804,10.97723304,-60.970001,14.07,44.029999,1770467840.66601
-6.00324912,4.6197252,9.20833308,-55.369999,-8.68,36.330002,1770467840.673966
-5.23489068,4.22716824,7.714701720000001,-48.860001,-27.370001,28.209999,1770467840.681961
-4.38993576,3.9447187200000005,6.53224356,-36.470001,-39.549999,25.129999,1770467840.689999
-3.5928536400000004,3.66466284,5.857237080000001,-27.65,-46.970001,22.82,1770467840.697975
-2.88194256,3.51625716,5.34260448,-16.66,-50.330002,21.280001,1770467840.705961
-2.4463000800000003,3.4468416000000004,4.727439,-12.46,-49.630001,24.92,1770467840.713958
-2.15666964,3.50428896,3.89205864,-5.81,-49.349998,23.1,1770467840.721955
-1.9292738400000002,3.61200276,3.0135927600000003,-1.54,-54.25,29.049999,1770467840.730097
-1.7880490800000002,3.59046,2.3481608400000002,-0.35,-61.25,28.35,1770467840.737952
-1.59895152,3.59046,1.7904427200000002,3.78,-68.459999,30.17,1770467840.745943
-1.3667684400000002,3.5784918,1.4242158,6.16,-77.0,29.469999,1770467840.753975
-1.0891062,3.7005674400000004,1.17527724,7.77,-85.190002,29.33,1770467840.761969
-0.6127718400000001,3.6742374,1.3284702000000002,15.19,-92.260002,26.040001,1770467840.769962
0.07899012000000001,3.26253132,2.16863784,20.370001,-91.419998,25.76,1770467840.77798
0.6869746800000001,2.7335368800000004,3.470778,22.889999,-87.010002,24.92,1770467840.785951
1.16330904,2.39364,5.37850908,18.969999,-80.080002,23.940001,1770467840.794004
1.24948008,2.17581876,7.496880480000001,10.99,-69.650002,26.67,1770467840.80199
0.897615,1.9986894000000002,9.8258922,9.31,-54.529999,22.75,1770467840.810078
0.22500216000000003,1.6037388,12.1955958,4.34,-33.599998,13.86,1770467840.817953
-0.50984532,0.9383068800000001,13.942953000000001,6.23,-13.79,2.31,1770467840.825996
-0.8617104000000001,0.9095832,16.03978164,0.35,-4.55,-11.13,1770467840.833977
-0.87607224,1.5319296,18.67996656,-10.43,-4.83,-15.61,1770467840.842039
-0.14122476,1.20400092,20.18556612,-23.1,-20.23,-12.39,1770467840.849957
-0.05026644,-0.13883112,20.42253648,-34.650002,-42.209999,-2.31,1770467840.857972
0.34707780000000005,-1.3093210800000001,21.13105392,-35.419998,-55.02,3.64,1770467840.865957
1.06995708,-2.44390644,21.57148368,-36.68,-62.439999,6.58,1770467840.87396
1.8024109200000002,-2.31225624,20.65471956,-39.970001,-66.849998,8.4,1770467840.881959
2.45826828,-1.9268802000000003,18.57704004,-41.650002,-71.68,11.2,1770467840.889954
3.0159864,-1.11782988,16.537658760000003,-43.540001,-71.540001,11.62,1770467840.898092
3.50428896,-0.29441772,14.56051212,-40.110001,-66.709999,14.91,1770467840.905964
3.82743036,0.19867212,12.676717440000001,-39.759998,-60.130001,14.07,1770467840.913994
4.20562548,0.67261284,10.737869040000001,-39.970001,-51.799999,12.53,1770467840.921965
4.74898176,1.96996572,8.992905480000001,-28.35,-44.310001,26.25,1770467840.929959
4.57424604,2.7885906000000005,7.599807000000001,-20.860001,-33.810001,34.23,1770467840.937975
4.45695768,3.32237232,6.42452976,-20.09,-20.370001,38.360001,1770467840.945958
4.385148480000001,3.7340784,5.464680120000001,-18.690001,-6.37,40.599998,1770467840.953958
4.19605092,3.7340784,4.385148480000001,-17.57,8.12,46.689999,1770467840.961944
3.88487772,3.4348734000000003,3.3702451200000003,-9.1,20.299999,46.830002,1770467840.970127
3.2481694800000005,2.9154535200000002,2.17342512,0.77,38.5,53.970001,1770467840.981163
2.8867298400000005,2.84603796,1.73778264,8.54,47.950001,52.57,1770467840.986258
2.2955007600000004,2.6856640800000005,1.2063945600000001,17.360001,62.720001,53.619999,1770467840.994001
1.75453812,2.53486476,0.96224328,24.43,77.769997,52.150002,1770467841.002022
1.37873664,2.2141170000000003,0.8497422000000001,29.33,87.849998,47.669998,1770467841.009969
1.17527724,1.98432756,0.83538036,31.43,94.639999,42.07,1770467841.017958
1.02208428,1.8981565200000001,1.03165884,35.209999,99.330002,35.07,1770467841.026005
0.9215514,1.7114526,2.0130512400000002,35.560001,101.639999,33.740002,1770467841.034055
1.15134084,1.3907048400000002,4.16014632,34.860001,101.290001,30.73,1770467841.041957
1.60134516,0.9766051200000001,7.561508760000001,30.66,102.059998,21.84,1770467841.049962
1.75693176,0.96224328,11.534951160000002,21.559999,108.639999,14.35,1770467841.057955
1.7832618,0.7420284,14.780727,15.89,121.940002,5.11,1770467841.065963
1.9627848,-0.67740012,16.875162,5.53,131.179993,-5.18,1770467841.073983
2.37449088,-2.9417835599999997,18.1078866,-3.15,124.879997,3.78,1770467841.081987
1.6204942800000002,-4.71068352,19.37172852,-5.81,110.529999,19.110001,1770467841.089959
-0.13643748,-4.73461992,20.159236080000003,0.35,114.169998,34.790001,1770467841.098022
-1.17527724,-4.88781288,19.99168128,11.2,115.290001,47.459999,1770467841.105965
-3.4588098,-6.00085548,19.27358928,0.42,122.290001,22.75,1770467841.113953
-3.9207823200000003,-5.033824920000001,17.80628796,-2.03,117.18,17.15,1770467841.121953
-4.68195984,-3.67902468,16.97330124,0.77,115.5,6.79,1770467841.129981
-5.38569,-1.92448656,16.36771032,0.56,111.160004,11.55,1770467841.137947
-5.87159892,-0.0119682,15.64004376,-0.35,103.529999,0.84,1770467841.146056
-5.95776996,1.6851225600000002,14.598810360000002,-11.34,89.389999,-7.7,1770467841.154016
-5.79021516,2.99923092,13.22964828,-22.33,73.080002,-7.35,1770467841.162126
-5.4838292399999995,3.5808854400000003,11.654633160000001,-30.309999,57.68,-15.96,1770467841.169982
-5.1223896,3.5760981600000004,9.89291412,-38.360001,38.009998,-17.219999,1770467841.177953
-4.7154708,3.30801048,8.18146152,-34.580002,16.1,-22.82,1770467841.185955
-4.17211452,2.92981536,6.800331240000001,-30.73,-5.46,-32.130001,1770467841.19398
-3.5066826,2.59231212,5.675320440000001,-21.91,-22.889999,-35.07,1770467841.201964
-2.81013336,2.20932972,4.76813088,-8.33,-39.34,-38.639999,1770467841.209972
-2.44390644,2.2978944,3.7915257600000003,2.66,-50.68,-40.32,1770467841.218018
-2.07289224,2.1207650399999998,3.00641184,11.2,-59.43,-45.849998,1770467841.22596
-1.83831552,2.14709508,2.39364,18.41,-66.779999,-51.869999,1770467841.233951
-0.45957888,3.1643920800000003,1.62528156,30.030001,-67.760002,-32.060001,1770467841.241951
-0.24415128000000003,3.62157732,1.40506668,39.130001,-76.860001,-18.129999,1770467841.24995
-0.038298240000000004,4.16972088,1.10825532,41.650002,-82.32,-1.4,1770467841.257948
0.21064032000000002,4.47131952,0.96703056,38.639999,-88.760002,9.31,1770467841.265997
0.49548348,4.643661600000001,0.9359132400000001,37.099998,-91.139999,19.459999,1770467841.273953
0.7611775199999999,4.62929976,1.1130426000000002,35.279999,-84.699997,25.969999,1770467841.281941
0.9598496400000001,4.70589624,1.7306017200000001,33.040001,-71.68,30.030001,1770467841.289955
1.18963908,4.964409359999999,3.0423164400000005,30.24,-46.900002,29.959999,1770467841.298097
1.46251404,5.356966320000001,5.266008000000001,24.85,-15.33,27.65,1770467841.30596
1.6970907600000003,5.83808796,8.41125096,20.23,20.790001,22.959999,1770467841.313959
1.38352392,6.075058320000001,11.697718680000001,10.99,57.540001,16.030001,1770467841.321958
0.44521704,5.7758533199999995,14.1464124,7.91,92.400002,8.47,1770467841.32996
-1.40746032,5.129570520000001,16.62622344,-3.99,122.709999,2.87,1770467841.337957
-4.47371316,3.67902468,18.59379552,-12.67,149.940002,-6.86,1770467841.346035
-5.979312720000001,1.59895152,20.144874240000004,-21.98,158.410004,-12.53,1770467841.353956
-6.93198144,-0.59841,22.440375000000003,-23.1,142.169998,-4.76,1770467841.362001
-8.90673444,-3.49232076,23.7688452,-15.19,119.629997,10.29,1770467841.369955
-10.898242920000001,-6.63517008,23.41458648,-25.76,77.209999,-14.84,1770467841.377969
-10.740262679999999,-7.1928882000000005,21.22919316,-25.549999,20.299999,-14.49,1770467841.386064
-10.007808840000001,-6.991822440000001,18.48129444,-36.68,-39.130001,-19.459999,1770467841.394071
-8.542901160000001,-6.30006048,16.0254198,-45.919998,-87.220001,-15.54,1770467841.401965
-6.3168159600000005,-5.11520868,14.09135868,-51.450001,-122.57,-19.040001,1770467841.410044
-3.88727136,-3.9088141199999997,12.676717440000001,-55.580002,-143.990005,-17.15,1770467841.417983
-1.5582596400000002,-2.6210358,11.357821800000002,-55.09,-156.169998,-13.16,1770467841.426043
0.13643748,-1.32128928,9.8977014,-54.880001,-162.119995,-5.88,1770467841.433981
1.0891062,0.13883112,8.3538036,-53.900002,-158.410004,-0.14,1770467841.441958
1.7497508400000001,0.8114439600000001,6.785969400000001,-53.130001,-152.389999,-4.69,1770467841.449955
2.19496788,1.9029438000000003,4.964409359999999,-49.91,-150.639999,-11.41,1770467841.458025
3.9136014000000006,4.5670651200000005,2.82688884,-23.24,-157.850006,23.17,1770467841.465958
3.1835412,3.76758936,1.8071982,-7.07,-149.100006,39.130001,1770467841.473944
3.0901892400000004,3.7987066800000004,0.5792608800000001,7.0,-134.610001,58.240002,1770467841.481959
3.0255609600000004,3.6479073600000005,-0.1555866,23.1,-119.0,60.200001,1770467841.489972
2.9824754400000004,3.41572428,-0.54096264,36.189999,-96.879997,60.830002,1770467841.497998
2.8603998,3.3391278000000004,-0.5601117600000001,51.869999,-70.0,61.459999,1770467841.505974
2.75747328,3.40614972,-0.27766224,58.380001,-40.110001,53.200001,1770467841.513964
2.72396232,3.4396606800000002,0.32314139999999997,54.669998,-10.36,47.529999,1770467841.521972
2.76704784,3.52822536,1.2805974,48.299999,18.9,39.549999,1770467841.529951
2.8915171200000005,3.6479073600000005,2.64257856,40.810001,49.209999,35.560001,1770467841.537944
3.26971224,3.4851398400000004,4.634087040000001,35.77,77.209999,32.830002,1770467841.545969
3.6909928800000005,2.9417835599999997,7.26709104,28.559999,101.849998,29.540001,1770467841.554001
3.60721548,2.00587032,9.8378604,18.41,124.040001,18.48,1770467841.562121
3.1356684,0.7468156800000001,11.932295400000001,11.13,140.419998,2.1,1770467841.569971
2.3098626,-0.24654492000000003,13.660503480000001,5.25,158.270004,-7.56,1770467841.57796
1.5175677600000002,-1.58698332,15.90095052,8.47,169.610001,-10.78,1770467841.585964
0.69894288,-2.5611948,20.0108304,2.52,172.690002,-9.8,1770467841.593993
-1.38352392,-3.2242330800000003,24.415128,1.68,179.830002,-3.78,1770467841.60201
-2.92502808,-4.658023440000001,26.37551916,10.08,171.149994,9.94,1770467841.609972
-5.158294199999999,-5.6035112400000004,26.11939968,9.31,150.5,31.290001,1770467841.61796
-7.90379928,-6.41734884,23.309266320000003,-19.040001,121.519997,6.72,1770467841.626036
-8.497422,-5.64659676,19.860031080000002,-35.490002,83.720001,4.48,1770467841.634003
-8.736786,-4.50722412,16.552020600000002,-47.880001,46.41,-2.31,1770467841.64196
-8.24369616,-3.5665236,14.096145960000001,-50.75,17.43,-5.88,1770467841.649964
-7.32932568,-2.49177924,12.49958808,-54.32,0.63,-6.09,1770467841.657987
-6.340752360000001,-1.2638419200000002,11.3817582,-52.009998,-10.99,-12.04,1770467841.66651
-5.2253161200000005,-0.30638592000000003,10.316588399999999,-52.779999,-15.54,-17.57,1770467841.673959
-4.44498948,0.67979376,9.12934296,-53.200001,-21.209999,-21.49,1770467841.681959
-3.77237664,1.57501512,7.812840960000001,-46.41,-28.77,-27.440001,1770467841.689967
-3.2242330800000003,2.3098626,6.460434360000001,-43.470001,-35.98,-30.799999,1770467841.697988
-2.73832416,2.52050292,5.19898608,-31.57,-44.52,-31.219999,1770467841.705963
-2.2452343200000002,2.6856640800000005,4.09073076,-20.58,-52.43,-35.209999,1770467841.713967
-1.8359218800000001,2.7718351200000004,3.1955093999999997,-12.11,-60.200001,-35.139999,1770467841.721961
-1.80959184,2.5276838400000003,2.5659820800000004,-1.54,-65.239998,-41.650002,1770467841.730053
-1.6659734400000001,2.85800616,1.90773108,6.3,-68.32,-49.77,1770467841.737958
-0.6702192000000001,4.42344672,1.00054152,23.52,-67.760002,-33.25,1770467841.746008
-0.51223896,4.99792032,0.8880404399999999,34.790001,-76.230003,-11.97,1770467841.753972
-0.22260852,5.567606640000001,0.8497422000000001,36.119999,-83.510002,1.75,1770467841.76197
0.18909756000000003,5.92186536,0.9598496400000001,39.34,-89.110001,12.88,1770467841.770109
0.61755912,6.156442080000001,1.1848518000000001,39.759998,-88.199997,24.99,1770467841.777958
1.11782988,6.364688760000001,1.43857764,49.419998,-82.669998,34.650002,1770467841.786002
1.5821960400000001,6.2474004,1.9986894000000002,56.0,-69.300003,43.75,1770467841.793964
1.68272892,6.072664680000001,2.9944436400000005,61.389999,-45.080002,50.470001,1770467841.801974
1.6994844000000002,5.99846184,4.51440504,61.529999,-15.82,49.419998,1770467841.81003
1.6875162000000001,6.1444738800000005,6.52506264,51.310001,18.41,44.73,1770467841.817972
1.42900308,6.268943160000001,8.91391536,41.650002,55.16,33.880001,1770467841.825981
0.42606792,5.9122908,10.79292276,34.23,88.199997,30.309999,1770467841.833953
-1.32607656,4.950047520000001,12.6743238,31.08,115.43,16.030001,1770467841.841956
-3.72929112,4.0261024800000005,15.553872720000001,28.42,135.869995,5.81,1770467841.85005
-6.3503269200000005,2.5372584,19.089279,12.81,146.929993,-11.69,1770467841.857983
-6.9870351600000005,0.81623124,22.043030760000004,-4.48,130.759995,-8.19,1770467841.865943
-10.079618040000001,-2.6689086000000004,25.2648702,-21.559999,101.849998,2.8,1770467841.873969
-12.597727320000002,-8.382527280000001,26.093069640000003,-38.990002,73.849998,-11.27,1770467841.881992
-12.6144828,-10.505685960000001,24.2236368,-37.240002,22.190001,-6.23,1770467841.889971
-12.05676468,-10.84797648,21.475738080000003,-44.310001,-41.790001,-15.96,1770467841.89826
-10.522441440000001,-9.10540656,18.53156088,-49.84,-94.709999,-13.44,1770467841.906006
-8.095290480000001,-7.061238,16.4203704,-54.740002,-136.990005,-15.82,1770467841.913968
-5.08409136,-5.043399480000001,14.515032960000001,-61.669998,-166.529999,-19.67,1770467841.921983
-2.2835325600000003,-3.22662672,12.39187428,-64.190002,-186.619995,-9.8,1770467841.929961
0.0047872800000000005,-1.7880490800000002,10.36685484,-59.360001,-196.419998,-3.71,1770467841.937958
1.47687588,-0.36622692,8.437581,-45.150002,-197.75,9.59,1770467841.946024
1.8981565200000001,0.07659648000000001,7.066025280000001,-34.580002,-187.320007,13.51,1770467841.95399
2.9752945200000003,1.94363568,5.1702623999999995,-21.559999,-182.839996,5.32,1770467841.961966
5.39526456,4.5886078800000005,3.2792868000000004,2.66,-182.210007,6.37,1770467841.97003
4.1888700000000005,4.03567704,2.7407178,31.57,-165.759995,33.950001,1770467841.978442
4.1673272400000005,4.01174064,1.9388484000000001,48.720001,-144.059998,40.599998,1770467841.986155
3.9854106000000002,4.31573292,0.8832531600000001,57.259998,-120.120003,45.779999,1770467841.994115
3.7268974800000003,4.73222628,-0.06702192000000001,61.880001,-91.349998,47.110001,1770467842.00203
3.3439150800000004,5.0098885200000005,-0.78272028,65.519997,-58.450001,46.900002,1770467842.009988
2.92981536,5.11520868,-1.18963908,58.66,-23.870001,46.689999,1770467842.018012
2.77901604,4.926111120000001,-1.3643748000000002,51.099998,5.6,44.52,1770467842.025958
2.7646542000000003,4.61254428,-1.2063945600000001,42.209999,33.669998,37.450001,1770467842.033938
2.79098424,4.397116680000001,-0.43324884,28.91,57.400002,32.060001,1770467842.041964
3.04710372,4.12184808,1.38113028,23.870001,77.0,27.16,1770467842.049957
3.74125932,3.5018953200000005,4.44259584,17.08,91.419998,25.549999,1770467842.058005
4.33727568,2.40082092,8.2700262,14.56,104.650002,18.27,1770467842.066066
4.19844456,1.11543624,12.40623612,10.99,124.599998,10.43,1770467842.073968
3.71732292,-0.7468156800000001,15.6903102,9.52,152.949997,4.76,1770467842.081962
3.9973788000000003,-3.3630642,17.57410488,8.12,156.380005,9.38,1770467842.089955
3.30561684,-5.39526456,20.085033239999998,1.54,138.949997,24.780001,1770467842.097963
0.6079845600000001,-5.1702623999999995,22.380534,14.0,132.160004,43.540001,1770467842.106077
-1.39549212,-5.94580176,24.02257104,23.66,126.839996,52.360001,1770467842.113966
-4.47850044,-7.76975544,24.25475412,8.33,138.179993,25.549999,1770467842.121958
-5.53648932,-7.0851744000000005,21.995157960000004,11.41,130.830002,24.290001,1770467842.129955
-6.85538496,-5.50297836,19.4363568,8.68,120.470001,11.2,1770467842.137951
-7.76257452,-3.6718437600000002,17.00441856,11.41,105.980003,6.93,1770467842.145956
-7.920554760000001,-1.6204942800000002,14.86929168,10.22,89.110001,-4.06,1770467842.154034
-7.370017560000001,0.24654492000000003,13.50252324,0.56,66.080002,-7.14,1770467842.161988
-6.498732600000001,1.75214448,12.45650256,-8.19,41.439999,-10.5,1770467842.169983
-5.5700002799999995,2.692845,11.31952356,-20.299999,23.24,-13.3,1770467842.177955
-4.8231846,3.1260938400000002,10.084405320000002,-26.459999,4.69,-12.95,1770467842.185994
-4.02370884,3.27689316,8.92109628,-30.309999,-13.58,-16.870001,1770467842.19404
-3.3391278000000004,2.9369962800000002,7.72906356,-31.57,-29.68,-16.66,1770467842.20198
-2.99923092,3.1691793600000002,6.32160324,-20.440001,-46.34,-21.35,1770467842.209957
-2.5755566400000003,2.73832416,5.17983696,-12.46,-61.32,-28.98,1770467842.217958
-2.25241524,2.42236368,4.08594348,1.33,-74.480003,-34.299999,1770467842.226035
-1.03165884,3.27689316,2.7598669200000003,20.440001,-86.449997,-22.049999,1770467842.23398
-0.7348474800000001,3.81306852,2.10400956,31.43,-100.239998,-6.23,1770467842.241955
-0.57207996,4.07636892,1.53432324,39.759998,-110.459999,-0.7,1770467842.249953
-0.3111732,4.50243684,0.9215514,38.639999,-114.660004,6.79,1770467842.257981
0.14122476,5.206167,0.34468416,37.310001,-116.410004,13.86,1770467842.265959
0.7611775199999999,5.92665264,0.0478728,39.689999,-112.839996,19.040001,1770467842.274022
1.3404384000000003,6.31202868,0.11489472,43.75,-105.419998,26.879999,1770467842.281971
1.8502837200000002,6.73570296,0.40452516000000005,45.990002,-92.889999,29.82,1770467842.289956
2.33858628,7.2168246,0.9407005200000002,44.240002,-73.43,33.529999,1770467842.297951
2.9944436400000005,7.595019720000001,2.2260852000000004,35.98,-46.900002,32.41,1770467842.306099
3.5425872000000003,7.4322522,4.25828556,23.799999,-14.42,26.110001,1770467842.313983
3.87051588,6.9224068800000005,6.881715000000001,1.68,24.780001,28.700001,1770467842.321976
3.5545554,5.876386200000001,9.44051616,-20.09,62.509998,21.84,1770467842.329996
2.79816516,4.0452516,11.767134239999999,-45.990002,100.940002,13.02,1770467842.338038
1.6444306800000001,1.77368724,14.316360840000002,-53.689999,135.100006,3.08,1770467842.345968
-0.24175764,0.0957456,18.32810148,-53.900002,167.929993,-10.36,1770467842.353962
-2.06331768,-1.4577267600000001,23.21112708,-51.73,197.330002,-12.04,1770467842.361997
-3.8417922000000004,-4.21998732,27.3593052,-45.009998,206.639999,-12.04,1770467842.369961
-7.176132720000001,-6.94873692,28.316761200000002,-22.82,210.070007,6.23,1770467842.377998
-10.275896520000002,-9.45248436,26.569404000000002,-16.450001,169.539993,-12.6,1770467842.38602
-11.530163880000002,-8.02826856,23.089051440000002,-25.41,90.93,-14.28,1770467842.393948
-11.487078360000002,-6.02239824,18.87624504,-44.799999,9.87,-18.549999,1770467842.402002
-9.81153036,-4.373180280000001,15.379137000000002,-51.099998,-64.68,-14.84,1770467842.410051
-7.121079,-2.6234294400000002,13.136296320000001,-54.529999,-120.75,-14.98,1770467842.418383
-4.32770112,-0.98378604,11.470322880000001,-53.200001,-153.720001,-12.81,1770467842.425972
-1.9747530000000002,0.46197252000000005,9.7660512,-47.529999,-177.309998,-12.53,1770467842.433963
-0.14122476,1.5606532800000001,8.322686280000001,-39.34,-189.630005,-4.27,1770467842.441963
0.47394072000000004,1.26623556,7.152196320000001,-32.200001,-187.529999,-4.76,1770467842.450032
2.00587032,1.7904427200000002,5.64180948,-27.58,-181.720001,-16.24,1770467842.457983
3.3870006000000004,3.5258317200000002,3.72450384,7.98,-180.320007,24.99,1770467842.465963
3.8776968000000003,2.9561454,2.73114324,27.09,-161.839996,41.299999,1770467842.473961
3.8034939600000004,2.73114324,1.55347236,40.459999,-136.779999,53.830002,1770467842.482255
3.7268974800000003,2.67130224,0.6319209600000001,51.099998,-107.449997,55.509998,1770467842.489963
3.60960912,2.72396232,0.11728836000000001,55.650002,-77.419998,57.540001,1770467842.498016
3.4348734000000003,2.6784831600000003,-0.13404384000000003,57.049999,-44.099998,53.759998,1770467842.505981
3.25774404,2.6210358,-0.28244952,54.669998,-10.92,45.43,1770467842.513967
3.1332747600000004,2.61624852,-0.37580148,50.400002,21.0,42.700001,1770467842.521969
3.0183800400000003,2.8316761200000005,-0.04308552,50.189999,53.41,36.119999,1770467842.52997
2.9944436400000005,3.02077368,0.9766051200000001,43.889999,80.150002,32.48,1770467842.537957
3.1883284800000005,3.26971224,2.8843362000000003,37.310001,104.370003,30.940001,1770467842.546062
3.7484402400000003,3.42051156,6.0200046,28.139999,123.620003,22.75,1770467842.553958
4.12663536,3.64312008,9.84264768,13.02,141.610001,13.51,1770467842.561974
3.9566869200000006,2.5276838400000003,13.29188292,3.08,167.160004,2.31,1770467842.569954
3.2936486400000002,0.56489904,15.331264200000001,-6.37,190.820007,-3.15,1770467842.577975
2.69523864,-1.6755480000000003,16.6717026,-10.08,198.380005,-0.91,1770467842.586014
1.8574646400000001,-3.04710372,18.85470228,-13.23,187.179993,11.69,1770467842.593972
-0.54096264,-3.8896650000000004,22.11244632,-18.41,180.740005,24.290001,1770467842.601982
-2.36252268,-4.65084252,23.35474548,-15.75,169.190002,35.700001,1770467842.60996
-5.2253161200000005,-5.3234553600000005,23.495970240000002,-13.79,154.490005,47.32,1770467842.617969
-7.4681568,-6.71894748,21.55233456,-26.110001,134.889999,19.74,1770467842.625997
-8.5692312,-6.01282368,18.92411784,-28.559999,109.199997,11.9,1770467842.633975
-9.275355000000001,-4.29419016,16.417976760000002,-31.43,83.510002,1.05,1770467842.641963
-9.533868120000001,-2.5803439200000002,14.5293948,-28.629999,59.290001,-1.61,1770467842.649964
-9.11737476,-0.69176196,13.10996628,-38.220001,38.779999,-15.33,1770467842.657963
-8.25327072,1.15134084,11.922720840000002,-41.790001,18.83,-23.799999,1770467842.666007
-7.164164520000001,2.2978944,10.61818704,-46.34,1.19,-33.529999,1770467842.673986
-5.95776996,2.77422876,9.095832000000001,-50.889999,-18.129999,-36.189999,1770467842.682059
-4.93329204,3.0135927600000003,7.64049888,-42.77,-39.130001,-40.110001,1770467842.689949
-3.9112077600000004,2.9752945200000003,6.35750784,-34.299999,-58.59,-44.59,1770467842.697946
-3.13088112,2.7766224000000004,5.21095428,-16.1,-74.620003,-45.360001,1770467842.705981
-2.5588011600000002,2.3649163200000003,4.11945444,-1.33,-87.080002,-55.580002,1770467842.713968
-1.4146412400000001,3.41333064,2.80534608,17.639999,-92.75,-43.470001,1770467842.721988
-0.86410404,4.26546648,2.154276,44.450001,-100.309998,-32.689999,1770467842.729965
-0.46197252000000005,4.50483048,2.35294812,58.939999,-104.089996,-18.34,1770467842.738004
-0.15319296000000002,5.0027076,2.21172336,66.290001,-106.75,-3.08,1770467842.74598
0.20106576,5.4311691600000005,1.60852608,67.410004,-110.32,9.38,1770467842.754343
0.6821874000000001,5.69446956,1.03644612,67.760002,-116.550003,19.25,1770467842.761967
1.0172970000000001,5.95776996,0.7180920000000001,74.550003,-120.889999,25.34,1770467842.769957
1.16570268,6.039153720000001,0.6127718400000001,73.919998,-117.32,35.98,1770467842.77796
1.31889564,6.01043004,0.6319209600000001,70.349998,-104.019997,40.669998,1770467842.786009
1.44097128,5.9170780800000005,0.95506236,55.509998,-88.410004,42.07,1770467842.794044
1.6970907600000003,5.70643776,2.3098626,33.740002,-63.77,34.650002,1770467842.80227
2.0681049600000003,5.364147239999999,4.84472736,13.86,-31.780001,20.860001,1770467842.809961
2.25959616,4.66041708,8.018694,-3.92,12.32,8.05,1770467842.817966
1.75214448,3.30801048,11.04904224,-16.309999,57.470001,-5.74,1770467842.825951
0.32553504,1.38352392,13.91422932,-26.530001,98.839996,-19.459999,1770467842.83408
-1.4457585600000002,0.02872368,17.42330556,-31.57,133.070007,-26.040001,1770467842.841961
-3.42529884,-1.1992136400000002,22.44755592,-27.51,152.179993,-32.619999,1770467842.849961
-5.7926088,-3.6718437600000002,27.1319094,-28.42,157.360001,-27.09,1770467842.857958
-9.095832000000001,-7.3365066,28.3766022,-25.129999,149.729996,-31.15,1770467842.865963
-10.16339544,-8.851680720000001,25.66939536,-17.99,107.589996,-31.709999,1770467842.87407
-10.57749516,-8.90673444,23.11298784,-18.76,42.0,-31.360001,1770467842.881961
-10.17297,-7.0851744000000005,20.372270040000004,-25.9,-30.52,-29.120001,1770467842.889952
-8.51896476,-5.29473168,17.531019360000002,-38.360001,-89.669998,-18.059999,1770467842.897941
-5.8739925600000005,-3.65748192,15.37195608,-48.369999,-131.389999,-15.96,1770467842.905969
-3.19072212,-2.22847884,13.29906384,-56.0,-162.330002,-9.87,1770467842.913967
-0.9407005200000002,-0.96703056,10.7833482,-62.23,-180.039993,-4.2,1770467842.922007
0.7396347600000001,0.23457672000000002,8.5093902,-57.68,-191.869995,1.61,1770467842.92997
1.3165020000000003,0.69894288,6.8577786000000005,-55.580002,-187.529999,4.69,1770467842.938002
2.4678428400000003,1.53432324,5.3761154399999995,-47.110001,-182.419998,-3.99,1770467842.946028
3.35827692,1.49841864,4.16014632,-37.66,-175.839996,-15.26,1770467842.953965
4.25589192,2.8364634000000004,2.64018492,-8.19,-157.850006,26.110001,1770467842.96196
4.222380960000001,2.9896563600000006,1.36916208,13.44,-135.800003,39.34,1770467842.970168
4.2319555200000005,2.98486908,0.23218308000000001,19.6,-111.300003,47.810001,1770467842.978365
4.18408272,3.1284874800000004,-0.5289944400000001,30.450001,-86.800003,50.400002,1770467842.986168
3.9447187200000005,3.2792868000000004,-1.01250972,33.32,-57.540001,51.59,1770467842.993975
3.61918368,3.32955324,-1.13458536,38.220001,-23.870001,49.91,1770467843.002098
3.46599072,3.20269032,-0.897615,47.18,10.78,43.610001,1770467843.009973
3.32476596,3.0638592,-0.07659648000000001,49.0,43.75,40.810001,1770467843.017966
3.3439150800000004,3.0782210400000003,1.11543624,48.509998,70.489998,33.950001,1770467843.025962
3.37981968,3.0183800400000003,2.84125068,42.0,96.110001,29.82,1770467843.033973
3.61200276,2.86997436,5.22292248,33.32,116.620003,24.08,1770467843.041973
3.9255696,2.69763228,8.03544948,26.32,133.490005,16.799999,1770467843.050122
3.89205864,2.08725408,10.735475400000002,20.65,151.410004,0.07,1770467843.057951
3.54019356,0.89282772,12.70304748,20.299999,171.850006,-9.17,1770467843.065957
2.7838033200000005,-0.7396347600000001,13.770610920000001,23.52,187.25,-19.459999,1770467843.073957
2.3481608400000002,-2.30268168,14.94110088,25.969999,191.869995,-12.6,1770467843.081945
1.6420370400000002,-3.92796324,17.832618,28.91,178.919998,3.22,1770467843.089955
-0.47633436000000007,-4.61015064,21.482919000000003,27.440001,173.809998,16.450001,1770467843.097943
-1.8526773600000002,-5.086485,23.85501624,30.799999,162.050003,34.439999,1770467843.10608
-7.097142600000001,-7.59023244,25.08295356,16.1,161.070007,19.809999,1770467843.11395
-6.934375080000001,-6.22825128,22.19143644,2.03,143.5,5.81,1770467843.121959
-8.10965232,-4.87345104,19.838488320000003,-8.75,121.519997,0.21,1770467843.129954
-8.679338640000001,-3.1691793600000002,17.38022004,-18.690001,99.050003,-9.03,1770467843.137953
-8.80141428,-1.6037388,15.32887056,-26.459999,76.790001,-10.15,1770467843.145952
-8.31550536,-0.09813924000000002,13.82805828,-37.869999,54.669998,-20.370001,1770467843.153984
-7.597413360000001,1.2590546400000002,12.39187428,-49.419998,35.560001,-22.26,1770467843.161958
-6.75724572,2.1159777600000003,10.80010368,-56.419998,16.309999,-27.09,1770467843.170195
-5.83808796,2.4798110400000004,9.095832000000001,-58.450001,-0.84,-32.689999,1770467843.177952
-5.06494224,2.70720684,7.61416884,-53.970001,-16.59,-38.57,1770467843.185961
-4.30615836,2.80295244,6.4269234,-46.41,-32.27,-42.84,1770467843.194045
-3.5425872000000003,2.71199412,5.32824264,-35.630001,-45.709999,-46.619999,1770467843.202025
-2.98486908,2.88194256,4.4641386,-23.799999,-56.77,-53.689999,1770467843.209954
-2.60428032,2.65215312,3.6838119600000003,-11.9,-65.099998,-61.110001,1770467843.217949
-1.29974652,3.46838436,2.5109283600000003,0.7,-68.459999,-54.950001,1770467843.225948
-0.46197252000000005,4.98116484,1.8909756,18.34,-81.900002,-38.220001,1770467843.233965
-0.8114439600000001,5.39526456,1.6875162000000001,26.389999,-91.139999,-10.71,1770467843.241955
-0.71569836,6.04154736,1.21357548,29.26,-101.919998,-1.82,1770467843.249951
-0.30877956,6.388625160000001,0.81623124,31.85,-111.650002,14.42,1770467843.257949
0.0359046,6.340752360000001,0.7539966,34.299999,-116.760002,17.219999,1770467843.26595
0.6414955200000001,6.276124080000001,0.7731457199999999,35.560001,-118.510002,30.17,1770467843.274066
1.00293516,5.8739925600000005,1.13219172,36.119999,-113.889999,39.27,1770467843.28194
1.3524066000000001,5.38090272,2.00587032,30.870001,-94.220001,39.130001,1770467843.28995
1.8239536800000002,4.81361004,3.60960912,21.209999,-63.91,35.700001,1770467843.297932
2.3433735600000003,4.1553590400000004,5.842875240000001,8.75,-22.75,21.280001,1770467843.305972
2.6784831600000003,3.2936486400000002,8.2819944,-1.33,24.43,11.55,1770467843.313959
2.42715096,1.8790073999999999,10.15860816,-8.89,73.779999,0.14,1770467843.32197
1.26623556,0.26090676,11.6570268,-5.25,119.139999,-5.88,1770467843.330096
-0.47872800000000004,-0.5146326,14.11768872,1.68,156.169998,-15.54,1770467843.337951
-3.05907192,-0.9119768400000001,18.42863436,16.309999,184.589996,-19.459999,1770467843.345959
-6.56096724,-3.0375291600000005,22.96218852,19.459999,198.380005,-14.49,1770467843.353959
-10.694783520000001,-6.556179960000001,27.01462104,17.01,189.910004,-11.9,1770467843.361985
-11.726442360000002,-7.08038712,25.11646452,19.67,149.520004,-14.63,1770467843.369978
-12.865815000000001,-7.52081688,22.227341040000002,8.19,85.050003,-9.87,1770467843.377968
-13.01661432,-7.3245384,20.0587032,-7.56,5.25,-10.15,1770467843.38596
-11.72404872,-6.400593360000001,17.65070136,-23.24,-65.309998,-15.4,1770467843.393969
-9.23466312,-4.959622080000001,15.67355472,-42.98,-121.449997,-12.81,1770467843.402055
-6.40538064,-3.40614972,14.1105078,-56.0,-162.399994,-23.379999,1770467843.409985
-3.5784918,-2.20693608,12.60969552,-70.769997,-186.619995,-22.120001,1770467843.417961
-1.15373448,-1.0723507200000002,10.90781748,-78.120003,-202.649994,-20.93,1770467843.42603
0.72527292,0.00718092,9.170034840000001,-80.010002,-209.649994,-16.309999,1770467843.433967
1.31410836,0.55771812,7.76018088,-80.010002,-202.160004,-11.06,1770467843.442078
3.04710372,1.10825532,6.558573600000001,-74.550003,-194.320007,-18.690001,1770467843.449994
3.9255696,1.0053288,5.6585649600000005,-63.0,-185.850006,-18.41,1770467843.457952
5.18462424,2.41997004,4.2008382,-31.57,-168.979996,21.280001,1770467843.465955
5.08169772,2.79816516,3.00162456,-13.93,-145.320007,26.25,1770467843.473959
4.87345104,3.2481694800000005,1.92209292,-4.76,-118.230003,38.220001,1770467843.481983
4.5000432,3.64312008,1.0053288,1.12,-91.699997,41.580002,1770467843.489991
4.10030532,3.78434484,0.3710142,1.12,-59.43,42.209999,1770467843.49795
3.7939194,3.3630642,0.06702192000000001,-0.28,-24.780001,45.849998,1770467843.50597
3.56173632,2.41039548,-0.00718092,0.7,10.08,35.419998,1770467843.513947
3.4468416000000004,1.6731543600000003,0.08617104,6.37,46.34,35.91,1770467843.521963
3.3391278000000004,1.2255436800000001,0.5481435600000001,17.43,82.739998,24.92,1770467843.529958
3.26013768,1.14655356,1.8478900800000002,29.68,116.410004,23.309999,1770467843.537966
3.43247976,1.3428320400000002,4.1409972,40.32,143.710007,13.3,1770467843.546011
3.8585476800000005,1.4481522,7.33171932,42.700001,166.600006,12.67,1770467843.55402
3.8776968000000003,1.3308638400000001,10.41712128,39.970001,188.509995,2.31,1770467843.561957
3.36545784,0.67500648,12.02564736,45.849998,211.259995,-5.32,1770467843.569958
2.30746896,-0.52420716,12.861027720000001,51.099998,228.199997,0.21,1770467843.577956
0.7611775199999999,-1.65639888,13.86635652,64.330002,242.619995,3.36,1770467843.586005
-0.47633436000000007,-2.0465622,15.857865000000002,71.400002,238.910004,17.709999,1770467843.594043
-2.3218308000000003,-2.7048132000000003,19.4363568,70.629997,214.130005,29.959999,1770467843.602215
-5.07691044,-2.97290088,22.007126160000002,59.220001,177.940002,50.68,1770467843.609969
-7.6572543600000005,-3.9423250800000003,22.27760748,36.189999,141.330002,66.220001,1770467843.617968
-10.44105768,-5.75191692,21.138234840000003,11.2,108.220001,26.459999,1770467843.626011
-10.97005212,-6.185165759999999,18.73262664,1.54,72.730003,28.77,1770467843.634102
-11.02510584,-5.62984128,16.49936052,-5.88,43.540001,13.09,1770467843.641968
-10.63015524,-4.667598,14.938707240000001,-10.71,22.68,-2.8,1770467843.649967
-9.780413040000001,-3.1883284800000005,13.73709996,-15.05,7.77,-11.13,1770467843.657951
-8.676945,-1.5415041600000001,12.64081284,-23.799999,0.07,-24.639999,1770467843.666001
-7.4418267600000005,0.052660080000000005,11.52777024,-27.65,-7.0,-35.07,1770467843.673973
-6.3287841600000005,1.35958752,10.15860816,-31.780001,-15.89,-38.779999,1770467843.681984
-5.356966320000001,2.15188236,8.75354148,-29.889999,-26.110001,-43.82,1770467843.690075
-4.57424604,2.7335368800000004,7.65486072,-22.540001,-35.91,-43.470001,1770467843.697937
-3.7628020800000006,3.0351355200000003,6.910438680000001,-12.46,-48.23,-47.599998,1770467843.705971
-3.0973701600000005,3.09497652,6.2737304400000005,-1.89,-59.43,-44.799999,1770467843.713962
-2.78619696,2.96571996,5.63462856,4.97,-68.389999,-51.240002,1770467843.722062
-2.94896448,3.32476596,4.3827548400000005,13.3,-73.080002,-49.209999,1770467843.730005
-1.40267304,4.52637324,3.470778,23.17,-85.540001,-29.75,1770467843.737958
-1.06995708,5.17983696,2.9800818000000002,34.860001,-96.879997,-16.450001,1770467843.746025
-0.97181784,5.565213000000001,2.55162024,41.650002,-105.419998,3.01,1770467843.75396
-0.7803266400000001,5.780640600000001,2.0106576,45.779999,-109.620003,17.709999,1770467843.761961
-0.55293084,6.043941,1.35480024,54.880001,-116.620003,33.18,1770467843.769957
-0.21064032000000002,6.072664680000001,0.99096696,63.77,-125.440002,45.990002,1770467843.777984
0.06223464,5.579574840000001,1.14415992,70.769997,-127.959999,50.330002,1770467843.785948
0.42367428,5.057761320000001,1.4098539600000002,72.449997,-126.559998,47.740002,1770467843.794059
0.63670824,4.74419448,1.7688999600000002,63.91,-117.18,42.279999,1770467843.801968
0.70133652,4.784886360000001,2.31464988,47.740002,-100.449997,38.5,1770467843.809981
0.74442204,5.146326,3.22183944,18.200001,-76.650002,29.469999,1770467843.817961
0.8545294800000001,5.12717688,4.796854560000001,-11.34,-49.209999,17.57,1770467843.826056
0.8712849600000001,4.49525592,6.9870351600000005,-35.209999,-15.75,9.87,1770467843.833963
0.4547916,2.8795489200000004,9.605677320000002,-41.509998,25.969999,2.45,1770467843.841963
-0.4667598,0.7587838800000001,12.633631920000001,-29.540001,63.77,-7.56,1770467843.849967
-1.63724976,-0.6534637200000001,16.72196904,-15.12,93.169998,-3.29,1770467843.857995
-3.2984359199999997,-1.7593254,21.93052968,-7.0,102.269997,-8.47,1770467843.866001
-5.34260448,-3.4827462000000002,26.562223080000003,-11.69,98.419998,-3.08,1770467843.873961
-8.2101852,-6.7285220400000005,27.6944148,-31.57,86.940002,-9.45,1770467843.881962
-9.52908084,-8.86604256,24.922579680000002,-30.870001,56.419998,-19.6,1770467843.889959
-9.71339112,-10.01259612,22.715643600000003,-30.309999,12.46,-19.25,1770467843.897936
-8.684125920000001,-8.82774432,19.931840280000003,-30.1,-34.860001,-23.030001,1770467843.906102
-6.675861960000001,-6.96070512,17.60282856,-33.810001,-75.809998,-25.41,1770467843.913955
-4.03567704,-5.060154960000001,15.707065680000001,-42.139999,-109.970001,-19.879999,1770467843.922007
-1.6037388,-3.1859348400000003,13.775398200000001,-40.040001,-131.389999,-12.25,1770467843.930062
0.48351528,-1.69469712,11.99453004,-36.119999,-143.779999,-0.14,1770467843.937956
1.71863352,-0.32074776000000005,10.22323644,-28.42,-147.070007,8.96,1770467843.945973
2.19975516,0.20824668000000002,8.562050280000001,-25.200001,-136.710007,15.12,1770467843.954101
3.4492352400000006,1.63485612,6.54181812,-18.549999,-136.429993,5.95,1770467843.961942
5.47904196,5.531702040000001,4.46174496,3.57,-135.869995,25.129999,1770467843.97013
4.12184808,4.47131952,4.31333928,14.07,-123.339996,38.919998,1770467843.978693
3.9495060000000004,4.74419448,3.5784918,12.88,-108.639999,46.970001,1770467843.986334
3.7747702800000003,4.8471210000000005,2.64736584,11.41,-88.129997,46.200001,1770467843.994013
3.6143964,4.6556298,1.83831552,3.78,-62.580002,47.669998,1770467844.002079
3.4013624399999998,4.25589192,1.1585217600000002,0.56,-37.240002,49.700001,1770467844.010012
3.0854019600000004,3.67902468,0.52181352,-7.35,-7.77,45.639999,1770467844.018035
2.67130224,3.0159864,-0.07420284,-11.2,20.65,40.459999,1770467844.025947
2.37209724,2.3768845200000004,-0.6319209600000001,-9.87,45.779999,35.139999,1770467844.033959
2.10400956,1.9292738400000002,-0.67500648,-7.35,65.589996,27.02,1770467844.041967
1.94602932,1.49841864,-0.009574560000000001,-1.26,84.699997,20.02,1770467844.049968
1.94842296,1.27341648,1.5726214800000002,5.74,102.970001,11.62,1770467844.05811
2.2739580000000004,1.04602068,4.0476452400000005,8.47,115.709999,4.34,1770467844.065971
2.64018492,0.87607224,7.281452880000001,10.92,126.629997,-7.14,1770467844.073961
2.7838033200000005,0.40452516000000005,10.515260520000002,11.55,135.169998,-12.25,1770467844.081963
2.37927816,-0.49308984000000006,12.89214504,18.200001,149.729996,-20.719999,1770467844.090046
1.74017628,-1.5582596400000002,14.570086680000001,28.0,167.929993,-16.17,1770467844.097941
1.17048996,-2.2835325600000003,16.08765444,41.02,178.919998,-8.12,1770467844.10597
0.6008036400000001,-2.86279344,18.2275686,51.450001,174.089996,4.76,1770467844.113993
-0.8018694,-4.05482616,21.46616352,47.740002,155.259995,24.5,1770467844.121952
-2.46066192,-4.52637324,23.01724224,45.779999,130.479996,39.689999,1770467844.12995
-4.62929976,-4.040464320000001,22.18425552,40.32,101.5,58.66,1770467844.137955
-7.14740904,-5.78782152,20.48716476,14.7,91.489998,31.99,1770467844.145954
-7.3987412400000006,-5.469467400000001,18.39751704,10.01,78.610001,16.309999,1770467844.153998
-7.865501040000001,-4.17450816,16.60468068,5.67,68.879997,17.709999,1770467844.161989
-8.0067258,-2.4726301200000003,15.35998788,4.13,60.27,8.47,1770467844.169967
-7.803266400000001,-0.28244952,14.507852040000001,-6.79,52.290001,3.99,1770467844.178003
-7.27427196,1.56544056,13.763430000000001,-17.92,45.43,-3.43,1770467844.185957
-6.60884004,3.0183800400000003,12.549854520000002,-29.26,36.330002,-12.18,1770467844.193945
-6.0367600800000005,4.009347,11.003563080000001,-35.419998,28.35,-10.85,1770467844.201959
-5.54845752,4.243923720000001,9.54104904,-30.450001,14.63,-19.32,1770467844.209999
-5.48622288,4.851908280000001,8.198217,-22.889999,2.73,-27.440001,1770467844.218057
-4.61733156,4.35881844,7.5040614,-3.57,-11.69,-37.380001,1770467844.225954
-3.1835412,5.4957974400000005,6.53942448,19.18,-26.67,-19.110001,1770467844.23396
-3.16199844,5.08169772,6.10138836,29.68,-42.0,-9.17,1770467844.241952
-2.6736958800000004,4.7154708,5.18941152,37.099998,-58.310001,-11.9,1770467844.249948
-2.12794596,4.1338162800000005,4.17211452,33.32,-77.419998,-8.89,1770467844.257945
-1.555866,3.6598755600000006,3.1859348400000003,24.43,-95.129997,-12.04,1770467844.265942
-0.9383068800000001,3.3702451200000003,2.33619264,13.02,-111.440002,-10.01,1770467844.273957
-0.44282340000000003,3.19790304,1.4601204,2.03,-122.779999,-7.56,1770467844.281967
-0.20106576,2.86518708,0.7539966,-4.48,-131.880005,-5.95,1770467844.289965
0.14840568,2.573163,0.07420284,-14.14,-134.960007,-2.17,1770467844.298002
1.29974652,2.75507964,-0.35425872,-11.9,-137.130005,10.15,1770467844.30599
1.4146412400000001,2.53486476,-0.18909756000000003,-4.76,-127.75,21.42,1770467844.31396
1.6970907600000003,2.4822046799999997,0.49548348,3.43,-105.839996,24.92,1770467844.32196
1.9603911600000001,2.7718351200000004,1.9747530000000002,12.81,-75.459999,22.75,1770467844.329962
2.1806060400000002,3.21705216,4.18408272,13.23,-33.110001,15.68,1770467844.3381
2.34097992,3.4947144000000003,6.94873692,14.21,12.53,3.99,1770467844.345951
2.24284068,2.99923092,9.98865972,13.23,64.75,0.98,1770467844.353953
1.36916208,1.94602932,12.442140720000001,17.99,115.639999,-0.63,1770467844.36196
-0.56729268,0.86649768,14.7926952,28.98,157.149994,0.63,1770467844.369964
-3.1237002,0.23936400000000002,17.784745200000003,28.77,186.830002,2.73,1770467844.378009
-5.47425468,-0.30638592000000003,20.70019872,23.1,184.729996,12.6,1770467844.385986
-9.888126840000002,-2.1806060400000002,23.44809744,15.68,165.479996,17.57,1770467844.393948
-12.741345720000002,-5.51494656,24.44145804,-7.35,125.370003,-3.22,1770467844.401963
-13.43071404,-6.94873692,22.524152400000002,-10.78,63.630001,-7.7,1770467844.410095
-13.368479400000002,-7.360443,20.48477112,-19.32,-6.72,-18.76,1770467844.417985
-11.882028960000001,-7.066025280000001,18.70869024,-23.24,-75.389999,-18.129999,1770467844.42598
-9.21790764,-5.627447640000001,17.361070920000003,-32.34,-125.790001,-25.83,1770467844.433964
-5.9386208400000005,-3.78434484,16.293507480000002,-41.790001,-159.179993,-25.76,1770467844.442072
-2.812527,-2.00587032,15.237912240000002,-48.23,-182.070007,-25.41,1770467844.449957
-0.2034594,-0.5792608800000001,13.720344480000001,-56.700001,-191.449997,-21.700001,1770467844.457955
1.31410836,0.47633436000000007,11.702505960000002,-58.310001,-193.830002,-21.91,1770467844.465959
2.47023648,0.8880404399999999,9.423760680000001,-63.0,-186.410004,-23.17,1770467844.474072
3.6239709600000003,2.00587032,7.5279978,-60.970001,-191.940002,-38.009998,1770467844.481955
5.263614360000001,4.62690612,5.529308400000001,-39.34,-183.050003,-13.72,1770467844.490067
5.60590488,3.7005674400000004,5.4311691600000005,-28.98,-168.279999,9.17,1770467844.497943
5.86202436,3.61679004,4.62451248,-20.790001,-147.070007,21.07,1770467844.505976
5.8309070400000005,3.49232076,3.5210444400000003,-16.450001,-120.540001,32.27,1770467844.513959
5.5604257200000005,3.3941815200000005,2.46066192,-9.73,-88.410004,35.700001,1770467844.521958
5.131964160000001,3.3391278000000004,1.5438978,-5.81,-55.299999,40.18,1770467844.529982
4.63648068,3.2912550000000005,0.90479592,-1.19,-21.0,38.709999,1770467844.538049
4.10269896,2.9441772,0.56729268,2.59,13.51,33.32,1770467844.545985
3.6143964,2.4654492,0.34468416,5.18,46.130001,33.529999,1770467844.553958
3.21226488,1.9053374400000003,0.17712936,7.7,75.110001,25.34,1770467844.561957
2.7359305199999997,1.68033528,0.22500216000000003,14.21,102.480003,19.6,1770467844.569958
2.3577354,1.5821960400000001,0.7587838800000001,19.18,123.970001,15.54,1770467844.577992
2.1901806,1.496025,1.9962957600000002,26.950001,143.220001,11.06,1770467844.585997
2.27874528,1.39788576,4.038070680000001,28.629999,160.720001,7.49,1770467844.594085
2.48459832,1.3093210800000001,6.893683200000001,29.68,178.080002,3.08,1770467844.601959
2.3577354,1.0579888800000001,9.483601680000001,38.849998,194.949997,-4.83,1770467844.60997
1.75453812,0.29441772,11.24771436,45.849998,211.259995,-8.05,1770467844.617972
0.9000086400000001,-0.58165452,12.66474924,60.200001,224.139999,-3.5,1770467844.626003
-0.28005588000000003,-0.96224328,14.223008880000002,68.110001,230.160004,-0.35,1770467844.633967
-1.6875162000000001,-0.83059308,16.29829476,71.75,219.800003,12.32,1770467844.641964
-3.4348734000000003,-0.6414955200000001,19.122789960000002,67.269997,191.520004,22.26,1770467844.649956
-5.1104214,-0.7539966,20.64993228,58.310001,150.639999,40.459999,1770467844.657953
-7.32932568,-1.14415992,20.9563182,52.779999,101.080002,53.060001,1770467844.665988
-9.423760680000001,-2.7718351200000004,21.11669208,36.540001,71.400002,49.490002,1770467844.674001
-10.7833482,-3.0135927600000003,19.11082176,25.200001,39.34,17.709999,1770467844.681967
-10.71632628,-2.6306103600000004,17.48314656,21.35,11.27,10.29,1770467844.689962
-10.3046202,-1.4601204,16.11159084,15.54,-9.8,-1.4,1770467844.697939
-9.57934728,0.026330040000000002,14.94110088,13.65,-18.76,-7.07,1770467844.706154
-8.51178384,1.5175677600000002,13.904654760000001,8.33,-24.01,-12.39,1770467844.713965
-7.43943312,3.21226488,12.729377520000002,5.88,-28.209999,-17.57,1770467844.721964
-6.268943160000001,4.10987988,11.558887560000002,7.0,-38.150002,-19.25,1770467844.729962
-5.28755076,4.330094760000001,10.33334388,2.03,-51.869999,-27.299999,1770467844.737963
-4.43302128,3.77955756,9.024022800000001,3.08,-69.650002,-29.540001,1770467844.746008
-3.6479073600000005,3.26971224,7.37480484,2.8,-88.199997,-39.970001,1770467844.753959
-2.2380534,3.76519572,5.78782152,7.63,-108.220001,-28.700001,1770467844.761961
-1.8790073999999999,3.6742374,5.00749488,11.48,-126.980003,-25.969999,1770467844.769958
-1.38113028,3.94711236,4.136209920000001,9.52,-136.850006,-26.32,1770467844.777964
-0.897615,4.18647636,3.26971224,12.18,-137.550003,-28.91,1770467844.786009
-0.4069188,4.44498948,2.45826828,10.15,-133.770004,-32.830002,1770467844.793954
0.7348474800000001,5.143932360000001,1.70666532,17.01,-133.419998,-23.24,1770467844.801961
0.8736786000000001,5.11281504,1.53432324,20.02,-127.82,-20.93,1770467844.810003
1.1369790000000002,4.8590892,1.3093210800000001,15.75,-121.309998,-15.61,1770467844.818048
1.40267304,4.2846156,1.06756344,15.75,-114.449997,-15.19,1770467844.825964
1.77368724,3.53540628,1.19682,17.57,-105.209999,-21.0,1770467844.833957
2.18299968,2.54204568,1.6970907600000003,17.99,-92.330002,-21.35,1770467844.841968
2.54443932,1.46251404,2.6018866800000002,21.0,-76.089996,-28.0,1770467844.849986
2.79098424,0.67500648,3.98301696,19.879999,-55.369999,-33.389999,1770467844.857961
2.79337788,0.22260852,5.7662787600000005,15.96,-32.48,-34.23,1770467844.866076
2.333799,-0.0047872800000000005,7.84395828,9.66,-8.12,-38.709999,1770467844.873955
1.50081228,-0.69176196,9.828285840000001,-0.63,15.68,-38.43,1770467844.881959
0.7563902400000001,-1.21836276,12.2793732,0.91,38.009998,-39.549999,1770467844.890043
-0.11250108000000002,-1.8359218800000001,15.898556880000001,2.31,53.200001,-37.310001,1770467844.897943
-0.7803266400000001,-2.14948872,20.1783852,1.54,52.290001,-40.459999,1770467844.905948
-2.15188236,-2.58752484,23.761664279999998,-11.76,47.32,-42.349998,1770467844.913975
-3.1859348400000003,-3.4492352400000006,24.68082204,-23.799999,36.75,-26.6,1770467844.921959
-3.89205864,-3.72450384,23.764057920000003,-26.32,22.33,-17.08,1770467844.92999
-5.06972952,-5.2037733600000005,22.581599760000003,-35.0,16.66,-14.84,1770467844.937956
-4.58621424,-5.21095428,19.781040960000002,-40.040001,3.85,-32.48,1770467844.94601
-3.32476596,-3.84418584,17.27489988,-40.25,-12.04,-28.559999,1770467844.954064
-2.30746896,-1.9412420400000001,15.381530640000001,-43.259998,-25.48,-19.950001,1770467844.961964
-1.35958752,-0.08138376,13.95731484,-44.450001,-35.91,-14.0,1770467844.969983
-0.40452516000000005,1.2016072800000002,12.61927008,-51.029999,-43.540001,-7.91,1770467844.97806
0.35186508,1.9173056400000001,11.341066320000001,-56.91,-45.43,-3.15,1770467844.986903
0.60559092,1.8191664,9.97908516,-62.860001,-40.669998,-5.53,1770467844.994163
0.9981478800000001,1.7880490800000002,8.377740000000001,-65.099998,-34.93,-8.61,1770467845.00197
1.71384624,2.8292824800000003,6.64474464,-55.509998,-30.66,0.42,1770467845.010001
2.4032145600000003,2.96571996,5.4838292399999995,-45.220001,-28.139999,38.080002,1770467845.018003
2.1064032,3.15721116,4.49525592,-40.529999,-22.75,39.549999,1770467845.026104
2.0082639600000003,3.5018953200000005,3.59046,-38.220001,-20.65,49.139999,1770467845.033938
1.8909756,3.7747702800000003,2.7838033200000005,-35.560001,-15.54,49.209999,1770467845.041961
1.69469712,4.10030532,2.1447014400000004,-24.57,-12.67,50.049999,1770467845.049971
1.62528156,4.04285796,1.855071,-18.969999,-7.56,51.029999,1770467845.057946
1.4912377200000002,3.7221102,1.6731543600000003,-10.99,0.91,47.32,1770467845.065996
1.39788576,3.1045510800000002,1.61091972,-5.32,11.76,46.549999,1770467845.073979
1.31889564,2.5755566400000003,1.6204942800000002,0.98,24.85,41.720001,1770467845.081958
1.13937264,2.20932972,1.53432324,11.55,37.240002,35.139999,1770467845.089954
0.9215514,2.06331768,1.58698332,20.65,50.959999,24.99,1770467845.097986
0.81862488,1.8742201200000002,2.13273324,29.959999,63.630001,19.18,1770467845.106029
0.8258058,1.7473572000000002,3.30801048,38.43,70.629997,8.47,1770467845.113964
0.9574560000000001,1.7688999600000002,5.50297836,42.84,77.980003,2.31,1770467845.121939
1.02447792,1.9962957600000002,8.3418354,49.77,85.050003,-8.89,1770467845.12995
0.9335196,1.8718264800000002,11.082553200000001,52.080002,92.190002,-16.73,1770467845.13795
0.56729268,1.33325748,12.782037599999999,60.970001,103.529999,-17.43,1770467845.14603
0.07899012000000001,0.61755912,14.084177760000001,73.290001,114.029999,-17.57,1770467845.153956
-0.2872368,-0.09095832000000001,15.92728056,83.440002,115.849998,-6.3,1770467845.161955
-0.85692312,-0.72527292,18.667998360000002,88.129997,101.639999,8.47,1770467845.169948
-2.18299968,-1.1202235200000001,20.94195636,79.449997,80.5,28.49,1770467845.177971
-3.41572428,-1.15612812,21.71749572,71.959999,62.16,36.82,1770467845.185955
-4.3396693200000005,-1.50320592,21.530791800000003,59.849998,40.599998,45.849998,1770467845.193948
-5.8309070400000005,-2.30268168,20.63078316,43.330002,42.07,47.459999,1770467845.20196
-8.10965232,-3.61200276,19.1012472,25.76,45.57,34.860001,1770467845.210257
-6.8577786000000005,-2.31225624,17.157611520000003,17.99,44.099998,13.51,1770467845.217883
-7.05884436,-1.12740444,15.726214800000001,11.76,43.119999,2.87,1770467845.225951
-6.81469308,0.52420716,14.64668316,1.68,36.400002,-4.97,1770467845.233947
-6.268943160000001,2.0704986,13.56954516,-14.7,25.200001,-10.5,1770467845.241956
-5.59393668,3.15242388,12.21474492,-29.540001,7.63,-15.75,1770467845.249954
-4.7992482,3.73647204,10.88148744,-46.34,-9.8,-17.219999,1770467845.257949
-3.98780424,3.7987066800000004,9.617645520000002,-57.540001,-27.440001,-25.48,1770467845.265956
-3.10694472,3.57370452,8.39210184,-62.790001,-41.790001,-31.57,1770467845.274034
-2.2859262,3.3367341600000002,7.4561886,-60.970001,-51.380001,-37.52,1770467845.281969
-1.6635798000000002,3.15242388,6.64474464,-53.34,-57.68,-38.779999,1770467845.289948
-1.2925655999999999,3.0159864,5.7758533199999995,-41.509998,-58.450001,-41.650002,1770467845.297934
-1.18006452,2.5970994,4.79206728,-28.77,-57.75,-46.130001,1770467845.305943
-1.1489472,2.3290117200000005,3.77237664,-19.530001,-54.040001,-54.110001,1770467845.313977
-0.39734424,2.79816516,2.70720684,-7.63,-46.970001,-40.110001,1770467845.322006
0.0478728,4.0045597200000005,1.96757208,8.89,-56.0,-25.48,1770467845.329965
-0.23936400000000002,4.08594348,1.92448656,15.96,-60.900002,-16.940001,1770467845.33796
-0.1316502,4.1649336,1.8191664,21.35,-64.400002,-5.32,1770467845.345972
0.0718092,4.0045597200000005,1.735389,21.98,-69.019997,-3.64,1770467845.353975
0.27048132,3.56412996,1.6755480000000003,20.02,-71.889999,4.97,1770467845.362051
0.48830256000000005,2.81013336,1.85985828,20.09,-70.0,7.28,1770467845.369968
0.70373016,1.99150848,2.453481,15.54,-59.43,9.87,1770467845.377965
0.81623124,1.21836276,3.44444796,13.3,-42.630001,6.37,1770467845.386
0.76357116,0.6103782,5.0146758,3.43,-22.540001,7.84,1770467845.393963
0.3949506,0.24654492000000003,7.061238,-6.23,1.54,5.88,1770467845.401959
-0.1555866,-0.1555866,9.02641644,-6.58,25.76,2.31,1770467845.410093
-0.4906962,-0.79468848,10.83361464,-1.54,44.450001,-2.8,1770467845.418008
-1.34761932,-1.4361840000000001,12.947198760000001,10.29,56.91,-4.76,1770467845.425983
-2.7718351200000004,-1.32128928,15.6663738,10.99,65.660004,-5.67,1770467845.434073
-3.9255696,-1.10825532,19.3525794,0.77,71.400002,-13.16,1770467845.441957
-4.68435348,-1.7880490800000002,21.71510208,-19.040001,67.760002,-12.81,1770467845.450062
-5.507765640000001,-2.9154535200000002,22.60074888,-37.66,59.5,-10.01,1770467845.457981
-6.00324912,-4.1553590400000004,22.9669758,-36.470001,45.779999,1.4,1770467845.465957
-6.256974960000001,-4.32530748,22.39728948,-35.139999,23.940001,6.09,1770467845.473953
-5.92665264,-3.5018953200000005,20.8007316,-42.490002,-7.14,8.12,1770467845.481962
-5.19659244,-2.4319382400000005,18.76853124,-53.970001,-37.240002,5.32,1770467845.489963
-3.8513667600000003,-1.2327246,16.62622344,-67.900002,-58.59,-3.5,1770467845.497957
-2.29071348,-0.3949506,14.63471496,-74.199997,-70.980003,-4.62,1770467845.505959
-0.7683584400000001,-0.026330040000000002,12.3631506,-75.949997,-78.75,-6.65,1770467845.514006
0.42606792,0.14840568,10.4003658,-73.220001,-85.330002,-1.96,1770467845.521989
1.1369790000000002,0.42128064000000004,8.70806232,-65.870003,-85.75,-2.73,1770467845.52995
1.6228879200000002,0.66782556,7.21921824,-62.09,-81.199997,-2.52,1770467845.537943
2.4032145600000003,1.8909756,5.5604257200000005,-50.330002,-84.910004,-10.92,1770467845.546009
4.73461992,6.22825128,2.8292824800000003,-31.85,-92.330002,-1.05,1770467845.553951
3.2840740800000003,4.83275916,3.67902468,-11.97,-96.529999,14.56,1770467845.561967
3.5545554,5.52691476,3.4396606800000002,-3.29,-92.889999,21.07,1770467845.56996
3.67663104,5.64659676,3.3439150800000004,-4.34,-82.739998,29.049999,1770467845.577958
3.7819512,5.469467400000001,3.02077368,-6.58,-65.519997,32.619999,1770467845.586025
3.6503010000000002,5.3449981200000005,2.44869372,-6.93,-42.560001,33.040001,1770467845.594015
3.35588328,5.163081480000001,1.71623988,-9.52,-17.5,30.379999,1770467845.601964
3.05667828,4.71307716,1.12979808,-5.6,10.29,23.309999,1770467845.610024
2.9154535200000002,3.98301696,0.7468156800000001,-0.77,41.650002,20.299999,1770467845.618019
2.7407178,3.30801048,0.7611775199999999,11.76,70.629997,16.1,1770467845.625956
2.52050292,2.99205,1.55107872,22.540001,98.980003,10.85,1770467845.633945
2.59470576,3.10215744,3.4492352400000006,35.419998,121.099998,11.83,1770467845.641964
2.70241956,3.34870236,5.964950880000001,47.459999,142.520004,4.13,1770467845.64999
2.5851311999999997,3.1811475600000003,8.52853932,50.049999,162.190002,4.13,1770467845.657961
2.09682864,2.6569404000000003,10.7594118,57.470001,182.139999,0.91,1770467845.666008
1.11543624,2.0561367600000002,12.30809688,64.050003,199.080002,1.47,1770467845.673955
-0.26569404,1.42900308,13.739493600000001,70.629997,210.070007,7.84,1770467845.682001
-1.63724976,1.12740444,15.86504592,77.559998,208.25,14.7,1770467845.689963
-3.2290203600000003,0.98378604,18.66560472,70.0,191.380005,26.32,1770467845.697946
-5.151113280000001,0.29202408,20.7767952,55.509998,161.490005,31.92,1770467845.705961
-6.1660166400000005,-0.8425612800000001,21.46616352,43.610001,114.379997,50.470001,1770467845.713964
-9.024022800000001,-3.1284874800000004,21.272278680000003,33.110001,78.959999,63.98,1770467845.721967
-10.328556599999999,-5.87159892,19.752317280000003,9.87,45.150002,27.58,1770467845.72996
-10.34291844,-6.92480052,17.8206498,0.91,18.34,9.17,1770467845.737965
-10.05807528,-6.788363040000001,15.857865000000002,-7.21,-2.1,2.66,1770467845.746041
-9.46445256,-6.039153720000001,14.364233640000002,-16.66,-12.25,-9.38,1770467845.753993
-8.437581,-4.38754212,13.36608576,-21.07,-16.66,-14.0,1770467845.762024
-7.15458996,-2.24762796,12.69107928,-21.209999,-22.75,-23.030001,1770467845.769957
-5.73037416,-0.18191664000000002,12.018466440000001,-27.23,-34.02,-25.549999,1770467845.777957
-4.62451248,1.52474868,11.02989312,-25.41,-47.810001,-25.690001,1770467845.785984
-3.5760981600000004,2.55162024,9.93121236,-23.799999,-60.900002,-30.1,1770467845.79401
-2.6689086000000004,3.0734337600000003,8.832531600000001,-14.56,-74.339996,-26.389999,1770467845.801967
-2.05134948,3.17875392,7.70991444,-7.42,-86.870003,-31.5,1770467845.810114
-1.68033528,3.2553504,6.5226690000000005,-0.28,-95.550003,-36.959999,1770467845.818007
-1.3069274400000002,3.88009044,5.04100584,13.65,-91.419998,-41.93,1770467845.825965
-0.016755480000000003,4.78728,3.6838119600000003,21.280001,-103.879997,-34.720001,1770467845.833956
0.4667598,4.8471210000000005,3.01119912,30.24,-113.68,-21.629999,1770467845.841956
0.6534637200000001,5.033824920000001,2.38885272,24.92,-119.0,-17.290001,1770467845.849974
0.9119768400000001,5.11281504,1.8000172800000003,19.879999,-124.459999,-12.95,1770467845.857967
1.2327246,4.904568360000001,1.1226171600000001,10.57,-124.879997,-6.79,1770467845.865959
1.4601204,4.25828556,0.6821874000000001,-0.77,-121.870003,-1.54,1770467845.873994
1.6420370400000002,4.2247746,0.33750324,-2.8,-106.400002,6.58,1770467845.881971
1.8766137600000001,3.4899271200000004,0.66303828,1.12,-85.889999,10.5,1770467845.889961
2.09204136,2.77422876,1.7306017200000001,3.99,-58.240002,8.89,1770467845.897942
2.13512688,2.3218308000000003,3.60960912,7.77,-17.92,5.81,1770467845.90596
1.9556038800000002,1.8024109200000002,6.376656960000001,3.43,24.219999,-5.32,1770467845.91397
1.61091972,0.9981478800000001,9.15088572,-3.64,67.480003,-14.0,1770467845.921961
0.6223464,-0.25611948,11.207022480000001,2.87,109.830002,-23.799999,1770467845.93007
-0.85931676,-1.19442636,12.8418786,9.8,141.820007,-18.549999,1770467845.937955
-3.01119912,-1.4146412400000001,15.38392428,17.92,150.779999,-20.370001,1770467845.946011
-6.50830716,-1.75453812,18.76853124,10.36,145.600006,-16.1,1770467845.953964
-10.18015092,-3.6622692,21.277065959999998,-8.33,120.400002,-43.540001,1770467845.961975
-10.529622360000001,-3.9423250800000003,21.90419964,-17.43,76.510002,-53.830002,1770467845.970156
-10.740262679999999,-5.51015928,21.50924904,-28.07,8.68,-46.27,1770467845.979749
-9.8019558,-7.101929880000001,20.494345680000002,-30.1,-39.689999,-40.669998,1770467845.986796
-8.10965232,-7.295814720000001,19.45311228,-33.32,-79.099998,-42.700001,1770467845.994037
-5.85963072,-6.039153720000001,18.44538984,-38.43,-109.690002,-43.75,1770467846.002024
-3.3965751600000003,-4.12663536,17.133675120000003,-46.900002,-132.509995,-43.889999,1770467846.009965
-1.09389348,-2.3457672,15.441371640000002,-57.119999,-142.800003,-39.200001,1770467846.017982
0.69654924,-0.7731457199999999,13.224861,-61.529999,-146.860001,-37.169998,1770467846.026086
1.4146412400000001,0.48830256000000005,10.81685916,-61.32,-148.960007,-32.27,1770467846.033973
2.0082639600000003,1.38352392,8.61949764,-63.98,-144.830002,-36.049999,1770467846.041958
2.9752945200000003,2.29310712,7.14740904,-61.669998,-155.75,-51.099998,1770467846.049962
4.4042976000000005,4.55030964,6.02239824,-41.23,-159.740005,-8.12,1770467846.057959
4.938079320000001,4.643661600000001,5.53648932,-33.669998,-149.729996,9.59,1770467846.066005
5.3761154399999995,4.488075,4.8231846,-30.450001,-134.889999,19.809999,1770467846.074063
5.45989284,4.059613440000001,3.6933865200000002,-24.780001,-113.889999,28.84,1770467846.08196
5.29712532,3.55934268,2.35294812,-13.23,-88.970001,35.91,1770467846.089958
4.851908280000001,3.37742604,1.16570268,-3.36,-59.220001,35.349998,1770467846.097945
4.243923720000001,3.42769248,0.23697036000000002,6.23,-27.02,37.450001,1770467846.106046
3.7029610800000006,2.97768816,-0.14601204,9.66,7.07,31.15,1770467846.114055
3.31040412,2.2189042800000003,-0.28005588000000003,15.12,42.84,22.4,1770467846.121956
2.96571996,1.7449635600000002,-0.31596048000000004,24.780001,78.959999,13.3,1770467846.129956
2.61624852,1.7090589600000001,0.22978944,37.869999,112.910004,7.0,1770467846.137979
2.43672552,1.8526773600000002,1.4457585600000002,52.220001,142.800003,2.52,1770467846.145937
2.4822046799999997,2.1207650399999998,3.6143964,62.23,167.789993,-0.91,1770467846.153963
2.7263559600000002,2.38406544,6.891289560000001,66.849998,188.300003,-0.91,1770467846.161956
2.6449722,2.36730996,10.192119120000001,74.339996,207.059998,-8.12,1770467846.169954
2.0345940000000002,1.8454964400000002,12.078307440000001,72.660004,222.389999,-9.8,1770467846.178158
0.79947576,0.88085952,13.33018116,79.309998,233.309998,-9.38,1770467846.185936
-0.9526687200000001,0.23697036000000002,14.720886,84.769997,234.710007,-5.67,1770467846.193963
-2.73114324,-0.07899012000000001,16.8871302,81.339996,218.960007,4.55,1770467846.201961
-4.71307716,-0.27287496,20.17120428,70.349998,183.75,18.34,1770467846.209948
-6.64953192,-0.8832531600000001,21.78451764,49.490002,133.210007,38.57,1770467846.217963
-10.26632196,-2.74550508,21.427865280000002,32.970001,92.959999,54.950001,1770467846.226032
-11.917933560000002,-5.79500244,19.86242472,9.45,62.09,18.48,1770467846.233958
-11.77192152,-7.183313640000001,17.95708728,3.99,28.98,3.01,1770467846.24196
-11.309949000000001,-6.941556,16.20015552,0.91,0.98,-7.21,1770467846.249952
-10.503292320000002,-5.854843440000001,14.8525362,-4.69,-17.219999,-18.41,1770467846.257986
-9.35434512,-4.2128064,14.04109224,-12.67,-25.200001,-27.790001,1770467846.265981
-7.958853,-2.2404470400000003,13.385234880000002,-20.09,-28.559999,-32.900002,1770467846.273963
-6.55378632,-0.38776968,12.62405736,-31.360001,-33.599998,-41.09,1770467846.281942
-5.3976582,0.89282772,11.518195680000002,-41.93,-40.529999,-44.939999,1770467846.28995
-4.29179652,1.52474868,10.26632196,-46.970001,-49.77,-51.59,1770467846.297955
-3.38939424,1.94842296,8.9282772,-44.869999,-59.080002,-54.599998,1770467846.306006
-2.5827375600000004,2.25480888,7.693158960000001,-36.68,-70.629997,-61.110001,1770467846.314012
-1.8454964400000002,2.69763228,6.61123368,-25.34,-79.870003,-56.84,1770467846.321963
-1.8000172800000003,2.88912348,5.70404412,-8.19,-85.75,-64.959999,1770467846.329957
-1.44097128,3.93993144,4.5838206,10.43,-89.879997,-62.23,1770467846.337981
-0.17234208,5.129570520000001,3.5186508,32.970001,-90.790001,-47.950001,1770467846.3461
-0.07420284,5.10563412,3.4181179200000003,39.200001,-103.32,-29.82,1770467846.353973
0.17952300000000002,5.21334792,2.9681136,35.0,-113.610001,-18.27,1770467846.362
0.48830256000000005,5.1343578,2.3170435200000004,26.879999,-123.970001,-14.49,1770467846.369963
0.86889132,4.87345104,1.5821960400000001,19.110001,-133.699997,-3.92,1770467846.377957
1.21836276,4.47371316,1.00054152,16.870001,-139.720001,-0.21,1770467846.386013
1.6204942800000002,4.10987988,0.7659648,15.89,-138.320007,8.4,1770467846.394128
1.99390212,3.7939194,0.84016764,15.33,-128.100006,7.91,1770467846.401966
2.3912463600000002,3.4899271200000004,1.40506668,18.200001,-108.639999,4.69,1770467846.409962
2.8723680000000003,3.38460696,2.7359305199999997,10.57,-76.440002,0.07,1770467846.418112
3.4348734000000003,3.4396606800000002,4.6747789200000005,4.13,-34.93,-5.74,1770467846.42595
3.8513667600000003,3.4300861200000003,7.15458996,-7.91,12.11,-7.14,1770467846.433973
3.91599504,2.9202408,9.699029280000001,-22.68,63.279999,-11.06,1770467846.441991
3.4013624399999998,1.735389,12.353576040000002,-22.75,115.150002,-18.34,1770467846.449983
2.18299968,0.43803612,15.28578504,-12.88,163.729996,-25.200001,1770467846.457963
-0.29441772,-0.22978944,19.08209808,1.47,205.660004,-31.709999,1770467846.465959
-3.0351355200000003,-1.376343,22.320693000000002,3.08,225.820007,-30.940001,1770467846.474094
-5.677714079999999,-3.22183944,24.654492,8.54,213.710007,-23.17,1770467846.481957
-8.58838032,-4.8830256,24.39358524,10.78,185.149994,-13.72,1770467846.489956
-11.537344800000001,-6.4029869999999995,21.98079612,-5.11,118.720001,-30.870001,1770467846.497966
-12.5546418,-7.0420888800000006,20.015617680000002,-12.6,44.869999,-36.330002,1770467846.505954
-12.061551960000001,-6.7931503200000005,17.6291586,-24.43,-30.66,-37.380001,1770467846.514089
-10.16818272,-5.63223492,15.33365784,-32.900002,-89.739998,-35.84,1770467846.52196
-7.513635960000001,-4.11466716,13.73709996,-37.099998,-136.289993,-42.700001,1770467846.529954
-4.7824927200000005,-2.6234294400000002,12.372725160000002,-45.779999,-162.119995,-40.110001,1770467846.537939
-2.1806060400000002,-1.2590546400000002,10.917392040000001,-47.25,-177.520004,-41.790001,1770467846.546
-0.17473572,0.059841000000000005,9.3711006,-46.900002,-183.259995,-30.379999,1770467846.55397
0.88085952,0.96224328,8.07374772,-47.810001,-180.179993,-27.51,1770467846.561992
1.6181006400000002,1.11064896,7.075599840000001,-43.889999,-166.880005,-34.650002,1770467846.57002
3.57131088,1.73778264,5.457499200000001,-32.34,-163.660004,-30.24,1770467846.578005
4.646055240000001,2.96093268,5.2372843200000005,-3.22,-145.669998,8.54,1770467846.585971
4.66999164,3.5330126400000004,4.31333928,3.57,-131.669998,25.549999,1770467846.593984
4.56467148,3.77716392,3.36785148,8.26,-110.389999,38.919998,1770467846.601975
4.248711,4.040464320000001,2.40082092,15.75,-85.120003,45.639999,1770467846.610031
3.8106748800000005,4.05243252,1.68272892,16.450001,-56.139999,51.380001,1770467846.617978
3.46838436,3.63354552,1.40746032,23.52,-27.16,47.740002,1770467846.625958
3.0997638,2.9346026400000005,1.21836276,25.969999,4.97,47.880001,1770467846.63399
2.71438776,2.32661808,1.01969064,30.1,34.860001,42.209999,1770467846.641985
2.3697036000000002,2.02741308,1.0053288,40.110001,60.41,30.59,1770467846.64995
2.08725408,1.7712936000000001,1.5462914399999999,45.779999,82.739998,26.6,1770467846.657988
2.02501944,1.4792695200000001,2.76704784,48.860001,101.639999,15.26,1770467846.66612
2.22129792,1.20400092,4.837546440000001,47.740002,115.919998,10.64,1770467846.673953
2.49656652,0.8329867200000001,7.702733520000001,39.549999,130.270004,2.59,1770467846.681981
2.3864590800000003,0.33271596000000003,10.060468920000002,36.540001,141.539993,-1.05,1770467846.689988
1.6994844000000002,-0.47633436000000007,11.62351584,35.630001,155.399994,-9.59,1770467846.698096
0.9071895600000001,-1.37155572,12.633631920000001,46.130001,167.369995,-5.11,1770467846.70596
-0.02872368,-1.95799752,13.966889400000001,56.279999,169.610001,0.07,1770467846.713957
-1.1728836,-2.54204568,16.26717744,57.540001,155.539993,14.0,1770467846.721969
-2.86997436,-2.3218308000000003,19.31188752,54.18,132.509995,21.280001,1770467846.72996
-4.53834144,-2.2619898000000003,20.7408906,43.189999,101.080002,35.349998,1770467846.737958
-6.71894748,-2.7407178,20.87014716,32.759998,78.959999,45.849998,1770467846.746009
-9.22030128,-4.964409359999999,20.4416856,9.8,56.07,16.73,1770467846.754001
-9.6104646,-5.14871964,18.75177576,-3.15,35.77,12.18,1770467846.76198
-9.8498286,-4.49525592,16.85601288,-5.67,16.309999,-0.14,1770467846.769962
-9.69184836,-3.1452429600000005,15.185252160000001,-10.36,-0.35,-2.87,1770467846.777996
-9.0000864,-1.5415041600000001,14.18949792,-16.1,-13.44,-11.27,1770467846.78595
-7.86789468,0.14601204,13.531246920000001,-22.4,-24.01,-19.809999,1770467846.793971
-6.63517008,1.55347236,12.83469768,-35.560001,-32.27,-20.58,1770467846.801965
-5.49819108,2.6090676,11.834156160000001,-41.860001,-39.200001,-20.93,1770467846.809961
-4.54312872,3.3439150800000004,10.534409640000002,-43.75,-48.369999,-19.879999,1770467846.817976
-3.91838868,3.43726704,9.337589640000001,-37.380001,-56.91,-20.09,1770467846.825989
-3.43247976,3.17875392,8.14555692,-27.58,-66.43,-25.059999,1770467846.833957
-2.7766224000000004,3.02316732,7.1498026800000005,-9.8,-75.25,-29.120001,1770467846.84198
-1.47687588,3.88009044,6.0583028400000005,13.86,-87.919998,-12.25,1770467846.850034
-1.3093210800000001,3.81546216,5.6585649600000005,22.889999,-99.75,-10.57,1770467846.857957
-0.9407005200000002,3.84418584,4.806429120000001,26.110001,-110.879997,-15.33,1770467846.865981
-0.39734424,3.4181179200000003,3.8992395600000003,14.56,-125.019997,-22.26,1770467846.874041
-0.11010744,3.25056312,2.9202408,3.01,-131.669998,-25.48,1770467846.881995
-0.38058875999999997,3.470778,1.83352824,-3.71,-128.100006,-21.91,1770467846.88996
0.84734856,4.52876688,0.5792608800000001,-5.11,-131.529999,-16.24,1770467846.897951
1.01969064,4.12663536,0.16516116,-6.44,-135.940002,1.33,1770467846.906042
1.48166316,4.0572198,0.00718092,-9.45,-139.789993,1.75,1770467846.914182
2.1423078,3.5976409200000004,0.24415128000000003,-5.32,-136.429993,3.43,1770467846.921966
2.99923092,2.68327044,1.04841432,0.0,-122.989998,3.99,1770467846.930534
3.6407264400000003,2.30268168,2.22369156,6.65,-102.760002,-2.24,1770467846.937963
4.2128064,2.34097992,3.8034939600000004,8.12,-69.860001,1.33,1770467846.945965
4.452170400000001,2.4822046799999997,5.79978972,-3.22,-26.879999,-1.96,1770467846.953959
4.55749056,2.50853472,7.779330000000001,-13.79,19.879999,0.63,1770467846.961971
4.42105308,1.70666532,9.88094592,-19.950001,66.080002,-7.07,1770467846.970254
3.63354552,0.3111732,11.8844226,-21.07,113.260002,-9.45,1770467846.978408
2.76704784,-0.98378604,14.10093324,-5.53,157.570007,-13.02,1770467846.986291
1.9771466400000002,-2.01544488,17.313198120000003,6.09,186.759995,-10.57,1770467846.994061
-0.18191664000000002,-2.90348532,20.48237748,13.02,198.729996,-0.49,1770467847.001975
-2.74311144,-4.22716824,22.81857012,20.790001,191.729996,13.3,1770467847.009977
-6.63756372,-5.61787308,24.415128,21.0,178.5,24.99,1770467847.018101
-8.88997896,-6.81469308,23.34038364,8.12,145.809998,2.31,1770467847.025968
-9.99584064,-6.30484776,21.61217556,-2.24,97.510002,-7.91,1770467847.033973
-10.20169368,-5.163081480000001,19.326249360000002,-18.34,45.919998,-1.82,1770467847.041963
-9.404611560000001,-3.73647204,16.7913846,-28.07,-4.41,-8.89,1770467847.049955
-7.63331796,-1.9867212,14.9961546,-38.360001,-44.52,-8.12,1770467847.05803
-5.457499200000001,-0.38537604000000003,13.68683352,-43.889999,-72.239998,-14.42,1770467847.065955
-3.37263876,1.0412334,12.336820560000001,-52.779999,-88.199997,-13.86,1770467847.073966
-1.6204942800000002,2.17581876,10.862338320000001,-57.82,-95.129997,-10.57,1770467847.081947
-0.7061238000000001,2.4726301200000003,9.45248436,-61.18,-97.580002,-11.9,1770467847.089957
0.0023936400000000003,2.5707693600000003,7.822415520000001,-63.91,-93.660004,-16.450001,1770467847.09795
1.14415992,2.9154535200000002,6.13729296,-49.209999,-78.400002,-2.31,1770467847.105999
2.3577354,3.6838119600000003,5.58196848,-26.879999,-80.989998,35.630001,1770467847.113954
2.39364,3.7077483600000005,5.146326,-13.44,-76.440002,44.66,1770467847.121967
2.6210358,3.6838119600000003,4.61015064,-2.31,-64.190002,54.18,1770467847.129958
2.79098424,3.7628020800000006,4.0691880000000005,9.45,-48.790001,57.540001,1770467847.137969
2.78619696,3.6503010000000002,3.7149292800000002,19.67,-33.32,59.150002,1770467847.145956
2.72396232,3.2194458000000004,3.56173632,25.76,-14.77,60.900002,1770467847.153951
2.6018866800000002,2.79337788,3.530619,25.059999,2.03,59.5,1770467847.161949
2.54204568,2.5707693600000003,3.5760981600000004,27.65,17.85,56.419998,1770467847.169957
2.4798110400000004,2.5181092800000004,3.45162888,30.309999,32.200001,46.060001,1770467847.178034
2.32422444,2.56837572,3.22662672,34.860001,43.400002,42.279999,1770467847.185974
2.0681049600000003,2.5252902,3.21705216,39.200001,54.32,33.32,1770467847.194298
1.9029438000000003,2.1447014400000004,3.4229052,44.099998,65.660004,29.610001,1770467847.202
1.8670392,1.56544056,4.28222196,56.209999,70.139999,15.26,1770467847.210026
2.05374312,1.0149033600000001,5.92665264,62.09,71.610001,4.48,1770467847.217946
2.15666964,0.47154708,8.2460898,71.400002,72.870003,-5.18,1770467847.225955
2.08007316,-0.11489472,10.347705720000002,68.459999,74.760002,-12.95,1770467847.233949
1.9053374400000003,-1.00293516,11.925114480000001,60.41,81.410004,-13.16,1770467847.241951
1.6875162000000001,-1.94363568,12.84666588,56.630001,80.779999,-8.68,1770467847.249978
1.6875162000000001,-4.01413428,14.3259354,43.189999,70.839996,8.96,1770467847.257991
0.7587838800000001,-4.16253996,15.838715880000002,36.470001,63.84,27.09,1770467847.265949
-0.7922948400000001,-3.6598755600000006,17.45442288,36.330002,67.059998,34.860001,1770467847.273953
-5.41680732,-5.876386200000001,19.357366680000002,28.629999,85.610001,24.5,1770467847.281942
-4.8351528,-4.25110464,18.14857848,20.299999,97.720001,9.17,1770467847.289949
-6.36947604,-3.58327908,17.53820028,16.73,112.489998,8.05,1770467847.297932
-7.908586560000001,-2.33858628,16.686064440000003,18.41,121.309998,10.43,1770467847.306072
-9.36870696,-0.38537604000000003,15.838715880000002,19.74,122.290001,5.81,1770467847.31396
-10.287864720000002,2.03220036,15.08232564,8.12,112.279999,12.81,1770467847.321968
-10.725900840000001,4.13142264,14.373808200000001,-1.19,83.650002,8.4,1770467847.329965
-10.529622360000001,5.38569,13.33496844,-26.879999,43.119999,5.18,1770467847.337954
-9.687061080000001,5.541276600000001,12.02325372,-44.099998,-8.05,-0.91,1770467847.345958
-8.334654480000001,5.2899444,10.36924848,-59.779999,-55.23,-13.51,1770467847.354056
-6.704585640000001,4.62451248,9.24184404,-68.879997,-89.459999,-9.45,1770467847.361994
-5.033824920000001,3.93035688,8.322686280000001,-72.449997,-116.410004,-14.14,1770467847.369962
-2.95135812,4.10748624,7.43943312,-73.080002,-135.309998,5.6,1770467847.377954
-1.8574646400000001,3.59524728,7.09474896,-74.480003,-143.429993,10.71,1770467847.385995
-0.6654319200000001,3.0758274,6.6064464,-74.760002,-141.889999,13.58,1770467847.393968
0.052660080000000005,2.3864590800000003,5.91947172,-74.129997,-132.720001,17.5,1770467847.402008
0.54096264,1.6755480000000003,5.17983696,-64.330002,-115.010002,7.35,1770467847.41001
1.2853846800000002,1.40267304,4.5000432,-54.459999,-98.559998,6.65,1770467847.417959
2.22369156,1.3165020000000003,4.129029,-35.77,-89.459999,13.79,1770467847.425962
1.6420370400000002,0.86410404,4.179295440000001,-21.77,-75.669998,16.379999,1770467847.434012
1.3165020000000003,0.6031972800000001,4.21998732,-12.25,-59.639999,19.25,1770467847.441991
0.97421148,0.33989688,4.44738312,-3.15,-47.110001,18.41,1770467847.44996
0.5601117600000001,0.19627848000000003,4.87345104,-0.91,-36.889999,19.25,1770467847.457957
0.13643748,0.05026644,5.32824264,1.89,-30.24,17.219999,1770467847.465986
-0.40931244,-0.08377740000000002,5.567606640000001,1.75,-25.549999,18.83,1770467847.474016
-0.9885733200000001,-0.17473572,5.531702040000001,-0.77,-25.549999,21.07,1770467847.481956
-1.24229916,-0.5625054,5.95537632,9.1,-24.92,20.16,1770467847.489964
-1.48884408,-1.11064896,7.1162917199999995,20.02,-21.139999,28.280001,1770467847.497974
-2.7287496000000004,-1.68990984,8.777477880000001,34.23,-7.98,37.450001,1770467847.506118
-3.1045510800000002,-1.7904427200000002,10.18733184,38.290001,7.28,36.889999,1770467847.513952
-4.76573724,-3.3822133200000004,11.709686880000001,31.99,18.41,20.16,1770467847.521963
-4.8806319600000005,-4.06679436,12.585759120000002,36.540001,23.52,9.38,1770467847.529948
-5.58675576,-4.45935132,13.4283204,43.189999,29.889999,12.95,1770467847.537989
-5.9481954,-4.30615836,14.483915640000001,53.200001,28.280001,15.68,1770467847.545967
-5.95537632,-3.25295676,15.367168800000002,53.200001,17.08,17.360001,1770467847.554041
-5.62026672,-1.5845896800000001,16.18579368,45.290001,-2.03,28.559999,1770467847.561964
-5.09366592,0.20106576,17.03553588,35.349998,-21.98,30.52,1770467847.570009
-4.25828556,1.6396434000000002,17.69139324,20.860001,-41.02,34.09,1770467847.578
-3.1356684,2.7646542000000003,18.00735372,5.46,-55.09,30.73,1770467847.585955
-1.88379468,3.40375608,17.3419218,-8.26,-66.57,35.209999,1770467847.59395
-0.8832531600000001,3.19790304,16.05174984,-17.92,-73.849998,36.119999,1770467847.602126
0.06462828000000001,2.84603796,14.50306476,-15.89,-81.760002,28.209999,1770467847.609957
0.79468848,2.1375205200000003,12.93523056,-13.3,-80.919998,30.17,1770467847.617952
3.02077368,4.03088976,9.95514876,3.22,-78.400002,50.259998,1770467847.626004
2.8915171200000005,4.25589192,10.115522640000002,18.200001,-79.449997,65.730003,1770467847.634019
3.1356684,4.97159028,9.00726732,24.99,-69.790001,74.199997,1770467847.641958
3.3151914000000002,5.80218336,7.609381560000001,33.669998,-56.630001,69.790001,1770467847.649954
3.30082956,6.946343280000001,6.276124080000001,35.560001,-43.540001,68.110001,1770467847.657955
3.051891,7.377198480000001,4.9763775599999995,29.540001,-30.1,62.93,1770467847.665996
2.67130224,7.247941920000001,3.7005674400000004,11.2,-18.129999,54.25,1770467847.673949
2.48459832,6.486764400000001,2.86279344,-15.33,-5.25,52.919998,1770467847.681959
2.4750237600000005,5.036218560000001,2.5755566400000003,-41.369999,7.28,48.09,1770467847.689965
2.6808768000000005,3.65748192,2.7478987200000002,-63.349998,21.98,51.73,1770467847.698094
2.91305988,2.3098626,3.2553504,-71.610001,32.970001,49.0,1770467847.705977
2.9896563600000006,1.18963908,4.083549840000001,-69.510002,39.41,51.029999,1770467847.713963
2.9322090000000003,0.20106576,5.18462424,-64.330002,45.57,50.259998,1770467847.721968
2.77901604,-0.70851744,6.30245412,-46.41,49.07,50.889999,1770467847.729954
2.50853472,-1.3284702000000002,7.08278076,-27.790001,56.349998,48.23,1770467847.738045
2.88912348,-2.64018492,7.875075600000001,-3.22,59.919998,53.689999,1770467847.745967
2.7814096800000003,-3.0183800400000003,8.542901160000001,23.870001,68.389999,60.689999,1770467847.753959
2.5109283600000003,-3.50907624,9.64158192,46.130001,77.769997,62.16,1770467847.761964
1.5079932,-5.043399480000001,11.05382952,64.120003,92.190002,46.34,1770467847.770004
1.42660944,-5.1941988,11.14478784,73.080002,107.940002,41.16,1770467847.777963
1.15612812,-5.50058472,11.747985120000001,85.959999,116.760002,39.900002,1770467847.785992
0.62713368,-5.58675576,12.344001480000001,91.839996,120.190002,37.799999,1770467847.793963
-0.1555866,-5.361753600000001,12.39666156,94.5,121.660004,38.150002,1770467847.802052
-0.97421148,-4.64844888,12.28655412,95.620003,119.839996,33.32,1770467847.809969
-1.5965578800000002,-3.61918368,12.28416048,89.599998,116.900002,37.450001,1770467847.817967
-2.36730996,-2.5803439200000002,12.49240716,84.0,113.82,37.380001,1770467847.826006
-3.21226488,-1.5486850800000003,12.91129416,80.989998,119.07,37.73,1770467847.833965
-4.22716824,-0.39016332000000004,13.358904840000001,72.449997,131.179993,36.68,1770467847.841961
-5.07691044,1.2231500400000002,13.73470632,68.32,142.169998,34.439999,1770467847.84996
-5.79500244,3.00162456,14.206253400000001,55.720001,149.029999,34.439999,1770467847.857989
-6.35990148,4.8231846,14.51024568,41.650002,143.5,28.559999,1770467847.866055
-6.85059768,6.582510000000001,14.25651984,21.0,126.489998,20.719999,1770467847.873965
-7.17852636,7.13783448,13.739493600000001,-2.94,104.089996,9.59,1770467847.881962
-5.91468444,8.21736612,12.267405,-15.68,67.970001,12.32,1770467847.889975
-6.1444738800000005,7.23118644,11.685750480000001,-32.41,38.779999,9.03,1770467847.89797
-5.373721800000001,6.29766684,10.627761600000001,-43.470001,13.79,1.96,1770467847.905967
-4.36360572,5.22292248,9.576953640000001,-51.52,-5.81,0.42,1770467847.914029
-3.2481694800000005,4.52876688,8.66258316,-57.189999,-18.690001,-1.05,1770467847.921968
-2.2260852000000004,4.11466716,7.98039576,-54.810001,-27.440001,-2.31,1770467847.930054
-1.40746032,3.8585476800000005,7.47294408,-58.66,-29.889999,-0.14,1770467847.937964
-0.7276665600000001,3.59046,7.1091108,-60.060001,-28.559999,2.73,1770467847.945995
-0.20106576,3.36067056,6.74527752,-60.759998,-24.639999,4.13,1770467847.953963
0.08617104,2.9441772,6.448466160000001,-62.299999,-14.77,10.64,1770467847.961963
0.21303396,2.692845,6.10856928,-57.119999,-4.34,15.89,1770467847.97862
-0.10292652000000001,2.3002880400000003,5.929046280000001,-49.77,14.21,24.290001,1770467847.981559
-0.43803612,2.23565976,5.78782152,-46.689999,28.0,26.950001,1770467847.989625
-0.94309416,2.16863784,5.842875240000001,-41.09,40.880001,30.73,1770467847.997791
-1.555866,1.9962957600000002,6.06548376,-40.459999,54.110001,27.719999,1770467848.005627
-2.26917072,1.9603911600000001,6.1755912,-38.360001,65.309998,34.09,1770467848.013557
-3.02077368,1.8359218800000001,6.386231520000001,-33.32,72.870003,32.48,1770467848.021664
-3.7532275200000003,1.40506668,6.484370760000001,-29.469999,76.93,35.77,1770467848.029584
-4.69392804,0.96224328,6.580116360000001,-20.65,79.660004,38.150002,1770467848.037527
-5.59633032,0.42128064000000004,6.56336088,-11.76,80.290001,38.360001,1770467848.045546
-6.352720560000001,-0.11250108000000002,6.233038560000001,0.56,75.529999,47.880001,1770467848.053544
-7.140228120000001,-0.6654319200000001,5.845268880000001,13.65,63.419998,48.580002,1770467848.061595
-8.0306622,-1.40506668,6.03436644,26.32,51.66,55.439999,1770467848.06955
-9.11258748,-1.63006884,6.577722720000001,39.900002,39.549999,44.310001,1770467848.077538
-9.912063240000002,-1.7449635600000002,7.499274120000001,47.880001,25.969999,35.560001,1770467848.085576
-10.69238988,-1.5606532800000001,8.468698320000001,58.52,8.68,31.780001,1770467848.093563
-11.25250164,-1.3165020000000003,9.47642076,60.549999,-9.03,24.92,1770467848.101932
-11.25728892,-0.77553936,10.60143156,58.869999,-31.219999,15.47,1770467848.109629
-10.66605984,-0.33271596000000003,11.85569892,56.84,-52.43,11.83,1770467848.11757
-9.5625918,0.052660080000000005,13.16262636,54.669998,-74.410004,6.02,1770467848.125527
-8.13358872,0.4069188,14.507852040000001,51.799999,-98.07,4.34,1770467848.133538
-6.592084560000001,1.02447792,15.68552292,47.599998,-120.75,-2.8,1770467848.141575
-4.76573724,2.0585304,16.090048080000003,47.389999,-142.449997,-5.46,1770467848.149543
-2.9872627200000004,3.15481752,15.824354040000001,48.650002,-160.509995,-9.17,1770467848.157529
-1.6683670800000001,3.8106748800000005,15.178071240000001,49.560001,-174.509995,-17.08,1770467848.165618
-0.7348474800000001,4.3827548400000005,14.132050560000001,59.290001,-183.820007,-21.49,1770467848.173556
0.68458104,5.41920096,12.93044328,63.209999,-188.369995,-17.08,1770467848.181572
3.16678572,6.62320188,11.690537760000002,66.080002,-195.509995,0.77,1770467848.189603
2.79577152,6.6184146,10.36206756,49.419998,-198.660004,5.11,1770467848.197535
3.1260938400000002,6.36947604,8.5093902,20.02,-192.080002,7.0,1770467848.205536
3.7484402400000003,5.6370222000000005,6.869746800000001,-8.19,-171.429993,7.28,1770467848.213543
4.30137108,5.0146758,5.5604257200000005,-33.459999,-145.179993,7.7,1770467848.221655
4.8471210000000005,4.2128064,4.796854560000001,-55.650002,-109.900002,7.63,1770467848.229551
5.2301034,3.20508396,4.42344672,-68.529999,-72.239998,5.46,1770467848.237534
5.577181200000001,2.26917072,4.330094760000001,-76.089996,-34.439999,-1.47,1770467848.245539
5.756704200000001,1.6875162000000001,4.602969720000001,-72.029999,-1.12,-2.17,1770467848.253535
5.7231932400000005,1.42182216,5.2588270800000005,-67.900002,32.549999,-2.73,1770467848.261556
5.45989284,1.0795316400000001,6.15404844,-62.860001,57.189999,-0.49,1770467848.269607
5.1702623999999995,0.5864418,7.08038712,-57.75,77.419998,5.6,1770467848.277532
4.85430192,0.0047872800000000005,8.08332228,-50.540001,92.400002,6.79,1770467848.285526
4.5718524,-0.43803612,9.03120372,-45.080002,102.059998,13.51,1770467848.293541
4.27982832,-0.7683584400000001,10.00062792,-36.119999,107.519997,16.59,1770467848.301571
3.83221764,-1.0532016,10.76180544,-28.35,109.900002,21.42,1770467848.309598
3.26492496,-1.3165020000000003,11.130426000000002,-18.969999,110.18,26.879999,1770467848.317547
2.65454676,-1.4601204,11.087340480000002,-14.35,108.43,32.060001,1770467848.325547
2.06331768,-1.68033528,10.725900840000001,-6.65,107.099998,39.48,1770467848.333544
1.4720886,-1.88858196,10.35009936,0.91,107.309998,45.990002,1770467848.341622
0.8545294800000001,-2.154276,9.847434960000001,9.03,111.440002,53.41,1770467848.349561
0.17712936,-2.4295446,9.337589640000001,21.0,116.059998,57.119999,1770467848.357537
-0.48590892,-2.40082092,9.19875852,31.780001,123.690002,58.869999,1770467848.36554
-1.2686292,-2.16385056,9.32562144,42.91,132.509995,58.939999,1770467848.373571
-1.82156004,-1.38352392,9.42854796,49.77,139.649994,57.330002,1770467848.381633
-2.42236368,-0.79947576,9.6583374,57.75,145.809998,57.189999,1770467848.389558
-3.45162888,-0.20585304000000001,9.73972116,62.439999,153.720001,53.830002,1770467848.397539
-4.47371316,0.45957888,9.69184836,64.889999,162.190002,46.060001,1770467848.40555
-5.2253161200000005,1.30214016,9.6224328,62.720001,164.009995,38.639999,1770467848.413573
-6.233038560000001,2.1423078,9.70860384,56.77,162.399994,30.799999,1770467848.421576
-7.17852636,2.97290088,9.77562576,45.849998,156.940002,20.719999,1770467848.429609
-7.958853,3.4995016800000003,9.773232120000001,35.0,148.399994,11.62,1770467848.437546
-8.468698320000001,3.6000345600000005,9.83307312,17.01,134.050003,0.0,1770467848.44555
-8.64582768,3.4396606800000002,9.864190440000002,5.39,112.489998,-8.47,1770467848.453615
-8.65061496,3.20987124,9.95993604,-6.44,87.57,-20.65,1770467848.461583
-8.39688912,3.0758274,9.952755119999999,-13.44,60.970001,-22.469999,1770467848.469555
-7.925342040000001,3.0423164400000005,9.98387244,-17.92,34.23,-29.889999,1770467848.477544
-7.23118644,3.21226488,9.902488680000001,-26.74,10.22,-35.279999,1770467848.485644
-6.386231520000001,3.57131088,9.8378604,-34.23,-9.03,-35.279999,1770467848.493546
-5.45989284,3.9064204800000004,9.79477488,-42.0,-26.67,-41.09,1770467848.501575
-4.5598842,3.96386784,9.545836320000001,-50.330002,-38.290001,-44.450001,1770467848.509587
-3.8058876000000006,3.9016332000000005,9.251418600000001,-60.200001,-47.32,-43.959999,1770467848.517541
-3.0375291600000005,3.8034939600000004,9.002480040000002,-67.760002,-52.919998,-42.419998,1770467848.525545
-2.4247573200000003,3.4181179200000003,8.985724560000001,-73.639999,-52.360001,-36.470001,1770467848.533669
-2.0226258,3.0973701600000005,9.10301292,-75.18,-45.43,-31.360001,1770467848.541576
-1.73299536,2.73832416,9.04317192,-77.769997,-33.459999,-21.0,1770467848.549579
-1.7210271600000002,2.48699196,8.696094120000001,-71.959999,-16.1,-16.1,1770467848.557541
-1.9412420400000001,2.19975516,8.20061064,-66.849998,5.32,-5.67,1770467848.565544
-2.5300774800000005,2.10879684,7.815234600000001,-50.540001,28.0,0.0,1770467848.573593
-3.36785148,2.27874528,7.54475328,-39.689999,51.73,6.44,1770467848.581578
-4.40669124,2.5970994,7.453794960000001,-31.08,72.940002,8.96,1770467848.589551
-5.5173402000000005,3.04710372,7.34129388,-23.450001,89.949997,11.41,1770467848.597539
-6.6303828000000005,3.4300861200000003,7.42267764,-22.190001,99.889999,12.32,1770467848.605671
-7.68597804,3.7005674400000004,7.391560320000001,-20.16,101.5,16.379999,1770467848.613562
-8.91870264,3.78913212,7.097142600000001,-16.1,95.410004,18.9,1770467848.621579
-9.96472332,3.6622692,6.6064464,-12.88,77.839996,13.86,1770467848.629618
-10.88866836,3.34152144,6.13011204,-3.92,55.509998,12.39,1770467848.63755
-11.4535674,2.8388570399999997,5.785427880000001,6.79,27.719999,3.64,1770467848.645542
-11.755166039999999,2.1375205200000003,5.60590488,20.299999,-1.75,2.45,1770467848.653673
-11.893997160000001,1.3883112000000002,5.543670240000001,33.110001,-30.450001,-13.93,1770467848.66158
-11.61394128,1.04602068,5.52212748,47.880001,-56.209999,-24.639999,1770467848.669551
-11.00595672,0.79468848,5.19898608,62.439999,-84.0,-32.48,1770467848.677547
-10.39557852,0.81862488,5.11520868,77.980003,-108.43,-44.029999,1770467848.685576
-9.41179248,0.96224328,5.41202004,96.32,-128.660004,-41.369999,1770467848.693636
-8.2460898,1.3069274400000002,6.1229311200000005,105.769997,-149.940002,-43.82,1770467848.701573
-6.81229944,1.61091972,7.0516634400000004,106.330002,-172.059998,-35.700001,1770467848.709596
-5.263614360000001,2.08725408,7.87986288,107.519997,-195.649994,-33.810001,1770467848.717544
-3.53540628,2.0561367600000002,8.82295704,102.900002,-220.5,-28.209999,1770467848.725573
-2.0896477200000003,2.0944350000000003,9.67988016,99.75,-237.440002,-27.860001,1770467848.73356
-0.55532448,1.8454964400000002,10.328556599999999,93.660004,-245.070007,-23.59,1770467848.741589
0.58883544,2.13273324,10.68042168,83.650002,-243.809998,-26.67,1770467848.749548
1.4194285199999999,2.5228965600000004,11.132819640000001,71.610001,-232.399994,-35.700001,1770467848.757546
2.53247112,2.83406976,11.25250164,49.0,-215.529999,-50.400002,1770467848.765567
6.039153720000001,5.06494224,10.45781316,33.18,-213.639999,-45.360001,1770467848.773545
5.79739608,4.959622080000001,10.216055520000001,15.19,-190.889999,-38.080002,1770467848.781575
6.13011204,4.64844888,9.380675160000001,-9.87,-161.630005,-32.619999,1770467848.789581
6.62320188,3.88487772,8.58838032,-32.900002,-130.759995,-38.639999,1770467848.797537
7.05884436,3.20987124,8.02348128,-59.290001,-94.43,-46.619999,1770467848.805708
7.37480484,2.45826828,7.8846501600000005,-74.059998,-52.639999,-49.07,1770467848.813538
7.60220064,1.50320592,8.18146152,-82.669998,-6.58,-55.439999,1770467848.821676
7.61416884,0.43324884,8.72003052,-81.550003,41.299999,-56.279999,1770467848.829578
7.200069120000001,-0.67979376,9.48599532,-76.720001,80.849998,-54.669998,1770467848.837538
6.3551142,-1.60613244,10.204087320000001,-72.449997,112.489998,-52.919998,1770467848.845613
5.325849000000001,-2.0585304,10.82643372,-65.519997,137.759995,-48.23,1770467848.853586
4.01413428,-2.0896477200000003,11.43920556,-56.84,157.919998,-44.59,1770467848.86159
2.6186421600000003,-1.7760808799999999,12.08309472,-56.139999,174.020004,-37.73,1770467848.86955
1.2159691200000002,-1.35480024,12.4349598,-54.32,181.649994,-34.509998,1770467848.877541
-0.14122476,-1.00054152,12.329639640000002,-57.75,183.050003,-26.530001,1770467848.885575
-1.33804476,-0.6582510000000001,11.908359,-51.310001,179.759995,-18.549999,1770467848.893618
-2.3864590800000003,-0.5912290800000001,11.41526916,-46.759998,166.460007,-11.9,1770467848.901573
-3.4612034400000002,-0.40931244,10.967658479999999,-42.419998,152.25,-3.5,1770467848.909602
-4.47371316,-0.33750324,10.711539000000002,-32.689999,135.240005,2.1,1770467848.917542
-5.06972952,-0.23457672000000002,10.45781316,-28.07,118.580002,10.29,1770467848.925545
-5.749523280000001,-0.05505372,10.0054152,-20.719999,102.199997,16.450001,1770467848.933569
-5.9841,0.19388484,9.34477056,-15.12,83.370003,19.25,1770467848.941704
-5.9481954,0.37340784000000005,8.4854538,-7.98,60.759998,30.940001,1770467848.949563
-5.75191692,0.49787712,7.43703948,-2.66,36.540001,37.240002,1770467848.957535
-5.47664832,0.6319209600000001,6.53224356,5.53,12.88,41.509998,1770467848.965546
-4.9308984,0.56968632,6.00564276,16.450001,-11.27,43.540001,1770467848.973868
-4.12663536,0.46436616000000003,5.749523280000001,21.209999,-29.540001,44.869999,1770467848.982222
-3.3439150800000004,0.34707780000000005,5.98649364,32.900002,-40.810001,45.43,1770467848.989645
-2.5803439200000002,0.38776968,6.43410432,39.130001,-48.02,43.959999,1770467848.997726
-2.07289224,0.49548348,6.92480052,46.970001,-47.110001,41.580002,1770467849.005547
-1.4361840000000001,0.7851139200000001,7.37480484,51.310001,-41.02,39.900002,1770467849.013549
-1.11543624,1.4696949600000002,7.99954488,56.91,-33.110001,34.509998,1770467849.021579
-0.8856468000000001,2.09922228,8.77508424,50.889999,-20.02,22.75,1770467849.029554
-0.81862488,2.54683296,9.73493388,43.119999,-5.32,11.06,1770467849.037523
-1.05080796,3.09497652,10.59664428,31.219999,10.78,2.66,1770467849.045617
-1.4696949600000002,3.1596048,11.250108,15.33,28.42,-5.46,1770467849.053583
-2.33858628,3.1835412,11.341066320000001,5.11,43.959999,-9.8,1770467849.061573
-3.3965751600000003,2.99923092,11.429631,-4.76,59.639999,-10.01,1770467849.069597
-4.796854560000001,3.06625284,11.25968256,-8.68,76.790001,-19.459999,1770467849.077547
-5.8309070400000005,2.91305988,10.9748394,-16.24,89.389999,-23.030001,1770467849.085609
-6.74767116,2.88912348,10.55116512,-19.74,93.870003,-30.450001,1770467849.093577
-7.3484748,3.07104012,10.110735360000001,-22.75,89.879997,-32.060001,1770467849.101572
-7.83677736,3.4612034400000002,10.093979880000001,-26.67,77.769997,-31.57,1770467849.109598
-8.033055840000001,3.4995016800000003,10.407546720000001,-25.34,63.07,-30.309999,1770467849.117538
-8.17667424,3.1955093999999997,10.713932640000001,-24.43,46.34,-22.610001,1770467849.125528
-8.370559080000001,2.9274217200000003,10.65648528,-21.0,31.92,-15.82,1770467849.133559
-8.581199400000001,2.76226056,10.2567474,-15.82,16.940001,-9.94,1770467849.141678
-8.696094120000001,2.6880577199999998,9.56019816,-13.93,4.76,-7.77,1770467849.149547
-8.72003052,2.7407178,8.937851760000001,-10.92,-3.92,-9.03,1770467849.157539
-8.58838032,2.7694414800000002,8.4136446,-7.77,-12.46,-8.12,1770467849.165535
-8.45433648,2.79816516,8.11204596,-3.43,-17.15,-14.07,1770467849.173564
-8.25566436,2.6880577199999998,7.9492784400000005,3.22,-20.02,-21.49,1770467849.181621
-7.922948400000001,2.4822046799999997,8.0067258,7.98,-21.139999,-27.65,1770467849.189639
-7.63331796,2.2955007600000004,7.9923639600000005,11.41,-20.370001,-40.459999,1770467849.197534
-7.2886338,1.75214448,7.97800212,14.35,-16.24,-46.060001,1770467849.205757
-6.8577786000000005,1.13458536,7.79608548,19.74,-15.19,-50.189999,1770467849.213553
-6.42452976,0.68458104,7.65246708,22.540001,-20.860001,-52.990002,1770467849.221664
-6.0319728,0.38058875999999997,7.75778724,21.77,-31.15,-54.040001,1770467849.229575
-5.577181200000001,0.34468416,7.803266400000001,26.74,-46.900002,-53.689999,1770467849.237535
-4.94047296,0.30159864000000003,7.42267764,32.130001,-66.779999,-50.75,1770467849.245537
-4.385148480000001,0.42846156,6.68304288,46.200001,-85.75,-44.380001,1770467849.253561
-3.9255696,0.74442204,5.737555080000001,56.98,-101.989998,-40.459999,1770467849.261576
-3.4899271200000004,0.9646369200000001,4.66999164,73.639999,-118.720001,-36.75,1770467849.269589
-2.9944436400000005,1.077138,3.78913212,91.0,-130.759995,-36.189999,1770467849.27753
-2.33140536,1.3667684400000002,3.54019356,105.209999,-141.399994,-43.68,1770467849.285528
-1.4936313600000002,2.0704986,4.11466716,112.839996,-150.5,-49.07,1770467849.293536
-0.52181352,3.41572428,5.09127228,114.660004,-152.389999,-58.73,1770467849.301582
-0.08377740000000002,4.2965838,6.30006048,104.440002,-146.089996,-66.849998,1770467849.309602
0.9574560000000001,5.507765640000001,7.0516634400000004,84.559998,-135.520004,-72.239998,1770467849.317651
2.13512688,6.268943160000001,7.815234600000001,62.23,-126.559998,-68.110001,1770467849.325537
2.1303396,5.577181200000001,8.916309,31.08,-111.089996,-65.940002,1770467849.33354
2.55162024,4.287009240000001,10.053288,-1.75,-93.449997,-64.610001,1770467849.341576
2.8484316,2.4343318800000002,11.506227480000002,-25.9,-69.089996,-68.040001,1770467849.349579
2.86518708,0.38537604000000003,13.10996628,-32.689999,-42.490002,-65.029999,1770467849.357584
2.8244952000000003,-1.17048996,14.6251404,-33.880001,-16.379999,-67.059998,1770467849.365553
2.60428032,-2.13512688,15.67594836,-32.34,3.78,-64.470001,1770467849.373544
2.3433735600000003,-2.31464988,16.35334848,-27.23,15.61,-63.77,1770467849.381574
1.68990984,-2.5611948,16.5998934,-28.84,22.68,-63.560001,1770467849.389559
1.16570268,-1.99150848,16.417976760000002,-28.0,29.889999,-59.849998,1770467849.397561
0.60559092,-1.2925655999999999,15.821960400000002,-27.23,33.32,-56.700001,1770467849.405628
-0.016755480000000003,-0.52420716,14.89083444,-26.809999,30.52,-47.389999,1770467849.413559
-0.45000432000000007,0.16276752,13.83284556,-28.77,25.9,-46.970001,1770467849.421632
-0.84016764,0.66303828,12.731771160000001,-31.360001,15.54,-38.990002,1770467849.429734
-1.2446928,0.96703056,11.6450586,-34.299999,7.63,-37.099998,1770467849.437543
-1.47687588,1.1369790000000002,10.728294479999999,-35.630001,4.41,-30.379999,1770467849.445543
-1.59895152,1.29974652,10.13467176,-35.700001,5.53,-25.620001,1770467849.453556
-1.52474868,1.5798024,9.8977014,-35.0,10.99,-20.370001,1770467849.461597
-1.39549212,1.91251836,9.8258922,-37.099998,18.76,-14.56,1770467849.469633
-1.33804476,2.21651064,9.761263920000001,-39.130001,24.08,-5.88,1770467849.477541
-1.3428320400000002,2.3768845200000004,9.35434512,-40.880001,26.67,1.33,1770467849.485555
-1.4457585600000002,2.25480888,8.3418354,-41.439999,26.110001,13.58,1770467849.493686
-1.4696949600000002,1.90055016,7.1689518,-38.009998,21.42,18.48,1770467849.501581
-1.26623556,1.39788576,5.83808796,-31.99,10.08,30.73,1770467849.509648
-1.35480024,1.0962871200000002,4.73222628,-20.299999,-2.45,40.040001,1770467849.517541
-1.2614482800000002,0.71569836,3.9566869200000006,-6.37,-8.68,44.869999,1770467849.525589
-1.00054152,0.4906962,3.60721548,13.86,-13.37,51.380001,1770467849.533529
-0.7683584400000001,0.61516548,3.54737448,33.459999,-12.81,52.290001,1770467849.541575
-0.5864418,1.0101160800000002,3.9447187200000005,45.360001,-8.68,52.150002,1770467849.549551
-0.53378172,1.65639888,4.77052452,54.459999,0.42,45.57,1770467849.557541
-0.49787712,2.4247573200000003,6.185165759999999,53.619999,11.76,37.799999,1770467849.565543
-0.46915344000000003,3.26971224,7.6787971200000005,47.18,25.200001,28.84,1770467849.57357
-0.9598496400000001,4.58142696,8.73917964,34.860001,39.900002,16.309999,1770467849.581574
-1.6037388,5.455105560000001,9.675092880000001,19.459999,55.439999,9.73,1770467849.589563
-2.3290117200000005,5.95776996,10.0054152,0.21,65.519997,7.63,1770467849.597577
-3.46838436,6.22585764,10.21844916,-18.48,74.059998,3.36,1770467849.605568
-4.45935132,5.7758533199999995,10.524835079999999,-30.870001,82.32,2.31,1770467849.613568
-5.550851160000001,4.81839732,11.09212776,-38.009998,94.5,-3.78,1770467849.621581
-6.61362732,3.6622692,11.81500704,-42.209999,107.940002,-5.53,1770467849.6296
-7.43464584,2.4510873600000003,12.46847076,-46.549999,115.080002,-7.21,1770467849.637527
-8.3298672,1.43857764,12.985497000000002,-45.43,111.720001,-13.3,1770467849.64555
-9.177215760000001,0.31596048000000004,13.12672176,-37.66,103.040001,-10.92,1770467849.653596
-9.92642508,-0.37580148,12.66474924,-28.0,86.870003,-13.16,1770467849.661685
-11.087340480000002,-1.8000172800000003,12.26022408,-28.629999,69.089996,-11.62,1770467849.669548
-11.666601360000001,-3.0638592,11.446386480000001,-29.75,50.82,-22.82,1770467849.677556
-10.910211120000001,-3.1428493200000003,10.634942520000001,-17.290001,24.780001,-27.65,1770467849.685557
-10.16339544,-2.4463000800000003,10.08201168,-2.45,-1.89,-29.120001,1770467849.69361
-9.25859952,-1.6228879200000002,9.634401,6.23,-26.459999,-31.43,1770467849.701578
-8.14795056,-0.6127718400000001,9.251418600000001,14.0,-47.950001,-32.549999,1770467849.709671
-6.83144856,-0.0718092,9.122162040000001,17.57,-60.34,-35.419998,1770467849.717533
-5.58436212,0.31835412,8.94263904,19.110001,-69.510002,-38.639999,1770467849.725625
-4.646055240000001,0.89043408,8.93545812,19.530001,-74.690002,-39.689999,1770467849.733544
-3.7340784,1.42900308,8.97615,19.110001,-77.349998,-45.849998,1770467849.741594
-3.09497652,1.90773108,8.746360560000001,18.129999,-79.800003,-46.759998,1770467849.749669
-2.5372584,2.1064032,8.08332228,18.34,-84.0,-51.450001,1770467849.757548
-2.2500216,2.11358412,6.934375080000001,18.41,-85.75,-50.68,1770467849.765545
-2.14709508,2.06092404,5.567606640000001,25.129999,-87.360001,-54.25,1770467849.773543
-2.0130512400000002,1.8311346,4.579033320000001,31.57,-86.660004,-53.41,1770467849.781685
-1.79762364,1.256661,4.07397528,40.880001,-85.75,-57.959999,1770467849.789599
-1.3045338,0.7899012,4.19365728,54.18,-85.68,-59.150002,1770467849.79754
-0.68458104,0.96703056,4.71307716,66.989998,-82.459999,-58.73,1770467849.805563
-0.15798024000000002,1.5199614000000001,5.4096264000000005,74.970001,-80.010002,-59.779999,1770467849.813596
0.23457672000000002,2.25480888,6.35990148,72.449997,-74.760002,-56.84,1770467849.821581
0.32553504,2.77901604,7.511242320000001,58.169998,-63.77,-59.990002,1770467849.829548
0.22021488,2.9705072400000003,8.60752944,43.119999,-46.27,-66.709999,1770467849.837538
0.85213584,3.35827692,9.6583374,22.540001,-30.24,-67.620003,1770467849.84555
2.15188236,3.89205864,10.97244576,11.55,-26.67,-57.400002,1770467849.853636
1.3308638400000001,2.95375176,12.324852360000001,-6.79,-24.01,-53.34,1770467849.861597
1.01250972,1.7306017200000001,12.913687800000002,-22.959999,-17.290001,-57.610001,1770467849.86955
0.8114439600000001,0.29681136,13.46661864,-29.33,-13.02,-55.860001,1770467849.877536
0.68936832,-1.07474436,14.531788440000001,-34.299999,-7.98,-54.25,1770467849.885554
0.63670824,-1.9795402800000002,15.92488692,-31.219999,-3.99,-46.549999,1770467849.893553
0.45718524,-2.4247573200000003,17.133675120000003,-30.1,2.24,-40.880001,1770467849.901578
-0.01436184,-3.0877956,17.45921016,-28.77,6.23,-34.369999,1770467849.909721
-0.56968632,-3.0734337600000003,16.20973008,-25.200001,7.14,-28.209999,1770467849.91758
-0.9646369200000001,-2.8747616400000005,14.507852040000001,-21.42,0.0,-22.120001,1770467849.925547
-1.3117147200000001,-2.2260852000000004,12.65278104,-15.89,-13.23,-17.360001,1770467849.933549
-1.95799752,-1.8478900800000002,11.302768080000002,-15.33,-25.76,-18.9,1770467849.941635
-1.8478900800000002,-1.5199614000000001,10.328556599999999,-22.68,-35.77,-28.280001,1770467849.949584
-1.11782988,-0.7228792800000001,9.86658408,-21.559999,-45.43,-31.01,1770467849.95754
-0.52420716,-0.03111732,9.99105336,-25.9,-45.990002,-21.35,1770467849.965542
-0.06941556,0.5050580400000001,10.0891926,-28.07,-43.540001,-19.110001,1770467849.973863
0.2273958,0.69894288,9.727752960000002,-31.85,-34.439999,-10.22,1770467849.983052
0.36143964000000006,0.54335628,8.758328760000001,-31.360001,-26.67,-3.71,1770467849.989723
0.43564248000000005,0.23697036000000002,7.6357116000000005,-27.23,-20.58,1.68,1770467849.997613
0.54335628,-0.02154276,6.5657545200000005,-20.440001,-19.389999,9.52,1770467850.005613
0.67261284,-0.30877956,5.86202436,-10.22,-22.469999,8.26,1770467850.013569
0.78272028,-0.53138808,5.3761154399999995,-0.56,-26.879999,12.11,1770467850.021596
0.99575424,-0.58404816,5.27079528,11.2,-24.92,15.47,1770467850.029624
1.1226171600000001,-0.27526860000000003,5.52212748,26.110001,-19.74,13.23,1770467850.037563
1.27102284,0.38776968,6.0583028400000005,33.110001,-9.03,20.58,1770467850.045551
1.2901719600000001,1.41703488,6.76921392,34.860001,3.22,20.16,1770467850.05355
0.95027508,2.1806060400000002,7.669222560000001,30.870001,19.879999,18.41,1770467850.061588
0.8258058,3.15003024,8.167099680000002,14.98,36.330002,6.51,1770467850.069552
0.4906962,3.37742604,8.58359304,4.13,48.509998,-4.27,1770467850.077537
-0.2273958,3.7628020800000006,8.997692760000001,-10.85,64.82,-12.6,1770467850.085544
0.06223464,5.27558256,9.25381224,-18.129999,74.830002,4.55,1770467850.093695
-1.85985828,5.61069216,9.72535932,-29.540001,87.989998,2.8,1770467850.101591
-2.8077397200000003,5.42877552,9.8498286,-41.509998,96.32,-10.92,1770467850.109624
-3.82743036,4.9428666,10.1490336,-45.009998,104.720001,-18.9,1770467850.11754
-4.5670651200000005,4.0476452400000005,10.05807528,-44.799999,111.510002,-27.16,1770467850.125537
-5.51255292,3.25056312,10.02456432,-28.139999,114.870003,-24.639999,1770467850.133537
-6.4795834800000005,2.4798110400000004,10.21366188,-12.18,114.029999,-24.360001,1770467850.141569
-7.18092,1.99390212,10.455419520000001,0.77,103.599998,-21.35,1770467850.149592
-7.791298200000001,1.7090589600000001,10.82164644,20.440001,85.82,-18.129999,1770467850.157585
-8.39688912,1.5415041600000001,11.094521400000001,29.82,61.32,-14.49,1770467850.165553
-9.18679032,0.7228792800000001,11.34824724,29.889999,40.459999,-16.870001,1770467850.173538
-9.36391968,-0.0119682,11.094521400000001,24.57,20.299999,-22.82,1770467850.181573
-9.50993172,-1.34522568,10.78574184,16.24,-0.21,-33.810001,1770467850.189543
-9.26099316,-2.55162024,10.37882304,20.370001,-18.200001,-39.759998,1770467850.19766
-8.79183972,-3.6838119600000003,10.04610708,25.969999,-34.860001,-41.439999,1770467850.205559
-8.284388040000001,-4.607757,9.564985440000001,36.189999,-50.119999,-45.849998,1770467850.213556
-7.43464584,-5.17265604,9.12934296,53.41,-65.800003,-50.540001,1770467850.221572
-6.460434360000001,-5.38569,9.33040872,65.309998,-80.57,-52.639999,1770467850.229589
-5.337817200000001,-5.206167,9.68466744,80.080002,-96.18,-58.310001,1770467850.237529
-4.428234000000001,-4.66999164,9.99105336,85.120003,-110.110001,-60.759998,1770467850.245557
-3.22183944,-3.66466284,10.66605984,89.949997,-124.18,-66.360001,1770467850.253636
-2.16385056,-2.15188236,11.47989744,82.879997,-129.850006,-66.57,1770467850.261574
-1.2375118800000002,-0.5194198800000001,12.24107496,69.790001,-129.5,-67.830002,1770467850.269546
-0.5170262400000001,0.7731457199999999,12.372725160000002,52.220001,-123.199997,-65.239998,1770467850.277535
0.29202408,1.7449635600000002,11.91075264,34.860001,-115.220001,-64.260002,1770467850.285524
0.9861796800000001,2.27874528,11.29558716,21.42,-106.330002,-59.5,1770467850.293542
1.13937264,2.13273324,10.663666200000002,7.63,-91.0,-67.059998,1770467850.30167
2.27635164,2.4247573200000003,9.68466744,-4.34,-84.769997,-74.690002,1770467850.309828
4.1170608,4.373180280000001,9.035991000000001,3.36,-88.970001,-39.689999,1770467850.317541
3.3319468800000003,4.9428666,9.035991000000001,-12.53,-79.169998,-26.18,1770467850.325616
3.05667828,5.29473168,8.43040008,-30.030001,-61.740002,-18.690001,1770467850.333541
2.76226056,5.27318892,7.55911512,-48.23,-42.560001,-17.08,1770467850.341576
2.333799,4.837546440000001,6.8362358400000005,-66.919998,-23.799999,-14.63,1770467850.349553
2.0082639600000003,4.20323184,6.26176224,-78.75,-6.72,-18.34,1770467850.357638
1.74017628,3.51386352,5.929046280000001,-85.959999,8.4,-17.99,1770467850.365571
1.5630469200000001,2.79098424,5.8739925600000005,-84.209999,21.77,-18.549999,1770467850.373542
1.5486850800000003,1.8191664,6.386231520000001,-76.650002,29.4,-24.01,1770467850.38158
1.6635798000000002,0.72048564,7.15937724,-68.529999,38.009998,-23.309999,1770467850.38962
1.6468243200000001,-0.24893856,7.91576748,-49.279999,44.66,-23.940001,1770467850.39754
1.55107872,-1.09149984,8.904340800000002,-29.75,53.200001,-16.52,1770467850.405643
1.38352392,-1.75693176,9.82349856,-13.3,60.41,-8.33,1770467850.413556
0.96703056,-1.98432756,10.19930004,7.91,65.239998,1.61,1770467850.421573
0.8090503200000001,-2.30268168,10.22323644,23.73,65.099998,16.379999,1770467850.429602
0.35186508,-2.6569404000000003,9.9814788,37.450001,58.66,24.290001,1770467850.437694
-0.07659648000000001,-2.7598669200000003,9.9216378,48.09,51.939999,34.860001,1770467850.445542
-0.40213152,-2.9393899200000004,9.70142292,57.75,41.509998,49.91,1770467850.453549
-3.25056312,-4.84233372,10.65648528,50.75,36.119999,46.130001,1770467850.461579
-2.0944350000000003,-4.2726474,11.4176628,48.509998,31.08,40.18,1770467850.469676
-2.6018866800000002,-4.3396693200000005,13.10278536,45.080002,32.549999,39.27,1770467850.47754
-3.111732,-3.83700492,14.409712800000001,43.68,35.560001,38.009998,1770467850.485548
-3.4588098,-3.20269032,15.158922120000001,36.75,36.400002,40.040001,1770467850.493547
-3.9136014000000006,-2.37209724,15.35998788,25.200001,33.18,37.799999,1770467850.501691
-4.51919232,-1.35480024,15.25466772,10.43,31.5,33.18,1770467850.509668
-5.356966320000001,-0.42606792,14.64668316,-2.31,34.860001,20.51,1770467850.517582
-5.991280920000001,0.22260852,13.583907000000002,-18.969999,42.98,3.71,1770467850.525552
-6.33357144,0.71330472,12.576184560000002,-30.24,50.610001,-13.37,1770467850.533614
-6.450859800000001,1.0532016,11.84133708,-35.98,55.580002,-34.02,1770467850.541625
-6.268943160000001,1.45054584,10.867125600000001,-41.509998,54.110001,-42.84,1770467850.549556
-6.063090120000001,2.0226258,9.64158192,-41.860001,43.889999,-53.34,1770467850.557539
-5.75431056,2.64736584,8.11204596,-39.689999,29.540001,-60.060001,1770467850.565552
-5.471861039999999,3.2457758400000003,6.958311480000001,-36.119999,9.52,-59.990002,1770467850.573541
-4.89738744,3.3989688000000005,6.11096292,-34.23,-14.14,-67.480003,1770467850.581637
-5.055367680000001,4.45695768,5.21334792,-31.92,-31.01,-76.93,1770467850.589558
-4.14578448,5.4838292399999995,4.37557392,-22.68,-40.110001,-79.309998,1770467850.597548
-2.6138548800000003,6.084632880000001,4.7824927200000005,-19.950001,-65.800003,-57.400002,1770467850.605534
-2.3170435200000004,6.3168159600000005,5.01228216,-13.58,-79.169998,-46.759998,1770467850.613649
-1.8790073999999999,6.34793328,5.086485,-9.52,-88.199997,-44.52,1770467850.621573
-1.36198116,6.288092280000001,4.92850476,-7.84,-94.080002,-32.130001,1770467850.629572
-0.8234121600000001,6.09899472,4.6556298,-3.92,-94.57,-27.23,1770467850.63754
-0.44761068000000004,5.85963072,4.47131952,-1.19,-92.68,-8.82,1770467850.64558
-0.41888700000000006,5.41920096,4.330094760000001,12.11,-85.190002,0.63,1770467850.653533
-0.5481435600000001,4.658023440000001,4.492862280000001,24.5,-72.239998,11.55,1770467850.661575
-0.8952213600000001,3.6503010000000002,4.86148284,33.32,-54.810001,16.24,1770467850.669554
-1.32607656,2.36730996,5.40244548,46.689999,-36.470001,9.38,1770467850.677573
-1.8191664,1.0053288,6.82666128,62.650002,-15.96,3.08,1770467850.685542
-2.5181092800000004,0.34229052,9.28492956,82.32,8.68,-6.23,1770467850.693624
-3.56173632,0.16276752,12.67911108,91.209999,28.07,-9.59,1770467850.701587
-4.962015720000001,-0.30638592000000003,16.3126566,82.18,30.309999,-18.9,1770467850.709581
-6.0319728,-1.4720886,18.26107956,66.989998,25.34,-17.780001,1770467850.717605
-8.143163280000001,-4.55030964,18.811616760000003,47.18,4.76,-43.68,1770467850.725576
-8.38013364,-6.6734683200000005,18.8379468,40.459999,-21.700001,-53.34,1770467850.733542
-7.59023244,-7.295814720000001,18.97917156,36.540001,-53.41,-57.049999,1770467850.741575
-5.773459680000001,-8.42800644,19.31188752,20.09,-87.57,-45.849998,1770467850.749552
-3.57131088,-7.93970388,18.78289308,11.9,-119.910004,-39.689999,1770467850.757602
-1.5678342,-6.3192096,18.11746116,0.14,-140.210007,-28.0,1770467850.765579
0.6343146,-4.32291384,17.30841084,-10.99,-152.529999,-19.110001,1770467850.773536
2.03938128,-1.8191664,15.618501000000002,-14.77,-152.529999,-9.24,1770467850.781566
2.5851311999999997,0.22260852,13.33018116,-16.66,-141.119995,-3.71,1770467850.789578
2.29310712,1.0579888800000001,10.931753879999999,-13.02,-114.660004,-3.5,1770467850.797543
3.10215744,2.2021488000000002,8.65540224,-3.57,-103.529999,-19.950001,1770467850.805539
5.68250136,6.03436644,6.1516548,18.41,-82.879997,10.29,1770467850.813642
3.7747702800000003,4.99552668,5.83569432,29.049999,-63.139999,29.610001,1770467850.821579
3.3391278000000004,5.30430624,4.78728,29.190001,-44.450001,38.919998,1770467850.829549
2.89869804,5.73037416,3.5880663600000005,25.41,-26.74,42.139999,1770467850.837541
2.52050292,5.89553532,2.46066192,17.57,-12.67,44.52,1770467850.845549
2.04416856,5.92186536,1.37873664,9.45,-3.43,43.189999,1770467850.85366
1.5678342,5.90271624,0.6654319200000001,-1.12,1.89,40.25,1770467850.861587
1.2877783200000001,5.555638440000001,0.23218308000000001,-15.68,7.56,38.57,1770467850.869556
1.2590546400000002,4.926111120000001,0.05505372,-26.110001,12.88,29.610001,1770467850.877571
1.5199614000000001,3.9566869200000006,0.1914912,-30.59,17.85,27.58,1770467850.885542
1.7712936000000001,2.94657084,0.7300602,-28.98,26.530001,22.540001,1770467850.893566
2.14948872,1.77368724,1.93166748,-17.57,37.869999,16.940001,1770467850.901707
2.5276838400000003,0.48830256000000005,4.00695336,-8.96,52.5,8.19,1770467850.909656
2.96571996,-1.0101160800000002,6.63995736,10.78,69.440002,3.99,1770467850.91766
3.60721548,-2.18539332,9.46205892,31.08,88.480003,5.04,1770467850.925556
3.21226488,-3.08061468,12.569003640000002,50.119999,113.75,8.82,1770467850.933545
2.5659820800000004,-3.4827462000000002,15.386317920000002,60.200001,136.5,15.19,1770467850.941573
1.36916208,-3.5258317200000002,18.32810148,54.950001,154.630005,16.799999,1770467850.949556
-0.11489472,-3.98780424,21.80845404,40.25,155.259995,15.26,1770467850.957555
-1.4673013200000002,-4.40190396,24.398372520000002,20.58,145.25,20.23,1770467850.965544
-3.05667828,-4.84472736,23.65395048,14.98,120.959999,31.92,1770467850.973773
-6.42213612,-4.97159028,20.240619840000004,-0.42,115.5,26.459999,1770467850.9818
-7.800872760000001,-4.2726474,17.0905896,-14.14,102.970001,15.47,1770467850.989651
-8.9522136,-3.25056312,15.017697360000001,-20.440001,92.610001,3.22,1770467850.997545
-9.6703056,-1.60613244,13.9070484,-22.26,84.07,-4.27,1770467851.005591
-9.79956216,0.3111732,13.500129600000001,-24.780001,68.739998,-16.940001,1770467851.013702
-9.507538080000002,1.90773108,13.105179000000001,-28.0,48.439999,-21.139999,1770467851.021578
-8.97615,3.00880548,12.545067240000002,-34.650002,24.43,-31.780001,1770467851.029601
-8.14555692,3.7747702800000003,11.47989744,-42.630001,1.96,-34.16,1770467851.037528
-7.19049456,4.35881844,9.7660512,-45.43,-20.02,-37.66,1770467851.045537
-6.266549520000001,4.591001520000001,8.10486504,-46.549999,-47.32,-46.830002,1770467851.053623
-5.19898608,4.37557392,6.776394840000001,-43.889999,-73.779999,-55.720001,1770467851.061578
-4.6747789200000005,4.66999164,5.59393668,-34.650002,-92.120003,-73.919998,1770467851.069557
-3.56173632,5.17504968,4.330094760000001,-24.15,-109.059998,-80.5,1770467851.07754
-1.9627848,6.30245412,3.6598755600000006,-17.43,-122.080002,-73.849998,1770467851.08554
-1.2063945600000001,6.71894748,3.15242388,-14.35,-133.279999,-63.560001,1770467851.093552
-0.47633436000000007,7.161770880000001,2.50374744,-13.79,-140.279999,-56.490002,1770467851.101672
0.08617104,7.3101765599999995,1.8814010400000003,-16.799999,-143.429993,-46.27,1770467851.10966
0.6127718400000001,7.47294408,1.3165020000000003,-18.969999,-144.970001,-39.900002,1770467851.117549
1.3284702000000002,7.393953960000001,0.93112596,-16.1,-142.520004,-23.73,1770467851.125538
1.75214448,6.95113056,1.0053288,-14.91,-130.410004,-13.51,1770467851.133581
2.2404470400000003,6.589690920000001,1.376343,-12.32,-112.769997,-7.77,1770467851.141538
2.5611948,6.44367888,2.15666964,-18.969999,-89.110001,-1.05,1770467851.149683
2.8388570399999997,5.92665264,3.40854336,-27.58,-58.240002,1.12,1770467851.157531
2.81731428,4.63887432,4.914142920000001,-39.549999,-20.58,2.1,1770467851.16552
2.4750237600000005,2.68327044,6.40777428,-51.099998,23.1,-2.87,1770467851.173534
1.94363568,0.43803612,7.822415520000001,-60.759998,66.220001,-12.95,1770467851.181579
1.23033096,-0.9478814400000001,9.612858240000001,-63.77,104.089996,-15.61,1770467851.189571
0.87846588,-3.26971224,13.296670200000001,-65.099998,122.849998,-11.69,1770467851.197576
-1.1417662800000001,-4.85669556,16.99723764,-69.790001,130.410004,0.28,1770467851.20554
-6.7716075600000005,-12.19320216,19.64939076,-83.230003,145.740005,-29.120001,1770467851.213551
-9.96711696,-15.35280696,20.207108880000003,-61.18,120.190002,-26.32,1770467851.221574
-12.245862240000001,-16.927822080000002,19.80258372,-57.400002,56.279999,-22.4,1770467851.229598
-12.533099040000002,-15.620894640000001,18.30895236,-52.990002,-36.470001,-27.51,1770467851.237545
-10.271109240000001,-11.709686880000001,16.38925308,-47.740002,-128.520004,-31.01,1770467851.245532
-7.05884436,-6.9535242,15.56105364,-40.740002,-198.729996,-29.889999,1770467851.253567
-3.48753348,-2.41039548,15.47966988,-41.439999,-238.279999,-31.43,1770467851.261631
-0.38776968,1.47448224,15.28817868,-50.959999,-252.839996,-28.77,1770467851.26954
1.2207564,2.75747328,14.615565840000002,-75.529999,-238.630005,-28.42,1770467851.277531
2.7335368800000004,5.1343578,12.169265760000002,-95.129997,-215.389999,-60.41,1770467851.285519
7.097142600000001,9.37828152,9.079076520000001,-80.779999,-185.5,-11.13,1770467851.293565
5.52452112,8.13598236,8.167099680000002,-97.510002,-154.770004,11.2,1770467851.301584
5.75191692,7.0636316400000005,6.678255600000001,-116.339996,-116.970001,17.360001,1770467851.309631
5.89074804,5.036218560000001,5.519733840000001,-121.940002,-74.410004,30.379999,1770467851.317565
5.8883544,2.55640752,5.0529740400000005,-119.839996,-31.01,25.200001,1770467851.32559
5.75191692,0.0478728,5.29233804,-104.089996,7.63,28.700001,1770467851.333538
5.08409136,-1.90055016,5.60829852,-87.43,39.619999,24.92,1770467851.341665
4.65323616,-3.3271596000000003,5.6585649600000005,-66.779999,65.309998,28.559999,1770467851.349549
3.96626148,-4.81839732,6.23782584,-44.52,80.5,42.419998,1770467851.357541
4.19844456,-5.249252520000001,7.47294408,-11.55,90.510002,59.220001,1770467851.365541
3.1811475600000003,-8.21497248,10.35488664,3.57,77.279999,46.759998,1770467851.373572
1.8143791200000001,-7.001397000000001,8.88997896,-2.03,88.339996,10.15,1770467851.381678
1.21357548,-6.668681040000001,6.848204040000001,-5.32,79.870003,17.780001,1770467851.389556
0.70133652,-7.26230376,5.2372843200000005,-1.89,70.279999,18.41,1770467851.397539
0.56729268,-8.37534636,4.4258403600000005,3.01,64.120003,24.780001,1770467851.405554
0.5481435600000001,-9.29689776,4.600576080000001,14.42,63.279999,31.43,1770467851.413824
0.69894288,-10.04610708,5.574787560000001,28.77,63.279999,24.92,1770467851.421588
0.72048564,-10.37882304,6.66150012,41.439999,64.190002,32.970001,1770467851.429551
0.6582510000000001,-10.30940748,7.4298585600000004,55.09,63.0,22.959999,1770467851.437535
0.6008036400000001,-9.9575424,7.767361800000001,63.630001,57.540001,21.84,1770467851.445612
0.6941556000000001,-9.5266872,8.22933432,73.849998,48.509998,15.26,1770467851.453542
1.01250972,-8.9282772,8.9402454,83.650002,38.290001,10.5,1770467851.46158
1.8263473200000002,-8.033055840000001,9.878552280000001,92.190002,23.52,14.7,1770467851.469571
2.59949304,-6.70697928,11.357821800000002,104.160004,14.42,7.7,1770467851.477544
2.7718351200000004,-4.6963216800000005,12.63602556,113.330002,20.65,2.45,1770467851.485618
2.3457672,-2.39364,13.272733800000001,112.839996,39.060001,-10.01,1770467851.493541
1.6157070000000002,-0.22021488,13.548002400000001,102.690002,67.410004,-18.34,1770467851.501616
0.73724112,1.5199614000000001,13.83284556,87.849998,94.220001,-22.82,1770467851.509598
-0.39973788,2.21172336,14.14162512,73.43,114.940002,-25.83,1770467851.517724
-2.00587032,4.3564248,14.115295080000001,62.650002,129.639999,-35.77,1770467851.525544
-3.31997868,4.99552668,14.5174266,52.220001,137.550003,-39.759998,1770467851.533522
-4.51679868,5.359359960000001,14.4934902,40.32,134.190002,-48.16,1770467851.541569
-5.08887864,5.89553532,13.53842784,35.419998,116.970001,-51.380001,1770467851.54987
-5.40723276,6.3383587200000004,12.13096752,31.780001,87.709999,-43.330002,1770467851.557533
-5.90271624,5.47425468,10.517654160000001,26.32,51.939999,-45.639999,1770467851.56554
-5.44792464,4.53116052,8.45433648,28.07,19.879999,-44.029999,1770467851.573545
-4.69392804,3.6862056,7.22161188,35.0,-5.53,-39.619999,1770467851.581693
-3.96626148,3.0399228000000003,6.197133960000001,42.490002,-20.440001,-31.780001,1770467851.589553
-3.4540225200000005,2.6018866800000002,5.0027076,55.299999,-28.0,-25.27,1770467851.597535
-3.171573,2.3218308000000003,3.89684592,64.330002,-32.759998,-16.73,1770467851.605553
-3.25295676,2.2835325600000003,2.9322090000000003,74.620003,-32.900002,-8.12,1770467851.613545
-3.36067056,2.49177924,2.4774174,84.769997,-31.780001,-6.79,1770467851.621668
-3.3630642,2.9681136,2.53247112,84.559998,-32.549999,-1.68,1770467851.629549
-3.1284874800000004,3.27689316,2.9585390400000002,82.110001,-37.869999,0.56,1770467851.637532
-2.76226056,3.2840740800000003,3.7963130400000002,68.32,-42.77,7.56,1770467851.64554
-2.4678428400000003,3.43247976,5.22292248,56.07,-47.459999,12.53,1770467851.653587
-2.3768845200000004,3.7388656800000004,6.687830160000001,35.07,-49.209999,10.29,1770467851.661573
-2.4319382400000005,3.7580147999999998,8.0545986,11.34,-51.240002,6.23,1770467851.66955
-2.4630555600000004,3.00880548,9.59610276,-13.23,-51.380001,0.63,1770467851.677521
-2.4295446,1.6635798000000002,11.010744,-30.1,-50.330002,-8.26,1770467851.685538
-2.5252902,-0.21542760000000002,12.58336548,-37.869999,-49.209999,-14.91,1770467851.693539
-2.9369962800000002,-1.83831552,14.7926952,-46.549999,-42.419998,-15.61,1770467851.701631
-4.34685024,-3.7532275200000003,17.775170640000002,-53.549999,-27.09,-11.48,1770467851.709725
-5.565213000000001,-6.223464,19.9749258,-63.98,-17.219999,-19.530001,1770467851.71757
-6.54899904,-6.8793213600000005,21.293821440000002,-59.290001,-19.25,-9.59,1770467851.725545
-7.319751120000001,-7.405922160000001,20.77440156,-52.080002,-37.799999,-5.46,1770467851.733642
-7.5160295999999995,-5.61787308,18.311346,-40.810001,-70.419998,-4.62,1770467851.741575
-6.69501108,-2.85082524,15.845896800000002,-32.759998,-114.660004,-5.18,1770467851.749727
-4.9763775599999995,0.052660080000000005,14.45040468,-32.41,-156.520004,-5.88,1770467851.757532
-2.5659820800000004,2.333799,13.751461800000001,-34.790001,-186.970001,-3.99,1770467851.765546
-0.45239796,2.9322090000000003,13.117147200000002,-42.419998,-201.809998,-4.27,1770467851.773542
1.0532016,3.08061468,11.326704480000002,-49.98,-198.449997,-16.940001,1770467851.781611
3.17875392,3.32237232,9.593709120000002,-57.119999,-211.050003,-23.940001,1770467851.789656
5.0027076,5.9960682,7.283846520000001,-30.309999,-197.539993,24.360001,1770467851.797647
4.892600160000001,5.964950880000001,5.3449981200000005,-44.59,-179.759995,29.33,1770467851.805545
5.0529740400000005,5.81415156,3.45641616,-49.91,-152.320007,39.900002,1770467851.81355
5.46228648,4.54073508,2.5372584,-56.700001,-115.220001,37.450001,1770467851.821626
5.833300680000001,2.61146124,2.3290117200000005,-54.529999,-78.68,36.119999,1770467851.829565
6.146867520000001,0.8856468000000001,2.32661808,-36.119999,-40.32,29.049999,1770467851.837544
5.9841,-0.23936400000000002,2.3218308000000003,-15.54,-1.47,23.870001,1770467851.845539
5.3234553600000005,-0.7420284,2.64975948,6.65,34.790001,21.84,1770467851.853543
4.51679868,-0.9981478800000001,3.15242388,21.91,66.639999,21.139999,1770467851.861615
3.63354552,-1.15134084,3.5497681200000004,30.52,90.089996,20.16,1770467851.869553
3.0255609600000004,-1.4242158,4.27982832,38.57,107.660004,10.99,1770467851.877523
3.06625284,-2.18539332,5.42638188,46.34,118.230003,8.96,1770467851.885545
2.79098424,-2.80534608,6.905651400000001,52.080002,124.32,16.379999,1770467851.893543
2.7598669200000003,-3.42051156,8.468698320000001,56.630001,129.850006,26.67,1770467851.90166
1.99390212,-6.860172240000001,11.27165076,47.599998,124.18,8.19,1770467851.909715
1.74017628,-7.271878320000001,11.733623280000002,38.990002,129.919998,-8.68,1770467851.917604
1.65879252,-7.54714692,12.281766840000001,45.639999,123.269997,-11.27,1770467851.925549
1.36916208,-7.707520800000001,13.191350040000001,54.529999,103.18,-1.54,1770467851.933589
1.0603825199999999,-7.82002188,14.421681,55.509998,76.510002,2.87,1770467851.941568
0.70851744,-7.525604160000001,15.367168800000002,50.049999,58.73,10.29,1770467851.949593
0.18431028,-6.0798456000000005,15.77648124,49.98,52.849998,9.52,1770467851.957535
-0.0478728,-4.10030532,16.16664456,42.419998,51.52,4.2,1770467851.965548
-0.28005588000000003,-1.9508166000000002,16.74590544,36.889999,58.099998,-1.96,1770467851.973806
-0.7539966,0.36622692,17.162398800000002,22.190001,72.099998,-6.02,1770467851.981708
-1.1417662800000001,2.0681049600000003,17.564530320000003,0.0,81.620003,-10.71,1770467851.989709
-1.94602932,3.7029610800000006,17.27489988,-20.02,85.75,-14.28,1770467851.997535
-2.53247112,4.34924388,16.334199360000003,-39.130001,86.730003,-21.559999,1770467852.005656
-3.2433822000000005,4.66041708,14.5892358,-45.639999,81.900002,-26.32,1770467852.01355
-3.8393985600000002,4.634087040000001,12.85863408,-48.299999,74.059998,-38.290001,1770467852.021585
-4.1888700000000005,4.52158596,11.43920556,-45.919998,63.419998,-44.029999,1770467852.029554
-4.3564248,4.368393,10.120309920000002,-37.869999,51.310001,-54.110001,1770467852.037528
-4.29179652,4.0931244,8.72960508,-32.759998,33.740002,-64.050003,1770467852.045545
-3.8944522800000003,4.081156200000001,7.49448684,-24.01,17.57,-66.779999,1770467852.053601
-3.4971080400000005,3.77716392,6.34793328,-20.65,1.89,-74.900002,1770467852.061585
-2.73832416,3.6263646,4.9189302,-16.030001,-14.14,-70.699997,1770467852.069563
-2.44869372,2.92981536,3.56173632,-9.87,-28.209999,-66.010002,1770467852.077567
-2.0585304,2.0130512400000002,2.25480888,-4.76,-37.869999,-54.110001,1770467852.085538
-1.7928363600000001,1.0555952400000002,1.35719388,2.73,-46.549999,-43.82,1770467852.093588
-1.52953596,0.38058875999999997,0.89043408,13.58,-50.259998,-34.93,1770467852.101575
-1.0891062,0.19388484,0.85692312,25.41,-52.009998,-27.299999,1770467852.109551
-0.6534637200000001,0.31356684,1.0388397600000001,40.32,-54.18,-20.09,1770467852.11758
-0.32314139999999997,0.63670824,1.6755480000000003,52.009998,-52.779999,-14.98,1770467852.125545
-0.09095832000000001,0.6199527600000001,2.7478987200000002,64.68,-48.860001,-8.33,1770467852.133532
0.23457672000000002,0.45000432000000007,4.191263640000001,68.879997,-40.040001,-4.55,1770467852.14158
0.6414955200000001,0.91915776,6.32399688,62.509998,-31.219999,-1.61,1770467852.149578
0.6008036400000001,1.30214016,9.201152160000001,51.66,-13.02,-3.36,1770467852.157643
0.58404816,0.7611775199999999,11.39133276,36.400002,6.44,-6.86,1770467852.165562
0.07899012000000001,-0.20824668000000002,13.00225248,26.110001,18.9,-10.29,1770467852.173539
-0.7563902400000001,-1.2638419200000002,14.44801104,17.639999,30.1,-17.639999,1770467852.181537
-1.5726214800000002,-2.54204568,15.53711724,14.84,29.33,-15.33,1770467852.189584
-3.06625284,-4.06679436,17.20548432,17.01,21.77,-8.4,1770467852.197529
-4.62690612,-6.71894748,19.41960132,-1.12,14.21,-23.17,1770467852.205541
-4.32530748,-7.0492698,21.224405880000003,-5.67,-4.27,-24.15,1770467852.213545
-4.23913644,-7.25033556,22.280001119999998,-12.74,-25.34,-17.290001,1770467852.221588
-3.9614742000000005,-5.670533160000001,21.55233456,-21.0,-45.360001,-23.59,1770467852.229543
-3.26492496,-2.70720684,19.77864732,-29.959999,-62.439999,-31.01,1770467852.237529
-2.25720252,0.31356684,17.71772328,-42.349998,-73.919998,-36.189999,1770467852.245561
-0.9383068800000001,2.4415128,15.60413916,-51.52,-82.669998,-34.02,1770467852.253533
-0.15079932000000001,2.9322090000000003,13.66289712,-66.43,-88.199997,-31.57,1770467852.261549
0.42367428,3.19790304,11.43202464,-74.059998,-87.849998,-39.689999,1770467852.269633
1.07474436,3.2673186000000003,9.24663132,-75.879997,-89.25,-51.240002,1770467852.277576
2.47023648,6.060696480000001,7.08038712,-57.610001,-94.5,2.8,1770467852.285638
1.92209292,6.2833049999999995,5.833300680000001,-67.129997,-87.43,17.290001,1770467852.293549
1.88858196,5.5891494,4.49525592,-69.790001,-75.110001,24.290001,1770467852.301572
2.05134948,4.3612120800000005,3.2960422800000004,-63.07,-58.869999,27.370001,1770467852.30955
2.3002880400000003,2.8316761200000005,2.65454676,-45.009998,-41.09,26.6,1770467852.317546
2.5492266,1.76171904,2.36252268,-22.889999,-21.77,24.43,1770467852.325549
2.5372584,1.11782988,2.0226258,0.14,-3.01,27.23,1770467852.333582
2.20454244,0.6534637200000001,1.6731543600000003,19.110001,17.92,27.58,1770467852.341578
1.69469712,0.25851312000000004,1.6683670800000001,30.1,38.290001,28.629999,1770467852.349611
1.4673013200000002,-0.08138376,2.21172336,42.0,57.119999,24.219999,1770467852.357542
1.6755480000000003,-0.777933,3.7747702800000003,51.799999,70.629997,17.780001,1770467852.365546
2.5659820800000004,-1.7497508400000001,5.89553532,56.77,77.839996,16.030001,1770467852.373564
2.56837572,-2.1159777600000003,7.465763160000001,57.68,83.510002,20.93,1770467852.38169
2.7718351200000004,-2.4678428400000003,9.182003040000001,59.009998,91.279999,25.76,1770467852.389549
2.8675807200000003,-3.7460466,11.85569892,61.669998,91.839996,19.389999,1770467852.397536
2.80295244,-6.1229311200000005,13.76582364,56.98,97.650002,8.61,1770467852.405622
2.5707693600000003,-7.097142600000001,13.971676680000002,63.209999,97.650002,0.35,1770467852.413537
2.49177924,-8.10007776,14.3498718,71.190002,87.779999,4.48,1770467852.421588
2.44869372,-8.94503268,15.12541116,66.639999,69.300003,16.030001,1770467852.429552
2.07289224,-9.3830688,16.520903280000002,50.330002,48.509998,29.120001,1770467852.437569
0.69894288,-9.155673,17.844586200000002,31.99,45.080002,34.23,1770467852.44557
0.019149120000000002,-8.44715556,18.13900392,25.690001,53.830002,26.67,1770467852.453547
-1.0149033600000001,-6.177984840000001,18.23474952,24.08,72.589996,18.690001,1770467852.461574
-2.1183714,-3.31997868,18.275441400000002,13.65,91.699997,8.82,1770467852.469552
-3.3463087200000006,-0.42128064000000004,17.79431976,5.53,103.669998,-5.39,1770467852.477566
-4.452170400000001,1.8359218800000001,16.80814008,-10.78,106.120003,-20.16,1770467852.485557
-5.1941988,3.2673186000000003,15.51318084,-25.129999,101.150002,-29.190001,1770467852.493542
-5.71601232,4.11945444,14.191891560000002,-38.009998,90.300003,-41.580002,1770467852.501592
-5.95776996,4.42344672,12.506769,-44.73,71.540001,-47.599998,1770467852.50958
-6.048728280000001,4.591001520000001,10.55355876,-44.029999,49.279999,-58.59,1770467852.517797
-5.64180948,4.32770112,8.77987152,-35.419998,24.290001,-65.800003,1770467852.525596
-4.950047520000001,4.016527920000001,7.305389280000001,-22.68,-3.36,-72.309998,1770467852.533539
-4.62929976,3.9136014000000006,6.19234668,-8.33,-27.58,-83.510002,1770467852.541634
-3.76758936,3.40375608,5.40723276,-2.24,-44.029999,-88.690002,1770467852.549562
-2.18778696,4.73461992,3.82024944,14.21,-55.580002,-66.779999,1770467852.557537
-1.86464556,4.5670651200000005,3.26013768,15.61,-71.540001,-49.77,1770467852.565548
-1.5798024,3.5976409200000004,2.75747328,17.43,-73.639999,-36.400002,1770467852.573544
-1.24948008,2.59231212,2.23087248,16.59,-71.889999,-27.16,1770467852.581617
-1.00293516,1.6037388,1.77368724,16.309999,-65.169998,-15.19,1770467852.589632
-0.7659648,1.01969064,1.3859175600000002,22.959999,-59.919998,-6.09,1770467852.59754
-0.6295273200000001,0.7851139200000001,1.38113028,29.4,-54.740002,5.18,1770467852.605544
-0.4906962,0.777933,1.9292738400000002,37.869999,-53.130001,12.95,1770467852.613568
-0.52420716,0.538569,3.00641184,44.869999,-48.93,24.99,1770467852.621581
-0.5792608800000001,0.6702192000000001,4.44259584,52.849998,-37.59,39.41,1770467852.629554
-1.0891062,1.46490768,6.386231520000001,58.240002,-25.200001,43.330002,1770467852.637544
-1.5486850800000003,2.11358412,8.562050280000001,52.57,-14.91,46.200001,1770467852.64556
-2.4726301200000003,2.09204136,10.110735360000001,37.52,-8.33,37.799999,1770467852.653545
-3.3439150800000004,1.4337903600000002,10.90781748,16.17,-4.76,29.469999,1770467852.661573
-3.6933865200000002,0.62713368,11.97298728,-2.31,-7.7,19.74,1770467852.669552
-3.8537604000000005,-0.5505372000000001,13.56954516,-12.53,-21.700001,14.14,1770467852.677648
-4.179295440000001,-2.05134948,15.52514904,-20.09,-33.669998,16.940001,1770467852.685571
-5.086485,-4.8686637600000005,17.84937348,-31.360001,-47.669998,-5.18,1770467852.693531
-4.3205202,-6.051121920000001,19.4842296,-35.91,-61.25,-6.79,1770467852.701574
-4.43541492,-6.558573600000001,20.628389520000002,-41.580002,-66.080002,-3.99,1770467852.709599
-4.26307284,-8.27960076,20.647538640000004,-50.75,-66.010002,-1.4,1770467852.717536
-3.7268974800000003,-6.7141602,18.62970012,-48.02,-68.529999,1.89,1770467852.725611
-3.1380620400000003,-3.34152144,16.22409192,-40.740002,-77.209999,3.43,1770467852.733582
-2.39603364,0.045479160000000005,14.103326880000001,-38.43,-90.300003,6.79,1770467852.741683
-1.46490768,2.06571132,12.80358036,-45.43,-104.650002,13.3,1770467852.749561
-0.54096264,2.75029236,11.79346428,-54.880001,-113.68,15.54,1770467852.757576
-0.19627848000000003,2.89391076,10.2088746,-71.75,-111.230003,12.67,1770467852.765702
0.19627848000000003,3.2673186000000003,8.40646368,-80.57,-107.099998,3.43,1770467852.77353
3.87290952,7.496880480000001,5.759097840000001,-65.870003,-108.5,46.130001,1770467852.78158
1.25187372,5.73037416,6.09660108,-74.059998,-97.019997,53.619999,1770467852.78957
1.35719388,4.658023440000001,5.455105560000001,-80.989998,-85.540001,61.669998,1770467852.79754
1.43139672,3.0901892400000004,4.73461992,-80.57,-69.440002,59.360001,1770467852.805542
1.51038684,1.76171904,3.87051588,-68.459999,-55.09,62.790001,1770467852.813522
1.5319296,0.85692312,3.111732,-54.32,-40.25,60.130001,1770467852.821701
1.57501512,0.11728836000000001,2.64736584,-39.34,-26.530001,57.330002,1770467852.829553
1.69469712,-0.23218308000000001,2.5779502800000005,-18.9,-14.7,54.669998,1770467852.837535
1.8790073999999999,-0.70373016,3.17396664,-0.91,-3.64,46.900002,1770467852.845543
2.30746896,-1.08671256,4.222380960000001,14.21,4.69,40.25,1770467852.853537
2.6856640800000005,-1.8790073999999999,5.1104214,23.66,11.69,37.52,1770467852.8616
3.05907192,-2.31225624,6.11335656,28.700001,18.41,40.740002,1770467852.869559
3.94711236,-3.1332747600000004,7.803266400000001,42.630001,25.34,46.900002,1770467852.877537
3.96626148,-4.5838206,10.122703560000001,49.349998,23.870001,37.029999,1770467852.885541
4.10748624,-8.155131480000001,12.39187428,50.610001,35.560001,29.68,1770467852.893534
5.0314312800000005,-10.074830760000001,13.23443556,70.0,46.759998,24.219999,1770467852.901613
5.30430624,-11.61633492,13.6916208,75.389999,50.610001,29.610001,1770467852.90955
5.69925684,-13.19853096,13.986038520000001,68.599998,44.099998,37.240002,1770467852.917522
5.69446956,-14.67061956,14.790301560000001,49.209999,38.779999,52.5,1770467852.925595
4.952441159999999,-13.48576776,15.369562440000001,41.09,50.400002,58.869999,1770467852.933683
3.6239709600000003,-10.340524799999999,15.362381520000001,51.310001,83.370003,50.82,1770467852.941576
1.9867212,-6.2306449200000005,15.355200600000002,58.66,125.650002,44.099998,1770467852.949559
0.43564248000000005,-2.20693608,15.922493280000001,53.970001,158.199997,28.35,1770467852.957579
-0.88085952,1.39549212,16.63340436,36.119999,175.279999,20.09,1770467852.965549
-2.61624852,4.12184808,16.966120319999998,8.19,173.179993,9.87,1770467852.973859
-3.6622692,5.467073760000001,17.08101504,-14.35,158.410004,-1.68,1770467852.982215
-5.30430624,6.43410432,16.3605294,-28.280001,140.839996,-15.96,1770467852.989751
-5.89553532,6.3383587200000004,15.1517412,-39.41,117.739998,-25.059999,1770467852.99754
-5.84766252,6.898470480000001,13.148264520000001,-43.75,90.089996,-24.99,1770467853.005564
-5.8285134,6.752458440000001,11.190267,-44.029999,58.169998,-30.66,1770467853.013531
-5.239677960000001,5.876386200000001,9.1317366,-41.09,31.15,-35.279999,1770467853.021632
-4.34685024,5.1223896,7.0492698,-35.77,9.1,-38.220001,1770467853.029648
-3.50907624,4.76813088,5.64659676,-22.4,-4.55,-37.310001,1770467853.03752
-2.8005588,4.66041708,4.698715320000001,-13.65,-13.16,-33.459999,1770467853.045543
-2.29310712,4.30615836,3.8058876000000006,-6.3,-16.450001,-28.209999,1770467853.05354
-1.94602932,3.8106748800000005,2.8963044,-3.22,-17.43,-17.290001,1770467853.061592
-1.6157070000000002,2.5827375600000004,2.333799,-2.52,-13.65,-9.31,1770467853.069575
-1.50320592,1.76171904,1.8143791200000001,0.21,-10.57,4.55,1770467853.07754
-1.59895152,0.6821874000000001,1.48645044,0.77,-5.6,7.91,1770467853.085545
-1.81677276,-0.09335196000000001,1.2399055200000002,2.87,-2.24,18.27,1770467853.093539
-1.9268802000000003,-0.58404816,1.24229916,8.89,-4.97,17.639999,1770467853.101628
-1.9196992800000001,-1.04602068,2.0824668,11.34,-5.6,25.969999,1770467853.109558
-1.80959184,-1.41703488,3.6718437600000002,20.58,-5.04,36.610001,1770467853.11751
-2.0465622,-1.53432324,5.735161440000001,21.42,-6.79,43.540001,1770467853.125664
-2.33140536,-1.00772244,7.997151240000001,18.620001,-7.28,52.290001,1770467853.133566
-3.0040182,-0.7899012,9.576953640000001,7.91,-6.44,49.349998,1770467853.141574
-3.6024282000000003,-0.68936832,9.94796784,-5.53,-5.32,46.900002,1770467853.149545
-4.07876256,-1.2829910400000002,10.239991920000001,-12.18,-9.38,42.630001,1770467853.157537
-4.67717256,-2.99683728,10.7594118,-24.219999,-12.25,18.969999,1770467853.165537
-4.37078664,-4.01174064,11.305161720000001,-17.08,-18.34,12.32,1770467853.173579
-4.34924388,-4.741800840000001,12.89932596,-8.75,-28.559999,8.82,1770467853.181572
-4.19605092,-6.266549520000001,15.66158652,-17.709999,-41.580002,5.46,1770467853.189551
-3.87290952,-7.302995640000001,18.746988480000002,-19.459999,-52.43,-1.61,1770467853.197531
-3.4899271200000004,-7.33890024,21.34887516,-28.42,-57.75,-3.15,1770467853.205521
-3.1596048,-6.039153720000001,21.78451764,-34.650002,-59.220001,-2.52,1770467853.213527
-2.9274217200000003,-3.2912550000000005,19.668539880000004,-43.119999,-63.77,0.21,1770467853.221671
-2.4510873600000003,-0.61516548,17.19590976,-52.009998,-66.639999,5.81,1770467853.229604
-1.80480456,1.42660944,15.178071240000001,-58.240002,-71.470001,15.68,1770467853.237535
-1.3428320400000002,2.27874528,13.49055504,-68.32,-73.010002,26.25,1770467853.245536
-1.3859175600000002,2.4630555600000004,11.520589320000001,-80.220001,-68.949997,26.18,1770467853.253566
-1.46490768,2.4678428400000003,9.478814400000001,-95.620003,-61.810001,29.4,1770467853.261594
-0.49787712,4.01892156,6.92719416,-90.650002,-51.66,55.439999,1770467853.269547
-0.63670824,3.8178558000000002,6.39819972,-92.540001,-53.200001,76.860001,1770467853.277535
-1.0053288,2.2835325600000003,6.084632880000001,-90.230003,-42.91,77.839996,1770467853.285526
-0.85692312,1.0053288,5.445531000000001,-82.669998,-34.23,75.32,1770467853.293539
-0.73245384,0.11968200000000001,4.73461992,-68.32,-29.68,72.239998,1770467853.301546
-0.49787712,-0.5792608800000001,4.308552,-55.790001,-27.790001,71.400002,1770467853.309613
-0.1316502,-1.19682,4.31333928,-37.450001,-27.440001,72.519997,1770467853.317617
0.45239796,-1.21357548,4.78967364,-6.79,-22.26,80.290001,1770467853.325568
1.83352824,-2.9824754400000004,6.39341244,15.47,-23.450001,93.940002,1770467853.333548
2.24762796,-2.4295446,6.498732600000001,35.209999,-33.18,90.860001,1770467853.341581
0.16276752,-4.63887432,7.44900768,16.940001,-24.99,49.700001,1770467853.349552
1.4242158,-4.5598842,6.0918138,14.0,-27.16,42.490002,1770467853.357564
1.9532102400000002,-5.01946308,6.1516548,10.78,-25.41,39.27,1770467853.365542
2.3984272800000004,-5.467073760000001,7.204856400000001,8.89,-23.309999,41.369999,1770467853.373574
2.67130224,-6.051121920000001,8.37295272,7.21,-15.54,32.830002,1770467853.38161
2.91305988,-6.678255600000001,9.46205892,2.31,-3.15,37.029999,1770467853.389559
2.9441772,-7.2527292,10.48893048,4.97,7.56,29.26,1770467853.397538
2.9896563600000006,-7.98757668,11.355428159999999,-3.15,13.3,25.9,1770467853.405544
3.1428493200000003,-9.435728880000001,12.341607840000002,-8.12,18.969999,28.280001,1770467853.413564
3.56891724,-11.099308680000002,13.603056120000002,-13.02,26.18,25.129999,1770467853.42164
3.7867384800000004,-11.721655080000001,13.94534664,-11.2,34.02,24.57,1770467853.429563
3.5497681200000004,-10.60621884,13.500129600000001,8.26,46.619999,17.15,1770467853.437542
2.86997436,-7.899012000000001,13.605449759999999,24.219999,62.09,17.15,1770467853.445566
1.9556038800000002,-3.94711236,14.3498718,33.880001,83.300003,17.57,1770467853.453589
0.73245384,-0.26569404,15.30493416,29.889999,102.059998,15.54,1770467853.461576
-0.45718524,2.15188236,15.99190884,6.86,114.940002,14.42,1770467853.469551
-1.5702278400000003,3.49232076,15.70467204,-17.57,116.410004,5.25,1770467853.477546
-2.55162024,4.904568360000001,14.383382760000002,-35.630001,110.879997,-11.83,1770467853.485539
-3.05428464,4.74419448,12.86820864,-45.57,98.419998,-25.969999,1770467853.493622
-2.6689086000000004,5.0146758,10.85276376,-48.09,85.190002,-26.389999,1770467853.501623
-2.17581876,4.68914076,9.44051616,-46.549999,66.639999,-14.84,1770467853.509649
-2.3864590800000003,2.88912348,8.9881182,-42.98,53.060001,-12.11,1770467853.517523
-2.15188236,1.2853846800000002,8.19582336,-33.110001,47.32,-10.36,1770467853.525577
-2.13512688,0.2872368,6.97267332,-23.1,42.98,-3.36,1770467853.533538
-2.1207650399999998,-0.12446928,5.7447360000000005,-9.87,37.169998,-4.41,1770467853.541649
-2.06331768,-0.36622692,4.8231846,0.56,32.27,1.4,1770467853.549572
-2.0944350000000003,-0.8018694,4.5886078800000005,16.24,27.440001,-0.7,1770467853.557569
-2.2978944,-1.52953596,4.966803,28.91,28.559999,11.06,1770467853.56569
-2.44869372,-1.23511824,5.043399480000001,41.23,26.32,21.07,1770467853.573536
-3.25774404,-1.8478900800000002,5.325849000000001,43.119999,24.639999,32.200001,1770467853.581578
-5.45989284,-3.2792868000000004,5.5388829600000005,36.400002,24.219999,24.43,1770467853.589552
-4.55509692,-3.3463087200000006,5.227709760000001,39.060001,7.42,8.96,1770467853.597561
-4.2104127600000005,-3.7316847600000003,5.39526456,46.130001,-7.21,7.35,1770467853.605595
-3.89684592,-4.36360572,5.7926088,57.189999,-20.790001,8.19,1770467853.613536
-3.6742374,-4.579033320000001,6.54181812,65.449997,-30.450001,12.53,1770467853.621849
-3.6885992400000003,-4.9308984,7.65486072,72.870003,-30.66,10.29,1770467853.629612
-4.12184808,-5.567606640000001,8.73199872,75.739998,-22.610001,7.28,1770467853.637683
-4.76813088,-6.67107468,9.80674308,77.209999,-9.1,9.31,1770467853.645538
-5.9386208400000005,-7.690765320000001,10.941328440000001,74.970001,7.42,5.81,1770467853.653536
-7.47294408,-8.483060159999999,11.79585792,68.739998,27.299999,4.55,1770467853.661574
-9.785200320000001,-9.11737476,12.145329360000002,60.970001,46.27,-1.61,1770467853.669553
-11.41048188,-8.81098884,11.673782280000001,60.549999,51.869999,-8.82,1770467853.677539
-11.901178080000001,-7.14740904,11.79585792,63.209999,26.459999,-7.77,1770467853.685674
-11.57803668,-4.90935564,12.79161216,63.98,-26.67,-3.71,1770467853.693542
-10.44105768,-2.2189042800000003,14.36184,59.290001,-91.839996,0.91,1770467853.701575
-8.36816544,0.55293084,16.40122128,42.77,-146.229996,-2.52,1770467853.709549
-5.64659676,2.7335368800000004,17.8804908,22.120001,-183.399994,0.0,1770467853.717522
-2.71199412,3.7939194,18.32570784,-6.79,-209.649994,1.05,1770467853.725571
-1.1417662800000001,3.77716392,16.733937240000003,-34.369999,-212.520004,-0.28,1770467853.733572
-0.22978944,3.99019788,13.76582364,-47.529999,-200.830002,2.03,1770467853.74163
4.06200708,6.048728280000001,10.94850936,-45.639999,-208.389999,43.330002,1770467853.749545
3.2290203600000003,5.29951896,9.3711006,-52.57,-197.75,66.43,1770467853.757539
3.4827462000000002,4.76573724,7.61416884,-58.099998,-177.100006,80.919998,1770467853.765669
3.6143964,4.0332834,6.24021948,-55.509998,-150.570007,88.760002,1770467853.773538
3.7867384800000004,2.81013336,5.131964160000001,-47.669998,-122.849998,86.309998,1770467853.78157
4.03567704,1.56544056,4.38754212,-36.470001,-93.800003,83.019997,1770467853.789572
4.12663536,0.777933,3.6503010000000002,-17.99,-67.339996,76.160004,1770467853.797516
4.1170608,0.6319209600000001,2.90587896,-2.1,-43.400002,69.019997,1770467853.805546
3.99019788,0.7683584400000001,2.53486476,10.78,-21.209999,66.080002,1770467853.813531
3.83700492,0.7922948400000001,2.54443932,25.129999,0.07,62.09,1770467853.821657
3.7436529600000004,0.56729268,3.02077368,31.709999,18.969999,62.93,1770467853.829573
3.9088141199999997,-0.03111732,3.9112077600000004,43.75,33.459999,55.299999,1770467853.837682
3.8298240000000003,-0.8090503200000001,4.56945876,47.32,43.889999,47.32,1770467853.845539
3.62157732,-0.9215514,5.06733588,52.779999,52.990002,41.02,1770467853.853541
3.3439150800000004,-1.04362704,6.087026520000001,54.529999,61.110001,36.68,1770467853.861575
3.66705648,-1.88618832,7.59023244,55.02,71.190002,35.349998,1770467853.869555
3.6933865200000002,-2.5779502800000005,9.15327936,59.990002,78.190002,36.189999,1770467853.877541
3.8082812400000003,-3.4779589200000003,11.113670520000001,62.790001,84.839996,45.779999,1770467853.885646
2.97768816,-4.5838206,13.184169120000002,70.419998,88.199997,36.119999,1770467853.893546
2.0082639600000003,-6.92480052,14.378595480000001,68.739998,103.389999,33.32,1770467853.901577
1.8359218800000001,-7.77214908,14.08896504,67.760002,108.989998,33.32,1770467853.909557
1.6181006400000002,-9.244237680000001,14.16556152,60.200001,98.279999,40.389999,1770467853.91756
0.6199527600000001,-10.615793400000001,14.94588816,49.209999,84.839996,47.529999,1770467853.925612
-0.71091108,-10.63254888,15.857865000000002,48.650002,92.75,43.330002,1770467853.933565
-1.99390212,-8.789446080000001,15.994302480000002,53.549999,105.489998,35.560001,1770467853.941589
-3.1045510800000002,-5.61069216,15.74057664,48.720001,120.050003,25.200001,1770467853.949549
-3.9542932800000004,-2.1064032,15.86504592,45.080002,126.629997,15.47,1770467853.957524
-4.80403548,0.9478814400000001,16.4084022,30.450001,124.389999,10.99,1770467853.965544
-5.47425468,3.3367341600000002,16.72914996,7.0,112.139999,8.47,1770467853.973722
-5.91468444,4.63648068,16.336593,-17.639999,98.279999,-0.49,1770467853.982346
-6.00324912,5.5700002799999995,15.06078288,-41.09,74.970001,-11.83,1770467853.989727
-6.388625160000001,6.292879560000001,13.59826884,-48.23,58.52,-25.83,1770467853.997555
-4.96919664,8.10007776,11.47989744,-47.880001,37.169998,-10.71,1770467854.005603
-5.10563412,7.35326208,10.0054152,-55.23,16.73,-6.65,1770467854.013534
-4.41387216,6.438891600000001,8.19342972,-54.740002,-0.42,-10.57,1770467854.021581
-3.59524728,5.51494656,6.460434360000001,-50.889999,-15.26,-7.91,1770467854.031553
-2.88912348,4.5718524,5.27318892,-35.209999,-24.57,-4.62,1770467854.037555
-2.3649163200000003,3.7963130400000002,4.480894080000001,-22.75,-27.16,2.24,1770467854.045677
-2.02741308,3.41333064,3.7939194,-8.75,-26.67,11.76,1770467854.053535
-1.70187804,3.32237232,3.3917878800000003,1.68,-23.870001,14.98,1770467854.061575
-1.33325748,3.17396664,3.2242330800000003,7.91,-22.469999,18.48,1770467854.069552
-1.20400092,3.00162456,3.2481694800000005,14.63,-20.719999,26.950001,1770467854.07754
-1.25187372,2.67130224,3.55934268,20.58,-20.93,30.030001,1770467854.085556
-1.48645044,2.26677708,3.82743036,26.879999,-19.459999,36.119999,1770467854.093542
-1.6994844000000002,1.76171904,3.96626148,29.889999,-23.799999,35.0,1770467854.101576
-1.85985828,1.22793732,4.248711,28.07,-31.01,38.360001,1770467854.109543
-1.88379468,0.62474004,4.80164184,33.459999,-35.77,34.790001,1770467854.117522
-2.14709508,-0.24654492000000003,5.71361868,37.66,-35.560001,33.110001,1770467854.125562
-2.6449722,-1.1369790000000002,6.6734683200000005,40.880001,-28.0,29.82,1770467854.133598
-3.0255609600000004,-1.91012472,7.84874556,53.41,-17.85,30.17,1770467854.141579
-6.00564276,-4.78728,9.703816560000002,48.09,2.17,21.280001,1770467854.149555
-5.53648932,-5.555638440000001,11.140000559999999,54.110001,5.53,-2.52,1770467854.157563
-6.292879560000001,-7.307782920000001,13.07406168,56.98,10.99,-7.35,1770467854.165536
-7.13065356,-8.19342972,14.354659080000001,60.130001,10.64,-9.1,1770467854.173606
-8.0306622,-9.15327936,15.05838924,60.970001,7.07,-3.92,1770467854.181568
-8.7008814,-9.41179248,15.343232400000002,54.950001,-0.91,0.28,1770467854.1896
-8.585986680000001,-8.76790332,15.800417640000001,50.959999,-14.98,0.42,1770467854.197534
-7.94449116,-7.12825992,16.23127284,39.619999,-37.59,0.56,1770467854.205536
-6.498732600000001,-4.8471210000000005,16.7794164,32.200001,-64.120003,-1.61,1770467854.213528
-4.52876688,-2.3768845200000004,17.4855402,22.190001,-87.290001,-1.96,1770467854.221539
-2.67130224,-0.02154276,17.93793816,9.59,-99.68,1.19,1770467854.229601
-1.0555952400000002,1.7665063200000002,17.76559608,-1.47,-104.089996,2.87,1770467854.23763
0.37340784000000005,2.7598669200000003,16.89431112,-19.32,-99.330002,10.22,1770467854.245536
1.0340524800000002,2.17342512,15.06078288,-33.18,-90.790001,12.18,1770467854.253541
1.3907048400000002,1.9196992800000001,12.537886320000002,-42.77,-78.400002,11.55,1770467854.261589
3.41333064,1.8431028,10.1969064,-34.369999,-79.519997,22.33,1770467854.26959
3.80110032,3.0734337600000003,8.90673444,-13.02,-68.25,63.91,1770467854.277526
3.55934268,3.3367341600000002,7.68597804,-2.1,-56.349998,86.309998,1770467854.285523
3.35348964,3.6455137200000003,6.35750784,3.78,-43.119999,100.309998,1770467854.293536
3.1284874800000004,4.02370884,5.19180516,7.07,-30.24,105.559998,1770467854.301568
2.88194256,4.33727568,4.2104127600000005,8.12,-15.33,112.0,1770467854.309584
2.63779128,4.64844888,3.25056312,9.24,-0.21,111.650002,1770467854.317559
2.25241524,4.98355848,2.3984272800000004,9.45,12.67,111.440002,1770467854.325646
1.8742201200000002,5.29233804,1.65400524,8.89,22.049999,106.610001,1770467854.333555
1.4912377200000002,5.2540398,1.077138,3.64,28.42,95.410004,1770467854.341616
1.29974652,4.9452602400000005,0.54574992,-6.58,33.18,88.550003,1770467854.34958
1.32128928,4.30137108,0.11968200000000001,-13.58,35.91,73.220001,1770467854.35755
1.4146412400000001,3.6503010000000002,0.13643748,-17.01,40.669998,71.260002,1770467854.365543
1.5415041600000001,3.0901892400000004,0.71330472,-11.13,50.540001,64.260002,1770467854.373553
1.7234208000000002,2.6856640800000005,2.17581876,-4.76,63.209999,60.830002,1770467854.381675
2.0106576,2.2978944,4.4761068,-1.96,75.389999,56.0,1770467854.38956
2.13991416,1.7425699200000002,7.4849122800000005,-2.52,90.440002,50.049999,1770467854.397542
1.90773108,0.8377740000000001,10.450632240000001,-6.86,110.949997,50.610001,1770467854.405547
1.13937264,-0.36143964000000006,13.11475356,-1.12,140.770004,55.439999,1770467854.413559
-0.06223464,-1.7234208000000002,15.97275972,18.549999,173.039993,62.369999,1770467854.421669
-1.55107872,-2.2955007600000004,18.31373964,36.68,198.169998,77.559998,1770467854.429573
-3.06864648,-2.03938128,20.40338736,49.560001,197.960007,84.839996,1770467854.437556
-5.18701788,-3.0830083200000002,22.64622804,36.330002,172.479996,98.419998,1770467854.445548
-10.46499408,-6.52984992,22.9310712,9.73,172.619995,81.690002,1770467854.453626
-10.00302156,-6.21388944,20.085033239999998,-10.22,144.059998,59.849998,1770467854.46158
-10.85276376,-5.543670240000001,17.81825616,-22.190001,115.150002,48.02,1770467854.469555
-11.1663306,-4.071581640000001,15.632862840000001,-30.52,86.730003,38.5,1770467854.477542
-11.08494684,-2.24284068,13.916622960000002,-36.959999,58.73,27.16,1770467854.485547
-10.65648528,-0.12207564000000001,12.676717440000001,-38.150002,28.77,22.610001,1770467854.493587
-9.912063240000002,1.75214448,11.89160352,-42.560001,4.34,13.44,1770467854.501658
-8.70806232,3.2457758400000003,11.18547972,-51.450001,-16.450001,7.35,1770467854.509563
-7.355655720000001,4.48328772,10.1969064,-55.02,-34.439999,0.21,1770467854.517528
-5.87159892,5.2181352,9.36870696,-57.540001,-48.02,-5.46,1770467854.525666
-4.2726474,4.83275916,8.758328760000001,-58.240002,-60.48,-10.29,1770467854.533576
-3.38460696,5.577181200000001,7.973214840000001,-47.529999,-71.889999,-31.99,1770467854.54158
-1.5702278400000003,6.06548376,7.21443096,-37.450001,-78.400002,-28.700001,1770467854.549555
-0.54335628,6.556179960000001,6.53942448,-25.549999,-89.739998,-26.32,1770467854.557542
0.24175764,6.73330932,6.084632880000001,-23.66,-98.980003,-16.940001,1770467854.565675
0.51223896,6.42213612,5.41680732,-27.23,-99.889999,-10.5,1770467854.573549
0.9454878,6.194740320000001,4.55030964,-36.330002,-94.43,-8.89,1770467854.581576
1.3524066000000001,5.60590488,3.95189964,-42.209999,-83.790001,-2.59,1770467854.589554
1.58937696,4.49764956,3.8106748800000005,-41.439999,-64.190002,-2.38,1770467854.59754
1.7497508400000001,3.3032232,3.9806233200000003,-38.080002,-38.779999,9.03,1770467854.605564
1.5941642400000002,1.86225192,4.35163752,-33.32,-14.14,8.19,1770467854.613547
1.1585217600000002,0.37580148,4.452170400000001,-28.0,5.32,7.7,1770467854.621577
0.34707780000000005,-0.80426304,4.43541492,-32.48,22.33,8.19,1770467854.629569
-0.53378172,-2.4654492,4.5718524,-28.209999,33.32,6.37,1770467854.637556
-0.98378604,-3.10933836,4.53834144,-20.860001,39.200001,13.65,1770467854.645625
0.12925656000000002,-6.821874,6.87453408,-7.56,37.73,37.029999,1770467854.653563
-6.0367600800000005,-8.734392360000001,8.21257884,6.51,64.540001,43.959999,1770467854.661572
-4.634087040000001,-9.251418600000001,8.973756360000001,7.0,66.639999,4.55,1770467854.66962
-5.507765640000001,-9.54344268,9.64397556,23.24,68.879997,4.34,1770467854.677544
-6.946343280000001,-9.6463692,10.1011608,34.299999,68.879997,8.4,1770467854.68558
-8.01390672,-9.4309416,10.479355920000001,46.200001,63.630001,6.93,1770467854.693558
-8.480666520000002,-8.79183972,11.0227122,58.450001,53.970001,6.23,1770467854.701584
-8.49024108,-7.17852636,12.116605680000001,65.309998,39.200001,-0.84,1770467854.709548
-7.91576748,-4.9763775599999995,13.34214936,73.080002,14.98,-4.2,1770467854.717555
-7.113898080000001,-2.4726301200000003,14.378595480000001,70.980003,-15.33,-7.35,1770467854.725769
-6.060696480000001,-0.53378172,15.225944040000002,66.849998,-44.52,-10.15,1770467854.733539
-4.71068352,1.0101160800000002,15.6903102,58.52,-72.309998,-17.219999,1770467854.741582
-3.04710372,1.72820808,16.02063252,43.68,-89.669998,-17.639999,1770467854.74956
-1.56544056,2.3577354,15.982334280000002,35.419998,-100.660004,-25.83,1770467854.757544
-0.41649336000000003,2.9824754400000004,15.07514472,20.440001,-94.639999,-27.860001,1770467854.765652
0.20824668000000002,3.97583604,13.768217280000002,5.74,-77.559998,-31.43,1770467854.773552
0.8952213600000001,5.27318892,12.30809688,-9.24,-49.77,-36.189999,1770467854.781577
2.81731428,7.85832012,11.125638720000001,-18.41,-31.780001,9.17,1770467854.789594
2.2452343200000002,7.13783448,10.33334388,-42.07,-0.14,12.11,1770467854.797562
1.83831552,6.448466160000001,8.58838032,-65.309998,35.91,19.74,1770467854.805696
1.3643748000000002,4.82079096,7.43703948,-75.879997,70.0,30.309999,1770467854.813527
0.53138808,3.25774404,6.5872972800000005,-76.089996,101.43,31.85,1770467854.82157
-0.19388484,2.02501944,6.53942448,-70.980003,125.089996,39.689999,1770467854.829654
-1.0603825199999999,1.04602068,6.776394840000001,-59.220001,137.970001,35.349998,1770467854.837556
-1.93406112,0.7922948400000001,6.82666128,-51.66,141.259995,40.810001,1770467854.845557
-2.7359305199999997,0.80426304,6.821874,-45.990002,135.380005,45.080002,1770467854.853663
-3.4851398400000004,1.0723507200000002,6.7141602,-40.25,121.870003,43.889999,1770467854.861577
-3.99019788,1.0149033600000001,6.3287841600000005,-35.630001,105.489998,48.439999,1770467854.869557
-4.37078664,0.79468848,5.66574588,-23.52,83.089996,47.25,1770467854.877599
-4.55270328,0.3949506,5.359359960000001,-13.58,61.110001,46.970001,1770467854.885549
-4.35403116,-0.36383328000000004,5.40723276,-5.53,33.599998,41.93,1770467854.893617
-3.40854336,-0.49787712,5.66813952,0.07,10.78,40.040001,1770467854.901586
-2.4463000800000003,-0.42367428,6.185165759999999,12.25,-6.79,41.509998,1770467854.909588
-2.22129792,-1.40267304,7.01815248,20.860001,-10.01,43.049999,1770467854.917524
-1.3907048400000002,-1.81677276,7.04687616,31.780001,-7.77,40.810001,1770467854.92555
-1.06277616,-2.1973615200000003,7.281452880000001,43.189999,-2.59,15.82,1770467854.933549
-0.07420284,-2.64736584,8.15752512,43.119999,-3.43,6.72,1770467854.941668
0.43564248000000005,-2.03220036,9.06232104,39.759998,5.46,6.51,1770467854.949562
1.04362704,-2.31464988,10.64451708,38.080002,17.99,3.92,1770467854.95754
1.44097128,-2.9274217200000003,12.245862240000001,34.439999,34.09,2.87,1770467854.965545
1.94842296,-4.658023440000001,14.378595480000001,28.0,47.950001,4.69,1770467854.973891
1.376343,-4.892600160000001,15.60413916,20.58,67.129997,2.8,1770467854.982214
0.74442204,-5.1391450800000005,16.57356336,17.85,82.18,-0.21,1770467854.989642
-0.10771380000000001,-4.33488204,16.84643832,25.76,101.290001,-8.33,1770467854.997586
-1.3093210800000001,-2.26677708,16.43951952,32.34,119.980003,-13.93,1770467855.005559
-2.64736584,0.63670824,15.44376528,39.689999,132.860001,-19.110001,1770467855.01366
-3.83221764,2.73114324,14.66583228,45.779999,142.169998,-23.940001,1770467855.02158
-4.98595212,4.26307284,14.191891560000002,35.490002,144.410004,-26.879999,1770467855.029605
-5.974525440000001,5.443137360000001,13.43789496,26.32,136.850006,-37.380001,1770467855.03754
-6.776394840000001,6.74767116,12.46368348,12.81,124.040001,-43.610001,1770467855.045567
-7.2790592400000005,7.101929880000001,11.45117376,4.97,100.519997,-51.450001,1770467855.053619
-6.690223800000001,7.65246708,9.8857332,3.29,70.629997,-45.360001,1770467855.061576
-6.4269234,6.73091568,8.54050752,-2.8,39.759998,-43.540001,1770467855.069556
-6.084632880000001,5.52691476,7.1928882000000005,-3.22,16.66,-41.02,1770467855.077543
-5.313880800000001,4.37078664,6.285698640000001,0.7,1.12,-31.92,1770467855.08567
-4.44259584,3.3941815200000005,5.68010772,6.09,-4.55,-27.09,1770467855.093541
-3.7005674400000004,2.692845,5.22052884,15.75,-10.36,-25.969999,1770467855.101573
-3.23859492,2.15666964,4.82079096,16.52,-12.32,-21.35,1770467855.109545
-3.05667828,1.74017628,4.3803612,22.120001,-9.8,-21.209999,1770467855.117518
-3.0255609600000004,1.1609154000000002,3.80110032,28.280001,-5.04,-8.33,1770467855.125538
-3.4995016800000003,0.32792868000000003,3.1859348400000003,29.33,-2.03,-1.12,1770467855.13358
-4.040464320000001,-0.52420716,2.96571996,34.650002,0.0,0.42,1770467855.141579
-4.308552,-1.3093210800000001,3.4588098,37.029999,3.22,0.35,1770467855.149552
-4.53834144,-1.7904427200000002,4.64126796,38.080002,9.45,-2.17,1770467855.157533
-4.82797188,-2.0130512400000002,5.8739925600000005,35.98,14.98,-2.17,1770467855.165537
-5.79021516,-2.4415128,7.113898080000001,33.32,24.85,-3.85,1770467855.173534
-7.1498026800000005,-3.2912550000000005,7.98997032,34.580002,40.599998,-11.34,1770467855.181553
-8.679338640000001,-4.66281072,8.74157328,31.5,60.830002,-15.05,1770467855.18957
-9.8977014,-5.991280920000001,9.9096696,41.02,79.099998,-17.99,1770467855.197534
-11.1663306,-7.1091108,11.71926144,49.630001,89.389999,-19.25,1770467855.205541
-12.3033096,-7.2790592400000005,13.600662480000002,67.970001,87.220001,-24.85,1770467855.213538
-12.980709720000002,-6.4580407200000005,14.63471496,84.910004,57.400002,-31.92,1770467855.221618
-12.99028428,-4.440202200000001,15.04642104,91.769997,-4.55,-38.57,1770467855.229741
-12.054371040000001,-1.4553331200000001,15.07514472,93.099998,-77.980003,-40.32,1770467855.237532
-10.63254888,1.05080796,14.9482818,83.510002,-140.419998,-34.23,1770467855.245531
-8.92348992,2.8675807200000003,15.173283960000001,70.419998,-178.289993,-37.380001,1770467855.253539
-6.9439496400000005,4.42344672,15.367168800000002,53.34,-196.559998,-31.92,1770467855.261573
-5.1941988,5.325849000000001,15.209188560000001,39.34,-195.089996,-30.940001,1770467855.269544
-3.5856727200000003,5.842875240000001,14.12486964,20.790001,-187.740005,-32.900002,1770467855.277531
-2.4893856,5.50297836,12.09266928,7.77,-180.529999,-43.470001,1770467855.285521
-0.8114439600000001,5.672926800000001,9.51711264,4.2,-168.419998,-33.810001,1770467855.29354
0.25851312000000004,6.568148160000001,7.3101765599999995,8.61,-163.449997,-28.98,1770467855.30157
2.0417749200000004,7.4681568,5.783034240000001,18.549999,-179.410004,9.52,1770467855.309699
1.9723593600000002,7.68597804,4.1673272400000005,17.219999,-182.210007,20.860001,1770467855.317541
2.07289224,7.06841892,2.5109283600000003,12.53,-182.279999,40.25,1770467855.325527
2.333799,5.167868760000001,1.3859175600000002,3.01,-180.600006,43.189999,1770467855.333598
2.7885906000000005,2.9417835599999997,0.6414955200000001,-0.21,-173.320007,40.389999,1770467855.341587
3.35588328,1.45054584,0.00718092,-4.41,-160.229996,35.700001,1770467855.349563
3.82503672,0.6702192000000001,-0.8425612800000001,4.69,-143.009995,25.549999,1770467855.357536
3.8776968000000003,0.46436616000000003,-1.8766137600000001,12.11,-118.93,25.549999,1770467855.365543
3.99019788,0.7563902400000001,-2.54204568,21.42,-90.790001,16.940001,1770467855.373553
3.9088141199999997,1.27820376,-2.49417288,33.32,-55.439999,13.79,1770467855.381575
3.9495060000000004,1.93645476,-1.49841864,33.669998,-17.08,6.3,1770467855.38955
4.08833712,2.5611948,0.6223464,29.190001,25.200001,-0.14,1770467855.397546
4.36360572,3.0997638,3.31997868,18.9,70.629997,1.75,1770467855.405564
4.607757,3.77955756,6.67107468,5.88,122.639999,-2.73,1770467855.413594
4.61493792,4.22956188,10.66605984,-12.25,179.759995,-1.47,1770467855.421578
3.7963130400000002,4.35881844,14.05545408,-37.450001,237.440002,-1.47,1770467855.429667
1.7760808799999999,3.8178558000000002,16.22409192,-57.470001,283.359985,-4.76,1770467855.437541
-0.97181784,3.03274188,19.63742256,-80.010002,315.839996,-6.09,1770467855.445552
-5.325849000000001,2.2835325600000003,23.27096808,-98.769997,344.190002,-17.92,1770467855.45358
-8.29635624,0.11010744,24.991995240000005,-87.989998,355.809998,-13.23,1770467855.46158
-12.387087,-1.8311346,23.62043952,-40.529999,336.209991,17.360001,1770467855.469621
-17.0068122,-4.4042976000000005,19.20656736,-25.690001,290.570007,-2.38,1770467855.477539
-17.59086036,-3.7388656800000004,14.4575856,-18.690001,197.399994,-7.0,1770467855.485543
-18.0839502,-2.49417288,12.042402840000001,-26.809999,94.989998,-12.11,1770467855.493572
-17.38022004,-1.5678342,11.43681192,-32.970001,8.12,-13.37,1770467855.501683
-15.26424228,-0.96703056,11.762346960000002,-40.810001,-58.59,-27.23,1770467855.509564
-12.896932320000001,-0.39973788,11.45596104,-43.330002,-99.190002,-32.689999,1770467855.517561
-10.292652,0.08377740000000002,10.35728028,-46.34,-126.769997,-44.59,1770467855.525605
-8.033055840000001,0.47154708,9.002480040000002,-45.779999,-142.100006,-57.119999,1770467855.53354
-6.00564276,0.70373016,7.54235964,-42.209999,-151.759995,-60.619999,1770467855.541578
-4.437808560000001,0.8210185200000001,6.33357144,-37.869999,-155.75,-66.080002,1770467855.549555
-3.09497652,0.90240228,5.239677960000001,-28.49,-156.449997,-68.459999,1770467855.557539
-2.08486044,1.06995708,4.34685024,-20.02,-156.660004,-69.860001,1770467855.565672
-1.2255436800000001,1.3284702000000002,3.56412996,-11.97,-152.949997,-68.389999,1770467855.573536
-0.59362272,1.6468243200000001,2.9154535200000002,-0.42,-150.429993,-66.080002,1770467855.581575
-0.0023936400000000003,1.96996572,2.4295446,2.45,-146.509995,-64.470001,1770467855.58955
0.23936400000000002,2.09682864,2.18778696,8.89,-140.839996,-60.900002,1770467855.597538
0.15319296000000002,1.47448224,2.2260852000000004,10.64,-128.240005,-62.16,1770467855.605684
0.85213584,1.26623556,2.04895584,17.43,-105.419998,-42.91,1770467855.613537
1.8933692400000002,1.39549212,2.1423078,30.52,-92.540001,-11.06,1770467855.621607
1.52474868,1.58698332,2.70720684,39.970001,-73.919998,2.1,1770467855.629696
1.1417662800000001,1.68272892,3.5856727200000003,47.529999,-44.099998,10.85,1770467855.637548
0.59601636,1.88379468,4.66281072,47.669998,-6.58,16.799999,1770467855.645552
-0.39255696000000007,2.07528588,6.288092280000001,46.200001,43.400002,22.120001,1770467855.653566
-1.44097128,2.15666964,8.75114784,46.970001,102.410004,24.780001,1770467855.661657
-3.56412996,2.45826828,11.41287552,46.689999,166.949997,28.91,1770467855.669554
-6.76682028,2.4726301200000003,14.07939048,50.189999,223.020004,18.690001,1770467855.677536
-9.914456880000001,2.21172336,15.391105200000002,46.619999,253.119995,10.99,1770467855.685543
-14.94110088,-0.0119682,15.84829044,36.330002,255.360001,2.94,1770467855.693544
-18.33288876,-2.12794596,14.730460560000001,37.310001,204.820007,-24.01,1770467855.701714
-20.39141916,-4.038070680000001,14.14880604,36.119999,115.849998,-28.559999,1770467855.709671
-20.604453120000002,-5.1104214,14.481522,38.639999,11.97,-45.220001,1770467855.717531
-18.53395452,-5.8093642800000005,14.84535528,36.540001,-85.190002,-50.189999,1770467855.725538
-14.45519196,-5.5891494,14.47673472,36.189999,-168.070007,-49.490002,1770467855.733556
-10.108341720000002,-4.727439,14.268488040000001,34.860001,-227.149994,-47.389999,1770467855.741578
-6.19234668,-3.2984359199999997,14.4456174,31.92,-265.720001,-45.009998,1770467855.749556
-2.6736958800000004,-1.5582596400000002,14.83817436,24.639999,-287.0,-40.880001,1770467855.757525
0.33271596000000003,0.13404384000000003,14.687375040000001,13.65,-293.369995,-32.830002,1770467855.765573
1.8790073999999999,0.66782556,13.24161648,1.26,-285.390015,-29.190001,1770467855.773549
6.7141602,-0.34707780000000005,11.03228676,-5.25,-282.309998,-24.290001,1770467855.781571
5.95776996,2.00108304,7.53517872,14.91,-270.480011,9.17,1770467855.78958
5.59633032,2.82210156,5.40483912,35.630001,-247.940002,36.400002,1770467855.797549
5.01706944,3.68141832,3.1859348400000003,43.119999,-210.070007,43.610001,1770467855.805607
4.6316934000000005,4.29179652,1.35958752,40.389999,-173.740005,53.619999,1770467855.813543
4.2726474,4.287009240000001,-0.20106576,32.759998,-137.759995,45.43,1770467855.821577
4.11466716,3.9327505200000004,-1.4146412400000001,15.75,-100.870003,34.509998,1770467855.82982
3.9542932800000004,3.4468416000000004,-2.27156436,7.7,-66.779999,24.360001,1770467855.837537
3.8465794800000004,2.95135812,-2.74550508,4.76,-31.99,13.79,1770467855.845599
3.55934268,2.48459832,-2.8747616400000005,8.47,4.62,4.9,1770467855.853552
3.2673186000000003,2.33619264,-2.59949304,18.059999,43.68,-0.21,1770467855.861596
2.9681136,2.41518276,-1.92209292,18.41,80.639999,-1.82,1770467855.869622
2.69763228,2.7885906000000005,-0.77553936,14.63,113.470001,-3.92,1770467855.877574
2.60667396,3.2194458000000004,1.2207564,4.48,143.5,-7.91,1770467855.885546
2.6258230800000004,3.40854336,3.84897312,-4.97,177.589996,-6.65,1770467855.893547
2.55640752,3.1428493200000003,6.75724572,-11.2,218.679993,-8.75,1770467855.90168
2.38406544,2.50614108,9.940786919999999,-18.9,263.059998,-7.56,1770467855.909552
1.55347236,2.0202321600000004,13.155445440000001,-24.01,305.829987,-9.03,1770467855.917542
-0.39016332000000004,1.52474868,16.9828758,-30.799999,341.880005,-2.73,1770467855.925545
-3.5018953200000005,2.0417749200000004,23.5294812,-40.740002,365.119995,-5.74,1770467855.933583
-6.77878848,1.30214016,28.38138948,-54.669998,362.040009,8.26,1770467855.941577
-10.891062000000002,-1.00054152,28.264101120000003,-38.779999,324.23999,38.919998,1770467855.949565
-16.190580960000002,-5.048186760000001,22.4284068,-29.889999,267.679993,53.060001,1770467855.957544
-16.07568624,-3.7963130400000002,15.13259208,-33.25,191.380005,33.18,1770467855.965566
-16.06371804,-3.7963130400000002,10.80249732,-39.34,108.43,26.110001,1770467855.973852
-15.74536392,-3.5880663600000005,9.54822996,-42.419998,36.75,10.01,1770467855.982141
-14.728066920000002,-3.30082956,9.97669152,-38.220001,-5.46,-0.49,1770467855.989668
-13.27991472,-2.4175764,10.70435808,-32.900002,-32.900002,-12.81,1770467855.997549
-11.714474160000002,-1.16570268,10.56313332,-32.759998,-48.650002,-31.219999,1770467856.005587
-10.007808840000001,0.08138376,9.73493388,-32.759998,-59.779999,-45.150002,1770467856.01358
-8.138376000000001,0.88085952,8.480666520000002,-30.309999,-67.970001,-58.73,1770467856.021583
-6.50351988,1.35001296,7.22400552,-24.99,-74.760002,-70.07,1770467856.029551
-4.9787712,1.555866,6.180378480000001,-7.42,-80.919998,-75.32,1770467856.037546
-3.5928536400000004,1.5798024,5.677714079999999,12.67,-86.309998,-80.849998,1770467856.045555
-2.36730996,1.5319296,5.35217904,34.509998,-93.660004,-85.889999,1770467856.053548
-1.3045338,1.62528156,4.87823832,56.419998,-102.129997,-85.330002,1770467856.061581
-0.6654319200000001,1.91251836,4.222380960000001,73.010002,-108.080002,-83.300003,1770467856.069558
-0.6438891600000001,2.2452343200000002,3.5497681200000004,80.639999,-112.0,-78.120003,1770467856.077647
-0.69176196,2.4678428400000003,2.77422876,81.339996,-112.559998,-74.269997,1770467856.085551
-0.052660080000000005,3.0782210400000003,2.08007316,76.650002,-116.339996,-64.470001,1770467856.093545
1.6037388,3.93993144,1.5917706,77.0,-131.600006,-35.98,1770467856.101579
1.32368292,3.5760981600000004,1.5941642400000002,71.75,-131.669998,-19.67,1770467856.109546
1.62528156,3.3463087200000006,1.6970907600000003,71.190002,-122.709999,-2.59,1770467856.117535
1.8766137600000001,3.34152144,1.86225192,71.330002,-103.25,7.35,1770467856.125646
1.8502837200000002,3.6598755600000006,2.4319382400000005,68.949997,-73.360001,19.18,1770467856.133565
1.56544056,4.27982832,3.57370452,65.309998,-29.889999,24.709999,1770467856.141581
1.00293516,4.729832640000001,5.41202004,49.630001,34.650002,25.549999,1770467856.149574
-0.10771380000000001,4.72504536,8.15273784,37.380001,109.410004,20.65,1770467856.157591
-2.0082639600000003,4.330094760000001,11.099308680000002,17.219999,186.619995,14.14,1770467856.165533
-4.59339516,3.3319468800000003,13.67486532,-3.99,260.470001,6.72,1770467856.173538
-8.42800644,2.41518276,15.13259208,-13.65,326.480011,-9.24,1770467856.181575
-10.326162960000001,0.55532448,17.313198120000003,-16.870001,349.089996,-8.12,1770467856.189542
-15.92488692,-4.61493792,19.50337872,-14.35,334.459991,-10.99,1770467856.197541
-19.211354640000003,-6.9176196,19.7355618,1.96,262.149994,-13.51,1770467856.205595
-21.7462194,-8.45433648,18.52437996,4.97,152.389999,-24.99,1770467856.213534
-21.411109800000002,-9.01923552,16.817714640000002,-3.64,22.75,-24.85,1770467856.221576
-17.88527808,-8.14795056,15.52514904,-5.25,-101.080002,-24.290001,1770467856.229549
-13.50252324,-6.01043004,14.723279640000001,-2.03,-185.5,-26.18,1770467856.23755
-9.3711006,-3.9447187200000005,13.986038520000001,-5.32,-232.610001,-23.59,1770467856.24557
-6.0583028400000005,-2.1590632800000003,13.09799808,-10.78,-255.639999,-27.09,1770467856.25364
-3.36785148,-0.5864418,11.946657240000002,-21.559999,-255.5,-22.68,1770467856.261536
-1.03165884,0.48112164,10.18015092,-27.790001,-242.690002,-19.67,1770467856.269614
0.299205,1.5151741200000002,8.17188696,-28.0,-222.389999,-8.54,1770467856.277537
0.45957888,2.12555232,6.52984992,-23.870001,-193.619995,-8.82,1770467856.285526
0.42367428,2.8963044,4.78967364,-19.6,-159.389999,-13.02,1770467856.293537
2.1662442,5.4838292399999995,2.70720684,-4.69,-155.330002,16.379999,1770467856.301637
1.6468243200000001,6.39341244,1.60613244,-3.92,-142.100006,26.6,1770467856.309561
1.42182216,6.1157502,0.7348474800000001,-10.92,-129.710007,24.01,1770467856.317535
1.48166316,5.3234553600000005,0.16037388000000002,-22.68,-122.989998,24.57,1770467856.325542
1.76411268,4.40669124,-0.16516116,-28.700001,-112.07,20.860001,1770467856.3337
1.9556038800000002,3.64312008,-0.37580148,-26.25,-99.190002,16.1,1770467856.341572
1.99150848,3.0159864,-0.5146326,-20.23,-78.959999,12.46,1770467856.349613
1.8526773600000002,2.5803439200000002,-0.41170608000000003,-9.24,-54.110001,5.25,1770467856.357543
1.71863352,2.4893856,0.07659648000000001,-3.99,-24.360001,3.43,1770467856.36559
1.6875162000000001,2.6736958800000004,1.0172970000000001,-0.84,7.98,-0.28,1770467856.373544
1.75214448,2.9202408,2.7287496000000004,-0.84,43.119999,-4.76,1770467856.381579
1.94363568,2.9824754400000004,4.7609499600000005,-5.11,80.220001,-7.63,1770467856.389559
1.9532102400000002,2.77422876,6.7141602,-5.11,118.089996,-11.69,1770467856.397607
1.5486850800000003,2.3170435200000004,8.844499800000001,-5.04,157.149994,-10.78,1770467856.405551
0.91437048,1.4720886,11.341066320000001,-4.69,193.830002,-14.84,1770467856.413542
-0.37340784000000005,0.6127718400000001,14.6371086,1.26,226.940002,-10.36,1770467856.42158
-2.8316761200000005,0.21303396,19.608698880000002,5.88,250.669998,-7.42,1770467856.42955
-6.21867672,0.16276752,25.65742716,8.54,254.589996,6.09,1770467856.437575
-9.72296568,-0.6031972800000001,27.21808044,13.86,222.740005,35.209999,1770467856.44555
-14.52460752,-4.37796756,23.517513,2.1,190.679993,39.689999,1770467856.453549
-13.552789680000002,-3.9423250800000003,17.672244120000002,-11.69,132.440002,26.459999,1770467856.46158
-13.39002216,-4.83036552,14.191891560000002,-20.370001,69.089996,25.48,1770467856.469571
-13.10278536,-4.91653656,12.6144828,-24.780001,12.53,22.049999,1770467856.477541
-12.382299719999999,-4.385148480000001,12.4828326,-26.459999,-28.98,10.99,1770467856.485543
-11.118457800000002,-3.4851398400000004,12.571397280000001,-30.66,-52.57,0.42,1770467856.493542
-9.785200320000001,-2.4247573200000003,11.82697524,-34.369999,-63.0,-15.61,1770467856.501661
-8.4495492,-1.45293948,10.58228244,-39.619999,-66.57,-27.23,1770467856.509584
-7.077993480000001,-0.60559092,9.2274822,-40.110001,-69.860001,-42.139999,1770467856.517539
-5.91947172,0.0957456,7.90379928,-39.34,-70.559998,-50.75,1770467856.525545
-4.89738744,0.68458104,6.77878848,-35.419998,-72.870003,-57.259998,1770467856.533615
-4.02370884,1.2016072800000002,5.9003226,-25.34,-75.459999,-63.700001,1770467856.541581
-3.3319468800000003,1.6228879200000002,5.19898608,-21.07,-79.660004,-59.5,1770467856.549552
-2.66651496,1.9986894000000002,4.55749056,-11.48,-82.529999,-62.02,1770467856.557545
-2.07528588,2.40800184,4.03088976,-3.78,-87.360001,-59.639999,1770467856.565543
-1.52953596,2.64736584,3.51386352,4.34,-91.910004,-58.939999,1770467856.5736
-0.9813924,2.92502808,3.04949736,13.44,-97.440002,-58.310001,1770467856.581579
-0.6223464,3.0782210400000003,2.6736958800000004,19.32,-102.339996,-57.82,1770467856.589559
-0.58883544,2.91305988,2.49896016,23.870001,-105.209999,-64.82,1770467856.59758
-0.052660080000000005,3.27449952,2.15666964,31.01,-101.57,-62.23,1770467856.605571
1.4098539600000002,3.61918368,1.94842296,43.330002,-112.559998,-27.09,1770467856.613599
1.71863352,3.5665236,2.13512688,54.459999,-116.830002,-12.18,1770467856.621579
1.79762364,3.4420543200000004,2.333799,56.419998,-106.540001,4.34,1770467856.629628
1.8574646400000001,3.51386352,3.0830083200000002,60.830002,-84.629997,9.17,1770467856.637568
1.8239536800000002,3.88009044,4.741800840000001,58.869999,-45.360001,15.26,1770467856.645554
1.92448656,4.48568136,7.271878320000001,54.110001,11.55,22.190001,1770467856.653547
1.6731543600000003,4.91653656,9.52429356,53.060001,73.220001,22.75,1770467856.661748
0.36383328000000004,4.62690612,11.16393696,49.279999,135.520004,26.459999,1770467856.669549
-2.2380534,3.769983,13.193743679999999,52.080002,192.289993,11.62,1770467856.677539
-4.926111120000001,2.6234294400000002,15.46530804,50.119999,238.699997,2.24,1770467856.685542
-7.45858224,1.44097128,18.31852692,46.830002,261.23999,-5.53,1770467856.693539
-9.51711264,0.22500216000000003,19.522527840000002,44.310001,245.770004,7.63,1770467856.701607
-13.971676680000002,-3.49232076,20.04434136,26.74,213.919998,17.08,1770467856.709558
-15.45333984,-5.249252520000001,18.87863868,13.93,152.949997,-1.05,1770467856.71754
-16.090048080000003,-7.10671716,17.744053320000003,0.0,73.849998,-10.71,1770467856.725528
-15.233124960000001,-7.97560848,16.6238298,-14.21,-7.21,-15.61,1770467856.733685
-12.681504720000001,-7.910980200000001,15.793236720000001,-18.549999,-78.330002,-18.76,1770467856.741576
-9.761263920000001,-6.692617440000001,14.938707240000001,-21.98,-130.339996,-22.959999,1770467856.749904
-6.96309876,-4.79206728,13.92141024,-23.450001,-154.839996,-29.120001,1770467856.75757
-4.40669124,-2.69045136,12.7102284,-26.110001,-167.720001,-31.360001,1770467856.76555
-2.35294812,-0.6654319200000001,11.367396359999999,-30.870001,-169.190002,-31.92,1770467856.773528
-0.76357116,0.85692312,9.7899876,-32.970001,-162.259995,-27.16,1770467856.781618
0.045479160000000005,2.22369156,7.9923639600000005,-38.57,-147.839996,-18.129999,1770467856.789648
-0.016755480000000003,2.33858628,6.546605400000001,-40.529999,-128.380005,-19.32,1770467856.79754
0.1555866,3.6263646,4.55030964,-39.970001,-106.889999,-13.79,1770467856.805541
1.5821960400000001,4.46653224,3.51146988,-27.370001,-108.639999,8.68,1770467856.813552
1.55107872,4.25828556,3.00641184,-23.52,-99.330002,22.4,1770467856.821655
1.8119854800000001,3.8824840800000002,2.67130224,-15.05,-91.839996,15.96,1770467856.829623
2.10400956,3.0901892400000004,2.38406544,-2.24,-82.32,12.18,1770467856.837559
1.9986894000000002,2.7694414800000002,1.85985828,0.14,-66.57,10.85,1770467856.845552
1.9053374400000003,2.65454676,1.2255436800000001,3.43,-48.23,10.64,1770467856.85368
1.8119854800000001,2.49896016,0.7348474800000001,10.22,-27.58,7.91,1770467856.861699
1.7090589600000001,2.32661808,0.42367428,13.02,-6.65,0.28,1770467856.869573
1.84070916,2.3649163200000003,0.48590892,22.120001,17.219999,-5.32,1770467856.877556
2.20693608,2.4032145600000003,1.2446928,32.970001,40.669998,-9.8,1770467856.885547
2.5013538,2.66412132,2.9226344400000004,42.560001,69.300003,-12.18,1770467856.893547
2.97290088,3.1237002,5.42877552,51.169998,99.190002,-12.53,1770467856.901576
3.16199844,3.3271596000000003,7.84395828,46.830002,132.929993,-12.6,1770467856.909562
2.7885906000000005,3.0854019600000004,9.64397556,45.779999,166.25,-9.1,1770467856.917649
1.83831552,2.53486476,11.3817582,42.700001,199.149994,-3.85,1770467856.925559
0.2872368,1.88618832,13.373266680000002,32.549999,225.050003,6.72,1770467856.9337
-2.25720252,1.5726214800000002,16.5998934,19.32,241.919998,13.65,1770467856.941584
-5.66813952,1.376343,20.855785320000003,-11.34,256.690002,15.05,1770467856.949624
-7.96842756,-0.0239364,21.710314800000003,-29.4,255.570007,24.99,1770467856.95755
-10.543984200000002,-1.2159691200000002,19.6039116,-26.809999,236.600006,45.5,1770467856.965504
-14.242158,-4.76573724,16.05174984,-34.439999,219.380005,23.66,1770467856.973727
-14.57248032,-5.864418000000001,13.531246920000001,-27.860001,168.770004,12.88,1770467856.982381
-15.07514472,-5.59633032,12.94241148,-22.4,107.029999,12.32,1770467856.989869
-15.221156760000001,-4.5670651200000005,13.30624476,-13.09,57.75,-1.61,1770467856.997619
-14.33311632,-3.0423164400000005,13.24640376,-2.66,15.54,-12.04,1770467857.005591
-12.41581068,-1.50559956,12.2793732,5.11,-14.56,-34.299999,1770467857.013574
-10.443451320000001,-0.21303396,10.78095456,14.21,-34.369999,-46.200001,1770467857.021655
-8.98333092,0.69176196,9.091044720000001,7.21,-50.68,-55.369999,1770467857.029617
-7.75060632,1.4481522,7.391560320000001,-0.91,-64.190002,-62.580002,1770467857.037542
-6.43171068,2.1183714,6.11335656,-7.0,-76.510002,-68.040001,1770467857.04555
-5.057761320000001,2.13991416,5.505372,-0.77,-86.449997,-73.849998,1770467857.053577
-3.9016332000000005,2.0585304,5.119995960000001,10.29,-93.099998,-69.510002,1770467857.061602
-2.97768816,2.12794596,4.66520436,20.299999,-96.459999,-68.739998,1770467857.069551
-2.4415128,2.26917072,3.99977244,27.65,-98.839996,-59.779999,1770467857.07754
-1.98911484,2.65215312,3.34870236,32.689999,-101.080002,-54.110001,1770467857.085558
-1.3404384000000003,3.23859492,2.9681136,44.73,-105.419998,-54.040001,1770467857.093585
-0.80665668,3.3367341600000002,3.0135927600000003,60.41,-108.290001,-52.009998,1770467857.101576
-0.6199527600000001,3.1165192800000003,3.09497652,72.239998,-104.510002,-66.360001,1770467857.109548
0.16037388000000002,3.58327908,2.8316761200000005,86.239998,-95.550003,-54.110001,1770467857.117535
1.3165020000000003,4.308552,2.5803439200000002,95.830002,-108.639999,-21.35,1770467857.125519
1.4098539600000002,4.56945876,2.59470576,90.860001,-109.339996,1.75,1770467857.133532
1.3069274400000002,4.62929976,2.49896016,79.379997,-101.5,9.66,1770467857.141666
1.2016072800000002,4.68914076,2.91305988,58.310001,-78.75,22.75,1770467857.149576
0.897615,4.94047296,3.9375378000000003,37.52,-41.439999,29.610001,1770467857.157535
0.24893856,5.043399480000001,5.58196848,13.23,18.34,31.5,1770467857.165552
-0.80426304,4.5838206,7.59023244,-12.25,84.279999,31.5,1770467857.173542
-2.4654492,3.48035256,10.007808840000001,-29.959999,152.600006,22.4,1770467857.181608
-4.76573724,1.78086816,12.478045320000001,-45.990002,219.940002,18.83,1770467857.189632
-7.35326208,0.8952213600000001,14.38098912,-32.900002,275.380005,11.34,1770467857.197528
-11.10409596,-2.49417288,18.21320676,-12.46,308.700012,17.5,1770467857.205534
-14.67061956,-5.0505804,19.177843680000002,1.89,280.910004,5.88,1770467857.213566
-18.39751704,-6.8458104,18.4070916,12.88,209.720001,1.54,1770467857.221567
-20.73849696,-7.96364028,16.676489880000002,3.22,107.449997,-1.05,1770467857.229592
-20.41296192,-8.365771800000001,15.314508720000001,-1.33,-12.81,-11.41,1770467857.237671
-17.1983034,-7.370017560000001,14.84535528,5.46,-113.540001,-15.54,1770467857.245535
-13.165020000000002,-5.3019126000000005,14.5652994,11.2,-183.75,-23.799999,1770467857.253537
-9.263386800000001,-2.9585390400000002,13.998006720000001,10.99,-221.199997,-25.620001,1770467857.261578
-6.04633464,-0.67261284,13.193743679999999,9.59,-236.179993,-36.75,1770467857.269553
-3.34870236,1.19442636,12.07112652,4.13,-231.630005,-34.860001,1770467857.27753
-1.2327246,2.79098424,10.689996240000001,0.98,-219.309998,-35.139999,1770467857.285521
-0.25372584000000004,3.61679004,9.24663132,-4.2,-198.729996,-29.469999,1770467857.293523
0.026330040000000002,3.9925915200000004,7.31496384,-8.68,-169.75,-35.139999,1770467857.301682
4.57424604,7.377198480000001,5.08409136,-3.36,-164.850006,-18.969999,1770467857.309566
1.68990984,6.472402560000001,3.99019788,-5.32,-148.75,6.86,1770467857.31754
1.5678342,5.94580176,3.10694472,-12.6,-134.399994,12.46,1770467857.325528
1.62528156,5.25643344,2.20454244,-24.219999,-121.589996,19.6,1770467857.333545
1.8263473200000002,4.2750410400000005,1.52714232,-28.0,-108.43,20.09,1770467857.341655
1.8574646400000001,3.4348734000000003,1.02687156,-27.370001,-95.059998,21.139999,1770467857.349581
1.82874096,2.8292824800000003,0.538569,-18.9,-81.690002,17.709999,1770467857.357537
1.65879252,2.4510873600000003,0.08138376,-11.69,-64.400002,12.95,1770467857.365531
1.42660944,2.33140536,-0.37340784000000005,-5.67,-48.09,9.31,1770467857.373553
1.13937264,2.29310712,-0.58883544,-0.98,-28.0,6.37,1770467857.381654
1.0962871200000002,2.20693608,-0.29202408,-2.03,-5.67,4.55,1770467857.389628
1.3117147200000001,2.0417749200000004,0.8712849600000001,5.32,19.459999,-2.38,1770467857.397543
1.70427168,1.93406112,2.90109168,14.56,55.09,-4.55,1770467857.406501
2.10879684,1.8814010400000003,5.785427880000001,18.41,86.379997,-8.47,1770467857.413611
2.31464988,1.37155572,8.7008814,19.32,121.730003,-0.28,1770467857.421636
1.6875162000000001,0.83538036,11.19266064,11.76,158.199997,3.92,1770467857.429589
0.4547916,0.32553504,13.83045192,3.57,190.75,11.76,1770467857.437868
-1.1417662800000001,0.12925656000000002,17.12888784,-5.04,214.410004,19.18,1770467857.44556
-4.03567704,0.33032232,22.56245064,-14.14,227.919998,23.799999,1770467857.453575
-7.101929880000001,-0.016755480000000003,26.248656240000003,-24.780001,224.630005,30.73,1770467857.461579
-8.7846588,-0.91676412,23.91006996,-19.809999,194.529999,57.119999,1770467857.469567
-11.43202464,-3.1643920800000003,18.8738514,-21.559999,161.490005,63.84,1770467857.47756
-12.490013520000002,-4.44259584,13.799334600000002,-26.459999,116.830002,26.67,1770467857.48554
-12.5187372,-4.938079320000001,11.86287984,-19.32,78.400002,27.790001,1770467857.493538
-12.755707560000001,-4.29179652,12.365544240000002,-13.93,46.34,16.73,1770467857.501575
-12.82512312,-2.8388570399999997,13.32300024,-13.79,19.530001,4.13,1770467857.509976
-12.245862240000001,-1.0579888800000001,13.40199036,-20.23,4.2,-7.21,1770467857.517537
-11.190267,0.44042976,12.312884160000001,-28.77,-10.43,-21.49,1770467857.525531
-9.864190440000002,1.5917706,10.737869040000001,-35.139999,-24.99,-30.1,1770467857.533537
-8.58359304,2.24762796,9.12934296,-40.18,-39.34,-44.799999,1770467857.541622
-7.3484748,2.4678428400000003,7.79369184,-40.669998,-51.939999,-46.41,1770467857.549586
-6.12053748,2.573163,6.680649240000001,-37.66,-63.07,-53.34,1770467857.557542
-5.0314312800000005,2.6569404000000003,5.66574588,-31.290001,-74.550003,-49.630001,1770467857.565553
-4.08833712,2.7598669200000003,4.85669556,-20.23,-86.870003,-50.68,1770467857.573543
-3.17396664,2.94896448,4.12663536,-7.42,-96.32,-50.400002,1770467857.581586
-2.32661808,3.17875392,3.52822536,0.35,-104.860001,-46.200001,1770467857.589558
-1.6157070000000002,3.4827462000000002,3.13088112,12.32,-110.669998,-48.790001,1770467857.597541
-1.21836276,3.46359708,2.9585390400000002,21.209999,-113.68,-46.27,1770467857.605547
-1.08671256,3.31997868,2.7814096800000003,25.41,-108.639999,-50.400002,1770467857.613578
-0.26808768000000005,3.5330126400000004,2.38885272,35.139999,-100.800003,-40.25,1770467857.621632
2.4415128,4.452170400000001,2.04416856,43.68,-101.57,-13.51,1770467857.629582
1.0891062,3.83700492,2.25241524,53.200001,-102.339996,-1.12,1770467857.637568
1.21836276,3.80110032,2.54443932,61.740002,-96.18,16.66,1770467857.645626
1.0962871200000002,3.9088141199999997,2.88194256,64.330002,-81.900002,24.780001,1770467857.653575
0.8425612800000001,4.14578448,3.6143964,61.32,-56.139999,35.560001,1770467857.661582
0.5074516800000001,4.4761068,4.97398392,51.099998,-14.91,40.599998,1770467857.669566
-0.06223464,4.51440504,6.63995736,39.549999,36.189999,37.799999,1770467857.677543
-1.17048996,3.91838868,8.62667856,23.940001,92.75,39.900002,1770467857.685747
-3.02316732,3.0375291600000005,10.515260520000002,4.9,144.059998,35.91,1770467857.693536
-5.086485,1.7880490800000002,12.43735344,-12.11,185.570007,26.6,1770467857.701587
-7.4633695200000005,1.18006452,14.16077424,-18.9,214.899994,20.370001,1770467857.709551
-10.94850936,-1.6396434000000002,17.20548432,-16.59,230.369995,26.67,1770467857.71757
-14.304392640000001,-4.837546440000001,18.016928280000002,-16.870001,216.089996,13.09,1770467857.725569
-17.05947228,-6.9295878,18.0241092,-7.7,160.860001,8.82,1770467857.733566
-18.68475384,-8.50220928,17.516657520000003,-9.45,78.120003,3.08,1770467857.74167
-18.316133280000003,-9.33040872,16.33898664,-17.639999,-17.219999,0.63,1770467857.74956
-15.33605148,-8.7128496,15.52514904,-16.450001,-105.419998,-4.97,1770467857.757542
-11.774315160000002,-6.558573600000001,14.85732348,-17.290001,-163.380005,-8.68,1770467857.76555
-8.38731456,-4.25828556,14.10572052,-18.34,-193.619995,-10.92,1770467857.773586
-5.38090272,-1.82874096,13.07884896,-21.98,-206.220001,-15.61,1770467857.78158
-2.96332632,0.38058875999999997,11.8724544,-26.67,-203.979996,-14.49,1770467857.789595
-1.077138,2.3170435200000004,10.318982040000002,-30.870001,-194.179993,-10.78,1770467857.79753
-0.28963044000000004,3.28646772,8.676945,-31.99,-178.570007,-11.27,1770467857.805542
0.06941556,3.3917878800000003,7.061238,-34.23,-154.419998,-15.19,1770467857.813541
5.072123160000001,6.582510000000001,4.75616268,-20.23,-143.639999,0.28,1770467857.821626
2.5252902,5.266008000000001,4.76813088,-15.12,-143.429993,21.77,1770467857.829638
2.6186421600000003,5.143932360000001,4.12184808,-10.08,-133.279999,19.67,1770467857.837627
2.8316761200000005,4.9548348,3.31758504,-8.26,-124.879997,21.84,1770467857.845565
2.97290088,4.57424604,2.692845,-5.32,-112.559998,22.75,1770467857.853546
3.04710372,4.07636892,2.2500216,-0.14,-98.209999,20.09,1770467857.861579
3.20508396,3.6933865200000002,1.9029438000000003,7.35,-76.93,19.389999,1770467857.869558
3.32955324,3.3271596000000003,1.5319296,22.33,-55.860001,9.52,1770467857.877526
3.40854336,3.00641184,1.20400092,33.529999,-31.780001,5.25,1770467857.885629
3.37263876,2.75029236,1.0579888800000001,43.889999,-5.88,2.8,1770467857.893571
3.31279776,2.70002592,1.19682,52.919998,24.639999,0.63,1770467857.901572
3.41333064,2.8843362000000003,1.83352824,56.98,58.869999,-1.4,1770467857.90963
3.710142,2.5372584,3.5545554,60.549999,93.169998,-4.41,1770467857.917537
3.9064204800000004,2.0298067200000003,5.8309070400000005,58.450001,128.940002,-1.4,1770467857.925529
3.6000345600000005,1.29974652,8.131195080000001,55.299999,166.949997,-0.49,1770467857.933545
2.91784716,0.28963044000000004,10.524835079999999,48.509998,204.75,6.37,1770467857.941591
1.8239536800000002,-0.24175764,13.23204192,39.900002,236.389999,9.59,1770467857.949562
0.11968200000000001,-0.06462828000000001,16.9828758,26.459999,265.720001,18.969999,1770467857.957541
-2.18539332,0.14122476,21.961647000000003,1.12,288.329987,32.900002,1770467857.965547
-5.02425036,-0.44042976,24.47736264,-30.870001,298.339996,40.040001,1770467857.973723
-6.55139268,-2.5181092800000004,22.29196932,-37.66,289.23999,45.779999,1770467857.982329
-7.595019720000001,-3.38939424,17.605222200000004,-23.66,257.670013,67.129997,1770467857.989713
-13.22007372,-7.99954488,14.847748920000003,-24.219999,254.309998,43.400002,1770467857.997561
-13.088423520000001,-6.6854365200000005,11.982561840000002,-12.46,216.229996,18.41,1770467858.005561
-13.87593108,-5.541276600000001,11.379364559999999,-4.48,182.139999,-1.82,1770467858.013553
-13.978857600000001,-3.6503010000000002,11.511014760000002,0.49,142.729996,-9.38,1770467858.021574
-13.409171280000002,-1.50320592,11.333885400000002,-3.43,104.790001,-26.110001,1770467858.02966
-12.4229916,0.29441772,10.38121668,-3.36,68.809998,-35.279999,1770467858.037753
-11.286012600000001,1.60134516,9.15088572,-6.37,38.220001,-45.290001,1770467858.045552
-10.067649840000001,2.5970994,8.08810956,-6.44,14.7,-50.189999,1770467858.053549
-8.973756360000001,3.2792868000000004,7.1450154,-4.55,-5.25,-53.130001,1770467858.061652
-7.94209752,3.7939194,6.19234668,-4.2,-22.889999,-51.099998,1770467858.069584
-7.001397000000001,4.27025376,5.20856064,1.68,-39.200001,-53.689999,1770467858.077659
-6.10856928,4.452170400000001,4.4042976000000005,4.55,-54.669998,-48.720001,1770467858.085573
-5.457499200000001,4.46174496,3.6981738,10.22,-65.870003,-52.009998,1770467858.093538
-4.74898176,4.5838206,3.2002966800000006,21.42,-73.849998,-52.990002,1770467858.101576
-3.45162888,4.9237174800000005,2.8867298400000005,32.130001,-84.910004,-39.619999,1770467858.109585
-3.10215744,4.81839732,2.81731428,42.560001,-89.32,-35.84,1770467858.117568
-2.76226056,4.643661600000001,2.71917504,46.900002,-89.669998,-26.67,1770467858.125525
-2.3433735600000003,4.56467148,2.49896016,46.970001,-88.760002,-22.049999,1770467858.133552
-1.855071,4.488075,2.333799,49.98,-92.330002,-19.879999,1770467858.141583
-1.496025,4.25589192,2.38406544,49.0,-91.910004,-17.99,1770467858.149548
-1.42182216,3.9806233200000003,2.27874528,47.669998,-87.360001,-7.0,1770467858.15755
-1.5462914399999999,3.6239709600000003,2.08725408,47.599998,-71.82,3.22,1770467858.165587
-2.02501944,3.19790304,2.25959616,43.959999,-47.459999,11.9,1770467858.173554
-2.80295244,2.79816516,3.0925828799999997,41.439999,-10.15,19.389999,1770467858.181577
-4.1170608,2.46066192,4.5718524,31.639999,37.66,19.040001,1770467858.189547
-5.866811640000001,2.2978944,6.2713368,18.9,89.739998,13.09,1770467858.197536
-7.98757668,2.1303396,8.02587492,2.59,141.050003,6.72,1770467858.205536
-10.120309920000002,1.6037388,9.70860384,-10.08,179.270004,-7.0,1770467858.213647
-12.549854520000002,-0.0718092,11.558887560000002,-13.09,198.169998,-15.4,1770467858.221546
-14.574873960000001,-2.29310712,13.363692120000001,-9.94,178.639999,-14.21,1770467858.229595
-17.109738720000003,-5.227709760000001,15.60413916,3.99,124.18,-12.67,1770467858.237533
-18.68954112,-7.176132720000001,17.109738720000003,13.23,42.209999,-8.33,1770467858.245556
-18.53395452,-7.93970388,17.361070920000003,7.98,-57.189999,-3.99,1770467858.253541
-16.05893076,-7.839171,16.8631938,9.52,-146.649994,-0.56,1770467858.261653
-12.580971840000002,-6.52027536,15.984727920000001,12.74,-216.720001,-4.2,1770467858.269576
-9.024022800000001,-4.3827548400000005,15.04163376,10.57,-259.630005,-8.33,1770467858.277543
-5.92665264,-1.8718264800000002,13.974070320000001,7.35,-276.850006,-15.75,1770467858.285529
-3.5425872000000003,0.33750324,12.89214504,1.75,-274.119995,-16.73,1770467858.293539
-1.49841864,2.03698764,11.55649392,-0.35,-257.179993,-20.93,1770467858.301573
0.06462828000000001,3.36067056,9.816317640000001,-5.46,-233.940002,-16.52,1770467858.309585
0.47633436000000007,3.6359391600000004,8.080928640000002,-6.86,-209.369995,-25.969999,1770467858.317607
0.5026644,4.11466716,6.06548376,-12.46,-186.199997,-38.290001,1770467858.325527
4.016527920000001,6.352720560000001,4.04285796,-6.44,-184.100006,-18.9,1770467858.333548
2.64975948,7.188100920000001,3.2721058800000002,-2.59,-174.229996,-10.15,1770467858.341635
2.80295244,7.47055044,2.8747616400000005,-12.32,-161.0,-7.42,1770467858.349558
3.2314140000000005,7.2527292,2.6569404000000003,-16.030001,-147.979996,-15.05,1770467858.357545
3.5665236,6.592084560000001,2.26438344,-22.120001,-134.960007,-14.7,1770467858.36555
3.6455137200000003,5.75191692,1.6851225600000002,-27.09,-115.779999,-12.46,1770467858.373741
3.5928536400000004,4.88541924,1.0388397600000001,-29.68,-92.400002,-10.01,1770467858.381574
3.45162888,4.059613440000001,0.5481435600000001,-35.630001,-64.889999,-0.63,1770467858.389595
3.4229052,3.1811475600000003,0.44761068000000004,-31.780001,-36.330002,-1.47,1770467858.397552
3.45162888,2.29310712,0.87846588,-23.309999,-5.32,-2.87,1770467858.405578
3.4492352400000006,1.6420370400000002,2.0681049600000003,-5.04,33.669998,-9.8,1770467858.413647
3.35588328,1.3907048400000002,3.7268974800000003,12.67,73.989998,-10.01,1770467858.421586
3.16199844,1.1250108,5.71840596,26.879999,116.199997,-12.04,1770467858.429595
2.89391076,0.5026644,8.064173160000001,40.110001,154.630005,-17.219999,1770467858.43754
2.49417288,0.0359046,10.44584496,45.919998,189.279999,-11.27,1770467858.445661
1.68033528,-0.13404384000000003,13.10757264,49.07,220.779999,-6.79,1770467858.453542
0.40931244,0.07899012000000001,16.78659732,44.240002,246.470001,13.79,1770467858.461578
-1.8957628800000002,0.7659648,21.38238612,21.559999,266.48999,28.35,1770467858.469554
-4.480894080000001,0.35186508,23.57256672,-7.42,279.019989,39.619999,1770467858.477548
-6.534637200000001,-1.68990984,21.70552752,-24.01,276.779999,55.09,1770467858.485555
-7.74103176,-2.96093268,17.46639108,-30.66,256.829987,68.040001,1770467858.493548
-9.7899876,-2.66651496,13.696408080000001,-21.49,226.100006,85.959999,1770467858.501584
-13.739493600000001,-5.804577,11.697718680000001,-36.540001,223.720001,55.439999,1770467858.509605
-13.974070320000001,-6.17319756,10.311801120000002,-40.529999,199.779999,27.02,1770467858.517557
-14.44083012,-5.261220720000001,9.888126840000002,-28.77,171.919998,13.58,1770467858.52553
-14.538969360000001,-3.4588098,9.7421148,-19.67,139.160004,2.24,1770467858.533535
-14.120082360000001,-1.2399055200000002,9.533868120000001,-11.13,101.5,-13.3,1770467858.54166
-13.33496844,0.81862488,8.96896908,-9.66,61.529999,-21.700001,1770467858.549586
-12.18841488,2.28831984,8.10965232,-2.45,25.9,-38.990002,1770467858.557545
-10.88866836,3.19072212,7.21443096,5.67,-4.69,-40.740002,1770467858.565549
-9.392643360000001,3.77955756,6.2952732,11.27,-31.15,-48.09,1770467858.5736
-8.04741768,4.416265800000001,5.45031828,23.450001,-55.439999,-49.279999,1770467858.581591
-6.800331240000001,4.76813088,4.796854560000001,27.860001,-73.639999,-50.889999,1770467858.589557
-5.550851160000001,4.91174928,4.26307284,38.43,-88.690002,-55.860001,1770467858.597542
-4.64126796,4.8949938,3.71253564,45.779999,-102.970001,-57.540001,1770467858.605555
-3.9806233200000003,4.646055240000001,3.3367341600000002,49.490002,-110.110001,-62.509998,1770467858.613601
-2.6880577199999998,5.2157415600000006,2.87715528,54.529999,-115.080002,-48.509998,1770467858.621598
-2.3984272800000004,5.3234553600000005,2.7359305199999997,49.630001,-112.980003,-38.639999,1770467858.629605
-2.03220036,5.41920096,2.61146124,44.73,-108.849998,-34.580002,1770467858.637611
-1.5678342,5.20856064,2.6258230800000004,37.240002,-102.129997,-28.209999,1770467858.645592
-1.3069274400000002,4.92850476,2.5827375600000004,35.0,-88.620003,-20.370001,1770467858.653552
-1.0891062,4.70110896,2.4247573200000003,34.299999,-70.910004,-5.18,1770467858.661578
-1.0388397600000001,4.5000432,2.22369156,28.280001,-50.330002,13.65,1770467858.669552
-1.65879252,3.90402684,2.23565976,26.950001,-25.620001,27.65,1770467858.677551
-2.4319382400000005,2.9585390400000002,2.35055448,25.549999,-0.28,41.369999,1770467858.685622
-3.66945012,1.9412420400000001,2.8867298400000005,24.219999,29.4,42.490002,1770467858.693571
-5.251646160000001,1.0603825199999999,4.1338162800000005,26.32,66.779999,39.900002,1770467858.701578
-6.9176196,0.54335628,6.170803920000001,20.790001,105.279999,31.780001,1770467858.70955
-8.76790332,-0.07899012000000001,8.97854364,15.89,141.539993,21.280001,1770467858.717544
-10.57031424,-1.7593254,11.944263600000001,-1.33,171.5,5.74,1770467858.725634
-11.7647406,-3.8106748800000005,14.42646828,-6.86,179.619995,-3.71,1770467858.733557
-13.512097800000001,-6.0894201599999995,16.300688400000002,4.2,163.169998,-0.28,1770467858.7416
-15.427009800000002,-8.04741768,17.38740096,13.79,115.5,-0.7,1770467858.749567
-16.01584524,-8.2700262,17.38022004,23.870001,45.290001,0.14,1770467858.757546
-15.09668748,-6.9535242,16.97330124,29.190001,-37.59,-1.4,1770467858.765565
-12.83469768,-4.607757,16.41079584,35.419998,-115.010002,-5.18,1770467858.773573
-10.105948080000001,-1.88618832,15.350413320000001,37.099998,-169.330002,-6.23,1770467858.781624
-7.681190760000001,0.8832531600000001,14.09375232,41.09,-197.75,-9.1,1770467858.78964
-5.58196848,3.2936486400000002,12.693472920000001,44.099998,-205.660004,-17.85,1770467858.797543
-3.92796324,5.359359960000001,11.09212776,44.66,-200.619995,-22.959999,1770467858.805544
-2.8915171200000005,6.5872972800000005,9.54344268,39.900002,-188.720001,-35.07,1770467858.813558
-1.63246248,7.64049888,7.73385084,30.73,-174.720001,-46.27,1770467858.821575
0.58404816,10.898242920000001,5.3019126000000005,31.43,-171.080002,-46.830002,1770467858.829815
0.87607224,10.61100612,4.55749056,25.129999,-174.440002,-38.43,1770467858.837538
1.2805974,10.524835079999999,3.59046,11.2,-168.979996,-44.310001,1770467858.845552
1.9867212,9.63918828,2.8388570399999997,-6.23,-155.610001,-43.889999,1770467858.853539
2.76704784,8.78705244,2.3768845200000004,-20.370001,-138.110001,-47.599998,1770467858.861575
3.83700492,7.788904560000001,2.21172336,-34.02,-114.800003,-51.099998,1770467858.869597
4.952441159999999,6.740490240000001,2.3912463600000002,-39.970001,-87.080002,-44.240002,1770467858.877559
5.4814356,5.574787560000001,2.58752484,-37.66,-54.32,-40.740002,1770467858.885543
5.941014480000001,4.2750410400000005,2.78619696,-27.860001,-20.65,-34.720001,1770467858.893527
6.01282368,2.9944436400000005,3.111732,-9.1,11.2,-30.66,1770467858.901574
5.79500244,1.7880490800000002,3.71253564,7.07,45.009998,-22.469999,1770467858.909555
5.31866808,0.41409972,4.808822760000001,22.190001,78.540001,-19.6,1770467858.917621
4.68195984,-1.29735288,6.470008920000001,26.809999,114.169998,-22.26,1770467858.925526
3.8561540400000003,-3.5377999200000003,8.30353716,20.09,151.199997,-13.3,1770467858.933554
2.69045136,-5.141538720000001,9.77562576,6.72,188.160004,-4.06,1770467858.941596
2.42715096,-6.3287841600000005,11.79346428,-3.57,217.279999,16.17,1770467858.94956
0.58165452,-6.6854365200000005,13.84002648,-4.13,246.820007,43.400002,1770467858.957539
-1.8766137600000001,-6.69501108,14.90998356,3.99,283.920013,70.769997,1770467858.965602
-5.1176023200000005,-7.52081688,15.000941880000001,3.99,314.440002,48.439999,1770467858.973643
-7.2527292,-6.09899472,13.87353744,14.35,318.5,50.049999,1770467858.981892
-9.74450844,-4.373180280000001,12.99985884,16.870001,309.049988,51.799999,1770467858.989687
-12.233894040000001,-2.4822046799999997,12.3511824,12.53,288.470001,48.790001,1770467858.997637
-14.50306476,-0.9885733200000001,11.125638720000001,-12.32,263.690002,39.619999,1770467859.005561
-16.121165400000002,3.06864648,9.24902496,-27.299999,237.369995,22.889999,1770467859.013869
-17.11213236,3.3822133200000004,9.502750800000001,-20.02,208.740005,3.71,1770467859.021594
-17.93554452,4.17211452,9.36870696,-17.780001,176.960007,-12.04,1770467859.029625
-18.16294032,5.38569,8.30353716,-19.67,131.600006,-26.530001,1770467859.037538
-17.61479676,6.580116360000001,7.164164520000001,-19.459999,74.550003,-39.41,1770467859.045554
-16.456275,6.762033000000001,6.30006048,-18.34,16.870001,-47.740002,1770467859.053542
-15.029665560000002,6.9295878,5.69925684,-13.37,-37.66,-52.990002,1770467859.061626
-13.22964828,6.460434360000001,5.567606640000001,-14.91,-79.099998,-54.950001,1770467859.069683
-11.314736280000002,5.967344520000001,5.261220720000001,-8.33,-109.690002,-55.23,1770467859.077535
-9.44051616,5.7447360000000005,4.8231846,-5.88,-130.899994,-52.779999,1770467859.085549
-7.810447320000001,5.40723276,4.25589192,-5.88,-149.380005,-56.07,1770467859.093537
-6.41734884,5.043399480000001,3.56891724,-7.35,-163.869995,-49.77,1770467859.101574
-5.18941152,4.947653880000001,2.8867298400000005,-9.8,-171.850006,-52.009998,1770467859.10958
-4.13142264,4.8902065200000004,2.41518276,-11.97,-176.75,-50.959999,1770467859.11753
-3.32237232,4.62929976,2.1423078,-17.639999,-178.289993,-52.849998,1770467859.125518
-2.7478987200000002,4.31333928,2.09922228,-29.120001,-172.199997,-49.139999,1770467859.133538
-1.7784745200000003,4.50961776,1.83352824,-36.68,-158.199997,-38.009998,1770467859.141854
-1.555866,3.89684592,1.9149120000000002,-44.59,-140.279999,-25.27,1770467859.149551
-1.43139672,3.0973701600000005,1.83831552,-46.549999,-115.849998,-16.1,1770467859.157533
-1.67076072,1.99150848,1.6875162000000001,-36.889999,-83.089996,-3.29,1770467859.165535
-2.33858628,0.7922948400000001,1.40506668,-24.99,-45.43,14.56,1770467859.173532
-3.3391278000000004,-0.08617104,1.52714232,-11.9,-10.01,26.67,1770467859.181602
-4.72504536,-0.9263386800000001,2.49177924,-9.8,22.889999,39.830002,1770467859.189628
-6.1444738800000005,-1.5391105200000001,4.1769018,-4.13,50.189999,40.110001,1770467859.197526
-7.83199008,-2.59949304,6.8027248799999995,1.12,74.269997,45.779999,1770467859.205535
-10.084405320000002,-4.16972088,9.01684188,3.43,91.629997,35.98,1770467859.213562
-12.104637480000001,-5.4934038,10.0772244,9.45,92.540001,24.219999,1770467859.221604
-14.67540684,-6.87453408,10.831221000000001,16.309999,74.550003,13.58,1770467859.229659
-17.171973360000003,-8.60752944,10.735475400000002,28.77,43.68,-6.65,1770467859.237531
-17.82783072,-9.52429356,10.46978136,54.18,-14.49,-12.25,1770467859.245553
-15.965578800000001,-7.908586560000001,11.81500704,83.720001,-99.959999,-14.28,1770467859.253534
-13.01182704,-4.98116484,13.904654760000001,102.970001,-191.660004,-4.48,1770467859.261609
-9.50993172,-1.99150848,14.790301560000001,109.199997,-273.700012,-8.89,1770467859.269632
-6.5968718399999995,0.5601117600000001,14.87407896,108.290001,-327.109985,-5.88,1770467859.277519
-3.9207823200000003,2.83406976,14.735247840000001,99.75,-354.480011,-11.76,1770467859.285524
-1.6228879200000002,4.8255782400000005,14.601204000000001,80.080002,-356.859985,-13.58,1770467859.293537
-0.16516116,5.952982680000001,14.3259354,51.450001,-335.019989,-25.620001,1770467859.301572
0.59362272,6.955917840000001,12.8179422,16.450001,-287.980011,-41.790001,1770467859.309667
4.9308984,9.31844052,10.77138,10.57,-265.929993,-13.09,1770467859.317606
4.938079320000001,9.380675160000001,9.05035284,-7.07,-226.169998,3.43,1770467859.325527
5.2540398,8.88997896,7.1330472,-26.879999,-187.600006,13.3,1770467859.333557
5.5173402000000005,8.11683324,5.42398824,-36.75,-149.309998,11.2,1770467859.341594
5.639415840000001,7.2287928,4.19365728,-47.529999,-112.349998,15.47,1770467859.349707
5.62026672,6.556179960000001,3.35588328,-47.110001,-76.650002,11.55,1770467859.357544
5.3761154399999995,5.99367456,2.71438776,-47.810001,-41.09,9.87,1770467859.365532
4.99313304,5.5700002799999995,2.0704986,-47.110001,-8.12,9.87,1770467859.373537
4.52637324,5.07691044,1.5702278400000003,-46.34,21.42,5.95,1770467859.381589
3.9255696,4.63887432,1.02447792,-53.900002,47.529999,9.17,1770467859.389558
3.30561684,4.25349828,0.7539966,-56.349998,70.980003,9.38,1770467859.397627
2.9106662400000003,3.76758936,0.86649768,-52.220001,94.5,13.65,1770467859.405652
2.56837572,2.8484316,1.5630469200000001,-40.669998,115.080002,10.85,1770467859.413548
2.2619898000000003,1.76171904,2.6617276800000003,-23.450001,137.199997,9.03,1770467859.421587
1.8000172800000003,0.9071895600000001,4.07397528,-11.69,163.309998,11.62,1770467859.429638
1.23033096,0.22260852,6.00085548,-1.68,191.520004,14.91,1770467859.437604
0.5744736,-0.26090676,8.272419840000001,-3.57,218.75,19.18,1770467859.445568
-0.3111732,-0.5912290800000001,10.60621884,-7.56,243.600006,22.889999,1770467859.453559
-1.8526773600000002,-0.70373016,13.28709564,-19.459999,264.179993,27.58,1770467859.461574
-3.82743036,-0.6462827999999999,16.64297892,-37.869999,283.149994,31.85,1770467859.469603
-6.7500648000000005,-0.7180920000000001,19.522527840000002,-58.66,299.390015,33.389999,1770467859.477537
-9.024022800000001,-2.2189042800000003,19.08449172,-77.699997,300.720001,39.689999,1770467859.485551
-10.910211120000001,-2.9154535200000002,15.55147908,-72.099998,275.029999,59.150002,1770467859.493554
-16.70281992,-8.30353716,12.48043896,-72.870003,269.920013,43.189999,1770467859.501576
-17.444848320000002,-7.7003398800000005,9.39982428,-62.02,232.889999,15.68,1770467859.509553
-18.50762448,-6.848204040000001,9.16046028,-35.91,181.720001,10.43,1770467859.517581
-18.699115680000002,-4.65084252,9.95036148,-16.799999,130.270004,0.21,1770467859.525527
-18.35203788,-1.69230348,10.90781748,-4.34,76.510002,0.98,1770467859.533539
-17.61000948,0.97899876,10.938934800000002,3.22,27.440001,-12.04,1770467859.541591
-15.965578800000001,2.63539764,9.871371360000001,-0.98,-13.37,-19.879999,1770467859.549578
-13.966889400000001,3.4827462000000002,8.4016764,0.98,-48.369999,-37.169998,1770467859.557565
-11.7767088,3.71732292,7.09235532,2.59,-77.839996,-46.060001,1770467859.565554
-9.76844484,3.7915257600000003,6.01043004,7.7,-102.410004,-50.330002,1770467859.573549
-7.973214840000001,3.82503672,5.12478324,15.96,-121.519997,-56.630001,1770467859.581668
-6.474796200000001,3.9112077600000004,4.3803612,21.42,-140.419998,-51.799999,1770467859.589599
-5.18701788,4.08594348,3.7747702800000003,26.32,-154.070007,-54.950001,1770467859.597541
-4.1769018,4.20323184,3.3989688000000005,30.799999,-165.339996,-50.959999,1770467859.605542
-3.28646772,4.1888700000000005,2.94657084,28.77,-174.720001,-53.900002,1770467859.613552
-1.9986894000000002,4.42105308,2.5109283600000003,32.970001,-177.520004,-46.619999,1770467859.621575
-1.2877783200000001,4.40190396,2.3170435200000004,30.1,-178.850006,-33.669998,1770467859.629629
-0.79947576,4.009347,2.23087248,26.32,-174.300003,-25.620001,1770467859.63754
-0.39016332000000004,3.5760981600000004,1.96757208,19.25,-162.75,-13.3,1770467859.645598
0.0359046,3.0877956,1.6444306800000001,11.34,-146.440002,-2.94,1770467859.65366
0.73724112,2.9896563600000006,1.39549212,10.22,-134.399994,3.57,1770467859.661579
1.46251404,2.8675807200000003,1.65400524,7.56,-119.209999,27.58,1770467859.669555
1.2207564,2.50853472,2.1901806,5.74,-90.93,40.18,1770467859.67754
0.67979376,2.29071348,2.78619696,3.57,-50.889999,53.619999,1770467859.685552
-0.16276752,1.9149120000000002,3.9734424,0.91,1.68,58.029999,1770467859.693644
-1.4146412400000001,1.47687588,5.73994872,1.68,64.400002,56.560001,1770467859.701576
-2.69763228,0.89043408,8.167099680000002,-7.07,129.639999,51.73,1770467859.709554
-4.62929976,0.69176196,10.61339976,-13.02,194.25,44.939999,1770467859.717538
-7.247941920000001,0.72048564,12.89453868,-10.01,247.240005,40.18,1770467859.725569
-12.93044328,-2.80534608,15.25706136,-16.799999,288.329987,10.29,1770467859.73355
-15.59935188,-4.851908280000001,15.996696120000001,-7.77,265.929993,-3.15,1770467859.741667
-19.328643,-6.2521876800000005,16.018238880000002,-0.42,193.270004,2.03,1770467859.749571
-21.679197480000003,-7.2575164800000005,15.74536392,6.65,83.650002,3.57,1770467859.757544
-21.317757840000002,-7.7434254000000005,15.573021840000001,4.9,-47.529999,-2.03,1770467859.765561
-18.19405764,-7.51842324,15.209188560000001,10.22,-159.880005,-2.73,1770467859.773572
-14.024336760000002,-6.290485920000001,14.778333360000001,17.639999,-238.070007,-10.22,1770467859.781603
-9.564985440000001,-4.13142264,14.48870292,16.52,-285.109985,-14.84,1770467859.789583
-5.8093642800000005,-1.4936313600000002,14.330722680000001,21.35,-302.399994,-21.49,1770467859.797608
-2.5755566400000003,0.8138376,13.959708480000002,21.07,-304.079987,-26.110001,1770467859.805533
-0.0047872800000000005,2.70960048,12.755707560000001,15.75,-289.940002,-23.17,1770467859.813539
1.02208428,3.0423164400000005,11.113670520000001,13.23,-264.179993,-28.0,1770467859.821568
1.52714232,3.26253132,8.84928708,11.9,-225.399994,-38.709999,1770467859.829579
4.61015064,5.550851160000001,6.75724572,34.860001,-219.309998,-4.2,1770467859.837547
4.25828556,6.470008920000001,5.4814356,39.970001,-191.869995,20.51,1770467859.845649
4.437808560000001,7.2646974,4.4042976000000005,40.669998,-162.820007,15.12,1770467859.853537
4.5838206,7.525604160000001,3.38939424,38.639999,-131.600006,22.33,1770467859.861571
4.5598842,7.55672148,2.4319382400000005,34.580002,-101.220001,14.21,1770467859.869863
4.4761068,7.4322522,1.5415041600000001,31.99,-76.019997,8.4,1770467859.877535
4.35163752,7.152196320000001,0.8234121600000001,34.650002,-52.43,4.13,1770467859.88554
4.1242417200000006,6.31202868,0.16755480000000003,31.43,-24.780001,-8.47,1770467859.893542
3.71732292,5.574787560000001,-0.6127718400000001,27.860001,2.45,-8.68,1770467859.901664
3.20508396,5.17265604,-1.5127804800000002,14.0,32.060001,-10.57,1770467859.909573
2.92981536,4.07636892,-1.50081228,3.99,60.759998,-5.67,1770467859.917525
2.4343318800000002,2.0226258,-0.61755912,-14.42,93.730003,0.0,1770467859.925537
2.08725408,1.17048996,0.91437048,-36.540001,128.869995,4.27,1770467859.933547
1.60613244,-1.31889564,3.3391278000000004,-61.810001,172.130005,20.09,1770467859.941622
0.9287323200000001,-2.20693608,5.27318892,-91.419998,218.75,34.790001,1770467859.949601
0.34947144,-2.33140536,7.5926260800000005,-93.660004,259.769989,36.75,1770467859.957543
0.71091108,-3.710142,11.542132080000002,-80.989998,291.829987,44.939999,1770467859.965543
-1.65879252,-3.55934268,16.55680788,-60.900002,322.209991,63.630001,1770467859.973852
-6.2833049999999995,-3.3391278000000004,23.60607768,-39.759998,347.970001,36.75,1770467859.98234
-9.933606,-3.4588098,28.47952872,-19.879999,335.929993,28.49,1770467859.989795
-13.057306200000001,-3.8896650000000004,24.19251948,-14.77,284.899994,37.450001,1770467859.997548
-14.610778560000002,-4.04285796,16.66452168,-19.32,212.380005,32.48,1770467860.00561
-15.45812712,-3.9016332000000005,11.309949000000001,-24.360001,140.979996,38.779999,1770467860.013573
-15.683129280000001,-3.7628020800000006,9.397430640000001,-25.549999,86.519997,26.459999,1770467860.021652
-15.584990040000001,-3.63115188,10.043713440000001,-32.41,41.509998,20.16,1770467860.02964
-15.06078288,-2.812527,11.147181480000002,-30.1,9.87,11.62,1770467860.037525
-14.06981592,-1.6468243200000001,11.230958880000001,-31.780001,-10.22,-2.45,1770467860.045615
-12.700653840000001,-0.40931244,10.4961114,-35.349998,-30.030001,-17.08,1770467860.053578
-11.1663306,0.67740012,9.39982428,-32.549999,-43.330002,-33.950001,1770467860.061578
-9.72535932,1.6204942800000002,8.4016764,-30.1,-49.07,-39.900002,1770467860.069559
-8.43040008,2.34097992,7.43943312,-18.34,-56.419998,-52.360001,1770467860.077603
-7.23118644,2.79577152,6.44367888,-15.82,-64.330002,-60.060001,1770467860.085538
-6.158835720000001,3.1643920800000003,5.469467400000001,-10.43,-75.599998,-60.619999,1770467860.093541
-5.2157415600000006,3.1835412,4.8710574,-7.35,-88.199997,-63.560001,1770467860.101578
-4.68914076,3.7005674400000004,4.4258403600000005,2.24,-96.739998,-63.07,1770467860.109567
-2.7478987200000002,4.13142264,4.2104127600000005,15.12,-99.470001,-42.139999,1770467860.117641
-2.79816516,3.99019788,4.243923720000001,23.66,-94.010002,-17.639999,1770467860.12556
-2.50614108,4.38993576,4.22956188,30.870001,-89.25,-1.96,1770467860.13354
-2.3218308000000003,4.579033320000001,4.3396693200000005,37.169998,-85.959999,4.13,1770467860.141577
-2.2021488000000002,4.60536336,4.35403116,36.540001,-83.019997,8.96,1770467860.149575
-2.154276,4.452170400000001,4.083549840000001,31.290001,-80.220001,11.55,1770467860.157538
-2.03938128,4.1409972,3.6000345600000005,21.98,-81.690002,19.25,1770467860.165538
-2.07289224,3.56412996,3.111732,15.75,-77.629997,22.540001,1770467860.173533
-2.2452343200000002,2.90109168,2.58991848,13.3,-68.879997,30.52,1770467860.181619
-2.56358844,2.29071348,2.59470576,12.39,-52.080002,41.580002,1770467860.189646
-3.01119912,1.68033528,3.5066826,14.77,-27.370001,43.75,1770467860.197519
-3.71971656,1.20400092,5.0505804,18.34,7.28,45.990002,1770467860.205538
-4.55270328,0.71330472,7.3125702,23.309999,43.400002,37.939999,1770467860.213536
-5.61787308,0.3949506,10.1011608,35.0,73.43,31.709999,1770467860.221574
-7.52081688,-0.12925656000000002,12.95437968,38.5,92.82,29.68,1770467860.229577
-9.914456880000001,-1.2399055200000002,14.9482818,38.080002,94.220001,8.26,1770467860.237569
-10.946115720000002,-2.02741308,15.644831040000001,36.400002,69.440002,11.34,1770467860.24565
-11.98734912,-2.92502808,15.946429680000001,34.580002,28.91,7.28,1770467860.253547
-12.166872119999999,-3.93035688,16.7076072,26.530001,-22.959999,14.14,1770467860.261613
-11.3937264,-4.8949938,17.3658582,17.92,-67.199997,9.94,1770467860.26968
-9.84504132,-5.51255292,17.34670908,9.1,-102.199997,7.49,1770467860.277529
-7.920554760000001,-5.565213000000001,16.60946796,2.24,-127.889999,7.56,1770467860.285525
-5.991280920000001,-4.9021747200000005,15.53951088,-4.69,-142.240005,2.45,1770467860.293547
-4.040464320000001,-3.23380764,14.340297240000002,-12.25,-147.630005,-1.47,1770467860.30158
-2.35534176,-1.55107872,13.21049916,-21.42,-143.779999,-3.64,1770467860.309551
-1.02687156,0.1316502,11.6809632,-29.469999,-132.860001,3.78,1770467860.317568
0.06223464,1.3859175600000002,10.043713440000001,-35.98,-118.650002,10.78,1770467860.325572
0.30877956,2.0585304,8.5213584,-41.369999,-101.010002,17.15,1770467860.333679
0.32553504,2.34097992,6.991822440000001,-41.93,-80.080002,8.82,1770467860.341572
0.39255696000000007,4.0213152,5.165475120000001,-36.540001,-60.34,6.72,1770467860.349603
1.34761932,4.80164184,4.5718524,-18.9,-63.91,26.32,1770467860.35754
0.9646369200000001,5.17983696,4.15775268,-9.87,-55.790001,31.85,1770467860.365545
0.9454878,5.49819108,4.13860356,-7.91,-46.34,25.34,1770467860.373541
1.10825532,5.66813952,4.26546648,-0.98,-34.860001,24.639999,1770467860.381641
1.27341648,5.651384040000001,4.40190396,-3.01,-25.76,25.690001,1770467860.389556
1.47687588,5.2540398,4.4641386,-1.54,-20.23,18.690001,1770467860.397547
1.65639888,4.59339516,4.37557392,-4.41,-14.07,18.9,1770467860.405558
1.75214448,3.56173632,4.32770112,-2.1,-6.93,19.950001,1770467860.41365
1.8502837200000002,2.55640752,4.39951032,4.55,5.67,20.370001,1770467860.421539
1.9196992800000001,1.73299536,4.55749056,14.56,19.67,19.6,1770467860.429637
1.8933692400000002,0.89043408,5.06494224,27.790001,36.68,19.74,1770467860.437555
1.8191664,0.44042976,5.89074804,34.439999,51.939999,25.549999,1770467860.445648
1.66118616,0.12446928,7.2766656,43.119999,70.769997,22.4,1770467860.453552
1.4792695200000001,0.0047872800000000005,9.12934296,46.41,93.239998,29.120001,1770467860.461579
1.19682,-0.05026644,10.926966600000002,47.529999,115.080002,30.379999,1770467860.469551
0.59841,-0.15319296000000002,12.779643960000001,51.099998,135.869995,31.99,1770467860.477605
-0.34947144,-0.24175764,14.826206160000002,53.27,153.160004,36.470001,1770467860.485549
-1.58698332,-0.2513322,16.575957,47.740002,164.009995,42.07,1770467860.493556
-3.0423164400000005,-0.42606792,17.3419218,40.950001,167.860001,46.759998,1770467860.501577
-4.44498948,-0.7300602,16.7674482,29.4,169.190002,58.240002,1770467860.509557
-5.3019126000000005,-0.5601117600000001,15.362381520000001,23.73,162.190002,67.269997,1770467860.517595
-6.91522596,0.0119682,13.72273812,16.450001,156.589996,73.849998,1770467860.525564
-9.6703056,-2.05134948,12.959166960000001,-6.86,169.610001,65.309998,1770467860.533534
-10.2687156,-1.63246248,11.16154332,-20.02,167.440002,37.799999,1770467860.541578
-10.7953164,-2.00108304,10.694783520000001,-34.650002,160.509995,23.52,1770467860.549585
-11.489472000000001,-1.9029438000000003,10.529622360000001,-38.360001,140.839996,11.2,1770467860.557646
-12.042402840000001,-1.5486850800000003,10.40515308,-41.23,115.220001,0.07,1770467860.565662
-12.1716594,-0.7300602,10.03653252,-38.990002,83.300003,-13.09,1770467860.573552
-11.834156160000001,0.33989688,9.47642076,-38.080002,45.639999,-20.65,1770467860.5816
-11.10409596,1.24708644,8.590773960000002,-41.650002,11.97,-27.860001,1770467860.589679
-9.9455742,1.9292738400000002,7.64528616,-42.0,-17.360001,-40.669998,1770467860.597555
-8.456730120000001,2.3433735600000003,6.8458104,-39.200001,-43.119999,-45.080002,1770467860.605551
-7.02054612,2.573163,6.288092280000001,-36.119999,-60.689999,-49.209999,1770467860.613554
-5.81415156,2.69523864,6.087026520000001,-28.77,-72.099998,-46.619999,1770467860.621613
-4.83036552,2.7814096800000003,5.9122908,-23.1,-78.260002,-41.02,1770467860.629616
-4.05482616,2.9417835599999997,5.7088314,-12.11,-77.0,-36.470001,1770467860.637542
-3.5665236,3.3391278000000004,5.51015928,-2.45,-74.760002,-32.130001,1770467860.645545
-3.171573,3.7556211600000005,5.48622288,-0.35,-65.730003,-30.66,1770467860.653573
-3.0830083200000002,4.1242417200000006,5.42398824,4.97,-56.0,-25.27,1770467860.661675
-3.171573,4.4258403600000005,5.335423560000001,0.49,-43.610001,-27.790001,1770467860.669554
-3.27689316,4.68435348,5.1606878400000005,-4.27,-31.219999,-32.689999,1770467860.677539
-2.8197079200000004,5.17504968,4.9787712,-2.03,-19.67,-25.41,1770467860.685534
-3.1237002,4.98834576,4.81361004,-7.07,-9.24,-16.66,1770467860.693659
-3.50428896,4.68914076,4.34924388,-6.09,-0.7,-6.09,1770467860.701581
-3.87051588,4.071581640000001,3.88009044,-6.23,5.67,7.21,1770467860.709557
-4.30376472,3.27449952,3.6933865200000002,2.24,7.63,14.49,1770467860.717544
-4.77052452,2.5013538,4.07397528,9.17,7.0,21.07,1770467860.725648
-5.31148716,1.8143791200000001,5.026644,19.459999,6.86,26.950001,1770467860.733552
-5.92665264,1.3093210800000001,6.1277184,27.51,6.65,27.370001,1770467860.741579
-6.62559552,0.9574560000000001,7.2287928,31.99,6.51,28.139999,1770467860.749867
-7.176132720000001,0.70851744,8.284388040000001,35.419998,6.86,28.0,1770467860.757653
-7.6787971200000005,0.30638592000000003,9.36631332,39.34,3.78,30.24,1770467860.765582
-8.27481348,-0.34707780000000005,10.42190856,35.630001,-2.52,25.129999,1770467860.773546
-8.590773960000002,-1.3117147200000001,11.38415184,34.23,-9.31,22.33,1770467860.781572
-8.444761920000001,-2.3984272800000004,12.360756960000002,30.1,-19.32,17.5,1770467860.789673
-8.14555692,-3.6598755600000006,13.27991472,31.639999,-28.700001,11.76,1770467860.7976
-7.3724112,-4.52637324,14.08896504,31.360001,-42.139999,7.42,1770467860.80557
-6.45325344,-4.80164184,14.47673472,29.540001,-53.970001,0.0,1770467860.813539
-5.371328160000001,-4.248711,14.16077424,24.92,-65.800003,-4.9,1770467860.821575
-4.31333928,-3.0255609600000004,13.260765600000001,19.459999,-73.360001,-9.1,1770467860.829584
-3.22183944,-1.5223550399999999,12.329639640000002,14.98,-73.639999,-13.16,1770467860.837573
-2.34097992,0.14122476,11.59957944,17.43,-67.620003,-11.69,1770467860.845547
-1.53432324,1.8502837200000002,11.16154332,14.0,-59.57,-16.870001,1770467860.85354
-1.0101160800000002,3.48035256,10.670847120000001,13.65,-47.459999,-17.290001,1770467860.861579
-0.84495492,4.46174496,10.120309920000002,4.62,-31.219999,-18.41,1770467860.869552
-1.13219172,4.72025808,9.28253592,-6.09,-11.34,-31.57,1770467860.877579
-1.09149984,5.17504968,7.9923639600000005,-12.32,9.52,-39.759998,1770467860.885542
-0.58883544,6.04154736,6.93198144,-15.89,20.09,-38.080002,1770467860.893543
-0.48112164,6.278517720000001,6.699798360000001,-12.11,25.200001,-31.360001,1770467860.901573
-1.04362704,5.81415156,6.5657545200000005,-18.969999,30.52,-23.24,1770467860.909743
-1.2327246,5.40483912,6.266549520000001,-22.33,32.41,-23.73,1770467860.917541
-1.2901719600000001,5.108027760000001,6.1755912,-21.42,28.35,-23.030001,1770467860.925545
-1.35719388,4.385148480000001,6.33596508,-20.440001,23.309999,-17.43,1770467860.933551
-1.4696949600000002,3.72450384,6.690223800000001,-14.35,22.190001,-14.07,1770467860.941645
-1.45054584,2.98486908,7.34129388,-12.25,19.74,-6.09,1770467860.949638
-1.41703488,2.22847884,8.34901632,-10.22,20.440001,-2.73,1770467860.957549
-1.32607656,1.9029438000000003,9.15088572,-9.03,19.74,1.47,1770467860.965545
-1.29495924,1.2614482800000002,9.83307312,-12.67,21.280001,5.67,1770467860.973856
-1.2877783200000001,0.4906962,10.093979880000001,-16.1,24.01,8.75,1770467860.982315
-1.35719388,-0.6079845600000001,10.0054152,-21.629999,29.959999,15.12,1770467860.989861
-1.43857764,-1.5630469200000001,9.780413040000001,-18.41,37.240002,22.33,1770467860.997547
-1.46251404,-2.44869372,9.7421148,-13.44,43.959999,32.759998,1770467861.005558
-1.39309848,-2.9202408,9.66791196,-10.22,47.950001,32.970001,1770467861.014
-1.55347236,-3.0758274,9.545836320000001,-6.23,55.439999,43.889999,1770467861.021656
-1.79762364,-3.10694472,9.2394504,-2.59,68.389999,51.939999,1770467861.029593
-2.05134948,-2.96093268,9.12455568,3.92,82.32,61.599998,1770467861.037524
-2.49417288,-2.64975948,8.9522136,7.35,96.32,70.559998,1770467861.045544
-3.11891292,-2.0226258,8.68173228,9.31,107.730003,73.989998,1770467861.053697
-3.9207823200000003,-1.21357548,8.53572024,11.34,119.279999,76.720001,1770467861.061577
-4.9452602400000005,-0.33271596000000003,8.65779588,5.25,131.389999,72.940002,1770467861.069547
-6.1755912,1.4936313600000002,8.89715988,4.76,144.690002,65.730003,1770467861.077539
-7.3652302800000005,1.92209292,9.8378604,5.53,155.539993,54.669998,1770467861.085533
-8.581199400000001,2.4415128,9.67269924,-8.26,164.289993,40.389999,1770467861.093581
-10.18254456,3.49232076,8.985724560000001,-14.91,170.940002,28.139999,1770467861.101577
-11.154362400000002,3.06625284,8.24369616,-33.25,169.190002,11.41,1770467861.10956
-11.78628336,3.15003024,7.84635192,-35.91,153.369995,-0.56,1770467861.117588
-12.3152778,2.7885906000000005,7.73624448,-38.290001,125.860001,-12.04,1770467861.125539
-12.506769,3.2792868000000004,7.45140132,-33.529999,89.879997,-19.25,1770467861.13354
-12.497194440000001,2.7718351200000004,7.812840960000001,-27.93,51.380001,-21.280001,1770467861.141582
-12.00889188,2.65933404,7.8295964399999995,-23.1,5.95,-25.27,1770467861.149637
-11.16872424,2.4726301200000003,7.595019720000001,-25.129999,-33.32,-29.959999,1770467861.157538
-10.0054152,2.8292824800000003,7.2646974,-20.58,-60.200001,-29.33,1770467861.16554
-8.82774432,2.96571996,7.1569836,-16.799999,-78.260002,-26.74,1770467861.173534
-7.719489000000001,3.0973701600000005,7.0133652,-7.35,-85.68,-20.16,1770467861.181564
-6.896076840000001,3.5928536400000004,6.82426764,-1.12,-84.349998,-14.07,1770467861.189668
-6.568148160000001,3.27689316,6.53942448,-3.29,-78.889999,-8.33,1770467861.197561
-6.383837880000001,4.09791168,5.99846184,-10.08,-68.459999,-7.21,1770467861.205546
-6.043941,4.7154708,6.1277184,-10.57,-54.459999,-11.34,1770467861.213534
-5.842875240000001,4.58621424,6.3670824,-10.08,-36.330002,-13.93,1770467861.221579
-5.95537632,4.2750410400000005,6.06548376,-16.030001,-9.87,-1.82,1770467861.229603
-6.31442232,4.09073076,5.49101016,-12.88,13.16,1.68,1770467861.237603
-6.994216080000001,3.5066826,5.158294199999999,-14.91,30.799999,6.58,1770467861.245534
-7.87268196,2.7048132000000003,5.0745168,-17.219999,45.080002,12.32,1770467861.253552
-8.65540224,1.9867212,5.072123160000001,-17.43,52.849998,13.93,1770467861.261595
-9.483601680000001,0.9263386800000001,5.19898608,-18.549999,52.43,11.06,1770467861.269581
-10.39557852,-0.21542760000000002,5.24446524,-20.09,47.389999,16.17,1770467861.277526
-10.51286688,-0.66303828,5.2684016399999996,-16.66,31.01,19.389999,1770467861.285524
-11.099308680000002,-0.7731457199999999,5.10324048,-13.86,7.63,26.530001,1770467861.293541
-12.116605680000001,-2.55162024,5.4096264000000005,-22.540001,-15.75,19.6,1770467861.301588
-11.6330904,-2.9154535200000002,5.28755076,-24.780001,-42.700001,9.03,1770467861.309691
-10.747443600000002,-2.79098424,5.35457268,-12.74,-71.959999,4.83,1770467861.317598
-9.82349856,-2.39603364,5.529308400000001,-4.69,-94.849998,8.05,1770467861.325552
-8.574018480000001,-1.99390212,5.44792464,7.77,-120.190002,7.49,1770467861.333545
-7.19049456,-1.4601204,5.17504968,21.42,-145.880005,3.36,1770467861.341658
-5.768672400000001,-0.6079845600000001,4.91653656,29.540001,-168.979996,13.58,1770467861.349702
-4.5838206,0.97899876,4.9021747200000005,45.639999,-182.070007,14.14,1770467861.357597
-3.34870236,3.2194458000000004,5.48861652,71.190002,-186.970001,16.799999,1770467861.365531
-2.31225624,4.47371316,6.5968718399999995,93.169998,-185.850006,10.78,1770467861.373547
-1.8790073999999999,5.455105560000001,7.4083158000000005,105.279999,-178.429993,-0.35,1770467861.381647
-0.99575424,5.96973816,7.5279978,103.32,-165.970001,-8.61,1770467861.389583
-0.35186508,6.73570296,7.3484748,97.300003,-153.229996,-18.41,1770467861.397539
1.17767088,7.23836736,7.56868968,84.07,-143.289993,-14.7,1770467861.405564
1.23033096,6.44607252,8.382527280000001,62.09,-124.18,-16.940001,1770467861.413549
1.71384624,5.70643776,8.73917964,36.610001,-97.650002,-21.559999,1770467861.421579
2.20932972,4.947653880000001,9.0120546,18.549999,-64.68,-30.450001,1770467861.429594
2.58752484,4.07397528,9.2394504,2.52,-27.790001,-36.189999,1770467861.437537
2.5611948,2.85561252,9.22269492,-21.35,15.12,-37.869999,1770467861.445553
2.4056082,1.56544056,9.337589640000001,-36.959999,54.110001,-38.290001,1770467861.453557
1.8933692400000002,0.39255696000000007,10.03413888,-46.200001,84.629997,-34.509998,1770467861.461579
0.9359132400000001,-0.7396347600000001,11.046648600000001,-49.0,109.339996,-35.700001,1770467861.469554
-0.19867212,-1.9053374400000003,11.92750812,-42.630001,126.629997,-34.16,1770467861.477543
-1.59895152,-2.3481608400000002,12.3152778,-31.290001,135.940002,-32.549999,1770467861.485704
-2.88194256,-2.2260852000000004,12.561822720000002,-20.51,137.270004,-31.15,1770467861.493535
-4.14817812,-1.84070916,12.6384192,-11.62,128.869995,-26.040001,1770467861.501576
-5.1606878400000005,-1.2446928,12.58815276,-13.79,112.139999,-21.700001,1770467861.509556
-5.8835671199999995,-0.6821874000000001,12.430172520000001,-20.440001,90.440002,-23.17,1770467861.517554
-6.21388944,-0.2872368,12.09266928,-26.879999,67.339996,-17.99,1770467861.525549
-6.11814384,-0.09095832000000001,11.58761124,-32.970001,48.860001,-21.559999,1770467861.533546
-5.8165452,-0.07420284,11.015531280000001,-33.110001,34.02,-20.93,1770467861.54158
-5.43835008,-0.07899012000000001,10.48174956,-39.48,26.74,-18.34,1770467861.549596
-5.20137972,-0.45239796,9.67269924,-46.759998,25.969999,-15.96,1770467861.557561
-5.01946308,0.21064032000000002,8.81577612,-43.959999,32.830002,-8.89,1770467861.565537
-4.98834576,-0.10532016000000001,8.636253120000001,-34.93,43.049999,-5.53,1770467861.573638
-5.22292248,0.12686292000000002,8.34422904,-31.08,50.610001,4.2,1770467861.581597
-5.4527119200000005,0.7899012,8.33226084,-28.0,58.73,12.46,1770467861.589585
-5.684895,1.47448224,8.566837560000002,-21.700001,61.18,20.719999,1770467861.597533
-6.01761096,2.15666964,8.542901160000001,-17.57,59.290001,33.669998,1770467861.60555
-6.39341244,2.9082726,8.03544948,-13.72,53.200001,41.299999,1770467861.613549
-6.6184146,3.4540225200000005,7.3245384,-7.35,40.529999,51.59,1770467861.621576
-6.80751216,3.72450384,6.53942448,-3.15,23.799999,62.509998,1770467861.629606
-6.5872972800000005,4.08833712,5.94580176,5.88,1.33,62.860001,1770467861.637557
-6.11096292,4.20562548,5.62026672,11.97,-29.82,63.630001,1770467861.645545
-5.62266036,4.01892156,5.4934038,13.86,-53.689999,63.490002,1770467861.653559
-4.98834576,3.60721548,5.49819108,18.34,-70.349998,59.779999,1770467861.661593
-4.3181265600000005,3.1811475600000003,5.50058472,18.41,-77.279999,59.220001,1770467861.669607
-3.5258317200000002,3.1284874800000004,5.62266036,24.08,-70.699997,48.580002,1770467861.677535
-2.90348532,3.46838436,6.027185520000001,32.41,-55.439999,42.0,1770467861.685542
-2.72396232,4.040464320000001,6.71894748,32.759998,-31.780001,31.85,1770467861.693545
-2.90109168,4.52876688,7.53517872,25.969999,-10.15,18.34,1770467861.701579
-3.37981968,4.658023440000001,8.06177952,9.52,6.65,7.21,1770467861.709559
-4.0572198,4.45456404,8.20539792,-5.6,16.66,-7.35,1770467861.717574
-4.56945876,4.07636892,8.033055840000001,-14.7,19.110001,-17.08,1770467861.725556
-5.06733588,3.6909928800000005,7.91576748,-21.209999,18.83,-23.379999,1770467861.733684
-5.30430624,3.32237232,8.080928640000002,-22.889999,16.309999,-27.299999,1770467861.741582
-5.443137360000001,2.8005588,8.5213584,-25.129999,10.22,-24.08,1770467861.749555
-5.64659676,2.3218308000000003,8.95460724,-24.219999,7.35,-23.379999,1770467861.757567
-5.876386200000001,2.00108304,9.27774864,-26.110001,8.68,-19.6,1770467861.765745
-6.13250568,1.76171904,9.66791196,-26.25,14.42,-16.73,1770467861.773553
-6.51788172,1.6492179599999999,10.0054152,-32.759998,24.219999,-15.26,1770467861.781575
-6.8793213600000005,1.39549212,10.132278120000002,-42.84,37.380001,-11.83,1770467861.789604
-7.5279978,0.8258058,10.055681640000001,-44.799999,56.98,-4.97,1770467861.797538
-8.44236828,0.25372584000000004,9.576953640000001,-50.119999,77.769997,2.87,1770467861.805545
-9.4189734,-0.16994844,8.875617120000001,-52.639999,97.300003,11.2,1770467861.813582
-10.54637784,-0.37819512000000005,8.1862488,-50.330002,110.389999,14.0,1770467861.821575
-11.8126134,-0.24415128000000003,7.57826424,-46.689999,114.309998,22.889999,1770467861.829587
-13.43310768,0.06702192000000001,7.11868536,-37.73,109.830002,18.129999,1770467861.837536
-13.940559360000002,0.6008036400000001,6.52745628,-31.01,87.150002,13.09,1770467861.84556
-14.23737072,1.2853846800000002,5.9481954,-22.33,47.32,11.06,1770467861.853876
-14.04827316,1.7090589600000001,5.70643776,-10.92,0.28,4.48,1770467861.861637
-13.26315924,2.01783852,5.881173480000001,-3.01,-52.779999,3.64,1770467861.86956
-11.87484804,2.09922228,6.340752360000001,5.88,-99.75,-2.59,1770467861.877527
-10.18733184,2.22369156,6.74767116,15.54,-139.160004,-2.31,1770467861.885543
-8.35140996,2.36730996,6.702192000000001,17.219999,-168.070007,-2.59,1770467861.893543
-6.66150012,2.35294812,6.364688760000001,23.309999,-187.949997,-4.62,1770467861.901626
-5.143932360000001,1.98432756,5.735161440000001,16.73,-196.839996,-3.71,1770467861.909573
-3.86094132,1.5079932,5.00510124,12.88,-194.179993,-7.77,1770467861.91754
-2.6569404000000003,1.2399055200000002,4.32770112,14.98,-181.860001,-11.9,1770467861.925547
-1.4122476000000002,0.9000086400000001,3.8178558000000002,21.07,-161.070007,-14.77,1770467861.93356
-0.59601636,0.54096264,3.5449808400000005,33.110001,-137.550003,-16.17,1770467861.941573
-0.2273958,0.39016332000000004,3.60960912,42.84,-111.160004,-11.06,1770467861.949812
0.03111732,0.7683584400000001,3.94711236,54.880001,-89.879997,-8.19,1770467861.957551
0.0047872800000000005,1.32368292,4.60536336,63.98,-74.690002,-1.05,1770467861.965592
-0.20585304000000001,1.9556038800000002,5.507765640000001,63.209999,-63.07,-2.03,1770467861.973702
-0.41409972,2.4774174,6.50830716,56.560001,-52.919998,-7.63,1770467861.98225
-0.5481435600000001,3.1260938400000002,7.3365066,46.759998,-46.41,-12.46,1770467861.989854
-0.6319209600000001,3.9590805600000003,7.920554760000001,29.68,-47.529999,-25.620001,1770467861.99766
-0.45718524,5.02425036,8.34901632,9.03,-50.189999,-32.689999,1770467862.005551
-0.27048132,5.869205280000001,8.904340800000002,-21.91,-49.0,-36.82,1770467862.013661
0.04069188,5.670533160000001,9.813924,-51.869999,-39.900002,-33.040001,1770467862.021615
0.53378172,4.31573292,11.034680400000001,-69.089996,-24.99,-31.709999,1770467862.029557
0.95506236,2.68327044,12.31049052,-76.300003,-9.24,-39.060001,1770467862.037524
1.1417662800000001,1.2901719600000001,13.404384000000002,-76.089996,6.65,-40.32,1770467862.045548
0.96703056,0.12446928,14.01715584,-71.540001,21.629999,-38.5,1770467862.053628
0.6223464,-0.84016764,14.33311632,-62.23,35.0,-39.41,1770467862.061581
0.12207564000000001,-1.33804476,14.51263932,-54.669998,45.779999,-32.34,1770467862.069553
-0.40931244,-1.3165020000000003,14.711311440000001,-42.209999,55.09,-34.369999,1770467862.077554
-0.9287323200000001,-0.9215514,14.562905760000001,-32.759998,58.240002,-32.27,1770467862.08559
-1.40746032,-0.51223896,13.995613080000002,-26.809999,57.119999,-29.120001,1770467862.093536
-1.8718264800000002,-0.12686292000000002,13.176988200000002,-20.23,56.0,-22.68,1770467862.101576
-2.30268168,0.16516116,12.23628768,-20.02,54.18,-15.54,1770467862.109555
-2.6330040000000006,0.44761068000000004,11.111276880000002,-16.66,53.970001,-7.7,1770467862.117545
-2.9226344400000004,0.6438891600000001,10.08201168,-14.35,56.560001,4.2,1770467862.125589
-3.1596048,0.7539966,9.22030128,-16.1,64.120003,13.44,1770467862.13352
-3.49232076,0.86410404,8.33944176,-12.25,72.730003,22.4,1770467862.141575
-3.8537604000000005,1.0795316400000001,7.47055044,-12.46,82.529999,39.27,1770467862.149546
-4.179295440000001,1.22793732,6.71894748,-10.57,90.089996,47.669998,1770467862.157653
-4.58621424,1.3667684400000002,6.194740320000001,-11.9,90.93,58.799999,1770467862.165572
-5.04100584,1.56544056,6.043941,-15.68,87.5,66.639999,1770467862.173537
-5.55803208,1.6994844000000002,6.14926116,-20.65,79.940002,69.019997,1770467862.181576
-6.06548376,1.6037388,6.3311778,-28.91,76.510002,72.940002,1770467862.189552
-6.438891600000001,1.42182216,6.46761528,-28.139999,75.110001,72.169998,1770467862.197533
-6.64474464,1.3165020000000003,6.6184146,-27.58,73.080002,74.480003,1770467862.205581
-6.86495952,1.5079932,6.88650228,-23.450001,74.830002,71.610001,1770467862.213546
-7.204856400000001,2.1375205200000003,7.35326208,-19.32,71.959999,63.279999,1770467862.221576
-7.6357116000000005,2.8795489200000004,7.702733520000001,-24.01,67.830002,58.310001,1770467862.229547
-8.24130252,3.5976409200000004,7.599807000000001,-32.549999,63.209999,39.689999,1770467862.237517
-8.52614568,4.18647636,6.946343280000001,-39.900002,53.689999,26.040001,1770467862.245538
-8.65779588,4.54312872,6.56336088,-52.43,42.98,3.43,1770467862.253601
-8.5213584,4.5838206,6.20192124,-61.880001,28.07,-3.99,1770467862.26159
-8.3298672,4.30615836,6.177984840000001,-68.32,16.799999,-14.28,1770467862.269548
-8.05938588,3.7029610800000006,5.85963072,-65.309998,7.98,-16.73,1770467862.27753
-7.78172364,3.23380764,5.5604257200000005,-56.209999,1.54,-17.290001,1770467862.285553
-7.4633695200000005,2.86518708,5.29473168,-43.75,-2.8,-14.49,1770467862.293531
-7.42507128,2.8484316,5.13675144,-32.970001,-4.9,-8.82,1770467862.301586
-7.597413360000001,2.88912348,5.0529740400000005,-24.57,-4.13,1.54,1770467862.309669
-7.997151240000001,2.6186421600000003,5.2899444,-22.68,0.28,9.87,1770467862.317548
-8.60034852,1.90773108,5.783034240000001,-19.459999,7.63,17.709999,1770467862.32555
-9.170034840000001,0.58404816,6.1660166400000005,-15.96,13.86,21.07,1770467862.33353
-9.361526040000001,-0.52181352,6.32639052,4.13,14.0,40.25,1770467862.341587
-10.699570800000002,-1.7712936000000001,6.76921392,24.780001,10.08,55.09,1770467862.349556
-12.300915960000001,-4.06440072,7.25033556,37.66,-0.35,45.43,1770467862.35757
-12.418204320000001,-4.591001520000001,7.511242320000001,53.549999,-25.9,38.43,1770467862.365555
-12.805973999999999,-5.0027076,8.6530086,64.610001,-53.549999,30.52,1770467862.373621
-12.78682488,-5.239677960000001,9.507538080000002,77.489998,-88.620003,20.719999,1770467862.381663
-12.293735040000001,-5.543670240000001,9.72535932,83.510002,-118.790001,14.35,1770467862.389632
-11.63548404,-5.677714079999999,9.84504132,90.720001,-146.300003,-2.8,1770467862.397543
-10.63015524,-5.29233804,9.99584064,98.699997,-168.0,-13.93,1770467862.40554
-8.93306448,-4.136209920000001,10.34531208,97.650002,-186.410004,-28.35,1770467862.413553
-6.75963936,-2.21172336,10.936541159999999,99.610001,-200.059998,-34.580002,1770467862.421674
-4.35881844,-0.21064032000000002,11.61154764,89.599998,-211.75,-35.84,1770467862.429554
-2.1207650399999998,2.1159777600000003,12.04719012,82.110001,-225.75,-34.509998,1770467862.437523
-0.53138808,4.01413428,12.2554368,62.509998,-232.050003,-25.83,1770467862.445547
0.18909756000000003,4.85430192,11.953838160000002,37.450001,-222.389999,-33.459999,1770467862.453723
4.059613440000001,8.77987152,8.77987152,26.18,-213.429993,-20.440001,1770467862.461574
4.2415300799999995,8.88997896,10.259141040000001,13.02,-205.869995,5.6,1770467862.4696
4.5957888,9.13891752,9.1796094,-5.32,-185.779999,13.93,1770467862.477543
4.71307716,8.85886164,7.32932568,-25.690001,-164.570007,19.879999,1770467862.48554
4.80164184,8.29156896,5.39287092,-42.77,-140.279999,20.09,1770467862.493594
4.6915344,7.52081688,3.88727136,-53.759998,-114.029999,15.61,1770467862.501587
4.607757,7.075599840000001,2.65933404,-65.660004,-83.230003,11.97,1770467862.509553
4.66999164,6.66150012,1.82874096,-69.790001,-49.98,11.34,1770467862.517579
4.643661600000001,6.194740320000001,1.52953596,-72.870003,-14.35,16.59,1770467862.525579
4.5598842,5.371328160000001,1.63724976,-76.720001,21.07,17.85,1770467862.533537
4.52876688,4.01413428,2.12555232,-75.110001,56.84,19.6,1770467862.541579
4.3612120800000005,2.29071348,3.1213065600000003,-72.449997,91.629997,18.690001,1770467862.549552
4.179295440000001,0.42128064000000004,4.397116680000001,-59.779999,127.050003,14.56,1770467862.557559
3.8896650000000004,-1.44097128,5.81415156,-42.560001,162.610001,19.389999,1770467862.56555
3.34870236,-2.8364634000000004,7.24554828,-27.860001,192.5,14.14,1770467862.573567
2.333799,-2.9585390400000002,8.53572024,-7.77,217.630005,12.88,1770467862.581581
2.04416856,-3.5521617599999997,10.42669584,4.34,231.419998,22.4,1770467862.589556
-0.2633004,-2.5013538,12.17644668,6.37,247.940002,23.450001,1770467862.597546
-2.3457672,-1.48645044,14.48870292,4.55,265.369995,26.6,1770467862.605694
-4.234349160000001,-0.50027076,17.03314224,-9.24,273.350006,24.43,1770467862.613573
-6.9870351600000005,-0.55293084,17.0786214,-22.120001,283.01001,33.18,1770467862.621578
-8.91870264,-1.15612812,15.259455000000003,-32.689999,274.26001,39.060001,1770467862.629556
-11.27643804,-1.58937696,12.89932596,-29.540001,255.570007,51.029999,1770467862.637556
-14.0147622,-2.25959616,11.135213280000002,-25.200001,235.270004,45.57,1770467862.645524
-15.805204920000001,-2.4295446,10.04850072,-27.02,216.229996,32.34,1770467862.653595
-17.085802320000003,-2.44390644,9.42854796,-25.9,188.089996,13.58,1770467862.66158
-17.36346456,-1.94602932,8.62667856,-25.690001,160.720001,-0.7,1770467862.669557
-16.79617188,-0.9861796800000001,7.800872760000001,-19.6,124.25,-12.04,1770467862.677658
-15.74057664,0.3710142,7.4633695200000005,-13.02,84.419998,-23.73,1770467862.685542
-14.543756640000002,1.7928363600000001,7.475337720000001,-5.6,41.860001,-29.68,1770467862.693545
-13.179381840000001,2.9872627200000004,7.4681568,0.98,3.01,-35.490002,1770467862.701574
-11.64745224,3.84418584,7.34608116,9.52,-32.130001,-39.759998,1770467862.709553
-10.084405320000002,4.385148480000001,6.79075668,17.639999,-62.369999,-42.07,1770467862.717557
-8.47827288,4.61733156,5.80697064,25.34,-88.550003,-41.650002,1770467862.72568
-7.08038712,4.796854560000001,4.75855632,35.560001,-113.190002,-38.990002,1770467862.733529
-5.91468444,4.906962,3.9016332000000005,38.990002,-134.539993,-40.32,1770467862.741578
-4.92132384,4.84472736,3.1404556800000005,37.73,-151.899994,-44.59,1770467862.749585
-3.2074776,5.65617132,2.38406544,42.98,-167.369995,-40.459999,1770467862.757562
-2.45587464,5.7758533199999995,1.98911484,41.439999,-181.860001,-36.400002,1770467862.765686
-1.6396434000000002,5.737555080000001,1.5127804800000002,33.740002,-191.169998,-34.93,1770467862.773556
-0.86410404,5.65377768,0.9335196,25.969999,-187.529999,-34.720001,1770467862.781577
0.29441772,5.737555080000001,0.48112164,19.809999,-177.869995,-14.07,1770467862.789583
1.32607656,5.119995960000001,0.56968632,21.91,-152.669998,12.39,1770467862.79764
1.32128928,4.31094564,0.9766051200000001,21.0,-104.580002,36.540001,1770467862.805599
1.2686292,3.20269032,1.70427168,18.549999,-41.93,56.209999,1770467862.813547
0.5289944400000001,1.88618832,2.82210156,21.35,24.780001,65.169998,1770467862.821615
-1.2255436800000001,0.28484316,4.308552,18.969999,93.379997,69.720001,1770467862.829564
-3.8657286000000006,-1.4936313600000002,6.245006760000001,16.17,170.100006,58.310001,1770467862.837526
-5.40244548,-1.96517844,8.38731456,12.74,231.490005,63.490002,1770467862.84554
-13.83763284,-6.70697928,11.20462884,-6.23,315.559998,39.41,1770467862.853572
-15.92728056,-7.690765320000001,11.977774560000002,-29.190001,362.040009,-12.6,1770467862.861678
-19.8313074,-10.527228720000002,12.66714288,-28.77,360.429993,-27.23,1770467862.869558
-22.45952412,-12.43256616,13.07645532,4.69,286.579987,-25.969999,1770467862.877544
-23.268574440000002,-10.543984200000002,14.790301560000001,36.400002,133.979996,-3.36,1770467862.885551
-23.038785,-6.46522164,16.520903280000002,40.740002,-33.880001,10.29,1770467862.893529
-20.458441080000004,-3.34152144,15.649618320000002,39.900002,-174.649994,17.92,1770467862.901624
-16.4203704,-0.79468848,14.06502864,35.98,-271.600006,18.620001,1770467862.909566
-12.0639456,1.5415041600000001,12.997465200000002,31.290001,-320.459991,8.26,1770467862.917553
-7.8846501600000005,3.50907624,12.01128552,23.450001,-342.019989,4.76,1770467862.925548
-4.63887432,4.935685680000001,10.532016000000002,19.25,-340.339996,1.12,1770467862.933534
-2.53247112,5.507765640000001,8.746360560000001,16.17,-326.970001,-3.71,1770467862.941625
-0.7611775199999999,6.0678774,6.53942448,10.57,-304.149994,-11.27,1770467862.949728
2.31943716,8.28678168,3.9566869200000006,23.450001,-298.619995,-0.49,1770467862.957897
2.49656652,7.5064550400000005,2.96093268,26.879999,-286.929993,16.59,1770467862.965603
2.9800818000000002,7.360443,1.98432756,21.84,-271.25,18.620001,1770467862.973864
3.44444796,7.305389280000001,1.16570268,13.44,-253.050003,7.84,1770467862.981793
4.05482616,7.188100920000001,0.26808768000000005,-2.31,-228.410004,1.54,1770467862.989809
4.41147852,6.848204040000001,-0.5050580400000001,-12.88,-198.169998,-6.65,1770467862.99755
4.78728,6.343146,-1.52474868,-21.629999,-158.899994,-7.42,1770467863.005555
5.0027076,5.6011176,-2.41997004,-24.08,-113.120003,2.66,1770467863.013573
5.146326,4.602969720000001,-2.6617276800000003,-19.459999,-66.220001,9.03,1770467863.021591
5.1223896,3.6359391600000004,-1.83831552,-13.3,-14.0,14.21,1770467863.029571
5.119995960000001,2.63779128,0.45239796,-2.59,41.860001,12.39,1770467863.037529
4.9787712,1.6851225600000002,3.1955093999999997,6.65,100.169998,14.0,1770467863.045566
4.66281072,0.6295273200000001,6.1444738800000005,7.56,163.380005,13.09,1770467863.053646
3.89684592,-0.50027076,9.25381224,4.34,216.929993,12.18,1770467863.061581
2.49417288,-1.30214016,12.38469336,-9.73,264.040009,12.25,1770467863.069555
0.6199527600000001,-1.08192528,16.35334848,-26.110001,310.380005,9.31,1770467863.07755
-1.6228879200000002,0.0478728,22.701281760000004,-44.869999,355.600006,16.24,1770467863.085646
-4.85430192,0.14122476,28.33351668,-74.760002,385.209991,23.870001,1770467863.093542
-8.24369616,-2.49177924,28.10372724,-88.129997,392.48999,38.709999,1770467863.101577
-9.4668462,-4.23913644,21.69116568,-77.349998,350.559998,72.730003,1770467863.109549
-15.29296596,-7.403528520000001,16.097229000000002,-65.309998,305.130005,92.470001,1770467863.117531
-17.782351560000002,-7.33411296,11.130426000000002,-61.740002,250.460007,39.34,1770467863.125545
-18.59618916,-6.6638937600000006,9.23466312,-52.220001,190.119995,28.0,1770467863.133567
-18.560284560000003,-4.63648068,9.095832000000001,-41.369999,133.490005,7.0,1770467863.141659
-17.727297840000002,-2.27635164,9.51232536,-41.790001,77.629997,-1.47,1770467863.149554
-16.25042196,0.04069188,9.25381224,-39.130001,23.870001,-22.26,1770467863.157648
-14.2900308,1.61091972,8.358590880000001,-35.139999,-19.32,-32.27,1770467863.165539
-11.97538092,2.70720684,7.31735748,-28.42,-51.52,-43.259998,1770467863.173569
-9.68466744,3.3439150800000004,6.24021948,-13.93,-74.129997,-54.110001,1770467863.181579
-7.70991444,3.7077483600000005,5.1941988,0.42,-90.860001,-49.630001,1770467863.189599
-6.11814384,4.0045597200000005,4.36360572,14.98,-102.199997,-54.110001,1770467863.197523
-4.88541924,3.9734424,3.6622692,32.900002,-111.300003,-48.720001,1770467863.205536
-4.09791168,3.9973788000000003,3.0279546,46.759998,-118.089996,-55.439999,1770467863.213535
-2.5755566400000003,4.698715320000001,2.3098626,64.540001,-122.080002,-42.349998,1770467863.221542
-2.03938128,4.71068352,1.9268802000000003,72.730003,-131.740005,-39.759998,1770467863.229556
-1.5486850800000003,4.837546440000001,1.63724976,77.769997,-138.740005,-35.84,1770467863.237514
-1.17048996,4.89738744,1.2159691200000002,78.68,-143.360001,-39.41,1770467863.245541
-0.47154708,5.1176023200000005,0.57207996,74.199997,-147.839996,-47.740002,1770467863.253536
0.7659648,5.18701788,0.045479160000000005,71.75,-152.320007,-35.84,1770467863.261583
1.40746032,5.0625485999999995,0.02872368,68.529999,-147.350006,-20.23,1770467863.269542
1.57501512,4.98355848,0.26808768000000005,62.02,-124.879997,-0.7,1770467863.277537
1.7473572000000002,4.86627012,0.67261284,55.23,-87.639999,17.5,1770467863.285525
1.65639888,4.27982832,1.4601204,47.32,-35.139999,38.57,1770467863.293538
0.7803266400000001,3.27449952,2.8867298400000005,45.290001,32.200001,50.470001,1770467863.301595
-0.97899876,2.14709508,5.455105560000001,44.52,107.870003,50.259998,1770467863.30961
-3.56173632,1.12740444,8.796627,40.880001,191.729996,37.029999,1770467863.317539
-6.242613120000001,0.71330472,12.04479648,32.34,273.910004,21.49,1770467863.325549
-10.663666200000002,0.23218308000000001,15.194826720000002,24.92,354.690002,12.53,1770467863.333559
-14.993760960000001,-4.34924388,17.24378256,3.99,396.339996,-6.86,1770467863.341637
-18.86667048,-8.07374772,17.775170640000002,13.3,370.299988,-6.44,1770467863.349558
-23.25660624,-10.898242920000001,17.3179854,30.799999,268.450012,-0.35,1770467863.357562
-25.193061,-10.87191288,16.73872452,29.540001,115.849998,2.66,1770467863.365551
-23.977091880000003,-9.19875852,17.03792952,30.17,-44.380001,2.45,1770467863.373543
-19.73077452,-6.221070360000001,16.465849560000002,33.740002,-176.960007,4.48,1770467863.381615
-14.785514280000001,-3.21226488,15.04881468,30.1,-249.830002,1.75,1770467863.389553
-10.4243022,-0.58404816,13.62220524,28.0,-278.390015,-3.08,1770467863.397563
-6.8793213600000005,1.65400524,12.267405,23.24,-282.589996,-10.15,1770467863.405571
-4.0476452400000005,3.470778,10.874306520000001,18.9,-267.75,-14.42,1770467863.413579
-2.0776795200000002,4.87584468,9.404611560000001,17.99,-244.089996,-13.3,1770467863.421596
-1.2614482800000002,5.2301034,7.83199008,12.46,-213.850006,-23.940001,1770467863.429636
-0.30877956,5.974525440000001,5.69925684,17.290001,-180.110001,-21.559999,1770467863.437522
2.70960048,7.59023244,4.0213152,27.790001,-164.779999,-6.65,1770467863.445547
1.70666532,8.32747356,3.1332747600000004,26.879999,-149.869995,3.01,1770467863.453646
1.9532102400000002,8.68173228,2.20693608,15.68,-134.75,3.71,1770467863.461581
2.24762796,8.636253120000001,1.3117147200000001,1.12,-121.449997,2.31,1770467863.469553
2.53247112,8.0067258,0.46436616000000003,-9.31,-112.419998,1.75,1770467863.477539
2.63779128,7.12825992,-0.42846156,-15.68,-104.019997,-0.21,1770467863.485541
2.65933404,6.34793328,-1.24948008,-22.889999,-92.330002,-6.09,1770467863.493654
2.67130224,5.43835008,-2.03220036,-24.15,-78.889999,-10.92,1770467863.501575
2.81731428,4.40190396,-2.54204568,-24.01,-60.130001,-8.12,1770467863.50956
2.95135812,3.51625716,-2.5851311999999997,-17.57,-34.580002,-6.65,1770467863.517567
3.00641184,2.8795489200000004,-1.7880490800000002,-7.42,-1.82,1.19,1770467863.525572
2.8867298400000005,2.22129792,0.25611948,-2.1,42.209999,10.22,1770467863.533529
2.64018492,1.68990984,3.00880548,2.31,96.389999,16.799999,1770467863.541578
2.13512688,0.9813924,6.17319756,0.0,158.830002,17.92,1770467863.549554
1.0388397600000001,-0.11968200000000001,9.035991000000001,-11.13,215.460007,19.040001,1770467863.557854
-0.4069188,-1.256661,11.56367484,-26.110001,259.279999,9.66,1770467863.565586
-2.16145692,-1.8119854800000001,14.7448224,-43.68,288.329987,3.99,1770467863.573576
-4.55749056,-1.8143791200000001,19.374122160000002,-60.549999,307.790009,-11.06,1770467863.581575
-7.066025280000001,-1.99150848,23.050753200000003,-75.669998,315.0,-5.74,1770467863.589552
-11.046648600000001,-3.8058876000000006,23.56299216,-72.239998,318.779999,-0.84,1770467863.597591
-15.37195608,-8.35619724,20.51588844,-57.68,308.980011,-5.32,1770467863.605551
-16.4323386,-8.624284920000001,15.90334416,-34.580002,252.630005,-11.27,1770467863.613548
-16.99245036,-7.271878320000001,12.947198760000001,-9.24,175.630005,-5.11,1770467863.621575
-16.93021572,-4.68914076,11.65942044,1.12,96.389999,-7.35,1770467863.629602
-16.2528156,-1.855071,11.34824724,6.79,38.779999,-12.81,1770467863.637514
-15.099081120000001,0.50027076,11.1663306,4.9,1.61,-22.120001,1770467863.645559
-13.49055504,2.1064032,10.54877148,-4.9,-17.01,-37.169998,1770467863.653543
-11.90357172,3.13088112,9.459665280000001,-10.36,-25.549999,-45.709999,1770467863.661584
-10.27350288,3.7340784,8.143163280000001,-12.88,-31.360001,-60.549999,1770467863.669555
-8.980937280000001,4.21759368,6.80511852,-11.69,-35.630001,-63.209999,1770467863.677588
-7.87986288,4.5239796000000005,5.5891494,-0.98,-40.669998,-67.690002,1770467863.685572
-6.8458104,4.78728,4.67717256,8.47,-46.130001,-67.059998,1770467863.693545
-6.13011204,4.8231846,3.91838868,25.200001,-55.93,-65.099998,1770467863.701575
-5.64420312,4.62451248,3.32955324,34.09,-65.099998,-67.830002,1770467863.709564
-4.22956188,5.51255292,2.50374744,49.630001,-79.239998,-57.75,1770467863.717681
-3.7915257600000003,5.54845752,2.19975516,55.299999,-98.209999,-55.93,1770467863.725551
-3.2074776,5.63462856,1.72820808,52.779999,-116.410004,-55.02,1770467863.73354
-2.52050292,5.58436212,1.2901719600000001,52.639999,-132.649994,-56.139999,1770467863.741581
-1.9196992800000001,5.40483912,0.89043408,44.73,-142.380005,-55.02,1770467863.749556
-1.2159691200000002,4.914142920000001,0.54574992,39.689999,-144.619995,-45.150002,1770467863.757667
-0.6199527600000001,4.248711,0.25611948,31.360001,-140.070007,-33.25,1770467863.765621
0.06223464,3.7436529600000004,0.22260852,23.73,-125.860001,-17.219999,1770467863.773675
2.25241524,3.5210444400000003,0.82819944,26.74,-106.540001,6.79,1770467863.781576
0.94309416,2.3816718,2.34097992,33.25,-64.470001,37.799999,1770467863.78964
-0.033510960000000006,1.3643748000000002,3.92796324,44.450001,-5.11,53.200001,1770467863.79755
-1.9795402800000002,0.11968200000000001,6.13250568,49.279999,60.759998,60.689999,1770467863.805644
-4.62929976,-0.9646369200000001,8.856468000000001,45.43,131.389999,55.650002,1770467863.813592
-8.20300428,-0.39973788,10.934147520000002,42.0,205.380005,56.560001,1770467863.821589
-16.334199360000003,-5.6130858,11.96341272,20.09,302.820007,11.06,1770467863.829568
-17.971449120000003,-7.164164520000001,10.99638216,7.0,323.540009,-18.200001,1770467863.837521
-19.812158280000002,-9.05035284,12.281766840000001,11.76,261.450012,-10.01,1770467863.845553
-21.69116568,-10.292652,14.871685320000001,27.440001,135.169998,1.19,1770467863.853699
-22.39728948,-9.44530344,16.87755564,38.009998,-9.66,15.26,1770467863.861594
-21.15738396,-6.934375080000001,17.82304344,36.189999,-150.429993,19.809999,1770467863.869563
-17.784745200000003,-4.49525592,17.00920584,37.73,-245.139999,18.059999,1770467863.877541
-13.41874584,-1.76411268,15.319296000000001,35.630001,-299.809998,9.17,1770467863.885543
-9.19875852,0.7659648,13.586300640000001,30.66,-319.480011,-4.76,1770467863.893548
-6.0559092,2.5755566400000003,12.090275640000002,29.68,-314.859985,-8.82,1770467863.901697
-3.56891724,4.1122735200000005,10.936541159999999,22.75,-295.679993,-18.9,1770467863.909545
-1.53432324,5.4527119200000005,10.0652562,15.96,-264.600006,-24.15,1770467863.917529
-0.30159864000000003,5.976919080000001,9.21312036,4.76,-227.360001,-34.02,1770467863.925542
-0.05744736,5.675320440000001,7.901405640000001,-9.59,-184.940002,-53.130001,1770467863.93354
6.082239240000001,8.4615174,6.0559092,1.26,-169.75,-38.639999,1770467863.941622
3.2936486400000002,8.53572024,5.325849000000001,3.57,-136.850006,-20.440001,1770467863.949566
3.36785148,8.7248178,4.44977676,0.56,-114.449997,-17.219999,1770467863.957544
3.4229052,8.68651956,3.6024282000000003,-5.67,-93.309998,-11.13,1770467863.965562
3.31279776,8.236515240000001,2.69763228,-11.34,-74.339996,-12.18,1770467863.974307
3.2481694800000005,7.37480484,1.8431028,-15.47,-59.990002,-7.28,1770467863.981709
2.99683728,6.39341244,0.9885733200000001,-21.139999,-48.02,-6.79,1770467863.989744
2.7766224000000004,5.59393668,0.14601204,-20.65,-39.900002,-11.55,1770467863.99754
2.5181092800000004,4.76573724,-0.5194198800000001,-24.99,-30.450001,-10.22,1770467864.005577
2.3816718,4.1673272400000005,-1.14415992,-28.209999,-17.57,-11.76,1770467864.013546
2.32661808,3.5521617599999997,-1.52714232,-30.450001,1.05,-4.06,1770467864.021581
2.38885272,2.74311144,-1.14655356,-25.129999,26.25,1.54,1770467864.029799
2.4726301200000003,1.84070916,0.23697036000000002,-16.309999,58.380001,6.23,1770467864.037558
2.5109283600000003,0.96224328,2.17342512,-7.91,96.599998,7.14,1770467864.045545
2.5228965600000004,0.07420284,4.83994008,-7.77,133.979996,7.84,1770467864.05358
2.18299968,-0.9981478800000001,8.131195080000001,-15.47,172.059998,10.85,1770467864.061728
1.1417662800000001,-2.21172336,11.29558716,-27.860001,210.139999,9.38,1770467864.069564
-0.38058875999999997,-3.32955324,14.69455596,-40.18,246.820007,15.05,1770467864.077542
-2.42715096,-3.9447187200000005,18.22278132,-46.619999,278.809998,19.530001,1770467864.085541
-4.26786012,-3.92796324,20.338759080000003,-49.349998,294.070007,29.610001,1770467864.093532
-7.64049888,-4.74658812,21.88505052,-46.549999,284.829987,49.91,1770467864.101641
-13.756249080000002,-9.11498112,20.470409280000002,-57.189999,283.359985,30.59,1770467864.109559
-14.2301898,-9.6703056,16.48499868,-40.740002,243.809998,18.83,1770467864.117532
-15.32408328,-8.84210616,13.68683352,-15.68,184.729996,13.65,1770467864.125538
-16.190580960000002,-6.060696480000001,12.59294004,8.47,132.369995,4.34,1770467864.133671
-16.276752000000002,-2.37449088,12.58336548,22.540001,89.529999,-4.06,1770467864.14158
-15.793236720000001,1.08671256,12.525918120000002,19.530001,56.91,-21.98,1770467864.14954
-14.71370508,3.2290203600000003,11.84373072,10.43,35.419998,-42.560001,1770467864.157532
-13.24401012,4.2750410400000005,10.54877148,5.11,14.21,-56.560001,1770467864.165562
-11.733623280000002,4.74898176,9.01444824,3.92,-4.83,-71.190002,1770467864.173537
-10.26632196,4.904568360000001,7.585445160000001,10.08,-22.120001,-80.290001,1770467864.181574
-8.90194716,5.036218560000001,6.57532908,14.21,-35.91,-84.910004,1770467864.189541
-7.76018088,4.9907394,5.866811640000001,21.98,-53.34,-81.059998,1770467864.197528
-6.955917840000001,4.926111120000001,5.060154960000001,25.620001,-68.32,-82.18,1770467864.205555
-6.158835720000001,5.155900560000001,4.2319555200000005,29.68,-81.760002,-80.5,1770467864.213664
-4.76573724,5.89553532,3.5880663600000005,38.220001,-99.959999,-69.510002,1770467864.221575
-4.09073076,6.00324912,3.0447100799999998,37.169998,-115.43,-54.459999,1770467864.229549
-3.3271596000000003,5.9170780800000005,2.50374744,38.57,-129.639999,-53.759998,1770467864.237521
-2.573163,5.639415840000001,2.0417749200000004,41.02,-142.869995,-48.720001,1770467864.245542
-1.9532102400000002,5.3019126000000005,1.48645044,37.73,-149.729996,-46.759998,1770467864.253536
-1.2829910400000002,4.79206728,0.94309416,34.650002,-152.179993,-36.049999,1770467864.26171
-0.70851744,4.25349828,0.33032232,27.23,-146.789993,-26.74,1770467864.269547
-0.09335196000000001,3.9973788000000003,-0.16276752,20.65,-137.059998,-14.07,1770467864.277534
1.39309848,4.07636892,-0.29681136,16.309999,-122.43,3.92,1770467864.285519
0.7851139200000001,3.2362012800000004,0.299205,16.66,-91.769997,22.889999,1770467864.293531
0.46915344000000003,2.5970994,1.27581012,13.44,-46.200001,36.68,1770467864.301641
-0.5289944400000001,1.7928363600000001,2.95375176,12.67,12.18,48.09,1770467864.309557
-2.08486044,0.7061238000000001,5.735161440000001,10.36,82.389999,47.25,1770467864.317543
-4.0691880000000005,-0.39734424,9.67269924,6.79,155.050003,46.549999,1770467864.325542
-6.55378632,-0.32792868000000003,12.801186720000002,8.96,222.25,46.130001,1770467864.333551
-15.46052076,-5.677714079999999,15.94882332,1.54,311.149994,14.0,1770467864.341673
-18.84034044,-6.74288388,14.3379036,-2.59,339.220001,-19.32,1770467864.349584
-22.13877636,-8.574018480000001,12.70304748,7.35,268.170013,-22.82,1770467864.357541
-24.587470080000003,-9.617645520000002,12.772463040000002,10.78,110.18,-20.58,1770467864.36556
-24.69997116,-9.32083416,15.07753836,13.23,-66.57,-6.86,1770467864.373617
-21.83717772,-8.63146584,15.738183000000001,23.030001,-219.869995,-2.87,1770467864.381667
-16.5400524,-6.85538496,14.558118480000001,32.34,-326.410004,-2.73,1770467864.389587
-11.21180976,-4.16972088,13.672471680000001,41.650002,-380.450012,-7.84,1770467864.397542
-6.474796200000001,-1.2207564,13.22725464,50.330002,-399.910004,-18.200001,1770467864.405544
-2.50853472,1.5391105200000001,13.09560444,52.150002,-392.350006,-25.969999,1770467864.413571
0.29681136,4.05003888,13.15065816,49.98,-367.779999,-31.709999,1770467864.421639
1.4577267600000001,4.54312872,12.89932596,32.060001,-320.809998,-44.59,1770467864.429662
4.4761068,6.460434360000001,10.639729800000001,18.200001,-280.700012,-77.559998,1770467864.437522
6.24979404,7.899012000000001,8.37534636,28.0,-241.710007,-42.77,1770467864.4456
6.180378480000001,8.14076964,6.97267332,17.92,-191.940002,-23.940001,1770467864.45355
6.29766684,8.30832444,5.349785400000001,8.12,-139.229996,-21.42,1770467864.461595
6.292879560000001,8.00433216,4.06200708,-3.01,-84.629997,-11.9,1770467864.469562
5.91947172,7.44661404,2.96571996,-5.88,-36.119999,-9.87,1770467864.47754
5.2181352,6.570541800000001,2.2021488000000002,-9.1,1.47,-12.18,1770467864.485563
4.416265800000001,5.69925684,1.52474868,-10.22,30.73,-10.99,1770467864.493546
3.56173632,4.88541924,0.91437048,-8.33,50.540001,-11.83,1770467864.501573
2.6736958800000004,3.9423250800000003,0.56489904,-9.73,65.870003,-9.1,1770467864.509621
1.9268802000000003,3.15242388,0.21303396,-8.12,75.529999,-13.16,1770467864.517571
1.2614482800000002,2.50614108,-0.1436184,-6.02,79.940002,-13.72,1770467864.525705
0.7587838800000001,2.0226258,-0.42606792,-4.69,83.650002,-14.42,1770467864.533536
0.42128064000000004,1.62528156,-0.41170608000000003,-1.19,92.959999,-11.9,1770467864.541581
0.33510960000000006,0.96224328,0.55771812,1.89,106.889999,-1.75,1770467864.549559
0.39255696000000007,0.20106576,2.4415128,4.9,123.760002,-3.29,1770467864.557536
0.47872800000000004,-0.58883544,5.1702623999999995,7.84,144.410004,-2.59,1770467864.565562
0.48830256000000005,-1.5391105200000001,8.94263904,-0.14,171.710007,-2.59,1770467864.573547
0.08377740000000002,-2.6306103600000004,12.58336548,-4.48,195.929993,-1.26,1770467864.581593
-0.70851744,-2.31943716,15.74775756,0.21,217.910004,8.19,1770467864.589636
-2.08486044,-3.7316847600000003,19.568007,6.44,232.820007,23.870001,1770467864.597541
-4.71307716,-4.50961776,21.231586800000002,4.9,240.380005,39.130001,1770467864.605593
-9.1676412,-6.4364979600000005,21.40632252,-8.68,240.380005,21.629999,1770467864.613552
-10.33334388,-6.93198144,18.87624504,-15.54,216.929993,3.57,1770467864.621586
-11.86527348,-7.01815248,15.714246600000001,-9.59,182.630005,-3.08,1770467864.629553
-13.00225248,-5.72558688,13.296670200000001,-0.77,141.75,-14.84,1770467864.637528
-13.76103636,-3.3463087200000006,12.513949920000002,14.56,104.720001,-23.870001,1770467864.645544
-13.940559360000002,-0.45239796,12.81076128,18.969999,80.150002,-32.900002,1770467864.653545
-13.72273812,2.3290117200000005,12.93044328,20.860001,65.169998,-42.700001,1770467864.661882
-13.24161648,4.492862280000001,12.4110234,12.67,51.73,-52.360001,1770467864.66962
-12.62405736,5.51494656,11.23574616,1.68,36.959999,-63.419998,1770467864.677625
-11.721655080000001,5.780640600000001,9.507538080000002,-4.2,18.83,-74.410004,1770467864.68554
-10.61818704,5.5388829600000005,7.95406572,-4.9,-1.26,-81.830002,1770467864.693539
-9.4309416,5.155900560000001,6.74527752,6.3,-23.799999,-89.459999,1770467864.701551
-8.27720712,4.9428666,5.79739608,15.12,-48.02,-92.050003,1770467864.709549
-7.26230376,4.0332834,5.13675144,22.540001,-77.0,-95.550003,1770467864.717537
-6.79075668,4.966803,3.8513667600000003,39.970001,-95.199997,-101.709999,1770467864.725542
-4.753769040000001,5.9386208400000005,3.2888613600000003,51.310001,-117.529999,-88.690002,1770467864.733537
-4.191263640000001,5.93143992,2.97768816,57.400002,-142.729996,-76.580002,1770467864.741673
-3.3989688000000005,6.0559092,2.63539764,57.330002,-159.949997,-76.019997,1770467864.749548
-2.56837572,5.735161440000001,2.4032145600000003,54.32,-173.949997,-71.190002,1770467864.757544
-1.76411268,5.65377768,2.0345940000000002,53.549999,-183.539993,-71.330002,1770467864.765562
-0.82819944,5.531702040000001,1.5462914399999999,51.169998,-186.270004,-63.139999,1770467864.773609
0.49787712,5.85963072,0.8425612800000001,53.970001,-182.979996,-46.41,1770467864.781574
1.16570268,5.17744332,0.6869746800000001,51.52,-175.839996,-19.6,1770467864.78959
1.44097128,4.698715320000001,0.5481435600000001,53.970001,-149.729996,-2.73,1770467864.797538
1.62528156,4.1409972,0.85931676,56.560001,-111.089996,10.99,1770467864.805544
1.4337903600000002,3.4229052,2.0082639600000003,54.529999,-55.860001,20.16,1770467864.813537
0.87846588,2.12794596,4.37078664,45.220001,6.09,20.719999,1770467864.821656
-0.01436184,-0.2273958,7.997151240000001,25.41,70.980003,15.26,1770467864.829561
-1.4720886,-2.25959616,12.5546418,6.09,141.610001,9.17,1770467864.837577
-2.25720252,-2.4175764,16.76266092,12.67,195.720001,22.33,1770467864.845537
-12.85145316,-8.69130684,19.58236884,1.33,286.369995,14.42,1770467864.853537
-14.201466120000001,-9.514719,17.14564332,-4.76,299.670013,-25.41,1770467864.861586
-17.468784720000002,-10.20169368,15.30972144,3.08,247.029999,-24.639999,1770467864.869602
-20.47280292,-8.78705244,15.719033880000001,-4.34,133.490005,-26.530001,1770467864.877638
-21.267491400000004,-8.03784312,16.781810040000003,-9.1,-6.79,-23.030001,1770467864.885541
-19.23050376,-6.7931503200000005,17.2820808,-3.99,-141.190002,-23.799999,1770467864.893545
-15.04881468,-4.243923720000001,16.32223116,1.89,-229.740005,-25.83,1770467864.901635
-10.63015524,-1.73299536,14.730460560000001,5.11,-278.809998,-32.900002,1770467864.909569
-6.93916236,0.8090503200000001,13.33496844,8.12,-293.51001,-41.790001,1770467864.91754
-3.99498516,3.0877956,12.578578199999999,9.45,-289.170013,-48.09,1770467864.925575
-1.71384624,3.8944522800000003,12.33442692,-1.54,-270.200012,-55.580002,1770467864.933618
-0.85692312,5.31627444,10.78095456,-11.76,-242.619995,-76.089996,1770467864.941582
0.4906962,8.648221320000001,7.925342040000001,-9.52,-214.410004,-79.870003,1770467864.949552
3.2074776,8.27481348,6.86495952,-0.28,-207.339996,-47.529999,1770467864.957542
2.7646542000000003,8.1862488,5.33063628,-3.78,-188.089996,-24.5,1770467864.965587
2.75747328,7.889437440000001,3.9064204800000004,-8.12,-172.899994,-23.17,1770467864.973692
3.03274188,7.20246276,2.70960048,-4.76,-157.850006,-14.42,1770467864.982015
3.0351355200000003,6.10138836,1.8766137600000001,-2.45,-144.759995,-11.48,1770467864.989963
2.95375176,5.0505804,1.13219172,4.97,-131.949997,-9.45,1770467864.997565
2.7814096800000003,4.095518040000001,0.46915344000000003,13.86,-119.419998,-5.95,1770467865.00556
2.5779502800000005,3.1811475600000003,-0.1555866,17.360001,-104.019997,-14.14,1770467865.013524
2.36730996,2.36730996,-0.6702192000000001,25.41,-86.870003,-10.71,1770467865.02165
2.20693608,1.4146412400000001,-0.80665668,24.08,-67.339996,-15.96,1770467865.029555
2.13991416,0.24654492000000003,-0.5912290800000001,28.77,-42.0,-21.0,1770467865.03753
2.53965204,-1.1728836,0.1914912,37.52,-16.52,-26.950001,1770467865.04558
3.23380764,-2.453481,1.7234208000000002,52.779999,10.43,-33.110001,1770467865.053582
4.394723040000001,-2.5252902,4.3181265600000005,79.730003,38.290001,-27.16,1770467865.061571
4.89978108,-3.90402684,8.47827288,95.900002,69.300003,-18.969999,1770467865.069857
4.794460920000001,-4.01174064,12.066339240000001,116.760002,107.870003,-19.6,1770467865.07754
4.0213152,-3.7436529600000004,14.66583228,133.630005,146.720001,-15.82,1770467865.085537
2.0944350000000003,-2.7359305199999997,17.60043492,129.639999,175.139999,-17.85,1770467865.093535
0.32792868000000003,-0.39255696000000007,20.79833796,108.010002,185.289993,-17.08,1770467865.101582
-2.2859262,1.09149984,23.19915888,74.970001,169.399994,-17.639999,1770467865.109577
-4.54312872,1.3524066000000001,23.39065008,38.290001,139.369995,-18.9,1770467865.117531
-6.33357144,1.17048996,21.96404064,13.44,101.639999,-19.110001,1770467865.125537
-7.23118644,1.06756344,19.455505920000004,-5.67,68.809998,-23.17,1770467865.133538
-8.10007776,1.2805974,16.95654576,-18.690001,57.959999,-43.889999,1770467865.141587
-7.827202800000001,2.27874528,15.194826720000002,-25.129999,50.540001,-50.959999,1770467865.14955
-7.65246708,3.3319468800000003,14.019549480000002,-34.09,49.07,-65.589996,1770467865.157526
-7.68837168,4.287009240000001,12.4948008,-38.57,49.84,-72.099998,1770467865.165703
-7.63810524,4.61733156,10.725900840000001,-44.799999,50.400002,-82.389999,1770467865.173541
-7.53757236,4.56467148,8.93306448,-41.650002,46.060001,-90.370003,1770467865.181581
-7.413103080000001,4.784886360000001,7.34129388,-34.93,31.99,-90.93,1770467865.189544
-7.269484680000001,4.952441159999999,5.9721318000000005,-23.1,9.1,-99.68,1770467865.197531
-7.48251864,5.565213000000001,4.602969720000001,-10.43,-17.360001,-110.529999,1770467865.20554
-6.03436644,7.054057080000001,3.0925828799999997,1.47,-45.150002,-102.620003,1770467865.213533
-5.59154304,8.23890888,2.4893856,9.45,-76.650002,-87.220001,1770467865.221609
-4.8949938,8.6889132,2.03698764,3.08,-109.830002,-81.970001,1770467865.229626
-3.88009044,8.62667856,1.70666532,-5.32,-137.690002,-82.529999,1770467865.23752
-2.59949304,8.078535,1.45293948,-3.01,-158.830002,-77.629997,1770467865.245548
-1.09389348,6.97506696,1.48645044,2.1,-171.990005,-74.480003,1770467865.253543
-0.32792868000000003,5.550851160000001,1.4792695200000001,13.23,-174.369995,-58.029999,1770467865.261554
0.19867212,4.5838206,1.43139672,23.73,-164.429993,-48.16,1770467865.269594
0.71091108,3.5330126400000004,1.80959184,33.740002,-145.880005,-33.18,1770467865.277539
0.9071895600000001,2.3170435200000004,2.64736584,42.07,-118.790001,-23.59,1770467865.285523
1.16330904,1.0172970000000001,4.34924388,57.959999,-82.809998,-16.52,1770467865.293534
1.10346804,0.18909756000000003,6.860172240000001,77.0,-40.25,-14.98,1770467865.301592
0.35904600000000003,0.06223464,9.8977014,93.660004,5.53,-11.27,1770467865.309666
-1.2375118800000002,0.58404816,13.74188724,100.660004,35.419998,-17.08,1770467865.31754
-3.5186508,1.39309848,18.208419480000003,88.970001,43.540001,-25.200001,1770467865.325542
-6.39819972,2.04416856,22.734792719999998,64.959999,32.060001,-35.630001,1770467865.333554
-8.37295272,1.24948008,24.45821352,34.860001,0.84,-37.310001,1770467865.341683
-10.318982040000002,-0.38776968,23.129743320000003,4.69,-38.43,-46.48,1770467865.349559
-10.28547108,-2.64975948,21.40871616,-27.23,-81.339996,-48.509998,1770467865.357539
-8.44715556,-3.9566869200000006,19.161088200000002,-52.57,-120.68,-65.449997,1770467865.365704
-5.783034240000001,-2.8388570399999997,17.940331800000003,-64.610001,-141.399994,-59.849998,1770467865.373585
-3.2481694800000005,-1.75693176,17.11213236,-76.440002,-154.559998,-59.709999,1770467865.381582
-1.2686292,-0.43803612,15.81956676,-88.199997,-153.720001,-55.860001,1770467865.389561
0.28963044000000004,1.10346804,14.364233640000002,-94.849998,-147.070007,-57.049999,1770467865.397542
1.09389348,2.3577354,12.772463040000002,-100.309998,-132.089996,-61.32,1770467865.40556
1.1369790000000002,2.44390644,10.83361464,-111.510002,-108.989998,-66.150002,1770467865.413619
1.55347236,2.812527,8.91870264,-110.879997,-106.68,-73.290001,1770467865.421586
2.9441772,5.2588270800000005,6.577722720000001,-84.629997,-97.720001,-29.540001,1770467865.429552
2.54683296,4.45695768,5.39287092,-79.099998,-88.410004,-18.549999,1770467865.43758
2.3481608400000002,4.73461992,3.82743036,-69.230003,-83.230003,-7.63,1770467865.445539
2.2955007600000004,4.5239796000000005,2.5276838400000003,-56.139999,-78.400002,-0.84,1770467865.453545
2.0944350000000003,4.15775268,1.4242158,-38.779999,-74.410004,9.52,1770467865.461664
1.93166748,3.8417922000000004,0.68936832,-23.309999,-69.580002,12.32,1770467865.469565
1.8454964400000002,3.5449808400000005,0.13404384000000003,-8.33,-62.02,12.53,1770467865.477544
1.8191664,3.0997638,-0.1316502,3.64,-51.869999,15.26,1770467865.48566
1.96517844,2.26438344,-0.0718092,13.58,-40.110001,10.43,1770467865.493539
2.41039548,1.0723507200000002,0.23218308000000001,25.549999,-26.32,4.48,1770467865.501578
3.01119912,-0.2872368,0.8258058,43.119999,-10.57,1.4,1770467865.509546
3.5545554,-1.4457585600000002,1.8933692400000002,64.330002,10.85,-6.16,1770467865.517572
4.20562548,-2.1231586800000004,3.5449808400000005,90.860001,32.200001,-6.93,1770467865.525631
4.947653880000001,-3.49232076,5.857237080000001,105.769997,51.869999,-8.4,1770467865.533538
5.29473168,-3.83221764,8.53093296,121.099998,70.629997,-1.47,1770467865.541581
5.51015928,-4.1409972,11.343459959999999,131.110001,91.699997,0.98,1770467865.549563
5.4096264000000005,-4.4761068,14.0865714,138.320007,113.260002,8.82,1770467865.557543
4.63887432,-4.6963216800000005,17.00202492,137.759995,123.620003,16.379999,1770467865.565558
3.5258317200000002,-3.96626148,18.9336924,124.18,122.989998,27.16,1770467865.573594
2.30268168,-3.16199844,20.48237748,108.57,111.650002,45.220001,1770467865.581592
1.36198116,-3.00641184,21.186107640000003,81.900002,91.489998,57.189999,1770467865.589561
0.09813924000000002,-2.65933404,20.697805080000002,64.75,76.089996,58.029999,1770467865.597531
-1.376343,-1.35958752,19.630241639999998,49.630001,83.370003,50.119999,1770467865.605552
-2.53486476,0.3710142,18.28980324,33.110001,108.989998,32.830002,1770467865.613625
-3.769983,2.29310712,17.0068122,16.1,136.360001,9.52,1770467865.621584
-5.313880800000001,3.86812224,15.754938480000002,0.35,165.270004,-17.99,1770467865.62955
-6.2474004,5.18462424,13.86396288,-19.110001,181.300003,-44.73,1770467865.637539
-7.2287928,6.09899472,11.87963532,-31.57,181.860001,-63.98,1770467865.645545
-8.0426304,6.386231520000001,9.44051616,-46.34,170.380005,-81.269997,1770467865.653541
-8.1264078,6.63995736,6.470008920000001,-45.639999,145.320007,-80.849998,1770467865.66158
-8.574018480000001,6.3718696800000005,4.42105308,-42.700001,109.620003,-78.120003,1770467865.669566
-8.456730120000001,6.41256156,3.0040182,-37.099998,70.279999,-83.510002,1770467865.677543
-8.076141360000001,6.448466160000001,2.21172336,-30.450001,25.620001,-80.150002,1770467865.685587
-6.93916236,7.56868968,1.5175677600000002,-29.190001,-16.450001,-69.720001,1770467865.693544
-5.979312720000001,8.22694068,1.4481522,-32.689999,-58.310001,-56.84,1770467865.701571
-4.947653880000001,8.542901160000001,1.19682,-42.91,-96.879997,-44.799999,1770467865.709593
-3.71971656,8.60034852,0.65107008,-49.98,-129.220001,-43.68,1770467865.717543
-2.4678428400000003,8.437581,0.04069188,-51.799999,-157.639999,-35.560001,1770467865.725545
-1.42182216,7.75778724,-0.18191664000000002,-53.41,-178.5,-26.040001,1770467865.733611
-0.6654319200000001,6.61362732,0.0478728,-53.41,-184.869995,-17.780001,1770467865.741578
0.033510960000000006,5.443137360000001,0.5912290800000001,-52.57,-178.080002,-12.18,1770467865.749629
1.00772244,4.059613440000001,1.42660944,-44.099998,-158.970001,-9.24,1770467865.757541
1.94602932,2.41039548,3.1931157600000004,-23.59,-127.75,3.78,1770467865.765844
2.60428032,0.9407005200000002,5.6154794400000005,2.8,-83.300003,9.94,1770467865.773626
2.54443932,-0.04069188,8.27960076,33.110001,-29.120001,18.48,1770467865.781574
1.92448656,-0.17952300000000002,11.10888324,57.75,27.65,23.799999,1770467865.789585
0.47633436000000007,0.0239364,14.4695538,80.989998,73.779999,20.860001,1770467865.797594
-1.92448656,0.84016764,19.2568338,95.059998,98.980003,11.9,1770467865.80555
-5.17744332,1.8263473200000002,25.47790416,84.980003,107.239998,-8.54,1770467865.813607
-7.4633695200000005,1.62528156,28.06782264,59.009998,84.629997,-16.379999,1770467865.821628
-7.95406572,-0.0119682,26.006898600000003,29.120001,19.18,-13.23,1770467865.829562
-7.92773568,-1.19682,23.02921044,11.34,-57.400002,-1.82,1770467865.837538
-7.70991444,-1.9532102400000002,21.195682200000004,-10.01,-111.089996,-3.29,1770467865.845545
-5.76388512,-1.9867212,18.811616760000003,-41.790001,-142.169998,-5.32,1770467865.853548
-4.40190396,-2.9752945200000003,16.43951952,-63.630001,-154.490005,-9.24,1770467865.86166
-2.2141170000000003,-2.23326612,13.78497276,-76.230003,-154.559998,-8.89,1770467865.869567
-0.5361753600000001,-1.68990984,11.925114480000001,-79.589996,-144.550003,-0.14,1770467865.877572
0.56729268,-0.9766051200000001,10.251960120000001,-80.57,-130.199997,-1.61,1770467865.885665
1.376343,-0.13643748,8.676945,-86.099998,-110.459999,5.46,1770467865.89354
1.66118616,0.42128064000000004,7.37480484,-86.309998,-91.139999,7.49,1770467865.901577
1.5319296,0.55532448,6.276124080000001,-87.989998,-72.800003,11.06,1770467865.909553
2.27635164,-0.17234208,5.1391450800000005,-87.989998,-62.09,5.67,1770467865.917554
4.10748624,1.3045338,3.60960912,-70.279999,-65.309998,14.56,1770467865.925551
2.54443932,1.8239536800000002,3.3941815200000005,-52.43,-59.220001,36.82,1770467865.933546
2.44390644,1.76171904,2.9322090000000003,-42.07,-59.290001,43.75,1770467865.941579
2.29071348,2.17581876,2.3577354,-34.439999,-56.98,48.439999,1770467865.949555
2.13991416,2.33858628,1.7904427200000002,-24.43,-48.650002,55.720001,1770467865.957529
2.0824668,2.19496788,1.3404384000000003,-14.77,-42.77,56.07,1770467865.965581
2.13273324,1.80959184,1.1585217600000002,-10.22,-37.240002,52.639999,1770467865.973665
2.33140536,1.0149033600000001,1.23033096,-1.33,-29.120001,42.77,1770467865.982142
2.6090676,0.0,1.6444306800000001,7.35,-20.860001,31.92,1770467865.990095
3.06625284,-0.9407005200000002,2.50853472,19.110001,-11.06,22.33,1770467865.997551
3.74125932,-1.7665063200000002,4.10987988,38.990002,2.1,11.06,1770467866.005565
4.50961776,-2.34097992,6.3670824,59.43,19.6,2.59,1770467866.013549
5.29951896,-3.36067056,9.01684188,79.870003,37.099998,-1.96,1770467866.021741
5.783034240000001,-4.21998732,11.4655356,94.220001,58.869999,2.66,1770467866.029555
5.445531000000001,-4.9189302,14.00997492,105.07,81.059998,-1.47,1770467866.03753
5.785427880000001,-4.892600160000001,16.08047352,106.82,100.940002,0.42,1770467866.045586
5.4096264000000005,-3.7867384800000004,18.30895236,100.029999,115.919998,8.26,1770467866.053546
4.67238528,-2.8675807200000003,19.625454360000003,85.050003,119.699997,24.709999,1770467866.061666
3.7819512,-2.4247573200000003,19.85285016,66.639999,109.269997,42.279999,1770467866.069592
2.27156436,-2.40082092,18.96480972,50.049999,100.730003,52.009998,1770467866.077554
0.65107008,-2.00587032,17.3299536,42.07,101.779999,57.470001,1770467866.085649
-1.08671256,-0.43803612,15.93206784,29.75,117.809998,47.599998,1770467866.093533
-2.30507532,1.1226171600000001,14.85014256,18.9,139.649994,36.330002,1770467866.101568
-3.9806233200000003,2.81492064,13.952527560000002,6.58,158.970001,18.83,1770467866.109605
-5.2684016399999996,3.99019788,13.18656276,-7.21,170.380005,-1.05,1770467866.117541
-6.1157502,4.70828988,12.25064952,-21.0,166.669998,-16.17,1770467866.125536
-6.955917840000001,5.060154960000001,10.69238988,-33.459999,151.410004,-30.309999,1770467866.133542
-7.417890360000001,5.206167,8.76311604,-34.369999,125.650002,-35.84,1770467866.141661
-7.621349760000001,5.35217904,6.7141602,-30.52,91.629997,-38.990002,1770467866.149622
-7.79369184,5.43595644,5.151113280000001,-14.56,59.080002,-43.330002,1770467866.157539
-7.29820836,6.3503269200000005,4.07636892,0.42,28.42,-42.209999,1770467866.165538
-6.450859800000001,7.4083158000000005,3.4612034400000002,14.56,-1.12,-30.24,1770467866.173536
-5.91468444,8.14795056,3.00162456,18.76,-31.15,-16.73,1770467866.181578
-5.055367680000001,8.93545812,2.2380534,16.940001,-58.099998,-6.23,1770467866.18955
-3.9088141199999997,9.24184404,1.4242158,11.9,-84.209999,3.01,1770467866.197534
-2.8963044,8.81098884,0.55771812,8.96,-112.769997,12.32,1770467866.205539
-2.15188236,8.20539792,-0.17952300000000002,2.45,-132.720001,19.74,1770467866.213589
-1.5127804800000002,7.291027440000001,-0.4547916,-1.89,-142.309998,28.700001,1770467866.221572
-0.9526687200000001,5.991280920000001,-0.30399228000000006,-12.53,-140.279999,38.919998,1770467866.229548
-0.34947144,4.66041708,0.42367428,-18.969999,-129.639999,39.48,1770467866.237536
0.28005588000000003,3.1260938400000002,1.9771466400000002,-20.370001,-110.32,43.75,1770467866.245541
0.59601636,1.27820376,4.43541492,-14.35,-84.980003,39.900002,1770467866.25355
0.39973788,0.09095832000000001,7.0851744000000005,0.0,-54.110001,39.27,1770467866.261632
-0.28484316,-1.0962871200000002,10.292652,17.290001,-23.24,35.98,1770467866.269639
-1.47687588,-1.83831552,14.280456240000001,36.540001,-4.34,32.619999,1770467866.277539
-3.3822133200000004,-2.09922228,19.51295328,48.02,3.08,16.24,1770467866.285519
-4.9452602400000005,-1.8981565200000001,24.920186040000004,44.66,-2.45,-11.34,1770467866.293536
-6.03436644,-1.44097128,29.030065920000002,25.41,-22.26,-22.82,1770467866.3016
-6.46522164,-2.5157156400000003,28.52261424,-3.43,-52.360001,-25.27,1770467866.309569
-5.804577,-3.96865512,25.93269576,-28.98,-91.699997,-29.68,1770467866.317549
-3.9016332000000005,-4.29419016,23.51990664,-42.77,-121.449997,-30.870001,1770467866.325544
-1.9053374400000003,-3.7580147999999998,20.7289224,-62.580002,-131.880005,-26.32,1770467866.333579
-0.06462828000000001,-2.79337788,17.720116920000002,-70.769997,-131.669998,-16.1,1770467866.341655
1.17048996,-1.63724976,14.957856360000001,-74.550003,-124.879997,-7.35,1770467866.349646
1.8742201200000002,-0.39255696000000007,12.64320648,-66.779999,-112.209999,-5.67,1770467866.357549
1.94602932,0.67500648,10.85994468,-58.450001,-92.889999,-5.04,1770467866.365547
3.1476366,1.4577267600000001,9.36631332,-59.080002,-88.199997,-5.6,1770467866.373682
3.76519572,5.1343578,7.55911512,-38.57,-79.870003,26.6,1770467866.381584
4.05243252,4.09073076,7.4633695200000005,-35.98,-67.690002,42.139999,1770467866.389565
3.8824840800000002,4.29179652,6.04154736,-35.560001,-56.77,49.139999,1770467866.39759
3.6598755600000006,3.9806233200000003,4.59339516,-23.24,-46.130001,57.330002,1770467866.405533
3.42769248,3.5210444400000003,3.4731716400000003,-7.7,-36.189999,53.970001,1770467866.413593
3.16678572,3.34152144,2.59470576,12.18,-23.450001,59.57,1770467866.421574
2.8364634000000004,3.47556528,1.9029438000000003,28.07,-10.57,59.919998,1770467866.42955
2.4726301200000003,3.8346112800000003,1.4457585600000002,36.049999,2.24,58.450001,1770467866.437542
2.10400956,4.1529654,0.91915776,43.330002,15.75,60.130001,1770467866.445587
1.77368724,4.26307284,0.45957888,39.130001,24.290001,56.349998,1770467866.453561
1.5319296,3.9207823200000003,0.10532016000000001,33.18,29.959999,56.139999,1770467866.461571
1.40506668,3.25295676,0.08377740000000002,24.43,31.85,49.490002,1770467866.469702
1.32368292,2.0417749200000004,0.42367428,18.76,31.01,40.25,1770467866.477536
1.45054584,0.71569836,1.08431892,19.879999,27.51,28.629999,1770467866.485546
1.7880490800000002,-0.36622692,2.25959616,22.33,26.459999,13.37,1770467866.493545
2.3481608400000002,-1.6396434000000002,4.5598842,33.529999,27.51,7.91,1770467866.501609
2.79337788,-2.90587896,7.5279978,37.310001,30.73,2.59,1770467866.509564
2.4175764,-4.58142696,11.28840624,33.810001,33.110001,-18.620001,1770467866.517545
2.77422876,-6.185165759999999,15.012910080000001,25.9,37.310001,-31.08,1770467866.525558
3.63354552,-6.991822440000001,17.77038336,18.200001,37.380001,-22.469999,1770467866.53353
4.53116052,-7.800872760000001,19.7594982,11.55,29.4,-5.39,1770467866.54161
5.0745168,-7.7434254000000005,20.300460840000003,6.44,23.309999,15.33,1770467866.549701
4.33488204,-6.2354322,19.03661892,10.08,34.02,28.0,1770467866.557563
3.21465852,-4.849514640000001,17.327559960000002,19.459999,56.0,29.26,1770467866.565553
2.30746896,-3.40375608,16.6597344,26.110001,91.629997,22.33,1770467866.573639
1.39309848,-1.4577267600000001,16.97330124,31.43,129.919998,14.98,1770467866.581586
0.03111732,1.07474436,17.39697552,25.129999,165.059998,14.28,1770467866.589553
-1.25187372,3.03274188,17.43527376,13.58,183.050003,8.75,1770467866.597511
-3.46359708,5.81893884,16.348561200000002,-2.8,184.240005,-3.01,1770467866.605543
-4.99313304,6.63995736,15.1038684,-11.41,173.809998,-18.969999,1770467866.613541
-5.06494224,8.41603824,12.669536520000001,-13.09,157.5,-9.45,1770467866.621587
-6.53942448,8.746360560000001,10.76180544,-17.639999,123.970001,-1.26,1770467866.62957
-7.12347264,8.86125528,8.34422904,-18.9,80.779999,-10.78,1770467866.637543
-7.1162917199999995,8.60274216,6.364688760000001,-15.47,41.720001,-6.65,1770467866.645526
-6.74527752,8.29635624,4.8231846,-6.02,11.97,-6.16,1770467866.653579
-6.10617564,8.15273784,3.769983,5.46,-9.59,4.27,1770467866.661613
-5.158294199999999,7.982789400000001,2.9393899200000004,15.4,-28.42,9.66,1770467866.669579
-4.31333928,7.89183108,2.0465622,21.559999,-45.709999,23.799999,1770467866.677551
-3.63115188,7.822415520000001,1.1226171600000001,26.67,-62.369999,32.41,1770467866.685551
-2.87715528,7.899012000000001,0.13404384000000003,21.91,-76.440002,37.240002,1770467866.693599
-2.09682864,7.87268196,-0.7899012,18.690001,-90.650002,51.939999,1770467866.701576
-1.48645044,7.53039144,-1.35958752,15.96,-101.849998,59.43,1770467866.709561
-1.00772244,6.87453408,-1.3524066000000001,3.99,-109.620003,63.139999,1770467866.717535
-0.46915344000000003,5.83808796,-0.67740012,-7.35,-110.669998,60.34,1770467866.725548
0.12207564000000001,4.34924388,0.9454878,-17.639999,-102.690002,52.150002,1770467866.733588
0.69176196,2.47023648,3.27689316,-19.110001,-90.089996,39.41,1770467866.741568
0.81862488,0.83059308,6.39580608,-18.41,-69.650002,25.9,1770467866.749596
0.93112596,-1.00772244,10.21366188,-10.99,-49.560001,15.82,1770467866.75755
0.53378172,-3.051891,14.268488040000001,-10.08,-36.889999,4.9,1770467866.765626
-3.16199844,-6.288092280000001,19.0533744,-11.2,-9.59,-38.990002,1770467866.773625
-3.26253132,-6.800331240000001,22.974156720000003,-6.23,4.2,-53.27,1770467866.781591
-3.6909928800000005,-7.595019720000001,26.64360684,-1.96,-5.46,-49.84,1770467866.789584
-4.009347,-6.70937292,27.438295319999998,-14.07,-27.16,-41.439999,1770467866.797632
-3.87051588,-5.96973816,25.48987236,-31.290001,-46.48,-25.48,1770467866.8056
-2.75029236,-5.6035112400000004,22.64622804,-42.630001,-59.990002,-15.82,1770467866.813539
-1.51038684,-4.440202200000001,20.3339718,-43.68,-59.919998,-2.38,1770467866.821607
-0.41409972,-2.96571996,18.06719472,-46.970001,-52.779999,14.21,1770467866.829641
0.14122476,-0.7468156800000001,15.853077720000002,-42.98,-42.560001,23.24,1770467866.837542
0.48112164,1.96517844,14.11290144,-37.52,-32.130001,31.780001,1770467866.845524
0.28244952,3.05428464,12.7341648,-42.91,-20.65,31.43,1770467866.853549
0.11250108000000002,3.9447187200000005,10.82643372,-46.619999,-13.79,23.309999,1770467866.861634
0.7970821200000001,5.90989716,8.4854538,-39.549999,-13.51,45.009998,1770467866.869719
1.32607656,6.1516548,7.84395828,-24.99,-19.32,75.949997,1770467866.877547
1.25426736,5.677714079999999,6.3503269200000005,-26.18,-26.25,80.010002,1770467866.885545
1.24229916,5.19659244,4.81839732,-23.450001,-28.77,87.220001,1770467866.893658
1.40746032,4.45695768,3.36545784,-15.12,-31.85,90.019997,1770467866.901576
1.46490768,4.0332834,2.0417749200000004,-6.23,-28.07,92.050003,1770467866.909558
1.4194285199999999,3.9255696,0.9933606,6.58,-21.700001,94.919998,1770467866.917533
1.21118184,3.9064204800000004,0.14122476,15.54,-8.47,99.120003,1770467866.925545
1.03165884,3.97104876,-0.4667598,22.33,5.67,97.019997,1770467866.933618
0.90479592,3.87051588,-0.79947576,24.57,17.219999,97.300003,1770467866.941578
0.7180920000000001,3.6479073600000005,-0.91915776,20.93,24.08,88.970001,1770467866.949606
0.73245384,2.9274217200000003,-0.62713368,15.54,25.969999,84.910004,1770467866.957552
0.9646369200000001,1.8311346,0.02872368,14.63,24.08,66.290001,1770467866.965545
1.17527724,0.70851744,1.3524066000000001,19.18,20.790001,46.689999,1770467866.974502
1.5726214800000002,-0.10292652000000001,3.0638592,27.719999,15.33,35.139999,1770467866.981984
2.5803439200000002,-1.4457585600000002,6.20192124,29.4,12.46,33.529999,1770467866.990026
2.92502808,-2.8197079200000004,10.17057636,23.309999,5.46,17.639999,1770467866.997563
2.4127891200000002,-6.752458440000001,15.74536392,-5.04,7.07,-12.25,1770467867.005645
3.78434484,-8.69130684,18.64166832,-12.32,15.68,-19.32,1770467867.01354
4.535947800000001,-10.543984200000002,22.19383008,-1.54,17.709999,-20.65,1770467867.021713
4.98116484,-10.37164212,23.864590800000002,13.44,26.18,-6.65,1770467867.029575
4.90935564,-8.39688912,22.260852000000003,26.110001,45.849998,17.01,1770467867.03753
3.9255696,-5.60829852,18.8618832,28.77,67.410004,27.16,1770467867.045536
2.46066192,-3.1596048,16.55680788,27.65,97.860001,30.66,1770467867.053534
1.0555952400000002,-1.0891062,15.71185296,23.309999,133.839996,29.610001,1770467867.06158
-0.23218308000000001,1.1848518000000001,16.0613244,11.62,168.839996,31.360001,1770467867.069576
-1.3643748000000002,2.4032145600000003,17.045110440000002,-7.91,189.279999,26.6,1770467867.077702
-3.4181179200000003,4.741800840000001,16.50893508,-24.219999,201.880005,13.58,1770467867.085538
-4.947653880000001,5.347391760000001,15.541904520000001,-35.419998,198.520004,1.96,1770467867.093539
-6.082239240000001,6.01043004,13.62938616,-40.110001,186.059998,-5.04,1770467867.101572
-6.352720560000001,7.26230376,11.42484372,-37.450001,161.070007,5.81,1770467867.109544
-7.283846520000001,7.35326208,9.507538080000002,-37.66,123.269997,3.43,1770467867.117534
-7.499274120000001,7.45140132,7.36283664,-32.689999,79.730003,1.33,1770467867.125562
-7.200069120000001,7.25033556,5.670533160000001,-24.43,33.389999,-6.44,1770467867.133674
-6.45564708,6.88650228,4.22716824,-6.23,-5.25,-3.85,1770467867.141536
-5.519733840000001,6.53224356,2.86279344,6.86,-36.959999,0.42,1770467867.14976
-4.51679868,6.2521876800000005,1.67794164,25.76,-61.459999,7.35,1770467867.157538
-3.66945012,6.0080364,0.78272028,42.349998,-84.209999,14.77,1770467867.165548
-2.8197079200000004,5.9841,0.11010744,51.310001,-98.629997,21.209999,1770467867.173589
-1.8814010400000003,6.1157502,-0.33750324,57.889999,-110.529999,29.959999,1770467867.181575
-0.7970821200000001,6.23782584,-0.78750756,61.880001,-120.610001,32.549999,1770467867.189542
0.01436184,5.941014480000001,-1.01250972,57.540001,-128.240005,43.119999,1770467867.197534
0.5912290800000001,5.59633032,-0.94309416,52.290001,-130.550003,47.459999,1770467867.205537
0.99096696,5.421594600000001,-0.52420716,37.240002,-119.769997,49.349998,1770467867.213586
1.5917706,4.772918160000001,0.9119768400000001,25.9,-98.419998,44.869999,1770467867.221572
2.3098626,3.8178558000000002,3.15003024,18.200001,-69.790001,36.189999,1770467867.229547
2.5851311999999997,2.52050292,6.03436644,12.88,-36.889999,19.950001,1770467867.237532
2.04895584,0.9813924,9.593709120000002,4.9,0.63,2.59,1770467867.24552
0.50027076,-0.5864418,12.71501568,-3.92,50.959999,-12.74,1770467867.25355
-0.6199527600000001,-2.0082639600000003,16.60228704,-3.22,98.980003,-13.3,1770467867.261604
-1.36916208,-4.308552,23.539055760000004,3.43,120.959999,-9.66,1770467867.26961
-6.075058320000001,-8.08571592,29.898957240000005,-1.33,132.720001,-32.48,1770467867.277697
-7.7769363600000005,-7.616562480000001,31.270512959999998,-3.92,120.82,-37.169998,1770467867.285523
-9.24902496,-8.15273784,28.61357256,-15.68,81.970001,-13.02,1770467867.293535
-9.6703056,-7.87028832,24.853164120000002,-27.299999,28.629999,-8.33,1770467867.301576
-8.93545812,-5.421594600000001,21.24594864,-42.91,-30.73,1.12,1770467867.309552
-7.3245384,-2.67608952,18.11746116,-59.990002,-80.080002,-0.56,1770467867.317541
-4.9763775599999995,-0.5744736,15.941642400000001,-68.879997,-109.760002,3.43,1770467867.325601
-2.55162024,0.9694242000000001,14.02912404,-78.75,-122.639999,5.81,1770467867.333588
-0.5481435600000001,2.0681049600000003,12.085488360000001,-81.620003,-124.25,13.23,1770467867.341571
0.21542760000000002,1.8431028,10.2088746,-82.669998,-115.080002,18.48,1770467867.349582
0.70851744,1.3739493600000001,8.25087708,-82.32,-99.120003,14.14,1770467867.357579
4.86148284,5.28755076,4.91653656,-58.66,-97.510002,37.450001,1770467867.365557
3.1476366,3.67902468,4.962015720000001,-30.66,-82.529999,69.230003,1770467867.373614
3.05428464,3.37263876,3.92317596,-15.89,-71.75,78.889999,1770467867.381592
2.95375176,3.4899271200000004,2.59470576,-5.53,-55.860001,80.919998,1770467867.389551
2.78619696,3.5665236,1.19442636,3.01,-41.02,85.190002,1770467867.397532
2.4822046799999997,3.91838868,-0.09813924000000002,13.44,-27.860001,83.160004,1770467867.405541
2.2260852000000004,4.2319555200000005,-1.08671256,14.63,-15.33,81.269997,1770467867.413587
1.95799752,4.4904686400000005,-1.70187804,17.01,-3.43,76.089996,1770467867.421577
1.84070916,4.52876688,-1.8766137600000001,17.85,9.66,71.470001,1770467867.429552
1.9196992800000001,4.19605092,-1.4673013200000002,18.969999,22.4,64.330002,1770467867.437539
2.20454244,3.6383328,-0.57207996,23.24,35.209999,51.52,1770467867.445528
2.60428032,3.2792868000000004,0.9813924,25.059999,47.389999,37.380001,1770467867.453566
3.08061468,2.7335368800000004,3.2984359199999997,25.690001,57.119999,28.209999,1770467867.461586
3.61679004,1.7688999600000002,6.20192124,24.15,64.610001,18.620001,1770467867.469556
3.8393985600000002,0.5744736,9.35195148,18.620001,78.400002,10.5,1770467867.477595
3.60960912,-0.5026644,12.6623556,25.549999,96.599998,2.8,1770467867.485534
3.42529884,-2.0776795200000002,15.86504592,35.349998,121.099998,-5.6,1770467867.49354
2.9441772,-3.11891292,18.52437996,45.990002,141.75,-4.55,1770467867.501577
2.15666964,-4.43302128,21.068819280000003,46.900002,149.309998,-4.27,1770467867.509555
0.63910188,-5.11281504,23.01724224,42.07,149.029999,12.25,1770467867.517598
-0.7731457199999999,-6.24979404,23.65395048,40.529999,143.850006,26.6,1770467867.525587
-4.23913644,-7.55911512,22.58878068,25.549999,134.75,26.67,1770467867.533566
-4.55749056,-5.42638188,19.70683812,21.209999,126.839996,23.73,1770467867.541575
-5.9003226,-3.9016332000000005,17.77756428,12.88,125.720001,22.959999,1770467867.549583
-7.05884436,-2.61624852,16.216911,-0.56,127.400002,17.290001,1770467867.557539
-7.83199008,-1.31889564,14.93391996,-8.05,131.600006,6.86,1770467867.565702
-8.21257884,0.07420284,13.80172824,-23.24,133.419998,-5.74,1770467867.573634
-8.36098452,1.4337903600000002,12.755707560000001,-31.360001,128.309998,-13.09,1770467867.581585
-8.432793720000001,2.5228965600000004,11.750378760000002,-47.529999,115.5,-18.059999,1770467867.589567
-8.29874988,3.0782210400000003,10.4003658,-62.23,97.230003,-28.98,1770467867.59757
-7.97800212,3.2242330800000003,8.856468000000001,-70.349998,71.75,-35.630001,1770467867.605545
-7.44661404,3.1476366,7.26709104,-74.760002,40.880001,-44.59,1770467867.613541
-6.73330932,2.8603998,5.567606640000001,-66.290001,10.5,-48.790001,1770467867.621575
-5.86202436,2.70241956,4.15057176,-52.990002,-18.690001,-53.759998,1770467867.629551
-4.947653880000001,2.59949304,3.02316732,-35.349998,-45.57,-54.810001,1770467867.637564
-4.0691880000000005,2.37209724,2.3002880400000003,-20.65,-70.559998,-53.34,1770467867.645667
-3.90402684,3.1811475600000003,1.42900308,-10.22,-87.220001,-58.380001,1770467867.653571
-2.54443932,3.9016332000000005,0.86410404,6.23,-96.32,-46.130001,1770467867.661576
-1.70427168,4.45456404,0.54335628,15.75,-108.290001,-19.25,1770467867.669564
-1.19203272,4.8255782400000005,0.43085520000000005,18.76,-122.43,-5.53,1770467867.677562
-0.6127718400000001,5.086485,0.5361753600000001,20.65,-136.639999,5.95,1770467867.685551
0.30159864000000003,5.45031828,0.7587838800000001,19.18,-148.75,24.780001,1770467867.693542
0.7587838800000001,5.2540398,1.37155572,13.23,-150.639999,32.619999,1770467867.70161
1.42900308,4.76813088,2.6138548800000003,5.53,-140.979996,41.299999,1770467867.70956
2.0776795200000002,4.05003888,4.53116052,2.24,-113.050003,44.099998,1770467867.717545
2.64975948,3.4492352400000006,6.7931503200000005,5.67,-68.459999,46.900002,1770467867.725546
2.9154535200000002,2.8843362000000003,9.08625744,8.33,-10.22,48.23,1770467867.733558
2.4822046799999997,2.2189042800000003,11.11606416,15.47,51.169998,48.93,1770467867.741626
1.13458536,1.5917706,13.136296320000001,22.68,108.709999,37.240002,1770467867.7497
-1.14655356,1.43857764,16.178612760000004,29.889999,160.509995,11.97,1770467867.757538
-3.2433822000000005,0.44042976,20.11615056,33.110001,201.949997,0.07,1770467867.765567
-4.70589624,-1.1250108,22.677345360000004,27.860001,210.910004,4.34,1770467867.773576
-6.989428800000001,-2.31225624,23.86698444,33.950001,184.940002,23.1,1770467867.781583
-11.101702320000001,-6.264155880000001,23.28293628,6.3,163.589996,22.190001,1770467867.789724
-11.142394200000002,-6.50112624,20.65471956,-8.19,109.970001,9.87,1770467867.797621
-11.19505428,-6.50830716,17.84937348,-19.879999,47.880001,18.83,1770467867.805568
-10.534409640000002,-5.5700002799999995,14.83338708,-34.16,-14.42,17.57,1770467867.813547
-8.98333092,-4.289402880000001,12.63602556,-41.509998,-64.400002,18.48,1770467867.82158
-6.86735316,-2.79816516,11.120851440000001,-45.360001,-98.209999,18.83,1770467867.829553
-4.8710574,-1.5630469200000001,9.75887028,-49.77,-118.089996,20.370001,1770467867.837539
-3.0830083200000002,-0.69176196,8.49024108,-49.209999,-126.839996,26.67,1770467867.845533
-1.55107872,-0.0239364,7.295814720000001,-55.02,-126.980003,31.780001,1770467867.853594
-0.35904600000000003,0.83538036,6.1444738800000005,-50.68,-124.110001,42.279999,1770467867.861578
0.39016332000000004,1.50081228,5.033824920000001,-44.240002,-119.629997,48.16,1770467867.869601
0.5744736,1.52953596,4.04285796,-42.560001,-110.879997,48.580002,1770467867.87756
0.61755912,1.58698332,3.0255609600000004,-38.779999,-98.629997,40.740002,1770467867.885546
1.81677276,2.1782124,2.3290117200000005,-31.08,-105.910004,31.780001,1770467867.893544
2.3218308000000003,3.27449952,1.38113028,-7.35,-96.459999,56.98,1770467867.901654
1.9962957600000002,3.67902468,0.76357116,0.77,-87.010002,56.98,1770467867.909587
1.75453812,3.83221764,0.16276752,13.23,-73.639999,53.759998,1770467867.917546
1.7234208000000002,3.63115188,-0.09095832000000001,22.120001,-58.52,47.599998,1770467867.925544
2.1590632800000003,2.7048132000000003,0.47154708,28.559999,-40.669998,36.259998,1770467867.933547
2.61624852,2.10161592,1.62528156,34.16,-19.25,28.91,1770467867.941608
3.17875392,1.9029438000000003,3.3917878800000003,34.650002,3.78,17.5,1770467867.949683
3.8082812400000003,1.9532102400000002,5.737555080000001,27.65,29.33,8.4,1770467867.957542
4.29897744,1.7593254,8.26523892,19.879999,54.110001,1.54,1770467867.965549
4.4689258800000005,1.12740444,10.455419520000001,10.85,81.339996,-4.2,1770467867.978462
3.89205864,0.6654319200000001,12.49240716,11.55,112.279999,-11.34,1770467867.981754
2.98486908,-0.15079932000000001,14.70413052,23.450001,147.279999,-14.42,1770467867.989888
1.9603911600000001,-0.43803612,17.171973360000003,32.619999,179.970001,-14.84,1770467867.997752
1.15612812,-0.0957456,20.525463,35.209999,196.419998,-4.55,1770467868.005792
-0.5792608800000001,-0.8090503200000001,24.362467920000004,24.639999,197.399994,5.11,1770467868.013752
-2.79337788,-2.0585304,25.133219999999998,16.73,183.960007,20.860001,1770467868.02179
-4.3612120800000005,-2.0681049600000003,23.21112708,11.2,152.320007,39.060001,1770467868.02979
-6.83862948,-2.7598669200000003,20.901264480000002,4.9,120.400002,48.93,1770467868.037745
-8.49502836,-2.89869804,17.2820808,-14.98,108.43,29.4,1770467868.045746
-8.5333266,-2.58752484,14.66343864,-17.01,92.400002,12.32,1770467868.053758
-8.88997896,-1.5079932,12.949592400000002,-10.99,84.769997,6.93,1770467868.061766
-9.201152160000001,-0.66064464,11.55649392,-11.76,81.059998,-2.03,1770467868.069893
-9.385462440000001,-0.49787712,10.239991920000001,-21.139999,78.330002,-14.49,1770467868.077762
-9.134130240000001,-0.35665236,8.76790332,-36.75,70.419998,-22.68,1770467868.085762
-8.4495492,-0.22260852,7.44900768,-49.560001,57.959999,-34.439999,1770467868.093753
-7.83199008,-0.06941556,6.582510000000001,-49.349998,40.389999,-38.080002,1770467868.101758
-7.247941920000001,0.03111732,5.924259,-49.630001,23.309999,-43.75,1770467868.109756
-6.6734683200000005,0.34229052,5.1822306,-40.529999,4.2,-45.779999,1770467868.117762
-6.12053748,0.8856468000000001,4.30376472,-31.57,-16.799999,-46.41,1770467868.125763
-5.4096264000000005,1.6181006400000002,3.49232076,-17.57,-32.27,-47.880001,1770467868.133752
-4.741800840000001,2.38885272,2.89869804,0.07,-48.23,-43.119999,1770467868.141754
-4.452170400000001,3.06625284,2.45587464,14.98,-60.970001,-41.860001,1770467868.149751
-3.1237002,4.37078664,1.88858196,32.900002,-71.330002,-32.34,1770467868.157751
-2.69523864,4.93329204,1.8502837200000002,50.540001,-85.120003,-15.4,1770467868.165749
-2.22847884,5.277976200000001,1.9268802000000003,57.959999,-95.129997,0.35,1770467868.173807
-1.56544056,5.44074372,1.88379468,66.849998,-108.43,13.79,1770467868.181752
-0.9694242000000001,5.24446524,2.1159777600000003,69.089996,-121.870003,24.360001,1770467868.189788
-0.35904600000000003,4.966803,2.3290117200000005,72.169998,-133.350006,25.34,1770467868.197754
0.2034594,4.78728,2.6210358,62.650002,-141.610001,24.43,1770467868.205756
0.8329867200000001,4.36360572,3.47556528,47.459999,-143.779999,25.549999,1770467868.213751
1.0723507200000002,3.9136014000000006,5.12717688,27.719999,-124.110001,31.08,1770467868.22175
1.17048996,3.28646772,7.19049456,7.42,-83.440002,36.470001,1770467868.229829
0.78272028,1.8694328400000002,9.04317192,-4.69,-27.58,41.09,1770467868.237753
-0.2273958,-0.32792868000000003,10.3046202,-7.98,27.860001,43.330002,1770467868.245738
-1.16570268,-1.3093210800000001,11.630696760000001,-1.68,70.209999,38.5,1770467868.253756
-2.7335368800000004,-1.83831552,15.24509316,22.190001,96.949997,41.09,1770467868.261754
-6.36947604,-4.1409972,19.9629576,18.200001,127.610001,6.86,1770467868.269756
-7.2790592400000005,-4.04285796,22.916709360000002,25.129999,122.080002,4.13,1770467868.277778
-8.83731888,-4.49525592,23.098626000000003,26.67,94.709999,5.81,1770467868.285768
-9.737327520000001,-4.579033320000001,21.71988936,22.959999,52.43,11.97,1770467868.293855
-9.710997480000001,-3.8178558000000002,20.09221416,13.02,0.84,-1.26,1770467868.301872
-8.636253120000001,-2.9417835599999997,18.15336576,-5.46,-50.68,-5.6,1770467868.3098
-6.908045040000001,-1.99150848,16.25520924,-17.01,-87.290001,-11.13,1770467868.317757
-4.8949938,-1.02447792,14.6849814,-29.540001,-113.68,-11.48,1770467868.325763
-2.7407178,-0.32074776000000005,13.188956400000002,-38.43,-127.400002,-11.27,1770467868.333761
-0.8712849600000001,0.54335628,11.51580204,-39.48,-132.860001,-4.27,1770467868.341758
0.47394072000000004,1.35001296,9.86897772,-32.900002,-129.639999,4.69,1770467868.349766
0.8856468000000001,1.1250108,8.45433648,-19.32,-116.410004,2.17,1770467868.357758
1.11064896,0.9646369200000001,6.908045040000001,-6.09,-92.75,1.89,1770467868.365762
3.3319468800000003,4.18408272,5.04100584,24.99,-94.220001,21.42,1770467868.37379
3.41333064,3.1763602800000004,5.00749488,45.849998,-80.639999,40.950001,1770467868.381881
3.26253132,3.4420543200000004,4.02370884,49.77,-61.459999,42.139999,1770467868.389808
3.0877956,3.89684592,2.9082726,46.549999,-43.470001,47.25,1770467868.397757
2.85800616,4.277434680000001,1.71623988,39.619999,-24.01,43.610001,1770467868.405767
2.4750237600000005,4.85430192,0.34947144,31.360001,-8.68,47.110001,1770467868.413792
2.0896477200000003,5.33063628,-0.7731457199999999,27.65,8.33,36.75,1770467868.421885
1.8742201200000002,5.3976582,-1.43139672,19.67,22.190001,33.110001,1770467868.429802
1.93406112,5.08169772,-1.5367168800000002,18.48,35.630001,20.16,1770467868.437751
2.14948872,4.55030964,-0.81623124,14.28,48.650002,16.17,1770467868.445744
2.3697036000000002,4.02370884,0.8258058,6.23,67.620003,7.84,1770467868.453764
2.64018492,3.6143964,3.45641616,-4.2,94.010002,6.3,1770467868.461758
2.71438776,2.54683296,6.69740472,-20.440001,121.660004,11.41,1770467868.469822
2.23087248,0.52181352,9.69663564,-36.330002,155.539993,11.2,1770467868.478099
1.2016072800000002,-1.25187372,12.10703112,-41.02,188.580002,12.18,1770467868.485766
-0.059841000000000005,-2.17581876,15.012910080000001,-31.57,214.339996,13.02,1770467868.49376
-1.50320592,-3.0973701600000005,18.818797680000003,-19.32,224.279999,19.6,1770467868.501749
-3.88487772,-3.77955756,23.02442316,-16.030001,225.259995,23.870001,1770467868.509808
-7.05884436,-4.73701356,25.2768384,-15.05,220.360001,30.940001,1770467868.517766
-9.876158640000002,-6.16122936,24.26911596,-18.200001,197.190002,17.780001,1770467868.52578
-10.56313332,-6.242613120000001,20.018011320000003,-15.26,153.020004,15.26,1770467868.533751
-11.65223952,-5.086485,16.262390160000002,-13.09,108.989998,14.91,1770467868.541761
-12.126180240000002,-3.76040844,14.187104280000002,-14.56,77.07,9.87,1770467868.549763
-11.7647406,-1.90055016,13.358904840000001,-8.96,51.73,0.28,1770467868.557873
-10.831221000000001,0.25611948,12.88017684,-10.57,32.759998,-6.65,1770467868.565762
-9.8617968,2.0704986,11.92750812,-20.09,20.09,-14.14,1770467868.573771
-8.904340800000002,3.0854019600000004,10.689996240000001,-27.23,11.2,-22.68,1770467868.581768
-7.958853,3.6909928800000005,9.35434512,-37.52,4.13,-30.1,1770467868.589772
-6.92719416,3.88009044,8.076141360000001,-41.09,-4.06,-39.900002,1770467868.597783
-5.89314168,3.8561540400000003,6.999003360000001,-38.360001,-17.85,-45.57,1770467868.605848
-5.00749488,3.58327908,6.30006048,-34.93,-30.450001,-50.68,1770467868.613765
-4.46653224,3.9112077600000004,5.529308400000001,-21.209999,-43.259998,-56.279999,1770467868.621762
-3.8657286000000006,3.31279776,5.00510124,-13.23,-52.57,-61.18,1770467868.629844
-2.55640752,4.1529654,3.9566869200000006,5.32,-64.470001,-43.330002,1770467868.63776
-2.3290117200000005,4.222380960000001,3.41572428,20.299999,-74.339996,-34.23,1770467868.645743
-2.0082639600000003,4.342062960000001,2.8244952000000003,30.59,-83.440002,-33.18,1770467868.653763
-1.7234208000000002,4.2606792,2.2141170000000003,41.860001,-92.190002,-27.16,1770467868.661879
-1.06995708,4.488075,1.58937696,50.75,-101.639999,-23.379999,1770467868.669763
-0.42128064000000004,4.5000432,1.3667684400000002,61.32,-113.889999,-20.65,1770467868.67779
0.48590892,4.62451248,1.2590546400000002,67.059998,-125.300003,-13.23,1770467868.685805
1.04602068,4.33727568,1.4146412400000001,62.790001,-135.100006,-3.29,1770467868.693764
1.5415041600000001,4.1409972,1.59895152,61.669998,-135.309998,2.17,1770467868.701765
1.86225192,3.90402684,1.94363568,48.09,-119.769997,10.78,1770467868.709758
2.154276,3.5760981600000004,3.16199844,38.5,-87.989998,19.6,1770467868.717785
1.8454964400000002,2.9441772,5.63223492,25.200001,-37.310001,26.32,1770467868.725762
1.08431892,1.76171904,8.9522136,9.87,29.4,28.07,1770467868.733759
-0.28484316,0.16994844,11.834156160000001,0.21,92.75,26.950001,1770467868.741755
-2.4319382400000005,-1.2829910400000002,14.515032960000001,-1.12,148.820007,23.030001,1770467868.749767
-4.3803612,-1.8239536800000002,17.875703520000002,21.35,182.699997,27.09,1770467868.757777
-12.62166372,-6.45325344,21.19807584,29.68,226.940002,11.76,1770467868.76576
-13.01182704,-5.6896822799999995,19.55843244,30.309999,210.839996,-15.61,1770467868.773773
-15.18046488,-5.58675576,19.1371518,31.57,145.740005,-25.059999,1770467868.781804
-16.049356200000002,-5.71361868,18.385548840000002,13.65,54.950001,-22.4,1770467868.789878
-14.85732348,-5.62984128,18.10549296,4.34,-43.119999,-28.42,1770467868.797793
-11.8604862,-4.849514640000001,17.94272544,-0.14,-126.980003,-23.59,1770467868.805764
-8.18864244,-3.4899271200000004,16.99963128,-2.8,-179.619995,-19.459999,1770467868.813756
-4.6915344,-1.8311346,15.965578800000001,-0.77,-210.210007,-18.549999,1770467868.821834
-1.9268802000000003,-0.0119682,14.7089178,-4.55,-220.5,-13.93,1770467868.829766
0.20824668000000002,1.8502837200000002,13.332574800000002,-8.19,-214.830002,-9.94,1770467868.837794
1.17767088,2.42236368,11.618728560000001,-12.88,-197.119995,-4.83,1770467868.845737
1.3907048400000002,2.1447014400000004,9.34477056,-22.190001,-163.660004,-14.63,1770467868.853766
5.73994872,6.3718696800000005,5.991280920000001,-6.79,-157.850006,3.92,1770467868.861837
4.37557392,5.2037733600000005,5.77824696,4.9,-127.959999,34.860001,1770467868.869765
4.3923294,5.53409568,4.92132384,6.65,-99.330002,33.389999,1770467868.87779
4.44738312,5.93383356,3.8393985600000002,5.04,-73.080002,42.419998,1770467868.885904
4.41865944,5.9601636000000005,2.7838033200000005,-1.12,-49.700001,37.099998,1770467868.893754
4.12184808,5.866811640000001,1.80480456,0.42,-30.24,31.709999,1770467868.901757
3.8178558000000002,5.7231932400000005,0.9478814400000001,-4.48,-12.88,29.959999,1770467868.909759
3.4827462000000002,5.30909352,0.33510960000000006,-3.15,4.9,20.860001,1770467868.917758
3.0997638,4.73701356,-0.21064032000000002,-4.97,23.940001,20.860001,1770467868.925779
2.81013336,4.0931244,-0.7683584400000001,-7.21,42.419998,15.54,1770467868.933759
2.5970994,3.1356684,-0.95506236,-6.65,64.75,15.05,1770467868.94176
2.5157156400000003,2.25241524,-0.57686724,-9.24,87.779999,13.79,1770467868.949766
2.61146124,1.7090589600000001,0.7300602,-3.22,113.610001,14.7,1770467868.957765
2.6449722,1.27341648,3.1931157600000004,5.32,142.309998,17.709999,1770467868.96578
2.48459832,0.90479592,6.44607252,12.53,177.520004,21.42,1770467868.974492
1.8311346,0.19388484,10.132278120000002,2.38,212.729996,28.700001,1770467868.982458
0.43564248000000005,-0.5481435600000001,12.755707560000001,-3.99,243.039993,30.73,1770467868.989887
-1.27341648,-1.2901719600000001,15.98712156,-7.0,268.029999,29.469999,1770467868.997803
-3.2553504,-2.03698764,20.13769332,-7.63,281.820007,34.439999,1770467869.00577
-5.30669988,-2.19496788,23.43134196,-10.01,268.940002,46.34,1770467869.013745
-8.880404400000002,-2.82210156,23.82150528,-12.46,239.820007,54.950001,1770467869.021763
-13.48576776,-6.991822440000001,20.408174640000002,-42.349998,220.149994,28.49,1770467869.029807
-13.04294436,-7.985183040000001,14.998548240000002,-24.43,168.279999,16.799999,1770467869.037743
-13.83045192,-7.62613704,13.16980728,-11.06,117.389999,2.03,1770467869.045745
-14.32114812,-5.4838292399999995,13.375660320000001,6.86,75.32,-3.43,1770467869.053762
-13.744280880000002,-2.0585304,14.33311632,13.23,40.669998,-19.809999,1770467869.061759
-12.3751188,0.90479592,14.44322376,4.97,11.62,-30.030001,1770467869.069776
-10.694783520000001,3.0877956,13.380447600000002,-7.14,-14.14,-47.18,1770467869.077889
-9.15327936,4.1649336,11.85091164,-20.23,-27.860001,-54.110001,1770467869.085766
-7.72906356,4.452170400000001,10.122703560000001,-29.33,-38.57,-59.639999,1770467869.093738
-6.40777428,4.394723040000001,8.46630468,-31.219999,-46.689999,-68.739998,1770467869.101762
-5.31148716,4.31573292,6.896076840000001,-31.290001,-54.459999,-67.059998,1770467869.109754
-4.43062764,4.071581640000001,5.7231932400000005,-22.469999,-64.540001,-73.360001,1770467869.117768
-3.8082812400000003,3.8537604000000005,4.959622080000001,-11.9,-73.43,-76.370003,1770467869.125888
-2.42715096,4.5957888,4.23913644,4.34,-81.760002,-63.139999,1770467869.133755
-2.15666964,4.7035026,3.80110032,19.809999,-89.18,-57.049999,1770467869.141764
-1.84070916,4.82797188,3.1763602800000004,25.620001,-96.110001,-51.169998,1770467869.149769
-1.34522568,5.20137972,2.4415128,38.220001,-101.849998,-49.419998,1770467869.157812
-0.7683584400000001,5.277976200000001,1.855071,43.68,-110.949997,-40.110001,1770467869.165762
-0.04069188,5.63223492,1.26623556,48.509998,-119.839996,-33.389999,1770467869.173753
0.40213152,5.4838292399999995,0.8880404399999999,49.419998,-132.649994,-24.709999,1770467869.181782
0.97421148,5.14871964,0.5074516800000001,45.220001,-140.419998,-16.870001,1770467869.189785
1.43857764,4.61254428,0.19867212,37.799999,-139.789993,-12.81,1770467869.197773
2.10879684,4.038070680000001,-0.06941556,27.09,-128.169998,4.83,1770467869.205835
2.2404470400000003,3.38460696,0.24654492000000003,18.129999,-99.889999,12.32,1770467869.213749
2.30746896,2.6617276800000003,1.5175677600000002,13.09,-52.43,23.309999,1770467869.221744
1.9029438000000003,1.5438978,4.08833712,9.59,21.07,33.880001,1770467869.229776
0.97181784,0.15079932000000001,7.788904560000001,13.65,103.529999,31.92,1770467869.237756
-0.7061238000000001,-0.96224328,12.02564736,20.02,186.199997,25.200001,1770467869.245757
-2.75029236,-1.30214016,16.60468068,33.740002,259.910004,20.51,1770467869.253757
-7.22400552,-1.21357548,18.68475384,51.450001,317.799988,32.41,1770467869.261757
-15.405467040000001,-5.28515712,18.77571216,42.84,363.859985,-13.37,1770467869.269753
-19.05816168,-7.006184280000001,18.72065844,42.209999,328.369995,-29.889999,1770467869.277747
-22.51457784,-8.119226880000001,17.844586200000002,26.530001,218.610001,-36.049999,1770467869.285868
-23.656344120000004,-8.60034852,17.21505888,16.450001,64.610001,-38.080002,1770467869.293753
-21.12626664,-7.714701720000001,17.28686808,18.41,-95.269997,-38.849998,1770467869.301762
-16.21930464,-5.057761320000001,16.99245036,24.639999,-210.839996,-28.42,1770467869.309763
-11.31234264,-2.23326612,16.4203704,26.459999,-280.279999,-31.709999,1770467869.317768
-6.81229944,0.11728836000000001,15.75254484,22.26,-313.459991,-33.810001,1770467869.325763
-3.17396664,2.0298067200000003,14.752003320000002,10.99,-316.399994,-38.080002,1770467869.333762
-0.2633004,3.4851398400000004,13.548002400000001,0.0,-305.130005,-40.110001,1770467869.341765
1.15612812,3.4468416000000004,11.757559680000002,-18.34,-278.25,-40.880001,1770467869.349765
1.71623988,3.37263876,8.69130684,-23.450001,-239.889999,-60.41,1770467869.357869
5.043399480000001,5.01706944,6.35990148,4.2,-226.029999,-15.33,1770467869.365754
4.98834576,5.651384040000001,5.119995960000001,10.43,-193.059998,-6.44,1770467869.373769
5.27318892,6.1755912,3.99019788,16.870001,-158.619995,9.31,1770467869.381844
5.4838292399999995,6.53942448,2.9082726,14.63,-120.190002,6.02,1770467869.389777
5.41202004,6.60165912,1.88618832,14.21,-84.980003,2.8,1770467869.39779
5.151113280000001,6.43410432,0.8856468000000001,10.78,-52.009998,0.63,1770467869.405765
4.72025808,5.988887280000001,0.06223464,3.08,-20.09,-2.52,1770467869.4138
4.1553590400000004,5.54845752,-0.7659648,-0.21,7.56,-5.53,1770467869.421763
3.4995016800000003,4.8949938,-1.5486850800000003,-7.21,33.389999,-10.85,1770467869.429805
2.8867298400000005,4.20562548,-2.15188236,-9.03,58.869999,-13.72,1770467869.43781
2.28831984,3.66466284,-2.23565976,-9.24,84.839996,-12.18,1770467869.445754
1.9388484000000001,3.10215744,-1.5175677600000002,-10.15,111.300003,-10.01,1770467869.453762
1.82156004,2.48459832,0.08617104,-8.33,138.179993,-9.59,1770467869.461761
1.73778264,1.6468243200000001,2.4678428400000003,-8.26,167.509995,-7.0,1770467869.469764
1.5151741200000002,0.55293084,5.4934038,-4.34,202.300003,-4.48,1770467869.477888
0.81623124,-0.70373016,8.562050280000001,-8.33,234.919998,6.02,1770467869.485778
-0.5744736,-2.18299968,11.458354680000001,-14.0,267.470001,5.39,1770467869.493772
-1.65879252,-2.4822046799999997,14.84535528,-13.44,285.670013,19.32,1770467869.501765
-3.7987066800000004,-2.96571996,20.1185442,-11.76,290.5,34.439999,1770467869.509758
-8.317899,-2.70002592,25.638278040000003,-18.200001,283.850006,41.509998,1770467869.517751
-14.54854392,-5.6035112400000004,26.99307828,-28.98,273.910004,23.870001,1770467869.526153
-16.29590112,-6.967886040000001,21.090362040000002,-24.92,232.399994,17.01,1770467869.533748
-17.124100560000002,-7.4561886,14.780727,-16.940001,159.110001,7.49,1770467869.541759
-16.95415212,-6.556179960000001,11.81740068,-3.22,82.949997,-2.94,1770467869.549772
-16.22409192,-4.2965838,12.181233960000002,3.85,19.879999,-7.84,1770467869.557754
-14.94588816,-1.48884408,13.404384000000002,4.97,-20.58,-22.26,1770467869.565792
-13.361298480000002,0.80426304,13.744280880000002,-5.81,-45.080002,-32.130001,1770467869.573859
-11.50862112,2.3290117200000005,12.71980296,-15.68,-61.32,-47.529999,1770467869.581791
-9.521899920000001,3.1643920800000003,10.929360240000001,-25.34,-70.0,-59.779999,1770467869.58987
-7.702733520000001,3.62157732,9.03359736,-25.9,-80.779999,-69.089996,1770467869.597784
-6.0678774,3.6622692,7.27427196,-20.790001,-90.650002,-75.669998,1770467869.605751
-4.82079096,3.5545554,5.9505890400000006,-11.62,-98.769997,-73.639999,1770467869.613783
-3.84897312,3.3917878800000003,5.0386122,2.1,-106.540001,-78.330002,1770467869.621762
-3.1237002,3.25295676,4.222380960000001,12.18,-113.190002,-77.279999,1770467869.629767
-1.93166748,4.03567704,3.2481694800000005,27.58,-119.559998,-73.220001,1770467869.637804
-1.6468243200000001,4.23913644,2.61624852,38.009998,-131.179993,-66.150002,1770467869.645787
-1.23511824,4.56945876,2.09204136,39.900002,-139.440002,-61.110001,1770467869.653761
-0.69176196,5.04100584,1.61091972,44.869999,-148.330002,-58.380001,1770467869.661763
0.6103782,5.783034240000001,1.0723507200000002,48.720001,-158.759995,-49.419998,1770467869.66985
0.8018694,5.627447640000001,0.72048564,53.200001,-166.740005,-42.91,1770467869.67779
1.37873664,5.59633032,0.27526860000000003,52.5,-170.729996,-32.689999,1770467869.685864
1.8000172800000003,5.41202004,-0.038298240000000004,50.189999,-164.289993,-22.120001,1770467869.693759
2.30507532,5.27558256,-0.26569404,43.889999,-144.970001,-7.7,1770467869.701767
2.58752484,5.07691044,-0.045479160000000005,36.75,-108.639999,10.5,1770467869.709761
2.9322090000000003,4.3827548400000005,1.15373448,35.84,-57.330002,21.84,1770467869.717775
2.8915171200000005,3.43247976,3.87530316,40.529999,16.940001,33.32,1770467869.725767
2.16145692,2.38885272,7.595019720000001,45.919998,106.120003,38.360001,1770467869.733762
0.63670824,1.6516116,11.79825156,54.25,194.25,28.49,1770467869.741765
-2.1662442,1.14655356,16.65255348,45.639999,277.269989,19.18,1770467869.74978
-5.58436212,0.6223464,20.6930178,34.650002,331.23999,8.61,1770467869.757778
-11.80782612,0.5912290800000001,21.1597776,39.060001,367.709991,13.02,1770467869.765762
-18.251505,-4.938079320000001,21.616962840000003,16.450001,362.809998,-1.05,1770467869.773766
-22.2249474,-6.546605400000001,18.72065844,8.75,265.790009,-20.58,1770467869.781862
-25.207422840000003,-7.810447320000001,16.90867296,-8.68,116.199997,-20.02,1770467869.789813
-24.53002272,-8.08571592,16.16425092,-13.09,-39.130001,-26.6,1770467869.797757
-20.33157816,-6.254581320000001,16.3126566,-7.56,-169.399994,-28.77,1770467869.805762
-15.034452840000002,-3.9136014000000006,15.90813144,-3.36,-254.100006,-33.040001,1770467869.813795
-10.108341720000002,-1.47687588,15.10865568,-3.57,-298.200012,-42.349998,1770467869.821915
-5.8524498000000005,0.24175764,14.00997492,-11.13,-317.799988,-45.290001,1770467869.829766
-2.29071348,1.7114526,12.5546418,-21.77,-318.290009,-50.119999,1770467869.837761
0.27287496,2.56837572,10.926966600000002,-30.17,-305.130005,-45.57,1770467869.845764
1.10825532,2.33140536,8.87322348,-38.919998,-279.929993,-44.799999,1770467869.853753
1.50559956,2.22369156,6.80511852,-37.66,-245.699997,-54.040001,1770467869.861756
4.62929976,4.13142264,5.02425036,-21.98,-232.190002,-11.48,1770467869.869768
4.6795662,4.3612120800000005,4.05003888,-5.67,-203.630005,12.74,1770467869.877757
4.667598,4.808822760000001,3.03274188,-2.31,-170.800003,16.799999,1770467869.885789
4.79206728,5.10563412,2.07528588,-0.63,-137.059998,18.200001,1770467869.893765
4.61015064,5.00510124,1.21357548,2.31,-104.790001,23.59,1770467869.901764
4.38993576,4.914142920000001,0.54096264,1.12,-74.550003,18.059999,1770467869.909803
4.05482616,4.75855632,-0.09095832000000001,-1.12,-46.549999,14.7,1770467869.917761
3.59046,4.50961776,-0.8210185200000001,-1.82,-20.23,7.84,1770467869.925759
2.9705072400000003,4.17211452,-1.3907048400000002,-5.88,7.98,3.08,1770467869.933755
2.49656652,3.7628020800000006,-1.6683670800000001,-6.86,34.23,-3.5,1770467869.94176
2.1901806,3.25295676,-1.39788576,-10.43,62.650002,-3.64,1770467869.949842
2.13512688,2.64018492,-0.36862056,-10.01,89.18,-7.98,1770467869.957787
2.4415128,2.1662442,1.4361840000000001,-7.14,114.730003,-5.18,1770467869.965766
2.6569404000000003,1.69469712,4.2726474,-3.15,145.529999,-2.31,1770467869.973918
2.56837572,1.1010744000000001,7.47055044,7.0,181.789993,-1.82,1770467869.981934
1.91251836,0.09813924000000002,10.216055520000001,3.08,218.679993,0.21,1770467869.989938
0.7803266400000001,-1.16570268,12.58815276,8.75,250.039993,-2.73,1770467869.997762
-0.7899012,-1.6444306800000001,15.58020276,20.23,269.98999,1.96,1770467870.005774
-3.31758504,-1.1417662800000001,19.99168128,22.120001,278.109985,9.45,1770467870.013782
-6.0798456000000005,-0.79947576,24.778961280000004,17.780001,262.570007,22.33,1770467870.021796
-9.687061080000001,-1.59895152,25.997324040000002,13.44,230.789993,35.349998,1770467870.029767
-13.62699252,-5.81415156,21.882656880000003,-1.12,202.369995,23.1,1770467870.037747
-13.303851120000001,-5.505372,15.821960400000002,-3.78,142.380005,14.28,1770467870.045912
-13.55039604,-5.01706944,13.59826884,-3.71,85.959999,6.86,1770467870.053763
-13.540821480000002,-3.86812224,13.380447600000002,-5.11,43.049999,-8.68,1770467870.061764
-12.992677920000002,-2.18539332,13.65810984,-14.21,14.42,-20.23,1770467870.069828
-11.8365498,-0.6438891600000001,13.10757264,-19.110001,-0.35,-39.549999,1770467870.077761
-10.340524799999999,0.67500648,11.65223952,-24.639999,-9.59,-47.040001,1770467870.085767
-9.01684188,1.60613244,9.952755119999999,-31.57,-19.530001,-61.18,1770467870.093813
-7.75299996,2.3649163200000003,8.40646368,-31.780001,-31.08,-66.57,1770467870.101758
-6.6303828000000005,2.7718351200000004,7.12825992,-30.870001,-42.139999,-73.57,1770467870.109755
-5.64420312,2.97768816,6.1995276,-22.959999,-53.900002,-76.370003,1770467870.117736
-4.78009908,3.2314140000000005,5.4934038,-10.64,-64.330002,-71.400002,1770467870.125757
-4.16253996,3.37263876,4.9237174800000005,-2.87,-76.230003,-70.209999,1770467870.133749
-3.6143964,3.4420543200000004,4.31333928,6.51,-90.440002,-73.080002,1770467870.141753
-2.4893856,4.17211452,3.38460696,13.09,-104.790001,-68.389999,1770467870.149752
-1.9603911600000001,4.25589192,2.9106662400000003,18.059999,-122.43,-65.449997,1770467870.157786
-1.6037388,4.23913644,2.43911916,19.18,-138.110001,-58.869999,1770467870.165851
-1.2063945600000001,4.179295440000001,1.82156004,16.73,-147.839996,-58.380001,1770467870.173752
-0.5266008,4.34924388,1.2805974,19.67,-154.559998,-53.759998,1770467870.182014
2.35534176,5.12478324,0.777933,26.110001,-164.429993,-38.990002,1770467870.189815
1.3404384000000003,4.45456404,0.9646369200000001,34.650002,-161.770004,-13.93,1770467870.19777
1.46251404,4.428234000000001,1.17048996,43.959999,-146.300003,2.66,1770467870.205754
1.6420370400000002,4.4761068,1.8526773600000002,47.529999,-118.440002,13.44,1770467870.213753
1.88379468,4.330094760000001,3.5784918,47.880001,-72.589996,21.49,1770467870.221758
1.8670392,3.8178558000000002,6.340752360000001,41.09,-7.91,22.889999,1770467870.229753
1.43139672,2.8795489200000004,9.27056772,34.580002,65.099998,22.540001,1770467870.237768
0.27287496,1.5678342,12.521130840000001,25.969999,138.529999,17.5,1770467870.245903
-1.96757208,0.25372584000000004,16.334199360000003,19.18,203.630005,8.19,1770467870.253754
-4.44738312,-0.2872368,19.357366680000002,18.76,247.380005,6.65,1770467870.261742
-11.40090732,-1.5175677600000002,20.228651640000002,29.469999,285.950012,12.46,1770467870.269772
-15.53711724,-5.0984532,19.21374828,6.65,275.799988,-22.889999,1770467870.277756
-19.05098076,-6.268943160000001,18.37358064,-2.66,201.740005,-34.02,1770467870.285755
-21.11908572,-7.508848680000001,17.265325320000002,-14.21,81.550003,-33.459999,1770467870.293763
-20.40338736,-8.174280600000001,16.40361492,-20.440001,-47.18,-46.759998,1770467870.301888
-16.5998934,-7.3101765599999995,15.910525080000001,-19.809999,-161.0,-41.509998,1770467870.309765
-12.169265760000002,-5.42398824,15.29296596,-14.42,-241.080002,-45.080002,1770467870.317757
-7.5279978,-3.31997868,14.50067112,-10.71,-286.299988,-44.799999,1770467870.325762
-3.6383328,-1.11543624,13.528853280000002,-10.36,-306.950012,-47.389999,1770467870.333758
-0.61755912,0.86649768,12.580971840000002,-13.37,-309.470001,-45.709999,1770467870.341807
1.27341648,1.94602932,11.19505428,-24.57,-296.730011,-41.16,1770467870.349872
1.60134516,1.57501512,9.28492956,-36.330002,-267.190002,-49.77,1770467870.357763
5.08409136,2.81731428,5.878779840000001,-40.110001,-259.700012,-46.689999,1770467870.365761
4.61733156,4.08833712,4.806429120000001,-22.26,-234.080002,0.35,1770467870.373838
4.385148480000001,4.14578448,3.6000345600000005,-18.9,-205.520004,6.93,1770467870.381796
4.2846156,4.41147852,2.41039548,-20.65,-175.0,20.370001,1770467870.389809
4.49764956,4.25828556,1.52953596,-15.89,-147.979996,16.24,1770467870.39777
4.4761068,3.99019788,0.91437048,-9.1,-119.769997,11.62,1770467870.405809
4.488075,3.7436529600000004,0.41888700000000006,1.19,-89.25,14.21,1770467870.413769
4.30376472,3.4779589200000003,0.0957456,14.21,-57.889999,3.22,1770467870.421851
4.07876256,3.0782210400000003,-0.05026644,21.91,-22.049999,5.6,1770467870.429798
3.9207823200000003,2.6330040000000006,-0.06223464,28.91,13.65,-6.02,1770467870.437756
3.8944522800000003,2.2500216,0.16994844,30.450001,50.82,-6.16,1770467870.445762
4.0261024800000005,1.8191664,0.9119768400000001,29.049999,82.389999,-13.09,1770467870.453764
4.25589192,1.2446928,2.2452343200000002,28.91,111.019997,-18.34,1770467870.461765
4.42105308,0.36383328000000004,4.53834144,24.99,136.5,-14.28,1770467870.469853
4.67238528,-0.5505372000000001,7.06841892,30.59,165.619995,-17.290001,1770467870.477782
4.54073508,-1.3308638400000001,9.268174080000001,39.900002,195.720001,-15.75,1770467870.485857
4.18408272,-3.23380764,11.25968256,53.549999,220.149994,-6.65,1770467870.493806
3.06625284,-3.68141832,13.205711879999999,76.089996,243.389999,2.38,1770467870.501769
1.23033096,-3.4492352400000006,16.32941208,88.760002,259.070007,13.44,1770467870.509773
-1.0053288,-2.4774174,20.149661520000002,85.400002,258.790009,23.1,1770467870.517758
-3.34152144,-1.92209292,22.77309096,66.360001,239.820007,28.139999,1770467870.525761
-6.0200046,-1.67076072,23.132136960000004,51.66,207.130005,37.099998,1770467870.533755
-11.90357172,-4.41387216,21.60978192,21.98,192.080002,25.549999,1770467870.541757
-11.49665292,-3.6239709600000003,17.444848320000002,13.79,160.929993,0.42,1770467870.5498
-12.41341704,-2.6258230800000004,15.194826720000002,8.19,132.860001,-16.030001,1770467870.557793
-12.784431240000002,-1.09389348,13.959708480000002,6.72,100.519997,-33.25,1770467870.565816
-12.506769,0.41649336000000003,13.320606600000001,0.42,71.82,-46.060001,1770467870.573763
-11.774315160000002,1.7234208000000002,12.513949920000002,-1.33,43.75,-55.860001,1770467870.581763
-10.77138,2.5611948,11.22138432,-10.29,16.73,-66.5,1770467870.589792
-9.6224328,2.9369962800000002,9.454878,-11.76,-9.1,-78.050003,1770467870.597751
-8.26523892,2.75747328,7.92773568,-11.13,-35.419998,-85.82,1770467870.605766
-7.03251432,2.50614108,6.76921392,-9.1,-61.32,-95.550003,1770467870.613763
-6.04633464,2.65933404,5.81175792,2.1,-79.730003,-94.779999,1770467870.621829
-5.17983696,3.1260938400000002,4.85430192,8.96,-96.879997,-93.449997,1770467870.629848
-4.7992482,3.8058876000000006,3.8585476800000005,17.219999,-110.32,-100.169998,1770467870.637764
-4.10987988,4.94047296,2.99205,27.65,-126.559998,-96.529999,1770467870.645757
-2.8675807200000003,6.11096292,2.2452343200000002,31.780001,-141.190002,-89.040001,1770467870.653763
-1.71863352,7.3484748,1.8263473200000002,43.119999,-161.979996,-77.699997,1770467870.66176
-0.8234121600000001,7.997151240000001,1.60852608,44.799999,-182.630005,-53.34,1770467870.669774
-0.11968200000000001,7.719489000000001,1.48645044,44.099998,-200.690002,-43.330002,1770467870.677851
0.39016332000000004,7.27427196,1.19203272,43.189999,-211.820007,-30.940001,1770467870.685786
1.077138,6.5107008,0.9454878,39.34,-210.419998,-21.84,1770467870.693785
1.60613244,5.670533160000001,0.87846588,37.869999,-197.050003,-8.68,1770467870.701763
2.15188236,4.85430192,1.2877783200000001,27.860001,-164.639999,0.77,1770467870.709768
2.80534608,3.8298240000000003,2.5588011600000002,22.75,-119.980003,6.93,1770467870.717869
3.2936486400000002,2.53247112,4.62451248,22.75,-62.23,9.38,1770467870.725759
3.4013624399999998,1.41703488,7.305389280000001,26.74,3.78,7.98,1770467870.733757
2.9369962800000002,0.56489904,10.651698000000001,40.810001,74.480003,2.24,1770467870.741762
1.83831552,0.1914912,14.991367320000002,49.77,137.199997,-10.15,1770467870.749769
-0.41888700000000006,0.80426304,20.86775352,47.529999,186.339996,-27.51,1770467870.757832
-4.15057176,1.1250108,26.066739600000002,22.4,215.809998,-34.720001,1770467870.765816
-7.01575884,-0.19867212,26.380306440000002,-1.89,202.789993,-32.900002,1770467870.773762
-10.46978136,-1.2231500400000002,23.302085400000003,-12.53,148.539993,-23.59,1770467870.781746
-13.62220524,-5.34021084,21.210044040000003,-41.23,89.529999,-45.150002,1770467870.789816
-13.16262636,-5.651384040000001,19.28316384,-37.029999,15.33,-60.27,1770467870.797843
-11.970593640000002,-4.86148284,17.60282856,-34.299999,-61.740002,-55.439999,1770467870.805762
-9.60807096,-3.2792868000000004,16.104409920000002,-42.209999,-126.279999,-60.830002,1770467870.813788
-6.62080824,-1.79523,14.617959480000001,-45.779999,-172.550003,-54.880001,1770467870.821792
-3.7149292800000002,-0.5792608800000001,12.932836920000002,-53.060001,-201.600006,-52.360001,1770467870.829809
-1.30214016,0.61516548,10.82882736,-54.32,-216.720001,-52.360001,1770467870.837757
0.34229052,1.3045338,8.79902064,-51.169998,-220.429993,-41.09,1770467870.845764
0.8425612800000001,1.256661,7.03490796,-52.57,-209.860001,-45.709999,1770467870.853761
1.0891062,1.0603825199999999,5.3976582,-49.07,-186.479996,-48.650002,1770467870.861769
3.4899271200000004,3.51625716,3.6407264400000003,-25.41,-189.350006,-19.459999,1770467870.86977
3.6838119600000003,2.7766224000000004,3.30801048,-3.29,-171.5,8.05,1770467870.877755
3.8992395600000003,2.91784716,2.5779502800000005,9.45,-152.740005,1.82,1770467870.885912
4.0931244,3.22183944,2.0896477200000003,24.780001,-131.529999,16.379999,1770467870.893761
4.059613440000001,3.4492352400000006,1.67076072,35.07,-108.43,10.64,1770467870.901768
3.8944522800000003,3.71732292,1.1202235200000001,42.77,-82.32,4.27,1770467870.909764
3.6263646,3.8537604000000005,0.5146326,45.639999,-54.810001,4.62,1770467870.917756
3.3391278000000004,3.7867384800000004,-0.0957456,42.419998,-26.459999,0.56,1770467870.925887
3.11891292,3.6526946400000004,-0.61755912,36.68,0.21,-3.08,1770467870.933754
3.05667828,3.2002966800000006,-0.68936832,32.900002,27.23,-5.88,1770467870.941762
3.3032232,2.5109283600000003,0.033510960000000006,25.41,51.310001,-9.24,1770467870.94977
3.8537604000000005,1.71863352,1.7784745200000003,25.969999,74.059998,-10.99,1770467870.957765
4.47371316,0.58404816,4.86627012,26.67,99.330002,-12.74,1770467870.965902
4.91653656,-0.6414955200000001,8.59795488,31.780001,129.5,-16.030001,1770467870.974016
4.9787712,-1.40506668,11.690537760000002,51.029999,169.190002,-21.42,1770467870.982457
4.46174496,-2.61624852,14.06981592,68.529999,199.639999,-20.790001,1770467870.99005
3.58327908,-2.5851311999999997,15.47966988,81.760002,216.020004,-12.32,1770467870.997873
1.7593254,-1.77368724,17.45202924,77.0,217.279999,3.22,1770467871.005776
-1.14655356,-1.08431892,20.817487080000003,60.759998,205.800003,16.799999,1770467871.013766
-3.7053547200000003,-0.9407005200000002,22.751548200000002,41.720001,184.309998,16.799999,1770467871.021844
-5.464680120000001,-1.0532016,23.335596360000004,28.700001,152.600006,24.01,1770467871.029846
-7.827202800000001,-0.33032232,22.12441452,21.42,122.919998,18.690001,1770467871.037736
-10.347705720000002,-0.28963044000000004,19.678114439999998,2.8,106.75,5.81,1770467871.045763
-10.311801120000002,1.23511824,16.25520924,-12.95,83.300003,-18.41,1770467871.053744
-10.462600440000001,2.25480888,13.8950802,-15.82,62.720001,-31.780001,1770467871.061753
-10.326162960000001,2.8244952000000003,12.157297560000002,-24.85,47.880001,-39.830002,1770467871.069852
-10.03413888,3.27689316,10.914998400000002,-30.24,35.630001,-52.639999,1770467871.077794
-9.52908084,3.6550882799999997,9.66791196,-36.540001,18.200001,-58.310001,1770467871.085767
-8.980937280000001,3.88487772,8.076141360000001,-40.880001,-1.33,-61.32,1770467871.093758
-8.2460898,4.02370884,6.800331240000001,-34.790001,-24.709999,-66.709999,1770467871.101759
-7.496880480000001,4.20801912,5.88596076,-27.370001,-51.240002,-64.050003,1770467871.109788
-6.592084560000001,4.4904686400000005,5.11281504,-15.47,-75.110001,-68.18,1770467871.117748
-6.039153720000001,4.6795662,4.30376472,-5.67,-95.970001,-70.07,1770467871.125755
-4.46653224,5.58196848,3.0997638,3.22,-117.949997,-66.360001,1770467871.133736
-3.77237664,6.043941,2.48459832,11.48,-137.899994,-53.689999,1770467871.141762
-3.00162456,6.075058320000001,1.96757208,11.34,-155.679993,-43.610001,1770467871.149766
-2.2380534,6.498732600000001,1.27341648,12.67,-170.520004,-43.540001,1770467871.157807
-1.077138,7.03969524,0.71569836,18.620001,-185.289993,-31.43,1770467871.165757
-0.17234208,6.61362732,0.72527292,23.309999,-194.740005,-22.120001,1770467871.173753
0.51223896,6.19234668,0.9407005200000002,26.74,-198.869995,-16.1,1770467871.181752
1.17048996,5.8093642800000005,1.3404384000000003,21.77,-193.830002,-9.17,1770467871.189781
1.9603911600000001,5.3019126000000005,2.26917072,15.4,-182.419998,-10.36,1770467871.197796
2.90109168,4.5886078800000005,3.87051588,6.93,-160.720001,-12.46,1770467871.205763
3.7628020800000006,3.48035256,6.1875594,-2.24,-130.830002,-20.58,1770467871.213755
4.3324884,1.8670392,8.69370048,-5.6,-91.0,-30.24,1770467871.221756
4.2008382,-0.06223464,11.094521400000001,-7.21,-43.330002,-39.619999,1770467871.229752
4.47371316,-1.6396434000000002,14.167955160000002,-0.49,8.75,-42.77,1770467871.237747
4.289402880000001,-2.4726301200000003,18.67757292,3.64,43.959999,-47.740002,1770467871.245771
3.05667828,-2.5970994,23.70661056,-3.78,70.629997,-51.59,1770467871.253768
0.78272028,-3.8944522800000003,24.69279024,-17.709999,82.599998,-40.18,1770467871.261778
-0.8856468000000001,-4.77770544,23.44809744,-25.9,74.970001,-22.68,1770467871.269841
-2.1183714,-5.660958600000001,22.7036754,-35.07,55.860001,3.15,1770467871.277749
-6.0319728,-7.35326208,21.61217556,-55.23,50.400002,2.8,1770467871.285969
-5.3234553600000005,-5.02425036,17.62676496,-69.440002,23.870001,-5.53,1770467871.293763
-5.30669988,-2.18778696,14.71849236,-65.099998,1.54,-8.68,1770467871.30177
-4.8902065200000004,0.3829824,12.4948008,-70.559998,-23.66,-4.83,1770467871.309879
-3.99019788,2.0561367600000002,10.80010368,-69.089996,-42.77,-8.54,1770467871.317761
-2.7478987200000002,2.8915171200000005,9.69663564,-69.089996,-58.66,-3.15,1770467871.325761
-1.83831552,2.8963044,8.684125920000001,-71.959999,-69.790001,6.16,1770467871.333755
-1.41703488,2.9106662400000003,7.379592120000001,-71.75,-73.57,-1.12,1770467871.341758
-0.46915344000000003,3.17875392,5.91468444,-62.650002,-65.519997,9.1,1770467871.349776
1.9771466400000002,4.62690612,4.58621424,-34.509998,-69.650002,39.41,1770467871.35778
0.9478814400000001,3.92317596,4.040464320000001,-22.610001,-71.889999,60.48,1770467871.365762
0.98378604,3.81306852,2.94657084,-12.88,-70.769997,66.5,1770467871.373765
1.02447792,3.7963130400000002,1.95799752,2.8,-64.470001,74.339996,1770467871.381851
1.1369790000000002,3.6598755600000006,1.2207564,14.7,-56.139999,80.919998,1770467871.391037
1.18963908,3.6359391600000004,0.8210185200000001,22.120001,-48.23,78.330002,1770467871.397771
1.27820376,3.4420543200000004,0.6869746800000001,23.66,-38.360001,78.68,1770467871.405819
1.52714232,3.06864648,0.8090503200000001,19.25,-26.32,73.849998,1770467871.413782
1.93166748,2.5611948,1.10825532,21.209999,-15.68,60.41,1770467871.421773
2.4726301200000003,2.04416856,1.76411268,15.96,-3.57,50.400002,1770467871.42976
3.0782210400000003,1.45293948,3.1835412,17.639999,8.33,35.98,1770467871.43785
3.7029610800000006,0.8712849600000001,5.42638188,15.96,19.879999,28.700001,1770467871.445758
4.27982832,0.0718092,8.47827288,12.53,33.529999,13.58,1770467871.45376
5.31866808,-1.5367168800000002,12.40862976,14.42,50.75,8.05,1770467871.46179
6.02239824,-2.90348532,15.74057664,14.35,69.93,2.66,1770467871.469781
6.42452976,-4.52637324,18.311346,16.309999,85.190002,4.9,1770467871.477762
6.5442117600000005,-6.30006048,20.585304,11.27,90.510002,27.719999,1770467871.485759
5.057761320000001,-7.0373016,21.47334444,4.41,100.099998,50.259998,1770467871.49377
2.8675807200000003,-7.2575164800000005,21.614569200000002,11.27,124.040001,79.660004,1770467871.501798
-3.16678572,-9.34477056,21.873082319999998,3.78,156.729996,71.68,1770467871.509839
-3.1356684,-6.35990148,18.93129876,7.77,200.410004,50.259998,1770467871.517752
-6.10138836,-3.9255696,17.5453812,6.86,235.830002,41.860001,1770467871.525763
-8.51417748,-1.4912377200000002,16.38925308,-1.47,258.790009,31.709999,1770467871.533764
-10.68520896,0.87607224,14.998548240000002,-10.78,256.480011,16.940001,1770467871.541803
-12.178840319999999,2.5755566400000003,13.543215120000001,-21.700001,237.229996,11.83,1770467871.549771
-13.14587088,4.095518040000001,11.98734912,-32.689999,193.479996,-0.91,1770467871.557757
-13.49055504,5.01228216,10.29743928,-39.900002,141.820007,-3.85,1770467871.565748
-13.205711879999999,5.63462856,8.483060159999999,-47.529999,82.389999,-11.48,1770467871.573761
-12.128573880000001,5.58196848,6.7261284,-43.68,19.110001,-16.940001,1770467871.581796
-10.58946336,5.313880800000001,5.39287092,-35.77,-34.720001,-16.379999,1770467871.589795
-8.84210616,4.77770544,4.37796756,-19.110001,-78.470001,-18.200001,1770467871.597792
-7.23836736,3.80110032,3.6359391600000004,-5.81,-114.449997,-11.83,1770467871.605775
-7.37480484,4.76573724,2.3697036000000002,13.79,-137.759995,-13.16,1770467871.613778
-4.277434680000001,5.6130858,1.4673013200000002,44.52,-152.880005,18.200001,1770467871.621763
-3.6455137200000003,5.17744332,1.40506668,53.759998,-173.529999,46.200001,1770467871.629889
-2.94896448,5.567606640000001,0.7468156800000001,54.669998,-190.889999,57.470001,1770467871.637758
-2.3864590800000003,5.553244800000001,0.19388484,54.880001,-206.639999,64.050003,1770467871.64574
-1.49841864,5.747129640000001,-0.43803612,45.639999,-219.100006,63.419998,1770467871.653766
-0.019149120000000002,6.42213612,-1.02687156,43.540001,-231.070007,70.139999,1770467871.661794
0.6869746800000001,6.22585764,-0.97899876,30.1,-237.369995,85.610001,1770467871.669773
1.2255436800000001,5.9601636000000005,-0.6031972800000001,16.450001,-231.0,86.169998,1770467871.677785
2.2141170000000003,5.23249704,0.6414955200000001,3.85,-207.830002,81.900002,1770467871.685883
3.23859492,3.6957801600000004,2.7048132000000003,-6.3,-172.550003,70.769997,1770467871.693772
3.93035688,1.71384624,5.371328160000001,-8.12,-123.199997,56.209999,1770467871.701766
3.87530316,-0.14840568,8.41125096,-13.86,-62.23,37.59,1770467871.709864
4.07876256,-1.5319296,11.343459959999999,-13.58,4.83,20.93,1770467871.717756
4.849514640000001,-3.41333064,15.357594240000001,-11.76,54.669998,21.280001,1770467871.72576
3.23859492,-4.85430192,21.403928880000002,-17.99,91.07,-5.04,1770467871.733884
3.55934268,-6.35990148,26.43536016,-28.35,120.610001,-12.39,1770467871.741757
2.00587032,-8.997692760000001,28.374208560000003,-26.530001,131.880005,1.89,1770467871.749768
0.23457672000000002,-11.06579772,27.20850588,-8.68,123.620003,29.540001,1770467871.757762
-3.17396664,-11.00116944,24.6305556,-0.98,123.970001,18.48,1770467871.765772
-4.38754212,-7.09474896,21.554728200000003,-13.09,94.5,20.719999,1770467871.773779
-4.9308984,-3.470778,18.3352824,-30.870001,57.540001,19.74,1770467871.781754
-4.49764956,-1.4361840000000001,15.577809120000001,-54.529999,21.91,19.67,1770467871.789866
-3.410937,-0.31356684,13.2128928,-63.419998,-7.98,20.440001,1770467871.797771
-2.1973615200000003,0.38537604000000003,11.207022480000001,-72.099998,-27.02,24.219999,1770467871.805774
-1.06995708,0.90479592,9.43812252,-73.080002,-37.66,34.650002,1770467871.813787
-0.47872800000000004,0.84734856,7.788904560000001,-69.790001,-40.529999,37.59,1770467871.821802
-0.0718092,0.84495492,6.039153720000001,-65.099998,-35.98,45.080002,1770467871.829872
-0.052660080000000005,1.32128928,4.26786012,-55.580002,-21.0,55.860001,1770467871.837754
2.3768845200000004,2.0776795200000002,2.98486908,-37.52,-23.870001,77.839996,1770467871.845786
1.2829910400000002,2.6617276800000003,2.35294812,-11.34,-20.23,91.349998,1770467871.853731
1.13937264,2.98486908,1.69230348,8.54,-13.02,93.800003,1770467871.861764
0.9598496400000001,3.4827462000000002,1.08192528,23.309999,-8.19,94.919998,1770467871.869825
0.85931676,3.95189964,0.5625054,38.57,-1.89,91.489998,1770467871.877764
0.71569836,4.246317360000001,0.22500216000000003,47.669998,1.89,89.18,1770467871.885759
0.79947576,4.222380960000001,0.32074776000000005,52.849998,3.99,79.239998,1770467871.893742
1.1130426000000002,4.11466716,0.7970821200000001,55.580002,4.9,67.059998,1770467871.901761
1.5941642400000002,4.191263640000001,2.11358412,46.830002,8.89,56.91,1770467871.909768
2.30268168,4.330094760000001,4.07397528,38.639999,15.96,46.900002,1770467871.917778
2.99205,3.9447187200000005,6.362295120000001,23.870001,25.34,44.310001,1770467871.925764
3.5186508,2.99923092,8.949819960000001,11.41,38.849998,42.84,1770467871.933758
3.63115188,1.8000172800000003,11.750378760000002,2.87,59.849998,39.48,1770467871.941752
3.2457758400000003,0.99575424,14.507852040000001,5.25,93.519997,38.360001,1770467871.949814
2.8197079200000004,0.4069188,17.22942072,13.86,128.729996,32.900002,1770467871.957742
2.32422444,-0.0047872800000000005,19.680508080000003,22.889999,154.839996,37.869999,1770467871.965769
1.4696949600000002,-1.2399055200000002,23.24463804,13.86,163.169998,43.68,1770467871.973935
-0.22978944,-2.9896563600000006,25.68854448,7.91,170.169998,57.889999,1770467871.982061
-2.0585304,-3.48035256,24.44863896,7.84,168.279999,81.760002,1770467871.990057
-4.277434680000001,-3.63115188,22.23212832,3.43,154.699997,91.980003,1770467871.997799
-9.62722008,-5.61069216,19.33343028,-20.440001,169.330002,80.010002,1770467872.005775
-8.7607224,-3.9495060000000004,14.85014256,-29.190001,170.100006,48.16,1770467872.01377
-9.952755119999999,-3.0040182,12.2554368,-26.32,173.600006,43.400002,1770467872.021778
-10.95329664,-1.69230348,10.24956648,-28.42,170.380005,25.9,1770467872.030112
-11.33149176,-0.11728836000000001,8.77987152,-27.790001,151.970001,17.5,1770467872.03775
-11.36979,1.4673013200000002,7.623743400000001,-27.23,120.050003,4.13,1770467872.045764
-10.98920124,2.63779128,6.675861960000001,-32.34,77.0,-6.3,1770467872.053731
-10.17536364,3.22662672,5.804577,-29.959999,30.450001,-13.72,1770467872.061765
-8.937851760000001,3.2362012800000004,4.8902065200000004,-28.91,-13.58,-16.940001,1770467872.069747
-7.54235964,3.1045510800000002,3.89684592,-14.56,-52.919998,-17.639999,1770467872.077738
-6.11096292,2.94896448,2.9322090000000003,-1.89,-82.879997,-12.18,1770467872.085753
-4.7633436,2.1590632800000003,2.4175764,9.8,-113.330002,-7.56,1770467872.093892
-4.19365728,2.49896016,1.5582596400000002,24.780001,-128.660004,-8.96,1770467872.101763
-2.2739580000000004,3.62157732,0.81623124,41.02,-141.610001,15.33,1770467872.109771
-1.70187804,3.5784918,0.6654319200000001,51.099998,-159.110001,29.26,1770467872.117752
-1.0962871200000002,3.4468416000000004,0.59362272,51.450001,-171.990005,43.400002,1770467872.125756
-0.6079845600000001,3.43247976,0.48590892,45.220001,-179.059998,37.73,1770467872.133749
0.21542760000000002,3.78434484,0.5026644,41.09,-183.960007,38.009998,1770467872.141785
1.5415041600000001,4.246317360000001,0.74920932,36.889999,-189.279999,53.759998,1770467872.149861
2.11358412,4.36360572,1.735389,29.540001,-174.720001,55.23,1770467872.157728
2.7598669200000003,4.28222196,3.4612034400000002,23.66,-145.669998,58.799999,1770467872.165761
3.32237232,3.9495060000000004,6.14208024,19.32,-93.870003,53.200001,1770467872.173752
3.2481694800000005,3.34870236,9.15327936,22.26,-30.309999,55.720001,1770467872.181752
2.4032145600000003,2.3290117200000005,11.463141960000002,19.32,41.09,49.91,1770467872.189768
0.55293084,0.9981478800000001,13.67486532,21.98,110.599998,39.970001,1770467872.197765
-1.37155572,0.40213152,17.74644696,22.610001,159.949997,26.809999,1770467872.205892
-3.3750324000000003,-0.24893856,22.87362384,14.98,190.820007,18.059999,1770467872.213755
-4.957228440000001,-1.94363568,26.734565160000002,6.86,188.649994,26.18,1770467872.221753
-7.54475328,-4.1242417200000006,26.15769792,6.44,157.149994,44.310001,1770467872.229758
-10.21844916,-7.79369184,23.692248720000002,-12.74,114.309998,30.379999,1770467872.237747
-10.1370654,-7.3843794,21.049670159999998,-21.07,45.57,13.23,1770467872.245752
-9.82349856,-5.7207996,18.23235588,-31.99,-18.549999,16.24,1770467872.25373
-8.31311172,-4.14817812,15.47248896,-45.639999,-72.870003,13.37,1770467872.261758
-5.87159892,-2.6449722,13.48337412,-55.860001,-111.440002,11.2,1770467872.269761
-3.5210444400000003,-1.32607656,11.62590948,-59.43,-134.470001,18.41,1770467872.277791
-1.4361840000000001,-0.53138808,9.952755119999999,-59.009998,-144.899994,22.190001,1770467872.285849
0.0047872800000000005,0.40452516000000005,8.17188696,-55.509998,-146.720001,35.419998,1770467872.293792
0.6414955200000001,0.55293084,6.666287400000001,-46.34,-140.0,40.599998,1770467872.301766
0.97181784,0.5744736,5.28276348,-36.889999,-122.220001,38.709999,1770467872.309762
4.851908280000001,1.7234208000000002,3.91599504,-20.370001,-133.979996,53.060001,1770467872.317756
3.4947144000000003,2.4319382400000005,3.0040182,7.07,-117.669998,71.68,1770467872.325788
3.43247976,2.61146124,2.4343318800000002,23.66,-102.760002,80.709999,1770467872.333757
3.3702451200000003,2.79577152,1.6157070000000002,32.34,-82.669998,79.309998,1770467872.341747
3.16678572,3.1332747600000004,0.51223896,37.52,-59.57,78.68,1770467872.349811
2.99923092,3.1883284800000005,-0.41649336000000003,38.220001,-37.099998,75.32,1770467872.357777
2.692845,3.27689316,-1.2016072800000002,32.970001,-16.1,69.019997,1770467872.365792
2.6138548800000003,3.22183944,-1.4601204,24.43,1.89,60.34,1770467872.373755
2.7359305199999997,3.2840740800000003,-0.6558573600000001,15.54,20.65,49.490002,1770467872.38176
3.21705216,3.3702451200000003,1.4098539600000002,4.9,46.619999,40.389999,1770467872.389757
3.7532275200000003,3.21465852,4.2846156,-0.07,79.169998,33.459999,1770467872.397781
4.29179652,2.06331768,7.401134880000001,-4.97,114.379997,27.719999,1770467872.405761
4.62451248,1.47687588,10.39318488,-3.92,147.490005,16.450001,1770467872.413767
4.50243684,0.48590892,13.61741796,12.88,181.509995,5.67,1770467872.421764
3.6957801600000004,-0.49308984000000006,16.841651040000002,32.34,218.820007,6.37,1770467872.429875
2.06092404,-0.14601204,20.1424806,50.330002,250.389999,14.42,1770467872.437761
-0.20585304000000001,0.57686724,23.9842728,49.630001,267.26001,26.25,1770467872.445759
-2.5372584,-0.18191664000000002,26.97153552,38.990002,257.880005,42.07,1770467872.453741
-5.0386122,-1.0795316400000001,25.06859172,20.790001,224.0,55.09,1770467872.461819
-6.30963504,-1.1130426000000002,21.411109800000002,4.9,169.470001,72.730003,1770467872.469761
-10.14663996,-2.4774174,17.66745684,-14.14,152.25,77.279999,1770467872.477752
-9.94796784,-3.66945012,14.187104280000002,-37.310001,131.039993,40.740002,1770467872.485881
-9.840254040000001,-4.2606792,11.554100280000002,-39.34,119.07,20.09,1770467872.493769
-9.9455742,-4.35403116,9.8378604,-34.23,110.18,16.799999,1770467872.501764
-10.01498976,-3.4492352400000006,8.54050752,-29.75,103.739998,-1.33,1770467872.509758
-9.69184836,-1.9149120000000002,7.63810524,-23.870001,91.980003,-6.65,1770467872.517764
-9.155673,-0.1436184,7.0133652,-20.58,73.080002,-18.9,1770467872.525774
-8.60274216,1.2805974,6.45325344,-19.110001,49.0,-25.41,1770467872.533753
-7.94209752,2.19496788,5.72558688,-16.1,21.559999,-32.130001,1770467872.541768
-7.15937724,2.7048132000000003,4.81839732,-12.6,-1.82,-38.5,1770467872.54976
-6.278517720000001,3.0351355200000003,3.86333496,-3.92,-24.01,-43.330002,1770467872.557742
-5.29712532,3.32955324,2.9872627200000004,6.86,-46.130001,-44.939999,1770467872.565786
-4.64844888,3.3151914000000002,2.1925742400000003,14.98,-65.169998,-50.189999,1770467872.573758
-3.08061468,4.5000432,1.24229916,31.780001,-86.870003,-31.780001,1770467872.581751
-2.41518276,4.53355416,1.02447792,43.889999,-105.559998,-18.200001,1770467872.589761
-1.7306017200000001,4.6963216800000005,1.00293516,50.330002,-121.239998,-11.69,1770467872.59777
-0.85931676,4.957228440000001,1.2399055200000002,58.869999,-135.309998,0.7,1770467872.605761
0.60559092,5.39047728,1.48166316,62.860001,-151.550003,6.58,1770467872.613766
1.0651698,5.1822306,1.9292738400000002,63.349998,-162.470001,25.690001,1770467872.621765
1.44097128,5.2037733600000005,2.49896016,53.549999,-163.449997,28.700001,1770467872.629843
1.83831552,5.32106172,3.6526946400000004,36.119999,-145.460007,34.650002,1770467872.637749
2.2835325600000003,5.51015928,5.445531000000001,18.76,-107.519997,36.470001,1770467872.64576
2.5252902,5.251646160000001,7.827202800000001,3.22,-51.450001,39.619999,1770467872.653745
2.1710314800000003,4.5239796000000005,10.02217068,-8.26,13.86,48.369999,1770467872.661802
1.0292652,3.6598755600000006,12.4229916,-14.63,80.220001,43.889999,1770467872.669841
-1.4457585600000002,2.7478987200000002,15.72860844,-14.84,143.639999,29.75,1770467872.677749
-3.7963130400000002,1.4122476000000002,20.04912864,-12.95,197.960007,6.93,1770467872.685761
-5.19180516,-0.4069188,24.54438456,-5.32,224.139999,14.42,1770467872.69401
-7.31735748,-1.29495924,25.6598208,8.89,205.589996,33.669998,1770467872.701765
-12.25304316,-2.35294812,23.59171584,5.88,174.509995,35.77,1770467872.709835
-12.61927008,-3.77955756,20.5134948,-17.57,107.660004,10.29,1770467872.717761
-12.442140720000001,-4.07876256,17.27729352,-24.57,32.060001,-1.4,1770467872.725759
-11.302768080000002,-4.1050926,14.49827748,-34.650002,-39.759998,-6.09,1770467872.733759
-9.11737476,-4.08833712,12.4110234,-44.240002,-98.0,-10.57,1770467872.74176
-6.5226690000000005,-3.9542932800000004,10.922179320000001,-51.099998,-135.869995,-10.92,1770467872.749745
-4.071581640000001,-3.63354552,9.77083848,-58.52,-158.759995,-6.86,1770467872.757838
-1.8024109200000002,-3.10694472,8.84210616,-61.740002,-171.429993,0.42,1770467872.765761
-0.13883112,-1.8000172800000003,7.6357116000000005,-60.41,-170.729996,12.74,1770467872.773776
0.74920932,-0.7300602,6.546605400000001,-53.130001,-162.75,22.33,1770467872.781749
1.3883112000000002,-0.51223896,5.51015928,-45.43,-147.630005,26.6,1770467872.789759
2.29071348,0.15079932000000001,4.1529654,-38.639999,-139.649994,31.360001,1770467872.797802
3.8082812400000003,2.66651496,2.40082092,-17.780001,-135.100006,48.93,1770467872.805914
2.6569404000000003,2.9226344400000004,1.8478900800000002,5.46,-126.279999,55.09,1770467872.813758
2.49896016,3.45162888,1.23511824,19.459999,-111.019997,56.98,1770467872.821766
2.3912463600000002,3.7484402400000003,0.67500648,27.51,-94.989998,52.639999,1770467872.829758
2.26917072,3.86094132,0.38058875999999997,34.509998,-73.919998,48.23,1770467872.837768
2.23565976,3.6048218400000005,0.3710142,40.110001,-45.779999,44.66,1770467872.845893
2.42715096,3.2936486400000002,0.83059308,39.619999,-16.870001,36.259998,1770467872.853747
2.7263559600000002,3.23859492,1.79762364,36.889999,16.870001,31.709999,1770467872.861766
2.94657084,3.5808854400000003,3.7819512,23.870001,55.299999,26.950001,1770467872.869763
3.19072212,3.67902468,6.280911360000001,7.98,94.779999,23.799999,1770467872.877754
3.2074776,3.1811475600000003,8.32029264,-7.63,135.309998,20.65,1770467872.885758
2.8484316,2.09204136,10.16578908,-18.41,171.850006,16.940001,1770467872.893783
2.06571132,1.3165020000000003,12.317671440000002,-21.209999,203.350006,13.65,1770467872.901765
0.6534637200000001,0.8377740000000001,15.26663592,-18.129999,224.139999,11.62,1770467872.909774
-1.5726214800000002,1.27820376,19.6757208,-11.97,240.800003,10.85,1770467872.917765
-3.82264308,0.9335196,23.79996252,-14.7,239.960007,16.1,1770467872.925768
-5.84766252,-0.8952213600000001,24.54917184,-6.65,208.809998,32.900002,1770467872.933789
-7.176132720000001,-1.45054584,21.91616784,7.42,152.740005,54.740002,1770467872.941764
-10.98441396,-3.4947144000000003,19.50098508,-0.98,114.309998,62.02,1770467872.949774
-10.15382088,-3.10933836,16.03978164,-13.16,78.190002,18.76,1770467872.95774
-9.478814400000001,-2.9585390400000002,14.366627280000001,-15.33,47.669998,16.030001,1770467872.96586
-8.832531600000001,-1.98432756,13.78976004,-12.25,26.110001,-6.09,1770467872.973996
-8.018694,-0.9478814400000001,12.99028428,-14.77,12.46,-18.41,1770467872.982366
-7.1689518,-0.4547916,11.59479216,-24.01,5.39,-30.870001,1770467872.989908
-6.43171068,-0.2034594,9.78759396,-36.470001,-0.77,-38.290001,1770467872.997781
-5.54845752,-0.12925656000000002,8.0665668,-49.630001,-7.0,-45.290001,1770467873.00578
-4.7394072000000005,0.00718092,6.83862948,-54.110001,-16.309999,-55.720001,1770467873.01376
-4.03088976,-0.21064032000000002,5.92665264,-52.080002,-22.469999,-55.23,1770467873.021837
-3.4731716400000003,-0.24415128000000003,5.043399480000001,-45.57,-29.33,-60.27,1770467873.029774
-2.98486908,0.07659648000000001,4.009347,-33.32,-36.82,-57.189999,1770467873.037811
-2.5611948,0.69176196,3.04949736,-17.92,-42.349998,-56.349998,1770467873.045758
-2.17342512,1.3045338,2.31464988,-6.23,-50.68,-55.93,1770467873.053742
-1.61331336,2.0824668,1.9412420400000001,9.45,-60.34,-48.93,1770467873.061768
-1.3284702000000002,2.5228965600000004,1.83831552,19.32,-67.550003,-44.59,1770467873.069773
-1.15134084,2.64736584,1.8454964400000002,27.23,-74.129997,-45.919998,1770467873.077867
-0.50984532,2.7646542000000003,1.855071,35.560001,-75.040001,-39.200001,1770467873.085756
3.4971080400000005,5.20137972,1.32128928,56.07,-85.120003,-14.91,1770467873.093768
1.1848518000000001,4.02370884,2.33858628,66.43,-87.220001,1.33,1770467873.101755
1.2877783200000001,4.06440072,2.9441772,74.620003,-79.239998,20.299999,1770467873.10976
1.2446928,3.93514416,3.9973788000000003,70.980003,-58.66,21.42,1770467873.117828
1.11543624,4.12184808,5.876386200000001,63.0,-18.200001,29.610001,1770467873.125765
0.8880404399999999,4.3612120800000005,8.310718080000001,48.16,38.080002,35.07,1770467873.133747
0.19388484,4.0572198,10.819252800000001,34.02,106.75,37.450001,1770467873.141756
-1.4481522,3.31758504,13.196137320000002,20.299999,162.050003,39.689999,1770467873.149753
-4.73461992,2.18778696,16.161857280000003,13.86,210.350006,25.48,1770467873.157734
-7.2766656,1.9986894000000002,18.03129012,20.65,233.240005,22.120001,1770467873.165757
-13.105179000000001,-0.08377740000000002,19.74513636,23.1,246.190002,14.84,1770467873.173739
-15.61132008,-1.9196992800000001,18.70150932,7.42,204.75,-11.2,1770467873.181755
-17.59086036,-3.92796324,17.540593920000003,6.09,122.290001,-19.809999,1770467873.189801
-18.143791200000003,-5.38808364,16.65255348,5.67,31.780001,-23.309999,1770467873.197771
-16.54244604,-5.85963072,16.037388,5.18,-58.240002,-31.219999,1770467873.205755
-13.41395856,-5.71361868,15.56105364,0.98,-134.050003,-34.509998,1770467873.213749
-9.852222240000001,-4.78967364,14.780727,-2.45,-184.309998,-36.82,1770467873.221763
-6.2713368,-3.61918368,13.96928304,-13.79,-217.139999,-36.889999,1770467873.229756
-2.96332632,-2.43672552,13.22725464,-28.0,-232.399994,-31.15,1770467873.237824
-0.32792868000000003,-1.21357548,11.83176252,-39.619999,-235.199997,-20.09,1770467873.245759
1.24948008,-0.23697036000000002,9.81153036,-46.970001,-227.080002,-11.69,1770467873.253739
1.45293948,0.2513322,7.79369184,-43.540001,-198.940002,-9.87,1770467873.261765
3.0279546,0.34468416,5.90750352,-40.459999,-187.389999,3.78,1770467873.269755
3.8346112800000003,2.8292824800000003,4.20562548,-16.24,-171.919998,36.189999,1770467873.277745
3.7340784,2.9681136,3.51386352,0.21,-148.75,39.060001,1770467873.285775
3.58327908,3.6598755600000006,2.6138548800000003,8.33,-126.279999,43.189999,1770467873.29383
3.51625716,4.06200708,1.79762364,11.2,-106.75,37.66,1770467873.301768
3.48753348,4.18408272,1.11782988,13.23,-85.75,29.469999,1770467873.309755
3.2457758400000003,4.14578448,0.37580148,13.02,-63.209999,24.709999,1770467873.317826
2.83406976,3.9255696,-0.37580148,14.84,-41.369999,18.969999,1770467873.32576
2.4032145600000003,3.5330126400000004,-0.95506236,15.75,-14.0,15.26,1770467873.33376
2.1207650399999998,3.1931157600000004,-1.04602068,16.17,14.35,4.41,1770467873.341763
2.13991416,2.8316761200000005,-0.36383328000000004,11.41,45.990002,0.84,1770467873.349853
2.31943716,2.7478987200000002,1.1417662800000001,7.35,78.889999,-3.92,1770467873.357752
2.50614108,2.82688884,3.7532275200000003,1.4,116.199997,-4.97,1770467873.365764
2.78619696,2.5109283600000003,6.81708672,-7.91,155.259995,-7.49,1770467873.373779
2.69763228,1.71384624,9.41657976,-10.85,196.070007,-10.99,1770467873.381781
2.1662442,0.6031972800000001,11.901178080000001,-3.15,231.139999,-13.37,1770467873.389795
0.81623124,-0.07659648000000001,15.19243308,9.66,262.290009,-11.69,1770467873.397822
-1.8670392,0.65107008,19.546464240000002,18.690001,280.980011,-9.87,1770467873.405772
-5.31866808,1.60852608,24.98481432,9.17,278.459991,-3.99,1770467873.41376
-7.76257452,0.28244952,27.093611160000002,8.33,242.339996,10.08,1770467873.421766
-9.86658408,-0.53378172,23.59650312,18.620001,181.369995,37.240002,1770467873.429796
-13.504916880000001,-3.7484402400000003,18.9456606,3.78,131.25,26.879999,1770467873.437817
-12.207564,-2.59470576,14.661045,-5.46,79.379997,13.23,1770467873.445761
-11.58282396,-2.6569404000000003,13.320606600000001,-11.27,38.43,8.26,1770467873.453731
-11.09212776,-2.4319382400000005,13.464225,-14.98,9.45,-4.83,1770467873.461768
-10.4961114,-2.02741308,13.27991472,-23.450001,-4.9,-14.98,1770467873.469774
-9.710997480000001,-1.70666532,11.965806360000002,-33.880001,-10.78,-27.51,1770467873.47781
-8.844499800000001,-1.4122476000000002,10.132278120000002,-46.689999,-15.33,-39.41,1770467873.485757
-7.86789468,-1.0723507200000002,8.3897082,-55.650002,-18.690001,-49.630001,1770467873.493758
-6.75485208,-0.71569836,7.061238,-56.07,-26.25,-54.389999,1770467873.501779
-5.869205280000001,-0.38776968,5.96973816,-45.57,-35.139999,-60.41,1770467873.509762
-5.048186760000001,0.01436184,5.07691044,-32.970001,-46.549999,-63.07,1770467873.517803
-4.33488204,0.5050580400000001,4.32291384,-19.25,-57.119999,-65.940002,1770467873.525791
-3.64312008,1.0340524800000002,3.57370452,-6.86,-67.059998,-67.970001,1770467873.533763
-2.9585390400000002,1.6516116,2.85800616,5.67,-78.400002,-64.120003,1770467873.541767
-2.2619898000000003,2.5300774800000005,2.5228965600000004,16.870001,-88.550003,-61.740002,1770467873.549761
-1.7497508400000001,3.16678572,2.5300774800000005,29.33,-97.370003,-61.669998,1770467873.557769
-1.555866,3.8417922000000004,2.5540138800000003,41.23,-99.120003,-63.98,1770467873.565791
-0.58404816,4.41387216,2.27874528,54.669998,-102.410004,-52.080002,1770467873.573762
1.18724544,4.952441159999999,2.38406544,80.849998,-118.089996,-20.58,1770467873.581763
1.20400092,4.9548348,2.75507964,98.07,-120.959999,-1.26,1770467873.589775
1.26623556,4.9428666,3.0159864,106.889999,-118.089996,15.68,1770467873.597953
1.2805974,5.036218560000001,3.470778,101.290001,-106.190002,21.07,1770467873.605786
1.1130426000000002,5.119995960000001,4.385148480000001,78.82,-86.099998,30.379999,1770467873.613763
0.8377740000000001,5.227709760000001,5.924259,45.779999,-44.310001,31.780001,1770467873.621792
0.66064464,4.6915344,8.0426304,16.799999,14.63,33.110001,1770467873.629763
-0.08617104,3.4851398400000004,10.752230879999999,-5.11,82.529999,32.41,1770467873.637792
-1.8742201200000002,2.05374312,13.787366400000002,-17.709999,142.800003,20.370001,1770467873.645816
-4.5718524,0.7707520800000001,17.2701126,-19.110001,193.130005,6.16,1770467873.653743
-6.7500648000000005,0.15079932000000001,19.955776680000003,-6.65,215.389999,5.39,1770467873.661759
-12.269798640000001,-2.86997436,21.698346600000004,-10.01,229.179993,-3.22,1770467873.669759
-14.613172200000001,-3.61918368,19.620667080000004,-11.13,183.820007,-16.24,1770467873.677793
-16.64058528,-4.89978108,18.26107956,-6.79,109.059998,-22.26,1770467873.685868
-16.82489556,-5.29233804,16.99005672,-9.1,21.629999,-21.84,1770467873.693759
-15.005729160000001,-5.0984532,16.03499436,-15.33,-65.730003,-27.860001,1770467873.701771
-11.9921364,-4.40190396,15.04642104,-20.860001,-136.850006,-30.870001,1770467873.709774
-8.6290722,-3.4899271200000004,13.81848372,-24.780001,-182.839996,-33.599998,1770467873.717754
-5.36654088,-2.5851311999999997,12.779643960000001,-32.689999,-209.509995,-31.57,1770467873.725923
-2.4750237600000005,-1.62528156,11.70729324,-42.419998,-221.410004,-27.65,1770467873.733752
-0.18670392000000002,-0.67500648,10.20169368,-52.009998,-222.600006,-17.99,1770467873.741757
1.10825532,0.09095832000000001,8.15752512,-59.009998,-212.729996,-8.12,1770467873.749764
1.13937264,0.42846156,6.0559092,-54.18,-189.070007,-6.86,1770467873.757744
3.3271596000000003,0.26569404,4.7154708,-55.790001,-186.410004,1.89,1770467873.765757
3.48035256,2.6449722,2.7263559600000002,-30.1,-172.619995,26.110001,1770467873.773876
3.40614972,2.74311144,1.9556038800000002,-18.34,-157.080002,37.73,1770467873.781752
3.4827462000000002,2.8603998,1.2255436800000001,-10.99,-140.0,38.57,1770467873.789986
3.5976409200000004,3.1237002,0.67740012,-4.55,-121.239998,42.98,1770467873.798076
3.5210444400000003,3.26971224,0.35425872,0.0,-98.559998,38.009998,1770467873.805767
3.42529884,3.2242330800000003,0.016755480000000003,12.32,-70.0,32.41,1770467873.813768
3.1691793600000002,2.9202408,-0.13643748,28.0,-38.080002,26.040001,1770467873.821765
3.04710372,2.63779128,0.17473572,44.869999,-1.12,14.91,1770467873.829785
3.03274188,2.64257856,1.4433649200000003,59.5,36.540001,12.11,1770467873.837848
3.1811475600000003,2.8484316,3.09497652,62.23,75.110001,3.71,1770467873.845765
3.30561684,3.20269032,4.98355848,59.639999,113.190002,-3.5,1770467873.853778
3.3989688000000005,3.4013624399999998,7.20246276,51.869999,149.169998,-4.55,1770467873.861762
3.15481752,3.21705216,9.12455568,36.68,183.820007,-9.24,1770467873.869804
2.4127891200000002,2.6736958800000004,10.89345564,24.57,215.25,-13.3,1770467873.877754
1.25426736,1.69469712,13.01422068,14.07,242.130005,-13.23,1770467873.885761
-0.6223464,1.09389348,16.11637812,9.8,266.700012,-7.21,1770467873.893758
-3.34152144,1.2925655999999999,21.59781372,4.13,277.339996,-2.52,1770467873.901884
-5.845268880000001,0.10053288,25.44678684,-0.98,262.149994,10.78,1770467873.909758
-7.595019720000001,-1.2853846800000002,24.053688360000002,6.58,216.929993,35.91,1770467873.917765
-9.76365756,-1.48166316,19.668539880000004,5.53,159.389999,56.77,1770467873.925767
-12.166872119999999,-3.8824840800000002,16.47063684,-12.88,123.059998,37.029999,1770467873.933777
-12.042402840000001,-4.68195984,14.27088168,-16.1,83.93,21.559999,1770467873.941845
-12.1836276,-4.287009240000001,13.47379956,-19.530001,54.459999,11.55,1770467873.949762
-11.953838160000002,-3.410937,12.87538956,-21.42,32.759998,-2.94,1770467873.957743
-11.05622316,-2.10161592,11.8245816,-25.48,19.110001,-23.799999,1770467873.965762
-9.6583374,-0.57207996,10.295045640000001,-24.780001,5.88,-36.82,1770467873.974029
-8.10965232,0.67740012,8.86125528,-18.34,-8.75,-50.540001,1770467873.982248
-6.989428800000001,1.3165020000000003,7.66204164,-14.0,-24.219999,-57.82,1770467873.990082
-6.1755912,1.4936313600000002,6.54899904,-19.040001,-39.200001,-58.380001,1770467873.997878
-5.40723276,1.74017628,5.562819360000001,-22.120001,-52.080002,-60.200001,1770467874.005778
-4.5886078800000005,1.93645476,4.66281072,-23.799999,-64.889999,-59.639999,1770467874.013763
-3.76040844,1.96757208,3.82743036,-21.209999,-74.129997,-60.970001,1770467874.021763
-3.09497652,2.25720252,3.0399228000000003,-17.360001,-83.650002,-54.669998,1770467874.029955
-2.47023648,2.18539332,2.5300774800000005,-13.79,-90.510002,-53.549999,1770467874.037801
-1.77368724,2.41997004,2.1159777600000003,-10.22,-95.900002,-46.48,1770467874.045771
-1.1489472,2.79577152,1.8263473200000002,-2.94,-101.010002,-42.349998,1770467874.053752
-0.81862488,2.6617276800000003,1.72820808,8.33,-108.290001,-45.57,1770467874.061763
-0.33271596000000003,2.79098424,1.5151741200000002,19.32,-106.120003,-41.580002,1770467874.069762
1.62528156,3.7053547200000003,1.40267304,52.779999,-121.099998,-21.49,1770467874.077779
1.8670392,3.97822968,2.26677708,68.949997,-124.879997,9.31,1770467874.085771
1.8574646400000001,4.0452516,3.0040182,85.959999,-116.269997,11.41,1770467874.093757
1.8766137600000001,4.191263640000001,4.40190396,90.440002,-88.550003,20.65,1770467874.101769
1.7306017200000001,4.61254428,6.55378632,78.82,-39.34,26.809999,1770467874.109777
1.59895152,5.09127228,8.6051358,61.110001,23.73,30.52,1770467874.117761
0.7611775199999999,5.00510124,10.204087320000001,42.349998,90.510002,37.450001,1770467874.125763
-1.1010744000000001,4.06679436,12.257830440000001,25.690001,146.720001,31.360001,1770467874.133759
-4.17450816,3.2553504,15.833928600000002,9.24,198.589996,16.309999,1770467874.141757
-6.666287400000001,2.26917072,18.998320680000003,7.91,230.160004,-2.59,1770467874.149752
-10.295045640000001,1.20400092,21.078393840000004,20.09,237.020004,1.4,1770467874.157729
-13.976463960000002,-1.2255436800000001,20.2980672,14.0,210.070007,-1.68,1770467874.165753
-16.645372560000002,-3.36067056,18.18687672,3.64,140.419998,-15.19,1770467874.173795
-17.48314656,-4.99792032,16.693245360000002,7.07,52.990002,-20.65,1770467874.181757
-16.48260504,-5.7447360000000005,16.08047352,-4.97,-35.560001,-24.290001,1770467874.189757
-13.72513176,-5.86202436,15.809992200000002,-11.13,-113.120003,-33.740002,1770467874.197749
-10.35967392,-5.445531000000001,15.024878280000001,-16.66,-171.149994,-36.470001,1770467874.20576
-6.8362358400000005,-4.82797188,14.08896504,-27.58,-204.050003,-38.43,1770467874.213754
-3.6143964,-3.84897312,13.160232720000002,-36.959999,-222.949997,-37.869999,1770467874.221755
-1.04841432,-2.15666964,11.877241680000001,-46.48,-226.660004,-33.040001,1770467874.229756
0.7563902400000001,-0.50984532,10.340524799999999,-51.169998,-219.169998,-25.059999,1770467874.237753
1.2925655999999999,0.63910188,8.73199872,-50.889999,-198.869995,-20.23,1770467874.245752
1.48645044,0.8856468000000001,7.19049456,-51.099998,-167.509995,-22.889999,1770467874.253785
4.87823832,5.28036984,4.40908488,-35.209999,-167.509995,7.84,1770467874.261887
3.7077483600000005,3.48753348,3.9590805600000003,-16.030001,-149.660004,21.139999,1770467874.269789
3.6143964,3.35348964,3.0782210400000003,-4.55,-134.75,32.759998,1770467874.277748
3.4731716400000003,3.3271596000000003,2.24284068,3.85,-117.879997,33.669998,1770467874.285739
3.4348734000000003,3.23380764,1.555866,13.09,-99.68,32.970001,1770467874.293754
3.2912550000000005,3.1332747600000004,0.8617104000000001,19.530001,-78.470001,30.030001,1770467874.301779
2.98486908,2.86518708,0.09813924000000002,24.290001,-54.25,25.129999,1770467874.309859
2.6569404000000003,2.53965204,-0.5026644,25.969999,-26.879999,19.950001,1770467874.317783
2.50853472,2.35055448,-0.8090503200000001,30.309999,1.33,14.77,1770467874.325761
2.5827375600000004,2.23565976,-0.40213152,29.190001,33.810001,9.1,1770467874.333766
2.84364432,2.30268168,0.7539966,28.84,67.620003,5.81,1770467874.341764
3.17396664,2.59231212,3.0255609600000004,24.43,106.120003,2.66,1770467874.349794
3.5330126400000004,2.82210156,6.34793328,20.790001,145.320007,0.77,1770467874.357746
3.60721548,2.56358844,8.99051184,14.35,187.039993,-3.85,1770467874.365762
3.05428464,1.69469712,10.711539000000002,14.35,228.270004,-5.67,1770467874.373757
1.79523,0.87846588,13.16980728,21.559999,263.130005,-3.36,1770467874.381762
-0.07899012000000001,0.8114439600000001,16.58553156,27.440001,288.679993,2.38,1770467874.389775
-3.2912550000000005,1.8119854800000001,21.937710600000003,22.889999,295.820007,7.84,1770467874.397904
-6.50591352,1.63006884,25.6957254,9.87,281.26001,12.81,1770467874.405761
-8.49981564,0.37819512000000005,23.38825644,4.83,233.380005,33.740002,1770467874.413764
-10.78574184,0.038298240000000004,17.48075292,-3.01,174.789993,50.400002,1770467874.421747
-13.35411756,-2.96332632,14.103326880000001,-29.049999,136.289993,23.870001,1770467874.4298
-13.05251892,-4.2128064,12.48043896,-32.900002,96.529999,12.88,1770467874.437789
-13.327787520000001,-4.5886078800000005,12.65517468,-29.959999,66.989998,2.8,1770467874.445762
-13.44746952,-4.11466716,12.908900520000001,-33.529999,42.630001,-12.25,1770467874.453751
-12.6623556,-2.9417835599999997,12.21474492,-36.470001,22.75,-25.76,1770467874.461768
-11.278831680000001,-1.5223550399999999,10.64451708,-39.34,3.92,-36.330002,1770467874.469765
-9.859403160000001,-0.299205,9.04077828,-38.43,-18.549999,-48.16,1770467874.477852
-8.39210184,0.48590892,7.64049888,-33.740002,-37.66,-59.290001,1770467874.485766
-6.84102312,0.91437048,6.589690920000001,-23.450001,-56.279999,-63.91,1770467874.493754
-5.41680732,1.3428320400000002,5.7207996,-9.24,-74.690002,-68.599998,1770467874.501738
-4.19365728,1.6851225600000002,5.0505804,3.43,-88.620003,-66.709999,1770467874.509774
-3.0375291600000005,2.24284068,4.44977676,21.77,-99.75,-67.900002,1770467874.517759
-2.28831984,2.9202408,3.93514416,39.759998,-109.129997,-64.120003,1770467874.525761
-1.7425699200000002,3.27449952,3.6526946400000004,53.200001,-115.080002,-65.029999,1770467874.533856
-1.49841864,3.57370452,3.43726704,65.519997,-118.160004,-67.480003,1770467874.541782
-0.6031972800000001,3.9973788000000003,2.99923092,72.239998,-118.300003,-58.73,1770467874.549772
2.03698764,5.39526456,2.59470576,85.190002,-137.199997,-41.299999,1770467874.557745
1.1417662800000001,4.5000432,2.4415128,90.160004,-146.300003,-20.23,1770467874.565763
1.4002794,4.2104127600000005,1.9556038800000002,83.440002,-151.410004,-6.44,1770467874.573787
1.48645044,3.9973788000000003,1.37873664,70.769997,-147.839996,6.72,1770467874.581765
1.61331336,3.9327505200000004,1.2901719600000001,49.630001,-131.179993,17.92,1770467874.58977
1.65879252,4.0691880000000005,1.94842296,25.200001,-95.199997,26.459999,1770467874.597755
1.62528156,4.129029,3.87290952,4.34,-38.639999,30.73,1770467874.605771
1.43139672,3.7939194,6.71655384,-9.24,36.75,31.99,1770467874.613769
0.44521704,3.22183944,10.25435376,-13.65,122.43,29.049999,1770467874.621826
-1.34761932,2.25241524,14.120082360000001,-15.33,200.059998,21.98,1770467874.629759
-4.51440504,1.1417662800000001,18.06240744,-14.91,264.950012,9.66,1770467874.637753
-7.511242320000001,0.70373016,20.2142898,-4.55,294.910004,9.73,1770467874.645771
-13.564757880000002,-2.10400956,21.868295040000003,-10.99,305.339996,9.31,1770467874.653762
-17.30122992,-3.8298240000000003,19.55125152,-19.110001,248.5,-14.35,1770467874.661751
-20.34594,-5.531702040000001,17.78953248,-23.450001,150.919998,-9.45,1770467874.669866
-21.1597776,-6.546605400000001,16.02302616,-31.43,36.540001,-21.139999,1770467874.677784
-19.40284584,-7.0373016,14.969824560000001,-38.150002,-74.760002,-25.27,1770467874.685757
-15.52036176,-6.3383587200000004,14.340297240000002,-39.41,-160.440002,-30.24,1770467874.69376
-11.489472000000001,-4.94047296,13.46661864,-39.200001,-218.539993,-35.560001,1770467874.701953
-7.64528616,-3.3343405200000005,12.61687644,-42.209999,-249.270004,-34.23,1770467874.709757
-4.28222196,-1.58698332,11.668995,-45.57,-261.940002,-35.98,1770467874.717754
-1.68272892,0.10771380000000001,10.283077440000001,-50.68,-261.029999,-28.629999,1770467874.725762
0.09813924000000002,1.50559956,8.581199400000001,-50.330002,-251.509995,-23.59,1770467874.733928
0.6462827999999999,2.0298067200000003,6.93676872,-50.68,-233.729996,-24.99,1770467874.74176
0.7922948400000001,2.88194256,5.06733588,-45.990002,-211.259995,-24.709999,1770467874.749777
3.22662672,4.33727568,3.5569490400000006,-23.59,-212.869995,15.89,1770467874.757747
3.3032232,4.246317360000001,2.6856640800000005,-16.309999,-203.839996,24.780001,1770467874.765756
3.3965751600000003,3.94711236,1.8119854800000001,-14.21,-192.850006,33.950001,1770467874.773815
3.65748192,3.7484402400000003,1.04841432,-12.25,-178.779999,31.43,1770467874.78177
3.83221764,3.5665236,0.35904600000000003,-7.0,-161.630005,30.870001,1770467874.789753
3.8824840800000002,3.20987124,-0.30877956,3.29,-138.110001,29.049999,1770467874.797753
3.7484402400000003,2.7766224000000004,-0.98378604,17.01,-111.860001,25.549999,1770467874.805772
3.5856727200000003,2.44390644,-1.2063945600000001,31.57,-80.010002,19.530001,1770467874.81376
3.7005674400000004,2.25959616,-0.58883544,45.919998,-43.259998,14.7,1770467874.821922
4.1050926,2.4319382400000005,0.7348474800000001,53.41,-3.71,10.29,1770467874.829767
4.57663968,2.75507964,2.64736584,53.549999,37.73,7.91,1770467874.837762
4.99313304,2.90109168,4.98355848,47.669998,79.940002,6.44,1770467874.845765
5.155900560000001,2.80295244,7.56868968,36.119999,124.949997,6.79,1770467874.853801
4.97159028,2.4032145600000003,9.749295720000001,30.799999,170.380005,0.0,1770467874.861767
4.416265800000001,1.52714232,11.475110160000002,28.35,214.690002,-4.48,1770467874.869755
3.5569490400000006,0.16037388000000002,13.583907000000002,34.02,254.800003,-5.53,1770467874.877758
1.8574646400000001,-0.42128064000000004,16.82010828,45.57,290.5,3.43,1770467874.885752
-0.36143964000000006,0.07899012000000001,22.67495172,44.240002,310.23999,9.1,1770467874.893797
-3.0877956,-1.2255436800000001,27.13909032,33.110001,303.660004,21.77,1770467874.901937
-5.41920096,-1.91012472,25.355828520000003,28.35,266.700012,44.380001,1770467874.909758
-7.51842324,-1.8957628800000002,21.28664052,22.889999,203.0,60.060001,1770467874.917806
-11.03228676,-4.53355416,17.45442288,-0.63,182.279999,41.369999,1770467874.925783
-11.140000559999999,-4.535947800000001,14.3379036,-7.07,144.410004,22.540001,1770467874.933756
-11.779102439999999,-3.84418584,13.23922284,-7.42,118.230003,4.13,1770467874.941762
-12.147723000000001,-2.7359305199999997,12.904113240000001,-15.82,92.540001,-11.48,1770467874.949757
-11.970593640000002,-1.6037388,12.29612868,-23.799999,71.330002,-28.209999,1770467874.957853
-11.314736280000002,-0.62713368,10.81446552,-37.099998,52.290001,-37.52,1770467874.965759
-10.3046202,0.07899012000000001,8.81577612,-46.549999,26.6,-44.66,1770467874.974512
-9.26578044,0.67740012,7.07081256,-54.740002,3.01,-51.310001,1770467874.9819
-8.25087708,0.8736786000000001,5.73037416,-54.669998,-21.209999,-58.169998,1770467874.98997
-7.21443096,1.04841432,4.87345104,-50.400002,-41.02,-59.639999,1770467874.99777
-6.134899320000001,1.2255436800000001,4.19844456,-39.549999,-59.290001,-60.619999,1770467875.005773
-5.17504968,1.58937696,3.4396606800000002,-26.110001,-72.309998,-61.32,1770467875.013722
-4.25589192,2.1207650399999998,2.75747328,-10.08,-83.650002,-59.43,1770467875.021807
-3.40375608,2.77901604,2.31464988,4.55,-94.639999,-56.700001,1770467875.029792
-2.8244952000000003,3.20987124,2.06092404,15.54,-104.790001,-55.369999,1770467875.03777
-2.4343318800000002,3.74125932,1.9149120000000002,22.540001,-113.120003,-59.849998,1770467875.045768
-1.32128928,4.658023440000001,1.6228879200000002,32.34,-119.980003,-49.209999,1770467875.053777
0.6079845600000001,6.0152173200000005,1.39309848,48.02,-140.910004,-36.75,1770467875.061892
1.07474436,5.61069216,1.855071,61.880001,-154.070007,-14.7,1770467875.069805
1.36916208,5.505372,2.10400956,72.449997,-159.529999,0.49,1770467875.077761
1.63246248,5.2253161200000005,2.40082092,76.650002,-154.070007,13.79,1770467875.085752
1.855071,5.072123160000001,3.20987124,66.639999,-132.509995,23.66,1770467875.09375
1.98193392,5.27558256,4.83036552,46.619999,-90.160004,32.200001,1770467875.101827
2.21172336,5.58436212,6.7500648000000005,21.84,-27.790001,40.25,1770467875.109761
2.15188236,5.251646160000001,8.796627,3.01,43.959999,45.43,1770467875.117755
1.1369790000000002,4.20801912,10.89584928,-12.74,111.93,45.220001,1770467875.125751
-0.9694242000000001,3.1404556800000005,14.26130712,-21.559999,178.289993,35.77,1770467875.133736
-4.68195984,1.8311346,18.4429962,-21.98,242.899994,13.79,1770467875.141768
-6.55378632,0.3829824,21.461376240000003,-7.77,269.079987,14.49,1770467875.149791
-10.05807528,-0.5146326,20.79594432,-5.46,250.039993,25.129999,1770467875.157773
-14.720886,-3.6000345600000005,18.8858196,-16.24,201.809998,9.31,1770467875.165762
-16.6836708,-5.53648932,16.62861708,-15.68,125.720001,7.49,1770467875.173753
-17.33952816,-6.534637200000001,15.319296000000001,-17.219999,36.189999,-1.05,1770467875.181755
-16.04456892,-6.6734683200000005,14.627534040000002,-17.219999,-52.990002,-12.81,1770467875.189755
-13.15065816,-5.929046280000001,13.942953000000001,-17.99,-128.449997,-22.120001,1770467875.197747
-9.73493388,-4.76573724,13.03576344,-14.91,-177.520004,-27.860001,1770467875.205802
-6.3287841600000005,-3.2936486400000002,12.157297560000002,-15.68,-204.399994,-30.24,1770467875.213736
-3.51386352,-1.75693176,11.2022352,-16.940001,-217.490005,-29.190001,1770467875.221755
-1.21836276,-0.18431028,9.888126840000002,-25.48,-218.330002,-19.67,1770467875.229759
0.28005588000000003,1.08671256,8.143163280000001,-34.23,-209.649994,-10.22,1770467875.237751
0.7300602,1.4577267600000001,6.60405276,-38.639999,-193.410004,-4.06,1770467875.245755
0.8736786000000001,1.14655356,5.18701788,-43.540001,-169.539993,-6.86,1770467875.253754
3.6909928800000005,2.94896448,3.5976409200000004,-37.450001,-161.630005,11.13,1770467875.261767
2.8795489200000004,2.2859262,3.0925828799999997,-29.33,-145.320007,29.75,1770467875.269852
2.96571996,2.20693608,2.46066192,-21.42,-130.550003,33.669998,1770467875.277757
2.9082726,2.29310712,1.91012472,-16.309999,-115.639999,38.779999,1770467875.28574
2.91305988,2.333799,1.4912377200000002,-8.47,-97.790001,37.029999,1770467875.293753
2.90587896,2.09204136,1.18724544,6.09,-77.07,34.439999,1770467875.301799
2.7885906000000005,1.58937696,0.83538036,22.120001,-50.889999,28.700001,1770467875.309916
2.62821672,1.3093210800000001,0.5505372000000001,38.779999,-25.9,22.049999,1770467875.317755
2.73114324,1.37873664,1.00772244,53.549999,3.78,17.709999,1770467875.325764
3.0183800400000003,1.73299536,2.24284068,56.560001,36.049999,13.09,1770467875.333762
3.30561684,2.36252268,4.30615836,55.23,70.0,12.25,1770467875.34177
3.6455137200000003,2.8675807200000003,7.16655816,41.09,107.309998,7.91,1770467875.349835
3.67902468,2.75747328,9.380675160000001,23.52,147.070007,8.05,1770467875.35774
3.0734337600000003,1.82874096,10.55116512,14.77,183.960007,8.19,1770467875.365764
2.08486044,0.897615,12.355969680000001,11.48,217.070007,13.44,1770467875.373771
0.7851139200000001,0.7300602,15.50599992,13.86,244.020004,15.33,1770467875.381888
-1.10825532,1.4337903600000002,20.45126016,9.8,258.929993,17.57,1770467875.389766
-3.15003024,0.8138376,24.350499720000002,1.47,251.229996,28.84,1770467875.397751
-5.51494656,-0.70133652,24.372042480000005,0.77,219.309998,44.59,1770467875.405781
-6.75485208,-0.95506236,20.64035772,1.89,166.600006,62.580002,1770467875.413902
-9.9575424,-2.20932972,17.392188240000003,-6.51,139.089996,69.440002,1770467875.421759
-10.498505040000001,-3.01119912,14.459979240000001,-24.92,119.07,27.16,1770467875.429781
-10.44584496,-3.2673186000000003,13.19853096,-23.66,98.839996,9.73,1770467875.437756
-10.60861248,-2.9322090000000003,12.8299104,-26.530001,85.260002,-3.92,1770467875.445765
-10.658878920000001,-2.39603364,12.2554368,-30.309999,70.769997,-22.469999,1770467875.453759
-10.1969064,-1.4577267600000001,11.12803236,-39.549999,56.84,-31.99,1770467875.46177
-9.605677320000002,-0.36383328000000004,9.54822996,-46.759998,38.779999,-40.529999,1770467875.469901
-8.90194716,0.26808768000000005,8.20300428,-52.779999,18.549999,-48.16,1770467875.477764
-8.068960440000001,0.54574992,7.097142600000001,-52.779999,-0.56,-51.099998,1770467875.485769
-7.152196320000001,0.89282772,6.0583028400000005,-44.450001,-19.110001,-53.759998,1770467875.493784
-6.2354322,1.16809632,5.22292248,-30.24,-34.439999,-55.439999,1770467875.501793
-5.158294199999999,1.59895152,4.30376472,-14.14,-50.049999,-57.75,1770467875.509775
-4.277434680000001,2.02501944,3.3989688000000005,3.57,-66.360001,-57.610001,1770467875.517759
-3.31758504,2.4726301200000003,2.65454676,23.450001,-78.400002,-59.220001,1770467875.525752
-2.4893856,2.90348532,2.3577354,44.099998,-90.089996,-57.189999,1770467875.533775
-2.0202321600000004,3.1356684,2.3912463600000002,61.669998,-98.0,-60.27,1770467875.54178
-1.4673013200000002,3.7029610800000006,2.4343318800000002,75.739998,-98.980003,-60.900002,1770467875.549767
-0.29202408,4.44977676,2.34097992,89.110001,-104.580002,-50.889999,1770467875.557742
0.84016764,4.600576080000001,2.5372584,98.980003,-126.769997,-20.09,1770467875.565762
1.03165884,4.62929976,2.4798110400000004,96.879997,-132.300003,-3.5,1770467875.573764
1.03165884,4.41865944,2.25959616,81.410004,-128.100006,16.17,1770467875.581865
0.97181784,4.2008382,2.33619264,58.66,-111.440002,27.16,1770467875.589768
0.8377740000000001,4.1649336,3.05907192,36.68,-76.860001,36.540001,1770467875.597757
0.7228792800000001,4.2319555200000005,4.51679868,16.66,-21.139999,38.220001,1770467875.605785
0.50984532,3.8393985600000002,6.4795834800000005,3.08,50.049999,34.439999,1770467875.613759
-0.51223896,2.7766224000000004,9.35195148,-8.12,123.760002,34.09,1770467875.62176
-2.3984272800000004,1.56544056,12.49958808,-13.09,191.520004,24.15,1770467875.629781
-4.8351528,0.40213152,16.1929746,-2.31,251.089996,15.82,1770467875.637809
-7.92773568,-0.21542760000000002,19.615879800000002,24.219999,281.470001,20.65,1770467875.645756
-14.68258776,-3.88009044,21.71270844,22.540001,300.230011,10.5,1770467875.653768
-17.45681652,-4.602969720000001,19.814551920000003,21.0,241.710007,7.49,1770467875.661774
-20.05630956,-5.64420312,18.167727600000003,13.44,147.979996,4.06,1770467875.669759
-20.60205948,-6.10138836,16.45148772,-3.78,35.0,-3.71,1770467875.677819
-18.6584238,-6.22585764,15.29296596,-16.450001,-79.800003,-16.73,1770467875.685793
-15.08471928,-5.49101016,14.617959480000001,-30.1,-162.330002,-13.37,1770467875.693817
-11.24053344,-4.34924388,14.00997492,-36.330002,-213.080002,-21.0,1770467875.70175
-7.508848680000001,-3.0734337600000003,13.272733800000001,-46.200001,-239.539993,-21.35,1770467875.709779
-4.52876688,-1.8024109200000002,12.293735040000001,-54.32,-247.940002,-23.940001,1770467875.717759
-2.0106576,-0.5792608800000001,10.874306520000001,-59.57,-245.839996,-18.34,1770467875.725748
-0.09335196000000001,0.56729268,9.205939440000002,-60.41,-234.080002,-8.89,1770467875.733763
0.8210185200000001,1.42660944,7.4920932,-52.779999,-214.270004,-6.86,1770467875.741774
0.9287323200000001,1.39309848,6.242613120000001,-46.619999,-186.830002,-8.47,1770467875.749831
5.58675576,5.70643776,3.5856727200000003,-31.780001,-179.410004,5.11,1770467875.757744
3.08061468,4.8112164,3.47556528,-6.65,-173.110001,15.68,1770467875.765753
3.1332747600000004,5.07930408,2.76226056,2.87,-162.75,28.35,1770467875.773767
3.1476366,4.957228440000001,2.1183714,9.66,-152.669998,30.73,1770467875.781774
3.2002966800000006,4.7824927200000005,1.55347236,10.64,-140.070007,27.719999,1770467875.789857
3.1596048,4.44977676,1.02208428,10.43,-122.639999,29.049999,1770467875.797756
3.0351355200000003,3.9423250800000003,0.23457672000000002,12.81,-101.639999,21.07,1770467875.805775
2.7287496000000004,3.3917878800000003,-0.53138808,13.58,-77.769997,20.299999,1770467875.813792
2.7048132000000003,3.03274188,-0.9885733200000001,18.34,-50.470001,6.86,1770467875.821771
2.9106662400000003,2.9896563600000006,-0.80665668,19.67,-20.23,1.33,1770467875.829764
3.40614972,3.22183944,0.39973788,21.629999,16.799999,-3.71,1770467875.837788
4.21759368,3.51386352,2.9393899200000004,20.860001,56.98,-4.62,1770467875.845823
5.055367680000001,3.57370452,5.991280920000001,17.780001,99.959999,-4.2,1770467875.853768
5.41680732,2.9274217200000003,8.33944176,19.32,142.309998,-5.81,1770467875.861773
5.17265604,1.9771466400000002,10.03653252,23.870001,184.520004,-7.77,1770467875.869816
4.40190396,1.4002794,11.88681624,36.75,227.710007,-5.6,1770467875.877765
2.65454676,0.97181784,14.617959480000001,45.009998,267.609985,-2.73,1770467875.88576
-0.026330040000000002,1.50320592,18.691934760000002,42.630001,299.320007,2.66,1770467875.893767
-2.6689086000000004,1.9173056400000001,23.37628824,23.870001,314.790009,4.83,1770467875.901769
-5.2253161200000005,-0.0119682,25.20981648,7.35,299.950012,22.049999,1770467875.909792
-7.0420888800000006,-1.49841864,22.10047812,5.74,258.720001,49.700001,1770467875.917757
-9.773232120000001,-1.99150848,18.0360774,-1.33,206.639999,71.82,1770467875.92576
-12.66714288,-4.6747789200000005,15.024878280000001,-32.41,172.970001,30.17,1770467875.933764
-12.987890640000002,-5.68010772,13.23922284,-30.66,135.589996,28.700001,1770467875.941887
-13.404384000000002,-5.227709760000001,12.58815276,-30.1,101.080002,5.46,1770467875.949779
-13.2487974,-4.36360572,11.98734912,-31.290001,73.290001,-10.99,1770467875.957749
-12.336820560000001,-2.9202408,10.74504996,-31.01,50.189999,-25.129999,1770467875.965763
-11.0227122,-1.32368292,9.3471642,-27.790001,31.780001,-37.52,1770467875.974083
-9.58413456,-0.0478728,8.34901632,-20.65,14.28,-53.27,1770467875.981939
-8.2341216,1.02208428,7.53517872,-8.54,-1.33,-63.700001,1770467875.989987
-7.1162917199999995,1.8239536800000002,6.93916236,3.78,-12.46,-64.120003,1770467875.997763
-5.952982680000001,2.3768845200000004,6.30006048,19.32,-27.299999,-70.629997,1770467876.006083
-5.02425036,2.8005588,5.62266036,31.57,-39.130001,-64.470001,1770467876.013877
-4.428234000000001,3.2314140000000005,4.93329204,43.610001,-51.240002,-63.98,1770467876.02176
-3.9854106000000002,3.35827692,4.246317360000001,52.009998,-62.860001,-69.019997,1770467876.029779
-2.8963044,4.2606792,3.22662672,59.43,-73.989998,-56.91,1770467876.037799
-2.64736584,4.32770112,2.69523864,62.09,-88.550003,-46.619999,1770467876.045769
-2.13512688,4.45456404,2.22129792,59.009998,-102.129997,-34.509998,1770467876.053773
-1.6994844000000002,4.44259584,1.8000172800000003,53.830002,-114.730003,-27.65,1770467876.061834
-1.1992136400000002,4.308552,1.29974652,47.529999,-125.089996,-23.030001,1770467876.069831
-0.25851312000000004,4.66520436,0.8856468000000001,47.25,-132.089996,-17.43,1770467876.077756
1.08431892,4.9548348,0.74442204,47.880001,-139.720001,-4.27,1770467876.085755
0.66782556,4.7633436,1.09149984,41.860001,-129.220001,13.44,1770467876.093751
0.6031972800000001,4.70828988,1.94842296,30.59,-97.440002,22.959999,1770467876.101878
0.46436616000000003,4.67717256,3.9136014000000006,16.309999,-40.599998,33.18,1770467876.109813
0.03111732,4.2606792,6.82905492,4.76,36.330002,33.32,1770467876.117739
-0.99096696,3.1811475600000003,10.04850072,-11.9,116.620003,29.82,1770467876.125802
-2.74550508,1.71384624,13.08363624,-28.42,189.419998,22.889999,1770467876.133743
-5.1176023200000005,0.37580148,15.77169396,-34.299999,242.339996,17.57,1770467876.141751
-8.566837560000002,-0.1555866,17.58367944,-18.34,267.049988,20.860001,1770467876.149756
-15.424616160000001,-3.9566869200000006,19.26640836,-19.530001,283.570007,-9.24,1770467876.15773
-18.01453464,-5.34260448,18.41666616,-12.53,223.020004,-7.77,1770467876.165759
-20.90605176,-6.077451959999999,17.20309068,-15.12,125.860001,-9.38,1770467876.173748
-21.602601000000003,-6.90086412,15.642437400000002,-24.43,6.44,-11.55,1770467876.181816
-19.2328974,-7.2359737200000005,14.5174266,-28.91,-101.43,-15.05,1770467876.189756
-15.386317920000002,-6.36947604,14.09375232,-24.780001,-180.880005,-22.68,1770467876.197748
-11.23574616,-4.729832640000001,13.72273812,-21.98,-229.809998,-25.27,1770467876.205771
-7.4561886,-2.7766224000000004,13.320606600000001,-21.35,-252.630005,-31.01,1770467876.213769
-4.28222196,-0.9119768400000001,12.46368348,-23.59,-260.049988,-30.940001,1770467876.221811
-1.6420370400000002,0.58165452,11.010744,-27.440001,-253.610001,-26.950001,1770467876.229758
0.08617104,1.5079932,8.92588356,-30.030001,-242.759995,-18.549999,1770467876.237727
0.55293084,1.7210271600000002,6.92001324,-28.0,-219.309998,-18.34,1770467876.245754
0.7228792800000001,1.7306017200000001,4.9763775599999995,-24.219999,-191.940002,-20.58,1770467876.253758
2.6018866800000002,4.1338162800000005,3.13088112,-4.27,-186.759995,23.1,1770467876.261755
2.9202408,5.01706944,2.0704986,6.93,-179.479996,31.5,1770467876.26977
2.78619696,5.42398824,1.24948008,10.43,-170.309998,39.41,1770467876.277809
2.79337788,5.467073760000001,0.9454878,7.35,-158.759995,39.34,1770467876.285743
2.9369962800000002,5.19898608,0.8210185200000001,8.19,-146.089996,35.77,1770467876.293754
3.0973701600000005,4.784886360000001,0.57686724,11.41,-127.330002,32.549999,1770467876.301762
2.99683728,4.287009240000001,-0.016755480000000003,19.32,-105.629997,21.629999,1770467876.309823
2.8915171200000005,3.81306852,-0.4547916,31.360001,-79.309998,13.44,1770467876.317799
2.94657084,3.64312008,-0.44282340000000003,42.209999,-49.419998,3.57,1770467876.325797
3.1428493200000003,3.59046,0.25851312000000004,48.439999,-16.309999,-4.83,1770467876.333758
3.59046,3.6862056,1.63246248,45.639999,17.99,-13.37,1770467876.341761
3.98301696,3.88009044,3.6503010000000002,42.209999,54.389999,-19.25,1770467876.349795
4.289402880000001,3.8034939600000004,6.048728280000001,32.759998,93.309998,-18.690001,1770467876.357908
4.16253996,3.2553504,8.16949332,25.059999,137.619995,-19.32,1770467876.365757
3.6407264400000003,2.30507532,10.21844916,18.34,181.929993,-16.24,1770467876.373756
2.7766224000000004,1.31889564,12.997465200000002,11.9,224.070007,-8.33,1770467876.381761
1.1489472,0.76357116,16.951758480000002,3.43,254.940002,-4.34,1770467876.389755
-1.19442636,1.05080796,22.82814468,-7.98,278.25,-1.05,1770467876.397813
-3.37263876,0.27287496,27.25637868,-22.540001,283.920013,8.26,1770467876.405771
-5.7758533199999995,-2.154276,26.521531200000002,-16.59,266.140015,37.799999,1770467876.413799
-7.1450154,-2.5300774800000005,21.09275568,-1.54,220.779999,62.16,1770467876.421753
-12.40862976,-5.49101016,18.04565196,-11.83,189.139999,70.559998,1770467876.429814
-12.22910676,-5.34260448,13.68922716,-24.57,143.990005,33.950001,1770467876.438356
-12.64320648,-5.22292248,12.509162640000001,-31.43,111.160004,14.42,1770467876.446007
-12.82512312,-4.4258403600000005,12.552248160000001,-29.540001,83.089996,3.15,1770467876.454166
-12.300915960000001,-2.9872627200000004,12.329639640000002,-26.879999,62.23,-13.3,1770467876.461829
-11.21659704,-1.21836276,11.23574616,-22.68,42.630001,-27.299999,1770467876.469768
-10.02695796,0.28963044000000004,9.73493388,-17.57,21.91,-33.389999,1770467876.477753
-8.87082984,1.57501512,8.39210184,-12.53,3.36,-49.07,1770467876.4858
-7.599807000000001,2.4056082,7.4418267600000005,-5.39,-11.69,-55.09,1770467876.493903
-6.46761528,2.90109168,6.63277644,2.1,-23.799999,-55.93,1770467876.501745
-5.41680732,3.26492496,5.85963072,10.99,-36.049999,-56.139999,1770467876.509805
-4.600576080000001,3.2721058800000002,4.957228440000001,18.549999,-48.23,-52.220001,1770467876.517787
-4.04285796,3.1835412,3.9016332000000005,24.92,-61.880001,-52.990002,1770467876.525755
-3.5377999200000003,3.0447100799999998,2.8723680000000003,25.41,-73.57,-51.310001,1770467876.533743
-2.7598669200000003,3.6287582400000002,1.93406112,29.68,-88.410004,-44.799999,1770467876.541872
-2.3218308000000003,3.84418584,1.3883112000000002,29.540001,-101.220001,-43.889999,1770467876.549796
-1.70187804,4.0452516,0.9694242000000001,29.68,-114.940002,-46.27,1770467876.557758
-1.1848518000000001,3.84897312,0.84734856,27.860001,-126.07,-47.32,1770467876.565762
-0.3111732,4.29897744,0.65107008,32.34,-129.360001,-52.290001,1770467876.573755
2.0106576,5.02425036,0.60559092,46.619999,-142.940002,-26.389999,1770467876.581793
1.72581444,5.0505804,0.9981478800000001,55.02,-137.130005,-7.21,1770467876.589772
1.8431028,4.837546440000001,1.3308638400000001,53.619999,-118.860001,12.18,1770467876.597756
1.94842296,4.440202200000001,1.9412420400000001,44.869999,-84.559998,27.23,1770467876.605843
1.82874096,3.9734424,3.4396606800000002,35.560001,-29.959999,36.330002,1770467876.613773
1.35480024,3.38460696,5.749523280000001,23.73,45.009998,45.43,1770467876.621783
0.38776968,2.38406544,8.4495492,8.68,126.559998,42.560001,1770467876.629766
-1.4936313600000002,1.25426736,11.45117376,-9.24,201.600006,43.330002,1770467876.637788
-4.29897744,0.25851312000000004,14.85014256,-27.65,266.48999,28.700001,1770467876.645766
-6.438891600000001,-0.37580148,17.4496356,-26.110001,308.48999,26.6,1770467876.653762
-12.805973999999999,-3.4013624399999998,20.2382262,-4.69,351.679993,39.130001,1770467876.661815
-16.2528156,-5.57239392,19.79779644,-4.41,329.0,26.6,1770467876.669758
-20.5972722,-6.1755912,18.13900392,-1.89,241.5,23.870001,1770467876.677769
-22.96936944,-6.256974960000001,16.269571080000002,-14.14,121.940002,18.76,1770467876.685903
-22.57920612,-6.060696480000001,14.70413052,-25.549999,-3.64,8.54,1770467876.693797
-19.10842812,-4.952441159999999,14.0147622,-23.24,-117.529999,0.98,1770467876.701761
-15.029665560000002,-3.1596048,13.64614164,-19.18,-190.539993,-5.88,1770467876.709808
-11.2142034,-1.6037388,13.10278536,-18.34,-228.690002,-16.59,1770467876.717759
-7.6357116000000005,-0.23936400000000002,12.358363319999999,-19.459999,-244.509995,-24.5,1770467876.725762
-4.741800840000001,1.02208428,11.28361896,-21.559999,-244.860001,-28.629999,1770467876.733757
-2.154276,1.8478900800000002,9.859403160000001,-21.91,-237.160004,-24.360001,1770467876.74185
-0.32792868000000003,2.33619264,8.17667424,-21.35,-225.889999,-18.549999,1770467876.749795
0.13643748,2.31225624,6.67107468,-14.35,-206.220001,-16.73,1770467876.757764
0.48590892,2.7167814000000003,5.043399480000001,-6.58,-182.139999,-18.129999,1770467876.765765
2.9872627200000004,4.622118840000001,3.63354552,10.22,-188.509995,10.08,1770467876.773809
2.752686,5.50297836,2.99923092,18.200001,-174.649994,28.07,1770467876.78185
2.86518708,5.74234236,2.3768845200000004,16.799999,-160.860001,29.959999,1770467876.789761
2.94896448,5.89553532,1.6851225600000002,12.88,-148.539993,25.9,1770467876.797757
3.05907192,5.7088314,1.01969064,10.64,-134.75,27.719999,1770467876.805747
3.1237002,5.3019126000000005,0.27048132,10.36,-118.019997,17.360001,1770467876.813772
3.02316732,4.86627012,-0.44282340000000003,11.55,-97.230003,13.58,1770467876.821867
2.9872627200000004,4.591001520000001,-1.18724544,13.3,-70.699997,2.1,1770467876.829776
3.09497652,4.607757,-1.38352392,14.63,-37.450001,0.42,1770467876.837758
3.41333064,4.7154708,-0.79947576,10.78,2.66,-1.26,1770467876.845761
3.8298240000000003,4.7824927200000005,0.9478814400000001,7.07,48.439999,-1.26,1770467876.853762
4.416265800000001,4.66999164,3.87530316,3.22,97.510002,0.35,1770467876.861902
4.59339516,4.18647636,6.460434360000001,-2.45,148.960007,0.49,1770467876.869771
3.9447187200000005,3.0351355200000003,8.5333266,-0.63,201.460007,11.41,1770467876.877762
2.6234294400000002,1.9627848,11.4415992,-5.74,250.460007,15.12,1770467876.885765
0.63910188,1.4146412400000001,14.94588816,-15.54,291.899994,21.98,1770467876.893796
-2.03698764,0.8090503200000001,19.7834346,-27.23,322.279999,18.83,1770467876.901773
-5.964950880000001,0.21064032000000002,25.91594028,-38.360001,344.470001,19.040001,1770467876.909811
-7.9923639600000005,-2.1782124,26.499988440000003,-36.189999,327.390015,38.009998,1770467876.917764
-11.082553200000001,-3.36545784,20.48237748,-24.780001,273.559998,68.110001,1770467876.925854
-15.10865568,-7.0301206800000005,14.70413052,-39.970001,214.059998,43.330002,1770467876.933769
-15.34083876,-8.12401416,11.6211222,-35.91,149.520004,26.67,1770467876.941769
-15.81956676,-7.66204164,11.41048188,-26.74,84.419998,18.059999,1770467876.949765
-15.441371640000002,-5.979312720000001,12.61208916,-13.44,36.400002,6.93,1770467876.957807
-14.02912404,-3.58327908,12.975922440000002,-6.65,7.0,-7.0,1770467876.96576
-12.00649824,-1.08192528,12.03761556,-3.57,-17.360001,-22.82,1770467876.974512
-9.99823428,0.88085952,10.47696228,-0.56,-31.219999,-34.369999,1770467876.98207
-8.34422904,2.10879684,9.11737476,3.08,-38.990002,-46.060001,1770467876.989889
-6.92001324,2.81013336,7.99954488,10.99,-41.509998,-53.200001,1770467876.997764
-5.73037416,3.1811475600000003,6.979854240000001,17.43,-43.540001,-54.669998,1770467877.005904
-4.93329204,3.2840740800000003,5.9481954,24.08,-45.43,-49.77,1770467877.01377
-4.2726474,3.25295676,4.8806319600000005,28.42,-53.130001,-47.599998,1770467877.021766
-3.7867384800000004,3.31040412,3.7867384800000004,30.59,-59.990002,-40.459999,1770467877.029831
-3.3319468800000003,3.5497681200000004,2.89869804,31.08,-72.870003,-38.849998,1770467877.037778
-2.85082524,3.7340784,2.3433735600000003,31.290001,-84.910004,-39.060001,1770467877.045775
-2.50374744,3.87530316,1.9627848,30.309999,-97.089996,-36.75,1770467877.053823
-2.2452343200000002,4.071581640000001,1.57501512,29.68,-105.209999,-45.150002,1770467877.0618
-1.27341648,4.2319555200000005,1.23511824,31.01,-111.440002,-40.389999,1770467877.069773
-0.49787712,4.535947800000001,0.86410404,35.209999,-121.379997,-37.380001,1770467877.07776
0.82819944,4.9763775599999995,0.33271596000000003,42.419998,-131.389999,-18.129999,1770467877.085756
0.78750756,4.741800840000001,0.7899012,44.310001,-132.160004,-8.54,1770467877.093769
0.8329867200000001,4.49525592,1.07474436,39.970001,-117.110001,11.76,1770467877.101836
0.77553936,4.33727568,1.8981565200000001,25.059999,-83.440002,21.42,1770467877.110106
0.54574992,4.1050926,3.59524728,13.65,-29.959999,33.459999,1770467877.117831
-0.04069188,3.5928536400000004,6.292879560000001,0.91,44.73,45.290001,1770467877.125783
-1.34761932,2.81492064,9.349557840000001,-15.19,121.519997,43.959999,1770467877.133751
-3.4612034400000002,2.02741308,12.2793732,-30.799999,194.179993,42.84,1770467877.141763
-6.156442080000001,0.82819944,14.5054584,-39.200001,256.690002,30.940001,1770467877.149749
-9.737327520000001,0.78750756,15.97515336,-22.889999,298.829987,32.619999,1770467877.157761
-15.77648124,-4.44977676,18.763743960000003,-20.65,317.589996,21.49,1770467877.165771
-18.4669326,-5.086485,17.672244120000002,-14.21,253.470001,14.21,1770467877.173737
-21.54036636,-5.66574588,16.65734076,-14.14,150.080002,17.360001,1770467877.181756
-22.56723792,-6.4269234,15.67355472,-23.030001,31.290001,12.74,1770467877.18975
-20.448866520000003,-6.64474464,14.555724840000002,-25.34,-87.639999,4.69,1770467877.197748
-16.42515768,-5.5388829600000005,13.85438832,-21.209999,-174.089996,0.42,1770467877.205754
-12.159691200000001,-3.6263646,13.148264520000001,-16.030001,-225.75,-8.12,1770467877.213898
-8.44236828,-1.66118616,12.4588962,-14.35,-251.300003,-13.23,1770467877.22174
-5.2157415600000006,0.19388484,11.654633160000001,-15.89,-258.720001,-19.879999,1770467877.229876
-2.41518276,1.4601204,10.5679206,-20.23,-256.480011,-16.52,1770467877.237792
-0.4547916,2.2404470400000003,8.887585320000001,-24.01,-246.470001,-12.6,1770467877.245763
0.43803612,2.32661808,7.12825992,-24.08,-232.399994,-11.55,1770467877.25374
0.777933,2.00108304,5.505372,-19.67,-207.270004,-14.28,1770467877.261748
4.547916000000001,4.863876480000001,3.7077483600000005,-2.1,-208.740005,5.95,1770467877.269769
3.30082956,4.68195984,3.0901892400000004,13.02,-196.070007,22.959999,1770467877.277758
3.4348734000000003,5.10563412,2.6880577199999998,17.43,-181.369995,26.6,1770467877.285851
3.54019356,5.32824264,2.17581876,18.76,-167.300003,29.469999,1770467877.29377
3.6838119600000003,5.40005184,1.5415041600000001,18.9,-152.179993,23.52,1770467877.30176
3.6885992400000003,5.18941152,0.9000086400000001,21.98,-134.75,21.07,1770467877.309787
3.6048218400000005,4.84233372,0.22500216000000003,23.24,-111.300003,15.12,1770467877.317809
3.42529884,4.45935132,-0.61516548,22.959999,-85.330002,9.73,1770467877.325755
3.41572428,4.136209920000001,-1.1226171600000001,19.25,-52.990002,4.27,1770467877.333756
3.6503010000000002,3.97104876,-0.93112596,13.23,-13.86,-1.4,1770467877.341761
4.09073076,3.9064204800000004,0.55293084,10.01,34.439999,-3.92,1770467877.349825
4.6197252,3.6383328,3.0638592,9.1,84.839996,-9.1,1770467877.357755
4.79206728,2.84364432,5.8309070400000005,12.53,140.699997,-7.35,1770467877.36575
4.35163752,1.85985828,8.167099680000002,16.309999,195.929993,-2.94,1770467877.37376
3.410937,0.69176196,11.118457800000002,18.690001,244.929993,-0.14,1770467877.381764
1.8263473200000002,0.5744736,14.986580040000002,9.24,288.820007,8.4,1770467877.389843
-0.7396347600000001,1.2399055200000002,20.386631880000003,-0.7,328.929993,8.61,1770467877.397792
-3.9112077600000004,1.74017628,26.69626692,-19.459999,354.339996,15.4,1770467877.405763
-6.75963936,-0.5361753600000001,28.41490044,-32.970001,350.209991,34.439999,1770467877.413796
-8.4734856,-2.32422444,23.28054264,-23.450001,300.160004,57.889999,1770467877.421766
-11.52777024,-3.0375291600000005,16.3844658,-16.66,242.479996,82.599998,1770467877.429761
-14.56051212,-5.670533160000001,12.58336548,-32.48,186.830002,33.110001,1770467877.437788
-14.811844320000002,-6.0678774,10.831221000000001,-30.24,132.580002,22.4,1770467877.445764
-14.771152440000002,-5.2157415600000006,11.142394200000002,-26.67,86.660004,1.33,1770467877.453765
-13.940559360000002,-3.78434484,11.56367484,-17.99,53.759998,-8.82,1770467877.461755
-12.27458592,-1.8909756,11.135213280000002,-8.47,27.299999,-29.469999,1770467877.469808
-10.69238988,0.009574560000000001,10.03413888,-2.03,8.4,-38.220001,1770467877.4778
-9.22269492,1.37873664,8.87801076,6.09,-7.0,-52.220001,1770467877.485763
-7.93970388,2.41518276,7.779330000000001,10.99,-17.780001,-59.849998,1770467877.49376
-6.9176196,3.0854019600000004,6.687830160000001,16.309999,-26.459999,-55.93,1770467877.501764
-5.96973816,3.4995016800000003,5.55803208,21.700001,-35.700001,-56.209999,1770467877.509866
-5.119995960000001,3.72929112,4.57424604,24.57,-47.669998,-55.16,1770467877.517788
-4.51440504,3.8106748800000005,3.5449808400000005,28.42,-59.360001,-52.639999,1770467877.525759
-3.99977244,3.9327505200000004,2.67130224,31.57,-71.400002,-56.139999,1770467877.533741
-3.0830083200000002,4.28222196,1.9747530000000002,36.049999,-81.760002,-57.259998,1770467877.541869
-2.40800184,4.64844888,1.72820808,40.110001,-92.120003,-51.799999,1770467877.549784
-1.9388484000000001,4.729832640000001,1.7234208000000002,42.77,-99.75,-50.189999,1770467877.557874
-1.51038684,4.622118840000001,1.60613244,44.450001,-102.199997,-49.419998,1770467877.565746
-0.7300602,4.5886078800000005,1.47687588,45.220001,-103.459999,-44.029999,1770467877.573766
0.17473572,4.492862280000001,1.40267304,47.740002,-102.760002,-29.4,1770467877.581766
0.80426304,4.600576080000001,1.42660944,44.169998,-103.32,-5.04,1770467877.589791
0.67500648,4.48328772,1.6468243200000001,36.959999,-87.220001,11.9,1770467877.597886
0.39734424,4.25589192,2.1207650399999998,24.92,-56.98,26.25,1770467877.605759
-0.23457672000000002,3.9447187200000005,3.3343405200000005,13.58,-3.36,35.279999,1770467877.61379
-1.24948008,3.45162888,5.4814356,4.9,65.730003,45.290001,1770467877.621764
-2.84603796,3.06625284,8.52614568,-7.56,137.199997,44.310001,1770467877.629766
-5.14871964,2.7263559600000002,11.721655080000001,-31.43,202.789993,38.639999,1770467877.637838
-8.107258680000001,2.0944350000000003,14.06742228,-52.009998,256.619995,26.459999,1770467877.645784
-11.530163880000002,1.26623556,16.07807988,-53.34,288.119995,21.07,1770467877.65376
-16.83686376,-4.85430192,19.08449172,-47.529999,283.570007,22.959999,1770467877.661885
-20.50631388,-6.40538064,18.03847104,-26.809999,214.339996,16.030001,1770467877.669775
-23.491182960000003,-7.60220064,16.54962696,-22.120001,105.839996,16.59,1770467877.677751
-23.71139784,-8.22933432,14.787907920000002,-25.129999,-20.860001,6.37,1770467877.685749
-20.470409280000002,-8.095290480000001,13.600662480000002,-22.959999,-142.660004,-4.2,1770467877.69378
-15.95600424,-6.955917840000001,13.20331824,-15.12,-223.089996,-9.45,1770467877.701762
-11.4655356,-5.30430624,12.83709132,-10.22,-267.470001,-21.700001,1770467877.709852
-7.453794960000001,-3.3463087200000006,12.358363319999999,-5.67,-286.51001,-32.34,1770467877.717761
-4.14578448,-1.2375118800000002,11.8245816,-4.13,-285.600006,-39.41,1770467877.725764
-1.4912377200000002,0.75160296,10.955690279999999,-4.55,-274.26001,-41.02,1770467877.733779
0.38537604000000003,2.4415128,9.63679464,-6.09,-254.729996,-40.880001,1770467877.741761
0.7803266400000001,2.76704784,8.08810956,-7.77,-227.080002,-42.700001,1770467877.749767
1.14655356,3.8561540400000003,5.9362272,-4.2,-199.289993,-54.810001,1770467877.757756
3.5976409200000004,5.974525440000001,4.58621424,13.51,-191.869995,-18.9,1770467877.765888
3.5377999200000003,6.242613120000001,4.3564248,15.68,-176.679993,-2.52,1770467877.773766
3.6359391600000004,6.20431488,3.7987066800000004,13.86,-158.970001,11.41,1770467877.781751
3.9088141199999997,5.7207996,3.2242330800000003,9.8,-142.660004,1.75,1770467877.789759
3.9925915200000004,5.0386122,2.60428032,11.27,-124.25,11.76,1770467877.797767
3.9327505200000004,4.44259584,2.0226258,14.0,-104.580002,3.01,1770467877.805896
3.66945012,3.93514416,1.22793732,14.42,-81.199997,0.07,1770467877.813769
3.26013768,3.4540225200000005,0.10292652000000001,16.24,-59.080002,-4.97,1770467877.821767
2.79816516,3.25295676,-0.93112596,13.09,-35.560001,-9.87,1770467877.829764
2.64257856,3.15721116,-1.4361840000000001,11.13,-9.38,-12.6,1770467877.837779
2.80534608,3.1045510800000002,-0.97899876,11.13,23.030001,-17.639999,1770467877.845841
3.15721116,3.0303482400000004,0.68458104,16.450001,61.32,-19.459999,1770467877.853752
3.66466284,3.20269032,3.3367341600000002,22.190001,103.529999,-21.209999,1770467877.861754
4.0332834,3.25774404,6.32639052,27.299999,147.419998,-17.290001,1770467877.869804
3.6598755600000006,2.74311144,8.64343404,24.639999,192.850006,-10.22,1770467877.877856
2.5588011600000002,2.09682864,11.151968759999999,20.860001,234.639999,-2.45,1770467877.885751
0.97181784,1.29495924,14.555724840000002,5.88,270.480011,8.54,1770467877.89376
-1.23511824,0.9263386800000001,19.02465072,-10.43,297.149994,13.65,1770467877.901823
-4.5239796000000005,0.3829824,24.07523112,-29.889999,314.369995,14.98,1770467877.909766
-7.13544084,-1.7832618,25.84891836,-31.99,307.649994,28.629999,1770467877.917769
-8.10007776,-3.20508396,20.97546732,-21.700001,260.119995,61.740002,1770467877.925766
-15.24030588,-8.47109196,15.994302480000002,-26.32,224.419998,56.0,1770467877.933831
-14.02194312,-8.42321916,11.80303884,-23.450001,178.149994,30.73,1770467877.941755
-14.90998356,-8.39210184,11.075372280000002,-14.91,129.289993,14.7,1770467877.949762
-15.422222520000002,-7.001397000000001,12.11899932,-4.27,90.860001,5.6,1770467877.957753
-14.981792760000001,-4.45456404,12.940017840000001,0.0,58.66,-10.22,1770467877.965854
-13.782579120000001,-1.43857764,12.597727320000002,-2.45,32.200001,-21.35,1770467877.974152
-12.40384248,0.7803266400000001,11.3817582,-5.81,12.88,-39.41,1770467877.981982
-11.010744,2.28113892,9.785200320000001,-8.33,-3.99,-49.419998,1770467877.989947
-9.502750800000001,3.20508396,8.463911040000001,-9.31,-17.43,-58.099998,1770467877.997759
-8.08810956,3.78434484,7.508848680000001,-5.25,-31.57,-62.02,1770467878.005769
-6.85059768,4.07636892,6.785969400000001,-2.45,-44.099998,-59.779999,1770467878.01379
-5.8309070400000005,3.8585476800000005,5.9721318000000005,4.2,-56.419998,-59.360001,1770467878.021799
-5.21334792,3.9854106000000002,5.1223896,11.2,-67.129997,-61.110001,1770467878.029745
-3.769983,4.784886360000001,4.12184808,22.540001,-79.239998,-51.240002,1770467878.03774
-3.41572428,4.66520436,3.5018953200000005,29.68,-91.419998,-43.119999,1770467878.045814
-2.8388570399999997,4.607757,2.9082726,31.57,-99.889999,-40.880001,1770467878.053922
-2.29071348,4.66041708,2.5588011600000002,34.580002,-107.449997,-38.080002,1770467878.061766
-1.7760808799999999,4.50722412,2.3984272800000004,35.91,-110.739998,-36.189999,1770467878.069773
-1.39309848,4.32530748,2.1901806,36.68,-113.330002,-32.27,1770467878.077762
-0.7180920000000001,4.07876256,1.8311346,35.77,-115.639999,-30.73,1770467878.085787
-0.016755480000000003,3.9590805600000003,1.43139672,38.009998,-119.419998,-20.440001,1770467878.09377
0.6103782,3.8585476800000005,1.2255436800000001,35.419998,-124.110001,-7.77,1770467878.101876
0.61755912,3.45162888,1.11543624,31.780001,-115.220001,9.87,1770467878.109791
0.27287496,3.2362012800000004,1.4601204,20.440001,-89.25,22.469999,1770467878.117768
-0.19867212,3.28646772,2.3290117200000005,10.36,-46.619999,31.08,1770467878.125759
-0.9000086400000001,3.0399228000000003,4.081156200000001,-1.68,12.53,35.91,1770467878.133755
-2.01544488,2.4056082,6.570541800000001,-10.43,83.230003,37.799999,1770467878.141784
-3.54737448,1.56544056,9.287323200000001,-22.4,150.080002,34.580002,1770467878.149848
-6.039153720000001,0.8138376,11.666601360000001,-28.98,212.380005,29.26,1770467878.157745
-8.875617120000001,0.42606792,13.500129600000001,-17.57,256.059998,30.379999,1770467878.165737
-15.628075560000001,-4.851908280000001,16.535265120000002,-14.77,290.709991,18.41,1770467878.173759
-18.27304776,-5.7926088,16.72675632,-1.47,247.589996,13.79,1770467878.181749
-21.76297488,-7.28624016,16.4682432,1.33,150.5,13.79,1770467878.189872
-23.495970240000002,-8.2819944,15.67355472,-5.53,24.99,10.64,1770467878.197873
-21.758187600000003,-8.483060159999999,14.617959480000001,-7.0,-106.75,2.24,1770467878.205756
-17.148036960000002,-7.420284,14.10093324,0.56,-218.820007,-0.49,1770467878.214037
-12.626451,-5.33063628,13.708376280000001,6.79,-279.859985,-8.19,1770467878.221763
-8.33226084,-2.9417835599999997,13.351723920000001,8.33,-311.149994,-18.129999,1770467878.229855
-4.68435348,-0.6031972800000001,13.081242600000001,7.77,-318.779999,-27.51,1770467878.23776
-1.7114526,1.496025,12.65996196,3.22,-307.369995,-32.900002,1770467878.245755
0.5146326,3.1859348400000003,11.877241680000001,-6.65,-283.5,-30.870001,1770467878.253751
1.0986807600000001,3.1955093999999997,10.510473240000001,-17.43,-245.419998,-39.619999,1770467878.261751
6.082239240000001,7.58065788,8.27481348,-15.96,-242.690002,-39.130001,1770467878.269754
4.31573292,6.41256156,6.386231520000001,0.91,-205.940002,-7.7,1770467878.27774
4.35403116,6.290485920000001,5.66813952,-3.92,-169.889999,-2.31,1770467878.285749
4.54312872,6.30245412,4.914142920000001,-5.6,-142.100006,0.91,1770467878.293755
4.808822760000001,6.14208024,4.20801912,-10.15,-116.129997,-1.68,1770467878.301796
4.80164184,5.878779840000001,3.3702451200000003,-9.45,-88.059998,-3.85,1770467878.309772
4.51919232,5.35217904,2.5540138800000003,-7.56,-59.990002,-0.77,1770467878.317774
4.179295440000001,4.65323616,1.855071,-2.87,-32.900002,-2.17,1770467878.325797
3.71253564,4.16972088,1.23033096,-0.21,-7.77,-3.29,1770467878.333759
3.30561684,3.7556211600000005,0.6343146,0.91,15.89,-5.04,1770467878.341764
2.9346026400000005,3.31040412,0.16755480000000003,-0.21,35.349998,-8.19,1770467878.349766
2.7646542000000003,2.71917504,0.09813924000000002,0.21,54.880001,-8.33,1770467878.357761
2.6689086000000004,2.22369156,0.65107008,12.32,77.769997,-8.54,1770467878.365883
2.64975948,2.0298067200000003,2.0824668,21.77,101.639999,-13.09,1770467878.373768
2.64975948,2.1111904800000003,4.35881844,32.970001,130.550003,-10.15,1770467878.38176
2.5659820800000004,2.0417749200000004,7.302995640000001,35.0,164.009995,-6.86,1770467878.389844
2.02741308,1.4673013200000002,9.88094592,31.290001,193.830002,2.8,1770467878.397755
0.91676412,0.6582510000000001,12.233894040000001,28.629999,221.339996,9.59,1770467878.405763
-0.48830256000000005,-0.05744736,15.10865568,23.030001,243.460007,22.120001,1770467878.413799
-2.59949304,-0.60559092,19.00071432,9.31,260.820007,27.58,1770467878.421959
-5.153506920000001,-1.67794164,21.34887516,-7.35,268.100006,29.82,1770467878.429772
-6.53224356,-3.23380764,20.434504680000003,-19.25,257.040009,41.09,1770467878.437775
-8.284388040000001,-4.65084252,16.76026728,-21.629999,225.399994,66.080002,1770467878.44581
-13.492948680000001,-10.735475400000002,14.304392640000001,-46.900002,222.25,30.030001,1770467878.453793
-13.47858684,-11.60676036,12.03522192,-37.66,178.990005,23.17,1770467878.461757
-13.930984800000001,-10.307013840000002,11.858092560000001,-10.78,147.070007,8.4,1770467878.469785
-14.199072480000002,-7.183313640000001,12.22671312,7.21,108.709999,10.29,1770467878.477813
-14.024336760000002,-3.1404556800000005,12.41581068,16.030001,70.0,-5.88,1770467878.48577
-13.308638400000001,0.11728836000000001,11.86527348,12.53,39.619999,-15.26,1770467878.493763
-11.9921364,2.3816718,10.850370120000001,4.62,15.19,-33.669998,1770467878.501828
-10.46499408,3.65748192,9.727752960000002,-0.49,-5.11,-49.07,1770467878.509777
-8.82535068,4.30137108,8.57162484,-1.82,-22.049999,-58.310001,1770467878.517774
-7.36283664,4.6197252,7.7769363600000005,3.57,-36.259998,-68.040001,1770467878.525769
-6.01282368,4.7633436,7.14740904,9.66,-49.0,-71.050003,1770467878.533757
-4.91174928,3.86333496,6.704585640000001,11.76,-58.869999,-73.57,1770467878.541798
-4.48568136,4.76813088,5.79500244,23.66,-63.560001,-87.220001,1770467878.549772
-2.6090676,5.44074372,5.0625485999999995,32.759998,-66.080002,-75.110001,1770467878.557758
-2.60428032,5.455105560000001,4.5598842,40.040001,-68.669998,-66.57,1770467878.565746
-2.16385056,5.45989284,4.14339084,39.34,-67.970001,-62.299999,1770467878.573792
-1.80480456,5.1343578,3.84897312,36.119999,-64.120003,-55.580002,1770467878.58178
-1.48166316,4.82797188,3.5928536400000004,30.870001,-56.630001,-46.689999,1770467878.589773
-1.29735288,4.547916000000001,3.30561684,25.620001,-49.0,-36.049999,1770467878.597764
-1.25187372,4.25110464,3.0423164400000005,21.98,-41.790001,-31.219999,1770467878.605796
-1.2016072800000002,3.8776968000000003,2.8843362000000003,16.73,-33.810001,-26.389999,1770467878.613842
-1.1824581600000001,3.5186508,2.7335368800000004,15.4,-25.41,-18.76,1770467878.621773
-1.4457585600000002,3.09497652,2.67608952,17.290001,-13.65,-8.47,1770467878.629763
-2.1159777600000003,2.8005588,2.70720684,19.879999,4.76,5.6,1770467878.637859
-3.01119912,2.49896016,2.7478987200000002,20.58,26.950001,18.27,1770467878.645761
-4.35403116,2.24284068,3.17396664,15.89,52.639999,25.76,1770467878.653767
-5.881173480000001,1.6181006400000002,4.20562548,12.46,82.529999,27.370001,1770467878.661758
-7.42746492,0.8234121600000001,5.90510988,9.31,111.510002,21.07,1770467878.669768
-9.46205892,-0.11968200000000001,8.346622680000001,9.1,140.770004,19.74,1770467878.677791
-12.743739360000001,-2.26438344,11.19266064,7.07,166.179993,10.29,1770467878.685792
-15.28817868,-3.83700492,13.868750160000001,15.4,164.710007,-0.7,1770467878.69376
-18.60337008,-5.51494656,14.598810360000002,23.030001,128.169998,-3.92,1770467878.701756
-20.824668,-7.113898080000001,14.783120640000002,24.219999,51.52,-10.92,1770467878.709762
-20.9682864,-8.174280600000001,14.787907920000002,20.93,-46.200001,-13.16,1770467878.717899
-18.471719880000002,-8.18146152,14.639502240000002,19.530001,-147.630005,-13.72,1770467878.725765
-14.69216232,-7.293421080000001,14.02194312,19.809999,-231.839996,-15.54,1770467878.733763
-10.76659272,-5.44792464,13.605449759999999,22.68,-282.799988,-16.870001,1770467878.74176
-7.02054612,-3.15481752,13.51449144,28.559999,-306.459991,-23.309999,1770467878.749886
-4.1170608,-0.66782556,13.44268224,29.120001,-308.700012,-33.599998,1770467878.757756
-1.6468243200000001,1.8574646400000001,13.387628520000002,21.98,-294.279999,-42.0,1770467878.765746
0.32314139999999997,3.8034939600000004,12.99985884,10.64,-268.519989,-48.509998,1770467878.773778
0.81862488,4.15775268,12.21713856,-7.56,-226.729996,-58.799999,1770467878.781751
2.08725408,6.38144424,9.773232120000001,-14.14,-193.970001,-70.839996,1770467878.789763
4.45695768,8.04023676,8.550082080000001,-3.85,-166.740005,-33.810001,1770467878.797894
4.07397528,8.2819944,7.72906356,-12.81,-132.860001,-23.59,1770467878.805762
4.0691880000000005,8.47109196,6.44128524,-23.450001,-105.419998,-24.639999,1770467878.813828
4.10987988,8.04741768,5.31148716,-32.759998,-77.910004,-25.48,1770467878.821777
3.8513667600000003,7.389166680000001,4.25828556,-36.889999,-53.900002,-28.559999,1770467878.829807
3.6407264400000003,6.690223800000001,3.40854336,-36.889999,-28.209999,-25.48,1770467878.837758
3.31758504,5.773459680000001,3.00880548,-29.33,-4.34,-25.129999,1770467878.845758
2.9872627200000004,4.9308984,2.8843362000000003,-24.360001,16.66,-25.059999,1770467878.85379
2.70720684,4.2726474,2.86997436,-16.309999,30.73,-23.59,1770467878.861795
2.49177924,3.59046,3.0925828799999997,-11.9,40.529999,-23.030001,1770467878.869764
2.19975516,3.02077368,3.27689316,-5.32,48.650002,-21.700001,1770467878.877762
1.83831552,2.60428032,3.5066826,-0.91,56.630001,-18.059999,1770467878.885766
1.4577267600000001,1.96996572,3.72450384,3.99,65.870003,-11.9,1770467878.89376
1.08192528,1.06756344,4.071581640000001,13.02,78.959999,-8.89,1770467878.901823
0.87846588,0.0957456,4.8351528,22.4,91.769997,-5.32,1770467878.909775
0.7276665600000001,-0.9335196,5.9505890400000006,33.669998,105.279999,-3.92,1770467878.917782
0.41170608000000003,-1.86225192,7.64289252,41.790001,117.809998,-0.14,1770467878.925769
-0.02154276,-2.78619696,9.514719,45.57,128.309998,2.31,1770467878.93376
-0.65107008,-3.8776968000000003,11.31952356,44.799999,138.949997,12.32,1770467878.941783
-1.08671256,-2.81492064,12.83230404,52.220001,145.320007,20.02,1770467878.949875
-1.7210271600000002,-5.80697064,16.37489124,34.860001,142.869995,44.099998,1770467878.957758
-6.7500648000000005,-7.94449116,17.77995792,14.91,160.160004,51.52,1770467878.965742
-6.070271040000001,-8.70327504,17.26771896,-5.95,159.320007,21.209999,1770467878.974077
-7.33411296,-8.63146584,15.929674200000001,-12.11,160.300003,13.58,1770467878.982605
-8.9522136,-7.889437440000001,14.2900308,-5.88,157.850006,13.65,1770467878.990307
-10.24956648,-6.3383587200000004,12.980709720000002,8.54,150.919998,2.45,1770467878.99776
-11.135213280000002,-3.8776968000000003,12.25304316,24.639999,140.279999,-2.73,1770467879.005769
-11.86766712,-0.87846588,12.4349598,28.35,121.940002,-19.809999,1770467879.013908
-12.1955958,1.70666532,12.64799376,20.440001,97.790001,-23.030001,1770467879.021781
-12.20038308,3.7053547200000003,12.62166372,7.77,64.68,-33.25,1770467879.030331
-11.86766712,4.78728,11.788677,-3.57,37.66,-42.77,1770467879.037777
-10.914998400000002,5.026644,10.532016000000002,-9.52,6.51,-52.43,1770467879.045778
-9.72057204,5.072123160000001,9.404611560000001,-9.73,-22.190001,-56.279999,1770467879.053763
-8.50220928,5.0960595600000005,8.45433648,-7.35,-44.799999,-56.700001,1770467879.06179
-7.44900768,4.6747789200000005,7.800872760000001,-10.01,-63.700001,-62.23,1770467879.069789
-6.30245412,4.34685024,6.991822440000001,-12.95,-76.230003,-65.800003,1770467879.077846
-5.89074804,5.277976200000001,6.084632880000001,-7.21,-74.900002,-71.050003,1770467879.085752
-3.99019788,6.16122936,5.52212748,0.56,-82.110001,-50.400002,1770467879.093754
-3.7580147999999998,6.0367600800000005,5.20856064,-5.53,-87.779999,-50.68,1770467879.101753
-3.19072212,5.89553532,4.753769040000001,-10.78,-87.779999,-45.919998,1770467879.109753
-2.64975948,5.553244800000001,4.29419016,-12.32,-81.550003,-42.91,1770467879.117787
-2.3912463600000002,5.19180516,3.8082812400000003,-11.48,-71.260002,-34.790001,1770467879.125755
-2.36252268,4.9189302,3.6143964,-11.9,-60.130001,-32.689999,1770467879.133747
-2.34097992,4.56227784,3.5928536400000004,-10.08,-45.919998,-32.34,1770467879.141779
-2.36012904,4.19605092,3.6909928800000005,-7.14,-34.299999,-33.389999,1770467879.149753
-2.50853472,3.5928536400000004,3.84897312,-3.71,-20.23,-33.459999,1770467879.157749
-2.9226344400000004,2.9441772,3.93993144,4.13,-7.35,-28.629999,1770467879.165845
-3.56173632,2.4463000800000003,4.0476452400000005,7.63,5.53,-25.48,1770467879.173759
-4.32770112,1.96517844,4.248711,10.43,17.219999,-16.870001,1770467879.181758
-5.08169772,1.32368292,4.53834144,11.76,22.4,-11.9,1770467879.189759
-5.99367456,0.39255696000000007,5.01706944,11.55,23.17,-6.44,1770467879.197748
-6.75485208,-0.45957888,5.648990400000001,16.66,17.780001,0.07,1770467879.205748
-8.191036080000002,-1.8191664,6.884108640000001,24.360001,9.87,11.62,1770467879.213731
-10.318982040000002,-3.7005674400000004,8.581199400000001,33.529999,3.57,4.48,1770467879.221782
-11.77192152,-4.4904686400000005,9.9455742,39.759998,-12.46,-2.24,1770467879.229858
-13.2487974,-5.1941988,11.4176628,45.220001,-27.23,-5.32,1770467879.237755
-14.211040680000002,-5.94340812,12.00889188,43.889999,-52.919998,-14.28,1770467879.245753
-13.954921200000001,-6.6638937600000006,12.03522192,43.68,-92.120003,-21.49,1770467879.253752
-12.6025146,-6.74527752,12.305703240000001,47.529999,-138.880005,-24.290001,1770467879.261745
-10.302226560000001,-5.9721318000000005,12.91847508,54.110001,-189.070007,-22.82,1770467879.269762
-7.420284,-4.480894080000001,13.543215120000001,60.27,-235.830002,-26.530001,1770467879.278373
-4.966803,-2.4893856,14.0506668,61.880001,-267.26001,-30.59,1770467879.285738
-2.5181092800000004,0.08377740000000002,14.87407896,58.099998,-280.279999,-34.299999,1770467879.29374
-0.17473572,2.69763228,15.707065680000001,46.34,-276.5,-41.790001,1770467879.301758
1.11543624,4.31094564,16.09962264,19.879999,-254.729996,-45.5,1770467879.309756
1.8478900800000002,5.72558688,14.771152440000002,-8.68,-217.350006,-78.330002,1770467879.318067
6.72134112,9.42854796,12.770069399999999,-9.66,-202.720001,-48.650002,1770467879.325789
5.64420312,9.48599532,11.944263600000001,-15.12,-168.979996,-32.34,1770467879.333759
5.7207996,9.9575424,10.18972548,-28.559999,-133.770004,-30.1,1770467879.341764
5.74234236,9.5625918,8.5931676,-36.68,-96.879997,-26.74,1770467879.349757
5.48861652,8.7607224,7.061238,-39.759998,-62.790001,-21.91,1770467879.357824
5.1176023200000005,8.10486504,5.555638440000001,-40.740002,-31.08,-23.1,1770467879.365742
4.5455223600000005,7.4298585600000004,4.394723040000001,-38.080002,1.12,-21.49,1770467879.373763
3.9854106000000002,6.72134112,3.6526946400000004,-31.92,31.08,-20.58,1770467879.381764
3.51146988,5.747129640000001,3.55934268,-27.02,58.869999,-16.870001,1770467879.389791
3.10933836,4.72025808,3.8417922000000004,-21.98,78.610001,-14.63,1770467879.397844
2.692845,3.8776968000000003,4.179295440000001,-19.6,93.870003,-11.69,1770467879.40583
2.1806060400000002,3.10933836,4.56467148,-17.85,102.129997,-6.44,1770467879.413755
1.6635798000000002,2.31225624,4.6915344,-15.05,105.629997,-7.56,1770467879.421822
1.2159691200000002,1.4194285199999999,4.71068352,-15.26,105.419998,0.0,1770467879.429778
0.8425612800000001,0.44282340000000003,4.78967364,-14.77,102.970001,0.07,1770467879.437751
0.58165452,-0.84016764,5.1822306,-14.21,100.099998,4.13,1770467879.445764
0.41649336000000003,-2.26438344,5.8404816,-6.79,102.269997,7.21,1770467879.453761
0.22500216000000003,-2.84364432,6.905651400000001,4.9,106.75,15.61,1770467879.461796
1.79762364,-3.9255696,9.18679032,20.02,104.230003,29.049999,1770467879.469852
-0.033510960000000006,-4.2319555200000005,10.82643372,24.85,116.059998,51.939999,1770467879.477779
-3.7747702800000003,-8.39928276,13.184169120000002,24.01,132.860001,39.619999,1770467879.485763
-2.23326612,-7.75778724,12.81315492,22.469999,138.529999,21.209999,1770467879.493756
-2.9441772,-8.6051358,13.01661432,28.77,139.720001,28.84,1770467879.501758
-3.9495060000000004,-9.05274648,12.983103360000001,29.959999,132.649994,30.379999,1770467879.509801
-4.8686637600000005,-8.38013364,12.91129416,34.720001,118.300003,30.24,1770467879.517827
-5.58675576,-6.788363040000001,12.87060228,38.220001,103.949997,31.85,1770467879.525761
-6.30245412,-4.36360572,12.86820864,40.110001,94.849998,28.07,1770467879.533789
-7.0851744000000005,-1.9173056400000001,12.805973999999999,39.900002,94.080002,27.790001,1770467879.542195
-8.16470604,0.7396347600000001,13.00703976,37.310001,98.419998,18.83,1770467879.549772
-9.12934296,2.8316761200000005,13.28230836,24.639999,102.620003,7.0,1770467879.557757
-9.9814788,4.31094564,13.124328120000001,8.75,104.93,-9.31,1770467879.565742
-10.603825200000001,5.34260448,12.45171528,-10.71,102.410004,-27.440001,1770467879.573787
-10.9628712,5.773459680000001,11.43920556,-23.799999,93.099998,-45.5,1770467879.58177
-10.86473196,5.670533160000001,10.18254456,-32.970001,72.870003,-61.32,1770467879.589828
-10.35967392,5.32106172,8.94503268,-32.200001,42.209999,-75.459999,1770467879.597757
-9.62482644,4.88781288,7.5926260800000005,-28.0,6.44,-78.330002,1770467879.605767
-8.72721144,4.53834144,6.46761528,-20.440001,-31.360001,-79.730003,1770467879.613758
-7.64289252,3.99019788,5.433562800000001,-10.78,-69.510002,-79.940002,1770467879.621804
-6.9439496400000005,4.44259584,4.3181265600000005,-0.35,-96.529999,-86.660004,1770467879.629784
-5.0386122,6.084632880000001,3.36545784,21.42,-118.089996,-71.75,1770467879.637812
-4.44738312,6.343146,3.36545784,33.18,-138.529999,-58.59,1770467879.645772
-3.7532275200000003,6.556179960000001,3.19790304,33.25,-154.279999,-49.77,1770467879.653767
-3.15242388,6.50830716,3.0925828799999997,34.439999,-163.729996,-46.060001,1770467879.661758
-2.41997004,6.2521876800000005,2.8244952000000003,32.759998,-170.309998,-45.709999,1770467879.669757
-1.32128928,6.556179960000001,2.26677708,32.619999,-174.300003,-36.540001,1770467879.677754
-0.25851312000000004,6.486764400000001,1.9268802000000003,32.689999,-178.080002,-27.719999,1770467879.685779
0.03111732,5.929046280000001,1.9196992800000001,25.41,-174.649994,-11.9,1770467879.693898
0.30877956,5.2037733600000005,1.94602932,16.799999,-162.330002,-2.59,1770467879.701777
0.5074516800000001,4.08594348,2.4463000800000003,6.65,-140.070007,7.91,1770467879.709763
0.6343146,2.46066192,3.5569490400000006,1.05,-102.690002,15.26,1770467879.717884
0.5625054,0.7061238000000001,5.663352240000001,5.53,-54.32,20.16,1770467879.725747
-0.01436184,-0.69654924,8.820563400000001,24.780001,6.51,13.65,1770467879.733762
-0.9766051200000001,-1.38113028,12.65517468,51.310001,66.290001,14.56,1770467879.741768
-2.81013336,-1.8239536800000002,17.14324968,68.32,109.830002,13.44,1770467879.749758
-9.56019816,-4.8710574,21.46616352,63.209999,145.600006,-9.59,1770467879.757777
-11.321917200000001,-4.0476452400000005,21.37281156,57.330002,134.050003,-27.09,1770467879.765734
-13.327787520000001,-4.06679436,19.89593568,44.52,81.199997,-35.279999,1770467879.773763
-13.9190166,-5.08409136,19.42678224,29.68,-2.66,-32.549999,1770467879.781754
-12.928049640000001,-5.967344520000001,18.761350320000002,13.65,-93.800003,-33.110001,1770467879.78977
-10.41472764,-5.3976582,17.868522600000002,5.46,-174.369995,-33.040001,1770467879.797796
-7.195281840000001,-3.83700492,17.12888784,0.98,-223.509995,-29.68,1770467879.805882
-3.99977244,-1.60613244,16.78899096,-2.45,-249.270004,-31.08,1770467879.813759
-1.1489472,1.0986807600000001,16.27914564,-8.89,-255.429993,-29.889999,1770467879.821751
0.7300602,3.1284874800000004,15.173283960000001,-17.639999,-243.389999,-32.060001,1770467879.829782
1.2255436800000001,3.2242330800000003,13.26794652,-32.41,-214.970001,-46.970001,1770467879.837764
4.7633436,6.35990148,9.63679464,-25.549999,-208.880005,-55.790001,1770467879.845922
4.36599936,6.43171068,8.09289684,-15.82,-184.729996,-13.58,1770467879.853759
4.071581640000001,6.0894201599999995,6.63277644,-20.02,-161.419998,-8.47,1770467879.861769
4.016527920000001,6.493945320000001,5.2468588800000004,-21.209999,-136.429993,-4.55,1770467879.869795
4.22956188,6.534637200000001,4.29419016,-10.43,-112.980003,-0.35,1770467879.877753
4.25349828,6.75963936,3.56891724,0.21,-93.309998,0.0,1770467879.885773
4.25110464,7.1091108,2.99683728,10.85,-74.620003,3.01,1770467879.893762
4.040464320000001,7.1162917199999995,2.3290117200000005,19.32,-58.52,2.59,1770467879.901761
3.63115188,6.783575760000001,1.6228879200000002,21.559999,-42.139999,5.04,1770467879.909763
3.0925828799999997,6.02957916,0.95027508,16.52,-25.969999,4.13,1770467879.917842
2.5779502800000005,4.579033320000001,0.35904600000000003,5.11,-9.8,6.58,1770467879.925763
2.2859262,2.5372584,0.11250108000000002,-5.32,7.91,0.77,1770467879.933759
2.04895584,0.7348474800000001,-0.02154276,-2.38,28.280001,-1.68,1770467879.941759
2.19496788,-1.02687156,0.7468156800000001,13.44,48.860001,-9.66,1770467879.949836
2.70720684,-1.99150848,2.64018492,44.099998,71.400002,-9.24,1770467879.957752
3.35827692,-3.50428896,5.86202436,69.93,87.849998,-6.23,1770467879.965747
3.38460696,-3.89205864,9.17242848,94.220001,108.290001,-2.59,1770467879.974081
2.8915171200000005,-4.643661600000001,12.501981720000002,110.739998,125.370003,-4.97,1770467879.982578
1.18006452,-5.2037733600000005,15.628075560000001,117.879997,132.089996,-10.57,1770467879.989904
-0.3829824,-3.56891724,17.99777916,113.400002,129.919998,-10.78,1770467879.997762
-2.00347668,-1.63006884,20.448866520000003,94.639999,106.75,-7.98,1770467880.005773
-3.7460466,-0.39016332000000004,21.91616784,53.060001,64.120003,3.01,1770467880.013892
-4.64126796,-0.22260852,21.33690696,20.51,18.76,-2.59,1770467880.021775
-4.46653224,-0.66303828,19.54167696,2.52,-16.450001,-4.97,1770467880.029774
-3.5880663600000005,-0.5601117600000001,17.775170640000002,-12.25,-27.02,-13.16,1770467880.037745
-2.812527,-0.26808768000000005,16.286326560000003,-25.549999,-17.43,-22.26,1770467880.045946
-2.48699196,0.44521704,14.74960968,-34.650002,3.01,-36.259998,1770467880.053764
-2.4510873600000003,1.34522568,13.25597832,-34.860001,22.4,-48.509998,1770467880.061765
-2.68327044,2.41997004,11.8245816,-38.57,39.549999,-56.07,1770467880.069776
-2.67130224,3.0040182,10.40275944,-43.889999,44.939999,-63.209999,1770467880.077783
-3.61679004,4.37796756,8.69130684,-42.07,43.540001,-70.489998,1770467880.085756
-3.6742374,4.61493792,7.405922160000001,-35.700001,36.330002,-84.209999,1770467880.093753
-3.82264308,4.74898176,6.2713368,-26.32,20.02,-87.220001,1770467880.101786
-4.1122735200000005,4.892600160000001,5.35217904,-20.09,0.21,-104.510002,1770467880.109745
-2.9202408,6.740490240000001,3.9806233200000003,-7.77,-16.24,-89.389999,1770467880.117751
-2.4798110400000004,7.56868968,3.49232076,-2.24,-42.560001,-70.489998,1770467880.125767
-2.513322,7.695552600000001,3.08061468,-8.96,-65.099998,-66.57,1770467880.133741
-1.9412420400000001,7.82002188,2.5588011600000002,-12.81,-84.559998,-64.75,1770467880.141756
-1.2614482800000002,7.11868536,2.0824668,-14.42,-96.529999,-67.620003,1770467880.149746
-0.6343146,6.462828000000001,1.4840568,-11.48,-102.339996,-66.220001,1770467880.157834
-0.05505372,5.869205280000001,1.15612812,-6.72,-103.32,-59.639999,1770467880.165764
0.28484316,5.48861652,1.17048996,-7.56,-100.099998,-51.450001,1770467880.173755
0.6079845600000001,5.08887864,1.69469712,-10.64,-91.769997,-48.93,1770467880.181757
1.1010744000000001,4.52876688,2.91305988,-11.69,-77.209999,-49.0,1770467880.189757
1.6037388,3.6143964,5.0984532,-5.88,-56.349998,-49.84,1770467880.197749
2.13991416,2.63539764,7.61416884,4.69,-29.68,-55.02,1770467880.205862
2.18299968,1.55347236,10.37403576,14.42,-1.61,-51.73,1770467880.21375
1.5223550399999999,0.4069188,13.32300024,27.09,28.42,-58.029999,1770467880.221783
0.6319209600000001,0.02872368,16.815321,36.330002,45.290001,-58.799999,1770467880.22975
-0.91676412,0.35904600000000003,21.09754296,33.950001,52.779999,-66.150002,1770467880.237739
-2.4654492,0.23936400000000002,23.977091880000003,14.21,52.849998,-62.439999,1770467880.245757
-3.2002966800000006,-1.2063945600000001,23.9004954,-8.33,39.830002,-55.16,1770467880.253751
-3.43247976,-2.95135812,22.282394760000003,-23.870001,15.75,-37.169998,1770467880.261775
-3.35827692,-3.53540628,20.637964080000003,-39.200001,-4.76,-21.139999,1770467880.269872
-3.47556528,-3.7149292800000002,19.029438,-55.439999,-11.27,-6.3,1770467880.277774
-3.5545554,-3.23380764,16.99005672,-76.300003,-8.47,4.83,1770467880.285739
-4.2606792,-2.49656652,14.89322808,-87.43,-6.09,-8.12,1770467880.293766
-3.68141832,-0.29202408,12.52352448,-90.300003,-0.56,-4.13,1770467880.301767
-3.66705648,1.14415992,10.74983724,-88.760002,1.68,-3.15,1770467880.309749
-3.59524728,2.3768845200000004,9.122162040000001,-93.519997,2.1,6.02,1770467880.317743
-3.4492352400000006,3.0997638,7.9468848,-94.5,-0.7,10.92,1770467880.32592
-3.3630642,3.00162456,7.195281840000001,-94.5,-4.34,15.12,1770467880.333759
-3.48753348,3.05907192,6.51788172,-89.389999,-8.33,12.18,1770467880.34176
-2.39364,4.5670651200000005,5.32824264,-71.540001,-9.03,43.259998,1770467880.349762
-2.5779502800000005,4.7609499600000005,4.7394072000000005,-59.639999,-17.43,61.040001,1770467880.357798
-2.7598669200000003,4.89978108,4.09791168,-45.220001,-26.459999,71.120003,1770467880.365755
-2.66651496,5.28755076,3.32237232,-33.040001,-33.459999,79.800003,1770467880.373763
-2.24284068,5.1176023200000005,2.85800616,-15.54,-42.98,90.440002,1770467880.381766
-1.8071982,4.3181265600000005,2.7335368800000004,-2.87,-54.669998,93.169998,1770467880.389778
-1.1824581600000001,3.47556528,2.6018866800000002,7.7,-64.889999,94.360001,1770467880.397856
-0.4069188,2.75507964,2.65933404,17.85,-76.019997,91.559998,1770467880.40576
0.29202408,2.0704986,3.0782210400000003,21.629999,-80.989998,87.43,1770467880.413761
0.7899012,1.16330904,3.7508338800000005,22.889999,-79.309998,70.489998,1770467880.421787
1.48166316,0.37819512000000005,4.32770112,26.879999,-69.440002,65.519997,1770467880.429887
2.97768816,-1.1010744000000001,5.59633032,22.120001,-68.459999,54.389999,1770467880.437764
3.9973788000000003,-2.1447014400000004,7.66682892,25.76,-58.450001,53.830002,1770467880.44576
4.53834144,-4.591001520000001,11.125638720000001,16.73,-48.23,34.790001,1770467880.453758
5.0314312800000005,-7.84635192,14.25173256,1.82,-23.66,17.57,1770467880.461762
6.268943160000001,-10.651698000000001,17.00920584,-0.7,-8.26,34.509998,1770467880.469865
6.678255600000001,-13.18656276,19.443537720000002,-1.19,7.7,49.630001,1770467880.477753
5.86202436,-13.751461800000001,19.96774488,11.69,35.560001,77.839996,1770467880.485762
4.191263640000001,-12.332033280000001,18.16294032,26.67,74.059998,85.190002,1770467880.493804
1.7784745200000003,-9.76365756,15.826747680000002,42.279999,118.860001,81.550003,1770467880.501766
-1.13219172,-6.493945320000001,14.4456174,50.889999,166.529999,64.540001,1770467880.509767
-3.0279546,-2.8843362000000003,14.06742228,44.66,204.259995,48.23,1770467880.517759
-4.61733156,0.12686292000000002,14.67780048,29.120001,220.360001,33.880001,1770467880.525778
-6.223464,2.56837572,15.90813144,4.55,216.580002,19.879999,1770467880.533843
-7.705127160000001,4.643661600000001,16.741118160000003,-15.26,199.009995,10.08,1770467880.541764
-8.66976408,5.58675576,16.2887202,-33.529999,172.059998,-0.91,1770467880.549802
-9.23705676,6.0798456000000005,14.328329040000002,-46.759998,133.699997,-10.01,1770467880.557864
-9.617645520000002,6.7141602,12.0998502,-45.220001,91.769997,-18.41,1770467880.565744
-8.672157720000001,6.82905492,9.33040872,-38.849998,49.209999,-13.72,1770467880.573849
-8.51657112,6.36947604,7.087568040000001,-32.200001,0.77,-11.27,1770467880.581761
-7.56629604,5.78782152,5.08409136,-18.549999,-44.869999,-13.51,1770467880.589756
-6.472402560000001,5.1702623999999995,3.8657286000000006,-6.16,-77.699997,-14.77,1770467880.59785
-4.966803,5.07691044,3.0375291600000005,13.86,-103.879997,-4.41,1770467880.605762
-3.8896650000000004,4.82797188,2.4247573200000003,23.17,-125.650002,3.43,1770467880.613759
-2.9681136,4.772918160000001,1.7593254,30.17,-141.119995,17.709999,1770467880.621785
-2.31943716,4.76573724,1.0172970000000001,33.669998,-154.0,23.1,1770467880.629819
-1.75693176,4.65323616,0.32074776000000005,28.35,-162.610001,24.780001,1770467880.637756
-0.8856468000000001,5.10324048,-0.46915344000000003,29.190001,-169.539993,28.49,1770467880.645756
0.7228792800000001,5.804577,-0.89282772,33.18,-180.320007,37.099998,1770467880.653758
1.1609154000000002,5.543670240000001,-0.6869746800000001,33.32,-186.970001,55.650002,1770467880.661746
1.6516116,5.455105560000001,-0.42367428,21.91,-188.649994,66.989998,1770467880.66991
2.37449088,5.21095428,0.25372584000000004,10.85,-176.610001,72.730003,1770467880.677829
3.3032232,4.52637324,1.6683670800000001,4.69,-153.860001,73.150002,1770467880.68576
4.095518040000001,3.51625716,4.05482616,1.26,-114.800003,66.779999,1770467880.69376
4.49764956,2.7215686800000003,6.982247880000001,0.21,-59.220001,58.099998,1770467880.701786
4.480894080000001,1.69469712,9.8498286,0.14,10.22,44.869999,1770467880.709868
3.96865512,-0.038298240000000004,12.573790920000002,0.42,81.269997,26.6,1770467880.717751
3.9207823200000003,-0.97421148,16.14988908,6.86,143.779999,12.81,1770467880.725872
3.77237664,-1.80959184,21.75579396,9.1,181.860001,0.07,1770467880.733759
2.5659820800000004,-3.3750324000000003,27.54600912,5.18,208.179993,1.33,1770467880.741748
0.47633436000000007,-5.119995960000001,30.090448440000003,9.87,211.820007,17.57,1770467880.749762
-1.52474868,-8.51896476,28.728467280000004,21.98,186.830002,59.360001,1770467880.75776
-8.985724560000001,-9.73493388,25.41806316,13.65,168.070007,59.779999,1770467880.765742
-7.96842756,-6.73570296,19.742742720000003,-2.45,127.050003,31.780001,1770467880.773786
-8.36337816,-4.246317360000001,16.30547568,-19.25,90.650002,32.200001,1770467880.781758
-8.01390672,-2.49417288,13.8352392,-36.540001,53.549999,23.309999,1770467880.789763
-7.01575884,-1.15612812,11.920327200000001,-51.799999,23.66,24.43,1770467880.797767
-5.50058472,-0.11489472,10.64930436,-57.75,4.48,22.120001,1770467880.805813
-4.18408272,0.5146326,9.502750800000001,-62.09,-5.25,24.01,1770467880.813767
-3.1859348400000003,0.99096696,8.4136446,-64.68,-7.42,37.310001,1770467880.821828
-2.3912463600000002,1.29735288,7.49448684,-68.32,-8.33,42.209999,1770467880.829766
-2.0226258,1.5965578800000002,6.491551680000001,-66.43,-6.58,50.400002,1770467880.837753
-1.73299536,1.7760808799999999,5.32824264,-58.869999,-6.37,50.959999,1770467880.845757
-0.90240228,2.6784831600000003,3.9327505200000004,-44.799999,-2.8,60.549999,1770467880.853791
-0.76357116,2.81013336,3.0638592,-30.52,-11.34,73.57,1770467880.861763
-0.5074516800000001,3.17875392,2.2978944,-11.34,-21.91,76.300003,1770467880.869761
-0.34707780000000005,3.41572428,1.7210271600000002,3.08,-31.57,81.550003,1770467880.877757
-0.30399228000000006,3.71253564,1.36916208,21.77,-39.549999,82.389999,1770467880.88578
-0.15079932000000001,3.9542932800000004,1.12979808,35.560001,-43.75,85.82,1770467880.893759
0.10532016000000001,4.00695336,0.9526687200000001,49.209999,-46.48,82.739998,1770467880.901772
0.44282340000000003,4.028496120000001,1.0053288,63.77,-51.029999,75.389999,1770467880.909772
0.7803266400000001,4.29897744,1.4481522,67.550003,-49.700001,72.379997,1770467880.917757
1.2686292,4.698715320000001,2.63539764,68.669998,-44.099998,64.260002,1770467880.92577
2.07528588,4.73222628,4.68914076,53.41,-34.860001,57.119999,1770467880.933762
2.96571996,3.83221764,7.3006020000000005,36.119999,-18.690001,50.889999,1770467880.941759
3.6048218400000005,2.27874528,10.091586240000002,20.23,4.62,39.130001,1770467880.949767
3.5665236,0.42128064000000004,12.61687644,7.28,40.599998,33.740002,1770467880.957823
3.30082956,-0.9981478800000001,15.35998788,9.1,79.239998,29.610001,1770467880.96574
2.9082726,-2.05374312,18.6823602,11.55,113.959999,31.709999,1770467880.973992
2.35534176,-2.86518708,22.85208108,7.21,136.639999,31.639999,1770467880.982259
1.3428320400000002,-3.8106748800000005,25.21939104,-3.99,147.419998,36.119999,1770467880.9899
0.0047872800000000005,-4.7609499600000005,23.981879160000002,0.21,148.75,52.080002,1770467880.997774
-2.0417749200000004,-5.47904196,21.363237,-1.54,142.029999,70.349998,1770467881.005856
-7.410709440000001,-6.65910648,19.421994960000003,-15.89,154.910004,70.699997,1770467881.013761
-6.87453408,-4.9452602400000005,16.676489880000002,-27.440001,158.479996,35.349998,1770467881.021926
-8.0067258,-3.48035256,14.720886,-29.68,163.800003,29.75,1770467881.029761
-8.820563400000001,-1.6970907600000003,12.99985884,-27.58,161.839996,19.389999,1770467881.037775
-9.3591324,-0.05744736,11.501440200000001,-24.43,148.820007,6.16,1770467881.045858
-9.76844484,1.42182216,10.4003658,-27.65,129.080002,-4.97,1770467881.053758
-9.8378604,2.59949304,9.33040872,-28.77,101.150002,-15.75,1770467881.06176
-9.545836320000001,3.3367341600000002,8.155131480000001,-34.650002,66.43,-20.09,1770467881.069756
-8.83971252,3.6718437600000002,7.0732062,-37.310001,29.190001,-27.719999,1770467881.077842
-7.8846501600000005,3.67663104,5.92186536,-30.52,-12.11,-29.469999,1770467881.085779
-6.73330932,3.6383328,4.784886360000001,-22.120001,-46.689999,-31.780001,1770467881.093754
-5.58675576,3.51386352,3.7268974800000003,-10.78,-74.900002,-33.25,1770467881.101758
-4.3564248,2.75507964,3.0925828799999997,0.77,-101.639999,-32.759998,1770467881.10975
-3.8561540400000003,3.1763602800000004,1.8574646400000001,7.63,-120.540001,-35.279999,1770467881.117739
-2.09204136,3.53540628,1.13458536,24.639999,-129.080002,-27.790001,1770467881.125771
-1.5462914399999999,3.87290952,0.6654319200000001,33.669998,-136.990005,-11.9,1770467881.133751
-0.8090503200000001,4.26546648,0.45957888,40.32,-146.860001,3.78,1770467881.141787
-0.28005588000000003,4.43302128,0.31835412,42.560001,-157.429993,11.41,1770467881.149753
0.81623124,4.8351528,0.27048132,38.849998,-168.210007,21.42,1770467881.157749
1.10825532,4.7154708,0.67261284,33.880001,-169.960007,30.940001,1770467881.165848
1.67794164,4.59339516,1.31410836,20.51,-165.270004,32.970001,1770467881.17376
2.3457672,4.2415300799999995,2.6258230800000004,6.44,-143.779999,32.619999,1770467881.181755
2.9202408,3.4229052,4.849514640000001,-2.66,-106.959999,31.639999,1770467881.189758
3.2984359199999997,2.7167814000000003,7.3484748,-7.21,-53.34,24.219999,1770467881.197759
3.1380620400000003,1.7114526,9.876158640000002,-7.0,14.42,16.940001,1770467881.205759
2.3649163200000003,0.46197252000000005,11.901178080000001,-6.65,83.650002,13.23,1770467881.213826
0.6821874000000001,-0.88085952,14.402531880000002,4.76,145.949997,3.71,1770467881.221756
-1.25426736,-0.84495492,18.723052080000002,19.530001,193.830002,-6.51,1770467881.229777
-3.4995016800000003,-1.3404384000000003,23.7927816,22.610001,215.949997,-14.98,1770467881.237748
-5.80218336,-2.6617276800000003,26.270199,28.35,201.460007,-7.0,1770467881.245746
-8.6290722,-4.14578448,24.508479960000003,27.51,165.410004,14.21,1770467881.253736
-10.51286688,-5.50058472,21.937710600000003,11.41,107.099998,-0.28,1770467881.261753
-10.651698000000001,-5.021856720000001,19.6039116,1.33,39.830002,-1.05,1770467881.269765
-10.02456432,-3.9614742000000005,16.937396640000003,-11.9,-20.93,-6.09,1770467881.277809
-8.54768844,-2.96093268,14.83338708,-25.76,-72.589996,-4.2,1770467881.285869
-6.254581320000001,-2.3697036000000002,13.445075880000001,-38.080002,-106.68,-6.51,1770467881.293758
-3.97822968,-1.7449635600000002,12.0519774,-48.299999,-123.410004,-4.2,1770467881.301765
-1.92448656,-1.1609154000000002,10.63733616,-49.84,-128.729996,2.52,1770467881.309756
-0.35665236,-0.42367428,9.09343836,-49.98,-123.129997,14.56,1770467881.317754
0.55532448,0.26569404,7.595019720000001,-45.220001,-112.279999,23.17,1770467881.325846
0.7970821200000001,0.44521704,6.448466160000001,-39.759998,-95.059998,28.84,1770467881.333744
1.0891062,0.9071895600000001,5.036218560000001,-32.689999,-71.68,36.470001,1770467881.341766
3.2290203600000003,2.1423078,3.7508338800000005,-16.450001,-72.029999,64.540001,1770467881.349759
2.49896016,2.82210156,3.32237232,5.32,-59.009998,79.099998,1770467881.357795
2.31464988,3.30561684,2.8005588,19.459999,-45.43,83.860001,1770467881.365757
2.09682864,3.8513667600000003,2.14709508,28.559999,-31.360001,83.300003,1770467881.373767
1.79762364,4.3803612,1.2231500400000002,36.75,-16.24,82.040001,1770467881.381766
1.40267304,4.7394072000000005,0.10292652000000001,43.75,-4.9,76.790001,1770467881.389763
1.1489472,4.7824927200000005,-0.7731457199999999,45.57,2.31,64.959999,1770467881.397734
0.97421148,4.8231846,-1.06756344,40.669998,8.19,53.48,1770467881.405781
0.9646369200000001,4.698715320000001,-0.72527292,28.0,17.780001,42.700001,1770467881.413766
1.1824581600000001,4.686747120000001,0.299205,14.98,31.360001,33.110001,1770467881.421804
1.57740876,4.44977676,2.2978944,0.21,50.189999,29.75,1770467881.429864
1.9867212,3.7221102,5.0745168,-12.67,69.860001,23.799999,1770467881.437765
2.28113892,2.45826828,8.068960440000001,-20.09,94.5,19.879999,1770467881.445759
1.98193392,1.2087882,11.17111788,-28.559999,122.080002,17.360001,1770467881.453753
1.32368292,0.36383328000000004,14.6849814,-16.1,153.160004,15.33,1770467881.461745
0.16994844,-0.9526687200000001,18.143791200000003,0.35,175.699997,11.62,1770467881.469833
-1.5702278400000003,-1.40746032,22.509790560000003,8.96,189.699997,12.74,1770467881.477792
-3.4779589200000003,-1.6157070000000002,26.45450928,7.35,188.089996,18.76,1770467881.485757
-4.8902065200000004,-3.0973701600000005,26.91169452,12.67,167.580002,42.84,1770467881.493753
-6.32639052,-3.76758936,23.857409880000002,26.18,131.600006,54.880001,1770467881.50176
-9.9575424,-6.31442232,20.276524440000003,7.84,115.290001,45.220001,1770467881.509856
-8.777477880000001,-4.385148480000001,15.93924876,-0.21,88.620003,30.73,1770467881.517755
-8.856468000000001,-3.4779589200000003,13.6557162,-10.78,72.730003,17.15,1770467881.525811
-8.82535068,-2.5827375600000004,12.169265760000002,-21.98,62.860001,11.2,1770467881.533756
-8.722424160000001,-1.52714232,11.19266064,-32.689999,59.43,0.63,1770467881.541759
-8.334654480000001,-0.38058875999999997,10.21844916,-41.09,57.540001,-9.31,1770467881.549783
-7.865501040000001,0.66303828,9.10301292,-47.950001,51.52,-13.86,1770467881.557762
-7.3101765599999995,1.5965578800000002,7.920554760000001,-52.5,41.09,-25.620001,1770467881.565749
-6.668681040000001,2.1782124,7.006184280000001,-49.419998,25.549999,-30.59,1770467881.573789
-5.9386208400000005,2.58991848,6.10617564,-40.529999,7.28,-34.580002,1770467881.581766
-5.2468588800000004,2.692845,5.27079528,-25.48,-9.03,-33.669998,1770467881.58977
-4.87584468,2.99923092,4.44977676,-10.85,-25.76,-31.43,1770467881.597758
-4.10748624,3.1859348400000003,3.6718437600000002,6.51,-38.709999,-35.279999,1770467881.605766
-3.0758274,3.9590805600000003,3.05428464,24.99,-53.130001,-12.11,1770467881.613784
-2.69523864,4.05003888,2.71199412,34.720001,-66.709999,-2.31,1770467881.621762
-2.25720252,4.1338162800000005,2.2859262,36.400002,-79.660004,7.91,1770467881.629858
-1.70666532,4.18647636,1.7832618,36.959999,-94.57,13.44,1770467881.637792
-1.37873664,3.95189964,1.40506668,30.24,-110.669998,14.84,1770467881.645765
-0.7922948400000001,3.7508338800000005,0.97421148,20.09,-127.540001,12.67,1770467881.653791
-0.06462828000000001,3.7628020800000006,0.66303828,13.51,-136.080002,19.459999,1770467881.661759
0.8234121600000001,3.84897312,0.43085520000000005,14.42,-138.669998,27.370001,1770467881.669787
0.7899012,3.4588098,1.70666532,10.36,-126.07,37.939999,1770467881.677762
0.85213584,3.3367341600000002,3.45162888,11.34,-93.870003,46.900002,1770467881.68576
0.66782556,3.54019356,5.756704200000001,5.95,-43.189999,47.110001,1770467881.693756
0.32074776000000005,3.52343808,8.51896476,6.23,20.16,46.759998,1770467881.701782
-0.66782556,2.9202408,10.898242920000001,9.66,82.529999,46.759998,1770467881.709787
-2.81013336,2.0896477200000003,13.11954084,9.1,134.75,39.060001,1770467881.717904
-4.947653880000001,1.50559956,15.41982888,18.34,169.190002,25.200001,1770467881.725786
-8.44236828,0.7803266400000001,19.115609040000002,28.209999,188.089996,22.4,1770467881.733762
-11.704899600000001,-2.3577354,23.05314684,20.09,190.679993,17.5,1770467881.741755
-14.414500080000002,-4.1673272400000005,21.79169856,8.12,144.270004,11.2,1770467881.749767
-15.90813144,-5.206167,19.68290172,-5.11,78.120003,15.12,1770467881.757758
-15.72860844,-5.61069216,18.27304776,-15.96,4.06,12.11,1770467881.765743
-13.986038520000001,-5.347391760000001,16.98048216,-30.17,-66.43,6.58,1770467881.773752
-11.40330096,-3.96386784,15.78366216,-36.82,-123.129997,1.54,1770467881.781755
-8.60034852,-2.41518276,14.53418208,-39.41,-159.179993,-2.94,1770467881.789773
-5.543670240000001,-1.10346804,13.315819320000001,-47.529999,-181.649994,-2.73,1770467881.797891
-2.7838033200000005,0.22021488,12.02086008,-48.09,-195.160004,4.48,1770467881.805768
-0.6438891600000001,1.32128928,10.520047800000002,-50.119999,-197.610001,12.32,1770467881.813763
0.49308984000000006,1.61091972,8.796627,-43.889999,-191.380005,16.1,1770467881.821794
0.8425612800000001,1.50081228,7.0516634400000004,-34.09,-171.149994,17.57,1770467881.829883
3.40375608,3.96626148,5.00510124,-7.98,-170.520004,45.57,1770467881.837762
3.58327908,3.7077483600000005,4.81839732,16.1,-160.440002,54.18,1770467881.845748
3.6263646,3.6862056,4.03567704,23.450001,-145.809998,52.709999,1770467881.853786
3.71253564,3.7987066800000004,2.9154535200000002,25.969999,-127.330002,56.209999,1770467881.861787
3.5856727200000003,3.8178558000000002,1.7712936000000001,24.08,-108.080002,53.619999,1770467881.869763
3.26253132,3.9542932800000004,0.6199527600000001,21.139999,-84.0,54.110001,1770467881.877759
2.9369962800000002,4.20323184,-0.5505372000000001,14.35,-65.800003,48.02,1770467881.88576
2.8388570399999997,4.2726474,-1.5127804800000002,10.57,-43.959999,37.240002,1770467881.893766
2.86518708,4.1409972,-1.75453812,11.97,-21.700001,32.060001,1770467881.901762
3.19072212,4.05003888,-0.76357116,17.639999,7.35,25.9,1770467881.909768
3.64312008,3.86812224,1.3284702000000002,23.52,43.119999,18.059999,1770467881.917761
4.2128064,3.3343405200000005,4.05482616,28.559999,83.089996,13.79,1770467881.925776
4.43541492,2.37449088,7.152196320000001,24.08,121.519997,12.53,1770467881.933766
4.17450816,1.02208428,9.96232968,14.77,160.860001,18.059999,1770467881.941764
3.1859348400000003,-0.42128064000000004,12.3511824,6.23,198.169998,16.17,1770467881.949756
2.10879684,-1.7234208000000002,15.47009532,1.68,231.350006,21.98,1770467881.957818
0.7180920000000001,-2.5013538,19.455505920000004,-0.91,251.369995,26.879999,1770467881.965753
-1.2614482800000002,-2.84364432,23.24463804,-6.65,253.050003,40.25,1770467881.973866
-3.30082956,-3.66945012,24.922579680000002,-11.55,231.070007,54.32,1770467881.982996
-5.35217904,-4.98834576,22.87362384,-11.06,196.350006,63.84,1770467881.989962
-10.70435808,-8.04741768,19.14193908,-25.620001,177.520004,58.310001,1770467881.997764
-9.37588788,-6.95113056,15.48924444,-21.42,147.070007,34.299999,1770467882.005774
-10.0891926,-5.69207592,13.954921200000001,-14.63,127.190002,12.25,1770467882.013778
-10.41472764,-3.57131088,13.66289712,-9.45,109.760002,5.95,1770467882.021837
-9.95993604,-0.9335196,13.56954516,-10.08,90.93,-13.23,1770467882.029825
-9.244237680000001,1.44097128,12.89932596,-20.370001,67.550003,-19.110001,1770467882.037742
-8.44715556,3.02316732,11.58282396,-30.66,44.73,-26.6,1770467882.045765
-7.55672148,3.8776968000000003,9.895307760000001,-48.02,24.85,-36.259998,1770467882.053804
-6.481977120000001,3.8657286000000006,8.2700262,-56.0,7.28,-41.509998,1770467882.061806
-5.40723276,3.5760981600000004,6.82666128,-59.290001,-11.27,-46.830002,1770467882.069763
-4.5120114000000004,2.7694414800000002,5.684895,-55.09,-28.559999,-44.169998,1770467882.077754
-3.7436529600000004,2.32661808,4.5120114000000004,-45.080002,-43.330002,-47.740002,1770467882.085764
-3.23380764,2.37449088,3.5497681200000004,-31.85,-53.619999,-51.66,1770467882.093839
-2.0106576,3.11891292,2.6258230800000004,-14.21,-59.57,-42.560001,1770467882.101762
-1.7665063200000002,3.3439150800000004,2.2452343200000002,-1.33,-67.410004,-31.01,1770467882.109773
-1.5630469200000001,3.5976409200000004,2.11358412,9.1,-70.349998,-22.889999,1770467882.117754
-1.2063945600000001,4.25828556,1.83352824,17.290001,-72.660004,-21.559999,1770467882.125966
-0.54096264,4.54312872,1.66118616,23.66,-76.089996,-14.49,1770467882.13377
0.27287496,4.76813088,1.49841864,33.880001,-80.639999,-3.29,1770467882.141754
0.72048564,4.6963216800000005,1.75453812,43.75,-84.209999,14.21,1770467882.149761
0.7300602,4.634087040000001,2.0202321600000004,46.830002,-78.120003,28.84,1770467882.157751
0.5912290800000001,4.46653224,2.65454676,47.880001,-60.34,35.419998,1770467882.165753
0.36143964000000006,4.246317360000001,4.071581640000001,37.450001,-27.58,39.689999,1770467882.173772
-0.11489472,3.8393985600000002,6.40538064,30.450001,23.870001,42.07,1770467882.181897
-0.86649768,3.3463087200000006,8.84210616,23.870001,87.220001,41.720001,1770467882.189759
-2.36012904,2.4750237600000005,11.25728892,16.52,156.729996,43.049999,1770467882.197749
-5.0960595600000005,1.3428320400000002,14.14880604,20.860001,211.399994,33.110001,1770467882.205751
-8.018694,1.58698332,16.324624800000002,33.32,241.149994,34.439999,1770467882.213746
-15.47248896,-3.6407264400000003,19.20417372,30.870001,258.790009,22.959999,1770467882.221758
-18.0001728,-3.26971224,17.40415644,35.419998,218.820007,-12.81,1770467882.229774
-20.8126998,-4.41147852,16.58074428,36.330002,138.949997,-8.68,1770467882.23783
-22.078935360000003,-5.19659244,15.65201196,36.540001,27.51,-21.700001,1770467882.24576
-20.444079240000004,-5.69207592,15.16849668,26.530001,-80.43,-27.440001,1770467882.253755
-16.60707432,-5.455105560000001,15.0559956,19.32,-169.399994,-30.309999,1770467882.26176
-12.21235128,-4.5670651200000005,14.86211076,10.15,-231.350006,-33.669998,1770467882.269747
-7.98757668,-3.410937,14.62992768,0.77,-267.399994,-33.459999,1770467882.277737
-4.2319555200000005,-2.16145692,14.347478160000001,-14.35,-284.269989,-30.59,1770467882.285739
-0.81623124,-0.7180920000000001,13.775398200000001,-28.209999,-288.190002,-25.76,1770467882.293758
1.36198116,0.45000432000000007,12.430172520000001,-44.59,-277.619995,-16.379999,1770467882.301748
1.93406112,0.61755912,10.13945904,-52.290001,-249.970001,-14.7,1770467882.309869
4.47131952,0.2513322,8.236515240000001,-56.98,-241.639999,-4.97,1770467882.317753
5.045793120000001,2.62821672,5.876386200000001,-31.780001,-214.759995,32.549999,1770467882.325758
5.0314312800000005,2.6736958800000004,5.08169772,-16.59,-185.639999,44.939999,1770467882.333774
4.94047296,3.13088112,4.06679436,-7.14,-156.520004,50.610001,1770467882.341775
4.8231846,3.5569490400000006,2.8484316,-1.68,-127.330002,52.290001,1770467882.349878
4.55270328,3.9447187200000005,1.65639888,3.01,-101.010002,48.720001,1770467882.357749
4.222380960000001,4.14578448,0.62474004,8.47,-76.790001,40.810001,1770467882.365763
3.76040844,4.2104127600000005,-0.28005588000000003,7.98,-49.349998,34.439999,1770467882.373766
3.2074776,4.083549840000001,-1.1202235200000001,10.43,-24.15,26.110001,1770467882.381764
2.74550508,3.8058876000000006,-1.6228879200000002,11.69,2.59,19.950001,1770467882.389808
2.54204568,3.5449808400000005,-1.53432324,11.48,31.43,8.54,1770467882.397782
2.5803439200000002,3.34870236,-0.7348474800000001,14.56,60.619999,0.98,1770467882.405762
2.7598669200000003,3.3151914000000002,0.91915776,12.53,91.559998,-4.76,1770467882.413772
3.0255609600000004,3.2984359199999997,3.41333064,13.65,127.400002,-11.48,1770467882.421828
3.27449952,3.08061468,6.41974248,15.33,161.699997,-12.39,1770467882.429858
3.2362012800000004,2.3577354,8.88279804,14.35,198.169998,-15.82,1770467882.437759
2.79816516,1.33325748,10.98202032,19.809999,229.25,-21.91,1770467882.445779
1.7449635600000002,0.82819944,13.696408080000001,21.559999,255.360001,-13.58,1770467882.453758
-0.30159864000000003,1.1202235200000001,17.3778264,23.66,279.019989,-6.44,1770467882.46176
-3.21705216,2.27156436,22.66298352,10.99,286.929993,-1.4,1770467882.469768
-5.62026672,1.5223550399999999,25.53295788,-14.14,270.130005,4.69,1770467882.47781
-7.381985760000001,-0.9263386800000001,24.120710280000004,-15.54,229.669998,26.459999,1770467882.485751
-9.00487368,-1.6204942800000002,19.1251836,-9.38,175.070007,49.91,1770467882.493755
-12.27219228,-5.356966320000001,15.94882332,-24.99,151.619995,39.619999,1770467882.501764
-11.71926144,-4.7633436,12.83230404,-33.040001,110.110001,13.58,1770467882.509766
-11.80543248,-4.6915344,11.97298728,-30.1,78.959999,11.41,1770467882.51791
-11.81979432,-4.0452516,11.7767088,-31.43,56.560001,-11.13,1770467882.525757
-11.37218364,-2.82210156,11.46792924,-37.380001,42.98,-23.379999,1770467882.533758
-10.347705720000002,-1.45293948,10.555952400000002,-40.740002,29.959999,-34.93,1770467882.541798
-9.170034840000001,-0.33271596000000003,9.16046028,-43.540001,14.07,-47.25,1770467882.549816
-8.11204596,0.28244952,7.80805368,-41.790001,-0.7,-53.830002,1770467882.557758
-7.13783448,0.6702192000000001,6.73570296,-37.099998,-16.309999,-62.439999,1770467882.565758
-6.19234668,1.0555952400000002,5.768672400000001,-28.77,-32.200001,-65.029999,1770467882.573779
-5.313880800000001,1.4337903600000002,5.0098885200000005,-17.780001,-44.799999,-67.129997,1770467882.58192
-4.5718524,1.7880490800000002,4.25828556,-8.26,-57.75,-67.900002,1770467882.58977
-3.8034939600000004,2.1303396,3.5665236,0.0,-69.019997,-65.589996,1770467882.597756
-3.1763602800000004,2.49177924,3.0040182,11.76,-80.220001,-60.759998,1770467882.60576
-2.59949304,2.8675807200000003,2.71199412,21.07,-88.199997,-55.720001,1770467882.613766
-2.29310712,3.00641184,2.70720684,27.16,-93.309998,-53.970001,1770467882.621858
-1.5941642400000002,3.49232076,2.4893856,34.299999,-95.410004,-47.25,1770467882.62981
-0.89043408,3.7316847600000003,2.2978944,37.73,-100.379997,-32.759998,1770467882.637743
-0.17473572,3.88727136,2.10161592,46.759998,-107.730003,-20.299999,1770467882.64577
0.57207996,4.1338162800000005,1.9149120000000002,51.450001,-118.230003,4.83,1770467882.653908
0.28963044000000004,4.1122735200000005,1.93406112,50.189999,-115.989998,17.57,1770467882.661754
0.17712936,4.083549840000001,2.49177924,47.18,-101.43,28.35,1770467882.66985
-0.026330040000000002,4.16253996,4.14578448,37.66,-67.550003,34.860001,1770467882.677752
-0.23697036000000002,4.32291384,6.67107468,32.549999,-11.48,35.209999,1770467882.685757
-0.5864418,4.2319555200000005,9.41418612,23.799999,58.099998,38.919998,1770467882.693756
-1.76411268,3.8346112800000003,12.06873288,19.32,119.279999,35.419998,1770467882.701746
-4.10030532,2.9322090000000003,14.66822592,15.33,168.279999,22.540001,1770467882.709843
-7.09235532,2.41997004,16.59031884,18.48,199.289993,13.23,1770467882.717794
-11.2142034,1.4002794,18.610551,20.299999,210.630005,7.63,1770467882.725757
-15.450946200000002,-2.06571132,19.05576804,2.31,190.190002,-5.88,1770467882.73377
-16.841651040000002,-3.1835412,17.49511476,-2.1,120.610001,-15.47,1770467882.741744
-17.98341732,-4.962015720000001,16.44670044,-2.52,38.080002,-18.059999,1770467882.749785
-17.069046840000002,-6.177984840000001,15.632862840000001,-7.14,-53.34,-24.5,1770467882.757899
-14.5293948,-6.8099058,15.295359600000001,-9.24,-130.130005,-31.57,1770467882.765757
-11.33149176,-6.182772120000001,14.601204000000001,-13.86,-184.729996,-34.369999,1770467882.773765
-7.824809160000001,-4.938079320000001,13.923803880000001,-15.47,-215.880005,-37.099998,1770467882.78224
-4.52637324,-3.28168044,13.45465044,-20.23,-235.410004,-42.0,1770467882.789777
-1.52474868,-1.31889564,12.944805120000002,-24.639999,-237.860001,-34.860001,1770467882.797786
0.83538036,0.43564248000000005,11.757559680000002,-27.65,-232.190002,-31.709999,1770467882.805759
1.55107872,0.8617104000000001,10.00302156,-25.48,-213.710007,-29.610001,1770467882.813779
5.1223896,0.9694242000000001,7.95406572,-25.620001,-201.25,-34.23,1770467882.82193
4.37078664,3.57370452,5.8165452,1.54,-190.190002,2.66,1770467882.829866
4.56227784,3.5018953200000005,5.2037733600000005,21.07,-165.899994,11.2,1770467882.837762
4.36599936,4.0045597200000005,4.22716824,26.32,-139.509995,28.0,1770467882.845802
4.15057176,4.47371316,3.09497652,26.18,-111.089996,23.1,1770467882.853767
3.7963130400000002,4.79206728,2.0130512400000002,17.57,-83.230003,28.139999,1770467882.861752
3.4396606800000002,4.87584468,1.13937264,14.35,-56.91,28.559999,1770467882.869752
3.0279546,4.6556298,0.50027076,5.67,-32.200001,24.01,1770467882.8778
2.59470576,4.08833712,-0.045479160000000005,1.4,-9.38,18.620001,1770467882.885766
2.1782124,3.41572428,-0.6199527600000001,0.0,14.0,8.26,1770467882.893762
1.90055016,2.85561252,-0.86410404,1.68,37.939999,1.47,1770467882.901763
1.86225192,2.513322,-0.30159864000000003,10.01,61.880001,-4.83,1770467882.909758
2.02741308,2.5013538,1.2877783200000001,17.85,90.650002,-11.76,1770467882.91782
2.31225624,2.50614108,3.76040844,24.57,118.720001,-15.54,1770467882.925755
2.59949304,2.37209724,6.63517008,26.530001,147.210007,-21.139999,1770467882.933772
2.5372584,1.6181006400000002,9.215514,26.879999,177.520004,-20.58,1770467882.941765
1.98193392,0.30638592000000003,11.61633492,30.309999,202.580002,-15.47,1770467882.949782
0.68458104,-0.3949506,14.383382760000002,35.209999,226.169998,-2.8,1770467882.957843
-1.08671256,-0.27048132,18.25868592,35.630001,241.009995,9.03,1770467882.965763
-3.6981738,0.19627848000000003,23.28293628,18.969999,240.940002,18.690001,1770467882.974001
-6.00564276,-0.67740012,25.793864640000002,-1.54,215.740005,34.439999,1770467882.982456
-7.12347264,-2.23326612,23.31884088,-5.25,167.860001,61.810001,1770467882.990529
-10.278290160000001,-4.72025808,18.91214964,-12.67,145.320007,71.470001,1770467882.997764
-11.38654548,-6.19234668,14.62992768,-32.549999,110.110001,36.610001,1770467883.005776
-11.446386480000001,-6.6519255600000005,12.72698388,-31.57,88.480003,19.6,1770467883.013798
-11.73601692,-5.964950880000001,12.4588962,-26.18,76.370003,5.81,1770467883.021779
-11.75995332,-4.16972088,12.597727320000002,-23.59,67.059998,-13.51,1770467883.030031
-11.16154332,-1.9149120000000002,12.157297560000002,-21.280001,54.529999,-25.83,1770467883.037745
-10.431483120000001,0.23697036000000002,10.94850936,-22.68,35.77,-34.93,1770467883.04576
-9.706210200000001,1.79523,9.54344268,-28.209999,15.47,-49.560001,1770467883.053876
-8.62667856,2.5372584,8.267632560000001,-31.08,-4.48,-57.82,1770467883.061762
-7.2790592400000005,2.6784831600000003,7.1043235199999994,-27.860001,-24.639999,-64.330002,1770467883.069767
-6.04633464,2.5851311999999997,6.14926116,-23.450001,-43.75,-66.150002,1770467883.077758
-4.99792032,2.6234294400000002,5.29473168,-12.67,-62.23,-65.940002,1770467883.085755
-4.11466716,2.7359305199999997,4.40190396,-5.25,-77.910004,-67.339996,1770467883.093753
-3.3870006000000004,2.86279344,3.63115188,3.08,-90.089996,-60.970001,1770467883.101754
-2.7838033200000005,2.9346026400000005,3.0375291600000005,11.48,-102.970001,-66.5,1770467883.109762
-2.42236368,3.6239709600000003,2.54204568,16.52,-108.43,-64.260002,1770467883.117757
-1.2853846800000002,4.0476452400000005,2.23565976,25.620001,-113.959999,-57.68,1770467883.125753
-0.53378172,4.686747120000001,1.93406112,31.639999,-119.209999,-49.279999,1770467883.133771
0.53138808,5.52212748,1.57740876,40.459999,-133.979996,-32.689999,1770467883.141757
0.9287323200000001,5.35457268,1.60134516,50.889999,-139.860001,-15.89,1770467883.149758
1.2255436800000001,5.51255292,1.60852608,59.43,-141.399994,0.77,1770467883.157752
1.3524066000000001,5.639415840000001,1.6396434000000002,65.169998,-132.929993,11.9,1770467883.165813
1.50559956,5.70165048,2.0704986,58.450001,-115.220001,18.41,1770467883.17376
1.555866,5.66574588,3.28646772,44.59,-81.410004,24.780001,1770467883.181757
1.68033528,5.30669988,5.505372,28.209999,-24.57,24.360001,1770467883.189746
1.6204942800000002,4.38993576,8.41603824,14.84,46.970001,33.669998,1770467883.197748
0.6462827999999999,3.0734337600000003,11.532557520000001,4.9,120.400002,31.780001,1770467883.205765
-1.42900308,1.46251404,14.71370508,-8.47,188.509995,27.370001,1770467883.213877
-4.1673272400000005,0.538569,18.299377800000002,-9.73,241.850006,15.61,1770467883.221754
-6.979854240000001,-0.25611948,21.327332400000003,8.75,269.149994,16.030001,1770467883.230017
-13.55039604,-4.083549840000001,22.89756024,4.76,274.119995,7.63,1770467883.237755
-15.93685512,-3.66466284,19.76189184,6.86,216.160004,-2.94,1770467883.245754
-18.64884924,-4.56227784,17.53820028,-1.19,128.940002,-8.33,1770467883.253823
-19.2209292,-5.19898608,15.647224679999999,-7.0,22.610001,-17.219999,1770467883.261761
-17.605222200000004,-5.39526456,14.914770840000001,-16.450001,-74.900002,-27.860001,1770467883.269765
-14.33311632,-4.76573724,14.52460752,-17.15,-150.639999,-35.419998,1770467883.277748
-10.450632240000001,-3.67902468,13.85438832,-17.780001,-199.220001,-42.139999,1770467883.285739
-6.75724572,-2.38885272,13.11475356,-16.379999,-228.690002,-46.830002,1770467883.293742
-3.2912550000000005,-0.86889132,12.29852232,-19.110001,-243.809998,-48.16,1770467883.301765
-0.36383328000000004,0.7228792800000001,11.26446984,-14.42,-247.660004,-42.91,1770467883.309758
1.17767088,1.47448224,9.890520480000001,-11.76,-240.309998,-42.139999,1770467883.317762
1.4481522,1.04841432,8.15991876,-10.22,-214.270004,-41.09,1770467883.325893
4.85430192,4.2104127600000005,5.42877552,6.86,-225.330002,-7.56,1770467883.333808
4.9428666,3.0303482400000004,4.904568360000001,25.620001,-199.850006,21.629999,1770467883.341761
4.806429120000001,3.1691793600000002,3.56412996,25.9,-170.449997,29.82,1770467883.3498
4.686747120000001,3.3870006000000004,2.1590632800000003,19.879999,-140.210007,40.950001,1770467883.357858
4.54312872,3.65748192,1.04362704,18.34,-109.970001,40.599998,1770467883.365749
4.38754212,3.6838119600000003,0.32074776000000005,11.55,-79.870003,37.099998,1770467883.37375
4.07397528,3.7340784,-0.17952300000000002,7.07,-48.439999,36.889999,1770467883.381785
3.7005674400000004,3.6455137200000003,-0.5912290800000001,7.84,-15.47,31.5,1770467883.389799
3.30082956,3.36067056,-0.9287323200000001,8.26,16.73,24.01,1770467883.397752
3.0135927600000003,3.2433822000000005,-1.02447792,15.61,48.509998,12.88,1770467883.405759
2.8484316,3.38939424,-0.48590892,22.889999,81.620003,7.07,1770467883.413757
2.81013336,3.50907624,1.0101160800000002,26.74,113.400002,-3.29,1770467883.421807
2.86518708,3.5449808400000005,3.16678572,25.620001,144.619995,-10.99,1770467883.429802
2.90348532,3.26492496,5.90989716,17.219999,180.600006,-13.51,1770467883.43777
2.5492266,2.23087248,8.80620156,3.08,214.899994,-11.62,1770467883.445754
1.51038684,0.34707780000000005,10.967658479999999,-11.48,249.970001,-7.0,1770467883.453862
0.12446928,-1.15612812,13.543215120000001,-19.879999,279.369995,-0.7,1770467883.461757
-1.5175677600000002,-1.9556038800000002,17.5094766,-14.98,296.589996,7.84,1770467883.469767
-4.12184808,-1.5606532800000001,22.392502200000003,-21.07,297.01001,20.65,1770467883.477742
-7.49448684,-1.735389,24.788535840000005,-24.219999,272.440002,36.540001,1770467883.485802
-11.82218796,-4.76813088,22.998093120000004,-27.16,242.270004,46.759998,1770467883.493763
-13.61023704,-6.194740320000001,17.44006104,-28.77,197.050003,18.27,1770467883.501762
-14.66822592,-6.2737304400000005,13.780185480000002,-25.690001,134.75,11.69,1770467883.509774
-15.31211508,-5.71122504,12.63123828,-22.540001,84.699997,-0.7,1770467883.517809
-15.1756776,-4.397116680000001,12.951986040000001,-17.01,43.75,-15.4,1770467883.525771
-13.998006720000001,-2.07289224,13.28948928,-19.530001,10.22,-25.059999,1770467883.533802
-12.42538524,-0.03111732,12.48043896,-23.52,-16.1,-40.110001,1770467883.541762
-10.83600828,1.37155572,10.77616728,-31.08,-37.799999,-48.369999,1770467883.549804
-9.083863800000001,2.2021488000000002,9.14849208,-33.32,-52.779999,-61.529999,1770467883.557836
-7.46097588,2.4893856,7.90379928,-31.85,-63.77,-65.239998,1770467883.56579
-6.0080364,2.53965204,6.860172240000001,-29.540001,-73.919998,-70.489998,1770467883.573765
-4.808822760000001,2.45587464,5.72558688,-21.35,-84.910004,-73.989998,1770467883.58178
-3.8896650000000004,2.44390644,4.64844888,-11.76,-92.400002,-68.389999,1770467883.589936
-3.1165192800000003,2.6234294400000002,3.77237664,-1.54,-99.540001,-70.769997,1770467883.597746
-2.4750237600000005,3.02077368,3.09497652,10.08,-107.169998,-63.349998,1770467883.605757
-2.00108304,3.23859492,2.70960048,17.219999,-113.120003,-64.190002,1770467883.613804
-1.78565544,3.35348964,2.50853472,21.139999,-116.199997,-66.709999,1770467883.621774
-0.9933606,3.7915257600000003,2.22369156,33.669998,-112.209999,-56.84,1770467883.629771
-0.18670392000000002,4.44738312,1.91251836,44.66,-116.339996,-46.619999,1770467883.637729
0.4667598,4.492862280000001,1.9292738400000002,61.950001,-122.360001,-20.860001,1770467883.645761
0.85931676,4.6316934000000005,2.0202321600000004,67.830002,-122.010002,-9.31,1770467883.653759
0.86889132,4.686747120000001,2.2619898000000003,72.309998,-116.059998,10.92,1770467883.661757
0.9215514,4.7394072000000005,2.66651496,68.949997,-100.519997,21.209999,1770467883.66978
0.72527292,4.646055240000001,3.54019356,59.290001,-71.260002,31.290001,1770467883.677763
0.299205,4.607757,5.21095428,51.66,-22.26,38.009998,1770467883.685762
-0.34947144,4.3803612,7.827202800000001,38.990002,39.549999,39.200001,1770467883.693768
-1.5079932,3.7939194,10.941328440000001,29.540001,107.449997,35.419998,1770467883.701792
-3.52822536,2.7048132000000003,14.139231480000001,16.17,169.399994,27.370001,1770467883.709834
-6.0200046,1.4936313600000002,16.98766308,5.53,210.279999,12.53,1770467883.717762
-9.409398840000001,1.03165884,18.387942480000003,15.12,222.389999,15.12,1770467883.725768
-15.66158652,-3.84418584,20.28370536,-1.82,218.75,-0.14,1770467883.733846
-17.17676064,-4.46653224,18.01932192,-1.75,160.089996,-18.059999,1770467883.741787
-18.82837224,-6.18995304,17.164792440000003,-0.98,73.080002,-20.02,1770467883.749772
-18.316133280000003,-7.389166680000001,16.45866864,-3.57,-30.799999,-26.879999,1770467883.75776
-15.73339572,-7.420284,15.93685512,-3.92,-118.230003,-30.66,1770467883.765759
-12.05676468,-5.924259,14.92913268,-2.38,-181.860001,-34.02,1770467883.773774
-8.06177952,-3.87530316,14.139231480000001,-3.99,-221.059998,-33.040001,1770467883.781899
-4.49764956,-1.7665063200000002,13.6676844,-5.88,-242.410004,-38.360001,1770467883.789824
-1.3524066000000001,0.25372584000000004,12.88017684,-13.79,-248.919998,-29.190001,1770467883.797787
0.85931676,1.6396434000000002,11.642664960000001,-21.77,-245.910004,-21.559999,1770467883.80574
1.5127804800000002,1.50081228,9.45248436,-30.66,-225.050003,-26.530001,1770467883.813766
4.2128064,1.7497508400000001,6.1755912,-34.790001,-209.300003,-20.58,1770467883.821814
4.58142696,2.91784716,5.02425036,-16.59,-191.729996,16.59,1770467883.829769
4.37557392,3.2002966800000006,3.89684592,-8.89,-167.089996,37.799999,1770467883.837772
4.27982832,3.47556528,2.62821672,-3.78,-140.839996,45.639999,1770467883.84576
4.2008382,3.7987066800000004,1.3739493600000001,-5.81,-114.940002,44.52,1770467883.853759
4.0476452400000005,3.86812224,0.48830256000000005,-2.8,-88.760002,50.959999,1770467883.861759
3.77716392,3.86333496,-0.052660080000000005,4.13,-61.740002,43.540001,1770467883.869829
3.42769248,3.7532275200000003,-0.44521704,7.91,-34.09,42.84,1770467883.877869
3.0423164400000005,3.56891724,-0.7180920000000001,16.52,-5.11,31.43,1770467883.885769
2.7263559600000002,3.3439150800000004,-0.7970821200000001,23.1,22.190001,23.450001,1770467883.89376
2.54443932,3.2481694800000005,-0.41649336000000003,30.799999,51.310001,20.860001,1770467883.901769
2.6784831600000003,3.32476596,0.67740012,35.139999,81.199997,9.66,1770467883.909756
2.8915171200000005,3.41333064,2.39364,36.75,110.18,9.94,1770467883.917796
3.1260938400000002,3.34870236,4.55749056,41.650002,139.860001,1.75,1770467883.925807
2.99923092,2.7048132000000003,7.1689518,36.119999,174.509995,6.02,1770467883.93392
2.42715096,1.5415041600000001,9.66791196,28.0,212.520004,-1.61,1770467883.941804
1.3739493600000001,-0.28005588000000003,12.164478480000001,16.24,246.679993,-3.08,1770467883.949772
0.16276752,-1.4601204,15.369562440000001,11.9,273.910004,3.99,1770467883.957843
-1.88618832,-1.59895152,20.240619840000004,14.7,293.440002,11.2,1770467883.965787
-4.46174496,-1.6516116,25.93269576,1.89,286.790009,24.92,1770467883.974526
-7.204856400000001,-2.9274217200000003,27.63936108,-5.11,259.070007,41.369999,1770467883.982076
-10.503292320000002,-5.5388829600000005,23.17282884,-7.63,231.630005,60.830002,1770467883.989897
-12.46847076,-6.3790506,16.64297892,-18.76,191.100006,32.689999,1770467883.997805
-13.193743679999999,-6.156442080000001,12.79161216,-18.690001,141.539993,22.889999,1770467884.0058
-14.06502864,-4.9763775599999995,11.561281200000002,-15.33,107.099998,6.86,1770467884.013759
-14.53418208,-3.3319468800000003,11.78628336,-17.639999,82.599998,-7.42,1770467884.021757
-13.947740280000001,-1.24948008,12.109424760000001,-24.219999,57.049999,-27.299999,1770467884.030009
-12.78682488,0.83059308,11.29319352,-27.09,32.41,-36.189999,1770467884.037759
-11.61394128,2.2619898000000003,9.83307312,-30.24,6.44,-49.209999,1770467884.045765
-10.321375680000001,2.89391076,8.34422904,-36.889999,-16.24,-60.060001,1770467884.053765
-8.89715988,3.07104012,7.140228120000001,-36.470001,-35.630001,-64.470001,1770467884.061829
-7.508848680000001,3.04710372,6.1229311200000005,-30.030001,-53.900002,-67.480003,1770467884.069791
-6.36947604,3.05907192,5.21334792,-23.66,-69.790001,-63.490002,1770467884.077745
-5.40005184,3.171573,4.4641386,-12.11,-85.190002,-64.68,1770467884.085758
-4.68195984,3.3822133200000004,3.71971656,-6.23,-98.980003,-62.580002,1770467884.093751
-4.038070680000001,3.3319468800000003,3.10694472,0.0,-109.199997,-68.389999,1770467884.10175
-2.6784831600000003,4.47131952,2.2141170000000003,9.87,-120.540001,-59.779999,1770467884.10983
-2.2859262,4.62929976,1.98911484,17.639999,-130.759995,-50.189999,1770467884.117746
-1.8431028,4.808822760000001,1.71384624,21.559999,-140.0,-52.360001,1770467884.125753
-0.89043408,5.30909352,1.21357548,24.92,-151.550003,-47.389999,1770467884.133773
0.78750756,6.1229311200000005,0.8832531600000001,38.360001,-169.330002,-34.580002,1770467884.141798
1.18006452,5.4957974400000005,1.11782988,46.34,-182.770004,-13.93,1770467884.14984
1.50559956,5.2157415600000006,1.2446928,53.130001,-183.050003,8.61,1770467884.157745
1.6420370400000002,4.8471210000000005,1.6516116,54.110001,-170.520004,22.540001,1770467884.165751
1.7425699200000002,4.44259584,2.6449722,50.189999,-136.710007,30.379999,1770467884.173737
1.84070916,4.06200708,4.44498948,44.450001,-76.790001,43.400002,1770467884.181762
1.79762364,3.3463087200000006,6.9439496400000005,43.68,1.19,45.009998,1770467884.189748
1.1489472,2.4056082,9.663124680000001,36.610001,83.720001,46.549999,1770467884.197749
-0.41649336000000003,1.2805974,12.90650688,34.09,158.690002,31.290001,1770467884.205795
-3.31279776,0.6295273200000001,17.35389,27.299999,223.929993,13.23,1770467884.213754
-5.81175792,0.5912290800000001,21.19089492,34.509998,268.100006,5.6,1770467884.221754
-10.39557852,-0.36622692,22.686919919999998,41.509998,285.040009,11.41,1770467884.229762
-15.33605148,-3.0351355200000003,21.33451332,27.860001,254.589996,5.95,1770467884.237765
-17.77038336,-4.08833712,18.88103232,14.98,163.380005,-8.89,1770467884.245869
-18.78289308,-5.151113280000001,16.99005672,1.89,60.41,-14.63,1770467884.253753
-17.72251056,-5.672926800000001,15.65201196,-3.78,-44.029999,-31.57,1770467884.261746
-14.735247840000001,-5.227709760000001,14.950675440000001,-7.7,-131.529999,-37.52,1770467884.269758
-10.747443600000002,-3.82503672,14.50067112,-7.56,-193.619995,-45.009998,1770467884.277733
-6.81708672,-2.30507532,14.06981592,-11.69,-227.5,-44.450001,1770467884.285772
-3.37981968,-0.8329867200000001,13.23443556,-13.72,-248.149994,-47.040001,1770467884.293753
-0.53138808,0.32792868000000003,12.05915832,-21.700001,-252.419998,-39.900002,1770467884.301758
1.0388397600000001,0.9383068800000001,10.1969064,-25.690001,-241.429993,-32.549999,1770467884.309753
1.40746032,0.9263386800000001,8.03784312,-32.759998,-214.550003,-29.540001,1770467884.317752
6.51309444,2.80295244,5.2301034,-32.34,-209.720001,1.4,1770467884.325856
3.87530316,3.0973701600000005,4.0476452400000005,-20.58,-186.199997,18.620001,1770467884.334057
3.8561540400000003,2.9944436400000005,3.2409885600000004,-17.57,-159.110001,29.469999,1770467884.341817
3.76758936,3.2673186000000003,2.17581876,-21.700001,-129.850006,39.970001,1770467884.349795
3.76040844,3.7005674400000004,1.2087882,-24.01,-102.900002,41.860001,1770467884.357803
3.5976409200000004,3.9207823200000003,0.54096264,-23.1,-77.0,44.240002,1770467884.365769
3.3391278000000004,4.059613440000001,0.09335196000000001,-20.440001,-49.209999,39.619999,1770467884.373791
3.0830083200000002,4.08594348,-0.299205,-13.93,-21.35,32.970001,1770467884.381766
2.80534608,3.98301696,-0.67740012,-4.48,5.11,25.34,1770467884.38975
2.64257856,3.5066826,-0.7611775199999999,-0.21,33.32,18.76,1770467884.397775
2.6689086000000004,3.0135927600000003,-0.26090676,2.31,61.880001,13.44,1770467884.405756
2.8723680000000003,2.35534176,1.2901719600000001,4.2,92.330002,9.94,1770467884.413772
3.15242388,1.4577267600000001,3.82503672,6.09,130.619995,7.91,1770467884.421777
3.26971224,0.7276665600000001,6.6519255600000005,9.59,167.440002,10.71,1770467884.429772
3.05907192,-0.26090676,9.28971684,9.1,206.289993,7.98,1770467884.437769
2.08725408,-1.5415041600000001,10.9748394,16.66,241.289993,8.61,1770467884.44576
0.76357116,-2.18539332,13.01661432,28.209999,267.049988,12.88,1770467884.453762
-0.9861796800000001,-2.25959616,16.02302616,38.43,282.380005,25.48,1770467884.461756
-3.4300861200000003,-1.2063945600000001,20.46322836,33.32,275.589996,37.869999,1770467884.469754
-7.04687616,-0.87607224,24.38640432,13.23,252.630005,42.630001,1770467884.477731
-10.1610018,-1.8981565200000001,22.77787824,1.75,217.490005,46.689999,1770467884.48576
-12.4828326,-4.373180280000001,17.66027592,-15.75,182.839996,33.389999,1770467884.493783
-12.777250320000002,-4.9548348,13.90944204,-13.79,137.550003,24.709999,1770467884.501764
-13.303851120000001,-4.50961776,12.81076128,-2.45,104.650002,9.17,1770467884.509766
-13.44986316,-3.26253132,12.975922440000002,-2.03,79.169998,-3.57,1770467884.517754
-12.968741520000002,-1.35480024,13.13390268,-2.59,56.419998,-23.379999,1770467884.525921
-11.941869960000002,0.36862056,12.466077120000001,-9.52,37.169998,-35.91,1770467884.533749
-10.76419908,1.5415041600000001,10.99638216,-15.47,18.41,-50.889999,1770467884.541786
-9.5865282,2.20932972,9.3112596,-18.9,2.1,-62.439999,1770467884.549782
-8.2939626,2.42236368,7.901405640000001,-22.540001,-12.67,-72.730003,1770467884.557763
-7.006184280000001,2.44390644,6.891289560000001,-19.459999,-26.6,-76.580002,1770467884.565765
-5.8739925600000005,2.40800184,6.0583028400000005,-15.05,-42.0,-77.559998,1770467884.573754
-5.0027076,2.55162024,5.30909352,-5.46,-54.529999,-77.489998,1770467884.58177
-4.27982832,2.90348532,4.622118840000001,4.48,-67.900002,-73.779999,1770467884.589848
-3.6957801600000004,3.30561684,4.07876256,14.56,-78.889999,-70.419998,1770467884.597766
-3.3463087200000006,3.3319468800000003,3.6479073600000005,21.0,-90.650002,-74.550003,1770467884.605792
-2.18539332,4.488075,2.99923092,32.34,-99.68,-60.200001,1770467884.613758
-1.7473572000000002,4.91653656,2.752686,43.75,-109.199997,-50.75,1770467884.621756
-1.18724544,5.28036984,2.4247573200000003,54.389999,-119.0,-33.950001,1770467884.62987
-0.62713368,5.361753600000001,2.1207650399999998,61.110001,-127.400002,-18.41,1770467884.637771
-0.20824668000000002,5.349785400000001,1.8454964400000002,67.339996,-132.300003,-4.9,1770467884.645756
0.25372584000000004,5.3761154399999995,1.69230348,69.230003,-135.100006,8.96,1770467884.653826
0.37580148,5.3019126000000005,1.8454964400000002,64.330002,-127.610001,21.49,1770467884.661763
0.40452516000000005,5.060154960000001,2.40082092,53.970001,-104.230003,33.18,1770467884.66976
0.27526860000000003,4.43302128,3.769983,38.990002,-54.810001,41.720001,1770467884.677736
-0.06462828000000001,3.4851398400000004,6.09420744,29.68,10.99,50.119999,1770467884.685781
-1.0172970000000001,2.2835325600000003,8.81577612,17.43,85.889999,42.490002,1770467884.693886
-2.7646542000000003,0.85213584,11.956231800000001,15.19,155.820007,35.209999,1770467884.701749
-4.71307716,0.30877956,15.39589248,20.299999,209.860001,22.75,1770467884.709766
-9.605677320000002,-0.27766224,18.22996224,30.66,247.240005,24.360001,1770467884.717743
-15.55626636,-4.222380960000001,19.5560388,25.34,261.380005,-19.18,1770467884.725763
-18.77331852,-5.76388512,18.55549728,21.07,208.669998,-30.52,1770467884.733831
-21.47334444,-6.78118212,17.2820808,14.42,109.199997,-35.349998,1770467884.741774
-21.494887200000004,-8.179067880000002,16.09483536,1.89,-20.93,-48.439999,1770467884.749827
-18.3592188,-8.35619724,15.40786068,2.31,-138.110001,-48.720001,1770467884.757866
-13.6557162,-6.4580407200000005,14.90998356,9.73,-222.529999,-48.369999,1770467884.765752
-8.82535068,-3.9854106000000002,14.481522,11.69,-277.480011,-46.060001,1770467884.773746
-4.91174928,-1.35958752,14.02912404,9.8,-300.649994,-44.240002,1770467884.782518
-1.68272892,0.8880404399999999,13.536034200000001,3.64,-300.160004,-43.259998,1770467884.78977
0.72048564,2.5276838400000003,12.83230404,-9.66,-283.429993,-35.07,1770467884.797764
1.5462914399999999,2.42715096,11.16872424,-27.370001,-253.679993,-38.639999,1770467884.805785
4.5670651200000005,3.5018953200000005,7.089961680000001,-36.68,-228.619995,-43.68,1770467884.813787
5.02903764,3.9255696,6.42213612,-25.200001,-204.75,-0.49,1770467884.821745
4.81361004,4.234349160000001,5.167868760000001,-13.65,-173.669998,16.030001,1770467884.829803
4.65323616,4.6316934000000005,3.8657286000000006,-14.21,-140.559998,25.48,1770467884.837798
4.58621424,5.17983696,2.63539764,-5.53,-104.019997,26.67,1770467884.845766
4.40669124,5.42398824,1.6659734400000001,-1.33,-72.379997,25.200001,1770467884.853758
4.13142264,5.5700002799999995,0.9813924,5.95,-42.0,18.34,1770467884.861777
3.77955756,5.648990400000001,0.57686724,12.46,-18.34,13.65,1770467884.869833
3.40614972,5.565213000000001,0.19627848000000003,16.52,2.1,4.55,1770467884.877739
2.9082726,5.29951896,-0.31356684,19.530001,19.110001,-5.32,1770467884.885767
2.38885272,4.84233372,-0.85692312,16.450001,36.119999,-13.51,1770467884.893761
1.94602932,4.368393,-1.1417662800000001,12.46,52.849998,-16.870001,1770467884.901763
1.7880490800000002,3.66466284,-0.8018694,6.93,70.629997,-18.27,1770467884.9098
1.8790073999999999,3.0614655600000003,0.28484316,-0.21,91.559998,-16.940001,1770467884.917765
2.1710314800000003,2.4654492,2.40800184,0.35,115.849998,-9.31,1770467884.925758
2.3481608400000002,1.6396434000000002,5.2181352,-6.09,145.25,-8.54,1770467884.933765
2.22369156,-0.0239364,8.26523892,-9.24,180.600006,1.68,1770467884.94194
1.5319296,-1.90773108,10.63015524,-9.52,212.940002,3.57,1770467884.949771
1.25426736,-3.1691793600000002,13.856781960000001,2.87,234.919998,12.46,1770467884.957759
-0.76357116,-4.14578448,18.28022868,10.57,246.259995,23.52,1770467884.965759
-4.0452516,-3.95189964,22.725218160000004,3.15,252.279999,44.240002,1770467884.974093
-8.20300428,-4.480894080000001,25.710087240000004,-8.12,251.020004,12.18,1770467884.982649
-10.40994036,-6.2521876800000005,24.82683408,-6.79,221.899994,12.81,1770467884.990095
-12.281766840000001,-7.23358008,20.226257999999998,-2.24,175.699997,7.84,1770467884.997761
-13.188956400000002,-6.21628308,15.166103040000001,6.79,114.379997,-1.05,1770467885.005775
-13.41395856,-4.44498948,13.188956400000002,7.14,64.400002,-12.6,1770467885.01379
-12.992677920000002,-2.42715096,13.21049916,9.45,25.41,-24.15,1770467885.021816
-11.982561840000002,-0.37819512000000005,13.531246920000001,4.83,3.99,-35.700001,1770467885.029766
-10.66605984,1.4337903600000002,13.13868996,-7.0,-7.91,-46.130001,1770467885.037779
-9.49317624,2.4798110400000004,11.93947632,-16.66,-14.91,-56.490002,1770467885.045772
-8.4136446,2.89391076,10.292652,-29.190001,-21.209999,-68.25,1770467885.053801
-7.31496384,2.91305988,9.00966096,-32.549999,-24.85,-74.129997,1770467885.061759
-6.223464,2.71199412,7.85592648,-30.1,-32.759998,-82.949997,1770467885.069763
-5.29233804,2.513322,6.776394840000001,-22.75,-41.23,-82.529999,1770467885.077767
-4.53355416,2.4822046799999997,5.89792896,-6.79,-52.990002,-83.089996,1770467885.085755
-3.82264308,2.4056082,5.07930408,4.76,-65.379997,-82.949997,1770467885.093775
-3.36067056,2.9417835599999997,4.10269896,16.309999,-78.120003,-84.0,1770467885.101881
-2.9681136,3.1284874800000004,3.6143964,27.23,-89.809998,-90.93,1770467885.109783
-2.1662442,4.09073076,2.9824754400000004,39.060001,-99.540001,-89.809998,1770467885.117749
-1.5223550399999999,4.83036552,2.6856640800000005,49.560001,-110.879997,-77.349998,1770467885.125752
-0.71569836,5.48622288,2.54443932,60.27,-120.959999,-70.279999,1770467885.133735
-0.25611948,5.7447360000000005,2.41997004,68.32,-129.779999,-52.919998,1770467885.141783
0.24893856,5.677714079999999,2.14709508,75.459999,-133.770004,-34.509998,1770467885.149781
0.6223464,5.4957974400000005,1.8119854800000001,75.949997,-133.419998,-19.67,1770467885.157749
0.9598496400000001,5.31627444,1.44097128,76.160004,-131.320007,-5.32,1770467885.165744
1.08671256,5.108027760000001,1.3739493600000001,66.010002,-118.860001,5.6,1770467885.173755
1.2686292,4.78967364,1.94363568,52.779999,-93.239998,15.26,1770467885.181774
1.5079932,3.78434484,3.769983,41.439999,-51.869999,16.799999,1770467885.189766
1.38113028,1.7904427200000002,6.72134112,25.27,11.41,20.370001,1770467885.19776
0.7611775199999999,0.21782124000000003,9.70860384,28.98,83.93,15.89,1770467885.20575
-0.6008036400000001,-1.10825532,13.50731052,38.360001,152.949997,9.52,1770467885.213768
-2.5013538,-1.18006452,17.7009678,50.68,201.179993,11.34,1770467885.22184
-6.09420744,-0.78750756,20.6092404,53.689999,218.399994,5.11,1770467885.229756
-13.83763284,-4.2319555200000005,21.13344756,28.77,239.610001,-20.23,1770467885.237773
-16.45866864,-4.863876480000001,20.183172480000003,9.59,189.490005,-38.849998,1770467885.245761
-18.74459484,-5.857237080000001,19.76189184,-7.98,104.510002,-42.700001,1770467885.253762
-19.07970444,-7.001397000000001,19.08688536,-17.99,-4.55,-52.009998,1770467885.261869
-16.815321,-6.450859800000001,17.93315088,-12.18,-104.860001,-48.299999,1770467885.269771
-13.09560444,-4.35163752,16.4323386,-11.97,-179.619995,-51.310001,1770467885.277732
-9.10540656,-2.05134948,15.1517412,-14.14,-225.820007,-50.400002,1770467885.285738
-5.4814356,0.07420284,13.92619752,-17.92,-246.820007,-50.540001,1770467885.293744
-2.70720684,1.9771466400000002,12.88017684,-26.809999,-249.059998,-56.630001,1770467885.301761
-0.49787712,3.1452429600000005,11.61394128,-35.630001,-241.5,-53.130001,1770467885.309759
0.54096264,3.1428493200000003,9.952755119999999,-49.630001,-223.929993,-57.470001,1770467885.317758
0.9287323200000001,2.8484316,7.72427628,-58.310001,-196.979996,-69.510002,1770467885.32576
3.50428896,4.808822760000001,5.639415840000001,-39.759998,-194.949997,-28.35,1770467885.333841
3.9590805600000003,4.45695768,5.0505804,-27.860001,-178.5,-19.74,1770467885.341776
4.05003888,4.51440504,3.99498516,-18.129999,-158.619995,0.56,1770467885.349771
4.1242417200000006,4.772918160000001,2.92981536,-11.2,-138.179993,2.1,1770467885.357763
4.19844456,4.78728,2.16145692,4.76,-116.620003,7.56,1770467885.365781
4.1673272400000005,4.7035026,1.6851225600000002,15.96,-97.300003,3.99,1770467885.373765
4.038070680000001,4.70110896,1.3428320400000002,29.33,-77.0,5.39,1770467885.381793
3.81306852,4.55030964,0.80426304,36.75,-53.41,2.66,1770467885.389789
3.4300861200000003,4.18647636,0.07899012000000001,42.209999,-30.24,0.77,1770467885.397751
3.05428464,3.7484402400000003,-0.5289944400000001,45.849998,-6.09,-4.62,1770467885.405757
2.85082524,3.3870006000000004,-0.7851139200000001,44.52,17.99,-11.2,1770467885.413742
2.85082524,3.03274188,-0.5266008,44.73,44.869999,-14.7,1770467885.421767
3.10933836,2.64018492,0.47633436000000007,43.889999,69.720001,-17.57,1770467885.42975
3.5569490400000006,2.06571132,2.4750237600000005,41.790001,95.830002,-17.99,1770467885.438035
4.0213152,0.36383328000000004,5.71361868,36.330002,124.529999,-20.23,1770467885.445762
3.99977244,-0.93112596,8.765509680000001,37.799999,160.160004,-20.58,1770467885.453758
3.9327505200000004,-2.5707693600000003,11.482291080000001,56.630001,200.759995,-20.02,1770467885.461774
3.31279776,-3.84897312,14.3259354,78.190002,233.520004,-7.07,1770467885.469771
1.40746032,-3.6239709600000003,17.7009678,85.190002,253.050003,1.47,1770467885.477739
-1.3165020000000003,-2.41039548,21.55951548,74.269997,254.169998,-3.85,1770467885.48576
-3.8776968000000003,-1.46251404,24.80768496,45.290001,231.839996,1.4,1770467885.493756
-6.16122936,-1.71623988,24.929760599999998,24.290001,193.339996,9.59,1770467885.501796
-11.5852176,-4.591001520000001,23.38346916,11.13,158.479996,0.07,1770467885.509835
-11.039467680000001,-3.3271596000000003,19.4363568,3.22,120.540001,-13.02,1770467885.517755
-11.51580204,-1.5941642400000002,16.08765444,1.19,83.860001,-29.959999,1770467885.525759
-11.40330096,0.20585304000000001,13.880718360000001,-10.85,52.290001,-40.950001,1770467885.533744
-10.84558284,1.62528156,12.504375360000001,-19.110001,30.1,-59.150002,1770467885.541784
-10.031745240000001,2.4798110400000004,11.62590948,-25.200001,18.41,-66.150002,1770467885.549785
-9.25859952,2.9561454,10.670847120000001,-33.669998,10.29,-77.0,1770467885.557756
-8.557263,3.26013768,9.23226948,-37.799999,0.42,-83.160004,1770467885.565768
-7.74581904,3.26013768,7.54235964,-40.529999,-13.37,-87.639999,1770467885.573748
-7.0301206800000005,3.26013768,6.1229311200000005,-33.040001,-32.34,-90.300003,1770467885.581764
-6.376656960000001,3.4229052,5.08409136,-17.57,-53.200001,-90.93,1770467885.589766
-5.78782152,3.72929112,4.37078664,-8.47,-70.209999,-92.959999,1770467885.597872
-5.30669988,4.54312872,3.6239709600000003,3.92,-84.769997,-102.129997,1770467885.60579
-4.0572198,6.280911360000001,2.7646542000000003,12.74,-108.010002,-88.830002,1770467885.613757
-3.4348734000000003,6.678255600000001,2.59470576,12.67,-125.790001,-80.43,1770467885.621774
-2.54443932,7.212037320000001,2.2619898000000003,9.59,-148.190002,-75.809998,1770467885.62993
-1.496025,7.465763160000001,1.94842296,8.54,-165.550003,-68.18,1770467885.637779
-0.5266008,7.12586628,1.6875162000000001,13.79,-180.179993,-57.330002,1770467885.645796
0.13643748,6.21628308,1.41703488,12.67,-183.539993,-46.27,1770467885.653913
0.70133652,5.455105560000001,1.1609154000000002,17.43,-180.320007,-32.200001,1770467885.661755
1.43857764,4.70110896,1.2327246,25.9,-169.960007,-19.74,1770467885.669775
1.7688999600000002,3.6862056,2.08725408,31.780001,-147.419998,-10.08,1770467885.677738
2.3864590800000003,2.63539764,3.92317596,39.830002,-111.089996,-9.8,1770467885.68576
2.7215686800000003,1.5630469200000001,6.8458104,49.91,-59.009998,-9.31,1770467885.693756
2.54204568,0.5792608800000001,9.890520480000001,61.18,2.52,-15.05,1770467885.701781
1.63006884,0.0119682,12.62884464,74.199997,63.07,-24.709999,1770467885.70977
0.21542760000000002,-0.0119682,16.24802832,78.050003,102.830002,-36.75,1770467885.717754
-2.16145692,0.26808768000000005,20.71216692,73.57,118.93,-47.040001,1770467885.725751
-5.562819360000001,-0.24415128000000003,23.761664279999998,53.130001,114.169998,-53.759998,1770467885.733757
-7.90379928,-1.58698332,23.16564792,37.73,80.010002,-46.48,1770467885.741824
-10.678028040000001,-4.05243252,21.96404064,18.9,41.02,-30.450001,1770467885.749794
-11.00116944,-6.17319756,20.745677880000002,-7.56,-10.43,-52.43,1770467885.757763
-9.8977014,-6.0678774,19.68529536,-17.290001,-60.34,-48.299999,1770467885.76577
-8.119226880000001,-4.91174928,18.03368376,-34.09,-101.779999,-48.720001,1770467885.773915
-6.01043004,-3.3367341600000002,16.135527240000002,-47.529999,-129.570007,-49.139999,1770467885.781751
-4.01892156,-1.5486850800000003,14.304392640000001,-57.119999,-148.330002,-42.560001,1770467885.789758
-2.20693608,0.16037388000000002,12.4110234,-65.870003,-152.740005,-42.209999,1770467885.797757
-0.6462827999999999,1.58937696,10.543984200000002,-66.220001,-151.059998,-38.639999,1770467885.805757
0.34468416,2.1925742400000003,8.9402454,-65.309998,-144.759995,-34.369999,1770467885.813757
0.6821874000000001,1.82156004,7.63331796,-67.760002,-129.850006,-38.990002,1770467885.821759
0.897615,1.7306017200000001,6.185165759999999,-65.589996,-113.75,-49.279999,1770467885.829865
2.52050292,4.01413428,4.45695768,-38.220001,-114.870003,-9.66,1770467885.837758
2.70960048,3.72929112,4.016527920000001,-19.110001,-104.019997,4.34,1770467885.845764
2.55640752,4.2319555200000005,3.1260938400000002,-5.25,-95.199997,10.29,1770467885.85376
2.50374744,4.83994008,2.2859262,10.22,-82.809998,18.48,1770467885.861746
2.37209724,5.22052884,1.71623988,28.42,-71.889999,19.6,1770467885.869834
2.1925742400000003,5.42877552,1.32607656,37.099998,-58.66,24.15,1770467885.877757
2.00108304,5.30430624,1.0723507200000002,42.98,-40.880001,22.120001,1770467885.885757
1.83831552,4.92850476,0.6438891600000001,41.509998,-25.34,18.059999,1770467885.893758
1.7712936000000001,4.40669124,0.16994844,40.110001,-7.98,13.86,1770467885.901789
1.855071,3.7987066800000004,0.045479160000000005,38.639999,5.53,6.93,1770467885.909836
2.0082639600000003,3.11891292,0.8138376,31.639999,21.559999,4.13,1770467885.917764
2.46066192,2.46066192,2.74311144,28.209999,35.07,-3.92,1770467885.925747
3.41333064,1.5462914399999999,6.070271040000001,23.309999,48.23,-13.37,1770467885.933759
4.179295440000001,0.0047872800000000005,9.9216378,24.01,68.32,-19.67,1770467885.941914
4.41865944,-1.7306017200000001,12.794005799999999,36.540001,96.32,-26.389999,1770467885.949784
4.07397528,-3.0782210400000003,15.08471928,51.66,122.360001,-24.85,1770467885.95776
3.42529884,-3.7580147999999998,17.78713884,59.43,136.710007,-17.01,1770467885.96576
1.9029438000000003,-2.85800616,20.518282080000002,50.330002,137.199997,-4.2,1770467885.974017
-0.6295273200000001,-2.38885272,22.20579828,38.009998,131.179993,13.86,1770467885.982243
-2.4319382400000005,-2.84603796,22.062179880000002,31.290001,114.870003,24.290001,1770467885.989931
-4.0452516,-2.81492064,21.480525359999998,26.110001,92.260002,36.889999,1770467885.997925
-8.85407436,-4.2128064,21.19807584,15.4,87.849998,21.209999,1770467886.005809
-8.0067258,-1.9388484000000001,18.32810148,-5.11,80.639999,6.72,1770467886.013762
-8.50699656,-0.19867212,16.355742120000002,-11.97,77.559998,-8.33,1770467886.021758
-8.868436200000001,1.19203272,14.67540684,-21.139999,66.220001,-15.4,1770467886.029781
-8.844499800000001,2.28113892,13.088423520000001,-27.23,49.490002,-16.52,1770467886.037754
-8.69130684,3.15721116,11.58043032,-29.75,31.290001,-29.120001,1770467886.045789
-8.310718080000001,3.72450384,10.14185268,-34.369999,13.09,-31.219999,1770467886.053793
-7.75778724,3.99498516,8.590773960000002,-31.01,-7.56,-37.869999,1770467886.061758
-7.188100920000001,4.3444566,7.121079,-23.309999,-29.889999,-42.209999,1770467886.069882
-6.52984992,4.70589624,5.93383356,-12.04,-52.990002,-45.290001,1770467886.077771
-5.82611976,4.47850044,5.11520868,-3.22,-75.739998,-49.419998,1770467886.085766
-5.75431056,4.837546440000001,4.071581640000001,5.74,-90.440002,-64.050003,1770467886.093753
-4.1553590400000004,6.41016792,2.70002592,19.110001,-102.199997,-44.310001,1770467886.10179
-3.4995016800000003,6.958311480000001,1.8694328400000002,29.959999,-117.669998,-31.01,1770467886.10975
-2.79577152,7.42267764,1.1010744000000001,31.219999,-136.990005,-12.39,1770467886.117768
-2.2452343200000002,7.8511392,0.37580148,29.469999,-157.429993,-3.5,1770467886.125835
-1.38352392,8.0545986,-0.27766224,22.68,-176.960007,3.64,1770467886.133748
-0.5744736,7.63331796,-0.6438891600000001,19.25,-196.839996,10.64,1770467886.141953
0.20106576,6.93916236,-0.7803266400000001,14.07,-205.100006,7.28,1770467886.149765
1.38352392,6.233038560000001,-0.78272028,7.42,-209.649994,16.24,1770467886.157751
2.1662442,5.519733840000001,-0.12446928,1.54,-201.389999,15.26,1770467886.165792
3.0399228000000003,4.77770544,1.3404384000000003,-6.37,-183.190002,12.46,1770467886.173755
4.01413428,3.6239709600000003,3.38939424,-10.64,-153.089996,7.77,1770467886.181762
5.23489068,1.91251836,6.1157502,-4.27,-121.800003,3.01,1770467886.189764
5.49819108,0.18909756000000003,9.28492956,0.35,-78.75,-0.91,1770467886.197753
5.11281504,-0.84495492,12.549854520000002,6.3,-24.639999,-10.5,1770467886.205755
5.17983696,-2.24284068,16.63101072,-3.92,29.120001,-19.879999,1770467886.213754
5.21334792,-2.33619264,21.89462508,-14.77,59.990002,-29.889999,1770467886.221803
4.3444566,-2.4032145600000003,27.0361638,-29.68,73.989998,-28.559999,1770467886.22987
1.7712936000000001,-4.4042976000000005,27.392816160000002,-42.349998,75.459999,-21.700001,1770467886.237748
-0.04308552,-5.66813952,25.90875936,-40.18,64.68,-12.39,1770467886.245771
-1.31410836,-6.1396866,24.384010680000003,-48.860001,44.099998,-6.44,1770467886.253833
-2.48459832,-5.143932360000001,21.214831320000002,-60.549999,27.23,-9.45,1770467886.261759
-2.5970994,-3.27449952,17.5214448,-72.239998,15.19,-14.77,1770467886.269764
-2.0130512400000002,-1.4337903600000002,14.63471496,-72.730003,2.17,-11.69,1770467886.277737
-1.6276752,0.33510960000000006,12.633631920000001,-65.589996,-10.64,-8.75,1770467886.285745
-1.0340524800000002,1.7928363600000001,11.142394200000002,-54.25,-18.969999,-4.48,1770467886.293756
-0.4906962,2.5588011600000002,10.110735360000001,-48.23,-23.799999,1.89,1770467886.301761
-0.18909756000000003,2.5803439200000002,9.04556556,-42.139999,-26.18,4.06,1770467886.309842
0.29202408,2.5252902,7.585445160000001,-38.990002,-27.65,0.42,1770467886.317756
1.16809632,4.44738312,5.87159892,-12.46,-37.52,39.619999,1770467886.32576
1.4481522,3.89684592,4.8949938,-1.19,-44.240002,52.990002,1770467886.333761
1.2829910400000002,3.97822968,3.38460696,5.88,-43.889999,58.099998,1770467886.34177
1.2375118800000002,3.9112077600000004,2.35294812,17.99,-38.849998,63.84,1770467886.34979
1.1417662800000001,4.00695336,1.5391105200000001,27.860001,-28.559999,68.040001,1770467886.357745
1.04362704,4.2128064,0.67740012,38.43,-18.9,71.610001,1770467886.365766
0.9407005200000002,4.437808560000001,0.045479160000000005,38.43,-11.69,69.650002,1770467886.373787
0.89043408,4.3205202,-0.37580148,36.400002,-5.88,67.480003,1770467886.381879
1.077138,3.6287582400000002,-0.23457672000000002,34.650002,-0.21,58.099998,1770467886.389792
1.5726214800000002,2.5851311999999997,0.42846156,27.299999,4.76,46.130001,1770467886.397764
2.21651064,1.5151741200000002,1.5079932,25.9,8.05,32.41,1770467886.405763
2.85561252,0.08856468,3.38460696,24.92,12.67,25.48,1770467886.413777
3.6526946400000004,-1.11064896,5.9505890400000006,29.4,18.76,13.72,1770467886.421916
4.53116052,-2.5779502800000005,9.490782600000001,32.549999,30.66,9.17,1770467886.429797
5.072123160000001,-3.4181179200000003,13.672471680000001,35.419998,48.439999,13.72,1770467886.437747
5.507765640000001,-4.5239796000000005,17.29883628,37.450001,65.099998,10.22,1770467886.445785
5.660958600000001,-5.99846184,19.76189184,31.219999,69.650002,13.79,1770467886.453771
5.32824264,-7.43464584,20.97786096,25.549999,65.449997,21.98,1770467886.461906
3.51625716,-6.752458440000001,21.983189760000002,36.119999,69.440002,31.780001,1770467886.469783
1.7114526,-5.85005616,21.80127312,52.080002,81.550003,33.740002,1770467886.477748
0.26569404,-3.76519572,21.18132036,57.959999,98.629997,24.43,1770467886.485762
-1.07474436,-1.0891062,20.09700144,47.950001,116.830002,17.57,1770467886.493761
-2.5588011600000002,1.10586168,18.32092056,27.299999,131.110001,6.37,1770467886.50176
-3.62157732,2.6258230800000004,16.14749544,11.97,137.410004,2.31,1770467886.50983
-5.036218560000001,3.8944522800000003,13.93337844,-2.52,138.179993,-7.28,1770467886.517758
-6.00324912,5.00510124,12.0160728,-7.07,129.5,-18.76,1770467886.525761
-6.88889592,5.89314168,10.03653252,-12.11,113.400002,-27.09,1770467886.533743
-7.15937724,6.9224068800000005,7.83677736,-9.87,90.790001,-25.48,1770467886.542079
-7.59023244,7.1713454400000005,6.20670852,-2.45,60.830002,-24.639999,1770467886.549781
-7.63810524,7.14740904,4.79206728,-1.33,25.549999,-15.82,1770467886.557773
-7.22161188,7.35326208,3.52822536,5.11,-8.12,-13.23,1770467886.565765
-6.496338960000001,7.66443528,2.3768845200000004,3.92,-40.740002,-4.97,1770467886.573799
-5.74234236,7.9708212000000005,1.2087882,4.34,-72.309998,2.31,1770467886.581893
-5.02425036,8.29156896,0.12925656000000002,-0.56,-103.669998,11.2,1770467886.58977
-3.95189964,8.57162484,-0.777933,-5.46,-132.649994,18.48,1770467886.597758
-2.8316761200000005,8.66976408,-1.40746032,-3.57,-161.839996,24.57,1770467886.605768
-1.6516116,7.73624448,-1.55107872,-6.58,-184.449997,32.27,1770467886.613797
-0.6199527600000001,6.2593686,-1.24229916,-12.32,-198.660004,36.330002,1770467886.62188
0.48351528,4.7633436,-0.61755912,-18.34,-199.149994,33.950001,1770467886.629801
1.5175677600000002,3.25295676,0.74920932,-18.9,-185.850006,26.809999,1770467886.637763
2.37927816,1.5606532800000001,3.06864648,-14.35,-162.190002,12.67,1770467886.645778
3.3032232,0.19627848000000003,6.1229311200000005,-3.99,-128.449997,2.59,1770467886.653844
3.9255696,-1.8814010400000003,10.103554440000002,8.33,-94.639999,-1.82,1770467886.661876
3.86812224,-2.9561454,14.144018760000002,31.43,-54.32,-7.35,1770467886.669768
3.37981968,-4.3324884,19.187418240000003,36.610001,-15.54,-13.02,1770467886.677742
2.9106662400000003,-4.88541924,24.50129904,23.24,2.66,-48.23,1770467886.685759
3.8513667600000003,-3.1476366,28.57048704,9.66,7.21,-41.790001,1770467886.693761
1.9556038800000002,-3.98301696,28.07260992,-15.47,-5.53,-33.25,1770467886.701783
0.8329867200000001,-5.31148716,24.934547880000004,-28.559999,-27.65,-25.41,1770467886.709869
1.35480024,-4.77052452,22.51697148,-39.130001,-46.759998,-16.309999,1770467886.717749
2.1303396,-3.9423250800000003,19.92465936,-54.740002,-57.119999,-5.74,1770467886.72576
2.3649163200000003,-2.8915171200000005,17.114526,-62.439999,-54.880001,4.9,1770467886.733771
2.5827375600000004,-1.2925655999999999,14.86211076,-57.75,-45.43,9.73,1770467886.741878
2.71199412,0.6654319200000001,13.165020000000002,-54.880001,-34.650002,16.030001,1770467886.749769
2.55640752,1.8311346,11.922720840000002,-53.759998,-21.700001,17.01,1770467886.757778
2.36730996,2.70241956,10.44584496,-54.459999,-11.27,9.31,1770467886.76577
4.27025376,6.18995304,8.11683324,-40.950001,-7.7,40.740002,1770467886.77376
3.1237002,5.25643344,8.01390672,-26.879999,2.66,57.959999,1770467886.781759
2.85321888,5.261220720000001,6.388625160000001,-25.549999,2.1,74.269997,1770467886.789795
2.3864590800000003,5.28515712,4.607757,-21.559999,8.19,80.220001,1770467886.79779
1.9029438000000003,5.01706944,2.7766224000000004,-11.76,13.65,93.800003,1770467886.805792
1.46251404,4.914142920000001,1.27341648,-6.02,18.9,95.620003,1770467886.813768
1.00293516,4.947653880000001,0.06702192000000001,-0.91,23.870001,97.089996,1770467886.821762
0.7611775199999999,4.938079320000001,-0.8377740000000001,0.14,28.209999,98.419998,1770467886.829813
0.67979376,4.56467148,-1.2016072800000002,-6.44,30.66,95.760002,1770467886.837771
0.83059308,3.71971656,-1.12740444,-8.89,31.99,87.57,1770467886.845792
1.26623556,2.5779502800000005,-0.7348474800000001,-14.7,31.08,72.029999,1770467886.853835
1.73778264,1.6731543600000003,0.2034594,-13.44,28.84,48.93,1770467886.861756
2.4056082,0.48112164,1.9795402800000002,-8.96,27.299999,25.48,1770467886.869756
3.61679004,-0.71330472,4.53355416,-5.32,27.440001,10.99,1770467886.87774
4.89978108,-2.37449088,8.00193852,9.66,27.09,-2.59,1770467886.885764
6.051121920000001,-3.710142,11.64027132,21.280001,32.970001,-10.15,1770467886.893761
6.958311480000001,-6.185165759999999,15.707065680000001,29.120001,46.830002,-36.189999,1770467886.90174
8.62667856,-7.259910120000001,18.8977878,42.630001,64.889999,-34.02,1770467886.909798
8.89955352,-8.60034852,21.162171240000003,52.360001,81.480003,-21.0,1770467886.917764
8.86125528,-9.490782600000001,22.354203960000003,48.299999,96.739998,4.48,1770467886.925754
6.752458440000001,-8.60752944,21.20286312,49.98,117.18,33.669998,1770467886.933766
4.6316934000000005,-7.3963476,18.68714748,57.75,135.940002,51.169998,1770467886.941852
1.70187804,-5.36654088,16.48739232,62.650002,160.580002,58.59,1770467886.949778
-0.86889132,-2.8364634000000004,14.8645044,56.98,191.240005,53.41,1770467886.957765
-3.4731716400000003,-0.52181352,13.844813760000001,46.619999,220.850006,37.029999,1770467886.965761
-5.08169772,1.81677276,13.296670200000001,36.540001,235.410004,23.52,1770467886.974015
-6.71655384,3.6287582400000002,12.633631920000001,20.65,233.380005,14.42,1770467886.982292
-7.958853,5.045793120000001,11.309949000000001,4.9,213.919998,0.98,1770467886.99061
-8.916309,5.924259,9.31844052,-6.09,184.940002,-0.49,1770467886.997779
-9.600890040000001,6.343146,7.22639916,-6.44,140.770004,-13.23,1770467887.005839
-9.7301466,6.472402560000001,5.6130858,-0.35,93.449997,-18.76,1770467887.013763
-9.091044720000001,6.33596508,4.5957888,7.63,45.57,-33.18,1770467887.02189
-8.660189520000001,6.34553964,4.1170608,14.21,11.2,-30.52,1770467887.029922
-6.577722720000001,7.377198480000001,3.06864648,18.690001,-21.77,-12.95,1770467887.037746
-5.52212748,7.14740904,2.4415128,16.24,-56.98,-4.41,1770467887.045804
-4.3205202,6.85059768,1.5127804800000002,6.09,-94.639999,6.86,1770467887.054057
-3.35588328,6.44128524,0.62713368,4.41,-119.209999,7.49,1770467887.061758
-2.0465622,6.491551680000001,-0.33032232,8.68,-143.289993,17.92,1770467887.069768
-0.8880404399999999,6.1277184,-0.84734856,16.66,-166.740005,28.0,1770467887.077851
-0.36622692,5.39287092,-0.7061238000000001,19.32,-180.179993,31.5,1770467887.085753
0.35904600000000003,4.83036552,-0.016755480000000003,13.3,-182.839996,32.619999,1770467887.093751
1.15612812,3.84418584,1.47448224,5.11,-167.580002,30.59,1770467887.101756
2.1231586800000004,2.5707693600000003,3.7268974800000003,4.55,-147.350006,23.1,1770467887.109779
3.7340784,1.27820376,6.352720560000001,-5.67,-118.860001,15.68,1770467887.117746
3.22662672,0.33510960000000006,9.62722008,3.36,-75.879997,6.72,1770467887.125803
3.0303482400000004,-0.17952300000000002,13.03097616,14.63,-26.459999,-5.67,1770467887.133752
2.4510873600000003,-0.45957888,17.289261720000002,31.01,27.02,-20.02,1770467887.141752
1.3069274400000002,-0.70133652,22.77787824,41.439999,70.419998,-40.880001,1770467887.149845
0.04069188,0.10532016000000001,27.97447068,31.99,94.290001,-52.360001,1770467887.157756
-2.5181092800000004,-0.64867644,29.43698472,8.68,105.0,-53.549999,1770467887.165751
-4.31094564,-2.7335368800000004,27.093611160000002,-17.780001,81.760002,-47.810001,1770467887.173749
-4.5718524,-3.56891724,24.19730676,-38.43,30.73,-34.860001,1770467887.181759
-4.5670651200000005,-3.5928536400000004,21.11908572,-59.009998,-26.6,-26.950001,1770467887.18976
-3.81546216,-3.1476366,17.744053320000003,-82.110001,-68.879997,-15.26,1770467887.197827
-2.6186421600000003,-2.9106662400000003,14.740035120000002,-89.529999,-90.230003,-8.12,1770467887.205764
-1.08431892,-2.02501944,12.312884160000001,-92.959999,-102.760002,-3.64,1770467887.213749
0.2513322,-0.84734856,10.462600440000001,-85.68,-102.900002,5.81,1770467887.221752
0.9885733200000001,0.11489472,8.6649768,-74.410004,-96.739998,4.9,1770467887.229755
1.14415992,0.49787712,7.152196320000001,-70.07,-82.32,10.15,1770467887.237747
3.22183944,0.59841,5.51255292,-60.200001,-78.400002,6.65,1770467887.245877
3.19790304,2.48459832,4.35881844,-39.34,-73.010002,37.240002,1770467887.25375
3.04949736,2.59949304,3.27689316,-24.780001,-60.900002,51.169998,1770467887.261762
2.9561454,2.91305988,2.06092404,-15.96,-48.09,55.23,1770467887.269752
2.74550508,3.38460696,1.0651698,-4.69,-32.900002,66.639999,1770467887.277747
2.5588011600000002,3.57131088,0.42367428,5.74,-13.79,70.699997,1770467887.285841
2.27635164,3.66705648,-0.0239364,16.309999,3.57,74.970001,1770467887.293757
2.0345940000000002,3.6885992400000003,-0.28005588000000003,21.98,19.950001,79.589996,1770467887.301761
1.735389,3.6598755600000006,-0.36862056,28.77,31.99,78.120003,1770467887.309765
1.5415041600000001,3.32955324,0.10292652000000001,27.51,42.98,74.620003,1770467887.317751
1.69469712,2.73832416,1.31410836,29.540001,49.700001,61.529999,1770467887.325784
2.0106576,2.21172336,3.11891292,26.110001,53.970001,46.130001,1770467887.333762
2.49177924,1.5223550399999999,5.53648932,24.780001,55.439999,28.139999,1770467887.341761
2.9872627200000004,0.18909756000000003,8.162312400000001,27.440001,53.970001,10.5,1770467887.349818
3.3870006000000004,-1.18724544,10.75462452,36.959999,59.080002,1.68,1770467887.357758
3.93514416,-2.36012904,13.524066000000001,52.639999,67.830002,-10.22,1770467887.365796
4.43541492,-3.7221102,16.341380280000003,59.779999,72.099998,-9.8,1770467887.373747
4.41865944,-4.7633436,18.9935334,60.970001,73.010002,-12.95,1770467887.381784
3.67663104,-5.79978972,21.25073592,55.09,68.529999,-10.01,1770467887.389848
2.7287496000000004,-6.09899472,22.727611800000002,51.240002,70.839996,6.86,1770467887.397766
2.0226258,-6.60884004,22.658196240000002,45.290001,71.050003,22.120001,1770467887.405759
0.23457672000000002,-5.66813952,21.32254512,37.310001,79.660004,36.330002,1770467887.413754
-1.39788576,-4.44498948,19.680508080000003,27.58,95.970001,39.48,1770467887.421757
-4.03088976,-3.1045510800000002,17.760808800000003,15.96,127.190002,20.719999,1770467887.429805
-5.45031828,-1.2399055200000002,16.65255348,7.77,143.080002,7.35,1770467887.437769
-6.654319200000001,0.7468156800000001,15.613713720000002,0.14,147.279999,-1.4,1770467887.445772
-7.525604160000001,2.82688884,14.0506668,-11.76,139.440002,-14.14,1770467887.453749
-7.96603392,4.26307284,12.14293572,-24.08,120.330002,-13.93,1770467887.46176
-8.28917532,5.163081480000001,10.02217068,-29.68,91.419998,-18.83,1770467887.469846
-8.322686280000001,5.4527119200000005,7.98757668,-35.98,54.389999,-21.77,1770467887.477789
-8.11683324,5.6370222000000005,6.3551142,-31.219999,14.0,-32.900002,1770467887.485758
-8.02587492,5.64659676,5.0146758,-19.67,-18.200001,-34.790001,1770467887.49376
-6.56096724,6.02479188,3.7484402400000003,-5.25,-50.470001,-22.26,1770467887.501768
-5.864418000000001,5.90989716,3.0901892400000004,7.35,-79.730003,-9.94,1770467887.509764
-4.935685680000001,6.10617564,2.1662442,8.89,-104.300003,-0.77,1770467887.517757
-4.13860356,6.31442232,1.1824581600000001,12.32,-125.790001,3.92,1770467887.525757
-3.4300861200000003,6.4149552,0.30399228000000006,10.57,-142.309998,8.19,1770467887.533741
-2.3170435200000004,6.84341676,-0.66782556,7.42,-160.229996,12.11,1770467887.541799
-0.99575424,6.896076840000001,-1.45054584,9.31,-178.639999,26.040001,1770467887.549794
-0.37340784000000005,6.34793328,-1.5821960400000001,0.56,-194.389999,33.459999,1770467887.557886
0.45718524,5.565213000000001,-1.3643748000000002,-6.65,-204.259995,30.940001,1770467887.565765
1.3524066000000001,4.6316934000000005,-0.5266008,-20.09,-201.320007,25.41,1770467887.57376
2.2189042800000003,3.2912550000000005,1.2016072800000002,-27.23,-181.089996,17.5,1770467887.581769
3.3343405200000005,2.00347668,3.54019356,-29.33,-153.509995,4.34,1770467887.589758
4.68914076,0.35186508,6.678255600000001,-25.9,-126.209999,-1.12,1770467887.597814
4.729832640000001,-0.79468848,10.39797216,-14.98,-81.059998,-7.0,1770467887.605772
4.34924388,-1.60134516,13.80172824,-3.22,-24.709999,-12.95,1770467887.613817
4.009347,-2.333799,17.40894372,4.41,34.650002,-24.08,1770467887.621753
3.3750324000000003,-3.0638592,21.58584552,4.97,65.309998,-37.73,1770467887.629755
2.75507964,-2.38406544,25.49944692,-10.08,75.529999,-36.959999,1770467887.637779
0.17952300000000002,-4.10269896,26.47126476,-28.209999,67.620003,-26.809999,1770467887.645987
-1.61091972,-5.79021516,24.98720796,-36.889999,42.07,-19.879999,1770467887.653763
-1.86464556,-6.6734683200000005,23.689855079999997,-42.419998,7.84,-4.06,1770467887.6618
-2.5372584,-6.400593360000001,20.87732808,-55.09,-18.690001,-3.92,1770467887.66988
-1.735389,-5.780640600000001,17.2102716,-73.779999,-39.900002,-7.84,1770467887.677741
-0.73245384,-3.91838868,14.36902092,-68.949997,-55.439999,-4.2,1770467887.685759
0.26090676,-2.07528588,12.20038308,-66.150002,-66.010002,-1.82,1770467887.693763
1.2087882,-0.38058875999999997,10.472175,-59.220001,-70.769997,4.48,1770467887.701869
1.27341648,0.67500648,9.059927400000001,-52.849998,-67.129997,4.9,1770467887.709792
2.63779128,0.06462828000000001,7.75060632,-53.34,-62.09,10.08,1770467887.717758
2.45587464,1.0053288,6.21867672,-42.98,-60.900002,2.1,1770467887.725761
3.6455137200000003,2.62821672,5.23249704,-9.66,-50.330002,51.73,1770467887.733756
3.4396606800000002,2.29310712,4.492862280000001,3.71,-38.080002,57.189999,1770467887.741777
3.2984359199999997,2.49417288,3.42051156,13.86,-24.08,67.339996,1770467887.74979
3.0614655600000003,2.6880577199999998,2.5588011600000002,23.799999,-3.99,68.110001,1770467887.757838
2.78619696,2.82688884,1.84070916,33.110001,15.89,70.910004,1770467887.765808
2.44390644,3.02316732,1.1250108,37.240002,33.32,71.82,1770467887.773758
1.9556038800000002,3.30801048,0.39734424,38.220001,45.709999,70.209999,1770467887.781765
1.5079932,3.36545784,-0.059841000000000005,35.07,54.18,69.790001,1770467887.789755
1.3069274400000002,2.9705072400000003,0.016755480000000003,26.18,60.830002,63.07,1770467887.797779
1.5415041600000001,2.4654492,0.70373016,20.299999,65.309998,54.669998,1770467887.805849
1.9986894000000002,2.0417749200000004,2.1973615200000003,15.33,67.059998,39.970001,1770467887.813755
2.63779128,1.41703488,4.7633436,15.75,66.290001,22.75,1770467887.821757
3.38460696,0.5026644,7.8176282399999995,20.299999,63.84,3.15,1770467887.82975
4.20562548,-0.8018694,11.140000559999999,25.76,66.57,-9.24,1770467887.837824
4.88781288,-2.12794596,14.4575856,37.310001,76.510002,-18.76,1770467887.845783
5.833300680000001,-3.5210444400000003,16.87994928,44.099998,87.290001,-20.370001,1770467887.853778
6.18995304,-4.7824927200000005,18.3592188,47.880001,92.82,-15.26,1770467887.861771
6.185165759999999,-6.2952732,19.776253680000003,48.860001,93.940002,0.49,1770467887.869783
4.33727568,-6.73330932,20.86775352,44.099998,107.870003,22.33,1770467887.877753
1.9771466400000002,-7.86071376,20.9802546,40.32,121.870003,26.67,1770467887.88575
-0.9239450400000001,-7.95406572,19.77864732,27.860001,152.949997,12.46,1770467887.893764
-2.5252902,-6.32399688,18.2874096,27.860001,179.970001,8.05,1770467887.901764
-4.42105308,-4.3396693200000005,17.114526,21.77,196.279999,5.04,1770467887.909803
-6.1157502,-2.14709508,16.05174984,13.51,202.089996,-0.7,1770467887.917766
-7.583051520000001,0.0957456,14.926739040000001,4.55,195.369995,-8.75,1770467887.925762
-8.69370048,2.3290117200000005,13.588694280000002,-7.77,178.639999,-18.969999,1770467887.933757
-9.27056772,4.1529654,11.882028960000001,-23.24,150.5,-24.92,1770467887.941776
-9.54104904,5.043399480000001,9.847434960000001,-32.34,116.760002,-34.860001,1770467887.949903
-9.4309416,5.2037733600000005,8.00193852,-34.23,81.550003,-41.299999,1770467887.957766
-8.85886164,5.00031396,6.56336088,-26.32,45.290001,-49.77,1770467887.965759
-8.01151308,4.73461992,5.457499200000001,-16.309999,9.31,-58.310001,1770467887.974014
-6.81708672,4.2965838,4.6747789200000005,-4.13,-20.790001,-56.490002,1770467887.982297
-5.63462856,3.9973788000000003,3.7939194,-0.98,-50.400002,-62.369999,1770467887.990095
-5.27558256,3.8393985600000002,2.8484316,9.31,-68.599998,-67.690002,1770467887.997791
-3.11891292,5.057761320000001,1.7665063200000002,22.540001,-84.559998,-35.419998,1770467888.005783
-2.39603364,5.42638188,1.20400092,24.780001,-113.190002,-16.73,1770467888.013761
-1.8263473200000002,5.368934520000001,0.75160296,25.129999,-134.190002,1.75,1770467888.021759
-1.24229916,5.048186760000001,0.4069188,24.57,-151.550003,11.76,1770467888.029922
-0.49308984000000006,4.849514640000001,0.32792868000000003,23.450001,-162.539993,18.059999,1770467888.037842
0.78750756,4.8231846,0.55293084,30.66,-169.820007,29.469999,1770467888.04576
1.24229916,4.5670651200000005,1.4912377200000002,28.98,-166.600006,37.240002,1770467888.053823
2.18778696,4.20323184,3.1332747600000004,23.870001,-150.850006,38.57,1770467888.061771
3.1045510800000002,3.7939194,5.433562800000001,18.41,-121.800003,34.790001,1770467888.069778
4.07876256,3.35348964,7.75299996,15.68,-86.800003,33.669998,1770467888.077762
4.41387216,2.5851311999999997,9.97908516,15.12,-42.419998,20.93,1770467888.085751
4.09791168,1.48166316,12.43735344,16.799999,13.3,14.35,1770467888.093755
3.3702451200000003,0.47633436000000007,15.233124960000001,24.08,71.610001,2.1,1770467888.10182
2.2452343200000002,0.009574560000000001,19.029438,35.630001,121.589996,-12.88,1770467888.10977
0.63910188,-0.7683584400000001,22.80660192,33.389999,148.399994,-19.32,1770467888.117751
-2.2452343200000002,-2.8197079200000004,24.862738680000003,28.0,154.630005,-22.469999,1770467888.125751
-4.2750410400000005,-4.21759368,24.553959120000002,25.9,129.5,-11.13,1770467888.133752
-8.444761920000001,-7.70991444,24.431883480000003,6.09,100.589996,-6.3,1770467888.14175
-8.29874988,-7.03969524,20.83424256,-19.32,42.279999,-14.28,1770467888.149881
-8.38731456,-6.2474004,17.734478760000002,-33.529999,-13.65,-14.63,1770467888.157778
-7.42267764,-5.08887864,15.230731320000002,-47.669998,-64.120003,-18.200001,1770467888.165761
-5.65617132,-3.80110032,13.380447600000002,-59.080002,-93.800003,-15.96,1770467888.173764
-3.61679004,-2.50614108,12.121392960000001,-66.080002,-111.440002,-15.54,1770467888.181797
-1.72820808,-1.21118184,10.86473196,-66.080002,-116.970001,-12.04,1770467888.189849
-0.1316502,-0.12446928,9.4189734,-68.32,-118.440002,-9.66,1770467888.197748
0.9000086400000001,0.6295273200000001,8.10965232,-63.0,-113.540001,-5.32,1770467888.205753
1.1824581600000001,0.91437048,7.01575884,-59.009998,-102.059998,-7.42,1770467888.213751
2.6330040000000006,-0.10771380000000001,5.90989716,-57.889999,-94.639999,-10.92,1770467888.221753
4.29897744,4.03567704,3.57370452,-35.77,-92.540001,15.89,1770467888.22977
3.02077368,3.04949736,3.25056312,-15.89,-77.559998,39.27,1770467888.237811
2.8292824800000003,3.4300861200000003,2.30268168,-7.98,-66.220001,46.900002,1770467888.245746
2.6784831600000003,3.88487772,1.5319296,-1.12,-53.130001,54.18,1770467888.253766
2.4175764,3.9854106000000002,0.99575424,6.44,-35.349998,61.25,1770467888.261756
2.13273324,3.7029610800000006,0.61516548,12.32,-16.52,65.449997,1770467888.269761
1.8454964400000002,3.17396664,0.44042976,17.219999,3.22,66.43,1770467888.277784
1.70187804,2.43911916,0.6414955200000001,22.540001,21.07,63.91,1770467888.285746
1.7473572000000002,1.8766137600000001,1.3907048400000002,27.23,36.540001,53.759998,1770467888.293753
1.85985828,1.52714232,2.59470576,30.870001,49.209999,43.75,1770467888.301759
2.2021488000000002,1.19442636,4.41147852,37.310001,53.27,29.4,1770467888.309756
2.8388570399999997,0.78750756,7.001397000000001,36.68,55.439999,21.280001,1770467888.317754
3.3822133200000004,0.19627848000000003,9.5266872,41.09,58.52,3.78,1770467888.325809
3.50428896,-0.6558573600000001,11.532557520000001,49.560001,65.379997,-7.42,1770467888.333755
3.47556528,-1.70187804,13.296670200000001,64.889999,77.07,-12.95,1770467888.341759
3.78434484,-2.58752484,14.778333360000001,81.900002,84.419998,-12.04,1770467888.350033
3.92317596,-3.4013624399999998,16.341380280000003,91.769997,80.150002,-8.68,1770467888.357749
3.1045510800000002,-3.6000345600000005,18.62970012,96.110001,74.059998,-1.61,1770467888.365762
1.8981565200000001,-3.5808854400000003,21.01855284,86.660004,75.18,7.84,1770467888.373784
0.7899012,-3.7340784,22.212979200000003,65.309998,79.099998,16.73,1770467888.381773
-0.5864418,-3.7963130400000002,22.32308664,43.75,80.989998,24.01,1770467888.389851
-1.7593254,-3.46599072,21.16695852,18.48,85.050003,28.559999,1770467888.397739
-6.96309876,-4.849514640000001,19.7954028,-1.19,104.860001,9.73,1770467888.405774
-5.51015928,-2.9202408,16.77702276,-15.26,106.82,-1.33,1770467888.413827
-6.32639052,-1.2159691200000002,15.26184864,-18.549999,108.290001,-16.17,1770467888.421759
-6.87453408,0.6438891600000001,14.347478160000001,-24.01,98.07,-13.79,1770467888.429755
-7.21921824,2.3098626,13.337362080000002,-36.189999,80.639999,-17.219999,1770467888.437763
-7.3867730400000005,3.40375608,11.85330528,-47.669998,60.48,-24.01,1770467888.445783
-7.28624016,4.02370884,10.2687156,-58.310001,38.220001,-27.860001,1770467888.453765
-7.077993480000001,4.342062960000001,8.722424160000001,-56.91,11.97,-33.110001,1770467888.461761
-6.668681040000001,4.58621424,7.32214476,-46.34,-14.77,-33.459999,1770467888.469753
-6.2306449200000005,4.57424604,6.276124080000001,-40.810001,-40.040001,-33.880001,1770467888.477783
-5.48861652,4.1673272400000005,5.325849000000001,-32.549999,-65.099998,-36.959999,1770467888.485758
-5.0745168,4.191263640000001,4.46174496,-25.690001,-81.199997,-47.950001,1770467888.493757
-3.36545784,5.17983696,3.37263876,-15.89,-91.279999,-33.040001,1770467888.501755
-3.051891,5.30909352,2.9561454,-3.71,-100.309998,-23.450001,1770467888.509755
-2.333799,5.46228648,2.38885272,-4.41,-113.889999,-15.75,1770467888.517766
-1.65879252,5.519733840000001,1.92448656,-1.54,-126.489998,-12.04,1770467888.525785
-1.04362704,5.467073760000001,1.555866,-5.25,-136.850006,-9.45,1770467888.533745
-0.50984532,5.151113280000001,1.3165020000000003,-6.44,-143.850006,-5.74,1770467888.541763
0.6821874000000001,4.67717256,1.04602068,-3.57,-150.639999,-0.14,1770467888.549771
1.15373448,3.6933865200000002,1.17527724,-4.27,-152.389999,5.81,1770467888.558098
1.6516116,3.02077368,1.78565544,3.64,-144.619995,6.93,1770467888.565762
2.18299968,2.47023648,3.0901892400000004,10.92,-126.07,6.79,1770467888.57376
3.01119912,1.8742201200000002,5.00510124,20.440001,-102.059998,9.52,1770467888.581869
3.17875392,1.06277616,7.3867730400000005,27.440001,-73.849998,7.49,1770467888.589784
2.8603998,0.21064032000000002,9.63918828,31.360001,-38.639999,-1.82,1770467888.59777
2.1207650399999998,-0.45718524,11.43920556,37.450001,0.21,-11.13,1770467888.6058
1.2829910400000002,-1.2231500400000002,13.63896072,37.66,33.110001,-18.129999,1770467888.613762
0.6103782,-2.0298067200000003,16.2647838,34.16,47.669998,-26.950001,1770467888.621854
-0.73245384,-2.7885906000000005,19.29991932,24.85,44.450001,-40.459999,1770467888.629767
-1.90773108,-3.7915257600000003,21.076000200000003,10.36,31.780001,-38.919998,1770467888.637816
-2.79337788,-4.75855632,21.5666964,1.54,9.52,-25.620001,1770467888.645768
-3.0758274,-5.864418000000001,21.66962292,-7.21,-18.200001,-8.54,1770467888.653767
-4.30376472,-7.78411728,21.078393840000004,-25.34,-27.02,-15.05,1770467888.66176
-3.26013768,-7.0133652,19.007895240000003,-25.549999,-41.299999,-20.09,1770467888.669783
-2.06571132,-5.2899444,17.0905896,-33.32,-53.900002,-18.549999,1770467888.677764
-0.8234121600000001,-3.2314140000000005,15.247486800000003,-38.639999,-64.540001,-9.66,1770467888.685769
0.18191664000000002,-1.0651698,13.61741796,-45.709999,-70.0,-9.8,1770467888.693757
1.11064896,0.76357116,12.332033280000001,-48.790001,-69.089996,1.54,1770467888.701758
1.00054152,1.8311346,11.147181480000002,-52.919998,-57.959999,4.06,1770467888.70976
1.3428320400000002,1.90055016,9.9455742,-60.41,-46.900002,-0.49,1770467888.71786
5.457499200000001,3.52343808,8.080928640000002,-53.689999,-57.889999,16.940001,1770467888.725754
2.6808768000000005,5.0314312800000005,7.99954488,-26.809999,-41.650002,39.970001,1770467888.733754
2.5970994,4.8686637600000005,7.0636316400000005,-25.34,-38.009998,53.27,1770467888.741767
2.40082092,5.09127228,5.780640600000001,-23.1,-32.48,53.060001,1770467888.749775
2.23565976,4.97159028,4.79206728,-21.07,-24.219999,56.700001,1770467888.757781
2.0417749200000004,4.74658812,3.9734424,-14.77,-16.24,61.25,1770467888.765758
1.95799752,4.3803612,3.3630642,-10.99,-8.68,57.330002,1770467888.773769
1.8359218800000001,3.88727136,2.94657084,-8.26,-0.14,59.709999,1770467888.78176
1.88858196,3.1237002,2.71917504,-2.8,7.91,51.52,1770467888.789885
2.13512688,2.4295446,2.6449722,-1.12,13.44,48.23,1770467888.797787
2.35534176,1.9053374400000003,2.4247573200000003,5.46,18.200001,40.740002,1770467888.805762
2.48699196,1.3907048400000002,2.3290117200000005,11.41,22.75,33.389999,1770467888.813761
2.7215686800000003,0.89043408,2.8484316,17.219999,28.77,29.469999,1770467888.821769
3.1356684,0.06702192000000001,4.15057176,29.889999,32.900002,17.360001,1770467888.829763
3.84418584,-0.6343146,5.9841,41.650002,36.540001,8.05,1770467888.837817
4.55270328,-1.4936313600000002,8.20061064,53.130001,37.52,-0.63,1770467888.845764
5.29951896,-2.5611948,10.737869040000001,59.43,42.209999,-6.44,1770467888.853964
5.866811640000001,-3.84418584,12.801186720000002,65.519997,51.869999,3.36,1770467888.861756
6.364688760000001,-5.11281504,14.409712800000001,73.43,63.84,15.26,1770467888.869759
6.33357144,-6.50112624,15.61132008,77.419998,72.870003,31.15,1770467888.877764
4.61493792,-8.81816976,16.516116,71.75,85.889999,28.0,1770467888.885767
2.9896563600000006,-8.272419840000001,15.886588680000001,70.209999,101.709999,35.98,1770467888.893773
0.6941556000000001,-7.44900768,15.644831040000001,75.32,123.410004,39.689999,1770467888.901746
-1.8024109200000002,-6.13250568,15.50839356,75.18,148.610001,25.34,1770467888.909756
-3.5569490400000006,-4.071581640000001,15.47248896,68.879997,169.190002,20.370001,1770467888.917761
-5.2468588800000004,-1.6420370400000002,15.541904520000001,58.450001,179.619995,6.3,1770467888.925781
-6.264155880000001,0.70373016,15.977547000000001,42.560001,173.320007,-1.47,1770467888.933765
-7.12825992,2.88194256,16.39882764,21.209999,153.369995,-7.7,1770467888.941756
-7.5519342,4.61493792,16.37489124,0.98,123.970001,-11.83,1770467888.949764
-7.611775200000001,5.759097840000001,15.424616160000001,-22.889999,88.550003,-15.61,1770467888.957805
-7.32693204,6.03436644,13.643748,-34.650002,50.330002,-21.559999,1770467888.965763
-6.821874,6.1277184,11.3937264,-33.740002,12.32,-30.870001,1770467888.974009
-6.68304288,6.438891600000001,9.380675160000001,-22.889999,-12.32,-39.41,1770467888.982243
-5.12717688,7.44900768,7.417890360000001,-10.43,-31.780001,-28.77,1770467888.990139
-4.643661600000001,7.93252296,5.99846184,-3.64,-49.0,-20.370001,1770467888.997892
-4.16014632,8.09289684,4.7992482,-0.21,-65.519997,-15.19,1770467889.005769
-3.5258317200000002,8.31311172,3.82503672,-2.1,-76.440002,-15.75,1770467889.013758
-2.61624852,8.550082080000001,3.21465852,-1.89,-84.980003,-9.87,1770467889.02179
-1.5941642400000002,8.550082080000001,2.8747616400000005,0.63,-93.029999,-7.21,1770467889.029771
-1.11543624,8.138376000000001,2.4032145600000003,-6.37,-96.529999,-2.31,1770467889.037735
-0.74442204,7.35804936,1.8670392,-13.72,-99.050003,-1.82,1770467889.045766
-0.36143964000000006,6.34553964,1.46251404,-22.190001,-99.190002,-1.12,1770467889.053797
0.07659648000000001,5.19898608,1.3045338,-28.91,-95.129997,-2.94,1770467889.061769
0.34229052,4.1409972,1.4577267600000001,-24.92,-86.309998,-3.29,1770467889.069762
0.8090503200000001,2.98486908,1.9268802000000003,-19.950001,-75.529999,-5.6,1770467889.077766
1.01250972,2.0465622,2.8244952000000003,-14.98,-65.309998,-9.66,1770467889.085766
1.16809632,1.18006452,3.93993144,-10.01,-56.630001,-13.02,1770467889.093831
1.04602068,0.11489472,5.48861652,-10.92,-47.32,-12.88,1770467889.101765
0.7420284,-0.74920932,7.496880480000001,-6.02,-34.02,-6.3,1770467889.109759
0.27287496,-1.6755480000000003,9.8378604,2.45,-21.209999,-6.3,1770467889.117749
-0.36383328000000004,-2.90348532,12.729377520000002,15.54,-21.35,-11.83,1770467889.125751
-1.4912377200000002,-4.16972088,16.65494712,19.530001,-27.790001,-29.540001,1770467889.13375
-3.20987124,-6.577722720000001,19.96774488,9.87,-22.889999,-71.400002,1770467889.141777
-3.4971080400000005,-6.60405276,22.18186188,10.64,-37.310001,-72.099998,1770467889.149832
-3.5377999200000003,-7.1162917199999995,22.34702304,6.09,-55.580002,-77.839996,1770467889.157771
-2.5588011600000002,-7.34608116,21.219618600000004,-2.8,-80.010002,-75.25,1770467889.165786
-0.9454878,-6.52506264,19.74992364,-9.8,-100.870003,-65.239998,1770467889.17378
0.82819944,-5.53409568,18.23235588,-19.32,-116.129997,-55.02,1770467889.181749
2.1925742400000003,-4.25349828,16.815321,-23.52,-121.449997,-45.849998,1770467889.189756
3.0901892400000004,-2.6234294400000002,15.630469200000002,-29.75,-115.290001,-41.790001,1770467889.197751
4.97398392,-0.8114439600000001,14.775939720000002,-36.330002,-109.199997,-36.610001,1770467889.205754
4.9308984,0.50027076,14.23497708,-48.23,-89.459999,-32.900002,1770467889.213749
5.3019126000000005,2.15666964,12.746133,-61.32,-71.260002,-43.470001,1770467889.22175
4.794460920000001,2.58752484,11.704899600000001,-70.559998,-52.150002,-56.560001,1770467889.229784
5.9960682,5.74234236,10.44105768,-54.880001,-27.02,-7.42,1770467889.237787
5.325849000000001,5.82611976,9.754083,-61.880001,-10.01,5.04,1770467889.245756
4.78728,5.979312720000001,8.5692312,-70.0,2.1,18.969999,1770467889.253779
4.37796756,5.85005616,7.35326208,-64.959999,15.54,21.42,1770467889.261756
3.7340784,5.43835008,6.221070360000001,-57.959999,24.85,33.740002,1770467889.269773
3.0997638,5.10563412,5.06494224,-47.25,29.540001,33.529999,1770467889.277834
2.5372584,4.851908280000001,4.19605092,-35.77,33.110001,41.509998,1770467889.285743
2.08007316,4.658023440000001,3.6909928800000005,-24.780001,34.299999,38.57,1770467889.293755
1.6851225600000002,4.5886078800000005,3.2553504,-16.24,37.169998,44.310001,1770467889.301761
1.4122476000000002,4.248711,2.9896563600000006,-10.01,38.360001,41.09,1770467889.309792
1.3428320400000002,3.36785148,3.051891,-7.77,39.970001,41.509998,1770467889.317794
1.46251404,2.26917072,3.2481694800000005,-5.11,41.650002,38.990002,1770467889.325758
1.65879252,1.3165020000000003,3.28168044,1.54,42.07,29.469999,1770467889.333757
1.8263473200000002,0.45718524,3.2888613600000003,7.0,40.669998,28.280001,1770467889.34176
1.91251836,-0.36622692,3.50428896,18.76,37.169998,16.66,1770467889.349843
2.17581876,-0.90240228,4.12184808,33.110001,38.220001,14.7,1770467889.357803
2.67608952,-1.98432756,5.239677960000001,49.91,38.639999,6.16,1770467889.365764
3.05667828,-2.9681136,6.582510000000001,63.630001,39.759998,1.75,1770467889.37376
2.99683728,-5.10324048,8.63385948,75.18,36.189999,-27.23,1770467889.381858
3.3989688000000005,-6.36947604,10.4841432,87.080002,41.439999,-31.360001,1770467889.38976
4.3923294,-7.247941920000001,12.741345720000002,99.82,46.130001,-37.450001,1770467889.397767
5.119995960000001,-7.961246640000001,15.06317652,106.260002,49.419998,-26.18,1770467889.405763
5.37850908,-8.00193852,16.34377392,103.879997,51.869999,-21.280001,1770467889.413771
5.163081480000001,-7.61416884,16.8990984,89.529999,49.77,0.77,1770467889.421798
3.61918368,-6.39580608,16.6477662,81.059998,51.869999,8.82,1770467889.429771
1.57740876,-5.18701788,15.529936320000001,73.849998,66.010002,6.37,1770467889.437811
-0.12925656000000002,-3.8896650000000004,14.778333360000001,70.629997,87.639999,-2.73,1770467889.44576
-1.51038684,-2.1710314800000003,14.70173688,63.84,109.410004,-11.55,1770467889.453829
-2.8005588,-0.009574560000000001,15.034452840000002,53.970001,126.699997,-17.08,1770467889.46177
-3.7819512,2.10161592,15.65201196,40.459999,132.509995,-25.059999,1770467889.469755
-4.55509692,3.8298240000000003,16.04696256,17.639999,129.710007,-29.469999,1770467889.477773
-5.467073760000001,5.80697064,15.52754268,1.12,117.949997,-38.290001,1770467889.485886
-5.833300680000001,6.493945320000001,14.4456174,-15.12,92.75,-43.049999,1770467889.493749
-6.29766684,7.03251432,12.6503874,-26.110001,57.959999,-49.77,1770467889.501768
-6.35990148,7.307782920000001,10.55834604,-21.700001,22.120001,-60.27,1770467889.509761
-5.625054,7.43464584,8.61471036,-18.41,-12.6,-59.639999,1770467889.517775
-4.8830256,8.39688912,6.69501108,-6.51,-43.889999,-53.200001,1770467889.525762
-4.29419016,8.76311604,5.2540398,-5.11,-71.050003,-46.130001,1770467889.533743
-3.5665236,8.86604256,4.30137108,-8.68,-91.0,-38.919998,1770467889.541761
-2.6186421600000003,9.1197684,3.5377999200000003,-9.66,-103.529999,-39.970001,1770467889.549757
-1.56544056,9.349557840000001,3.0135927600000003,-12.88,-114.449997,-27.719999,1770467889.5578
-0.7970821200000001,9.11737476,2.7048132000000003,-16.1,-118.510002,-27.299999,1770467889.565764
-0.0957456,8.40407004,2.333799,-17.360001,-118.650002,-25.41,1770467889.573758
0.5026644,7.3006020000000005,1.8957628800000002,-17.639999,-114.309998,-27.65,1770467889.581789
0.93112596,6.17319756,1.6851225600000002,-14.91,-105.699997,-33.950001,1770467889.589858
1.33804476,4.97159028,1.63246248,-15.47,-91.839996,-32.34,1770467889.597797
1.5079932,3.7388656800000004,2.13991416,-13.02,-73.779999,-33.389999,1770467889.605768
1.5319296,2.41997004,3.31279776,-12.32,-54.110001,-32.27,1770467889.613758
1.2590546400000002,0.9574560000000001,4.7035026,-9.59,-36.540001,-30.1,1770467889.621806
0.7731457199999999,-0.23936400000000002,6.486764400000001,-2.03,-21.700001,-28.84,1770467889.629781
0.24415128000000003,-1.7425699200000002,9.071895600000001,2.03,-13.79,-24.85,1770467889.637758
-0.8210185200000001,-2.82688884,11.83894344,7.63,-19.879999,-28.77,1770467889.645757
-1.67794164,-3.59046,15.10147476,9.59,-37.66,-34.93,1770467889.653842
-3.6407264400000003,-4.84233372,18.34485696,3.64,-53.130001,-52.360001,1770467889.661773
-3.7819512,-5.2301034,19.88636112,-3.22,-77.980003,-68.949997,1770467889.669807
-3.5330126400000004,-5.46228648,20.575729440000003,-11.48,-104.230003,-71.540001,1770467889.677747
-2.25241524,-5.684895,20.125725120000002,-21.559999,-129.5,-68.18,1770467889.685747
-0.07420284,-5.313880800000001,19.11800268,-34.580002,-150.289993,-60.549999,1770467889.69376
2.14709508,-4.957228440000001,18.15336576,-40.32,-161.630005,-52.990002,1770467889.701812
3.59524728,-4.222380960000001,16.896704760000002,-38.290001,-160.649994,-43.330002,1770467889.709778
6.5442117600000005,-4.52876688,15.233124960000001,-40.880001,-149.940002,-36.189999,1770467889.717757
6.4364979600000005,-1.1585217600000002,14.814237960000002,-38.639999,-144.199997,-24.15,1770467889.725768
7.01097156,0.53138808,14.04348588,-43.68,-120.330002,-25.27,1770467889.733802
7.0516634400000004,2.3457672,13.24401012,-53.759998,-93.660004,-38.990002,1770467889.741764
9.75647664,4.19365728,11.302768080000002,-56.630001,-66.57,-27.719999,1770467889.749766
7.291027440000001,6.6638937600000006,11.31234264,-55.299999,-39.970001,0.77,1770467889.757764
6.6519255600000005,6.90086412,10.132278120000002,-74.339996,-20.370001,8.54,1770467889.765763
5.94580176,6.93676872,8.676945,-85.610001,-5.11,9.59,1770467889.773759
5.34260448,6.14208024,7.393953960000001,-90.860001,8.33,19.459999,1770467889.781752
4.8231846,5.39287092,6.32399688,-82.529999,15.89,19.25,1770467889.789771
4.2104127600000005,4.58621424,5.251646160000001,-73.989998,22.190001,25.48,1770467889.797842
3.5784918,4.0931244,4.095518040000001,-58.450001,25.969999,27.93,1770467889.805767
2.9681136,3.74125932,3.2912550000000005,-41.02,27.51,27.02,1770467889.813785
2.5157156400000003,3.5018953200000005,2.76704784,-25.690001,29.049999,31.08,1770467889.821826
2.12555232,3.2792868000000004,2.4319382400000005,-7.91,31.219999,27.440001,1770467889.82979
1.75693176,3.0279546,2.20932972,1.89,32.900002,30.799999,1770467889.837759
1.376343,2.30507532,2.29071348,15.19,37.099998,27.790001,1770467889.845759
1.1609154000000002,0.87846588,2.54204568,20.09,44.450001,22.610001,1770467889.853758
0.9933606,-0.52420716,2.90587896,30.870001,51.869999,19.25,1770467889.861768
0.72527292,-1.61091972,3.530619,46.060001,52.43,14.21,1770467889.869816
0.70851744,-2.60667396,4.602969720000001,51.59,50.330002,10.78,1770467889.877761
0.8377740000000001,-3.52343808,6.2114958,59.779999,44.869999,3.78,1770467889.885752
0.98378604,-4.73701356,8.11683324,65.379997,37.869999,-7.56,1770467889.893763
1.24948008,-6.534637200000001,10.1370654,71.75,28.07,-12.46,1770467889.901761
1.99390212,-7.83677736,11.78149608,84.07,13.44,-20.719999,1770467889.909768
2.15666964,-9.83067948,14.115295080000001,86.519997,0.42,-28.35,1770467889.917863
3.56412996,-10.22563008,15.613713720000002,99.82,-10.57,-27.23,1770467889.925742
5.131964160000001,-10.326162960000001,16.73872452,106.75,-23.799999,-19.879999,1770467889.933768
6.534637200000001,-8.91870264,16.82250192,106.75,-29.190001,-1.47,1770467889.941766
5.550851160000001,-6.278517720000001,15.326476920000001,110.18,-10.15,1.12,1770467889.949792
3.89205864,-4.028496120000001,13.492948680000001,113.75,24.219999,-3.29,1770467889.957821
2.69763228,-1.5798024,13.01182704,115.779999,56.209999,-12.04,1770467889.965763
1.94842296,0.9694242000000001,13.78497276,109.339996,80.43,-22.469999,1770467889.974082
1.04602068,3.2984359199999997,15.0919002,101.43,94.989998,-29.889999,1770467889.982473
-0.17234208,4.9907394,16.00627068,79.099998,104.089996,-40.110001,1770467889.989964
-1.29495924,7.58065788,15.51318084,61.32,101.010002,-52.220001,1770467889.997764
-1.8814010400000003,8.554869360000001,14.6251404,46.130001,81.059998,-61.18,1770467890.005757
-1.7904427200000002,10.75701816,12.44932164,39.34,58.52,-35.0,1770467890.013768
-2.69045136,10.96047756,10.271109240000001,19.530001,35.77,-30.450001,1770467890.021745
-2.6784831600000003,10.81207188,7.5710833200000005,9.45,10.43,-29.68,1770467890.02996
-2.65933404,10.687602600000002,5.433562800000001,7.07,-7.91,-27.09,1770467890.037754
-2.50374744,10.66127256,3.84897312,5.11,-25.129999,-22.889999,1770467890.045826
-2.45587464,10.51286688,2.39364,-4.97,-36.889999,-16.66,1770467890.053757
-2.32422444,10.27350288,1.1130426000000002,-21.77,-49.209999,-9.66,1770467890.061797
-1.99150848,9.675092880000001,0.10771380000000001,-34.439999,-64.260002,-3.92,1770467890.069905
-1.5127804800000002,8.74157328,-0.6343146,-46.34,-73.360001,-1.61,1770467890.077749
-1.14415992,7.73863812,-0.9287323200000001,-55.23,-76.230003,-0.91,1770467890.085751
-0.60559092,6.47718984,-0.55532448,-62.02,-74.550003,-3.92,1770467890.093754
-0.30159864000000003,5.337817200000001,0.37580148,-63.349998,-66.43,-3.36,1770467890.10176
0.016755480000000003,4.330094760000001,2.01544488,-63.209999,-58.52,-8.19,1770467890.109759
0.29441772,3.3151914000000002,4.37078664,-68.529999,-51.099998,-7.98,1770467890.117736
0.24175764,1.8981565200000001,7.501667760000001,-66.57,-45.220001,-7.63,1770467890.125757
-0.43564248000000005,0.25611948,10.874306520000001,-55.369999,-44.450001,-9.03,1770467890.133748
-1.5582596400000002,-0.42606792,13.899867480000001,-48.23,-52.360001,-13.58,1770467890.141885
-2.59949304,-0.7061238000000001,16.0852608,-45.290001,-67.199997,-28.209999,1770467890.149759
-2.44869372,-0.6654319200000001,17.0307486,-46.549999,-92.330002,-34.369999,1770467890.158005
-1.48166316,-1.32607656,17.2102716,-39.759998,-121.239998,-41.860001,1770467890.165755
0.35425872,-2.1375205200000003,17.66027592,-32.200001,-150.5,-44.099998,1770467890.173779
3.02077368,-2.5013538,18.06240744,-28.0,-163.520004,-48.650002,1770467890.181842
6.438891600000001,-3.38460696,18.12224844,-29.33,-168.0,-41.580002,1770467890.189757
8.82774432,-3.84418584,17.61958404,-32.619999,-163.869995,-34.580002,1770467890.197752
10.5798888,-3.46838436,16.64297892,-31.360001,-149.660004,-22.120001,1770467890.205753
11.338672680000002,-2.86279344,15.14934756,-33.25,-125.089996,-7.21,1770467890.213751
11.28361896,-1.9508166000000002,13.540821480000002,-37.099998,-91.769997,5.67,1770467890.22177
10.706751720000002,-0.66064464,12.181233960000002,-42.700001,-56.0,18.27,1770467890.229847
9.699029280000001,0.61755912,11.2381398,-52.220001,-18.34,24.57,1770467890.237758
8.46630468,1.42900308,10.40994036,-58.450001,16.24,25.27,1770467890.245756
7.76257452,2.8197079200000004,9.912063240000002,-60.549999,42.07,43.049999,1770467890.253753
6.5968718399999995,3.19790304,9.5865282,-61.529999,59.990002,44.869999,1770467890.261777
5.567606640000001,3.5449808400000005,9.15327936,-64.470001,70.629997,53.549999,1770467890.269753
4.63887432,3.6862056,8.4734856,-59.220001,76.720001,55.860001,1770467890.277765
3.8034939600000004,3.61918368,7.611775200000001,-54.32,78.050003,62.509998,1770467890.285826
2.96571996,3.40614972,6.2593686,-46.130001,75.110001,67.900002,1770467890.293866
2.23565976,3.2840740800000003,4.76573724,-37.799999,72.870003,77.629997,1770467890.301884
1.6444306800000001,3.2242330800000003,3.3870006000000004,-24.57,68.529999,80.709999,1770467890.309767
1.1609154000000002,3.2194458000000004,2.30746896,-18.76,67.760002,87.989998,1770467890.317758
0.79947576,3.27449952,1.496025,-10.78,70.489998,88.550003,1770467890.325759
0.5194198800000001,3.27449952,0.9454878,-4.9,73.849998,90.230003,1770467890.333758
0.39016332000000004,2.69523864,0.7420284,-1.75,74.199997,88.269997,1770467890.341882
0.31596048000000004,1.39549212,1.35958752,3.22,75.110001,82.669998,1770467890.349773
0.4906962,0.08138376,2.3768845200000004,4.76,71.190002,80.43,1770467890.357786
0.68458104,-1.0340524800000002,3.7628020800000006,11.13,61.740002,71.120003,1770467890.365765
1.0172970000000001,-2.6736958800000004,5.771066040000001,19.67,47.950001,64.400002,1770467890.373815
1.58698332,-4.3923294,8.18385516,28.559999,31.219999,53.41,1770467890.381759
1.84070916,-6.774001200000001,10.73308176,43.540001,14.56,29.049999,1770467890.389773
3.00880548,-9.35434512,12.755707560000001,51.450001,14.0,11.41,1770467890.39776
4.5886078800000005,-11.20941612,14.43843648,74.129997,10.99,1.68,1770467890.405767
6.47718984,-12.5905464,16.49936052,87.43,4.97,3.22,1770467890.413798
8.44236828,-12.67911108,17.95948092,95.410004,4.34,13.79,1770467890.42188
10.25435376,-11.075372280000002,18.06958836,100.730003,11.9,37.59,1770467890.429798
9.06710832,-7.5279978,16.5400524,114.239998,42.560001,46.830002,1770467890.437744
6.53703084,-4.18408272,14.215827960000002,125.720001,92.610001,35.349998,1770467890.445761
4.48328772,-1.3907048400000002,13.16262636,125.720001,140.490005,24.219999,1770467890.453762
2.8723680000000003,0.74920932,13.332574800000002,121.309998,180.740005,11.9,1770467890.461789
1.3883112000000002,2.81013336,14.21343432,114.099998,206.919998,2.1,1770467890.469846
-0.3949506,4.62690612,14.90998356,92.470001,219.449997,-10.57,1770467890.477752
-2.7407178,7.44900768,13.990825800000001,71.75,219.029999,-28.209999,1770467890.485744
-4.48328772,7.767361800000001,12.329639640000002,57.75,201.389999,-54.880001,1770467890.493764
-4.61254428,10.192119120000001,9.46923984,57.189999,173.389999,-30.73,1770467890.501797
-5.91947172,10.33334388,7.63331796,49.279999,135.380005,-24.5,1770467890.509789
-6.13250568,10.82164644,5.79739608,39.689999,90.93,-25.27,1770467890.517742
-5.90750352,10.77377364,4.4258403600000005,36.470001,49.84,-17.219999,1770467890.525762
-5.50058472,10.694783520000001,3.27449952,30.24,7.98,-13.51,1770467890.533744
-4.851908280000001,10.675634400000002,2.2978944,18.549999,-31.01,-6.09,1770467890.541764
-3.89684592,10.17775728,1.5845896800000001,8.33,-65.029999,2.1,1770467890.549754
-2.84603796,9.37588788,1.05080796,-6.02,-87.639999,6.65,1770467890.55783
-1.8359218800000001,8.29635624,0.51223896,-11.55,-101.779999,8.61,1770467890.565766
-0.90240228,6.946343280000001,0.16516116,-21.42,-105.629997,9.87,1770467890.573762
0.04308552,5.83569432,0.0718092,-26.530001,-103.669998,10.5,1770467890.581887
0.7731457199999999,4.9787712,0.27526860000000003,-33.110001,-98.209999,10.22,1770467890.589774
1.3093210800000001,4.52158596,0.95506236,-42.139999,-86.309998,9.87,1770467890.597766
1.94602932,4.0931244,2.2739580000000004,-45.990002,-73.220001,13.65,1770467890.605763
2.14709508,2.86997436,4.4761068,-53.130001,-56.98,14.14,1770467890.613791
1.83352824,1.83352824,7.2766656,-58.310001,-35.0,9.17,1770467890.621785
1.2087882,0.76357116,10.59903792,-59.990002,-11.27,-0.07,1770467890.629799
0.6558573600000001,-0.19388484,14.613172200000001,-52.990002,12.32,-7.98,1770467890.637761
0.27048132,-1.20400092,19.7594982,-44.66,29.959999,-11.69,1770467890.645825
-0.2872368,-2.5181092800000004,24.67603476,-42.209999,32.41,-18.620001,1770467890.653767
-1.01969064,-3.51625716,26.727384240000003,-42.349998,19.950001,-11.48,1770467890.661761
-1.67076072,-4.43062764,26.23908168,-36.68,-0.35,-2.94,1770467890.669787
-1.79762364,-4.37078664,23.46006564,-39.900002,-26.67,7.28,1770467890.677755
-1.72820808,-3.90402684,19.80258372,-50.68,-48.439999,15.82,1770467890.685744
-1.08671256,-3.4588098,16.59510612,-59.57,-55.790001,19.809999,1770467890.693766
-0.67740012,-2.9369962800000002,14.45279832,-61.32,-48.09,25.34,1770467890.701756
-0.45000432000000007,-2.3816718,12.973528800000002,-63.349998,-29.33,21.77,1770467890.709869
-0.33271596000000003,-1.4146412400000001,11.470322880000001,-71.190002,-10.43,19.389999,1770467890.717771
-0.16755480000000003,0.02872368,10.127490840000002,-75.669998,3.08,21.629999,1770467890.72576
-0.24175764,1.1728836,9.158066640000001,-79.449997,10.15,25.690001,1770467890.733781
-0.3949506,1.83831552,8.2460898,-84.209999,11.9,33.459999,1770467890.741763
-0.49787712,1.8526773600000002,7.1162917199999995,-80.639999,8.89,34.439999,1770467890.749772
-0.52420716,1.5319296,5.95776996,-76.580002,0.21,32.830002,1770467890.757829
-0.10292652000000001,1.5630469200000001,4.480894080000001,-61.459999,-2.45,45.990002,1770467890.765804
0.66303828,2.27635164,3.49232076,-43.75,-15.47,54.950001,1770467890.773765
0.34468416,2.0465622,3.2984359199999997,-33.110001,-23.030001,65.660004,1770467890.781775
0.56968632,2.13512688,3.17396664,-20.440001,-28.139999,66.080002,1770467890.7898
0.9526687200000001,2.09204136,3.2840740800000003,-12.11,-33.599998,71.470001,1770467890.797866
1.52474868,1.65879252,3.42529884,-0.98,-37.099998,66.5,1770467890.805769
1.9292738400000002,1.48884408,3.5018953200000005,4.83,-41.650002,61.389999,1770467890.813762
2.35055448,1.256661,3.7388656800000004,13.51,-42.98,56.91,1770467890.821761
2.7287496000000004,0.7707520800000001,4.40190396,18.690001,-42.560001,50.82,1770467890.829816
3.2409885600000004,-0.15079932000000001,5.505372,21.42,-39.759998,41.650002,1770467890.837769
4.07397528,-1.1369790000000002,6.81708672,24.43,-32.549999,29.120001,1770467890.84576
5.18462424,-2.35534176,8.50220928,33.810001,-23.799999,24.57,1770467890.853755
6.52984992,-3.72929112,10.35009936,47.459999,-11.76,29.4,1770467890.861783
7.85832012,-5.026644,11.90357172,69.650002,1.05,25.83,1770467890.86978
7.997151240000001,-8.1862488,14.543756640000002,74.339996,16.450001,13.02,1770467890.877756
8.93545812,-7.94209752,15.96797244,84.349998,41.439999,18.41,1770467890.885741
8.86604256,-7.240761,17.28686808,80.779999,74.620003,27.58,1770467890.893755
8.97615,-6.5872972800000005,17.46399744,61.32,97.510002,52.290001,1770467890.901879
8.26284528,-6.087026520000001,17.5214448,48.509998,114.029999,73.919998,1770467890.909769
5.60590488,-4.81361004,16.566382439999998,43.540001,150.850006,81.830002,1770467890.91776
2.86279344,-3.2840740800000003,15.56105364,43.610001,200.059998,76.860001,1770467890.925762
0.2633004,-1.6683670800000001,15.16131576,37.52,243.669998,62.650002,1770467890.933761
-1.94602932,0.60559092,15.350413320000001,22.68,275.589996,51.799999,1770467890.941852
-4.17450816,2.58752484,15.295359600000001,3.71,291.690002,33.459999,1770467890.949763
-7.32932568,4.47850044,14.151199680000001,-18.76,298.549988,13.65,1770467890.957762
-8.820563400000001,5.14871964,12.33442692,-38.990002,279.369995,-5.53,1770467890.965777
-10.192119120000001,5.64659676,10.22563008,-48.09,235.690002,-15.61,1770467890.974001
-11.010744,5.64180948,7.925342040000001,-48.860001,176.75,-27.440001,1770467890.982694
-11.125638720000001,5.455105560000001,6.221070360000001,-18.48,65.099998,-38.290001,1770467890.997031
-10.4602068,5.30430624,4.37557392,-11.2,40.18,-38.779999,1770467891.000068
-9.268174080000001,5.39287092,3.54737448,8.68,-10.99,-36.959999,1770467891.008204
-7.865501040000001,4.94047296,3.02077368,25.620001,-60.200001,-44.939999,1770467891.016091
-5.266008000000001,6.256974960000001,1.68033528,44.310001,-87.849998,-30.59,1770467891.024229
-4.86627012,7.63810524,1.2590546400000002,59.779999,-122.080002,-12.81,1770467891.032524
-3.7316847600000003,7.539966,1.06995708,61.669998,-155.190002,3.99,1770467891.040294
-2.7335368800000004,7.14262176,0.4069188,58.099998,-184.380005,9.17,1770467891.04812
-1.4720886,6.81708672,-0.20824668000000002,59.43,-206.289993,13.23,1770467891.055949
-0.32314139999999997,5.99367456,-0.05026644,58.169998,-223.300003,24.57,1770467891.063974
0.58883544,5.0386122,0.66782556,51.66,-226.589996,30.379999,1770467891.071966
1.36198116,4.08594348,1.8478900800000002,40.459999,-213.080002,31.290001,1770467891.080003
2.50853472,3.19790304,3.48035256,25.200001,-190.330002,28.139999,1770467891.087925
3.6359391600000004,2.49177924,5.433562800000001,16.73,-151.479996,34.23,1770467891.095346
3.73647204,1.66118616,7.89183108,11.62,-98.910004,31.08,1770467891.103339
3.1955093999999997,0.67500648,10.38121668,2.45,-34.580002,23.1,1770467891.111354
2.3864590800000003,-0.31356684,12.571397280000001,3.01,36.540001,3.92,1770467891.119382
1.93645476,-0.7851139200000001,16.08765444,10.15,92.050003,-9.03,1770467891.127333
0.59841,-0.6654319200000001,20.97786096,10.99,128.940002,-20.93,1770467891.135348
-0.6295273200000001,-0.8090503200000001,25.43003136,-1.26,149.940002,-25.620001,1770467891.14339
-2.50853472,-2.86518708,25.66460808,-12.25,142.800003,-4.62,1770467891.151328
-3.93514416,-3.8106748800000005,23.201552520000003,1.12,101.5,17.5,1770467891.159348
-5.64420312,-4.70110896,21.20286312,-10.22,43.259998,39.689999,1770467891.167377
-7.44661404,-5.2372843200000005,18.608157360000003,-37.799999,-1.26,19.18,1770467891.175356
-5.979312720000001,-4.2415300799999995,16.47781776,-46.200001,-52.5,10.08,1770467891.183344
-4.32530748,-3.15242388,15.29775324,-63.209999,-88.199997,16.799999,1770467891.19133
-2.4798110400000004,-2.02501944,13.880718360000001,-79.239998,-106.959999,6.86,1770467891.199372
-0.7563902400000001,-1.2159691200000002,11.89878444,-87.639999,-112.910004,16.59,1770467891.207357
0.3949506,-0.6199527600000001,9.651156480000001,-89.949997,-109.760002,21.07,1770467891.215358
1.03165884,-0.14122476,7.585445160000001,-86.029999,-102.129997,30.379999,1770467891.223338
1.00054152,0.07420284,6.0583028400000005,-80.779999,-87.010002,35.07,1770467891.231329
1.83352824,-0.10532016000000001,4.93329204,-72.169998,-76.019997,37.240002,1770467891.239361
2.18778696,0.83059308,3.6287582400000002,-57.889999,-70.839996,36.68,1770467891.247357
3.28168044,1.9627848,2.61146124,-32.48,-68.25,44.380001,1770467891.255332
2.3816718,2.6808768000000005,2.25720252,-12.88,-55.860001,47.110001,1770467891.263354
2.23087248,3.2960422800000004,1.8957628800000002,-7.0,-45.57,49.560001,1770467891.271368
2.10400956,3.61679004,1.5319296,-3.43,-34.23,46.549999,1770467891.279359
2.00347668,3.5449808400000005,0.89282772,-2.52,-20.23,44.450001,1770467891.287331
1.92448656,3.16199844,0.3111732,2.45,-6.65,41.299999,1770467891.295385
2.1375205200000003,2.3433735600000003,0.39973788,11.9,5.67,34.790001,1770467891.303376
2.4463000800000003,1.80480456,1.23511824,21.209999,20.790001,27.02,1770467891.311331
2.8484316,1.72581444,3.15003024,27.860001,35.560001,16.17,1770467891.319384
3.62157732,1.33325748,5.94580176,31.01,49.560001,12.32,1770467891.327334
4.45456404,0.8617104000000001,9.30168504,29.959999,65.169998,12.32,1770467891.335338
4.9021747200000005,0.34947144,12.580971840000002,38.220001,84.489998,8.26,1770467891.343345
4.7992482,-0.22021488,15.14456028,50.75,108.220001,1.33,1770467891.351333
4.65084252,-0.70851744,16.42276404,71.120003,132.580002,4.48,1770467891.35937
4.23913644,-0.7659648,17.6291586,86.519997,145.600006,16.450001,1770467891.36734
3.1596048,-0.46197252000000005,18.80443584,92.75,146.300003,29.75,1770467891.375376
1.7832618,-0.33510960000000006,20.36030184,82.32,129.429993,47.459999,1770467891.383335
0.42846156,-1.1250108,21.731857559999998,51.799999,108.989998,58.240002,1770467891.391382
-1.1489472,-2.16385056,21.494887200000004,25.34,94.639999,61.389999,1770467891.399394
-2.1447014400000004,-2.2500216,20.34594,8.54,92.540001,65.169998,1770467891.407328
-3.5210444400000003,-3.00880548,18.818797680000003,-4.97,101.989998,74.620003,1770467891.41536
-5.979312720000001,-4.84233372,16.70521356,-27.23,131.740005,35.700001,1770467891.423347
-6.592084560000001,-4.49525592,14.223008880000002,-30.799999,142.729996,17.85,1770467891.431381
-7.360443,-3.410937,12.19798944,-26.879999,150.639999,4.13,1770467891.439339
-7.91576748,-1.9149120000000002,10.42669584,-23.66,146.509995,-13.09,1770467891.447339
-8.11683324,-0.29202408,9.024022800000001,-21.91,131.809998,-18.76,1770467891.455393
-8.107258680000001,1.0579888800000001,7.913373840000001,-19.18,104.650002,-37.099998,1770467891.463368
-7.83438372,2.0082639600000003,7.061238,-18.9,71.82,-42.77,1770467891.47133
-7.3843794,2.6186421600000003,6.280911360000001,-11.48,38.080002,-53.48,1770467891.479344
-6.589690920000001,2.81492064,5.2157415600000006,-2.66,0.0,-58.380001,1770467891.487354
-5.6896822799999995,3.02316732,4.15775268,7.77,-31.780001,-57.959999,1770467891.495335
-4.6915344,3.2002966800000006,3.2840740800000003,23.1,-57.75,-54.669998,1770467891.503349
-3.8058876000000006,2.4893856,2.7167814000000003,31.01,-84.209999,-52.849998,1770467891.511328
-3.60960912,3.26253132,1.8478900800000002,44.869999,-95.339996,-60.060001,1770467891.519367
-1.9029438000000003,4.397116680000001,0.87846588,56.98,-108.639999,-35.84,1770467891.527338
-1.0388397600000001,4.80403548,0.6702192000000001,68.739998,-129.429993,-20.58,1770467891.535346
-0.24175764,5.12717688,0.54574992,75.949997,-147.979996,-4.97,1770467891.543372
0.33271596000000003,5.2684016399999996,0.7611775199999999,79.029999,-160.860001,4.83,1770467891.551329
0.87846588,5.60590488,0.9933606,77.0,-167.860001,14.21,1770467891.559379
1.50559956,5.93143992,1.3284702000000002,62.650002,-166.389999,19.74,1770467891.567319
2.3816718,6.00564276,2.33858628,38.220001,-154.279999,21.77,1770467891.575363
3.0782210400000003,5.44074372,4.00216608,15.75,-123.199997,24.01,1770467891.58334
4.2008382,4.44498948,6.438891600000001,-3.36,-81.970001,26.809999,1770467891.591377
4.23913644,2.9585390400000002,9.09343836,-7.63,-21.35,32.130001,1770467891.599355
3.54019356,1.16330904,11.42245008,-4.55,52.220001,32.060001,1770467891.607354
2.17581876,-0.8329867200000001,14.1105078,4.13,119.419998,23.1,1770467891.61536
0.40213152,-1.08671256,17.992991879999998,22.959999,177.169998,8.33,1770467891.623348
-1.55107872,-1.18724544,23.069902320000004,16.73,212.940002,-3.15,1770467891.631381
-3.21226488,-2.41518276,25.935089400000003,-1.33,216.369995,6.23,1770467891.639376
-5.0386122,-3.4779589200000003,25.2289656,7.77,184.729996,30.379999,1770467891.64734
-7.283846520000001,-4.74419448,23.129743320000003,7.0,127.82,59.009998,1770467891.655364
-9.773232120000001,-5.41680732,20.06827776,-18.9,72.169998,32.759998,1770467891.663357
-9.51232536,-4.11466716,17.09777052,-27.440001,3.99,19.25,1770467891.671334
-8.24369616,-2.23565976,15.197220360000001,-29.75,-53.549999,11.48,1770467891.679389
-6.20670852,-0.6534637200000001,14.0147622,-35.98,-93.660004,3.78,1770467891.687339
-3.9016332000000005,0.36862056,12.49958808,-40.459999,-118.230003,-1.89,1770467891.695365
-1.8071982,0.97181784,10.7953164,-40.880001,-132.649994,-4.27,1770467891.703404
-0.12446928,1.11543624,9.03359736,-38.57,-136.570007,1.05,1770467891.711327
0.81862488,1.0412334,7.5040614,-33.669998,-134.330002,3.43,1770467891.719375
1.06995708,0.7563902400000001,6.1157502,-26.25,-118.650002,4.34,1770467891.727328
3.2074776,0.85213584,4.808822760000001,-22.540001,-113.330002,2.59,1770467891.735336
4.75855632,1.8191664,3.26013768,-8.19,-108.43,15.12,1770467891.743343
3.45162888,2.4630555600000004,2.64018492,3.85,-94.010002,29.190001,1770467891.75138
3.23380764,2.79816516,1.7712936000000001,8.19,-76.440002,35.91,1770467891.759371
3.0877956,3.10933836,0.6582510000000001,6.51,-58.310001,31.85,1770467891.767387
2.86518708,3.38460696,-0.42606792,5.25,-37.450001,30.73,1770467891.77533
2.69763228,3.4995016800000003,-1.19203272,6.44,-15.96,25.41,1770467891.783359
2.55640752,3.49232076,-1.42660944,6.79,8.12,21.84,1770467891.792055
2.6856640800000005,3.26971224,-0.85213584,9.1,30.66,19.389999,1770467891.799956
2.9800818000000002,3.15481752,0.6582510000000001,5.39,53.41,8.82,1770467891.808092
3.3463087200000006,3.1859348400000003,3.10694472,3.71,76.720001,6.72,1770467891.815943
3.7580147999999998,2.9082726,6.52506264,-2.66,103.669998,6.79,1770467891.823961
3.86333496,2.1231586800000004,9.888126840000002,-12.67,133.419998,1.89,1770467891.83195
3.44444796,0.9287323200000001,12.573790920000002,-13.44,164.289993,-0.35,1770467891.839949
2.49177924,-0.24175764,15.173283960000001,-5.18,195.160004,-9.8,1770467891.847994
1.18963908,-0.96703056,17.41133736,17.57,219.729996,-9.8,1770467891.855962
-0.45718524,-0.62474004,20.240619840000004,32.200001,233.029999,-0.56,1770467891.863999
-1.9771466400000002,-0.44761068000000004,24.41034072,35.209999,222.600006,8.19,1770467891.871955
-4.1888700000000005,-1.5917706,26.631638640000002,31.92,192.639999,32.41,1770467891.879952
-6.00085548,-1.6516116,24.091986600000002,19.25,141.820007,42.630001,1770467891.888039
-7.453794960000001,-1.36916208,20.614027680000003,2.45,91.489998,58.099998,1770467891.895958
-10.934147520000002,-4.3803612,18.040864680000002,-24.01,79.449997,41.16,1770467891.903965
-9.07428924,-3.55934268,14.938707240000001,-30.799999,57.889999,12.67,1770467891.911958
-8.887585320000001,-3.26253132,13.00225248,-31.57,47.18,4.55,1770467891.919978
-8.60034852,-2.4750237600000005,11.506227480000002,-28.559999,43.889999,-9.66,1770467891.927958
-8.1264078,-1.4002794,10.232811,-27.09,42.419998,-21.139999,1770467891.936023
-7.489699560000001,-0.0119682,8.98333092,-26.040001,38.849998,-34.02,1770467891.943961
-6.7285220400000005,1.1489472,7.78411728,-23.24,32.549999,-45.150002,1770467891.951955
-5.9505890400000006,1.88858196,6.881715000000001,-17.43,21.42,-52.849998,1770467891.959944
-5.19659244,2.45587464,5.974525440000001,-12.88,8.33,-60.200001,1770467891.967948
-4.50243684,2.692845,5.036218560000001,0.77,-9.45,-63.07,1770467891.976249
-3.7915257600000003,2.90587896,4.11945444,13.44,-24.01,-62.439999,1770467891.984178
-3.3151914000000002,3.2242330800000003,3.27449952,29.889999,-39.759998,-60.27,1770467891.992088
-3.02316732,3.2194458000000004,2.70002592,43.959999,-55.790001,-66.360001,1770467891.999964
-1.93406112,3.6933865200000002,2.0226258,51.869999,-67.760002,-59.290001,1770467892.007961
-1.76171904,4.1170608,1.6851225600000002,63.209999,-81.339996,-51.869999,1770467892.015969
-1.07474436,4.58621424,1.376343,72.519997,-96.110001,-44.029999,1770467892.023997
-0.47633436000000007,4.61493792,1.18724544,79.169998,-110.529999,-37.869999,1770467892.031952
0.6103782,4.806429120000001,1.00772244,83.93,-126.629997,-27.65,1770467892.039938
0.89282772,4.55030964,1.16570268,79.870003,-135.520004,-19.459999,1770467892.047936
1.3308638400000001,4.40908488,1.2016072800000002,67.199997,-134.889999,-6.44,1770467892.05596
1.80959184,4.21998732,1.5223550399999999,45.43,-123.339996,0.28,1770467892.064033
1.8981565200000001,3.30082956,2.97290088,24.43,-90.790001,11.55,1770467892.071957
2.6018866800000002,1.9962957600000002,5.38808364,8.4,-42.560001,30.379999,1770467892.080071
1.98432756,0.58883544,8.5213584,2.45,24.780001,35.0,1770467892.08794
0.84734856,-1.32128928,12.02086008,8.75,95.059998,28.84,1770467892.095949
-0.41888700000000006,-2.2260852000000004,15.450946200000002,26.110001,155.050003,24.15,1770467892.103943
-3.6550882799999997,-2.55640752,19.388484000000002,52.849998,205.309998,31.08,1770467892.11196
-9.158066640000001,-4.287009240000001,22.74915456,51.66,257.459991,-9.31,1770467892.119994
-10.45302588,-4.038070680000001,24.70954572,48.650002,244.229996,-3.85,1770467892.127943
-12.748526640000001,-3.59046,23.050753200000003,29.68,176.050003,-9.45,1770467892.135942
-14.16077424,-3.4540225200000005,21.040095600000004,-4.2,83.860001,-2.87,1770467892.143958
-13.73709996,-3.04710372,19.13475816,-27.65,-4.55,-11.13,1770467892.151954
-11.68814412,-2.0944350000000003,17.50708296,-38.43,-85.889999,-7.98,1770467892.160041
-9.08625744,-0.48112164,16.1091972,-47.459999,-140.630005,-15.05,1770467892.167958
-6.36947604,0.79947576,14.83338708,-51.380001,-172.059998,-20.02,1770467892.175947
-3.71253564,1.53432324,13.45465044,-58.029999,-185.639999,-22.33,1770467892.183958
-1.3524066000000001,2.0417749200000004,11.84133708,-56.77,-187.389999,-21.559999,1770467892.191977
0.29681136,2.3098626,9.8019558,-56.0,-181.649994,-15.61,1770467892.200104
0.7563902400000001,1.6994844000000002,7.88225652,-53.41,-165.550003,-19.459999,1770467892.207948
1.3093210800000001,1.76411268,6.1277184,-44.52,-149.869995,-26.950001,1770467892.215991
3.37981968,3.31279776,4.437808560000001,-20.16,-151.759995,8.96,1770467892.223963
3.74125932,3.56173632,3.42051156,-8.26,-138.320007,26.74,1770467892.231944
3.61200276,3.8776968000000003,2.35534176,-1.89,-120.330002,35.349998,1770467892.239948
3.49232076,4.3324884,1.42182216,-3.78,-102.550003,39.830002,1770467892.247967
3.2074776,4.5886078800000005,0.6103782,-4.69,-81.620003,38.5,1770467892.256046
2.96093268,4.66041708,-0.25851312000000004,-4.55,-58.869999,33.459999,1770467892.264241
2.73114324,4.6197252,-1.0962871200000002,-0.98,-36.189999,24.780001,1770467892.271979
2.5659820800000004,4.60536336,-1.4673013200000002,2.87,-12.88,18.34,1770467892.280056
2.5659820800000004,4.42105308,-1.1992136400000002,9.87,9.52,10.85,1770467892.287925
2.70720684,4.27982832,-0.22021488,14.07,35.07,2.24,1770467892.295953
2.9800818000000002,4.31333928,1.40506668,17.43,60.48,-3.08,1770467892.303966
3.32237232,4.5455223600000005,3.5521617599999997,17.01,89.32,-7.07,1770467892.312014
3.3822133200000004,4.07397528,5.991280920000001,15.68,121.660004,-5.04,1770467892.319979
3.1260938400000002,3.4013624399999998,8.2939626,9.24,157.289993,-4.06,1770467892.327956
2.49896016,2.65454676,11.21180976,9.45,193.830002,-4.97,1770467892.335998
1.2614482800000002,2.18539332,14.93391996,6.86,229.25,-5.95,1770467892.344013
-0.62713368,1.6420370400000002,18.574646400000002,12.67,260.329987,-7.0,1770467892.351945
-3.25774404,1.4720886,23.428948320000003,14.98,276.220001,-4.2,1770467892.359953
-5.8524498000000005,0.6869746800000001,27.50531724,2.45,267.399994,11.97,1770467892.367967
-8.26523892,-1.20400092,27.572339160000002,2.45,225.960007,38.220001,1770467892.375989
-10.26153468,-1.5486850800000003,23.177616120000003,-1.33,153.440002,65.940002,1770467892.383971
-14.6730132,-5.41202004,19.766679120000003,-27.299999,109.550003,51.380001,1770467892.391939
-13.05969984,-4.54073508,15.44855256,-46.970001,49.84,28.280001,1770467892.399955
-12.60490824,-4.54073508,13.512097800000001,-50.540001,10.64,9.87,1770467892.407964
-11.740804200000001,-3.88727136,12.29852232,-51.450001,-17.43,1.68,1770467892.415961
-10.520047800000002,-2.78619696,11.15675604,-52.080002,-32.689999,-17.08,1770467892.424009
-9.146098440000001,-1.5630469200000001,9.73493388,-50.889999,-40.25,-30.450001,1770467892.431962
-7.74103176,-0.45239796,8.27481348,-50.189999,-44.869999,-43.610001,1770467892.439982
-6.3503269200000005,0.38776968,7.1450154,-47.669998,-48.650002,-51.799999,1770467892.44799
-5.1104214,1.1417662800000001,6.2833049999999995,-37.52,-54.880001,-59.5,1770467892.456051
-4.10030532,1.73299536,5.52691476,-28.700001,-59.360001,-62.09,1770467892.463974
-3.22662672,2.20932972,4.7035026,-15.33,-65.870003,-63.77,1770467892.471956
-2.44869372,2.6090676,3.8585476800000005,3.08,-74.550003,-70.419998,1770467892.479978
-1.79762364,2.88194256,3.1691793600000002,18.129999,-81.410004,-71.610001,1770467892.487965
-1.27581012,3.10933836,2.6138548800000003,36.540001,-89.459999,-70.699997,1770467892.495936
-0.8952213600000001,3.26013768,2.27874528,50.68,-92.540001,-68.459999,1770467892.503995
-0.7563902400000001,3.26971224,2.06331768,62.650002,-98.209999,-76.440002,1770467892.511969
-0.63910188,3.50907624,1.65639888,68.389999,-99.120003,-82.949997,1770467892.520028
3.2002966800000006,5.36654088,1.1489472,78.610001,-116.760002,-70.839996,1770467892.527951
1.79762364,4.8471210000000005,1.2614482800000002,85.400002,-125.440002,-52.779999,1770467892.536053
2.33858628,4.8471210000000005,1.3165020000000003,79.730003,-130.899994,-39.060001,1770467892.54399
2.7335368800000004,4.63887432,1.5199614000000001,70.0,-123.199997,-29.33,1770467892.551939
3.31758504,4.3396693200000005,1.7234208000000002,54.110001,-103.529999,-10.92,1770467892.559954
3.9064204800000004,3.8417922000000004,2.5659820800000004,34.790001,-71.68,3.36,1770467892.568014
4.1529654,3.05428464,4.29419016,19.530001,-23.1,17.57,1770467892.575982
3.5976409200000004,1.78565544,6.81229944,7.91,43.400002,30.1,1770467892.583996
2.14709508,0.0023936400000000003,9.912063240000002,2.87,118.160004,31.709999,1770467892.591936
0.06702192000000001,-1.9603911600000001,13.22725464,5.25,192.360001,26.25,1770467892.599949
-1.7593254,-2.30507532,17.7009678,17.57,256.339996,23.1,1770467892.607989
-7.73385084,-3.97583604,23.3499582,37.099998,312.130005,37.240002,1770467892.616067
-10.515260520000002,-5.373721800000001,23.93879364,34.23,328.929993,-4.62,1770467892.623994
-13.571938800000002,-5.18941152,22.60314252,17.99,262.570007,-2.8,1770467892.631953
-16.40122128,-5.675320440000001,20.645145,0.56,155.259995,-5.11,1770467892.640034
-17.27729352,-5.866811640000001,19.225716480000003,-21.77,47.18,-13.93,1770467892.647961
-15.259455000000003,-5.371328160000001,18.2634732,-23.59,-54.18,-16.17,1770467892.655997
-12.04958376,-3.7268974800000003,17.473572,-23.24,-124.669998,-22.959999,1770467892.663965
-8.5692312,-1.7760808799999999,16.41079584,-23.52,-167.440002,-28.35,1770467892.671944
-5.28515712,-0.18191664000000002,15.024878280000001,-25.129999,-191.169998,-35.419998,1770467892.679954
-2.75507964,0.9885733200000001,13.356511200000002,-32.549999,-196.419998,-33.040001,1770467892.68799
-0.74920932,1.8718264800000002,11.09212776,-33.669998,-190.330002,-31.43,1770467892.695927
0.28005588000000003,2.2859262,8.75593512,-33.110001,-177.169998,-29.33,1770467892.703966
0.58883544,1.9556038800000002,6.71176656,-30.309999,-154.559998,-27.299999,1770467892.712019
0.72048564,2.45587464,4.83994008,-19.67,-127.959999,-37.869999,1770467892.719971
3.01119912,3.91599504,3.5521617599999997,1.19,-125.160004,3.36,1770467892.72795
2.87715528,4.46174496,2.7215686800000003,14.0,-107.660004,14.77,1770467892.735952
2.8675807200000003,4.7609499600000005,2.07528588,17.08,-91.559998,18.27,1770467892.743985
2.8316761200000005,5.036218560000001,1.57501512,19.530001,-75.040001,16.73,1770467892.752074
2.63779128,5.11281504,1.19442636,20.299999,-58.66,11.69,1770467892.759958
2.49656652,5.00749488,0.7420284,19.110001,-43.610001,8.75,1770467892.767965
2.36012904,4.85430192,0.38058875999999997,21.209999,-27.790001,-0.91,1770467892.775951
2.23565976,4.52158596,0.08856468,23.73,-12.46,-6.58,1770467892.78396
2.1111904800000003,4.222380960000001,-0.06223464,28.42,3.43,-9.38,1770467892.792048
2.2141170000000003,4.16014632,0.21064032000000002,32.619999,21.84,-12.67,1770467892.799961
2.42715096,4.277434680000001,1.13458536,28.07,46.549999,-12.81,1770467892.807958
2.7048132000000003,4.3205202,2.96571996,24.43,69.790001,-12.39,1770467892.815956
2.9824754400000004,4.136209920000001,5.3234553600000005,14.07,98.980003,-12.39,1770467892.824088
2.9561454,3.6359391600000004,7.77214908,7.91,132.300003,-6.16,1770467892.831978
2.3984272800000004,2.6138548800000003,10.2447792,1.26,165.479996,-4.55,1770467892.839962
1.25187372,1.5127804800000002,12.93044328,-11.69,196.699997,-3.85,1770467892.848041
-0.20106576,0.47872800000000004,16.51850964,-12.11,223.229996,-1.47,1770467892.855956
-2.3768845200000004,0.019149120000000002,22.282394760000003,-8.68,246.259995,-1.68,1770467892.863951
-4.77770544,-0.44042976,26.56461672,-10.57,252.490005,8.26,1770467892.871998
-6.93916236,-2.33140536,26.93323728,-10.22,229.809998,31.5,1770467892.879953
-8.095290480000001,-2.9872627200000004,22.430800440000002,-3.15,168.210007,65.730003,1770467892.887967
-14.582054880000001,-7.22161188,19.13236452,-26.32,132.440002,55.860001,1770467892.895929
-12.29852232,-5.519733840000001,15.26424228,-40.880001,76.650002,22.75,1770467892.904098
-12.358363319999999,-5.0314312800000005,13.67725896,-39.900002,45.290001,9.66,1770467892.911956
-11.920327200000001,-3.90402684,13.153051800000002,-40.740002,21.559999,-7.28,1770467892.919956
-11.0227122,-2.3816718,12.276979560000001,-44.66,4.97,-23.030001,1770467892.927953
-9.912063240000002,-0.78750756,10.59903792,-46.970001,-8.47,-41.580002,1770467892.935998
-8.64343404,0.38537604000000003,8.863648920000001,-46.689999,-23.030001,-57.82,1770467892.943972
-7.37480484,1.2231500400000002,7.511242320000001,-39.200001,-33.669998,-70.279999,1770467892.951958
-6.194740320000001,1.8909756,6.57293544,-25.690001,-41.369999,-79.800003,1770467892.959951
-5.09127228,2.5372584,5.771066040000001,-10.08,-48.369999,-83.230003,1770467892.968145
-4.12184808,3.02077368,5.1343578,10.08,-56.77,-87.919998,1770467892.976115
-3.3941815200000005,3.3343405200000005,4.385148480000001,27.440001,-67.129997,-89.040001,1770467892.984382
-3.00641184,3.4229052,3.6598755600000006,42.139999,-74.900002,-98.699997,1770467892.991961
-1.8790073999999999,4.0213152,2.81731428,63.0,-82.879997,-90.720001,1770467892.999959
-1.43857764,4.3827548400000005,2.2404470400000003,72.589996,-91.279999,-79.940002,1770467893.007997
-0.79947576,4.7154708,1.8718264800000002,86.870003,-103.32,-71.540001,1770467893.01611
-0.37819512000000005,4.7394072000000005,1.66118616,90.790001,-115.57,-60.830002,1770467893.024024
0.11968200000000001,4.62451248,1.34522568,92.120003,-125.650002,-50.889999,1770467893.031946
1.12740444,4.72025808,1.1226171600000001,89.32,-134.539993,-32.689999,1770467893.039947
1.3165020000000003,4.74419448,1.29495924,78.540001,-135.309998,-22.68,1770467893.047955
1.74017628,4.78009908,1.52714232,63.279999,-124.18,-13.51,1770467893.055971
2.1375205200000003,4.70110896,2.2404470400000003,44.450001,-98.629997,-1.47,1770467893.064026
2.31464988,4.52637324,3.8776968000000003,25.34,-52.220001,11.76,1770467893.07197
1.8957628800000002,4.01892156,6.32639052,11.97,13.65,22.049999,1770467893.079959
0.7061238000000001,3.00880548,9.56737908,-2.87,87.43,22.4,1770467893.088028
-1.3117147200000001,1.40746032,13.24640376,-16.52,158.199997,14.21,1770467893.09593
-3.88727136,-0.18191664000000002,17.593254,-16.450001,225.190002,7.63,1770467893.10396
-7.207250040000001,-0.78272028,21.269885040000002,11.9,270.829987,12.18,1770467893.111942
-13.43310768,-4.741800840000001,22.80660192,16.52,294.350006,1.47,1770467893.119947
-15.50839356,-4.277434680000001,20.803125240000004,10.43,223.020004,-6.44,1770467893.127975
-18.0001728,-4.66520436,19.2807702,2.45,114.029999,-8.89,1770467893.135946
-18.392729759999998,-5.09127228,17.89006536,-14.0,-4.27,-16.379999,1770467893.143949
-16.00627068,-5.22292248,16.82010828,-19.530001,-109.199997,-28.49,1770467893.151972
-12.513949920000002,-4.741800840000001,15.96318516,-19.32,-185.080002,-27.719999,1770467893.160091
-8.72003052,-3.71971656,14.981792760000001,-21.559999,-229.179993,-37.029999,1770467893.167965
-5.146326,-2.45826828,14.06742228,-20.790001,-251.160004,-40.459999,1770467893.175948
-2.1447014400000004,-1.06277616,12.84905952,-25.48,-259.070007,-42.0,1770467893.183956
0.11010744,0.16276752,11.266863480000001,-28.209999,-253.960007,-36.75,1770467893.191931
1.36198116,0.95027508,9.13652388,-30.309999,-237.580002,-32.759998,1770467893.19994
1.3883112000000002,1.0412334,7.02054612,-31.639999,-207.970001,-31.219999,1770467893.207955
4.97398392,1.5175677600000002,4.48568136,-28.07,-191.869995,-21.91,1770467893.216008
3.97583604,3.4588098,3.56412996,-9.87,-173.320007,5.6,1770467893.223961
3.8657286000000006,3.88727136,2.6808768000000005,2.1,-150.639999,24.780001,1770467893.231941
3.7005674400000004,4.25349828,1.8311346,1.89,-126.839996,28.49,1770467893.23994
3.6503010000000002,4.54073508,1.1369790000000002,2.24,-104.440002,29.82,1770467893.247944
3.5545554,4.71307716,0.69176196,2.66,-81.339996,32.830002,1770467893.25594
3.38939424,4.67717256,0.36383328000000004,7.35,-57.889999,22.889999,1770467893.264007
3.1955093999999997,4.31333928,0.15319296000000002,11.97,-32.689999,21.49,1770467893.271958
2.9681136,3.96626148,0.0957456,20.09,-9.24,10.08,1770467893.279934
2.9226344400000004,3.7029610800000006,0.34947144,27.58,18.76,4.13,1770467893.287926
2.9585390400000002,3.7556211600000005,1.27581012,32.34,46.200001,-7.28,1770467893.295935
3.1763602800000004,4.0332834,2.8675807200000003,33.880001,77.559998,-12.6,1770467893.30397
3.42769248,4.20562548,5.01228216,28.84,107.519997,-15.05,1770467893.312062
3.4588098,4.05243252,7.28624016,21.559999,140.279999,-15.05,1770467893.319987
3.2194458000000004,3.3630642,9.25859952,12.67,177.520004,-16.52,1770467893.327945
2.5252902,2.3697036000000002,11.55649392,9.1,207.479996,-15.26,1770467893.335945
1.3667684400000002,1.6683670800000001,14.412106440000002,7.07,231.979996,-13.44,1770467893.34396
-0.31356684,1.36198116,18.79725492,8.54,250.039993,-11.69,1770467893.351949
-2.2380534,1.40746032,23.93400636,5.25,257.25,-0.14,1770467893.360068
-4.5838206,0.06702192000000001,26.320465440000003,-0.21,235.270004,20.440001,1770467893.368353
-6.7261284,-1.40746032,24.52044816,4.76,191.240005,39.689999,1770467893.375984
-8.21497248,-1.21357548,20.243013480000002,0.56,131.389999,58.029999,1770467893.383963
-12.159691200000001,-4.5718524,17.782351560000002,-26.25,98.629997,47.669998,1770467893.391945
-10.68520896,-3.5377999200000003,14.711311440000001,-36.189999,62.369999,22.75,1770467893.399942
-10.56073968,-3.6407264400000003,13.24401012,-44.799999,41.439999,13.86,1770467893.407953
-10.1849382,-3.3870006000000004,12.08309472,-43.330002,28.629999,-2.73,1770467893.415999
-9.64876284,-2.74311144,10.69238988,-46.900002,20.719999,-11.06,1770467893.423971
-8.997692760000001,-1.71863352,8.94263904,-45.779999,16.1,-30.59,1770467893.431949
-8.2460898,-0.6319209600000001,7.56629604,-44.450001,7.77,-37.029999,1770467893.439947
-7.508848680000001,0.50027076,6.65910648,-40.32,-2.17,-52.009998,1770467893.447952
-6.81469308,1.36198116,6.0080364,-28.07,-14.91,-58.52,1770467893.455944
-6.082239240000001,2.0896477200000003,5.50297836,-13.86,-26.530001,-66.360001,1770467893.464114
-5.3449981200000005,2.65215312,4.952441159999999,1.26,-37.869999,-73.639999,1770467893.47197
-4.686747120000001,3.1428493200000003,4.2606792,19.74,-49.77,-72.169998,1770467893.479956
-4.0213152,3.61918368,3.4947144000000003,32.759998,-60.200001,-79.239998,1770467893.488049
-3.4492352400000006,3.6933865200000002,2.89391076,47.32,-72.730003,-79.169998,1770467893.496019
-2.97768816,3.6239709600000003,2.45826828,54.18,-84.910004,-82.809998,1770467893.503966
-1.7665063200000002,4.14339084,1.82156004,68.32,-96.18,-71.959999,1770467893.511945
-0.9071895600000001,4.5718524,1.52714232,80.43,-114.800003,-59.150002,1770467893.519997
-0.16276752,4.643661600000001,1.4122476000000002,84.769997,-133.770004,-49.98,1770467893.527955
0.7683584400000001,4.7824927200000005,1.37155572,86.940002,-152.880005,-28.98,1770467893.535932
1.0053288,4.7633436,1.51038684,79.309998,-161.770004,-15.4,1770467893.543958
1.376343,4.79206728,1.855071,65.730003,-154.770004,-6.79,1770467893.55195
1.8359218800000001,4.959622080000001,2.79337788,51.099998,-134.470001,5.95,1770467893.560023
2.18299968,5.1104214,4.5120114000000004,29.959999,-95.129997,15.54,1770467893.567974
2.06331768,4.82079096,6.90325776,13.58,-32.759998,25.34,1770467893.575953
1.16570268,3.7268974800000003,9.545836320000001,-2.59,36.959999,28.700001,1770467893.583967
-0.5505372000000001,1.7688999600000002,12.22192584,-15.68,102.690002,16.73,1770467893.591947
-3.0279546,-0.15319296000000002,15.61132008,-17.219999,169.050003,3.01,1770467893.59995
-4.591001520000001,-1.3883112000000002,20.1185442,0.56,212.800003,4.83,1770467893.607952
-9.32083416,-3.89205864,23.45049108,15.19,242.830002,20.09,1770467893.615987
-11.49665292,-4.6963216800000005,21.97122156,5.88,211.330002,-0.49,1770467893.624
-13.703589000000001,-5.41680732,20.424930120000003,-4.48,139.860001,2.31,1770467893.631952
-14.814237960000002,-5.864418000000001,19.15630092,-19.459999,50.75,-0.14,1770467893.63995
-14.158380600000001,-5.924259,17.69139324,-35.0,-41.09,-8.75,1770467893.647949
-11.745591480000002,-5.2157415600000006,16.537658760000003,-38.990002,-111.860001,-9.24,1770467893.655988
-8.80141428,-4.01174064,15.218763120000002,-41.299999,-159.320007,-19.67,1770467893.663967
-5.833300680000001,-2.69763228,13.95013392,-40.880001,-185.5,-20.719999,1770467893.671975
-3.3151914000000002,-1.3428320400000002,12.497194440000001,-40.18,-195.509995,-27.65,1770467893.680061
-1.2231500400000002,-0.10532016000000001,10.905423840000001,-45.009998,-193.410004,-22.82,1770467893.687982
0.32074776000000005,0.9598496400000001,8.9641818,-42.91,-183.050003,-18.200001,1770467893.696047
0.8856468000000001,1.5486850800000003,7.12825992,-40.110001,-165.410004,-12.95,1770467893.703972
0.90479592,1.3284702000000002,5.62984128,-35.419998,-139.720001,-14.28,1770467893.711948
3.23859492,3.06625284,2.21172336,-27.790001,-124.110001,-13.02,1770467893.719985
2.79816516,3.52822536,2.84125068,-11.9,-115.360001,17.709999,1770467893.728048
2.4726301200000003,3.8657286000000006,2.13991416,0.91,-100.099998,26.67,1770467893.735948
2.20693608,4.16972088,1.5606532800000001,-0.63,-85.75,29.049999,1770467893.743965
2.04895584,4.42105308,1.17527724,3.01,-70.769997,30.379999,1770467893.751949
1.8670392,4.35403116,0.9694242000000001,3.08,-56.91,27.23,1770467893.75995
1.7473572000000002,4.07876256,0.6103782,3.99,-42.0,23.309999,1770467893.767949
1.6420370400000002,3.60721548,0.39973788,10.43,-25.48,13.58,1770467893.775955
1.65879252,3.2960422800000004,0.56968632,17.290001,-6.58,7.14,1770467893.783969
1.82156004,3.2792868000000004,1.36916208,26.67,15.89,-3.71,1770467893.79195
2.22369156,3.46359708,2.89391076,35.560001,40.389999,-9.8,1770467893.799949
2.6210358,3.8561540400000003,5.11520868,34.580002,68.879997,-10.92,1770467893.808004
2.9202408,4.10030532,7.647679800000001,34.790001,97.230003,-13.86,1770467893.815951
2.8603998,4.19605092,9.93121236,29.120001,126.839996,-13.37,1770467893.823966
2.4319382400000005,3.66945012,12.126180240000002,27.51,154.699997,-11.48,1770467893.831954
1.59895152,3.10933836,14.43843648,27.09,176.820007,-4.83,1770467893.83995
-0.026330040000000002,2.8244952000000003,17.069046840000002,26.459999,196.139999,-0.84,1770467893.847953
-1.43139672,2.69523864,20.92759452,20.790001,199.710007,5.6,1770467893.856018
-3.06625284,1.13458536,23.9723046,11.2,187.25,24.57,1770467893.863964
-5.13675144,-0.9646369200000001,23.90288904,17.639999,156.800003,42.630001,1770467893.872157
-6.2593686,-1.30214016,21.41829072,18.690001,112.139999,60.130001,1770467893.879949
-7.379592120000001,-1.01969064,18.79964856,5.25,68.949997,66.290001,1770467893.887958
-9.8498286,-3.42051156,17.10495144,-19.67,55.23,46.34,1770467893.895937
-8.95700088,-3.3151914000000002,15.185252160000001,-34.439999,42.419998,26.67,1770467893.904005
-9.07668288,-3.25295676,14.072209560000001,-42.91,34.860001,12.74,1770467893.911957
-8.880404400000002,-2.7766224000000004,12.528311760000001,-50.119999,29.4,-8.68,1770467893.920056
-8.52853932,-1.90055016,10.50089868,-55.650002,25.9,-21.49,1770467893.927983
-7.96842756,-0.8545294800000001,8.82535068,-55.580002,19.25,-43.82,1770467893.935942
-7.195281840000001,0.23218308000000001,7.599807000000001,-51.310001,10.57,-53.200001,1770467893.943964
-6.50591352,1.11064896,6.75963936,-35.98,0.56,-65.449997,1770467893.951954
-5.876386200000001,1.8263473200000002,5.9601636000000005,-22.26,-11.2,-69.019997,1770467893.959984
-5.25643344,2.38406544,5.06972952,-6.37,-22.610001,-73.639999,1770467893.967957
-4.5718524,2.95375176,4.30376472,4.97,-35.98,-76.230003,1770467893.976266
-3.8346112800000003,3.5330126400000004,3.6526946400000004,16.52,-46.689999,-82.599998,1770467893.984237
-3.2194458000000004,3.81306852,3.2457758400000003,29.540001,-58.799999,-90.370003,1770467893.991977
-2.7407178,3.47556528,2.95375176,37.66,-69.019997,-91.139999,1770467893.99995
-1.55347236,3.6550882799999997,2.4822046799999997,45.779999,-77.07,-78.959999,1770467894.007944
-0.9885733200000001,3.5880663600000005,2.19975516,52.57,-87.43,-69.860001,1770467894.015955
-0.28484316,3.530619,1.9173056400000001,59.009998,-100.519997,-47.25,1770467894.024109
0.34707780000000005,3.56412996,1.69469712,59.990002,-113.120003,-36.259998,1770467894.031937
0.7300602,3.7628020800000006,1.6875162000000001,54.880001,-125.230003,-14.63,1770467894.039951
0.95506236,3.9016332000000005,1.98432756,40.459999,-126.139999,-2.52,1770467894.047954
1.26623556,4.009347,2.7646542000000003,29.889999,-110.739998,9.66,1770467894.056012
1.58698332,4.07397528,4.32770112,16.309999,-77.349998,21.42,1770467894.06415
1.49841864,4.06200708,6.675861960000001,13.02,-25.76,29.469999,1770467894.072262
1.1728836,3.5784918,9.079076520000001,11.34,29.75,26.389999,1770467894.079979
0.22500216000000003,2.2739580000000004,11.60197308,9.87,81.059998,19.18,1770467894.087971
-2.08007316,0.87607224,14.687375040000001,14.21,130.199997,5.6,1770467894.095936
-4.3181265600000005,0.4667598,18.91214964,22.120001,170.240005,0.56,1770467894.103962
-7.33890024,-0.23218308000000001,21.61935648,21.209999,191.169998,-1.96,1770467894.111962
-9.86897772,-2.1064032,20.987435520000002,2.87,175.0,9.52,1770467894.120045
-11.5971858,-4.081156200000001,18.97677792,-18.41,125.650002,-2.45,1770467894.12798
-12.355969680000001,-5.7207996,18.03847104,-29.469999,57.119999,2.24,1770467894.135944
-12.2554368,-6.6734683200000005,17.085802320000003,-37.799999,-17.709999,-1.33,1770467894.143955
-10.9628712,-6.63756372,16.276752000000002,-43.889999,-81.550003,-3.29,1770467894.151948
-8.7128496,-5.81893884,15.62328828,-44.029999,-126.629997,-7.77,1770467894.15996
-6.33596508,-4.3827548400000005,14.67540684,-47.669998,-152.389999,-15.4,1770467894.168028
-4.10987988,-2.69045136,13.492948680000001,-48.09,-162.259995,-18.969999,1770467894.175961
-2.1303396,-1.1010744000000001,11.9801682,-52.779999,-159.600006,-20.93,1770467894.183946
-0.52420716,0.32314139999999997,10.04850072,-51.310001,-151.830002,-19.25,1770467894.191955
0.49308984000000006,1.3404384000000003,7.89183108,-45.709999,-139.089996,-11.13,1770467894.199946
0.73245384,1.5606532800000001,6.13729296,-35.419998,-120.120003,-9.8,1770467894.20795
0.70851744,1.3643748000000002,4.7824927200000005,-27.02,-98.910004,-14.63,1770467894.215992
5.30909352,3.82743036,3.0351355200000003,-9.45,-101.220001,-9.45,1770467894.223962
2.4774174,3.8537604000000005,2.75747328,7.35,-94.919998,11.97,1770467894.23195
2.40082092,4.15775268,2.5300774800000005,15.4,-86.099998,20.16,1770467894.239943
2.3577354,4.44738312,2.43911916,14.91,-74.900002,20.65,1770467894.247946
2.34097992,4.4761068,2.5540138800000003,14.91,-61.459999,24.01,1770467894.255942
2.39603364,4.0476452400000005,2.4463000800000003,13.23,-45.57,16.73,1770467894.264032
2.2955007600000004,3.44444796,1.8670392,18.34,-28.209999,18.83,1770467894.272003
2.17581876,3.0303482400000004,1.2590546400000002,22.75,-12.32,9.66,1770467894.279942
2.1662442,2.94657084,1.16330904,30.1,4.83,7.7,1770467894.287929
2.2835325600000003,3.0375291600000005,1.9723593600000002,36.189999,26.530001,2.45,1770467894.295932
2.63539764,3.31040412,3.60721548,38.990002,50.75,-3.15,1770467894.303971
3.0399228000000003,3.4588098,5.842875240000001,37.099998,78.400002,-6.65,1770467894.311954
3.26253132,3.4396606800000002,8.25087708,35.98,108.220001,-6.09,1770467894.319954
3.1045510800000002,3.2194458000000004,10.517654160000001,31.08,140.070007,-7.42,1770467894.327973
2.52050292,2.56358844,12.58815276,32.970001,167.580002,-2.73,1770467894.335959
1.16330904,2.00108304,14.830993440000002,30.870001,192.570007,2.24,1770467894.343962
-0.33032232,2.0681049600000003,18.61773192,31.85,210.839996,10.64,1770467894.351951
-2.0824668,1.8909756,22.32787392,23.309999,212.729996,21.07,1770467894.359952
-4.16014632,0.23218308000000001,23.922038160000003,13.44,195.369995,35.98,1770467894.368002
-5.89314168,-0.9813924,22.093297200000002,11.2,159.740005,54.110001,1770467894.375993
-7.006184280000001,-1.32607656,19.24007832,2.1,113.050003,68.669998,1770467894.383965
-10.87191288,-3.73647204,18.07676928,-20.440001,97.720001,67.550003,1770467894.391952
-10.2447792,-4.44498948,15.51796812,-38.919998,73.57,35.630001,1770467894.39995
-10.474568640000001,-5.0745168,14.328329040000002,-46.130001,62.16,18.969999,1770467894.408108
-10.38121668,-4.8590892,13.25597832,-44.66,50.610001,-4.27,1770467894.415951
-10.0413198,-3.61918368,11.74319784,-43.959999,40.880001,-12.46,1770467894.424027
-9.361526040000001,-1.92448656,9.900095040000002,-42.560001,26.879999,-32.48,1770467894.431957
-8.475879240000001,-0.21542760000000002,8.483060159999999,-37.029999,8.61,-40.110001,1770467894.439956
-7.72188264,1.1130426000000002,7.44900768,-34.23,-7.14,-58.869999,1770467894.448065
-6.82426764,2.04416856,6.76921392,-24.57,-21.98,-63.349998,1770467894.45595
-5.90750352,2.70960048,6.18995304,-13.02,-35.349998,-66.849998,1770467894.463964
-5.021856720000001,3.2314140000000005,5.58436212,2.87,-46.759998,-70.489998,1770467894.47197
-4.2247746,3.5784918,4.8949938,16.379999,-56.490002,-72.449997,1770467894.480022
-3.62157732,3.7005674400000004,4.13860356,25.549999,-65.870003,-81.199997,1770467894.487956
-2.74550508,4.03088976,3.20987124,35.0,-74.480003,-76.160004,1770467894.495939
-1.82156004,4.3205202,2.5109283600000003,46.060001,-84.980003,-66.5,1770467894.503968
-1.3308638400000001,4.289402880000001,2.154276,54.25,-96.18,-57.259998,1770467894.512077
-0.68936832,4.54312872,1.7090589600000001,60.900002,-108.43,-47.810001,1770467894.519981
-0.026330040000000002,4.51679868,1.4002794,63.279999,-121.940002,-41.439999,1770467894.527955
1.04602068,4.64844888,1.13219172,63.209999,-139.229996,-21.49,1770467894.535949
1.16330904,4.5000432,1.2829910400000002,54.880001,-145.740005,-10.22,1770467894.544102
1.5415041600000001,4.55749056,1.6228879200000002,46.619999,-140.279999,-0.14,1770467894.551944
2.01544488,4.61015064,2.36730996,35.630001,-120.75,9.52,1770467894.559949
2.39364,4.727439,3.77955756,23.309999,-83.370003,13.58,1770467894.567954
2.36012904,4.62451248,5.8835671199999995,16.17,-28.35,22.33,1770467894.576116
1.9196992800000001,3.7268974800000003,8.19342972,6.02,35.279999,22.26,1770467894.583961
0.9239450400000001,2.14948872,10.84797648,-1.89,97.300003,19.530001,1770467894.591935
-1.19203272,0.14122476,14.0985396,-9.1,154.910004,9.87,1770467894.599957
-3.0830083200000002,-0.7707520800000001,17.82304344,-4.2,208.460007,0.77,1770467894.60795
-6.1229311200000005,-1.83831552,21.32972604,16.870001,239.610001,6.86,1770467894.615971
-10.64451708,-4.794460920000001,21.64808016,12.25,245.630005,1.4,1770467894.623966
-12.4588962,-5.48861652,19.98210672,4.62,185.360001,-1.47,1770467894.631959
-14.49827748,-5.9721318000000005,18.79964856,-6.16,96.110001,-5.67,1770467894.639954
-14.86211076,-6.285698640000001,17.62197768,-25.549999,5.95,-8.89,1770467894.647963
-13.36608576,-6.158835720000001,16.68845808,-32.759998,-78.330002,-12.95,1770467894.65609
-10.740262679999999,-5.057761320000001,15.929674200000001,-36.75,-132.860001,-18.549999,1770467894.663953
-7.8295964399999995,-3.6455137200000003,15.04163376,-36.470001,-167.300003,-24.92,1770467894.672005
-5.048186760000001,-2.20454244,14.06742228,-38.990002,-183.050003,-29.889999,1770467894.68007
-2.70720684,-0.5625054,12.88257048,-44.240002,-185.570007,-33.25,1770467894.687939
-0.81862488,0.84734856,11.2381398,-45.009998,-178.149994,-31.360001,1770467894.695939
0.43324884,1.735389,9.294504120000001,-42.98,-163.520004,-25.969999,1770467894.704006
0.71569836,1.8143791200000001,7.53039144,-38.849998,-143.570007,-25.27,1770467894.711974
0.78750756,1.7497508400000001,5.94580176,-38.779999,-118.580002,-29.75,1770467894.719957
4.488075,5.19180516,3.9495060000000004,-21.0,-112.629997,-3.92,1770467894.727949
2.6569404000000003,4.57663968,3.5497681200000004,-4.83,-100.800003,17.709999,1770467894.735957
2.5540138800000003,4.9548348,2.85082524,-0.42,-91.980003,17.92,1770467894.744099
2.40082092,5.2588270800000005,2.24762796,0.49,-82.18,25.690001,1770467894.751944
2.33619264,5.24446524,1.82874096,0.56,-71.330002,22.049999,1770467894.759947
2.33140536,4.8710574,1.5319296,0.77,-57.68,19.530001,1770467894.767944
2.333799,4.3324884,1.03165884,5.18,-45.009998,16.940001,1770467894.775967
2.21651064,3.8513667600000003,0.6199527600000001,13.23,-31.219999,7.63,1770467894.78397
2.20932972,3.4971080400000005,0.43085520000000005,25.549999,-13.65,4.9,1770467894.791954
2.3697036000000002,3.3917878800000003,0.9335196,35.560001,6.23,-2.8,1770467894.799949
2.73832416,3.63354552,2.2021488000000002,38.779999,32.41,-7.98,1770467894.807949
3.2242330800000003,3.9064204800000004,4.15775268,40.880001,57.889999,-11.27,1770467894.816012
3.5377999200000003,3.94711236,6.40538064,38.43,88.059998,-9.24,1770467894.823949
3.5880663600000005,3.6024282000000003,8.52614568,34.790001,120.190002,-12.95,1770467894.832012
3.1955093999999997,2.96332632,10.64212344,29.540001,151.130005,-9.45,1770467894.839949
2.30507532,2.12794596,13.200924600000002,21.0,180.600006,-1.82,1770467894.847964
0.8425612800000001,1.5702278400000003,16.36292304,19.459999,206.360001,5.25,1770467894.856066
-0.8880404399999999,1.50559956,20.98982916,10.36,224.070007,12.46,1770467894.863961
-2.84125068,0.7348474800000001,25.03029348,0.77,227.149994,27.93,1770467894.871949
-5.13675144,-1.3069274400000002,25.293593880000003,-0.35,205.800003,47.810001,1770467894.879976
-6.4149552,-1.7760808799999999,21.5666964,-1.12,159.179993,63.91,1770467894.887978
-8.35619724,-1.6037388,17.81825616,-8.54,114.099998,74.480003,1770467894.895931
-11.19744792,-3.7915257600000003,15.632862840000001,-35.91,102.830002,39.27,1770467894.903963
-11.18547972,-4.91174928,14.182317000000001,-42.77,85.540001,17.709999,1770467894.912024
-11.57564304,-5.1176023200000005,13.536034200000001,-45.080002,73.150002,3.01,1770467894.919965
-11.341066320000001,-4.21998732,12.39187428,-46.130001,63.0,-16.940001,1770467894.927956
-10.4602068,-2.50853472,10.543984200000002,-38.990002,45.220001,-29.540001,1770467894.935956
-9.48838896,-0.9598496400000001,8.82295704,-36.259998,21.91,-39.549999,1770467894.943964
-8.66976408,0.36383328000000004,7.695552600000001,-29.540001,0.35,-52.009998,1770467894.952059
-7.77454272,1.30214016,6.99660972,-21.98,-19.879999,-56.91,1770467894.959957
-6.85538496,1.9867212,6.450859800000001,-16.450001,-35.07,-60.970001,1770467894.967947
-5.9505890400000006,2.4295446,5.76388512,-8.68,-51.66,-59.150002,1770467894.976186
-5.09366592,2.60667396,4.82079096,-4.27,-65.309998,-55.720001,1770467894.984434
-4.3181265600000005,2.71438776,3.84897312,0.77,-75.32,-55.369999,1770467894.991975
-3.57370452,2.86997436,2.99205,7.77,-86.309998,-54.669998,1770467895.000057
-2.8603998,3.05907192,2.26917072,10.43,-96.949997,-50.959999,1770467895.007954
-2.14948872,3.25295676,1.6276752,16.66,-109.129997,-50.330002,1770467895.015956
-1.5079932,3.31279776,1.3093210800000001,18.9,-119.629997,-44.799999,1770467895.023967
-1.08192528,2.9274217200000003,1.2829910400000002,21.77,-129.080002,-43.82,1770467895.032422
-0.7180920000000001,3.1213065600000003,1.2446928,28.35,-130.410004,-44.799999,1770467895.039968
2.50853472,4.808822760000001,0.5481435600000001,41.23,-138.740005,-27.93,1770467895.047949
1.70427168,4.191263640000001,2.1159777600000003,58.939999,-138.389999,-12.81,1770467895.055954
1.96517844,4.49764956,3.2433822000000005,62.509998,-127.190002,4.55,1770467895.06405
2.1901806,4.83275916,4.686747120000001,56.279999,-101.220001,6.93,1770467895.072003
2.31943716,5.0098885200000005,6.4580407200000005,40.669998,-61.32,18.76,1770467895.079963
2.00587032,4.37557392,8.29156896,18.129999,-6.23,26.809999,1770467895.087947
1.17048996,2.79098424,10.03653252,0.63,49.630001,27.16,1770467895.095934
-0.58404816,0.7899012,12.02086008,-11.76,100.870003,22.959999,1770467895.103945
-2.453481,-0.49787712,14.91716448,-4.41,154.490005,9.52,1770467895.111945
-4.437808560000001,-1.496025,19.5440706,21.91,186.130005,17.15,1770467895.119951
-8.746360560000001,-4.1242417200000006,22.77787824,24.43,204.820007,13.72,1770467895.127922
-10.76659272,-4.02370884,21.02573376,19.32,171.850006,3.36,1770467895.136086
-12.7221966,-5.00749488,19.86242472,8.89,108.849998,-0.77,1770467895.143955
-13.62459888,-5.85005616,18.95284152,-6.44,34.650002,-11.9,1770467895.151945
-12.86820864,-6.156442080000001,17.772777,-14.42,-37.799999,-14.98,1770467895.159942
-10.86951924,-5.58436212,16.6717026,-22.610001,-95.199997,-25.620001,1770467895.167937
-8.10007776,-4.385148480000001,15.589777320000001,-24.780001,-136.009995,-30.24,1770467895.176224
-5.51015928,-3.1931157600000004,14.414500080000002,-29.889999,-157.429993,-35.279999,1770467895.183999
-3.2194458000000004,-1.70187804,13.12672176,-32.759998,-165.619995,-35.700001,1770467895.191969
-1.24708644,-0.26808768000000005,11.64027132,-35.349998,-164.639999,-34.580002,1770467895.199946
0.26569404,0.9095832,9.72057204,-36.959999,-155.960007,-30.1,1770467895.207943
0.9000086400000001,1.53432324,7.96603392,-31.85,-140.419998,-26.389999,1770467895.215939
0.9239450400000001,1.376343,6.51548808,-28.98,-118.300003,-28.07,1770467895.22394
7.087568040000001,3.61918368,5.129570520000001,-17.780001,-127.190002,-12.81,1770467895.231973
2.9274217200000003,3.94711236,3.7340784,1.96,-99.959999,5.39,1770467895.240073
2.70720684,4.10987988,2.94896448,3.99,-90.860001,28.84,1770467895.247938
2.5970994,4.38993576,2.24284068,10.43,-81.199997,35.349998,1770467895.255944
2.5372584,4.600576080000001,1.8239536800000002,13.93,-66.989998,32.34,1770467895.263974
2.3864590800000003,4.46174496,1.50081228,19.18,-52.009998,34.650002,1770467895.272037
2.20932972,3.99019788,0.9239450400000001,24.99,-36.540001,22.68,1770467895.279947
2.01783852,3.5569490400000006,0.45000432000000007,32.900002,-20.02,23.66,1770467895.287929
1.91251836,3.3510960000000005,0.33510960000000006,37.310001,-0.84,11.34,1770467895.295932
2.0106576,3.2984359199999997,0.86410404,41.439999,19.18,7.56,1770467895.303964
2.20932972,3.48753348,1.8574646400000001,43.189999,41.299999,-0.14,1770467895.311993
2.49656652,3.6143964,3.3271596000000003,39.759998,65.660004,-3.71,1770467895.319951
2.75507964,3.82743036,5.14871964,31.57,92.82,-7.0,1770467895.32795
2.7598669200000003,3.7987066800000004,7.2287928,27.51,124.32,-7.0,1770467895.335961
2.4798110400000004,3.3965751600000003,9.53147448,15.89,157.710007,-4.62,1770467895.343976
1.70666532,2.88194256,11.8724544,9.66,187.179993,-1.96,1770467895.351948
0.30399228000000006,2.40800184,14.390563680000001,5.11,209.860001,3.71,1770467895.359951
-1.62528156,2.23087248,18.550710000000002,0.7,226.029999,3.22,1770467895.367953
-3.7628020800000006,2.1710314800000003,23.42416104,-10.22,230.860001,12.32,1770467895.375999
-5.88596076,0.1555866,25.70290632,-15.47,213.080002,26.74,1770467895.384081
-7.35804936,-1.2375118800000002,23.495970240000002,-1.96,170.169998,51.029999,1770467895.391947
-9.22030128,-0.89282772,19.28555748,1.82,115.5,64.540001,1770467895.399954
-11.8126134,-2.9226344400000004,16.58553156,-21.559999,86.660004,37.939999,1770467895.407952
-11.33149176,-3.52343808,14.22540252,-32.900002,53.41,19.6,1770467895.415954
-11.305161720000001,-3.8896650000000004,13.344543000000002,-40.32,36.470001,8.54,1770467895.424019
-11.051435880000001,-3.88487772,12.45650256,-46.48,24.57,1.19,1770467895.431974
-10.407546720000001,-3.1931157600000004,11.010744,-48.369999,16.450001,-18.059999,1770467895.439961
-9.67269924,-2.1111904800000003,9.22987584,-49.700001,6.86,-27.09,1770467895.448037
-8.88279804,-1.0651698,7.7649681600000005,-46.689999,-6.86,-39.830002,1770467895.455949
-8.0665668,-0.19627848000000003,6.83862948,-39.41,-22.68,-51.240002,1770467895.463961
-7.240761,0.5601117600000001,6.32160324,-31.57,-37.66,-59.709999,1770467895.471952
-6.3503269200000005,1.4457585600000002,5.75191692,-16.66,-52.009998,-63.209999,1770467895.480152
-5.49819108,2.1447014400000004,5.11520868,-2.45,-63.91,-66.779999,1770467895.487939
-4.62451248,2.692845,4.41387216,8.96,-75.459999,-68.949997,1770467895.495944
-3.769983,3.0351355200000003,3.5569490400000006,20.09,-87.849998,-65.660004,1770467895.503962
-3.0040182,3.15003024,2.76704784,32.200001,-98.559998,-63.560001,1770467895.511945
-2.453481,3.15242388,2.13991416,40.599998,-109.550003,-59.709999,1770467895.519946
-1.8718264800000002,3.01119912,1.66118616,42.630001,-118.650002,-62.02,1770467895.527963
-0.8497422000000001,3.16199844,1.1585217600000002,47.529999,-130.059998,-48.16,1770467895.536026
-0.34947144,3.40614972,0.85213584,49.91,-142.520004,-42.139999,1770467895.543999
2.3433735600000003,4.37796756,0.6654319200000001,52.220001,-167.089996,-23.940001,1770467895.551957
1.4481522,3.6143964,1.2877783200000001,48.299999,-172.619995,-2.8,1770467895.559948
1.79523,3.4971080400000005,1.91251836,37.73,-166.179993,8.96,1770467895.567986
2.25720252,3.5545554,2.94896448,26.950001,-141.960007,20.790001,1770467895.576315
2.5540138800000003,3.9016332000000005,4.7992482,20.93,-102.129997,26.25,1770467895.584054
2.6689086000000004,4.1888700000000005,7.1043235199999994,18.549999,-42.0,31.639999,1770467895.591948
2.4343318800000002,3.87290952,9.37588788,21.77,24.43,30.309999,1770467895.599949
1.5127804800000002,2.89869804,11.709686880000001,20.299999,87.5,25.690001,1770467895.607964
-0.55532448,1.855071,14.6490768,27.23,140.490005,7.14,1770467895.616052
-3.17396664,1.2686292,19.029438,28.42,188.929993,-11.9,1770467895.623977
-4.71307716,-0.41170608000000003,22.871230200000003,27.719999,211.470001,-8.12,1770467895.631951
-6.72373476,-1.51038684,23.419373760000003,31.360001,195.720001,18.969999,1770467895.639965
-9.79956216,-2.21651064,21.82760316,23.450001,155.399994,37.59,1770467895.648049
-12.765282120000002,-5.0625485999999995,20.55418668,-4.13,92.190002,13.65,1770467895.655982
-12.961560600000002,-5.670533160000001,18.63927468,-21.700001,17.290001,-2.8,1770467895.663962
-12.054371040000001,-5.23249704,16.93260936,-35.98,-53.48,-11.27,1770467895.67195
-9.86658408,-4.36599936,15.671161080000003,-45.779999,-108.779999,-15.47,1770467895.680016
-7.37480484,-3.11412564,14.397744600000001,-55.860001,-140.839996,-21.559999,1770467895.688023
-4.947653880000001,-2.0082639600000003,13.05251892,-59.150002,-155.75,-26.18,1770467895.695974
-2.7838033200000005,-0.86649768,11.618728560000001,-62.23,-158.830002,-28.42,1770467895.703967
-1.00293516,0.3949506,9.96232968,-58.169998,-155.960007,-23.52,1770467895.71195
0.33510960000000006,1.32128928,8.39928276,-51.52,-147.070007,-18.41,1770467895.719951
0.6821874000000001,1.5606532800000001,7.19049456,-44.450001,-130.550003,-15.61,1770467895.727998
0.8210185200000001,1.4242158,5.95537632,-37.240002,-107.870003,-21.49,1770467895.735959
3.8585476800000005,5.40244548,3.9542932800000004,-12.32,-106.610001,2.94,1770467895.743967
3.1452429600000005,4.2846156,4.05003888,5.46,-107.519997,21.84,1770467895.751951
3.07104012,4.51679868,3.46838436,12.11,-98.629997,25.129999,1770467895.760067
2.91784716,4.81361004,2.7048132000000003,14.35,-86.800003,31.290001,1770467895.767944
2.79577152,4.74419448,1.88379468,15.96,-73.010002,24.639999,1770467895.775977
2.65933404,4.19844456,0.97181784,20.23,-58.66,30.52,1770467895.783956
2.52050292,3.48753348,0.28005588000000003,23.870001,-40.880001,22.540001,1770467895.792013
2.58752484,2.9346026400000005,-0.07899012000000001,28.84,-24.219999,18.620001,1770467895.800127
2.6617276800000003,2.6856640800000005,0.22500216000000003,35.279999,-1.89,10.57,1770467895.807947
2.9944436400000005,2.85321888,1.27581012,34.790001,22.68,3.78,1770467895.81595
3.5258317200000002,3.13088112,3.06864648,30.870001,53.200001,3.92,1770467895.824099
4.04285796,3.27689316,5.146326,26.110001,86.940002,1.75,1770467895.831945
4.21998732,3.23380764,7.44661404,24.57,124.739998,2.24,1770467895.839955
3.88487772,3.05667828,9.42854796,24.219999,165.339996,1.4,1770467895.847959
3.3319468800000003,2.58752484,11.740804200000001,29.68,203.279999,4.13,1770467895.856094
2.26438344,2.48699196,14.201466120000001,38.43,231.490005,0.84,1770467895.863971
0.49548348,2.70241956,17.77038336,46.759998,252.0,1.47,1770467895.871947
-1.67794164,3.2362012800000004,22.426013160000004,37.450001,260.119995,9.59,1770467895.880024
-3.8896650000000004,1.6420370400000002,24.991995240000005,11.76,251.440002,24.01,1770467895.887955
-6.20431488,-0.9981478800000001,23.433735600000002,1.75,221.830002,40.18,1770467895.895943
-7.3724112,-2.04416856,19.37172852,-9.87,170.380005,60.900002,1770467895.90396
-13.576726080000002,-7.43703948,17.63633952,-40.110001,161.279999,58.029999,1770467895.911947
-12.19080852,-7.295814720000001,14.304392640000001,-57.189999,133.419998,20.93,1770467895.919999
-13.03097616,-7.53757236,13.31103204,-57.540001,116.199997,12.32,1770467895.927945
-13.373266680000002,-6.40538064,12.59533368,-50.889999,94.709999,-5.81,1770467895.935948
-13.05251892,-4.480894080000001,11.338672680000002,-46.130001,69.790001,-15.75,1770467895.943967
-12.26022408,-2.25480888,9.55541088,-41.509998,38.990002,-28.84,1770467895.951971
-11.343459959999999,-0.31596048000000004,7.90379928,-37.240002,7.98,-41.16,1770467895.960021
-10.15621452,1.03165884,6.88889592,-34.369999,-21.35,-54.880001,1770467895.967954
-8.7487542,1.8119854800000001,6.22825128,-26.74,-46.970001,-65.239998,1770467895.976167
-7.307782920000001,2.3098626,5.62026672,-19.32,-66.57,-66.290001,1770467895.984433
-6.077451959999999,2.6186421600000003,5.0027076,-7.14,-82.110001,-70.209999,1770467895.992077
-4.959622080000001,2.80534608,4.32291384,3.29,-97.650002,-65.029999,1770467895.999982
-3.9495060000000004,2.90348532,3.5186508,8.75,-108.43,-60.41,1770467896.007956
-3.1643920800000003,3.00162456,2.67608952,11.13,-119.629997,-58.799999,1770467896.015955
-2.54443932,2.9800818000000002,1.94363568,12.11,-131.529999,-54.669998,1770467896.023976
-1.4696949600000002,3.55934268,1.07474436,13.79,-140.630005,-51.099998,1770467896.03208
-0.9598496400000001,3.58327908,0.70851744,18.129999,-150.429993,-38.849998,1770467896.039945
-0.33271596000000003,3.51146988,0.6079845600000001,14.63,-158.339996,-28.49,1770467896.047942
1.9508166000000002,4.289402880000001,0.66782556,18.690001,-172.410004,-16.1,1770467896.056001
1.5391105200000001,3.7460466,1.16330904,29.469999,-171.429993,0.98,1770467896.06396
2.08007316,3.7053547200000003,2.0944350000000003,36.119999,-161.699997,9.66,1770467896.072089
2.44390644,3.7388656800000004,3.3870006000000004,42.07,-137.970001,20.719999,1770467896.079967
2.81731428,3.92796324,5.23489068,41.439999,-96.32,22.120001,1770467896.087975
2.79816516,4.06440072,7.32693204,39.759998,-38.849998,27.09,1770467896.095943
2.37927816,3.63354552,9.21790764,33.880001,26.459999,29.26,1770467896.104046
1.35480024,2.5659820800000004,10.87191288,22.75,86.730003,28.91,1770467896.11194
-0.89043408,1.1585217600000002,12.884964120000001,17.290001,144.130005,21.0,1770467896.119933
-3.051891,0.5050580400000001,16.16425092,22.120001,194.039993,9.38,1770467896.127922
-5.52212748,-0.48112164,20.106576,39.130001,219.380005,9.1,1770467896.13595
-8.617104,-1.2877783200000001,21.60978192,39.130001,208.389999,16.379999,1770467896.144009
-12.0160728,-3.07104012,20.252588040000003,28.559999,166.949997,9.87,1770467896.151976
-13.44746952,-4.0452516,18.82119132,20.09,96.529999,8.75,1770467896.15994
-13.96928304,-4.4258403600000005,18.0360774,7.21,17.780001,3.71,1770467896.167937
-13.07884896,-4.37557392,16.91585388,-9.66,-62.369999,-7.42,1770467896.176001
-10.91260476,-4.1888700000000005,15.620894640000001,-19.67,-119.980003,-12.04,1770467896.183966
-8.24369616,-3.7340784,14.3379036,-32.549999,-157.009995,-17.43,1770467896.191945
-5.59154304,-3.00162456,13.13390268,-37.799999,-177.729996,-21.700001,1770467896.199942
-3.25295676,-1.86464556,12.04479648,-46.970001,-183.190002,-25.059999,1770467896.207947
-1.25187372,-0.6462827999999999,10.807284600000001,-48.860001,-178.850006,-20.16,1770467896.216005
0.26808768000000005,0.54574992,9.34237692,-51.66,-167.089996,-13.3,1770467896.223965
0.8952213600000001,1.27820376,7.94209752,-48.790001,-149.380005,-7.21,1770467896.231947
1.03644612,1.16809632,6.821874,-43.330002,-123.760002,-9.1,1770467896.239943
6.498732600000001,3.3367341600000002,5.771066040000001,-28.77,-110.32,2.52,1770467896.24795
3.17396664,4.0045597200000005,4.607757,-9.66,-101.989998,23.450001,1770467896.255979
3.0255609600000004,4.437808560000001,4.016527920000001,1.75,-93.660004,33.459999,1770467896.264063
2.88912348,4.70589624,3.25774404,5.74,-84.559998,29.75,1770467896.271954
2.80295244,4.87345104,2.3649163200000003,11.69,-72.660004,31.5,1770467896.28025
2.59949304,4.41865944,1.56544056,18.549999,-56.349998,28.700001,1770467896.287927
2.35055448,3.66945012,0.74442204,25.41,-38.709999,29.190001,1770467896.295934
2.23087248,2.9896563600000006,0.026330040000000002,32.060001,-22.049999,18.969999,1770467896.304113
2.2260852000000004,2.5588011600000002,-0.1914912,32.689999,-5.46,15.26,1770467896.31195
2.31943716,2.45587464,0.2513322,29.889999,14.63,7.7,1770467896.319956
2.62821672,2.5540138800000003,1.65639888,16.940001,40.529999,6.23,1770467896.327943
3.16199844,2.6258230800000004,3.9112077600000004,8.19,71.050003,7.49,1770467896.335957
3.6909928800000005,2.36012904,6.4795834800000005,1.12,105.629997,9.03,1770467896.344106
3.67663104,1.855071,8.92109628,1.12,144.970001,6.86,1770467896.351952
3.30082956,1.00293516,11.154362400000002,16.870001,181.929993,5.25,1770467896.359953
2.513322,0.55293084,13.71076992,35.630001,213.009995,7.49,1770467896.367951
1.25187372,0.87846588,16.49936052,56.349998,228.830002,6.16,1770467896.375958
-0.52420716,2.16385056,20.56854852,63.419998,234.149994,12.11,1770467896.383987
-2.7718351200000004,2.3218308000000003,24.53002272,50.330002,222.039993,20.02,1770467896.391955
-4.98116484,0.5601117600000001,25.23854016,32.34,190.259995,31.639999,1770467896.39995
-6.0583028400000005,-0.68936832,21.664835640000003,10.92,147.139999,45.43,1770467896.407952
-7.11868536,-1.27341648,17.9523,-9.8,105.07,59.57,1770467896.416071
-10.615793400000001,-5.675320440000001,15.99908976,-47.740002,104.510002,40.950001,1770467896.423987
-9.56019816,-5.988887280000001,13.65810984,-56.77,99.400002,23.52,1770467896.431951
-9.902488680000001,-5.93383356,12.64081284,-58.869999,97.440002,12.46,1770467896.439956
-10.3046202,-4.89978108,11.767134239999999,-53.200001,96.110001,-5.74,1770467896.447958
-10.56073968,-3.15003024,10.62536796,-49.279999,89.599998,-15.96,1770467896.456009
-10.48174956,-1.2231500400000002,9.423760680000001,-49.98,74.970001,-32.200001,1770467896.463977
-10.271109240000001,0.34947144,8.21257884,-48.439999,50.400002,-45.150002,1770467896.47195
-9.75168936,1.4553331200000001,7.20246276,-41.23,23.24,-57.049999,1770467896.479968
-8.97136272,2.13273324,6.556179960000001,-36.75,-4.34,-64.82,1770467896.487964
-7.910980200000001,2.64736584,6.039153720000001,-22.68,-28.629999,-69.160004,1770467896.495952
-6.82666128,3.0303482400000004,5.43835008,-7.77,-49.07,-70.839996,1770467896.503967
-5.75191692,3.28646772,4.76813088,4.2,-66.57,-71.190002,1770467896.511952
-4.82079096,3.53540628,3.96865512,19.25,-81.550003,-72.379997,1770467896.520026
-4.016527920000001,3.4995016800000003,3.1955093999999997,24.639999,-94.919998,-70.980003,1770467896.527974
-2.45826828,4.1888700000000005,2.4295446,37.240002,-109.760002,-54.810001,1770467896.53593
-1.82874096,4.0332834,2.0106576,39.34,-126.0,-42.77,1770467896.543967
-1.26623556,3.8561540400000003,1.59895152,39.48,-139.300003,-33.18,1770467896.551942
-0.85213584,3.45641616,1.25187372,36.119999,-150.850006,-22.610001,1770467896.559951
-0.32792868000000003,2.95375176,1.0891062,27.65,-157.850006,-13.58,1770467896.568353
0.55532448,2.84364432,1.1489472,23.24,-161.559998,-9.1,1770467896.575944
1.4553331200000001,2.8364634000000004,1.55107872,22.959999,-165.970001,6.02,1770467896.58397
1.7832618,2.7885906000000005,2.55640752,17.639999,-146.509995,18.83,1770467896.592118
1.9173056400000001,2.81492064,4.38993576,14.21,-110.110001,25.549999,1770467896.599948
1.93645476,3.111732,6.76921392,12.11,-51.029999,31.15,1770467896.607949
1.83831552,2.81013336,9.08147016,17.08,14.21,36.330002,1770467896.615954
1.13458536,2.13273324,11.44399284,21.35,73.849998,30.940001,1770467896.623959
-0.84016764,0.97181784,13.928591160000002,31.780001,131.320007,23.450001,1770467896.632021
-3.4348734000000003,0.55532448,17.11213236,47.529999,180.25,15.33,1770467896.640046
-6.941556,0.58883544,19.95338304,55.580002,207.059998,14.0,1770467896.648001
-10.340524799999999,-1.14655356,20.73610332,42.349998,197.960007,11.2,1770467896.656084
-12.40384248,-1.9173056400000001,19.1132154,17.639999,144.479996,5.18,1770467896.663967
-13.887899280000001,-3.3343405200000005,18.05762016,3.43,69.650002,-0.35,1770467896.671951
-14.1464124,-4.3205202,17.540593920000003,-9.1,-6.79,-2.94,1770467896.680109
-13.01900796,-4.9189302,16.80814008,-27.23,-76.300003,-10.92,1770467896.68796
-10.699570800000002,-5.131964160000001,15.814779480000002,-32.41,-135.380005,-13.93,1770467896.695956
-7.9492784400000005,-4.58621424,14.699343240000001,-40.110001,-170.589996,-22.610001,1770467896.703966
-5.21334792,-3.3271596000000003,13.555183320000001,-45.57,-188.509995,-26.18,1770467896.71195
-2.71917504,-1.78565544,12.461289840000001,-48.09,-193.619995,-26.389999,1770467896.720038
-0.74442204,-0.18431028,11.058616800000001,-53.549999,-186.759995,-25.83,1770467896.727973
0.60559092,1.0891062,9.44530344,-53.900002,-171.990005,-16.73,1770467896.735952
0.9239450400000001,1.5175677600000002,7.86789468,-52.57,-150.850006,-15.05,1770467896.743965
0.9694242000000001,1.5199614000000001,6.343146,-48.860001,-120.190002,-19.459999,1770467896.751994
3.34152144,4.10987988,4.68195984,-24.639999,-120.400002,7.91,1770467896.759968
3.1356684,4.1888700000000005,4.68195984,-10.43,-103.529999,19.950001,1770467896.767947
3.0423164400000005,4.3803612,4.15057176,-1.19,-88.760002,24.219999,1770467896.775948
3.0925828799999997,4.394723040000001,3.49232076,-0.91,-74.129997,28.42,1770467896.784155
3.0303482400000004,4.33488204,2.8484316,4.97,-59.779999,25.34,1770467896.791957
2.89869804,3.8417922000000004,2.1423078,13.3,-44.310001,26.950001,1770467896.799965
2.53965204,3.2194458000000004,1.35958752,18.34,-26.25,27.02,1770467896.807951
2.20454244,2.7287496000000004,0.7563902400000001,25.34,-8.19,21.559999,1770467896.815967
2.1111904800000003,2.38406544,0.41649336000000003,30.309999,9.1,14.14,1770467896.82413
2.22369156,2.4343318800000002,0.59841,29.75,23.52,3.99,1770467896.831945
2.4415128,2.7215686800000003,1.57740876,33.25,41.439999,0.42,1770467896.839957
2.8364634000000004,3.1045510800000002,3.4995016800000003,30.59,66.989998,-2.94,1770467896.847961
3.35348964,3.3965751600000003,6.0367600800000005,33.110001,94.080002,-2.8,1770467896.856013
3.6862056,3.3630642,8.55965664,35.77,125.440002,-4.13,1770467896.864056
3.42051156,2.91784716,10.55355876,40.880001,158.479996,-0.77,1770467896.871957
2.68327044,2.62821672,12.537886320000002,48.439999,183.960007,0.98,1770467896.880106
1.4337903600000002,2.2452343200000002,14.8645044,44.240002,199.009995,4.83,1770467896.887948
0.15798024000000002,2.05134948,17.58607308,29.68,205.940002,15.82,1770467896.895972
-1.4912377200000002,1.2853846800000002,20.76243336,7.56,202.160004,23.1,1770467896.903981
-3.4181179200000003,-0.81862488,23.21352072,-18.969999,191.380005,37.66,1770467896.911956
-4.4761068,-2.7646542000000003,22.56723792,-25.969999,166.039993,54.740002,1770467896.919953
-5.86202436,-3.96626148,19.41002676,-31.780001,135.169998,76.790001,1770467896.92796
-9.483601680000001,-7.247941920000001,16.71478812,-51.52,146.580002,47.32,1770467896.936108
-9.7899876,-8.00193852,14.002794000000002,-59.290001,129.639999,27.93,1770467896.943961
-10.61100612,-7.32214476,12.99028428,-46.549999,122.150002,20.719999,1770467896.951962
-11.31952356,-5.28036984,12.59533368,-36.119999,111.860001,3.99,1770467896.95995
-11.80543248,-2.58991848,11.86287984,-34.790001,98.419998,-5.18,1770467896.968023
-11.84373072,-0.27526860000000003,10.59425064,-32.549999,76.300003,-24.01,1770467896.976115
-11.39851368,1.496025,9.17242848,-37.799999,47.32,-33.810001,1770467896.984175
-10.5679206,2.49896016,7.84395828,-37.450001,17.85,-50.330002,1770467896.991975
-9.3711006,2.95375176,6.87453408,-31.57,-13.79,-60.900002,1770467896.999953
-7.96603392,3.0159864,6.14926116,-25.200001,-41.23,-67.410004,1770467897.00797
-6.6734683200000005,3.02077368,5.42398824,-10.99,-64.120003,-69.160004,1770467897.015959
-5.5604257200000005,3.0040182,4.72504536,-0.21,-80.639999,-69.160004,1770467897.02403
-4.643661600000001,2.79098424,3.9064204800000004,4.41,-94.57,-69.300003,1770467897.031933
-3.9566869200000006,3.4995016800000003,2.97768816,14.42,-104.230003,-69.370003,1770467897.039951
-3.25056312,3.26013768,2.53247112,16.66,-110.879997,-72.099998,1770467897.047966
-1.7425699200000002,4.22956188,1.8526773600000002,24.43,-122.919998,-53.200001,1770467897.056064
-1.2590546400000002,4.2415300799999995,1.6755480000000003,25.34,-134.679993,-40.110001,1770467897.063973
-0.77553936,3.9973788000000003,1.4481522,27.440001,-142.869995,-27.719999,1770467897.071971
-0.059841000000000005,3.60960912,1.2207564,31.780001,-149.660004,-13.51,1770467897.07995
1.5391105200000001,3.77955756,1.24708644,37.59,-161.210007,0.63,1770467897.08796
1.32607656,3.37742604,1.7688999600000002,45.009998,-160.720001,13.79,1770467897.095948
1.73299536,3.21705216,2.5659820800000004,45.220001,-148.399994,18.48,1770467897.104108
1.9723593600000002,3.25056312,4.01174064,42.349998,-120.82,27.23,1770467897.111943
2.0585304,3.45641616,6.0894201599999995,39.549999,-70.769997,34.02,1770467897.119944
2.0106576,3.31758504,8.26523892,37.099998,-11.13,36.049999,1770467897.12794
1.65400524,2.70960048,10.524835079999999,34.720001,45.709999,33.669998,1770467897.135943
0.18909756000000003,1.5702278400000003,12.96634788,33.459999,100.519997,28.700001,1770467897.143939
-2.53247112,0.6941556000000001,16.12355904,39.200001,152.809998,15.54,1770467897.151949
-4.7633436,0.40213152,19.443537720000002,52.220001,187.389999,6.93,1770467897.159968
-7.59023244,-0.40213152,20.862966240000002,49.560001,189.699997,13.09,1770467897.168016
-10.072437120000002,-1.9556038800000002,20.32679088,32.689999,158.830002,9.66,1770467897.175938
-12.140542080000001,-3.4971080400000005,19.177843680000002,18.549999,98.980003,0.07,1770467897.183974
-12.789218520000002,-4.81361004,18.75895668,4.13,28.209999,-6.3,1770467897.191947
-12.22431948,-5.33063628,17.97384276,-2.24,-40.669998,-13.37,1770467897.199961
-10.472175,-5.41920096,17.10495144,-12.25,-99.400002,-19.32,1770467897.208035
-7.9492784400000005,-4.784886360000001,16.11877176,-18.76,-138.320007,-22.469999,1770467897.215969
-5.41202004,-3.54737448,14.85732348,-26.809999,-158.550003,-27.860001,1770467897.223953
-3.04949736,-1.9532102400000002,13.72513176,-31.85,-167.020004,-28.84,1770467897.231942
-0.9359132400000001,-0.27766224,12.152510280000001,-35.77,-163.100006,-28.280001,1770467897.239942
0.45957888,1.2255436800000001,10.17775728,-36.75,-151.619995,-19.530001,1770467897.247941
0.7587838800000001,1.77368724,8.40646368,-35.630001,-132.720001,-18.059999,1770467897.255989
0.83059308,1.60613244,6.788363040000001,-35.98,-104.510002,-23.030001,1770467897.263957
4.2750410400000005,4.57424604,4.8686637600000005,-19.530001,-106.75,11.48,1770467897.271942
2.71438776,4.028496120000001,4.7633436,-4.9,-89.32,19.32,1770467897.27993
2.61146124,4.00216608,4.18408272,-5.11,-75.040001,29.4,1770467897.287944
2.54683296,4.12184808,3.4588098,-7.42,-61.32,26.809999,1770467897.295942
2.46066192,4.19365728,2.81731428,-5.32,-52.990002,29.75,1770467897.303978
2.2978944,4.07397528,2.0561367600000002,-3.92,-40.110001,26.809999,1770467897.312012
2.06092404,3.7316847600000003,1.27102284,6.02,-28.0,25.690001,1770467897.319948
1.8814010400000003,3.2290203600000003,0.70133652,14.7,-11.9,21.0,1770467897.32795
1.92209292,2.96093268,0.47872800000000004,30.17,3.22,10.85,1770467897.335946
2.01544488,2.9106662400000003,0.8712849600000001,35.98,21.42,7.42,1770467897.344009
2.31464988,3.1356684,1.8933692400000002,41.580002,40.110001,-2.59,1770467897.351974
2.7598669200000003,3.5665236,3.65748192,41.02,63.0,-3.29,1770467897.359957
3.1476366,3.9088141199999997,5.988887280000001,35.349998,90.860001,-3.5,1770467897.367947
3.30082956,3.8824840800000002,8.25087708,28.559999,121.309998,-1.68,1770467897.375946
2.86997436,3.2792868000000004,10.1490336,22.33,152.039993,-0.21,1770467897.384283
2.1064032,2.66651496,12.21235128,19.110001,177.380005,4.9,1770467897.392038
0.8880404399999999,2.25959616,14.574873960000001,18.34,197.470001,6.93,1770467897.399979
-0.7587838800000001,2.0896477200000003,18.22278132,7.21,212.940002,12.81,1770467897.407937
-2.5276838400000003,1.80480456,22.28718204,-7.84,215.389999,23.799999,1770467897.415951
-4.68195984,0.045479160000000005,24.59943828,-21.0,202.929993,38.150002,1770467897.423967
-6.13729296,-1.58937696,23.14889244,-17.57,171.710007,58.380001,1770467897.431946
-7.80566004,-1.5678342,19.2328974,-20.16,127.82,74.970001,1770467897.440008
-10.934147520000002,-4.30376472,16.135527240000002,-45.639999,108.080002,39.27,1770467897.447937
-10.699570800000002,-5.22052884,13.95013392,-54.110001,90.230003,31.85,1770467897.455951
-10.97005212,-5.373721800000001,12.896932320000001,-56.419998,77.0,11.13,1770467897.46401
-11.278831680000001,-4.7154708,11.91553992,-54.18,63.77,2.52,1770467897.47199
-11.147181480000002,-3.4181179200000003,10.61100612,-51.240002,49.84,-10.92,1770467897.479939
-10.699570800000002,-1.93166748,9.11737476,-53.130001,31.92,-25.27,1770467897.487966
-10.04850072,-0.62474004,7.54714692,-52.220001,9.1,-39.41,1770467897.496012
-9.19875852,0.30159864000000003,6.45325344,-49.77,-14.98,-51.240002,1770467897.503949
-8.1862488,0.89282772,5.7327678,-40.529999,-36.119999,-59.290001,1770467897.511953
-7.1689518,1.3308638400000001,5.10324048,-25.34,-53.34,-65.800003,1770467897.519949
-6.09899472,1.66118616,4.43541492,-14.7,-67.129997,-67.900002,1770467897.528022
-4.947653880000001,2.0561367600000002,3.8537604000000005,-1.4,-81.410004,-70.629997,1770467897.535939
-3.91838868,2.4726301200000003,3.22662672,5.11,-91.629997,-67.410004,1770467897.543962
-3.0758274,2.90587896,2.6617276800000003,13.02,-100.660004,-65.099998,1770467897.551946
-2.26917072,3.21705216,2.31225624,15.54,-111.650002,-58.939999,1770467897.559987
-1.8119854800000001,3.1165192800000003,2.0417749200000004,16.450001,-118.650002,-64.540001,1770467897.567978
-0.75160296,3.5665236,1.57501512,21.98,-120.540001,-58.169998,1770467897.575944
0.22021488,3.7029610800000006,1.2327246,31.57,-131.880005,-44.380001,1770467897.583983
1.19203272,3.67902468,1.5726214800000002,42.77,-144.619995,-14.07,1770467897.59195
1.37873664,3.5258317200000002,2.05134948,53.759998,-147.279999,1.89,1770467897.599967
1.49841864,3.45641616,2.5779502800000005,54.32,-142.029999,13.44,1770467897.607938
1.7760808799999999,3.63115188,3.57131088,52.220001,-125.089996,21.559999,1770467897.616018
1.8933692400000002,3.9495060000000004,5.29233804,45.009998,-91.839996,25.200001,1770467897.62396
1.74017628,4.1529654,7.53517872,33.110001,-41.09,32.549999,1770467897.632035
1.4673013200000002,4.038070680000001,9.79956216,24.219999,16.309999,35.91,1770467897.639955
0.6534637200000001,3.26013768,11.99931732,18.34,71.610001,35.630001,1770467897.647944
-1.4673013200000002,1.93406112,14.352265440000002,20.790001,122.919998,27.58,1770467897.655937
-4.06679436,1.2829910400000002,17.40894372,34.09,168.839996,12.67,1770467897.663974
-6.68304288,0.14122476,20.12811876,43.189999,187.110001,12.32,1770467897.671978
-8.916309,-0.6343146,20.57094216,41.860001,164.639999,15.26,1770467897.679963
-12.102243840000002,-2.8963044,19.776253680000003,30.870001,120.050003,7.28,1770467897.687962
-12.68389836,-3.3271596000000003,18.90496872,26.67,54.110001,-0.35,1770467897.696034
-12.49240716,-3.3702451200000003,18.27304776,18.200001,-15.12,-9.1,1770467897.703943
-10.98920124,-3.21465852,17.40894372,10.64,-80.779999,-20.02,1770467897.711974
-8.70806232,-3.1452429600000005,16.29111384,0.56,-129.639999,-27.51,1770467897.719996
-6.26176224,-2.94657084,15.04881468,-14.0,-158.759995,-33.389999,1770467897.727951
-3.7077483600000005,-2.7048132000000003,13.83763284,-27.790001,-174.229996,-31.15,1770467897.735949
-1.4696949600000002,-1.88379468,12.5187372,-43.189999,-177.940002,-32.549999,1770467897.743958
0.36862056,-0.86889132,10.95329664,-55.369999,-170.520004,-24.709999,1770467897.751949
1.15612812,0.02154276,9.06232104,-59.779999,-152.389999,-15.61,1770467897.760026
1.29735288,0.50984532,7.1713454400000005,-63.0,-125.650002,-15.61,1770467897.767957
2.6018866800000002,0.57686724,5.878779840000001,-61.18,-108.290001,0.21,1770467897.77595
3.20269032,3.0973701600000005,4.34924388,-35.0,-95.550003,24.219999,1770467897.784023
3.13088112,3.1404556800000005,3.86812224,-18.9,-76.089996,30.309999,1770467897.792111
3.0925828799999997,3.7628020800000006,3.3989688000000005,-3.36,-60.27,31.780001,1770467897.799952
3.0758274,4.452170400000001,3.15721116,8.75,-42.419998,27.370001,1770467897.807944
3.0135927600000003,4.98116484,2.89869804,23.66,-25.549999,23.66,1770467897.815956
2.9154535200000002,4.5981824399999995,2.5228965600000004,37.029999,-6.93,18.059999,1770467897.823961
2.64018492,4.016527920000001,1.8742201200000002,50.330002,11.27,15.26,1770467897.831952
2.3577354,3.41333064,1.3165020000000003,64.540001,28.98,10.22,1770467897.839988
2.20932972,3.1452429600000005,1.20400092,71.330002,44.869999,2.31,1770467897.848004
2.0776795200000002,3.111732,1.53432324,65.169998,59.849998,-1.26,1770467897.855952
2.1447014400000004,3.11412564,2.513322,47.110001,76.300003,-6.72,1770467897.863981
2.36012904,3.0351355200000003,4.1122735200000005,19.67,94.989998,-1.68,1770467897.872093
2.47023648,2.7215686800000003,6.11814384,-2.45,121.870003,2.17,1770467897.87994
2.2500216,1.8000172800000003,8.19582336,-15.75,154.070007,7.49,1770467897.887988
1.65639888,0.7851139200000001,10.63015524,-17.780001,185.639999,11.55,1770467897.895958
0.69654924,-0.08377740000000002,13.61741796,-7.35,210.210007,12.53,1770467897.903949
-1.0651698,-0.12207564000000001,17.93554452,3.22,230.860001,21.07,1770467897.911955
-3.4420543200000004,0.91437048,23.103413279999998,3.64,241.080002,25.48,1770467897.919961
-6.077451959999999,0.6558573600000001,26.75610792,-10.22,227.5,37.169998,1770467897.928059
-7.64289252,-0.7563902400000001,24.81247224,-9.87,184.729996,59.709999,1770467897.935945
-9.299291400000001,-0.6295273200000001,18.902575080000002,-14.0,133.839996,72.169998,1770467897.943968
-12.097456560000001,-2.4463000800000003,15.24509316,-42.560001,110.669998,43.330002,1770467897.951949
-11.77192152,-3.3870006000000004,13.303851120000001,-49.209999,82.739998,28.700001,1770467897.95995
-11.97298728,-3.86812224,12.729377520000002,-56.700001,64.75,18.41,1770467897.967966
-12.19080852,-4.0572198,12.22910676,-59.220001,49.07,6.58,1770467897.976068
-11.970593640000002,-3.42769248,10.943722079999999,-61.529999,35.419998,-8.19,1770467897.984273
-11.475110160000002,-2.4630555600000004,9.3830688,-61.529999,19.18,-21.35,1770467897.992108
-10.77138,-1.42900308,7.707520800000001,-61.110001,-2.03,-33.810001,1770467897.999959
-9.93839328,-0.45239796,6.33357144,-56.77,-24.709999,-45.779999,1770467898.007942
-8.87082984,0.26569404,5.50297836,-43.330002,-48.09,-56.279999,1770467898.016018
-7.6357116000000005,0.9574560000000001,5.055367680000001,-30.1,-67.129997,-63.419998,1770467898.024119
-6.40777428,1.57501512,4.67238528,-15.33,-83.790001,-70.980003,1770467898.031933
-5.2420716,2.16863784,4.11945444,-0.56,-95.760002,-70.839996,1770467898.039955
-4.1050926,2.692845,3.4947144000000003,8.26,-106.75,-68.18,1770467898.04798
-3.0423164400000005,3.1811475600000003,2.89391076,18.620001,-118.300003,-67.269997,1770467898.056089
-2.1973615200000003,3.3822133200000004,2.5276838400000003,25.129999,-128.100006,-63.91,1770467898.063973
-1.7090589600000001,3.2960422800000004,2.2859262,29.33,-133.770004,-66.150002,1770467898.071971
-0.6941556000000001,3.76040844,1.76171904,39.759998,-139.300003,-55.580002,1770467898.079942
2.72396232,5.266008000000001,1.1824581600000001,51.450001,-156.729996,-35.279999,1770467898.087972
1.39309848,4.04285796,1.70187804,63.07,-166.320007,-14.91,1770467898.095948
1.83352824,3.8106748800000005,2.12555232,71.889999,-168.630005,-0.28,1770467898.103942
2.12794596,3.6933865200000002,2.59949304,75.389999,-161.279999,13.79,1770467898.11195
2.4822046799999997,3.7915257600000003,3.21705216,71.050003,-145.949997,21.07,1770467898.119944
2.7838033200000005,4.14578448,4.46653224,55.23,-118.089996,26.110001,1770467898.127945
2.8795489200000004,4.44498948,6.31202868,40.669998,-71.82,28.700001,1770467898.135973
2.8197079200000004,4.13142264,8.267632560000001,22.4,-11.55,35.700001,1770467898.144041
2.33140536,3.28646772,10.35967392,13.09,49.630001,35.91,1770467898.151942
0.95506236,1.8957628800000002,12.901719600000002,12.04,110.32,28.49,1770467898.15993
-1.76411268,0.97181784,16.24324104,17.01,167.860001,3.01,1770467898.167934
-3.26013768,-0.20824668000000002,20.30285448,24.219999,207.619995,-3.85,1770467898.175948
-4.9189302,-1.3069274400000002,22.16989368,29.120001,208.949997,6.86,1770467898.183975
-7.2527292,-1.4912377200000002,21.60499464,32.48,169.399994,19.389999,1770467898.191954
-12.145329360000002,-5.0960595600000005,21.58584552,17.01,128.309998,17.360001,1770467898.199945
-11.949050880000001,-4.07397528,19.587156120000003,4.9,61.740002,-7.77,1770467898.20792
-11.544525720000001,-4.071581640000001,18.15336576,-4.76,-6.09,-9.87,1770467898.215947
-10.031745240000001,-3.8896650000000004,16.59749976,-16.309999,-67.550003,-23.940001,1770467898.224011
-7.79369184,-3.6598755600000006,15.005729160000001,-29.68,-112.839996,-23.52,1770467898.231969
-5.505372,-3.40375608,13.49534232,-39.200001,-138.320007,-28.629999,1770467898.239942
-3.15242388,-2.80295244,12.061551960000001,-51.310001,-149.869995,-26.879999,1770467898.24794
-1.27820376,-1.63724976,10.58467608,-55.860001,-150.149994,-20.23,1770467898.255945
0.1914912,-0.32553504,8.86604256,-55.09,-143.5,-13.3,1770467898.264009
0.75160296,0.58165452,7.37480484,-49.84,-128.520004,-4.06,1770467898.271958
0.99575424,0.71091108,6.13250568,-44.869999,-107.309998,-4.76,1770467898.279935
2.76704784,0.7707520800000001,4.98355848,-38.360001,-99.75,4.13,1770467898.287948
3.10694472,2.95375176,3.9734424,-10.64,-89.459999,31.780001,1770467898.295945
2.8364634000000004,3.59524728,3.6550882799999997,0.56,-76.860001,37.450001,1770467898.303954
2.73114324,4.10030532,3.35827692,8.75,-64.540001,39.130001,1770467898.311947
2.62821672,4.602969720000001,2.8484316,11.9,-51.52,36.610001,1770467898.319955
2.4798110400000004,4.45456404,2.20932972,19.459999,-34.02,32.900002,1770467898.32802
2.3290117200000005,3.88487772,1.5199614000000001,29.26,-16.030001,24.219999,1770467898.335949
2.2452343200000002,3.2721058800000002,1.1848518000000001,39.41,2.87,17.709999,1770467898.343961
2.21172336,2.98486908,1.4337903600000002,51.52,24.01,8.61,1770467898.351956
2.23087248,3.0135927600000003,2.18778696,58.380001,49.490002,2.45,1770467898.360036
2.3768845200000004,3.23859492,3.31279776,54.32,75.32,-0.35,1770467898.36799
2.5228965600000004,3.59046,4.84233372,45.990002,102.410004,-0.14,1770467898.375952
2.5588011600000002,3.8776968000000003,6.71894748,29.120001,129.639999,-2.52,1770467898.38396
2.23565976,3.5665236,8.59556124,13.23,160.020004,0.56,1770467898.391997
1.53432324,3.1428493200000003,10.65648528,-1.19,187.740005,4.48,1770467898.399966
0.31835412,2.5181092800000004,13.27752108,-10.22,211.470001,9.45,1770467898.407937
-1.65879252,2.25720252,17.155217880000002,-11.9,232.259995,11.2,1770467898.415959
-3.93514416,2.0896477200000003,22.236915600000003,-24.01,243.110001,11.76,1770467898.423965
-6.1444738800000005,0.5792608800000001,25.25768928,-27.440001,227.5,26.25,1770467898.431948
-7.92773568,-0.67261284,23.79038796,-16.030001,181.300003,51.799999,1770467898.439971
-10.27350288,-0.44761068000000004,19.30710024,-12.67,129.429993,65.309998,1770467898.448009
-12.17644668,-2.13273324,15.786055800000002,-32.759998,96.040001,38.360001,1770467898.455978
-12.073520160000001,-2.91305988,13.33496844,-41.369999,64.540001,29.540001,1770467898.463975
-12.0998502,-3.2792868000000004,12.528311760000001,-44.310001,39.970001,15.68,1770467898.47196
-11.8604862,-3.1452429600000005,11.97298728,-41.93,21.77,3.22,1770467898.480054
-11.3817582,-2.72396232,10.88148744,-45.220001,8.61,-10.99,1770467898.48821
-10.807284600000001,-2.0465622,9.36870696,-49.07,-3.43,-24.15,1770467898.495963
-10.084405320000002,-1.3859175600000002,7.89422472,-55.790001,-20.65,-36.400002,1770467898.504098
-9.1197684,-1.0795316400000001,6.7716075600000005,-60.549999,-39.970001,-48.369999,1770467898.511953
-8.12401416,-0.71091108,5.90750352,-54.459999,-57.189999,-52.43,1770467898.519954
-7.212037320000001,-0.29202408,5.2037733600000005,-46.759998,-73.360001,-55.93,1770467898.52795
-6.21388944,0.17952300000000002,4.60536336,-35.0,-84.349998,-60.759998,1770467898.535934
-5.2301034,0.6534637200000001,3.9136014000000006,-23.24,-97.790001,-61.32,1770467898.543963
-4.27025376,1.13219172,3.0734337600000003,-14.21,-109.059998,-62.23,1770467898.551978
-3.3989688000000005,1.6516116,2.30268168,-5.74,-120.959999,-63.98,1770467898.560042
-2.4630555600000004,2.2380534,1.66118616,-2.31,-133.910004,-61.18,1770467898.567964
-1.50081228,2.75507964,1.24948008,2.31,-146.789993,-54.669998,1770467898.575993
-0.7659648,2.8675807200000003,1.21357548,8.68,-160.440002,-55.23,1770467898.583967
-0.36862056,2.2835325600000003,1.4840568,10.57,-166.320007,-59.43,1770467898.591952
4.44977676,4.41865944,0.44042976,30.870001,-183.75,-40.459999,1770467898.599953
2.3433735600000003,3.27449952,2.07528588,49.84,-178.850006,-4.83,1770467898.607937
2.66412132,3.28646772,3.1452429600000005,64.75,-166.179993,7.07,1770467898.616018
2.95135812,3.41572428,4.48568136,74.410004,-139.440002,12.81,1770467898.623965
3.2194458000000004,3.77716392,6.24021948,75.529999,-98.769997,21.209999,1770467898.63195
3.30082956,4.3324884,8.10486504,74.830002,-46.200001,22.4,1770467898.63995
3.19790304,4.33727568,9.699029280000001,67.900002,14.28,29.049999,1770467898.648016
2.4463000800000003,3.51625716,11.44878012,62.299999,66.639999,25.41,1770467898.655947
0.62474004,2.3816718,13.48337412,52.290001,114.309998,16.940001,1770467898.66396
-2.2978944,1.65400524,16.6717026,45.43,164.919998,-4.27,1770467898.672037
-3.6000345600000005,0.30399228000000006,20.24780076,35.209999,192.5,-15.05,1770467898.679956
-4.81839732,-0.98378604,21.293821440000002,29.68,184.240005,-1.05,1770467898.688051
-6.75724572,-1.76411268,20.93956272,30.59,139.649994,20.51,1770467898.696037
-12.3392142,-5.96973816,21.37041792,12.53,99.260002,21.559999,1770467898.70398
-10.77377364,-5.08409136,19.718806320000002,-0.98,42.419998,-6.44,1770467898.711957
-10.2447792,-4.9189302,18.160546680000003,-8.47,-18.200001,-10.71,1770467898.719953
-8.667370440000001,-3.97822968,16.60946796,-17.99,-73.779999,-20.440001,1770467898.727952
-6.54181812,-2.67608952,15.07753836,-23.309999,-109.129997,-24.85,1770467898.735988
-4.33488204,-1.38352392,13.555183320000001,-26.110001,-130.619995,-28.91,1770467898.743968
-2.24284068,-0.18191664000000002,12.20038308,-30.1,-138.389999,-34.02,1770467898.751947
-0.4547916,0.9526687200000001,10.70914536,-30.379999,-138.740005,-25.059999,1770467898.759952
0.64867644,1.5367168800000002,9.18439668,-34.23,-131.039993,-23.59,1770467898.767984
0.96703056,1.1369790000000002,7.63331796,-33.529999,-115.639999,-20.65,1770467898.775956
1.8933692400000002,1.37155572,5.91468444,-33.459999,-102.550003,-25.690001,1770467898.78396
3.57370452,2.7694414800000002,4.65323616,-21.91,-103.389999,8.05,1770467898.791963
3.10215744,2.89391076,3.98301696,-20.02,-90.089996,24.780001,1770467898.799967
2.94657084,3.23859492,3.25295676,-27.09,-75.32,31.08,1770467898.807974
2.85561252,3.6048218400000005,2.68327044,-28.77,-56.419998,33.389999,1770467898.815964
2.80295244,3.5425872000000003,2.10400956,-30.24,-38.360001,34.02,1770467898.823963
2.58991848,2.85561252,1.46251404,-27.440001,-17.01,31.290001,1770467898.831986
2.3649163200000003,2.1423078,0.7922948400000001,-18.129999,4.97,27.58,1770467898.839965
2.20932972,1.46251404,0.26569404,-7.98,28.559999,20.65,1770467898.848043
2.1710314800000003,1.23511824,0.33989688,9.8,51.59,16.24,1770467898.85598
2.1447014400000004,1.39788576,1.4577267600000001,21.91,78.050003,11.9,1770467898.863961
2.35534176,1.8454964400000002,3.43247976,32.900002,105.209999,5.6,1770467898.871965
2.7215686800000003,2.1806060400000002,5.9122908,35.77,132.860001,9.1,1770467898.880032
2.80295244,2.06331768,8.5213584,30.030001,161.839996,7.14,1770467898.888019
2.3649163200000003,1.80480456,10.55116512,24.290001,189.070007,9.31,1770467898.896056
1.40506668,1.4792695200000001,12.44932164,20.860001,211.259995,10.29,1770467898.903979
-0.1555866,1.19442636,14.27566896,21.42,228.339996,13.51,1770467898.911956
-2.42236368,1.256661,17.27968716,24.08,236.460007,19.25,1770467898.919951
-5.086485,1.32128928,21.88505052,19.110001,231.910004,24.639999,1770467898.927955
-6.9295878,0.28484316,23.31884088,16.450001,201.389999,43.119999,1770467898.935998
-8.81577612,0.06702192000000001,20.31242904,8.68,151.830002,56.209999,1770467898.943974
-12.753313920000002,-3.1643920800000003,17.832618,-13.37,122.639999,57.119999,1770467898.951952
-11.525376600000001,-3.19790304,14.89083444,-25.9,91.419998,34.23,1770467898.959953
-11.85091164,-3.99498516,13.95013392,-25.9,73.849998,21.77,1770467898.967968
-12.181233960000002,-4.11945444,13.65332256,-26.530001,57.540001,10.29,1770467898.976683
-12.245862240000001,-3.59524728,12.968741520000002,-29.75,45.5,-7.91,1770467898.984181
-11.8604862,-2.6306103600000004,11.63548404,-31.99,31.08,-18.41,1770467898.992049
-11.1663306,-1.51038684,10.01259612,-34.369999,13.37,-35.98,1770467898.99996
-10.259141040000001,-0.70133652,8.538113880000001,-42.98,-9.31,-46.200001,1770467899.00794
-9.46923984,-0.08617104,7.27427196,-43.959999,-34.580002,-56.279999,1770467899.016012
-8.557263,0.31356684,6.11335656,-43.540001,-56.209999,-60.970001,1770467899.023973
-7.47055044,0.6582510000000001,5.2468588800000004,-35.209999,-72.870003,-67.480003,1770467899.031999
-6.34793328,1.04841432,4.56227784,-21.77,-88.620003,-67.129997,1770467899.040032
-5.2420716,1.555866,3.8992395600000003,-14.63,-100.449997,-65.660004,1770467899.047954
-4.2008382,2.03698764,3.26492496,-5.74,-110.879997,-60.759998,1770467899.055951
-3.2984359199999997,2.60667396,2.6449722,-3.57,-121.169998,-54.880001,1770467899.063994
-2.5276838400000003,3.0782210400000003,2.0130512400000002,-1.19,-132.789993,-48.16,1770467899.07204
-1.8502837200000002,3.3463087200000006,1.57501512,0.21,-144.410004,-42.209999,1770467899.079966
-1.45054584,3.0614655600000003,1.376343,-2.24,-156.309998,-42.91,1770467899.088028
-0.6127718400000001,3.1380620400000003,1.07474436,4.2,-161.490005,-35.279999,1770467899.095948
3.15481752,4.7154708,0.8018694,18.969999,-174.440002,-11.83,1770467899.103942
1.4936313600000002,3.3630642,1.8526773600000002,34.790001,-174.649994,1.54,1770467899.111939
1.91012472,3.2409885600000004,2.97290088,50.75,-166.529999,15.05,1770467899.11994
2.3433735600000003,3.2888613600000003,4.753769040000001,58.66,-140.979996,17.709999,1770467899.127941
2.66651496,3.57131088,6.776394840000001,62.02,-100.449997,24.57,1770467899.135951
2.8603998,3.92796324,8.844499800000001,59.5,-46.549999,24.92,1770467899.144074
2.83406976,3.9542932800000004,10.62058068,54.740002,7.63,27.719999,1770467899.151934
2.06092404,3.3343405200000005,12.3392142,49.349998,55.02,26.040001,1770467899.159944
-0.11010744,2.37209724,14.390563680000001,44.169998,102.269997,15.12,1770467899.167945
-3.1931157600000004,1.5941642400000002,17.588466720000003,46.549999,152.600006,-5.95,1770467899.175949
-4.47371316,0.3949506,19.99646856,38.080002,168.839996,-10.36,1770467899.18395
-5.76388512,-0.39255696000000007,20.377057320000002,24.639999,144.410004,-1.96,1770467899.19196
-7.32932568,-1.09389348,19.58236884,14.42,92.400002,7.98,1770467899.199945
-10.79292276,-4.753769040000001,20.015617680000002,-10.92,55.720001,-3.29,1770467899.207954
-9.703816560000002,-5.1822306,18.65603016,-17.01,-3.43,-7.21,1770467899.21594
-8.7008814,-5.5700002799999995,17.2222398,-21.42,-58.799999,-18.76,1770467899.224069
-6.99660972,-4.914142920000001,15.72142752,-25.129999,-101.5,-21.0,1770467899.231938
-4.86627012,-3.8082812400000003,14.44083012,-25.690001,-128.309998,-28.49,1770467899.239945
-2.8603998,-2.40800184,13.112359920000001,-29.75,-140.419998,-28.280001,1770467899.247941
-0.9071895600000001,-0.9071895600000001,11.64027132,-29.889999,-145.179993,-28.209999,1770467899.255945
0.58165452,0.80665668,9.99105336,-25.41,-140.0,-24.5,1770467899.263961
0.7922948400000001,1.19682,8.38731456,-22.469999,-124.669998,-20.440001,1770467899.272006
1.24708644,1.4361840000000001,6.6184146,-20.440001,-105.769997,-27.719999,1770467899.279937
2.90109168,4.19605092,4.8590892,-1.89,-106.540001,-3.92,1770467899.287929
3.0614655600000003,3.3439150800000004,4.47371316,0.77,-92.68,11.69,1770467899.295988
2.8603998,3.3271596000000003,3.66945012,-3.57,-77.559998,17.290001,1770467899.304113
2.64736584,3.3367341600000002,2.79816516,-12.25,-62.439999,24.85,1770467899.311949
2.43911916,3.1883284800000005,1.95799752,-20.65,-44.450001,26.25,1770467899.31995
2.2260852000000004,2.6234294400000002,1.16809632,-24.57,-23.66,31.219999,1770467899.327952
2.03698764,1.90773108,0.53378172,-15.75,-1.82,31.08,1770467899.336007
1.92209292,1.0149033600000001,0.16516116,-1.47,18.059999,27.860001,1770467899.34409
1.9723593600000002,0.74442204,0.3829824,18.9,38.43,18.620001,1770467899.351944
1.9867212,0.86649768,1.53432324,39.759998,61.110001,13.93,1770467899.359978
2.15666964,1.32368292,3.4612034400000002,49.84,86.519997,9.59,1770467899.367954
2.4654492,1.8718264800000002,6.266549520000001,53.830002,112.279999,6.93,1770467899.37598
2.66651496,2.3577354,9.02881008,47.32,139.300003,2.87,1770467899.383953
2.4654492,1.98193392,10.967658479999999,34.299999,166.039993,3.92,1770467899.391966
1.70187804,1.20400092,12.4828326,26.32,186.270004,4.06,1770467899.400037
0.53378172,0.61755912,14.03151768,18.41,201.320007,13.02,1770467899.407928
-1.2207564,0.49308984000000006,16.575957,14.56,209.789993,17.85,1770467899.416039
-3.1883284800000005,0.6079845600000001,20.7887634,8.33,207.619995,26.879999,1770467899.423993
-5.151113280000001,-0.34468416,23.881346280000002,4.41,188.300003,40.040001,1770467899.43198
-6.3383587200000004,-0.8377740000000001,22.605536160000003,6.09,139.720001,62.509998,1770467899.440045
-8.095290480000001,-0.7587838800000001,19.129970880000002,-5.67,97.510002,73.919998,1770467899.447949
-10.33813116,-2.83406976,16.66691532,-28.77,87.989998,49.91,1770467899.455945
-10.38600396,-3.97104876,15.03684648,-34.439999,73.290001,31.639999,1770467899.463966
-10.79292276,-4.2008382,14.28284988,-38.43,65.870003,19.74,1770467899.472041
-11.087340480000002,-3.65748192,13.500129600000001,-38.639999,59.080002,-1.47,1770467899.479979
-11.099308680000002,-2.54204568,11.99692368,-43.119999,48.860001,-11.76,1770467899.487942
-10.730688120000002,-1.21118184,10.03892616,-43.119999,33.459999,-32.130001,1770467899.495962
-10.105948080000001,-0.12925656000000002,8.3538036,-44.450001,11.34,-42.700001,1770467899.503968
-9.299291400000001,0.64867644,7.05884436,-39.759998,-12.46,-55.23,1770467899.511954
-8.36098452,1.18006452,6.077451959999999,-27.58,-36.119999,-63.560001,1770467899.51995
-7.27427196,1.5702278400000003,5.34260448,-15.19,-54.599998,-70.209999,1770467899.527961
-6.01043004,1.98432756,4.8830256,-0.91,-68.529999,-70.419998,1770467899.535991
-4.9548348,2.25480888,4.246317360000001,9.1,-81.129997,-74.690002,1770467899.544077
-4.009347,2.43672552,3.5449808400000005,12.18,-91.629997,-70.07,1770467899.551943
-3.0973701600000005,2.7646542000000003,2.69523864,15.68,-101.220001,-60.200001,1770467899.559952
-2.3816718,3.1428493200000003,2.00587032,10.64,-112.910004,-52.57,1770467899.567948
-1.73299536,3.2936486400000002,1.56544056,11.34,-124.459999,-48.09,1770467899.575969
-1.35958752,2.88912348,1.21118184,4.69,-134.75,-48.509998,1770467899.583971
-0.538569,3.111732,0.7539966,2.8,-144.970001,-42.349998,1770467899.591977
2.33858628,4.22956188,0.46915344000000003,10.99,-162.470001,-16.66,1770467899.600029
1.27341648,3.08061468,1.376343,17.639999,-166.320007,2.52,1770467899.607943
1.6444306800000001,3.0399228000000003,2.154276,28.559999,-158.759995,16.799999,1770467899.61597
2.0465622,2.9154535200000002,3.56173632,30.799999,-140.0,22.33,1770467899.624121
2.4463000800000003,3.0159864,5.469467400000001,32.759998,-105.349998,26.18,1770467899.631945
2.60667396,3.2673186000000003,7.72906356,35.209999,-55.369999,31.709999,1770467899.639953
2.6736958800000004,3.2960422800000004,9.98387244,34.650002,-0.28,34.580002,1770467899.647953
2.20454244,2.94657084,12.0759138,36.889999,53.34,39.48,1770467899.655986
0.7061238000000001,2.35055448,14.424074640000002,39.200001,103.949997,32.060001,1770467899.664026
-2.13991416,1.99150848,17.672244120000002,43.68,149.869995,12.95,1770467899.671981
-4.0572198,0.8377740000000001,20.458441080000004,41.299999,177.520004,1.68,1770467899.67996
-5.464680120000001,-0.06702192000000001,20.862966240000002,39.41,164.289993,7.91,1770467899.68795
-7.099536240000001,-0.5792608800000001,20.254981680000004,34.790001,119.279999,16.17,1770467899.696011
-9.8498286,-1.50320592,19.8193392,20.440001,80.080002,13.93,1770467899.704094
-10.60621884,-2.80534608,18.70869024,-1.12,28.42,-9.38,1770467899.711957
-10.0173834,-4.1553590400000004,17.248569840000002,-14.77,-27.299999,-19.32,1770467899.719951
-8.648221320000001,-4.70589624,15.798024000000002,-28.49,-72.309998,-24.92,1770467899.72795
-6.678255600000001,-4.44498948,14.280456240000001,-33.32,-103.32,-29.4,1770467899.735951
-4.74419448,-3.6143964,12.877783200000001,-37.450001,-121.730003,-34.790001,1770467899.744023
-2.85561252,-2.4750237600000005,11.64745224,-36.330002,-130.899994,-35.07,1770467899.751945
-1.27102284,-1.11543624,10.40994036,-34.580002,-129.289993,-30.450001,1770467899.759949
-0.15319296000000002,0.07899012000000001,8.97136272,-40.110001,-122.080002,-17.08,1770467899.767965
0.32074776000000005,0.9598496400000001,7.45858224,-46.130001,-112.279999,-5.39,1770467899.776064
0.3949506,0.93112596,6.168410280000001,-52.639999,-97.019997,-2.17,1770467899.783951
0.9981478800000001,1.04362704,4.8902065200000004,-52.990002,-82.529999,6.02,1770467899.791988
2.154276,2.4056082,3.61679004,-36.330002,-81.339996,29.4,1770467899.800034
2.01783852,2.01783852,3.3941815200000005,-28.49,-76.860001,41.09,1770467899.807943
1.8454964400000002,2.1973615200000003,2.95135812,-21.700001,-69.650002,41.299999,1770467899.815963
1.68990984,2.4127891200000002,2.42236368,-18.41,-59.080002,46.34,1770467899.823966
1.50559956,2.31464988,1.8191664,-13.44,-45.080002,41.369999,1770467899.831953
1.4002794,2.00587032,1.2638419200000002,-2.73,-28.700001,42.139999,1770467899.840004
1.4337903600000002,1.35001296,1.12979808,7.63,-9.45,33.669998,1770467899.847949
1.50320592,1.13937264,1.4840568,24.639999,7.7,24.780001,1770467899.855992
1.68033528,1.3524066000000001,2.55162024,32.41,28.559999,18.83,1770467899.864084
1.9603911600000001,1.71384624,4.28222196,40.740002,51.869999,9.52,1770467899.871953
2.30268168,2.0130512400000002,6.470008920000001,41.860001,75.879997,8.75,1770467899.879957
2.54683296,2.3433735600000003,8.69370048,42.84,100.940002,3.71,1770467899.887988
2.4510873600000003,2.28831984,10.725900840000001,41.790001,125.300003,4.69,1770467899.896073
1.9747530000000002,2.22847884,12.276979560000001,43.540001,148.399994,6.3,1770467899.903962
1.0412334,2.08007316,13.77779184,44.310001,162.960007,12.25,1770467899.911954
-0.1555866,2.0585304,16.09962264,45.639999,166.039993,13.79,1770467899.919961
-1.4481522,2.14709508,20.10896964,41.02,159.600006,17.360001,1770467899.927953
-3.1404556800000005,1.0532016,22.96218852,29.120001,139.509995,26.110001,1770467899.936059
-4.84233372,-0.2513322,22.44276864,18.129999,107.519997,37.799999,1770467899.943988
-5.574787560000001,-0.70851744,20.63078316,3.22,72.660004,50.82,1770467899.951951
-6.74767116,-1.7665063200000002,18.94087332,-9.1,51.450001,61.040001,1770467899.959948
-7.9468848,-2.95375176,17.06186592,-33.110001,57.610001,37.099998,1770467899.967984
-7.901405640000001,-3.6526946400000004,15.295359600000001,-37.240002,57.889999,25.34,1770467899.976177
-8.0426304,-3.74125932,13.70119536,-44.169998,56.77,13.93,1770467899.98462
-8.408857320000001,-2.9417835599999997,11.81500704,-43.189999,54.669998,2.52,1770467899.992035
-8.54050752,-2.2141170000000003,10.278290160000001,-41.860001,51.240002,-10.71,1770467899.999962
-8.52853932,-1.4122476000000002,9.002480040000002,-43.330002,42.07,-23.940001,1770467900.007944
-8.39449548,-0.57207996,7.83438372,-41.650002,27.440001,-38.43,1770467900.01596
-8.167099680000002,0.20824668000000002,6.9535242,-39.549999,9.66,-41.790001,1770467900.024099
-7.63092432,0.7707520800000001,6.362295120000001,-32.41,-10.22,-50.889999,1770467900.031946
-6.92719416,1.24948008,5.625054,-22.540001,-33.110001,-56.139999,1770467900.039963
-6.0918138,1.5438978,4.74419448,-14.21,-49.560001,-60.619999,1770467900.048088
-5.1702623999999995,1.7880490800000002,3.8657286000000006,-5.32,-65.099998,-60.759998,1770467900.055949
-4.21520004,2.0896477200000003,3.0183800400000003,3.01,-79.800003,-60.48,1770467900.063964
-3.2960422800000004,2.4343318800000002,2.2955007600000004,5.32,-92.75,-59.5,1770467900.071952
-2.23326612,2.86279344,1.76171904,13.3,-107.309998,-53.34,1770467900.079956
-1.4936313600000002,3.10694472,1.44097128,12.11,-122.220001,-49.98,1770467900.087964
-1.03165884,3.051891,1.19442636,11.48,-135.309998,-55.16,1770467900.095961
-0.12207564000000001,3.2912550000000005,1.11543624,18.549999,-139.300003,-55.23,1770467900.103951
1.16570268,3.31997868,1.5415041600000001,34.23,-156.660004,-19.530001,1770467900.111952
1.98193392,2.6880577199999998,2.5779502800000005,37.240002,-153.440002,1.12,1770467900.119934
2.1925742400000003,2.752686,3.6287582400000002,36.400002,-135.029999,19.6,1770467900.127975
2.573163,3.13088112,4.94047296,31.99,-105.419998,28.629999,1770467900.136015
2.8364634000000004,3.8058876000000006,6.54899904,26.32,-68.32,31.99,1770467900.143966
3.0997638,4.1338162800000005,8.358590880000001,19.18,-24.639999,35.0,1770467900.151948
3.0303482400000004,4.016527920000001,10.12988448,16.870001,26.25,42.419998,1770467900.159945
2.28831984,3.5186508,12.358363319999999,16.450001,74.410004,39.060001,1770467900.167943
0.22500216000000003,3.23380764,15.436584360000001,23.450001,124.389999,27.02,1770467900.175942
-1.9268802000000003,1.9867212,19.7116254,25.9,167.929993,12.11,1770467900.183991
-3.2002966800000006,0.28484316,22.00473252,25.200001,177.869995,10.64,1770467900.192122
-5.021856720000001,-0.55771812,22.251277440000003,31.639999,154.350006,25.34,1770467900.199937
-7.12347264,-0.45718524,21.530791800000003,30.870001,105.629997,31.15,1770467900.207931
-9.761263920000001,-1.4696949600000002,20.20950252,13.02,64.330002,34.650002,1770467900.215951
-10.26153468,-2.2404470400000003,17.89485264,-10.01,18.9,3.64,1770467900.223957
-9.71339112,-3.0854019600000004,15.71664024,-29.26,-28.91,-5.88,1770467900.231948
-8.179067880000002,-3.4540225200000005,14.16556152,-38.57,-73.43,-19.809999,1770467900.239962
-6.383837880000001,-3.46359708,12.83469768,-46.970001,-99.889999,-29.68,1770467900.248059
-4.4761068,-3.19072212,11.61633492,-48.23,-116.550003,-31.43,1770467900.255974
-2.7646542000000003,-2.86518708,10.347705720000002,-48.860001,-122.080002,-33.810001,1770467900.263955
-1.27820376,-1.99390212,9.05274648,-47.880001,-122.010002,-25.129999,1770467900.271945
0.009574560000000001,-0.9526687200000001,7.7003398800000005,-44.66,-120.330002,-17.85,1770467900.279934
0.7420284,-0.11728836000000001,6.6064464,-38.009998,-113.120003,-8.12,1770467900.287934
1.10825532,0.19388484,5.651384040000001,-29.75,-100.870003,-9.66,1770467900.295992
2.8843362000000003,0.14601204,4.904568360000001,-16.870001,-99.75,-7.77,1770467900.303966
3.98301696,2.73832416,3.73647204,12.32,-102.410004,11.62,1770467900.311957
3.4731716400000003,2.30507532,4.1170608,31.43,-91.980003,23.66,1770467900.319954
3.3702451200000003,2.31943716,4.03088976,27.299999,-78.330002,32.759998,1770467900.328003
2.9322090000000003,2.3816718,2.97768816,19.32,-62.580002,35.560001,1770467900.335959
2.58991848,2.13512688,1.78565544,16.799999,-43.330002,39.34,1770467900.343968
2.4630555600000004,1.44097128,1.06277616,22.68,-21.559999,37.029999,1770467900.351953
2.55162024,1.00293516,0.9598496400000001,30.52,0.91,29.4,1770467900.359952
2.6880577199999998,1.17048996,1.57501512,37.52,27.65,23.799999,1770467900.367993
3.00880548,1.6492179599999999,3.02316732,46.060001,57.82,16.799999,1770467900.375973
3.3870006000000004,2.11358412,5.17265604,46.549999,90.860001,12.11,1770467900.383964
3.6287582400000002,2.20454244,7.63331796,35.630001,124.529999,9.73,1770467900.391956
3.36545784,1.86464556,9.335196,22.889999,158.059998,9.87,1770467900.400016
2.66651496,1.15612812,10.735475400000002,12.88,194.460007,15.82,1770467900.407939
1.8239536800000002,0.34229052,12.82512312,13.51,222.389999,18.41,1770467900.415978
0.41170608000000003,0.0718092,15.608926440000001,16.52,238.699997,27.02,1770467900.42413
-1.7760808799999999,0.5289944400000001,19.53449604,17.639999,248.360001,27.860001,1770467900.431962
-3.87051588,0.16516116,23.17282884,16.66,233.589996,32.900002,1770467900.43996
-5.62026672,-0.37580148,22.78266552,9.66,191.309998,45.220001,1770467900.44797
-7.32693204,-0.6558573600000001,19.8432756,0.35,133.070007,56.0,1770467900.456045
-11.709686880000001,-3.5449808400000005,17.385007320000003,-20.51,110.110001,47.599998,1770467900.463982
-10.204087320000001,-2.36730996,15.07753836,-30.59,81.620003,20.16,1770467900.471957
-10.699570800000002,-2.8795489200000004,14.292424440000001,-35.209999,67.760002,25.200001,1770467900.480017
-11.01313764,-2.72396232,13.83045192,-43.540001,55.790001,7.7,1770467900.487971
-10.926966600000002,-2.31225624,12.85624044,-46.689999,42.209999,-0.56,1770467900.495975
-10.532016000000002,-1.3859175600000002,11.02031856,-48.650002,24.99,-16.17,1770467900.503965
-9.876158640000002,-0.14122476,9.00726732,-49.98,6.44,-31.43,1770467900.511953
-8.9402454,0.53378172,7.5495405600000005,-46.34,-15.89,-45.009998,1770467900.519948
-7.803266400000001,1.09149984,6.62798916,-38.080002,-38.080002,-58.73,1770467900.527966
-6.774001200000001,1.47448224,6.048728280000001,-22.889999,-54.25,-63.419998,1770467900.536025
-5.747129640000001,1.6228879200000002,5.53648932,-13.02,-67.339996,-64.68,1770467900.543981
-4.8830256,1.58698332,4.81600368,-5.74,-76.370003,-58.380001,1770467900.551954
-4.11945444,1.68033528,3.8346112800000003,-5.88,-84.139999,-56.139999,1770467900.55995
-3.37263876,1.8718264800000002,2.79337788,-4.2,-93.660004,-53.549999,1770467900.567953
-2.6210358,2.2380534,1.9029438000000003,-3.36,-102.970001,-49.419998,1770467900.576316
-1.8909756,2.50374744,1.1848518000000001,-3.43,-115.010002,-44.52,1770467900.584002
-1.1992136400000002,2.8484316,0.7180920000000001,-4.2,-126.419998,-39.549999,1770467900.591953
-0.67500648,2.5707693600000003,0.6223464,-2.52,-137.410004,-36.259998,1770467900.599958
-0.32792868000000003,2.04895584,0.7468156800000001,-5.88,-144.339996,-37.380001,1770467900.607948
3.6143964,4.14578448,0.34947144,5.39,-156.100006,-24.5,1770467900.616069
2.12555232,2.8197079200000004,1.6970907600000003,20.299999,-158.059998,0.56,1770467900.624014
2.4750237600000005,2.80534608,3.1213065600000003,31.99,-141.610001,16.1,1770467900.631934
2.7646542000000003,3.0159864,4.9787712,46.970001,-111.510002,16.940001,1770467900.639945
3.1643920800000003,3.5569490400000006,7.08038712,53.200001,-65.239998,16.379999,1770467900.647986
3.37981968,4.1649336,9.17242848,57.049999,-10.36,15.82,1770467900.655947
3.0854019600000004,4.53355416,11.00116944,55.650002,47.18,17.57,1770467900.663964
2.13273324,4.191263640000001,12.82033584,51.310001,99.400002,17.639999,1770467900.671957
-0.15798024000000002,3.51625716,15.51318084,56.279999,149.940002,7.63,1770467900.680009
-2.7646542000000003,2.25720252,19.608698880000002,51.799999,192.5,-11.34,1770467900.688043
-4.50961776,0.50984532,21.70552752,50.75,206.850006,-9.17,1770467900.696168
-6.182772120000001,-0.32074776000000005,21.78691128,50.189999,179.410004,6.58,1770467900.703992
-8.81338248,-0.6821874000000001,20.8126998,38.290001,128.380005,24.780001,1770467900.71194
-12.940017840000001,-3.9495060000000004,20.566154880000003,6.79,90.510002,16.24,1770467900.719951
-12.63123828,-4.72265172,18.47411352,-15.4,25.41,-2.8,1770467900.727947
-11.84133708,-5.2684016399999996,16.473030480000002,-31.290001,-37.59,-8.12,1770467900.735948
-9.9695106,-5.021856720000001,14.6969496,-44.029999,-92.330002,-23.030001,1770467900.744032
-7.64528616,-4.27982832,13.01900796,-51.450001,-130.759995,-24.85,1770467900.751948
-5.469467400000001,-3.1404556800000005,11.42484372,-50.959999,-153.860001,-26.389999,1770467900.759952
-3.4588098,-1.9173056400000001,10.1370654,-52.009998,-162.679993,-23.799999,1770467900.767951
-1.65879252,-0.42128064000000004,9.02641644,-46.200001,-161.630005,-17.5,1770467900.775954
-0.19867212,0.8712849600000001,8.07135408,-38.220001,-159.179993,-10.01,1770467900.783983
0.62474004,1.2399055200000002,7.32693204,-35.419998,-150.639999,-5.39,1770467900.792085
1.00772244,0.83059308,6.30484776,-31.85,-135.309998,-7.56,1770467900.799959
2.67608952,1.11543624,5.0960595600000005,-34.790001,-132.440002,-7.98,1770467900.807939
3.0830083200000002,2.0465622,4.0931244,-23.450001,-132.300003,18.129999,1770467900.815953
2.99205,2.3912463600000002,3.2840740800000003,-17.43,-126.209999,27.93,1770467900.82413
2.70002592,2.65215312,2.39364,-16.870001,-114.519997,30.52,1770467900.831948
2.55162024,2.61624852,1.39788576,-16.309999,-99.75,35.0,1770467900.839953
2.54683296,2.41039548,0.55532448,-14.42,-80.989998,31.780001,1770467900.847951
2.70002592,1.9292738400000002,0.08138376,-3.01,-58.52,28.07,1770467900.856062
2.9585390400000002,1.48166316,0.27287496,12.32,-31.92,22.959999,1770467900.86396
3.3271596000000003,1.51038684,1.4720886,27.790001,0.63,17.709999,1770467900.871947
3.87290952,1.8766137600000001,3.6862056,36.540001,39.619999,13.02,1770467900.879989
4.4641386,2.35055448,6.51309444,37.52,78.959999,7.35,1770467900.887947
4.9308984,2.333799,8.98333092,35.0,119.279999,5.6,1770467900.895974
4.86627012,1.8742201200000002,10.5798888,33.459999,157.919998,4.13,1770467900.90404
4.39951032,1.24708644,11.47989744,33.18,190.75,6.37,1770467900.91195
3.42769248,0.7803266400000001,12.805973999999999,41.02,215.179993,13.09,1770467900.919953
1.9149120000000002,0.71569836,15.18046488,48.09,232.259995,21.07,1770467900.927951
-0.05744736,0.8138376,19.390877640000003,52.990002,239.050003,25.059999,1770467900.935997
-2.54683296,0.28005588000000003,23.089051440000002,44.52,228.059998,32.130001,1770467900.944018
-4.85669556,-0.27526860000000003,23.15128608,21.209999,194.949997,42.07,1770467900.951945
-6.56336088,-0.7587838800000001,20.949137280000002,1.12,149.589996,60.34,1770467900.960018
-8.90194716,-1.43139672,18.42624072,-14.7,122.5,60.619999,1770467900.96793
-9.86658408,-2.5228965600000004,15.68791656,-33.669998,103.599998,29.049999,1770467900.976215
-9.9216378,-4.2319555200000005,14.23497708,-34.650002,90.160004,21.84,1770467900.984546
-10.33334388,-4.0931244,12.580971840000002,-35.560001,77.349998,9.66,1770467900.991984
-10.39318488,-3.66466284,10.85755104,-35.77,66.57,-7.07,1770467900.999971
-10.19451276,-2.6880577199999998,9.16285392,-39.130001,51.099998,-21.559999,1770467901.007967
-9.66073104,-1.7114526,7.908586560000001,-37.450001,32.060001,-36.540001,1770467901.016108
-8.95939452,-0.63910188,6.97267332,-33.880001,9.87,-53.900002,1770467901.023963
-8.131195080000001,0.27526860000000003,6.43410432,-24.290001,-11.2,-60.060001,1770467901.031937
-7.26709104,0.83059308,6.09420744,-12.81,-27.65,-66.919998,1770467901.039951
-6.39819972,1.1848518000000001,5.58675576,-5.11,-42.0,-69.160004,1770467901.047953
-5.529308400000001,1.3739493600000001,4.77770544,2.03,-53.549999,-67.690002,1770467901.056018
-4.6915344,1.71384624,3.6742374,4.9,-66.220001,-64.889999,1770467901.063966
-3.7436529600000004,2.0824668,2.64736584,7.0,-81.760002,-61.18,1770467901.071963
-2.91784716,2.3768845200000004,1.7880490800000002,7.21,-99.190002,-51.310001,1770467901.079958
-2.0681049600000003,2.69045136,1.18724544,3.99,-115.57,-45.220001,1770467901.087942
-1.43857764,2.72396232,0.89282772,0.91,-133.0,-36.68,1770467901.095973
-1.17527724,2.22129792,1.0579888800000001,-1.68,-146.649994,-32.48,1770467901.104044
-0.32792868000000003,2.39364,1.2255436800000001,0.0,-146.089996,-23.59,1770467901.111945
2.43911916,3.78434484,1.3404384000000003,11.9,-151.339996,3.78,1770467901.119942
1.5079932,2.5611948,2.97768816,21.98,-143.5,18.83,1770467901.127942
1.9532102400000002,2.79337788,4.78009908,35.560001,-122.080002,27.790001,1770467901.135941
2.14709508,3.1763602800000004,7.01097156,47.110001,-82.669998,27.790001,1770467901.143937
2.31943716,3.71732292,9.392643360000001,52.220001,-31.639999,31.43,1770467901.151949
2.2141170000000003,4.083549840000001,11.46074832,54.110001,22.190001,31.709999,1770467901.160041
1.1585217600000002,3.8465794800000004,12.937624200000002,55.02,71.540001,33.669998,1770467901.167977
-1.1010744000000001,3.45162888,15.37195608,60.200001,117.879997,24.08,1770467901.175942
-4.0691880000000005,2.86997436,18.80443584,66.639999,159.039993,3.22,1770467901.183952
-5.88596076,1.7449635600000002,20.456047440000003,58.66,169.259995,-4.41,1770467901.191938
-7.405922160000001,0.9981478800000001,20.70019872,52.5,136.289993,-0.49,1770467901.199967
-8.98333092,0.20106576,20.34594,34.23,87.709999,1.19,1770467901.208017
-12.19080852,-4.10030532,20.71216692,5.11,49.419998,-1.61,1770467901.215952
-10.82882736,-4.72504536,18.87863868,-12.11,-9.31,-23.940001,1770467901.223939
-9.6703056,-5.639415840000001,16.7195754,-28.0,-61.110001,-25.969999,1770467901.231941
-7.76257452,-5.18701788,14.763971520000002,-34.580002,-101.639999,-32.689999,1770467901.239943
-5.529308400000001,-4.48568136,13.009433400000002,-44.310001,-128.520004,-29.190001,1770467901.247941
-3.6239709600000003,-4.016527920000001,11.5732494,-49.139999,-142.869995,-30.799999,1770467901.255939
-1.9053374400000003,-2.65215312,10.15142724,-52.009998,-147.839996,-26.32,1770467901.263952
-0.39255696000000007,-1.03644612,8.85886164,-51.450001,-143.850006,-15.75,1770467901.272012
0.57207996,0.5266008,7.5495405600000005,-48.299999,-136.289993,-5.88,1770467901.27995
0.9694242000000001,0.7899012,6.65910648,-46.900002,-122.43,1.12,1770467901.287924
1.2016072800000002,0.9000086400000001,5.737555080000001,-44.869999,-104.580002,-0.21,1770467901.295978
5.026644,2.4127891200000002,4.37796756,-28.35,-103.110001,13.79,1770467901.304001
2.7287496000000004,2.60428032,4.10987988,-18.129999,-93.730003,33.529999,1770467901.312072
2.56358844,2.65933404,3.6024282000000003,-12.67,-81.339996,39.689999,1770467901.319977
2.34097992,2.89869804,2.8867298400000005,-17.01,-68.669998,39.41,1770467901.327946
2.1662442,3.0135927600000003,2.27156436,-18.200001,-52.43,40.389999,1770467901.335946
1.8933692400000002,2.67608952,1.5845896800000001,-18.76,-34.580002,36.540001,1770467901.343961
1.68990984,2.15188236,0.9287323200000001,-13.02,-15.26,37.59,1770467901.351949
1.555866,1.65400524,0.6008036400000001,-4.55,2.87,31.08,1770467901.360079
1.6659734400000001,1.1824581600000001,1.00293516,3.78,23.66,24.219999,1770467901.367952
1.75693176,1.15612812,2.30268168,17.85,48.650002,18.27,1770467901.375955
2.10879684,1.4146412400000001,4.4904686400000005,28.209999,74.620003,12.6,1770467901.383959
2.59949304,1.80959184,7.09474896,35.98,100.870003,8.26,1770467901.391951
2.89391076,2.21651064,9.581740920000001,47.740002,127.889999,-0.49,1770467901.400042
2.7694414800000002,2.1111904800000003,11.518195680000002,53.34,150.919998,1.89,1770467901.407942
2.15188236,2.03220036,13.284702000000001,58.869999,171.710007,0.98,1770467901.415973
1.0555952400000002,2.02501944,15.10865568,62.23,181.649994,14.0,1770467901.42412
-0.46436616000000003,1.81677276,17.80628796,54.459999,184.169998,14.7,1770467901.431946
-2.08007316,1.4577267600000001,21.731857559999998,44.450001,169.259995,21.42,1770467901.439955
-4.13860356,0.02872368,23.206339800000002,31.780001,142.869995,33.950001,1770467901.447952
-5.31866808,-0.38537604000000003,21.93292332,17.780001,102.620003,46.900002,1770467901.456001
-6.53224356,-0.19388484,19.73077452,10.99,70.419998,54.880001,1770467901.464002
-7.02772704,-1.6731543600000003,17.9283636,-3.92,53.200001,51.799999,1770467901.472087
-7.8511392,-3.5018953200000005,16.128346320000002,-28.0,54.950001,25.129999,1770467901.480016
-8.15991876,-4.19844456,14.752003320000002,-43.330002,62.509998,19.950001,1770467901.48794
-8.5333266,-4.01892156,13.124328120000001,-46.41,66.080002,4.55,1770467901.495967
-8.73917964,-3.1596048,11.125638720000001,-46.900002,66.220001,-7.77,1770467901.504098
-8.76790332,-2.1375205200000003,9.25381224,-48.09,60.41,-25.620001,1770467901.511947
-8.65779588,-0.9813924,7.95167208,-46.48,45.779999,-35.84,1770467901.519949
-8.248483440000001,0.2034594,7.111504440000001,-44.450001,25.129999,-49.84,1770467901.52802
-7.683584400000001,0.85213584,6.64474464,-36.189999,2.1,-56.91,1770467901.535941
-6.999003360000001,1.2590546400000002,6.0200046,-25.129999,-18.129999,-57.959999,1770467901.543961
-6.285698640000001,1.4912377200000002,5.249252520000001,-16.450001,-34.299999,-61.389999,1770467901.551949
-5.45031828,1.68033528,4.3612120800000005,-10.85,-48.580002,-58.59,1770467901.55995
-4.49525592,1.96996572,3.40614972,-6.37,-61.459999,-58.73,1770467901.567946
-3.5928536400000004,2.3984272800000004,2.58752484,0.77,-77.139999,-55.439999,1770467901.576338
-2.62821672,2.7766224000000004,1.98432756,6.65,-91.419998,-52.919998,1770467901.583972
-1.8359218800000001,2.8963044,1.6228879200000002,9.31,-105.629997,-48.720001,1770467901.591951
-1.3069274400000002,2.7646542000000003,1.4577267600000001,11.76,-120.75,-50.400002,1770467901.600149
-0.8018694,2.7167814000000003,1.30214016,10.01,-126.769997,-48.720001,1770467901.607943
0.89282772,2.6018866800000002,1.65639888,13.79,-142.100006,-30.1,1770467901.615982
1.4577267600000001,2.8484316,1.7712936000000001,26.110001,-140.770004,-0.56,1770467901.624097
1.6492179599999999,2.752686,2.71917504,30.1,-132.440002,13.02,1770467901.63196
1.93406112,3.0279546,4.02370884,38.43,-109.269997,20.65,1770467901.63995
2.2955007600000004,3.41572428,5.94580176,41.23,-72.519997,27.58,1770467901.647955
2.54204568,3.7915257600000003,8.198217,42.77,-29.75,26.809999,1770467901.655983
2.64975948,3.90402684,10.23041736,49.630001,20.16,29.049999,1770467901.664036
2.1901806,3.52343808,12.26261772,53.060001,64.050003,27.790001,1770467901.671947
0.6702192000000001,2.65933404,14.883653520000001,62.860001,105.07,19.389999,1770467901.679965
-2.5755566400000003,2.3768845200000004,18.23235588,69.790001,148.75,-3.29,1770467901.688136
-4.42105308,1.2087882,21.10711752,62.299999,172.690002,-6.72,1770467901.695944
-5.804577,0.19867212,21.53318544,50.400002,158.270004,0.63,1770467901.703979
-7.669222560000001,-0.48351528,20.2382262,32.200001,118.860001,19.389999,1770467901.711951
-10.35728028,-2.92502808,20.377057320000002,6.44,84.559998,25.83,1770467901.719949
-10.88148744,-4.91174928,18.5866146,-18.200001,34.790001,-4.34,1770467901.727966
-10.510473240000001,-6.24021948,17.02356768,-31.08,-17.99,-8.33,1770467901.735936
-9.1676412,-6.33596508,15.429403440000002,-38.290001,-66.010002,-22.190001,1770467901.743968
-7.4322522,-5.467073760000001,13.8472074,-46.759998,-97.510002,-24.15,1770467901.751953
-5.44074372,-4.48568136,12.48043896,-51.099998,-116.900002,-28.77,1770467901.759979
-3.67902468,-3.0159864,11.120851440000001,-56.139999,-124.739998,-27.299999,1770467901.767978
-2.09682864,-1.256661,9.878552280000001,-54.32,-123.900002,-24.709999,1770467901.77596
-0.75160296,0.40213152,8.7128496,-49.560001,-118.089996,-15.47,1770467901.783951
0.0718092,1.50320592,7.5519342,-45.919998,-110.529999,-6.51,1770467901.79196
0.27766224,1.34522568,6.64953192,-38.639999,-96.040001,-7.91,1770467901.800154
0.9095832,1.7712936000000001,5.577181200000001,-32.900002,-86.099998,-13.02,1770467901.807948
3.11891292,3.8058876000000006,4.2750410400000005,-9.66,-92.959999,6.23,1770467901.815971
2.3481608400000002,3.5880663600000005,4.179295440000001,1.12,-85.540001,18.129999,1770467901.824144
2.30268168,3.8082812400000003,3.49232076,1.54,-80.57,20.719999,1770467901.831944
2.1973615200000003,3.9566869200000006,2.74550508,2.45,-72.239998,19.25,1770467901.839953
2.03938128,3.4181179200000003,2.02741308,-2.1,-60.200001,24.01,1770467901.847948
1.91012472,2.35534176,1.31410836,-4.13,-44.240002,25.27,1770467901.855973
1.93406112,1.40267304,0.9383068800000001,-0.98,-26.32,21.84,1770467901.863995
2.05134948,1.04841432,1.06756344,4.76,-6.44,15.33,1770467901.871967
2.26438344,1.02208428,2.08486044,14.98,19.530001,12.46,1770467901.87995
2.5611948,1.3069274400000002,3.99019788,23.1,49.560001,14.35,1770467901.887944
2.99683728,1.63724976,6.41974248,30.66,80.989998,7.35,1770467901.895962
3.17396664,1.8742201200000002,8.851680720000001,34.860001,112.279999,7.98,1770467901.904072
2.8867298400000005,1.79762364,10.701964440000001,41.790001,146.580002,5.6,1770467901.911938
2.25959616,1.61091972,12.46847076,47.880001,174.649994,10.43,1770467901.919944
1.17767088,1.496025,14.53657572,52.080002,190.960007,13.58,1770467901.927956
-0.28484316,1.70427168,17.49511476,54.110001,197.820007,20.719999,1770467901.936108
-2.2021488000000002,1.8694328400000002,21.76536852,48.16,191.309998,25.76,1770467901.943963
-4.30137108,1.12979808,24.01060284,31.43,165.619995,34.23,1770467901.951949
-5.7327678,0.66782556,22.11962724,12.11,124.18,39.48,1770467901.959951
-6.400593360000001,-0.0119682,19.24725924,-6.79,81.269997,55.23,1770467901.967948
-7.74581904,-1.31410836,17.217452520000002,-22.120001,65.519997,58.73,1770467901.97617
-8.91152172,-3.7747702800000003,16.12355904,-46.970001,69.230003,35.560001,1770467901.984121
-8.765509680000001,-4.58142696,14.728066920000002,-54.32,67.760002,22.4,1770467901.991981
-9.18439668,-4.6963216800000005,13.172200920000002,-54.529999,69.160004,5.74,1770467901.999999
-9.45727164,-4.19844456,11.362609080000002,-54.880001,70.489998,-8.68,1770467902.007962
-9.5625918,-3.07104012,9.48599532,-49.84,62.23,-18.620001,1770467902.015937
-9.380675160000001,-1.6204942800000002,7.90379928,-48.09,43.540001,-36.119999,1770467902.024008
-9.03120372,-0.37819512000000005,6.87692772,-42.139999,17.5,-44.099998,1770467902.032003
-8.37295272,0.38058875999999997,6.276124080000001,-34.299999,-6.3,-55.02,1770467902.039945
-7.501667760000001,0.9407005200000002,5.7662787600000005,-22.33,-32.689999,-59.849998,1770467902.047949
-6.4269234,1.2805974,5.2181352,-10.78,-51.59,-60.060001,1770467902.055949
-5.263614360000001,1.69469712,4.5981824399999995,1.54,-66.010002,-62.650002,1770467902.063962
-4.191263640000001,2.1207650399999998,3.8106748800000005,7.77,-79.239998,-63.0,1770467902.071986
-3.0973701600000005,2.42236368,3.10933836,14.77,-91.699997,-58.869999,1770467902.079963
-2.2141170000000003,2.8316761200000005,2.4510873600000003,15.75,-102.059998,-52.43,1770467902.087944
-1.50081228,2.97768816,1.85985828,17.639999,-114.660004,-46.689999,1770467902.095941
-1.13937264,2.6689086000000004,1.6396434000000002,14.35,-122.779999,-44.450001,1770467902.104147
-0.8329867200000001,2.85321888,1.23511824,15.89,-124.18,-42.139999,1770467902.111927
2.79098424,3.7508338800000005,0.67261284,25.690001,-140.630005,-20.370001,1770467902.119948
1.46490768,2.59470576,1.77368724,35.77,-138.949997,5.74,1770467902.127941
1.76171904,2.5492266,2.49177924,44.099998,-131.179993,15.82,1770467902.135943
1.8957628800000002,2.47023648,3.5521617599999997,46.060001,-112.0,24.780001,1770467902.143955
2.13512688,2.55640752,5.1343578,45.080002,-81.690002,25.76,1770467902.152048
2.2500216,2.7838033200000005,7.164164520000001,46.830002,-40.110001,26.040001,1770467902.159956
2.24762796,2.7694414800000002,9.31844052,47.529999,12.32,29.610001,1770467902.167928
1.7784745200000003,2.5013538,11.62351584,50.959999,62.509998,24.780001,1770467902.175941
0.27048132,1.8909756,13.751461800000001,58.73,107.660004,20.16,1770467902.183939
-2.73832416,1.3117147200000001,16.4921796,64.470001,152.949997,7.56,1770467902.191943
-4.962015720000001,1.11064896,19.28316384,70.769997,176.330002,-1.82,1770467902.199955
-7.45858224,0.22978944,20.6690814,53.549999,172.619995,-0.35,1770467902.208003
-9.50514444,-1.0795316400000001,20.166417,34.439999,134.960007,3.08,1770467902.216056
-12.64799376,-4.01413428,19.8432756,11.48,90.089996,2.59,1770467902.223987
-12.21713856,-4.58621424,18.73741392,-8.47,30.450001,-11.48,1770467902.231942
-11.702505960000002,-5.4311691600000005,17.55256212,-17.780001,-34.02,-21.49,1770467902.239933
-10.0054152,-5.567606640000001,16.15946364,-26.809999,-84.910004,-24.92,1770467902.247921
-7.78172364,-4.8471210000000005,14.71849236,-34.09,-124.18,-29.75,1770467902.255944
-5.464680120000001,-3.5425872000000003,13.399596720000002,-39.900002,-148.330002,-31.57,1770467902.263993
-3.36545784,-2.1710314800000003,12.24107496,-44.099998,-155.75,-34.509998,1770467902.27195
-1.4936313600000002,-0.66064464,11.120851440000001,-49.139999,-156.660004,-31.08,1770467902.279935
0.07899012000000001,0.89282772,9.81153036,-50.330002,-149.660004,-22.68,1770467902.287927
0.39255696000000007,1.75214448,8.39928276,-48.439999,-135.100006,-22.610001,1770467902.296006
0.8329867200000001,1.6516116,6.9439496400000005,-47.810001,-117.110001,-25.27,1770467902.304104
3.26253132,4.25589192,5.119995960000001,-28.77,-121.730003,10.5,1770467902.311942
2.75507964,3.5330126400000004,4.806429120000001,-21.559999,-109.199997,22.75,1770467902.319955
2.6856640800000005,3.7077483600000005,3.97583604,-18.9,-101.919998,32.619999,1770467902.32795
2.6330040000000006,3.8465794800000004,3.20269032,-14.42,-92.889999,28.42,1770467902.335947
2.48459832,3.9806233200000003,2.45826828,-14.35,-80.43,33.110001,1770467902.343965
2.27156436,3.8298240000000003,1.6444306800000001,-14.42,-65.449997,28.49,1770467902.351953
2.05374312,3.31758504,0.8545294800000001,-11.55,-48.790001,28.280001,1770467902.359949
1.855071,2.69523864,0.26808768000000005,-5.88,-25.76,21.07,1770467902.367949
1.9029438000000003,2.1806060400000002,0.20824668000000002,1.12,-2.1,16.940001,1770467902.375996
1.94363568,1.93166748,0.81623124,11.76,23.52,4.9,1770467902.383966
2.2978944,2.09204136,2.23326612,20.23,54.110001,1.68,1770467902.391949
2.63539764,2.40800184,4.308552,29.26,82.529999,-3.43,1770467902.400038
3.0135927600000003,2.6018866800000002,6.53703084,35.07,114.309998,-7.28,1770467902.407989
3.051891,2.7598669200000003,8.70806232,38.639999,143.289993,-8.12,1770467902.415956
2.8316761200000005,2.6234294400000002,10.82643372,44.029999,171.710007,-9.31,1770467902.423968
2.19975516,2.34097992,12.82272948,43.400002,191.380005,-2.31,1770467902.43195
0.7899012,2.2260852000000004,14.89083444,43.330002,202.860001,2.1,1770467902.440045
-0.85213584,2.2260852000000004,18.13900392,37.799999,207.130005,6.44,1770467902.447977
-2.9274217200000003,1.4720886,22.12202088,35.630001,197.679993,17.360001,1770467902.455951
-5.02425036,-0.11010744,23.752089720000004,28.98,167.720001,26.6,1770467902.463966
-6.0583028400000005,-0.3710142,22.10047812,20.790001,118.440002,43.75,1770467902.471954
-7.56868968,-0.59841,19.38369672,7.14,79.449997,53.619999,1770467902.480074
-10.01259612,-4.46174496,17.82304344,-19.32,68.18,45.080002,1770467902.487955
-8.72721144,-4.56945876,15.47727624,-28.139999,59.849998,25.34,1770467902.495956
-8.97615,-5.09127228,14.42646828,-38.779999,56.630001,16.940001,1770467902.503973
-9.14849208,-4.82797188,13.06209348,-39.200001,54.040001,5.25,1770467902.511989
-9.27774864,-3.97822968,11.29558716,-42.630001,52.849998,-6.86,1770467902.519947
-9.27056772,-2.6306103600000004,9.54822996,-41.509998,47.880001,-22.68,1770467902.527946
-9.00487368,-1.27820376,8.22694068,-41.860001,36.119999,-35.349998,1770467902.535941
-8.562050280000001,-0.21782124000000003,7.1713454400000005,-34.790001,16.73,-47.25,1770467902.54404
-7.997151240000001,0.53378172,6.5442117600000005,-25.9,-1.47,-57.610001,1770467902.551971
-7.3436875200000005,1.10825532,6.060696480000001,-8.75,-19.110001,-59.43,1770467902.559949
-6.62320188,1.5606532800000001,5.43595644,-2.1,-29.82,-67.129997,1770467902.567944
-5.8285134,1.9532102400000002,4.5981824399999995,5.11,-38.639999,-64.540001,1770467902.575957
-4.926111120000001,2.33619264,3.62157732,9.24,-50.259998,-64.75,1770467902.583975
-3.97104876,2.68327044,2.8675807200000003,11.55,-62.23,-63.77,1770467902.591946
-3.0830083200000002,3.19790304,2.1782124,14.98,-76.370003,-56.630001,1770467902.599977
-2.4798110400000004,3.2074776,1.78086816,15.68,-93.800003,-54.669998,1770467902.607964
-1.9412420400000001,2.89391076,1.6037388,15.12,-111.230003,-55.439999,1770467902.61594
-0.76357116,3.35588328,1.26623556,22.75,-124.529999,-46.200001,1770467902.623985
0.8138376,3.8106748800000005,1.4936313600000002,37.450001,-145.389999,-26.32,1770467902.631953
1.4122476000000002,3.65748192,2.28113892,57.049999,-151.759995,-11.27,1770467902.639946
1.8478900800000002,3.86333496,3.3941815200000005,72.870003,-148.539993,-0.35,1770467902.647953
2.3170435200000004,4.09791168,4.80164184,79.940002,-131.389999,7.28,1770467902.655986
2.64975948,4.35403116,6.61123368,76.440002,-99.190002,10.01,1770467902.664119
2.74550508,4.36599936,8.24130252,59.080002,-53.130001,18.969999,1770467902.671932
2.6784831600000003,3.9854106000000002,9.392643360000001,39.34,-2.03,26.6,1770467902.679949
2.0417749200000004,3.1763602800000004,10.670847120000001,16.1,48.09,31.15,1770467902.687946
0.59841,2.43672552,12.6743238,0.98,94.290001,23.940001,1770467902.695944
-2.3649163200000003,1.9149120000000002,15.90334416,-8.33,147.630005,3.92,1770467902.704028
-3.61200276,-0.33032232,19.94380848,-14.56,186.270004,-2.52,1770467902.71197
-4.59339516,-1.6875162000000001,21.71270844,-3.78,185.919998,17.360001,1770467902.719942
-6.884108640000001,-2.04895584,21.427865280000002,3.99,150.639999,42.560001,1770467902.728048
-11.60436672,-5.23249704,21.123873000000003,-8.96,120.75,34.369999,1770467902.735943
-11.78149608,-5.01228216,18.581827320000002,-13.37,67.830002,5.04,1770467902.743959
-11.554100280000002,-4.81839732,16.528084200000002,-22.26,9.52,-0.35,1770467902.751932
-10.335737520000002,-4.13860356,14.799876120000002,-24.43,-49.560001,-16.66,1770467902.759948
-8.456730120000001,-3.1213065600000003,13.4402886,-34.09,-91.980003,-27.09,1770467902.767989
-6.34793328,-2.16145692,12.233894040000001,-36.189999,-117.529999,-34.369999,1770467902.775954
-4.13860356,-1.39788576,11.051435880000001,-39.060001,-133.279999,-42.77,1770467902.783946
-2.32661808,-0.39734424,9.75647664,-43.189999,-137.410004,-36.400002,1770467902.791974
-0.77553936,0.56968632,8.382527280000001,-41.369999,-136.080002,-29.4,1770467902.799953
0.11489472,1.10825532,7.140228120000001,-45.57,-130.270004,-15.61,1770467902.807968
0.2513322,1.0795316400000001,5.91468444,-46.34,-117.110001,-10.43,1770467902.816039
0.8736786000000001,0.8377740000000001,4.80164184,-50.540001,-105.910004,-4.62,1770467902.823967
1.7712936000000001,1.9962957600000002,3.61679004,-48.439999,-101.010002,10.85,1770467902.831958
2.04895584,2.41039548,2.8867298400000005,-34.439999,-98.209999,27.370001,1770467902.839957
1.9173056400000001,2.67130224,2.67130224,-30.66,-92.190002,33.389999,1770467902.847954
1.79762364,2.70720684,2.38885272,-26.67,-79.940002,32.759998,1770467902.856081
1.7593254,2.41997004,1.88858196,-24.01,-66.290001,31.43,1770467902.863959
1.72820808,1.94363568,1.21118184,-17.01,-49.98,28.98,1770467902.871951
1.86464556,1.4553331200000001,0.81623124,-2.31,-32.549999,20.860001,1770467902.879956
1.9508166000000002,1.3404384000000003,1.18006452,13.44,-10.92,11.76,1770467902.887989
2.2619898000000003,1.5798024,2.47023648,26.879999,14.77,8.19,1770467902.896073
2.71917504,2.04895584,4.806429120000001,39.200001,45.080002,1.33,1770467902.904252
3.2912550000000005,2.6330040000000006,7.475337720000001,45.009998,75.18,-0.56,1770467902.912091
3.6359391600000004,2.79098424,9.557804520000001,52.43,105.07,-3.92,1770467902.919957
3.54019356,2.6689086000000004,10.831221000000001,55.23,132.580002,-4.62,1770467902.92795
3.09497652,2.41039548,12.21713856,59.290001,154.279999,3.57,1770467902.935965
2.08725408,2.23565976,13.923803880000001,63.07,170.729996,7.84,1770467902.943994
0.40213152,2.0345940000000002,15.86504592,56.490002,181.720001,13.79,1770467902.951949
-1.13937264,1.24229916,19.015076160000003,51.380001,180.740005,16.24,1770467902.959988
-2.9752945200000003,-0.24893856,21.834784080000002,38.220001,167.020004,28.139999,1770467902.967957
-4.54312872,-0.97181784,21.85153956,30.870001,136.360001,40.529999,1770467902.976164
-5.95537632,-1.36198116,20.5015266,19.809999,104.720001,57.470001,1770467902.984624
-7.86071376,-2.36252268,18.4789008,5.46,103.110001,61.389999,1770467902.991978
-9.05753376,-3.7819512,16.724362680000002,-8.19,94.080002,29.82,1770467902.999969
-9.5386554,-4.13860356,15.47009532,-21.629999,89.389999,17.639999,1770467903.007969
-10.060468920000002,-3.6550882799999997,14.12965692,-30.24,83.790001,4.13,1770467903.015966
-10.44105768,-2.7335368800000004,12.389480640000002,-35.139999,74.339996,-11.9,1770467903.023977
-10.42908948,-1.6037388,10.517654160000001,-40.880001,59.779999,-24.15,1770467903.031966
-10.04850072,-0.50027076,8.65061496,-43.189999,39.830002,-40.18,1770467903.039958
-9.392643360000001,0.37580148,7.46097588,-38.220001,15.12,-52.290001,1770467903.047952
-8.566837560000002,1.02208428,6.73091568,-28.0,-8.96,-62.09,1770467903.055999
-7.616562480000001,1.5151741200000002,6.182772120000001,-14.21,-29.959999,-66.150002,1770467903.063986
-6.546605400000001,1.4912377200000002,5.5891494,-6.3,-44.799999,-66.150002,1770467903.071966
-5.6011176,1.7497508400000001,4.794460920000001,4.34,-61.25,-68.389999,1770467903.079962
-4.753769040000001,2.31464988,3.9088141199999997,4.9,-74.900002,-66.360001,1770467903.087942
-3.83221764,3.0279546,3.10933836,3.36,-85.120003,-64.889999,1770467903.095943
-3.00641184,3.48035256,2.5252902,5.18,-100.239998,-64.330002,1770467903.10402
-2.4654492,3.5880663600000005,2.1806060400000002,2.31,-111.019997,-66.220001,1770467903.112111
-1.4673013200000002,4.0476452400000005,1.6994844000000002,1.82,-115.849998,-60.619999,1770467903.119974
-0.49548348,3.8034939600000004,1.4720886,4.76,-123.900002,-44.59,1770467903.127942
1.4936313600000002,3.89684592,1.46490768,14.35,-136.850006,-19.879999,1770467903.13594
1.0651698,3.2984359199999997,1.9723593600000002,25.620001,-143.990005,-5.53,1770467903.143955
1.4912377200000002,2.9082726,2.70720684,34.860001,-138.179993,7.49,1770467903.151973
1.8359218800000001,2.65454676,3.91599504,47.529999,-120.330002,14.28,1770467903.160021
2.10161592,2.64736584,5.529308400000001,54.110001,-89.110001,19.530001,1770467903.167939
2.1183714,2.8316761200000005,7.4418267600000005,57.610001,-42.630001,24.15,1770467903.175943
1.8526773600000002,3.10933836,9.12934296,53.759998,10.08,30.17,1770467903.183941
1.2231500400000002,2.90109168,10.891062000000002,46.130001,55.93,31.639999,1770467903.191942
-0.17473572,2.17581876,12.67193016,41.860001,96.739998,25.34,1770467903.19994
-2.96093268,1.21836276,15.34083876,37.310001,134.610001,12.67,1770467903.207964
-5.19659244,0.85213584,18.12464208,37.099998,159.320007,9.73,1770467903.216043
-7.618956120000001,-0.37580148,20.0587032,27.65,158.410004,9.31,1770467903.223969
-9.52429356,-1.8909756,19.94380848,8.54,128.380005,18.27,1770467903.231945
-11.4415992,-4.47371316,19.29034476,-3.08,73.220001,1.75,1770467903.23994
-11.901178080000001,-5.79021516,18.4549644,-9.31,11.62,-1.61,1770467903.247943
-11.22138432,-6.2521876800000005,17.20309068,-17.01,-54.25,-8.89,1770467903.25594
-9.69663564,-6.04154736,15.80759856,-22.889999,-105.0,-17.99,1770467903.26396
-7.453794960000001,-5.2684016399999996,14.52221388,-31.43,-139.649994,-25.059999,1770467903.271955
-5.1104214,-3.9806233200000003,13.37805396,-36.119999,-158.759995,-31.99,1770467903.28002
-3.00641184,-2.3649163200000003,12.43735344,-39.41,-163.729996,-37.029999,1770467903.287919
-1.13937264,-0.59601636,11.494259280000001,-44.099998,-160.649994,-36.049999,1770467903.295949
0.36383328000000004,1.06277616,10.26153468,-44.869999,-150.289993,-31.57,1770467903.303972
0.71330472,1.72820808,8.863648920000001,-48.790001,-133.0,-29.190001,1770467903.312067
1.27820376,1.6851225600000002,7.377198480000001,-51.029999,-113.330002,-34.509998,1770467903.319967
4.26546648,4.87345104,5.28515712,-38.639999,-116.410004,-10.43,1770467903.32795
3.09497652,3.26013768,5.29951896,-25.549999,-103.25,6.3,1770467903.335997
3.0638592,3.42529884,4.4904686400000005,-29.190001,-93.239998,18.76,1770467903.344067
2.8843362000000003,3.66945012,3.55934268,-31.360001,-81.970001,27.23,1770467903.351945
2.7287496000000004,3.7580147999999998,2.76704784,-35.700001,-68.809998,28.700001,1770467903.359953
2.6330040000000006,3.45162888,2.35534176,-37.099998,-52.220001,33.32,1770467903.367951
2.4726301200000003,2.94896448,1.93645476,-34.09,-33.669998,30.309999,1770467903.375949
2.33858628,2.21172336,1.33804476,-24.780001,-13.37,28.35,1770467903.384071
2.20454244,1.6635798000000002,0.8545294800000001,-12.25,5.11,23.450001,1770467903.391944
2.1303396,1.36916208,0.9478814400000001,5.88,27.09,19.040001,1770467903.399948
2.12794596,1.33804476,2.10161592,21.0,50.119999,14.0,1770467903.408057
2.38406544,1.56544056,4.009347,35.700001,76.160004,8.05,1770467903.415933
2.80534608,1.8933692400000002,6.43171068,50.189999,103.25,2.66,1770467903.423991
3.1213065600000003,2.1111904800000003,8.95939452,59.779999,127.050003,-1.05,1770467903.432042
3.10694472,2.06571132,10.88388108,64.400002,150.289993,2.45,1770467903.439947
2.6689086000000004,1.88618832,12.32245872,66.080002,168.630005,9.66,1770467903.447946
1.6468243200000001,1.55107872,13.76103636,66.779999,180.320007,20.09,1770467903.455971
0.29202408,1.0579888800000001,15.47966988,65.169998,185.639999,28.91,1770467903.463993
-1.43139672,0.37819512000000005,17.9044272,61.25,177.169998,35.0,1770467903.47196
-3.34870236,-0.36622692,20.266949880000002,48.860001,159.389999,45.080002,1770467903.479947
-4.30615836,-0.8880404399999999,20.36508912,35.349998,128.589996,58.240002,1770467903.487948
-5.28755076,-1.60134516,19.13475816,21.07,99.889999,72.449997,1770467903.496
-10.61100612,-6.11814384,18.65363652,-4.48,110.18,63.700001,1770467903.504011
-8.487847440000001,-5.505372,16.396434,-10.99,106.959999,33.110001,1770467903.51195
-9.2394504,-5.54845752,15.436584360000001,-16.24,105.839996,19.18,1770467903.519954
-9.98626608,-4.74419448,14.752003320000002,-18.34,99.330002,0.77,1770467903.528029
-10.45302588,-3.26971224,13.703589000000001,-24.219999,93.449997,-14.63,1770467903.535944
-10.462600440000001,-1.63724976,12.0998502,-28.77,78.82,-31.92,1770467903.543949
-9.98626608,-0.16755480000000003,10.110735360000001,-37.310001,55.23,-42.139999,1770467903.551962
-9.47402712,0.9359132400000001,8.1264078,-38.990002,29.959999,-52.990002,1770467903.559955
-8.679338640000001,1.4673013200000002,6.896076840000001,-39.41,3.08,-55.790001,1770467903.567958
-7.85832012,1.73778264,6.11096292,-32.34,-21.35,-59.290001,1770467903.576088
-6.96070512,2.16385056,5.40483912,-25.129999,-41.860001,-57.330002,1770467903.583969
-6.02479188,2.59949304,4.73461992,-16.450001,-57.540001,-55.580002,1770467903.591947
-5.021856720000001,3.02077368,4.10030532,-9.24,-69.440002,-56.91,1770467903.599979
-4.13142264,3.4492352400000006,3.4420543200000004,-7.35,-79.519997,-52.57,1770467903.607964
-3.3989688000000005,3.5569490400000006,3.0279546,-7.63,-88.550003,-54.110001,1770467903.615934
-2.8316761200000005,3.6981738,2.5588011600000002,-11.69,-98.139999,-55.93,1770467903.62397
-2.3098626,3.67902468,2.27874528,-12.53,-105.349998,-60.200001,1770467903.631951
-0.9263386800000001,4.04285796,1.9292738400000002,-3.57,-109.760002,-45.150002,1770467903.639977
0.05026644,3.86094132,1.94842296,5.53,-119.419998,-31.57,1770467903.648112
1.35719388,3.61200276,2.1447014400000004,16.450001,-130.899994,-12.04,1770467903.655944
1.13219172,3.25295676,2.573163,26.32,-132.160004,2.24,1770467903.663971
1.37873664,3.08061468,3.23380764,33.669998,-124.739998,14.21,1770467903.671958
1.4792695200000001,3.15721116,4.34924388,39.200001,-102.059998,24.43,1770467903.679945
1.49841864,3.3702451200000003,6.043941,40.18,-66.150002,30.940001,1770467903.688003
1.3428320400000002,3.4588098,7.79369184,36.959999,-17.639999,36.82,1770467903.696053
0.99575424,3.02077368,9.46923984,30.870001,30.1,40.389999,1770467903.703971
-0.0023936400000000003,2.10879684,10.9987758,23.66,72.519997,41.02,1770467903.71199
-2.10400956,0.9359132400000001,12.956773320000002,26.459999,111.089996,32.549999,1770467903.719959
-3.77955756,0.3111732,16.27914564,39.34,139.300003,26.67,1770467903.727951
-6.340752360000001,-0.49308984000000006,19.007895240000003,44.310001,145.740005,28.98,1770467903.735962
-8.6051358,-1.6683670800000001,19.618273440000003,35.419998,127.050003,32.200001,1770467903.743968
-10.66605984,-3.56891724,18.902575080000002,18.969999,87.43,26.040001,1770467903.751947
-11.28361896,-5.01706944,18.23235588,13.23,31.5,17.15,1770467903.759948
-11.24532072,-5.756704200000001,17.41133736,4.97,-25.969999,14.77,1770467903.768007
-10.23759828,-5.90989716,16.496966880000002,-4.2,-80.150002,3.99,1770467903.775933
-8.49502836,-5.72798052,15.61610736,-15.26,-119.279999,-9.03,1770467903.78395
-6.352720560000001,-5.0098885200000005,14.69216232,-23.450001,-141.820007,-20.02,1770467903.791957
-4.2247746,-3.96626148,13.93816572,-31.43,-152.600006,-27.93,1770467903.799951
-2.33858628,-2.58991848,13.00464612,-37.66,-152.320007,-29.75,1770467903.807982
-0.6414955200000001,-0.88085952,11.9801682,-45.43,-145.740005,-27.370001,1770467903.81594
0.70373016,0.85931676,10.742656320000002,-49.98,-136.429993,-20.65,1770467903.823975
0.9095832,1.6516116,9.54822996,-52.639999,-119.559998,-18.549999,1770467903.831957
1.3308638400000001,1.57501512,8.36816544,-56.630001,-98.629997,-22.120001,1770467903.840027
4.083549840000001,4.83275916,6.56336088,-45.919998,-99.959999,7.14,1770467903.848034
2.8915171200000005,3.56412996,6.3192096,-44.66,-89.529999,29.190001,1770467903.855955
2.7359305199999997,3.87051588,5.371328160000001,-47.040001,-81.970001,33.459999,1770467903.863967
2.5827375600000004,4.3181265600000005,4.35403116,-50.540001,-75.669998,40.389999,1770467903.871995
2.33619264,4.49764956,3.46359708,-53.759998,-67.129997,46.689999,1770467903.879982
2.26677708,4.1553590400000004,3.0303482400000004,-55.790001,-57.68,49.630001,1770467903.887946
2.25241524,3.5545554,2.8915171200000005,-51.450001,-43.75,49.700001,1770467903.895962
2.36252268,2.75029236,2.88194256,-43.889999,-29.26,43.610001,1770467903.904072
2.45826828,2.1064032,2.55640752,-32.689999,-14.14,40.040001,1770467903.911957
2.47023648,1.60134516,2.03698764,-14.7,0.84,35.349998,1770467903.919954
2.42236368,1.15134084,1.82874096,7.07,17.780001,30.870001,1770467903.928012
2.53247112,0.75160296,2.4510873600000003,29.540001,37.66,24.780001,1770467903.935962
2.87715528,0.65107008,3.8585476800000005,53.830002,61.18,14.56,1770467903.943963
3.3463087200000006,0.7300602,6.177984840000001,70.279999,85.75,14.28,1770467903.951951
3.6957801600000004,0.7803266400000001,8.77987152,80.010002,113.330002,13.65,1770467903.959951
3.7268974800000003,0.41170608000000003,10.81446552,83.089996,139.649994,20.370001,1770467903.96796
3.15721116,-0.25611948,12.133361160000002,81.059998,164.710007,27.16,1770467903.976264
2.14709508,-0.83538036,13.799334600000002,81.199997,183.75,36.470001,1770467903.984064
0.7539966,-1.17767088,16.41318948,78.190002,192.919998,45.639999,1770467903.991983
-0.94309416,-1.6181006400000002,19.34779212,69.300003,187.949997,55.580002,1770467903.999958
-2.692845,-1.70666532,21.262704120000002,50.330002,168.490005,67.129997,1770467904.008343
-3.9375378000000003,-2.3457672,20.5134948,28.0,139.160004,82.599998,1770467904.016082
-6.78118212,-5.869205280000001,19.05098076,4.97,135.520004,80.57,1770467904.023975
-8.4256128,-5.92665264,15.52514904,-10.08,134.960007,41.720001,1770467904.031956
-9.03359736,-6.3670824,14.005187639999999,-7.14,135.380005,28.280001,1770467904.039956
-9.852222240000001,-5.660958600000001,13.43310768,-1.89,133.279999,7.42,1770467904.047964
-10.539196920000002,-4.1050926,13.346936640000001,1.89,123.970001,-8.33,1770467904.055997
-10.740262679999999,-1.94602932,12.997465200000002,-0.07,103.949997,-29.540001,1770467904.064123
-10.412334,-0.04069188,12.145329360000002,-8.75,76.650002,-42.98,1770467904.071957
-9.612858240000001,1.3524066000000001,10.486536840000001,-16.030001,44.73,-54.32,1770467904.080289
-8.47827288,2.154276,8.82774432,-25.200001,12.81,-58.799999,1770467904.088052
-7.271878320000001,2.35055448,7.585445160000001,-28.42,-15.33,-58.450001,1770467904.095966
-6.26176224,2.43911916,6.690223800000001,-31.85,-36.68,-61.880001,1770467904.103954
-5.2468588800000004,2.4127891200000002,6.0678774,-32.900002,-52.220001,-56.91,1770467904.111971
-4.3444566,2.5013538,5.43595644,-33.32,-63.0,-57.470001,1770467904.119948
-3.60960912,2.8747616400000005,4.7824927200000005,-32.549999,-66.989998,-53.970001,1770467904.127976
-2.8795489200000004,3.26253132,4.26307284,-29.540001,-72.309998,-54.25,1770467904.136034
-2.2835325600000003,3.63354552,4.0213152,-31.08,-75.18,-52.009998,1770467904.143947
-1.94363568,3.21465852,4.10030532,-32.41,-75.669998,-51.169998,1770467904.151938
-1.8119854800000001,3.21465852,3.99977244,-32.34,-69.790001,-56.77,1770467904.159938
-0.6821874000000001,3.6383328,3.7053547200000003,-22.26,-59.009998,-34.02,1770467904.167938
-0.18191664000000002,4.1409972,3.4229052,-11.13,-53.34,-9.45,1770467904.175943
-0.20106576,3.9590805600000003,3.530619,2.1,-49.630001,2.24,1770467904.184015
-0.009574560000000001,3.89684592,3.6598755600000006,11.2,-46.48,12.88,1770467904.19194
-0.04308552,3.7149292800000002,3.8657286000000006,20.65,-42.560001,24.780001,1770467904.199938
-0.25372584000000004,3.3343405200000005,4.11466716,26.530001,-28.98,36.119999,1770467904.207949
-0.7396347600000001,3.111732,4.74898176,33.459999,-6.37,48.369999,1770467904.216017
-1.33565112,2.99923092,6.0080364,41.439999,24.219999,53.060001,1770467904.224084
-2.06571132,2.8795489200000004,7.66443528,43.400002,61.110001,58.869999,1770467904.23194
-3.11891292,2.3816718,9.6104646,43.610001,95.199997,57.470001,1770467904.239943
-4.51679868,1.33804476,11.44878012,43.959999,120.120003,55.299999,1770467904.247944
-6.43171068,1.15134084,13.15065816,53.759998,128.729996,59.57,1770467904.256003
-9.9096696,-0.23697036000000002,15.003335520000002,54.880001,130.970001,57.470001,1770467904.263987
-12.389480640000002,-1.69230348,15.613713720000002,41.02,108.080002,31.85,1770467904.271987
-13.856781960000001,-3.15242388,15.862652280000002,37.52,64.400002,28.49,1770467904.279936
-14.740035120000002,-4.50483048,15.61132008,30.1,8.19,21.77,1770467904.28793
-14.50306476,-5.69925684,15.039240120000002,22.889999,-52.080002,16.379999,1770467904.295952
-13.21049916,-6.556179960000001,14.555724840000002,16.52,-99.889999,2.87,1770467904.303991
-11.1782988,-6.910438680000001,14.227796160000002,12.25,-133.770004,-7.98,1770467904.312072
-8.84210616,-6.65910648,14.04827316,7.42,-157.289993,-24.639999,1770467904.320058
-6.2354322,-5.4096264000000005,13.856781960000001,5.18,-170.169998,-39.200001,1770467904.327947
-3.7268974800000003,-3.2840740800000003,13.56954516,4.06,-173.179993,-48.369999,1770467904.335997
-1.5582596400000002,-0.9646369200000001,13.32300024,1.33,-171.289993,-48.09,1770467904.344009
0.18191664000000002,1.04602068,12.67193016,-7.14,-161.630005,-40.529999,1770467904.351974
0.8210185200000001,1.9962957600000002,11.767134239999999,-19.879999,-141.330002,-35.07,1770467904.359948
1.2375118800000002,1.69230348,10.16578908,-36.68,-114.660004,-33.950001,1770467904.367948
5.63223492,5.8524498000000005,7.403528520000001,-28.139999,-108.989998,-9.31,1770467904.376013
2.80295244,4.72265172,7.465763160000001,-32.34,-93.309998,6.86,1770467904.384032
2.6186421600000003,4.64126796,6.66150012,-41.860001,-78.889999,16.940001,1770467904.391979
2.3649163200000003,4.53834144,5.79978972,-52.990002,-66.220001,15.33,1770467904.399951
2.18539332,4.37557392,5.1606878400000005,-60.970001,-49.630001,21.07,1770467904.407961
2.13273324,3.99498516,4.9189302,-61.669998,-31.99,21.0,1770467904.41606
2.07528588,3.6359391600000004,4.92132384,-56.98,-12.81,23.450001,1770467904.423999
1.9867212,3.2960422800000004,5.086485,-50.889999,3.01,24.780001,1770467904.431958
1.94842296,3.1691793600000002,5.23489068,-36.889999,14.21,20.16,1770467904.439951
1.8718264800000002,3.02316732,5.368934520000001,-24.57,25.34,17.85,1770467904.447941
1.73299536,2.8867298400000005,5.313880800000001,-10.64,28.91,13.37,1770467904.456003
1.53432324,2.61624852,4.952441159999999,1.68,33.32,12.11,1770467904.463966
1.3667684400000002,2.04895584,4.5598842,12.67,33.669998,7.14,1770467904.471945
1.3739493600000001,1.47448224,4.4761068,24.85,38.080002,5.04,1770467904.47995
1.50320592,1.0532016,4.9308984,39.900002,45.080002,2.38,1770467904.487949
1.69469712,0.8425612800000001,6.163623,51.310001,54.529999,2.1,1770467904.495967
1.93406112,0.7851139200000001,7.87028832,60.759998,69.650002,-0.35,1770467904.503965
2.00347668,0.63910188,9.28253592,63.560001,82.18,4.13,1770467904.511969
1.8957628800000002,0.13643748,10.17536364,64.470001,94.779999,9.66,1770467904.51995
1.44097128,-0.42606792,11.16393696,65.169998,106.889999,14.49,1770467904.527954
0.60559092,-0.8210185200000001,12.569003640000002,60.759998,118.300003,26.74,1770467904.536025
-0.3829824,-1.2255436800000001,14.24694528,54.529999,129.080002,36.119999,1770467904.544001
-1.68033528,-2.0776795200000002,15.671161080000003,43.189999,137.830002,47.950001,1770467904.551943
-2.3697036000000002,-1.96996572,16.178612760000004,40.110001,136.990005,58.52,1770467904.559948
-4.19844456,-3.13088112,16.37728488,35.209999,137.339996,79.169998,1770467904.56795
-7.3101765599999995,-6.09899472,15.85547136,12.46,160.300003,56.209999,1770467904.575996
-8.38492092,-7.291027440000001,14.6251404,0.91,170.660004,30.379999,1770467904.584082
-9.37828152,-6.86256588,13.524066000000001,-0.42,172.830002,13.02,1770467904.591955
-10.14185268,-5.251646160000001,12.64081284,-1.75,161.350006,3.92,1770467904.599956
-10.66605984,-3.10694472,11.858092560000001,-6.58,138.669998,-9.24,1770467904.608067
-10.979626679999999,-0.81862488,11.23574616,-9.24,105.209999,-16.17,1770467904.615987
-10.89584928,0.7420284,10.80010368,-15.47,70.209999,-24.92,1770467904.623967
-10.352492999999999,1.7497508400000001,10.46499408,-16.66,36.189999,-30.870001,1770467904.631958
-9.40221792,2.36730996,10.00062792,-17.08,5.53,-36.470001,1770467904.63995
-8.24130252,2.74550508,9.4309416,-13.86,-19.459999,-43.259998,1770467904.64795
-7.00857792,3.0877956,8.75593512,-13.58,-39.689999,-47.389999,1770467904.656065
-5.86202436,3.3463087200000006,8.0665668,-12.25,-52.990002,-52.43,1770467904.663985
-4.837546440000001,3.6000345600000005,7.305389280000001,-13.09,-60.759998,-54.810001,1770467904.671951
-3.9327505200000004,3.76758936,6.71655384,-16.24,-66.220001,-54.32,1770467904.679952
-3.1476366,3.48035256,6.285698640000001,-20.93,-69.650002,-54.25,1770467904.687984
-2.96093268,3.9542932800000004,5.73037416,-23.870001,-64.470001,-58.169998,1770467904.696118
-2.6186421600000003,3.7460466,5.651384040000001,-26.67,-56.77,-61.389999,1770467904.703965
-1.6396434000000002,4.75616268,5.39526456,-22.120001,-44.939999,-40.459999,1770467904.711955
-2.0226258,4.9308984,5.52691476,-21.91,-27.65,-29.959999,1770467904.719951
-2.2859262,5.249252520000001,5.6011176,-23.66,-10.57,-25.200001,1770467904.727954
-2.52050292,5.41441368,5.78782152,-22.68,6.51,-19.879999,1770467904.736058
-2.8675807200000003,5.40483912,5.79978972,-22.82,22.4,-17.43,1770467904.743992
-3.5066826,5.23249704,5.639415840000001,-21.629999,37.66,-9.45,1770467904.751949
-4.30137108,4.8710574,5.5173402000000005,-17.99,49.98,-2.45,1770467904.75995
-5.045793120000001,4.36360572,5.41441368,-17.01,59.639999,7.49,1770467904.767949
-5.804577,3.67663104,5.31148716,-12.81,64.68,13.93,1770467904.775952
-6.6303828000000005,2.8867298400000005,5.1176023200000005,-6.58,62.860001,24.43,1770467904.784004
-7.405922160000001,2.00108304,4.964409359999999,1.47,51.169998,32.130001,1770467904.791969
-7.95406572,1.12979808,4.9308984,12.74,33.32,41.16,1770467904.799955
-8.71524324,0.24175764,5.32824264,28.559999,10.08,54.040001,1770467904.808009
-9.47402712,-0.86649768,6.233038560000001,38.990002,-11.76,57.82,1770467904.815953
-9.952755119999999,-1.6683670800000001,7.3963476,45.990002,-34.439999,45.57,1770467904.823969
-10.1011608,-2.1925742400000003,8.69848776,50.400002,-55.790001,39.48,1770467904.831956
-10.23041736,-2.96571996,9.828285840000001,55.299999,-74.550003,34.299999,1770467904.840016
-10.14185268,-3.4731716400000003,10.251960120000001,57.540001,-92.889999,22.610001,1770467904.847959
-9.50993172,-3.5784918,10.328556599999999,61.32,-110.110001,15.82,1770467904.855956
-8.3897082,-3.36785148,10.63733616,64.190002,-130.199997,7.14,1770467904.863959
-6.977460600000001,-2.94657084,11.537344800000001,64.120003,-147.979996,-3.92,1770467904.871953
-5.457499200000001,-2.22129792,12.688685640000001,59.5,-162.75,-9.66,1770467904.87995
-3.84418584,-1.3428320400000002,13.61023704,49.98,-169.889999,-18.9,1770467904.888044
-2.2955007600000004,-0.3949506,14.19667884,38.43,-169.960007,-20.299999,1770467904.895952
-0.9263386800000001,0.5266008,14.05545408,25.76,-160.509995,-26.389999,1770467904.903961
0.35425872,1.5965578800000002,13.6557162,15.68,-146.089996,-29.540001,1770467904.911973
1.3093210800000001,2.72396232,13.02379524,13.23,-128.800003,-36.400002,1770467904.919976
1.37873664,3.0351355200000003,12.389480640000002,5.67,-101.290001,-45.849998,1770467904.927953
1.29974652,3.1380620400000003,11.286012600000001,-5.53,-71.540001,-59.290001,1770467904.936027
5.17504968,5.69446956,9.39024972,-7.7,-55.509998,-41.299999,1770467904.943958
2.20932972,4.751375400000001,9.71339112,-15.75,-26.18,-23.17,1770467904.951946
1.6731543600000003,4.10987988,9.06950196,-28.0,3.43,-20.02,1770467904.959949
1.2686292,3.45641616,8.554869360000001,-36.330002,29.4,-16.52,1770467904.967969
0.7803266400000001,2.9441772,8.49024108,-40.32,50.82,-15.96,1770467904.976071
0.26090676,2.91784716,8.554869360000001,-39.34,65.449997,-10.99,1770467904.984617
-0.42128064000000004,2.8723680000000003,8.7008814,-37.240002,71.889999,-9.24,1770467904.991976
-1.0388397600000001,2.81492064,8.863648920000001,-35.560001,72.099998,-2.94,1770467904.999951
-1.70187804,2.66651496,8.95700088,-32.060001,63.209999,0.77,1770467905.007957
-2.1375205200000003,2.3768845200000004,8.93545812,-31.219999,49.0,0.21,1770467905.015973
-2.4654492,2.09922228,8.92109628,-28.559999,32.970001,2.59,1770467905.023966
-2.5540138800000003,1.71863352,8.75593512,-26.67,17.290001,2.66,1770467905.031945
-2.4630555600000004,1.39788576,8.789446080000001,-21.42,-0.77,4.13,1770467905.039949
-2.19496788,1.1992136400000002,9.01684188,-18.969999,-16.1,3.5,1770467905.04795
-1.7665063200000002,1.03644612,9.40221792,-19.459999,-25.969999,4.69,1770467905.055994
-1.27341648,0.7396347600000001,9.66551832,-21.98,-31.219999,5.95,1770467905.063999
-0.7851139200000001,0.28005588000000003,9.651156480000001,-24.57,-34.02,6.23,1770467905.071941
-0.34947144,-0.26090676,9.454878,-23.450001,-35.0,10.01,1770467905.07994
0.045479160000000005,-0.8090503200000001,9.05035284,-21.91,-32.48,13.79,1770467905.087991
0.43085520000000005,-1.27581012,8.49024108,-16.309999,-28.91,17.709999,1770467905.096024
0.7348474800000001,-1.78086816,7.93970388,-13.65,-22.889999,21.280001,1770467905.103954
0.95027508,-2.20454244,7.4418267600000005,-9.66,-14.21,26.809999,1770467905.111968
1.09389348,-2.5970994,6.934375080000001,-3.57,-3.99,30.030001,1770467905.120076
1.077138,-2.79337788,6.86256588,5.25,11.55,37.029999,1770467905.127969
0.97899876,-2.6689086000000004,7.281452880000001,15.75,31.08,45.43,1770467905.135935
0.73724112,-2.2380534,8.06177952,22.75,52.849998,53.34,1770467905.143958
0.24415128000000003,-1.4912377200000002,8.69370048,30.450001,73.43,55.509998,1770467905.151944
-0.6127718400000001,-0.59362272,9.37828152,33.32,88.760002,63.98,1770467905.159941
-1.6157070000000002,0.33032232,10.287864720000002,28.98,98.419998,61.25,1770467905.167939
-2.692845,1.0292652,11.28361896,17.219999,109.480003,61.110001,1770467905.175943
-4.0332834,1.8814010400000003,11.8604862,3.57,119.209999,56.419998,1770467905.183982
-5.23249704,2.453481,11.87484804,-11.34,127.959999,49.0,1770467905.192093
-6.81469308,2.89869804,11.61154764,-22.540001,138.179993,37.450001,1770467905.199932
-7.98039576,3.1859348400000003,11.125638720000001,-31.99,144.970001,21.98,1770467905.207941
-8.590773960000002,3.16678572,10.57270788,-42.0,137.759995,8.54,1770467905.215967
-8.92588356,3.0638592,10.01498976,-48.369999,117.739998,-0.14,1770467905.224068
-9.0000864,2.68327044,9.76365756,-50.75,85.190002,-4.97,1770467905.231963
-8.997692760000001,2.4295446,9.914456880000001,-48.650002,45.639999,-3.29,1770467905.239949
-8.868436200000001,2.30507532,10.22323644,-47.950001,10.5,0.63,1770467905.247942
-8.60274216,2.42715096,10.472175,-43.68,-20.23,5.25,1770467905.255942
-8.10486504,2.7335368800000004,10.505685960000001,-40.040001,-43.119999,2.8,1770467905.26399
-7.31496384,3.07104012,10.00062792,-38.779999,-59.220001,2.38,1770467905.272063
-6.486764400000001,3.3989688000000005,9.24663132,-36.119999,-69.230003,0.21,1770467905.279973
-5.70165048,3.5760981600000004,8.4854538,-36.470001,-70.349998,-4.41,1770467905.287926
-4.91174928,3.60960912,7.8295964399999995,-34.439999,-67.550003,-5.88,1770467905.29594
-4.1050926,3.4420543200000004,7.48251864,-33.25,-61.459999,-5.53,1770467905.303946
-3.5808854400000003,3.2002966800000006,7.302995640000001,-26.879999,-47.810001,-0.14,1770467905.312004
-3.4181179200000003,2.92981536,7.291027440000001,-20.440001,-31.639999,7.42,1770467905.320037
-3.56891724,2.84125068,7.42267764,-14.42,-11.06,11.62,1770467905.327951
-3.92317596,2.8197079200000004,7.671616200000001,-11.76,9.87,11.97,1770467905.335959
-4.48328772,2.79816516,7.702733520000001,-13.37,25.969999,10.43,1770467905.344014
-5.18941152,2.6090676,7.623743400000001,-17.360001,37.66,9.17,1770467905.351978
-5.9170780800000005,2.333799,7.49448684,-21.209999,44.310001,6.79,1770467905.359947
-6.60405276,1.855071,7.183313640000001,-24.780001,46.759998,5.18,1770467905.36795
-7.13065356,1.39549212,6.692617440000001,-25.9,40.18,3.92,1770467905.376025
-7.200069120000001,0.9574560000000001,6.39341244,-23.24,25.200001,10.5,1770467905.38401
-7.3987412400000006,0.86410404,6.194740320000001,-16.52,7.63,15.68,1770467905.391963
-7.994757600000001,-0.58404816,6.34553964,-14.21,-5.81,19.389999,1770467905.39995
-8.064173160000001,-1.8718264800000002,6.03436644,-8.75,-24.99,-3.29,1770467905.407949
-7.70991444,-2.7167814000000003,5.6011176,4.76,-43.959999,-5.18,1770467905.416126
-7.0851744000000005,-3.15481752,5.529308400000001,19.389999,-63.98,-11.48,1770467905.424029
-6.3670824,-2.88912348,5.92186536,30.450001,-83.230003,-14.63,1770467905.431957
-5.5388829600000005,-1.9029438000000003,6.491551680000001,38.080002,-100.379997,-16.1,1770467905.439958
-4.85430192,-0.91915776,7.02293976,41.580002,-113.330002,-14.98,1770467905.448014
-4.0572198,-0.58404816,7.55432784,44.099998,-121.589996,-12.11,1770467905.456007
-3.3510960000000005,-0.58883544,8.41843188,44.310001,-121.099998,-12.25,1770467905.463965
-2.7718351200000004,-0.18670392000000002,9.6583374,39.200001,-115.010002,-14.14,1770467905.471953
-2.1710314800000003,0.46915344000000003,10.917392040000001,26.25,-106.330002,-20.860001,1770467905.479944
-1.4457585600000002,1.24229916,11.757559680000002,2.66,-96.669998,-24.85,1770467905.487948
-0.63670824,1.6037388,11.86527348,-17.08,-86.309998,-23.940001,1770467905.496023
0.10292652000000001,1.66118616,11.769527880000002,-35.84,-75.669998,-17.43,1770467905.503962
0.55293084,0.84016764,12.02564736,-50.189999,-60.759998,-10.78,1770467905.511964
0.90240228,-0.12446928,12.08070108,-53.200001,-41.790001,-4.62,1770467905.51995
2.0106576,-1.00054152,11.8604862,-45.43,-26.25,9.31,1770467905.527986
1.3907048400000002,-1.0603825199999999,11.42484372,-35.77,-12.53,21.0,1770467905.536091
0.84495492,-0.97899876,11.132819640000001,-23.52,4.13,21.77,1770467905.543979
0.16516116,-0.7468156800000001,11.00595672,-14.91,22.120001,18.620001,1770467905.551956
-0.49787712,-0.4667598,11.06579772,-9.31,34.650002,10.01,1770467905.559952
-0.8617104000000001,-0.2513322,11.266863480000001,-7.35,43.400002,8.54,1770467905.567949
-1.33804476,-0.11250108000000002,11.654633160000001,-3.36,46.200001,9.94,1770467905.575961
-1.81677276,-0.11010744,11.961019080000002,-0.7,42.349998,13.58,1770467905.584137
-2.19496788,-0.22978944,12.26261772,2.87,34.650002,11.41,1770467905.591945
-2.58752484,-0.58404816,12.44453436,7.7,23.73,12.46,1770467905.599952
-2.71438776,-0.2872368,12.23868132,6.09,6.3,8.26,1770467905.607947
-2.60428032,-0.6295273200000001,12.08309472,3.08,-10.78,3.71,1770467905.615967
-2.30507532,-1.00772244,11.74319784,-1.75,-25.27,1.12,1770467905.624017
-1.83831552,-1.3117147200000001,11.23574616,-3.57,-36.470001,-3.08,1770467905.631961
-1.43857764,-1.48884408,10.694783520000001,-2.94,-43.540001,-5.39,1770467905.640095
-0.94309416,-1.4361840000000001,10.23041736,-4.97,-50.259998,-7.28,1770467905.647948
-0.54096264,-1.25187372,9.95514876,-6.79,-52.779999,-5.88,1770467905.655945
-0.12686292000000002,-1.14415992,9.84504132,-8.19,-53.130001,-9.31,1770467905.663959
0.21782124000000003,-1.10825532,9.77083848,-9.1,-48.439999,-11.13,1770467905.671949
0.6438891600000001,-0.68458104,9.45727164,-7.56,-39.759998,-7.07,1770467905.679996
0.7396347600000001,-0.50984532,9.071895600000001,-3.99,-25.690001,-3.43,1770467905.687974
0.9407005200000002,-0.1316502,8.55965664,1.19,-12.25,6.37,1770467905.69603
0.95506236,-0.03111732,8.0665668,5.53,-1.33,17.57,1770467905.703954
0.80665668,0.34707780000000005,7.13544084,3.99,9.59,26.67,1770467905.71216
0.80426304,0.65107008,6.450859800000001,6.3,13.79,35.349998,1770467905.720091
0.8832531600000001,0.6654319200000001,6.285698640000001,7.63,13.44,41.09,1770467905.727948
1.0579888800000001,0.38058875999999997,6.6854365200000005,11.55,16.59,47.810001,1770467905.735937
1.0603825199999999,-0.06462828000000001,7.22400552,18.200001,26.879999,59.709999,1770467905.743977
0.8497422000000001,-0.18670392000000002,7.7434254000000005,20.860001,42.630001,67.900002,1770467905.751952
0.5266008,0.06702192000000001,8.42321916,21.139999,61.880001,73.290001,1770467905.759948
-0.18191664000000002,0.72527292,9.23705676,14.0,84.629997,72.519997,1770467905.768009
-0.87846588,1.14655356,9.99105336,0.0,104.510002,71.050003,1770467905.775937
-2.5228965600000004,2.18778696,10.18254456,-12.53,122.639999,58.869999,1770467905.783942
-3.1835412,1.9388484000000001,10.48174956,-28.98,134.399994,46.41,1770467905.791954
-4.14339084,1.45293948,10.77377364,-35.0,140.490005,39.48,1770467905.799948
-5.17504968,0.91437048,10.80010368,-35.77,142.520004,32.41,1770467905.807973
-6.3383587200000004,0.25611948,10.57749516,-31.219999,140.139999,28.139999,1770467905.815955
-7.2527292,-0.13883112,10.01020248,-29.33,126.489998,26.25,1770467905.823998
-7.810447320000001,-0.24415128000000003,9.471633480000001,-25.76,107.169998,24.360001,1770467905.831949
-8.272419840000001,-0.71330472,8.83731888,-27.51,84.209999,16.030001,1770467905.840047
-8.33226084,-0.897615,8.41603824,-23.799999,59.779999,15.61,1770467905.847992
-8.3538036,-0.9335196,8.29635624,-18.76,37.169998,19.530001,1770467905.85595
-8.260451640000001,-0.7539966,8.53093296,-13.23,20.51,17.290001,1770467905.863965
-7.96364028,-0.6031972800000001,8.87082984,-9.87,7.56,18.969999,1770467905.871964
-7.5519342,-0.6103782,9.16046028,-2.8,-0.28,17.01,1770467905.880049
-7.08278076,-0.5744736,9.50514444,-0.56,-1.26,17.360001,1770467905.887956
-6.893683200000001,-0.43324884,9.454878,0.21,1.89,22.75,1770467905.895948
-6.92480052,-0.5289944400000001,9.22987584,-0.35,9.94,29.190001,1770467905.903961
-7.173739080000001,-0.70373016,8.92348992,-3.22,17.780001,33.459999,1770467905.911954
-7.49448684,-0.9646369200000001,8.736786,-5.11,25.76,37.66,1770467905.919996
-7.89422472,-1.21357548,8.56444392,-5.32,30.17,38.849998,1770467905.927951
-8.334654480000001,-1.36916208,8.41125096,-4.13,30.24,40.389999,1770467905.935986
-8.789446080000001,-1.4601204,8.258058,-3.08,27.65,39.27,1770467905.943974
-9.170034840000001,-1.36198116,8.11204596,-3.01,18.620001,37.240002,1770467905.951957
-9.50514444,-1.21118184,8.08332228,-3.43,7.35,29.049999,1770467905.95995
-9.70142292,-0.83538036,8.13358872,-6.44,-7.98,25.48,1770467905.967937
-9.710997480000001,-0.49548348,8.3538036,-6.23,-23.59,14.91,1770467905.976115
-9.45009072,-0.26090676,8.57641212,-11.55,-39.900002,8.61,1770467905.984784
-8.973756360000001,-0.21542760000000002,8.72721144,-12.18,-57.75,0.42,1770467905.99209
-8.3059308,-0.2633004,8.83971252,-13.44,-74.690002,-7.07,1770467905.999959
-7.4633695200000005,-0.25851312000000004,8.61231672,-12.81,-91.769997,-14.28,1770467906.007931
-6.6303828000000005,-0.20585304000000001,8.04023676,-10.57,-104.580002,-22.26,1770467906.015985
-5.7088314,-0.06941556,7.207250040000001,-5.67,-116.059998,-27.65,1770467906.024107
-4.93329204,0.25372584000000004,6.47718984,-1.47,-123.900002,-33.18,1770467906.031933
-4.234349160000001,0.72048564,5.9721318000000005,0.42,-126.07,-37.59,1770467906.039957
-3.5665236,1.3739493600000001,5.91947172,1.68,-126.139999,-39.549999,1770467906.047963
-2.9705072400000003,1.8502837200000002,6.21628308,-0.7,-120.959999,-41.439999,1770467906.056008
-2.4822046799999997,2.08007316,6.472402560000001,-3.43,-114.309998,-40.32,1770467906.063994
-1.94842296,2.09204136,6.82905492,-5.32,-102.620003,-41.23,1770467906.07197
-1.4792695200000001,2.06092404,7.271878320000001,-4.13,-91.980003,-39.549999,1770467906.07995
-1.09389348,2.1375205200000003,7.83677736,-7.14,-80.779999,-40.32,1770467906.087958
-0.7180920000000001,2.29310712,8.456730120000001,-8.54,-71.889999,-37.029999,1770467906.095943
-0.47633436000000007,2.25720252,9.05514012,-15.26,-65.029999,-35.630001,1770467906.103952
-0.33510960000000006,2.0298067200000003,9.34237692,-24.360001,-58.73,-40.740002,1770467906.11194
0.1316502,2.12794596,9.35434512,-23.450001,-47.880001,-26.6,1770467906.119962
0.7348474800000001,2.06092404,9.72057204,-25.48,-45.990002,-11.27,1770467906.127994
0.85931676,1.39309848,10.39318488,-23.66,-40.950001,6.51,1770467906.135948
0.8329867200000001,0.51223896,10.9868076,-22.33,-32.689999,18.969999,1770467906.143965
0.88085952,-0.44282340000000003,11.36021544,-20.23,-23.1,21.84,1770467906.151947
0.8880404399999999,-1.3165020000000003,11.45596104,-15.54,-10.92,30.309999,1770467906.160034
0.8545294800000001,-2.18778696,11.4415992,-11.2,-1.68,32.619999,1770467906.167953
0.61755912,-2.61624852,11.27165076,-5.25,8.33,42.209999,1770467906.175941
0.3111732,-2.84364432,11.19984156,-2.38,14.07,52.290001,1770467906.183953
0.045479160000000005,-2.8292824800000003,11.25250164,-0.56,15.89,60.34,1770467906.191943
-1.3524066000000001,-4.3396693200000005,11.68814412,-7.77,19.67,31.709999,1770467906.199939
-1.5726214800000002,-4.45935132,11.52777024,-4.13,26.32,39.48,1770467906.20796
-1.8454964400000002,-4.51679868,11.609154,-1.75,26.110001,29.4,1770467906.216059
-2.1590632800000003,-4.56467148,11.714474160000002,-2.66,21.35,23.66,1770467906.223957
-2.3457672,-4.6747789200000005,11.666601360000001,-2.03,14.42,23.59,1770467906.231942
-2.42715096,-4.63648068,11.42723736,-2.52,4.97,15.96,1770467906.239936
-2.32422444,-4.4904686400000005,11.051435880000001,-3.43,-3.92,15.54,1770467906.247933
-2.03938128,-4.38993576,10.57270788,-4.83,-11.83,8.05,1770467906.255942
-1.7234208000000002,-4.40669124,10.228023720000001,-4.13,-15.33,5.39,1770467906.264017
-1.2829910400000002,-4.36599936,9.993447,-3.43,-17.85,-0.98,1770467906.271942
-0.80426304,-4.1769018,9.75887028,-1.33,-17.57,-4.83,1770467906.279933
-0.33271596000000003,-3.93993144,9.593709120000002,-2.31,-16.24,-10.36,1770467906.287959
0.1436184,-3.65748192,9.533868120000001,-1.82,-13.37,-14.49,1770467906.296002
0.52420716,-3.3702451200000003,9.6583374,-2.45,-6.65,-17.219999,1770467906.304036
0.9095832,-3.1284874800000004,9.737327520000001,-2.31,-2.31,-17.639999,1770467906.311953
1.2853846800000002,-2.8292824800000003,9.89291412,-1.68,3.43,-16.309999,1770467906.319986
1.6037388,-2.49896016,10.03653252,-0.21,8.33,-13.3,1770467906.327952
1.8191664,-2.0082639600000003,10.17057636,3.85,14.21,-10.15,1770467906.336012
1.93645476,-1.5678342,9.97429788,7.63,20.790001,-6.09,1770467906.343962
1.94602932,-0.8712849600000001,9.57934728,10.92,28.07,0.0,1770467906.35195
1.8454964400000002,-0.1555866,9.22987584,12.25,38.150002,8.75,1770467906.359951
1.6994844000000002,0.41170608000000003,9.01923552,14.84,48.09,18.27,1770467906.368053
1.31410836,0.9263386800000001,8.81338248,14.42,58.310001,30.870001,1770467906.375977
0.6654319200000001,1.10346804,8.64343404,14.91,69.300003,35.419998,1770467906.383967
0.07420284,1.30214016,8.420825520000001,14.98,78.330002,39.689999,1770467906.391978
-0.44282340000000003,1.6851225600000002,8.51417748,16.450001,86.309998,35.98,1770467906.400097
-0.9574560000000001,1.90773108,8.84689344,14.63,95.059998,36.259998,1770467906.407951
-1.62528156,2.1710314800000003,9.4189734,15.33,100.660004,35.91,1770467906.416025
-1.735389,2.82688884,9.72535932,12.67,103.389999,46.130001,1770467906.423977
-2.55162024,2.80295244,10.00062792,5.53,101.709999,47.32,1770467906.431954
-3.1596048,2.38406544,10.125097199999999,0.21,98.839996,43.540001,1770467906.43995
-3.71971656,1.9196992800000001,10.259141040000001,-4.48,92.540001,44.799999,1770467906.447962
-4.2367428,1.5606532800000001,10.330950240000002,-6.93,85.050003,41.509998,1770467906.455958
-4.64844888,1.3284702000000002,10.275896520000002,-9.45,78.260002,39.27,1770467906.464051
-5.00749488,1.12979808,10.16339544,-12.67,67.269997,39.27,1770467906.471949
-5.39287092,0.94309416,9.97429788,-17.57,58.66,35.77,1770467906.479958
-5.77824696,0.45718524,9.79477488,-21.0,51.099998,32.830002,1770467906.487956
-5.89314168,-0.0957456,9.564985440000001,-20.790001,43.540001,28.139999,1770467906.496018
-5.869205280000001,-0.52181352,9.502750800000001,-14.49,35.84,27.16,1770467906.50403
-5.8404816,-0.78272028,9.454878,-10.64,29.33,26.6,1770467906.511985
-6.2114958,-1.5079932,9.48120804,-8.33,23.450001,25.9,1770467906.519988
-5.842875240000001,-1.21836276,9.01444824,-3.22,17.219999,22.889999,1770467906.527942
-5.663352240000001,-1.0532016,8.7846588,-2.1,12.46,21.98,1770467906.535929
-5.4934038,-0.97899876,8.64343404,-1.12,7.63,21.209999,1770467906.544042
-5.325849000000001,-0.9239450400000001,8.52853932,-3.57,4.9,20.860001,1770467906.55195
-5.129570520000001,-0.9383068800000001,8.550082080000001,-4.9,4.83,18.41,1770467906.559952
-4.966803,-1.0532016,8.63146584,-4.83,6.23,20.93,1770467906.56795
-4.8231846,-1.17767088,8.69370048,-4.97,6.3,18.83,1770467906.575988
-4.6963216800000005,-1.33565112,8.746360560000001,-4.76,7.63,21.42,1770467906.584001
-4.579033320000001,-1.40746032,8.79902064,-2.66,7.63,23.309999,1770467906.591953
-4.48328772,-1.4122476000000002,8.746360560000001,-0.56,10.43,23.24,1770467906.60003
-4.45456404,-1.39549212,8.66258316,-0.77,10.5,24.5,1770467906.607957
-4.53116052,-1.4002794,8.56444392,-0.49,12.46,25.549999,1770467906.615964
-4.643661600000001,-1.32607656,8.52375204,0.35,15.54,24.43,1770467906.62397
-4.77052452,-1.32368292,8.5931676,-0.42,18.549999,23.450001,1770467906.631953
-5.045793120000001,-1.2375118800000002,8.6410404,0.91,20.719999,23.940001,1770467906.639995
-5.30909352,-1.12979808,8.70806232,0.7,22.190001,21.559999,1770467906.647969
-5.54606388,-1.0532016,8.684125920000001,-1.68,23.59,17.639999,1770467906.655961
-5.80697064,-0.9407005200000002,8.64582768,-1.75,21.35,15.54,1770467906.664006
-6.02479188,-0.8114439600000001,8.585986680000001,-1.96,20.16,12.53,1770467906.672382
-6.12532476,-0.6941556000000001,8.542901160000001,-1.47,18.200001,8.61,1770467906.680013
-6.13729296,-0.5289944400000001,8.46630468,0.42,14.21,7.14,1770467906.687997
-6.075058320000001,-0.36143964000000006,8.444761920000001,-2.24,9.52,4.69,1770467906.696125
-5.96973816,-0.2034594,8.480666520000002,0.7,5.46,0.63,1770467906.703965
-5.8309070400000005,-0.0119682,8.54768844,0.63,0.35,0.98,1770467906.712013
-5.62266036,0.2513322,8.6889132,1.54,-3.5,-2.38,1770467906.719977
-5.4527119200000005,0.54096264,8.86125528,-0.91,-4.13,-3.85,1770467906.727948
-5.2588270800000005,0.777933,8.992905480000001,-3.57,-4.2,-4.55,1770467906.735955
-5.129570520000001,0.9646369200000001,9.170034840000001,-5.81,-5.11,-9.24,1770467906.744111
-5.01946308,1.0603825199999999,9.14849208,-8.54,-3.08,-9.1,1770467906.751936
-4.99313304,1.08671256,9.095832000000001,-8.19,-3.78,-11.76,1770467906.759953
-4.9763775599999995,1.06277616,9.09822564,-8.19,-3.99,-12.81,1770467906.767951
-5.00749488,1.08671256,9.091044720000001,-7.7,-3.01,-16.1,1770467906.775949
-5.0984532,1.09389348,8.99051184,-7.0,-1.68,-17.290001,1770467906.784086
-5.2253161200000005,1.00772244,8.92348992,-7.63,-1.12,-19.879999,1770467906.791948
-5.35457268,0.95506236,8.90912808,-8.12,-1.47,-21.209999,1770467906.799953
-5.43595644,0.8329867200000001,8.88279804,-9.1,-5.04,-24.5,1770467906.80794
-5.49101016,0.6319209600000001,8.73917964,-8.75,-9.66,-27.370001,1770467906.816146
-5.39526456,0.42846156,8.43040008,-3.57,-15.12,-25.34,1770467906.823968
-5.29712532,0.25372584000000004,7.8631074000000005,-0.42,-20.370001,-29.4,1770467906.832038
-5.17744332,0.05505372,7.291027440000001,4.83,-25.76,-30.66,1770467906.839953
-5.01946308,-0.026330040000000002,7.03969524,10.92,-28.07,-30.309999,1770467906.847955
-4.849514640000001,0.06941556,7.37480484,15.4,-25.76,-33.110001,1770467906.855957
-4.66041708,0.3111732,8.20779156,16.870001,-24.57,-29.889999,1770467906.864034
-4.51440504,0.48830256000000005,8.904340800000002,12.53,-22.68,-35.0,1770467906.872072
-4.4904686400000005,0.76357116,9.10061928,8.4,-19.110001,-33.810001,1770467906.879978
-4.48568136,0.9813924,9.11258748,3.43,-18.200001,-38.5,1770467906.887959
-4.44738312,1.10586168,9.08147016,-1.54,-20.02,-37.169998,1770467906.895974
-4.34924388,1.10586168,9.071895600000001,-6.37,-21.700001,-40.110001,1770467906.903966
-4.248711,0.95506236,9.01684188,-10.78,-26.459999,-42.0,1770467906.912043
-4.1050926,0.7563902400000001,8.9641818,-16.450001,-31.57,-39.41,1770467906.91998
-4.02370884,0.65107008,8.875617120000001,-18.9,-33.110001,-37.52,1770467906.927992
-3.9088141199999997,0.50027076,8.820563400000001,-20.65,-31.43,-32.900002,1770467906.936039
-3.7436529600000004,0.26569404,8.83492524,-22.33,-27.58,-30.24,1770467906.94399
-3.6263646,0.0119682,8.93067084,-22.26,-22.120001,-25.34,1770467906.951959
-3.77237664,-0.17234208,9.06471468,-21.559999,-13.93,-17.639999,1770467906.959955
-3.9566869200000006,-0.4069188,9.02881008,-16.24,-5.04,-13.58,1770467906.968003
-4.248711,-0.55771812,9.01923552,-13.65,1.4,-10.57,1770467906.97632
-4.6197252,-0.66782556,9.0000864,-11.2,3.43,-9.1,1770467906.984653
-5.0960595600000005,-0.8497422000000001,8.85407436,-9.73,2.31,-8.19,1770467906.991978
-5.421594600000001,-1.04602068,8.80380792,-8.33,-5.25,-6.65,1770467907.000034
-5.4096264000000005,-1.40506668,8.71524324,-3.01,-14.21,-9.03,1770467907.007987
-5.08409136,-2.20454244,8.20779156,1.89,-18.34,-10.71,1770467907.015951
-4.9237174800000005,-2.9274217200000003,8.40646368,8.19,-19.110001,-22.68,1770467907.023978
-4.796854560000001,-2.4798110400000004,9.22508856,10.85,-21.0,-33.040001,1770467907.032064
-4.23913644,-0.58404816,9.66791196,15.33,-30.1,-22.120001,1770467907.039945
-4.41387216,0.09095832000000001,10.493717760000001,10.92,-36.049999,-24.360001,1770467907.04795
-3.98301696,0.47394072000000004,10.58467608,6.79,-40.669998,-23.379999,1770467907.055972
-3.3032232,0.52420716,10.29743928,3.64,-42.560001,-28.42,1770467907.064117
-2.7694414800000002,0.54096264,10.02217068,2.1,-40.110001,-25.83,1770467907.071966
-2.4343318800000002,0.39734424,9.737327520000001,2.38,-34.09,-22.889999,1770467907.079938
-2.2859262,0.36622692,9.44051616,0.14,-28.77,-20.23,1770467907.087954
-2.26917072,0.16516116,9.21790764,0.91,-22.120001,-16.309999,1770467907.095963
-2.5276838400000003,0.17473572,9.02162916,0.63,-13.79,-10.57,1770467907.103987
-2.79816516,0.24893856,8.851680720000001,3.43,-7.0,-4.06,1770467907.111944
-3.19790304,0.22978944,8.93545812,5.46,0.35,-2.17,1770467907.119953
-3.28646772,0.47394072000000004,9.04077828,8.33,4.9,5.11,1770467907.12792
-3.4181179200000003,0.41649336000000003,9.335196,7.98,11.2,10.64,1770467907.135954
-3.84897312,-0.16037388000000002,9.581740920000001,8.75,13.79,0.35,1770467907.144039
-3.7987066800000004,-0.10292652000000001,9.48838896,10.64,11.55,2.66,1770467907.151946
-3.7340784,-0.09335196000000001,9.380675160000001,10.99,7.84,0.0,1770467907.159945
-3.7388656800000004,-0.12446928,9.3830688,10.78,5.46,-0.49,1770467907.167942
-3.7987066800000004,-0.16037388000000002,9.32801508,9.87,4.2,-1.82,1770467907.175946
-3.92317596,-0.35425872,9.3711006,10.64,0.56,-1.4,1770467907.184009
-3.9375378000000003,-0.56968632,9.62003916,11.48,-2.03,-2.94,1770467907.191966
-4.03567704,-0.72048564,9.81153036,11.55,-5.11,-3.43,1770467907.199945
-3.8465794800000004,-0.63910188,9.92642508,11.34,-12.46,-8.89,1770467907.207959
-3.2673186000000003,-0.57207996,10.263928320000002,13.58,-3.78,0.14,1770467907.215945
-2.74311144,-0.43803612,10.031745240000001,10.78,2.24,-10.78,1770467907.223963
-2.8867298400000005,-0.26090676,9.7780194,7.91,4.76,-2.38,1770467907.231946
-3.40375608,-0.14840568,9.68945472,5.67,4.34,-4.83,1770467907.239938
-3.7484402400000003,-0.23936400000000002,9.60807096,2.52,2.87,-0.77,1770467907.248043
-3.7556211600000005,-0.46197252000000005,9.459665280000001,1.47,1.33,-1.26,1770467907.255958
-3.6885992400000003,-0.48590892,9.3711006,1.47,0.42,-3.71,1770467907.263939
-3.6143964,-0.37819512000000005,9.4309416,1.54,-1.61,-3.71,1770467907.271945
-3.7221102,-0.48112164,9.4070052,1.54,-2.59,-3.85,1770467907.279932
-3.7268974800000003,-0.38776968,9.41179248,2.1,-4.34,-5.11,1770467907.287929
-3.54737448,-0.26808768000000005,9.47642076,2.66,-5.25,-7.56,1770467907.295949
-3.17875392,-0.10771380000000001,9.54822996,3.43,-5.53,-7.28,1770467907.304038
-3.0638592,-0.02154276,9.569772720000001,2.38,-5.88,-10.15,1770467907.312056
-3.1835412,-0.11968200000000001,9.53147448,1.89,-6.44,-10.01,1770467907.320307
-3.35348964,-0.06462828000000001,9.42854796,0.14,-8.33,-8.68,1770467907.327942
-3.27689316,-0.07659648000000001,9.32801508,2.8,-8.47,-9.1,1770467907.33604
-3.1859348400000003,-0.19627848000000003,9.361526040000001,1.89,-7.98,-11.48,1770467907.344076
-3.1284874800000004,-0.20106576,9.385462440000001,3.78,-8.54,-9.59,1770467907.351961
-2.8747616400000005,-0.12686292000000002,9.4429098,3.57,-7.98,-11.48,1770467907.359956
-2.7646542000000003,-0.059841000000000005,9.33998328,1.33,-7.0,-10.78,1770467907.367945
-2.8388570399999997,-0.11968200000000001,9.1796094,4.34,-6.93,-12.95,1770467907.375944
-2.79816516,-0.0957456,9.22508856,3.01,-7.35,-13.02,1770467907.384101
-2.81013336,-0.10532016000000001,9.40221792,4.69,-7.98,-12.11,1770467907.391946
-2.8963044,-0.16276752,9.634401,5.53,-8.33,-13.58,1770467907.399951
-2.94657084,-0.09813924000000002,9.77083848,6.02,-10.43,-13.37,1770467907.408008
-2.99205,-0.06223464,9.75647664,3.99,-10.92,-12.6,1770467907.415946
-3.10694472,-0.16037388000000002,9.70860384,1.68,-11.48,-12.74,1770467907.423953
-3.0638592,-0.13643748,9.71339112,1.47,-11.76,-12.39,1770467907.431951
-2.9944436400000005,-0.16276752,9.749295720000001,1.68,-12.04,-13.58,1770467907.439952
-3.0351355200000003,-0.19388484,9.780413040000001,0.21,-14.91,-12.6,1770467907.447949
-2.9800818000000002,-0.12207564000000001,9.804349440000001,0.42,-14.91,-14.28,1770467907.455959
-2.9944436400000005,0.0119682,9.792381240000001,-1.68,-14.42,-11.27,1770467907.464052
-2.8197079200000004,-0.10053288,9.80674308,-2.52,-13.93,-12.67,1770467907.471942
-2.8244952000000003,-0.19867212,9.6822738,-3.92,-13.86,-10.01,1770467907.479947
-2.6449722,-0.16276752,9.67269924,-0.98,-15.12,-10.57,1770467907.48797
-2.43911916,-0.1316502,9.57456,-0.77,-14.49,-8.68,1770467907.496007
-2.44869372,-0.28484316,9.3591324,0.21,-15.54,-9.24,1770467907.50518
