acc_x,acc_y,acc_z,gyro_x,gyro_y,gyro_z,timestamp
-0.4697,-0.077348,0.91012,14.21,-0.77,29.049999,1770467838.226158
-0.490928,-0.054412,0.930616,15.82,-5.32,27.719999,1770467838.233985
-0.504592,-0.019276,1.017968,15.68,-10.22,28.84,1770467838.241988
-0.521916,0.038308,1.046028,16.1,-13.79,26.67,1770467838.250054
-0.534116,0.034404,0.992104,13.3,-14.63,28.139999,1770467838.257946
-0.5429,0.037088,0.961116,14.0,-17.08,22.610001,1770467838.265957
-0.554368,0.051728,0.932568,14.42,-23.030001,23.309999,1770467838.27405
-0.552904,0.076372,0.88694,17.639999,-31.780001,14.91,1770467838.281996
-0.52826,0.11834,0.876936,14.63,-38.009998,15.68,1770467838.290116
-0.48434,0.137372,0.850828,14.28,-42.98,4.34,1770467838.297957
-0.46482,0.114192,0.909876,16.309999,-40.389999,-1.26,1770467838.305964
-0.4209,0.131272,0.915244,21.209999,-40.25,-6.79,1770467838.31396
-0.385032,0.158112,0.9333,22.889999,-41.02,-7.91,1770467838.322013
-0.371124,0.171044,0.93574,27.51,-39.689999,-14.21,1770467838.329973
-0.365756,0.174216,0.927932,26.67,-40.040001,-12.11,1770467838.337966
-0.348432,0.154452,0.957212,32.970001,-40.459999,-16.66,1770467838.345968
-0.327936,0.175924,0.912804,36.540001,-34.439999,-21.07,1770467838.353976
-0.345992,0.17324,0.909144,36.959999,-32.689999,-20.23,1770467838.361962
-0.3538,0.173484,0.906216,38.009998,-34.02,-25.27,1770467838.36996
-0.326716,0.183,0.93086,35.419998,-30.799999,-25.620001,1770467838.377966
-0.314272,0.221796,0.924516,33.529999,-30.59,-28.84,1770467838.3861
-0.30134,0.236924,0.91012,33.669998,-26.25,-33.25,1770467838.393959
-0.19764,0.383324,0.907192,21.0,-21.35,-43.540001,1770467838.401963
-0.164456,0.422364,0.952332,11.34,-11.41,-41.09,1770467838.410077
-0.1708,0.48434,0.98454,-1.05,-2.66,-42.560001,1770467838.417945
-0.174216,0.457744,0.990152,-9.24,-0.14,-47.950001,1770467838.425967
-0.09882,0.471408,1.017236,-17.219999,0.84,-48.650002,1770467838.434075
-0.027328,0.390888,1.059692,-23.1,6.09,-42.700001,1770467838.441974
0.002928,0.356728,1.15412,-22.889999,5.53,-42.139999,1770467838.449965
0.044652,0.140544,1.19194,-13.44,9.87,-30.030001,1770467838.457972
-0.004148,0.143472,1.211704,0.98,9.45,-25.200001,1770467838.466126
-0.01342,0.087352,1.22488,9.24,12.32,-20.58,1770467838.473969
-0.064904,-0.005612,1.191696,16.030001,17.57,-14.49,1770467838.481967
-0.133956,-0.148108,1.1346,25.200001,21.91,-11.48,1770467838.489985
-0.160064,-0.262544,1.09434,34.23,28.07,-7.98,1770467838.497999
-0.171532,-0.334524,1.08824,42.209999,34.439999,-7.77,1770467838.505963
-0.186172,-0.395524,1.098244,45.290001,40.740002,-5.95,1770467838.513959
-0.202764,-0.388936,1.103612,44.73,44.450001,-1.82,1770467838.521973
-0.212524,-0.364048,1.09312,42.349998,47.880001,-3.71,1770467838.530122
-0.266448,-0.319884,1.063108,38.220001,47.599998,0.63,1770467838.537943
-0.292556,-0.256932,1.051884,34.509998,41.860001,3.57,1770467838.545966
-0.293044,-0.203984,1.01992,28.77,34.790001,2.52,1770467838.553958
-0.27206,-0.192516,0.942572,25.9,31.219999,7.35,1770467838.561962
-0.237168,-0.18178,0.878156,26.32,30.52,7.0,1770467838.569953
-0.192272,-0.140788,0.891332,24.85,32.27,10.85,1770467838.577987
-0.170556,-0.081984,0.9455,22.889999,35.98,15.26,1770467838.586051
-0.199836,-0.032208,0.97722,19.459999,39.970001,15.82,1770467838.593963
-0.240096,0.005612,0.989176,16.24,43.889999,17.15,1770467838.601992
-0.271084,0.013664,1.00406,16.870001,48.650002,18.27,1770467838.610036
-0.303536,0.030988,1.024068,16.450001,53.759998,19.950001,1770467838.617966
-0.34282,0.043676,1.041636,18.34,57.889999,21.42,1770467838.625958
-0.36844,0.043432,1.038464,17.639999,57.540001,22.4,1770467838.63396
-0.372588,0.053924,1.004304,11.62,55.790001,27.93,1770467838.641958
-0.35746,0.07564,0.961604,3.71,52.080002,32.41,1770467838.650067
-0.3538,0.08784,0.920368,-2.24,47.18,35.77,1770467838.658208
-0.35502,0.100772,0.91744,-5.25,43.540001,40.389999,1770467838.665956
-0.371612,0.128344,0.937692,-13.23,39.970001,39.48,1770467838.67397
-0.389424,0.157868,0.96258,-19.32,38.639999,43.540001,1770467838.681966
-0.38796,0.182512,0.95404,-27.23,35.0,39.060001,1770467838.690007
-0.427244,0.2074,0.9333,-36.119999,31.08,42.84,1770467838.698058
-0.467748,0.195932,0.956236,-37.869999,19.32,38.919998,1770467838.705984
-0.460184,0.226432,0.997716,-40.25,3.85,40.669998,1770467838.713958
-0.443348,0.25254,1.014064,-43.889999,-11.34,41.580002,1770467838.721962
-0.397476,0.29402,1.00894,-42.91,-22.469999,41.720001,1770467838.730013
-0.320616,0.294752,1.003816,-47.32,-27.09,46.200001,1770467838.737958
-0.27938,0.286212,1.00284,-48.790001,-24.57,52.779999,1770467838.74606
-0.259128,0.277672,0.9638,-48.09,-22.82,54.25,1770467838.753963
-0.264496,0.260348,0.874008,-43.889999,-20.440001,62.16,1770467838.761961
-0.267424,0.226188,0.801052,-36.68,-14.7,65.660004,1770467838.769958
-0.272548,0.2318,0.789096,-36.119999,-7.56,70.209999,1770467838.777984
-0.281088,0.263032,0.843752,-33.110001,-2.17,75.739998,1770467838.786011
-0.295972,0.297192,0.909632,-38.57,0.77,72.029999,1770467838.793968
-0.327204,0.318176,0.955016,-43.75,4.27,76.720001,1770467838.80196
-0.34892,0.3355,0.981612,-49.209999,7.28,80.639999,1770467838.809968
-0.379664,0.34038,0.969168,-59.43,8.4,85.82,1770467838.818009
-0.4209,0.341112,0.919392,-66.989998,6.86,90.510002,1770467838.825941
-0.455304,0.333304,0.855464,-74.410004,6.44,94.57,1770467838.833966
-0.493856,0.342088,0.785436,-84.07,4.55,98.980003,1770467838.841964
-0.535092,0.368928,0.729316,-93.870003,-0.49,104.720001,1770467838.849979
-0.553148,0.389668,0.70882,-100.940002,-9.66,111.300003,1770467838.857971
-0.538752,0.393816,0.721264,-106.400002,-18.549999,115.779999,1770467838.86596
-0.521916,0.40504,0.750056,-112.629997,-29.049999,117.25,1770467838.873992
-0.493612,0.410408,0.77592,-117.529999,-36.68,124.110001,1770467838.881958
-0.468724,0.447496,0.773724,-122.849998,-45.150002,126.0,1770467838.889969
-0.431148,0.439444,0.755668,-129.289993,-49.349998,131.179993,1770467838.898045
-0.416264,0.462136,0.72102,-133.490005,-54.599998,140.139999,1770467838.905965
-0.42212,0.493856,0.677588,-139.860001,-59.43,145.669998,1770467838.91398
-0.439932,0.48434,0.68076,-148.330002,-64.959999,154.770004,1770467838.921967
-0.440176,0.4026,0.750788,-150.080002,-70.559998,154.630005,1770467838.930004
-0.406992,0.222528,0.840336,-146.160004,-71.260002,162.190002,1770467838.938017
-0.362584,0.029768,0.90402,-130.270004,-68.110001,157.220001,1770467838.945962
-0.30378,-0.190808,0.964288,-115.010002,-61.32,159.039993,1770467838.954001
-0.194224,-0.193248,1.007964,-90.860001,-56.77,159.880005,1770467838.961968
-0.018788,-0.6771,1.257088,-74.830002,-55.09,189.630005,1770467838.970184
-0.243756,-0.94184,1.402756,-60.619999,-12.46,155.539993,1770467838.978403
-0.102968,-1.220488,1.451312,-26.530001,-2.03,132.089996,1770467838.986401
-0.111752,-1.146068,1.430328,8.75,-0.49,122.849998,1770467838.993981
-0.122244,-0.972828,1.475224,35.84,-1.47,128.449997,1770467839.001961
-0.110776,-0.809592,1.594784,50.189999,-8.33,112.559998,1770467839.009965
-0.105408,-0.634644,1.681648,54.529999,-16.309999,115.010002,1770467839.017961
-0.12078,-0.438468,1.683356,54.32,-20.58,106.82,1770467839.026034
-0.129076,-0.257664,1.602836,49.209999,-22.26,107.800003,1770467839.034018
-0.122732,-0.137128,1.483764,44.310001,-24.92,105.209999,1770467839.041965
-0.110288,-0.072468,1.362984,40.389999,-26.879999,102.059998,1770467839.049959
-0.084424,-0.046116,1.238056,32.41,-23.030001,108.080002,1770467839.057957
-0.052704,-0.030988,1.109956,34.09,-17.08,108.150002,1770467839.06607
-0.034404,-0.0244,0.99796,36.959999,-7.0,113.889999,1770467839.073976
-0.029768,0.001464,0.881084,45.220001,5.32,114.309998,1770467839.081966
-0.051484,0.051484,0.755424,58.66,17.85,121.660004,1770467839.089974
-0.105652,0.116632,0.626592,71.540001,28.42,127.050003,1770467839.097953
-0.156892,0.212036,0.554856,82.459999,37.099998,130.690002,1770467839.106004
-0.244488,0.282308,0.446276,85.959999,41.509998,132.089996,1770467839.113956
-0.343552,0.3111,0.372344,82.32,40.18,133.419998,1770467839.121958
-0.440176,0.4453,0.322568,79.099998,34.720001,130.479996,1770467839.129952
-0.512156,0.49654,0.363072,67.550003,25.549999,121.519997,1770467839.137951
-0.587552,0.550708,0.423828,51.799999,15.75,103.459999,1770467839.145956
-0.510448,0.696376,0.476288,42.139999,0.63,106.260002,1770467839.153992
-0.667096,0.757132,0.565836,28.559999,-7.91,101.150002,1770467839.161996
-0.691496,0.792756,0.62342,9.45,-18.34,89.32,1770467839.170003
-0.695156,0.800076,0.636108,-6.86,-25.76,84.07,1770467839.177951
-0.704672,0.794952,0.56852,-22.120001,-34.369999,80.010002,1770467839.185972
-0.719556,0.768112,0.472384,-33.040001,-43.119999,68.32,1770467839.194041
-0.720532,0.71614,0.387716,-35.209999,-52.849998,62.790001,1770467839.201981
-0.691984,0.631472,0.345992,-33.110001,-63.349998,53.060001,1770467839.209952
-0.64172,0.52094,0.387716,-35.630001,-73.080002,46.34,1770467839.217951
-0.568764,0.422364,0.45506,-35.700001,-83.019997,42.84,1770467839.225955
-0.5002,0.320616,0.527772,-36.330002,-93.029999,38.990002,1770467839.233973
-0.449448,0.249856,0.586576,-44.450001,-98.139999,44.939999,1770467839.242071
-0.381372,0.20252,0.64294,-53.970001,-103.040001,49.0,1770467839.249981
-0.300608,0.15128,0.69418,-60.689999,-103.459999,54.389999,1770467839.257953
-0.196664,0.12322,0.806176,-66.779999,-102.690002,58.310001,1770467839.265954
-0.057096,0.124684,1.025044,-80.43,-99.330002,64.959999,1770467839.273953
0.076372,0.13664,1.319308,-99.120003,-94.220001,73.779999,1770467839.281953
0.143472,0.125904,1.557696,-122.080002,-81.620003,84.489998,1770467839.290009
0.294752,0.073932,1.625528,-143.639999,-63.209999,97.860001,1770467839.297969
0.33916,-0.011712,1.429596,-140.279999,-46.900002,118.580002,1770467839.305967
0.284748,-0.103212,1.29564,-122.5,-26.459999,125.440002,1770467839.313956
0.214964,-0.1525,1.249036,-97.860001,-4.69,128.940002,1770467839.32196
0.108824,-0.154696,1.278804,-75.529999,17.780001,126.279999,1770467839.330009
-0.03782,-0.115168,1.336632,-57.959999,32.549999,122.43,1770467839.337969
-0.19642,-0.04636,1.374696,-50.119999,36.400002,112.349998,1770467839.345959
-0.305,0.060024,1.399584,-51.240002,26.950001,107.029999,1770467839.353956
-0.344528,0.10858,1.422764,-53.200001,3.22,95.269997,1770467839.361957
-0.2806,0.052216,1.401048,-53.41,-28.77,76.300003,1770467839.369977
-0.159088,-0.042944,1.282708,-45.919998,-56.419998,64.400002,1770467839.377948
0.00366,-0.160552,1.164612,-37.66,-72.449997,56.77,1770467839.385959
0.197152,-0.29036,1.091168,-26.110001,-81.339996,57.68,1770467839.393979
0.313296,-0.495564,1.079212,-18.969999,-89.25,45.779999,1770467839.40196
0.373564,-0.760304,1.113128,-13.23,-85.470001,35.209999,1770467839.410077
0.542168,-0.907192,1.135088,2.31,-75.25,31.85,1770467839.417996
0.618052,-0.987712,1.184132,21.42,-59.43,33.529999,1770467839.425962
0.654408,-0.983076,1.255868,35.349998,-34.860001,33.18,1770467839.433945
0.64172,-0.941596,1.309792,46.060001,-3.36,35.139999,1770467839.441957
0.558272,-0.865224,1.315404,51.52,24.99,42.700001,1770467839.449962
0.395524,-0.764452,1.264896,52.639999,41.860001,50.049999,1770467839.457962
0.20984,-0.641964,1.242692,53.970001,48.509998,62.790001,1770467839.466047
0.048312,-0.465796,1.204628,54.740002,45.5,65.309998,1770467839.473988
-0.108092,-0.28304,1.165588,50.889999,33.740002,73.360001,1770467839.482009
-0.244976,-0.105408,1.138992,47.740002,17.639999,78.889999,1770467839.489995
-0.366,0.02562,1.117276,41.580002,-4.13,81.690002,1770467839.49798
-0.41358,0.110288,1.083604,37.169998,-25.48,87.43,1770467839.506089
-0.43676,0.110776,1.048956,30.030001,-48.299999,81.480003,1770467839.51398
-0.385032,0.100284,1.07238,25.76,-66.360001,78.68,1770467839.521964
-0.302072,0.07076,1.041392,25.27,-80.010002,74.339996,1770467839.52995
-0.209108,0.030744,0.991616,23.1,-89.389999,68.32,1770467839.537977
-0.110532,-0.011468,0.931836,28.139999,-95.620003,62.16,1770467839.545958
-0.009272,-0.042944,0.892552,32.549999,-99.889999,60.34,1770467839.554063
0.080764,-0.072224,0.875472,36.330002,-102.339996,55.720001,1770467839.561961
0.17324,-0.098576,0.866444,44.099998,-104.650002,52.150002,1770467839.569959
0.254736,-0.110044,0.858636,48.790001,-104.440002,47.32,1770467839.577959
0.320616,-0.086376,0.861076,55.580002,-102.690002,43.330002,1770467839.585969
0.394304,-0.066856,0.854244,57.330002,-100.870003,31.15,1770467839.593978
0.447008,-0.046604,0.852048,58.869999,-94.919998,24.290001,1770467839.601965
0.47824,-0.06588,0.854976,64.330002,-88.339996,16.59,1770467839.609968
0.493124,-0.082228,0.828136,63.77,-75.32,6.72,1770467839.618015
0.582672,-0.022204,0.824476,70.769997,-69.089996,8.61,1770467839.62596
0.60756,-0.004392,0.833748,77.0,-54.459999,8.26,1770467839.633959
0.61,0.0122,0.838872,78.75,-32.130001,13.3,1770467839.641963
0.576816,0.08784,0.790804,80.989998,-10.36,21.629999,1770467839.650003
0.540216,0.222284,0.76372,83.650002,11.34,38.709999,1770467839.657965
0.423096,0.367708,0.730292,85.82,33.529999,48.439999,1770467839.665983
0.332816,0.549244,0.7015,81.550003,48.23,56.279999,1770467839.673959
0.247172,0.56608,0.655628,72.169998,56.84,66.849998,1770467839.681973
0.149572,0.640012,0.567544,64.120003,62.509998,76.300003,1770467839.690249
0.072712,0.67832,0.510448,45.779999,64.190002,83.720001,1770467839.697963
0.020984,0.713944,0.476044,37.52,70.209999,99.260002,1770467839.705966
-0.010736,0.675392,0.467504,20.02,69.440002,101.220001,1770467839.714065
-0.02196,0.623664,0.48312,7.56,72.660004,107.029999,1770467839.721992
-0.009028,0.573644,0.549488,2.87,79.940002,106.470001,1770467839.729961
0.005368,0.520452,0.66856,-7.21,91.629997,112.629997,1770467839.737964
-0.00122,0.496296,0.76738,-17.85,103.529999,116.620003,1770467839.745995
-0.027816,0.458232,0.847412,-34.860001,110.599998,122.220001,1770467839.754076
-0.080764,0.43188,0.9211,-44.52,108.5,129.149994,1770467839.761993
-0.11956,0.422608,1.018944,-49.560001,97.790001,129.5,1770467839.769957
-0.151768,0.371368,1.16388,-52.009998,80.849998,136.570007,1770467839.77796
-0.218624,0.261812,1.31638,-45.779999,64.330002,139.929993,1770467839.785989
-0.298656,0.19154,1.39934,-37.869999,50.959999,139.369995,1770467839.793983
-0.400648,0.149816,1.423008,-30.030001,40.669998,143.289993,1770467839.801965
-0.476532,0.2074,1.41154,-24.57,32.619999,141.610001,1770467839.809988
-0.538996,0.282552,1.348344,-23.799999,21.84,139.160004,1770467839.81796
-0.602192,0.32086,1.308084,-24.08,10.64,128.940002,1770467839.82596
-0.584136,0.318908,1.30906,-21.91,0.42,114.449997,1770467839.833962
-0.526064,0.333548,1.296372,-20.09,-9.38,104.93,1770467839.841963
-0.47824,0.342088,1.240984,-23.379999,-15.75,101.57,1770467839.849986
-0.41968,0.33062,1.139236,-27.65,-19.389999,100.309998,1770467839.857965
-0.356728,0.2928,1.019188,-34.23,-18.48,98.07,1770467839.865962
-0.304268,0.22814,0.899384,-39.759998,-21.700001,102.690002,1770467839.873959
-0.228384,0.154696,0.888892,-45.779999,-29.26,97.580002,1770467839.881958
-0.108824,0.046604,1.01016,-43.470001,-43.259998,86.940002,1770467839.890024
0.01586,-0.027084,1.10044,-36.049999,-52.639999,76.720001,1770467839.897978
0.138104,-0.116144,1.135332,-27.02,-57.889999,72.239998,1770467839.905964
0.313052,-0.32452,1.212192,-19.459999,-60.200001,69.650002,1770467839.914008
0.366732,-0.509716,1.281732,-17.57,-60.900002,53.130001,1770467839.922023
0.474092,-0.640012,1.27368,-1.33,-46.689999,49.700001,1770467839.929966
0.501664,-0.709796,1.283928,14.63,-28.209999,50.119999,1770467839.937964
0.515328,-0.733464,1.288564,30.66,-8.82,49.77,1770467839.945967
0.501908,-0.714676,1.27734,39.689999,10.29,52.779999,1770467839.954426
0.477508,-0.65514,1.241228,49.209999,22.75,56.07,1770467839.961997
0.423828,-0.5551,1.171688,60.34,33.110001,60.48,1770467839.969989
0.349652,-0.404308,1.083116,65.940002,34.650002,66.290001,1770467839.978052
0.26718,-0.200324,0.986492,70.769997,29.190001,65.379997,1770467839.986767
0.210572,-0.025864,0.945012,73.779999,22.889999,65.870003,1770467839.993985
0.155916,0.092964,0.931348,71.400002,17.01,61.810001,1770467840.001972
0.131516,0.240584,0.930616,68.389999,8.89,48.790001,1770467840.010066
0.121756,0.300608,0.943548,59.990002,4.13,38.709999,1770467840.017958
0.10492,0.31598,0.96502,57.540001,3.78,25.200001,1770467840.02599
0.19642,0.456768,0.928176,63.77,3.85,38.360001,1770467840.033963
0.120292,0.476532,0.976732,48.860001,-3.64,33.25,1770467840.041972
0.120048,0.490928,1.000644,42.0,-6.02,34.650002,1770467840.049965
0.11102,0.457012,1.00894,33.110001,-6.79,28.49,1770467840.057983
0.110288,0.366244,1.009916,26.530001,-5.11,23.52,1770467840.065961
0.088328,0.271328,0.99064,22.889999,-0.49,23.52,1770467840.07396
0.073688,0.221308,0.949892,19.32,3.85,21.07,1770467840.082014
0.05734,0.159088,0.90768,23.1,4.9,20.51,1770467840.090139
0.0305,0.140056,0.855708,25.9,3.22,18.27,1770467840.097963
0.007076,0.11712,0.837408,29.540001,0.07,15.12,1770467840.105951
0.005124,0.12444,0.840824,33.529999,-5.53,10.5,1770467840.113969
0.005856,0.149816,0.816912,35.0,-10.71,12.18,1770467840.121957
0.00854,0.156892,0.813984,40.880001,-17.780001,9.73,1770467840.129968
0.028548,0.151768,0.808372,43.119999,-23.24,12.18,1770467840.138016
0.053436,0.18056,0.802028,50.540001,-23.17,15.19,1770467840.145951
0.064904,0.252784,0.792024,57.330002,-22.889999,18.620001,1770467840.153953
0.072956,0.343796,0.79544,65.099998,-22.120001,19.110001,1770467840.161989
0.081252,0.435296,0.824232,67.620003,-24.15,21.84,1770467840.169959
0.09516,0.509472,0.87596,64.330002,-25.76,22.190001,1770467840.177931
0.12566,0.55144,0.909876,54.32,-27.02,26.879999,1770467840.186008
0.167384,0.54656,0.925248,43.189999,-27.02,25.9,1770467840.193974
0.212524,0.516304,0.914024,30.799999,-24.92,30.030001,1770467840.20196
0.24766,0.496052,0.879132,24.57,-21.209999,29.120001,1770467840.209985
0.272304,0.489464,0.840336,15.54,-11.9,35.91,1770467840.217949
0.288896,0.48556,0.809348,10.92,-1.26,41.93,1770467840.226009
0.292312,0.456768,0.8052,-0.91,9.52,42.0,1770467840.233959
0.293776,0.3843,0.823988,-12.53,25.9,49.700001,1770467840.241955
0.259128,0.293532,0.883524,-15.54,43.82,56.209999,1770467840.249954
0.214964,0.14518,0.988688,-17.01,64.400002,65.029999,1770467840.257953
0.138104,-0.008052,1.108736,-7.49,80.639999,67.199997,1770467840.265955
0.018788,-0.080764,1.192184,-4.13,94.43,76.650002,1770467840.274004
-0.14884,-0.05978,1.23586,-3.99,99.959999,81.480003,1770467840.281945
-0.318176,-0.002196,1.251476,-7.56,96.18,86.589996,1770467840.289978
-0.456768,0.078812,1.255868,-10.36,78.68,94.57,1770467840.297964
-0.57706,0.135176,1.283684,-9.8,50.189999,99.75,1770467840.305957
-0.722728,0.15494,1.331508,-13.23,17.219999,89.879997,1770467840.3141
-0.756644,0.154208,1.345416,-15.75,-16.52,75.529999,1770467840.321958
-0.660996,0.19886,1.3542,-13.09,-53.689999,63.419998,1770467840.329961
-0.506056,0.2501,1.350296,-18.200001,-80.989998,52.849998,1770467840.337957
-0.318176,0.298412,1.322724,-21.07,-96.739998,45.639999,1770467840.346034
-0.136396,0.317688,1.298812,-28.0,-103.32,34.650002,1770467840.353985
0.021716,0.324032,1.260748,-35.84,-101.919998,25.129999,1770467840.361967
0.160308,0.266448,1.225368,-42.419998,-91.419998,16.450001,1770467840.369965
0.3294,0.277184,1.1346,-44.73,-85.260002,10.85,1770467840.377996
0.4636,0.309148,1.098,-42.209999,-80.57,22.33,1770467840.386071
0.518744,0.261812,1.026508,-45.990002,-71.120003,29.610001,1770467840.394019
0.563152,0.226188,0.9272,-47.529999,-58.240002,35.560001,1770467840.401968
0.560468,0.238876,0.813008,-43.119999,-42.700001,38.360001,1770467840.40996
0.55266,0.25376,0.691496,-39.689999,-29.26,44.939999,1770467840.418024
0.535824,0.282308,0.606828,-36.68,-13.58,51.59,1770467840.425974
0.516548,0.302316,0.576328,-32.619999,3.78,53.619999,1770467840.433962
0.50508,0.312564,0.558028,-30.1,25.059999,63.84,1770467840.441955
0.485072,0.295728,0.527528,-23.66,43.959999,68.32,1770467840.449949
0.443836,0.30134,0.497028,-20.58,59.990002,79.870003,1770467840.457943
0.399672,0.284016,0.5063,-8.82,69.720001,87.150002,1770467840.465994
0.368928,0.23058,0.552904,-0.56,74.059998,87.919998,1770467840.474006
0.34038,0.1708,0.608292,9.66,73.989998,84.559998,1770467840.481967
0.316956,0.129808,0.652456,22.889999,72.660004,79.660004,1770467840.49002
0.31354,0.099552,0.700524,29.959999,71.190002,68.599998,1770467840.497974
0.334524,0.050752,0.738832,35.560001,71.190002,55.09,1770467840.505962
0.367708,-0.013908,0.754692,39.689999,71.540001,47.040001,1770467840.513967
0.394792,-0.06832,0.772748,41.790001,73.150002,42.98,1770467840.522013
0.422364,-0.118096,0.820328,49.0,76.089996,38.220001,1770467840.529946
0.437248,-0.166896,0.937448,50.959999,83.650002,31.92,1770467840.537946
0.460672,-0.192516,1.116544,56.0,97.089996,30.030001,1770467840.54606
0.453352,-0.223748,1.281244,62.650002,112.489998,22.540001,1770467840.553958
0.409432,-0.250588,1.39934,65.309998,126.279999,19.6,1770467840.561973
0.317932,-0.25376,1.456436,74.760002,137.970001,18.059999,1770467840.569965
0.188612,-0.20618,1.459608,82.669998,149.589996,18.27,1770467840.577979
0.029768,-0.090768,1.42496,87.5,159.179993,19.040001,1770467840.586036
-0.121512,0.061488,1.415444,82.110001,162.75,17.709999,1770467840.594012
-0.293288,0.256688,1.400804,68.949997,167.509995,25.129999,1770467840.601973
-0.423096,0.460184,1.409832,44.240002,161.279999,25.34,1770467840.609986
-0.525576,0.635864,1.430084,17.780001,150.639999,32.549999,1770467840.617964
-0.604632,0.728584,1.463512,-7.77,134.399994,37.59,1770467840.626023
-0.66734,0.751032,1.48474,-30.59,113.82,42.77,1770467840.63396
-0.709308,0.73932,1.46278,-46.759998,88.410004,45.639999,1770467840.641955
-0.72468,0.677832,1.39934,-57.189999,62.509998,47.110001,1770467840.649955
-0.711748,0.594628,1.283928,-62.02,36.75,48.23,1770467840.657998
-0.670268,0.51484,1.118984,-60.970001,14.07,44.029999,1770467840.66601
-0.611952,0.47092,0.938668,-55.369999,-8.68,36.330002,1770467840.673966
-0.533628,0.430904,0.786412,-48.860001,-27.370001,28.209999,1770467840.681961
-0.447496,0.402112,0.665876,-36.470001,-39.549999,25.129999,1770467840.689999
-0.366244,0.373564,0.597068,-27.65,-46.970001,22.82,1770467840.697975
-0.293776,0.358436,0.544608,-16.66,-50.330002,21.280001,1770467840.705961
-0.249368,0.35136,0.4819,-12.46,-49.630001,24.92,1770467840.713958
-0.219844,0.357216,0.396744,-5.81,-49.349998,23.1,1770467840.721955
-0.196664,0.368196,0.307196,-1.54,-54.25,29.049999,1770467840.730097
-0.182268,0.366,0.239364,-0.35,-61.25,28.35,1770467840.737952
-0.162992,0.366,0.182512,3.78,-68.459999,30.17,1770467840.745943
-0.139324,0.36478,0.14518,6.16,-77.0,29.469999,1770467840.753975
-0.11102,0.377224,0.119804,7.77,-85.190002,29.33,1770467840.761969
-0.062464,0.37454,0.13542,15.19,-92.260002,26.040001,1770467840.769962
0.008052,0.332572,0.221064,20.370001,-91.419998,25.76,1770467840.77798
0.070028,0.278648,0.3538,22.889999,-87.010002,24.92,1770467840.785951
0.118584,0.244,0.548268,18.969999,-80.080002,23.940001,1770467840.794004
0.127368,0.221796,0.764208,10.99,-69.650002,26.67,1770467840.80199
0.0915,0.20374,1.00162,9.31,-54.529999,22.75,1770467840.810078
0.022936,0.16348,1.24318,4.34,-33.599998,13.86,1770467840.817953
-0.051972,0.095648,1.4213,6.23,-13.79,2.31,1770467840.825996
-0.08784,0.09272,1.635044,0.35,-4.55,-11.13,1770467840.833977
-0.089304,0.15616,1.904176,-10.43,-4.83,-15.61,1770467840.842039
-0.014396,0.122732,2.057652,-23.1,-20.23,-12.39,1770467840.849957
-0.005124,-0.014152,2.081808,-34.650002,-42.209999,-2.31,1770467840.857972
0.03538,-0.133468,2.154032,-35.419998,-55.02,3.64,1770467840.865957
0.109068,-0.249124,2.198928,-36.68,-62.439999,6.58,1770467840.87396
0.183732,-0.235704,2.105476,-39.970001,-66.849998,8.4,1770467840.881959
0.250588,-0.19642,1.893684,-41.650002,-71.68,11.2,1770467840.889954
0.30744,-0.113948,1.685796,-43.540001,-71.540001,11.62,1770467840.898092
0.357216,-0.030012,1.484252,-40.110001,-66.709999,14.91,1770467840.905964
0.390156,0.020252,1.292224,-39.759998,-60.130001,14.07,1770467840.913994
0.428708,0.068564,1.094584,-39.970001,-51.799999,12.53,1770467840.921965
0.484096,0.200812,0.916708,-28.35,-44.310001,26.25,1770467840.929959
0.466284,0.28426,0.7747,-20.860001,-33.810001,34.23,1770467840.937975
0.454328,0.338672,0.654896,-20.09,-20.370001,38.360001,1770467840.945958
0.447008,0.38064,0.557052,-18.690001,-6.37,40.599998,1770467840.953958
0.427732,0.38064,0.447008,-17.57,8.12,46.689999,1770467840.961944
0.396012,0.35014,0.343552,-9.1,20.299999,46.830002,1770467840.970127
0.331108,0.297192,0.221552,0.77,38.5,53.970001,1770467840.981163
0.294264,0.290116,0.177144,8.54,47.950001,52.57,1770467840.986258
0.233996,0.273768,0.122976,17.360001,62.720001,53.619999,1770467840.994001
0.178852,0.258396,0.098088,24.43,77.769997,52.150002,1770467841.002022
0.140544,0.2257,0.08662,29.33,87.849998,47.669998,1770467841.009969
0.119804,0.202276,0.085156,31.43,94.639999,42.07,1770467841.017958
0.104188,0.193492,0.105164,35.209999,99.330002,35.07,1770467841.026005
0.09394,0.17446,0.205204,35.560001,101.639999,33.740002,1770467841.034055
0.117364,0.141764,0.424072,34.860001,101.290001,30.73,1770467841.041957
0.163236,0.099552,0.770796,30.66,102.059998,21.84,1770467841.049962
0.179096,0.098088,1.175836,21.559999,108.639999,14.35,1770467841.057955
0.18178,0.07564,1.5067,15.89,121.940002,5.11,1770467841.065963
0.20008,-0.069052,1.7202,5.53,131.179993,-5.18,1770467841.073983
0.242048,-0.299876,1.84586,-3.15,124.879997,3.78,1770467841.081987
0.165188,-0.480192,1.974692,-5.81,110.529999,19.110001,1770467841.089959
-0.013908,-0.482632,2.054968,0.35,114.169998,34.790001,1770467841.098022
-0.119804,-0.498248,2.037888,11.2,115.290001,47.459999,1770467841.105965
-0.35258,-0.611708,1.964688,0.42,122.290001,22.75,1770467841.113953
-0.399672,-0.513132,1.815116,-2.03,117.18,17.15,1770467841.121953
-0.477264,-0.375028,1.730204,0.77,115.5,6.79,1770467841.129981
-0.549,-0.196176,1.668472,0.56,111.160004,11.55,1770467841.137947
-0.598532,-0.00122,1.594296,-0.35,103.529999,0.84,1770467841.146056
-0.607316,0.171776,1.488156,-11.34,89.389999,-7.7,1770467841.154016
-0.590236,0.305732,1.348588,-22.33,73.080002,-7.35,1770467841.162126
-0.559004,0.365024,1.188036,-30.309999,57.68,-15.96,1770467841.169982
-0.52216,0.364536,1.008452,-38.360001,38.009998,-17.219999,1770467841.177953
-0.48068,0.337208,0.833992,-34.580002,16.1,-22.82,1770467841.185955
-0.425292,0.298656,0.693204,-30.73,-5.46,-32.130001,1770467841.19398
-0.35746,0.264252,0.578524,-21.91,-22.889999,-35.07,1770467841.201964
-0.286456,0.225212,0.486048,-8.33,-39.34,-38.639999,1770467841.209972
-0.249124,0.23424,0.386496,2.66,-50.68,-40.32,1770467841.218018
-0.211304,0.216184,0.306464,11.2,-59.43,-45.849998,1770467841.22596
-0.187392,0.218868,0.244,18.41,-66.779999,-51.869999,1770467841.233951
-0.046848,0.322568,0.165676,30.030001,-67.760002,-32.060001,1770467841.241951
-0.024888,0.369172,0.143228,39.130001,-76.860001,-18.129999,1770467841.24995
-0.003904,0.425048,0.112972,41.650002,-82.32,-1.4,1770467841.257948
0.021472,0.455792,0.098576,38.639999,-88.760002,9.31,1770467841.265997
0.050508,0.47336,0.095404,37.099998,-91.139999,19.459999,1770467841.273953
0.077592,0.471896,0.11346,35.279999,-84.699997,25.969999,1770467841.281941
0.097844,0.479704,0.176412,33.040001,-71.68,30.030001,1770467841.289955
0.121268,0.506056,0.310124,30.24,-46.900002,29.959999,1770467841.298097
0.149084,0.546072,0.5368,24.85,-15.33,27.65,1770467841.30596
0.172996,0.595116,0.857416,20.23,20.790001,22.959999,1770467841.313959
0.141032,0.619272,1.192428,10.99,57.540001,16.030001,1770467841.321958
0.045384,0.588772,1.44204,7.91,92.400002,8.47,1770467841.32996
-0.143472,0.522892,1.694824,-3.99,122.709999,2.87,1770467841.337957
-0.456036,0.375028,1.895392,-12.67,149.940002,-6.86,1770467841.346035
-0.609512,0.162992,2.053504,-21.98,158.410004,-12.53,1770467841.353956
-0.706624,-0.061,2.2875,-23.1,142.169998,-4.76,1770467841.362001
-0.907924,-0.355996,2.42292,-15.19,119.629997,10.29,1770467841.369955
-1.110932,-0.676368,2.386808,-25.76,77.209999,-14.84,1770467841.377969
-1.094828,-0.73322,2.164036,-25.549999,20.299999,-14.49,1770467841.386064
-1.020164,-0.712724,1.883924,-36.68,-39.130001,-19.459999,1770467841.394071
-0.870836,-0.642208,1.63358,-45.919998,-87.220001,-15.54,1770467841.401965
-0.643916,-0.521428,1.436428,-51.450001,-122.57,-19.040001,1770467841.410044
-0.396256,-0.398452,1.292224,-55.580002,-143.990005,-17.15,1770467841.417983
-0.158844,-0.26718,1.15778,-55.09,-156.169998,-13.16,1770467841.426043
0.013908,-0.134688,1.00894,-54.880001,-162.119995,-5.88,1770467841.433981
0.11102,0.014152,0.85156,-53.900002,-158.410004,-0.14,1770467841.441958
0.178364,0.082716,0.69174,-53.130001,-152.389999,-4.69,1770467841.449955
0.223748,0.19398,0.506056,-49.91,-150.639999,-11.41,1770467841.458025
0.39894,0.465552,0.288164,-23.24,-157.850006,23.17,1770467841.465958
0.32452,0.384056,0.18422,-7.07,-149.100006,39.130001,1770467841.473944
0.315004,0.387228,0.059048,7.0,-134.610001,58.240002,1770467841.481959
0.308416,0.371856,-0.01586,23.1,-119.0,60.200001,1770467841.489972
0.304024,0.348188,-0.055144,36.189999,-96.879997,60.830002,1770467841.497998
0.29158,0.34038,-0.057096,51.869999,-70.0,61.459999,1770467841.505974
0.281088,0.347212,-0.028304,58.380001,-40.110001,53.200001,1770467841.513964
0.277672,0.350628,0.03294,54.669998,-10.36,47.529999,1770467841.521972
0.282064,0.359656,0.13054,48.299999,18.9,39.549999,1770467841.529951
0.294752,0.371856,0.269376,40.810001,49.209999,35.560001,1770467841.537944
0.333304,0.355264,0.472384,35.77,77.209999,32.830002,1770467841.545969
0.376248,0.299876,0.740784,28.559999,101.849998,29.540001,1770467841.554001
0.367708,0.204472,1.00284,18.41,124.040001,18.48,1770467841.562121
0.31964,0.076128,1.21634,11.13,140.419998,2.1,1770467841.569971
0.23546,-0.025132,1.392508,5.25,158.270004,-7.56,1770467841.57796
0.154696,-0.161772,1.620892,8.47,169.610001,-10.78,1770467841.585964
0.071248,-0.26108,2.03984,2.52,172.690002,-9.8,1770467841.593993
-0.141032,-0.328668,2.4888,1.68,179.830002,-3.78,1770467841.60201
-0.298168,-0.474824,2.688636,10.08,171.149994,9.94,1770467841.609972
-0.52582,-0.571204,2.662528,9.31,150.5,31.290001,1770467841.61796
-0.805688,-0.654164,2.376072,-19.040001,121.519997,6.72,1770467841.626036
-0.8662,-0.575596,2.024468,-35.490002,83.720001,4.48,1770467841.634003
-0.8906,-0.459452,1.68726,-47.880001,46.41,-2.31,1770467841.64196
-0.840336,-0.36356,1.436916,-50.75,17.43,-5.88,1770467841.649964
-0.747128,-0.254004,1.274168,-54.32,0.63,-6.09,1770467841.657987
-0.646356,-0.128832,1.16022,-52.009998,-10.99,-12.04,1770467841.66651
-0.532652,-0.031232,1.05164,-52.779999,-15.54,-17.57,1770467841.673959
-0.453108,0.069296,0.930616,-53.200001,-21.209999,-21.49,1770467841.681959
-0.384544,0.160552,0.796416,-46.41,-28.77,-27.440001,1770467841.689967
-0.328668,0.23546,0.658556,-43.470001,-35.98,-30.799999,1770467841.697988
-0.279136,0.256932,0.529968,-31.57,-44.52,-31.219999,1770467841.705963
-0.228872,0.273768,0.416996,-20.58,-52.43,-35.209999,1770467841.713967
-0.187148,0.282552,0.32574,-12.11,-60.200001,-35.139999,1770467841.721961
-0.184464,0.257664,0.261568,-1.54,-65.239998,-41.650002,1770467841.730053
-0.169824,0.291336,0.194468,6.3,-68.32,-49.77,1770467841.737958
-0.06832,0.450912,0.101992,23.52,-67.760002,-33.25,1770467841.746008
-0.052216,0.509472,0.090524,34.790001,-76.230003,-11.97,1770467841.753972
-0.022692,0.567544,0.08662,36.119999,-83.510002,1.75,1770467841.76197
0.019276,0.603656,0.097844,39.34,-89.110001,12.88,1770467841.770109
0.062952,0.627568,0.12078,39.759998,-88.199997,24.99,1770467841.777958
0.113948,0.648796,0.146644,49.419998,-82.669998,34.650002,1770467841.786002
0.161284,0.63684,0.20374,56.0,-69.300003,43.75,1770467841.793964
0.171532,0.619028,0.305244,61.389999,-45.080002,50.470001,1770467841.801974
0.17324,0.611464,0.460184,61.529999,-15.82,49.419998,1770467841.81003
0.17202,0.626348,0.665144,51.310001,18.41,44.73,1770467841.817972
0.145668,0.639036,0.908656,41.650002,55.16,33.880001,1770467841.825981
0.043432,0.60268,1.100196,34.23,88.199997,30.309999,1770467841.833953
-0.135176,0.504592,1.29198,31.08,115.43,16.030001,1770467841.841956
-0.380152,0.410408,1.585512,28.42,135.869995,5.81,1770467841.85005
-0.647332,0.25864,1.9459,12.81,146.929993,-11.69,1770467841.857983
-0.712236,0.083204,2.246996,-4.48,130.759995,-8.19,1770467841.865943
-1.027484,-0.27206,2.57542,-21.559999,101.849998,2.8,1770467841.873969
-1.284172,-0.854488,2.659844,-38.990002,73.849998,-11.27,1770467841.881992
-1.28588,-1.070916,2.46928,-37.240002,22.190001,-6.23,1770467841.889971
-1.229028,-1.105808,2.189168,-44.310001,-41.790001,-15.96,1770467841.89826
-1.072624,-0.928176,1.889048,-49.84,-94.709999,-13.44,1770467841.906006
-0.825208,-0.7198,1.67384,-54.740002,-136.990005,-15.82,1770467841.913968
-0.518256,-0.514108,1.479616,-61.669998,-166.529999,-19.67,1770467841.921983
-0.232776,-0.328912,1.263188,-64.190002,-186.619995,-9.8,1770467841.929961
0.000488,-0.182268,1.056764,-59.360001,-196.419998,-3.71,1770467841.937958
0.150548,-0.037332,0.8601,-45.150002,-197.75,9.59,1770467841.946024
0.193492,0.007808,0.720288,-34.580002,-187.320007,13.51,1770467841.95399
0.303292,0.198128,0.52704,-21.559999,-182.839996,5.32,1770467841.961966
0.549976,0.467748,0.33428,2.66,-182.210007,6.37,1770467841.97003
0.427,0.411384,0.27938,31.57,-165.759995,33.950001,1770467841.978442
0.424804,0.408944,0.19764,48.720001,-144.059998,40.599998,1770467841.986155
0.40626,0.439932,0.090036,57.259998,-120.120003,45.779999,1770467841.994115
0.379908,0.482388,-0.006832,61.880001,-91.349998,47.110001,1770467842.00203
0.340868,0.510692,-0.079788,65.519997,-58.450001,46.900002,1770467842.009988
0.298656,0.521428,-0.121268,58.66,-23.870001,46.689999,1770467842.018012
0.283284,0.502152,-0.13908,51.099998,5.6,44.52,1770467842.025958
0.28182,0.470188,-0.122976,42.209999,33.669998,37.450001,1770467842.033938
0.284504,0.448228,-0.044164,28.91,57.400002,32.060001,1770467842.041964
0.310612,0.420168,0.140788,23.870001,77.0,27.16,1770467842.049957
0.381372,0.356972,0.452864,17.08,91.419998,25.549999,1770467842.058005
0.442128,0.244732,0.84302,14.56,104.650002,18.27,1770467842.066066
0.427976,0.113704,1.264652,10.99,124.599998,10.43,1770467842.073968
0.378932,-0.076128,1.59942,9.52,152.949997,4.76,1770467842.081962
0.40748,-0.34282,1.791448,8.12,156.380005,9.38,1770467842.089955
0.336964,-0.549976,2.047404,1.54,138.949997,24.780001,1770467842.097963
0.061976,-0.52704,2.2814,14.0,132.160004,43.540001,1770467842.106077
-0.142252,-0.606096,2.448784,23.66,126.839996,52.360001,1770467842.113966
-0.456524,-0.792024,2.472452,8.33,138.179993,25.549999,1770467842.121958
-0.564372,-0.72224,2.242116,11.41,130.830002,24.290001,1770467842.129955
-0.698816,-0.560956,1.98128,8.68,120.470001,11.2,1770467842.137951
-0.791292,-0.374296,1.733376,11.41,105.980003,6.93,1770467842.145956
-0.807396,-0.165188,1.515728,10.22,89.110001,-4.06,1770467842.154034
-0.751276,0.025132,1.376404,0.56,66.080002,-7.14,1770467842.161988
-0.66246,0.178608,1.269776,-8.19,41.439999,-10.5,1770467842.169983
-0.567788,0.2745,1.153876,-20.299999,23.24,-13.3,1770467842.177955
-0.49166,0.318664,1.027972,-26.459999,4.69,-12.95,1770467842.185994
-0.410164,0.334036,0.909388,-30.309999,-13.58,-16.870001,1770467842.19404
-0.34038,0.299388,0.787876,-31.57,-29.68,-16.66,1770467842.20198
-0.305732,0.323056,0.644404,-20.440001,-46.34,-21.35,1770467842.209957
-0.262544,0.279136,0.528016,-12.46,-61.32,-28.98,1770467842.217958
-0.229604,0.246928,0.416508,1.33,-74.480003,-34.299999,1770467842.226035
-0.105164,0.334036,0.281332,20.440001,-86.449997,-22.049999,1770467842.23398
-0.074908,0.388692,0.214476,31.43,-100.239998,-6.23,1770467842.241955
-0.058316,0.415532,0.156404,39.759998,-110.459999,-0.7,1770467842.249953
-0.03172,0.458964,0.09394,38.639999,-114.660004,6.79,1770467842.257981
0.014396,0.5307,0.035136,37.310001,-116.410004,13.86,1770467842.265959
0.077592,0.604144,0.00488,39.689999,-112.839996,19.040001,1770467842.274022
0.13664,0.643428,0.011712,43.75,-105.419998,26.879999,1770467842.281971
0.188612,0.686616,0.041236,45.990002,-92.889999,29.82,1770467842.289956
0.238388,0.73566,0.095892,44.240002,-73.43,33.529999,1770467842.297951
0.305244,0.774212,0.22692,35.98,-46.900002,32.41,1770467842.306099
0.36112,0.75762,0.434076,23.799999,-14.42,26.110001,1770467842.313983
0.394548,0.705648,0.7015,1.68,24.780001,28.700001,1770467842.321976
0.36234,0.59902,0.962336,-20.09,62.509998,21.84,1770467842.329996
0.285236,0.41236,1.199504,-45.990002,100.940002,13.02,1770467842.338038
0.167628,0.180804,1.459364,-53.689999,135.100006,3.08,1770467842.345968
-0.024644,0.00976,1.868308,-53.900002,167.929993,-10.36,1770467842.353962
-0.210328,-0.148596,2.366068,-51.73,197.330002,-12.04,1770467842.361997
-0.39162,-0.430172,2.78892,-45.009998,206.639999,-12.04,1770467842.369961
-0.731512,-0.708332,2.88652,-22.82,210.070007,6.23,1770467842.377998
-1.047492,-0.963556,2.7084,-16.450001,169.539993,-12.6,1770467842.38602
-1.175348,-0.818376,2.353624,-25.41,90.93,-14.28,1770467842.393948
-1.170956,-0.613904,1.924184,-44.799999,9.87,-18.549999,1770467842.402002
-1.000156,-0.445788,1.5677,-51.099998,-64.68,-14.84,1770467842.410051
-0.7259,-0.267424,1.339072,-54.529999,-120.75,-14.98,1770467842.418383
-0.441152,-0.100284,1.169248,-53.200001,-153.720001,-12.81,1770467842.425972
-0.2013,0.047092,0.99552,-47.529999,-177.309998,-12.53,1770467842.433963
-0.014396,0.159088,0.848388,-39.34,-189.630005,-4.27,1770467842.441963
0.048312,0.129076,0.729072,-32.200001,-187.529999,-4.76,1770467842.450032
0.204472,0.182512,0.575108,-27.58,-181.720001,-16.24,1770467842.457983
0.34526,0.359412,0.379664,7.98,-180.320007,24.99,1770467842.465963
0.39528,0.30134,0.278404,27.09,-161.839996,41.299999,1770467842.473961
0.387716,0.278404,0.158356,40.459999,-136.779999,53.830002,1770467842.482255
0.379908,0.272304,0.064416,51.099998,-107.449997,55.509998,1770467842.489963
0.367952,0.277672,0.011956,55.650002,-77.419998,57.540001,1770467842.498016
0.35014,0.273036,-0.013664,57.049999,-44.099998,53.759998,1770467842.505981
0.332084,0.26718,-0.028792,54.669998,-10.92,45.43,1770467842.513967
0.319396,0.266692,-0.038308,50.400002,21.0,42.700001,1770467842.521969
0.307684,0.288652,-0.004392,50.189999,53.41,36.119999,1770467842.52997
0.305244,0.307928,0.099552,43.889999,80.150002,32.48,1770467842.537957
0.325008,0.333304,0.29402,37.310001,104.370003,30.940001,1770467842.546062
0.382104,0.348676,0.61366,28.139999,123.620003,22.75,1770467842.553958
0.420656,0.371368,1.003328,13.02,141.610001,13.51,1770467842.561974
0.403332,0.257664,1.354932,3.08,167.160004,2.31,1770467842.569954
0.335744,0.057584,1.56282,-6.37,190.820007,-3.15,1770467842.577975
0.274744,-0.1708,1.69946,-10.08,198.380005,-0.91,1770467842.586014
0.189344,-0.310612,1.921988,-13.23,187.179993,11.69,1770467842.593972
-0.055144,-0.3965,2.254072,-18.41,180.740005,24.290001,1770467842.601982
-0.240828,-0.474092,2.380708,-15.75,169.190002,35.700001,1770467842.60996
-0.532652,-0.542656,2.395104,-13.79,154.490005,47.32,1770467842.617969
-0.76128,-0.684908,2.196976,-26.110001,134.889999,19.74,1770467842.625997
-0.87352,-0.612928,1.929064,-28.559999,109.199997,11.9,1770467842.633975
-0.9455,-0.437736,1.673596,-31.43,83.510002,1.05,1770467842.641963
-0.971852,-0.263032,1.48108,-28.629999,59.290001,-1.61,1770467842.649964
-0.929396,-0.070516,1.336388,-38.220001,38.779999,-15.33,1770467842.657963
-0.841312,0.117364,1.215364,-41.790001,18.83,-23.799999,1770467842.666007
-0.730292,0.23424,1.082384,-46.34,1.19,-33.529999,1770467842.673986
-0.607316,0.282796,0.9272,-50.889999,-18.129999,-36.189999,1770467842.682059
-0.502884,0.307196,0.778848,-42.77,-39.130001,-40.110001,1770467842.689949
-0.398696,0.303292,0.648064,-34.299999,-58.59,-44.59,1770467842.697946
-0.319152,0.28304,0.531188,-16.1,-74.620003,-45.360001,1770467842.705981
-0.260836,0.241072,0.419924,-1.33,-87.080002,-55.580002,1770467842.713968
-0.144204,0.347944,0.285968,17.639999,-92.75,-43.470001,1770467842.721988
-0.088084,0.434808,0.2196,44.450001,-100.309998,-32.689999,1770467842.729965
-0.047092,0.459208,0.239852,58.939999,-104.089996,-18.34,1770467842.738004
-0.015616,0.50996,0.225456,66.290001,-106.75,-3.08,1770467842.74598
0.020496,0.553636,0.163968,67.410004,-110.32,9.38,1770467842.754343
0.06954,0.580476,0.105652,67.760002,-116.550003,19.25,1770467842.761967
0.1037,0.607316,0.0732,74.550003,-120.889999,25.34,1770467842.769957
0.118828,0.615612,0.062464,73.919998,-117.32,35.98,1770467842.77796
0.134444,0.612684,0.064416,70.349998,-104.019997,40.669998,1770467842.786009
0.146888,0.603168,0.097356,55.509998,-88.410004,42.07,1770467842.794044
0.172996,0.581696,0.23546,33.740002,-63.77,34.650002,1770467842.80227
0.210816,0.546804,0.493856,13.86,-31.780001,20.860001,1770467842.809961
0.230336,0.475068,0.8174,-3.92,12.32,8.05,1770467842.817966
0.178608,0.337208,1.126304,-16.309999,57.470001,-5.74,1770467842.825951
0.033184,0.141032,1.418372,-26.530001,98.839996,-19.459999,1770467842.83408
-0.147376,0.002928,1.776076,-31.57,133.070007,-26.040001,1770467842.841961
-0.349164,-0.122244,2.288232,-27.51,152.179993,-32.619999,1770467842.849961
-0.59048,-0.374296,2.76574,-28.42,157.360001,-27.09,1770467842.857958
-0.9272,-0.74786,2.89262,-25.129999,149.729996,-31.15,1770467842.865963
-1.036024,-0.902312,2.616656,-17.99,107.589996,-31.709999,1770467842.87407
-1.078236,-0.907924,2.356064,-18.76,42.0,-31.360001,1770467842.881961
-1.037,-0.72224,2.076684,-25.9,-30.52,-29.120001,1770467842.889952
-0.868396,-0.539728,1.787056,-38.360001,-89.669998,-18.059999,1770467842.897941
-0.598776,-0.372832,1.566968,-48.369999,-131.389999,-15.96,1770467842.905969
-0.325252,-0.227164,1.355664,-56.0,-162.330002,-9.87,1770467842.913967
-0.095892,-0.098576,1.09922,-62.23,-180.039993,-4.2,1770467842.922007
0.075396,0.023912,0.86742,-57.68,-191.869995,1.61,1770467842.92997
0.1342,0.071248,0.69906,-55.580002,-187.529999,4.69,1770467842.938002
0.251564,0.156404,0.548024,-47.110001,-182.419998,-3.99,1770467842.946028
0.342332,0.152744,0.424072,-37.66,-175.839996,-15.26,1770467842.953965
0.433832,0.28914,0.269132,-8.19,-157.850006,26.110001,1770467842.96196
0.430416,0.304756,0.139568,13.44,-135.800003,39.34,1770467842.970168
0.431392,0.304268,0.023668,19.6,-111.300003,47.810001,1770467842.978365
0.426512,0.318908,-0.053924,30.450001,-86.800003,50.400002,1770467842.986168
0.402112,0.33428,-0.103212,33.32,-57.540001,51.59,1770467842.993975
0.368928,0.339404,-0.115656,38.220001,-23.870001,49.91,1770467843.002098
0.353312,0.326472,-0.0915,47.18,10.78,43.610001,1770467843.009973
0.338916,0.31232,-0.007808,49.0,43.75,40.810001,1770467843.017966
0.340868,0.313784,0.113704,48.509998,70.489998,33.950001,1770467843.025962
0.344528,0.307684,0.289628,42.0,96.110001,29.82,1770467843.033973
0.368196,0.292556,0.532408,33.32,116.620003,24.08,1770467843.041973
0.40016,0.274988,0.819108,26.32,133.490005,16.799999,1770467843.050122
0.396744,0.212768,1.09434,20.65,151.410004,0.07,1770467843.057951
0.360876,0.091012,1.294908,20.299999,171.850006,-9.17,1770467843.065957
0.283772,-0.075396,1.403732,23.52,187.25,-19.459999,1770467843.073957
0.239364,-0.234728,1.523048,25.969999,191.869995,-12.6,1770467843.081945
0.167384,-0.400404,1.8178,28.91,178.919998,3.22,1770467843.089955
-0.048556,-0.469944,2.1899,27.440001,173.809998,16.450001,1770467843.097943
-0.188856,-0.5185,2.431704,30.799999,162.050003,34.439999,1770467843.10608
-0.72346,-0.773724,2.556876,16.1,161.070007,19.809999,1770467843.11395
-0.706868,-0.634888,2.262124,2.03,143.5,5.81,1770467843.121959
-0.826672,-0.496784,2.022272,-8.75,121.519997,0.21,1770467843.129954
-0.884744,-0.323056,1.771684,-18.690001,99.050003,-9.03,1770467843.137953
-0.897188,-0.16348,1.562576,-26.459999,76.790001,-10.15,1770467843.145952
-0.847656,-0.010004,1.409588,-37.869999,54.669998,-20.370001,1770467843.153984
-0.774456,0.128344,1.263188,-49.419998,35.560001,-22.26,1770467843.161958
-0.688812,0.215696,1.100928,-56.419998,16.309999,-27.09,1770467843.170195
-0.595116,0.252784,0.9272,-58.450001,-0.84,-32.689999,1770467843.177952
-0.516304,0.275964,0.776164,-53.970001,-16.59,-38.57,1770467843.185961
-0.438956,0.285724,0.65514,-46.41,-32.27,-42.84,1770467843.194045
-0.36112,0.276452,0.543144,-35.630001,-45.709999,-46.619999,1770467843.202025
-0.304268,0.293776,0.45506,-23.799999,-56.77,-53.689999,1770467843.209954
-0.265472,0.270352,0.375516,-11.9,-65.099998,-61.110001,1770467843.217949
-0.132492,0.353556,0.255956,0.7,-68.459999,-54.950001,1770467843.225948
-0.047092,0.507764,0.19276,18.34,-81.900002,-38.220001,1770467843.233965
-0.082716,0.549976,0.17202,26.389999,-91.139999,-10.71,1770467843.241955
-0.072956,0.615856,0.123708,29.26,-101.919998,-1.82,1770467843.249951
-0.031476,0.651236,0.083204,31.85,-111.650002,14.42,1770467843.257949
0.00366,0.646356,0.07686,34.299999,-116.760002,17.219999,1770467843.26595
0.065392,0.639768,0.078812,35.560001,-118.510002,30.17,1770467843.274066
0.102236,0.598776,0.115412,36.119999,-113.889999,39.27,1770467843.28194
0.13786,0.548512,0.204472,30.870001,-94.220001,39.130001,1770467843.28995
0.185928,0.490684,0.367952,21.209999,-63.91,35.700001,1770467843.297932
0.238876,0.423584,0.595604,8.75,-22.75,21.280001,1770467843.305972
0.273036,0.335744,0.84424,-1.33,24.43,11.55,1770467843.313959
0.247416,0.19154,1.035536,-8.89,73.779999,0.14,1770467843.32197
0.129076,0.026596,1.18828,-5.25,119.139999,-5.88,1770467843.330096
-0.0488,-0.05246,1.439112,1.68,156.169998,-15.54,1770467843.337951
-0.311832,-0.092964,1.878556,16.309999,184.589996,-19.459999,1770467843.345959
-0.668804,-0.309636,2.340692,19.459999,198.380005,-14.49,1770467843.353959
-1.090192,-0.668316,2.753784,17.01,189.910004,-11.9,1770467843.361985
-1.195356,-0.721752,2.560292,19.67,149.520004,-14.63,1770467843.369978
-1.3115,-0.766648,2.265784,8.19,85.050003,-9.87,1770467843.377968
-1.326872,-0.74664,2.04472,-7.56,5.25,-10.15,1770467843.38596
-1.195112,-0.652456,1.799256,-23.24,-65.309998,-15.4,1770467843.393969
-0.941352,-0.505568,1.597712,-42.98,-121.449997,-12.81,1770467843.402055
-0.652944,-0.347212,1.43838,-56.0,-162.399994,-23.379999,1770467843.409985
-0.36478,-0.224968,1.285392,-70.769997,-186.619995,-22.120001,1770467843.417961
-0.117608,-0.109312,1.111908,-78.120003,-202.649994,-20.93,1770467843.42603
0.073932,0.000732,0.934764,-80.010002,-209.649994,-16.309999,1770467843.433967
0.133956,0.056852,0.791048,-80.010002,-202.160004,-11.06,1770467843.442078
0.310612,0.112972,0.66856,-74.550003,-194.320007,-18.690001,1770467843.449994
0.40016,0.10248,0.576816,-63.0,-185.850006,-18.41,1770467843.457952
0.528504,0.246684,0.42822,-31.57,-168.979996,21.280001,1770467843.465955
0.518012,0.285236,0.305976,-13.93,-145.320007,26.25,1770467843.473959
0.496784,0.331108,0.195932,-4.76,-118.230003,38.220001,1770467843.481983
0.45872,0.371368,0.10248,1.12,-91.699997,41.580002,1770467843.489991
0.417972,0.385764,0.03782,1.12,-59.43,42.209999,1770467843.49795
0.38674,0.34282,0.006832,-0.28,-24.780001,45.849998,1770467843.50597
0.363072,0.245708,-0.000732,0.7,10.08,35.419998,1770467843.513947
0.35136,0.170556,0.008784,6.37,46.34,35.91,1770467843.521963
0.34038,0.124928,0.055876,17.43,82.739998,24.92,1770467843.529958
0.332328,0.116876,0.188368,29.68,116.410004,23.309999,1770467843.537966
0.349896,0.136884,0.42212,40.32,143.710007,13.3,1770467843.546011
0.393328,0.14762,0.747372,42.700001,166.600006,12.67,1770467843.55402
0.39528,0.135664,1.061888,39.970001,188.509995,2.31,1770467843.561957
0.343064,0.068808,1.225856,45.849998,211.259995,-5.32,1770467843.569958
0.235216,-0.053436,1.311012,51.099998,228.199997,0.21,1770467843.577956
0.077592,-0.168848,1.413492,64.330002,242.619995,3.36,1770467843.586005
-0.048556,-0.20862,1.6165,71.400002,238.910004,17.709999,1770467843.594043
-0.23668,-0.27572,1.98128,70.629997,214.130005,29.959999,1770467843.602215
-0.517524,-0.303048,2.243336,59.220001,177.940002,50.68,1770467843.609969
-0.780556,-0.401868,2.270908,36.189999,141.330002,66.220001,1770467843.617968
-1.064328,-0.586332,2.154764,11.2,108.220001,26.459999,1770467843.626011
-1.118252,-0.630496,1.909544,1.54,72.730003,28.77,1770467843.634102
-1.123864,-0.573888,1.681892,-5.88,43.540001,13.09,1770467843.641968
-1.083604,-0.4758,1.522804,-10.71,22.68,-2.8,1770467843.649967
-0.996984,-0.325008,1.400316,-15.05,7.77,-11.13,1770467843.657951
-0.8845,-0.157136,1.288564,-23.799999,0.07,-24.639999,1770467843.666001
-0.758596,0.005368,1.175104,-27.65,-7.0,-35.07,1770467843.673973
-0.645136,0.138592,1.035536,-31.780001,-15.89,-38.779999,1770467843.681984
-0.546072,0.219356,0.892308,-29.889999,-26.110001,-43.82,1770467843.690075
-0.466284,0.278648,0.780312,-22.540001,-35.91,-43.470001,1770467843.697937
-0.383568,0.309392,0.704428,-12.46,-48.23,-47.599998,1770467843.705971
-0.315736,0.315492,0.639524,-1.89,-59.43,-44.799999,1770467843.713962
-0.284016,0.302316,0.574376,4.97,-68.389999,-51.240002,1770467843.722062
-0.300608,0.338916,0.446764,13.3,-73.080002,-49.209999,1770467843.730005
-0.142984,0.461404,0.3538,23.17,-85.540001,-29.75,1770467843.737958
-0.109068,0.528016,0.30378,34.860001,-96.879997,-16.450001,1770467843.746025
-0.099064,0.5673,0.260104,41.650002,-105.419998,3.01,1770467843.75396
-0.079544,0.58926,0.20496,45.779999,-109.620003,17.709999,1770467843.761961
-0.056364,0.6161,0.138104,54.880001,-116.620003,33.18,1770467843.769957
-0.021472,0.619028,0.101016,63.77,-125.440002,45.990002,1770467843.777984
0.006344,0.568764,0.116632,70.769997,-127.959999,50.330002,1770467843.785948
0.043188,0.515572,0.143716,72.449997,-126.559998,47.740002,1770467843.794059
0.064904,0.483608,0.180316,63.91,-117.18,42.279999,1770467843.801968
0.071492,0.487756,0.235948,47.740002,-100.449997,38.5,1770467843.809981
0.075884,0.5246,0.328424,18.200001,-76.650002,29.469999,1770467843.817961
0.087108,0.522648,0.488976,-11.34,-49.209999,17.57,1770467843.826056
0.088816,0.458232,0.712236,-35.209999,-15.75,9.87,1770467843.833963
0.04636,0.293532,0.979172,-41.509998,25.969999,2.45,1770467843.841963
-0.04758,0.077348,1.287832,-29.540001,63.77,-7.56,1770467843.849967
-0.166896,-0.066612,1.704584,-15.12,93.169998,-3.29,1770467843.857995
-0.336232,-0.17934,2.235528,-7.0,102.269997,-8.47,1770467843.866001
-0.544608,-0.35502,2.707668,-11.69,98.419998,-3.08,1770467843.873961
-0.83692,-0.685884,2.82308,-31.57,86.940002,-9.45,1770467843.881962
-0.971364,-0.903776,2.540528,-30.870001,56.419998,-19.6,1770467843.889959
-0.990152,-1.020652,2.31556,-30.309999,12.46,-19.25,1770467843.897936
-0.885232,-0.899872,2.031788,-30.1,-34.860001,-23.030001,1770467843.906102
-0.680516,-0.709552,1.794376,-33.810001,-75.809998,-25.41,1770467843.913955
-0.411384,-0.515816,1.601128,-42.139999,-109.970001,-19.879999,1770467843.922007
-0.16348,-0.324764,1.40422,-40.040001,-131.389999,-12.25,1770467843.930062
0.049288,-0.172752,1.222684,-36.119999,-143.779999,-0.14,1770467843.937956
0.175192,-0.032696,1.042124,-28.42,-147.070007,8.96,1770467843.945973
0.224236,0.021228,0.872788,-25.200001,-136.710007,15.12,1770467843.954101
0.351604,0.166652,0.666852,-18.549999,-136.429993,5.95,1770467843.961942
0.558516,0.563884,0.454816,3.57,-135.869995,25.129999,1770467843.97013
0.420168,0.455792,0.439688,14.07,-123.339996,38.919998,1770467843.978693
0.4026,0.483608,0.36478,12.88,-108.639999,46.970001,1770467843.986334
0.384788,0.4941,0.269864,11.41,-88.129997,46.200001,1770467843.994013
0.36844,0.47458,0.187392,3.78,-62.580002,47.669998,1770467844.002079
0.346724,0.433832,0.118096,0.56,-37.240002,49.700001,1770467844.010012
0.314516,0.375028,0.053192,-7.35,-7.77,45.639999,1770467844.018035
0.272304,0.30744,-0.007564,-11.2,20.65,40.459999,1770467844.025947
0.241804,0.242292,-0.064416,-9.87,45.779999,35.139999,1770467844.033959
0.214476,0.196664,-0.068808,-7.35,65.589996,27.02,1770467844.041967
0.198372,0.152744,-0.000976,-1.26,84.699997,20.02,1770467844.049968
0.198616,0.129808,0.160308,5.74,102.970001,11.62,1770467844.05811
0.2318,0.106628,0.412604,8.47,115.709999,4.34,1770467844.065971
0.269132,0.089304,0.742248,10.92,126.629997,-7.14,1770467844.073961
0.283772,0.041236,1.071892,11.55,135.169998,-12.25,1770467844.081963
0.242536,-0.050264,1.314184,18.200001,149.729996,-20.719999,1770467844.090046
0.177388,-0.158844,1.485228,28.0,167.929993,-16.17,1770467844.097941
0.119316,-0.232776,1.639924,41.02,178.919998,-8.12,1770467844.10597
0.061244,-0.291824,1.85806,51.450001,174.089996,4.76,1770467844.113993
-0.08174,-0.413336,2.188192,47.740002,155.259995,24.5,1770467844.121952
-0.250832,-0.461404,2.346304,45.779999,130.479996,39.689999,1770467844.12995
-0.471896,-0.411872,2.261392,40.32,101.5,58.66,1770467844.137955
-0.728584,-0.589992,2.088396,14.7,91.489998,31.99,1770467844.145954
-0.754204,-0.55754,1.875384,10.01,78.610001,16.309999,1770467844.153998
-0.801784,-0.425536,1.692628,5.67,68.879997,17.709999,1770467844.161989
-0.81618,-0.252052,1.565748,4.13,60.27,8.47,1770467844.169967
-0.79544,-0.028792,1.478884,-6.79,52.290001,3.99,1770467844.178003
-0.741516,0.159576,1.403,-17.92,45.43,-3.43,1770467844.185957
-0.673684,0.307684,1.279292,-29.26,36.330002,-12.18,1770467844.193945
-0.615368,0.4087,1.121668,-35.419998,28.35,-10.85,1770467844.201959
-0.565592,0.432612,0.972584,-30.450001,14.63,-19.32,1770467844.209999
-0.559248,0.494588,0.8357,-22.889999,2.73,-27.440001,1770467844.218057
-0.470676,0.444324,0.76494,-3.57,-11.69,-37.380001,1770467844.225954
-0.32452,0.560224,0.666608,19.18,-26.67,-19.110001,1770467844.23396
-0.322324,0.518012,0.621956,29.68,-42.0,-9.17,1770467844.241952
-0.272548,0.48068,0.528992,37.099998,-58.310001,-11.9,1770467844.249948
-0.216916,0.421388,0.425292,33.32,-77.419998,-8.89,1770467844.257945
-0.1586,0.373076,0.324764,24.43,-95.129997,-12.04,1770467844.265942
-0.095648,0.343552,0.238144,13.02,-111.440002,-10.01,1770467844.273957
-0.04514,0.325984,0.14884,2.03,-122.779999,-7.56,1770467844.281967
-0.020496,0.292068,0.07686,-4.48,-131.880005,-5.95,1770467844.289965
0.015128,0.2623,0.007564,-14.14,-134.960007,-2.17,1770467844.298002
0.132492,0.280844,-0.036112,-11.9,-137.130005,10.15,1770467844.30599
0.144204,0.258396,-0.019276,-4.76,-127.75,21.42,1770467844.31396
0.172996,0.253028,0.050508,3.43,-105.839996,24.92,1770467844.32196
0.199836,0.282552,0.2013,12.81,-75.459999,22.75,1770467844.329962
0.222284,0.327936,0.426512,13.23,-33.110001,15.68,1770467844.3381
0.238632,0.35624,0.708332,14.21,12.53,3.99,1770467844.345951
0.228628,0.305732,1.018212,13.23,64.75,0.98,1770467844.353953
0.139568,0.198372,1.268312,17.99,115.639999,-0.63,1770467844.36196
-0.057828,0.088328,1.50792,28.98,157.149994,0.63,1770467844.369964
-0.31842,0.0244,1.81292,28.77,186.830002,2.73,1770467844.378009
-0.558028,-0.031232,2.110112,23.1,184.729996,12.6,1770467844.385986
-1.007964,-0.222284,2.390224,15.68,165.479996,17.57,1770467844.393948
-1.298812,-0.562176,2.491484,-7.35,125.370003,-3.22,1770467844.401963
-1.369084,-0.708332,2.29604,-10.78,63.630001,-7.7,1770467844.410095
-1.36274,-0.7503,2.088152,-19.32,-6.72,-18.76,1770467844.417985
-1.211216,-0.720288,1.907104,-23.24,-75.389999,-18.129999,1770467844.42598
-0.939644,-0.573644,1.769732,-32.34,-125.790001,-25.83,1770467844.433964
-0.605364,-0.385764,1.660908,-41.790001,-159.179993,-25.76,1770467844.442072
-0.2867,-0.204472,1.553304,-48.23,-182.070007,-25.41,1770467844.449957
-0.02074,-0.059048,1.398608,-56.700001,-191.449997,-21.700001,1770467844.457955
0.133956,0.048556,1.192916,-58.310001,-193.830002,-21.91,1770467844.465959
0.251808,0.090524,0.960628,-63.0,-186.410004,-23.17,1770467844.474072
0.369416,0.204472,0.76738,-60.970001,-191.940002,-38.009998,1770467844.481955
0.536556,0.471652,0.56364,-39.34,-183.050003,-13.72,1770467844.490067
0.571448,0.377224,0.553636,-28.98,-168.279999,9.17,1770467844.497943
0.597556,0.368684,0.471408,-20.790001,-147.070007,21.07,1770467844.505976
0.594384,0.355996,0.358924,-16.450001,-120.540001,32.27,1770467844.513959
0.566812,0.345992,0.250832,-9.73,-88.410004,35.700001,1770467844.521958
0.523136,0.34038,0.15738,-5.81,-55.299999,40.18,1770467844.529982
0.472628,0.3355,0.092232,-1.19,-21.0,38.709999,1770467844.538049
0.418216,0.30012,0.057828,2.59,13.51,33.32,1770467844.545985
0.36844,0.25132,0.035136,5.18,46.130001,33.529999,1770467844.553958
0.327448,0.194224,0.018056,7.7,75.110001,25.34,1770467844.561957
0.278892,0.171288,0.022936,14.21,102.480003,19.6,1770467844.569958
0.24034,0.161284,0.077348,19.18,123.970001,15.54,1770467844.577992
0.22326,0.1525,0.203496,26.950001,143.220001,11.06,1770467844.585997
0.232288,0.142496,0.411628,28.629999,160.720001,7.49,1770467844.594085
0.253272,0.133468,0.70272,29.68,178.080002,3.08,1770467844.601959
0.24034,0.107848,0.966728,38.849998,194.949997,-4.83,1770467844.60997
0.178852,0.030012,1.146556,45.849998,211.259995,-8.05,1770467844.617972
0.091744,-0.059292,1.291004,60.200001,224.139999,-3.5,1770467844.626003
-0.028548,-0.098088,1.449848,68.110001,230.160004,-0.35,1770467844.633967
-0.17202,-0.084668,1.661396,71.75,219.800003,12.32,1770467844.641964
-0.35014,-0.065392,1.949316,67.269997,191.520004,22.26,1770467844.649956
-0.52094,-0.07686,2.104988,58.310001,150.639999,40.459999,1770467844.657953
-0.747128,-0.116632,2.13622,52.779999,101.080002,53.060001,1770467844.665988
-0.960628,-0.282552,2.152568,36.540001,71.400002,49.490002,1770467844.674001
-1.09922,-0.307196,1.948096,25.200001,39.34,17.709999,1770467844.681967
-1.092388,-0.268156,1.782176,21.35,11.27,10.29,1770467844.689962
-1.05042,-0.14884,1.642364,15.54,-9.8,-1.4,1770467844.697939
-0.976488,0.002684,1.523048,13.65,-18.76,-7.07,1770467844.706154
-0.867664,0.154696,1.417396,8.33,-24.01,-12.39,1770467844.713965
-0.758352,0.327448,1.297592,5.88,-28.209999,-17.57,1770467844.721964
-0.639036,0.418948,1.178276,7.0,-38.150002,-19.25,1770467844.729962
-0.538996,0.441396,1.053348,2.03,-51.869999,-27.299999,1770467844.737963
-0.451888,0.385276,0.91988,3.08,-69.650002,-29.540001,1770467844.746008
-0.371856,0.333304,0.751764,2.8,-88.199997,-39.970001,1770467844.753959
-0.22814,0.383812,0.589992,7.63,-108.220001,-28.700001,1770467844.761961
-0.19154,0.37454,0.510448,11.48,-126.980003,-25.969999,1770467844.769958
-0.140788,0.402356,0.421632,9.52,-136.850006,-26.32,1770467844.777964
-0.0915,0.426756,0.333304,12.18,-137.550003,-28.91,1770467844.786009
-0.04148,0.453108,0.250588,10.15,-133.770004,-32.830002,1770467844.793954
0.074908,0.524356,0.173972,17.01,-133.419998,-23.24,1770467844.801961
0.08906,0.521184,0.156404,20.02,-127.82,-20.93,1770467844.810003
0.1159,0.49532,0.133468,15.75,-121.309998,-15.61,1770467844.818048
0.142984,0.43676,0.108824,15.75,-114.449997,-15.19,1770467844.825964
0.180804,0.360388,0.122,17.57,-105.209999,-21.0,1770467844.833957
0.222528,0.259128,0.172996,17.99,-92.330002,-21.35,1770467844.841968
0.259372,0.149084,0.265228,21.0,-76.089996,-28.0,1770467844.849986
0.284504,0.068808,0.406016,19.879999,-55.369999,-33.389999,1770467844.857961
0.284748,0.022692,0.587796,15.96,-32.48,-34.23,1770467844.866076
0.2379,-0.000488,0.799588,9.66,-8.12,-38.709999,1770467844.873955
0.152988,-0.070516,1.001864,-0.63,15.68,-38.43,1770467844.881959
0.077104,-0.124196,1.25172,0.91,38.009998,-39.549999,1770467844.890043
-0.011468,-0.187148,1.620648,2.31,53.200001,-37.310001,1770467844.897943
-0.079544,-0.219112,2.05692,1.54,52.290001,-40.459999,1770467844.905948
-0.219356,-0.263764,2.422188,-11.76,47.32,-42.349998,1770467844.913975
-0.324764,-0.351604,2.515884,-23.799999,36.75,-26.6,1770467844.921959
-0.396744,-0.379664,2.422432,-26.32,22.33,-17.08,1770467844.92999
-0.516792,-0.530456,2.301896,-35.0,16.66,-14.84,1770467844.937956
-0.467504,-0.531188,2.016416,-40.040001,3.85,-32.48,1770467844.94601
-0.338916,-0.391864,1.760948,-40.25,-12.04,-28.559999,1770467844.954064
-0.235216,-0.197884,1.567944,-43.259998,-25.48,-19.950001,1770467844.961964
-0.138592,-0.008296,1.422764,-44.450001,-35.91,-14.0,1770467844.969983
-0.041236,0.122488,1.286368,-51.029999,-43.540001,-7.91,1770467844.97806
0.035868,0.195444,1.156072,-56.91,-45.43,-3.15,1770467844.986903
0.061732,0.18544,1.017236,-62.860001,-40.669998,-5.53,1770467844.994163
0.101748,0.182268,0.854,-65.099998,-34.93,-8.61,1770467845.00197
0.174704,0.288408,0.677344,-55.509998,-30.66,0.42,1770467845.010001
0.244976,0.302316,0.559004,-45.220001,-28.139999,38.080002,1770467845.018003
0.21472,0.321836,0.458232,-40.529999,-22.75,39.549999,1770467845.026104
0.204716,0.356972,0.366,-38.220001,-20.65,49.139999,1770467845.033938
0.19276,0.384788,0.283772,-35.560001,-15.54,49.209999,1770467845.041961
0.172752,0.417972,0.218624,-24.57,-12.67,50.049999,1770467845.049971
0.165676,0.412116,0.1891,-18.969999,-7.56,51.029999,1770467845.057946
0.152012,0.37942,0.170556,-10.99,0.91,47.32,1770467845.065996
0.142496,0.316468,0.164212,-5.32,11.76,46.549999,1770467845.073979
0.134444,0.262544,0.165188,0.98,24.85,41.720001,1770467845.081958
0.116144,0.225212,0.156404,11.55,37.240002,35.139999,1770467845.089954
0.09394,0.210328,0.161772,20.65,50.959999,24.99,1770467845.097986
0.083448,0.191052,0.217404,29.959999,63.630001,19.18,1770467845.106029
0.08418,0.17812,0.337208,38.43,70.629997,8.47,1770467845.113964
0.0976,0.180316,0.560956,42.84,77.980003,2.31,1770467845.121939
0.104432,0.203496,0.85034,49.77,85.050003,-8.89,1770467845.12995
0.09516,0.190808,1.12972,52.080002,92.190002,-16.73,1770467845.13795
0.057828,0.135908,1.30296,60.970001,103.529999,-17.43,1770467845.14603
0.008052,0.062952,1.435696,73.290001,114.029999,-17.57,1770467845.153956
-0.02928,-0.009272,1.623576,83.440002,115.849998,-6.3,1770467845.161955
-0.087352,-0.073932,1.902956,88.129997,101.639999,8.47,1770467845.169948
-0.222528,-0.114192,2.134756,79.449997,80.5,28.49,1770467845.177971
-0.348188,-0.117852,2.213812,71.959999,62.16,36.82,1770467845.185955
-0.442372,-0.153232,2.19478,59.849998,40.599998,45.849998,1770467845.193948
-0.594384,-0.234728,2.103036,43.330002,42.07,47.459999,1770467845.20196
-0.826672,-0.368196,1.94712,25.76,45.57,34.860001,1770467845.210257
-0.69906,-0.235704,1.748992,17.99,44.099998,13.51,1770467845.217883
-0.719556,-0.114924,1.60308,11.76,43.119999,2.87,1770467845.225951
-0.694668,0.053436,1.493036,1.68,36.400002,-4.97,1770467845.233947
-0.639036,0.21106,1.383236,-14.7,25.200001,-10.5,1770467845.241956
-0.570228,0.321348,1.245132,-29.540001,7.63,-15.75,1770467845.249954
-0.48922,0.380884,1.109224,-46.34,-9.8,-17.219999,1770467845.257949
-0.406504,0.387228,0.980392,-57.540001,-27.440001,-25.48,1770467845.265956
-0.316712,0.364292,0.855464,-62.790001,-41.790001,-31.57,1770467845.274034
-0.23302,0.340136,0.76006,-60.970001,-51.380001,-37.52,1770467845.281969
-0.16958,0.321348,0.677344,-53.34,-57.68,-38.779999,1770467845.289948
-0.13176,0.30744,0.588772,-41.509998,-58.450001,-41.650002,1770467845.297934
-0.120292,0.26474,0.488488,-28.77,-57.75,-46.130001,1770467845.305943
-0.11712,0.237412,0.384544,-19.530001,-54.040001,-54.110001,1770467845.313977
-0.040504,0.285236,0.275964,-7.63,-46.970001,-40.110001,1770467845.322006
0.00488,0.408212,0.200568,8.89,-56.0,-25.48,1770467845.329965
-0.0244,0.416508,0.196176,15.96,-60.900002,-16.940001,1770467845.33796
-0.01342,0.42456,0.18544,21.35,-64.400002,-5.32,1770467845.345972
0.00732,0.408212,0.1769,21.98,-69.019997,-3.64,1770467845.353975
0.027572,0.363316,0.1708,20.02,-71.889999,4.97,1770467845.362051
0.049776,0.286456,0.189588,20.09,-70.0,7.28,1770467845.369968
0.071736,0.203008,0.2501,15.54,-59.43,9.87,1770467845.377965
0.083204,0.124196,0.351116,13.3,-42.630001,6.37,1770467845.386
0.077836,0.06222,0.51118,3.43,-22.540001,7.84,1770467845.393963
0.04026,0.025132,0.7198,-6.23,1.54,5.88,1770467845.401959
-0.01586,-0.01586,0.920124,-6.58,25.76,2.31,1770467845.410093
-0.05002,-0.081008,1.104344,-1.54,44.450001,-2.8,1770467845.418008
-0.137372,-0.1464,1.319796,10.29,56.91,-4.76,1770467845.425983
-0.282552,-0.134688,1.59698,10.99,65.660004,-5.67,1770467845.434073
-0.40016,-0.112972,1.97274,0.77,71.400002,-13.16,1770467845.441957
-0.477508,-0.182268,2.213568,-19.040001,67.760002,-12.81,1770467845.450062
-0.561444,-0.297192,2.303848,-37.66,59.5,-10.01,1770467845.457981
-0.611952,-0.423584,2.34118,-36.470001,45.779999,1.4,1770467845.465957
-0.637816,-0.440908,2.283108,-35.139999,23.940001,6.09,1770467845.473953
-0.604144,-0.356972,2.12036,-42.490002,-7.14,8.12,1770467845.481962
-0.529724,-0.247904,1.913204,-53.970001,-37.240002,5.32,1770467845.489963
-0.392596,-0.12566,1.694824,-67.900002,-58.59,-3.5,1770467845.497957
-0.233508,-0.04026,1.491816,-74.199997,-70.980003,-4.62,1770467845.505959
-0.078324,-0.002684,1.26026,-75.949997,-78.75,-6.65,1770467845.514006
0.043432,0.015128,1.06018,-73.220001,-85.330002,-1.96,1770467845.521989
0.1159,0.042944,0.887672,-65.870003,-85.75,-2.73,1770467845.52995
0.165432,0.068076,0.735904,-62.09,-81.199997,-2.52,1770467845.537943
0.244976,0.19276,0.566812,-50.330002,-84.910004,-10.92,1770467845.546009
0.482632,0.634888,0.288408,-31.85,-92.330002,-1.05,1770467845.553951
0.334768,0.492636,0.375028,-11.97,-96.529999,14.56,1770467845.561967
0.36234,0.563396,0.350628,-3.29,-92.889999,21.07,1770467845.56996
0.374784,0.575596,0.340868,-4.34,-82.739998,29.049999,1770467845.577958
0.38552,0.55754,0.307928,-6.58,-65.519997,32.619999,1770467845.586025
0.3721,0.544852,0.249612,-6.93,-42.560001,33.040001,1770467845.594015
0.342088,0.526308,0.174948,-9.52,-17.5,30.379999,1770467845.601964
0.311588,0.480436,0.115168,-5.6,10.29,23.309999,1770467845.610024
0.297192,0.406016,0.076128,-0.77,41.650002,20.299999,1770467845.618019
0.27938,0.337208,0.077592,11.76,70.629997,16.1,1770467845.625956
0.256932,0.305,0.158112,22.540001,98.980003,10.85,1770467845.633945
0.264496,0.316224,0.351604,35.419998,121.099998,11.83,1770467845.641964
0.275476,0.341356,0.608048,47.459999,142.520004,4.13,1770467845.64999
0.26352,0.324276,0.869372,50.049999,162.190002,4.13,1770467845.657961
0.213744,0.27084,1.09678,57.470001,182.139999,0.91,1770467845.666008
0.113704,0.209596,1.254648,64.050003,199.080002,1.47,1770467845.673955
-0.027084,0.145668,1.40056,70.629997,210.070007,7.84,1770467845.682001
-0.166896,0.114924,1.617232,77.559998,208.25,14.7,1770467845.689963
-0.329156,0.100284,1.902712,70.0,191.380005,26.32,1770467845.697946
-0.525088,0.029768,2.11792,55.509998,161.490005,31.92,1770467845.705961
-0.628544,-0.085888,2.188192,43.610001,114.379997,50.470001,1770467845.713964
-0.91988,-0.318908,2.168428,33.110001,78.959999,63.98,1770467845.721967
-1.05286,-0.598532,2.013488,9.87,45.150002,27.58,1770467845.72996
-1.054324,-0.705892,1.81658,0.91,18.34,9.17,1770467845.737965
-1.025288,-0.691984,1.6165,-7.21,-2.1,2.66,1770467845.746041
-0.964776,-0.615612,1.464244,-16.66,-12.25,-9.38,1770467845.753993
-0.8601,-0.447252,1.362496,-21.07,-16.66,-14.0,1770467845.762024
-0.729316,-0.229116,1.293688,-21.209999,-22.75,-23.030001,1770467845.769957
-0.584136,-0.018544,1.225124,-27.23,-34.02,-25.549999,1770467845.777957
-0.471408,0.155428,1.124352,-25.41,-47.810001,-25.690001,1770467845.785984
-0.364536,0.260104,1.012356,-23.799999,-60.900002,-30.1,1770467845.79401
-0.27206,0.313296,0.90036,-14.56,-74.339996,-26.389999,1770467845.801967
-0.209108,0.324032,0.785924,-7.42,-86.870003,-31.5,1770467845.810114
-0.171288,0.33184,0.6649,-0.28,-95.550003,-36.959999,1770467845.818007
-0.133224,0.395524,0.513864,13.65,-91.419998,-41.93,1770467845.825965
-0.001708,0.488,0.375516,21.280001,-103.879997,-34.720001,1770467845.833956
0.04758,0.4941,0.306952,30.24,-113.68,-21.629999,1770467845.841956
0.066612,0.513132,0.243512,24.92,-119.0,-17.290001,1770467845.849974
0.092964,0.521184,0.183488,19.879999,-124.459999,-12.95,1770467845.857967
0.12566,0.499956,0.114436,10.57,-124.879997,-6.79,1770467845.865959
0.14884,0.434076,0.06954,-0.77,-121.870003,-1.54,1770467845.873994
0.167384,0.43066,0.034404,-2.8,-106.400002,6.58,1770467845.881971
0.191296,0.355752,0.067588,1.12,-85.889999,10.5,1770467845.889961
0.213256,0.282796,0.176412,3.99,-58.240002,8.89,1770467845.897942
0.217648,0.23668,0.367952,7.77,-17.92,5.81,1770467845.90596
0.199348,0.183732,0.650016,3.43,24.219999,-5.32,1770467845.91397
0.164212,0.101748,0.932812,-3.64,67.480003,-14.0,1770467845.921961
0.06344,-0.026108,1.142408,2.87,109.830002,-23.799999,1770467845.93007
-0.087596,-0.121756,1.30906,9.8,141.820007,-18.549999,1770467845.937955
-0.306952,-0.144204,1.568188,17.92,150.779999,-20.370001,1770467845.946011
-0.663436,-0.178852,1.913204,10.36,145.600006,-16.1,1770467845.953964
-1.037732,-0.37332,2.168916,-8.33,120.400002,-43.540001,1770467845.961975
-1.073356,-0.401868,2.232844,-17.43,76.510002,-53.830002,1770467845.970156
-1.094828,-0.561688,2.192584,-28.07,8.68,-46.27,1770467845.979749
-0.99918,-0.723948,2.089128,-30.1,-39.689999,-40.669998,1770467845.986796
-0.826672,-0.743712,1.982988,-33.32,-79.099998,-42.700001,1770467845.994037
-0.597312,-0.615612,1.880264,-38.43,-109.690002,-43.75,1770467846.002024
-0.346236,-0.420656,1.746552,-46.900002,-132.509995,-43.889999,1770467846.009965
-0.111508,-0.23912,1.574044,-57.119999,-142.800003,-39.200001,1770467846.017982
0.071004,-0.078812,1.3481,-61.529999,-146.860001,-37.169998,1770467846.026086
0.144204,0.049776,1.102636,-61.32,-148.960007,-32.27,1770467846.033973
0.204716,0.141032,0.878644,-63.98,-144.830002,-36.049999,1770467846.041958
0.303292,0.233752,0.728584,-61.669998,-155.75,-51.099998,1770467846.049962
0.44896,0.463844,0.613904,-41.23,-159.740005,-8.12,1770467846.057959
0.503372,0.47336,0.564372,-33.669998,-149.729996,9.59,1770467846.066005
0.548024,0.4575,0.49166,-30.450001,-134.889999,19.809999,1770467846.074063
0.556564,0.413824,0.376492,-24.780001,-113.889999,28.84,1770467846.08196
0.539972,0.362828,0.239852,-13.23,-88.970001,35.91,1770467846.089958
0.494588,0.344284,0.118828,-3.36,-59.220001,35.349998,1770467846.097945
0.432612,0.349408,0.024156,6.23,-27.02,37.450001,1770467846.106046
0.377468,0.303536,-0.014884,9.66,7.07,31.15,1770467846.114055
0.337452,0.226188,-0.028548,15.12,42.84,22.4,1770467846.121956
0.302316,0.177876,-0.032208,24.780001,78.959999,13.3,1770467846.129956
0.266692,0.174216,0.023424,37.869999,112.910004,7.0,1770467846.137979
0.248392,0.188856,0.147376,52.220001,142.800003,2.52,1770467846.145937
0.253028,0.216184,0.36844,62.23,167.789993,-0.91,1770467846.153963
0.277916,0.243024,0.702476,66.849998,188.300003,-0.91,1770467846.161956
0.26962,0.241316,1.038952,74.339996,207.059998,-8.12,1770467846.169954
0.2074,0.188124,1.231224,72.660004,222.389999,-9.8,1770467846.178158
0.081496,0.089792,1.358836,79.309998,233.309998,-9.38,1770467846.185936
-0.097112,0.024156,1.5006,84.769997,234.710007,-5.67,1770467846.193963
-0.278404,-0.008052,1.72142,81.339996,218.960007,4.55,1770467846.201961
-0.480436,-0.027816,2.056188,70.349998,183.75,18.34,1770467846.209948
-0.677832,-0.090036,2.220644,49.490002,133.210007,38.57,1770467846.217963
-1.046516,-0.279868,2.184288,32.970001,92.959999,54.950001,1770467846.226032
-1.214876,-0.590724,2.024712,9.45,62.09,18.48,1770467846.233958
-1.199992,-0.732244,1.830488,3.99,28.98,3.01,1770467846.24196
-1.1529,-0.7076,1.651392,0.91,0.98,-7.21,1770467846.249952
-1.070672,-0.596824,1.51402,-4.69,-17.219999,-18.41,1770467846.257986
-0.953552,-0.42944,1.431304,-12.67,-25.200001,-27.790001,1770467846.265981
-0.8113,-0.228384,1.364448,-20.09,-28.559999,-32.900002,1770467846.273963
-0.668072,-0.039528,1.286856,-31.360001,-33.599998,-41.09,1770467846.281942
-0.55022,0.091012,1.174128,-41.93,-40.529999,-44.939999,1770467846.28995
-0.437492,0.155428,1.046516,-46.970001,-49.77,-51.59,1770467846.297955
-0.345504,0.198616,0.91012,-44.869999,-59.080002,-54.599998,1770467846.306006
-0.263276,0.229848,0.784216,-36.68,-70.629997,-61.110001,1770467846.314012
-0.188124,0.274988,0.673928,-25.34,-79.870003,-56.84,1770467846.321963
-0.183488,0.294508,0.581452,-8.19,-85.75,-64.959999,1770467846.329957
-0.146888,0.401624,0.46726,10.43,-89.879997,-62.23,1770467846.337981
-0.017568,0.522892,0.35868,32.970001,-90.790001,-47.950001,1770467846.3461
-0.007564,0.520452,0.348432,39.200001,-103.32,-29.82,1770467846.353973
0.0183,0.531432,0.30256,35.0,-113.610001,-18.27,1770467846.362
0.049776,0.52338,0.236192,26.879999,-123.970001,-14.49,1770467846.369963
0.088572,0.496784,0.161284,19.110001,-133.699997,-3.92,1770467846.377957
0.124196,0.456036,0.101992,16.870001,-139.720001,-0.21,1770467846.386013
0.165188,0.418948,0.07808,15.89,-138.320007,8.4,1770467846.394128
0.203252,0.38674,0.085644,15.33,-128.100006,7.91,1770467846.401966
0.243756,0.355752,0.143228,18.200001,-108.639999,4.69,1770467846.409962
0.2928,0.345016,0.278892,10.57,-76.440002,0.07,1770467846.418112
0.35014,0.350628,0.476532,4.13,-34.93,-5.74,1770467846.42595
0.392596,0.349652,0.729316,-7.91,12.11,-7.14,1770467846.433973
0.399184,0.29768,0.988688,-22.68,63.279999,-11.06,1770467846.441991
0.346724,0.1769,1.259284,-22.75,115.150002,-18.34,1770467846.449983
0.222528,0.044652,1.558184,-12.88,163.729996,-25.200001,1770467846.457963
-0.030012,-0.023424,1.945168,1.47,205.660004,-31.709999,1770467846.465959
-0.309392,-0.1403,2.2753,3.08,225.820007,-30.940001,1770467846.474094
-0.578768,-0.328424,2.5132,8.54,213.710007,-23.17,1770467846.481957
-0.875472,-0.49776,2.486604,10.78,185.149994,-13.72,1770467846.489956
-1.17608,-0.6527,2.240652,-5.11,118.720001,-30.870001,1770467846.497966
-1.27978,-0.717848,2.040328,-12.6,44.869999,-36.330002,1770467846.505954
-1.229516,-0.692472,1.79706,-24.43,-30.66,-37.380001,1770467846.514089
-1.036512,-0.574132,1.563064,-32.900002,-89.739998,-35.84,1770467846.52196
-0.765916,-0.419436,1.400316,-37.099998,-136.289993,-42.700001,1770467846.529954
-0.487512,-0.267424,1.261236,-45.779999,-162.119995,-40.110001,1770467846.537939
-0.222284,-0.128344,1.112884,-47.25,-177.520004,-41.790001,1770467846.546
-0.017812,0.0061,0.95526,-46.900002,-183.259995,-30.379999,1770467846.55397
0.089792,0.098088,0.823012,-47.810001,-180.179993,-27.51,1770467846.561992
0.164944,0.113216,0.721264,-43.889999,-166.880005,-34.650002,1770467846.57002
0.364048,0.177144,0.55632,-32.34,-163.660004,-30.24,1770467846.578005
0.473604,0.301828,0.533872,-3.22,-145.669998,8.54,1770467846.585971
0.476044,0.360144,0.439688,3.57,-131.669998,25.549999,1770467846.593984
0.465308,0.385032,0.343308,8.26,-110.389999,38.919998,1770467846.601975
0.4331,0.411872,0.244732,15.75,-85.120003,45.639999,1770467846.610031
0.388448,0.413092,0.171532,16.450001,-56.139999,51.380001,1770467846.617978
0.353556,0.370392,0.143472,23.52,-27.16,47.740002,1770467846.625958
0.31598,0.299144,0.124196,25.969999,4.97,47.880001,1770467846.63399
0.276696,0.237168,0.103944,30.1,34.860001,42.209999,1770467846.641985
0.24156,0.206668,0.10248,40.110001,60.41,30.59,1770467846.64995
0.212768,0.18056,0.157624,45.779999,82.739998,26.6,1770467846.657988
0.206424,0.150792,0.282064,48.860001,101.639999,15.26,1770467846.66612
0.226432,0.122732,0.493124,47.740002,115.919998,10.64,1770467846.673953
0.254492,0.084912,0.785192,39.549999,130.270004,2.59,1770467846.681981
0.243268,0.033916,1.025532,36.540001,141.539993,-1.05,1770467846.689988
0.17324,-0.048556,1.184864,35.630001,155.399994,-9.59,1770467846.698096
0.092476,-0.139812,1.287832,46.130001,167.369995,-5.11,1770467846.70596
-0.002928,-0.199592,1.42374,56.279999,169.610001,0.07,1770467846.713957
-0.11956,-0.259128,1.658224,57.540001,155.539993,14.0,1770467846.721969
-0.292556,-0.23668,1.968592,54.18,132.509995,21.280001,1770467846.72996
-0.462624,-0.23058,2.11426,43.189999,101.080002,35.349998,1770467846.737958
-0.684908,-0.27938,2.127436,32.759998,78.959999,45.849998,1770467846.746009
-0.939888,-0.506056,2.08376,9.8,56.07,16.73,1770467846.754001
-0.97966,-0.524844,1.911496,-3.15,35.77,12.18,1770467846.76198
-1.00406,-0.458232,1.718248,-5.67,16.309999,-0.14,1770467846.769962
-0.987956,-0.320616,1.547936,-10.36,-0.35,-2.87,1770467846.777996
-0.91744,-0.157136,1.446432,-16.1,-13.44,-11.27,1770467846.78595
-0.802028,0.014884,1.379332,-22.4,-24.01,-19.809999,1770467846.793971
-0.676368,0.158356,1.308328,-35.560001,-32.27,-20.58,1770467846.801965
-0.560468,0.26596,1.206336,-41.860001,-39.200001,-20.93,1770467846.809961
-0.463112,0.340868,1.073844,-43.75,-48.369999,-19.879999,1770467846.817976
-0.399428,0.350384,0.951844,-37.380001,-56.91,-20.09,1770467846.825989
-0.349896,0.324032,0.830332,-27.58,-66.43,-25.059999,1770467846.833957
-0.28304,0.308172,0.728828,-9.8,-75.25,-29.120001,1770467846.84198
-0.150548,0.395524,0.617564,13.86,-87.919998,-12.25,1770467846.850034
-0.133468,0.388936,0.576816,22.889999,-99.75,-10.57,1770467846.857957
-0.095892,0.391864,0.489952,26.110001,-110.879997,-15.33,1770467846.865981
-0.040504,0.348432,0.397476,14.56,-125.019997,-22.26,1770467846.874041
-0.011224,0.331352,0.29768,3.01,-131.669998,-25.48,1770467846.881995
-0.038796,0.3538,0.186904,-3.71,-128.100006,-21.91,1770467846.88996
0.086376,0.461648,0.059048,-5.11,-131.529999,-16.24,1770467846.897951
0.103944,0.420656,0.016836,-6.44,-135.940002,1.33,1770467846.906042
0.151036,0.41358,0.000732,-9.45,-139.789993,1.75,1770467846.914182
0.21838,0.366732,0.024888,-5.32,-136.429993,3.43,1770467846.921966
0.305732,0.273524,0.106872,0.0,-122.989998,3.99,1770467846.930534
0.371124,0.234728,0.226676,6.65,-102.760002,-2.24,1770467846.937963
0.42944,0.238632,0.387716,8.12,-69.860001,1.33,1770467846.945965
0.45384,0.253028,0.591212,-3.22,-26.879999,-1.96,1770467846.953959
0.464576,0.255712,0.793,-13.79,19.879999,0.63,1770467846.961971
0.450668,0.173972,1.007232,-19.950001,66.080002,-7.07,1770467846.970254
0.370392,0.03172,1.21146,-21.07,113.260002,-9.45,1770467846.978408
0.282064,-0.100284,1.437404,-5.53,157.570007,-13.02,1770467846.986291
0.201544,-0.205448,1.764852,6.09,186.759995,-10.57,1770467846.994061
-0.018544,-0.295972,2.087908,13.02,198.729996,-0.49,1770467847.001975
-0.279624,-0.430904,2.326052,20.790001,191.729996,13.3,1770467847.009977
-0.676612,-0.572668,2.4888,21.0,178.5,24.99,1770467847.018101
-0.906216,-0.694668,2.379244,8.12,145.809998,2.31,1770467847.025968
-1.018944,-0.642696,2.203076,-2.24,97.510002,-7.91,1770467847.033973
-1.039928,-0.526308,1.970056,-18.34,45.919998,-1.82,1770467847.041963
-0.958676,-0.380884,1.71166,-28.07,-4.41,-8.89,1770467847.049955
-0.778116,-0.20252,1.52866,-38.360001,-44.52,-8.12,1770467847.05803
-0.55632,-0.039284,1.395192,-43.889999,-72.239998,-14.42,1770467847.065955
-0.343796,0.10614,1.257576,-52.779999,-88.199997,-13.86,1770467847.073966
-0.165188,0.221796,1.107272,-57.82,-95.129997,-10.57,1770467847.081947
-0.07198,0.252052,0.963556,-61.18,-97.580002,-11.9,1770467847.089957
0.000244,0.262056,0.797392,-63.91,-93.660004,-16.450001,1770467847.09795
0.116632,0.297192,0.625616,-49.209999,-78.400002,-2.31,1770467847.105999
0.24034,0.375516,0.569008,-26.879999,-80.989998,35.630001,1770467847.113954
0.244,0.377956,0.5246,-13.44,-76.440002,44.66,1770467847.121967
0.26718,0.375516,0.469944,-2.31,-64.190002,54.18,1770467847.129958
0.284504,0.383568,0.4148,9.45,-48.790001,57.540001,1770467847.137969
0.284016,0.3721,0.378688,19.67,-33.32,59.150002,1770467847.145956
0.277672,0.32818,0.363072,25.76,-14.77,60.900002,1770467847.153951
0.265228,0.284748,0.3599,25.059999,2.03,59.5,1770467847.161949
0.259128,0.262056,0.364536,27.65,17.85,56.419998,1770467847.169957
0.252784,0.256688,0.351848,30.309999,32.200001,46.060001,1770467847.178034
0.236924,0.261812,0.328912,34.860001,43.400002,42.279999,1770467847.185974
0.210816,0.25742,0.327936,39.200001,54.32,33.32,1770467847.194298
0.19398,0.218624,0.34892,44.099998,65.660004,29.610001,1770467847.202
0.19032,0.159576,0.436516,56.209999,70.139999,15.26,1770467847.210026
0.209352,0.103456,0.604144,62.09,71.610001,4.48,1770467847.217946
0.219844,0.048068,0.84058,71.400002,72.870003,-5.18,1770467847.225955
0.212036,-0.011712,1.054812,68.459999,74.760002,-12.95,1770467847.233949
0.194224,-0.102236,1.215608,60.41,81.410004,-13.16,1770467847.241951
0.17202,-0.198128,1.309548,56.630001,80.779999,-8.68,1770467847.249978
0.17202,-0.409188,1.46034,43.189999,70.839996,8.96,1770467847.257991
0.077348,-0.424316,1.614548,36.470001,63.84,27.09,1770467847.265949
-0.080764,-0.373076,1.779248,36.330002,67.059998,34.860001,1770467847.273953
-0.552172,-0.59902,1.973228,28.629999,85.610001,24.5,1770467847.281942
-0.49288,-0.433344,1.850008,20.299999,97.720001,9.17,1770467847.289949
-0.649284,-0.365268,1.787788,16.73,112.489998,8.05,1770467847.297932
-0.806176,-0.238388,1.700924,18.41,121.309998,10.43,1770467847.306072
-0.955016,-0.039284,1.614548,19.74,122.290001,5.81,1770467847.31396
-1.048712,0.207156,1.537444,8.12,112.279999,12.81,1770467847.321968
-1.093364,0.421144,1.46522,-1.19,83.650002,8.4,1770467847.329965
-1.073356,0.549,1.359324,-26.879999,43.119999,5.18,1770467847.337954
-0.987468,0.56486,1.225612,-44.099998,-8.05,-0.91,1770467847.345958
-0.849608,0.53924,1.057008,-59.779999,-55.23,-13.51,1770467847.354056
-0.683444,0.471408,0.942084,-68.879997,-89.459999,-9.45,1770467847.361994
-0.513132,0.400648,0.848388,-72.449997,-116.410004,-14.14,1770467847.369962
-0.300852,0.418704,0.758352,-73.080002,-135.309998,5.6,1770467847.377954
-0.189344,0.366488,0.723216,-74.480003,-143.429993,10.71,1770467847.385995
-0.067832,0.31354,0.67344,-74.760002,-141.889999,13.58,1770467847.393968
0.005368,0.243268,0.603412,-74.129997,-132.720001,17.5,1770467847.402008
0.055144,0.1708,0.528016,-64.330002,-115.010002,7.35,1770467847.41001
0.131028,0.142984,0.45872,-54.459999,-98.559998,6.65,1770467847.417959
0.226676,0.1342,0.4209,-35.77,-89.459999,13.79,1770467847.425962
0.167384,0.088084,0.426024,-21.77,-75.669998,16.379999,1770467847.434012
0.1342,0.061488,0.430172,-12.25,-59.639999,19.25,1770467847.441991
0.099308,0.034648,0.453352,-3.15,-47.110001,18.41,1770467847.44996
0.057096,0.020008,0.496784,-0.91,-36.889999,19.25,1770467847.457957
0.013908,0.005124,0.543144,1.89,-30.24,17.219999,1770467847.465986
-0.041724,-0.00854,0.567544,1.75,-25.549999,18.83,1770467847.474016
-0.100772,-0.017812,0.563884,-0.77,-25.549999,21.07,1770467847.481956
-0.126636,-0.05734,0.607072,9.1,-24.92,20.16,1770467847.489964
-0.151768,-0.113216,0.725412,20.02,-21.139999,28.280001,1770467847.497974
-0.27816,-0.172264,0.894748,34.23,-7.98,37.450001,1770467847.506118
-0.316468,-0.182512,1.038464,38.290001,7.28,36.889999,1770467847.513952
-0.485804,-0.344772,1.193648,31.99,18.41,20.16,1770467847.521963
-0.497516,-0.414556,1.282952,36.540001,23.52,9.38,1770467847.529948
-0.569496,-0.454572,1.36884,43.189999,29.889999,12.95,1770467847.537989
-0.60634,-0.438956,1.476444,53.200001,28.280001,15.68,1770467847.545967
-0.607072,-0.331596,1.56648,53.200001,17.08,17.360001,1770467847.554041
-0.572912,-0.161528,1.649928,45.290001,-2.03,28.559999,1770467847.561964
-0.519232,0.020496,1.736548,35.349998,-21.98,30.52,1770467847.570009
-0.434076,0.16714,1.803404,20.860001,-41.02,34.09,1770467847.578
-0.31964,0.28182,1.835612,5.46,-55.09,30.73,1770467847.585955
-0.192028,0.346968,1.76778,-8.26,-66.57,35.209999,1770467847.59395
-0.090036,0.325984,1.636264,-17.92,-73.849998,36.119999,1770467847.602126
0.006588,0.290116,1.478396,-15.89,-81.760002,28.209999,1770467847.609957
0.081008,0.217892,1.318576,-13.3,-80.919998,30.17,1770467847.617952
0.307928,0.410896,1.014796,3.22,-78.400002,50.259998,1770467847.626004
0.294752,0.433832,1.031144,18.200001,-79.449997,65.730003,1770467847.634019
0.31964,0.506788,0.918172,24.99,-69.790001,74.199997,1770467847.641958
0.33794,0.591456,0.775676,33.669998,-56.630001,69.790001,1770467847.649954
0.336476,0.708088,0.639768,35.560001,-43.540001,68.110001,1770467847.657955
0.3111,0.752008,0.507276,29.540001,-30.1,62.93,1770467847.665996
0.272304,0.738832,0.377224,11.2,-18.129999,54.25,1770467847.673949
0.253272,0.66124,0.291824,-15.33,-5.25,52.919998,1770467847.681959
0.252296,0.513376,0.262544,-41.369999,7.28,48.09,1770467847.689965
0.27328,0.372832,0.280112,-63.349998,21.98,51.73,1770467847.698094
0.296948,0.23546,0.33184,-71.610001,32.970001,49.0,1770467847.705977
0.304756,0.121268,0.416264,-69.510002,39.41,51.029999,1770467847.713963
0.2989,0.020496,0.528504,-64.330002,45.57,50.259998,1770467847.721968
0.283284,-0.072224,0.642452,-46.41,49.07,50.889999,1770467847.729954
0.255712,-0.13542,0.721996,-27.790001,56.349998,48.23,1770467847.738045
0.294508,-0.269132,0.80276,-3.22,59.919998,53.689999,1770467847.745967
0.283528,-0.307684,0.870836,23.870001,68.389999,60.689999,1770467847.753959
0.255956,-0.357704,0.982832,46.130001,77.769997,62.16,1770467847.761964
0.15372,-0.514108,1.126792,64.120003,92.190002,46.34,1770467847.770004
0.145424,-0.52948,1.136064,73.080002,107.940002,41.16,1770467847.777963
0.117852,-0.560712,1.197552,85.959999,116.760002,39.900002,1770467847.785992
0.063928,-0.569496,1.258308,91.839996,120.190002,37.799999,1770467847.793963
-0.01586,-0.54656,1.263676,94.5,121.660004,38.150002,1770467847.802052
-0.099308,-0.473848,1.252452,95.620003,119.839996,33.32,1770467847.809969
-0.162748,-0.368928,1.252208,89.599998,116.900002,37.450001,1770467847.817967
-0.241316,-0.263032,1.273436,84.0,113.82,37.380001,1770467847.826006
-0.327448,-0.157868,1.316136,80.989998,119.07,37.73,1770467847.833965
-0.430904,-0.039772,1.361764,72.449997,131.179993,36.68,1770467847.841961
-0.517524,0.124684,1.400072,68.32,142.169998,34.439999,1770467847.84996
-0.590724,0.305976,1.44814,55.720001,149.029999,34.439999,1770467847.857989
-0.648308,0.49166,1.479128,41.650002,143.5,28.559999,1770467847.866055
-0.698328,0.671,1.453264,21.0,126.489998,20.719999,1770467847.873965
-0.731756,0.727608,1.40056,-2.94,104.089996,9.59,1770467847.881962
-0.602924,0.837652,1.2505,-15.68,67.970001,12.32,1770467847.889975
-0.626348,0.737124,1.191208,-32.41,38.779999,9.03,1770467847.89797
-0.54778,0.641964,1.08336,-43.470001,13.79,1.96,1770467847.905967
-0.444812,0.532408,0.976244,-51.52,-5.81,0.42,1770467847.914029
-0.331108,0.461648,0.883036,-57.189999,-18.690001,-1.05,1770467847.921968
-0.22692,0.419436,0.813496,-54.810001,-27.440001,-2.31,1770467847.930054
-0.143472,0.393328,0.761768,-58.66,-29.889999,-0.14,1770467847.937964
-0.074176,0.366,0.72468,-60.060001,-28.559999,2.73,1770467847.945995
-0.020496,0.342576,0.687592,-60.759998,-24.639999,4.13,1770467847.953963
0.008784,0.30012,0.657336,-62.299999,-14.77,10.64,1770467847.961963
0.021716,0.2745,0.622688,-57.119999,-4.34,15.89,1770467847.97862
-0.010492,0.234484,0.604388,-49.77,14.21,24.290001,1770467847.981559
-0.044652,0.227896,0.589992,-46.689999,28.0,26.950001,1770467847.989625
-0.096136,0.221064,0.595604,-41.09,40.880001,30.73,1770467847.997791
-0.1586,0.203496,0.618296,-40.459999,54.110001,27.719999,1770467848.005627
-0.231312,0.199836,0.62952,-38.360001,65.309998,34.09,1770467848.013557
-0.307928,0.187148,0.650992,-33.32,72.870003,32.48,1770467848.021664
-0.382592,0.143228,0.660996,-29.469999,76.93,35.77,1770467848.029584
-0.478484,0.098088,0.670756,-20.65,79.660004,38.150002,1770467848.037527
-0.570472,0.042944,0.669048,-11.76,80.290001,38.360001,1770467848.045546
-0.647576,-0.011468,0.635376,0.56,75.529999,47.880001,1770467848.053544
-0.727852,-0.067832,0.595848,13.65,63.419998,48.580002,1770467848.061595
-0.81862,-0.143228,0.615124,26.32,51.66,55.439999,1770467848.06955
-0.928908,-0.166164,0.670512,39.900002,39.549999,44.310001,1770467848.077538
-1.010404,-0.177876,0.764452,47.880001,25.969999,35.560001,1770467848.085576
-1.089948,-0.159088,0.863272,58.52,8.68,31.780001,1770467848.093563
-1.147044,-0.1342,0.965996,60.549999,-9.03,24.92,1770467848.101932
-1.147532,-0.079056,1.080676,58.869999,-31.219999,15.47,1770467848.109629
-1.087264,-0.033916,1.208532,56.84,-52.43,11.83,1770467848.11757
-0.97478,0.005368,1.341756,54.669998,-74.410004,6.02,1770467848.125527
-0.829112,0.04148,1.478884,51.799999,-98.07,4.34,1770467848.133538
-0.671976,0.104432,1.598932,47.599998,-120.75,-2.8,1770467848.141575
-0.485804,0.20984,1.640168,47.389999,-142.449997,-5.46,1770467848.149543
-0.304512,0.321592,1.613084,48.650002,-160.509995,-9.17,1770467848.157529
-0.170068,0.388448,1.547204,49.560001,-174.509995,-17.08,1770467848.165618
-0.074908,0.446764,1.440576,59.290001,-183.820007,-21.49,1770467848.173556
0.069784,0.552416,1.318088,63.209999,-188.369995,-17.08,1770467848.181572
0.322812,0.675148,1.191696,66.080002,-195.509995,0.77,1770467848.189603
0.284992,0.67466,1.056276,49.419998,-198.660004,5.11,1770467848.197535
0.318664,0.649284,0.86742,20.02,-192.080002,7.0,1770467848.205536
0.382104,0.57462,0.70028,-8.19,-171.429993,7.28,1770467848.213543
0.438468,0.51118,0.566812,-33.459999,-145.179993,7.7,1770467848.221655
0.4941,0.42944,0.488976,-55.650002,-109.900002,7.63,1770467848.229551
0.53314,0.326716,0.450912,-68.529999,-72.239998,5.46,1770467848.237534
0.56852,0.231312,0.441396,-76.089996,-34.439999,-1.47,1770467848.245539
0.58682,0.17202,0.469212,-72.029999,-1.12,-2.17,1770467848.253535
0.583404,0.144936,0.536068,-67.900002,32.549999,-2.73,1770467848.261556
0.556564,0.110044,0.627324,-62.860001,57.189999,-0.49,1770467848.269607
0.52704,0.05978,0.721752,-57.75,77.419998,5.6,1770467848.277532
0.494832,0.000488,0.823988,-50.540001,92.400002,6.79,1770467848.285526
0.46604,-0.044652,0.920612,-45.080002,102.059998,13.51,1770467848.293541
0.436272,-0.078324,1.019432,-36.119999,107.519997,16.59,1770467848.301571
0.390644,-0.10736,1.097024,-28.35,109.900002,21.42,1770467848.309598
0.332816,-0.1342,1.1346,-18.969999,110.18,26.879999,1770467848.317547
0.270596,-0.14884,1.130208,-14.35,108.43,32.060001,1770467848.325547
0.210328,-0.171288,1.093364,-6.65,107.099998,39.48,1770467848.333544
0.15006,-0.192516,1.055056,0.91,107.309998,45.990002,1770467848.341622
0.087108,-0.2196,1.003816,9.03,111.440002,53.41,1770467848.349561
0.018056,-0.24766,0.951844,21.0,116.059998,57.119999,1770467848.357537
-0.049532,-0.244732,0.937692,31.780001,123.690002,58.869999,1770467848.36554
-0.12932,-0.220576,0.950624,42.91,132.509995,58.939999,1770467848.373571
-0.185684,-0.141032,0.961116,49.77,139.649994,57.330002,1770467848.381633
-0.246928,-0.081496,0.98454,57.75,145.809998,57.189999,1770467848.389558
-0.351848,-0.020984,0.992836,62.439999,153.720001,53.830002,1770467848.397539
-0.456036,0.046848,0.987956,64.889999,162.190002,46.060001,1770467848.40555
-0.532652,0.132736,0.98088,62.720001,164.009995,38.639999,1770467848.413573
-0.635376,0.21838,0.989664,56.77,162.399994,30.799999,1770467848.421576
-0.731756,0.303048,0.996496,45.849998,156.940002,20.719999,1770467848.429609
-0.8113,0.356728,0.996252,35.0,148.399994,11.62,1770467848.437546
-0.863272,0.366976,1.002352,17.01,134.050003,0.0,1770467848.44555
-0.881328,0.350628,1.005524,5.39,112.489998,-8.47,1770467848.453615
-0.881816,0.327204,1.015284,-6.44,87.57,-20.65,1770467848.461583
-0.855952,0.31354,1.014552,-13.44,60.970001,-22.469999,1770467848.469555
-0.807884,0.310124,1.017724,-17.92,34.23,-29.889999,1770467848.477544
-0.737124,0.327448,1.009428,-26.74,10.22,-35.279999,1770467848.485644
-0.650992,0.364048,1.00284,-34.23,-9.03,-35.279999,1770467848.493546
-0.556564,0.398208,0.998448,-42.0,-26.67,-41.09,1770467848.501575
-0.46482,0.404064,0.973072,-50.330002,-38.290001,-44.450001,1770467848.509587
-0.38796,0.39772,0.94306,-60.200001,-47.32,-43.959999,1770467848.517541
-0.309636,0.387716,0.917684,-67.760002,-52.919998,-42.419998,1770467848.525545
-0.247172,0.348432,0.915976,-73.639999,-52.360001,-36.470001,1770467848.533669
-0.20618,0.315736,0.927932,-75.18,-45.43,-31.360001,1770467848.541576
-0.176656,0.279136,0.921832,-77.769997,-33.459999,-21.0,1770467848.549579
-0.175436,0.253516,0.886452,-71.959999,-16.1,-16.1,1770467848.557541
-0.197884,0.224236,0.835944,-66.849998,5.32,-5.67,1770467848.565544
-0.257908,0.214964,0.79666,-50.540001,28.0,0.0,1770467848.573593
-0.343308,0.232288,0.769088,-39.689999,51.73,6.44,1770467848.581578
-0.449204,0.26474,0.759816,-31.08,72.940002,8.96,1770467848.589551
-0.56242,0.310612,0.748348,-23.450001,89.949997,11.41,1770467848.597539
-0.67588,0.349652,0.756644,-22.190001,99.889999,12.32,1770467848.605671
-0.783484,0.377224,0.753472,-20.16,101.5,16.379999,1770467848.613562
-0.909144,0.386252,0.72346,-16.1,95.410004,18.9,1770467848.621579
-1.015772,0.37332,0.67344,-12.88,77.839996,13.86,1770467848.629618
-1.109956,0.340624,0.624884,-3.92,55.509998,12.39,1770467848.63755
-1.16754,0.289384,0.589748,6.79,27.719999,3.64,1770467848.645542
-1.198284,0.217892,0.571448,20.299999,-1.75,2.45,1770467848.653673
-1.212436,0.14152,0.565104,33.110001,-30.450001,-13.93,1770467848.66158
-1.183888,0.106628,0.562908,47.880001,-56.209999,-24.639999,1770467848.669551
-1.121912,0.081008,0.529968,62.439999,-84.0,-32.48,1770467848.677547
-1.059692,0.083448,0.521428,77.980003,-108.43,-44.029999,1770467848.685576
-0.959408,0.098088,0.551684,96.32,-128.660004,-41.369999,1770467848.693636
-0.84058,0.133224,0.624152,105.769997,-149.940002,-43.82,1770467848.701573
-0.694424,0.164212,0.718824,106.330002,-172.059998,-35.700001,1770467848.709596
-0.536556,0.212768,0.803248,107.519997,-195.649994,-33.810001,1770467848.717544
-0.360388,0.209596,0.899384,102.900002,-220.5,-28.209999,1770467848.725573
-0.213012,0.2135,0.986736,99.75,-237.440002,-27.860001,1770467848.73356
-0.056608,0.188124,1.05286,93.660004,-245.070007,-23.59,1770467848.741589
0.060024,0.217404,1.088728,83.650002,-243.809998,-26.67,1770467848.749548
0.144692,0.257176,1.134844,71.610001,-232.399994,-35.700001,1770467848.757546
0.258152,0.288896,1.147044,49.0,-215.529999,-50.400002,1770467848.765567
0.615612,0.516304,1.066036,33.18,-213.639999,-45.360001,1770467848.773545
0.590968,0.505568,1.041392,15.19,-190.889999,-38.080002,1770467848.781575
0.624884,0.473848,0.956236,-9.87,-161.630005,-32.619999,1770467848.789581
0.675148,0.396012,0.875472,-32.900002,-130.759995,-38.639999,1770467848.797537
0.719556,0.327204,0.817888,-59.290001,-94.43,-46.619999,1770467848.805708
0.751764,0.250588,0.803736,-74.059998,-52.639999,-49.07,1770467848.813538
0.774944,0.153232,0.833992,-82.669998,-6.58,-55.439999,1770467848.821676
0.776164,0.044164,0.888892,-81.550003,41.299999,-56.279999,1770467848.829578
0.733952,-0.069296,0.966972,-76.720001,80.849998,-54.669998,1770467848.837538
0.64782,-0.163724,1.040172,-72.449997,112.489998,-52.919998,1770467848.845613
0.5429,-0.20984,1.103612,-65.519997,137.759995,-48.23,1770467848.853586
0.409188,-0.213012,1.166076,-56.84,157.919998,-44.59,1770467848.86159
0.266936,-0.181048,1.231712,-56.139999,174.020004,-37.73,1770467848.86955
0.123952,-0.138104,1.26758,-54.32,181.649994,-34.509998,1770467848.877541
-0.014396,-0.101992,1.256844,-57.75,183.050003,-26.530001,1770467848.885575
-0.136396,-0.0671,1.2139,-51.310001,179.759995,-18.549999,1770467848.893618
-0.243268,-0.060268,1.163636,-46.759998,166.460007,-11.9,1770467848.901573
-0.352824,-0.041724,1.118008,-42.419998,152.25,-3.5,1770467848.909602
-0.456036,-0.034404,1.0919,-32.689999,135.240005,2.1,1770467848.917542
-0.516792,-0.023912,1.066036,-28.07,118.580002,10.29,1770467848.925545
-0.586088,-0.005612,1.01992,-20.719999,102.199997,16.450001,1770467848.933569
-0.61,0.019764,0.952576,-15.12,83.370003,19.25,1770467848.941704
-0.60634,0.038064,0.86498,-7.98,60.759998,30.940001,1770467848.949563
-0.586332,0.050752,0.758108,-2.66,36.540001,37.240002,1770467848.957535
-0.558272,0.064416,0.665876,5.53,12.88,41.509998,1770467848.965546
-0.50264,0.058072,0.612196,16.450001,-11.27,43.540001,1770467848.973868
-0.420656,0.047336,0.586088,21.209999,-29.540001,44.869999,1770467848.982222
-0.340868,0.03538,0.610244,32.900002,-40.810001,45.43,1770467848.989645
-0.263032,0.039528,0.655872,39.130001,-48.02,43.959999,1770467848.997726
-0.211304,0.050508,0.705892,46.970001,-47.110001,41.580002,1770467849.005547
-0.1464,0.080032,0.751764,51.310001,-41.02,39.900002,1770467849.013549
-0.113704,0.149816,0.815448,56.91,-33.110001,34.509998,1770467849.021579
-0.09028,0.213988,0.894504,50.889999,-20.02,22.75,1770467849.029554
-0.083448,0.259616,0.992348,43.119999,-5.32,11.06,1770467849.037523
-0.107116,0.315492,1.080188,31.219999,10.78,2.66,1770467849.045617
-0.149816,0.32208,1.1468,15.33,28.42,-5.46,1770467849.053583
-0.238388,0.32452,1.156072,5.11,43.959999,-9.8,1770467849.061573
-0.346236,0.305732,1.1651,-4.76,59.639999,-10.01,1770467849.069597
-0.488976,0.312564,1.147776,-8.68,76.790001,-19.459999,1770467849.077547
-0.594384,0.296948,1.11874,-16.24,89.389999,-23.030001,1770467849.085609
-0.687836,0.294508,1.075552,-19.74,93.870003,-30.450001,1770467849.093577
-0.74908,0.313052,1.030656,-22.75,89.879997,-32.060001,1770467849.101572
-0.798856,0.352824,1.028948,-26.67,77.769997,-31.57,1770467849.109598
-0.818864,0.356728,1.060912,-25.34,63.07,-30.309999,1770467849.117538
-0.833504,0.32574,1.092144,-24.43,46.34,-22.610001,1770467849.125528
-0.853268,0.298412,1.086288,-21.0,31.92,-15.82,1770467849.133559
-0.87474,0.281576,1.04554,-15.82,16.940001,-9.94,1770467849.141678
-0.886452,0.274012,0.974536,-13.93,4.76,-7.77,1770467849.149547
-0.888892,0.27938,0.911096,-10.92,-3.92,-9.03,1770467849.157539
-0.875472,0.282308,0.85766,-7.77,-12.46,-8.12,1770467849.165535
-0.861808,0.285236,0.826916,-3.43,-17.15,-14.07,1770467849.173564
-0.841556,0.274012,0.810324,3.22,-20.02,-21.49,1770467849.181621
-0.80764,0.253028,0.81618,7.98,-21.139999,-27.65,1770467849.189639
-0.778116,0.233996,0.814716,11.41,-20.370001,-40.459999,1770467849.197534
-0.74298,0.178608,0.813252,14.35,-16.24,-46.060001,1770467849.205757
-0.69906,0.115656,0.794708,19.74,-15.19,-50.189999,1770467849.213553
-0.654896,0.069784,0.780068,22.540001,-20.860001,-52.990002,1770467849.221664
-0.61488,0.038796,0.790804,21.77,-31.15,-54.040001,1770467849.229575
-0.56852,0.035136,0.79544,26.74,-46.900002,-53.689999,1770467849.237535
-0.503616,0.030744,0.756644,32.130001,-66.779999,-50.75,1770467849.245537
-0.447008,0.043676,0.681248,46.200001,-85.75,-44.380001,1770467849.253561
-0.40016,0.075884,0.584868,56.98,-101.989998,-40.459999,1770467849.261576
-0.355752,0.098332,0.476044,73.639999,-118.720001,-36.75,1770467849.269589
-0.305244,0.1098,0.386252,91.0,-130.759995,-36.189999,1770467849.27753
-0.237656,0.139324,0.360876,105.209999,-141.399994,-43.68,1770467849.285528
-0.152256,0.21106,0.419436,112.839996,-150.5,-49.07,1770467849.293536
-0.053192,0.348188,0.518988,114.660004,-152.389999,-58.73,1770467849.301582
-0.00854,0.43798,0.642208,104.440002,-146.089996,-66.849998,1770467849.309602
0.0976,0.561444,0.718824,84.559998,-135.520004,-72.239998,1770467849.317651
0.217648,0.639036,0.79666,62.23,-126.559998,-68.110001,1770467849.325537
0.21716,0.56852,0.9089,31.08,-111.089996,-65.940002,1770467849.33354
0.260104,0.437004,1.0248,-1.75,-93.449997,-64.610001,1770467849.341576
0.29036,0.248148,1.172908,-25.9,-69.089996,-68.040001,1770467849.349579
0.292068,0.039284,1.336388,-32.689999,-42.490002,-65.029999,1770467849.357584
0.28792,-0.119316,1.49084,-33.880001,-16.379999,-67.059998,1770467849.365553
0.265472,-0.217648,1.597956,-32.34,3.78,-64.470001,1770467849.373544
0.238876,-0.235948,1.667008,-27.23,15.61,-63.77,1770467849.381574
0.172264,-0.26108,1.69214,-28.84,22.68,-63.560001,1770467849.389559
0.118828,-0.203008,1.673596,-28.0,29.889999,-59.849998,1770467849.397561
0.061732,-0.13176,1.61284,-27.23,33.32,-56.700001,1770467849.405628
-0.001708,-0.053436,1.517924,-26.809999,30.52,-47.389999,1770467849.413559
-0.045872,0.016592,1.410076,-28.77,25.9,-46.970001,1770467849.421632
-0.085644,0.067588,1.297836,-31.360001,15.54,-38.990002,1770467849.429734
-0.12688,0.098576,1.18706,-34.299999,7.63,-37.099998,1770467849.437543
-0.150548,0.1159,1.093608,-35.630001,4.41,-30.379999,1770467849.445543
-0.162992,0.132492,1.033096,-35.700001,5.53,-25.620001,1770467849.453556
-0.155428,0.16104,1.00894,-35.0,10.99,-20.370001,1770467849.461597
-0.142252,0.194956,1.00162,-37.099998,18.76,-14.56,1770467849.469633
-0.136396,0.225944,0.995032,-39.130001,24.08,-5.88,1770467849.477541
-0.136884,0.242292,0.953552,-40.880001,26.67,1.33,1770467849.485555
-0.147376,0.229848,0.85034,-41.439999,26.110001,13.58,1770467849.493686
-0.149816,0.193736,0.73078,-38.009998,21.42,18.48,1770467849.501581
-0.129076,0.142496,0.595116,-31.99,10.08,30.73,1770467849.509648
-0.138104,0.111752,0.482388,-20.299999,-2.45,40.040001,1770467849.517541
-0.128588,0.072956,0.403332,-6.37,-8.68,44.869999,1770467849.525589
-0.101992,0.05002,0.367708,13.86,-13.37,51.380001,1770467849.533529
-0.078324,0.062708,0.361608,33.459999,-12.81,52.290001,1770467849.541575
-0.05978,0.102968,0.402112,45.360001,-8.68,52.150002,1770467849.549551
-0.054412,0.168848,0.486292,54.459999,0.42,45.57,1770467849.557541
-0.050752,0.247172,0.630496,53.619999,11.76,37.799999,1770467849.565543
-0.047824,0.333304,0.782752,47.18,25.200001,28.84,1770467849.57357
-0.097844,0.467016,0.890844,34.860001,39.900002,16.309999,1770467849.581574
-0.16348,0.556076,0.986248,19.459999,55.439999,9.73,1770467849.589563
-0.237412,0.607316,1.01992,0.21,65.519997,7.63,1770467849.597577
-0.353556,0.634644,1.041636,-18.48,74.059998,3.36,1770467849.605568
-0.454572,0.588772,1.072868,-30.870001,82.32,2.31,1770467849.613568
-0.565836,0.491172,1.130696,-38.009998,94.5,-3.78,1770467849.621581
-0.674172,0.37332,1.204384,-42.209999,107.940002,-5.53,1770467849.6296
-0.757864,0.249856,1.270996,-46.549999,115.080002,-7.21,1770467849.637527
-0.84912,0.146644,1.3237,-45.43,111.720001,-13.3,1770467849.64555
-0.935496,0.032208,1.338096,-37.66,103.040001,-10.92,1770467849.653596
-1.011868,-0.038308,1.291004,-28.0,86.870003,-13.16,1770467849.661685
-1.130208,-0.183488,1.249768,-28.629999,69.089996,-11.62,1770467849.669548
-1.189256,-0.31232,1.166808,-29.75,50.82,-22.82,1770467849.677556
-1.112152,-0.320372,1.084092,-17.290001,24.780001,-27.65,1770467849.685557
-1.036024,-0.249368,1.027728,-2.45,-1.89,-29.120001,1770467849.69361
-0.943792,-0.165432,0.9821,6.23,-26.459999,-31.43,1770467849.701578
-0.830576,-0.062464,0.94306,14.0,-47.950001,-32.549999,1770467849.709671
-0.696376,-0.00732,0.929884,17.57,-60.34,-35.419998,1770467849.717533
-0.569252,0.032452,0.911584,19.110001,-69.510002,-38.639999,1770467849.725625
-0.473604,0.090768,0.910852,19.530001,-74.690002,-39.689999,1770467849.733544
-0.38064,0.145668,0.915,19.110001,-77.349998,-45.849998,1770467849.741594
-0.315492,0.194468,0.891576,18.129999,-79.800003,-46.759998,1770467849.749669
-0.25864,0.21472,0.823988,18.34,-84.0,-51.450001,1770467849.757548
-0.22936,0.215452,0.706868,18.41,-85.75,-50.68,1770467849.765545
-0.218868,0.210084,0.567544,25.129999,-87.360001,-54.25,1770467849.773543
-0.205204,0.18666,0.466772,31.57,-86.660004,-53.41,1770467849.781685
-0.183244,0.1281,0.415288,40.880001,-85.75,-57.959999,1770467849.789599
-0.13298,0.08052,0.427488,54.18,-85.68,-59.150002,1770467849.79754
-0.069784,0.098576,0.480436,66.989998,-82.459999,-58.73,1770467849.805563
-0.016104,0.15494,0.55144,74.970001,-80.010002,-59.779999,1770467849.813596
0.023912,0.229848,0.648308,72.449997,-74.760002,-56.84,1770467849.821581
0.033184,0.283284,0.765672,58.169998,-63.77,-59.990002,1770467849.829548
0.022448,0.302804,0.877424,43.119999,-46.27,-66.709999,1770467849.837538
0.086864,0.342332,0.98454,22.540001,-30.24,-67.620003,1770467849.84555
0.219356,0.396744,1.118496,11.55,-26.67,-57.400002,1770467849.853636
0.135664,0.301096,1.256356,-6.79,-24.01,-53.34,1770467849.861597
0.103212,0.176412,1.31638,-22.959999,-17.290001,-57.610001,1770467849.86955
0.082716,0.030256,1.372744,-29.33,-13.02,-55.860001,1770467849.877536
0.070272,-0.109556,1.481324,-34.299999,-7.98,-54.25,1770467849.885554
0.064904,-0.201788,1.623332,-31.219999,-3.99,-46.549999,1770467849.893553
0.046604,-0.247172,1.746552,-30.1,2.24,-40.880001,1770467849.901578
-0.001464,-0.31476,1.779736,-28.77,6.23,-34.369999,1770467849.909721
-0.058072,-0.313296,1.652368,-25.200001,7.14,-28.209999,1770467849.91758
-0.098332,-0.293044,1.478884,-21.42,0.0,-22.120001,1770467849.925547
-0.133712,-0.22692,1.289784,-15.89,-13.23,-17.360001,1770467849.933549
-0.199592,-0.188368,1.152168,-15.33,-25.76,-18.9,1770467849.941635
-0.188368,-0.15494,1.05286,-22.68,-35.77,-28.280001,1770467849.949584
-0.113948,-0.073688,1.005768,-21.559999,-45.43,-31.01,1770467849.95754
-0.053436,-0.003172,1.018456,-25.9,-45.990002,-21.35,1770467849.965542
-0.007076,0.051484,1.02846,-28.07,-43.540001,-19.110001,1770467849.973863
0.02318,0.071248,0.991616,-31.85,-34.439999,-10.22,1770467849.983052
0.036844,0.055388,0.892796,-31.360001,-26.67,-3.71,1770467849.989723
0.044408,0.024156,0.77836,-27.23,-20.58,1.68,1770467849.997613
0.055388,-0.002196,0.669292,-20.440001,-19.389999,9.52,1770467850.005613
0.068564,-0.031476,0.597556,-10.22,-22.469999,8.26,1770467850.013569
0.079788,-0.054168,0.548024,-0.56,-26.879999,12.11,1770467850.021596
0.101504,-0.059536,0.537288,11.2,-24.92,15.47,1770467850.029624
0.114436,-0.02806,0.562908,26.110001,-19.74,13.23,1770467850.037563
0.129564,0.039528,0.617564,33.110001,-9.03,20.58,1770467850.045551
0.131516,0.144448,0.690032,34.860001,3.22,20.16,1770467850.05355
0.096868,0.222284,0.781776,30.870001,19.879999,18.41,1770467850.061588
0.08418,0.321104,0.832528,14.98,36.330002,6.51,1770467850.069552
0.05002,0.344284,0.874984,4.13,48.509998,-4.27,1770467850.077537
-0.02318,0.383568,0.917196,-10.85,64.82,-12.6,1770467850.085544
0.006344,0.537776,0.943304,-18.129999,74.830002,4.55,1770467850.093695
-0.189588,0.571936,0.991372,-29.540001,87.989998,2.8,1770467850.101591
-0.286212,0.553392,1.00406,-41.509998,96.32,-10.92,1770467850.109624
-0.390156,0.50386,1.03456,-45.009998,104.720001,-18.9,1770467850.11754
-0.465552,0.412604,1.025288,-44.799999,111.510002,-27.16,1770467850.125537
-0.561932,0.331352,1.021872,-28.139999,114.870003,-24.639999,1770467850.133537
-0.660508,0.252784,1.041148,-12.18,114.029999,-24.360001,1770467850.141569
-0.732,0.203252,1.065792,0.77,103.599998,-21.35,1770467850.149592
-0.79422,0.174216,1.103124,20.440001,85.82,-18.129999,1770467850.157585
-0.855952,0.157136,1.13094,29.82,61.32,-14.49,1770467850.165553
-0.936472,0.073688,1.156804,29.889999,40.459999,-16.870001,1770467850.173538
-0.954528,-0.00122,1.13094,24.57,20.299999,-22.82,1770467850.181573
-0.969412,-0.137128,1.099464,16.24,-0.21,-33.810001,1770467850.189543
-0.944036,-0.260104,1.057984,20.370001,-18.200001,-39.759998,1770467850.19766
-0.896212,-0.375516,1.024068,25.969999,-34.860001,-41.439999,1770467850.205559
-0.844484,-0.4697,0.975024,36.189999,-50.119999,-45.849998,1770467850.213556
-0.757864,-0.527284,0.930616,53.41,-65.800003,-50.540001,1770467850.221572
-0.658556,-0.549,0.951112,65.309998,-80.57,-52.639999,1770467850.229589
-0.54412,-0.5307,0.987224,80.080002,-96.18,-58.310001,1770467850.237529
-0.4514,-0.476044,1.018456,85.120003,-110.110001,-60.759998,1770467850.245557
-0.328424,-0.373564,1.087264,89.949997,-124.18,-66.360001,1770467850.253636
-0.220576,-0.219356,1.170224,82.879997,-129.850006,-66.57,1770467850.261574
-0.126148,-0.052948,1.247816,69.790001,-129.5,-67.830002,1770467850.269546
-0.052704,0.078812,1.261236,52.220001,-123.199997,-65.239998,1770467850.277535
0.029768,0.177876,1.214144,34.860001,-115.220001,-64.260002,1770467850.285524
0.100528,0.232288,1.151436,21.42,-106.330002,-59.5,1770467850.293542
0.116144,0.217404,1.08702,7.63,-91.0,-67.059998,1770467850.30167
0.232044,0.247172,0.987224,-4.34,-84.769997,-74.690002,1770467850.309828
0.41968,0.445788,0.9211,3.36,-88.970001,-39.689999,1770467850.317541
0.339648,0.50386,0.9211,-12.53,-79.169998,-26.18,1770467850.325616
0.311588,0.539728,0.859368,-30.030001,-61.740002,-18.690001,1770467850.333541
0.281576,0.537532,0.770552,-48.23,-42.560001,-17.08,1770467850.341576
0.2379,0.493124,0.696864,-66.919998,-23.799999,-14.63,1770467850.349553
0.204716,0.428464,0.638304,-78.75,-6.72,-18.34,1770467850.357638
0.177388,0.358192,0.604388,-85.959999,8.4,-17.99,1770467850.365571
0.159332,0.284504,0.598776,-84.209999,21.77,-18.549999,1770467850.373542
0.157868,0.18544,0.650992,-76.650002,29.4,-24.01,1770467850.38158
0.16958,0.073444,0.729804,-68.529999,38.009998,-23.309999,1770467850.38962
0.167872,-0.025376,0.806908,-49.279999,44.66,-23.940001,1770467850.39754
0.158112,-0.111264,0.90768,-29.75,53.200001,-16.52,1770467850.405643
0.141032,-0.179096,1.001376,-13.3,60.41,-8.33,1770467850.413556
0.098576,-0.202276,1.039684,7.91,65.239998,1.61,1770467850.421573
0.082472,-0.234728,1.042124,23.73,65.099998,16.379999,1770467850.429602
0.035868,-0.27084,1.01748,37.450001,58.66,24.290001,1770467850.437694
-0.007808,-0.281332,1.01138,48.09,51.939999,34.860001,1770467850.445542
-0.040992,-0.299632,0.988932,57.75,41.509998,49.91,1770467850.453549
-0.331352,-0.493612,1.086288,50.75,36.119999,46.130001,1770467850.461579
-0.2135,-0.43554,1.16388,48.509998,31.08,40.18,1770467850.469676
-0.265228,-0.442372,1.335656,45.080002,32.549999,39.27,1770467850.47754
-0.3172,-0.391132,1.46888,43.68,35.560001,38.009998,1770467850.485548
-0.35258,-0.326472,1.545252,36.75,36.400002,40.040001,1770467850.493547
-0.39894,-0.241804,1.565748,25.200001,33.18,37.799999,1770467850.501691
-0.460672,-0.138104,1.555012,10.43,31.5,33.18,1770467850.509668
-0.546072,-0.043432,1.493036,-2.31,34.860001,20.51,1770467850.517582
-0.610732,0.022692,1.3847,-18.969999,42.98,3.71,1770467850.525552
-0.645624,0.072712,1.281976,-30.24,50.610001,-13.37,1770467850.533614
-0.65758,0.10736,1.207068,-35.98,55.580002,-34.02,1770467850.541625
-0.639036,0.147864,1.10776,-41.509998,54.110001,-42.84,1770467850.549556
-0.618052,0.20618,0.982832,-41.860001,43.889999,-53.34,1770467850.557539
-0.586576,0.269864,0.826916,-39.689999,29.540001,-60.060001,1770467850.565552
-0.557784,0.330864,0.709308,-36.119999,9.52,-59.990002,1770467850.573541
-0.499224,0.34648,0.622932,-34.23,-14.14,-67.480003,1770467850.581637
-0.515328,0.454328,0.531432,-31.92,-31.01,-76.93,1770467850.589558
-0.422608,0.559004,0.446032,-22.68,-40.110001,-79.309998,1770467850.597548
-0.266448,0.620248,0.487512,-19.950001,-65.800003,-57.400002,1770467850.605534
-0.236192,0.643916,0.510936,-13.58,-79.169998,-46.759998,1770467850.613649
-0.19154,0.647088,0.5185,-9.52,-88.199997,-44.52,1770467850.621573
-0.138836,0.640988,0.502396,-7.84,-94.080002,-32.130001,1770467850.629572
-0.083936,0.621712,0.47458,-3.92,-94.57,-27.23,1770467850.63754
-0.045628,0.597312,0.455792,-1.19,-92.68,-8.82,1770467850.64558
-0.0427,0.552416,0.441396,12.11,-85.190002,0.63,1770467850.653533
-0.055876,0.474824,0.457988,24.5,-72.239998,11.55,1770467850.661575
-0.091256,0.3721,0.495564,33.32,-54.810001,16.24,1770467850.669554
-0.135176,0.241316,0.550708,46.689999,-36.470001,9.38,1770467850.677573
-0.18544,0.10248,0.695888,62.650002,-15.96,3.08,1770467850.685542
-0.256688,0.034892,0.946476,82.32,8.68,-6.23,1770467850.693624
-0.363072,0.016592,1.292468,91.209999,28.07,-9.59,1770467850.701587
-0.505812,-0.031232,1.66286,82.18,30.309999,-18.9,1770467850.709581
-0.61488,-0.15006,1.861476,66.989998,25.34,-17.780001,1770467850.717605
-0.830088,-0.463844,1.917596,47.18,4.76,-43.68,1770467850.725576
-0.854244,-0.680272,1.92028,40.459999,-21.700001,-53.34,1770467850.733542
-0.773724,-0.743712,1.934676,36.540001,-53.41,-57.049999,1770467850.741575
-0.588528,-0.859124,1.968592,20.09,-87.57,-45.849998,1770467850.749552
-0.364048,-0.809348,1.914668,11.9,-119.910004,-39.689999,1770467850.757602
-0.15982,-0.64416,1.846836,0.14,-140.210007,-28.0,1770467850.765579
0.06466,-0.440664,1.764364,-10.99,-152.529999,-19.110001,1770467850.773536
0.207888,-0.18544,1.5921,-14.77,-152.529999,-9.24,1770467850.781566
0.26352,0.022692,1.358836,-16.66,-141.119995,-3.71,1770467850.789578
0.233752,0.107848,1.114348,-13.02,-114.660004,-3.5,1770467850.797543
0.316224,0.22448,0.882304,-3.57,-103.529999,-19.950001,1770467850.805539
0.579256,0.615124,0.62708,18.41,-82.879997,10.29,1770467850.813642
0.384788,0.509228,0.594872,29.049999,-63.139999,29.610001,1770467850.821579
0.34038,0.540704,0.488,29.190001,-44.450001,38.919998,1770467850.829549
0.295484,0.584136,0.365756,25.41,-26.74,42.139999,1770467850.837541
0.256932,0.600972,0.250832,17.57,-12.67,44.52,1770467850.845549
0.208376,0.603656,0.140544,9.45,-3.43,43.189999,1770467850.85366
0.15982,0.601704,0.067832,-1.12,1.89,40.25,1770467850.861587
0.131272,0.566324,0.023668,-15.68,7.56,38.57,1770467850.869556
0.128344,0.502152,0.005612,-26.110001,12.88,29.610001,1770467850.877571
0.15494,0.403332,0.01952,-30.59,17.85,27.58,1770467850.885542
0.18056,0.300364,0.07442,-28.98,26.530001,22.540001,1770467850.893566
0.219112,0.180804,0.196908,-17.57,37.869999,16.940001,1770467850.901707
0.257664,0.049776,0.408456,-8.96,52.5,8.19,1770467850.909656
0.302316,-0.102968,0.676856,10.78,69.440002,3.99,1770467850.91766
0.367708,-0.222772,0.964532,31.08,88.480003,5.04,1770467850.925556
0.327448,-0.314028,1.281244,50.119999,113.75,8.82,1770467850.933545
0.261568,-0.35502,1.568432,60.200001,136.5,15.19,1770467850.941573
0.139568,-0.359412,1.868308,54.950001,154.630005,16.799999,1770467850.949556
-0.011712,-0.406504,2.223084,40.25,155.259995,15.26,1770467850.957555
-0.149572,-0.448716,2.487092,20.58,145.25,20.23,1770467850.965544
-0.311588,-0.493856,2.411208,14.98,120.959999,31.92,1770467850.973773
-0.654652,-0.506788,2.063264,-0.42,115.5,26.459999,1770467850.9818
-0.795196,-0.43554,1.74216,-14.14,102.970001,15.47,1770467850.989651
-0.91256,-0.331352,1.530856,-20.440001,92.610001,3.22,1770467850.997545
-0.98576,-0.163724,1.41764,-22.26,84.07,-4.27,1770467851.005591
-0.998936,0.03172,1.37616,-24.780001,68.739998,-16.940001,1770467851.013702
-0.969168,0.194468,1.3359,-28.0,48.439999,-21.139999,1770467851.021578
-0.915,0.306708,1.278804,-34.650002,24.43,-31.780001,1770467851.029601
-0.830332,0.384788,1.170224,-42.630001,1.96,-34.16,1770467851.037528
-0.732976,0.444324,0.99552,-45.43,-20.02,-37.66,1770467851.045537
-0.638792,0.467992,0.826184,-46.549999,-47.32,-46.830002,1770467851.053623
-0.529968,0.446032,0.690764,-43.889999,-73.779999,-55.720001,1770467851.061578
-0.476532,0.476044,0.570228,-34.650002,-92.120003,-73.919998,1770467851.069557
-0.363072,0.527528,0.441396,-24.15,-109.059998,-80.5,1770467851.07754
-0.20008,0.642452,0.373076,-17.43,-122.080002,-73.849998,1770467851.08554
-0.122976,0.684908,0.321348,-14.35,-133.279999,-63.560001,1770467851.093552
-0.048556,0.730048,0.255224,-13.79,-140.279999,-56.490002,1770467851.101672
0.008784,0.745176,0.191784,-16.799999,-143.429993,-46.27,1770467851.10966
0.062464,0.761768,0.1342,-18.969999,-144.970001,-39.900002,1770467851.117549
0.13542,0.753716,0.094916,-16.1,-142.520004,-23.73,1770467851.125538
0.178608,0.708576,0.10248,-14.91,-130.410004,-13.51,1770467851.133581
0.228384,0.671732,0.1403,-12.32,-112.769997,-7.77,1770467851.141538
0.26108,0.656848,0.219844,-18.969999,-89.110001,-1.05,1770467851.149683
0.289384,0.604144,0.347456,-27.58,-58.240002,1.12,1770467851.157531
0.287188,0.472872,0.500932,-39.549999,-20.58,2.1,1770467851.16552
0.252296,0.273524,0.653188,-51.099998,23.1,-2.87,1770467851.173534
0.198128,0.044652,0.797392,-60.759998,66.220001,-12.95,1770467851.181579
0.125416,-0.096624,0.979904,-63.77,104.089996,-15.61,1770467851.189571
0.089548,-0.333304,1.35542,-65.099998,122.849998,-11.69,1770467851.197576
-0.116388,-0.495076,1.732644,-69.790001,130.410004,0.28,1770467851.20554
-0.690276,-1.242936,2.002996,-83.230003,145.740005,-29.120001,1770467851.213551
-1.016016,-1.565016,2.059848,-61.18,120.190002,-26.32,1770467851.221574
-1.248304,-1.725568,2.018612,-57.400002,56.279999,-22.4,1770467851.229598
-1.277584,-1.592344,1.866356,-52.990002,-36.470001,-27.51,1770467851.237545
-1.047004,-1.193648,1.670668,-47.740002,-128.520004,-31.01,1770467851.245532
-0.719556,-0.70882,1.586244,-40.740002,-198.729996,-29.889999,1770467851.253567
-0.355508,-0.245708,1.577948,-41.439999,-238.279999,-31.43,1770467851.261631
-0.039528,0.150304,1.558428,-50.959999,-252.839996,-28.77,1770467851.26954
0.12444,0.281088,1.489864,-75.529999,-238.630005,-28.42,1770467851.277531
0.278648,0.52338,1.240496,-95.129997,-215.389999,-60.41,1770467851.285519
0.72346,0.955992,0.925492,-80.779999,-185.5,-11.13,1770467851.293565
0.563152,0.829356,0.832528,-97.510002,-154.770004,11.2,1770467851.301584
0.586332,0.720044,0.68076,-116.339996,-116.970001,17.360001,1770467851.309631
0.600484,0.513376,0.562664,-121.940002,-74.410004,30.379999,1770467851.317565
0.60024,0.260592,0.515084,-119.839996,-31.01,25.200001,1770467851.32559
0.586332,0.00488,0.539484,-104.089996,7.63,28.700001,1770467851.333538
0.518256,-0.193736,0.571692,-87.43,39.619999,24.92,1770467851.341665
0.474336,-0.33916,0.576816,-66.779999,65.309998,28.559999,1770467851.349549
0.404308,-0.491172,0.635864,-44.52,80.5,42.419998,1770467851.357541
0.427976,-0.535092,0.761768,-11.55,90.510002,59.220001,1770467851.365541
0.324276,-0.837408,1.055544,3.57,77.279999,46.759998,1770467851.373572
0.184952,-0.7137,0.906216,-2.03,88.339996,10.15,1770467851.381678
0.123708,-0.679784,0.698084,-5.32,79.870003,17.780001,1770467851.389556
0.071492,-0.740296,0.533872,-1.89,70.279999,18.41,1770467851.397539
0.057828,-0.853756,0.451156,3.01,64.120003,24.780001,1770467851.405554
0.055876,-0.947696,0.468968,14.42,63.279999,31.43,1770467851.413824
0.071248,-1.024068,0.568276,28.77,63.279999,24.92,1770467851.421588
0.073444,-1.057984,0.679052,41.439999,64.190002,32.970001,1770467851.429551
0.0671,-1.050908,0.757376,55.09,63.0,22.959999,1770467851.437535
0.061244,-1.01504,0.79178,63.630001,57.540001,21.84,1770467851.445612
0.07076,-0.97112,0.838872,73.849998,48.509998,15.26,1770467851.453542
0.103212,-0.91012,0.91134,83.650002,38.290001,10.5,1770467851.46158
0.186172,-0.818864,1.006988,92.190002,23.52,14.7,1770467851.469571
0.264984,-0.683688,1.15778,104.160004,14.42,7.7,1770467851.477544
0.282552,-0.478728,1.288076,113.330002,20.65,2.45,1770467851.485618
0.23912,-0.244,1.35298,112.839996,39.060001,-10.01,1770467851.493541
0.1647,-0.022448,1.38104,102.690002,67.410004,-18.34,1770467851.501616
0.075152,0.15494,1.410076,87.849998,94.220001,-22.82,1770467851.509598
-0.040748,0.225456,1.441552,73.43,114.940002,-25.83,1770467851.517724
-0.204472,0.44408,1.438868,62.650002,129.639999,-35.77,1770467851.525544
-0.338428,0.509228,1.47986,52.220001,137.550003,-39.759998,1770467851.533522
-0.460428,0.546316,1.47742,40.32,134.190002,-48.16,1770467851.541569
-0.518744,0.600972,1.380064,35.419998,116.970001,-51.380001,1770467851.54987
-0.551196,0.646112,1.236592,31.780001,87.709999,-43.330002,1770467851.557533
-0.601704,0.558028,1.072136,26.32,51.939999,-45.639999,1770467851.56554
-0.555344,0.461892,0.861808,28.07,19.879999,-44.029999,1770467851.573545
-0.478484,0.37576,0.736148,35.0,-5.53,-39.619999,1770467851.581693
-0.404308,0.30988,0.631716,42.490002,-20.440001,-31.780001,1770467851.589553
-0.352092,0.265228,0.50996,55.299999,-28.0,-25.27,1770467851.597535
-0.3233,0.23668,0.397232,64.330002,-32.759998,-16.73,1770467851.605553
-0.331596,0.232776,0.2989,74.620003,-32.900002,-8.12,1770467851.613545
-0.342576,0.254004,0.25254,84.769997,-31.780001,-6.79,1770467851.621668
-0.34282,0.30256,0.258152,84.559998,-32.549999,-1.68,1770467851.629549
-0.318908,0.334036,0.301584,82.110001,-37.869999,0.56,1770467851.637532
-0.281576,0.334768,0.386984,68.32,-42.77,7.56,1770467851.64554
-0.251564,0.349896,0.532408,56.07,-47.459999,12.53,1770467851.653587
-0.242292,0.381128,0.681736,35.07,-49.209999,10.29,1770467851.661573
-0.247904,0.38308,0.82106,11.34,-51.240002,6.23,1770467851.66955
-0.251076,0.306708,0.978196,-13.23,-51.380001,0.63,1770467851.677521
-0.24766,0.16958,1.1224,-30.1,-50.330002,-8.26,1770467851.685538
-0.25742,-0.02196,1.282708,-37.869999,-49.209999,-14.91,1770467851.693539
-0.299388,-0.187392,1.50792,-46.549999,-42.419998,-15.61,1770467851.701631
-0.443104,-0.382592,1.811944,-53.549999,-27.09,-11.48,1770467851.709725
-0.5673,-0.6344,2.03618,-63.98,-17.219999,-19.530001,1770467851.71757
-0.667584,-0.701256,2.170624,-59.290001,-19.25,-9.59,1770467851.725545
-0.746152,-0.754936,2.117676,-52.080002,-37.799999,-5.46,1770467851.733642
-0.76616,-0.572668,1.8666,-40.810001,-70.419998,-4.62,1770467851.741575
-0.682468,-0.290604,1.61528,-32.759998,-114.660004,-5.18,1770467851.749727
-0.507276,0.005368,1.473028,-32.41,-156.520004,-5.88,1770467851.757532
-0.261568,0.2379,1.40178,-34.790001,-186.970001,-3.99,1770467851.765546
-0.046116,0.2989,1.33712,-42.419998,-201.809998,-4.27,1770467851.773542
0.10736,0.314028,1.154608,-49.98,-198.449997,-16.940001,1770467851.781611
0.324032,0.338672,0.977952,-57.119999,-211.050003,-23.940001,1770467851.789656
0.50996,0.61122,0.742492,-30.309999,-197.539993,24.360001,1770467851.797647
0.498736,0.608048,0.544852,-44.59,-179.759995,29.33,1770467851.805545
0.515084,0.592676,0.352336,-49.91,-152.320007,39.900002,1770467851.81355
0.556808,0.462868,0.25864,-56.700001,-115.220001,37.450001,1770467851.821626
0.594628,0.266204,0.237412,-54.529999,-78.68,36.119999,1770467851.829565
0.626592,0.09028,0.237168,-36.119999,-40.32,29.049999,1770467851.837544
0.61,-0.0244,0.23668,-15.54,-1.47,23.870001,1770467851.845539
0.542656,-0.07564,0.270108,6.65,34.790001,21.84,1770467851.853543
0.460428,-0.101748,0.321348,21.91,66.639999,21.139999,1770467851.861615
0.370392,-0.117364,0.361852,30.52,90.089996,20.16,1770467851.869553
0.308416,-0.14518,0.436272,38.57,107.660004,10.99,1770467851.877523
0.312564,-0.222772,0.553148,46.34,118.230003,8.96,1770467851.885545
0.284504,-0.285968,0.70394,52.080002,124.32,16.379999,1770467851.893543
0.281332,-0.348676,0.863272,56.630001,129.850006,26.67,1770467851.90166
0.203252,-0.699304,1.148996,47.599998,124.18,8.19,1770467851.909715
0.177388,-0.741272,1.196088,38.990002,129.919998,-8.68,1770467851.917604
0.169092,-0.769332,1.251964,45.639999,123.269997,-11.27,1770467851.925549
0.139568,-0.78568,1.344684,54.529999,103.18,-1.54,1770467851.933589
0.108092,-0.797148,1.4701,55.509998,76.510002,2.87,1770467851.941568
0.072224,-0.767136,1.56648,50.049999,58.73,10.29,1770467851.949593
0.018788,-0.61976,1.608204,49.98,52.849998,9.52,1770467851.957535
-0.00488,-0.417972,1.647976,42.419998,51.52,4.2,1770467851.965548
-0.028548,-0.19886,1.707024,36.889999,58.099998,-1.96,1770467851.973806
-0.07686,0.037332,1.74948,22.190001,72.099998,-6.02,1770467851.981708
-0.116388,0.210816,1.790472,0.0,81.620003,-10.71,1770467851.989709
-0.198372,0.377468,1.760948,-20.02,85.75,-14.28,1770467851.997535
-0.258152,0.443348,1.665056,-39.130001,86.730003,-21.559999,1770467852.005656
-0.33062,0.475068,1.48718,-45.639999,81.900002,-26.32,1770467852.01355
-0.391376,0.472384,1.310768,-48.299999,74.059998,-38.290001,1770467852.021585
-0.427,0.460916,1.166076,-45.919998,63.419998,-44.029999,1770467852.029554
-0.44408,0.4453,1.031632,-37.869999,51.310001,-54.110001,1770467852.037528
-0.437492,0.41724,0.889868,-32.759998,33.740002,-64.050003,1770467852.045545
-0.396988,0.41602,0.763964,-24.01,17.57,-66.779999,1770467852.053601
-0.356484,0.385032,0.647088,-20.65,1.89,-74.900002,1770467852.061585
-0.279136,0.36966,0.50142,-16.030001,-14.14,-70.699997,1770467852.069563
-0.249612,0.298656,0.363072,-9.87,-28.209999,-66.010002,1770467852.077567
-0.20984,0.205204,0.229848,-4.76,-37.869999,-54.110001,1770467852.085538
-0.182756,0.107604,0.138348,2.73,-46.549999,-43.82,1770467852.093588
-0.155916,0.038796,0.090768,13.58,-50.259998,-34.93,1770467852.101575
-0.11102,0.019764,0.087352,25.41,-52.009998,-27.299999,1770467852.109551
-0.066612,0.031964,0.105896,40.32,-54.18,-20.09,1770467852.11758
-0.03294,0.064904,0.1708,52.009998,-52.779999,-14.98,1770467852.125545
-0.009272,0.063196,0.280112,64.68,-48.860001,-8.33,1770467852.133532
0.023912,0.045872,0.427244,68.879997,-40.040001,-4.55,1770467852.14158
0.065392,0.093696,0.644648,62.509998,-31.219999,-1.61,1770467852.149578
0.061244,0.132736,0.937936,51.66,-13.02,-3.36,1770467852.157643
0.059536,0.077592,1.161196,36.400002,6.44,-6.86,1770467852.165562
0.008052,-0.021228,1.325408,26.110001,18.9,-10.29,1770467852.173539
-0.077104,-0.128832,1.472784,17.639999,30.1,-17.639999,1770467852.181537
-0.160308,-0.259128,1.583804,14.84,29.33,-15.33,1770467852.189584
-0.312564,-0.414556,1.753872,17.01,21.77,-8.4,1770467852.197529
-0.471652,-0.684908,1.979572,-1.12,14.21,-23.17,1770467852.205541
-0.440908,-0.71858,2.163548,-5.67,-4.27,-24.15,1770467852.213545
-0.432124,-0.739076,2.271152,-12.74,-25.34,-17.290001,1770467852.221588
-0.40382,-0.578036,2.196976,-21.0,-45.360001,-23.59,1770467852.229543
-0.332816,-0.275964,2.016172,-29.959999,-62.439999,-31.01,1770467852.237529
-0.230092,0.031964,1.806088,-42.349998,-73.919998,-36.189999,1770467852.245561
-0.095648,0.24888,1.590636,-51.52,-82.669998,-34.02,1770467852.253533
-0.015372,0.2989,1.392752,-66.43,-88.199997,-31.57,1770467852.261549
0.043188,0.325984,1.165344,-74.059998,-87.849998,-39.689999,1770467852.269633
0.109556,0.33306,0.942572,-75.879997,-89.25,-51.240002,1770467852.277576
0.251808,0.617808,0.721752,-57.610001,-94.5,2.8,1770467852.285638
0.195932,0.6405,0.594628,-67.129997,-87.43,17.290001,1770467852.293549
0.192516,0.56974,0.458232,-69.790001,-75.110001,24.290001,1770467852.301572
0.209108,0.444568,0.335988,-63.07,-58.869999,27.370001,1770467852.30955
0.234484,0.288652,0.270596,-45.009998,-41.09,26.6,1770467852.317546
0.25986,0.179584,0.240828,-22.889999,-21.77,24.43,1770467852.325549
0.25864,0.113948,0.20618,0.14,-3.01,27.23,1770467852.333582
0.224724,0.066612,0.170556,19.110001,17.92,27.58,1770467852.341578
0.172752,0.026352,0.170068,30.1,38.290001,28.629999,1770467852.349611
0.149572,-0.008296,0.225456,42.0,57.119999,24.219999,1770467852.357542
0.1708,-0.0793,0.384788,51.799999,70.629997,17.780001,1770467852.365546
0.261568,-0.178364,0.600972,56.77,77.839996,16.030001,1770467852.373564
0.261812,-0.215696,0.761036,57.68,83.510002,20.93,1770467852.38169
0.282552,-0.251564,0.935984,59.009998,91.279999,25.76,1770467852.389549
0.292312,-0.38186,1.208532,61.669998,91.839996,19.389999,1770467852.397536
0.285724,-0.624152,1.403244,56.98,97.650002,8.61,1770467852.405622
0.262056,-0.72346,1.424228,63.209999,97.650002,0.35,1770467852.413537
0.254004,-0.825696,1.46278,71.190002,87.779999,4.48,1770467852.421588
0.249612,-0.911828,1.541836,66.639999,69.300003,16.030001,1770467852.429552
0.211304,-0.95648,1.684088,50.330002,48.509998,29.120001,1770467852.437569
0.071248,-0.9333,1.81902,31.99,45.080002,34.23,1770467852.44557
0.001952,-0.861076,1.849032,25.690001,53.830002,26.67,1770467852.453547
-0.103456,-0.629764,1.858792,24.08,72.589996,18.690001,1770467852.461574
-0.21594,-0.338428,1.86294,13.65,91.699997,8.82,1770467852.469552
-0.341112,-0.042944,1.813896,5.53,103.669998,-5.39,1770467852.477566
-0.45384,0.187148,1.713368,-10.78,106.120003,-20.16,1770467852.485557
-0.52948,0.33306,1.581364,-25.129999,101.150002,-29.190001,1770467852.493542
-0.582672,0.419924,1.446676,-38.009998,90.300003,-41.580002,1770467852.501592
-0.607316,0.450912,1.2749,-44.73,71.540001,-47.599998,1770467852.50958
-0.616588,0.467992,1.075796,-44.029999,49.279999,-58.59,1770467852.517797
-0.575108,0.441152,0.894992,-35.419998,24.290001,-65.800003,1770467852.525596
-0.504592,0.409432,0.744688,-22.68,-3.36,-72.309998,1770467852.533539
-0.471896,0.39894,0.631228,-8.33,-27.58,-83.510002,1770467852.541634
-0.384056,0.346968,0.551196,-2.24,-44.029999,-88.690002,1770467852.549562
-0.223016,0.482632,0.389424,14.21,-55.580002,-66.779999,1770467852.557537
-0.190076,0.465552,0.332328,15.61,-71.540001,-49.77,1770467852.565548
-0.16104,0.366732,0.281088,17.43,-73.639999,-36.400002,1770467852.573544
-0.127368,0.264252,0.227408,16.59,-71.889999,-27.16,1770467852.581617
-0.102236,0.16348,0.180804,16.309999,-65.169998,-15.19,1770467852.589632
-0.07808,0.103944,0.141276,22.959999,-59.919998,-6.09,1770467852.59754
-0.064172,0.080032,0.140788,29.4,-54.740002,5.18,1770467852.605544
-0.05002,0.0793,0.196664,37.869999,-53.130001,12.95,1770467852.613568
-0.053436,0.0549,0.306464,44.869999,-48.93,24.99,1770467852.621581
-0.059048,0.06832,0.452864,52.849998,-37.59,39.41,1770467852.629554
-0.11102,0.149328,0.650992,58.240002,-25.200001,43.330002,1770467852.637544
-0.157868,0.215452,0.872788,52.57,-14.91,46.200001,1770467852.64556
-0.252052,0.213256,1.030656,37.52,-8.33,37.799999,1770467852.653545
-0.340868,0.146156,1.111908,16.17,-4.76,29.469999,1770467852.661573
-0.376492,0.063928,1.220488,-2.31,-7.7,19.74,1770467852.669552
-0.39284,-0.05612,1.383236,-12.53,-21.700001,14.14,1770467852.677648
-0.426024,-0.209108,1.582584,-20.09,-33.669998,16.940001,1770467852.685571
-0.5185,-0.496296,1.819508,-31.360001,-47.669998,-5.18,1770467852.693531
-0.44042,-0.616832,1.98616,-35.91,-61.25,-6.79,1770467852.701574
-0.452132,-0.66856,2.102792,-41.580002,-66.080002,-3.99,1770467852.709599
-0.434564,-0.843996,2.104744,-50.75,-66.010002,-1.4,1770467852.717536
-0.379908,-0.68442,1.899052,-48.02,-68.529999,1.89,1770467852.725611
-0.319884,-0.340624,1.653832,-40.740002,-77.209999,3.43,1770467852.733582
-0.244244,0.004636,1.437648,-38.43,-90.300003,6.79,1770467852.741683
-0.149328,0.210572,1.305156,-45.43,-104.650002,13.3,1770467852.749561
-0.055144,0.280356,1.202188,-54.880001,-113.68,15.54,1770467852.757576
-0.020008,0.294996,1.04066,-71.75,-111.230003,12.67,1770467852.765702
0.020008,0.33306,0.856928,-80.57,-107.099998,3.43,1770467852.77353
0.394792,0.764208,0.587064,-65.870003,-108.5,46.130001,1770467852.78158
0.127612,0.584136,0.621468,-74.059998,-97.019997,53.619999,1770467852.78957
0.138348,0.474824,0.556076,-80.989998,-85.540001,61.669998,1770467852.79754
0.145912,0.315004,0.482632,-80.57,-69.440002,59.360001,1770467852.805542
0.153964,0.179584,0.394548,-68.459999,-55.09,62.790001,1770467852.813522
0.15616,0.087352,0.3172,-54.32,-40.25,60.130001,1770467852.821701
0.160552,0.011956,0.269864,-39.34,-26.530001,57.330002,1770467852.829553
0.172752,-0.023668,0.262788,-18.9,-14.7,54.669998,1770467852.837535
0.19154,-0.071736,0.323544,-0.91,-3.64,46.900002,1770467852.845543
0.235216,-0.110776,0.430416,14.21,4.69,40.25,1770467852.853537
0.273768,-0.19154,0.52094,23.66,11.69,37.52,1770467852.8616
0.311832,-0.235704,0.623176,28.700001,18.41,40.740002,1770467852.869559
0.402356,-0.319396,0.79544,42.630001,25.34,46.900002,1770467852.877537
0.404308,-0.46726,1.031876,49.349998,23.870001,37.029999,1770467852.885541
0.418704,-0.831308,1.263188,50.610001,35.560001,29.68,1770467852.893534
0.512888,-1.026996,1.349076,70.0,46.759998,24.219999,1770467852.901613
0.540704,-1.184132,1.39568,75.389999,50.610001,29.610001,1770467852.90955
0.580964,-1.345416,1.425692,68.599998,44.099998,37.240002,1770467852.917522
0.580476,-1.495476,1.507676,49.209999,38.779999,52.5,1770467852.925595
0.504836,-1.374696,1.566724,41.09,50.400002,58.869999,1770467852.933683
0.369416,-1.05408,1.565992,51.310001,83.370003,50.82,1770467852.941576
0.20252,-0.635132,1.56526,58.66,125.650002,44.099998,1770467852.949559
0.044408,-0.224968,1.623088,53.970001,158.199997,28.35,1770467852.957579
-0.089792,0.142252,1.695556,36.119999,175.279999,20.09,1770467852.965549
-0.266692,0.420168,1.729472,8.19,173.179993,9.87,1770467852.973859
-0.37332,0.557296,1.741184,-14.35,158.410004,-1.68,1770467852.982215
-0.540704,0.655872,1.66774,-28.280001,140.839996,-15.96,1770467852.989751
-0.600972,0.646112,1.54452,-39.41,117.739998,-25.059999,1770467852.99754
-0.596092,0.703208,1.340292,-43.75,90.089996,-24.99,1770467853.005564
-0.59414,0.688324,1.1407,-44.029999,58.169998,-30.66,1770467853.013531
-0.534116,0.59902,0.93086,-41.09,31.15,-35.279999,1770467853.021632
-0.443104,0.52216,0.71858,-35.77,9.1,-38.220001,1770467853.029648
-0.357704,0.486048,0.575596,-22.4,-4.55,-37.310001,1770467853.03752
-0.28548,0.475068,0.478972,-13.65,-13.16,-33.459999,1770467853.045543
-0.233752,0.438956,0.38796,-6.3,-16.450001,-28.209999,1770467853.05354
-0.198372,0.388448,0.29524,-3.22,-17.43,-17.290001,1770467853.061592
-0.1647,0.263276,0.2379,-2.52,-13.65,-9.31,1770467853.069575
-0.153232,0.179584,0.184952,0.21,-10.57,4.55,1770467853.07754
-0.162992,0.06954,0.151524,0.77,-5.6,7.91,1770467853.085545
-0.185196,-0.009516,0.126392,2.87,-2.24,18.27,1770467853.093539
-0.19642,-0.059536,0.126636,8.89,-4.97,17.639999,1770467853.101628
-0.195688,-0.106628,0.21228,11.34,-5.6,25.969999,1770467853.109558
-0.184464,-0.144448,0.374296,20.58,-5.04,36.610001,1770467853.11751
-0.20862,-0.156404,0.584624,21.42,-6.79,43.540001,1770467853.125664
-0.237656,-0.102724,0.815204,18.620001,-7.28,52.290001,1770467853.133566
-0.30622,-0.08052,0.976244,7.91,-6.44,49.349998,1770467853.141574
-0.36722,-0.070272,1.014064,-5.53,-5.32,46.900002,1770467853.149545
-0.415776,-0.130784,1.043832,-12.18,-9.38,42.630001,1770467853.157537
-0.476776,-0.305488,1.09678,-24.219999,-12.25,18.969999,1770467853.165537
-0.445544,-0.408944,1.152412,-17.08,-18.34,12.32,1770467853.173579
-0.443348,-0.483364,1.314916,-8.75,-28.559999,8.82,1770467853.181572
-0.427732,-0.638792,1.596492,-17.709999,-41.580002,5.46,1770467853.189551
-0.394792,-0.744444,1.911008,-19.459999,-52.43,-1.61,1770467853.197531
-0.355752,-0.748104,2.176236,-28.42,-57.75,-3.15,1770467853.205521
-0.32208,-0.615612,2.220644,-34.650002,-59.220001,-2.52,1770467853.213527
-0.298412,-0.3355,2.004948,-43.119999,-63.77,0.21,1770467853.221671
-0.249856,-0.062708,1.752896,-52.009998,-66.639999,5.81,1770467853.229604
-0.183976,0.145424,1.547204,-58.240002,-71.470001,15.68,1770467853.237535
-0.136884,0.232288,1.375184,-68.32,-73.010002,26.25,1770467853.245536
-0.141276,0.251076,1.174372,-80.220001,-68.949997,26.18,1770467853.253566
-0.149328,0.251564,0.96624,-95.620003,-61.810001,29.4,1770467853.261594
-0.050752,0.409676,0.706136,-90.650002,-51.66,55.439999,1770467853.269547
-0.064904,0.38918,0.652212,-92.540001,-53.200001,76.860001,1770467853.277535
-0.10248,0.232776,0.620248,-90.230003,-42.91,77.839996,1770467853.285526
-0.087352,0.10248,0.5551,-82.669998,-34.23,75.32,1770467853.293539
-0.074664,0.0122,0.482632,-68.32,-29.68,72.239998,1770467853.301546
-0.050752,-0.059048,0.4392,-55.790001,-27.790001,71.400002,1770467853.309613
-0.01342,-0.122,0.439688,-37.450001,-27.440001,72.519997,1770467853.317617
0.046116,-0.123708,0.488244,-6.79,-22.26,80.290001,1770467853.325568
0.186904,-0.304024,0.651724,15.47,-23.450001,93.940002,1770467853.333548
0.229116,-0.24766,0.66246,35.209999,-33.18,90.860001,1770467853.341581
0.016592,-0.472872,0.759328,16.940001,-24.99,49.700001,1770467853.349552
0.14518,-0.46482,0.62098,14.0,-27.16,42.490002,1770467853.357564
0.199104,-0.511668,0.62708,10.78,-25.41,39.27,1770467853.365542
0.244488,-0.557296,0.73444,8.89,-23.309999,41.369999,1770467853.373574
0.272304,-0.616832,0.853512,7.21,-15.54,32.830002,1770467853.38161
0.296948,-0.68076,0.964532,2.31,-3.15,37.029999,1770467853.389559
0.30012,-0.73932,1.069208,4.97,7.56,29.26,1770467853.397538
0.304756,-0.814228,1.157536,-3.15,13.3,25.9,1770467853.405544
0.320372,-0.961848,1.258064,-8.12,18.969999,28.280001,1770467853.413564
0.363804,-1.131428,1.386652,-13.02,26.18,25.129999,1770467853.42164
0.386008,-1.194868,1.421544,-11.2,34.02,24.57,1770467853.429563
0.361852,-1.081164,1.37616,8.26,46.619999,17.15,1770467853.437542
0.292556,-0.8052,1.386896,24.219999,62.09,17.15,1770467853.445566
0.199348,-0.402356,1.46278,33.880001,83.300003,17.57,1770467853.453589
0.074664,-0.027084,1.560136,29.889999,102.059998,15.54,1770467853.461576
-0.046604,0.219356,1.630164,6.86,114.940002,14.42,1770467853.469551
-0.160064,0.355996,1.600884,-17.57,116.410004,5.25,1770467853.477546
-0.260104,0.499956,1.466196,-35.630001,110.879997,-11.83,1770467853.485539
-0.311344,0.483608,1.311744,-45.57,98.419998,-25.969999,1770467853.493622
-0.27206,0.51118,1.106296,-48.09,85.190002,-26.389999,1770467853.501623
-0.221796,0.477996,0.962336,-46.549999,66.639999,-14.84,1770467853.509649
-0.243268,0.294508,0.91622,-42.98,53.060001,-12.11,1770467853.517523
-0.219356,0.131028,0.835456,-33.110001,47.32,-10.36,1770467853.525577
-0.217648,0.02928,0.710772,-23.1,42.98,-3.36,1770467853.533538
-0.216184,-0.012688,0.5856,-9.87,37.169998,-4.41,1770467853.541649
-0.210328,-0.037332,0.49166,0.56,32.27,1.4,1770467853.549572
-0.2135,-0.08174,0.467748,16.24,27.440001,-0.7,1770467853.557569
-0.23424,-0.155916,0.5063,28.91,28.559999,11.06,1770467853.56569
-0.249612,-0.125904,0.514108,41.23,26.32,21.07,1770467853.573536
-0.332084,-0.188368,0.5429,43.119999,24.639999,32.200001,1770467853.581578
-0.556564,-0.33428,0.564616,36.400002,24.219999,24.43,1770467853.589552
-0.464332,-0.341112,0.532896,39.060001,7.42,8.96,1770467853.597561
-0.429196,-0.380396,0.549976,46.130001,-7.21,7.35,1770467853.605595
-0.397232,-0.444812,0.59048,57.189999,-20.790001,8.19,1770467853.613536
-0.37454,-0.466772,0.666852,65.449997,-30.450001,12.53,1770467853.621849
-0.376004,-0.50264,0.780312,72.870003,-30.66,10.29,1770467853.629612
-0.420168,-0.567544,0.890112,75.739998,-22.610001,7.28,1770467853.637683
-0.486048,-0.680028,0.999668,77.209999,-9.1,9.31,1770467853.645538
-0.605364,-0.783972,1.115324,74.970001,7.42,5.81,1770467853.653536
-0.761768,-0.864736,1.202432,68.739998,27.299999,4.55,1770467853.661574
-0.997472,-0.929396,1.238056,60.970001,46.27,-1.61,1770467853.669553
-1.163148,-0.898164,1.189988,60.549999,51.869999,-8.82,1770467853.677539
-1.213168,-0.728584,1.202432,63.209999,26.459999,-7.77,1770467853.685674
-1.180228,-0.500444,1.303936,63.98,-26.67,-3.71,1770467853.693542
-1.064328,-0.226188,1.464,59.290001,-91.839996,0.91,1770467853.701575
-0.853024,0.056364,1.671888,42.77,-146.229996,-2.52,1770467853.709549
-0.575596,0.278648,1.82268,22.120001,-183.399994,0.0,1770467853.717522
-0.276452,0.38674,1.868064,-6.79,-209.649994,1.05,1770467853.725571
-0.116388,0.385032,1.705804,-34.369999,-212.520004,-0.28,1770467853.733572
-0.023424,0.406748,1.403244,-47.529999,-200.830002,2.03,1770467853.74163
0.414068,0.616588,1.116056,-45.639999,-208.389999,43.330002,1770467853.749545
0.329156,0.540216,0.95526,-52.57,-197.75,66.43,1770467853.757539
0.35502,0.485804,0.776164,-58.099998,-177.100006,80.919998,1770467853.765669
0.36844,0.41114,0.636108,-55.509998,-150.570007,88.760002,1770467853.773538
0.386008,0.286456,0.523136,-47.669998,-122.849998,86.309998,1770467853.78157
0.411384,0.159576,0.447252,-36.470001,-93.800003,83.019997,1770467853.789572
0.420656,0.0793,0.3721,-17.99,-67.339996,76.160004,1770467853.797516
0.41968,0.064416,0.296216,-2.1,-43.400002,69.019997,1770467853.805546
0.406748,0.078324,0.258396,10.78,-21.209999,66.080002,1770467853.813531
0.391132,0.080764,0.259372,25.129999,0.07,62.09,1770467853.821657
0.381616,0.057828,0.307928,31.709999,18.969999,62.93,1770467853.829573
0.398452,-0.003172,0.398696,43.75,33.459999,55.299999,1770467853.837682
0.3904,-0.082472,0.465796,47.32,43.889999,47.32,1770467853.845539
0.369172,-0.09394,0.516548,52.779999,52.990002,41.02,1770467853.853541
0.340868,-0.106384,0.620492,54.529999,61.110001,36.68,1770467853.861575
0.373808,-0.192272,0.773724,55.02,71.190002,35.349998,1770467853.869555
0.376492,-0.262788,0.933056,59.990002,78.190002,36.189999,1770467853.877541
0.388204,-0.354532,1.132892,62.790001,84.839996,45.779999,1770467853.885646
0.303536,-0.46726,1.343952,70.419998,88.199997,36.119999,1770467853.893546
0.204716,-0.705892,1.465708,68.739998,103.389999,33.32,1770467853.901577
0.187148,-0.792268,1.436184,67.760002,108.989998,33.32,1770467853.909557
0.164944,-0.942328,1.443992,60.200001,98.279999,40.389999,1770467853.91756
0.063196,-1.08214,1.523536,49.209999,84.839996,47.529999,1770467853.925612
-0.072468,-1.083848,1.6165,48.650002,92.75,43.330002,1770467853.933565
-0.203252,-0.895968,1.630408,53.549999,105.489998,35.560001,1770467853.941589
-0.316468,-0.571936,1.604544,48.720001,120.050003,25.200001,1770467853.949549
-0.403088,-0.21472,1.617232,45.080002,126.629997,15.47,1770467853.957524
-0.489708,0.096624,1.67262,30.450001,124.389999,10.99,1770467853.965544
-0.558028,0.340136,1.705316,7.0,112.139999,8.47,1770467853.973722
-0.602924,0.472628,1.6653,-17.639999,98.279999,-0.49,1770467853.982346
-0.611952,0.567788,1.535248,-41.09,74.970001,-11.83,1770467853.989727
-0.651236,0.641476,1.386164,-48.23,58.52,-25.83,1770467853.997555
-0.506544,0.825696,1.170224,-47.880001,37.169998,-10.71,1770467854.005603
-0.520452,0.749568,1.01992,-55.23,16.73,-6.65,1770467854.013534
-0.449936,0.65636,0.835212,-54.740002,-0.42,-10.57,1770467854.021581
-0.366488,0.562176,0.658556,-50.889999,-15.26,-7.91,1770467854.031553
-0.294508,0.46604,0.537532,-35.209999,-24.57,-4.62,1770467854.037555
-0.241072,0.386984,0.456768,-22.75,-27.16,2.24,1770467854.045677
-0.206668,0.347944,0.38674,-8.75,-26.67,11.76,1770467854.053535
-0.173484,0.338672,0.345748,1.68,-23.870001,14.98,1770467854.061575
-0.135908,0.323544,0.328668,7.91,-22.469999,18.48,1770467854.069552
-0.122732,0.305976,0.331108,14.63,-20.719999,26.950001,1770467854.07754
-0.127612,0.272304,0.362828,20.58,-20.93,30.030001,1770467854.085556
-0.151524,0.231068,0.390156,26.879999,-19.459999,36.119999,1770467854.093542
-0.17324,0.179584,0.404308,29.889999,-23.799999,35.0,1770467854.101576
-0.189588,0.125172,0.4331,28.07,-31.01,38.360001,1770467854.109543
-0.192028,0.063684,0.489464,33.459999,-35.77,34.790001,1770467854.117522
-0.218868,-0.025132,0.582428,37.66,-35.560001,33.110001,1770467854.125562
-0.26962,-0.1159,0.680272,40.880001,-28.0,29.82,1770467854.133598
-0.308416,-0.194712,0.800076,53.41,-17.85,30.17,1770467854.141579
-0.612196,-0.488,0.989176,48.09,2.17,21.280001,1770467854.149555
-0.564372,-0.566324,1.135576,54.110001,5.53,-2.52,1770467854.157563
-0.641476,-0.744932,1.332728,56.98,10.99,-7.35,1770467854.165536
-0.726876,-0.835212,1.463268,60.130001,10.64,-9.1,1770467854.173606
-0.81862,-0.933056,1.535004,60.970001,7.07,-3.92,1770467854.181568
-0.88694,-0.959408,1.56404,54.950001,-0.91,0.28,1770467854.1896
-0.875228,-0.893772,1.610644,50.959999,-14.98,0.42,1770467854.197534
-0.809836,-0.726632,1.654564,39.619999,-37.59,0.56,1770467854.205536
-0.66246,-0.4941,1.71044,32.200001,-64.120003,-1.61,1770467854.213528
-0.461648,-0.242292,1.78242,22.190001,-87.290001,-1.96,1770467854.221539
-0.272304,-0.002196,1.828536,9.59,-99.68,1.19,1770467854.229601
-0.107604,0.180072,1.810968,-1.47,-104.089996,2.87,1770467854.23763
0.038064,0.281332,1.722152,-19.32,-99.330002,10.22,1770467854.245536
0.105408,0.221552,1.535248,-33.18,-90.790001,12.18,1770467854.253541
0.141764,0.195688,1.278072,-42.77,-78.400002,11.55,1770467854.261589
0.347944,0.18788,1.03944,-34.369999,-79.519997,22.33,1770467854.26959
0.387472,0.313296,0.907924,-13.02,-68.25,63.91,1770467854.277526
0.362828,0.340136,0.783484,-2.1,-56.349998,86.309998,1770467854.285523
0.341844,0.371612,0.648064,3.78,-43.119999,100.309998,1770467854.293536
0.318908,0.410164,0.529236,7.07,-30.24,105.559998,1770467854.301568
0.293776,0.442128,0.429196,8.12,-15.33,112.0,1770467854.309584
0.268888,0.473848,0.331352,9.24,-0.21,111.650002,1770467854.317559
0.229604,0.508008,0.244488,9.45,12.67,111.440002,1770467854.325646
0.191052,0.539484,0.168604,8.89,22.049999,106.610001,1770467854.333555
0.152012,0.53558,0.1098,3.64,28.42,95.410004,1770467854.341616
0.132492,0.504104,0.055632,-6.58,33.18,88.550003,1770467854.34958
0.134688,0.438468,0.0122,-13.58,35.91,73.220001,1770467854.35755
0.144204,0.3721,0.013908,-17.01,40.669998,71.260002,1770467854.365543
0.157136,0.315004,0.072712,-11.13,50.540001,64.260002,1770467854.373553
0.17568,0.273768,0.221796,-4.76,63.209999,60.830002,1770467854.381675
0.20496,0.23424,0.45628,-1.96,75.389999,56.0,1770467854.38956
0.218136,0.177632,0.762988,-2.52,90.440002,50.049999,1770467854.397542
0.194468,0.0854,1.065304,-6.86,110.949997,50.610001,1770467854.405547
0.116144,-0.036844,1.336876,-1.12,140.770004,55.439999,1770467854.413559
-0.006344,-0.17568,1.628212,18.549999,173.039993,62.369999,1770467854.421669
-0.158112,-0.233996,1.866844,36.68,198.169998,77.559998,1770467854.429573
-0.312808,-0.207888,2.079856,49.560001,197.960007,84.839996,1770467854.437556
-0.528748,-0.314272,2.308484,36.330002,172.479996,98.419998,1770467854.445548
-1.066768,-0.665632,2.33752,9.73,172.619995,81.690002,1770467854.453626
-1.019676,-0.633424,2.047404,-10.22,144.059998,59.849998,1770467854.46158
-1.106296,-0.565104,1.816336,-22.190001,115.150002,48.02,1770467854.469555
-1.13826,-0.415044,1.593564,-30.52,86.730003,38.5,1770467854.477542
-1.129964,-0.228628,1.418616,-36.959999,58.73,27.16,1770467854.485547
-1.086288,-0.012444,1.292224,-38.150002,28.77,22.610001,1770467854.493587
-1.010404,0.178608,1.212192,-42.560001,4.34,13.44,1770467854.501658
-0.887672,0.330864,1.140212,-51.450001,-16.450001,7.35,1770467854.509563
-0.749812,0.457012,1.03944,-55.02,-34.439999,0.21,1770467854.517528
-0.598532,0.53192,0.955016,-57.540001,-48.02,-5.46,1770467854.525666
-0.43554,0.492636,0.892796,-58.240002,-60.48,-10.29,1770467854.533576
-0.345016,0.56852,0.812764,-47.529999,-71.889999,-31.99,1770467854.54158
-0.160064,0.618296,0.735416,-37.450001,-78.400002,-28.700001,1770467854.549555
-0.055388,0.668316,0.666608,-25.549999,-89.739998,-26.32,1770467854.557542
0.024644,0.686372,0.620248,-23.66,-98.980003,-16.940001,1770467854.565675
0.052216,0.654652,0.552172,-27.23,-99.889999,-10.5,1770467854.573549
0.09638,0.631472,0.463844,-36.330002,-94.43,-8.89,1770467854.581576
0.13786,0.571448,0.402844,-42.209999,-83.790001,-2.59,1770467854.589554
0.162016,0.458476,0.388448,-41.439999,-64.190002,-2.38,1770467854.59754
0.178364,0.33672,0.405772,-38.080002,-38.779999,9.03,1770467854.605564
0.162504,0.189832,0.443592,-33.32,-14.14,8.19,1770467854.613547
0.118096,0.038308,0.45384,-28.0,5.32,7.7,1770467854.621577
0.03538,-0.081984,0.452132,-32.48,22.33,8.19,1770467854.629569
-0.054412,-0.25132,0.46604,-28.209999,33.32,6.37,1770467854.637556
-0.100284,-0.316956,0.462624,-20.860001,39.200001,13.65,1770467854.645625
0.013176,-0.6954,0.700768,-7.56,37.73,37.029999,1770467854.653563
-0.615368,-0.890356,0.837164,6.51,64.540001,43.959999,1770467854.661572
-0.472384,-0.94306,0.914756,7.0,66.639999,4.55,1770467854.66962
-0.561444,-0.972828,0.983076,23.24,68.879997,4.34,1770467854.677544
-0.708088,-0.98332,1.02968,34.299999,68.879997,8.4,1770467854.68558
-0.816912,-0.96136,1.068232,46.200001,63.630001,6.93,1770467854.693558
-0.864492,-0.896212,1.12362,58.450001,53.970001,6.23,1770467854.701584
-0.865468,-0.731756,1.235128,65.309998,39.200001,-0.84,1770467854.709548
-0.806908,-0.507276,1.360056,73.080002,14.98,-4.2,1770467854.717555
-0.725168,-0.252052,1.465708,70.980003,-15.33,-7.35,1770467854.725769
-0.617808,-0.054412,1.552084,66.849998,-44.52,-10.15,1770467854.733539
-0.480192,0.102968,1.59942,58.52,-72.309998,-17.219999,1770467854.741582
-0.310612,0.176168,1.633092,43.68,-89.669998,-17.639999,1770467854.74956
-0.159576,0.24034,1.629188,35.419998,-100.660004,-25.83,1770467854.757544
-0.042456,0.304024,1.536712,20.440001,-94.639999,-27.860001,1770467854.765652
0.021228,0.405284,1.403488,5.74,-77.559998,-31.43,1770467854.773552
0.091256,0.537532,1.254648,-9.24,-49.77,-36.189999,1770467854.781577
0.287188,0.801052,1.134112,-18.41,-31.780001,9.17,1770467854.789594
0.228872,0.727608,1.053348,-42.07,-0.14,12.11,1770467854.797562
0.187392,0.657336,0.875472,-65.309998,35.91,19.74,1770467854.805696
0.13908,0.491416,0.758108,-75.879997,70.0,30.309999,1770467854.813527
0.054168,0.332084,0.671488,-76.089996,101.43,31.85,1770467854.82157
-0.019764,0.206424,0.666608,-70.980003,125.089996,39.689999,1770467854.829654
-0.108092,0.106628,0.690764,-59.220001,137.970001,35.349998,1770467854.837556
-0.197152,0.080764,0.695888,-51.66,141.259995,40.810001,1770467854.845557
-0.278892,0.081984,0.6954,-45.990002,135.380005,45.080002,1770467854.853663
-0.355264,0.109312,0.68442,-40.25,121.870003,43.889999,1770467854.861577
-0.406748,0.103456,0.645136,-35.630001,105.489998,48.439999,1770467854.869557
-0.445544,0.081008,0.577548,-23.52,83.089996,47.25,1770467854.877599
-0.464088,0.04026,0.546316,-13.58,61.110001,46.970001,1770467854.885549
-0.443836,-0.037088,0.551196,-5.53,33.599998,41.93,1770467854.893617
-0.347456,-0.050752,0.577792,0.07,10.78,40.040001,1770467854.901586
-0.249368,-0.043188,0.630496,12.25,-6.79,41.509998,1770467854.909588
-0.226432,-0.142984,0.715408,20.860001,-10.01,43.049999,1770467854.917524
-0.141764,-0.185196,0.718336,31.780001,-7.77,40.810001,1770467854.92555
-0.108336,-0.223992,0.742248,43.189999,-2.59,15.82,1770467854.933549
-0.007564,-0.269864,0.831552,43.119999,-3.43,6.72,1770467854.941668
0.044408,-0.207156,0.923784,39.759998,5.46,6.51,1770467854.949562
0.106384,-0.235948,1.085068,38.080002,17.99,3.92,1770467854.95754
0.146888,-0.298412,1.248304,34.439999,34.09,2.87,1770467854.965545
0.198616,-0.474824,1.465708,28.0,47.950001,4.69,1770467854.973891
0.1403,-0.498736,1.590636,20.58,67.129997,2.8,1770467854.982214
0.075884,-0.523868,1.689456,17.85,82.18,-0.21,1770467854.989642
-0.01098,-0.441884,1.717272,25.76,101.290001,-8.33,1770467854.997586
-0.133468,-0.231068,1.675792,32.34,119.980003,-13.93,1770467855.005559
-0.269864,0.064904,1.574288,39.689999,132.860001,-19.110001,1770467855.01366
-0.390644,0.278404,1.494988,45.779999,142.169998,-23.940001,1770467855.02158
-0.508252,0.434564,1.446676,35.490002,144.410004,-26.879999,1770467855.029605
-0.609024,0.554856,1.369816,26.32,136.850006,-37.380001,1770467855.03754
-0.690764,0.687836,1.270508,12.81,124.040001,-43.610001,1770467855.045567
-0.742004,0.723948,1.167296,4.97,100.519997,-51.450001,1770467855.053619
-0.68198,0.780068,1.00772,3.29,70.629997,-45.360001,1770467855.061576
-0.65514,0.686128,0.870592,-2.8,39.759998,-43.540001,1770467855.069556
-0.620248,0.563396,0.73322,-3.22,16.66,-41.02,1770467855.077543
-0.54168,0.445544,0.640744,0.7,1.12,-31.92,1770467855.08567
-0.452864,0.345992,0.579012,6.09,-4.55,-27.09,1770467855.093541
-0.377224,0.2745,0.532164,15.75,-10.36,-25.969999,1770467855.101573
-0.330132,0.219844,0.491416,16.52,-12.32,-21.35,1770467855.109545
-0.311588,0.177388,0.44652,22.120001,-9.8,-21.209999,1770467855.117518
-0.308416,0.11834,0.387472,28.280001,-5.04,-8.33,1770467855.125538
-0.356728,0.033428,0.324764,29.33,-2.03,-1.12,1770467855.13358
-0.411872,-0.053436,0.302316,34.650002,0.0,0.42,1770467855.141579
-0.4392,-0.133468,0.35258,37.029999,3.22,0.35,1770467855.149552
-0.462624,-0.182512,0.473116,38.080002,9.45,-2.17,1770467855.157533
-0.492148,-0.205204,0.598776,35.98,14.98,-2.17,1770467855.165537
-0.590236,-0.24888,0.725168,33.32,24.85,-3.85,1770467855.173534
-0.728828,-0.3355,0.814472,34.580002,40.599998,-11.34,1770467855.181553
-0.884744,-0.475312,0.891088,31.5,60.830002,-15.05,1770467855.18957
-1.00894,-0.610732,1.01016,41.02,79.099998,-17.99,1770467855.197534
-1.13826,-0.72468,1.194624,49.630001,89.389999,-19.25,1770467855.205541
-1.25416,-0.742004,1.386408,67.970001,87.220001,-24.85,1770467855.213538
-1.323212,-0.658312,1.491816,84.910004,57.400002,-31.92,1770467855.221618
-1.324188,-0.45262,1.533784,91.769997,-4.55,-38.57,1770467855.229741
-1.228784,-0.148352,1.536712,93.099998,-77.980003,-40.32,1770467855.237532
-1.083848,0.107116,1.52378,83.510002,-140.419998,-34.23,1770467855.245531
-0.909632,0.292312,1.546716,70.419998,-178.289993,-37.380001,1770467855.253539
-0.707844,0.450912,1.56648,53.34,-196.559998,-31.92,1770467855.261573
-0.52948,0.5429,1.550376,39.34,-195.089996,-30.940001,1770467855.269544
-0.365512,0.595604,1.439844,20.790001,-187.740005,-32.900002,1770467855.277531
-0.25376,0.560956,1.232688,7.77,-180.529999,-43.470001,1770467855.285521
-0.082716,0.57828,0.970144,4.2,-168.419998,-33.810001,1770467855.29354
0.026352,0.669536,0.745176,8.61,-163.449997,-28.98,1770467855.30157
0.208132,0.76128,0.589504,18.549999,-179.410004,9.52,1770467855.309699
0.201056,0.783484,0.424804,17.219999,-182.210007,20.860001,1770467855.317541
0.211304,0.720532,0.255956,12.53,-182.279999,40.25,1770467855.325527
0.2379,0.526796,0.141276,3.01,-180.600006,43.189999,1770467855.333598
0.28426,0.299876,0.065392,-0.21,-173.320007,40.389999,1770467855.341587
0.342088,0.147864,0.000732,-4.41,-160.229996,35.700001,1770467855.349563
0.389912,0.06832,-0.085888,4.69,-143.009995,25.549999,1770467855.357536
0.39528,0.047336,-0.191296,12.11,-118.93,25.549999,1770467855.365543
0.406748,0.077104,-0.259128,21.42,-90.790001,16.940001,1770467855.373553
0.398452,0.130296,-0.254248,33.32,-55.439999,13.79,1770467855.381575
0.4026,0.197396,-0.152744,33.669998,-17.08,6.3,1770467855.38955
0.416752,0.26108,0.06344,29.190001,25.200001,-0.14,1770467855.397546
0.444812,0.31598,0.338428,18.9,70.629997,1.75,1770467855.405564
0.4697,0.385276,0.680028,5.88,122.639999,-2.73,1770467855.413594
0.470432,0.431148,1.087264,-12.25,179.759995,-1.47,1770467855.421578
0.386984,0.444324,1.432768,-37.450001,237.440002,-1.47,1770467855.429667
0.181048,0.38918,1.653832,-57.470001,283.359985,-4.76,1770467855.437541
-0.099064,0.309148,2.001776,-80.010002,315.839996,-6.09,1770467855.445552
-0.5429,0.232776,2.372168,-98.769997,344.190002,-17.92,1770467855.45358
-0.845704,0.011224,2.547604,-87.989998,355.809998,-13.23,1770467855.46158
-1.2627,-0.18666,2.407792,-40.529999,336.209991,17.360001,1770467855.469621
-1.73362,-0.44896,1.957856,-25.690001,290.570007,-2.38,1770467855.477539
-1.793156,-0.381128,1.47376,-18.690001,197.399994,-7.0,1770467855.485543
-1.84342,-0.254248,1.227564,-26.809999,94.989998,-12.11,1770467855.493572
-1.771684,-0.15982,1.165832,-32.970001,8.12,-13.37,1770467855.501683
-1.555988,-0.098576,1.199016,-40.810001,-58.59,-27.23,1770467855.509564
-1.314672,-0.040748,1.167784,-43.330002,-99.190002,-32.689999,1770467855.517561
-1.0492,0.00854,1.055788,-46.34,-126.769997,-44.59,1770467855.525605
-0.818864,0.048068,0.917684,-45.779999,-142.100006,-57.119999,1770467855.53354
-0.612196,0.071736,0.768844,-42.209999,-151.759995,-60.619999,1770467855.541578
-0.452376,0.083692,0.645624,-37.869999,-155.75,-66.080002,1770467855.549555
-0.315492,0.091988,0.534116,-28.49,-156.449997,-68.459999,1770467855.557539
-0.212524,0.109068,0.443104,-20.02,-156.660004,-69.860001,1770467855.565672
-0.124928,0.13542,0.363316,-11.97,-152.949997,-68.389999,1770467855.573536
-0.060512,0.167872,0.297192,-0.42,-150.429993,-66.080002,1770467855.581575
-0.000244,0.200812,0.24766,2.45,-146.509995,-64.470001,1770467855.58955
0.0244,0.213744,0.223016,8.89,-140.839996,-60.900002,1770467855.597538
0.015616,0.150304,0.22692,10.64,-128.240005,-62.16,1770467855.605684
0.086864,0.129076,0.208864,17.43,-105.419998,-42.91,1770467855.613537
0.193004,0.142252,0.21838,30.52,-92.540001,-11.06,1770467855.621607
0.155428,0.161772,0.275964,39.970001,-73.919998,2.1,1770467855.629696
0.116388,0.171532,0.365512,47.529999,-44.099998,10.85,1770467855.637548
0.060756,0.192028,0.475312,47.669998,-6.58,16.799999,1770467855.645552
-0.040016,0.211548,0.640988,46.200001,43.400002,22.120001,1770467855.653566
-0.146888,0.219844,0.892064,46.970001,102.410004,24.780001,1770467855.661657
-0.363316,0.250588,1.163392,46.689999,166.949997,28.91,1770467855.669554
-0.689788,0.252052,1.435208,50.189999,223.020004,18.690001,1770467855.677536
-1.010648,0.225456,1.56892,46.619999,253.119995,10.99,1770467855.685543
-1.523048,-0.00122,1.615524,36.330002,255.360001,2.94,1770467855.693544
-1.868796,-0.216916,1.501576,37.310001,204.820007,-24.01,1770467855.701714
-2.078636,-0.411628,1.442284,36.119999,115.849998,-28.559999,1770467855.709671
-2.100352,-0.52094,1.4762,38.639999,11.97,-45.220001,1770467855.717531
-1.889292,-0.592188,1.513288,36.540001,-85.190002,-50.189999,1770467855.725538
-1.473516,-0.56974,1.475712,36.189999,-168.070007,-49.490002,1770467855.733556
-1.030412,-0.4819,1.454484,34.860001,-227.149994,-47.389999,1770467855.741578
-0.631228,-0.336232,1.47254,31.92,-265.720001,-45.009998,1770467855.749556
-0.272548,-0.158844,1.512556,24.639999,-287.0,-40.880001,1770467855.757525
0.033916,0.013664,1.497184,13.65,-293.369995,-32.830002,1770467855.765573
0.19154,0.068076,1.349808,1.26,-285.390015,-29.190001,1770467855.773549
0.68442,-0.03538,1.124596,-5.25,-282.309998,-24.290001,1770467855.781571
0.607316,0.203984,0.768112,14.91,-270.480011,9.17,1770467855.78958
0.570472,0.287676,0.550952,35.630001,-247.940002,36.400002,1770467855.797549
0.511424,0.375272,0.324764,43.119999,-210.070007,43.610001,1770467855.805607
0.47214,0.437492,0.138592,40.389999,-173.740005,53.619999,1770467855.813543
0.43554,0.437004,-0.020496,32.759998,-137.759995,45.43,1770467855.821577
0.419436,0.400892,-0.144204,15.75,-100.870003,34.509998,1770467855.82982
0.403088,0.35136,-0.231556,7.7,-66.779999,24.360001,1770467855.837537
0.392108,0.300852,-0.279868,4.76,-31.99,13.79,1770467855.845599
0.362828,0.253272,-0.293044,8.47,4.62,4.9,1770467855.853552
0.33306,0.238144,-0.264984,18.059999,43.68,-0.21,1770467855.861596
0.30256,0.246196,-0.195932,18.41,80.639999,-1.82,1770467855.869622
0.274988,0.28426,-0.079056,14.63,113.470001,-3.92,1770467855.877574
0.265716,0.32818,0.12444,4.48,143.5,-7.91,1770467855.885546
0.267668,0.347456,0.392352,-4.97,177.589996,-6.65,1770467855.893547
0.260592,0.320372,0.688812,-11.2,218.679993,-8.75,1770467855.90168
0.243024,0.255468,1.013332,-18.9,263.059998,-7.56,1770467855.909552
0.158356,0.205936,1.341024,-24.01,305.829987,-9.03,1770467855.917542
-0.039772,0.155428,1.73118,-30.799999,341.880005,-2.73,1770467855.925545
-0.356972,0.208132,2.39852,-40.740002,365.119995,-5.74,1770467855.933583
-0.691008,0.132736,2.893108,-54.669998,362.040009,8.26,1770467855.941577
-1.1102,-0.101992,2.881152,-38.779999,324.23999,38.919998,1770467855.949565
-1.650416,-0.514596,2.28628,-29.889999,267.679993,53.060001,1770467855.957544
-1.638704,-0.386984,1.542568,-33.25,191.380005,33.18,1770467855.965566
-1.637484,-0.386984,1.101172,-39.34,108.43,26.110001,1770467855.973852
-1.605032,-0.365756,0.973316,-42.419998,36.75,10.01,1770467855.982141
-1.501332,-0.336476,1.016992,-38.220001,-5.46,-0.49,1770467855.989668
-1.353712,-0.24644,1.091168,-32.900002,-32.900002,-12.81,1770467855.997549
-1.194136,-0.118828,1.076772,-32.759998,-48.650002,-31.219999,1770467856.005587
-1.020164,0.008296,0.992348,-32.759998,-59.779999,-45.150002,1770467856.01358
-0.8296,0.089792,0.864492,-30.309999,-67.970001,-58.73,1770467856.021583
-0.662948,0.137616,0.736392,-24.99,-74.760002,-70.07,1770467856.029551
-0.50752,0.1586,0.630008,-7.42,-80.919998,-75.32,1770467856.037546
-0.366244,0.16104,0.578768,12.67,-86.309998,-80.849998,1770467856.045555
-0.241316,0.15616,0.545584,34.509998,-93.660004,-85.889999,1770467856.053548
-0.13298,0.165676,0.497272,56.419998,-102.129997,-85.330002,1770467856.061581
-0.067832,0.194956,0.430416,73.010002,-108.080002,-83.300003,1770467856.069558
-0.065636,0.228872,0.361852,80.639999,-112.0,-78.120003,1770467856.077647
-0.070516,0.251564,0.282796,81.339996,-112.559998,-74.269997,1770467856.085551
-0.005368,0.313784,0.212036,76.650002,-116.339996,-64.470001,1770467856.093545
0.16348,0.401624,0.16226,77.0,-131.600006,-35.98,1770467856.101579
0.134932,0.364536,0.162504,71.75,-131.669998,-19.67,1770467856.109546
0.165676,0.341112,0.172996,71.190002,-122.709999,-2.59,1770467856.117535
0.191296,0.340624,0.189832,71.330002,-103.25,7.35,1770467856.125646
0.188612,0.373076,0.247904,68.949997,-73.360001,19.18,1770467856.133565
0.159576,0.436272,0.364292,65.309998,-29.889999,24.709999,1770467856.141581
0.102236,0.482144,0.551684,49.630001,34.650002,25.549999,1770467856.149574
-0.01098,0.481656,0.831064,37.380001,109.410004,20.65,1770467856.157591
-0.204716,0.441396,1.131428,17.219999,186.619995,14.14,1770467856.165533
-0.468236,0.339648,1.393972,-3.99,260.470001,6.72,1770467856.173538
-0.859124,0.246196,1.542568,-13.65,326.480011,-9.24,1770467856.181575
-1.052616,0.056608,1.764852,-16.870001,349.089996,-8.12,1770467856.189542
-1.623332,-0.470432,1.988112,-14.35,334.459991,-10.99,1770467856.197541
-1.958344,-0.70516,2.01178,1.96,262.149994,-13.51,1770467856.205595
-2.21674,-0.861808,1.888316,4.97,152.389999,-24.99,1770467856.213534
-2.18258,-0.919392,1.714344,-3.64,22.75,-24.85,1770467856.221576
-1.823168,-0.830576,1.582584,-5.25,-101.080002,-24.290001,1770467856.229549
-1.376404,-0.612684,1.500844,-2.03,-185.5,-26.18,1770467856.23755
-0.95526,-0.402112,1.425692,-5.32,-232.610001,-23.59,1770467856.24557
-0.617564,-0.220088,1.335168,-10.78,-255.639999,-27.09,1770467856.25364
-0.343308,-0.05978,1.217804,-21.559999,-255.5,-22.68,1770467856.261536
-0.105164,0.049044,1.037732,-27.790001,-242.690002,-19.67,1770467856.269614
0.0305,0.154452,0.833016,-28.0,-222.389999,-8.54,1770467856.277537
0.046848,0.216672,0.665632,-23.870001,-193.619995,-8.82,1770467856.285526
0.043188,0.29524,0.488244,-19.6,-159.389999,-13.02,1770467856.293537
0.22082,0.559004,0.275964,-4.69,-155.330002,16.379999,1770467856.301637
0.167872,0.651724,0.163724,-3.92,-142.100006,26.6,1770467856.309561
0.144936,0.62342,0.074908,-10.92,-129.710007,24.01,1770467856.317535
0.151036,0.542656,0.016348,-22.68,-122.989998,24.57,1770467856.325542
0.179828,0.449204,-0.016836,-28.700001,-112.07,20.860001,1770467856.3337
0.199348,0.371368,-0.038308,-26.25,-99.190002,16.1,1770467856.341572
0.203008,0.30744,-0.05246,-20.23,-78.959999,12.46,1770467856.349613
0.188856,0.263032,-0.041968,-9.24,-54.110001,5.25,1770467856.357543
0.175192,0.25376,0.007808,-3.99,-24.360001,3.43,1770467856.36559
0.17202,0.272548,0.1037,-0.84,7.98,-0.28,1770467856.373544
0.178608,0.29768,0.27816,-0.84,43.119999,-4.76,1770467856.381579
0.198128,0.304024,0.485316,-5.11,80.220001,-7.63,1770467856.389559
0.199104,0.282796,0.68442,-5.11,118.089996,-11.69,1770467856.397607
0.157868,0.236192,0.90158,-5.04,157.149994,-10.78,1770467856.405551
0.093208,0.15006,1.156072,-4.69,193.830002,-14.84,1770467856.413542
-0.038064,0.062464,1.49206,1.26,226.940002,-10.36,1770467856.42158
-0.288652,0.021716,1.998848,5.88,250.669998,-7.42,1770467856.42955
-0.633912,0.016592,2.615436,8.54,254.589996,6.09,1770467856.437575
-0.991128,-0.061488,2.774524,13.86,222.740005,35.209999,1770467856.44555
-1.480592,-0.446276,2.3973,2.1,190.679993,39.689999,1770467856.453549
-1.381528,-0.401868,1.801452,-11.69,132.440002,26.459999,1770467856.46158
-1.364936,-0.492392,1.446676,-20.370001,69.089996,25.48,1770467856.469571
-1.335656,-0.501176,1.28588,-24.780001,12.53,22.049999,1770467856.477541
-1.262212,-0.447008,1.27246,-26.459999,-28.98,10.99,1770467856.485543
-1.13338,-0.355264,1.281488,-30.66,-52.57,0.42,1770467856.493542
-0.997472,-0.247172,1.205604,-34.369999,-63.0,-15.61,1770467856.501661
-0.86132,-0.148108,1.078724,-39.619999,-66.57,-27.23,1770467856.509584
-0.721508,-0.061732,0.94062,-40.110001,-69.860001,-42.139999,1770467856.517539
-0.603412,0.00976,0.805688,-39.34,-70.559998,-50.75,1770467856.525545
-0.499224,0.069784,0.691008,-35.419998,-72.870003,-57.259998,1770467856.533615
-0.410164,0.122488,0.60146,-25.34,-75.459999,-63.700001,1770467856.541581
-0.339648,0.165432,0.529968,-21.07,-79.660004,-59.5,1770467856.549552
-0.271816,0.20374,0.464576,-11.48,-82.529999,-62.02,1770467856.557545
-0.211548,0.245464,0.410896,-3.78,-87.360001,-59.639999,1770467856.565543
-0.155916,0.269864,0.358192,4.34,-91.910004,-58.939999,1770467856.5736
-0.10004,0.298168,0.310856,13.44,-97.440002,-58.310001,1770467856.581579
-0.06344,0.313784,0.272548,19.32,-102.339996,-57.82,1770467856.589559
-0.060024,0.296948,0.254736,23.870001,-105.209999,-64.82,1770467856.59758
-0.005368,0.333792,0.219844,31.01,-101.57,-62.23,1770467856.605571
0.143716,0.368928,0.198616,43.330002,-112.559998,-27.09,1770467856.613599
0.175192,0.36356,0.217648,54.459999,-116.830002,-12.18,1770467856.621579
0.183244,0.350872,0.2379,56.419998,-106.540001,4.34,1770467856.629628
0.189344,0.358192,0.314272,60.830002,-84.629997,9.17,1770467856.637568
0.185928,0.395524,0.483364,58.869999,-45.360001,15.26,1770467856.645554
0.196176,0.457256,0.741272,54.110001,11.55,22.190001,1770467856.653547
0.170556,0.501176,0.970876,53.060001,73.220001,22.75,1770467856.661748
0.037088,0.471652,1.138016,49.279999,135.520004,26.459999,1770467856.669549
-0.22814,0.3843,1.344928,52.080002,192.289993,11.62,1770467856.677539
-0.502152,0.267424,1.576484,50.119999,238.699997,2.24,1770467856.685542
-0.760304,0.146888,1.867332,46.830002,261.23999,-5.53,1770467856.693539
-0.970144,0.022936,1.990064,44.310001,245.770004,7.63,1770467856.701607
-1.424228,-0.355996,2.043256,26.74,213.919998,17.08,1770467856.709558
-1.575264,-0.535092,1.924428,13.93,152.949997,-1.05,1770467856.71754
-1.640168,-0.724436,1.808772,0.0,73.849998,-10.71,1770467856.725528
-1.552816,-0.813008,1.69458,-14.21,-7.21,-15.61,1770467856.733685
-1.292712,-0.80642,1.609912,-18.549999,-78.330002,-18.76,1770467856.741576
-0.995032,-0.682224,1.522804,-21.98,-130.339996,-22.959999,1770467856.749904
-0.709796,-0.488488,1.419104,-23.450001,-154.839996,-29.120001,1770467856.75757
-0.449204,-0.274256,1.29564,-26.110001,-167.720001,-31.360001,1770467856.76555
-0.239852,-0.067832,1.158756,-30.870001,-169.190002,-31.92,1770467856.773528
-0.077836,0.087352,0.99796,-32.970001,-162.259995,-27.16,1770467856.781618
0.004636,0.226676,0.814716,-38.57,-147.839996,-18.129999,1770467856.789648
-0.001708,0.238388,0.66734,-40.529999,-128.380005,-19.32,1770467856.79754
0.01586,0.36966,0.463844,-39.970001,-106.889999,-13.79,1770467856.805541
0.161284,0.455304,0.357948,-27.370001,-108.639999,8.68,1770467856.813552
0.158112,0.434076,0.306464,-23.52,-99.330002,22.4,1770467856.821655
0.184708,0.395768,0.272304,-15.05,-91.839996,15.96,1770467856.829623
0.214476,0.315004,0.243024,-2.24,-82.32,12.18,1770467856.837559
0.20374,0.282308,0.189588,0.14,-66.57,10.85,1770467856.845552
0.194224,0.270596,0.124928,3.43,-48.23,10.64,1770467856.85368
0.184708,0.254736,0.074908,10.22,-27.58,7.91,1770467856.861699
0.174216,0.237168,0.043188,13.02,-6.65,0.28,1770467856.869573
0.187636,0.241072,0.049532,22.120001,17.219999,-5.32,1770467856.877556
0.224968,0.244976,0.12688,32.970001,40.669998,-9.8,1770467856.885547
0.25498,0.271572,0.297924,42.560001,69.300003,-12.18,1770467856.893547
0.303048,0.31842,0.553392,51.169998,99.190002,-12.53,1770467856.901576
0.322324,0.33916,0.799588,46.830002,132.929993,-12.6,1770467856.909562
0.28426,0.314516,0.983076,45.779999,166.25,-9.1,1770467856.917649
0.187392,0.258396,1.16022,42.700001,199.149994,-3.85,1770467856.925559
0.02928,0.192272,1.363228,32.549999,225.050003,6.72,1770467856.9337
-0.230092,0.160308,1.69214,19.32,241.919998,13.65,1770467856.941584
-0.577792,0.1403,2.125972,-11.34,256.690002,15.05,1770467856.949624
-0.812276,-0.00244,2.21308,-29.4,255.570007,24.99,1770467856.95755
-1.07482,-0.123952,1.99836,-26.809999,236.600006,45.5,1770467856.965504
-1.4518,-0.485804,1.636264,-34.439999,219.380005,23.66,1770467856.973727
-1.485472,-0.5978,1.379332,-27.860001,168.770004,12.88,1770467856.982381
-1.536712,-0.570472,1.319308,-22.4,107.029999,12.32,1770467856.989869
-1.551596,-0.465552,1.356396,-13.09,57.75,-1.61,1770467856.997619
-1.461072,-0.310124,1.350296,-2.66,15.54,-12.04,1770467857.005591
-1.265628,-0.153476,1.25172,5.11,-14.56,-34.299999,1770467857.013574
-1.064572,-0.021716,1.098976,14.21,-34.369999,-46.200001,1770467857.021655
-0.915732,0.070516,0.926712,7.21,-50.68,-55.369999,1770467857.029617
-0.790072,0.14762,0.753472,-0.91,-64.190002,-62.580002,1770467857.037542
-0.655628,0.21594,0.623176,-7.0,-76.510002,-68.040001,1770467857.04555
-0.515572,0.218136,0.5612,-0.77,-86.449997,-73.849998,1770467857.053577
-0.39772,0.20984,0.521916,10.29,-93.099998,-69.510002,1770467857.061602
-0.303536,0.216916,0.475556,20.299999,-96.459999,-68.739998,1770467857.069551
-0.24888,0.231312,0.407724,27.65,-98.839996,-59.779999,1770467857.07754
-0.202764,0.270352,0.341356,32.689999,-101.080002,-54.110001,1770467857.085558
-0.13664,0.330132,0.30256,44.73,-105.419998,-54.040001,1770467857.093585
-0.082228,0.340136,0.307196,60.41,-108.290001,-52.009998,1770467857.101576
-0.063196,0.317688,0.315492,72.239998,-104.510002,-66.360001,1770467857.109548
0.016348,0.365268,0.288652,86.239998,-95.550003,-54.110001,1770467857.117535
0.1342,0.4392,0.263032,95.830002,-108.639999,-21.35,1770467857.125519
0.143716,0.465796,0.264496,90.860001,-109.339996,1.75,1770467857.133532
0.133224,0.471896,0.254736,79.379997,-101.5,9.66,1770467857.141666
0.122488,0.477996,0.296948,58.310001,-78.75,22.75,1770467857.149576
0.0915,0.503616,0.40138,37.52,-41.439999,29.610001,1770467857.157535
0.025376,0.514108,0.569008,13.23,18.34,31.5,1770467857.165552
-0.081984,0.46726,0.773724,-12.25,84.279999,31.5,1770467857.173542
-0.25132,0.354776,1.020164,-29.959999,152.600006,22.4,1770467857.181608
-0.485804,0.181536,1.271972,-45.990002,219.940002,18.83,1770467857.189632
-0.749568,0.091256,1.465952,-32.900002,275.380005,11.34,1770467857.197528
-1.131916,-0.254248,1.856596,-12.46,308.700012,17.5,1770467857.205534
-1.495476,-0.51484,1.954928,1.89,280.910004,5.88,1770467857.213566
-1.875384,-0.69784,1.87636,12.88,209.720001,1.54,1770467857.221567
-2.114016,-0.811788,1.699948,3.22,107.449997,-1.05,1770467857.229592
-2.080832,-0.85278,1.561112,-1.33,-12.81,-11.41,1770467857.237671
-1.75314,-0.751276,1.513288,5.46,-113.540001,-15.54,1770467857.245535
-1.342,-0.54046,1.48474,11.2,-183.75,-23.799999,1770467857.253537
-0.94428,-0.301584,1.426912,10.99,-221.199997,-25.620001,1770467857.261578
-0.616344,-0.068564,1.344928,9.59,-236.179993,-36.75,1770467857.269553
-0.341356,0.121756,1.230492,4.13,-231.630005,-34.860001,1770467857.27753
-0.12566,0.284504,1.089704,0.98,-219.309998,-35.139999,1770467857.285521
-0.025864,0.368684,0.942572,-4.2,-198.729996,-29.469999,1770467857.293523
0.002684,0.406992,0.745664,-8.68,-169.75,-35.139999,1770467857.301682
0.466284,0.752008,0.518256,-3.36,-164.850006,-18.969999,1770467857.309566
0.172264,0.659776,0.406748,-5.32,-148.75,6.86,1770467857.31754
0.15982,0.606096,0.316712,-12.6,-134.399994,12.46,1770467857.325528
0.165676,0.535824,0.224724,-24.219999,-121.589996,19.6,1770467857.333545
0.186172,0.435784,0.155672,-28.0,-108.43,20.09,1770467857.341655
0.189344,0.35014,0.104676,-27.370001,-95.059998,21.139999,1770467857.349581
0.186416,0.288408,0.0549,-18.9,-81.690002,17.709999,1770467857.357537
0.169092,0.249856,0.008296,-11.69,-64.400002,12.95,1770467857.365531
0.145424,0.237656,-0.038064,-5.67,-48.09,9.31,1770467857.373553
0.116144,0.233752,-0.060024,-0.98,-28.0,6.37,1770467857.381654
0.111752,0.224968,-0.029768,-2.03,-5.67,4.55,1770467857.389628
0.133712,0.208132,0.088816,5.32,19.459999,-2.38,1770467857.397543
0.173728,0.197152,0.295728,14.56,55.09,-4.55,1770467857.406501
0.214964,0.191784,0.589748,18.41,86.379997,-8.47,1770467857.413611
0.235948,0.139812,0.88694,19.32,121.730003,-0.28,1770467857.421636
0.17202,0.085156,1.140944,11.76,158.199997,3.92,1770467857.429589
0.04636,0.033184,1.409832,3.57,190.75,11.76,1770467857.437868
-0.116388,0.013176,1.746064,-5.04,214.410004,19.18,1770467857.44556
-0.411384,0.033672,2.299944,-14.14,227.919998,23.799999,1770467857.453575
-0.723948,-0.001708,2.675704,-24.780001,224.630005,30.73,1770467857.461579
-0.89548,-0.093452,2.437316,-19.809999,194.529999,57.119999,1770467857.469567
-1.165344,-0.322568,1.92394,-21.559999,161.490005,63.84,1770467857.47756
-1.273192,-0.452864,1.40666,-26.459999,116.830002,26.67,1770467857.48554
-1.27612,-0.503372,1.209264,-19.32,78.400002,27.790001,1770467857.493538
-1.300276,-0.437492,1.260504,-13.93,46.34,16.73,1770467857.501575
-1.307352,-0.289384,1.358104,-13.79,19.530001,4.13,1770467857.509976
-1.248304,-0.107848,1.366156,-20.23,4.2,-7.21,1770467857.517537
-1.1407,0.044896,1.255136,-28.77,-10.43,-21.49,1770467857.525531
-1.005524,0.16226,1.094584,-35.139999,-24.99,-30.1,1770467857.533537
-0.874984,0.229116,0.930616,-40.18,-39.34,-44.799999,1770467857.541622
-0.74908,0.251564,0.794464,-40.669998,-51.939999,-46.41,1770467857.549586
-0.623908,0.2623,0.681004,-37.66,-63.07,-53.34,1770467857.557542
-0.512888,0.27084,0.577548,-31.290001,-74.550003,-49.630001,1770467857.565553
-0.416752,0.281332,0.495076,-20.23,-86.870003,-50.68,1770467857.573543
-0.323544,0.300608,0.420656,-7.42,-96.32,-50.400002,1770467857.581586
-0.237168,0.324032,0.359656,0.35,-104.860001,-46.200001,1770467857.589558
-0.1647,0.35502,0.319152,12.32,-110.669998,-48.790001,1770467857.597541
-0.124196,0.353068,0.301584,21.209999,-113.68,-46.27,1770467857.605547
-0.110776,0.338428,0.283528,25.41,-108.639999,-50.400002,1770467857.613578
-0.027328,0.360144,0.243512,35.139999,-100.800003,-40.25,1770467857.621632
0.24888,0.45384,0.208376,43.68,-101.57,-13.51,1770467857.629582
0.11102,0.391132,0.229604,53.200001,-102.339996,-1.12,1770467857.637568
0.124196,0.387472,0.259372,61.740002,-96.18,16.66,1770467857.645626
0.111752,0.398452,0.293776,64.330002,-81.900002,24.780001,1770467857.653575
0.085888,0.422608,0.36844,61.32,-56.139999,35.560001,1770467857.661582
0.051728,0.45628,0.507032,51.099998,-14.91,40.599998,1770467857.669566
-0.006344,0.460184,0.676856,39.549999,36.189999,37.799999,1770467857.677543
-0.119316,0.399428,0.879376,23.940001,92.75,39.900002,1770467857.685747
-0.308172,0.309636,1.071892,4.9,144.059998,35.91,1770467857.693536
-0.5185,0.182268,1.267824,-12.11,185.570007,26.6,1770467857.701587
-0.760792,0.120292,1.443504,-18.9,214.899994,20.370001,1770467857.709551
-1.116056,-0.16714,1.753872,-16.59,230.369995,26.67,1770467857.71757
-1.458144,-0.493124,1.836588,-16.870001,216.089996,13.09,1770467857.725569
-1.738988,-0.70638,1.83732,-7.7,160.860001,8.82,1770467857.733566
-1.904664,-0.866688,1.785592,-9.45,78.120003,3.08,1770467857.74167
-1.867088,-0.951112,1.665544,-17.639999,-17.219999,0.63,1770467857.74956
-1.563308,-0.88816,1.582584,-16.450001,-105.419998,-4.97,1770467857.757542
-1.200236,-0.66856,1.514508,-17.290001,-163.380005,-8.68,1770467857.76555
-0.854976,-0.434076,1.437892,-18.34,-193.619995,-10.92,1770467857.773586
-0.548512,-0.186416,1.333216,-21.98,-206.220001,-15.61,1770467857.78158
-0.302072,0.038796,1.21024,-26.67,-203.979996,-14.49,1770467857.789595
-0.1098,0.236192,1.051884,-30.870001,-194.179993,-10.78,1770467857.79753
-0.029524,0.335012,0.8845,-31.99,-178.570007,-11.27,1770467857.805542
0.007076,0.345748,0.7198,-34.23,-154.419998,-15.19,1770467857.813541
0.517036,0.671,0.484828,-20.23,-143.639999,0.28,1770467857.821626
0.25742,0.5368,0.486048,-15.12,-143.429993,21.77,1770467857.829638
0.266936,0.524356,0.420168,-10.08,-133.279999,19.67,1770467857.837627
0.288652,0.50508,0.338184,-8.26,-124.879997,21.84,1770467857.845565
0.303048,0.466284,0.2745,-5.32,-112.559998,22.75,1770467857.853546
0.310612,0.415532,0.22936,-0.14,-98.209999,20.09,1770467857.861579
0.326716,0.376492,0.19398,7.35,-76.93,19.389999,1770467857.869558
0.339404,0.33916,0.15616,22.33,-55.860001,9.52,1770467857.877526
0.347456,0.306464,0.122732,33.529999,-31.780001,5.25,1770467857.885629
0.343796,0.280356,0.107848,43.889999,-5.88,2.8,1770467857.893571
0.337696,0.275232,0.122,52.919998,24.639999,0.63,1770467857.901572
0.347944,0.29402,0.186904,56.98,58.869999,-1.4,1770467857.90963
0.3782,0.25864,0.36234,60.549999,93.169998,-4.41,1770467857.917537
0.398208,0.206912,0.594384,58.450001,128.940002,-1.4,1770467857.925529
0.366976,0.132492,0.828868,55.299999,166.949997,-0.49,1770467857.933545
0.297436,0.029524,1.072868,48.509998,204.75,6.37,1770467857.941591
0.185928,-0.024644,1.348832,39.900002,236.389999,9.59,1770467857.949562
0.0122,-0.006588,1.73118,26.459999,265.720001,18.969999,1770467857.957541
-0.222772,0.014396,2.2387,1.12,288.329987,32.900002,1770467857.965547
-0.512156,-0.044896,2.495144,-30.870001,298.339996,40.040001,1770467857.973723
-0.667828,-0.256688,2.272372,-37.66,289.23999,45.779999,1770467857.982329
-0.774212,-0.345504,1.79462,-23.66,257.670013,67.129997,1770467857.989713
-1.347612,-0.815448,1.513532,-24.219999,254.309998,43.400002,1770467857.997561
-1.334192,-0.681492,1.221464,-12.46,216.229996,18.41,1770467858.005561
-1.414468,-0.56486,1.159976,-4.48,182.139999,-1.82,1770467858.013553
-1.42496,-0.3721,1.173396,0.49,142.729996,-9.38,1770467858.021574
-1.366888,-0.153232,1.15534,-3.43,104.790001,-26.110001,1770467858.02966
-1.26636,0.030012,1.058228,-3.36,68.809998,-35.279999,1770467858.037753
-1.15046,0.163236,0.932812,-6.37,38.220001,-45.290001,1770467858.045552
-1.026264,0.26474,0.824476,-6.44,14.7,-50.189999,1770467858.053549
-0.914756,0.33428,0.72834,-4.55,-5.25,-53.130001,1770467858.061652
-0.809592,0.38674,0.631228,-4.2,-22.889999,-51.099998,1770467858.069584
-0.7137,0.435296,0.530944,1.68,-39.200001,-53.689999,1770467858.077659
-0.622688,0.45384,0.44896,4.55,-54.669998,-48.720001,1770467858.085573
-0.55632,0.454816,0.37698,10.22,-65.870003,-52.009998,1770467858.093538
-0.484096,0.46726,0.326228,21.42,-73.849998,-52.990002,1770467858.101576
-0.351848,0.501908,0.294264,32.130001,-84.910004,-39.619999,1770467858.109585
-0.316224,0.491172,0.287188,42.560001,-89.32,-35.84,1770467858.117568
-0.281576,0.47336,0.277184,46.900002,-89.669998,-26.67,1770467858.125525
-0.238876,0.465308,0.254736,46.970001,-88.760002,-22.049999,1770467858.133552
-0.1891,0.4575,0.2379,49.98,-92.330002,-19.879999,1770467858.141583
-0.1525,0.433832,0.243024,49.0,-91.910004,-17.99,1770467858.149548
-0.144936,0.405772,0.232288,47.669998,-87.360001,-7.0,1770467858.15755
-0.157624,0.369416,0.212768,47.599998,-71.82,3.22,1770467858.165587
-0.206424,0.325984,0.230336,43.959999,-47.459999,11.9,1770467858.173554
-0.285724,0.285236,0.315248,41.439999,-10.15,19.389999,1770467858.181577
-0.41968,0.250832,0.46604,31.639999,37.66,19.040001,1770467858.189547
-0.598044,0.23424,0.63928,18.9,89.739998,13.09,1770467858.197536
-0.814228,0.21716,0.818132,2.59,141.050003,6.72,1770467858.205536
-1.031632,0.16348,0.989664,-10.08,179.270004,-7.0,1770467858.213647
-1.279292,-0.00732,1.178276,-13.09,198.169998,-15.4,1770467858.221546
-1.485716,-0.233752,1.362252,-9.94,178.639999,-14.21,1770467858.229595
-1.744112,-0.532896,1.590636,3.99,124.18,-12.67,1770467858.237533
-1.905152,-0.731512,1.744112,13.23,42.209999,-8.33,1770467858.245556
-1.889292,-0.809348,1.769732,7.98,-57.189999,-3.99,1770467858.253541
-1.636996,-0.7991,1.71898,9.52,-146.649994,-0.56,1770467858.261653
-1.282464,-0.664656,1.629432,12.74,-216.720001,-4.2,1770467858.269576
-0.91988,-0.446764,1.533296,10.57,-259.630005,-8.33,1770467858.277543
-0.604144,-0.190808,1.424472,7.35,-276.850006,-15.75,1770467858.285529
-0.36112,0.034404,1.314184,1.75,-274.119995,-16.73,1770467858.293539
-0.152744,0.207644,1.178032,-0.35,-257.179993,-20.93,1770467858.301573
0.006588,0.342576,1.000644,-5.46,-233.940002,-16.52,1770467858.309585
0.048556,0.370636,0.823744,-6.86,-209.369995,-25.969999,1770467858.317607
0.05124,0.419436,0.618296,-12.46,-186.199997,-38.290001,1770467858.325527
0.409432,0.647576,0.412116,-6.44,-184.100006,-18.9,1770467858.333548
0.270108,0.732732,0.333548,-2.59,-174.229996,-10.15,1770467858.341635
0.285724,0.761524,0.293044,-12.32,-161.0,-7.42,1770467858.349558
0.3294,0.73932,0.27084,-16.030001,-147.979996,-15.05,1770467858.357545
0.36356,0.671976,0.230824,-22.120001,-134.960007,-14.7,1770467858.36555
0.371612,0.586332,0.171776,-27.09,-115.779999,-12.46,1770467858.373741
0.366244,0.498004,0.105896,-29.68,-92.400002,-10.01,1770467858.381574
0.351848,0.413824,0.055876,-35.630001,-64.889999,-0.63,1770467858.389595
0.34892,0.324276,0.045628,-31.780001,-36.330002,-1.47,1770467858.397552
0.351848,0.233752,0.089548,-23.309999,-5.32,-2.87,1770467858.405578
0.351604,0.167384,0.210816,-5.04,33.669998,-9.8,1770467858.413647
0.342088,0.141764,0.379908,12.67,73.989998,-10.01,1770467858.421586
0.322324,0.11468,0.582916,26.879999,116.199997,-12.04,1770467858.429595
0.294996,0.05124,0.822036,40.110001,154.630005,-17.219999,1770467858.43754
0.254248,0.00366,1.064816,45.919998,189.279999,-11.27,1770467858.445661
0.171288,-0.013664,1.336144,49.07,220.779999,-6.79,1770467858.453542
0.041724,0.008052,1.711172,44.240002,246.470001,13.79,1770467858.461578
-0.193248,0.07808,2.179652,21.559999,266.48999,28.35,1770467858.469554
-0.456768,0.035868,2.402912,-7.42,279.019989,39.619999,1770467858.477548
-0.66612,-0.172264,2.212592,-24.01,276.779999,55.09,1770467858.485555
-0.789096,-0.301828,1.780468,-30.66,256.829987,68.040001,1770467858.493548
-0.99796,-0.271816,1.396168,-21.49,226.100006,85.959999,1770467858.501584
-1.40056,-0.5917,1.192428,-36.540001,223.720001,55.439999,1770467858.509605
-1.424472,-0.629276,1.051152,-40.529999,199.779999,27.02,1770467858.517557
-1.472052,-0.536312,1.007964,-28.77,171.919998,13.58,1770467858.52553
-1.482056,-0.35258,0.99308,-19.67,139.160004,2.24,1770467858.533535
-1.439356,-0.126392,0.971852,-11.13,101.5,-13.3,1770467858.54166
-1.359324,0.083448,0.914268,-9.66,61.529999,-21.700001,1770467858.549586
-1.242448,0.233264,0.826672,-2.45,25.9,-38.990002,1770467858.557545
-1.109956,0.325252,0.735416,5.67,-4.69,-40.740002,1770467858.565549
-0.957456,0.385276,0.64172,11.27,-31.15,-48.09,1770467858.5736
-0.820328,0.45018,0.555588,23.450001,-55.439999,-49.279999,1770467858.581591
-0.693204,0.486048,0.488976,27.860001,-73.639999,-50.889999,1770467858.589557
-0.565836,0.500688,0.434564,38.43,-88.690002,-55.860001,1770467858.597542
-0.473116,0.49898,0.378444,45.779999,-102.970001,-57.540001,1770467858.605555
-0.405772,0.473604,0.340136,49.490002,-110.110001,-62.509998,1770467858.613601
-0.274012,0.531676,0.293288,54.529999,-115.080002,-48.509998,1770467858.621598
-0.244488,0.542656,0.278892,49.630001,-112.980003,-38.639999,1770467858.629605
-0.207156,0.552416,0.266204,44.73,-108.849998,-34.580002,1770467858.637611
-0.15982,0.530944,0.267668,37.240002,-102.129997,-28.209999,1770467858.645592
-0.133224,0.502396,0.263276,35.0,-88.620003,-20.370001,1770467858.653552
-0.11102,0.479216,0.247172,34.299999,-70.910004,-5.18,1770467858.661578
-0.105896,0.45872,0.226676,28.280001,-50.330002,13.65,1770467858.669552
-0.169092,0.397964,0.227896,26.950001,-25.620001,27.65,1770467858.677551
-0.247904,0.301584,0.239608,25.549999,-0.28,41.369999,1770467858.685622
-0.374052,0.197884,0.294264,24.219999,29.4,42.490002,1770467858.693571
-0.535336,0.108092,0.421388,26.32,66.779999,39.900002,1770467858.701578
-0.70516,0.055388,0.629032,20.790001,105.279999,31.780001,1770467858.70955
-0.893772,-0.008052,0.915244,15.89,141.539993,21.280001,1770467858.717544
-1.077504,-0.17934,1.21756,-1.33,171.5,5.74,1770467858.725634
-1.19926,-0.388448,1.470588,-6.86,179.619995,-3.71,1770467858.733557
-1.37738,-0.620736,1.66164,4.2,163.169998,-0.28,1770467858.7416
-1.57258,-0.820328,1.772416,13.79,115.5,-0.7,1770467858.749567
-1.632604,-0.84302,1.771684,23.870001,45.290001,0.14,1770467858.757546
-1.538908,-0.70882,1.730204,29.190001,-37.59,-1.4,1770467858.765565
-1.308328,-0.4697,1.672864,35.419998,-115.010002,-5.18,1770467858.773573
-1.030168,-0.192272,1.564772,37.099998,-169.330002,-6.23,1770467858.781624
-0.782996,0.090036,1.436672,41.09,-197.75,-9.1,1770467858.78964
-0.569008,0.335744,1.293932,44.099998,-205.660004,-17.85,1770467858.797543
-0.400404,0.546316,1.130696,44.66,-200.619995,-22.959999,1770467858.805544
-0.294752,0.671488,0.972828,39.900002,-188.720001,-35.07,1770467858.813558
-0.166408,0.778848,0.788364,30.73,-174.720001,-46.27,1770467858.821575
0.059536,1.110932,0.54046,31.43,-171.080002,-46.830002,1770467858.829815
0.089304,1.081652,0.464576,25.129999,-174.440002,-38.43,1770467858.837538
0.13054,1.072868,0.366,11.2,-168.979996,-44.310001,1770467858.845552
0.20252,0.982588,0.289384,-6.23,-155.610001,-43.889999,1770467858.853539
0.282064,0.895724,0.242292,-20.370001,-138.110001,-47.599998,1770467858.861575
0.391132,0.793976,0.225456,-34.02,-114.800003,-51.099998,1770467858.869597
0.504836,0.687104,0.243756,-39.970001,-87.080002,-44.240002,1770467858.877559
0.55876,0.568276,0.263764,-37.66,-54.32,-40.740002,1770467858.885543
0.605608,0.435784,0.284016,-27.860001,-20.65,-34.720001,1770467858.893527
0.612928,0.305244,0.3172,-9.1,11.2,-30.66,1770467858.901574
0.590724,0.182268,0.378444,7.07,45.009998,-22.469999,1770467858.909555
0.542168,0.042212,0.490196,22.190001,78.540001,-19.6,1770467858.917621
0.477264,-0.132248,0.659532,26.809999,114.169998,-22.26,1770467858.925526
0.393084,-0.360632,0.846436,20.09,151.199997,-13.3,1770467858.933554
0.274256,-0.524112,0.996496,6.72,188.160004,-4.06,1770467858.941596
0.247416,-0.645136,1.202188,-3.57,217.279999,16.17,1770467858.94956
0.059292,-0.681492,1.410808,-4.13,246.820007,43.400002,1770467858.957539
-0.191296,-0.682468,1.519876,3.99,283.920013,70.769997,1770467858.965602
-0.521672,-0.766648,1.529148,3.99,314.440002,48.439999,1770467858.973643
-0.73932,-0.621712,1.414224,14.35,318.5,50.049999,1770467858.981892
-0.993324,-0.445788,1.325164,16.870001,309.049988,51.799999,1770467858.989687
-1.247084,-0.253028,1.25904,12.53,288.470001,48.790001,1770467858.997637
-1.478396,-0.100772,1.134112,-12.32,263.690002,39.619999,1770467859.005561
-1.64334,0.312808,0.942816,-27.299999,237.369995,22.889999,1770467859.013869
-1.744356,0.344772,0.96868,-20.02,208.740005,3.71,1770467859.021594
-1.828292,0.425292,0.955016,-17.780001,176.960007,-12.04,1770467859.029625
-1.851472,0.549,0.846436,-19.67,131.600006,-26.530001,1770467859.037538
-1.795596,0.670756,0.730292,-19.459999,74.550003,-39.41,1770467859.045554
-1.6775,0.6893,0.642208,-18.34,16.870001,-47.740002,1770467859.053542
-1.532076,0.70638,0.580964,-13.37,-37.66,-52.990002,1770467859.061626
-1.348588,0.658556,0.567544,-14.91,-79.099998,-54.950001,1770467859.069683
-1.153388,0.608292,0.536312,-8.33,-109.690002,-55.23,1770467859.077535
-0.962336,0.5856,0.49166,-5.88,-130.899994,-52.779999,1770467859.085549
-0.796172,0.551196,0.433832,-5.88,-149.380005,-56.07,1770467859.093537
-0.654164,0.514108,0.363804,-7.35,-163.869995,-49.77,1770467859.101574
-0.528992,0.504348,0.294264,-9.8,-171.850006,-52.009998,1770467859.10958
-0.421144,0.498492,0.246196,-11.97,-176.75,-50.959999,1770467859.11753
-0.338672,0.471896,0.21838,-17.639999,-178.289993,-52.849998,1770467859.125518
-0.280112,0.439688,0.213988,-29.120001,-172.199997,-49.139999,1770467859.133538
-0.181292,0.459696,0.186904,-36.68,-158.199997,-38.009998,1770467859.141854
-0.1586,0.397232,0.1952,-44.59,-140.279999,-25.27,1770467859.149551
-0.145912,0.315736,0.187392,-46.549999,-115.849998,-16.1,1770467859.157533
-0.170312,0.203008,0.17202,-36.889999,-83.089996,-3.29,1770467859.165535
-0.238388,0.080764,0.143228,-24.99,-45.43,14.56,1770467859.173532
-0.34038,-0.008784,0.155672,-11.9,-10.01,26.67,1770467859.181602
-0.481656,-0.094428,0.254004,-9.8,22.889999,39.830002,1770467859.189628
-0.626348,-0.156892,0.42578,-4.13,50.189999,40.110001,1770467859.197526
-0.798368,-0.264984,0.693448,1.12,74.269997,45.779999,1770467859.205535
-1.027972,-0.425048,0.919148,3.43,91.629997,35.98,1770467859.213562
-1.233908,-0.55998,1.02724,9.45,92.540001,24.219999,1770467859.221604
-1.495964,-0.700768,1.1041,16.309999,74.550003,13.58,1770467859.229659
-1.750456,-0.877424,1.09434,28.77,43.68,-6.65,1770467859.237531
-1.817312,-0.970876,1.067256,54.18,-14.49,-12.25,1770467859.245553
-1.62748,-0.806176,1.204384,83.720001,-99.959999,-14.28,1770467859.253534
-1.326384,-0.507764,1.417396,102.970001,-191.660004,-4.48,1770467859.261609
-0.969412,-0.203008,1.507676,109.199997,-273.700012,-8.89,1770467859.269632
-0.672464,0.057096,1.516216,108.290001,-327.109985,-5.88,1770467859.277519
-0.399672,0.288896,1.502064,99.75,-354.480011,-11.76,1770467859.285524
-0.165432,0.491904,1.4884,80.080002,-356.859985,-13.58,1770467859.293537
-0.016836,0.606828,1.46034,51.450001,-335.019989,-25.620001,1770467859.301572
0.060512,0.709064,1.30662,16.450001,-287.980011,-41.790001,1770467859.309667
0.50264,0.949892,1.098,10.57,-265.929993,-13.09,1770467859.317606
0.503372,0.956236,0.922564,-7.07,-226.169998,3.43,1770467859.325527
0.53558,0.906216,0.72712,-26.879999,-187.600006,13.3,1770467859.333557
0.56242,0.827404,0.552904,-36.75,-149.309998,11.2,1770467859.341594
0.574864,0.73688,0.427488,-47.529999,-112.349998,15.47,1770467859.349707
0.572912,0.668316,0.342088,-47.110001,-76.650002,11.55,1770467859.357544
0.548024,0.610976,0.276696,-47.810001,-41.09,9.87,1770467859.365532
0.508984,0.567788,0.21106,-47.110001,-8.12,9.87,1770467859.373537
0.461404,0.517524,0.160064,-46.34,21.42,5.95,1770467859.381589
0.40016,0.472872,0.104432,-53.900002,47.529999,9.17,1770467859.389558
0.336964,0.433588,0.07686,-56.349998,70.980003,9.38,1770467859.397627
0.296704,0.384056,0.088328,-52.220001,94.5,13.65,1770467859.405652
0.261812,0.29036,0.159332,-40.669998,115.080002,10.85,1770467859.413548
0.23058,0.179584,0.271328,-23.450001,137.199997,9.03,1770467859.421587
0.183488,0.092476,0.415288,-11.69,163.309998,11.62,1770467859.429638
0.125416,0.022692,0.611708,-1.68,191.520004,14.91,1770467859.437604
0.05856,-0.026596,0.843264,-3.57,218.75,19.18,1770467859.445568
-0.03172,-0.060268,1.081164,-7.56,243.600006,22.889999,1770467859.453559
-0.188856,-0.071736,1.354444,-19.459999,264.179993,27.58,1770467859.461574
-0.390156,-0.06588,1.696532,-37.869999,283.149994,31.85,1770467859.469603
-0.68808,-0.0732,1.990064,-58.66,299.390015,33.389999,1770467859.477537
-0.91988,-0.226188,1.945412,-77.699997,300.720001,39.689999,1770467859.485551
-1.112152,-0.297192,1.585268,-72.099998,275.029999,59.150002,1770467859.493554
-1.702632,-0.846436,1.272216,-72.870003,269.920013,43.189999,1770467859.501576
-1.778272,-0.784948,0.958188,-62.02,232.889999,15.68,1770467859.509553
-1.886608,-0.698084,0.933788,-35.91,181.720001,10.43,1770467859.517581
-1.906128,-0.474092,1.014308,-16.799999,130.270004,0.21,1770467859.525527
-1.870748,-0.172508,1.111908,-4.34,76.510002,0.98,1770467859.533539
-1.795108,0.099796,1.11508,3.22,27.440001,-12.04,1770467859.541591
-1.62748,0.268644,1.006256,-0.98,-13.37,-19.879999,1770467859.549578
-1.42374,0.35502,0.85644,0.98,-48.369999,-37.169998,1770467859.557565
-1.20048,0.378932,0.722972,2.59,-77.839996,-46.060001,1770467859.565554
-0.995764,0.386496,0.612684,7.7,-102.410004,-50.330002,1770467859.573549
-0.812764,0.389912,0.522404,15.96,-121.519997,-56.630001,1770467859.581668
-0.66002,0.398696,0.44652,21.42,-140.419998,-51.799999,1770467859.589599
-0.528748,0.416508,0.384788,26.32,-154.070007,-54.950001,1770467859.597541
-0.42578,0.428464,0.34648,30.799999,-165.339996,-50.959999,1770467859.605542
-0.335012,0.427,0.300364,28.77,-174.720001,-53.900002,1770467859.613552
-0.20374,0.450668,0.255956,32.970001,-177.520004,-46.619999,1770467859.621575
-0.131272,0.448716,0.236192,30.1,-178.850006,-33.669998,1770467859.629629
-0.081496,0.4087,0.227408,26.32,-174.300003,-25.620001,1770467859.63754
-0.039772,0.364536,0.200568,19.25,-162.75,-13.3,1770467859.645598
0.00366,0.31476,0.167628,11.34,-146.440002,-2.94,1770467859.65366
0.075152,0.304756,0.142252,10.22,-134.399994,3.57,1770467859.661579
0.149084,0.292312,0.168604,7.56,-119.209999,27.58,1770467859.669555
0.12444,0.255712,0.22326,5.74,-90.93,40.18,1770467859.67754
0.069296,0.233508,0.284016,3.57,-50.889999,53.619999,1770467859.685552
-0.016592,0.1952,0.40504,0.91,1.68,58.029999,1770467859.693644
-0.144204,0.150548,0.585112,1.68,64.400002,56.560001,1770467859.701576
-0.274988,0.090768,0.832528,-7.07,129.639999,51.73,1770467859.709554
-0.471896,0.070516,1.081896,-13.02,194.25,44.939999,1770467859.717538
-0.738832,0.073444,1.314428,-10.01,247.240005,40.18,1770467859.725569
-1.318088,-0.285968,1.555256,-16.799999,288.329987,10.29,1770467859.73355
-1.590148,-0.494588,1.630652,-7.77,265.929993,-3.15,1770467859.741667
-1.9703,-0.637328,1.632848,-0.42,193.270004,2.03,1770467859.749571
-2.209908,-0.739808,1.605032,6.65,83.650002,3.57,1770467859.757544
-2.173064,-0.78934,1.587464,4.9,-47.529999,-2.03,1770467859.765561
-1.854644,-0.766404,1.550376,10.22,-159.880005,-2.73,1770467859.773572
-1.429596,-0.641232,1.506456,17.639999,-238.070007,-10.22,1770467859.781603
-0.975024,-0.421144,1.476932,16.52,-285.109985,-14.84,1770467859.789583
-0.592188,-0.152256,1.460828,21.35,-302.399994,-21.49,1770467859.797608
-0.262544,0.08296,1.423008,21.07,-304.079987,-26.110001,1770467859.805533
-0.000488,0.276208,1.300276,15.75,-289.940002,-23.17,1770467859.813539
0.104188,0.310124,1.132892,13.23,-264.179993,-28.0,1770467859.821568
0.155672,0.332572,0.902068,11.9,-225.399994,-38.709999,1770467859.829579
0.469944,0.565836,0.688812,34.860001,-219.309998,-4.2,1770467859.837547
0.434076,0.659532,0.55876,39.970001,-191.869995,20.51,1770467859.845649
0.452376,0.74054,0.44896,40.669998,-162.820007,15.12,1770467859.853537
0.46726,0.767136,0.345504,38.639999,-131.600006,22.33,1770467859.861571
0.46482,0.770308,0.247904,34.580002,-101.220001,14.21,1770467859.869863
0.45628,0.75762,0.157136,31.99,-76.019997,8.4,1770467859.877535
0.443592,0.729072,0.083936,34.650002,-52.43,4.13,1770467859.88554
0.420412,0.643428,0.01708,31.43,-24.780001,-8.47,1770467859.893542
0.378932,0.568276,-0.062464,27.860001,2.45,-8.68,1770467859.901664
0.326716,0.527284,-0.154208,14.0,32.060001,-10.57,1770467859.909573
0.298656,0.415532,-0.152988,3.99,60.759998,-5.67,1770467859.917525
0.248148,0.20618,-0.062952,-14.42,93.730003,0.0,1770467859.925537
0.212768,0.119316,0.093208,-36.540001,128.869995,4.27,1770467859.933547
0.163724,-0.134444,0.34038,-61.810001,172.130005,20.09,1770467859.941622
0.094672,-0.224968,0.537532,-91.419998,218.75,34.790001,1770467859.949601
0.035624,-0.237656,0.773968,-93.660004,259.769989,36.75,1770467859.957543
0.072468,-0.3782,1.176568,-80.989998,291.829987,44.939999,1770467859.965543
-0.169092,-0.362828,1.687748,-60.900002,322.209991,63.630001,1770467859.973852
-0.6405,-0.34038,2.406328,-39.759998,347.970001,36.75,1770467859.98234
-1.0126,-0.35258,2.903112,-19.879999,335.929993,28.49,1770467859.989795
-1.33102,-0.3965,2.466108,-14.77,284.899994,37.450001,1770467859.997548
-1.489376,-0.412116,1.698728,-19.32,212.380005,32.48,1770467860.00561
-1.575752,-0.39772,1.1529,-24.360001,140.979996,38.779999,1770467860.013573
-1.598688,-0.383568,0.957944,-25.549999,86.519997,26.459999,1770467860.021652
-1.588684,-0.370148,1.023824,-32.41,41.509998,20.16,1770467860.02964
-1.535248,-0.2867,1.136308,-30.1,9.87,11.62,1770467860.037525
-1.434232,-0.167872,1.144848,-31.780001,-10.22,-2.45,1770467860.045615
-1.294664,-0.041724,1.06994,-35.349998,-30.030001,-17.08,1770467860.053578
-1.13826,0.069052,0.958188,-32.549999,-43.330002,-33.950001,1770467860.061578
-0.991372,0.165188,0.85644,-30.1,-49.07,-39.900002,1770467860.069559
-0.859368,0.238632,0.758352,-18.34,-56.419998,-52.360001,1770467860.077603
-0.737124,0.284992,0.656848,-15.82,-64.330002,-60.060001,1770467860.085538
-0.627812,0.322568,0.55754,-10.43,-75.599998,-60.619999,1770467860.093541
-0.531676,0.32452,0.49654,-7.35,-88.199997,-63.560001,1770467860.101578
-0.477996,0.377224,0.451156,2.24,-96.739998,-63.07,1770467860.109567
-0.280112,0.421144,0.429196,15.12,-99.470001,-42.139999,1770467860.117641
-0.285236,0.406748,0.432612,23.66,-94.010002,-17.639999,1770467860.12556
-0.255468,0.447496,0.431148,30.870001,-89.25,-1.96,1770467860.13354
-0.23668,0.466772,0.442372,37.169998,-85.959999,4.13,1770467860.141577
-0.22448,0.469456,0.443836,36.540001,-83.019997,8.96,1770467860.149575
-0.2196,0.45384,0.416264,31.290001,-80.220001,11.55,1770467860.157538
-0.207888,0.42212,0.366976,21.98,-81.690002,19.25,1770467860.165538
-0.211304,0.363316,0.3172,15.75,-77.629997,22.540001,1770467860.173533
-0.228872,0.295728,0.264008,13.3,-68.879997,30.52,1770467860.181619
-0.261324,0.233508,0.264496,12.39,-52.080002,41.580002,1770467860.189646
-0.306952,0.171288,0.35746,14.77,-27.370001,43.75,1770467860.197519
-0.379176,0.122732,0.51484,18.34,7.28,45.990002,1770467860.205538
-0.464088,0.072712,0.74542,23.309999,43.400002,37.939999,1770467860.213536
-0.572668,0.04026,1.02968,35.0,73.43,31.709999,1770467860.221574
-0.766648,-0.013176,1.320528,38.5,92.82,29.68,1770467860.229577
-1.010648,-0.126392,1.52378,38.080002,94.220001,8.26,1770467860.237569
-1.115812,-0.206668,1.594784,36.400002,69.440002,11.34,1770467860.24565
-1.221952,-0.298168,1.625528,34.580002,28.91,7.28,1770467860.253547
-1.240252,-0.400648,1.70312,26.530001,-22.959999,14.14,1770467860.261613
-1.16144,-0.49898,1.77022,17.92,-67.199997,9.94,1770467860.26968
-1.003572,-0.561932,1.768268,9.1,-102.199997,7.49,1770467860.277529
-0.807396,-0.5673,1.693116,2.24,-127.889999,7.56,1770467860.285525
-0.610732,-0.499712,1.584048,-4.69,-142.240005,2.45,1770467860.293547
-0.411872,-0.329644,1.461804,-12.25,-147.630005,-1.47,1770467860.30158
-0.240096,-0.158112,1.346636,-21.42,-143.779999,-3.64,1770467860.309551
-0.104676,0.01342,1.19072,-29.469999,-132.860001,3.78,1770467860.317568
0.006344,0.141276,1.023824,-35.98,-118.650002,10.78,1770467860.325572
0.031476,0.20984,0.86864,-41.369999,-101.010002,17.15,1770467860.333679
0.033184,0.238632,0.712724,-41.93,-80.080002,8.82,1770467860.341572
0.040016,0.40992,0.526552,-36.540001,-60.34,6.72,1770467860.349603
0.137372,0.489464,0.46604,-18.9,-63.91,26.32,1770467860.35754
0.098332,0.528016,0.423828,-9.87,-55.790001,31.85,1770467860.365545
0.09638,0.560468,0.421876,-7.91,-46.34,25.34,1770467860.373541
0.112972,0.577792,0.434808,-0.98,-34.860001,24.639999,1770467860.381641
0.129808,0.576084,0.448716,-3.01,-25.76,25.690001,1770467860.389556
0.150548,0.53558,0.45506,-1.54,-20.23,18.690001,1770467860.397547
0.168848,0.468236,0.446032,-4.41,-14.07,18.9,1770467860.405558
0.178608,0.363072,0.441152,-2.1,-6.93,19.950001,1770467860.41365
0.188612,0.260592,0.448472,4.55,5.67,20.370001,1770467860.421539
0.195688,0.176656,0.464576,14.56,19.67,19.6,1770467860.429637
0.193004,0.090768,0.516304,27.790001,36.68,19.74,1770467860.437555
0.18544,0.044896,0.600484,34.439999,51.939999,25.549999,1770467860.445648
0.169336,0.012688,0.74176,43.119999,70.769997,22.4,1770467860.453552
0.150792,0.000488,0.930616,46.41,93.239998,29.120001,1770467860.461579
0.122,-0.005124,1.11386,47.529999,115.080002,30.379999,1770467860.469551
0.061,-0.015616,1.302716,51.099998,135.869995,31.99,1770467860.477605
-0.035624,-0.024644,1.511336,53.27,153.160004,36.470001,1770467860.485549
-0.161772,-0.02562,1.6897,47.740002,164.009995,42.07,1770467860.493556
-0.310124,-0.043432,1.76778,40.950001,167.860001,46.759998,1770467860.501577
-0.453108,-0.07442,1.70922,29.4,169.190002,58.240002,1770467860.509557
-0.54046,-0.057096,1.565992,23.73,162.190002,67.269997,1770467860.517595
-0.704916,0.00122,1.398852,16.450001,156.589996,73.849998,1770467860.525564
-0.98576,-0.209108,1.321016,-6.86,169.610001,65.309998,1770467860.533534
-1.04676,-0.166408,1.137772,-20.02,167.440002,37.799999,1770467860.541578
-1.10044,-0.203984,1.090192,-34.650002,160.509995,23.52,1770467860.549585
-1.1712,-0.19398,1.073356,-38.360001,140.839996,11.2,1770467860.557646
-1.227564,-0.157868,1.060668,-41.23,115.220001,0.07,1770467860.565662
-1.24074,-0.07442,1.023092,-38.990002,83.300003,-13.09,1770467860.573552
-1.206336,0.034648,0.965996,-38.080002,45.639999,-20.65,1770467860.5816
-1.131916,0.127124,0.875716,-41.650002,11.97,-27.860001,1770467860.589679
-1.01382,0.196664,0.779336,-42.0,-17.360001,-40.669998,1770467860.597555
-0.862052,0.238876,0.69784,-39.200001,-43.119999,-45.080002,1770467860.605551
-0.715652,0.2623,0.640988,-36.119999,-60.689999,-49.209999,1770467860.613554
-0.592676,0.274744,0.620492,-28.77,-72.099998,-46.619999,1770467860.621613
-0.492392,0.283528,0.60268,-23.1,-78.260002,-41.02,1770467860.629616
-0.413336,0.299876,0.58194,-12.11,-77.0,-36.470001,1770467860.637542
-0.36356,0.34038,0.561688,-2.45,-74.760002,-32.130001,1770467860.645545
-0.3233,0.382836,0.559248,-0.35,-65.730003,-30.66,1770467860.653573
-0.314272,0.420412,0.552904,4.97,-56.0,-25.27,1770467860.661675
-0.3233,0.451156,0.543876,0.49,-43.610001,-27.790001,1770467860.669554
-0.334036,0.477508,0.526064,-4.27,-31.219999,-32.689999,1770467860.677539
-0.287432,0.527528,0.50752,-2.03,-19.67,-25.41,1770467860.685534
-0.31842,0.508496,0.490684,-7.07,-9.24,-16.66,1770467860.693659
-0.357216,0.477996,0.443348,-6.09,-0.7,-6.09,1770467860.701581
-0.394548,0.415044,0.395524,-6.23,5.67,7.21,1770467860.709557
-0.438712,0.333792,0.376492,2.24,7.63,14.49,1770467860.717544
-0.486292,0.25498,0.415288,9.17,7.0,21.07,1770467860.725648
-0.541436,0.184952,0.5124,19.459999,6.86,26.950001,1770467860.733552
-0.604144,0.133468,0.62464,27.51,6.65,27.370001,1770467860.741579
-0.675392,0.0976,0.73688,31.99,6.51,28.139999,1770467860.749867
-0.731512,0.072224,0.844484,35.419998,6.86,28.0,1770467860.757653
-0.782752,0.031232,0.954772,39.34,3.78,30.24,1770467860.765582
-0.843508,-0.03538,1.062376,35.630001,-2.52,25.129999,1770467860.773546
-0.875716,-0.133712,1.160464,34.23,-9.31,22.33,1770467860.781572
-0.860832,-0.244488,1.260016,30.1,-19.32,17.5,1770467860.789673
-0.830332,-0.373076,1.353712,31.639999,-28.700001,11.76,1770467860.7976
-0.75152,-0.461404,1.436184,31.360001,-42.139999,7.42,1770467860.80557
-0.657824,-0.489464,1.475712,29.540001,-53.970001,0.0,1770467860.813539
-0.547536,-0.4331,1.443504,24.92,-65.800003,-4.9,1770467860.821575
-0.439688,-0.308416,1.35176,19.459999,-73.360001,-9.1,1770467860.829584
-0.328424,-0.155184,1.256844,14.98,-73.639999,-13.16,1770467860.837573
-0.238632,0.014396,1.182424,17.43,-67.620003,-11.69,1770467860.845547
-0.156404,0.188612,1.137772,14.0,-59.57,-16.870001,1770467860.85354
-0.102968,0.354776,1.087752,13.65,-47.459999,-17.290001,1770467860.861579
-0.086132,0.454816,1.031632,4.62,-31.219999,-18.41,1770467860.869552
-0.115412,0.481168,0.946232,-6.09,-11.34,-31.57,1770467860.877579
-0.111264,0.527528,0.814716,-12.32,9.52,-39.759998,1770467860.885542
-0.060024,0.615856,0.706624,-15.89,20.09,-38.080002,1770467860.893543
-0.049044,0.640012,0.682956,-12.11,25.200001,-31.360001,1770467860.901573
-0.106384,0.592676,0.669292,-18.969999,30.52,-23.24,1770467860.909743
-0.12566,0.550952,0.638792,-22.33,32.41,-23.73,1770467860.917541
-0.131516,0.520696,0.62952,-21.42,28.35,-23.030001,1770467860.925545
-0.138348,0.447008,0.645868,-20.440001,23.309999,-17.43,1770467860.933551
-0.149816,0.379664,0.68198,-14.35,22.190001,-14.07,1770467860.941645
-0.147864,0.304268,0.748348,-12.25,19.74,-6.09,1770467860.949638
-0.144448,0.227164,0.851072,-10.22,20.440001,-2.73,1770467860.957549
-0.135176,0.19398,0.932812,-9.03,19.74,1.47,1770467860.965545
-0.132004,0.128588,1.002352,-12.67,21.280001,5.67,1770467860.973856
-0.131272,0.05002,1.028948,-16.1,24.01,8.75,1770467860.982315
-0.138348,-0.061976,1.01992,-21.629999,29.959999,15.12,1770467860.989861
-0.146644,-0.159332,0.996984,-18.41,37.240002,22.33,1770467860.997547
-0.149084,-0.249612,0.99308,-13.44,43.959999,32.759998,1770467861.005558
-0.142008,-0.29768,0.985516,-10.22,47.950001,32.970001,1770467861.014
-0.158356,-0.31354,0.973072,-6.23,55.439999,43.889999,1770467861.021656
-0.183244,-0.316712,0.94184,-2.59,68.389999,51.939999,1770467861.029593
-0.209108,-0.301828,0.930128,3.92,82.32,61.599998,1770467861.037524
-0.254248,-0.270108,0.91256,7.35,96.32,70.559998,1770467861.045544
-0.317932,-0.20618,0.884988,9.31,107.730003,73.989998,1770467861.053697
-0.399672,-0.123708,0.870104,11.34,119.279999,76.720001,1770467861.061577
-0.504104,-0.033916,0.882548,5.25,131.389999,72.940002,1770467861.069547
-0.62952,0.152256,0.906948,4.76,144.690002,65.730003,1770467861.077539
-0.750788,0.195932,1.00284,5.53,155.539993,54.669998,1770467861.085533
-0.87474,0.24888,0.986004,-8.26,164.289993,40.389999,1770467861.093581
-1.037976,0.355996,0.915976,-14.91,170.940002,28.139999,1770467861.101577
-1.13704,0.312564,0.840336,-33.25,169.190002,11.41,1770467861.10956
-1.201456,0.321104,0.799832,-35.91,153.369995,-0.56,1770467861.117588
-1.25538,0.28426,0.788608,-38.290001,125.860001,-12.04,1770467861.125539
-1.2749,0.33428,0.759572,-33.529999,89.879997,-19.25,1770467861.13354
-1.273924,0.282552,0.796416,-27.93,51.380001,-21.280001,1770467861.141582
-1.224148,0.271084,0.798124,-23.1,5.95,-25.27,1770467861.149637
-1.138504,0.252052,0.774212,-25.129999,-33.32,-29.959999,1770467861.157538
-1.01992,0.288408,0.74054,-20.58,-60.200001,-29.33,1770467861.16554
-0.899872,0.302316,0.72956,-16.799999,-78.260002,-26.74,1770467861.173534
-0.7869,0.315736,0.71492,-7.35,-85.68,-20.16,1770467861.181564
-0.702964,0.366244,0.695644,-1.12,-84.349998,-14.07,1770467861.189668
-0.669536,0.334036,0.666608,-3.29,-78.889999,-8.33,1770467861.197561
-0.650748,0.417728,0.611464,-10.08,-68.459999,-7.21,1770467861.205546
-0.6161,0.48068,0.62464,-10.57,-54.459999,-11.34,1770467861.213534
-0.595604,0.467504,0.64904,-10.08,-36.330002,-13.93,1770467861.221579
-0.607072,0.435784,0.618296,-16.030001,-9.87,-1.82,1770467861.229603
-0.643672,0.416996,0.559736,-12.88,13.16,1.68,1770467861.237603
-0.712968,0.35746,0.52582,-14.91,30.799999,6.58,1770467861.245534
-0.802516,0.27572,0.51728,-17.219999,45.080002,12.32,1770467861.253552
-0.882304,0.20252,0.517036,-17.43,52.849998,13.93,1770467861.261595
-0.966728,0.094428,0.529968,-18.549999,52.43,11.06,1770467861.269581
-1.059692,-0.02196,0.534604,-20.09,47.389999,16.17,1770467861.277526
-1.071648,-0.067588,0.537044,-16.66,31.01,19.389999,1770467861.285524
-1.131428,-0.078812,0.520208,-13.86,7.63,26.530001,1770467861.293541
-1.235128,-0.260104,0.55144,-22.540001,-15.75,19.6,1770467861.301588
-1.18584,-0.297192,0.538996,-24.780001,-42.700001,9.03,1770467861.309691
-1.09556,-0.284504,0.545828,-12.74,-71.959999,4.83,1770467861.317598
-1.001376,-0.244244,0.56364,-4.69,-94.849998,8.05,1770467861.325552
-0.874008,-0.203252,0.555344,7.77,-120.190002,7.49,1770467861.333545
-0.732976,-0.14884,0.527528,21.42,-145.880005,3.36,1770467861.341658
-0.58804,-0.061976,0.501176,29.540001,-168.979996,13.58,1770467861.349702
-0.46726,0.099796,0.499712,45.639999,-182.070007,14.14,1770467861.357597
-0.341356,0.32818,0.559492,71.190002,-186.970001,16.799999,1770467861.365531
-0.235704,0.456036,0.672464,93.169998,-185.850006,10.78,1770467861.373547
-0.19154,0.556076,0.75518,105.279999,-178.429993,-0.35,1770467861.381647
-0.101504,0.608536,0.76738,103.32,-165.970001,-8.61,1770467861.389583
-0.035868,0.686616,0.74908,97.300003,-153.229996,-18.41,1770467861.397539
0.120048,0.737856,0.771528,84.07,-143.289993,-14.7,1770467861.405564
0.125416,0.657092,0.854488,62.09,-124.18,-16.940001,1770467861.413549
0.174704,0.581696,0.890844,36.610001,-97.650002,-21.559999,1770467861.421579
0.225212,0.504348,0.91866,18.549999,-64.68,-30.450001,1770467861.429594
0.263764,0.415288,0.94184,2.52,-27.790001,-36.189999,1770467861.437537
0.26108,0.291092,0.940132,-21.35,15.12,-37.869999,1770467861.445553
0.24522,0.159576,0.951844,-36.959999,54.110001,-38.290001,1770467861.453557
0.193004,0.040016,1.022848,-46.200001,84.629997,-34.509998,1770467861.461579
0.095404,-0.075396,1.12606,-49.0,109.339996,-35.700001,1770467861.469554
-0.020252,-0.194224,1.215852,-42.630001,126.629997,-34.16,1770467861.477543
-0.162992,-0.239364,1.25538,-31.290001,135.940002,-32.549999,1770467861.485704
-0.293776,-0.22692,1.280512,-20.51,137.270004,-31.15,1770467861.493535
-0.422852,-0.187636,1.28832,-11.62,128.869995,-26.040001,1770467861.501576
-0.526064,-0.12688,1.283196,-13.79,112.139999,-21.700001,1770467861.509556
-0.599752,-0.06954,1.267092,-20.440001,90.440002,-23.17,1770467861.517554
-0.633424,-0.02928,1.232688,-26.879999,67.339996,-17.99,1770467861.525549
-0.623664,-0.009272,1.181204,-32.970001,48.860001,-21.559999,1770467861.533546
-0.59292,-0.007564,1.122888,-33.110001,34.02,-20.93,1770467861.54158
-0.554368,-0.008052,1.068476,-39.48,26.74,-18.34,1770467861.549596
-0.530212,-0.046116,0.986004,-46.759998,25.969999,-15.96,1770467861.557561
-0.511668,0.021472,0.898652,-43.959999,32.830002,-8.89,1770467861.565537
-0.508496,-0.010736,0.880352,-34.93,43.049999,-5.53,1770467861.573638
-0.532408,0.012932,0.850584,-31.08,50.610001,4.2,1770467861.581597
-0.555832,0.08052,0.849364,-28.0,58.73,12.46,1770467861.589585
-0.5795,0.150304,0.873276,-21.700001,61.18,20.719999,1770467861.597533
-0.613416,0.219844,0.870836,-17.57,59.290001,33.669998,1770467861.60555
-0.651724,0.29646,0.819108,-13.72,53.200001,41.299999,1770467861.613549
-0.67466,0.352092,0.74664,-7.35,40.529999,51.59,1770467861.621576
-0.693936,0.379664,0.666608,-3.15,23.799999,62.509998,1770467861.629606
-0.671488,0.416752,0.606096,5.88,1.33,62.860001,1770467861.637557
-0.622932,0.428708,0.572912,11.97,-29.82,63.630001,1770467861.645545
-0.573156,0.409676,0.55998,13.86,-53.689999,63.490002,1770467861.653559
-0.508496,0.367708,0.560468,18.34,-70.349998,59.779999,1770467861.661593
-0.440176,0.324276,0.560712,18.41,-77.279999,59.220001,1770467861.669607
-0.359412,0.318908,0.573156,24.08,-70.699997,48.580002,1770467861.677535
-0.295972,0.353556,0.614392,32.41,-55.439999,42.0,1770467861.685542
-0.277672,0.411872,0.684908,32.759998,-31.780001,31.85,1770467861.693545
-0.295728,0.461648,0.768112,25.969999,-10.15,18.34,1770467861.701579
-0.344528,0.474824,0.821792,9.52,6.65,7.21,1770467861.709559
-0.41358,0.454084,0.836432,-5.6,16.66,-7.35,1770467861.717574
-0.465796,0.415532,0.818864,-14.7,19.110001,-17.08,1770467861.725556
-0.516548,0.376248,0.806908,-21.209999,18.83,-23.379999,1770467861.733684
-0.540704,0.338672,0.823744,-22.889999,16.309999,-27.299999,1770467861.741582
-0.554856,0.28548,0.86864,-25.129999,10.22,-24.08,1770467861.749555
-0.575596,0.23668,0.912804,-24.219999,7.35,-23.379999,1770467861.757567
-0.59902,0.203984,0.945744,-26.110001,8.68,-19.6,1770467861.765745
-0.625128,0.179584,0.985516,-26.25,14.42,-16.73,1770467861.773553
-0.664412,0.168116,1.01992,-32.759998,24.219999,-15.26,1770467861.781575
-0.701256,0.142252,1.032852,-42.84,37.380001,-11.83,1770467861.789604
-0.76738,0.08418,1.025044,-44.799999,56.98,-4.97,1770467861.797538
-0.860588,0.025864,0.976244,-50.119999,77.769997,2.87,1770467861.805545
-0.96014,-0.017324,0.904752,-52.639999,97.300003,11.2,1770467861.813582
-1.075064,-0.038552,0.83448,-50.330002,110.389999,14.0,1770467861.821575
-1.20414,-0.024888,0.772504,-46.689999,114.309998,22.889999,1770467861.829587
-1.369328,0.006832,0.725656,-37.73,109.830002,18.129999,1770467861.837536
-1.421056,0.061244,0.665388,-31.01,87.150002,13.09,1770467861.84556
-1.451312,0.131028,0.60634,-22.33,47.32,11.06,1770467861.853876
-1.432036,0.174216,0.581696,-10.92,0.28,4.48,1770467861.861637
-1.352004,0.205692,0.599508,-3.01,-52.779999,3.64,1770467861.86956
-1.210484,0.213988,0.646356,5.88,-99.75,-2.59,1770467861.877527
-1.038464,0.226676,0.687836,15.54,-139.160004,-2.31,1770467861.885543
-0.851316,0.241316,0.6832,17.219999,-168.070007,-2.59,1770467861.893543
-0.679052,0.239852,0.648796,23.309999,-187.949997,-4.62,1770467861.901626
-0.524356,0.202276,0.584624,16.73,-196.839996,-3.71,1770467861.909573
-0.393572,0.15372,0.510204,12.88,-194.179993,-7.77,1770467861.91754
-0.27084,0.126392,0.441152,14.98,-181.860001,-11.9,1770467861.925547
-0.14396,0.091744,0.38918,21.07,-161.070007,-14.77,1770467861.93356
-0.060756,0.055144,0.361364,33.110001,-137.550003,-16.17,1770467861.941573
-0.02318,0.039772,0.367952,42.84,-111.160004,-11.06,1770467861.949812
0.003172,0.078324,0.402356,54.880001,-89.879997,-8.19,1770467861.957551
0.000488,0.134932,0.469456,63.98,-74.690002,-1.05,1770467861.965592
-0.020984,0.199348,0.561444,63.209999,-63.07,-2.03,1770467861.973702
-0.042212,0.25254,0.663436,56.560001,-52.919998,-7.63,1770467861.98225
-0.055876,0.318664,0.74786,46.759998,-46.41,-12.46,1770467861.989854
-0.064416,0.403576,0.807396,29.68,-47.529999,-25.620001,1770467861.99766
-0.046604,0.512156,0.851072,9.03,-50.189999,-32.689999,1770467862.005551
-0.027572,0.598288,0.90768,-21.91,-49.0,-36.82,1770467862.013661
0.004148,0.578036,1.0004,-51.869999,-39.900002,-33.040001,1770467862.021615
0.054412,0.439932,1.12484,-69.089996,-24.99,-31.709999,1770467862.029557
0.097356,0.273524,1.254892,-76.300003,-9.24,-39.060001,1770467862.037524
0.116388,0.131516,1.3664,-76.089996,6.65,-40.32,1770467862.045548
0.098576,0.012688,1.428864,-71.540001,21.629999,-38.5,1770467862.053628
0.06344,-0.085644,1.461072,-62.23,35.0,-39.41,1770467862.061581
0.012444,-0.136396,1.479372,-54.669998,45.779999,-32.34,1770467862.069553
-0.041724,-0.1342,1.499624,-42.209999,55.09,-34.369999,1770467862.077554
-0.094672,-0.09394,1.484496,-32.759998,58.240002,-32.27,1770467862.08559
-0.143472,-0.052216,1.426668,-26.809999,57.119999,-29.120001,1770467862.093536
-0.190808,-0.012932,1.34322,-20.23,56.0,-22.68,1770467862.101576
-0.234728,0.016836,1.247328,-20.02,54.18,-15.54,1770467862.109555
-0.2684,0.045628,1.132648,-16.66,53.970001,-7.7,1770467862.117545
-0.297924,0.065636,1.027728,-14.35,56.560001,4.2,1770467862.125589
-0.32208,0.07686,0.939888,-16.1,64.120003,13.44,1770467862.13352
-0.355996,0.088084,0.850096,-12.25,72.730003,22.4,1770467862.141575
-0.39284,0.110044,0.761524,-12.46,82.529999,39.27,1770467862.149546
-0.426024,0.125172,0.684908,-10.57,90.089996,47.669998,1770467862.157653
-0.467504,0.139324,0.631472,-11.9,90.93,58.799999,1770467862.165572
-0.513864,0.159576,0.6161,-15.68,87.5,66.639999,1770467862.173537
-0.566568,0.17324,0.626836,-20.65,79.940002,69.019997,1770467862.181576
-0.618296,0.16348,0.64538,-28.91,76.510002,72.940002,1770467862.189552
-0.65636,0.144936,0.659288,-28.139999,75.110001,72.169998,1770467862.197533
-0.677344,0.1342,0.67466,-27.58,73.080002,74.480003,1770467862.205581
-0.699792,0.15372,0.701988,-23.450001,74.830002,71.610001,1770467862.213546
-0.73444,0.217892,0.749568,-19.32,71.959999,63.279999,1770467862.221576
-0.77836,0.293532,0.785192,-24.01,67.830002,58.310001,1770467862.229547
-0.840092,0.366732,0.7747,-32.549999,63.209999,39.689999,1770467862.237517
-0.869128,0.426756,0.708088,-39.900002,53.689999,26.040001,1770467862.245538
-0.882548,0.463112,0.669048,-52.43,42.98,3.43,1770467862.253601
-0.86864,0.46726,0.632204,-61.880001,28.07,-3.99,1770467862.26159
-0.84912,0.438956,0.629764,-68.32,16.799999,-14.28,1770467862.269548
-0.821548,0.377468,0.597312,-65.309998,7.98,-16.73,1770467862.27753
-0.793244,0.329644,0.566812,-56.209999,1.54,-17.290001,1770467862.285553
-0.760792,0.292068,0.539728,-43.75,-2.8,-14.49,1770467862.293531
-0.756888,0.29036,0.523624,-32.970001,-4.9,-8.82,1770467862.301586
-0.774456,0.294508,0.515084,-24.57,-4.13,1.54,1770467862.309669
-0.815204,0.266936,0.53924,-22.68,0.28,9.87,1770467862.317548
-0.876692,0.194468,0.589504,-19.459999,7.63,17.709999,1770467862.32555
-0.934764,0.059536,0.628544,-15.96,13.86,21.07,1770467862.33353
-0.954284,-0.053192,0.644892,4.13,14.0,40.25,1770467862.341587
-1.09068,-0.18056,0.690032,24.780001,10.08,55.09,1770467862.349556
-1.253916,-0.414312,0.739076,37.66,-0.35,45.43,1770467862.35757
-1.265872,-0.467992,0.765672,53.549999,-25.9,38.43,1770467862.365555
-1.3054,-0.50996,0.88206,64.610001,-53.549999,30.52,1770467862.373621
-1.303448,-0.534116,0.969168,77.489998,-88.620003,20.719999,1770467862.381663
-1.253184,-0.565104,0.991372,83.510002,-118.790001,14.35,1770467862.389632
-1.186084,-0.578768,1.003572,90.720001,-146.300003,-2.8,1770467862.397543
-1.083604,-0.539484,1.018944,98.699997,-168.0,-13.93,1770467862.40554
-0.910608,-0.421632,1.054568,97.650002,-186.410004,-28.35,1770467862.413553
-0.689056,-0.225456,1.114836,99.610001,-200.059998,-34.580002,1770467862.421674
-0.444324,-0.021472,1.183644,89.599998,-211.75,-35.84,1770467862.429554
-0.216184,0.215696,1.228052,82.110001,-225.75,-34.509998,1770467862.437523
-0.054168,0.409188,1.24928,62.509998,-232.050003,-25.83,1770467862.445547
0.019276,0.494832,1.218536,37.450001,-222.389999,-33.459999,1770467862.453723
0.413824,0.894992,0.894992,26.18,-213.429993,-20.440001,1770467862.461574
0.432368,0.906216,1.045784,13.02,-205.869995,5.6,1770467862.4696
0.46848,0.931592,0.93574,-5.32,-185.779999,13.93,1770467862.477543
0.480436,0.903044,0.747128,-25.690001,-164.570007,19.879999,1770467862.48554
0.489464,0.845216,0.549732,-42.77,-140.279999,20.09,1770467862.493594
0.47824,0.766648,0.396256,-53.759998,-114.029999,15.61,1770467862.501587
0.4697,0.721264,0.271084,-65.660004,-83.230003,11.97,1770467862.509553
0.476044,0.679052,0.186416,-69.790001,-49.98,11.34,1770467862.517579
0.47336,0.631472,0.155916,-72.870003,-14.35,16.59,1770467862.525579
0.46482,0.547536,0.166896,-76.720001,21.07,17.85,1770467862.533537
0.461648,0.409188,0.216672,-75.110001,56.84,19.6,1770467862.541579
0.444568,0.233508,0.318176,-72.449997,91.629997,18.690001,1770467862.549552
0.426024,0.042944,0.448228,-59.779999,127.050003,14.56,1770467862.557559
0.3965,-0.146888,0.592676,-42.560001,162.610001,19.389999,1770467862.56555
0.341356,-0.28914,0.738588,-27.860001,192.5,14.14,1770467862.573567
0.2379,-0.301584,0.870104,-7.77,217.630005,12.88,1770467862.581581
0.208376,-0.362096,1.062864,4.34,231.419998,22.4,1770467862.589556
-0.02684,-0.25498,1.241228,6.37,247.940002,23.450001,1770467862.597546
-0.23912,-0.151524,1.476932,4.55,265.369995,26.6,1770467862.605694
-0.431636,-0.050996,1.736304,-9.24,273.350006,24.43,1770467862.613573
-0.712236,-0.056364,1.74094,-22.120001,283.01001,33.18,1770467862.621578
-0.909144,-0.117852,1.5555,-32.689999,274.26001,39.060001,1770467862.629556
-1.149484,-0.162016,1.314916,-29.540001,255.570007,51.029999,1770467862.637556
-1.42862,-0.230336,1.135088,-25.200001,235.270004,45.57,1770467862.645524
-1.611132,-0.24766,1.024312,-27.02,216.229996,32.34,1770467862.653595
-1.741672,-0.249124,0.961116,-25.9,188.089996,13.58,1770467862.66158
-1.769976,-0.198372,0.879376,-25.690001,160.720001,-0.7,1770467862.669557
-1.712148,-0.100528,0.795196,-19.6,124.25,-12.04,1770467862.677658
-1.604544,0.03782,0.760792,-13.02,84.419998,-23.73,1770467862.685542
-1.482544,0.182756,0.762012,-5.6,41.860001,-29.68,1770467862.693545
-1.343464,0.304512,0.76128,0.98,3.01,-35.490002,1770467862.701574
-1.187304,0.391864,0.748836,9.52,-32.130001,-39.759998,1770467862.709553
-1.027972,0.447008,0.692228,17.639999,-62.369999,-42.07,1770467862.717557
-0.864248,0.470676,0.591944,25.34,-88.550003,-41.650002,1770467862.72568
-0.721752,0.488976,0.485072,35.560001,-113.190002,-38.990002,1770467862.733529
-0.602924,0.5002,0.39772,38.990002,-134.539993,-40.32,1770467862.741578
-0.501664,0.493856,0.320128,37.73,-151.899994,-44.59,1770467862.749585
-0.32696,0.576572,0.243024,42.98,-167.369995,-40.459999,1770467862.757562
-0.250344,0.588772,0.202764,41.439999,-181.860001,-36.400002,1770467862.765686
-0.16714,0.584868,0.154208,33.740002,-191.169998,-34.93,1770467862.773556
-0.088084,0.576328,0.09516,25.969999,-187.529999,-34.720001,1770467862.781577
0.030012,0.584868,0.049044,19.809999,-177.869995,-14.07,1770467862.789583
0.135176,0.521916,0.058072,21.91,-152.669998,12.39,1770467862.79764
0.134688,0.439444,0.099552,21.0,-104.580002,36.540001,1770467862.805599
0.12932,0.326472,0.173728,18.549999,-41.93,56.209999,1770467862.813547
0.053924,0.192272,0.287676,21.35,24.780001,65.169998,1770467862.821615
-0.124928,0.029036,0.4392,18.969999,93.379997,69.720001,1770467862.829564
-0.39406,-0.152256,0.636596,16.17,170.100006,58.310001,1770467862.837526
-0.550708,-0.200324,0.854976,12.74,231.490005,63.490002,1770467862.84554
-1.410564,-0.683688,1.142164,-6.23,315.559998,39.41,1770467862.853572
-1.623576,-0.783972,1.220976,-29.190001,362.040009,-12.6,1770467862.861678
-2.02154,-1.073112,1.291248,-28.77,360.429993,-27.23,1770467862.869558
-2.289452,-1.267336,1.332972,4.69,286.579987,-25.969999,1770467862.877544
-2.371924,-1.07482,1.507676,36.400002,133.979996,-3.36,1770467862.885551
-2.3485,-0.659044,1.684088,40.740002,-33.880001,10.29,1770467862.893529
-2.085468,-0.340624,1.595272,39.900002,-174.649994,17.92,1770467862.901624
-1.67384,-0.081008,1.433744,35.98,-271.600006,18.620001,1770467862.909566
-1.22976,0.157136,1.32492,31.290001,-320.459991,8.26,1770467862.917553
-0.803736,0.357704,1.224392,23.450001,-342.019989,4.76,1770467862.925548
-0.472872,0.503128,1.0736,19.25,-340.339996,1.12,1770467862.933534
-0.258152,0.561444,0.891576,16.17,-326.970001,-3.71,1770467862.941625
-0.077592,0.61854,0.666608,10.57,-304.149994,-11.27,1770467862.949728
0.236436,0.844728,0.403332,23.450001,-298.619995,-0.49,1770467862.957897
0.254492,0.765184,0.301828,26.879999,-286.929993,16.59,1770467862.965603
0.30378,0.7503,0.202276,21.84,-271.25,18.620001,1770467862.973864
0.351116,0.744688,0.118828,13.44,-253.050003,7.84,1770467862.981793
0.413336,0.732732,0.027328,-2.31,-228.410004,1.54,1770467862.989809
0.449692,0.698084,-0.051484,-12.88,-198.169998,-6.65,1770467862.99755
0.488,0.6466,-0.155428,-21.629999,-158.899994,-7.42,1770467863.005555
0.50996,0.57096,-0.246684,-24.08,-113.120003,2.66,1770467863.013573
0.5246,0.469212,-0.271328,-19.459999,-66.220001,9.03,1770467863.021591
0.52216,0.370636,-0.187392,-13.3,-14.0,14.21,1770467863.029571
0.521916,0.268888,0.046116,-2.59,41.860001,12.39,1770467863.037529
0.50752,0.171776,0.32574,6.65,100.169998,14.0,1770467863.045566
0.475312,0.064172,0.626348,7.56,163.380005,13.09,1770467863.053646
0.397232,-0.050996,0.943304,4.34,216.929993,12.18,1770467863.061581
0.254248,-0.132736,1.262456,-9.73,264.040009,12.25,1770467863.069555
0.063196,-0.110288,1.667008,-26.110001,310.380005,9.31,1770467863.07755
-0.165432,0.00488,2.314096,-44.869999,355.600006,16.24,1770467863.085646
-0.494832,0.014396,2.888228,-74.760002,385.209991,23.870001,1770467863.093542
-0.840336,-0.254004,2.864804,-88.129997,392.48999,38.709999,1770467863.101577
-0.96502,-0.432124,2.211128,-77.349998,350.559998,72.730003,1770467863.109549
-1.558916,-0.754692,1.6409,-65.309998,305.130005,92.470001,1770467863.117531
-1.812676,-0.747616,1.1346,-61.740002,250.460007,39.34,1770467863.125545
-1.895636,-0.679296,0.941352,-52.220001,190.119995,28.0,1770467863.133567
-1.891976,-0.472628,0.9272,-41.369999,133.490005,7.0,1770467863.141659
-1.807064,-0.232044,0.969656,-41.790001,77.629997,-1.47,1770467863.149554
-1.656516,0.004148,0.943304,-39.130001,23.870001,-22.26,1770467863.157648
-1.45668,0.164212,0.852048,-35.139999,-19.32,-32.27,1770467863.165539
-1.220732,0.275964,0.745908,-28.42,-51.52,-43.259998,1770467863.173569
-0.987224,0.340868,0.636108,-13.93,-74.129997,-54.110001,1770467863.181579
-0.785924,0.377956,0.52948,0.42,-90.860001,-49.630001,1770467863.189599
-0.623664,0.408212,0.444812,14.98,-102.199997,-54.110001,1770467863.197523
-0.498004,0.40504,0.37332,32.900002,-111.300003,-48.720001,1770467863.205536
-0.417728,0.40748,0.30866,46.759998,-118.089996,-55.439999,1770467863.213535
-0.262544,0.478972,0.23546,64.540001,-122.080002,-42.349998,1770467863.221542
-0.207888,0.480192,0.19642,72.730003,-131.740005,-39.759998,1770467863.229556
-0.157868,0.493124,0.166896,77.769997,-138.740005,-35.84,1770467863.237514
-0.119316,0.499224,0.123952,78.68,-143.360001,-39.41,1770467863.245541
-0.048068,0.521672,0.058316,74.199997,-147.839996,-47.740002,1770467863.253536
0.07808,0.528748,0.004636,71.75,-152.320007,-35.84,1770467863.261583
0.143472,0.51606,0.002928,68.529999,-147.350006,-20.23,1770467863.269542
0.160552,0.508008,0.027328,62.02,-124.879997,-0.7,1770467863.277537
0.17812,0.496052,0.068564,55.23,-87.639999,17.5,1770467863.285525
0.168848,0.436272,0.14884,47.32,-35.139999,38.57,1770467863.293538
0.079544,0.333792,0.294264,45.290001,32.200001,50.470001,1770467863.301595
-0.099796,0.218868,0.556076,44.52,107.870003,50.259998,1770467863.30961
-0.363072,0.114924,0.8967,40.880001,191.729996,37.029999,1770467863.317539
-0.636352,0.072712,1.227808,32.34,273.910004,21.49,1770467863.325549
-1.08702,0.023668,1.548912,24.92,354.690002,12.53,1770467863.333559
-1.528416,-0.443348,1.757776,3.99,396.339996,-6.86,1770467863.341637
-1.923208,-0.823012,1.811944,13.3,370.299988,-6.44,1770467863.349558
-2.370704,-1.110932,1.76534,30.799999,268.450012,-0.35,1770467863.357562
-2.5681,-1.108248,1.706292,29.540001,115.849998,2.66,1770467863.365551
-2.444148,-0.937692,1.736792,30.17,-44.380001,2.45,1770467863.373543
-2.011292,-0.634156,1.678476,33.740002,-176.960007,4.48,1770467863.381615
-1.507188,-0.327448,1.534028,30.1,-249.830002,1.75,1770467863.389553
-1.06262,-0.059536,1.388604,28.0,-278.390015,-3.08,1770467863.397563
-0.701256,0.168604,1.2505,23.24,-282.589996,-10.15,1770467863.405571
-0.412604,0.3538,1.108492,18.9,-267.75,-14.42,1770467863.413579
-0.211792,0.497028,0.958676,17.99,-244.089996,-13.3,1770467863.421596
-0.128588,0.53314,0.798368,12.46,-213.850006,-23.940001,1770467863.429636
-0.031476,0.609024,0.580964,17.290001,-180.110001,-21.559999,1770467863.437522
0.276208,0.773724,0.40992,27.790001,-164.779999,-6.65,1770467863.445547
0.173972,0.848876,0.319396,26.879999,-149.869995,3.01,1770467863.453646
0.199104,0.884988,0.224968,15.68,-134.75,3.71,1770467863.461581
0.229116,0.880352,0.133712,1.12,-121.449997,2.31,1770467863.469553
0.258152,0.81618,0.047336,-9.31,-112.419998,1.75,1770467863.477539
0.268888,0.726632,-0.043676,-15.68,-104.019997,-0.21,1770467863.485541
0.271084,0.647088,-0.127368,-22.889999,-92.330002,-6.09,1770467863.493654
0.272304,0.554368,-0.207156,-24.15,-78.889999,-10.92,1770467863.501575
0.287188,0.448716,-0.259128,-24.01,-60.130001,-8.12,1770467863.50956
0.300852,0.358436,-0.26352,-17.57,-34.580002,-6.65,1770467863.517567
0.306464,0.293532,-0.182268,-7.42,-1.82,1.19,1770467863.525572
0.294264,0.226432,0.026108,-2.1,42.209999,10.22,1770467863.533529
0.269132,0.172264,0.306708,2.31,96.389999,16.799999,1770467863.541578
0.217648,0.10004,0.629276,0.0,158.830002,17.92,1770467863.549554
0.105896,-0.0122,0.9211,-11.13,215.460007,19.040001,1770467863.557854
-0.04148,-0.1281,1.178764,-26.110001,259.279999,9.66,1770467863.565586
-0.220332,-0.184708,1.50304,-43.68,288.329987,3.99,1770467863.573576
-0.464576,-0.184952,1.974936,-60.549999,307.790009,-11.06,1770467863.581575
-0.720288,-0.203008,2.34972,-75.669998,315.0,-5.74,1770467863.589552
-1.12606,-0.38796,2.401936,-72.239998,318.779999,-0.84,1770467863.597591
-1.566968,-0.851804,2.091324,-57.68,308.980011,-5.32,1770467863.605551
-1.67506,-0.879132,1.621136,-34.580002,252.630005,-11.27,1770467863.613548
-1.732156,-0.741272,1.319796,-9.24,175.630005,-5.11,1770467863.621575
-1.725812,-0.477996,1.188524,1.12,96.389999,-7.35,1770467863.629602
-1.65676,-0.1891,1.156804,6.79,38.779999,-12.81,1770467863.637514
-1.539152,0.050996,1.13826,4.9,1.61,-22.120001,1770467863.645559
-1.375184,0.21472,1.075308,-4.9,-17.01,-37.169998,1770467863.653543
-1.213412,0.319152,0.964288,-10.36,-25.549999,-45.709999,1770467863.661584
-1.047248,0.38064,0.830088,-12.88,-31.360001,-60.549999,1770467863.669555
-0.915488,0.429928,0.693692,-11.69,-35.630001,-63.209999,1770467863.677588
-0.803248,0.46116,0.56974,-0.98,-40.669998,-67.690002,1770467863.685572
-0.69784,0.488,0.476776,8.47,-46.130001,-67.059998,1770467863.693545
-0.624884,0.49166,0.399428,25.200001,-55.93,-65.099998,1770467863.701575
-0.575352,0.471408,0.339404,34.09,-65.099998,-67.830002,1770467863.709564
-0.431148,0.561932,0.255224,49.630001,-79.239998,-57.75,1770467863.717681
-0.386496,0.565592,0.224236,55.299999,-98.209999,-55.93,1770467863.725551
-0.32696,0.574376,0.176168,52.779999,-116.410004,-55.02,1770467863.73354
-0.256932,0.569252,0.131516,52.639999,-132.649994,-56.139999,1770467863.741581
-0.195688,0.550952,0.090768,44.73,-142.380005,-55.02,1770467863.749556
-0.123952,0.500932,0.055632,39.689999,-144.619995,-45.150002,1770467863.757667
-0.063196,0.4331,0.026108,31.360001,-140.070007,-33.25,1770467863.765621
0.006344,0.381616,0.022692,23.73,-125.860001,-17.219999,1770467863.773675
0.229604,0.358924,0.084424,26.74,-106.540001,6.79,1770467863.781576
0.096136,0.24278,0.238632,33.25,-64.470001,37.799999,1770467863.78964
-0.003416,0.13908,0.400404,44.450001,-5.11,53.200001,1770467863.79755
-0.201788,0.0122,0.625128,49.279999,60.759998,60.689999,1770467863.805644
-0.471896,-0.098332,0.9028,45.43,131.389999,55.650002,1770467863.813592
-0.836188,-0.040748,1.114592,42.0,205.380005,56.560001,1770467863.821589
-1.665056,-0.57218,1.219512,20.09,302.820007,11.06,1770467863.829568
-1.831952,-0.730292,1.120936,7.0,323.540009,-18.200001,1770467863.837521
-2.019588,-0.922564,1.251964,11.76,261.450012,-10.01,1770467863.845553
-2.211128,-1.0492,1.515972,27.440001,135.169998,1.19,1770467863.853699
-2.283108,-0.962824,1.720444,38.009998,-9.66,15.26,1770467863.861594
-2.156716,-0.706868,1.816824,36.189999,-150.429993,19.809999,1770467863.869563
-1.81292,-0.458232,1.733864,37.73,-245.139999,18.059999,1770467863.877541
-1.367864,-0.179828,1.5616,35.630001,-299.809998,9.17,1770467863.885543
-0.937692,0.07808,1.384944,30.66,-319.480011,-4.76,1770467863.893548
-0.61732,0.262544,1.232444,29.68,-314.859985,-8.82,1770467863.901697
-0.363804,0.419192,1.114836,22.75,-295.679993,-18.9,1770467863.909545
-0.156404,0.555832,1.02602,15.96,-264.600006,-24.15,1770467863.917529
-0.030744,0.609268,0.939156,4.76,-227.360001,-34.02,1770467863.925542
-0.005856,0.578524,0.805444,-9.59,-184.940002,-53.130001,1770467863.93354
0.620004,0.86254,0.61732,1.26,-169.75,-38.639999,1770467863.941622
0.335744,0.870104,0.5429,3.57,-136.850006,-20.440001,1770467863.949566
0.343308,0.88938,0.453596,0.56,-114.449997,-17.219999,1770467863.957544
0.34892,0.885476,0.36722,-5.67,-93.309998,-11.13,1770467863.965562
0.337696,0.839604,0.274988,-11.34,-74.339996,-12.18,1770467863.974307
0.331108,0.751764,0.18788,-15.47,-59.990002,-7.28,1770467863.981709
0.305488,0.651724,0.100772,-21.139999,-48.02,-6.79,1770467863.989744
0.28304,0.570228,0.014884,-20.65,-39.900002,-11.55,1770467863.99754
0.256688,0.485804,-0.052948,-24.99,-30.450001,-10.22,1770467864.005577
0.24278,0.424804,-0.116632,-28.209999,-17.57,-11.76,1770467864.013546
0.237168,0.362096,-0.155672,-30.450001,1.05,-4.06,1770467864.021581
0.243512,0.279624,-0.116876,-25.129999,26.25,1.54,1770467864.029799
0.252052,0.187636,0.024156,-16.309999,58.380001,6.23,1770467864.037558
0.255956,0.098088,0.221552,-7.91,96.599998,7.14,1770467864.045545
0.257176,0.007564,0.493368,-7.77,133.979996,7.84,1770467864.05358
0.222528,-0.101748,0.828868,-15.47,172.059998,10.85,1770467864.061728
0.116388,-0.225456,1.151436,-27.860001,210.139999,9.38,1770467864.069564
-0.038796,-0.339404,1.497916,-40.18,246.820007,15.05,1770467864.077542
-0.247416,-0.402112,1.857572,-46.619999,278.809998,19.530001,1770467864.085541
-0.435052,-0.400404,2.073268,-49.349998,294.070007,29.610001,1770467864.093532
-0.778848,-0.483852,2.230892,-46.549999,284.829987,49.91,1770467864.101641
-1.402268,-0.929152,2.086688,-57.189999,283.359985,30.59,1770467864.109559
-1.45058,-0.98576,1.680428,-40.740002,243.809998,18.83,1770467864.117532
-1.562088,-0.901336,1.395192,-15.68,184.729996,13.65,1770467864.125538
-1.650416,-0.617808,1.283684,8.47,132.369995,4.34,1770467864.133671
-1.6592,-0.242048,1.282708,22.540001,89.529999,-4.06,1770467864.14158
-1.609912,0.110776,1.276852,19.530001,56.91,-21.98,1770467864.14954
-1.499868,0.329156,1.207312,10.43,35.419998,-42.560001,1770467864.157532
-1.350052,0.435784,1.075308,5.11,14.21,-56.560001,1770467864.165562
-1.196088,0.484096,0.918904,3.92,-4.83,-71.190002,1770467864.173537
-1.046516,0.499956,0.773236,10.08,-22.120001,-80.290001,1770467864.181574
-0.907436,0.513376,0.670268,14.21,-35.91,-84.910004,1770467864.189541
-0.791048,0.50874,0.598044,21.98,-53.34,-81.059998,1770467864.197528
-0.709064,0.502152,0.515816,25.620001,-68.32,-82.18,1770467864.205555
-0.627812,0.525576,0.431392,29.68,-81.760002,-80.5,1770467864.213664
-0.485804,0.600972,0.365756,38.220001,-99.959999,-69.510002,1770467864.221575
-0.416996,0.611952,0.310368,37.169998,-115.43,-54.459999,1770467864.229549
-0.33916,0.603168,0.255224,38.57,-129.639999,-53.759998,1770467864.237521
-0.2623,0.574864,0.208132,41.02,-142.869995,-48.720001,1770467864.245542
-0.199104,0.54046,0.151524,37.73,-149.729996,-46.759998,1770467864.253536
-0.130784,0.488488,0.096136,34.650002,-152.179993,-36.049999,1770467864.26171
-0.072224,0.433588,0.033672,27.23,-146.789993,-26.74,1770467864.269547
-0.009516,0.40748,-0.016592,20.65,-137.059998,-14.07,1770467864.277534
0.142008,0.415532,-0.030256,16.309999,-122.43,3.92,1770467864.285519
0.080032,0.329888,0.0305,16.66,-91.769997,22.889999,1770467864.293531
0.047824,0.26474,0.130052,13.44,-46.200001,36.68,1770467864.301641
-0.053924,0.182756,0.301096,12.67,12.18,48.09,1770467864.309557
-0.212524,0.07198,0.584624,10.36,82.389999,47.25,1770467864.317543
-0.4148,-0.040504,0.986004,6.79,155.050003,46.549999,1770467864.325542
-0.668072,-0.033428,1.304912,8.96,222.25,46.130001,1770467864.333551
-1.575996,-0.578768,1.625772,1.54,311.149994,14.0,1770467864.341673
-1.920524,-0.687348,1.46156,-2.59,339.220001,-19.32,1770467864.349584
-2.256756,-0.874008,1.294908,7.35,268.170013,-22.82,1770467864.357541
-2.506368,-0.980392,1.301984,10.78,110.18,-20.58,1770467864.36556
-2.517836,-0.950136,1.536956,13.23,-66.57,-6.86,1770467864.373617
-2.226012,-0.879864,1.6043,23.030001,-219.869995,-2.87,1770467864.381667
-1.68604,-0.698816,1.484008,32.34,-326.410004,-2.73,1770467864.389587
-1.142896,-0.425048,1.393728,41.650002,-380.450012,-7.84,1770467864.397542
-0.66002,-0.12444,1.348344,50.330002,-399.910004,-18.200001,1770467864.405544
-0.255712,0.156892,1.334924,52.150002,-392.350006,-25.969999,1770467864.413571
0.030256,0.412848,1.340536,49.98,-367.779999,-31.709999,1770467864.421639
0.148596,0.463112,1.314916,32.060001,-320.809998,-44.59,1770467864.429662
0.45628,0.658556,1.08458,18.200001,-280.700012,-77.559998,1770467864.437522
0.637084,0.8052,0.853756,28.0,-241.710007,-42.77,1770467864.4456
0.630008,0.829844,0.710772,17.92,-191.940002,-23.940001,1770467864.45355
0.641964,0.846924,0.54534,8.12,-139.229996,-21.42,1770467864.461595
0.641476,0.815936,0.414068,-3.01,-84.629997,-11.9,1770467864.469562
0.603412,0.759084,0.302316,-5.88,-36.119999,-9.87,1770467864.47754
0.53192,0.66978,0.22448,-9.1,1.47,-12.18,1770467864.485563
0.45018,0.580964,0.155428,-10.22,30.73,-10.99,1770467864.493546
0.363072,0.498004,0.093208,-8.33,50.540001,-11.83,1770467864.501573
0.272548,0.401868,0.057584,-9.73,65.870003,-9.1,1770467864.509621
0.19642,0.321348,0.021716,-8.12,75.529999,-13.16,1770467864.517571
0.128588,0.255468,-0.01464,-6.02,79.940002,-13.72,1770467864.525705
0.077348,0.20618,-0.043432,-4.69,83.650002,-14.42,1770467864.533536
0.042944,0.165676,-0.041968,-1.19,92.959999,-11.9,1770467864.541581
0.03416,0.098088,0.056852,1.89,106.889999,-1.75,1770467864.549559
0.040016,0.020496,0.24888,4.9,123.760002,-3.29,1770467864.557536
0.0488,-0.060024,0.52704,7.84,144.410004,-2.59,1770467864.565562
0.049776,-0.156892,0.911584,-0.14,171.710007,-2.59,1770467864.573547
0.00854,-0.268156,1.282708,-4.48,195.929993,-1.26,1770467864.581593
-0.072224,-0.236436,1.605276,0.21,217.910004,8.19,1770467864.589636
-0.212524,-0.380396,1.9947,6.44,232.820007,23.870001,1770467864.597541
-0.480436,-0.459696,2.16428,4.9,240.380005,39.130001,1770467864.605593
-0.93452,-0.656116,2.182092,-8.68,240.380005,21.629999,1770467864.613552
-1.053348,-0.706624,1.924184,-15.54,216.929993,3.57,1770467864.621586
-1.209508,-0.715408,1.60186,-9.59,182.630005,-3.08,1770467864.629553
-1.325408,-0.583648,1.35542,-0.77,141.75,-14.84,1770467864.637528
-1.402756,-0.341112,1.275632,14.56,104.720001,-23.870001,1770467864.645544
-1.421056,-0.046116,1.305888,18.969999,80.150002,-32.900002,1770467864.653545
-1.398852,0.237412,1.318088,20.860001,65.169998,-42.700001,1770467864.661882
-1.349808,0.457988,1.26514,12.67,51.73,-52.360001,1770467864.66962
-1.286856,0.562176,1.145336,1.68,36.959999,-63.419998,1770467864.677625
-1.194868,0.58926,0.969168,-4.2,18.83,-74.410004,1770467864.68554
-1.082384,0.564616,0.810812,-4.9,-1.26,-81.830002,1770467864.693539
-0.96136,0.525576,0.687592,6.3,-23.799999,-89.459999,1770467864.701551
-0.843752,0.50386,0.590968,15.12,-48.02,-92.050003,1770467864.709549
-0.740296,0.41114,0.523624,22.540001,-77.0,-95.550003,1770467864.717537
-0.692228,0.5063,0.392596,39.970001,-95.199997,-101.709999,1770467864.725542
-0.484584,0.605364,0.335256,51.310001,-117.529999,-88.690002,1770467864.733537
-0.427244,0.604632,0.303536,57.400002,-142.729996,-76.580002,1770467864.741673
-0.34648,0.61732,0.268644,57.330002,-159.949997,-76.019997,1770467864.749548
-0.261812,0.584624,0.244976,54.32,-173.949997,-71.190002,1770467864.757544
-0.179828,0.576328,0.2074,53.549999,-183.539993,-71.330002,1770467864.765562
-0.084424,0.563884,0.157624,51.169998,-186.270004,-63.139999,1770467864.773609
0.050752,0.597312,0.085888,53.970001,-182.979996,-46.41,1770467864.781574
0.118828,0.527772,0.070028,51.52,-175.839996,-19.6,1770467864.78959
0.146888,0.478972,0.055876,53.970001,-149.729996,-2.73,1770467864.797538
0.165676,0.42212,0.087596,56.560001,-111.089996,10.99,1770467864.805544
0.146156,0.34892,0.204716,54.529999,-55.860001,20.16,1770467864.813537
0.089548,0.216916,0.445544,45.220001,6.09,20.719999,1770467864.821656
-0.001464,-0.02318,0.815204,25.41,70.980003,15.26,1770467864.829561
-0.15006,-0.230336,1.27978,6.09,141.610001,9.17,1770467864.837577
-0.230092,-0.24644,1.708732,12.67,195.720001,22.33,1770467864.845537
-1.310036,-0.885964,1.996164,1.33,286.369995,14.42,1770467864.853537
-1.447652,-0.9699,1.747772,-4.76,299.670013,-25.41,1770467864.861586
-1.780712,-1.039928,1.560624,3.08,247.029999,-24.639999,1770467864.869602
-2.086932,-0.895724,1.602348,-4.34,133.490005,-26.530001,1770467864.877638
-2.16794,-0.819352,1.710684,-9.1,-6.79,-23.030001,1770467864.885541
-1.960296,-0.692472,1.76168,-3.99,-141.190002,-23.799999,1770467864.893545
-1.534028,-0.432612,1.663836,1.89,-229.740005,-25.83,1770467864.901635
-1.083604,-0.176656,1.501576,5.11,-278.809998,-32.900002,1770467864.909569
-0.707356,0.082472,1.359324,8.12,-293.51001,-41.790001,1770467864.91754
-0.407236,0.31476,1.28222,9.45,-289.170013,-48.09,1770467864.925575
-0.174704,0.396988,1.257332,-1.54,-270.200012,-55.580002,1770467864.933618
-0.087352,0.541924,1.098976,-11.76,-242.619995,-76.089996,1770467864.941582
0.05002,0.881572,0.807884,-9.52,-214.410004,-79.870003,1770467864.949552
0.32696,0.843508,0.699792,-0.28,-207.339996,-47.529999,1770467864.957542
0.28182,0.83448,0.543388,-3.78,-188.089996,-24.5,1770467864.965587
0.281088,0.804224,0.398208,-8.12,-172.899994,-23.17,1770467864.973692
0.309148,0.734196,0.276208,-4.76,-157.850006,-14.42,1770467864.982015
0.309392,0.621956,0.191296,-2.45,-144.759995,-11.48,1770467864.989963
0.301096,0.51484,0.115412,4.97,-131.949997,-9.45,1770467864.997565
0.283528,0.417484,0.047824,13.86,-119.419998,-5.95,1770467865.00556
0.262788,0.324276,-0.01586,17.360001,-104.019997,-14.14,1770467865.013524
0.241316,0.241316,-0.06832,25.41,-86.870003,-10.71,1770467865.02165
0.224968,0.144204,-0.082228,24.08,-67.339996,-15.96,1770467865.029555
0.218136,0.025132,-0.060268,28.77,-42.0,-21.0,1770467865.03753
0.258884,-0.11956,0.01952,37.52,-16.52,-26.950001,1770467865.04558
0.329644,-0.2501,0.17568,52.779999,10.43,-33.110001,1770467865.053582
0.447984,-0.25742,0.440176,79.730003,38.290001,-27.16,1770467865.061571
0.499468,-0.397964,0.864248,95.900002,69.300003,-18.969999,1770467865.069857
0.488732,-0.408944,1.230004,116.760002,107.870003,-19.6,1770467865.07754
0.40992,-0.381616,1.494988,133.630005,146.720001,-15.82,1770467865.085537
0.2135,-0.278892,1.794132,129.639999,175.139999,-17.85,1770467865.093535
0.033428,-0.040016,2.120116,108.010002,185.289993,-17.08,1770467865.101582
-0.23302,0.111264,2.364848,74.970001,169.399994,-17.639999,1770467865.109577
-0.463112,0.13786,2.384368,38.290001,139.369995,-18.9,1770467865.117531
-0.645624,0.119316,2.238944,13.44,101.639999,-19.110001,1770467865.125537
-0.737124,0.108824,1.983232,-5.67,68.809998,-23.17,1770467865.133538
-0.825696,0.13054,1.728496,-18.690001,57.959999,-43.889999,1770467865.141587
-0.79788,0.232288,1.548912,-25.129999,50.540001,-50.959999,1770467865.14955
-0.780068,0.339648,1.429108,-34.09,49.07,-65.589996,1770467865.157526
-0.783728,0.437004,1.27368,-38.57,49.84,-72.099998,1770467865.165703
-0.778604,0.470676,1.093364,-44.799999,50.400002,-82.389999,1770467865.173541
-0.768356,0.465308,0.910608,-41.650002,46.060001,-90.370003,1770467865.181581
-0.755668,0.487756,0.748348,-34.93,31.99,-90.93,1770467865.189544
-0.741028,0.504836,0.60878,-23.1,9.1,-99.68,1770467865.197531
-0.762744,0.5673,0.469212,-10.43,-17.360001,-110.529999,1770467865.20554
-0.615124,0.719068,0.315248,1.47,-45.150002,-102.620003,1770467865.213533
-0.569984,0.839848,0.25376,9.45,-76.650002,-87.220001,1770467865.221609
-0.49898,0.88572,0.207644,3.08,-109.830002,-81.970001,1770467865.229626
-0.395524,0.879376,0.173972,-5.32,-137.690002,-82.529999,1770467865.23752
-0.264984,0.8235,0.148108,-3.01,-158.830002,-77.629997,1770467865.245548
-0.111508,0.711016,0.151524,2.1,-171.990005,-74.480003,1770467865.253543
-0.033428,0.565836,0.150792,13.23,-174.369995,-58.029999,1770467865.261554
0.020252,0.46726,0.145912,23.73,-164.429993,-48.16,1770467865.269594
0.072468,0.360144,0.184464,33.740002,-145.880005,-33.18,1770467865.277539
0.092476,0.236192,0.269864,42.07,-118.790001,-23.59,1770467865.285523
0.118584,0.1037,0.443348,57.959999,-82.809998,-16.52,1770467865.293534
0.112484,0.019276,0.699304,77.0,-40.25,-14.98,1770467865.301592
0.0366,0.006344,1.00894,93.660004,5.53,-11.27,1770467865.309666
-0.126148,0.059536,1.400804,100.660004,35.419998,-17.08,1770467865.31754
-0.35868,0.142008,1.856108,88.970001,43.540001,-25.200001,1770467865.325542
-0.652212,0.208376,2.317512,64.959999,32.060001,-35.630001,1770467865.333554
-0.853512,0.127368,2.493192,34.860001,0.84,-37.310001,1770467865.341683
-1.051884,-0.039528,2.357772,4.69,-38.43,-46.48,1770467865.349559
-1.048468,-0.270108,2.182336,-27.23,-81.339996,-48.509998,1770467865.357539
-0.861076,-0.403332,1.95322,-52.57,-120.68,-65.449997,1770467865.365704
-0.589504,-0.289384,1.82878,-64.610001,-141.399994,-59.849998,1770467865.373585
-0.331108,-0.179096,1.744356,-76.440002,-154.559998,-59.709999,1770467865.381582
-0.12932,-0.044652,1.612596,-88.199997,-153.720001,-55.860001,1770467865.389561
0.029524,0.112484,1.464244,-94.849998,-147.070007,-57.049999,1770467865.397542
0.111508,0.24034,1.301984,-100.309998,-132.089996,-61.32,1770467865.40556
0.1159,0.249124,1.104344,-111.510002,-108.989998,-66.150002,1770467865.413619
0.158356,0.2867,0.909144,-110.879997,-106.68,-73.290001,1770467865.421586
0.30012,0.536068,0.670512,-84.629997,-97.720001,-29.540001,1770467865.429552
0.259616,0.454328,0.549732,-79.099998,-88.410004,-18.549999,1770467865.43758
0.239364,0.482632,0.390156,-69.230003,-83.230003,-7.63,1770467865.445539
0.233996,0.46116,0.257664,-56.139999,-78.400002,-0.84,1770467865.453545
0.2135,0.423828,0.14518,-38.779999,-74.410004,9.52,1770467865.461664
0.196908,0.39162,0.070272,-23.309999,-69.580002,12.32,1770467865.469565
0.188124,0.361364,0.013664,-8.33,-62.02,12.53,1770467865.477544
0.18544,0.31598,-0.01342,3.64,-51.869999,15.26,1770467865.48566
0.200324,0.230824,-0.00732,13.58,-40.110001,10.43,1770467865.493539
0.245708,0.109312,0.023668,25.549999,-26.32,4.48,1770467865.501578
0.306952,-0.02928,0.08418,43.119999,-10.57,1.4,1770467865.509546
0.36234,-0.147376,0.193004,64.330002,10.85,-6.16,1770467865.517572
0.428708,-0.216428,0.361364,90.860001,32.200001,-6.93,1770467865.525631
0.504348,-0.355996,0.597068,105.769997,51.869999,-8.4,1770467865.533538
0.539728,-0.390644,0.869616,121.099998,70.629997,-1.47,1770467865.541581
0.561688,-0.42212,1.156316,131.110001,91.699997,0.98,1770467865.549563
0.55144,-0.45628,1.43594,138.320007,113.260002,8.82,1770467865.557543
0.472872,-0.478728,1.733132,137.759995,123.620003,16.379999,1770467865.565558
0.359412,-0.404308,1.93004,124.18,122.989998,27.16,1770467865.573594
0.234728,-0.322324,2.087908,108.57,111.650002,45.220001,1770467865.581592
0.138836,-0.306464,2.159644,81.900002,91.489998,57.189999,1770467865.589561
0.010004,-0.271084,2.109868,64.75,76.089996,58.029999,1770467865.597531
-0.1403,-0.138592,2.001044,49.630001,83.370003,50.119999,1770467865.605552
-0.258396,0.03782,1.864404,33.110001,108.989998,32.830002,1770467865.613625
-0.3843,0.233752,1.73362,16.1,136.360001,9.52,1770467865.621584
-0.54168,0.394304,1.606008,0.35,165.270004,-17.99,1770467865.62955
-0.63684,0.528504,1.413248,-19.110001,181.300003,-44.73,1770467865.637539
-0.73688,0.621712,1.210972,-31.57,181.860001,-63.98,1770467865.645545
-0.81984,0.650992,0.962336,-46.34,170.380005,-81.269997,1770467865.653541
-0.82838,0.676856,0.659532,-45.639999,145.320007,-80.849998,1770467865.66158
-0.874008,0.649528,0.450668,-42.700001,109.620003,-78.120003,1770467865.669566
-0.862052,0.653676,0.30622,-37.099998,70.279999,-83.510002,1770467865.677543
-0.823256,0.657336,0.225456,-30.450001,25.620001,-80.150002,1770467865.685587
-0.707356,0.771528,0.154696,-29.190001,-16.450001,-69.720001,1770467865.693544
-0.609512,0.838628,0.14762,-32.689999,-58.310001,-56.84,1770467865.701571
-0.504348,0.870836,0.122,-42.91,-96.879997,-44.799999,1770467865.709593
-0.379176,0.876692,0.066368,-49.98,-129.220001,-43.68,1770467865.717543
-0.251564,0.8601,0.004148,-51.799999,-157.639999,-35.560001,1770467865.725545
-0.144936,0.790804,-0.018544,-53.41,-178.5,-26.040001,1770467865.733611
-0.067832,0.674172,0.00488,-53.41,-184.869995,-17.780001,1770467865.741578
0.003416,0.554856,0.060268,-52.57,-178.080002,-12.18,1770467865.749629
0.102724,0.413824,0.145424,-44.099998,-158.970001,-9.24,1770467865.757541
0.198372,0.245708,0.325496,-23.59,-127.75,3.78,1770467865.765844
0.265472,0.095892,0.572424,2.8,-83.300003,9.94,1770467865.773626
0.259372,-0.004148,0.843996,33.110001,-29.120001,18.48,1770467865.781574
0.196176,-0.0183,1.132404,57.75,27.65,23.799999,1770467865.789585
0.048556,0.00244,1.47498,80.989998,73.779999,20.860001,1770467865.797594
-0.196176,0.085644,1.96298,95.059998,98.980003,11.9,1770467865.80555
-0.527772,0.186172,2.597136,84.980003,107.239998,-8.54,1770467865.813607
-0.760792,0.165676,2.861144,59.009998,84.629997,-16.379999,1770467865.821628
-0.810812,-0.00122,2.65106,29.120001,19.18,-13.23,1770467865.829562
-0.808128,-0.122,2.347524,11.34,-57.400002,-1.82,1770467865.837538
-0.785924,-0.199104,2.16062,-10.01,-111.089996,-3.29,1770467865.845545
-0.587552,-0.20252,1.917596,-41.790001,-142.169998,-5.32,1770467865.853548
-0.448716,-0.303292,1.675792,-63.630001,-154.490005,-9.24,1770467865.86166
-0.2257,-0.227652,1.405196,-76.230003,-154.559998,-8.89,1770467865.869567
-0.054656,-0.172264,1.215608,-79.589996,-144.550003,-0.14,1770467865.877572
0.057828,-0.099552,1.045052,-80.57,-130.199997,-1.61,1770467865.885665
0.1403,-0.013908,0.8845,-86.099998,-110.459999,5.46,1770467865.89354
0.169336,0.042944,0.751764,-86.309998,-91.139999,7.49,1770467865.901577
0.15616,0.056608,0.639768,-87.989998,-72.800003,11.06,1770467865.909553
0.232044,-0.017568,0.523868,-87.989998,-62.09,5.67,1770467865.917554
0.418704,0.13298,0.367952,-70.279999,-65.309998,14.56,1770467865.925551
0.259372,0.185928,0.345992,-52.43,-59.220001,36.82,1770467865.933546
0.249124,0.179584,0.2989,-42.07,-59.290001,43.75,1770467865.941579
0.233508,0.221796,0.24034,-34.439999,-56.98,48.439999,1770467865.949555
0.218136,0.238388,0.182512,-24.43,-48.650002,55.720001,1770467865.957529
0.21228,0.223748,0.13664,-14.77,-42.77,56.07,1770467865.965581
0.217404,0.184464,0.118096,-10.22,-37.240002,52.639999,1770467865.973665
0.237656,0.103456,0.125416,-1.33,-29.120001,42.77,1770467865.982142
0.26596,0.0,0.167628,7.35,-20.860001,31.92,1770467865.990095
0.312564,-0.095892,0.255712,19.110001,-11.06,22.33,1770467865.997551
0.381372,-0.180072,0.418948,38.990002,2.1,11.06,1770467866.005565
0.459696,-0.238632,0.64904,59.43,19.6,2.59,1770467866.013549
0.540216,-0.342576,0.919148,79.870003,37.099998,-1.96,1770467866.021741
0.589504,-0.430172,1.16876,94.220001,58.869999,2.66,1770467866.029555
0.5551,-0.50142,1.428132,105.07,81.059998,-1.47,1770467866.03753
0.589748,-0.498736,1.639192,106.82,100.940002,0.42,1770467866.045586
0.55144,-0.386008,1.866356,100.029999,115.919998,8.26,1770467866.053546
0.476288,-0.292312,2.000556,85.050003,119.699997,24.709999,1770467866.061666
0.38552,-0.247172,2.023736,66.639999,109.269997,42.279999,1770467866.069592
0.231556,-0.244732,1.933212,50.049999,100.730003,52.009998,1770467866.077554
0.066368,-0.204472,1.76656,42.07,101.779999,57.470001,1770467866.085649
-0.110776,-0.044652,1.624064,29.75,117.809998,47.599998,1770467866.093533
-0.234972,0.114436,1.513776,18.9,139.649994,36.330002,1770467866.101568
-0.405772,0.286944,1.422276,6.58,158.970001,18.83,1770467866.109605
-0.537044,0.406748,1.344196,-7.21,170.380005,-1.05,1770467866.117541
-0.62342,0.479948,1.248792,-21.0,166.669998,-16.17,1770467866.125536
-0.709064,0.515816,1.089948,-33.459999,151.410004,-30.309999,1770467866.133542
-0.756156,0.5307,0.893284,-34.369999,125.650002,-35.84,1770467866.141661
-0.776896,0.545584,0.68442,-30.52,91.629997,-38.990002,1770467866.149622
-0.794464,0.554124,0.525088,-14.56,59.080002,-43.330002,1770467866.157539
-0.743956,0.647332,0.415532,0.42,28.42,-42.209999,1770467866.165538
-0.65758,0.75518,0.352824,14.56,-1.12,-30.24,1770467866.173536
-0.602924,0.830576,0.305976,18.76,-31.15,-16.73,1770467866.181578
-0.515328,0.910852,0.22814,16.940001,-58.099998,-6.23,1770467866.18955
-0.398452,0.942084,0.14518,11.9,-84.209999,3.01,1770467866.197534
-0.29524,0.898164,0.056852,8.96,-112.769997,12.32,1770467866.205539
-0.219356,0.836432,-0.0183,2.45,-132.720001,19.74,1770467866.213589
-0.154208,0.743224,-0.04636,-1.89,-142.309998,28.700001,1770467866.221572
-0.097112,0.610732,-0.030988,-12.53,-140.279999,38.919998,1770467866.229548
-0.035624,0.475068,0.043188,-18.969999,-129.639999,39.48,1770467866.237536
0.028548,0.318664,0.201544,-20.370001,-110.32,43.75,1770467866.245541
0.060756,0.130296,0.452132,-14.35,-84.980003,39.900002,1770467866.25355
0.040748,0.009272,0.72224,0.0,-54.110001,39.27,1770467866.261632
-0.029036,-0.111752,1.0492,17.290001,-23.24,35.98,1770467866.269639
-0.150548,-0.187392,1.455704,36.540001,-4.34,32.619999,1770467866.277539
-0.344772,-0.213988,1.989088,48.02,3.08,16.24,1770467866.285519
-0.504104,-0.193492,2.540284,44.66,-2.45,-11.34,1770467866.293536
-0.615124,-0.146888,2.959232,25.41,-22.26,-22.82,1770467866.3016
-0.659044,-0.256444,2.907504,-3.43,-52.360001,-25.27,1770467866.309569
-0.5917,-0.404552,2.643496,-28.98,-91.699997,-29.68,1770467866.317549
-0.39772,-0.437736,2.397544,-42.77,-121.449997,-30.870001,1770467866.325544
-0.194224,-0.38308,2.11304,-62.580002,-131.880005,-26.32,1770467866.333579
-0.006588,-0.284748,1.806332,-70.769997,-131.669998,-16.1,1770467866.341655
0.119316,-0.166896,1.524756,-74.550003,-124.879997,-7.35,1770467866.349646
0.191052,-0.040016,1.288808,-66.779999,-112.209999,-5.67,1770467866.357549
0.198372,0.068808,1.107028,-58.450001,-92.889999,-5.04,1770467866.365547
0.32086,0.148596,0.954772,-59.080002,-88.199997,-5.6,1770467866.373682
0.383812,0.52338,0.770552,-38.57,-79.870003,26.6,1770467866.381584
0.413092,0.416996,0.760792,-35.98,-67.690002,42.139999,1770467866.389565
0.395768,0.437492,0.615856,-35.560001,-56.77,49.139999,1770467866.39759
0.373076,0.405772,0.468236,-23.24,-46.130001,57.330002,1770467866.405533
0.349408,0.358924,0.354044,-7.7,-36.189999,53.970001,1770467866.413593
0.322812,0.340624,0.264496,12.18,-23.450001,59.57,1770467866.421574
0.28914,0.354288,0.19398,28.07,-10.57,59.919998,1770467866.42955
0.252052,0.390888,0.147376,36.049999,2.24,58.450001,1770467866.437542
0.214476,0.42334,0.093696,43.330002,15.75,60.130001,1770467866.445587
0.180804,0.434564,0.046848,39.130001,24.290001,56.349998,1770467866.453561
0.15616,0.399672,0.010736,33.18,29.959999,56.139999,1770467866.461571
0.143228,0.331596,0.00854,24.43,31.85,49.490002,1770467866.469702
0.134932,0.208132,0.043188,18.76,31.01,40.25,1770467866.477536
0.147864,0.072956,0.110532,19.879999,27.51,28.629999,1770467866.485546
0.182268,-0.037332,0.230336,22.33,26.459999,13.37,1770467866.493545
0.239364,-0.16714,0.46482,33.529999,27.51,7.91,1770467866.501609
0.284748,-0.296216,0.76738,37.310001,30.73,2.59,1770467866.509564
0.24644,-0.467016,1.150704,33.810001,33.110001,-18.620001,1770467866.517545
0.282796,-0.630496,1.530368,25.9,37.310001,-31.08,1770467866.525558
0.370392,-0.712724,1.811456,18.200001,37.380001,-22.469999,1770467866.53353
0.461892,-0.795196,2.01422,11.55,29.4,-5.39,1770467866.54161
0.51728,-0.78934,2.069364,6.44,23.309999,15.33,1770467866.549701
0.441884,-0.63562,1.940532,10.08,34.02,28.0,1770467866.557563
0.327692,-0.494344,1.766316,19.459999,56.0,29.26,1770467866.565553
0.235216,-0.346968,1.69824,26.110001,91.629997,22.33,1770467866.573639
0.142008,-0.148596,1.730204,31.43,129.919998,14.98,1770467866.581586
0.003172,0.109556,1.773392,25.129999,165.059998,14.28,1770467866.589553
-0.127612,0.309148,1.777296,13.58,183.050003,8.75,1770467866.597511
-0.353068,0.593164,1.66652,-2.8,184.240005,-3.01,1770467866.605543
-0.508984,0.676856,1.53964,-11.41,173.809998,-18.969999,1770467866.613541
-0.516304,0.857904,1.291492,-13.09,157.5,-9.45,1770467866.621587
-0.666608,0.891576,1.097024,-17.639999,123.970001,-1.26,1770467866.62957
-0.726144,0.903288,0.850584,-18.9,80.779999,-10.78,1770467866.637543
-0.725412,0.876936,0.648796,-15.47,41.720001,-6.65,1770467866.645526
-0.687592,0.845704,0.49166,-6.02,11.97,-6.16,1770467866.653579
-0.622444,0.831064,0.3843,5.46,-9.59,4.27,1770467866.661613
-0.52582,0.81374,0.299632,15.4,-28.42,9.66,1770467866.669579
-0.439688,0.804468,0.20862,21.559999,-45.709999,23.799999,1770467866.677551
-0.370148,0.797392,0.114436,26.67,-62.369999,32.41,1770467866.685551
-0.293288,0.8052,0.013664,21.91,-76.440002,37.240002,1770467866.693599
-0.213744,0.802516,-0.08052,18.690001,-90.650002,51.939999,1770467866.701576
-0.151524,0.767624,-0.138592,15.96,-101.849998,59.43,1770467866.709561
-0.102724,0.700768,-0.13786,3.99,-109.620003,63.139999,1770467866.717535
-0.047824,0.595116,-0.069052,-7.35,-110.669998,60.34,1770467866.725548
0.012444,0.443348,0.09638,-17.639999,-102.690002,52.150002,1770467866.733588
0.070516,0.251808,0.334036,-19.110001,-90.089996,39.41,1770467866.741568
0.083448,0.084668,0.651968,-18.41,-69.650002,25.9,1770467866.749596
0.094916,-0.102724,1.041148,-10.99,-49.560001,15.82,1770467866.75755
0.054412,-0.3111,1.454484,-10.08,-36.889999,4.9,1770467866.765626
-0.322324,-0.640988,1.94224,-11.2,-9.59,-38.990002,1770467866.773625
-0.332572,-0.693204,2.341912,-6.23,4.2,-53.27,1770467866.781591
-0.376248,-0.774212,2.715964,-1.96,-5.46,-49.84,1770467866.789584
-0.4087,-0.683932,2.796972,-14.07,-27.16,-41.439999,1770467866.797632
-0.394548,-0.608536,2.598356,-31.290001,-46.48,-25.48,1770467866.8056
-0.280356,-0.571204,2.308484,-42.630001,-59.990002,-15.82,1770467866.813539
-0.153964,-0.45262,2.07278,-43.68,-59.919998,-2.38,1770467866.821607
-0.042212,-0.302316,1.841712,-46.970001,-52.779999,14.21,1770467866.829641
0.014396,-0.076128,1.616012,-42.98,-42.560001,23.24,1770467866.837542
0.049044,0.200324,1.438624,-37.52,-32.130001,31.780001,1770467866.845524
0.028792,0.311344,1.29808,-42.91,-20.65,31.43,1770467866.853549
0.011468,0.402112,1.103612,-46.619999,-13.79,23.309999,1770467866.861634
0.081252,0.602436,0.86498,-39.549999,-13.51,45.009998,1770467866.869719
0.135176,0.62708,0.799588,-24.99,-19.32,75.949997,1770467866.877547
0.127856,0.578768,0.647332,-26.18,-26.25,80.010002,1770467866.885545
0.126636,0.529724,0.491172,-23.450001,-28.77,87.220001,1770467866.893658
0.143472,0.454328,0.343064,-15.12,-31.85,90.019997,1770467866.901576
0.149328,0.41114,0.208132,-6.23,-28.07,92.050003,1770467866.909558
0.144692,0.40016,0.10126,6.58,-21.700001,94.919998,1770467866.917533
0.123464,0.398208,0.014396,15.54,-8.47,99.120003,1770467866.925545
0.105164,0.404796,-0.04758,22.33,5.67,97.019997,1770467866.933618
0.092232,0.394548,-0.081496,24.57,17.219999,97.300003,1770467866.941578
0.0732,0.371856,-0.093696,20.93,24.08,88.970001,1770467866.949606
0.074664,0.298412,-0.063928,15.54,25.969999,84.910004,1770467866.957552
0.098332,0.18666,0.002928,14.63,24.08,66.290001,1770467866.965545
0.119804,0.072224,0.13786,19.18,20.790001,46.689999,1770467866.974502
0.160308,-0.010492,0.31232,27.719999,15.33,35.139999,1770467866.981984
0.263032,-0.147376,0.632204,29.4,12.46,33.529999,1770467866.990026
0.298168,-0.287432,1.036756,23.309999,5.46,17.639999,1770467866.997563
0.245952,-0.688324,1.605032,-5.04,7.07,-12.25,1770467867.005645
0.385764,-0.885964,1.900272,-12.32,15.68,-19.32,1770467867.01354
0.46238,-1.07482,2.262368,-1.54,17.709999,-20.65,1770467867.021713
0.507764,-1.057252,2.43268,13.44,26.18,-6.65,1770467867.029575
0.500444,-0.855952,2.2692,26.110001,45.849998,17.01,1770467867.03753
0.40016,-0.571692,1.92272,28.77,67.410004,27.16,1770467867.045536
0.250832,-0.32208,1.687748,27.65,97.860001,30.66,1770467867.053534
0.107604,-0.11102,1.601616,23.309999,133.839996,29.610001,1770467867.06158
-0.023668,0.12078,1.63724,11.62,168.839996,31.360001,1770467867.069576
-0.13908,0.244976,1.737524,-7.91,189.279999,26.6,1770467867.077702
-0.348432,0.483364,1.682868,-24.219999,201.880005,13.58,1770467867.085538
-0.504348,0.545096,1.584292,-35.419998,198.520004,1.96,1770467867.093539
-0.620004,0.612684,1.389336,-40.110001,186.059998,-5.04,1770467867.101572
-0.647576,0.740296,1.164612,-37.450001,161.070007,5.81,1770467867.109544
-0.742492,0.749568,0.969168,-37.66,123.269997,3.43,1770467867.117534
-0.764452,0.759572,0.750544,-32.689999,79.730003,1.33,1770467867.125562
-0.733952,0.739076,0.578036,-24.43,33.389999,-6.44,1770467867.133674
-0.658068,0.701988,0.430904,-6.23,-5.25,-3.85,1770467867.141536
-0.562664,0.665876,0.291824,6.86,-36.959999,0.42,1770467867.14976
-0.460428,0.637328,0.171044,25.76,-61.459999,7.35,1770467867.157538
-0.374052,0.61244,0.079788,42.349998,-84.209999,14.77,1770467867.165548
-0.287432,0.61,0.011224,51.310001,-98.629997,21.209999,1770467867.173589
-0.191784,0.62342,-0.034404,57.889999,-110.529999,29.959999,1770467867.181575
-0.081252,0.635864,-0.080276,61.880001,-120.610001,32.549999,1770467867.189542
0.001464,0.605608,-0.103212,57.540001,-128.240005,43.119999,1770467867.197534
0.060268,0.570472,-0.096136,52.290001,-130.550003,47.459999,1770467867.205537
0.101016,0.55266,-0.053436,37.240002,-119.769997,49.349998,1770467867.213586
0.16226,0.486536,0.092964,25.9,-98.419998,44.869999,1770467867.221572
0.23546,0.38918,0.321104,18.200001,-69.790001,36.189999,1770467867.229547
0.26352,0.256932,0.615124,12.88,-36.889999,19.950001,1770467867.237532
0.208864,0.10004,0.977952,4.9,0.63,2.59,1770467867.24552
0.050996,-0.05978,1.296128,-3.92,50.959999,-12.74,1770467867.25355
-0.063196,-0.204716,1.692384,-3.22,98.980003,-13.3,1770467867.261604
-0.139568,-0.4392,2.399496,3.43,120.959999,-9.66,1770467867.26961
-0.619272,-0.824232,3.047804,-1.33,132.720001,-32.48,1770467867.277697
-0.792756,-0.776408,3.187616,-3.92,120.82,-37.169998,1770467867.285523
-0.942816,-0.831064,2.916776,-15.68,81.970001,-13.02,1770467867.293535
-0.98576,-0.802272,2.533452,-27.299999,28.629999,-8.33,1770467867.301576
-0.910852,-0.55266,2.165744,-42.91,-30.73,1.12,1770467867.309552
-0.74664,-0.272792,1.846836,-59.990002,-80.080002,-0.56,1770467867.317541
-0.507276,-0.05856,1.62504,-68.879997,-109.760002,3.43,1770467867.325601
-0.260104,0.09882,1.430084,-78.75,-122.639999,5.81,1770467867.333588
-0.055876,0.210816,1.231956,-81.620003,-124.25,13.23,1770467867.341571
0.02196,0.18788,1.04066,-82.669998,-115.080002,18.48,1770467867.349582
0.072224,0.140056,0.841068,-82.32,-99.120003,14.14,1770467867.357579
0.495564,0.538996,0.501176,-58.66,-97.510002,37.450001,1770467867.365557
0.32086,0.375028,0.505812,-30.66,-82.529999,69.230003,1770467867.373614
0.311344,0.343796,0.399916,-15.89,-71.75,78.889999,1770467867.381592
0.301096,0.355752,0.264496,-5.53,-55.860001,80.919998,1770467867.389551
0.284016,0.36356,0.121756,3.01,-41.02,85.190002,1770467867.397532
0.253028,0.399428,-0.010004,13.44,-27.860001,83.160004,1770467867.405541
0.22692,0.431392,-0.110776,14.63,-15.33,81.269997,1770467867.413587
0.199592,0.457744,-0.173484,17.01,-3.43,76.089996,1770467867.421577
0.187636,0.461648,-0.191296,17.85,9.66,71.470001,1770467867.429552
0.195688,0.427732,-0.149572,18.969999,22.4,64.330002,1770467867.437539
0.224724,0.37088,-0.058316,23.24,35.209999,51.52,1770467867.445528
0.265472,0.33428,0.10004,25.059999,47.389999,37.380001,1770467867.453566
0.314028,0.278648,0.336232,25.690001,57.119999,28.209999,1770467867.461586
0.368684,0.180316,0.632204,24.15,64.610001,18.620001,1770467867.469556
0.391376,0.05856,0.953308,18.620001,78.400002,10.5,1770467867.477595
0.367952,-0.05124,1.29076,25.549999,96.599998,2.8,1770467867.485534
0.349164,-0.211792,1.617232,35.349998,121.099998,-5.6,1770467867.49354
0.30012,-0.317932,1.888316,45.990002,141.75,-4.55,1770467867.501577
0.219844,-0.451888,2.147688,46.900002,149.309998,-4.27,1770467867.509555
0.065148,-0.521184,2.346304,42.07,149.029999,12.25,1770467867.517598
-0.078812,-0.637084,2.411208,40.529999,143.850006,26.6,1770467867.525587
-0.432124,-0.770552,2.302628,25.549999,134.75,26.67,1770467867.533566
-0.464576,-0.553148,2.008852,21.209999,126.839996,23.73,1770467867.541575
-0.60146,-0.39772,1.812188,12.88,125.720001,22.959999,1770467867.549583
-0.719556,-0.266692,1.6531,-0.56,127.400002,17.290001,1770467867.557539
-0.798368,-0.134444,1.522316,-8.05,131.600006,6.86,1770467867.565702
-0.837164,0.007564,1.406904,-23.24,133.419998,-5.74,1770467867.573634
-0.852292,0.146156,1.300276,-31.360001,128.309998,-13.09,1770467867.581585
-0.859612,0.257176,1.197796,-47.529999,115.5,-18.059999,1770467867.589567
-0.845948,0.313784,1.06018,-62.23,97.230003,-28.98,1770467867.59757
-0.813252,0.328668,0.9028,-70.349998,71.75,-35.630001,1770467867.605545
-0.759084,0.32086,0.740784,-74.760002,40.880001,-44.59,1770467867.613541
-0.686372,0.29158,0.567544,-66.290001,10.5,-48.790001,1770467867.621575
-0.597556,0.275476,0.423096,-52.990002,-18.690001,-53.759998,1770467867.629551
-0.504348,0.264984,0.308172,-35.349998,-45.57,-54.810001,1770467867.637564
-0.4148,0.241804,0.234484,-20.65,-70.559998,-53.34,1770467867.645667
-0.397964,0.324276,0.145668,-10.22,-87.220001,-58.380001,1770467867.653571
-0.259372,0.39772,0.088084,6.23,-96.32,-46.130001,1770467867.661576
-0.173728,0.454084,0.055388,15.75,-108.290001,-19.25,1770467867.669564
-0.121512,0.491904,0.04392,18.76,-122.43,-5.53,1770467867.677562
-0.062464,0.5185,0.054656,20.65,-136.639999,5.95,1770467867.685551
0.030744,0.555588,0.077348,19.18,-148.75,24.780001,1770467867.693542
0.077348,0.53558,0.139812,13.23,-150.639999,32.619999,1770467867.70161
0.145668,0.486048,0.266448,5.53,-140.979996,41.299999,1770467867.70956
0.211792,0.412848,0.461892,2.24,-113.050003,44.099998,1770467867.717545
0.270108,0.351604,0.692472,5.67,-68.459999,46.900002,1770467867.725546
0.297192,0.29402,0.926224,8.33,-10.22,48.23,1770467867.733558
0.253028,0.226188,1.133136,15.47,51.169998,48.93,1770467867.741626
0.115656,0.16226,1.339072,22.68,108.709999,37.240002,1770467867.7497
-0.116876,0.146644,1.649196,29.889999,160.509995,11.97,1770467867.757538
-0.33062,0.044896,2.050576,33.110001,201.949997,0.07,1770467867.765567
-0.479704,-0.11468,2.311656,27.860001,210.910004,4.34,1770467867.773576
-0.71248,-0.235704,2.432924,33.950001,184.940002,23.1,1770467867.781583
-1.131672,-0.638548,2.373388,6.3,163.589996,22.190001,1770467867.789724
-1.13582,-0.662704,2.105476,-8.19,109.970001,9.87,1770467867.797621
-1.141188,-0.663436,1.819508,-19.879999,47.880001,18.83,1770467867.805568
-1.073844,-0.567788,1.512068,-34.16,-14.42,17.57,1770467867.813547
-0.915732,-0.437248,1.288076,-41.509998,-64.400002,18.48,1770467867.82158
-0.700036,-0.285236,1.133624,-45.360001,-98.209999,18.83,1770467867.829553
-0.49654,-0.159332,0.994788,-49.77,-118.089996,20.370001,1770467867.837539
-0.314272,-0.070516,0.865468,-49.209999,-126.839996,26.67,1770467867.845533
-0.158112,-0.00244,0.743712,-55.02,-126.980003,31.780001,1770467867.853594
-0.0366,0.085156,0.626348,-50.68,-124.110001,42.279999,1770467867.861578
0.039772,0.152988,0.513132,-44.240002,-119.629997,48.16,1770467867.869601
0.05856,0.155916,0.412116,-42.560001,-110.879997,48.580002,1770467867.87756
0.062952,0.161772,0.308416,-38.779999,-98.629997,40.740002,1770467867.885546
0.185196,0.22204,0.237412,-31.08,-105.910004,31.780001,1770467867.893544
0.23668,0.333792,0.140788,-7.35,-96.459999,56.98,1770467867.901654
0.203496,0.375028,0.077836,0.77,-87.010002,56.98,1770467867.909587
0.178852,0.390644,0.016592,13.23,-73.639999,53.759998,1770467867.917546
0.17568,0.370148,-0.009272,22.120001,-58.52,47.599998,1770467867.925544
0.220088,0.27572,0.048068,28.559999,-40.669998,36.259998,1770467867.933547
0.266692,0.214232,0.165676,34.16,-19.25,28.91,1770467867.941608
0.324032,0.19398,0.345748,34.650002,3.78,17.5,1770467867.949683
0.388204,0.199104,0.584868,27.65,29.33,8.4,1770467867.957542
0.438224,0.17934,0.842532,19.879999,54.110001,1.54,1770467867.965549
0.455548,0.114924,1.065792,10.85,81.339996,-4.2,1770467867.978462
0.396744,0.067832,1.273436,11.55,112.279999,-11.34,1770467867.981754
0.304268,-0.015372,1.498892,23.450001,147.279999,-14.42,1770467867.989888
0.199836,-0.044652,1.750456,32.619999,179.970001,-14.84,1770467867.997752
0.117852,-0.00976,2.0923,35.209999,196.419998,-4.55,1770467868.005792
-0.059048,-0.082472,2.483432,24.639999,197.399994,5.11,1770467868.013752
-0.284748,-0.20984,2.562,16.73,183.960007,20.860001,1770467868.02179
-0.444568,-0.210816,2.366068,11.2,152.320007,39.060001,1770467868.02979
-0.697108,-0.281332,2.130608,4.9,120.400002,48.93,1770467868.037745
-0.865956,-0.295484,1.76168,-14.98,108.43,29.4,1770467868.045746
-0.86986,-0.263764,1.494744,-17.01,92.400002,12.32,1770467868.053758
-0.906216,-0.15372,1.32004,-10.99,84.769997,6.93,1770467868.061766
-0.937936,-0.067344,1.178032,-11.76,81.059998,-2.03,1770467868.069893
-0.956724,-0.050752,1.043832,-21.139999,78.330002,-14.49,1770467868.077762
-0.931104,-0.036356,0.893772,-36.75,70.419998,-22.68,1770467868.085762
-0.86132,-0.022692,0.759328,-49.560001,57.959999,-34.439999,1770467868.093753
-0.798368,-0.007076,0.671,-49.349998,40.389999,-38.080002,1770467868.101758
-0.738832,0.003172,0.6039,-49.630001,23.309999,-43.75,1770467868.109756
-0.680272,0.034892,0.52826,-40.529999,4.2,-45.779999,1770467868.117762
-0.623908,0.09028,0.438712,-31.57,-16.799999,-46.41,1770467868.125763
-0.55144,0.164944,0.355996,-17.57,-32.27,-47.880001,1770467868.133752
-0.483364,0.243512,0.295484,0.07,-48.23,-43.119999,1770467868.141754
-0.45384,0.312564,0.250344,14.98,-60.970001,-41.860001,1770467868.149751
-0.31842,0.445544,0.192516,32.900002,-71.330002,-32.34,1770467868.157751
-0.274744,0.502884,0.188612,50.540001,-85.120003,-15.4,1770467868.165749
-0.227164,0.53802,0.19642,57.959999,-95.129997,0.35,1770467868.173807
-0.159576,0.554612,0.192028,66.849998,-108.43,13.79,1770467868.181752
-0.09882,0.534604,0.215696,69.089996,-121.870003,24.360001,1770467868.189788
-0.0366,0.5063,0.237412,72.169998,-133.350006,25.34,1770467868.197754
0.02074,0.488,0.26718,62.650002,-141.610001,24.43,1770467868.205756
0.084912,0.444812,0.354288,47.459999,-143.779999,25.549999,1770467868.213751
0.109312,0.39894,0.522648,27.719999,-124.110001,31.08,1770467868.22175
0.119316,0.335012,0.732976,7.42,-83.440002,36.470001,1770467868.229829
0.079788,0.190564,0.921832,-4.69,-27.58,41.09,1770467868.237753
-0.02318,-0.033428,1.05042,-7.98,27.860001,43.330002,1770467868.245738
-0.118828,-0.133468,1.185596,-1.68,70.209999,38.5,1770467868.253756
-0.278648,-0.187392,1.554036,22.190001,96.949997,41.09,1770467868.261754
-0.649284,-0.42212,2.03496,18.200001,127.610001,6.86,1770467868.269756
-0.742004,-0.412116,2.336056,25.129999,122.080002,4.13,1770467868.277778
-0.900848,-0.458232,2.3546,26.67,94.709999,5.81,1770467868.285768
-0.992592,-0.466772,2.214056,22.959999,52.43,11.97,1770467868.293855
-0.989908,-0.38918,2.048136,13.02,0.84,-1.26,1770467868.301872
-0.880352,-0.299876,1.850496,-5.46,-50.68,-5.6,1770467868.3098
-0.704184,-0.203008,1.657004,-17.01,-87.290001,-11.13,1770467868.317757
-0.49898,-0.104432,1.49694,-29.540001,-113.68,-11.48,1770467868.325763
-0.27938,-0.032696,1.34444,-38.43,-127.400002,-11.27,1770467868.333761
-0.088816,0.055388,1.173884,-39.48,-132.860001,-4.27,1770467868.341758
0.048312,0.137616,1.006012,-32.900002,-129.639999,4.69,1770467868.349766
0.09028,0.11468,0.861808,-19.32,-116.410004,2.17,1770467868.357758
0.113216,0.098332,0.704184,-6.09,-92.75,1.89,1770467868.365762
0.339648,0.426512,0.513864,24.99,-94.220001,21.42,1770467868.37379
0.347944,0.323788,0.510448,45.849998,-80.639999,40.950001,1770467868.381881
0.332572,0.350872,0.410164,49.77,-61.459999,42.139999,1770467868.389808
0.31476,0.397232,0.29646,46.549999,-43.470001,47.25,1770467868.397757
0.291336,0.436028,0.174948,39.619999,-24.01,43.610001,1770467868.405767
0.252296,0.494832,0.035624,31.360001,-8.68,47.110001,1770467868.413792
0.213012,0.543388,-0.078812,27.65,8.33,36.75,1770467868.421885
0.191052,0.55022,-0.145912,19.67,22.190001,33.110001,1770467868.429802
0.197152,0.518012,-0.156648,18.48,35.630001,20.16,1770467868.437751
0.219112,0.463844,-0.083204,14.28,48.650002,16.17,1770467868.445744
0.24156,0.410164,0.08418,6.23,67.620003,7.84,1770467868.453764
0.269132,0.36844,0.352336,-4.2,94.010002,6.3,1770467868.461758
0.276696,0.259616,0.682712,-20.440001,121.660004,11.41,1770467868.469822
0.227408,0.053192,0.988444,-36.330002,155.539993,11.2,1770467868.478099
0.122488,-0.127612,1.234152,-41.02,188.580002,12.18,1770467868.485766
-0.0061,-0.221796,1.530368,-31.57,214.339996,13.02,1770467868.49376
-0.153232,-0.315736,1.918328,-19.32,224.279999,19.6,1770467868.501749
-0.396012,-0.385276,2.347036,-16.030001,225.259995,23.870001,1770467868.509808
-0.719556,-0.482876,2.57664,-15.05,220.360001,30.940001,1770467868.517766
-1.006744,-0.628056,2.473916,-18.200001,197.190002,17.780001,1770467868.52578
-1.076772,-0.636352,2.040572,-15.26,153.020004,15.26,1770467868.533751
-1.187792,-0.5185,1.657736,-13.09,108.989998,14.91,1770467868.541761
-1.236104,-0.383324,1.446188,-14.56,77.07,9.87,1770467868.549763
-1.19926,-0.193736,1.361764,-8.96,51.73,0.28,1770467868.557873
-1.1041,0.026108,1.312964,-10.57,32.759998,-6.65,1770467868.565762
-1.00528,0.21106,1.215852,-20.09,20.09,-14.14,1770467868.573771
-0.90768,0.314516,1.089704,-27.23,11.2,-22.68,1770467868.581768
-0.8113,0.376248,0.953552,-37.52,4.13,-30.1,1770467868.589772
-0.706136,0.395524,0.823256,-41.09,-4.06,-39.900002,1770467868.597783
-0.600728,0.393084,0.713456,-38.360001,-17.85,-45.57,1770467868.605848
-0.510448,0.365268,0.642208,-34.93,-30.450001,-50.68,1770467868.613765
-0.455304,0.398696,0.56364,-21.209999,-43.259998,-56.279999,1770467868.621762
-0.39406,0.337696,0.510204,-13.23,-52.57,-61.18,1770467868.629844
-0.260592,0.42334,0.403332,5.32,-64.470001,-43.330002,1770467868.63776
-0.237412,0.430416,0.348188,20.299999,-74.339996,-34.23,1770467868.645743
-0.204716,0.442616,0.28792,30.59,-83.440002,-33.18,1770467868.653763
-0.17568,0.43432,0.2257,41.860001,-92.190002,-27.16,1770467868.661879
-0.109068,0.4575,0.162016,50.75,-101.639999,-23.379999,1770467868.669763
-0.042944,0.45872,0.139324,61.32,-113.889999,-20.65,1770467868.67779
0.049532,0.471408,0.128344,67.059998,-125.300003,-13.23,1770467868.685805
0.106628,0.442128,0.144204,62.790001,-135.100006,-3.29,1770467868.693764
0.157136,0.42212,0.162992,61.669998,-135.309998,2.17,1770467868.701765
0.189832,0.397964,0.198128,48.09,-119.769997,10.78,1770467868.709758
0.2196,0.364536,0.322324,38.5,-87.989998,19.6,1770467868.717785
0.188124,0.30012,0.574132,25.200001,-37.310001,26.32,1770467868.725762
0.110532,0.179584,0.91256,9.87,29.4,28.07,1770467868.733759
-0.029036,0.017324,1.206336,0.21,92.75,26.950001,1770467868.741755
-0.247904,-0.130784,1.479616,-1.12,148.820007,23.030001,1770467868.749767
-0.44652,-0.185928,1.822192,21.35,182.699997,27.09,1770467868.757777
-1.286612,-0.657824,2.160864,29.68,226.940002,11.76,1770467868.76576
-1.326384,-0.579988,1.993724,30.309999,210.839996,-15.61,1770467868.773773
-1.547448,-0.569496,1.95078,31.57,145.740005,-25.059999,1770467868.781804
-1.63602,-0.582428,1.874164,13.65,54.950001,-22.4,1770467868.789878
-1.514508,-0.573888,1.845616,4.34,-43.119999,-28.42,1770467868.797793
-1.20902,-0.494344,1.829024,-0.14,-126.980003,-23.59,1770467868.805764
-0.834724,-0.355752,1.732888,-2.8,-179.619995,-19.459999,1770467868.813756
-0.47824,-0.18666,1.62748,-0.77,-210.210007,-18.549999,1770467868.821834
-0.19642,-0.00122,1.49938,-4.55,-220.5,-13.93,1770467868.829766
0.021228,0.188612,1.35908,-8.19,-214.830002,-9.94,1770467868.837794
0.120048,0.246928,1.184376,-12.88,-197.119995,-4.83,1770467868.845737
0.141764,0.218624,0.952576,-22.190001,-163.660004,-14.63,1770467868.853766
0.585112,0.649528,0.610732,-6.79,-157.850006,3.92,1770467868.861837
0.446032,0.530456,0.589016,4.9,-127.959999,34.860001,1770467868.869765
0.44774,0.564128,0.501664,6.65,-99.330002,33.389999,1770467868.87779
0.453352,0.604876,0.391376,5.04,-73.080002,42.419998,1770467868.885904
0.450424,0.60756,0.283772,-1.12,-49.700001,37.099998,1770467868.893754
0.420168,0.598044,0.183976,0.42,-30.24,31.709999,1770467868.901757
0.38918,0.583404,0.096624,-4.48,-12.88,29.959999,1770467868.909759
0.35502,0.541192,0.03416,-3.15,4.9,20.860001,1770467868.917758
0.31598,0.482876,-0.021472,-4.97,23.940001,20.860001,1770467868.925779
0.286456,0.41724,-0.078324,-7.21,42.419998,15.54,1770467868.933759
0.26474,0.31964,-0.097356,-6.65,64.75,15.05,1770467868.94176
0.256444,0.229604,-0.058804,-9.24,87.779999,13.79,1770467868.949766
0.266204,0.174216,0.07442,-3.22,113.610001,14.7,1770467868.957765
0.26962,0.129808,0.325496,5.32,142.309998,17.709999,1770467868.96578
0.253272,0.092232,0.657092,12.53,177.520004,21.42,1770467868.974492
0.18666,0.019764,1.032852,2.38,212.729996,28.700001,1770467868.982458
0.044408,-0.055876,1.300276,-3.99,243.039993,30.73,1770467868.989887
-0.129808,-0.131516,1.629676,-7.0,268.029999,29.469999,1770467868.997803
-0.33184,-0.207644,2.052772,-7.63,281.820007,34.439999,1770467869.00577
-0.540948,-0.223748,2.388516,-10.01,268.940002,46.34,1770467869.013745
-0.90524,-0.287676,2.428288,-12.46,239.820007,54.950001,1770467869.021763
-1.374696,-0.712724,2.080344,-42.349998,220.149994,28.49,1770467869.029807
-1.329556,-0.813984,1.528904,-24.43,168.279999,16.799999,1770467869.037743
-1.409832,-0.777384,1.342488,-11.06,117.389999,2.03,1770467869.045745
-1.459852,-0.559004,1.363472,6.86,75.32,-3.43,1770467869.053762
-1.401048,-0.20984,1.461072,13.23,40.669998,-19.809999,1770467869.061759
-1.26148,0.092232,1.472296,4.97,11.62,-30.030001,1770467869.069776
-1.090192,0.31476,1.36396,-7.14,-14.14,-47.18,1770467869.077889
-0.933056,0.42456,1.208044,-20.23,-27.860001,-54.110001,1770467869.085766
-0.787876,0.45384,1.031876,-29.33,-38.57,-59.639999,1770467869.093738
-0.653188,0.447984,0.863028,-31.219999,-46.689999,-68.739998,1770467869.101762
-0.541436,0.439932,0.702964,-31.290001,-54.459999,-67.059998,1770467869.109754
-0.451644,0.415044,0.583404,-22.469999,-64.540001,-73.360001,1770467869.117768
-0.388204,0.39284,0.505568,-11.9,-73.43,-76.370003,1770467869.125888
-0.247416,0.46848,0.432124,4.34,-81.760002,-63.139999,1770467869.133755
-0.219844,0.47946,0.387472,19.809999,-89.18,-57.049999,1770467869.141764
-0.187636,0.492148,0.323788,25.620001,-96.110001,-51.169998,1770467869.149769
-0.137128,0.530212,0.24888,38.220001,-101.849998,-49.419998,1770467869.157812
-0.078324,0.53802,0.1891,43.68,-110.949997,-40.110001,1770467869.165762
-0.004148,0.574132,0.129076,48.509998,-119.839996,-33.389999,1770467869.173753
0.040992,0.559004,0.090524,49.419998,-132.649994,-24.709999,1770467869.181782
0.099308,0.524844,0.051728,45.220001,-140.419998,-16.870001,1770467869.189785
0.146644,0.470188,0.020252,37.799999,-139.789993,-12.81,1770467869.197773
0.214964,0.411628,-0.007076,27.09,-128.169998,4.83,1770467869.205835
0.228384,0.345016,0.025132,18.129999,-99.889999,12.32,1770467869.213749
0.235216,0.271328,0.154696,13.09,-52.43,23.309999,1770467869.221744
0.19398,0.15738,0.416752,9.59,21.07,33.880001,1770467869.229776
0.099064,0.015372,0.793976,13.65,103.529999,31.92,1770467869.237756
-0.07198,-0.098088,1.225856,20.02,186.199997,25.200001,1770467869.245757
-0.280356,-0.132736,1.692628,33.740002,259.910004,20.51,1770467869.253757
-0.736392,-0.123708,1.904664,51.450001,317.799988,32.41,1770467869.261757
-1.570384,-0.538752,1.913936,42.84,363.859985,-13.37,1770467869.269753
-1.942728,-0.714188,1.908324,42.209999,328.369995,-29.889999,1770467869.277747
-2.295064,-0.827648,1.81902,26.530001,218.610001,-36.049999,1770467869.285868
-2.411452,-0.876692,1.754848,16.450001,64.610001,-38.080002,1770467869.293753
-2.153544,-0.786412,1.762168,18.41,-95.269997,-38.849998,1770467869.301762
-1.653344,-0.515572,1.732156,24.639999,-210.839996,-28.42,1770467869.309763
-1.153144,-0.227652,1.67384,26.459999,-280.279999,-31.709999,1770467869.317768
-0.694424,0.011956,1.605764,22.26,-313.459991,-33.810001,1770467869.325763
-0.323544,0.206912,1.503772,10.99,-316.399994,-38.080002,1770467869.333762
-0.02684,0.355264,1.38104,0.0,-305.130005,-40.110001,1770467869.341765
0.117852,0.35136,1.198528,-18.34,-278.25,-40.880001,1770467869.349765
0.174948,0.343796,0.885964,-23.450001,-239.889999,-60.41,1770467869.357869
0.514108,0.511424,0.648308,4.2,-226.029999,-15.33,1770467869.365754
0.508496,0.576084,0.521916,10.43,-193.059998,-6.44,1770467869.373769
0.537532,0.62952,0.406748,16.870001,-158.619995,9.31,1770467869.381844
0.559004,0.666608,0.29646,14.63,-120.190002,6.02,1770467869.389777
0.551684,0.672952,0.192272,14.21,-84.980003,2.8,1770467869.39779
0.525088,0.655872,0.09028,10.78,-52.009998,0.63,1770467869.405765
0.481168,0.610488,0.006344,3.08,-20.09,-2.52,1770467869.4138
0.423584,0.565592,-0.07808,-0.21,7.56,-5.53,1770467869.421763
0.356728,0.49898,-0.157868,-7.21,33.389999,-10.85,1770467869.429805
0.294264,0.428708,-0.219356,-9.03,58.869999,-13.72,1770467869.43781
0.233264,0.373564,-0.227896,-9.24,84.839996,-12.18,1770467869.445754
0.19764,0.316224,-0.154696,-10.15,111.300003,-10.01,1770467869.453762
0.185684,0.253272,0.008784,-8.33,138.179993,-9.59,1770467869.461761
0.177144,0.167872,0.251564,-8.26,167.509995,-7.0,1770467869.469764
0.154452,0.056364,0.55998,-4.34,202.300003,-4.48,1770467869.477888
0.083204,-0.071736,0.872788,-8.33,234.919998,6.02,1770467869.485778
-0.05856,-0.222528,1.168028,-14.0,267.470001,5.39,1770467869.493772
-0.169092,-0.253028,1.513288,-13.44,285.670013,19.32,1770467869.501765
-0.387228,-0.302316,2.05082,-11.76,290.5,34.439999,1770467869.509758
-0.8479,-0.275232,2.613484,-18.200001,283.850006,41.509998,1770467869.517751
-1.483032,-0.571204,2.751588,-28.98,273.910004,23.870001,1770467869.526153
-1.661152,-0.710284,2.149884,-24.92,232.399994,17.01,1770467869.533748
-1.745576,-0.76006,1.5067,-16.940001,159.110001,7.49,1770467869.541759
-1.728252,-0.668316,1.204628,-3.22,82.949997,-2.94,1770467869.549772
-1.653832,-0.43798,1.241716,3.85,19.879999,-7.84,1770467869.557754
-1.523536,-0.151768,1.3664,4.97,-20.58,-22.26,1770467869.565792
-1.362008,0.081984,1.401048,-5.81,-45.080002,-32.130001,1770467869.573859
-1.173152,0.237412,1.296616,-15.68,-61.32,-47.529999,1770467869.581791
-0.970632,0.322568,1.114104,-25.34,-70.0,-59.779999,1770467869.58987
-0.785192,0.369172,0.920856,-25.9,-80.779999,-69.089996,1770467869.597784
-0.61854,0.37332,0.741516,-20.790001,-90.650002,-75.669998,1770467869.605751
-0.491416,0.36234,0.606584,-11.62,-98.769997,-73.639999,1770467869.613783
-0.392352,0.345748,0.51362,2.1,-106.540001,-78.330002,1770467869.621762
-0.31842,0.331596,0.430416,12.18,-113.190002,-77.279999,1770467869.629767
-0.196908,0.411384,0.331108,27.58,-119.559998,-73.220001,1770467869.637804
-0.167872,0.432124,0.266692,38.009998,-131.179993,-66.150002,1770467869.645787
-0.125904,0.465796,0.213256,39.900002,-139.440002,-61.110001,1770467869.653761
-0.070516,0.513864,0.164212,44.869999,-148.330002,-58.380001,1770467869.661763
0.06222,0.589504,0.109312,48.720001,-158.759995,-49.419998,1770467869.66985
0.08174,0.573644,0.073444,53.200001,-166.740005,-42.91,1770467869.67779
0.140544,0.570472,0.02806,52.5,-170.729996,-32.689999,1770467869.685864
0.183488,0.551684,-0.003904,50.189999,-164.289993,-22.120001,1770467869.693759
0.234972,0.537776,-0.027084,43.889999,-144.970001,-7.7,1770467869.701767
0.263764,0.517524,-0.004636,36.75,-108.639999,10.5,1770467869.709761
0.2989,0.446764,0.117608,35.84,-57.330002,21.84,1770467869.717775
0.294752,0.349896,0.395036,40.529999,16.940001,33.32,1770467869.725767
0.220332,0.243512,0.774212,45.919998,106.120003,38.360001,1770467869.733762
0.064904,0.16836,1.202676,54.25,194.25,28.49,1770467869.741765
-0.22082,0.116876,1.697508,45.639999,277.269989,19.18,1770467869.74978
-0.569252,0.06344,2.10938,34.650002,331.23999,8.61,1770467869.757778
-1.203652,0.060268,2.15696,39.060001,367.709991,13.02,1770467869.765762
-1.8605,-0.503372,2.203564,16.450001,362.809998,-1.05,1770467869.773766
-2.26554,-0.66734,1.908324,8.75,265.790009,-20.58,1770467869.781862
-2.569564,-0.796172,1.723616,-8.68,116.199997,-20.02,1770467869.789813
-2.500512,-0.824232,1.647732,-13.09,-39.130001,-26.6,1770467869.797757
-2.072536,-0.637572,1.66286,-7.56,-169.399994,-28.77,1770467869.805762
-1.532564,-0.39894,1.621624,-3.36,-254.100006,-33.040001,1770467869.813795
-1.030412,-0.150548,1.540128,-3.57,-298.200012,-42.349998,1770467869.821915
-0.59658,0.024644,1.428132,-11.13,-317.799988,-45.290001,1770467869.829766
-0.233508,0.17446,1.27978,-21.77,-318.290009,-50.119999,1770467869.837761
0.027816,0.261812,1.11386,-30.17,-305.130005,-45.57,1770467869.845764
0.112972,0.237656,0.904508,-38.919998,-279.929993,-44.799999,1770467869.853753
0.153476,0.226676,0.693692,-37.66,-245.699997,-54.040001,1770467869.861756
0.471896,0.421144,0.512156,-21.98,-232.190002,-11.48,1770467869.869768
0.47702,0.444568,0.412848,-5.67,-203.630005,12.74,1770467869.877757
0.4758,0.490196,0.309148,-2.31,-170.800003,16.799999,1770467869.885789
0.488488,0.520452,0.211548,-0.63,-137.059998,18.200001,1770467869.893765
0.469944,0.510204,0.123708,2.31,-104.790001,23.59,1770467869.901764
0.447496,0.500932,0.055144,1.12,-74.550003,18.059999,1770467869.909803
0.413336,0.485072,-0.009272,-1.12,-46.549999,14.7,1770467869.917761
0.366,0.459696,-0.083692,-1.82,-20.23,7.84,1770467869.925759
0.302804,0.425292,-0.141764,-5.88,7.98,3.08,1770467869.933755
0.254492,0.383568,-0.170068,-6.86,34.23,-3.5,1770467869.94176
0.22326,0.331596,-0.142496,-10.43,62.650002,-3.64,1770467869.949842
0.217648,0.269132,-0.037576,-10.01,89.18,-7.98,1770467869.957787
0.24888,0.22082,0.1464,-7.14,114.730003,-5.18,1770467869.965766
0.27084,0.172752,0.43554,-3.15,145.529999,-2.31,1770467869.973918
0.261812,0.11224,0.761524,7.0,181.789993,-1.82,1770467869.981934
0.194956,0.010004,1.041392,3.08,218.679993,0.21,1770467869.989938
0.079544,-0.118828,1.283196,8.75,250.039993,-2.73,1770467869.997762
-0.08052,-0.167628,1.588196,20.23,269.98999,1.96,1770467870.005774
-0.338184,-0.116388,2.037888,22.120001,278.109985,9.45,1770467870.013782
-0.61976,-0.081496,2.525888,17.780001,262.570007,22.33,1770467870.021796
-0.987468,-0.162992,2.650084,13.44,230.789993,35.349998,1770467870.029767
-1.389092,-0.592676,2.230648,-1.12,202.369995,23.1,1770467870.037747
-1.356152,-0.5612,1.61284,-3.78,142.380005,14.28,1770467870.045912
-1.381284,-0.511424,1.386164,-3.71,85.959999,6.86,1770467870.053763
-1.380308,-0.394304,1.36396,-5.11,43.049999,-8.68,1770467870.061764
-1.324432,-0.222772,1.392264,-14.21,14.42,-20.23,1770467870.069828
-1.20658,-0.065636,1.336144,-19.110001,-0.35,-39.549999,1770467870.077761
-1.05408,0.068808,1.187792,-24.639999,-9.59,-47.040001,1770467870.085767
-0.919148,0.163724,1.014552,-31.57,-19.530001,-61.18,1770467870.093813
-0.790316,0.241072,0.856928,-31.780001,-31.08,-66.57,1770467870.101758
-0.67588,0.282552,0.726632,-30.870001,-42.139999,-73.57,1770467870.109755
-0.575352,0.303536,0.63196,-22.959999,-53.900002,-76.370003,1770467870.117736
-0.487268,0.3294,0.55998,-10.64,-64.330002,-71.400002,1770467870.125757
-0.424316,0.343796,0.501908,-2.87,-76.230003,-70.209999,1770467870.133749
-0.36844,0.350872,0.439688,6.51,-90.440002,-73.080002,1770467870.141753
-0.25376,0.425292,0.345016,13.09,-104.790001,-68.389999,1770467870.149752
-0.199836,0.433832,0.296704,18.059999,-122.43,-65.449997,1770467870.157786
-0.16348,0.432124,0.248636,19.18,-138.110001,-58.869999,1770467870.165851
-0.122976,0.426024,0.185684,16.73,-147.839996,-58.380001,1770467870.173752
-0.05368,0.443348,0.13054,19.67,-154.559998,-53.759998,1770467870.182014
0.240096,0.522404,0.0793,26.110001,-164.429993,-38.990002,1770467870.189815
0.13664,0.454084,0.098332,34.650002,-161.770004,-13.93,1770467870.19777
0.149084,0.4514,0.119316,43.959999,-146.300003,2.66,1770467870.205754
0.167384,0.45628,0.188856,47.529999,-118.440002,13.44,1770467870.213753
0.192028,0.441396,0.36478,47.880001,-72.589996,21.49,1770467870.221758
0.19032,0.38918,0.646356,41.09,-7.91,22.889999,1770467870.229753
0.145912,0.293532,0.945012,34.580002,65.099998,22.540001,1770467870.237768
0.027816,0.15982,1.276364,25.969999,138.529999,17.5,1770467870.245903
-0.200568,0.025864,1.665056,19.18,203.630005,8.19,1770467870.253754
-0.453352,-0.02928,1.973228,18.76,247.380005,6.65,1770467870.261742
-1.162172,-0.154696,2.062044,29.469999,285.950012,12.46,1770467870.269772
-1.583804,-0.51972,1.958588,6.65,275.799988,-22.889999,1770467870.277756
-1.941996,-0.639036,1.872944,-2.66,201.740005,-34.02,1770467870.285755
-2.152812,-0.765428,1.759972,-14.21,81.550003,-33.459999,1770467870.293763
-2.079856,-0.83326,1.672132,-20.440001,-47.18,-46.759998,1770467870.301888
-1.69214,-0.745176,1.621868,-19.809999,-161.0,-41.509998,1770467870.309765
-1.240496,-0.552904,1.558916,-14.42,-241.080002,-45.080002,1770467870.317757
-0.76738,-0.338428,1.478152,-10.71,-286.299988,-44.799999,1770467870.325762
-0.37088,-0.113704,1.379088,-10.36,-306.950012,-47.389999,1770467870.333758
-0.062952,0.088328,1.282464,-13.37,-309.470001,-45.709999,1770467870.341807
0.129808,0.198372,1.141188,-24.57,-296.730011,-41.16,1770467870.349872
0.163236,0.160552,0.946476,-36.330002,-267.190002,-49.77,1770467870.357763
0.518256,0.287188,0.599264,-40.110001,-259.700012,-46.689999,1770467870.365761
0.470676,0.416752,0.489952,-22.26,-234.080002,0.35,1770467870.373838
0.447008,0.422608,0.366976,-18.9,-205.520004,6.93,1770467870.381796
0.43676,0.449692,0.245708,-20.65,-175.0,20.370001,1770467870.389809
0.458476,0.434076,0.155916,-15.89,-147.979996,16.24,1770467870.39777
0.45628,0.406748,0.093208,-9.1,-119.769997,11.62,1770467870.405809
0.4575,0.381616,0.0427,1.19,-89.25,14.21,1770467870.413769
0.438712,0.354532,0.00976,14.21,-57.889999,3.22,1770467870.421851
0.415776,0.313784,-0.005124,21.91,-22.049999,5.6,1770467870.429798
0.399672,0.2684,-0.006344,28.91,13.65,-6.02,1770467870.437756
0.396988,0.22936,0.017324,30.450001,50.82,-6.16,1770467870.445762
0.410408,0.18544,0.092964,29.049999,82.389999,-13.09,1770467870.453764
0.433832,0.12688,0.228872,28.91,111.019997,-18.34,1770467870.461765
0.450668,0.037088,0.462624,24.99,136.5,-14.28,1770467870.469853
0.476288,-0.05612,0.720532,30.59,165.619995,-17.290001,1770467870.477782
0.462868,-0.135664,0.944768,39.900002,195.720001,-15.75,1770467870.485857
0.426512,-0.329644,1.147776,53.549999,220.149994,-6.65,1770467870.493806
0.312564,-0.375272,1.346148,76.089996,243.389999,2.38,1770467870.501769
0.125416,-0.351604,1.664568,88.760002,259.070007,13.44,1770467870.509773
-0.10248,-0.25254,2.053992,85.400002,258.790009,23.1,1770467870.517758
-0.340624,-0.195932,2.321416,66.360001,239.820007,28.139999,1770467870.525761
-0.61366,-0.170312,2.358016,51.66,207.130005,37.099998,1770467870.533755
-1.213412,-0.449936,2.202832,21.98,192.080002,25.549999,1770467870.541757
-1.171932,-0.369416,1.778272,13.79,160.929993,0.42,1770467870.5498
-1.265384,-0.267668,1.548912,8.19,132.860001,-16.030001,1770467870.557793
-1.303204,-0.111508,1.423008,6.72,100.519997,-33.25,1770467870.565816
-1.2749,0.042456,1.35786,0.42,71.82,-46.060001,1770467870.573763
-1.200236,0.17568,1.275632,-1.33,43.75,-55.860001,1770467870.581763
-1.098,0.26108,1.143872,-10.29,16.73,-66.5,1770467870.589792
-0.98088,0.299388,0.9638,-11.76,-9.1,-78.050003,1770467870.597751
-0.842532,0.281088,0.808128,-11.13,-35.419998,-85.82,1770467870.605766
-0.716872,0.255468,0.690032,-9.1,-61.32,-95.550003,1770467870.613763
-0.616344,0.271084,0.592432,2.1,-79.730003,-94.779999,1770467870.621829
-0.528016,0.318664,0.494832,8.96,-96.879997,-93.449997,1770467870.629848
-0.48922,0.38796,0.393328,17.219999,-110.32,-100.169998,1770467870.637764
-0.418948,0.503616,0.305,27.65,-126.559998,-96.529999,1770467870.645757
-0.292312,0.622932,0.228872,31.780001,-141.190002,-89.040001,1770467870.653763
-0.175192,0.74908,0.186172,43.119999,-161.979996,-77.699997,1770467870.66176
-0.083936,0.815204,0.163968,44.799999,-182.630005,-53.34,1770467870.669774
-0.0122,0.7869,0.151524,44.099998,-200.690002,-43.330002,1770467870.677851
0.039772,0.741516,0.121512,43.189999,-211.820007,-30.940001,1770467870.685786
0.1098,0.66368,0.09638,39.34,-210.419998,-21.84,1770467870.693785
0.163724,0.578036,0.089548,37.869999,-197.050003,-8.68,1770467870.701763
0.219356,0.494832,0.131272,27.860001,-164.639999,0.77,1770467870.709768
0.285968,0.3904,0.260836,22.75,-119.980003,6.93,1770467870.717869
0.335744,0.258152,0.471408,22.75,-62.23,9.38,1770467870.725759
0.346724,0.144448,0.744688,26.74,3.78,7.98,1770467870.733757
0.299388,0.057584,1.0858,40.810001,74.480003,2.24,1770467870.741762
0.187392,0.01952,1.528172,49.77,137.199997,-10.15,1770467870.749769
-0.0427,0.081984,2.127192,47.529999,186.339996,-27.51,1770467870.757832
-0.423096,0.11468,2.65716,22.4,215.809998,-34.720001,1770467870.765816
-0.715164,-0.020252,2.689124,-1.89,202.789993,-32.900002,1770467870.773762
-1.067256,-0.124684,2.37534,-12.53,148.539993,-23.59,1770467870.781746
-1.388604,-0.544364,2.162084,-41.23,89.529999,-45.150002,1770467870.789816
-1.341756,-0.576084,1.965664,-37.029999,15.33,-60.27,1770467870.797843
-1.220244,-0.495564,1.794376,-34.299999,-61.740002,-55.439999,1770467870.805762
-0.979416,-0.33428,1.641632,-42.209999,-126.279999,-60.830002,1770467870.813788
-0.674904,-0.183,1.490108,-45.779999,-172.550003,-54.880001,1770467870.821792
-0.378688,-0.059048,1.318332,-53.060001,-201.600006,-52.360001,1770467870.829809
-0.132736,0.062708,1.103856,-54.32,-216.720001,-52.360001,1770467870.837757
0.034892,0.13298,0.896944,-51.169998,-220.429993,-41.09,1770467870.845764
0.085888,0.1281,0.717116,-52.57,-209.860001,-45.709999,1770467870.853761
0.11102,0.108092,0.55022,-49.07,-186.479996,-48.650002,1770467870.861769
0.355752,0.358436,0.371124,-25.41,-189.350006,-19.459999,1770467870.86977
0.375516,0.28304,0.337208,-3.29,-171.5,8.05,1770467870.877755
0.397476,0.297436,0.262788,9.45,-152.740005,1.82,1770467870.885912
0.41724,0.328424,0.213012,24.780001,-131.529999,16.379999,1770467870.893761
0.413824,0.351604,0.170312,35.07,-108.43,10.64,1770467870.901768
0.396988,0.378932,0.114192,42.77,-82.32,4.27,1770467870.909764
0.36966,0.39284,0.05246,45.639999,-54.810001,4.62,1770467870.917756
0.34038,0.386008,-0.00976,42.419998,-26.459999,0.56,1770467870.925887
0.317932,0.372344,-0.062952,36.68,0.21,-3.08,1770467870.933754
0.311588,0.326228,-0.070272,32.900002,27.23,-5.88,1770467870.941762
0.33672,0.255956,0.003416,25.41,51.310001,-9.24,1770467870.94977
0.39284,0.175192,0.181292,25.969999,74.059998,-10.99,1770467870.957765
0.456036,0.059536,0.496052,26.67,99.330002,-12.74,1770467870.965902
0.501176,-0.065392,0.876448,31.780001,129.5,-16.030001,1770467870.974016
0.50752,-0.143228,1.191696,51.029999,169.190002,-21.42,1770467870.982457
0.454816,-0.266692,1.434232,68.529999,199.639999,-20.790001,1770467870.99005
0.365268,-0.26352,1.577948,81.760002,216.020004,-12.32,1770467870.997873
0.17934,-0.180804,1.779004,77.0,217.279999,3.22,1770467871.005776
-0.116876,-0.110532,2.122068,60.759998,205.800003,16.799999,1770467871.013766
-0.377712,-0.095892,2.31922,41.720001,184.309998,16.799999,1770467871.021844
-0.557052,-0.10736,2.378756,28.700001,152.600006,24.01,1770467871.029846
-0.79788,-0.033672,2.255292,21.42,122.919998,18.690001,1770467871.037736
-1.054812,-0.029524,2.005924,2.8,106.75,5.81,1770467871.045763
-1.051152,0.125904,1.657004,-12.95,83.300003,-18.41,1770467871.053744
-1.066524,0.229848,1.41642,-15.82,62.720001,-31.780001,1770467871.061753
-1.052616,0.28792,1.239276,-24.85,47.880001,-39.830002,1770467871.069852
-1.022848,0.334036,1.11264,-30.24,35.630001,-52.639999,1770467871.077794
-0.971364,0.372588,0.985516,-36.540001,18.200001,-58.310001,1770467871.085767
-0.915488,0.396012,0.823256,-40.880001,-1.33,-61.32,1770467871.093758
-0.84058,0.410164,0.693204,-34.790001,-24.709999,-66.709999,1770467871.101759
-0.764208,0.428952,0.599996,-27.370001,-51.240002,-64.050003,1770467871.109788
-0.671976,0.457744,0.521184,-15.47,-75.110001,-68.18,1770467871.117748
-0.615612,0.47702,0.438712,-5.67,-95.970001,-70.07,1770467871.125755
-0.455304,0.569008,0.31598,3.22,-117.949997,-66.360001,1770467871.133736
-0.384544,0.6161,0.253272,11.48,-137.899994,-53.689999,1770467871.141762
-0.305976,0.619272,0.200568,11.34,-155.679993,-43.610001,1770467871.149766
-0.22814,0.66246,0.129808,12.67,-170.520004,-43.540001,1770467871.157807
-0.1098,0.717604,0.072956,18.620001,-185.289993,-31.43,1770467871.165757
-0.017568,0.674172,0.073932,23.309999,-194.740005,-22.120001,1770467871.173753
0.052216,0.631228,0.095892,26.74,-198.869995,-16.1,1770467871.181752
0.119316,0.592188,0.13664,21.77,-193.830002,-9.17,1770467871.189781
0.199836,0.54046,0.231312,15.4,-182.419998,-10.36,1770467871.197796
0.295728,0.467748,0.394548,6.93,-160.720001,-12.46,1770467871.205763
0.383568,0.354776,0.63074,-2.24,-130.830002,-20.58,1770467871.213755
0.44164,0.19032,0.886208,-5.6,-91.0,-30.24,1770467871.221756
0.42822,-0.006344,1.13094,-7.21,-43.330002,-39.619999,1770467871.229752
0.456036,-0.16714,1.444236,-0.49,8.75,-42.77,1770467871.237747
0.437248,-0.252052,1.903932,3.64,43.959999,-47.740002,1770467871.245771
0.311588,-0.26474,2.416576,-3.78,70.629997,-51.59,1770467871.253768
0.079788,-0.396988,2.517104,-17.709999,82.599998,-40.18,1770467871.261778
-0.09028,-0.487024,2.390224,-25.9,74.970001,-22.68,1770467871.269841
-0.21594,-0.57706,2.31434,-35.07,55.860001,3.15,1770467871.277749
-0.61488,-0.749568,2.203076,-55.23,50.400002,2.8,1770467871.285969
-0.542656,-0.512156,1.796816,-69.440002,23.870001,-5.53,1770467871.293763
-0.540948,-0.223016,1.500356,-65.099998,1.54,-8.68,1770467871.30177
-0.498492,0.03904,1.27368,-70.559998,-23.66,-4.83,1770467871.309879
-0.406748,0.209596,1.100928,-69.089996,-42.77,-8.54,1770467871.317761
-0.280112,0.294752,0.988444,-69.089996,-58.66,-3.15,1770467871.325761
-0.187392,0.29524,0.885232,-71.959999,-69.790001,6.16,1770467871.333755
-0.144448,0.296704,0.752252,-71.75,-73.57,-1.12,1770467871.341758
-0.047824,0.324032,0.602924,-62.650002,-65.519997,9.1,1770467871.349776
0.201544,0.471652,0.467504,-34.509998,-69.650002,39.41,1770467871.35778
0.096624,0.399916,0.411872,-22.610001,-71.889999,60.48,1770467871.365762
0.100284,0.388692,0.300364,-12.88,-70.769997,66.5,1770467871.373765
0.104432,0.386984,0.199592,2.8,-64.470001,74.339996,1770467871.381851
0.1159,0.373076,0.12444,14.7,-56.139999,80.919998,1770467871.391037
0.121268,0.370636,0.083692,22.120001,-48.23,78.330002,1770467871.397771
0.130296,0.350872,0.070028,23.66,-38.360001,78.68,1770467871.405819
0.155672,0.312808,0.082472,19.25,-26.32,73.849998,1770467871.413782
0.196908,0.26108,0.112972,21.209999,-15.68,60.41,1770467871.421773
0.252052,0.208376,0.179828,15.96,-3.57,50.400002,1770467871.42976
0.313784,0.148108,0.32452,17.639999,8.33,35.98,1770467871.43785
0.377468,0.088816,0.553148,15.96,19.879999,28.700001,1770467871.445758
0.436272,0.00732,0.864248,12.53,33.529999,13.58,1770467871.45376
0.542168,-0.156648,1.264896,14.42,50.75,8.05,1770467871.46179
0.613904,-0.295972,1.604544,14.35,69.93,2.66,1770467871.469781
0.654896,-0.461404,1.8666,16.309999,85.190002,4.9,1770467871.477762
0.667096,-0.642208,2.0984,11.27,90.510002,27.719999,1770467871.485759
0.515572,-0.71736,2.188924,4.41,100.099998,50.259998,1770467871.49377
0.292312,-0.739808,2.20332,11.27,124.040001,79.660004,1770467871.501798
-0.322812,-0.952576,2.229672,3.78,156.729996,71.68,1770467871.509839
-0.31964,-0.648308,1.929796,7.77,200.410004,50.259998,1770467871.517752
-0.621956,-0.40016,1.78852,6.86,235.830002,41.860001,1770467871.525763
-0.867908,-0.152012,1.670668,-1.47,258.790009,31.709999,1770467871.533764
-1.089216,0.089304,1.528904,-10.78,256.480011,16.940001,1770467871.541803
-1.241472,0.262544,1.380552,-21.700001,237.229996,11.83,1770467871.549771
-1.340048,0.417484,1.221952,-32.689999,193.479996,-0.91,1770467871.557757
-1.375184,0.510936,1.049688,-39.900002,141.820007,-3.85,1770467871.565748
-1.346148,0.574376,0.864736,-47.529999,82.389999,-11.48,1770467871.573761
-1.236348,0.569008,0.68564,-43.68,19.110001,-16.940001,1770467871.581796
-1.079456,0.54168,0.549732,-35.77,-34.720001,-16.379999,1770467871.589795
-0.901336,0.487024,0.446276,-19.110001,-78.470001,-18.200001,1770467871.597792
-0.737856,0.387472,0.370636,-5.81,-114.449997,-11.83,1770467871.605775
-0.751764,0.485804,0.24156,13.79,-137.759995,-13.16,1770467871.613778
-0.436028,0.57218,0.149572,44.52,-152.880005,18.200001,1770467871.621763
-0.371612,0.527772,0.143228,53.759998,-173.529999,46.200001,1770467871.629889
-0.300608,0.567544,0.076128,54.669998,-190.889999,57.470001,1770467871.637758
-0.243268,0.56608,0.019764,54.880001,-206.639999,64.050003,1770467871.64574
-0.152744,0.585844,-0.044652,45.639999,-219.100006,63.419998,1770467871.653766
-0.001952,0.654652,-0.104676,43.540001,-231.070007,70.139999,1770467871.661794
0.070028,0.634644,-0.099796,30.1,-237.369995,85.610001,1770467871.669773
0.124928,0.60756,-0.061488,16.450001,-231.0,86.169998,1770467871.677785
0.2257,0.533384,0.065392,3.85,-207.830002,81.900002,1770467871.685883
0.330132,0.376736,0.27572,-6.3,-172.550003,70.769997,1770467871.693772
0.400648,0.174704,0.547536,-8.12,-123.199997,56.209999,1770467871.701766
0.395036,-0.015128,0.857416,-13.86,-62.23,37.59,1770467871.709864
0.415776,-0.15616,1.156316,-13.58,4.83,20.93,1770467871.717756
0.494344,-0.347944,1.565504,-11.76,54.669998,21.280001,1770467871.72576
0.330132,-0.494832,2.181848,-17.99,91.07,-5.04,1770467871.733884
0.362828,-0.648308,2.694736,-28.35,120.610001,-12.39,1770467871.741757
0.204472,-0.917196,2.892376,-26.530001,131.880005,1.89,1770467871.749768
0.023912,-1.128012,2.773548,-8.68,123.620003,29.540001,1770467871.757762
-0.323544,-1.121424,2.51076,-0.98,123.970001,18.48,1770467871.765772
-0.447252,-0.723216,2.19722,-13.09,94.5,20.719999,1770467871.773779
-0.50264,-0.3538,1.86904,-30.870001,57.540001,19.74,1770467871.781754
-0.458476,-0.1464,1.587952,-54.529999,21.91,19.67,1770467871.789866
-0.3477,-0.031964,1.34688,-63.419998,-7.98,20.440001,1770467871.797771
-0.223992,0.039284,1.142408,-72.099998,-27.02,24.219999,1770467871.805774
-0.109068,0.092232,0.962092,-73.080002,-37.66,34.650002,1770467871.813787
-0.0488,0.086376,0.793976,-69.790001,-40.529999,37.59,1770467871.821802
-0.00732,0.086132,0.615612,-65.099998,-35.98,45.080002,1770467871.829872
-0.005368,0.134688,0.435052,-55.580002,-21.0,55.860001,1770467871.837754
0.242292,0.211792,0.304268,-37.52,-23.870001,77.839996,1770467871.845786
0.130784,0.271328,0.239852,-11.34,-20.23,91.349998,1770467871.853731
0.116144,0.304268,0.172508,8.54,-13.02,93.800003,1770467871.861764
0.097844,0.35502,0.110288,23.309999,-8.19,94.919998,1770467871.869825
0.087596,0.402844,0.05734,38.57,-1.89,91.489998,1770467871.877764
0.072956,0.432856,0.022936,47.669998,1.89,89.18,1770467871.885759
0.081496,0.430416,0.032696,52.849998,3.99,79.239998,1770467871.893742
0.11346,0.419436,0.081252,55.580002,4.9,67.059998,1770467871.901761
0.162504,0.427244,0.215452,46.830002,8.89,56.91,1770467871.909768
0.234728,0.441396,0.415288,38.639999,15.96,46.900002,1770467871.917778
0.305,0.402112,0.648552,23.870001,25.34,44.310001,1770467871.925764
0.35868,0.305732,0.912316,11.41,38.849998,42.84,1770467871.933758
0.370148,0.183488,1.197796,2.87,59.849998,39.48,1770467871.941752
0.330864,0.101504,1.478884,5.25,93.519997,38.360001,1770467871.949814
0.287432,0.04148,1.756312,13.86,128.729996,32.900002,1770467871.957742
0.236924,-0.000488,2.006168,22.889999,154.839996,37.869999,1770467871.965769
0.149816,-0.126392,2.369484,13.86,163.169998,43.68,1770467871.973935
-0.023424,-0.304756,2.618608,7.91,170.169998,57.889999,1770467871.982061
-0.20984,-0.354776,2.492216,7.84,168.279999,81.760002,1770467871.990057
-0.436028,-0.370148,2.266272,3.43,154.699997,91.980003,1770467871.997799
-0.981368,-0.571936,1.970788,-20.440001,169.330002,80.010002,1770467872.005775
-0.89304,-0.4026,1.513776,-29.190001,170.100006,48.16,1770467872.01377
-1.014552,-0.30622,1.24928,-26.32,173.600006,43.400002,1770467872.021778
-1.116544,-0.172508,1.044808,-28.42,170.380005,25.9,1770467872.030112
-1.155096,-0.011956,0.894992,-27.790001,151.970001,17.5,1770467872.03775
-1.159,0.149572,0.77714,-27.23,120.050003,4.13,1770467872.045764
-1.120204,0.268888,0.680516,-32.34,77.0,-6.3,1770467872.053731
-1.037244,0.328912,0.5917,-29.959999,30.450001,-13.72,1770467872.061765
-0.911096,0.329888,0.498492,-28.91,-13.58,-16.940001,1770467872.069747
-0.768844,0.316468,0.397232,-14.56,-52.919998,-17.639999,1770467872.077738
-0.622932,0.300608,0.2989,-1.89,-82.879997,-12.18,1770467872.085753
-0.48556,0.220088,0.24644,9.8,-113.330002,-7.56,1770467872.093892
-0.427488,0.254736,0.158844,24.780001,-128.660004,-8.96,1770467872.101763
-0.2318,0.369172,0.083204,41.02,-141.610001,15.33,1770467872.109771
-0.173484,0.36478,0.067832,51.099998,-159.110001,29.26,1770467872.117752
-0.111752,0.35136,0.060512,51.450001,-171.990005,43.400002,1770467872.125756
-0.061976,0.349896,0.049532,45.220001,-179.059998,37.73,1770467872.133749
0.02196,0.385764,0.05124,41.09,-183.960007,38.009998,1770467872.141785
0.157136,0.432856,0.076372,36.889999,-189.279999,53.759998,1770467872.149861
0.215452,0.444812,0.1769,29.540001,-174.720001,55.23,1770467872.157728
0.281332,0.436516,0.352824,23.66,-145.669998,58.799999,1770467872.165761
0.338672,0.4026,0.626104,19.32,-93.870003,53.200001,1770467872.173752
0.331108,0.341356,0.933056,22.26,-30.309999,55.720001,1770467872.181752
0.244976,0.237412,1.168516,19.32,41.09,49.91,1770467872.189768
0.056364,0.101748,1.393972,21.98,110.599998,39.970001,1770467872.197765
-0.139812,0.040992,1.809016,22.610001,159.949997,26.809999,1770467872.205892
-0.34404,-0.025376,2.331664,14.98,190.820007,18.059999,1770467872.213755
-0.505324,-0.198128,2.725236,6.86,188.649994,26.18,1770467872.221753
-0.769088,-0.420412,2.666432,6.44,157.149994,44.310001,1770467872.229758
-1.041636,-0.794464,2.415112,-12.74,114.309998,30.379999,1770467872.237747
-1.03334,-0.75274,2.145736,-21.07,45.57,13.23,1770467872.245752
-1.001376,-0.58316,1.858548,-31.99,-18.549999,16.24,1770467872.25373
-0.847412,-0.422852,1.577216,-45.639999,-72.870003,13.37,1770467872.261758
-0.598532,-0.26962,1.374452,-55.860001,-111.440002,11.2,1770467872.269761
-0.358924,-0.135176,1.185108,-59.43,-134.470001,18.41,1770467872.277791
-0.1464,-0.054168,1.014552,-59.009998,-144.899994,22.190001,1770467872.285849
0.000488,0.041236,0.833016,-55.509998,-146.720001,35.419998,1770467872.293792
0.065392,0.056364,0.67954,-46.34,-140.0,40.599998,1770467872.301766
0.099064,0.05856,0.538508,-36.889999,-122.220001,38.709999,1770467872.309762
0.494588,0.17568,0.399184,-20.370001,-133.979996,53.060001,1770467872.317756
0.35624,0.247904,0.30622,7.07,-117.669998,71.68,1770467872.325788
0.349896,0.266204,0.248148,23.66,-102.760002,80.709999,1770467872.333757
0.343552,0.284992,0.1647,32.34,-82.669998,79.309998,1770467872.341747
0.322812,0.319396,0.052216,37.52,-59.57,78.68,1770467872.349811
0.305732,0.325008,-0.042456,38.220001,-37.099998,75.32,1770467872.357777
0.2745,0.334036,-0.122488,32.970001,-16.1,69.019997,1770467872.365792
0.266448,0.328424,-0.14884,24.43,1.89,60.34,1770467872.373755
0.278892,0.334768,-0.066856,15.54,20.65,49.490002,1770467872.38176
0.327936,0.343552,0.143716,4.9,46.619999,40.389999,1770467872.389757
0.382592,0.327692,0.43676,-0.07,79.169998,33.459999,1770467872.397781
0.437492,0.210328,0.754448,-4.97,114.379997,27.719999,1770467872.405761
0.471408,0.150548,1.059448,-3.92,147.490005,16.450001,1770467872.413767
0.458964,0.049532,1.388116,12.88,181.509995,5.67,1770467872.421764
0.376736,-0.050264,1.716784,32.34,218.820007,6.37,1770467872.429875
0.210084,-0.014884,2.05326,50.330002,250.389999,14.42,1770467872.437761
-0.020984,0.058804,2.44488,49.630001,267.26001,26.25,1770467872.445759
-0.25864,-0.018544,2.749392,38.990002,257.880005,42.07,1770467872.453741
-0.51362,-0.110044,2.555412,20.790001,224.0,55.09,1770467872.461819
-0.643184,-0.11346,2.18258,4.9,169.470001,72.730003,1770467872.469761
-1.034316,-0.25254,1.800964,-14.14,152.25,77.279999,1770467872.477752
-1.014064,-0.374052,1.446188,-37.310001,131.039993,40.740002,1770467872.485881
-1.003084,-0.43432,1.177788,-39.34,119.07,20.09,1770467872.493769
-1.01382,-0.443836,1.00284,-34.23,110.18,16.799999,1770467872.501764
-1.020896,-0.351604,0.870592,-29.75,103.739998,-1.33,1770467872.509758
-0.987956,-0.1952,0.778604,-23.870001,91.980003,-6.65,1770467872.517764
-0.9333,-0.01464,0.71492,-20.58,73.080002,-18.9,1770467872.525774
-0.876936,0.13054,0.657824,-19.110001,49.0,-25.41,1770467872.533753
-0.809592,0.223748,0.583648,-16.1,21.559999,-32.130001,1770467872.541768
-0.729804,0.27572,0.491172,-12.6,-1.82,-38.5,1770467872.54976
-0.640012,0.309392,0.393816,-3.92,-24.01,-43.330002,1770467872.557742
-0.539972,0.339404,0.304512,6.86,-46.130001,-44.939999,1770467872.565786
-0.473848,0.33794,0.223504,14.98,-65.169998,-50.189999,1770467872.573758
-0.314028,0.45872,0.126636,31.780001,-86.870003,-31.780001,1770467872.581751
-0.246196,0.462136,0.104432,43.889999,-105.559998,-18.200001,1770467872.589761
-0.176412,0.478728,0.102236,50.330002,-121.239998,-11.69,1770467872.59777
-0.087596,0.505324,0.126392,58.869999,-135.309998,0.7,1770467872.605761
0.061732,0.549488,0.151036,62.860001,-151.550003,6.58,1770467872.613766
0.10858,0.52826,0.196664,63.349998,-162.470001,25.690001,1770467872.621765
0.146888,0.530456,0.254736,53.549999,-163.449997,28.700001,1770467872.629843
0.187392,0.542412,0.372344,36.119999,-145.460007,34.650002,1770467872.637749
0.232776,0.561688,0.5551,18.76,-107.519997,36.470001,1770467872.64576
0.25742,0.535336,0.79788,3.22,-51.450001,39.619999,1770467872.653745
0.221308,0.46116,1.021628,-8.26,13.86,48.369999,1770467872.661802
0.10492,0.373076,1.26636,-14.63,80.220001,43.889999,1770467872.669841
-0.147376,0.280112,1.603324,-14.84,143.639999,29.75,1770467872.677749
-0.386984,0.14396,2.043744,-12.95,197.960007,6.93,1770467872.685761
-0.529236,-0.04148,2.501976,-5.32,224.139999,14.42,1770467872.69401
-0.745908,-0.132004,2.61568,8.89,205.589996,33.669998,1770467872.701765
-1.249036,-0.239852,2.404864,5.88,174.509995,35.77,1770467872.709835
-1.286368,-0.385276,2.09108,-17.57,107.660004,10.29,1770467872.717761
-1.268312,-0.415776,1.761192,-24.57,32.060001,-1.4,1770467872.725759
-1.152168,-0.41846,1.477908,-34.650002,-39.759998,-6.09,1770467872.733759
-0.929396,-0.416752,1.26514,-44.240002,-98.0,-10.57,1770467872.74176
-0.6649,-0.403088,1.113372,-51.099998,-135.869995,-10.92,1770467872.749745
-0.415044,-0.370392,0.996008,-58.52,-158.759995,-6.86,1770467872.757838
-0.183732,-0.316712,0.901336,-61.740002,-171.429993,0.42,1770467872.765761
-0.014152,-0.183488,0.77836,-60.41,-170.729996,12.74,1770467872.773776
0.076372,-0.07442,0.66734,-53.130001,-162.75,22.33,1770467872.781749
0.14152,-0.052216,0.561688,-45.43,-147.630005,26.6,1770467872.789759
0.233508,0.015372,0.42334,-38.639999,-139.649994,31.360001,1770467872.797802
0.388204,0.271816,0.244732,-17.780001,-135.100006,48.93,1770467872.805914
0.27084,0.297924,0.188368,5.46,-126.279999,55.09,1770467872.813758
0.254736,0.351848,0.125904,19.459999,-111.019997,56.98,1770467872.821766
0.243756,0.382104,0.068808,27.51,-94.989998,52.639999,1770467872.829758
0.231312,0.393572,0.038796,34.509998,-73.919998,48.23,1770467872.837768
0.227896,0.367464,0.03782,40.110001,-45.779999,44.66,1770467872.845893
0.247416,0.335744,0.084668,39.619999,-16.870001,36.259998,1770467872.853747
0.277916,0.330132,0.183244,36.889999,16.870001,31.709999,1770467872.861766
0.300364,0.365024,0.38552,23.870001,55.299999,26.950001,1770467872.869763
0.325252,0.375028,0.640256,7.98,94.779999,23.799999,1770467872.877754
0.32696,0.324276,0.848144,-7.63,135.309998,20.65,1770467872.885758
0.29036,0.213256,1.036268,-18.41,171.850006,16.940001,1770467872.893783
0.210572,0.1342,1.255624,-21.209999,203.350006,13.65,1770467872.901765
0.066612,0.0854,1.556232,-18.129999,224.139999,11.62,1770467872.909774
-0.160308,0.130296,2.00568,-11.97,240.800003,10.85,1770467872.917765
-0.389668,0.09516,2.426092,-14.7,239.960007,16.1,1770467872.925768
-0.596092,-0.091256,2.502464,-6.65,208.809998,32.900002,1770467872.933789
-0.731512,-0.147864,2.234064,7.42,152.740005,54.740002,1770467872.941764
-1.119716,-0.35624,1.987868,-0.98,114.309998,62.02,1770467872.949774
-1.035048,-0.316956,1.635044,-13.16,78.190002,18.76,1770467872.95774
-0.96624,-0.301584,1.464488,-15.33,47.669998,16.030001,1770467872.96586
-0.90036,-0.202276,1.405684,-12.25,26.110001,-6.09,1770467872.973996
-0.8174,-0.096624,1.324188,-14.77,12.46,-18.41,1770467872.982366
-0.73078,-0.04636,1.181936,-24.01,5.39,-30.870001,1770467872.989908
-0.655628,-0.02074,0.997716,-36.470001,-0.77,-38.290001,1770467872.997781
-0.565592,-0.013176,0.82228,-49.630001,-7.0,-45.290001,1770467873.00578
-0.48312,0.000732,0.697108,-54.110001,-16.309999,-55.720001,1770467873.01376
-0.410896,-0.021472,0.604144,-52.080002,-22.469999,-55.23,1770467873.021837
-0.354044,-0.024888,0.514108,-45.57,-29.33,-60.27,1770467873.029774
-0.304268,0.007808,0.4087,-33.32,-36.82,-57.189999,1770467873.037811
-0.26108,0.070516,0.310856,-17.92,-42.349998,-56.349998,1770467873.045758
-0.221552,0.13298,0.235948,-6.23,-50.68,-55.93,1770467873.053742
-0.164456,0.21228,0.197884,9.45,-60.34,-48.93,1770467873.061768
-0.13542,0.257176,0.187392,19.32,-67.550003,-44.59,1770467873.069773
-0.117364,0.269864,0.188124,27.23,-74.129997,-45.919998,1770467873.077867
-0.051972,0.28182,0.1891,35.560001,-75.040001,-39.200001,1770467873.085756
0.356484,0.530212,0.134688,56.07,-85.120003,-14.91,1770467873.093768
0.12078,0.410164,0.238388,66.43,-87.220001,1.33,1770467873.101755
0.131272,0.414312,0.30012,74.620003,-79.239998,20.299999,1770467873.10976
0.12688,0.401136,0.40748,70.980003,-58.66,21.42,1770467873.117828
0.113704,0.420168,0.59902,63.0,-18.200001,29.610001,1770467873.125765
0.090524,0.444568,0.847168,48.16,38.080002,35.07,1770467873.133747
0.019764,0.41358,1.10288,34.02,106.75,37.450001,1770467873.141756
-0.14762,0.338184,1.345172,20.299999,162.050003,39.689999,1770467873.149753
-0.482632,0.223016,1.647488,13.86,210.350006,25.48,1770467873.157734
-0.74176,0.20374,1.838052,20.65,233.240005,22.120001,1770467873.165757
-1.3359,-0.00854,2.012756,23.1,246.190002,14.84,1770467873.173739
-1.591368,-0.195688,1.906372,7.42,204.75,-11.2,1770467873.181755
-1.793156,-0.400404,1.788032,6.09,122.290001,-19.809999,1770467873.189801
-1.84952,-0.549244,1.697508,5.67,31.780001,-23.309999,1770467873.197771
-1.686284,-0.597312,1.6348,5.18,-58.240002,-31.219999,1770467873.205755
-1.367376,-0.582428,1.586244,0.98,-134.050003,-34.509998,1770467873.213749
-1.004304,-0.488244,1.5067,-2.45,-184.309998,-36.82,1770467873.221763
-0.63928,-0.368928,1.423984,-13.79,-217.139999,-36.889999,1770467873.229756
-0.302072,-0.248392,1.348344,-28.0,-232.399994,-31.15,1770467873.237824
-0.033428,-0.123708,1.206092,-39.619999,-235.199997,-20.09,1770467873.245759
0.127368,-0.024156,1.000156,-46.970001,-227.080002,-11.69,1770467873.253739
0.148108,0.02562,0.794464,-43.540001,-198.940002,-9.87,1770467873.261765
0.30866,0.035136,0.602192,-40.459999,-187.389999,3.78,1770467873.269755
0.390888,0.288408,0.428708,-16.24,-171.919998,36.189999,1770467873.277745
0.38064,0.30256,0.358192,0.21,-148.75,39.060001,1770467873.285775
0.365268,0.373076,0.266448,8.33,-126.279999,43.189999,1770467873.29383
0.358436,0.414068,0.183244,11.2,-106.75,37.66,1770467873.301768
0.355508,0.426512,0.113948,13.23,-85.75,29.469999,1770467873.309755
0.330864,0.422608,0.038308,13.02,-63.209999,24.709999,1770467873.317826
0.288896,0.40016,-0.038308,14.84,-41.369999,18.969999,1770467873.32576
0.244976,0.360144,-0.097356,15.75,-14.0,15.26,1770467873.33376
0.216184,0.325496,-0.106628,16.17,14.35,4.41,1770467873.341763
0.218136,0.288652,-0.037088,11.41,45.990002,0.84,1770467873.349853
0.236436,0.280112,0.116388,7.35,78.889999,-3.92,1770467873.357752
0.255468,0.288164,0.382592,1.4,116.199997,-4.97,1770467873.365764
0.284016,0.255956,0.694912,-7.91,155.259995,-7.49,1770467873.373779
0.274988,0.174704,0.959896,-10.85,196.070007,-10.99,1770467873.381781
0.22082,0.061488,1.213168,-3.15,231.139999,-13.37,1770467873.389795
0.083204,-0.007808,1.548668,9.66,262.290009,-11.69,1770467873.397822
-0.19032,0.066368,1.992504,18.690001,280.980011,-9.87,1770467873.405772
-0.542168,0.163968,2.546872,9.17,278.459991,-3.99,1770467873.41376
-0.791292,0.028792,2.761836,8.33,242.339996,10.08,1770467873.421766
-1.005768,-0.054412,2.405352,18.620001,181.369995,37.240002,1770467873.429796
-1.376648,-0.382104,1.93126,3.78,131.25,26.879999,1770467873.437817
-1.2444,-0.264496,1.4945,-5.46,79.379997,13.23,1770467873.445761
-1.180716,-0.27084,1.35786,-11.27,38.43,8.26,1770467873.453731
-1.130696,-0.247904,1.3725,-14.98,9.45,-4.83,1770467873.461768
-1.06994,-0.206668,1.353712,-23.450001,-4.9,-14.98,1770467873.469774
-0.989908,-0.173972,1.219756,-33.880001,-10.78,-27.51,1770467873.47781
-0.90158,-0.14396,1.032852,-46.689999,-15.33,-39.41,1770467873.485757
-0.802028,-0.109312,0.85522,-55.650002,-18.690001,-49.630001,1770467873.493758
-0.688568,-0.072956,0.7198,-56.07,-26.25,-54.389999,1770467873.501779
-0.598288,-0.039528,0.608536,-45.57,-35.139999,-60.41,1770467873.509762
-0.514596,0.001464,0.517524,-32.970001,-46.549999,-63.07,1770467873.517803
-0.441884,0.051484,0.440664,-19.25,-57.119999,-65.940002,1770467873.525791
-0.371368,0.105408,0.364292,-6.86,-67.059998,-67.970001,1770467873.533763
-0.301584,0.16836,0.291336,5.67,-78.400002,-64.120003,1770467873.541767
-0.23058,0.257908,0.257176,16.870001,-88.550003,-61.740002,1770467873.549761
-0.178364,0.322812,0.257908,29.33,-97.370003,-61.669998,1770467873.557769
-0.1586,0.39162,0.260348,41.23,-99.120003,-63.98,1770467873.565791
-0.059536,0.449936,0.232288,54.669998,-102.410004,-52.080002,1770467873.573762
0.121024,0.504836,0.243024,80.849998,-118.089996,-20.58,1770467873.581763
0.122732,0.50508,0.280844,98.07,-120.959999,-1.26,1770467873.589775
0.129076,0.50386,0.30744,106.889999,-118.089996,15.68,1770467873.597953
0.13054,0.513376,0.3538,101.290001,-106.190002,21.07,1770467873.605786
0.11346,0.521916,0.447008,78.82,-86.099998,30.379999,1770467873.613763
0.0854,0.532896,0.6039,45.779999,-44.310001,31.780001,1770467873.621792
0.067344,0.47824,0.81984,16.799999,14.63,33.110001,1770467873.629763
-0.008784,0.355264,1.096048,-5.11,82.529999,32.41,1770467873.637792
-0.191052,0.209352,1.40544,-17.709999,142.800003,20.370001,1770467873.645816
-0.46604,0.078568,1.76046,-19.110001,193.130005,6.16,1770467873.653743
-0.68808,0.015372,2.034228,-6.65,215.389999,5.39,1770467873.661759
-1.250744,-0.292556,2.21186,-10.01,229.179993,-3.22,1770467873.669759
-1.48962,-0.368928,2.000068,-11.13,183.820007,-16.24,1770467873.677793
-1.696288,-0.499468,1.861476,-6.79,109.059998,-22.26,1770467873.685868
-1.715076,-0.539484,1.731912,-9.1,21.629999,-21.84,1770467873.693759
-1.529636,-0.51972,1.634556,-15.33,-65.730003,-27.860001,1770467873.701771
-1.22244,-0.448716,1.533784,-20.860001,-136.850006,-30.870001,1770467873.709774
-0.87962,-0.355752,1.408612,-24.780001,-182.839996,-33.599998,1770467873.717754
-0.547048,-0.26352,1.302716,-32.689999,-209.509995,-31.57,1770467873.725923
-0.252296,-0.165676,1.193404,-42.419998,-221.410004,-27.65,1770467873.733752
-0.019032,-0.068808,1.039928,-52.009998,-222.600006,-17.99,1770467873.741757
0.112972,0.009272,0.831552,-59.009998,-212.729996,-8.12,1770467873.749764
0.116144,0.043676,0.61732,-54.18,-189.070007,-6.86,1770467873.757744
0.33916,0.027084,0.48068,-55.790001,-186.410004,1.89,1770467873.765757
0.354776,0.26962,0.277916,-30.1,-172.619995,26.110001,1770467873.773876
0.347212,0.279624,0.199348,-18.34,-157.080002,37.73,1770467873.781752
0.35502,0.29158,0.124928,-10.99,-140.0,38.57,1770467873.789986
0.366732,0.31842,0.069052,-4.55,-121.239998,42.98,1770467873.798076
0.358924,0.333304,0.036112,0.0,-98.559998,38.009998,1770467873.805767
0.349164,0.328668,0.001708,12.32,-70.0,32.41,1770467873.813768
0.323056,0.29768,-0.013908,28.0,-38.080002,26.040001,1770467873.821765
0.310612,0.268888,0.017812,44.869999,-1.12,14.91,1770467873.829785
0.309148,0.269376,0.147132,59.5,36.540001,12.11,1770467873.837848
0.324276,0.29036,0.315492,62.23,75.110001,3.71,1770467873.845765
0.336964,0.326472,0.508008,59.639999,113.190002,-3.5,1770467873.853778
0.34648,0.346724,0.734196,51.869999,149.169998,-4.55,1770467873.861762
0.321592,0.327936,0.930128,36.68,183.820007,-9.24,1770467873.869804
0.245952,0.272548,1.110444,24.57,215.25,-13.3,1770467873.877754
0.127856,0.172752,1.326628,14.07,242.130005,-13.23,1770467873.885761
-0.06344,0.111508,1.642852,9.8,266.700012,-7.21,1770467873.893758
-0.340624,0.13176,2.201612,4.13,277.339996,-2.52,1770467873.901884
-0.595848,0.010248,2.593964,-0.98,262.149994,10.78,1770467873.909758
-0.774212,-0.131028,2.451956,6.58,216.929993,35.91,1770467873.917765
-0.995276,-0.151036,2.004948,5.53,159.389999,56.77,1770467873.925767
-1.240252,-0.395768,1.678964,-12.88,123.059998,37.029999,1770467873.933777
-1.227564,-0.477264,1.454728,-16.1,83.93,21.559999,1770467873.941845
-1.24196,-0.437004,1.373476,-19.530001,54.459999,11.55,1770467873.949762
-1.218536,-0.3477,1.312476,-21.42,32.759998,-2.94,1770467873.957743
-1.127036,-0.214232,1.20536,-25.48,19.110001,-23.799999,1770467873.965762
-0.98454,-0.058316,1.049444,-24.780001,5.88,-36.82,1770467873.974029
-0.826672,0.069052,0.903288,-18.34,-8.75,-50.540001,1770467873.982248
-0.71248,0.1342,0.781044,-14.0,-24.219999,-57.82,1770467873.990082
-0.62952,0.152256,0.667584,-19.040001,-39.200001,-58.380001,1770467873.997878
-0.551196,0.177388,0.567056,-22.120001,-52.080002,-60.200001,1770467874.005778
-0.467748,0.197396,0.475312,-23.799999,-64.889999,-59.639999,1770467874.013763
-0.383324,0.200568,0.390156,-21.209999,-74.129997,-60.970001,1770467874.021763
-0.315492,0.230092,0.30988,-17.360001,-83.650002,-54.669998,1770467874.029955
-0.251808,0.222772,0.257908,-13.79,-90.510002,-53.549999,1770467874.037801
-0.180804,0.246684,0.215696,-10.22,-95.900002,-46.48,1770467874.045771
-0.11712,0.284992,0.186172,-2.94,-101.010002,-42.349998,1770467874.053752
-0.083448,0.271328,0.176168,8.33,-108.290001,-45.57,1770467874.061763
-0.033916,0.284504,0.154452,19.32,-106.120003,-41.580002,1770467874.069762
0.165676,0.377712,0.142984,52.779999,-121.099998,-21.49,1770467874.077779
0.19032,0.405528,0.231068,68.949997,-124.879997,9.31,1770467874.085771
0.189344,0.41236,0.30622,85.959999,-116.269997,11.41,1770467874.093757
0.191296,0.427244,0.448716,90.440002,-88.550003,20.65,1770467874.101769
0.176412,0.470188,0.668072,78.82,-39.34,26.809999,1770467874.109777
0.162992,0.518988,0.87718,61.110001,23.73,30.52,1770467874.117761
0.077592,0.510204,1.040172,42.349998,90.510002,37.450001,1770467874.125763
-0.11224,0.414556,1.249524,25.690001,146.720001,31.360001,1770467874.133759
-0.425536,0.33184,1.61406,9.24,198.589996,16.309999,1770467874.141757
-0.67954,0.231312,1.936628,7.91,230.160004,-2.59,1770467874.149752
-1.049444,0.122732,2.148664,20.09,237.020004,1.4,1770467874.157729
-1.424716,-0.124928,2.06912,14.0,210.070007,-1.68,1770467874.165753
-1.696776,-0.342576,1.853912,3.64,140.419998,-15.19,1770467874.173795
-1.782176,-0.509472,1.701656,7.07,52.990002,-20.65,1770467874.181757
-1.680184,-0.5856,1.639192,-4.97,-35.560001,-24.290001,1770467874.189757
-1.399096,-0.597556,1.61162,-11.13,-113.120003,-33.740002,1770467874.197749
-1.056032,-0.5551,1.531588,-16.66,-171.149994,-36.470001,1770467874.20576
-0.696864,-0.492148,1.436184,-27.58,-204.050003,-38.43,1770467874.213754
-0.36844,-0.392352,1.341512,-36.959999,-222.949997,-37.869999,1770467874.221755
-0.106872,-0.219844,1.210728,-46.48,-226.660004,-33.040001,1770467874.229756
0.077104,-0.051972,1.05408,-51.169998,-219.169998,-25.059999,1770467874.237753
0.13176,0.065148,0.890112,-50.889999,-198.869995,-20.23,1770467874.245752
0.151524,0.09028,0.732976,-51.099998,-167.509995,-22.889999,1770467874.253785
0.497272,0.538264,0.449448,-35.209999,-167.509995,7.84,1770467874.261887
0.377956,0.355508,0.403576,-16.030001,-149.660004,21.139999,1770467874.269789
0.36844,0.341844,0.313784,-4.55,-134.75,32.759998,1770467874.277748
0.354044,0.33916,0.228628,3.85,-117.879997,33.669998,1770467874.285739
0.35014,0.329644,0.1586,13.09,-99.68,32.970001,1770467874.293754
0.3355,0.319396,0.08784,19.530001,-78.470001,30.030001,1770467874.301779
0.304268,0.292068,0.010004,24.290001,-54.25,25.129999,1770467874.309859
0.27084,0.258884,-0.05124,25.969999,-26.879999,19.950001,1770467874.317783
0.255712,0.239608,-0.082472,30.309999,1.33,14.77,1770467874.325761
0.263276,0.227896,-0.040992,29.190001,33.810001,9.1,1770467874.333766
0.289872,0.234728,0.07686,28.84,67.620003,5.81,1770467874.341764
0.323544,0.264252,0.308416,24.43,106.120003,2.66,1770467874.349794
0.360144,0.287676,0.647088,20.790001,145.320007,0.77,1770467874.357746
0.367708,0.261324,0.916464,14.35,187.039993,-3.85,1770467874.365762
0.311344,0.172752,1.0919,14.35,228.270004,-5.67,1770467874.373757
0.183,0.089548,1.342488,21.559999,263.130005,-3.36,1770467874.381762
-0.008052,0.082716,1.690676,27.440001,288.679993,2.38,1770467874.389775
-0.3355,0.184708,2.23626,22.889999,295.820007,7.84,1770467874.397904
-0.663192,0.166164,2.61934,9.87,281.26001,12.81,1770467874.405761
-0.866444,0.038552,2.384124,4.83,233.380005,33.740002,1770467874.413764
-1.099464,0.003904,1.781932,-3.01,174.789993,50.400002,1770467874.421747
-1.361276,-0.302072,1.437648,-29.049999,136.289993,23.870001,1770467874.4298
-1.330532,-0.42944,1.272216,-32.900002,96.529999,12.88,1770467874.437789
-1.358592,-0.467748,1.290028,-29.959999,66.989998,2.8,1770467874.445762
-1.370792,-0.419436,1.315892,-33.529999,42.630001,-12.25,1770467874.453751
-1.29076,-0.299876,1.245132,-36.470001,22.75,-25.76,1770467874.461768
-1.149728,-0.155184,1.085068,-39.34,3.92,-36.330002,1770467874.469765
-1.005036,-0.0305,0.921588,-38.43,-18.549999,-48.16,1770467874.477852
-0.855464,0.049532,0.778848,-33.740002,-37.66,-59.290001,1770467874.485766
-0.697352,0.093208,0.671732,-23.450001,-56.279999,-63.91,1770467874.493754
-0.552172,0.136884,0.58316,-9.24,-74.690002,-68.599998,1770467874.501738
-0.427488,0.171776,0.51484,3.43,-88.620003,-66.709999,1770467874.509774
-0.309636,0.228628,0.453596,21.77,-99.75,-67.900002,1770467874.517759
-0.233264,0.29768,0.401136,39.759998,-109.129997,-64.120003,1770467874.525761
-0.177632,0.333792,0.372344,53.200001,-115.080002,-65.029999,1770467874.533856
-0.152744,0.364292,0.350384,65.519997,-118.160004,-67.480003,1770467874.541782
-0.061488,0.40748,0.305732,72.239998,-118.300003,-58.73,1770467874.549772
0.207644,0.549976,0.264496,85.190002,-137.199997,-41.299999,1770467874.557745
0.116388,0.45872,0.24888,90.160004,-146.300003,-20.23,1770467874.565763
0.14274,0.429196,0.199348,83.440002,-151.410004,-6.44,1770467874.573787
0.151524,0.40748,0.140544,70.769997,-147.839996,6.72,1770467874.581765
0.164456,0.400892,0.131516,49.630001,-131.179993,17.92,1770467874.58977
0.169092,0.4148,0.198616,25.200001,-95.199997,26.459999,1770467874.597755
0.165676,0.4209,0.394792,4.34,-38.639999,30.73,1770467874.605771
0.145912,0.38674,0.684664,-9.24,36.75,31.99,1770467874.613769
0.045384,0.328424,1.045296,-13.65,122.43,29.049999,1770467874.621826
-0.137372,0.229604,1.439356,-15.33,200.059998,21.98,1770467874.629759
-0.460184,0.116388,1.841224,-14.91,264.950012,9.66,1770467874.637753
-0.765672,0.071736,2.06058,-4.55,294.910004,9.73,1770467874.645771
-1.382748,-0.214476,2.229184,-10.99,305.339996,9.31,1770467874.653762
-1.763632,-0.3904,1.992992,-19.110001,248.5,-14.35,1770467874.661751
-2.074,-0.563884,1.813408,-23.450001,150.919998,-9.45,1770467874.669866
-2.15696,-0.66734,1.633336,-31.43,36.540001,-21.139999,1770467874.677784
-1.977864,-0.71736,1.525976,-38.150002,-74.760002,-25.27,1770467874.685757
-1.582096,-0.646112,1.461804,-39.41,-160.440002,-30.24,1770467874.69376
-1.1712,-0.503616,1.372744,-39.200001,-218.539993,-35.560001,1770467874.701953
-0.779336,-0.339892,1.286124,-42.209999,-249.270004,-34.23,1770467874.709757
-0.436516,-0.161772,1.1895,-45.57,-261.940002,-35.98,1770467874.717754
-0.171532,0.01098,1.048224,-50.68,-261.029999,-28.629999,1770467874.725762
0.010004,0.153476,0.87474,-50.330002,-251.509995,-23.59,1770467874.733928
0.06588,0.206912,0.707112,-50.68,-233.729996,-24.99,1770467874.74176
0.080764,0.293776,0.516548,-45.990002,-211.259995,-24.709999,1770467874.749777
0.328912,0.442128,0.362584,-23.59,-212.869995,15.89,1770467874.757747
0.33672,0.432856,0.273768,-16.309999,-203.839996,24.780001,1770467874.765756
0.346236,0.402356,0.184708,-14.21,-192.850006,33.950001,1770467874.773815
0.372832,0.382104,0.106872,-12.25,-178.779999,31.43,1770467874.78177
0.390644,0.36356,0.0366,-7.0,-161.630005,30.870001,1770467874.789753
0.395768,0.327204,-0.031476,3.29,-138.110001,29.049999,1770467874.797753
0.382104,0.28304,-0.100284,17.01,-111.860001,25.549999,1770467874.805772
0.365512,0.249124,-0.122976,31.57,-80.010002,19.530001,1770467874.81376
0.377224,0.230336,-0.060024,45.919998,-43.259998,14.7,1770467874.821922
0.41846,0.247904,0.074908,53.41,-3.71,10.29,1770467874.829767
0.466528,0.280844,0.269864,53.549999,37.73,7.91,1770467874.837762
0.508984,0.295728,0.508008,47.669998,79.940002,6.44,1770467874.845765
0.525576,0.285724,0.771528,36.119999,124.949997,6.79,1770467874.853801
0.506788,0.244976,0.993812,30.799999,170.380005,0.0,1770467874.861767
0.45018,0.155672,1.169736,28.35,214.690002,-4.48,1770467874.869755
0.362584,0.016348,1.3847,34.02,254.800003,-5.53,1770467874.877758
0.189344,-0.042944,1.714588,45.57,290.5,3.43,1770467874.885752
-0.036844,0.008052,2.311412,44.240002,310.23999,9.1,1770467874.893797
-0.31476,-0.124928,2.766472,33.110001,303.660004,21.77,1770467874.901937
-0.552416,-0.194712,2.584692,28.35,266.700012,44.380001,1770467874.909758
-0.766404,-0.193248,2.169892,22.889999,203.0,60.060001,1770467874.917806
-1.124596,-0.462136,1.779248,-0.63,182.279999,41.369999,1770467874.925783
-1.135576,-0.46238,1.46156,-7.07,144.410004,22.540001,1770467874.933756
-1.200724,-0.391864,1.349564,-7.42,118.230003,4.13,1770467874.941762
-1.2383,-0.278892,1.315404,-15.82,92.540001,-11.48,1770467874.949757
-1.220244,-0.16348,1.253428,-23.799999,71.330002,-28.209999,1770467874.957853
-1.153388,-0.063928,1.102392,-37.099998,52.290001,-37.52,1770467874.965759
-1.05042,0.008052,0.898652,-46.549999,26.6,-44.66,1770467874.974512
-0.944524,0.069052,0.720776,-54.740002,3.01,-51.310001,1770467874.9819
-0.841068,0.08906,0.584136,-54.669998,-21.209999,-58.169998,1770467874.98997
-0.735416,0.106872,0.496784,-50.400002,-41.02,-59.639999,1770467874.99777
-0.625372,0.124928,0.427976,-39.549999,-59.290001,-60.619999,1770467875.005773
-0.527528,0.162016,0.350628,-26.110001,-72.309998,-61.32,1770467875.013722
-0.433832,0.216184,0.281088,-10.08,-83.650002,-59.43,1770467875.021807
-0.346968,0.283284,0.235948,4.55,-94.639999,-56.700001,1770467875.029792
-0.28792,0.327204,0.210084,15.54,-104.790001,-55.369999,1770467875.03777
-0.248148,0.381372,0.1952,22.540001,-113.120003,-59.849998,1770467875.045768
-0.134688,0.474824,0.165432,32.34,-119.980003,-49.209999,1770467875.053777
0.061976,0.613172,0.142008,48.02,-140.910004,-36.75,1770467875.061892
0.109556,0.571936,0.1891,61.880001,-154.070007,-14.7,1770467875.069805
0.139568,0.5612,0.214476,72.449997,-159.529999,0.49,1770467875.077761
0.166408,0.532652,0.244732,76.650002,-154.070007,13.79,1770467875.085752
0.1891,0.517036,0.327204,66.639999,-132.509995,23.66,1770467875.09375
0.202032,0.537776,0.492392,46.619999,-90.160004,32.200001,1770467875.101827
0.225456,0.569252,0.68808,21.84,-27.790001,40.25,1770467875.109761
0.219356,0.535336,0.8967,3.01,43.959999,45.43,1770467875.117755
0.1159,0.428952,1.110688,-12.74,111.93,45.220001,1770467875.125751
-0.09882,0.320128,1.453752,-21.559999,178.289993,35.77,1770467875.133736
-0.477264,0.18666,1.88002,-21.98,242.899994,13.79,1770467875.141768
-0.668072,0.03904,2.187704,-7.77,269.079987,14.49,1770467875.149791
-1.025288,-0.05246,2.119872,-5.46,250.039993,25.129999,1770467875.157773
-1.5006,-0.366976,1.92516,-16.24,201.809998,9.31,1770467875.165762
-1.70068,-0.564372,1.695068,-15.68,125.720001,7.49,1770467875.173753
-1.767536,-0.66612,1.5616,-17.219999,36.189999,-1.05,1770467875.181755
-1.635532,-0.680272,1.491084,-17.219999,-52.990002,-12.81,1770467875.189755
-1.340536,-0.604388,1.4213,-17.99,-128.449997,-22.120001,1770467875.197747
-0.992348,-0.485804,1.328824,-14.91,-177.520004,-27.860001,1770467875.205802
-0.645136,-0.335744,1.239276,-15.68,-204.399994,-30.24,1770467875.213736
-0.358192,-0.179096,1.14192,-16.940001,-217.490005,-29.190001,1770467875.221755
-0.124196,-0.018788,1.007964,-25.48,-218.330002,-19.67,1770467875.229759
0.028548,0.110776,0.830088,-34.23,-209.649994,-10.22,1770467875.237751
0.07442,0.148596,0.673196,-38.639999,-193.410004,-4.06,1770467875.245755
0.08906,0.116876,0.528748,-43.540001,-169.539993,-6.86,1770467875.253754
0.376248,0.300608,0.366732,-37.450001,-161.630005,11.13,1770467875.261767
0.293532,0.23302,0.315248,-29.33,-145.320007,29.75,1770467875.269852
0.302316,0.224968,0.250832,-21.42,-130.550003,33.669998,1770467875.277757
0.29646,0.233752,0.194712,-16.309999,-115.639999,38.779999,1770467875.28574
0.296948,0.2379,0.152012,-8.47,-97.790001,37.029999,1770467875.293753
0.296216,0.213256,0.121024,6.09,-77.07,34.439999,1770467875.301799
0.28426,0.162016,0.085156,22.120001,-50.889999,28.700001,1770467875.309916
0.267912,0.133468,0.05612,38.779999,-25.9,22.049999,1770467875.317755
0.278404,0.140544,0.102724,53.549999,3.78,17.709999,1770467875.325764
0.307684,0.176656,0.228628,56.560001,36.049999,13.09,1770467875.333762
0.336964,0.240828,0.438956,55.23,70.0,12.25,1770467875.34177
0.371612,0.292312,0.730536,41.09,107.309998,7.91,1770467875.349835
0.375028,0.281088,0.956236,23.52,147.070007,8.05,1770467875.35774
0.313296,0.186416,1.075552,14.77,183.960007,8.19,1770467875.365764
0.212524,0.0915,1.259528,11.48,217.070007,13.44,1770467875.373771
0.080032,0.07442,1.580632,13.86,244.020004,15.33,1770467875.381888
-0.112972,0.146156,2.084736,9.8,258.929993,17.57,1770467875.389766
-0.321104,0.08296,2.482212,1.47,251.229996,28.84,1770467875.397751
-0.562176,-0.071492,2.484408,0.77,219.309998,44.59,1770467875.405781
-0.688568,-0.097356,2.104012,1.89,166.600006,62.580002,1770467875.413902
-1.01504,-0.225212,1.772904,-6.51,139.089996,69.440002,1770467875.421759
-1.070184,-0.306952,1.474004,-24.92,119.07,27.16,1770467875.429781
-1.064816,-0.33306,1.345416,-23.66,98.839996,9.73,1770467875.437756
-1.081408,-0.2989,1.30784,-26.530001,85.260002,-3.92,1770467875.445765
-1.086532,-0.244244,1.24928,-30.309999,70.769997,-22.469999,1770467875.453759
-1.03944,-0.148596,1.134356,-39.549999,56.84,-31.99,1770467875.46177
-0.979172,-0.037088,0.973316,-46.759998,38.779999,-40.529999,1770467875.469901
-0.907436,0.027328,0.836188,-52.779999,18.549999,-48.16,1770467875.477764
-0.822524,0.055632,0.72346,-52.779999,-0.56,-51.099998,1770467875.485769
-0.729072,0.091012,0.617564,-44.450001,-19.110001,-53.759998,1770467875.493784
-0.63562,0.119072,0.532408,-30.24,-34.439999,-55.439999,1770467875.501793
-0.52582,0.162992,0.438712,-14.14,-50.049999,-57.75,1770467875.509775
-0.436028,0.206424,0.34648,3.57,-66.360001,-57.610001,1770467875.517759
-0.338184,0.252052,0.270596,23.450001,-78.400002,-59.220001,1770467875.525752
-0.25376,0.295972,0.24034,44.099998,-90.089996,-57.189999,1770467875.533775
-0.205936,0.31964,0.243756,61.669998,-98.0,-60.27,1770467875.54178
-0.149572,0.377468,0.248148,75.739998,-98.980003,-60.900002,1770467875.549767
-0.029768,0.453596,0.238632,89.110001,-104.580002,-50.889999,1770467875.557742
0.085644,0.468968,0.25864,98.980003,-126.769997,-20.09,1770467875.565762
0.105164,0.471896,0.252784,96.879997,-132.300003,-3.5,1770467875.573764
0.105164,0.450424,0.230336,81.410004,-128.100006,16.17,1770467875.581865
0.099064,0.42822,0.238144,58.66,-111.440002,27.16,1770467875.589768
0.0854,0.42456,0.311832,36.68,-76.860001,36.540001,1770467875.597757
0.073688,0.431392,0.460428,16.66,-21.139999,38.220001,1770467875.605785
0.051972,0.391376,0.660508,3.08,50.049999,34.439999,1770467875.613759
-0.052216,0.28304,0.953308,-8.12,123.760002,34.09,1770467875.62176
-0.244488,0.159576,1.274168,-13.09,191.520004,24.15,1770467875.629781
-0.49288,0.040992,1.65066,-2.31,251.089996,15.82,1770467875.637809
-0.808128,-0.02196,1.99958,24.219999,281.470001,20.65,1770467875.645756
-1.496696,-0.395524,2.213324,22.540001,300.230011,10.5,1770467875.653768
-1.779492,-0.469212,2.019832,21.0,241.710007,7.49,1770467875.661774
-2.044476,-0.575352,1.85196,13.44,147.979996,4.06,1770467875.669759
-2.100108,-0.621956,1.677012,-3.78,35.0,-3.71,1770467875.677819
-1.90198,-0.634644,1.558916,-16.450001,-79.800003,-16.73,1770467875.685793
-1.537688,-0.559736,1.490108,-30.1,-162.330002,-13.37,1770467875.693817
-1.145824,-0.443348,1.428132,-36.330002,-213.080002,-21.0,1770467875.70175
-0.765428,-0.313296,1.35298,-46.200001,-239.539993,-21.35,1770467875.709779
-0.461648,-0.183732,1.253184,-54.32,-247.940002,-23.940001,1770467875.717759
-0.20496,-0.059048,1.108492,-59.57,-245.839996,-18.34,1770467875.725748
-0.009516,0.057828,0.938424,-60.41,-234.080002,-8.89,1770467875.733763
0.083692,0.145424,0.76372,-52.779999,-214.270004,-6.86,1770467875.741774
0.094672,0.142008,0.636352,-46.619999,-186.830002,-8.47,1770467875.749831
0.569496,0.581696,0.365512,-31.780001,-179.410004,5.11,1770467875.757744
0.314028,0.49044,0.354288,-6.65,-173.110001,15.68,1770467875.765753
0.319396,0.517768,0.281576,2.87,-162.75,28.35,1770467875.773767
0.32086,0.505324,0.21594,9.66,-152.669998,30.73,1770467875.781774
0.326228,0.487512,0.158356,10.64,-140.070007,27.719999,1770467875.789857
0.32208,0.453596,0.104188,10.43,-122.639999,29.049999,1770467875.797756
0.309392,0.401868,0.023912,12.81,-101.639999,21.07,1770467875.805775
0.27816,0.345748,-0.054168,13.58,-77.769997,20.299999,1770467875.813792
0.27572,0.309148,-0.100772,18.34,-50.470001,6.86,1770467875.821771
0.296704,0.304756,-0.082228,19.67,-20.23,1.33,1770467875.829764
0.347212,0.328424,0.040748,21.629999,16.799999,-3.71,1770467875.837788
0.429928,0.358192,0.299632,20.860001,56.98,-4.62,1770467875.845823
0.515328,0.364292,0.610732,17.780001,99.959999,-4.2,1770467875.853768
0.552172,0.298412,0.850096,19.32,142.309998,-5.81,1770467875.861773
0.527284,0.201544,1.023092,23.870001,184.520004,-7.77,1770467875.869816
0.448716,0.14274,1.211704,36.75,227.710007,-5.6,1770467875.877765
0.270596,0.099064,1.490108,45.009998,267.609985,-2.73,1770467875.88576
-0.002684,0.153232,1.905396,42.630001,299.320007,2.66,1770467875.893767
-0.27206,0.195444,2.382904,23.870001,314.790009,4.83,1770467875.901769
-0.532652,-0.00122,2.569808,7.35,299.950012,22.049999,1770467875.909792
-0.717848,-0.152744,2.252852,5.74,258.720001,49.700001,1770467875.917757
-0.996252,-0.203008,1.83854,-1.33,206.639999,71.82,1770467875.92576
-1.291248,-0.476532,1.531588,-32.41,172.970001,30.17,1770467875.933764
-1.323944,-0.579012,1.349564,-30.66,135.589996,28.700001,1770467875.941887
-1.3664,-0.532896,1.283196,-30.1,101.080002,5.46,1770467875.949779
-1.35054,-0.444812,1.221952,-31.290001,73.290001,-10.99,1770467875.957749
-1.257576,-0.29768,1.095316,-31.01,50.189999,-25.129999,1770467875.965763
-1.12362,-0.134932,0.95282,-27.790001,31.780001,-37.52,1770467875.974083
-0.976976,-0.00488,0.851072,-20.65,14.28,-53.27,1770467875.981939
-0.83936,0.104188,0.768112,-8.54,-1.33,-63.700001,1770467875.989987
-0.725412,0.185928,0.707356,3.78,-12.46,-64.120003,1770467875.997763
-0.606828,0.242292,0.642208,19.32,-27.299999,-70.629997,1770467876.006083
-0.512156,0.28548,0.573156,31.57,-39.130001,-64.470001,1770467876.013877
-0.4514,0.3294,0.502884,43.610001,-51.240002,-63.98,1770467876.02176
-0.40626,0.342332,0.432856,52.009998,-62.860001,-69.019997,1770467876.029779
-0.29524,0.43432,0.328912,59.43,-73.989998,-56.91,1770467876.037799
-0.269864,0.441152,0.274744,62.09,-88.550003,-46.619999,1770467876.045769
-0.217648,0.454084,0.226432,59.009998,-102.129997,-34.509998,1770467876.053773
-0.17324,0.452864,0.183488,53.830002,-114.730003,-27.65,1770467876.061834
-0.122244,0.4392,0.132492,47.529999,-125.089996,-23.030001,1770467876.069831
-0.026352,0.475556,0.09028,47.25,-132.089996,-17.43,1770467876.077756
0.110532,0.50508,0.075884,47.880001,-139.720001,-4.27,1770467876.085755
0.068076,0.48556,0.111264,41.860001,-129.220001,13.44,1770467876.093751
0.061488,0.479948,0.198616,30.59,-97.440002,22.959999,1770467876.101878
0.047336,0.476776,0.39894,16.309999,-40.599998,33.18,1770467876.109813
0.003172,0.43432,0.696132,4.76,36.330002,33.32,1770467876.117739
-0.101016,0.324276,1.024312,-11.9,116.620003,29.82,1770467876.125802
-0.279868,0.174704,1.333704,-28.42,189.419998,22.889999,1770467876.133743
-0.521672,0.038308,1.607716,-34.299999,242.339996,17.57,1770467876.141751
-0.873276,-0.01586,1.792424,-18.34,267.049988,20.860001,1770467876.149756
-1.572336,-0.403332,1.963956,-19.530001,283.570007,-9.24,1770467876.15773
-1.836344,-0.544608,1.877336,-12.53,223.020004,-7.77,1770467876.165759
-2.131096,-0.619516,1.753628,-15.12,125.860001,-9.38,1770467876.173748
-2.2021,-0.703452,1.59454,-24.43,6.44,-11.55,1770467876.181816
-1.96054,-0.737612,1.47986,-28.91,-101.43,-15.05,1770467876.189756
-1.568432,-0.649284,1.436672,-24.780001,-180.880005,-22.68,1770467876.197748
-1.145336,-0.482144,1.398852,-21.98,-229.809998,-25.27,1770467876.205771
-0.76006,-0.28304,1.35786,-21.35,-252.630005,-31.01,1770467876.213769
-0.436516,-0.092964,1.270508,-23.59,-260.049988,-30.940001,1770467876.221811
-0.167384,0.059292,1.1224,-27.440001,-253.610001,-26.950001,1770467876.229758
0.008784,0.15372,0.909876,-30.030001,-242.759995,-18.549999,1770467876.237727
0.056364,0.175436,0.705404,-28.0,-219.309998,-18.34,1770467876.245754
0.073688,0.176412,0.507276,-24.219999,-191.940002,-20.58,1770467876.253758
0.265228,0.421388,0.319152,-4.27,-186.759995,23.1,1770467876.261755
0.29768,0.511424,0.21106,6.93,-179.479996,31.5,1770467876.26977
0.284016,0.552904,0.127368,10.43,-170.309998,39.41,1770467876.277809
0.284748,0.557296,0.09638,7.35,-158.759995,39.34,1770467876.285743
0.299388,0.529968,0.083692,8.19,-146.089996,35.77,1770467876.293754
0.315736,0.487756,0.058804,11.41,-127.330002,32.549999,1770467876.301762
0.305488,0.437004,-0.001708,19.32,-105.629997,21.629999,1770467876.309823
0.294752,0.388692,-0.04636,31.360001,-79.309998,13.44,1770467876.317799
0.300364,0.371368,-0.04514,42.209999,-49.419998,3.57,1770467876.325797
0.320372,0.366,0.026352,48.439999,-16.309999,-4.83,1770467876.333758
0.366,0.37576,0.166408,45.639999,17.99,-13.37,1770467876.341761
0.406016,0.395524,0.3721,42.209999,54.389999,-19.25,1770467876.349795
0.437248,0.387716,0.616588,32.759998,93.309998,-18.690001,1770467876.357908
0.424316,0.33184,0.832772,25.059999,137.619995,-19.32,1770467876.365757
0.371124,0.234972,1.041636,18.34,181.929993,-16.24,1770467876.373756
0.28304,0.134444,1.32492,11.9,224.070007,-8.33,1770467876.381761
0.11712,0.077836,1.728008,3.43,254.940002,-4.34,1770467876.389755
-0.121756,0.107116,2.327028,-7.98,278.25,-1.05,1770467876.397813
-0.343796,0.027816,2.778428,-22.540001,283.920013,8.26,1770467876.405771
-0.588772,-0.2196,2.70352,-16.59,266.140015,37.799999,1770467876.413799
-0.72834,-0.257908,2.150128,-1.54,220.779999,62.16,1770467876.421753
-1.264896,-0.559736,1.839516,-11.83,189.139999,70.559998,1770467876.429814
-1.246596,-0.544608,1.395436,-24.57,143.990005,33.950001,1770467876.438356
-1.288808,-0.532408,1.275144,-31.43,111.160004,14.42,1770467876.446007
-1.307352,-0.451156,1.279536,-29.540001,83.089996,3.15,1770467876.454166
-1.253916,-0.304512,1.256844,-26.879999,62.23,-13.3,1770467876.461829
-1.143384,-0.124196,1.145336,-22.68,42.630001,-27.299999,1770467876.469768
-1.022116,0.029524,0.992348,-17.57,21.91,-33.389999,1770467876.477753
-0.904264,0.160552,0.855464,-12.53,3.36,-49.07,1770467876.4858
-0.7747,0.24522,0.758596,-5.39,-11.69,-55.09,1770467876.493903
-0.659288,0.295728,0.676124,2.1,-23.799999,-55.93,1770467876.501745
-0.552172,0.332816,0.597312,10.99,-36.049999,-56.139999,1770467876.509805
-0.468968,0.333548,0.505324,18.549999,-48.23,-52.220001,1770467876.517787
-0.412116,0.32452,0.39772,24.92,-61.880001,-52.990002,1770467876.525755
-0.360632,0.310368,0.2928,25.41,-73.57,-51.310001,1770467876.533743
-0.281332,0.369904,0.197152,29.68,-88.410004,-44.799999,1770467876.541872
-0.23668,0.391864,0.14152,29.540001,-101.220001,-43.889999,1770467876.549796
-0.173484,0.41236,0.09882,29.68,-114.940002,-46.27,1770467876.557758
-0.12078,0.392352,0.086376,27.860001,-126.07,-47.32,1770467876.565762
-0.03172,0.438224,0.066368,32.34,-129.360001,-52.290001,1770467876.573755
0.20496,0.512156,0.061732,46.619999,-142.940002,-26.389999,1770467876.581793
0.175924,0.51484,0.101748,55.02,-137.130005,-7.21,1770467876.589772
0.18788,0.493124,0.135664,53.619999,-118.860001,12.18,1770467876.597756
0.198616,0.45262,0.197884,44.869999,-84.559998,27.23,1770467876.605843
0.186416,0.40504,0.350628,35.560001,-29.959999,36.330002,1770467876.613773
0.138104,0.345016,0.586088,23.73,45.009998,45.43,1770467876.621783
0.039528,0.243024,0.86132,8.68,126.559998,42.560001,1770467876.629766
-0.152256,0.127856,1.167296,-9.24,201.600006,43.330002,1770467876.637788
-0.438224,0.026352,1.513776,-27.65,266.48999,28.700001,1770467876.645766
-0.65636,-0.038308,1.77876,-26.110001,308.48999,26.6,1770467876.653762
-1.3054,-0.346724,2.06302,-4.69,351.679993,39.130001,1770467876.661815
-1.65676,-0.568032,2.018124,-4.41,329.0,26.6,1770467876.669758
-2.09962,-0.62952,1.849032,-1.89,241.5,23.870001,1770467876.677769
-2.341424,-0.637816,1.658468,-14.14,121.940002,18.76,1770467876.685903
-2.301652,-0.617808,1.498892,-25.549999,-3.64,8.54,1770467876.693797
-1.947852,-0.504836,1.42862,-23.24,-117.529999,0.98,1770467876.701761
-1.532076,-0.32208,1.391044,-19.18,-190.539993,-5.88,1770467876.709808
-1.14314,-0.16348,1.335656,-18.34,-228.690002,-16.59,1770467876.717759
-0.77836,-0.0244,1.259772,-19.459999,-244.509995,-24.5,1770467876.725762
-0.483364,0.104188,1.150216,-21.559999,-244.860001,-28.629999,1770467876.733757
-0.2196,0.188368,1.005036,-21.91,-237.160004,-24.360001,1770467876.74185
-0.033428,0.238144,0.833504,-21.35,-225.889999,-18.549999,1770467876.749795
0.013908,0.235704,0.680028,-14.35,-206.220001,-16.73,1770467876.757764
0.049532,0.27694,0.514108,-6.58,-182.139999,-18.129999,1770467876.765765
0.304512,0.471164,0.370392,10.22,-188.509995,10.08,1770467876.773809
0.2806,0.560956,0.305732,18.200001,-174.649994,28.07,1770467876.78185
0.292068,0.585356,0.242292,16.799999,-160.860001,29.959999,1770467876.789761
0.300608,0.600972,0.171776,12.88,-148.539993,25.9,1770467876.797757
0.311832,0.58194,0.103944,10.64,-134.75,27.719999,1770467876.805747
0.31842,0.54046,0.027572,10.36,-118.019997,17.360001,1770467876.813772
0.308172,0.496052,-0.04514,11.55,-97.230003,13.58,1770467876.821867
0.304512,0.467992,-0.121024,13.3,-70.699997,2.1,1770467876.829776
0.315492,0.4697,-0.141032,14.63,-37.450001,0.42,1770467876.837758
0.347944,0.48068,-0.081496,10.78,2.66,-1.26,1770467876.845761
0.3904,0.487512,0.096624,7.07,48.439999,-1.26,1770467876.853762
0.45018,0.476044,0.395036,3.22,97.510002,0.35,1770467876.861902
0.468236,0.426756,0.658556,-2.45,148.960007,0.49,1770467876.869771
0.402112,0.309392,0.86986,-0.63,201.460007,11.41,1770467876.877762
0.267424,0.20008,1.16632,-5.74,250.460007,15.12,1770467876.885765
0.065148,0.144204,1.523536,-15.54,291.899994,21.98,1770467876.893796
-0.207644,0.082472,2.01666,-27.23,322.279999,18.83,1770467876.901773
-0.608048,0.021472,2.641788,-38.360001,344.470001,19.040001,1770467876.909811
-0.814716,-0.22204,2.701324,-36.189999,327.390015,38.009998,1770467876.917764
-1.12972,-0.343064,2.087908,-24.780001,273.559998,68.110001,1770467876.925854
-1.540128,-0.716628,1.498892,-39.970001,214.059998,43.330002,1770467876.933769
-1.563796,-0.828136,1.18462,-35.91,149.520004,26.67,1770467876.941769
-1.612596,-0.781044,1.163148,-26.74,84.419998,18.059999,1770467876.949765
-1.574044,-0.609512,1.285636,-13.44,36.400002,6.93,1770467876.957807
-1.430084,-0.365268,1.322724,-6.65,7.0,-7.0,1770467876.96576
-1.223904,-0.110288,1.227076,-3.57,-17.360001,-22.82,1770467876.974512
-1.019188,0.089792,1.067988,-0.56,-31.219999,-34.369999,1770467876.98207
-0.850584,0.214964,0.929396,3.08,-38.990002,-46.060001,1770467876.989889
-0.705404,0.286456,0.815448,10.99,-41.509998,-53.200001,1770467876.997764
-0.584136,0.324276,0.711504,17.43,-43.540001,-54.669998,1770467877.005904
-0.502884,0.334768,0.60634,24.08,-45.43,-49.77,1770467877.01377
-0.43554,0.331596,0.497516,28.42,-53.130001,-47.599998,1770467877.021766
-0.386008,0.337452,0.386008,30.59,-59.990002,-40.459999,1770467877.029831
-0.339648,0.361852,0.295484,31.08,-72.870003,-38.849998,1770467877.037778
-0.290604,0.38064,0.238876,31.290001,-84.910004,-39.060001,1770467877.045775
-0.255224,0.395036,0.20008,30.309999,-97.089996,-36.75,1770467877.053823
-0.228872,0.415044,0.160552,29.68,-105.209999,-45.150002,1770467877.0618
-0.129808,0.431392,0.125904,31.01,-111.440002,-40.389999,1770467877.069773
-0.050752,0.46238,0.088084,35.209999,-121.379997,-37.380001,1770467877.07776
0.084424,0.507276,0.033916,42.419998,-131.389999,-18.129999,1770467877.085756
0.080276,0.483364,0.08052,44.310001,-132.160004,-8.54,1770467877.093769
0.084912,0.458232,0.109556,39.970001,-117.110001,11.76,1770467877.101836
0.079056,0.442128,0.193492,25.059999,-83.440002,21.42,1770467877.110106
0.055632,0.41846,0.366488,13.65,-29.959999,33.459999,1770467877.117831
-0.004148,0.366244,0.641476,0.91,44.73,45.290001,1770467877.125783
-0.137372,0.286944,0.953064,-15.19,121.519997,43.959999,1770467877.133751
-0.352824,0.206668,1.25172,-30.799999,194.179993,42.84,1770467877.141763
-0.627568,0.084424,1.47864,-39.200001,256.690002,30.940001,1770467877.149749
-0.992592,0.080276,1.628456,-22.889999,298.829987,32.619999,1770467877.157761
-1.608204,-0.453596,1.912716,-20.65,317.589996,21.49,1770467877.165771
-1.88246,-0.5185,1.801452,-14.21,253.470001,14.21,1770467877.173737
-2.195756,-0.577548,1.697996,-14.14,150.080002,17.360001,1770467877.181756
-2.300432,-0.65514,1.597712,-23.030001,31.290001,12.74,1770467877.18975
-2.084492,-0.677344,1.483764,-25.34,-87.639999,4.69,1770467877.197748
-1.674328,-0.564616,1.412272,-21.209999,-174.089996,0.42,1770467877.205754
-1.23952,-0.36966,1.340292,-16.030001,-225.75,-8.12,1770467877.213898
-0.860588,-0.169336,1.27002,-14.35,-251.300003,-13.23,1770467877.22174
-0.531676,0.019764,1.188036,-15.89,-258.720001,-19.879999,1770467877.229876
-0.246196,0.14884,1.07726,-20.23,-256.480011,-16.52,1770467877.237792
-0.04636,0.228384,0.905972,-24.01,-246.470001,-12.6,1770467877.245763
0.044652,0.237168,0.726632,-24.08,-232.399994,-11.55,1770467877.25374
0.0793,0.203984,0.5612,-19.67,-207.270004,-14.28,1770467877.261748
0.4636,0.495808,0.377956,-2.1,-208.740005,5.95,1770467877.269769
0.336476,0.477264,0.315004,13.02,-196.070007,22.959999,1770467877.277758
0.35014,0.520452,0.274012,17.43,-181.369995,26.6,1770467877.285851
0.360876,0.543144,0.221796,18.76,-167.300003,29.469999,1770467877.29377
0.375516,0.550464,0.157136,18.9,-152.179993,23.52,1770467877.30176
0.376004,0.528992,0.091744,21.98,-134.75,21.07,1770467877.309787
0.367464,0.493612,0.022936,23.24,-111.300003,15.12,1770467877.317809
0.349164,0.454572,-0.062708,22.959999,-85.330002,9.73,1770467877.325755
0.348188,0.421632,-0.114436,19.25,-52.990002,4.27,1770467877.333756
0.3721,0.404796,-0.094916,13.23,-13.86,-1.4,1770467877.341761
0.416996,0.398208,0.056364,10.01,34.439999,-3.92,1770467877.349825
0.47092,0.37088,0.31232,9.1,84.839996,-9.1,1770467877.357755
0.488488,0.289872,0.594384,12.53,140.699997,-7.35,1770467877.36575
0.443592,0.189588,0.832528,16.309999,195.929993,-2.94,1770467877.37376
0.3477,0.070516,1.13338,18.690001,244.929993,-0.14,1770467877.381764
0.186172,0.05856,1.527684,9.24,288.820007,8.4,1770467877.389843
-0.075396,0.126392,2.078148,-0.7,328.929993,8.61,1770467877.397792
-0.398696,0.177388,2.721332,-19.459999,354.339996,15.4,1770467877.405763
-0.689056,-0.054656,2.896524,-32.970001,350.209991,34.439999,1770467877.413796
-0.86376,-0.236924,2.373144,-23.450001,300.160004,57.889999,1770467877.421766
-1.175104,-0.309636,1.67018,-16.66,242.479996,82.599998,1770467877.429761
-1.484252,-0.578036,1.282708,-32.48,186.830002,33.110001,1770467877.437788
-1.509872,-0.61854,1.1041,-30.24,132.580002,22.4,1770467877.445764
-1.505724,-0.531676,1.13582,-26.67,86.660004,1.33,1770467877.453765
-1.421056,-0.385764,1.178764,-17.99,53.759998,-8.82,1770467877.461755
-1.251232,-0.19276,1.135088,-8.47,27.299999,-29.469999,1770467877.469808
-1.089948,0.000976,1.022848,-2.03,8.4,-38.220001,1770467877.4778
-0.940132,0.140544,0.904996,6.09,-7.0,-52.220001,1770467877.485763
-0.809348,0.246196,0.793,10.99,-17.780001,-59.849998,1770467877.49376
-0.70516,0.314516,0.681736,16.309999,-26.459999,-55.93,1770467877.501764
-0.608536,0.356728,0.566568,21.700001,-35.700001,-56.209999,1770467877.509866
-0.521916,0.380152,0.466284,24.57,-47.669998,-55.16,1770467877.517788
-0.460184,0.388448,0.361364,28.42,-59.360001,-52.639999,1770467877.525759
-0.407724,0.400892,0.272304,31.57,-71.400002,-56.139999,1770467877.533741
-0.314272,0.436516,0.2013,36.049999,-81.760002,-57.259998,1770467877.541869
-0.245464,0.473848,0.176168,40.110001,-92.120003,-51.799999,1770467877.549784
-0.19764,0.482144,0.17568,42.77,-99.75,-50.189999,1770467877.557874
-0.153964,0.471164,0.163724,44.450001,-102.199997,-49.419998,1770467877.565746
-0.07442,0.467748,0.150548,45.220001,-103.459999,-44.029999,1770467877.573766
0.017812,0.457988,0.142984,47.740002,-102.760002,-29.4,1770467877.581766
0.081984,0.468968,0.145424,44.169998,-103.32,-5.04,1770467877.589791
0.068808,0.457012,0.167872,36.959999,-87.220001,11.9,1770467877.597886
0.040504,0.433832,0.216184,24.92,-56.98,26.25,1770467877.605759
-0.023912,0.402112,0.339892,13.58,-3.36,35.279999,1770467877.61379
-0.127368,0.351848,0.55876,4.9,65.730003,45.290001,1770467877.621764
-0.290116,0.312564,0.869128,-7.56,137.199997,44.310001,1770467877.629766
-0.524844,0.277916,1.194868,-31.43,202.789993,38.639999,1770467877.637838
-0.826428,0.2135,1.433988,-52.009998,256.619995,26.459999,1770467877.645784
-1.175348,0.129076,1.638948,-53.34,288.119995,21.07,1770467877.65376
-1.716296,-0.494832,1.945412,-47.529999,283.570007,22.959999,1770467877.661885
-2.090348,-0.652944,1.838784,-26.809999,214.339996,16.030001,1770467877.669775
-2.394616,-0.774944,1.687016,-22.120001,105.839996,16.59,1770467877.677751
-2.417064,-0.838872,1.507432,-25.129999,-20.860001,6.37,1770467877.685749
-2.086688,-0.825208,1.386408,-22.959999,-142.660004,-4.2,1770467877.69378
-1.626504,-0.709064,1.345904,-15.12,-223.089996,-9.45,1770467877.701762
-1.16876,-0.540704,1.308572,-10.22,-267.470001,-21.700001,1770467877.709852
-0.759816,-0.341112,1.259772,-5.67,-286.51001,-32.34,1770467877.717761
-0.422608,-0.126148,1.20536,-4.13,-285.600006,-39.41,1770467877.725764
-0.152012,0.076616,1.116788,-4.55,-274.26001,-41.02,1770467877.733779
0.039284,0.24888,0.982344,-6.09,-254.729996,-40.880001,1770467877.741761
0.079544,0.282064,0.824476,-7.77,-227.080002,-42.700001,1770467877.749767
0.116876,0.393084,0.60512,-4.2,-199.289993,-54.810001,1770467877.757756
0.366732,0.609024,0.467504,13.51,-191.869995,-18.9,1770467877.765888
0.360632,0.636352,0.44408,15.68,-176.679993,-2.52,1770467877.773766
0.370636,0.632448,0.387228,13.86,-158.970001,11.41,1770467877.781751
0.398452,0.58316,0.328668,9.8,-142.660004,1.75,1770467877.789759
0.406992,0.51362,0.265472,11.27,-124.25,11.76,1770467877.797767
0.400892,0.452864,0.20618,14.0,-104.580002,3.01,1770467877.805896
0.374052,0.401136,0.125172,14.42,-81.199997,0.07,1770467877.813769
0.332328,0.352092,0.010492,16.24,-59.080002,-4.97,1770467877.821767
0.285236,0.331596,-0.094916,13.09,-35.560001,-9.87,1770467877.829764
0.269376,0.321836,-0.1464,11.13,-9.38,-12.6,1770467877.837779
0.285968,0.316468,-0.099796,11.13,23.030001,-17.639999,1770467877.845841
0.321836,0.308904,0.069784,16.450001,61.32,-19.459999,1770467877.853752
0.373564,0.326472,0.340136,22.190001,103.529999,-21.209999,1770467877.861754
0.41114,0.332084,0.644892,27.299999,147.419998,-17.290001,1770467877.869804
0.373076,0.279624,0.881084,24.639999,192.850006,-10.22,1770467877.877856
0.260836,0.213744,1.136796,20.860001,234.639999,-2.45,1770467877.885751
0.099064,0.132004,1.483764,5.88,270.480011,8.54,1770467877.89376
-0.125904,0.094428,1.939312,-10.43,297.149994,13.65,1770467877.901823
-0.46116,0.03904,2.454152,-29.889999,314.369995,14.98,1770467877.909766
-0.727364,-0.18178,2.634956,-31.99,307.649994,28.629999,1770467877.917769
-0.825696,-0.326716,2.138172,-21.700001,260.119995,61.740002,1770467877.925766
-1.553548,-0.863516,1.630408,-26.32,224.419998,56.0,1770467877.933831
-1.429352,-0.858636,1.203164,-23.450001,178.149994,30.73,1770467877.941755
-1.519876,-0.855464,1.128988,-14.91,129.289993,14.7,1770467877.949762
-1.572092,-0.7137,1.235372,-4.27,90.860001,5.6,1770467877.957753
-1.527196,-0.454084,1.319064,0.0,58.66,-10.22,1770467877.965854
-1.404952,-0.146644,1.284172,-2.45,32.200001,-21.35,1770467877.974152
-1.264408,0.079544,1.16022,-5.81,12.88,-39.41,1770467877.981982
-1.1224,0.232532,0.997472,-8.33,-3.99,-49.419998,1770467877.989947
-0.96868,0.326716,0.862784,-9.31,-17.43,-58.099998,1770467877.997759
-0.824476,0.385764,0.765428,-5.25,-31.57,-62.02,1770467878.005769
-0.698328,0.415532,0.69174,-2.45,-44.099998,-59.779999,1770467878.01379
-0.594384,0.393328,0.60878,4.2,-56.419998,-59.360001,1770467878.021799
-0.531432,0.40626,0.52216,11.2,-67.129997,-61.110001,1770467878.029745
-0.3843,0.487756,0.420168,22.540001,-79.239998,-51.240002,1770467878.03774
-0.348188,0.475556,0.356972,29.68,-91.419998,-43.119999,1770467878.045814
-0.289384,0.4697,0.29646,31.57,-99.889999,-40.880001,1770467878.053922
-0.233508,0.475068,0.260836,34.580002,-107.449997,-38.080002,1770467878.061766
-0.181048,0.459452,0.244488,35.91,-110.739998,-36.189999,1770467878.069773
-0.142008,0.440908,0.22326,36.68,-113.330002,-32.27,1770467878.077762
-0.0732,0.415776,0.18666,35.77,-115.639999,-30.73,1770467878.085787
-0.001708,0.403576,0.145912,38.009998,-119.419998,-20.440001,1770467878.09377
0.06222,0.393328,0.124928,35.419998,-124.110001,-7.77,1770467878.101876
0.062952,0.351848,0.113704,31.780001,-115.220001,9.87,1770467878.109791
0.027816,0.329888,0.14884,20.440001,-89.25,22.469999,1770467878.117768
-0.020252,0.335012,0.237412,10.36,-46.619999,31.08,1770467878.125759
-0.091744,0.30988,0.41602,-1.68,12.53,35.91,1770467878.133755
-0.205448,0.24522,0.66978,-10.43,83.230003,37.799999,1770467878.141784
-0.361608,0.159576,0.94672,-22.4,150.080002,34.580002,1770467878.149848
-0.615612,0.08296,1.189256,-28.98,212.380005,29.26,1770467878.157745
-0.904752,0.043432,1.37616,-17.57,256.059998,30.379999,1770467878.165737
-1.593076,-0.494588,1.685552,-14.77,290.709991,18.41,1770467878.173759
-1.862696,-0.59048,1.705072,-1.47,247.589996,13.79,1770467878.181749
-2.218448,-0.742736,1.67872,1.33,150.5,13.79,1770467878.189872
-2.395104,-0.84424,1.597712,-5.53,24.99,10.64,1770467878.197873
-2.21796,-0.864736,1.490108,-7.0,-106.75,2.24,1770467878.205756
-1.748016,-0.7564,1.437404,0.56,-218.820007,-0.49,1770467878.214037
-1.2871,-0.543388,1.397388,6.79,-279.859985,-8.19,1770467878.221763
-0.849364,-0.299876,1.361032,8.33,-311.149994,-18.129999,1770467878.229855
-0.477508,-0.061488,1.33346,7.77,-318.779999,-27.51,1770467878.23776
-0.17446,0.1525,1.290516,3.22,-307.369995,-32.900002,1770467878.245755
0.05246,0.324764,1.210728,-6.65,-283.5,-30.870001,1770467878.253751
0.111996,0.32574,1.071404,-17.43,-245.419998,-39.619999,1770467878.261751
0.620004,0.772748,0.843508,-15.96,-242.690002,-39.130001,1770467878.269754
0.439932,0.653676,0.650992,0.91,-205.940002,-7.7,1770467878.27774
0.443836,0.641232,0.577792,-3.92,-169.889999,-2.31,1770467878.285749
0.463112,0.642452,0.500932,-5.6,-142.100006,0.91,1770467878.293755
0.490196,0.626104,0.428952,-10.15,-116.129997,-1.68,1770467878.301796
0.489464,0.599264,0.343552,-9.45,-88.059998,-3.85,1770467878.309772
0.460672,0.545584,0.260348,-7.56,-59.990002,-0.77,1770467878.317774
0.426024,0.474336,0.1891,-2.87,-32.900002,-2.17,1770467878.325797
0.378444,0.425048,0.125416,-0.21,-7.77,-3.29,1770467878.333759
0.336964,0.382836,0.06466,0.91,15.89,-5.04,1770467878.341764
0.299144,0.337452,0.01708,-0.21,35.349998,-8.19,1770467878.349766
0.28182,0.277184,0.010004,0.21,54.880001,-8.33,1770467878.357761
0.27206,0.226676,0.066368,12.32,77.769997,-8.54,1770467878.365883
0.270108,0.206912,0.21228,21.77,101.639999,-13.09,1770467878.373768
0.270108,0.215208,0.444324,32.970001,130.550003,-10.15,1770467878.38176
0.261568,0.208132,0.744444,35.0,164.009995,-6.86,1770467878.389844
0.206668,0.149572,1.007232,31.290001,193.830002,2.8,1770467878.397755
0.093452,0.0671,1.247084,28.629999,221.339996,9.59,1770467878.405763
-0.049776,-0.005856,1.540128,23.030001,243.460007,22.120001,1770467878.413799
-0.264984,-0.061732,1.936872,9.31,260.820007,27.58,1770467878.421959
-0.525332,-0.171044,2.176236,-7.35,268.100006,29.82,1770467878.429772
-0.665876,-0.329644,2.083028,-19.25,257.040009,41.09,1770467878.437775
-0.844484,-0.474092,1.708488,-21.629999,225.399994,66.080002,1770467878.44581
-1.375428,-1.09434,1.458144,-46.900002,222.25,30.030001,1770467878.453793
-1.373964,-1.183156,1.226832,-37.66,178.990005,23.17,1770467878.461757
-1.42008,-1.050664,1.208776,-10.78,147.070007,8.4,1770467878.469785
-1.447408,-0.732244,1.246352,7.21,108.709999,10.29,1770467878.477813
-1.429596,-0.320128,1.265628,16.030001,70.0,-5.88,1770467878.48577
-1.35664,0.011956,1.209508,12.53,39.619999,-15.26,1770467878.493763
-1.22244,0.24278,1.106052,4.62,15.19,-33.669998,1770467878.501828
-1.066768,0.372832,0.991616,-0.49,-5.11,-49.07,1770467878.509777
-0.899628,0.438468,0.873764,-1.82,-22.049999,-58.310001,1770467878.517774
-0.750544,0.47092,0.792756,3.57,-36.259998,-68.040001,1770467878.525769
-0.612928,0.48556,0.728584,9.66,-49.0,-71.050003,1770467878.533757
-0.500688,0.393816,0.683444,11.76,-58.869999,-73.57,1770467878.541798
-0.457256,0.486048,0.590724,23.66,-63.560001,-87.220001,1770467878.549772
-0.26596,0.554612,0.51606,32.759998,-66.080002,-75.110001,1770467878.557758
-0.265472,0.556076,0.46482,40.040001,-68.669998,-66.57,1770467878.565746
-0.220576,0.556564,0.422364,39.34,-67.970001,-62.299999,1770467878.573792
-0.183976,0.52338,0.392352,36.119999,-64.120003,-55.580002,1770467878.58178
-0.151036,0.492148,0.366244,30.870001,-56.630001,-46.689999,1770467878.589773
-0.132248,0.4636,0.336964,25.620001,-49.0,-36.049999,1770467878.597764
-0.127612,0.433344,0.310124,21.98,-41.790001,-31.219999,1770467878.605796
-0.122488,0.39528,0.29402,16.73,-33.810001,-26.389999,1770467878.613842
-0.120536,0.35868,0.278648,15.4,-25.41,-18.76,1770467878.621773
-0.147376,0.315492,0.272792,17.290001,-13.65,-8.47,1770467878.629763
-0.215696,0.28548,0.275964,19.879999,4.76,5.6,1770467878.637859
-0.306952,0.254736,0.280112,20.58,26.950001,18.27,1770467878.645761
-0.443836,0.228628,0.323544,15.89,52.639999,25.76,1770467878.653767
-0.599508,0.164944,0.428708,12.46,82.529999,27.370001,1770467878.661758
-0.757132,0.083936,0.601948,9.31,111.510002,21.07,1770467878.669768
-0.964532,-0.0122,0.850828,9.1,140.770004,19.74,1770467878.677791
-1.299056,-0.230824,1.140944,7.07,166.179993,10.29,1770467878.685792
-1.558428,-0.391132,1.413736,15.4,164.710007,-0.7,1770467878.69376
-1.896368,-0.562176,1.488156,23.030001,128.169998,-3.92,1770467878.701756
-2.1228,-0.725168,1.506944,24.219999,51.52,-10.92,1770467878.709762
-2.13744,-0.83326,1.507432,20.93,-46.200001,-13.16,1770467878.717899
-1.882948,-0.833992,1.492304,19.530001,-147.630005,-13.72,1770467878.725765
-1.497672,-0.743468,1.429352,19.809999,-231.839996,-15.54,1770467878.733763
-1.097512,-0.555344,1.386896,22.68,-282.799988,-16.870001,1770467878.74176
-0.715652,-0.321592,1.377624,28.559999,-306.459991,-23.309999,1770467878.749886
-0.41968,-0.068076,1.370304,29.120001,-308.700012,-33.599998,1770467878.757756
-0.167872,0.189344,1.364692,21.98,-294.279999,-42.0,1770467878.765746
0.03294,0.387716,1.325164,10.64,-268.519989,-48.509998,1770467878.773778
0.083448,0.423828,1.245376,-7.56,-226.729996,-58.799999,1770467878.781751
0.212768,0.650504,0.996252,-14.14,-193.970001,-70.839996,1770467878.789763
0.454328,0.819596,0.871568,-3.85,-166.740005,-33.810001,1770467878.797894
0.415288,0.84424,0.787876,-12.81,-132.860001,-23.59,1770467878.805762
0.4148,0.863516,0.656604,-23.450001,-105.419998,-24.639999,1770467878.813828
0.418948,0.820328,0.541436,-32.759998,-77.910004,-25.48,1770467878.821777
0.392596,0.753228,0.434076,-36.889999,-53.900002,-28.559999,1770467878.829807
0.371124,0.68198,0.347456,-36.889999,-28.209999,-25.48,1770467878.837758
0.338184,0.588528,0.306708,-29.33,-4.34,-25.129999,1770467878.845758
0.304512,0.50264,0.29402,-24.360001,16.66,-25.059999,1770467878.85379
0.275964,0.43554,0.292556,-16.309999,30.73,-23.59,1770467878.861795
0.254004,0.366,0.315248,-11.9,40.529999,-23.030001,1770467878.869764
0.224236,0.307928,0.334036,-5.32,48.650002,-21.700001,1770467878.877762
0.187392,0.265472,0.35746,-0.91,56.630001,-18.059999,1770467878.885766
0.148596,0.200812,0.379664,3.99,65.870003,-11.9,1770467878.89376
0.110288,0.108824,0.415044,13.02,78.959999,-8.89,1770467878.901823
0.089548,0.00976,0.49288,22.4,91.769997,-5.32,1770467878.909775
0.074176,-0.09516,0.606584,33.669998,105.279999,-3.92,1770467878.917782
0.041968,-0.189832,0.779092,41.790001,117.809998,-0.14,1770467878.925769
-0.002196,-0.284016,0.9699,45.57,128.309998,2.31,1770467878.93376
-0.066368,-0.39528,1.153876,44.799999,138.949997,12.32,1770467878.941783
-0.110776,-0.286944,1.308084,52.220001,145.320007,20.02,1770467878.949875
-0.175436,-0.591944,1.669204,34.860001,142.869995,44.099998,1770467878.957758
-0.68808,-0.809836,1.812432,14.91,160.160004,51.52,1770467878.965742
-0.618784,-0.887184,1.760216,-5.95,159.320007,21.209999,1770467878.974077
-0.747616,-0.879864,1.62382,-12.11,160.300003,13.58,1770467878.982605
-0.91256,-0.804224,1.45668,-5.88,157.850006,13.65,1770467878.990307
-1.044808,-0.646112,1.323212,8.54,150.919998,2.45,1770467878.99776
-1.135088,-0.39528,1.249036,24.639999,140.279999,-2.73,1770467879.005769
-1.209752,-0.089548,1.26758,28.35,121.940002,-19.809999,1770467879.013908
-1.24318,0.173972,1.289296,20.440001,97.790001,-23.030001,1770467879.021781
-1.243668,0.377712,1.286612,7.77,64.68,-33.25,1770467879.030331
-1.209752,0.488,1.2017,-3.57,37.66,-42.77,1770467879.037777
-1.11264,0.5124,1.0736,-9.52,6.51,-52.43,1770467879.045778
-0.990884,0.517036,0.958676,-9.73,-22.190001,-56.279999,1770467879.053763
-0.866688,0.519476,0.861808,-7.35,-44.799999,-56.700001,1770467879.06179
-0.759328,0.476532,0.795196,-10.01,-63.700001,-62.23,1770467879.069789
-0.642452,0.443104,0.712724,-12.95,-76.230003,-65.800003,1770467879.077846
-0.600484,0.53802,0.620248,-7.21,-74.900002,-71.050003,1770467879.085752
-0.406748,0.628056,0.562908,0.56,-82.110001,-50.400002,1770467879.093754
-0.38308,0.615368,0.530944,-5.53,-87.779999,-50.68,1770467879.101753
-0.325252,0.600972,0.484584,-10.78,-87.779999,-45.919998,1770467879.109753
-0.270108,0.56608,0.437736,-12.32,-81.550003,-42.91,1770467879.117787
-0.243756,0.529236,0.388204,-11.48,-71.260002,-34.790001,1770467879.125755
-0.240828,0.50142,0.36844,-11.9,-60.130001,-32.689999,1770467879.133747
-0.238632,0.465064,0.366244,-10.08,-45.919998,-32.34,1770467879.141779
-0.240584,0.427732,0.376248,-7.14,-34.299999,-33.389999,1770467879.149753
-0.255712,0.366244,0.392352,-3.71,-20.23,-33.459999,1770467879.157749
-0.297924,0.30012,0.401624,4.13,-7.35,-28.629999,1770467879.165845
-0.363072,0.249368,0.412604,7.63,5.53,-25.48,1770467879.173759
-0.441152,0.200324,0.4331,10.43,17.219999,-16.870001,1770467879.181758
-0.518012,0.134932,0.462624,11.76,22.4,-11.9,1770467879.189759
-0.610976,0.040016,0.511424,11.55,23.17,-6.44,1770467879.197748
-0.688568,-0.046848,0.57584,16.66,17.780001,0.07,1770467879.205748
-0.834968,-0.18544,0.701744,24.360001,9.87,11.62,1770467879.213731
-1.051884,-0.377224,0.87474,33.529999,3.57,4.48,1770467879.221782
-1.199992,-0.457744,1.01382,39.759998,-12.46,-2.24,1770467879.229858
-1.35054,-0.52948,1.16388,45.220001,-27.23,-5.32,1770467879.237755
-1.448628,-0.605852,1.224148,43.889999,-52.919998,-14.28,1770467879.245753
-1.42252,-0.679296,1.226832,43.68,-92.120003,-21.49,1770467879.253752
-1.28466,-0.687592,1.254404,47.529999,-138.880005,-24.290001,1770467879.261745
-1.050176,-0.60878,1.316868,54.110001,-189.070007,-22.82,1770467879.269762
-0.7564,-0.456768,1.380552,60.27,-235.830002,-26.530001,1770467879.278373
-0.5063,-0.25376,1.43228,61.880001,-267.26001,-30.59,1770467879.285738
-0.256688,0.00854,1.516216,58.099998,-280.279999,-34.299999,1770467879.29374
-0.017812,0.274988,1.601128,46.34,-276.5,-41.790001,1770467879.301758
0.113704,0.439444,1.641144,19.879999,-254.729996,-45.5,1770467879.309756
0.188368,0.583648,1.505724,-8.68,-217.350006,-78.330002,1770467879.318067
0.685152,0.961116,1.30174,-9.66,-202.720001,-48.650002,1770467879.325789
0.575352,0.966972,1.21756,-15.12,-168.979996,-32.34,1770467879.333759
0.58316,1.01504,1.038708,-28.559999,-133.770004,-30.1,1770467879.341764
0.585356,0.97478,0.87596,-36.68,-96.879997,-26.74,1770467879.349757
0.559492,0.89304,0.7198,-39.759998,-62.790001,-21.91,1770467879.357824
0.521672,0.826184,0.566324,-40.740002,-31.08,-23.1,1770467879.365742
0.463356,0.757376,0.447984,-38.080002,1.12,-21.49,1770467879.373763
0.40626,0.685152,0.372344,-31.92,31.08,-20.58,1770467879.381764
0.357948,0.585844,0.362828,-27.02,58.869999,-16.870001,1770467879.389791
0.316956,0.481168,0.39162,-21.98,78.610001,-14.63,1770467879.397844
0.2745,0.39528,0.426024,-19.6,93.870003,-11.69,1770467879.40583
0.222284,0.316956,0.465308,-17.85,102.129997,-6.44,1770467879.413755
0.16958,0.235704,0.47824,-15.05,105.629997,-7.56,1770467879.421822
0.123952,0.144692,0.480192,-15.26,105.419998,0.0,1770467879.429778
0.085888,0.04514,0.488244,-14.77,102.970001,0.07,1770467879.437751
0.059292,-0.085644,0.52826,-14.21,100.099998,4.13,1770467879.445764
0.042456,-0.230824,0.59536,-6.79,102.269997,7.21,1770467879.453761
0.022936,-0.289872,0.70394,4.9,106.75,15.61,1770467879.461796
0.183244,-0.40016,0.936472,20.02,104.230003,29.049999,1770467879.469852
-0.003416,-0.431392,1.103612,24.85,116.059998,51.939999,1770467879.477779
-0.384788,-0.856196,1.343952,24.01,132.860001,39.619999,1770467879.485763
-0.227652,-0.790804,1.306132,22.469999,138.529999,21.209999,1770467879.493756
-0.30012,-0.87718,1.326872,28.77,139.720001,28.84,1770467879.501758
-0.4026,-0.922808,1.323456,29.959999,132.649994,30.379999,1770467879.509801
-0.496296,-0.854244,1.316136,34.720001,118.300003,30.24,1770467879.517827
-0.569496,-0.691984,1.311988,38.220001,103.949997,31.85,1770467879.525761
-0.642452,-0.444812,1.311744,40.110001,94.849998,28.07,1770467879.533789
-0.72224,-0.195444,1.3054,39.900002,94.080002,27.790001,1770467879.542195
-0.832284,0.075396,1.325896,37.310001,98.419998,18.83,1770467879.549772
-0.930616,0.288652,1.353956,24.639999,102.620003,7.0,1770467879.557757
-1.01748,0.439444,1.337852,8.75,104.93,-9.31,1770467879.565742
-1.08092,0.544608,1.269288,-10.71,102.410004,-27.440001,1770467879.573787
-1.11752,0.588528,1.166076,-23.799999,93.099998,-45.5,1770467879.58177
-1.107516,0.578036,1.037976,-32.970001,72.870003,-61.32,1770467879.589828
-1.056032,0.542412,0.911828,-32.200001,42.209999,-75.459999,1770467879.597757
-0.981124,0.498248,0.773968,-28.0,6.44,-78.330002,1770467879.605767
-0.889624,0.462624,0.659288,-20.440001,-31.360001,-79.730003,1770467879.613758
-0.779092,0.406748,0.55388,-10.78,-69.510002,-79.940002,1770467879.621804
-0.707844,0.452864,0.440176,-0.35,-96.529999,-86.660004,1770467879.629784
-0.51362,0.620248,0.343064,21.42,-118.089996,-71.75,1770467879.637812
-0.453352,0.6466,0.343064,33.18,-138.529999,-58.59,1770467879.645772
-0.382592,0.668316,0.325984,33.25,-154.279999,-49.77,1770467879.653767
-0.321348,0.663436,0.315248,34.439999,-163.729996,-46.060001,1770467879.661758
-0.246684,0.637328,0.28792,32.759998,-170.309998,-45.709999,1770467879.669757
-0.134688,0.668316,0.231068,32.619999,-174.300003,-36.540001,1770467879.677754
-0.026352,0.66124,0.19642,32.689999,-178.080002,-27.719999,1770467879.685779
0.003172,0.604388,0.195688,25.41,-174.649994,-11.9,1770467879.693898
0.031476,0.530456,0.198372,16.799999,-162.330002,-2.59,1770467879.701777
0.051728,0.416508,0.249368,6.65,-140.070007,7.91,1770467879.709763
0.06466,0.250832,0.362584,1.05,-102.690002,15.26,1770467879.717884
0.05734,0.07198,0.577304,5.53,-54.32,20.16,1770467879.725747
-0.001464,-0.071004,0.89914,24.780001,6.51,13.65,1770467879.733762
-0.099552,-0.140788,1.290028,51.310001,66.290001,14.56,1770467879.741768
-0.286456,-0.185928,1.747528,68.32,109.830002,13.44,1770467879.749758
-0.974536,-0.49654,2.188192,63.209999,145.600006,-9.59,1770467879.757777
-1.15412,-0.412604,2.178676,57.330002,134.050003,-27.09,1770467879.765734
-1.358592,-0.414556,2.028128,44.52,81.199997,-35.279999,1770467879.773763
-1.41886,-0.518256,1.980304,29.68,-2.66,-32.549999,1770467879.781754
-1.317844,-0.608292,1.912472,13.65,-93.800003,-33.110001,1770467879.78977
-1.061644,-0.55022,1.82146,5.46,-174.369995,-33.040001,1770467879.797796
-0.733464,-0.391132,1.746064,0.98,-223.509995,-29.68,1770467879.805882
-0.407724,-0.163724,1.711416,-2.45,-249.270004,-31.08,1770467879.813759
-0.11712,0.111996,1.659444,-8.89,-255.429993,-29.889999,1770467879.821751
0.07442,0.318908,1.546716,-17.639999,-243.389999,-32.060001,1770467879.829782
0.124928,0.328668,1.352492,-32.41,-214.970001,-46.970001,1770467879.837764
0.48556,0.648308,0.982344,-25.549999,-208.880005,-55.790001,1770467879.845922
0.445056,0.655628,0.824964,-15.82,-184.729996,-13.58,1770467879.853759
0.415044,0.620736,0.676124,-20.02,-161.419998,-8.47,1770467879.861769
0.409432,0.661972,0.534848,-21.209999,-136.429993,-4.55,1770467879.869795
0.431148,0.66612,0.437736,-10.43,-112.980003,-0.35,1770467879.877753
0.433588,0.689056,0.363804,0.21,-93.309998,0.0,1770467879.885773
0.433344,0.72468,0.305488,10.85,-74.620003,3.01,1770467879.893762
0.411872,0.725412,0.237412,19.32,-58.52,2.59,1770467879.901761
0.370148,0.691496,0.165432,21.559999,-42.139999,5.04,1770467879.909763
0.315248,0.614636,0.096868,16.52,-25.969999,4.13,1770467879.917842
0.262788,0.466772,0.0366,5.11,-9.8,6.58,1770467879.925763
0.23302,0.25864,0.011468,-5.32,7.91,0.77,1770467879.933759
0.208864,0.074908,-0.002196,-2.38,28.280001,-1.68,1770467879.941759
0.223748,-0.104676,0.076128,13.44,48.860001,-9.66,1770467879.949836
0.275964,-0.203008,0.269132,44.099998,71.400002,-9.24,1770467879.957752
0.342332,-0.357216,0.597556,69.93,87.849998,-6.23,1770467879.965747
0.345016,-0.396744,0.935008,94.220001,108.290001,-2.59,1770467879.974081
0.294752,-0.47336,1.274412,110.739998,125.370003,-4.97,1770467879.982578
0.120292,-0.530456,1.593076,117.879997,132.089996,-10.57,1770467879.989904
-0.03904,-0.363804,1.834636,113.400002,129.919998,-10.78,1770467879.997762
-0.204228,-0.166164,2.084492,94.639999,106.75,-7.98,1770467880.005773
-0.38186,-0.039772,2.234064,53.060001,64.120003,3.01,1770467880.013892
-0.473116,-0.022692,2.175016,20.51,18.76,-2.59,1770467880.021775
-0.455304,-0.067588,1.992016,2.52,-16.450001,-4.97,1770467880.029774
-0.365756,-0.057096,1.811944,-12.25,-27.02,-13.16,1770467880.037745
-0.2867,-0.027328,1.660176,-25.549999,-17.43,-22.26,1770467880.045946
-0.253516,0.045384,1.503528,-34.650002,3.01,-36.259998,1770467880.053764
-0.249856,0.137128,1.351272,-34.860001,22.4,-48.509998,1770467880.061765
-0.273524,0.246684,1.20536,-38.57,39.549999,-56.07,1770467880.069776
-0.272304,0.30622,1.060424,-43.889999,44.939999,-63.209999,1770467880.077783
-0.368684,0.446276,0.885964,-42.07,43.540001,-70.489998,1770467880.085756
-0.37454,0.470432,0.754936,-35.700001,36.330002,-84.209999,1770467880.093753
-0.389668,0.484096,0.63928,-26.32,20.02,-87.220001,1770467880.101786
-0.419192,0.498736,0.545584,-20.09,0.21,-104.510002,1770467880.109745
-0.29768,0.687104,0.405772,-7.77,-16.24,-89.389999,1770467880.117751
-0.252784,0.771528,0.355996,-2.24,-42.560001,-70.489998,1770467880.125767
-0.2562,0.78446,0.314028,-8.96,-65.099998,-66.57,1770467880.133741
-0.197884,0.797148,0.260836,-12.81,-84.559998,-64.75,1770467880.141756
-0.128588,0.725656,0.21228,-14.42,-96.529999,-67.620003,1770467880.149746
-0.06466,0.6588,0.15128,-11.48,-102.339996,-66.220001,1770467880.157834
-0.005612,0.598288,0.117852,-6.72,-103.32,-59.639999,1770467880.165764
0.029036,0.559492,0.119316,-7.56,-100.099998,-51.450001,1770467880.173755
0.061976,0.518744,0.172752,-10.64,-91.769997,-48.93,1770467880.181757
0.11224,0.461648,0.296948,-11.69,-77.209999,-49.0,1770467880.189757
0.16348,0.36844,0.51972,-5.88,-56.349998,-49.84,1770467880.197749
0.218136,0.268644,0.776164,4.69,-29.68,-55.02,1770467880.205862
0.222528,0.158356,1.057496,14.42,-1.61,-51.73,1770467880.21375
0.155184,0.04148,1.358104,27.09,28.42,-58.029999,1770467880.221783
0.064416,0.002928,1.7141,36.330002,45.290001,-58.799999,1770467880.22975
-0.093452,0.0366,2.150616,33.950001,52.779999,-66.150002,1770467880.237739
-0.25132,0.0244,2.444148,14.21,52.849998,-62.439999,1770467880.245757
-0.326228,-0.122976,2.43634,-8.33,39.830002,-55.16,1770467880.253751
-0.349896,-0.300852,2.271396,-23.870001,15.75,-37.169998,1770467880.261775
-0.342332,-0.360388,2.103768,-39.200001,-4.76,-21.139999,1770467880.269872
-0.354288,-0.378688,1.9398,-55.439999,-11.27,-6.3,1770467880.277774
-0.36234,-0.329644,1.731912,-76.300003,-8.47,4.83,1770467880.285739
-0.43432,-0.254492,1.518168,-87.43,-6.09,-8.12,1770467880.293766
-0.375272,-0.029768,1.276608,-90.300003,-0.56,-4.13,1770467880.301767
-0.373808,0.116632,1.095804,-88.760002,1.68,-3.15,1770467880.309749
-0.366488,0.242292,0.929884,-93.519997,2.1,6.02,1770467880.317743
-0.351604,0.31598,0.81008,-94.5,-0.7,10.92,1770467880.32592
-0.34282,0.305976,0.733464,-94.5,-4.34,15.12,1770467880.333759
-0.355508,0.311832,0.664412,-89.389999,-8.33,12.18,1770467880.34176
-0.244,0.465552,0.543144,-71.540001,-9.03,43.259998,1770467880.349762
-0.262788,0.485316,0.48312,-59.639999,-17.43,61.040001,1770467880.357798
-0.281332,0.499468,0.417728,-45.220001,-26.459999,71.120003,1770467880.365755
-0.271816,0.538996,0.338672,-33.040001,-33.459999,79.800003,1770467880.373763
-0.228628,0.521672,0.291336,-15.54,-42.98,90.440002,1770467880.381766
-0.18422,0.440176,0.278648,-2.87,-54.669998,93.169998,1770467880.389778
-0.120536,0.354288,0.265228,7.7,-64.889999,94.360001,1770467880.397856
-0.04148,0.280844,0.271084,17.85,-76.019997,91.559998,1770467880.40576
0.029768,0.21106,0.313784,21.629999,-80.989998,87.43,1770467880.413761
0.08052,0.118584,0.382348,22.889999,-79.309998,70.489998,1770467880.421787
0.151036,0.038552,0.441152,26.879999,-69.440002,65.519997,1770467880.429887
0.303536,-0.11224,0.570472,22.120001,-68.459999,54.389999,1770467880.437764
0.40748,-0.218624,0.781532,25.76,-58.450001,53.830002,1770467880.44576
0.462624,-0.467992,1.134112,16.73,-48.23,34.790001,1770467880.453758
0.512888,-0.799832,1.452776,1.82,-23.66,17.57,1770467880.461762
0.639036,-1.0858,1.733864,-0.7,-8.26,34.509998,1770467880.469865
0.68076,-1.344196,1.982012,-1.19,7.7,49.630001,1770467880.477753
0.597556,-1.40178,2.035448,11.69,35.560001,77.839996,1770467880.485762
0.427244,-1.257088,1.851472,26.67,74.059998,85.190002,1770467880.493804
0.181292,-0.995276,1.613328,42.279999,118.860001,81.550003,1770467880.501766
-0.115412,-0.661972,1.47254,50.889999,166.529999,64.540001,1770467880.509767
-0.30866,-0.29402,1.433988,44.66,204.259995,48.23,1770467880.517759
-0.470676,0.012932,1.496208,29.120001,220.360001,33.880001,1770467880.525778
-0.6344,0.261812,1.621624,4.55,216.580002,19.879999,1770467880.533843
-0.785436,0.47336,1.706536,-15.26,199.009995,10.08,1770467880.541764
-0.883768,0.569496,1.66042,-33.529999,172.059998,-0.91,1770467880.549802
-0.941596,0.61976,1.460584,-46.759998,133.699997,-10.01,1770467880.557864
-0.980392,0.68442,1.23342,-45.220001,91.769997,-18.41,1770467880.565744
-0.884012,0.696132,0.951112,-38.849998,49.209999,-13.72,1770467880.573849
-0.868152,0.649284,0.722484,-32.200001,0.77,-11.27,1770467880.581761
-0.771284,0.589992,0.518256,-18.549999,-44.869999,-13.51,1770467880.589756
-0.659776,0.52704,0.39406,-6.16,-77.699997,-14.77,1770467880.59785
-0.5063,0.517524,0.309636,13.86,-103.879997,-4.41,1770467880.605762
-0.3965,0.492148,0.247172,23.17,-125.650002,3.43,1770467880.613759
-0.30256,0.486536,0.17934,30.17,-141.119995,17.709999,1770467880.621785
-0.236436,0.485804,0.1037,33.669998,-154.0,23.1,1770467880.629819
-0.179096,0.474336,0.032696,28.35,-162.610001,24.780001,1770467880.637756
-0.09028,0.520208,-0.047824,29.190001,-169.539993,28.49,1770467880.645756
0.073688,0.5917,-0.091012,33.18,-180.320007,37.099998,1770467880.653758
0.11834,0.565104,-0.070028,33.32,-186.970001,55.650002,1770467880.661746
0.16836,0.556076,-0.043188,21.91,-188.649994,66.989998,1770467880.66991
0.242048,0.531188,0.025864,10.85,-176.610001,72.730003,1770467880.677829
0.33672,0.461404,0.170068,4.69,-153.860001,73.150002,1770467880.68576
0.417484,0.358436,0.413336,1.26,-114.800003,66.779999,1770467880.69376
0.458476,0.277428,0.711748,0.21,-59.220001,58.099998,1770467880.701786
0.456768,0.172752,1.00406,0.14,10.22,44.869999,1770467880.709868
0.404552,-0.003904,1.281732,0.42,81.269997,26.6,1770467880.717751
0.399672,-0.099308,1.646268,6.86,143.779999,12.81,1770467880.725872
0.384544,-0.184464,2.217716,9.1,181.860001,0.07,1770467880.733759
0.261568,-0.34404,2.807952,5.18,208.179993,1.33,1770467880.741748
0.048556,-0.521916,3.067324,9.87,211.820007,17.57,1770467880.749762
-0.155428,-0.868396,2.928488,21.98,186.830002,59.360001,1770467880.75776
-0.915976,-0.992348,2.591036,13.65,168.070007,59.779999,1770467880.765742
-0.812276,-0.686616,2.012512,-2.45,127.050003,31.780001,1770467880.773786
-0.852536,-0.432856,1.662128,-19.25,90.650002,32.200001,1770467880.781758
-0.816912,-0.254248,1.41032,-36.540001,53.549999,23.309999,1770467880.789763
-0.715164,-0.117852,1.21512,-51.799999,23.66,24.43,1770467880.797767
-0.560712,-0.011712,1.085556,-57.75,4.48,22.120001,1770467880.805813
-0.426512,0.05246,0.96868,-62.09,-5.25,24.01,1770467880.813767
-0.324764,0.101016,0.85766,-64.68,-7.42,37.310001,1770467880.821828
-0.243756,0.132248,0.763964,-68.32,-8.33,42.209999,1770467880.829766
-0.20618,0.162748,0.661728,-66.43,-6.58,50.400002,1770467880.837753
-0.176656,0.181048,0.543144,-58.869999,-6.37,50.959999,1770467880.845757
-0.091988,0.273036,0.400892,-44.799999,-2.8,60.549999,1770467880.853791
-0.077836,0.286456,0.31232,-30.52,-11.34,73.57,1770467880.861763
-0.051728,0.324032,0.23424,-11.34,-21.91,76.300003,1770467880.869761
-0.03538,0.348188,0.175436,3.08,-31.57,81.550003,1770467880.877757
-0.030988,0.378444,0.139568,21.77,-39.549999,82.389999,1770467880.88578
-0.015372,0.403088,0.115168,35.560001,-43.75,85.82,1770467880.893759
0.010736,0.408456,0.097112,49.209999,-46.48,82.739998,1770467880.901772
0.04514,0.410652,0.10248,63.77,-51.029999,75.389999,1770467880.909772
0.079544,0.438224,0.14762,67.550003,-49.700001,72.379997,1770467880.917757
0.12932,0.478972,0.268644,68.669998,-44.099998,64.260002,1770467880.92577
0.211548,0.482388,0.477996,53.41,-34.860001,57.119999,1770467880.933762
0.302316,0.390644,0.7442,36.119999,-18.690001,50.889999,1770467880.941759
0.367464,0.232288,1.028704,20.23,4.62,39.130001,1770467880.949767
0.36356,0.042944,1.286124,7.28,40.599998,33.740002,1770467880.957823
0.336476,-0.101748,1.565748,9.1,79.239998,29.610001,1770467880.96574
0.29646,-0.209352,1.90442,11.55,113.959999,31.709999,1770467880.973992
0.240096,-0.292068,2.329468,7.21,136.639999,31.639999,1770467880.982259
0.136884,-0.388448,2.570784,-3.99,147.419998,36.119999,1770467880.9899
0.000488,-0.485316,2.444636,0.21,148.75,52.080002,1770467880.997774
-0.208132,-0.558516,2.1777,-1.54,142.029999,70.349998,1770467881.005856
-0.755424,-0.678808,1.979816,-15.89,154.910004,70.699997,1770467881.013761
-0.700768,-0.504104,1.699948,-27.440001,158.479996,35.349998,1770467881.021926
-0.81618,-0.354776,1.5006,-29.68,163.800003,29.75,1770467881.029761
-0.89914,-0.172996,1.325164,-27.58,161.839996,19.389999,1770467881.037775
-0.95404,-0.005856,1.17242,-24.43,148.820007,6.16,1770467881.045858
-0.995764,0.144936,1.06018,-27.65,129.080002,-4.97,1770467881.053758
-1.00284,0.264984,0.951112,-28.77,101.150002,-15.75,1770467881.06176
-0.973072,0.340136,0.831308,-34.650002,66.43,-20.09,1770467881.069756
-0.901092,0.374296,0.72102,-37.310001,29.190001,-27.719999,1770467881.077842
-0.803736,0.374784,0.603656,-30.52,-12.11,-29.469999,1770467881.085779
-0.686372,0.37088,0.487756,-22.120001,-46.689999,-31.780001,1770467881.093754
-0.569496,0.358192,0.379908,-10.78,-74.900002,-33.25,1770467881.101758
-0.44408,0.280844,0.315248,0.77,-101.639999,-32.759998,1770467881.10975
-0.393084,0.323788,0.189344,7.63,-120.540001,-35.279999,1770467881.117739
-0.213256,0.360388,0.115656,24.639999,-129.080002,-27.790001,1770467881.125771
-0.157624,0.394792,0.067832,33.669998,-136.990005,-11.9,1770467881.133751
-0.082472,0.434808,0.046848,40.32,-146.860001,3.78,1770467881.141787
-0.028548,0.451888,0.032452,42.560001,-157.429993,11.41,1770467881.149753
0.083204,0.49288,0.027572,38.849998,-168.210007,21.42,1770467881.157749
0.112972,0.48068,0.068564,33.880001,-169.960007,30.940001,1770467881.165848
0.171044,0.468236,0.133956,20.51,-165.270004,32.970001,1770467881.17376
0.23912,0.432368,0.267668,6.44,-143.779999,32.619999,1770467881.181755
0.29768,0.34892,0.494344,-2.66,-106.959999,31.639999,1770467881.189758
0.336232,0.27694,0.74908,-7.21,-53.34,24.219999,1770467881.197759
0.319884,0.17446,1.006744,-7.0,14.42,16.940001,1770467881.205759
0.241072,0.047092,1.213168,-6.65,83.650002,13.23,1770467881.213826
0.06954,-0.089792,1.468148,4.76,145.949997,3.71,1770467881.221756
-0.127856,-0.086132,1.908568,19.530001,193.830002,-6.51,1770467881.229777
-0.356728,-0.13664,2.42536,22.610001,215.949997,-14.98,1770467881.237748
-0.591456,-0.271328,2.6779,28.35,201.460007,-7.0,1770467881.245746
-0.87962,-0.422608,2.498316,27.51,165.410004,14.21,1770467881.253736
-1.071648,-0.560712,2.23626,11.41,107.099998,-0.28,1770467881.261753
-1.0858,-0.511912,1.99836,1.33,39.830002,-1.05,1770467881.269765
-1.021872,-0.40382,1.726544,-11.9,-20.93,-6.09,1770467881.277809
-0.871324,-0.301828,1.512068,-25.76,-72.589996,-4.2,1770467881.285869
-0.637572,-0.24156,1.370548,-38.080002,-106.68,-6.51,1770467881.293758
-0.405528,-0.177876,1.22854,-48.299999,-123.410004,-4.2,1770467881.301765
-0.196176,-0.11834,1.084336,-49.84,-128.729996,2.52,1770467881.309756
-0.036356,-0.043188,0.926956,-49.98,-123.129997,14.56,1770467881.317754
0.056608,0.027084,0.774212,-45.220001,-112.279999,23.17,1770467881.325846
0.081252,0.045384,0.657336,-39.759998,-95.059998,28.84,1770467881.333744
0.11102,0.092476,0.513376,-32.689999,-71.68,36.470001,1770467881.341766
0.329156,0.21838,0.382348,-16.450001,-72.029999,64.540001,1770467881.349759
0.254736,0.287676,0.338672,5.32,-59.009998,79.099998,1770467881.357795
0.235948,0.336964,0.28548,19.459999,-45.43,83.860001,1770467881.365757
0.213744,0.392596,0.218868,28.559999,-31.360001,83.300003,1770467881.373767
0.183244,0.44652,0.124684,36.75,-16.24,82.040001,1770467881.381766
0.142984,0.48312,0.010492,43.75,-4.9,76.790001,1770467881.389763
0.11712,0.487512,-0.078812,45.57,2.31,64.959999,1770467881.397734
0.099308,0.49166,-0.108824,40.669998,8.19,53.48,1770467881.405781
0.098332,0.478972,-0.073932,28.0,17.780001,42.700001,1770467881.413766
0.120536,0.477752,0.0305,14.98,31.360001,33.110001,1770467881.421804
0.160796,0.453596,0.23424,0.21,50.189999,29.75,1770467881.429864
0.20252,0.37942,0.51728,-12.67,69.860001,23.799999,1770467881.437765
0.232532,0.250588,0.822524,-20.09,94.5,19.879999,1770467881.445759
0.202032,0.12322,1.138748,-28.559999,122.080002,17.360001,1770467881.453753
0.134932,0.037088,1.49694,-16.1,153.160004,15.33,1770467881.461745
0.017324,-0.097112,1.84952,0.35,175.699997,11.62,1770467881.469833
-0.160064,-0.143472,2.294576,8.96,189.699997,12.74,1770467881.477792
-0.354532,-0.1647,2.696688,7.35,188.089996,18.76,1770467881.485757
-0.498492,-0.315736,2.743292,12.67,167.580002,42.84,1770467881.493753
-0.644892,-0.384056,2.431948,26.18,131.600006,54.880001,1770467881.50176
-1.01504,-0.643672,2.066924,7.84,115.290001,45.220001,1770467881.509856
-0.894748,-0.447008,1.624796,-0.21,88.620003,30.73,1770467881.517755
-0.9028,-0.354532,1.39202,-10.78,72.730003,17.15,1770467881.525811
-0.899628,-0.263276,1.240496,-21.98,62.860001,11.2,1770467881.533756
-0.889136,-0.155672,1.140944,-32.689999,59.43,0.63,1770467881.541759
-0.849608,-0.038796,1.041636,-41.09,57.540001,-9.31,1770467881.549783
-0.801784,0.067588,0.927932,-47.950001,51.52,-13.86,1770467881.557762
-0.745176,0.162748,0.807396,-52.5,41.09,-25.620001,1770467881.565749
-0.679784,0.22204,0.714188,-49.419998,25.549999,-30.59,1770467881.573789
-0.605364,0.264008,0.622444,-40.529999,7.28,-34.580002,1770467881.581766
-0.534848,0.2745,0.537288,-25.48,-9.03,-33.669998,1770467881.58977
-0.497028,0.305732,0.453596,-10.85,-25.76,-31.43,1770467881.597758
-0.418704,0.324764,0.374296,6.51,-38.709999,-35.279999,1770467881.605766
-0.31354,0.403576,0.311344,24.99,-53.130001,-12.11,1770467881.613784
-0.274744,0.412848,0.276452,34.720001,-66.709999,-2.31,1770467881.621762
-0.230092,0.421388,0.23302,36.400002,-79.660004,7.91,1770467881.629858
-0.173972,0.426756,0.18178,36.959999,-94.57,13.44,1770467881.637792
-0.140544,0.402844,0.143228,30.24,-110.669998,14.84,1770467881.645765
-0.080764,0.382348,0.099308,20.09,-127.540001,12.67,1770467881.653791
-0.006588,0.383568,0.067588,13.51,-136.080002,19.459999,1770467881.661759
0.083936,0.392352,0.04392,14.42,-138.669998,27.370001,1770467881.669787
0.08052,0.35258,0.173972,10.36,-126.07,37.939999,1770467881.677762
0.086864,0.340136,0.351848,11.34,-93.870003,46.900002,1770467881.68576
0.068076,0.360876,0.58682,5.95,-43.189999,47.110001,1770467881.693756
0.032696,0.359168,0.868396,6.23,20.16,46.759998,1770467881.701782
-0.068076,0.29768,1.110932,9.66,82.529999,46.759998,1770467881.709787
-0.286456,0.213012,1.337364,9.1,134.75,39.060001,1770467881.717904
-0.504348,0.153476,1.571848,18.34,169.190002,25.200001,1770467881.725786
-0.860588,0.079544,1.948584,28.209999,188.089996,22.4,1770467881.733762
-1.19316,-0.24034,2.349964,20.09,190.679993,17.5,1770467881.741755
-1.469368,-0.424804,2.221376,8.12,144.270004,11.2,1770467881.749767
-1.621624,-0.5307,2.006412,-5.11,78.120003,15.12,1770467881.757758
-1.603324,-0.571936,1.862696,-15.96,4.06,12.11,1770467881.765743
-1.425692,-0.545096,1.730936,-30.17,-66.43,6.58,1770467881.773752
-1.162416,-0.404064,1.608936,-36.82,-123.129997,1.54,1770467881.781755
-0.876692,-0.246196,1.481568,-39.41,-159.179993,-2.94,1770467881.789773
-0.565104,-0.112484,1.357372,-47.529999,-181.649994,-2.73,1770467881.797891
-0.283772,0.022448,1.225368,-48.09,-195.160004,4.48,1770467881.805768
-0.065636,0.134688,1.07238,-50.119999,-197.610001,12.32,1770467881.813763
0.050264,0.164212,0.8967,-43.889999,-191.380005,16.1,1770467881.821794
0.085888,0.152988,0.718824,-34.09,-171.149994,17.57,1770467881.829883
0.346968,0.404308,0.510204,-7.98,-170.520004,45.57,1770467881.837762
0.365268,0.377956,0.491172,16.1,-160.440002,54.18,1770467881.845748
0.36966,0.37576,0.411384,23.450001,-145.809998,52.709999,1770467881.853786
0.378444,0.387228,0.297192,25.969999,-127.330002,56.209999,1770467881.861787
0.365512,0.38918,0.18056,24.08,-108.080002,53.619999,1770467881.869763
0.332572,0.403088,0.063196,21.139999,-84.0,54.110001,1770467881.877759
0.299388,0.428464,-0.05612,14.35,-65.800003,48.02,1770467881.88576
0.289384,0.43554,-0.154208,10.57,-43.959999,37.240002,1770467881.893766
0.292068,0.42212,-0.178852,11.97,-21.700001,32.060001,1770467881.901762
0.325252,0.412848,-0.077836,17.639999,7.35,25.9,1770467881.909768
0.371368,0.394304,0.13542,23.52,43.119999,18.059999,1770467881.917761
0.42944,0.339892,0.413336,28.559999,83.089996,13.79,1770467881.925776
0.452132,0.242048,0.729072,24.08,121.519997,12.53,1770467881.933766
0.425536,0.104188,1.015528,14.77,160.860001,18.059999,1770467881.941764
0.324764,-0.042944,1.25904,6.23,198.169998,16.17,1770467881.949756
0.214964,-0.17568,1.576972,1.68,231.350006,21.98,1770467881.957818
0.0732,-0.25498,1.983232,-0.91,251.369995,26.879999,1770467881.965753
-0.128588,-0.289872,2.369484,-6.65,253.050003,40.25,1770467881.973866
-0.336476,-0.374052,2.540528,-11.55,231.070007,54.32,1770467881.982996
-0.545584,-0.508496,2.331664,-11.06,196.350006,63.84,1770467881.989962
-1.091168,-0.820328,1.951268,-25.620001,177.520004,58.310001,1770467881.997764
-0.955748,-0.708576,1.578924,-21.42,147.070007,34.299999,1770467882.005774
-1.02846,-0.580232,1.42252,-14.63,127.190002,12.25,1770467882.013778
-1.061644,-0.364048,1.392752,-9.45,109.760002,5.95,1770467882.021837
-1.015284,-0.09516,1.383236,-10.08,90.93,-13.23,1770467882.029825
-0.942328,0.146888,1.314916,-20.370001,67.550003,-19.110001,1770467882.037742
-0.861076,0.308172,1.180716,-30.66,44.73,-26.6,1770467882.045765
-0.770308,0.39528,1.008696,-48.02,24.85,-36.259998,1770467882.053804
-0.660752,0.39406,0.84302,-56.0,7.28,-41.509998,1770467882.061806
-0.551196,0.364536,0.695888,-59.290001,-11.27,-46.830002,1770467882.069763
-0.45994,0.282308,0.5795,-55.09,-28.559999,-44.169998,1770467882.077754
-0.381616,0.237168,0.45994,-45.080002,-43.330002,-47.740002,1770467882.085764
-0.329644,0.242048,0.361852,-31.85,-53.619999,-51.66,1770467882.093839
-0.20496,0.317932,0.267668,-14.21,-59.57,-42.560001,1770467882.101762
-0.180072,0.340868,0.228872,-1.33,-67.410004,-31.01,1770467882.109773
-0.159332,0.366732,0.215452,9.1,-70.349998,-22.889999,1770467882.117754
-0.122976,0.434076,0.186904,17.290001,-72.660004,-21.559999,1770467882.125966
-0.055144,0.463112,0.169336,23.66,-76.089996,-14.49,1770467882.13377
0.027816,0.486048,0.152744,33.880001,-80.639999,-3.29,1770467882.141754
0.073444,0.478728,0.178852,43.75,-84.209999,14.21,1770467882.149761
0.07442,0.472384,0.205936,46.830002,-78.120003,28.84,1770467882.157751
0.060268,0.455304,0.270596,47.880001,-60.34,35.419998,1770467882.165753
0.036844,0.432856,0.415044,37.450001,-27.58,39.689999,1770467882.173772
-0.011712,0.391376,0.652944,30.450001,23.870001,42.07,1770467882.181897
-0.088328,0.341112,0.901336,23.870001,87.220001,41.720001,1770467882.189759
-0.240584,0.252296,1.147532,16.52,156.729996,43.049999,1770467882.197749
-0.519476,0.136884,1.442284,20.860001,211.399994,33.110001,1770467882.205751
-0.8174,0.161772,1.66408,33.32,241.149994,34.439999,1770467882.213746
-1.577216,-0.371124,1.957612,30.870001,258.790009,22.959999,1770467882.221758
-1.83488,-0.333304,1.774124,35.419998,218.820007,-12.81,1770467882.229774
-2.12158,-0.449692,1.690188,36.330002,138.949997,-8.68,1770467882.23783
-2.250656,-0.529724,1.595516,36.540001,27.51,-21.700001,1770467882.24576
-2.084004,-0.580232,1.546228,26.530001,-80.43,-27.440001,1770467882.253755
-1.692872,-0.556076,1.53476,19.32,-169.399994,-30.309999,1770467882.26176
-1.244888,-0.465552,1.514996,10.15,-231.350006,-33.669998,1770467882.269747
-0.814228,-0.3477,1.491328,0.77,-267.399994,-33.459999,1770467882.277737
-0.431392,-0.220332,1.462536,-14.35,-284.269989,-30.59,1770467882.285739
-0.083204,-0.0732,1.40422,-28.209999,-288.190002,-25.76,1770467882.293758
0.138836,0.045872,1.267092,-44.59,-277.619995,-16.379999,1770467882.301748
0.197152,0.062952,1.033584,-52.290001,-249.970001,-14.7,1770467882.309869
0.455792,0.02562,0.839604,-56.98,-241.639999,-4.97,1770467882.317753
0.514352,0.267912,0.59902,-31.780001,-214.759995,32.549999,1770467882.325758
0.512888,0.272548,0.518012,-16.59,-185.639999,44.939999,1770467882.333774
0.503616,0.319152,0.414556,-7.14,-156.520004,50.610001,1770467882.341775
0.49166,0.362584,0.29036,-1.68,-127.330002,52.290001,1770467882.349878
0.464088,0.402112,0.168848,3.01,-101.010002,48.720001,1770467882.357749
0.430416,0.422608,0.063684,8.47,-76.790001,40.810001,1770467882.365763
0.383324,0.429196,-0.028548,7.98,-49.349998,34.439999,1770467882.373766
0.32696,0.416264,-0.114192,10.43,-24.15,26.110001,1770467882.381764
0.279868,0.38796,-0.165432,11.69,2.59,19.950001,1770467882.389808
0.259128,0.361364,-0.156404,11.48,31.43,8.54,1770467882.397782
0.263032,0.341356,-0.074908,14.56,60.619999,0.98,1770467882.405762
0.281332,0.33794,0.093696,12.53,91.559998,-4.76,1770467882.413772
0.308416,0.336232,0.347944,13.65,127.400002,-11.48,1770467882.421828
0.333792,0.314028,0.654408,15.33,161.699997,-12.39,1770467882.429858
0.329888,0.24034,0.905484,14.35,198.169998,-15.82,1770467882.437759
0.285236,0.135908,1.119472,19.809999,229.25,-21.91,1770467882.445779
0.177876,0.084424,1.396168,21.559999,255.360001,-13.58,1770467882.453758
-0.030744,0.114192,1.77144,23.66,279.019989,-6.44,1770467882.46176
-0.327936,0.231556,2.310192,10.99,286.929993,-1.4,1770467882.469768
-0.572912,0.155184,2.602748,-14.14,270.130005,4.69,1770467882.47781
-0.752496,-0.094428,2.458788,-15.54,229.669998,26.459999,1770467882.485751
-0.917928,-0.165188,1.94956,-9.38,175.070007,49.91,1770467882.493755
-1.250988,-0.546072,1.625772,-24.99,151.619995,39.619999,1770467882.501764
-1.194624,-0.48556,1.308084,-33.040001,110.110001,13.58,1770467882.509766
-1.203408,-0.47824,1.220488,-30.1,78.959999,11.41,1770467882.51791
-1.204872,-0.41236,1.20048,-31.43,56.560001,-11.13,1770467882.525757
-1.159244,-0.287676,1.169004,-37.380001,42.98,-23.379999,1770467882.533758
-1.054812,-0.148108,1.07604,-40.740002,29.959999,-34.93,1770467882.541798
-0.934764,-0.033916,0.933788,-43.540001,14.07,-47.25,1770467882.549816
-0.826916,0.028792,0.795928,-41.790001,-0.7,-53.830002,1770467882.557758
-0.727608,0.06832,0.686616,-37.099998,-16.309999,-62.439999,1770467882.565758
-0.631228,0.107604,0.58804,-28.77,-32.200001,-65.029999,1770467882.573779
-0.54168,0.146156,0.510692,-17.780001,-44.799999,-67.129997,1770467882.58192
-0.46604,0.182268,0.434076,-8.26,-57.75,-67.900002,1770467882.58977
-0.387716,0.21716,0.36356,0.0,-69.019997,-65.589996,1770467882.597756
-0.323788,0.254004,0.30622,11.76,-80.220001,-60.759998,1770467882.60576
-0.264984,0.292312,0.276452,21.07,-88.199997,-55.720001,1770467882.613766
-0.233752,0.306464,0.275964,27.16,-93.309998,-53.970001,1770467882.621858
-0.162504,0.355996,0.25376,34.299999,-95.410004,-47.25,1770467882.62981
-0.090768,0.380396,0.23424,37.73,-100.379997,-32.759998,1770467882.637743
-0.017812,0.396256,0.214232,46.759998,-107.730003,-20.299999,1770467882.64577
0.058316,0.421388,0.1952,51.450001,-118.230003,4.83,1770467882.653908
0.029524,0.419192,0.197152,50.189999,-115.989998,17.57,1770467882.661754
0.018056,0.416264,0.254004,47.18,-101.43,28.35,1770467882.66985
-0.002684,0.424316,0.422608,37.66,-67.550003,34.860001,1770467882.677752
-0.024156,0.440664,0.680028,32.549999,-11.48,35.209999,1770467882.685757
-0.05978,0.431392,0.959652,23.799999,58.099998,38.919998,1770467882.693756
-0.179828,0.390888,1.230248,19.32,119.279999,35.419998,1770467882.701746
-0.417972,0.2989,1.495232,15.33,168.279999,22.540001,1770467882.709843
-0.722972,0.246684,1.691164,18.48,199.289993,13.23,1770467882.717794
-1.14314,0.14274,1.8971,20.299999,210.630005,7.63,1770467882.725757
-1.57502,-0.210572,1.942484,2.31,190.190002,-5.88,1770467882.73377
-1.716784,-0.32452,1.783396,-2.1,120.610001,-15.47,1770467882.741744
-1.833172,-0.505812,1.676524,-2.52,38.080002,-18.059999,1770467882.749785
-1.739964,-0.629764,1.593564,-7.14,-53.34,-24.5,1770467882.757899
-1.48108,-0.69418,1.55916,-9.24,-130.130005,-31.57,1770467882.765757
-1.155096,-0.630252,1.4884,-13.86,-184.729996,-34.369999,1770467882.773765
-0.797636,-0.503372,1.419348,-15.47,-215.880005,-37.099998,1770467882.78224
-0.461404,-0.334524,1.371524,-20.23,-235.410004,-42.0,1770467882.789777
-0.155428,-0.134444,1.319552,-24.639999,-237.860001,-34.860001,1770467882.797786
0.085156,0.044408,1.198528,-27.65,-232.190002,-31.709999,1770467882.805759
0.158112,0.08784,1.019676,-25.48,-213.710007,-29.610001,1770467882.813779
0.52216,0.09882,0.810812,-25.620001,-201.25,-34.23,1770467882.82193
0.445544,0.364292,0.59292,1.54,-190.190002,2.66,1770467882.829866
0.465064,0.356972,0.530456,21.07,-165.899994,11.2,1770467882.837762
0.445056,0.408212,0.430904,26.32,-139.509995,28.0,1770467882.845802
0.423096,0.456036,0.315492,26.18,-111.089996,23.1,1770467882.853767
0.386984,0.488488,0.205204,17.57,-83.230003,28.139999,1770467882.861752
0.350628,0.497028,0.116144,14.35,-56.91,28.559999,1770467882.869752
0.30866,0.47458,0.050996,5.67,-32.200001,24.01,1770467882.8778
0.264496,0.416752,-0.004636,1.4,-9.38,18.620001,1770467882.885766
0.22204,0.348188,-0.063196,0.0,14.0,8.26,1770467882.893762
0.193736,0.291092,-0.088084,1.68,37.939999,1.47,1770467882.901763
0.189832,0.2562,-0.030744,10.01,61.880001,-4.83,1770467882.909758
0.206668,0.25498,0.131272,17.85,90.650002,-11.76,1770467882.91782
0.235704,0.255468,0.383324,24.57,118.720001,-15.54,1770467882.925755
0.264984,0.241804,0.676368,26.530001,147.210007,-21.139999,1770467882.933772
0.25864,0.164944,0.9394,26.879999,177.520004,-20.58,1770467882.941765
0.202032,0.031232,1.184132,30.309999,202.580002,-15.47,1770467882.949782
0.069784,-0.04026,1.466196,35.209999,226.169998,-2.8,1770467882.957843
-0.110776,-0.027572,1.861232,35.630001,241.009995,9.03,1770467882.965763
-0.37698,0.020008,2.373388,18.969999,240.940002,18.690001,1770467882.974001
-0.612196,-0.069052,2.629344,-1.54,215.740005,34.439999,1770467882.982456
-0.726144,-0.227652,2.377048,-5.25,167.860001,61.810001,1770467882.990529
-1.047736,-0.481168,1.927844,-12.67,145.320007,71.470001,1770467882.997764
-1.160708,-0.631228,1.491328,-32.549999,110.110001,36.610001,1770467883.005776
-1.166808,-0.678076,1.297348,-31.57,88.480003,19.6,1770467883.013798
-1.196332,-0.608048,1.27002,-26.18,76.370003,5.81,1770467883.021779
-1.198772,-0.425048,1.284172,-23.59,67.059998,-13.51,1770467883.030031
-1.137772,-0.1952,1.239276,-21.280001,54.529999,-25.83,1770467883.037745
-1.063352,0.024156,1.116056,-22.68,35.77,-34.93,1770467883.04576
-0.98942,0.183,0.972828,-28.209999,15.47,-49.560001,1770467883.053876
-0.879376,0.25864,0.842776,-31.08,-4.48,-57.82,1770467883.061762
-0.742004,0.273036,0.724192,-27.860001,-24.639999,-64.330002,1770467883.069767
-0.616344,0.26352,0.626836,-23.450001,-43.75,-66.150002,1770467883.077758
-0.509472,0.267424,0.539728,-12.67,-62.23,-65.940002,1770467883.085755
-0.419436,0.278892,0.448716,-5.25,-77.910004,-67.339996,1770467883.093753
-0.34526,0.291824,0.370148,3.08,-90.089996,-60.970001,1770467883.101754
-0.283772,0.299144,0.309636,11.48,-102.970001,-66.5,1770467883.109762
-0.246928,0.369416,0.259128,16.52,-108.43,-64.260002,1770467883.117757
-0.131028,0.412604,0.227896,25.620001,-113.959999,-57.68,1770467883.125753
-0.054412,0.477752,0.197152,31.639999,-119.209999,-49.279999,1770467883.133771
0.054168,0.562908,0.160796,40.459999,-133.979996,-32.689999,1770467883.141757
0.094672,0.545828,0.163236,50.889999,-139.860001,-15.89,1770467883.149758
0.124928,0.561932,0.163968,59.43,-141.399994,0.77,1770467883.157752
0.13786,0.574864,0.16714,65.169998,-132.929993,11.9,1770467883.165813
0.153476,0.581208,0.21106,58.450001,-115.220001,18.41,1770467883.17376
0.1586,0.577548,0.335012,44.59,-81.410004,24.780001,1770467883.181757
0.171288,0.540948,0.5612,28.209999,-24.57,24.360001,1770467883.189746
0.165188,0.447496,0.857904,14.84,46.970001,33.669998,1770467883.197748
0.06588,0.313296,1.175592,4.9,120.400002,31.780001,1770467883.205765
-0.145668,0.149084,1.499868,-8.47,188.509995,27.370001,1770467883.213877
-0.424804,0.0549,1.86538,-9.73,241.850006,15.61,1770467883.221754
-0.711504,-0.026108,2.17404,8.75,269.149994,16.030001,1770467883.230017
-1.381284,-0.416264,2.334104,4.76,274.119995,7.63,1770467883.237755
-1.624552,-0.373564,2.014464,6.86,216.160004,-2.94,1770467883.245754
-1.901004,-0.465064,1.787788,-1.19,128.940002,-8.33,1770467883.253823
-1.95932,-0.529968,1.595028,-7.0,22.610001,-17.219999,1770467883.261761
-1.79462,-0.549976,1.520364,-16.450001,-74.900002,-27.860001,1770467883.269765
-1.461072,-0.485804,1.480592,-17.15,-150.639999,-35.419998,1770467883.277748
-1.065304,-0.375028,1.412272,-17.780001,-199.220001,-42.139999,1770467883.285739
-0.688812,-0.243512,1.336876,-16.379999,-228.690002,-46.830002,1770467883.293742
-0.3355,-0.088572,1.253672,-19.110001,-243.809998,-48.16,1770467883.301765
-0.037088,0.073688,1.148264,-14.42,-247.660004,-42.91,1770467883.309758
0.120048,0.150304,1.008208,-11.76,-240.309998,-42.139999,1770467883.317762
0.14762,0.106872,0.831796,-10.22,-214.270004,-41.09,1770467883.325893
0.494832,0.429196,0.553392,6.86,-225.330002,-7.56,1770467883.333808
0.50386,0.308904,0.499956,25.620001,-199.850006,21.629999,1770467883.341761
0.489952,0.323056,0.363316,25.9,-170.449997,29.82,1770467883.3498
0.477752,0.34526,0.220088,19.879999,-140.210007,40.950001,1770467883.357858
0.463112,0.372832,0.106384,18.34,-109.970001,40.599998,1770467883.365749
0.447252,0.375516,0.032696,11.55,-79.870003,37.099998,1770467883.37375
0.415288,0.38064,-0.0183,7.07,-48.439999,36.889999,1770467883.381785
0.377224,0.371612,-0.060268,7.84,-15.47,31.5,1770467883.389799
0.336476,0.342576,-0.094672,8.26,16.73,24.01,1770467883.397752
0.307196,0.33062,-0.104432,15.61,48.509998,12.88,1770467883.405759
0.29036,0.345504,-0.049532,22.889999,81.620003,7.07,1770467883.413757
0.286456,0.357704,0.102968,26.74,113.400002,-3.29,1770467883.421807
0.292068,0.361364,0.322812,25.620001,144.619995,-10.99,1770467883.429802
0.295972,0.332816,0.602436,17.219999,180.600006,-13.51,1770467883.43777
0.25986,0.227408,0.897676,3.08,214.899994,-11.62,1770467883.445754
0.153964,0.03538,1.118008,-11.48,249.970001,-7.0,1770467883.453862
0.012688,-0.117852,1.380552,-19.879999,279.369995,-0.7,1770467883.461757
-0.154696,-0.199348,1.78486,-14.98,296.589996,7.84,1770467883.469767
-0.420168,-0.159088,2.28262,-21.07,297.01001,20.65,1770467883.477742
-0.763964,-0.1769,2.526864,-24.219999,272.440002,36.540001,1770467883.485802
-1.205116,-0.486048,2.344352,-27.16,242.270004,46.759998,1770467883.493763
-1.387384,-0.631472,1.777784,-28.77,197.050003,18.27,1770467883.501762
-1.495232,-0.639524,1.404708,-25.690001,134.75,11.69,1770467883.509774
-1.560868,-0.582184,1.287588,-22.540001,84.699997,-0.7,1770467883.517809
-1.54696,-0.448228,1.320284,-17.01,43.75,-15.4,1770467883.525771
-1.426912,-0.211304,1.354688,-19.530001,10.22,-25.059999,1770467883.533802
-1.266604,-0.003172,1.272216,-23.52,-16.1,-40.110001,1770467883.541762
-1.104588,0.139812,1.098488,-31.08,-37.799999,-48.369999,1770467883.549804
-0.92598,0.22448,0.932568,-33.32,-52.779999,-61.529999,1770467883.557836
-0.760548,0.25376,0.805688,-31.85,-63.77,-65.239998,1770467883.56579
-0.61244,0.258884,0.699304,-29.540001,-73.919998,-70.489998,1770467883.573765
-0.490196,0.250344,0.583648,-21.35,-84.910004,-73.989998,1770467883.58178
-0.3965,0.249124,0.473848,-11.76,-92.400002,-68.389999,1770467883.589936
-0.317688,0.267424,0.384544,-1.54,-99.540001,-70.769997,1770467883.597746
-0.252296,0.307928,0.315492,10.08,-107.169998,-63.349998,1770467883.605757
-0.203984,0.330132,0.276208,17.219999,-113.120003,-64.190002,1770467883.613804
-0.182024,0.341844,0.255712,21.139999,-116.199997,-66.709999,1770467883.621774
-0.10126,0.386496,0.226676,33.669998,-112.209999,-56.84,1770467883.629771
-0.019032,0.453352,0.194956,44.66,-116.339996,-46.619999,1770467883.637729
0.04758,0.457988,0.196664,61.950001,-122.360001,-20.860001,1770467883.645761
0.087596,0.47214,0.205936,67.830002,-122.010002,-9.31,1770467883.653759
0.088572,0.477752,0.23058,72.309998,-116.059998,10.92,1770467883.661757
0.09394,0.48312,0.271816,68.949997,-100.519997,21.209999,1770467883.66978
0.073932,0.473604,0.360876,59.290001,-71.260002,31.290001,1770467883.677763
0.0305,0.4697,0.531188,51.66,-22.26,38.009998,1770467883.685762
-0.035624,0.44652,0.79788,38.990002,39.549999,39.200001,1770467883.693768
-0.15372,0.38674,1.115324,29.540001,107.449997,35.419998,1770467883.701792
-0.359656,0.27572,1.441308,16.17,169.399994,27.370001,1770467883.709834
-0.61366,0.152256,1.731668,5.53,210.279999,12.53,1770467883.717762
-0.959164,0.105164,1.874408,15.12,222.389999,15.12,1770467883.725768
-1.596492,-0.391864,2.067656,-1.82,218.75,-0.14,1770467883.733846
-1.750944,-0.455304,1.836832,-1.75,160.089996,-18.059999,1770467883.741787
-1.919304,-0.630984,1.749724,-0.98,73.080002,-20.02,1770467883.749772
-1.867088,-0.753228,1.677744,-3.57,-30.799999,-26.879999,1770467883.75776
-1.603812,-0.7564,1.624552,-3.92,-118.230003,-30.66,1770467883.765759
-1.229028,-0.6039,1.521828,-2.38,-181.860001,-34.02,1770467883.773774
-0.821792,-0.395036,1.441308,-3.99,-221.059998,-33.040001,1770467883.781899
-0.458476,-0.180072,1.39324,-5.88,-242.410004,-38.360001,1770467883.789824
-0.13786,0.025864,1.312964,-13.79,-248.919998,-29.190001,1770467883.797787
0.087596,0.16714,1.186816,-21.77,-245.910004,-21.559999,1770467883.80574
0.154208,0.152988,0.963556,-30.66,-225.050003,-26.530001,1770467883.813766
0.42944,0.178364,0.62952,-34.790001,-209.300003,-20.58,1770467883.821814
0.467016,0.297436,0.512156,-16.59,-191.729996,16.59,1770467883.829769
0.446032,0.326228,0.397232,-8.89,-167.089996,37.799999,1770467883.837772
0.436272,0.354288,0.267912,-3.78,-140.839996,45.639999,1770467883.84576
0.42822,0.387228,0.140056,-5.81,-114.940002,44.52,1770467883.853759
0.412604,0.394304,0.049776,-2.8,-88.760002,50.959999,1770467883.861759
0.385032,0.393816,-0.005368,4.13,-61.740002,43.540001,1770467883.869829
0.349408,0.382592,-0.045384,7.91,-34.09,42.84,1770467883.877869
0.310124,0.363804,-0.0732,16.52,-5.11,31.43,1770467883.885769
0.277916,0.340868,-0.081252,23.1,22.190001,23.450001,1770467883.89376
0.259372,0.331108,-0.042456,30.799999,51.310001,20.860001,1770467883.901769
0.273036,0.338916,0.069052,35.139999,81.199997,9.66,1770467883.909756
0.294752,0.347944,0.244,36.75,110.18,9.94,1770467883.917796
0.318664,0.341356,0.464576,41.650002,139.860001,1.75,1770467883.925807
0.305732,0.27572,0.73078,36.119999,174.509995,6.02,1770467883.93392
0.247416,0.157136,0.985516,28.0,212.520004,-1.61,1770467883.941804
0.140056,-0.028548,1.240008,16.24,246.679993,-3.08,1770467883.949772
0.016592,-0.14884,1.566724,11.9,273.910004,3.99,1770467883.957843
-0.192272,-0.162992,2.063264,14.7,293.440002,11.2,1770467883.965787
-0.454816,-0.16836,2.643496,1.89,286.790009,24.92,1770467883.974526
-0.73444,-0.298412,2.817468,-5.11,259.070007,41.369999,1770467883.982076
-1.070672,-0.564616,2.362164,-7.63,231.630005,60.830002,1770467883.989897
-1.270996,-0.65026,1.696532,-18.76,191.100006,32.689999,1770467883.997805
-1.344928,-0.627568,1.303936,-18.690001,141.539993,22.889999,1770467884.0058
-1.433744,-0.507276,1.17852,-15.33,107.099998,6.86,1770467884.013759
-1.481568,-0.339648,1.201456,-17.639999,82.599998,-7.42,1770467884.021757
-1.421788,-0.127368,1.234396,-24.219999,57.049999,-27.299999,1770467884.030009
-1.303448,0.084668,1.151192,-27.09,32.41,-36.189999,1770467884.037759
-1.183888,0.23058,1.002352,-30.24,6.44,-49.209999,1770467884.045765
-1.052128,0.294996,0.850584,-36.889999,-16.24,-60.060001,1770467884.053765
-0.906948,0.313052,0.727852,-36.470001,-35.630001,-64.470001,1770467884.061829
-0.765428,0.310612,0.624152,-30.030001,-53.900002,-67.480003,1770467884.069791
-0.649284,0.311832,0.531432,-23.66,-69.790001,-63.490002,1770467884.077745
-0.550464,0.3233,0.45506,-12.11,-85.190002,-64.68,1770467884.085758
-0.477264,0.344772,0.379176,-6.23,-98.980003,-62.580002,1770467884.093751
-0.411628,0.339648,0.316712,0.0,-109.199997,-68.389999,1770467884.10175
-0.273036,0.455792,0.2257,9.87,-120.540001,-59.779999,1770467884.10983
-0.23302,0.471896,0.202764,17.639999,-130.759995,-50.189999,1770467884.117746
-0.18788,0.490196,0.174704,21.559999,-140.0,-52.360001,1770467884.125753
-0.090768,0.541192,0.123708,24.92,-151.550003,-47.389999,1770467884.133773
0.080276,0.624152,0.090036,38.360001,-169.330002,-34.580002,1770467884.141798
0.120292,0.560224,0.113948,46.34,-182.770004,-13.93,1770467884.14984
0.153476,0.531676,0.12688,53.130001,-183.050003,8.61,1770467884.157745
0.167384,0.4941,0.16836,54.110001,-170.520004,22.540001,1770467884.165751
0.177632,0.452864,0.26962,50.189999,-136.710007,30.379999,1770467884.173737
0.187636,0.414068,0.453108,44.450001,-76.790001,43.400002,1770467884.181762
0.183244,0.341112,0.707844,43.68,1.19,45.009998,1770467884.189748
0.11712,0.24522,0.985028,36.610001,83.720001,46.549999,1770467884.197749
-0.042456,0.13054,1.315648,34.09,158.690002,31.290001,1770467884.205795
-0.337696,0.064172,1.769,27.299999,223.929993,13.23,1770467884.213754
-0.592432,0.060268,2.160132,34.509998,268.100006,5.6,1770467884.221754
-1.059692,-0.037332,2.312632,41.509998,285.040009,11.41,1770467884.229762
-1.563308,-0.309392,2.174772,27.860001,254.589996,5.95,1770467884.237765
-1.811456,-0.416752,1.924672,14.98,163.380005,-8.89,1770467884.245869
-1.914668,-0.525088,1.731912,1.89,60.41,-14.63,1770467884.253753
-1.806576,-0.57828,1.595516,-3.78,-44.029999,-31.57,1770467884.261746
-1.502064,-0.532896,1.524024,-7.7,-131.529999,-37.52,1770467884.269758
-1.09556,-0.389912,1.478152,-7.56,-193.619995,-45.009998,1770467884.277733
-0.694912,-0.234972,1.434232,-11.69,-227.5,-44.450001,1770467884.285772
-0.344528,-0.084912,1.349076,-13.72,-248.149994,-47.040001,1770467884.293753
-0.054168,0.033428,1.229272,-21.700001,-252.419998,-39.900002,1770467884.301758
0.105896,0.095648,1.03944,-25.690001,-241.429993,-32.549999,1770467884.309753
0.143472,0.094428,0.819352,-32.759998,-214.550003,-29.540001,1770467884.317752
0.663924,0.285724,0.53314,-32.34,-209.720001,1.4,1770467884.325856
0.395036,0.315736,0.412604,-20.58,-186.199997,18.620001,1770467884.334057
0.393084,0.305244,0.330376,-17.57,-159.110001,29.469999,1770467884.341817
0.384056,0.33306,0.221796,-21.700001,-129.850006,39.970001,1770467884.349795
0.383324,0.377224,0.12322,-24.01,-102.900002,41.860001,1770467884.357803
0.366732,0.399672,0.055144,-23.1,-77.0,44.240002,1770467884.365769
0.34038,0.413824,0.009516,-20.440001,-49.209999,39.619999,1770467884.373791
0.314272,0.416508,-0.0305,-13.93,-21.35,32.970001,1770467884.381766
0.285968,0.406016,-0.069052,-4.48,5.11,25.34,1770467884.38975
0.269376,0.35746,-0.077592,-0.21,33.32,18.76,1770467884.397775
0.27206,0.307196,-0.026596,2.31,61.880001,13.44,1770467884.405756
0.2928,0.240096,0.131516,4.2,92.330002,9.94,1770467884.413772
0.321348,0.148596,0.389912,6.09,130.619995,7.91,1770467884.421777
0.333304,0.074176,0.678076,9.59,167.440002,10.71,1770467884.429772
0.311832,-0.026596,0.946964,9.1,206.289993,7.98,1770467884.437769
0.212768,-0.157136,1.11874,16.66,241.289993,8.61,1770467884.44576
0.077836,-0.222772,1.326872,28.209999,267.049988,12.88,1770467884.453762
-0.100528,-0.230336,1.633336,38.43,282.380005,25.48,1770467884.461756
-0.349652,-0.122976,2.085956,33.32,275.589996,37.869999,1770467884.469754
-0.718336,-0.089304,2.485872,13.23,252.630005,42.630001,1770467884.477731
-1.03578,-0.193492,2.321904,1.75,217.490005,46.689999,1770467884.48576
-1.27246,-0.445788,1.800232,-15.75,182.839996,33.389999,1770467884.493783
-1.302472,-0.50508,1.417884,-13.79,137.550003,24.709999,1770467884.501764
-1.356152,-0.459696,1.305888,-2.45,104.650002,9.17,1770467884.509766
-1.371036,-0.332572,1.322724,-2.03,79.169998,-3.57,1770467884.517754
-1.321992,-0.138104,1.338828,-2.59,56.419998,-23.379999,1770467884.525921
-1.217316,0.037576,1.270752,-9.52,37.169998,-35.91,1770467884.533749
-1.097268,0.157136,1.120936,-15.47,18.41,-50.889999,1770467884.541786
-0.97722,0.225212,0.94916,-18.9,2.1,-62.439999,1770467884.549782
-0.84546,0.246928,0.805444,-22.540001,-12.67,-72.730003,1770467884.557763
-0.714188,0.249124,0.702476,-19.459999,-26.6,-76.580002,1770467884.565765
-0.598776,0.245464,0.617564,-15.05,-42.0,-77.559998,1770467884.573754
-0.50996,0.260104,0.541192,-5.46,-54.529999,-77.489998,1770467884.58177
-0.436272,0.295972,0.471164,4.48,-67.900002,-73.779999,1770467884.589848
-0.376736,0.336964,0.415776,14.56,-78.889999,-70.419998,1770467884.597766
-0.341112,0.339648,0.371856,21.0,-90.650002,-74.550003,1770467884.605792
-0.222772,0.4575,0.305732,32.34,-99.68,-60.200001,1770467884.613758
-0.17812,0.501176,0.2806,43.75,-109.199997,-50.75,1770467884.621756
-0.121024,0.538264,0.247172,54.389999,-119.0,-33.950001,1770467884.62987
-0.063928,0.54656,0.216184,61.110001,-127.400002,-18.41,1770467884.637771
-0.021228,0.54534,0.188124,67.339996,-132.300003,-4.9,1770467884.645756
0.025864,0.548024,0.172508,69.230003,-135.100006,8.96,1770467884.653826
0.038308,0.54046,0.188124,64.330002,-127.610001,21.49,1770467884.661763
0.041236,0.515816,0.244732,53.970001,-104.230003,33.18,1770467884.66976
0.02806,0.451888,0.3843,38.990002,-54.810001,41.720001,1770467884.677736
-0.006588,0.355264,0.621224,29.68,10.99,50.119999,1770467884.685781
-0.1037,0.232776,0.898652,17.43,85.889999,42.490002,1770467884.693886
-0.28182,0.086864,1.21878,15.19,155.820007,35.209999,1770467884.701749
-0.480436,0.031476,1.569408,20.299999,209.860001,22.75,1770467884.709766
-0.979172,-0.028304,1.858304,30.66,247.240005,24.360001,1770467884.717743
-1.585756,-0.430416,1.99348,25.34,261.380005,-19.18,1770467884.725763
-1.913692,-0.587552,1.891488,21.07,208.669998,-30.52,1770467884.733831
-2.188924,-0.691252,1.76168,14.42,109.199997,-35.349998,1770467884.741774
-2.19112,-0.833748,1.640656,1.89,-20.93,-48.439999,1770467884.749827
-1.87148,-0.851804,1.570628,2.31,-138.110001,-48.720001,1770467884.757866
-1.39202,-0.658312,1.519876,9.73,-222.529999,-48.369999,1770467884.765752
-0.899628,-0.40626,1.4762,11.69,-277.480011,-46.060001,1770467884.773746
-0.500688,-0.138592,1.430084,9.8,-300.649994,-44.240002,1770467884.782518
-0.171532,0.090524,1.37982,3.64,-300.160004,-43.259998,1770467884.78977
0.073444,0.257664,1.308084,-9.66,-283.429993,-35.07,1770467884.797764
0.157624,0.247416,1.138504,-27.370001,-253.679993,-38.639999,1770467884.805785
0.465552,0.356972,0.722728,-36.68,-228.619995,-43.68,1770467884.813787
0.512644,0.40016,0.654652,-25.200001,-204.75,-0.49,1770467884.821745
0.490684,0.431636,0.526796,-13.65,-173.669998,16.030001,1770467884.829803
0.474336,0.47214,0.39406,-14.21,-140.559998,25.48,1770467884.837798
0.467504,0.528016,0.268644,-5.53,-104.019997,26.67,1770467884.845766
0.449204,0.552904,0.169824,-1.33,-72.379997,25.200001,1770467884.853758
0.421144,0.567788,0.10004,5.95,-42.0,18.34,1770467884.861777
0.385276,0.57584,0.058804,12.46,-18.34,13.65,1770467884.869833
0.347212,0.5673,0.020008,16.52,2.1,4.55,1770467884.877739
0.29646,0.540216,-0.031964,19.530001,19.110001,-5.32,1770467884.885767
0.243512,0.493612,-0.087352,16.450001,36.119999,-13.51,1770467884.893761
0.198372,0.4453,-0.116388,12.46,52.849998,-16.870001,1770467884.901763
0.182268,0.373564,-0.08174,6.93,70.629997,-18.27,1770467884.9098
0.19154,0.312076,0.029036,-0.21,91.559998,-16.940001,1770467884.917765
0.221308,0.25132,0.245464,0.35,115.849998,-9.31,1770467884.925758
0.239364,0.16714,0.53192,-6.09,145.25,-8.54,1770467884.933765
0.226676,-0.00244,0.842532,-9.24,180.600006,1.68,1770467884.94194
0.15616,-0.194468,1.083604,-9.52,212.940002,3.57,1770467884.949771
0.127856,-0.323056,1.412516,2.87,234.919998,12.46,1770467884.957759
-0.077836,-0.422608,1.863428,10.57,246.259995,23.52,1770467884.965759
-0.41236,-0.402844,2.316536,3.15,252.279999,44.240002,1770467884.974093
-0.836188,-0.456768,2.620804,-8.12,251.020004,12.18,1770467884.982649
-1.061156,-0.637328,2.530768,-6.79,221.899994,12.81,1770467884.990095
-1.251964,-0.737368,2.0618,-2.24,175.699997,7.84,1770467884.997761
-1.34444,-0.633668,1.545984,6.79,114.379997,-1.05,1770467885.005775
-1.367376,-0.453108,1.34444,7.14,64.400002,-12.6,1770467885.01379
-1.324432,-0.247416,1.346636,9.45,25.41,-24.15,1770467885.021816
-1.221464,-0.038552,1.379332,4.83,3.99,-35.700001,1770467885.029766
-1.087264,0.146156,1.339316,-7.0,-7.91,-46.130001,1770467885.037779
-0.967704,0.252784,1.217072,-16.66,-14.91,-56.490002,1770467885.045772
-0.85766,0.294996,1.0492,-29.190001,-21.209999,-68.25,1770467885.053801
-0.745664,0.296948,0.918416,-32.549999,-24.85,-74.129997,1770467885.061759
-0.6344,0.276452,0.800808,-30.1,-32.759998,-82.949997,1770467885.069763
-0.539484,0.2562,0.690764,-22.75,-41.23,-82.529999,1770467885.077767
-0.462136,0.253028,0.601216,-6.79,-52.990002,-83.089996,1770467885.085755
-0.389668,0.24522,0.517768,4.76,-65.379997,-82.949997,1770467885.093775
-0.342576,0.299876,0.418216,16.309999,-78.120003,-84.0,1770467885.101881
-0.30256,0.318908,0.36844,27.23,-89.809998,-90.93,1770467885.109783
-0.22082,0.416996,0.304024,39.060001,-99.540001,-89.809998,1770467885.117749
-0.155184,0.492392,0.273768,49.560001,-110.879997,-77.349998,1770467885.125752
-0.072956,0.559248,0.259372,60.27,-120.959999,-70.279999,1770467885.133735
-0.026108,0.5856,0.246684,68.32,-129.779999,-52.919998,1770467885.141783
0.025376,0.578768,0.218868,75.459999,-133.770004,-34.509998,1770467885.149781
0.06344,0.560224,0.184708,75.949997,-133.419998,-19.67,1770467885.157749
0.097844,0.541924,0.146888,76.160004,-131.320007,-5.32,1770467885.165744
0.110776,0.520696,0.140056,66.010002,-118.860001,5.6,1770467885.173755
0.12932,0.488244,0.198128,52.779999,-93.239998,15.26,1770467885.181774
0.15372,0.385764,0.3843,41.439999,-51.869999,16.799999,1770467885.189766
0.140788,0.182512,0.685152,25.27,11.41,20.370001,1770467885.19776
0.077592,0.022204,0.989664,28.98,83.93,15.89,1770467885.20575
-0.061244,-0.112972,1.376892,38.360001,152.949997,9.52,1770467885.213768
-0.25498,-0.120292,1.80438,50.68,201.179993,11.34,1770467885.22184
-0.621224,-0.080276,2.10084,53.689999,218.399994,5.11,1770467885.229756
-1.410564,-0.431392,2.154276,28.77,239.610001,-20.23,1770467885.237773
-1.677744,-0.495808,2.057408,9.59,189.490005,-38.849998,1770467885.245761
-1.910764,-0.597068,2.014464,-7.98,104.510002,-42.700001,1770467885.253762
-1.944924,-0.7137,1.945656,-17.99,-4.55,-52.009998,1770467885.261869
-1.7141,-0.65758,1.828048,-12.18,-104.860001,-48.299999,1770467885.269771
-1.334924,-0.443592,1.67506,-11.97,-179.619995,-51.310001,1770467885.277732
-0.928176,-0.209108,1.54452,-14.14,-225.820007,-50.400002,1770467885.285738
-0.55876,0.007564,1.419592,-17.92,-246.820007,-50.540001,1770467885.293744
-0.275964,0.201544,1.312964,-26.809999,-249.059998,-56.630001,1770467885.301761
-0.050752,0.320616,1.183888,-35.630001,-241.5,-53.130001,1770467885.309759
0.055144,0.320372,1.014552,-49.630001,-223.929993,-57.470001,1770467885.317758
0.094672,0.29036,0.787388,-58.310001,-196.979996,-69.510002,1770467885.32576
0.357216,0.490196,0.574864,-39.759998,-194.949997,-28.35,1770467885.333841
0.403576,0.454328,0.51484,-27.860001,-178.5,-19.74,1770467885.341776
0.412848,0.460184,0.407236,-18.129999,-158.619995,0.56,1770467885.349771
0.420412,0.486536,0.298656,-11.2,-138.179993,2.1,1770467885.357763
0.427976,0.488,0.220332,4.76,-116.620003,7.56,1770467885.365781
0.424804,0.47946,0.171776,15.96,-97.300003,3.99,1770467885.373765
0.411628,0.479216,0.136884,29.33,-77.0,5.39,1770467885.381793
0.388692,0.463844,0.081984,36.75,-53.41,2.66,1770467885.389789
0.349652,0.426756,0.008052,42.209999,-30.24,0.77,1770467885.397751
0.311344,0.382104,-0.053924,45.849998,-6.09,-4.62,1770467885.405757
0.290604,0.34526,-0.080032,44.52,17.99,-11.2,1770467885.413742
0.290604,0.309148,-0.05368,44.73,44.869999,-14.7,1770467885.421767
0.316956,0.269132,0.048556,43.889999,69.720001,-17.57,1770467885.42975
0.362584,0.210572,0.252296,41.790001,95.830002,-17.99,1770467885.438035
0.40992,0.037088,0.582428,36.330002,124.529999,-20.23,1770467885.445762
0.407724,-0.094916,0.893528,37.799999,160.160004,-20.58,1770467885.453758
0.400892,-0.262056,1.170468,56.630001,200.759995,-20.02,1770467885.461774
0.337696,-0.392352,1.46034,78.190002,233.520004,-7.07,1770467885.469771
0.143472,-0.369416,1.80438,85.190002,253.050003,1.47,1770467885.477739
-0.1342,-0.245708,2.197708,74.269997,254.169998,-3.85,1770467885.48576
-0.39528,-0.149084,2.528816,45.290001,231.839996,1.4,1770467885.493756
-0.628056,-0.174948,2.54126,24.290001,193.339996,9.59,1770467885.501796
-1.18096,-0.467992,2.383636,11.13,158.479996,0.07,1770467885.509835
-1.125328,-0.33916,1.98128,3.22,120.540001,-13.02,1770467885.517755
-1.173884,-0.162504,1.639924,1.19,83.860001,-29.959999,1770467885.525759
-1.162416,0.020984,1.414956,-10.85,52.290001,-40.950001,1770467885.533744
-1.105564,0.165676,1.274656,-19.110001,30.1,-59.150002,1770467885.541784
-1.022604,0.252784,1.185108,-25.200001,18.41,-66.150002,1770467885.549785
-0.943792,0.30134,1.087752,-33.669998,10.29,-77.0,1770467885.557756
-0.8723,0.332328,0.941108,-37.799999,0.42,-83.160004,1770467885.565768
-0.789584,0.332328,0.768844,-40.529999,-13.37,-87.639999,1770467885.573748
-0.716628,0.332328,0.624152,-33.040001,-32.34,-90.300003,1770467885.581764
-0.650016,0.34892,0.518256,-17.57,-53.200001,-90.93,1770467885.589766
-0.589992,0.380152,0.445544,-8.47,-70.209999,-92.959999,1770467885.597872
-0.540948,0.463112,0.369416,3.92,-84.769997,-102.129997,1770467885.60579
-0.41358,0.640256,0.28182,12.74,-108.010002,-88.830002,1770467885.613757
-0.35014,0.68076,0.264496,12.67,-125.790001,-80.43,1770467885.621774
-0.259372,0.735172,0.23058,9.59,-148.190002,-75.809998,1770467885.62993
-0.1525,0.761036,0.198616,8.54,-165.550003,-68.18,1770467885.637779
-0.05368,0.726388,0.17202,13.79,-180.179993,-57.330002,1770467885.645796
0.013908,0.633668,0.144448,12.67,-183.539993,-46.27,1770467885.653913
0.071492,0.556076,0.11834,17.43,-180.320007,-32.200001,1770467885.661755
0.146644,0.479216,0.12566,25.9,-169.960007,-19.74,1770467885.669775
0.180316,0.37576,0.212768,31.780001,-147.419998,-10.08,1770467885.677738
0.243268,0.268644,0.399916,39.830002,-111.089996,-9.8,1770467885.68576
0.277428,0.159332,0.69784,49.91,-59.009998,-9.31,1770467885.693756
0.259128,0.059048,1.008208,61.18,2.52,-15.05,1770467885.701781
0.166164,0.00122,1.287344,74.199997,63.07,-24.709999,1770467885.70977
0.02196,-0.00122,1.656272,78.050003,102.830002,-36.75,1770467885.717754
-0.220332,0.027328,2.111332,73.57,118.93,-47.040001,1770467885.725751
-0.567056,-0.024888,2.422188,53.130001,114.169998,-53.759998,1770467885.733757
-0.805688,-0.161772,2.361432,37.73,80.010002,-46.48,1770467885.741824
-1.088484,-0.413092,2.238944,18.9,41.02,-30.450001,1770467885.749794
-1.121424,-0.629276,2.114748,-7.56,-10.43,-52.43,1770467885.757763
-1.00894,-0.61854,2.006656,-17.290001,-60.34,-48.299999,1770467885.76577
-0.827648,-0.500688,1.838296,-34.09,-101.779999,-48.720001,1770467885.773915
-0.612684,-0.340136,1.644804,-47.529999,-129.570007,-49.139999,1770467885.781751
-0.409676,-0.157868,1.458144,-57.119999,-148.330002,-42.560001,1770467885.789758
-0.224968,0.016348,1.26514,-65.870003,-152.740005,-42.209999,1770467885.797757
-0.06588,0.162016,1.07482,-66.220001,-151.059998,-38.639999,1770467885.805757
0.035136,0.223504,0.91134,-65.309998,-144.759995,-34.369999,1770467885.813757
0.06954,0.185684,0.778116,-67.760002,-129.850006,-38.990002,1770467885.821759
0.0915,0.176412,0.630496,-65.589996,-113.75,-49.279999,1770467885.829865
0.256932,0.409188,0.454328,-38.220001,-114.870003,-9.66,1770467885.837758
0.276208,0.380152,0.409432,-19.110001,-104.019997,4.34,1770467885.845764
0.260592,0.431392,0.318664,-5.25,-95.199997,10.29,1770467885.85376
0.255224,0.493368,0.23302,10.22,-82.809998,18.48,1770467885.861746
0.241804,0.532164,0.174948,28.42,-71.889999,19.6,1770467885.869834
0.223504,0.553392,0.135176,37.099998,-58.66,24.15,1770467885.877757
0.203984,0.540704,0.109312,42.98,-40.880001,22.120001,1770467885.885757
0.187392,0.502396,0.065636,41.509998,-25.34,18.059999,1770467885.893758
0.18056,0.449204,0.017324,40.110001,-7.98,13.86,1770467885.901789
0.1891,0.387228,0.004636,38.639999,5.53,6.93,1770467885.909836
0.204716,0.317932,0.08296,31.639999,21.559999,4.13,1770467885.917764
0.250832,0.250832,0.279624,28.209999,35.07,-3.92,1770467885.925747
0.347944,0.157624,0.618784,23.309999,48.23,-13.37,1770467885.933759
0.426024,0.000488,1.01138,24.01,68.32,-19.67,1770467885.941914
0.450424,-0.176412,1.30418,36.540001,96.32,-26.389999,1770467885.949784
0.415288,-0.313784,1.537688,51.66,122.360001,-24.85,1770467885.95776
0.349164,-0.38308,1.813164,59.43,136.710007,-17.01,1770467885.96576
0.19398,-0.291336,2.091568,50.330002,137.199997,-4.2,1770467885.974017
-0.064172,-0.243512,2.263588,38.009998,131.179993,13.86,1770467885.982243
-0.247904,-0.290116,2.248948,31.290001,114.870003,24.290001,1770467885.989931
-0.41236,-0.286944,2.189656,26.110001,92.260002,36.889999,1770467885.997925
-0.902556,-0.42944,2.160864,15.4,87.849998,21.209999,1770467886.005809
-0.81618,-0.19764,1.868308,-5.11,80.639999,6.72,1770467886.013762
-0.867176,-0.020252,1.667252,-11.97,77.559998,-8.33,1770467886.021758
-0.90402,0.121512,1.495964,-21.139999,66.220001,-15.4,1770467886.029781
-0.90158,0.232532,1.334192,-27.23,49.490002,-16.52,1770467886.037754
-0.885964,0.321836,1.180472,-29.75,31.290001,-29.120001,1770467886.045789
-0.847168,0.379664,1.033828,-34.369999,13.09,-31.219999,1770467886.053793
-0.790804,0.407236,0.875716,-31.01,-7.56,-37.869999,1770467886.061758
-0.732732,0.44286,0.7259,-23.309999,-29.889999,-42.209999,1770467886.069882
-0.665632,0.479704,0.604876,-12.04,-52.990002,-45.290001,1770467886.077771
-0.593896,0.456524,0.521428,-3.22,-75.739998,-49.419998,1770467886.085766
-0.586576,0.493124,0.415044,5.74,-90.440002,-64.050003,1770467886.093753
-0.423584,0.653432,0.275232,19.110001,-102.199997,-44.310001,1770467886.10179
-0.356728,0.709308,0.190564,29.959999,-117.669998,-31.01,1770467886.10975
-0.284992,0.756644,0.11224,31.219999,-136.990005,-12.39,1770467886.117768
-0.228872,0.80032,0.038308,29.469999,-157.429993,-3.5,1770467886.125835
-0.141032,0.82106,-0.028304,22.68,-176.960007,3.64,1770467886.133748
-0.05856,0.778116,-0.065636,19.25,-196.839996,10.64,1770467886.141953
0.020496,0.707356,-0.079544,14.07,-205.100006,7.28,1770467886.149765
0.141032,0.635376,-0.079788,7.42,-209.649994,16.24,1770467886.157751
0.22082,0.562664,-0.012688,1.54,-201.389999,15.26,1770467886.165792
0.30988,0.487024,0.13664,-6.37,-183.190002,12.46,1770467886.173755
0.409188,0.369416,0.345504,-10.64,-153.089996,7.77,1770467886.181762
0.533628,0.194956,0.62342,-4.27,-121.800003,3.01,1770467886.189764
0.560468,0.019276,0.946476,0.35,-78.75,-0.91,1770467886.197753
0.521184,-0.086132,1.279292,6.3,-24.639999,-10.5,1770467886.205755
0.528016,-0.228628,1.695312,-3.92,29.120001,-19.879999,1770467886.213754
0.531432,-0.238144,2.231868,-14.77,59.990002,-29.889999,1770467886.221803
0.44286,-0.244976,2.75598,-29.68,73.989998,-28.559999,1770467886.22987
0.18056,-0.44896,2.792336,-42.349998,75.459999,-21.700001,1770467886.237748
-0.004392,-0.577792,2.641056,-40.18,64.68,-12.39,1770467886.245771
-0.133956,-0.62586,2.485628,-48.860001,44.099998,-6.44,1770467886.253833
-0.253272,-0.524356,2.162572,-60.549999,27.23,-9.45,1770467886.261759
-0.26474,-0.333792,1.78608,-72.239998,15.19,-14.77,1770467886.269764
-0.205204,-0.146156,1.491816,-72.730003,2.17,-11.69,1770467886.277737
-0.16592,0.03416,1.287832,-65.589996,-10.64,-8.75,1770467886.285745
-0.105408,0.182756,1.13582,-54.25,-18.969999,-4.48,1770467886.293756
-0.05002,0.260836,1.030656,-48.23,-23.799999,1.89,1770467886.301761
-0.019276,0.263032,0.922076,-42.139999,-26.18,4.06,1770467886.309842
0.029768,0.25742,0.773236,-38.990002,-27.65,0.42,1770467886.317756
0.119072,0.453352,0.598532,-12.46,-37.52,39.619999,1770467886.32576
0.14762,0.397232,0.49898,-1.19,-44.240002,52.990002,1770467886.333761
0.130784,0.405528,0.345016,5.88,-43.889999,58.099998,1770467886.34177
0.126148,0.398696,0.239852,17.99,-38.849998,63.84,1770467886.34979
0.116388,0.408456,0.156892,27.860001,-28.559999,68.040001,1770467886.357745
0.106384,0.42944,0.069052,38.43,-18.9,71.610001,1770467886.365766
0.095892,0.452376,0.004636,38.43,-11.69,69.650002,1770467886.373787
0.090768,0.44042,-0.038308,36.400002,-5.88,67.480003,1770467886.381879
0.1098,0.369904,-0.023912,34.650002,-0.21,58.099998,1770467886.389792
0.160308,0.26352,0.043676,27.299999,4.76,46.130001,1770467886.397764
0.225944,0.154452,0.15372,25.9,8.05,32.41,1770467886.405763
0.291092,0.009028,0.345016,24.92,12.67,25.48,1770467886.413777
0.372344,-0.113216,0.606584,29.4,18.76,13.72,1770467886.421916
0.461892,-0.262788,0.96746,32.549999,30.66,9.17,1770467886.429797
0.517036,-0.348432,1.393728,35.419998,48.439999,13.72,1770467886.437747
0.561444,-0.46116,1.763388,37.450001,65.099998,10.22,1770467886.445785
0.57706,-0.611464,2.014464,31.219999,69.650002,13.79,1770467886.453771
0.543144,-0.757864,2.138416,25.549999,65.449997,21.98,1770467886.461906
0.358436,-0.688324,2.240896,36.119999,69.440002,31.780001,1770467886.469783
0.17446,-0.596336,2.222352,52.080002,81.550003,33.740002,1770467886.477748
0.027084,-0.383812,2.159156,57.959999,98.629997,24.43,1770467886.485762
-0.109556,-0.11102,2.048624,47.950001,116.830002,17.57,1770467886.493761
-0.260836,0.112728,1.867576,27.299999,131.110001,6.37,1770467886.50176
-0.369172,0.267668,1.646024,11.97,137.410004,2.31,1770467886.50983
-0.513376,0.396988,1.420324,-2.52,138.179993,-7.28,1770467886.517758
-0.611952,0.510204,1.22488,-7.07,129.5,-18.76,1770467886.525761
-0.702232,0.600728,1.023092,-12.11,113.400002,-27.09,1770467886.533743
-0.729804,0.705648,0.798856,-9.87,90.790001,-25.48,1770467886.542079
-0.773724,0.731024,0.632692,-2.45,60.830002,-24.639999,1770467886.549781
-0.778604,0.728584,0.488488,-1.33,25.549999,-15.82,1770467886.557773
-0.736148,0.749568,0.359656,5.11,-8.12,-13.23,1770467886.565765
-0.662216,0.781288,0.242292,3.92,-40.740002,-4.97,1770467886.573799
-0.585356,0.81252,0.12322,4.34,-72.309998,2.31,1770467886.581893
-0.512156,0.845216,0.013176,-0.56,-103.669998,11.2,1770467886.58977
-0.402844,0.873764,-0.0793,-5.46,-132.649994,18.48,1770467886.597758
-0.288652,0.883768,-0.143472,-3.57,-161.839996,24.57,1770467886.605768
-0.16836,0.788608,-0.158112,-6.58,-184.449997,32.27,1770467886.613797
-0.063196,0.63806,-0.126636,-12.32,-198.660004,36.330002,1770467886.62188
0.049288,0.48556,-0.062952,-18.34,-199.149994,33.950001,1770467886.629801
0.154696,0.331596,0.076372,-18.9,-185.850006,26.809999,1770467886.637763
0.242536,0.159088,0.312808,-14.35,-162.190002,12.67,1770467886.645778
0.33672,0.020008,0.624152,-3.99,-128.449997,2.59,1770467886.653844
0.40016,-0.191784,1.029924,8.33,-94.639999,-1.82,1770467886.661876
0.394304,-0.30134,1.441796,31.43,-54.32,-7.35,1770467886.669768
0.344528,-0.44164,1.955904,36.610001,-15.54,-13.02,1770467886.677742
0.296704,-0.498004,2.497584,23.24,2.66,-48.23,1770467886.685759
0.392596,-0.32086,2.912384,9.66,7.21,-41.790001,1770467886.693761
0.199348,-0.406016,2.861632,-15.47,-5.53,-33.25,1770467886.701783
0.084912,-0.541436,2.541748,-28.559999,-27.65,-25.41,1770467886.709869
0.138104,-0.486292,2.295308,-39.130001,-46.759998,-16.309999,1770467886.717749
0.21716,-0.401868,2.031056,-54.740002,-57.119999,-5.74,1770467886.72576
0.241072,-0.294752,1.7446,-62.439999,-54.880001,4.9,1770467886.733771
0.263276,-0.13176,1.514996,-57.75,-45.43,9.73,1770467886.741878
0.276452,0.067832,1.342,-54.880001,-34.650002,16.030001,1770467886.749769
0.260592,0.18666,1.215364,-53.759998,-21.700001,17.01,1770467886.757778
0.241316,0.275476,1.064816,-54.459999,-11.27,9.31,1770467886.76577
0.435296,0.630984,0.827404,-40.950001,-7.7,40.740002,1770467886.77376
0.31842,0.535824,0.816912,-26.879999,2.66,57.959999,1770467886.781759
0.290848,0.536312,0.651236,-25.549999,2.1,74.269997,1770467886.789795
0.243268,0.538752,0.4697,-21.559999,8.19,80.220001,1770467886.79779
0.19398,0.511424,0.28304,-11.76,13.65,93.800003,1770467886.805792
0.149084,0.500932,0.129808,-6.02,18.9,95.620003,1770467886.813768
0.102236,0.504348,0.006832,-0.91,23.870001,97.089996,1770467886.821762
0.077592,0.503372,-0.0854,0.14,28.209999,98.419998,1770467886.829813
0.069296,0.465308,-0.122488,-6.44,30.66,95.760002,1770467886.837771
0.084668,0.379176,-0.114924,-8.89,31.99,87.57,1770467886.845792
0.129076,0.262788,-0.074908,-14.7,31.08,72.029999,1770467886.853835
0.177144,0.170556,0.02074,-13.44,28.84,48.93,1770467886.861756
0.24522,0.049044,0.201788,-8.96,27.299999,25.48,1770467886.869756
0.368684,-0.072712,0.462136,-5.32,27.440001,10.99,1770467886.87774
0.499468,-0.242048,0.815692,9.66,27.09,-2.59,1770467886.885764
0.616832,-0.3782,1.186572,21.280001,32.970001,-10.15,1770467886.893761
0.709308,-0.630496,1.601128,29.120001,46.830002,-36.189999,1770467886.90174
0.879376,-0.740052,1.92638,42.630001,64.889999,-34.02,1770467886.909798
0.907192,-0.876692,2.157204,52.360001,81.480003,-21.0,1770467886.917764
0.903288,-0.96746,2.278716,48.299999,96.739998,4.48,1770467886.925754
0.688324,-0.877424,2.161352,49.98,117.18,33.669998,1770467886.933766
0.47214,-0.75396,1.904908,57.75,135.940002,51.169998,1770467886.941852
0.173484,-0.547048,1.680672,62.650002,160.580002,58.59,1770467886.949778
-0.088572,-0.28914,1.51524,56.98,191.240005,53.41,1770467886.957765
-0.354044,-0.053192,1.411296,46.619999,220.850006,37.029999,1770467886.965761
-0.518012,0.185196,1.35542,36.540001,235.410004,23.52,1770467886.974015
-0.684664,0.369904,1.287832,20.65,233.380005,14.42,1770467886.982292
-0.8113,0.514352,1.1529,4.9,213.919998,0.98,1770467886.99061
-0.9089,0.6039,0.949892,-6.09,184.940002,-0.49,1770467886.997779
-0.978684,0.6466,0.736636,-6.44,140.770004,-13.23,1770467887.005839
-0.99186,0.659776,0.57218,-0.35,93.449997,-18.76,1770467887.013763
-0.926712,0.645868,0.46848,7.63,45.57,-33.18,1770467887.02189
-0.882792,0.646844,0.41968,14.21,11.2,-30.52,1770467887.029922
-0.670512,0.752008,0.312808,18.690001,-21.77,-12.95,1770467887.037746
-0.562908,0.728584,0.24888,16.24,-56.98,-4.41,1770467887.045804
-0.44042,0.698328,0.154208,6.09,-94.639999,6.86,1770467887.054057
-0.342088,0.656604,0.063928,4.41,-119.209999,7.49,1770467887.061758
-0.20862,0.661728,-0.033672,8.68,-143.289993,17.92,1770467887.069768
-0.090524,0.62464,-0.086376,16.66,-166.740005,28.0,1770467887.077851
-0.037332,0.549732,-0.07198,19.32,-180.179993,31.5,1770467887.085753
0.0366,0.492392,-0.001708,13.3,-182.839996,32.619999,1770467887.093751
0.117852,0.391864,0.150304,5.11,-167.580002,30.59,1770467887.101756
0.216428,0.262056,0.379908,4.55,-147.350006,23.1,1770467887.109779
0.38064,0.130296,0.647576,-5.67,-118.860001,15.68,1770467887.117746
0.328912,0.03416,0.981368,3.36,-75.879997,6.72,1770467887.125803
0.308904,-0.0183,1.328336,14.63,-26.459999,-5.67,1770467887.133752
0.249856,-0.046848,1.762412,31.01,27.02,-20.02,1770467887.141752
0.133224,-0.071492,2.321904,41.439999,70.419998,-40.880001,1770467887.149845
0.004148,0.010736,2.851628,31.99,94.290001,-52.360001,1770467887.157756
-0.256688,-0.066124,3.000712,8.68,105.0,-53.549999,1770467887.165751
-0.439444,-0.278648,2.761836,-17.780001,81.760002,-47.810001,1770467887.173749
-0.46604,-0.363804,2.466596,-38.43,30.73,-34.860001,1770467887.181759
-0.465552,-0.366244,2.152812,-59.009998,-26.6,-26.950001,1770467887.18976
-0.388936,-0.32086,1.808772,-82.110001,-68.879997,-15.26,1770467887.197827
-0.266936,-0.296704,1.502552,-89.529999,-90.230003,-8.12,1770467887.205764
-0.110532,-0.206424,1.255136,-92.959999,-102.760002,-3.64,1770467887.213749
0.02562,-0.086376,1.066524,-85.68,-102.900002,5.81,1770467887.221752
0.100772,0.011712,0.88328,-74.410004,-96.739998,4.9,1770467887.229755
0.116632,0.050752,0.729072,-70.07,-82.32,10.15,1770467887.237747
0.328424,0.061,0.561932,-60.200001,-78.400002,6.65,1770467887.245877
0.325984,0.253272,0.444324,-39.34,-73.010002,37.240002,1770467887.25375
0.310856,0.264984,0.334036,-24.780001,-60.900002,51.169998,1770467887.261762
0.30134,0.296948,0.210084,-15.96,-48.09,55.23,1770467887.269752
0.279868,0.345016,0.10858,-4.69,-32.900002,66.639999,1770467887.277747
0.260836,0.364048,0.043188,5.74,-13.79,70.699997,1770467887.285841
0.232044,0.373808,-0.00244,16.309999,3.57,74.970001,1770467887.293757
0.2074,0.376004,-0.028548,21.98,19.950001,79.589996,1770467887.301761
0.1769,0.373076,-0.037576,28.77,31.99,78.120003,1770467887.309765
0.157136,0.339404,0.010492,27.51,42.98,74.620003,1770467887.317751
0.172752,0.279136,0.133956,29.540001,49.700001,61.529999,1770467887.325784
0.20496,0.225456,0.317932,26.110001,53.970001,46.130001,1770467887.333762
0.254004,0.155184,0.564372,24.780001,55.439999,28.139999,1770467887.341761
0.304512,0.019276,0.83204,27.440001,53.970001,10.5,1770467887.349818
0.34526,-0.121024,1.096292,36.959999,59.080002,1.68,1770467887.357758
0.401136,-0.240584,1.3786,52.639999,67.830002,-10.22,1770467887.365796
0.452132,-0.37942,1.665788,59.779999,72.099998,-9.8,1770467887.373747
0.450424,-0.48556,1.93614,60.970001,73.010002,-12.95,1770467887.381784
0.374784,-0.591212,2.166232,55.09,68.529999,-10.01,1770467887.389848
0.27816,-0.621712,2.31678,51.240002,70.839996,6.86,1770467887.397766
0.20618,-0.673684,2.309704,45.290001,71.050003,22.120001,1770467887.405759
0.023912,-0.577792,2.173552,37.310001,79.660004,36.330002,1770467887.413754
-0.142496,-0.453108,2.006168,27.58,95.970001,39.48,1770467887.421757
-0.410896,-0.316468,1.81048,15.96,127.190002,20.719999,1770467887.429805
-0.555588,-0.126392,1.697508,7.77,143.080002,7.35,1770467887.437769
-0.67832,0.076128,1.591612,0.14,147.279999,-1.4,1770467887.445772
-0.767136,0.288164,1.43228,-11.76,139.440002,-14.14,1770467887.453749
-0.812032,0.434564,1.237812,-24.08,120.330002,-13.93,1770467887.46176
-0.844972,0.526308,1.021628,-29.68,91.419998,-18.83,1770467887.469846
-0.848388,0.555832,0.814228,-35.98,54.389999,-21.77,1770467887.477789
-0.827404,0.57462,0.64782,-31.219999,14.0,-32.900002,1770467887.485758
-0.818132,0.575596,0.51118,-19.67,-18.200001,-34.790001,1770467887.49376
-0.668804,0.614148,0.382104,-5.25,-50.470001,-22.26,1770467887.501768
-0.5978,0.602436,0.315004,7.35,-79.730003,-9.94,1770467887.509764
-0.503128,0.622444,0.22082,8.89,-104.300003,-0.77,1770467887.517757
-0.421876,0.643672,0.120536,12.32,-125.790001,3.92,1770467887.525757
-0.349652,0.65392,0.030988,10.57,-142.309998,8.19,1770467887.533741
-0.236192,0.697596,-0.068076,7.42,-160.229996,12.11,1770467887.541799
-0.101504,0.702964,-0.147864,9.31,-178.639999,26.040001,1770467887.549794
-0.038064,0.647088,-0.161284,0.56,-194.389999,33.459999,1770467887.557886
0.046604,0.5673,-0.13908,-6.65,-204.259995,30.940001,1770467887.565765
0.13786,0.47214,-0.05368,-20.09,-201.320007,25.41,1770467887.57376
0.226188,0.3355,0.122488,-27.23,-181.089996,17.5,1770467887.581769
0.339892,0.204228,0.360876,-29.33,-153.509995,4.34,1770467887.589758
0.477996,0.035868,0.68076,-25.9,-126.209999,-1.12,1770467887.597814
0.482144,-0.081008,1.059936,-14.98,-81.059998,-7.0,1770467887.605772
0.443348,-0.163236,1.406904,-3.22,-24.709999,-12.95,1770467887.613817
0.4087,-0.2379,1.774612,4.41,34.650002,-24.08,1770467887.621753
0.34404,-0.31232,2.200392,4.97,65.309998,-37.73,1770467887.629755
0.280844,-0.243024,2.599332,-10.08,75.529999,-36.959999,1770467887.637779
0.0183,-0.418216,2.698396,-28.209999,67.620003,-26.809999,1770467887.645987
-0.164212,-0.590236,2.547116,-36.889999,42.07,-19.879999,1770467887.653763
-0.190076,-0.680272,2.414868,-42.419998,7.84,-4.06,1770467887.6618
-0.25864,-0.652456,2.128168,-55.09,-18.690001,-3.92,1770467887.66988
-0.1769,-0.58926,1.75436,-73.779999,-39.900002,-7.84,1770467887.677741
-0.074664,-0.399428,1.464732,-68.949997,-55.439999,-4.2,1770467887.685759
0.026596,-0.211548,1.243668,-66.150002,-66.010002,-1.82,1770467887.693763
0.12322,-0.038796,1.0675,-59.220001,-70.769997,4.48,1770467887.701869
0.129808,0.068808,0.92354,-52.849998,-67.129997,4.9,1770467887.709792
0.268888,0.006588,0.790072,-53.34,-62.09,10.08,1770467887.717758
0.250344,0.10248,0.633912,-42.98,-60.900002,2.1,1770467887.725761
0.371612,0.267912,0.533384,-9.66,-50.330002,51.73,1770467887.733756
0.350628,0.233752,0.457988,3.71,-38.080002,57.189999,1770467887.741777
0.336232,0.254248,0.348676,13.86,-24.08,67.339996,1770467887.74979
0.312076,0.274012,0.260836,23.799999,-3.99,68.110001,1770467887.757838
0.284016,0.288164,0.187636,33.110001,15.89,70.910004,1770467887.765808
0.249124,0.308172,0.11468,37.240002,33.32,71.82,1770467887.773758
0.199348,0.337208,0.040504,38.220001,45.709999,70.209999,1770467887.781765
0.15372,0.343064,-0.0061,35.07,54.18,69.790001,1770467887.789755
0.133224,0.302804,0.001708,26.18,60.830002,63.07,1770467887.797779
0.157136,0.25132,0.071736,20.299999,65.309998,54.669998,1770467887.805849
0.20374,0.208132,0.223992,15.33,67.059998,39.970001,1770467887.813755
0.268888,0.144448,0.48556,15.75,66.290001,22.75,1770467887.821757
0.345016,0.05124,0.796904,20.299999,63.84,3.15,1770467887.82975
0.428708,-0.08174,1.135576,25.76,66.57,-9.24,1770467887.837824
0.498248,-0.216916,1.47376,37.310001,76.510002,-18.76,1770467887.845783
0.594628,-0.358924,1.720688,44.099998,87.290001,-20.370001,1770467887.853778
0.630984,-0.487512,1.87148,47.880001,92.82,-15.26,1770467887.861771
0.630496,-0.64172,2.015928,48.860001,93.940002,0.49,1770467887.869783
0.442128,-0.686372,2.127192,44.099998,107.870003,22.33,1770467887.877753
0.201544,-0.801296,2.13866,40.32,121.870003,26.67,1770467887.88575
-0.094184,-0.810812,2.016172,27.860001,152.949997,12.46,1770467887.893764
-0.25742,-0.644648,1.86416,27.860001,179.970001,8.05,1770467887.901764
-0.450668,-0.442372,1.7446,21.77,196.279999,5.04,1770467887.909803
-0.62342,-0.218868,1.636264,13.51,202.089996,-0.7,1770467887.917766
-0.772992,0.00976,1.521584,4.55,195.369995,-8.75,1770467887.925762
-0.886208,0.237412,1.385188,-7.77,178.639999,-18.969999,1770467887.933757
-0.945012,0.42334,1.211216,-23.24,150.5,-24.92,1770467887.941776
-0.972584,0.514108,1.003816,-32.34,116.760002,-34.860001,1770467887.949903
-0.96136,0.530456,0.815692,-34.23,81.550003,-41.299999,1770467887.957766
-0.903044,0.509716,0.669048,-26.32,45.290001,-49.77,1770467887.965759
-0.816668,0.482632,0.55632,-16.309999,9.31,-58.310001,1770467887.974014
-0.694912,0.43798,0.476532,-4.13,-20.790001,-56.490002,1770467887.982297
-0.574376,0.40748,0.38674,-0.98,-50.400002,-62.369999,1770467887.990095
-0.537776,0.391376,0.29036,9.31,-68.599998,-67.690002,1770467887.997791
-0.317932,0.515572,0.180072,22.540001,-84.559998,-35.419998,1770467888.005783
-0.244244,0.553148,0.122732,24.780001,-113.190002,-16.73,1770467888.013761
-0.186172,0.547292,0.076616,25.129999,-134.190002,1.75,1770467888.021759
-0.126636,0.514596,0.04148,24.57,-151.550003,11.76,1770467888.029922
-0.050264,0.494344,0.033428,23.450001,-162.539993,18.059999,1770467888.037842
0.080276,0.49166,0.056364,30.66,-169.820007,29.469999,1770467888.04576
0.126636,0.465552,0.152012,28.98,-166.600006,37.240002,1770467888.053823
0.223016,0.428464,0.319396,23.870001,-150.850006,38.57,1770467888.061771
0.316468,0.38674,0.55388,18.41,-121.800003,34.790001,1770467888.069778
0.415776,0.341844,0.790316,15.68,-86.800003,33.669998,1770467888.077762
0.449936,0.26352,1.017236,15.12,-42.419998,20.93,1770467888.085751
0.417728,0.151036,1.267824,16.799999,13.3,14.35,1770467888.093755
0.343552,0.048556,1.552816,24.08,71.610001,2.1,1770467888.10182
0.228872,0.000976,1.9398,35.630001,121.589996,-12.88,1770467888.10977
0.065148,-0.078324,2.324832,33.389999,148.399994,-19.32,1770467888.117751
-0.228872,-0.287432,2.534428,28.0,154.630005,-22.469999,1770467888.125751
-0.435784,-0.429928,2.502952,25.9,129.5,-11.13,1770467888.133752
-0.860832,-0.785924,2.490508,6.09,100.589996,-6.3,1770467888.14175
-0.845948,-0.717604,2.123776,-19.32,42.279999,-14.28,1770467888.149881
-0.854976,-0.63684,1.807796,-33.529999,-13.65,-14.63,1770467888.157778
-0.756644,-0.518744,1.552572,-47.669998,-64.120003,-18.200001,1770467888.165761
-0.576572,-0.387472,1.36396,-59.080002,-93.800003,-15.96,1770467888.173764
-0.368684,-0.255468,1.235616,-66.080002,-111.440002,-15.54,1770467888.181797
-0.176168,-0.123464,1.107516,-66.080002,-116.970001,-12.04,1770467888.189849
-0.01342,-0.012688,0.96014,-68.32,-118.440002,-9.66,1770467888.197748
0.091744,0.064172,0.826672,-63.0,-113.540001,-5.32,1770467888.205753
0.120536,0.093208,0.715164,-59.009998,-102.059998,-7.42,1770467888.213751
0.2684,-0.01098,0.602436,-57.889999,-94.639999,-10.92,1770467888.221753
0.438224,0.411384,0.364292,-35.77,-92.540001,15.89,1770467888.22977
0.307928,0.310856,0.331352,-15.89,-77.559998,39.27,1770467888.237811
0.288408,0.349652,0.234728,-7.98,-66.220001,46.900002,1770467888.245746
0.273036,0.396012,0.15616,-1.12,-53.130001,54.18,1770467888.253766
0.24644,0.40626,0.101504,6.44,-35.349998,61.25,1770467888.261756
0.217404,0.377468,0.062708,12.32,-16.52,65.449997,1770467888.269761
0.188124,0.323544,0.044896,17.219999,3.22,66.43,1770467888.277784
0.173484,0.248636,0.065392,22.540001,21.07,63.91,1770467888.285746
0.17812,0.191296,0.141764,27.23,36.540001,53.759998,1770467888.293753
0.189588,0.155672,0.264496,30.870001,49.209999,43.75,1770467888.301759
0.22448,0.121756,0.449692,37.310001,53.27,29.4,1770467888.309756
0.289384,0.080276,0.7137,36.68,55.439999,21.280001,1770467888.317754
0.344772,0.020008,0.97112,41.09,58.52,3.78,1770467888.325809
0.357216,-0.066856,1.175592,49.560001,65.379997,-7.42,1770467888.333755
0.354288,-0.173484,1.35542,64.889999,77.07,-12.95,1770467888.341759
0.385764,-0.263764,1.506456,81.900002,84.419998,-12.04,1770467888.350033
0.399916,-0.346724,1.665788,91.769997,80.150002,-8.68,1770467888.357749
0.316468,-0.366976,1.899052,96.110001,74.059998,-1.61,1770467888.365762
0.193492,-0.365024,2.142564,86.660004,75.18,7.84,1770467888.373784
0.08052,-0.38064,2.26432,65.309998,79.099998,16.73,1770467888.381773
-0.05978,-0.386984,2.275544,43.75,80.989998,24.01,1770467888.389851
-0.17934,-0.353312,2.157692,18.48,85.050003,28.559999,1770467888.397739
-0.709796,-0.494344,2.01788,-1.19,104.860001,9.73,1770467888.405774
-0.561688,-0.29768,1.710196,-15.26,106.82,-1.33,1770467888.413827
-0.644892,-0.123952,1.555744,-18.549999,108.290001,-16.17,1770467888.421759
-0.700768,0.065636,1.462536,-24.01,98.07,-13.79,1770467888.429755
-0.735904,0.23546,1.359568,-36.189999,80.639999,-17.219999,1770467888.437763
-0.752984,0.346968,1.208288,-47.669998,60.48,-24.01,1770467888.445783
-0.742736,0.410164,1.04676,-58.310001,38.220001,-27.860001,1770467888.453765
-0.721508,0.442616,0.889136,-56.91,11.97,-33.110001,1770467888.461761
-0.679784,0.467504,0.746396,-46.34,-14.77,-33.459999,1770467888.469753
-0.635132,0.466284,0.639768,-40.810001,-40.040001,-33.880001,1770467888.477783
-0.559492,0.424804,0.5429,-32.549999,-65.099998,-36.959999,1770467888.485758
-0.51728,0.427244,0.454816,-25.690001,-81.199997,-47.950001,1770467888.493757
-0.343064,0.528016,0.343796,-15.89,-91.279999,-33.040001,1770467888.501755
-0.3111,0.541192,0.30134,-3.71,-100.309998,-23.450001,1770467888.509755
-0.2379,0.556808,0.243512,-4.41,-113.889999,-15.75,1770467888.517766
-0.169092,0.562664,0.196176,-1.54,-126.489998,-12.04,1770467888.525785
-0.106384,0.557296,0.1586,-5.25,-136.850006,-9.45,1770467888.533745
-0.051972,0.525088,0.1342,-6.44,-143.850006,-5.74,1770467888.541763
0.06954,0.476776,0.106628,-3.57,-150.639999,-0.14,1770467888.549771
0.117608,0.376492,0.119804,-4.27,-152.389999,5.81,1770467888.558098
0.16836,0.307928,0.182024,3.64,-144.619995,6.93,1770467888.565762
0.222528,0.251808,0.315004,10.92,-126.07,6.79,1770467888.57376
0.306952,0.191052,0.510204,20.440001,-102.059998,9.52,1770467888.581869
0.324032,0.108336,0.752984,27.440001,-73.849998,7.49,1770467888.589784
0.29158,0.021472,0.982588,31.360001,-38.639999,-1.82,1770467888.59777
0.216184,-0.046604,1.166076,37.450001,0.21,-11.13,1770467888.6058
0.130784,-0.124684,1.390312,37.66,33.110001,-18.129999,1770467888.613762
0.06222,-0.206912,1.65798,34.16,47.669998,-26.950001,1770467888.621854
-0.074664,-0.28426,1.967372,24.85,44.450001,-40.459999,1770467888.629767
-0.194468,-0.386496,2.14842,10.36,31.780001,-38.919998,1770467888.637816
-0.284748,-0.485072,2.19844,1.54,9.52,-25.620001,1770467888.645768
-0.31354,-0.5978,2.208932,-7.21,-18.200001,-8.54,1770467888.653767
-0.438712,-0.793488,2.148664,-25.34,-27.02,-15.05,1770467888.66176
-0.332328,-0.71492,1.937604,-25.549999,-41.299999,-20.09,1770467888.669783
-0.210572,-0.53924,1.74216,-33.32,-53.900002,-18.549999,1770467888.677764
-0.083936,-0.3294,1.55428,-38.639999,-64.540001,-9.66,1770467888.685769
0.018544,-0.10858,1.388116,-45.709999,-70.0,-9.8,1770467888.693757
0.113216,0.077836,1.257088,-48.790001,-69.089996,1.54,1770467888.701758
0.101992,0.18666,1.136308,-52.919998,-57.959999,4.06,1770467888.70976
0.136884,0.193736,1.01382,-60.41,-46.900002,-0.49,1770467888.71786
0.55632,0.359168,0.823744,-53.689999,-57.889999,16.940001,1770467888.725754
0.27328,0.512888,0.815448,-26.809999,-41.650002,39.970001,1770467888.733754
0.26474,0.496296,0.720044,-25.34,-38.009998,53.27,1770467888.741767
0.244732,0.518988,0.58926,-23.1,-32.48,53.060001,1770467888.749775
0.227896,0.506788,0.488488,-21.07,-24.219999,56.700001,1770467888.757781
0.208132,0.483852,0.40504,-14.77,-16.24,61.25,1770467888.765758
0.199592,0.44652,0.34282,-10.99,-8.68,57.330002,1770467888.773769
0.187148,0.396256,0.300364,-8.26,-0.14,59.709999,1770467888.78176
0.192516,0.31842,0.277184,-2.8,7.91,51.52,1770467888.789885
0.217648,0.24766,0.26962,-1.12,13.44,48.23,1770467888.797787
0.240096,0.194224,0.247172,5.46,18.200001,40.740002,1770467888.805762
0.253516,0.141764,0.237412,11.41,22.75,33.389999,1770467888.813761
0.277428,0.090768,0.29036,17.219999,28.77,29.469999,1770467888.821769
0.31964,0.006832,0.423096,29.889999,32.900002,17.360001,1770467888.829763
0.391864,-0.06466,0.61,41.650002,36.540001,8.05,1770467888.837817
0.464088,-0.152256,0.835944,53.130001,37.52,-0.63,1770467888.845764
0.540216,-0.26108,1.094584,59.43,42.209999,-6.44,1770467888.853964
0.598044,-0.391864,1.304912,65.519997,51.869999,3.36,1770467888.861756
0.648796,-0.521184,1.46888,73.43,63.84,15.26,1770467888.869759
0.645624,-0.662704,1.591368,77.419998,72.870003,31.15,1770467888.877764
0.470432,-0.898896,1.6836,71.75,85.889999,28.0,1770467888.885767
0.304756,-0.843264,1.619428,70.209999,101.709999,35.98,1770467888.893773
0.07076,-0.759328,1.594784,75.32,123.410004,39.689999,1770467888.901746
-0.183732,-0.625128,1.580876,75.18,148.610001,25.34,1770467888.909756
-0.362584,-0.415044,1.577216,68.879997,169.190002,20.370001,1770467888.917761
-0.534848,-0.167384,1.584292,58.450001,179.619995,6.3,1770467888.925781
-0.638548,0.071736,1.6287,42.560001,173.320007,-1.47,1770467888.933765
-0.726632,0.293776,1.671644,21.209999,153.369995,-7.7,1770467888.941756
-0.76982,0.470432,1.669204,0.98,123.970001,-11.83,1770467888.949764
-0.77592,0.587064,1.572336,-22.889999,88.550003,-15.61,1770467888.957805
-0.746884,0.615124,1.3908,-34.650002,50.330002,-21.559999,1770467888.965763
-0.6954,0.62464,1.16144,-33.740002,12.32,-30.870001,1770467888.974009
-0.681248,0.65636,0.956236,-22.889999,-12.32,-39.41,1770467888.982243
-0.522648,0.759328,0.756156,-10.43,-31.780001,-28.77,1770467888.990139
-0.47336,0.808616,0.611464,-3.64,-49.0,-20.370001,1770467888.997892
-0.424072,0.824964,0.48922,-0.21,-65.519997,-15.19,1770467889.005769
-0.359412,0.847412,0.389912,-2.1,-76.440002,-15.75,1770467889.013758
-0.266692,0.871568,0.327692,-1.89,-84.980003,-9.87,1770467889.02179
-0.162504,0.871568,0.293044,0.63,-93.029999,-7.21,1770467889.029771
-0.113704,0.8296,0.244976,-6.37,-96.529999,-2.31,1770467889.037735
-0.075884,0.750056,0.19032,-13.72,-99.050003,-1.82,1770467889.045766
-0.036844,0.646844,0.149084,-22.190001,-99.190002,-1.12,1770467889.053797
0.007808,0.529968,0.13298,-28.91,-95.129997,-2.94,1770467889.061769
0.034892,0.42212,0.148596,-24.92,-86.309998,-3.29,1770467889.069762
0.082472,0.304268,0.19642,-19.950001,-75.529999,-5.6,1770467889.077766
0.103212,0.20862,0.28792,-14.98,-65.309998,-9.66,1770467889.085766
0.119072,0.120292,0.401624,-10.01,-56.630001,-13.02,1770467889.093831
0.106628,0.011712,0.559492,-10.92,-47.32,-12.88,1770467889.101765
0.07564,-0.076372,0.764208,-6.02,-34.02,-6.3,1770467889.109759
0.027816,-0.1708,1.00284,2.45,-21.209999,-6.3,1770467889.117749
-0.037088,-0.295972,1.297592,15.54,-21.35,-11.83,1770467889.125751
-0.152012,-0.425048,1.697752,19.530001,-27.790001,-29.540001,1770467889.13375
-0.327204,-0.670512,2.035448,9.87,-22.889999,-71.400002,1770467889.141777
-0.356484,-0.673196,2.261148,10.64,-37.310001,-72.099998,1770467889.149832
-0.360632,-0.725412,2.277984,6.09,-55.580002,-77.839996,1770467889.157771
-0.260836,-0.748836,2.16306,-2.8,-80.010002,-75.25,1770467889.165786
-0.09638,-0.665144,2.013244,-9.8,-100.870003,-65.239998,1770467889.17378
0.084424,-0.564128,1.858548,-19.32,-116.129997,-55.02,1770467889.181749
0.223504,-0.433588,1.7141,-23.52,-121.449997,-45.849998,1770467889.189756
0.315004,-0.267424,1.59332,-29.75,-115.290001,-41.790001,1770467889.197751
0.507032,-0.082716,1.506212,-36.330002,-109.199997,-36.610001,1770467889.205754
0.50264,0.050996,1.451068,-48.23,-89.459999,-32.900002,1770467889.213749
0.54046,0.219844,1.2993,-61.32,-71.260002,-43.470001,1770467889.22175
0.488732,0.263764,1.19316,-70.559998,-52.150002,-56.560001,1770467889.229784
0.61122,0.585356,1.064328,-54.880001,-27.02,-7.42,1770467889.237787
0.5429,0.593896,0.9943,-61.880001,-10.01,5.04,1770467889.245756
0.488,0.609512,0.87352,-70.0,2.1,18.969999,1770467889.253779
0.446276,0.596336,0.749568,-64.959999,15.54,21.42,1770467889.261756
0.38064,0.554368,0.634156,-57.959999,24.85,33.740002,1770467889.269773
0.31598,0.520452,0.516304,-47.25,29.540001,33.529999,1770467889.277834
0.25864,0.494588,0.427732,-35.77,33.110001,41.509998,1770467889.285743
0.212036,0.474824,0.376248,-24.780001,34.299999,38.57,1770467889.293755
0.171776,0.467748,0.33184,-16.24,37.169998,44.310001,1770467889.301761
0.14396,0.4331,0.304756,-10.01,38.360001,41.09,1770467889.309792
0.136884,0.343308,0.3111,-7.77,39.970001,41.509998,1770467889.317794
0.149084,0.231312,0.331108,-5.11,41.650002,38.990002,1770467889.325758
0.169092,0.1342,0.334524,1.54,42.07,29.469999,1770467889.333757
0.186172,0.046604,0.335256,7.0,40.669998,28.280001,1770467889.34176
0.194956,-0.037332,0.357216,18.76,37.169998,16.66,1770467889.349843
0.221796,-0.091988,0.420168,33.110001,38.220001,14.7,1770467889.357803
0.272792,-0.202276,0.534116,49.91,38.639999,6.16,1770467889.365764
0.311588,-0.30256,0.671,63.630001,39.759998,1.75,1770467889.37376
0.305488,-0.520208,0.880108,75.18,36.189999,-27.23,1770467889.381858
0.34648,-0.649284,1.06872,87.080002,41.439999,-31.360001,1770467889.38976
0.44774,-0.738832,1.298812,99.82,46.130001,-37.450001,1770467889.397767
0.521916,-0.811544,1.535492,106.260002,49.419998,-26.18,1770467889.405763
0.548268,-0.815692,1.666032,103.879997,51.869999,-21.280001,1770467889.413771
0.526308,-0.776164,1.72264,89.529999,49.77,0.77,1770467889.421798
0.368928,-0.651968,1.69702,81.059998,51.869999,8.82,1770467889.429771
0.160796,-0.528748,1.583072,73.849998,66.010002,6.37,1770467889.437811
-0.013176,-0.3965,1.506456,70.629997,87.639999,-2.73,1770467889.44576
-0.153964,-0.221308,1.498648,63.84,109.410004,-11.55,1770467889.453829
-0.28548,-0.000976,1.532564,53.970001,126.699997,-17.08,1770467889.46177
-0.38552,0.214232,1.595516,40.459999,132.509995,-25.059999,1770467889.469755
-0.464332,0.3904,1.635776,17.639999,129.710007,-29.469999,1770467889.477773
-0.557296,0.591944,1.582828,1.12,117.949997,-38.290001,1770467889.485886
-0.594628,0.661972,1.47254,-15.12,92.75,-43.049999,1770467889.493749
-0.641964,0.716872,1.28954,-26.110001,57.959999,-49.77,1770467889.501768
-0.648308,0.744932,1.076284,-21.700001,22.120001,-60.27,1770467889.509761
-0.5734,0.757864,0.878156,-18.41,-12.6,-59.639999,1770467889.517775
-0.49776,0.855952,0.682468,-6.51,-43.889999,-53.200001,1770467889.525762
-0.437736,0.893284,0.53558,-5.11,-71.050003,-46.130001,1770467889.533743
-0.36356,0.903776,0.438468,-8.68,-91.0,-38.919998,1770467889.541761
-0.266936,0.92964,0.360632,-9.66,-103.529999,-39.970001,1770467889.549757
-0.159576,0.953064,0.307196,-12.88,-114.449997,-27.719999,1770467889.5578
-0.081252,0.929396,0.27572,-16.1,-118.510002,-27.299999,1770467889.565764
-0.00976,0.856684,0.2379,-17.360001,-118.650002,-25.41,1770467889.573758
0.05124,0.7442,0.193248,-17.639999,-114.309998,-27.65,1770467889.581789
0.094916,0.629276,0.171776,-14.91,-105.699997,-33.950001,1770467889.589858
0.136396,0.506788,0.166408,-15.47,-91.839996,-32.34,1770467889.597797
0.15372,0.381128,0.218136,-13.02,-73.779999,-33.389999,1770467889.605768
0.15616,0.246684,0.337696,-12.32,-54.110001,-32.27,1770467889.613758
0.128344,0.0976,0.47946,-9.59,-36.540001,-30.1,1770467889.621806
0.078812,-0.0244,0.66124,-2.03,-21.700001,-28.84,1770467889.629781
0.024888,-0.177632,0.92476,2.03,-13.79,-24.85,1770467889.637758
-0.083692,-0.288164,1.206824,7.63,-19.879999,-28.77,1770467889.645757
-0.171044,-0.366,1.539396,9.59,-37.66,-34.93,1770467889.653842
-0.371124,-0.493612,1.870016,3.64,-53.130001,-52.360001,1770467889.661773
-0.38552,-0.53314,2.027152,-3.22,-77.980003,-68.949997,1770467889.669807
-0.360144,-0.556808,2.097424,-11.48,-104.230003,-71.540001,1770467889.677747
-0.229604,-0.5795,2.051552,-21.559999,-129.5,-68.18,1770467889.685747
-0.007564,-0.54168,1.948828,-34.580002,-150.289993,-60.549999,1770467889.69376
0.218868,-0.505324,1.850496,-40.32,-161.630005,-52.990002,1770467889.701812
0.366488,-0.430416,1.722396,-38.290001,-160.649994,-43.330002,1770467889.709778
0.667096,-0.461648,1.552816,-40.880001,-149.940002,-36.189999,1770467889.717757
0.656116,-0.118096,1.510116,-38.639999,-144.199997,-24.15,1770467889.725768
0.714676,0.054168,1.431548,-43.68,-120.330002,-25.27,1770467889.733802
0.718824,0.23912,1.350052,-53.759998,-93.660004,-38.990002,1770467889.741764
0.994544,0.427488,1.152168,-56.630001,-66.57,-27.719999,1770467889.749766
0.743224,0.679296,1.153144,-55.299999,-39.970001,0.77,1770467889.757764
0.678076,0.703452,1.032852,-74.339996,-20.370001,8.54,1770467889.765763
0.606096,0.707112,0.8845,-85.610001,-5.11,9.59,1770467889.773759
0.544608,0.626104,0.753716,-90.860001,8.33,19.459999,1770467889.781752
0.49166,0.549732,0.644648,-82.529999,15.89,19.25,1770467889.789771
0.429196,0.467504,0.535336,-73.989998,22.190001,25.48,1770467889.797842
0.36478,0.41724,0.417484,-58.450001,25.969999,27.93,1770467889.805767
0.30256,0.381372,0.3355,-41.02,27.51,27.02,1770467889.813785
0.256444,0.356972,0.282064,-25.690001,29.049999,31.08,1770467889.821826
0.216672,0.33428,0.247904,-7.91,31.219999,27.440001,1770467889.82979
0.179096,0.30866,0.225212,1.89,32.900002,30.799999,1770467889.837759
0.1403,0.234972,0.233508,15.19,37.099998,27.790001,1770467889.845759
0.11834,0.089548,0.259128,20.09,44.450001,22.610001,1770467889.853758
0.10126,-0.053436,0.296216,30.870001,51.869999,19.25,1770467889.861768
0.073932,-0.164212,0.3599,46.060001,52.43,14.21,1770467889.869816
0.072224,-0.265716,0.469212,51.59,50.330002,10.78,1770467889.877761
0.0854,-0.359168,0.63318,59.779999,44.869999,3.78,1770467889.885752
0.100284,-0.482876,0.827404,65.379997,37.869999,-7.56,1770467889.893763
0.127368,-0.66612,1.03334,71.75,28.07,-12.46,1770467889.901761
0.203252,-0.798856,1.200968,84.07,13.44,-20.719999,1770467889.909768
0.219844,-1.002108,1.438868,86.519997,0.42,-28.35,1770467889.917863
0.363316,-1.042368,1.591612,99.82,-10.57,-27.23,1770467889.925742
0.523136,-1.052616,1.706292,106.75,-23.799999,-19.879999,1770467889.933768
0.66612,-0.909144,1.714832,106.75,-29.190001,-1.47,1770467889.941766
0.565836,-0.640012,1.562332,110.18,-10.15,1.12,1770467889.949792
0.396744,-0.410652,1.375428,113.75,24.219999,-3.29,1770467889.957821
0.274988,-0.16104,1.326384,115.779999,56.209999,-12.04,1770467889.965763
0.198616,0.09882,1.405196,109.339996,80.43,-22.469999,1770467889.974082
0.106628,0.336232,1.53842,101.43,94.989998,-29.889999,1770467889.982473
-0.017568,0.50874,1.631628,79.099998,104.089996,-40.110001,1770467889.989964
-0.132004,0.772748,1.581364,61.32,101.010002,-52.220001,1770467889.997764
-0.191784,0.872056,1.49084,46.130001,81.059998,-61.18,1770467890.005757
-0.182512,1.096536,1.269044,39.34,58.52,-35.0,1770467890.013768
-0.274256,1.117276,1.047004,19.530001,35.77,-30.450001,1770467890.021745
-0.273036,1.102148,0.771772,9.45,10.43,-29.68,1770467890.02996
-0.271084,1.08946,0.55388,7.07,-7.91,-27.09,1770467890.037754
-0.255224,1.086776,0.392352,5.11,-25.129999,-22.889999,1770467890.045826
-0.250344,1.071648,0.244,-4.97,-36.889999,-16.66,1770467890.053757
-0.236924,1.047248,0.11346,-21.77,-49.209999,-9.66,1770467890.061797
-0.203008,0.986248,0.01098,-34.439999,-64.260002,-3.92,1770467890.069905
-0.154208,0.891088,-0.06466,-46.34,-73.360001,-1.61,1770467890.077749
-0.116632,0.788852,-0.094672,-55.23,-76.230003,-0.91,1770467890.085751
-0.061732,0.660264,-0.056608,-62.02,-74.550003,-3.92,1770467890.093754
-0.030744,0.54412,0.038308,-63.349998,-66.43,-3.36,1770467890.10176
0.001708,0.441396,0.205448,-63.209999,-58.52,-8.19,1770467890.109759
0.030012,0.33794,0.445544,-68.529999,-51.099998,-7.98,1770467890.117736
0.024644,0.193492,0.764696,-66.57,-45.220001,-7.63,1770467890.125757
-0.044408,0.026108,1.108492,-55.369999,-44.450001,-9.03,1770467890.133748
-0.158844,-0.043432,1.416908,-48.23,-52.360001,-13.58,1770467890.141885
-0.264984,-0.07198,1.63968,-45.290001,-67.199997,-28.209999,1770467890.149759
-0.249612,-0.067832,1.73606,-46.549999,-92.330002,-34.369999,1770467890.158005
-0.151036,-0.135176,1.75436,-39.759998,-121.239998,-41.860001,1770467890.165755
0.036112,-0.217892,1.800232,-32.200001,-150.5,-44.099998,1770467890.173779
0.307928,-0.25498,1.841224,-28.0,-163.520004,-48.650002,1770467890.181842
0.65636,-0.345016,1.847324,-29.33,-168.0,-41.580002,1770467890.189757
0.899872,-0.391864,1.796084,-32.619999,-163.869995,-34.580002,1770467890.197752
1.07848,-0.353556,1.696532,-31.360001,-149.660004,-22.120001,1770467890.205753
1.155828,-0.291824,1.544276,-33.25,-125.089996,-7.21,1770467890.213751
1.150216,-0.19886,1.380308,-37.099998,-91.769997,5.67,1770467890.22177
1.091412,-0.067344,1.241716,-42.700001,-56.0,18.27,1770467890.229847
0.988688,0.062952,1.14558,-52.220001,-18.34,24.57,1770467890.237758
0.863028,0.145668,1.061156,-58.450001,16.24,25.27,1770467890.245756
0.791292,0.287432,1.010404,-60.549999,42.07,43.049999,1770467890.253753
0.672464,0.325984,0.97722,-61.529999,59.990002,44.869999,1770467890.261777
0.567544,0.361364,0.933056,-64.470001,70.629997,53.549999,1770467890.269753
0.472872,0.37576,0.86376,-59.220001,76.720001,55.860001,1770467890.277765
0.387716,0.368928,0.77592,-54.32,78.050003,62.509998,1770467890.285826
0.302316,0.347212,0.63806,-46.130001,75.110001,67.900002,1770467890.293866
0.227896,0.334768,0.485804,-37.799999,72.870003,77.629997,1770467890.301884
0.167628,0.328668,0.34526,-24.57,68.529999,80.709999,1770467890.309767
0.11834,0.32818,0.235216,-18.76,67.760002,87.989998,1770467890.317758
0.081496,0.333792,0.1525,-10.78,70.489998,88.550003,1770467890.325759
0.052948,0.333792,0.09638,-4.9,73.849998,90.230003,1770467890.333758
0.039772,0.274744,0.07564,-1.75,74.199997,88.269997,1770467890.341882
0.032208,0.142252,0.138592,3.22,75.110001,82.669998,1770467890.349773
0.05002,0.008296,0.242292,4.76,71.190002,80.43,1770467890.357786
0.069784,-0.105408,0.383568,11.13,61.740002,71.120003,1770467890.365765
0.1037,-0.272548,0.588284,19.67,47.950001,64.400002,1770467890.373815
0.161772,-0.44774,0.834236,28.559999,31.219999,53.41,1770467890.381759
0.187636,-0.69052,1.094096,43.540001,14.56,29.049999,1770467890.389773
0.306708,-0.953552,1.300276,51.450001,14.0,11.41,1770467890.39776
0.467748,-1.142652,1.471808,74.129997,10.99,1.68,1770467890.405767
0.660264,-1.28344,1.681892,87.43,4.97,3.22,1770467890.413798
0.860588,-1.292468,1.830732,95.410004,4.34,13.79,1770467890.42188
1.045296,-1.128988,1.841956,100.730003,11.9,37.59,1770467890.429798
0.924272,-0.76738,1.68604,114.239998,42.560001,46.830002,1770467890.437744
0.666364,-0.426512,1.449116,125.720001,92.610001,35.349998,1770467890.445761
0.457012,-0.141764,1.341756,125.720001,140.490005,24.219999,1770467890.453762
0.2928,0.076372,1.35908,121.309998,180.740005,11.9,1770467890.461789
0.14152,0.286456,1.448872,114.099998,206.919998,2.1,1770467890.469846
-0.04026,0.471652,1.519876,92.470001,219.449997,-10.57,1770467890.477752
-0.27938,0.759328,1.42618,71.75,219.029999,-28.209999,1770467890.485744
-0.457012,0.79178,1.256844,57.75,201.389999,-54.880001,1770467890.493764
-0.470188,1.038952,0.965264,57.189999,173.389999,-30.73,1770467890.501797
-0.603412,1.053348,0.778116,49.279999,135.380005,-24.5,1770467890.509789
-0.625128,1.103124,0.590968,39.689999,90.93,-25.27,1770467890.517742
-0.602192,1.098244,0.451156,36.470001,49.84,-17.219999,1770467890.525762
-0.560712,1.090192,0.333792,30.24,7.98,-13.51,1770467890.533744
-0.494588,1.08824,0.23424,18.549999,-31.01,-6.09,1770467890.541764
-0.397232,1.037488,0.161528,8.33,-65.029999,2.1,1770467890.549754
-0.290116,0.955748,0.107116,-6.02,-87.639999,6.65,1770467890.55783
-0.187148,0.845704,0.052216,-11.55,-101.779999,8.61,1770467890.565766
-0.091988,0.708088,0.016836,-21.42,-105.629997,9.87,1770467890.573762
0.004392,0.594872,0.00732,-26.530001,-103.669998,10.5,1770467890.581887
0.078812,0.50752,0.02806,-33.110001,-98.209999,10.22,1770467890.589774
0.133468,0.460916,0.097356,-42.139999,-86.309998,9.87,1770467890.597766
0.198372,0.41724,0.2318,-45.990002,-73.220001,13.65,1770467890.605763
0.218868,0.292556,0.45628,-53.130001,-56.98,14.14,1770467890.613791
0.186904,0.186904,0.74176,-58.310001,-35.0,9.17,1770467890.621785
0.12322,0.077836,1.080432,-59.990002,-11.27,-0.07,1770467890.629799
0.066856,-0.019764,1.48962,-52.990002,12.32,-7.98,1770467890.637761
0.027572,-0.122732,2.01422,-44.66,29.959999,-11.69,1770467890.645825
-0.02928,-0.256688,2.515396,-42.209999,32.41,-18.620001,1770467890.653767
-0.103944,-0.358436,2.724504,-42.349998,19.950001,-11.48,1770467890.661761
-0.170312,-0.451644,2.674728,-36.68,-0.35,-2.94,1770467890.669787
-0.183244,-0.445544,2.391444,-39.900002,-26.67,7.28,1770467890.677755
-0.176168,-0.397964,2.018612,-50.68,-48.439999,15.82,1770467890.685744
-0.110776,-0.35258,1.691652,-59.57,-55.790001,19.809999,1770467890.693766
-0.069052,-0.299388,1.473272,-61.32,-48.09,25.34,1770467890.701756
-0.045872,-0.24278,1.32248,-63.349998,-29.33,21.77,1770467890.709869
-0.033916,-0.144204,1.169248,-71.190002,-10.43,19.389999,1770467890.717771
-0.01708,0.002928,1.032364,-75.669998,3.08,21.629999,1770467890.72576
-0.024644,0.11956,0.933544,-79.449997,10.15,25.690001,1770467890.733781
-0.04026,0.187392,0.84058,-84.209999,11.9,33.459999,1770467890.741763
-0.050752,0.188856,0.725412,-80.639999,8.89,34.439999,1770467890.749772
-0.053436,0.15616,0.607316,-76.580002,0.21,32.830002,1770467890.757829
-0.010492,0.159332,0.456768,-61.459999,-2.45,45.990002,1770467890.765804
0.067588,0.232044,0.355996,-43.75,-15.47,54.950001,1770467890.773765
0.035136,0.20862,0.336232,-33.110001,-23.030001,65.660004,1770467890.781775
0.058072,0.217648,0.323544,-20.440001,-28.139999,66.080002,1770467890.7898
0.097112,0.213256,0.334768,-12.11,-33.599998,71.470001,1770467890.797866
0.155428,0.169092,0.349164,-0.98,-37.099998,66.5,1770467890.805769
0.196664,0.151768,0.356972,4.83,-41.650002,61.389999,1770467890.813762
0.239608,0.1281,0.381128,13.51,-42.98,56.91,1770467890.821761
0.27816,0.078568,0.448716,18.690001,-42.560001,50.82,1770467890.829816
0.330376,-0.015372,0.5612,21.42,-39.759998,41.650002,1770467890.837769
0.415288,-0.1159,0.694912,24.43,-32.549999,29.120001,1770467890.84576
0.528504,-0.240096,0.866688,33.810001,-23.799999,24.57,1770467890.853755
0.665632,-0.380152,1.055056,47.459999,-11.76,29.4,1770467890.861783
0.801052,-0.5124,1.213412,69.650002,1.05,25.83,1770467890.86978
0.815204,-0.83448,1.482544,74.339996,16.450001,13.02,1770467890.877756
0.910852,-0.809592,1.627724,84.349998,41.439999,18.41,1770467890.885741
0.903776,-0.7381,1.762168,80.779999,74.620003,27.58,1770467890.893755
0.915,-0.671488,1.780224,61.32,97.510002,52.290001,1770467890.901879
0.842288,-0.620492,1.78608,48.509998,114.029999,73.919998,1770467890.909769
0.571448,-0.490684,1.688724,43.540001,150.850006,81.830002,1770467890.91776
0.291824,-0.334768,1.586244,43.610001,200.059998,76.860001,1770467890.925762
0.02684,-0.170068,1.545496,37.52,243.669998,62.650002,1770467890.933761
-0.198372,0.061732,1.564772,22.68,275.589996,51.799999,1770467890.941852
-0.425536,0.263764,1.55916,3.71,291.690002,33.459999,1770467890.949763
-0.747128,0.456524,1.442528,-18.76,298.549988,13.65,1770467890.957762
-0.89914,0.524844,1.257332,-38.990002,279.369995,-5.53,1770467890.965777
-1.038952,0.575596,1.042368,-48.09,235.690002,-15.61,1770467890.974001
-1.1224,0.575108,0.807884,-48.860001,176.75,-27.440001,1770467890.982694
-1.134112,0.556076,0.634156,-18.48,65.099998,-38.290001,1770467890.997031
-1.06628,0.540704,0.446032,-11.2,40.18,-38.779999,1770467891.000068
-0.944768,0.549732,0.361608,8.68,-10.99,-36.959999,1770467891.008204
-0.801784,0.503616,0.307928,25.620001,-60.200001,-44.939999,1770467891.016091
-0.5368,0.637816,0.171288,44.310001,-87.849998,-30.59,1770467891.024229
-0.496052,0.778604,0.128344,59.779999,-122.080002,-12.81,1770467891.032524
-0.380396,0.7686,0.109068,61.669998,-155.190002,3.99,1770467891.040294
-0.278648,0.728096,0.04148,58.099998,-184.380005,9.17,1770467891.04812
-0.15006,0.694912,-0.021228,59.43,-206.289993,13.23,1770467891.055949
-0.03294,0.610976,-0.005124,58.169998,-223.300003,24.57,1770467891.063974
0.060024,0.51362,0.068076,51.66,-226.589996,30.379999,1770467891.071966
0.138836,0.416508,0.188368,40.459999,-213.080002,31.290001,1770467891.080003
0.255712,0.325984,0.354776,25.200001,-190.330002,28.139999,1770467891.087925
0.370636,0.254004,0.55388,16.73,-151.479996,34.23,1770467891.095346
0.380884,0.169336,0.804468,11.62,-98.910004,31.08,1770467891.103339
0.32574,0.068808,1.058228,2.45,-34.580002,23.1,1770467891.111354
0.243268,-0.031964,1.281488,3.01,36.540001,3.92,1770467891.119382
0.197396,-0.080032,1.639924,10.15,92.050003,-9.03,1770467891.127333
0.061,-0.067832,2.138416,10.99,128.940002,-20.93,1770467891.135348
-0.064172,-0.082472,2.592256,-1.26,149.940002,-25.620001,1770467891.14339
-0.255712,-0.292068,2.616168,-12.25,142.800003,-4.62,1770467891.151328
-0.401136,-0.388448,2.365092,1.12,101.5,17.5,1770467891.159348
-0.575352,-0.479216,2.161352,-10.22,43.259998,39.689999,1770467891.167377
-0.759084,-0.533872,1.896856,-37.799999,-1.26,19.18,1770467891.175356
-0.609512,-0.432368,1.679696,-46.200001,-52.5,10.08,1770467891.183344
-0.440908,-0.321348,1.559404,-63.209999,-88.199997,16.799999,1770467891.19133
-0.252784,-0.206424,1.414956,-79.239998,-106.959999,6.86,1770467891.199372
-0.077104,-0.123952,1.212924,-87.639999,-112.910004,16.59,1770467891.207357
0.04026,-0.063196,0.983808,-89.949997,-109.760002,21.07,1770467891.215358
0.105164,-0.014396,0.773236,-86.029999,-102.129997,30.379999,1770467891.223338
0.101992,0.007564,0.617564,-80.779999,-87.010002,35.07,1770467891.231329
0.186904,-0.010736,0.502884,-72.169998,-76.019997,37.240002,1770467891.239361
0.223016,0.084668,0.369904,-57.889999,-70.839996,36.68,1770467891.247357
0.334524,0.20008,0.266204,-32.48,-68.25,44.380001,1770467891.255332
0.24278,0.27328,0.230092,-12.88,-55.860001,47.110001,1770467891.263354
0.227408,0.335988,0.193248,-7.0,-45.57,49.560001,1770467891.271368
0.214476,0.368684,0.15616,-3.43,-34.23,46.549999,1770467891.279359
0.204228,0.361364,0.091012,-2.52,-20.23,44.450001,1770467891.287331
0.196176,0.322324,0.03172,2.45,-6.65,41.299999,1770467891.295385
0.217892,0.238876,0.040748,11.9,5.67,34.790001,1770467891.303376
0.249368,0.183976,0.125904,21.209999,20.790001,27.02,1770467891.311331
0.29036,0.175924,0.321104,27.860001,35.560001,16.17,1770467891.319384
0.369172,0.135908,0.606096,31.01,49.560001,12.32,1770467891.327334
0.454084,0.08784,0.948184,29.959999,65.169998,12.32,1770467891.335338
0.499712,0.035624,1.282464,38.220001,84.489998,8.26,1770467891.343345
0.48922,-0.022448,1.543788,50.75,108.220001,1.33,1770467891.351333
0.474092,-0.072224,1.674084,71.120003,132.580002,4.48,1770467891.35937
0.432124,-0.07808,1.79706,86.519997,145.600006,16.450001,1770467891.36734
0.32208,-0.047092,1.916864,92.75,146.300003,29.75,1770467891.375376
0.18178,-0.03416,2.075464,82.32,129.429993,47.459999,1770467891.383335
0.043676,-0.11468,2.215276,51.799999,108.989998,58.240002,1770467891.391382
-0.11712,-0.220576,2.19112,25.34,94.639999,61.389999,1770467891.399394
-0.218624,-0.22936,2.074,8.54,92.540001,65.169998,1770467891.407328
-0.358924,-0.306708,1.918328,-4.97,101.989998,74.620003,1770467891.41536
-0.609512,-0.493612,1.702876,-27.23,131.740005,35.700001,1770467891.423347
-0.671976,-0.458232,1.449848,-30.799999,142.729996,17.85,1770467891.431381
-0.7503,-0.3477,1.243424,-26.879999,150.639999,4.13,1770467891.439339
-0.806908,-0.1952,1.062864,-23.66,146.509995,-13.09,1770467891.447339
-0.827404,-0.029768,0.91988,-21.91,131.809998,-18.76,1770467891.455393
-0.826428,0.107848,0.806664,-19.18,104.650002,-37.099998,1770467891.463368
-0.798612,0.204716,0.7198,-18.9,71.82,-42.77,1770467891.47133
-0.75274,0.266936,0.640256,-11.48,38.080002,-53.48,1770467891.479344
-0.671732,0.286944,0.531676,-2.66,0.0,-58.380001,1770467891.487354
-0.579988,0.308172,0.423828,7.77,-31.780001,-57.959999,1770467891.495335
-0.47824,0.326228,0.334768,23.1,-57.75,-54.669998,1770467891.503349
-0.38796,0.25376,0.27694,31.01,-84.209999,-52.849998,1770467891.511328
-0.367952,0.332572,0.188368,44.869999,-95.339996,-60.060001,1770467891.519367
-0.19398,0.448228,0.089548,56.98,-108.639999,-35.84,1770467891.527338
-0.105896,0.489708,0.06832,68.739998,-129.429993,-20.58,1770467891.535346
-0.024644,0.522648,0.055632,75.949997,-147.979996,-4.97,1770467891.543372
0.033916,0.537044,0.077592,79.029999,-160.860001,4.83,1770467891.551329
0.089548,0.571448,0.10126,77.0,-167.860001,14.21,1770467891.559379
0.153476,0.604632,0.13542,62.650002,-166.389999,19.74,1770467891.567319
0.24278,0.612196,0.238388,38.220001,-154.279999,21.77,1770467891.575363
0.313784,0.554612,0.407968,15.75,-123.199997,24.01,1770467891.58334
0.42822,0.453108,0.65636,-3.36,-81.970001,26.809999,1770467891.591377
0.432124,0.301584,0.926956,-7.63,-21.35,32.130001,1770467891.599355
0.360876,0.118584,1.164368,-4.55,52.220001,32.060001,1770467891.607354
0.221796,-0.084912,1.43838,4.13,119.419998,23.1,1770467891.61536
0.040992,-0.110776,1.834148,22.959999,177.169998,8.33,1770467891.623348
-0.158112,-0.121024,2.351672,16.73,212.940002,-3.15,1770467891.631381
-0.327448,-0.246196,2.64374,-1.33,216.369995,6.23,1770467891.639376
-0.51362,-0.354532,2.57176,7.77,184.729996,30.379999,1770467891.64734
-0.742492,-0.483608,2.357772,7.0,127.82,59.009998,1770467891.655364
-0.996252,-0.552172,2.045696,-18.9,72.169998,32.759998,1770467891.663357
-0.969656,-0.419436,1.742892,-27.440001,3.99,19.25,1770467891.671334
-0.840336,-0.227896,1.549156,-29.75,-53.549999,11.48,1770467891.679389
-0.632692,-0.066612,1.42862,-35.98,-93.660004,3.78,1770467891.687339
-0.39772,0.037576,1.274168,-40.459999,-118.230003,-1.89,1770467891.695365
-0.18422,0.099064,1.10044,-40.880001,-132.649994,-4.27,1770467891.703404
-0.012688,0.113704,0.920856,-38.57,-136.570007,1.05,1770467891.711327
0.083448,0.10614,0.76494,-33.669998,-134.330002,3.43,1770467891.719375
0.109068,0.077104,0.62342,-26.25,-118.650002,4.34,1770467891.727328
0.32696,0.086864,0.490196,-22.540001,-113.330002,2.59,1770467891.735336
0.485072,0.18544,0.332328,-8.19,-108.43,15.12,1770467891.743343
0.351848,0.251076,0.269132,3.85,-94.010002,29.190001,1770467891.75138
0.329644,0.285236,0.18056,8.19,-76.440002,35.91,1770467891.759371
0.31476,0.316956,0.0671,6.51,-58.310001,31.85,1770467891.767387
0.292068,0.345016,-0.043432,5.25,-37.450001,30.73,1770467891.77533
0.274988,0.356728,-0.121512,6.44,-15.96,25.41,1770467891.783359
0.260592,0.355996,-0.145424,6.79,8.12,21.84,1770467891.792055
0.273768,0.333304,-0.086864,9.1,30.66,19.389999,1770467891.799956
0.30378,0.321592,0.0671,5.39,53.41,8.82,1770467891.808092
0.341112,0.324764,0.316712,3.71,76.720001,6.72,1770467891.815943
0.38308,0.29646,0.665144,-2.66,103.669998,6.79,1770467891.823961
0.393816,0.216428,1.007964,-12.67,133.419998,1.89,1770467891.83195
0.351116,0.094672,1.281732,-13.44,164.289993,-0.35,1770467891.839949
0.254004,-0.024644,1.546716,-5.18,195.160004,-9.8,1770467891.847994
0.121268,-0.098576,1.774856,17.57,219.729996,-9.8,1770467891.855962
-0.046604,-0.063684,2.063264,32.200001,233.029999,-0.56,1770467891.863999
-0.201544,-0.045628,2.488312,35.209999,222.600006,8.19,1770467891.871955
-0.427,-0.16226,2.714744,31.92,192.639999,32.41,1770467891.879952
-0.611708,-0.16836,2.45586,19.25,141.820007,42.630001,1770467891.888039
-0.759816,-0.139568,2.101328,2.45,91.489998,58.099998,1770467891.895958
-1.114592,-0.44652,1.839028,-24.01,79.449997,41.16,1770467891.903965
-0.925004,-0.362828,1.522804,-30.799999,57.889999,12.67,1770467891.911958
-0.905972,-0.332572,1.325408,-31.57,47.18,4.55,1770467891.919978
-0.876692,-0.252296,1.172908,-28.559999,43.889999,-9.66,1770467891.927958
-0.82838,-0.14274,1.0431,-27.09,42.419998,-21.139999,1770467891.936023
-0.763476,-0.00122,0.915732,-26.040001,38.849998,-34.02,1770467891.943961
-0.685884,0.11712,0.793488,-23.24,32.549999,-45.150002,1770467891.951955
-0.606584,0.192516,0.7015,-17.43,21.42,-52.849998,1770467891.959944
-0.529724,0.250344,0.609024,-12.88,8.33,-60.200001,1770467891.967948
-0.458964,0.2745,0.513376,0.77,-9.45,-63.07,1770467891.976249
-0.386496,0.296216,0.419924,13.44,-24.01,-62.439999,1770467891.984178
-0.33794,0.328668,0.333792,29.889999,-39.759998,-60.27,1770467891.992088
-0.308172,0.32818,0.275232,43.959999,-55.790001,-66.360001,1770467891.999964
-0.197152,0.376492,0.20618,51.869999,-67.760002,-59.290001,1770467892.007961
-0.179584,0.41968,0.171776,63.209999,-81.339996,-51.869999,1770467892.015969
-0.109556,0.467504,0.1403,72.519997,-96.110001,-44.029999,1770467892.023997
-0.048556,0.470432,0.121024,79.169998,-110.529999,-37.869999,1770467892.031952
0.06222,0.489952,0.102724,83.93,-126.629997,-27.65,1770467892.039938
0.091012,0.463844,0.118828,79.870003,-135.520004,-19.459999,1770467892.047936
0.135664,0.449448,0.122488,67.199997,-134.889999,-6.44,1770467892.05596
0.184464,0.430172,0.155184,45.43,-123.339996,0.28,1770467892.064033
0.193492,0.336476,0.303048,24.43,-90.790001,11.55,1770467892.071957
0.265228,0.203496,0.549244,8.4,-42.560001,30.379999,1770467892.080071
0.202276,0.060024,0.86864,2.45,24.780001,35.0,1770467892.08794
0.086376,-0.134688,1.225368,8.75,95.059998,28.84,1770467892.095949
-0.0427,-0.22692,1.57502,26.110001,155.050003,24.15,1770467892.103943
-0.372588,-0.260592,1.9764,52.849998,205.309998,31.08,1770467892.11196
-0.933544,-0.437004,2.318976,51.66,257.459991,-9.31,1770467892.119994
-1.065548,-0.411628,2.518812,48.650002,244.229996,-3.85,1770467892.127943
-1.299544,-0.366,2.34972,29.68,176.050003,-9.45,1770467892.135942
-1.443504,-0.352092,2.14476,-4.2,83.860001,-2.87,1770467892.143958
-1.400316,-0.310612,1.950536,-27.65,-4.55,-11.13,1770467892.151954
-1.191452,-0.2135,1.784616,-38.43,-85.889999,-7.98,1770467892.160041
-0.926224,-0.049044,1.64212,-47.459999,-140.630005,-15.05,1770467892.167958
-0.649284,0.081496,1.512068,-51.380001,-172.059998,-20.02,1770467892.175947
-0.378444,0.156404,1.371524,-58.029999,-185.639999,-22.33,1770467892.183958
-0.13786,0.208132,1.207068,-56.77,-187.389999,-21.559999,1770467892.191977
0.030256,0.23546,0.99918,-56.0,-181.649994,-15.61,1770467892.200104
0.077104,0.17324,0.803492,-53.41,-165.550003,-19.459999,1770467892.207948
0.133468,0.179828,0.62464,-44.52,-149.869995,-26.950001,1770467892.215991
0.344528,0.337696,0.452376,-20.16,-151.759995,8.96,1770467892.223963
0.381372,0.363072,0.348676,-8.26,-138.320007,26.74,1770467892.231944
0.368196,0.39528,0.240096,-1.89,-120.330002,35.349998,1770467892.239948
0.355996,0.44164,0.144936,-3.78,-102.550003,39.830002,1770467892.247967
0.32696,0.467748,0.06222,-4.69,-81.620003,38.5,1770467892.256046
0.301828,0.475068,-0.026352,-4.55,-58.869999,33.459999,1770467892.264241
0.278404,0.47092,-0.111752,-0.98,-36.189999,24.780001,1770467892.271979
0.261568,0.469456,-0.149572,2.87,-12.88,18.34,1770467892.280056
0.261568,0.450668,-0.122244,9.87,9.52,10.85,1770467892.287925
0.275964,0.436272,-0.022448,14.07,35.07,2.24,1770467892.295953
0.30378,0.439688,0.143228,17.43,60.48,-3.08,1770467892.303966
0.338672,0.463356,0.362096,17.01,89.32,-7.07,1770467892.312014
0.344772,0.415288,0.610732,15.68,121.660004,-5.04,1770467892.319979
0.318664,0.346724,0.84546,9.24,157.289993,-4.06,1770467892.327956
0.254736,0.270596,1.142896,9.45,193.830002,-4.97,1770467892.335998
0.128588,0.222772,1.522316,6.86,229.25,-5.95,1770467892.344013
-0.063928,0.167384,1.89344,12.67,260.329987,-7.0,1770467892.351945
-0.332084,0.15006,2.388272,14.98,276.220001,-4.2,1770467892.359953
-0.59658,0.070028,2.803804,2.45,267.399994,11.97,1770467892.367967
-0.842532,-0.122732,2.810636,2.45,225.960007,38.220001,1770467892.375989
-1.046028,-0.157868,2.362652,-1.33,153.440002,65.940002,1770467892.383971
-1.49572,-0.551684,2.014952,-27.299999,109.550003,51.380001,1770467892.391939
-1.331264,-0.462868,1.574776,-46.970001,49.84,28.280001,1770467892.399955
-1.284904,-0.462868,1.37738,-50.540001,10.64,9.87,1770467892.407964
-1.19682,-0.396256,1.253672,-51.450001,-17.43,1.68,1770467892.415961
-1.07238,-0.284016,1.137284,-52.080002,-32.689999,-17.08,1770467892.424009
-0.932324,-0.159332,0.992348,-50.889999,-40.25,-30.450001,1770467892.431962
-0.789096,-0.046116,0.843508,-50.189999,-44.869999,-43.610001,1770467892.439982
-0.647332,0.039528,0.72834,-47.669998,-48.650002,-51.799999,1770467892.44799
-0.52094,0.116388,0.6405,-37.52,-54.880001,-59.5,1770467892.456051
-0.417972,0.176656,0.563396,-28.700001,-59.360001,-62.09,1770467892.463974
-0.328912,0.225212,0.47946,-15.33,-65.870003,-63.77,1770467892.471956
-0.249612,0.26596,0.393328,3.08,-74.550003,-70.419998,1770467892.479978
-0.183244,0.293776,0.323056,18.129999,-81.410004,-71.610001,1770467892.487965
-0.130052,0.316956,0.266448,36.540001,-89.459999,-70.699997,1770467892.495936
-0.091256,0.332328,0.232288,50.68,-92.540001,-68.459999,1770467892.503995
-0.077104,0.333304,0.210328,62.650002,-98.209999,-76.440002,1770467892.511969
-0.065148,0.357704,0.168848,68.389999,-99.120003,-82.949997,1770467892.520028
0.326228,0.547048,0.11712,78.610001,-116.760002,-70.839996,1770467892.527951
0.183244,0.4941,0.128588,85.400002,-125.440002,-52.779999,1770467892.536053
0.238388,0.4941,0.1342,79.730003,-130.899994,-39.060001,1770467892.54399
0.278648,0.472872,0.15494,70.0,-123.199997,-29.33,1770467892.551939
0.338184,0.442372,0.17568,54.110001,-103.529999,-10.92,1770467892.559954
0.398208,0.39162,0.261568,34.790001,-71.68,3.36,1770467892.568014
0.42334,0.311344,0.437736,19.530001,-23.1,17.57,1770467892.575982
0.366732,0.182024,0.694424,7.91,43.400002,30.1,1770467892.583996
0.218868,0.000244,1.010404,2.87,118.160004,31.709999,1770467892.591936
0.006832,-0.199836,1.348344,5.25,192.360001,26.25,1770467892.599949
-0.17934,-0.234972,1.80438,17.57,256.339996,23.1,1770467892.607989
-0.788364,-0.405284,2.38022,37.099998,312.130005,37.240002,1770467892.616067
-1.071892,-0.54778,2.440244,34.23,328.929993,-4.62,1770467892.623994
-1.38348,-0.528992,2.304092,17.99,262.570007,-2.8,1770467892.631953
-1.671888,-0.578524,2.1045,0.56,155.259995,-5.11,1770467892.640034
-1.761192,-0.598044,1.959808,-21.77,47.18,-13.93,1770467892.647961
-1.5555,-0.547536,1.86172,-23.59,-54.18,-16.17,1770467892.655997
-1.228296,-0.379908,1.7812,-23.24,-124.669998,-22.959999,1770467892.663965
-0.87352,-0.181048,1.672864,-23.52,-167.440002,-28.35,1770467892.671944
-0.538752,-0.018544,1.531588,-25.129999,-191.169998,-35.419998,1770467892.679954
-0.280844,0.100772,1.36152,-32.549999,-196.419998,-33.040001,1770467892.68799
-0.076372,0.190808,1.130696,-33.669998,-190.330002,-31.43,1770467892.695927
0.028548,0.23302,0.892552,-33.110001,-177.169998,-29.33,1770467892.703966
0.060024,0.199348,0.684176,-30.309999,-154.559998,-27.299999,1770467892.712019
0.073444,0.250344,0.493368,-19.67,-127.959999,-37.869999,1770467892.719971
0.306952,0.399184,0.362096,1.19,-125.160004,3.36,1770467892.72795
0.293288,0.454816,0.277428,14.0,-107.660004,14.77,1770467892.735952
0.292312,0.485316,0.211548,17.08,-91.559998,18.27,1770467892.743985
0.288652,0.513376,0.160552,19.530001,-75.040001,16.73,1770467892.752074
0.268888,0.521184,0.121756,20.299999,-58.66,11.69,1770467892.759958
0.254492,0.510448,0.07564,19.110001,-43.610001,8.75,1770467892.767965
0.240584,0.494832,0.038796,21.209999,-27.790001,-0.91,1770467892.775951
0.227896,0.460916,0.009028,23.73,-12.46,-6.58,1770467892.78396
0.215208,0.430416,-0.006344,28.42,3.43,-9.38,1770467892.792048
0.2257,0.424072,0.021472,32.619999,21.84,-12.67,1770467892.799961
0.247416,0.436028,0.115656,28.07,46.549999,-12.81,1770467892.807958
0.27572,0.44042,0.302316,24.43,69.790001,-12.39,1770467892.815956
0.304024,0.421632,0.542656,14.07,98.980003,-12.39,1770467892.824088
0.30134,0.370636,0.792268,7.91,132.300003,-6.16,1770467892.831978
0.244488,0.266448,1.04432,1.26,165.479996,-4.55,1770467892.839962
0.127612,0.154208,1.318088,-11.69,196.699997,-3.85,1770467892.848041
-0.020496,0.0488,1.683844,-12.11,223.229996,-1.47,1770467892.855956
-0.242292,0.001952,2.271396,-8.68,246.259995,-1.68,1770467892.863951
-0.487024,-0.044896,2.707912,-10.57,252.490005,8.26,1770467892.871998
-0.707356,-0.237656,2.745488,-10.22,229.809998,31.5,1770467892.879953
-0.825208,-0.304512,2.286524,-3.15,168.210007,65.730003,1770467892.887967
-1.486448,-0.736148,1.950292,-26.32,132.440002,55.860001,1770467892.895929
-1.253672,-0.562664,1.555988,-40.880001,76.650002,22.75,1770467892.904098
-1.259772,-0.512888,1.394216,-39.900002,45.290001,9.66,1770467892.911956
-1.21512,-0.397964,1.34078,-40.740002,21.559999,-7.28,1770467892.919956
-1.12362,-0.24278,1.251476,-44.66,4.97,-23.030001,1770467892.927953
-1.010404,-0.080276,1.080432,-46.970001,-8.47,-41.580002,1770467892.935998
-0.881084,0.039284,0.903532,-46.689999,-23.030001,-57.82,1770467892.943972
-0.751764,0.124684,0.765672,-39.200001,-33.669998,-70.279999,1770467892.951958
-0.631472,0.19276,0.670024,-25.690001,-41.369999,-79.800003,1770467892.959951
-0.518988,0.25864,0.588284,-10.08,-48.369999,-83.230003,1770467892.968145
-0.420168,0.307928,0.52338,10.08,-56.77,-87.919998,1770467892.976115
-0.345992,0.339892,0.447008,27.440001,-67.129997,-89.040001,1770467892.984382
-0.306464,0.34892,0.373076,42.139999,-74.900002,-98.699997,1770467892.991961
-0.19154,0.40992,0.287188,63.0,-82.879997,-90.720001,1770467892.999959
-0.146644,0.446764,0.228384,72.589996,-91.279999,-79.940002,1770467893.007997
-0.081496,0.48068,0.190808,86.870003,-103.32,-71.540001,1770467893.01611
-0.038552,0.48312,0.169336,90.790001,-115.57,-60.830002,1770467893.024024
0.0122,0.471408,0.137128,92.120003,-125.650002,-50.889999,1770467893.031946
0.114924,0.481168,0.114436,89.32,-134.539993,-32.689999,1770467893.039947
0.1342,0.483608,0.132004,78.540001,-135.309998,-22.68,1770467893.047955
0.177388,0.487268,0.155672,63.279999,-124.18,-13.51,1770467893.055971
0.217892,0.479216,0.228384,44.450001,-98.629997,-1.47,1770467893.064026
0.235948,0.461404,0.39528,25.34,-52.220001,11.76,1770467893.07197
0.193248,0.409676,0.644892,11.97,13.65,22.049999,1770467893.079959
0.07198,0.306708,0.975268,-2.87,87.43,22.4,1770467893.088028
-0.133712,0.143472,1.350296,-16.52,158.199997,14.21,1770467893.09593
-0.396256,-0.018544,1.7934,-16.450001,225.190002,7.63,1770467893.10396
-0.734684,-0.079788,2.168184,11.9,270.829987,12.18,1770467893.111942
-1.369328,-0.483364,2.324832,16.52,294.350006,1.47,1770467893.119947
-1.580876,-0.436028,2.120604,10.43,223.020004,-6.44,1770467893.127975
-1.83488,-0.475556,1.96542,2.45,114.029999,-8.89,1770467893.135946
-1.874896,-0.518988,1.823656,-14.0,-4.27,-16.379999,1770467893.143949
-1.631628,-0.532408,1.714588,-19.530001,-109.199997,-28.49,1770467893.151972
-1.275632,-0.483364,1.627236,-19.32,-185.080002,-27.719999,1770467893.160091
-0.888892,-0.379176,1.527196,-21.559999,-229.179993,-37.029999,1770467893.167965
-0.5246,-0.250588,1.433988,-20.790001,-251.160004,-40.459999,1770467893.175948
-0.218624,-0.108336,1.309792,-25.48,-259.070007,-42.0,1770467893.183956
0.011224,0.016592,1.148508,-28.209999,-253.960007,-36.75,1770467893.191931
0.138836,0.096868,0.931348,-30.309999,-237.580002,-32.759998,1770467893.19994
0.14152,0.10614,0.715652,-31.639999,-207.970001,-31.219999,1770467893.207955
0.507032,0.154696,0.457256,-28.07,-191.869995,-21.91,1770467893.216008
0.405284,0.35258,0.363316,-9.87,-173.320007,5.6,1770467893.223961
0.39406,0.396256,0.27328,2.1,-150.639999,24.780001,1770467893.231941
0.377224,0.433588,0.18666,1.89,-126.839996,28.49,1770467893.23994
0.3721,0.462868,0.1159,2.24,-104.440002,29.82,1770467893.247944
0.36234,0.480436,0.070516,2.66,-81.339996,32.830002,1770467893.25594
0.345504,0.476776,0.037088,7.35,-57.889999,22.889999,1770467893.264007
0.32574,0.439688,0.015616,11.97,-32.689999,21.49,1770467893.271958
0.30256,0.404308,0.00976,20.09,-9.24,10.08,1770467893.279934
0.297924,0.377468,0.035624,27.58,18.76,4.13,1770467893.287926
0.301584,0.382836,0.130052,32.34,46.200001,-7.28,1770467893.295935
0.323788,0.41114,0.292312,33.880001,77.559998,-12.6,1770467893.30397
0.349408,0.428708,0.510936,28.84,107.519997,-15.05,1770467893.312062
0.35258,0.413092,0.742736,21.559999,140.279999,-15.05,1770467893.319987
0.32818,0.34282,0.943792,12.67,177.520004,-16.52,1770467893.327945
0.25742,0.24156,1.178032,9.1,207.479996,-15.26,1770467893.335945
0.139324,0.170068,1.469124,7.07,231.979996,-13.44,1770467893.34396
-0.031964,0.138836,1.916132,8.54,250.039993,-11.69,1770467893.351949
-0.22814,0.143472,2.439756,5.25,257.25,-0.14,1770467893.360068
-0.46726,0.006832,2.683024,-0.21,235.270004,20.440001,1770467893.368353
-0.68564,-0.143472,2.499536,4.76,191.240005,39.689999,1770467893.375984
-0.837408,-0.123708,2.063508,0.56,131.389999,58.029999,1770467893.383963
-1.23952,-0.46604,1.812676,-26.25,98.629997,47.669998,1770467893.391945
-1.089216,-0.360632,1.499624,-36.189999,62.369999,22.75,1770467893.399942
-1.076528,-0.371124,1.350052,-44.799999,41.439999,13.86,1770467893.407953
-1.03822,-0.34526,1.231712,-43.330002,28.629999,-2.73,1770467893.415999
-0.983564,-0.279624,1.089948,-46.900002,20.719999,-11.06,1770467893.423971
-0.917196,-0.175192,0.911584,-45.779999,16.1,-30.59,1770467893.431949
-0.84058,-0.064416,0.771284,-44.450001,7.77,-37.029999,1770467893.439947
-0.765428,0.050996,0.678808,-40.32,-2.17,-52.009998,1770467893.447952
-0.694668,0.138836,0.61244,-28.07,-14.91,-58.52,1770467893.455944
-0.620004,0.213012,0.560956,-13.86,-26.530001,-66.360001,1770467893.464114
-0.544852,0.270352,0.504836,1.26,-37.869999,-73.639999,1770467893.47197
-0.477752,0.320372,0.43432,19.74,-49.77,-72.169998,1770467893.479956
-0.40992,0.368928,0.35624,32.759998,-60.200001,-79.239998,1770467893.488049
-0.351604,0.376492,0.294996,47.32,-72.730003,-79.169998,1770467893.496019
-0.303536,0.369416,0.250588,54.18,-84.910004,-82.809998,1770467893.503966
-0.180072,0.422364,0.185684,68.32,-96.18,-71.959999,1770467893.511945
-0.092476,0.46604,0.155672,80.43,-114.800003,-59.150002,1770467893.519997
-0.016592,0.47336,0.14396,84.769997,-133.770004,-49.98,1770467893.527955
0.078324,0.487512,0.139812,86.940002,-152.880005,-28.98,1770467893.535932
0.10248,0.48556,0.153964,79.309998,-161.770004,-15.4,1770467893.543958
0.1403,0.488488,0.1891,65.730003,-154.770004,-6.79,1770467893.55195
0.187148,0.505568,0.284748,51.099998,-134.470001,5.95,1770467893.560023
0.222528,0.52094,0.45994,29.959999,-95.129997,15.54,1770467893.567974
0.210328,0.491416,0.703696,13.58,-32.759998,25.34,1770467893.575953
0.118828,0.379908,0.973072,-2.59,36.959999,28.700001,1770467893.583967
-0.05612,0.180316,1.245864,-15.68,102.690002,16.73,1770467893.591947
-0.30866,-0.015616,1.591368,-17.219999,169.050003,3.01,1770467893.59995
-0.467992,-0.14152,2.05082,0.56,212.800003,4.83,1770467893.607952
-0.950136,-0.396744,2.390468,15.19,242.830002,20.09,1770467893.615987
-1.171932,-0.478728,2.239676,5.88,211.330002,-0.49,1770467893.624
-1.3969,-0.552172,2.082052,-4.48,139.860001,2.31,1770467893.631952
-1.510116,-0.5978,1.952732,-19.459999,50.75,-0.14,1770467893.63995
-1.44326,-0.6039,1.803404,-35.0,-41.09,-8.75,1770467893.647949
-1.197308,-0.531676,1.685796,-38.990002,-111.860001,-9.24,1770467893.655988
-0.897188,-0.408944,1.551352,-41.299999,-159.320007,-19.67,1770467893.663967
-0.594628,-0.274988,1.422032,-40.880001,-185.5,-20.719999,1770467893.671975
-0.33794,-0.136884,1.273924,-40.18,-195.509995,-27.65,1770467893.680061
-0.124684,-0.010736,1.111664,-45.009998,-193.410004,-22.82,1770467893.687982
0.032696,0.097844,0.91378,-42.91,-183.050003,-18.200001,1770467893.696047
0.09028,0.157868,0.726632,-40.110001,-165.410004,-12.95,1770467893.703972
0.092232,0.13542,0.573888,-35.419998,-139.720001,-14.28,1770467893.711948
0.330132,0.312564,0.225456,-27.790001,-124.110001,-13.02,1770467893.719985
0.285236,0.359656,0.289628,-11.9,-115.360001,17.709999,1770467893.728048
0.252052,0.39406,0.218136,0.91,-100.099998,26.67,1770467893.735948
0.224968,0.425048,0.159088,-0.63,-85.75,29.049999,1770467893.743965
0.208864,0.450668,0.119804,3.01,-70.769997,30.379999,1770467893.751949
0.19032,0.443836,0.09882,3.08,-56.91,27.23,1770467893.75995
0.17812,0.415776,0.06222,3.99,-42.0,23.309999,1770467893.767949
0.167384,0.367708,0.040748,10.43,-25.48,13.58,1770467893.775955
0.169092,0.335988,0.058072,17.290001,-6.58,7.14,1770467893.783969
0.185684,0.33428,0.139568,26.67,15.89,-3.71,1770467893.79195
0.226676,0.353068,0.294996,35.560001,40.389999,-9.8,1770467893.799949
0.26718,0.393084,0.521428,34.580002,68.879997,-10.92,1770467893.808004
0.29768,0.417972,0.77958,34.790001,97.230003,-13.86,1770467893.815951
0.29158,0.427732,1.012356,29.120001,126.839996,-13.37,1770467893.823966
0.247904,0.374052,1.236104,27.51,154.699997,-11.48,1770467893.831954
0.162992,0.316956,1.471808,27.09,176.820007,-4.83,1770467893.83995
-0.002684,0.28792,1.739964,26.459999,196.139999,-0.84,1770467893.847953
-0.145912,0.274744,2.133292,20.790001,199.710007,5.6,1770467893.856018
-0.312564,0.115656,2.44366,11.2,187.25,24.57,1770467893.863964
-0.523624,-0.098332,2.436584,17.639999,156.800003,42.630001,1770467893.872157
-0.63806,-0.132736,2.183312,18.690001,112.139999,60.130001,1770467893.879949
-0.752252,-0.103944,1.916376,5.25,68.949997,66.290001,1770467893.887958
-1.00406,-0.348676,1.743624,-19.67,55.23,46.34,1770467893.895937
-0.913048,-0.33794,1.547936,-34.439999,42.419998,26.67,1770467893.904005
-0.925248,-0.331596,1.434476,-42.91,34.860001,12.74,1770467893.911957
-0.90524,-0.28304,1.277096,-50.119999,29.4,-8.68,1770467893.920056
-0.869372,-0.193736,1.070428,-55.650002,25.9,-21.49,1770467893.927983
-0.812276,-0.087108,0.899628,-55.580002,19.25,-43.82,1770467893.935942
-0.733464,0.023668,0.7747,-51.310001,10.57,-53.200001,1770467893.943964
-0.663192,0.113216,0.689056,-35.98,0.56,-65.449997,1770467893.951954
-0.59902,0.186172,0.60756,-22.26,-11.2,-69.019997,1770467893.959984
-0.535824,0.243024,0.516792,-6.37,-22.610001,-73.639999,1770467893.967957
-0.46604,0.301096,0.438712,4.97,-35.98,-76.230003,1770467893.976266
-0.390888,0.360144,0.372344,16.52,-46.689999,-82.599998,1770467893.984237
-0.32818,0.388692,0.330864,29.540001,-58.799999,-90.370003,1770467893.991977
-0.27938,0.354288,0.301096,37.66,-69.019997,-91.139999,1770467893.99995
-0.158356,0.372588,0.253028,45.779999,-77.07,-78.959999,1770467894.007944
-0.100772,0.365756,0.224236,52.57,-87.43,-69.860001,1770467894.015955
-0.029036,0.3599,0.195444,59.009998,-100.519997,-47.25,1770467894.024109
0.03538,0.363316,0.172752,59.990002,-113.120003,-36.259998,1770467894.031937
0.07442,0.383568,0.17202,54.880001,-125.230003,-14.63,1770467894.039951
0.097356,0.39772,0.202276,40.459999,-126.139999,-2.52,1770467894.047954
0.129076,0.4087,0.28182,29.889999,-110.739998,9.66,1770467894.056012
0.161772,0.415288,0.441152,16.309999,-77.349998,21.42,1770467894.06415
0.152744,0.414068,0.680516,13.02,-25.76,29.469999,1770467894.072262
0.11956,0.36478,0.925492,11.34,29.75,26.389999,1770467894.079979
0.022936,0.2318,1.182668,9.87,81.059998,19.18,1770467894.087971
-0.212036,0.089304,1.497184,14.21,130.199997,5.6,1770467894.095936
-0.440176,0.04758,1.927844,22.120001,170.240005,0.56,1770467894.103962
-0.748104,-0.023668,2.203808,21.209999,191.169998,-1.96,1770467894.111962
-1.006012,-0.21472,2.139392,2.87,175.0,9.52,1770467894.120045
-1.18218,-0.41602,1.934432,-18.41,125.650002,-2.45,1770467894.12798
-1.259528,-0.58316,1.838784,-29.469999,57.119999,2.24,1770467894.135944
-1.24928,-0.680272,1.741672,-37.799999,-17.709999,-1.33,1770467894.143955
-1.11752,-0.676612,1.6592,-43.889999,-81.550003,-3.29,1770467894.151948
-0.88816,-0.593164,1.592588,-44.029999,-126.629997,-7.77,1770467894.15996
-0.645868,-0.446764,1.495964,-47.669998,-152.389999,-15.4,1770467894.168028
-0.418948,-0.274256,1.375428,-48.09,-162.259995,-18.969999,1770467894.175961
-0.21716,-0.11224,1.22122,-52.779999,-159.600006,-20.93,1770467894.183946
-0.053436,0.03294,1.024312,-51.310001,-151.830002,-19.25,1770467894.191955
0.050264,0.13664,0.804468,-45.709999,-139.089996,-11.13,1770467894.199946
0.074664,0.159088,0.625616,-35.419998,-120.120003,-9.8,1770467894.20795
0.072224,0.13908,0.487512,-27.02,-98.910004,-14.63,1770467894.215992
0.541192,0.390156,0.309392,-9.45,-101.220001,-9.45,1770467894.223962
0.25254,0.39284,0.281088,7.35,-94.919998,11.97,1770467894.23195
0.244732,0.423828,0.257908,15.4,-86.099998,20.16,1770467894.239943
0.24034,0.453352,0.248636,14.91,-74.900002,20.65,1770467894.247946
0.238632,0.45628,0.260348,14.91,-61.459999,24.01,1770467894.255942
0.244244,0.412604,0.249368,13.23,-45.57,16.73,1770467894.264032
0.233996,0.351116,0.19032,18.34,-28.209999,18.83,1770467894.272003
0.221796,0.308904,0.128344,22.75,-12.32,9.66,1770467894.279942
0.22082,0.300364,0.118584,30.1,4.83,7.7,1770467894.287929
0.232776,0.309636,0.201056,36.189999,26.530001,2.45,1770467894.295932
0.268644,0.337452,0.367708,38.990002,50.75,-3.15,1770467894.303971
0.30988,0.35258,0.595604,37.099998,78.400002,-6.65,1770467894.311954
0.332572,0.350628,0.841068,35.98,108.220001,-6.09,1770467894.319954
0.316468,0.32818,1.072136,31.08,140.070007,-7.42,1770467894.327973
0.256932,0.261324,1.283196,32.970001,167.580002,-2.73,1770467894.335959
0.118584,0.203984,1.511824,30.870001,192.570007,2.24,1770467894.343962
-0.033672,0.210816,1.897832,31.85,210.839996,10.64,1770467894.351951
-0.21228,0.19276,2.276032,23.309999,212.729996,21.07,1770467894.359952
-0.424072,0.023668,2.438536,13.44,195.369995,35.98,1770467894.368002
-0.600728,-0.10004,2.25212,11.2,159.740005,54.110001,1770467894.375993
-0.714188,-0.135176,1.961272,2.1,113.050003,68.669998,1770467894.383965
-1.108248,-0.380884,1.842688,-20.440001,97.720001,67.550003,1770467894.391952
-1.04432,-0.453108,1.581852,-38.919998,73.57,35.630001,1770467894.39995
-1.067744,-0.51728,1.460584,-46.130001,62.16,18.969999,1770467894.408108
-1.058228,-0.49532,1.351272,-44.66,50.610001,-4.27,1770467894.415951
-1.02358,-0.368928,1.197064,-43.959999,40.880001,-12.46,1770467894.424027
-0.954284,-0.196176,1.009184,-42.560001,26.879999,-32.48,1770467894.431957
-0.864004,-0.02196,0.864736,-37.029999,8.61,-40.110001,1770467894.439956
-0.787144,0.11346,0.759328,-34.23,-7.14,-58.869999,1770467894.448065
-0.695644,0.208376,0.690032,-24.57,-21.98,-63.349998,1770467894.45595
-0.602192,0.276208,0.630984,-13.02,-35.349998,-66.849998,1770467894.463964
-0.511912,0.3294,0.569252,2.87,-46.759998,-70.489998,1770467894.47197
-0.43066,0.36478,0.49898,16.379999,-56.490002,-72.449997,1770467894.480022
-0.369172,0.377224,0.421876,25.549999,-65.870003,-81.199997,1770467894.487956
-0.279868,0.410896,0.327204,35.0,-74.480003,-76.160004,1770467894.495939
-0.185684,0.44042,0.255956,46.060001,-84.980003,-66.5,1770467894.503968
-0.135664,0.437248,0.2196,54.25,-96.18,-57.259998,1770467894.512077
-0.070272,0.463112,0.174216,60.900002,-108.43,-47.810001,1770467894.519981
-0.002684,0.460428,0.14274,63.279999,-121.940002,-41.439999,1770467894.527955
0.106628,0.473848,0.115412,63.209999,-139.229996,-21.49,1770467894.535949
0.118584,0.45872,0.130784,54.880001,-145.740005,-10.22,1770467894.544102
0.157136,0.464576,0.165432,46.619999,-140.279999,-0.14,1770467894.551944
0.205448,0.469944,0.241316,35.630001,-120.75,9.52,1770467894.559949
0.244,0.4819,0.385276,23.309999,-83.370003,13.58,1770467894.567954
0.240584,0.471408,0.599752,16.17,-28.35,22.33,1770467894.576116
0.195688,0.379908,0.835212,6.02,35.279999,22.26,1770467894.583961
0.094184,0.219112,1.105808,-1.89,97.300003,19.530001,1770467894.591935
-0.121512,0.014396,1.43716,-9.1,154.910004,9.87,1770467894.599957
-0.314272,-0.078568,1.816824,-4.2,208.460007,0.77,1770467894.60795
-0.624152,-0.187392,2.174284,16.870001,239.610001,6.86,1770467894.615971
-1.085068,-0.488732,2.206736,12.25,245.630005,1.4,1770467894.623966
-1.27002,-0.559492,2.036912,4.62,185.360001,-1.47,1770467894.631959
-1.477908,-0.60878,1.916376,-6.16,96.110001,-5.67,1770467894.639954
-1.514996,-0.640744,1.796328,-25.549999,5.95,-8.89,1770467894.647963
-1.362496,-0.627812,1.701168,-32.759998,-78.330002,-12.95,1770467894.65609
-1.094828,-0.515572,1.62382,-36.75,-132.860001,-18.549999,1770467894.663953
-0.798124,-0.371612,1.533296,-36.470001,-167.300003,-24.92,1770467894.672005
-0.514596,-0.224724,1.433988,-38.990002,-183.050003,-29.889999,1770467894.68007
-0.275964,-0.05734,1.313208,-44.240002,-185.570007,-33.25,1770467894.687939
-0.083448,0.086376,1.14558,-45.009998,-178.149994,-31.360001,1770467894.695939
0.044164,0.1769,0.947452,-42.98,-163.520004,-25.969999,1770467894.704006
0.072956,0.184952,0.767624,-38.849998,-143.570007,-25.27,1770467894.711974
0.080276,0.178364,0.606096,-38.779999,-118.580002,-29.75,1770467894.719957
0.4575,0.529236,0.4026,-21.0,-112.629997,-3.92,1770467894.727949
0.27084,0.466528,0.361852,-4.83,-100.800003,17.709999,1770467894.735957
0.260348,0.50508,0.290604,-0.42,-91.980003,17.92,1770467894.744099
0.244732,0.536068,0.229116,0.49,-82.18,25.690001,1770467894.751944
0.238144,0.534604,0.186416,0.56,-71.330002,22.049999,1770467894.759947
0.237656,0.49654,0.15616,0.77,-57.68,19.530001,1770467894.767944
0.2379,0.44164,0.105164,5.18,-45.009998,16.940001,1770467894.775967
0.225944,0.392596,0.063196,13.23,-31.219999,7.63,1770467894.78397
0.225212,0.356484,0.04392,25.549999,-13.65,4.9,1770467894.791954
0.24156,0.345748,0.09516,35.560001,6.23,-2.8,1770467894.799949
0.279136,0.370392,0.22448,38.779999,32.41,-7.98,1770467894.807949
0.328668,0.398208,0.423828,40.880001,57.889999,-11.27,1770467894.816012
0.360632,0.402356,0.652944,38.43,88.059998,-9.24,1770467894.823949
0.365756,0.36722,0.869128,34.790001,120.190002,-12.95,1770467894.832012
0.32574,0.302072,1.084824,29.540001,151.130005,-9.45,1770467894.839949
0.234972,0.216916,1.34566,21.0,180.600006,-1.82,1770467894.847964
0.085888,0.160064,1.667984,19.459999,206.360001,5.25,1770467894.856066
-0.090524,0.153476,2.139636,10.36,224.070007,12.46,1770467894.863961
-0.289628,0.074908,2.551508,0.77,227.149994,27.93,1770467894.871949
-0.523624,-0.133224,2.578348,-0.35,205.800003,47.810001,1770467894.879976
-0.65392,-0.181048,2.19844,-1.12,159.179993,63.91,1770467894.887978
-0.851804,-0.16348,1.816336,-8.54,114.099998,74.480003,1770467894.895931
-1.141432,-0.386496,1.593564,-35.91,102.830002,39.27,1770467894.903963
-1.140212,-0.500688,1.4457,-42.77,85.540001,17.709999,1770467894.912024
-1.179984,-0.521672,1.37982,-45.080002,73.150002,3.01,1770467894.919965
-1.156072,-0.430172,1.263188,-46.130001,63.0,-16.940001,1770467894.927956
-1.06628,-0.255712,1.07482,-38.990002,45.220001,-29.540001,1770467894.935956
-0.967216,-0.097844,0.899384,-36.259998,21.91,-39.549999,1770467894.943964
-0.883768,0.037088,0.78446,-29.540001,0.35,-52.009998,1770467894.952059
-0.792512,0.132736,0.713212,-21.98,-19.879999,-56.91,1770467894.959957
-0.698816,0.20252,0.65758,-16.450001,-35.07,-60.970001,1770467894.967947
-0.606584,0.24766,0.587552,-8.68,-51.66,-59.150002,1770467894.976186
-0.519232,0.265716,0.491416,-4.27,-65.309998,-55.720001,1770467894.984434
-0.440176,0.276696,0.392352,0.77,-75.32,-55.369999,1770467894.991975
-0.364292,0.292556,0.305,7.77,-86.309998,-54.669998,1770467895.000057
-0.29158,0.311832,0.231312,10.43,-96.949997,-50.959999,1770467895.007954
-0.219112,0.331596,0.16592,16.66,-109.129997,-50.330002,1770467895.015956
-0.15372,0.337696,0.133468,18.9,-119.629997,-44.799999,1770467895.023967
-0.110288,0.298412,0.130784,21.77,-129.080002,-43.82,1770467895.032422
-0.0732,0.318176,0.12688,28.35,-130.410004,-44.799999,1770467895.039968
0.255712,0.490196,0.055876,41.23,-138.740005,-27.93,1770467895.047949
0.173728,0.427244,0.215696,58.939999,-138.389999,-12.81,1770467895.055954
0.200324,0.458476,0.33062,62.509998,-127.190002,4.55,1770467895.06405
0.22326,0.492636,0.477752,56.279999,-101.220001,6.93,1770467895.072003
0.236436,0.510692,0.658312,40.669998,-61.32,18.76,1770467895.079963
0.204472,0.446032,0.845216,18.129999,-6.23,26.809999,1770467895.087947
0.119316,0.284504,1.023092,0.63,49.630001,27.16,1770467895.095934
-0.059536,0.08052,1.225368,-11.76,100.870003,22.959999,1770467895.103945
-0.2501,-0.050752,1.520608,-4.41,154.490005,9.52,1770467895.111945
-0.452376,-0.1525,1.99226,21.91,186.130005,17.15,1770467895.119951
-0.891576,-0.420412,2.321904,24.43,204.820007,13.72,1770467895.127922
-1.097512,-0.410164,2.143296,19.32,171.850006,3.36,1770467895.136086
-1.29686,-0.510448,2.024712,8.89,108.849998,-0.77,1770467895.143955
-1.388848,-0.596336,1.931992,-6.44,34.650002,-11.9,1770467895.151945
-1.311744,-0.627568,1.8117,-14.42,-37.799999,-14.98,1770467895.159942
-1.108004,-0.569252,1.69946,-22.610001,-95.199997,-25.620001,1770467895.167937
-0.825696,-0.447008,1.589172,-24.780001,-136.009995,-30.24,1770467895.176224
-0.561688,-0.325496,1.469368,-29.889999,-157.429993,-35.279999,1770467895.183999
-0.32818,-0.173484,1.338096,-32.759998,-165.619995,-35.700001,1770467895.191969
-0.127124,-0.027328,1.186572,-35.349998,-164.639999,-34.580002,1770467895.199946
0.027084,0.09272,0.990884,-36.959999,-155.960007,-30.1,1770467895.207943
0.091744,0.156404,0.812032,-31.85,-140.419998,-26.389999,1770467895.215939
0.094184,0.1403,0.664168,-28.98,-118.300003,-28.07,1770467895.22394
0.722484,0.368928,0.522892,-17.780001,-127.190002,-12.81,1770467895.231973
0.298412,0.402356,0.38064,1.96,-99.959999,5.39,1770467895.240073
0.275964,0.418948,0.300608,3.99,-90.860001,28.84,1770467895.247938
0.26474,0.447496,0.228628,10.43,-81.199997,35.349998,1770467895.255944
0.25864,0.468968,0.185928,13.93,-66.989998,32.34,1770467895.263974
0.243268,0.454816,0.152988,19.18,-52.009998,34.650002,1770467895.272037
0.225212,0.406748,0.094184,24.99,-36.540001,22.68,1770467895.279947
0.205692,0.362584,0.045872,32.900002,-20.02,23.66,1770467895.287929
0.194956,0.3416,0.03416,37.310001,-0.84,11.34,1770467895.295932
0.20496,0.336232,0.088084,41.439999,19.18,7.56,1770467895.303964
0.225212,0.355508,0.189344,43.189999,41.299999,-0.14,1770467895.311993
0.254492,0.36844,0.33916,39.759998,65.660004,-3.71,1770467895.319951
0.280844,0.390156,0.524844,31.57,92.82,-7.0,1770467895.32795
0.281332,0.387228,0.73688,27.51,124.32,-7.0,1770467895.335961
0.252784,0.346236,0.971608,15.89,157.710007,-4.62,1770467895.343976
0.173972,0.293776,1.21024,9.66,187.179993,-1.96,1770467895.351948
0.030988,0.245464,1.466928,5.11,209.860001,3.71,1770467895.359951
-0.165676,0.227408,1.891,0.7,226.029999,3.22,1770467895.367953
-0.383568,0.221308,2.387784,-10.22,230.860001,12.32,1770467895.375999
-0.599996,0.01586,2.620072,-15.47,213.080002,26.74,1770467895.384081
-0.750056,-0.126148,2.395104,-1.96,170.169998,51.029999,1770467895.391947
-0.939888,-0.091012,1.965908,1.82,115.5,64.540001,1770467895.399954
-1.20414,-0.297924,1.690676,-21.559999,86.660004,37.939999,1770467895.407952
-1.155096,-0.359168,1.450092,-32.900002,53.41,19.6,1770467895.415954
-1.152412,-0.3965,1.3603,-40.32,36.470001,8.54,1770467895.424019
-1.126548,-0.396012,1.269776,-46.48,24.57,1.19,1770467895.431974
-1.060912,-0.325496,1.1224,-48.369999,16.450001,-18.059999,1770467895.439961
-0.986004,-0.215208,0.940864,-49.700001,6.86,-27.09,1770467895.448037
-0.905484,-0.10858,0.791536,-46.689999,-6.86,-39.830002,1770467895.455949
-0.82228,-0.020008,0.697108,-39.41,-22.68,-51.240002,1770467895.463961
-0.7381,0.057096,0.644404,-31.57,-37.66,-59.709999,1770467895.471952
-0.647332,0.147376,0.586332,-16.66,-52.009998,-63.209999,1770467895.480152
-0.560468,0.218624,0.521428,-2.45,-63.91,-66.779999,1770467895.487939
-0.471408,0.2745,0.449936,8.96,-75.459999,-68.949997,1770467895.495944
-0.3843,0.309392,0.362584,20.09,-87.849998,-65.660004,1770467895.503962
-0.30622,0.321104,0.282064,32.200001,-98.559998,-63.560001,1770467895.511945
-0.2501,0.321348,0.218136,40.599998,-109.550003,-59.709999,1770467895.519946
-0.190808,0.306952,0.169336,42.630001,-118.650002,-62.02,1770467895.527963
-0.08662,0.322324,0.118096,47.529999,-130.059998,-48.16,1770467895.536026
-0.035624,0.347212,0.086864,49.91,-142.520004,-42.139999,1770467895.543999
0.238876,0.446276,0.067832,52.220001,-167.089996,-23.940001,1770467895.551957
0.14762,0.36844,0.131272,48.299999,-172.619995,-2.8,1770467895.559948
0.183,0.356484,0.194956,37.73,-166.179993,8.96,1770467895.567986
0.230092,0.36234,0.300608,26.950001,-141.960007,20.790001,1770467895.576315
0.260348,0.39772,0.48922,20.93,-102.129997,26.25,1770467895.584054
0.27206,0.427,0.724192,18.549999,-42.0,31.639999,1770467895.591948
0.248148,0.394792,0.955748,21.77,24.43,30.309999,1770467895.599949
0.154208,0.295484,1.193648,20.299999,87.5,25.690001,1770467895.607964
-0.056608,0.1891,1.49328,27.23,140.490005,7.14,1770467895.616052
-0.323544,0.12932,1.9398,28.42,188.929993,-11.9,1770467895.623977
-0.480436,-0.041968,2.33142,27.719999,211.470001,-8.12,1770467895.631951
-0.685396,-0.153964,2.387296,31.360001,195.720001,18.969999,1770467895.639965
-0.998936,-0.225944,2.225036,23.450001,155.399994,37.59,1770467895.648049
-1.301252,-0.51606,2.095228,-4.13,92.190002,13.65,1770467895.655982
-1.32126,-0.578036,1.900028,-21.700001,17.290001,-2.8,1770467895.663962
-1.228784,-0.533384,1.726056,-35.98,-53.48,-11.27,1770467895.67195
-1.005768,-0.445056,1.597468,-45.779999,-108.779999,-15.47,1770467895.680016
-0.751764,-0.317444,1.46766,-55.860001,-140.839996,-21.559999,1770467895.688023
-0.504348,-0.204716,1.330532,-59.150002,-155.75,-26.18,1770467895.695974
-0.283772,-0.088328,1.184376,-62.23,-158.830002,-28.42,1770467895.703967
-0.102236,0.04026,1.015528,-58.169998,-155.960007,-23.52,1770467895.71195
0.03416,0.134688,0.856196,-51.52,-147.070007,-18.41,1770467895.719951
0.06954,0.159088,0.732976,-44.450001,-130.550003,-15.61,1770467895.727998
0.083692,0.14518,0.607072,-37.240002,-107.870003,-21.49,1770467895.735959
0.393328,0.550708,0.403088,-12.32,-106.610001,2.94,1770467895.743967
0.320616,0.43676,0.412848,5.46,-107.519997,21.84,1770467895.751951
0.313052,0.460428,0.353556,12.11,-98.629997,25.129999,1770467895.760067
0.297436,0.490684,0.27572,14.35,-86.800003,31.290001,1770467895.767944
0.284992,0.483608,0.192028,15.96,-73.010002,24.639999,1770467895.775977
0.271084,0.427976,0.099064,20.23,-58.66,30.52,1770467895.783956
0.256932,0.355508,0.028548,23.870001,-40.880001,22.540001,1770467895.792013
0.263764,0.299144,-0.008052,28.84,-24.219999,18.620001,1770467895.800127
0.271328,0.273768,0.022936,35.279999,-1.89,10.57,1770467895.807947
0.305244,0.290848,0.130052,34.790001,22.68,3.78,1770467895.81595
0.359412,0.319152,0.312808,30.870001,53.200001,3.92,1770467895.824099
0.412116,0.334036,0.5246,26.110001,86.940002,1.75,1770467895.831945
0.430172,0.329644,0.759084,24.57,124.739998,2.24,1770467895.839955
0.396012,0.311588,0.961116,24.219999,165.339996,1.4,1770467895.847959
0.339648,0.263764,1.19682,29.68,203.279999,4.13,1770467895.856094
0.230824,0.253516,1.447652,38.43,231.490005,0.84,1770467895.863971
0.050508,0.275476,1.811456,46.759998,252.0,1.47,1770467895.871947
-0.171044,0.329888,2.286036,37.450001,260.119995,9.59,1770467895.880024
-0.3965,0.167384,2.547604,11.76,251.440002,24.01,1770467895.887955
-0.632448,-0.101748,2.38876,1.75,221.830002,40.18,1770467895.895943
-0.75152,-0.208376,1.974692,-9.87,170.380005,60.900002,1770467895.90396
-1.383968,-0.758108,1.797792,-40.110001,161.279999,58.029999,1770467895.911947
-1.242692,-0.743712,1.458144,-57.189999,133.419998,20.93,1770467895.919999
-1.328336,-0.768356,1.356884,-57.540001,116.199997,12.32,1770467895.927945
-1.363228,-0.652944,1.283928,-50.889999,94.709999,-5.81,1770467895.935948
-1.330532,-0.456768,1.155828,-46.130001,69.790001,-15.75,1770467895.943967
-1.249768,-0.229848,0.974048,-41.509998,38.990002,-28.84,1770467895.951971
-1.156316,-0.032208,0.805688,-37.240002,7.98,-41.16,1770467895.960021
-1.035292,0.105164,0.702232,-34.369999,-21.35,-54.880001,1770467895.967954
-0.89182,0.184708,0.634888,-26.74,-46.970001,-65.239998,1770467895.976167
-0.744932,0.23546,0.572912,-19.32,-66.57,-66.290001,1770467895.984433
-0.619516,0.266936,0.50996,-7.14,-82.110001,-70.209999,1770467895.992077
-0.505568,0.285968,0.440664,3.29,-97.650002,-65.029999,1770467895.999982
-0.4026,0.295972,0.35868,8.75,-108.43,-60.41,1770467896.007956
-0.322568,0.305976,0.272792,11.13,-119.629997,-58.799999,1770467896.015955
-0.259372,0.30378,0.198128,12.11,-131.529999,-54.669998,1770467896.023976
-0.149816,0.362828,0.109556,13.79,-140.630005,-51.099998,1770467896.03208
-0.097844,0.365268,0.072224,18.129999,-150.429993,-38.849998,1770467896.039945
-0.033916,0.357948,0.061976,14.63,-158.339996,-28.49,1770467896.047942
0.19886,0.437248,0.068076,18.690001,-172.410004,-16.1,1770467896.056001
0.156892,0.38186,0.118584,29.469999,-171.429993,0.98,1770467896.06396
0.212036,0.377712,0.2135,36.119999,-161.699997,9.66,1770467896.072089
0.249124,0.381128,0.34526,42.07,-137.970001,20.719999,1770467896.079967
0.287188,0.400404,0.533628,41.439999,-96.32,22.120001,1770467896.087975
0.285236,0.414312,0.746884,39.759998,-38.849998,27.09,1770467896.095943
0.242536,0.370392,0.939644,33.880001,26.459999,29.26,1770467896.104046
0.138104,0.261568,1.108248,22.75,86.730003,28.91,1770467896.11194
-0.090768,0.118096,1.313452,17.290001,144.130005,21.0,1770467896.119933
-0.3111,0.051484,1.647732,22.120001,194.039993,9.38,1770467896.127922
-0.562908,-0.049044,2.0496,39.130001,219.380005,9.1,1770467896.13595
-0.8784,-0.131272,2.202832,39.130001,208.389999,16.379999,1770467896.144009
-1.22488,-0.313052,2.064484,28.559999,166.949997,9.87,1770467896.151976
-1.370792,-0.41236,1.918572,20.09,96.529999,8.75,1770467896.15994
-1.423984,-0.451156,1.83854,7.21,17.780001,3.71,1770467896.167937
-1.333216,-0.446032,1.724348,-9.66,-62.369999,-7.42,1770467896.176001
-1.112396,-0.427,1.592344,-19.67,-119.980003,-12.04,1770467896.183966
-0.840336,-0.38064,1.46156,-32.549999,-157.009995,-17.43,1770467896.191945
-0.569984,-0.305976,1.338828,-37.799999,-177.729996,-21.700001,1770467896.199942
-0.331596,-0.190076,1.227808,-46.970001,-183.190002,-25.059999,1770467896.207947
-0.127612,-0.06588,1.10166,-48.860001,-178.850006,-20.16,1770467896.216005
0.027328,0.055632,0.952332,-51.66,-167.089996,-13.3,1770467896.223965
0.091256,0.130296,0.809592,-48.790001,-149.380005,-7.21,1770467896.231947
0.105652,0.119072,0.6954,-43.330002,-123.760002,-9.1,1770467896.239943
0.66246,0.340136,0.588284,-28.77,-110.32,2.52,1770467896.24795
0.323544,0.408212,0.4697,-9.66,-101.989998,23.450001,1770467896.255979
0.308416,0.452376,0.409432,1.75,-93.660004,33.459999,1770467896.264063
0.294508,0.479704,0.332084,5.74,-84.559998,29.75,1770467896.271954
0.285724,0.496784,0.241072,11.69,-72.660004,31.5,1770467896.28025
0.264984,0.450424,0.159576,18.549999,-56.349998,28.700001,1770467896.287927
0.239608,0.374052,0.075884,25.41,-38.709999,29.190001,1770467896.295934
0.227408,0.304756,0.002684,32.060001,-22.049999,18.969999,1770467896.304113
0.22692,0.260836,-0.01952,32.689999,-5.46,15.26,1770467896.31195
0.236436,0.250344,0.02562,29.889999,14.63,7.7,1770467896.319956
0.267912,0.260348,0.168848,16.940001,40.529999,6.23,1770467896.327943
0.322324,0.267668,0.398696,8.19,71.050003,7.49,1770467896.335957
0.376248,0.240584,0.660508,1.12,105.629997,9.03,1770467896.344106
0.374784,0.1891,0.909388,1.12,144.970001,6.86,1770467896.351952
0.336476,0.102236,1.13704,16.870001,181.929993,5.25,1770467896.359953
0.2562,0.056364,1.397632,35.630001,213.009995,7.49,1770467896.367951
0.127612,0.089548,1.681892,56.349998,228.830002,6.16,1770467896.375958
-0.053436,0.220576,2.096692,63.419998,234.149994,12.11,1770467896.383987
-0.282552,0.23668,2.500512,50.330002,222.039993,20.02,1770467896.391955
-0.507764,0.057096,2.572736,32.34,190.259995,31.639999,1770467896.39995
-0.617564,-0.070272,2.208444,10.92,147.139999,45.43,1770467896.407952
-0.725656,-0.129808,1.83,-9.8,105.07,59.57,1770467896.416071
-1.08214,-0.578524,1.630896,-47.740002,104.510002,40.950001,1770467896.423987
-0.974536,-0.610488,1.392264,-56.77,99.400002,23.52,1770467896.431951
-1.009428,-0.604876,1.288564,-58.869999,97.440002,12.46,1770467896.439956
-1.05042,-0.499468,1.199504,-53.200001,96.110001,-5.74,1770467896.447958
-1.076528,-0.321104,1.083116,-49.279999,89.599998,-15.96,1770467896.456009
-1.068476,-0.124684,0.960628,-49.98,74.970001,-32.200001,1770467896.463977
-1.047004,0.035624,0.837164,-48.439999,50.400002,-45.150002,1770467896.47195
-0.994056,0.148352,0.734196,-41.23,23.24,-57.049999,1770467896.479968
-0.914512,0.217404,0.668316,-36.75,-4.34,-64.82,1770467896.487964
-0.80642,0.269864,0.615612,-22.68,-28.629999,-69.160004,1770467896.495952
-0.695888,0.308904,0.554368,-7.77,-49.07,-70.839996,1770467896.503967
-0.586332,0.335012,0.486048,4.2,-66.57,-71.190002,1770467896.511952
-0.491416,0.360388,0.404552,19.25,-81.550003,-72.379997,1770467896.520026
-0.409432,0.356728,0.32574,24.639999,-94.919998,-70.980003,1770467896.527974
-0.250588,0.427,0.24766,37.240002,-109.760002,-54.810001,1770467896.53593
-0.186416,0.41114,0.20496,39.34,-126.0,-42.77,1770467896.543967
-0.129076,0.393084,0.162992,39.48,-139.300003,-33.18,1770467896.551942
-0.086864,0.352336,0.127612,36.119999,-150.850006,-22.610001,1770467896.559951
-0.033428,0.301096,0.11102,27.65,-157.850006,-13.58,1770467896.568353
0.056608,0.289872,0.11712,23.24,-161.559998,-9.1,1770467896.575944
0.148352,0.28914,0.158112,22.959999,-165.970001,6.02,1770467896.58397
0.18178,0.28426,0.260592,17.639999,-146.509995,18.83,1770467896.592118
0.195444,0.286944,0.447496,14.21,-110.110001,25.549999,1770467896.599948
0.197396,0.3172,0.690032,12.11,-51.029999,31.15,1770467896.607949
0.187392,0.286456,0.925736,17.08,14.21,36.330002,1770467896.615954
0.115656,0.217404,1.166564,21.35,73.849998,30.940001,1770467896.623959
-0.085644,0.099064,1.419836,31.780001,131.320007,23.450001,1770467896.632021
-0.35014,0.056608,1.744356,47.529999,180.25,15.33,1770467896.640046
-0.7076,0.060024,2.033984,55.580002,207.059998,14.0,1770467896.648001
-1.05408,-0.116876,2.113772,42.349998,197.960007,11.2,1770467896.656084
-1.264408,-0.195444,1.94834,17.639999,144.479996,5.18,1770467896.663967
-1.415688,-0.339892,1.840736,3.43,69.650002,-0.35,1770467896.671951
-1.44204,-0.44042,1.788032,-9.1,-6.79,-2.94,1770467896.680109
-1.327116,-0.50142,1.713368,-27.23,-76.300003,-10.92,1770467896.68796
-1.09068,-0.523136,1.612108,-32.41,-135.380005,-13.93,1770467896.695956
-0.810324,-0.467504,1.498404,-40.110001,-170.589996,-22.610001,1770467896.703966
-0.531432,-0.33916,1.381772,-45.57,-188.509995,-26.18,1770467896.71195
-0.277184,-0.182024,1.270264,-48.09,-193.619995,-26.389999,1770467896.720038
-0.075884,-0.018788,1.12728,-53.549999,-186.759995,-25.83,1770467896.727973
0.061732,0.11102,0.962824,-53.900002,-171.990005,-16.73,1770467896.735952
0.094184,0.154696,0.802028,-52.57,-150.850006,-15.05,1770467896.743965
0.09882,0.15494,0.6466,-48.860001,-120.190002,-19.459999,1770467896.751994
0.340624,0.418948,0.477264,-24.639999,-120.400002,7.91,1770467896.759968
0.31964,0.427,0.477264,-10.43,-103.529999,19.950001,1770467896.767947
0.310124,0.44652,0.423096,-1.19,-88.760002,24.219999,1770467896.775948
0.315248,0.447984,0.355996,-0.91,-74.129997,28.42,1770467896.784155
0.308904,0.441884,0.29036,4.97,-59.779999,25.34,1770467896.791957
0.295484,0.39162,0.21838,13.3,-44.310001,26.950001,1770467896.799965
0.258884,0.32818,0.138592,18.34,-26.25,27.02,1770467896.807951
0.224724,0.27816,0.077104,25.34,-8.19,21.559999,1770467896.815967
0.215208,0.243024,0.042456,30.309999,9.1,14.14,1770467896.82413
0.226676,0.248148,0.061,29.75,23.52,3.99,1770467896.831945
0.24888,0.277428,0.160796,33.25,41.439999,0.42,1770467896.839957
0.28914,0.316468,0.356728,30.59,66.989998,-2.94,1770467896.847961
0.341844,0.346236,0.615368,33.110001,94.080002,-2.8,1770467896.856013
0.37576,0.34282,0.872544,35.77,125.440002,-4.13,1770467896.864056
0.348676,0.297436,1.075796,40.880001,158.479996,-0.77,1770467896.871957
0.273524,0.267912,1.278072,48.439999,183.960007,0.98,1770467896.880106
0.146156,0.228872,1.51524,44.240002,199.009995,4.83,1770467896.887948
0.016104,0.209108,1.792668,29.68,205.940002,15.82,1770467896.895972
-0.152012,0.131028,2.116456,7.56,202.160004,23.1,1770467896.903981
-0.348432,-0.083448,2.366312,-18.969999,191.380005,37.66,1770467896.911956
-0.45628,-0.28182,2.300432,-25.969999,166.039993,54.740002,1770467896.919953
-0.597556,-0.404308,1.978596,-31.780001,135.169998,76.790001,1770467896.92796
-0.966728,-0.738832,1.703852,-51.52,146.580002,47.32,1770467896.936108
-0.99796,-0.815692,1.4274,-59.290001,129.639999,27.93,1770467896.943961
-1.081652,-0.746396,1.324188,-46.549999,122.150002,20.719999,1770467896.951962
-1.153876,-0.538264,1.283928,-36.119999,111.860001,3.99,1770467896.95995
-1.203408,-0.264008,1.209264,-34.790001,98.419998,-5.18,1770467896.968023
-1.207312,-0.02806,1.079944,-32.549999,76.300003,-24.01,1770467896.976115
-1.161928,0.1525,0.935008,-37.799999,47.32,-33.810001,1770467896.984175
-1.07726,0.254736,0.799588,-37.450001,17.85,-50.330002,1770467896.991975
-0.95526,0.301096,0.700768,-31.57,-13.79,-60.900002,1770467896.999953
-0.812032,0.30744,0.626836,-25.200001,-41.23,-67.410004,1770467897.00797
-0.680272,0.307928,0.552904,-10.99,-64.120003,-69.160004,1770467897.015959
-0.566812,0.30622,0.481656,-0.21,-80.639999,-69.160004,1770467897.02403
-0.47336,0.284504,0.398208,4.41,-94.57,-69.300003,1770467897.031933
-0.403332,0.356728,0.303536,14.42,-104.230003,-69.370003,1770467897.039951
-0.331352,0.332328,0.258152,16.66,-110.879997,-72.099998,1770467897.047966
-0.177632,0.431148,0.188856,24.43,-122.919998,-53.200001,1770467897.056064
-0.128344,0.432368,0.1708,25.34,-134.679993,-40.110001,1770467897.063973
-0.079056,0.40748,0.14762,27.440001,-142.869995,-27.719999,1770467897.071971
-0.0061,0.367952,0.12444,31.780001,-149.660004,-13.51,1770467897.07995
0.156892,0.385276,0.127124,37.59,-161.210007,0.63,1770467897.08796
0.135176,0.344284,0.180316,45.009998,-160.720001,13.79,1770467897.095948
0.176656,0.327936,0.261568,45.220001,-148.399994,18.48,1770467897.104108
0.201056,0.331352,0.408944,42.349998,-120.82,27.23,1770467897.111943
0.20984,0.352336,0.620736,39.549999,-70.769997,34.02,1770467897.119944
0.20496,0.338184,0.842532,37.099998,-11.13,36.049999,1770467897.12794
0.168604,0.276208,1.072868,34.720001,45.709999,33.669998,1770467897.135943
0.019276,0.160064,1.321748,33.459999,100.519997,28.700001,1770467897.143939
-0.258152,0.07076,1.643584,39.200001,152.809998,15.54,1770467897.151949
-0.48556,0.040992,1.982012,52.220001,187.389999,6.93,1770467897.159968
-0.773724,-0.040992,2.126704,49.560001,189.699997,13.09,1770467897.168016
-1.026752,-0.199348,2.072048,32.689999,158.830002,9.66,1770467897.175938
-1.237568,-0.356484,1.954928,18.549999,98.980003,0.07,1770467897.183974
-1.303692,-0.490684,1.912228,4.13,28.209999,-6.3,1770467897.191947
-1.246108,-0.543388,1.832196,-2.24,-40.669998,-13.37,1770467897.199961
-1.0675,-0.552416,1.743624,-12.25,-99.400002,-19.32,1770467897.208035
-0.810324,-0.487756,1.643096,-18.76,-138.320007,-22.469999,1770467897.215969
-0.551684,-0.361608,1.514508,-26.809999,-158.550003,-27.860001,1770467897.223953
-0.310856,-0.199104,1.399096,-31.85,-167.020004,-28.84,1770467897.231942
-0.095404,-0.028304,1.238788,-35.77,-163.100006,-28.280001,1770467897.239942
0.046848,0.124928,1.037488,-36.75,-151.619995,-19.530001,1770467897.247941
0.077348,0.180804,0.856928,-35.630001,-132.720001,-18.059999,1770467897.255989
0.084668,0.163724,0.691984,-35.98,-104.510002,-23.030001,1770467897.263957
0.435784,0.466284,0.496296,-19.530001,-106.75,11.48,1770467897.271942
0.276696,0.410652,0.48556,-4.9,-89.32,19.32,1770467897.27993
0.266204,0.407968,0.426512,-5.11,-75.040001,29.4,1770467897.287944
0.259616,0.420168,0.35258,-7.42,-61.32,26.809999,1770467897.295942
0.250832,0.427488,0.287188,-5.32,-52.990002,29.75,1770467897.303978
0.23424,0.415288,0.209596,-3.92,-40.110001,26.809999,1770467897.312012
0.210084,0.380396,0.129564,6.02,-28.0,25.690001,1770467897.319948
0.191784,0.329156,0.071492,14.7,-11.9,21.0,1770467897.32795
0.195932,0.301828,0.0488,30.17,3.22,10.85,1770467897.335946
0.205448,0.296704,0.088816,35.98,21.42,7.42,1770467897.344009
0.235948,0.31964,0.193004,41.580002,40.110001,-2.59,1770467897.351974
0.281332,0.36356,0.372832,41.02,63.0,-3.29,1770467897.359957
0.32086,0.398452,0.610488,35.349998,90.860001,-3.5,1770467897.367947
0.336476,0.395768,0.841068,28.559999,121.309998,-1.68,1770467897.375946
0.292556,0.33428,1.03456,22.33,152.039993,-0.21,1770467897.384283
0.21472,0.271816,1.244888,19.110001,177.380005,4.9,1770467897.392038
0.090524,0.230336,1.485716,18.34,197.470001,6.93,1770467897.399979
-0.077348,0.213012,1.857572,7.21,212.940002,12.81,1770467897.407937
-0.257664,0.183976,2.271884,-7.84,215.389999,23.799999,1770467897.415951
-0.477264,0.004636,2.507588,-21.0,202.929993,38.150002,1770467897.423967
-0.625616,-0.162016,2.359724,-17.57,171.710007,58.380001,1770467897.431946
-0.795684,-0.15982,1.96054,-20.16,127.82,74.970001,1770467897.440008
-1.114592,-0.438712,1.644804,-45.639999,108.080002,39.27,1770467897.447937
-1.09068,-0.532164,1.422032,-54.110001,90.230003,31.85,1770467897.455951
-1.118252,-0.54778,1.314672,-56.419998,77.0,11.13,1770467897.46401
-1.149728,-0.48068,1.214632,-54.18,63.77,2.52,1770467897.47199
-1.136308,-0.348432,1.081652,-51.240002,49.84,-10.92,1770467897.479939
-1.09068,-0.196908,0.929396,-53.130001,31.92,-25.27,1770467897.487966
-1.024312,-0.063684,0.769332,-52.220001,9.1,-39.41,1770467897.496012
-0.937692,0.030744,0.657824,-49.77,-14.98,-51.240002,1770467897.503949
-0.83448,0.091012,0.58438,-40.529999,-36.119999,-59.290001,1770467897.511953
-0.73078,0.135664,0.520208,-25.34,-53.34,-65.800003,1770467897.519949
-0.621712,0.169336,0.452132,-14.7,-67.129997,-67.900002,1770467897.528022
-0.504348,0.209596,0.39284,-1.4,-81.410004,-70.629997,1770467897.535939
-0.399428,0.252052,0.328912,5.11,-91.629997,-67.410004,1770467897.543962
-0.31354,0.296216,0.271328,13.02,-100.660004,-65.099998,1770467897.551946
-0.231312,0.327936,0.235704,15.54,-111.650002,-58.939999,1770467897.559987
-0.184708,0.317688,0.208132,16.450001,-118.650002,-64.540001,1770467897.567978
-0.076616,0.36356,0.160552,21.98,-120.540001,-58.169998,1770467897.575944
0.022448,0.377468,0.12566,31.57,-131.880005,-44.380001,1770467897.583983
0.121512,0.375028,0.160308,42.77,-144.619995,-14.07,1770467897.59195
0.140544,0.359412,0.209108,53.759998,-147.279999,1.89,1770467897.599967
0.152744,0.352336,0.262788,54.32,-142.029999,13.44,1770467897.607938
0.181048,0.370148,0.364048,52.220001,-125.089996,21.559999,1770467897.616018
0.193004,0.4026,0.539484,45.009998,-91.839996,25.200001,1770467897.62396
0.177388,0.42334,0.768112,33.110001,-41.09,32.549999,1770467897.632035
0.149572,0.411628,0.998936,24.219999,16.309999,35.91,1770467897.639955
0.066612,0.332328,1.223172,18.34,71.610001,35.630001,1770467897.647944
-0.149572,0.197152,1.463024,20.790001,122.919998,27.58,1770467897.655937
-0.414556,0.130784,1.774612,34.09,168.839996,12.67,1770467897.663974
-0.681248,0.014396,2.051796,43.189999,187.110001,12.32,1770467897.671978
-0.9089,-0.06466,2.096936,41.860001,164.639999,15.26,1770467897.679963
-1.233664,-0.29524,2.015928,30.870001,120.050003,7.28,1770467897.687962
-1.292956,-0.33916,1.927112,26.67,54.110001,-0.35,1770467897.696034
-1.273436,-0.343552,1.862696,18.200001,-15.12,-9.1,1770467897.703943
-1.120204,-0.327692,1.774612,10.64,-80.779999,-20.02,1770467897.711974
-0.887672,-0.320616,1.660664,0.56,-129.639999,-27.51,1770467897.719996
-0.638304,-0.300364,1.534028,-14.0,-158.759995,-33.389999,1770467897.727951
-0.377956,-0.27572,1.410564,-27.790001,-174.229996,-31.15,1770467897.735949
-0.149816,-0.192028,1.27612,-43.189999,-177.940002,-32.549999,1770467897.743958
0.037576,-0.088572,1.116544,-55.369999,-170.520004,-24.709999,1770467897.751949
0.117852,0.002196,0.923784,-59.779999,-152.389999,-15.61,1770467897.760026
0.132248,0.051972,0.731024,-63.0,-125.650002,-15.61,1770467897.767957
0.265228,0.058804,0.599264,-61.18,-108.290001,0.21,1770467897.77595
0.326472,0.315736,0.443348,-35.0,-95.550003,24.219999,1770467897.784023
0.319152,0.320128,0.394304,-18.9,-76.089996,30.309999,1770467897.792111
0.315248,0.383568,0.34648,-3.36,-60.27,31.780001,1770467897.799952
0.31354,0.45384,0.321836,8.75,-42.419998,27.370001,1770467897.807944
0.307196,0.507764,0.295484,23.66,-25.549999,23.66,1770467897.815956
0.297192,0.468724,0.257176,37.029999,-6.93,18.059999,1770467897.823961
0.269132,0.409432,0.191052,50.330002,11.27,15.26,1770467897.831952
0.24034,0.347944,0.1342,64.540001,28.98,10.22,1770467897.839988
0.225212,0.320616,0.122732,71.330002,44.869999,2.31,1770467897.848004
0.211792,0.3172,0.156404,65.169998,59.849998,-1.26,1770467897.855952
0.218624,0.317444,0.2562,47.110001,76.300003,-6.72,1770467897.863981
0.240584,0.309392,0.419192,19.67,94.989998,-1.68,1770467897.872093
0.251808,0.277428,0.623664,-2.45,121.870003,2.17,1770467897.87994
0.22936,0.183488,0.835456,-15.75,154.070007,7.49,1770467897.887988
0.168848,0.080032,1.083604,-17.780001,185.639999,11.55,1770467897.895958
0.071004,-0.00854,1.388116,-7.35,210.210007,12.53,1770467897.903949
-0.10858,-0.012444,1.828292,3.22,230.860001,21.07,1770467897.911955
-0.350872,0.093208,2.355088,3.64,241.080002,25.48,1770467897.919961
-0.619516,0.066856,2.727432,-10.22,227.5,37.169998,1770467897.928059
-0.779092,-0.077104,2.529304,-9.87,184.729996,59.709999,1770467897.935945
-0.94794,-0.064172,1.926868,-14.0,133.839996,72.169998,1770467897.943968
-1.233176,-0.249368,1.554036,-42.560001,110.669998,43.330002,1770467897.951949
-1.199992,-0.34526,1.356152,-49.209999,82.739998,28.700001,1770467897.95995
-1.220488,-0.394304,1.297592,-56.700001,64.75,18.41,1770467897.967966
-1.242692,-0.41358,1.246596,-59.220001,49.07,6.58,1770467897.976068
-1.220244,-0.349408,1.115568,-61.529999,35.419998,-8.19,1770467897.984273
-1.169736,-0.251076,0.95648,-61.529999,19.18,-21.35,1770467897.992108
-1.098,-0.145668,0.78568,-61.110001,-2.03,-33.810001,1770467897.999959
-1.013088,-0.046116,0.645624,-56.77,-24.709999,-45.779999,1770467898.007942
-0.904264,0.027084,0.560956,-43.330002,-48.09,-56.279999,1770467898.016018
-0.77836,0.0976,0.515328,-30.1,-67.129997,-63.419998,1770467898.024119
-0.653188,0.160552,0.476288,-15.33,-83.790001,-70.980003,1770467898.031933
-0.53436,0.221064,0.419924,-0.56,-95.760002,-70.839996,1770467898.039955
-0.41846,0.2745,0.35624,8.26,-106.75,-68.18,1770467898.04798
-0.310124,0.324276,0.294996,18.620001,-118.300003,-67.269997,1770467898.056089
-0.223992,0.344772,0.257664,25.129999,-128.100006,-63.91,1770467898.063973
-0.174216,0.335988,0.23302,29.33,-133.770004,-66.150002,1770467898.071971
-0.07076,0.383324,0.179584,39.759998,-139.300003,-55.580002,1770467898.079942
0.277672,0.5368,0.120536,51.450001,-156.729996,-35.279999,1770467898.087972
0.142008,0.412116,0.173484,63.07,-166.320007,-14.91,1770467898.095948
0.186904,0.388448,0.216672,71.889999,-168.630005,-0.28,1770467898.103942
0.216916,0.376492,0.264984,75.389999,-161.279999,13.79,1770467898.11195
0.253028,0.386496,0.327936,71.050003,-145.949997,21.07,1770467898.119944
0.283772,0.422608,0.455304,55.23,-118.089996,26.110001,1770467898.127945
0.293532,0.453108,0.643428,40.669998,-71.82,28.700001,1770467898.135973
0.287432,0.421144,0.842776,22.4,-11.55,35.700001,1770467898.144041
0.237656,0.335012,1.056032,13.09,49.630001,35.91,1770467898.151942
0.097356,0.193248,1.31516,12.04,110.32,28.49,1770467898.15993
-0.179828,0.099064,1.655784,17.01,167.860001,3.01,1770467898.167934
-0.332328,-0.021228,2.069608,24.219999,207.619995,-3.85,1770467898.175948
-0.50142,-0.133224,2.259928,29.120001,208.949997,6.86,1770467898.183975
-0.73932,-0.152012,2.202344,32.48,169.399994,19.389999,1770467898.191954
-1.238056,-0.519476,2.200392,17.01,128.309998,17.360001,1770467898.199945
-1.218048,-0.415288,1.996652,4.9,61.740002,-7.77,1770467898.20792
-1.176812,-0.415044,1.850496,-4.76,-6.09,-9.87,1770467898.215947
-1.022604,-0.3965,1.691896,-16.309999,-67.550003,-23.940001,1770467898.224011
-0.794464,-0.373076,1.529636,-29.68,-112.839996,-23.52,1770467898.231969
-0.5612,-0.346968,1.375672,-39.200001,-138.320007,-28.629999,1770467898.239942
-0.321348,-0.285724,1.229516,-51.310001,-149.869995,-26.879999,1770467898.24794
-0.130296,-0.166896,1.078968,-55.860001,-150.149994,-20.23,1770467898.255945
0.01952,-0.033184,0.903776,-55.09,-143.5,-13.3,1770467898.264009
0.076616,0.059292,0.751764,-49.84,-128.520004,-4.06,1770467898.271958
0.101504,0.072468,0.625128,-44.869999,-107.309998,-4.76,1770467898.279935
0.282064,0.078568,0.508008,-38.360001,-99.75,4.13,1770467898.287948
0.316712,0.301096,0.40504,-10.64,-89.459999,31.780001,1770467898.295945
0.28914,0.366488,0.372588,0.56,-76.860001,37.450001,1770467898.303954
0.278404,0.417972,0.342332,8.75,-64.540001,39.130001,1770467898.311947
0.267912,0.469212,0.29036,11.9,-51.52,36.610001,1770467898.319955
0.252784,0.454084,0.225212,19.459999,-34.02,32.900002,1770467898.32802
0.237412,0.396012,0.15494,29.26,-16.030001,24.219999,1770467898.335949
0.228872,0.333548,0.12078,39.41,2.87,17.709999,1770467898.343961
0.225456,0.304268,0.146156,51.52,24.01,8.61,1770467898.351956
0.227408,0.307196,0.223016,58.380001,49.490002,2.45,1770467898.360036
0.242292,0.330132,0.337696,54.32,75.32,-0.35,1770467898.36799
0.257176,0.366,0.493612,45.990002,102.410004,-0.14,1770467898.375952
0.260836,0.39528,0.684908,29.120001,129.639999,-2.52,1770467898.38396
0.227896,0.36356,0.876204,13.23,160.020004,0.56,1770467898.391997
0.156404,0.320372,1.086288,-1.19,187.740005,4.48,1770467898.399966
0.032452,0.256688,1.353468,-10.22,211.470001,9.45,1770467898.407937
-0.169092,0.230092,1.748748,-11.9,232.259995,11.2,1770467898.415959
-0.401136,0.213012,2.26676,-24.01,243.110001,11.76,1770467898.423965
-0.626348,0.059048,2.574688,-27.440001,227.5,26.25,1770467898.431948
-0.808128,-0.068564,2.425116,-16.030001,181.300003,51.799999,1770467898.439971
-1.047248,-0.045628,1.968104,-12.67,129.429993,65.309998,1770467898.448009
-1.241228,-0.217404,1.60918,-32.759998,96.040001,38.360001,1770467898.455978
-1.230736,-0.296948,1.359324,-41.369999,64.540001,29.540001,1770467898.463975
-1.23342,-0.33428,1.277096,-44.310001,39.970001,15.68,1770467898.47196
-1.20902,-0.320616,1.220488,-41.93,21.77,3.22,1770467898.480054
-1.16022,-0.277672,1.109224,-45.220001,8.61,-10.99,1770467898.48821
-1.10166,-0.20862,0.955016,-49.07,-3.43,-24.15,1770467898.495963
-1.027972,-0.141276,0.804712,-55.790001,-20.65,-36.400002,1770467898.504098
-0.92964,-0.110044,0.690276,-60.549999,-39.970001,-48.369999,1770467898.511953
-0.828136,-0.072468,0.602192,-54.459999,-57.189999,-52.43,1770467898.519954
-0.735172,-0.029768,0.530456,-46.759998,-73.360001,-55.93,1770467898.52795
-0.633424,0.0183,0.469456,-35.0,-84.349998,-60.759998,1770467898.535934
-0.53314,0.066612,0.39894,-23.24,-97.790001,-61.32,1770467898.543963
-0.435296,0.115412,0.313296,-14.21,-109.059998,-62.23,1770467898.551978
-0.34648,0.16836,0.234728,-5.74,-120.959999,-63.98,1770467898.560042
-0.251076,0.22814,0.169336,-2.31,-133.910004,-61.18,1770467898.567964
-0.152988,0.280844,0.127368,2.31,-146.789993,-54.669998,1770467898.575993
-0.07808,0.292312,0.123708,8.68,-160.440002,-55.23,1770467898.583967
-0.037576,0.232776,0.15128,10.57,-166.320007,-59.43,1770467898.591952
0.453596,0.450424,0.044896,30.870001,-183.75,-40.459999,1770467898.599953
0.238876,0.333792,0.211548,49.84,-178.850006,-4.83,1770467898.607937
0.271572,0.335012,0.320616,64.75,-166.179993,7.07,1770467898.616018
0.300852,0.348188,0.457256,74.410004,-139.440002,12.81,1770467898.623965
0.32818,0.385032,0.636108,75.529999,-98.769997,21.209999,1770467898.63195
0.336476,0.44164,0.826184,74.830002,-46.200001,22.4,1770467898.63995
0.325984,0.442128,0.988688,67.900002,14.28,29.049999,1770467898.648016
0.249368,0.358436,1.167052,62.299999,66.639999,25.41,1770467898.655947
0.063684,0.24278,1.374452,52.290001,114.309998,16.940001,1770467898.66396
-0.23424,0.168604,1.69946,45.43,164.919998,-4.27,1770467898.672037
-0.366976,0.030988,2.063996,35.209999,192.5,-15.05,1770467898.679956
-0.491172,-0.100284,2.170624,29.68,184.240005,-1.05,1770467898.688051
-0.688812,-0.179828,2.134512,30.59,139.649994,20.51,1770467898.696037
-1.25782,-0.608536,2.178432,12.53,99.260002,21.559999,1770467898.70398
-1.098244,-0.518256,2.010072,-0.98,42.419998,-6.44,1770467898.711957
-1.04432,-0.50142,1.851228,-8.47,-18.200001,-10.71,1770467898.719953
-0.883524,-0.405528,1.693116,-17.99,-73.779999,-20.440001,1770467898.727952
-0.666852,-0.272792,1.536956,-23.309999,-109.129997,-24.85,1770467898.735988
-0.441884,-0.141032,1.381772,-26.110001,-130.619995,-28.91,1770467898.743968
-0.228628,-0.018544,1.243668,-30.1,-138.389999,-34.02,1770467898.751947
-0.04636,0.097112,1.091656,-30.379999,-138.740005,-25.059999,1770467898.759952
0.066124,0.156648,0.936228,-34.23,-131.039993,-23.59,1770467898.767984
0.098576,0.1159,0.778116,-33.529999,-115.639999,-20.65,1770467898.775956
0.193004,0.139812,0.602924,-33.459999,-102.550003,-25.690001,1770467898.78396
0.364292,0.282308,0.474336,-21.91,-103.389999,8.05,1770467898.791963
0.316224,0.294996,0.406016,-20.02,-90.089996,24.780001,1770467898.799967
0.300364,0.330132,0.331596,-27.09,-75.32,31.08,1770467898.807974
0.291092,0.367464,0.273524,-28.77,-56.419998,33.389999,1770467898.815964
0.285724,0.36112,0.214476,-30.24,-38.360001,34.02,1770467898.823963
0.264008,0.291092,0.149084,-27.440001,-17.01,31.290001,1770467898.831986
0.241072,0.21838,0.080764,-18.129999,4.97,27.58,1770467898.839965
0.225212,0.149084,0.027084,-7.98,28.559999,20.65,1770467898.848043
0.221308,0.125904,0.034648,9.8,51.59,16.24,1770467898.85598
0.218624,0.142496,0.148596,21.91,78.050003,11.9,1770467898.863961
0.240096,0.188124,0.349896,32.900002,105.209999,5.6,1770467898.871965
0.277428,0.222284,0.60268,35.77,132.860001,9.1,1770467898.880032
0.285724,0.210328,0.86864,30.030001,161.839996,7.14,1770467898.888019
0.241072,0.183976,1.075552,24.290001,189.070007,9.31,1770467898.896056
0.143228,0.150792,1.269044,20.860001,211.259995,10.29,1770467898.903979
-0.01586,0.121756,1.455216,21.42,228.339996,13.51,1770467898.911956
-0.246928,0.1281,1.761436,24.08,236.460007,19.25,1770467898.919951
-0.5185,0.134688,2.230892,19.110001,231.910004,24.639999,1770467898.927955
-0.70638,0.029036,2.377048,16.450001,201.389999,43.119999,1770467898.935998
-0.898652,0.006832,2.070584,8.68,151.830002,56.209999,1770467898.943974
-1.300032,-0.322568,1.8178,-13.37,122.639999,57.119999,1770467898.951952
-1.17486,-0.325984,1.517924,-25.9,91.419998,34.23,1770467898.959953
-1.208044,-0.407236,1.422032,-25.9,73.849998,21.77,1770467898.967968
-1.241716,-0.419924,1.391776,-26.530001,57.540001,10.29,1770467898.976683
-1.248304,-0.366488,1.321992,-29.75,45.5,-7.91,1770467898.984181
-1.20902,-0.268156,1.186084,-31.99,31.08,-18.41,1770467898.992049
-1.13826,-0.153964,1.020652,-34.369999,13.37,-35.98,1770467898.99996
-1.045784,-0.071492,0.870348,-42.98,-9.31,-46.200001,1770467899.00794
-0.965264,-0.008784,0.741516,-43.959999,-34.580002,-56.279999,1770467899.016012
-0.8723,0.031964,0.623176,-43.540001,-56.209999,-60.970001,1770467899.023973
-0.761524,0.0671,0.534848,-35.209999,-72.870003,-67.480003,1770467899.031999
-0.647088,0.106872,0.465064,-21.77,-88.620003,-67.129997,1770467899.040032
-0.53436,0.1586,0.397476,-14.63,-100.449997,-65.660004,1770467899.047954
-0.42822,0.207644,0.332816,-5.74,-110.879997,-60.759998,1770467899.055951
-0.336232,0.265716,0.26962,-3.57,-121.169998,-54.880001,1770467899.063994
-0.257664,0.313784,0.205204,-1.19,-132.789993,-48.16,1770467899.07204
-0.188612,0.341112,0.160552,0.21,-144.410004,-42.209999,1770467899.079966
-0.147864,0.312076,0.1403,-2.24,-156.309998,-42.91,1770467899.088028
-0.062464,0.319884,0.109556,4.2,-161.490005,-35.279999,1770467899.095948
0.321592,0.48068,0.08174,18.969999,-174.440002,-11.83,1770467899.103942
0.152256,0.34282,0.188856,34.790001,-174.649994,1.54,1770467899.111939
0.194712,0.330376,0.303048,50.75,-166.529999,15.05,1770467899.11994
0.238876,0.335256,0.484584,58.66,-140.979996,17.709999,1770467899.127941
0.271816,0.364048,0.690764,62.02,-100.449997,24.57,1770467899.135951
0.29158,0.400404,0.90158,59.5,-46.549999,24.92,1770467899.144074
0.288896,0.403088,1.082628,54.740002,7.63,27.719999,1770467899.151934
0.210084,0.339892,1.25782,49.349998,55.02,26.040001,1770467899.159944
-0.011224,0.241804,1.466928,44.169998,102.269997,15.12,1770467899.167945
-0.325496,0.162504,1.792912,46.549999,152.600006,-5.95,1770467899.175949
-0.456036,0.04026,2.038376,38.080002,168.839996,-10.36,1770467899.18395
-0.587552,-0.040016,2.077172,24.639999,144.410004,-1.96,1770467899.19196
-0.747128,-0.111508,1.996164,14.42,92.400002,7.98,1770467899.199945
-1.100196,-0.484584,2.040328,-10.92,55.720001,-3.29,1770467899.207954
-0.989176,-0.52826,1.901736,-17.01,-3.43,-7.21,1770467899.21594
-0.88694,-0.567788,1.75558,-21.42,-58.799999,-18.76,1770467899.224069
-0.713212,-0.500932,1.602592,-25.129999,-101.5,-21.0,1770467899.231938
-0.496052,-0.388204,1.472052,-25.690001,-128.309998,-28.49,1770467899.239945
-0.29158,-0.245464,1.336632,-29.75,-140.419998,-28.280001,1770467899.247941
-0.092476,-0.092476,1.186572,-29.889999,-145.179993,-28.209999,1770467899.255945
0.059292,0.082228,1.018456,-25.41,-140.0,-24.5,1770467899.263961
0.080764,0.122,0.854976,-22.469999,-124.669998,-20.440001,1770467899.272006
0.127124,0.1464,0.67466,-20.440001,-105.769997,-27.719999,1770467899.279937
0.295728,0.427732,0.49532,-1.89,-106.540001,-3.92,1770467899.287929
0.312076,0.340868,0.456036,0.77,-92.68,11.69,1770467899.295988
0.29158,0.33916,0.374052,-3.57,-77.559998,17.290001,1770467899.304113
0.269864,0.340136,0.285236,-12.25,-62.439999,24.85,1770467899.311949
0.248636,0.325008,0.199592,-20.65,-44.450001,26.25,1770467899.31995
0.22692,0.267424,0.119072,-24.57,-23.66,31.219999,1770467899.327952
0.207644,0.194468,0.054412,-15.75,-1.82,31.08,1770467899.336007
0.195932,0.103456,0.016836,-1.47,18.059999,27.860001,1770467899.34409
0.201056,0.075884,0.03904,18.9,38.43,18.620001,1770467899.351944
0.20252,0.088328,0.156404,39.759998,61.110001,13.93,1770467899.359978
0.219844,0.134932,0.352824,49.84,86.519997,9.59,1770467899.367954
0.25132,0.190808,0.638792,53.830002,112.279999,6.93,1770467899.37598
0.271816,0.24034,0.920368,47.32,139.300003,2.87,1770467899.383953
0.25132,0.202032,1.118008,34.299999,166.039993,3.92,1770467899.391966
0.173484,0.122732,1.27246,26.32,186.270004,4.06,1770467899.400037
0.054412,0.062952,1.430328,18.41,201.320007,13.02,1770467899.407928
-0.12444,0.050264,1.6897,14.56,209.789993,17.85,1770467899.416039
-0.325008,0.061976,2.11914,8.33,207.619995,26.879999,1770467899.423993
-0.525088,-0.035136,2.434388,4.41,188.300003,40.040001,1770467899.43198
-0.646112,-0.0854,2.304336,6.09,139.720001,62.509998,1770467899.440045
-0.825208,-0.077348,1.950048,-5.67,97.510002,73.919998,1770467899.447949
-1.053836,-0.288896,1.698972,-28.77,87.989998,49.91,1770467899.455945
-1.058716,-0.404796,1.532808,-34.439999,73.290001,31.639999,1770467899.463966
-1.100196,-0.42822,1.455948,-38.43,65.870003,19.74,1770467899.472041
-1.130208,-0.372832,1.37616,-38.639999,59.080002,-1.47,1770467899.479979
-1.131428,-0.259128,1.222928,-43.119999,48.860001,-11.76,1770467899.487942
-1.093852,-0.123464,1.023336,-43.119999,33.459999,-32.130001,1770467899.495962
-1.030168,-0.013176,0.85156,-44.450001,11.34,-42.700001,1770467899.503968
-0.94794,0.066124,0.719556,-39.759998,-12.46,-55.23,1770467899.511954
-0.852292,0.120292,0.619516,-27.58,-36.119999,-63.560001,1770467899.51995
-0.741516,0.160064,0.544608,-15.19,-54.599998,-70.209999,1770467899.527961
-0.612684,0.202276,0.49776,-0.91,-68.529999,-70.419998,1770467899.535991
-0.50508,0.229848,0.432856,9.1,-81.129997,-74.690002,1770467899.544077
-0.4087,0.248392,0.361364,12.18,-91.629997,-70.07,1770467899.551943
-0.315736,0.28182,0.274744,15.68,-101.220001,-60.200001,1770467899.559952
-0.24278,0.320372,0.204472,10.64,-112.910004,-52.57,1770467899.567948
-0.176656,0.335744,0.159576,11.34,-124.459999,-48.09,1770467899.575969
-0.138592,0.294508,0.123464,4.69,-134.75,-48.509998,1770467899.583971
-0.0549,0.3172,0.07686,2.8,-144.970001,-42.349998,1770467899.591977
0.238388,0.431148,0.047824,10.99,-162.470001,-16.66,1770467899.600029
0.129808,0.314028,0.1403,17.639999,-166.320007,2.52,1770467899.607943
0.167628,0.30988,0.2196,28.559999,-158.759995,16.799999,1770467899.61597
0.20862,0.297192,0.363072,30.799999,-140.0,22.33,1770467899.624121
0.249368,0.30744,0.55754,32.759998,-105.349998,26.18,1770467899.631945
0.265716,0.33306,0.787876,35.209999,-55.369999,31.709999,1770467899.639953
0.272548,0.335988,1.017724,34.650002,-0.28,34.580002,1770467899.647953
0.224724,0.300364,1.23098,36.889999,53.34,39.48,1770467899.655986
0.07198,0.239608,1.470344,39.200001,103.949997,32.060001,1770467899.664026
-0.218136,0.203008,1.801452,43.68,149.869995,12.95,1770467899.671981
-0.41358,0.0854,2.085468,41.299999,177.520004,1.68,1770467899.67996
-0.557052,-0.006832,2.126704,39.41,164.289993,7.91,1770467899.68795
-0.723704,-0.059048,2.064728,34.790001,119.279999,16.17,1770467899.696011
-1.00406,-0.153232,2.02032,20.440001,80.080002,13.93,1770467899.704094
-1.081164,-0.285968,1.907104,-1.12,28.42,-9.38,1770467899.711957
-1.02114,-0.423584,1.758264,-14.77,-27.299999,-19.32,1770467899.719951
-0.881572,-0.479704,1.6104,-28.49,-72.309998,-24.92,1770467899.72795
-0.68076,-0.453108,1.455704,-33.32,-103.32,-29.4,1770467899.735951
-0.483608,-0.36844,1.31272,-37.450001,-121.730003,-34.790001,1770467899.744023
-0.291092,-0.252296,1.187304,-36.330002,-130.899994,-35.07,1770467899.751945
-0.129564,-0.113704,1.061156,-34.580002,-129.289993,-30.450001,1770467899.759949
-0.015616,0.008052,0.914512,-40.110001,-122.080002,-17.08,1770467899.767965
0.032696,0.097844,0.760304,-46.130001,-112.279999,-5.39,1770467899.776064
0.04026,0.094916,0.628788,-52.639999,-97.019997,-2.17,1770467899.783951
0.101748,0.106384,0.498492,-52.990002,-82.529999,6.02,1770467899.791988
0.2196,0.24522,0.368684,-36.330002,-81.339996,29.4,1770467899.800034
0.205692,0.205692,0.345992,-28.49,-76.860001,41.09,1770467899.807943
0.188124,0.223992,0.300852,-21.700001,-69.650002,41.299999,1770467899.815963
0.172264,0.245952,0.246928,-18.41,-59.080002,46.34,1770467899.823966
0.153476,0.235948,0.18544,-13.44,-45.080002,41.369999,1770467899.831953
0.14274,0.204472,0.128832,-2.73,-28.700001,42.139999,1770467899.840004
0.146156,0.137616,0.115168,7.63,-9.45,33.669998,1770467899.847949
0.153232,0.116144,0.15128,24.639999,7.7,24.780001,1770467899.855992
0.171288,0.13786,0.260104,32.41,28.559999,18.83,1770467899.864084
0.199836,0.174704,0.436516,40.740002,51.869999,9.52,1770467899.871953
0.234728,0.205204,0.659532,41.860001,75.879997,8.75,1770467899.879957
0.259616,0.238876,0.886208,42.84,100.940002,3.71,1770467899.887988
0.249856,0.233264,1.093364,41.790001,125.300003,4.69,1770467899.896073
0.2013,0.227164,1.251476,43.540001,148.399994,6.3,1770467899.903962
0.10614,0.212036,1.404464,44.310001,162.960007,12.25,1770467899.911954
-0.01586,0.20984,1.641144,45.639999,166.039993,13.79,1770467899.919961
-0.14762,0.218868,2.049844,41.02,159.600006,17.360001,1770467899.927953
-0.320128,0.10736,2.340692,29.120001,139.509995,26.110001,1770467899.936059
-0.493612,-0.02562,2.287744,18.129999,107.519997,37.799999,1770467899.943988
-0.568276,-0.072224,2.103036,3.22,72.660004,50.82,1770467899.951951
-0.687836,-0.180072,1.930772,-9.1,51.450001,61.040001,1770467899.959948
-0.81008,-0.301096,1.739232,-33.110001,57.610001,37.099998,1770467899.967984
-0.805444,-0.372344,1.55916,-37.240002,57.889999,25.34,1770467899.976177
-0.81984,-0.381372,1.396656,-44.169998,56.77,13.93,1770467899.98462
-0.857172,-0.299876,1.204384,-43.189999,54.669998,2.52,1770467899.992035
-0.870592,-0.2257,1.047736,-41.860001,51.240002,-10.71,1770467899.999962
-0.869372,-0.14396,0.917684,-43.330002,42.07,-23.940001,1770467900.007944
-0.855708,-0.058316,0.798612,-41.650002,27.440001,-38.43,1770467900.01596
-0.832528,0.021228,0.70882,-39.549999,9.66,-41.790001,1770467900.024099
-0.777872,0.078568,0.648552,-32.41,-10.22,-50.889999,1770467900.031946
-0.706136,0.127368,0.5734,-22.540001,-33.110001,-56.139999,1770467900.039963
-0.62098,0.15738,0.483608,-14.21,-49.560001,-60.619999,1770467900.048088
-0.52704,0.182268,0.39406,-5.32,-65.099998,-60.759998,1770467900.055949
-0.429684,0.213012,0.307684,3.01,-79.800003,-60.48,1770467900.063964
-0.335988,0.248148,0.233996,5.32,-92.75,-59.5,1770467900.071952
-0.227652,0.291824,0.179584,13.3,-107.309998,-53.34,1770467900.079956
-0.152256,0.316712,0.146888,12.11,-122.220001,-49.98,1770467900.087964
-0.105164,0.3111,0.121756,11.48,-135.309998,-55.16,1770467900.095961
-0.012444,0.3355,0.113704,18.549999,-139.300003,-55.23,1770467900.103951
0.118828,0.338428,0.157136,34.23,-156.660004,-19.530001,1770467900.111952
0.202032,0.274012,0.262788,37.240002,-153.440002,1.12,1770467900.119934
0.223504,0.2806,0.369904,36.400002,-135.029999,19.6,1770467900.127975
0.2623,0.319152,0.503616,31.99,-105.419998,28.629999,1770467900.136015
0.28914,0.38796,0.667584,26.32,-68.32,31.99,1770467900.143966
0.31598,0.421388,0.852048,19.18,-24.639999,35.0,1770467900.151948
0.308904,0.409432,1.032608,16.870001,26.25,42.419998,1770467900.159945
0.233264,0.35868,1.259772,16.450001,74.410004,39.060001,1770467900.167943
0.022936,0.329644,1.573556,23.450001,124.389999,27.02,1770467900.175942
-0.19642,0.20252,2.00934,25.9,167.929993,12.11,1770467900.183991
-0.326228,0.029036,2.243092,25.200001,177.869995,10.64,1770467900.192122
-0.511912,-0.056852,2.268224,31.639999,154.350006,25.34,1770467900.199937
-0.726144,-0.046604,2.19478,30.870001,105.629997,31.15,1770467900.207931
-0.995032,-0.149816,2.060092,13.02,64.330002,34.650002,1770467900.215951
-1.046028,-0.228384,1.824144,-10.01,18.9,3.64,1770467900.223957
-0.990152,-0.314516,1.602104,-29.26,-28.91,-5.88,1770467900.231948
-0.833748,-0.352092,1.443992,-38.57,-73.43,-19.809999,1770467900.239962
-0.650748,-0.353068,1.308328,-46.970001,-99.889999,-29.68,1770467900.248059
-0.45628,-0.325252,1.184132,-48.23,-116.550003,-31.43,1770467900.255974
-0.28182,-0.292068,1.054812,-48.860001,-122.080002,-33.810001,1770467900.263955
-0.130296,-0.203252,0.922808,-47.880001,-122.010002,-25.129999,1770467900.271945
0.000976,-0.097112,0.784948,-44.66,-120.330002,-17.85,1770467900.279934
0.07564,-0.011956,0.67344,-38.009998,-113.120003,-8.12,1770467900.287934
0.112972,0.019764,0.576084,-29.75,-100.870003,-9.66,1770467900.295992
0.29402,0.014884,0.499956,-16.870001,-99.75,-7.77,1770467900.303966
0.406016,0.279136,0.380884,12.32,-102.410004,11.62,1770467900.311957
0.354044,0.234972,0.41968,31.43,-91.980003,23.66,1770467900.319954
0.343552,0.236436,0.410896,27.299999,-78.330002,32.759998,1770467900.328003
0.2989,0.24278,0.303536,19.32,-62.580002,35.560001,1770467900.335959
0.264008,0.217648,0.182024,16.799999,-43.330002,39.34,1770467900.343968
0.251076,0.146888,0.108336,22.68,-21.559999,37.029999,1770467900.351953
0.260104,0.102236,0.097844,30.52,0.91,29.4,1770467900.359952
0.274012,0.119316,0.160552,37.52,27.65,23.799999,1770467900.367993
0.306708,0.168116,0.308172,46.060001,57.82,16.799999,1770467900.375973
0.34526,0.215452,0.527284,46.549999,90.860001,12.11,1770467900.383964
0.369904,0.224724,0.778116,35.630001,124.529999,9.73,1770467900.391956
0.343064,0.190076,0.9516,22.889999,158.059998,9.87,1770467900.400016
0.271816,0.117852,1.09434,12.88,194.460007,15.82,1770467900.407939
0.185928,0.034892,1.307352,13.51,222.389999,18.41,1770467900.415978
0.041968,0.00732,1.591124,16.52,238.699997,27.02,1770467900.42413
-0.181048,0.053924,1.991284,17.639999,248.360001,27.860001,1770467900.431962
-0.394548,0.016836,2.362164,16.66,233.589996,32.900002,1770467900.43996
-0.572912,-0.038308,2.322392,9.66,191.309998,45.220001,1770467900.44797
-0.746884,-0.066856,2.02276,0.35,133.070007,56.0,1770467900.456045
-1.193648,-0.361364,1.772172,-20.51,110.110001,47.599998,1770467900.463982
-1.040172,-0.241316,1.536956,-30.59,81.620003,20.16,1770467900.471957
-1.09068,-0.293532,1.456924,-35.209999,67.760002,25.200001,1770467900.480017
-1.122644,-0.277672,1.409832,-43.540001,55.790001,7.7,1770467900.487971
-1.11386,-0.235704,1.310524,-46.689999,42.209999,-0.56,1770467900.495975
-1.0736,-0.141276,1.123376,-48.650002,24.99,-16.17,1770467900.503965
-1.006744,-0.014396,0.918172,-49.98,6.44,-31.43,1770467900.511953
-0.91134,0.054412,0.769576,-46.34,-15.89,-45.009998,1770467900.519948
-0.79544,0.111264,0.675636,-38.080002,-38.080002,-58.73,1770467900.527966
-0.69052,0.150304,0.616588,-22.889999,-54.25,-63.419998,1770467900.536025
-0.585844,0.165432,0.564372,-13.02,-67.339996,-64.68,1770467900.543981
-0.49776,0.161772,0.490928,-5.74,-76.370003,-58.380001,1770467900.551954
-0.419924,0.171288,0.390888,-5.88,-84.139999,-56.139999,1770467900.55995
-0.343796,0.190808,0.284748,-4.2,-93.660004,-53.549999,1770467900.567953
-0.26718,0.22814,0.19398,-3.36,-102.970001,-49.419998,1770467900.576316
-0.19276,0.255224,0.12078,-3.43,-115.010002,-44.52,1770467900.584002
-0.122244,0.29036,0.0732,-4.2,-126.419998,-39.549999,1770467900.591953
-0.068808,0.262056,0.06344,-2.52,-137.410004,-36.259998,1770467900.599958
-0.033428,0.208864,0.076128,-5.88,-144.339996,-37.380001,1770467900.607948
0.36844,0.422608,0.035624,5.39,-156.100006,-24.5,1770467900.616069
0.216672,0.287432,0.172996,20.299999,-158.059998,0.56,1770467900.624014
0.252296,0.285968,0.318176,31.99,-141.610001,16.1,1770467900.631934
0.28182,0.30744,0.50752,46.970001,-111.510002,16.940001,1770467900.639945
0.322568,0.362584,0.721752,53.200001,-65.239998,16.379999,1770467900.647986
0.344528,0.42456,0.935008,57.049999,-10.36,15.82,1770467900.655947
0.314516,0.462136,1.121424,55.650002,47.18,17.57,1770467900.663964
0.217404,0.427244,1.306864,51.310001,99.400002,17.639999,1770467900.671957
-0.016104,0.358436,1.581364,56.279999,149.940002,7.63,1770467900.680009
-0.28182,0.230092,1.998848,51.799999,192.5,-11.34,1770467900.688043
-0.459696,0.051972,2.212592,50.75,206.850006,-9.17,1770467900.696168
-0.630252,-0.032696,2.220888,50.189999,179.410004,6.58,1770467900.703992
-0.898408,-0.06954,2.12158,38.290001,128.380005,24.780001,1770467900.71194
-1.319064,-0.4026,2.096448,6.79,90.510002,16.24,1770467900.719951
-1.287588,-0.481412,1.883192,-15.4,25.41,-2.8,1770467900.727947
-1.207068,-0.537044,1.679208,-31.290001,-37.59,-8.12,1770467900.735948
-1.01626,-0.511912,1.49816,-44.029999,-92.330002,-23.030001,1770467900.744032
-0.779336,-0.436272,1.327116,-51.450001,-130.759995,-24.85,1770467900.751948
-0.55754,-0.320128,1.164612,-50.959999,-153.860001,-26.389999,1770467900.759952
-0.35258,-0.195444,1.03334,-52.009998,-162.679993,-23.799999,1770467900.767951
-0.169092,-0.042944,0.920124,-46.200001,-161.630005,-17.5,1770467900.775954
-0.020252,0.088816,0.822768,-38.220001,-159.179993,-10.01,1770467900.783983
0.063684,0.126392,0.746884,-35.419998,-150.639999,-5.39,1770467900.792085
0.102724,0.084668,0.642696,-31.85,-135.309998,-7.56,1770467900.799959
0.272792,0.113704,0.519476,-34.790001,-132.440002,-7.98,1770467900.807939
0.314272,0.20862,0.41724,-23.450001,-132.300003,18.129999,1770467900.815953
0.305,0.243756,0.334768,-17.43,-126.209999,27.93,1770467900.82413
0.275232,0.270352,0.244,-16.870001,-114.519997,30.52,1770467900.831948
0.260104,0.266692,0.142496,-16.309999,-99.75,35.0,1770467900.839953
0.259616,0.245708,0.056608,-14.42,-80.989998,31.780001,1770467900.847951
0.275232,0.196664,0.008296,-3.01,-58.52,28.07,1770467900.856062
0.301584,0.151036,0.027816,12.32,-31.92,22.959999,1770467900.86396
0.33916,0.153964,0.15006,27.790001,0.63,17.709999,1770467900.871947
0.394792,0.191296,0.37576,36.540001,39.619999,13.02,1770467900.879989
0.45506,0.239608,0.663924,37.52,78.959999,7.35,1770467900.887947
0.50264,0.2379,0.915732,35.0,119.279999,5.6,1770467900.895974
0.496052,0.191052,1.07848,33.459999,157.919998,4.13,1770467900.90404
0.448472,0.127124,1.170224,33.18,190.75,6.37,1770467900.91195
0.349408,0.079544,1.3054,41.02,215.179993,13.09,1770467900.919953
0.1952,0.072956,1.547448,48.09,232.259995,21.07,1770467900.927951
-0.005856,0.08296,1.976644,52.990002,239.050003,25.059999,1770467900.935997
-0.259616,0.028548,2.353624,44.52,228.059998,32.130001,1770467900.944018
-0.495076,-0.02806,2.359968,21.209999,194.949997,42.07,1770467900.951945
-0.669048,-0.077348,2.135488,1.12,149.589996,60.34,1770467900.960018
-0.907436,-0.145912,1.878312,-14.7,122.5,60.619999,1770467900.96793
-1.005768,-0.257176,1.599176,-33.669998,103.599998,29.049999,1770467900.976215
-1.01138,-0.431392,1.451068,-34.650002,90.160004,21.84,1770467900.984546
-1.053348,-0.41724,1.282464,-35.560001,77.349998,9.66,1770467900.991984
-1.059448,-0.373564,1.106784,-35.77,66.57,-7.07,1770467900.999971
-1.039196,-0.274012,0.934032,-39.130001,51.099998,-21.559999,1770467901.007967
-0.984784,-0.17446,0.806176,-37.450001,32.060001,-36.540001,1770467901.016108
-0.913292,-0.065148,0.710772,-33.880001,9.87,-53.900002,1770467901.023963
-0.828868,0.02806,0.655872,-24.290001,-11.2,-60.060001,1770467901.031937
-0.740784,0.084668,0.621224,-12.81,-27.65,-66.919998,1770467901.039951
-0.652212,0.12078,0.569496,-5.11,-42.0,-69.160004,1770467901.047953
-0.56364,0.140056,0.487024,2.03,-53.549999,-67.690002,1770467901.056018
-0.47824,0.174704,0.37454,4.9,-66.220001,-64.889999,1770467901.063966
-0.381616,0.21228,0.269864,7.0,-81.760002,-61.18,1770467901.071963
-0.297436,0.242292,0.182268,7.21,-99.190002,-51.310001,1770467901.079958
-0.210816,0.274256,0.121024,3.99,-115.57,-45.220001,1770467901.087942
-0.146644,0.277672,0.091012,0.91,-133.0,-36.68,1770467901.095973
-0.119804,0.226432,0.107848,-1.68,-146.649994,-32.48,1770467901.104044
-0.033428,0.244,0.124928,0.0,-146.089996,-23.59,1770467901.111945
0.248636,0.385764,0.13664,11.9,-151.339996,3.78,1770467901.119942
0.15372,0.26108,0.303536,21.98,-143.5,18.83,1770467901.127942
0.199104,0.284748,0.487268,35.560001,-122.080002,27.790001,1770467901.135941
0.218868,0.323788,0.714676,47.110001,-82.669998,27.790001,1770467901.143937
0.236436,0.378932,0.957456,52.220001,-31.639999,31.43,1770467901.151949
0.2257,0.416264,1.168272,54.110001,22.190001,31.709999,1770467901.160041
0.118096,0.392108,1.31882,55.02,71.540001,33.669998,1770467901.167977
-0.11224,0.351848,1.566968,60.200001,117.879997,24.08,1770467901.175942
-0.4148,0.292556,1.916864,66.639999,159.039993,3.22,1770467901.183952
-0.599996,0.177876,2.085224,58.66,169.259995,-4.41,1770467901.191938
-0.754936,0.101748,2.110112,52.5,136.289993,-0.49,1770467901.199967
-0.915732,0.020496,2.074,34.23,87.709999,1.19,1770467901.208017
-1.242692,-0.417972,2.111332,5.11,49.419998,-1.61,1770467901.215952
-1.103856,-0.481656,1.924428,-12.11,-9.31,-23.940001,1770467901.223939
-0.98576,-0.574864,1.70434,-28.0,-61.110001,-25.969999,1770467901.231941
-0.791292,-0.528748,1.504992,-34.580002,-101.639999,-32.689999,1770467901.239943
-0.56364,-0.457256,1.32614,-44.310001,-128.520004,-29.190001,1770467901.247941
-0.369416,-0.409432,1.17974,-49.139999,-142.869995,-30.799999,1770467901.255939
-0.194224,-0.270352,1.034804,-52.009998,-147.839996,-26.32,1770467901.263952
-0.040016,-0.105652,0.903044,-51.450001,-143.850006,-15.75,1770467901.272012
0.058316,0.05368,0.769576,-48.299999,-136.289993,-5.88,1770467901.27995
0.09882,0.08052,0.678808,-46.900002,-122.43,1.12,1770467901.287924
0.122488,0.091744,0.584868,-44.869999,-104.580002,-0.21,1770467901.295978
0.5124,0.245952,0.446276,-28.35,-103.110001,13.79,1770467901.304001
0.27816,0.265472,0.418948,-18.129999,-93.730003,33.529999,1770467901.312072
0.261324,0.271084,0.36722,-12.67,-81.339996,39.689999,1770467901.319977
0.238632,0.295484,0.294264,-17.01,-68.669998,39.41,1770467901.327946
0.22082,0.307196,0.231556,-18.200001,-52.43,40.389999,1770467901.335946
0.193004,0.272792,0.161528,-18.76,-34.580002,36.540001,1770467901.343961
0.172264,0.219356,0.094672,-13.02,-15.26,37.59,1770467901.351949
0.1586,0.168604,0.061244,-4.55,2.87,31.08,1770467901.360079
0.169824,0.120536,0.102236,3.78,23.66,24.219999,1770467901.367952
0.179096,0.117852,0.234728,17.85,48.650002,18.27,1770467901.375955
0.214964,0.144204,0.457744,28.209999,74.620003,12.6,1770467901.383959
0.264984,0.184464,0.723216,35.98,100.870003,8.26,1770467901.391951
0.294996,0.225944,0.976732,47.740002,127.889999,-0.49,1770467901.400042
0.282308,0.215208,1.174128,53.34,150.919998,1.89,1770467901.407942
0.219356,0.207156,1.3542,58.869999,171.710007,0.98,1770467901.415973
0.107604,0.206424,1.540128,62.23,181.649994,14.0,1770467901.42412
-0.047336,0.185196,1.815116,54.459999,184.169998,14.7,1770467901.431946
-0.212036,0.148596,2.215276,44.450001,169.259995,21.42,1770467901.439955
-0.421876,0.002928,2.36558,31.780001,142.869995,33.950001,1770467901.447952
-0.542168,-0.039284,2.235772,17.780001,102.620003,46.900002,1770467901.456001
-0.665876,-0.019764,2.011292,10.99,70.419998,54.880001,1770467901.464002
-0.716384,-0.170556,1.82756,-3.92,53.200001,51.799999,1770467901.472087
-0.80032,-0.356972,1.644072,-28.0,54.950001,25.129999,1770467901.480016
-0.831796,-0.427976,1.503772,-43.330002,62.509998,19.950001,1770467901.48794
-0.86986,-0.409676,1.337852,-46.41,66.080002,4.55,1770467901.495967
-0.890844,-0.32208,1.134112,-46.900002,66.220001,-7.77,1770467901.504098
-0.893772,-0.217892,0.943304,-48.09,60.41,-25.620001,1770467901.511947
-0.882548,-0.10004,0.810568,-46.48,45.779999,-35.84,1770467901.519949
-0.840824,0.02074,0.724924,-44.450001,25.129999,-49.84,1770467901.52802
-0.78324,0.086864,0.677344,-36.189999,2.1,-56.91,1770467901.535941
-0.713456,0.128344,0.61366,-25.129999,-18.129999,-57.959999,1770467901.543961
-0.640744,0.152012,0.535092,-16.450001,-34.299999,-61.389999,1770467901.551949
-0.555588,0.171288,0.444568,-10.85,-48.580002,-58.59,1770467901.55995
-0.458232,0.200812,0.347212,-6.37,-61.459999,-58.73,1770467901.567946
-0.366244,0.244488,0.263764,0.77,-77.139999,-55.439999,1770467901.576338
-0.267912,0.28304,0.202276,6.65,-91.419998,-52.919998,1770467901.583972
-0.187148,0.29524,0.165432,9.31,-105.629997,-48.720001,1770467901.591951
-0.133224,0.28182,0.148596,11.76,-120.75,-50.400002,1770467901.600149
-0.08174,0.27694,0.132736,10.01,-126.769997,-48.720001,1770467901.607943
0.091012,0.265228,0.168848,13.79,-142.100006,-30.1,1770467901.615982
0.148596,0.29036,0.18056,26.110001,-140.770004,-0.56,1770467901.624097
0.168116,0.2806,0.277184,30.1,-132.440002,13.02,1770467901.63196
0.197152,0.30866,0.410164,38.43,-109.269997,20.65,1770467901.63995
0.233996,0.348188,0.606096,41.23,-72.519997,27.58,1770467901.647955
0.259128,0.386496,0.8357,42.77,-29.75,26.809999,1770467901.655983
0.270108,0.397964,1.042856,49.630001,20.16,29.049999,1770467901.664036
0.22326,0.359168,1.250012,53.060001,64.050003,27.790001,1770467901.671947
0.06832,0.271084,1.517192,62.860001,105.07,19.389999,1770467901.679965
-0.262544,0.242292,1.858548,69.790001,148.75,-3.29,1770467901.688136
-0.450668,0.12322,2.151592,62.299999,172.690002,-6.72,1770467901.695944
-0.5917,0.020252,2.195024,50.400002,158.270004,0.63,1770467901.703979
-0.781776,-0.049288,2.06302,32.200001,118.860001,19.389999,1770467901.711951
-1.055788,-0.298168,2.077172,6.44,84.559998,25.83,1770467901.719949
-1.109224,-0.500688,1.89466,-18.200001,34.790001,-4.34,1770467901.727966
-1.071404,-0.636108,1.735328,-31.08,-17.99,-8.33,1770467901.735936
-0.93452,-0.645868,1.572824,-38.290001,-66.010002,-22.190001,1770467901.743968
-0.75762,-0.557296,1.41154,-46.759998,-97.510002,-24.15,1770467901.751953
-0.554612,-0.457256,1.272216,-51.099998,-116.900002,-28.77,1770467901.759979
-0.375028,-0.30744,1.133624,-56.139999,-124.739998,-27.299999,1770467901.767978
-0.213744,-0.1281,1.006988,-54.32,-123.900002,-24.709999,1770467901.77596
-0.076616,0.040992,0.88816,-49.560001,-118.089996,-15.47,1770467901.783951
0.00732,0.153232,0.76982,-45.919998,-110.529999,-6.51,1770467901.79196
0.028304,0.137128,0.677832,-38.639999,-96.040001,-7.91,1770467901.800154
0.09272,0.18056,0.56852,-32.900002,-86.099998,-13.02,1770467901.807948
0.317932,0.38796,0.435784,-9.66,-92.959999,6.23,1770467901.815971
0.239364,0.365756,0.426024,1.12,-85.540001,18.129999,1770467901.824144
0.234728,0.388204,0.355996,1.54,-80.57,20.719999,1770467901.831944
0.223992,0.403332,0.279868,2.45,-72.239998,19.25,1770467901.839953
0.207888,0.348432,0.206668,-2.1,-60.200001,24.01,1770467901.847948
0.194712,0.240096,0.133956,-4.13,-44.240002,25.27,1770467901.855973
0.197152,0.142984,0.095648,-0.98,-26.32,21.84,1770467901.863995
0.209108,0.106872,0.108824,4.76,-6.44,15.33,1770467901.871967
0.230824,0.104188,0.212524,14.98,19.530001,12.46,1770467901.87995
0.26108,0.133224,0.406748,23.1,49.560001,14.35,1770467901.887944
0.305488,0.166896,0.654408,30.66,80.989998,7.35,1770467901.895962
0.323544,0.191052,0.902312,34.860001,112.279999,7.98,1770467901.904072
0.294264,0.183244,1.090924,41.790001,146.580002,5.6,1770467901.911938
0.230336,0.164212,1.270996,47.880001,174.649994,10.43,1770467901.919944
0.120048,0.1525,1.481812,52.080002,190.960007,13.58,1770467901.927956
-0.029036,0.173728,1.783396,54.110001,197.820007,20.719999,1770467901.936108
-0.22448,0.190564,2.218692,48.16,191.309998,25.76,1770467901.943963
-0.438468,0.115168,2.447564,31.43,165.619995,34.23,1770467901.951949
-0.58438,0.068076,2.254804,12.11,124.18,39.48,1770467901.959951
-0.652456,-0.00122,1.962004,-6.79,81.269997,55.23,1770467901.967948
-0.789584,-0.133956,1.755092,-22.120001,65.519997,58.73,1770467901.97617
-0.908412,-0.384788,1.643584,-46.970001,69.230003,35.560001,1770467901.984121
-0.893528,-0.467016,1.501332,-54.32,67.760002,22.4,1770467901.991981
-0.936228,-0.478728,1.342732,-54.529999,69.160004,5.74,1770467901.999999
-0.964044,-0.427976,1.158268,-54.880001,70.489998,-8.68,1770467902.007962
-0.97478,-0.313052,0.966972,-49.84,62.23,-18.620001,1770467902.015937
-0.956236,-0.165188,0.805688,-48.09,43.540001,-36.119999,1770467902.024008
-0.920612,-0.038552,0.701012,-42.139999,17.5,-44.099998,1770467902.032003
-0.853512,0.038796,0.639768,-34.299999,-6.3,-55.02,1770467902.039945
-0.764696,0.095892,0.587796,-22.33,-32.689999,-59.849998,1770467902.047949
-0.65514,0.13054,0.53192,-10.78,-51.59,-60.060001,1770467902.055949
-0.536556,0.172752,0.468724,1.54,-66.010002,-62.650002,1770467902.063962
-0.427244,0.216184,0.388448,7.77,-79.239998,-63.0,1770467902.071986
-0.315736,0.246928,0.316956,14.77,-91.699997,-58.869999,1770467902.079963
-0.2257,0.288652,0.249856,15.75,-102.059998,-52.43,1770467902.087944
-0.152988,0.303536,0.189588,17.639999,-114.660004,-46.689999,1770467902.095941
-0.116144,0.27206,0.16714,14.35,-122.779999,-44.450001,1770467902.104147
-0.084912,0.290848,0.125904,15.89,-124.18,-42.139999,1770467902.111927
0.284504,0.382348,0.068564,25.690001,-140.630005,-20.370001,1770467902.119948
0.149328,0.264496,0.180804,35.77,-138.949997,5.74,1770467902.127941
0.179584,0.25986,0.254004,44.099998,-131.179993,15.82,1770467902.135943
0.193248,0.251808,0.362096,46.060001,-112.0,24.780001,1770467902.143955
0.217648,0.260592,0.52338,45.080002,-81.690002,25.76,1770467902.152048
0.22936,0.283772,0.730292,46.830002,-40.110001,26.040001,1770467902.159956
0.229116,0.282308,0.949892,47.529999,12.32,29.610001,1770467902.167928
0.181292,0.25498,1.184864,50.959999,62.509998,24.780001,1770467902.175941
0.027572,0.19276,1.40178,58.73,107.660004,20.16,1770467902.183939
-0.279136,0.133712,1.68116,64.470001,152.949997,7.56,1770467902.191943
-0.505812,0.113216,1.965664,70.769997,176.330002,-1.82,1770467902.199955
-0.760304,0.023424,2.10694,53.549999,172.619995,-0.35,1770467902.208003
-0.968924,-0.110044,2.0557,34.439999,134.960007,3.08,1770467902.216056
-1.289296,-0.409188,2.02276,11.48,90.089996,2.59,1770467902.223987
-1.245376,-0.467504,1.910032,-8.47,30.450001,-11.48,1770467902.231942
-1.192916,-0.553636,1.789252,-17.780001,-34.02,-21.49,1770467902.239933
-1.01992,-0.567544,1.647244,-26.809999,-84.910004,-24.92,1770467902.247921
-0.793244,-0.4941,1.500356,-34.09,-124.18,-29.75,1770467902.255944
-0.557052,-0.36112,1.365912,-39.900002,-148.330002,-31.57,1770467902.263993
-0.343064,-0.221308,1.247816,-44.099998,-155.75,-34.509998,1770467902.27195
-0.152256,-0.067344,1.133624,-49.139999,-156.660004,-31.08,1770467902.279935
0.008052,0.091012,1.000156,-50.330002,-149.660004,-22.68,1770467902.287927
0.040016,0.178608,0.856196,-48.439999,-135.100006,-22.610001,1770467902.296006
0.084912,0.16836,0.707844,-47.810001,-117.110001,-25.27,1770467902.304104
0.332572,0.433832,0.521916,-28.77,-121.730003,10.5,1770467902.311942
0.280844,0.360144,0.489952,-21.559999,-109.199997,22.75,1770467902.319955
0.273768,0.377956,0.405284,-18.9,-101.919998,32.619999,1770467902.32795
0.2684,0.392108,0.326472,-14.42,-92.889999,28.42,1770467902.335947
0.253272,0.405772,0.250588,-14.35,-80.43,33.110001,1770467902.343965
0.231556,0.3904,0.167628,-14.42,-65.449997,28.49,1770467902.351953
0.209352,0.338184,0.087108,-11.55,-48.790001,28.280001,1770467902.359949
0.1891,0.274744,0.027328,-5.88,-25.76,21.07,1770467902.367949
0.19398,0.222284,0.021228,1.12,-2.1,16.940001,1770467902.375996
0.198128,0.196908,0.083204,11.76,23.52,4.9,1770467902.383966
0.23424,0.213256,0.227652,20.23,54.110001,1.68,1770467902.391949
0.268644,0.245464,0.4392,29.26,82.529999,-3.43,1770467902.400038
0.307196,0.265228,0.666364,35.07,114.309998,-7.28,1770467902.407989
0.3111,0.281332,0.887672,38.639999,143.289993,-8.12,1770467902.415956
0.288652,0.267424,1.103612,44.029999,171.710007,-9.31,1770467902.423968
0.224236,0.238632,1.307108,43.400002,191.380005,-2.31,1770467902.43195
0.08052,0.22692,1.517924,43.330002,202.860001,2.1,1770467902.440045
-0.086864,0.22692,1.849032,37.799999,207.130005,6.44,1770467902.447977
-0.298412,0.15006,2.255048,35.630001,197.679993,17.360001,1770467902.455951
-0.512156,-0.011224,2.421212,28.98,167.720001,26.6,1770467902.463966
-0.617564,-0.03782,2.252852,20.790001,118.440002,43.75,1770467902.471954
-0.771528,-0.061,1.975912,7.14,79.449997,53.619999,1770467902.480074
-1.020652,-0.454816,1.816824,-19.32,68.18,45.080002,1770467902.487955
-0.889624,-0.465796,1.577704,-28.139999,59.849998,25.34,1770467902.495956
-0.915,-0.518988,1.470588,-38.779999,56.630001,16.940001,1770467902.503973
-0.932568,-0.492148,1.331508,-39.200001,54.040001,5.25,1770467902.511989
-0.945744,-0.405528,1.151436,-42.630001,52.849998,-6.86,1770467902.519947
-0.945012,-0.268156,0.973316,-41.509998,47.880001,-22.68,1770467902.527946
-0.917928,-0.130296,0.838628,-41.860001,36.119999,-35.349998,1770467902.535941
-0.872788,-0.022204,0.731024,-34.790001,16.73,-47.25,1770467902.54404
-0.815204,0.054412,0.667096,-25.9,-1.47,-57.610001,1770467902.551971
-0.748592,0.112972,0.617808,-8.75,-19.110001,-59.43,1770467902.559949
-0.675148,0.159088,0.554124,-2.1,-29.82,-67.129997,1770467902.567944
-0.59414,0.199104,0.468724,5.11,-38.639999,-64.540001,1770467902.575957
-0.502152,0.238144,0.369172,9.24,-50.259998,-64.75,1770467902.583975
-0.404796,0.273524,0.292312,11.55,-62.23,-63.77,1770467902.591946
-0.314272,0.325984,0.22204,14.98,-76.370003,-56.630001,1770467902.599977
-0.252784,0.32696,0.181536,15.68,-93.800003,-54.669998,1770467902.607964
-0.197884,0.294996,0.16348,15.12,-111.230003,-55.439999,1770467902.61594
-0.077836,0.342088,0.129076,22.75,-124.529999,-46.200001,1770467902.623985
0.08296,0.388448,0.152256,37.450001,-145.389999,-26.32,1770467902.631953
0.14396,0.372832,0.232532,57.049999,-151.759995,-11.27,1770467902.639946
0.188368,0.393816,0.345992,72.870003,-148.539993,-0.35,1770467902.647953
0.236192,0.417728,0.489464,79.940002,-131.389999,7.28,1770467902.655986
0.270108,0.443836,0.673928,76.440002,-99.190002,10.01,1770467902.664119
0.279868,0.445056,0.840092,59.080002,-53.130001,18.969999,1770467902.671932
0.273036,0.40626,0.957456,39.34,-2.03,26.6,1770467902.679949
0.208132,0.323788,1.087752,16.1,48.09,31.15,1770467902.687946
0.061,0.248392,1.29198,0.98,94.290001,23.940001,1770467902.695944
-0.241072,0.1952,1.621136,-8.33,147.630005,3.92,1770467902.704028
-0.368196,-0.033672,2.033008,-14.56,186.270004,-2.52,1770467902.71197
-0.468236,-0.17202,2.213324,-3.78,185.919998,17.360001,1770467902.719942
-0.701744,-0.208864,2.184288,3.99,150.639999,42.560001,1770467902.728048
-1.182912,-0.533384,2.1533,-8.96,120.75,34.369999,1770467902.735943
-1.200968,-0.510936,1.894172,-13.37,67.830002,5.04,1770467902.743959
-1.177788,-0.491172,1.68482,-22.26,9.52,-0.35,1770467902.751932
-1.053592,-0.421876,1.508652,-24.43,-49.560001,-16.66,1770467902.759948
-0.862052,-0.318176,1.37006,-34.09,-91.980003,-27.09,1770467902.767989
-0.647088,-0.220332,1.247084,-36.189999,-117.529999,-34.369999,1770467902.775954
-0.421876,-0.142496,1.126548,-39.060001,-133.279999,-42.77,1770467902.783946
-0.237168,-0.040504,0.994544,-43.189999,-137.410004,-36.400002,1770467902.791974
-0.079056,0.058072,0.854488,-41.369999,-136.080002,-29.4,1770467902.799953
0.011712,0.112972,0.727852,-45.57,-130.270004,-15.61,1770467902.807968
0.02562,0.110044,0.602924,-46.34,-117.110001,-10.43,1770467902.816039
0.08906,0.0854,0.489464,-50.540001,-105.910004,-4.62,1770467902.823967
0.18056,0.203496,0.368684,-48.439999,-101.010002,10.85,1770467902.831958
0.208864,0.245708,0.294264,-34.439999,-98.209999,27.370001,1770467902.839957
0.195444,0.272304,0.272304,-30.66,-92.190002,33.389999,1770467902.847954
0.183244,0.275964,0.243512,-26.67,-79.940002,32.759998,1770467902.856081
0.17934,0.246684,0.192516,-24.01,-66.290001,31.43,1770467902.863959
0.176168,0.198128,0.123464,-17.01,-49.98,28.98,1770467902.871951
0.190076,0.148352,0.083204,-2.31,-32.549999,20.860001,1770467902.879956
0.19886,0.13664,0.120292,13.44,-10.92,11.76,1770467902.887989
0.23058,0.16104,0.251808,26.879999,14.77,8.19,1770467902.896073
0.277184,0.208864,0.489952,39.200001,45.080002,1.33,1770467902.904252
0.3355,0.2684,0.762012,45.009998,75.18,-0.56,1770467902.912091
0.370636,0.284504,0.974292,52.43,105.07,-3.92,1770467902.919957
0.360876,0.27206,1.1041,55.23,132.580002,-4.62,1770467902.92795
0.315492,0.245708,1.245376,59.290001,154.279999,3.57,1770467902.935965
0.212768,0.227896,1.419348,63.07,170.729996,7.84,1770467902.943994
0.040992,0.2074,1.617232,56.490002,181.720001,13.79,1770467902.951949
-0.116144,0.126636,1.938336,51.380001,180.740005,16.24,1770467902.959988
-0.303292,-0.025376,2.225768,38.220001,167.020004,28.139999,1770467902.967957
-0.463112,-0.099064,2.227476,30.870001,136.360001,40.529999,1770467902.976164
-0.607072,-0.138836,2.08986,19.809999,104.720001,57.470001,1770467902.984624
-0.801296,-0.240828,1.88368,5.46,103.110001,61.389999,1770467902.991978
-0.923296,-0.38552,1.704828,-8.19,94.080002,29.82,1770467902.999969
-0.97234,-0.421876,1.576972,-21.629999,89.389999,17.639999,1770467903.007969
-1.025532,-0.372588,1.440332,-30.24,83.790001,4.13,1770467903.015966
-1.064328,-0.278648,1.262944,-35.139999,74.339996,-11.9,1770467903.023977
-1.063108,-0.16348,1.072136,-40.880001,59.779999,-24.15,1770467903.031966
-1.024312,-0.050996,0.881816,-43.189999,39.830002,-40.18,1770467903.039958
-0.957456,0.038308,0.760548,-38.220001,15.12,-52.290001,1770467903.047952
-0.873276,0.104188,0.686128,-28.0,-8.96,-62.09,1770467903.055999
-0.776408,0.154452,0.630252,-14.21,-29.959999,-66.150002,1770467903.063986
-0.66734,0.152012,0.56974,-6.3,-44.799999,-66.150002,1770467903.071966
-0.57096,0.178364,0.488732,4.34,-61.25,-68.389999,1770467903.079962
-0.484584,0.235948,0.398452,4.9,-74.900002,-66.360001,1770467903.087942
-0.390644,0.30866,0.316956,3.36,-85.120003,-64.889999,1770467903.095943
-0.306464,0.354776,0.25742,5.18,-100.239998,-64.330002,1770467903.10402
-0.25132,0.365756,0.222284,2.31,-111.019997,-66.220001,1770467903.112111
-0.149572,0.412604,0.17324,1.82,-115.849998,-60.619999,1770467903.119974
-0.050508,0.387716,0.15006,4.76,-123.900002,-44.59,1770467903.127942
0.152256,0.397232,0.149328,14.35,-136.850006,-19.879999,1770467903.13594
0.10858,0.336232,0.201056,25.620001,-143.990005,-5.53,1770467903.143955
0.152012,0.29646,0.275964,34.860001,-138.179993,7.49,1770467903.151973
0.187148,0.270596,0.399184,47.529999,-120.330002,14.28,1770467903.160021
0.214232,0.269864,0.56364,54.110001,-89.110001,19.530001,1770467903.167939
0.21594,0.288652,0.758596,57.610001,-42.630001,24.15,1770467903.175943
0.188856,0.316956,0.930616,53.759998,10.08,30.17,1770467903.183941
0.124684,0.295728,1.1102,46.130001,55.93,31.639999,1770467903.191942
-0.017812,0.221796,1.291736,41.860001,96.739998,25.34,1770467903.19994
-0.301828,0.124196,1.563796,37.310001,134.610001,12.67,1770467903.207964
-0.529724,0.086864,1.847568,37.099998,159.320007,9.73,1770467903.216043
-0.776652,-0.038308,2.04472,27.65,158.410004,9.31,1770467903.223969
-0.970876,-0.19276,2.033008,8.54,128.380005,18.27,1770467903.231945
-1.16632,-0.456036,1.966396,-3.08,73.220001,1.75,1770467903.23994
-1.213168,-0.590236,1.88124,-9.31,11.62,-1.61,1770467903.247943
-1.143872,-0.637328,1.753628,-17.01,-54.25,-8.89,1770467903.25594
-0.988444,-0.615856,1.611376,-22.889999,-105.0,-17.99,1770467903.26396
-0.759816,-0.537044,1.480348,-31.43,-139.649994,-25.059999,1770467903.271955
-0.52094,-0.405772,1.363716,-36.119999,-158.759995,-31.99,1770467903.28002
-0.306464,-0.241072,1.267824,-39.41,-163.729996,-37.029999,1770467903.287919
-0.116144,-0.060756,1.171688,-44.099998,-160.649994,-36.049999,1770467903.295949
0.037088,0.108336,1.046028,-44.869999,-150.289993,-31.57,1770467903.303972
0.072712,0.176168,0.903532,-48.790001,-133.0,-29.190001,1770467903.312067
0.130296,0.171776,0.752008,-51.029999,-113.330002,-34.509998,1770467903.319967
0.434808,0.496784,0.538752,-38.639999,-116.410004,-10.43,1770467903.32795
0.315492,0.332328,0.540216,-25.549999,-103.25,6.3,1770467903.335997
0.31232,0.349164,0.457744,-29.190001,-93.239998,18.76,1770467903.344067
0.29402,0.374052,0.362828,-31.360001,-81.970001,27.23,1770467903.351945
0.27816,0.38308,0.282064,-35.700001,-68.809998,28.700001,1770467903.359953
0.2684,0.351848,0.240096,-37.099998,-52.220001,33.32,1770467903.367951
0.252052,0.300608,0.197396,-34.09,-33.669998,30.309999,1770467903.375949
0.238388,0.225456,0.136396,-24.780001,-13.37,28.35,1770467903.384071
0.224724,0.16958,0.087108,-12.25,5.11,23.450001,1770467903.391944
0.21716,0.139568,0.096624,5.88,27.09,19.040001,1770467903.399948
0.216916,0.136396,0.214232,21.0,50.119999,14.0,1770467903.408057
0.243024,0.159576,0.4087,35.700001,76.160004,8.05,1770467903.415933
0.285968,0.193004,0.655628,50.189999,103.25,2.66,1770467903.423991
0.318176,0.215208,0.913292,59.779999,127.050003,-1.05,1770467903.432042
0.316712,0.210572,1.109468,64.400002,150.289993,2.45,1770467903.439947
0.27206,0.192272,1.256112,66.080002,168.630005,9.66,1770467903.447946
0.167872,0.158112,1.402756,66.779999,180.320007,20.09,1770467903.455971
0.029768,0.107848,1.577948,65.169998,185.639999,28.91,1770467903.463993
-0.145912,0.038552,1.82512,61.25,177.169998,35.0,1770467903.47196
-0.341356,-0.037332,2.065948,48.860001,159.389999,45.080002,1770467903.479947
-0.438956,-0.090524,2.075952,35.349998,128.589996,58.240002,1770467903.487948
-0.538996,-0.163236,1.950536,21.07,99.889999,72.449997,1770467903.496
-1.081652,-0.623664,1.901492,-4.48,110.18,63.700001,1770467903.504011
-0.865224,-0.5612,1.6714,-10.99,106.959999,33.110001,1770467903.51195
-0.94184,-0.565592,1.573556,-16.24,105.839996,19.18,1770467903.519954
-1.017968,-0.483608,1.503772,-18.34,99.330002,0.77,1770467903.528029
-1.065548,-0.333304,1.3969,-24.219999,93.449997,-14.63,1770467903.535944
-1.066524,-0.166896,1.23342,-28.77,78.82,-31.92,1770467903.543949
-1.017968,-0.01708,1.030656,-37.310001,55.23,-42.139999,1770467903.551962
-0.965752,0.095404,0.82838,-38.990002,29.959999,-52.990002,1770467903.559955
-0.884744,0.149572,0.702964,-39.41,3.08,-55.790001,1770467903.567958
-0.801052,0.177144,0.622932,-32.34,-21.35,-59.290001,1770467903.576088
-0.709552,0.220576,0.550952,-25.129999,-41.860001,-57.330002,1770467903.583969
-0.614148,0.264984,0.482632,-16.450001,-57.540001,-55.580002,1770467903.591947
-0.511912,0.307928,0.417972,-9.24,-69.440002,-56.91,1770467903.599979
-0.421144,0.351604,0.350872,-7.35,-79.519997,-52.57,1770467903.607964
-0.34648,0.362584,0.30866,-7.63,-88.550003,-54.110001,1770467903.615934
-0.288652,0.37698,0.260836,-11.69,-98.139999,-55.93,1770467903.62397
-0.23546,0.375028,0.232288,-12.53,-105.349998,-60.200001,1770467903.631951
-0.094428,0.412116,0.196664,-3.57,-109.760002,-45.150002,1770467903.639977
0.005124,0.393572,0.198616,5.53,-119.419998,-31.57,1770467903.648112
0.138348,0.368196,0.218624,16.450001,-130.899994,-12.04,1770467903.655944
0.115412,0.331596,0.2623,26.32,-132.160004,2.24,1770467903.663971
0.140544,0.314028,0.329644,33.669998,-124.739998,14.21,1770467903.671958
0.150792,0.321836,0.443348,39.200001,-102.059998,24.43,1770467903.679945
0.152744,0.343552,0.6161,40.18,-66.150002,30.940001,1770467903.688003
0.136884,0.35258,0.794464,36.959999,-17.639999,36.82,1770467903.696053
0.101504,0.307928,0.965264,30.870001,30.1,40.389999,1770467903.703971
-0.000244,0.214964,1.12118,23.66,72.519997,41.02,1770467903.71199
-0.214476,0.095404,1.320772,26.459999,111.089996,32.549999,1770467903.719959
-0.385276,0.03172,1.659444,39.34,139.300003,26.67,1770467903.727951
-0.646356,-0.050264,1.937604,44.310001,145.740005,28.98,1770467903.735962
-0.87718,-0.170068,1.999824,35.419998,127.050003,32.200001,1770467903.743968
-1.087264,-0.363804,1.926868,18.969999,87.43,26.040001,1770467903.751947
-1.150216,-0.511424,1.858548,13.23,31.5,17.15,1770467903.759948
-1.146312,-0.58682,1.774856,4.97,-25.969999,14.77,1770467903.768007
-1.043588,-0.602436,1.681648,-4.2,-80.150002,3.99,1770467903.775933
-0.865956,-0.583892,1.591856,-15.26,-119.279999,-9.03,1770467903.78395
-0.647576,-0.510692,1.497672,-23.450001,-141.820007,-20.02,1770467903.791957
-0.43066,-0.404308,1.420812,-31.43,-152.600006,-27.93,1770467903.799951
-0.238388,-0.264008,1.325652,-37.66,-152.320007,-29.75,1770467903.807982
-0.065392,-0.089792,1.22122,-45.43,-145.740005,-27.370001,1770467903.81594
0.071736,0.087596,1.095072,-49.98,-136.429993,-20.65,1770467903.823975
0.09272,0.16836,0.973316,-52.639999,-119.559998,-18.549999,1770467903.831957
0.135664,0.160552,0.853024,-56.630001,-98.629997,-22.120001,1770467903.840027
0.416264,0.492636,0.669048,-45.919998,-99.959999,7.14,1770467903.848034
0.294752,0.363316,0.64416,-44.66,-89.529999,29.190001,1770467903.855955
0.278892,0.394548,0.547536,-47.040001,-81.970001,33.459999,1770467903.863967
0.263276,0.440176,0.443836,-50.540001,-75.669998,40.389999,1770467903.871995
0.238144,0.458476,0.353068,-53.759998,-67.129997,46.689999,1770467903.879982
0.231068,0.423584,0.308904,-55.790001,-57.68,49.630001,1770467903.887946
0.229604,0.36234,0.294752,-51.450001,-43.75,49.700001,1770467903.895962
0.240828,0.280356,0.293776,-43.889999,-29.26,43.610001,1770467903.904072
0.250588,0.21472,0.260592,-32.689999,-14.14,40.040001,1770467903.911957
0.251808,0.163236,0.207644,-14.7,0.84,35.349998,1770467903.919954
0.246928,0.117364,0.186416,7.07,17.780001,30.870001,1770467903.928012
0.258152,0.076616,0.249856,29.540001,37.66,24.780001,1770467903.935962
0.293288,0.066368,0.393328,53.830002,61.18,14.56,1770467903.943963
0.341112,0.07442,0.629764,70.279999,85.75,14.28,1770467903.951951
0.376736,0.079544,0.894992,80.010002,113.330002,13.65,1770467903.959951
0.379908,0.041968,1.102392,83.089996,139.649994,20.370001,1770467903.96796
0.321836,-0.026108,1.236836,81.059998,164.710007,27.16,1770467903.976264
0.218868,-0.085156,1.40666,81.199997,183.75,36.470001,1770467903.984064
0.07686,-0.120048,1.673108,78.190002,192.919998,45.639999,1770467903.991983
-0.096136,-0.164944,1.972252,69.300003,187.949997,55.580002,1770467903.999958
-0.2745,-0.173972,2.167452,50.330002,168.490005,67.129997,1770467904.008343
-0.40138,-0.23912,2.09108,28.0,139.160004,82.599998,1770467904.016082
-0.691252,-0.598288,1.941996,4.97,135.520004,80.57,1770467904.023975
-0.85888,-0.604144,1.582584,-10.08,134.960007,41.720001,1770467904.031956
-0.920856,-0.64904,1.427644,-7.14,135.380005,28.280001,1770467904.039956
-1.004304,-0.57706,1.369328,-1.89,133.279999,7.42,1770467904.047964
-1.074332,-0.41846,1.360544,1.89,123.970001,-8.33,1770467904.055997
-1.094828,-0.198372,1.32492,-0.07,103.949997,-29.540001,1770467904.064123
-1.0614,-0.004148,1.238056,-8.75,76.650002,-42.98,1770467904.071957
-0.979904,0.13786,1.068964,-16.030001,44.73,-54.32,1770467904.080289
-0.864248,0.2196,0.899872,-25.200001,12.81,-58.799999,1770467904.088052
-0.741272,0.239608,0.773236,-28.42,-15.33,-58.450001,1770467904.095966
-0.638304,0.248636,0.68198,-31.85,-36.68,-61.880001,1770467904.103954
-0.534848,0.245952,0.61854,-32.900002,-52.220001,-56.91,1770467904.111971
-0.44286,0.25498,0.554124,-33.32,-63.0,-57.470001,1770467904.119948
-0.367952,0.293044,0.487512,-32.549999,-66.989998,-53.970001,1770467904.127976
-0.293532,0.332572,0.434564,-29.540001,-72.309998,-54.25,1770467904.136034
-0.232776,0.370392,0.40992,-31.08,-75.18,-52.009998,1770467904.143947
-0.198128,0.327692,0.417972,-32.41,-75.669998,-51.169998,1770467904.151938
-0.184708,0.327692,0.407724,-32.34,-69.790001,-56.77,1770467904.159938
-0.06954,0.37088,0.377712,-22.26,-59.009998,-34.02,1770467904.167938
-0.018544,0.42212,0.34892,-11.13,-53.34,-9.45,1770467904.175943
-0.020496,0.403576,0.3599,2.1,-49.630001,2.24,1770467904.184015
-0.000976,0.397232,0.373076,11.2,-46.48,12.88,1770467904.19194
-0.004392,0.378688,0.39406,20.65,-42.560001,24.780001,1770467904.199938
-0.025864,0.339892,0.419436,26.530001,-28.98,36.119999,1770467904.207949
-0.075396,0.3172,0.484096,33.459999,-6.37,48.369999,1770467904.216017
-0.136152,0.305732,0.61244,41.439999,24.219999,53.060001,1770467904.224084
-0.210572,0.293532,0.781288,43.400002,61.110001,58.869999,1770467904.23194
-0.317932,0.24278,0.97966,43.610001,95.199997,57.470001,1770467904.239943
-0.460428,0.136396,1.167052,43.959999,120.120003,55.299999,1770467904.247944
-0.655628,0.117364,1.340536,53.759998,128.729996,59.57,1770467904.256003
-1.01016,-0.024156,1.529392,54.880001,130.970001,57.470001,1770467904.263987
-1.262944,-0.172508,1.591612,41.02,108.080002,31.85,1770467904.271987
-1.412516,-0.321348,1.616988,37.52,64.400002,28.49,1770467904.279936
-1.502552,-0.459208,1.591368,30.1,8.19,21.77,1770467904.28793
-1.478396,-0.580964,1.533052,22.889999,-52.080002,16.379999,1770467904.295952
-1.346636,-0.668316,1.483764,16.52,-99.889999,2.87,1770467904.303991
-1.13948,-0.704428,1.450336,12.25,-133.770004,-7.98,1770467904.312072
-0.901336,-0.678808,1.432036,7.42,-157.289993,-24.639999,1770467904.320058
-0.63562,-0.55144,1.412516,5.18,-170.169998,-39.200001,1770467904.327947
-0.379908,-0.334768,1.383236,4.06,-173.179993,-48.369999,1770467904.335997
-0.158844,-0.098332,1.358104,1.33,-171.289993,-48.09,1770467904.344009
0.018544,0.106628,1.291736,-7.14,-161.630005,-40.529999,1770467904.351974
0.083692,0.203496,1.199504,-19.879999,-141.330002,-35.07,1770467904.359948
0.126148,0.172508,1.036268,-36.68,-114.660004,-33.950001,1770467904.367948
0.574132,0.59658,0.754692,-28.139999,-108.989998,-9.31,1770467904.376013
0.285724,0.481412,0.761036,-32.34,-93.309998,6.86,1770467904.384032
0.266936,0.473116,0.679052,-41.860001,-78.889999,16.940001,1770467904.391979
0.241072,0.462624,0.591212,-52.990002,-66.220001,15.33,1770467904.399951
0.222772,0.446032,0.526064,-60.970001,-49.630001,21.07,1770467904.407961
0.217404,0.407236,0.50142,-61.669998,-31.99,21.0,1770467904.41606
0.211548,0.370636,0.501664,-56.98,-12.81,23.450001,1770467904.423999
0.20252,0.335988,0.5185,-50.889999,3.01,24.780001,1770467904.431958
0.198616,0.323056,0.533628,-36.889999,14.21,20.16,1770467904.439951
0.190808,0.308172,0.547292,-24.57,25.34,17.85,1770467904.447941
0.176656,0.294264,0.54168,-10.64,28.91,13.37,1770467904.456003
0.156404,0.266692,0.504836,1.68,33.32,12.11,1770467904.463966
0.139324,0.208864,0.46482,12.67,33.669998,7.14,1770467904.471945
0.140056,0.150304,0.45628,24.85,38.080002,5.04,1770467904.47995
0.153232,0.10736,0.50264,39.900002,45.080002,2.38,1770467904.487949
0.172752,0.085888,0.6283,51.310001,54.529999,2.1,1770467904.495967
0.197152,0.080032,0.802272,60.759998,69.650002,-0.35,1770467904.503965
0.204228,0.065148,0.946232,63.560001,82.18,4.13,1770467904.511969
0.193248,0.013908,1.037244,64.470001,94.779999,9.66,1770467904.51995
0.146888,-0.043432,1.138016,65.169998,106.889999,14.49,1770467904.527954
0.061732,-0.083692,1.281244,60.759998,118.300003,26.74,1770467904.536025
-0.03904,-0.124928,1.452288,54.529999,129.080002,36.119999,1770467904.544001
-0.171288,-0.211792,1.597468,43.189999,137.830002,47.950001,1770467904.551943
-0.24156,-0.200812,1.649196,40.110001,136.990005,58.52,1770467904.559948
-0.427976,-0.319152,1.669448,35.209999,137.339996,79.169998,1770467904.56795
-0.745176,-0.621712,1.616256,12.46,160.300003,56.209999,1770467904.575996
-0.854732,-0.743224,1.49084,0.91,170.660004,30.379999,1770467904.584082
-0.955992,-0.699548,1.3786,-0.42,172.830002,13.02,1770467904.591955
-1.033828,-0.535336,1.288564,-1.75,161.350006,3.92,1770467904.599956
-1.087264,-0.316712,1.208776,-6.58,138.669998,-9.24,1770467904.608067
-1.119228,-0.083448,1.145336,-9.24,105.209999,-16.17,1770467904.615987
-1.110688,0.07564,1.100928,-15.47,70.209999,-24.92,1770467904.623967
-1.0553,0.178364,1.066768,-16.66,36.189999,-30.870001,1770467904.631958
-0.958432,0.241316,1.019432,-17.08,5.53,-36.470001,1770467904.63995
-0.840092,0.279868,0.96136,-13.86,-19.459999,-43.259998,1770467904.64795
-0.714432,0.31476,0.892552,-13.58,-39.689999,-47.389999,1770467904.656065
-0.597556,0.341112,0.82228,-12.25,-52.990002,-52.43,1770467904.663985
-0.493124,0.366976,0.744688,-13.09,-60.759998,-54.810001,1770467904.671951
-0.400892,0.384056,0.684664,-16.24,-66.220001,-54.32,1770467904.679952
-0.32086,0.354776,0.640744,-20.93,-69.650002,-54.25,1770467904.687984
-0.301828,0.403088,0.584136,-23.870001,-64.470001,-58.169998,1770467904.696118
-0.266936,0.38186,0.576084,-26.67,-56.77,-61.389999,1770467904.703965
-0.16714,0.484828,0.549976,-22.120001,-44.939999,-40.459999,1770467904.711955
-0.20618,0.50264,0.563396,-21.91,-27.65,-29.959999,1770467904.719951
-0.23302,0.535092,0.57096,-23.66,-10.57,-25.200001,1770467904.727954
-0.256932,0.551928,0.589992,-22.68,6.51,-19.879999,1770467904.736058
-0.292312,0.550952,0.591212,-22.82,22.4,-17.43,1770467904.743992
-0.35746,0.533384,0.574864,-21.629999,37.66,-9.45,1770467904.751949
-0.438468,0.49654,0.56242,-17.99,49.98,-2.45,1770467904.75995
-0.514352,0.444812,0.551928,-17.01,59.639999,7.49,1770467904.767949
-0.5917,0.374784,0.541436,-12.81,64.68,13.93,1770467904.775952
-0.67588,0.294264,0.521672,-6.58,62.860001,24.43,1770467904.784004
-0.754936,0.203984,0.506056,1.47,51.169998,32.130001,1770467904.791969
-0.810812,0.115168,0.50264,12.74,33.32,41.16,1770467904.799955
-0.888404,0.024644,0.543144,28.559999,10.08,54.040001,1770467904.808009
-0.965752,-0.088328,0.635376,38.990002,-11.76,57.82,1770467904.815953
-1.014552,-0.170068,0.75396,45.990002,-34.439999,45.57,1770467904.823969
-1.02968,-0.223504,0.886696,50.400002,-55.790001,39.48,1770467904.831956
-1.042856,-0.302316,1.001864,55.299999,-74.550003,34.299999,1770467904.840016
-1.033828,-0.354044,1.045052,57.540001,-92.889999,22.610001,1770467904.847959
-0.969412,-0.36478,1.05286,61.32,-110.110001,15.82,1770467904.855956
-0.85522,-0.343308,1.084336,64.190002,-130.199997,7.14,1770467904.863959
-0.71126,-0.300364,1.17608,64.120003,-147.979996,-3.92,1770467904.871953
-0.55632,-0.226432,1.293444,59.5,-162.75,-9.66,1770467904.87995
-0.391864,-0.136884,1.387384,49.98,-169.889999,-18.9,1770467904.888044
-0.233996,-0.04026,1.447164,38.43,-169.960007,-20.299999,1770467904.895952
-0.094428,0.05368,1.432768,25.76,-160.509995,-26.389999,1770467904.903961
0.036112,0.162748,1.39202,15.68,-146.089996,-29.540001,1770467904.911973
0.133468,0.277672,1.327604,13.23,-128.800003,-36.400002,1770467904.919976
0.140544,0.309392,1.262944,5.67,-101.290001,-45.849998,1770467904.927953
0.132492,0.319884,1.15046,-5.53,-71.540001,-59.290001,1770467904.936027
0.527528,0.580476,0.957212,-7.7,-55.509998,-41.299999,1770467904.943958
0.225212,0.48434,0.990152,-15.75,-26.18,-23.17,1770467904.951946
0.170556,0.418948,0.924516,-28.0,3.43,-20.02,1770467904.959949
0.12932,0.352336,0.872056,-36.330002,29.4,-16.52,1770467904.967969
0.079544,0.30012,0.865468,-40.32,50.82,-15.96,1770467904.976071
0.026596,0.297436,0.872056,-39.34,65.449997,-10.99,1770467904.984617
-0.042944,0.2928,0.88694,-37.240002,71.889999,-9.24,1770467904.991976
-0.105896,0.286944,0.903532,-35.560001,72.099998,-2.94,1770467904.999951
-0.173484,0.271816,0.913048,-32.060001,63.209999,0.77,1770467905.007957
-0.217892,0.242292,0.910852,-31.219999,49.0,0.21,1770467905.015973
-0.25132,0.213988,0.909388,-28.559999,32.970001,2.59,1770467905.023966
-0.260348,0.175192,0.892552,-26.67,17.290001,2.66,1770467905.031945
-0.251076,0.142496,0.895968,-21.42,-0.77,4.13,1770467905.039949
-0.223748,0.122244,0.919148,-18.969999,-16.1,3.5,1770467905.04795
-0.180072,0.105652,0.958432,-19.459999,-25.969999,4.69,1770467905.055994
-0.129808,0.075396,0.985272,-21.98,-31.219999,5.95,1770467905.063999
-0.080032,0.028548,0.983808,-24.57,-34.02,6.23,1770467905.071941
-0.035624,-0.026596,0.9638,-23.450001,-35.0,10.01,1770467905.07994
0.004636,-0.082472,0.922564,-21.91,-32.48,13.79,1770467905.087991
0.04392,-0.130052,0.865468,-16.309999,-28.91,17.709999,1770467905.096024
0.074908,-0.181536,0.809348,-13.65,-22.889999,21.280001,1770467905.103954
0.096868,-0.224724,0.758596,-9.66,-14.21,26.809999,1770467905.111968
0.111508,-0.26474,0.706868,-3.57,-3.99,30.030001,1770467905.120076
0.1098,-0.284748,0.699548,5.25,11.55,37.029999,1770467905.127969
0.099796,-0.27206,0.742248,15.75,31.08,45.43,1770467905.135935
0.075152,-0.22814,0.821792,22.75,52.849998,53.34,1770467905.143958
0.024888,-0.152012,0.886208,30.450001,73.43,55.509998,1770467905.151944
-0.062464,-0.060512,0.955992,33.32,88.760002,63.98,1770467905.159941
-0.1647,0.033672,1.048712,28.98,98.419998,61.25,1770467905.167939
-0.2745,0.10492,1.150216,17.219999,109.480003,61.110001,1770467905.175943
-0.41114,0.191784,1.20902,3.57,119.209999,56.419998,1770467905.183982
-0.533384,0.2501,1.210484,-11.34,127.959999,49.0,1770467905.192093
-0.694668,0.295484,1.183644,-22.540001,138.179993,37.450001,1770467905.199932
-0.813496,0.324764,1.134112,-31.99,144.970001,21.98,1770467905.207941
-0.875716,0.322812,1.077748,-42.0,137.759995,8.54,1770467905.215967
-0.909876,0.31232,1.020896,-48.369999,117.739998,-0.14,1770467905.224068
-0.91744,0.273524,0.995276,-50.75,85.190002,-4.97,1770467905.231963
-0.917196,0.24766,1.010648,-48.650002,45.639999,-3.29,1770467905.239949
-0.90402,0.234972,1.042124,-47.950001,10.5,0.63,1770467905.247942
-0.876936,0.247416,1.0675,-43.68,-20.23,5.25,1770467905.255942
-0.826184,0.278648,1.070916,-40.040001,-43.119999,2.8,1770467905.26399
-0.745664,0.313052,1.019432,-38.779999,-59.220001,2.38,1770467905.272063
-0.66124,0.34648,0.942572,-36.119999,-69.230003,0.21,1770467905.279973
-0.581208,0.364536,0.86498,-36.470001,-70.349998,-4.41,1770467905.287926
-0.500688,0.367952,0.798124,-34.439999,-67.550003,-5.88,1770467905.29594
-0.41846,0.350872,0.762744,-33.25,-61.459999,-5.53,1770467905.303946
-0.365024,0.326228,0.744444,-26.879999,-47.810001,-0.14,1770467905.312004
-0.348432,0.298656,0.743224,-20.440001,-31.639999,7.42,1770467905.320037
-0.363804,0.289628,0.756644,-14.42,-11.06,11.62,1770467905.327951
-0.399916,0.287432,0.78202,-11.76,9.87,11.97,1770467905.335959
-0.457012,0.285236,0.785192,-13.37,25.969999,10.43,1770467905.344014
-0.528992,0.26596,0.77714,-17.360001,37.66,9.17,1770467905.351978
-0.603168,0.2379,0.763964,-21.209999,44.310001,6.79,1770467905.359947
-0.673196,0.1891,0.732244,-24.780001,46.759998,5.18,1770467905.36795
-0.726876,0.142252,0.682224,-25.9,40.18,3.92,1770467905.376025
-0.733952,0.0976,0.651724,-23.24,25.200001,10.5,1770467905.38401
-0.754204,0.088084,0.631472,-16.52,7.63,15.68,1770467905.391963
-0.81496,-0.059536,0.646844,-14.21,-5.81,19.389999,1770467905.39995
-0.822036,-0.190808,0.615124,-8.75,-24.99,-3.29,1770467905.407949
-0.785924,-0.27694,0.57096,4.76,-43.959999,-5.18,1770467905.416126
-0.72224,-0.321592,0.56364,19.389999,-63.98,-11.48,1770467905.424029
-0.64904,-0.294508,0.603656,30.450001,-83.230003,-14.63,1770467905.431957
-0.564616,-0.19398,0.661728,38.080002,-100.379997,-16.1,1770467905.439958
-0.494832,-0.093696,0.715896,41.580002,-113.330002,-14.98,1770467905.448014
-0.41358,-0.059536,0.770064,44.099998,-121.589996,-12.11,1770467905.456007
-0.3416,-0.060024,0.858148,44.310001,-121.099998,-12.25,1770467905.463965
-0.282552,-0.019032,0.98454,39.200001,-115.010002,-14.14,1770467905.471953
-0.221308,0.047824,1.112884,26.25,-106.330002,-20.860001,1770467905.479944
-0.147376,0.126636,1.198528,2.66,-96.669998,-24.85,1770467905.487948
-0.064904,0.16348,1.209508,-17.08,-86.309998,-23.940001,1770467905.496023
0.010492,0.169336,1.199748,-35.84,-75.669998,-17.43,1770467905.503962
0.056364,0.085644,1.225856,-50.189999,-60.759998,-10.78,1770467905.511964
0.091988,-0.012688,1.231468,-53.200001,-41.790001,-4.62,1770467905.51995
0.20496,-0.101992,1.20902,-45.43,-26.25,9.31,1770467905.527986
0.141764,-0.108092,1.164612,-35.77,-12.53,21.0,1770467905.536091
0.086132,-0.099796,1.134844,-23.52,4.13,21.77,1770467905.543979
0.016836,-0.076128,1.121912,-14.91,22.120001,18.620001,1770467905.551956
-0.050752,-0.04758,1.128012,-9.31,34.650002,10.01,1770467905.559952
-0.08784,-0.02562,1.148508,-7.35,43.400002,8.54,1770467905.567949
-0.136396,-0.011468,1.188036,-3.36,46.200001,9.94,1770467905.575961
-0.185196,-0.011224,1.219268,-0.7,42.349998,13.58,1770467905.584137
-0.223748,-0.023424,1.250012,2.87,34.650002,11.41,1770467905.591945
-0.263764,-0.059536,1.268556,7.7,23.73,12.46,1770467905.599952
-0.276696,-0.02928,1.247572,6.09,6.3,8.26,1770467905.607947
-0.265472,-0.064172,1.231712,3.08,-10.78,3.71,1770467905.615967
-0.234972,-0.102724,1.197064,-1.75,-25.27,1.12,1770467905.624017
-0.187392,-0.133712,1.145336,-3.57,-36.470001,-3.08,1770467905.631961
-0.146644,-0.151768,1.090192,-2.94,-43.540001,-5.39,1770467905.640095
-0.096136,-0.1464,1.042856,-4.97,-50.259998,-7.28,1770467905.647948
-0.055144,-0.127612,1.014796,-6.79,-52.779999,-5.88,1770467905.655945
-0.012932,-0.116632,1.003572,-8.19,-53.130001,-9.31,1770467905.663959
0.022204,-0.112972,0.996008,-9.1,-48.439999,-11.13,1770467905.671949
0.065636,-0.069784,0.964044,-7.56,-39.759998,-7.07,1770467905.679996
0.075396,-0.051972,0.92476,-3.99,-25.690001,-3.43,1770467905.687974
0.095892,-0.01342,0.872544,1.19,-12.25,6.37,1770467905.69603
0.097356,-0.003172,0.82228,5.53,-1.33,17.57,1770467905.703954
0.082228,0.03538,0.727364,3.99,9.59,26.67,1770467905.71216
0.081984,0.066368,0.65758,6.3,13.79,35.349998,1770467905.720091
0.090036,0.067832,0.640744,7.63,13.44,41.09,1770467905.727948
0.107848,0.038796,0.681492,11.55,16.59,47.810001,1770467905.735937
0.108092,-0.006588,0.736392,18.200001,26.879999,59.709999,1770467905.743977
0.08662,-0.019032,0.78934,20.860001,42.630001,67.900002,1770467905.751952
0.05368,0.006832,0.858636,21.139999,61.880001,73.290001,1770467905.759948
-0.018544,0.073932,0.941596,14.0,84.629997,72.519997,1770467905.768009
-0.089548,0.116876,1.018456,0.0,104.510002,71.050003,1770467905.775937
-0.257176,0.223016,1.037976,-12.53,122.639999,58.869999,1770467905.783942
-0.32452,0.19764,1.068476,-28.98,134.399994,46.41,1770467905.791954
-0.422364,0.148108,1.098244,-35.0,140.490005,39.48,1770467905.799948
-0.527528,0.093208,1.100928,-35.77,142.520004,32.41,1770467905.807973
-0.646112,0.026108,1.078236,-31.219999,140.139999,28.139999,1770467905.815955
-0.73932,-0.014152,1.020408,-29.33,126.489998,26.25,1770467905.823998
-0.796172,-0.024888,0.965508,-25.76,107.169998,24.360001,1770467905.831949
-0.843264,-0.072712,0.900848,-27.51,84.209999,16.030001,1770467905.840047
-0.849364,-0.0915,0.857904,-23.799999,59.779999,15.61,1770467905.847992
-0.85156,-0.09516,0.845704,-18.76,37.169998,19.530001,1770467905.85595
-0.842044,-0.07686,0.869616,-13.23,20.51,17.290001,1770467905.863965
-0.811788,-0.061488,0.904264,-9.87,7.56,18.969999,1770467905.871964
-0.76982,-0.06222,0.933788,-2.8,-0.28,17.01,1770467905.880049
-0.721996,-0.05856,0.968924,-0.56,-1.26,17.360001,1770467905.887956
-0.70272,-0.044164,0.9638,0.21,1.89,22.75,1770467905.895948
-0.705892,-0.053924,0.940864,-0.35,9.94,29.190001,1770467905.903961
-0.731268,-0.071736,0.909632,-3.22,17.780001,33.459999,1770467905.911954
-0.763964,-0.098332,0.8906,-5.11,25.76,37.66,1770467905.919996
-0.804712,-0.123708,0.873032,-5.32,30.17,38.849998,1770467905.927951
-0.849608,-0.139568,0.857416,-4.13,30.24,40.389999,1770467905.935986
-0.895968,-0.14884,0.8418,-3.08,27.65,39.27,1770467905.943974
-0.934764,-0.138836,0.826916,-3.01,18.620001,37.240002,1770467905.951957
-0.968924,-0.123464,0.823988,-3.43,7.35,29.049999,1770467905.95995
-0.988932,-0.085156,0.829112,-6.44,-7.98,25.48,1770467905.967937
-0.989908,-0.050508,0.85156,-6.23,-23.59,14.91,1770467905.976115
-0.963312,-0.026596,0.874252,-11.55,-39.900002,8.61,1770467905.984784
-0.914756,-0.02196,0.889624,-12.18,-57.75,0.42,1770467905.99209
-0.84668,-0.02684,0.901092,-13.44,-74.690002,-7.07,1770467905.999959
-0.760792,-0.026352,0.877912,-12.81,-91.769997,-14.28,1770467906.007931
-0.67588,-0.020984,0.819596,-10.57,-104.580002,-22.26,1770467906.015985
-0.58194,-0.007076,0.734684,-5.67,-116.059998,-27.65,1770467906.024107
-0.502884,0.025864,0.660264,-1.47,-123.900002,-33.18,1770467906.031933
-0.431636,0.073444,0.60878,0.42,-126.07,-37.59,1770467906.039957
-0.36356,0.140056,0.603412,1.68,-126.139999,-39.549999,1770467906.047963
-0.302804,0.188612,0.633668,-0.7,-120.959999,-41.439999,1770467906.056008
-0.253028,0.212036,0.659776,-3.43,-114.309998,-40.32,1770467906.063994
-0.198616,0.213256,0.696132,-5.32,-102.620003,-41.23,1770467906.07197
-0.150792,0.210084,0.741272,-4.13,-91.980003,-39.549999,1770467906.07995
-0.111508,0.217892,0.798856,-7.14,-80.779999,-40.32,1770467906.087958
-0.0732,0.233752,0.862052,-8.54,-71.889999,-37.029999,1770467906.095943
-0.048556,0.230092,0.923052,-15.26,-65.029999,-35.630001,1770467906.103952
-0.03416,0.206912,0.952332,-24.360001,-58.73,-40.740002,1770467906.11194
0.01342,0.216916,0.953552,-23.450001,-47.880001,-26.6,1770467906.119962
0.074908,0.210084,0.990884,-25.48,-45.990002,-11.27,1770467906.127994
0.087596,0.142008,1.059448,-23.66,-40.950001,6.51,1770467906.135948
0.084912,0.052216,1.11996,-22.33,-32.689999,18.969999,1770467906.143965
0.089792,-0.04514,1.158024,-20.23,-23.1,21.84,1770467906.151947
0.090524,-0.1342,1.167784,-15.54,-10.92,30.309999,1770467906.160034
0.087108,-0.223016,1.16632,-11.2,-1.68,32.619999,1770467906.167953
0.062952,-0.266692,1.148996,-5.25,8.33,42.209999,1770467906.175941
0.03172,-0.289872,1.141676,-2.38,14.07,52.290001,1770467906.183953
0.004636,-0.288408,1.147044,-0.56,15.89,60.34,1770467906.191943
-0.13786,-0.442372,1.191452,-7.77,19.67,31.709999,1770467906.199939
-0.160308,-0.454572,1.175104,-4.13,26.32,39.48,1770467906.20796
-0.188124,-0.460428,1.1834,-1.75,26.110001,29.4,1770467906.216059
-0.220088,-0.465308,1.194136,-2.66,21.35,23.66,1770467906.223957
-0.23912,-0.476532,1.189256,-2.03,14.42,23.59,1770467906.231942
-0.247416,-0.472628,1.164856,-2.52,4.97,15.96,1770467906.239936
-0.236924,-0.457744,1.126548,-3.43,-3.92,15.54,1770467906.247933
-0.207888,-0.447496,1.077748,-4.83,-11.83,8.05,1770467906.255942
-0.17568,-0.449204,1.042612,-4.13,-15.33,5.39,1770467906.264017
-0.130784,-0.445056,1.0187,-3.43,-17.85,-0.98,1770467906.271942
-0.081984,-0.42578,0.994788,-1.33,-17.57,-4.83,1770467906.279933
-0.033916,-0.401624,0.977952,-2.31,-16.24,-10.36,1770467906.287959
0.01464,-0.372832,0.971852,-1.82,-13.37,-14.49,1770467906.296002
0.053436,-0.343552,0.98454,-2.45,-6.65,-17.219999,1770467906.304036
0.09272,-0.318908,0.992592,-2.31,-2.31,-17.639999,1770467906.311953
0.131028,-0.288408,1.008452,-1.68,3.43,-16.309999,1770467906.319986
0.16348,-0.254736,1.023092,-0.21,8.33,-13.3,1770467906.327952
0.18544,-0.204716,1.036756,3.85,14.21,-10.15,1770467906.336012
0.197396,-0.15982,1.016748,7.63,20.790001,-6.09,1770467906.343962
0.198372,-0.088816,0.976488,10.92,28.07,0.0,1770467906.35195
0.188124,-0.01586,0.940864,12.25,38.150002,8.75,1770467906.359951
0.17324,0.041968,0.919392,14.84,48.09,18.27,1770467906.368053
0.133956,0.094428,0.898408,14.42,58.310001,30.870001,1770467906.375977
0.067832,0.112484,0.881084,14.91,69.300003,35.419998,1770467906.383967
0.007564,0.132736,0.858392,14.98,78.330002,39.689999,1770467906.391978
-0.04514,0.171776,0.867908,16.450001,86.309998,35.98,1770467906.400097
-0.0976,0.194468,0.901824,14.63,95.059998,36.259998,1770467906.407951
-0.165676,0.221308,0.96014,15.33,100.660004,35.91,1770467906.416025
-0.1769,0.288164,0.991372,12.67,103.389999,46.130001,1770467906.423977
-0.260104,0.285724,1.019432,5.53,101.709999,47.32,1770467906.431954
-0.32208,0.243024,1.03212,0.21,98.839996,43.540001,1770467906.43995
-0.379176,0.195688,1.045784,-4.48,92.540001,44.799999,1770467906.447962
-0.43188,0.159088,1.053104,-6.93,85.050003,41.509998,1770467906.455958
-0.473848,0.13542,1.047492,-9.45,78.260002,39.27,1770467906.464051
-0.510448,0.115168,1.036024,-12.67,67.269997,39.27,1770467906.471949
-0.549732,0.096136,1.016748,-17.57,58.66,35.77,1770467906.479958
-0.589016,0.046604,0.998448,-21.0,51.099998,32.830002,1770467906.487956
-0.600728,-0.00976,0.975024,-20.790001,43.540001,28.139999,1770467906.496018
-0.598288,-0.053192,0.96868,-14.49,35.84,27.16,1770467906.50403
-0.59536,-0.079788,0.9638,-10.64,29.33,26.6,1770467906.511985
-0.63318,-0.15372,0.966484,-8.33,23.450001,25.9,1770467906.519988
-0.595604,-0.124196,0.918904,-3.22,17.219999,22.889999,1770467906.527942
-0.577304,-0.10736,0.89548,-2.1,12.46,21.98,1770467906.535929
-0.55998,-0.099796,0.881084,-1.12,7.63,21.209999,1770467906.544042
-0.5429,-0.094184,0.869372,-3.57,4.9,20.860001,1770467906.55195
-0.522892,-0.095648,0.871568,-4.9,4.83,18.41,1770467906.559952
-0.5063,-0.10736,0.879864,-4.83,6.23,20.93,1770467906.56795
-0.49166,-0.120048,0.886208,-4.97,6.3,18.83,1770467906.575988
-0.478728,-0.136152,0.891576,-4.76,7.63,21.42,1770467906.584001
-0.466772,-0.143472,0.896944,-2.66,7.63,23.309999,1770467906.591953
-0.457012,-0.14396,0.891576,-0.56,10.43,23.24,1770467906.60003
-0.454084,-0.142252,0.883036,-0.77,10.5,24.5,1770467906.607957
-0.461892,-0.14274,0.873032,-0.49,12.46,25.549999,1770467906.615964
-0.47336,-0.135176,0.868884,0.35,15.54,24.43,1770467906.62397
-0.486292,-0.134932,0.87596,-0.42,18.549999,23.450001,1770467906.631953
-0.514352,-0.126148,0.88084,0.91,20.719999,23.940001,1770467906.639995
-0.541192,-0.115168,0.887672,0.7,22.190001,21.559999,1770467906.647969
-0.565348,-0.10736,0.885232,-1.68,23.59,17.639999,1770467906.655961
-0.591944,-0.095892,0.881328,-1.75,21.35,15.54,1770467906.664006
-0.614148,-0.082716,0.875228,-1.96,20.16,12.53,1770467906.672382
-0.624396,-0.07076,0.870836,-1.47,18.200001,8.61,1770467906.680013
-0.625616,-0.053924,0.863028,0.42,14.21,7.14,1770467906.687997
-0.619272,-0.036844,0.860832,-2.24,9.52,4.69,1770467906.696125
-0.608536,-0.02074,0.864492,0.7,5.46,0.63,1770467906.703965
-0.594384,-0.00122,0.871324,0.63,0.35,0.98,1770467906.712013
-0.573156,0.02562,0.88572,1.54,-3.5,-2.38,1770467906.719977
-0.555832,0.055144,0.903288,-0.91,-4.13,-3.85,1770467906.727948
-0.536068,0.0793,0.916708,-3.57,-4.2,-4.55,1770467906.735955
-0.522892,0.098332,0.934764,-5.81,-5.11,-9.24,1770467906.744111
-0.511668,0.108092,0.932568,-8.54,-3.08,-9.1,1770467906.751936
-0.508984,0.110776,0.9272,-8.19,-3.78,-11.76,1770467906.759953
-0.507276,0.108336,0.927444,-8.19,-3.99,-12.81,1770467906.767951
-0.510448,0.110776,0.926712,-7.7,-3.01,-16.1,1770467906.775949
-0.51972,0.111508,0.916464,-7.0,-1.68,-17.290001,1770467906.784086
-0.532652,0.102724,0.909632,-7.63,-1.12,-19.879999,1770467906.791948
-0.545828,0.097356,0.908168,-8.12,-1.47,-21.209999,1770467906.799953
-0.554124,0.084912,0.905484,-9.1,-5.04,-24.5,1770467906.80794
-0.559736,0.064416,0.890844,-8.75,-9.66,-27.370001,1770467906.816146
-0.549976,0.043676,0.859368,-3.57,-15.12,-25.34,1770467906.823968
-0.539972,0.025864,0.80154,-0.42,-20.370001,-29.4,1770467906.832038
-0.527772,0.005612,0.743224,4.83,-25.76,-30.66,1770467906.839953
-0.511668,-0.002684,0.717604,10.92,-28.07,-30.309999,1770467906.847955
-0.494344,0.007076,0.751764,15.4,-25.76,-33.110001,1770467906.855957
-0.475068,0.03172,0.836676,16.870001,-24.57,-29.889999,1770467906.864034
-0.460184,0.049776,0.90768,12.53,-22.68,-35.0,1770467906.872072
-0.457744,0.077836,0.927688,8.4,-19.110001,-33.810001,1770467906.879978
-0.457256,0.10004,0.928908,3.43,-18.200001,-38.5,1770467906.887959
-0.453352,0.112728,0.925736,-1.54,-20.02,-37.169998,1770467906.895974
-0.443348,0.112728,0.92476,-6.37,-21.700001,-40.110001,1770467906.903966
-0.4331,0.097356,0.919148,-10.78,-26.459999,-42.0,1770467906.912043
-0.41846,0.077104,0.91378,-16.450001,-31.57,-39.41,1770467906.91998
-0.410164,0.066368,0.904752,-18.9,-33.110001,-37.52,1770467906.927992
-0.398452,0.050996,0.89914,-20.65,-31.43,-32.900002,1770467906.936039
-0.381616,0.027084,0.900604,-22.33,-27.58,-30.24,1770467906.94399
-0.36966,0.00122,0.910364,-22.26,-22.120001,-25.34,1770467906.951959
-0.384544,-0.017568,0.924028,-21.559999,-13.93,-17.639999,1770467906.959955
-0.403332,-0.04148,0.920368,-16.24,-5.04,-13.58,1770467906.968003
-0.4331,-0.056852,0.919392,-13.65,1.4,-10.57,1770467906.97632
-0.47092,-0.068076,0.91744,-11.2,3.43,-9.1,1770467906.984653
-0.519476,-0.08662,0.902556,-9.73,2.31,-8.19,1770467906.991978
-0.55266,-0.106628,0.897432,-8.33,-5.25,-6.65,1770467907.000034
-0.55144,-0.143228,0.888404,-3.01,-14.21,-9.03,1770467907.007987
-0.518256,-0.224724,0.836676,1.89,-18.34,-10.71,1770467907.015951
-0.501908,-0.298412,0.856928,8.19,-19.110001,-22.68,1770467907.023978
-0.488976,-0.252784,0.940376,10.85,-21.0,-33.040001,1770467907.032064
-0.432124,-0.059536,0.985516,15.33,-30.1,-22.120001,1770467907.039945
-0.449936,0.009272,1.069696,10.92,-36.049999,-24.360001,1770467907.04795
-0.406016,0.048312,1.078968,6.79,-40.669998,-23.379999,1770467907.055972
-0.33672,0.053436,1.049688,3.64,-42.560001,-28.42,1770467907.064117
-0.282308,0.055144,1.021628,2.1,-40.110001,-25.83,1770467907.071966
-0.248148,0.040504,0.992592,2.38,-34.09,-22.889999,1770467907.079938
-0.23302,0.037332,0.962336,0.14,-28.77,-20.23,1770467907.087954
-0.231312,0.016836,0.939644,0.91,-22.120001,-16.309999,1770467907.095963
-0.257664,0.017812,0.919636,0.63,-13.79,-10.57,1770467907.103987
-0.285236,0.025376,0.902312,3.43,-7.0,-4.06,1770467907.111944
-0.325984,0.023424,0.910852,5.46,0.35,-2.17,1770467907.119953
-0.335012,0.048312,0.921588,8.33,4.9,5.11,1770467907.12792
-0.348432,0.042456,0.9516,7.98,11.2,10.64,1770467907.135954
-0.392352,-0.016348,0.976732,8.75,13.79,0.35,1770467907.144039
-0.387228,-0.010492,0.967216,10.64,11.55,2.66,1770467907.151946
-0.38064,-0.009516,0.956236,10.99,7.84,0.0,1770467907.159945
-0.381128,-0.012688,0.95648,10.78,5.46,-0.49,1770467907.167942
-0.387228,-0.016348,0.950868,9.87,4.2,-1.82,1770467907.175946
-0.399916,-0.036112,0.95526,10.64,0.56,-1.4,1770467907.184009
-0.40138,-0.058072,0.980636,11.48,-2.03,-2.94,1770467907.191966
-0.411384,-0.073444,1.000156,11.55,-5.11,-3.43,1770467907.199945
-0.392108,-0.065148,1.011868,11.34,-12.46,-8.89,1770467907.207959
-0.33306,-0.058316,1.046272,13.58,-3.78,0.14,1770467907.215945
-0.279624,-0.044652,1.022604,10.78,2.24,-10.78,1770467907.223963
-0.294264,-0.026596,0.99674,7.91,4.76,-2.38,1770467907.231946
-0.346968,-0.015128,0.987712,5.67,4.34,-4.83,1770467907.239938
-0.382104,-0.0244,0.979416,2.52,2.87,-0.77,1770467907.248043
-0.382836,-0.047092,0.964288,1.47,1.33,-1.26,1770467907.255958
-0.376004,-0.049532,0.95526,1.47,0.42,-3.71,1770467907.263939
-0.36844,-0.038552,0.96136,1.54,-1.61,-3.71,1770467907.271945
-0.37942,-0.049044,0.95892,1.54,-2.59,-3.85,1770467907.279932
-0.379908,-0.039528,0.959408,2.1,-4.34,-5.11,1770467907.287929
-0.361608,-0.027328,0.965996,2.66,-5.25,-7.56,1770467907.295949
-0.324032,-0.01098,0.973316,3.43,-5.53,-7.28,1770467907.304038
-0.31232,-0.002196,0.975512,2.38,-5.88,-10.15,1770467907.312056
-0.32452,-0.0122,0.971608,1.89,-6.44,-10.01,1770467907.320307
-0.341844,-0.006588,0.961116,0.14,-8.33,-8.68,1770467907.327942
-0.334036,-0.007808,0.950868,2.8,-8.47,-9.1,1770467907.33604
-0.324764,-0.020008,0.954284,1.89,-7.98,-11.48,1770467907.344076
-0.318908,-0.020496,0.956724,3.78,-8.54,-9.59,1770467907.351961
-0.293044,-0.012932,0.96258,3.57,-7.98,-11.48,1770467907.359956
-0.28182,-0.0061,0.952088,1.33,-7.0,-10.78,1770467907.367945
-0.289384,-0.0122,0.93574,4.34,-6.93,-12.95,1770467907.375944
-0.285236,-0.00976,0.940376,3.01,-7.35,-13.02,1770467907.384101
-0.286456,-0.010736,0.958432,4.69,-7.98,-12.11,1770467907.391946
-0.29524,-0.016592,0.9821,5.53,-8.33,-13.58,1770467907.399951
-0.300364,-0.010004,0.996008,6.02,-10.43,-13.37,1770467907.408008
-0.305,-0.006344,0.994544,3.99,-10.92,-12.6,1770467907.415946
-0.316712,-0.016348,0.989664,1.68,-11.48,-12.74,1770467907.423953
-0.31232,-0.013908,0.990152,1.47,-11.76,-12.39,1770467907.431951
-0.305244,-0.016592,0.993812,1.68,-12.04,-13.58,1770467907.439952
-0.309392,-0.019764,0.996984,0.21,-14.91,-12.6,1770467907.447949
-0.30378,-0.012444,0.999424,0.42,-14.91,-14.28,1770467907.455959
-0.305244,0.00122,0.998204,-1.68,-14.42,-11.27,1770467907.464052
-0.287432,-0.010248,0.999668,-2.52,-13.93,-12.67,1770467907.471942
-0.28792,-0.020252,0.98698,-3.92,-13.86,-10.01,1770467907.479947
-0.26962,-0.016592,0.986004,-0.98,-15.12,-10.57,1770467907.48797
-0.248636,-0.01342,0.976,-0.77,-14.49,-8.68,1770467907.496007
-0.249612,-0.029036,0.95404,0.21,-15.54,-9.24,1770467907.50518
