acc_x,acc_y,acc_z,gyro_x,gyro_y,gyro_z,timestamp
3.407379382,4.149154388,8.353343697,-0.304210889,1.57847581,0.345749707,1756823214
2.890529701,4.053441484,9.219545478,-0.475253155,1.659109952,0.477696634,1756823214
2.285145583,3.809373579,9.767501853,-0.652404092,1.743409372,0.56443948,1756823214
1.562513158,3.562912851,9.645467901,-0.797789984,1.828930541,0.594982742,1756823214
0.897308475,3.127419138,9.20279572,-0.797789984,1.909564804,0.614530412,1756823214
0.416351132,2.840280426,8.97308475,-0.79534654,1.921782057,0.618195586,1756823214
0.019142581,2.612962279,9.437292334,-0.796568253,1.921782057,0.643851944,1756823214
-0.332602341,2.222932195,10.35135057,-0.762359817,1.843591237,0.598647916,1756823214
-0.734596538,1.557727513,11.49272695,-0.764803278,1.820378462,0.577878533,1756823214
-1.220339526,0.748953474,12.39960671,-0.648738848,1.733635581,0.575435072,1756823214
-1.801795418,-0.215354034,12.80160091,-0.536339679,1.638340621,0.423940493,1756823214
-2.065005904,-1.270588801,12.58385405,-0.389732022,1.456302763,0.477696634,1756823214
-3.385843979,-2.445464697,12.19621679,-0.182037841,1.375668516,0.43493605,1756823214
-3.098705267,-3.345165995,11.8684001,0.013439035,1.192408945,0.49357913,1756823214
-3.17527559,-3.802195111,11.65543888,0.263893783,0.923628205,0.510683339,1756823214
-3.237488978,-3.907479306,11.81815082,0.442266432,0.593761012,0.472809694,1756823214
-3.196810994,-3.914657774,12.04307615,0.549778714,0.262672052,0.489913921,1756823214
-3.029313412,-3.873979789,12.0382905,0.62308256,-0.053756141,0.427605667,1756823214
-2.775674216,-3.665804223,11.75115179,0.609643508,-0.318871654,0.444709893,1756823214
-2.452643165,-3.493520996,11.27976574,0.588874125,-0.532674488,0.425162223,1756823214
-2.148754695,-3.431307608,10.97348444,0.497244304,-0.686612528,0.442266432,1756823214
-1.871187273,-3.450450189,10.97348444,0.397062405,-0.79534654,0.464257581,1756823214
-1.543370577,-3.601198013,11.10030404,0.379958178,-0.823446341,0.453261989,1756823214
-1.239482107,-3.799802289,11.07637582,0.290771853,-0.808785575,0.456927198,1756823214
-1.004985492,-3.952942935,10.92084235,0.333532438,-0.73670346,0.474031425,1756823214
-0.806381216,-4.0127635,10.71027396,0.328645498,-0.651182361,0.476474868,1756823214
-0.677168796,-3.964907048,10.439885,0.290771853,-0.552222158,0.503352956,1756823215
-0.545563553,-3.756731482,10.15513911,0.284663184,-0.497244304,0.477696634,1756823215
-0.595812827,-3.601198013,10.01874823,0.20402899,-0.41783184,0.483805251,1756823215
-0.681954441,-3.237488978,9.772287498,0.145385927,-0.318871654,0.456927198,1756823215
-0.746560651,-2.998206718,9.530612416,0.059864793,-0.186924763,0.405614518,1756823215
-0.911665411,-2.691925425,9.363114834,-0.065973446,-0.017104227,0.370184317,1756823215
-1.103091219,-2.3928226,9.291330156,-0.134390352,0.140499005,0.287106679,1756823215
-1.339980656,-1.983649935,9.166903381,-0.164933614,0.252898209,0.243124365,1756823215
-1.596012674,-1.5457634,8.968299105,-0.147829388,0.327423768,0.163711884,1756823215
-1.85922316,-1.052841944,8.616554183,-0.056199602,0.30054568,0.10262536,1756823215
-2.041077678,-0.440279358,7.89631458,0.069638637,0.210137642,0.012217305,1756823215
-2.182254211,0.323031051,6.999006105,0.191811685,0.006108652,-0.061086524,1756823215
-2.179861389,1.375872995,6.168696663,0.186924763,-0.151494579,-0.122173048,1756823215
-1.976471468,2.266003002,5.833701499,0.131946891,-0.262672052,-0.125838239,1756823215
-1.591227029,3.225524865,6.077769404,0.063529985,-0.284663184,-0.161268423,1756823215
-1.241874929,3.929014709,6.989434815,-0.065973446,-0.207694181,-0.074525559,1756823215
-0.985842911,4.156332856,8.099704501,-0.206472451,-0.122173048,-0.10384709,1756823215
-0.636490812,3.998406565,8.592625957,-0.411723171,-0.073303829,-0.151494579,1756823215
-0.334995164,3.522234867,8.518448456,-0.553443888,-0.12950343,-0.141720735,1756823215
-0.081355968,3.086741154,8.434699665,-0.681725623,-0.252898209,-0.150272849,1756823215
0.165104759,2.88095841,8.786444587,-0.722042694,-0.367740873,-0.07696902,1756823215
0.373280326,2.653640263,9.525826771,-0.656069266,-0.447153372,-0.095294977,1756823215
0.631705166,2.414358003,10.17667452,-0.686612528,-0.470366251,-0.064751715,1756823215
0.954736217,2.0434705,10.96152033,-0.626747734,-0.399505848,-0.037873645,1756823215
1.272981623,1.323230898,11.60518961,-0.593761012,-0.335975881,-0.02565634,1756823215
1.612762432,0.516849682,11.90907808,-0.461814103,-0.254119939,-0.02443461,1756823215
1.892722677,-0.253639196,11.9425776,-0.316428176,-0.211359372,-0.063529985,1756823215
2.091326952,-1.060020412,11.93539913,-0.124616509,-0.197920337,-0.073303829,1756823215
2.292324051,-1.861615983,12.00957663,0.118507856,-0.191811685,-0.037873645,1756823215
2.285145583,-2.191825502,12.14836034,0.277332818,-0.233350521,-0.109955743,1756823215
2.287538406,-2.476571391,12.40439236,0.368962586,-0.228463599,-0.151494579,1756823215
2.177468566,-2.811566555,12.81356502,0.409279727,-0.240680904,-0.188146493,1756823215
2.105683888,-3.203989461,12.98345543,0.405614518,-0.174707458,-0.246789556,1756823215
1.981257113,-3.503092286,12.84706454,0.438601224,-0.112399204,-0.226020138,1756823215
1.751546143,-3.550948738,12.22493066,0.427605667,-0.10262536,-0.278554549,1756823215
1.414158157,-3.57966261,11.44247767,0.378736465,-0.167377075,-0.28221974,1756823215
1.134197912,-4.005585032,10.82752227,0.361632204,-0.261450322,-0.298102236,1756823215
1.060020412,-4.639683021,10.40159984,0.339641055,-0.379958178,-0.387288578,1756823215
1.198804123,-5.309673349,10.16710323,0.445931606,-0.538783158,-0.432492606,1756823215
1.471585899,-5.704489078,10.19103145,0.5131268,-0.695164676,-0.480140077,1756823215
1.899901144,-5.769095289,10.36331468,0.572991628,-0.885754595,-0.510683339,1756823215
2.385644132,-5.596812061,10.6408821,0.58276542,-1.05190994,-0.553443888,1756823215
2.878565588,-5.309673349,10.73420218,0.518013722,-1.213178398,-0.543670062,1756823215
3.393022447,-4.859822701,10.62891799,0.431270841,-1.390329352,-0.485027017,1756823215
3.842873096,-4.352544309,10.47338452,0.376292969,-1.566258436,-0.481361808,1756823215
4.247260115,-3.687339627,10.25085202,0.234572251,-1.670105596,-0.353080108,1756823215
4.558327053,-2.957528734,9.954142016,0.171042267,-1.744631103,-0.278554549,1756823215
4.754538506,-2.299502519,9.525826771,0.068416907,-1.729970407,-0.223576677,1756823215
4.89571504,-1.682154288,9.061619186,0.023212879,-1.631010134,-0.139277274,1756823215
5.103890606,-1.117448154,8.793623055,0.003665191,-1.47340692,-0.12950343,1756823215
5.371886737,-0.579063069,8.683553215,-0.009773844,-1.240056486,-0.030543262,1756823215
5.536991496,-0.122033953,8.626125473,0.009773844,-0.94806285,-0.031764992,1756823215
5.603990529,0.46899323,8.506484343,0.023212879,-0.664621414,0.07574729,1756823215
5.38385085,1.081555815,8.054240872,0.118507856,-0.372627795,0.092851516,1756823215
5.032105928,1.854437515,7.302894575,0.184481302,-0.162490153,0.120951317,1756823215
4.517649069,2.924029217,6.398407632,0.20525072,0.091629786,0.167377075,1756823215
3.94815729,4.115654872,5.706881901,0.299323967,0.288328392,0.092851516,1756823215
3.519842045,4.843072942,5.218746091,0.194255146,0.521678896,0.105068821,1756823215
3.139383251,4.996213589,4.929214556,0.042760567,0.7550294,0.098960169,1756823215
2.952743088,4.677968183,5.249852784,-0.147829388,0.983492999,0.243124365,1756823215
2.837887604,4.201796486,6.080162227,-0.254119939,1.152091874,0.313984732,1756823215
2.574677118,3.921836241,7.030112799,-0.392175465,1.304808184,0.409279727,1756823215
2.129612114,3.866801322,7.898707403,-0.477696634,1.464854841,0.481361808,1756823215
1.672582997,3.854837209,8.595018779,-0.54611354,1.622458055,0.520457183,1756823215
1.246660575,3.77348124,9.064012009,-0.570548115,1.771509191,0.565661211,1756823215
0.909272588,3.5892339,9.525826771,-0.632856352,1.853365168,0.585208881,1756823215
0.528813795,3.244667446,10.24606637,-0.70005158,1.861917246,0.610865238,1756823215
0.136390888,2.610569457,11.26780162,-0.772133696,1.842369523,0.585208881,1756823215
-0.339780809,1.78504566,12.44267752,-0.739146903,1.809382801,0.58398715,1756823215
-1.024128073,0.571884601,13.22752333,-0.665843145,1.771509191,0.577878533,1756823215
-1.758724611,-0.629312344,13.00259801,-0.516792009,1.717753015,0.572991628,1756823215
-2.44785752,-1.85922316,12.38524978,-0.332310707,1.633453577,0.548556984,1756823215
-2.88095841,-2.730210587,12.07418284,-0.167377075,1.485624312,0.569326385,1756823215
-3.129811961,-3.395415269,12.25125171,0.042760567,1.284038731,0.58276542,1756823215
-3.177668413,-4.103690759,12.66521002,0.200363798,0.996932051,0.590095838,1756823215
-3.22073922,-4.814359071,13.11745349,0.324980324,0.653625822,0.624304273,1756823215
-3.194418171,-5.307280527,13.17966688,0.537561392,0.28221974,0.521678896,1756823215
-3.034099057,-5.398207786,12.87577841,0.632856352,-0.12705997,0.496022573,1756823215
-2.746960345,-5.240281494,12.25603736,0.728151381,-0.471587964,0.41783184,1756823215
-2.438286229,-5.041677218,11.67458147,0.708603641,-0.762359817,0.368962586,1756823215
-2.000399694,-4.950749959,11.45683461,0.675616936,-0.962723615,0.405614518,1756823215
-1.574477271,-4.807180603,11.46401308,0.685390797,-1.105666046,0.333532438,1756823215
-1.100698396,-4.67557536,11.44247767,0.609643508,-1.171639475,0.362853969,1756823215
-0.746560651,-4.400400761,11.22473082,0.537561392,-1.150870144,0.284663184,1756823215
-0.418743955,-4.141975921,10.88495001,0.432492606,-1.094670524,0.289550123,1756823215
-0.160319114,-3.945764467,10.47817017,0.327423768,-0.999375495,0.305432619,1756823215
0.074177501,-3.749553014,10.18385299,0.244346095,-0.901637092,0.301767445,1756823215
0.251246373,-3.570091319,10.02114105,0.161268423,-0.751364226,0.307876063,1756823215
0.464207584,-3.311666478,9.93978508,0.196698607,-0.598647916,0.35918876,1756823215
0.593420005,-2.87138712,9.781858789,0.135612083,-0.404392788,0.389732022,1756823215
0.538385085,-2.493321149,9.499505722,0.106290551,-0.228463599,0.35918876,1756823215
0.492921456,-2.000399694,9.214759833,0.073303829,-0.081855942,0.365297412,1756823215
0.308674115,-1.734796385,9.145367977,-0.006108652,0.111177473,0.296880506,1756823215
0.133998066,-1.160518961,9.075976122,-0.029321531,0.271224166,0.177150919,1756823215
-0.136390888,-0.715453957,9.044869428,-0.008552113,0.41661011,0.131946891,1756823215
-0.497707101,-0.181854518,8.860622088,0.10262536,0.502131226,0.028099801,1756823215
-0.89252283,0.373280326,8.3748791,0.246789556,0.476474868,-0.063529985,1756823215
-1.241874929,1.064806057,7.475177802,0.388510291,0.41783184,-0.188146493,1756823215
-1.593619852,1.959721709,6.711867393,0.442266432,0.284663184,-0.241902634,1756823215
-1.720439449,3.141776074,6.16630384,0.388510291,0.139277274,-0.305432619,1756823215
-1.588834206,4.082155356,6.132804324,0.30665435,0.041538836,-0.2565634,1756823215
-1.287338559,4.740181571,6.374479406,0.174707458,-0.017104227,-0.197920337,1756823215
-0.794417103,4.79521649,6.601797553,-0.042760567,-0.059864793,-0.161268423,1756823215
-0.356530567,4.400400761,6.932007072,-0.252898209,-0.164933614,-0.084299403,1756823215
0.019142581,3.749553014,7.542176835,-0.447153372,-0.302989176,-0.109955743,1756823215
0.370887503,3.254238736,8.396414503,-0.612086969,-0.411723171,-0.070860368,1756823215
0.7728817,3.04606317,9.150153622,-0.69882985,-0.476474868,-0.080634211,1756823215
1.241874929,2.93599333,9.693324353,-0.81489421,-0.481361808,-0.05009095,1756823215
1.689332756,2.883351233,10.34177928,-0.803898671,-0.460592372,-0.020769418,1756823215
2.031506387,2.63210486,10.96152033,-0.780685774,-0.388510291,0.007330383,1756823215
2.45742881,2.060220259,11.55494034,-0.701273293,-0.266337244,0.041538836,1756823215
2.770888571,1.356730414,11.80140106,-0.620639099,-0.106290551,0.032986723,1756823215
2.909672282,0.586241537,11.73918768,-0.498466017,0.065973446,0.057421332,1756823215
3.002992363,0,11.667403,-0.294437062,0.206472451,0.072082098,1756823215
2.86181583,-0.655633392,11.84207905,-0.145385927,0.268780705,0.080634211,1756823215
2.866601475,-1.256231865,12.23210913,-0.021991149,0.338419325,0.02687807,1756823215
2.555534537,-1.710868159,12.68195978,0.106290551,0.376292969,0.010995574,1756823215
2.266003002,-2.182254211,12.94517027,0.10262536,0.414166631,-0.054977871,1756823215
1.993221226,-2.8163522,12.86859994,0.10262536,0.456927198,-0.12705997,1756823215
1.646261949,-3.357130108,12.47617704,0.138055544,0.403171057,-0.147829388,1756823215
1.282552914,-4.010370678,11.95214889,0.149051118,0.328645498,-0.188146493,1756823215
0.954736217,-4.685146651,11.50947671,0.207694181,0.20402899,-0.246789556,1756823215
0.768096055,-5.405386253,11.20080259,0.335975881,0.05131268,-0.334754151,1756823215
0.705882667,-5.934200048,10.80359404,0.5131268,-0.218689755,-0.38362337,1756823215
0.763310409,-6.149554082,10.59541847,0.649960648,-0.427605667,-0.467922755,1756823215
1.043270654,-5.9820565,10.66481033,0.735481729,-0.725707938,-0.526565835,1756823216
1.383051463,-5.694917788,10.83230791,0.71837752,-1.015257991,-0.532674488,1756823216
1.981257113,-5.067998267,10.80120122,0.62308256,-1.297477696,-0.618195586,1756823216
2.478964214,-4.201796486,10.5140625,0.547335271,-1.502728451,-0.519235452,1756823216
3.079562686,-4.139583098,10.35135057,0.412944901,-1.700648858,-0.585208881,1756823216
3.622733416,-3.730410433,10.00439129,0.239459173,-1.868025881,-0.524122392,1756823216
4.168296969,-3.053241638,9.671788949,0.200363798,-2.014633556,-0.469144485,1756823216
4.651647134,-2.560320182,9.291330156,0.05253441,-2.05739407,-0.405614518,1756823216
5.070391089,-2.108076711,8.757730716,0.012217305,-2.008524938,-0.289550123,1756823216
5.386243673,-1.531406464,8.36530781,-0.015882496,-1.896125682,-0.25534167,1756823216
5.749952708,-1.160518961,8.137989663,-0.07574729,-1.677435962,-0.096516708,1756823216
5.977270855,-0.715453957,8.008777242,-0.079412481,-1.381777134,0.037873645,1756823216
6.130411501,-0.150747824,7.800601676,-0.007330383,-1.038470905,0.124616509,1756823216
6.159125372,0.35892339,7.539784013,0.030543262,-0.714712346,0.307876063,1756823216
5.979663677,1.033699363,7.156932397,0.116064395,-0.318871654,0.344527994,1756823216
5.6327044,1.883151386,6.707081748,0.17837265,0.031764992,0.460592372,1756823216
5.168496816,3.026920589,6.309873196,0.260228591,0.323758559,0.419053553,1756823216
4.706682054,4.170689792,5.958128274,0.213802833,0.596204472,0.437379493,1756823216
4.211367776,4.869393991,5.962913919,0.171042267,0.83322022,0.450818546,1756823216
3.77348124,5.26420972,6.616154489,0.015882496,1.042136079,0.544891775,1756823216
3.259024381,5.532205851,7.690531836,-0.20525072,1.247386834,0.532674488,1756823216
2.586641231,5.699703433,8.487341762,-0.367740873,1.445307119,0.50701813,1756823216
1.725225095,5.644668513,8.740980958,-0.576656802,1.610240803,0.444709893,1756823216
0.861416136,5.398207786,8.085347565,-0.692721163,1.780061269,0.427605667,1756823216
0.198604276,4.869393991,7.314858688,-0.791681366,1.869247594,0.398284135,1756823216
-0.179461695,4.041477371,7.034898444,-0.839328837,1.941329779,0.379958178,1756823216
-0.315852583,3.225524865,7.709674417,-0.784350948,1.912008248,0.412944901,1756823216
-0.36849468,2.586641231,9.193224429,-0.797789984,1.881464986,0.411723171,1756823216
-0.54317073,1.840080579,10.97348444,-0.704938467,1.846034697,0.419053553,1756823216
-0.923629524,0.71784678,12.27039429,-0.669508319,1.797165548,0.366519143,1756823216
-1.442872028,-0.887737185,12.71067365,-0.616973856,1.744631103,0.415388345,1756823216
-1.897508322,-2.426322116,12.60778228,-0.425162223,1.654223048,0.375071256,1756823216
-2.254038889,-3.65384011,12.45703446,-0.184481302,1.524719652,0.384845083,1756823216
-2.969492847,-4.637290199,12.54078325,0.116064395,1.350012142,0.408057962,1756823216
-2.799602442,-5.111069074,12.78485115,0.337197611,1.087340107,0.41050144,1756823216
-2.758924458,-5.551348432,13.20598793,0.51190507,0.81367248,0.470366251,1756823216
-2.536391956,-5.790630692,13.38066398,0.668286588,0.500909513,0.481361808,1756823216
-2.352144616,-5.86241537,13.33520035,0.643851944,0.166155345,0.48747046,1756823216
-2.136790582,-6.001199081,13.06002575,0.634078152,-0.085521133,0.502131226,1756823216
-2.021935097,-6.424728681,12.70349518,0.558330828,-0.30054568,0.516792009,1756823216
-1.816152353,-6.369693761,12.39482107,0.530231009,-0.401949344,0.478918364,1756823216
-1.600798319,-6.242874163,12.15793163,0.544891775,-0.467922755,0.427605667,1756823216
-1.409372511,-6.03709142,11.85165034,0.469144485,-0.454483755,0.398284135,1756823216
-1.411765334,-5.594419239,11.51665517,0.437379493,-0.450818546,0.397062405,1756823216
-1.359123237,-5.15413988,11.22951646,0.296880506,-0.409279727,0.395840674,1756823216
-1.356730414,-4.934000201,10.91366388,0.157603231,-0.386066848,0.431270841,1756823216
-1.421336624,-4.673182538,10.66002468,0.056199602,-0.329867229,0.43493605,1756823216
-1.497906948,-4.41715052,10.28913718,-0.030543262,-0.270002435,0.450818546,1756823216
-1.641476304,-4.230510357,9.949356371,-0.046425758,-0.207694181,0.521678896,1756823216
-1.758724611,-3.76390995,9.597611449,-0.053756141,-0.162490153,0.489913921,1756823216
-1.871187273,-3.254238736,9.186045961,-0.062308254,-0.139277274,0.536339679,1756823216
-1.974078645,-2.605783811,8.987441686,0,-0.175929189,0.50701813,1756823216
-2.074577194,-1.947757596,9.116654106,0.021991149,-0.208915911,0.469144485,1756823216
-2.108076711,-1.311266785,9.375078947,0.054977871,-0.266337244,0.386066848,1756823216
-2.160718808,-0.674775973,9.363114834,0.105068821,-0.365297412,0.333532438,1756823216
-2.115255178,-0.014356936,8.999405799,0.162490153,-0.497244304,0.284663184,1756823216
-2.067398726,0.660419038,8.415557084,0.30665435,-0.713490616,0.208915911,1756823216
-1.983649935,1.476371544,7.848458128,0.428827397,-0.900415361,0.216246294,1756823216
-1.830509289,2.553141714,7.403393124,0.579100246,-1.033584,0.210137642,1756823216
-1.787438482,3.912264951,7.015755863,0.646295405,-1.082453202,0.239459173,1756823216
-1.73001074,5.170889639,6.52522723,0.585208881,-1.045801253,0.251676478,1756823216
-1.562513158,5.965306742,6.336194245,0.406836231,-0.987158242,0.163711884,1756823216
-1.174875897,5.900700532,6.486942069,0.106290551,-0.957836711,0.085521133,1756823216
-0.576670247,5.883950773,6.338587067,-0.122173048,-0.946841119,-0.002443461,1756823216
0.12921242,5.479563754,6.458228197,-0.30665435,-1.003040739,0.002443461,1756823216
0.815952507,5.151747058,7.051648202,-0.372627795,-1.061683819,0.05253441,1756823216
1.586441384,4.835894475,8.133204017,-0.405614518,-1.134987595,0.069638637,1756823216
2.289931228,4.264009873,9.248259349,-0.432492606,-1.133765865,0.131946891,1756823216
2.821137845,3.684946804,9.934999435,-0.382401639,-1.075122784,0.096516708,1756823216
3.237488978,3.12024067,10.25324484,-0.333532438,-0.973719207,0.069638637,1756823216
3.622733416,2.562713005,10.48774146,-0.343306264,-0.861319951,-0.002443461,1756823216
4.06779842,1.90468679,10.71266678,-0.320093385,-0.703716754,-0.080634211,1756823216
4.584648102,0.945164927,10.81795097,-0.339641055,-0.555887367,-0.036651914,1756823216
4.821537539,-0.215354034,11.07637582,-0.349414916,-0.401949344,-0.014660766,1756823216
5.010570524,-1.330409366,11.12423227,-0.313984732,-0.223576677,-0.156381501,1756823216
5.103890606,-2.593819698,11.31087243,-0.289550123,0.05253441,-0.166155345,1756823216
5.125426009,-3.723231966,11.56690445,-0.145385927,0.337197611,-0.307876063,1756823216
4.979463831,-4.608576328,11.7942226,-0.042760567,0.646295405,-0.284663184,1756823216
4.625326086,-5.496313512,11.99043405,0.045204028,0.916297857,-0.329867229,1756823216
4.180261082,-6.336194245,12.04546897,0.10140363,1.091005281,-0.304210889,1756823216
3.711267853,-7.18803909,11.97368429,0.068416907,1.169196031,-0.272445896,1756823216
3.249453091,-8.018348533,11.7846513,0.131946891,1.12887896,-0.28221974,1756823216
2.866601475,-8.815158458,11.50708388,0.151494579,1.021366678,-0.278554549,1756823216
2.553141714,-9.420542576,11.22712364,0.239459173,0.844215742,-0.317649941,1756823216
2.426322116,-9.609575562,11.00459114,0.312763002,0.643851944,-0.354301821,1756823216
2.404786713,-9.236295236,10.87537872,0.392175465,0.439822989,-0.386066848,1756823216
2.443071875,-8.338986761,10.81316533,0.392175465,0.212581103,-0.386066848,1756823216
2.691925425,-7.223931429,10.7892371,0.304210889,0.015882496,-0.395840674,1756823216
2.828316313,-6.178267953,10.64566775,0.237015712,-0.138055544,-0.390953752,1756823216
2.974278492,-5.335994398,10.33938645,0.172263997,-0.223576677,-0.298102236,1756823216
3.069991396,-4.539184472,10.13121089,0.185703032,-0.313984732,-0.22968533,1756823216
3.12024067,-3.680161159,9.906285564,0.208915911,-0.316428176,-0.233350521,1756823216
3.153740187,-2.873779943,9.647860723,0.221133216,-0.349414916,-0.20402899,1756823216
3.208775107,-2.050648968,9.489934432,0.320093385,-0.287106679,-0.149051118,1756823216
3.192025348,-1.280160091,9.432506689,0.412944901,-0.248011287,-0.10262536,1756823216
3.177668413,-0.466600407,9.44207798,0.455705485,-0.168598806,0.008552113,1756823216
3.144168896,0.406779842,9.621539675,0.500909513,-0.1282817,0.05009095,1756823216
2.993421073,1.26101751,9.765109031,0.441044702,-0.07696902,0.147829388,1756823216
2.842673249,2.048256146,9.901499919,0.35918876,-0.010995574,0.266337244,1756823216
2.624926392,2.603390989,9.894321451,0.23090706,0.05131268,0.335975881,1756823216
2.464607278,2.969492847,9.343972253,0.147829388,0.10140363,0.394618961,1756823216
2.210968082,3.163311477,8.547162327,0.063529985,0.119729587,0.408057962,1756823216
2.014756629,3.369094221,7.580461997,0.007330383,0.07819075,0.349414916,1756823216
1.847259047,3.627519062,6.474977956,-0.02565634,-0.037873645,0.287106679,1756823216
1.84965187,4.079762533,5.903093354,-0.023212879,-0.161268423,0.218689755,1756823216
2.0434705,4.7856452,6.766902313,-0.116064395,-0.270002435,0.193033415,1756823216
2.292324051,5.587240771,8.585447489,-0.254119939,-0.289550123,0.211359372,1756823216
2.519642198,6.168696663,10.05464057,-0.49357913,-0.223576677,0.114842665,1756823216
2.636890505,6.501299004,10.42792089,-0.65973444,-0.094073247,0.219911486,1756823216
2.44785752,6.534798521,9.722038224,-0.770911896,0.094073247,0.081855942,1756823216
2.136790582,6.35055118,9.011369912,-0.827111515,0.305432619,0.07819075,1756823216
1.710868159,5.905486177,8.592625957,-0.919963031,0.531452775,0.004886922,1756823216
1.32562372,4.890929394,8.343772406,-0.981049555,0.79412481,-0.080634211,1756823216
1.098305573,3.357130108,8.161917889,-0.949284563,1.066570723,-0.118507856,1756823216
0.866201781,1.708475336,7.728816998,-0.839328837,1.30114301,-0.276111088,1756823216
0.655633392,0.299102825,7.432106996,-0.668286588,1.486846025,-0.217468025,1756823216
0.409172665,-0.746560651,7.635496917,-0.448375102,1.612684264,-0.294437062,1756823216
0.026321049,-1.454836141,8.432306842,-0.30665435,1.704314049,-0.207694181,1756823216
-0.4235296,-2.007578161,9.568897577,-0.147829388,1.787391757,-0.20525072,1756823216
-0.863808959,-2.57706994,10.72941654,-0.048869219,1.872912785,-0.221133216,1756823216
-1.383051463,-3.311666478,11.55733316,-0.008552113,1.882686716,-0.237015712,1756823216
-1.921436548,-3.766302772,11.80857953,0.100181899,1.804495896,-0.290771853,1756823216
-2.321037922,-4.041477371,11.62193937,0.116064395,1.629788403,-0.344527994,1756823216
-2.711068006,-4.393222294,11.2438734,0.237015712,1.37933369,-0.405614518,1756823216
-2.854637362,-4.843072942,10.79402275,0.350636647,1.100779159,-0.360410491,1756823216
-2.967100024,-5.434100125,10.49731275,0.533896218,0.790459636,-0.388510291,1756823217
-2.988635427,-6.044269888,10.26760178,0.73792519,0.494800843,-0.339641055,1756823217
-2.919243572,-6.206981824,10.21495968,0.929736893,0.208915911,-0.333532438,1756823217
-2.75174599,-6.017948839,10.40877831,1.067792436,-0.046425758,-0.304210889,1756823217
-2.428714939,-5.364708269,10.74377347,1.158200509,-0.290771853,-0.310319558,1756823217
-1.995614048,-4.500899311,11.12901791,1.156978779,-0.467922755,-0.217468025,1756823217
-1.514656706,-3.69930374,11.52383364,1.072679341,-0.585208881,-0.210137642,1756823217
-0.959521863,-3.098705267,11.78704413,0.988379973,-0.668286588,-0.161268423,1756823217
-0.375673148,-2.550748892,11.92822066,0.836885394,-0.709825372,-0.070860368,1756823217
0.06460621,-2.053041791,11.91625655,0.70005158,-0.750142513,-0.064751715,1756823217
0.411565487,-1.68454711,11.83968622,0.535117949,-0.720820964,0.018325957,1756823217
0.626919521,-1.38065864,11.72961639,0.455705485,-0.638965057,0.05009095,1756823217
0.679561618,-1.069591702,11.5932255,0.324980324,-0.464257581,0.065973446,1756823217
0.583848714,-0.698704199,11.29172985,0.333532438,-0.265115513,0.014660766,1756823217
0.409172665,-0.050249275,10.89930694,0.28221974,-0.047647489,-0.079412481,1756823217
0.193818631,0.502492746,10.439885,0.201585529,0.117286126,-0.164933614,1756823217
0.031106694,0.959521863,10.11685395,0.134390352,0.22968533,-0.28221974,1756823217
-0.126819598,1.335195011,9.98524871,0.073303829,0.317649941,-0.364075699,1756823217
-0.342173632,1.531406464,9.997212823,0.063529985,0.373849526,-0.419053553,1756823217
-0.605384118,1.548156222,10.04506927,0.032986723,0.367740873,-0.461814103,1756823217
-0.880558717,1.698904046,9.923035322,-0.007330383,0.353080108,-0.514348513,1756823217
-1.122233799,1.758724611,9.712466933,-0.003665191,0.294437062,-0.460592372,1756823217
-1.359123237,1.983649935,9.480363141,-0.056199602,0.222354947,-0.465479312,1756823217
-1.540977754,2.227717841,9.08315459,-0.065973446,0.150272849,-0.412944901,1756823217
-1.725225095,2.780459861,8.25523797,-0.092851516,0.084299403,-0.356745317,1756823217
-1.820937999,3.261417204,7.566105061,-0.164933614,0.015882496,-0.265115513,1756823217
-1.892722677,3.759124305,7.204788849,-0.196698607,-0.034208453,-0.208915911,1756823217
-1.885544209,4.175475437,7.420142883,-0.327423768,-0.097738438,-0.116064395,1756823217
-1.722832272,4.632504554,8.035098291,-0.401949344,-0.158824962,-0.059864793,1756823217
-1.481157189,5.027320283,8.444270955,-0.543670062,-0.243124365,-0.047647489,1756823217
-1.225125171,5.120640364,8.633303941,-0.689055989,-0.384845083,0.040317106,1756823217
-0.981057266,5.111069074,8.568697731,-0.748920782,-0.56321775,0.007330383,1756823217
-0.701097022,4.91485762,8.391628858,-0.847880986,-0.747699052,-0.003665191,1756823217
-0.270388954,4.472185439,8.027919823,-0.834441933,-0.878424247,-0.02443461,1756823217
0.205782744,3.692125272,7.719245708,-0.808785575,-0.973719207,-0.054977871,1756823217
0.703489844,2.749353167,7.71206724,-0.7550294,-0.973719207,-0.100181899,1756823217
1.249053397,1.615155255,8.085347565,-0.662177901,-0.888198039,-0.193033415,1756823217
1.777867192,0.746560651,8.731409667,-0.648738848,-0.723264425,-0.237015712,1756823217
2.292324051,0.062213388,9.547362174,-0.593761012,-0.472809694,-0.270002435,1756823217
2.600998166,-0.526420972,10.38485008,-0.5131268,-0.171042267,-0.288328392,1756823217
2.69671107,-1.13180509,11.13380356,-0.531452775,0.094073247,-0.309097793,1756823217
2.557927359,-1.92382937,11.50469106,-0.43493605,0.360410491,-0.393397231,1756823217
2.182254211,-2.813959378,11.27498009,-0.378736465,0.591317568,-0.448375102,1756823217
1.682154288,-3.694518094,10.80359404,-0.188146493,0.753807686,-0.49357913,1756823217
1.172483074,-4.388436648,10.63848928,-0.062308254,0.818559454,-0.522900626,1756823217
0.703489844,-5.029713105,10.70070267,0.057421332,0.819781167,-0.510683339,1756823217
0.284745889,-5.450849883,10.90409259,0.122173048,0.774577139,-0.522900626,1756823217
-0.148355001,-5.869593838,11.0955184,0.086742864,0.647517118,-0.514348513,1756823217
-0.576670247,-6.317051664,11.27498009,0.098960169,0.48747046,-0.527787566,1756823217
-0.758524764,-6.742974087,11.47597719,0.139277274,0.285884914,-0.579100246,1756823217
-0.684347264,-6.984649169,11.69372405,0.185703032,0.014660766,-0.627969465,1756823217
-0.406779842,-6.807580297,11.95454171,0.28099801,-0.339641055,-0.69882985,1756823217
0.014356936,-6.23091005,12.32064357,0.310319558,-0.658512727,-0.7550294,1756823217
0.490528633,-5.50349198,12.52403349,0.296880506,-0.976162651,-0.729373112,1756823217
0.926022346,-4.871786814,12.28475123,0.277332818,-1.26326926,-0.73792519,1756823217
1.383051463,-4.201796486,11.79182977,0.20402899,-1.485624312,-0.731816555,1756823217
1.911865257,-3.426521963,11.27976574,0.267558974,-1.71286611,-0.70005158,1756823217
2.366501551,-2.648854618,10.90648541,0.246789556,-1.872912785,-0.696386406,1756823217
2.732603409,-1.823330821,10.439885,0.304210889,-1.979203407,-0.685390797,1756823217
3.058027283,-1.004985492,9.798608547,0.273667627,-2.035403026,-0.626747734,1756823217
3.345165995,-0.409172665,9.238688059,0.290771853,-2.05739407,-0.527787566,1756823217
3.747160192,0.155533469,8.930013943,0.287106679,-1.992642372,-0.412944901,1756823217
4.199403663,0.839880733,8.769694829,0.288328392,-1.910786517,-0.334754151,1756823217
4.567898343,1.466800254,8.693124506,0.355523586,-1.791056931,-0.180816111,1756823217
4.835894475,2.060220259,8.458627891,0.368962586,-1.621236325,-0.080634211,1756823217
4.993820766,2.694318248,7.968099258,0.30665435,-1.439198484,0.106290551,1756823217
5.017748992,3.407379382,7.456035222,0.321315115,-1.246165121,0.125838239,1756823217
5.010570524,3.617947771,6.872186507,0.224798408,-1.015257991,0.105068821,1756823217
5.132604477,4.108476404,6.556333924,0.168598806,-0.827111515,0.138055544,1756823217
5.556134077,4.73061028,7.281359172,0.05253441,-0.631634639,0.135612083,1756823217
5.065605444,4.354937132,8.532805392,-0.267558974,-0.283441471,0.250454748,1756823217
5.931807225,5.666203917,9.408578463,-0.415388345,0.124616509,0.894306744,1756823217
5.158925526,5.998806258,9.432506689,-0.729373112,0.531452775,0.970054033,1756823217
4.287938099,5.668596739,8.807979991,-0.807563845,0.976162651,1.070235897,1756823217
3.40498656,5.371886737,7.968099258,-0.836885394,1.401324874,0.949284563,1756823217
2.462214455,4.735395925,7.630711271,-0.784350948,1.793500374,0.998153782,1756823217
1.603191142,3.493520996,7.456035222,-0.785572661,2.129476255,0.915076127,1756823217
0.928415169,2.849851717,7.322037156,-0.734260016,2.368935324,0.829554976,1756823217
0.397208552,2.301895341,7.910671516,-0.524122392,2.491108372,0.927293449,1756823217
-0.126819598,1.722832272,9.482755964,-0.379958178,2.548529844,0.87109383,1756823217
-0.911665411,1.172483074,11.18166001,-0.301767445,2.581516566,0.878424247,1756823217
-1.844866225,0.449850649,12.35653591,-0.273667627,2.602286019,0.786794462,1756823217
-2.639283328,-0.555134843,12.75613728,-0.285884914,2.542421086,0.722042694,1756823217
-3.309273656,-1.837687757,12.82313631,-0.219911486,2.394591681,0.665843145,1756823217
-3.845265918,-2.969492847,12.76092293,-0.045204028,2.161241248,0.652404092,1756823217
-3.780659708,-3.029313412,12.57906841,0.227241869,1.77028746,0.735481729,1756823217
-3.905086483,-3.060420105,13.11984632,0.572991628,1.22539565,0.989601703,1756823217
-6.826722878,-5.314458995,12.64606744,0.472809694,1.087340107,0.929736893,1756823217
-4.955535605,-4.807180603,11.92343502,0.527787566,0.537561392,0.492357365,1756823217
-4.450650036,-5.15413988,11.67936711,0.572991628,0.188146493,0.529009279,1756823217
-3.931407532,-5.099104961,11.58843985,0.540004888,-0.086742864,0.526565835,1756823217
-3.670589868,-5.156532703,11.32522937,0.570548115,-0.305432619,0.542448332,1756823217
-3.318844946,-5.190032219,11.10269686,0.471587964,-0.458148929,0.516792009,1756823217
-2.849851717,-5.376672382,10.98305573,0.478918364,-0.558330828,0.48747046,1756823217
-2.455035988,-5.527420206,10.91366388,0.425162223,-0.579100246,0.461814103,1756823217
-1.957328887,-5.544169964,10.64806057,0.408057962,-0.60231309,0.460592372,1756823217
-1.6199409,-5.376672382,10.38006444,0.43615778,-0.591317568,0.452040276,1756823217
-1.478764367,-4.833501652,10.04028363,0.444709893,-0.526565835,0.492357365,1756823217
-1.406979689,-4.161118501,9.836893709,0.411723171,-0.467922755,0.482583538,1756823217
-1.347159124,-3.424129141,9.659824836,0.365297412,-0.367740873,0.50701813,1756823217
-1.368694527,-2.677568489,9.482755964,0.273667627,-0.263893783,0.438601224,1756823217
-1.433300737,-1.840080579,9.241080881,0.167377075,-0.155159771,0.486248747,1756823217
-1.598405497,-1.079162993,9.08315459,0.090408055,-0.02443461,0.41783184,1756823217
-1.85922316,-0.382851616,9.078368944,0.042760567,0.074525559,0.346971438,1756823217
-2.124826469,0.071784678,8.927621121,-0.002443461,0.120951317,0.243124365,1756823217
-2.342573325,0.246460728,8.556733618,-0.036651914,0.185703032,0.111177473,1756823217
-2.541177601,0.53359944,7.941778209,0.042760567,0.109955743,0.05009095,1756823217
-2.620140747,1.119840977,7.159325219,0.164933614,0.031764992,-0.008552113,1756823217
-2.648854618,2.299502519,6.436692794,0.279776297,-0.080634211,-0.012217305,1756823217
-2.749353167,3.751945837,6.206981824,0.30665435,-0.155159771,-0.037873645,1756823217
-2.852244539,5.206781978,6.486942069,0.207694181,-0.221133216,0.018325957,1756823217
-2.785245506,5.690132143,7.372286431,-0.046425758,-0.328645498,-0.034208453,1756823217
-2.560320182,6.671189409,7.728816998,-0.296880506,-0.508239896,-0.151494579,1756823217
-1.832902112,6.022734484,8.056633694,-0.514348513,-0.777020583,-0.118507856,1756823217
-1.215553881,5.510670448,8.039883936,-0.62308256,-1.121548612,-0.112399204,1756823217
-0.679561618,5.127818832,8.090133211,-0.692721163,-1.459967954,-0.056199602,1756823217
-0.107677017,4.761716974,8.293523132,-0.712268885,-1.700648858,-0.064751715,1756823217
0.433100891,3.974478339,8.659624989,-0.770911896,-1.798387279,-0.07696902,1756823217
1.395015576,3.115455025,8.985048863,-0.791681366,-1.729970407,-0.117286126,1756823217
2.349751793,2.194218324,9.50668419,-0.803898671,-1.562593262,-0.155159771,1756823217
3.177668413,1.349551946,10.26042331,-0.761138104,-1.306029914,-0.184481302,1756823217
3.876372612,0.629312344,10.8945213,-0.691499432,-0.951728024,-0.210137642,1756823217
4.141975921,-0.162711937,11.15294614,-0.56443948,-0.596204472,-0.2565634,1756823217
4.211367776,-1.098305573,11.2127667,-0.41050144,-0.270002435,-0.354301821,1756823217
3.919443419,-1.897508322,11.22712364,-0.206472451,0.07574729,-0.529009279,1756823217
3.572484142,-2.507678085,11.39701404,0.003665191,0.43004911,-0.6414085,1756823218
3.12024067,-2.962314379,11.70329534,0.158824962,0.725707938,-0.767246722,1756823218
2.529213488,-3.428914786,11.9856484,0.283441471,0.988379973,-0.884532865,1756823218
2.105683888,-4.208974953,12.33021486,0.447153372,1.152091874,-0.913854414,1756823218
1.672582997,-5.010570524,12.57428276,0.609643508,1.20706978,-1.001819026,1756823218
1.44526485,-5.599204884,12.8638143,0.811229036,1.104444333,-1.022588409,1756823218
1.31605243,-5.773880934,13.19641664,0.974940938,0.863763482,-0.995710321,1756823218
1.335195011,-5.869593838,13.67737398,1.028697044,0.494800843,-0.949284563,1756823218
1.521835174,-5.596812061,13.93101318,0.949284563,0.068416907,-0.911410953,1756823218
1.902293967,-5.754738353,14.06740407,0.73792519,-0.382401639,-0.823446341,1756823218
2.407179536,-5.950949806,13.67498116,0.415388345,-0.790459636,-0.702495024,1756823218
2.873779943,-6.27637368,12.93559898,0.172263997,-1.189965484,-0.636521596,1756823218
3.263810026,-5.967699564,11.87079292,0.021991149,-1.508837086,-0.526565835,1756823218
3.582055432,-5.192425042,10.70070267,0.006108652,-1.71286611,-0.379958178,1756823218
3.751945837,-4.431507455,9.870393225,0.05253441,-1.835039158,-0.284663184,1756823218
3.89312237,-3.438486076,9.269794752,0.098960169,-1.759291938,-0.151494579,1756823218
3.991228097,-2.196611147,8.879764669,0.227241869,-1.590693063,-0.006108652,1756823218
4.182653905,-0.863808959,8.664410635,0.331088942,-1.357342507,0.061086524,1756823218
4.30708068,0.191425808,8.62373265,0.35918876,-1.022588409,0.124616509,1756823218
4.321437616,1.280160091,8.465806359,0.316428176,-0.734260016,0.22968533,1756823218
4.283152454,2.03389921,8.262416438,0.196698607,-0.463035868,0.327423768,1756823218
4.137190275,2.648854618,7.84127966,0.134390352,-0.218689755,0.41783184,1756823218
3.869194144,3.014956476,7.11386159,0.02565634,-0.017104227,0.49357913,1756823218
3.517449222,3.278166962,6.52522723,0.030543262,0.169820536,0.558330828,1756823218
3.132204783,3.567698497,6.116054566,-0.042760567,0.346971438,0.630412908,1756823218
2.75174599,3.759124305,5.879165128,-0.119729587,0.510683339,0.71837752,1756823218
2.416750826,3.917050596,5.876772306,-0.122173048,0.65973444,0.704938467,1756823218
2.036292033,4.039084549,6.27637368,-0.211359372,0.834441933,0.728151381,1756823218
1.588834206,4.063012775,6.608976021,-0.248011287,1.031140557,0.702495024,1756823218
0.995414202,3.919443419,6.587440618,-0.337197611,1.197295832,0.653625822,1756823218
0.538385085,3.582055432,6.472585133,-0.351858377,1.396437969,0.516792009,1756823218
0.232103792,3.192025348,6.63529707,-0.393397231,1.556484627,0.50701813,1756823218
0.028713871,2.672782844,7.149753929,-0.395840674,1.649336143,0.56443948,1756823218
-0.212961211,2.246860421,8.078169098,-0.30665435,1.695761971,0.548556984,1756823218
-0.538385085,1.966900177,9.542576529,-0.217468025,1.721418189,0.551000445,1756823218
-1.103091219,1.780260014,11.0644117,-0.248011287,1.753183181,0.601091377,1756823218
-1.663011707,1.409372511,12.11007518,-0.291993584,1.760513669,0.514348513,1756823218
-2.323430745,0.667597505,12.55274736,-0.375071256,1.811826262,0.516792009,1756823218
-2.957528734,-0.299102825,12.63171051,-0.408057962,1.820378462,0.497244304,1756823218
-3.455235834,-1.395015576,12.78724397,-0.295658793,1.766622286,0.516792009,1756823218
-3.821337692,-2.44785752,13.18684535,-0.065973446,1.665218709,0.483805251,1756823218
-4.220939066,-3.270988494,13.5840539,0.223576677,1.484402581,0.554665654,1756823218
-4.285545277,-3.577269787,13.49791229,0.494800843,1.214400128,0.530231009,1756823218
-4.283152454,-3.759124305,13.18923817,0.707381928,0.862541681,0.569326385,1756823218
-4.259224228,-3.716053498,12.76331575,0.858876507,0.514348513,0.581543707,1756823218
-4.319044793,-3.622733416,12.48814115,0.989601703,0.206472451,0.675616936,1756823218
-4.06779842,-3.495913819,12.3350005,1.02503187,-0.05253441,0.693942876,1756823218
-3.754338659,-3.462414302,12.27039429,0.995710321,-0.250454748,0.64018677,1756823218
-3.354737285,-3.562912851,12.19621679,0.959058441,-0.421497014,0.719599251,1756823218
-2.904886636,-3.505485109,12.16989574,0.863763482,-0.537561392,0.634078152,1756823218
-2.50289244,-3.378665511,12.03111203,0.79534654,-0.588874125,0.597426203,1756823218
-2.177468566,-3.017349299,11.77268719,0.739146903,-0.592539299,0.594982742,1756823218
-1.971685822,-2.603390989,11.44008485,0.555887367,-0.540004888,0.561996037,1756823218
-1.813759531,-1.667797352,10.75573759,0.405614518,-0.456927198,0.554665654,1756823218
-1.607976787,-0.509671214,10.30827976,0.263893783,-0.386066848,0.427605667,1756823218
-1.43569356,0.471386052,9.93978508,0.158824962,-0.270002435,0.419053553,1756823218
-1.433300737,1.423729447,9.614361207,0.090408055,-0.155159771,0.294437062,1756823218
-1.361516059,2.002792516,9.176474671,-0.013439035,-0.034208453,0.180816111,1756823218
-1.454836141,2.321037922,8.566304908,-0.07574729,0.042760567,0.041538836,1756823218
-1.536192109,2.313859454,7.642675384,-0.105068821,0.085521133,-0.070860368,1756823218
-1.624726545,2.048256146,6.649654005,-0.085521133,0.05253441,-0.092851516,1756823218
-1.581655739,2.105683888,5.776273756,-0.003665191,-0.017104227,-0.158824962,1756823218
-1.581655739,2.411965181,5.180460929,0.030543262,-0.07574729,-0.083077672,1756823218
-1.598405497,2.636890505,4.792823668,0.040317106,-0.079412481,-0.086742864,1756823218
-1.574477271,2.900100991,4.558327053,-0.003665191,-0.086742864,-0.065973446,1756823218
-1.447657673,3.125026316,4.7856452,-0.124616509,-0.095294977,-0.12950343,1756823218
-1.25144622,3.421736318,5.247459962,-0.125838239,-0.098960169,-0.157603231,1756823218
-0.976271621,3.866801322,5.723631659,-0.23090706,-0.174707458,-0.163711884,1756823218
-0.844666378,4.352544309,6.587440618,-0.234572251,-0.237015712,-0.196698607,1756823218
-0.703489844,4.823930362,7.824529902,-0.310319558,-0.304210889,-0.213802833,1756823218
-0.58863436,5.118247541,9.308079914,-0.500909513,-0.309097793,-0.252898209,1756823218
-0.126819598,4.888536572,10.14078218,-0.687834258,-0.291993584,-0.274889357,1756823218
0.351744922,3.771088418,10.36331468,-0.807563845,-0.250454748,-0.279776297,1756823218
0.904486943,2.230110663,10.42074242,-0.763581548,-0.20525072,-0.309097793,1756823218
1.373480172,0.715453957,10.57627589,-0.616973856,-0.168598806,-0.355523586,1756823218
1.732403562,-0.684347264,10.96391315,-0.481361808,-0.080634211,-0.455705485,1756823218
1.957328887,-1.91425808,11.64347477,-0.277332818,0.006108652,-0.469144485,1756823218
1.998006871,-2.959921556,12.35653591,-0.124616509,0.12950343,-0.527787566,1756823218
1.799402595,-4.168296969,13.30648648,-0.003665191,0.317649941,-0.548556984,1756823218
1.507478238,-4.687539473,13.99083374,0.10262536,0.51190507,-0.530231009,1756823218
1.373480172,-5.285745123,14.93360585,0.166155345,0.69882985,-0.56321775,1756823218
1.241874929,-5.61356182,15.77348658,0.290771853,0.7550294,-0.612086969,1756823218
1.222732349,-5.391029318,16.20898029,0.35918876,0.71837752,-0.689055989,1756823218
1.18684001,-4.855037055,16.13240997,0.333532438,0.541226601,-0.758694643,1756823218
1.246660575,-4.113262049,15.53898996,0.262672052,0.222354947,-0.781907487,1756823218
1.378265818,-3.622733416,14.6105748,0.118507856,-0.070860368,-0.77579887,1756823218
1.622333723,-3.189632526,13.34237882,0.043982297,-0.411723171,-0.675616936,1756823218
1.895115499,-2.734996232,12.14596752,-0.035430184,-0.73670346,-0.575435072,1756823218
2.127219291,-2.344966148,11.23669493,-0.046425758,-1.016479791,-0.405614518,1756823218
2.289931228,-1.957328887,10.45184912,-0.092851516,-1.191187214,-0.291993584,1756823218
2.385644132,-1.703689691,9.652646368,-0.134390352,-1.253495469,-0.147829388,1756823218
2.3928226,-1.459621786,8.74337378,-0.086742864,-1.210734954,-0.02443461,1756823218
2.419143649,-0.90209412,7.987241839,0.002443461,-1.076344515,0.047647489,1756823218
2.45742881,-0.22971097,7.47278498,0.120951317,-0.878424247,0.158824962,1756823218
2.529213488,0.559920488,7.204788849,0.224798408,-0.624304273,0.212581103,1756823218
2.476571391,1.253839042,6.967899411,0.25534167,-0.382401639,0.366519143,1756823218
2.385644132,1.974078645,6.762116668,0.382401639,-0.122173048,0.398284135,1756823218
2.210968082,2.498106794,6.556333924,0.441044702,0.130725161,0.519235452,1756823218
1.921436548,2.778067039,5.900700532,0.458148929,0.344527994,0.502131226,1756823218
1.397408398,2.967100024,5.036891573,0.444709893,0.542448332,0.526565835,1756823218
0.985842911,3.05563446,4.524827537,0.438601224,0.735481729,0.551000445,1756823218
0.741775006,3.12024067,4.175475437,0.428827397,0.895528457,0.558330828,1756823218
0.512064036,3.180061235,4.182653905,0.421497014,1.067792436,0.521678896,1756823218
0.332602341,3.311666478,4.599005037,0.448375102,1.227839094,0.519235452,1756823218
0.114855485,3.507877932,5.496313512,0.395840674,1.369559881,0.587652324,1756823218
-0.296710002,3.567698497,6.836294168,0.260228591,1.488067755,0.605978334,1756823218
-0.818345329,3.512663577,8.451449423,0.096516708,1.508837086,0.615752143,1756823218
-1.485942835,3.412165028,10.23410226,-0.194255146,1.540602078,0.620639099,1756823218
-2.287538406,3.043670347,11.62193937,-0.421497014,1.576032367,0.670730032,1756823218
-3.077169864,2.464607278,12.63171051,-0.568104654,1.58947135,0.720820964,1756823218
-3.845265918,1.969293,13.54816156,-0.708603641,1.560149801,0.750142513,1756823218
-4.814359071,1.538584932,14.16311697,-0.805120401,1.484402581,0.7550294,1756823218
-5.6327044,0.961914685,14.16790261,-0.929736893,1.425759501,0.799011714,1756823218
-6.352944003,0.263210486,13.97169116,-0.918741301,1.295034253,0.745255608,1756823218
-6.955935298,-0.461814762,13.81615769,-0.853989603,1.167974301,0.786794462,1756823218
-7.252645301,-1.416550979,13.80180076,-0.664621414,0.998153782,0.75747293,1756823218
-7.192824736,-2.629712037,13.6582314,-0.351858377,0.695164676,0.726929668,1756823218
-6.908078846,-3.637090352,13.23948745,-0.019547688,0.366519143,0.767246722,1756823218
-6.484549246,-3.830908983,12.58146123,0.248011287,0.014660766,0.797789984,1756823218
-6.025127307,-3.65384011,11.83250776,0.395840674,-0.329867229,0.824668072,1756823218
-5.536991496,-3.376272689,11.03330501,0.372627795,-0.599869646,0.753807686,1756823218
-5.027320283,-3.067598573,10.32024387,0.34086282,-0.789237905,0.720820964,1756823218
-4.67557536,-2.64167615,9.901499919,0.271224166,-0.868650369,0.610865238,1756823218
-4.366901245,-2.203789615,9.791430079,0.273667627,-0.81489421,0.50701813,1756823218
-4.134797453,-1.529013641,9.822536773,0.130725161,-0.730594842,0.370184317,1756823218
-4.158725679,-0.701097022,9.688538707,0.054977871,-0.615752143,0.219911486,1756823219
-4.175475437,-0.074177501,9.353543543,0.042760567,-0.50701813,0.069638637,1756823219
-4.256831405,0.088534436,8.496913053,-0.007330383,-0.415388345,-0.047647489,1756823219
-4.206582131,0.306281293,7.11386159,0.086742864,-0.444709893,-0.166155345,1756823219
-4.00319221,0.251246373,6.151946905,0.327423768,-0.592539299,-0.237015712,1756823219
-3.637090352,0.579063069,5.496313512,0.579100246,-0.811229036,-0.307876063,1756823219
-3.266202849,0.70827549,5.070391089,0.821002898,-1.061683819,-0.403171057,1756823219
-3.031706234,1.038485008,4.754538506,0.977384381,-1.285260444,-0.455705485,1756823219
-2.790031152,1.07677017,4.929214556,1.017701504,-1.423316057,-0.422718727,1756823219
-2.526820666,1.792224127,5.414957544,0.946841119,-1.401324874,-0.489913921,1756823219
-2.16311163,2.335394858,6.51565594,0.797789984,-1.384220595,-0.444709893,1756823219
-1.801795418,3.316452124,7.709674417,0.536339679,-1.370781612,-0.58276542,1756823219
-1.629512191,4.07736971,8.805587168,0.241902634,-1.387885769,-0.631634639,1756823219
-1.227517994,4.522434714,9.288937333,-0.095294977,-1.497841564,-0.695164676,1756823219
-0.461814762,4.651647134,9.020941202,-0.365297412,-1.775174365,-0.696386406,1756823219
0.562313311,4.254438583,8.781658942,-0.652404092,-2.080606984,-0.568104654,1756823219
1.268195978,3.594019545,8.882157491,-0.901637092,-2.298074991,-0.504574687,1756823219
2.026720742,3.031706234,9.047262251,-1.16675257,-2.361604976,-0.331088942,1756823219
3.060420105,2.366501551,9.166903381,-1.24494339,-2.320066053,-0.331088942,1756823219
4.161118501,1.749153321,9.372686124,-1.236391172,-2.235766877,-0.25534167,1756823219
4.96032125,0.72741807,9.80100137,-1.150870144,-2.11481542,-0.200363798,1756823219
5.761916821,-0.452243471,10.41117113,-1.038470905,-1.897347412,-0.131946891,1756823219
6.178267953,-1.598405497,11.09791122,-0.907745709,-1.555262914,-0.155159771,1756823219
6.616154489,-2.605783811,11.81815082,-0.704938467,-1.152091874,-0.167377075,1756823219
6.726224329,-3.318844946,12.6101751,-0.491135634,-0.681725623,-0.155159771,1756823219
7.350751027,-3.802195111,13.3304147,-0.310319558,-0.28099801,-0.039095375,1756823219
7.28853764,-3.792623821,14.15354568,-0.072082098,0.094073247,0.092851516,1756823219
7.037291267,-3.263810026,14.51007625,-0.006108652,0.366519143,0.194255146,1756823219
6.522834408,-2.531606311,14.23490165,-0.02565634,0.558330828,0.360410491,1756823219
5.80738045,-1.895115499,13.41177067,-0.116064395,0.646295405,0.558330828,1756823219
5.027320283,-1.636690658,12.46899857,-0.262672052,0.65973444,0.711047172,1756823219
4.350151487,-1.643869126,11.75833026,-0.320093385,0.673173492,0.873537273,1756823219
3.711267853,-1.828116466,11.19840977,-0.372627795,0.75747293,1.012814547,1756823219
3.129811961,-2.158325985,10.64566775,-0.309097793,0.873537273,1.126435517,1756823219
2.603390989,-2.591426876,9.528219593,-0.161268423,1.001819026,1.20584791,1756823219
2.14396905,-2.962314379,8.152346598,0.095294977,1.112996464,1.277930096,1756823219
1.741974853,-2.653640263,7.286144817,0.353080108,1.229060824,1.291369079,1756823219
1.392622753,-1.818545176,6.999006105,0.553443888,1.309695088,1.273043191,1756823219
1.162911784,-0.792024281,6.932007072,0.728151381,1.429424692,1.191187214,1756823219
0.923629524,0.05503492,7.42732135,0.744033878,1.511280529,1.091005281,1756823219
0.643669279,0.799202748,8.731409667,0.638965057,1.583362715,1.099557429,1756823219
0.22971097,1.462014609,10.47817017,0.474031425,1.611462533,0.984714729,1756823219
-0.234496615,2.364108729,12.17707421,0.191811685,1.585806176,0.985936529,1756823219
-0.937986459,3.426521963,13.17009559,-0.096516708,1.557706357,0.91018924,1756823219
-1.543370577,4.06779842,13.17009559,-0.475253155,1.490511216,0.839328837,1756823219
-2.220539373,4.520041891,12.41157083,-0.761138104,1.411098665,0.779464044,1756823219
-2.885744056,4.677968183,11.59801114,-0.974940938,1.363451264,0.604756621,1756823219
-3.378665511,4.560719876,10.88495001,-1.213178398,1.346346968,0.456927198,1756823219
-3.749553014,4.192225195,10.31785105,-1.308473358,1.313360262,0.326202055,1756823219
-3.89312237,3.637090352,9.734002337,-1.343903524,1.215621859,0.201585529,1756823219
-4.005585032,3.050848815,8.865407733,-1.334129715,1.020144965,0.197920337,1756823219
-4.036691726,2.459821633,7.865207886,-1.160643953,0.79534654,0.161268423,1756823219
-4.031906081,1.902293967,6.999006105,-0.932180353,0.56321775,0.20402899,1756823219
-4.051048662,1.576870093,6.484549246,-0.607200064,0.397062405,0.196698607,1756823219
-4.072584065,1.32562372,6.467799488,-0.279776297,0.28221974,0.2565634,1756823219
-4.185046727,1.115055332,6.805187474,0.021991149,0.241902634,0.274889357,1756823219
-4.37168689,0.856630491,7.245466833,0.276111088,0.254119939,0.259006861,1756823219
-4.744967216,0.459421939,7.506284496,0.43615778,0.268780705,0.2565634,1756823219
-5.036891573,-0.157926292,7.223931429,0.62186083,0.28099801,0.118507856,1756823219
-5.288137946,-1.019342428,6.223731583,0.827111515,0.219911486,0.05253441,1756823219
-5.290530769,-1.947757596,5.15413988,1.088561837,0.111177473,-0.053756141,1756823219
-5.120640364,-2.617747924,5.14456859,1.341460081,-0.090408055,-0.123394778,1756823219
-4.919643266,-3.048455992,6.360122471,1.462411398,-0.238237443,-0.177150919,1756823219
-4.948357137,-4.039084549,8.142775308,1.488067755,-0.279776297,-0.291993584,1756823219
-4.826323184,-5.225924558,10.06181903,1.392772795,-0.171042267,-0.516792009,1756823219
-4.907679153,-6.58983344,11.61715372,1.273043191,-0.079412481,-0.807563845,1756823219
-4.989035121,-8.635696763,13.13420325,1.111774751,-0.057421332,-1.042136079,1756823219
-4.857429878,-9.576076045,14.14876003,0.999375495,-0.182037841,-1.370781612,1756823219
-4.335794551,-9.499505722,14.99581923,0.979827825,-0.470366251,-1.587027889,1756823219
-3.036491879,-8.116454259,15.90509182,0.946841119,-1.029918757,-1.73241385,1756823219
-1.083948638,-5.381458027,16.90289885,0.768468452,-1.784948174,-1.650557874,1756823219
0.863808959,-2.581855585,17.77388627,0.551000445,-2.615724863,-1.458746224,1756823219
2.493321149,-0.066999033,17.53460401,0.185703032,-3.260798676,-1.176526519,1756823219
3.747160192,2.091326952,16.08216069,-0.036651914,-3.704286892,-0.930958623,1756823219
4.05822713,2.15354034,13.99322656,-0.287106679,-3.766595024,-0.774577139,1756823219
4.835894475,4.072584065,11.27737291,-0.441044702,-3.714060701,-0.69882985,1756823219
5.175675284,4.331008906,9.329615317,-0.504574687,-3.511253267,-0.559552576,1756823219
5.809773273,4.811966249,8.441878133,-0.605978334,-3.054326191,0.10262536,1756823219
5.522634561,5.017748992,6.888936265,-0.896750187,-2.549751434,0.342084533,1756823219
5.175675284,5.08953367,5.357529801,-1.242499929,-2.03784647,0.450818546,1756823219
4.713860522,4.993820766,3.830908983,-1.525941365,-1.518611017,0.526565835,1756823219
4.247260115,4.900500685,2.69671107,-1.709200936,-0.972497477,0.62186083,1756823219
3.88355108,4.632504554,2.210968082,-1.846034697,-0.376292969,0.614530412,1756823219
3.594019545,4.024727613,2.160718808,-1.7898352,0.199142068,0.555887367,1756823219
3.510270754,3.280559785,2.533999133,-1.62856669,0.728151381,0.532674488,1756823219
3.388236802,2.57706994,3.093919622,-1.324355784,1.192408945,0.471587964,1756823219
2.986242605,1.91425808,3.730410433,-0.911410953,1.610240803,0.470366251,1756823219
2.421536471,1.30648114,4.089333823,-0.553443888,1.894903969,0.41050144,1756823219
1.696511223,0.842273555,4.220939066,-0.157603231,2.048841991,0.353080108,1756823219
1.009771137,0.476171697,4.792823668,0.182037841,2.197893127,0.331088942,1756823219
0.476171697,0.093320081,5.895914886,0.551000445,2.322509758,0.444709893,1756823219
0.160319114,-0.346959277,7.334001269,1.001819026,2.365270272,0.56443948,1756823219
-0.141176533,-0.775274522,9.848857822,1.328020958,2.342057358,0.789237905,1756823219
-0.696311377,-0.758524764,13.54098309,1.541823791,2.204001762,0.940732502,1756823219
-1.550549045,-0.47856452,16.82872135,1.516167574,2.073276636,1.060462019,1756823219
-2.32821639,-0.60777694,18.465412,1.372003342,1.821600193,1.144761387,1756823219
-3.139383251,-0.906879765,18.94397652,1.164309127,1.550376009,1.22417392,1756823219
-3.778266885,-1.385444285,18.78126459,0.880867691,1.233947729,1.230282555,1756823219
-4.12283334,-2.038684855,18.28834313,0.634078152,0.905302266,1.232725998,1756823219
-4.25204576,-2.067398726,18.30987854,0.409279727,0.616973856,1.161865683,1756823219
-3.960121403,-1.368694527,18.54676797,0.17837265,0.390953752,1.174082935,1756823219
-7.743173934,-4.874179636,18.00359724,-0.463035868,0.547335271,1.02503187,1756823219
-5.515456093,-5.769095289,15.37388521,-0.886976326,0.458148929,0.206472451,1756823219
-5.230710204,-6.338587067,13.08156115,-1.127657247,0.41661011,0.020769418,1756823219
-4.682753828,-5.654239804,11.20080259,-1.111774751,0.238237443,-0.28099801,1756823219
-4.101297936,-4.180261082,9.303294269,-0.943175945,-0.020769418,-0.442266432,1756823219
-3.383451156,-2.531606311,7.800601676,-0.669508319,-0.379958178,-0.618195586,1756823219
-2.703889538,-1.42612227,6.747759732,-0.504574687,-0.753807686,-0.654847535,1756823219
-2.050648968,-0.409172665,5.783452224,-0.332310707,-1.111774751,-0.777020583,1756823219
-1.462014609,0.301495648,4.917250443,-0.243124365,-1.400103143,-0.855211333,1756823219
-0.959521863,0.866201781,4.213760599,-0.237015712,-1.584584445,-0.889419769,1756823219
-0.569491779,1.265803155,3.629911884,-0.244346095,-1.700648858,-0.908967509,1756823219
-0.275174599,1.476371544,3.144168896,-0.249233017,-1.738522485,-0.868650369,1756823219
0.066999033,1.282552914,2.737389054,-0.171042267,-1.693318388,-0.864985195,1756823219
0.30388847,0.995414202,2.041077678,-0.031764992,-1.63589716,-0.781907487,1756823219
0.461814762,1.01216396,1.330409366,0.135612083,-1.563814975,-0.580321976,1756823219
0.655633392,1.280160091,1.402194044,0.464257581,-1.521054478,-0.5131268,1756823219
1.009771137,1.933400661,2.708675183,0.827111515,-1.3976597,-0.350636647,1756823219
1.232303639,2.600998166,5.067998267,1.150870144,-1.144761387,-0.196698607,1756823219
1.244267752,3.251845913,8.248059502,1.221730476,-0.726929668,-0.080634211,1756823219
1.146162025,3.94815729,11.25344469,1.134987595,-0.072082098,0.013439035,1756823219
0.880558717,4.094119469,13.57448261,0.968832233,0.647517118,0.067195176,1756823219
0.205782744,3.558127206,14.75414415,0.714712346,1.280373557,0.167377075,1756823219
-1.064806057,2.538784779,16.02712577,0.667064858,1.799609009,0.161268423,1756823219
-3.316452124,1.13180509,17.98924031,0.662177901,2.343278966,0.030543262,1756823219
-5.280959478,-0.638883634,19.4177554,0.604756621,2.6609291,-0.211359372,1756823220
-6.11126892,-2.510070907,19.04208225,0.607200064,2.558303652,-0.494800843,1756823220
-6.384050697,-3.428914786,19.37947024,0.62186083,1.929112405,-0.565661211,1756823220
-5.996413436,-3.869194144,19.96571177,0.558330828,0.935845527,-0.504574687,1756823220
-5.309673349,-3.984049629,19.70010847,0.327423768,-0.326202055,-0.49357913,1756823220
-4.041477371,-4.508077778,18.48455458,0.095294977,-1.607797359,-0.532674488,1756823220
-1.962114532,-5.25463843,17.03450409,-0.068416907,-2.681698291,-0.452040276,1756823220
0.492921456,-5.096712138,15.49352634,-0.304210889,-3.632204724,-0.360410491,1756823220
2.514856553,-4.098905114,13.95254858,-0.409279727,-4.367686453,-0.323758559,1756823220
4.048655839,-2.603390989,11.87557856,-0.559552576,-4.729318692,-0.161268423,1756823220
4.902893507,-0.969093153,9.439685157,-0.646295405,-4.715879848,-0.041538836,1756823220
5.462813996,0.200997098,7.262216591,-0.668286588,-4.408003524,0.144164196,1756823220
5.900700532,0.887737185,5.259424075,-0.662177901,-3.892433368,0.394618961,1756823220
6.020341662,1.177268719,3.503092286,-0.592539299,-3.251024868,0.598647916,1756823220
5.958128274,1.239482107,2.220539373,-0.576656802,-2.544864547,0.777020583,1756823220
5.627918755,1.234696462,1.378265818,-0.520457183,-1.887573621,0.838107107,1756823220
5.216353268,1.275374446,0.825523797,-0.474031425,-1.233947729,0.877202447,1756823220
4.670789715,1.328016543,0.492921456,-0.557109097,-0.605978334,0.836885394,1756823220
4.127618985,1.344766301,0.224925324,-0.615752143,-0.037873645,0.783129218,1756823220
3.512663577,1.299302672,-0.014356936,-0.753807686,0.530231009,0.701273293,1756823220
2.897708169,1.01216396,-0.052642097,-0.772133696,1.083674933,0.656069266,1756823220
2.411965181,0.401994197,0.100498549,-0.703716754,1.649336143,0.520457183,1756823220
2.021935097,-0.416351132,0.610169763,-0.553443888,2.149023856,0.419053553,1756823220
1.718046627,-1.292124204,1.462014609,-0.20402899,2.612059828,0.245567826,1756823220
1.540977754,-2.148754695,2.648854618,0.217468025,2.962696405,0.086742864,1756823220
1.569691626,-2.63210486,4.292723744,0.619417386,3.197268692,-0.043982297,1756823220
1.852044692,-2.639283328,6.999006105,1.075122784,3.281568129,-0.091629786,1756823220
1.919043725,-2.067398726,11.15773178,1.395216239,3.409849672,-0.155159771,1756823220
1.574477271,-1.134197912,16.74018691,1.640784065,3.540574938,-0.094073247,1756823220
0.887737185,-0.014356936,21.10469533,1.602910315,3.619987471,-0.135612083,1756823220
-0.004785645,0.490528633,22.0857526,1.55159774,3.351206609,-0.015882496,1756823220
-0.689132909,0.705882667,22.95674002,1.356120776,2.646268125,0.337197611,1756823220
-1.679761465,-0.425922423,20.81037815,1.009149374,1.645670969,0.634078152,1756823220
-2.639283328,-1.37108735,19.7886429,0.800233427,0.834441933,0.67928211,1756823220
-3.218346397,-1.933400661,21.27458574,0.339641055,0.323758559,0.653625822,1756823220
-3.40498656,-3.455235834,21.03530348,-0.243124365,0,0.607200064,1756823220
-2.75174599,-4.685146651,18.83390668,-0.674395206,-0.217468025,0.532674488,1756823220
-2.493321149,-5.395814963,16.35733529,-0.979827825,-0.381179909,0.425162223,1756823220
-2.397608245,-4.917250443,14.05065431,-1.111774751,-0.448375102,0.290771853,1756823220
-2.256431712,-3.82851616,12.06461155,-1.143539674,-0.480140077,0.100181899,1756823220
-2.093719775,-2.404786713,10.15035347,-1.14720497,-0.442266432,-0.086742864,1756823220
-2.02432792,-1.411765334,8.370093455,-1.106887777,-0.390953752,-0.249233017,1756823220
-1.873580096,-0.538385085,6.76450949,-1.045801253,-0.35918876,-0.428827397,1756823220
-1.720439449,-0.093320081,5.338387221,-0.937067258,-0.322536846,-0.610865238,1756823220
-1.524227996,0.210568389,4.101297936,-0.79412481,-0.343306264,-0.7550294,1756823220
-1.440479205,0.567098956,3.036491879,-0.668286588,-0.404392788,-0.924850006,1756823220
-1.265803155,1.079162993,2.177468566,-0.467922755,-0.515570278,-1.075122784,1756823220
-1.055234767,1.636690658,1.459621786,-0.224798408,-0.608421795,-1.161865683,1756823220
-0.751346296,2.112862356,1.115055332,0.062308254,-0.704938467,-1.218065302,1756823220
-0.327816696,2.531606311,0.856630491,0.346971438,-0.767246722,-1.176526519,1756823220
0.083748791,2.983849782,0.660419038,0.527787566,-0.835663663,-1.115439925,1756823220
0.531206617,3.089133977,0.732203716,0.722042694,-0.924850006,-0.966388789,1756823220
0.921236701,3.122633493,1.378265818,0.784350948,-0.985936529,-0.774577139,1756823220
1.210768236,3.311666478,2.787638329,0.79412481,-0.933402084,-0.540004888,1756823220
1.454836141,3.914657774,4.922036088,0.685390797,-0.77579887,-0.283441471,1756823220
1.627119368,4.206582131,7.489534738,0.56321775,-0.408057962,-0.094073247,1756823220
1.751546143,4.19701084,10.07139032,0.503352956,0.039095375,0.092851516,1756823220
1.732403562,3.684946804,12.36850002,0.412944901,0.566882941,0.196698607,1756823220
1.450050496,3.132204783,13.785051,0.41050144,1.083674933,0.266337244,1756823220
0.703489844,2.64167615,14.9814623,0.376292969,1.599245141,0.362853969,1756823220
-0.619741053,1.761117434,17.14457393,0.355523586,2.145358682,0.405614518,1756823220
-2.127219291,-0.440279358,19.65225201,0.398284135,2.753780476,0.343306264,1756823220
-3.354737285,-4.73061028,21.68136558,0.751364226,3.200933743,0.288328392,1756823220
-4.31665197,-6.52522723,22.91366922,1.028697044,3.177721091,0.167377075,1756823220
-5.285745123,-6.960720943,24.10529487,0.973719207,2.739119763,0.07696902,1756823220
-6.183053598,-7.1784678,23.35873422,0.605978334,1.816713149,0.003665191,1756823220
-6.915257314,-7.953742322,20.434705,0.138055544,0.605978334,-0.131946891,1756823220
-6.269195212,-8.906085717,17.64706668,-0.234572251,-0.668286588,-0.309097793,1756823220
-4.79521649,-8.805587168,15.57727513,-0.458148929,-1.893682238,-0.423940493,1756823220
-2.644068973,-7.6019974,14.02194044,-0.629191178,-2.951700744,-0.475253155,1756823220
-0.555134843,-5.843272789,12.34696462,-0.761138104,-3.766595024,-0.503352956,1756823220
1.308873962,-3.543770271,10.67677444,-0.770911896,-4.309043373,-0.530231009,1756823220
2.823530668,-1.517049528,8.879764669,-0.713490616,-4.574158677,-0.408057962,1756823220
3.854837209,0.191425808,6.8291157,-0.570548115,-4.693888525,-0.321315115,1756823220
4.54636294,1.296909849,5.192425042,-0.491135634,-4.582711139,-0.190589954,1756823220
5.044070041,2.017149452,3.651447288,-0.43615778,-4.229630839,0.040317106,1756823220
5.304887704,2.227717841,2.344966148,-0.425162223,-3.717725752,0.111177473,1756823220
5.446064238,2.277967115,1.411765334,-0.445931606,-3.122743063,0.226020138,1756823220
5.429314479,2.301895341,0.753739119,-0.370184317,-2.423913352,0.345749707,1756823220
5.146961413,1.954936064,0.464207584,-0.287106679,-1.766622286,0.362853969,1756823220
4.670789715,1.883151386,0.157926292,-0.248011287,-1.127657247,0.405614518,1756823220
3.979263984,2.021935097,-0.131605243,-0.215024564,-0.483805251,0.408057962,1756823220
3.263810026,2.266003002,-0.308674115,-0.183259571,0.134390352,0.375071256,1756823220
2.648854618,2.256431712,-0.191425808,-0.273667627,0.715934059,0.251676478,1756823220
2.20857526,2.060220259,0.035892339,-0.323758559,1.276708383,0.095294977,1756823220
1.940579129,1.418943802,0.516849682,-0.326202055,1.77028746,-0.043982297,1756823220
1.825723644,0.473778875,1.249053397,-0.171042267,2.177123674,-0.212581103,1756823220
1.746760498,-0.729810893,2.191825502,0.036651914,2.563190557,-0.401949344,1756823220
1.825723644,-1.636690658,3.428914786,0.43615778,2.896722977,-0.527787566,1756823220
2.093719775,-2.419143649,5.637490046,0.801455158,3.119078028,-0.612086969,1756823220
2.467000101,-2.565105827,9.384650237,1.117883438,3.24369452,-0.649960648,1756823220
2.684746957,-1.871187273,15.12742448,1.232725998,3.384193315,-0.634078152,1756823220
2.87138712,-0.983450089,21.43251203,1.143539674,3.541796529,-0.587652324,1756823220
2.746960345,-1.172483074,23.6004093,1.117883438,3.459940796,-0.428827397,1756823220
2.203789615,-1.629512191,23.49512511,1.131322421,2.977357101,-0.079412481,1756823220
1.174875897,-2.720639296,22.27717841,1.102000872,2.073276636,0.339641055,1756823220
-0.820738152,-4.125226162,20.70030831,1.031140557,1.363451264,0.441044702,1756823220
-1.521835174,-4.027120436,21.3870484,0.616973856,0.861319951,0.447153372,1756823220
-1.873580096,-4.120440517,21.47558284,0.157603231,0.553443888,0.349414916,1756823220
-1.988435581,-4.520041891,19.82214242,-0.185703032,0.362853969,0.331088942,1756823220
-2.33778768,-4.381258181,18.17348765,-0.427605667,0.265115513,0.210137642,1756823220
-2.670390022,-3.641875997,16.37169223,-0.687834258,0.210137642,0.034208453,1756823220
-2.928814862,-2.80678091,14.56750399,-0.869872099,0.166155345,-0.149051118,1756823220
-2.940778975,-1.935793483,12.58624688,-0.933402084,0.062308254,-0.310319558,1756823220
-2.916850749,-0.930807991,10.26760178,-1.001819026,-0.074525559,-0.356745317,1756823220
-2.950350266,0.107677017,8.197810228,-0.92851518,-0.2565634,-0.471587964,1756823220
-2.897708169,0.926022346,6.295516261,-0.840550568,-0.408057962,-0.598647916,1756823220
-2.732603409,1.428515092,4.60139786,-0.748920782,-0.543670062,-0.664621414,1756823220
-2.498106794,1.773081547,3.201596639,-0.6414085,-0.678060379,-0.803898671,1756823220
-2.285145583,2.100898243,2.079362839,-0.60353489,-0.750142513,-0.868650369,1756823220
-2.045863323,2.187039856,1.280160091,-0.568104654,-0.818559454,-0.972497477,1756823220
-1.763510256,2.155933163,0.875773072,-0.445931606,-0.83199842,-0.999375495,1756823220
-1.397408398,2.029113565,0.808774039,-0.376292969,-0.802676958,-1.058018575,1756823220
-0.916451056,1.887937031,0.777667345,-0.223576677,-0.759916374,-1.077566315,1756823220
-0.385244439,1.873580096,0.600598473,-0.079412481,-0.744033878,-0.938288971,1756823220
0.035892339,1.952543242,0.643669279,0.158824962,-0.739146903,-0.79412481,1756823220
0.449850649,2.20857526,1.280160091,0.460592372,-0.769690165,-0.592539299,1756823220
0.72741807,2.524427843,2.605783811,0.702495024,-0.769690165,-0.458148929,1756823220
0.861416136,2.900100991,4.287938099,0.863763482,-0.674395206,-0.317649941,1756823220
0.818345329,3.201596639,6.352944003,0.960280154,-0.41050144,-0.188146493,1756823220
0.650847747,3.156133009,8.831908217,0.941954215,-0.05131268,-0.012217305,1756823220
0.480957343,2.598605344,10.82991509,0.828333246,0.320093385,0.080634211,1756823220
0.157926292,1.612762432,12.37328566,0.751364226,0.71837752,0.226020138,1756823220
-0.354137745,0.631705166,14.03151173,0.681725623,1.054353401,0.373849526,1756823220
-1.122233799,-0.346959277,15.87637795,0.731816555,1.34023835,0.466701042,1756823220
-2.569891472,-1.825723644,18.28355749,0.803898671,1.754404912,0.456927198,1756823221
-4.158725679,-4.534398827,20.74816476,1.100779159,2.194227953,0.376292969,1756823221
-4.299902212,-6.599404731,21.32483501,1.445307119,2.229658119,0.291993584,1756823221
-4.735395925,-6.427121504,22.81556349,1.56992361,1.7898352,0.213802833,1756823221
-5.422136012,-5.364708269,24.01436761,1.304808184,1.076344515,0.120951317,1756823221
-6.003591903,-4.917250443,23.05245293,0.751364226,0.15393804,-0.041538836,1756823221
-5.587240771,-5.094319315,20.7625217,0.266337244,-0.880867691,-0.278554549,1756823221
-4.153940034,-4.867001168,19.08036741,-0.200363798,-1.893682238,-0.381179909,1756823221
-2.285145583,-4.118047695,17.58724611,-0.514348513,-2.791654086,-0.557109097,1756823221
-0.373280326,-2.988635427,15.76870093,-0.807563845,-3.572339791,-0.568104654,1756823221
1.447657673,-1.682154288,13.4141635,-1.001819026,-4.159992377,-0.592539299,1756823221
2.995813895,-0.428315245,10.77966581,-1.116661655,-4.554611059,-0.483805251,1756823221
4.041477371,0.48813581,8.463413536,-1.193630658,-4.732983743,-0.362853969,1756823221
4.811966249,1.127019445,6.436692794,-1.229060824,-4.669454038,-0.138055544,1756823221
5.462813996,1.627119368,4.479363907,-1.258382356,-4.375016801,0.135612083,1756823221
5.931807225,1.92382937,2.8163522,-1.287703905,-3.871663915,0.364075699,1756823221
6.226124405,2.057827436,1.442872028,-1.203404467,-3.221703196,0.552222158,1756823221
6.290730615,2.093719775,0.571884601,-1.130100691,-2.537534182,0.75747293,1756823221
6.120840211,2.122433646,0.107677017,-0.988379973,-1.833817445,0.819781167,1756823221
5.73320295,2.041077678,-0.107677017,-0.922406475,-1.075122784,0.906523996,1756823221
5.175675284,2.08893413,-0.311066938,-0.869872099,-0.366519143,0.861319951,1756823221
4.565505521,1.909472435,-0.212961211,-0.764803278,0.285884914,0.839328837,1756823221
4.005585032,1.588834206,-0.052642097,-0.685390797,0.938288971,0.769690165,1756823221
3.471985593,1.174875897,0.289531535,-0.454483755,1.517389287,0.653625822,1756823221
2.888136878,0.65324057,0.803988394,-0.184481302,2.059837531,0.552222158,1756823221
2.404786713,0.057427742,1.612762432,0.166155345,2.50699092,0.356745317,1756823221
2.062613081,-0.545563553,2.75174599,0.570548115,2.874731933,0.171042267,1756823221
1.897508322,-1.074377347,4.474578262,1.086118394,3.144734124,-0.047647489,1756823221
1.775474369,-1.37108735,6.94875683,1.456302763,3.343876244,-0.109955743,1756823221
1.596012674,-1.093519928,10.58106154,1.861917246,3.43550603,-0.119729587,1756823221
0.94755775,-0.449850649,14.55553988,1.987755468,3.505144772,-0.207694181,1756823221
0.021535403,0.016749758,16.68993764,2.04028993,3.380528263,-0.207694181,1756823221
-1.241874929,-0.155533469,17.83609966,2.017077017,2.9297097,-0.147829388,1756823221
-2.177468566,-0.698704199,18.95833346,1.86558242,2.102598167,0.065973446,1756823221
-2.790031152,-2.026720742,20.07338879,1.407433491,1.080009759,0.092851516,1756823221
-3.026920589,-4.453042859,17.0033974,1.088561837,0.186924763,0.072082098,1756823221
-3.390629624,-6.137589969,17.30967869,0.828333246,-0.266337244,-0.10262536,1756823221
-1.931007838,-6.726224329,18.97029757,0.372627795,-0.474031425,-0.245567826,1756823221
-0.48813581,-6.683153522,18.52283975,0.032986723,-0.481361808,-0.346971438,1756823221
0.351744922,-5.867201015,17.42453417,-0.22968533,-0.441044702,-0.301767445,1756823221
0.555134843,-4.445864391,16.08455352,-0.459370659,-0.372627795,-0.245567826,1756823221
0.409172665,-2.581855585,14.8761781,-0.646295405,-0.2565634,-0.149051118,1756823221
0.12921242,-0.995414202,13.52184051,-0.81489421,-0.207694181,-0.079412481,1756823221
-0.179461695,0.320638228,12.1340034,-0.94806285,-0.145385927,-0.085521133,1756823221
-0.48813581,1.373480172,11.00459114,-1.012814547,-0.094073247,-0.134390352,1756823221
-0.691525731,2.074577194,9.829715241,-1.094670524,-0.053756141,-0.25534167,1756823221
-0.832702265,2.409572358,8.480163294,-1.102000872,-0.043982297,-0.382401639,1756823221
-0.875773072,2.428714939,6.738188442,-1.099557429,-0.05253441,-0.500909513,1756823221
-0.859023313,2.297109696,5.087140848,-1.093448811,-0.146607657,-0.670730032,1756823221
-0.732203716,2.222932195,3.940978822,-1.02503187,-0.233350521,-0.719599251,1756823221
-0.521635327,2.222932195,3.22073922,-0.974940938,-0.337197611,-0.790459636,1756823221
-0.167497582,2.141576227,2.902493814,-0.824668072,-0.421497014,-0.858876507,1756823221
0.263210486,1.715653804,2.754138813,-0.689055989,-0.448375102,-0.806342132,1756823221
0.579063069,1.359123237,2.493321149,-0.343306264,-0.384845083,-0.689055989,1756823221
0.698704199,1.368694527,2.124826469,0.042760567,-0.289550123,-0.54611354,1756823221
0.696311377,1.672582997,1.921436548,0.423940493,-0.215024564,-0.38362337,1756823221
0.729810893,2.053041791,2.349751793,0.709825372,-0.151494579,-0.301767445,1756823221
0.8470592,2.467000101,3.663411401,0.801455158,-0.089186325,-0.226020138,1756823221
0.933200814,2.699103893,5.603990529,0.748920782,0.045204028,-0.113620934,1756823221
1.019342428,2.589034053,7.668996433,0.533896218,0.291993584,-0.021991149,1756823221
1.000199847,2.141576227,9.736395159,0.273667627,0.630412908,0.008552113,1756823221
0.751346296,1.335195011,11.09791122,0.07819075,1.040914348,0.134390352,1756823221
0.227318147,0.179461695,11.30608679,-0.039095375,1.418429031,0.223576677,1756823221
-0.524028149,-1.170090251,11.77508001,0.072082098,1.72386165,0.331088942,1756823221
-1.689332756,-2.615355102,12.97627696,0.2565634,1.96209911,0.28099801,1756823221
-2.952743088,-4.677968183,14.69910923,0.49357913,2.19178451,0.210137642,1756823221
-3.806980757,-7.12343288,15.64666698,0.957836711,2.293188087,0.091629786,1756823221
-4.189832373,-9.253044994,16.73540126,1.401324874,2.201558301,0.073303829,1756823221
-4.144368743,-10.38963573,19.07318894,1.764178843,1.820378462,0.17959438,1756823221
-4.3621156,-10.57627589,21.01137525,1.800830722,1.145983257,0.28099801,1756823221
-4.395615116,-10.84905767,22.23650042,1.546710835,0.389732022,0.22968533,1756823221
-3.436093254,-10.14078218,21.7364005,1.203404467,-0.470366251,0.108734012,1756823221
-2.270788647,-8.039883936,20.27438589,0.916297857,-1.4172073,-0.05131268,1756823221
-1.246660575,-5.295316414,18.4438766,0.629191178,-2.146580412,-0.172263997,1756823221
-0.308674115,-2.794816797,16.42672715,0.437379493,-2.613281419,-0.227241869,1756823221
0.41395831,-0.72741807,14.56989681,0.125838239,-2.897944568,-0.259006861,1756823221
1.174875897,0.803988394,12.88295688,-0.118507856,-3.079982548,-0.266337244,1756823221
1.935793483,1.799402595,11.20319541,-0.421497014,-3.115412715,-0.279776297,1756823221
2.608176634,2.344966148,9.750752095,-0.615752143,-3.0641,-0.227241869,1756823221
3.122633493,2.483749859,8.472984827,-0.734260016,-2.912605543,-0.113620934,1756823221
3.424129141,2.414358003,6.999006105,-0.829554976,-2.725680658,-0.002443461,1756823221
3.582055432,2.536391956,5.539384319,-0.824668072,-2.494773668,0.05009095,1756823221
3.605983658,2.734996232,4.264009873,-0.840550568,-2.224771215,0.069638637,1756823221
3.617947771,3.024527766,3.180061235,-0.807563845,-1.905899491,0.169820536,1756823221
3.670589868,3.261417204,2.443071875,-0.810007306,-1.535715174,0.173485728,1756823221
3.694518094,3.316452124,2.084148485,-0.763581548,-1.138652769,0.200363798,1756823221
3.747160192,3.318844946,2.019542274,-0.65973444,-0.703716754,0.249233017,1756823221
3.680161159,3.385843979,2.08893413,-0.569326385,-0.296880506,0.145385927,1756823221
3.5892339,3.689732449,2.280359938,-0.405614518,0.144164196,0.116064395,1756823221
3.46002148,4.103690759,2.603390989,-0.2565634,0.527787566,0.079412481,1756823221
3.278166962,4.453042859,2.86181583,-0.184481302,0.862541681,0.068416907,1756823221
3.038884702,4.467399794,2.87138712,-0.039095375,1.119105169,0.047647489,1756823221
2.646461796,4.223331889,2.658425909,0.07819075,1.313360262,-0.00122173,1756823221
2.261217357,3.806980757,2.943171798,0.260228591,1.431868136,-0.046425758,1756823221
2.096112598,3.34038035,4.089333823,0.389732022,1.470963476,-0.100181899,1756823221
2.15354034,3.038884702,5.881557951,0.456927198,1.470963476,-0.135612083,1756823221
2.256431712,2.900100991,8.291130309,0.51190507,1.49295466,-0.200363798,1756823221
2.340180503,2.627319215,10.58106154,0.393397231,1.463633128,-0.109955743,1756823221
2.514856553,2.285145583,12.50728373,0.246789556,1.419650744,-0.114842665,1756823221
2.974278492,1.715653804,14.0602256,0.108734012,1.287703905,-0.020769418,1756823221
3.596412368,1.01216396,15.48874069,-0.054977871,1.097113985,0.092851516,1756823221
4.278366809,0.148355001,16.89572038,-0.240680904,0.857654777,0.145385927,1756823221
4.106083582,-1.093519928,17.41496288,-0.35918876,0.745255608,0.144164196,1756823221
3.450450189,-3.048455992,17.10868159,-0.368962586,0.984714729,-0.035430184,1756823221
3.012563653,-5.123033187,16.86939933,-0.262672052,1.329242828,-0.221133216,1756823221
2.569891472,-6.522834408,16.26880086,-0.224798408,1.690874927,-0.370184317,1756823221
2.055434613,-7.135396993,15.7017019,-0.112399204,1.908342934,-0.461814103,1756823221
1.301695494,-7.235895542,15.10588907,-0.120951317,1.966986015,-0.481361808,1756823221
0.35892339,-6.723831506,14.42872028,-0.184481302,1.964542571,-0.521678896,1756823221
-0.710668312,-5.91745029,13.70848068,-0.310319558,1.876577959,-0.607200064,1756823221
-1.588834206,-4.711467699,12.86620712,-0.472809694,1.728748676,-0.774577139,1756823221
-2.289931228,-3.177668413,11.77508001,-0.54611354,1.490511216,-0.943175945,1756823221
-2.782852684,-1.756331788,10.30349412,-0.609643508,1.161865683,-1.012814547,1756823221
-2.964707201,-0.665204683,8.633303941,-0.60353489,0.768468452,-1.093448811,1756823221
-3.072384218,0.210568389,6.960720943,-0.593761012,0.35796703,-1.094670524,1756823221
-3.050848815,1.055234767,5.592026416,-0.54611354,0.023212879,-1.054353401,1756823221
-2.943171798,1.715653804,4.898107862,-0.50701813,-0.277332818,-1.065348993,1756823221
-2.677568489,2.32821639,4.723431812,-0.544891775,-0.50701813,-1.103222603,1756823221
-2.409572358,2.663211554,4.852644233,-0.56443948,-0.652404092,-1.016479791,1756823221
-2.160718808,2.773281393,4.888536572,-0.56443948,-0.723264425,-1.028697044,1756823221
-1.91425808,2.694318248,4.838287297,-0.433714319,-0.697608119,-0.918741301,1756823221
-1.691725578,2.555534537,4.3621156,-0.246789556,-0.68050391,-0.83322022,1756823221
-1.42612227,2.474178568,3.744767369,0.015882496,-0.685390797,-0.676838666,1756823221
-1.179661542,2.778067039,3.507877932,0.233350521,-0.686612528,-0.464257581,1756823221
-1.052841944,3.192025348,4.261617051,0.425162223,-0.693942876,-0.228463599,1756823221
-1.138983558,3.570091319,6.190232066,0.538783158,-0.643851944,0.02687807,1756823222
-1.351944769,3.668197046,8.712267087,0.574213359,-0.522900626,0.063529985,1756823222
-1.538584932,3.2398818,11.00698396,0.524122392,-0.324980324,0.135612083,1756823222
-1.679761465,2.220539373,12.56231865,0.477696634,-0.089186325,0.009773844,1756823222
-1.875972918,0.672383151,13.08873962,0.475253155,0.094073247,-0.118507856,1756823222
-2.072184372,-1.071984525,13.38784245,0.577878533,0.195476876,-0.254119939,1756823222
-2.148754695,-2.766102926,14.18943802,0.774577139,0.327423768,-0.350636647,1756823222
-2.072184372,-4.512863424,14.89532068,0.972497477,0.381179909,-0.469144485,1756823222
-2.053041791,-5.783452224,16.15873102,1.236391172,0.291993584,-0.636521596,1756823222
-1.995614048,-6.369693761,17.95095515,1.393994526,0.031764992,-0.657290996,1756823222
-1.612762432,-6.427121504,19.32922096,1.262047547,-0.378736465,-0.739146903,1756823222
-1.122233799,-6.065805291,19.78385726,1.032362287,-0.918741301,-0.719599251,1756823222
-0.442672181,-5.848058434,19.20957983,0.632856352,-1.453859319,-0.75747293,1756823222
0.552742021,-5.74277424,17.95574079,0.218689755,-1.965764284,-0.830776689,1756823222
1.634297836,-5.699703433,16.43869126,-0.130725161,-2.406808934,-0.821002898,1756823222
2.739781877,-5.012963347,14.62732455,-0.378736465,-2.728124119,-0.842994011,1756823222
3.608376481,-3.804587934,12.83031478,-0.444709893,-2.965139849,-0.801455158,1756823222
4.216153421,-2.411965181,11.08594711,-0.49357913,-3.0836476,-0.758694643,1756823222
4.48175673,-0.583848714,9.46122056,-0.510683339,-3.060434948,-0.635299883,1756823222
4.639683021,0.502492746,8.286344664,-0.597426203,-2.913827134,-0.447153372,1756823222
4.735395925,1.433300737,7.046862557,-0.648738848,-2.676811387,-0.289550123,1756823222
4.788038023,2.060220259,5.783452224,-0.656069266,-2.387261333,-0.092851516,1756823222
4.77607391,2.435893407,4.7856452,-0.629191178,-2.034181296,-0.02565634,1756823222
4.563112698,2.720639296,3.909872128,-0.576656802,-1.634675447,0.081855942,1756823222
4.29750939,3.158525832,3.129811961,-0.557109097,-1.259604086,0.111177473,1756823222
3.960121403,3.577269787,2.493321149,-0.566882941,-0.868650369,0.157603231,1756823222
3.632304707,3.88355108,1.940579129,-0.586430594,-0.464257581,0.147829388,1756823222
3.354737285,3.747160192,1.701296869,-0.593761012,-0.080634211,0.157603231,1756823222
3.074777041,3.531806158,1.464407431,-0.593761012,0.28221974,0.150272849,1756823222
2.778067039,3.2398818,1.335195011,-0.553443888,0.60353489,0.085521133,1756823222
2.411965181,2.962314379,1.335195011,-0.471587964,0.92851518,0.057421332,1756823222
2.115255178,2.703889538,1.550549045,-0.237015712,1.202182736,-0.017104227,1756823222
1.806581063,2.122433646,2.105683888,0.010995574,1.422094327,-0.090408055,1756823222
1.6199409,1.347159124,2.821137845,0.322536846,1.622458055,-0.206472451,1756823222
1.639083481,0.521635327,4.165904147,0.665843145,1.73119212,-0.323758559,1756823222
1.895115499,-0.53359944,6.264409567,0.923628205,1.734857311,-0.497244304,1756823222
2.242074776,-1.160518961,9.26740193,1.134987595,1.714087841,-0.604756621,1756823222
2.581855585,-1.02173525,13.52423334,1.176526519,1.653001317,-0.596204472,1756823222
3.005385186,-0.327816696,17.04407538,1.091005281,1.521054478,-0.598647916,1756823222
3.723231966,0.095712904,18.13998813,1.042136079,1.277930096,-0.471587964,1756823222
4.922036088,0.062213388,17.99163313,1.0054842,0.79412481,-0.090408055,1756823222
5.618347465,-0.30388847,17.46760498,1.009149374,0.223576677,0.288328392,1756823222
4.701896409,-0.564706134,16.90768449,0.989601703,0.018325957,0.516792009,1756823222
4.223331889,-1.143769203,17.53699684,0.784350948,0.337197611,0.401949344,1756823222
4.30708068,-1.758724611,18.2213441,0.48747046,0.824668072,0.295658793,1756823222
3.964907048,-2.76131728,17.70449442,0.213802833,1.357342507,0.235793982,1756823222
2.684746957,-3.881158257,16.83829264,0.056199602,1.877799672,0.177150919,1756823222
1.256231865,-4.512863424,15.93141287,-0.147829388,2.318844462,0.122173048,1756823222
-0.045463629,-4.247260115,14.96949819,-0.254119939,2.7000243,0.032986723,1756823222
-1.397408398,-3.366701398,13.88794237,-0.343306264,2.927266239,0.02443461,1756823222
-2.746960345,-2.277967115,12.41635647,-0.476474868,2.9492573,-0.086742864,1756823222
-3.790230998,-1.117448154,11.01894807,-0.485027017,2.706133058,-0.100181899,1756823222
-4.807180603,-0.179461695,9.839286531,-0.537561392,2.244318815,-0.23090706,1756823222
-5.577669481,0.547956375,8.705088619,-0.565661211,1.602910315,-0.324980324,1756823222
-5.893522064,1.050449121,7.501498851,-0.60231309,0.846659185,-0.406836231,1756823222
-5.692524965,1.404586866,6.343372713,-0.579100246,0.085521133,-0.518013722,1756823222
-5.111069074,1.883151386,5.367101092,-0.450818546,-0.527787566,-0.504574687,1756823222
-4.515256246,2.419143649,4.735395925,-0.384845083,-0.999375495,-0.532674488,1756823222
-3.993620919,2.876172765,4.134797453,-0.30665435,-1.341460081,-0.537561392,1756823222
-3.35952293,3.038884702,3.565305674,-0.244346095,-1.584584445,-0.591317568,1756823222
-2.744567522,2.780459861,2.890529701,-0.188146493,-1.73241385,-0.587652324,1756823222
-2.103291065,2.170290098,2.170290098,-0.05009095,-1.819156732,-0.510683339,1756823222
-1.531406464,1.78504566,1.466800254,0.089186325,-1.861917246,-0.362853969,1756823222
-1.048056299,1.780260014,1.296909849,0.320093385,-1.929112405,-0.217468025,1756823222
-0.669990328,1.90468679,1.85922316,0.498466017,-1.903456047,-0.171042267,1756823222
-0.323031051,2.275574293,3.067598573,0.553443888,-1.798387279,-0.065973446,1756823222
0.004785645,2.495713972,4.974678185,0.536339679,-1.611462533,0.02443461,1756823222
0.279960244,2.524427843,7.255038123,0.366519143,-1.309695088,0.034208453,1756823222
0.619741053,1.962114532,9.786644434,0.200363798,-0.933402084,-0.018325957,1756823222
1.000199847,1.004985492,11.98804123,0.036651914,-0.549778714,-0.008552113,1756823222
1.433300737,-0.165104759,13.67498116,0.006108652,-0.215024564,0.072082098,1756823222
1.107876864,-1.368694527,15.24945843,0.130725161,0.106290551,-0.004886922,1756823222
0.495314278,-2.64167615,17.01296869,0.239459173,0.494800843,-0.021991149,1756823222
-0.155533469,-3.88355108,19.38664871,0.448375102,0.926071719,-0.157603231,1756823222
-0.547956375,-4.814359071,19.31007838,0.671951762,1.198517562,-0.134390352,1756823222
-0.818345329,-4.756931329,18.61137418,0.77579887,0.981049555,-0.067195176,1756823222
-1.237089284,-4.096512291,18.65205217,0.691499432,0.419053553,-0.008552113,1756823222
-1.495514125,-4.115654872,19.2167583,0.307876063,-0.227241869,0.012217305,1756823222
-1.351944769,-4.460221326,19.5134683,-0.002443461,-0.825889802,-0.064751715,1756823222
-0.897308475,-4.527220359,18.63290959,-0.323758559,-1.30114301,-0.135612083,1756823222
-0.251246373,-4.106083582,16.73300844,-0.505796417,-1.668883883,-0.223576677,1756823222
0.48813581,-3.093919622,14.38086383,-0.616973856,-1.955990493,-0.228463599,1756823222
1.363908882,-1.722832272,12.06461155,-0.724486138,-2.1539109,-0.196698607,1756823222
1.974078645,-0.519242504,10.17667452,-0.729373112,-2.301740305,-0.07819075,1756823222
2.400001068,0.430708068,8.422735552,-0.768468452,-2.348165853,0.112399204,1756823222
2.639283328,0.945164927,6.738188442,-0.767246722,-2.291966496,0.35918876,1756823222
2.801995265,1.241874929,5.352744156,-0.67928211,-2.175901944,0.536339679,1756823222
2.828316313,1.462014609,4.240081647,-0.543670062,-1.98164685,0.725707938,1756823222
2.842673249,1.698904046,3.436093254,-0.35918876,-1.761735382,0.883311152,1756823222
2.763710103,1.899901144,2.916850749,-0.194255146,-1.558928088,0.933402084,1756823222
2.679961312,2.177468566,2.624926392,-0.184481302,-1.298699566,0.995710321,1756823222
2.600998166,2.452643165,2.333002035,-0.175929189,-1.049466497,0.999375495,1756823222
2.361715906,2.746960345,2.002792516,-0.213802833,-0.79534654,1.031140557,1756823222
1.990828403,2.933600508,1.660618884,-0.223576677,-0.483805251,0.999375495,1756823222
1.536192109,2.8163522,1.37108735,-0.190589954,-0.191811685,1.021366678,1756823222
1.167697429,2.397608245,1.311266785,-0.184481302,0.070860368,0.923628205,1756823222
1.016949605,1.655833239,1.612762432,-0.095294977,0.301767445,0.786794462,1756823222
0.971485976,0.574277424,2.349751793,0.073303829,0.469144485,0.607200064,1756823222
1.122233799,-0.401994197,3.40498656,0.388510291,0.615752143,0.405614518,1756823222
1.292124204,-1.160518961,4.807180603,0.799011714,0.734260016,0.212581103,1756823222
1.672582997,-1.5457634,7.106683122,1.233947729,0.800233427,0.047647489,1756823222
2.234896308,-1.148554848,10.97109162,1.632231864,0.863763482,-0.028099801,1756823222
2.708675183,0.043070807,16.37408505,1.828930541,0.906523996,-0.057421332,1756823222
2.988635427,1.473978722,20.77448581,1.776396095,0.875980734,-0.037873645,1756823222
3.445664544,1.813759531,20.96591162,1.535715174,0.542448332,0.096516708,1756823222
4.689932296,1.270588801,19.92981944,1.298699566,-0.158824962,0.428827397,1756823222
6.977470702,-0.100498549,18.93919088,1.097113985,-0.951728024,0.87109383,1756823222
6.199803357,-1.129412267,18.64726652,0.904080535,-1.203404467,1.175304648,1756823222
6.391229165,-2.266003002,19.35793483,0.588874125,-0.919963031,1.077566315,1756823222
6.817151587,-3.41455785,19.09711717,0.339641055,-0.343306264,1.058018575,1756823222
6.372086584,-4.754538506,17.97249055,0.12950343,0.328645498,1.032362287,1756823222
5.369493914,-5.711667546,16.80718594,0.032986723,1.034805731,1.004262469,1756823222
4.295116567,-5.886343596,15.62034593,-0.116064395,1.700648858,0.984714729,1756823222
2.699103893,-4.838287297,14.17029544,-0.289550123,2.21133211,0.800233427,1756823222
1.347159124,-3.019742121,12.5359976,-0.394618961,2.520430043,0.704938467,1756823222
0.313459761,-0.973878798,10.91127106,-0.388510291,2.667037595,0.503352956,1756823222
-0.574277424,0.354137745,9.707681288,-0.328645498,2.579073105,0.447153372,1756823222
-1.447657673,1.117448154,8.449056601,-0.35918876,2.35305302,0.237015712,1756823222
-2.072184372,1.521835174,7.073183606,-0.323758559,2.036624739,0.083077672,1756823222
-2.414358003,1.763510256,5.694917788,-0.302989176,1.629788403,0.010995574,1756823222
-2.553141714,1.97886429,4.49132802,-0.287106679,1.240056486,-0.070860368,1756823222
-2.56749865,2.335394858,3.677768336,-0.240680904,0.830776689,-0.069638637,1756823222
-2.493321149,2.744567522,3.034099057,-0.233350521,0.459370659,-0.117286126,1756823222
-2.21814655,2.959921556,2.289931228,-0.227241869,0.144164196,-0.096516708,1756823222
-1.825723644,2.943171798,1.38065864,-0.184481302,-0.156381501,-0.05009095,1756823222
-1.411765334,2.770888571,0.583848714,-0.158824962,-0.395840674,0.056199602,1756823223
-1.095912751,2.679961312,0.282353067,-0.007330383,-0.614530412,0.237015712,1756823223
-0.753739119,2.76131728,0.741775006,0.105068821,-0.772133696,0.360410491,1756823223
-0.454636294,3.041277525,2.086541307,0.238237443,-0.803898671,0.477696634,1756823223
-0.160319114,3.385843979,4.381258181,0.293215297,-0.792903079,0.552222158,1756823223
0.081355968,3.65384011,7.075576428,0.243124365,-0.605978334,0.642630231,1756823223
0.232103792,3.627519062,9.786644434,0.210137642,-0.289550123,0.681725623,1756823223
0.246460728,3.156133009,12.04546897,0.083077672,0.105068821,0.7550294,1756823223
-0.100498549,2.565105827,13.46919842,0.02687807,0.535117949,0.884532865,1756823223
-0.813559684,1.871187273,14.49811213,-0.079412481,0.92851518,0.949284563,1756823223
-1.808973886,0.882951539,15.39542061,-0.15393804,1.365894708,0.867428656,1756823223
-2.428714939,-1.301695494,16.62772425,0.034208453,1.771509191,0.753807686,1756823223
-3.201596639,-4.015156323,17.98684748,0.535117949,2.075720079,0.682947354,1756823223
-3.005385186,-5.759523998,19.2694004,1.040914348,2.106263341,0.555887367,1756823223
-3.682553981,-5.280959478,21.04248194,1.219287033,1.805717627,0.460592372,1756823223
-4.153940034,-4.563112698,21.49472542,1.060462019,1.226617381,0.360410491,1756823223
-4.378865358,-3.996013742,20.48256146,0.790459636,0.428827397,0.298102236,1756823223
-4.228117534,-3.400200915,18.8674062,0.467922755,-0.460592372,0.098960169,1756823223
-3.388236802,-2.670390022,17.29771458,0.237015712,-1.253495469,-0.061086524,1756823223
-1.971685822,-2.031506387,15.82612868,0.111177473,-1.876577959,-0.276111088,1756823223
-0.224925324,-1.615155255,14.45025568,-0.092851516,-2.33472701,-0.318871654,1756823223
1.160518961,-0.945164927,12.79442244,-0.304210889,-2.73789791,-0.378736465,1756823223
2.450250342,-0.023928226,10.86820025,-0.530231009,-3.054326191,-0.311541271,1756823223
3.361915753,0.744167829,8.666803457,-0.569326385,-3.204599057,-0.147829388,1756823223
3.905086483,0.997807024,6.671189409,-0.560774306,-3.188716491,0.069638637,1756823223
4.199403663,1.153340493,5.056034154,-0.524122392,-2.992017815,0.376292969,1756823223
4.429114633,1.127019445,3.778266885,-0.384845083,-2.64260309,0.552222158,1756823223
4.565505521,1.028913718,2.773281393,-0.322536846,-2.258979529,0.806342132,1756823223
4.472185439,1.009771137,2.139183404,-0.193033415,-1.825265367,0.907745709,1756823223
4.261617051,1.062413234,1.703689691,-0.17837265,-1.374446786,1.054353401,1756823223
3.873979789,1.323230898,1.265803155,-0.183259571,-0.970054033,1.062905549,1756823223
3.371487043,1.825723644,0.815952507,-0.161268423,-0.481361808,1.056796845,1756823223
2.866601475,2.368894374,0.435493713,-0.131946891,0,1.011592817,1756823223
2.323430745,2.962314379,0.191425808,-0.009773844,0.445931606,0.835663663,1756823223
1.844866225,3.452843012,0.299102825,0.083077672,0.924850006,0.712268885,1756823223
1.512263883,3.323630591,0.672383151,0.17837265,1.362229534,0.54611354,1756823223
1.220339526,2.799602442,1.282552914,0.313984732,1.762957112,0.307876063,1756823223
0.940379282,1.935793483,2.158325985,0.445931606,2.09648955,0.130725161,1756823223
0.933200814,0.914058233,3.677768336,0.662177901,2.392148238,-0.034208453,1756823223
1.002592669,0.461814762,6.309873196,0.790459636,2.592511949,-0.155159771,1756823223
0.959521863,0.409172665,10.35135057,0.796568253,2.762332677,-0.227241869,1756823223
0.792024281,0.875773072,14.9072848,0.744033878,3.003013476,-0.307876063,1756823223
0.409172665,0.935593637,18.10888144,0.51190507,3.062878392,-0.284663184,1756823223
0.069391855,0.378065971,19.19043725,0.43493605,2.904053325,-0.17837265,1756823223
-0.035892339,0.169890405,21.03530348,0.411723171,2.414139544,0.008552113,1756823223
0.813559684,-0.351744922,21.93261195,0.243124365,1.507615356,0.478918364,1756823223
-0.471386052,-2.333002035,19.24068653,0.382401639,0.616973856,0.67928211,1756823223
-1.402194044,-3.050848815,19.45604056,0.419053553,0.245567826,0.626747734,1756823223
-1.392622753,-2.596212521,19.82932089,0.224798408,0.185703032,0.525344105,1756823223
-0.686740086,-2.318645099,18.9942258,-0.017104227,0.17959438,0.476474868,1756823223
-0.086141614,-2.32821639,17.58006764,-0.257785131,0.163711884,0.509461626,1756823223
-0.081355968,-2.103291065,16.05823247,-0.412944901,0.157603231,0.510683339,1756823223
-0.435493713,-1.543370577,14.62014609,-0.671951762,0.212581103,0.474031425,1756823223
-0.614955408,-0.8470592,13.08873962,-0.824668072,0.327423768,0.364075699,1756823223
-0.756131942,-0.122033953,11.53101211,-0.919963031,0.427605667,0.239459173,1756823223
-1.184447187,0.54317073,9.614361207,-0.976162651,0.500909513,0.185703032,1756823223
-1.421336624,0.8470592,7.869993531,-0.937067258,0.515570278,0.081855942,1756823223
-1.615155255,1.06719888,6.178267953,-0.857654777,0.496022573,-0.002443461,1756823223
-1.708475336,1.148554848,4.699503586,-0.69882985,0.415388345,-0.085521133,1756823223
-1.806581063,1.194018477,3.610769303,-0.527787566,0.262672052,-0.196698607,1756823223
-1.897508322,1.320838075,2.924029217,-0.41783184,0.163711884,-0.244346095,1756823223
-1.954936064,1.524227996,2.388036955,-0.223576677,0.057421332,-0.288328392,1756823223
-1.895115499,1.73001074,1.823330821,-0.07819075,-0.037873645,-0.342084533,1756823223
-1.734796385,1.91425808,1.158126138,0.147829388,-0.155159771,-0.364075699,1756823223
-1.521835174,2.134397759,0.658026215,0.411723171,-0.310319558,-0.350636647,1756823223
-1.263410333,2.536391956,0.698704199,0.612086969,-0.485027017,-0.287106679,1756823223
-1.028913718,3.163311477,1.612762432,0.803898671,-0.571769828,-0.226020138,1756823223
-0.70827549,3.866801322,3.46959277,0.811229036,-0.58276542,-0.17837265,1756823223
-0.409172665,4.395615116,5.6327044,0.636521596,-0.477696634,-0.151494579,1756823223
-0.208175566,4.577469634,7.829315547,0.401949344,-0.267558974,-0.043982297,1756823223
-0.17467605,4.541577295,10.05464057,0.12950343,-0.00122173,0.090408055,1756823223
-0.502492746,3.938586,12.05025461,-0.072082098,0.251676478,0.208915911,1756823223
-0.825523797,2.701496715,13.67019551,-0.155159771,0.475253155,0.346971438,1756823223
-1.639083481,1.351944769,14.8020006,-0.10140363,0.720820964,0.337197611,1756823223
-3.103490912,0.339780809,15.77109376,-0.079412481,1.018923235,0.266337244,1756823223
-4.043870194,-0.610169763,17.96052644,-0.161268423,1.291369079,0.105068821,1756823223
-4.72103899,-3.46959277,19.65943048,0.07574729,1.544267375,-0.059864793,1756823223
-4.898107862,-5.716453191,22.07857413,0.601091377,1.595579967,-0.118507856,1756823223
-5.087140848,-5.644668513,22.89213381,0.856433064,1.356120776,-0.272445896,1756823223
-5.340780043,-4.72103899,21.85364881,0.747699052,0.653625822,-0.386066848,1756823223
-5.407779076,-4.139583098,19.90828403,0.469144485,-0.287106679,-0.485027017,1756823223
-4.527220359,-3.952942935,17.80260014,0.141720735,-1.325577515,-0.68050391,1756823223
-2.746960345,-3.852444386,16.01276884,-0.116064395,-2.284635886,-0.691499432,1756823223
-0.777667345,-3.445664544,14.29711504,-0.254119939,-3.027448243,-0.745255608,1756823223
1.30648114,-2.438286229,12.65803155,-0.329867229,-3.578448548,-0.684169084,1756823223
2.866601475,-1.232303639,11.03330501,-0.378736465,-3.954741482,-0.577878533,1756823223
3.869194144,-0.047856452,8.989834508,-0.293215297,-4.13555761,-0.393397231,1756823223
4.433900278,0.844666378,6.934399895,-0.307876063,-4.092797096,-0.272445896,1756823223
4.811966249,1.339980656,5.180460929,-0.23090706,-3.857003201,-0.109955743,1756823223
5.051248509,1.643869126,3.550948738,-0.15393804,-3.472158049,0.183259571,1756823223
5.168496816,1.861615983,2.304288164,-0.072082098,-3.001791868,0.360410491,1756823223
5.096712138,2.009970984,1.5457634,0.045204028,-2.444682805,0.529009279,1756823223
4.859822701,2.215753728,0.916451056,0.07574729,-1.925447231,0.629191178,1756823223
4.460221326,2.63210486,0.279960244,0.12950343,-1.368338168,0.642630231,1756823223
3.89312237,3.038884702,-0.256032018,0.108734012,-0.819781167,0.653625822,1756823223
3.251845913,3.462414302,-0.713061135,0.07574729,-0.263893783,0.549778714,1756823223
2.529213488,3.751945837,-0.933200814,-0.058643063,0.298102236,0.476474868,1756823223
1.993221226,3.625126239,-0.909272588,-0.112399204,0.862541681,0.296880506,1756823223
1.540977754,2.93599333,-0.610169763,-0.20402899,1.369559881,0.169820536,1756823223
1.275374446,1.861615983,0.026321049,-0.131946891,1.881464986,0.013439035,1756823223
1.198804123,0.497707101,0.995414202,0.05253441,2.285857739,-0.141720735,1756823223
1.404586866,-0.971485976,2.691925425,0.272445896,2.687807048,-0.219911486,1756823223
1.811366708,-1.97886429,5.802594805,0.632856352,2.989574354,-0.372627795,1756823223
1.998006871,-2.203789615,10.65045339,0.79534654,3.291341938,-0.393397231,1756823223
2.155933163,-1.524227996,16.96750506,0.745255608,3.63587002,-0.432492606,1756823223
2.084148485,-0.610169763,21.97089711,0.477696634,3.896098419,-0.312763002,1756823223
1.572084448,-0.964307508,23.71765761,0.343306264,3.838677192,-0.194255146,1756823223
1.028913718,-1.718046627,25.55773819,0.333532438,3.478266544,0.141720735,1756823223
0.564706134,-2.500499617,25.53620279,0.335975881,2.608394515,0.594982742,1756823223
-1.746760498,-3.912264951,20.1164596,0.588874125,1.638340621,0.835663663,1756823223
-3.742374546,-3.259024381,20.09970984,0.572991628,1.009149374,0.789237905,1756823223
-4.125226162,-2.076970017,20.95634033,0.191811685,0.616973856,0.724486138,1756823223
-3.656232933,-1.79461695,19.34118508,-0.351858377,0.366519143,0.614530412,1756823223
-3.503092286,-1.892722677,17.08236054,-0.687834258,0.201585529,0.489913921,1756823223
-3.40498656,-2.055434613,14.9288202,-1.021366678,0.1282817,0.373849526,1756823223
-3.091526799,-2.036292033,12.82313631,-1.236391172,0.054977871,0.320093385,1756823223
-2.801995265,-1.720439449,11.0955184,-1.271821478,-0.018325957,0.257785131,1756823223
-2.646461796,-1.002592669,9.34157943,-1.248608564,-0.07574729,0.17837265,1756823223
-2.507678085,-0.315852583,7.654639497,-1.133765865,-0.161268423,0.124616509,1756823223
-2.316252277,0.260817663,6.053841178,-1.003040739,-0.221133216,-0.012217305,1756823223
-2.112862356,0.789631458,4.649254312,-0.860098238,-0.290771853,-0.116064395,1756823223
-1.966900177,1.112662509,3.364308576,-0.675616936,-0.392175465,-0.23090706,1756823223
-1.928615016,1.313659607,2.40239389,-0.590095838,-0.503352956,-0.334754151,1756823223
-1.85922316,1.311266785,1.588834206,-0.386066848,-0.571769828,-0.441044702,1756823223
-1.73001074,1.263410333,0.698704199,-0.218689755,-0.632856352,-0.543670062,1756823223
-1.5457634,1.328016543,-0.153140646,-0.008552113,-0.759916374,-0.524122392,1756823224
-1.292124204,1.495514125,-0.586241537,0.207694181,-0.904080535,-0.532674488,1756823224
-0.981057266,1.84965187,-0.366101858,0.370184317,-1.033584,-0.50701813,1756823224
-0.576670247,2.311466632,0.567098956,0.477696634,-1.092227081,-0.471587964,1756823224
-0.105284194,2.859423007,2.268395825,0.494800843,-1.108109577,-0.414166631,1756823224
0.3493521,3.421736318,4.560719876,0.299323967,-0.999375495,-0.312763002,1756823224
0.799202748,3.931407532,7.381857721,0.351858377,-0.744033878,-0.188146493,1756823224
0.990628556,4.469792617,9.99482,0.263893783,-0.345749707,-0.028099801,1756823224
0.770488877,4.711467699,12.27278712,0.30665435,0.013439035,0.135612083,1756823224
-0.011964113,4.823930362,14.02194044,0.312763002,0.333532438,0.272445896,1756823224
-0.904486943,4.733003103,14.97428383,0.244346095,0.656069266,0.321315115,1756823224
-2.076970017,4.220939066,16.24487263,0.238237443,1.021366678,0.296880506,1756823224
-3.445664544,2.909672282,18.72862249,0.271224166,1.475850381,0.184481302,1756823224
-4.266402696,-0.306281293,19.86521323,0.663399614,1.875356229,0.073303829,1756823224
-4.3621156,-2.68713978,20.65245186,1.169196031,1.914451691,-0.067195176,1756823224
-5.094319315,-2.876172765,22.1383947,1.26326926,1.505171912,-0.158824962,1756823224
-5.804987628,-3.663411401,22.82034914,0.91018924,0.856433064,-0.249233017,1756823224
-5.477170931,-3.23031051,20.82952073,0.527787566,-0.28099801,-0.350636647,1756823224
-4.943571492,-3.902693661,18.05384652,0.095294977,-1.423316057,-0.445931606,1756823224
-3.505485109,-4.843072942,16.051054,-0.267558974,-2.478891119,-0.503352956,1756823224
-1.581655739,-5.474778109,14.23968729,-0.616973856,-3.307224487,-0.478918364,1756823224
0.562313311,-4.816751894,12.26800147,-0.744033878,-3.957184943,-0.533896218,1756823224
2.648854618,-4.431507455,10.80598686,-0.801455158,-4.439768638,-0.530231009,1756823224
4.094119469,-3.299702365,8.85344362,-0.805120401,-4.772079468,-0.382401639,1756823224
5.046462863,-2.438286229,6.893721911,-0.770911896,-4.89058694,-0.182037841,1756823224
5.534598674,-1.67497582,5.111069074,-0.803898671,-4.712214273,0.117286126,1756823224
5.831308676,-0.933200814,3.321237769,-0.729373112,-4.28827392,0.346971438,1756823224
6.029912952,-0.471386052,1.916650903,-0.62308256,-3.734830154,0.636521596,1756823224
6.034698597,-0.057427742,0.969093153,-0.483805251,-3.122743063,0.792903079,1756823224
5.912664645,0.205782744,0.366101858,-0.322536846,-2.478891119,0.867428656,1756823224
5.541777142,0.59820565,-0.177068872,-0.337197611,-1.855808629,0.85276789,1756823224
5.056034154,1.071984525,-0.722632425,-0.276111088,-1.229060824,0.835663663,1756823224
4.484149552,1.569691626,-0.940379282,-0.317649941,-0.586430594,0.746477321,1756823224
3.909872128,1.940579129,-0.911665411,-0.365297412,0.056199602,0.638965057,1756823224
3.424129141,2.002792516,-0.629312344,-0.392175465,0.712268885,0.474031425,1756823224
3.026920589,1.823330821,-0.093320081,-0.329867229,1.390329352,0.268780705,1756823224
2.734996232,1.25144622,0.634097989,-0.02687807,2.075720079,0.043982297,1756823224
2.639283328,0.669990328,1.691725578,0.445931606,2.598620706,-0.241902634,1756823224
2.912065104,0.150747824,3.46959277,0.996932051,3.011565677,-0.458148929,1756823224
3.424129141,0.169890405,6.750152555,1.510058816,3.3023376,-0.561996037,1756823224
3.629911884,1.162911784,12.61256792,1.740965929,3.508809806,-0.638965057,1756823224
3.352344463,2.672782844,19.46321903,1.682322849,3.902207177,-0.739146903,1756823224
3.11066938,3.304488011,22.51406784,1.248608564,4.263839415,-0.762359817,1756823224
2.57706994,2.624926392,22.0115751,0.979827825,4.164879281,-0.569326385,1756823224
2.840280426,2.139183404,22.45903292,0.748920782,3.496592554,-0.139277274,1756823224
1.847259047,1.016949605,20.51366815,0.570548115,2.285857739,0.332310707,1756823224
-0.796809926,-0.820738152,20.60938105,0.425162223,1.602910315,0.452040276,1756823224
-1.06719888,-1.543370577,21.5880455,0.032986723,1.194852388,0.494800843,1756823224
-1.069591702,-2.493321149,20.64288057,-0.323758559,0.862541681,0.5131268,1756823224
-0.933200814,-3.297309543,18.03231111,-0.56443948,0.594982742,0.618195586,1756823224
-0.988235734,-3.996013742,15.34277851,-0.747699052,0.364075699,0.652404092,1756823224
-1.280160091,-4.347758664,13.11745349,-0.949284563,0.346971438,0.597426203,1756823224
-1.56490598,-4.029513258,11.27976574,-1.042136079,0.3775147,0.41783184,1756823224
-1.509871061,-3.04606317,9.717252579,-1.067792436,0.43615778,0.243124365,1756823224
-1.627119368,-1.921436548,8.456235068,-0.902858822,0.496022573,-0.064751715,1756823224
-1.529013641,-0.612562586,6.982256347,-0.656069266,0.541226601,-0.321315115,1756823224
-1.593619852,-0.141176533,5.788237869,-0.423940493,0.576656802,-0.432492606,1756823224
-1.653440417,-0.014356936,4.486542375,-0.419053553,0.551000445,-0.50701813,1756823224
-1.756331788,0.500099923,3.146561719,-0.382401639,0.448375102,-0.565661211,1756823224
-1.971685822,0.212961211,2.32821639,-0.301767445,0.346971438,-0.585208881,1756823224
-2.03389921,-0.102891372,1.682154288,-0.41661011,0.245567826,-0.557109097,1756823224
-2.036292033,-0.260817663,0.969093153,-0.398284135,0.100181899,-0.580321976,1756823224
-1.873580096,-0.083748791,0.344566454,-0.318871654,-0.083077672,-0.575435072,1756823224
-1.615155255,0.043070807,0.246460728,-0.138055544,-0.263893783,-0.548556984,1756823224
-1.289731381,0.36849468,0.815952507,0.106290551,-0.376292969,-0.481361808,1756823224
-0.959521863,0.835095087,2.184647034,0.339641055,-0.423940493,-0.3775147,1756823224
-0.775274522,1.088734283,4.48175673,0.553443888,-0.35796703,-0.311541271,1756823224
-0.634097989,1.416550979,7.54696248,0.580321976,-0.167377075,-0.174707458,1756823224
-0.691525731,1.902293967,10.56191896,0.529009279,0.087964594,-0.02565634,1756823224
-1.052841944,2.481357036,12.94038462,0.448375102,0.348193203,0.00122173,1756823224
-1.562513158,2.847458894,14.21815189,0.328645498,0.58398715,0.092851516,1756823224
-2.316252277,2.785245506,14.4526485,0.323758559,0.719599251,0.135612083,1756823224
-3.282952607,2.426322116,15.11785319,0.293215297,0.85276789,0.160046692,1756823224
-4.304687857,1.153340493,16.80957876,0.394618961,1.05190994,0.141720735,1756823224
-5.065605444,-1.950150419,17.33839256,0.646295405,1.235169459,0.174707458,1756823224
-5.271388188,-3.89312237,18.76930047,0.893084943,1.284038731,0.135612083,1756823224
-5.369493914,-4.00319221,21.59522397,0.922406475,1.14720497,0.039095375,1756823224
-5.422136012,-3.984049629,23.00459648,0.684169084,0.695164676,-0.108734012,1756823224
-5.187639397,-4.24247447,21.24347904,0.370184317,-0.079412481,-0.317649941,1756823224
-4.811966249,-5.123033187,18.43909096,0.006108652,-1.010371087,-0.497244304,1756823224
-3.687339627,-5.984449323,15.82612868,-0.339641055,-1.94255151,-0.64018677,1756823224
-1.92382937,-5.718846014,13.22034487,-0.579100246,-2.747671719,-0.689055989,1756823224
0.023928226,-4.630111731,11.16730307,-0.829554976,-3.462384257,-0.634078152,1756823224
1.753938966,-3.500699464,9.693324353,-0.882089421,-4.006054215,-0.488692191,1756823224
2.919243572,-2.416750826,8.061419339,-0.922406475,-4.349360444,-0.322536846,1756823224
3.76390995,-0.823130974,6.049055533,-0.81489421,-4.503298344,-0.172263997,1756823224
4.41715052,-0.222532502,4.804787781,-0.586430594,-4.487415778,-0.065973446,1756823224
4.716253345,0.05503492,3.684946804,-0.522900626,-4.221078901,0.180816111,1756823224
4.807180603,0.689132909,2.254038889,-0.547335271,-3.805690486,0.350636647,1756823224
4.826323184,1.562513158,1.103091219,-0.445931606,-3.356093496,0.438601224,1756823224
4.800002136,1.91425808,0.550349198,-0.355523586,-2.846632115,0.41783184,1756823224
4.577469634,2.526820666,0.172283227,-0.283441471,-2.282192443,0.421497014,1756823224
4.259224228,2.825923491,0.124426775,-0.244346095,-1.699427145,0.248011287,1756823224
3.890729548,2.857030184,0.205782744,-0.158824962,-0.999375495,0.141720735,1756823224
3.531806158,2.713460828,0.46899323,-0.091629786,-0.335975881,-0.041538836,1756823224
3.249453091,2.297109696,0.945164927,-0.111177473,0.373849526,-0.1282817,1756823224
3.105883735,1.655833239,1.526620819,0.234572251,1.001819026,-0.428827397,1756823224
3.10109809,0.741775006,2.313859454,0.378736465,1.547932549,-0.54611354,1756823224
3.172882768,0.045463629,3.170489945,0.767246722,1.991420642,-0.858876507,1756823224
3.328416237,-0.519242504,4.479363907,1.077566315,2.354274611,-1.038470905,1756823224
3.787838176,-0.715453957,7.015755863,1.331686272,2.569299314,-0.999375495,1756823224
4.268795518,-0.404387019,11.56929727,1.37811196,2.723237214,-0.979827825,1756823224
4.381258181,0.569491779,17.70210159,1.042136079,3.003013476,-0.761138104,1756823224
4.453042859,1.083948638,21.04487477,0.518013722,3.167947038,-0.610865238,1756823224
4.486542375,0.17467605,21.63829477,0.342084533,3.036000181,-0.246789556,1756823224
4.893322217,-1.06719888,22.14078752,0.382401639,2.444682805,0.271224166,1756823224
4.060619952,-1.942971951,22.22932195,0.49357913,1.649336143,0.638965057,1756823224
2.158325985,-3.256631559,21.76272155,0.335975881,1.145983257,0.79412481,1756823224
1.651047594,-3.747160192,21.01855372,0.162490153,0.842994011,0.711047172,1756823224
1.292124204,-3.912264951,19.77428597,-0.032986723,0.674395206,0.675616936,1756823224
1.007378315,-4.086941001,17.59921022,-0.320093385,0.593761012,0.626747734,1756823224
0.459421939,-3.639483175,15.60838182,-0.553443888,0.614530412,0.54611354,1756823224
-0.177068872,-3.184846881,13.99801221,-0.879645978,0.729373112,0.469144485,1756823224
-0.792024281,-3.074777041,12.32303639,-1.210734954,0.902858822,0.246789556,1756823224
-1.14137638,-2.560320182,10.40159984,-1.486846025,1.001819026,0.098960169,1756823224
-1.457228963,-1.624726545,8.575876198,-1.528384826,1.017701504,-0.05009095,1756823224
-2.086541307,-0.655633392,6.683153522,-1.414763857,0.972497477,-0.20402899,1756823224
-2.431107762,0.023928226,5.003392057,-1.219287033,0.891863213,-0.3775147,1756823224
-2.553141714,0.466600407,3.639483175,-0.974940938,0.745255608,-0.500909513,1756823224
-2.603390989,0.703489844,2.682354135,-0.725707938,0.560774306,-0.614530412,1756823224
-2.584248408,1.083948638,2.189432679,-0.560774306,0.394618961,-0.665843145,1756823224
-2.589034053,1.521835174,2.210968082,-0.285884914,0.272445896,-0.729373112,1756823224
-2.423929294,1.725225095,2.352144616,-0.161268423,0.195476876,-0.786794462,1756823224
-2.012363807,1.899901144,1.808973886,0.02687807,0.087964594,-0.766024991,1756823224
-1.56490598,1.966900177,1.098305573,0.277332818,-0.112399204,-0.734260016,1756823224
-1.098305573,1.935793483,0.916451056,0.494800843,-0.328645498,-0.62186083,1756823225
-0.751346296,1.873580096,1.550549045,0.605978334,-0.542448332,-0.50701813,1756823225
-0.600598473,2.029113565,2.739781877,0.481361808,-0.604756621,-0.254119939,1756823225
-0.531206617,2.325823567,4.386043826,0.395840674,-0.535117949,-0.040317106,1756823225
-0.58863436,2.361715906,6.642475538,0.343306264,-0.361632204,0.139277274,1756823225
-0.751346296,2.297109696,9.198010074,0.366519143,-0.053756141,0.249233017,1756823225
-1.024128073,1.890329854,11.3180509,0.541226601,0.406836231,0.298102236,1756823225
-1.706082514,1.404586866,12.87099277,0.753807686,0.806342132,0.370184317,1756823225
-2.998206718,1.30648114,14.12243899,0.8906415,1.211956667,0.34086282,1756823225
-4.455435681,0.94755775,15.59641771,0.941954215,1.587027889,0.360410491,1756823225
-6.759723845,-0.454636294,18.06341781,0.894306744,2.081828714,0.091629786,1756823225
-7.539784013,-3.531806158,18.69273015,0.950506293,2.361604976,-0.02687807,1756823225
-7.467999335,-5.6327044,19.60439556,1.016479791,2.045176817,-0.108734012,1756823225
-7.78624474,-6.568298037,21.53779622,0.968832233,1.37933369,-0.135612083,1756823225
-7.989634661,-7.173682155,22.00439663,0.761138104,0.43493605,-0.250454748,1756823225
-7.716852885,-7.348358205,20.49452557,0.504574687,-0.71715579,-0.419053553,1756823225
-6.252445454,-7.159325219,19.01336838,0.293215297,-1.833817445,-0.555887367,1756823225
-3.866801322,-5.92702158,17.6709949,0.02443461,-2.908940229,-0.615752143,1756823225
-1.397408398,-4.462614149,15.99601908,-0.23090706,-3.952298039,-0.614530412,1756823225
0.842273555,-2.900100991,13.87837108,-0.445931606,-4.811174686,-0.56443948,1756823225
2.596212521,-1.268195978,11.55733316,-0.631634639,-5.423261777,-0.381179909,1756823225
3.876372612,0.107677017,9.250652172,-0.665843145,-5.758015805,-0.276111088,1756823225
4.677968183,1.215553881,6.934399895,-0.665843145,-5.80199791,-0.063529985,1756823225
5.962913919,2.359323084,4.807180603,-0.691499432,-5.551543058,0.107512282,1756823225
6.489334891,3.299702365,2.916850749,-0.678060379,-5.116607305,0.372627795,1756823225
6.867400862,3.912264951,1.392622753,-0.724486138,-4.398229715,0.548556984,1756823225
7.066005138,4.213760599,0.277567422,-0.73792519,-3.641978515,0.65973444,1756823225
6.979863524,4.405186407,-0.35892339,-0.696386406,-2.825862662,0.73792519,1756823225
6.558726747,4.216153421,-0.710668312,-0.734260016,-1.94377324,0.850324429,1756823225
5.946164161,3.902693661,-0.981057266,-0.671951762,-1.102000872,0.750142513,1756823225
5.1349973,3.452843012,-1.119840977,-0.537561392,-0.270002435,0.73792519,1756823225
4.333401729,2.64167615,-0.909272588,-0.423940493,0.542448332,0.568104654,1756823225
3.759124305,1.615155255,-0.437886536,-0.246789556,1.264490991,0.412944901,1756823225
3.328416237,0.409172665,0.246460728,-0.065973446,1.861917246,0.177150919,1756823225
2.979064137,-0.820738152,1.13180509,0.114842665,2.394591681,-0.125838239,1756823225
2.706282361,-1.895115499,2.187039856,0.395840674,2.861292811,-0.289550123,1756823225
2.708675183,-2.782852684,3.649054465,0.752585956,3.275459372,-0.491135634,1756823225
3.04606317,-3.512663577,5.929414403,1.114218194,3.621209062,-0.458148929,1756823225
3.431307608,-3.629911884,9.200402897,1.506393642,3.886324611,-0.5131268,1756823225
3.594019545,-3.058027283,13.85205003,1.813047975,4.097684,-0.360410491,1756823225
3.617947771,-2.493321149,18.96790475,1.882686716,4.333477878,-0.224798408,1756823225
3.400200915,-2.342573325,22.68874389,1.964542571,4.405560063,-0.02443461,1756823225
2.828316313,-1.959721709,24.34218431,1.715309571,4.148996715,0.274889357,1756823225
2.323430745,-1.964507355,24.43311157,1.291369079,3.3218852,0.581543707,1756823225
0.114855485,-3.845265918,21.12623074,0.982271286,2.489886781,0.637743326,1756823225
-2.545963246,-4.711467699,21.71247227,0.514348513,1.944994953,0.658512727,1756823225
-2.778067039,-4.474578262,21.43251203,0.010995574,1.665218709,0.43493605,1756823225
-3.302095188,-4.584648102,20.29831412,-0.535117949,1.425759501,0.373849526,1756823225
-3.69930374,-4.311866325,17.96291926,-0.945619389,1.22417392,0.166155345,1756823225
-3.785445353,-3.668197046,15.52224021,-1.226617381,1.020144965,0.080634211,1756823225
-3.582055432,-2.62253357,13.19880946,-1.376890229,0.785572661,-0.047647489,1756823225
-3.151347364,-1.567298803,11.45922743,-1.363451264,0.481361808,-0.053756141,1756823225
-2.962314379,-0.521635327,10.20299557,-1.354899046,0.173485728,-0.084299403,1756823225
-2.854637362,0.251246373,9.030512492,-1.298699566,-0.062308254,-0.171042267,1756823225
-2.725424941,0.815952507,7.444071109,-1.222952207,-0.191811685,-0.201585529,1756823225
-2.612962279,1.189232832,5.737988595,-1.16675257,-0.28099801,-0.244346095,1756823225
-2.507678085,1.658226062,4.139583098,-1.028697044,-0.349414916,-0.305432619,1756823225
-2.433500584,2.165504453,2.773281393,-0.943175945,-0.41783184,-0.426383936,1756823225
-2.414358003,2.651247441,1.746760498,-0.828333246,-0.421497014,-0.500909513,1756823225
-2.289931228,3.170489945,0.945164927,-0.761138104,-0.399505848,-0.612086969,1756823225
-2.184647034,3.603590836,0.409172665,-0.668286588,-0.378736465,-0.675616936,1756823225
-1.921436548,3.613162126,0.062213388,-0.497244304,-0.378736465,-0.747699052,1756823225
-1.660618884,3.306880833,-0.220139679,-0.186924763,-0.381179909,-0.682947354,1756823225
-1.430907915,3.079562686,-0.387637261,0.171042267,-0.386066848,-0.594982742,1756823225
-1.287338559,2.976671314,0.232103792,0.590095838,-0.415388345,-0.542448332,1756823225
-1.069591702,3.050848815,2.081755662,0.884532865,-0.361632204,-0.337197611,1756823225
-0.878165894,3.297309543,4.859822701,1.067792436,-0.171042267,-0.155159771,1756823225
-0.926022346,3.397808092,7.812565789,1.07145761,0.12705997,0.07819075,1756823225
-1.174875897,3.12024067,9.927820967,1.0054842,0.459370659,0.160046692,1756823225
-1.727617917,2.179861389,11.15294614,0.945619389,0.764803278,0.238237443,1756823225
-2.553141714,1.225125171,11.68415276,0.896750187,1.010371087,0.301767445,1756823225
-3.840480273,0.392422906,12.14357469,0.982271286,1.132544134,0.356745317,1756823225
-5.666203917,-0.595812827,12.7369947,1.133765865,1.24494339,0.28099801,1756823225
-8.00638442,-2.395215423,14.02433326,1.323134071,1.385442308,0.090408055,1756823225
-9.023334025,-4.855037055,16.91007731,1.523497922,1.585806176,-0.087964594,1756823225
-8.43948531,-7.255038123,17.96052644,1.776396095,1.433089866,-0.142942466,1756823225
-7.630711271,-7.944171032,20.12363807,1.905899491,0.878424247,-0.195476876,1756823225
-7.200003203,-8.358129342,21.87039856,1.692096657,0.043982297,-0.285884914,1756823225
-6.326622954,-9.178867494,22.25085736,1.299921279,-0.951728024,-0.458148929,1756823225
-4.220939066,-9.152546445,21.68136558,0.821002898,-2.072054905,-0.56321775,1756823225
-1.655833239,-7.642675384,20.25524331,0.395840674,-3.220481606,-0.6414085,1756823225
0.502492746,-5.201996332,18.92244112,0.079412481,-4.210083239,-0.66095617,1756823225
2.321037922,-2.495713972,17.66142361,-0.184481302,-4.900360749,-0.634078152,1756823225
3.81894487,0.050249275,15.61795311,-0.349414916,-5.215567177,-0.553443888,1756823225
4.53679165,1.777867192,13.29452237,-0.504574687,-5.296201825,-0.527787566,1756823225
5.417350366,2.081755662,11.0644117,-0.762359817,-5.143485515,-0.439822989,1756823225
5.769095289,3.541377448,7.970492081,-0.827111515,-4.883256871,-0.366519143,1756823225
6.075376581,3.062812928,6.132804324,-0.807563845,-4.480085692,-0.328645498,1756823225
6.979863524,4.043870194,4.201796486,-0.62186083,-3.842342244,0.224798408,1756823225
6.632904247,4.486542375,2.579462763,-0.591317568,-3.178942682,0.404392788,1756823225
6.355336826,4.764109797,1.552941867,-0.68050391,-2.500882163,0.456927198,1756823225
5.99162779,4.876572459,0.576670247,-0.830776689,-1.711644397,0.552222158,1756823225
5.596812061,4.773681087,-0.157926292,-1.054353401,-1.011592817,0.486248747,1756823225
5.185246574,4.3621156,-0.586241537,-1.321912341,-0.312763002,0.532674488,1756823225
4.77607391,3.615554949,-0.770488877,-1.370781612,0.412944901,0.415388345,1756823225
4.304687857,2.679961312,-0.648454925,-1.28159527,1.050688227,0.298102236,1756823225
3.771088418,1.844866225,-0.313459761,-0.998153782,1.632231864,0.186924763,1756823225
3.270988494,1.01216396,0.172283227,-0.67928211,2.190562779,0.041538836,1756823225
2.825923491,0.227318147,0.976271621,-0.317649941,2.64138122,-0.125838239,1756823225
2.541177601,-0.562313311,1.971685822,0.012217305,3.065321853,-0.34086282,1756823225
2.400001068,-1.308873962,3.096312444,0.388510291,3.413514986,-0.442266432,1756823225
2.404786713,-2.005185339,4.725824635,0.745255608,3.672521777,-0.547335271,1756823225
2.354537438,-2.428714939,6.805187474,1.091005281,3.843564096,-0.526565835,1756823225
2.151147517,-2.409572358,9.415756931,1.429424692,3.889989924,-0.454483755,1756823225
1.744367675,-1.799402595,12.55274736,1.5125024,3.847229148,-0.250454748,1756823225
1.158126138,-1.093519928,15.95294827,1.423316057,3.689625934,-0.109955743,1756823225
0.421136778,-1.227517994,17.82413555,1.248608564,3.43550603,0.067195176,1756823225
-0.160319114,-2.3928226,18.98704733,1.038470905,3.028669834,0.298102236,1756823225
-0.53359944,-3.962514226,19.56850322,0.867428656,2.486221467,0.56443948,1756823225
-0.964307508,-4.658825602,18.73580096,0.900415361,1.868025881,0.708603641,1756823225
-0.617348231,-4.613361973,19.63071661,0.912632683,1.227839094,1.105666046,1756823225
-4.089333823,-7.939385387,20.46820452,0.353080108,1.073901071,0.769690165,1756823225
-3.235096155,-6.116054566,19.85564193,-0.032986723,0.916297857,0.343306264,1756823225
-3.40498656,-4.72103899,18.68555168,-0.299323967,0.888198039,0.141720735,1756823225
-3.661018578,-3.184846881,17.0991103,-0.559552576,0.845437472,-0.054977871,1756823225
-3.761517127,-1.782652837,15.21117327,-0.770911896,0.734260016,-0.188146493,1756823225
-3.57966261,-0.576670247,13.20120228,-0.886976326,0.540004888,-0.348193203,1756823225
-3.376272689,0.169890405,11.38026429,-1.0054842,0.360410491,-0.488692191,1756823225
-3.184846881,0.562313311,9.872786048,-0.978606112,0.111177473,-0.608421795,1756823225
-3.010170831,0.825523797,8.796015878,-1.012814547,-0.133168622,-0.715934059,1756823225
-2.746960345,1.127019445,7.920242806,-0.966388789,-0.329867229,-0.79534654,1756823225
-2.40239389,1.55533469,6.99422046,-0.819781167,-0.470366251,-0.900415361,1756823225
-2.048256146,2.096112598,6.017948839,-0.601091377,-0.599869646,-0.924850006,1756823225
-1.713260982,2.778067039,5.082355202,-0.368962586,-0.627969465,-1.003040739,1756823225
-1.55533469,3.440878899,4.218546244,-0.174707458,-0.664621414,-1.015257991,1756823225
-1.411765334,4.019941968,3.431307608,-0.058643063,-0.631634639,-1.000597295,1756823226
-1.26101751,4.323830438,2.732603409,0.032986723,-0.625526004,-0.979827825,1756823226
-1.079162993,4.393222294,1.947757596,0.046425758,-0.612086969,-0.913854414,1756823226
-0.988235734,4.287938099,1.107876864,0.120951317,-0.609643508,-0.810007306,1756823226
-0.909272588,4.163511324,0.404387019,0.20402899,-0.588874125,-0.612086969,1756823226
-0.763310409,3.998406565,0.334995164,0.345749707,-0.594982742,-0.477696634,1756823226
-0.514456859,3.907479306,1.241874929,0.569326385,-0.571769828,-0.268780705,1756823226
-0.289531535,3.854837209,3.022134944,0.653625822,-0.453261989,-0.097738438,1756823226
-0.208175566,3.873979789,5.627918755,0.68050391,-0.213802833,0.065973446,1756823226
-0.332602341,3.842873096,8.535198214,0.58276542,0.131946891,0.217468025,1756823226
-0.710668312,3.617947771,11.05244759,0.401949344,0.586430594,0.360410491,1756823226
-1.256231865,2.8163522,12.51685502,0.270002435,0.979827825,0.447153372,1756823226
-2.158325985,1.80418824,13.48594817,0.234572251,1.231504285,0.482583538,1756823226
-3.637090352,0.636490812,14.18465237,0.277332818,1.363451264,0.395840674,1756823226
-5.848058434,-0.959521863,14.60818197,0.320093385,1.461189667,0.081855942,1756823226
-6.601797553,-3.546163093,15.38106367,0.397062405,1.423316057,-0.131946891,1756823226
-6.759723845,-6.23091005,16.47936925,0.745255608,1.238834755,-0.318871654,1756823226
-6.096911985,-7.702495949,18.45344789,1.154535335,0.781907487,-0.371406082,1756823226
-5.869593838,-7.783851918,19.61157403,1.357342507,0.094073247,-0.438601224,1756823226
-5.312066172,-7.661817965,20.03271081,1.271821478,-0.789237905,-0.649960648,1756823226
-3.560520029,-6.917650137,19.9369979,0.896750187,-1.802052453,-0.781907487,1756823226
-1.682154288,-5.556134077,19.42493387,0.58398715,-2.728124119,-0.758694643,1756823226
0.279960244,-3.94815729,18.45105507,0.270002435,-3.415958429,-0.729373112,1756823226
1.825723644,-2.103291065,16.94836248,0.010995574,-3.799581729,-0.742812147,1756823226
3.072384218,-0.253639196,14.8761781,-0.164933614,-3.975510953,-0.631634639,1756823226
4.022334791,1.342373479,12.7585301,-0.423940493,-3.953519891,-0.618195586,1756823226
4.570291166,2.608176634,10.83470073,-0.569326385,-3.795916677,-0.452040276,1756823226
4.756931329,3.105883735,8.953942169,-0.761138104,-3.484375301,-0.313984732,1756823226
5.087140848,3.091526799,7.070790783,-0.919963031,-3.060434948,-0.158824962,1756823226
5.278566656,3.041277525,5.257031252,-0.940732502,-2.626720524,-0.006108652,1756823226
5.510670448,3.393022447,3.804587934,-0.867428656,-2.251649181,0.144164196,1756823226
5.187639397,3.050848815,2.955135911,-0.762359817,-1.838704332,0.290771853,1756823226
4.862215523,3.1657043,2.309073809,-0.741590434,-1.345125255,0.353080108,1756823226
4.476971085,3.225524865,1.864008805,-0.675616936,-0.85276789,0.394618961,1756823226
4.039084549,3.347558817,1.497906948,-0.62308256,-0.35796703,0.372627795,1756823226
3.639483175,3.148954542,1.363908882,-0.616973856,0.12705997,0.321315115,1756823226
3.208775107,2.818745023,1.308873962,-0.541226601,0.58398715,0.310319558,1756823226
2.684746957,2.285145583,1.430907915,-0.475253155,1.014036261,0.235793982,1756823226
2.210968082,1.737189208,1.641476304,-0.351858377,1.382998864,0.140499005,1756823226
1.80418824,1.150947671,2.084148485,-0.17837265,1.734857311,0.059864793,1756823226
1.452443318,0.418743955,2.787638329,-0.059864793,2.036624739,-0.045204028,1756823226
1.277767268,-0.378065971,3.847658741,0.150272849,2.315179148,-0.206472451,1756823226
1.246660575,-1.304088317,5.077569557,0.349414916,2.554638339,-0.327423768,1756823226
1.277767268,-2.08893413,6.93918554,0.588874125,2.736676319,-0.364075699,1756823226
1.225125171,-2.598605344,9.329615317,0.821002898,2.820975757,-0.326202055,1756823226
0.736989361,-2.651247441,12.45224881,0.933402084,2.835636453,-0.182037841,1756823226
0.069391855,-2.435893407,16.00559037,0.915076127,2.792875939,-0.029321531,1756823226
-0.449850649,-2.474178568,18.26202208,0.810007306,2.571742758,0.180816111,1756823226
-0.763310409,-3.007778008,19.72164387,0.781907487,2.00119459,0.34086282,1756823226
-1.837687757,-5.048855686,20.5399892,0.735481729,1.400103143,0.726929668,1756823226
-2.124826469,-5.998806258,18.58744596,0.856433064,0.731816555,0.994488608,1756823226
-3.247060268,-6.903293201,18.37687757,0.878424247,0.239459173,0.789237905,1756823226
-3.584448255,-5.723631659,18.91047701,0.605978334,0.086742864,0.610865238,1756823226
-3.680161159,-4.115654872,18.88176314,0.177150919,0.090408055,0.401949344,1756823226
-3.605983658,-2.883351233,17.84088531,-0.263893783,0.064751715,0.146607657,1756823226
-3.211167929,-1.780260014,16.20419465,-0.638965057,-0.043982297,0.00122173,1756823226
-2.792423974,-0.638883634,14.83789294,-0.81489421,-0.182037841,-0.080634211,1756823226
-2.390429777,0.23928226,13.56012567,-0.952949737,-0.322536846,-0.149051118,1756823226
-2.187039856,0.89252283,12.11964647,-1.0054842,-0.477696634,-0.212581103,1756823226
-2.021935097,1.277767268,10.58345436,-0.965167059,-0.610865238,-0.323758559,1756823226
-1.84965187,1.607976787,9.305687091,-0.950506293,-0.734260016,-0.409279727,1756823226
-1.653440417,1.861615983,8.140382485,-0.869872099,-0.829554976,-0.558330828,1756823226
-1.409372511,2.067398726,7.027719976,-0.79412481,-0.924850006,-0.712268885,1756823226
-1.177268719,2.292324051,5.910271822,-0.638965057,-1.010371087,-0.845437472,1756823226
-0.923629524,2.52203502,4.919643266,-0.524122392,-1.055575132,-0.901637092,1756823226
-0.715453957,2.773281393,4.125226162,-0.497244304,-1.10933129,-0.987158242,1756823226
-0.466600407,3.139383251,3.550948738,-0.423940493,-1.14720497,-1.042136079,1756823226
-0.212961211,3.483949706,3.022134944,-0.421497014,-1.158200509,-1.099557429,1756823226
0.031106694,3.541377448,2.325823567,-0.392175465,-1.152091874,-1.039692635,1756823226
0.320638228,3.318844946,1.636690658,-0.338419325,-1.154535335,-0.943175945,1756823226
0.571884601,3.072384218,1.01216396,-0.250454748,-1.095892255,-0.752585956,1756823226
0.825523797,2.912065104,0.729810893,0.019547688,-1.056796845,-0.454483755,1756823226
1.103091219,2.928814862,1.064806057,0.283441471,-0.94806285,-0.219911486,1756823226
1.299302672,3.12024067,2.368894374,0.574213359,-0.824668072,-0.018325957,1756823226
1.550549045,3.632304707,4.488935198,0.703716754,-0.605978334,0.171042267,1756823226
1.727617917,4.046263017,7.147361106,0.678060379,-0.267558974,0.350636647,1756823226
1.792224127,4.256831405,9.877571693,0.613308682,0.169820536,0.406836231,1756823226
1.892722677,4.13240463,12.33021486,0.421497014,0.712268885,0.438601224,1756823226
1.746760498,3.395415269,13.31605777,0.260228591,1.167974301,0.441044702,1756823226
1.210768236,2.210968082,13.68933809,0.213802833,1.490511216,0.433714319,1756823226
0.165104759,0.643669279,14.4311131,0.191811685,1.797165548,0.388510291,1756823226
-1.538584932,-1.497906948,15.19203069,0.309097793,2.11603715,0.298102236,1756823226
-2.80678091,-4.637290199,15.73759424,0.580321976,2.423913352,0.116064395,1756823226
-3.089133977,-7.018148686,17.9461695,1.038470905,2.558303652,0.058643063,1756823226
-3.787838176,-7.987241839,20.51606097,1.315803706,2.283414295,0.046425758,1756823226
-4.800002136,-8.252845147,21.71247227,1.255938912,1.653001317,-0.057421332,1756823226
-5.187639397,-8.13559684,21.42054792,0.922406475,0.626747734,-0.274889357,1756823226
-4.713860522,-7.53739119,20.01596105,0.521678896,-0.629191178,-0.533896218,1756823226
-3.40498656,-6.463013843,18.64726652,0.182037841,-1.835039158,-0.788016192,1756823226
-1.304088317,-4.948357137,17.23550119,-0.023212879,-2.846632115,-0.897971918,1756823226
0.861416136,-3.218346397,15.72802295,-0.177150919,-3.519805468,-0.973719207,1756823226
2.670390022,-1.387837108,14.19661649,-0.243124365,-3.903428767,-0.949284563,1756823226
4.017549145,0.35892339,12.66042438,-0.372627795,-4.075692939,-0.968832233,1756823226
4.756931329,1.773081547,11.02373372,-0.510683339,-4.056145077,-0.888198039,1756823226
5.041677218,2.301895341,9.174081848,-0.654847535,-3.836233748,-0.7550294,1756823226
5.166103993,2.706282361,7.214360139,-0.817337724,-3.484375301,-0.616973856,1756823226
5.338387221,3.845265918,5.060819799,-0.747699052,-3.033556738,-0.428827397,1756823226
5.39342214,4.007977855,4.264009873,-0.638965057,-2.65970723,-0.376292969,1756823226
5.027320283,3.993620919,3.548555916,-0.58398715,-1.992642372,-0.252898209,1756823226
4.773681087,4.091726646,2.80678091,-0.613308682,-1.479515555,-0.262672052,1756823226
4.587040924,4.072584065,2.330609212,-0.669508319,-1.048244766,-0.302989176,1756823226
4.359722777,4.0127635,1.887937031,-0.687834258,-0.419053553,-0.333532438,1756823226
4.113262049,3.795016644,1.514656706,-0.730594842,0.02565634,-0.362853969,1756823226
3.754338659,3.488735351,1.1964113,-0.715934059,0.515570278,-0.415388345,1756823226
3.323630591,3.086741154,0.90209412,-0.747699052,0.981049555,-0.465479312,1756823226
2.842673249,2.589034053,0.811166861,-0.681725623,1.437976753,-0.559552576,1756823226
2.419143649,2.045863323,0.866201781,-0.60231309,1.828930541,-0.579100246,1756823226
2.08893413,1.383051463,1.074377347,-0.456927198,2.1734585,-0.673173492,1756823226
1.799402595,0.500099923,1.540977754,-0.270002435,2.482556415,-0.726929668,1756823226
1.777867192,-0.698704199,2.416750826,0.008552113,2.636494333,-0.864985195,1756823226
1.950150419,-2.041077678,3.914657774,0.284663184,2.685363605,-0.952949737,1756823226
2.311466632,-3.251845913,6.223731583,0.612086969,2.670702891,-1.027475313,1756823226
2.866601475,-3.95772858,9.56171911,0.976162651,2.604729463,-1.073901071,1756823226
3.486342528,-3.82851616,13.1605243,1.279151826,2.568077444,-0.995710321,1756823226
3.909872128,-3.352344463,16.33340707,1.3976597,2.464230406,-0.836885394,1756823226
4.182653905,-2.620140747,18.31227136,1.447750562,2.34572241,-0.68050391,1756823226
4.110869227,-2.510070907,19.05165354,1.428202962,2.118480594,-0.422718727,1756823226
3.05563446,-2.770888571,18.98944015,1.24494339,1.888795334,-0.259006861,1756823226
1.428515092,-2.914457927,17.79063603,0.993266877,1.815491436,-0.262672052,1756823226
0.763310409,-3.043670347,17.57767482,0.819781167,1.682322849,-0.15271631,1756823226
-0.748953474,-3.342773172,18.39841297,0.370184317,1.593136524,-0.276111088,1756823226
-1.706082514,-2.32821639,18.20220152,0.012217305,1.576032367,-0.334754151,1756823226
-2.909672282,-1.031306541,17.12543135,-0.250454748,1.618792881,-0.356745317,1756823226
-4.034298904,-0.062213388,15.67059521,-0.491135634,1.57847581,-0.397062405,1756823226
-5.142175767,0.686740086,14.13918874,-0.71837752,1.441641927,-0.360410491,1756823226
-6.013163194,1.167697429,12.29432252,-0.933402084,1.165530857,-0.399505848,1756823227
-6.654439651,1.277767268,10.40638549,-0.987158242,0.731816555,-0.520457183,1756823227
-6.958328121,1.117448154,8.683553215,-0.960280154,0.206472451,-0.605978334,1756823227
-6.855436749,0.933200814,7.106683122,-0.799011714,-0.362853969,-0.866206925,1756823227
-6.23091005,1.105484041,5.919843112,-0.50701813,-0.897971918,-1.015257991,1756823227
-5.407779076,1.615155255,5.2091748,-0.240680904,-1.35856422,-1.14720497,1756823227
-4.689932296,2.433500584,4.713860522,-0.072082098,-1.709200936,-1.189965484,1756823227
-3.974478339,3.304488011,4.17786826,0.004886922,-1.98042512,-1.270599748,1756823227
-3.342773172,4.007977855,3.661018578,0.042760567,-2.235766877,-1.273043191,1756823227
-2.624926392,4.438685923,3.227917687,0.07696902,-2.438574048,-1.30236474,1756823227
-1.792224127,4.608576328,2.837887604,0.171042267,-2.60350761,-1.253495469,1756823227
-0.995414202,4.479363907,2.488535504,0.392175465,-2.652376882,-1.194852388,1756823227
-0.366101858,4.328616083,2.261217357,0.632856352,-2.614503272,-1.021366678,1756823227
0.112462662,4.441078746,2.50289244,0.801455158,-2.533868886,-0.816115923,1756823227
0.514456859,4.733003103,3.476771238,0.873537273,-2.383596282,-0.71837752,1756823227
0.954736217,5.065605444,5.020141815,0.657290996,-2.130697986,-0.614530412,1756823227
1.447657673,4.979463831,6.836294168,0.399505848,-1.837482619,-0.50701813,1756823227
2.060220259,4.149154388,8.654839344,0.031764992,-1.518611017,-0.50701813,1756823227
2.529213488,2.007578161,9.992427178,-0.162490153,-1.134987595,-0.540004888,1756823227
2.80678091,-0.521635327,11.01176961,-0.20402899,-0.759916374,-0.553443888,1756823227
3.002992363,-2.682354135,12.56231865,-0.039095375,-0.313984732,-0.547335271,1756823227
2.80678091,-4.778466732,14.94796278,0.294437062,0.285884914,-0.518013722,1756823227
3.125026316,-6.300301906,18.42712684,0.41783184,0.886976326,-0.419053553,1756823227
3.328416237,-7.456035222,21.42772638,0.632856352,1.389107482,-0.279776297,1756823227
2.620140747,-8.898907249,23.20320075,0.741590434,1.496619834,-0.12950343,1756823227
1.5457634,-8.67876757,23.36351987,0.711047172,1.066570723,-0.037873645,1756823227
-0.172283227,-7.219145784,21.99243252,0.577878533,0.212581103,0.034208453,1756823227
-1.61036961,-5.103890606,19.59243145,0.120951317,-0.87231556,-0.031764992,1756823227
-2.019542274,-3.2398818,17.18046627,-0.326202055,-1.935221022,-0.151494579,1756823227
-1.485942835,-1.940579129,15.25185125,-0.636521596,-2.722015624,-0.233350521,1756823227
0.019142581,-0.741775006,13.87358543,-0.807563845,-3.235142319,-0.342084533,1756823227
1.557727513,0.605384118,12.69870954,-0.877202447,-3.55034873,-0.351858377,1756823227
2.739781877,1.78504566,11.32762219,-1.040914348,-3.667634873,-0.389732022,1756823227
3.546163093,2.612962279,9.664610481,-1.133765865,-3.61754401,-0.338419325,1756823227
3.897908015,3.108276557,7.989634661,-1.159422222,-3.480710005,-0.233350521,1756823227
4.053441484,3.194418171,6.508477472,-1.192408945,-3.249803015,-0.098960169,1756823227
4.079762533,3.089133977,5.347958511,-1.131322421,-2.941926952,-0.015882496,1756823227
4.043870194,2.907279459,4.264009873,-1.077566315,-2.548529844,0.063529985,1756823227
3.952942935,2.845066071,3.208775107,-1.011592817,-2.129476255,0.063529985,1756823227
3.833301805,2.766102926,2.462214455,-0.867428656,-1.704314049,0.079412481,1756823227
3.842873096,2.701496715,1.950150419,-0.784350948,-1.30236474,0.062308254,1756823227
3.799802289,2.627319215,1.73001074,-0.652404092,-0.901637092,0.072082098,1756823227
3.804587934,2.443071875,1.67497582,-0.54611354,-0.552222158,0.034208453,1756823227
3.775874063,2.086541307,1.763510256,-0.419053553,-0.15271631,-0.047647489,1756823227
3.675375514,1.703689691,1.818545176,-0.28099801,0.193033415,-0.211359372,1756823227
3.577269787,1.378265818,2.045863323,-0.227241869,0.499687747,-0.38362337,1756823227
3.663411401,1.043270654,2.376072842,-0.112399204,0.786794462,-0.538783158,1756823227
3.713660675,0.567098956,2.799602442,-0.032986723,1.017701504,-0.663399614,1756823227
3.974478339,-0.203389921,3.560520029,0.062308254,1.231504285,-0.860098238,1756823227
4.512863424,-1.112662509,4.613361973,0.284663184,1.363451264,-1.116661655,1756823227
5.412564721,-2.096112598,5.857629725,0.541226601,1.373225055,-1.334129715,1756823227
6.934399895,-2.950350266,7.573283529,0.941954215,1.268156304,-1.43675504,1756823227
8.889335959,-3.646661642,9.93978508,1.308473358,1.067792436,-1.290147348,1756823227
11.48076283,-4.106083582,12.60299663,1.56992361,0.624304273,-0.907745709,1756823227
13.70369503,-4.484149552,14.75414415,1.813047975,0.063529985,-0.328645498,1756823227
13.53859027,-5.321637462,15.43131295,1.783726443,-0.190589954,0.02687807,1756823227
12.49053397,-5.87198666,14.93360585,1.739744198,0.07574729,0.105068821,1756823227
11.98325558,-5.891129241,14.3354002,1.510058816,0.65973444,0.15393804,1756823227
10.92802081,-5.369493914,14.65843125,1.334129715,1.406211778,0.167377075,1756823227
8.980263218,-4.474578262,15.62991722,0.907745709,2.397035125,0.119729587,1756823227
6.719045861,-3.304488011,15.87637795,0.34086282,3.431840995,-0.014660766,1756823227
4.661218425,-1.792224127,15.76152247,-0.091629786,4.372573358,-0.037873645,1756823227
2.610569457,-0.198604276,15.66341674,-0.421497014,5.068959624,-0.109955743,1756823227
0.485742988,1.148554848,15.13938859,-0.761138104,5.424483106,-0.086742864,1756823227
-1.734796385,2.057827436,14.5052906,-1.084896663,5.484348301,-0.089186325,1756823227
-3.852444386,2.600998166,13.1389889,-1.428202962,5.152037454,-0.125838239,1756823227
-6.168696663,2.775674216,10.93519928,-1.556484627,4.613254401,-0.196698607,1756823227
-7.948956677,2.232503486,7.812565789,-1.480737268,3.685960882,-0.397062405,1756823227
-8.898907249,1.691725578,5.422136012,-1.156978779,2.587625062,-0.499687747,1756823227
-9.178867494,1.732403562,4.503292133,-0.729373112,1.469741746,-0.467922755,1756823227
-8.987441686,2.421536471,4.42672181,-0.411723171,0.486248747,-0.411723171,1756823227
-8.353343697,3.337987527,4.402793584,-0.114842665,-0.333532438,-0.329867229,1756823227
-7.377072076,4.106083582,3.960121403,0.031764992,-0.995710321,-0.345749707,1756823227
-6.022734484,4.345365842,3.342773172,0.201585529,-1.541823791,-0.350636647,1756823227
-4.685146651,4.457828504,2.708675183,0.382401639,-1.976759946,-0.276111088,1756823227
-3.491128173,4.472185439,2.309073809,0.48747046,-2.315179148,-0.175929189,1756823227
-2.486142681,4.4362931,2.249253244,0.657290996,-2.537534182,-0.070860368,1756823227
-1.586441384,4.658825602,2.739781877,0.729373112,-2.652376882,0.047647489,1756823227
-0.887737185,4.847858588,3.620340594,0.788016192,-2.656041934,0.091629786,1756823227
-0.325423874,4.917250443,4.570291166,0.768468452,-2.528981981,0.173485728,1756823227
0.095712904,4.723431812,5.386243673,0.592539299,-2.370157177,0.174707458,1756823227
0.54317073,4.12283334,6.254838276,0.461814103,-2.206445205,0.112399204,1756823227
1.019342428,3.108276557,7.355536672,0.265115513,-2.043955104,0.072082098,1756823227
1.66540453,1.883151386,9.131011042,0.092851516,-1.875356229,-0.00122173,1756823227
2.404786713,0.593420005,11.37308582,0.079412481,-1.671327327,-0.084299403,1756823227
3.093919622,-0.741775006,13.80419358,0.109955743,-1.33901662,-0.160046692,1756823227
3.749553014,-2.368894374,16.69472328,0.238237443,-0.849102716,-0.184481302,1756823227
4.144368743,-4.304687857,18.61615983,0.398284135,-0.295658793,-0.301767445,1756823227
4.453042859,-5.795416337,20.18345863,0.615752143,0.337197611,-0.312763002,1756823227
5.063212622,-6.975077879,21.64068759,0.7550294,0.566882941,-0.167377075,1756823227
4.412364874,-6.903293201,21.28894267,0.612086969,0.406836231,0.046425758,1756823227
3.381058334,-6.853043926,19.98006871,0.439822989,-0.010995574,0.235793982,1756823227
2.653640263,-6.664010941,18.41994837,0.161268423,-0.581543707,0.355523586,1756823227
2.203789615,-6.070590936,16.92204143,-0.140499005,-1.183856867,0.350636647,1756823227
2.072184372,-5.14456859,15.31167182,-0.355523586,-1.722639919,0.315206445,1756823227
2.194218324,-3.964907048,13.5314118,-0.607200064,-2.140471777,0.288328392,1756823227
2.711068006,-2.500499617,11.89711397,-0.780685774,-2.443460953,0.343306264,1756823227
3.266202849,-0.873380249,10.53081226,-0.927293449,-2.616946715,0.401949344,1756823227
3.651447288,0.301495648,9.169296203,-1.034805731,-2.634050872,0.531452775,1756823227
3.890729548,1.052841944,7.757530869,-1.05190994,-2.568077444,0.626747734,1756823227
3.936193177,1.462014609,6.446264084,-1.039692635,-2.357939924,0.761138104,1756823227
3.917050596,1.689332756,5.168496816,-0.95661498,-2.068389731,0.864985195,1756823227
3.804587934,1.816152353,4.144368743,-0.819781167,-1.777617808,0.982271286,1756823227
3.605983658,1.990828403,3.292523898,-0.714712346,-1.420872614,1.060462019,1756823227
3.436093254,2.151147517,2.746960345,-0.58398715,-1.078788028,1.131322421,1756823227
3.352344463,2.203789615,2.474178568,-0.537561392,-0.746477321,1.204626197,1756823227
3.28534543,2.179861389,2.478964214,-0.375071256,-0.41783184,1.240056486,1756823227
3.235096155,2.074577194,2.727817764,-0.248011287,-0.147829388,1.222952207,1756823227
3.11066938,1.964507355,3.036491879,-0.15393804,0.05131268,1.105666046,1756823227
3.043670347,1.864008805,3.416950673,0.034208453,0.193033415,0.959058441,1756823227
2.947957443,1.581655739,3.821337692,0.168598806,0.331088942,0.741590434,1756823227
2.940778975,1.134197912,4.232903179,0.392175465,0.433714319,0.497244304,1756823227
2.92642204,0.579063069,4.567898343,0.649960648,0.470366251,0.188146493,1756823227
3.172882768,0.143569356,4.943571492,0.930958623,0.465479312,-0.092851516,1756823227
3.696910917,-0.169890405,5.654239804,1.286482174,0.376292969,-0.439822989,1756823227
4.711467699,-0.416351132,6.891329088,1.541823791,0.218689755,-0.60231309,1756823227
6.364908116,-0.725025248,8.819944104,1.822821906,-0.047647489,-0.752585956,1756823227
8.401200149,-0.983450089,11.67458147,2.003638034,-0.401949344,-0.725707938,1756823227
10.98066291,-0.954736217,14.22054471,2.046398548,-0.94806285,-0.514348513,1756823227
13.31127212,-0.928415169,15.85723537,1.987755468,-1.483180851,-0.185703032,1756823227
14.83550012,-0.758524764,15.93859134,1.861917246,-1.762957112,0.193033415,1756823227
15.08435367,-1.715653804,15.48156222,1.579697541,-1.541823791,0.50701813,1756823227
14.91446327,-2.44785752,14.54118294,1.220508746,-0.799011714,0.685390797,1756823227
14.35454278,-3.428914786,13.87119261,0.75747293,0.195476876,0.704938467,1756823227
13.1820597,-4.510470601,13.22752333,0.419053553,1.485624312,0.658512727,1756823227
11.47358437,-5.431707302,12.69631672,0.035430184,2.748893572,0.725707938,1756823228
9.231509591,-5.477170931,12.14836034,-0.182037841,3.979176249,0.780685774,1756823228
6.975077879,-4.512863424,11.89472114,-0.294437062,4.950452152,0.790459636,1756823228
4.589433747,-2.574677118,12.10768236,-0.234572251,5.605299496,0.742812147,1756823228
2.196611147,-0.179461695,12.44267752,-0.318871654,5.959601107,0.614530412,1756823228
-0.203389921,1.866401628,12.18903832,-0.444709893,6.041457101,0.658512727,1756823228
-2.545963246,3.328416237,11.370693,-0.498466017,5.841093635,0.496022573,1756823228
-3.998406565,4.000799387,10.3968142,-0.587652324,5.391496662,0.393397231,1756823228
-5.474778109,4.153940034,9.279366043,-0.56443948,4.704884187,0.202807259,1756823228
-6.508477472,4.086941001,8.159525066,-0.527787566,3.876550819,0.032986723,1756823228
-7.214360139,3.830908983,6.759723845,-0.516792009,2.864957862,-0.067195176,1756823228
-7.271787881,4.254438583,5.381458027,-0.378736465,1.977981676,0.009773844,1756823228
-7.042076912,4.419543342,4.893322217,-0.35918876,1.130100691,0.15393804,1756823228
-6.537191343,4.65643278,4.393222294,-0.353080108,0.367740873,0.185703032,1756823228
-5.793023515,4.752145684,3.869194144,-0.267558974,-0.194255146,0.261450322,1756823228
-4.838287297,4.570291166,3.299702365,-0.219911486,-0.629191178,0.310319558,1756823228
-3.905086483,4.237688825,2.864208652,-0.028099801,-0.95661498,0.343306264,1756823228
-3.074777041,3.895515193,2.519642198,0.177150919,-1.242499929,0.450818546,1756823228
-2.385644132,3.723231966,2.167897276,0.35918876,-1.407433491,0.447153372,1756823228
-1.830509289,3.519842045,2.110469533,0.559552576,-1.522276191,0.521678896,1756823228
-1.399801221,3.261417204,2.610569457,0.685390797,-1.534493443,0.492357365,1756823228
-0.940379282,3.072384218,3.661018578,0.764803278,-1.499063277,0.510683339,1756823228
-0.660419038,2.809173732,5.039284396,0.704938467,-1.342681794,0.519235452,1756823228
-0.483350165,2.299502519,6.398407632,0.590095838,-1.122770343,0.398284135,1756823228
-0.287138712,1.409372511,7.972884903,0.50701813,-0.933402084,0.372627795,1756823228
-0.162711937,0.308674115,9.789037257,0.356745317,-0.726929668,0.223576677,1756823228
-0.133998066,-0.801595571,11.99043405,0.355523586,-0.489913921,0.061086524,1756823228
-0.167497582,-1.643869126,14.63928867,0.307876063,-0.197920337,-0.119729587,1756823228
-0.100498549,-2.699103893,16.89572038,0.274889357,0.144164196,-0.267558974,1756823228
0.624526699,-3.321237769,18.03709676,0.491135634,0.406836231,-0.116064395,1756823228
0.768096055,-5.170889639,19.21197266,0.471587964,0.34086282,0.032986723,1756823228
0.959521863,-6.506084649,20.03271081,0.524122392,0.032986723,-0.039095375,1756823228
1.639083481,-6.094519162,20.1906371,0.588874125,-0.43493605,0.134390352,1756823228
1.852044692,-5.005784879,19.64985919,0.471587964,-0.954171467,0.366519143,1756823228
2.019542274,-3.527020512,18.93440523,0.294437062,-1.489289486,0.456927198,1756823228
1.998006871,-1.976471468,17.93899103,-0.007330383,-1.814269705,0.438601224,1756823228
2.400001068,-0.823130974,16.58943909,-0.266337244,-2.035403026,0.313984732,1756823228
2.93599333,0.062213388,14.76610826,-0.557109097,-2.149023856,0.305432619,1756823228
3.519842045,0.918843878,12.92602769,-0.715934059,-2.205223475,0.28221974,1756823228
3.976871161,1.775474369,11.18166001,-0.847880986,-2.190562779,0.404392788,1756823228
4.151547211,2.160718808,9.470791851,-0.976162651,-2.034181296,0.536339679,1756823228
4.498506488,2.443071875,7.554140948,-1.001819026,-1.795943835,0.753807686,1756823228
4.419543342,2.478964214,5.709274724,-0.884532865,-1.459967954,0.970054033,1756823228
4.201796486,2.560320182,4.165904147,-0.65973444,-1.095892255,1.158200509,1756823228
3.869194144,2.876172765,2.916850749,-0.237015712,-0.73670346,1.380555403,1756823228
3.52462769,3.436093254,2.287538406,0.135612083,-0.368962586,1.49295466,1756823228
2.986242605,4.275973986,2.254038889,0.478918364,-0.008552113,1.703092319,1756823228
2.459821633,5.056034154,2.400001068,0.714712346,0.342084533,1.776396095,1756823228
1.30648114,4.934000201,2.543570424,0.723264425,0.744033878,1.781283,1756823228
0.643669279,6.192624889,1.854437515,0.803898671,1.004262469,1.633453577,1756823228
0.296710002,5.577669481,2.076970017,0.817337724,1.169196031,1.533271713,1756823228
-0.378065971,4.931607379,2.124826469,0.800233427,1.286482174,1.412320396,1756823228
-0.658026215,4.878965281,2.062613081,0.731816555,1.309695088,1.49295466,1756823228
-1.246660575,3.850051563,2.51246373,0.566882941,1.241278216,1.310916819,1756823228
-1.459621786,2.500499617,3.093919622,0.361632204,1.134987595,1.05190994,1756823228
-1.395015576,0.660419038,4.130011808,0.28099801,1.089783567,0.819781167,1756823228
-0.940379282,-1.30648114,5.369493914,0.452040276,1.044579522,0.649960648,1756823228
-0.320638228,-3.739981724,7.267002236,0.704938467,0.888198039,0.425162223,1756823228
0.792024281,-4.615754795,10.07378315,1.238834755,0.747699052,0.525344105,1756823228
1.976471468,-5.127818832,14.99821206,1.881464986,0.541226601,0.722042694,1756823228
1.782652837,-5.223531736,20.26720742,1.932777579,0.437379493,0.788016192,1756823228
3.096312444,-5.130211654,23.33959164,1.762957112,0.035430184,0.458148929,1756823228
4.587040924,-5.682953675,23.99522503,1.596801698,-0.392175465,0.558330828,1756823228
5.03449875,-5.268995365,22.06421719,1.365894708,-0.7562512,0.796568253,1756823228
4.560719876,-2.768495748,19.94896202,1.176526519,-0.75747293,0.751364226,1756823228
4.350151487,-0.47856452,18.63051676,0.663399614,-0.408057962,0.769690165,1756823228
4.584648102,1.060020412,17.65185232,0.032986723,0.147829388,0.763581548,1756823228
4.668396893,1.916650903,16.90768449,-0.488692191,0.747699052,0.783129218,1756823228
4.223331889,2.483749859,16.19462336,-0.850324429,1.270599748,0.79412481,1756823228
3.491128173,3.148954542,15.51027609,-1.029918757,1.605353898,0.823446341,1756823228
2.514856553,4.13240463,14.6847523,-1.177748232,1.800830722,0.847880986,1756823228
1.119840977,4.120440517,13.65344576,-1.246165121,1.859473803,0.834441933,1756823228
-0.672383151,5.670989562,11.519048,-1.275486652,1.846034697,0.642630231,1756823228
-0.928415169,5.723631659,10.32742234,-1.144761387,1.688431483,0.415388345,1756823228
-0.629312344,7.343572559,8.396414503,-0.935845527,1.534493443,0.447153372,1756823228
-1.995614048,6.719045861,7.568497884,-0.768468452,1.389107482,0.531452775,1756823228
-2.344966148,6.374479406,5.895914886,-0.581543707,1.155757048,0.464257581,1756823228
-2.533999133,5.900700532,4.264009873,-0.388510291,0.922406475,0.388510291,1756823228
-2.471785746,5.508277625,2.842673249,-0.072082098,0.720820964,0.378736465,1756823228
-2.373680019,5.31924464,1.921436548,0.180816111,0.558330828,0.384845083,1756823228
-2.266003002,4.924428911,1.328016543,0.375071256,0.397062405,0.423940493,1756823228
-2.297109696,4.395615116,0.849452023,0.537561392,0.252898209,0.48747046,1756823228
-2.254038889,3.605983658,0.519242504,0.675616936,0.084299403,0.505796417,1756823228
-2.222932195,2.586641231,0.320638228,0.701273293,-0.07696902,0.571769828,1756823228
-2.189432679,1.631905013,0.251246373,0.791681366,-0.228463599,0.614530412,1756823228
-2.012363807,0.725025248,0.646062102,0.774577139,-0.361632204,0.66095617,1756823228
-1.756331788,-0.004785645,1.670190175,0.856433064,-0.455705485,0.682947354,1756823228
-1.418943802,-0.849452023,3.376272689,0.827111515,-0.503352956,0.69882985,1756823228
-1.304088317,-2.014756629,5.726024482,0.701273293,-0.378736465,0.697608119,1756823228
-1.454836141,-3.586841077,8.456235068,0.663399614,-0.07696902,0.652404092,1756823228
-1.6199409,-5.26420972,11.28455138,0.724486138,0.326202055,0.529009279,1756823228
-0.492921456,-4.486542375,13.7539443,1.315803706,0.636521596,0.779464044,1756823228
-6.049055533,-8.779266119,16.80479312,1.231504285,1.577254097,0.549778714,1756823228
-5.702096256,-7.889136112,17.76670781,0.987158242,1.908342934,-0.197920337,1756823228
-5.589633594,-7.171289332,18.67119475,1.123992073,1.990198929,-0.43493605,1756823228
-5.221138913,-5.821737386,20.32463516,0.959058441,1.620014612,-0.200363798,1756823228
-5.233103026,-3.266202849,21.73879332,0.69882985,0.916297857,-0.119729587,1756823228
-4.878965281,-0.990628556,22.34896308,0.233350521,-0.023212879,0.109955743,1756823228
-3.806980757,0.306281293,21.00180396,-0.250454748,-1.100779159,0.311541271,1756823228
-2.536391956,1.210768236,18.88415596,-0.537561392,-2.107485072,0.466701042,1756823228
-1.174875897,2.498106794,17.76670781,-0.842994011,-2.813645409,0.687834258,1756823228
0.165104759,3.732803256,16.65165247,-1.136209308,-3.230255414,0.734260016,1756823228
1.624726545,4.465006972,14.92403456,-1.439198484,-3.407406229,0.921184762,1756823228
2.065005904,4.280759631,12.67956696,-1.689653214,-3.324328644,0.83199842,1756823228
3.251845913,4.567898343,9.583254513,-1.760513669,-3.181386143,0.802676958,1756823228
3.381058334,4.149154388,7.166503687,-1.594358237,-2.926044386,0.689055989,1756823228
4.421936165,5.115854719,4.474578262,-1.042136079,-2.500882163,1.376890229,1756823228
4.405186407,5.044070041,3.069991396,-0.788016192,-2.086715619,1.535715174,1756823228
4.130011808,5.161318348,1.825723644,-0.553443888,-1.613905977,1.431868136,1756823228
3.771088418,5.419743189,0.770488877,-0.315206445,-1.174082935,1.486846025,1756823228
3.34038035,5.670989562,0.138783711,-0.1282817,-0.709825372,1.357342507,1756823228
2.842673249,5.938985693,-0.270388954,0.00122173,-0.190589954,1.343903524,1756823228
2.364108729,6.16630384,-0.4235296,0.081855942,0.252898209,1.210734954,1756823228
1.947757596,5.984449323,-0.289531535,0.083077672,0.67928211,1.082453202,1756823228
1.588834206,5.364708269,0.057427742,0.079412481,0.959058441,0.933402084,1756823228
1.32562372,4.520041891,0.863808959,0.057421332,1.198517562,0.780685774,1756823228
1.225125171,3.46002148,2.187039856,0.119729587,1.472185189,0.646295405,1756823228
1.237089284,2.227717841,3.823730515,0.287106679,1.710422667,0.527787566,1756823228
1.395015576,0.7728817,6.262016744,0.465479312,1.96209911,0.458148929,1756823228
1.643869126,-0.363709035,9.887142983,0.586430594,2.210110379,0.388510291,1756823228
1.847259047,-1.14137638,13.96451269,0.663399614,2.456900058,0.375071256,1756823228
1.775474369,-1.213161058,18.17827329,0.853989603,2.745228258,0.392175465,1756823228
1.706082514,-0.813559684,21.23151493,1.070235897,2.956587648,0.532674488,1756823228
1.624726545,-0.169890405,23.5046964,1.082453202,2.896722977,0.689055989,1756823228
1.883151386,0.631705166,24.78246367,0.844215742,2.357939924,0.972497477,1756823228
0.11006984,0.117248307,21.37986993,0.566882941,1.629788403,1.141096213,1756823229
-1.531406464,-1.028913718,18.46780483,0.491135634,1.054353401,1.144761387,1756823229
-1.883151386,-1.083948638,18.47019765,0.213802833,0.642630231,1.048244766,1756823229
-2.105683888,-1.603191142,19.14018798,-0.299323967,0.361632204,0.816115923,1756823229
-1.473978722,-2.565105827,19.02533249,-0.866206925,0.145385927,0.649960648,1756823229
-0.923629524,-3.038884702,17.30489304,-1.30236474,-0.073303829,0.464257581,1756823229
-0.35892339,-2.653640263,14.66800254,-1.483180851,-0.30665435,0.401949344,1756823229
0.215354034,-1.648654771,12.33260768,-1.58947135,-0.503352956,0.313984732,1756823229
0.356530567,-0.212961211,10.40877831,-1.539380348,-0.561996037,0.183259571,1756823229
0.547956375,0.830309442,8.590233134,-1.486846025,-0.516792009,0.185703032,1756823229
0.555134843,1.517049528,6.843472636,-1.506393642,-0.394618961,0.010995574,1756823229
0.4235296,1.847259047,5.26420972,-1.400103143,-0.211359372,-0.063529985,1756823229
0.306281293,1.883151386,3.857230031,-1.295034253,-0.02443461,-0.182037841,1756823229
0.265603309,1.658226062,2.672782844,-1.100779159,0.134390352,-0.28221974,1756823229
0.193818631,1.440479205,1.933400661,-0.857654777,0.259006861,-0.395840674,1756823229
0.062213388,1.349551946,1.552941867,-0.656069266,0.379958178,-0.5131268,1756823229
-0.045463629,1.275374446,1.438086383,-0.415388345,0.48747046,-0.547335271,1756823229
-0.114855485,1.143769203,1.476371544,-0.186924763,0.547335271,-0.635299883,1756823229
-0.198604276,0.818345329,1.485942835,0.106290551,0.575435072,-0.626747734,1756823229
-0.260817663,0.756131942,1.617548078,0.464257581,0.599869646,-0.551000445,1756823229
-0.346959277,0.911665411,1.995614048,0.791681366,0.609643508,-0.464257581,1756823229
-0.47856452,1.330409366,2.979064137,1.061683819,0.587652324,-0.372627795,1756823229
-0.614955408,1.701296869,4.79521649,1.176526519,0.632856352,-0.272445896,1756823229
-0.849452023,1.907079612,7.018148686,1.069014167,0.724486138,-0.162490153,1756823229
-1.129412267,1.596012674,9.243473704,0.916297857,0.908967509,-0.096516708,1756823229
-1.507478238,0.839880733,11.14576767,0.695164676,1.194852388,0.063529985,1756823229
-2.081755662,-0.05503492,12.4402847,0.624304273,1.464854841,0.207694181,1756823229
-3.361915753,-0.909272588,13.65583858,0.580321976,1.701870589,0.355523586,1756823229
-5.572883835,-1.725225095,14.49811213,0.51190507,1.951103588,0.376292969,1756823229
-6.551548279,-1.308873962,15.50309763,0.676838666,2.009746669,0.43493605,1756823229
-13.04566882,-4.61096915,18.23570103,0.629191178,2.486221467,0.284663184,1756823229
-11.44965614,-4.898107862,18.5491608,0.444709893,2.361604976,-0.481361808,1756823229
-11.51665517,-5.137390122,19.42254104,0.478918364,1.720196476,-0.690277702,1756823229
-10.92084235,-4.644468667,20.43709783,0.327423768,0.64018677,-0.907745709,1756823229
-9.688538707,-3.448057367,20.90609106,0.047647489,-0.719599251,-1.122770343,1756823229
-7.412964415,-2.414358003,20.72662936,-0.405614518,-2.075720079,-1.159422222,1756823229
-4.716253345,-1.603191142,19.48236161,-0.704938467,-3.313332982,-1.106887777,1756823229
-1.957328887,-1.100698396,17.07996772,-0.949284563,-4.355469201,-0.937067258,1756823229
0.397208552,-0.516849682,13.65344576,-1.027475313,-5.18013701,-0.708603641,1756823229
2.213360905,0.205782744,10.44467065,-0.978606112,-5.736024482,-0.485027017,1756823229
2.852244539,0.60777694,7.917849983,-0.902858822,-5.948605463,-0.373849526,1756823229
4.649254312,1.373480172,5.704489078,-0.885754595,-6.018244449,-0.133168622,1756823229
5.278566656,2.718246474,3.345165995,-0.784350948,-5.767789597,0.095294977,1756823229
5.458028351,3.04606317,1.524227996,-0.720820964,-5.260771658,0.259006861,1756823229
6.482156423,3.964907048,-0.337387987,-0.464257581,-4.636467053,0.561996037,1756823229
6.4055861,3.498306641,-0.861416136,-0.28099801,-3.951076448,0.766024991,1756823229
6.39601481,3.436093254,-1.378265818,-0.017104227,-3.224146657,0.799011714,1756823229
5.989234968,3.584448255,-1.718046627,0.172263997,-2.497217129,0.800233427,1756823229
5.407779076,3.847658741,-1.90468679,0.285884914,-1.718974745,0.665843145,1756823229
4.682753828,4.168296969,-1.808973886,0.353080108,-0.819781167,0.561996037,1756823229
3.95772858,4.357329955,-1.421336624,0.257785131,0.094073247,0.305432619,1756823229
3.388236802,4.146761566,-0.758524764,0.266337244,0.981049555,0.222354947,1756823229
2.957528734,3.450450189,0.191425808,0.213802833,1.780061269,-0.067195176,1756823229
2.636890505,2.38325131,1.320838075,0.279776297,2.520430043,-0.272445896,1756823229
2.629712037,1.277767268,2.859423007,0.419053553,3.112969271,-0.485027017,1756823229
2.849851717,0.41395831,5.139782945,0.570548115,3.615100567,-0.69882985,1756823229
3.419343495,-0.153140646,8.865407733,0.62308256,4.117231601,-0.800233427,1756823229
4.220939066,-0.141176533,14.65603842,0.549778714,4.521624615,-0.961501885,1756823229
4.618147618,0.308674115,19.7360008,0.488692191,4.948008429,-0.911410953,1756823229
4.455435681,-0.172283227,22.63849462,0.656069266,5.237558482,-0.7562512,1756823229
3.81894487,-0.94755775,24.88535504,0.91018924,5.170363202,-0.322536846,1756823229
3.079562686,-0.277567422,27.01735998,0.955393267,4.527733372,0.166155345,1756823229
-0.557527666,-1.304088317,21.67179429,0.821002898,3.540574938,0.427605667,1756823229
-2.88095841,-1.30648114,18.70230144,0.979827825,2.579073105,0.532674488,1756823229
-4.563112698,-0.299102825,19.82692806,0.73792519,1.760513669,0.554665654,1756823229
-5.369493914,-1.004985492,19.69293,0.067195176,1.098335698,0.5131268,1756823229
-4.599005037,-2.019542274,18.00599007,-0.49357913,0.504574687,0.536339679,1756823229
-5.039284396,-3.684946804,16.21376594,-1.11055302,0.065973446,0.441044702,1756823229
-4.170689792,-4.149154388,13.97647681,-1.411098665,-0.316428176,0.200363798,1756823229
-3.505485109,-3.323630591,11.44008485,-1.420872614,-0.497244304,0.079412481,1756823229
-2.868994297,-2.050648968,9.10229717,-1.329242828,-0.60353489,-0.05131268,1756823229
-2.371287197,-1.043270654,7.185646268,-1.091005281,-0.668286588,-0.171042267,1756823229
-2.026720742,-0.466600407,5.441278592,-0.904080535,-0.662177901,-0.270002435,1756823229
-1.792224127,-0.205782744,3.902693661,-0.774577139,-0.614530412,-0.365297412,1756823229
-1.557727513,-0.098105727,2.639283328,-0.58276542,-0.58398715,-0.455705485,1756823229
-1.351944769,-0.157926292,1.741974853,-0.41783184,-0.572991628,-0.598647916,1756823229
-1.268195978,-0.160319114,1.13180509,-0.263893783,-0.552222158,-0.66095617,1756823229
-1.189232832,0.043070807,0.768096055,-0.042760567,-0.510683339,-0.758694643,1756823229
-1.019342428,0.397208552,0.528813795,0.185703032,-0.499687747,-0.819781167,1756823229
-0.806381216,0.739382183,0.531206617,0.491135634,-0.48747046,-0.797789984,1756823229
-0.605384118,1.033699363,0.806381216,0.79534654,-0.474031425,-0.770911896,1756823229
-0.390030084,1.428515092,1.354337592,1.038470905,-0.437379493,-0.663399614,1756823229
-0.217746857,1.854437515,2.596212521,1.159422222,-0.390953752,-0.634078152,1756823229
-0.179461695,2.0434705,4.388436648,0.966388789,-0.274889357,-0.565661211,1756823229
-0.074177501,1.603191142,6.374479406,0.620639099,-0.074525559,-0.552222158,1756823229
-0.071784678,0.672383151,8.901300072,0.283441471,0.22968533,-0.474031425,1756823229
0.157926292,0.043070807,11.97846994,0.135612083,0.593761012,-0.370184317,1756823229
0.289531535,-0.485742988,14.55314705,0.277332818,0.882089421,-0.105068821,1756823229
-0.483350165,-0.739382183,15.91944876,0.544891775,1.163087396,0.125838239,1756823229
-2.852244539,-0.918843878,17.07996772,0.719599251,1.467298302,0.131946891,1756823229
-5.276173833,-1.296909849,18.99661862,0.821002898,1.954768762,0.020769418,1756823229
-7.128218525,-1.677368643,21.99961098,0.873537273,2.339613915,-0.144164196,1756823229
-8.207381518,-1.782652837,22.32742768,0.800233427,2.306627209,-0.324980324,1756823229
-8.62373265,-1.600798319,22.17667986,0.653625822,1.717753015,-0.514348513,1756823229
-8.60459007,-1.241874929,22.07618131,0.411723171,0.538783158,-0.65973444,1756823229
-8.267202083,-0.94755775,21.33919195,0.046425758,-0.802676958,-0.866206925,1756823229
-6.81954441,-1.124626622,19.39622,-0.337197611,-2.179567118,-0.907745709,1756823229
-4.599005037,-1.670190175,16.80000747,-0.636521596,-3.458718944,-0.972497477,1756823229
-1.887937031,-1.931007838,13.81137205,-0.797789984,-4.482528891,-0.888198039,1756823229
0.679561618,-1.579262916,11.16251743,-0.919963031,-5.294979972,-0.766024991,1756823229
2.648854618,-0.650847747,8.879764669,-0.937067258,-5.900958306,-0.627969465,1756823229
3.998406565,0.354137745,6.862615217,-0.926071719,-6.232047282,-0.471587964,1756823229
4.788038023,1.232303639,5.003392057,-0.919963031,-6.168517053,-0.226020138,1756823229
5.769095289,2.072184372,3.194418171,-0.908967509,-5.767789597,0.017104227,1756823229
6.063412468,2.524427843,1.421336624,-0.844215742,-5.16058941,0.305432619,1756823229
6.501299004,2.612962279,0.193818631,-0.803898671,-4.440990229,0.482583538,1756823229
6.714260216,2.459821633,-0.569491779,-0.592539299,-3.688404343,0.638965057,1756823229
6.671189409,2.266003002,-1.100698396,-0.399505848,-2.957809501,0.711047172,1756823229
6.245266986,2.210968082,-1.6199409,-0.186924763,-2.241875372,0.734260016,1756823229
5.515456093,2.325823567,-1.856830338,-0.02687807,-1.479515555,0.626747734,1756823229
4.718646167,2.498106794,-1.67497582,0.023212879,-0.684169084,0.474031425,1756823229
3.926621887,2.615355102,-1.177268719,0.05009095,0.15393804,0.317649941,1756823229
3.407379382,2.493321149,-0.741775006,0.069638637,0.982271286,0.216246294,1756823229
2.986242605,1.823330821,-0.138783711,0.07574729,1.780061269,-0.12705997,1756823229
2.754138813,0.808774039,0.665204683,0.184481302,2.437352196,-0.227241869,1756823229
2.730210587,-0.327816696,1.765903079,0.405614518,3.029891686,-0.461814103,1756823229
2.993421073,-1.112662509,3.321237769,0.713490616,3.506366363,-0.689055989,1756823229
3.749553014,-1.411765334,6.666403764,1.034805731,3.835011896,-0.810007306,1756823229
5.115854719,-0.775274522,12.74178034,1.265712721,4.097684,-0.92851518,1756823229
5.757131176,0.868594604,20.56870307,1.248608564,4.510628954,-0.971275764,1756823229
5.99162779,1.411765334,24.87578375,0.989601703,4.935790915,-0.83199842,1756823229
5.230710204,0.82791662,25.86641231,1.048244766,4.965112848,-0.537561392,1756823229
4.800002136,0.863808959,25.08635214,0.902858822,4.240626501,0.057421332,1756823229
1.347159124,-0.976271621,19.49911137,0.913854414,3.134960315,0.356745317,1756823229
-0.928415169,-1.390229931,19.30289991,0.889419769,2.240653781,0.500909513,1756823229
-1.854437515,-1.203589768,21.08315993,0.448375102,1.539380348,0.419053553,1756823230
-1.868794451,-1.880758564,20.93959057,-0.172263997,1.020144965,0.467922755,1756823230
-1.430907915,-3.213560752,18.45823354,-0.71837752,0.560774306,0.515570278,1756823230
-2.684746957,-4.85025141,16.26640803,-1.150870144,0.310319558,0.476474868,1756823230
-2.33778768,-4.438685923,13.53859027,-1.456302763,0.189368224,0.384845083,1756823230
-2.404786713,-3.804587934,11.05962606,-1.660331665,0.134390352,0.227241869,1756823230
-2.409572358,-2.723032119,8.949156524,-1.621236325,0.119729587,0.091629786,1756823230
-2.239681954,-1.56490598,6.908078846,-1.444085388,0.097738438,-0.107512282,1756823230
-2.100898243,-0.760917587,5.158925526,-1.236391172,0.068416907,-0.243124365,1756823230
-1.933400661,-0.272781776,3.792623821,-0.974940938,0.032986723,-0.399505848,1756823230
-1.799402595,0.00957129,2.62253357,-0.758694643,-0.037873645,-0.536339679,1756823230
-1.682154288,0.272781776,1.758724611,-0.500909513,-0.122173048,-0.65973444,1756823230
-1.612762432,0.631705166,1.232303639,-0.186924763,-0.188146493,-0.79412481,1756823230
-1.540977754,0.758524764,1.127019445,0.105068821,-0.23090706,-0.879645978,1756823230
-1.351944769,0.866201781,0.973878798,0.401949344,-0.238237443,-0.940732502,1756823230
-1.150947671,0.976271621,0.806381216,0.60353489,-0.266337244,-0.985936529,1756823230
-0.880558717,1.057627589,0.808774039,0.770911896,-0.323758559,-0.944397676,1756823230
-0.643669279,1.337587833,1.229910816,0.821002898,-0.409279727,-0.849102716,1756823230
-0.437886536,1.710868159,2.268395825,0.731816555,-0.428827397,-0.753807686,1756823230
-0.29431718,2.352144616,3.89312237,0.56321775,-0.382401639,-0.598647916,1756823230
-0.040677984,2.569891472,5.898307709,0.333532438,-0.234572251,-0.444709893,1756823230
0.112462662,2.376072842,8.425128375,0.163711884,-0.030543262,-0.284663184,1756823230
0.117248307,2.069791549,11.23908775,0.194255146,0.248011287,-0.135612083,1756823230
0.011964113,1.864008805,13.94537011,0.375071256,0.566882941,0.014660766,1756823230
-0.626919521,1.782652837,15.75912964,0.498466017,0.784350948,0.063529985,1756823230
-1.902293967,1.617548078,17.31685716,0.521678896,1.097113985,0.125838239,1756823230
-3.610769303,1.387837108,20.65963033,0.668286588,1.573588923,0.008552113,1756823230
-4.965106895,-0.382851616,22.92563333,0.781907487,2.045176817,-0.184481302,1756823230
-5.285745123,-1.873580096,21.58325985,1.007927643,2.144136951,-0.328645498,1756823230
-5.840879967,-1.995614048,21.53779622,1.016479791,1.684766309,-0.422718727,1756823230
-6.108876098,-1.897508322,21.58565267,0.702495024,0.83322022,-0.500909513,1756823230
-5.938985693,-2.15354034,20.18824428,0.244346095,-0.312763002,-0.547335271,1756823230
-5.290530769,-2.756531635,17.97727619,-0.157603231,-1.538158617,-0.612086969,1756823230
-3.775874063,-3.395415269,15.66580956,-0.445931606,-2.576629662,-0.696386406,1756823230
-1.495514125,-3.692125272,13.4356989,-0.682947354,-3.441614787,-0.702495024,1756823230
0.909272588,-3.550948738,11.37787146,-0.927293449,-4.224743952,-0.631634639,1756823230
2.490928327,-2.895315346,9.324829672,-1.031140557,-4.762305135,-0.5131268,1756823230
3.672982691,-2.069791549,7.267002236,-1.073901071,-5.059185815,-0.344527994,1756823230
4.374079713,-1.119840977,5.350351334,-1.040914348,-5.04452512,-0.133168622,1756823230
4.900500685,-0.30388847,3.804587934,-0.943175945,-4.781853277,0.073303829,1756823230
5.324030285,0.23928226,2.349751793,-0.886976326,-4.29682612,0.316428176,1756823230
5.615954642,0.576670247,1.215553881,-0.675616936,-3.74338211,0.452040276,1756823230
5.682953675,0.808774039,0.41395831,-0.527787566,-3.14839942,0.575435072,1756823230
5.446064238,1.069591702,-0.131605243,-0.459370659,-2.566855853,0.607200064,1756823230
4.991427944,1.447657673,-0.490528633,-0.378736465,-1.90467776,0.656069266,1756823230
4.431507455,1.847259047,-0.710668312,-0.419053553,-1.276708383,0.591317568,1756823230
3.859622854,2.08893413,-0.818345329,-0.467922755,-0.609643508,0.492357365,1756823230
3.40498656,2.017149452,-0.729810893,-0.500909513,0.041538836,0.366519143,1756823230
2.952743088,1.550549045,-0.375673148,-0.537561392,0.774577139,0.22968533,1756823230
2.636890505,0.780060168,0.289531535,-0.233350521,1.420872614,-0.081855942,1756823230
2.57706994,-0.011964113,1.263410333,0.116064395,2.030515982,-0.20402899,1756823230
2.620140747,-0.689132909,2.584248408,0.665843145,2.52531693,-0.452040276,1756823230
3.067598573,-0.897308475,5.211567623,1.141096213,2.874731933,-0.615752143,1756823230
3.749553014,-0.363709035,9.58086169,1.579697541,3.081204139,-0.706160198,1756823230
3.888336725,1.004985492,16.22094441,1.819156732,3.401297734,-0.825889802,1756823230
3.845265918,2.579462763,22.21496502,1.674992501,3.767816876,-0.825889802,1756823230
3.366701398,2.821137845,23.1768797,1.450194006,3.876550819,-0.712268885,1756823230
3.081955509,2.443071875,23.30848495,1.348790428,3.448945152,-0.406836231,1756823230
2.892922523,1.488335657,22.04746744,1.236391172,2.393370091,0.05009095,1756823230
0.535992262,-0.253639196,21.6311163,1.117883438,1.517389287,0.379958178,1756823230
-0.098105727,-1.282552914,23.3252347,0.574213359,0.957836711,0.398284135,1756823230
-0.086141614,-1.622333723,23.06680986,0.039095375,0.551000445,0.370184317,1756823230
-0.148355001,-3.007778008,20.37009879,-0.394618961,0.288328392,0.467922755,1756823230
-0.095712904,-3.720839143,17.10628877,-0.704938467,0.047647489,0.458148929,1756823230
-0.53359944,-3.749553014,14.30668633,-0.913854414,-0.073303829,0.476474868,1756823230
-0.59820565,-2.835494781,11.74636614,-1.015257991,-0.070860368,0.245567826,1756823230
-0.658026215,-1.328016543,9.848857822,-0.965167059,-0.003665191,0.120951317,1756823230
-0.818345329,-0.519242504,8.54955515,-0.921184762,0.058643063,-0.034208453,1756823230
-0.751346296,-0.346959277,7.262216591,-0.919963031,0.105068821,-0.260228591,1756823230
-0.801595571,-1.30648114,5.86241537,-1.077566315,0.144164196,-0.278554549,1756823230
-0.880558717,-1.442872028,4.163511324,-1.197295832,0.124616509,-0.3775147,1756823230
-0.988235734,-1.294517027,2.574677118,-1.14720497,0.054977871,-0.386066848,1756823230
-1.107876864,-0.96670033,1.543370577,-0.949284563,-0.065973446,-0.5131268,1756823230
-1.136590735,-0.526420972,0.894915652,-0.686612528,-0.155159771,-0.596204472,1756823230
-1.019342428,-0.045463629,0.480957343,-0.398284135,-0.237015712,-0.66095617,1756823230
-0.849452023,0.531206617,0.031106694,-0.134390352,-0.310319558,-0.656069266,1756823230
-0.58863436,0.993021379,-0.212961211,0.210137642,-0.411723171,-0.67928211,1756823230
-0.354137745,1.213161058,0.028713871,0.458148929,-0.504574687,-0.587652324,1756823230
-0.035892339,1.359123237,1.127019445,0.64018677,-0.503352956,-0.503352956,1756823230
0.308674115,1.899901144,3.093919622,0.818559454,-0.460592372,-0.35796703,1756823230
0.689132909,2.256431712,5.730810127,0.844215742,-0.261450322,-0.268780705,1756823230
1.064806057,2.313859454,8.671589102,0.894306744,-0.013439035,-0.156381501,1756823230
1.249053397,2.237289131,11.61954655,0.875980734,0.34086282,-0.07819075,1756823230
1.170090251,2.196611147,14.081761,0.817337724,0.715934059,0.048869219,1756823230
0.629312344,1.990828403,15.43849142,0.695164676,1.039692635,0.278554549,1756823230
-0.208175566,1.797009773,16.40519175,0.653625822,1.439198484,0.320093385,1756823230
-1.837687757,1.241874929,18.91765548,0.880867691,1.96087738,0.295658793,1756823230
-3.692125272,0.256032018,22.39921236,1.094670524,2.531425425,0.089186325,1756823230
-5.096712138,-1.792224127,22.09053824,1.20584791,2.679254847,-0.116064395,1756823230
-5.594419239,-2.021935097,21.51626082,1.229060824,2.26997519,-0.185703032,1756823230
-6.195017711,-2.493321149,21.78186413,0.827111515,1.37933369,-0.293215297,1756823230
-6.21176747,-2.794816797,20.71227243,0.365297412,0.216246294,-0.284663184,1756823230
-5.489135044,-3.639483175,18.46062636,-0.064751715,-1.16675257,-0.426383936,1756823230
-4.086941001,-4.163511324,15.84766408,-0.399505848,-2.313957557,-0.420275284,1756823230
-2.203789615,-4.577469634,13.72283761,-0.645073674,-3.287676625,-0.414166631,1756823230
-0.028713871,-4.37168689,11.91864937,-0.900415361,-4.009719511,-0.399505848,1756823230
1.938186306,-3.670589868,10.143175,-0.993266877,-4.548502302,-0.270002435,1756823230
3.34995164,-2.600998166,8.248059502,-1.07145761,-4.87226121,-0.145385927,1756823230
4.173082614,-1.596012674,6.3314086,-0.943175945,-4.999321144,0.065973446,1756823230
4.764109797,-0.287138712,4.55593423,-0.739146903,-4.849048034,0.232128791,1756823230
5.276173833,0.849452023,2.87138712,-0.425162223,-4.54605912,0.353080108,1756823230
5.50349198,2.036292033,1.519442351,-0.1282817,-4.03904092,0.525344105,1756823230
5.709274724,2.100898243,1.014556782,0.095294977,-3.507588215,0.673173492,1756823230
5.43888577,1.66540453,0.844666378,-0.02565634,-2.900388029,0.847880986,1756823230
4.981856653,1.524227996,0.53359944,-0.246789556,-2.241875372,0.95661498,1756823230
4.582255279,1.854437515,-0.069391855,-0.510683339,-1.591914793,0.922406475,1756823230
4.225724712,2.055434613,-0.421136778,-0.599869646,-0.981049555,0.886976326,1756823230
3.847658741,1.641476304,-0.346959277,-0.689055989,-0.294437062,0.704938467,1756823230
3.53419898,0.904486943,0.112462662,-0.642630231,0.469144485,0.569326385,1756823230
3.34038035,0.167497582,0.890130007,-0.371406082,1.141096213,0.419053553,1756823230
3.321237769,-0.830309442,1.837687757,-0.073303829,1.794722105,0.12705997,1756823230
3.440878899,-1.337587833,3.189632526,0.405614518,2.295631548,-0.043982297,1756823230
4.153940034,-1.330409366,6.005984726,0.821002898,2.575407809,-0.344527994,1756823230
5.204389155,-0.562313311,10.9160567,1.265712721,2.772106486,-0.471587964,1756823230
5.43888577,0.911665411,17.61356716,1.390329352,3.154508177,-0.60231309,1756823230
5.505884803,1.844866225,21.64308042,1.176526519,3.600439592,-0.572991628,1756823230
4.996213589,1.761117434,21.75554308,0.982271286,3.762929972,-0.491135634,1756823230
4.974678185,0.973878798,20.94916186,0.930958623,3.395188976,-0.155159771,1756823230
3.108276557,-0.691525731,18.87937031,0.984714729,2.711019962,0.285884914,1756823230
0.866201781,-1.866401628,19.36750612,0.943175945,2.246762276,0.302989176,1756823230
0.339780809,-2.400001068,20.9108767,0.570548115,1.852143455,0.349414916,1756823230
0.028713871,-2.809173732,21.04487477,0.062308254,1.414763857,0.431270841,1756823230
-0.390030084,-3.522234867,19.39861282,-0.356745317,0.908967509,0.538783158,1756823230
-0.390030084,-4.036691726,16.32383578,-0.636521596,0.3775147,0.626747734,1756823230
-1.203589768,-4.189832373,13.2131664,-0.860098238,0.014660766,0.505796417,1756823230
-1.667797352,-3.436093254,10.77727299,-0.94806285,-0.251676478,0.265115513,1756823231
-1.73001074,-2.189432679,9.238688059,-0.841772298,-0.404392788,-0.069638637,1756823231
-1.586441384,-2.225325018,8.195417405,-0.739146903,-0.444709893,-0.422718727,1756823231
-1.387837108,-3.170489945,6.922435782,-0.952949737,-0.437379493,-0.62186083,1756823231
-1.249053397,-2.821137845,5.065605444,-1.07145761,-0.460592372,-0.753807686,1756823231
-1.083948638,-2.194218324,3.543770271,-1.065348993,-0.508239896,-0.930958623,1756823231
-0.887737185,-1.292124204,2.371287197,-0.869872099,-0.60231309,-1.038470905,1756823231
-0.614955408,-0.258424841,1.686939933,-0.65973444,-0.678060379,-1.191187214,1756823231
-0.356530567,0.703489844,0.928415169,-0.43615778,-0.724486138,-1.182635136,1756823231
-0.177068872,1.560120335,-0.045463629,-0.191811685,-0.766024991,-1.137431039,1756823231
0.043070807,2.222932195,-0.813559684,-0.019547688,-0.866206925,-1.078788028,1756823231
0.600598473,2.689532602,-0.940379282,0.23090706,-0.963945346,-0.927293449,1756823231
1.028913718,3.014956476,-0.244067905,0.405614518,-0.96761052,-0.748920782,1756823231
1.567298803,3.565305674,1.32562372,0.653625822,-0.908967509,-0.548556984,1756823231
2.220539373,3.538984625,4.019941968,0.808785575,-0.723264425,-0.262672052,1756823231
2.644068973,3.493520996,7.252645301,0.803898671,-0.388510291,0.017104227,1756823231
2.845066071,3.574876964,10.22213815,0.731816555,0.15271631,0.299323967,1756823231
3.134597606,3.613162126,12.66042438,0.593761012,0.774577139,0.469144485,1756823231
2.950350266,3.393022447,14.60578915,0.409279727,1.396437969,0.549778714,1756823231
2.246860421,2.510070907,15.57727513,0.197920337,1.918116883,0.398284135,1756823231
1.25144622,0.945164927,15.96012674,0.180816111,2.519208173,0.245567826,1756823231
-0.157926292,-0.995414202,17.12303853,0.475253155,3.205820648,0.083077672,1756823231
-1.73001074,-3.548555916,18.30987854,0.932180353,3.68718249,-0.087964594,1756823231
-2.878565588,-6.57069086,19.49432572,1.334129715,3.810577391,-0.250454748,1756823231
-4.689932296,-7.838886838,20.68116573,1.35856422,3.572339791,-0.096516708,1756823231
-6.206981824,-8.666803457,22.38006978,1.126435517,2.7953194,-0.064751715,1756823231
-7.551748126,-8.748159426,22.25085736,0.720820964,1.642005795,-0.15271631,1756823231
-7.953742322,-7.846065305,20.25045766,0.345749707,0.142942466,-0.458148929,1756823231
-7.142575461,-6.159125372,17.18046627,0.036651914,-1.30236474,-0.715934059,1756823231
-5.197210687,-4.204189308,15.06999673,-0.045204028,-2.615724863,-0.946841119,1756823231
-3.17527559,-2.892922523,13.49791229,-0.328645498,-3.572339791,-0.963945346,1756823231
-1.155733316,-1.792224127,11.60518961,-0.588874125,-4.262617562,-0.889419769,1756823231
0.638883634,-0.923629524,9.643075078,-0.834441933,-4.696331724,-0.702495024,1756823231
2.124826469,-0.002392823,8.087740388,-0.821002898,-4.949230282,-0.547335271,1756823231
3.23031051,0.808774039,6.769295135,-0.569326385,-5.051855729,-0.382401639,1756823231
3.929014709,1.280160091,5.599204884,-0.395840674,-4.9883255,-0.271224166,1756823231
4.156332856,2.050648968,4.381258181,-0.245567826,-4.725653657,-0.122173048,1756823231
4.335794551,3.177668413,3.069991396,-0.158824962,-4.32614753,-0.133168622,1756823231
4.398007939,3.586841077,1.902293967,-0.10140363,-3.8398988,-0.157603231,1756823231
4.383651003,3.866801322,0.990628556,-0.091629786,-3.277902833,-0.189368224,1756823231
4.271188341,3.962514226,0.313459761,-0.213802833,-2.685363605,-0.213802833,1756823231
4.151547211,3.806980757,-0.157926292,-0.287106679,-2.145358682,-0.278554549,1756823231
3.993620919,3.223132042,-0.430708068,-0.572991628,-1.549154279,-0.272445896,1756823231
3.917050596,2.471785746,-0.48813581,-0.860098238,-0.950506293,-0.272445896,1756823231
3.823730515,2.000399694,-0.519242504,-1.037249174,-0.401949344,-0.350636647,1756823231
3.936193177,1.129412267,-0.244067905,-1.065348993,0.196698607,-0.393397231,1756823231
4.094119469,0.11006984,0.150747824,-0.811229036,0.649960648,-0.557109097,1756823231
4.283152454,-0.935593637,0.961914685,-0.404392788,1.037249174,-0.785572661,1756823231
4.864608346,-1.921436548,2.261217357,0.106290551,1.336573176,-0.959058441,1756823231
5.6327044,-2.68713978,4.409972052,0.649960648,1.516167574,-1.233947729,1756823231
6.93918554,-2.888136878,7.953742322,1.077566315,1.626123229,-1.103222603,1756823231
8.044669581,-2.187039856,13.41177067,1.381777134,1.820378462,-1.172861205,1756823231
10.9160567,-1.014556782,19.40339846,1.328020958,2.094046089,-0.995710321,1756823231
12.00479098,-0.959521863,21.72204356,1.117883438,2.4312437,-0.612086969,1756823231
11.48554848,-2.029113565,19.88435581,1.092227081,2.575407809,-0.342084533,1756823231
8.836693862,-3.572484142,17.14218111,0.992045147,2.681698291,-0.223576677,1756823231
7.137789816,-3.775874063,16.34297836,0.8906415,2.684141734,-0.279776297,1756823231
6.154339727,-3.95772858,18.11366708,0.576656802,2.7000243,-0.34086282,1756823231
5.111069074,-3.663411401,19.3435779,0.263893783,2.783102147,-0.49357913,1756823231
3.76390995,-2.983849782,18.85783491,0.091629786,2.811201948,-0.540004888,1756823231
2.210968082,-2.213360905,17.24028683,-0.233350521,2.765997729,-0.588874125,1756823231
0.789631458,-1.292124204,15.16570964,-0.41783184,2.587625062,-0.664621414,1756823231
-0.354137745,-0.48813581,13.39262809,-0.593761012,2.338392062,-0.69882985,1756823231
-1.363908882,0.00957129,11.91386373,-0.797789984,1.987755468,-0.840550568,1756823231
-2.08893413,0.241675083,10.35135057,-0.879645978,1.584584445,-0.934623797,1756823231
-3.062812928,0.485742988,8.635696763,-0.916297857,1.177748232,-1.091005281,1756823231
-3.091526799,0.650847747,6.891329088,-0.863763482,0.729373112,-1.286482174,1756823231
-3.117847848,1.074377347,5.608776174,-0.840550568,0.324980324,-1.393994526,1756823231
-2.959921556,1.612762432,4.685146651,-0.751364226,0.031764992,-1.500285008,1756823231
-2.8163522,2.09850542,3.864408499,-0.701273293,-0.208915911,-1.521054478,1756823231
-2.385644132,2.498106794,2.979064137,-0.678060379,-0.411723171,-1.556484627,1756823231
-1.837687757,2.916850749,2.012363807,-0.557109097,-0.658512727,-1.554041183,1756823231
-1.225125171,3.254238736,1.256231865,-0.438601224,-0.85276789,-1.521054478,1756823231
-0.667597505,3.567698497,1.124626622,-0.305432619,-1.032362287,-1.445307119,1756823231
-0.095712904,3.768695595,1.50029977,-0.161268423,-1.104444333,-1.343903524,1756823231
0.35892339,3.897908015,2.333002035,-0.072082098,-1.016479791,-1.136209308,1756823231
0.839880733,4.137190275,3.806980757,0.032986723,-0.812450749,-0.933402084,1756823231
1.237089284,4.127618985,5.606383352,0.020769418,-0.542448332,-0.722042694,1756823231
1.452443318,3.809373579,7.412964415,-0.079412481,-0.184481302,-0.553443888,1756823231
1.686939933,3.318844946,8.865407733,-0.130725161,0.201585529,-0.421497014,1756823231
1.909472435,2.612962279,10.38006444,-0.197920337,0.521678896,-0.328645498,1756823231
1.806581063,1.832902112,12.33021486,-0.186924763,0.797789984,-0.339641055,1756823231
1.464407431,0.914058233,13.99083374,-0.201585529,1.136209308,-0.426383936,1756823231
0.945164927,-0.234496615,14.74218004,-0.098960169,1.49417639,-0.50701813,1756823231
0.083748791,-2.28275276,15.01735464,0.07574729,1.868025881,-0.516792009,1756823231
-0.512064036,-4.742574393,16.12044586,0.41661011,2.184454162,-0.471587964,1756823231
-1.596012674,-9.164510558,19.12822386,0.883311152,2.419026448,-0.249233017,1756823231
-2.464607278,-8.987441686,20.65963033,1.232725998,2.482556415,-0.136833813,1756823231
-3.780659708,-8.609375715,21.49233259,1.403768317,2.13558489,-0.233350521,1756823231
-5.19960351,-7.137789816,20.92044799,1.312138532,1.392772795,-0.459370659,1756823231
-6.16630384,-4.957928427,18.78365741,0.995710321,0.284663184,-0.825889802,1756823231
-6.175875131,-2.809173732,16.51526159,0.60353489,-0.927293449,-1.05190994,1756823231
-5.075176735,-1.483550012,14.71346617,0.116064395,-2.150245586,-1.341460081,1756823231
-3.237488978,-0.71784678,13.50030511,-0.257785131,-3.208264353,-1.43675504,1756823231
-1.179661542,-0.198604276,12.44746317,-0.43493605,-3.98161971,-1.495398103,1756823231
0.806381216,0.437886536,11.05005477,-0.579100246,-4.515515858,-1.426981231,1756823231
2.455035988,1.13180509,9.430113867,-0.599869646,-4.867374305,-1.208291494,1756823231
3.546163093,1.471585899,7.893921757,-0.626747734,-5.061629538,-1.033584,1756823231
4.333401729,1.617548078,6.575476505,-0.67928211,-5.088507225,-0.781907487,1756823231
4.706682054,1.73958203,5.398207786,-0.745255608,-4.923573925,-0.532674488,1756823231
4.924428911,2.455035988,4.118047695,-0.791681366,-4.52651152,-0.331088942,1756823231
5.008177702,3.34038035,2.823530668,-0.703716754,-4.015828006,-0.201585529,1756823231
4.989035121,4.25204576,1.734796385,-0.62186083,-3.398854273,-0.112399204,1756823231
4.627718908,4.780859555,0.976271621,-0.590095838,-2.779436834,-0.047647489,1756823231
4.737788748,5.402993431,0.234496615,-0.531452775,-2.19178451,-0.119729587,1756823231
4.661218425,5.757131176,-0.169890405,-0.572991628,-1.650557874,-0.057421332,1756823231
4.541577295,5.888736419,-0.41395831,-0.518013722,-1.032362287,-0.149051118,1756823231
4.29750939,5.575276658,-0.406779842,-0.48747046,-0.460592372,-0.22968533,1756823231
3.945764467,4.773681087,-0.081355968,-0.533896218,0.090408055,-0.338419325,1756823231
3.711267853,3.41455785,0.397208552,-0.483805251,0.576656802,-0.560774306,1756823231
3.629911884,1.466800254,1.036092186,-0.48747046,0.971275764,-0.695164676,1756823231
3.739981724,-0.856630491,1.751546143,-0.370184317,1.324355784,-1.0054842,1756823231
4.106083582,-3.117847848,2.617747924,-0.089186325,1.552819453,-1.11055302,1756823231
4.658825602,-4.756931329,3.962514226,0.438601224,1.704314049,-1.376890229,1756823231
5.824130208,-5.781059402,6.183053598,0.77579887,1.795943835,-1.276708383,1756823231
7.862815064,-6.113661743,9.772287498,1.210734954,1.727526946,-1.384220595,1756823231
10.82273662,-5.620740287,14.89053504,1.510058816,1.533271713,-1.191187214,1756823231
13.62473188,-4.230510357,20.73859347,1.663996839,1.448972293,-0.846659185,1756823231
14.64168149,-4.00319221,22.97827543,1.676214231,1.591914793,-0.604756621,1756823231
13.64387447,-4.515256246,21.73400768,1.555262914,1.822821906,-0.332310707,1756823231
10.30588694,-3.907479306,19.33879225,1.133765865,2.151467317,-0.321315115,1756823231
7.511070141,-3.278166962,17.61356716,0.64018677,2.544864547,-0.257785131,1756823231
4.90528633,-2.579462763,17.23789401,0.141720735,3.031113277,-0.331088942,1756823231
2.718246474,-1.935793483,17.13978828,-0.296880506,3.530801129,-0.344527994,1756823231
0.854237668,-1.318445253,16.72104433,-0.599869646,3.929085125,-0.389732022,1756823231
-0.765703232,-0.586241537,15.6490598,-0.863763482,4.127005671,-0.360410491,1756823232
-2.117648001,0.021535403,14.14158157,-1.036027461,3.92542009,-0.272445896,1756823232
-4.220939066,0.253639196,12.65803155,-1.216843572,3.584557305,-0.375071256,1756823232
-5.536991496,0.808774039,10.66481033,-1.233947729,2.905275195,-0.431270841,1756823232
-6.8291157,0.90209412,8.415557084,-1.069014167,2.149023856,-0.637743326,1756823232
-7.326822801,1.213161058,6.319444487,-0.896750187,1.292590809,-0.788016192,1756823232
-7.434499818,1.607976787,5.053641331,-0.60353489,0.412944901,-0.952949737,1756823232
-7.046862557,2.32821639,4.390829471,-0.394618961,-0.309097793,-1.054353401,1756823232
-6.321837309,2.995813895,3.787838176,-0.252898209,-0.91018924,-1.167974301,1756823232
-5.460421173,3.378665511,3.041277525,-0.130725161,-1.425759501,-1.214400128,1756823232
-4.594219392,3.57966261,2.26361018,0.007330383,-1.841147793,-1.202182736,1756823232
-3.641875997,3.651447288,1.631905013,0.213802833,-2.163684691,-1.187522041,1756823232
-2.584248408,3.696910917,1.311266785,0.41783184,-2.403143882,-1.136209308,1756823232
-1.55533469,3.785445353,1.198804123,0.632856352,-2.52531693,-0.999375495,1756823232
-0.765703232,3.905086483,1.409372511,0.889419769,-2.568077444,-0.87231556,1756823232
-0.131605243,4.29750939,1.988435581,1.02503187,-2.520430043,-0.752585956,1756823232
0.325423874,4.950749959,2.909672282,1.073901071,-2.482556415,-0.6414085,1756823232
0.763310409,5.589633594,4.046263017,0.94806285,-2.425134943,-0.612086969,1756823232
1.004985492,5.718846014,5.498706335,0.7550294,-2.300518452,-0.649960648,1756823232
1.191625655,4.96989254,7.499106028,0.438601224,-2.035403026,-0.773355409,1756823232
2.720639296,5.082355202,9.528219593,0.17959438,-1.868025881,-0.908967509,1756823232
3.672982691,3.665804223,12.93559898,-0.054977871,-1.535715174,-1.0054842,1756823232
6.118447388,3.366701398,16.54636828,-0.211359372,-1.104444333,-0.869872099,1756823232
6.776473603,1.493121302,19.48954008,-0.266337244,-0.519235452,-0.932180353,1756823232
8.453842246,-0.796809926,21.08076711,-0.272445896,0.018325957,-0.911410953,1756823232
8.377271923,-3.235096155,20.47299017,-0.138055544,0.452040276,-0.75747293,1756823232
7.963313613,-4.998606411,19.39143435,0.091629786,0.681725623,-0.536339679,1756823232
7.286144817,-5.804987628,19.62114532,0.072082098,0.601091377,-0.112399204,1756823232
6.534798521,-5.218746091,19.05643919,-0.108734012,0.299323967,0.290771853,1756823232
5.02492746,-5.517848916,18.0945245,-0.291993584,-0.067195176,0.68050391,1756823232
2.868994297,-6.190232066,16.20419465,-0.527787566,-0.482583538,0.724486138,1756823232
1.682154288,-6.049055533,13.98365527,-0.807563845,-0.766024991,0.277332818,1756823232
1.335195011,-3.938586,11.98804123,-0.714712346,-0.979827825,0.141720735,1756823232
1.337587833,-1.584048561,10.83709356,-0.747699052,-1.150870144,0.046425758,1756823232
1.351944769,0.569491779,10.06181903,-0.734260016,-1.273043191,0.029321531,1756823232
1.497906948,2.041077678,9.39661435,-0.800233427,-1.323134071,0.079412481,1756823232
1.660618884,2.919243572,8.43948531,-0.810007306,-1.332908002,0.146607657,1756823232
1.667797352,3.251845913,7.207181671,-0.803898671,-1.292590809,0.241902634,1756823232
1.505085415,3.345165995,5.915057467,-0.706160198,-1.193630658,0.298102236,1756823232
1.289731381,3.369094221,4.764109797,-0.598647916,-1.098335698,0.395840674,1756823232
1.062413234,3.352344463,3.754338659,-0.533896218,-0.963945346,0.452040276,1756823232
1.038485008,3.247060268,3.002992363,-0.398284135,-0.824668072,0.521678896,1756823232
1.06719888,3.084348331,2.380858487,-0.296880506,-0.7550294,0.56443948,1756823232
1.093519928,2.823530668,1.775474369,-0.162490153,-0.697608119,0.552222158,1756823232
1.095912751,2.572284295,1.225125171,-0.02687807,-0.678060379,0.599869646,1756823232
0.904486943,2.579462763,0.722632425,0.053756141,-0.658512727,0.560774306,1756823232
0.646062102,2.541177601,0.442672181,0.221133216,-0.691499432,0.508239896,1756823232
0.356530567,2.455035988,0.401994197,0.302989176,-0.701273293,0.257785131,1756823232
0.22971097,2.067398726,0.722632425,0.335975881,-0.796568253,-0.028099801,1756823232
0.473778875,1.292124204,1.418943802,0.371406082,-0.900415361,-0.310319558,1756823232
1.062413234,-0.272781776,2.964707201,0.316428176,-0.989601703,-0.67928211,1756823232
2.316252277,-1.952543242,5.359922624,0.386066848,-1.045801253,-0.979827825,1756823232
4.697110764,-2.718246474,9.317651204,0.408057962,-1.108109577,-1.169196031,1756823232
7.71206724,-2.916850749,15.23510149,0.50701813,-1.236391172,-1.35856422,1756823232
13.5840539,-2.701496715,21.89193397,0.653625822,-1.566258436,-1.117883438,1756823232
18.01316853,-3.778266885,25.12942295,0.706160198,-2.113593689,-0.452040276,1756823232
18.19502305,-5.75234553,22.07857413,0.821002898,-2.521651633,0.157603231,1756823232
16.24487263,-6.338587067,18.52523257,0.696386406,-2.240653781,0.356745317,1756823232
15.3834565,-5.845665612,16.22812287,0.566882941,-1.403768317,0.502131226,1756823232
14.39522076,-4.888536572,15.5533469,0.399505848,-0.351858377,0.607200064,1756823232
12.87338559,-4.474578262,15.24945843,0.091629786,0.879645978,0.649960648,1756823232
10.9160567,-4.237688825,14.51486189,-0.157603231,2.047620278,0.626747734,1756823232
8.547162327,-3.493520996,13.55294721,-0.345749707,3.123964915,0.630412908,1756823232
6.281159325,-2.136790582,12.45703446,-0.475253155,4.004832624,0.520457183,1756823232
3.962514226,-0.808774039,11.41854945,-0.432492606,4.585154321,0.581543707,1756823232
1.488335657,0.157926292,10.19342428,-0.524122392,4.915021445,0.301767445,1756823232
-0.526420972,0.803988394,8.633303941,-0.445931606,4.980995414,0.166155345,1756823232
-2.7421747,1.423729447,6.805187474,-0.360410491,4.816061573,-0.048869219,1756823232
-3.933800354,1.957328887,5.118247541,-0.243124365,4.428772977,-0.182037841,1756823232
-5.005784879,2.584248408,4.007977855,-0.124616509,3.787364477,-0.174707458,1756823232
-5.714060369,3.270988494,3.292523898,-0.07819075,3.006678772,-0.285884914,1756823232
-6.094519162,3.737588901,2.562713005,0.039095375,2.163684691,-0.291993584,1756823232
-6.04666271,4.041477371,1.706082514,0.248011287,1.313360262,-0.235793982,1756823232
-5.398207786,4.414757697,1.13180509,0.448375102,0.547335271,-0.125838239,1756823232
-4.512863424,4.725824635,0.844666378,0.638965057,-0.125838239,-0.021991149,1756823232
-3.629911884,5.077569557,0.71784678,0.758694643,-0.709825372,0.079412481,1756823232
-2.873779943,5.474778109,1.14137638,0.85154616,-1.220508746,0.186924763,1756823232
-2.244467599,5.915057467,2.400001068,0.873537273,-1.598023428,0.22968533,1756823232
-1.753938966,6.348158358,4.335794551,0.682947354,-1.880243256,0.291993584,1756823232
-1.335195011,6.530012875,6.10169763,0.474031425,-2.024407364,0.335975881,1756823232
-0.866201781,6.348158358,7.920242806,0.190589954,-2.025629095,0.296880506,1756823232
-0.24885355,5.845665612,10.05224774,-0.045204028,-1.969429458,0.162490153,1756823232
0.519242504,5.130211654,12.96192002,-0.285884914,-1.819156732,0.036651914,1756823232
1.734796385,4.141975921,16.75454385,-0.64018677,-1.584584445,-0.174707458,1756823232
3.093919622,2.074577194,19.32443532,-0.850324429,-1.253495469,-0.283441471,1756823232
4.106083582,-1.296909849,20.15474476,-0.761138104,-0.806342132,-0.344527994,1756823232
5.556134077,-5.225924558,18.95594064,-0.378736465,-0.566882941,-0.184481302,1756823232
6.374479406,-7.197610381,18.020347,0.12950343,-0.491135634,0.277332818,1756823232
5.058426976,-9.803394192,18.3696991,0.263893783,-0.365297412,0.448375102,1756823232
5.295316414,-9.848857822,17.84088531,0.378736465,-0.335975881,0.559552576,1756823232
4.910071975,-9.729216692,17.25942941,0.353080108,-0.329867229,0.728151381,1756823232
4.185046727,-8.719445554,16.40997739,0.271224166,-0.302989176,0.860098238,1756823232
3.244667446,-6.762116668,15.10588907,0.087964594,-0.250454748,0.8906415,1756823232
2.227717841,-4.663611247,13.35912858,-0.091629786,-0.200363798,0.877202447,1756823232
1.313659607,-2.785245506,11.68654558,-0.201585529,-0.168598806,0.842994011,1756823232
0.629312344,-1.26101751,9.884750161,-0.279776297,-0.175929189,0.884532865,1756823232
0.306281293,-0.234496615,8.049455226,-0.15393804,-0.142942466,0.989601703,1756823232
0.083748791,0.260817663,6.429514326,0.030543262,-0.219911486,1.111774751,1756823232
-0.033499516,0.710668312,5.056034154,0.200363798,-0.337197611,1.336573176,1756823232
-0.11964113,0.918843878,4.00319221,0.276111088,-0.565661211,1.343903524,1756823232
-0.193818631,1.366301705,3.148954542,0.196698607,-0.783129218,1.511280529,1756823232
-0.30388847,2.203789615,2.342573325,0.151494579,-0.960280154,1.594358237,1756823232
-0.418743955,2.88095841,1.655833239,0.112399204,-1.036027461,1.783726443,1756823232
-0.399601374,3.457628657,1.105484041,0.138055544,-1.089783567,1.826487097,1756823232
-0.452243471,3.108276557,0.796809926,0.197920337,-1.187522041,1.717753015,1756823232
-0.428315245,2.261217357,0.677168796,0.188146493,-1.28159527,1.470963476,1756823232
-0.205782744,1.383051463,0.681954441,0.276111088,-1.368338168,1.111774751,1756823232
0.162711937,0.3493521,1.079162993,0.339641055,-1.452637589,0.753807686,1756823232
0.696311377,-0.96670033,2.117648001,0.51190507,-1.477072094,0.43493605,1756823232
1.49072848,-2.50289244,4.05822713,0.823446341,-1.499063277,0.226020138,1756823232
2.770888571,-3.462414302,7.020541508,1.018923235,-1.420872614,-0.197920337,1756823232
5.008177702,-3.156133009,11.75593743,1.420872614,-1.33901662,-0.056199602,1756823232
7.774280627,-1.878365741,19.06122483,1.815491436,-1.329242828,-0.240680904,1756823232
10.63848928,-0.17467605,26.00758884,1.753183181,-1.318247167,-0.020769418,1756823232
13.20838075,-0.002392823,26.64168683,1.308473358,-1.643227526,0.202807259,1756823232
15.67538085,0.038285162,21.42054792,1.048244766,-2.416583004,0.515570278,1756823232
15.19920916,-1.332802188,19.4392908,0.847880986,-2.494773668,1.127657247,1756823232
15.01256899,-1.694118401,18.25005797,0.437379493,-2.081828714,1.226617381,1756823232
14.76371544,-1.842473402,17.05843232,0.081855942,-1.352455602,1.406211778,1756823232
14.15833132,-2.127219291,16.34058554,-0.125838239,-0.419053553,1.448972293,1756823232
13.1078822,-2.476571391,15.19920916,-0.362853969,0.704938467,1.516167574,1756823232
11.35872888,-2.524427843,13.16770277,-0.560774306,1.707979223,1.634675447,1756823232
8.951549347,-1.97886429,10.78445146,-0.685390797,2.530203834,1.490511216,1756823232
6.716653038,-1.14137638,8.817551281,-0.706160198,3.248581424,1.425759501,1756823232
4.500899311,-0.313459761,6.934399895,-0.665843145,3.798360138,1.35978609,1756823232
2.464607278,0.447457826,4.972285363,-0.646295405,4.208861386,1.222952207,1756823233
0.667597505,1.100698396,3.232703333,-0.466701042,4.461759682,1.05190994,1756823233
-0.634097989,1.574477271,1.653440417,-0.20525072,4.539950363,0.878424247,1756823233
-1.588834206,1.890329854,0.418743955,0.069638637,4.460538091,0.682947354,1756823233
-2.26361018,2.280359938,-0.457029117,0.392175465,4.17343122,0.609643508,1756823233
-2.799602442,2.723032119,-1.117448154,0.635299883,3.792251381,0.532674488,1756823233
-3.34995164,3.280559785,-1.488335657,0.885754595,3.337767749,0.481361808,1756823233
-3.675375514,4.048655839,-1.524227996,1.044579522,2.85274061,0.431270841,1756823233
-3.811766402,4.890929394,-1.184447187,1.156978779,2.386039743,0.408057962,1756823233
-3.617947771,5.702096256,-0.504885569,1.169196031,1.832595715,0.386066848,1756823233
-3.476771238,6.312266019,0.808774039,1.018923235,1.342681794,0.329867229,1756823233
-3.888336725,6.35055118,3.091526799,0.741590434,0.860098238,0.245567826,1756823233
-3.335594704,7.013363041,6.017948839,0.442266432,0.525344105,0.456927198,1756823233
-3.35952293,6.58026215,8.714659909,0.142942466,0.350636647,0.629191178,1756823233
-3.687339627,5.252245607,11.10748251,-0.009773844,0.10140363,0.499687747,1756823233
-3.806980757,3.850051563,13.53859027,-0.134390352,-0.211359372,0.548556984,1756823233
-3.859622854,2.368894374,16.051054,-0.092851516,-0.465479312,0.448375102,1756823233
-3.945764467,1.088734283,17.94856232,-0.062308254,-0.62186083,0.333532438,1756823233
-4.292723744,-0.894915652,20.40838396,-0.009773844,-0.419053553,0.147829388,1756823233
-3.151347364,-2.833101958,23.53819592,0.302989176,-0.057421332,-0.057421332,1756823233
-0.748953474,-4.278366809,22.41835494,0.894306744,-0.040317106,0.156381501,1756823233
-2.400001068,-5.6327044,21.14298049,1.226617381,-0.118507856,0.356745317,1756823233
-1.002592669,-4.912464798,19.46800467,1.027475313,-0.724486138,0.056199602,1756823233
-0.327816696,-4.141975921,17.85763506,0.797789984,-1.409876952,0.185703032,1756823233
0.318245406,-3.711267853,16.19701618,0.549778714,-2.156354343,0.199142068,1756823233
1.268195978,-3.639483175,14.86660681,0.158824962,-2.813645409,0.240680904,1756823233
2.656033086,-3.704089385,13.79701511,-0.147829388,-3.392745515,0.294437062,1756823233
4.010370678,-3.804587934,12.49771244,-0.431270841,-3.844785687,0.313984732,1756823233
5.048855686,-4.266402696,10.80598686,-0.774577139,-4.167322725,0.408057962,1756823233
5.453242705,-3.292523898,8.523234101,-0.875980734,-4.243069962,0.505796417,1756823233
5.637490046,-1.574477271,6.357729648,-0.751364226,-3.9632937,0.689055989,1756823233
5.699703433,-0.179461695,4.462614149,-0.342084533,-3.455053909,0.806342132,1756823233
5.716453191,0.794417103,2.986242605,-0.003665191,-2.875953524,0.937067258,1756823233
5.642275691,1.342373479,1.993221226,0.226020138,-2.300518452,1.050688227,1756823233
5.501099157,1.773081547,1.148554848,0.350636647,-1.810604531,1.121548612,1756823233
5.304887704,2.0434705,0.514456859,0.320093385,-1.318247167,1.144761387,1756823233
4.989035121,2.270788647,0.100498549,0.467922755,-0.772133696,1.204626197,1756823233
4.433900278,2.340180503,-0.258424841,0.41661011,-0.207694181,1.203404467,1756823233
3.649054465,2.242074776,-0.576670247,0.279776297,0.307876063,1.336573176,1756823233
2.921636395,2.16311163,-0.839880733,0.017104227,0.800233427,1.357342507,1756823233
2.301895341,1.990828403,-0.904486943,-0.191811685,1.210734954,1.268156304,1756823233
1.954936064,1.438086383,-0.277567422,-0.133168622,1.550376009,1.1484267,1756823233
1.828116466,0.732203716,0.918843878,0.171042267,1.86680415,0.902858822,1756823233
2.124826469,-0.074177501,3.158525832,0.667064858,2.164906422,0.656069266,1756823233
2.940778975,-0.672383151,7.444071109,1.093448811,2.283414295,0.408057962,1756823233
3.615554949,0.071784678,14.53400447,1.291369079,2.568077444,0.238237443,1756823233
4.345365842,1.97886429,23.56690979,1.075122784,2.963918258,0.039095375,1756823233
4.821537539,2.852244539,27.06043078,0.649960648,3.306002634,-0.05009095,1756823233
5.003392057,2.000399694,25.28495641,0.525344105,3.067765296,0.05131268,1756823233
5.977270855,2.031506387,22.89931228,0.366519143,1.951103588,0.461814103,1756823233
3.582055432,1.818545176,18.54437515,0.649960648,1.054353401,0.695164676,1756823233
2.608176634,0.842273555,19.60678838,0.580321976,0.819781167,1.033584,1756823233
2.758924458,0.074177501,21.01137525,0.191811685,0.729373112,0.919963031,1756823233
2.921636395,-1.359123237,20.26720742,-0.20402899,0.764803278,0.867428656,1756823233
2.864208652,-2.644068973,18.08973886,-0.388510291,0.791681366,0.87231556,1756823233
2.476571391,-3.775874063,15.61077464,-0.726929668,0.790459636,0.893084943,1756823233
1.868794451,-4.015156323,13.11266785,-0.929736893,0.846659185,0.860098238,1756823233
0.96670033,-3.543770271,11.17208872,-1.143539674,0.965167059,0.830776689,1756823233
0.232103792,-2.734996232,9.200402897,-1.219287033,1.094670524,0.664621414,1756823233
-0.205782744,-1.974078645,7.360322318,-1.16675257,1.161865683,0.643851944,1756823233
-0.90209412,-1.488335657,5.603990529,-1.11055302,1.159422222,0.471587964,1756823233
-1.373480172,-1.354337592,3.917050596,-0.996932051,1.131322421,0.267558974,1756823233
-1.576870093,-0.875773072,2.526820666,-0.821002898,1.0054842,0.140499005,1756823233
-1.548156222,-0.425922423,1.540977754,-0.62308256,0.836885394,0.053756141,1756823233
-1.581655739,-0.12921242,0.878165894,-0.449596815,0.662177901,0.059864793,1756823233
-1.607976787,0.076570323,0.380458793,-0.295658793,0.478918364,0.014660766,1756823233
-1.629512191,0.35892339,-0.220139679,-0.164933614,0.304210889,0.059864793,1756823233
-1.514656706,0.634097989,-0.660419038,-0.006108652,0.136833813,0.057421332,1756823233
-1.368694527,0.976271621,-0.648454925,0.147829388,-0.023212879,0.112399204,1756823233
-1.110269686,1.222732349,0.033499516,0.318871654,-0.149051118,0.200363798,1756823233
-0.863808959,1.6199409,1.471585899,0.554665654,-0.185703032,0.223576677,1756823233
-0.674775973,2.158325985,3.95772858,0.7550294,-0.161268423,0.207694181,1756823233
-0.519242504,2.857030184,7.513462964,0.913854414,-0.004886922,0.189368224,1756823233
-0.459421939,3.5892339,11.01894807,0.902858822,0.238237443,0.134390352,1756823233
-0.70827549,3.979263984,13.11984632,0.896750187,0.554665654,0.195476876,1756823233
-1.557727513,3.704089385,14.44307721,0.856433064,0.800233427,0.246789556,1756823233
-2.120040824,3.577269787,15.1082819,0.867428656,0.994488608,0.30054568,1756823233
-3.596412368,2.988635427,16.46740513,0.943175945,1.315803706,0.376292969,1756823233
-4.61096915,1.921436548,18.8674062,1.127657247,1.682322849,0.298102236,1756823233
-5.230710204,0.196211453,20.59741694,1.39888143,1.820378462,0.200363798,1756823233
-5.1349973,-1.253839042,20.68116573,1.523497922,1.524719652,0.160046692,1756823233
-5.314458995,-1.919043725,22.50210373,1.290147348,0.938288971,0.173485728,1756823233
-7.29810893,-3.617947771,23.12423761,0.714712346,0.241902634,-0.045204028,1756823233
-4.874179636,-3.82851616,20.99462549,0.211359372,-0.849102716,-0.338419325,1756823233
-3.622733416,-3.850051563,18.38166321,0.05009095,-1.969429458,-0.3775147,1756823233
-1.909472435,-4.031906081,16.08933916,-0.201585529,-2.926044386,-0.400727579,1756823233
0.066999033,-4.216153421,13.94776294,-0.458148929,-3.692069377,-0.406836231,1756823233
2.060220259,-3.795016644,11.97607711,-0.725707938,-4.371351767,-0.272445896,1756823233
3.431307608,-3.290131075,9.724431046,-0.908967509,-4.841717948,-0.172263997,1756823233
4.807180603,-1.816152353,7.030112799,-0.839328837,-5.133711724,0.123394778,1756823233
5.290530769,-0.342173632,5.343172866,-0.3775147,-5.125159244,0.212581103,1756823233
5.615954642,0.672383151,3.515056399,-0.105068821,-4.863709253,0.421497014,1756823233
5.860022547,-0.162711937,2.701496715,-0.083077672,-4.377460262,0.626747734,1756823233
5.979663677,-0.200997098,1.670190175,-0.259006861,-3.799581729,0.800233427,1756823233
5.953342629,-0.016749758,0.696311377,-0.444709893,-3.1984903,0.935845527,1756823233
5.764309643,0.610169763,-0.224925324,-0.485027017,-2.561968687,0.918741301,1756823233
5.594419239,1.462014609,-0.911665411,-0.370184317,-1.899790856,0.877202447,1756823233
5.218746091,2.017149452,-1.366301705,-0.263893783,-1.246165121,0.712268885,1756823233
4.694717941,2.555534537,-1.509871061,-0.184481302,-0.510683339,0.693942876,1756823233
4.220939066,3.170489945,-1.342373479,-0.07574729,0.248011287,0.525344105,1756823233
3.737588901,2.830709136,-0.751346296,0.063529985,0.977384381,0.317649941,1756823233
3.419343495,1.483550012,0.35892339,0.241902634,1.695761971,0.163711884,1756823233
3.263810026,-0.081355968,1.581655739,0.476474868,2.299296844,-0.054977871,1756823233
3.471985593,-1.301695494,3.005385186,0.745255608,2.758667381,-0.364075699,1756823233
4.173082614,-2.349751793,5.474778109,1.143539674,3.067765296,-0.618195586,1756823233
5.137390122,-2.352144616,9.724431046,1.497841564,3.269350877,-0.719599251,1756823233
5.771488111,-1.208375413,16.51047594,1.638340621,3.600439592,-0.803898671,1756823233
6.171089485,0.564706134,22.79163527,1.506393642,4.086688339,-0.842994011,1756823233
6.309873196,1.548156222,24.1507585,1.365894708,4.244291553,-0.645073674,1756823233
5.728417304,1.646261949,23.94497576,1.092227081,3.736051762,-0.331088942,1756823233
5.022534637,2.084148485,20.51127533,0.867428656,2.602286019,0.007330383,1756823233
1.971685822,0.528813795,18.98704733,0.811229036,1.90467776,0.311541271,1756823233
0.909272588,0.086141614,21.01137525,0.316428176,1.521054478,0.38362337,1756823233
0.868594604,-0.777667345,21.35833453,-0.244346095,1.248608564,0.443488163,1756823233
0.820738152,-2.096112598,19.46800467,-0.626747734,0.945619389,0.466701042,1756823233
0.626919521,-3.235096155,16.91725578,-0.857654777,0.708603641,0.575435072,1756823233
0.528813795,-3.40498656,14.31625762,-1.000597295,0.485027017,0.604756621,1756823233
-0.002392823,-3.194418171,12.06700437,-1.145983257,0.404392788,0.667064858,1756823233
-0.425922423,-3.096312444,10.44227783,-1.221730476,0.393397231,0.568104654,1756823233
-0.897308475,-2.397608245,8.834301039,-1.306029914,0.423940493,0.333532438,1756823233
-0.928415169,-1.332802188,6.979863524,-1.172861205,0.486248747,0.114842665,1756823233
-0.89252283,-0.114855485,5.443671415,-0.889419769,0.498466017,-0.092851516,1756823233
-1.115055332,0.90209412,4.103690759,-0.645073674,0.505796417,-0.288328392,1756823233
-1.091127106,1.902293967,3.23031051,-0.291993584,0.466701042,-0.502131226,1756823233
-1.225125171,0.299102825,3.244667446,-0.30665435,0.442266432,-0.604756621,1756823233
-1.392622753,-0.059820565,2.110469533,-0.656069266,0.397062405,-0.518013722,1756823234
-1.459621786,-0.059820565,0.667597505,-0.742812147,0.316428176,-0.565661211,1756823234
-1.430907915,0.327816696,-0.557527666,-0.691499432,0.177150919,-0.542448332,1756823234
-1.217946703,0.990628556,-1.115055332,-0.394618961,0.048869219,-0.497244304,1756823234
-0.961914685,1.390229931,-0.82791662,0,-0.108734012,-0.455705485,1756823234
-0.591027182,1.981257113,0.382851616,0.233350521,-0.168598806,-0.360410491,1756823234
-0.224925324,2.584248408,2.450250342,0.465479312,-0.17837265,-0.343306264,1756823234
0.057427742,3.031706234,5.333601575,0.423940493,-0.064751715,-0.246789556,1756823234
0.251246373,3.83808745,8.214559986,0.399505848,0.074525559,-0.254119939,1756823234
0.356530567,4.390829471,10.83470073,0.3775147,0.291993584,-0.131946891,1756823234
0.095712904,4.811966249,12.94995591,0.378736465,0.505796417,-0.034208453,1756823234
-0.504885569,5.087140848,14.74218004,0.445931606,0.696386406,0.012217305,1756823234
-1.158126138,5.178068106,15.94337698,0.425162223,0.94806285,0.05131268,1756823234
-1.998006871,4.208974953,17.1206457,0.454483755,1.24372166,0.05253441,1756823234
-3.041277525,1.907079612,18.68555168,0.724486138,1.540602078,-0.014660766,1756823234
-3.730410433,-1.603191142,19.7671075,1.169196031,1.863138977,-0.07819075,1756823234
-3.646661642,-2.988635427,20.57827436,1.648114413,1.766622286,-0.037873645,1756823234
-4.778466732,-3.677768336,22.44467599,1.516167574,1.275486652,-0.305432619,1756823234
-5.19960351,-2.969492847,23.22473616,1.210734954,0.560774306,-0.3775147,1756823234
-4.948357137,-3.323630591,21.68854405,0.803898671,-0.488692191,-0.442266432,1756823234
-4.211367776,-3.577269787,18.75255072,0.299323967,-1.62734496,-0.448375102,1756823234
-2.835494781,-3.859622854,16.42911997,-0.068416907,-2.658485639,-0.56321775,1756823234
-1.105484041,-3.931407532,14.35932842,-0.441044702,-3.496592554,-0.565661211,1756823234
0.655633392,-3.71844632,12.08375413,-0.708603641,-4.114788157,-0.596204472,1756823234
2.304288164,-3.058027283,9.81057266,-0.840550568,-4.59492813,-0.497244304,1756823234
3.505485109,-2.313859454,7.520641432,-0.918741301,-4.894252515,-0.441044702,1756823234
4.484149552,-1.414158157,5.43888577,-0.907745709,-5.010316806,-0.194255146,1756823234
5.314458995,1.598405497,3.129811961,-0.574213359,-4.959004091,-0.301767445,1756823234
6.113661743,0.646062102,2.486142681,-0.365297412,-4.597371852,-0.064751715,1756823234
6.388836342,0.988235734,1.493121302,-0.2565634,-4.102570905,0.189368224,1756823234
6.474977956,0.385244439,0.976271621,-0.386066848,-3.48315371,0.522900626,1756823234
6.302694728,0.301495648,0.394815729,-0.547335271,-2.811201948,0.740368634,1756823234
6.034698597,0.461814762,-0.224925324,-0.635299883,-2.142915238,0.825889802,1756823234
5.618347465,0.768096055,-0.720239603,-0.706160198,-1.483180851,0.861319951,1756823234
5.108676251,1.062413234,-0.961914685,-0.686612528,-0.783129218,0.81367248,1756823234
4.661218425,1.395015576,-0.942772104,-0.712268885,-0.07696902,0.75747293,1756823234
4.118047695,1.203589768,-0.485742988,-0.635299883,0.599869646,0.652404092,1756823234
3.720839143,0.725025248,0.155533469,-0.508239896,1.293812522,0.449596815,1756823234
3.381058334,-0.035892339,0.94755775,-0.207694181,1.898569143,0.248011287,1756823234
3.237488978,-0.646062102,2.012363807,0.206472451,2.425134943,-0.10262536,1756823234
3.543770271,-1.342373479,3.754338659,0.696386406,2.806314782,-0.294437062,1756823234
4.402793584,-1.18684001,6.932007072,1.196074119,3.009122233,-0.483805251,1756823234
5.012963347,0.325423874,12.82074349,1.674992501,3.177721091,-0.616973856,1756823234
4.941178669,2.443071875,19.92503379,1.729970407,3.562565982,-0.739146903,1756823234
4.764109797,3.919443419,22.3609272,1.387885769,3.903428767,-0.741590434,1756823234
3.984049629,3.457628657,21.40379816,0.998153782,3.772703781,-0.630412908,1756823234
4.354937132,3.304488011,19.85324911,0.79534654,3.021339486,-0.480140077,1756823234
2.27318147,2.009970984,18.13041684,0.817337724,2.04028993,-0.313984732,1756823234
0.552742021,0.792024281,19.89153427,0.510683339,1.687209753,0.083077672,1756823234
0.418743955,0.153140646,21.2386934,0.10140363,1.396437969,0.120951317,1756823234
0.277567422,-0.753739119,20.34856339,-0.244346095,1.095892255,0.150272849,1756823234
0.210568389,-1.588834206,18.0729891,-0.521678896,0.733038286,0.147829388,1756823234
0.148355001,-2.663211554,15.69452343,-0.781907487,0.423940493,0.249233017,1756823234
0.169890405,-3.041277525,13.36630704,-0.951728024,0.169820536,0.288328392,1756823234
0.112462662,-3.153740187,11.40179969,-1.058018575,0.028099801,0.323758559,1756823234
-0.002392823,-2.986242605,9.777073144,-1.164309127,-0.05009095,0.298102236,1756823234
-0.153140646,-2.612962279,8.43948531,-1.196074119,-0.046425758,0.202807259,1756823234
-0.361316213,-2.165504453,7.046862557,-1.159422222,0.002443461,0.057421332,1756823234
-0.540777908,-1.653440417,5.395814963,-1.077566315,0.035430184,-0.063529985,1756823234
-0.748953474,-1.217946703,3.821337692,-0.918741301,0.019547688,-0.240680904,1756823234
-0.933200814,-0.856630491,2.651247441,-0.83322022,0.013439035,-0.291993584,1756823234
-1.014556782,-0.11964113,1.78504566,-0.656069266,0.006108652,-0.43615778,1756823234
-1.100698396,0.339780809,1.289731381,-0.505796417,0.031764992,-0.494800843,1756823234
-1.091127106,1.272981623,0.595812827,-0.250454748,0.081855942,-0.50701813,1756823234
-0.959521863,0.58863436,0.4235296,0.065973446,-0.00122173,-0.647517118,1756823234
-0.894915652,0.751346296,-0.224925324,-0.062308254,-0.028099801,-0.552222158,1756823234
-0.770488877,0.959521863,-0.296710002,-0.056199602,-0.063529985,-0.48747046,1756823234
-0.437886536,1.004985492,0.658026215,-0.009773844,-0.100181899,-0.504574687,1756823234
0.059820565,1.280160091,2.603390989,0.158824962,-0.072082098,-0.412944901,1756823234
0.490528633,1.696511223,5.431707302,0.448375102,0.113620934,-0.338419325,1756823234
0.839880733,2.20857526,8.793623055,0.530231009,0.265115513,-0.270002435,1756823234
0.945164927,3.093919622,11.92822066,0.719599251,0.455705485,-0.164933614,1756823234
0.514456859,3.649054465,14.52204036,0.778242313,0.65973444,-0.138055544,1756823234
-0.148355001,3.943371645,16.16351666,0.729373112,0.900415361,-0.059864793,1756823234
-1.002592669,3.77348124,17.15414522,0.768468452,1.152091874,-0.041538836,1756823234
-2.055434613,2.890529701,18.25962926,0.772133696,1.534493443,-0.136833813,1756823234
-3.019742121,0.713061135,19.24068653,1.042136079,1.773952634,-0.106290551,1756823234
-3.35952293,-1.399801221,19.47279032,1.469741746,1.760513669,-0.219911486,1756823234
-3.69930374,-2.545963246,21.19562259,1.539380348,1.286482174,-0.053756141,1756823234
-4.261617051,-2.069791549,22.97348978,1.348790428,0.75747293,-0.004886922,1756823234
-4.936393024,-3.146561719,23.35155575,0.817337724,-0.046425758,-0.338419325,1756823234
-3.945764467,-2.7421747,21.02573219,0.401949344,-1.065348993,-0.518013722,1756823234
-2.909672282,-3.105883735,18.34577087,-0.040317106,-2.068389731,-0.624304273,1756823234
-1.395015576,-3.366701398,15.90509182,-0.452040276,-2.918714038,-0.654847535,1756823234
0.461814762,-3.278166962,13.86401414,-0.73792519,-3.624874358,-0.654847535,1756823234
2.122433646,-2.892922523,11.82532929,-0.971275764,-4.203974482,-0.54611354,1756823234
3.457628657,-2.196611147,9.470791851,-1.07145761,-4.583933009,-0.483805251,1756823234
4.505684956,-1.450050496,7.204788849,-1.102000872,-4.812396539,-0.323758559,1756823234
5.400600608,-0.289531535,5.087140848,-0.995710321,-4.792848397,-0.155159771,1756823234
5.860022547,0.323031051,3.510270754,-0.770911896,-4.536285329,0.056199602,1756823234
6.154339727,0.993021379,2.002792516,-0.646295405,-4.112344696,0.235793982,1756823234
6.348158358,1.287338559,1.064806057,-0.481361808,-3.505144772,0.405614518,1756823234
6.362515293,1.335195011,0.514456859,-0.459370659,-2.906496786,0.483805251,1756823234
6.125625856,1.440479205,0.014356936,-0.448375102,-2.239431928,0.648738848,1756823234
5.74277424,1.569691626,-0.392422906,-0.508239896,-1.58947135,0.637743326,1756823234
5.261816897,1.842473402,-0.868594604,-0.58398715,-0.891863213,0.619417386,1756823234
4.704289232,2.09850542,-1.136590735,-0.643851944,-0.240680904,0.499687747,1756823234
4.228117534,2.105683888,-1.071984525,-0.671951762,0.387288578,0.366519143,1756823234
3.787838176,1.78504566,-0.684347264,-0.526565835,1.069014167,0.190589954,1756823234
3.383451156,1.25144622,-0.031106694,-0.279776297,1.677435962,-0.030543262,1756823234
3.275774139,0.605384118,0.811166861,0.158824962,2.240653781,-0.278554549,1756823234
3.251845913,-0.00957129,1.976471468,0.691499432,2.667037595,-0.533896218,1756823234
3.462414302,-0.58863436,3.89312237,1.160643953,3.001791868,-0.731816555,1756823234
4.106083582,-0.784845813,6.93918554,1.638340621,3.169168891,-0.834441933,1756823234
4.699503586,-0.624526699,12.46660575,1.909564804,3.318219887,-0.850324429,1756823234
4.747360038,0.203389921,20.04946057,1.668883883,3.619987471,-0.784350948,1756823234
4.857429878,1.153340493,23.22234333,1.20584791,3.880216115,-0.750142513,1756823234
4.816751894,0.942772104,22.56670994,1.011592817,3.73238671,-0.540004888,1756823234
5.206781978,0.904486943,22.78924244,0.841772298,3.03233513,-0.070860368,1756823234
3.242274623,-0.528813795,19.19761572,0.761138104,2.032959565,0.372627795,1756823234
0.890130007,-1.770688724,19.13779515,0.558330828,1.523497922,0.425162223,1756823234
0.622133876,-2.041077678,21.38226275,0.155159771,1.307251645,0.389732022,1756823234
0.48813581,-2.682354135,20.69073702,-0.284663184,1.192408945,0.404392788,1756823234
0.102891372,-3.531806158,18.18784458,-0.586430594,1.089783567,0.444709893,1756823234
-0.325423874,-3.615554949,15.28295795,-0.734260016,0.935845527,0.464257581,1756823234
-1.155733316,-3.488735351,13.06002575,-0.959058441,0.844215742,0.343306264,1756823234
-1.497906948,-2.763710103,11.27737291,-1.004262469,0.761138104,0.210137642,1756823234
-1.706082514,-2.139183404,9.717252579,-1.009149374,0.691499432,0.002443461,1756823234
-1.67497582,-1.698904046,8.104490146,-0.976162651,0.587652324,-0.158824962,1756823234
-1.801795418,-1.514656706,6.625725779,-0.846659185,0.464257581,-0.315206445,1756823234
-1.663011707,-1.184447187,5.15413988,-0.799011714,0.332310707,-0.475253155,1756823234
-1.615155255,-0.610169763,3.725624788,-0.656069266,0.17959438,-0.552222158,1756823234
-1.512263883,-0.153140646,2.711068006,-0.508239896,-0.034208453,-0.707381928,1756823234
-1.37108735,0.074177501,2.146361872,-0.339641055,-0.191811685,-0.753807686,1756823234
-1.292124204,0.528813795,1.596012674,-0.190589954,-0.326202055,-0.862541681,1756823234
-1.115055332,0.995414202,1.002592669,-0.058643063,-0.409279727,-0.85276789,1756823235
-0.906879765,1.531406464,0.390030084,0.217468025,-0.503352956,-0.897971918,1756823235
-0.433100891,1.97886429,0.133998066,0.504574687,-0.631634639,-0.873537273,1756823235
-0.043070807,2.443071875,0.497707101,0.869872099,-0.652404092,-0.807563845,1756823235
0.30388847,2.962314379,1.746760498,1.125213786,-0.619417386,-0.706160198,1756823235
0.681954441,3.637090352,3.81894487,1.141096213,-0.480140077,-0.549778714,1756823235
1.064806057,4.283152454,6.104090453,1.061683819,-0.313984732,-0.463035868,1756823235
1.342373479,4.486542375,8.307880067,0.780685774,-0.028099801,-0.386066848,1756823235
1.641476304,4.881358104,10.6193467,0.711047172,0.328645498,-0.249233017,1756823235
1.655833239,5.053641331,13.28973672,0.741590434,0.714712346,-0.10262536,1756823235
1.299302672,4.768895442,15.5318115,0.704938467,1.126435517,0.00122173,1756823235
0.531206617,4.043870194,16.85504239,0.65973444,1.596801698,0.059864793,1756823235
-1.189232832,2.916850749,18.78605023,0.491135634,2.09648955,0.032986723,1756823235
-2.586641231,-0.043070807,20.73380783,0.221133216,2.605951071,-0.131946891,1756823235
-2.620140747,-3.354737285,22.29392816,0.428827397,2.814867,-0.122173048,1756823235
-3.723231966,-5.670989562,24.68675076,0.65973444,2.773328077,-0.136833813,1756823235
-4.831108829,-5.118247541,24.86142681,0.702495024,2.128254525,-0.139277274,1756823235
-5.740381417,-4.560719876,22.87538406,0.395840674,0.976162651,-0.207694181,1756823235
-5.85284408,-4.335794551,19.25982911,-0.095294977,-0.392175465,-0.332310707,1756823235
-4.811966249,-3.979263984,16.24247981,-0.524122392,-1.782504713,-0.420275284,1756823235
-3.134597606,-3.34995164,14.1344031,-0.83322022,-2.990796224,-0.494800843,1756823235
-1.091127106,-2.785245506,12.28475123,-0.985936529,-3.832568435,-0.504574687,1756823235
0.830309442,-1.990828403,10.28674436,-1.094670524,-4.410446967,-0.516792009,1756823235
2.445464697,-0.815952507,8.212167163,-1.037249174,-4.725653657,-0.464257581,1756823235
3.613162126,0.244067905,6.27637368,-0.889419769,-4.825835382,-0.409279727,1756823235
4.376472535,0.990628556,4.867001168,-0.800233427,-4.651127749,-0.28221974,1756823235
5.106283428,1.734796385,3.335594704,-0.669508319,-4.235739597,-0.094073247,1756823235
5.398207786,2.096112598,2.203789615,-0.503352956,-3.727499806,0.02687807,1756823235
5.570491013,2.069791549,1.418943802,-0.398284135,-3.172833925,0.200363798,1756823235
5.563312545,1.801795418,0.930807991,-0.335975881,-2.544864547,0.232128791,1756823235
5.32881593,1.622333723,0.500099923,-0.317649941,-1.929112405,0.332310707,1756823235
4.89571504,1.485942835,0.052642097,-0.343306264,-1.331686272,0.362853969,1756823235
4.340580196,1.586441384,-0.370887503,-0.382401639,-0.7550294,0.401949344,1756823235
3.70887503,1.823330821,-0.614955408,-0.461814103,-0.15271631,0.272445896,1756823235
3.160918655,2.021935097,-0.787238635,-0.399505848,0.452040276,0.323758559,1756823235
2.605783811,1.931007838,-0.722632425,-0.461814103,1.054353401,0.193033415,1756823235
2.256431712,1.418943802,-0.354137745,-0.345749707,1.661553396,0.125838239,1756823235
2.03389921,0.3493521,0.445065004,-0.191811685,2.17223677,0.003665191,1756823235
2.012363807,-0.861416136,1.701296869,0.07574729,2.665815987,-0.131946891,1756823235
2.462214455,-2.031506387,4.019941968,0.478918364,3.049439287,-0.208915911,1756823235
3.012563653,-2.62253357,8.370093455,0.807563845,3.3023376,-0.445931606,1756823235
3.684946804,-2.067398726,15.26142254,0.939510771,3.610213662,-0.432492606,1756823235
3.881158257,-0.698704199,22.02832486,0.860098238,4.002389163,-0.50701813,1756823235
3.732803256,-0.272781776,24.45943262,0.853989603,4.227187396,-0.449596815,1756823235
2.541177601,-0.399601374,24.4474685,1.028697044,4.064697278,-0.194255146,1756823235
2.021935097,-0.050249275,23.91386906,0.922406475,3.246137963,0.22968533,1756823235
-0.60777694,-1.390229931,19.33879225,0.926071719,2.206445205,0.503352956,1756823235
-2.117648001,-1.459621786,20.10688831,0.741590434,1.428202962,0.521678896,1756823235
-2.63210486,-1.258624688,21.52822493,0.210137642,0.888198039,0.521678896,1756823235
-2.581855585,-2.230110663,20.55195331,-0.291993584,0.505796417,0.570548115,1756823235
-2.366501551,-3.395415269,17.6183528,-0.744033878,0.173485728,0.481361808,1756823235
-2.488535504,-3.739981724,14.7589298,-1.058018575,-0.05253441,0.500909513,1756823235
-2.713460828,-3.402593737,12.260823,-1.211956667,-0.217468025,0.284663184,1756823235
-2.68713978,-2.859423007,10.15274629,-1.33901662,-0.302989176,0.186924763,1756823235
-2.361715906,-2.378465664,8.461020714,-1.269378017,-0.312763002,0.021991149,1756823235
-2.435893407,-2.062613081,6.932007072,-1.24494339,-0.283441471,-0.118507856,1756823235
-2.215753728,-1.631905013,5.213960445,-1.116661655,-0.295658793,-0.259006861,1756823235
-2.057827436,-1.143769203,3.835694628,-0.951728024,-0.343306264,-0.393397231,1756823235
-1.887937031,-0.586241537,2.64167615,-0.712268885,-0.400727579,-0.500909513,1756823235
-1.782652837,-0.196211453,1.770688724,-0.408057962,-0.540004888,-0.71837752,1756823235
-1.68454711,0.167497582,1.182054364,-0.160046692,-0.64018677,-0.780685774,1756823235
-1.540977754,0.631705166,0.753739119,0.118507856,-0.712268885,-0.845437472,1756823235
-1.289731381,1.198804123,0.205782744,0.392175465,-0.810007306,-0.915076127,1756823235
-0.911665411,1.935793483,-0.117248307,0.642630231,-0.918741301,-0.927293449,1756823235
-0.394815729,2.842673249,0.081355968,0.919963031,-1.080009759,-0.976162651,1756823235
0.078963146,3.57966261,1.189232832,1.1398745,-1.1484267,-0.973719207,1756823235
0.684347264,4.235296002,3.12024067,1.269378017,-1.12887896,-0.954171467,1756823235
1.100698396,4.773681087,5.242674317,1.216843572,-1.010371087,-0.816115923,1756823235
1.347159124,5.010570524,7.180860623,0.982271286,-0.753807686,-0.702495024,1756823235
1.622333723,4.874179636,9.040083783,0.701273293,-0.463035868,-0.497244304,1756823235
1.840080579,4.340580196,11.09312557,0.339641055,-0.177150919,-0.324980324,1756823235
1.787438482,4.074976888,13.8065864,0.188146493,0.196698607,-0.02565634,1756823235
1.524227996,3.646661642,16.36451376,0.089186325,0.654847535,0.22968533,1756823235
0.610169763,3.213560752,18.26441491,0.009773844,1.152091874,0.317649941,1756823235
-0.729810893,1.916650903,21.15494461,-0.072082098,1.809382801,0.227241869,1756823235
-1.294517027,-1.270588801,23.00938212,0.164933614,2.333505158,-0.045204028,1756823235
-1.722832272,-3.940978822,23.76072842,0.735481729,2.417804595,-0.064751715,1756823235
-3.065205751,-3.615554949,24.12443745,1.011592817,2.025629095,-0.094073247,1756823235
-3.981656806,-2.584248408,22.55235301,0.810007306,1.18630031,-0.054977871,1756823235
-4.790430845,-2.617747924,19.61157403,0.339641055,-0.008552113,-0.07819075,1756823235
-4.630111731,-3.495913819,16.22094441,-0.312763002,-1.324355784,-0.188146493,1756823235
-3.462414302,-4.445864391,13.81137205,-0.869872099,-2.475226067,-0.23090706,1756823235
-1.49072848,-5.03449875,12.41157083,-1.126435517,-3.407406229,-0.34086282,1756823235
0.650847747,-4.902893507,10.83470073,-1.219287033,-4.118453453,-0.371406082,1756823235
2.414358003,-4.608576328,8.870193378,-1.197295832,-4.635245201,-0.311541271,1756823235
3.680161159,-3.749553014,6.802794652,-1.215621859,-4.89058694,-0.219911486,1756823235
4.366901245,-2.507678085,4.800002136,-1.087340107,-4.939456491,-0.02565634,1756823235
4.802394958,-1.349551946,3.242274623,-0.945619389,-4.693888525,0.184481302,1756823235
5.146961413,-0.492921456,1.873580096,-0.805120401,-4.266282858,0.30665435,1756823235
5.410171899,0.203389921,0.964307508,-0.597426203,-3.68473903,0.474031425,1756823235
5.520241738,0.669990328,0.342173632,-0.437379493,-3.070208757,0.544891775,1756823235
5.446064238,0.952343395,-0.038285162,-0.299323967,-2.434908752,0.576656802,1756823235
5.19960351,1.20598259,-0.449850649,-0.285884914,-1.832595715,0.65973444,1756823235
4.771288264,1.459621786,-0.739382183,-0.277332818,-1.160643953,0.574213359,1756823235
4.249652938,1.73958203,-0.789631458,-0.240680904,-0.552222158,0.544891775,1756823235
3.759124305,1.830509289,-0.457029117,-0.169820536,0.07819075,0.345749707,1756823235
3.426521963,1.543370577,0.12921242,0.039095375,0.748920782,0.222354947,1756823235
3.201596639,0.904486943,0.870987426,0.289550123,1.396437969,-0.008552113,1756823235
3.010170831,0.083748791,1.789831305,0.554665654,1.997529277,-0.235793982,1756823235
3.103490912,-0.870987426,2.928814862,0.880867691,2.492330224,-0.432492606,1756823235
3.431307608,-1.562513158,4.742574393,1.229060824,2.855184054,-0.558330828,1756823235
3.988835274,-2.055434613,8.38445039,1.440420214,3.062878392,-0.643851944,1756823235
4.673182538,-1.605583965,14.56271834,1.489289486,3.30111573,-0.722042694,1756823235
5.213960445,-0.203389921,21.84886316,1.308473358,3.707951944,-0.803898671,1756823235
5.51306327,0.531206617,24.5001106,1.240056486,3.985284744,-0.79412481,1756823235
4.919643266,0.792024281,24.521646,1.196074119,3.792251381,-0.475253155,1756823235
4.986642298,0.567098956,23.11945196,1.031140557,2.89061422,0.006108652,1756823235
1.832902112,-0.916451056,20.80559251,0.91018924,2.006081477,0.259006861,1756823235
0.629312344,-1.763510256,21.86561292,0.596204472,1.429424692,0.332310707,1756823235
0.41395831,-2.005185339,22.29153534,0.172263997,0.941954215,0.378736465,1756823235
0.36849468,-3.316452124,20.86302025,-0.278554549,0.570548115,0.415388345,1756823235
0.256032018,-4.259224228,18.07538192,-0.616973856,0.277332818,0.542448332,1756823235
-0.378065971,-4.661218425,15.26381537,-0.916297857,0.07819075,0.613308682,1756823235
-0.844666378,-3.775874063,12.72981623,-1.100779159,-0.00122173,0.464257581,1756823235
-1.081555815,-2.510070907,10.83709356,-1.102000872,0.041538836,0.30665435,1756823235
-1.244267752,-1.052841944,9.004191444,-1.028697044,0.067195176,0.124616509,1756823235
-1.421336624,-0.445065004,7.326822801,-0.873537273,0.163711884,-0.087964594,1756823235
-1.679761465,-0.859023313,5.867201015,-0.912632683,0.249233017,-0.142942466,1756823235
-1.773081547,-0.787238635,4.256831405,-0.992045147,0.331088942,-0.223576677,1756823235
-1.926222193,-0.650847747,2.866601475,-0.896750187,0.321315115,-0.370184317,1756823235
-1.91425808,-0.524028149,1.835294934,-0.762359817,0.268780705,-0.432492606,1756823235
-1.916650903,-0.270388954,1.112662509,-0.488692191,0.175929189,-0.537561392,1756823235
-1.861615983,0.18424734,0.466600407,-0.172263997,0.064751715,-0.68050391,1756823235
-1.761117434,0.490528633,-0.047856452,0.106290551,-0.072082098,-0.742812147,1756823235
-1.615155255,0.96670033,-0.334995164,0.328645498,-0.215024564,-0.715934059,1756823235
-1.174875897,2.012363807,-0.29431718,0.475253155,-0.378736465,-0.778242313,1756823236
-0.631705166,3.022134944,0.567098956,0.722042694,-0.547335271,-0.784350948,1756823236
-0.143569356,3.993620919,2.189432679,0.855211333,-0.627969465,-0.745255608,1756823236
0.397208552,5.060819799,4.338187374,0.982271286,-0.668286588,-0.789237905,1756823236
0.799202748,5.367101092,6.891329088,0.961501885,-0.58276542,-0.708603641,1756823236
1.045663476,5.68773932,8.992227331,0.839328837,-0.431270841,-0.687834258,1756823236
1.071984525,5.187639397,10.76052323,0.64018677,-0.201585529,-0.612086969,1756823236
0.734596538,4.328616083,12.76570857,0.339641055,0.047647489,-0.41661011,1756823236
0.634097989,4.37168689,14.45025568,-0.07574729,0.373849526,-0.262672052,1756823236
0.433100891,3.596412368,15.90987747,-0.329867229,0.708603641,-0.064751715,1756823236
0.813559684,3.201596639,16.89572038,-0.447153372,1.061683819,0.228463599,1756823236
-1.177268719,0.382851616,18.87937031,-0.360410491,1.500285008,0.382401639,1756823236
-1.220339526,-2.739781877,21.67418711,0.116064395,1.912008248,0.34086282,1756823236
-0.512064036,-4.285545277,24.6795723,0.863763482,1.951103588,0.551000445,1756823236
-3.290131075,-4.515256246,26.0243386,1.072679341,1.908342934,0.669508319,1756823236
-3.658625755,-4.704289232,23.59323084,0.735481729,1.200961023,0.056199602,1756823236
-4.359722777,-4.24247447,20.14517347,0.337197611,0.311541271,-0.031764992,1756823236
-4.345365842,-4.637290199,16.59661755,-0.221133216,-0.658512727,-0.149051118,1756823236
-3.761517127,-5.087140848,13.73958737,-0.709825372,-1.654223048,-0.142942466,1756823236
-2.445464697,-5.166103993,11.71765227,-0.985936529,-2.504547477,-0.20402899,1756823236
-0.732203716,-4.553541408,9.93978508,-1.018923235,-3.182607996,-0.301767445,1756823236
0.945164927,-3.864408499,8.269594906,-0.912632683,-3.727499806,-0.266337244,1756823236
2.191825502,-2.464607278,6.321837309,-0.827111515,-4.105014348,-0.23090706,1756823236
3.153740187,-1.268195978,4.532006004,-0.719599251,-4.285830476,-0.149051118,1756823236
3.720839143,-0.327816696,3.1657043,-0.553443888,-4.252843753,0.043982297,1756823236
4.156332856,-0.30388847,2.117648001,-0.58276542,-4.029267129,0.25534167,1756823236
4.431507455,-0.191425808,1.122233799,-0.635299883,-3.657861081,0.526565835,1756823236
4.625326086,0.047856452,0.378065971,-0.663399614,-3.220481606,0.652404092,1756823236
4.733003103,0.165104759,-0.074177501,-0.605978334,-2.722015624,0.746477321,1756823236
4.644468667,0.354137745,-0.46899323,-0.423940493,-2.179567118,0.750142513,1756823236
4.352544309,0.736989361,-0.739382183,-0.290771853,-1.663996839,0.763581548,1756823236
3.917050596,0.959521863,-0.643669279,-0.162490153,-1.069014167,0.636521596,1756823236
3.577269787,1.115055332,-0.258424841,-0.045204028,-0.458148929,0.54611354,1756823236
3.196810994,0.945164927,0.267996131,0.125838239,0.140499005,0.321315115,1756823236
3.012563653,0.629312344,0.95712904,0.364075699,0.784350948,0.136833813,1756823236
2.964707201,0.270388954,1.799402595,0.774577139,1.35856422,-0.168598806,1756823236
3.203989461,-0.011964113,3.031706234,1.282817,1.872912785,-0.386066848,1756823236
3.852444386,-0.425922423,5.395814963,1.759291938,2.295631548,-0.571769828,1756823236
4.831108829,-0.289531535,9.772287498,2.158797787,2.575407809,-0.762359817,1756823236
5.900700532,0.818345329,17.17089498,2.257757938,2.863736272,-0.866206925,1756823236
6.69033199,2.734996232,24.224936,1.846034697,3.323106791,-0.894306744,1756823236
6.463013843,2.969492847,25.73719989,1.304808184,3.568674739,-0.816115923,1756823236
6.448656907,3.10109809,23.93540447,0.856433064,3.143512533,-0.608421795,1756823236
5.615954642,1.950150419,21.0903384,0.663399614,2.195449684,-0.20402899,1756823236
3.2398818,0.507278391,20.1595304,0.551000445,1.599245141,0.388510291,1756823236
2.268395825,-0.89252283,21.8321134,0.063529985,1.341460081,0.470366251,1756823236
2.019542274,-1.974078645,21.19801541,-0.285884914,1.159422222,0.441044702,1756823236
1.828116466,-3.012563653,19.26700758,-0.533896218,0.984714729,0.480140077,1756823236
1.356730414,-3.192025348,16.49372618,-0.664621414,0.863763482,0.460592372,1756823236
0.736989361,-2.804388087,13.97647681,-0.669508319,0.788016192,0.432492606,1756823236
0.155533469,-1.823330821,12.01196945,-0.729373112,0.747699052,0.415388345,1756823236
-0.440279358,-0.981057266,10.43031371,-0.801455158,0.767246722,0.268780705,1756823236
-0.882951539,-0.160319114,8.712267087,-0.908967509,0.734260016,0.157603231,1756823236
-1.239482107,-0.172283227,7.073183606,-0.949284563,0.73792519,-0.003665191,1756823236
-1.507478238,-0.780060168,5.312066172,-1.087340107,0.722042694,-0.092851516,1756823236
-1.861615983,-0.710668312,3.53419898,-1.193630658,0.658512727,-0.12950343,1756823236
-1.97886429,-0.306281293,1.887937031,-1.067792436,0.552222158,-0.12705997,1756823236
-2.067398726,0.076570323,0.818345329,-0.734260016,0.393397231,-0.276111088,1756823236
-2.146361872,0.53359944,0.535992262,-0.349414916,0.321315115,-0.356745317,1756823236
-2.129612114,0.990628556,0.667597505,0.05253441,0.252898209,-0.471587964,1756823236
-2.002792516,1.239482107,0.667597505,0.283441471,0.239459173,-0.540004888,1756823236
-1.713260982,1.476371544,0.495314278,0.508239896,0.195476876,-0.610865238,1756823236
-1.165304606,1.789831305,1.002592669,0.715934059,0.067195176,-0.610865238,1756823236
-0.552742021,2.201396792,2.306680986,0.896750187,-0.05009095,-0.624304273,1756823236
-0.145962179,2.720639296,4.213760599,1.07145761,-0.12950343,-0.514348513,1756823236
0.002392823,2.93599333,6.228517228,0.937067258,-0.164933614,-0.465479312,1756823236
-0.105284194,3.316452124,8.075776275,0.690277702,-0.030543262,-0.233350521,1756823236
-0.411565487,3.28534543,9.987641532,0.472809694,0.212581103,-0.028099801,1756823236
-0.796809926,2.979064137,12.01436227,0.22968533,0.469144485,0.134390352,1756823236
-1.083948638,2.490928327,14.1559385,0.210137642,0.67928211,0.254119939,1756823236
-1.615155255,2.021935097,16.00080473,0.166155345,0.847880986,0.219911486,1756823236
-2.770888571,1.741974853,17.68535184,0.174707458,1.119105169,0.199142068,1756823236
-4.295116567,0.22971097,20.05424621,0.197920337,1.501506738,0.020769418,1756823236
-3.921836241,-2.498106794,19.98006871,0.629191178,1.714087841,-0.010995574,1756823236
-3.728017611,-3.766302772,22.1814655,1.227839094,1.466076572,0.30054568,1756823236
-6.831508523,-4.893322217,23.53819592,1.011592817,1.247386834,0.200363798,1756823236
-5.213960445,-4.273581164,22.94477591,0.587652324,0.360410491,-0.149051118,1756823236
-5.03449875,-4.479363907,20.25045766,0.119729587,-0.594982742,-0.273667627,1756823236
-4.118047695,-4.989035121,17.79542168,-0.30054568,-1.637118891,-0.338419325,1756823236
-2.64167615,-5.111069074,15.5007048,-0.58398715,-2.58396001,-0.364075699,1756823236
-0.823130974,-4.811966249,13.42134196,-0.838107107,-3.408628082,-0.382401639,1756823236
0.904486943,-3.943371645,11.61954655,-0.970054033,-4.046371268,-0.344527994,1756823236
2.380858487,-2.768495748,9.528219593,-0.977384381,-4.539950363,-0.250454748,1756823236
3.448057367,-1.540977754,7.16889651,-0.994488608,-4.822170347,-0.139277274,1756823236
4.108476404,-0.327816696,5.065605444,-0.880867691,-4.893030663,0.023212879,1756823236
4.67557536,0.784845813,3.318844946,-0.853989603,-4.660901558,0.188146493,1756823236
4.989035121,1.725225095,1.562513158,-0.715934059,-4.262617562,0.335975881,1756823236
5.300102059,2.431107762,0.330209519,-0.60353489,-3.737273615,0.463035868,1756823236
5.410171899,2.801995265,-0.394815729,-0.499687747,-3.136182168,0.571769828,1756823236
5.37427956,3.058027283,-0.887737185,-0.409279727,-2.560747096,0.590095838,1756823236
5.211567623,3.2398818,-1.167697429,-0.283441471,-1.971873041,0.566882941,1756823236
4.907679153,3.335594704,-1.249053397,-0.112399204,-1.376890229,0.526565835,1756823236
4.522434714,3.005385186,-0.897308475,0.039095375,-0.818559454,0.30665435,1756823236
4.046263017,2.837887604,-0.480957343,0.162490153,-0.155159771,0.202807259,1756823236
3.625126239,2.213360905,0.224925324,0.345749707,0.492357365,0.017104227,1756823236
3.232703333,1.215553881,0.906879765,0.421497014,1.149648431,-0.113620934,1756823236
2.854637362,0.212961211,1.636690658,0.509461626,1.756848495,-0.117286126,1756823236
2.756531635,-0.693918554,2.500499617,0.551000445,2.306627209,-0.215024564,1756823236
2.976671314,-1.330409366,4.12283334,0.695164676,2.696359249,-0.237015712,1756823236
3.565305674,-1.639083481,7.508677319,0.940732502,3.053104338,-0.386066848,1756823236
4.433900278,-0.90209412,13.02174059,1.104444333,3.345098114,-0.411723171,1756823236
5.326423108,0.806381216,20.18345863,1.106887777,3.755599362,-0.428827397,1756823236
5.922235935,1.524227996,25.16292246,1.061683819,4.113566549,-0.459370659,1756823236
5.907878999,1.557727513,26.81157723,1.134987595,4.0781364,-0.234572251,1756823236
5.656632626,0.725025248,24.49771778,1.022588409,3.318219887,0.125838239,1756823236
2.421536471,-0.014356936,19.30289991,1.104444333,2.381152576,0.441044702,1756823236
0.203389921,-0.562313311,20.20260121,0.772133696,1.852143455,0.355523586,1756823236
-0.253639196,-0.416351132,21.16690872,0.199142068,1.461189667,0.401949344,1756823236
-0.337387987,-1.404586866,20.07817444,-0.372627795,1.214400128,0.311541271,1756823236
-0.241675083,-3.433700431,17.60399587,-0.866206925,0.978606112,0.394618961,1756823236
0.057427742,-3.914657774,14.94556996,-1.16675257,0.764803278,0.604756621,1756823236
-0.983450089,-4.673182538,13.13181043,-1.510058816,0.739146903,0.448375102,1756823236
-1.433300737,-4.165904147,11.42094227,-1.555262914,0.690277702,0.333532438,1756823236
-1.622333723,-3.144168896,9.489934432,-1.508837086,0.64018677,0.202807259,1756823236
-1.787438482,-2.280359938,7.422535705,-1.329242828,0.557109097,0.166155345,1756823236
-2.065005904,-1.447657673,5.367101092,-1.132544134,0.498466017,-0.02565634,1756823236
-2.103291065,-0.614955408,3.775874063,-0.894306744,0.41661011,-0.028099801,1756823236
-2.191825502,0.198604276,2.531606311,-0.715934059,0.324980324,-0.094073247,1756823236
-2.316252277,0.859023313,1.715653804,-0.514348513,0.208915911,-0.191811685,1756823236
-2.428714939,1.402194044,1.184447187,-0.356745317,0.144164196,-0.243124365,1756823236
-2.545963246,1.875972918,0.449850649,-0.210137642,0.107512282,-0.305432619,1756823236
-2.629712037,2.462214455,-0.610169763,0.021991149,0.045204028,-0.403171057,1756823236
-2.536391956,2.799602442,-1.13180509,0.289550123,-0.116064395,-0.526565835,1756823236
-2.069791549,2.928814862,-0.521635327,0.49357913,-0.219911486,-0.68050391,1756823236
-1.414158157,2.608176634,1.203589768,0.733038286,-0.267558974,-0.733038286,1756823236
-0.89252283,2.435893407,3.28534543,0.691499432,-0.22968533,-0.569326385,1756823237
-0.612562586,2.500499617,5.268995365,0.485027017,-0.162490153,-0.379958178,1756823237
-0.59820565,2.64167615,7.235895542,0.30665435,-0.096516708,-0.23090706,1756823237
-0.715453957,2.852244539,9.260223462,0.260228591,0.034208453,-0.096516708,1756823237
-0.988235734,2.890529701,11.56929727,0.409279727,0.162490153,0.00122173,1756823237
-1.502692593,2.921636395,13.81855052,0.444709893,0.267558974,0.003665191,1756823237
-2.177468566,2.92642204,15.12263883,0.447153372,0.315206445,0.014660766,1756823237
-3.048455992,2.519642198,16.49133336,0.360410491,0.505796417,-0.034208453,1756823237
-3.993620919,1.483550012,19.72642951,0.428827397,0.799011714,-0.139277274,1756823237
-4.541577295,-0.995414202,21.97089711,0.900415361,1.142317943,-0.227241869,1756823237
-3.938586,-4.381258181,21.62154501,1.220508746,1.116661655,-0.249233017,1756823237
-3.962514226,-3.314059301,21.87039856,1.299921279,0.627969465,-0.355523586,1756823237
-3.747160192,-3.483949706,22.57388841,0.905302266,-0.080634211,-0.266337244,1756823237
-3.584448255,-3.938586,21.22912211,0.372627795,-0.938288971,-0.166155345,1756823237
-3.05563446,-4.821537539,19.02772532,-0.048869219,-1.858252072,-0.100181899,1756823237
-1.892722677,-5.481956577,17.11825288,-0.465479312,-2.640159629,-0.197920337,1756823237
-0.392422906,-5.283352301,15.34517133,-0.69882985,-3.303559191,-0.274889357,1756823237
1.198804123,-4.467399794,13.11745349,-0.87231556,-3.874107358,-0.38362337,1756823237
2.548356069,-3.160918655,10.18624581,-0.952949737,-4.323704086,-0.384845083,1756823237
3.41455785,-1.933400661,7.475177802,-0.867428656,-4.624250063,-0.346971438,1756823237
3.897908015,-0.866201781,5.245067139,-0.81489421,-4.692666673,-0.207694181,1756823237
4.292723744,-0.272781776,3.548555916,-0.810007306,-4.520402763,0.008552113,1756823237
4.582255279,0.459421939,1.940579129,-0.81489421,-4.181983438,0.200363798,1756823237
4.828716007,1.222732349,0.648454925,-0.786794462,-3.754377771,0.349414916,1756823237
5.005784879,1.947757596,-0.275174599,-0.709825372,-3.24491611,0.412944901,1756823237
5.065605444,2.206182437,-0.729810893,-0.724486138,-2.686585195,0.535117949,1756823237
4.931607379,2.548356069,-1.191625655,-0.70005158,-2.031737852,0.624304273,1756823237
4.637290199,2.821137845,-1.538584932,-0.704938467,-1.419650744,0.642630231,1756823237
4.292723744,2.653640263,-1.488335657,-0.75747293,-0.773355409,0.64018677,1756823237
4.06779842,2.368894374,-1.110269686,-0.669508319,-0.166155345,0.536339679,1756823237
3.747160192,1.990828403,-0.614955408,-0.408057962,0.399505848,0.233350521,1756823237
3.476771238,1.284945736,0.133998066,0.069638637,0.965167059,-0.028099801,1756823237
3.297309543,0.346959277,1.277767268,0.601091377,1.477072094,-0.322536846,1756823237
3.266202849,-0.629312344,2.928814862,1.131322421,1.944994953,-0.579100246,1756823237
3.694518094,-1.043270654,5.51306327,1.667662153,2.272418634,-0.768468452,1756823237
4.469792617,-0.885344362,9.841679354,2.150245586,2.531425425,-0.885754595,1756823237
5.206781978,0.411565487,16.496119,2.414139544,2.894279533,-0.79412481,1756823237
5.592026416,2.007578161,22.41596212,2.3078488,3.314554852,-0.748920782,1756823237
5.919843112,2.151147517,23.35155575,1.903456047,3.415958429,-0.50701813,1756823237
5.915057467,1.598405497,24.24168576,1.606575629,3.108082367,-0.05009095,1756823237
5.962913919,1.31605243,21.99243252,1.222952207,2.266310138,0.208915911,1756823237
3.22073922,-0.552742021,19.94417637,1.133765865,1.711644397,0.624304273,1756823237
2.170290098,-1.217946703,21.88236268,0.629191178,1.45508105,0.587652324,1756823237
1.78504566,-1.926222193,22.24607171,0.019547688,1.352455602,0.423940493,1756823237
1.502692593,-2.840280426,20.54238202,-0.338419325,1.279151826,0.332310707,1756823237
1.14137638,-3.373879866,17.98924031,-0.586430594,1.238834755,0.235793982,1756823237
0.636490812,-3.536591803,15.53420432,-0.768468452,1.247386834,0.266337244,1756823237
0.031106694,-3.29491672,13.41177067,-1.0054842,1.247386834,0.321315115,1756823237
-1.203589768,-4.096512291,11.60040396,-1.343903524,1.287703905,0.134390352,1756823237
-1.191625655,-3.919443419,9.33200814,-1.434311579,1.24494339,0.107512282,1756823237
-1.244267752,-3.390629624,7.149753929,-1.453859319,1.114218194,0.105068821,1756823237
-1.677368643,-2.493321149,5.221138913,-1.312138532,0.929736893,0.017104227,1756823237
-1.73001074,-1.560120335,3.495913819,-1.1398745,0.729373112,-0.037873645,1756823237
-1.758724611,-0.674775973,2.385644132,-0.891863213,0.532674488,-0.133168622,1756823237
-1.789831305,-0.083748791,1.689332756,-0.636521596,0.333532438,-0.175929189,1756823237
-1.808973886,0.291924357,1.007378315,-0.443488163,0.169820536,-0.219911486,1756823237
-1.816152353,0.736989361,0.033499516,-0.235793982,0.012217305,-0.221133216,1756823237
-1.97886429,1.299302672,-0.937986459,-0.036651914,-0.167377075,-0.221133216,1756823237
-2.019542274,2.105683888,-1.416550979,0.240680904,-0.30665435,-0.273667627,1756823237
-1.902293967,2.545963246,-0.818345329,0.465479312,-0.438601224,-0.309097793,1756823237
-1.438086383,2.809173732,0.658026215,0.577878533,-0.458148929,-0.387288578,1756823237
-1.004985492,3.261417204,2.964707201,0.71715579,-0.388510291,-0.412944901,1756823237
-0.617348231,3.833301805,6.187839244,0.73792519,-0.250454748,-0.409279727,1756823237
-0.251246373,4.534398827,9.367900479,0.669508319,0,-0.373849526,1756823237
0.059820565,5.204389155,11.84447187,0.609643508,0.284663184,-0.211359372,1756823237
-0.380458793,5.285745123,14.01476197,0.502131226,0.481361808,0.089186325,1756823237
-1.282552914,4.91485762,15.56531101,0.287106679,0.58276542,0.262672052,1756823237
-2.155933163,4.692325119,15.49831198,0.266337244,0.723264425,0.393397231,1756823237
-3.967299871,3.555734384,16.79282901,0.283441471,1.040914348,0.261450322,1756823237
-5.003392057,1.763510256,19.20718701,0.536339679,1.332908002,0.144164196,1756823237
-4.709074877,-1.081555815,19.42732669,0.939510771,1.342681794,-0.031764992,1756823237
-4.438685923,-1.97886429,20.4873471,1.282817,0.971275764,-0.045204028,1756823237
-5.19960351,-2.318645099,22.23889324,1.042136079,0.488692191,-0.185703032,1756823237
-5.08953367,-3.486342528,22.2867497,0.596204472,-0.224798408,-0.182037841,1756823237
-4.433900278,-3.081955509,19.72642951,0.250454748,-1.210734954,-0.250454748,1756823237
-3.577269787,-3.369094221,17.13021699,-0.140499005,-2.130697986,-0.298102236,1756823237
-2.029113565,-3.665804223,14.9599269,-0.474031425,-2.932153143,-0.356745317,1756823237
-0.36849468,-3.768695595,12.91167075,-0.758694643,-3.612657106,-0.335975881,1756823237
1.366301705,-3.46002148,10.84905767,-0.836885394,-4.167322725,-0.350636647,1756823237
2.770888571,-2.878565588,8.544769505,-0.895528457,-4.579045564,-0.194255146,1756823237
3.94815729,-2.15354034,6.245266986,-0.935845527,-4.868596158,-0.091629786,1756823237
4.663611247,-1.880758564,4.697110764,-0.899193631,-4.87103934,0.117286126,1756823237
5.053641331,-0.705882667,2.916850749,-0.797789984,-4.59492813,0.388510291,1756823237
5.546562787,-0.002392823,1.780260014,-0.549778714,-4.223522344,0.427605667,1756823237
5.790630692,-0.538385085,1.275374446,-0.481361808,-3.666413282,0.613308682,1756823237
5.766702466,-0.373280326,0.540777908,-0.616973856,-3.070208757,0.752585956,1756823237
5.666203917,0.100498549,-0.133998066,-0.65973444,-2.461786962,0.802676958,1756823237
5.436492947,0.557527666,-0.667597505,-0.686612528,-1.858252072,0.81489421,1756823237
5.027320283,0.674775973,-0.933200814,-0.706160198,-1.20584791,0.779464044,1756823237
4.582255279,0.815952507,-0.930807991,-0.630412908,-0.524122392,0.770911896,1756823237
4.201796486,0.691525731,-0.58863436,-0.491135634,0.171042267,0.662177901,1756823237
3.873979789,-0.06460621,0.153140646,-0.171042267,0.8906415,0.466701042,1756823237
3.701696562,-1.028913718,1.004985492,0.22968533,1.513724113,0.217468025,1756823237
3.613162126,-1.911865257,2.16311163,0.706160198,2.07694181,-0.092851516,1756823237
3.972085516,-2.249253244,3.897908015,1.292590809,2.499660572,-0.371406082,1756823237
4.919643266,-2.014756629,6.93918554,2.004859764,2.781880277,-0.653625822,1756823237
5.950949806,-0.82791662,12.260823,2.610837958,3.038443625,-0.692721163,1756823237
6.178267953,1.890329854,19.87239169,2.667037595,3.316998296,-0.730594842,1756823237
5.51306327,3.641875997,24.11486616,2.013411843,3.604104905,-0.569326385,1756823237
5.067998267,4.508077778,23.31805624,1.297477696,3.462384257,-0.488692191,1756823237
5.352744156,3.570091319,22.37528413,0.785572661,2.624277081,-0.371406082,1756823237
4.405186407,3.117847848,19.4703975,0.646295405,1.780061269,0.695164676,1756823237
2.294716873,1.636690658,20.47777581,0.197920337,1.390329352,0.702495024,1756823237
2.026720742,0.208175566,21.06880299,-0.398284135,1.287703905,0.689055989,1756823237
1.974078645,-1.402194044,19.50628984,-0.73792519,1.24372166,0.636521596,1756823237
1.655833239,-2.98145696,17.05125385,-0.923628205,1.196074119,0.636521596,1756823237
1.155733316,-3.890729548,14.21336624,-0.959058441,1.132544134,0.597426203,1756823237
0.47856452,-4.388436648,12.00957663,-0.939510771,1.056796845,0.549778714,1756823237
-0.007178468,-3.529413335,10.20060274,-0.945619389,1.017701504,0.470366251,1756823237
0.066999033,-2.746960345,8.810372813,-0.908967509,0.982271286,0.486248747,1756823237
-1.459621786,-2.682354135,7.477570625,-1.037249174,1.073901071,0.395840674,1756823237
-1.830509289,-2.213360905,5.860022547,-0.952949737,1.054353401,-0.057421332,1756823237
-1.68454711,-1.935793483,4.338187374,-0.824668072,0.972497477,-0.270002435,1756823237
-1.80418824,-1.409372511,3.105883735,-0.695164676,0.880867691,-0.339641055,1756823237
-1.844866225,-0.933200814,2.352144616,-0.520457183,0.728151381,-0.400727579,1756823237
-1.897508322,-0.325423874,1.816152353,-0.382401639,0.56443948,-0.442266432,1756823237
-1.816152353,0.253639196,1.225125171,-0.172263997,0.393397231,-0.461814103,1756823237
-1.780260014,0.789631458,0.421136778,0.02687807,0.212581103,-0.454483755,1756823237
-1.622333723,1.765903079,-0.399601374,0.252898209,0.010995574,-0.397062405,1756823237
-1.423729447,1.971685822,-0.447457826,0.343306264,-0.163711884,-0.368962586,1756823237
-1.071984525,2.38325131,0.430708068,0.438601224,-0.293215297,-0.266337244,1756823237
-0.748953474,2.849851717,2.201396792,0.540004888,-0.323758559,-0.175929189,1756823237
-0.418743955,3.407379382,4.759324151,0.629191178,-0.302989176,-0.113620934,1756823237
-0.107677017,3.962514226,7.922635629,0.614530412,-0.10262536,-0.063529985,1756823237
0.016749758,4.450650036,10.99741267,0.60353489,0.169820536,0.030543262,1756823237
-0.133998066,4.857429878,13.46680559,0.533896218,0.455705485,0.136833813,1756823238
-0.66281186,5.008177702,15.26620819,0.488692191,0.758694643,0.175929189,1756823238
-1.524227996,4.73061028,15.9768765,0.393397231,1.010371087,0.219911486,1756823238
-2.873779943,3.756731482,16.6971161,0.327423768,1.368338168,0.163711884,1756823238
-4.130011808,1.567298803,18.43909096,0.454483755,1.729970407,0.063529985,1756823238
-4.766502619,-1.706082514,19.32204249,0.912632683,2.017077017,0.013439035,1756823238
-4.919643266,-3.476771238,21.17648001,1.457524493,1.902234317,-0.014660766,1756823238
-5.508277625,-2.63210486,23.15773712,1.502728451,1.464854841,-0.196698607,1756823238
-5.836094321,-2.079362839,23.61955188,1.183856867,0.715934059,-0.291993584,1756823238
-5.611168997,-2.045863323,21.50668953,0.632856352,-0.395840674,-0.328645498,1756823238
-4.771288264,-2.347358971,18.42473402,0.059864793,-1.539380348,-0.471587964,1756823238
-3.208775107,-2.890529701,16.1252315,-0.313984732,-2.543642939,-0.565661211,1756823238
-1.289731381,-2.699103893,14.07936818,-0.607200064,-3.363424124,-0.629191178,1756823238
0.770488877,-2.486142681,12.27039429,-0.840550568,-4.012162972,-0.60231309,1756823238
2.440679052,-2.086541307,10.16949605,-0.929736893,-4.489859501,-0.547335271,1756823238
3.610769303,-1.203589768,7.740781111,-1.001819026,-4.791627086,-0.425162223,1756823238
4.682753828,0.169890405,5.304887704,-0.791681366,-4.954117187,-0.289550123,1756823238
5.103890606,0.275174599,4.065405597,-0.649960648,-4.791627086,-0.053756141,1756823238
5.316851817,0.471386052,2.615355102,-0.630412908,-4.361577696,0.208915911,1756823238
5.426921657,1.138983558,1.25144622,-0.516792009,-3.859446662,0.431270841,1756823238
5.501099157,1.464407431,0.531206617,-0.368962586,-3.293785382,0.500909513,1756823238
5.410171899,1.919043725,-0.052642097,-0.233350521,-2.708576501,0.542448332,1756823238
5.194817865,2.069791549,-0.418743955,-0.162490153,-2.111150246,0.530231009,1756823238
4.771288264,2.246860421,-0.78245299,-0.194255146,-1.501506738,0.454483755,1756823238
4.357329955,2.225325018,-0.954736217,-0.20402899,-0.907745709,0.317649941,1756823238
3.960121403,2.060220259,-0.880558717,-0.260228591,-0.257785131,0.160046692,1756823238
3.661018578,1.734796385,-0.65324057,-0.224798408,0.425162223,0.091629786,1756823238
3.476771238,1.26101751,-0.179461695,-0.036651914,1.095892255,-0.184481302,1756823238
3.412165028,0.325423874,0.574277424,0.172263997,1.773952634,-0.301767445,1756823238
3.522234867,-1.466800254,1.897508322,0.408057962,2.312735705,-0.530231009,1756823238
3.991228097,-2.500499617,3.591626723,0.5131268,2.750115425,-0.6414085,1756823238
4.783252377,-3.148954542,6.759723845,0.845437472,3.200933743,-0.638965057,1756823238
5.68773932,-2.792423974,12.55992583,1.114218194,3.517362024,-0.719599251,1756823238
6.508477472,-1.246660575,20.14995911,1.131322421,3.940080786,-0.651182361,1756823238
6.752545377,0.083748791,24.50728907,0.985936529,4.398229715,-0.492357365,1756823238
5.970092387,0.088534436,24.84706988,0.938288971,4.488637648,-0.239459173,1756823238
5.235495849,0.748953474,24.11725899,0.646295405,3.988950058,0.353080108,1756823238
2.258824534,-1.01216396,19.48954008,0.438601224,3.012787268,0.671951762,1756823238
-0.122033953,-2.03389921,19.36989895,0.240680904,2.348165853,0.816115923,1756823238
-1.239482107,-1.986042758,20.97069727,-0.182037841,1.96087738,0.79534654,1756823238
-1.792224127,-2.459821633,20.54956049,-0.673173492,1.676214231,0.835663663,1756823238
-1.998006871,-3.177668413,18.1471666,-1.038470905,1.396437969,0.8906415,1756823238
-2.967100024,-3.742374546,15.26620819,-1.308473358,1.247386834,0.662177901,1756823238
-3.742374546,-3.871586967,12.84227889,-1.462411398,1.11055302,0.551000445,1756823238
-3.608376481,-3.402593737,10.79402275,-1.430646405,0.968832233,0.43493605,1756823238
-3.500699464,-2.64167615,8.946763701,-1.374446786,0.764803278,0.265115513,1756823238
-3.419343495,-1.85922316,7.341179737,-1.211956667,0.551000445,0.15393804,1756823238
-3.424129141,-0.997807024,5.821737386,-1.014036261,0.317649941,0.014660766,1756823238
-3.223132042,-0.342173632,4.41715052,-0.879645978,0.150272849,-0.158824962,1756823238
-2.962314379,0.260817663,3.199203816,-0.706160198,-0.085521133,-0.2565634,1756823238
-2.840280426,0.65324057,2.227717841,-0.608421795,-0.302989176,-0.428827397,1756823238
-2.656033086,0.918843878,1.512263883,-0.43615778,-0.464257581,-0.527787566,1756823238
-2.524427843,1.040877831,0.890130007,-0.296880506,-0.599869646,-0.615752143,1756823238
-2.234896308,1.198804123,0.162711937,-0.124616509,-0.746477321,-0.653625822,1756823238
-1.895115499,1.497906948,-0.447457826,0.120951317,-0.917519588,-0.759916374,1756823238
-1.373480172,1.933400661,-0.495314278,0.294437062,-1.10933129,-0.751364226,1756823238
-0.870987426,2.340180503,0.177068872,0.488692191,-1.208291494,-0.752585956,1756823238
-0.277567422,2.653640263,1.864008805,0.663399614,-1.203404467,-0.630412908,1756823238
0.191425808,3.115455025,4.266402696,0.681725623,-1.104444333,-0.585208881,1756823238
0.595812827,3.713660675,6.958328121,0.702495024,-0.856433064,-0.412944901,1756823238
0.842273555,4.575076811,9.528219593,0.682947354,-0.529009279,-0.260228591,1756823238
0.760917587,5.237888671,12.09811107,0.751364226,-0.155159771,-0.083077672,1756823238
0.126819598,5.324030285,14.17268826,0.753807686,0.212581103,0.085521133,1756823238
-0.677168796,5.01535617,15.14417424,0.58398715,0.547335271,0.161268423,1756823238
-1.792224127,4.445864391,16.22094441,0.619417386,0.935845527,0.177150919,1756823238
-3.536591803,3.132204783,19.16650903,0.500909513,1.483180851,0.045204028,1756823238
-4.627718908,0.260817663,21.13101638,0.735481729,1.90467776,-0.080634211,1756823238
-5.347958511,-2.859423007,22.40160518,1.180191693,1.990198929,-0.191811685,1756823238
-5.74277424,-2.660818731,23.03331035,1.310916819,1.645670969,-0.304210889,1756823238
-6.474977956,-2.464607278,23.29173519,1.097113985,0.879645978,-0.293215297,1756823238
-6.436692794,-3.199203816,20.83430638,0.614530412,-0.310319558,-0.444709893,1756823238
-5.706881901,-4.376472535,17.62074563,0.072082098,-1.626123229,-0.448375102,1756823238
-3.907479306,-4.728217458,14.93839149,-0.338419325,-2.906496786,-0.491135634,1756823238
-1.782652837,-5.245067139,13.0648114,-0.704938467,-3.935193882,-0.49357913,1756823238
0.684347264,-4.73061028,11.34676477,-0.817337724,-4.801400877,-0.491135634,1756823238
2.711068006,-3.493520996,9.391828705,-0.87231556,-5.45624822,-0.452040276,1756823238
4.165904147,-2.258824534,7.269395059,-0.780685774,-5.88507574,-0.279776297,1756823238
5.03449875,-1.73958203,5.484349399,-0.73792519,-5.9828143,-0.12950343,1756823238
5.606383352,-1.060020412,3.869194144,-0.780685774,-5.695707411,0.189368224,1756823238
5.977270855,-0.354137745,2.225325018,-0.702495024,-5.18013701,0.35918876,1756823238
6.305087551,0.033499516,1.074377347,-0.613308682,-4.548502302,0.565661211,1756823238
6.398407632,0.399601374,0.387637261,-0.452040276,-3.78980792,0.678060379,1756823238
6.348158358,1.043270654,-0.260817663,-0.355523586,-3.046995843,0.629191178,1756823238
5.994020613,1.488335657,-0.765703232,-0.329867229,-2.298074991,0.618195586,1756823238
5.548955609,1.770688724,-1.138983558,-0.345749707,-1.57847581,0.505796417,1756823238
4.996213589,2.067398726,-1.308873962,-0.419053553,-0.812450749,0.499687747,1756823238
4.560719876,2.230110663,-1.287338559,-0.419053553,-0.067195176,0.268780705,1756823238
4.244867292,2.053041791,-0.839880733,-0.244346095,0.712268885,0.218689755,1756823238
4.151547211,1.189232832,-0.031106694,0.048869219,1.451415876,-0.118507856,1756823238
4.13240463,-0.102891372,1.127019445,0.432492606,2.075720079,-0.335975881,1756823238
4.390829471,-1.174875897,2.490928327,0.869872099,2.608394515,-0.670730032,1756823238
5.029713105,-2.373680019,4.699503586,1.288925618,3.033556738,-0.940732502,1756823238
6.307480374,-3.012563653,8.676374748,1.63589716,3.376862967,-1.058018575,1756823238
7.338786914,-2.108076711,14.89053504,1.832595715,3.748269014,-0.895528457,1756823238
8.212167163,0.040677984,21.83929187,1.674992501,4.145331419,-0.580321976,1756823238
7.862815064,1.540977754,25.35195545,1.309695088,4.323704086,-0.262672052,1756823238
6.759723845,1.495514125,24.69392923,0.853989603,4.048814729,0.097738438,1756823238
6.333801422,1.296909849,21.21237235,0.626747734,3.065321853,0.411723171,1756823238
3.646661642,0.062213388,19.6402879,0.551000445,2.348165853,0.849102716,1756823238
2.014756629,-0.473778875,21.22912211,0.118507856,1.953547032,0.888198039,1756823238
1.172483074,-0.839880733,21.26262162,-0.382401639,1.710422667,0.918741301,1756823238
0.528813795,-2.122433646,18.9631191,-0.810007306,1.599245141,0.95661498,1756823238
-0.141176533,-2.40239389,15.5533469,-1.004262469,1.444085388,0.911410953,1756823238
-0.612562586,-2.873779943,12.7896368,-1.117883438,1.389107482,0.929736893,1756823238
-3.158525832,-4.161118501,10.98784138,-1.321912341,1.556484627,0.838107107,1756823238
-2.804388087,-3.457628657,8.480163294,-1.472185189,1.524719652,0.428827397,1756823238
-3.184846881,-2.818745023,6.637689892,-1.279151826,1.507615356,0.244346095,1756823238
-3.180061235,-1.966900177,5.115854719,-1.0054842,1.352455602,0.068416907,1756823238
-3.199203816,-1.08634146,3.835694628,-0.734260016,1.156978779,-0.161268423,1756823238
-3.024527766,-0.693918554,2.988635427,-0.475253155,0.882089421,-0.267558974,1756823238
-2.979064137,-0.519242504,2.388036955,-0.366519143,0.590095838,-0.343306264,1756823238
-2.969492847,-0.373280326,1.765903079,-0.322536846,0.338419325,-0.333532438,1756823238
-2.947957443,-0.253639196,1.112662509,-0.221133216,0.064751715,-0.438601224,1756823238
-2.790031152,0.155533469,0.232103792,-0.106290551,-0.211359372,-0.428827397,1756823238
-2.548356069,0.552742021,-0.394815729,0.043982297,-0.516792009,-0.502131226,1756823238
-2.021935097,1.323230898,-0.4235296,0.174707458,-0.799011714,-0.478918364,1756823238
-1.598405497,2.20857526,0.579063069,0.28099801,-1.006705913,-0.432492606,1756823238
-1.062413234,2.993421073,2.490928327,0.351858377,-1.104444333,-0.438601224,1756823238
-0.411565487,3.785445353,4.898107862,0.401949344,-1.062905549,-0.370184317,1756823238
0.05503492,4.488935198,7.42732135,0.470366251,-0.989601703,-0.298102236,1756823238
0.454636294,5.278566656,9.80100137,0.596204472,-0.79412481,-0.20402899,1756823238
0.311066938,4.85025141,12.5671043,0.656069266,-0.526565835,-0.169820536,1756823238
0.186640163,6.03709142,14.5052906,0.724486138,-0.240680904,-0.337197611,1756823238
-0.483350165,5.893522064,16.48176207,0.626747734,0.061086524,-0.483805251,1756823238
-0.485742988,6.247659809,17.66860208,0.58276542,0.531452775,-0.00122173,1756823238
-1.80418824,4.445864391,19.46082621,0.361632204,1.089783567,0.053756141,1756823239
-2.57706994,0.591027182,20.1906371,0.488692191,1.585806176,0.043982297,1756823239
-2.356930261,-2.519642198,21.61436655,0.935845527,1.748296277,0.023212879,1756823239
-3.247060268,-2.878565588,23.25345003,1.134987595,1.599245141,-0.041538836,1756823239
-3.912264951,-2.333002035,23.81576334,0.995710321,1.058018575,0.023212879,1756823239
-3.522234867,-1.301695494,21.56890292,0.612086969,0.035430184,0.202807259,1756823239
-4.311866325,-2.589034053,18.47259047,-0.019547688,-1.020144965,0.317649941,1756823239
-5.938985693,-3.914657774,15.51984738,-0.551000445,-2.045176817,0.157603231,1756823239
-2.242074776,-4.871786814,12.94756309,-0.976162651,-2.96758331,-0.320093385,1756823239
-0.327816696,-4.704289232,10.68395291,-1.07145761,-3.587000749,-0.360410491,1756823239
1.643869126,-3.227917687,8.55912644,-1.015257991,-4.092797096,-0.460592372,1756823239
3.103490912,-1.753938966,6.568298037,-0.735481729,-4.506963919,-0.387288578,1756823239
4.185046727,0.186640163,4.759324151,-0.351858377,-4.773300797,-0.454483755,1756823239
5.036891573,0.555134843,4.05822713,-0.069638637,-4.792848397,-0.334754151,1756823239
5.340780043,-0.799202748,3.412165028,-0.322536846,-4.420220776,0.004886922,1756823239
5.450849883,-0.133998066,1.899901144,-0.570548115,-3.982841301,0.320093385,1756823239
5.546562787,0.143569356,0.818345329,-0.56321775,-3.458718944,0.422718727,1756823239
5.467599641,0.526420972,0.031106694,-0.508239896,-2.886949186,0.444709893,1756823239
5.307280527,1.612762432,-0.638883634,-0.425162223,-2.291966496,0.443488163,1756823239
5.115854719,2.132004937,-0.803988394,-0.086742864,-1.705535763,0.222354947,1756823239
4.713860522,1.605583965,-0.473778875,-0.141720735,-0.979827825,0.271224166,1756823239
4.338187374,1.402194044,-0.18424734,-0.085521133,-0.213802833,0.267558974,1756823239
4.065405597,0.325423874,0.380458793,-0.02687807,0.521678896,0.096516708,1756823239
3.962514226,-1.373480172,1.043270654,0.009773844,1.251052008,-0.008552113,1756823239
4.086941001,-2.821137845,1.670190175,0.135612083,1.839926063,-0.278554549,1756823239
4.443471568,-3.783052531,2.562713005,0.427605667,2.366491863,-0.445931606,1756823239
5.292923591,-5.156532703,4.510470601,0.850324429,2.836858044,-0.560774306,1756823239
6.417550213,-5.625525933,8.00638442,1.253495469,3.226590101,-0.637743326,1756823239
7.913064338,-4.266402696,14.18225955,1.648114413,3.644421976,-0.477696634,1756823239
9.059226364,-1.368694527,22.42314058,1.729970407,4.127005671,-0.398284135,1756823239
8.650053699,1.220339526,25.99801755,1.470963476,4.412890411,-0.246789556,1756823239
7.240681188,1.940579129,24.54796705,1.045801253,4.166100872,0.018325957,1756823239
5.922235935,1.696511223,20.95634033,0.681725623,3.297450434,0.333532438,1756823239
3.388236802,0.564706134,20.03510363,0.345749707,2.667037595,0.789237905,1756823239
1.85922316,0.282353067,21.62872348,-0.211359372,2.289522791,0.855211333,1756823239
0.751346296,-0.406779842,21.35833453,-0.83322022,2.072054905,0.95661498,1756823239
-0.339780809,-1.598405497,19.10429564,-1.24494339,1.926668944,0.976162651,1756823239
-1.050449121,-2.32821639,15.41456319,-1.486846025,1.793500374,1.001819026,1756823239
-3.158525832,-3.189632526,12.43071341,-1.634675447,1.776396095,0.963945346,1756823239
-3.603590836,-3.187239703,9.164510558,-1.667662153,1.714087841,0.601091377,1756823239
-4.007977855,-3.022134944,6.996613282,-1.545489105,1.62734496,0.371406082,1756823239
-4.146761566,-2.471785746,5.099104961,-1.314581993,1.491732929,0.174707458,1756823239
-4.230510357,-1.808973886,3.677768336,-1.02503187,1.276708383,-0.061086524,1756823239
-4.125226162,-1.100698396,2.646461796,-0.810007306,1.017701504,-0.217468025,1756823239
-4.053441484,-0.445065004,1.966900177,-0.547335271,0.729373112,-0.405614518,1756823239
-3.933800354,0.143569356,1.366301705,-0.322536846,0.443488163,-0.524122392,1756823239
-3.842873096,0.629312344,1.026520895,-0.108734012,0.156381501,-0.676838666,1756823239
-3.634697529,1.162911784,0.70827549,0.119729587,-0.089186325,-0.810007306,1756823239
-3.153740187,1.715653804,0.241675083,0.30054568,-0.372627795,-0.824668072,1756823239
-2.493321149,2.373680019,0.021535403,0.543670062,-0.693942876,-0.868650369,1756823239
-1.78504566,2.883351233,0.600598473,0.691499432,-0.990823416,-0.849102716,1756823239
-1.143769203,3.505485109,2.09850542,0.906523996,-1.199739293,-0.751364226,1756823239
-0.512064036,4.225724712,4.596612215,1.027475313,-1.328020958,-0.728151381,1756823239
-0.138783711,5.02492746,7.47278498,0.999375495,-1.296255983,-0.62186083,1756823239
0.035892339,5.781059402,10.01396258,0.951728024,-1.099557429,-0.448375102,1756823239
-0.11964113,6.032305775,12.29671534,0.81367248,-0.781907487,-0.273667627,1756823239
-1.016949605,5.766702466,13.91665624,0.62308256,-0.375071256,-0.221133216,1756823239
-1.239482107,5.465206818,14.76850109,0.497244304,-0.046425758,-0.34086282,1756823239
-0.801595571,5.350351334,15.605989,0.35796703,0.412944901,0.134390352,1756823239
-3.306880833,4.079762533,17.98924031,0.040317106,0.888198039,0.150272849,1756823239
-4.366901245,0.397208552,19.27657887,0.048869219,1.365894708,-0.02443461,1756823239
-3.29491672,-2.790031152,21.34637041,0.630412908,1.62856669,0.034208453,1756823239
-3.909872128,-4.599005037,24.47378955,1.11055302,1.485624312,0.278554549,1756823239
-5.828915854,-5.864808193,25.31606311,0.918741301,1.067792436,-0.028099801,1756823239
-5.443671415,-5.032105928,22.12403776,0.65973444,0.100181899,-0.150272849,1756823239
-5.000999234,-4.926821733,18.07777474,0.184481302,-1.094670524,-0.356745317,1756823239
-3.823730515,-5.285745123,14.9288202,-0.196698607,-2.222327771,-0.428827397,1756823239
-1.990828403,-4.96032125,12.59821099,-0.471587964,-3.270572468,-0.500909513,1756823239
0.155533469,-3.373879866,10.47817017,-0.478918364,-4.15388362,-0.478918364,1756823239
2.225325018,-1.78504566,8.688338861,-0.419053553,-4.894252515,-0.570548115,1756823239
3.603590836,-2.933600508,7.714460062,-0.60231309,-5.329188268,-0.338419325,1756823239
4.194618018,-2.560320182,5.529813029,-1.001819026,-5.403713635,0.163711884,1756823239
4.589433747,-1.18684001,3.507877932,-1.054353401,-5.23633663,0.290771853,1756823239
5.029713105,-0.500099923,1.933400661,-0.83322022,-4.886921906,0.481361808,1756823239
5.400600608,0.399601374,0.734596538,-0.481361808,-4.382347149,0.50701813,1756823239
5.749952708,1.146162025,0.040677984,-0.12950343,-3.916867872,0.403171057,1756823239
5.589633594,1.227517994,-0.093320081,0.032986723,-3.281568129,0.460592372,1756823239
5.326423108,1.864008805,-0.390030084,0.083077672,-2.646268125,0.428827397,1756823239
5.065605444,2.055434613,-0.390030084,0.106290551,-2.004859764,0.25534167,1756823239
4.771288264,1.517049528,-0.078963146,0.070860368,-1.309695088,0.130725161,1756823239
4.543970117,1.043270654,0.222532502,-0.013439035,-0.48747046,0.029321531,1756823239
4.402793584,0.433100891,0.571884601,0.014660766,0.362853969,-0.117286126,1756823239
4.419543342,-1.258624688,1.239482107,-0.032986723,1.175304648,-0.197920337,1756823239
4.469792617,-2.708675183,1.840080579,-0.069638637,1.925447231,-0.321315115,1756823239
4.599005037,-3.83808745,2.835494781,0.17837265,2.658485639,-0.356745317,1756823239
5.395814963,-4.735395925,4.728217458,0.682947354,3.172833925,-0.548556984,1756823239
6.812365942,-4.780859555,8.640482409,1.356120776,3.528357686,-0.649960648,1756823239
8.202595873,-3.314059301,15.82134303,1.931555848,3.820351182,-0.68050391,1756823239
9.056833541,-0.524028149,23.79422793,1.991420642,4.129449115,-0.591317568,1756823239
8.104490146,1.540977754,26.22055005,1.601688602,4.207639796,-0.382401639,1756823239
7.190431913,1.040877831,24.11247334,1.1398745,3.662747986,-0.061086524,1756823239
5.525027383,1.009771137,20.89412694,0.879645978,2.773328077,0.443488163,1756823239
3.280559785,-0.638883634,21.33201348,0.415388345,2.236988467,0.658512727,1756823239
2.301895341,-1.064806057,22.26282147,-0.301767445,1.86558242,0.845437472,1756823239
1.328016543,-1.892722677,21.37029864,-0.838107107,1.618792881,0.894306744,1756823239
0.48813581,-2.636890505,18.75255072,-1.170417761,1.464854841,0.930958623,1756823239
-0.36849468,-2.75174599,15.10588907,-1.328020958,1.293812522,0.933402084,1756823239
-1.868794451,-2.593819698,11.99282687,-1.335351446,1.247386834,0.874759004,1756823239
-2.620140747,-2.648854618,9.568897577,-1.463633128,1.241278216,0.516792009,1756823239
-3.093919622,-2.677568489,7.633104094,-1.428202962,1.247386834,0.273667627,1756823239
-3.433700431,-2.38325131,5.888736419,-1.32069061,1.233947729,0.111177473,1756823239
-3.505485109,-1.797009773,4.228117534,-1.11055302,1.202182736,-0.10384709,1756823239
-3.46002148,-1.107876864,3.022134944,-0.834441933,1.044579522,-0.273667627,1756823239
-3.450450189,-0.48813581,2.330609212,-0.58398715,0.824668072,-0.478918364,1756823239
-3.503092286,-0.045463629,1.828116466,-0.339641055,0.597426203,-0.647517118,1756823239
-3.500699464,0.36849468,1.296909849,-0.17837265,0.35918876,-0.797789984,1756823239
-3.292523898,0.870987426,0.634097989,-0.002443461,0.133168622,-0.87231556,1756823239
-2.892922523,1.514656706,-0.090927259,0.234572251,-0.211359372,-0.896750187,1756823239
-2.407179536,2.330609212,-0.437886536,0.376292969,-0.54611354,-0.850324429,1756823239
-1.866401628,3.062812928,-0.141176533,0.488692191,-0.907745709,-0.856433064,1756823239
-1.239482107,3.945764467,0.916451056,0.527787566,-1.209513224,-0.772133696,1756823239
-0.634097989,4.737788748,2.847458894,0.612086969,-1.4172073,-0.614530412,1756823239
-0.050249275,5.651846981,5.422136012,0.652404092,-1.444085388,-0.481361808,1756823239
0.205782744,6.257231099,8.283951841,0.669508319,-1.342681794,-0.41050144,1756823239
-0.421136778,6.372086584,10.35374339,0.626747734,-0.979827825,-0.566882941,1756823239
0.418743955,6.388836342,11.93779195,0.690277702,-0.766024991,-0.774577139,1756823239
1.931007838,6.364908116,13.75633713,0.803898671,-0.456927198,-0.191811685,1756823239
0.445065004,6.206981824,15.63709569,0.568104654,0.029321531,0.065973446,1756823239
-0.466600407,4.622933263,17.07996772,0.175929189,0.555887367,0.221133216,1756823239
-1.55533469,2.031506387,18.22612974,0,1.154535335,0.150272849,1756823239
-1.825723644,-1.459621786,20.26002895,0.248011287,1.727526946,0.079412481,1756823239
-0.909272588,-4.912464798,23.3778768,0.875980734,1.976759946,-0.031764992,1756823239
-0.4235296,-4.223331889,25.18206504,1.543045662,1.716531284,0.257785131,1756823239
-3.089133977,-4.280759631,24.9547469,1.295034253,1.431868136,0.489913921,1756823239
-3.993620919,-4.539184472,21.513868,0.686612528,0.35918876,0.004886922,1756823239
-4.051048662,-5.216353268,17.7762791,0.139277274,-0.724486138,-0.219911486,1756823240
-3.084348331,-5.517848916,14.70389488,-0.388510291,-1.821600193,-0.293215297,1756823240
-1.641476304,-5.474778109,12.65803155,-0.658512727,-2.786767182,-0.332310707,1756823240
0.244067905,-3.689732449,10.55952613,-0.615752143,-3.589444209,-0.432492606,1756823240
2.175075743,-2.237289131,9.068797654,-0.452040276,-4.249178719,-0.471587964,1756823240
3.462414302,-1.899901144,7.944171032,-0.425162223,-4.674340925,-0.43615778,1756823240
4.223331889,-1.895115499,6.360122471,-0.706160198,-4.775744519,-0.180816111,1756823240
4.699503586,-1.210768236,4.49132802,-0.869872099,-4.670675349,0.036651914,1756823240
5.046462863,-0.756131942,2.945564621,-0.886976326,-4.311486834,0.241902634,1756823240
5.27378101,0.014356936,1.634297836,-0.790459636,-3.809355538,0.353080108,1756823240
5.541777142,0.29431718,0.899701298,-0.605978334,-3.280346277,0.452040276,1756823240
5.441278592,0.612562586,0.452243471,-0.477696634,-2.640159629,0.526565835,1756823240
5.206781978,1.100698396,0.076570323,-0.367740873,-2.025629095,0.48747046,1756823240
4.950749959,1.335195011,-0.107677017,-0.299323967,-1.418429031,0.401949344,1756823240
4.589433747,1.263410333,-0.098105727,-0.293215297,-0.786794462,0.355523586,1756823240
4.256831405,1.050449121,0.117248307,-0.263893783,-0.118507856,0.251676478,1756823240
3.988835274,0.512064036,0.466600407,-0.238237443,0.586430594,0.120951317,1756823240
3.845265918,-0.689132909,1.052841944,-0.174707458,1.24494339,0.040317106,1756823240
3.778266885,-2.167897276,1.672582997,-0.186924763,1.896125682,-0.069638637,1756823240
3.723231966,-3.366701398,2.45742881,0.010995574,2.463008553,-0.106290551,1756823240
4.041477371,-4.290330922,3.622733416,0.387288578,2.878396967,-0.237015712,1756823240
4.744967216,-4.85025141,5.986842145,0.907745709,3.127629967,-0.443488163,1756823240
5.941378516,-4.443471568,10.40159984,1.516167574,3.277902833,-0.594982742,1756823240
6.80997312,-2.656033086,16.80000747,1.954768762,3.466049292,-0.635299883,1756823240
6.900900378,-0.038285162,23.03570317,1.995085833,3.674965238,-0.54611354,1756823240
6.419943036,1.591227029,24.0239389,1.655444761,3.539353068,-0.266337244,1756823240
5.793023515,1.26101751,22.27239276,1.341460081,2.913827134,0.166155345,1756823240
4.206582131,0.770488877,20.86541307,0.978606112,2.197893127,0.658512727,1756823240
2.411965181,-0.622133876,21.1118738,0.351858377,1.813047975,0.747699052,1756823240
1.536192109,-1.234696462,21.54736751,-0.283441471,1.624901499,0.855211333,1756823240
0.684347264,-1.921436548,20.4873471,-0.767246722,1.510058816,0.828333246,1756823240
-0.189032985,-2.51246373,17.94377668,-0.995710321,1.408655222,0.777020583,1756823240
-0.904486943,-2.801995265,14.7278231,-1.159422222,1.277930096,0.714712346,1756823240
-2.215753728,-3.136990429,12.16032445,-1.329242828,1.268156304,0.437379493,1756823240
-2.919243572,-3.077169864,9.927820967,-1.364672977,1.20584791,0.304210889,1756823240
-3.287738252,-2.68713978,8.027919823,-1.308473358,1.106887777,0.059864793,1756823240
-3.407379382,-2.27318147,6.376872229,-1.093448811,0.984714729,-0.135612083,1756823240
-3.505485109,-1.584048561,4.962714072,-0.869872099,0.821002898,-0.346971438,1756823240
-3.400200915,-0.849452023,4.134797453,-0.67928211,0.624304273,-0.559552576,1756823240
-3.383451156,-0.145962179,3.603590836,-0.422718727,0.400727579,-0.73792519,1756823240
-3.180061235,0.480957343,2.950350266,-0.243124365,0.15271631,-0.899193631,1756823240
-2.928814862,1.026520895,2.28275276,-0.029321531,-0.080634211,-1.078788028,1756823240
-2.548356069,1.629512191,1.567298803,0.175929189,-0.342084533,-1.07145761,1756823240
-2.127219291,2.275574293,0.859023313,0.384845083,-0.635299883,-1.106887777,1756823240
-1.509871061,2.873779943,0.428315245,0.568104654,-0.930958623,-1.099557429,1756823240
-0.859023313,3.546163093,0.540777908,0.708603641,-1.209513224,-0.96761052,1756823240
-0.270388954,4.010370678,1.495514125,0.758694643,-1.408655222,-0.862541681,1756823240
0.095712904,4.673182538,3.194418171,0.725707938,-1.450194006,-0.631634639,1756823240
0.612562586,5.347958511,5.419743189,0.525344105,-1.347568698,-0.442266432,1756823240
0.894915652,5.659025449,7.365107963,0.332310707,-1.105666046,-0.197920337,1756823240
0.945164927,5.589633594,8.85344362,0.224798408,-0.733038286,-0.02565634,1756823240
0.430708068,5.441278592,10.34895774,0.141720735,-0.284663184,-0.070860368,1756823240
0.641276457,5.15413988,12.72981623,0.277332818,-0.013439035,-0.237015712,1756823240
1.593619852,5.843272789,14.73739439,0.399505848,0.422718727,0.322536846,1756823240
0.634097989,5.357529801,16.4530482,0.356745317,0.87109383,0.193033415,1756823240
-0.512064036,2.921636395,17.13021699,0.382401639,1.408655222,0.056199602,1756823240
-0.926022346,-0.78245299,19.21436548,0.73670346,2.003638034,-0.145385927,1756823240
-0.765703232,-3.81894487,23.13620172,1.249830295,2.392148238,-0.218689755,1756823240
-1.42612227,-4.73061028,24.83271294,1.556484627,2.459343519,-0.131946891,1756823240
-1.663011707,-3.242274623,24.49771778,1.516167574,1.877799672,0.190589954,1756823240
-3.785445353,-3.34995164,22.54996018,0.95661498,1.053131671,0.411723171,1756823240
-4.989035121,-5.560919722,19.3651133,0.042760567,-0.085521133,-0.119729587,1756823240
-4.441078746,-7.226324252,16.17069513,-0.560774306,-1.306029914,-0.296880506,1756823240
-3.086741154,-7.716852885,13.74198019,-0.978606112,-2.350609314,-0.403171057,1756823240
-1.332802188,-7.104290299,11.88275703,-0.985936529,-3.232698858,-0.43493605,1756823240
0.363709035,-6.061019646,10.49013428,-0.952949737,-3.888768071,-0.467922755,1756823240
1.976471468,-4.290330922,8.84387233,-0.908967509,-4.318817182,-0.454483755,1756823240
3.237488978,-2.356930261,7.06839796,-0.702495024,-4.579045564,-0.43004911,1756823240
4.082155356,-0.744167829,5.584847948,-0.570548115,-4.602258739,-0.355523586,1756823240
4.632504554,0.452243471,4.663611247,-0.415388345,-4.415333872,-0.245567826,1756823240
5.07996238,1.203589768,3.692125272,-0.362853969,-3.996280406,-0.12950343,1756823240
5.400600608,1.627119368,2.758924458,-0.318871654,-3.486818762,-0.014660766,1756823240
5.580062303,1.990828403,1.880758564,-0.30054568,-2.856405924,0.072082098,1756823240
5.644668513,2.057827436,1.330409366,-0.266337244,-2.300518452,0.090408055,1756823240
5.486742222,1.73001074,1.026520895,-0.211359372,-1.740965929,0.079412481,1756823240
5.146961413,1.459621786,0.648454925,-0.299323967,-1.1484267,0.150272849,1756823240
4.618147618,1.220339526,0.227318147,-0.408057962,-0.557109097,0.272445896,1756823240
4.007977855,1.313659607,-0.179461695,-0.520457183,0,0.326202055,1756823240
3.424129141,1.354337592,-0.29431718,-0.609643508,0.585208881,0.378736465,1756823240
2.974278492,1.313659607,-0.270388954,-0.604756621,1.126435517,0.326202055,1756823240
2.624926392,0.952343395,0.069391855,-0.49357913,1.612684264,0.228463599,1756823240
2.510070907,0.284745889,0.748953474,-0.250454748,2.035403026,0.036651914,1756823240
2.596212521,-0.492921456,1.792224127,0.138055544,2.381152576,-0.164933614,1756823240
3.091526799,-1.313659607,3.854837209,0.568104654,2.624277081,-0.367740873,1756823240
3.814159224,-2.297109696,7.539784013,0.979827825,2.708576501,-0.481361808,1756823240
4.503292133,-2.371287197,13.35434293,1.236391172,2.825862662,-0.579100246,1756823240
5.048855686,-1.289731381,20.02792516,1.229060824,3.00545692,-0.543670062,1756823240
5.596812061,-0.327816696,23.11227349,1.257160643,3.172833925,-0.543670062,1756823240
5.257031252,-0.179461695,22.78924244,1.262047547,3.025004782,-0.218689755,1756823240
5.163711171,0.153140646,21.77468566,1.265712721,2.439795639,0.240680904,1756823240
2.928814862,-0.17467605,20.41556242,1.121548612,1.77028746,0.510683339,1756823240
1.347159124,-0.58863436,21.4612259,0.714712346,1.451415876,0.630412908,1756823240
0.684347264,-0.583848714,22.02353921,0.083077672,1.336573176,0.530231009,1756823240
0.095712904,-1.330409366,20.30788541,-0.415388345,1.313360262,0.538783158,1756823240
-0.693918554,-2.230110663,17.68535184,-0.692721163,1.310916819,0.560774306,1756823240
-1.519442351,-2.63210486,15.05324698,-0.868650369,1.291369079,0.486248747,1756823240
-2.38325131,-2.529213488,12.94277744,-0.968832233,1.251052008,0.477696634,1756823240
-3.014956476,-2.423929294,11.37308582,-1.081231489,1.209513224,0.323758559,1756823240
-3.527020512,-2.222932195,9.872786048,-1.084896663,1.115439925,0.240680904,1756823240
-3.890729548,-1.701296869,8.228916921,-1.007927643,0.952949737,0.036651914,1756823240
-4.000799387,-1.225125171,6.415157391,-0.830776689,0.715934059,-0.147829388,1756823240
-3.938586,-0.648454925,5.008177702,-0.586430594,0.428827397,-0.322536846,1756823240
-3.792623821,-0.05503492,4.208974953,-0.335975881,0.111177473,-0.43493605,1756823240
-3.464807125,0.411565487,3.701696562,-0.151494579,-0.207694181,-0.526565835,1756823240
-3.146561719,0.916451056,3.180061235,0.002443461,-0.455705485,-0.65973444,1756823240
-2.746960345,1.270588801,2.414358003,0.189368224,-0.687834258,-0.65973444,1756823240
-2.344966148,1.715653804,1.469193076,0.378736465,-0.943175945,-0.68050391,1756823240
-1.91425808,2.222932195,0.736989361,0.605978334,-1.194852388,-0.676838666,1756823240
-1.416550979,2.703889538,0.593420005,0.774577139,-1.413542126,-0.663399614,1756823240
-0.863808959,3.390629624,1.033699363,0.915076127,-1.539380348,-0.601091377,1756823240
-0.282353067,4.345365842,2.261217357,0.926071719,-1.640784065,-0.477696634,1756823240
0.279960244,5.120640364,3.814159224,0.838107107,-1.613905977,-0.392175465,1756823240
0.904486943,5.723631659,5.2091748,0.663399614,-1.549154279,-0.289550123,1756823240
1.42612227,5.974878032,6.702296103,0.50701813,-1.370781612,-0.190589954,1756823240
1.416550979,4.766502619,8.946763701,0.312763002,-1.078788028,-0.084299403,1756823240
1.926222193,5.326423108,10.85384331,0.17837265,-0.73670346,-0.135612083,1756823240
2.050648968,4.256831405,14.21815189,0.163711884,-0.329867229,-0.180816111,1756823240
2.615355102,4.089333823,16.40997739,0.109955743,0.257785131,0.353080108,1756823240
1.550549045,3.11066938,17.91745563,-0.036651914,0.869872099,0.304210889,1756823240
0.770488877,0.509671214,18.94636935,0.028099801,1.533271713,0.168598806,1756823240
0.83748791,-2.478964214,20.67638009,0.502131226,2.029294269,0.083077672,1756823240
0.272781776,-3.69930374,23.23191462,1.104444333,2.174680213,0.125838239,1756823240
-0.940379282,-2.897708169,24.32304173,1.216843572,1.90467776,0.17837265,1756823240
-1.90468679,-1.916650903,22.40639083,0.919963031,1.235169459,0.283441471,1756823240
-2.866601475,-1.557727513,19.65225201,0.437379493,0.235793982,0.219911486,1756823240
-2.787638329,-1.392622753,16.89572038,-0.194255146,-0.875980734,0.199142068,1756823241
-1.562513158,-2.323430745,15.2039948,-0.689055989,-1.907121221,0.287106679,1756823241
-0.495314278,-4.091726646,13.91904906,-1.130100691,-2.521651633,0.428827397,1756823241
0.684347264,-4.974678185,12.14118187,-1.390329352,-3.097086705,-0.020769418,1756823241
2.21814655,-4.642075844,9.918249677,-1.314581993,-3.467271162,-0.10384709,1756823241
3.47916406,-3.450450189,7.441678286,-1.160643953,-3.676187091,-0.107512282,1756823241
4.204189308,-2.167897276,5.592026416,-0.957836711,-3.65541762,0.007330383,1756823241
4.73061028,-0.844666378,4.311866325,-0.668286588,-3.409849672,0.130725161,1756823241
5.036891573,0.205782744,3.026920589,-0.452040276,-3.031113277,0.267558974,1756823241
5.185246574,0.8470592,2.165504453,-0.237015712,-2.510656234,0.368962586,1756823241
5.204389155,1.165304606,1.670190175,-0.130725161,-1.94255151,0.482583538,1756823241
5.173282461,1.392622753,1.320838075,-0.02687807,-1.386664038,0.496022573,1756823241
4.967499718,1.258624688,1.127019445,-0.031764992,-0.897971918,0.505796417,1756823241
4.670789715,1.191625655,0.844666378,-0.039095375,-0.388510291,0.459370659,1756823241
4.247260115,1.462014609,0.401994197,-0.042760567,0.081855942,0.461814103,1756823241
3.70887503,1.56490598,0.205782744,-0.094073247,0.588874125,0.43493605,1756823241
3.129811961,1.337587833,0.203389921,-0.199142068,1.112996464,0.51190507,1756823241
2.591426876,0.976271621,0.330209519,-0.283441471,1.624901499,0.486248747,1756823241
2.21814655,0.574277424,0.703489844,-0.164933614,2.086715619,0.421497014,1756823241
2.02432792,-0.090927259,1.430907915,0.113620934,2.466673867,0.35918876,1756823241
2.124826469,-0.777667345,2.99102825,0.590095838,2.785545591,0.252898209,1756823241
2.404786713,-0.973878798,6.39601481,0.998153782,2.995683111,0.208915911,1756823241
2.612962279,-0.308674115,11.78704413,1.226617381,3.170390482,0.069638637,1756823241
2.682354135,1.521835174,18.20937999,1.048244766,3.422067187,0.05009095,1756823241
2.541177601,2.677568489,22.16471574,0.729373112,3.659082672,-0.059864793,1756823241
1.964507355,2.26361018,22.43271188,0.514348513,3.676187091,0.15393804,1756823241
1.194018477,2.053041791,22.22932195,0.395840674,3.373197915,0.414166631,1756823241
0.631705166,1.25144622,19.74796492,0.348193203,2.552194895,0.816115923,1756823241
-1.366301705,0.366101858,18.29312878,0.382401639,1.832595715,0.962723615,1756823241
-2.225325018,0.241675083,20.18106581,0.144164196,1.390329352,0.982271286,1756823241
-2.541177601,-0.232103792,20.4658117,-0.290771853,1.174082935,0.891863213,1756823241
-2.493321149,-1.507478238,18.47737612,-0.596204472,1.015257991,0.861319951,1756823241
-2.56749865,-2.976671314,15.65863109,-0.791681366,0.846659185,0.834441933,1756823241
-3.369094221,-4.07736971,13.06002575,-0.970054033,0.729373112,0.73670346,1756823241
-3.361915753,-4.170689792,10.95912751,-1.011592817,0.667064858,0.627969465,1756823241
-3.536591803,-3.627519062,9.310472737,-1.036027461,0.580321976,0.492357365,1756823241
-3.438486076,-2.813959378,7.788637563,-0.962723615,0.481361808,0.257785131,1756823241
-3.522234867,-1.957328887,6.228517228,-0.801455158,0.390953752,0.116064395,1756823241
-3.270988494,-1.162911784,4.881358104,-0.642630231,0.251676478,-0.05131268,1756823241
-3.029313412,-0.425922423,3.761517127,-0.427605667,0.05131268,-0.211359372,1756823241
-2.794816797,0.088534436,2.952743088,-0.201585529,-0.167377075,-0.367740873,1756823241
-2.543570424,0.514456859,2.388036955,0.048869219,-0.376292969,-0.475253155,1756823241
-2.316252277,0.90209412,1.686939933,0.348193203,-0.592539299,-0.540004888,1756823241
-1.974078645,1.330409366,0.770488877,0.626747734,-0.81489421,-0.627969465,1756823241
-1.646261949,1.942971951,0.150747824,0.91018924,-1.018923235,-0.686612528,1756823241
-1.172483074,2.340180503,0.576670247,1.141096213,-1.210734954,-0.665843145,1756823241
-0.648454925,2.900100991,1.962114532,1.282817,-1.255938912,-0.649960648,1756823241
-0.088534436,3.689732449,4.046263017,1.238834755,-1.174082935,-0.561996037,1756823241
0.306281293,4.244867292,6.168696663,1.014036261,-0.981049555,-0.483805251,1756823241
0.583848714,4.342973019,8.044669581,0.609643508,-0.684169084,-0.321315115,1756823241
0.729810893,4.00319221,9.781858789,0.221133216,-0.389732022,-0.151494579,1756823241
0.591027182,3.656232933,11.72004509,0.006108652,-0.109955743,0.072082098,1756823241
0.301495648,3.117847848,13.933406,0.02687807,0.219911486,0.249233017,1756823241
-0.41395831,2.543570424,15.18485222,0.098960169,0.538783158,0.30054568,1756823241
-2.105683888,2.100898243,16.99143328,0.169820536,0.992045147,0.232128791,1756823241
-3.431307608,0.646062102,19.38425588,0.164933614,1.506393642,0.003665191,1756823241
-4.074976888,-2.285145583,20.72184372,0.56443948,1.897347412,-0.035430184,1756823241
-4.476971085,-3.859622854,22.8586343,1.126435517,1.982868581,-0.07696902,1756823241
-5.218746091,-2.952743088,24.02633173,1.238834755,1.593136524,-0.131946891,1756823241
-5.769095289,-2.165504453,23.11227349,0.970054033,0.663399614,-0.155159771,1756823241
-5.886343596,-2.309073809,20.55195331,0.332310707,-0.56321775,-0.28221974,1756823241
-4.996213589,-2.868994297,17.62074563,-0.243124365,-1.854586898,-0.318871654,1756823241
-3.316452124,-3.251845913,15.02214028,-0.673173492,-2.965139849,-0.346971438,1756823241
-1.330409366,-3.333201882,12.71067365,-0.913854414,-3.835011896,-0.360410491,1756823241
0.624526699,-2.830709136,10.46859887,-1.054353401,-4.466646587,-0.295658793,1756823241
2.246860421,-2.287538406,8.348558051,-1.098335698,-4.886921906,-0.246789556,1756823241
3.457628657,-1.557727513,6.326622954,-1.064127262,-5.130046148,-0.061086524,1756823241
4.268795518,-0.775274522,4.644468667,-0.989601703,-5.114163582,0.117286126,1756823241
4.831108829,-0.052642097,2.868994297,-0.899193631,-4.825835382,0.335975881,1756823241
5.185246574,0.48813581,1.383051463,-0.704938467,-4.362799549,0.575435072,1756823241
5.436492947,0.679561618,0.35892339,-0.553443888,-3.799581729,0.711047172,1756823241
5.469992464,0.823130974,-0.279960244,-0.394618961,-3.235142319,0.810007306,1756823241
5.304887704,0.96670033,-0.720239603,-0.211359372,-2.663372543,0.853989603,1756823241
4.934000201,1.265803155,-1.074377347,-0.15393804,-2.024407364,0.828333246,1756823241
4.453042859,1.629512191,-1.198804123,-0.095294977,-1.386664038,0.808785575,1756823241
3.955335758,2.019542274,-0.976271621,-0.112399204,-0.697608119,0.627969465,1756823241
3.52462769,2.21814655,-0.53359944,-0.095294977,0.064751715,0.458148929,1756823241
3.326023414,1.995614048,0.095712904,0.02687807,0.784350948,0.30054568,1756823241
3.115455025,1.526620819,0.897308475,0.248011287,1.527163095,-0.028099801,1756823241
3.072384218,0.904486943,1.926222193,0.681725623,2.13436316,-0.172263997,1756823241
3.354737285,0.387637261,3.71844632,1.056796845,2.635272725,-0.423940493,1756823241
3.919443419,0.433100891,7.491927561,1.477072094,2.999348424,-0.612086969,1756823241
4.534398827,1.526620819,14.01715479,1.519832748,3.28278972,-0.747699052,1756823241
4.788038023,3.512663577,21.78425695,1.20706978,3.78125572,-0.739146903,1756823241
4.677968183,3.555734384,23.55494567,0.745255608,4.091575243,-0.786794462,1756823241
4.053441484,2.677568489,22.94716873,0.566882941,3.979176249,-0.425162223,1756823241
3.972085516,1.749153321,22.48296115,0.432492606,3.216816309,-0.175929189,1756823241
1.80418824,0.8470592,19.52782524,0.735481729,2.213775553,0.069638637,1756823241
-0.351744922,0.849452023,21.24108622,0.696386406,1.662775126,0.554665654,1756823241
-0.71784678,-0.583848714,22.33221333,0.257785131,1.204626197,0.401949344,1756823241
-0.861416136,-1.847259047,20.71945089,-0.245567826,0.856433064,0.460592372,1756823241
-0.631705166,-3.060420105,17.86242071,-0.579100246,0.496022573,0.444709893,1756823241
0.136390888,-3.663411401,15.18963786,-0.740368634,0.070860368,0.642630231,1756823241
-0.602991295,-3.316452124,12.36850002,-0.968832233,-0.046425758,0.838107107,1756823241
-1.057627589,-5.017748992,11.11466098,-1.208291494,-0.175929189,0.415388345,1756823241
-1.229910816,-4.130011808,9.501898545,-1.264490991,-0.131946891,0.277332818,1756823241
-1.337587833,-2.660818731,7.551748126,-1.202182736,-0.047647489,0.069638637,1756823241
-1.1964113,-1.280160091,5.845665612,-0.923628205,-0.02443461,-0.162490153,1756823241
-1.112662509,0.715453957,4.249652938,-0.480140077,-0.018325957,-0.471587964,1756823241
-0.878165894,0.100498549,4.0127635,-0.184481302,-0.056199602,-0.663399614,1756823241
-0.885344362,-0.696311377,2.979064137,-0.414166631,-0.040317106,-0.604756621,1756823241
-0.973878798,-0.148355001,1.639083481,-0.408057962,-0.114842665,-0.653625822,1756823241
-0.909272588,-0.203389921,0.830309442,-0.273667627,-0.250454748,-0.697608119,1756823241
-0.832702265,-0.031106694,0.050249275,-0.074525559,-0.348193203,-0.748920782,1756823241
-0.547956375,0.909272588,-0.586241537,0.208915911,-0.504574687,-0.767246722,1756823241
-0.24885355,1.115055332,-0.320638228,0.403171057,-0.652404092,-0.802676958,1756823241
0.270388954,1.940579129,0.342173632,0.510683339,-0.779464044,-0.73670346,1756823241
0.679561618,2.971885669,1.636690658,0.768468452,-0.781907487,-0.783129218,1756823241
1.215553881,3.519842045,3.747160192,0.933402084,-0.66095617,-0.761138104,1756823241
1.615155255,3.665804223,6.264409567,0.884532865,-0.421497014,-0.66095617,1756823241
1.842473402,3.127419138,8.642875231,0.502131226,-0.046425758,-0.522900626,1756823241
2.026720742,2.928814862,10.23170944,-0.013439035,0.353080108,-0.217468025,1756823241
2.055434613,2.715853651,12.73460188,-0.250454748,0.774577139,0.07574729,1756823241
1.811366708,2.311466632,15.45045553,-0.41783184,1.167974301,0.271224166,1756823241
1.18684001,1.952543242,16.94118401,-0.431270841,1.624901499,0.401949344,1756823241
-0.354137745,1.332802188,18.98944015,-0.477696634,2.145358682,0.355523586,1756823241
-2.02432792,-0.875773072,21.34637041,-0.266337244,2.758667381,0.323758559,1756823241
-2.677568489,-3.984049629,22.15514445,0.465479312,3.145955977,0.268780705,1756823241
-3.811766402,-4.761716974,22.92324051,0.998153782,2.966361719,0.268780705,1756823241
-5.266602543,-3.268595672,23.64587293,1.07145761,2.433687144,0.271224166,1756823241
-6.412764568,-2.610569457,22.31546357,0.590095838,1.453859319,0.180816111,1756823241
-6.93918554,-2.423929294,19.11386693,0.02687807,0.147829388,0.019547688,1756823241
-6.259623922,-2.845066071,15.58206077,-0.504574687,-1.10933129,-0.155159771,1756823241
-4.871786814,-3.141776074,13.19880946,-0.908967509,-2.199114858,-0.217468025,1756823241
-2.988635427,-3.232703333,11.26301598,-1.073901071,-3.087312896,-0.260228591,1756823241
-1.081555815,-2.864208652,9.186045961,-1.100779159,-3.738495205,-0.312763002,1756823242
0.720239603,-2.397608245,7.264609414,-1.091005281,-4.206417943,-0.246789556,1756823242
1.950150419,-1.713260982,5.462813996,-1.023810139,-4.513072153,-0.12950343,1756823242
2.787638329,-1.239482107,3.914657774,-1.014036261,-4.588819896,0.053756141,1756823242
3.397808092,-0.794417103,2.706282361,-0.894306744,-4.466646587,0.274889357,1756823242
3.897908015,-0.282353067,1.517049528,-0.788016192,-4.170987777,0.441044702,1756823242
4.24247447,0.045463629,0.564706134,-0.616973856,-3.80813393,0.574213359,1756823242
4.347758664,0.282353067,-0.133998066,-0.441044702,-3.343876244,0.682947354,1756823242
4.254438583,0.545563553,-0.581455892,-0.312763002,-2.819753905,0.662177901,1756823242
3.979263984,0.844666378,-0.839880733,-0.233350521,-2.243097224,0.669508319,1756823242
3.608376481,1.134197912,-0.839880733,-0.241902634,-1.667662153,0.620639099,1756823242
3.304488011,1.26101751,-0.576670247,-0.260228591,-1.000597295,0.519235452,1756823242
3.024527766,0.969093153,-0.181854518,-0.217468025,-0.356745317,0.333532438,1756823242
2.931207685,0.445065004,0.416351132,-0.069638637,0.337197611,0.118507856,1756823242
2.952743088,-0.447457826,1.239482107,0.302989176,0.987158242,-0.116064395,1756823242
3.189632526,-1.308873962,2.325823567,0.778242313,1.519832748,-0.406836231,1756823242
3.960121403,-1.986042758,4.378865358,1.30114301,1.90467776,-0.663399614,1756823242
5.14456859,-1.945364774,8.382057568,1.925447231,2.164906422,-0.849102716,1756823242
6.606583199,-0.579063069,15.4791694,2.414139544,2.495995276,-0.987158242,1756823242
7.489534738,1.976471468,23.96411834,2.452013153,2.946813839,-0.963945346,1756823242
7.109075945,2.967100024,26.0674094,1.846034697,3.248581424,-0.855211333,1756823242
6.647261183,4.120440517,24.63889431,1.393994526,3.012787268,-0.810007306,1756823242
6.089733517,2.998206718,21.67179429,1.125213786,2.151467317,-0.298102236,1756823242
4.010370678,1.347159124,20.30549258,0.943175945,1.642005795,0.257785131,1756823242
2.730210587,0.897308475,22.1383947,0.349414916,1.386664038,0.376292969,1756823242
2.536391956,-0.457029117,22.42074776,-0.237015712,1.287703905,0.364075699,1756823242
2.230110663,-2.074577194,19.87239169,-0.685390797,1.165530857,0.502131226,1756823242
1.55533469,-3.347558817,16.68275917,-0.919963031,1.066570723,0.569326385,1756823242
0.681954441,-4.007977855,13.47159124,-1.137431039,0.992045147,0.593761012,1756823242
-0.24885355,-3.862015676,10.73898783,-1.255938912,0.935845527,0.629191178,1756823242
-0.715453957,-2.883351233,8.736195313,-1.288925618,0.882089421,0.558330828,1756823242
-1.378265818,-1.892722677,7.111468767,-1.150870144,0.866206925,0.614530412,1756823242
-2.411965181,-2.014756629,5.462813996,-1.084896663,0.918741301,0.298102236,1756823242
-2.330609212,-1.78504566,4.036691726,-0.949284563,0.834441933,0.003665191,1756823242
-2.249253244,-1.258624688,2.770888571,-0.739146903,0.75747293,-0.106290551,1756823242
-2.289931228,-0.851844846,1.818545176,-0.570548115,0.605978334,-0.249233017,1756823242
-2.378465664,-0.746560651,1.313659607,-0.411723171,0.420275284,-0.283441471,1756823242
-2.569891472,-0.535992262,0.753739119,-0.234572251,0.245567826,-0.345749707,1756823242
-2.529213488,-0.227318147,0.138783711,-0.092851516,0.054977871,-0.415388345,1756823242
-2.378465664,0.224925324,-0.220139679,0.069638637,-0.135612083,-0.43004911,1756823242
-1.945364774,0.909272588,0.002392823,0.135612083,-0.387288578,-0.409279727,1756823242
-1.596012674,1.567298803,1.318445253,0.149051118,-0.542448332,-0.458148929,1756823242
-1.110269686,2.100898243,3.515056399,0.20525072,-0.632856352,-0.401949344,1756823242
-0.650847747,2.818745023,6.245266986,0.135612083,-0.638965057,-0.35796703,1756823242
-0.277567422,3.617947771,9.032905315,0.224798408,-0.552222158,-0.277332818,1756823242
-0.093320081,4.287938099,11.2869442,0.342084533,-0.409279727,-0.262672052,1756823242
-0.399601374,4.261617051,13.39741374,0.425162223,-0.234572251,-0.326202055,1756823242
-0.806381216,4.706682054,14.75175133,0.481361808,-0.053756141,-0.460592372,1756823242
-0.626919521,5.223531736,15.902699,0.557109097,0.142942466,-0.195476876,1756823242
-1.18684001,4.292723744,17.15414522,0.514348513,0.498466017,-0.161268423,1756823242
-1.950150419,1.397408398,18.70708709,0.704938467,0.906523996,-0.17959438,1756823242
-2.213360905,-1.091127106,19.89631992,1.177748232,1.286482174,-0.142942466,1756823242
-2.342573325,-2.445464697,21.78186413,1.519832748,1.326799245,-0.288328392,1756823242
-2.766102926,-1.679761465,23.51905334,1.452637589,1.010371087,-0.166155345,1756823242
-3.658625755,-1.909472435,23.66501551,1.038470905,0.438601224,-0.287106679,1756823242
-3.438486076,-1.981257113,20.72902218,0.488692191,-0.489913921,-0.353080108,1756823242
-2.890529701,-2.555534537,17.23310837,-0.068416907,-1.55159774,-0.367740873,1756823242
-1.574477271,-3.034099057,14.22054471,-0.485027017,-2.465452014,-0.395840674,1756823242
-0.093320081,-3.577269787,11.95693453,-0.849102716,-3.253468328,-0.276111088,1756823242
1.203589768,-3.840480273,9.707681288,-1.012814547,-3.832568435,-0.207694181,1756823242
2.500499617,-3.488735351,7.319644333,-1.042136079,-4.246735258,-0.274889357,1756823242
3.591626723,-2.947957443,5.462813996,-1.018923235,-4.473976935,-0.084299403,1756823242
4.290330922,-2.254038889,3.952942935,-0.916297857,-4.509407101,0.1282817,1756823242
4.766502619,-1.550549045,2.557927359,-0.81489421,-4.273613224,0.287106679,1756823242
4.993820766,-0.619741053,1.18684001,-0.598647916,-3.927863534,0.477696634,1756823242
5.233103026,-0.36849468,0.387637261,-0.392175465,-3.488040615,0.555887367,1756823242
5.204389155,-0.48813581,-0.028713871,-0.335975881,-3.000570015,0.646295405,1756823242
4.948357137,-0.059820565,-0.452243471,-0.252898209,-2.459343519,0.712268885,1756823242
4.560719876,0.282353067,-0.744167829,-0.30054568,-1.837482619,0.712268885,1756823242
4.118047695,0.545563553,-0.825523797,-0.343306264,-1.209513224,0.720820964,1756823242
3.756731482,0.46899323,-0.473778875,-0.394618961,-0.540004888,0.657290996,1756823242
3.488735351,0.062213388,0.100498549,-0.309097793,0.194255146,0.466701042,1756823242
3.335594704,-0.586241537,0.7728817,-0.096516708,0.896750187,0.310319558,1756823242
3.304488011,-1.390229931,1.598405497,0.327423768,1.539380348,-0.02443461,1756823242
3.457628657,-2.28275276,2.634497683,0.807563845,2.100154724,-0.246789556,1756823242
4.041477371,-2.842673249,4.333401729,1.354899046,2.552194895,-0.488692191,1756823242
5.149354235,-2.809173732,7.982456194,1.925447231,2.847853706,-0.752585956,1756823242
6.374479406,-1.363908882,14.06979689,2.459343519,3.0836476,-0.773355409,1756823242
6.692724812,1.79461695,22.30110663,2.339613915,3.343876244,-0.724486138,1756823242
5.85284408,3.151347364,25.77309222,1.710422667,3.541796529,-0.64018677,1756823242
5.496313512,3.632304707,23.95693987,1.214400128,3.249803015,-0.510683339,1756823242
8.640482409,4.41715052,20.94676904,1.117883438,2.184454162,0.106290551,1756823242
3.852444386,2.074577194,21.4085838,0.811229036,1.519832748,0.579100246,1756823242
2.646461796,0.969093153,23.15295148,0.167377075,1.231504285,0.616973856,1756823242
2.462214455,-0.069391855,22.64806591,-0.404392788,1.054353401,0.658512727,1756823242
2.270788647,-1.586441384,20.09013855,-0.79412481,0.912632683,0.681725623,1756823242
1.732403562,-2.677568489,16.88136344,-1.036027461,0.840550568,0.676838666,1756823242
1.064806057,-3.146561719,13.65105293,-1.175304648,0.763581548,0.663399614,1756823242
0.373280326,-2.825923491,10.96152033,-1.285260444,0.788016192,0.532674488,1756823242
-0.330209519,-2.344966148,9.099904348,-1.265712721,0.834441933,0.421497014,1756823242
-0.969093153,-1.411765334,7.429714173,-1.235169459,0.932180353,0.245567826,1756823242
-1.349551946,-1.406979689,5.91745029,-1.174082935,1.031140557,0.068416907,1756823242
-1.689332756,-1.277767268,4.338187374,-1.038470905,1.073901071,-0.131946891,1756823242
-1.873580096,-0.921236701,2.952743088,-0.92851518,1.037249174,-0.250454748,1756823242
-2.050648968,-0.631705166,1.861615983,-0.704938467,0.895528457,-0.386066848,1756823242
-2.160718808,-0.210568389,1.031306541,-0.477696634,0.728151381,-0.445931606,1756823242
-2.179861389,0.124426775,0.464207584,-0.210137642,0.571769828,-0.536339679,1756823242
-2.112862356,0.722632425,-0.098105727,0.067195176,0.362853969,-0.540004888,1756823242
-1.935793483,1.229910816,-0.521635327,0.211359372,0.162490153,-0.553443888,1756823242
-1.694118401,1.811366708,-0.471386052,0.283441471,-0.069638637,-0.499687747,1756823242
-1.375872995,2.404786713,0.442672181,0.260228591,-0.250454748,-0.485027017,1756823242
-0.870987426,2.943171798,2.266003002,0.233350521,-0.333532438,-0.455705485,1756823242
-0.382851616,3.450450189,4.797609313,0.250454748,-0.355523586,-0.370184317,1756823242
0.00957129,3.974478339,7.539784013,0.332310707,-0.293215297,-0.305432619,1756823242
0.301495648,4.584648102,10.23649508,0.547335271,-0.151494579,-0.22968533,1756823242
0.466600407,5.077569557,12.4402847,0.7550294,0.041538836,-0.162490153,1756823242
0.150747824,5.156532703,14.43829157,0.884532865,0.251676478,-0.089186325,1756823242
-0.337387987,4.438685923,16.13001715,0.730594842,0.485027017,-0.07696902,1756823242
-1.148554848,3.821337692,17.19003756,0.455705485,0.95661498,0.079412481,1756823242
-2.452643165,1.694118401,18.10409579,0.290771853,1.544267375,0.290771853,1756823242
-3.668197046,-1.253839042,19.02293967,0.472809694,2.053728896,0.290771853,1756823242
-3.321237769,-3.737588901,20.49691839,0.955393267,2.186897605,0.252898209,1756823242
-2.426322116,-2.983849782,22.5619243,1.404990048,1.687209753,0.497244304,1756823242
-4.567898343,-2.737389054,24.17707955,1.161865683,1.274264922,0.687834258,1756823242
-5.235495849,-3.134597606,21.81297082,0.613308682,0.274889357,-0.05253441,1756823242
-5.175675284,-4.005585032,18.43669813,0.042760567,-0.684169084,-0.092851516,1756823242
-4.163511324,-4.89571504,15.30927899,-0.499687747,-1.709200936,-0.354301821,1756823242
-2.220539373,-4.543970117,12.76810139,-0.788016192,-2.667037595,-0.41050144,1756823242
-0.416351132,-4.445864391,10.88734283,-1.014036261,-3.452610448,-0.387288578,1756823242
1.237089284,-3.761517127,8.836693862,-1.060462019,-4.085466748,-0.272445896,1756823242
2.553141714,-3.031706234,6.664010941,-1.034805731,-4.49963331,-0.10262536,1756823242
3.445664544,-2.313859454,4.912464798,-0.978606112,-4.741536206,0.058643063,1756823242
4.039084549,-1.404586866,3.354737285,-0.840550568,-4.743979405,0.261450322,1756823242
4.61096915,0.282353067,1.713260982,-0.576656802,-4.516737728,0.329867229,1756823242
4.926821733,0.157926292,0.842273555,-0.378736465,-4.157548933,0.474031425,1756823242
5.146961413,1.30648114,0.047856452,-0.141720735,-3.698178135,0.519235452,1756823243
5.221138913,0.734596538,0.124426775,-0.12950343,-3.200933743,0.431270841,1756823243
4.991427944,1.246660575,-0.299102825,-0.184481302,-2.552194895,0.535117949,1756823243
4.713860522,1.234696462,-0.449850649,-0.371406082,-1.870469324,0.555887367,1756823243
4.441078746,1.244267752,-0.344566454,-0.411723171,-1.161865683,0.384845083,1756823243
4.295116567,0.758524764,0.081355968,-0.438601224,-0.415388345,0.298102236,1756823243
4.158725679,-0.011964113,0.72741807,-0.296880506,0.432492606,0.147829388,1756823243
4.134797453,-1.170090251,1.466800254,-0.031764992,1.233947729,0.008552113,1756823243
4.108476404,-2.120040824,2.478964214,0.345749707,1.912008248,-0.213802833,1756823243
4.450650036,-2.890529701,3.905086483,0.866206925,2.427578387,-0.409279727,1756823243
5.31924464,-3.247060268,6.597011908,1.49295466,2.839301505,-0.592539299,1756823243
6.577869327,-2.368894374,11.64347477,2.117258881,3.116634567,-0.785572661,1756823243
6.807580297,-0.002392823,18.60898136,2.343278966,3.4367279,-0.818559454,1756823243
6.453442552,2.947957443,23.90429777,1.94255151,3.729943267,-0.64018677,1756823243
5.410171899,3.275774139,23.84208439,1.396437969,3.64686542,-0.533896218,1756823243
5.453242705,3.038884702,21.39661969,1.006705913,2.913827134,-0.243124365,1756823243
3.663411401,1.990828403,20.27438589,0.899193631,1.996307546,-0.021991149,1756823243
2.194218324,1.107876864,21.89432679,0.566882941,1.56992361,0.519235452,1756823243
1.73958203,0.447457826,22.53321042,-0.063529985,1.299921279,0.577878533,1756823243
1.469193076,-0.954736217,20.57827436,-0.483805251,1.028697044,0.560774306,1756823243
1.117448154,-2.105683888,17.39821312,-0.770911896,0.790459636,0.687834258,1756823243
0.547956375,-2.790031152,14.14636721,-0.943175945,0.597426203,0.662177901,1756823243
0.028713871,-2.782852684,11.57886856,-1.032362287,0.469144485,0.613308682,1756823243
-0.390030084,-1.808973886,9.370293302,-1.083674933,0.422718727,0.437379493,1756823243
-0.894915652,-1.210768236,7.609175868,-0.974940938,0.461814103,0.271224166,1756823243
-1.222732349,-1.150947671,6.061019646,-0.952949737,0.542448332,0.053756141,1756823243
-1.390229931,-1.30648114,4.61096915,-0.943175945,0.587652324,-0.149051118,1756823243
-1.696511223,-1.136590735,3.215953574,-0.844215742,0.62308256,-0.327423768,1756823243
-1.677368643,-0.935593637,2.356930261,-0.695164676,0.609643508,-0.41050144,1756823243
-1.775474369,-0.555134843,1.758724611,-0.469144485,0.551000445,-0.49357913,1756823243
-1.866401628,-0.270388954,1.112662509,-0.200363798,0.463035868,-0.533896218,1756823243
-1.842473402,0.035892339,0.356530567,-0.056199602,0.367740873,-0.494800843,1756823243
-1.694118401,0.617348231,-0.18424734,0.116064395,0.182037841,-0.483805251,1756823243
-1.349551946,1.253839042,0.038285162,0.200363798,0.002443461,-0.461814103,1756823243
-1.043270654,1.864008805,1.462014609,0.2565634,-0.107512282,-0.393397231,1756823243
-0.614955408,2.529213488,3.716053498,0.30665435,-0.136833813,-0.353080108,1756823243
-0.22971097,3.354737285,6.465406665,0.353080108,-0.12950343,-0.337197611,1756823243
-0.071784678,4.055834307,9.090333057,0.444709893,-0.07696902,-0.390953752,1756823243
-0.165104759,4.476971085,11.73200921,0.481361808,0.047647489,-0.459370659,1756823243
0.557527666,5.950949806,13.69173092,0.605978334,0.15393804,-0.317649941,1756823243
-0.186640163,6.431907149,15.6490598,0.574213359,0.312763002,-0.211359372,1756823243
-0.667597505,6.546762634,16.89093473,0.43615778,0.587652324,-0.083077672,1756823243
-1.213161058,5.07996238,17.7451724,0.316428176,0.893084943,-0.080634211,1756823243
-1.861615983,2.27318147,18.02513265,0.455705485,1.233947729,-0.05009095,1756823243
-2.134397759,-0.866201781,18.26920055,0.823446341,1.408655222,-0.053756141,1756823243
-2.620140747,-2.158325985,19.22393677,0.989601703,1.326799245,-0.145385927,1756823243
-2.801995265,-1.351944769,20.82712791,0.995710321,0.968832233,-0.123394778,1756823243
-3.249453091,-1.531406464,21.32483501,0.706160198,0.404392788,-0.108734012,1756823243
-3.278166962,-2.103291065,19.54218217,0.191811685,-0.437379493,-0.164933614,1756823243
-2.493321149,-2.565105827,16.80479312,-0.186924763,-1.396437969,-0.239459173,1756823243
-3.05563446,-3.835694628,14.80917907,-0.592539299,-2.124589351,-0.299323967,1756823243
-0.299102825,-4.381258181,12.67956696,-0.941954215,-2.906496786,-0.526565835,1756823243
1.378265818,-4.113262049,10.53320509,-1.077566315,-3.43550603,-0.503352956,1756823243
2.847458894,-3.486342528,8.38445039,-1.187522041,-3.854559758,-0.3775147,1756823243
3.799802289,-2.648854618,6.235695696,-1.130100691,-4.089131782,-0.174707458,1756823243
4.29750939,-1.883151386,4.445864391,-1.007927643,-4.122118505,0.037873645,1756823243
4.694717941,-1.172483074,2.988635427,-0.875980734,-3.954741482,0.218689755,1756823243
4.886143749,-0.514456859,1.938186306,-0.626747734,-3.62853941,0.320093385,1756823243
5.194817865,0.11006984,1.165304606,-0.411723171,-3.254689919,0.313984732,1756823243
5.283352301,0.60777694,0.614955408,-0.320093385,-2.764776138,0.408057962,1756823243
4.979463831,0.839880733,0.177068872,-0.342084533,-2.185675875,0.469144485,1756823243
4.577469634,1.06719888,-0.167497582,-0.454483755,-1.539380348,0.508239896,1756823243
4.101297936,1.239482107,-0.311066938,-0.516792009,-0.894306744,0.502131226,1756823243
3.732803256,1.050449121,-0.136390888,-0.609643508,-0.160046692,0.441044702,1756823243
3.46959277,0.421136778,0.334995164,-0.598647916,0.498466017,0.313984732,1756823243
3.28534543,-0.473778875,1.060020412,-0.376292969,1.159422222,0.135612083,1756823243
3.139383251,-1.44526485,1.813759531,-0.042760567,1.780061269,0,1756823243
3.168097122,-2.51246373,2.919243572,0.452040276,2.236988467,-0.288328392,1756823243
3.517449222,-3.378665511,4.816751894,0.926071719,2.587625062,-0.469144485,1756823243
4.395615116,-3.40498656,7.903493048,1.596801698,2.808758243,-0.772133696,1756823243
5.161318348,-2.268395825,12.99781236,2.19300624,2.906496786,-0.889419769,1756823243
4.981856653,0.12921242,19.7455721,2.298074991,3.071430348,-0.846659185,1756823243
4.529613182,2.060220259,23.00938212,1.948660145,3.215594701,-0.764803278,1756823243
4.163511324,2.545963246,22.59303099,1.543045662,2.977357101,-0.43615778,1756823243
4.752145684,1.847259047,21.8632201,1.1398745,2.1734585,-0.113620934,1756823243
3.208775107,2.385644132,19.25982911,1.015257991,1.309695088,0.257785131,1756823243
1.636690658,1.284945736,21.08555275,0.525344105,1.077566315,0.437379493,1756823243
1.581655739,0.794417103,21.76032872,-0.138055544,1.066570723,0.405614518,1756823243
1.495514125,-0.658026215,20.04706774,-0.697608119,1.091005281,0.433714319,1756823243
1.253839042,-1.423729447,17.18046627,-0.938288971,1.056796845,0.419053553,1756823243
0.72741807,-2.330609212,14.49093367,-1.104444333,1.050688227,0.471587964,1756823243
0.256032018,-2.888136878,12.24885889,-1.269378017,1.02503187,0.496022573,1756823243
-0.3493521,-2.821137845,10.59063283,-1.35856422,1.012814547,0.525344105,1756823243
-0.973878798,-2.3928226,9.047262251,-1.3976597,0.988379973,0.489913921,1756823243
-1.868794451,-2.215753728,7.6019974,-1.334129715,1.044579522,0.313984732,1756823243
-2.127219291,-1.368694527,5.850451257,-1.193630658,0.972497477,0.065973446,1756823243
-2.299502519,-0.59820565,4.460221326,-0.990823416,0.862541681,-0.023212879,1756823243
-2.364108729,-0.050249275,3.232703333,-0.791681366,0.676838666,-0.158824962,1756823243
-2.433500584,0.265603309,2.397608245,-0.671951762,0.486248747,-0.234572251,1756823243
-2.488535504,0.53359944,1.78504566,-0.555887367,0.326202055,-0.260228591,1756823243
-2.50289244,0.722632425,1.227517994,-0.452040276,0.136833813,-0.401949344,1756823243
-2.467000101,0.820738152,0.519242504,-0.398284135,-0.030543262,-0.370184317,1756823243
-2.352144616,1.122233799,-0.323031051,-0.261450322,-0.234572251,-0.421497014,1756823243
-2.014756629,1.495514125,-0.856630491,-0.197920337,-0.477696634,-0.452040276,1756823243
-1.607976787,1.787438482,-0.392422906,-0.072082098,-0.711047172,-0.406836231,1756823243
-1.055234767,2.038684855,1.220339526,0.019547688,-0.85276789,-0.409279727,1756823243
-0.65324057,2.376072842,3.852444386,0.162490153,-0.884532865,-0.293215297,1756823243
-0.133998066,3.050848815,6.802794652,0.310319558,-0.857654777,-0.291993584,1756823243
0.098105727,3.986442452,9.714859756,0.452040276,-0.707381928,-0.185703032,1756823243
0.143569356,4.936393024,12.38046413,0.50701813,-0.450818546,-0.135612083,1756823243
-0.150747824,5.405386253,14.2085806,0.540004888,-0.167377075,-0.043982297,1756823243
-0.765703232,5.077569557,15.05085415,0.520457183,0.156381501,-0.004886922,1756823243
-1.588834206,4.137190275,15.55095408,0.527787566,0.531452775,-0.080634211,1756823243
-2.586641231,1.780260014,16.79522183,0.570548115,1.016479791,-0.184481302,1756823243
-3.483949706,0.083748791,17.98924031,1.058018575,1.468520015,-0.301767445,1756823243
-3.462414302,-2.14396905,19.07558177,1.535715174,1.593136524,-0.360410491,1756823243
-5.123033187,-3.531806158,21.33201348,1.622458055,1.43553331,-0.373849526,1756823243
-5.2091748,-2.517249375,22.82034914,1.334129715,0.906523996,-0.518013722,1756823243
-5.266602543,-2.840280426,22.09293107,0.827111515,-0.046425758,-0.454483755,1756823243
-4.771288264,-3.574876964,19.39382717,0.284663184,-1.248608564,-0.580321976,1756823243
-3.503092286,-4.340580196,16.93879119,-0.17837265,-2.426356796,-0.609643508,1756823243
-1.581655739,-4.520041891,14.97189101,-0.569326385,-3.437949491,-0.571769828,1756823243
0.612562586,-4.462614149,13.1389889,-0.846659185,-4.310265243,-0.530231009,1756823243
2.600998166,-3.787838176,10.95673469,-1.034805731,-4.976107969,-0.386066848,1756823243
3.804587934,-2.864208652,8.480163294,-1.081231489,-5.425704958,-0.291993584,1756823243
5.027320283,-1.505085415,5.907878999,-0.955393267,-5.650503453,-0.061086524,1756823243
5.481956577,-0.466600407,4.103690759,-0.778242313,-5.541769249,0.131946891,1756823243
5.934200048,0.524028149,2.459821633,-0.632856352,-5.125159244,0.372627795,1756823243
6.223731583,0.550349198,1.308873962,-0.615752143,-4.542394086,0.555887367,1756823243
6.305087551,0.768096055,0.449850649,-0.553443888,-3.891211515,0.702495024,1756823243
6.28594497,1.239482107,-0.270388954,-0.497244304,-3.227811954,0.682947354,1756823243
5.97248521,1.301695494,-0.698704199,-0.54611354,-2.484999876,0.714712346,1756823243
5.484349399,1.304088317,-1.124626622,-0.615752143,-1.720196476,0.726929668,1756823243
4.912464798,1.323230898,-1.356730414,-0.803898671,-0.922406475,0.785572661,1756823243
4.462614149,1.14137638,-1.385444285,-0.939510771,-0.109955743,0.691499432,1756823243
3.981656806,0.753739119,-1.019342428,-0.919963031,0.656069266,0.616973856,1756823244
3.682553981,0.198604276,-0.492921456,-0.675616936,1.372003342,0.366519143,1756823244
3.486342528,-0.870987426,0.361316213,-0.252898209,2.03784647,0.124616509,1756823244
3.381058334,-2.167897276,1.605583965,0.262672052,2.609616367,-0.149051118,1756823244
3.771088418,-2.883351233,3.361915753,0.880867691,2.985909319,-0.348193203,1756823244
4.654039957,-3.069991396,6.898507556,1.607797359,3.24491611,-0.609643508,1756823244
5.704489078,-1.885544209,13.4572343,2.343278966,3.434284439,-0.761138104,1756823244
6.017948839,0.954736217,22.48056833,2.430021848,3.731164857,-0.741590434,1756823244
5.879165128,3.302095188,26.43829691,1.912008248,3.964515291,-0.735481729,1756823244
4.934000201,3.017349299,24.84467706,1.375668516,3.692069377,-0.478918364,1756823244
5.477170931,3.29491672,22.37528413,0.952949737,2.637716186,-0.273667627,1756823244
3.672982691,3.122633493,19.53739653,0.952949737,1.816713149,0.134390352,1756823244
1.952543242,1.801795418,22.12643058,0.444709893,1.478293824,0.441044702,1756823244
1.741974853,0.583848714,22.53321042,-0.290771853,1.309695088,0.516792009,1756823244
1.505085415,-1.234696462,20.04946057,-0.774577139,1.130100691,0.571769828,1756823244
1.129412267,-2.756531635,16.57508215,-1.034805731,0.994488608,0.608421795,1756823244
0.435493713,-3.754338659,13.46919842,-1.258382356,0.974940938,0.673173492,1756823244
-0.028713871,-3.847658741,10.8945213,-1.321912341,0.968832233,0.689055989,1756823244
-0.066999033,-3.345165995,9.236295236,-1.276708383,0.922406475,0.897971918,1756823244
-1.847259047,-3.677768336,7.381857721,-1.351233872,1.136209308,0.835663663,1756823244
-2.409572358,-3.474378415,5.536991496,-1.236391172,1.103222603,0.327423768,1756823244
-2.589034053,-2.691925425,3.811766402,-1.001819026,1.048244766,0.116064395,1756823244
-2.565105827,-1.887937031,2.617747924,-0.720820964,0.965167059,-0.05009095,1756823244
-2.646461796,-1.464407431,1.981257113,-0.459370659,0.789237905,-0.168598806,1756823244
-2.557927359,-0.997807024,1.421336624,-0.302989176,0.566882941,-0.211359372,1756823244
-2.64167615,-0.78245299,0.686740086,-0.135612083,0.324980324,-0.299323967,1756823244
-2.529213488,-0.409172665,-0.122033953,0.015882496,0.07696902,-0.259006861,1756823244
-2.361715906,0.069391855,-0.648454925,0.108734012,-0.219911486,-0.298102236,1756823244
-2.127219291,0.679561618,-0.684347264,0.125838239,-0.461814103,-0.278554549,1756823244
-1.734796385,1.344766301,0.157926292,0.149051118,-0.682947354,-0.272445896,1756823244
-1.311266785,1.856830338,2.210968082,0.157603231,-0.780685774,-0.311541271,1756823244
-0.744167829,2.129612114,5.058426976,0.180816111,-0.752585956,-0.235793982,1756823244
-0.162711937,2.660818731,7.999205952,0.345749707,-0.647517118,-0.265115513,1756823244
0.210568389,3.488735351,11.01416243,0.56321775,-0.477696634,-0.227241869,1756823244
0.435493713,4.618147618,14.20140213,0.706160198,-0.302989176,-0.141720735,1756823244
-0.016749758,4.943571492,16.89093473,0.730594842,-0.109955743,-0.080634211,1756823244
-0.811166861,5.443671415,17.71645853,0.58398715,0.232128791,-0.039095375,1756823244
-1.095912751,4.938785846,18.23091539,0.557109097,0.62308256,-0.05131268,1756823244
-1.887937031,2.950350266,19.59482427,0.772133696,1.055575132,0.063529985,1756823244
-2.572284295,0.41395831,20.35095621,1.156978779,1.33901662,0.05009095,1756823244
-2.708675183,-1.67497582,21.19322977,1.390329352,1.22539565,-0.019547688,1756823244
-3.543770271,-1.584048561,22.8586343,1.298699566,0.935845527,-0.057421332,1756823244
-4.12283334,-1.655833239,23.07638115,0.916297857,0.331088942,-0.131946891,1756823244
-3.854837209,-1.983649935,20.5399892,0.364075699,-0.665843145,-0.201585529,1756823244
-2.909672282,-2.309073809,16.81675723,-0.10140363,-1.747074546,-0.246789556,1756823244
-1.856830338,-3.548555916,14.23490165,-0.607200064,-2.719572163,-0.403171057,1756823244
-0.069391855,-3.996013742,11.92582784,-0.941954215,-3.492927519,-0.360410491,1756823244
1.770688724,-4.141975921,9.631110965,-1.098335698,-4.122118505,-0.272445896,1756823244
3.136990429,-3.692125272,7.439285463,-1.14720497,-4.56560672,-0.141720735,1756823244
4.063012775,-3.096312444,5.515456093,-1.036027461,-4.824613529,0.072082098,1756823244
4.704289232,-2.557927359,3.929014709,-0.87109383,-4.874704391,0.248011287,1756823244
5.065605444,-1.847259047,2.557927359,-0.714712346,-4.604701939,0.443488163,1756823244
5.345565688,-1.170090251,1.241874929,-0.444709893,-4.15388362,0.56443948,1756823244
5.424528834,-0.839880733,0.380458793,-0.228463599,-3.651752324,0.637743326,1756823244
5.302494882,-0.406779842,-0.363709035,-0.069638637,-3.099530149,0.682947354,1756823244
5.02492746,0.167497582,-0.95712904,-0.05131268,-2.494773668,0.702495024,1756823244
4.670789715,0.655633392,-1.361516059,-0.085521133,-1.890017064,0.632856352,1756823244
4.285545277,0.82791662,-1.344766301,-0.168598806,-1.259604086,0.570548115,1756823244
3.866801322,0.890130007,-1.246660575,-0.388510291,-0.54611354,0.530231009,1756823244
3.651447288,0.617348231,-0.820738152,-0.405614518,0.252898209,0.443488163,1756823244
3.491128173,-0.208175566,-0.045463629,-0.254119939,1.004262469,0.250454748,1756823244
3.52462769,-1.43569356,1.074377347,0.116064395,1.744631103,0.017104227,1756823244
3.890729548,-2.876172765,2.600998166,0.643851944,2.332283567,-0.266337244,1756823244
4.855037055,-3.931407532,5.216353268,1.26326926,2.744006667,-0.555887367,1756823244
6.458228197,-3.864408499,10.17906734,1.997529277,3.042108939,-0.712268885,1756823244
7.901100225,-1.653440417,18.25005797,2.581516566,3.357315367,-0.778242313,1756823244
8.051848049,1.801795418,26.21337158,2.394591681,3.745825553,-0.669508319,1756823244
6.977470702,3.060420105,26.46222513,1.762957112,3.831346844,-0.553443888,1756823244
6.936792717,3.71844632,24.21775753,1.187522041,3.189938344,-0.438601224,1756823244
5.146961413,3.684946804,20.77927146,0.985936529,2.13558489,-0.034208453,1756823244
3.574876964,2.419143649,21.97807558,0.597426203,1.714087841,0.509461626,1756823244
2.957528734,1.488335657,23.10030938,-0.151494579,1.457524493,0.634078152,1756823244
2.581855585,-0.011964113,20.97787573,-0.671951762,1.189965484,0.711047172,1756823244
1.856830338,-1.713260982,17.68535184,-1.065348993,0.959058441,0.796568253,1756823244
0.985842911,-2.974278492,14.29232939,-1.279151826,0.867428656,0.906523996,1756823244
0.117248307,-3.677768336,11.28933703,-1.37811196,0.901637092,0.825889802,1756823244
-0.296710002,-2.952743088,8.453842246,-1.329242828,0.916297857,0.822224628,1756823244
-1.14137638,-3.381058334,6.850651104,-1.183856867,0.988379973,0.861319951,1756823244
-1.983649935,-2.746960345,4.488935198,-1.121548612,1.177748232,0.577878533,1756823244
-2.184647034,-2.842673249,3.00059954,-0.913854414,1.119105169,0.098960169,1756823244
-2.316252277,-2.287538406,1.942971951,-0.619417386,1.053131671,-0.10384709,1756823244
-2.220539373,-1.79461695,1.019342428,-0.338419325,0.926071719,-0.194255146,1756823244
-2.222932195,-1.421336624,0.318245406,-0.036651914,0.695164676,-0.295658793,1756823244
-2.230110663,-1.13180509,-0.382851616,0.171042267,0.463035868,-0.307876063,1756823244
-2.172682921,-0.641276457,-0.988235734,0.35918876,0.182037841,-0.295658793,1756823244
-2.086541307,0.05503492,-1.064806057,0.405614518,-0.05009095,-0.327423768,1756823244
-1.852044692,0.839880733,-0.457029117,0.38362337,-0.221133216,-0.370184317,1756823244
-1.399801221,1.73001074,0.959521863,0.349414916,-0.348193203,-0.404392788,1756823244
-0.921236701,2.361715906,3.503092286,0.284663184,-0.343306264,-0.452040276,1756823244
-0.301495648,2.715853651,6.532405698,0.284663184,-0.195476876,-0.386066848,1756823244
0.11964113,3.357130108,9.882357338,0.432492606,-0.047647489,-0.346971438,1756823244
0.459421939,4.594219392,13.1078822,0.587652324,0.12950343,-0.309097793,1756823244
0.002392823,5.106283428,16.52244005,0.643851944,0.261450322,-0.287106679,1756823244
-0.969093153,5.996413436,17.99163313,0.551000445,0.448375102,-0.452040276,1756823244
-1.770688724,5.592026416,18.30270007,0.445931606,0.715934059,-0.571769828,1756823244
-1.90468679,4.792823668,18.35773499,0.516792009,1.023810139,-0.122173048,1756823244
-2.8163522,1.337587833,20.19302992,0.778242313,1.313360262,-0.053756141,1756823244
-3.115455025,-1.581655739,20.57827436,1.22539565,1.444085388,-0.004886922,1756823244
-3.412165028,-2.093719775,21.51865364,1.467298302,1.209513224,-0.041538836,1756823244
-3.785445353,-1.110269686,23.29173519,1.331686272,0.735481729,0.039095375,1756823244
-4.484149552,-1.636690658,22.78924244,0.772133696,0,-0.07696902,1756823244
-3.881158257,-1.866401628,18.67119475,0.172263997,-1.020144965,-0.185703032,1756823244
-2.737389054,-2.354537438,14.94556996,-0.315206445,-2.074498366,-0.210137642,1756823244
-1.361516059,-3.11066938,12.30150099,-0.729373112,-2.910162082,-0.20525072,1756823244
0.102891372,-3.500699464,9.817751128,-0.976162651,-3.556457487,-0.215024564,1756823244
1.603191142,-3.35952293,7.563712239,-1.067792436,-4.048814729,-0.207694181,1756823244
2.69671107,-2.830709136,5.608776174,-0.972497477,-4.355469201,-0.054977871,1756823244
3.488735351,-2.407179536,4.0127635,-0.87231556,-4.482528891,0.107512282,1756823244
4.074976888,-1.598405497,2.605783811,-0.731816555,-4.456872795,0.267558974,1756823244
4.505684956,-1.229910816,1.473978722,-0.494800843,-4.252843753,0.415388345,1756823244
4.811966249,-0.825523797,0.631705166,-0.23090706,-3.933972029,0.398284135,1756823244
4.855037055,-0.461814762,0.016749758,-0.116064395,-3.560122538,0.470366251,1756823244
4.661218425,-0.177068872,-0.382851616,-0.125838239,-3.023782929,0.596204472,1756823244
4.383651003,0.191425808,-0.693918554,-0.240680904,-2.44956971,0.615752143,1756823244
4.053441484,0.473778875,-0.866201781,-0.376292969,-1.835039158,0.647517118,1756823244
3.873979789,0.538385085,-0.770488877,-0.480140077,-1.099557429,0.574213359,1756823244
3.756731482,0.162711937,-0.387637261,-0.531452775,-0.349414916,0.525344105,1756823244
3.768695595,-0.667597505,0.380458793,-0.328645498,0.449596815,0.274889357,1756823244
3.919443419,-1.962114532,1.421336624,0.122173048,1.175304648,0.058643063,1756823244
4.256831405,-3.503092286,2.878565588,0.65973444,1.852143455,-0.109955743,1756823244
5.252245607,-4.220939066,5.326423108,1.30114301,2.338392062,-0.656069266,1756823244
6.778866426,-4.110869227,10.09771137,2.070833192,2.818532296,-0.762359817,1756823244
8.755337893,-1.696511223,17.93181256,2.664594134,3.131295281,-0.811229036,1756823244
8.767302006,1.73958203,26.36651223,2.313957557,3.51247512,-0.789237905,1756823244
7.970492081,3.761517127,26.045874,1.63589716,3.52102732,-0.605978334,1756823244
8.149953776,3.558127206,23.44966148,1.133765865,2.709798109,-0.445931606,1756823245
7.735995466,3.696910917,21.50908235,0.987158242,1.786169887,0.5131268,1756823245
4.7856452,2.579462763,22.27239276,0.393397231,1.380555403,0.58398715,1756823245
4.374079713,1.473978722,22.82992043,-0.318871654,1.220508746,0.675616936,1756823245
3.895515193,-0.136390888,20.34856339,-0.842994011,1.076344515,0.767246722,1756823245
3.019742121,-1.586441384,17.19003756,-1.144761387,1.021366678,0.759916374,1756823245
2.038684855,-2.543570424,13.78983664,-1.35856422,1.062905549,0.790459636,1756823245
1.07677017,-2.849851717,10.6193467,-1.47340692,1.132544134,0.571769828,1756823245
0.246460728,-3.014956476,8.602197247,-1.506393642,1.202182736,0.464257581,1756823245
-0.631705166,-2.538784779,6.695117635,-1.483180851,1.350012142,0.261450322,1756823245
-1.227517994,-2.141576227,4.950749959,-1.368338168,1.485624312,-0.039095375,1756823245
-1.517049528,-1.878365741,3.263810026,-1.16675257,1.510058816,-0.174707458,1756823245
-1.847259047,-1.543370577,1.940579129,-0.883311152,1.428202962,-0.381179909,1756823245
-2.093719775,-1.246660575,0.90209412,-0.65973444,1.270599748,-0.482583538,1756823245
-2.136790582,-0.8470592,0.155533469,-0.349414916,1.056796845,-0.536339679,1756823245
-2.177468566,-0.416351132,-0.471386052,-0.10262536,0.840550568,-0.532674488,1756823245
-2.122433646,0.133998066,-0.990628556,0.05253441,0.551000445,-0.445931606,1756823245
-2.038684855,0.789631458,-1.174875897,0.194255146,0.307876063,-0.452040276,1756823245
-1.79461695,1.37108735,-0.54317073,0.174707458,0.07819075,-0.373849526,1756823245
-1.423729447,1.950150419,1.14137638,0.208915911,-0.073303829,-0.327423768,1756823245
-0.856630491,2.443071875,3.847658741,0.246789556,-0.116064395,-0.260228591,1756823245
-0.526420972,2.962314379,7.101897477,0.316428176,-0.036651914,-0.182037841,1756823245
-0.464207584,3.613162126,10.19103145,0.554665654,0.111177473,-0.211359372,1756823245
-0.287138712,5.041677218,12.9906339,0.695164676,0.323758559,-0.171042267,1756823245
-0.552742021,5.843272789,15.56531101,0.824668072,0.525344105,-0.029321531,1756823245
-1.50029977,5.924628758,17.2259299,0.728151381,0.708603641,0.150272849,1756823245
-2.498106794,5.402993431,17.7762791,0.518013722,1.001819026,0.166155345,1756823245
-3.23031051,3.263810026,18.61615983,0.60353489,1.34023835,0.12705997,1756823245
-4.060619952,0.564706134,21.07358864,1.058018575,1.678657675,0.047647489,1756823245
-4.00319221,-2.428714939,22.24607171,1.45508105,1.677435962,-0.086742864,1756823245
-3.94815729,-1.835294934,22.15753728,1.562593262,1.258382356,-0.080634211,1756823245
-4.77607391,-1.868794451,23.38984091,1.277930096,0.535117949,0.046425758,1756823245
-4.878965281,-2.187039856,21.66461582,0.65973444,-0.415388345,0.083077672,1756823245
-4.192225195,-3.615554949,18.00120442,0.006108652,-1.519832748,-0.250454748,1756823245
-2.857030184,-4.156332856,14.77089391,-0.471587964,-2.58396001,-0.412944901,1756823245
-0.873380249,-4.711467699,12.24168042,-0.791681366,-3.470936196,-0.450818546,1756823245
1.091127106,-4.634897376,9.808179837,-0.981049555,-4.15388362,-0.364075699,1756823245
2.715853651,-4.153940034,7.661817965,-1.067792436,-4.6999973,-0.254119939,1756823245
3.76390995,-3.419343495,5.723631659,-1.02503187,-5.07140333,-0.053756141,1756823245
4.424328987,-2.268395825,3.864408499,-0.856433064,-5.15936754,0.092851516,1756823245
4.864608346,-1.756331788,2.524427843,-0.656069266,-4.985882301,0.260228591,1756823245
5.173282461,-1.222732349,1.26101751,-0.488692191,-4.572937348,0.443488163,1756823245
5.324030285,-0.669990328,0.210568389,-0.320093385,-4.095240539,0.443488163,1756823245
5.371886737,-0.126819598,-0.492921456,-0.184481302,-3.56989633,0.529009279,1756823245
5.206781978,0.299102825,-0.942772104,-0.17837265,-2.982244006,0.571769828,1756823245
4.943571492,0.72741807,-1.328016543,-0.216246294,-2.360383368,0.587652324,1756823245
4.658825602,0.983450089,-1.387837108,-0.35918876,-1.687209753,0.560774306,1756823245
4.398007939,0.8470592,-1.033699363,-0.415388345,-0.880867691,0.48747046,1756823245
4.271188341,0.263210486,-0.30388847,-0.448375102,-0.069638637,0.365297412,1756823245
4.216153421,-0.504885569,0.497707101,-0.155159771,0.751364226,-0.029321531,1756823245
4.292723744,-1.703689691,1.488335657,0.23090706,1.540602078,-0.215024564,1756823245
4.682753828,-2.766102926,2.835494781,0.77579887,2.144136951,-0.543670062,1756823245
5.714060369,-3.41455785,5.245067139,1.356120776,2.624277081,-0.915076127,1756823245
7.300501753,-2.931207685,9.769894676,2.028072538,2.995683111,-1.080009759,1756823245
9.095118703,-0.464207584,17.10628877,2.434908752,3.308446095,-1.05190994,1756823245
8.738588135,2.411965181,24.67239383,2.086715619,3.728721397,-0.935845527,1756823245
8.176274824,4.130011808,24.53361012,1.362229534,3.802025173,-0.818559454,1756823245
7.88674329,3.488735351,22.79402809,0.933402084,2.985909319,-0.713490616,1756823245
6.637689892,3.984049629,20.17149452,0.777020583,2.279748982,0.399505848,1756823245
4.223331889,2.589034053,21.62633066,0.199142068,1.929112405,0.458148929,1756823245
3.979263984,1.478764367,22.58106688,-0.452040276,1.777617808,0.497244304,1756823245
3.536591803,-0.325423874,20.49213275,-0.929736893,1.649336143,0.471587964,1756823245
2.68713978,-1.816152353,17.22114425,-1.220508746,1.524719652,0.689055989,1756823245
1.646261949,-3.043670347,13.89033519,-1.368338168,1.420872614,0.69882985,1756823245
0.535992262,-3.577269787,10.93519928,-1.466076572,1.328020958,0.656069266,1756823245
-0.318245406,-3.495913819,8.90847854,-1.437976753,1.28159527,0.570548115,1756823245
-1.014556782,-3.05563446,7.219145784,-1.390329352,1.273043191,0.362853969,1756823245
-1.56490598,-2.538784779,5.711667546,-1.249830295,1.260825817,0.15393804,1756823245
-1.677368643,-1.79461695,4.103690759,-1.067792436,1.20584791,-0.07696902,1756823245
-1.933400661,-1.143769203,2.8163522,-0.825889802,1.067792436,-0.168598806,1756823245
-2.529213488,-1.122233799,1.873580096,-0.689055989,0.982271286,-0.454483755,1756823245
-2.445464697,-0.70827549,1.198804123,-0.492357365,0.810007306,-0.533896218,1756823245
-2.378465664,-0.387637261,0.617348231,-0.213802833,0.620639099,-0.56321775,1756823245
-2.347358971,-0.031106694,-0.143569356,-0.07819075,0.403171057,-0.56321775,1756823245
-2.127219291,0.612562586,-0.813559684,0.039095375,0.167377075,-0.497244304,1756823245
-1.962114532,1.208375413,-0.763310409,0.07696902,-0.079412481,-0.461814103,1756823245
-1.557727513,1.813759531,0.169890405,0,-0.283441471,-0.464257581,1756823245
-1.112662509,2.26361018,2.361715906,0.034208453,-0.392175465,-0.41661011,1756823245
-0.459421939,2.538784779,5.257031252,0.105068821,-0.34086282,-0.376292969,1756823245
-0.052642097,3.402593737,8.322237003,0.257785131,-0.271224166,-0.333532438,1756823245
-0.035892339,4.103690759,11.48076283,0.483805251,-0.089186325,-0.397062405,1756823245
0.181854518,5.156532703,13.8592285,0.570548115,0.163711884,-0.318871654,1756823245
0.014356936,5.74277424,15.56531101,0.669508319,0.386066848,-0.135612083,1756823245
-0.818345329,5.673382385,16.67797352,0.60231309,0.668286588,-0.048869219,1756823245
-1.5457634,4.493720843,17.38146337,0.547335271,1.076344515,-0.029321531,1756823245
-2.378465664,1.823330821,18.45105507,0.690277702,1.484402581,-0.106290551,1756823245
-2.962314379,-0.576670247,19.72403669,1.114218194,1.813047975,-0.133168622,1756823245
-2.967100024,-2.177468566,20.95155469,1.453859319,1.820378462,-0.161268423,1756823245
-3.905086483,-2.191825502,22.5834597,1.384220595,1.413542126,-0.073303829,1756823245
-4.711467699,-2.048256146,23.13141607,0.919963031,0.79534654,-0.117286126,1756823245
-5.694917788,-2.912065104,20.9419834,0.355523586,-0.212581103,-0.249233017,1756823245
-4.266402696,-3.59880519,17.07039643,-0.262672052,-1.341460081,-0.500909513,1756823245
-2.93599333,-4.419543342,14.38804229,-0.634078152,-2.392148238,-0.568104654,1756823245
-1.07677017,-4.735395925,12.06939719,-0.95661498,-3.210707814,-0.561996037,1756823245
0.631705166,-4.412364874,9.86560758,-1.134987595,-3.894876829,-0.471587964,1756823245
2.069791549,-3.749553014,7.575676352,-1.131322421,-4.427551124,-0.373849526,1756823245
3.103490912,-2.988635427,5.508277625,-1.083674933,-4.781853277,-0.207694181,1756823245
3.756731482,-2.220539373,3.809373579,-0.95661498,-4.897917567,-0.089186325,1756823245
4.19701084,-1.37108735,2.32821639,-0.791681366,-4.768413892,0.114842665,1756823245
4.577469634,-0.669990328,1.064806057,-0.580321976,-4.455650925,0.293215297,1756823245
4.792823668,-0.141176533,0.143569356,-0.411723171,-4.017049876,0.372627795,1756823245
4.855037055,0.296710002,-0.433100891,-0.310319558,-3.496592554,0.482583538,1756823245
4.718646167,0.622133876,-0.801595571,-0.277332818,-2.959031092,0.502131226,1756823245
4.500899311,0.973878798,-1.110269686,-0.392175465,-2.344500819,0.529009279,1756823245
4.17786826,1.1964113,-1.256231865,-0.474031425,-1.667662153,0.532674488,1756823245
4.053441484,1.002592669,-0.949950572,-0.54611354,-1.0054842,0.432492606,1756823245
3.771088418,0.378065971,-0.234496615,-0.494800843,-0.208915911,0.261450322,1756823245
3.749553014,-0.507278391,0.547956375,-0.238237443,0.613308682,0.019547688,1756823245
3.924229064,-1.667797352,1.574477271,0.197920337,1.314581993,-0.262672052,1756823245
4.287938099,-2.682354135,2.971885669,0.753807686,1.892460508,-0.6414085,1756823245
5.161318348,-3.323630591,5.192425042,1.33901662,2.28707933,-0.92851518,1756823245
6.321837309,-3.017349299,9.509077012,1.997529277,2.634050872,-1.198517562,1756823245
8.279166196,-1.284945736,16.81675723,2.509434381,2.87106662,-1.136209308,1756823245
8.300701599,1.648654771,24.49532496,2.282192443,3.23636391,-1.022588409,1756823245
7.83170837,2.608176634,25.86641231,1.56992361,3.384193315,-0.85276789,1756823245
8.602197247,3.627519062,23.85165568,1.137431039,2.702467744,-0.65973444,1756823245
8.659624989,3.519842045,21.00898243,1.05190994,1.863138977,0.268780705,1756823245
4.448257213,1.837687757,21.4085838,0.504574687,1.544267375,0.444709893,1756823245
4.082155356,0.794417103,22.92084769,-0.28221974,1.445307119,0.466701042,1756823245
3.65384011,-0.83748791,21.27937138,-0.860098238,1.362229534,0.577878533,1756823245
2.878565588,-2.526820666,18.31466418,-1.126435517,1.277930096,0.593761012,1756823245
1.756331788,-3.613162126,14.66082407,-1.35978609,1.221730476,0.667064858,1756823245
0.648454925,-4.127618985,11.47358437,-1.480737268,1.191187214,0.587652324,1756823245
0.06460621,-3.546163093,8.999405799,-1.452637589,1.145983257,0.587652324,1756823245
0.114855485,-2.868994297,7.324429979,-1.321912341,1.060462019,0.632856352,1756823245
-1.907079612,-3.017349299,5.86241537,-1.266934434,1.221730476,0.482583538,1756823246
-2.254038889,-2.543570424,4.240081647,-1.154535335,1.119105169,-0.031764992,1756823246
-2.275574293,-2.005185339,2.940778975,-0.883311152,1.034805731,-0.322536846,1756823246
-2.344966148,-1.332802188,1.952543242,-0.662177901,0.905302266,-0.455705485,1756823246
-2.33778768,-0.880558717,1.272981623,-0.448375102,0.719599251,-0.580321976,1756823246
-2.330609212,-0.449850649,0.78245299,-0.237015712,0.505796417,-0.634078152,1756823246
-2.285145583,-0.052642097,0.124426775,-0.065973446,0.327423768,-0.651182361,1756823246
-2.124826469,0.521635327,-0.600598473,0.069638637,0.106290551,-0.616973856,1756823246
-1.92382937,1.165304606,-0.890130007,0.073303829,-0.119729587,-0.549778714,1756823246
-1.533799287,1.698904046,-0.299102825,0.134390352,-0.332310707,-0.553443888,1756823246
-1.069591702,2.15354034,1.363908882,0.174707458,-0.497244304,-0.508239896,1756823246
-0.464207584,2.464607278,4.05822713,0.23090706,-0.549778714,-0.406836231,1756823246
-0.045463629,3.237488978,7.310073043,0.388510291,-0.449596815,-0.361632204,1756823246
0.265603309,4.213760599,10.45902758,0.580321976,-0.30054568,-0.360410491,1756823246
0.378065971,5.326423108,13.29691519,0.71837752,-0.072082098,-0.2565634,1756823246
-0.29431718,5.14456859,15.54856125,0.671951762,0.206472451,-0.246789556,1756823246
-0.674775973,5.869593838,16.40997739,0.597426203,0.531452775,-0.315206445,1756823246
-1.574477271,5.345565688,17.61356716,0.577878533,0.908967509,-0.318871654,1756823246
-1.854437515,3.471985593,18.9415837,0.676838666,1.375668516,0.05253441,1756823246
-3.062812928,0.552742021,20.81037815,1.058018575,1.767844017,-0.028099801,1756823246
-3.17527559,-2.340180503,21.86561292,1.321912341,1.800830722,-0.182037841,1756823246
-3.266202849,-1.885544209,22.41117647,1.389107482,1.392772795,-0.02443461,1756823246
-4.498506488,-2.493321149,23.6745868,1.100779159,0.788016192,-0.047647489,1756823246
-5.302494882,-2.945564621,21.96850429,0.537561392,-0.215024564,-0.07819075,1756823246
-3.998406565,-3.47916406,17.95574079,-0.030543262,-1.434311579,-0.322536846,1756823246
-2.670390022,-4.192225195,14.8546427,-0.488692191,-2.504547477,-0.426383936,1756823246
-0.854237668,-4.290330922,12.4618201,-0.818559454,-3.367089158,-0.343306264,1756823246
1.026520895,-4.041477371,10.37527879,-1.015257991,-4.108679662,-0.28221974,1756823246
2.64167615,-3.574876964,8.271987728,-1.182635136,-4.641353958,-0.124616509,1756823246
3.601198013,-3.012563653,6.159125372,-1.144761387,-4.99565611,0.083077672,1756823246
4.266402696,-2.347358971,4.304687857,-1.038470905,-5.0921728,0.180816111,1756823246
4.73061028,-1.648654771,2.69671107,-0.827111515,-4.861265548,0.408057962,1756823246
5.041677218,-1.009771137,1.433300737,-0.587652324,-4.421442629,0.476474868,1756823246
5.163711171,-0.46899323,0.490528633,-0.394618961,-3.889989924,0.590095838,1756823246
5.151747058,0.004785645,-0.081355968,-0.30665435,-3.335324305,0.656069266,1756823246
4.955535605,0.507278391,-0.535992262,-0.334754151,-2.724459067,0.658512727,1756823246
4.72103899,0.928415169,-0.971485976,-0.422718727,-2.072054905,0.663399614,1756823246
4.383651003,1.08634146,-1.124626622,-0.587652324,-1.414763857,0.62308256,1756823246
4.094119469,0.911665411,-0.985842911,-0.741590434,-0.709825372,0.561996037,1756823246
3.866801322,0.387637261,-0.521635327,-0.71837752,0.061086524,0.463035868,1756823246
3.756731482,-0.528813795,0.210568389,-0.496022573,0.79412481,0.20525072,1756823246
3.835694628,-1.722832272,1.138983558,-0.106290551,1.519832748,-0.116064395,1756823246
4.070191243,-2.909672282,2.378465664,0.559552576,2.092824376,-0.422718727,1756823246
4.926821733,-3.919443419,4.474578262,1.1398745,2.499660572,-0.882089421,1756823246
6.419943036,-4.165904147,8.286344664,2.043955104,2.790432495,-1.091005281,1756823246
8.252845147,-2.749353167,13.94297729,2.726902511,2.956587648,-1.137431039,1756823246
8.214559986,0.624526699,21.56890292,2.712241553,3.144734124,-0.940732502,1756823246
7.88674329,2.708675183,25.97887497,1.974316502,3.210707814,-0.868650369,1756823246
7.941778209,3.771088418,23.60519495,1.335351446,2.742784815,-0.612086969,1756823246
7.642675384,3.036491879,21.5880455,1.02503187,1.690874927,-0.17837265,1756823246
6.240481341,2.407179536,20.91566235,0.624304273,1.369559881,0.497244304,1756823246
5.139782945,1.337587833,21.80579235,-0.07574729,1.185078597,0.707381928,1756823246
4.694717941,-0.133998066,20.72423654,-0.703716754,1.158200509,0.728151381,1756823246
3.77348124,-1.950150419,18.0945245,-1.130100691,1.177748232,0.828333246,1756823246
2.569891472,-3.213560752,15.04606851,-1.35856422,1.323134071,0.800233427,1756823246
1.478764367,-3.976871161,11.964113,-1.507615356,1.484402581,0.707381928,1756823246
0.476171697,-3.938586,9.279366043,-1.567480166,1.622458055,0.695164676,1756823246
0.361316213,-2.775674216,7.156932397,-1.315803706,1.623679786,0.629191178,1756823246
-1.773081547,-3.290131075,5.888736419,-1.304808184,1.826487097,0.642630231,1756823246
-2.141576227,-2.957528734,4.264009873,-1.130100691,1.777617808,0.200363798,1756823246
-2.354537438,-2.189432679,2.912065104,-0.806342132,1.685988023,-0.108734012,1756823246
-2.400001068,-1.37108735,2.146361872,-0.537561392,1.540602078,-0.237015712,1756823246
-2.474178568,-0.844666378,1.789831305,-0.304210889,1.293812522,-0.35796703,1756823246
-2.531606311,-0.480957343,1.423729447,-0.1282817,1.037249174,-0.364075699,1756823246
-2.450250342,-0.047856452,0.725025248,0.020769418,0.742812147,-0.393397231,1756823246
-2.347358971,0.559920488,-0.088534436,0.142942466,0.419053553,-0.304210889,1756823246
-2.187039856,1.138983558,-0.440279358,0.15271631,0.109955743,-0.298102236,1756823246
-1.940579129,1.909472435,0.00957129,0.10140363,-0.184481302,-0.207694181,1756823246
-1.612762432,2.507678085,1.569691626,-0.018325957,-0.404392788,-0.239459173,1756823246
-1.083948638,2.950350266,4.146761566,-0.030543262,-0.481361808,-0.234572251,1756823246
-0.610169763,3.493520996,6.900900378,0.045204028,-0.460592372,-0.20402899,1756823246
-0.337387987,4.161118501,9.68136024,0.228463599,-0.337197611,-0.219911486,1756823246
-0.105284194,5.084748025,12.19143115,0.420275284,-0.135612083,-0.166155345,1756823246
-0.394815729,5.371886737,14.42872028,0.48747046,0.085521133,-0.07696902,1756823246
-1.237089284,5.759523998,15.75195118,0.441044702,0.400727579,-0.106290551,1756823246
-1.464407431,5.285745123,16.27597933,0.412944901,0.682947354,-0.250454748,1756823246
-1.07677017,3.94815729,16.56311804,0.60231309,1.086118394,-0.015882496,1756823246
-2.75174599,0.918843878,18.89372725,0.974940938,1.458746224,0.087964594,1756823246
-2.842673249,-2.249253244,20.65005904,1.440420214,1.626123229,0.003665191,1756823246
-3.129811961,-2.481357036,22.10010953,1.687209753,1.413542126,0.174707458,1756823246
-4.345365842,-2.306680986,23.77029971,1.412320396,1.029918757,0.146607657,1756823246
-5.919843112,-3.019742121,22.77488551,0.85276789,0.294437062,-0.058643063,1756823246
-4.61096915,-3.29491672,19.32922096,0.267558974,-0.792903079,-0.298102236,1756823246
-3.749553014,-4.082155356,15.9553411,-0.339641055,-1.80816107,-0.405614518,1756823246
-2.086541307,-4.823930362,13.53380463,-0.731816555,-2.780658686,-0.409279727,1756823246
-0.215354034,-4.867001168,11.33001501,-1.050688227,-3.540574938,-0.442266432,1756823246
1.497906948,-4.433900278,9.415756931,-1.153313605,-4.164879281,-0.291993584,1756823246
2.76131728,-3.759124305,7.422535705,-1.121548612,-4.624250063,-0.20402899,1756823246
3.713660675,-3.014956476,5.367101092,-1.034805731,-4.861265548,-0.028099801,1756823246
4.268795518,-2.21814655,3.65384011,-0.850324429,-4.900360749,0.140499005,1756823246
4.713860522,-1.339980656,2.27318147,-0.653625822,-4.641353958,0.310319558,1756823246
4.998606411,-0.70827549,1.081555815,-0.50701813,-4.257730658,0.474031425,1756823246
5.125426009,-0.251246373,0.306281293,-0.335975881,-3.777590668,0.536339679,1756823246
5.053641331,0.177068872,-0.210568389,-0.35796703,-3.189938344,0.6414085,1756823246
4.852644233,0.545563553,-0.552742021,-0.362853969,-2.596177262,0.634078152,1756823246
4.54636294,0.825523797,-0.784845813,-0.456927198,-1.951103588,0.658512727,1756823246
4.271188341,0.981057266,-0.82791662,-0.537561392,-1.237613042,0.643851944,1756823246
4.096512291,0.643669279,-0.54317073,-0.590095838,-0.540004888,0.525344105,1756823246
3.909872128,0.004785645,0.069391855,-0.477696634,0.190589954,0.362853969,1756823246
3.873979789,-0.923629524,0.698704199,-0.195476876,0.944397676,0.117286126,1756823246
3.881158257,-1.964507355,1.550549045,0.251676478,1.572367053,-0.15271631,1756823246
4.185046727,-3.084348331,2.782852684,0.817337724,2.068389731,-0.504574687,1756823246
5.029713105,-3.603590836,4.948357137,1.442863658,2.397035125,-0.895528457,1756823246
6.278766502,-3.457628657,8.886943136,2.144136951,2.647489977,-1.093448811,1756823246
7.747959579,-1.68454711,15.43609859,2.7000243,2.808758243,-1.142317943,1756823246
7.9513495,1.524227996,23.05006011,2.478891119,3.012787268,-1.003040739,1756823246
7.853243773,2.557927359,26.09133763,1.7898352,3.116634567,-0.801455158,1756823246
8.611768537,3.567698497,24.2034006,1.20706978,2.532647295,-0.607200064,1756823246
9.982855887,4.634897376,20.64766622,1.015257991,1.776396095,0.226020138,1756823246
5.19960351,1.990828403,21.03291065,0.477696634,1.441641927,0.474031425,1756823246
4.862215523,1.079162993,22.19103679,-0.262672052,1.370781612,0.58398715,1756823246
4.347758664,-0.535992262,20.72423654,-0.904080535,1.32069061,0.616973856,1756823246
3.323630591,-2.158325985,18.10170297,-1.240056486,1.332908002,0.671951762,1756823246
2.110469533,-3.086741154,14.62493173,-1.469741746,1.444085388,0.656069266,1756823246
0.832702265,-3.498306641,11.46401308,-1.496619834,1.499063277,0.592539299,1756823246
-0.081355968,-3.323630591,9.011369912,-1.470963476,1.523497922,0.526565835,1756823246
-0.674775973,-2.213360905,6.908078846,-1.321912341,1.539380348,0.366519143,1756823246
-1.907079612,-2.321037922,5.577669481,-1.087340107,1.549154279,0.386066848,1756823246
-2.531606311,-1.983649935,4.161118501,-1.054353401,1.540602078,-0.029321531,1756823246
-2.433500584,-1.38065864,3.031706234,-0.808785575,1.389107482,-0.257785131,1756823246
-2.589034053,-0.859023313,2.124826469,-0.588874125,1.204626197,-0.412944901,1756823246
-2.636890505,-0.519242504,1.507478238,-0.395840674,0.961501885,-0.516792009,1756823246
-2.646461796,-0.224925324,1.026520895,-0.177150919,0.719599251,-0.575435072,1756823246
-2.610569457,0.057427742,0.344566454,-0.042760567,0.488692191,-0.569326385,1756823246
-2.423929294,0.500099923,-0.361316213,0.119729587,0.199142068,-0.502131226,1756823246
-2.239681954,1.069591702,-0.614955408,0.17837265,-0.083077672,-0.483805251,1756823247
-1.964507355,1.591227029,0.179461695,0.164933614,-0.317649941,-0.461814103,1756823247
-1.409372511,2.151147517,2.120040824,0.161268423,-0.467922755,-0.419053553,1756823247
-0.904486943,2.677568489,4.955535605,0.119729587,-0.485027017,-0.302989176,1756823247
-0.48813581,3.278166962,8.152346598,0.213802833,-0.463035868,-0.350636647,1756823247
-0.344566454,3.952942935,10.89930694,0.312763002,-0.299323967,-0.302989176,1756823247
-0.567098956,4.07736971,13.4572343,0.356745317,-0.056199602,-0.405614518,1756823247
0.165104759,5.240281494,14.90967762,0.537561392,0.173485728,-0.217468025,1756823247
-0.660419038,5.235495849,16.42911997,0.533896218,0.343306264,-0.057421332,1756823247
-1.483550012,4.488935198,17.3958203,0.537561392,0.67928211,0.007330383,1756823247
-2.335394858,2.280359938,18.36252063,0.742812147,1.105666046,0.043982297,1756823247
-3.065205751,-0.504885569,20.12124524,1.20706978,1.501506738,-0.009773844,1756823247
-2.92642204,-2.476571391,21.47797566,1.539380348,1.572367053,-0.014660766,1756823247
-3.823730515,-2.445464697,23.1338089,1.513724113,1.280373557,0.138055544,1756823247
-4.91485762,-2.055434613,24.02872455,1.11055302,0.763581548,0.12705997,1756823247
-5.570491013,-2.845066071,21.85125598,0.465479312,-0.164933614,-0.161268423,1756823247
-4.716253345,-3.2398818,17.85524224,-0.064751715,-1.275486652,-0.398284135,1756823247
-3.412165028,-3.890729548,14.55314705,-0.483805251,-2.285857739,-0.444709893,1756823247
-1.67497582,-4.18743955,12.0382905,-0.866206925,-3.207042501,-0.455705485,1756823247
0.200997098,-3.996013742,9.80100137,-1.048244766,-3.920533186,-0.375071256,1756823247
1.847259047,-3.529413335,7.628318449,-1.117883438,-4.520402763,-0.257785131,1756823247
2.964707201,-2.988635427,5.651846981,-1.093448811,-4.91135641,-0.106290551,1756823247
3.720839143,-2.280359938,3.864408499,-0.951728024,-5.077512087,0.046425758,1756823247
4.350151487,-1.581655739,2.40239389,-0.816115923,-4.991990535,0.265115513,1756823247
4.845465765,-0.985842911,1.234696462,-0.599869646,-4.732983743,0.476474868,1756823247
5.170889639,-0.602991295,0.492921456,-0.432492606,-4.266282858,0.574213359,1756823247
5.302494882,-0.227318147,-0.026321049,-0.283441471,-3.720169196,0.656069266,1756823247
5.180460929,0.11006984,-0.421136778,-0.240680904,-3.104417053,0.682947354,1756823247
4.907679153,0.445065004,-0.748953474,-0.287106679,-2.453234762,0.701273293,1756823247
4.558327053,0.71784678,-0.954736217,-0.35796703,-1.755626625,0.609643508,1756823247
4.247260115,0.851844846,-0.842273555,-0.460592372,-1.010371087,0.607200064,1756823247
3.945764467,0.593420005,-0.502492746,-0.458148929,-0.223576677,0.49357913,1756823247
3.759124305,-0.059820565,0.081355968,-0.299323967,0.51190507,0.267558974,1756823247
3.802195111,-0.973878798,0.89252283,0.039095375,1.231504285,0.042760567,1756823247
3.979263984,-2.081755662,2.072184372,0.50701813,1.871691055,-0.249233017,1756823247
4.627718908,-3.098705267,4.127618985,1.131322421,2.324953219,-0.516792009,1756823247
5.855236902,-3.510270754,7.963313613,1.810604531,2.64138122,-0.907745709,1756823247
7.441678286,-2.490928327,14.40479205,2.50821279,2.970026753,-1.003040739,1756823247
8.075776275,0.820738152,22.8059922,2.564412148,3.312111391,-0.895528457,1756823247
7.551748126,2.8163522,26.04826682,1.909564804,3.459940796,-0.802676958,1756823247
7.302894575,3.474378415,23.54058874,1.354899046,3.059213095,-0.620639099,1756823247
7.235895542,2.471785746,21.56172445,1.075122784,1.925447231,-0.295658793,1756823247
5.603990529,2.919243572,21.49233259,0.918741301,1.400103143,0.594982742,1756823247
4.374079713,2.012363807,22.91366922,0.112399204,1.16675257,0.636521596,1756823247
4.299902212,0.689132909,22.02114639,-0.54611354,1.038470905,0.770911896,1756823247
3.814159224,-1.028913718,18.78365741,-0.976162651,0.965167059,0.759916374,1756823247
2.852244539,-2.445464697,15.47438375,-1.258382356,0.976162651,0.802676958,1756823247
1.880758564,-3.309273656,12.28714405,-1.386664038,1.044579522,0.816115923,1756823247
0.866201781,-3.596412368,9.824929596,-1.508837086,1.181413406,0.71837752,1756823247
0.014356936,-3.440878899,7.984849016,-1.470963476,1.314581993,0.62308256,1756823247
-0.758524764,-3.096312444,6.281159325,-1.386664038,1.442863658,0.398284135,1756823247
-1.399801221,-2.574677118,4.587040924,-1.189965484,1.495398103,0.186924763,1756823247
-1.648654771,-1.998006871,2.998206718,-0.922406475,1.490511216,-0.012217305,1756823247
-1.983649935,-1.471585899,1.988435581,-0.652404092,1.35856422,-0.151494579,1756823247
-2.079362839,-1.115055332,1.194018477,-0.419053553,1.181413406,-0.276111088,1756823247
-2.297109696,-0.725025248,0.710668312,-0.188146493,0.96761052,-0.350636647,1756823247
-2.206182437,-0.452243471,0.143569356,0.009773844,0.735481729,-0.373849526,1756823247
-2.203789615,0.019142581,-0.528813795,0.228463599,0.463035868,-0.361632204,1756823247
-1.907079612,0.634097989,-0.854237668,0.283441471,0.199142068,-0.334754151,1756823247
-1.720439449,1.191625655,-0.282353067,0.316428176,-0.028099801,-0.272445896,1756823247
-1.30648114,1.751546143,1.335195011,0.304210889,-0.197920337,-0.298102236,1756823247
-0.882951539,2.132004937,4.223331889,0.328645498,-0.217468025,-0.219911486,1756823247
-0.327816696,2.88095841,7.47278498,0.444709893,-0.149051118,-0.210137642,1756823247
-0.098105727,3.689732449,10.61216823,0.530231009,-0.02687807,-0.191811685,1756823247
0.074177501,4.852644233,13.27298696,0.632856352,0.195476876,-0.116064395,1756823247
-0.205782744,5.37427956,15.47677658,0.702495024,0.381179909,-0.080634211,1756823247
-0.959521863,5.539384319,16.73300844,0.636521596,0.64018677,0.046425758,1756823247
-1.806581063,5.027320283,17.32642845,0.524122392,0.974940938,0.019547688,1756823247
-2.684746957,3.103490912,18.1256312,0.62186083,1.402546604,0.037873645,1756823247
-3.409772205,0.373280326,19.60439556,1.028697044,1.744631103,-0.006108652,1756823247
-3.421736318,-2.560320182,21.18365848,1.4172073,1.780061269,-0.054977871,1756823247
-3.369094221,-1.421336624,22.26999994,1.545489105,1.387885769,0.02687807,1756823247
-4.991427944,-2.187039856,24.09333076,1.174082935,0.824668072,0.081855942,1756823247
-4.977071008,-1.995614048,22.20300091,0.642630231,-0.112399204,0.069638637,1756823247
-4.725824635,-3.026920589,18.50848281,-0.009773844,-1.20706978,-0.217468025,1756823247
-3.395415269,-3.574876964,15.24467278,-0.463035868,-2.2883012,-0.338419325,1756823247
-1.548156222,-4.079762533,12.73220905,-0.895528457,-3.178942682,-0.379958178,1756823247
0.425922423,-4.017549145,10.26281613,-1.061683819,-3.896098419,-0.321315115,1756823247
1.988435581,-3.687339627,8.00638442,-1.210734954,-4.4703119,-0.184481302,1756823247
3.148954542,-3.081955509,6.125625856,-1.160643953,-4.858822366,-0.028099801,1756823247
3.919443419,-2.459821633,4.364508422,-1.017701504,-4.985882301,0.105068821,1756823247
4.469792617,-1.792224127,2.823530668,-0.87231556,-4.864930582,0.302989176,1756823247
4.838287297,-1.153340493,1.454836141,-0.629191178,-4.522846485,0.480140077,1756823247
5.07996238,-0.729810893,0.500099923,-0.408057962,-4.085466748,0.580321976,1756823247
5.187639397,-0.342173632,-0.114855485,-0.250454748,-3.573561643,0.653625822,1756823247
5.075176735,0.088534436,-0.485742988,-0.158824962,-2.96758331,0.648738848,1756823247
4.759324151,0.454636294,-0.82791662,-0.217468025,-2.321287905,0.656069266,1756823247
4.369294068,0.851844846,-0.971485976,-0.271224166,-1.662775126,0.657290996,1756823247
4.079762533,0.904486943,-0.744167829,-0.394618961,-0.918741301,0.620639099,1756823247
3.857230031,0.576670247,-0.217746857,-0.41783184,-0.136833813,0.476474868,1756823247
3.756731482,-0.095712904,0.418743955,-0.295658793,0.645073674,0.263893783,1756823247
3.744767369,-1.02173525,1.232303639,0.042760567,1.381777134,-0.006108652,1756823247
3.905086483,-2.115255178,2.340180503,0.56443948,1.979203407,-0.200363798,1756823247
4.548755763,-3.010170831,4.340580196,1.083674933,2.480112972,-0.586430594,1756823247
5.635097223,-3.026920589,8.463413536,1.786169887,2.785545591,-0.829554976,1756823247
6.903293201,-1.512263883,15.38106367,2.393370091,3.114190862,-1.032362287,1756823247
7.365107963,1.856830338,23.631516,2.257757938,3.431840995,-1.022588409,1756823247
6.766902313,3.134597606,25.62473722,1.598023428,3.587000749,-0.932180353,1756823247
6.788437716,3.88355108,23.83969156,1.108109577,3.087312896,-0.788016192,1756823247
8.276773373,4.620540441,20.23131508,0.939510771,2.094046089,-0.145385927,1756823247
4.393222294,2.541177601,21.72682921,0.656069266,1.587027889,0.370184317,1756823247
3.385843979,1.493121302,22.85384865,0.00122173,1.317025436,0.480140077,1756823247
3.156133009,0.246460728,21.77947131,-0.635299883,1.092227081,0.522900626,1756823247
2.864208652,-1.442872028,18.83629951,-1.084896663,0.900415361,0.643851944,1756823247
2.14396905,-2.950350266,15.41695601,-1.337794907,0.762359817,0.695164676,1756823247
1.174875897,-3.675375514,11.9425776,-1.496619834,0.70005158,0.697608119,1756823247
0.334995164,-3.888336725,9.403792818,-1.584584445,0.747699052,0.610865238,1756823247
-0.224925324,-3.562912851,7.410571592,-1.536936904,0.867428656,0.498466017,1756823247
-0.346959277,-2.220539373,5.400600608,-1.318247167,0.935845527,0.450818546,1756823247
-1.813759531,-3.431307608,4.374079713,-1.196074119,1.089783567,0.332310707,1756823247
-1.734796385,-2.395215423,2.904886636,-1.007927643,1.077566315,-0.063529985,1756823247
-1.966900177,-1.990828403,1.880758564,-0.780685774,1.050688227,-0.267558974,1756823247
-1.966900177,-1.505085415,0.993021379,-0.464257581,0.916297857,-0.370184317,1756823247
-2.036292033,-1.1964113,0.435493713,-0.240680904,0.729373112,-0.453261989,1756823247
-2.009970984,-0.856630491,0,0,0.527787566,-0.499687747,1756823247
-1.995614048,-0.390030084,-0.519242504,0.219911486,0.315206445,-0.469144485,1756823247
-1.828116466,0.234496615,-0.701097022,0.296880506,0.094073247,-0.470366251,1756823247
-1.55533469,0.945164927,-0.370887503,0.293215297,-0.149051118,-0.421497014,1756823247
-1.241874929,1.488335657,1.009771137,0.244346095,-0.305432619,-0.425162223,1756823247
-0.729810893,2.055434613,3.199203816,0.243124365,-0.322536846,-0.3775147,1756823247
-0.279960244,2.388036955,6.113661743,0.333532438,-0.263893783,-0.3775147,1756823247
0.052642097,3.017349299,9.188438784,0.389732022,-0.116064395,-0.335975881,1756823247
0.141176533,3.649054465,12.07179002,0.572991628,0.067195176,-0.371406082,1756823247
-0.102891372,4.041477371,14.71585899,0.586430594,0.274889357,-0.43615778,1756823247
0.696311377,5.362315447,16.51526159,0.682947354,0.478918364,-0.257785131,1756823247
-0.658026215,5.283352301,17.87677764,0.587652324,0.702495024,-0.008552113,1756823248
-1.572084448,4.086941001,18.24527233,0.510683339,1.034805731,0.07819075,1756823248
-2.330609212,1.567298803,19.29572145,0.803898671,1.372003342,0.134390352,1756823248
-2.634497683,-1.342373479,20.3916342,1.176526519,1.49417639,0.163711884,1756823248
-2.904886636,-2.414358003,21.44447614,1.343903524,1.286482174,0.111177473,1756823248
-3.189632526,-1.694118401,23.02613188,1.292590809,0.830776689,0.25534167,1756823248
-4.125226162,-2.081755662,22.70070801,0.791681366,0.160046692,0.169820536,1756823248
-3.89312237,-2.318645099,19.63789508,0.237015712,-0.861319951,0.081855942,1756823248
-2.943171798,-2.648854618,15.96491239,-0.283441471,-1.880243256,0.122173048,1756823248
-2.495713972,-3.852444386,13.22752333,-0.735481729,-2.722015624,-0.021991149,1756823248
-0.208175566,-4.311866325,11.34437195,-1.081231489,-3.514918563,-0.139277274,1756823248
1.411765334,-4.18743955,9.162117735,-1.213178398,-4.034154016,-0.07696902,1756823248
2.758924458,-3.613162126,7.030112799,-1.163087396,-4.390899367,0.028099801,1756823248
3.622733416,-2.974278492,5.156532703,-1.084896663,-4.587598044,0.163711884,1756823248
4.165904147,-2.266003002,3.601198013,-0.906523996,-4.552167877,0.241902634,1756823248
4.548755763,-1.55533469,2.237289131,-0.67928211,-4.309043373,0.394618961,1756823248
4.833501652,-1.06719888,1.179661542,-0.458148929,-3.902207177,0.460592372,1756823248
4.900500685,-0.600598473,0.385244439,-0.279776297,-3.402519324,0.558330828,1756823248
4.835894475,-0.193818631,-0.167497582,-0.217468025,-2.877175377,0.591317568,1756823248
4.725824635,0.107677017,-0.658026215,-0.197920337,-2.370157177,0.587652324,1756823248
4.402793584,0.411565487,-0.914058233,-0.260228591,-1.769065747,0.593761012,1756823248
4.134797453,0.461814762,-0.801595571,-0.353080108,-1.144761387,0.525344105,1756823248
3.960121403,0.215354034,-0.320638228,-0.316428176,-0.477696634,0.438601224,1756823248
3.885943902,-0.418743955,0.346959277,-0.213802833,0.235793982,0.287106679,1756823248
3.912264951,-1.366301705,1.18684001,0.072082098,0.974940938,0.061086524,1756823248
4.110869227,-2.352144616,2.237289131,0.579100246,1.590693063,-0.227241869,1756823248
4.642075844,-3.156133009,3.962514226,1.143539674,2.085493888,-0.592539299,1756823248
5.800201982,-3.632304707,6.970292234,1.844812967,2.453234762,-0.8906415,1756823248
7.082754896,-2.593819698,12.36132155,2.491108372,2.729345972,-1.059240306,1756823248
8.195417405,0.452243471,19.90589121,2.593733819,2.91138369,-0.983492999,1756823248
7.915457161,3.268595672,25.38545496,1.937664483,3.108082367,-0.882089421,1756823248
7.623532804,3.613162126,23.87797673,1.209513224,2.874731933,-0.726929668,1756823248
8.106882969,3.048455992,22.54278171,0.840550568,1.964542571,-0.6414085,1756823248
6.364908116,3.242274623,21.05444606,0.657290996,1.418429031,0.464257581,1756823248
5.395814963,1.871187273,21.8632201,-0.053756141,1.155757048,0.427605667,1756823248
5.31924464,0.332602341,20.92284081,-0.626747734,1.007927643,0.653625822,1756823248
4.747360038,-1.430907915,18.89133443,-1.016479791,0.938288971,0.691499432,1756823248
3.69930374,-2.88095841,16.18505207,-1.235169459,0.978606112,0.753807686,1756823248
2.495713972,-3.641875997,13.09591809,-1.456302763,1.093448811,0.744033878,1756823248
1.268195978,-3.783052531,10.31785105,-1.55159774,1.238834755,0.643851944,1756823248
0.251246373,-3.452843012,8.171489179,-1.58947135,1.389107482,0.51190507,1756823248
-0.605384118,-2.909672282,6.357729648,-1.489289486,1.529606539,0.273667627,1756823248
-0.921236701,-1.97886429,4.637290199,-1.255938912,1.579697541,0.140499005,1756823248
-2.14396905,-2.340180503,3.546163093,-1.048244766,1.593136524,0.014660766,1756823248
-2.242074776,-1.67497582,2.256431712,-0.847880986,1.517389287,-0.327423768,1756823248
-2.411965181,-1.469193076,1.50029977,-0.56321775,1.326799245,-0.438601224,1756823248
-2.428714939,-1.048056299,0.96670033,-0.302989176,1.116661655,-0.581543707,1756823248
-2.44785752,-0.626919521,0.758524764,-0.009773844,0.883311152,-0.572991628,1756823248
-2.268395825,-0.06460621,0.356530567,0.145385927,0.607200064,-0.576656802,1756823248
-2.167897276,0.643669279,-0.004785645,0.234572251,0.344527994,-0.508239896,1756823248
-1.887937031,1.294517027,0.133998066,0.240680904,0.084299403,-0.483805251,1756823248
-1.485942835,1.911865257,1.134197912,0.164933614,-0.139277274,-0.405614518,1756823248
-1.088734283,2.349751793,3.235096155,0.147829388,-0.244346095,-0.366519143,1756823248
-0.739382183,2.885744056,5.967699564,0.145385927,-0.257785131,-0.266337244,1756823248
-0.500099923,3.23031051,8.882157491,0.248011287,-0.12950343,-0.206472451,1756823248
-0.342173632,3.936193177,11.27258727,0.360410491,0.015882496,-0.262672052,1756823248
-0.593420005,4.185046727,13.55773285,0.455705485,0.183259571,-0.334754151,1756823248
-0.437886536,5.067998267,15.05085415,0.62308256,0.350636647,-0.037873645,1756823248
-1.287338559,5.051248509,16.59422473,0.553443888,0.58398715,0.02443461,1756823248
-2.076970017,3.797409466,17.33360691,0.526565835,0.893084943,0.096516708,1756823248
-2.950350266,1.150947671,18.3912345,0.774577139,1.257160643,0.12705997,1756823248
-3.342773172,-2.115255178,19.76950032,1.242499929,1.593136524,0.095294977,1756823248
-2.876172765,-3.060420105,21.6311163,1.593136524,1.49417639,0.261450322,1756823248
-4.237688825,-2.80678091,23.61715906,1.496619834,1.24494339,0.431270841,1756823248
-5.379065205,-3.34995164,23.74637148,0.979827825,0.597426203,-0.083077672,1756823248
-5.300102059,-3.603590836,20.5926313,0.48747046,-0.328645498,-0.244346095,1756823248
-4.728217458,-4.144368743,16.83111417,-0.046425758,-1.428202962,-0.346971438,1756823248
-3.29491672,-4.742574393,13.94776294,-0.488692191,-2.514321286,-0.470366251,1756823248
-1.406979689,-4.924428911,11.61715372,-0.87231556,-3.447723282,-0.371406082,1756823248
0.636490812,-4.570291166,9.427721044,-1.02503187,-4.236961205,-0.324980324,1756823248
2.246860421,-3.854837209,7.458428044,-1.054353401,-4.838052896,-0.122173048,1756823248
3.292523898,-3.04606317,5.56809819,-1.004262469,-5.226562821,-0.002443461,1756823248
4.019941968,-2.230110663,3.771088418,-0.856433064,-5.302310058,0.199142068,1756823248
4.551148585,-1.462014609,2.294716873,-0.735481729,-5.117829158,0.356745317,1756823248
4.917250443,-0.799202748,1.038485008,-0.532674488,-4.723209934,0.456927198,1756823248
5.182853752,-0.330209519,0.124426775,-0.349414916,-4.234517744,0.551000445,1756823248
5.278566656,0.023928226,-0.346959277,-0.237015712,-3.644421976,0.561996037,1756823248
5.14456859,0.363709035,-0.665204683,-0.200363798,-3.023782929,0.592539299,1756823248
4.898107862,0.648454925,-0.933200814,-0.249233017,-2.376265672,0.604756621,1756823248
4.594219392,0.801595571,-0.940379282,-0.302989176,-1.689653214,0.574213359,1756823248
4.364508422,0.605384118,-0.535992262,-0.316428176,-0.937067258,0.505796417,1756823248
4.168296969,0.133998066,0.191425808,-0.217468025,-0.194255146,0.288328392,1756823248
4.156332856,-0.619741053,1.000199847,0.046425758,0.613308682,0.098960169,1756823248
4.244867292,-1.452443318,1.890329854,0.431270841,1.330464541,-0.211359372,1756823248
4.527220359,-2.359323084,3.017349299,0.919963031,2.010968382,-0.448375102,1756823248
5.398207786,-2.876172765,5.01535617,1.535715174,2.456900058,-0.921184762,1756823248
6.702296103,-2.725424941,8.645268054,2.208888666,2.811201948,-1.077566315,1756823248
8.298308777,-0.751346296,14.76371544,2.715906866,2.943148805,-1.058018575,1756823248
8.271987728,2.608176634,23.48076817,2.33472701,3.120299619,-0.987158242,1756823248
8.082954743,3.5892339,24.88774786,1.522276191,3.106860514,-0.840550568,1756823248
8.839086684,3.584448255,22.63849462,1.160643953,2.262644825,-0.796568253,1756823248
8.037491113,3.747160192,21.41336945,0.893084943,1.412320396,0.316428176,1756823248
6.398407632,2.849851717,22.36810566,0.428827397,1.10933129,0.565661211,1756823248
5.905486177,1.399801221,22.30110663,-0.288328392,1.087340107,0.692721163,1756823248
5.74277424,-0.167497582,20.18824428,-0.7550294,1.049466497,0.669508319,1756823248
5.017748992,-1.639083481,17.52503272,-1.045801253,1.064127262,0.759916374,1756823248
3.933800354,-2.790031152,14.69193076,-1.304808184,1.199739293,0.733038286,1756823248
2.718246474,-3.352344463,11.79182977,-1.419650744,1.353677333,0.696386406,1756823248
1.43569356,-3.381058334,9.413364108,-1.483180851,1.567480166,0.624304273,1756823248
0.236889437,-3.019742121,7.401000302,-1.502728451,1.783726443,0.454483755,1756823248
-0.856630491,-2.627319215,5.596812061,-1.43675504,1.951103588,0.235793982,1756823248
-1.641476304,-2.234896308,3.919443419,-1.258382356,2.050063722,0.020769418,1756823248
-2.196611147,-1.761117434,2.629712037,-1.036027461,2.026850808,-0.237015712,1756823248
-2.560320182,-1.421336624,1.758724611,-0.770911896,1.90467776,-0.34086282,1756823248
-2.811566555,-1.08634146,1.30648114,-0.458148929,1.729970407,-0.510683339,1756823248
-2.945564621,-0.693918554,1.028913718,-0.158824962,1.478293824,-0.540004888,1756823248
-3.010170831,-0.215354034,0.65324057,0.063529985,1.215621859,-0.588874125,1756823248
-2.979064137,0.41395831,0.098105727,0.2565634,0.919963031,-0.58276542,1756823248
-2.758924458,1.105484041,-0.189032985,0.327423768,0.587652324,-0.518013722,1756823248
-2.464607278,1.84965187,0.256032018,0.312763002,0.226020138,-0.494800843,1756823248
-2.134397759,2.533999133,1.792224127,0.215024564,-0.069638637,-0.480140077,1756823248
-1.68454711,3.129811961,4.065405597,0.095294977,-0.261450322,-0.432492606,1756823248
-1.263410333,3.737588901,6.759723845,0.092851516,-0.386066848,-0.364075699,1756823248
-1.06719888,4.278366809,9.535398061,0.155159771,-0.386066848,-0.298102236,1756823248
-0.811166861,4.972285363,11.61954655,0.333532438,-0.346971438,-0.278554549,1756823248
-0.799202748,5.560919722,13.61276777,0.433714319,-0.234572251,-0.109955743,1756823248
-1.048056299,6.419943036,15.87637795,0.390953752,-0.188146493,-0.057421332,1756823248
-1.313659607,6.065805291,17.22114425,0.215024564,-0.006108652,-0.004886922,1756823248
-1.581655739,3.70887503,16.82872135,0.112399204,0.22968533,0.130725161,1756823248
-2.079362839,0.437886536,17.90309869,0.465479312,0.58276542,0.095294977,1756823248
-1.758724611,-2.919243572,19.94178355,1.150870144,0.91018924,0.105068821,1756823248
-1.84965187,-4.321437616,21.43251203,1.485624312,0.945619389,0.10140363,1756823248
-1.983649935,-2.842673249,22.5834597,1.56992361,0.722042694,0.097738438,1756823248
-2.266003002,-3.132204783,23.43291172,1.187522041,0.095294977,0.339641055,1756823248
-2.699103893,-2.56749865,20.71466525,0.596204472,-0.704938467,0.364075699,1756823248
-3.450450189,-4.393222294,17.90309869,-0.089186325,-1.574810636,-0.002443461,1756823249
-1.677368643,-4.110869227,14.88814222,-0.616973856,-2.389704777,-0.276111088,1756823249
-0.198604276,-4.49132802,12.50967655,-0.983492999,-3.077539105,-0.356745317,1756823249
1.332802188,-3.95772858,10.13838936,-1.1484267,-3.632204724,-0.311541271,1756823249
2.617747924,-3.550948738,7.879564822,-1.134987595,-4.075692939,-0.22968533,1756823249
3.433700431,-2.797209619,5.697310611,-1.078788028,-4.357912644,-0.116064395,1756823249
3.926621887,-2.048256146,3.83808745,-1.028697044,-4.447098986,0.054977871,1756823249
4.405186407,-1.337587833,2.340180503,-0.896750187,-4.306599929,0.163711884,1756823249
4.713860522,-0.780060168,1.083948638,-0.834441933,-4.013384563,0.304210889,1756823249
4.948357137,-0.30388847,0.263210486,-0.669508319,-3.563787835,0.414166631,1756823249
5.108676251,-0.004785645,-0.296710002,-0.518013722,-3.104417053,0.441044702,1756823249
5.108676251,0.217746857,-0.65324057,-0.438601224,-2.632829281,0.477696634,1756823249
4.965106895,0.401994197,-0.887737185,-0.423940493,-2.070833192,0.540004888,1756823249
4.735395925,0.334995164,-0.787238635,-0.401949344,-1.496619834,0.558330828,1756823249
4.560719876,0.296710002,-0.461814762,-0.342084533,-0.924850006,0.384845083,1756823249
4.524827537,-0.739382183,0.500099923,-0.312763002,-0.315206445,0.173485728,1756823249
4.522434714,-1.299302672,1.330409366,0.02443461,0.395840674,-0.089186325,1756823249
4.744967216,-2.03389921,2.242074776,0.544891775,1.119105169,-0.371406082,1756823249
5.000999234,-2.794816797,3.390629624,1.07145761,1.819156732,-0.682947354,1756823249
5.706881901,-3.421736318,4.957928427,1.700648858,2.392148238,-0.860098238,1756823249
6.783652071,-3.474378415,7.412964415,2.321287905,2.798984434,-1.142317943,1756823249
8.238488212,-2.397608245,11.51186953,2.693915805,2.919935891,-1.044579522,1756823249
8.626125473,0.65324057,18.31466418,2.640159629,2.983465858,-0.977384381,1756823249
8.815158458,2.610569457,24.54796705,1.9242255,3.081204139,-0.697608119,1756823249
8.884550314,3.282952607,23.13859454,1.264490991,2.802649748,-0.405614518,1756823249
8.769694829,1.698904046,21.99003969,0.945619389,2.05739407,-0.186924763,1756823249
6.989434815,1.292124204,21.24826469,0.590095838,1.747074546,0.67928211,1756823249
5.79780916,0.136390888,21.88954114,-0.206472451,1.677435962,0.675616936,1756823249
5.07996238,-1.253839042,20.97548291,-0.75747293,1.727526946,0.849102716,1756823249
4.079762533,-2.744567522,19.26700758,-1.134987595,1.861917246,0.704938467,1756823249
2.691925425,-3.641875997,17.05125385,-1.248608564,2.030515982,0.769690165,1756823249
1.502692593,-3.94815729,14.39043512,-1.354899046,2.063502827,0.786794462,1756823249
0.473778875,-2.99102825,11.64108195,-1.315803706,2.032959565,0.65973444,1756823249
-0.351744922,-2.732603409,10.02114105,-1.262047547,1.905899491,0.829554976,1756823249
-2.541177601,-2.234896308,8.260023615,-1.337794907,1.930334118,0.532674488,1756823249
-2.933600508,-1.378265818,5.967699564,-1.248608564,1.776396095,0.141720735,1756823249
-3.452843012,-0.765703232,4.007977855,-1.087340107,1.612684264,-0.07696902,1756823249
-3.500699464,-0.172283227,2.524427843,-0.884532865,1.369559881,-0.252898209,1756823249
-3.622733416,0.145962179,1.646261949,-0.689055989,1.062905549,-0.361632204,1756823249
-3.515056399,0.421136778,1.031306541,-0.450818546,0.73792519,-0.543670062,1756823249
-3.424129141,0.863808959,0.820738152,-0.246789556,0.453261989,-0.566882941,1756823249
-3.187239703,1.284945736,0.454636294,-0.065973446,0.222354947,-0.645073674,1756823249
-2.931207685,1.667797352,0.038285162,0.083077672,-0.004886922,-0.585208881,1756823249
-2.318645099,2.167897276,-0.244067905,0.112399204,-0.290771853,-0.634078152,1756823249
-1.773081547,2.629712037,0.186640163,0.085521133,-0.566882941,-0.594982742,1756823249
-1.062413234,3.151347364,1.596012674,0.032986723,-0.786794462,-0.485027017,1756823249
-0.466600407,3.455235834,3.998406565,0.006108652,-0.907745709,-0.390953752,1756823249
-0.081355968,3.780659708,6.549155456,-0.117286126,-0.94806285,-0.313984732,1756823249
0.078963146,4.170689792,9.169296203,-0.095294977,-0.85154616,-0.28221974,1756823249
-0.224925324,4.228117534,11.27498009,-0.05253441,-0.537561392,-0.268780705,1756823249
-0.30388847,5.517848916,12.52403349,0.196698607,-0.114842665,-0.482583538,1756823249
0.641276457,6.204589002,14.42632746,0.510683339,0.107512282,-0.048869219,1756823249
0.098105727,6.034698597,16.25444392,0.504574687,0.321315115,0.00122173,1756823249
-0.70827549,3.409772205,16.66840223,0.452040276,0.752585956,0.02443461,1756823249
-0.954736217,0.60777694,17.3527495,0.729373112,1.167974301,-0.014660766,1756823249
-1.524227996,-2.773281393,19.13061669,1.346346968,1.599245141,-0.107512282,1756823249
-1.952543242,-3.816552047,21.01376807,1.762957112,1.726305233,-0.058643063,1756823249
-1.572084448,-1.962114532,22.63131615,1.849699994,1.342681794,0.00122173,1756823249
-3.302095188,-4.043870194,24.44268286,1.304808184,0.767246722,0.259006861,1756823249
-4.663611247,-5.297709236,22.18864397,0.598647916,-0.063529985,0.10262536,1756823249
-3.70887503,-5.063212622,18.60419572,0.02565634,-1.150870144,-0.288328392,1756823249
-2.390429777,-5.235495849,15.75673682,-0.376292969,-2.095267819,-0.312763002,1756823249
-1.217946703,-5.771488111,13.49312664,-0.85276789,-2.968805162,-0.497244304,1756823249
0.435493713,-5.27378101,11.25823033,-1.031140557,-3.744603963,-0.422718727,1756823249
1.974078645,-4.338187374,8.805587168,-1.05190994,-4.295604268,-0.35796703,1756823249
3.096312444,-3.058027283,6.553941101,-0.95661498,-4.668232168,-0.226020138,1756823249
3.83808745,-2.062613081,4.658825602,-0.92851518,-4.798957154,-0.047647489,1756823249
4.498506488,-0.725025248,2.952743088,-0.788016192,-4.696331724,0.151494579,1756823249
4.847858588,-0.394815729,1.73001074,-0.823446341,-4.398229715,0.290771853,1756823249
5.19960351,0.071784678,0.72741807,-0.79412481,-3.931528586,0.411723171,1756823249
5.450849883,0.351744922,0.074177501,-0.714712346,-3.381749871,0.481361808,1756823249
5.467599641,0.411565487,-0.363709035,-0.64018677,-2.803871339,0.597426203,1756823249
5.302494882,0.504885569,-0.748953474,-0.614530412,-2.186897605,0.656069266,1756823249
5.039284396,0.593420005,-0.918843878,-0.60231309,-1.580919271,0.692721163,1756823249
4.608576328,0.619741053,-0.851844846,-0.58398715,-0.939510771,0.697608119,1756823249
4.256831405,0.076570323,-0.279960244,-0.527787566,-0.200363798,0.673173492,1756823249
3.943371645,-0.215354034,0.346959277,-0.372627795,0.439822989,0.466701042,1756823249
3.696910917,-0.954736217,1.182054364,0.006108652,1.12887896,0.216246294,1756823249
3.596412368,-1.765903079,2.029113565,0.458148929,1.7898352,0.007330383,1756823249
3.684946804,-2.486142681,3.160918655,0.989601703,2.302961896,-0.370184317,1756823249
4.290330922,-2.943171798,5.103890606,1.674992501,2.692693953,-0.693942876,1756823249
5.362315447,-2.907279459,8.394021681,2.323731349,2.984687467,-0.987158242,1756823249
6.441478439,-1.552941867,13.72283761,2.786767182,3.109303958,-1.018923235,1756823249
6.958328121,1.624726545,22.0331105,2.575407809,3.22536851,-0.905302266,1756823249
6.544369811,3.594019545,26.00041037,1.715309571,3.242472667,-0.739146903,1756823249
6.527620053,4.283152454,24.26561399,0.985936529,2.719572163,-0.532674488,1756823249
6.173482308,2.639283328,21.05444606,0.620639099,1.804495896,-0.279776297,1756823249
4.194618018,1.682154288,19.97767589,0.370184317,1.510058816,0.425162223,1756823249
3.278166962,-0.05503492,20.85344896,-0.309097793,1.365894708,0.339641055,1756823249
3.105883735,-1.617548078,20.31027823,-0.818559454,1.30236474,0.454483755,1756823249
2.677568489,-3.256631559,18.53480386,-1.087340107,1.297477696,0.370184317,1756823249
2.048256146,-4.457828504,16.2735865,-1.213178398,1.323134071,0.408057962,1756823249
1.172483074,-4.764109797,13.59123237,-1.268156304,1.303586453,0.406836231,1756823249
0.354137745,-4.213760599,11.52622646,-1.273043191,1.310916819,0.431270841,1756823249
-0.315852583,-2.931207685,9.822536773,-1.211956667,1.266934434,0.463035868,1756823249
-0.832702265,-2.404786713,8.468199181,-1.163087396,1.204626197,0.480140077,1756823249
-2.644068973,-2.132004937,6.853043926,-1.213178398,1.266934434,0.28099801,1756823249
-2.773281393,-1.304088317,4.869393991,-1.114218194,1.1484267,-0.02443461,1756823249
-3.007778008,-0.693918554,3.302095188,-0.976162651,1.006705913,-0.254119939,1756823249
-3.089133977,-0.284745889,2.0434705,-0.780685774,0.79534654,-0.354301821,1756823249
-3.122633493,-0.011964113,1.179661542,-0.596204472,0.577878533,-0.488692191,1756823249
-3.117847848,0.244067905,0.725025248,-0.399505848,0.361632204,-0.524122392,1756823249
-3.024527766,0.624526699,0.387637261,-0.184481302,0.189368224,-0.537561392,1756823249
-2.868994297,0.976271621,0.105284194,-0.07819075,0.006108652,-0.579100246,1756823249
-2.397608245,1.304088317,-0.145962179,-0.029321531,-0.195476876,-0.56321775,1756823249
-1.787438482,1.402194044,0.23928226,0.069638637,-0.382401639,-0.540004888,1756823249
-1.191625655,1.512263883,1.49072848,0.146607657,-0.549778714,-0.403171057,1756823249
-0.808774039,1.787438482,3.701696562,0.265115513,-0.662177901,-0.307876063,1756823249
-0.442672181,2.335394858,6.199803357,0.365297412,-0.713490616,-0.296880506,1756823249
-0.217746857,2.845066071,8.776873297,0.530231009,-0.62308256,-0.243124365,1756823249
-0.141176533,3.481556883,11.2869442,0.65973444,-0.454483755,-0.20402899,1756823249
-0.29431718,3.550948738,13.78026535,0.758694643,-0.250454748,-0.246789556,1756823249
0.212961211,4.218546244,15.28774359,0.879645978,-0.05009095,-0.15271631,1756823249
-0.524028149,3.754338659,17.18285909,0.908967509,0.189368224,0.081855942,1756823249
-1.138983558,2.201396792,18.58983878,1.028697044,0.607200064,0.144164196,1756823249
-1.885544209,0.098105727,19.46561185,1.447750562,0.992045147,0.069638637,1756823249
-2.349751793,-1.868794451,19.98724718,1.783726443,1.136209308,-0.002443461,1756823249
-2.344966148,-2.723032119,21.40140533,1.77028746,0.857654777,0.067195176,1756823249
-2.866601475,-2.983849782,23.40180503,1.423316057,0.433714319,0.163711884,1756823249
-3.756731482,-4.728217458,23.77029971,0.822224628,-0.243124365,-0.210137642,1756823249
-2.940778975,-4.780859555,21.36312017,0.376292969,-1.152091874,-0.35918876,1756823249
-2.050648968,-5.216353268,18.51566128,-0.124616509,-2.067168001,-0.452040276,1756823249
-0.538385085,-5.395814963,16.22333723,-0.529009279,-2.972470214,-0.522900626,1756823249
1.277767268,-4.953142782,14.04826148,-0.8906415,-3.795916677,-0.50701813,1756823249
2.945564621,-3.991228097,11.58604703,-1.040914348,-4.483750744,-0.397062405,1756823249
4.070191243,-2.813959378,9.025726847,-1.094670524,-4.913800133,-0.304210889,1756823250
4.929214556,-1.861615983,6.585047795,-1.097113985,-5.101946592,-0.05131268,1756823250
5.532205851,-0.794417103,4.496113665,-1.104444333,-4.957782238,0.105068821,1756823250
5.998806258,0.117248307,2.658425909,-1.044579522,-4.575380529,0.376292969,1756823250
6.302694728,0.631705166,1.098305573,-0.995710321,-3.960850239,0.56443948,1756823250
6.374479406,0.971485976,-0.021535403,-0.900415361,-3.26324212,0.649960648,1756823250
6.324230132,0.930807991,-0.576670247,-0.823446341,-2.587625062,0.779464044,1756823250
6.089733517,0.820738152,-0.911665411,-0.723264425,-1.930334118,0.849102716,1756823250
5.73320295,0.792024281,-1.258624688,-0.685390797,-1.328020958,0.922406475,1756823250
5.213960445,0.763310409,-1.473978722,-0.646295405,-0.746477321,0.952949737,1756823250
4.668396893,0.691525731,-1.442872028,-0.586430594,-0.1282817,0.923628205,1756823250
4.098905114,0.41395831,-1.031306541,-0.497244304,0.443488163,0.864985195,1756823250
3.560520029,0.026321049,-0.342173632,-0.322536846,1.037249174,0.71837752,1756823250
3.182454058,-0.397208552,0.361316213,-0.035430184,1.618792881,0.530231009,1756823250
3.002992363,-0.935593637,1.232303639,0.333532438,2.122145768,0.298102236,1756823250
2.912065104,-1.715653804,2.414358003,0.789237905,2.552194895,0.023212879,1756823250
3.314059301,-1.725225095,4.00319221,1.312138532,2.900388029,-0.22968533,1756823250
4.091726646,-1.78504566,6.979863524,1.912008248,3.143512533,-0.415388345,1756823250
5.051248509,-1.069591702,12.19143115,2.420248039,3.3218852,-0.543670062,1756823250
5.489135044,1.040877831,19.72164387,2.626720524,3.538131477,-0.559552576,1756823250
5.618347465,3.907479306,25.34477698,2.059837531,3.639535072,-0.494800843,1756823250
4.967499718,4.13240463,24.72742875,1.253495469,3.343876244,-0.452040276,1756823250
5.560919722,4.285545277,21.41097662,0.62308256,2.447126266,-0.223576677,1756823250
5.630311578,3.981656806,17.52981837,0.537561392,1.657888222,0.17837265,1756823250
2.117648001,1.253839042,19.37707741,0.046425758,1.372003342,0.454483755,1756823250
2.225325018,-0.449850649,20.12363807,-0.455705485,1.20584791,0.386066848,1756823250
2.002792516,-2.179861389,19.25504346,-0.850324429,1.106887777,0.382401639,1756823250
1.574477271,-3.914657774,17.40060595,-1.054353401,1.07145761,0.30665435,1756823250
1.074377347,-4.878965281,14.8020006,-1.181413406,1.095892255,0.337197611,1756823250
1.179661542,-3.550948738,12.20339526,-1.117883438,1.027475313,0.461814103,1756823250
-0.736989361,-4.345365842,11.02612654,-1.222952207,1.106887777,0.695164676,1756823250
-1.959721709,-4.409972052,9.312865559,-1.34023835,1.182635136,0.28221974,1756823250
-2.0434705,-3.433700431,7.020541508,-1.209513224,1.072679341,-0.061086524,1756823250
-2.359323084,-2.469392923,4.955535605,-1.05190994,0.971275764,-0.149051118,1756823250
-2.452643165,-1.643869126,3.393022447,-0.806342132,0.800233427,-0.279776297,1756823250
-2.536391956,-1.019342428,2.431107762,-0.625526004,0.580321976,-0.35796703,1756823250
-2.507678085,-0.535992262,1.995614048,-0.428827397,0.379958178,-0.441044702,1756823250
-2.505285262,-0.100498549,1.720439449,-0.312763002,0.235793982,-0.467922755,1756823250
-2.488535504,0.112462662,1.296909849,-0.196698607,0.100181899,-0.481361808,1756823250
-2.313859454,0.385244439,0.586241537,-0.081855942,-0.018325957,-0.532674488,1756823250
-2.08893413,0.624526699,0.047856452,0.047647489,-0.161268423,-0.508239896,1756823250
-1.579262916,0.803988394,0.301495648,0.158824962,-0.270002435,-0.461814103,1756823250
-1.083948638,1.050449121,1.588834206,0.267558974,-0.378736465,-0.395840674,1756823250
-0.696311377,1.375872995,3.816552047,0.318871654,-0.382401639,-0.30054568,1756823250
-0.392422906,1.808973886,6.266802389,0.43493605,-0.35796703,-0.234572251,1756823250
-0.241675083,2.404786713,8.793623055,0.605978334,-0.28099801,-0.226020138,1756823250
-0.220139679,3.148954542,11.48554848,0.739146903,-0.118507856,-0.175929189,1756823250
-0.483350165,3.316452124,13.8592285,0.834441933,0.05253441,-0.106290551,1756823250
-0.562313311,4.027120436,15.37627803,0.900415361,0.163711884,-0.130725161,1756823250
-0.937986459,3.725624788,16.93879119,0.929736893,0.370184317,-0.106290551,1756823250
-1.430907915,2.533999133,17.89113458,0.982271286,0.671951762,-0.045204028,1756823250
-2.03389921,0.557527666,18.25484362,1.290147348,0.939510771,0.004886922,1756823250
-2.572284295,-1.744367675,18.64965934,1.555262914,0.999375495,-0.035430184,1756823250
-2.768495748,-2.737389054,20.28635,1.558928088,0.805120401,-0.067195176,1756823250
-3.180061235,-2.849851717,22.33221333,1.276708383,0.404392788,-0.149051118,1756823250
-3.177668413,-3.249453091,22.72942188,0.817337724,-0.167377075,-0.208915911,1756823250
-3.029313412,-3.737588901,20.80319968,0.361632204,-0.930958623,-0.309097793,1756823250
-2.347358971,-4.249652938,18.5491608,-0.081855942,-1.769065747,-0.422718727,1756823250
-1.093519928,-4.465006972,16.4004061,-0.458148929,-2.566855853,-0.461814103,1756823250
0.464207584,-4.065405597,14.12961745,-0.767246722,-3.287676625,-0.516792009,1756823250
2.103291065,-3.395415269,11.77508001,-0.873537273,-3.937637343,-0.444709893,1756823250
3.249453091,-2.672782844,9.346365076,-0.970054033,-4.443433673,-0.335975881,1756823250
4.146761566,-1.689332756,6.750152555,-0.971275764,-4.732983743,-0.207694181,1756823250
4.797609313,-0.703489844,4.668396893,-0.961501885,-4.764748858,0.010995574,1756823250
5.235495849,0.215354034,2.873779943,-0.889419769,-4.497190111,0.245567826,1756823250
5.5585269,0.760917587,1.411765334,-0.797789984,-4.087910191,0.366519143,1756823250
5.836094321,1.040877831,0.433100891,-0.735481729,-3.517362024,0.483805251,1756823250
5.938985693,1.115055332,-0.198604276,-0.642630231,-2.906496786,0.626747734,1756823250
5.848058434,1.129412267,-0.545563553,-0.580321976,-2.304183748,0.685390797,1756823250
5.539384319,1.079162993,-0.887737185,-0.536339679,-1.71286611,0.786794462,1756823250
5.103890606,1.083948638,-1.158126138,-0.500909513,-1.121548612,0.761138104,1756823250
4.663611247,0.928415169,-1.036092186,-0.454483755,-0.521678896,0.747699052,1756823250
4.120440517,0.667597505,-0.586241537,-0.355523586,0.097738438,0.627969465,1756823250
3.639483175,0.136390888,0.033499516,-0.182037841,0.689055989,0.481361808,1756823250
3.333201882,-0.373280326,0.760917587,0.118507856,1.276708383,0.265115513,1756823250
3.12024067,-0.890130007,1.701296869,0.525344105,1.787391757,-0.041538836,1756823250
3.309273656,-1.330409366,2.928814862,1.036027461,2.214997424,-0.274889357,1756823250
3.950550113,-1.430907915,5.084748025,1.598023428,2.588846914,-0.442266432,1756823250
4.878965281,-1.091127106,9.245866526,2.149023856,2.798984434,-0.580321976,1756823250
5.68773932,0.339780809,15.8285215,2.517986582,3.028669834,-0.707381928,1756823250
6.09212634,3.029313412,23.06920269,2.257757938,3.30111573,-0.768468452,1756823250
6.09212634,3.649054465,24.81117754,1.579697541,3.279124686,-0.696386406,1756823250
5.989234968,4.41715052,22.33939179,1.070235897,2.7000243,-0.586430594,1756823250
5.587240771,3.180061235,20.00160411,0.866206925,1.659109952,-0.200363798,1756823250
4.208974953,1.959721709,19.8197496,0.593761012,1.273043191,0.411723171,1756823250
3.043670347,0.177068872,20.98983985,0.017104227,1.172861205,0.400727579,1756823250
3.297309543,-1.471585899,20.45384758,-0.458148929,1.099557429,0.329867229,1756823250
3.17527559,-3.079562686,18.77647894,-0.739146903,1.054353401,0.344527994,1756823250
2.868994297,-4.091726646,16.55593957,-0.904080535,1.006705913,0.34086282,1756823250
2.230110663,-5.118247541,14.50050496,-1.028697044,1.004262469,0.364075699,1756823250
1.493121302,-4.974678185,12.48814115,-1.116661655,1.066570723,0.421497014,1756823250
0.660419038,-4.268795518,10.77727299,-1.167974301,1.116661655,0.399505848,1756823250
-0.004785645,-3.17527559,9.111868461,-1.180191693,1.120326882,0.404392788,1756823250
-0.356530567,-2.072184372,7.144968284,-1.050688227,1.058018575,0.408057962,1756823250
-2.069791549,-2.277967115,5.333601575,-1.112996464,1.122770343,0.337197611,1756823250
-1.806581063,-0.775274522,3.256631559,-0.900415361,0.974940938,0.073303829,1756823250
-2.09850542,-0.406779842,2.136790582,-0.777020583,0.846659185,-0.063529985,1756823250
-2.215753728,-0.038285162,1.301695494,-0.592539299,0.729373112,-0.139277274,1756823250
-2.397608245,0.177068872,0.775274522,-0.423940493,0.580321976,-0.243124365,1756823250
-2.526820666,0.265603309,0.323031051,-0.266337244,0.503352956,-0.298102236,1756823250
-2.50289244,0.512064036,-0.267996131,-0.081855942,0.442266432,-0.364075699,1756823250
-2.390429777,0.823130974,-0.552742021,0.069638637,0.324980324,-0.412944901,1756823250
-1.90468679,1.069591702,0,0.171042267,0.160046692,-0.444709893,1756823250
-1.399801221,1.32562372,1.607976787,0.234572251,0.05253441,-0.412944901,1756823250
-0.909272588,1.691725578,4.00319221,0.372627795,0.014660766,-0.343306264,1756823250
-0.70827549,2.179861389,6.530012875,0.392175465,-0.081855942,-0.285884914,1756823250
-0.562313311,2.873779943,9.229116768,0.518013722,-0.081855942,-0.289550123,1756823250
-0.775274522,3.34038035,11.78704413,0.620639099,-0.023212879,-0.273667627,1756823250
-0.342173632,4.558327053,13.77547971,0.752585956,0.031764992,-0.131946891,1756823250
-0.988235734,5.151747058,16.23769416,0.764803278,0.107512282,0.039095375,1756823250
-1.514656706,4.89571504,17.91266998,0.770911896,0.265115513,0.046425758,1756823250
-1.92382937,3.168097122,18.65444499,0.824668072,0.547335271,0.059864793,1756823250
-2.581855585,0.703489844,19.30529274,1.233947729,0.817337724,0.020769418,1756823250
-2.821137845,-1.806581063,19.15933056,1.588249619,0.875980734,-0.063529985,1756823250
-2.545963246,-2.158325985,19.82214242,1.659109952,0.568104654,0.047647489,1756823250
-2.892922523,-2.275574293,21.92543348,1.380555403,0.167377075,0.096516708,1756823250
-2.770888571,-2.557927359,22.8059922,0.952949737,-0.467922755,-0.004886922,1756823250
-2.227717841,-2.897708169,21.06162453,0.497244304,-1.246165121,-0.02443461,1756823250
-2.667997199,-4.340580196,18.89612007,-0.069638637,-2.009746669,-0.206472451,1756823250
-0.600598473,-3.95772858,16.19701618,-0.535117949,-2.715906866,-0.38362337,1756823250
1.045663476,-3.933800354,13.70369503,-0.866206925,-3.364645715,-0.452040276,1756823250
2.478964214,-3.421736318,11.12662509,-1.036027461,-3.911980968,-0.419053553,1756823250
3.665804223,-2.730210587,8.420342729,-1.048244766,-4.305378077,-0.311541271,1756823250
4.520041891,-1.866401628,6.061019646,-1.065348993,-4.477641987,-0.156381501,1756823250
5.094319315,-0.906879765,4.256831405,-1.012814547,-4.425107663,0.02687807,1756823250
5.541777142,-0.014356936,2.507678085,-0.904080535,-4.118453453,0.243124365,1756823251
5.785845047,0.497707101,1.177268719,-0.810007306,-3.657861081,0.384845083,1756823251
5.948556984,0.799202748,0.270388954,-0.714712346,-3.097086705,0.536339679,1756823251
5.946164161,0.849452023,-0.418743955,-0.685390797,-2.511877825,0.648738848,1756823251
5.766702466,0.985842911,-0.885344362,-0.656069266,-1.901012586,0.777020583,1756823251
5.417350366,0.971485976,-1.270588801,-0.689055989,-1.314581993,0.823446341,1756823251
4.919643266,0.82791662,-1.452443318,-0.673173492,-0.711047172,0.884532865,1756823251
4.484149552,0.595812827,-1.272981623,-0.596204472,-0.166155345,0.842994011,1756823251
4.0127635,0.069391855,-0.674775973,-0.448375102,0.420275284,0.777020583,1756823251
3.567698497,-0.526420972,0.088534436,-0.135612083,0.95661498,0.572991628,1756823251
3.182454058,-1.115055332,1.02173525,0.243124365,1.490511216,0.326202055,1756823251
3.05563446,-1.708475336,2.134397759,0.762359817,1.970651328,0.042760567,1756823251
3.314059301,-2.086541307,3.620340594,1.30236474,2.421469891,-0.131946891,1756823251
3.840480273,-2.210968082,6.362515293,1.852143455,2.703689614,-0.397062405,1756823251
4.7856452,-1.78504566,10.77488017,2.488664911,2.973692067,-0.494800843,1756823251
5.247459962,0.088534436,16.89332756,2.785545591,3.238807615,-0.519235452,1756823251
5.300102059,2.629712037,22.40878365,2.475226067,3.442836395,-0.49357913,1756823251
5.381458027,3.608376481,23.66501551,1.965764284,3.374419506,-0.38362337,1756823251
5.38385085,3.077169864,23.66501551,1.37933369,2.894279533,-0.180816111,1756823251
5.326423108,2.543570424,20.77927146,1.138652769,1.941329779,0.017104227,1756823251
3.022134944,1.30648114,21.02573219,0.877202447,1.525941365,0.274889357,1756823251
2.02432792,0.145962179,22.46621139,0.17959438,1.353677333,0.34086282,1756823251
1.773081547,-1.162911784,21.37508429,-0.498466017,1.16675257,0.28099801,1756823251
1.624726545,-2.830709136,19.12343822,-0.959058441,1.044579522,0.273667627,1756823251
1.524227996,-3.541377448,16.25444392,-1.153313605,0.893084943,0.355523586,1756823251
1.471585899,-4.175475437,14.05543995,-1.259604086,0.766024991,0.532674488,1756823251
0.698704199,-4.120440517,12.19382397,-1.403768317,0.781907487,0.653625822,1756823251
0.145962179,-3.629911884,10.50449121,-1.413542126,0.728151381,0.665843145,1756823251
-0.380458793,-2.907279459,8.848657975,-1.400103143,0.64018677,0.30054568,1756823251
-0.854237668,-2.060220259,6.924828604,-1.298699566,0.634078152,0.267558974,1756823251
-1.110269686,-1.134197912,5.158925526,-1.087340107,0.587652324,0.147829388,1756823251
-1.282552914,-0.382851616,3.737588901,-0.972497477,0.529009279,0.014660766,1756823251
-1.395015576,0.179461695,2.713460828,-0.808785575,0.465479312,-0.045204028,1756823251
-1.447657673,0.600598473,2.014756629,-0.701273293,0.426383936,-0.108734012,1756823251
-1.636690658,0.839880733,1.277767268,-0.60353489,0.395840674,-0.122173048,1756823251
-1.866401628,1.146162025,0.306281293,-0.441044702,0.3775147,-0.133168622,1756823251
-2.079362839,1.452443318,-0.758524764,-0.316428176,0.305432619,-0.141720735,1756823251
-2.234896308,1.763510256,-1.476371544,-0.20402899,0.218689755,-0.191811685,1756823251
-2.014756629,1.926222193,-1.263410333,-0.07574729,0.144164196,-0.215024564,1756823251
-1.634297836,1.940579129,0.057427742,0.013439035,0.094073247,-0.239459173,1756823251
-1.038485008,1.911865257,2.275574293,0.186924763,0.105068821,-0.243124365,1756823251
-0.602991295,1.950150419,5.005784879,0.492357365,0.12705997,-0.268780705,1756823251
-0.311066938,2.376072842,8.334201116,0.708603641,0.278554549,-0.223576677,1756823251
-0.363709035,3.22073922,11.50229824,0.895528457,0.425162223,-0.145385927,1756823251
-0.54317073,4.405186407,14.05065431,0.941954215,0.485027017,-0.087964594,1756823251
-1.339980656,4.979463831,16.06541094,0.955393267,0.570548115,-0.031764992,1756823251
-2.26361018,5.012963347,17.04407538,0.840550568,0.725707938,-0.056199602,1756823251
-3.038884702,4.158725679,17.76670781,0.824668072,0.95661498,-0.151494579,1756823251
-3.744767369,2.32821639,18.46780483,0.992045147,1.136209308,-0.166155345,1756823251
-4.733003103,0.524028149,18.59462442,1.33901662,1.165530857,-0.313984732,1756823251
-4.488935198,-1.756331788,18.26202208,1.466076572,0.828333246,-0.34086282,1756823251
-4.335794551,-2.287538406,20.12124524,1.312138532,0.279776297,-0.370184317,1756823251
-4.084548178,-2.785245506,22.39203389,0.995710321,-0.409279727,-0.373849526,1756823251
-3.462414302,-3.457628657,22.03071768,0.579100246,-1.296255983,-0.386066848,1756823251
-2.610569457,-4.189832373,19.7144654,0.141720735,-2.142915238,-0.401949344,1756823251
-1.055234767,-4.630111731,17.48914038,-0.327423768,-2.961474553,-0.508239896,1756823251
0.701097022,-4.450650036,15.3834565,-0.807563845,-3.75193431,-0.469144485,1756823251
2.421536471,-3.816552047,12.83510043,-1.067792436,-4.379903706,-0.419053553,1756823251
3.651447288,-3.041277525,10.14556782,-1.213178398,-4.857600496,-0.28221974,1756823251
4.543970117,-1.976471468,7.444071109,-1.199739293,-5.049412024,-0.092851516,1756823251
5.075176735,-0.839880733,5.185246574,-1.131322421,-4.962669125,0.05009095,1756823251
5.56809819,0.181854518,3.270988494,-1.038470905,-4.630358296,0.251676478,1756823251
5.948556984,0.890130007,1.768295901,-0.985936529,-4.105014348,0.317649941,1756823251
6.137589969,1.237089284,0.71784678,-0.965167059,-3.453832039,0.483805251,1756823251
6.11126892,1.253839042,0.062213388,-0.96761052,-2.819753905,0.515570278,1756823251
5.986842145,1.292124204,-0.507278391,-1.038470905,-2.146580412,0.575435072,1756823251
5.668596739,1.404586866,-0.916451056,-1.123992073,-1.505171912,0.619417386,1756823251
5.276173833,1.476371544,-1.229910816,-1.231504285,-0.861319951,0.681725623,1756823251
4.912464798,1.383051463,-1.25144622,-1.180191693,-0.217468025,0.685390797,1756823251
4.61096915,1.071984525,-1.028913718,-1.182635136,0.384845083,0.60353489,1756823251
4.29750939,0.512064036,-0.485742988,-0.943175945,0.913854414,0.49357913,1756823251
3.909872128,-0.251246373,0.153140646,-0.549778714,1.425759501,0.30054568,1756823251
3.529413335,-1.08634146,0.868594604,-0.056199602,1.887573621,0.106290551,1756823251
3.280559785,-1.780260014,2.072184372,0.580321976,2.290744643,-0.194255146,1756823251
3.543770271,-2.155933163,4.063012775,1.242499929,2.579073105,-0.278554549,1756823251
4.261617051,-2.313859454,7.30768022,1.915673422,2.830749549,-0.54611354,1756823251
4.993820766,-1.837687757,12.51206938,2.531425425,3.025004782,-0.432492606,1756823251
5.146961413,-0.043070807,18.45823354,2.774549929,3.271794338,-0.373849526,1756823251
4.831108829,2.081755662,22.06900284,2.475226067,3.346319705,-0.285884914,1756823251
4.565505521,2.964707201,22.08096695,1.892460508,3.078760696,-0.021991149,1756823251
4.606183505,2.940778975,22.36810566,1.304808184,2.450791301,0.210137642,1756823251
3.419343495,1.349551946,19.12583104,0.929736893,1.618792881,0.540004888,1756823251
1.507478238,-0.098105727,18.92722677,0.592539299,1.26326926,0.456927198,1756823251
1.471585899,-0.928415169,20.71227243,-0.02687807,1.10933129,0.353080108,1756823251
1.586441384,-2.261217357,20.37009879,-0.609643508,1.037249174,0.321315115,1756823251
1.572084448,-3.692125272,18.37927039,-0.972497477,0.952949737,0.241902634,1756823251
1.495514125,-3.929014709,15.68255932,-1.093448811,0.886976326,0.079412481,1756823251
0.823130974,-4.77607391,13.488341,-1.335351446,0.926071719,0.086742864,1756823251
0.236889437,-3.730410433,11.08833993,-1.409876952,0.990823416,0.1282817,1756823251
-0.028713871,-3.247060268,8.889335959,-1.387885769,0.988379973,0.172263997,1756823251
-0.689132909,-2.883351233,6.786044894,-1.332908002,0.92851518,0.043982297,1756823251
-0.983450089,-2.100898243,4.749752861,-1.209513224,0.790459636,-0.043982297,1756823251
-1.088734283,-1.368694527,3.352344463,-1.067792436,0.667064858,-0.131946891,1756823251
-1.270588801,-0.839880733,2.517249375,-0.883311152,0.554665654,-0.195476876,1756823251
-1.347159124,-0.385244439,1.952543242,-0.751364226,0.443488163,-0.194255146,1756823251
-1.457228963,0.23928226,1.450050496,-0.527787566,0.366519143,-0.268780705,1756823251
-1.718046627,0.378065971,0.799202748,-0.339641055,0.327423768,-0.208915911,1756823251
-1.85922316,1.088734283,-0.296710002,-0.201585529,0.233350521,-0.28221974,1756823251
-1.957328887,1.722832272,-0.875773072,-0.046425758,0.142942466,-0.273667627,1756823251
-1.770688724,1.945364774,-0.339780809,0.1282817,0.091629786,-0.294437062,1756823251
-1.414158157,2.230110663,1.337587833,0.296880506,0.081855942,-0.322536846,1756823251
-1.167697429,2.792423974,3.952942935,0.426383936,0.144164196,-0.364075699,1756823251
-0.868594604,3.732803256,7.731209821,0.681725623,0.321315115,-0.354301821,1756823251
-0.83748791,4.790430845,11.48076283,0.83199842,0.561996037,-0.243124365,1756823251
-1.26101751,5.43888577,14.02672608,0.886976326,0.81367248,-0.070860368,1756823251
-2.713460828,6.084947872,14.97428383,0.844215742,0.922406475,-0.07819075,1756823251
-3.206382284,5.525027383,15.49352634,0.83199842,0.94806285,-0.106290551,1756823251
-4.084548178,4.383651003,16.71865151,0.919963031,1.037249174,-0.20402899,1756823251
-4.005585032,2.445464697,18.05863216,1.154535335,1.185078597,-0.092851516,1756823251
-5.058426976,-0.028713871,18.47976894,1.411098665,1.058018575,-0.200363798,1756823251
-4.438685923,-1.663011707,19.59003863,1.624901499,0.64018677,-0.200363798,1756823251
-4.496113665,-1.986042758,22.37049849,1.490511216,0.117286126,-0.191811685,1756823251
-4.883750927,-2.99102825,23.91865471,1.083674933,-0.514348513,-0.503352956,1756823251
-3.759124305,-2.679961312,21.93979042,0.636521596,-1.391551065,-0.588874125,1756823251
-2.493321149,-2.821137845,19.01815402,0.151494579,-2.301740305,-0.651182361,1756823251
-1.028913718,-3.177668413,16.41715586,-0.289550123,-3.123964915,-0.735481729,1756823251
0.736989361,-3.541377448,14.15115286,-0.690277702,-3.855781349,-0.689055989,1756823251
1.926222193,-3.060420105,11.85643598,-0.889419769,-4.392120958,-0.658512727,1756823251
4.048655839,-3.517449222,9.523433948,-1.081231489,-4.893030663,-0.50701813,1756823251
5.003392057,-2.964707201,7.142575461,-1.127657247,-5.166698167,-0.337197611,1756823251
5.599204884,-2.287538406,5.278566656,-1.077566315,-5.108055349,-0.145385927,1756823251
6.118447388,-1.404586866,3.483949706,-0.982271286,-4.753753196,0.05253441,1756823251
6.522834408,-0.725025248,2.002792516,-0.841772298,-4.206417943,0.160046692,1756823251
6.704688925,-0.253639196,1.019342428,-0.753807686,-3.585778896,0.296880506,1756823251
6.752545377,0.078963146,0.172283227,-0.681725623,-2.965139849,0.346971438,1756823251
6.618547312,0.356530567,-0.380458793,-0.678060379,-2.28707933,0.419053553,1756823252
6.233302873,0.679561618,-0.899701298,-0.722042694,-1.606575629,0.554665654,1756823252
5.711667546,0.861416136,-1.292124204,-0.850324429,-0.904080535,0.56443948,1756823252
5.132604477,0.923629524,-1.31605243,-0.8906415,-0.194255146,0.674395206,1756823252
4.577469634,0.641276457,-0.971485976,-0.85276789,0.504574687,0.652404092,1756823252
4.029513258,-0.078963146,-0.289531535,-0.668286588,1.156978779,0.531452775,1756823252
3.634697529,-0.928415169,0.538385085,-0.302989176,1.803274183,0.284663184,1756823252
3.318844946,-1.854437515,1.313659607,0.259006861,2.349387724,0.030543262,1756823252
3.203989461,-2.498106794,2.493321149,0.860098238,2.765997729,-0.270002435,1756823252
3.596412368,-2.825923491,4.570291166,1.626123229,3.054326191,-0.553443888,1756823252
4.364508422,-2.483749859,8.240881034,2.412917691,3.154508177,-0.811229036,1756823252
5.146961413,-0.617348231,14.31147197,2.946813839,3.203377187,-0.810007306,1756823252
4.73061028,2.87138712,21.65983018,2.857627514,3.281568129,-0.669508319,1756823252
4.295116567,4.768895442,23.99522503,2.139250064,3.214372848,-0.608421795,1756823252
4.249652938,4.376472535,22.93999027,1.30114301,2.717128457,-0.397062405,1756823252
4.957928427,3.677768336,20.96112598,0.85154616,1.688431483,-0.301767445,1756823252
3.59880519,3.483949706,20.04706774,0.64018677,1.230282555,0.692721163,1756823252
2.68713978,1.634297836,21.37508429,0.009773844,1.137431039,0.5131268,1756823252
2.593819698,-0.363709035,20.92044799,-0.557109097,1.198517562,0.522900626,1756823252
2.230110663,-2.644068973,19.07797459,-0.886976326,1.265712721,0.444709893,1756823252
1.710868159,-4.235296002,16.56790368,-1.055575132,1.297477696,0.389732022,1756823252
1.110269686,-5.391029318,13.88554955,-1.14720497,1.30114301,0.480140077,1756823252
1.026520895,-3.905086483,11.23908775,-1.073901071,1.188743771,0.538783158,1756823252
-0.880558717,-5.010570524,10.05703339,-1.247386834,1.231504285,0.954171467,1756823252
-1.447657673,-4.24247447,8.106882969,-1.310916819,1.171639475,0.248011287,1756823252
-2.02432792,-4.048655839,6.498906182,-1.137431039,1.178969962,0.098960169,1756823252
-2.141576227,-2.644068973,4.704289232,-0.818559454,1.050688227,-0.166155345,1756823252
-2.20857526,-1.813759531,3.759124305,-0.662177901,0.895528457,-0.28221974,1756823252
-2.210968082,-1.275374446,3.141776074,-0.500909513,0.691499432,-0.370184317,1756823252
-2.196611147,-0.894915652,2.679961312,-0.428827397,0.463035868,-0.445931606,1756823252
-2.148754695,-0.516849682,1.952543242,-0.320093385,0.25534167,-0.458148929,1756823252
-2.108076711,-0.165104759,0.921236701,-0.23090706,0.081855942,-0.419053553,1756823252
-2.069791549,0.287138712,-0.172283227,-0.096516708,-0.150272849,-0.414166631,1756823252
-1.938186306,0.964307508,-0.940379282,-0.065973446,-0.373849526,-0.348193203,1756823252
-1.689332756,1.670190175,-0.760917587,-0.030543262,-0.585208881,-0.346971438,1756823252
-1.268195978,2.28275276,0.614955408,-0.007330383,-0.697608119,-0.445931606,1756823252
-0.729810893,2.646461796,3.077169864,0.069638637,-0.693942876,-0.448375102,1756823252
-0.083748791,3.141776074,6.128018679,0.289550123,-0.612086969,-0.467922755,1756823252
0.323031051,4.027120436,9.224331123,0.43615778,-0.420275284,-0.400727579,1756823252
0.593420005,5.056034154,12.09332542,0.597426203,-0.215024564,-0.327423768,1756823252
0.062213388,4.740181571,14.76610826,0.543670062,0.068416907,-0.362853969,1756823252
0.112462662,6.374479406,15.67538085,0.607200064,0.238237443,-0.469144485,1756823252
0.540777908,7.020541508,15.62273876,0.648738848,0.500909513,-0.342084533,1756823252
-0.904486943,4.807180603,16.44108408,0.805120401,0.863763482,0.05253441,1756823252
-2.014756629,2.170290098,17.19960885,1.14720497,1.126435517,0.013439035,1756823252
-2.325823567,-0.646062102,18.64965934,1.459967954,1.213178398,-0.162490153,1756823252
-2.612962279,-2.081755662,20.46820452,1.539380348,1.092227081,-0.207694181,1756823252
-3.048455992,-2.012363807,22.62653051,1.407433491,0.786794462,-0.289550123,1756823252
-3.125026316,-2.414358003,22.8801697,1.034805731,0.136833813,-0.301767445,1756823252
-2.98145696,-2.52203502,20.39402702,0.605978334,-0.779464044,-0.30665435,1756823252
-1.938186306,-2.617747924,17.86002789,0.172263997,-1.838704332,-0.171042267,1756823252
-1.318445253,-3.821337692,15.8069861,-0.392175465,-2.596177262,-0.041538836,1756823252
-0.332602341,-4.663611247,13.88794237,-0.896750187,-3.35975881,-0.488692191,1756823252
1.423729447,-4.613361973,11.43290638,-1.070235897,-3.894876829,-0.448375102,1756823252
2.888136878,-4.0127635,8.968299105,-1.084896663,-4.38479061,-0.403171057,1756823252
3.950550113,-3.306880833,6.843472636,-1.000597295,-4.693888525,-0.273667627,1756823252
4.65643278,-2.483749859,5.020141815,-0.869872099,-4.80262273,-0.123394778,1756823252
5.132604477,-1.509871061,3.529413335,-0.735481729,-4.627915114,0.047647489,1756823252
5.49392069,-0.583848714,2.230110663,-0.643851944,-4.26994791,0.249233017,1756823252
5.831308676,-0.153140646,1.275374446,-0.537561392,-3.756821215,0.388510291,1756823252
6.010770371,0.095712904,0.646062102,-0.455705485,-3.205820648,0.503352956,1756823252
5.979663677,0.277567422,0.227318147,-0.510683339,-2.58396001,0.50701813,1756823252
5.833701499,0.550349198,-0.4235296,-0.56321775,-1.963320841,0.559552576,1756823252
5.505884803,0.799202748,-0.82791662,-0.67928211,-1.324355784,0.599869646,1756823252
5.113461896,0.854237668,-0.890130007,-0.7550294,-0.693942876,0.597426203,1756823252
4.756931329,0.569491779,-0.557527666,-0.711047172,-0.019547688,0.531452775,1756823252
4.498506488,-0.124426775,0.007178468,-0.536339679,0.662177901,0.345749707,1756823252
4.319044793,-0.961914685,0.674775973,-0.180816111,1.285260444,0.10262536,1756823252
4.173082614,-1.808973886,1.493121302,0.283441471,1.830152271,-0.113620934,1756823252
4.273581164,-2.309073809,2.553141714,0.976162651,2.243097224,-0.441044702,1756823252
4.945964314,-2.672782844,4.77607391,1.733635581,2.539977643,-0.709825372,1756823252
5.974878032,-2.455035988,9.2219383,2.46911731,2.729345972,-0.875980734,1756823252
6.561119569,-0.471386052,16.12283868,2.888170776,2.940705344,-0.829554976,1756823252
6.924828604,3.158525832,24.2034006,2.414139544,3.123964915,-0.686612528,1756823252
6.860222394,3.737588901,25.55534537,1.503950182,3.084869453,-0.565661211,1756823252
7.274180704,5.005784879,22.46860421,0.985936529,2.39092663,-0.497244304,1756823252
8.049455226,4.292723744,19.98724718,0.818559454,1.577254097,0.370184317,1756823252
4.290330922,2.706282361,20.13081653,0.304210889,1.330464541,0.581543707,1756823252
4.029513258,0.878165894,21.19801541,-0.375071256,1.414763857,0.438601224,1756823252
3.907479306,-1.418943802,19.90110556,-0.81489421,1.506393642,0.529009279,1756823252
3.311666478,-3.553341561,17.75235087,-1.077566315,1.615127707,0.509461626,1756823252
2.344966148,-4.972285363,15.10349625,-1.123992073,1.659109952,0.472809694,1756823252
1.655833239,-5.182853752,12.54796171,-1.130100691,1.585806176,0.466701042,1756823252
1.679761465,-3.926621887,10.49970557,-1.015257991,1.414763857,0.620639099,1756823252
-0.392422906,-4.113262049,9.348757898,-1.149648431,1.523497922,0.822224628,1756823252
-1.552941867,-3.81894487,8.025527,-1.202182736,1.404990048,0.091629786,1756823252
-1.921436548,-3.129811961,6.302694728,-1.028697044,1.34023835,-0.067195176,1756823252
-2.115255178,-1.861615983,5.02492746,-0.790459636,1.180191693,-0.311541271,1756823252
-2.256431712,-1.079162993,4.106083582,-0.669508319,0.976162651,-0.386066848,1756823252
-2.28275276,-0.471386052,3.357130108,-0.543670062,0.71837752,-0.555887367,1756823252
-2.275574293,0.004785645,2.758924458,-0.458148929,0.476474868,-0.60231309,1756823252
-2.146361872,0.299102825,2.093719775,-0.362853969,0.2565634,-0.608421795,1756823252
-1.964507355,0.449850649,1.105484041,-0.260228591,0.054977871,-0.591317568,1756823252
-1.871187273,0.808774039,0.007178468,-0.23090706,-0.151494579,-0.467922755,1756823252
-1.660618884,1.277767268,-0.83748791,-0.174707458,-0.375071256,-0.449596815,1756823252
-1.277767268,1.763510256,-0.641276457,-0.155159771,-0.579100246,-0.397062405,1756823252
-0.82791662,2.036292033,0.701097022,-0.072082098,-0.684169084,-0.373849526,1756823252
-0.35892339,2.270788647,3.208775107,0.032986723,-0.631634639,-0.318871654,1756823252
0.131605243,2.919243572,6.154339727,0.196698607,-0.464257581,-0.305432619,1756823252
0.409172665,3.759124305,9.20279572,0.307876063,-0.228463599,-0.293215297,1756823252
0.595812827,4.780859555,11.83250776,0.393397231,0.068416907,-0.188146493,1756823252
0.277567422,4.912464798,13.86401414,0.43493605,0.412944901,-0.090408055,1756823252
-0.775274522,5.211567623,15.17528093,0.378736465,0.781907487,-0.07819075,1756823252
-1.098305573,4.922036088,15.8811636,0.467922755,1.120326882,-0.10262536,1756823252
-1.663011707,3.034099057,16.35494247,0.662177901,1.444085388,0.085521133,1756823252
-2.801995265,0.272781776,17.40539159,1.108109577,1.721418189,0.079412481,1756823252
-2.986242605,-1.780260014,18.66880193,1.596801698,1.766622286,0.040317106,1756823252
-3.483949706,-2.684746957,20.60220259,1.822821906,1.484402581,0.114842665,1756823252
-5.62313311,-3.500699464,22.88974099,1.549154279,1.103222603,0.02687807,1756823252
-4.867001168,-3.278166962,22.99741801,1.098335698,0.348193203,-0.243124365,1756823252
-4.804787781,-3.665804223,20.74816476,0.580321976,-0.592539299,-0.321315115,1756823252
-4.043870194,-4.232903179,17.97488337,0.122173048,-1.62734496,-0.49357913,1756823252
-2.677568489,-4.735395925,15.57248948,-0.302989176,-2.515543138,-0.579100246,1756823252
-0.887737185,-4.608576328,13.40459221,-0.668286588,-3.293785382,-0.60231309,1756823252
0.851844846,-4.127618985,11.48315566,-0.853989603,-4.006054215,-0.510683339,1756823252
2.364108729,-3.519842045,9.432506689,-0.943175945,-4.505742067,-0.403171057,1756823252
3.47916406,-2.804388087,7.142575461,-0.972497477,-4.874704391,-0.227241869,1756823252
4.290330922,-2.002792516,5.130211654,-0.856433064,-5.024977519,-0.080634211,1756823252
4.819144716,-1.050449121,3.586841077,-0.767246722,-4.907691359,0.177150919,1756823252
5.245067139,-0.332602341,2.203789615,-0.642630231,-4.583933009,0.366519143,1756823252
5.400600608,0.208175566,1.299302672,-0.497244304,-4.081801434,0.466701042,1756823252
5.673382385,0.576670247,0.581455892,-0.485027017,-3.516140433,0.580321976,1756823252
5.61356182,0.911665411,-0.021535403,-0.458148929,-2.880840428,0.608421795,1756823252
5.486742222,1.225125171,-0.457029117,-0.529009279,-2.268753582,0.667064858,1756823252
5.139782945,1.459621786,-0.842273555,-0.673173492,-1.63589716,0.620639099,1756823252
4.761716974,1.533799287,-1.105484041,-0.821002898,-0.952949737,0.663399614,1756823253
4.292723744,1.328016543,-1.016949605,-0.913854414,-0.267558974,0.601091377,1756823253
3.912264951,0.619741053,-0.564706134,-0.824668072,0.443488163,0.535117949,1756823253
3.586841077,-0.217746857,-0.016749758,-0.559552576,1.086118394,0.288328392,1756823253
3.416950673,-1.177268719,0.622133876,-0.081855942,1.610240803,0.05009095,1756823253
3.41455785,-2.067398726,1.61036961,0.533896218,2.035403026,-0.191811685,1756823253
3.775874063,-2.612962279,3.448057367,1.292590809,2.355496481,-0.553443888,1756823253
4.754538506,-2.746960345,7.070790783,2.07694181,2.555860192,-0.706160198,1756823253
5.795416337,-1.68454711,13.06720422,2.670702891,2.715906866,-0.830776689,1756823253
6.278766502,1.485942835,21.79382824,2.722015624,2.868623176,-0.753807686,1756823253
6.11126892,4.005585032,26.14876537,1.964542571,2.9492573,-0.69882985,1756823253
5.608776174,4.395615116,24.11486616,1.221730476,2.604729463,-0.588874125,1756823253
6.262016744,3.314059301,21.23390775,0.907745709,1.585806176,-0.555887367,1756823253
4.644468667,3.029313412,19.09711717,0.764803278,0.987158242,0.541226601,1756823253
3.663411401,1.634297836,20.96591162,0.184481302,0.87231556,0.399505848,1756823253
4.05822713,0.05503492,21.05683888,-0.375071256,0.894306744,0.499687747,1756823253
4.017549145,-1.916650903,19.13540233,-0.73792519,0.919963031,0.43493605,1756823253
3.421736318,-3.553341561,16.68036634,-0.945619389,1.000597295,0.41783184,1756823253
2.579462763,-4.515256246,14.0602256,-1.065348993,1.093448811,0.442266432,1756823253
1.639083481,-4.852644233,11.78943695,-1.154535335,1.198517562,0.41050144,1756823253
0.82791662,-4.414757697,9.915856854,-1.14720497,1.280373557,0.310319558,1756823253
0.375673148,-3.141776074,8.219345631,-1.083674933,1.328020958,0.185703032,1756823253
0.189032985,-2.469392923,6.999006105,-0.912632683,1.237613042,0.283441471,1756823253
-1.524227996,-2.27318147,5.821737386,-0.850324429,1.28159527,0.008552113,1756823253
-1.356730414,-1.409372511,4.589433747,-0.741590434,1.12887896,-0.243124365,1756823253
-1.560120335,-0.789631458,3.795016644,-0.576656802,0.974940938,-0.270002435,1756823253
-1.627119368,-0.385244439,3.237488978,-0.504574687,0.791681366,-0.35796703,1756823253
-1.67497582,-0.179461695,2.550748892,-0.438601224,0.607200064,-0.344527994,1756823253
-1.576870093,-0.088534436,1.607976787,-0.349414916,0.41050144,-0.324980324,1756823253
-1.624726545,0.220139679,0.354137745,-0.217468025,0.218689755,-0.228463599,1756823253
-1.574477271,0.631705166,-0.531206617,-0.155159771,0.012217305,-0.223576677,1756823253
-1.416550979,1.083948638,-0.521635327,-0.10262536,-0.215024564,-0.20402899,1756823253
-1.057627589,1.524227996,0.600598473,-0.045204028,-0.337197611,-0.197920337,1756823253
-0.658026215,1.749153321,2.62253357,0.045204028,-0.356745317,-0.171042267,1756823253
-0.275174599,2.277967115,5.161318348,0.17837265,-0.244346095,-0.158824962,1756823253
0.126819598,2.651247441,8.224131276,0.395840674,-0.07696902,-0.207694181,1756823253
0.155533469,3.345165995,10.96152033,0.549778714,0.156381501,-0.150272849,1756823253
-0.275174599,3.730410433,13.58883955,0.607200064,0.432492606,-0.272445896,1756823253
0.394815729,5.587240771,15.51027609,0.702495024,0.682947354,-0.031764992,1756823253
-0.667597505,5.639882868,17.13739546,0.649960648,0.856433064,0.149051118,1756823253
-1.588834206,4.170689792,17.38146337,0.70005158,1.155757048,0.150272849,1756823253
-2.388036955,1.540977754,17.78824321,1.089783567,1.414763857,0.138055544,1756823253
-2.830709136,-1.01216396,19.16172338,1.605353898,1.451415876,0.05131268,1756823253
-3.328416237,-1.976471468,20.43231218,1.747074546,1.188743771,0.037873645,1756823253
-3.507877932,-1.13180509,22.21496502,1.605353898,0.728151381,0.085521133,1756823253
-4.527220359,-1.73001074,23.05006011,1.145983257,0.120951317,0.039095375,1756823253
-4.180261082,-1.971685822,20.83430638,0.572991628,-0.79412481,-0.10262536,1756823253
-3.287738252,-2.395215423,17.91984845,0.07574729,-1.736079024,-0.234572251,1756823253
-2.026720742,-3.048455992,15.37867085,-0.388510291,-2.58396001,-0.175929189,1756823253
-0.46899323,-3.5892339,13.50269793,-0.842994011,-3.382971724,-0.49357913,1756823253
1.517049528,-3.481556883,11.53340493,-1.015257991,-4.023158372,-0.471587964,1756823253
3.122633493,-2.976671314,9.245866526,-1.182635136,-4.54605912,-0.353080108,1756823253
4.280759631,-2.428714939,7.1784678,-1.159422222,-4.873483062,-0.207694181,1756823253
5.307280527,-1.808973886,5.388636495,-1.094670524,-4.982216726,-0.045204028,1756823253
5.860022547,-0.94755775,3.723231966,-0.875980734,-4.80262273,0.222354947,1756823253
6.137589969,-0.296710002,2.541177601,-0.715934059,-4.387234053,0.349414916,1756823253
6.565905214,0.114855485,1.481157189,-0.54611354,-3.820351182,0.488692191,1756823253
6.628118602,0.179461695,0.863808959,-0.450818546,-3.175277386,0.532674488,1756823253
6.467799488,0.311066938,0.344566454,-0.431270841,-2.50821279,0.634078152,1756823253
6.108876098,0.516849682,-0.011964113,-0.481361808,-1.744631103,0.682947354,1756823253
5.656632626,0.679561618,-0.401994197,-0.560774306,-1.075122784,0.669508319,1756823253
5.175675284,0.669990328,-0.47856452,-0.678060379,-0.382401639,0.629191178,1756823253
4.752145684,0.526420972,-0.404387019,-0.687834258,0.298102236,0.499687747,1756823253
4.376472535,0.112462662,-0.06460621,-0.586430594,0.992045147,0.356745317,1756823253
4.127618985,-0.605384118,0.521635327,-0.278554549,1.618792881,0.238237443,1756823253
3.866801322,-1.672582997,1.32562372,0.161268423,2.200336588,0.013439035,1756823253
3.739981724,-2.373680019,2.304288164,0.685390797,2.647489977,-0.197920337,1756823253
4.113262049,-2.754138813,4.12283334,1.341460081,2.944370396,-0.519235452,1756823253
4.955535605,-2.703889538,7.180860623,1.990198929,3.137403776,-0.658512727,1756823253
5.726024482,-1.277767268,12.32064357,2.527760391,3.183829587,-0.652404092,1756823253
5.572883835,1.725225095,19.71925105,2.472782362,3.297450434,-0.625526004,1756823253
5.338387221,4.074976888,23.74397866,1.822821906,3.374419506,-0.527787566,1756823253
4.907679153,3.393022447,22.6361018,1.236391172,3.061656539,-0.389732022,1756823253
5.5585269,3.053241638,20.14995911,0.929736893,2.216219137,-0.07696902,1756823253
4.649254312,2.821137845,18.84347798,0.778242313,1.502728451,0.271224166,1756823253
3.115455025,1.263410333,20.80798533,0.322536846,1.204626197,0.570548115,1756823253
3.134597606,-0.06460621,21.12383791,-0.355523586,1.080009759,0.630412908,1756823253
2.868994297,-1.909472435,19.44646927,-0.790459636,1.027475313,0.65973444,1756823253
2.297109696,-3.440878899,16.92204143,-1.070235897,1.066570723,0.687834258,1756823253
1.560120335,-4.498506488,14.34257866,-1.189965484,1.122770343,0.653625822,1756823253
1.220339526,-3.661018578,11.75115179,-1.172861205,1.175304648,0.747699052,1756823253
0.177068872,-4.979463831,11.08594711,-1.189965484,1.287703905,0.954171467,1756823253
-2.536391956,-3.816552047,8.965906282,-1.22539565,1.503950182,0.632856352,1756823253
-1.85922316,-3.089133977,7.109075945,-1.120326882,1.403768317,0.161268423,1756823253
-2.213360905,-2.254038889,5.5585269,-0.883311152,1.348790428,-0.090408055,1756823253
-2.213360905,-1.287338559,4.204189308,-0.645073674,1.188743771,-0.249233017,1756823253
-2.380858487,-0.820738152,3.407379382,-0.467922755,0.944397676,-0.414166631,1756823253
-2.361715906,-0.306281293,2.947957443,-0.312763002,0.652404092,-0.549778714,1756823253
-2.160718808,0.186640163,2.493321149,-0.221133216,0.389732022,-0.54611354,1756823253
-2.017149452,0.54317073,1.682154288,-0.111177473,0.114842665,-0.530231009,1756823253
-1.887937031,0.897308475,0.564706134,0.002443461,-0.139277274,-0.503352956,1756823253
-1.73958203,1.136590735,-0.241675083,-0.00122173,-0.405614518,-0.474031425,1756823253
-1.347159124,1.713260982,-0.291924357,0.042760567,-0.632856352,-0.433714319,1756823253
-0.868594604,2.289931228,0.736989361,0.073303829,-0.767246722,-0.38362337,1756823253
-0.318245406,2.928814862,2.792423974,0.118507856,-0.802676958,-0.376292969,1756823253
0.279960244,3.615554949,5.560919722,0.20525072,-0.73670346,-0.351858377,1756823253
0.751346296,4.063012775,8.398807326,0.296880506,-0.516792009,-0.34086282,1756823253
1.07677017,4.65643278,10.7677017,0.409279727,-0.211359372,-0.213802833,1756823253
0.658026215,4.462614149,13.2347018,0.43493605,0.167377075,-0.108734012,1756823253
-0.227318147,5.201996332,14.9599269,0.441044702,0.590095838,-0.086742864,1756823253
-0.050249275,5.15413988,16.03191142,0.401949344,0.924850006,-0.108734012,1756823253
-0.942772104,3.517449222,16.44826255,0.438601224,1.326799245,-0.108734012,1756823253
-1.507478238,1.50029977,17.43889111,0.922406475,1.665218709,0.177150919,1756823253
-2.060220259,-1.569691626,19.49671854,1.423316057,1.833817445,0.138055544,1756823253
-2.364108729,-1.856830338,20.87498436,1.710422667,1.634675447,0.161268423,1756823253
-3.426521963,-2.421536471,23.10030938,1.63589716,1.237613042,0.200363798,1756823253
-4.405186407,-1.387837108,22.70070801,1.249830295,0.62308256,0.145385927,1756823253
-5.297709236,-2.519642198,20.98026856,0.706160198,-0.339641055,-0.058643063,1756823253
-3.960121403,-2.297109696,17.83609966,0.135612083,-1.376890229,-0.283441471,1756823253
-2.763710103,-3.12024067,15.58684642,-0.338419325,-2.320066053,-0.371406082,1756823253
-1.016949605,-3.223132042,13.61994624,-0.616973856,-3.126408376,-0.445931606,1756823253
0.969093153,-3.517449222,11.87557856,-0.918741301,-3.809355538,-0.448375102,1756823253
2.483749859,-2.878565588,9.734002337,-1.009149374,-4.349360444,-0.422718727,1756823253
3.900300838,-2.227717841,7.503891674,-1.027475313,-4.736649319,-0.305432619,1756823253
4.845465765,-1.596012674,5.592026416,-0.952949737,-4.912578263,-0.07696902,1756823253
5.417350366,-0.988235734,4.25204576,-0.808785575,-4.702440481,0.111177473,1756823253
5.766702466,-0.567098956,2.87138712,-0.712268885,-4.260174101,0.339641055,1756823253
5.922235935,-0.23928226,1.691725578,-0.616973856,-3.68718249,0.486248747,1756823253
5.998806258,-0.081355968,0.904486943,-0.494800843,-3.073873791,0.56443948,1756823253
5.843272789,0.050249275,0.356530567,-0.43493605,-2.432465291,0.605978334,1756823253
5.577669481,0.157926292,-0.12921242,-0.458148929,-1.810604531,0.634078152,1756823253
5.151747058,0.373280326,-0.521635327,-0.558330828,-1.180191693,0.636521596,1756823253
4.716253345,0.483350165,-0.665204683,-0.629191178,-0.522900626,0.632856352,1756823253
4.314259148,0.378065971,-0.435493713,-0.692721163,0.144164196,0.560774306,1756823253
3.876372612,0.050249275,-0.004785645,-0.632856352,0.83322022,0.448375102,1756823253
3.651447288,-0.643669279,0.691525731,-0.361632204,1.510058816,0.329867229,1756823254
3.488735351,-1.576870093,1.43569356,-0.010995574,2.07694181,0.047647489,1756823254
3.299702365,-2.364108729,2.390429777,0.51190507,2.548529844,-0.177150919,1756823254
3.692125272,-2.955135911,4.137190275,1.133765865,2.874731933,-0.43615778,1756823254
4.510470601,-3.172882768,7.745566756,1.842369523,3.067765296,-0.674395206,1756823254
5.237888671,-1.406979689,13.93819165,2.444682805,3.22536851,-0.715934059,1756823254
4.934000201,1.505085415,21.56172445,2.327396662,3.374419506,-0.696386406,1756823254
4.668396893,3.981656806,23.631516,1.733635581,3.39763242,-0.536339679,1756823254
3.871586967,3.850051563,22.52124631,1.156978779,3.016452581,-0.353080108,1756823254
4.390829471,3.505485109,19.82453524,0.7550294,2.026850808,-0.091629786,1756823254
2.277967115,2.945564621,18.99901144,0.692721163,1.280373557,0.118507856,1756823254
1.749153321,2.002792516,21.12144509,0.175929189,1.1398745,0.378736465,1756823254
1.966900177,0.820738152,21.28894267,-0.35918876,1.037249174,0.460592372,1756823254
1.957328887,-0.808774039,19.35075637,-0.781907487,0.908967509,0.444709893,1756823254
1.682154288,-2.488535504,16.78804336,-1.007927643,0.778242313,0.519235452,1756823254
1.263410333,-3.572484142,14.28754374,-1.131322421,0.682947354,0.529009279,1756823254
0.705882667,-4.024727613,12.24646607,-1.253495469,0.620639099,0.499687747,1756823254
0.370887503,-3.512663577,10.47577734,-1.286482174,0.586430594,0.48747046,1756823254
0.330209519,-2.667997199,9.219545478,-1.238834755,0.543670062,0.515570278,1756823254
-1.359123237,-2.629712037,7.879564822,-1.308473358,0.663399614,0.460592372,1756823254
-1.543370577,-1.947757596,6.041877065,-1.196074119,0.649960648,-0.040317106,1756823254
-1.466800254,-1.330409366,4.378865358,-1.0054842,0.616973856,-0.194255146,1756823254
-1.533799287,-0.813559684,3.151347364,-0.817337724,0.492357365,-0.390953752,1756823254
-1.567298803,-0.483350165,2.411965181,-0.685390797,0.351858377,-0.497244304,1756823254
-1.567298803,-0.251246373,1.844866225,-0.569326385,0.238237443,-0.485027017,1756823254
-1.517049528,-0.153140646,1.337587833,-0.441044702,0.114842665,-0.527787566,1756823254
-1.421336624,0.026321049,0.557527666,-0.348193203,-0.003665191,-0.477696634,1756823254
-1.265803155,0.208175566,-0.253639196,-0.184481302,-0.15271631,-0.43615778,1756823254
-1.115055332,0.60777694,-0.512064036,-0.068416907,-0.326202055,-0.376292969,1756823254
-0.801595571,0.964307508,0.069391855,0.040317106,-0.489913921,-0.351858377,1756823254
-0.440279358,1.584048561,1.615155255,0.224798408,-0.500909513,-0.350636647,1756823254
-0.06460621,1.524227996,4.424328987,0.299323967,-0.405614518,-0.346971438,1756823254
0.366101858,2.440679052,7.214360139,0.491135634,-0.227241869,-0.337197611,1756823254
0.559920488,3.215953574,10.10010419,0.541226601,-0.014660766,-0.284663184,1756823254
0.47856452,4.319044793,12.65085309,0.629191178,0.251676478,-0.240680904,1756823254
-0.086141614,4.49132802,15.06999673,0.614530412,0.544891775,-0.227241869,1756823254
-0.969093153,4.996213589,16.33819271,0.566882941,0.853989603,-0.419053553,1756823254
-0.401994197,4.797609313,16.57747497,0.708603641,1.1484267,-0.249233017,1756823254
-1.799402595,3.12024067,17.30728587,0.860098238,1.34023835,-0.213802833,1756823254
-2.773281393,0.411565487,18.05145369,1.121548612,1.478293824,-0.156381501,1756823254
-3.125026316,-1.737189208,19.14018798,1.35856422,1.356120776,-0.122173048,1756823254
-3.337987527,-1.560120335,20.95394751,1.33901662,0.981049555,-0.119729587,1756823254
-3.852444386,-1.921436548,23.05245293,1.018923235,0.432492606,-0.014660766,1756823254
-3.960121403,-2.249253244,22.05225308,0.554665654,-0.342084533,-0.123394778,1756823254
-3.400200915,-2.758924458,19.02293967,0.067195176,-1.328020958,-0.161268423,1756823254
-2.14396905,-3.223132042,16.18505207,-0.332310707,-2.241875372,-0.098960169,1756823254
-1.172483074,-5.599204884,14.69193076,-0.830776689,-2.998126572,-0.315206445,1756823254
0.825523797,-4.737788748,12.42832058,-1.069014167,-3.640756924,-0.439822989,1756823254
2.476571391,-4.319044793,10.26281613,-1.189965484,-4.144109811,-0.373849526,1756823254
3.771088418,-3.555734384,7.927421274,-1.174082935,-4.487415778,-0.23090706,1756823254
4.539184472,-2.801995265,5.80738045,-1.082453202,-4.630358296,-0.092851516,1756823254
5.02492746,-1.835294934,4.055834307,-0.943175945,-4.530176572,0.124616509,1756823254
5.326423108,-1.045663476,2.538784779,-0.768468452,-4.236961205,0.291993584,1756823254
5.601597707,-0.394815729,1.399801221,-0.580321976,-3.734830154,0.498466017,1756823254
5.668596739,-0.098105727,0.667597505,-0.421497014,-3.191159935,0.597426203,1756823254
5.548955609,0.11006984,0.181854518,-0.290771853,-2.608394515,0.658512727,1756823254
5.225924558,0.334995164,-0.234496615,-0.333532438,-2.015855286,0.740368634,1756823254
4.874179636,0.660419038,-0.555134843,-0.372627795,-1.370781612,0.702495024,1756823254
4.503292133,0.794417103,-0.624526699,-0.447153372,-0.748920782,0.673173492,1756823254
4.151547211,0.626919521,-0.3493521,-0.489913921,-0.10140363,0.593761012,1756823254
3.742374546,0.191425808,0.062213388,-0.388510291,0.58398715,0.43493605,1756823254
3.426521963,-0.516849682,0.677168796,-0.238237443,1.202182736,0.218689755,1756823254
3.196810994,-1.292124204,1.349551946,0.172263997,1.747074546,-0.05009095,1756823254
3.148954542,-2.0434705,2.28275276,0.620639099,2.164906422,-0.289550123,1756823254
3.605983658,-2.531606311,3.991228097,1.177748232,2.472782362,-0.559552576,1756823254
4.388436648,-2.8163522,7.659425143,1.86680415,2.634050872,-0.75747293,1756823254
5.185246574,-1.277767268,13.33759317,2.423913352,2.735454467,-0.811229036,1756823254
5.106283428,1.737189208,21.08794557,2.453234762,2.921157482,-0.835663663,1756823254
5.01535617,3.737588901,24.68196512,1.819156732,3.022561076,-0.770911896,1756823254
4.716253345,3.495913819,23.5046964,1.246165121,2.703689614,-0.520457183,1756823254
5.548955609,3.218346397,20.93480493,0.927293449,1.751961451,-0.344527994,1756823254
3.902693661,2.129612114,20.0638175,0.768468452,1.077566315,-0.041538836,1756823254
3.144168896,1.174875897,21.7148651,0.270002435,0.884532865,0.257785131,1756823254
3.488735351,-0.208175566,21.86561292,-0.326202055,0.748920782,0.339641055,1756823254
3.364308576,-2.146361872,19.81017831,-0.748920782,0.642630231,0.447153372,1756823254
2.924029217,-3.768695595,17.14935957,-0.957836711,0.599869646,0.488692191,1756823254
2.225325018,-4.510470601,14.29711504,-1.164309127,0.581543707,0.502131226,1756823254
1.579262916,-4.469792617,11.92582784,-1.28159527,0.619417386,0.519235452,1756823254
1.440479205,-3.378665511,10.04028363,-1.252273738,0.646295405,0.587652324,1756823254
0.016749758,-3.665804223,9.018548379,-1.268156304,0.824668072,0.656069266,1756823254
-0.823130974,-2.665604376,7.401000302,-1.18630031,0.962723615,0.310319558,1756823254
-1.138983558,-2.026720742,5.735595772,-1.038470905,1.0054842,-0.069638637,1756823254
-1.296909849,-1.313659607,4.460221326,-0.823446341,0.994488608,-0.272445896,1756823254
-1.49072848,-0.660419038,3.412165028,-0.636521596,0.899193631,-0.393397231,1756823254
-1.61036961,-0.145962179,2.665604376,-0.485027017,0.715934059,-0.524122392,1756823254
-1.579262916,0.172283227,2.091326952,-0.378736465,0.527787566,-0.588874125,1756823254
-1.44526485,0.416351132,1.344766301,-0.252898209,0.288328392,-0.553443888,1756823254
-1.349551946,0.672383151,0.428315245,-0.1282817,0.084299403,-0.549778714,1756823254
-1.215553881,1.019342428,-0.263210486,-0.031764992,-0.106290551,-0.41661011,1756823254
-0.990628556,1.773081547,-0.401994197,0.02443461,-0.323758559,-0.419053553,1756823254
-0.650847747,1.957328887,0.602991295,0.073303829,-0.471587964,-0.34086282,1756823254
-0.272781776,2.361715906,2.411965181,0.014660766,-0.503352956,-0.328645498,1756823254
0.196211453,2.92642204,4.881358104,0.122173048,-0.355523586,-0.315206445,1756823254
0.555134843,3.424129141,7.779066273,0.119729587,-0.197920337,-0.274889357,1756823254
0.851844846,3.943371645,10.23170944,0.227241869,0.05131268,-0.239459173,1756823254
0.890130007,4.579862456,12.39482107,0.353080108,0.290771853,-0.158824962,1756823254
0.502492746,4.938785846,14.70389488,0.389732022,0.577878533,-0.018325957,1756823254
-0.078963146,4.814359071,16.40279892,0.312763002,0.849102716,0.047647489,1756823254
-0.406779842,4.031906081,16.33101425,0.320093385,1.164309127,0.120951317,1756823254
-1.217946703,1.43569356,16.47936925,0.686612528,1.434311579,0.160046692,1756823254
-1.6199409,-1.280160091,17.92702692,1.282817,1.632231864,0.163711884,1756823254
-1.643869126,-2.675175667,19.6187525,1.696983684,1.507615356,0.184481302,1756823254
-3.81894487,-3.775874063,22.17907268,1.644449239,1.299921279,0.004886922,1756823254
-3.462414302,-2.52203502,23.05484575,1.312138532,0.819781167,-0.141720735,1756823254
-3.778266885,-2.545963246,21.71247227,0.770911896,0.048869219,-0.270002435,1756823254
-3.672982691,-3.089133977,18.79562152,0.195476876,-0.915076127,-0.307876063,1756823254
-2.766102926,-3.873979789,16.07498223,-0.368962586,-1.841147793,-0.422718727,1756823254
-1.30648114,-4.49132802,14.09372511,-0.81367248,-2.676811387,-0.500909513,1756823254
0.512064036,-4.618147618,12.18425268,-1.078788028,-3.437949491,-0.423940493,1756823254
2.084148485,-4.261617051,10.16949605,-1.181413406,-4.01949332,-0.387288578,1756823254
3.347558817,-3.629911884,8.133204017,-1.18630031,-4.410446967,-0.259006861,1756823254
4.216153421,-2.758924458,6.154339727,-1.143539674,-4.592484948,-0.133168622,1756823254
4.955535605,-1.899901144,4.429114633,-1.02503187,-4.568050443,0.035430184,1756823254
5.367101092,-1.098305573,2.933600508,-0.834441933,-4.256509067,0.239459173,1756823254
5.718846014,-0.576670247,1.830509289,-0.65973444,-3.782477572,0.38362337,1756823254
5.895914886,-0.327816696,1.01216396,-0.455705485,-3.22536851,0.500909513,1756823254
5.881557951,-0.165104759,0.428315245,-0.366519143,-2.647489977,0.521678896,1756823254
5.639882868,0.167497582,-0.043070807,-0.313984732,-2.009746669,0.536339679,1756823254
5.247459962,0.459421939,-0.399601374,-0.326202055,-1.365894708,0.519235452,1756823254
4.754538506,0.760917587,-0.669990328,-0.460592372,-0.73670346,0.542448332,1756823254
4.295116567,0.8470592,-0.686740086,-0.533896218,-0.073303829,0.525344105,1756823254
3.864408499,0.58863436,-0.370887503,-0.593761012,0.591317568,0.43493605,1756823254
3.483949706,0.074177501,0.078963146,-0.426383936,1.240056486,0.261450322,1756823254
3.144168896,-0.703489844,0.715453957,-0.167377075,1.787391757,0.079412481,1756823254
2.950350266,-1.624726545,1.622333723,0.360410491,2.282192443,-0.156381501,1756823254
3.170489945,-2.404786713,3.144168896,0.912632683,2.643824681,-0.432492606,1756823255
3.88355108,-2.651247441,5.934200048,1.616349438,2.853962463,-0.601091377,1756823255
4.761716974,-1.84965187,11.06680453,2.304183748,2.957809501,-0.729373112,1756823255
4.924428911,0.325423874,19.29572145,2.568077444,3.10197361,-0.729373112,1756823255
4.72103899,3.290131075,24.79203496,2.117258881,3.30111573,-0.663399614,1756823255
4.235296002,4.094119469,24.29672068,1.555262914,3.180164552,-0.557109097,1756823255
4.567898343,3.34995164,22.50688938,0.979827825,2.46911731,-0.244346095,1756823255
3.28534543,3.22073922,19.6402879,0.829554976,1.387885769,-0.233350521,1756823255
1.995614048,1.988435581,20.78644993,0.477696634,1.010371087,0.346971438,1756823255
2.160718808,0.823130974,21.95175453,-0.168598806,0.850324429,0.322536846,1756823255
2.354537438,-1.02173525,20.26002895,-0.630412908,0.725707938,0.401949344,1756823255
2.347358971,-2.931207685,17.80020732,-0.937067258,0.607200064,0.428827397,1756823255
1.820937999,-4.340580196,15.11546036,-1.064127262,0.576656802,0.503352956,1756823255
1.253839042,-4.859822701,12.60778228,-1.137431039,0.598647916,0.471587964,1756823255
1.478764367,-3.402593737,10.33460081,-1.031140557,0.599869646,0.627969465,1756823255
-0.351744922,-4.027120436,9.20279572,-1.099557429,0.786794462,0.81489421,1756823255
-1.404586866,-3.65384011,7.274180704,-1.117883438,0.845437472,0.194255146,1756823255
-1.562513158,-2.998206718,5.728417304,-0.913854414,0.893084943,-0.125838239,1756823255
-1.66540453,-1.909472435,4.182653905,-0.692721163,0.824668072,-0.294437062,1756823255
-1.787438482,-1.287338559,3.247060268,-0.504574687,0.689055989,-0.411723171,1756823255
-1.789831305,-0.823130974,2.672782844,-0.365297412,0.530231009,-0.533896218,1756823255
-1.715653804,-0.346959277,2.172682921,-0.250454748,0.342084533,-0.542448332,1756823255
-1.519442351,-0.038285162,1.473978722,-0.108734012,0.142942466,-0.530231009,1756823255
-1.519442351,0.287138712,0.390030084,-0.031764992,-0.056199602,-0.392175465,1756823255
-1.418943802,0.787238635,-0.449850649,0.05253441,-0.250454748,-0.35796703,1756823255
-1.232303639,1.237089284,-0.509671214,0.125838239,-0.438601224,-0.293215297,1756823255
-0.906879765,1.713260982,0.466600407,0.134390352,-0.555887367,-0.252898209,1756823255
-0.60777694,2.060220259,2.498106794,0.207694181,-0.572991628,-0.23090706,1756823255
-0.105284194,2.739781877,5.280959478,0.312763002,-0.470366251,-0.151494579,1756823255
0.24885355,3.326023414,8.36530781,0.447153372,-0.302989176,-0.167377075,1756823255
0.473778875,4.352544309,11.10269686,0.593761012,-0.111177473,-0.150272849,1756823255
0.363709035,5.481956577,13.96211987,0.626747734,0.150272849,-0.096516708,1756823255
-0.086141614,5.764309643,16.47697642,0.599869646,0.387288578,-0.349414916,1756823255
0.078963146,5.962913919,17.28814328,0.438601224,0.649960648,-0.471587964,1756823255
-1.074377347,3.541377448,17.22353707,0.441044702,1.047023053,-0.414166631,1756823255
-1.158126138,0.95712904,17.65663797,0.985936529,1.463633128,0.018325957,1756823255
-2.036292033,-1.847259047,19.544575,1.486846025,1.590693063,0.073303829,1756823255
-2.112862356,-1.85922316,20.75773605,1.747074546,1.35978609,0.15393804,1756823255
-3.620340594,-2.354537438,23.35155575,1.55159774,0.901637092,0.141720735,1756823255
-4.00319221,-2.067398726,23.55973132,1.07145761,0.25534167,0.017104227,1756823255
-3.768695595,-2.289931228,21.11905227,0.521678896,-0.797789984,-0.058643063,1756823255
-3.268595672,-3.333201882,17.96052644,-0.114842665,-1.7898352,-0.312763002,1756823255
-1.935793483,-3.835694628,15.17528093,-0.558330828,-2.671924482,-0.445931606,1756823255
-0.236889437,-3.996013742,12.92363486,-0.866206925,-3.425732238,-0.426383936,1756823255
1.495514125,-3.775874063,10.68156009,-1.021366678,-3.998723867,-0.405614518,1756823255
2.92642204,-3.12024067,8.458627891,-1.049466497,-4.417777315,-0.299323967,1756823255
3.864408499,-2.299502519,6.27637368,-1.047023053,-4.670675349,-0.172263997,1756823255
4.711467699,-1.576870093,4.450650036,-0.981049555,-4.726874986,0.056199602,1756823255
5.041677218,-0.849452023,2.818745023,-0.836885394,-4.49963331,0.228463599,1756823255
5.367101092,-0.256032018,1.550549045,-0.612086969,-4.089131782,0.414166631,1756823255
5.675775207,-0.076570323,0.885344362,-0.41783184,-3.624874358,0.470366251,1756823255
5.659025449,0.157926292,0.36849468,-0.283441471,-3.067765296,0.54611354,1756823255
5.527420206,0.382851616,0.026321049,-0.238237443,-2.448347857,0.593761012,1756823255
5.190032219,0.696311377,-0.332602341,-0.254119939,-1.810604531,0.535117949,1756823255
4.754538506,0.981057266,-0.547956375,-0.365297412,-1.163087396,0.555887367,1756823255
4.323830438,1.112662509,-0.519242504,-0.470366251,-0.504574687,0.526565835,1756823255
4.010370678,0.887737185,-0.224925324,-0.593761012,0.211359372,0.386066848,1756823255
3.76390995,0.382851616,0.323031051,-0.458148929,0.867428656,0.246789556,1756823255
3.605983658,-0.437886536,0.940379282,-0.201585529,1.506393642,0.069638637,1756823255
3.550948738,-1.457228963,1.866401628,0.270002435,1.99997272,-0.190589954,1756823255
3.873979789,-2.167897276,3.402593737,0.853989603,2.359161515,-0.460592372,1756823255
4.766502619,-2.617747924,6.254838276,1.535715174,2.605951071,-0.692721163,1756823255
5.898307709,-1.907079612,11.25823033,2.236988467,2.715906866,-0.781907487,1756823255
6.398407632,-0.138783711,18.99661862,2.416583004,2.812423539,-0.747699052,1756823255
6.367300939,3.160918655,24.52643165,1.957212206,2.894279533,-0.643851944,1756823255
6.295516261,2.933600508,23.87797673,1.401324874,2.707354648,-0.503352956,1756823255
7.075576428,3.117847848,21.06401735,1.121548612,1.902234317,-0.252898209,1756823255
6.202196179,2.909672282,19.62832379,1.006705913,1.159422222,0.086742864,1756823255
4.96032125,1.744367675,21.51147517,0.560774306,0.92851518,0.521678896,1756823255
4.945964314,0.713061135,22.03550332,-0.096516708,0.902858822,0.577878533,1756823255
4.84068012,-0.739382183,20.13560218,-0.598647916,0.908967509,0.62308256,1756823255
4.182653905,-2.380858487,17.48196192,-1.001819026,0.959058441,0.627969465,1756823255
3.309273656,-3.739981724,14.71825181,-1.254717182,1.083674933,0.597426203,1756823255
2.342573325,-4.412364874,12.04068332,-1.452637589,1.251052008,0.637743326,1756823255
1.263410333,-4.354937132,9.978070242,-1.495398103,1.434311579,0.601091377,1756823255
0.547956375,-2.940778975,7.970492081,-1.391551065,1.576032367,0.509461626,1756823255
0,-2.902493814,6.427121504,-1.242499929,1.626123229,0.60353489,1756823255
-1.895115499,-2.488535504,4.893322217,-1.199739293,1.748296277,0.193033415,1756823255
-2.038684855,-1.679761465,3.163311477,-0.95661498,1.655444761,-0.073303829,1756823255
-2.287538406,-1.153340493,2.199003969,-0.75747293,1.506393642,-0.201585529,1756823255
-2.287538406,-0.7728817,1.507478238,-0.522900626,1.280373557,-0.301767445,1756823255
-2.285145583,-0.385244439,1.01216396,-0.362853969,1.007927643,-0.276111088,1756823255
-2.359323084,-0.059820565,0.564706134,-0.194255146,0.725707938,-0.329867229,1756823255
-2.299502519,0.382851616,0.088534436,-0.035430184,0.488692191,-0.284663184,1756823255
-2.170290098,0.95712904,-0.265603309,0.069638637,0.193033415,-0.298102236,1756823255
-1.813759531,1.433300737,0.083748791,0.167377075,-0.023212879,-0.260228591,1756823255
-1.38065864,1.751546143,1.509871061,0.182037841,-0.184481302,-0.210137642,1756823255
-1.048056299,2.053041791,3.785445353,0.213802833,-0.277332818,-0.162490153,1756823255
-0.725025248,2.495713972,6.312266019,0.299323967,-0.270002435,-0.164933614,1756823255
-0.48813581,3.007778008,8.650053699,0.378736465,-0.167377075,-0.092851516,1756823255
-0.385244439,3.713660675,10.98066291,0.541226601,-0.017104227,-0.074525559,1756823255
-0.547956375,3.996013742,13.5314118,0.572991628,0.163711884,-0.07696902,1756823255
-1.323230898,4.412364874,15.68973779,0.58276542,0.395840674,-0.207694181,1756823255
-0.562313311,5.268995365,16.74736538,0.64018677,0.663399614,0.023212879,1756823255
-1.828116466,3.895515193,17.75952934,0.626747734,0.924850006,0.072082098,1756823255
-2.80678091,1.713260982,18.43909096,0.989601703,1.204626197,-0.018325957,1756823255
-2.945564621,-1.162911784,19.08754588,1.365894708,1.18630031,-0.02565634,1756823255
-3.022134944,-1.890329854,19.74078645,1.541823791,0.838107107,-0.006108652,1756823255
-3.400200915,-1.521835174,22.07139566,1.440420214,0.3775147,-0.014660766,1756823255
-3.821337692,-1.715653804,22.9328118,1.028697044,-0.249233017,-0.064751715,1756823255
-3.397808092,-1.593619852,20.92762646,0.533896218,-1.156978779,-0.194255146,1756823255
-2.636890505,-1.97886429,18.10170297,-0.056199602,-2.029294269,-0.284663184,1756823255
-1.244267752,-2.390429777,15.59163206,-0.575435072,-2.844188671,-0.41661011,1756823255
0.586241537,-2.725424941,13.27059414,-1.014036261,-3.612657106,-0.474031425,1756823255
2.021935097,-2.57706994,10.58584718,-1.253495469,-4.23085271,-0.448375102,1756823255
4.170689792,-2.56749865,8.075776275,-1.246165121,-4.693888525,-0.422718727,1756823255
4.713860522,-1.85922316,5.721238837,-1.187522041,-4.900360749,-0.223576677,1756823255
5.321637462,-1.045663476,3.804587934,-1.055575132,-4.807509634,-0.021991149,1756823255
5.735595772,-0.315852583,2.261217357,-0.899193631,-4.510628954,0.189368224,1756823255
5.958128274,0.019142581,1.165304606,-0.817337724,-4.01949332,0.298102236,1756823255
6.16630384,0.203389921,0.375673148,-0.702495024,-3.406184638,0.370184317,1756823255
6.206981824,0.346959277,-0.215354034,-0.720820964,-2.784323738,0.477696634,1756823255
6.132804324,0.535992262,-0.765703232,-0.708603641,-2.103819898,0.560774306,1756823255
5.86241537,0.722632425,-1.26101751,-0.758694643,-1.453859319,0.643851944,1756823255
5.388636495,0.672383151,-1.411765334,-0.81489421,-0.7562512,0.729373112,1756823255
4.881358104,0.373280326,-1.170090251,-0.725707938,-0.058643063,0.662177901,1756823255
4.364508422,-0.425922423,-0.54317073,-0.566882941,0.647517118,0.56321775,1756823255
3.897908015,-1.284945736,0.318245406,-0.185703032,1.273043191,0.28221974,1756823255
3.527020512,-2.120040824,1.122233799,0.248011287,1.875356229,0.083077672,1756823255
3.424129141,-2.849851717,2.16311163,0.821002898,2.417804595,-0.151494579,1756823255
3.790230998,-3.795016644,4.027120436,1.453859319,2.828306105,-0.499687747,1756823255
4.867001168,-3.46959277,7.305287398,2.207666936,3.16672543,-0.675616936,1756823255
6.075376581,-2.210968082,13.04088317,2.77577152,3.511253267,-0.763581548,1756823255
6.585047795,0.973878798,21.61675937,2.791654086,3.80813393,-0.635299883,1756823255
6.077769404,2.821137845,25.06003109,2.117258881,4.047593138,-0.608421795,1756823255
5.233103026,3.952942935,24.49293213,1.424537788,3.825238087,-0.618195586,1756823256
6.324230132,3.979263984,21.95654018,1.001819026,2.950479153,0.196698607,1756823256
2.679961312,1.998006871,19.46082621,0.65973444,2.302961896,0.384845083,1756823256
1.586441384,0.619741053,20.93001928,0.086742864,1.937664483,0.378736465,1756823256
1.42612227,-0.622133876,21.93261195,-0.56321775,1.605353898,0.456927198,1756823256
1.115055332,-2.203789615,20.37727726,-1.054353401,1.314581993,0.447153372,1756823256
0.605384118,-3.696910917,17.31446433,-1.413542126,1.073901071,0.454483755,1756823256
0.143569356,-4.323830438,14.00279786,-1.53205,0.899193631,0.448375102,1756823256
0.222532502,-2.974278492,11.0213409,-1.529606539,0.745255608,0.608421795,1756823256
-1.409372511,-3.993620919,9.669396127,-1.637118891,0.731816555,0.806342132,1756823256
-1.708475336,-4.335794551,7.549355303,-1.605353898,0.67928211,0.398284135,1756823256
-1.797009773,-2.933600508,5.575276658,-1.390329352,0.627969465,0.130725161,1756823256
-1.823330821,-2.009970984,4.074976888,-1.137431039,0.613308682,-0.004886922,1756823256
-2.005185339,-1.330409366,2.940778975,-0.91018924,0.542448332,-0.164933614,1756823256
-1.942971951,-0.997807024,2.112862356,-0.673173492,0.428827397,-0.206472451,1756823256
-1.995614048,-0.646062102,1.517049528,-0.482583538,0.364075699,-0.260228591,1756823256
-1.971685822,-0.279960244,0.806381216,-0.349414916,0.262672052,-0.30665435,1756823256
-2.08893413,0.083748791,-0.22971097,-0.173485728,0.160046692,-0.266337244,1756823256
-2.256431712,0.586241537,-1.074377347,-0.059864793,0.035430184,-0.294437062,1756823256
-2.182254211,1.275374446,-1.387837108,-0.003665191,-0.079412481,-0.323758559,1756823256
-2.045863323,1.976471468,-0.658026215,0.040317106,-0.197920337,-0.409279727,1756823256
-1.648654771,2.380858487,1.038485008,0.057421332,-0.222354947,-0.494800843,1756823256
-1.150947671,2.352144616,3.448057367,0.105068821,-0.162490153,-0.520457183,1756823256
-0.72741807,2.69671107,6.386443519,0.305432619,0.006108652,-0.627969465,1756823256
-0.35892339,3.371487043,9.497112899,0.544891775,0.144164196,-0.543670062,1756823256
-0.11006984,4.359722777,12.66521002,0.779464044,0.245567826,-0.552222158,1756823256
-0.593420005,4.677968183,15.83330714,0.741590434,0.334754151,-0.428827397,1756823256
-1.569691626,5.764309643,17.58485329,0.64018677,0.472809694,-0.48747046,1756823256
-2.086541307,5.123033187,18.28595031,0.58398715,0.557109097,-0.64018677,1756823256
-1.935793483,3.455235834,18.33141394,0.797789984,0.774577139,-0.149051118,1756823256
-2.797209619,1.258624688,19.41057693,1.204626197,0.85276789,-0.133168622,1756823256
-2.892922523,-1.526620819,19.34118508,1.529606539,0.741590434,-0.096516708,1756823256
-3.014956476,-2.036292033,20.12124524,1.626123229,0.409279727,-0.15271631,1756823256
-2.92642204,-1.557727513,22.05943155,1.364672977,-0.003665191,-0.043982297,1756823256
-2.988635427,-2.385644132,22.26760712,0.844215742,-0.647517118,-0.100181899,1756823256
-2.373680019,-2.773281393,19.43689798,0.302989176,-1.518611017,-0.141720735,1756823256
-1.1964113,-3.201596639,16.46740513,-0.213802833,-2.315179148,-0.118507856,1756823256
-0.081355968,-4.486542375,14.43589875,-0.696386406,-2.978578971,-0.096516708,1756823256
1.146162025,-4.780859555,12.09571824,-0.992045147,-3.641978515,-0.362853969,1756823256
2.574677118,-4.48175673,9.695717175,-1.088561837,-4.065919148,-0.350636647,1756823256
3.81894487,-3.780659708,7.520641432,-1.037249174,-4.401895029,-0.28221974,1756823256
4.541577295,-2.825923491,5.496313512,-0.995710321,-4.542394086,-0.116064395,1756823256
4.871786814,-1.880758564,3.847658741,-0.863763482,-4.486194466,0.046425758,1756823256
5.146961413,-1.062413234,2.297109696,-0.728151381,-4.227187396,0.232128791,1756823256
5.352744156,-0.502492746,1.189232832,-0.598647916,-3.792251381,0.30054568,1756823256
5.496313512,-0.210568389,0.435493713,-0.475253155,-3.303559191,0.382401639,1756823256
5.484349399,0.038285162,-0.22971097,-0.520457183,-2.77699339,0.477696634,1756823256
5.321637462,0.30388847,-0.823130974,-0.516792009,-2.167349865,0.50701813,1756823256
4.926821733,0.593420005,-1.31605243,-0.629191178,-1.591914793,0.632856352,1756823256
4.496113665,0.725025248,-1.557727513,-0.704938467,-0.950506293,0.662177901,1756823256
4.094119469,0.600598473,-1.368694527,-0.728151381,-0.30665435,0.665843145,1756823256
3.742374546,-0.00957129,-0.830309442,-0.664621414,0.381179909,0.591317568,1756823256
3.495913819,-1.246660575,0.198604276,-0.309097793,0.994488608,0.414166631,1756823256
3.361915753,-2.005185339,0.933200814,0.168598806,1.552819453,0.1282817,1756823256
3.5892339,-2.99102825,2.347358971,0.797789984,2.062281114,-0.184481302,1756823256
4.414757697,-3.641875997,5.233103026,1.583362715,2.423913352,-0.476474868,1756823256
5.661418272,-3.053241638,10.74138065,2.382374429,2.808758243,-0.751364226,1756823256
6.601797553,-0.435493713,19.88435581,2.75622392,3.3218852,-0.770911896,1756823256
7.235895542,3.330809059,25.92144723,2.294409957,3.722612639,-0.810007306,1756823256
6.015556016,4.051048662,24.89971198,1.529606539,3.767816876,-0.722042694,1756823256
6.120840211,4.996213589,22.84667018,1.05190994,3.095865114,-0.711047172,1756823256
7.824529902,4.977071008,19.77667879,0.943175945,2.250427572,0.112399204,1756823256
3.012563653,2.93599333,20.40359831,0.593761012,1.744631103,0.366519143,1756823256
2.857030184,1.66540453,22.38964107,0.040317106,1.467298302,0.454483755,1756823256
2.703889538,0.212961211,21.31047808,-0.494800843,1.119105169,0.43493605,1756823256
2.371287197,-1.605583965,18.58026749,-0.893084943,0.811229036,0.574213359,1756823256
1.670190175,-3.041277525,15.27338666,-1.198517562,0.667064858,0.540004888,1756823256
1.026520895,-3.964907048,12.44507034,-1.37811196,0.653625822,0.491135634,1756823256
0.344566454,-4.287938099,10.07856879,-1.480737268,0.725707938,0.483805251,1756823256
-0.078963146,-3.835694628,8.094918856,-1.441641927,0.861319951,0.368962586,1756823256
-0.210568389,-2.52203502,6.343372713,-1.202182736,0.896750187,0.337197611,1756823256
-0.569491779,-2.318645099,5.115854719,-1.058018575,0.972497477,0.335975881,1756823256
-1.713260982,-2.220539373,4.024727613,-0.961501885,1.044579522,0.057421332,1756823256
-1.670190175,-1.682154288,2.758924458,-0.823446341,0.972497477,-0.162490153,1756823256
-1.655833239,-1.392622753,1.885544209,-0.656069266,0.885754595,-0.135612083,1756823256
-1.663011707,-1.25144622,1.019342428,-0.500909513,0.761138104,-0.213802833,1756823256
-1.751546143,-1.119840977,0.026321049,-0.381179909,0.549778714,-0.161268423,1756823256
-1.820937999,-0.796809926,-0.849452023,-0.251676478,0.339641055,-0.155159771,1756823256
-1.825723644,-0.342173632,-1.093519928,-0.108734012,0.12950343,-0.131946891,1756823256
-1.763510256,0.191425808,-0.600598473,-0.015882496,-0.029321531,-0.194255146,1756823256
-1.529013641,0.449850649,0.916451056,0.164933614,-0.057421332,-0.262672052,1756823256
-1.397408398,0.650847747,2.945564621,0.312763002,0.034208453,-0.311541271,1756823256
-1.052841944,0.880558717,5.527420206,0.533896218,0.265115513,-0.41661011,1756823256
-1.150947671,1.572084448,9.018548379,0.73792519,0.529009279,-0.442266432,1756823256
-0.995414202,2.423929294,12.45464163,0.902858822,0.75747293,-0.533896218,1756823256
-1.091127106,3.187239703,15.76152247,0.908967509,0.87231556,-0.510683339,1756823256
-1.227517994,4.512863424,17.33599974,0.861319951,0.830776689,-0.389732022,1756823256
-2.474178568,4.146761566,17.62074563,0.985936529,0.811229036,-0.149051118,1756823256
-3.854837209,3.433700431,18.71187273,1.114218194,0.92851518,0.008552113,1756823256
-5.2091748,2.09850542,19.53500371,1.259604086,1.054353401,0.021991149,1756823256
-5.584847948,0.260817663,18.64965934,1.361007803,0.891863213,-0.048869219,1756823256
-5.38385085,-0.461814762,19.56850322,1.254717182,0.455705485,-0.037873645,1756823256
-5.572883835,-0.803988394,21.7052938,0.937067258,-0.067195176,-0.086742864,1756823256
-5.489135044,-1.66540453,21.78425695,0.520457183,-0.769690165,-0.150272849,1756823256
-4.642075844,-2.342573325,18.88415596,0.092851516,-1.631010134,-0.20525072,1756823256
-3.129811961,-2.957528734,16.01276884,-0.287106679,-2.561968687,-0.210137642,1756823256
-1.698904046,-3.670589868,13.76590842,-0.686612528,-3.353650053,-0.196698607,1756823256
0.339780809,-4.086941001,11.33480066,-1.047023053,-4.229630839,-0.438601224,1756823256
2.105683888,-3.809373579,9.049655073,-1.123992073,-4.877148097,-0.370184317,1756823256
3.47916406,-2.99102825,6.726224329,-1.073901071,-5.324301381,-0.217468025,1756823256
4.505684956,-2.172682921,4.878965281,-0.972497477,-5.541769249,-0.015882496,1756823256
5.03449875,-1.361516059,3.345165995,-0.807563845,-5.483126448,0.241902634,1756823256
5.532205851,-0.648454925,2.026720742,-0.645073674,-5.172806924,0.409279727,1756823256
5.948556984,-0.461814762,1.165304606,-0.48747046,-4.690223491,0.548556984,1756823256
6.125625856,-0.126819598,0.36849468,-0.408057962,-4.059810391,0.642630231,1756823256
6.094519162,0.284745889,-0.447457826,-0.343306264,-3.431840995,0.646295405,1756823256
5.907878999,0.519242504,-1.062413234,-0.415388345,-2.784323738,0.745255608,1756823256
5.61356182,0.736989361,-1.363908882,-0.540004888,-2.072054905,0.708603641,1756823256
5.237888671,0.815952507,-1.356730414,-0.631634639,-1.273043191,0.735481729,1756823256
4.833501652,0.480957343,-0.961914685,-0.636521596,-0.458148929,0.632856352,1756823256
4.661218425,-0.212961211,-0.330209519,-0.476474868,0.331088942,0.464257581,1756823256
4.663611247,-1.284945736,0.509671214,-0.157603231,1.112996464,0.202807259,1756823256
4.735395925,-2.270788647,1.507478238,0.362853969,1.761735382,-0.139277274,1756823256
5.1349973,-3.278166962,2.878565588,1.064127262,2.318844462,-0.54611354,1756823256
6.058626823,-3.81894487,5.027320283,1.855808629,2.779436834,-0.87109383,1756823256
7.523034254,-3.335594704,9.394221528,2.706133058,3.154508177,-1.076344515,1756823256
9.073583299,-0.909272588,16.09891045,3.23636391,3.450166743,-1.038470905,1756823256
9.154939268,2.629712037,24.521646,2.861292811,3.728721397,-0.741590434,1756823256
8.827122571,4.807180603,25.41416883,1.805717627,3.695734691,-0.678060379,1756823256
8.461020714,3.881158257,23.48555382,1.187522041,2.921157482,-0.519235452,1756823256
7.544569658,3.938586,20.9419834,0.884532865,2.276083947,0.404392788,1756823256
5.625525933,1.969293,20.77209299,0.296880506,1.984090294,0.592539299,1756823256
5.163711171,0.399601374,20.90130541,-0.34086282,1.701870589,0.62186083,1756823256
4.230510357,-1.368694527,19.77667879,-0.883311152,1.470963476,0.803898671,1756823256
3.089133977,-3.067598573,17.78345756,-1.216843572,1.437976753,0.739146903,1756823256
2.017149452,-4.192225195,14.7804652,-1.423316057,1.491732929,0.77579887,1756823257
0.940379282,-4.48175673,11.58843985,-1.535715174,1.579697541,0.67928211,1756823257
0.22971097,-3.282952607,8.85344362,-1.475850381,1.632231864,0.593761012,1756823257
0.059820565,-2.519642198,7.042076912,-1.296255983,1.562593262,0.610865238,1756823257
-1.866401628,-2.38325131,5.627918755,-1.22539565,1.626123229,0.421497014,1756823257
-1.993221226,-1.801795418,4.247260115,-1.022588409,1.556484627,0.10140363,1756823257
-2.179861389,-1.31605243,3.316452124,-0.823446341,1.448972293,-0.083077672,1756823257
-2.390429777,-0.899701298,2.627319215,-0.635299883,1.270599748,-0.167377075,1756823257
-2.268395825,-0.581455892,1.899901144,-0.483805251,0.984714729,-0.295658793,1756823257
-2.321037922,-0.428315245,1.347159124,-0.367740873,0.819781167,-0.270002435,1756823257
-2.330609212,-0.246460728,0.564706134,-0.207694181,0.596204472,-0.301767445,1756823257
-2.234896308,0.074177501,-0.165104759,-0.131946891,0.318871654,-0.331088942,1756823257
-2.065005904,0.672383151,-0.538385085,-0.035430184,0.087964594,-0.348193203,1756823257
-1.653440417,1.265803155,-0.00957129,0.015882496,-0.138055544,-0.334754151,1756823257
-1.37108735,1.627119368,1.560120335,0.053756141,-0.261450322,-0.318871654,1756823257
-0.988235734,1.926222193,3.785445353,0.160046692,-0.273667627,-0.323758559,1756823257
-0.672383151,2.313859454,6.716653038,0.266337244,-0.168598806,-0.294437062,1756823257
-0.449850649,2.950350266,9.473184673,0.481361808,0.02565634,-0.295658793,1756823257
-0.375673148,3.955335758,12.23210913,0.631634639,0.218689755,-0.274889357,1756823257
-1.052841944,4.180261082,15.17049528,0.638965057,0.453261989,-0.392175465,1756823257
-0.179461695,5.967699564,16.18983771,0.77579887,0.653625822,-0.096516708,1756823257
-1.763510256,5.355136979,17.6494595,0.64018677,0.866206925,0.037873645,1756823257
-2.770888571,3.438486076,18.62094547,0.791681366,1.132544134,0.07574729,1756823257
-3.696910917,0.751346296,19.36989895,1.153313605,1.375668516,0.030543262,1756823257
-3.943371645,-1.842473402,19.89631992,1.489289486,1.368338168,-0.05131268,1756823257
-3.88355108,-1.481157189,20.8366992,1.568701879,1.061683819,0.040317106,1756823257
-4.936393024,-1.928615016,22.49253244,1.236391172,0.570548115,0.041538836,1756823257
-5.003392057,-2.244467599,21.67657993,0.800233427,-0.251676478,-0.019547688,1756823257
-5.07996238,-3.412165028,18.90090572,0.221133216,-1.215621859,-0.311541271,1756823257
-3.802195111,-3.972085516,15.75673682,-0.279776297,-2.201558301,-0.48747046,1756823257
-1.935793483,-4.390829471,13.24188027,-0.675616936,-3.142290663,-0.569326385,1756823257
0.177068872,-4.716253345,11.12183944,-0.984714729,-4.003610754,-0.522900626,1756823257
2.076970017,-4.127618985,9.09272588,-1.093448811,-4.726874986,-0.419053553,1756823257
3.433700431,-3.407379382,7.054041025,-1.075122784,-5.24488911,-0.298102236,1756823257
4.359722777,-2.603390989,5.271388188,-0.972497477,-5.514891562,-0.020769418,1756823257
4.945964314,-1.720439449,3.639483175,-0.799011714,-5.494122109,0.122173048,1756823257
5.453242705,-0.978664443,2.364108729,-0.626747734,-5.199685134,0.323758559,1756823257
5.883950773,-0.47856452,1.294517027,-0.471587964,-4.725653657,0.481361808,1756823257
6.183053598,-0.11006984,0.48813581,-0.356745317,-4.12456221,0.625526004,1756823257
6.254838276,0.24885355,-0.107677017,-0.361632204,-3.477044953,0.734260016,1756823257
6.106483275,0.636490812,-0.574277424,-0.43615778,-2.744006667,0.75747293,1756823257
5.726024482,0.866201781,-0.969093153,-0.572991628,-2.006081477,0.806342132,1756823257
5.326423108,0.899701298,-1.074377347,-0.708603641,-1.214400128,0.812450749,1756823257
4.965106895,0.593420005,-0.806381216,-0.722042694,-0.35796703,0.71715579,1756823257
4.72103899,-0.11006984,-0.215354034,-0.62186083,0.453261989,0.599869646,1756823257
4.677968183,-1.004985492,0.516849682,-0.291993584,1.185078597,0.301767445,1756823257
4.649254312,-2.081755662,1.390229931,0.149051118,1.813047975,-0.02687807,1756823257
4.752145684,-3.084348331,2.555534537,0.799011714,2.323731349,-0.428827397,1756823257
5.412564721,-3.873979789,4.457828504,1.539380348,2.740341371,-0.816115923,1756823257
6.546762634,-4.072584065,7.733602643,2.373822228,3.034778591,-1.022588409,1756823257
7.683353369,-2.364108729,13.78983664,3.084869453,3.242472667,-1.094670524,1756823257
8.037491113,1.239482107,21.92543348,2.995683111,3.490484058,-0.954171467,1756823257
7.972884903,3.077169864,25.81137739,2.146580412,3.623652506,-0.7550294,1756823257
8.343772406,4.342973019,23.62433753,1.519832748,3.051882747,-0.653625822,1756823257
9.973284597,5.053641331,20.26960024,1.257160643,2.122145768,-0.030543262,1756823257
5.584847948,2.019542274,20.81277097,0.632856352,1.743409372,0.241902634,1756823257
4.869393991,0.46899323,21.365513,-0.197920337,1.518611017,0.476474868,1756823257
4.407579229,-1.241874929,20.42752654,-0.827111515,1.30236474,0.476474868,1756823257
3.670589868,-3.04606317,18.76212201,-1.193630658,1.24372166,0.515570278,1756823257
2.699103893,-4.335794551,16.32144295,-1.423316057,1.264490991,0.643851944,1756823257
1.720439449,-4.615754795,13.27298696,-1.469741746,1.290147348,0.478918364,1756823257
0.988235734,-4.005585032,10.70070267,-1.461189667,1.309695088,0.532674488,1756823257
0.311066938,-2.634497683,8.580661844,-1.364672977,1.336573176,0.382401639,1756823257
-0.311066938,-2.057827436,7.264609414,-1.259604086,1.342681794,0.388510291,1756823257
-1.73958203,-1.497906948,5.891129241,-1.197295832,1.367116438,0.157603231,1756823257
-1.744367675,-0.734596538,4.366901245,-1.031140557,1.326799245,-0.131946891,1756823257
-2.009970984,-0.35892339,3.225524865,-0.908967509,1.231504285,-0.2565634,1756823257
-2.127219291,-0.098105727,2.344966148,-0.753807686,1.086118394,-0.366519143,1756823257
-2.206182437,0.078963146,1.732403562,-0.587652324,0.921184762,-0.398284135,1756823257
-2.199003969,0.330209519,1.009771137,-0.442266432,0.71837752,-0.38362337,1756823257
-2.210968082,0.619741053,0.107677017,-0.290771853,0.544891775,-0.366519143,1756823257
-2.191825502,1.028913718,-0.681954441,-0.20525072,0.35918876,-0.362853969,1756823257
-2.017149452,1.478764367,-0.830309442,-0.141720735,0.171042267,-0.305432619,1756823257
-1.698904046,1.732403562,0.114855485,-0.116064395,-0.008552113,-0.301767445,1756823257
-1.308873962,1.97886429,1.950150419,-0.10262536,-0.067195176,-0.222354947,1756823257
-0.859023313,2.517249375,4.345365842,0.047647489,-0.034208453,-0.233350521,1756823257
-0.686740086,2.995813895,7.302894575,0.172263997,0.058643063,-0.221133216,1756823257
-0.622133876,3.577269787,9.872786048,0.386066848,0.20402899,-0.240680904,1756823257
-0.952343395,3.766302772,12.33260768,0.518013722,0.390953752,-0.34086282,1756823257
-0.447457826,4.917250443,14.41675616,0.696386406,0.594982742,-0.009773844,1756823257
-1.308873962,4.962714072,16.57268933,0.706160198,0.73792519,0.046425758,1756823257
-1.854437515,3.962514226,17.76431498,0.635299883,0.949284563,0.112399204,1756823257
-2.352144616,1.476371544,18.42712684,0.91018924,1.159422222,0.156381501,1756823257
-3.215953574,-0.82791662,19.74796492,1.472185189,1.356120776,0.200363798,1756823257
-3.010170831,-2.045863323,20.30070694,1.833817445,1.192408945,0.267558974,1756823257
-3.943371645,-2.514856553,21.30329961,1.828930541,0.7550294,0.310319558,1756823257
-4.625326086,-2.416750826,22.47099704,1.461189667,0.30054568,0.2565634,1756823257
-4.752145684,-3.029313412,21.70290098,0.819781167,-0.552222158,-0.12950343,1756823257
-4.089333823,-3.682553981,18.74297943,0.277332818,-1.459967954,-0.2565634,1756823257
-2.847458894,-4.232903179,16.00798319,-0.240680904,-2.320066053,-0.415388345,1756823257
-1.272981623,-4.443471568,13.92383471,-0.610865238,-3.136182168,-0.516792009,1756823257
0.602991295,-4.309473503,11.84447187,-0.869872099,-3.838677192,-0.560774306,1756823257
2.304288164,-3.830908983,9.454042093,-0.977384381,-4.41166882,-0.49357913,1756823257
3.46959277,-2.986242605,7.195217558,-0.959058441,-4.863709253,-0.401949344,1756823257
4.309473503,-2.134397759,5.257031252,-0.875980734,-5.032307605,-0.272445896,1756823257
5.077569557,-1.253839042,3.735196079,-0.770911896,-5.031086276,-0.041538836,1756823257
5.527420206,-0.421136778,2.309073809,-0.671951762,-4.756196919,0.174707458,1756823257
5.816951741,0.172283227,1.239482107,-0.585208881,-4.322482495,0.384845083,1756823257
6.029912952,0.440279358,0.447457826,-0.54611354,-3.77026032,0.498466017,1756823257
6.173482308,0.703489844,-0.145962179,-0.579100246,-3.185051439,0.647517118,1756823257
5.929414403,0.866201781,-0.65324057,-0.65973444,-2.543642939,0.747699052,1756823257
5.618347465,1.079162993,-1.146162025,-0.803898671,-1.890017064,0.867428656,1756823257
5.216353268,1.134197912,-1.294517027,-0.883311152,-1.176526519,0.904080535,1756823257
4.878965281,0.94755775,-1.074377347,-0.949284563,-0.450818546,0.85276789,1756823257
4.587040924,0.289531535,-0.507278391,-0.790459636,0.25534167,0.802676958,1756823257
4.457828504,-0.538385085,0.342173632,-0.520457183,0.922406475,0.529009279,1756823257
4.240081647,-1.399801221,1.182054364,-0.05253441,1.523497922,0.222354947,1756823257
4.074976888,-2.220539373,2.210968082,0.514348513,2.079385253,-0.07819075,1756823257
4.453042859,-2.708675183,3.885943902,1.196074119,2.528981981,-0.376292969,1756823257
5.467599641,-3.041277525,7.343572559,2.070833192,2.900388029,-0.71837752,1756823257
6.92961425,-2.115255178,13.83530027,2.773328077,3.213151258,-0.87231556,1756823257
7.501498851,0.748953474,21.77468566,2.921157482,3.583335452,-0.888198039,1756823257
7.293323285,3.330809059,25.55295255,2.317622592,3.79102979,-0.83199842,1756823257
6.58983344,4.357329955,24.54796705,1.600466872,3.502701311,-0.7550294,1756823257
6.116054566,3.661018578,21.81536364,1.094670524,2.513099677,-0.631634639,1756823257
3.998406565,3.242274623,19.72642951,0.830776689,1.938886196,0.166155345,1756823257
2.86181583,1.756331788,20.90369823,0.191811685,1.576032367,0.291993584,1756823257
2.967100024,0.117248307,20.85105614,-0.497244304,1.22417392,0.241902634,1756823257
2.830709136,-1.600798319,19.38664871,-0.961501885,0.889419769,0.441044702,1756823257
2.361715906,-3.132204783,16.85264957,-1.232725998,0.663399614,0.5131268,1756823257
1.871187273,-3.931407532,13.76590842,-1.361007803,0.544891775,0.503352956,1756823257
1.1964113,-4.019941968,11.25583751,-1.469741746,0.485027017,0.525344105,1756823257
0.672383151,-3.500699464,9.198010074,-1.466076572,0.492357365,0.415388345,1756823257
0.090927259,-2.943171798,7.372286431,-1.448972293,0.56443948,0.307876063,1756823257
-0.35892339,-2.347358971,5.656632626,-1.314581993,0.626747734,0.139277274,1756823257
-0.655633392,-1.703689691,4.149154388,-1.144761387,0.69882985,-0.008552113,1756823258
-0.988235734,-1.227517994,2.964707201,-0.999375495,0.706160198,-0.098960169,1756823258
-1.148554848,-0.940379282,2.146361872,-0.863763482,0.71837752,-0.218689755,1756823258
-1.287338559,-0.631705166,1.347159124,-0.713490616,0.687834258,-0.200363798,1756823258
-1.497906948,-0.370887503,0.863808959,-0.596204472,0.653625822,-0.260228591,1756823258
-1.782652837,-0.172283227,0.406779842,-0.456927198,0.656069266,-0.298102236,1756823258
-2.014756629,0.069391855,-0.287138712,-0.356745317,0.657290996,-0.361632204,1756823258
-2.050648968,0.401994197,-0.806381216,-0.238237443,0.619417386,-0.411723171,1756823258
-1.682154288,0.605384118,-0.574277424,-0.134390352,0.547335271,-0.43615778,1756823258
-1.14137638,0.669990328,0.792024281,0.081855942,0.467922755,-0.428827397,1756823258
-0.787238635,0.636490812,2.916850749,0.316428176,0.422718727,-0.425162223,1756823258
-0.449850649,0.854237668,5.625525933,0.596204472,0.445931606,-0.387288578,1756823258
-0.267996131,1.43569356,8.831908217,0.902858822,0.530231009,-0.382401639,1756823258
-0.296710002,2.553141714,12.19382397,1.116661655,0.649960648,-0.302989176,1756823258
-0.739382183,3.684946804,15.17528093,1.114218194,0.764803278,-0.223576677,1756823258
-1.476371544,4.386043826,17.60160305,1.044579522,0.85276789,-0.164933614,1756823258
-2.33778768,4.137190275,18.85065644,0.945619389,1.007927643,-0.155159771,1756823258
-3.203989461,3.036491879,19.90589121,1.022588409,1.252273738,-0.173485728,1756823258
-4.565505521,1.14137638,20.03510363,1.295034253,1.369559881,-0.174707458,1756823258
-5.211567623,-1.074377347,19.6618233,1.549154279,1.241278216,-0.2565634,1756823258
-5.084748025,-1.962114532,20.52563226,1.556484627,0.768468452,-0.249233017,1756823258
-5.022534637,-1.969293,22.91606204,1.232725998,0.087964594,-0.249233017,1756823258
-4.65643278,-1.940579129,22.9854539,0.803898671,-0.904080535,-0.25534167,1756823258
-3.206382284,-1.18684001,19.73839363,0.333532438,-1.998751007,-0.106290551,1756823258
-2.86181583,-2.63210486,17.19003756,-0.283441471,-3.021339486,-0.10262536,1756823258
-0.796809926,-2.98145696,14.90967762,-0.774577139,-3.920533186,-0.106290551,1756823258
0.906879765,-3.12024067,12.72503059,-1.222952207,-4.720766753,-0.38362337,1756823258
2.821137845,-2.703889538,10.15992476,-1.314581993,-5.254662901,-0.334754151,1756823258
4.120440517,-1.875972918,7.436892641,-1.269378017,-5.555208633,-0.262672052,1756823258
5.338387221,-0.90209412,4.948357137,-1.170417761,-5.652947176,-0.087964594,1756823258
5.924628758,0.160319114,2.979064137,-1.05190994,-5.472130786,0.157603231,1756823258
6.45104973,0.815952507,1.450050496,-1.004262469,-4.993212387,0.287106679,1756823258
6.781259248,0.921236701,0.473778875,-0.968832233,-4.386012463,0.412944901,1756823258
6.876972152,0.928415169,-0.29431718,-0.912632683,-3.688404343,0.505796417,1756823258
6.817151587,0.859023313,-0.880558717,-0.912632683,-2.985909319,0.565661211,1756823258
6.57069086,0.954736217,-1.359123237,-0.946841119,-2.235766877,0.590095838,1756823258
6.199803357,1.045663476,-1.782652837,-0.982271286,-1.519832748,0.636521596,1756823258
5.692524965,1.064806057,-1.92382937,-1.034805731,-0.792903079,0.649960648,1756823258
5.295316414,0.878165894,-1.658226062,-1.017701504,-0.046425758,0.536339679,1756823258
4.871786814,0.332602341,-1.031306541,-0.873537273,0.67928211,0.426383936,1756823258
4.512863424,-0.490528633,-0.270388954,-0.498466017,1.390329352,0.184481302,1756823258
4.113262049,-1.301695494,0.492921456,-0.045204028,2.034181296,-0.037873645,1756823258
3.826123337,-1.954936064,1.588834206,0.557109097,2.608394515,-0.307876063,1756823258
3.929014709,-2.40239389,3.249453091,1.288925618,3.082426009,-0.624304273,1756823258
4.744967216,-2.600998166,5.924628758,1.98042512,3.495370963,-0.840550568,1756823258
5.886343596,-2.349751793,10.60498976,2.724459067,3.815464295,-0.880867691,1756823258
6.599404731,-0.636490812,16.63250989,3.059213095,4.025601815,-0.751364226,1756823258
6.587440618,2.28275276,22.2341076,2.849075558,4.090353652,-0.481361808,1756823258
5.989234968,3.541377448,24.07179536,2.239431928,3.860668253,-0.246789556,1756823258
5.644668513,3.318844946,23.5262318,1.37811196,3.167947038,-0.002443461,1756823258
4.943571492,2.304288164,19.83171371,1.07145761,2.075720079,0.277332818,1756823258
3.038884702,0.669990328,19.11147411,0.781907487,1.490511216,0.525344105,1756823258
2.809173732,-0.22971097,21.34397759,0.17837265,1.070235897,0.498466017,1756823258
2.842673249,-1.873580096,21.82732776,-0.537561392,0.797789984,0.570548115,1756823258
2.364108729,-3.835694628,19.84367782,-1.145983257,0.741590434,0.552222158,1756823258
2.031506387,-4.041477371,16.31426449,-1.37933369,0.806342132,0.646295405,1756823258
0.859023313,-5.467599641,13.48594817,-1.605353898,0.985936529,0.83199842,1756823258
0.136390888,-5.03449875,10.439885,-1.762957112,1.088561837,0.355523586,1756823258
-0.430708068,-4.173082614,7.604390223,-1.591914793,1.142317943,0.180816111,1756823258
-0.746560651,-2.804388087,5.400600608,-1.348790428,1.125213786,0.018325957,1756823258
-1.107876864,-1.988435581,4.055834307,-1.036027461,1.039692635,-0.119729587,1756823258
-1.361516059,-1.406979689,3.187239703,-0.861319951,0.978606112,-0.2565634,1756823258
-1.292124204,-0.954736217,2.490928327,-0.689055989,0.857654777,-0.328645498,1756823258
-1.313659607,-0.562313311,1.816152353,-0.592539299,0.706160198,-0.338419325,1756823258
-1.459621786,-0.244067905,1.210768236,-0.491135634,0.56443948,-0.321315115,1756823258
-1.653440417,0.17467605,0.327816696,-0.313984732,0.437379493,-0.278554549,1756823258
-1.907079612,0.734596538,-0.464207584,-0.201585529,0.299323967,-0.299323967,1756823258
-2.009970984,1.378265818,-0.83748791,-0.087964594,0.173485728,-0.322536846,1756823258
-1.761117434,1.825723644,-0.263210486,0.063529985,0.097738438,-0.41661011,1756823258
-1.375872995,2.132004937,1.397408398,0.188146493,0.064751715,-0.426383936,1756823258
-1.103091219,2.397608245,4.019941968,0.441044702,0.1282817,-0.497244304,1756823258
-0.624526699,2.904886636,7.611568691,0.742812147,0.276111088,-0.526565835,1756823258
-0.234496615,3.912264951,10.96391315,0.955393267,0.387288578,-0.397062405,1756823258
-0.58863436,4.441078746,14.22054471,1.044579522,0.466701042,-0.302989176,1756823258
-1.378265818,6.142375614,16.48176207,0.976162651,0.520457183,-0.329867229,1756823258
-1.256231865,7.738388288,16.93400554,1.017701504,0.544891775,-0.217468025,1756823258
-2.239681954,7.202396026,18.06102498,1.07145761,0.67928211,0.069638637,1756823258
-3.979263984,4.752145684,19.73839363,1.073901071,0.978606112,-0.064751715,1756823258
-4.96989254,2.318645099,19.13061669,1.230282555,1.165530857,-0.317649941,1756823258
-4.488935198,0.102891372,18.86262056,1.370781612,0.943175945,-0.425162223,1756823258
-4.529613182,-0.095712904,20.96112598,1.251052008,0.458148929,-0.543670062,1756823258
-4.271188341,-0.203389921,21.82014929,0.932180353,-0.284663184,-0.516792009,1756823258
-3.682553981,-0.959521863,20.04946057,0.524122392,-1.288925618,-0.467922755,1756823258
-2.711068006,-1.32562372,17.34796385,0.213802833,-2.316401001,-0.441044702,1756823258
-1.280160091,-2.08893413,15.14417424,-0.2565634,-3.227811954,-0.533896218,1756823258
0.626919521,-3.017349299,13.07438269,-0.678060379,-4.046371268,-0.522900626,1756823258
2.385644132,-3.53419898,10.83948638,-1.039692635,-4.678005977,-0.465479312,1756823258
4.182653905,-3.400200915,8.707481441,-1.16675257,-5.119050487,-0.362853969,1756823258
5.132604477,-3.029313412,6.774080781,-1.16675257,-5.336518895,-0.171042267,1756823258
5.948556984,-2.44785752,5.206781978,-1.098335698,-5.225341509,0.008552113,1756823258
6.484549246,-1.639083481,3.448057367,-0.943175945,-4.864930582,0.147829388,1756823258
6.759723845,-1.31605243,2.096112598,-0.866206925,-4.344473539,0.287106679,1756823258
6.771687958,-0.806381216,0.882951539,-0.79534654,-3.74338211,0.361632204,1756823258
6.714260216,-0.270388954,-0.031106694,-0.803898671,-3.106860514,0.456927198,1756823258
6.541976988,0.040677984,-0.624526699,-0.830776689,-2.488664911,0.522900626,1756823258
6.223731583,0.397208552,-1.201196945,-0.883311152,-1.769065747,0.577878533,1756823258
5.745167063,0.634097989,-1.6199409,-0.929736893,-1.115439925,0.620639099,1756823258
5.221138913,0.643669279,-1.67497582,-0.912632683,-0.384845083,0.656069266,1756823258
4.809573426,0.375673148,-1.246660575,-0.767246722,0.356745317,0.591317568,1756823258
4.582255279,-0.681954441,-0.145962179,-0.489913921,1.080009759,0.431270841,1756823258
4.512863424,-1.806581063,0.971485976,0.019547688,1.766622286,0.184481302,1756823258
4.474578262,-2.952743088,2.184647034,0.557109097,2.40436549,-0.056199602,1756823258
4.72103899,-3.70887503,3.929014709,1.141096213,2.857627514,-0.392175465,1756823258
