-0.356240,0.112240,0.869616,-2.100000,-36.119999,-28.559999,1770370254.754028
-0.338428,0.094672,0.842044,-4.480000,-33.110001,-28.980000,1770370254.762135
-0.328912,0.079544,0.833992,-6.230000,-30.240000,-26.040001,1770370254.770163
-0.323788,0.072712,0.838384,-6.510000,-27.440001,-29.469999,1770370254.778204
-0.327448,0.079300,0.848144,-9.100000,-25.270000,-27.719999,1770370254.786099
-0.328912,0.091500,0.852780,-9.870000,-24.360001,-28.350000,1770370254.794114
-0.333060,0.096624,0.841312,-11.690000,-25.270000,-27.299999,1770370254.802097
-0.323544,0.093696,0.822768,-11.900000,-28.700001,-23.870001,1770370254.810330
-0.314028,0.076372,0.807640,-11.550000,-30.660000,-22.750000,1770370254.818112
-0.302804,0.057096,0.828380,-10.570000,-34.230000,-19.600000,1770370254.826089
-0.288896,0.053680,0.887672,-10.220000,-33.880001,-18.690001,1770370254.834102
-0.271572,0.043432,0.959408,-10.080000,-30.309999,-15.960000,1770370254.842105
-0.263276,0.030012,1.027728,-10.360000,-25.270000,-15.470000,1770370254.850102
-0.255468,0.012688,1.071404,-9.870000,-21.139999,-14.350000,1770370254.858110
-0.254980,-0.004880,1.086288,-9.100000,-19.389999,-11.480000,1770370254.866117
-0.255956,-0.035380,1.077260,-8.120000,-18.760000,-11.830000,1770370254.874087
-0.260104,-0.069784,1.053592,-6.930000,-19.879999,-9.170000,1770370254.882103
-0.265472,-0.105408,1.033340,-2.520000,-19.879999,-10.710000,1770370254.890098
-0.269132,-0.136152,1.031632,0.910000,-18.830000,-8.120000,1770370254.898150
-0.274500,-0.155672,1.059448,4.550000,-16.030001,-5.600000,1770370254.906287
-0.284016,-0.167872,1.090192,8.540000,-15.260000,-5.320000,1770370254.914104
-0.293532,-0.171044,1.108492,12.600000,-13.580000,-4.970000,1770370254.922101
-0.306464,-0.161528,1.109956,14.770000,-14.210000,-2.030000,1770370254.930105
-0.314028,-0.143960,1.108492,19.879999,-14.840000,-4.690000,1770370254.938312
-0.316956,-0.118340,1.108004,19.879999,-16.730000,-0.280000,1770370254.946099
-0.321104,-0.083692,1.091900,20.860001,-19.110001,-3.990000,1770370254.954103
-0.315004,-0.055388,1.075308,19.459999,-21.420000,-5.810000,1770370254.962107
-0.305488,-0.024156,1.063108,17.920000,-23.379999,-4.900000,1770370254.970265
-0.296216,-0.002684,1.034072,14.560000,-27.860001,-7.000000,1770370254.978118
-0.274744,0.009516,0.998692,9.870000,-33.040001,-7.350000,1770370254.986102
-0.251320,0.008540,0.955260,7.560000,-37.869999,-10.150000,1770370254.994083
-0.223748,0.005124,0.925980,6.230000,-42.770000,-12.950000,1770370255.002101
-0.175192,0.002928,0.919148,4.410000,-47.880001,-13.650000,1770370255.010281
-0.125416,0.002928,0.938912,4.970000,-52.220001,-17.010000,1770370255.018110
-0.070516,0.005856,0.962824,4.200000,-54.110001,-18.900000,1770370255.026158
-0.015860,0.008784,0.969900,4.550000,-56.000000,-20.020000,1770370255.034101
0.033184,0.006588,0.965752,6.650000,-55.090000,-20.860001,1770370255.042126
0.083936,0.009516,0.957212,7.910000,-52.639999,-21.350000,1770370255.050121
0.135420,0.022448,0.957212,13.230000,-47.669998,-24.500000,1770370255.058245
0.178364,0.043188,0.957700,14.420000,-41.369999,-21.209999,1770370255.066340
0.220820,0.075640,0.965264,17.639999,-32.200001,-22.959999,1770370255.074847
0.252540,0.119316,0.976488,19.250000,-20.160000,-21.490000,1770370255.082255
0.279624,0.163968,0.981856,20.440001,-7.000000,-19.040001,1770370255.090103
0.289140,0.205692,0.982344,21.209999,8.820000,-16.870001,1770370255.098158
0.285724,0.237412,0.989176,20.230000,24.500000,-11.060000,1770370255.106151
0.267668,0.255468,1.009916,17.780001,41.369999,-9.240000,1770370255.114119
0.233508,0.254004,1.051640,12.040000,58.869999,2.030000,1770370255.122105
0.176900,0.244244,1.109224,4.900000,77.209999,8.680000,1770370255.130110
0.101016,0.246440,1.153144,-1.120000,93.309998,14.350000,1770370255.138180
0.004636,0.263520,1.142164,-8.470000,106.330002,21.280001,1770370255.146094
-0.103212,0.297436,1.090680,-15.330000,116.970001,18.830000,1770370255.154109
-0.200812,0.314516,1.033828,-20.790001,124.389999,19.110001,1770370255.162218
-0.285236,0.299876,0.987956,-27.440001,127.820000,17.150000,1770370255.170178
-0.366244,0.247172,0.956724,-29.400000,129.220001,13.860000,1770370255.178273
-0.436516,0.173240,0.958432,-30.870001,127.190002,10.920000,1770370255.186102
-0.503616,0.092476,0.958920,-27.370001,122.639999,10.500000,1770370255.194104
-0.557784,0.042700,0.941352,-23.100000,113.400002,5.950000,1770370255.202119
-0.605120,0.010492,0.921344,-18.690001,98.839996,3.990000,1770370255.210125
-0.629764,0.002684,0.906704,-15.190000,82.320000,1.960000,1770370255.218104
-0.643672,-0.009272,0.904020,-15.470000,62.790001,1.750000,1770370255.226092
-0.644160,-0.042944,0.913780,-13.650000,43.119999,-1.610000,1770370255.234091
-0.636596,-0.111752,0.951356,-12.250000,28.840000,-0.840000,1770370255.242085
-0.633668,-0.202764,0.985272,-11.760000,20.510000,-3.220000,1770370255.250166
-0.634400,-0.266936,0.961604,-8.120000,15.540000,-4.760000,1770370255.258207
-0.630496,-0.296216,0.910852,-5.110000,16.030001,-5.880000,1770370255.266088
-0.622688,-0.290116,0.875960,0.910000,15.750000,-9.730000,1770370255.274096
-0.619760,-0.283528,0.865712,1.890000,16.379999,-10.150000,1770370255.282128
-0.611952,-0.284992,0.875472,2.240000,14.700000,-15.120000,1770370255.290096
-0.597312,-0.295972,0.881328,-0.560000,11.970000,-17.430000,1770370255.298182
-0.578280,-0.315736,0.901092,-0.350000,8.190000,-17.990000,1770370255.306090
-0.560468,-0.340624,0.928664,2.030000,5.320000,-20.370001,1770370255.314144
-0.539972,-0.349896,0.943792,6.090000,-0.490000,-18.620001,1770370255.322097
-0.507520,-0.352092,0.950136,8.750000,-5.040000,-14.560000,1770370255.330098
-0.484096,-0.352092,0.950868,11.200000,-5.740000,-13.720000,1770370255.338111
-0.450668,-0.308904,0.942328,13.510000,-7.560000,-10.360000,1770370255.346187
-0.429684,-0.268644,0.933300,13.510000,-5.390000,-6.090000,1770370255.354097
-0.413336,-0.220088,0.905728,10.570000,-4.130000,-5.810000,1770370255.362095
-0.390888,-0.187880,0.880352,8.190000,0.210000,-3.010000,1770370255.370082
-0.370636,-0.170556,0.866932,5.530000,6.860000,-1.960000,1770370255.378109
-0.368928,-0.166408,0.858148,3.920000,14.490000,3.780000,1770370255.386127
-0.388692,-0.157380,0.853512,3.430000,22.049999,3.220000,1770370255.394129
-0.421388,-0.161528,0.852048,5.530000,29.400000,8.400000,1770370255.402152
-0.475068,-0.157380,0.862296,7.140000,38.360001,12.950000,1770370255.410116
-0.530944,-0.153476,0.867420,8.890000,41.930000,16.450001,1770370255.418111
-0.588040,-0.143716,0.857416,11.340000,44.799999,21.280001,1770370255.426101
-0.641476,-0.123464,0.840092,12.530000,46.549999,22.049999,1770370255.434251
-0.691008,-0.090036,0.819352,15.120000,46.480000,23.870001,1770370255.442120
-0.734928,-0.067344,0.806664,15.890000,45.009998,23.100000,1770370255.450106
-0.769576,-0.028060,0.801052,17.290001,42.349998,26.389999,1770370255.458112
-0.807884,0.009028,0.804224,17.570000,37.590000,25.900000,1770370255.466131
-0.840092,0.047824,0.809104,15.960000,30.799999,22.959999,1770370255.474143
-0.863760,0.076616,0.816668,16.100000,21.209999,23.309999,1770370255.482103
-0.873276,0.103456,0.826672,16.450001,11.060000,19.950001,1770370255.490118
-0.867908,0.133712,0.829844,16.520000,-1.260000,15.540000,1770370255.498170
-0.857416,0.152988,0.813984,17.219999,-14.000000,13.510000,1770370255.506103
-0.845948,0.159332,0.771772,19.670000,-23.940001,7.910000,1770370255.514111
-0.822768,0.165432,0.726144,20.230000,-31.780001,5.460000,1770370255.522101
-0.797148,0.181536,0.700036,19.879999,-38.360001,-4.900000,1770370255.530154
-0.773480,0.209596,0.721020,20.020000,-38.779999,-5.110000,1770370255.538191
-0.746640,0.244000,0.775920,14.000000,-35.980000,-15.400000,1770370255.546111
-0.716628,0.278892,0.830332,8.190000,-32.759998,-22.680000,1770370255.554085
-0.671732,0.309880,0.864492,1.470000,-31.990000,-31.360001,1770370255.562106
-0.628056,0.322812,0.874984,-4.760000,-35.560001,-32.270000,1770370255.570102
-0.589016,0.322080,0.868640,-9.240000,-41.160000,-33.459999,1770370255.578205
-0.547048,0.306220,0.857904,-11.760000,-48.790001,-31.360001,1770370255.586148
-0.500688,0.275720,0.857660,-17.990000,-56.209999,-30.379999,1770370255.594090
-0.458232,0.242780,0.872056,-19.740000,-61.599998,-30.730000,1770370255.602103
-0.414312,0.216184,0.896944,-22.750000,-65.169998,-27.370001,1770370255.610375
-0.382592,0.200568,0.918416,-24.639999,-65.379997,-26.320000,1770370255.618159
-0.357704,0.186904,0.930860,-24.990000,-65.589996,-23.170000,1770370255.626088
-0.339892,0.169336,0.925980,-29.750000,-62.650002,-19.040001,1770370255.634183
-0.333548,0.134688,0.894748,-30.240000,-61.110001,-18.690001,1770370255.642108
-0.327692,0.095404,0.862296,-30.450001,-58.450001,-15.750000,1770370255.650088
-0.319884,0.037820,0.863272,-29.889999,-54.110001,-16.870001,1770370255.658111
-0.315248,-0.014640,0.896212,-25.549999,-47.880001,-15.400000,1770370255.666102
-0.316712,-0.071004,0.945256,-23.660000,-39.480000,-14.630000,1770370255.674170
-0.329644,-0.119316,0.995520,-17.430000,-33.250000,-16.240000,1770370255.682105
-0.336232,-0.167628,1.047980,-15.610000,-28.770000,-14.420000,1770370255.690330
-0.340624,-0.213988,1.072868,-9.800000,-30.240000,-16.240000,1770370255.698169
-0.340136,-0.256444,1.083848,-3.080000,-33.669998,-15.470000,1770370255.706099
-0.336232,-0.284016,1.083604,-0.210000,-40.459999,-17.639999,1770370255.714100
-0.330864,-0.296704,1.077260,6.650000,-46.340000,-15.680000,1770370255.722114
-0.322324,-0.308660,1.060424,6.300000,-51.029999,-13.650000,1770370255.730106
-0.307440,-0.317444,1.037244,8.120000,-53.970001,-13.300000,1770370255.738111
-0.289384,-0.331840,1.006256,8.680000,-54.110001,-12.740000,1770370255.746096
-0.266204,-0.341112,0.991128,7.700000,-57.119999,-14.210000,1770370255.754088
-0.243268,-0.350872,0.980392,9.800000,-57.540001,-14.280000,1770370255.762118
-0.213744,-0.349896,0.971608,8.890000,-57.119999,-16.660000,1770370255.770107
-0.181292,-0.353312,0.976244,11.760000,-57.540001,-16.240000,1770370255.778109
-0.145424,-0.352092,0.990884,13.020000,-55.650002,-18.900000,1770370255.786102
-0.112484,-0.344528,1.024556,15.190000,-54.110001,-19.600000,1770370255.794085
-0.076860,-0.319396,1.052372,19.040001,-54.669998,-20.580000,1770370255.802187
-0.050020,-0.281576,1.068720,17.780001,-54.180000,-20.930000,1770370255.810187
-0.022204,-0.248392,1.059448,14.070000,-52.779999,-20.580000,1770370255.818121
0.002440,-0.220332,1.046272,13.300000,-52.360001,-20.930000,1770370255.826098
0.021472,-0.195200,1.035536,11.760000,-48.439999,-21.840000,1770370255.834164
0.043188,-0.156648,1.033340,11.690000,-45.430000,-22.959999,1770370255.842098
0.061000,-0.104920,1.025044,10.920000,-40.669998,-22.049999,1770370255.850094
0.071248,-0.043188,1.004548,8.960000,-35.770000,-23.520000,1770370255.858177
0.082960,0.014884,0.990640,9.800000,-28.559999,-21.700001,1770370255.866109
0.092232,0.070272,0.972096,7.210000,-19.600000,-21.350000,1770370255.874081
0.099796,0.126392,0.963556,10.780000,-12.180000,-16.450001,1770370255.882107
0.096624,0.173240,0.956480,9.870000,0.490000,-12.180000,1770370255.890104
0.087352,0.188856,0.955748,10.570000,13.930000,-5.810000,1770370255.898151
0.061000,0.184220,0.940376,12.670000,26.600000,-1.540000,1770370255.906211
0.027084,0.180560,0.938180,11.200000,36.400002,3.290000,1770370255.914109
-0.007808,0.188368,0.940620,13.090000,47.110001,5.110000,1770370255.922122
-0.045140,0.200080,0.941840,13.790000,54.669998,8.260000,1770370255.930103
-0.090524,0.212280,0.943060,13.860000,56.770000,9.030000,1770370255.938109
-0.138348,0.242780,0.942328,14.210000,58.240002,10.640000,1770370255.946119
-0.183976,0.271328,0.937204,11.690000,55.020000,7.700000,1770370255.954136
-0.224236,0.282796,0.930128,9.660000,49.770000,7.000000,1770370255.962224
-0.250588,0.280600,0.941108,3.780000,44.380001,4.550000,1770370255.970095
-0.270352,0.260104,0.963556,3.010000,36.189999,2.170000,1770370255.978109
-0.279624,0.233508,0.986980,-1.260000,29.820000,-0.630000,1770370255.986111
-0.286944,0.197396,1.017968,-4.130000,24.150000,-1.890000,1770370255.994146
-0.299632,0.172264,1.045784,-5.600000,21.139999,-5.320000,1770370256.002222
-0.315736,0.152012,1.071160,-8.680000,22.750000,-6.720000,1770370256.010174
-0.333060,0.136884,1.093852,-13.720000,27.160000,-10.010000,1770370256.018179
-0.356240,0.121024,1.119716,-22.190001,31.920000,-13.440000,1770370256.026103
-0.380884,0.093208,1.100440,-28.629999,35.139999,-14.070000,1770370256.034219
-0.413824,0.054412,1.035536,-31.219999,37.029999,-20.580000,1770370256.042106
-0.438956,0.010004,0.957944,-31.290001,34.790001,-20.370001,1770370256.050100
-0.459940,-0.017568,0.892552,-29.469999,30.240000,-26.110001,1770370256.058219
-0.471652,-0.041480,0.843264,-27.299999,21.910000,-26.950001,1770370256.066280
-0.476776,-0.061244,0.807396,-26.320000,9.940000,-29.469999,1770370256.074653
-0.475800,-0.060024,0.814228,-22.889999,0.070000,-28.770000,1770370256.082106
-0.462868,-0.034648,0.872056,-24.219999,-10.710000,-29.540001,1770370256.090110
-0.436760,-0.008540,0.945256,-24.150000,-20.440001,-27.930000,1770370256.098151
-0.406504,-0.025620,1.010648,-24.360001,-28.700001,-24.080000,1770370256.106096
-0.367220,-0.091256,1.048712,-23.590000,-36.259998,-20.370001,1770370256.114273
-0.327204,-0.166408,1.042856,-21.070000,-37.660000,-12.530000,1770370256.122097
-0.282796,-0.224968,1.019676,-19.040001,-35.980000,-5.460000,1770370256.130103
-0.247904,-0.280600,0.992104,-14.770000,-31.430000,0.280000,1770370256.138108
-0.211792,-0.323056,0.969168,-7.210000,-25.270000,6.160000,1770370256.146133
-0.197884,-0.358680,0.942572,-0.420000,-14.350000,8.120000,1770370256.154164
-0.187636,-0.382348,0.927688,8.330000,-4.900000,10.850000,1770370256.162088
-0.186416,-0.383568,0.918660,14.420000,5.740000,14.560000,1770370256.170103
-0.195688,-0.358680,0.904752,20.510000,14.490000,16.309999,1770370256.178106
-0.207644,-0.322324,0.910608,23.870001,19.809999,17.430000,1770370256.186115
-0.220088,-0.297436,0.927688,23.100000,24.500000,23.240000,1770370256.194141
-0.242292,-0.276452,0.945256,22.469999,30.520000,26.879999,1770370256.202108
-0.270596,-0.269620,0.955260,19.110001,34.930000,31.570000,1770370256.210214
-0.315980,-0.255956,0.976488,20.580000,39.830002,36.750000,1770370256.218122
-0.375028,-0.237168,1.006012,19.459999,45.570000,38.430000,1770370256.226125
-0.434808,-0.211060,1.040904,18.760000,46.830002,40.669998,1770370256.234101
-0.498980,-0.184952,1.071160,17.430000,46.549999,39.480000,1770370256.242118
-0.545096,-0.162016,1.069452,15.190000,42.700001,40.669998,1770370256.250094
-0.584136,-0.146400,1.051640,13.510000,36.470001,40.459999,1770370256.258097
-0.616100,-0.124440,1.022848,13.440000,30.450001,40.250000,1770370256.266073
-0.625860,-0.098332,0.983320,9.660000,22.959999,40.599998,1770370256.274097
-0.628544,-0.076616,0.954772,9.660000,16.940001,39.340000,1770370256.282112
-0.622444,-0.050508,0.934764,7.350000,12.180000,36.540001,1770370256.290107
-0.605852,-0.022204,0.915000,5.530000,7.980000,34.580002,1770370256.298144
-0.585844,0.001464,0.882060,6.720000,3.920000,31.500000,1770370256.306093
-0.566568,0.020740,0.855220,8.890000,1.540000,26.670000,1770370256.314260
-0.554368,0.051240,0.839604,11.620000,0.630000,22.959999,1770370256.322097
-0.544120,0.075884,0.814716,15.540000,1.260000,18.340000,1770370256.330095
-0.532896,0.103944,0.776408,19.530001,0.420000,15.820000,1770370256.338105
-0.531188,0.130784,0.742492,25.549999,-1.260000,10.360000,1770370256.346092
-0.525088,0.173240,0.733464,27.650000,-0.490000,8.610000,1770370256.354082
-0.531188,0.205692,0.730536,26.110001,1.400000,2.380000,1770370256.362098
-0.543388,0.238144,0.759084,24.430000,5.740000,-1.610000,1770370256.370094
-0.550464,0.269376,0.831552,20.440001,8.750000,-8.470000,1770370256.378105
-0.553636,0.292312,0.908168,12.460000,12.180000,-13.650000,1770370256.386094
-0.552416,0.301584,0.949892,2.310000,7.560000,-17.570000,1770370256.394097
-0.526064,0.283284,0.963556,-4.060000,-1.120000,-20.160000,1770370256.402108
-0.493612,0.254004,0.952820,-10.990000,-13.580000,-21.280001,1770370256.410101
-0.451644,0.221552,0.935008,-14.770000,-29.889999,-15.680000,1770370256.418270
-0.408700,0.197884,0.925492,-17.360001,-45.990002,-11.410000,1770370256.426101
-0.366732,0.162748,0.912804,-18.549999,-55.020000,-9.450000,1770370256.434094
-0.322812,0.127856,0.881816,-15.890000,-65.309998,-4.200000,1770370256.442607
-0.286700,0.103456,0.874984,-12.740000,-68.459999,-3.290000,1770370256.450103
-0.253028,0.093452,0.902312,-8.680000,-66.290001,-2.310000,1770370256.458278
-0.222284,0.086132,0.959896,-12.250000,-57.680000,-6.090000,1770370256.466101
-0.193736,0.064904,1.026508,-14.420000,-46.200001,-8.960000,1770370256.474102
-0.168360,0.029280,1.087996,-16.309999,-33.740002,-13.160000,1770370256.482126
-0.158844,-0.014884,1.131184,-16.379999,-17.780001,-12.390000,1770370256.490122
-0.159088,-0.062464,1.152168,-12.740000,-5.250000,-17.570000,1770370256.498162
-0.168604,-0.117852,1.162904,-6.440000,1.260000,-15.190000,1770370256.506100
-0.177144,-0.174460,1.157048,-0.770000,1.190000,-18.480000,1770370256.514166
-0.193248,-0.221308,1.149972,7.210000,-0.420000,-15.890000,1770370256.522098
-0.212524,-0.255712,1.140700,10.990000,-4.690000,-17.010000,1770370256.530107
-0.236680,-0.275476,1.125572,14.420000,-5.810000,-13.860000,1770370256.538114
-0.255224,-0.296704,1.103124,15.330000,-8.260000,-12.670000,1770370256.546132
-0.272060,-0.307928,1.083116,15.540000,-9.940000,-11.130000,1770370256.554185
-0.286456,-0.315492,1.066524,14.350000,-13.790000,-8.050000,1770370256.562126
-0.286212,-0.314516,1.052128,13.650000,-17.709999,-10.570000,1770370256.570104
-0.281088,-0.311588,1.041392,11.900000,-22.330000,-10.710000,1770370256.578113
-0.265228,-0.305976,1.021384,10.220000,-27.440001,-18.549999,1770370256.586096
-0.231800,-0.287920,1.010648,9.450000,-34.020000,-20.370001,1770370256.594126
-0.197152,-0.276696,1.022116,9.100000,-39.060001,-25.200001,1770370256.602267
-0.156160,-0.252540,1.039684,8.750000,-40.669998,-26.180000,1770370256.610190
-0.120048,-0.232776,1.060180,7.980000,-40.880001,-27.790001,1770370256.618126
-0.084668,-0.198616,1.069208,6.650000,-42.349998,-28.910000,1770370256.626082
-0.051972,-0.165188,1.063596,3.640000,-42.700001,-27.790001,1770370256.634156
-0.024644,-0.125904,1.046516,5.110000,-42.910000,-26.670000,1770370256.642110
-0.000488,-0.086620,1.023336,4.340000,-42.279999,-26.320000,1770370256.650112
0.022936,-0.042456,0.995032,10.080000,-42.560001,-24.850000,1770370256.658112
0.046116,0.010736,0.970876,11.340000,-39.900002,-23.100000,1770370256.666126
0.071980,0.074420,0.955748,13.650000,-35.070000,-19.809999,1770370256.674090
0.094428,0.133956,0.946720,20.160000,-28.770000,-15.610000,1770370256.682102
0.117364,0.187636,0.943060,20.860001,-19.600000,-8.820000,1770370256.690158
0.132736,0.215208,0.956968,22.190001,-7.700000,-1.960000,1770370256.698157
0.132248,0.228628,0.967704,22.120001,8.960000,4.340000,1770370256.706145
0.122976,0.233508,0.969900,20.090000,24.430000,11.130000,1770370256.714135
0.103700,0.233508,0.954772,19.879999,38.849998,16.870001,1770370256.722105
0.066612,0.242048,0.944280,17.430000,54.040001,19.040001,1770370256.730100
0.024644,0.282796,0.935984,19.879999,63.209999,23.870001,1770370256.738142
-0.018300,0.345992,0.925004,17.780001,69.580002,21.490000,1770370256.746106
-0.063440,0.402844,0.936228,8.890000,73.220001,24.010000,1770370256.754115
-0.104432,0.426024,0.965996,2.520000,74.339996,22.750000,1770370256.762106
-0.143228,0.398208,1.020164,-10.360000,73.989998,23.309999,1770370256.770227
-0.190808,0.324276,1.046272,-21.209999,70.910004,23.520000,1770370256.778144
-0.239852,0.243024,1.038952,-28.910000,70.349998,18.549999,1770370256.786089
-0.294264,0.160796,1.001864,-31.360001,69.650002,16.240000,1770370256.794114
-0.349408,0.102724,0.960628,-31.709999,71.120003,11.130000,1770370256.802229
-0.396256,0.069296,0.913292,-33.320000,74.339996,4.970000,1770370256.810098
-0.433344,0.037820,0.859612,-32.340000,76.650002,0.630000,1770370256.818212
-0.450912,0.011224,0.817888,-29.540001,76.930000,-6.370000,1770370256.826124
-0.470188,-0.018056,0.807884,-27.790001,74.760002,-7.000000,1770370256.834095
-0.488000,-0.061000,0.839360,-22.680000,69.370003,-12.040000,1770370256.842105
-0.515816,-0.121024,0.904264,-19.809999,64.889999,-11.690000,1770370256.850105
-0.558760,-0.187148,0.970632,-15.330000,61.250000,-11.480000,1770370256.858232
-0.604632,-0.234240,1.012844,-9.310000,56.070000,-11.480000,1770370256.866091
-0.649772,-0.254248,1.024556,-5.110000,52.150002,-9.030000,1770370256.874082
-0.685396,-0.264252,1.012356,1.470000,45.709999,-8.610000,1770370256.882113
-0.706380,-0.269864,0.994788,3.220000,37.939999,-7.490000,1770370256.890162
-0.721264,-0.271084,0.993568,4.130000,27.790001,-7.350000,1770370256.898183
-0.705892,-0.269864,0.994300,4.410000,19.180000,-7.840000,1770370256.906101
-0.671488,-0.287920,0.990396,3.850000,9.240000,-10.290000,1770370256.914203
-0.628300,-0.305976,0.985516,6.650000,-0.490000,-8.610000,1770370256.922097
-0.576328,-0.310368,0.978684,7.350000,-7.070000,-7.700000,1770370256.930102
-0.525332,-0.298656,0.964044,11.340000,-15.050000,-3.850000,1770370256.938110
-0.479704,-0.281576,0.928908,10.150000,-16.170000,-1.750000,1770370256.946125
-0.437736,-0.254492,0.902556,8.400000,-17.570000,-0.280000,1770370256.954151
-0.389424,-0.235216,0.884744,5.740000,-13.930000,4.060000,1770370256.962108
-0.357460,-0.222772,0.870348,2.310000,-9.380000,8.890000,1770370256.970104
-0.344528,-0.214720,0.852536,-1.470000,0.350000,10.570000,1770370256.978109
-0.351116,-0.215696,0.834480,-3.150000,10.080000,16.450001,1770370256.986157
-0.379176,-0.213988,0.833016,-3.780000,21.629999,18.690001,1770370256.994170
-0.427488,-0.204228,0.859368,-1.750000,30.520000,20.370001,1770370257.002123
-0.490928,-0.184220,0.889624,-1.330000,37.380001,22.049999,1770370257.010103
-0.543632,-0.165920,0.906704,0.210000,41.230000,25.340000,1770370257.018181
-0.591944,-0.150792,0.896456,1.330000,40.810001,28.559999,1770370257.026097
-0.632448,-0.134932,0.877424,2.310000,37.730000,31.360001,1770370257.034121
-0.660264,-0.103456,0.863760,5.740000,32.410000,33.389999,1770370257.042108
-0.687592,-0.060268,0.847656,7.140000,29.190001,34.860001,1770370257.050113
-0.704184,-0.025864,0.828136,7.910000,22.959999,38.430000,1770370257.058210
-0.725412,0.024156,0.808128,7.980000,17.990000,39.480000,1770370257.066907
-0.742736,0.068320,0.813496,6.300000,14.840000,36.680000,1770370257.074257
-0.750544,0.106628,0.820084,8.540000,12.740000,35.070000,1770370257.082125
-0.760792,0.138348,0.830820,8.400000,8.960000,33.320000,1770370257.090107
-0.777384,0.165188,0.838384,12.250000,3.080000,28.770000,1770370257.098242
-0.792024,0.193736,0.830820,10.430000,-4.690000,24.639999,1770370257.106101
-0.805688,0.216184,0.786656,11.410000,-12.390000,19.459999,1770370257.114229
-0.807640,0.227164,0.730048,12.110000,-21.559999,14.000000,1770370257.122107
-0.802272,0.237900,0.675392,11.970000,-27.860001,8.890000,1770370257.130108
-0.791780,0.256444,0.654652,14.630000,-35.209999,1.750000,1770370257.138107
-0.783728,0.301828,0.703940,11.690000,-36.680000,-4.550000,1770370257.146105
-0.763720,0.354532,0.781532,4.130000,-38.570000,-14.000000,1770370257.154233
-0.726876,0.391864,0.826184,-5.460000,-42.700001,-19.389999,1770370257.162099
-0.675148,0.409920,0.843264,-14.770000,-48.580002,-24.500000,1770370257.170099
-0.612928,0.410164,0.864248,-22.049999,-58.660000,-25.830000,1770370257.178104
-0.544852,0.403332,0.879132,-30.590000,-69.300003,-26.180000,1770370257.186079
-0.473848,0.387228,0.899140,-36.820000,-81.410004,-22.680000,1770370257.194623
-0.409920,0.368440,0.908412,-43.540001,-92.050003,-22.680000,1770370257.202109
-0.348920,0.331840,0.908656,-47.250000,-99.959999,-19.040001,1770370257.210103
-0.282552,0.287188,0.887184,-48.020000,-105.279999,-14.420000,1770370257.218164
-0.225212,0.224968,0.857904,-51.520000,-107.029999,-10.570000,1770370257.226099
-0.174948,0.149328,0.832528,-48.020000,-105.699997,-10.850000,1770370257.234096
-0.125172,0.055388,0.842044,-42.070000,-98.000000,-9.240000,1770370257.242127
-0.085644,-0.015128,0.882792,-35.910000,-84.070000,-9.940000,1770370257.250100
-0.049044,-0.080032,0.953064,-29.120001,-64.330002,-10.850000,1770370257.258114
-0.019764,-0.137860,1.036024,-21.420000,-45.849998,-11.830000,1770370257.266090
-0.007320,-0.192272,1.108736,-14.140000,-29.120001,-17.570000,1770370257.274094
-0.003172,-0.245220,1.159732,-7.420000,-14.350000,-18.690001,1770370257.282080
-0.013664,-0.296704,1.186328,0.000000,-2.030000,-21.490000,1770370257.290123
-0.031964,-0.345992,1.189744,6.160000,5.600000,-20.160000,1770370257.298248
-0.055876,-0.387960,1.179252,10.220000,10.500000,-17.360001,1770370257.306179
-0.095160,-0.420168,1.169980,16.309999,14.630000,-15.330000,1770370257.314263
-0.136640,-0.425780,1.153632,17.219999,16.170000,-11.480000,1770370257.322101
-0.178852,-0.423828,1.131916,16.520000,17.850000,-7.000000,1770370257.330092
-0.215696,-0.421388,1.098732,13.230000,16.799999,-3.850000,1770370257.338169
-0.246196,-0.418216,1.066768,13.440000,14.840000,-7.560000,1770370257.346100
-0.267668,-0.412604,1.029924,9.240000,13.300000,-5.460000,1770370257.354093
-0.282064,-0.397720,0.987224,5.320000,9.520000,-8.120000,1770370257.362093
-0.278892,-0.382348,0.960628,1.750000,5.740000,-11.060000,1770370257.370109
-0.263520,-0.367464,0.949892,1.330000,2.520000,-11.410000,1770370257.378101
-0.254004,-0.353068,0.955748,2.520000,-1.820000,-14.770000,1770370257.386089
-0.232044,-0.331108,0.964288,1.470000,-3.290000,-15.960000,1770370257.394179
-0.214964,-0.302316,0.965264,3.990000,-6.790000,-15.330000,1770370257.402107
-0.205448,-0.268644,0.969656,3.010000,-8.260000,-17.360001,1770370257.410099
-0.190564,-0.233996,0.967460,4.830000,-10.360000,-18.830000,1770370257.418130
-0.175436,-0.193980,0.973316,6.860000,-11.060000,-17.430000,1770370257.426108
-0.159820,-0.142740,0.973072,9.450000,-11.690000,-21.629999,1770370257.434179
-0.151280,-0.086864,0.969656,13.300000,-12.950000,-21.700001,1770370257.442098
-0.144936,-0.015128,0.960628,17.080000,-15.330000,-20.020000,1770370257.450118
-0.134932,0.054168,0.954040,20.860001,-13.580000,-19.809999,1770370257.458110
-0.125904,0.128344,0.947452,25.620001,-11.340000,-14.280000,1770370257.466132
-0.119804,0.190320,0.947452,26.110001,-6.160000,-12.880000,1770370257.474107
-0.117608,0.236192,0.953064,28.350000,-1.260000,-6.020000,1770370257.482099
-0.112972,0.258884,0.961116,26.389999,6.370000,0.210000,1770370257.490104
-0.114924,0.264496,0.971364,26.670000,13.930000,4.200000,1770370257.498192
-0.117608,0.273280,0.975268,23.660000,21.070000,10.500000,1770370257.506159
-0.132736,0.288164,0.979172,23.170000,27.930000,13.160000,1770370257.514105
-0.159088,0.319152,0.984540,22.680000,31.500000,21.070000,1770370257.522202
-0.179096,0.360876,0.980392,20.440001,31.360001,20.790001,1770370257.530180
-0.191540,0.389424,0.966484,16.730000,30.450001,23.660000,1770370257.538105
-0.193980,0.381616,0.955748,10.290000,26.040001,24.850000,1770370257.546096
-0.199592,0.343796,0.958188,4.620000,22.190001,22.400000,1770370257.554163
-0.195444,0.293288,0.971852,-1.540000,18.620001,21.280001,1770370257.562105
-0.201788,0.235460,0.984784,-6.580000,18.760000,15.680000,1770370257.570111
-0.210084,0.192516,0.979660,-11.340000,22.610001,14.420000,1770370257.578109
-0.227408,0.161772,0.966484,-13.440000,28.070000,9.520000,1770370257.586094
-0.249612,0.151524,0.958188,-19.180000,34.930000,6.580000,1770370257.594088
-0.272304,0.152988,0.956968,-20.020000,44.240002,0.980000,1770370257.602119
-0.296704,0.146400,0.952088,-24.010000,52.990002,-3.990000,1770370257.610101
-0.312320,0.111996,0.948184,-24.360001,58.450001,-8.960000,1770370257.618129
-0.327448,0.040992,0.953796,-24.639999,62.580002,-12.600000,1770370257.626084
-0.342576,-0.051972,0.946232,-19.320000,63.770000,-12.390000,1770370257.634087
-0.379176,-0.127368,0.934764,-10.710000,64.050003,-10.430000,1770370257.642100
-0.424560,-0.181780,0.921588,-2.380000,64.889999,-5.880000,1770370257.650202
-0.472140,-0.215452,0.924028,7.560000,64.889999,-5.250000,1770370257.658111
-0.516304,-0.243268,0.922564,12.950000,64.680000,-3.850000,1770370257.666095
-0.557540,-0.257420,0.928176,17.780001,62.439999,-4.270000,1770370257.674211
-0.596092,-0.260836,0.936472,18.690001,63.000000,-3.990000,1770370257.682093
-0.621956,-0.259372,0.956236,18.969999,61.669998,-5.460000,1770370257.690084
-0.632936,-0.265472,0.967704,19.320000,56.139999,-6.790000,1770370257.698184
-0.636108,-0.273280,0.973072,16.240000,51.450001,-4.200000,1770370257.706106
-0.630008,-0.281332,0.972340,14.210000,43.259998,-4.340000,1770370257.714206
-0.620004,-0.294508,0.958676,11.340000,34.720001,0.980000,1770370257.722119
-0.608048,-0.297436,0.927200,4.410000,25.830000,4.550000,1770370257.730117
-0.595116,-0.294508,0.891332,0.420000,17.920000,9.940000,1770370257.738150
-0.571204,-0.291824,0.860588,-5.250000,11.410000,15.330000,1770370257.746102
-0.549488,-0.293776,0.848632,-10.850000,9.730000,19.670000,1770370257.754146
-0.539240,-0.301096,0.828380,-13.650000,10.710000,28.209999,1770370257.762148
-0.543876,-0.301584,0.812032,-15.540000,15.050000,30.730000,1770370257.770110
-0.565348,-0.290848,0.805444,-14.350000,22.469999,35.419998,1770370257.778121
-0.606584,-0.276208,0.817644,-13.930000,27.160000,36.540001,1770370257.786093
-0.657092,-0.254004,0.842044,-11.970000,34.860001,40.250000,1770370257.794081
-0.710284,-0.226676,0.860832,-11.970000,37.869999,43.259998,1770370257.802231
-0.756400,-0.200568,0.864248,-8.960000,39.060001,46.060001,1770370257.810097
-0.803736,-0.181536,0.853756,-6.020000,36.610001,47.599998,1770370257.818428
-0.839360,-0.141764,0.839604,-3.920000,31.920000,49.209999,1770370257.826178
-0.866688,-0.094916,0.817644,-2.800000,27.020000,48.299999,1770370257.834125
-0.883280,-0.047580,0.790560,-0.210000,17.290001,48.790001,1770370257.842099
-0.894260,-0.006344,0.772504,-0.350000,8.820000,48.790001,1770370257.850097
-0.892308,0.043188,0.764208,0.980000,0.000000,46.549999,1770370257.858177
-0.885964,0.090280,0.791536,3.430000,-7.140000,43.959999,1770370257.866107
-0.877180,0.138592,0.817644,3.010000,-13.790000,37.240002,1770370257.874084
-0.865712,0.184220,0.845216,1.680000,-19.600000,33.599998,1770370257.882105
-0.858636,0.218136,0.848876,-1.120000,-24.430000,29.190001,1770370257.890098
-0.846924,0.233264,0.843996,-2.870000,-33.669998,24.080000,1770370257.898222
-0.838384,0.248148,0.844240,-5.670000,-43.540001,20.860001,1770370257.906132
-0.822524,0.253272,0.845948,-9.730000,-53.480000,14.350000,1770370257.914104
-0.798612,0.242780,0.837896,-11.760000,-65.519997,14.420000,1770370257.922121
-0.762744,0.213744,0.764696,-13.230000,-74.970001,12.950000,1770370257.930159
-0.720288,0.171288,0.642452,-5.810000,-83.790001,13.720000,1770370257.938260
-0.679296,0.162992,0.574376,-0.840000,-87.919998,10.920000,1770370257.946513
-0.644160,0.204960,0.626348,-1.120000,-84.559998,4.410000,1770370257.954121
-0.611220,0.278404,0.759572,-9.310000,-75.739998,-3.710000,1770370257.962099
-0.572424,0.335500,0.867908,-25.200001,-68.879997,-12.320000,1770370257.970109
-0.527772,0.345016,0.864248,-38.990002,-65.309998,-19.809999,1770370257.978211
-0.490928,0.327204,0.824476,-44.869999,-70.349998,-20.020000,1770370257.986150
-0.463112,0.298656,0.805444,-47.040001,-80.220001,-20.580000,1770370257.994092
-0.431148,0.287920,0.811300,-49.840000,-91.559998,-19.320000,1770370258.002113
-0.384056,0.269864,0.829112,-50.680000,-99.260002,-17.010000,1770370258.010116
-0.337208,0.246684,0.865224,-52.570000,-105.209999,-13.300000,1770370258.018141
-0.284016,0.213744,0.898408,-53.130001,-109.199997,-9.240000,1770370258.026103
-0.218868,0.164944,0.938912,-53.130001,-108.709999,-5.810000,1770370258.034162
-0.165920,0.106872,0.957456,-47.250000,-107.519997,0.840000,1770370258.042093
-0.116144,0.024156,0.949404,-39.549999,-104.160004,9.030000,1770370258.050101
-0.071980,-0.051484,0.944524,-27.650000,-101.220001,8.330000,1770370258.058292
-0.032452,-0.123952,0.973560,-13.580000,-94.779999,7.350000,1770370258.066945
0.001464,-0.163480,1.022848,-2.660000,-84.980003,6.230000,1770370258.074555
0.033428,-0.190564,1.082628,4.410000,-70.629997,7.000000,1770370258.082126
0.059536,-0.200568,1.128744,8.470000,-52.430000,8.260000,1770370258.090119
0.071492,-0.214964,1.150704,9.170000,-33.810001,6.230000,1770370258.098159
0.067344,-0.229116,1.144360,6.230000,-14.350000,8.890000,1770370258.106099
0.039528,-0.256200,1.123376,2.800000,2.940000,6.020000,1770370258.114168
-0.000732,-0.279136,1.101172,1.680000,16.520000,8.820000,1770370258.122101
-0.053924,-0.302804,1.070184,-1.260000,24.920000,4.900000,1770370258.130191
-0.114436,-0.326960,1.040416,-3.780000,29.400000,5.880000,1770370258.138193
-0.173484,-0.343552,1.011380,-6.580000,29.049999,5.880000,1770370258.146132
-0.221308,-0.351848,0.980392,-7.770000,24.150000,-1.960000,1770370258.154127
-0.255712,-0.348920,0.943548,-7.280000,17.500000,-0.630000,1770370258.162163
-0.268644,-0.350628,0.922808,-9.240000,9.590000,-6.230000,1770370258.170170
-0.264008,-0.348920,0.922564,-7.770000,-0.560000,-7.350000,1770370258.178113
-0.237412,-0.343552,0.943548,-6.020000,-10.150000,-10.920000,1770370258.186098
-0.196664,-0.321836,0.965508,-4.270000,-20.160000,-11.620000,1770370258.194859
-0.150548,-0.297680,0.978440,-4.130000,-25.830000,-14.420000,1770370258.202130
-0.096868,-0.279136,0.988200,0.350000,-31.500000,-14.980000,1770370258.210109
-0.043920,-0.253272,0.997960,2.800000,-34.580002,-14.280000,1770370258.218133
-0.000244,-0.217160,1.008452,7.770000,-36.610001,-16.450001,1770370258.226155
0.038308,-0.176900,1.011624,11.200000,-33.459999,-15.120000,1770370258.234089
0.068320,-0.119804,1.014796,15.190000,-29.469999,-12.740000,1770370258.242086
0.083448,-0.063440,1.018700,15.190000,-23.030001,-9.800000,1770370258.250123
0.087108,-0.014152,1.011624,16.660000,-11.130000,-5.530000,1770370258.258178
0.080520,0.032696,0.999668,17.080000,0.280000,-1.330000,1770370258.266102
0.066612,0.082472,0.996008,16.870001,11.620000,1.610000,1770370258.274097
0.039284,0.106384,1.007720,17.290001,23.590000,6.440000,1770370258.282097
0.002196,0.121512,1.024556,15.750000,35.490002,8.680000,1770370258.290094
-0.040260,0.132248,1.039684,14.980000,45.570000,11.620000,1770370258.298264
-0.086864,0.139568,1.049444,11.200000,53.270000,12.320000,1770370258.306080
-0.132736,0.143960,1.045784,11.480000,58.099998,16.520000,1770370258.314105
-0.176168,0.149328,1.037976,9.100000,57.820000,12.810000,1770370258.322093
-0.208132,0.158356,1.012844,8.680000,54.389999,14.980000,1770370258.330096
-0.226432,0.180804,0.990152,7.420000,47.110001,14.350000,1770370258.338102
-0.233752,0.196908,0.976732,9.450000,35.980000,11.620000,1770370258.346096
-0.226188,0.205204,0.947208,8.120000,25.830000,9.030000,1770370258.354097
-0.202032,0.203252,0.931592,10.010000,17.360001,6.370000,1770370258.362153
-0.170556,0.197152,0.925980,9.870000,9.940000,0.490000,1770370258.370074
-0.130296,0.189588,0.942084,9.660000,9.310000,-1.190000,1770370258.378106
-0.093208,0.180804,0.972340,7.770000,10.780000,-3.850000,1770370258.386093
-0.075396,0.166652,0.999912,4.130000,14.070000,-4.340000,1770370258.394115
-0.067100,0.155916,1.005524,-0.770000,21.139999,-4.900000,1770370258.402133
-0.074664,0.151768,0.993568,-6.090000,30.940001,-5.110000,1770370258.410112
-0.085156,0.153232,0.971608,-7.420000,40.669998,-5.810000,1770370258.418189
-0.100040,0.164700,0.967948,-11.760000,51.380001,-8.050000,1770370258.426116
-0.121024,0.163480,0.974292,-15.330000,63.490002,-7.000000,1770370258.434086
-0.152500,0.125904,0.996740,-15.330000,74.199997,-6.300000,1770370258.442106
-0.192028,0.051484,0.995764,-17.010000,85.190002,-7.350000,1770370258.450119
-0.238388,-0.018788,0.967948,-11.690000,95.129997,-4.340000,1770370258.458113
-0.287920,-0.075884,0.934764,-8.890000,100.379997,-5.670000,1770370258.466191
-0.339160,-0.121268,0.929884,-1.330000,106.120003,-1.260000,1770370258.474096
-0.398940,-0.149816,0.945744,3.220000,107.309998,1.820000,1770370258.482098
-0.465796,-0.163724,0.974048,7.140000,107.800003,6.160000,1770370258.490120
-0.512644,-0.173240,0.986492,7.910000,105.559998,10.570000,1770370258.498148
-0.564372,-0.176412,0.981612,10.220000,101.290001,13.300000,1770370258.506107
-0.607560,-0.194712,0.969656,10.080000,97.440002,14.980000,1770370258.514107
-0.640256,-0.202520,0.940376,13.230000,93.029999,19.670000,1770370258.522127
-0.666608,-0.212768,0.913048,13.230000,85.470001,19.110001,1770370258.530102
-0.696376,-0.218136,0.900360,12.460000,77.139999,22.400000,1770370258.538110
-0.715652,-0.221552,0.881816,10.430000,69.440002,20.370001,1770370258.546092
-0.732244,-0.230336,0.854000,5.460000,61.599998,22.820000,1770370258.554201
-0.745420,-0.246928,0.822280,2.100000,56.910000,22.049999,1770370258.562099
-0.751520,-0.255468,0.781532,-4.550000,49.279999,18.549999,1770370258.570116
-0.751276,-0.267424,0.760060,-7.420000,42.279999,18.760000,1770370258.578250
-0.742492,-0.283284,0.750056,-14.420000,37.939999,16.799999,1770370258.586116
-0.737612,-0.294264,0.749568,-16.799999,32.970001,14.070000,1770370258.594098
-0.743712,-0.280600,0.758596,-14.910000,29.820000,15.260000,1770370258.602111
-0.756400,-0.266936,0.771040,-15.330000,26.950001,16.799999,1770370258.610188
-0.782264,-0.253028,0.784216,-13.020000,24.360001,17.150000,1770370258.618130
-0.805444,-0.237900,0.797148,-11.130000,20.510000,17.010000,1770370258.626099
-0.825452,-0.233264,0.806908,-12.530000,17.500000,20.160000,1770370258.634113
-0.843264,-0.218868,0.813740,-8.190000,12.600000,20.230000,1770370258.642231
-0.852292,-0.195688,0.803248,-7.210000,7.280000,21.980000,1770370258.650184
-0.854244,-0.159576,0.796416,-2.450000,-0.910000,23.799999,1770370258.658211
-0.844240,-0.121024,0.786900,-0.070000,-7.280000,23.170000,1770370258.666125
-0.826672,-0.079300,0.787144,0.000000,-11.830000,22.610001,1770370258.674085
-0.800564,-0.032696,0.786900,4.060000,-17.010000,19.950001,1770370258.682104
-0.770308,0.001464,0.792512,3.640000,-23.799999,22.190001,1770370258.690158
-0.741760,0.028304,0.802028,7.000000,-24.150000,21.070000,1770370258.698444
-0.718336,0.052948,0.820816,6.790000,-26.040001,20.580000,1770370258.706085
-0.703696,0.084668,0.853756,5.250000,-24.570000,20.370001,1770370258.714102
-0.699548,0.111020,0.889380,4.340000,-25.340000,16.799999,1770370258.722118
-0.704184,0.123464,0.900848,0.630000,-26.600000,15.540000,1770370258.730098
-0.708088,0.112728,0.863760,0.630000,-29.610001,13.440000,1770370258.738213
-0.706624,0.092964,0.813008,1.050000,-34.790001,14.980000,1770370258.746091
-0.693936,0.077592,0.775920,0.350000,-36.330002,11.830000,1770370258.754102
-0.667584,0.067832,0.758596,1.890000,-41.020000,13.510000,1770370258.762098
-0.640500,0.061000,0.741272,-0.210000,-43.750000,15.190000,1770370258.770117
-0.610000,0.051728,0.729316,-0.770000,-44.590000,12.740000,1770370258.778218
-0.595360,0.041236,0.705404,1.890000,-44.660000,11.830000,1770370258.786094
-0.592920,0.041236,0.676856,2.380000,-43.330002,7.560000,1770370258.794098
-0.598776,0.065148,0.684908,5.880000,-43.119999,0.840000,1770370258.802146
-0.612196,0.105652,0.738588,3.220000,-38.570000,-4.410000,1770370258.810288
-0.627080,0.144448,0.818376,-0.140000,-33.669998,-9.940000,1770370258.818127
-0.621956,0.160552,0.893528,-5.250000,-33.459999,-14.840000,1770370258.826115
-0.615124,0.151280,0.954528,-8.890000,-34.790001,-16.450001,1770370258.834089
-0.600240,0.122732,1.001132,-6.090000,-45.009998,-18.690001,1770370258.842120
-0.564372,0.086132,1.019188,-5.810000,-55.580002,-19.600000,1770370258.850178
-0.518988,0.055632,1.030168,-2.030000,-66.989998,-16.309999,1770370258.858106
-0.467016,0.034404,1.037976,-1.610000,-76.790001,-15.960000,1770370258.866107
-0.402600,0.013908,1.048468,-0.980000,-82.110001,-13.860000,1770370258.874133
-0.340136,-0.008540,1.068964,0.910000,-83.720001,-12.180000,1770370258.882197
-0.276940,-0.023424,1.094584,-2.240000,-79.519997,-10.360000,1770370258.890101
-0.219600,-0.050264,1.112640,-1.190000,-71.750000,-7.350000,1770370258.898118
-0.173240,-0.070760,1.111420,-1.120000,-61.320000,-7.210000,1770370258.906094
-0.142008,-0.089792,1.086532,-2.870000,-50.189999,-5.110000,1770370258.914175
-0.122732,-0.101992,1.051152,-2.100000,-37.240002,-3.290000,1770370258.922364
-0.114924,-0.124684,1.016260,-2.590000,-25.480000,-2.730000,1770370258.930182
-0.111996,-0.143960,0.978196,0.980000,-15.120000,-2.380000,1770370258.938111
-0.116876,-0.166652,0.931348,4.200000,-6.370000,-3.290000,1770370258.946603
-0.124928,-0.172508,0.889624,7.420000,0.700000,-0.630000,1770370258.954112
-0.133712,-0.189588,0.872788,14.420000,3.430000,-1.540000,1770370258.962110
-0.145424,-0.179584,0.883036,17.010000,7.490000,-3.290000,1770370258.970100
-0.160552,-0.147132,0.907680,22.190001,12.110000,-4.060000,1770370258.978196
-0.179340,-0.137860,0.938424,25.200001,16.240000,-6.650000,1770370258.986133
-0.193736,-0.105896,0.963556,31.010000,23.520000,-10.850000,1770370258.994128
-0.198128,-0.079544,0.981612,38.220001,25.760000,-13.790000,1770370259.002084
-0.211304,-0.060268,1.005768,44.869999,28.700001,-19.110001,1770370259.010223
-0.233264,-0.072224,1.003572,54.740002,30.450001,-16.450001,1770370259.018205
-0.260348,-0.065880,0.943792,48.230000,25.059999,-21.139999,1770370259.026165
-0.272792,-0.045628,0.862784,36.889999,16.379999,-26.320000,1770370259.034160
-0.254980,-0.016836,0.778848,21.209999,5.040000,-32.130001,1770370259.042114
-0.194712,0.020008,0.732976,5.460000,-4.480000,-36.119999,1770370259.050102
-0.123952,0.052216,0.755424,3.570000,-11.690000,-37.520000,1770370259.058258
-0.059780,0.088328,0.812764,4.620000,-13.720000,-39.200001,1770370259.066386
-0.008784,0.100040,0.872544,7.210000,-11.130000,-40.110001,1770370259.074325
0.022204,0.083204,0.919392,3.290000,-3.290000,-35.279999,1770370259.082216
0.043188,0.079544,0.946476,-7.980000,8.260000,-27.860001,1770370259.090120
0.052216,0.092232,0.961360,-17.150000,21.280001,-21.490000,1770370259.098117
0.055144,0.121756,0.993324,-18.200001,35.490002,-13.090000,1770370259.106081
0.034892,0.142252,1.062864,-14.210000,50.330002,-7.490000,1770370259.114117
-0.007808,0.148596,1.119716,-5.250000,64.610001,1.190000,1770370259.122323
-0.077104,0.169336,1.158024,-1.330000,78.540001,3.780000,1770370259.130119
-0.147376,0.201788,1.185352,2.240000,89.669998,11.760000,1770370259.138111
-0.212280,0.214232,1.180716,7.560000,96.739998,14.980000,1770370259.146103
-0.278160,0.199592,1.118740,8.540000,93.099998,23.309999,1770370259.154122
-0.355264,0.165920,1.024312,13.580000,88.900002,30.450001,1770370259.162104
-0.426268,0.156648,0.952088,12.110000,84.209999,34.860001,1770370259.170101
-0.487024,0.162016,0.937692,11.900000,79.800003,31.850000,1770370259.178111
-0.529480,0.171776,0.967460,6.790000,76.089996,30.660000,1770370259.186102
-0.578280,0.165676,0.997716,-1.960000,74.550003,23.309999,1770370259.194105
-0.636840,0.158112,1.021384,-8.890000,73.360001,16.940001,1770370259.202135
-0.690520,0.136396,1.018212,-17.430000,71.330002,10.920000,1770370259.210113
-0.745420,0.099552,1.003084,-27.860001,66.919998,6.580000,1770370259.218102
-0.790560,0.066856,0.986980,-32.340000,58.590000,3.010000,1770370259.226095
-0.826428,0.048556,0.975268,-29.889999,47.740002,-4.200000,1770370259.234215
-0.856440,0.036600,0.968192,-21.420000,37.590000,-5.740000,1770370259.242089
-0.878644,0.050996,0.963800,-14.140000,24.290001,-9.030000,1770370259.250094
-0.882060,0.061732,0.960140,-7.840000,8.260000,-11.130000,1770370259.258100
-0.847900,0.075884,0.925248,-6.300000,-9.380000,-13.160000,1770370259.266091
-0.795928,0.090036,0.875960,-9.590000,-26.040001,-11.620000,1770370259.274095
-0.725412,0.106872,0.829112,-9.870000,-44.590000,-12.460000,1770370259.282119
-0.644404,0.110776,0.796172,-16.240000,-57.610001,-9.800000,1770370259.290188
-0.556564,0.118584,0.779824,-17.639999,-67.620003,-8.120000,1770370259.298098
-0.473116,0.123952,0.780312,-21.000000,-73.570000,-5.740000,1770370259.306074
-0.399428,0.127612,0.801784,-22.889999,-72.730003,-4.900000,1770370259.314131
-0.337452,0.132980,0.819840,-22.190001,-69.300003,-4.200000,1770370259.322175
-0.289872,0.135664,0.836920,-27.230000,-64.959999,-3.220000,1770370259.330118
-0.251076,0.134932,0.841068,-28.000000,-58.240002,-1.610000,1770370259.338105
-0.215940,0.131760,0.827892,-28.700001,-50.959999,-4.410000,1770370259.346091
-0.183244,0.115168,0.804224,-27.440001,-42.770000,-6.370000,1770370259.354098
-0.156160,0.087596,0.772748,-20.790001,-36.119999,-9.030000,1770370259.362177
-0.135664,0.070028,0.755668,-16.100000,-29.540001,-12.320000,1770370259.370107
-0.126148,0.062952,0.753472,-9.030000,-20.440001,-15.400000,1770370259.378101
-0.122244,0.059048,0.759328,-6.020000,-12.880000,-19.040001,1770370259.386090
-0.120536,0.057828,0.762744,-5.460000,-4.830000,-24.850000,1770370259.394160
-0.121512,0.054412,0.772992,-5.460000,0.630000,-29.469999,1770370259.402082
-0.127368,0.040260,0.799588,-11.900000,8.960000,-31.850000,1770370259.410166
-0.134200,0.000732,0.834236,-16.240000,16.030001,-33.950001,1770370259.418115
-0.146400,-0.034648,0.883768,-19.879999,22.260000,-34.369999,1770370259.426112
-0.177388,-0.063440,0.939156,-21.980000,29.680000,-34.509998,1770370259.434115
-0.205692,-0.095160,0.975024,-18.760000,37.520000,-33.740002,1770370259.442103
-0.252052,-0.130784,0.996008,-14.210000,46.270000,-30.030001,1770370259.450420
-0.298900,-0.167384,1.000888,-7.980000,54.740002,-27.230000,1770370259.458200
-0.347944,-0.197640,0.998692,2.030000,62.369999,-24.639999,1770370259.466128
-0.402844,-0.194468,1.005768,13.230000,67.830002,-24.219999,1770370259.474101
-0.467504,-0.169336,1.025532,24.219999,72.379997,-21.700001,1770370259.482098
-0.525332,-0.126880,1.048468,31.990000,76.089996,-22.820000,1770370259.490097
-0.588772,-0.072468,1.068720,38.080002,77.349998,-21.070000,1770370259.498190
-0.647576,-0.021472,1.086288,42.209999,77.980003,-20.930000,1770370259.506085
-0.700524,0.017080,1.076040,42.770000,76.790001,-19.740000,1770370259.514103
-0.754204,0.047824,1.044320,47.110001,73.570000,-17.990000,1770370259.522132
-0.796660,0.071736,0.985028,46.619999,70.209999,-18.690001,1770370259.530267
-0.838384,0.096380,0.908168,46.759998,68.250000,-16.590000,1770370259.538162
-0.884256,0.129564,0.825208,46.970001,63.490002,-17.570000,1770370259.546105
-0.923784,0.170312,0.769088,45.220001,57.470001,-19.110001,1770370259.554100
-0.955504,0.205204,0.747860,42.209999,50.470001,-23.730000,1770370259.562166
-0.979660,0.227164,0.715652,36.189999,46.130001,-24.639999,1770370259.570095
-1.002596,0.224724,0.651480,35.070000,41.650002,-20.440001,1770370259.578106
-1.029680,0.219600,0.580232,33.810001,40.110001,-19.600000,1770370259.586096
-1.078968,0.222040,0.529968,29.959999,38.150002,-15.260000,1770370259.594160
-1.131184,0.235216,0.501420,25.760000,33.599998,-10.850000,1770370259.602095
-1.178520,0.252052,0.494344,14.770000,27.719999,-10.360000,1770370259.610107
-1.220488,0.268888,0.514596,6.790000,18.059999,-8.260000,1770370259.618115
-1.236104,0.274988,0.538020,-5.880000,3.640000,-6.650000,1770370259.626129
-1.221952,0.251564,0.525088,-12.110000,-15.330000,-2.520000,1770370259.634129
-1.182668,0.215940,0.517036,-9.310000,-37.310001,1.400000,1770370259.642099
-1.126792,0.185684,0.548512,-3.570000,-60.549999,4.900000,1770370259.650474
-1.062376,0.179096,0.626348,3.220000,-75.879997,1.050000,1770370259.658112
-0.987468,0.207644,0.746640,2.310000,-89.110001,-1.610000,1770370259.666099
-0.915488,0.251808,0.874496,0.630000,-100.379997,-7.910000,1770370259.674100
-0.846924,0.293776,0.965508,-3.570000,-110.320000,-11.410000,1770370259.682119
-0.788608,0.308416,0.984540,-4.550000,-118.370003,-15.960000,1770370259.690111
-0.724192,0.306952,0.964532,-1.330000,-127.959999,-16.100000,1770370259.698519
-0.646844,0.281332,0.919636,5.460000,-140.910004,-18.200001,1770370259.706203
-0.553148,0.250344,0.875228,12.530000,-154.139999,-21.070000,1770370259.714096
-0.452376,0.213256,0.833992,23.450001,-171.429993,-21.629999,1770370259.722104
-0.357948,0.156892,0.814472,31.570000,-186.339996,-26.530001,1770370259.730101
-0.268400,0.125172,0.833504,39.340000,-193.410004,-29.400000,1770370259.738106
-0.174704,0.110044,0.883768,49.630001,-194.669998,-35.630001,1770370259.746095
-0.087352,0.112240,0.944280,52.849998,-186.619995,-43.610001,1770370259.754171
-0.010492,0.121268,1.010648,56.419998,-172.550003,-55.580002,1770370259.762103
0.059292,0.137860,1.059692,52.990002,-153.929993,-66.360001,1770370259.770180
0.123464,0.153476,1.073600,45.220001,-132.580002,-79.309998,1770370259.778185
0.158356,0.158600,1.038952,35.070000,-110.250000,-89.180000,1770370259.786105
0.165920,0.127612,0.986736,23.870001,-85.820000,-92.680000,1770370259.794096
0.165676,0.054412,0.942084,14.280000,-63.419998,-93.870003,1770370259.802079
0.170068,-0.033916,0.929152,11.970000,-45.849998,-93.870003,1770370259.810102
0.153232,-0.085644,0.930372,14.560000,-33.880001,-94.570000,1770370259.818165
0.131028,-0.091500,0.938668,14.280000,-24.010000,-94.220001,1770370259.826113
0.108092,-0.091256,0.945744,15.190000,-14.560000,-90.650002,1770370259.834087
0.082716,-0.103700,0.956724,14.630000,-8.050000,-86.379997,1770370259.842107
0.063440,-0.116388,0.976000,13.790000,-0.280000,-78.400002,1770370259.850288
0.055388,-0.135420,0.999424,10.570000,5.880000,-75.389999,1770370259.858127
0.046116,-0.149816,1.033584,7.630000,9.590000,-69.790001,1770370259.866108
0.035380,-0.157380,1.063840,6.230000,13.370000,-61.880001,1770370259.874130
0.025864,-0.168848,1.081896,7.560000,14.770000,-59.430000,1770370259.882117
0.020984,-0.168848,1.098244,9.030000,14.910000,-49.980000,1770370259.890100
0.024156,-0.146644,1.115324,13.580000,15.680000,-49.000000,1770370259.898108
0.031720,-0.113216,1.131672,16.520000,15.050000,-40.599998,1770370259.906084
0.040504,-0.056852,1.145092,19.110001,16.450001,-38.919998,1770370259.914095
0.047092,0.021228,1.156560,17.430000,20.510000,-31.010000,1770370259.922188
0.055632,0.106872,1.149728,13.440000,23.590000,-27.510000,1770370259.930120
0.056852,0.180804,1.108736,8.470000,29.120001,-20.510000,1770370259.938108
0.056364,0.238144,1.051152,5.250000,35.840000,-9.030000,1770370259.946096
0.051728,0.274500,0.995032,0.630000,44.240002,-3.850000,1770370259.954230
0.040748,0.289628,0.951844,-3.220000,56.490002,8.260000,1770370259.962111
0.012932,0.275476,0.908412,-7.000000,68.739998,17.360001,1770370259.970105
-0.014396,0.254736,0.877912,-6.860000,81.760002,25.340000,1770370259.978107
-0.055388,0.241316,0.847412,-9.520000,92.120003,31.570000,1770370259.986128
-0.107848,0.246440,0.839604,-11.900000,104.230003,35.560001,1770370259.994100
-0.159088,0.272060,0.861808,-13.580000,113.050003,35.560001,1770370260.002138
-0.206912,0.276696,0.876936,-19.740000,121.099998,34.439999,1770370260.010108
-0.260592,0.237168,0.854000,-23.100000,124.599998,36.119999,1770370260.018192
-0.323788,0.170556,0.818376,-20.230000,128.940002,34.930000,1770370260.026302
-0.394060,0.117364,0.793244,-16.450001,132.440002,33.180000,1770370260.034093
-0.484828,0.094428,0.792024,-6.790000,133.139999,28.139999,1770370260.042209
-0.582916,0.105896,0.813984,-4.060000,139.160004,22.190001,1770370260.050093
-0.682468,0.126636,0.824964,-3.150000,143.429993,13.160000,1770370260.058133
-0.785192,0.121268,0.825208,-7.210000,143.289993,4.550000,1770370260.066597
-0.871568,0.085156,0.801296,-9.240000,137.270004,-6.020000,1770370260.074414
-0.953552,0.030256,0.788364,-9.310000,125.860001,-13.510000,1770370260.082134
-1.030412,-0.024888,0.816424,-10.990000,108.010002,-20.230000,1770370260.090212
-1.083848,-0.072224,0.868640,-4.900000,83.580002,-21.490000,1770370260.098126
-1.120204,-0.098088,0.882060,-0.420000,58.520000,-18.760000,1770370260.106092
-1.140212,-0.103944,0.853512,8.750000,29.750000,-15.400000,1770370260.114113
-1.136308,-0.075152,0.817644,13.440000,2.310000,-10.500000,1770370260.122110
-1.116056,-0.023912,0.805200,15.750000,-20.719999,-10.150000,1770370260.130158
-1.075552,0.040992,0.796660,17.570000,-39.549999,-10.500000,1770370260.138179
-1.021140,0.103212,0.786656,13.650000,-52.849998,-10.500000,1770370260.146130
-0.955016,0.144692,0.789828,8.190000,-58.660000,-13.300000,1770370260.154118
-0.888160,0.151280,0.795684,4.200000,-59.290001,-8.820000,1770370260.162177
-0.823256,0.124684,0.781532,-2.310000,-53.549999,-6.580000,1770370260.170108
-0.784948,0.064416,0.744688,-7.770000,-45.009998,3.360000,1770370260.178147
-0.766404,0.000976,0.720288,-16.240000,-35.349998,9.170000,1770370260.186112
-0.760304,-0.062220,0.717360,-21.420000,-25.129999,14.210000,1770370260.194230
-0.780068,-0.115900,0.735660,-28.770000,-15.960000,20.370001,1770370260.202227
-0.806908,-0.166896,0.743468,-32.900002,-11.550000,20.580000,1770370260.210107
-0.834480,-0.213256,0.731024,-35.770000,-9.800000,26.040001,1770370260.218105
-0.858148,-0.248392,0.709308,-36.750000,-12.600000,22.959999,1770370260.226121
-0.878644,-0.260836,0.687348,-32.200001,-17.219999,24.639999,1770370260.234236
-0.893284,-0.253516,0.681980,-24.990000,-23.379999,22.820000,1770370260.242077
-0.892064,-0.214232,0.694668,-18.129999,-32.480000,18.549999,1770370260.250095
-0.873276,-0.156404,0.720532,-10.920000,-42.700001,16.799999,1770370260.258108
-0.844728,-0.104676,0.719800,-4.550000,-51.310001,13.650000,1770370260.266092
-0.817400,-0.059536,0.704184,0.910000,-63.770000,13.090000,1770370260.274223
-0.779824,-0.009272,0.696864,9.870000,-75.809998,9.030000,1770370260.282109
-0.735172,0.025620,0.668804,13.650000,-92.820000,7.350000,1770370260.290094
-0.675392,0.045140,0.613660,22.120001,-110.669998,2.380000,1770370260.298106
-0.610488,0.051728,0.551196,31.780001,-125.720001,-3.990000,1770370260.306076
-0.533384,0.063928,0.491660,44.240002,-136.500000,-9.730000,1770370260.314193
-0.454572,0.097600,0.474092,55.509998,-142.029999,-17.990000,1770370260.322129
-0.378688,0.155184,0.515084,62.509998,-142.940002,-27.860001,1770370260.330118
-0.287920,0.210084,0.601704,65.239998,-139.789993,-33.740002,1770370260.338097
-0.195200,0.269132,0.710284,64.120003,-134.259995,-38.570000,1770370260.346080
-0.100528,0.331840,0.833748,59.779999,-125.720001,-43.049999,1770370260.354156
-0.021716,0.387716,0.966972,49.419998,-112.279999,-45.639999,1770370260.362102
0.053680,0.444080,1.093608,35.770000,-97.650002,-50.750000,1770370260.370081
0.121512,0.479948,1.152412,17.010000,-82.879997,-52.360001,1770370260.378109
0.155184,0.469456,1.126792,-0.420000,-70.209999,-48.090000,1770370260.386102
0.149816,0.387960,1.074088,-14.700000,-54.669998,-46.549999,1770370260.394140
0.107604,0.254980,1.014796,-21.070000,-37.099998,-39.970001,1770370260.402099
0.053436,0.119804,0.988688,-20.860001,-16.030001,-34.860001,1770370260.410100
-0.002440,0.003416,1.006500,-14.140000,5.880000,-35.279999,1770370260.418108
-0.063440,-0.075396,1.057740,-6.510000,23.309999,-41.090000,1770370260.426147
-0.123708,-0.108580,1.108980,0.210000,35.630001,-48.090000,1770370260.434218
-0.165432,-0.130540,1.148264,9.660000,44.450001,-49.910000,1770370260.442101
-0.215208,-0.158600,1.187304,20.299999,49.910000,-50.680000,1770370260.450390
-0.259860,-0.172264,1.232932,27.860001,47.740002,-50.889999,1770370260.458124
-0.283772,-0.159332,1.284904,31.219999,41.720001,-51.380001,1770370260.466101
-0.296704,-0.122976,1.344440,30.240000,33.250000,-49.070000,1770370260.474101
-0.303292,-0.076128,1.390312,26.459999,20.860001,-44.939999,1770370260.482295
-0.290116,-0.053680,1.397388,15.470000,8.540000,-39.549999,1770370260.490103
-0.272792,-0.040992,1.382504,7.000000,-5.180000,-35.279999,1770370260.498112
-0.244732,-0.040260,1.335412,-1.330000,-16.590000,-31.080000,1770370260.506086
-0.209596,-0.047092,1.259040,-9.870000,-25.129999,-28.000000,1770370260.514127
-0.165920,-0.028548,1.161440,-16.030001,-31.219999,-23.379999,1770370260.522239
-0.118584,-0.012688,1.070184,-17.639999,-32.549999,-17.570000,1770370260.530123
-0.078568,0.005612,1.025044,-19.250000,-30.450001,-15.680000,1770370260.538119
-0.037088,0.049288,1.008208,-23.309999,-23.030001,-9.380000,1770370260.546120
-0.004392,0.091256,0.993812,-25.200001,-11.480000,-6.370000,1770370260.554140
0.021472,0.112484,0.967216,-25.969999,1.610000,2.660000,1770370260.562104
0.039284,0.133468,0.915488,-26.879999,16.379999,15.750000,1770370260.570100
0.034404,0.149572,0.841556,-24.219999,29.610001,26.740000,1770370260.578109
0.005856,0.162504,0.749568,-22.120001,41.720001,37.310001,1770370260.586229
-0.030988,0.176900,0.629276,-17.010000,50.330002,44.730000,1770370260.594101
-0.066612,0.174460,0.531432,-11.480000,58.029999,49.000000,1770370260.602097
-0.089792,0.147620,0.477508,-4.900000,64.820000,51.799999,1770370260.610106
-0.118340,0.096624,0.484828,4.550000,72.379997,54.320000,1770370260.618198
-0.142496,0.064660,0.561444,11.550000,84.000000,57.540001,1770370260.626136
-0.179096,0.092476,0.710772,20.090000,97.230003,56.700001,1770370260.634107
-0.252784,0.170556,0.881328,16.660000,108.290001,54.740002,1770370260.642138
-0.358436,0.251076,1.015284,6.440000,115.080002,50.820000,1770370260.650102
-0.486536,0.273524,1.053348,-8.680000,119.070000,44.730000,1770370260.658139
-0.598776,0.219356,1.011380,-22.330000,117.180000,36.680000,1770370260.666096
-0.720288,0.125904,0.968924,-31.360001,110.949997,26.320000,1770370260.674101
-0.846436,0.016592,0.962824,-33.599998,101.639999,18.480000,1770370260.682159
-0.970632,-0.087352,0.961360,-28.490000,93.099998,4.690000,1770370260.690117
-1.059936,-0.164456,0.919392,-19.809999,80.080002,-1.610000,1770370260.698110
-1.115812,-0.197152,0.852536,-10.430000,60.410000,-11.970000,1770370260.706113
-1.122888,-0.175436,0.823500,-5.040000,36.330002,-18.340000,1770370260.714131
-1.098000,-0.124196,0.833016,-3.640000,8.190000,-22.260000,1770370260.722142
-1.036512,-0.054656,0.865468,-8.120000,-16.450001,-20.930000,1770370260.730190
-0.964044,-0.009028,0.915244,-16.309999,-35.560001,-21.559999,1770370260.738121
-0.880840,-0.008052,0.950624,-21.420000,-45.779999,-18.549999,1770370260.746123
-0.797148,-0.026840,0.953552,-24.990000,-47.529999,-12.180000,1770370260.754094
-0.737124,-0.056608,0.908900,-24.920000,-42.700001,-3.430000,1770370260.762218
-0.710284,-0.078812,0.859368,-23.030001,-34.090000,6.160000,1770370260.770095
-0.704672,-0.082716,0.816180,-19.950001,-22.260000,11.550000,1770370260.778111
-0.721020,-0.082472,0.783484,-16.660000,-10.850000,15.470000,1770370260.786100
-0.737124,-0.066368,0.768844,-14.560000,-0.490000,12.740000,1770370260.794118
-0.761280,-0.044408,0.770064,-10.010000,5.600000,16.240000,1770370260.802103
-0.785680,-0.020252,0.778604,-12.110000,9.030000,14.910000,1770370260.810105
-0.796172,-0.014640,0.794220,-10.360000,8.610000,12.950000,1770370260.818105
-0.813008,-0.025376,0.767624,-12.390000,1.960000,11.410000,1770370260.826131
-0.803980,-0.054412,0.726876,-8.680000,-6.580000,9.380000,1770370260.834119
-0.780556,-0.079544,0.695156,-2.100000,-18.969999,9.170000,1770370260.842123
-0.744688,-0.099308,0.682712,4.410000,-32.970001,6.720000,1770370260.850086
-0.695888,-0.113216,0.654164,16.309999,-47.459999,9.240000,1770370260.858108
-0.639280,-0.118096,0.619516,25.760000,-63.980000,9.520000,1770370260.866102
-0.581696,-0.118584,0.590724,35.279999,-80.290001,9.450000,1770370260.874114
-0.522160,-0.132248,0.582672,47.389999,-95.199997,7.910000,1770370260.882208
-0.473116,-0.129320,0.602924,56.630001,-104.930000,3.850000,1770370260.890166
-0.422364,-0.107848,0.656848,63.279999,-109.410004,-0.770000,1770370260.898118
-0.364536,-0.051484,0.746884,65.870003,-107.730003,-5.880000,1770370260.906083
-0.298900,0.040992,0.864248,63.560001,-97.930000,-16.660000,1770370260.914102
-0.234484,0.132248,0.996252,54.320000,-84.980003,-22.120001,1770370260.922172
-0.172996,0.209840,1.107516,36.680000,-67.620003,-28.420000,1770370260.930163
-0.119072,0.271572,1.158756,22.330000,-52.570000,-27.650000,1770370260.938127
-0.080520,0.297680,1.169980,8.750000,-43.330002,-31.500000,1770370260.946152
-0.038308,0.318908,1.152656,-4.340000,-38.430000,-26.389999,1770370260.954139
-0.027572,0.315980,1.122888,-12.740000,-37.660000,-25.620001,1770370260.962226
-0.036112,0.314516,1.082628,-25.549999,-36.680000,-19.670000,1770370260.970100
-0.076616,0.305244,1.035780,-32.200001,-33.459999,-18.200001,1770370260.978113
-0.122488,0.272792,0.986492,-35.139999,-23.240000,-19.320000,1770370260.986102
-0.175436,0.248148,0.950136,-38.570000,-8.470000,-20.719999,1770370260.994157
-0.231800,0.229360,0.938912,-34.790001,8.400000,-21.700001,1770370261.002104
-0.272060,0.211304,0.947940,-33.180000,21.840000,-19.040001,1770370261.010107
-0.298168,0.200324,0.953064,-30.730000,24.150000,-23.379999,1770370261.018113
-0.315980,0.171044,0.959652,-24.570000,20.090000,-25.340000,1770370261.026109
-0.329400,0.137372,0.974048,-19.879999,9.380000,-29.260000,1770370261.034124
-0.323788,0.098088,1.000156,-14.210000,-2.380000,-27.650000,1770370261.042104
-0.302560,0.069784,1.014552,-11.620000,-15.890000,-26.809999,1770370261.050102
-0.275720,0.047336,1.027728,-5.460000,-24.780001,-22.049999,1770370261.058252
-0.228872,0.040992,1.049932,-3.570000,-31.080000,-19.950001,1770370261.066456
-0.173240,0.057096,1.079456,-5.040000,-33.250000,-17.780001,1770370261.074330
-0.113948,0.058560,1.119716,-4.760000,-34.230000,-12.250000,1770370261.082139
-0.054412,0.046360,1.139968,-11.970000,-33.529999,-9.450000,1770370261.090195
-0.004148,0.019764,1.100928,-14.140000,-33.810001,-3.430000,1770370261.098120
0.046360,-0.029036,1.054568,-19.530001,-29.820000,4.340000,1770370261.106167
0.092964,-0.081984,1.018456,-18.129999,-23.590000,12.740000,1770370261.114108
0.129320,-0.122732,0.968192,-15.680000,-14.490000,23.870001,1770370261.122186
0.155916,-0.163480,0.915244,-10.220000,-1.680000,33.529999,1770370261.130464
0.166652,-0.184220,0.862784,-1.330000,14.280000,42.840000,1770370261.138235
0.154696,-0.207888,0.820084,12.530000,34.509998,51.799999,1770370261.146103
0.119804,-0.201544,0.808860,26.110001,56.490002,61.110001,1770370261.154145
0.058560,-0.172020,0.874984,34.650002,81.900002,69.790001,1770370261.162112
-0.028304,-0.116876,1.001132,36.119999,104.230003,74.970001,1770370261.170103
-0.149816,-0.045872,1.140212,28.350000,122.080002,75.389999,1770370261.178111
-0.285480,0.036112,1.238788,14.210000,134.820007,72.660004,1770370261.186106
-0.459208,0.069540,1.252940,-5.880000,139.929993,65.169998,1770370261.194182
-0.630740,0.051484,1.202432,-18.760000,141.190002,57.750000,1770370261.202210
-0.816912,-0.005368,1.116056,-27.790001,140.490005,44.240002,1770370261.210330
-0.976000,-0.065636,1.016504,-29.680000,139.160004,28.350000,1770370261.218105
-1.099708,-0.100284,0.942328,-26.809999,128.309998,10.080000,1770370261.226094
-1.157048,-0.081008,0.901092,-27.650000,110.739998,-7.560000,1770370261.234121
-1.156804,-0.023912,0.881084,-25.900000,83.019997,-19.110001,1770370261.242156
-1.100440,0.059048,0.863028,-27.930000,47.669998,-26.180000,1770370261.250091
-1.000400,0.169336,0.845948,-28.770000,8.190000,-30.240000,1770370261.258102
-0.884500,0.254004,0.822280,-31.219999,-24.430000,-34.860001,1770370261.266105
-0.745908,0.299632,0.775432,-33.880001,-49.209999,-35.770000,1770370261.274097
-0.614392,0.313784,0.721020,-29.469999,-67.059998,-34.650002,1770370261.282167
-0.501176,0.319152,0.671976,-23.940001,-73.779999,-31.920000,1770370261.290106
-0.419924,0.335500,0.606096,-14.210000,-76.860001,-29.889999,1770370261.298102
-0.366732,0.362096,0.539240,-6.650000,-71.959999,-27.440001,1770370261.306075
-0.333792,0.389912,0.506788,-2.590000,-62.299999,-25.340000,1770370261.314209
-0.325496,0.402112,0.507032,-1.120000,-46.340000,-22.469999,1770370261.322108
-0.329156,0.377224,0.527040,-3.570000,-24.219999,-14.840000,1770370261.330117
-0.361120,0.323056,0.568276,-7.140000,0.490000,-5.670000,1770370261.338122
-0.423096,0.250344,0.613660,-11.340000,22.540001,0.980000,1770370261.346099
-0.492636,0.141520,0.650504,-15.470000,38.919998,9.310000,1770370261.354185
-0.569252,-0.006100,0.629764,-12.110000,46.689999,16.870001,1770370261.362082
-0.661972,-0.191052,0.562664,-1.330000,42.910000,22.610001,1770370261.370086
-0.758352,-0.378932,0.519232,18.900000,28.420000,29.680000,1770370261.378104
-0.832040,-0.530212,0.512400,41.439999,9.170000,34.090000,1770370261.386099
-0.907192,-0.618784,0.562908,65.309998,-10.010000,37.730000,1770370261.394102
-0.972340,-0.655872,0.703452,83.230003,-29.889999,31.850000,1770370261.402222
-1.032852,-0.667828,0.918172,88.339996,-45.990002,20.160000,1770370261.410164
-1.053592,-0.649528,1.144116,80.989998,-57.119999,-2.170000,1770370261.418113
-1.024556,-0.637572,1.315648,70.559998,-62.439999,-12.740000,1770370261.426095
-0.917440,-0.625128,1.414956,62.720001,-72.730003,-24.500000,1770370261.434226
-0.758596,-0.572912,1.462536,60.410000,-94.430000,-26.459999,1770370261.442105
-0.559492,-0.459208,1.525976,57.820000,-122.500000,-24.500000,1770370261.450103
-0.374784,-0.291580,1.603568,48.160000,-147.490005,-19.250000,1770370261.458132
-0.208864,-0.111508,1.657980,34.650002,-160.860001,-16.870001,1770370261.466100
-0.057828,0.076372,1.661884,16.450001,-161.350006,-14.980000,1770370261.474108
0.081252,0.247904,1.603324,-0.210000,-148.259995,-12.670000,1770370261.482227
0.187148,0.358192,1.483276,-20.580000,-126.489998,-7.700000,1770370261.490099
0.246928,0.417240,1.334680,-33.880001,-96.739998,2.940000,1770370261.498146
0.262788,0.456768,1.166076,-42.840000,-63.980000,8.820000,1770370261.506083
0.244488,0.470188,0.996496,-49.000000,-32.340000,14.980000,1770370261.514107
0.193736,0.477996,0.817400,-46.900002,-5.390000,14.420000,1770370261.522123
0.132004,0.488976,0.651724,-43.470001,17.920000,13.580000,1770370261.530177
0.059536,0.512888,0.506544,-37.169998,36.259998,12.250000,1770370261.538212
-0.008296,0.539240,0.387960,-31.010000,49.279999,8.820000,1770370261.546153
-0.072468,0.572180,0.297680,-27.090000,56.700001,2.520000,1770370261.554124
-0.122976,0.598288,0.245464,-25.129999,55.580002,-2.170000,1770370261.562102
-0.161772,0.617076,0.224480,-26.879999,50.400002,-6.790000,1770370261.570100
-0.196176,0.617564,0.223260,-29.959999,44.799999,-8.050000,1770370261.578123
-0.219600,0.579744,0.236924,-32.480000,40.459999,-5.250000,1770370261.586099
-0.226676,0.511424,0.266448,-33.110001,36.750000,-5.810000,1770370261.594103
-0.212524,0.419192,0.325984,-29.400000,32.200001,-6.580000,1770370261.602115
-0.182756,0.317200,0.414312,-20.650000,32.619999,-11.620000,1770370261.610111
-0.151524,0.208132,0.521672,-7.350000,36.189999,-10.850000,1770370261.618105
-0.134444,0.113460,0.645380,6.650000,41.720001,-13.860000,1770370261.626092
-0.125660,0.028060,0.798368,16.660000,45.150002,-11.340000,1770370261.634124
-0.125172,-0.027328,0.979172,27.230000,45.779999,-7.770000,1770370261.642192
-0.143228,-0.058316,1.231712,32.619999,46.900002,-0.280000,1770370261.650096
-0.184464,-0.092232,1.525000,32.970001,48.580002,10.570000,1770370261.658133
-0.245708,-0.137372,1.738012,30.799999,47.740002,17.360001,1770370261.666104
-0.309636,-0.203740,1.842444,24.570000,45.290001,27.650000,1770370261.674103
-0.364780,-0.268644,1.809016,16.309999,42.770000,34.860001,1770370261.682181
-0.441152,-0.364536,1.691164,3.990000,44.660000,40.669998,1770370261.690104
-0.547048,-0.478484,1.588440,-4.130000,55.439999,38.779999,1770370261.698159
-0.671000,-0.575840,1.565260,-12.320000,76.860001,27.580000,1770370261.706130
-0.800808,-0.640012,1.590148,-23.240000,98.980003,11.200000,1770370261.714112
-0.859368,-0.595116,1.589660,-31.780001,116.059998,-7.000000,1770370261.722100
-0.908900,-0.444568,1.527684,-33.740002,116.620003,-17.430000,1770370261.730270
-0.974048,-0.257664,1.411296,-34.860001,100.169998,-23.730000,1770370261.738139
-1.008208,-0.080520,1.274412,-39.340000,72.800003,-30.450001,1770370261.746105
-0.996496,0.068320,1.132648,-44.799999,42.349998,-37.099998,1770370261.754094
-0.934520,0.143716,0.983320,-46.900002,13.370000,-45.849998,1770370261.762210
-0.826428,0.165432,0.824232,-43.540001,-13.930000,-56.279999,1770370261.770110
-0.709796,0.184708,0.679296,-35.139999,-34.650002,-56.980000,1770370261.778111
-0.591700,0.208376,0.564128,-20.299999,-49.980000,-60.130001,1770370261.786098
-0.480680,0.238632,0.471896,-10.570000,-62.299999,-56.980000,1770370261.794087
-0.396988,0.270108,0.384300,0.560000,-68.739998,-52.150002,1770370261.802106
-0.332816,0.265472,0.316712,4.550000,-73.430000,-48.650002,1770370261.810179
-0.270596,0.271328,0.273524,10.080000,-76.650002,-43.680000,1770370261.818123
-0.222528,0.253760,0.248392,12.320000,-77.629997,-38.779999,1770370261.826093
-0.193492,0.215696,0.228628,14.350000,-75.809998,-33.180000,1770370261.834130
-0.178608,0.180316,0.190076,14.980000,-71.330002,-25.969999,1770370261.842122
-0.158844,0.151768,0.150792,19.250000,-67.760002,-19.600000,1770370261.850102
-0.152988,0.115900,0.145668,22.750000,-64.540001,-6.860000,1770370261.858108
-0.161040,0.043676,0.200812,27.790001,-55.020000,3.500000,1770370261.866097
-0.183244,-0.047580,0.311588,32.549999,-38.080002,16.870001,1770370261.874120
-0.231312,-0.117608,0.445544,40.529999,-15.680000,26.320000,1770370261.882209
-0.318664,-0.171776,0.613172,51.869999,15.470000,36.189999,1770370261.890111
-0.463600,-0.237656,0.880596,63.560001,48.369999,37.450001,1770370261.898116
-0.628788,-0.261324,1.190964,79.730003,73.220001,30.520000,1770370261.906087
-0.829844,-0.266204,1.474492,87.639999,82.459999,30.030001,1770370261.914126
-1.070672,-0.291092,1.567212,91.070000,73.010002,20.719999,1770370261.922105
-1.297348,-0.362828,1.449604,85.889999,52.570000,17.010000,1770370261.930111
-1.464488,-0.474336,1.334680,75.320000,18.760000,3.010000,1770370261.938146
-1.400072,-0.543876,1.404952,59.849998,-28.070000,-11.970000,1770370261.946176
-1.181936,-0.555832,1.568676,40.180000,-81.339996,-8.680000,1770370261.954139
-0.915732,-0.556076,1.734108,24.990000,-135.589996,-4.340000,1770370261.962138
-0.667584,-0.531920,1.884900,10.920000,-174.929993,-4.410000,1770370261.970114
-0.403088,-0.446032,2.002752,-4.270000,-190.330002,-4.410000,1770370261.978109
-0.170068,-0.294508,2.005192,-18.410000,-185.429993,-6.020000,1770370261.986097
0.002440,-0.135664,1.883680,-33.389999,-166.529999,-7.000000,1770370261.994139
0.142496,-0.024644,1.623576,-46.549999,-143.149994,-6.370000,1770370262.002107
0.226432,0.058804,1.336144,-53.130001,-118.650002,0.770000,1770370262.010103
0.274988,0.143472,1.074332,-52.779999,-94.430000,11.200000,1770370262.018110
0.284260,0.205204,0.865224,-46.200001,-71.330002,21.139999,1770370262.026098
0.275720,0.286456,0.725412,-39.900002,-47.320000,28.770000,1770370262.034163
0.261568,0.387716,0.617076,-32.200001,-22.820000,34.090000,1770370262.042148
0.217404,0.478240,0.519720,-29.889999,-1.470000,37.869999,1770370262.050105
0.141764,0.538752,0.426512,-24.709999,16.170000,37.869999,1770370262.058214
0.066124,0.576816,0.320860,-22.750000,30.240000,32.619999,1770370262.066398
-0.010248,0.596336,0.212036,-18.129999,37.590000,25.620001,1770370262.074277
-0.074664,0.593652,0.105408,-13.860000,40.040001,13.860000,1770370262.082161
-0.110532,0.582916,0.003660,-10.430000,39.200001,2.660000,1770370262.090106
-0.121512,0.559492,-0.070028,-5.880000,36.470001,-5.880000,1770370262.098125
-0.123952,0.517524,-0.109800,1.680000,32.689999,-14.490000,1770370262.106132
-0.111264,0.473116,-0.089060,8.680000,32.480000,-19.040001,1770370262.114261
-0.097844,0.453840,0.023668,19.459999,39.060001,-18.830000,1770370262.122088
-0.102480,0.448716,0.244488,27.580000,50.610001,-18.340000,1770370262.130104
-0.132736,0.470676,0.577060,29.959999,63.560001,-21.209999,1770370262.138112
-0.152988,0.477752,0.935740,24.570000,79.029999,-26.670000,1770370262.146274
-0.174460,0.433588,1.142164,18.969999,92.330002,-30.590000,1770370262.154123
-0.226920,0.338184,1.316136,18.690001,100.099998,-30.450001,1770370262.162099
-0.281576,0.207400,1.473272,19.670000,98.000000,-28.139999,1770370262.170097
-0.359168,0.030988,1.586732,27.510000,86.239998,-14.280000,1770370262.178169
-0.454572,-0.188612,1.771196,43.680000,64.050003,-0.630000,1770370262.186096
-0.555344,-0.380396,1.963468,60.340000,45.779999,9.730000,1770370262.194101
-0.585112,-0.435540,1.956880,65.660004,38.639999,11.130000,1770370262.202144
-0.524600,-0.419680,1.887340,50.959999,33.740002,12.530000,1770370262.210116
-0.515816,-0.487268,1.837076,39.340000,36.259998,20.090000,1770370262.218104
-0.526796,-0.524844,1.799256,24.990000,49.139999,21.629999,1770370262.226092
-0.583404,-0.510448,1.802672,12.460000,64.889999,20.860001,1770370262.234111
-0.671732,-0.421632,1.758264,-5.250000,83.930000,9.380000,1770370262.242162
-0.764940,-0.336720,1.624552,-24.080000,99.680000,3.430000,1770370262.250106
-0.838384,-0.275232,1.413492,-44.099998,103.599998,-4.690000,1770370262.258106
-0.882304,-0.239852,1.181692,-57.330002,96.529999,-13.860000,1770370262.266095
-0.905728,-0.175680,0.970876,-63.980000,80.989998,-21.280001,1770370262.274129
-0.908900,-0.104676,0.821060,-64.260002,58.310001,-27.230000,1770370262.282084
-0.893528,-0.023668,0.728096,-59.009998,32.830002,-31.570000,1770370262.290099
-0.854244,0.046360,0.670268,-49.419998,11.060000,-37.240002,1770370262.298104
-0.802760,0.115656,0.621468,-41.020000,-8.050000,-41.369999,1770370262.306080
-0.724192,0.173240,0.522892,-34.090000,-26.389999,-42.070000,1770370262.314110
-0.633668,0.204472,0.403088,-25.340000,-43.330002,-41.580002,1770370262.322180
-0.549976,0.221308,0.308660,-20.020000,-59.009998,-37.450001,1770370262.330119
-0.467748,0.233508,0.239120,-14.420000,-72.519997,-36.959999,1770370262.338106
-0.390644,0.241560,0.185196,-9.450000,-84.209999,-32.970001,1770370262.346201
-0.318908,0.236436,0.139324,-4.340000,-94.570000,-28.209999,1770370262.354097
-0.256444,0.213012,0.108092,0.210000,-106.400002,-20.510000,1770370262.362100
-0.208620,0.177876,0.097356,5.880000,-114.519997,-15.190000,1770370262.370084
-0.172996,0.157380,0.107604,12.040000,-117.599998,-6.580000,1770370262.378101
-0.140056,0.136640,0.153720,18.200001,-115.919998,3.640000,1770370262.386085
-0.114924,0.094184,0.242048,24.850000,-102.269997,11.970000,1770370262.394126
-0.111996,0.055876,0.386252,33.529999,-78.050003,17.360001,1770370262.402106
-0.135664,0.014152,0.581696,40.950001,-38.849998,20.160000,1770370262.410116
-0.179828,-0.022204,0.803004,46.759998,3.990000,22.750000,1770370262.418120
-0.262788,-0.065392,1.014552,53.759998,44.240002,22.959999,1770370262.426102
-0.406748,-0.121024,1.212924,65.309998,72.870003,22.540001,1770370262.434132
-0.598044,-0.166896,1.369816,73.220001,82.250000,21.139999,1770370262.442259
-0.806908,-0.193492,1.462780,78.400002,71.820000,19.600000,1770370262.450107
-1.000400,-0.211060,1.529392,68.739998,50.259998,18.059999,1770370262.458155
-1.084824,-0.272060,1.567212,53.970001,23.590000,10.710000,1770370262.466226
-1.095804,-0.362340,1.636264,38.430000,-8.890000,9.380000,1770370262.474244
-1.041392,-0.466284,1.728008,25.549999,-43.119999,8.610000,1770370262.482104
-0.915732,-0.519720,1.819752,15.750000,-79.309998,8.050000,1770370262.490100
-0.756400,-0.512644,1.894904,3.640000,-105.349998,6.720000,1770370262.498112
-0.587552,-0.442128,1.925160,-7.350000,-118.510002,2.870000,1770370262.506160
-0.418216,-0.332816,1.887828,-23.799999,-119.559998,-2.730000,1770370262.514122
-0.256444,-0.208132,1.751920,-33.529999,-111.930000,-4.200000,1770370262.522114
-0.116144,-0.087108,1.552328,-44.450001,-103.739998,-3.850000,1770370262.530097
-0.020008,0.003172,1.315160,-49.980000,-95.620003,-1.400000,1770370262.538210
0.062464,0.098576,1.087508,-52.570000,-87.639999,8.960000,1770370262.546136
0.106872,0.158600,0.892064,-50.889999,-80.220001,18.760000,1770370262.554094
0.115900,0.220576,0.750056,-48.790001,-69.650002,31.360001,1770370262.562143
0.111752,0.289628,0.650992,-47.110001,-55.020000,37.240002,1770370262.570104
0.103456,0.368928,0.576084,-47.320000,-38.360001,41.580002,1770370262.578110
0.079788,0.440176,0.496052,-47.110001,-19.250000,42.490002,1770370262.586101
0.039528,0.484096,0.388204,-46.900002,-4.900000,40.250000,1770370262.594186
-0.007076,0.511668,0.286944,-42.000000,4.830000,35.209999,1770370262.602142
-0.049532,0.529724,0.190564,-40.250000,11.060000,26.320000,1770370262.610108
-0.080032,0.527284,0.090768,-32.900002,15.050000,19.740000,1770370262.618107
-0.097844,0.505324,0.012200,-27.299999,15.960000,11.480000,1770370262.626085
-0.087840,0.473116,-0.047092,-19.320000,15.750000,6.230000,1770370262.634156
-0.071492,0.433832,-0.061244,-7.630000,17.920000,1.540000,1770370262.642124
-0.055388,0.400648,-0.013664,4.410000,25.690001,4.550000,1770370262.650111
-0.042944,0.365756,0.110288,18.340000,36.119999,5.110000,1770370262.658168
-0.044408,0.347456,0.328912,29.750000,47.810001,6.090000,1770370262.666154
-0.061244,0.346724,0.645868,31.920000,60.340000,3.990000,1770370262.674104
-0.088084,0.360388,0.967704,30.309999,75.040001,-2.730000,1770370262.682180
-0.096624,0.307196,1.175104,25.200001,85.540001,-6.650000,1770370262.690102
-0.123464,0.209596,1.301496,24.850000,92.050003,-8.540000,1770370262.698199
-0.168360,0.077592,1.399340,25.410000,94.010002,-2.450000,1770370262.706137
-0.236436,-0.088084,1.499868,33.529999,84.559998,8.330000,1770370262.714124
-0.318908,-0.272792,1.690920,46.759998,66.989998,21.139999,1770370262.722186
-0.405284,-0.435052,1.853180,55.509998,54.599998,27.719999,1770370262.730091
-0.441396,-0.518988,1.860744,55.299999,49.560001,25.760000,1770370262.738117
-0.426268,-0.547780,1.828292,42.980000,51.939999,24.080000,1770370262.746143
-0.429440,-0.566324,1.774612,36.119999,58.869999,27.650000,1770370262.754113
-0.476532,-0.635864,1.753384,26.040001,70.980003,22.959999,1770370262.762108
-0.565836,-0.627812,1.747040,13.860000,86.660004,15.890000,1770370262.770106
-0.676368,-0.545584,1.720932,-2.450000,101.639999,4.340000,1770370262.778112
-0.764696,-0.437980,1.605032,-19.530001,114.309998,-7.770000,1770370262.786098
-0.838140,-0.311588,1.397632,-33.320000,113.959999,-14.560000,1770370262.794192
-0.894992,-0.196176,1.162416,-41.720001,103.529999,-21.700001,1770370262.802140
-0.931836,-0.069784,0.944036,-45.990002,86.309998,-27.090000,1770370262.810102
-0.946232,0.044164,0.790804,-46.130001,62.090000,-32.689999,1770370262.818176
-0.941840,0.143228,0.700280,-42.139999,37.169998,-38.080002,1770370262.826104
-0.903288,0.231800,0.649772,-36.259998,15.470000,-43.189999,1770370262.834191
-0.846192,0.292556,0.602680,-29.120001,-1.960000,-43.049999,1770370262.842141
-0.776164,0.326716,0.544852,-24.080000,-16.450001,-42.840000,1770370262.850112
-0.702964,0.346480,0.468724,-18.410000,-29.680000,-43.680000,1770370262.858117
-0.629032,0.368196,0.382348,-13.440000,-43.470001,-41.580002,1770370262.866111
-0.545340,0.390644,0.305976,-10.080000,-58.310001,-39.900002,1770370262.874201
-0.471652,0.403332,0.247660,-7.980000,-74.199997,-35.490002,1770370262.882135
-0.396744,0.402600,0.199592,-7.420000,-89.949997,-30.100000,1770370262.890092
-0.324032,0.389424,0.165676,-5.460000,-105.629997,-24.639999,1770370262.898147
-0.256932,0.354044,0.146888,-4.200000,-120.959999,-17.780001,1770370262.906095
-0.212524,0.297924,0.127856,-3.150000,-129.570007,-10.150000,1770370262.914161
-0.166164,0.227652,0.130296,3.010000,-132.229996,-1.540000,1770370262.922106
-0.129564,0.172264,0.187392,12.460000,-123.129997,6.440000,1770370262.930119
-0.106140,0.101748,0.332816,22.330000,-100.730003,10.920000,1770370262.938165
-0.092964,0.048556,0.538264,27.090000,-63.070000,13.440000,1770370262.946101
-0.090524,-0.001952,0.745664,31.570000,-18.690001,14.210000,1770370262.954108
-0.110288,-0.067100,0.939888,39.759998,23.240000,18.270000,1770370262.962133
-0.198616,-0.156648,1.155584,52.009998,53.830002,22.260000,1770370262.970107
-0.348920,-0.206180,1.426424,68.320000,68.250000,26.040001,1770370262.978120
-0.538020,-0.224236,1.744112,73.989998,66.639999,25.760000,1770370262.986182
-0.741272,-0.237656,1.942240,69.510002,56.139999,23.870001,1770370262.994090
-0.876692,-0.265472,1.944192,57.540001,42.070000,21.840000,1770370263.002109
-0.921832,-0.330620,1.893196,41.790001,19.040001,19.879999,1770370263.010105
-0.900360,-0.412360,1.848300,33.810001,-12.670000,16.450001,1770370263.018110
-0.860344,-0.463356,1.787544,26.670000,-45.430000,13.090000,1770370263.026118
-0.775188,-0.451156,1.749236,17.990000,-68.669998,4.480000,1770370263.034100
-0.662948,-0.391132,1.703120,6.510000,-82.949997,-2.660000,1770370263.042118
-0.510448,-0.294508,1.648708,-8.540000,-87.150002,-8.400000,1770370263.050101
-0.361852,-0.183488,1.558428,-22.190001,-87.639999,-16.520000,1770370263.058205
-0.215940,-0.075640,1.406416,-39.200001,-85.400002,-17.990000,1770370263.066858
-0.109312,-0.012688,1.236836,-49.419998,-82.389999,-14.770000,1770370263.074650
-0.024888,0.018056,1.026996,-54.810001,-78.889999,-11.130000,1770370263.082133
0.042700,0.070272,0.854000,-54.250000,-74.199997,-1.610000,1770370263.090272
0.081252,0.127124,0.736392,-50.889999,-67.830002,7.910000,1770370263.098126
0.106628,0.193004,0.658800,-44.240002,-56.980000,15.820000,1770370263.106102
0.128588,0.256200,0.594872,-40.950001,-44.869999,21.910000,1770370263.114104
0.128588,0.322324,0.535580,-37.240002,-29.820000,27.440001,1770370263.122211
0.104920,0.384788,0.461404,-35.419998,-16.030001,32.410000,1770370263.130109
0.060268,0.427000,0.376004,-32.200001,-3.570000,31.920000,1770370263.138135
0.013664,0.454328,0.280112,-30.030001,5.530000,31.360001,1770370263.146099
-0.031720,0.455060,0.192028,-25.480000,12.950000,26.950001,1770370263.154169
-0.057828,0.440420,0.118340,-19.110001,18.059999,20.160000,1770370263.162117
-0.073932,0.413336,0.070028,-9.800000,24.150000,14.560000,1770370263.170100
-0.069296,0.381128,0.040504,1.470000,32.060001,6.580000,1770370263.178111
-0.068076,0.353800,0.056120,17.780001,42.560001,3.850000,1770370263.186113
-0.075884,0.332816,0.125660,27.790001,54.250000,3.080000,1770370263.194101
-0.083448,0.308904,0.287676,38.290001,63.840000,-1.190000,1770370263.202100
-0.097600,0.305976,0.541924,43.959999,75.669998,-4.900000,1770370263.210170
-0.121512,0.308660,0.833260,42.209999,90.019997,-8.890000,1770370263.218102
-0.140544,0.277428,1.054812,37.869999,101.849998,-13.720000,1770370263.226089
-0.184708,0.197640,1.194380,31.290001,109.550003,-8.470000,1770370263.234099
-0.241560,0.101260,1.322968,31.430000,108.849998,-5.250000,1770370263.242123
-0.315248,0.010248,1.482300,31.780001,94.010002,5.670000,1770370263.250094
-0.418216,-0.095892,1.679940,34.299999,73.430000,12.810000,1770370263.258112
-0.498004,-0.250344,1.843176,37.099998,54.669998,16.030001,1770370263.266121
-0.499956,-0.369904,1.867820,42.980000,40.459999,18.200001,1770370263.274116
-0.496784,-0.402844,1.809992,40.880001,36.259998,17.430000,1770370263.282099
-0.492636,-0.426512,1.756312,33.320000,38.360001,17.920000,1770370263.290095
-0.513864,-0.473116,1.730936,22.330000,47.110001,18.270000,1770370263.298098
-0.569252,-0.481900,1.731180,11.550000,63.980000,10.710000,1770370263.306099
-0.651724,-0.452864,1.723616,-4.130000,81.690002,1.050000,1770370263.314158
-0.743712,-0.350872,1.654564,-17.780001,97.790001,-9.170000,1770370263.322183
-0.817156,-0.216672,1.518656,-30.100000,105.209999,-19.040001,1770370263.330121
-0.882304,-0.088328,1.321260,-42.419998,101.570000,-24.639999,1770370263.338455
-0.924272,0.020252,1.122644,-48.580002,85.680000,-30.799999,1770370263.346104
-0.934764,0.120048,0.922564,-53.410000,64.260002,-35.840000,1770370263.354098
-0.923540,0.189100,0.763964,-54.669998,39.830002,-43.049999,1770370263.362101
-0.877180,0.240584,0.656116,-50.750000,15.190000,-45.500000,1770370263.370080
-0.816180,0.266936,0.594628,-43.540001,-7.350000,-47.669998,1770370263.378111
-0.746396,0.287432,0.535092,-36.750000,-22.610001,-45.080002,1770370263.386085
-0.666608,0.307196,0.451400,-30.590000,-37.029999,-44.169998,1770370263.394175
-0.586088,0.328180,0.357948,-20.020000,-50.119999,-43.820000,1770370263.402088
-0.508496,0.352336,0.270596,-15.890000,-63.209999,-39.480000,1770370263.410105
-0.426512,0.358436,0.211792,-7.140000,-75.739998,-37.099998,1770370263.418108
-0.354044,0.355264,0.182268,-3.430000,-87.849998,-30.030001,1770370263.426096
-0.282064,0.329156,0.170800,0.980000,-97.650002,-24.850000,1770370263.434103
-0.220088,0.301584,0.168116,7.420000,-103.389999,-18.129999,1770370263.442127
-0.169824,0.265472,0.157380,13.230000,-109.410004,-6.020000,1770370263.450105
-0.134200,0.216672,0.159332,15.400000,-111.720001,3.850000,1770370263.458140
-0.117364,0.150060,0.188612,22.610001,-106.610001,11.830000,1770370263.466110
-0.106384,0.058804,0.277916,27.299999,-88.199997,22.190001,1770370263.474106
-0.105652,-0.012932,0.443104,32.060001,-58.660000,24.639999,1770370263.482118
-0.127124,-0.059780,0.651724,34.299999,-19.809999,24.639999,1770370263.490095
-0.162260,-0.088572,0.858880,40.950001,23.590000,25.549999,1770370263.498118
-0.260104,-0.162504,1.093608,49.209999,56.840000,27.230000,1770370263.506139
-0.415776,-0.225700,1.310524,62.230000,73.360001,26.250000,1770370263.514113
-0.615368,-0.267424,1.523780,74.760002,73.220001,25.410000,1770370263.522102
-0.843508,-0.287432,1.700924,74.760002,59.430000,20.930000,1770370263.530099
-1.004304,-0.316224,1.749968,64.959999,41.930000,13.440000,1770370263.538125
-1.068476,-0.351848,1.750944,49.630001,12.880000,7.140000,1770370263.546199
-1.087264,-0.420900,1.745820,35.560001,-19.389999,-1.820000,1770370263.554142
-1.006744,-0.472384,1.748748,20.580000,-55.860001,-4.340000,1770370263.562110
-0.847900,-0.470676,1.793888,12.320000,-91.629997,-8.260000,1770370263.570092
-0.673684,-0.412116,1.847324,-0.210000,-114.870003,-12.600000,1770370263.578228
-0.490684,-0.287432,1.844152,-10.430000,-125.790001,-15.330000,1770370263.586102
-0.310612,-0.163724,1.770708,-25.900000,-125.230003,-17.570000,1770370263.594158
-0.155428,-0.036600,1.600396,-38.009998,-119.699997,-17.920000,1770370263.602097
-0.031964,0.050508,1.380064,-49.630001,-113.959999,-14.980000,1770370263.610094
0.073200,0.131028,1.146068,-53.130001,-106.330002,-7.770000,1770370263.618158
0.132492,0.200812,0.947208,-50.540001,-97.790001,6.090000,1770370263.626081
0.162992,0.273768,0.798368,-47.320000,-85.330002,17.010000,1770370263.634180
0.174948,0.350872,0.700524,-42.630001,-68.669998,26.110001,1770370263.642113
0.170068,0.440664,0.629032,-41.790001,-49.770000,26.670000,1770370263.650098
0.161772,0.510448,0.553880,-41.439999,-30.870001,26.809999,1770370263.658139
0.131760,0.565348,0.463356,-44.240002,-12.950000,25.129999,1770370263.666243
0.085156,0.613904,0.354776,-45.430000,2.380000,22.540001,1770370263.674110
0.039528,0.617808,0.244000,-44.799999,10.850000,20.370001,1770370263.682104
-0.004880,0.587552,0.150792,-42.980000,15.260000,13.860000,1770370263.690104
-0.026108,0.542656,0.079056,-36.889999,17.920000,7.490000,1770370263.698168
-0.033916,0.487024,0.026108,-28.770000,21.700001,3.570000,1770370263.706104
-0.034648,0.429684,-0.008784,-13.440000,28.280001,2.800000,1770370263.714104
-0.036600,0.365024,0.009516,6.300000,38.849998,4.200000,1770370263.722109
-0.040992,0.321104,0.100528,24.780001,50.049999,3.430000,1770370263.730928
-0.036844,0.287676,0.279380,38.360001,61.320000,-2.730000,1770370263.738182
-0.049044,0.273036,0.540948,46.340000,73.220001,-6.090000,1770370263.746103
-0.066856,0.277184,0.863028,46.619999,90.230003,-13.090000,1770370263.754122
-0.092232,0.246928,1.115568,44.099998,108.570000,-13.930000,1770370263.762272
-0.129808,0.185196,1.263188,39.619999,119.489998,-11.130000,1770370263.770094
-0.183976,0.092476,1.372012,38.430000,123.269997,-3.850000,1770370263.778109
-0.259616,-0.001464,1.534028,38.570000,112.559998,10.500000,1770370263.786097
-0.368196,-0.101748,1.741428,40.880001,90.440002,20.160000,1770370263.794156
-0.462136,-0.250344,1.922476,41.860001,67.760002,26.250000,1770370263.802288
-0.505568,-0.379664,1.882216,37.520000,53.830002,28.490000,1770370263.810085
-0.513864,-0.445544,1.789740,30.100000,49.279999,30.379999,1770370263.818164
-0.520452,-0.520452,1.722884,17.219999,53.900002,30.240000,1770370263.826098
-0.573888,-0.621712,1.687748,6.860000,64.680000,30.170000,1770370263.834223
-0.671244,-0.691252,1.685552,-3.570000,80.360001,14.980000,1770370263.842100
-0.759816,-0.652944,1.677256,-14.700000,98.769997,-1.610000,1770370263.850099
-0.843508,-0.521428,1.626992,-25.340000,110.739998,-16.450001,1770370263.858112
-0.903532,-0.340868,1.495720,-37.590000,113.330002,-23.940001,1770370263.866111
-0.941840,-0.155428,1.284904,-44.939999,101.290001,-33.180000,1770370263.874132
-0.963800,0.003172,1.065060,-51.869999,76.440002,-36.959999,1770370263.882258
-0.957944,0.113948,0.868640,-52.779999,47.669998,-41.790001,1770370263.890096
-0.917928,0.196664,0.722240,-53.200001,20.930000,-49.000000,1770370263.898110
-0.844484,0.247172,0.632936,-46.340000,-1.050000,-49.209999,1770370263.906096
-0.775676,0.274744,0.564128,-42.279999,-19.879999,-47.180000,1770370263.914138
-0.697840,0.294020,0.475068,-33.459999,-32.900002,-48.509998,1770370263.922266
-0.612196,0.321348,0.373564,-26.110001,-46.549999,-44.380001,1770370263.930103
-0.525332,0.352824,0.283772,-16.870001,-60.060001,-43.610001,1770370263.938142
-0.452376,0.380640,0.224724,-10.990000,-72.519997,-39.480000,1770370263.946101
-0.382104,0.394548,0.193004,-7.560000,-82.389999,-35.209999,1770370263.954148
-0.315004,0.384544,0.182268,-2.870000,-91.699997,-30.590000,1770370263.962115
-0.252052,0.346480,0.166896,-0.420000,-98.839996,-21.000000,1770370263.970156
-0.198372,0.291336,0.156892,1.680000,-103.739998,-12.320000,1770370263.978204
-0.160064,0.244488,0.147620,6.020000,-108.639999,1.260000,1770370263.986129
-0.140056,0.177876,0.172020,10.010000,-106.820000,11.830000,1770370263.994106
-0.132004,0.088816,0.230336,17.010000,-97.019997,22.959999,1770370264.002098
-0.135176,0.007564,0.344528,24.990000,-72.940002,30.940001,1770370264.010086
-0.157380,-0.054168,0.523380,32.549999,-33.669998,32.270000,1770370264.018190
-0.200080,-0.082472,0.724680,39.060001,10.080000,31.290001,1770370264.026099
-0.277428,-0.132004,0.953552,49.419998,50.119999,29.400000,1770370264.034236
-0.399672,-0.185928,1.216828,62.090000,78.260002,24.430000,1770370264.042106
-0.572912,-0.216672,1.489132,75.739998,82.669998,21.770000,1770370264.050100
-0.777384,-0.214964,1.684332,80.150002,69.650002,20.930000,1770370264.058243
-0.962092,-0.232044,1.780956,69.720001,46.549999,16.100000,1770370264.066449
-1.037976,-0.283772,1.787056,54.250000,21.070000,8.470000,1770370264.074368
-1.073844,-0.369904,1.795108,38.360001,-7.700000,1.960000,1770370264.082127
-1.010648,-0.462380,1.781200,24.780001,-44.869999,-3.780000,1770370264.090424
-0.868640,-0.504836,1.797060,14.910000,-78.610001,-5.670000,1770370264.098123
-0.713944,-0.492148,1.834148,5.670000,-104.720001,-9.940000,1770370264.106100
-0.538020,-0.399428,1.833904,-7.420000,-117.250000,-11.270000,1770370264.114085
-0.363560,-0.268156,1.777296,-17.990000,-117.389999,-16.450001,1770370264.122105
-0.196908,-0.142984,1.616256,-37.660000,-112.489998,-13.860000,1770370264.130183
-0.071248,-0.053924,1.401780,-48.020000,-105.419998,-13.160000,1770370264.138132
0.019276,0.019276,1.158756,-55.860001,-96.320000,-5.530000,1770370264.146098
0.087352,0.090524,0.946720,-53.410000,-86.519997,3.920000,1770370264.154105
0.124684,0.162504,0.784216,-49.000000,-75.459999,14.070000,1770370264.162113
0.138592,0.241316,0.675392,-44.869999,-60.130001,24.780001,1770370264.170177
0.144936,0.327692,0.600728,-39.759998,-43.119999,28.980000,1770370264.178180
0.140544,0.399916,0.527772,-39.830002,-27.650000,32.480000,1770370264.186099
0.113216,0.469944,0.442860,-39.759998,-12.530000,31.080000,1770370264.194102
0.074420,0.518012,0.344284,-40.110001,-0.140000,31.709999,1770370264.202224
0.028792,0.533140,0.246684,-40.110001,6.370000,26.879999,1770370264.210115
-0.013908,0.537776,0.144692,-36.470001,10.570000,21.629999,1770370264.218143
-0.038552,0.521916,0.060024,-31.990000,14.420000,12.600000,1770370264.226101
-0.052216,0.477752,-0.002928,-24.360001,19.809999,6.930000,1770370264.234381
-0.040504,0.433832,-0.047336,-13.580000,24.850000,1.400000,1770370264.242107
-0.041968,0.380884,-0.026840,0.210000,35.349998,2.240000,1770370264.250092
-0.047336,0.332572,0.075640,16.240000,48.020000,2.380000,1770370264.258108
-0.062708,0.325496,0.260836,26.110001,62.790001,-0.420000,1770370264.266213
-0.080764,0.325984,0.550708,33.669998,77.209999,-6.440000,1770370264.274100
-0.116388,0.351604,0.854000,32.830002,94.010002,-11.970000,1770370264.282093
-0.145180,0.329156,1.076528,30.100000,109.970001,-17.080000,1770370264.290092
-0.204716,0.254248,1.219268,26.530001,118.160004,-17.920000,1770370264.298115
-0.278892,0.175192,1.341268,28.420000,119.980003,-14.980000,1770370264.306156
-0.374784,0.071492,1.492304,29.120001,109.970001,-3.850000,1770370264.314075
-0.506544,-0.073200,1.701656,36.889999,90.650002,4.550000,1770370264.322084
-0.612684,-0.224724,1.904420,45.990002,69.860001,10.920000,1770370264.330100
-0.654408,-0.307196,1.907836,47.389999,52.360001,11.410000,1770370264.338244
-0.622932,-0.334280,1.811456,37.310001,40.599998,12.180000,1770370264.346091
-0.593408,-0.396256,1.738012,25.200001,36.959999,17.570000,1770370264.354096
-0.603900,-0.501176,1.706536,13.370000,39.270000,20.160000,1770370264.362095
-0.662704,-0.587552,1.711172,-0.770000,51.799999,18.340000,1770370264.370088
-0.738832,-0.610000,1.711172,-20.860001,65.379997,3.220000,1770370264.378168
-0.790804,-0.543876,1.640168,-37.450001,79.870003,-11.620000,1770370264.386125
-0.826916,-0.415532,1.445456,-48.860001,86.449997,-20.370001,1770370264.394114
-0.856928,-0.265228,1.216096,-55.790001,82.879997,-27.090000,1770370264.402099
-0.876936,-0.120536,0.996740,-58.099998,67.900002,-31.290001,1770370264.410089
-0.880840,-0.003172,0.826916,-54.880001,49.840000,-37.310001,1770370264.418137
-0.867664,0.075884,0.719556,-50.119999,30.379999,-41.930000,1770370264.426138
-0.831796,0.143960,0.641964,-43.470001,12.040000,-42.139999,1770370264.434111
-0.782508,0.190076,0.562420,-38.080002,-4.130000,-43.610001,1770370264.442114
-0.726388,0.229360,0.479216,-31.290001,-19.320000,-43.470001,1770370264.450159
-0.658800,0.269864,0.401380,-25.969999,-35.139999,-42.139999,1770370264.458129
-0.593896,0.304024,0.319396,-19.320000,-48.860001,-41.369999,1770370264.466110
-0.520452,0.319152,0.260104,-14.630000,-62.509998,-38.779999,1770370264.474070
-0.452132,0.314028,0.226676,-9.800000,-76.860001,-33.040001,1770370264.482180
-0.385276,0.289384,0.208376,-3.220000,-88.199997,-25.620001,1770370264.490165
-0.330376,0.238876,0.185684,1.890000,-98.839996,-16.450001,1770370264.498111
-0.284016,0.210572,0.165920,10.570000,-111.300003,-7.910000,1770370264.506229
-0.245708,0.190564,0.155672,15.680000,-120.820000,2.100000,1770370264.514086
-0.215696,0.146888,0.179340,22.750000,-123.830002,8.750000,1770370264.522100
-0.206912,0.079788,0.252296,29.120001,-113.050003,18.480000,1770370264.530099
-0.218136,0.020496,0.401380,37.169998,-85.750000,22.959999,1770370264.538296
-0.243268,-0.013664,0.598288,39.689999,-45.009998,24.219999,1770370264.546110
-0.283772,-0.048556,0.800808,43.959999,-2.240000,24.080000,1770370264.554126
-0.367464,-0.116632,1.039684,50.400002,32.130001,22.680000,1770370264.562106
-0.505080,-0.173484,1.278804,62.439999,48.230000,25.200001,1770370264.570109
-0.687836,-0.195444,1.477420,73.150002,44.029999,26.320000,1770370264.578109
-0.890356,-0.190076,1.636508,70.629997,26.459999,23.520000,1770370264.586096
-1.022604,-0.207400,1.713368,55.230000,6.300000,18.830000,1770370264.594137
-1.065060,-0.256444,1.765096,37.099998,-19.879999,14.910000,1770370264.602099
-1.043100,-0.354044,1.813652,20.230000,-51.730000,6.650000,1770370264.610093
-0.931836,-0.450424,1.826584,5.180000,-83.089996,5.880000,1770370264.618159
-0.759572,-0.475800,1.844152,-1.190000,-110.459999,1.540000,1770370264.626082
-0.587308,-0.454572,1.841712,-10.220000,-130.690002,-2.940000,1770370264.634103
-0.403332,-0.366488,1.803648,-16.100000,-135.449997,-7.840000,1770370264.642132
-0.212280,-0.228628,1.710440,-27.860001,-132.160004,-8.540000,1770370264.650105
-0.055388,-0.096380,1.526708,-38.570000,-126.279999,-9.100000,1770370264.658145
0.056120,-0.007076,1.276852,-47.669998,-117.949997,-4.900000,1770370264.666127
0.138836,0.055876,1.024556,-51.520000,-108.919998,5.040000,1770370264.674100
0.187148,0.117120,0.813008,-49.770000,-97.650002,18.549999,1770370264.682115
0.199836,0.182512,0.655628,-48.020000,-82.879997,30.240000,1770370264.690102
0.208376,0.241804,0.551684,-43.959999,-66.220001,37.310001,1770370264.698112
0.202276,0.309636,0.466772,-40.320000,-47.320000,41.020000,1770370264.706190
0.174460,0.364780,0.383812,-37.869999,-28.770000,40.320000,1770370264.714095
0.138104,0.403088,0.308904,-36.330002,-11.900000,39.130001,1770370264.722167
0.094916,0.424072,0.236436,-36.750000,-0.700000,37.590000,1770370264.730098
0.061732,0.433588,0.175192,-35.910000,8.050000,27.580000,1770370264.738151
0.027328,0.433100,0.127124,-33.459999,14.700000,25.200001,1770370264.746117
0.009760,0.402844,0.082716,-26.740000,21.980000,17.780001,1770370264.754097
0.003172,0.366732,0.029036,-16.799999,28.700001,12.320000,1770370264.762099
-0.000732,0.323056,0.001464,-2.450000,37.590000,12.040000,1770370264.770218
-0.008784,0.289872,0.040748,15.610000,47.950001,13.090000,1770370264.778115
-0.010980,0.259128,0.189100,29.540001,59.500000,10.990000,1770370264.786099
-0.020008,0.245952,0.421388,38.990002,72.870003,12.320000,1770370264.794099
-0.040260,0.258152,0.747616,45.080002,85.680000,6.020000,1770370264.802142
-0.066124,0.244244,1.073356,38.570000,101.220001,2.660000,1770370264.810097
-0.081740,0.182268,1.262212,37.730000,112.629997,1.400000,1770370264.818150
-0.118828,0.065392,1.356884,36.959999,117.879997,2.870000,1770370264.826095
-0.148840,-0.050020,1.491816,42.000000,110.879997,13.160000,1770370264.834085
-0.227408,-0.146888,1.687260,47.459999,94.430000,23.170000,1770370264.842120
-0.326472,-0.241560,1.915644,53.970001,75.320000,31.850000,1770370264.850120
-0.391132,-0.361120,2.024712,52.779999,62.580002,34.860001,1770370264.858107
-0.427976,-0.431636,1.984940,38.849998,57.330002,32.759998,1770370264.866096
-0.447008,-0.495320,1.902468,24.010000,63.139999,33.740002,1770370264.874118
-0.494588,-0.586332,1.802916,10.640000,74.970001,27.090000,1770370264.882234
-0.592676,-0.638792,1.740696,-1.190000,93.099998,18.340000,1770370264.890107
-0.692960,-0.576572,1.699216,-10.360000,112.419998,1.540000,1770370264.898109
-0.797880,-0.441152,1.617964,-20.090000,129.779999,-10.710000,1770370264.906098
-0.888404,-0.269620,1.483032,-29.680000,137.479996,-21.700001,1770370264.914086
-0.950868,-0.099064,1.285636,-39.759998,130.970001,-26.879999,1770370264.922172
-0.992592,0.018056,1.069208,-48.860001,112.839996,-33.669998,1770370264.930094
-1.005280,0.106384,0.869372,-52.639999,83.650002,-38.849998,1770370264.938195
-0.989664,0.167140,0.707600,-52.570000,48.790001,-42.840000,1770370264.946270
-0.935740,0.218136,0.595360,-47.110001,19.950001,-41.230000,1770370264.954154
-0.858148,0.254004,0.523136,-37.520000,-6.160000,-39.200001,1770370264.962096
-0.770552,0.282064,0.462380,-28.139999,-26.110001,-36.540001,1770370264.970109
-0.685396,0.310368,0.392352,-18.200001,-43.119999,-35.070000,1770370264.978233
-0.594628,0.337452,0.309392,-10.640000,-55.790001,-30.590000,1770370264.986098
-0.509472,0.358924,0.238876,-6.930000,-69.580002,-29.540001,1770370264.994100
-0.428708,0.368196,0.182268,-4.340000,-83.510002,-24.500000,1770370265.002100
-0.344772,0.365512,0.142008,-0.350000,-96.529999,-23.520000,1770370265.010093
-0.267180,0.335988,0.110288,0.560000,-109.480003,-14.840000,1770370265.018173
-0.198372,0.302072,0.089792,0.770000,-122.639999,-7.910000,1770370265.026111
-0.145180,0.240340,0.096136,1.540000,-129.009995,1.610000,1770370265.034091
-0.100772,0.176656,0.112728,8.750000,-129.009995,11.130000,1770370265.042222
-0.074664,0.110044,0.171776,12.810000,-117.599998,18.760000,1770370265.050097
-0.059292,0.051484,0.300120,22.610001,-91.209999,24.219999,1770370265.058136
-0.068564,0.015860,0.492148,30.730000,-49.419998,26.320000,1770370265.066265
-0.078812,-0.014396,0.722240,33.880001,-1.610000,26.879999,1770370265.075027
-0.112240,-0.047092,0.940864,41.650002,43.330002,25.059999,1770370265.082158
-0.226676,-0.112972,1.180228,51.799999,79.449997,27.580000,1770370265.090116
-0.422120,-0.172996,1.487424,68.669998,97.790001,25.059999,1770370265.098188
-0.656848,-0.198128,1.780956,77.209999,98.769997,24.290001,1770370265.106191
-0.905972,-0.222040,1.921988,73.360001,86.239998,20.790001,1770370265.114094
-1.049688,-0.252052,1.891976,58.590000,66.709999,17.709999,1770370265.122109
-1.109956,-0.321592,1.851472,45.220001,38.150002,11.340000,1770370265.130104
-1.114836,-0.414312,1.805600,31.080000,-1.050000,10.640000,1770370265.138253
-1.049932,-0.471896,1.783640,19.670000,-42.560001,3.220000,1770370265.146103
-0.925492,-0.467992,1.789740,8.120000,-76.160004,-1.330000,1770370265.154101
-0.753228,-0.419680,1.779248,-6.790000,-94.919998,-7.210000,1770370265.162307
-0.569252,-0.330376,1.721908,-24.430000,-101.849998,-8.610000,1770370265.170101
-0.391864,-0.216428,1.585268,-39.549999,-102.760002,-11.620000,1770370265.178121
-0.250100,-0.119072,1.394704,-53.900002,-99.820000,-7.350000,1770370265.186101
-0.138592,-0.033184,1.180472,-62.230000,-96.949997,2.100000,1770370265.194219
-0.048312,0.055632,0.968924,-63.070000,-91.209999,10.430000,1770370265.202134
0.012444,0.162504,0.793000,-57.750000,-83.860001,25.760000,1770370265.210096
0.042944,0.242780,0.681980,-50.889999,-73.080002,36.540001,1770370265.218145
0.065880,0.324764,0.595848,-49.209999,-63.279999,46.340000,1770370265.226095
0.072956,0.394548,0.515572,-47.669998,-51.029999,49.770000,1770370265.234157
0.069540,0.449448,0.417240,-49.349998,-41.439999,51.380001,1770370265.242142
0.052704,0.471408,0.304024,-49.349998,-33.180000,50.680000,1770370265.250096
0.026108,0.475068,0.192028,-45.430000,-25.690001,48.090000,1770370265.258104
-0.004880,0.453596,0.105896,-42.139999,-19.809999,44.029999,1770370265.266187
-0.018300,0.429440,0.037576,-33.250000,-11.480000,35.209999,1770370265.274137
-0.024644,0.397232,0.000000,-22.750000,-4.900000,29.889999,1770370265.282100
-0.023668,0.366244,-0.022448,-11.550000,4.620000,24.639999,1770370265.290098
-0.018544,0.340868,0.002928,7.210000,16.590000,20.370001,1770370265.298104
-0.012200,0.326228,0.100040,20.790001,30.730000,16.450001,1770370265.306216
-0.017812,0.334768,0.273280,34.650002,46.830002,12.600000,1770370265.314083
-0.037576,0.357460,0.537532,42.700001,65.449997,5.250000,1770370265.322103
-0.063684,0.377468,0.857904,39.689999,87.849998,-1.750000,1770370265.330090
-0.092476,0.351360,1.086044,32.759998,107.449997,-8.470000,1770370265.338277
-0.151524,0.263276,1.222928,23.030001,124.529999,-10.780000,1770370265.346085
-0.222284,0.151280,1.364448,19.110001,132.929993,-10.150000,1770370265.354109
-0.322812,0.043920,1.561844,21.139999,128.169998,0.980000,1770370265.362119
-0.472384,-0.090524,1.856596,24.010000,109.970001,9.030000,1770370265.370250
-0.575840,-0.274988,2.072780,28.420000,87.779999,14.980000,1770370265.378122
-0.643672,-0.391132,2.034716,31.850000,68.110001,17.500000,1770370265.386107
-0.648796,-0.424804,1.885632,22.330000,51.240002,20.020000,1770370265.394099
-0.640744,-0.497028,1.758996,10.290000,43.680000,21.420000,1770370265.402097
-0.665632,-0.546072,1.699460,0.770000,45.779999,23.450001,1770370265.410231
-0.725900,-0.568764,1.695556,-11.410000,58.590000,14.210000,1770370265.418144
-0.790316,-0.509472,1.661152,-27.440001,77.349998,0.840000,1770370265.426099
-0.835700,-0.390400,1.519388,-41.439999,92.190002,-12.250000,1770370265.434101
-0.860344,-0.244000,1.281244,-51.310001,95.900002,-22.049999,1770370265.442099
-0.872300,-0.095160,1.026508,-58.869999,87.010002,-24.709999,1770370265.450109
-0.880596,-0.007076,0.827160,-61.950001,71.330002,-28.629999,1770370265.458096
-0.872300,0.050752,0.682956,-60.340000,52.009998,-30.660000,1770370265.466095
-0.847412,0.098332,0.580964,-56.209999,31.570000,-30.590000,1770370265.474254
-0.806908,0.120292,0.509960,-49.770000,13.440000,-31.780001,1770370265.482100
-0.747372,0.145424,0.446032,-42.000000,-4.060000,-29.330000,1770370265.490101
-0.674904,0.173728,0.372344,-33.110001,-23.799999,-29.889999,1770370265.498110
-0.605608,0.199104,0.287432,-23.520000,-42.560001,-28.910000,1770370265.506104
-0.536556,0.219112,0.219844,-18.969999,-61.320000,-26.530001,1770370265.514191
-0.472384,0.243024,0.176412,-15.750000,-76.860001,-29.330000,1770370265.522134
-0.391132,0.250832,0.155916,-13.650000,-92.470001,-25.059999,1770370265.530096
-0.314272,0.226432,0.137128,-11.970000,-106.680000,-23.660000,1770370265.538110
-0.251320,0.172752,0.112728,-11.480000,-118.720001,-14.000000,1770370265.546153
-0.198372,0.112972,0.108336,-7.420000,-127.190002,-6.440000,1770370265.554119
-0.154452,0.048800,0.142984,-0.070000,-128.380005,4.550000,1770370265.562100
-0.124440,-0.017568,0.226920,11.130000,-118.720001,18.480000,1770370265.570096
-0.115656,-0.080032,0.383324,22.750000,-93.169998,25.620001,1770370265.578146
-0.143228,-0.133956,0.581208,36.189999,-52.779999,31.780001,1770370265.586102
-0.191296,-0.184708,0.791536,50.680000,-0.560000,33.950001,1770370265.594134
-0.276696,-0.253028,1.018456,68.459999,44.939999,34.090000,1770370265.602129
-0.435540,-0.298412,1.259528,85.959999,75.110001,31.850000,1770370265.610102
-0.648064,-0.296216,1.459608,101.150002,82.599998,30.660000,1770370265.618139
-0.864492,-0.249856,1.564284,103.949997,71.470001,29.049999,1770370265.626082
-1.046760,-0.222284,1.658468,93.099998,51.029999,22.190001,1770370265.634088
-1.132648,-0.245220,1.719956,72.239998,21.420000,17.920000,1770370265.642120
-1.131916,-0.339892,1.770220,49.840000,-13.790000,8.050000,1770370265.650165
-1.025532,-0.449448,1.829024,32.340000,-53.200001,5.600000,1770370265.658124
-0.846436,-0.469944,1.912716,17.990000,-93.870003,3.290000,1770370265.666103
-0.680760,-0.424316,1.967860,5.110000,-119.769997,-0.630000,1770370265.674098
-0.491172,-0.311344,1.941752,-10.430000,-131.110001,-3.500000,1770370265.682242
-0.298168,-0.174704,1.825608,-25.200001,-130.619995,-3.290000,1770370265.690097
-0.129808,-0.073200,1.627236,-39.619999,-125.089996,-4.760000,1770370265.698114
-0.001952,0.016348,1.391288,-46.900002,-118.230003,-1.190000,1770370265.706100
0.097600,0.094184,1.143872,-49.840000,-108.360001,6.930000,1770370265.714090
0.161772,0.176412,0.928176,-45.709999,-96.320000,17.990000,1770370265.722175
0.190076,0.237900,0.768112,-40.320000,-79.870003,28.209999,1770370265.730104
0.212768,0.301096,0.654164,-36.680000,-60.900002,37.590000,1770370265.738176
0.210084,0.361120,0.545340,-39.410000,-40.880001,42.279999,1770370265.746233
0.192272,0.398452,0.447984,-40.880001,-22.750000,45.220001,1770370265.754102
0.158356,0.421144,0.355020,-40.950001,-4.550000,47.389999,1770370265.762106
0.111752,0.433588,0.260592,-40.740002,8.400000,43.400002,1770370265.770094
0.057096,0.429196,0.186904,-37.660000,18.129999,39.480000,1770370265.778092
0.010004,0.417240,0.114680,-33.389999,25.059999,34.299999,1770370265.786109
-0.020984,0.400404,0.052704,-26.459999,30.379999,23.450001,1770370265.794121
-0.046116,0.381860,0.000244,-16.240000,34.860001,18.340000,1770370265.802176
-0.053924,0.366000,-0.024400,-3.570000,39.970001,12.600000,1770370265.810122
-0.059536,0.335988,0.002196,11.550000,48.020000,10.290000,1770370265.818147
-0.063196,0.330132,0.109312,25.900000,59.360001,6.300000,1770370265.826097
-0.082228,0.340136,0.283528,37.099998,72.029999,3.010000,1770370265.834128
-0.112728,0.373808,0.578280,40.669998,89.809998,-7.000000,1770370265.842418
-0.130784,0.391132,0.889380,37.730000,107.800003,-16.309999,1770370265.850089
-0.166164,0.370148,1.133624,33.880001,125.650002,-20.020000,1770370265.858112
-0.236680,0.274500,1.299056,28.770000,138.179993,-26.320000,1770370265.866101
-0.324276,0.176900,1.444968,28.000000,141.679993,-20.930000,1770370265.874118
-0.441396,0.055388,1.637972,28.070000,130.059998,-14.420000,1770370265.882104
-0.562176,-0.118096,1.923208,32.970001,102.059998,-3.850000,1770370265.890283
-0.672464,-0.311588,2.092056,40.110001,75.879997,4.550000,1770370265.898109
-0.717116,-0.374784,2.039840,41.299999,54.669998,5.320000,1770370265.906098
-0.674172,-0.381128,1.896124,28.000000,37.380001,11.060000,1770370265.914080
-0.650992,-0.471408,1.808284,11.550000,30.240000,13.720000,1770370265.922106
-0.653920,-0.541436,1.764608,-1.680000,34.720001,17.920000,1770370265.930274
-0.701012,-0.591212,1.735816,-16.799999,50.400002,14.840000,1770370265.938105
-0.767868,-0.534116,1.640656,-30.100000,71.120003,4.970000,1770370265.946117
-0.815448,-0.469700,1.479616,-45.009998,85.330002,-8.120000,1770370265.954088
-0.833504,-0.349896,1.254404,-56.419998,89.669998,-14.560000,1770370265.962117
-0.846680,-0.215940,1.013088,-62.790001,82.809998,-19.250000,1770370265.970168
-0.866200,-0.078324,0.831796,-62.650002,65.309998,-21.700001,1770370265.978110
-0.874008,0.002440,0.718824,-61.320000,46.830002,-26.320000,1770370265.986106
-0.858636,0.081984,0.638060,-53.410000,27.370001,-29.469999,1770370265.994122
-0.816912,0.109312,0.573644,-46.480000,9.030000,-30.100000,1770370266.002101
-0.762256,0.141276,0.487756,-36.750000,-7.980000,-31.430000,1770370266.010095
-0.692472,0.175680,0.391864,-27.020000,-25.129999,-34.509998,1770370266.018156
-0.619760,0.210084,0.303292,-21.350000,-41.650002,-34.369999,1770370266.026123
-0.537044,0.242780,0.244976,-17.780001,-57.959999,-35.840000,1770370266.034097
-0.460184,0.264252,0.202520,-13.650000,-74.059998,-35.070000,1770370266.042118
-0.387960,0.248880,0.178608,-11.900000,-87.360001,-34.020000,1770370266.050288
-0.315248,0.195932,0.168360,-7.700000,-98.980003,-28.139999,1770370266.058147
-0.249856,0.153964,0.143960,-4.970000,-106.260002,-22.260000,1770370266.066307
-0.201056,0.118828,0.132248,2.100000,-114.379997,-13.790000,1770370266.074359
-0.164212,0.087352,0.163480,10.430000,-114.169998,0.070000,1770370266.082130
-0.136396,0.039040,0.247172,22.469999,-105.839996,10.850000,1770370266.090114
-0.123464,-0.004392,0.382348,38.009998,-84.070000,22.190001,1770370266.098198
-0.148108,-0.044896,0.560712,49.209999,-50.959999,28.350000,1770370266.106104
-0.200812,-0.071248,0.742980,60.619999,-6.790000,31.570000,1770370266.114091
-0.282064,-0.129564,0.919148,73.220001,32.480000,30.660000,1770370266.122096
-0.430904,-0.186416,1.082140,86.730003,61.669998,29.469999,1770370266.130165
-0.610000,-0.237168,1.234396,100.519997,73.430000,27.580000,1770370266.138123
-0.795928,-0.263032,1.353712,108.080002,68.879997,25.900000,1770370266.146120
-0.975024,-0.270352,1.485472,101.989998,53.830002,22.469999,1770370266.154112
-1.070672,-0.303780,1.619672,86.870003,27.160000,13.440000,1770370266.162205
-1.113616,-0.365512,1.733620,66.989998,-0.910000,8.820000,1770370266.170105
-1.048224,-0.447008,1.832684,46.200001,-33.459999,2.100000,1770370266.178110
-0.887428,-0.493856,1.875872,28.000000,-72.660004,2.730000,1770370266.186137
-0.718336,-0.473360,1.925648,11.130000,-104.300003,0.980000,1770370266.194105
-0.534848,-0.363072,1.940776,-3.570000,-121.379997,-1.050000,1770370266.202200
-0.354532,-0.234484,1.887828,-21.000000,-125.300003,-2.170000,1770370266.210090
-0.194468,-0.097356,1.729472,-36.330002,-121.800003,-6.720000,1770370266.218148
-0.058072,-0.004148,1.502064,-45.080002,-116.059998,-3.500000,1770370266.226093
0.037576,0.072224,1.261480,-49.560001,-106.400002,2.730000,1770370266.234088
0.116876,0.153964,1.032364,-46.689999,-97.930000,8.680000,1770370266.242158
0.158600,0.226676,0.867664,-42.770000,-85.540001,20.510000,1770370266.250113
0.181536,0.293532,0.756156,-35.770000,-67.410004,29.260000,1770370266.258104
0.186172,0.365756,0.662704,-35.560001,-49.209999,33.880001,1770370266.266095
0.180072,0.427488,0.583892,-36.330002,-29.330000,35.560001,1770370266.274099
0.151280,0.462136,0.507032,-37.029999,-11.900000,33.529999,1770370266.282193
0.111264,0.486048,0.428220,-41.090000,3.920000,34.230000,1770370266.290116
0.054412,0.489952,0.330620,-43.330002,14.840000,33.669998,1770370266.298107
-0.001708,0.482388,0.237412,-43.680000,21.700001,29.680000,1770370266.306150
-0.048556,0.451400,0.141032,-42.560001,27.510000,20.370001,1770370266.314091
-0.074176,0.419436,0.069540,-35.910000,29.260000,15.120000,1770370266.322108
-0.092232,0.376248,0.021960,-25.760000,31.570000,4.340000,1770370266.330095
-0.088816,0.356972,-0.008540,-11.200000,36.189999,4.340000,1770370266.338107
-0.093208,0.340868,0.030744,5.460000,44.939999,-0.700000,1770370266.346165
-0.100040,0.338184,0.143960,23.730000,55.160000,-3.220000,1770370266.354112
-0.115900,0.352336,0.347212,34.509998,67.690002,-12.880000,1770370266.362078
-0.131028,0.374296,0.655384,38.639999,82.110001,-19.180000,1770370266.370083
-0.147132,0.390644,0.940620,34.860001,99.750000,-23.309999,1770370266.378099
-0.191296,0.360876,1.142652,29.959999,115.430000,-27.090000,1770370266.386103
-0.255712,0.258152,1.300764,23.450001,128.100006,-26.879999,1770370266.394216
-0.342576,0.148596,1.441796,20.650000,129.429993,-22.680000,1770370266.402098
-0.446032,0.001464,1.602104,23.030001,112.769997,-7.210000,1770370266.410103
-0.552172,-0.190564,1.819752,32.410000,87.080002,0.980000,1770370266.418161
-0.650748,-0.348188,1.927844,41.790001,63.139999,11.410000,1770370266.426094
-0.666852,-0.394060,1.851716,40.320000,44.240002,8.050000,1770370266.434162
-0.611708,-0.436516,1.766316,31.430000,36.189999,13.860000,1770370266.442143
-0.592920,-0.510692,1.719956,20.230000,37.799999,21.070000,1770370266.450271
-0.602192,-0.566568,1.718980,11.690000,47.389999,21.770000,1770370266.458102
-0.678076,-0.562420,1.734108,-2.240000,66.010002,14.770000,1770370266.466082
-0.783728,-0.509716,1.682136,-23.240000,85.889999,2.310000,1770370266.474105
-0.856440,-0.413824,1.533540,-44.520000,101.290001,-12.040000,1770370266.482102
-0.903044,-0.287188,1.306132,-61.880001,102.970001,-20.160000,1770370266.490273
-0.936472,-0.182512,1.080920,-69.440002,90.860001,-26.600000,1770370266.498112
-0.961848,-0.074176,0.876692,-70.000000,69.089996,-30.450001,1770370266.506100
-0.971120,0.001952,0.737368,-66.709999,47.810001,-35.840000,1770370266.514200
-0.958432,0.063684,0.637572,-57.959999,24.709999,-38.570000,1770370266.522105
-0.904508,0.133224,0.542900,-46.759998,0.070000,-43.959999,1770370266.530173
-0.824964,0.195200,0.449448,-34.860001,-21.700001,-43.049999,1770370266.538202
-0.735172,0.246928,0.367952,-27.230000,-42.700001,-42.490002,1770370266.546146
-0.643428,0.281088,0.293044,-22.540001,-63.070000,-46.060001,1770370266.554110
-0.549732,0.283040,0.241072,-21.280001,-79.730003,-44.240002,1770370266.562203
-0.476288,0.257664,0.216672,-17.570000,-92.400002,-44.799999,1770370266.570200
-0.404308,0.213256,0.219844,-12.880000,-100.169998,-41.020000,1770370266.578121
-0.340624,0.180072,0.205936,-7.630000,-103.599998,-36.400002,1770370266.586094
-0.288164,0.177388,0.173240,-3.430000,-106.610001,-32.410000,1770370266.594103
-0.248392,0.179828,0.154452,6.860000,-110.809998,-21.700001,1770370266.602128
-0.226676,0.143228,0.178608,11.480000,-111.370003,-9.380000,1770370266.610101
-0.212524,0.081252,0.244000,27.090000,-106.050003,4.900000,1770370266.618173
-0.198616,0.012200,0.351848,39.549999,-92.750000,14.350000,1770370266.626191
-0.210572,-0.048556,0.505080,49.209999,-66.500000,24.080000,1770370266.634141
-0.247660,-0.091500,0.683932,63.279999,-33.669998,29.260000,1770370266.642102
-0.308416,-0.133956,0.859856,71.889999,1.820000,32.619999,1770370266.650117
-0.415044,-0.194224,1.025532,84.139999,28.840000,30.940001,1770370266.658111
-0.553880,-0.254492,1.159732,93.309998,41.160000,29.260000,1770370266.666112
-0.716628,-0.293776,1.266848,96.529999,40.669998,26.809999,1770370266.674113
-0.859856,-0.312564,1.391288,94.639999,27.719999,21.770000,1770370266.682171
-0.954772,-0.344528,1.520852,84.980003,8.750000,14.280000,1770370266.690108
-0.981612,-0.386252,1.644316,68.669998,-16.799999,12.040000,1770370266.698118
-0.914756,-0.432856,1.766316,48.720001,-46.340000,6.370000,1770370266.706082
-0.759816,-0.453352,1.845128,29.959999,-79.379997,4.270000,1770370266.714124
-0.585600,-0.446520,1.897588,16.870001,-110.949997,-1.260000,1770370266.722265
-0.427976,-0.375272,1.934432,1.890000,-126.629997,-6.020000,1770370266.730104
-0.260348,-0.247904,1.927356,-7.210000,-128.449997,-9.170000,1770370266.738108
-0.099552,-0.089548,1.815360,-18.340000,-120.260002,-14.630000,1770370266.746313
0.020984,0.047824,1.630408,-29.120001,-107.800003,-15.400000,1770370266.754088
0.112240,0.180316,1.388360,-30.450001,-95.550003,-15.400000,1770370266.762134
0.186660,0.277184,1.157292,-32.340000,-81.970001,-5.460000,1770370266.770101
0.216916,0.331840,0.959896,-30.870001,-68.250000,3.360000,1770370266.778201
0.225700,0.359168,0.794464,-31.500000,-51.660000,15.190000,1770370266.786095
0.203740,0.400648,0.666852,-32.689999,-31.990000,21.840000,1770370266.794105
0.176412,0.434564,0.568032,-35.840000,-11.620000,22.469999,1770370266.802104
0.138104,0.452376,0.477508,-40.880001,7.000000,25.620001,1770370266.810103
0.089304,0.489708,0.399184,-43.889999,23.170000,25.059999,1770370266.818241
0.032208,0.485804,0.340136,-48.090000,36.680000,23.240000,1770370266.826104
-0.021472,0.479948,0.272548,-49.560001,44.380001,18.830000,1770370266.834103
-0.070272,0.467748,0.199348,-47.180000,47.389999,13.300000,1770370266.842101
-0.112484,0.441640,0.126880,-42.000000,46.689999,6.440000,1770370266.850116
-0.130052,0.410652,0.050996,-30.730000,45.430000,1.190000,1770370266.858113
-0.128100,0.378688,0.000732,-16.660000,41.930000,-2.100000,1770370266.866101
-0.125172,0.334524,-0.014396,-1.470000,42.279999,-3.290000,1770370266.874219
-0.119072,0.303292,0.049776,14.420000,48.509998,-3.710000,1770370266.882134
-0.113216,0.287432,0.188124,24.780001,54.599998,-5.110000,1770370266.890111
-0.116388,0.275720,0.421876,31.570000,67.059998,-8.120000,1770370266.898118
-0.125660,0.262544,0.739076,27.790001,81.480003,-14.840000,1770370266.906165
-0.134200,0.249856,1.020164,20.860001,100.449997,-19.809999,1770370266.914095
-0.153720,0.176412,1.208288,18.059999,115.639999,-18.830000,1770370266.922112
-0.190564,0.067344,1.372988,18.410000,125.160004,-15.400000,1770370266.930114
-0.247416,-0.030988,1.525244,22.469999,120.610001,-3.710000,1770370266.938230
-0.352336,-0.129808,1.734840,26.740000,102.970001,3.780000,1770370266.946326
-0.444812,-0.284748,1.961028,33.110001,82.529999,16.309999,1770370266.954104
-0.517768,-0.401624,2.025932,41.650002,66.220001,17.990000,1770370266.962109
-0.532164,-0.436272,1.916864,39.340000,59.220001,15.750000,1770370266.970082
-0.522648,-0.453352,1.793644,35.070000,60.270000,20.440001,1770370266.978109
-0.541680,-0.480192,1.694336,24.990000,70.629997,17.570000,1770370266.986102
-0.620248,-0.486536,1.668228,16.730000,88.690002,10.710000,1770370266.994091
-0.734196,-0.458720,1.670424,0.630000,112.629997,2.310000,1770370267.002108
-0.853024,-0.407236,1.593320,-19.740000,134.610001,-10.080000,1770370267.010103
-0.952576,-0.336720,1.438380,-42.910000,146.369995,-22.260000,1770370267.018141
-1.020652,-0.240096,1.194868,-59.779999,139.720001,-27.230000,1770370267.026119
-1.073844,-0.143472,0.945500,-68.110001,117.180000,-34.860001,1770370267.034120
-1.098244,-0.046360,0.759084,-71.120003,88.550003,-37.099998,1770370267.042067
-1.101660,0.053680,0.656360,-63.349998,55.930000,-42.070000,1770370267.050117
-1.077992,0.120048,0.586820,-53.900002,27.160000,-37.869999,1770370267.058213
-1.011624,0.174460,0.505568,-42.349998,-0.560000,-44.730000,1770370267.066369
-0.916464,0.232044,0.416752,-34.299999,-27.580000,-42.560001,1770370267.074675
-0.811056,0.274744,0.325496,-30.100000,-50.189999,-41.160000,1770370267.082128
-0.705404,0.294020,0.260592,-27.930000,-71.120003,-42.630001,1770370267.090101
-0.592920,0.302072,0.222772,-25.200001,-88.830002,-40.110001,1770370267.098195
-0.501420,0.304512,0.199348,-20.020000,-101.290001,-40.810001,1770370267.106103
-0.417728,0.273280,0.185440,-16.660000,-110.949997,-37.520000,1770370267.114088
-0.352824,0.244244,0.165432,-9.450000,-115.290001,-32.480000,1770370267.122168
-0.294752,0.217892,0.148352,1.750000,-118.720001,-29.469999,1770370267.130304
-0.248880,0.205448,0.141276,14.000000,-119.910004,-19.110001,1770370267.138154
-0.203496,0.175680,0.179096,25.969999,-117.949997,-5.530000,1770370267.146109
-0.186416,0.110044,0.262544,39.970001,-110.320000,9.730000,1770370267.154089
-0.181536,0.047580,0.359168,53.970001,-97.510002,24.639999,1770370267.162175
-0.190320,-0.007076,0.476776,63.980000,-74.970001,30.799999,1770370267.170160
-0.230580,-0.051484,0.638304,72.870003,-45.220001,38.779999,1770370267.178109
-0.297192,-0.091012,0.806664,82.180000,-9.590000,38.709999,1770370267.186224
-0.410164,-0.147620,0.990640,87.849998,21.980000,37.590000,1770370267.194122
-0.549000,-0.209596,1.165588,95.550003,40.040001,32.970001,1770370267.202110
-0.709552,-0.252052,1.320040,100.870003,46.060001,26.740000,1770370267.210095
-0.867908,-0.289628,1.461804,101.989998,39.130001,24.010000,1770370267.218144
-0.955016,-0.364536,1.576728,90.650002,22.400000,12.250000,1770370267.226152
-1.022116,-0.477264,1.636508,75.529999,1.610000,7.770000,1770370267.234104
-0.956480,-0.578768,1.744600,61.669998,-27.020000,-3.640000,1770370267.242104
-0.793000,-0.612928,1.836832,45.009998,-65.660004,-1.330000,1770370267.250114
-0.642940,-0.587308,1.880996,32.340000,-101.080002,-0.980000,1770370267.258102
-0.492880,-0.478728,1.916132,19.950001,-122.919998,-3.500000,1770370267.266148
-0.337696,-0.261080,1.914180,3.780000,-128.169998,-4.340000,1770370267.274101
-0.205936,-0.054168,1.817312,-12.320000,-120.820000,-7.350000,1770370267.282096
-0.101016,0.072468,1.629188,-29.889999,-104.720001,-9.450000,1770370267.290089
-0.018300,0.173728,1.391288,-40.459999,-86.519997,-9.590000,1770370267.298114
0.033672,0.244488,1.147532,-44.450001,-67.410004,-1.960000,1770370267.306120
0.056364,0.294508,0.952576,-46.759998,-52.150002,8.260000,1770370267.314094
0.069540,0.347700,0.807884,-45.570000,-34.790001,14.420000,1770370267.322103
0.060512,0.422852,0.707844,-43.680000,-21.209999,17.430000,1770370267.330093
0.038552,0.517768,0.630740,-40.880001,-8.890000,17.570000,1770370267.338104
0.022448,0.617320,0.574620,-40.880001,0.420000,15.470000,1770370267.346386
-0.006100,0.690764,0.498248,-38.639999,7.280000,11.830000,1770370267.354107
-0.039284,0.725168,0.401380,-36.470001,8.750000,11.270000,1770370267.362091
-0.069296,0.725656,0.292312,-34.020000,5.950000,6.580000,1770370267.370084
-0.098332,0.691008,0.194956,-31.360001,1.960000,2.800000,1770370267.378099
-0.110776,0.630252,0.110532,-27.090000,-3.920000,-3.080000,1770370267.386088
-0.104188,0.553392,0.037576,-24.639999,-6.790000,-4.620000,1770370267.394107
-0.093940,0.467016,-0.024888,-19.180000,-6.370000,-7.000000,1770370267.402257
-0.078812,0.379420,-0.052216,-13.230000,-0.350000,-4.900000,1770370267.410097
-0.059292,0.281576,-0.011712,-4.550000,8.540000,-3.500000,1770370267.418148
-0.028548,0.187880,0.120536,6.090000,22.190001,-0.910000,1770370267.426101
-0.018544,0.131760,0.326960,12.460000,39.689999,-3.080000,1770370267.434138
-0.017080,0.105652,0.611464,20.230000,64.120003,-4.970000,1770370267.442103
-0.024644,0.083204,0.905484,19.250000,90.580002,-8.120000,1770370267.450120
-0.026108,0.026840,1.096292,20.650000,110.529999,-7.000000,1770370267.458212
-0.057340,-0.051728,1.252696,29.190001,127.050003,-0.490000,1770370267.466118
-0.123464,-0.136640,1.466928,33.669998,135.449997,7.700000,1770370267.474114
-0.247172,-0.162992,1.758264,36.889999,133.070007,20.299999,1770370267.482128
-0.386008,-0.221064,2.032276,32.970001,117.599998,25.969999,1770370267.490203
-0.472628,-0.343308,2.133780,27.860001,101.989998,40.669998,1770370267.498125
-0.518988,-0.454816,1.978352,18.549999,89.879997,46.200001,1770370267.506109
-0.573888,-0.568764,1.768756,5.530000,87.989998,49.419998,1770370267.514138
-0.693448,-0.686616,1.661152,-4.270000,99.190002,42.630001,1770370267.522157
-0.846924,-0.753472,1.631384,-18.690001,120.959999,22.540001,1770370267.530103
-0.952088,-0.669292,1.588440,-29.540001,139.649994,6.790000,1770370267.538131
-1.038708,-0.484828,1.467416,-37.799999,149.800003,-11.130000,1770370267.546111
-1.132648,-0.276940,1.310280,-43.889999,145.600006,-18.340000,1770370267.554110
-1.195112,-0.096380,1.158512,-52.009998,128.520004,-27.719999,1770370267.562101
-1.216096,0.040504,1.000400,-60.410000,100.870003,-34.299999,1770370267.570118
-1.198040,0.137372,0.849852,-60.549999,70.139999,-42.070000,1770370267.578183
-1.150216,0.205936,0.725656,-56.770000,39.060001,-46.480000,1770370267.586101
-1.069940,0.276696,0.619272,-51.520000,8.400000,-51.450001,1770370267.594101
-0.963312,0.347212,0.538508,-43.470001,-15.820000,-52.009998,1770370267.602256
-0.854488,0.387472,0.480192,-38.709999,-36.680000,-52.009998,1770370267.610102
-0.751764,0.402356,0.402112,-30.660000,-53.900002,-51.380001,1770370267.618158
-0.639036,0.392596,0.352336,-25.969999,-69.580002,-46.270000,1770370267.626086
-0.541924,0.328912,0.333304,-20.090000,-79.519997,-41.090000,1770370267.634105
-0.476044,0.241316,0.334036,-13.090000,-83.580002,-35.630001,1770370267.642105
-0.427488,0.188856,0.319884,-6.580000,-82.669998,-30.170000,1770370267.650113
-0.404552,0.177632,0.294020,3.360000,-79.870003,-21.139999,1770370267.658134
-0.386496,0.181536,0.266936,13.440000,-77.489998,-22.610001,1770370267.666114
-0.375028,0.179584,0.252540,17.639999,-75.669998,-15.750000,1770370267.674103
-0.376980,0.148352,0.244000,24.360001,-75.529999,-3.990000,1770370267.682176
-0.382836,0.091256,0.250344,29.540001,-74.410004,8.610000,1770370267.690157
-0.400404,0.012688,0.278648,39.619999,-73.010002,27.020000,1770370267.698129
-0.422608,-0.066368,0.337452,52.080002,-70.559998,41.720001,1770370267.706108
-0.438224,-0.142496,0.422608,62.650002,-65.099998,51.799999,1770370267.714251
-0.477752,-0.209596,0.558760,76.089996,-60.130001,57.610001,1770370267.722103
-0.552660,-0.275476,0.721996,82.529999,-50.330002,57.049999,1770370267.730102
-0.657824,-0.350140,0.906948,89.669998,-36.400002,47.320000,1770370267.738111
-0.749080,-0.440664,1.106540,90.650002,-23.799999,35.980000,1770370267.746125
-0.829112,-0.532652,1.298568,87.639999,-16.030001,21.980000,1770370267.754234
-0.840336,-0.619272,1.445944,83.580002,-17.570000,10.710000,1770370267.762104
-0.875228,-0.724192,1.486204,78.190002,-22.469999,-2.170000,1770370267.770098
-0.795196,-0.770064,1.538420,70.769997,-40.459999,-4.970000,1770370267.778175
-0.603412,-0.719800,1.650416,62.230000,-71.889999,-5.740000,1770370267.786126
-0.418948,-0.608048,1.740208,46.410000,-105.629997,-1.960000,1770370267.794099
-0.287920,-0.444080,1.790716,35.560001,-128.309998,1.400000,1770370267.802106
-0.194712,-0.208864,1.828048,19.740000,-128.240005,-0.630000,1770370267.810158
-0.130784,0.009516,1.808772,1.540000,-111.160004,-3.640000,1770370267.818245
-0.054656,0.180804,1.672864,-20.299999,-84.769997,-5.320000,1770370267.826098
0.002684,0.300608,1.467904,-41.020000,-56.349998,3.220000,1770370267.834099
0.020984,0.399672,1.268068,-49.419998,-32.689999,8.890000,1770370267.842238
0.001952,0.478240,1.092388,-55.790001,-12.670000,19.809999,1770370267.850161
-0.040016,0.551440,0.956480,-56.000000,1.750000,23.100000,1770370267.858138
-0.087352,0.618540,0.840336,-54.880001,10.640000,20.510000,1770370267.866118
-0.128100,0.681736,0.741028,-54.669998,17.150000,17.570000,1770370267.874099
-0.167628,0.734440,0.642696,-50.259998,16.309999,9.240000,1770370267.882129
-0.216672,0.759572,0.537044,-49.560001,11.830000,5.530000,1770370267.890113
-0.244732,0.762744,0.440176,-48.790001,5.740000,0.140000,1770370267.898220
-0.257664,0.733220,0.383324,-48.650002,-3.290000,-6.790000,1770370267.906105
-0.241316,0.676856,0.357948,-50.889999,-14.140000,-11.830000,1770370267.914125
-0.227164,0.630496,0.332084,-49.630001,-22.120001,-8.260000,1770370267.922107
-0.198616,0.549244,0.305976,-48.650002,-30.170000,-5.250000,1770370267.930167
-0.154696,0.430172,0.297436,-40.950001,-37.869999,-4.340000,1770370267.938124
-0.106140,0.313052,0.304268,-31.780001,-42.000000,-1.260000,1770370267.946099
-0.050264,0.202032,0.320128,-22.889999,-43.540001,-4.060000,1770370267.954112
0.004148,0.099308,0.365268,-10.010000,-41.230000,-2.100000,1770370267.962136
0.063440,0.012688,0.442372,2.870000,-31.430000,-3.500000,1770370267.970107
0.113948,-0.062220,0.554368,20.020000,-16.450001,-1.610000,1770370267.978135
0.152988,-0.109556,0.697840,32.130001,5.530000,-5.180000,1770370267.986166
0.178608,-0.119560,0.860832,39.200001,26.040001,-3.500000,1770370267.994088
0.211548,-0.121756,1.043832,46.900002,50.049999,-1.120000,1770370268.002112
0.219844,-0.139812,1.221952,51.799999,73.779999,8.610000,1770370268.010101
0.196420,-0.194956,1.409832,58.099998,97.440002,18.059999,1770370268.018233
0.154696,-0.241804,1.567700,57.889999,115.849998,32.480000,1770370268.026096
0.057828,-0.277672,1.674328,48.790001,132.160004,48.439999,1770370268.034090
-0.058560,-0.327936,1.700192,33.320000,140.979996,61.040001,1770370268.042102
-0.230580,-0.416996,1.678476,13.090000,149.729996,72.379997,1770370268.050173
-0.446764,-0.552904,1.613572,0.000000,166.460007,72.239998,1770370268.058242
-0.703940,-0.713212,1.538908,-10.570000,186.899994,57.400002,1770370268.066397
-0.895236,-0.752984,1.443992,-18.900000,204.259995,34.509998,1770370268.074259
-1.045784,-0.641476,1.357372,-17.010000,205.240005,16.590000,1770370268.082136
-1.164124,-0.443104,1.284660,-14.140000,192.919998,0.280000,1770370268.090167
-1.251232,-0.224968,1.224880,-16.450001,165.130005,-8.330000,1770370268.098121
-1.302228,-0.047336,1.152656,-18.969999,127.610001,-17.780001,1770370268.106103
-1.302716,0.079300,1.053592,-28.000000,86.870003,-28.490000,1770370268.114198
-1.255624,0.171776,0.952332,-31.639999,46.900002,-36.889999,1770370268.122097
-1.164612,0.241804,0.854488,-33.320000,13.720000,-45.290001,1770370268.130113
-1.055300,0.302560,0.772992,-31.500000,-15.680000,-53.340000,1770370268.138221
-0.918172,0.366244,0.692716,-28.629999,-36.889999,-59.009998,1770370268.146182
-0.775676,0.402356,0.623420,-23.660000,-53.340000,-58.310001,1770370268.154126
-0.658800,0.421388,0.579988,-17.219999,-64.889999,-58.169998,1770370268.162303
-0.553880,0.413092,0.543876,-14.070000,-69.440002,-54.459999,1770370268.170103
-0.476288,0.396256,0.513132,-6.020000,-68.669998,-50.680000,1770370268.178111
-0.427488,0.391864,0.482876,-0.420000,-61.320000,-45.290001,1770370268.186243
-0.403820,0.402600,0.442860,2.870000,-51.869999,-41.020000,1770370268.194086
-0.400892,0.410896,0.405772,8.960000,-40.669998,-39.410000,1770370268.202115
-0.411384,0.417484,0.380884,8.750000,-30.590000,-38.990002,1770370268.210103
-0.433588,0.409920,0.367952,6.230000,-19.110001,-32.900002,1770370268.218147
-0.469212,0.366000,0.366732,6.650000,-5.950000,-24.780001,1770370268.226120
-0.512400,0.297680,0.362096,7.350000,6.930000,-14.350000,1770370268.234103
-0.562420,0.227164,0.369172,9.660000,16.940001,-2.940000,1770370268.242100
-0.616100,0.161772,0.387472,13.650000,20.719999,5.040000,1770370268.250165
-0.661484,0.083692,0.403576,19.950001,16.309999,18.340000,1770370268.258118
-0.712724,-0.021472,0.424560,27.860001,5.040000,25.900000,1770370268.266096
-0.750300,-0.126148,0.453596,38.500000,-11.060000,35.980000,1770370268.274097
-0.771528,-0.241560,0.514596,55.439999,-28.000000,42.700001,1770370268.282095
-0.801296,-0.384300,0.626592,67.970001,-43.889999,43.189999,1770370268.290177
-0.830332,-0.516792,0.777872,78.959999,-57.119999,39.480000,1770370268.298209
-0.844972,-0.598288,0.938668,82.739998,-67.550003,24.150000,1770370268.306098
-0.846924,-0.626836,1.100440,84.419998,-70.279999,13.300000,1770370268.314103
-0.821548,-0.627812,1.265384,80.430000,-72.309998,-0.630000,1770370268.322113
-0.750788,-0.586820,1.396168,77.070000,-77.980003,-11.620000,1770370268.330093
-0.631960,-0.533384,1.481324,71.330002,-89.949997,-17.990000,1770370268.338101
-0.483608,-0.451644,1.541348,66.430000,-108.150002,-24.990000,1770370268.346116
-0.344528,-0.308904,1.616744,57.540001,-126.839996,-22.260000,1770370268.354123
-0.223748,-0.108092,1.667008,43.889999,-134.119995,-22.889999,1770370268.362098
-0.120048,0.082716,1.648708,27.510000,-131.250000,-23.379999,1770370268.370085
-0.028792,0.244488,1.543788,12.740000,-117.389999,-23.940001,1770370268.378098
0.022692,0.374296,1.385432,-0.980000,-93.730003,-18.129999,1770370268.386092
0.039528,0.477020,1.249036,-13.090000,-67.900002,-17.150000,1770370268.394244
0.021228,0.555588,1.142408,-21.350000,-42.700001,-18.690001,1770370268.402083
-0.015860,0.613904,1.037732,-33.810001,-16.940001,-21.700001,1770370268.410108
-0.063440,0.651480,0.935496,-42.770000,6.230000,-25.200001,1770370268.418142
-0.129564,0.659288,0.843752,-50.959999,25.270000,-25.410000,1770370268.426101
-0.190564,0.645380,0.754448,-59.639999,39.060001,-33.529999,1770370268.434191
-0.260348,0.611708,0.679784,-61.320000,44.939999,-32.830002,1770370268.442182
-0.321104,0.557540,0.617320,-64.260002,45.360001,-34.650002,1770370268.450257
-0.367708,0.498248,0.581452,-61.950001,39.130001,-31.500000,1770370268.458151
-0.389424,0.425536,0.575596,-58.099998,26.530001,-31.570000,1770370268.466097
-0.379420,0.362340,0.584380,-49.139999,9.660000,-29.680000,1770370268.474100
-0.351116,0.299144,0.596336,-36.470001,-6.790000,-27.440001,1770370268.482131
-0.300852,0.251808,0.632692,-17.780001,-23.799999,-29.260000,1770370268.490108
-0.239364,0.233020,0.706624,-5.110000,-36.680000,-26.389999,1770370268.498111
-0.168360,0.259372,0.795196,3.010000,-43.119999,-28.910000,1770370268.506083
-0.102724,0.275476,0.873032,4.900000,-44.660000,-28.139999,1770370268.514104
-0.044408,0.265716,0.935008,1.540000,-43.750000,-25.620001,1770370268.522158
0.006588,0.201788,0.935252,-6.230000,-41.860001,-22.400000,1770370268.530093
0.059536,0.092232,0.869860,-12.740000,-38.009998,-16.660000,1770370268.538109
0.104676,-0.035624,0.802516,-10.850000,-30.940001,-7.910000,1770370268.546117
0.162504,-0.165188,0.794708,-8.750000,-18.549999,0.700000,1770370268.554112
0.209108,-0.266448,0.822768,-4.900000,-3.920000,18.549999,1770370268.562103
0.242536,-0.355020,0.850584,0.770000,13.510000,31.080000,1770370268.570100
0.231068,-0.453840,0.905240,8.540000,36.400002,43.470001,1770370268.578117
0.198128,-0.524356,0.984052,13.790000,61.669998,54.040001,1770370268.586151
0.135664,-0.548512,1.076284,19.670000,91.910004,63.419998,1770370268.594098
0.046116,-0.512156,1.173152,26.740000,122.010002,68.529999,1770370268.602105
-0.092232,-0.405528,1.270996,25.830000,145.250000,67.830002,1770370268.610265
-0.276696,-0.284260,1.349076,17.500000,161.839996,68.669998,1770370268.618157
-0.510692,-0.181536,1.407148,0.560000,172.339996,57.750000,1770370268.626085
-0.753472,-0.092476,1.378356,-18.549999,177.029999,43.189999,1770370268.634101
-0.972096,-0.088816,1.273436,-30.240000,179.339996,22.400000,1770370268.642102
-1.142896,-0.093696,1.164124,-31.990000,176.050003,4.760000,1770370268.650324
-1.245620,-0.088572,1.097512,-29.680000,161.839996,-15.400000,1770370268.658128
-1.297104,-0.040260,1.064328,-22.330000,136.289993,-22.400000,1770370268.666273
-1.312232,0.052948,1.023580,-20.090000,97.860001,-29.680000,1770370268.674150
-1.284416,0.161772,0.971852,-18.480000,54.880001,-37.310001,1770370268.682098
-1.209020,0.251320,0.919392,-21.420000,9.870000,-38.990002,1770370268.690101
-1.097268,0.318176,0.871080,-23.379999,-32.759998,-45.779999,1770370268.698202
-0.958676,0.360632,0.809348,-24.570000,-62.299999,-49.209999,1770370268.706164
-0.807640,0.383324,0.748592,-22.120001,-81.480003,-50.049999,1770370268.714103
-0.668316,0.396744,0.670024,-15.820000,-96.180000,-46.970001,1770370268.722145
-0.563152,0.416752,0.582916,-8.540000,-103.250000,-43.259998,1770370268.730111
-0.488000,0.447008,0.509716,-1.120000,-102.620003,-38.990002,1770370268.738110
-0.435540,0.490928,0.456768,6.300000,-98.980003,-38.009998,1770370268.746098
-0.400404,0.526064,0.415044,3.430000,-91.629997,-40.810001,1770370268.754112
-0.375028,0.546072,0.393328,-2.660000,-78.610001,-39.619999,1770370268.762100
-0.360144,0.526308,0.375760,-10.990000,-61.389999,-34.720001,1770370268.770097
-0.355996,0.458476,0.381616,-16.870001,-39.130001,-25.830000,1770370268.778172
-0.372100,0.356972,0.410652,-18.129999,-15.470000,-17.360001,1770370268.786152
-0.410164,0.239120,0.477020,-21.770000,5.740000,-7.910000,1770370268.794100
-0.458476,0.099308,0.549244,-17.150000,25.270000,0.280000,1770370268.802116
-0.514352,-0.042944,0.592676,-10.990000,33.320000,11.060000,1770370268.810121
-0.593652,-0.208620,0.593164,6.580000,28.700001,21.629999,1770370268.818149
-0.687104,-0.375760,0.573400,30.870001,17.080000,28.000000,1770370268.826102
-0.754448,-0.496296,0.578524,55.230000,-3.290000,31.639999,1770370268.834114
-0.800564,-0.568032,0.648796,79.519997,-30.100000,28.770000,1770370268.842227
-0.826428,-0.607072,0.812276,91.839996,-53.480000,22.400000,1770370268.850103
-0.860832,-0.608780,1.070428,91.419998,-66.919998,11.410000,1770370268.858131
-0.870592,-0.590480,1.337120,85.400002,-72.940002,-2.730000,1770370268.866100
-0.838384,-0.596580,1.527440,74.199997,-79.589996,-12.600000,1770370268.874180
-0.733220,-0.592188,1.606252,65.660004,-91.070000,-24.290001,1770370268.882106
-0.562908,-0.524600,1.607960,61.740002,-108.150002,-29.400000,1770370268.890099
-0.386740,-0.370148,1.601860,56.560001,-127.470001,-28.350000,1770370268.898109
-0.223016,-0.151524,1.625040,44.869999,-140.490005,-29.260000,1770370268.906147
-0.093452,0.045140,1.657248,22.680000,-141.679993,-27.370001,1770370268.914236
0.020740,0.220576,1.632116,-2.310000,-129.149994,-26.530001,1770370268.922100
0.108824,0.351116,1.533784,-23.450001,-106.400002,-22.540001,1770370268.930099
0.157380,0.409188,1.418128,-45.990002,-75.949997,-13.090000,1770370268.938113
0.163480,0.425048,1.262700,-57.680000,-44.380001,-9.240000,1770370268.946111
0.131028,0.432612,1.077504,-67.550003,-15.120000,-0.770000,1770370268.954127
0.068564,0.419924,0.881328,-69.440002,9.450000,-0.840000,1770370268.962102
0.002684,0.422608,0.689056,-64.959999,27.370001,2.100000,1770370268.970173
-0.055388,0.434564,0.513864,-54.529999,35.980000,-0.280000,1770370268.978116
-0.109800,0.465308,0.391864,-41.090000,40.810001,-0.630000,1770370268.986101
-0.147132,0.510692,0.314516,-30.100000,38.919998,-2.660000,1770370268.994101
-0.178852,0.553636,0.284748,-20.299999,32.270000,-7.000000,1770370269.002147
-0.197152,0.587064,0.286700,-16.100000,23.170000,-7.840000,1770370269.010097
-0.207400,0.596336,0.299144,-12.110000,15.610000,-7.490000,1770370269.018112
-0.198128,0.573400,0.336476,-12.880000,11.060000,-2.940000,1770370269.026089
-0.180072,0.515572,0.392840,-15.330000,7.700000,-1.610000,1770370269.034106
-0.150548,0.427732,0.449692,-14.350000,4.550000,-1.820000,1770370269.042104
-0.117608,0.333548,0.512400,-13.090000,6.930000,-4.410000,1770370269.050237
-0.088328,0.223992,0.568032,-12.670000,15.050000,-2.730000,1770370269.058246
-0.073688,0.112240,0.602924,-3.920000,27.719999,-1.260000,1770370269.066301
-0.056608,0.007076,0.638548,4.480000,37.799999,3.360000,1770370269.074311
-0.066368,-0.084668,0.740784,18.340000,45.779999,8.260000,1770370269.082248
-0.082960,-0.144204,0.946964,22.889999,54.180000,14.420000,1770370269.090171
-0.093940,-0.174948,1.263188,26.600000,67.339996,22.889999,1770370269.098130
-0.131760,-0.195932,1.614304,24.430000,78.610001,27.370001,1770370269.106124
-0.194468,-0.235948,1.824388,17.920000,86.660004,35.070000,1770370269.114140
-0.292068,-0.283528,1.876360,12.880000,90.790001,37.099998,1770370269.122101
-0.386496,-0.337208,1.789252,1.120000,93.449997,45.990002,1770370269.130168
-0.512644,-0.394792,1.680916,-6.440000,98.070000,52.709999,1770370269.138118
-0.665876,-0.458720,1.593076,-16.799999,107.870003,46.900002,1770370269.146099
-0.848388,-0.549732,1.514264,-28.420000,117.669998,30.240000,1770370269.154379
-1.004304,-0.620004,1.436916,-39.970001,129.500000,10.290000,1770370269.162113
-1.089216,-0.591456,1.335168,-46.689999,134.119995,-4.410000,1770370269.170112
-1.157048,-0.491904,1.235616,-43.889999,123.269997,-21.700001,1770370269.178189
-1.219512,-0.352336,1.163880,-37.380001,100.449997,-30.100000,1770370269.186122
-1.238056,-0.189832,1.094584,-35.560001,67.339996,-39.130001,1770370269.194104
-1.207800,-0.034892,0.996984,-33.180000,32.270000,-48.509998,1770370269.202099
-1.134112,0.072956,0.872300,-29.680000,-0.070000,-52.009998,1770370269.210093
-1.030900,0.143960,0.725168,-23.450001,-30.100000,-56.279999,1770370269.218180
-0.904508,0.214720,0.567544,-15.330000,-55.369999,-56.840000,1770370269.226223
-0.777384,0.283528,0.447252,-8.820000,-73.430000,-54.950001,1770370269.234081
-0.663924,0.337452,0.343796,-1.120000,-89.389999,-54.250000,1770370269.242113
-0.558028,0.364292,0.268400,-2.450000,-101.779999,-52.990002,1770370269.250105
-0.470432,0.386008,0.220576,0.350000,-110.739998,-53.900002,1770370269.258128
-0.386740,0.404552,0.193004,3.640000,-116.480003,-53.619999,1770370269.266122
-0.316956,0.394792,0.197884,-0.910000,-117.040001,-54.459999,1770370269.274125
-0.248636,0.380396,0.213256,-0.210000,-114.519997,-49.560001,1770370269.282099
-0.185196,0.359656,0.219844,2.100000,-111.720001,-39.410000,1770370269.290092
-0.139568,0.318664,0.206180,7.000000,-106.610001,-26.670000,1770370269.298100
-0.112240,0.252296,0.211060,18.760000,-103.389999,-9.940000,1770370269.306089
-0.121024,0.154940,0.252052,30.170000,-93.029999,6.440000,1770370269.314097
-0.149816,0.029280,0.332084,44.450001,-74.059998,18.129999,1770370269.322231
-0.208620,-0.044408,0.485072,61.669998,-44.799999,28.840000,1770370269.330177
-0.284992,-0.085888,0.709308,80.639999,-8.610000,33.529999,1770370269.338105
-0.405772,-0.139324,0.985272,94.290001,29.400000,31.850000,1770370269.346089
-0.538508,-0.175680,1.259772,105.629997,51.099998,28.840000,1770370269.354123
-0.717848,-0.189588,1.460828,116.059998,55.439999,26.530001,1770370269.362228
-0.930372,-0.168604,1.575264,113.540001,47.950001,20.719999,1770370269.370080
-1.095316,-0.181048,1.652124,100.099998,29.469999,8.330000,1770370269.378107
-1.185840,-0.267424,1.700192,80.290001,-2.240000,-7.350000,1770370269.386102
-1.163636,-0.381128,1.757044,58.450001,-42.000000,-22.190001,1770370269.394102
-0.937936,-0.450424,1.825120,42.209999,-91.070000,-23.940001,1770370269.402109
-0.697596,-0.494100,1.879776,26.670000,-139.509995,-17.850000,1770370269.410100
-0.468236,-0.469212,1.931016,15.960000,-175.490005,-20.020000,1770370269.418098
-0.226188,-0.376004,1.933700,-2.100000,-190.190002,-17.639999,1770370269.426084
0.002440,-0.248880,1.843420,-21.770000,-189.350006,-16.870001,1770370269.434169
0.166164,-0.107360,1.636264,-37.730000,-175.350006,-16.100000,1770370269.442129
0.263032,-0.016836,1.379820,-47.880001,-153.440002,-14.980000,1770370269.450161
0.336232,0.047580,1.125816,-49.980000,-126.629997,-5.670000,1770370269.458123
0.361364,0.091988,0.901336,-46.689999,-96.389999,2.450000,1770370269.466202
0.367708,0.155428,0.721020,-43.330002,-65.800003,13.720000,1770370269.474106
0.363072,0.225456,0.599264,-40.459999,-31.709999,27.440001,1770370269.482103
0.341844,0.290116,0.515328,-40.389999,0.560000,32.970001,1770370269.490103
0.287676,0.353068,0.462624,-37.450001,28.139999,37.520000,1770370269.498112
0.213500,0.405528,0.427976,-34.860001,49.910000,39.830002,1770370269.506169
0.127612,0.438468,0.382104,-33.669998,68.040001,36.680000,1770370269.514105
0.044652,0.458964,0.315492,-29.540001,78.750000,36.119999,1770370269.522089
-0.039772,0.459208,0.233996,-26.110001,84.629997,29.260000,1770370269.530111
-0.103212,0.448228,0.145912,-20.020000,83.370003,23.100000,1770370269.538116
-0.140544,0.423096,0.047336,-11.550000,80.779999,10.290000,1770370269.546118
-0.166896,0.405040,-0.027572,-3.570000,75.879997,4.620000,1770370269.554160
-0.183000,0.385276,-0.057340,10.990000,73.150002,-1.960000,1770370269.562144
-0.194468,0.370880,0.005612,20.790001,73.430000,-4.760000,1770370269.570111
-0.211060,0.370880,0.167872,32.410000,76.790001,-5.670000,1770370269.578409
-0.225212,0.389180,0.429196,30.660000,85.120003,-15.330000,1770370269.586221
-0.235704,0.405040,0.779336,23.240000,98.980003,-20.370001,1770370269.594106
-0.237656,0.384300,1.062864,15.750000,112.980003,-24.500000,1770370269.602094
-0.271816,0.302804,1.258552,5.740000,124.180000,-27.090000,1770370269.610161
-0.334280,0.178364,1.466684,3.430000,125.160004,-19.110001,1770370269.618207
-0.433832,0.053436,1.673596,8.470000,113.050003,-12.390000,1770370269.626085
-0.563396,-0.116876,1.861964,19.250000,89.250000,0.280000,1770370269.634104
-0.673196,-0.338672,1.965420,35.630001,65.449997,5.460000,1770370269.642271
-0.726876,-0.425536,1.872700,42.139999,45.919998,5.320000,1770370269.650113
-0.672952,-0.422608,1.756312,39.970001,34.930000,6.370000,1770370269.658205
-0.646356,-0.495808,1.711660,28.000000,34.580002,8.400000,1770370269.666151
-0.647820,-0.554856,1.698484,20.299999,42.700001,13.790000,1770370269.674237
-0.711992,-0.600728,1.732644,6.860000,58.380001,9.590000,1770370269.682123
-0.793488,-0.545828,1.702876,-7.000000,76.790001,-0.770000,1770370269.690102
-0.886696,-0.440908,1.560136,-23.590000,89.250000,-8.260000,1770370269.698111
-0.953308,-0.350628,1.341268,-35.980000,91.139999,-16.520000,1770370269.706131
-0.995276,-0.267912,1.110688,-47.669998,80.010002,-21.280001,1770370269.714108
-1.014796,-0.181048,0.895968,-50.400002,59.570000,-26.879999,1770370269.722085
-1.018700,-0.090524,0.734684,-50.470001,33.599998,-31.219999,1770370269.730105
-0.999912,-0.009760,0.633180,-42.980000,6.230000,-32.689999,1770370269.738097
-0.955992,0.046116,0.543144,-34.930000,-17.780001,-34.369999,1770370269.746192
-0.877668,0.115900,0.440176,-27.230000,-36.470001,-35.770000,1770370269.754134
-0.774212,0.182024,0.338184,-18.340000,-56.349998,-37.450001,1770370269.762113
-0.675880,0.228872,0.250588,-10.920000,-74.760002,-37.169998,1770370269.770102
-0.590480,0.268888,0.175192,-4.410000,-91.489998,-39.340000,1770370269.778106
-0.508496,0.315492,0.114680,-2.450000,-110.040001,-40.389999,1770370269.786101
-0.417728,0.359656,0.081252,-2.450000,-126.279999,-43.049999,1770370269.794176
-0.325008,0.376492,0.060756,-0.560000,-142.380005,-39.480000,1770370269.802133
-0.240340,0.367708,0.060512,-2.800000,-155.470001,-35.070000,1770370269.810100
-0.159576,0.343064,0.073444,-0.770000,-163.029999,-21.350000,1770370269.818108
-0.091012,0.303292,0.109556,5.320000,-163.029999,-10.220000,1770370269.826087
-0.037088,0.253028,0.174704,14.000000,-153.369995,-2.170000,1770370269.834111
0.000000,0.185928,0.319152,24.850000,-130.690002,5.880000,1770370269.842232
0.009516,0.122488,0.533872,33.740002,-90.370003,5.530000,1770370269.850103
0.006588,0.074908,0.788608,42.000000,-37.660000,8.050000,1770370269.858138
-0.017080,0.031720,1.009672,51.169998,11.970000,6.020000,1770370269.866094
-0.094916,-0.035624,1.205116,60.619999,49.910000,14.770000,1770370269.874113
-0.240584,-0.123952,1.439112,82.180000,70.699997,15.330000,1770370269.882188
-0.466040,-0.148108,1.750456,95.760002,75.669998,20.510000,1770370269.890094
-0.691984,-0.187148,2.005680,94.430000,75.040001,17.920000,1770370269.898110
-0.793732,-0.257908,2.073268,81.550003,64.540001,7.490000,1770370269.906116
-0.810324,-0.366732,2.066436,61.459999,38.990002,8.890000,1770370269.914173
-0.809104,-0.438956,2.017880,46.900002,3.080000,7.980000,1770370269.922084
-0.760060,-0.487756,1.978352,32.549999,-36.680000,8.400000,1770370269.930090
-0.677588,-0.470676,1.933456,17.639999,-69.930000,7.350000,1770370269.938101
-0.552172,-0.377712,1.854400,3.150000,-91.419998,2.310000,1770370269.946137
-0.411140,-0.265472,1.735572,-15.960000,-101.500000,-1.750000,1770370269.954127
-0.268400,-0.162748,1.550376,-27.650000,-106.610001,-9.240000,1770370269.962108
-0.146888,-0.075152,1.331996,-38.220001,-107.309998,-8.120000,1770370269.970099
-0.042700,-0.006832,1.108736,-39.200001,-106.260002,-7.910000,1770370269.978193
0.037088,0.063440,0.911340,-38.430000,-100.660004,-4.900000,1770370269.986109
0.097844,0.138592,0.766892,-34.860001,-89.739998,5.320000,1770370269.994097
0.142008,0.222040,0.652212,-27.230000,-77.629997,15.120000,1770370270.002115
0.165676,0.312076,0.555100,-24.990000,-61.880001,18.129999,1770370270.010115
0.177388,0.381128,0.464576,-24.010000,-45.570000,28.139999,1770370270.018115
0.154696,0.434076,0.374784,-22.540001,-30.730000,31.850000,1770370270.026119
0.132736,0.427488,0.297924,-25.410000,-16.590000,32.970001,1770370270.034089
0.105164,0.423828,0.204472,-24.430000,-2.590000,28.280001,1770370270.042102
0.068320,0.402844,0.117852,-24.150000,8.960000,24.780001,1770370270.050262
0.047824,0.388204,0.032696,-15.330000,21.770000,17.219999,1770370270.058423
0.023180,0.385276,-0.034160,-7.000000,34.299999,10.570000,1770370270.066294
0.001708,0.386984,-0.065148,4.760000,47.599998,2.520000,1770370270.074699
-0.008296,0.393816,-0.028548,13.650000,61.810001,-0.840000,1770370270.082162
-0.008296,0.408212,0.079788,17.990000,76.440002,-4.550000,1770370270.090101
-0.033428,0.441640,0.260592,23.100000,92.820000,-11.270000,1770370270.098143
-0.077348,0.503616,0.515816,25.900000,113.050003,-11.130000,1770370270.106167
-0.093940,0.531432,0.789096,19.879999,134.820007,-19.459999,1770370270.114088
-0.142740,0.550464,1.026508,14.280000,153.720001,-24.219999,1770370270.122093
-0.223504,0.506300,1.266604,5.530000,166.179993,-28.209999,1770370270.130161
-0.332328,0.328180,1.468636,-7.560000,164.710007,-33.950001,1770370270.138118
-0.446520,0.142008,1.626992,-10.360000,151.479996,-27.299999,1770370270.146100
-0.598044,-0.087596,1.815604,-0.630000,131.880005,-17.780001,1770370270.154103
-0.764696,-0.306708,2.071560,21.209999,113.190002,-7.140000,1770370270.162120
-0.859368,-0.317688,2.156228,39.340000,89.250000,-8.330000,1770370270.170115
-0.842044,-0.297192,1.977864,30.309999,59.009998,-7.280000,1770370270.178219
-0.822036,-0.268888,1.765340,21.000000,38.500000,-7.490000,1770370270.186098
-0.779092,-0.260104,1.700436,15.610000,30.030001,-11.760000,1770370270.194098
-0.820816,-0.363072,1.648952,-12.460000,43.330002,-6.860000,1770370270.202101
-0.838384,-0.317688,1.537932,-31.780001,54.669998,-15.540000,1770370270.210095
-0.862052,-0.260348,1.359812,-42.700001,63.560001,-24.080000,1770370270.218183
-0.874496,-0.175924,1.121668,-49.630001,64.540001,-29.540001,1770370270.226090
-0.881572,-0.068076,0.892308,-50.889999,56.980000,-35.279999,1770370270.234101
-0.890356,-0.007564,0.748104,-48.509998,47.040001,-33.529999,1770370270.242097
-0.912316,0.056120,0.646600,-41.439999,36.889999,-31.780001,1770370270.250088
-0.890844,0.134688,0.591212,-25.760000,20.930000,-36.750000,1770370270.258353
-0.868152,0.098820,0.510692,-25.200001,8.540000,-35.209999,1770370270.266101
-0.816424,0.050020,0.393816,-30.030001,-5.670000,-38.220001,1770370270.274090
-0.747128,-0.006100,0.273524,-30.170000,-26.040001,-38.500000,1770370270.282181
-0.666852,-0.022448,0.176900,-28.910000,-48.090000,-44.520000,1770370270.290123
-0.581208,-0.010004,0.107116,-20.020000,-71.959999,-45.990002,1770370270.298102
-0.500932,-0.020496,0.096624,-8.120000,-94.080002,-49.560001,1770370270.306092
-0.420168,-0.040748,0.120780,1.890000,-108.919998,-47.180000,1770370270.314093
-0.342576,-0.055632,0.134200,16.450001,-117.739998,-44.520000,1770370270.322183
-0.283284,-0.036844,0.142740,25.340000,-125.019997,-41.160000,1770370270.330114
-0.231068,-0.027084,0.204716,37.799999,-127.050003,-32.130001,1770370270.338109
-0.181780,-0.025620,0.320616,49.770000,-121.589996,-22.120001,1770370270.346096
-0.150060,-0.030500,0.494344,62.299999,-104.860001,-13.160000,1770370270.354094
-0.164944,-0.045872,0.711992,70.000000,-78.680000,-4.480000,1770370270.362111
-0.206912,-0.065392,0.946720,73.500000,-46.689999,-2.520000,1770370270.370087
-0.276452,-0.110532,1.148996,76.089996,-17.990000,1.260000,1770370270.378101
-0.373808,-0.205204,1.279048,83.790001,-1.890000,3.220000,1770370270.386124
-0.501908,-0.309148,1.318576,92.120003,-0.140000,4.900000,1770370270.394100
-0.703452,-0.322324,1.353224,96.949997,-5.740000,0.140000,1770370270.402123
-0.875716,-0.324520,1.485716,90.860001,-5.390000,-14.210000,1770370270.410195
-0.873764,-0.324764,1.651880,75.389999,-13.720000,-23.170000,1770370270.418210
-0.805688,-0.372588,1.806088,57.189999,-31.570000,-28.770000,1770370270.426102
-0.669292,-0.432368,1.905640,32.130001,-56.700001,-26.459999,1770370270.434102
-0.525820,-0.433588,1.984940,14.770000,-82.529999,-20.930000,1770370270.442092
-0.402600,-0.369172,2.020076,-3.080000,-102.199997,-14.840000,1770370270.450106
-0.293776,-0.260104,1.955172,-21.770000,-109.339996,-12.390000,1770370270.458224
-0.198860,-0.158844,1.790228,-34.369999,-108.500000,-11.620000,1770370270.466100
-0.101016,-0.069540,1.566480,-53.200001,-103.739998,-4.200000,1770370270.474108
-0.028060,0.010492,1.301252,-59.290001,-97.160004,1.890000,1770370270.482101
0.024644,0.075152,1.049444,-63.560001,-90.160004,11.270000,1770370270.490183
0.056120,0.129564,0.839848,-54.880001,-81.620003,24.080000,1770370270.498105
0.061732,0.203496,0.662460,-45.919998,-69.440002,36.470001,1770370270.506100
0.055144,0.291336,0.512156,-39.340000,-55.439999,41.580002,1770370270.514110
0.038796,0.381616,0.396256,-27.860001,-40.880001,43.750000,1770370270.522237
0.022204,0.459208,0.299388,-22.889999,-27.790001,39.689999,1770370270.530112
0.004148,0.527284,0.225700,-17.990000,-15.050000,36.049999,1770370270.538108
-0.019520,0.570716,0.157380,-13.020000,-5.600000,25.760000,1770370270.546085
-0.034404,0.600484,0.072224,-11.760000,0.280000,16.660000,1770370270.554111
-0.035624,0.603900,0.003172,-4.760000,5.320000,7.000000,1770370270.562227
-0.026108,0.589504,-0.063684,0.140000,7.770000,-2.100000,1770370270.570099
-0.023912,0.554856,-0.101016,10.290000,13.160000,-9.030000,1770370270.578120
0.003416,0.522892,-0.061000,20.580000,21.490000,-14.420000,1770370270.586101
0.041236,0.414312,0.083692,23.450001,29.469999,-15.680000,1770370270.594217
0.041968,0.492148,0.235948,25.760000,41.930000,-22.120001,1770370270.602098
0.056852,0.484584,0.542168,29.820000,58.520000,-21.629999,1770370270.610099
0.049776,0.505080,0.893040,28.000000,73.010002,-25.410000,1770370270.618170
0.056120,0.481168,1.168516,21.770000,88.129997,-28.980000,1770370270.626223
0.019520,0.392108,1.372500,15.680000,104.230003,-31.150000,1770370270.634106
-0.039284,0.263032,1.535980,13.650000,112.070000,-25.340000,1770370270.642102
-0.111996,0.074176,1.648220,11.200000,107.169998,-17.360001,1770370270.650099
-0.139324,-0.126880,1.821216,14.770000,88.129997,-8.680000,1770370270.658229
-0.189588,-0.417972,2.110356,30.660000,72.800003,1.540000,1770370270.666166
-0.314028,-0.629520,2.276764,54.529999,76.440002,13.790000,1770370270.674105
-0.350384,-0.599020,2.207956,59.639999,76.650002,16.450001,1770370270.682121
-0.395036,-0.545340,2.041304,49.279999,78.260002,22.049999,1770370270.690101
-0.436028,-0.512400,1.909300,33.880001,80.360001,19.040001,1770370270.698109
-0.510448,-0.531432,1.820484,13.230000,96.250000,18.690001,1770370270.706120
-0.618052,-0.503616,1.736548,-12.880000,114.309998,15.120000,1770370270.714132
-0.733220,-0.418704,1.590392,-29.120001,131.320007,5.670000,1770370270.722086
-0.846680,-0.313296,1.359324,-43.330002,138.740005,-0.070000,1770370270.730110
-0.933300,-0.199836,1.076772,-47.950001,130.199997,-4.900000,1770370270.738097
-1.002108,-0.077592,0.826428,-46.549999,109.620003,-7.770000,1770370270.746117
-1.052372,0.020252,0.639524,-47.669998,82.320000,-12.810000,1770370270.754085
-1.055056,0.093208,0.521184,-42.770000,54.040001,-17.780001,1770370270.762123
-1.015772,0.131516,0.442616,-37.520000,25.760000,-21.490000,1770370270.770106
-0.940864,0.143960,0.364780,-27.650000,0.070000,-29.120001,1770370270.778099
-0.835700,0.159576,0.269132,-20.090000,-20.719999,-31.219999,1770370270.786249
-0.729804,0.178608,0.173484,-10.850000,-42.560001,-36.049999,1770370270.794105
-0.622444,0.217892,0.086864,-1.540000,-65.169998,-44.590000,1770370270.802100
-0.511668,0.261812,0.024156,3.500000,-87.290001,-45.080002,1770370270.810100
-0.400404,0.303048,-0.007564,9.100000,-108.150002,-45.220001,1770370270.818186
-0.294752,0.317932,-0.017324,10.990000,-124.739998,-42.840000,1770370270.826084
-0.204228,0.285968,0.001464,8.470000,-137.479996,-36.189999,1770370270.834112
-0.127124,0.232776,0.050264,9.870000,-143.779999,-30.309999,1770370270.842103
-0.060024,0.166408,0.132736,10.290000,-142.940002,-17.780001,1770370270.850270
-0.004148,0.102236,0.256200,14.980000,-129.149994,-9.800000,1770370270.858145
0.030744,0.052460,0.432368,24.360001,-104.720001,-0.980000,1770370270.866119
0.043676,0.017812,0.671976,30.100000,-68.180000,0.210000,1770370270.874088
0.031720,-0.000488,0.937936,35.560001,-23.170000,2.310000,1770370270.882107
-0.025864,-0.001708,1.134844,38.849998,20.930000,5.460000,1770370270.890175
-0.134688,-0.077836,1.299788,49.279999,54.599998,7.560000,1770370270.898142
-0.281332,-0.158112,1.490352,66.849998,70.559998,8.260000,1770370270.906091
-0.498980,-0.181048,1.781444,81.830002,75.599998,6.090000,1770370270.914082
-0.731756,-0.199104,2.021052,86.169998,78.680000,-1.050000,1770370270.922098
-0.785924,-0.254492,2.045696,67.199997,70.910004,-6.930000,1770370270.930218
-0.787876,-0.330132,1.996164,46.759998,43.820000,-4.200000,1770370270.938123
-0.805200,-0.405772,1.953708,27.580000,4.270000,3.010000,1770370270.946099
-0.787876,-0.429928,1.899540,7.210000,-30.379999,4.550000,1770370270.954086
-0.731756,-0.383812,1.838296,-8.120000,-57.959999,7.560000,1770370270.962128
-0.641476,-0.290360,1.759240,-23.379999,-74.269997,4.760000,1770370270.970101
-0.530944,-0.189100,1.626504,-37.240002,-79.870003,2.940000,1770370270.978116
-0.424316,-0.073444,1.464244,-49.560001,-78.400002,-3.780000,1770370270.986153
-0.320372,0.009272,1.290272,-57.330002,-74.269997,-5.530000,1770370270.994135
-0.233508,0.084424,1.091168,-61.459999,-68.879997,-2.940000,1770370271.002217
-0.158844,0.132492,0.910608,-59.639999,-64.540001,0.630000,1770370271.010102
-0.103456,0.180316,0.750544,-53.689999,-60.200001,12.320000,1770370271.018116
-0.062708,0.253272,0.624396,-45.220001,-57.119999,16.030001,1770370271.026087
-0.040992,0.315980,0.522648,-39.900002,-53.200001,23.660000,1770370271.034133
-0.030500,0.388692,0.433832,-32.900002,-49.070000,24.219999,1770370271.042138
-0.029036,0.450668,0.352580,-32.970001,-44.310001,22.400000,1770370271.050089
-0.032208,0.500444,0.281576,-33.110001,-37.520000,21.070000,1770370271.058214
-0.044652,0.530944,0.208132,-32.410000,-31.430000,18.340000,1770370271.066088
-0.052948,0.529480,0.112728,-31.570000,-24.500000,13.300000,1770370271.074292
-0.049288,0.508008,0.008540,-27.440001,-17.709999,7.350000,1770370271.082145
-0.038796,0.466772,-0.076616,-19.670000,-11.550000,5.110000,1770370271.090160
-0.024888,0.407968,-0.093696,-5.110000,-3.010000,-1.050000,1770370271.098150
-0.006344,0.362340,-0.020252,8.750000,7.770000,-3.220000,1770370271.106161
0.010248,0.339648,0.142008,20.860001,22.190001,-9.240000,1770370271.114124
0.023424,0.320128,0.410408,31.639999,39.480000,-11.830000,1770370271.122119
0.014152,0.326960,0.769088,32.970001,59.919998,-19.459999,1770370271.130190
0.011224,0.341356,1.106540,32.549999,80.779999,-20.510000,1770370271.138220
0.002196,0.264496,1.349076,28.840000,96.669998,-21.139999,1770370271.146139
-0.032452,0.176168,1.493768,27.790001,104.089996,-13.160000,1770370271.154099
-0.103456,0.057340,1.594540,27.719999,99.330002,-3.220000,1770370271.162130
-0.154452,-0.116144,1.715320,33.040001,78.120003,3.010000,1770370271.170280
-0.171044,-0.320860,1.935896,44.660000,51.799999,17.570000,1770370271.178133
-0.208132,-0.490196,2.073756,58.520000,36.400002,27.930000,1770370271.186113
-0.251808,-0.524600,2.047160,51.869999,38.570000,31.290001,1770370271.194117
-0.260104,-0.521672,1.953464,33.110001,52.220001,29.680000,1770370271.202184
-0.301828,-0.568276,1.836100,16.520000,71.120003,31.290001,1770370271.210106
-0.386984,-0.585356,1.773636,3.920000,96.669998,30.730000,1770370271.218118
-0.536312,-0.510936,1.742892,-6.790000,124.879997,20.719999,1770370271.226091
-0.704916,-0.385764,1.664568,-21.420000,148.820007,13.860000,1770370271.234127
-0.850340,-0.223504,1.503040,-30.660000,161.910004,-2.170000,1770370271.242174
-0.984052,-0.093208,1.227564,-42.630001,159.179993,-6.370000,1770370271.250115
-1.055056,0.029768,0.935008,-44.450001,137.479996,-15.330000,1770370271.258113
-1.100440,0.112484,0.680028,-46.340000,102.059998,-22.190001,1770370271.266113
-1.107760,0.127368,0.531432,-47.529999,66.010002,-23.309999,1770370271.274140
-1.068964,0.105164,0.456280,-42.000000,34.020000,-28.700001,1770370271.282117
-0.989420,0.099796,0.398940,-34.299999,4.060000,-28.559999,1770370271.290110
-0.891332,0.114436,0.341844,-21.629999,-19.809999,-33.180000,1770370271.298119
-0.777140,0.141520,0.278648,-11.760000,-38.919998,-38.290001,1770370271.306159
-0.662948,0.189588,0.208132,-2.800000,-58.310001,-43.119999,1770370271.314219
-0.558760,0.245220,0.148108,6.370000,-77.209999,-41.160000,1770370271.322145
-0.463600,0.284748,0.122732,7.910000,-93.029999,-35.980000,1770370271.330115
-0.362340,0.277672,0.112972,8.960000,-108.500000,-38.779999,1770370271.338125
-0.277672,0.266448,0.105164,6.510000,-120.750000,-30.799999,1770370271.346106
-0.205692,0.220332,0.104432,5.950000,-130.270004,-28.350000,1770370271.354107
-0.143228,0.165920,0.130540,7.840000,-135.169998,-17.360001,1770370271.362430
-0.096868,0.111264,0.190320,12.460000,-131.460007,-8.470000,1770370271.370098
-0.057828,0.052704,0.303536,20.930000,-118.720001,2.520000,1770370271.378111
-0.043188,0.013908,0.487268,31.010000,-95.199997,8.610000,1770370271.386116
-0.053924,-0.020008,0.723216,36.680000,-59.639999,13.510000,1770370271.394120
-0.090768,-0.056364,0.941596,44.869999,-18.900000,16.799999,1770370271.402121
-0.170312,-0.087840,1.121912,50.400002,17.920000,18.760000,1770370271.410112
-0.307928,-0.178608,1.284904,61.110001,42.000000,15.680000,1770370271.418124
-0.497272,-0.220820,1.421056,68.739998,51.169998,12.810000,1770370271.426095
-0.698816,-0.210572,1.575752,75.669998,47.950001,5.460000,1770370271.434134
-0.854976,-0.223504,1.730692,69.720001,42.910000,-2.730000,1770370271.442273
-0.880108,-0.256932,1.783640,55.650002,27.370001,-9.170000,1770370271.450116
-0.816424,-0.314760,1.837564,40.320000,-4.550000,-5.530000,1770370271.458129
-0.753716,-0.364048,1.882704,25.059999,-40.599998,-3.780000,1770370271.466117
-0.680272,-0.392840,1.888560,10.290000,-72.099998,4.690000,1770370271.474120
-0.578524,-0.385520,1.871724,-3.010000,-92.050003,3.500000,1770370271.482151
-0.463112,-0.326960,1.815360,-14.910000,-101.849998,0.350000,1770370271.490248
-0.338184,-0.241072,1.706536,-30.030001,-98.489998,-1.050000,1770370271.498120
-0.221308,-0.138836,1.535736,-39.970001,-91.559998,-7.140000,1770370271.506106
-0.128588,-0.031232,1.327116,-49.349998,-81.760002,-2.310000,1770370271.514241
-0.057584,0.052216,1.118984,-52.430000,-72.660004,-2.520000,1770370271.522100
-0.009516,0.136396,0.928176,-50.119999,-63.560001,5.810000,1770370271.530117
0.015616,0.212036,0.780556,-44.099998,-53.759998,12.530000,1770370271.538138
0.023912,0.276696,0.670024,-39.689999,-44.450001,18.129999,1770370271.546143
0.023668,0.340624,0.582916,-37.660000,-33.880001,21.770000,1770370271.554129
0.016104,0.418460,0.504592,-34.299999,-23.240000,21.070000,1770370271.562119
-0.005612,0.474580,0.445788,-34.439999,-13.720000,21.700001,1770370271.570154
-0.038064,0.518256,0.363804,-35.980000,-6.020000,20.020000,1770370271.578129
-0.074420,0.535580,0.279380,-36.680000,-0.840000,18.549999,1770370271.586112
-0.101260,0.532164,0.178608,-36.049999,3.990000,12.880000,1770370271.594116
-0.110776,0.501664,0.079544,-29.330000,6.650000,8.260000,1770370271.602142
-0.103700,0.471896,-0.018300,-17.780001,8.400000,-0.840000,1770370271.610118
-0.084912,0.434076,-0.060512,-3.080000,10.850000,0.070000,1770370271.618122
-0.068564,0.411384,-0.011712,14.770000,17.850000,-4.690000,1770370271.626096
-0.063196,0.398940,0.121512,23.590000,27.580000,-5.180000,1770370271.634123
-0.064904,0.397964,0.363804,30.309999,37.730000,-11.270000,1770370271.642234
-0.069784,0.423584,0.666852,29.400000,51.450001,-15.330000,1770370271.650118
-0.068320,0.426512,0.963068,28.420000,67.550003,-18.760000,1770370271.658125
-0.076372,0.376736,1.203652,26.110001,80.779999,-18.760000,1770370271.666133
-0.110288,0.292800,1.372744,24.360001,90.580002,-14.630000,1770370271.674273
-0.162504,0.171776,1.498160,24.430000,87.080002,-7.210000,1770370271.682113
-0.227896,0.001464,1.602348,24.639999,71.470001,4.900000,1770370271.690275
-0.271816,-0.183000,1.742648,30.100000,48.930000,15.540000,1770370271.698128
-0.292068,-0.370148,1.892220,45.779999,31.709999,27.020000,1770370271.706117
-0.320860,-0.468968,1.943704,49.980000,29.049999,32.200001,1770370271.714104
-0.324276,-0.485804,1.905884,43.750000,36.820000,32.689999,1770370271.722272
-0.344040,-0.516304,1.832440,28.070000,50.820000,33.389999,1770370271.730169
-0.384788,-0.576572,1.779492,15.960000,69.790001,30.590000,1770370271.738140
-0.480192,-0.584136,1.749480,1.190000,91.980003,25.900000,1770370271.746154
-0.598288,-0.520208,1.709952,-15.120000,114.309998,13.650000,1770370271.754120
-0.722728,-0.412604,1.623576,-26.110001,131.320007,1.330000,1770370271.762124
-0.836188,-0.288652,1.467172,-38.290001,136.850006,-5.950000,1770370271.770280
-0.930860,-0.169336,1.254892,-43.750000,131.740005,-14.560000,1770370271.778126
-0.995032,-0.048312,1.004060,-47.180000,112.000000,-17.219999,1770370271.786114
-1.031876,0.044408,0.784460,-51.450001,84.910004,-22.610001,1770370271.794118
-1.038220,0.123464,0.615368,-49.770000,54.669998,-28.000000,1770370271.802154
-1.001376,0.165676,0.505812,-45.290001,24.709999,-30.450001,1770370271.810117
-0.926468,0.199348,0.432124,-35.630001,-0.910000,-32.340000,1770370271.818127
-0.836188,0.219600,0.367464,-24.010000,-21.350000,-32.480000,1770370271.826102
-0.746152,0.241316,0.298412,-12.180000,-40.110001,-35.910000,1770370271.834124
-0.653432,0.268156,0.224968,-2.590000,-55.299999,-37.169998,1770370271.842170
-0.561444,0.300852,0.159820,1.120000,-71.120003,-38.639999,1770370271.850171
-0.474336,0.335988,0.101260,6.440000,-87.080002,-38.990002,1770370271.858129
-0.376980,0.360388,0.070028,10.570000,-102.760002,-38.709999,1770370271.866220
-0.288408,0.353800,0.063440,9.660000,-114.589996,-34.160000,1770370271.874141
-0.212768,0.309880,0.070760,12.460000,-123.410004,-25.969999,1770370271.882119
-0.155184,0.254492,0.086376,14.630000,-127.610001,-18.549999,1770370271.890118
-0.101016,0.194712,0.131272,23.450001,-127.750000,-8.540000,1770370271.898218
-0.061244,0.110288,0.209596,28.420000,-120.050003,-0.280000,1770370271.906140
-0.021716,0.040748,0.360144,38.570000,-102.129997,10.080000,1770370271.914109
-0.004392,-0.007808,0.569740,49.770000,-73.849998,12.600000,1770370271.922110
-0.019764,-0.034648,0.797392,58.169998,-33.880001,14.980000,1770370271.930185
-0.050752,-0.054656,0.995520,63.560001,4.200000,14.420000,1770370271.938137
-0.136396,-0.095160,1.178032,73.989998,34.020000,15.330000,1770370271.946120
-0.283040,-0.153720,1.359080,79.309998,49.840000,14.910000,1770370271.954116
-0.463600,-0.194956,1.551108,88.059998,52.150002,10.080000,1770370271.962169
-0.669292,-0.173240,1.789496,87.080002,49.070000,6.440000,1770370271.970119
-0.800808,-0.178364,1.923940,70.279999,44.450001,-4.550000,1770370271.978116
-0.766648,-0.247172,1.908812,49.770000,25.480000,-11.060000,1770370271.986115
-0.688812,-0.348188,1.877092,35.560001,-6.160000,-8.120000,1770370271.994114
-0.635132,-0.406260,1.897100,21.559999,-38.009998,-4.200000,1770370272.002162
-0.570960,-0.419680,1.926624,7.560000,-57.680000,-4.550000,1770370272.010117
-0.495076,-0.357460,1.913448,-5.250000,-65.239998,-6.160000,1770370272.018127
-0.398208,-0.229848,1.838540,-14.910000,-63.279999,-11.270000,1770370272.026095
-0.294264,-0.091988,1.676036,-29.680000,-55.299999,-13.370000,1770370272.034230
-0.223504,0.015860,1.478640,-42.349998,-45.009998,-13.230000,1770370272.042128
-0.171044,0.095404,1.271240,-51.799999,-34.230000,-9.170000,1770370272.050117
-0.152500,0.152012,1.071404,-57.540001,-20.370001,-4.410000,1770370272.058240
-0.130540,0.204228,0.897920,-58.029999,-10.570000,3.500000,1770370272.066503
-0.126392,0.245464,0.750544,-58.450001,-4.830000,13.230000,1770370272.074366
-0.134200,0.299876,0.630984,-54.669998,-3.850000,19.389999,1770370272.082204
-0.155672,0.355752,0.542168,-52.430000,-3.780000,24.010000,1770370272.090158
-0.161284,0.411140,0.462136,-52.430000,-3.920000,21.840000,1770370272.098247
-0.175924,0.464332,0.396256,-50.400002,-6.020000,23.170000,1770370272.106107
-0.187148,0.504836,0.328180,-53.130001,-8.470000,22.330000,1770370272.114131
-0.193492,0.522160,0.258152,-50.330002,-12.250000,16.450001,1770370272.122200
-0.190076,0.504836,0.194712,-50.330002,-14.490000,17.360001,1770370272.130187
-0.175680,0.463356,0.141520,-41.650002,-17.150000,10.290000,1770370272.138134
-0.151280,0.409920,0.089548,-30.309999,-17.709999,10.290000,1770370272.146244
-0.129076,0.353068,0.043676,-14.000000,-13.020000,11.760000,1770370272.154115
-0.104920,0.306220,0.061732,4.760000,-6.580000,7.140000,1770370272.162116
-0.083448,0.289872,0.191784,22.400000,1.750000,1.330000,1770370272.170311
-0.075152,0.283040,0.414800,33.320000,13.090000,-4.410000,1770370272.178132
-0.062464,0.303536,0.722240,38.220001,29.820000,-11.060000,1770370272.186137
-0.049532,0.301096,1.011136,36.680000,48.580002,-16.870001,1770370272.194107
-0.057096,0.269376,1.239520,38.220001,65.239998,-14.420000,1770370272.202117
-0.090280,0.217648,1.438868,38.080002,75.389999,-10.290000,1770370272.210117
-0.148352,0.135908,1.594052,36.540001,76.790001,0.280000,1770370272.218121
-0.230824,0.025376,1.750212,39.549999,65.589996,10.080000,1770370272.226087
-0.310368,-0.135420,1.876116,42.349998,52.570000,18.129999,1770370272.234144
-0.355508,-0.257664,1.855132,47.320000,43.119999,28.000000,1770370272.242131
-0.385032,-0.318908,1.804868,39.759998,38.009998,33.040001,1770370272.250116
-0.401624,-0.380152,1.753384,22.889999,41.509998,31.709999,1770370272.258117
-0.426756,-0.464088,1.709464,10.990000,51.240002,29.820000,1770370272.266305
-0.496296,-0.513864,1.702144,-0.910000,70.139999,28.559999,1770370272.274106
-0.604632,-0.557784,1.707512,-14.000000,87.220001,15.750000,1770370272.282133
-0.713212,-0.531920,1.648708,-31.639999,102.760002,0.700000,1770370272.290118
-0.803248,-0.442860,1.541348,-45.150002,110.669998,-9.170000,1770370272.298120
-0.874008,-0.304024,1.363472,-54.320000,108.080002,-14.630000,1770370272.306104
-0.924760,-0.142984,1.130940,-59.919998,91.559998,-18.480000,1770370272.314114
-0.949160,0.017080,0.880108,-55.090000,66.360001,-26.879999,1770370272.322222
-0.952088,0.122488,0.696864,-52.009998,40.040001,-30.799999,1770370272.330178
-0.910120,0.200568,0.572180,-43.750000,17.639999,-36.330002,1770370272.338121
-0.842288,0.247416,0.488488,-32.900002,-1.610000,-37.380001,1770370272.346116
-0.769332,0.271816,0.405772,-21.350000,-17.219999,-39.130001,1770370272.354107
-0.690520,0.296216,0.340136,-14.350000,-29.260000,-41.090000,1770370272.362166
-0.603168,0.320860,0.267668,-7.980000,-42.139999,-43.189999,1770370272.370107
-0.528016,0.345016,0.198860,-4.760000,-53.759998,-43.750000,1770370272.378110
-0.454572,0.361364,0.139080,-3.430000,-67.410004,-42.700001,1770370272.386111
-0.375028,0.347212,0.122488,-4.690000,-80.779999,-39.410000,1770370272.394143
-0.305976,0.309392,0.122732,-2.380000,-90.930000,-34.299999,1770370272.402151
-0.242292,0.274988,0.122244,0.980000,-99.610001,-27.020000,1770370272.410123
-0.189100,0.245952,0.114192,7.000000,-106.190002,-20.580000,1770370272.418124
-0.147376,0.186904,0.149816,16.660000,-106.260002,-9.380000,1770370272.426094
-0.111752,0.117364,0.223260,23.450001,-103.180000,-3.080000,1770370272.434121
-0.081984,0.039528,0.340380,38.220001,-91.139999,6.930000,1770370272.442225
-0.073688,-0.022204,0.508008,47.529999,-67.620003,15.890000,1770370272.450116
-0.092232,-0.073444,0.729072,57.540001,-35.910000,19.600000,1770370272.458129
-0.133956,-0.112972,0.942816,68.110001,1.960000,19.740000,1770370272.466338
-0.232532,-0.161040,1.143628,74.129997,33.599998,16.100000,1770370272.474092
-0.366488,-0.213500,1.326872,83.510002,50.610001,12.740000,1770370272.482103
-0.551928,-0.242292,1.461072,88.760002,51.169998,7.910000,1770370272.490116
-0.769088,-0.236680,1.623332,89.739998,45.009998,4.970000,1770370272.498127
-0.920856,-0.235216,1.760704,80.639999,37.520000,-7.070000,1770370272.506115
-0.928664,-0.276452,1.804868,59.220001,17.500000,-14.070000,1770370272.514193
-0.828868,-0.355264,1.820240,39.619999,-17.570000,-15.750000,1770370272.522151
-0.735904,-0.420656,1.845860,19.879999,-52.709999,-8.680000,1770370272.530121
-0.641964,-0.445300,1.876116,5.460000,-79.309998,-4.410000,1770370272.538237
-0.537532,-0.424072,1.901492,-6.580000,-92.050003,-6.860000,1770370272.546150
-0.432124,-0.301096,1.878312,-19.110001,-90.160004,-8.190000,1770370272.554156
-0.318664,-0.159332,1.756800,-27.650000,-81.970001,-14.210000,1770370272.562110
-0.213744,-0.011712,1.568920,-41.090000,-71.889999,-12.880000,1770370272.570276
-0.151036,0.092476,1.350540,-49.419998,-59.220001,-13.860000,1770370272.578123
-0.106384,0.167872,1.144604,-53.549999,-45.430000,-8.820000,1770370272.586098
-0.071736,0.229116,0.965264,-56.560001,-31.920000,-1.260000,1770370272.594121
-0.060756,0.266692,0.811544,-55.580002,-21.139999,7.910000,1770370272.602118
-0.070272,0.297924,0.676612,-56.419998,-13.370000,17.010000,1770370272.610112
-0.088084,0.335744,0.568276,-55.090000,-8.680000,16.799999,1770370272.618146
-0.102968,0.377956,0.472140,-54.320000,-5.600000,24.639999,1770370272.626095
-0.122976,0.422608,0.391376,-54.810001,-2.590000,21.070000,1770370272.634121
-0.144204,0.463600,0.330376,-51.869999,-2.170000,18.270000,1770370272.642117
-0.154696,0.496784,0.267668,-52.009998,-4.830000,14.700000,1770370272.650281
-0.160796,0.492148,0.212036,-50.889999,-6.930000,13.090000,1770370272.658167
-0.155672,0.468968,0.152500,-44.310001,-8.330000,11.690000,1770370272.666138
-0.132736,0.429440,0.102968,-35.980000,-11.480000,4.340000,1770370272.674130
-0.102724,0.375272,0.059536,-18.969999,-13.020000,5.250000,1770370272.682120
-0.079788,0.329644,0.054168,-1.190000,-11.550000,3.640000,1770370272.690119
-0.052216,0.306952,0.113460,17.990000,-5.600000,3.920000,1770370272.698157
-0.038552,0.316956,0.258396,34.860001,2.940000,-2.170000,1770370272.706108
-0.027816,0.329644,0.505324,39.200001,15.820000,-7.000000,1770370272.714120
-0.024888,0.363072,0.779580,40.320000,32.900002,-16.240000,1770370272.722114
-0.016348,0.376004,1.047004,37.520000,51.730000,-16.730000,1770370272.730195
-0.021960,0.337696,1.264164,33.459999,69.930000,-19.320000,1770370272.738157
-0.038308,0.256688,1.432768,29.190001,85.330002,-13.650000,1770370272.746120
-0.097112,0.141764,1.563552,26.320000,90.790001,-3.780000,1770370272.754173
-0.175680,-0.010980,1.713612,31.360001,82.879997,1.960000,1770370272.762121
-0.232776,-0.208864,1.875140,38.290001,68.110001,12.390000,1770370272.770163
-0.312808,-0.343552,1.923940,47.320000,61.110001,17.219999,1770370272.778189
-0.377712,-0.373320,1.866112,47.459999,59.009998,20.090000,1770370272.786123
-0.413580,-0.377224,1.803892,35.630001,62.720001,24.290001,1770370272.794116
-0.473848,-0.428464,1.760948,25.200001,71.540001,25.549999,1770370272.802116
-0.565836,-0.479948,1.740208,11.200000,87.430000,24.150000,1770370272.810113
-0.697840,-0.527040,1.735084,-5.880000,103.879997,14.000000,1770370272.818173
-0.817644,-0.531188,1.671888,-24.780001,115.430000,-1.050000,1770370272.826093
-0.899872,-0.479216,1.536712,-41.299999,119.070000,-9.240000,1770370272.834120
-0.943060,-0.366976,1.299788,-51.799999,108.639999,-15.540000,1770370272.842117
-0.973072,-0.222772,1.029924,-56.700001,87.290001,-20.930000,1770370272.850243
-0.986248,-0.073200,0.809104,-54.389999,58.799999,-23.730000,1770370272.858128
-0.976488,0.047092,0.667828,-48.439999,29.400000,-28.490000,1770370272.866192
-0.941840,0.134200,0.568032,-42.700001,7.490000,-31.570000,1770370272.874135
-0.866932,0.184952,0.492148,-32.549999,-9.940000,-35.419998,1770370272.882158
-0.795440,0.204960,0.422852,-26.530001,-23.940001,-34.090000,1770370272.890120
-0.726632,0.216184,0.340868,-18.690001,-36.330002,-35.279999,1770370272.898181
-0.648552,0.241804,0.271572,-12.460000,-48.090000,-35.840000,1770370272.906134
-0.569740,0.274256,0.206668,-9.800000,-59.849998,-37.730000,1770370272.914197
-0.487024,0.325252,0.146156,-2.310000,-74.550003,-38.570000,1770370272.922121
-0.401380,0.362096,0.126636,0.630000,-91.839996,-37.380001,1770370272.930185
-0.316712,0.361852,0.132004,1.540000,-105.139999,-31.920000,1770370272.938186
-0.246684,0.348432,0.125416,6.370000,-115.919998,-27.580000,1770370272.946232
-0.177144,0.306464,0.124928,7.350000,-122.709999,-15.890000,1770370272.954197
-0.132248,0.234972,0.153232,16.309999,-125.790001,-7.630000,1770370272.962116
-0.084424,0.138348,0.223260,23.450001,-122.709999,-0.490000,1770370272.970327
-0.045140,0.059048,0.344528,33.740002,-109.410004,9.030000,1770370272.978129
-0.028304,0.002196,0.518744,46.270000,-84.209999,14.000000,1770370272.986112
-0.038308,-0.037332,0.724192,55.090000,-46.410000,14.770000,1770370272.994100
-0.066612,-0.079788,0.913048,65.309998,-5.040000,13.230000,1770370273.002129
-0.138836,-0.142984,1.093120,73.430000,29.330000,10.290000,1770370273.010312
-0.256932,-0.218624,1.295152,84.769997,52.150002,4.760000,1770370273.018128
-0.421388,-0.267912,1.506212,98.000000,59.779999,3.640000,1770370273.026095
-0.625372,-0.256444,1.733376,99.959999,59.430000,-1.470000,1770370273.034115
-0.772260,-0.244732,1.898808,89.739998,53.270000,-11.410000,1770370273.042118
-0.774456,-0.276696,1.940532,69.160004,31.709999,-21.910000,1770370273.050216
-0.697596,-0.362584,1.947120,48.860001,-3.920000,-16.100000,1770370273.058254
-0.634644,-0.415776,1.958100,31.920000,-40.880001,-14.070000,1770370273.066514
-0.563884,-0.422364,1.950536,18.340000,-67.620003,-10.780000,1770370273.074448
-0.476776,-0.354044,1.926868,5.530000,-80.290001,-10.360000,1770370273.082145
-0.382348,-0.222040,1.862208,-9.240000,-81.690002,-13.160000,1770370273.090109
-0.270352,-0.096380,1.716784,-26.110001,-74.760002,-14.630000,1770370273.098152
-0.177876,0.006100,1.518656,-38.290001,-65.449997,-17.010000,1770370273.106145
-0.116388,0.077836,1.319064,-54.529999,-51.450001,-14.070000,1770370273.114159
-0.074664,0.130784,1.116300,-58.520000,-39.200001,-9.870000,1770370273.122121
-0.053436,0.182756,0.948428,-63.070000,-26.670000,-0.350000,1770370273.130176
-0.039040,0.238632,0.808860,-57.330002,-15.050000,6.930000,1770370273.138110
-0.040748,0.297680,0.695888,-50.889999,-4.480000,14.560000,1770370273.146146
-0.058316,0.356240,0.606340,-48.650002,2.870000,20.650000,1770370273.154139
-0.074176,0.402112,0.515328,-45.360001,9.940000,21.840000,1770370273.162147
-0.099064,0.442128,0.417728,-44.240002,13.300000,23.309999,1770370273.170268
-0.124928,0.473604,0.341356,-42.419998,12.950000,23.100000,1770370273.178137
-0.149328,0.485804,0.277428,-40.180000,13.300000,22.750000,1770370273.186114
-0.166408,0.489464,0.225456,-42.139999,12.600000,17.360001,1770370273.194116
-0.167384,0.471164,0.173728,-39.130001,10.150000,16.450001,1770370273.202111
-0.157136,0.416508,0.123220,-33.250000,6.510000,9.380000,1770370273.210216
-0.134200,0.359656,0.061488,-17.990000,3.850000,10.290000,1770370273.218114
-0.119804,0.317688,0.036600,0.910000,3.290000,6.440000,1770370273.226090
-0.102236,0.297924,0.091012,15.890000,6.650000,5.040000,1770370273.234103
-0.087840,0.301584,0.229604,33.669998,15.190000,-0.140000,1770370273.242115
-0.077592,0.328912,0.435540,38.500000,23.240000,-6.300000,1770370273.250172
-0.073932,0.355752,0.697840,39.480000,36.820000,-12.810000,1770370273.258135
-0.061244,0.372344,0.972828,34.299999,53.130001,-17.150000,1770370273.266109
-0.073932,0.343796,1.191696,26.740000,74.199997,-20.230000,1770370273.274128
-0.100772,0.268400,1.364692,24.570000,91.910004,-17.219999,1770370273.282175
-0.175436,0.166652,1.497428,20.580000,100.309998,-8.470000,1770370273.290105
-0.270840,0.033672,1.634556,18.760000,93.029999,-0.770000,1770370273.298116
-0.357216,-0.144936,1.803892,26.110001,79.099998,7.140000,1770370273.306105
-0.437492,-0.320616,1.922720,36.470001,70.769997,13.860000,1770370273.314107
-0.500444,-0.372588,1.894660,43.750000,64.889999,17.780001,1770370273.322193
-0.534604,-0.366000,1.794620,35.840000,61.810001,20.930000,1770370273.330123
-0.575108,-0.402844,1.725568,24.570000,63.000000,22.610001,1770370273.338119
-0.655872,-0.472628,1.726544,6.790000,72.800003,22.540001,1770370273.346102
-0.768844,-0.523380,1.744600,-11.550000,85.680000,16.799999,1770370273.354116
-0.887184,-0.511668,1.702388,-30.730000,97.790001,3.290000,1770370273.362132
-0.958432,-0.429684,1.548180,-43.470001,100.870003,-11.480000,1770370273.370156
-1.009428,-0.305732,1.317844,-54.110001,94.080002,-13.370000,1770370273.378116
-1.039196,-0.156892,1.059448,-54.110001,72.379997,-19.389999,1770370273.386124
-1.051396,-0.013908,0.837652,-57.330002,48.930000,-22.260000,1770370273.394133
-1.040904,0.095648,0.684664,-52.080002,19.950001,-27.930000,1770370273.402196
-0.998936,0.164456,0.579500,-49.630001,-2.380000,-28.350000,1770370273.410116
-0.918904,0.203252,0.504348,-42.000000,-20.650000,-31.920000,1770370273.418134
-0.842776,0.217648,0.423584,-32.200001,-34.369999,-28.700001,1770370273.426093
-0.757376,0.229604,0.343308,-21.770000,-48.790001,-32.970001,1770370273.434142
-0.681492,0.264008,0.257176,-14.350000,-61.110001,-37.520000,1770370273.442130
-0.599264,0.305732,0.184708,-6.790000,-74.339996,-40.459999,1770370273.450115
-0.518988,0.352824,0.121756,-2.590000,-88.550003,-48.439999,1770370273.458130
-0.430660,0.410652,0.087108,3.080000,-102.970001,-47.389999,1770370273.466117
-0.335012,0.432612,0.073200,3.920000,-115.150002,-46.270000,1770370273.474133
-0.246928,0.424316,0.077104,2.240000,-129.779999,-45.360001,1770370273.482167
-0.167872,0.366976,0.091744,0.350000,-138.809998,-35.770000,1770370273.490121
-0.099796,0.287676,0.119804,-0.350000,-144.830002,-27.440001,1770370273.498119
-0.040260,0.184952,0.176656,7.910000,-141.330002,-14.210000,1770370273.506097
0.006100,0.083204,0.289140,15.470000,-129.500000,-6.440000,1770370273.514122
0.035624,-0.004392,0.475800,29.400000,-105.910004,4.550000,1770370273.522134
0.035136,-0.072956,0.685640,39.689999,-69.440002,8.050000,1770370273.530268
0.017080,-0.127856,0.878888,51.799999,-28.280001,12.110000,1770370273.538117
-0.027816,-0.201300,1.031876,63.770000,6.650000,11.760000,1770370273.546111
-0.136396,-0.288164,1.206092,75.739998,29.959999,12.320000,1770370273.554113
-0.263764,-0.372100,1.417884,92.190002,41.790001,7.280000,1770370273.562172
-0.440908,-0.398940,1.689456,103.669998,45.360001,7.350000,1770370273.570375
-0.625860,-0.353312,1.928332,103.389999,45.009998,2.100000,1770370273.578205
-0.686372,-0.316224,2.015684,85.120003,36.750000,-6.230000,1770370273.586144
-0.642696,-0.343552,1.977376,62.509998,12.600000,-7.630000,1770370273.594122
-0.599264,-0.374540,1.924184,44.450001,-17.780001,-6.300000,1770370273.602098
-0.562664,-0.360632,1.931016,27.299999,-46.549999,-5.460000,1770370273.610121
-0.497272,-0.308660,1.927844,7.350000,-62.720001,-6.510000,1770370273.618192
-0.403088,-0.224480,1.874652,-7.980000,-69.860001,-9.450000,1770370273.626302
-0.305244,-0.143716,1.753384,-26.879999,-68.320000,-11.270000,1770370273.634121
-0.223748,-0.067832,1.560624,-39.410000,-61.459999,-14.840000,1770370273.642120
-0.164944,-0.010248,1.359080,-50.540001,-53.200001,-13.650000,1770370273.650161
-0.124196,0.040016,1.174616,-57.189999,-43.540001,-9.380000,1770370273.658319
-0.094184,0.097600,1.011868,-57.189999,-31.990000,-7.140000,1770370273.666108
-0.069784,0.161040,0.880840,-56.209999,-20.719999,0.770000,1770370273.674168
-0.056852,0.204472,0.770064,-51.660000,-10.220000,6.370000,1770370273.682117
-0.055388,0.252784,0.667584,-47.740002,-4.830000,11.620000,1770370273.690113
-0.067588,0.297924,0.588772,-44.450001,0.490000,16.030001,1770370273.698142
-0.084912,0.353312,0.519476,-41.230000,3.290000,20.299999,1770370273.706115
-0.104920,0.402844,0.451888,-41.790001,6.860000,20.020000,1770370273.714116
-0.122732,0.435052,0.390156,-39.689999,6.860000,19.809999,1770370273.722112
-0.132980,0.449692,0.315980,-36.680000,4.410000,19.809999,1770370273.730223
-0.140544,0.445788,0.234972,-35.349998,0.070000,17.360001,1770370273.738122
-0.140056,0.427732,0.158844,-24.709999,-0.910000,13.650000,1770370273.746117
-0.122732,0.400648,0.084424,-16.100000,-2.030000,10.500000,1770370273.754135
-0.100772,0.375760,0.031720,-0.770000,-1.330000,7.000000,1770370273.762127
-0.077836,0.358192,0.039284,15.680000,2.870000,3.290000,1770370273.770169
-0.060512,0.356972,0.133468,28.070000,11.200000,-0.070000,1770370273.778197
-0.049044,0.389912,0.317688,38.990002,23.030001,-6.790000,1770370273.786146
-0.044164,0.432612,0.591944,36.330002,39.200001,-12.740000,1770370273.794099
-0.049044,0.466772,0.893040,31.780001,56.490002,-18.549999,1770370273.802135
-0.044896,0.468968,1.137284,21.070000,75.809998,-21.559999,1770370273.810281
-0.067588,0.406016,1.295396,14.420000,93.309998,-18.129999,1770370273.818125
-0.136152,0.310856,1.439112,14.210000,100.940002,-12.460000,1770370273.826107
-0.226920,0.173484,1.560380,9.660000,96.320000,-1.750000,1770370273.834121
-0.307440,-0.006832,1.694336,17.219999,82.879997,0.070000,1770370273.842116
-0.372100,-0.215696,1.841224,30.799999,68.110001,8.750000,1770370273.850157
-0.440908,-0.311344,1.906860,46.060001,61.810001,14.910000,1770370273.858290
-0.482876,-0.300364,1.879288,47.529999,62.369999,17.010000,1770370273.866115
-0.512888,-0.351360,1.841468,32.900002,66.919998,20.930000,1770370273.874116
-0.559736,-0.441396,1.815116,17.010000,75.250000,23.940001,1770370273.882134
-0.641232,-0.514108,1.812676,-1.890000,88.970001,23.520000,1770370273.890192
-0.782508,-0.566324,1.780956,-22.190001,101.290001,13.860000,1770370273.898123
-0.900360,-0.552904,1.661640,-38.570000,110.180000,3.640000,1770370273.906129
-0.972584,-0.471408,1.416664,-55.790001,108.010002,-5.460000,1770370273.914142
-1.012600,-0.345260,1.141676,-59.080002,93.449997,-8.820000,1770370273.922112
-1.048712,-0.208864,0.877668,-62.090000,68.459999,-13.650000,1770370273.930118
-1.055300,-0.067832,0.671732,-55.020000,39.619999,-14.490000,1770370273.938241
-1.040416,0.040748,0.565836,-46.340000,12.810000,-19.110001,1770370273.946110
-0.994056,0.113948,0.501176,-40.320000,-10.780000,-25.200001,1770370273.954115
-0.902800,0.173240,0.437004,-29.959999,-27.930000,-25.760000,1770370273.962123
-0.811788,0.215452,0.358192,-17.990000,-43.119999,-27.299999,1770370273.970122
-0.723460,0.246196,0.279624,-10.430000,-58.029999,-28.209999,1770370273.978220
-0.628544,0.282552,0.199104,0.910000,-70.980003,-33.810001,1770370273.986142
-0.545340,0.326472,0.134932,4.340000,-86.169998,-36.330002,1770370273.994116
-0.457988,0.393084,0.084424,11.550000,-102.410004,-41.230000,1770370274.002111
-0.351360,0.445788,0.055632,15.330000,-117.809998,-42.139999,1770370274.010272
-0.260348,0.422364,0.060756,10.430000,-132.929993,-36.330002,1770370274.018110
-0.173240,0.364048,0.073444,11.900000,-145.600006,-34.299999,1770370274.026105
-0.098576,0.279868,0.092720,11.130000,-149.100006,-21.139999,1770370274.034160
-0.040748,0.196420,0.141520,15.960000,-148.750000,-13.930000,1770370274.042114
0.016592,0.113216,0.251808,23.660000,-137.690002,-3.850000,1770370274.050202
0.054168,0.017568,0.444080,31.990000,-115.430000,5.600000,1770370274.058158
0.063928,-0.064904,0.666364,39.549999,-78.050003,5.250000,1770370274.066482
0.051728,-0.131028,0.874252,42.000000,-34.020000,13.160000,1770370274.074595
0.027572,-0.187148,1.023580,50.540001,3.640000,14.420000,1770370274.082204
-0.063928,-0.275720,1.183400,61.529999,30.450001,18.480000,1770370274.090174
-0.184952,-0.360388,1.388360,74.620003,42.770000,17.780001,1770370274.098136
-0.338184,-0.371124,1.688236,92.190002,47.459999,15.540000,1770370274.106114
-0.528504,-0.304268,2.029348,95.900002,53.689999,12.810000,1770370274.114137
-0.590724,-0.250588,2.171844,78.610001,48.720001,5.600000,1770370274.122106
-0.555588,-0.274012,2.045940,56.630001,29.469999,1.960000,1770370274.130122
-0.566080,-0.318908,1.952976,40.110001,3.780000,3.220000,1770370274.138120
-0.570228,-0.300120,1.929308,24.219999,-18.270000,3.920000,1770370274.146157
-0.536312,-0.239120,1.888804,4.690000,-34.580002,0.070000,1770370274.154123
-0.476776,-0.157868,1.820240,-12.460000,-44.029999,-3.290000,1770370274.162124
-0.405284,-0.096136,1.690920,-31.430000,-46.689999,-7.420000,1770370274.170223
-0.327692,-0.040016,1.505236,-42.980000,-45.430000,-7.560000,1770370274.178155
-0.265228,0.002440,1.313940,-51.099998,-43.820000,-9.030000,1770370274.186117
-0.207156,0.042456,1.132404,-59.220001,-39.900002,-7.210000,1770370274.194120
-0.162016,0.078324,0.960628,-58.660000,-35.560001,-1.820000,1770370274.202253
-0.117120,0.119804,0.810324,-55.439999,-32.480000,5.110000,1770370274.210116
-0.087352,0.174460,0.702232,-49.840000,-27.230000,14.000000,1770370274.218133
-0.073444,0.245464,0.617076,-44.590000,-24.150000,18.900000,1770370274.226115
-0.068564,0.317688,0.534604,-43.680000,-19.320000,24.010000,1770370274.234157
-0.067100,0.382348,0.470676,-38.430000,-16.240000,22.750000,1770370274.242119
-0.079300,0.437736,0.398452,-40.950001,-14.910000,24.080000,1770370274.250108
-0.094672,0.470188,0.319396,-42.000000,-12.600000,23.170000,1770370274.258118
-0.105896,0.491660,0.250100,-38.080002,-12.040000,22.190001,1770370274.266114
-0.105652,0.481168,0.175436,-36.119999,-10.010000,19.670000,1770370274.274112
-0.095404,0.448960,0.085644,-27.370001,-9.660000,13.300000,1770370274.282118
-0.070516,0.409432,0.016592,-16.450001,-10.570000,7.840000,1770370274.290108
-0.043432,0.386740,-0.003172,0.210000,-5.110000,3.990000,1770370274.298117
-0.028060,0.373808,0.056120,19.110001,3.150000,0.280000,1770370274.306105
-0.011956,0.386740,0.212768,30.590000,16.170000,-2.170000,1770370274.314166
-0.003172,0.414068,0.477752,40.669998,34.720001,-12.530000,1770370274.322117
0.000488,0.458964,0.822280,37.169998,55.790001,-19.459999,1770370274.330117
0.017812,0.477508,1.117276,32.200001,75.529999,-28.070000,1770370274.338117
0.015128,0.434320,1.322724,26.320000,94.989998,-26.110001,1770370274.346106
-0.019520,0.331352,1.462780,22.190001,108.570000,-23.730000,1770370274.354107
-0.090036,0.195932,1.574044,17.430000,110.320000,-12.320000,1770370274.362186
-0.159332,-0.004148,1.722152,20.440001,95.690002,-2.380000,1770370274.370165
-0.237412,-0.263032,1.911252,31.080000,82.250000,9.940000,1770370274.378133
-0.331352,-0.434564,2.036668,48.790001,75.040001,24.080000,1770370274.386119
-0.427488,-0.467016,2.014952,47.180000,71.330002,26.740000,1770370274.394118
-0.472140,-0.495808,1.919792,34.860001,74.830002,27.440001,1770370274.402253
-0.521184,-0.537776,1.829512,19.530001,83.019997,29.330000,1770370274.410111
-0.621224,-0.576816,1.778516,2.310000,95.620003,24.570000,1770370274.418126
-0.761524,-0.546072,1.729472,-12.110000,110.110001,11.830000,1770370274.426115
-0.883768,-0.490196,1.632116,-34.439999,120.330002,5.950000,1770370274.434212
-0.986492,-0.363072,1.460828,-46.970001,120.190002,-7.560000,1770370274.442152
-1.041148,-0.208132,1.193404,-58.799999,105.629997,-10.010000,1770370274.450121
-1.066524,-0.063196,0.900848,-62.299999,80.220001,-14.980000,1770370274.458132
-1.069208,0.054900,0.670268,-58.240002,48.930000,-17.080000,1770370274.466148
-1.048468,0.128100,0.532896,-54.529999,22.400000,-20.719999,1770370274.474149
-0.989908,0.170068,0.450912,-42.419998,-0.490000,-26.320000,1770370274.482118
-0.894504,0.185684,0.381616,-32.970001,-17.780001,-24.709999,1770370274.490122
-0.811056,0.195688,0.313296,-23.799999,-35.349998,-29.889999,1770370274.498215
-0.713212,0.213012,0.249368,-14.350000,-49.630001,-34.509998,1770370274.506121
-0.616832,0.252296,0.170312,-12.460000,-64.750000,-40.810001,1770370274.514115
-0.523624,0.297192,0.097844,-7.980000,-81.550003,-43.889999,1770370274.522101
-0.431636,0.328668,0.049288,-8.120000,-98.489998,-44.660000,1770370274.530198
-0.343308,0.317444,0.046360,-9.030000,-112.839996,-43.049999,1770370274.538132
-0.254492,0.274256,0.050996,-8.120000,-123.480003,-38.080002,1770370274.546111
-0.193004,0.203984,0.062220,-9.870000,-129.570007,-26.180000,1770370274.554112
-0.144448,0.119804,0.102236,-0.980000,-129.570007,-18.410000,1770370274.562122
-0.101260,0.038796,0.199592,12.180000,-124.389999,-5.740000,1770370274.570244
-0.063928,-0.019032,0.350872,26.879999,-108.080002,3.220000,1770370274.578143
-0.057828,-0.054168,0.544852,45.080002,-83.720001,12.530000,1770370274.586117
-0.072956,-0.076128,0.752252,55.650002,-49.000000,18.620001,1770370274.594232
-0.108336,-0.106872,0.945256,67.620003,-13.370000,19.040001,1770370274.602111
-0.188856,-0.161772,1.127768,78.050003,16.799999,20.160000,1770370274.610116
-0.318176,-0.226188,1.306132,89.110001,34.509998,16.240000,1770370274.618123
-0.466772,-0.281332,1.462780,101.989998,41.020000,13.860000,1770370274.626099
-0.632692,-0.282064,1.631384,107.169998,38.500000,11.060000,1770370274.634242
-0.782996,-0.263764,1.790472,100.660004,37.029999,-0.140000,1770370274.642120
-0.811300,-0.270596,1.882704,77.489998,24.709999,-9.310000,1770370274.650284
-0.731024,-0.309148,1.909300,48.720001,-0.490000,-7.980000,1770370274.658127
-0.660752,-0.353312,1.920036,27.510000,-32.340000,-3.990000,1770370274.666113
-0.588772,-0.387960,1.916620,2.870000,-61.950001,-0.490000,1770370274.674787
-0.514108,-0.380152,1.879776,-14.700000,-78.959999,-1.750000,1770370274.682121
-0.425536,-0.319396,1.798768,-29.190001,-86.309998,1.610000,1770370274.690119
-0.323544,-0.230092,1.646756,-44.799999,-85.750000,-1.400000,1770370274.698237
-0.244000,-0.142740,1.469612,-52.849998,-81.550003,3.080000,1770370274.706117
-0.175680,-0.036356,1.275144,-61.180000,-72.449997,4.690000,1770370274.714115
-0.123464,0.054412,1.088972,-61.740002,-62.160000,9.730000,1770370274.722119
-0.079056,0.131028,0.931104,-55.790001,-50.119999,15.120000,1770370274.730194
-0.050996,0.204716,0.795440,-53.970001,-38.150002,19.809999,1770370274.738156
-0.045140,0.273524,0.685396,-48.090000,-27.510000,27.440001,1770370274.746110
-0.058804,0.331840,0.593408,-48.860001,-18.900000,28.350000,1770370274.754117
-0.075640,0.396988,0.517280,-45.779999,-12.460000,31.290001,1770370274.762118
-0.100040,0.459452,0.448716,-48.090000,-6.440000,27.230000,1770370274.770124
-0.119316,0.515572,0.395280,-49.419998,-3.360000,23.870001,1770370274.778202
-0.133712,0.552904,0.346236,-48.580002,-2.450000,19.459999,1770370274.786139
-0.138836,0.571692,0.280844,-50.889999,-3.150000,14.840000,1770370274.794116
-0.133224,0.554856,0.187148,-44.799999,-9.030000,9.590000,1770370274.802115
-0.111020,0.531432,0.094672,-35.349998,-13.860000,4.130000,1770370274.810114
-0.080764,0.485560,0.026596,-16.520000,-16.240000,2.310000,1770370274.818208
-0.050264,0.438956,0.013908,3.570000,-14.700000,2.520000,1770370274.826112
-0.016348,0.406748,0.080032,17.639999,-9.940000,-0.700000,1770370274.834115
0.004392,0.389180,0.232776,28.770000,-2.590000,-5.110000,1770370274.842118
0.024156,0.393816,0.492636,34.860001,11.830000,-11.830000,1770370274.850159
0.019764,0.399184,0.806420,33.250000,30.240000,-14.630000,1770370274.858202
0.038796,0.377956,1.098488,32.689999,54.250000,-21.280001,1770370274.866112
0.035624,0.308416,1.342000,27.650000,77.629997,-19.250000,1770370274.874144
0.017080,0.210328,1.498892,26.670000,95.129997,-15.190000,1770370274.882216
-0.027328,0.151280,1.587220,25.549999,97.370003,-7.770000,1770370274.890219
-0.037820,-0.061732,1.781932,37.520000,83.650002,-2.730000,1770370274.898134
-0.091256,-0.340868,1.960784,47.389999,71.820000,13.650000,1770370274.906111
-0.186904,-0.462136,2.004948,55.160000,68.739998,29.680000,1770370274.914167
-0.257908,-0.481656,1.949804,51.590000,73.430000,33.040001,1770370274.922125
-0.311344,-0.514840,1.853668,40.110001,82.739998,40.110001,1770370274.930185
-0.386740,-0.525820,1.752164,28.209999,100.730003,40.459999,1770370274.938122
-0.505568,-0.575352,1.721176,18.760000,120.400002,41.509998,1770370274.946272
-0.703208,-0.583404,1.680916,-6.020000,142.309998,33.599998,1770370274.954112
-0.908168,-0.647576,1.616744,-34.930000,153.160004,18.340000,1770370274.962115
-1.037244,-0.570716,1.461316,-55.860001,155.470001,2.100000,1770370274.970118
-1.119716,-0.421144,1.228052,-64.680000,141.190002,-2.730000,1770370274.978216
-1.171688,-0.239120,0.954528,-59.779999,111.300003,-7.980000,1770370274.986113
-1.199260,-0.042944,0.732976,-57.189999,70.139999,-13.160000,1770370274.994115
-1.185352,0.096868,0.599508,-49.560001,33.599998,-17.780001,1770370275.002199
-1.123376,0.187880,0.508740,-43.680000,-1.050000,-24.080000,1770370275.010165
-1.008452,0.244976,0.409188,-34.720001,-26.809999,-23.940001,1770370275.018125
-0.890600,0.270596,0.323300,-22.330000,-45.990002,-27.299999,1770370275.026111
-0.781532,0.279136,0.254248,-19.110001,-60.970001,-27.790001,1770370275.034104
-0.677588,0.298168,0.187636,-13.230000,-72.870003,-34.720001,1770370275.042118
-0.568276,0.319884,0.127368,-10.640000,-84.699997,-37.240002,1770370275.050329
-0.461404,0.347456,0.076128,-6.790000,-98.139999,-40.320000,1770370275.058139
-0.361364,0.364536,0.056852,-1.680000,-111.300003,-38.220001,1770370275.066731
-0.261324,0.345748,0.062464,0.210000,-123.620003,-34.509998,1770370275.075862
-0.189344,0.301584,0.071980,-1.190000,-128.729996,-29.120001,1770370275.082136
-0.137128,0.237168,0.098576,2.660000,-133.699997,-17.290001,1770370275.090197
-0.081740,0.162992,0.162016,7.770000,-133.699997,-10.150000,1770370275.098135
-0.034404,0.099796,0.272792,21.559999,-128.380005,-0.420000,1770370275.106156
-0.002684,0.046360,0.445056,30.799999,-110.040001,3.990000,1770370275.114125
0.009760,0.009516,0.666120,41.020000,-84.070000,10.220000,1770370275.122125
-0.003904,-0.013420,0.877912,47.320000,-45.570000,11.970000,1770370275.130110
-0.039528,-0.053924,1.042124,52.779999,-6.650000,16.100000,1770370275.138143
-0.119072,-0.136884,1.198284,60.549999,20.090000,14.840000,1770370275.146108
-0.248880,-0.218380,1.348832,64.540001,35.490002,12.740000,1770370275.154136
-0.383568,-0.277672,1.547692,76.440002,35.840000,11.830000,1770370275.162118
-0.555100,-0.273280,1.805844,81.269997,35.560001,3.850000,1770370275.170116
-0.645868,-0.293044,1.941752,71.330002,31.290001,-3.640000,1770370275.178160
-0.617320,-0.346724,1.950780,60.549999,14.420000,-2.730000,1770370275.186116
-0.567788,-0.385520,1.925404,44.520000,-15.050000,-0.840000,1770370275.194116
-0.546560,-0.392596,1.916620,28.559999,-41.439999,1.050000,1770370275.202149
-0.508984,-0.366976,1.888560,14.210000,-60.689999,0.210000,1770370275.210119
-0.445544,-0.312564,1.836832,-3.640000,-68.739998,-2.170000,1770370275.218120
-0.360632,-0.235216,1.757044,-16.660000,-67.129997,-5.740000,1770370275.226110
-0.275720,-0.134688,1.622356,-34.299999,-60.689999,-7.350000,1770370275.234091
-0.205448,-0.028304,1.442772,-43.750000,-51.799999,-9.940000,1770370275.242112
-0.153476,0.062952,1.263920,-54.110001,-43.330002,-4.970000,1770370275.250176
-0.118340,0.136152,1.093364,-57.540001,-32.970001,-7.560000,1770370275.258141
-0.087352,0.216916,0.942328,-57.959999,-24.150000,2.310000,1770370275.266107
-0.061488,0.266448,0.814716,-56.349998,-17.360001,6.440000,1770370275.274353
-0.053680,0.304512,0.710772,-52.220001,-15.260000,10.500000,1770370275.282122
-0.048556,0.341356,0.622444,-51.099998,-12.670000,15.540000,1770370275.290168
-0.053192,0.380640,0.540460,-50.889999,-13.230000,18.900000,1770370275.298115
-0.065636,0.414068,0.471164,-46.900002,-9.800000,20.090000,1770370275.306104
-0.082716,0.450668,0.398940,-49.209999,-8.260000,20.510000,1770370275.314098
-0.090280,0.478972,0.341356,-46.549999,-3.500000,20.090000,1770370275.322142
-0.093940,0.487024,0.286456,-42.770000,0.280000,17.430000,1770370275.330158
-0.090524,0.471164,0.235704,-37.310001,2.730000,17.920000,1770370275.338238
-0.083692,0.427000,0.175192,-26.670000,4.620000,10.990000,1770370275.346133
-0.067344,0.381128,0.105408,-10.850000,5.950000,7.910000,1770370275.354110
-0.046848,0.341600,0.063684,7.210000,10.500000,2.520000,1770370275.362110
-0.027816,0.319640,0.110532,23.870001,18.059999,-1.400000,1770370275.370097
-0.010492,0.296948,0.268644,36.540001,26.250000,-4.200000,1770370275.378132
0.008296,0.284016,0.519964,43.330002,43.959999,-13.300000,1770370275.386140
0.008784,0.282796,0.842532,45.709999,62.580002,-13.370000,1770370275.394124
0.023424,0.250832,1.121668,43.750000,81.129997,-17.430000,1770370275.402117
0.016592,0.183732,1.333460,38.080002,95.339996,-12.040000,1770370275.410115
-0.014396,0.094916,1.480836,32.549999,99.750000,-8.330000,1770370275.418186
-0.070516,-0.024888,1.602104,34.299999,92.260002,6.370000,1770370275.426114
-0.154696,-0.158844,1.771440,40.320000,76.440002,14.770000,1770370275.434100
-0.244976,-0.282308,1.883436,47.180000,61.669998,28.000000,1770370275.442119
-0.321348,-0.344284,1.844884,43.889999,53.900002,36.540001,1770370275.450121
-0.390888,-0.398452,1.769488,31.780001,58.310001,43.820000,1770370275.458248
-0.466040,-0.508008,1.716784,17.500000,76.370003,48.439999,1770370275.466101
-0.570228,-0.630740,1.705804,1.470000,98.559998,44.660000,1770370275.474107
-0.742492,-0.755912,1.716052,-13.650000,121.309998,29.120001,1770370275.482138
-0.879132,-0.722240,1.683844,-22.260000,139.089996,12.460000,1770370275.490118
-0.991860,-0.549976,1.580876,-29.330000,141.679993,2.730000,1770370275.498189
-1.076284,-0.322080,1.393728,-32.549999,126.769997,-9.380000,1770370275.506110
-1.127768,-0.107604,1.152168,-40.810001,99.889999,-10.010000,1770370275.514114
-1.126548,0.061244,0.930860,-42.700001,65.029999,-21.139999,1770370275.522161
-1.088484,0.169824,0.749812,-46.130001,29.120001,-22.959999,1770370275.530202
-1.003572,0.227164,0.622932,-43.400002,-1.960000,-31.219999,1770370275.538141
-0.886452,0.251320,0.531188,-33.110001,-25.270000,-31.500000,1770370275.546100
-0.770552,0.258152,0.443104,-23.030001,-44.029999,-31.570000,1770370275.554108
-0.666364,0.271084,0.348676,-13.580000,-56.209999,-30.660000,1770370275.562135
-0.575108,0.307196,0.280112,-3.500000,-64.889999,-33.040001,1770370275.570119
-0.490684,0.346724,0.229848,-1.120000,-71.400002,-35.209999,1770370275.578132
-0.412360,0.386252,0.184952,3.570000,-78.540001,-34.930000,1770370275.586152
-0.338916,0.403576,0.157136,3.780000,-82.949997,-34.439999,1770370275.594124
-0.264008,0.394792,0.161284,7.350000,-86.940002,-30.730000,1770370275.602117
-0.198128,0.374296,0.163480,10.150000,-92.190002,-27.440001,1770370275.610117
-0.141520,0.332084,0.165920,11.760000,-96.040001,-21.350000,1770370275.618189
-0.098332,0.264008,0.175924,18.480000,-99.750000,-13.370000,1770370275.626103
-0.066856,0.178364,0.215940,20.790001,-97.720001,-5.390000,1770370275.634095
-0.040504,0.083936,0.294996,26.250000,-90.089996,3.290000,1770370275.642103
-0.023668,-0.003172,0.434808,31.639999,-75.110001,14.770000,1770370275.650123
-0.028792,-0.071980,0.627324,34.860001,-49.840000,20.860001,1770370275.658210
-0.061976,-0.132004,0.819596,39.900002,-17.570000,26.530001,1770370275.666122
-0.121024,-0.180804,0.980880,41.090000,15.750000,28.139999,1770370275.674159
-0.238876,-0.259372,1.171200,51.660000,38.290001,22.260000,1770370275.682140
-0.383812,-0.329644,1.368352,66.080002,50.680000,18.830000,1770370275.690303
-0.580232,-0.354288,1.569652,77.279999,55.580002,9.450000,1770370275.698126
-0.774456,-0.338672,1.748748,79.169998,56.279999,1.120000,1770370275.706115
-0.861320,-0.333548,1.825852,67.129997,48.790001,-11.970000,1770370275.714117
-0.830332,-0.362096,1.835368,54.529999,26.530001,-15.330000,1770370275.722166
-0.754936,-0.404064,1.830976,38.500000,-10.360000,-14.770000,1770370275.730115
-0.696620,-0.404308,1.838052,24.639999,-45.709999,-10.570000,1770370275.738144
-0.617320,-0.364048,1.850984,12.320000,-66.989998,-10.850000,1770370275.746107
-0.505812,-0.265716,1.848056,-3.780000,-78.820000,-14.210000,1770370275.754115
-0.395524,-0.146400,1.790716,-16.100000,-77.629997,-16.309999,1770370275.762145
-0.282064,-0.042212,1.639436,-33.880001,-71.889999,-15.610000,1770370275.770171
-0.195688,0.057096,1.456680,-47.110001,-63.070000,-12.390000,1770370275.778157
-0.147132,0.115900,1.257820,-56.209999,-49.980000,-10.150000,1770370275.786199
-0.097844,0.181048,1.086288,-63.000000,-38.919998,-3.990000,1770370275.794145
-0.081496,0.232532,0.935008,-63.000000,-26.600000,6.650000,1770370275.802118
-0.075640,0.291092,0.797880,-62.439999,-17.709999,12.110000,1770370275.810111
-0.088328,0.349408,0.690520,-59.639999,-11.480000,17.010000,1770370275.818237
-0.101748,0.411628,0.591456,-54.459999,-6.930000,17.570000,1770370275.826106
-0.121024,0.474580,0.498980,-53.130001,-3.710000,19.180000,1770370275.834099
-0.141520,0.523624,0.415776,-49.560001,-1.050000,17.570000,1770370275.842117
-0.167140,0.562176,0.333548,-49.560001,1.190000,17.219999,1770370275.850117
-0.175924,0.585356,0.247416,-49.000000,-1.610000,14.000000,1770370275.858133
-0.181292,0.565836,0.187148,-45.639999,-5.180000,9.030000,1770370275.866117
-0.165920,0.529480,0.131516,-42.209999,-8.610000,9.870000,1770370275.874113
-0.136884,0.475312,0.089304,-30.030001,-9.660000,3.080000,1770370275.882255
-0.103944,0.418460,0.061976,-12.670000,-8.470000,5.040000,1770370275.890121
-0.076372,0.356240,0.078812,4.410000,-5.670000,1.190000,1770370275.898131
-0.047580,0.317200,0.165432,24.010000,0.840000,1.050000,1770370275.906140
-0.025864,0.280600,0.349652,33.880001,11.480000,-2.660000,1770370275.914168
-0.010980,0.275232,0.620004,43.959999,24.290001,-9.100000,1770370275.922124
-0.006588,0.265716,0.938180,46.410000,42.209999,-11.480000,1770370275.930116
-0.004636,0.235704,1.212924,44.939999,60.130001,-14.910000,1770370275.938204
-0.017324,0.189100,1.409100,47.320000,74.129997,-10.360000,1770370275.946112
-0.049288,0.108824,1.533052,44.310001,80.570000,-1.470000,1770370275.954166
-0.114192,0.010004,1.655052,45.430000,74.269997,8.610000,1770370275.962120
-0.194956,-0.105408,1.809260,48.720001,62.369999,22.400000,1770370275.970115
-0.255468,-0.229116,1.864404,49.490002,54.599998,33.389999,1770370275.978135
-0.305488,-0.290604,1.850252,45.360001,53.830002,44.869999,1770370275.986141
-0.373564,-0.353312,1.811212,26.670000,61.950001,52.220001,1770370275.994117
-0.462380,-0.492880,1.749480,10.010000,81.900002,50.820000,1770370276.002235
-0.600728,-0.642940,1.714344,-4.480000,105.559998,43.189999,1770370276.010112
-0.760548,-0.746152,1.672864,-17.780001,129.289993,24.080000,1770370276.018126
-0.916464,-0.699060,1.616256,-28.209999,149.520004,5.600000,1770370276.026115
-1.017724,-0.546316,1.493280,-39.759998,152.809998,-6.230000,1770370276.034098
-1.118008,-0.355508,1.324920,-46.130001,137.830002,-13.860000,1770370276.042151
-1.175836,-0.156160,1.127280,-50.889999,105.769997,-19.809999,1770370276.050162
-1.182668,0.000976,0.914756,-57.189999,67.900002,-23.309999,1770370276.058168
-1.146068,0.120780,0.761524,-54.669998,28.350000,-30.660000,1770370276.066279
-1.078968,0.175680,0.657580,-54.880001,-4.480000,-35.419998,1770370276.074360
-0.972584,0.218380,0.559736,-47.180000,-28.559999,-39.970001,1770370276.082149
-0.852292,0.249612,0.459696,-35.000000,-48.720001,-37.450001,1770370276.090211
-0.734440,0.283284,0.360876,-26.459999,-64.889999,-36.750000,1770370276.098187
-0.630496,0.320860,0.267180,-15.190000,-76.720001,-37.099998,1770370276.106105
-0.542168,0.358192,0.209108,-10.780000,-84.209999,-36.750000,1770370276.114111
-0.457500,0.375516,0.178364,-5.600000,-93.870003,-37.099998,1770370276.122114
-0.377956,0.350384,0.176412,-1.330000,-98.209999,-34.160000,1770370276.130114
-0.308904,0.294996,0.198372,2.310000,-100.730003,-29.120001,1770370276.138273
-0.248880,0.264740,0.190320,7.910000,-102.410004,-25.620001,1770370276.146110
-0.200568,0.240096,0.180560,11.200000,-103.529999,-20.580000,1770370276.154097
-0.158844,0.185928,0.190320,17.219999,-104.930000,-12.180000,1770370276.162118
-0.129076,0.105896,0.233020,21.420000,-103.809998,-0.630000,1770370276.170114
-0.108092,0.015616,0.309636,28.910000,-96.389999,8.050000,1770370276.178170
-0.096868,-0.049044,0.418704,37.310001,-82.879997,20.299999,1770370276.186130
-0.112240,-0.101260,0.565348,43.119999,-60.970001,26.600000,1770370276.194271
-0.151768,-0.152988,0.739564,53.410000,-35.209999,32.619999,1770370276.202115
-0.220332,-0.233264,0.927932,60.549999,-7.560000,31.360001,1770370276.210120
-0.333304,-0.299388,1.142652,72.099998,12.390000,22.750000,1770370276.218110
-0.468724,-0.332328,1.369084,86.239998,22.469999,13.300000,1770370276.226143
-0.631228,-0.344284,1.530612,91.070000,24.360001,6.020000,1770370276.234243
-0.777140,-0.344528,1.636752,89.739998,16.730000,-7.140000,1770370276.242149
-0.835212,-0.335988,1.723372,78.750000,3.640000,-17.920000,1770370276.250111
-0.764208,-0.343796,1.792424,58.310001,-18.270000,-25.620001,1770370276.258120
-0.619760,-0.362096,1.827072,37.310001,-46.970001,-22.540001,1770370276.266110
-0.467016,-0.357460,1.845372,19.110001,-77.279999,-19.670000,1770370276.274174
-0.355996,-0.335744,1.876116,3.430000,-94.290001,-13.860000,1770370276.282128
-0.237900,-0.255712,1.880020,-12.110000,-97.650002,-9.590000,1770370276.290110
-0.146156,-0.153232,1.824388,-30.450001,-89.389999,-6.230000,1770370276.298203
-0.063440,-0.051972,1.656272,-41.790001,-73.849998,-6.790000,1770370276.306115
-0.012200,0.021716,1.457656,-56.139999,-55.299999,0.070000,1770370276.314109
0.019764,0.090768,1.249768,-62.230000,-36.889999,4.900000,1770370276.322116
0.017568,0.154452,1.053104,-63.419998,-16.940001,16.870001,1770370276.330110
0.005368,0.222040,0.902068,-59.430000,-1.050000,24.219999,1770370276.338212
-0.020008,0.304512,0.786656,-55.230000,13.720000,29.820000,1770370276.346122
-0.053192,0.398208,0.703452,-49.419998,25.059999,34.439999,1770370276.354093
-0.088816,0.488976,0.640500,-45.639999,31.709999,33.389999,1770370276.362113
-0.133712,0.567544,0.563884,-43.540001,37.029999,30.730000,1770370276.370093
-0.169092,0.624152,0.491172,-46.970001,37.799999,29.049999,1770370276.378388
-0.198128,0.649772,0.397720,-45.220001,31.290001,23.170000,1770370276.386159
-0.214476,0.658068,0.295484,-50.540001,23.520000,21.910000,1770370276.394117
-0.217892,0.629520,0.203252,-48.090000,11.830000,13.510000,1770370276.402154
-0.200568,0.568276,0.123220,-40.320000,2.380000,12.950000,1770370276.410228
-0.162504,0.484340,0.072224,-29.120001,-6.720000,11.550000,1770370276.418130
-0.121756,0.395036,0.044164,-9.100000,-10.500000,11.620000,1770370276.426120
-0.092476,0.331840,0.074176,6.650000,-9.590000,10.710000,1770370276.434133
-0.068564,0.294264,0.169580,27.020000,-4.900000,7.140000,1770370276.442244
-0.045384,0.263276,0.350628,37.240002,2.940000,0.630000,1770370276.450122
-0.029036,0.255712,0.559736,41.930000,14.210000,-3.080000,1770370276.458129
-0.022204,0.227408,0.795196,44.029999,34.509998,-6.300000,1770370276.466113
-0.020740,0.185440,1.042368,40.529999,56.840000,-7.700000,1770370276.474181
-0.032452,0.132492,1.256844,39.549999,80.709999,-5.670000,1770370276.482129
-0.061488,0.062220,1.437160,39.759998,94.010002,0.210000,1770370276.490217
-0.133224,-0.001952,1.611620,38.990002,97.230003,10.010000,1770370276.498127
-0.229848,-0.068564,1.795840,39.410000,89.669998,15.470000,1770370276.506256
-0.301828,-0.179096,1.915644,39.689999,80.639999,22.610001,1770370276.514104
-0.339160,-0.282064,1.911496,37.730000,70.349998,31.360001,1770370276.522121
-0.378688,-0.355264,1.805844,25.549999,66.430000,39.130001,1770370276.530118
-0.439444,-0.472140,1.708244,5.460000,70.559998,45.080002,1770370276.538143
-0.555588,-0.658068,1.663104,-8.540000,82.879997,42.139999,1770370276.546120
-0.709064,-0.803980,1.664080,-29.400000,107.099998,26.459999,1770370276.554251
-0.795196,-0.816424,1.659444,-37.590000,128.029999,12.390000,1770370276.562100
-0.880108,-0.686616,1.577460,-45.430000,136.220001,0.770000,1770370276.570119
-0.983564,-0.474092,1.417152,-47.040001,130.970001,-6.230000,1770370276.578126
-1.057496,-0.253516,1.254160,-43.540001,113.540001,-11.760000,1770370276.586132
-1.094096,-0.034648,1.068964,-48.439999,88.129997,-15.540000,1770370276.594263
-1.092144,0.125416,0.892308,-51.310001,59.150002,-23.030001,1770370276.602112
-1.061400,0.214720,0.749812,-50.889999,30.030001,-31.010000,1770370276.610123
-0.990152,0.274744,0.632692,-48.720001,4.480000,-33.040001,1770370276.618109
-0.906216,0.297924,0.529236,-38.430000,-14.630000,-34.369999,1770370276.626102
-0.824476,0.304268,0.442372,-32.689999,-29.750000,-30.240000,1770370276.634194
-0.754204,0.323788,0.353556,-24.780001,-40.880001,-28.209999,1770370276.642132
-0.681492,0.355996,0.276452,-17.360001,-51.799999,-31.150000,1770370276.650120
-0.601948,0.380884,0.218136,-12.880000,-62.860001,-29.120001,1770370276.658123
-0.517036,0.394548,0.183732,-6.020000,-73.989998,-30.660000,1770370276.666137
-0.438712,0.358680,0.182268,-2.450000,-87.639999,-30.590000,1770370276.674129
-0.360144,0.302316,0.199348,4.480000,-96.599998,-26.879999,1770370276.682147
-0.296704,0.263032,0.183732,8.540000,-104.440002,-23.520000,1770370276.690177
-0.240584,0.230092,0.152256,13.790000,-112.980003,-21.840000,1770370276.698172
-0.190320,0.176656,0.163724,19.740000,-117.389999,-14.350000,1770370276.706111
-0.148840,0.097356,0.216184,26.110001,-116.830002,-6.790000,1770370276.714259
-0.121268,0.020252,0.319884,34.230000,-108.500000,4.340000,1770370276.722113
-0.104188,-0.050264,0.479216,40.250000,-91.629997,15.330000,1770370276.730112
-0.120292,-0.112972,0.662704,45.639999,-64.750000,18.900000,1770370276.738159
-0.161772,-0.169824,0.845704,52.779999,-32.549999,24.219999,1770370276.746115
-0.253516,-0.252052,1.027972,58.520000,-0.350000,24.990000,1770370276.754134
-0.386252,-0.343064,1.206336,73.220001,22.750000,17.570000,1770370276.762301
-0.546560,-0.402844,1.346148,86.099998,31.150000,10.850000,1770370276.770121
-0.719068,-0.413824,1.459608,92.959999,29.260000,-0.910000,1770370276.778166
-0.856684,-0.382836,1.553304,98.070000,19.250000,-9.800000,1770370276.786159
-0.868396,-0.336476,1.674572,84.629997,-2.940000,-22.469999,1770370276.794124
-0.769576,-0.318664,1.812920,66.290001,-36.470001,-21.910000,1770370276.802128
-0.625372,-0.310856,1.904420,41.230000,-73.849998,-20.790001,1770370276.810245
-0.481168,-0.305244,1.947120,19.320000,-101.989998,-13.440000,1770370276.818128
-0.345748,-0.270352,1.955660,3.290000,-116.620003,-13.370000,1770370276.826115
-0.211304,-0.164944,1.919304,-14.280000,-114.730003,-11.620000,1770370276.834140
-0.103456,-0.064416,1.789984,-28.700001,-101.849998,-14.070000,1770370276.842261
-0.008296,0.024644,1.591612,-42.560001,-85.190002,-9.240000,1770370276.850110
0.050752,0.091500,1.368352,-53.549999,-65.519997,-5.810000,1770370276.858130
0.073444,0.160552,1.159000,-54.599998,-44.869999,2.310000,1770370276.866124
0.072468,0.211060,0.962092,-56.630001,-22.330000,11.970000,1770370276.874099
0.059536,0.255224,0.805200,-51.240002,-0.700000,20.790001,1770370276.882189
0.033672,0.311832,0.674904,-47.110001,15.750000,22.750000,1770370276.890190
-0.009516,0.372832,0.586820,-44.240002,31.290001,28.910000,1770370276.898150
-0.060512,0.437980,0.518500,-40.250000,41.790001,26.320000,1770370276.906112
-0.107360,0.487512,0.463600,-42.000000,48.790001,23.660000,1770370276.914153
-0.155184,0.519720,0.403088,-41.230000,51.590000,20.370001,1770370276.922119
-0.194224,0.538996,0.347212,-41.650002,49.910000,16.450001,1770370276.930113
-0.223504,0.536800,0.296216,-44.240002,43.820000,12.950000,1770370276.938145
-0.236680,0.519476,0.241072,-39.970001,35.700001,8.470000,1770370276.946122
-0.227408,0.477752,0.182024,-33.529999,23.520000,11.060000,1770370276.954234
-0.213988,0.423828,0.117364,-19.110001,12.390000,4.270000,1770370276.962096
-0.190808,0.362340,0.072956,-0.700000,5.880000,8.750000,1770370276.970118
-0.166164,0.326960,0.086620,15.890000,2.380000,2.870000,1770370276.978122
-0.147132,0.314272,0.192028,31.990000,2.660000,-2.310000,1770370276.986132
-0.122244,0.320128,0.385032,39.200001,5.740000,-6.230000,1770370276.994135
-0.098332,0.328180,0.636840,41.860001,15.050000,-18.129999,1770370277.002119
-0.080764,0.336476,0.917928,41.369999,30.170000,-21.559999,1770370277.010114
-0.061732,0.312564,1.188036,34.650002,50.259998,-22.750000,1770370277.018198
-0.056120,0.251076,1.381040,32.689999,67.690002,-21.700001,1770370277.026121
-0.067588,0.160308,1.497428,28.350000,73.919998,-12.250000,1770370277.034099
-0.116632,0.066124,1.626748,28.770000,68.809998,-9.450000,1770370277.042158
-0.165676,-0.054656,1.777540,24.219999,57.330002,-1.400000,1770370277.050112
-0.184708,-0.245952,1.885144,25.900000,50.680000,8.260000,1770370277.058318
-0.216428,-0.395524,1.931016,25.480000,53.270000,25.690001,1770370277.068298
-0.276208,-0.491660,1.858792,16.870001,61.810001,27.580000,1770370277.074381
-0.356484,-0.576084,1.750212,4.130000,78.260002,33.040001,1770370277.082214
-0.477752,-0.682468,1.706536,-12.460000,100.660004,32.619999,1770370277.090193
-0.665144,-0.747860,1.697996,-27.090000,127.610001,21.840000,1770370277.098134
-0.847168,-0.651968,1.662372,-33.459999,151.059998,5.110000,1770370277.106136
-0.982588,-0.451156,1.523780,-43.259998,160.509995,-4.130000,1770370277.114164
-1.109712,-0.256688,1.320284,-43.330002,150.080002,-17.360001,1770370277.122131
-1.207556,-0.104432,1.087752,-50.680000,125.860001,-17.780001,1770370277.130158
-1.246352,0.017568,0.840824,-54.529999,89.459999,-26.740000,1770370277.138147
-1.226100,0.113460,0.640500,-57.750000,48.790001,-26.320000,1770370277.146112
-1.171200,0.166408,0.528260,-55.090000,9.520000,-28.910000,1770370277.154109
-1.075552,0.200324,0.468968,-44.520000,-22.260000,-31.500000,1770370277.162161
-0.950380,0.223992,0.396256,-33.250000,-47.320000,-26.879999,1770370277.170108
-0.829112,0.252540,0.306708,-18.410000,-68.320000,-33.599998,1770370277.178166
-0.716140,0.290848,0.228872,-8.750000,-84.699997,-35.490002,1770370277.186270
-0.605120,0.339404,0.170800,-4.550000,-98.699997,-38.009998,1770370277.194129
-0.501664,0.371856,0.116632,0.630000,-108.500000,-41.439999,1770370277.202122
-0.394792,0.391132,0.077836,-0.980000,-120.959999,-41.790001,1770370277.210121
-0.292312,0.388692,0.046360,-2.590000,-132.229996,-43.189999,1770370277.218198
-0.191540,0.363560,0.035380,-6.440000,-141.050003,-37.869999,1770370277.226119
-0.108336,0.284260,0.039528,-8.330000,-146.580002,-27.510000,1770370277.234094
-0.053924,0.186660,0.079544,-2.030000,-147.419998,-20.370001,1770370277.242116
-0.008052,0.090280,0.160064,6.510000,-140.699997,-5.950000,1770370277.250109
0.033184,-0.004880,0.291824,21.980000,-123.129997,2.870000,1770370277.258194
0.057340,-0.084668,0.495564,36.119999,-97.930000,13.510000,1770370277.266113
0.042700,-0.129076,0.724680,50.750000,-59.990002,20.230000,1770370277.274111
0.011224,-0.156892,0.938180,64.120003,-16.170000,20.440001,1770370277.282224
-0.054656,-0.195200,1.132892,77.419998,21.840000,26.250000,1770370277.290176
-0.185196,-0.239608,1.322724,88.199997,45.360001,20.930000,1770370277.298130
-0.355264,-0.274988,1.499624,103.529999,56.560001,20.510000,1770370277.306113
-0.531920,-0.248636,1.705804,112.980003,60.270000,16.030001,1770370277.314126
-0.730780,-0.189832,1.873432,110.389999,61.040001,10.150000,1770370277.322263
-0.797636,-0.192272,1.913936,92.820000,48.369999,-8.260000,1770370277.330109
-0.745908,-0.247416,1.887828,71.610001,20.370001,-5.880000,1770370277.338151
-0.701500,-0.296704,1.881484,50.119999,-18.690001,-10.850000,1770370277.346107
-0.652700,-0.309880,1.889292,28.629999,-52.990002,-9.030000,1770370277.354136
-0.561688,-0.292312,1.879532,9.100000,-75.529999,-15.190000,1770370277.362124
-0.443836,-0.233264,1.845616,-7.560000,-85.330002,-15.330000,1770370277.370223
-0.313296,-0.146644,1.740940,-27.440001,-88.059998,-16.870001,1770370277.378109
-0.202520,-0.057584,1.567700,-42.279999,-82.389999,-15.050000,1770370277.386128
-0.121512,0.031232,1.374208,-51.099998,-73.639999,-13.300000,1770370277.394110
-0.063928,0.107604,1.184132,-55.439999,-62.020000,-10.500000,1770370277.402124
-0.025132,0.166408,1.016016,-55.369999,-47.529999,-5.180000,1770370277.410187
0.002684,0.232532,0.881328,-52.639999,-33.880001,4.550000,1770370277.418133
0.010492,0.289628,0.766404,-46.900002,-21.209999,13.300000,1770370277.426119
0.015128,0.355264,0.667096,-45.639999,-10.710000,15.540000,1770370277.434104
-0.004636,0.418704,0.582672,-42.980000,-0.910000,19.950001,1770370277.442118
-0.021960,0.467016,0.504836,-41.790001,4.970000,20.860001,1770370277.450273
-0.053436,0.504836,0.427488,-42.419998,10.360000,22.049999,1770370277.458155
-0.080276,0.522892,0.340380,-39.200001,12.600000,19.389999,1770370277.466148
-0.100284,0.516060,0.251076,-39.759998,10.500000,16.660000,1770370277.474116
-0.115168,0.496540,0.162504,-34.580002,8.960000,11.270000,1770370277.482281
-0.119072,0.457500,0.075152,-26.459999,9.730000,5.320000,1770370277.490124
-0.104920,0.421388,0.008052,-11.900000,10.640000,2.940000,1770370277.498130
-0.087840,0.385276,-0.015128,4.690000,17.150000,-4.550000,1770370277.506120
-0.081252,0.372588,0.044164,21.139999,25.480000,-2.310000,1770370277.514211
-0.080520,0.373076,0.209596,35.490002,37.169998,-11.970000,1770370277.522138
-0.080032,0.382836,0.480192,39.200001,50.680000,-19.250000,1770370277.530109
-0.086376,0.401136,0.803736,37.380001,67.480003,-27.580000,1770370277.538163
-0.079300,0.374052,1.065060,33.669998,86.099998,-30.660000,1770370277.546171
-0.109800,0.294996,1.270508,23.730000,102.760002,-24.500000,1770370277.554097
-0.165188,0.186416,1.440576,20.580000,107.379997,-21.350000,1770370277.562118
-0.257908,0.082716,1.589172,21.139999,98.980003,-5.880000,1770370277.570163
-0.372100,-0.039040,1.779736,21.700001,76.930000,-2.030000,1770370277.578200
-0.474092,-0.208620,1.986892,28.840000,57.049999,10.080000,1770370277.586108
-0.518988,-0.330376,2.014952,35.000000,46.270000,16.799999,1770370277.594115
-0.541680,-0.354044,1.881240,26.180000,40.250000,24.639999,1770370277.602201
-0.547048,-0.411140,1.735328,10.290000,40.740002,26.530001,1770370277.610156
-0.576572,-0.536556,1.675792,-8.540000,49.770000,31.709999,1770370277.618121
-0.681004,-0.688080,1.683600,-20.650000,66.570000,21.629999,1770370277.626128
-0.787876,-0.690276,1.681404,-36.259998,89.110001,10.500000,1770370277.634125
-0.878156,-0.569252,1.585512,-44.240002,105.000000,-2.590000,1770370277.642123
-0.939400,-0.409920,1.368352,-53.270000,104.790001,-10.360000,1770370277.650323
-1.000400,-0.270108,1.112884,-56.349998,90.650002,-14.000000,1770370277.658134
-1.045052,-0.126392,0.874984,-57.189999,68.809998,-17.850000,1770370277.666156
-1.046516,0.006100,0.692228,-56.209999,42.490002,-22.190001,1770370277.674115
-1.019188,0.097112,0.567300,-50.959999,13.370000,-30.660000,1770370277.682114
-0.960140,0.151036,0.490684,-45.919998,-8.820000,-33.810001,1770370277.690194
-0.858148,0.172264,0.424560,-35.139999,-29.680000,-36.400002,1770370277.698232
-0.762744,0.186172,0.346236,-21.700001,-46.549999,-33.180000,1770370277.706166
-0.672464,0.207400,0.264740,-14.910000,-61.459999,-37.799999,1770370277.714126
-0.577304,0.231556,0.198372,-6.580000,-74.550003,-38.080002,1770370277.722115
-0.490684,0.263520,0.142984,1.330000,-89.879997,-42.139999,1770370277.730109
-0.394060,0.282064,0.112240,2.870000,-103.459999,-40.529999,1770370277.738154
-0.302316,0.262300,0.105164,9.100000,-116.970001,-38.220001,1770370277.746220
-0.219600,0.216916,0.112972,10.850000,-124.599998,-34.720001,1770370277.754118
-0.155672,0.165920,0.111264,14.630000,-131.460007,-28.559999,1770370277.762113
-0.101504,0.123708,0.135420,18.969999,-132.720001,-21.070000,1770370277.770110
-0.051972,0.069540,0.205204,26.250000,-128.449997,-13.510000,1770370277.778118
-0.014396,0.009028,0.340624,37.380001,-116.199997,-4.410000,1770370277.786140
0.001464,-0.036844,0.543144,44.450001,-90.930000,6.230000,1770370277.794113
-0.020252,-0.049044,0.783728,53.619999,-54.529999,10.430000,1770370277.802122
-0.068320,-0.063684,1.027240,58.380001,-13.790000,14.560000,1770370277.810187
-0.161040,-0.094916,1.212924,62.509998,18.200001,16.799999,1770370277.818130
-0.297680,-0.176168,1.355908,69.160004,34.790001,15.330000,1770370277.826112
-0.459452,-0.252052,1.500844,78.750000,36.259998,12.180000,1770370277.834106
-0.650504,-0.255468,1.651148,86.099998,30.940001,6.090000,1770370277.842117
-0.782752,-0.222040,1.783152,80.709999,25.270000,-3.780000,1770370277.850187
-0.783484,-0.202520,1.821460,62.860001,10.500000,-11.340000,1770370277.858149
-0.688080,-0.234484,1.819020,45.779999,-17.150000,-10.500000,1770370277.866112
-0.598044,-0.260592,1.852692,24.430000,-51.169998,-7.910000,1770370277.874100
-0.512888,-0.279136,1.893196,7.770000,-72.870003,-5.180000,1770370277.882117
-0.409920,-0.271328,1.888316,-6.580000,-84.209999,-3.640000,1770370277.890219
-0.298168,-0.222772,1.841468,-21.070000,-84.629997,-7.910000,1770370277.898239
-0.186660,-0.155672,1.724836,-34.790001,-75.739998,-6.790000,1770370277.906146
-0.099796,-0.082960,1.543300,-48.020000,-64.959999,-7.000000,1770370277.914116
-0.028304,-0.011224,1.323944,-54.880001,-51.660000,-4.900000,1770370277.922117
0.004392,0.046116,1.101172,-56.000000,-38.990002,4.130000,1770370277.930164
0.026352,0.101260,0.902800,-56.980000,-27.440001,9.520000,1770370277.938148
0.030256,0.157868,0.744444,-49.980000,-16.100000,18.690001,1770370277.946117
0.020740,0.225700,0.626104,-46.130001,-6.090000,26.320000,1770370277.954220
-0.001464,0.292312,0.543876,-43.470001,3.430000,30.379999,1770370277.962120
-0.027816,0.361852,0.466040,-39.970001,9.380000,31.920000,1770370277.970114
-0.056120,0.419924,0.395768,-41.439999,15.260000,30.240000,1770370277.978120
-0.091256,0.473360,0.315492,-40.529999,18.200001,25.549999,1770370277.986349
-0.112240,0.503372,0.247660,-41.020000,19.389999,22.049999,1770370277.994157
-0.129808,0.509960,0.168604,-38.639999,17.500000,18.340000,1770370278.002122
-0.128832,0.485072,0.091256,-31.219999,15.260000,13.300000,1770370278.010112
-0.113460,0.446276,0.021228,-20.020000,11.760000,12.110000,1770370278.018205
-0.085156,0.410164,-0.012444,0.000000,13.160000,5.810000,1770370278.026134
-0.062464,0.383812,0.029280,18.129999,17.360001,7.910000,1770370278.034126
-0.050508,0.381860,0.166652,33.880001,26.180000,2.450000,1770370278.042209
-0.050996,0.395524,0.405528,40.880001,37.240002,-1.540000,1770370278.050175
-0.049532,0.393816,0.719312,37.939999,50.680000,-5.530000,1770370278.058255
-0.042700,0.386984,1.013332,34.439999,69.370003,-12.740000,1770370278.066337
-0.036112,0.317932,1.241228,29.540001,87.989998,-11.060000,1770370278.074400
-0.058072,0.208620,1.411296,24.219999,98.209999,-7.420000,1770370278.082153
-0.110532,0.090280,1.536956,23.730000,99.959999,-2.870000,1770370278.090189
-0.204228,-0.042456,1.676280,23.730000,88.199997,10.640000,1770370278.098131
-0.272792,-0.224480,1.885388,30.100000,72.589996,14.000000,1770370278.106136
-0.370392,-0.410408,2.024224,40.389999,62.160000,26.530001,1770370278.114161
-0.447252,-0.482144,1.995676,41.439999,58.240002,28.980000,1770370278.122103
-0.486536,-0.500932,1.880752,26.740000,60.130001,24.639999,1770370278.130122
-0.534604,-0.563884,1.775100,10.290000,69.160004,28.840000,1770370278.138148
-0.628056,-0.611464,1.722396,-1.890000,83.440002,22.120001,1770370278.146121
-0.757376,-0.602680,1.699948,-14.350000,99.400002,12.740000,1770370278.154251
-0.875472,-0.518012,1.647976,-23.240000,114.449997,-2.520000,1770370278.162109
-0.975024,-0.406504,1.512556,-31.780001,120.330002,-15.610000,1770370278.170120
-1.025776,-0.262056,1.270264,-40.880001,111.089996,-21.910000,1770370278.178399
-1.059204,-0.141764,1.006500,-42.770000,89.110001,-29.680000,1770370278.186182
-1.062376,-0.032452,0.775676,-47.599998,58.730000,-31.150000,1770370278.194102
-1.040416,0.060268,0.619516,-45.779999,28.070000,-35.419998,1770370278.202130
-0.995276,0.124196,0.531188,-40.669998,0.840000,-35.419998,1770370278.210300
-0.904752,0.172264,0.472140,-31.430000,-20.650000,-35.630001,1770370278.218116
-0.820572,0.206668,0.408212,-20.090000,-37.590000,-31.990000,1770370278.226108
-0.734928,0.234240,0.347700,-11.900000,-51.310001,-32.340000,1770370278.234102
-0.645380,0.255224,0.275232,-4.270000,-63.770000,-35.279999,1770370278.242111
-0.559248,0.292312,0.189100,-1.470000,-80.430000,-32.970001,1770370278.250106
-0.471164,0.331108,0.117852,0.770000,-98.279999,-33.599998,1770370278.258188
-0.371612,0.355752,0.068564,1.820000,-117.739998,-29.680000,1770370278.266114
-0.280112,0.337696,0.048800,-1.820000,-135.589996,-25.900000,1770370278.274113
-0.203984,0.284992,0.044896,-3.570000,-148.470001,-18.549999,1770370278.282106
-0.135420,0.220576,0.069052,-1.820000,-154.979996,-11.270000,1770370278.290180
-0.077836,0.155184,0.113216,0.210000,-153.580002,-2.170000,1770370278.298190
-0.026596,0.090280,0.201056,12.460000,-141.889999,3.220000,1770370278.306119
0.002684,0.032940,0.364780,21.980000,-120.260002,4.130000,1770370278.314111
0.018788,-0.015128,0.598044,34.439999,-78.750000,5.880000,1770370278.322113
0.011712,-0.039284,0.855464,42.980000,-30.450001,3.010000,1770370278.330111
-0.023912,-0.061244,1.057984,54.389999,17.570000,10.430000,1770370278.338216
-0.128100,-0.125904,1.242936,65.870003,52.009998,0.700000,1770370278.346116
-0.280112,-0.170556,1.443748,78.540001,66.570000,4.550000,1770370278.354111
-0.488244,-0.169824,1.718980,93.940002,67.550003,4.410000,1770370278.362109
-0.711016,-0.129076,1.969568,90.650002,65.239998,-4.970000,1770370278.370098
-0.806908,-0.126392,2.007144,75.320000,50.680000,-8.680000,1770370278.378104
-0.803004,-0.177144,1.948340,55.720001,19.809999,-14.280000,1770370278.386172
-0.768112,-0.252540,1.925404,36.330002,-23.590000,-8.120000,1770370278.394136
-0.707112,-0.318664,1.899296,21.700001,-61.880001,-7.210000,1770370278.402119
-0.609756,-0.338672,1.853912,5.740000,-87.639999,-2.870000,1770370278.410120
-0.493856,-0.296216,1.788764,-6.580000,-100.940002,-5.460000,1770370278.418198
-0.362828,-0.220820,1.675060,-21.420000,-103.949997,-6.790000,1770370278.426156
-0.237412,-0.129564,1.513776,-34.230000,-97.930000,-4.410000,1770370278.434101
-0.135176,-0.046604,1.328824,-46.549999,-88.760002,-5.320000,1770370278.442125
-0.057828,0.024644,1.119960,-50.470001,-77.070000,-1.050000,1770370278.450177
-0.001464,0.072224,0.924760,-52.080002,-66.010002,6.020000,1770370278.458141
0.034892,0.120292,0.756400,-45.779999,-52.220001,11.760000,1770370278.466112
0.052460,0.172508,0.625128,-44.660000,-39.759998,23.170000,1770370278.474118
0.050020,0.240340,0.533628,-38.220001,-27.230000,23.870001,1770370278.482187
0.039528,0.291092,0.473604,-36.750000,-14.280000,26.809999,1770370278.490119
0.020740,0.349652,0.408700,-36.540001,-3.780000,28.000000,1770370278.498244
-0.005856,0.396256,0.353556,-35.070000,4.970000,25.620001,1770370278.506116
-0.034160,0.427732,0.300364,-34.650002,11.060000,25.900000,1770370278.514114
-0.053436,0.443592,0.247172,-31.219999,14.490000,19.809999,1770370278.522112
-0.069784,0.424804,0.189832,-21.629999,16.730000,19.180000,1770370278.530111
-0.073444,0.391376,0.131028,-11.410000,17.639999,12.950000,1770370278.538250
-0.068320,0.355752,0.094916,6.650000,18.200001,11.060000,1770370278.546110
-0.059780,0.328424,0.122488,20.020000,22.959999,7.910000,1770370278.554116
-0.059048,0.311100,0.222040,31.570000,27.160000,3.290000,1770370278.562116
-0.047580,0.303780,0.400160,37.169998,36.820000,-2.520000,1770370278.570112
-0.044896,0.297192,0.643672,35.560001,52.290001,-8.470000,1770370278.578125
-0.042700,0.282796,0.925736,32.900002,71.120003,-13.510000,1770370278.586151
-0.032452,0.240828,1.192916,26.670000,91.209999,-17.010000,1770370278.594247
-0.043920,0.160308,1.382504,22.330000,102.970001,-15.890000,1770370278.602138
-0.088084,0.075152,1.539640,20.790001,103.529999,-8.330000,1770370278.610159
-0.147376,-0.011956,1.689944,17.990000,92.820000,-0.280000,1770370278.618122
-0.207156,-0.157868,1.888072,21.629999,75.669998,5.460000,1770370278.626155
-0.296460,-0.328180,2.035204,31.290001,61.950001,17.010000,1770370278.634144
-0.394548,-0.375516,2.027884,34.790001,61.459999,22.049999,1770370278.642160
-0.452132,-0.357948,1.896856,25.410000,67.339996,25.129999,1770370278.650162
-0.506788,-0.402112,1.784372,12.810000,78.470001,27.580000,1770370278.658167
-0.592920,-0.432124,1.715076,-0.980000,91.559998,26.809999,1770370278.666105
-0.709064,-0.447008,1.715320,-15.610000,106.400002,17.850000,1770370278.674238
-0.856684,-0.420656,1.658956,-28.980000,116.480003,7.350000,1770370278.682121
-0.960140,-0.328912,1.495232,-42.349998,119.000000,-8.120000,1770370278.690379
-1.016748,-0.229360,1.228052,-52.430000,111.440002,-13.160000,1770370278.698143
-1.042124,-0.113948,0.931836,-57.680000,88.339996,-16.870001,1770370278.706098
-1.041636,-0.004880,0.688324,-57.959999,56.560001,-22.820000,1770370278.714120
-1.011136,0.071248,0.508252,-52.919998,24.500000,-25.340000,1770370278.722114
-0.945256,0.111996,0.412360,-43.470001,-1.470000,-27.299999,1770370278.730223
-0.853268,0.137860,0.341844,-31.850000,-22.120001,-26.110001,1770370278.738141
-0.768844,0.159088,0.273036,-21.559999,-36.330002,-29.120001,1770370278.746109
-0.679296,0.184220,0.204472,-12.460000,-49.209999,-35.630001,1770370278.754129
-0.582672,0.225700,0.148108,-2.450000,-63.419998,-39.970001,1770370278.762265
-0.500444,0.281576,0.092232,0.560000,-77.000000,-43.820000,1770370278.770111
-0.407480,0.338672,0.048800,-0.700000,-90.930000,-46.970001,1770370278.778114
-0.308416,0.382348,0.007076,0.630000,-107.730003,-44.169998,1770370278.786111
-0.214232,0.373808,-0.005612,-5.810000,-122.570000,-38.290001,1770370278.794134
-0.138104,0.316224,0.004148,-5.250000,-132.020004,-29.190001,1770370278.802151
-0.067832,0.235216,0.036600,-2.800000,-135.729996,-18.900000,1770370278.810164
-0.014640,0.141520,0.125660,3.430000,-131.949997,-8.050000,1770370278.818126
0.032208,0.070028,0.255956,14.980000,-118.230003,0.140000,1770370278.826113
0.062708,-0.013420,0.451888,26.530001,-92.330002,6.440000,1770370278.834126
0.062220,-0.082472,0.712236,36.889999,-54.250000,11.830000,1770370278.842148
0.034892,-0.103212,0.966484,45.639999,-6.230000,12.320000,1770370278.850118
-0.020008,-0.106872,1.171932,55.090000,39.060001,15.120000,1770370278.858155
-0.132980,-0.158600,1.385676,65.870003,67.129997,15.680000,1770370278.866148
-0.287676,-0.210084,1.596492,79.870003,76.790001,19.250000,1770370278.874202
-0.499956,-0.201544,1.881240,97.650002,77.209999,16.450001,1770370278.882122
-0.723460,-0.148108,2.155496,96.320000,76.860001,8.610000,1770370278.890415
-0.776652,-0.159820,2.099376,77.209999,66.010002,-0.070000,1770370278.898131
-0.752984,-0.191296,1.933456,63.000000,38.849998,-1.820000,1770370278.906112
-0.762012,-0.203984,1.869528,44.450001,0.490000,3.080000,1770370278.914120
-0.757864,-0.203496,1.832928,28.840000,-33.250000,0.770000,1770370278.922139
-0.706868,-0.192760,1.804624,10.430000,-59.430000,-0.350000,1770370278.930117
-0.610732,-0.169092,1.762900,-6.860000,-75.389999,-4.060000,1770370278.938146
-0.494832,-0.148108,1.665544,-25.760000,-80.080002,-6.510000,1770370278.946110
-0.374296,-0.117608,1.505968,-43.119999,-78.889999,-12.040000,1770370278.954146
-0.265716,-0.075884,1.307596,-54.040001,-74.550003,-9.660000,1770370278.962115
-0.192760,-0.030988,1.103856,-54.669998,-69.580002,-7.770000,1770370278.970114
-0.132736,0.027572,0.925004,-53.970001,-62.790001,-0.280000,1770370278.978212
-0.081496,0.096380,0.784704,-45.220001,-55.369999,6.790000,1770370278.986141
-0.052460,0.171776,0.688324,-43.189999,-49.209999,14.770000,1770370278.994131
-0.028060,0.245220,0.602680,-36.540001,-44.660000,18.480000,1770370279.002135
-0.015128,0.319396,0.534848,-35.560001,-39.549999,20.930000,1770370279.010124
-0.014640,0.384056,0.469700,-36.680000,-35.419998,24.430000,1770370279.018127
-0.016836,0.434320,0.382348,-34.930000,-31.430000,21.420000,1770370279.026118
-0.018544,0.458476,0.277916,-36.330002,-29.610001,19.809999,1770370279.034200
-0.021472,0.457012,0.163968,-32.759998,-25.969999,18.549999,1770370279.042124
-0.022692,0.443836,0.065148,-23.450001,-20.580000,12.250000,1770370279.050113
-0.019032,0.422120,-0.003416,-16.450001,-14.630000,7.140000,1770370279.058231
-0.006832,0.399916,-0.025620,-0.770000,-5.040000,0.560000,1770370279.066431
0.009028,0.377468,0.027816,13.580000,8.610000,-4.060000,1770370279.074761
0.009272,0.356972,0.166652,21.000000,26.530001,-8.260000,1770370279.082184
0.005856,0.352336,0.423828,26.530001,47.599998,-15.540000,1770370279.090392
-0.002196,0.354532,0.752496,28.209999,70.349998,-21.559999,1770370279.098213
-0.005612,0.351360,1.055056,26.110001,94.989998,-25.900000,1770370279.106131
-0.024400,0.287188,1.282464,20.440001,118.160004,-24.639999,1770370279.114105
-0.078324,0.203008,1.448384,17.430000,129.500000,-20.930000,1770370279.122118
-0.180316,0.102968,1.582340,17.709999,123.059998,-13.160000,1770370279.130159
-0.286456,-0.018056,1.813164,22.120001,98.980003,-2.940000,1770370279.138268
-0.376736,-0.201788,2.096204,35.419998,71.540001,6.440000,1770370279.146111
-0.471164,-0.306220,2.158424,43.540001,53.270000,16.590000,1770370279.154111
-0.506056,-0.311832,2.010316,34.860001,43.470001,20.020000,1770370279.162114
-0.507520,-0.348432,1.843420,18.620001,43.820000,25.200001,1770370279.170187
-0.523868,-0.418216,1.722396,3.570000,53.480000,26.250000,1770370279.178130
-0.592920,-0.466772,1.683112,-12.670000,69.650002,23.660000,1770370279.186126
-0.705160,-0.472628,1.651880,-27.860001,91.559998,11.620000,1770370279.194132
-0.813740,-0.413824,1.528904,-41.090000,110.389999,-0.630000,1770370279.202201
-0.901824,-0.310856,1.322968,-50.889999,116.760002,-7.350000,1770370279.210246
-0.942328,-0.233996,1.051396,-60.410000,105.629997,-15.190000,1770370279.218146
-0.970388,-0.134932,0.794952,-61.250000,81.760002,-19.250000,1770370279.226109
-0.981124,-0.054656,0.608048,-62.790001,54.040001,-22.260000,1770370279.234095
-0.963068,0.015372,0.500444,-52.570000,27.160000,-25.200001,1770370279.242139
-0.913536,0.052704,0.423828,-40.250000,4.480000,-27.650000,1770370279.250173
-0.832040,0.092232,0.335256,-26.879999,-15.610000,-31.360001,1770370279.258119
-0.740540,0.132248,0.246440,-12.110000,-32.689999,-33.529999,1770370279.266109
-0.649284,0.167140,0.174948,-2.870000,-52.290001,-37.169998,1770370279.274108
-0.551928,0.214232,0.122732,3.010000,-70.279999,-38.990002,1770370279.282120
-0.457012,0.262544,0.079544,7.420000,-88.059998,-39.900002,1770370279.290194
-0.349896,0.287432,0.059536,8.680000,-105.419998,-36.959999,1770370279.298235
-0.265960,0.265716,0.064416,7.140000,-118.930000,-32.830002,1770370279.306106
-0.189832,0.206424,0.082716,8.330000,-126.699997,-26.879999,1770370279.314123
-0.127124,0.138592,0.116876,7.770000,-131.039993,-16.450001,1770370279.322110
-0.076860,0.081008,0.179340,13.440000,-128.240005,-10.150000,1770370279.330187
-0.033916,0.023180,0.290360,23.660000,-117.250000,-1.050000,1770370279.338260
-0.015860,-0.021228,0.487756,31.920000,-95.129997,7.000000,1770370279.346103
-0.024644,-0.036844,0.742736,41.650002,-59.009998,9.310000,1770370279.354109
-0.062708,-0.048068,0.995520,49.349998,-16.240000,11.130000,1770370279.362117
-0.131760,-0.076860,1.190964,56.419998,21.280001,12.320000,1770370279.370250
-0.264252,-0.136396,1.336876,63.910000,42.910000,12.530000,1770370279.378116
-0.439444,-0.179828,1.490840,74.760002,47.040001,9.590000,1770370279.386114
-0.633424,-0.170068,1.699704,80.290001,41.230000,7.840000,1770370279.394131
-0.827648,-0.123952,1.894416,72.660004,36.959999,-5.460000,1770370279.402117
-0.850584,-0.142252,1.937116,56.770000,23.799999,-15.120000,1770370279.410195
-0.759084,-0.230580,1.911008,31.850000,-6.440000,-14.980000,1770370279.418135
-0.682712,-0.324032,1.928576,16.660000,-42.560001,-11.130000,1770370279.426113
-0.612684,-0.375028,1.935408,2.310000,-69.019997,-4.340000,1770370279.434148
-0.529480,-0.361120,1.900760,-9.450000,-84.000000,-4.060000,1770370279.442124
-0.425292,-0.288164,1.813164,-24.850000,-89.320000,-3.990000,1770370279.450112
-0.307440,-0.189832,1.659932,-38.220001,-86.870003,-7.210000,1770370279.458121
-0.205448,-0.081496,1.472540,-49.209999,-79.309998,-4.200000,1770370279.466116
-0.129808,0.008296,1.260260,-60.200001,-69.089996,-2.940000,1770370279.474106
-0.074420,0.067588,1.033584,-61.320000,-60.900002,0.630000,1770370279.482189
-0.039040,0.110288,0.845460,-61.740002,-51.520000,8.260000,1770370279.490474
-0.016836,0.156160,0.693448,-55.650002,-43.889999,16.450001,1770370279.498131
-0.000732,0.213500,0.576328,-49.630001,-35.700001,24.570000,1770370279.506111
-0.000244,0.281820,0.477508,-44.099998,-29.680000,28.139999,1770370279.514122
0.001464,0.341600,0.390644,-42.209999,-24.150000,28.559999,1770370279.522140
-0.005368,0.400404,0.311100,-36.959999,-18.620001,28.559999,1770370279.530118
-0.021960,0.450180,0.242536,-34.860001,-14.840000,24.780001,1770370279.538155
-0.043676,0.477752,0.172996,-29.959999,-9.380000,22.049999,1770370279.546105
-0.057340,0.482144,0.099064,-27.790001,-3.920000,18.620001,1770370279.554165
-0.054412,0.454328,0.021472,-22.750000,0.910000,12.460000,1770370279.562114
-0.044652,0.416508,-0.030256,-10.990000,6.090000,8.680000,1770370279.570117
-0.026596,0.367220,-0.025132,1.540000,11.690000,6.230000,1770370279.578202
-0.015616,0.340868,0.088572,16.240000,22.750000,4.550000,1770370279.586138
-0.008052,0.336232,0.298900,25.760000,35.840000,2.730000,1770370279.594130
-0.017812,0.344040,0.596824,33.810001,53.340000,-2.730000,1770370279.602193
-0.032940,0.347700,0.947696,33.320000,72.870003,-7.000000,1770370279.610121
-0.031964,0.314760,1.200968,31.570000,88.900002,-12.600000,1770370279.618132
-0.042944,0.228628,1.375184,34.369999,97.790001,-12.810000,1770370279.626116
-0.086376,0.120536,1.515240,35.910000,98.000000,-8.610000,1770370279.634204
-0.140056,0.005612,1.653100,38.849998,84.769997,2.870000,1770370279.642151
-0.201544,-0.134200,1.849032,45.220001,60.130001,10.850000,1770370279.650110
-0.237168,-0.328424,2.044476,50.959999,40.389999,21.420000,1770370279.658122
-0.303048,-0.435540,2.073512,47.389999,36.610001,29.680000,1770370279.666114
-0.342820,-0.498004,2.007632,29.190001,44.799999,28.700001,1770370279.674164
-0.363804,-0.577548,1.894660,13.440000,61.040001,30.450001,1770370279.682208
-0.423584,-0.644648,1.824388,1.470000,81.760002,27.650000,1770370279.690212
-0.547292,-0.633424,1.783396,-11.340000,103.879997,20.020000,1770370279.698120
-0.690032,-0.528260,1.685796,-25.410000,125.160004,8.750000,1770370279.706158
-0.816912,-0.429196,1.534760,-38.430000,138.949997,-1.820000,1770370279.714118
-0.912316,-0.300364,1.280756,-48.090000,138.949997,-9.100000,1770370279.722121
-0.977220,-0.175436,0.973316,-52.849998,120.959999,-14.630000,1770370279.730284
-1.013576,-0.045140,0.717116,-53.130001,91.699997,-19.809999,1770370279.738177
-1.022604,0.040504,0.557784,-46.410000,58.660000,-26.600000,1770370279.746110
-1.000400,0.101016,0.469212,-40.669998,28.700001,-26.180000,1770370279.754111
-0.927200,0.145424,0.404064,-31.290001,4.410000,-28.000000,1770370279.762192
-0.833992,0.168848,0.335256,-19.110001,-15.260000,-27.230000,1770370279.770164
-0.737612,0.183976,0.272792,-10.640000,-34.369999,-29.540001,1770370279.778121
-0.636596,0.208620,0.214964,-2.030000,-52.220001,-31.920000,1770370279.786109
-0.542656,0.255712,0.158844,0.700000,-68.739998,-31.780001,1770370279.794280
-0.452864,0.308660,0.114192,3.570000,-86.099998,-32.060001,1770370279.802109
-0.362096,0.344772,0.077348,2.660000,-104.300003,-32.270000,1770370279.810111
-0.272792,0.337208,0.051484,-2.450000,-120.610001,-26.879999,1770370279.818136
-0.193248,0.282552,0.041480,-4.760000,-134.889999,-19.110001,1770370279.826124
-0.127856,0.197884,0.072712,-7.490000,-142.029999,-8.890000,1770370279.834210
-0.076128,0.106140,0.139812,-1.890000,-140.770004,-2.870000,1770370279.842122
-0.034404,0.076616,0.227408,8.890000,-129.570007,6.930000,1770370279.850172
0.003172,-0.008052,0.434808,25.200001,-106.610001,5.320000,1770370279.858202
0.001708,-0.033184,0.693692,41.439999,-67.550003,8.960000,1770370279.866140
-0.016104,-0.053192,0.975024,48.860001,-13.790000,8.960000,1770370279.874106
-0.075396,-0.094916,1.223660,58.310001,35.139999,10.710000,1770370279.882121
-0.213744,-0.126636,1.393728,69.440002,66.080002,9.940000,1770370279.890112
-0.411140,-0.149328,1.577216,84.000000,77.699997,5.810000,1770370279.898152
-0.645380,-0.111264,1.828536,96.180000,75.459999,3.920000,1770370279.906118
-0.851804,-0.128588,1.995676,85.820000,70.769997,-6.860000,1770370279.914174
-0.909632,-0.188612,1.998360,63.419998,53.130001,-10.570000,1770370279.922171
-0.872544,-0.303048,1.995676,43.330002,17.920000,-12.390000,1770370279.930119
-0.833992,-0.391620,2.000556,23.870001,-28.559999,-4.200000,1770370279.938161
-0.764452,-0.443104,1.959808,7.630000,-67.900002,-3.850000,1770370279.946106
-0.665388,-0.429440,1.888560,-9.450000,-92.750000,2.310000,1770370279.954159
-0.530456,-0.349652,1.777540,-24.360001,-105.489998,-0.630000,1770370279.962119
-0.386496,-0.252052,1.626260,-36.889999,-109.410004,-3.710000,1770370279.970116
-0.260836,-0.147864,1.422032,-51.660000,-104.300003,-1.610000,1770370279.978126
-0.161040,-0.058804,1.216096,-59.009998,-94.989998,0.840000,1770370279.986110
-0.072224,0.023668,1.003816,-61.740002,-83.650002,4.130000,1770370279.994140
-0.006100,0.097844,0.812764,-55.439999,-73.010002,12.180000,1770370280.002113
0.033184,0.161040,0.670756,-49.139999,-61.669998,19.389999,1770370280.010110
0.053192,0.244244,0.568520,-44.590000,-50.540001,24.709999,1770370280.018217
0.057584,0.327936,0.496784,-41.439999,-39.689999,26.320000,1770370280.026122
0.056608,0.398940,0.425048,-42.139999,-28.840000,27.580000,1770370280.034117
0.040992,0.450912,0.337208,-44.380001,-16.590000,23.100000,1770370280.042136
0.018788,0.496296,0.260592,-44.310001,-6.580000,24.080000,1770370280.050116
-0.006588,0.507520,0.190320,-43.470001,1.610000,18.410000,1770370280.058237
-0.027816,0.485804,0.102724,-37.869999,10.430000,14.070000,1770370280.066930
-0.034160,0.444324,0.022204,-24.709999,15.190000,11.760000,1770370280.075249
-0.037088,0.391132,-0.024156,-13.790000,20.580000,9.520000,1770370280.082143
-0.022936,0.337940,-0.009272,4.340000,26.180000,1.540000,1770370280.090298
-0.011956,0.303048,0.115900,19.670000,31.709999,1.330000,1770370280.098154
-0.005612,0.301828,0.346724,33.880001,43.470001,-3.850000,1770370280.106112
-0.007076,0.328180,0.676856,37.099998,58.450001,-8.610000,1770370280.114126
-0.009516,0.343552,1.022116,37.520000,78.120003,-10.290000,1770370280.122224
-0.019520,0.293776,1.276852,34.650002,92.889999,-10.710000,1770370280.130109
-0.032452,0.223504,1.436672,31.219999,102.269997,-9.380000,1770370280.138174
-0.073444,0.130784,1.568432,31.709999,99.400002,-3.640000,1770370280.146165
-0.141276,-0.006100,1.712636,30.520000,85.820000,8.120000,1770370280.154151
-0.200568,-0.208376,1.883436,38.290001,69.019997,14.420000,1770370280.162122
-0.270840,-0.389912,1.996408,48.650002,55.160000,24.850000,1770370280.170111
-0.348920,-0.473116,1.981036,42.419998,53.130001,28.910000,1770370280.178130
-0.386496,-0.523868,1.892220,27.020000,60.340000,27.370001,1770370280.186131
-0.417972,-0.623176,1.758264,9.870000,76.160004,25.340000,1770370280.194482
-0.503860,-0.718336,1.681404,-2.240000,96.110001,23.870001,1770370280.202163
-0.621956,-0.714920,1.636996,-13.020000,117.669998,14.910000,1770370280.210121
-0.757132,-0.630496,1.571848,-21.910000,135.869995,1.960000,1770370280.218119
-0.884988,-0.489708,1.437404,-27.930000,145.740005,-6.090000,1770370280.226148
-0.983564,-0.333548,1.225612,-40.320000,139.929993,-16.309999,1770370280.234243
-1.040904,-0.168116,0.964776,-45.990002,119.629997,-21.490000,1770370280.242116
-1.070672,-0.035380,0.731024,-48.790001,85.959999,-26.040001,1770370280.250118
-1.067988,0.066368,0.580476,-44.099998,50.259998,-30.379999,1770370280.258119
-1.029192,0.123952,0.499468,-38.290001,17.850000,-31.500000,1770370280.266142
-0.950380,0.169336,0.431392,-28.350000,-5.670000,-30.030001,1770370280.274149
-0.858148,0.202520,0.365268,-21.420000,-26.670000,-31.360001,1770370280.282115
-0.749812,0.218380,0.302072,-10.710000,-47.459999,-35.070000,1770370280.290110
-0.639280,0.252540,0.222772,-7.420000,-67.199997,-36.610001,1770370280.298144
-0.537532,0.281576,0.152012,-3.010000,-85.540001,-36.959999,1770370280.306141
-0.437492,0.315004,0.086132,-7.700000,-103.739998,-30.940001,1770370280.314182
-0.334768,0.365512,0.032452,-9.590000,-122.570000,-31.500000,1770370280.322119
-0.246684,0.346480,0.009516,-11.130000,-141.119995,-20.510000,1770370280.330117
-0.171288,0.286700,0.010492,-14.980000,-152.809998,-14.210000,1770370280.338148
-0.112728,0.192760,0.045628,-13.230000,-156.449997,-5.320000,1770370280.346104
-0.062952,0.104676,0.112240,-7.210000,-150.220001,-0.350000,1770370280.354161
-0.017324,0.031476,0.233264,5.670000,-133.910004,5.810000,1770370280.362115
0.009760,-0.017812,0.444080,22.120001,-99.540001,6.580000,1770370280.370091
0.021960,-0.047580,0.715652,35.209999,-52.290001,6.160000,1770370280.378107
0.010736,-0.072468,0.981856,47.880001,0.840000,9.030000,1770370280.386112
-0.076860,-0.102236,1.218780,58.450001,48.790001,9.520000,1770370280.394127
-0.223992,-0.130052,1.425936,73.080002,79.379997,4.340000,1770370280.402159
-0.433588,-0.126636,1.677500,91.279999,90.230003,5.250000,1770370280.410116
-0.689300,-0.090280,1.983964,94.080002,91.139999,-0.630000,1770370280.418113
-0.873032,-0.105896,2.106940,77.000000,85.330002,-7.140000,1770370280.426172
-0.908656,-0.198128,2.032032,47.740002,62.160000,-10.360000,1770370280.434111
-0.892552,-0.329888,1.969812,26.879999,18.830000,-7.140000,1770370280.442121
-0.873276,-0.427976,1.904664,9.310000,-27.930000,-0.420000,1770370280.450120
-0.811300,-0.456524,1.829024,-3.220000,-68.879997,3.920000,1770370280.458213
-0.711748,-0.411384,1.747528,-13.090000,-94.709999,8.680000,1770370280.466123
-0.574132,-0.319152,1.634068,-28.280001,-107.449997,6.160000,1770370280.474116
-0.428952,-0.216184,1.484008,-41.090000,-109.690002,5.110000,1770370280.482117
-0.299632,-0.121756,1.304424,-47.669998,-109.480003,3.990000,1770370280.490160
-0.186416,-0.029036,1.096048,-57.189999,-103.809998,12.180000,1770370280.498159
-0.098820,0.044652,0.895968,-56.349998,-97.510002,14.980000,1770370280.506111
-0.018788,0.106384,0.718336,-49.209999,-89.320000,24.219999,1770370280.514100
0.028060,0.174704,0.572424,-42.910000,-80.500000,29.049999,1770370280.522124
0.062952,0.247172,0.464576,-35.770000,-72.940002,35.980000,1770370280.530186
0.077104,0.308660,0.375272,-33.180000,-62.230000,39.900002,1770370280.538144
0.077836,0.354532,0.302316,-28.770000,-50.889999,39.549999,1770370280.546112
0.065392,0.395280,0.239608,-30.799999,-38.220001,38.779999,1770370280.554156
0.045140,0.416020,0.203740,-31.570000,-23.590000,34.650002,1770370280.562142
0.034892,0.409676,0.158112,-29.330000,-10.500000,33.529999,1770370280.570164
0.028060,0.378932,0.105164,-22.680000,1.330000,28.000000,1770370280.578200
0.017324,0.336476,0.055144,-9.520000,11.550000,21.209999,1770370280.586112
0.010736,0.297680,0.044408,5.110000,19.809999,18.480000,1770370280.594155
0.015128,0.281332,0.113460,23.520000,27.020000,8.470000,1770370280.602230
0.023668,0.297924,0.264984,35.770000,39.480000,4.340000,1770370280.610114
0.020252,0.335744,0.526064,42.980000,54.599998,-5.950000,1770370280.618120
0.006832,0.391132,0.840092,44.869999,73.360001,-9.450000,1770370280.626109
0.002684,0.407968,1.136064,40.110001,96.459999,-13.650000,1770370280.634120
-0.017568,0.365512,1.379576,34.860001,116.620003,-16.520000,1770370280.642150
-0.064172,0.290848,1.535736,27.090000,126.209999,-10.500000,1770370280.650180
-0.143472,0.167384,1.667740,20.790001,119.629997,-3.360000,1770370280.658212
-0.206668,-0.044652,1.863672,21.980000,98.910004,4.900000,1770370280.666122
-0.259372,-0.316468,2.058384,31.010000,78.050003,12.180000,1770370280.674095
-0.367220,-0.474580,2.128412,44.660000,67.900002,18.690001,1770370280.682136
-0.425780,-0.471408,2.046428,39.130001,64.540001,21.280001,1770370280.690115
-0.460184,-0.493856,1.908080,23.240000,70.559998,23.520000,1770370280.698143
-0.500444,-0.530700,1.787300,9.660000,80.360001,29.959999,1770370280.706265
-0.591944,-0.559980,1.723860,-9.240000,96.529999,25.200001,1770370280.714114
-0.715408,-0.540216,1.645536,-23.100000,114.309998,15.540000,1770370280.722113
-0.833260,-0.462380,1.520608,-35.419998,126.489998,5.530000,1770370280.730122
-0.925736,-0.342332,1.302716,-44.520000,129.429993,-3.290000,1770370280.738196
-0.988932,-0.215208,1.024068,-50.889999,117.040001,-6.300000,1770370280.746102
-1.032608,-0.077104,0.779580,-52.009998,93.800003,-10.570000,1770370280.754118
-1.044076,0.032208,0.608048,-50.189999,64.680000,-14.840000,1770370280.762110
-1.032608,0.083692,0.506056,-42.910000,34.230000,-17.780001,1770370280.770307
-0.975268,0.128588,0.444080,-34.439999,9.030000,-21.910000,1770370280.778119
-0.891332,0.140788,0.389668,-23.799999,-14.000000,-23.590000,1770370280.786108
-0.803248,0.142252,0.313784,-19.250000,-31.639999,-29.680000,1770370280.794132
-0.703452,0.158600,0.227164,-11.130000,-51.799999,-37.169998,1770370280.802148
-0.605608,0.202032,0.135664,-7.770000,-72.379997,-42.700001,1770370280.810118
-0.506788,0.269132,0.065880,-6.440000,-92.190002,-45.500000,1770370280.818125
-0.403576,0.321104,0.014884,-3.500000,-110.949997,-45.500000,1770370280.826114
-0.295484,0.324520,-0.008784,-7.350000,-130.130005,-41.790001,1770370280.834184
-0.201544,0.276696,0.009028,-10.290000,-141.399994,-35.490002,1770370280.842105
-0.131760,0.200080,0.044164,-9.100000,-143.990005,-24.150000,1770370280.850105
-0.070028,0.120536,0.102724,-4.550000,-140.770004,-13.860000,1770370280.858114
-0.020740,0.046360,0.209108,9.660000,-127.400002,-4.270000,1770370280.866116
0.002440,-0.001220,0.395768,24.850000,-97.860001,4.410000,1770370280.874218
0.004148,-0.033184,0.650992,41.230000,-56.770000,6.370000,1770370280.882124
-0.019276,-0.058316,0.935740,53.689999,-7.350000,12.670000,1770370280.890113
-0.079300,-0.100040,1.157780,65.730003,37.380001,12.880000,1770370280.898225
-0.221064,-0.141276,1.322236,78.959999,68.949997,14.000000,1770370280.906165
-0.409188,-0.190320,1.482788,96.529999,76.440002,15.750000,1770370280.914114
-0.651724,-0.175680,1.707756,112.070000,71.750000,14.910000,1770370280.922240
-0.892796,-0.171288,1.909056,105.629997,68.040001,4.480000,1770370280.930262
-0.964288,-0.226188,1.944192,79.940002,55.930000,-4.200000,1770370280.938120
-0.932812,-0.331596,1.936140,54.669998,23.799999,-6.300000,1770370280.946124
-0.885476,-0.434564,1.913692,27.090000,-22.469999,0.140000,1770370280.954148
-0.814716,-0.496784,1.878800,8.680000,-64.330002,1.820000,1770370280.962227
-0.709796,-0.464820,1.842200,-6.790000,-97.860001,7.700000,1770370280.970302
-0.586576,-0.372100,1.789252,-21.980000,-116.620003,5.810000,1770370280.978135
-0.443836,-0.256200,1.672376,-32.340000,-123.129997,5.810000,1770370280.986117
-0.315004,-0.136640,1.504016,-44.450001,-120.400002,4.130000,1770370280.994113
-0.196664,-0.031232,1.305644,-52.990002,-114.239998,2.870000,1770370281.002133
-0.104432,0.049288,1.096292,-54.880001,-104.720001,6.370000,1770370281.010121
-0.029524,0.110532,0.898164,-54.320000,-93.800003,9.730000,1770370281.018195
0.022936,0.178120,0.741028,-45.430000,-83.650002,17.430000,1770370281.026120
0.059292,0.249124,0.627324,-42.209999,-72.379997,24.290001,1770370281.034122
0.079544,0.317200,0.537532,-37.660000,-61.389999,25.900000,1770370281.042107
0.086376,0.382592,0.469944,-34.650002,-50.119999,27.580000,1770370281.050184
0.078324,0.434808,0.396012,-37.450001,-38.990002,29.820000,1770370281.058315
0.057584,0.469456,0.312076,-35.209999,-28.700001,25.200001,1770370281.066371
0.040504,0.493612,0.242048,-36.540001,-18.690001,20.860001,1770370281.074974
0.023424,0.495564,0.176656,-36.119999,-8.680000,17.780001,1770370281.082152
0.014152,0.478240,0.080276,-30.660000,0.840000,12.880000,1770370281.090122
0.009028,0.442128,0.001464,-20.650000,9.870000,8.120000,1770370281.098321
0.006832,0.407480,-0.032940,-4.900000,18.620001,3.570000,1770370281.106141
0.014640,0.381372,0.028060,11.550000,29.469999,-0.280000,1770370281.114116
0.010736,0.381616,0.184220,24.010000,40.950001,-7.140000,1770370281.122116
0.000732,0.406260,0.447252,36.189999,57.610001,-11.340000,1770370281.130173
-0.013176,0.448472,0.803980,38.430000,78.750000,-22.049999,1770370281.138145
-0.013420,0.448960,1.107272,38.080002,99.959999,-24.850000,1770370281.146095
-0.028304,0.406992,1.321260,32.619999,116.620003,-25.760000,1770370281.154108
-0.091012,0.318420,1.483032,27.719999,126.980003,-20.370001,1770370281.162121
-0.184464,0.185196,1.593808,23.660000,123.059998,-10.710000,1770370281.170158
-0.262788,-0.025376,1.756312,24.010000,99.540001,0.210000,1770370281.178209
-0.334280,-0.271084,2.008852,40.320000,75.250000,15.680000,1770370281.186129
-0.427732,-0.427244,2.092544,52.919998,60.480000,25.340000,1770370281.194157
-0.482388,-0.466528,2.020076,44.869999,55.439999,31.500000,1770370281.202115
-0.490928,-0.532896,1.903688,29.750000,56.490002,35.560001,1770370281.210114
-0.503616,-0.620248,1.809992,9.870000,67.269997,41.580002,1770370281.218127
-0.590724,-0.674660,1.764608,-4.270000,82.110001,38.009998,1770370281.226187
-0.714432,-0.666120,1.721664,-22.330000,99.959999,24.430000,1770370281.234130
-0.835456,-0.566080,1.612596,-36.540001,115.080002,15.330000,1770370281.242093
-0.949160,-0.428708,1.433012,-49.980000,119.000000,2.310000,1770370281.250099
-1.004548,-0.247416,1.163148,-58.310001,109.550003,-0.840000,1770370281.258135
-1.044076,-0.113216,0.872300,-59.360001,86.660004,-8.050000,1770370281.266091
-1.056276,0.003172,0.648308,-61.110001,56.910000,-11.830000,1770370281.274109
-1.045052,0.058072,0.521428,-52.990002,25.270000,-17.290001,1770370281.282110
-0.989664,0.092232,0.445300,-44.869999,-1.260000,-20.160000,1770370281.290205
-0.902312,0.122976,0.364292,-36.330002,-22.540001,-25.410000,1770370281.298280
-0.800320,0.153232,0.283528,-21.350000,-38.360001,-28.350000,1770370281.306109
-0.695644,0.180560,0.197152,-12.880000,-53.830002,-31.709999,1770370281.314093
-0.595360,0.212036,0.112240,-3.850000,-70.419998,-37.869999,1770370281.322113
-0.501908,0.244244,0.057584,2.520000,-86.379997,-38.080002,1770370281.330260
-0.407724,0.274012,0.034404,3.780000,-100.519997,-40.459999,1770370281.338158
-0.311588,0.291580,0.031232,4.200000,-114.589996,-36.540001,1770370281.346088
-0.227652,0.283284,0.027084,2.870000,-125.790001,-34.930000,1770370281.354113
-0.159820,0.230092,0.048312,0.420000,-133.699997,-26.670000,1770370281.362113
-0.098088,0.155184,0.095648,2.800000,-136.919998,-20.370001,1770370281.370096
-0.038796,0.085400,0.186416,8.260000,-134.119995,-9.590000,1770370281.378117
0.001952,0.035624,0.323544,18.129999,-121.029999,-1.610000,1770370281.386194
0.024888,0.005612,0.521184,27.160000,-96.739998,4.900000,1770370281.394121
0.016836,-0.006344,0.769332,36.330002,-59.430000,7.140000,1770370281.402127
-0.007808,-0.006344,1.006988,42.840000,-18.129999,9.940000,1770370281.410110
-0.070272,-0.033672,1.172908,44.450001,17.850000,13.230000,1770370281.418132
-0.179828,-0.125904,1.299300,54.320000,39.689999,10.150000,1770370281.426118
-0.308172,-0.210084,1.483032,66.430000,44.029999,13.860000,1770370281.434125
-0.478240,-0.213500,1.779004,80.639999,44.240002,8.750000,1770370281.442135
-0.636840,-0.199104,2.046184,78.330002,44.730000,-1.190000,1770370281.450190
-0.619760,-0.251076,2.049112,56.279999,32.480000,0.490000,1770370281.458127
-0.580476,-0.327692,1.976400,35.910000,8.400000,2.940000,1770370281.466177
-0.572180,-0.387716,1.946876,19.320000,-22.400000,7.140000,1770370281.474147
-0.553392,-0.392596,1.908324,0.770000,-45.080002,10.780000,1770370281.482134
-0.503128,-0.347944,1.835368,-8.890000,-58.869999,8.050000,1770370281.490114
-0.426512,-0.258152,1.738256,-26.530001,-63.980000,7.840000,1770370281.498191
-0.336964,-0.152500,1.598444,-37.099998,-60.200001,1.890000,1770370281.506127
-0.256932,-0.062708,1.441064,-50.189999,-53.340000,7.490000,1770370281.514174
-0.188612,0.007564,1.251476,-55.509998,-44.590000,3.780000,1770370281.522116
-0.138836,0.060268,1.037000,-57.330002,-37.520000,12.110000,1770370281.530112
-0.101992,0.101748,0.853512,-53.900002,-32.689999,15.330000,1770370281.538204
-0.073932,0.148840,0.703452,-46.549999,-30.240000,18.900000,1770370281.546103
-0.063684,0.220088,0.588528,-42.910000,-28.700001,29.400000,1770370281.554095
-0.057096,0.282552,0.517280,-37.799999,-27.230000,25.129999,1770370281.562119
-0.058316,0.350628,0.458720,-36.959999,-24.430000,26.879999,1770370281.570113
-0.064416,0.415776,0.403576,-37.169998,-21.209999,25.200001,1770370281.578186
-0.071980,0.466528,0.337696,-36.119999,-15.680000,24.709999,1770370281.586125
-0.079544,0.489220,0.271084,-38.990002,-11.830000,20.020000,1770370281.594113
-0.076128,0.477020,0.188368,-37.660000,-7.840000,17.010000,1770370281.602134
-0.068076,0.444324,0.101504,-26.459999,-3.220000,13.440000,1770370281.610116
-0.050020,0.395036,0.027816,-11.900000,0.420000,7.000000,1770370281.618195
-0.037820,0.367952,0.019764,6.300000,8.400000,1.960000,1770370281.626098
-0.026840,0.366244,0.116388,22.120001,17.150000,-0.490000,1770370281.634117
-0.020984,0.363804,0.317932,31.780001,31.360001,-6.650000,1770370281.642103
-0.025620,0.391132,0.619272,36.189999,48.020000,-10.990000,1770370281.650176
-0.011468,0.411872,0.947696,33.529999,66.430000,-16.660000,1770370281.658105
-0.005368,0.392840,1.208776,33.740002,84.910004,-13.370000,1770370281.666122
-0.022204,0.282064,1.401780,27.790001,94.989998,-8.890000,1770370281.674196
-0.061976,0.177632,1.524756,23.100000,93.800003,1.960000,1770370281.682115
-0.134688,0.058072,1.660176,23.660000,78.680000,11.060000,1770370281.690167
-0.193980,-0.111996,1.855864,31.570000,57.470001,22.190001,1770370281.698556
-0.264496,-0.290848,1.999580,40.459999,44.939999,34.090000,1770370281.706115
-0.332572,-0.392108,1.999824,39.130001,44.380001,40.810001,1770370281.714101
-0.364780,-0.454572,1.902956,23.870001,52.360001,42.630001,1770370281.722129
-0.383324,-0.549732,1.774124,8.540000,66.639999,42.770000,1770370281.730173
-0.442128,-0.655872,1.689944,-5.320000,87.080002,41.160000,1770370281.738254
-0.562908,-0.726388,1.658224,-20.230000,109.620003,29.049999,1770370281.746121
-0.671244,-0.671488,1.587220,-33.810001,129.429993,17.500000,1770370281.754119
-0.795440,-0.570716,1.453264,-42.000000,140.699997,8.400000,1770370281.762100
-0.880108,-0.429196,1.245620,-46.689999,140.210007,0.280000,1770370281.770119
-0.953552,-0.233508,1.018944,-46.970001,123.970001,-4.270000,1770370281.778184
-1.006500,-0.086620,0.831308,-43.959999,97.650002,-9.450000,1770370281.786110
-1.032120,0.038308,0.691008,-42.000000,69.019997,-14.420000,1770370281.794100
-1.021140,0.140056,0.592676,-37.240002,39.480000,-21.000000,1770370281.802186
-0.953796,0.199592,0.509960,-28.629999,15.960000,-23.170000,1770370281.810310
-0.880108,0.216916,0.439444,-21.559999,-5.320000,-25.059999,1770370281.818130
-0.791780,0.214476,0.354288,-12.040000,-21.350000,-23.730000,1770370281.826111
-0.691984,0.214232,0.278892,-6.580000,-38.709999,-27.230000,1770370281.834113
-0.589260,0.225212,0.196908,-4.270000,-57.119999,-27.650000,1770370281.842135
-0.491172,0.267424,0.110288,1.190000,-77.489998,-27.090000,1770370281.850155
-0.392352,0.292800,0.067588,2.240000,-96.949997,-27.440001,1770370281.858129
-0.304268,0.265960,0.070272,1.750000,-111.720001,-20.370001,1770370281.866121
-0.235216,0.194468,0.079300,3.220000,-124.180000,-16.240000,1770370281.874131
-0.178852,0.120780,0.098576,2.450000,-129.289993,-7.210000,1770370281.882135
-0.125660,0.064172,0.140788,9.660000,-127.610001,-2.730000,1770370281.890116
-0.079300,0.011224,0.252784,18.340000,-115.849998,4.970000,1770370281.898243
-0.047824,-0.020496,0.446032,29.680000,-91.209999,9.730000,1770370281.906146
-0.050508,-0.028792,0.692228,38.220001,-55.509998,9.940000,1770370281.914127
-0.072712,-0.028792,0.940376,42.419998,-9.450000,12.180000,1770370281.922121
-0.142252,-0.064172,1.133868,47.950001,30.450001,12.740000,1770370281.930260
-0.274744,-0.123464,1.257820,52.500000,55.439999,14.000000,1770370281.938150
-0.462136,-0.161528,1.403000,67.410004,63.349998,12.530000,1770370281.946096
-0.669780,-0.164944,1.613816,75.669998,57.470001,9.170000,1770370281.954116
-0.880840,-0.156404,1.794376,72.519997,48.580002,1.190000,1770370281.962126
-0.950624,-0.199592,1.868064,57.889999,30.170000,-9.100000,1770370281.970173
-0.910364,-0.283772,1.888316,38.500000,-2.170000,-8.120000,1770370281.978126
-0.843264,-0.357704,1.909544,23.309999,-40.529999,-6.090000,1770370281.986114
-0.757864,-0.391376,1.896368,6.790000,-74.410004,-2.940000,1770370281.994144
-0.638060,-0.388692,1.840736,-5.880000,-94.500000,-2.590000,1770370282.002152
-0.505080,-0.335012,1.755580,-17.850000,-102.760002,-0.070000,1770370282.010106
-0.374540,-0.243024,1.636020,-31.570000,-103.180000,-1.750000,1770370282.018156
-0.259616,-0.135176,1.465464,-38.990002,-95.760002,2.870000,1770370282.026122
-0.175680,-0.041724,1.268800,-50.119999,-85.750000,5.880000,1770370282.034142
-0.105652,0.033672,1.070428,-54.880001,-76.510002,10.990000,1770370282.042113
-0.065880,0.101748,0.872788,-50.750000,-65.449997,20.719999,1770370282.050118
-0.030988,0.155428,0.726388,-49.910000,-58.169998,29.330000,1770370282.058283
-0.015372,0.226920,0.609268,-43.330002,-49.770000,36.189999,1770370282.066335
-0.008052,0.299876,0.527284,-41.860001,-41.650002,40.810001,1770370282.074560
-0.006588,0.369416,0.453840,-41.299999,-34.790001,40.180000,1770370282.082150
-0.004392,0.414556,0.375028,-39.900002,-26.670000,40.599998,1770370282.090181
-0.018544,0.441640,0.305244,-39.410000,-22.120001,40.110001,1770370282.098143
-0.034160,0.450424,0.249612,-38.290001,-16.940001,36.540001,1770370282.106168
-0.047580,0.452132,0.198616,-36.400002,-11.900000,34.860001,1770370282.114123
-0.046604,0.419680,0.149084,-29.540001,-6.580000,27.230000,1770370282.122228
-0.040992,0.374052,0.105408,-17.780001,-3.150000,26.600000,1770370282.130155
-0.037088,0.322080,0.087108,-2.100000,2.030000,19.950001,1770370282.138124
-0.032940,0.295240,0.132004,13.650000,9.170000,20.370001,1770370282.146100
-0.024400,0.307196,0.268156,25.620001,18.620001,11.410000,1770370282.154122
-0.030744,0.347456,0.484096,30.309999,31.500000,4.130000,1770370282.162156
-0.025132,0.361852,0.756156,32.759998,47.040001,-2.940000,1770370282.170104
-0.026840,0.376980,1.004792,27.299999,65.239998,-8.470000,1770370282.178112
-0.051972,0.308416,1.219024,24.920000,83.089996,-8.820000,1770370282.186134
-0.093208,0.236436,1.389824,21.209999,96.180000,-7.140000,1770370282.194236
-0.149084,0.124196,1.541836,21.280001,95.970001,-1.260000,1770370282.202135
-0.218380,-0.007564,1.713856,24.010000,82.669998,6.720000,1770370282.210116
-0.259860,-0.201056,1.911984,30.450001,63.139999,12.880000,1770370282.218113
-0.338184,-0.354776,2.005924,41.439999,50.680000,21.420000,1770370282.226155
-0.399428,-0.398696,1.973472,38.500000,46.619999,26.809999,1770370282.234106
-0.419436,-0.413092,1.872456,27.860001,49.700001,29.469999,1770370282.242107
-0.444324,-0.479704,1.771196,13.650000,59.009998,37.450001,1770370282.250114
-0.502884,-0.518744,1.721176,-6.440000,73.360001,35.910000,1770370282.258191
-0.635376,-0.472384,1.678964,-17.010000,92.330002,30.030001,1770370282.266123
-0.732244,-0.384056,1.560624,-29.889999,107.800003,19.740000,1770370282.274099
-0.826672,-0.271084,1.355908,-39.689999,117.459999,9.730000,1770370282.282120
-0.894748,-0.170312,1.090436,-48.860001,113.400002,4.760000,1770370282.290108
-0.936960,-0.069784,0.832528,-53.130001,97.720001,-2.310000,1770370282.298202
-0.968192,-0.011712,0.647820,-51.310001,74.269997,-1.050000,1770370282.306120
-0.983564,0.025376,0.548024,-46.689999,47.459999,-2.520000,1770370282.314110
-0.965020,0.059048,0.491660,-40.180000,24.150000,-2.030000,1770370282.322101
-0.925492,0.102724,0.429440,-29.610001,0.630000,-5.250000,1770370282.330241
-0.860344,0.158600,0.352092,-20.230000,-18.830000,-11.130000,1770370282.338119
-0.773968,0.214964,0.265960,-13.650000,-37.799999,-14.980000,1770370282.346097
-0.671732,0.261812,0.195444,-6.930000,-57.119999,-20.580000,1770370282.354116
-0.560224,0.300120,0.148352,-2.100000,-80.220001,-24.150000,1770370282.362135
-0.460184,0.312564,0.125416,0.140000,-98.419998,-24.990000,1770370282.370095
-0.356240,0.283284,0.113216,-1.190000,-116.480003,-22.400000,1770370282.378107
-0.271328,0.232288,0.095648,-6.090000,-127.610001,-17.780001,1770370282.386107
-0.201544,0.169824,0.098088,-4.900000,-136.009995,-5.880000,1770370282.394119
-0.138104,0.109800,0.144448,1.680000,-136.149994,-0.350000,1770370282.402417
-0.078080,0.052948,0.262056,12.670000,-127.959999,9.170000,1770370282.410117
-0.039040,0.004880,0.458476,23.520000,-104.510002,16.590000,1770370282.418126
-0.034892,-0.028548,0.675636,36.400002,-72.660004,20.510000,1770370282.426114
-0.061488,-0.045384,0.871568,46.689999,-30.660000,20.510000,1770370282.434175
-0.119316,-0.065392,1.018456,57.119999,5.740000,20.719999,1770370282.442108
-0.228140,-0.107116,1.147288,69.089996,27.160000,20.510000,1770370282.450123
-0.368196,-0.160064,1.298568,74.970001,37.169998,17.360001,1770370282.458124
-0.511668,-0.185684,1.509384,86.940002,33.459999,18.969999,1770370282.466242
-0.687348,-0.146644,1.745088,85.889999,27.510000,13.510000,1770370282.474113
-0.772504,-0.109312,1.892708,70.769997,18.830000,4.130000,1770370282.482122
-0.702964,-0.116388,1.928332,49.070000,-6.160000,0.420000,1770370282.490117
-0.637084,-0.176412,1.900516,28.980000,-37.660000,4.550000,1770370282.498254
-0.580476,-0.234728,1.898076,14.210000,-64.680000,0.840000,1770370282.506131
-0.502152,-0.241804,1.883680,-0.210000,-81.410004,3.990000,1770370282.514161
-0.400404,-0.206912,1.816092,-10.920000,-86.940002,0.280000,1770370282.522171
-0.283284,-0.137860,1.690676,-22.469999,-87.639999,-1.400000,1770370282.530114
-0.185684,-0.060268,1.513776,-36.540001,-82.739998,2.170000,1770370282.538133
-0.109800,-0.000244,1.310524,-44.869999,-74.059998,2.520000,1770370282.546135
-0.043920,0.055144,1.117276,-54.320000,-62.439999,7.700000,1770370282.554203
-0.006100,0.094428,0.943060,-57.330002,-51.099998,13.090000,1770370282.562115
0.020496,0.129808,0.801052,-55.790001,-41.650002,19.600000,1770370282.570115
0.028304,0.170556,0.690520,-56.630001,-32.900002,22.049999,1770370282.578231
0.026596,0.223748,0.593896,-53.689999,-26.600000,23.660000,1770370282.586115
0.016104,0.287920,0.522648,-52.990002,-18.340000,26.600000,1770370282.594099
0.003172,0.348676,0.468236,-54.110001,-10.920000,26.740000,1770370282.602138
-0.006588,0.401624,0.420168,-54.040001,-6.230000,24.010000,1770370282.610116
-0.021960,0.432368,0.385764,-54.669998,-0.490000,27.020000,1770370282.618196
-0.024888,0.431880,0.362584,-51.099998,2.310000,25.760000,1770370282.626093
-0.028792,0.412848,0.325496,-42.419998,4.760000,23.520000,1770370282.634119
-0.016592,0.375760,0.270108,-34.090000,6.370000,17.219999,1770370282.642216
-0.005368,0.331108,0.209596,-13.790000,6.230000,14.210000,1770370282.650156
0.017812,0.288652,0.192028,1.680000,9.170000,5.250000,1770370282.658128
0.046360,0.268156,0.267668,21.350000,18.410000,3.010000,1770370282.666121
0.071248,0.273524,0.443836,36.470001,33.740002,-2.870000,1770370282.674191
0.084180,0.303292,0.711992,43.959999,55.439999,-6.790000,1770370282.682114
0.090768,0.331840,1.020408,46.340000,78.820000,-8.120000,1770370282.690171
0.093208,0.319396,1.259040,38.430000,99.680000,-9.450000,1770370282.698220
0.076616,0.243756,1.402268,31.570000,114.309998,-3.430000,1770370282.706131
0.039772,0.109800,1.498648,28.000000,118.580002,7.770000,1770370282.714172
-0.041480,-0.059048,1.662372,32.549999,115.849998,16.870001,1770370282.722120
-0.160064,-0.213500,1.833172,43.540001,111.160004,26.670000,1770370282.730167
-0.280600,-0.303292,1.883192,42.070000,105.629997,43.959999,1770370282.738207
-0.398208,-0.360876,1.839028,32.900002,105.980003,53.410000,1770370282.746136
-0.515816,-0.489220,1.772660,14.980000,112.769997,62.930000,1770370282.754106
-0.679296,-0.635620,1.748260,0.980000,127.190002,61.040001,1770370282.762124
-0.865224,-0.729072,1.684332,-10.990000,142.800003,45.779999,1770370282.770112
-1.031876,-0.646600,1.589904,-24.990000,153.020004,28.490000,1770370282.778178
-1.135820,-0.467992,1.456436,-34.020000,150.639999,11.550000,1770370282.786239
-1.170224,-0.288408,1.259772,-39.410000,132.860001,4.200000,1770370282.794117
-1.179496,-0.154208,1.070672,-39.410000,103.949997,-0.140000,1770370282.802129
-1.155096,-0.038064,0.901092,-34.299999,66.639999,0.280000,1770370282.810314
-1.099952,0.063440,0.747372,-36.119999,32.830002,-3.640000,1770370282.818121
-1.006500,0.165188,0.590968,-31.570000,1.400000,-7.350000,1770370282.826112
-0.885720,0.256200,0.466284,-31.080000,-23.799999,-11.060000,1770370282.834116
-0.761524,0.300852,0.381860,-26.879999,-42.490002,-12.880000,1770370282.842118
-0.646844,0.302316,0.346968,-25.480000,-58.799999,-16.100000,1770370282.850283
-0.548756,0.285480,0.329400,-22.120001,-67.970001,-17.639999,1770370282.858128
-0.472140,0.257908,0.294996,-14.980000,-74.620003,-17.360001,1770370282.866115
-0.411140,0.248636,0.256444,-8.120000,-76.720001,-22.049999,1770370282.874134
-0.358924,0.252052,0.230092,-2.310000,-76.440002,-18.200001,1770370282.882119
-0.319640,0.238632,0.237900,6.020000,-74.339996,-18.340000,1770370282.890122
-0.289140,0.208132,0.263032,11.760000,-70.209999,-11.830000,1770370282.898209
-0.265960,0.163724,0.286212,24.080000,-67.339996,-1.050000,1770370282.906158
-0.259372,0.108580,0.323056,34.090000,-65.099998,11.200000,1770370282.914118
-0.266692,0.047336,0.370392,48.299999,-60.759998,18.270000,1770370282.922117
-0.280600,-0.005856,0.455304,63.070000,-55.439999,27.230000,1770370282.930221
-0.323300,-0.030988,0.610000,75.180000,-41.299999,34.090000,1770370282.938149
-0.393084,-0.057340,0.816668,85.820000,-21.350000,31.850000,1770370282.946096
-0.490440,-0.077836,1.043100,88.620003,-2.170000,24.500000,1770370282.954160
-0.589504,-0.111508,1.236836,90.510002,11.830000,13.650000,1770370282.962123
-0.714676,-0.134932,1.358592,90.510002,16.660000,3.920000,1770370282.970115
-0.840092,-0.151280,1.442284,86.239998,6.930000,-7.910000,1770370282.978126
-0.934276,-0.169824,1.538664,79.519997,-8.260000,-19.809999,1770370282.986116
-0.902800,-0.187392,1.679940,65.309998,-33.740002,-29.820000,1770370282.994182
-0.704916,-0.183488,1.816092,44.869999,-72.309998,-23.590000,1770370283.002143
-0.493124,-0.193736,1.902224,26.320000,-116.480003,-17.219999,1770370283.010280
-0.315248,-0.201544,1.902712,6.650000,-149.449997,-8.540000,1770370283.018122
-0.149572,-0.175192,1.846836,-8.890000,-165.130005,-1.820000,1770370283.026113
-0.011712,-0.085888,1.720688,-24.990000,-164.990005,6.090000,1770370283.034113
0.093208,0.013664,1.555744,-37.310001,-149.589996,10.990000,1770370283.042228
0.167628,0.099308,1.388116,-46.200001,-126.839996,12.670000,1770370283.050165
0.221308,0.182512,1.204628,-53.130001,-96.389999,16.799999,1770370283.058280
0.228628,0.238876,1.017480,-54.180000,-65.099998,19.180000,1770370283.066327
0.212280,0.280600,0.814716,-53.689999,-32.270000,17.500000,1770370283.075040
0.187148,0.300120,0.671976,-52.849998,-7.350000,19.320000,1770370283.082150
0.145180,0.310124,0.541680,-50.540001,13.860000,23.450001,1770370283.090121
0.102480,0.325252,0.465308,-50.959999,30.170000,26.250000,1770370283.098145
0.049288,0.333304,0.434320,-48.090000,44.029999,28.209999,1770370283.106362
0.010004,0.345504,0.442616,-47.880001,54.250000,30.730000,1770370283.114128
-0.028792,0.360144,0.467504,-42.980000,61.459999,29.680000,1770370283.122120
-0.064904,0.374052,0.499956,-38.849998,63.490002,26.459999,1770370283.130157
-0.097844,0.379908,0.543876,-42.000000,60.689999,24.219999,1770370283.138127
-0.103944,0.367952,0.569740,-39.549999,54.459999,20.160000,1770370283.146096
-0.095892,0.324520,0.569252,-35.209999,45.220001,17.010000,1770370283.154126
-0.054656,0.263276,0.546316,-25.410000,37.590000,16.379999,1770370283.162247
-0.024156,0.197396,0.529236,-7.770000,28.700001,18.480000,1770370283.170109
-0.002928,0.147132,0.538752,10.640000,26.250000,19.809999,1770370283.178127
0.023912,0.123220,0.573644,26.459999,27.299999,20.650000,1770370283.186179
0.048068,0.119560,0.651968,38.849998,31.010000,22.190001,1770370283.194111
0.067100,0.122732,0.811056,44.169998,39.270000,21.490000,1770370283.202118
0.074664,0.110288,1.021140,42.279999,50.959999,23.379999,1770370283.210160
0.082960,0.086376,1.214876,39.340000,64.260002,23.520000,1770370283.219190
0.049532,0.055632,1.403732,36.189999,79.449997,28.980000,1770370283.226433
-0.022204,0.030988,1.545984,30.450001,93.099998,35.209999,1770370283.234126
-0.110532,0.004148,1.630164,22.120001,107.449997,45.779999,1770370283.242120
-0.234972,-0.068320,1.648952,9.520000,114.449997,53.759998,1770370283.250103
-0.389424,-0.193736,1.595760,-2.450000,126.419998,55.299999,1770370283.259143
-0.569496,-0.354044,1.521828,-16.660000,140.979996,55.509998,1770370283.267117
-0.746640,-0.530944,1.443016,-31.990000,153.789993,37.799999,1770370283.274395
-0.874252,-0.620980,1.345904,-35.209999,162.820007,17.150000,1770370283.282104
-0.987468,-0.587308,1.273192,-32.970001,161.279999,-1.750000,1770370283.290100
-1.067256,-0.454572,1.202432,-35.910000,146.720001,-12.040000,1770370283.298266
-1.112884,-0.274012,1.125816,-37.099998,118.860001,-22.610001,1770370283.306132
-1.115324,-0.115168,1.027728,-34.299999,80.919998,-24.920000,1770370283.314129
-1.073356,0.014640,0.922320,-33.599998,41.160000,-31.920000,1770370283.322098
-0.997716,0.105408,0.792024,-32.689999,5.320000,-32.689999,1770370283.330173
-0.867664,0.192028,0.653188,-31.570000,-25.129999,-41.160000,1770370283.338117
-0.718092,0.260104,0.535336,-27.650000,-49.630001,-40.250000,1770370283.346201
-0.593164,0.299388,0.431148,-23.030001,-66.989998,-43.259998,1770370283.354343
-0.496052,0.330132,0.378932,-21.910000,-75.110001,-44.169998,1770370283.362057
-0.410652,0.349408,0.346968,-21.980000,-75.809998,-44.590000,1770370283.370265
-0.354532,0.374052,0.333060,-21.840000,-71.610001,-48.439999,1770370283.378103
-0.304024,0.399672,0.329888,-21.209999,-64.889999,-50.820000,1770370283.386099
-0.273280,0.416508,0.343552,-23.240000,-54.880001,-50.959999,1770370283.394105
-0.247660,0.412848,0.366000,-24.570000,-43.119999,-49.630001,1770370283.402105
-0.231556,0.385520,0.393328,-19.809999,-31.639999,-42.490002,1770370283.410167
-0.231312,0.334768,0.411140,-14.210000,-20.580000,-31.360001,1770370283.418216
-0.244976,0.270840,0.432612,-0.560000,-12.040000,-18.340000,1770370283.426117
-0.275476,0.198128,0.453108,17.570000,-6.790000,-1.960000,1770370283.434118
-0.325496,0.120292,0.472384,33.529999,-2.940000,11.200000,1770370283.442151
-0.392108,0.050752,0.533628,50.330002,2.940000,21.980000,1770370283.450311
-0.484340,0.017812,0.698328,64.750000,13.160000,21.629999,1770370283.458132
-0.590968,0.003172,0.938912,69.720001,27.230000,19.180000,1770370283.466116
-0.710528,-0.003904,1.161440,69.650002,39.340000,12.880000,1770370283.474125
-0.823744,-0.033916,1.310524,67.199997,38.150002,3.640000,1770370283.483004
-0.926956,-0.090280,1.381772,63.630001,25.620001,-2.800000,1770370283.490157
-1.015040,-0.166652,1.427888,56.770000,3.080000,-13.370000,1770370283.498199
-1.079700,-0.253272,1.493280,50.750000,-24.920000,-23.799999,1770370283.506350
-1.028704,-0.314760,1.588440,41.230000,-57.470001,-32.480000,1770370283.514618
-0.900360,-0.366244,1.642120,32.200001,-91.489998,-30.379999,1770370283.522099
-0.706868,-0.412848,1.671156,24.570000,-126.910004,-30.030001,1770370283.530120
-0.507276,-0.406016,1.724348,13.790000,-154.210007,-26.670000,1770370283.538214
-0.291092,-0.321836,1.756556,1.540000,-170.029999,-24.639999,1770370283.546101
-0.112484,-0.185440,1.704340,-15.890000,-169.330002,-19.670000,1770370283.554115
0.018788,-0.046360,1.552816,-30.940001,-155.679993,-18.480000,1770370283.562140
0.108336,0.050264,1.338828,-39.340000,-131.600006,-14.070000,1770370283.570246
0.166164,0.124928,1.110444,-48.650002,-102.059998,-3.570000,1770370283.578129
0.178364,0.163968,0.901824,-49.000000,-72.169998,-2.380000,1770370283.586178
0.160796,0.204716,0.714676,-50.540001,-46.130001,3.080000,1770370283.594113
0.134200,0.241072,0.554368,-46.130001,-23.590000,3.990000,1770370283.602116
0.101016,0.282064,0.439444,-39.830002,-6.580000,10.640000,1770370283.610160
0.055632,0.325252,0.369904,-39.900002,10.150000,8.820000,1770370283.618233
0.010248,0.345016,0.365024,-35.560001,21.840000,13.230000,1770370283.626102
-0.035868,0.355020,0.394060,-34.650002,31.290001,11.200000,1770370283.634108
-0.076128,0.356972,0.445056,-32.410000,37.730000,7.910000,1770370283.642123
-0.103456,0.365756,0.492880,-28.209999,40.040001,6.930000,1770370283.650226
-0.122732,0.350384,0.519720,-24.430000,39.619999,-2.170000,1770370283.658163
-0.118584,0.296704,0.520452,-14.560000,37.799999,-4.060000,1770370283.666116
-0.096380,0.227896,0.517524,-1.680000,36.610001,-7.910000,1770370283.674113
-0.072712,0.165676,0.529236,17.850000,34.580002,-6.440000,1770370283.682261
-0.051972,0.129076,0.586576,35.349998,34.299999,-3.500000,1770370283.690206
-0.040992,0.120292,0.691496,47.110001,38.360001,-0.490000,1770370283.698178
-0.049288,0.123464,0.840824,57.680000,42.209999,6.160000,1770370283.706134
-0.054412,0.122976,1.013576,57.400002,50.049999,8.260000,1770370283.714121
-0.060024,0.103212,1.198040,54.320000,61.180000,12.740000,1770370283.722117
-0.067344,0.075152,1.376648,49.419998,70.139999,17.150000,1770370283.730441
-0.110044,0.039528,1.539152,38.570000,77.209999,22.260000,1770370283.738147
-0.175192,0.007320,1.661884,33.320000,82.879997,27.020000,1770370283.746097
-0.274744,-0.029280,1.724836,18.760000,84.769997,37.240002,1770370283.754118
-0.402356,-0.110044,1.691652,6.300000,92.750000,40.599998,1770370283.762140
-0.530456,-0.225212,1.601616,-3.640000,103.739998,46.830002,1770370283.770181
-0.663192,-0.344528,1.523780,-13.370000,118.650002,39.900002,1770370283.778124
-0.824720,-0.476044,1.454484,-17.709999,133.630005,26.670000,1770370283.786188
-0.948428,-0.563396,1.407880,-26.110001,143.710007,6.020000,1770370283.794099
-1.038220,-0.516548,1.367132,-28.770000,142.660004,-9.380000,1770370283.802102
-1.108004,-0.393816,1.291248,-30.870001,127.820000,-19.879999,1770370283.810160
-1.161196,-0.222528,1.175348,-34.439999,96.739998,-27.580000,1770370283.818204
-1.175348,-0.087352,1.046028,-31.150000,58.240002,-31.500000,1770370283.826751
-1.136796,0.000488,0.909876,-32.619999,13.510000,-35.700001,1770370283.836058
-1.048956,0.063928,0.768600,-31.850000,-14.770000,-37.869999,1770370283.842943
-0.901580,0.122976,0.587308,-22.540001,-58.520000,-44.520000,1770370283.856424
-0.780800,0.182024,0.479704,-17.219999,-66.849998,-44.869999,1770370283.859918
-0.651724,0.245952,0.398696,-12.460000,-82.879997,-47.529999,1770370283.868111
-0.544364,0.299388,0.340868,-8.540000,-92.050003,-47.180000,1770370283.876367
-0.461892,0.333792,0.319884,-9.240000,-95.830002,-51.450001,1770370283.884121
-0.384544,0.345748,0.325496,-14.350000,-93.870003,-55.160000,1770370283.893177
-0.334036,0.342088,0.345504,-14.560000,-88.760002,-52.360001,1770370283.900783
-0.286944,0.347944,0.371124,-16.799999,-79.730003,-50.680000,1770370283.908429
-0.256444,0.350628,0.363072,-14.000000,-70.980003,-47.180000,1770370283.916460
-0.230336,0.323056,0.348188,-12.880000,-63.630001,-40.320000,1770370283.926376
-0.217404,0.288408,0.328180,-10.080000,-60.200001,-29.260000,1770370283.932180
-0.228140,0.144204,0.274012,14.210000,-59.639999,-4.060000,1770370283.947110
-0.243024,0.104920,0.273036,24.780001,-58.660000,3.780000,1770370283.950077
-0.288164,0.032452,0.336476,43.750000,-49.419998,15.330000,1770370283.958168
-0.361852,0.022692,0.565836,66.220001,-23.240000,23.450001,1770370283.968399
-0.419192,0.030744,0.764452,77.279999,-0.840000,23.450001,1770370283.976620
-0.509716,0.051728,1.040172,77.699997,14.140000,16.030001,1770370283.982150
-0.614880,0.050020,1.228296,74.199997,23.309999,16.309999,1770370283.990107
-0.772016,0.012444,1.327116,65.660004,14.350000,11.410000,1770370284.000828
-0.878400,-0.027328,1.380308,56.560001,-12.250000,2.380000,1770370284.011184
-0.907680,-0.108336,1.463756,47.669998,-33.250000,-8.470000,1770370284.017617
-0.906704,-0.232288,1.537932,36.889999,-56.770000,-18.410000,1770370284.024997
-0.793976,-0.355020,1.586732,24.010000,-82.599998,-24.709999,1770370284.032979
-0.583892,-0.472384,1.659444,12.670000,-120.400002,-18.690001,1770370284.044004
-0.436272,-0.534116,1.723860,7.070000,-135.589996,-20.790001,1770370284.049005
-0.254004,-0.555832,1.813164,-6.650000,-150.360001,-16.660000,1770370284.065277
-0.018788,-0.405528,1.801940,-17.850000,-149.800003,-16.660000,1770370284.067587
0.100040,-0.219356,1.644560,-29.820000,-132.160004,-15.190000,1770370284.076173
0.174460,-0.078324,1.451800,-39.200001,-105.139999,-11.900000,1770370284.086919
0.220820,0.039284,1.220000,-50.750000,-76.510002,-9.240000,1770370284.092270
0.234240,0.206180,0.819840,-48.860001,-24.570000,10.920000,1770370284.107241
0.204960,0.256444,0.710528,-47.320000,-6.160000,19.809999,1770370284.116171
0.149572,0.309392,0.582184,-48.020000,17.080000,24.850000,1770370284.123007
0.103212,0.353068,0.520696,-47.110001,29.610001,23.170000,1770370284.130542
0.044164,0.401868,0.461648,-45.430000,40.110001,26.879999,1770370284.137612
-0.028548,0.461892,0.406748,-44.799999,48.369999,22.049999,1770370284.146841
-0.076616,0.484584,0.367220,-42.770000,48.720001,17.010000,1770370284.154093
-0.120292,0.487268,0.327692,-42.700001,44.939999,12.810000,1770370284.163360
-0.143716,0.464332,0.291580,-42.910000,42.910000,10.920000,1770370284.170294
-0.161528,0.437980,0.260592,-37.450001,40.810001,5.530000,1770370284.179335
-0.175192,0.393084,0.218868,-30.030001,43.680000,5.320000,1770370284.191239
-0.178120,0.332572,0.182756,-18.410000,44.799999,4.550000,1770370284.195047
-0.165920,0.268888,0.196176,-5.460000,45.360001,-0.840000,1770370284.202766
-0.162260,0.223504,0.463112,12.880000,50.470001,-6.090000,1770370284.216960
-0.162748,0.223748,0.567056,15.400000,53.900002,-9.590000,1770370284.219413
-0.172508,0.232288,0.849852,20.299999,67.690002,-15.960000,1770370284.228595
-0.206668,0.180804,1.222440,15.260000,87.290001,-16.660000,1770370284.240521
-0.222040,0.161284,1.277828,16.450001,88.690002,-14.840000,1770370284.243440
-0.274256,0.078568,1.437160,14.980000,84.000000,-9.590000,1770370284.253106
-0.360388,-0.008052,1.592344,17.780001,76.860001,-7.280000,1770370284.261539
-0.469212,-0.081008,1.707756,27.860001,60.900002,1.330000,1770370284.267464
-0.550464,-0.099796,1.668960,22.400000,46.270000,3.640000,1770370284.275362
-0.581208,-0.128344,1.531344,14.770000,36.750000,-0.350000,1770370284.283395
-0.580476,-0.220088,1.464976,2.590000,33.810001,7.910000,1770370284.291357
-0.585600,-0.352092,1.476444,-7.000000,41.790001,9.380000,1770370284.299356
-0.624396,-0.487756,1.540616,-12.250000,52.570000,18.340000,1770370284.307355
-0.747128,-0.624884,1.603080,-19.670000,69.580002,4.760000,1770370284.315712
-0.818620,-0.614148,1.574288,-30.660000,83.580002,-7.770000,1770370284.323357
-0.844240,-0.514108,1.417884,-41.299999,87.360001,-16.870001,1770370284.331356
-0.872056,-0.414312,1.202920,-49.630001,75.110001,-23.170000,1770370284.339382
-0.891088,-0.323300,1.004548,-51.099998,53.549999,-25.410000,1770370284.347347
-0.881816,-0.241316,0.891332,-48.299999,32.619999,-27.090000,1770370284.355357
-0.848632,-0.140056,0.819596,-39.970001,12.530000,-25.969999,1770370284.363369
-0.810080,-0.044652,0.740052,-29.680000,-5.040000,-26.670000,1770370284.371371
-0.750056,0.047580,0.626836,-22.330000,-20.230000,-27.090000,1770370284.379371
-0.667584,0.125172,0.519964,-12.040000,-32.689999,-23.870001,1770370284.387352
-0.593652,0.178608,0.428220,-11.900000,-44.799999,-18.760000,1770370284.395372
-0.523380,0.215696,0.352580,-10.570000,-53.549999,-20.790001,1770370284.403387
-0.459208,0.235704,0.294508,-10.080000,-63.349998,-19.320000,1770370284.411374
-0.393816,0.243024,0.250832,-7.980000,-71.120003,-22.400000,1770370284.419414
-0.337940,0.254980,0.209596,-2.100000,-79.519997,-22.959999,1770370284.427359
-0.281820,0.254980,0.182024,0.770000,-86.099998,-21.840000,1770370284.435360
-0.228872,0.254736,0.160308,6.860000,-94.989998,-18.620001,1770370284.443364
-0.177388,0.236436,0.148840,13.440000,-103.180000,-16.870001,1770370284.451389
-0.132248,0.202032,0.147864,22.540001,-107.519997,-6.090000,1770370284.459365
-0.104188,0.157868,0.202520,35.279999,-102.199997,3.080000,1770370284.467371
-0.094672,0.117120,0.328668,46.759998,-84.070000,8.960000,1770370284.475370
-0.101992,0.081496,0.559248,55.650002,-52.919998,16.100000,1770370284.483425
-0.126392,0.062464,0.838140,57.540001,-9.030000,19.110001,1770370284.491359
-0.183000,0.030500,1.094096,57.750000,30.170000,27.440001,1770370284.499367
-0.322080,-0.016836,1.335168,63.349998,58.730000,30.030001,1770370284.507400
-0.540216,-0.091988,1.573312,71.190002,70.349998,32.970001,1770370284.515427
-0.828624,-0.121268,1.757044,76.230003,69.650002,28.559999,1770370284.523358
-1.124840,-0.106628,1.801452,67.339996,63.349998,21.700001,1770370284.531356
-1.256600,-0.121512,1.730936,45.779999,45.919998,8.050000,1770370284.539359
-1.280024,-0.203496,1.671644,28.980000,5.880000,3.920000,1770370284.547367
-1.169248,-0.290116,1.689700,7.000000,-43.750000,-0.140000,1770370284.555404
-1.039196,-0.366732,1.707756,-7.210000,-93.940002,2.310000,1770370284.563383
-0.860588,-0.410896,1.781200,-18.410000,-129.919998,3.290000,1770370284.571354
-0.620736,-0.402600,1.842444,-31.010000,-150.009995,-3.220000,1770370284.579401
-0.396012,-0.329644,1.800964,-38.639999,-159.740005,-3.710000,1770370284.587365
-0.203252,-0.204960,1.640656,-48.509998,-156.940002,-3.430000,1770370284.595365
-0.035624,-0.086132,1.403976,-54.320000,-144.270004,-0.420000,1770370284.603362
0.077592,0.006588,1.148264,-59.430000,-128.940002,3.430000,1770370284.611388
0.159576,0.089792,0.905728,-57.330002,-108.080002,10.080000,1770370284.619382
0.206424,0.150060,0.717848,-52.150002,-89.739998,24.570000,1770370284.627346
0.224236,0.210328,0.593896,-49.910000,-71.400002,30.520000,1770370284.635388
0.212280,0.259372,0.513132,-45.500000,-51.380001,36.680000,1770370284.643353
0.188856,0.298900,0.434808,-42.910000,-33.599998,38.150002,1770370284.651382
0.155428,0.328668,0.353800,-40.529999,-18.830000,40.040001,1770370284.659369
0.118340,0.341112,0.278160,-35.000000,-11.340000,38.919998,1770370284.667369
0.083448,0.345748,0.209108,-34.020000,-5.810000,37.660000,1770370284.675356
0.044164,0.328180,0.163724,-30.170000,-1.470000,34.439999,1770370284.683368
0.021472,0.305244,0.144692,-27.020000,2.940000,28.350000,1770370284.691383
0.011224,0.271328,0.134688,-23.870001,10.500000,26.670000,1770370284.699358
0.005856,0.230092,0.115412,-12.110000,18.620001,21.840000,1770370284.707373
-0.003172,0.178608,0.106628,-1.190000,30.170000,23.660000,1770370284.715385
-0.004880,0.141276,0.165432,13.440000,44.590000,17.920000,1770370284.723364
0.000244,0.112484,0.310612,25.410000,60.689999,13.510000,1770370284.731381
0.002928,0.094672,0.521672,35.630001,81.550003,12.320000,1770370284.739354
-0.004392,0.086376,0.819352,42.000000,102.830002,8.050000,1770370284.747368
-0.017812,0.077104,1.118740,38.779999,123.760002,7.490000,1770370284.755363
-0.047580,0.024156,1.327360,36.959999,136.360001,9.730000,1770370284.763390
-0.098088,-0.066612,1.516216,35.070000,137.059998,14.910000,1770370284.771363
-0.220820,-0.160796,1.739232,37.660000,129.500000,22.260000,1770370284.779400
-0.327692,-0.234240,1.946632,47.040001,108.430000,29.469999,1770370284.787356
-0.371124,-0.247416,2.005680,39.130001,79.449997,37.450001,1770370284.795386
-0.415288,-0.265960,1.877092,21.350000,58.799999,42.910000,1770370284.803384
-0.447740,-0.359900,1.706292,4.130000,61.669998,48.020000,1770370284.811383
-0.532408,-0.491660,1.655296,-10.220000,80.570000,41.580002,1770370284.819369
-0.681492,-0.634644,1.663348,-22.820000,111.089996,24.430000,1770370284.827360
-0.784948,-0.640500,1.612352,-34.580002,143.919998,1.750000,1770370284.835348
-0.859612,-0.495076,1.455216,-37.660000,161.979996,-10.920000,1770370284.843395
-0.943060,-0.290604,1.246108,-34.369999,155.259995,-22.120001,1770370284.851366
-1.022360,-0.127612,1.075796,-33.459999,135.169998,-26.389999,1770370284.859357
-1.057740,-0.014640,0.917440,-33.880001,104.790001,-32.130001,1770370284.867366
-1.051396,0.059780,0.780312,-33.740002,72.239998,-35.139999,1770370284.875357
-1.002596,0.117608,0.661728,-26.320000,38.779999,-38.430000,1770370284.883369
-0.911828,0.182756,0.542168,-22.190001,8.960000,-38.009998,1770370284.891365
-0.805932,0.233264,0.426024,-14.350000,-16.309999,-36.049999,1770370284.899362
-0.701988,0.264984,0.343552,-7.770000,-40.110001,-37.869999,1770370284.907367
-0.604632,0.284992,0.293288,-6.930000,-57.540001,-34.580002,1770370284.915384
-0.514108,0.286700,0.253028,-8.190000,-70.419998,-39.340000,1770370284.923379
-0.434808,0.277672,0.206668,-7.910000,-82.529999,-38.080002,1770370284.931385
-0.359412,0.259128,0.139324,-10.920000,-93.940002,-32.830002,1770370284.939351
-0.293532,0.241072,0.090524,-9.100000,-105.629997,-28.209999,1770370284.947351
-0.239120,0.204228,0.080032,-8.890000,-115.709999,-18.129999,1770370284.955366
-0.186172,0.166896,0.100284,-3.990000,-120.750000,-10.150000,1770370284.963386
-0.148840,0.127368,0.138592,5.180000,-117.739998,-1.190000,1770370284.971412
-0.142008,0.083448,0.254492,14.420000,-100.660004,3.570000,1770370284.979356
-0.150548,0.044652,0.460428,27.860001,-64.680000,7.350000,1770370284.987364
-0.155428,0.011224,0.735904,34.090000,-16.870001,5.670000,1770370284.995388
-0.195932,-0.007320,1.037000,45.290001,34.580002,11.200000,1770370285.003356
-0.321348,-0.040992,1.338584,58.169998,77.139999,19.040001,1770370285.011389
-0.532896,-0.071248,1.598932,69.089996,98.629997,22.400000,1770370285.019368
-0.843996,-0.097844,1.725812,78.330002,100.519997,24.639999,1770370285.027367
-1.141920,-0.109312,1.741428,67.620003,94.500000,18.620001,1770370285.035385
-1.289052,-0.144204,1.723372,50.470001,73.010002,11.200000,1770370285.043363
-1.354200,-0.258152,1.731424,32.689999,33.250000,8.190000,1770370285.051389
-1.323212,-0.411872,1.763632,16.940001,-23.309999,7.070000,1770370285.059575
-1.194136,-0.488732,1.773880,5.950000,-81.410004,8.960000,1770370285.067519
-0.985760,-0.539484,1.760948,-9.800000,-127.610001,8.960000,1770370285.075408
-0.765428,-0.527528,1.714588,-21.209999,-158.130005,6.020000,1770370285.083379
-0.536312,-0.439688,1.629432,-31.219999,-171.990005,-2.030000,1770370285.091426
-0.303780,-0.312076,1.498892,-40.669998,-173.110001,-2.730000,1770370285.099356
-0.113460,-0.206180,1.303204,-45.779999,-168.350006,-1.820000,1770370285.107383
0.036112,-0.107604,1.052616,-50.680000,-160.089996,1.400000,1770370285.115409
0.166652,-0.017812,0.817888,-44.799999,-147.839996,12.390000,1770370285.123397
0.232532,0.072956,0.639524,-36.680000,-132.300003,22.959999,1770370285.131365
0.255224,0.146400,0.506788,-32.900002,-111.720001,35.209999,1770370285.139398
0.259860,0.199348,0.390888,-26.320000,-93.800003,38.570000,1770370285.147354
0.246440,0.239364,0.277184,-26.459999,-72.309998,45.849998,1770370285.155386
0.217404,0.272060,0.166408,-22.469999,-54.740002,44.169998,1770370285.163409
0.177388,0.303780,0.067832,-18.549999,-39.549999,40.950001,1770370285.171365
0.138104,0.322080,-0.005368,-14.980000,-22.889999,34.860001,1770370285.179406
0.101260,0.335256,-0.066368,-6.020000,-9.660000,31.920000,1770370285.187380
0.076860,0.329400,-0.103212,-0.350000,3.080000,24.570000,1770370285.195421
0.057828,0.295484,-0.099064,11.690000,16.379999,18.480000,1770370285.203351
0.058804,0.268156,-0.025620,24.290001,31.430000,14.420000,1770370285.211355
0.068564,0.251808,0.129808,38.220001,51.660000,6.720000,1770370285.219419
0.068808,0.281088,0.336232,53.060001,74.129997,3.430000,1770370285.227372
0.051240,0.317932,0.637816,65.449997,101.220001,-3.290000,1770370285.235384
0.010492,0.336720,1.029924,65.309998,131.039993,-11.270000,1770370285.243351
-0.020008,0.381372,1.288808,59.430000,158.130005,-21.000000,1770370285.251389
-0.064416,0.283528,1.531344,50.330002,182.559998,-18.340000,1770370285.259392
-0.142740,0.237412,1.809992,53.970001,190.119995,-12.530000,1770370285.267361
-0.292800,0.147620,2.227720,57.330002,170.029999,-0.630000,1770370285.275353
-0.469456,-0.214964,2.609336,57.540001,132.649994,6.930000,1770370285.283380
-0.635376,-0.465308,2.480748,59.290001,99.540001,10.080000,1770370285.291380
-0.696132,-0.422364,2.124264,40.880001,75.599998,12.530000,1770370285.299379
-0.707600,-0.482388,1.891976,24.850000,63.700001,20.440001,1770370285.307416
-0.703452,-0.324520,1.692872,19.110001,59.990002,16.030001,1770370285.315350
-0.802760,-0.431880,1.652856,6.650000,69.089996,8.610000,1770370285.323394
-0.870348,-0.414068,1.573800,-10.290000,87.639999,-0.070000,1770370285.331399
-0.927932,-0.318420,1.414224,-22.540001,101.430000,-15.960000,1770370285.339356
-0.957212,-0.207644,1.165100,-35.630001,101.639999,-26.670000,1770370285.347361
-0.974780,-0.124440,0.956968,-35.770000,87.220001,-35.279999,1770370285.355353
-0.947452,-0.017324,0.736148,-39.410000,56.419998,-43.259998,1770370285.363992
-0.915732,-0.018544,0.606584,-39.900002,28.139999,-40.110001,1770370285.371972
-0.859856,-0.000244,0.507520,-38.220001,3.290000,-43.049999,1770370285.379974
-0.782996,0.010980,0.418460,-32.130001,-17.780001,-40.320000,1770370285.387974
-0.694180,0.038064,0.321348,-23.240000,-35.910000,-42.279999,1770370285.395975
-0.602924,0.072712,0.242536,-11.480000,-51.310001,-44.169998,1770370285.404060
-0.523868,0.123464,0.176900,-7.560000,-65.519997,-47.320000,1770370285.412007
-0.447252,0.198616,0.117608,-2.100000,-80.430000,-48.509998,1770370285.420014
-0.368196,0.278892,0.065148,-3.010000,-98.839996,-49.630001,1770370285.428094
-0.275476,0.340380,0.025620,-6.020000,-115.709999,-47.110001,1770370285.435974
-0.197640,0.361852,0.020984,-7.140000,-132.720001,-40.320000,1770370285.443975
-0.120048,0.320616,0.055876,-8.890000,-139.720001,-28.980000,1770370285.451979
-0.060268,0.240828,0.125904,-0.980000,-135.169998,-17.780001,1770370285.459981
-0.013664,0.159332,0.249124,9.870000,-114.029999,-7.420000,1770370285.468022
0.010492,0.089792,0.459696,24.219999,-76.160004,-4.270000,1770370285.476086
0.017568,0.049532,0.730048,41.230000,-24.430000,0.560000,1770370285.484013
-0.010004,0.021228,1.004304,52.080002,36.189999,9.380000,1770370285.491979
-0.123464,-0.021228,1.257576,69.720001,87.360001,23.870001,1770370285.499979
-0.320372,-0.058804,1.503528,84.839996,121.519997,30.940001,1770370285.508062
-0.621712,-0.049776,1.787056,99.750000,129.149994,33.459999,1770370285.516058
-0.993324,-0.063928,2.022272,102.199997,128.869995,26.670000,1770370285.524025
-1.179496,-0.103944,2.064972,76.720001,116.199997,14.350000,1770370285.531980
-1.260992,-0.201544,2.036180,57.330002,80.220001,5.810000,1770370285.540065
-1.269776,-0.365268,1.982988,37.380001,31.850000,3.570000,1770370285.547989
-1.213900,-0.493368,1.867576,18.200001,-26.530001,1.960000,1770370285.556070
-1.084580,-0.546316,1.780468,2.520000,-79.870003,-5.180000,1770370285.563980
-0.908900,-0.521184,1.710196,-16.100000,-118.440002,-5.950000,1770370285.571984
-0.699548,-0.453596,1.615524,-31.219999,-140.910004,-12.390000,1770370285.579994
-0.491660,-0.354532,1.478152,-44.869999,-154.699997,-16.799999,1770370285.587978
-0.307196,-0.262056,1.286612,-54.320000,-158.410004,-14.770000,1770370285.595975
-0.150792,-0.179584,1.064084,-57.189999,-156.589996,-14.070000,1770370285.604003
-0.025132,-0.105896,0.868396,-54.110001,-151.899994,-8.260000,1770370285.611996
0.083936,-0.016836,0.721508,-45.220001,-143.149994,1.330000,1770370285.619983
0.163236,0.082716,0.609268,-37.310001,-129.149994,13.230000,1770370285.627970
0.213256,0.184952,0.509472,-30.309999,-112.629997,21.070000,1770370285.635977
0.246440,0.265960,0.428220,-22.469999,-96.949997,32.130001,1770370285.643972
0.244244,0.316956,0.354288,-24.219999,-80.430000,33.740002,1770370285.651971
0.217160,0.360144,0.263764,-25.200001,-63.279999,35.560001,1770370285.659988
0.176900,0.376492,0.174704,-22.120001,-44.450001,33.320000,1770370285.668071
0.145912,0.389912,0.094916,-22.680000,-26.110001,26.040001,1770370285.675980
0.116876,0.400648,0.017080,-15.750000,-10.360000,18.620001,1770370285.684121
0.092964,0.394304,-0.051972,-10.570000,5.180000,9.730000,1770370285.691995
0.068564,0.379908,-0.085644,-0.210000,22.049999,2.660000,1770370285.699982
0.061732,0.371368,-0.049532,6.860000,39.480000,-5.250000,1770370285.707977
0.063196,0.352092,0.069052,17.990000,59.009998,-5.880000,1770370285.715964
0.058804,0.351116,0.231312,20.650000,80.220001,-10.010000,1770370285.724144
0.032696,0.350628,0.504348,30.240000,104.860001,-15.820000,1770370285.731985
0.007808,0.389424,0.842044,35.840000,134.610001,-21.910000,1770370285.739972
-0.004636,0.426756,1.128256,34.790001,160.160004,-31.150000,1770370285.747968
-0.067832,0.380152,1.365424,27.299999,177.449997,-36.610001,1770370285.755970
-0.145912,0.257908,1.538176,24.290001,179.130005,-37.660000,1770370285.763982
-0.251076,0.091012,1.758020,21.139999,165.339996,-25.410000,1770370285.772071
-0.408944,-0.210572,2.152568,34.439999,137.759995,-13.090000,1770370285.779973
-0.644892,-0.493124,2.413404,57.259998,112.769997,-6.230000,1770370285.788071
-0.728096,-0.488244,2.299944,59.290001,88.620003,-6.300000,1770370285.795975
-0.712724,-0.456280,2.018856,46.619999,65.029999,-6.090000,1770370285.803981
-0.681004,-0.464820,1.759240,31.430000,50.470001,-0.840000,1770370285.812014
-0.681980,-0.504348,1.646024,15.470000,51.169998,-0.840000,1770370285.820034
-0.726876,-0.482632,1.596492,-3.010000,61.669998,-5.670000,1770370285.827975
-0.784216,-0.381372,1.504260,-16.870001,75.459999,-14.070000,1770370285.835993
-0.832284,-0.268156,1.309792,-29.889999,83.790001,-23.379999,1770370285.844078
-0.855708,-0.168360,1.034804,-42.139999,80.220001,-27.790001,1770370285.852016
-0.865224,-0.057828,0.776164,-44.240002,66.989998,-33.950001,1770370285.859974
-0.868640,0.002196,0.606096,-45.220001,50.889999,-31.990000,1770370285.867968
-0.856928,0.028304,0.506056,-43.119999,32.410000,-32.830002,1770370285.875961
-0.814472,0.028304,0.425780,-36.750000,12.180000,-34.369999,1770370285.883961
-0.755424,0.032940,0.324764,-28.980000,-6.650000,-29.469999,1770370285.892030
-0.690520,0.044652,0.232532,-20.790001,-25.900000,-33.950001,1770370285.899974
-0.622200,0.070028,0.170068,-11.200000,-45.849998,-37.730000,1770370285.907979
-0.550220,0.118584,0.132492,-6.020000,-60.200001,-42.279999,1770370285.916005
-0.465308,0.199348,0.109312,1.890000,-76.720001,-42.840000,1770370285.924026
-0.370392,0.242780,0.095404,3.640000,-93.940002,-48.299999,1770370285.931983
-0.288652,0.262300,0.087108,4.410000,-110.529999,-42.560001,1770370285.939981
-0.210572,0.258884,0.088816,3.990000,-126.139999,-34.509998,1770370285.948100
-0.141032,0.213744,0.110776,9.520000,-130.130005,-24.709999,1770370285.955979
-0.095648,0.136152,0.176168,17.850000,-125.510002,-8.820000,1770370285.963982
-0.055144,0.082472,0.291092,26.530001,-109.269997,-1.820000,1770370285.971983
-0.047824,0.051484,0.504592,38.500000,-75.389999,5.250000,1770370285.979981
-0.068808,0.036600,0.809348,45.639999,-25.549999,8.470000,1770370285.987995
-0.106140,0.041968,1.089704,51.450001,27.790001,11.340000,1770370285.996007
-0.232044,0.014396,1.343220,62.090000,69.230003,14.210000,1770370286.003977
-0.433100,-0.050752,1.574288,69.930000,93.660004,20.020000,1770370286.011975
-0.727120,-0.093452,1.815848,80.430000,97.300003,14.560000,1770370286.020011
-1.073600,-0.132248,1.972252,71.959999,95.550003,2.310000,1770370286.027973
-1.185352,-0.190808,1.947852,57.750000,80.360001,-3.850000,1770370286.035975
-1.214632,-0.294264,1.903444,44.869999,45.570000,-3.990000,1770370286.043976
-1.198040,-0.401868,1.849520,27.860001,-7.280000,-2.730000,1770370286.052012
-1.138748,-0.464576,1.793156,16.309999,-66.080002,0.280000,1770370286.060321
-0.998692,-0.443592,1.784128,3.080000,-115.570000,-1.820000,1770370286.068377
-0.824232,-0.375028,1.750456,-13.020000,-142.729996,-9.100000,1770370286.076495
-0.618296,-0.288164,1.669204,-30.100000,-156.800003,-14.630000,1770370286.083992
-0.414312,-0.194956,1.525488,-45.990002,-162.259995,-17.780001,1770370286.092041
-0.228628,-0.113948,1.330288,-57.400002,-163.309998,-20.370001,1770370286.099988
-0.078324,-0.041236,1.104344,-62.020000,-160.649994,-17.639999,1770370286.107979
0.046604,0.023424,0.890356,-57.889999,-155.820007,-10.710000,1770370286.116019
0.154696,0.101748,0.720776,-49.770000,-149.449997,-1.960000,1770370286.123982
0.216184,0.190564,0.589260,-40.529999,-135.589996,7.700000,1770370286.131989
0.256688,0.276696,0.488732,-33.180000,-119.699997,16.660000,1770370286.139984
0.274988,0.348920,0.398208,-32.759998,-101.430000,19.250000,1770370286.148058
0.275232,0.394548,0.307440,-31.290001,-80.080002,24.850000,1770370286.156068
0.252540,0.432856,0.215696,-30.870001,-57.750000,22.750000,1770370286.164008
0.223016,0.452864,0.129808,-32.130001,-36.889999,16.590000,1770370286.171978
0.181536,0.463356,0.041724,-28.000000,-15.470000,16.450001,1770370286.179977
0.151524,0.463112,-0.039772,-21.629999,1.960000,6.720000,1770370286.187972
0.124440,0.442616,-0.081252,-14.560000,20.299999,3.990000,1770370286.196144
0.099796,0.400404,-0.079056,-4.130000,38.500000,0.770000,1770370286.203981
0.086376,0.355752,0.010736,6.510000,58.939999,-4.620000,1770370286.211984
0.075396,0.315492,0.169580,21.000000,80.150002,-4.760000,1770370286.220232
0.045628,0.258396,0.406992,28.070000,103.529999,-7.560000,1770370286.228058
0.026840,0.321836,0.732000,34.230000,126.070000,-12.810000,1770370286.235970
-0.015128,0.350140,1.072136,35.770000,144.199997,-21.559999,1770370286.243972
-0.038064,0.296948,1.281976,27.090000,156.800003,-24.709999,1770370286.251956
-0.093208,0.178120,1.455460,28.000000,157.570007,-22.049999,1770370286.259979
-0.195932,0.051240,1.583316,32.549999,149.380005,-11.690000,1770370286.268013
-0.304756,-0.207888,1.860012,50.540001,121.870003,0.280000,1770370286.275977
-0.464576,-0.446276,2.147200,69.370003,95.410004,17.360001,1770370286.283979
-0.613416,-0.502640,2.126948,68.110001,77.769997,11.760000,1770370286.291975
-0.592676,-0.507520,2.000068,47.110001,66.010002,9.380000,1770370286.299972
-0.575596,-0.575352,1.818532,25.549999,60.340000,15.190000,1770370286.308027
-0.569008,-0.647576,1.697264,17.219999,65.800003,13.300000,1770370286.316058
-0.632204,-0.674660,1.679940,10.010000,82.529999,8.960000,1770370286.323987
-0.717116,-0.547292,1.657492,3.010000,101.989998,-3.990000,1770370286.331982
-0.804224,-0.416264,1.555744,-9.660000,115.570000,-14.980000,1770370286.340038
-0.879376,-0.290604,1.351516,-25.129999,119.559998,-20.930000,1770370286.347960
-0.913536,-0.114924,1.063108,-35.560001,110.879997,-25.270000,1770370286.355958
-0.933544,-0.112972,0.836188,-40.389999,89.320000,-29.330000,1770370286.363977
-0.925492,-0.026596,0.618784,-46.130001,61.110001,-29.049999,1770370286.371957
-0.898164,0.013664,0.484584,-45.639999,33.180000,-30.660000,1770370286.379972
-0.849852,0.061000,0.400404,-36.750000,8.400000,-27.510000,1770370286.388102
-0.792512,0.108580,0.345016,-27.440001,-9.310000,-27.790001,1770370286.395969
-0.733952,0.164944,0.295240,-16.450001,-25.900000,-27.860001,1770370286.404001
-0.661484,0.221308,0.256688,-11.690000,-39.549999,-31.990000,1770370286.412027
-0.593896,0.273768,0.209840,-6.580000,-58.660000,-33.040001,1770370286.420033
-0.515572,0.335744,0.170312,-3.570000,-73.849998,-35.490002,1770370286.428061
-0.435052,0.388204,0.140788,-2.660000,-92.400002,-32.340000,1770370286.435978
-0.350872,0.405772,0.123220,-1.120000,-112.279999,-27.090000,1770370286.444017
-0.280112,0.356484,0.116632,-5.810000,-129.360001,-20.930000,1770370286.451990
-0.213988,0.275720,0.099308,-3.570000,-137.270004,-3.780000,1770370286.459981
-0.166652,0.198860,0.110044,4.060000,-136.570007,4.340000,1770370286.467977
-0.132492,0.146644,0.192516,12.880000,-121.589996,15.400000,1770370286.476009
-0.122976,0.130784,0.388448,27.510000,-88.760002,17.010000,1770370286.484018
-0.122244,0.138348,0.659288,31.850000,-43.889999,20.160000,1770370286.492020
-0.136152,0.135908,0.929152,41.020000,9.310000,18.969999,1770370286.499977
-0.224480,0.094428,1.187548,48.650002,49.840000,26.879999,1770370286.507977
-0.383080,0.006100,1.435696,58.869999,74.830002,25.129999,1770370286.516110
-0.615856,-0.049776,1.695556,71.330002,78.820000,24.709999,1770370286.524077
-0.884988,-0.109556,1.945656,72.099998,72.940002,15.470000,1770370286.532054
-1.024068,-0.182024,2.037888,62.299999,59.150002,9.310000,1770370286.539995
-1.052616,-0.274988,2.029592,47.320000,26.040001,8.610000,1770370286.547975
-1.042124,-0.431392,1.971032,31.990000,-16.379999,11.830000,1770370286.555974
-0.982100,-0.530700,1.873920,24.360001,-62.299999,12.530000,1770370286.563956
-0.862540,-0.551196,1.824144,9.800000,-98.629997,3.780000,1770370286.571980
-0.711992,-0.495808,1.785348,-0.210000,-120.820000,1.120000,1770370286.580121
-0.537288,-0.392352,1.710440,-18.129999,-130.690002,-6.650000,1770370286.588036
-0.358436,-0.268888,1.593564,-35.209999,-132.509995,-9.030000,1770370286.595981
-0.202764,-0.168848,1.410808,-49.770000,-128.800003,-14.630000,1770370286.603974
-0.073688,-0.097112,1.183888,-60.970001,-124.389999,-12.040000,1770370286.611990
0.031232,-0.024888,0.963312,-61.529999,-120.050003,-10.850000,1770370286.619973
0.111264,0.071980,0.776408,-58.869999,-113.190002,2.870000,1770370286.627982
0.161772,0.158112,0.644160,-52.220001,-101.500000,9.590000,1770370286.636000
0.191296,0.246196,0.537044,-44.660000,-88.550003,17.920000,1770370286.643987
0.200324,0.316468,0.435784,-41.790001,-75.879997,24.920000,1770370286.651979
0.177876,0.379176,0.326716,-38.220001,-59.009998,25.900000,1770370286.659963
0.154452,0.420900,0.236192,-37.240002,-44.869999,29.820000,1770370286.668114
0.128588,0.448716,0.165432,-33.320000,-30.799999,22.190001,1770370286.675974
0.107360,0.456280,0.100284,-28.910000,-18.270000,22.190001,1770370286.684099
0.087108,0.460184,0.039284,-27.020000,-5.460000,15.540000,1770370286.691976
0.069052,0.427244,-0.013420,-17.570000,5.460000,14.070000,1770370286.699988
0.061732,0.380152,-0.041236,-10.220000,18.830000,14.000000,1770370286.707975
0.054656,0.334280,-0.001220,1.120000,32.270000,9.870000,1770370286.715960
0.054900,0.297436,0.126148,14.910000,49.840000,8.610000,1770370286.724083
0.044652,0.231312,0.330132,21.070000,70.209999,8.750000,1770370286.732004
0.036356,0.294020,0.567300,30.799999,92.680000,5.040000,1770370286.739973
-0.001220,0.329644,0.885476,32.340000,118.160004,-3.150000,1770370286.747969
-0.016836,0.359412,1.133136,28.629999,139.509995,-4.760000,1770370286.755960
-0.061244,0.303780,1.309060,24.570000,151.690002,-11.340000,1770370286.763960
-0.121756,0.207644,1.430572,17.850000,151.619995,-11.270000,1770370286.771982
-0.214964,0.027328,1.592100,24.780001,140.350006,-0.630000,1770370286.780113
-0.331108,-0.198128,1.867576,37.029999,120.610001,7.210000,1770370286.787980
-0.454328,-0.387960,2.093032,49.910000,99.750000,15.330000,1770370286.795979
-0.527528,-0.466528,2.048136,44.169998,84.000000,12.110000,1770370286.803978
-0.518744,-0.519964,1.881240,26.110001,73.010002,11.200000,1770370286.811978
-0.512156,-0.571448,1.732888,17.780001,70.910004,14.770000,1770370286.820086
-0.548756,-0.606828,1.659200,10.220000,80.360001,13.720000,1770370286.828040
-0.654652,-0.603412,1.645048,3.010000,99.889999,6.440000,1770370286.835966
-0.762500,-0.513864,1.602836,-7.700000,121.169998,-6.300000,1770370286.844058
-0.845948,-0.365268,1.493524,-21.910000,134.960007,-15.610000,1770370286.852002
-0.917440,-0.206668,1.294908,-36.540001,136.850006,-25.830000,1770370286.859988
-0.969656,-0.054656,1.049200,-49.840000,123.339996,-29.680000,1770370286.868211
-1.000888,0.088572,0.814472,-53.549999,100.099998,-34.509998,1770370286.875962
-1.006988,0.166164,0.644892,-50.119999,72.449997,-35.279999,1770370286.883989
-0.989176,0.193980,0.532896,-43.750000,43.610001,-25.480000,1770370286.892071
-0.964532,0.185928,0.452132,-37.520000,16.240000,-20.719999,1770370286.900063
-0.912072,0.179096,0.369416,-30.660000,-7.350000,-18.200001,1770370286.907971
-0.830820,0.180072,0.283528,-28.139999,-28.490000,-20.580000,1770370286.915964
-0.733952,0.193736,0.213012,-22.889999,-50.540001,-18.620001,1770370286.924048
-0.637816,0.215696,0.159576,-18.200001,-68.879997,-23.590000,1770370286.932027
-0.542412,0.250100,0.129320,-16.799999,-88.059998,-24.780001,1770370286.940013
-0.441884,0.286212,0.111264,-16.940001,-108.010002,-23.030001,1770370286.948065
-0.350384,0.281576,0.096136,-17.920000,-127.820000,-20.230000,1770370286.955974
-0.271572,0.237168,0.079056,-15.540000,-146.580002,-10.850000,1770370286.963959
-0.204472,0.148840,0.070760,-12.530000,-153.649994,0.840000,1770370286.971982
-0.153964,0.073932,0.096136,0.140000,-151.830002,11.410000,1770370286.979986
-0.115656,0.024400,0.198372,14.770000,-135.800003,19.180000,1770370286.988035
-0.107604,-0.012932,0.404552,30.240000,-100.730003,22.750000,1770370286.995977
-0.102968,-0.037820,0.701500,46.340000,-48.369999,22.750000,1770370287.003975
-0.095892,-0.056364,0.999180,57.400002,10.710000,20.370001,1770370287.012047
-0.188856,-0.108336,1.262700,71.540001,59.290001,20.370001,1770370287.019974
-0.381616,-0.153232,1.494012,86.169998,88.410004,18.690001,1770370287.028107
-0.658800,-0.151036,1.713856,94.290001,97.650002,13.510000,1770370287.036001
-0.953064,-0.136640,1.863916,84.629997,91.000000,11.200000,1770370287.043996
-1.132160,-0.176656,1.895880,61.110001,76.650002,-0.070000,1770370287.051966
-1.177788,-0.300364,1.887828,38.430000,42.700001,-3.080000,1770370287.060054
-1.153388,-0.450912,1.868308,21.070000,-12.810000,-1.960000,1770370287.068228
-1.072136,-0.568764,1.844884,6.650000,-72.239998,-1.260000,1770370287.076181
-0.937692,-0.589504,1.845860,-0.910000,-114.589996,-1.190000,1770370287.083994
-0.758840,-0.529724,1.825852,-13.370000,-141.820007,0.420000,1770370287.091998
-0.559492,-0.405284,1.756800,-24.219999,-153.369995,-6.440000,1770370287.100122
-0.364780,-0.256444,1.623820,-38.779999,-152.250000,-9.030000,1770370287.107975
-0.196664,-0.126880,1.431060,-53.900002,-144.899994,-7.700000,1770370287.115972
-0.056120,-0.020984,1.193160,-60.480000,-135.100006,-7.980000,1770370287.123991
0.052948,0.052216,0.950380,-61.740002,-125.720001,0.070000,1770370287.132011
0.125904,0.124684,0.731756,-55.790001,-114.940002,14.770000,1770370287.139991
0.163480,0.191784,0.569008,-47.459999,-103.320000,21.840000,1770370287.147976
0.182024,0.263032,0.460184,-41.090000,-88.760002,31.080000,1770370287.155972
0.187636,0.324764,0.363072,-37.590000,-74.129997,31.080000,1770370287.163957
0.182756,0.383812,0.273036,-33.529999,-57.259998,36.330002,1770370287.171988
0.163480,0.411872,0.195200,-31.780001,-43.119999,31.920000,1770370287.180010
0.138104,0.425048,0.148352,-29.330000,-31.990000,29.190001,1770370287.188041
0.110288,0.425048,0.106384,-23.870001,-20.930000,24.500000,1770370287.196004
0.081252,0.417240,0.066856,-20.020000,-10.430000,22.120001,1770370287.204017
0.062708,0.392840,0.026352,-11.900000,-0.420000,17.850000,1770370287.212015
0.051728,0.352580,-0.010980,-4.900000,12.390000,13.020000,1770370287.219972
0.041968,0.309392,-0.000244,6.860000,26.600000,14.000000,1770370287.228039
0.034648,0.273524,0.090768,18.129999,44.169998,9.030000,1770370287.235988
0.036112,0.253760,0.256200,30.660000,61.250000,5.530000,1770370287.243987
0.011224,0.291824,0.463112,33.880001,81.760002,-0.560000,1770370287.251970
-0.012200,0.294996,0.765184,38.290001,104.510002,-8.470000,1770370287.259959
-0.031476,0.349652,1.052860,34.650002,128.100006,-16.520000,1770370287.268064
-0.089304,0.318420,1.256112,27.650000,148.399994,-19.250000,1770370287.275954
-0.168604,0.206424,1.440332,23.730000,160.580002,-21.490000,1770370287.283965
-0.272792,0.101992,1.632848,21.420000,161.490005,-14.000000,1770370287.291980
-0.385032,-0.041236,1.912228,31.290001,140.070007,-1.050000,1770370287.299998
-0.497028,-0.318664,2.117188,45.009998,109.410004,6.020000,1770370287.307969
-0.620980,-0.433832,2.073756,49.209999,81.339996,9.170000,1770370287.315971
-0.615856,-0.469944,1.908080,41.650002,64.120003,3.710000,1770370287.324177
-0.611464,-0.523136,1.770952,28.350000,58.029999,13.650000,1770370287.331995
-0.628544,-0.516548,1.688480,19.180000,60.270000,14.420000,1770370287.339970
-0.700280,-0.477264,1.688724,8.330000,72.239998,8.190000,1770370287.347972
-0.788364,-0.396988,1.674328,-6.860000,86.309998,-4.970000,1770370287.355984
-0.869860,-0.278404,1.576484,-27.090000,97.650002,-18.620001,1770370287.363954
-0.912804,-0.152988,1.365180,-44.240002,101.080002,-24.639999,1770370287.371962
-0.945012,-0.082228,1.098000,-59.220001,91.699997,-30.309999,1770370287.379976
-0.958676,-0.012200,0.837408,-65.099998,70.000000,-30.240000,1770370287.388104
-0.966728,0.065880,0.626104,-61.459999,47.459999,-29.330000,1770370287.395979
-0.944280,0.070516,0.515328,-49.980000,22.750000,-26.530001,1770370287.403981
-0.908656,0.104188,0.447740,-41.720001,0.210000,-22.120001,1770370287.411980
-0.850584,0.114924,0.382836,-32.340000,-18.690001,-24.850000,1770370287.420091
-0.773480,0.125416,0.301340,-24.780001,-37.590000,-26.530001,1770370287.428039
-0.689544,0.136640,0.230580,-20.650000,-55.090000,-30.450001,1770370287.436021
-0.607560,0.170068,0.163724,-16.030001,-70.489998,-32.689999,1770370287.443980
-0.529480,0.216672,0.117120,-14.700000,-87.500000,-37.099998,1770370287.451981
-0.445788,0.259128,0.092964,-13.230000,-103.949997,-39.549999,1770370287.459970
-0.355996,0.284016,0.087840,-13.020000,-119.699997,-33.459999,1770370287.467968
-0.274012,0.247172,0.107360,-13.790000,-131.250000,-27.440001,1770370287.475975
-0.194468,0.166652,0.110288,-9.520000,-138.880005,-14.420000,1770370287.484009
-0.141276,0.097112,0.124196,-3.150000,-139.929993,-1.400000,1770370287.492020
-0.111020,0.035624,0.215696,10.990000,-129.149994,10.990000,1770370287.499978
-0.091256,0.003416,0.418460,27.860001,-102.410004,21.070000,1770370287.507978
-0.100528,-0.026596,0.699304,42.349998,-55.650002,16.660000,1770370287.516010
-0.110288,-0.064172,0.986248,52.990002,-3.710000,22.750000,1770370287.524055
-0.184464,-0.110776,1.196576,62.439999,39.619999,20.160000,1770370287.531990
-0.335988,-0.184952,1.352736,81.059998,66.150002,23.240000,1770370287.539986
-0.545828,-0.220088,1.562820,99.680000,71.540001,24.850000,1770370287.547960
-0.801540,-0.200568,1.789740,100.730003,62.580002,16.940001,1770370287.555999
-0.965752,-0.202276,1.952000,82.739998,47.880001,8.610000,1770370287.564048
-0.986492,-0.275964,2.009340,56.560001,21.209999,-2.380000,1770370287.572020
-0.941840,-0.416996,2.001044,32.340000,-15.260000,-2.730000,1770370287.579974
-0.830576,-0.539484,1.968104,18.340000,-60.200001,-1.820000,1770370287.587974
-0.711504,-0.559736,1.962004,9.100000,-92.750000,-0.910000,1770370287.595983
-0.576328,-0.469212,1.941264,-1.540000,-110.459999,-0.910000,1770370287.604033
-0.423828,-0.321104,1.851716,-17.850000,-113.610001,-5.880000,1770370287.611972
-0.274012,-0.180560,1.669448,-32.410000,-109.059998,-5.880000,1770370287.619960
-0.143716,-0.081496,1.416420,-44.240002,-103.599998,-5.320000,1770370287.627981
-0.049776,-0.013420,1.145824,-51.099998,-96.180000,-3.360000,1770370287.635992
0.019276,0.043432,0.874496,-47.110001,-90.510002,6.230000,1770370287.644060
0.061244,0.113460,0.674904,-40.110001,-82.599998,17.780001,1770370287.651982
0.077592,0.194468,0.532652,-31.850000,-73.080002,26.879999,1770370287.660124
0.084668,0.282796,0.440420,-26.809999,-59.779999,32.410000,1770370287.668075
0.081740,0.342332,0.377468,-24.780001,-46.340000,36.119999,1770370287.675981
0.071004,0.396256,0.325984,-24.570000,-35.349998,34.299999,1770370287.683989
0.055144,0.440908,0.276696,-25.480000,-26.670000,32.130001,1770370287.692080
0.039040,0.458964,0.234484,-25.760000,-18.129999,25.549999,1770370287.699995
0.018788,0.468968,0.200080,-22.330000,-12.250000,22.400000,1770370287.708076
0.008296,0.461892,0.152012,-17.990000,-4.130000,15.680000,1770370287.715992
0.001220,0.440664,0.094428,-8.330000,2.310000,12.670000,1770370287.723970
-0.002928,0.415288,0.042700,-0.700000,9.800000,6.230000,1770370287.731997
-0.004636,0.404064,0.045628,10.570000,21.070000,7.140000,1770370287.740035
-0.017080,0.388204,0.118340,15.260000,34.509998,4.270000,1770370287.748079
-0.017812,0.381372,0.290848,24.850000,50.330002,-1.400000,1770370287.755975
-0.030988,0.403576,0.547780,31.150000,70.489998,-4.900000,1770370287.763973
-0.034892,0.433100,0.836920,27.650000,93.449997,-17.850000,1770370287.771982
-0.036600,0.447740,1.088484,27.510000,115.290001,-24.360001,1770370287.780062
-0.061488,0.361852,1.319064,24.080000,132.649994,-28.629999,1770370287.787969
-0.111752,0.230824,1.484496,21.770000,139.509995,-28.139999,1770370287.795966
-0.161772,0.117120,1.697752,26.530001,128.729996,-17.080000,1770370287.803982
-0.257664,-0.165188,2.045696,34.650002,106.190002,-1.960000,1770370287.811978
-0.388692,-0.336964,2.258464,51.939999,87.010002,12.460000,1770370287.819983
-0.518500,-0.357704,2.199904,45.779999,73.779999,13.230000,1770370287.828054
-0.514596,-0.379664,1.984452,30.309999,65.029999,15.330000,1770370287.836024
-0.512400,-0.453840,1.752896,16.730000,66.010002,20.719999,1770370287.843981
-0.538020,-0.517524,1.608448,3.570000,75.599998,21.700001,1770370287.851976
-0.627812,-0.584868,1.559160,-7.980000,90.860001,22.330000,1770370287.859978
-0.733708,-0.573644,1.507920,-19.110001,107.449997,5.880000,1770370287.868157
-0.827648,-0.495808,1.399584,-30.520000,119.419998,-2.170000,1770370287.875974
-0.914756,-0.363072,1.193648,-37.240002,119.419998,-9.660000,1770370287.883966
-0.968436,-0.234240,0.937204,-43.330002,105.070000,-17.430000,1770370287.892018
-0.986736,-0.090036,0.736636,-43.680000,78.680000,-19.809999,1770370287.899985
-0.991372,0.010248,0.602680,-45.990002,49.139999,-25.900000,1770370287.907979
-0.959408,0.082228,0.513376,-42.279999,21.420000,-23.799999,1770370287.915996
-0.887672,0.118340,0.450180,-33.459999,-4.130000,-24.360001,1770370287.924116
-0.810080,0.136640,0.376980,-27.440001,-22.680000,-25.830000,1770370287.931993
-0.723948,0.148108,0.276940,-19.740000,-40.669998,-28.070000,1770370287.939979
-0.632448,0.166652,0.203496,-12.670000,-58.310001,-31.150000,1770370287.947975
-0.542656,0.200812,0.156648,-9.870000,-72.660004,-33.389999,1770370287.955954
-0.454328,0.248392,0.122732,-4.340000,-89.599998,-36.049999,1770370287.963964
-0.351360,0.284748,0.107360,-6.440000,-105.629997,-37.380001,1770370287.972062
-0.259372,0.297436,0.101260,-6.300000,-122.570000,-31.780001,1770370287.979998
-0.180804,0.255712,0.117608,-4.690000,-135.240005,-20.230000,1770370287.987973
-0.116876,0.182024,0.151768,-0.420000,-135.380005,-7.910000,1770370287.995980
-0.074420,0.121024,0.240340,12.880000,-121.940002,2.800000,1770370288.003986
-0.054168,0.079544,0.411384,24.990000,-93.309998,11.060000,1770370288.012045
-0.052948,0.063684,0.652212,35.419998,-49.139999,9.800000,1770370288.019974
-0.066856,0.046360,0.889624,43.750000,1.400000,13.090000,1770370288.028063
-0.124928,0.021716,1.055056,54.110001,43.610001,18.270000,1770370288.036087
-0.266448,-0.036600,1.205360,72.449997,71.120003,19.809999,1770370288.043976
-0.483120,-0.093696,1.475956,88.410004,82.529999,28.770000,1770370288.051977
-0.757132,-0.085400,1.819996,96.739998,83.230003,29.120001,1770370288.060138
-1.010160,-0.072956,2.026908,81.620003,79.449997,19.389999,1770370288.068287
-1.074088,-0.144448,2.030812,61.110001,61.250000,7.490000,1770370288.076084
-1.066280,-0.254736,1.950780,42.700001,25.410000,1.400000,1770370288.084006
-1.023580,-0.365024,1.860012,25.760000,-19.110001,0.770000,1770370288.092029
-0.917684,-0.420168,1.813164,9.870000,-63.910000,-0.280000,1770370288.100080
-0.781288,-0.414312,1.784860,-6.440000,-94.500000,-2.870000,1770370288.107981
-0.624884,-0.366000,1.712636,-21.350000,-114.589996,-11.270000,1770370288.115978
-0.455548,-0.287676,1.592588,-35.209999,-123.480003,-10.500000,1770370288.124009
-0.301340,-0.189344,1.411784,-48.860001,-124.669998,-12.040000,1770370288.132000
-0.183488,-0.121268,1.201944,-56.000000,-120.120003,-10.010000,1770370288.139966
-0.079788,-0.038552,0.982344,-55.090000,-114.800003,-6.580000,1770370288.148043
0.002196,0.028060,0.775188,-52.220001,-106.750000,2.100000,1770370288.156220
0.071736,0.123708,0.639280,-42.349998,-98.419998,12.180000,1770370288.163956
0.112240,0.220088,0.556808,-38.009998,-88.339996,17.920000,1770370288.171979
0.136640,0.295728,0.494344,-31.990000,-77.419998,25.900000,1770370288.179985
0.141520,0.349652,0.410652,-30.450001,-66.989998,28.139999,1770370288.188052
0.125416,0.389424,0.332816,-31.639999,-56.980000,28.490000,1770370288.196350
0.104432,0.395768,0.252784,-28.700001,-48.439999,28.700001,1770370288.203988
0.083936,0.386496,0.178608,-30.520000,-39.200001,25.760000,1770370288.211979
0.071004,0.371612,0.128100,-27.090000,-31.430000,23.100000,1770370288.219979
0.061488,0.353312,0.093696,-21.910000,-20.440001,19.250000,1770370288.228004
0.050508,0.333548,0.061244,-14.350000,-7.000000,14.770000,1770370288.235975
0.050996,0.309392,0.058072,-1.750000,8.610000,7.770000,1770370288.243970
0.059780,0.285236,0.128832,11.130000,27.580000,1.750000,1770370288.251973
0.061488,0.279380,0.286700,24.639999,48.509998,2.170000,1770370288.259970
0.060756,0.286212,0.537776,36.189999,73.570000,-7.770000,1770370288.267964
0.045384,0.324276,0.845704,40.250000,106.540001,-9.450000,1770370288.276058
0.046360,0.358924,1.098488,38.779999,134.889999,-20.580000,1770370288.284007
0.000000,0.351604,1.259528,32.970001,159.529999,-19.879999,1770370288.291957
-0.061244,0.259128,1.416420,32.689999,168.279999,-19.110001,1770370288.299983
-0.128344,0.135420,1.621380,32.970001,160.020004,-13.160000,1770370288.307972
-0.226676,-0.058560,1.945900,39.759998,136.289993,2.310000,1770370288.315975
-0.367708,-0.248880,2.170136,50.540001,110.110001,7.630000,1770370288.323993
-0.515572,-0.287920,2.129876,46.549999,87.639999,14.910000,1770370288.331994
-0.568032,-0.294752,1.979816,30.520000,76.580002,11.340000,1770370288.339978
-0.571936,-0.347456,1.785836,12.110000,74.760002,15.820000,1770370288.348004
-0.601704,-0.399672,1.638948,-2.100000,79.660004,18.480000,1770370288.356056
-0.682712,-0.462868,1.599420,-14.910000,93.309998,16.100000,1770370288.363952
-0.815448,-0.434076,1.530124,-29.750000,111.160004,8.750000,1770370288.371963
-0.910120,-0.413336,1.414468,-42.560001,122.220001,-8.470000,1770370288.379971
-0.964776,-0.334280,1.176568,-57.610001,122.220001,-14.840000,1770370288.387975
-0.989176,-0.251320,0.903288,-65.169998,108.989998,-23.379999,1770370288.395963
-0.993324,-0.153232,0.671488,-60.970001,82.879997,-24.920000,1770370288.403992
-0.997228,-0.062464,0.541680,-53.340000,53.130001,-25.760000,1770370288.412133
-0.977220,-0.000732,0.485804,-38.639999,23.870001,-28.209999,1770370288.419975
-0.929396,0.044164,0.425536,-29.330000,-2.730000,-24.290001,1770370288.428199
-0.845216,0.080032,0.345748,-22.680000,-23.590000,-28.420000,1770370288.435994
-0.747372,0.104188,0.267912,-14.700000,-42.910000,-29.120001,1770370288.444004
-0.645380,0.125660,0.220332,-12.320000,-60.759998,-31.219999,1770370288.451984
-0.549976,0.175924,0.166652,-8.260000,-76.860001,-37.310001,1770370288.459977
-0.459696,0.211304,0.137616,-6.580000,-93.519997,-37.380001,1770370288.467964
-0.366976,0.230092,0.112484,-8.260000,-108.919998,-41.580002,1770370288.476024
-0.266448,0.239608,0.110288,-5.670000,-124.459999,-34.720001,1770370288.483985
-0.182756,0.206912,0.120780,-7.560000,-133.699997,-24.639999,1770370288.491978
-0.117608,0.158356,0.151036,2.660000,-136.360001,-14.280000,1770370288.499989
-0.076372,0.099308,0.210328,15.120000,-131.179993,0.980000,1770370288.507982
-0.040016,0.062952,0.356484,28.139999,-109.129997,5.670000,1770370288.516012
-0.039528,0.050020,0.588040,43.119999,-70.559998,10.500000,1770370288.523981
-0.054900,0.071736,0.868884,51.099998,-22.469999,14.980000,1770370288.532001
-0.099308,0.082716,1.086532,60.340000,25.129999,19.180000,1770370288.540021
-0.228384,0.043676,1.223904,70.910004,60.270000,27.440001,1770370288.548065
-0.419924,-0.013176,1.376404,80.849998,77.489998,29.469999,1770370288.555984
-0.669292,-0.031232,1.620648,89.879997,81.760002,27.719999,1770370288.563969
-0.942572,-0.042700,1.828780,73.639999,82.459999,21.000000,1770370288.571980
-1.044076,-0.107604,1.863672,55.650002,71.330002,6.510000,1770370288.580054
-1.053348,-0.246196,1.846348,40.529999,42.349998,1.960000,1770370288.587982
-1.043588,-0.381372,1.812432,25.340000,-0.070000,0.210000,1770370288.595981
-0.980636,-0.480436,1.810968,15.890000,-43.259998,4.480000,1770370288.603976
-0.869860,-0.504348,1.822680,0.350000,-80.639999,2.170000,1770370288.611970
-0.719312,-0.452864,1.786568,-13.020000,-105.419998,3.010000,1770370288.620094
-0.564128,-0.364048,1.688236,-28.420000,-116.410004,-2.170000,1770370288.627978
-0.404308,-0.265228,1.525732,-43.680000,-119.910004,-3.920000,1770370288.635993
-0.268888,-0.169824,1.322724,-51.450001,-118.370003,-5.320000,1770370288.644010
-0.162504,-0.084180,1.106540,-56.419998,-114.029999,0.070000,1770370288.652022
-0.071980,-0.005124,0.923296,-53.759998,-107.730003,3.990000,1770370288.659977
0.009760,0.108336,0.765672,-48.090000,-101.430000,13.790000,1770370288.667968
0.064660,0.220576,0.654652,-41.650002,-92.610001,24.639999,1770370288.675982
0.089548,0.308904,0.573156,-33.810001,-83.300003,31.639999,1770370288.684035
0.108824,0.390156,0.490684,-32.689999,-74.760002,34.509998,1770370288.691979
0.100284,0.434320,0.402844,-31.360001,-69.860001,41.160000,1770370288.700013
0.088572,0.451888,0.306464,-33.459999,-64.190002,34.439999,1770370288.708043
0.074176,0.447740,0.209840,-32.689999,-60.410000,28.559999,1770370288.716058
0.062220,0.422364,0.130052,-28.559999,-51.869999,23.379999,1770370288.723980
0.059292,0.399184,0.044408,-26.879999,-43.119999,16.799999,1770370288.732008
0.058804,0.374784,-0.032208,-16.240000,-31.010000,12.740000,1770370288.740046
0.058560,0.351604,-0.075396,-8.890000,-14.700000,5.670000,1770370288.747984
0.065880,0.339160,-0.049044,2.240000,2.870000,3.010000,1770370288.755981
0.078080,0.327936,0.056364,14.770000,23.940001,1.610000,1770370288.763967
0.073688,0.325496,0.254004,21.770000,50.820000,-2.520000,1770370288.772065
0.058560,0.324032,0.574864,31.150000,80.779999,-10.360000,1770370288.779979
0.039040,0.378932,0.913780,33.740002,110.949997,-21.910000,1770370288.787965
0.016592,0.401868,1.140700,31.639999,141.820007,-29.540001,1770370288.795977
-0.069052,0.343064,1.333216,31.920000,165.130005,-34.580002,1770370288.803975
-0.187148,0.251076,1.496452,23.940001,177.380005,-30.660000,1770370288.812051
-0.296216,0.119072,1.687992,31.990000,166.600006,-24.430000,1770370288.820005
-0.440664,-0.123952,1.989332,43.889999,139.089996,-6.790000,1770370288.827973
-0.621468,-0.332328,2.165256,58.240002,111.089996,5.110000,1770370288.835981
-0.752496,-0.357704,2.068144,53.970001,80.570000,3.220000,1770370288.843970
-0.718336,-0.371612,1.862940,34.230000,54.669998,7.630000,1770370288.852033
-0.681492,-0.428952,1.707024,19.950001,40.669998,9.730000,1770370288.859978
-0.661728,-0.488000,1.637484,2.030000,38.290001,17.360001,1770370288.867965
-0.687592,-0.514108,1.632116,-12.880000,49.560001,12.670000,1770370288.875967
-0.742004,-0.516548,1.570140,-26.809999,61.459999,9.170000,1770370288.883982
-0.788120,-0.442616,1.421544,-43.680000,73.220001,-0.490000,1770370288.892084
-0.816912,-0.347944,1.216584,-51.310001,77.139999,-4.060000,1770370288.899968
-0.837164,-0.224236,0.988688,-53.689999,72.379997,-5.880000,1770370288.907983
-0.854000,-0.097112,0.792268,-54.950001,59.570000,-10.360000,1770370288.916123
-0.868884,0.000000,0.658800,-51.169998,45.500000,-11.900000,1770370288.923972
-0.867176,0.064172,0.559004,-48.790001,27.580000,-20.790001,1770370288.931992
-0.825940,0.106628,0.457988,-42.630001,7.210000,-20.790001,1770370288.939994
-0.774944,0.128344,0.370636,-35.980000,-9.170000,-22.120001,1770370288.947978
-0.717604,0.142252,0.292556,-29.330000,-22.889999,-27.580000,1770370288.955972
-0.647820,0.143716,0.239364,-21.770000,-39.480000,-29.330000,1770370288.964098
-0.565836,0.175680,0.190808,-14.700000,-55.509998,-32.619999,1770370288.972008
-0.477752,0.211792,0.152500,-8.330000,-73.430000,-36.540001,1770370288.979974
-0.393816,0.245220,0.112484,-4.550000,-93.379997,-36.189999,1770370288.987973
-0.308904,0.263764,0.089304,-0.770000,-112.839996,-30.870001,1770370288.995968
-0.232776,0.233996,0.080032,3.430000,-128.029999,-24.080000,1770370289.004009
-0.173728,0.162992,0.102968,6.580000,-135.800003,-13.930000,1770370289.012015
-0.125904,0.093696,0.170800,15.750000,-129.360001,-6.860000,1770370289.019980
-0.088084,0.052216,0.330376,26.670000,-109.760002,4.830000,1770370289.027981
-0.067344,0.052460,0.576572,35.070000,-73.639999,8.610000,1770370289.035994
-0.068076,0.077836,0.845460,41.230000,-27.580000,12.950000,1770370289.043974
-0.121512,0.086132,1.074332,42.560001,15.400000,22.190001,1770370289.052002
-0.252296,0.025132,1.283928,49.910000,51.939999,30.240000,1770370289.060740
-0.416020,-0.049776,1.470832,58.869999,67.269997,36.119999,1770370289.068298
-0.643672,-0.107360,1.705560,68.739998,65.660004,35.770000,1770370289.076118
-0.902556,-0.148108,1.938580,66.500000,57.119999,29.610001,1770370289.083997
-1.032608,-0.220820,1.991284,56.700001,46.270000,16.379999,1770370289.091997
-1.043832,-0.300608,1.950048,46.689999,23.379999,18.129999,1770370289.100040
-0.987224,-0.364292,1.890268,34.509998,-13.160000,16.309999,1770370289.108044
-0.920856,-0.388448,1.833172,21.420000,-54.320000,17.150000,1770370289.115993
-0.814960,-0.377224,1.794132,5.530000,-85.889999,9.240000,1770370289.124001
-0.671976,-0.355508,1.743868,-15.470000,-104.160004,4.200000,1770370289.132066
-0.500200,-0.285724,1.637728,-30.309999,-113.050003,-3.080000,1770370289.139982
-0.330864,-0.240096,1.498892,-43.400002,-116.269997,-9.800000,1770370289.148078
-0.172264,-0.165676,1.311988,-55.090000,-116.410004,-7.770000,1770370289.156013
-0.044896,-0.099796,1.105320,-55.790001,-112.839996,-8.680000,1770370289.163984
0.048312,-0.024644,0.902556,-55.020000,-107.309998,-1.750000,1770370289.171984
0.123220,0.068320,0.752740,-45.150002,-98.910004,3.920000,1770370289.179976
0.174460,0.164212,0.656116,-37.590000,-89.389999,14.000000,1770370289.187978
0.211060,0.246684,0.574864,-32.200001,-77.000000,19.530001,1770370289.195972
0.223992,0.312808,0.498736,-28.700001,-64.889999,26.809999,1770370289.203986
0.215696,0.364292,0.422852,-28.980000,-51.869999,30.379999,1770370289.211994
0.190320,0.392596,0.349652,-29.680000,-40.040001,31.709999,1770370289.220144
0.157624,0.400160,0.278404,-26.740000,-26.389999,31.290001,1770370289.227966
0.115168,0.402844,0.212280,-28.910000,-12.460000,26.670000,1770370289.235988
0.085888,0.385276,0.143716,-22.680000,2.730000,24.219999,1770370289.243971
0.063928,0.355752,0.071004,-20.790001,16.170000,16.450001,1770370289.251965
0.040504,0.335988,0.004148,-9.660000,31.080000,9.520000,1770370289.259994
0.029280,0.308904,-0.008296,2.520000,46.689999,8.610000,1770370289.267962
0.013176,0.279868,0.075640,17.080000,68.529999,3.010000,1770370289.275973
-0.003172,0.268644,0.252784,33.110001,87.919998,1.540000,1770370289.283971
-0.032208,0.279624,0.535580,38.990002,112.000000,-3.640000,1770370289.291972
-0.063196,0.320372,0.890356,39.549999,137.970001,-12.180000,1770370289.299977
-0.081252,0.315248,1.108492,35.070000,156.449997,-16.799999,1770370289.307981
-0.142252,0.235460,1.256112,32.759998,168.630005,-17.290001,1770370289.315958
-0.240828,0.131272,1.444480,38.990002,165.899994,-15.260000,1770370289.323975
-0.340624,0.024400,1.687504,46.340000,145.529999,-5.880000,1770370289.332001
-0.487024,-0.110776,2.002752,57.959999,108.779999,6.370000,1770370289.339981
-0.620248,-0.194468,2.103036,60.900002,74.760002,13.230000,1770370289.347973
-0.677588,-0.223260,1.904908,46.970001,50.119999,10.220000,1770370289.355972
-0.627568,-0.285724,1.746064,27.790001,36.189999,8.540000,1770370289.363977
-0.585844,-0.398940,1.623576,12.530000,35.840000,11.760000,1770370289.371968
-0.586088,-0.506544,1.627236,1.400000,48.720001,14.140000,1770370289.380094
-0.641964,-0.582428,1.698484,-10.360000,66.919998,8.610000,1770370289.387977
-0.732488,-0.586332,1.700924,-25.690001,88.760002,-0.070000,1770370289.395978
-0.793488,-0.486048,1.575752,-35.770000,104.580002,-11.410000,1770370289.403976
-0.842532,-0.324764,1.346880,-49.840000,105.839996,-17.780001,1770370289.411969
-0.859856,-0.152988,1.069452,-55.369999,97.580002,-20.230000,1770370289.420010
-0.873520,-0.017080,0.846680,-58.169998,77.000000,-24.850000,1770370289.427984
-0.874740,0.054412,0.697352,-54.529999,53.060001,-29.400000,1770370289.435994
-0.841556,0.094184,0.603900,-45.080002,30.030001,-28.700001,1770370289.443983
-0.793244,0.116876,0.527284,-37.660000,8.470000,-29.540001,1770370289.451983
-0.732488,0.132736,0.460672,-26.530001,-10.220000,-31.150000,1770370289.459981
-0.657336,0.153476,0.376004,-20.860001,-25.129999,-30.100000,1770370289.467969
-0.580476,0.174704,0.301584,-14.700000,-38.009998,-32.549999,1770370289.475962
-0.512400,0.175680,0.245220,-9.240000,-51.660000,-34.650002,1770370289.484015
-0.455060,0.189832,0.202276,-10.010000,-63.209999,-32.270000,1770370289.491978
-0.383812,0.195932,0.175436,-7.350000,-72.870003,-38.080002,1770370289.499999
-0.306952,0.183732,0.157136,-5.110000,-83.089996,-33.599998,1770370289.507978
-0.254004,0.165676,0.134444,-2.030000,-94.709999,-31.850000,1770370289.515984
-0.195932,0.110288,0.135908,5.530000,-103.529999,-24.150000,1770370289.524012
-0.157136,0.090768,0.149572,13.440000,-106.959999,-18.969999,1770370289.532270
-0.123220,0.048068,0.218136,23.450001,-102.690002,-7.000000,1770370289.540112
-0.110044,0.027572,0.355020,37.450001,-85.680000,-5.390000,1770370289.547969
-0.130052,0.009028,0.581940,46.410000,-52.080002,-4.830000,1770370289.555970
-0.163236,0.002928,0.873276,53.410000,-5.880000,-4.550000,1770370289.563974
-0.214476,-0.012200,1.149484,57.889999,40.040001,-7.910000,1770370289.571979
-0.363804,-0.066124,1.339072,66.500000,72.800003,-0.350000,1770370289.580047
-0.571448,-0.122244,1.454972,75.459999,84.559998,-2.940000,1770370289.587981
-0.833016,-0.145668,1.545496,77.419998,79.099998,-3.080000,1770370289.595969
-1.080432,-0.153232,1.613572,69.300003,61.669998,-8.680000,1770370289.603970
-1.198772,-0.196664,1.649440,53.970001,38.570000,-13.510000,1770370289.611979
-1.218536,-0.263276,1.682868,40.669998,2.660000,-16.100000,1770370289.620077
-1.151436,-0.359168,1.736304,31.010000,-43.470001,-16.450001,1770370289.628070
-0.995276,-0.410408,1.800720,21.209999,-87.220001,-8.540000,1770370289.635982
-0.808372,-0.404796,1.847568,11.200000,-121.589996,-6.860000,1770370289.643978
-0.618296,-0.350384,1.838784,-5.110000,-138.320007,-7.420000,1770370289.652075
-0.434076,-0.255224,1.781444,-19.459999,-140.839996,-9.450000,1770370289.659976
-0.258884,-0.139324,1.633092,-34.230000,-133.699997,-8.680000,1770370289.667969
-0.105408,-0.041236,1.398852,-48.090000,-123.690002,-7.910000,1770370289.675982
0.001464,0.033916,1.116300,-53.480000,-114.309998,1.960000,1770370289.684135
0.082960,0.093696,0.876692,-51.660000,-102.059998,12.320000,1770370289.691972
0.115656,0.149816,0.673196,-44.660000,-88.970001,25.760000,1770370289.700005
0.123464,0.218868,0.528260,-38.080002,-72.660004,34.509998,1770370289.708050
0.124196,0.283528,0.427488,-33.599998,-54.669998,35.349998,1770370289.716013
0.115656,0.355508,0.364536,-31.780001,-39.689999,35.560001,1770370289.723975
0.091012,0.427244,0.326716,-32.130001,-22.330000,32.900002,1770370289.732159
0.058072,0.482144,0.281576,-35.349998,-8.050000,28.490000,1770370289.740109
0.022936,0.508984,0.228628,-36.750000,2.940000,22.959999,1770370289.748082
-0.013420,0.514352,0.167140,-35.139999,15.750000,14.490000,1770370289.755972
-0.046848,0.496296,0.112972,-29.540001,22.820000,11.760000,1770370289.764058
-0.069296,0.459452,0.060024,-21.420000,29.469999,4.480000,1770370289.772014
-0.078568,0.414068,0.009760,-10.290000,34.930000,2.660000,1770370289.779977
-0.078568,0.363072,0.017812,4.900000,37.169998,-1.820000,1770370289.787975
-0.081740,0.323544,0.144448,19.389999,43.470001,-5.390000,1770370289.795992
-0.084424,0.298656,0.387472,33.180000,51.240002,-9.590000,1770370289.804096
-0.097112,0.302804,0.721996,38.849998,63.770000,-14.840000,1770370289.811974
-0.113216,0.307440,1.009916,42.000000,80.430000,-20.440001,1770370289.819965
-0.130784,0.262544,1.220976,43.400002,92.680000,-20.160000,1770370289.827969
-0.180316,0.207156,1.383480,47.389999,98.629997,-16.450001,1770370289.835999
-0.230824,0.114924,1.588196,51.099998,92.750000,-8.120000,1770370289.843993
-0.288164,0.027328,1.870748,55.509998,72.099998,4.130000,1770370289.851977
-0.358436,-0.048800,2.103036,61.180000,47.389999,11.760000,1770370289.859974
-0.357704,-0.118828,2.079124,57.540001,28.070000,16.240000,1770370289.867959
-0.306220,-0.167872,1.924916,42.070000,22.400000,16.590000,1770370289.875962
-0.266692,-0.290604,1.789496,25.340000,30.799999,21.629999,1770370289.884023
-0.258152,-0.461648,1.699704,6.230000,52.919998,24.080000,1770370289.891981
-0.303780,-0.611220,1.660420,-10.990000,81.760002,22.400000,1770370289.900061
-0.402844,-0.740784,1.617476,-30.870001,113.190002,14.210000,1770370289.908073
-0.518744,-0.762988,1.517680,-48.580002,143.990005,4.760000,1770370289.915983
-0.629032,-0.684664,1.339072,-62.230000,164.149994,-1.190000,1770370289.923962
-0.734684,-0.508252,1.126304,-67.199997,167.929993,-6.650000,1770370289.932015
-0.839116,-0.303780,0.920124,-63.279999,155.960007,-11.690000,1770370289.940000
-0.917196,-0.112728,0.768844,-57.540001,133.490005,-18.410000,1770370289.948049
-0.964532,0.034160,0.657336,-46.900002,104.300003,-24.570000,1770370289.955970
-0.985028,0.122000,0.575840,-38.639999,74.339996,-32.130001,1770370289.963992
-0.943792,0.180804,0.500200,-31.360001,47.180000,-34.160000,1770370289.972018
-0.877912,0.215696,0.419680,-21.559999,20.160000,-33.040001,1770370289.979973
-0.798612,0.239364,0.345504,-16.870001,-4.060000,-33.810001,1770370289.987972
-0.724192,0.265228,0.289140,-11.060000,-26.110001,-34.160000,1770370289.995986
-0.646356,0.291336,0.235460,-7.350000,-46.689999,-32.900002,1770370290.004032
-0.567544,0.318908,0.193248,-6.020000,-64.400002,-33.110001,1770370290.011975
-0.487268,0.330864,0.158844,-3.570000,-82.180000,-33.459999,1770370290.019979
-0.404796,0.322812,0.131028,0.140000,-99.610001,-26.110001,1770370290.028045
-0.332572,0.264496,0.123708,4.200000,-112.980003,-21.350000,1770370290.036038
-0.266448,0.197640,0.114924,11.340000,-123.269997,-12.390000,1770370290.043986
-0.215696,0.116144,0.134688,20.650000,-128.380005,-0.630000,1770370290.051985
-0.193492,0.031476,0.222772,32.200001,-117.389999,12.880000,1770370290.060684
-0.201056,-0.017324,0.394060,39.759998,-90.089996,21.280001,1770370290.068242
-0.223992,-0.032696,0.621468,46.689999,-47.669998,22.120001,1770370290.076283
-0.254492,-0.033916,0.856684,54.389999,-1.610000,24.290001,1770370290.084003
-0.354288,-0.057096,1.096048,56.419998,40.180000,26.670000,1770370290.092118
-0.550464,-0.091500,1.321992,64.190002,63.490002,25.340000,1770370290.099978
-0.788852,-0.142252,1.505236,70.769997,70.769997,21.280001,1770370290.107994
-1.046272,-0.204716,1.628944,70.769997,61.810001,14.980000,1770370290.116000
-1.238544,-0.255224,1.720200,62.650002,45.290001,6.020000,1770370290.123968
-1.306864,-0.329888,1.754848,50.540001,14.070000,-2.170000,1770370290.131980
-1.301008,-0.427244,1.757288,36.750000,-29.190001,-7.910000,1770370290.140013
-1.168760,-0.482632,1.764120,20.440001,-76.300003,-7.420000,1770370290.147984
-0.969656,-0.452132,1.782176,7.420000,-121.169998,-3.850000,1770370290.155982
-0.768356,-0.359900,1.802672,-7.000000,-152.949997,-7.140000,1770370290.163973
-0.549000,-0.231068,1.784616,-22.540001,-168.139999,-11.480000,1770370290.172040
-0.343796,-0.079300,1.687260,-37.799999,-171.009995,-12.950000,1770370290.179979
-0.147132,0.057340,1.503772,-48.650002,-166.250000,-14.140000,1770370290.187979
0.022936,0.160796,1.261236,-56.560001,-160.789993,-9.940000,1770370290.196019
0.158600,0.234240,1.017236,-53.759998,-153.440002,1.890000,1770370290.203981
0.239364,0.262788,0.792756,-49.349998,-141.050003,14.210000,1770370290.212055
0.282064,0.294996,0.641232,-43.470001,-124.250000,23.309999,1770370290.220004
0.324764,0.334524,0.542656,-39.759998,-105.070000,25.760000,1770370290.227971
0.343064,0.374052,0.466284,-38.080002,-80.220001,30.170000,1770370290.236067
0.328424,0.408700,0.402600,-36.889999,-55.090000,30.870001,1770370290.243973
0.298900,0.424316,0.331352,-38.639999,-30.100000,29.049999,1770370290.251986
0.250100,0.444080,0.239120,-36.680000,-8.120000,26.530001,1770370290.260119
0.193980,0.431392,0.158600,-34.790001,9.730000,24.080000,1770370290.267966
0.137128,0.413824,0.082228,-29.540001,28.700001,17.709999,1770370290.275973
0.092476,0.383568,0.013908,-20.090000,41.580002,13.790000,1770370290.283969
0.057096,0.348432,-0.024156,-10.080000,53.060001,8.260000,1770370290.291976
0.027328,0.318420,-0.012444,4.340000,64.680000,4.900000,1770370290.300079
-0.000244,0.300608,0.082960,20.440001,80.010002,2.660000,1770370290.308067
-0.027084,0.297924,0.261324,32.340000,96.739998,-0.840000,1770370290.316002
-0.060268,0.320128,0.517280,40.180000,116.900002,-7.420000,1770370290.323986
-0.100772,0.356972,0.817888,39.689999,137.970001,-14.420000,1770370290.331968
-0.139324,0.361852,1.045296,37.099998,158.479996,-16.660000,1770370290.339992
-0.215940,0.303048,1.234640,33.529999,174.929993,-19.740000,1770370290.347972
-0.314272,0.201788,1.430572,30.660000,178.289993,-16.240000,1770370290.355978
-0.448228,0.089304,1.661884,27.160000,160.160004,-8.540000,1770370290.364099
-0.626104,-0.049532,1.917108,31.430000,126.559998,2.310000,1770370290.371963
-0.750056,-0.244488,2.029348,37.869999,86.029999,6.020000,1770370290.379975
-0.786168,-0.340380,1.911252,36.959999,52.570000,8.680000,1770370290.387979
-0.725900,-0.368684,1.748992,24.639999,32.130001,2.030000,1770370290.395977
-0.674904,-0.491416,1.674572,13.650000,26.250000,10.150000,1770370290.403995
-0.656116,-0.606340,1.674572,1.680000,31.709999,10.780000,1770370290.412013
-0.731512,-0.734196,1.726788,-15.120000,48.160000,-1.820000,1770370290.419987
-0.765184,-0.705404,1.704584,-31.219999,69.019997,-15.540000,1770370290.427981
-0.768844,-0.561688,1.547448,-46.689999,86.800003,-30.240000,1770370290.435986
-0.774212,-0.372588,1.297836,-54.320000,91.000000,-34.860001,1770370290.443973
-0.807884,-0.192760,1.043344,-57.119999,82.110001,-38.080002,1770370290.451982
-0.832772,-0.052216,0.847168,-56.770000,69.300003,-43.119999,1770370290.459976
-0.838140,0.044896,0.709796,-54.459999,51.029999,-46.759998,1770370290.468149
-0.806908,0.095648,0.595360,-47.389999,33.389999,-48.090000,1770370290.475980
-0.770064,0.116144,0.500688,-35.209999,16.870001,-44.799999,1770370290.483978
-0.724680,0.141764,0.409188,-26.320000,-1.680000,-45.849998,1770370290.491980
-0.660508,0.183488,0.315248,-14.000000,-18.900000,-46.410000,1770370290.500099
-0.588772,0.230580,0.257176,-5.530000,-35.560001,-47.180000,1770370290.507975
-0.520940,0.268156,0.218624,-0.490000,-51.730000,-50.750000,1770370290.515978
-0.466284,0.295484,0.184952,1.890000,-66.150002,-49.630001,1770370290.523983
-0.404308,0.280600,0.177632,1.890000,-76.650002,-50.330002,1770370290.531991
-0.334036,0.232776,0.165188,3.430000,-83.089996,-43.259998,1770370290.539996
-0.273280,0.177388,0.161772,6.510000,-89.320000,-35.980000,1770370290.547978
-0.225212,0.128344,0.173484,12.110000,-91.980003,-21.000000,1770370290.555981
-0.198860,0.064660,0.222528,22.120001,-94.080002,-8.260000,1770370290.564030
-0.192272,-0.008052,0.318664,29.959999,-83.300003,7.630000,1770370290.571979
-0.224236,-0.078080,0.464576,41.790001,-59.570000,22.540001,1770370290.580063
-0.290848,-0.124440,0.647088,52.080002,-22.889999,29.260000,1770370290.587975
-0.389668,-0.180560,0.867176,60.900002,18.969999,33.320000,1770370290.595975
-0.527284,-0.246928,1.118984,75.459999,50.470001,32.200001,1770370290.603972
-0.728828,-0.296948,1.352492,87.500000,65.589996,26.809999,1770370290.612002
-0.967460,-0.285968,1.530856,95.970001,61.459999,23.520000,1770370290.620115
-1.211460,-0.248148,1.616256,92.540001,44.240002,14.140000,1770370290.628080
-1.342976,-0.237900,1.665544,78.820000,15.470000,1.120000,1770370290.636185
-1.382016,-0.305976,1.706292,62.090000,-29.469999,-6.790000,1770370290.644036
-1.336876,-0.398452,1.735816,41.650002,-73.570000,-19.950001,1770370290.651973
-1.104344,-0.439932,1.769244,26.950001,-122.010002,-15.960000,1770370290.659975
-0.850584,-0.401380,1.811456,16.520000,-162.539993,-15.960000,1770370290.667977
-0.615124,-0.269864,1.846104,6.230000,-185.220001,-17.570000,1770370290.676169
-0.385032,-0.104676,1.807552,-6.020000,-189.770004,-16.870001,1770370290.683978
-0.158356,0.053924,1.670180,-26.809999,-184.589996,-21.209999,1770370290.691978
0.018544,0.160796,1.428864,-40.529999,-174.649994,-17.780001,1770370290.700066
0.159576,0.193980,1.149728,-50.470001,-159.110001,-13.930000,1770370290.708089
0.235216,0.182268,0.894504,-53.970001,-141.470001,3.080000,1770370290.715977
0.261080,0.177144,0.672464,-53.549999,-121.589996,17.500000,1770370290.724057
0.266692,0.217892,0.519232,-54.320000,-100.589996,28.700001,1770370290.732003
0.273768,0.265960,0.439688,-50.680000,-77.980003,35.209999,1770370290.740204
0.257420,0.313052,0.396012,-47.669998,-53.549999,36.330002,1770370290.747977
0.222772,0.334524,0.352824,-48.020000,-30.240000,35.419998,1770370290.755976
0.179828,0.359656,0.299876,-45.639999,-11.060000,32.060001,1770370290.763975
0.130052,0.363560,0.250100,-45.919998,3.080000,25.129999,1770370290.771957
0.087596,0.360632,0.198372,-42.000000,14.840000,22.190001,1770370290.780014
0.046360,0.347456,0.159576,-39.340000,23.240000,10.850000,1770370290.787974
0.023668,0.342576,0.119804,-28.559999,30.940001,7.840000,1770370290.795972
-0.000976,0.314516,0.081740,-15.120000,39.410000,2.800000,1770370290.803949
-0.008540,0.273524,0.065148,-1.540000,47.810001,0.560000,1770370290.812032
-0.011956,0.241804,0.129564,21.000000,54.810001,1.050000,1770370290.819976
-0.008540,0.230336,0.310368,38.639999,63.209999,-8.540000,1770370290.827983
-0.001708,0.229848,0.583892,48.650002,75.879997,-12.740000,1770370290.835997
-0.009272,0.253516,0.897676,54.669998,93.309998,-19.809999,1770370290.844106
-0.011956,0.232776,1.167052,48.299999,111.230003,-24.360001,1770370290.851975
-0.030744,0.170312,1.345660,45.009998,126.419998,-22.190001,1770370290.859974
-0.058316,0.073932,1.511336,45.009998,132.440002,-19.809999,1770370290.867970
-0.095404,-0.035136,1.747772,45.990002,124.949997,-5.530000,1770370290.875958
-0.178364,-0.162016,1.975180,52.220001,106.120003,5.670000,1770370290.884022
-0.252784,-0.269620,2.064484,50.889999,78.889999,19.950001,1770370290.892018
-0.342820,-0.335500,1.999824,36.680000,62.160000,21.280001,1770370290.899980
-0.396500,-0.434076,1.863428,18.549999,62.720001,23.660000,1770370290.907966
-0.439200,-0.556808,1.729228,0.980000,76.790001,25.969999,1770370290.915957
-0.518744,-0.662704,1.627480,-9.800000,97.510002,22.610001,1770370290.923989
-0.662460,-0.714188,1.579412,-25.690001,123.269997,11.200000,1770370290.932044
-0.825696,-0.665632,1.505480,-35.770000,147.210007,-3.290000,1770370290.940041
-0.951112,-0.514352,1.375916,-44.520000,159.740005,-16.590000,1770370290.947970
-1.030168,-0.322324,1.168028,-49.209999,152.600006,-24.150000,1770370290.956016
-1.103124,-0.138104,0.929884,-46.200001,125.860001,-34.160000,1770370290.963987
-1.132404,0.014884,0.713700,-41.860001,90.650002,-36.959999,1770370290.971958
-1.128012,0.109800,0.568032,-39.900002,52.500000,-40.669998,1770370290.979980
-1.060180,0.176412,0.469700,-30.870001,12.600000,-42.560001,1770370290.988039
-0.954528,0.205204,0.393328,-23.450001,-17.010000,-37.869999,1770370290.996069
-0.842532,0.219356,0.322568,-14.490000,-43.680000,-38.009998,1770370291.003969
-0.723216,0.226920,0.249856,-7.140000,-65.730003,-43.049999,1770370291.011977
-0.615124,0.247660,0.191784,-0.770000,-84.699997,-42.209999,1770370291.020097
-0.516792,0.269132,0.163236,3.990000,-98.279999,-47.040001,1770370291.027982
-0.406748,0.301828,0.135908,5.110000,-111.650002,-46.970001,1770370291.035974
-0.310368,0.330620,0.105896,6.790000,-124.040001,-47.740002,1770370291.044040
-0.215452,0.305244,0.092232,6.020000,-134.820007,-38.570000,1770370291.052005
-0.134932,0.263520,0.089792,7.140000,-142.800003,-27.230000,1770370291.060036
-0.080764,0.187636,0.118096,13.650000,-143.149994,-13.300000,1770370291.068145
-0.047824,0.116388,0.173728,23.100000,-134.470001,-2.870000,1770370291.076392
-0.025376,0.063440,0.278892,35.419998,-110.599998,6.720000,1770370291.083990
-0.027572,0.039040,0.487268,47.320000,-70.419998,13.580000,1770370291.092128
-0.044652,0.044896,0.748836,52.849998,-19.459999,16.799999,1770370291.099997
-0.089304,0.061976,1.001376,58.169998,33.389999,24.850000,1770370291.107987
-0.208864,0.019276,1.278560,64.330002,78.330002,29.610001,1770370291.115974
-0.414800,-0.057828,1.565504,76.440002,103.110001,36.540001,1770370291.124045
-0.698084,-0.099796,1.843908,82.739998,107.449997,32.549999,1770370291.132030
-1.029924,-0.147864,2.036180,84.209999,102.410004,25.760000,1770370291.140088
-1.195112,-0.198616,1.992504,72.800003,83.230003,16.799999,1770370291.147971
-1.257820,-0.287676,1.896612,55.230000,45.500000,10.290000,1770370291.155976
-1.223904,-0.373808,1.830732,37.099998,-13.720000,8.050000,1770370291.163959
-1.130208,-0.418704,1.781932,16.660000,-70.980003,5.250000,1770370291.172022
-0.976244,-0.408944,1.772660,0.560000,-116.830002,2.450000,1770370291.179977
-0.784704,-0.359168,1.750700,-13.230000,-146.720001,-4.760000,1770370291.187975
-0.560956,-0.293776,1.689456,-29.120001,-159.669998,-16.240000,1770370291.196050
-0.333060,-0.181780,1.579412,-35.630001,-161.979996,-20.650000,1770370291.204022
-0.140544,-0.061976,1.407148,-47.250000,-154.699997,-26.320000,1770370291.211980
0.019520,0.051972,1.187304,-49.000000,-144.339996,-22.190001,1770370291.219969
0.147132,0.144204,0.976244,-44.240002,-131.389999,-15.750000,1770370291.227975
0.232776,0.206424,0.804224,-41.020000,-115.639999,-4.200000,1770370291.235950
0.264496,0.246196,0.677588,-38.639999,-95.059998,11.060000,1770370291.244028
0.288652,0.286700,0.576816,-44.310001,-73.779999,18.830000,1770370291.251979
0.287188,0.327204,0.493612,-46.130001,-50.330002,24.780001,1770370291.259972
0.251564,0.347944,0.406748,-49.209999,-28.000000,30.030001,1770370291.267958
0.204960,0.355020,0.321104,-49.000000,-8.330000,31.290001,1770370291.275950
0.152500,0.356972,0.244244,-45.639999,6.510000,28.700001,1770370291.283974
0.095404,0.352092,0.162504,-43.889999,18.480000,29.820000,1770370291.291978
0.045140,0.332084,0.094672,-41.230000,28.629999,21.980000,1770370291.300000
0.007808,0.315492,0.046848,-34.299999,38.150002,15.540000,1770370291.307967
-0.014152,0.290360,0.004880,-22.680000,47.040001,13.020000,1770370291.315967
-0.040016,0.256932,-0.003416,-4.480000,58.240002,11.550000,1770370291.323964
-0.046116,0.233752,0.066856,11.200000,71.470001,7.350000,1770370291.331999
-0.061732,0.215940,0.236436,26.180000,85.959999,8.400000,1770370291.340097
-0.086132,0.227408,0.496540,36.610001,101.779999,-0.280000,1770370291.347965
-0.113948,0.264984,0.808128,39.619999,118.650002,-2.730000,1770370291.355956
-0.124928,0.254492,1.073356,37.450001,134.539993,-7.420000,1770370291.363970
-0.169092,0.186904,1.228540,38.290001,144.270004,-4.410000,1770370291.371952
-0.246440,0.083936,1.400804,42.000000,142.169998,-3.500000,1770370291.379982
-0.335988,-0.001952,1.627724,48.860001,123.339996,8.120000,1770370291.387980
-0.473360,-0.087108,1.896856,53.549999,95.129997,14.490000,1770370291.396088
-0.587308,-0.172020,2.018612,56.279999,64.610001,19.180000,1770370291.403973
-0.610488,-0.234728,1.904908,40.740002,39.130001,19.600000,1770370291.411974
-0.574132,-0.301828,1.751920,21.700001,28.980000,16.940001,1770370291.419973
-0.541192,-0.431636,1.668472,5.460000,35.070000,17.990000,1770370291.427973
-0.546072,-0.544120,1.642852,-7.770000,52.009998,15.890000,1770370291.436000
-0.626592,-0.626592,1.664324,-19.320000,74.129997,9.940000,1770370291.444015
-0.713212,-0.625616,1.613816,-36.259998,95.410004,-9.730000,1770370291.451966
-0.780068,-0.523380,1.455948,-46.900002,111.300003,-18.690001,1770370291.459979
-0.821792,-0.369660,1.238056,-49.910000,114.870003,-29.190001,1770370291.467979
-0.859856,-0.215940,1.035536,-52.290001,104.790001,-34.860001,1770370291.475959
-0.894260,-0.063684,0.880596,-46.689999,84.699997,-37.169998,1770370291.484101
-0.907924,0.041724,0.745908,-45.220001,61.320000,-41.790001,1770370291.491980
-0.888404,0.109556,0.631472,-37.240002,36.959999,-42.560001,1770370291.499980
-0.836920,0.150304,0.529968,-28.840000,13.720000,-37.730000,1770370291.507985
-0.773724,0.170556,0.450668,-21.910000,-5.250000,-37.590000,1770370291.516000
-0.709064,0.201788,0.368928,-14.910000,-22.540001,-35.279999,1770370291.524008
-0.634156,0.213256,0.306708,-13.370000,-39.130001,-36.959999,1770370291.531999
-0.564860,0.230824,0.252540,-10.430000,-53.200001,-34.369999,1770370291.539995
-0.498980,0.243268,0.206668,-7.420000,-68.110001,-34.720001,1770370291.548078
-0.419924,0.248880,0.169092,-7.000000,-82.599998,-34.790001,1770370291.556010
-0.345748,0.238144,0.143228,-0.210000,-97.370003,-30.240000,1770370291.563976
-0.276940,0.184952,0.142252,-0.630000,-108.150002,-25.059999,1770370291.571960
-0.222040,0.145180,0.153720,6.020000,-115.290001,-12.180000,1770370291.579980
-0.181048,0.095892,0.185684,14.980000,-116.620003,-1.120000,1770370291.588042
-0.158844,0.048556,0.265472,25.549999,-107.379997,9.870000,1770370291.596056
-0.168360,0.022204,0.416508,42.279999,-79.309998,19.180000,1770370291.604001
-0.201788,0.029768,0.656848,51.869999,-36.189999,20.370001,1770370291.611985
-0.239852,0.038796,0.906460,61.110001,11.760000,23.450001,1770370291.619961
-0.336720,0.038064,1.144848,68.110001,52.709999,25.690001,1770370291.627965
-0.506788,0.004636,1.348832,75.180000,76.089996,27.299999,1770370291.635982
-0.743224,-0.019276,1.500112,83.089996,80.430000,23.799999,1770370291.643987
-1.020164,-0.025864,1.640168,75.250000,70.349998,17.010000,1770370291.651979
-1.211216,-0.070272,1.728252,59.849998,51.799999,6.510000,1770370291.659977
-1.271728,-0.174460,1.747772,42.560001,20.580000,-1.750000,1770370291.668044
-1.259284,-0.317200,1.758752,27.299999,-22.959999,-6.440000,1770370291.675996
-1.152168,-0.467748,1.775588,18.129999,-73.639999,-7.630000,1770370291.684112
-0.985028,-0.540460,1.799256,8.330000,-118.300003,-10.920000,1770370291.692034
-0.787876,-0.540460,1.793644,-1.960000,-146.789993,-12.180000,1770370291.699973
-0.563884,-0.446032,1.758508,-12.460000,-162.889999,-17.990000,1770370291.708051
-0.345260,-0.299388,1.666032,-27.440001,-164.080002,-19.809999,1770370291.716124
-0.142740,-0.161040,1.503528,-41.439999,-158.759995,-19.879999,1770370291.723977
0.009028,-0.042212,1.273680,-53.340000,-149.240005,-16.870001,1770370291.731991
0.124196,0.053680,1.022360,-55.580002,-136.710007,-5.530000,1770370291.740202
0.196176,0.139812,0.808128,-52.080002,-121.940002,11.060000,1770370291.748116
0.229848,0.207156,0.654164,-48.439999,-106.050003,19.180000,1770370291.755973
0.240340,0.270352,0.549000,-42.770000,-87.150002,28.840000,1770370291.763973
0.239608,0.334036,0.471896,-42.560001,-67.620003,30.170000,1770370291.772129
0.215208,0.377468,0.387716,-40.180000,-46.689999,32.830002,1770370291.779974
0.171532,0.408944,0.288896,-40.740002,-28.910000,30.870001,1770370291.787977
0.129808,0.406992,0.197640,-40.110001,-14.910000,27.020000,1770370291.795978
0.083936,0.397964,0.106872,-36.680000,-4.130000,22.750000,1770370291.803974
0.052704,0.378688,0.039284,-33.320000,4.620000,15.330000,1770370291.812027
0.036356,0.347212,0.000488,-25.200001,13.930000,11.830000,1770370291.819979
0.022204,0.310124,-0.012688,-10.430000,24.290001,8.400000,1770370291.827979
0.011956,0.274256,0.004880,7.210000,38.570000,7.140000,1770370291.835981
0.009760,0.241072,0.129564,27.650000,53.130001,7.980000,1770370291.844126
0.001464,0.237412,0.344040,40.669998,69.720001,3.920000,1770370291.851980
-0.013176,0.260104,0.652212,51.520000,90.790001,0.210000,1770370291.859960
-0.045628,0.301584,0.966972,54.459999,110.529999,-5.040000,1770370291.867962
-0.077836,0.275720,1.182668,49.000000,129.779999,-9.240000,1770370291.875958
-0.132248,0.204472,1.320040,43.959999,143.429993,-6.300000,1770370291.884198
-0.186660,0.088572,1.475224,41.230000,141.050003,-3.780000,1770370291.892031
-0.279380,-0.018300,1.713368,45.290001,124.669998,11.200000,1770370291.899990
-0.403820,-0.136640,1.966396,49.630001,94.570000,15.540000,1770370291.908075
-0.483608,-0.250832,2.026908,47.529999,67.480003,20.510000,1770370291.915980
-0.518988,-0.316712,1.904420,35.000000,45.220001,19.389999,1770370291.924168
-0.509228,-0.416752,1.773392,16.660000,41.930000,19.530001,1770370291.931970
-0.500200,-0.550952,1.677744,3.570000,48.790001,21.490000,1770370291.939983
-0.554612,-0.672708,1.632848,-6.650000,66.360001,20.719999,1770370291.948060
-0.655872,-0.702964,1.626504,-18.200001,87.010002,8.960000,1770370291.955964
-0.744688,-0.642208,1.573556,-28.000000,107.169998,-4.340000,1770370291.963955
-0.818132,-0.506788,1.445944,-38.990002,121.940002,-18.900000,1770370291.972063
-0.866932,-0.324520,1.253672,-42.560001,121.870003,-24.920000,1770370291.979974
-0.898652,-0.149572,1.035292,-43.750000,108.080002,-32.689999,1770370291.987976
-0.920612,-0.002196,0.842044,-43.540001,83.019997,-37.310001,1770370291.995972
-0.930616,0.096136,0.693448,-41.230000,57.119999,-41.930000,1770370292.003978
-0.889624,0.152988,0.569984,-37.590000,32.480000,-41.020000,1770370292.011983
-0.830576,0.183000,0.477752,-28.980000,9.940000,-37.730000,1770370292.019979
-0.765672,0.198616,0.396256,-22.330000,-10.220000,-35.700001,1770370292.028118
-0.684908,0.220332,0.317932,-16.660000,-26.250000,-35.279999,1770370292.035980
-0.601460,0.236680,0.252784,-8.680000,-42.770000,-36.400002,1770370292.043988
-0.522648,0.249368,0.203496,-9.240000,-57.470001,-33.599998,1770370292.052103
-0.441640,0.280356,0.159332,-6.440000,-71.959999,-37.520000,1770370292.060032
-0.360632,0.297192,0.118096,-5.880000,-88.760002,-35.279999,1770370292.068688
-0.285480,0.274012,0.096136,-8.470000,-100.589996,-29.400000,1770370292.076121
-0.218380,0.211548,0.083204,-8.120000,-112.279999,-18.760000,1770370292.084096
-0.172752,0.141520,0.099308,-4.480000,-119.980003,-6.020000,1770370292.092133
-0.135664,0.072712,0.147864,7.210000,-116.480003,2.800000,1770370292.099978
-0.114192,0.027084,0.259372,23.170000,-100.169998,15.400000,1770370292.107987
-0.115412,0.005368,0.453840,38.220001,-65.870003,18.270000,1770370292.115988
-0.145424,0.012444,0.712480,54.180000,-16.030001,23.520000,1770370292.123990
-0.182268,0.033672,0.984052,64.330002,40.320000,24.080000,1770370292.131986
-0.295972,0.005856,1.215852,75.250000,83.230003,27.719999,1770370292.139980
-0.511180,-0.029524,1.425936,87.500000,107.309998,25.129999,1770370292.148065
-0.780068,-0.027572,1.623332,94.010002,111.089996,25.900000,1770370292.156010
-1.070184,-0.002440,1.746308,86.940002,97.019997,16.660000,1770370292.163973
-1.274412,-0.030988,1.781688,63.840000,77.139999,3.990000,1770370292.171967
-1.330288,-0.158356,1.783884,43.750000,37.380001,-3.850000,1770370292.179978
-1.296128,-0.328180,1.762900,24.080000,-19.040001,-7.350000,1770370292.188105
-1.173152,-0.465064,1.756312,12.810000,-71.680000,-3.920000,1770370292.195972
-1.011624,-0.536800,1.769732,3.640000,-121.800003,-1.680000,1770370292.204324
-0.809592,-0.506544,1.769976,-7.770000,-149.800003,-6.650000,1770370292.212143
-0.594140,-0.388448,1.738500,-15.330000,-162.960007,-10.150000,1770370292.219967
-0.379908,-0.230336,1.641144,-32.200001,-163.309998,-9.240000,1770370292.227974
-0.197152,-0.085888,1.473760,-46.549999,-155.889999,-10.150000,1770370292.235982
-0.041724,0.022448,1.251476,-54.950001,-144.479996,-7.420000,1770370292.244028
0.067832,0.108580,0.993812,-60.200001,-128.940002,6.370000,1770370292.252061
0.131516,0.188368,0.788608,-53.900002,-112.910004,16.940001,1770370292.259967
0.147620,0.244488,0.643428,-50.189999,-93.870003,26.530001,1770370292.267973
0.151280,0.307196,0.534604,-46.900002,-73.639999,33.180000,1770370292.275953
0.143960,0.358680,0.449936,-43.119999,-55.580002,30.730000,1770370292.283982
0.127124,0.391376,0.372588,-42.980000,-38.570000,29.820000,1770370292.292014
0.098088,0.424804,0.295972,-41.650002,-26.950001,25.760000,1770370292.299972
0.070516,0.413092,0.231556,-41.369999,-18.129999,25.690001,1770370292.307969
0.045140,0.388204,0.178120,-40.110001,-11.690000,16.590000,1770370292.315972
0.021228,0.355264,0.147132,-34.860001,-6.930000,12.670000,1770370292.324001
0.009028,0.310124,0.127368,-27.230000,-0.140000,5.320000,1770370292.332017
0.001952,0.265960,0.106384,-16.240000,7.700000,6.230000,1770370292.339983
-0.011712,0.238388,0.095404,2.870000,19.600000,2.800000,1770370292.348040
-0.020740,0.220332,0.149572,20.650000,33.810001,2.730000,1770370292.356046
-0.012688,0.189100,0.292556,34.090000,47.599998,-2.170000,1770370292.363976
-0.011468,0.190564,0.495076,45.779999,64.260002,-7.560000,1770370292.371957
-0.019520,0.192028,0.797880,47.320000,84.769997,-15.610000,1770370292.380006
-0.030256,0.184220,1.090436,46.549999,106.680000,-17.430000,1770370292.387977
-0.042700,0.131028,1.295396,37.869999,125.300003,-17.219999,1770370292.395982
-0.075396,0.033916,1.477420,39.549999,130.830002,-11.830000,1770370292.404096
-0.128588,-0.058804,1.695068,38.080002,123.199997,-4.410000,1770370292.411971
-0.215208,-0.135420,1.919548,43.119999,100.169998,5.110000,1770370292.419974
-0.285724,-0.204716,2.012024,42.840000,69.860001,17.219999,1770370292.428053
-0.358192,-0.246684,1.946388,26.530001,49.000000,19.459999,1770370292.436069
-0.391376,-0.336232,1.787056,11.340000,45.150002,20.860001,1770370292.444010
-0.413580,-0.470676,1.667496,-3.430000,56.910000,29.610001,1770370292.451983
-0.475068,-0.582672,1.607228,-11.550000,75.110001,25.900000,1770370292.459977
-0.587308,-0.644648,1.604056,-17.920000,95.199997,20.090000,1770370292.467991
-0.723948,-0.623176,1.553548,-28.420000,118.650002,1.120000,1770370292.476044
-0.832284,-0.497516,1.457656,-36.330002,132.720001,-11.480000,1770370292.483988
-0.898652,-0.319396,1.274656,-46.689999,133.210007,-21.000000,1770370292.491981
-0.947452,-0.124196,1.041636,-48.090000,114.099998,-29.260000,1770370292.499963
-0.973316,0.013176,0.834236,-47.599998,85.889999,-32.900002,1770370292.507964
-0.962580,0.072468,0.687836,-43.189999,54.669998,-41.299999,1770370292.515968
-0.914268,0.104676,0.596824,-33.320000,24.850000,-35.139999,1770370292.524016
-0.848144,0.138592,0.522648,-27.790001,0.840000,-37.939999,1770370292.531982
-0.763964,0.179584,0.442128,-19.110001,-21.910000,-35.840000,1770370292.539986
-0.661728,0.222040,0.343796,-15.820000,-41.369999,-38.849998,1770370292.548155
-0.563640,0.244000,0.269620,-14.350000,-59.080002,-42.910000,1770370292.555968
-0.482144,0.271084,0.221796,-11.550000,-73.849998,-44.240002,1770370292.564031
-0.393084,0.263032,0.193248,-14.000000,-83.510002,-46.270000,1770370292.572016
-0.318664,0.233508,0.172752,-13.230000,-89.250000,-42.910000,1770370292.579981
-0.239608,0.200080,0.145424,-12.460000,-92.400002,-38.220001,1770370292.587975
-0.182756,0.164212,0.130296,-5.460000,-95.830002,-28.000000,1770370292.595976
-0.138592,0.139812,0.149084,6.020000,-97.650002,-16.240000,1770370292.603983
-0.111264,0.106628,0.222528,17.780001,-91.489998,-3.640000,1770370292.611979
-0.114924,0.061000,0.348920,36.540001,-72.660004,12.040000,1770370292.619963
-0.142984,0.039772,0.554368,52.849998,-37.450001,16.799999,1770370292.627965
-0.188856,0.041236,0.805932,67.199997,8.400000,20.930000,1770370292.635975
-0.258396,0.052704,1.043832,81.199997,56.000000,22.260000,1770370292.644089
-0.399672,0.036844,1.231956,87.849998,89.320000,24.780001,1770370292.651987
-0.593164,0.004636,1.341024,96.180000,102.760002,27.860001,1770370292.659977
-0.859124,-0.023180,1.435208,97.440002,99.120003,29.610001,1770370292.668064
-1.130696,-0.039528,1.532320,86.099998,89.669998,20.299999,1770370292.675986
-1.287344,-0.110776,1.613572,69.300003,66.989998,10.080000,1770370292.683986
-1.353712,-0.239120,1.656272,46.410000,28.139999,-0.490000,1770370292.691983
-1.343952,-0.404552,1.672864,34.230000,-21.209999,-8.260000,1770370292.699971
-1.205848,-0.510936,1.691652,21.209999,-76.860001,-5.670000,1770370292.708041
-1.012844,-0.550464,1.730204,12.530000,-127.470001,-7.560000,1770370292.715983
-0.801784,-0.513376,1.758752,4.970000,-159.669998,-9.450000,1770370292.724006
-0.575352,-0.407968,1.736548,-9.520000,-176.679993,-14.140000,1770370292.731991
-0.347212,-0.264008,1.643096,-26.040001,-178.639999,-14.420000,1770370292.740029
-0.162504,-0.118828,1.470100,-42.700001,-170.800003,-14.560000,1770370292.748215
-0.028060,-0.014396,1.238544,-49.770000,-158.479996,-10.570000,1770370292.756016
0.085644,0.077104,1.006012,-50.959999,-141.679993,-3.500000,1770370292.764107
0.162992,0.162260,0.809104,-50.540001,-124.180000,10.640000,1770370292.771977
0.192516,0.232532,0.684420,-46.410000,-106.470001,20.510000,1770370292.779979
0.204716,0.295240,0.589504,-43.470001,-88.970001,23.450001,1770370292.787971
0.206912,0.363804,0.509716,-45.290001,-68.949997,24.780001,1770370292.795972
0.187636,0.413092,0.438712,-43.259998,-52.990002,25.969999,1770370292.803971
0.162504,0.449692,0.364292,-47.880001,-37.660000,22.959999,1770370292.812034
0.125416,0.462624,0.283528,-45.990002,-25.900000,20.160000,1770370292.819977
0.092232,0.453352,0.208620,-45.430000,-16.030001,15.890000,1770370292.827975
0.065880,0.439688,0.146156,-42.980000,-6.580000,7.070000,1770370292.836002
0.051240,0.414556,0.085156,-33.110001,2.380000,2.940000,1770370292.844136
0.037332,0.378932,0.035624,-20.090000,15.190000,-1.820000,1770370292.851993
0.029280,0.333792,0.033428,-1.540000,27.719999,-3.080000,1770370292.859981
0.029280,0.297924,0.118096,16.870001,42.000000,-6.090000,1770370292.867971
0.032940,0.268156,0.308904,32.549999,59.150002,-12.810000,1770370292.875955
0.018788,0.284016,0.587552,45.080002,80.919998,-17.780001,1770370292.883962
0.018544,0.308172,0.925492,46.410000,107.099998,-22.889999,1770370292.891977
0.004392,0.283528,1.196088,42.770000,130.619995,-24.639999,1770370292.900086
-0.028792,0.205692,1.354200,36.189999,147.630005,-23.520000,1770370292.908065
-0.093940,0.091500,1.521096,34.580002,153.720001,-15.680000,1770370292.915962
-0.184952,-0.022936,1.757776,41.790001,141.820007,-1.610000,1770370292.923978
-0.312076,-0.143228,2.021296,47.950001,115.430000,8.960000,1770370292.931975
-0.444080,-0.213988,2.105232,48.299999,81.339996,18.059999,1770370292.940090
-0.519720,-0.264984,1.956636,33.880001,58.799999,21.980000,1770370292.948050
-0.537776,-0.354288,1.782176,16.660000,53.549999,26.670000,1770370292.955983
-0.553880,-0.488000,1.653100,3.920000,60.130001,29.260000,1770370292.964042
-0.614392,-0.606096,1.574532,-9.100000,76.230003,31.290001,1770370292.972009
-0.742980,-0.686128,1.526464,-23.870001,95.199997,15.260000,1770370292.979964
-0.851072,-0.626836,1.426424,-36.330002,113.400002,-0.560000,1770370292.987987
-0.909632,-0.478972,1.266116,-45.570000,120.820000,-16.520000,1770370292.995960
-0.930128,-0.308172,1.058960,-45.779999,111.720001,-24.709999,1770370293.003978
-0.952820,-0.177876,0.884500,-42.700001,91.070000,-26.530001,1770370293.012006
-0.957944,-0.083448,0.747372,-37.450001,64.610001,-28.280001,1770370293.020055
-0.941352,-0.009028,0.645136,-31.639999,34.509998,-29.820000,1770370293.027975
-0.882060,0.082960,0.550220,-25.129999,9.030000,-33.950001,1770370293.035972
-0.801296,0.159088,0.436028,-18.549999,-16.170000,-30.379999,1770370293.043976
-0.708820,0.202276,0.340868,-14.770000,-37.099998,-35.840000,1770370293.052016
-0.611220,0.233264,0.277428,-10.990000,-55.230000,-34.369999,1770370293.060313
-0.519476,0.220088,0.251320,-8.540000,-68.459999,-38.080002,1770370293.068167
-0.436516,0.218868,0.235216,-6.790000,-76.860001,-40.110001,1770370293.076211
-0.363316,0.195200,0.233508,-2.030000,-83.510002,-39.759998,1770370293.083992
-0.296460,0.185196,0.210572,-0.140000,-85.959999,-36.189999,1770370293.091993
-0.244488,0.159820,0.207156,4.200000,-90.650002,-29.120001,1770370293.099980
-0.210084,0.135176,0.213744,9.240000,-93.519997,-18.129999,1770370293.108073
-0.179584,0.110288,0.257420,18.760000,-92.260002,-5.880000,1770370293.115978
-0.174216,0.077348,0.333792,32.410000,-83.230003,2.310000,1770370293.123978
-0.190808,0.063440,0.470676,45.639999,-61.180000,11.830000,1770370293.132024
-0.229116,0.088328,0.681492,58.310001,-26.530001,16.940001,1770370293.139973
-0.290848,0.106140,0.953064,64.889999,13.790000,18.620001,1770370293.148068
-0.404064,0.100772,1.201944,68.529999,49.700001,21.420000,1770370293.155968
-0.564860,0.049288,1.363472,74.690002,66.989998,22.330000,1770370293.163992
-0.788852,-0.011956,1.477664,72.309998,65.800003,19.040001,1770370293.172029
-1.020408,-0.022692,1.562088,66.080002,52.150002,11.900000,1770370293.179984
-1.142164,-0.058560,1.628700,46.549999,28.490000,1.120000,1770370293.187978
-1.168272,-0.132248,1.659200,26.670000,-2.800000,-7.560000,1770370293.195974
-1.118984,-0.251320,1.690188,12.880000,-40.459999,-12.390000,1770370293.203987
-0.955016,-0.358924,1.723860,0.350000,-84.209999,-9.590000,1770370293.212124
-0.786168,-0.425780,1.762412,-3.710000,-116.970001,-8.680000,1770370293.219972
-0.614636,-0.433100,1.778272,-9.100000,-136.220001,-14.490000,1770370293.227967
-0.420900,-0.378200,1.748260,-20.860001,-143.360001,-14.980000,1770370293.235966
-0.226432,-0.259860,1.653588,-31.010000,-138.880005,-17.219999,1770370293.243968
-0.054656,-0.146156,1.473028,-45.919998,-129.710007,-13.580000,1770370293.251994
0.071980,-0.054168,1.218292,-53.130001,-118.230003,-3.990000,1770370293.260101
0.152988,0.040260,0.942816,-52.080002,-107.099998,10.220000,1770370293.267965
0.194956,0.115168,0.732976,-48.090000,-93.029999,19.389999,1770370293.275971
0.191784,0.177144,0.581940,-39.340000,-78.540001,29.049999,1770370293.283974
0.186904,0.257420,0.467016,-36.540001,-64.190002,26.110001,1770370293.292010
0.174216,0.335500,0.383324,-36.330002,-48.299999,28.139999,1770370293.299974
0.143960,0.406504,0.319152,-38.570000,-31.010000,25.129999,1770370293.307968
0.113948,0.455548,0.271572,-39.970001,-15.960000,21.910000,1770370293.315958
0.083692,0.475556,0.244976,-42.209999,-4.340000,18.340000,1770370293.323965
0.050264,0.448228,0.216184,-44.590000,9.870000,13.020000,1770370293.332002
0.026352,0.434076,0.173972,-38.080002,20.719999,12.740000,1770370293.339973
0.001952,0.380884,0.125416,-23.379999,33.599998,9.870000,1770370293.348262
-0.016348,0.333548,0.089792,-6.720000,45.009998,7.910000,1770370293.355970
-0.020740,0.282064,0.136396,12.880000,55.369999,3.990000,1770370293.363968
-0.028548,0.266204,0.286212,28.770000,65.870003,1.330000,1770370293.371956
-0.040016,0.273280,0.539484,43.540001,80.150002,-6.300000,1770370293.379976
-0.059048,0.300120,0.870836,47.599998,97.089996,-4.270000,1770370293.387972
-0.084912,0.277184,1.157048,45.779999,117.180000,-11.620000,1770370293.395960
-0.131272,0.223748,1.346148,45.570000,127.820000,-7.770000,1770370293.403985
-0.197640,0.109312,1.493524,40.950001,130.759995,-3.430000,1770370293.412020
-0.280112,-0.004880,1.667252,44.099998,116.480003,6.160000,1770370293.419975
-0.402356,-0.073688,1.860012,49.070000,89.250000,17.010000,1770370293.427979
-0.497760,-0.132980,1.887584,44.310001,60.689999,17.920000,1770370293.435996
-0.521672,-0.208864,1.770220,25.760000,40.040001,21.280001,1770370293.444066
-0.524844,-0.321836,1.659444,4.550000,39.619999,21.980000,1770370293.451994
-0.533140,-0.490928,1.594784,-7.000000,52.150002,28.840000,1770370293.460054
-0.579012,-0.651968,1.576240,-17.639999,72.449997,25.410000,1770370293.467982
-0.696864,-0.758108,1.564040,-29.120001,94.010002,13.860000,1770370293.475962
-0.791536,-0.742004,1.501332,-36.540001,112.629997,-1.890000,1770370293.483982
-0.857416,-0.610488,1.354444,-48.020000,122.080002,-13.510000,1770370293.491963
-0.895236,-0.426268,1.159000,-50.189999,116.620003,-23.590000,1770370293.499983
-0.925492,-0.237900,0.959164,-45.849998,97.300003,-26.879999,1770370293.508056
-0.942328,-0.104920,0.815692,-41.090000,73.779999,-34.369999,1770370293.516020
-0.939156,-0.013420,0.709308,-31.010000,46.130001,-32.900002,1770370293.523973
-0.900604,0.052948,0.614392,-27.580000,23.520000,-34.509998,1770370293.531981
-0.842044,0.129076,0.525820,-18.410000,6.300000,-35.630001,1770370293.540147
-0.771284,0.193492,0.437004,-17.080000,-10.920000,-35.980000,1770370293.548059
-0.686616,0.233996,0.343552,-12.530000,-28.700001,-37.660000,1770370293.556020
-0.607560,0.256932,0.278404,-10.780000,-45.080002,-37.169998,1770370293.563987
-0.527040,0.276696,0.235704,-12.320000,-61.250000,-40.459999,1770370293.571973
-0.442860,0.283772,0.215696,-11.550000,-76.089996,-38.009998,1770370293.579981
-0.356240,0.265472,0.205692,-14.350000,-89.949997,-32.689999,1770370293.588072
-0.291580,0.223504,0.189344,-11.970000,-100.379997,-24.639999,1770370293.595978
-0.236436,0.175680,0.163236,-11.130000,-111.720001,-14.630000,1770370293.603976
-0.211548,0.152500,0.160552,-3.920000,-116.269997,-2.380000,1770370293.612025
-0.187392,0.109068,0.208376,11.410000,-113.260002,11.970000,1770370293.619954
-0.190564,0.091988,0.326228,27.790001,-96.529999,18.129999,1770370293.627966
-0.218624,0.113460,0.541192,42.279999,-60.619999,23.100000,1770370293.635975
-0.250344,0.130784,0.793976,55.650002,-14.560000,19.250000,1770370293.643972
-0.307440,0.128832,1.055056,61.669998,30.379999,18.830000,1770370293.651999
-0.436516,0.088572,1.291736,68.320000,61.250000,20.650000,1770370293.659999
-0.631472,0.049044,1.449360,76.650002,74.059998,19.250000,1770370293.667977
-0.884012,0.031720,1.562576,76.580002,70.000000,18.690001,1770370293.675960
-1.098244,0.026840,1.677988,67.129997,54.040001,4.550000,1770370293.683978
-1.187792,-0.016348,1.699460,43.470001,30.170000,-4.410000,1770370293.692145
-1.183400,-0.165432,1.706780,25.200001,-4.340000,-10.920000,1770370293.699993
-1.081896,-0.341844,1.722152,11.970000,-51.099998,-11.340000,1770370293.708071
-0.914512,-0.464088,1.764608,2.450000,-93.379997,-7.210000,1770370293.716061
-0.732732,-0.531920,1.779004,-1.890000,-126.349998,-7.700000,1770370293.723981
-0.548756,-0.511424,1.753384,-12.600000,-143.220001,-5.390000,1770370293.731979
-0.351604,-0.404796,1.672376,-24.219999,-145.809998,-7.560000,1770370293.740011
-0.153964,-0.292800,1.531588,-38.080002,-143.009995,-4.550000,1770370293.748056
-0.009516,-0.172996,1.311500,-49.209999,-133.070007,1.750000,1770370293.755996
0.081740,-0.098332,1.057496,-51.310001,-119.699997,8.960000,1770370293.763983
0.143960,-0.002928,0.823256,-50.330002,-102.269997,23.590000,1770370293.772074
0.167628,0.075640,0.651480,-43.680000,-82.599998,34.860001,1770370293.779976
0.166408,0.148596,0.533628,-39.970001,-63.630001,40.740002,1770370293.788050
0.158112,0.216916,0.460428,-35.980000,-45.779999,42.139999,1770370293.795976
0.135176,0.274988,0.405040,-31.010000,-28.000000,38.849998,1770370293.803983
0.099552,0.326960,0.328912,-33.459999,-13.790000,36.189999,1770370293.811977
0.057096,0.361364,0.260104,-34.299999,-4.480000,32.549999,1770370293.819975
0.013664,0.374296,0.197884,-34.580002,3.290000,26.320000,1770370293.827975
-0.021960,0.359900,0.150792,-33.040001,8.540000,19.670000,1770370293.836121
-0.037332,0.339648,0.107848,-26.740000,13.720000,13.580000,1770370293.843972
-0.052948,0.314516,0.072224,-17.430000,20.650000,9.660000,1770370293.851993
-0.061976,0.279136,0.059536,-1.890000,28.490000,10.290000,1770370293.859981
-0.068076,0.249368,0.133712,14.770000,38.360001,7.280000,1770370293.867977
-0.068564,0.239364,0.303780,30.030001,49.700001,1.890000,1770370293.875955
-0.062952,0.245220,0.574620,41.650002,65.449997,-4.970000,1770370293.884018
-0.080276,0.265472,0.896700,40.320000,84.769997,-11.620000,1770370293.892016
-0.093452,0.233752,1.183156,39.619999,102.620003,-12.180000,1770370293.899969
-0.130540,0.138104,1.378112,36.119999,116.760002,-13.160000,1770370293.907969
-0.201544,0.021228,1.543056,37.520000,121.870003,-7.980000,1770370293.915970
-0.289872,-0.087108,1.765828,47.459999,109.620003,0.490000,1770370293.924015
-0.388692,-0.172508,1.995920,55.090000,86.870003,9.590000,1770370293.932016
-0.458476,-0.226920,2.016172,54.110001,56.560001,15.470000,1770370293.939972
-0.474092,-0.248880,1.863428,36.680000,34.509998,15.260000,1770370293.948096
-0.466772,-0.332328,1.714588,15.890000,30.030001,17.709999,1770370293.956015
-0.465308,-0.459452,1.616256,1.750000,40.599998,21.209999,1770370293.963981
-0.508008,-0.579988,1.569408,-13.440000,62.930000,23.520000,1770370293.972014
-0.606584,-0.633912,1.571116,-22.330000,89.459999,14.770000,1770370293.979973
-0.713456,-0.580232,1.512800,-34.230000,111.790001,3.080000,1770370293.987979
-0.828136,-0.452376,1.393484,-42.980000,125.370003,-4.830000,1770370293.996063
-0.897920,-0.279136,1.193160,-45.849998,123.830002,-12.810000,1770370294.003962
-0.946232,-0.121756,0.954284,-49.560001,106.680000,-18.410000,1770370294.011979
-0.968436,0.000976,0.752252,-46.340000,78.050003,-24.500000,1770370294.020036
-0.965264,0.062708,0.607804,-39.689999,45.290001,-28.559999,1770370294.028053
-0.918660,0.096624,0.522648,-32.900002,16.730000,-32.970001,1770370294.035960
-0.843752,0.113216,0.451400,-19.459999,-6.230000,-34.860001,1770370294.043977
-0.761280,0.144936,0.376492,-10.290000,-24.430000,-35.910000,1770370294.052030
-0.672708,0.178852,0.306220,-1.330000,-40.740002,-41.090000,1770370294.060568
-0.569984,0.223016,0.255468,4.760000,-54.529999,-38.500000,1770370294.068371
-0.487512,0.274744,0.220088,11.900000,-68.879997,-42.910000,1770370294.076704
-0.404308,0.306464,0.185684,12.950000,-81.970001,-41.930000,1770370294.083989
-0.322324,0.329644,0.143472,9.870000,-98.070000,-37.660000,1770370294.091995
-0.245220,0.307440,0.101260,8.120000,-117.459999,-28.070000,1770370294.099978
-0.195200,0.237900,0.066612,7.910000,-132.580002,-15.890000,1770370294.108080
-0.142740,0.172508,0.070760,11.550000,-136.360001,-4.340000,1770370294.116078
-0.105408,0.118096,0.140300,21.139999,-130.130005,7.350000,1770370294.124099
-0.088084,0.091988,0.306708,30.450001,-104.580002,13.440000,1770370294.132013
-0.090768,0.092232,0.549488,38.080002,-63.419998,15.750000,1770370294.139980
-0.092964,0.105652,0.828868,44.169998,-10.710000,18.830000,1770370294.147975
-0.138104,0.103212,1.114836,48.439999,39.619999,19.250000,1770370294.156001
-0.267668,0.054900,1.367864,59.779999,78.680000,22.750000,1770370294.163984
-0.480436,0.004636,1.612108,70.070000,101.290001,24.430000,1770370294.171987
-0.755180,-0.049532,1.845860,82.110001,103.879997,22.610001,1770370294.179995
-1.017968,-0.109312,1.938824,80.080002,97.440002,14.630000,1770370294.187972
-1.141432,-0.136396,1.889048,68.110001,76.930000,9.730000,1770370294.195962
-1.159732,-0.183488,1.832196,53.340000,36.330002,8.260000,1770370294.203984
-1.138504,-0.265472,1.802184,34.090000,-13.790000,10.150000,1770370294.212004
-1.062620,-0.339648,1.796816,15.890000,-62.299999,8.050000,1770370294.219967
-0.937692,-0.395036,1.793400,-0.210000,-99.540001,5.600000,1770370294.227967
-0.769088,-0.407236,1.744600,-17.850000,-119.910004,-3.150000,1770370294.235967
-0.569008,-0.364536,1.661396,-28.420000,-129.850006,-9.800000,1770370294.243974
-0.382592,-0.274988,1.529880,-44.730000,-130.130005,-13.860000,1770370294.252005
-0.221308,-0.180560,1.362740,-52.919998,-125.230003,-16.170000,1770370294.259980
-0.085400,-0.086132,1.168028,-60.340000,-118.370003,-12.040000,1770370294.267972
0.011468,0.003416,0.971852,-58.099998,-107.379997,-9.240000,1770370294.275962
0.085644,0.105652,0.806420,-52.990002,-96.949997,1.890000,1770370294.283995
0.135908,0.184952,0.705648,-50.959999,-82.040001,11.550000,1770370294.292013
0.156892,0.278648,0.613416,-45.220001,-67.620003,17.360001,1770370294.299971
0.160308,0.334036,0.513620,-45.360001,-55.790001,23.240000,1770370294.307969
0.142496,0.379908,0.407724,-46.410000,-42.910000,24.080000,1770370294.316013
0.106140,0.407236,0.300608,-41.860001,-33.320000,27.160000,1770370294.323972
0.064172,0.425292,0.183488,-43.680000,-24.150000,21.629999,1770370294.331976
0.027572,0.422608,0.097356,-39.900002,-17.219999,22.959999,1770370294.339975
0.001220,0.404552,0.035380,-33.740002,-11.130000,13.440000,1770370294.347969
-0.005856,0.369172,-0.012688,-26.040001,-3.570000,8.050000,1770370294.356020
-0.002196,0.328668,-0.040260,-13.650000,6.860000,1.190000,1770370294.363985
-0.004636,0.293532,-0.026596,2.870000,21.910000,-1.050000,1770370294.371961
-0.007320,0.264740,0.081008,20.299999,39.689999,-2.310000,1770370294.379977
-0.009272,0.230092,0.284748,35.630001,58.660000,-4.970000,1770370294.387975
-0.017324,0.236436,0.567788,45.080002,81.900002,-8.330000,1770370294.395976
-0.045384,0.269620,0.900848,51.520000,103.809998,-12.250000,1770370294.404061
-0.072956,0.226432,1.145580,47.110001,123.620003,-12.880000,1770370294.411979
-0.121512,0.162992,1.302228,45.779999,134.470001,-12.250000,1770370294.419981
-0.199836,0.072468,1.489132,43.959999,135.660004,-6.510000,1770370294.427977
-0.295484,-0.010004,1.744600,44.730000,119.000000,3.430000,1770370294.435975
-0.466772,-0.098332,2.019344,54.669998,89.599998,14.000000,1770370294.443972
-0.574376,-0.211792,2.087420,48.860001,60.900002,19.040001,1770370294.452311
-0.571692,-0.283284,1.904420,37.520000,40.250000,19.530001,1770370294.460010
-0.539972,-0.374784,1.738256,20.510000,32.410000,24.080000,1770370294.467985
-0.509228,-0.524356,1.635288,1.050000,33.810001,26.459999,1770370294.475967
-0.550464,-0.687836,1.605764,-7.420000,45.709999,23.730000,1770370294.483981
-0.635132,-0.730048,1.600884,-23.660000,65.449997,9.870000,1770370294.492086
-0.716140,-0.687836,1.561356,-34.230000,85.540001,-4.900000,1770370294.499976
-0.776408,-0.556564,1.436916,-45.849998,100.800003,-17.850000,1770370294.508082
-0.804224,-0.377956,1.243668,-54.110001,101.919998,-29.190001,1770370294.515962
-0.828380,-0.211548,1.017724,-52.779999,88.480003,-36.540001,1770370294.524028
-0.842776,-0.060268,0.831552,-50.889999,66.150002,-44.169998,1770370294.532017
-0.840336,0.043920,0.705160,-46.130001,44.939999,-48.509998,1770370294.539988
-0.795440,0.128344,0.625860,-38.009998,21.070000,-52.150002,1770370294.548070
-0.738344,0.190808,0.550708,-30.799999,3.500000,-53.689999,1770370294.555988
-0.674904,0.246684,0.462624,-20.440001,-12.110000,-51.520000,1770370294.563991
-0.601460,0.304024,0.374052,-16.520000,-27.020000,-55.580002,1770370294.572029
-0.532408,0.322324,0.315980,-14.700000,-37.660000,-52.220001,1770370294.579982
-0.461160,0.331108,0.264008,-13.580000,-50.119999,-51.450001,1770370294.587976
-0.392596,0.334280,0.212524,-14.770000,-64.190002,-50.119999,1770370294.596005
-0.317688,0.323300,0.167384,-11.200000,-77.070000,-45.290001,1770370294.604096
-0.251320,0.273524,0.153232,-12.460000,-89.599998,-41.020000,1770370294.611976
-0.191052,0.201056,0.151524,-8.680000,-99.190002,-26.740000,1770370294.619962
-0.144692,0.135664,0.151036,-2.450000,-104.160004,-14.280000,1770370294.627973
-0.112728,0.089548,0.164944,8.330000,-98.279999,-0.840000,1770370294.635973
-0.106140,0.048312,0.254248,24.780001,-80.849998,9.170000,1770370294.643996
-0.116144,0.027816,0.459208,36.400002,-45.639999,14.770000,1770370294.652013
-0.153476,0.031964,0.745176,47.950001,3.360000,17.150000,1770370294.660016
-0.186904,0.042212,1.039440,56.560001,54.389999,16.170000,1770370294.668105
-0.300364,0.003904,1.306864,66.779999,91.769997,21.770000,1770370294.676002
-0.516548,-0.046116,1.502308,83.089996,110.180000,21.420000,1770370294.683980
-0.817888,-0.053680,1.670912,90.790001,111.510002,19.950001,1770370294.691981
-1.151680,-0.043676,1.779980,86.099998,102.900002,9.800000,1770370294.700062
-1.348832,-0.053192,1.776564,69.019997,80.430000,-1.400000,1770370294.708070
-1.445212,-0.115168,1.722152,49.980000,42.560001,-9.940000,1770370294.716069
-1.456436,-0.263764,1.680428,35.279999,-10.220000,-14.840000,1770370294.724001
-1.352736,-0.392840,1.664324,20.580000,-73.570000,-20.440001,1770370294.731989
-1.147776,-0.508496,1.677256,7.210000,-128.589996,-21.770000,1770370294.740013
-0.915488,-0.548268,1.701656,-3.360000,-168.490005,-25.410000,1770370294.747964
-0.645868,-0.527772,1.696288,-12.880000,-192.639999,-31.709999,1770370294.756098
-0.391864,-0.427976,1.630408,-24.430000,-204.610001,-33.180000,1770370294.763985
-0.163236,-0.274500,1.487912,-39.340000,-204.610001,-32.830002,1770370294.771980
0.022448,-0.145668,1.267824,-52.779999,-197.610001,-27.510000,1770370294.779980
0.160796,-0.047336,1.023580,-53.549999,-189.559998,-22.120001,1770370294.787977
0.246684,0.061732,0.798368,-49.560001,-173.529999,-8.540000,1770370294.796091
0.298656,0.160552,0.634644,-39.759998,-155.610001,2.380000,1770370294.803975
0.325008,0.243512,0.517280,-32.480000,-136.009995,10.640000,1770370294.811980
0.341356,0.313540,0.430172,-25.760000,-114.519997,17.150000,1770370294.819974
0.330864,0.343064,0.355508,-20.790001,-93.870003,18.830000,1770370294.827976
0.305976,0.359900,0.290604,-20.299999,-72.379997,21.629999,1770370294.836073
0.274012,0.360876,0.233264,-18.340000,-53.200001,18.059999,1770370294.843973
0.242536,0.363316,0.192760,-17.219999,-33.669998,13.090000,1770370294.852051
0.215940,0.341356,0.171532,-13.160000,-14.000000,12.180000,1770370294.860104
0.191540,0.295484,0.150792,-9.100000,5.880000,4.690000,1770370294.867981
0.158112,0.249612,0.120048,-0.560000,27.370001,3.430000,1770370294.875967
0.129076,0.212524,0.104188,10.780000,49.630001,-2.100000,1770370294.884004
0.097844,0.180072,0.155428,23.309999,71.540001,2.870000,1770370294.891977
0.082472,0.147864,0.284016,32.689999,93.800003,-1.470000,1770370294.900037
0.066612,0.140300,0.489952,39.200001,114.099998,-3.150000,1770370294.907978
0.040260,0.128832,0.756888,36.400002,139.369995,-5.880000,1770370294.915974
0.015128,0.131272,1.010892,29.680000,163.169998,-10.010000,1770370294.923971
-0.021716,0.081252,1.202676,26.879999,186.899994,-12.040000,1770370294.932017
-0.091744,-0.002684,1.455704,25.549999,196.770004,-2.590000,1770370294.939996
-0.228140,-0.059048,1.777784,28.070000,188.580002,2.800000,1770370294.947973
-0.415288,-0.154696,2.052772,32.549999,167.509995,3.780000,1770370294.955993
-0.630008,-0.347456,2.149884,34.790001,136.220001,5.600000,1770370294.964030
-0.803980,-0.466040,1.982012,23.100000,108.779999,-2.870000,1770370294.971986
-0.860588,-0.559980,1.794132,11.900000,86.449997,-8.120000,1770370294.979979
-0.889136,-0.630740,1.650660,7.350000,63.349998,-13.860000,1770370294.987982
-0.919880,-0.646356,1.565992,5.740000,48.160000,-21.139999,1770370294.996036
-0.954528,-0.596580,1.548912,4.480000,39.619999,-34.930000,1770370295.003975
-0.952088,-0.462624,1.497184,-0.700000,35.700001,-48.439999,1770370295.011976
-0.926956,-0.307928,1.341756,-9.520000,32.060001,-55.860001,1770370295.020060
-0.888160,-0.210084,1.139480,-16.799999,19.740000,-69.790001,1770370295.027975
-0.837652,-0.133956,0.923052,-25.340000,0.210000,-77.489998,1770370295.035980
-0.787632,-0.045140,0.725412,-24.709999,-19.809999,-86.029999,1770370295.044000
-0.720776,-0.002928,0.575596,-24.010000,-36.540001,-91.279999,1770370295.052052
-0.652700,0.055632,0.443348,-16.030001,-49.070000,-92.750000,1770370295.060327
-0.584136,0.138836,0.324520,-7.350000,-59.639999,-91.419998,1770370295.068360
-0.517524,0.234728,0.255224,3.990000,-69.019997,-96.320000,1770370295.076308
-0.451644,0.363072,0.224236,12.460000,-81.410004,-97.930000,1770370295.083998
-0.372588,0.500688,0.229604,11.340000,-96.250000,-98.489998,1770370295.091991
-0.282308,0.608780,0.230336,6.790000,-114.239998,-94.220001,1770370295.099977
-0.190320,0.661728,0.213744,6.230000,-129.289993,-82.879997,1770370295.108041
-0.129320,0.630740,0.191052,2.450000,-134.679993,-66.500000,1770370295.116060
-0.071980,0.595848,0.187392,5.320000,-129.779999,-45.639999,1770370295.123977
-0.022448,0.566080,0.197640,5.810000,-118.720001,-29.120001,1770370295.131983
0.025620,0.479948,0.231312,10.150000,-98.699997,-12.810000,1770370295.139992
0.067100,0.404796,0.340136,15.120000,-70.000000,-3.080000,1770370295.147978
0.103212,0.336964,0.568032,22.889999,-26.250000,6.930000,1770370295.155968
0.112728,0.225944,0.902800,29.889999,30.170000,10.500000,1770370295.163978
0.071736,0.116876,1.206580,35.560001,83.230003,11.060000,1770370295.171985
-0.055388,-0.047824,1.433744,53.900002,128.029999,10.850000,1770370295.179999
-0.288652,-0.246928,1.700436,88.550003,159.949997,15.540000,1770370295.187979
-0.639768,-0.441152,1.969324,112.070000,185.009995,19.389999,1770370295.195974
-0.924028,-0.408212,2.072536,110.949997,182.910004,15.820000,1770370295.204022
-1.073844,-0.338672,2.055456,93.379997,153.089996,13.790000,1770370295.212018
-1.232688,-0.370880,1.989088,72.519997,101.989998,13.090000,1770370295.219970
-1.335656,-0.431880,1.871236,47.389999,33.389999,11.970000,1770370295.227969
-1.340048,-0.467992,1.754360,18.760000,-39.130001,3.920000,1770370295.235957
-1.234884,-0.462868,1.703120,-1.330000,-100.589996,-3.850000,1770370295.243979
-1.045296,-0.483364,1.650660,-21.000000,-148.399994,-20.020000,1770370295.252080
-0.826672,-0.416996,1.523048,-36.119999,-180.669998,-28.629999,1770370295.259988
-0.583892,-0.298168,1.357128,-44.240002,-202.860001,-42.000000,1770370295.268080
-0.359656,-0.192272,1.169980,-52.990002,-215.179993,-44.869999,1770370295.276006
-0.189588,-0.084180,0.960628,-54.389999,-221.830002,-42.700001,1770370295.283979
-0.040504,0.020984,0.767868,-54.810001,-222.809998,-37.450001,1770370295.291974
0.076616,0.122000,0.631228,-50.049999,-219.940002,-25.059999,1770370295.299968
0.154696,0.241316,0.538996,-40.320000,-211.960007,-18.410000,1770370295.307969
0.228140,0.351848,0.468480,-32.759998,-198.800003,-14.280000,1770370295.315980
0.279136,0.426024,0.391132,-22.540001,-185.220001,-16.100000,1770370295.324089
0.313540,0.472384,0.303048,-21.420000,-165.899994,-18.410000,1770370295.331977
0.333548,0.513864,0.225212,-17.570000,-143.360001,-20.790001,1770370295.339971
0.354288,0.499468,0.158356,-16.030001,-118.860001,-23.450001,1770370295.347966
0.351604,0.444812,0.085644,-12.880000,-86.870003,-24.639999,1770370295.355993
0.360144,0.348432,0.008784,-7.140000,-55.439999,-28.000000,1770370295.364044
0.393328,0.233752,0.002928,1.890000,-22.540001,-32.830002,1770370295.371967
0.437980,0.174460,0.037088,16.309999,10.920000,-35.980000,1770370295.379983
0.483120,0.112972,0.154940,36.400002,43.400002,-30.520000,1770370295.388042
0.521428,0.086620,0.372100,48.509998,72.309998,-26.110001,1770370295.395995
0.545828,0.048312,0.690764,57.750000,101.989998,-24.920000,1770370295.403984
0.570472,-0.009272,0.993324,55.790001,136.710007,-23.730000,1770370295.411985
0.586332,-0.096136,1.193892,55.439999,167.020004,-16.870001,1770370295.420005
0.527772,-0.232288,1.351028,54.389999,195.020004,-4.550000,1770370295.427975
0.463112,-0.426268,1.506456,56.560001,216.300003,5.460000,1770370295.435964
0.257420,-0.651480,1.746796,58.869999,232.889999,13.090000,1770370295.443981
-0.028060,-0.795440,2.038132,55.650002,254.100006,1.470000,1770370295.451998
-0.220332,-0.760304,2.239432,52.570000,264.179993,-1.960000,1770370295.459994
-0.455304,-0.663192,2.258708,38.990002,253.820007,-13.230000,1770370295.467983
-0.716872,-0.565592,2.068388,18.900000,231.139999,-21.350000,1770370295.476102
-0.938424,-0.443348,1.803160,2.310000,203.139999,-33.810001,1770370295.484013
-1.102636,-0.317200,1.529636,-13.650000,172.690002,-42.279999,1770370295.491981
-1.216340,-0.212768,1.237568,-25.690001,133.979996,-50.470001,1770370295.499976
-1.257820,-0.132248,0.948916,-28.070000,89.250000,-58.099998,1770370295.507977
-1.251720,-0.091256,0.693448,-28.420000,42.630001,-67.410004,1770370295.516019
-1.205848,-0.033184,0.497028,-21.000000,-7.000000,-78.610001,1770370295.524042
-1.122644,0.050264,0.360876,-8.540000,-44.099998,-93.099998,1770370295.531965
-1.004792,0.154452,0.306952,6.090000,-74.760002,-102.480003,1770370295.539982
-0.854976,0.305488,0.332816,18.340000,-98.839996,-117.809998,1770370295.547977
-0.656848,0.484340,0.374052,21.559999,-121.169998,-119.139999,1770370295.556253
-0.503860,0.633668,0.369172,18.969999,-142.800003,-114.309998,1770370295.563993
-0.376248,0.773480,0.325252,13.230000,-165.690002,-108.360001,1770370295.571987
-0.272060,0.849120,0.252052,8.470000,-185.289993,-100.239998,1770370295.579984
-0.191052,0.896944,0.175436,3.220000,-194.320007,-92.610001,1770370295.587974
-0.087840,0.915000,0.105164,-2.520000,-194.740005,-68.809998,1770370295.596023
-0.029768,0.867176,0.076372,-4.760000,-183.119995,-51.029999,1770370295.603983
0.041724,0.776652,0.109312,-13.020000,-161.350006,-33.459999,1770370295.611977
0.125660,0.656604,0.206424,-13.930000,-133.350006,-21.000000,1770370295.619966
0.216916,0.498248,0.398452,-10.290000,-96.320000,-11.340000,1770370295.627970
0.267912,0.284992,0.646844,-13.860000,-49.770000,-2.730000,1770370295.636087
0.313296,0.189832,0.878888,-7.560000,-1.330000,-0.700000,1770370295.643980
0.337940,-0.008784,1.184132,1.680000,50.889999,7.490000,1770370295.651977
0.291580,-0.318664,1.494500,15.680000,96.949997,16.240000,1770370295.659991
0.170068,-0.504836,1.810724,61.669998,140.279999,16.799999,1770370295.668064
-0.050508,-0.569252,2.176480,109.199997,175.699997,19.250000,1770370295.675977
-0.312564,-0.534360,2.362408,117.040001,194.669998,28.490000,1770370295.684010
-0.515816,-0.499712,2.306532,101.430000,195.160004,29.400000,1770370295.691989
-0.708088,-0.469700,2.200392,79.449997,172.130005,32.759998,1770370295.699974
-0.883280,-0.454572,2.056676,52.639999,125.650002,31.850000,1770370295.707998
-1.032852,-0.428952,1.848056,18.620001,73.360001,22.540001,1770370295.716124
-1.134844,-0.404064,1.665300,-10.430000,18.059999,8.260000,1770370295.723976
-1.117520,-0.343064,1.488888,-34.860001,-34.090000,-9.450000,1770370295.731981
-1.006744,-0.081984,1.391044,-27.580000,-67.760002,-13.580000,1770370295.739978
-0.898164,-0.072712,1.322724,-27.650000,-91.769997,-16.730000,1770370295.748092
-0.764452,0.071492,1.160464,-35.630001,-110.389999,-23.730000,1770370295.756056
-0.610000,0.077592,1.008696,-45.990002,-125.370003,-24.920000,1770370295.763974
-0.454328,0.006832,0.837652,-74.339996,-139.020004,-21.280001,1770370295.772004
-0.330864,-0.079788,0.661972,-97.440002,-154.350006,-12.250000,1770370295.779985
-0.234728,-0.098820,0.500444,-110.180000,-164.850006,-4.760000,1770370295.787977
-0.152988,-0.072712,0.366488,-114.309998,-172.970001,3.780000,1770370295.795996
-0.101016,-0.002196,0.256688,-106.330002,-178.779999,6.510000,1770370295.804019
-0.045384,0.083204,0.167140,-90.160004,-179.690002,13.300000,1770370295.811978
0.004148,0.167140,0.114192,-70.980003,-177.100006,12.110000,1770370295.819983
0.060024,0.227164,0.110288,-47.459999,-168.419998,10.990000,1770370295.827984
0.130784,0.230580,0.138836,-34.650002,-155.119995,13.020000,1770370295.836003
0.198860,0.208620,0.169336,-15.890000,-142.029999,9.170000,1770370295.843981
0.253028,0.152012,0.185684,-7.980000,-126.139999,5.040000,1770370295.851980
0.305000,0.113216,0.201056,6.790000,-105.139999,-4.550000,1770370295.860043
0.379664,0.072956,0.268888,19.879999,-80.849998,-7.210000,1770370295.868057
0.495320,0.006344,0.402112,36.400002,-54.110001,-10.780000,1770370295.875979
0.610976,-0.061000,0.596824,52.080002,-32.970001,-11.060000,1770370295.883994
0.719312,-0.109556,0.823988,63.560001,-8.960000,-12.390000,1770370295.892016
0.826916,-0.130784,1.092632,76.089996,15.400000,-6.020000,1770370295.900045
0.956724,-0.149328,1.337120,80.150002,38.360001,0.980000,1770370295.907978
1.083604,-0.184708,1.524512,77.769997,61.040001,9.940000,1770370295.915979
1.135576,-0.346236,1.683356,73.709999,84.559998,22.330000,1770370295.924038
1.080676,-0.601216,1.820728,69.230003,116.199997,28.840000,1770370295.932017
0.922808,-0.764940,1.875872,66.709999,159.949997,37.310001,1770370295.939963
0.677344,-0.762500,1.871968,61.529999,205.309998,35.000000,1770370295.947967
0.407724,-0.658312,1.854644,45.080002,252.770004,25.690001,1770370295.956038
0.139568,-0.564128,1.747284,26.530001,296.029999,16.100000,1770370295.963993
-0.132492,-0.455548,1.580876,16.240000,336.489990,2.450000,1770370295.971978
-0.394792,-0.311100,1.433744,9.240000,364.839996,-4.270000,1770370295.980031
-0.669780,-0.155184,1.283928,3.010000,374.779999,-17.290001,1770370295.987979
-0.933056,-0.017324,1.023092,-9.870000,358.959991,-30.240000,1770370295.995974
-1.158512,0.093208,0.670024,-18.340000,315.489990,-49.560001,1770370296.004012
-1.340048,0.145180,0.353556,-23.799999,252.979996,-60.900002,1770370296.012011
-1.470832,0.170068,0.130540,-13.440000,180.250000,-70.419998,1770370296.019975
-1.485228,0.194712,0.052216,-4.900000,102.199997,-77.000000,1770370296.027975
-1.395924,0.263520,0.117852,-1.330000,33.250000,-85.120003,1770370296.035981
-1.210728,0.385276,0.208620,1.260000,-30.240000,-90.790001,1770370296.044055
-0.987224,0.550708,0.245220,2.870000,-82.180000,-93.519997,1770370296.052021
-0.779336,0.671976,0.226188,7.070000,-129.500000,-87.919998,1770370296.060232
-0.600972,0.748104,0.173484,11.200000,-157.360001,-76.930000,1770370296.068134
-0.458476,0.732976,0.154208,12.530000,-170.660004,-58.520000,1770370296.076097
-0.380152,0.685396,0.126636,7.560000,-168.910004,-41.160000,1770370296.084002
-0.291824,0.641964,0.138104,-1.120000,-155.539993,-27.299999,1770370296.091991
-0.214964,0.590236,0.207156,-6.650000,-130.899994,-14.630000,1770370296.100014
-0.131516,0.441884,0.341112,-10.570000,-111.510002,-8.120000,1770370296.107971
-0.077104,0.338428,0.490196,-9.030000,-82.529999,-0.700000,1770370296.115964
-0.036112,0.176900,0.685152,0.210000,-53.410000,1.190000,1770370296.123984
0.017324,0.009516,0.922808,8.960000,-22.469999,9.520000,1770370296.132020
-0.050752,-0.212524,1.167540,14.420000,4.060000,16.450001,1770370296.139974
-0.103212,-0.315248,1.404220,48.650002,28.700001,21.700001,1770370296.147979
-0.212524,-0.383080,1.708488,95.970001,52.779999,32.270000,1770370296.156124
-0.412848,-0.364780,1.964932,129.080002,71.120003,35.910000,1770370296.164104
-0.532896,-0.266204,2.174284,128.869995,80.080002,29.469999,1770370296.171977
-0.577792,-0.178608,2.214788,106.050003,73.360001,26.110001,1770370296.180160
-0.639036,-0.156892,2.119384,73.220001,52.150002,26.600000,1770370296.187983
-0.697840,-0.207400,2.003972,35.840000,22.820000,24.780001,1770370296.195971
-0.737124,-0.239120,1.767292,3.360000,-5.460000,28.139999,1770370296.203978
-0.752008,-0.115412,1.572336,-10.430000,-27.299999,25.200001,1770370296.212431
-0.769820,-0.081008,1.453508,-17.780001,-40.320000,23.730000,1770370296.219962
-0.784216,-0.040504,1.323212,-26.250000,-46.200001,20.510000,1770370296.228200
-0.772016,-0.003172,1.193648,-35.980000,-46.549999,13.020000,1770370296.236011
-0.741516,0.040260,1.059692,-43.259998,-43.400002,13.440000,1770370296.243969
-0.666608,-0.083692,0.949648,-62.580002,-49.139999,2.800000,1770370296.251969
-0.529236,-0.252540,0.818132,-90.160004,-66.080002,-1.820000,1770370296.259999
-0.423096,-0.312320,0.662948,-101.290001,-81.620003,-4.060000,1770370296.267966
-0.337696,-0.287920,0.530700,-100.660004,-94.080002,3.780000,1770370296.275958
-0.282064,-0.210572,0.429928,-89.389999,-104.300003,10.150000,1770370296.283965
-0.233996,-0.098088,0.360144,-76.650002,-112.629997,14.980000,1770370296.291983
-0.190808,0.034160,0.299632,-65.099998,-117.809998,21.070000,1770370296.299969
-0.148352,0.145912,0.272548,-50.259998,-121.940002,26.320000,1770370296.307990
-0.105896,0.213744,0.262788,-39.830002,-121.730003,28.490000,1770370296.316107
-0.056120,0.238388,0.260592,-28.629999,-119.349998,26.809999,1770370296.323968
0.004392,0.245952,0.256200,-22.190001,-116.480003,19.530001,1770370296.331972
0.065392,0.252540,0.252052,-12.320000,-110.739998,19.740000,1770370296.339971
0.104432,0.251076,0.261080,-2.240000,-100.660004,10.990000,1770370296.347968
0.153964,0.244976,0.325252,8.330000,-81.620003,8.050000,1770370296.355966
0.225456,0.239364,0.480192,20.299999,-59.009998,2.800000,1770370296.363987
0.279380,0.239852,0.707356,29.330000,-31.010000,0.420000,1770370296.371958
0.341600,0.245952,0.980880,31.780001,-7.560000,-2.870000,1770370296.379961
0.415044,0.250100,1.211704,33.880001,13.160000,0.630000,1770370296.387960
0.474336,0.200324,1.419836,29.190001,27.860001,0.630000,1770370296.396173
0.547048,0.105896,1.556476,26.320000,38.150002,7.490000,1770370296.404043
0.637328,-0.042944,1.693604,30.379999,40.599998,20.650000,1770370296.411973
0.646844,-0.194956,1.873188,42.070000,47.320000,33.320000,1770370296.419976
0.563640,-0.287188,1.995920,48.090000,65.660004,50.959999,1770370296.428003
0.425780,-0.313296,2.015928,32.759998,98.070000,57.540001,1770370296.436020
0.313540,-0.354044,1.960052,12.460000,131.389999,64.959999,1770370296.443971
0.139568,-0.408944,1.881240,-7.420000,165.899994,65.589996,1770370296.451962
-0.110776,-0.446764,1.789740,-20.020000,201.809998,61.950001,1770370296.459991
-0.370880,-0.426512,1.693116,-30.309999,235.550003,50.259998,1770370296.467991
-0.630008,-0.352336,1.538664,-39.549999,262.500000,34.299999,1770370296.476076
-0.861564,-0.244244,1.287100,-45.639999,270.970001,18.480000,1770370296.483965
-1.050908,-0.093696,0.945988,-51.520000,254.800003,2.870000,1770370296.491981
-1.172176,0.031232,0.613416,-51.660000,216.580002,-7.000000,1770370296.500107
-1.229028,0.090280,0.384056,-45.570000,163.380005,-13.090000,1770370296.507979
-1.227564,0.082716,0.255468,-38.220001,105.980003,-7.910000,1770370296.515977
-1.165344,0.070516,0.189344,-24.920000,55.230000,-7.980000,1770370296.523971
-1.057008,0.078080,0.169092,-15.470000,14.630000,-12.390000,1770370296.531980
-0.927200,0.108824,0.142496,-7.700000,-20.790001,-17.219999,1770370296.539987
-0.806908,0.157624,0.097844,-1.750000,-47.320000,-20.160000,1770370296.547971
-0.679784,0.213012,0.049776,-1.960000,-70.489998,-24.920000,1770370296.555962
-0.553880,0.264984,0.017568,0.980000,-95.059998,-25.830000,1770370296.563992
-0.433832,0.269132,0.014396,0.840000,-114.800003,-25.059999,1770370296.571984
-0.332572,0.218380,0.039772,-0.560000,-129.080002,-16.870001,1770370296.580138
-0.253760,0.161284,0.078324,3.640000,-135.169998,-9.100000,1770370296.587969
-0.193736,0.109312,0.155184,9.660000,-132.789993,2.800000,1770370296.595976
-0.144936,0.078812,0.255956,22.120001,-125.580002,7.910000,1770370296.604115
-0.113216,0.070760,0.413092,29.750000,-106.260002,15.330000,1770370296.611970
-0.108824,0.078812,0.633180,40.250000,-74.760002,17.360001,1770370296.619959
-0.132492,0.090524,0.898652,47.110001,-36.470001,20.370001,1770370296.627967
-0.193736,0.060756,1.151924,46.759998,0.770000,23.450001,1770370296.635973
-0.302072,0.050508,1.338340,53.970001,30.030001,26.530001,1770370296.643959
-0.460184,-0.056608,1.496940,69.300003,41.160000,33.740002,1770370296.651965
-0.710528,-0.054900,1.691896,88.830002,41.720001,36.119999,1770370296.660278
-0.927444,0.013908,1.916132,83.089996,42.560001,26.320000,1770370296.667996
-0.968680,0.060756,1.952244,53.759998,37.590000,16.240000,1770370296.676124
-0.884988,-0.023668,1.863184,23.100000,9.310000,18.480000,1770370296.683961
-0.842044,-0.132736,1.854644,-4.690000,-33.459999,19.950001,1770370296.691982
-0.782264,-0.253028,1.825852,-22.260000,-71.190002,22.820000,1770370296.699976
-0.680028,-0.359900,1.759728,-33.669998,-99.959999,24.219999,1770370296.708075
-0.557540,-0.412116,1.677988,-46.130001,-115.500000,20.090000,1770370296.715992
-0.414068,-0.423584,1.560380,-56.349998,-119.699997,14.770000,1770370296.724000
-0.266448,-0.387960,1.403000,-67.199997,-114.730003,15.330000,1770370296.732031
-0.162260,-0.319152,1.194380,-70.629997,-105.349998,19.180000,1770370296.739978
-0.090280,-0.224480,0.955260,-66.989998,-93.519997,22.610001,1770370296.747981
-0.035868,-0.139812,0.756400,-60.200001,-82.389999,28.700001,1770370296.756013
0.000000,-0.037332,0.602192,-48.020000,-69.300003,34.509998,1770370296.764003
0.015372,0.056364,0.500932,-40.529999,-60.200001,37.240002,1770370296.771978
0.018544,0.152744,0.430172,-38.849998,-52.150002,37.240002,1770370296.779961
0.021960,0.245220,0.371124,-35.560001,-44.869999,35.560001,1770370296.787969
0.018300,0.315980,0.292068,-36.330002,-39.200001,33.180000,1770370296.796004
0.014640,0.367464,0.212524,-36.330002,-34.230000,29.820000,1770370296.804006
0.016104,0.387716,0.148840,-37.660000,-28.559999,28.770000,1770370296.812022
0.024400,0.379420,0.117120,-33.880001,-21.350000,22.049999,1770370296.819975
0.032452,0.342088,0.085644,-24.780001,-13.720000,20.370001,1770370296.827975
0.037820,0.311832,0.065636,-11.760000,-1.400000,15.820000,1770370296.835976
0.043188,0.265228,0.142008,4.970000,9.940000,5.950000,1770370296.844027
0.038064,0.261324,0.319884,18.969999,24.360001,0.070000,1770370296.852003
0.042212,0.262056,0.588040,31.639999,40.389999,-3.640000,1770370296.859997
0.036844,0.276452,0.906216,38.290001,57.889999,-6.300000,1770370296.867974
0.036112,0.251808,1.205848,41.439999,76.580002,-5.530000,1770370296.875957
0.024400,0.225212,1.424960,48.720001,87.919998,0.280000,1770370296.883968
0.012932,0.163724,1.601372,50.400002,88.690002,5.670000,1770370296.892054
-0.009272,0.108092,1.773148,53.200001,79.660004,16.379999,1770370296.900002
-0.015372,0.084912,1.998116,59.779999,67.480003,29.190001,1770370296.907969
-0.058560,0.010736,2.210396,56.560001,56.910000,38.709999,1770370296.915970
-0.134688,-0.045140,2.256024,38.290001,58.450001,48.230000,1770370296.923980
-0.182024,-0.145668,2.122556,7.280000,69.580002,53.480000,1770370296.931983
-0.250832,-0.327448,1.939800,-18.410000,87.639999,61.950001,1770370296.940091
-0.374052,-0.505080,1.807552,-35.209999,112.769997,63.770000,1770370296.948074
-0.546072,-0.629520,1.694580,-50.189999,141.960007,52.919998,1770370296.956039
-0.699304,-0.631960,1.520120,-53.970001,166.460007,38.919998,1770370296.963977
-0.833504,-0.642208,1.320284,-59.430000,179.619995,22.120001,1770370296.971991
-0.931836,-0.552904,1.079212,-56.980000,172.130005,10.710000,1770370296.980102
-1.000888,-0.378444,0.871080,-47.320000,149.800003,2.730000,1770370296.987975
-1.065060,-0.180560,0.707844,-37.660000,118.019997,-7.770000,1770370296.995975
-1.078236,-0.024400,0.602192,-29.260000,79.660004,-15.540000,1770370297.004021
-1.036268,0.086376,0.516792,-28.000000,40.459999,-19.250000,1770370297.012016
-0.961116,0.117364,0.427244,-24.360001,7.840000,-24.920000,1770370297.019985
-0.844484,0.116388,0.332084,-16.100000,-18.340000,-24.290001,1770370297.027974
-0.735416,0.086376,0.253028,-8.400000,-39.689999,-20.860001,1770370297.036006
-0.629520,0.070272,0.171044,-0.210000,-59.639999,-21.770000,1770370297.043988
-0.526796,0.079056,0.090524,3.710000,-79.519997,-23.590000,1770370297.051979
-0.435296,0.114192,0.016348,7.980000,-98.489998,-22.260000,1770370297.060386
-0.341844,0.155428,-0.033916,7.700000,-116.129997,-20.790001,1770370297.068264
-0.254248,0.150304,-0.032208,5.250000,-130.690002,-18.690001,1770370297.076286
-0.168604,0.119072,0.005856,4.340000,-139.369995,-14.140000,1770370297.083979
-0.110532,0.049532,0.081984,0.770000,-138.179993,-8.260000,1770370297.092145
-0.055144,-0.006588,0.167628,5.110000,-128.940002,-0.490000,1770370297.099977
-0.011468,-0.048556,0.293044,17.430000,-110.949997,4.900000,1770370297.107975
-0.002684,-0.069784,0.500444,28.770000,-80.849998,4.900000,1770370297.115977
-0.020740,-0.088572,0.774456,44.099998,-36.189999,5.880000,1770370297.124099
-0.077348,-0.087108,1.050664,55.230000,17.639999,5.460000,1770370297.132009
-0.190808,-0.083692,1.304668,64.680000,60.340000,8.820000,1770370297.139979
-0.355264,-0.087840,1.446676,71.540001,84.070000,9.940000,1770370297.147973
-0.556808,-0.111996,1.544276,83.510002,83.230003,12.670000,1770370297.155963
-0.776896,-0.086620,1.763388,93.730003,69.580002,10.640000,1770370297.163998
-0.931592,-0.055144,1.961760,76.440002,56.349998,1.190000,1770370297.171983
-0.917928,-0.062708,2.006168,47.180000,31.150000,-1.400000,1770370297.179971
-0.863516,-0.134444,2.060824,17.990000,-9.240000,-6.650000,1770370297.188031
-0.806664,-0.236924,2.048868,0.770000,-49.349998,-6.020000,1770370297.195977
-0.708088,-0.299876,1.972252,-9.310000,-81.410004,-5.180000,1770370297.204107
-0.568276,-0.285968,1.857816,-22.260000,-101.360001,-3.290000,1770370297.211994
-0.416508,-0.220576,1.694092,-31.780001,-112.839996,3.570000,1770370297.219970
-0.270108,-0.148352,1.494500,-43.189999,-116.269997,5.460000,1770370297.228040
-0.166164,-0.081252,1.261968,-50.540001,-112.629997,11.830000,1770370297.236029
-0.074908,-0.026840,1.032120,-53.480000,-104.510002,19.530001,1770370297.243971
-0.007564,0.012444,0.818620,-50.680000,-95.830002,26.809999,1770370297.251976
0.031476,0.069540,0.646844,-45.919998,-82.180000,33.320000,1770370297.260227
0.052704,0.153720,0.506300,-38.639999,-68.529999,39.340000,1770370297.267979
0.059292,0.241072,0.405528,-33.040001,-54.110001,41.650002,1770370297.275971
0.062220,0.315004,0.330620,-27.440001,-40.320000,43.259998,1770370297.283953
0.062708,0.377712,0.263520,-27.230000,-29.540001,38.290001,1770370297.291985
0.050020,0.411872,0.208864,-23.799999,-19.809999,31.639999,1770370297.300056
0.037576,0.438712,0.146888,-23.100000,-12.670000,26.809999,1770370297.307973
0.026840,0.440908,0.071004,-18.410000,-4.130000,17.219999,1770370297.315954
0.023180,0.433100,0.003904,-12.250000,5.390000,14.350000,1770370297.323975
0.010004,0.402356,-0.021472,-2.520000,15.750000,6.370000,1770370297.331974
0.006832,0.379176,0.025376,5.110000,27.160000,6.580000,1770370297.339976
0.003904,0.387228,0.153964,14.210000,37.590000,-1.750000,1770370297.347968
-0.023424,0.411872,0.359656,24.360001,52.500000,-7.770000,1770370297.356025
-0.019032,0.416996,0.698084,28.980000,69.230003,-12.880000,1770370297.363983
-0.046116,0.445056,1.016016,31.570000,89.110001,-19.040001,1770370297.371963
-0.063196,0.431392,1.287588,33.110001,107.029999,-23.799999,1770370297.379975
-0.104676,0.339648,1.544520,39.340000,117.949997,-23.030001,1770370297.387975
-0.160796,0.190808,1.727276,38.990002,115.849998,-15.540000,1770370297.395998
-0.204716,0.054412,1.903444,41.580002,93.870003,-6.790000,1770370297.404022
-0.238632,-0.110044,2.229916,46.900002,67.830002,8.400000,1770370297.411973
-0.340868,-0.267180,2.422432,54.389999,54.180000,25.129999,1770370297.419972
-0.402356,-0.289384,2.326296,46.200001,50.049999,26.879999,1770370297.428105
-0.409432,-0.224480,2.105720,25.900000,49.910000,30.799999,1770370297.435969
-0.432124,-0.279624,1.873188,3.710000,55.720001,35.910000,1770370297.443979
-0.468724,-0.366976,1.718492,-18.760000,70.769997,32.270000,1770370297.451981
-0.549244,-0.504348,1.588684,-40.810001,89.669998,27.160000,1770370297.460091
-0.644648,-0.588528,1.384944,-61.880001,111.440002,12.880000,1770370297.468037
-0.726876,-0.565104,1.155096,-70.559998,124.320000,6.720000,1770370297.475964
-0.800808,-0.463356,0.929640,-68.459999,125.510002,-2.450000,1770370297.483991
-0.862052,-0.314272,0.740052,-60.200001,112.769997,-9.100000,1770370297.492089
-0.915732,-0.155672,0.600728,-51.310001,91.910004,-18.549999,1770370297.499998
-0.927688,-0.040260,0.502396,-38.990002,64.889999,-23.309999,1770370297.507982
-0.907436,0.012688,0.423340,-29.540001,40.599998,-32.480000,1770370297.515980
-0.846436,0.032452,0.342332,-19.740000,18.830000,-38.080002,1770370297.524026
-0.760548,0.044164,0.243756,-7.140000,-4.130000,-39.759998,1770370297.532017
-0.669780,0.048312,0.166652,1.680000,-25.549999,-43.820000,1770370297.539992
-0.569252,0.072712,0.110776,10.150000,-47.529999,-42.349998,1770370297.548057
-0.465064,0.106872,0.068320,13.090000,-69.650002,-44.380001,1770370297.556008
-0.362584,0.145668,0.030256,16.660000,-92.820000,-41.020000,1770370297.564115
-0.268156,0.184464,0.010004,13.790000,-110.040001,-39.900002,1770370297.571976
-0.178120,0.189588,0.023912,14.210000,-126.910004,-31.150000,1770370297.580017
-0.116876,0.144936,0.080520,13.230000,-133.490005,-26.389999,1770370297.587993
-0.052460,0.081496,0.161040,11.690000,-131.460007,-17.219999,1770370297.596000
-0.002440,0.032208,0.278648,20.440001,-117.459999,-11.200000,1770370297.603980
0.028792,0.002440,0.474092,27.230000,-93.379997,-9.450000,1770370297.611977
0.014396,-0.009516,0.738832,34.860001,-52.639999,-7.490000,1770370297.620078
-0.005856,0.007320,1.049444,38.290001,-1.610000,-7.980000,1770370297.627978
-0.079788,0.007564,1.317356,42.139999,47.040001,-2.940000,1770370297.635978
-0.233996,-0.071980,1.463512,48.790001,77.769997,1.330000,1770370297.643983
-0.446764,-0.103944,1.578680,65.309998,88.199997,5.110000,1770370297.651987
-0.705892,-0.088816,1.850740,76.790001,84.000000,0.980000,1770370297.659989
-0.922320,-0.060024,2.021784,72.379997,78.680000,-6.580000,1770370297.668071
-0.977464,-0.071736,2.009096,51.520000,61.880001,-9.940000,1770370297.676057
-0.990396,-0.158600,1.994944,31.920000,27.719999,-12.250000,1770370297.683988
-0.974536,-0.226920,2.013976,11.060000,-14.840000,-13.580000,1770370297.691996
-0.917440,-0.274500,1.961028,-3.990000,-53.970001,-11.620000,1770370297.699982
-0.813496,-0.269376,1.835612,-13.790000,-83.720001,-10.990000,1770370297.707985
-0.665632,-0.215696,1.673596,-28.559999,-102.620003,-15.050000,1770370297.715988
-0.506544,-0.154208,1.498160,-37.450001,-114.379997,-13.860000,1770370297.723978
-0.360144,-0.093940,1.281244,-47.180000,-118.790001,-16.870001,1770370297.732121
-0.235216,-0.041236,1.073356,-53.410000,-118.300003,-10.780000,1770370297.739984
-0.122000,0.016348,0.864248,-52.220001,-116.690002,-7.000000,1770370297.747982
-0.036844,0.061732,0.694912,-45.570000,-113.050003,-0.350000,1770370297.755976
0.030256,0.125172,0.574620,-38.360001,-107.589996,11.270000,1770370297.764095
0.084424,0.201056,0.478240,-35.770000,-97.160004,16.309999,1770370297.771977
0.110776,0.271084,0.376492,-32.619999,-85.959999,18.270000,1770370297.780016
0.135176,0.334768,0.270596,-25.969999,-75.949997,18.270000,1770370297.787966
0.137372,0.381372,0.177632,-25.129999,-63.770000,19.950001,1770370297.795985
0.122732,0.413092,0.089304,-19.740000,-51.660000,16.379999,1770370297.804032
0.103944,0.416752,-0.017568,-19.879999,-36.540001,11.900000,1770370297.812044
0.094916,0.399428,-0.106140,-11.550000,-20.930000,8.750000,1770370297.819975
0.087352,0.365024,-0.132248,-3.780000,-3.780000,7.630000,1770370297.827990
0.088328,0.333304,-0.068320,3.430000,14.140000,2.870000,1770370297.836115
0.091256,0.299388,0.086620,14.980000,32.060001,-3.710000,1770370297.843978
0.103212,0.297924,0.302560,25.059999,52.779999,-7.980000,1770370297.851984
0.090768,0.310612,0.614880,33.529999,73.989998,-11.060000,1770370297.859976
0.084424,0.367220,0.950380,40.529999,97.650002,-11.270000,1770370297.868113
0.073444,0.391132,1.212680,40.740002,120.750000,-12.180000,1770370297.875963
0.025620,0.361608,1.417396,38.990002,134.750000,-16.309999,1770370297.883964
-0.049776,0.235216,1.583316,36.119999,136.779999,-12.460000,1770370297.891993
-0.122244,0.129320,1.733864,34.439999,119.839996,-10.570000,1770370297.900015
-0.190320,0.020740,2.058384,38.639999,95.059998,1.190000,1770370297.907981
-0.290848,-0.197640,2.358260,42.980000,74.900002,8.260000,1770370297.915990
-0.393328,-0.347456,2.326784,45.080002,66.430000,17.290001,1770370297.924097
-0.445300,-0.295972,2.147444,25.760000,57.330002,12.530000,1770370297.931978
-0.447496,-0.386496,1.992260,8.330000,56.000000,11.970000,1770370297.939980
-0.478484,-0.506300,1.830000,-9.520000,66.220001,14.910000,1770370297.948044
-0.557540,-0.601460,1.699216,-28.559999,86.519997,7.700000,1770370297.956029
-0.649040,-0.614392,1.549888,-37.450001,108.500000,-1.820000,1770370297.964023
-0.733464,-0.558028,1.360300,-46.130001,127.190002,-11.410000,1770370297.971985
-0.803736,-0.442616,1.113860,-48.790001,132.160004,-20.370001,1770370297.979977
-0.866688,-0.282552,0.872788,-45.990002,121.309998,-26.740000,1770370297.987966
-0.916708,-0.117120,0.677344,-44.240002,98.769997,-31.150000,1770370297.996072
-0.938180,-0.013664,0.542412,-37.310001,71.470001,-35.840000,1770370298.004013
-0.929640,0.042212,0.439200,-33.320000,45.919998,-39.200001,1770370298.012006
-0.861320,0.067344,0.358924,-24.219999,21.700001,-33.459999,1770370298.019970
-0.785192,0.075884,0.280112,-14.210000,-2.240000,-35.349998,1770370298.028056
-0.697596,0.079544,0.195932,-7.560000,-25.480000,-34.650002,1770370298.035991
-0.606340,0.105164,0.129076,0.560000,-52.080002,-37.310001,1770370298.043980
-0.511424,0.159820,0.069540,0.140000,-76.300003,-39.200001,1770370298.051980
-0.420656,0.217160,0.019764,2.310000,-100.379997,-39.340000,1770370298.060321
-0.315980,0.238144,0.000976,2.450000,-119.699997,-37.310001,1770370298.068237
-0.223748,0.198128,0.027816,0.140000,-135.800003,-27.860001,1770370298.076898
-0.160796,0.130052,0.089060,2.310000,-140.839996,-24.290001,1770370298.083981
-0.104920,0.062952,0.167140,5.810000,-135.029999,-15.400000,1770370298.092167
-0.060024,0.020984,0.277428,17.639999,-119.559998,-11.480000,1770370298.099985
-0.037332,0.005856,0.470188,30.870001,-90.510002,-7.420000,1770370298.107982
-0.045872,0.008052,0.752008,43.540001,-44.869999,-8.120000,1770370298.116014
-0.068564,0.016836,1.055056,54.180000,10.080000,-8.400000,1770370298.123969
-0.163480,-0.009516,1.306376,60.549999,57.680000,-7.840000,1770370298.131987
-0.324764,-0.050996,1.429352,75.879997,84.489998,-4.620000,1770370298.139971
-0.554856,-0.074664,1.591856,94.779999,89.529999,-2.100000,1770370298.147980
-0.857904,-0.048556,1.836344,103.110001,87.010002,-5.740000,1770370298.156049
-1.075308,-0.022204,2.035204,86.730003,77.980003,-20.650000,1770370298.164030
-1.123376,-0.073688,2.065704,55.509998,49.910000,-28.700001,1770370298.171988
-1.071648,-0.200080,2.055456,26.950001,2.170000,-27.299999,1770370298.179986
-0.979660,-0.323300,1.990308,6.580000,-51.099998,-19.879999,1770370298.187962
-0.843508,-0.395524,1.884168,-10.780000,-98.139999,-12.810000,1770370298.195977
-0.699060,-0.376248,1.738988,-21.910000,-127.050003,-2.520000,1770370298.203996
-0.540216,-0.300608,1.574044,-32.270000,-142.589996,-3.710000,1770370298.211983
-0.376736,-0.209352,1.395436,-45.290001,-146.229996,-0.140000,1770370298.219983
-0.231312,-0.118584,1.192672,-52.500000,-143.149994,5.320000,1770370298.227973
-0.110288,-0.053924,0.970876,-58.520000,-134.470001,9.100000,1770370298.235977
-0.015128,-0.002196,0.759084,-53.549999,-123.970001,24.080000,1770370298.244062
0.048556,0.063196,0.563152,-46.130001,-109.900002,27.230000,1770370298.252000
0.084180,0.123464,0.423584,-38.570000,-95.059998,40.110001,1770370298.259971
0.101260,0.196664,0.322324,-28.139999,-78.959999,39.480000,1770370298.268043
0.109312,0.239364,0.245708,-25.900000,-63.840000,42.139999,1770370298.275980
0.092964,0.287188,0.190320,-19.950001,-47.669998,39.060001,1770370298.284040
0.082716,0.328424,0.159576,-19.740000,-33.250000,29.820000,1770370298.292015
0.066368,0.349896,0.119316,-18.900000,-21.000000,25.900000,1770370298.299977
0.053192,0.344040,0.057340,-13.300000,-9.940000,17.010000,1770370298.307974
0.031476,0.325008,-0.002928,-7.560000,0.210000,12.670000,1770370298.315967
0.024888,0.296216,-0.006100,3.780000,13.930000,4.690000,1770370298.324007
0.026596,0.284260,0.068076,13.440000,24.080000,-5.880000,1770370298.331983
0.033916,0.287188,0.226920,23.450001,37.169998,-7.630000,1770370298.340043
0.031964,0.333060,0.460184,32.200001,53.830002,-20.370001,1770370298.347974
0.028060,0.362340,0.811056,37.169998,71.820000,-22.260000,1770370298.355960
0.024156,0.397964,1.164124,35.840000,95.690002,-29.400000,1770370298.364205
0.008296,0.377224,1.436916,36.189999,113.400002,-28.559999,1770370298.371974
-0.043920,0.315492,1.626016,38.430000,121.730003,-29.469999,1770370298.379981
-0.114924,0.243024,1.764364,35.560001,110.529999,-24.430000,1770370298.388060
-0.143716,0.125904,1.960784,33.740002,85.889999,-14.840000,1770370298.395985
-0.174948,-0.115168,2.183800,36.330002,55.790001,-2.310000,1770370298.403988
-0.274744,-0.301584,2.257244,46.830002,45.500000,6.790000,1770370298.411979
-0.324032,-0.331352,2.178676,40.950001,42.070000,14.070000,1770370298.420052
-0.339892,-0.346724,2.011292,21.070000,46.270000,16.240000,1770370298.427976
-0.372344,-0.418216,1.843664,-1.680000,58.730000,21.559999,1770370298.435971
-0.436516,-0.484096,1.738012,-23.100000,76.930000,24.360001,1770370298.443975
-0.546804,-0.513620,1.613328,-39.200001,98.419998,15.610000,1770370298.452007
-0.674172,-0.510448,1.416176,-53.689999,118.650002,6.230000,1770370298.460080
-0.784948,-0.440420,1.183888,-58.590000,130.550003,-4.060000,1770370298.468040
-0.872788,-0.335256,0.926712,-60.759998,129.990005,-10.570000,1770370298.475983
-0.944036,-0.198860,0.691496,-53.200001,111.160004,-17.990000,1770370298.484089
-0.993080,-0.068564,0.522892,-47.459999,83.790001,-23.730000,1770370298.491975
-0.990884,0.004148,0.411628,-37.520000,51.939999,-28.629999,1770370298.499995
-0.946476,0.017324,0.323056,-30.660000,19.530001,-33.040001,1770370298.507982
-0.858148,0.027328,0.246928,-21.910000,-9.660000,-37.380001,1770370298.515979
-0.749812,0.037088,0.184220,-11.480000,-36.680000,-43.680000,1770370298.523986
-0.645136,0.059048,0.117120,-2.030000,-59.009998,-47.599998,1770370298.532045
-0.530700,0.109068,0.056120,2.660000,-82.529999,-51.099998,1770370298.539973
-0.417240,0.172996,-0.003660,6.300000,-105.070000,-51.869999,1770370298.547974
-0.304512,0.224236,-0.049532,6.300000,-126.279999,-50.959999,1770370298.556014
-0.196664,0.230580,-0.049044,5.530000,-143.710007,-49.000000,1770370298.564016
-0.101748,0.199836,-0.008540,3.220000,-151.970001,-39.759998,1770370298.571991
-0.020740,0.140544,0.089792,8.470000,-151.199997,-30.379999,1770370298.580068
0.037576,0.070028,0.225212,14.980000,-138.250000,-20.230000,1770370298.587962
0.102480,0.015616,0.402844,26.180000,-113.959999,-14.070000,1770370298.595964
0.134444,-0.019764,0.630740,43.540001,-76.720001,-9.870000,1770370298.603985
0.132980,-0.018544,0.901092,56.770000,-27.370001,-5.670000,1770370298.611991
0.084424,-0.020496,1.175348,66.220001,28.490000,-0.140000,1770370298.620071
-0.018300,-0.028792,1.327116,72.589996,72.870003,5.670000,1770370298.627967
-0.167384,-0.080032,1.437404,81.059998,96.529999,12.530000,1770370298.635976
-0.361120,-0.116632,1.695556,96.389999,102.970001,16.030001,1770370298.643976
-0.658556,-0.047092,2.126704,101.849998,107.519997,10.080000,1770370298.651977
-0.851316,-0.054412,2.276520,79.099998,108.570000,2.590000,1770370298.659999
-0.874252,-0.170068,2.110112,51.099998,87.639999,-1.400000,1770370298.668058
-0.922076,-0.284016,2.007632,27.860001,49.490002,2.310000,1770370298.675998
-0.961116,-0.350384,1.954196,7.560000,1.610000,3.290000,1770370298.683981
-0.955260,-0.356972,1.878068,-10.430000,-45.849998,3.080000,1770370298.691985
-0.882792,-0.315492,1.787544,-26.040001,-81.410004,1.470000,1770370298.700002
-0.740540,-0.242780,1.649196,-39.060001,-103.389999,-1.750000,1770370298.707982
-0.587552,-0.160552,1.459120,-48.790001,-115.500000,-3.990000,1770370298.716076
-0.432124,-0.078080,1.236836,-57.119999,-118.580002,-2.030000,1770370298.723980
-0.296460,-0.013908,1.024312,-57.330002,-117.389999,-1.400000,1770370298.731981
-0.184464,0.040748,0.822280,-57.470001,-116.830002,5.110000,1770370298.740044
-0.092232,0.100772,0.677344,-48.790001,-112.629997,12.320000,1770370298.747973
-0.024888,0.181536,0.569008,-41.790001,-105.910004,20.719999,1770370298.755975
0.018300,0.253272,0.498980,-36.189999,-96.739998,22.400000,1770370298.764060
0.051240,0.315004,0.424316,-34.650002,-88.410004,23.660000,1770370298.772000
0.075396,0.365512,0.339404,-35.630001,-77.489998,22.540001,1770370298.779978
0.088328,0.402600,0.251564,-33.880001,-70.209999,18.760000,1770370298.787984
0.089060,0.418460,0.155428,-33.529999,-61.950001,15.750000,1770370298.795976
0.086864,0.410896,0.046360,-29.680000,-51.869999,13.300000,1770370298.804014
0.095892,0.398452,-0.040504,-20.650000,-39.619999,6.160000,1770370298.812024
0.097112,0.374296,-0.074420,-9.660000,-24.570000,-0.140000,1770370298.819975
0.115412,0.339648,-0.024400,4.970000,-8.890000,-4.620000,1770370298.827976
0.127856,0.337208,0.095404,19.600000,11.200000,-10.920000,1770370298.835987
0.157868,0.302316,0.334280,33.040001,31.780001,-16.309999,1770370298.844034
0.157624,0.314272,0.657824,42.770000,58.099998,-23.450001,1770370298.851980
0.157136,0.360388,1.047736,44.520000,89.320000,-31.219999,1770370298.859975
0.165920,0.368440,1.306132,45.080002,118.089996,-31.570000,1770370298.868068
0.133224,0.339404,1.467904,43.889999,139.509995,-27.790001,1770370298.875973
0.071736,0.265472,1.596492,40.180000,147.000000,-19.110001,1770370298.883981
0.028060,0.122976,1.763876,37.869999,132.089996,-9.940000,1770370298.891989
-0.026108,-0.071248,2.065216,45.220001,105.419998,6.230000,1770370298.899978
-0.176656,-0.293532,2.287256,55.299999,81.620003,21.629999,1770370298.908073
-0.310124,-0.361120,2.229184,45.849998,73.010002,31.290001,1770370298.916081
-0.373320,-0.425292,2.072292,22.889999,71.470001,32.340000,1770370298.923972
-0.414312,-0.519964,1.869528,0.980000,78.120003,32.830002,1770370298.931981
-0.478240,-0.622444,1.718736,-17.920000,89.529999,33.110001,1770370298.940055
-0.604388,-0.658556,1.613572,-34.230000,107.449997,20.160000,1770370298.947976
-0.727608,-0.616588,1.464488,-43.330002,125.720001,10.220000,1770370298.955978
-0.845460,-0.509228,1.273436,-48.299999,135.380005,-2.940000,1770370298.964010
-0.926468,-0.353068,1.025532,-50.959999,133.279999,-11.830000,1770370298.972001
-0.966728,-0.158844,0.765428,-49.630001,113.959999,-19.670000,1770370298.979976
-0.984052,-0.013908,0.561932,-44.380001,82.250000,-25.969999,1770370298.987964
-0.970144,0.062220,0.438468,-37.310001,50.610001,-31.080000,1770370298.996052
-0.910852,0.081984,0.361120,-27.930000,22.190001,-35.630001,1770370299.003973
-0.823744,0.092476,0.302316,-17.360001,-4.130000,-38.779999,1770370299.011986
-0.720288,0.104188,0.238144,-5.880000,-24.709999,-43.119999,1770370299.019993
-0.603900,0.126880,0.183244,4.340000,-44.799999,-46.970001,1770370299.027981
-0.496540,0.171044,0.132248,8.330000,-66.849998,-46.410000,1770370299.035978
-0.389668,0.222040,0.077104,10.780000,-85.540001,-47.880001,1770370299.043977
-0.288652,0.264740,0.024400,10.570000,-104.370003,-42.139999,1770370299.052059
-0.199104,0.268888,0.000000,9.100000,-121.519997,-38.290001,1770370299.060217
-0.122000,0.228140,0.014640,3.780000,-136.149994,-23.590000,1770370299.071762
-0.052948,0.154208,0.070272,5.460000,-135.449997,-20.930000,1770370299.076330
-0.009516,0.072956,0.170556,9.520000,-128.029999,-11.130000,1770370299.084012
0.040992,0.021228,0.316468,17.990000,-110.040001,-7.350000,1770370299.091999
0.063440,-0.007076,0.528992,28.420000,-77.629997,-4.410000,1770370299.099986
0.053436,-0.023424,0.812520,40.669998,-33.669998,0.420000,1770370299.107987
0.025376,-0.025132,1.122156,45.430000,21.070000,-0.140000,1770370299.116007
-0.071736,-0.015372,1.350540,52.430000,68.110001,6.720000,1770370299.123987
-0.242536,-0.067832,1.534516,62.299999,99.330002,7.700000,1770370299.131988
-0.466040,-0.109312,1.738744,74.059998,109.760002,9.170000,1770370299.140013
-0.753472,-0.094428,1.973228,81.620003,108.080002,4.690000,1770370299.148052
-0.979904,-0.124440,2.042524,70.279999,103.879997,-6.650000,1770370299.156020
-1.013576,-0.172264,1.956148,49.490002,79.870003,-9.660000,1770370299.163986
-1.006256,-0.254004,1.921500,30.870001,32.970001,-7.070000,1770370299.172034
-1.005036,-0.299632,1.913204,11.340000,-21.559999,-3.360000,1770370299.179978
-0.948184,-0.311344,1.857328,-3.360000,-65.519997,-0.700000,1770370299.187965
-0.833016,-0.276208,1.782176,-19.530001,-95.129997,-0.280000,1770370299.195977
-0.667340,-0.217892,1.653588,-30.870001,-110.669998,-1.120000,1770370299.203984
-0.506300,-0.148352,1.482300,-43.330002,-117.389999,-6.230000,1770370299.211987
-0.346968,-0.068564,1.293688,-52.150002,-116.269997,-4.480000,1770370299.219992
-0.219356,-0.020252,1.085556,-56.770000,-112.629997,-2.870000,1770370299.227969
-0.118828,0.025132,0.867664,-56.910000,-108.430000,3.570000,1770370299.235954
-0.044164,0.069540,0.700036,-52.990002,-101.220001,10.850000,1770370299.243968
0.015372,0.126636,0.583648,-46.759998,-91.980003,18.690001,1770370299.251996
0.055876,0.203740,0.505080,-42.560001,-81.550003,21.000000,1770370299.259978
0.082472,0.258152,0.432856,-38.990002,-71.610001,24.080000,1770370299.267985
0.085400,0.303048,0.346236,-36.470001,-61.669998,25.129999,1770370299.275977
0.073932,0.346724,0.254736,-35.209999,-51.310001,22.540001,1770370299.283998
0.054656,0.384544,0.170312,-33.459999,-41.580002,18.200001,1770370299.291986
0.043920,0.397476,0.086864,-29.680000,-28.209999,15.820000,1770370299.299977
0.036356,0.395036,0.002684,-21.559999,-15.260000,11.200000,1770370299.308051
0.033916,0.373564,-0.054412,-10.290000,-1.960000,5.320000,1770370299.315975
0.038796,0.339648,-0.038552,3.220000,11.200000,1.540000,1770370299.323973
0.040748,0.309636,0.075152,18.620001,26.950001,-5.740000,1770370299.331970
0.047092,0.299632,0.293044,29.889999,44.029999,-8.890000,1770370299.339995
0.040992,0.316712,0.613660,38.639999,62.790001,-15.470000,1770370299.347970
0.020984,0.346724,0.993568,39.970001,84.489998,-18.900000,1770370299.355969
0.012444,0.354532,1.273192,37.169998,103.320000,-21.559999,1770370299.363969
-0.011712,0.337940,1.463268,39.340000,115.709999,-16.799999,1770370299.371977
-0.080764,0.281332,1.585268,39.480000,113.889999,-9.940000,1770370299.380029
-0.148108,0.165188,1.717028,38.500000,97.790001,-1.820000,1770370299.387956
-0.201300,0.017080,1.937848,40.669998,71.470001,5.670000,1770370299.395961
-0.235948,-0.190564,2.127192,46.759998,47.459999,14.210000,1770370299.403976
-0.290604,-0.336232,2.134512,43.680000,41.930000,20.370001,1770370299.412001
-0.312564,-0.392108,2.040572,25.760000,43.610001,21.209999,1770370299.420072
-0.323544,-0.494100,1.905152,3.430000,54.110001,21.770000,1770370299.427972
-0.352092,-0.594140,1.771440,-12.530000,72.029999,24.920000,1770370299.435970
-0.451888,-0.615124,1.659688,-26.879999,94.570000,17.709999,1770370299.444018
-0.570228,-0.592188,1.544032,-38.080002,120.400002,4.340000,1770370299.452017
-0.691008,-0.510692,1.380064,-47.880001,139.369995,-2.590000,1770370299.459972
-0.793244,-0.384300,1.183888,-52.849998,148.399994,-14.490000,1770370299.468187
-0.876692,-0.236436,0.935252,-54.529999,140.350006,-18.340000,1770370299.476144
-0.942572,-0.100772,0.701500,-52.080002,119.980003,-24.709999,1770370299.483973
-0.986980,0.011224,0.553880,-47.529999,92.330002,-27.160000,1770370299.491979
-0.988688,0.062708,0.466772,-41.090000,59.849998,-31.150000,1770370299.499978
-0.952088,0.092232,0.376492,-30.660000,28.490000,-30.520000,1770370299.507974
-0.877180,0.107848,0.293044,-20.650000,0.980000,-30.870001,1770370299.516082
-0.784216,0.118340,0.231312,-11.620000,-24.570000,-33.669998,1770370299.524008
-0.683932,0.136152,0.163480,-5.810000,-50.540001,-36.049999,1770370299.531971
-0.581208,0.167140,0.100284,-3.780000,-74.199997,-36.259998,1770370299.539978
-0.474824,0.200812,0.044408,0.420000,-98.629997,-36.400002,1770370299.547979
-0.364780,0.229604,0.002440,0.770000,-121.099998,-33.950001,1770370299.556018
-0.266936,0.208620,-0.002928,-0.350000,-140.139999,-28.980000,1770370299.563981
-0.185440,0.154452,0.016592,0.910000,-151.759995,-22.959999,1770370299.571996
-0.115900,0.074908,0.078812,3.990000,-153.369995,-14.140000,1770370299.579985
-0.061244,0.007076,0.178364,14.420000,-143.360001,-6.440000,1770370299.587965
-0.007320,-0.033184,0.331108,27.650000,-121.730003,-1.400000,1770370299.595996
0.008052,-0.055144,0.560956,43.330002,-82.809998,0.770000,1770370299.603982
-0.000244,-0.062464,0.869128,55.790001,-32.480000,1.750000,1770370299.611971
-0.043432,-0.035868,1.148264,66.639999,21.629999,5.460000,1770370299.620087
-0.161284,-0.036844,1.365180,72.519997,62.230000,6.580000,1770370299.627970
-0.336232,-0.070516,1.531588,80.150002,81.550003,8.750000,1770370299.635977
-0.578524,-0.069540,1.737036,90.300003,81.970001,10.850000,1770370299.643975
-0.868152,0.001220,1.984452,85.540001,75.599998,2.450000,1770370299.651977
-1.025288,-0.005124,2.040572,60.689999,67.129997,-10.500000,1770370299.659985
-1.002352,-0.123464,1.928088,33.459999,37.590000,-14.070000,1770370299.667975
-0.952820,-0.243756,1.897100,13.440000,-12.320000,-7.560000,1770370299.675991
-0.886940,-0.314760,1.869528,-0.910000,-60.549999,-5.740000,1770370299.683997
-0.787144,-0.335012,1.817068,-13.090000,-98.910004,-2.240000,1770370299.692059
-0.643428,-0.302072,1.728740,-23.799999,-120.680000,0.070000,1770370299.699979
-0.472628,-0.228140,1.592344,-35.560001,-130.899994,-2.940000,1770370299.707980
-0.303780,-0.152256,1.405684,-44.660000,-133.350006,0.420000,1770370299.715978
-0.165920,-0.091744,1.168760,-51.520000,-129.710007,3.150000,1770370299.724050
-0.058560,-0.035868,0.932568,-50.189999,-126.139999,10.290000,1770370299.732007
0.020496,0.025864,0.738100,-45.220001,-118.019997,16.170000,1770370299.739989
0.084424,0.089304,0.595848,-39.759998,-107.029999,26.879999,1770370299.747982
0.123220,0.176900,0.494588,-35.000000,-93.870003,27.510000,1770370299.756038
0.145668,0.249612,0.419680,-32.549999,-79.519997,29.190001,1770370299.763975
0.150304,0.312320,0.347212,-31.430000,-60.830002,28.000000,1770370299.772068
0.151280,0.366732,0.277916,-33.250000,-45.779999,25.200001,1770370299.779979
0.132248,0.407968,0.215208,-34.230000,-29.820000,20.510000,1770370299.787961
0.120292,0.426756,0.136884,-31.010000,-12.320000,17.010000,1770370299.796009
0.105652,0.410896,0.047580,-22.750000,3.640000,11.200000,1770370299.804158
0.088816,0.375516,-0.001952,-8.960000,19.320000,9.310000,1770370299.811980
0.069296,0.331108,0.026596,9.310000,34.299999,3.570000,1770370299.819977
0.056608,0.307440,0.177876,22.889999,50.680000,0.280000,1770370299.828099
0.039528,0.322568,0.421632,32.900002,69.790001,-6.650000,1770370299.836000
0.013664,0.347944,0.749568,38.570000,86.660004,-11.060000,1770370299.843976
0.009028,0.358436,1.054324,35.630001,102.129997,-16.170000,1770370299.851975
0.000244,0.336232,1.276608,37.730000,112.769997,-17.080000,1770370299.860052
-0.038064,0.268644,1.428620,42.419998,115.989998,-12.460000,1770370299.867978
-0.087596,0.178120,1.550132,46.410000,105.349998,-7.210000,1770370299.875978
-0.154208,0.074664,1.717516,52.570000,86.519997,4.690000,1770370299.883979
-0.191784,-0.029280,1.933456,60.759998,64.120003,15.540000,1770370299.891997
-0.238388,-0.129320,2.077904,57.330002,49.700001,26.110001,1770370299.899985
-0.262544,-0.192272,2.081320,38.990002,48.160000,33.740002,1770370299.907978
-0.284748,-0.295484,1.984940,12.880000,58.169998,37.240002,1770370299.915983
-0.333304,-0.467260,1.833660,-9.450000,77.139999,39.340000,1770370299.923981
-0.419924,-0.604144,1.728496,-24.360001,100.660004,32.270000,1770370299.932082
-0.556564,-0.677100,1.628456,-36.470001,129.080002,21.490000,1770370299.939973
-0.704916,-0.650504,1.481812,-43.119999,154.910004,6.720000,1770370299.948052
-0.831552,-0.564372,1.304912,-49.560001,168.350006,-3.780000,1770370299.956027
-0.928420,-0.400892,1.097756,-48.020000,165.339996,-10.570000,1770370299.963997
-1.007964,-0.213012,0.880352,-46.410000,143.500000,-18.200001,1770370299.972028
-1.065060,-0.033184,0.682956,-41.369999,109.900002,-23.379999,1770370299.980052
-1.078968,0.107360,0.559980,-36.259998,69.790001,-29.540001,1770370299.988018
-1.037244,0.132736,0.496052,-33.320000,31.290001,-33.389999,1770370299.995970
-0.945012,0.138592,0.416996,-25.410000,0.490000,-36.189999,1770370300.003978
-0.833504,0.134200,0.335988,-15.470000,-23.379999,-35.770000,1770370300.012040
-0.720532,0.133956,0.256688,-5.320000,-45.779999,-35.840000,1770370300.019968
-0.618540,0.138836,0.176412,2.870000,-67.059998,-39.900002,1770370300.027976
-0.508740,0.165920,0.108580,5.110000,-85.540001,-39.549999,1770370300.036012
-0.408456,0.196420,0.049532,7.350000,-106.610001,-40.320000,1770370300.043988
-0.309880,0.214720,0.012932,5.460000,-122.919998,-38.990002,1770370300.051982
-0.219844,0.195932,0.002928,3.220000,-138.110001,-30.030001,1770370300.060569
-0.144448,0.139080,0.022936,3.080000,-143.919998,-24.990000,1770370300.068283
-0.086376,0.056852,0.081008,7.070000,-143.570007,-15.330000,1770370300.076746
-0.043920,-0.003172,0.185928,14.210000,-133.350006,-12.180000,1770370300.083983
-0.010980,-0.040016,0.348920,27.299999,-108.849998,-4.970000,1770370300.092078
-0.011224,-0.045384,0.617564,40.669998,-72.449997,-2.870000,1770370300.099980
-0.032940,-0.024888,0.915488,50.889999,-24.150000,-1.610000,1770370300.107981
-0.086864,-0.022936,1.179252,57.400002,23.170000,0.280000,1770370300.115990
-0.223016,-0.061488,1.352004,62.860001,61.810001,3.990000,1770370300.123985
-0.410408,-0.128100,1.453752,71.750000,79.449997,4.270000,1770370300.132012
-0.641720,-0.159576,1.595028,83.300003,77.559998,6.160000,1770370300.139984
-0.897188,-0.134444,1.758508,84.980003,68.459999,-1.750000,1770370300.148006
-1.057252,-0.129320,1.856840,68.739998,59.150002,-11.130000,1770370300.156038
-1.061156,-0.173972,1.851716,46.619999,33.529999,-18.340000,1770370300.163975
-0.982344,-0.271084,1.878312,23.100000,-12.250000,-16.309999,1770370300.172203
-0.893528,-0.329644,1.894172,7.000000,-56.070000,-10.220000,1770370300.179979
-0.767136,-0.348188,1.875872,-4.900000,-91.279999,-6.650000,1770370300.188021
-0.615124,-0.299144,1.801940,-17.990000,-114.730003,-2.590000,1770370300.195981
-0.456280,-0.200080,1.685308,-31.639999,-122.360001,0.420000,1770370300.203979
-0.299632,-0.104676,1.497916,-44.799999,-123.480003,2.380000,1770370300.211983
-0.175192,-0.024644,1.263432,-56.139999,-120.820000,8.540000,1770370300.220036
-0.078080,0.024644,1.023580,-59.639999,-114.029999,16.100000,1770370300.227977
-0.014152,0.078324,0.798612,-58.799999,-104.860001,21.980000,1770370300.235973
0.030500,0.131272,0.618540,-51.730000,-94.290001,32.689999,1770370300.244114
0.060024,0.186172,0.499224,-46.060001,-83.510002,34.090000,1770370300.251977
0.078324,0.262544,0.406748,-39.900002,-70.769997,37.169998,1770370300.259970
0.079788,0.333060,0.333060,-36.889999,-56.770000,33.529999,1770370300.267967
0.076372,0.399672,0.262788,-36.119999,-44.240002,30.870001,1770370300.275971
0.065880,0.454816,0.207156,-36.259998,-33.740002,23.309999,1770370300.283975
0.046116,0.482876,0.137860,-35.139999,-19.459999,14.980000,1770370300.291991
0.035868,0.481900,0.051484,-31.430000,-8.470000,10.990000,1770370300.299976
0.026352,0.450180,-0.022936,-21.000000,2.170000,3.920000,1770370300.307969
0.030988,0.412604,-0.051484,-11.480000,12.740000,0.630000,1770370300.315973
0.037820,0.386496,0.022448,6.650000,23.799999,-3.360000,1770370300.323975
0.039772,0.381128,0.218624,21.209999,40.810001,-3.850000,1770370300.331975
0.017568,0.382836,0.515816,31.290001,58.660000,-7.630000,1770370300.340138
-0.007076,0.407724,0.858148,30.100000,74.970001,-11.480000,1770370300.347971
-0.009028,0.407724,1.134356,33.040001,91.209999,-18.270000,1770370300.355970
-0.032940,0.304756,1.366400,38.639999,98.769997,-17.430000,1770370300.363969
-0.067832,0.246440,1.514508,43.470001,99.470001,-12.950000,1770370300.371977
-0.111996,0.155184,1.667496,46.759998,84.559998,-5.880000,1770370300.379982
-0.180072,0.018544,1.905152,53.549999,65.099998,8.820000,1770370300.388022
-0.201544,-0.122976,2.130608,59.080002,45.709999,20.299999,1770370300.395986
-0.261324,-0.217892,2.184532,56.980000,37.380001,29.190001,1770370300.403976
-0.260104,-0.288164,2.097424,34.020000,41.930000,34.720001,1770370300.411976
-0.264496,-0.418948,1.915400,9.590000,53.619999,39.340000,1770370300.420108
-0.305000,-0.579012,1.758020,-7.980000,73.430000,39.619999,1770370300.427969
-0.410896,-0.695888,1.672864,-24.780001,99.750000,32.549999,1770370300.435967
-0.527528,-0.696864,1.590636,-36.259998,129.639999,19.950001,1770370300.443984
-0.673196,-0.604144,1.458144,-43.330002,154.350006,10.220000,1770370300.452010
-0.809348,-0.475556,1.284904,-47.740002,166.949997,-1.680000,1770370300.460001
-0.909144,-0.295728,1.063108,-51.099998,162.259995,-6.230000,1770370300.467977
-0.982832,-0.143228,0.829112,-50.750000,140.770004,-16.309999,1770370300.475988
-1.038952,-0.012200,0.649284,-44.590000,107.449997,-18.760000,1770370300.483982
-1.052616,0.095892,0.543388,-39.970001,70.070000,-21.700001,1770370300.491990
-1.010160,0.146400,0.477752,-33.669998,35.279999,-24.290001,1770370300.500089
-0.925980,0.159820,0.392352,-26.670000,4.760000,-25.059999,1770370300.508060
-0.828868,0.163236,0.298168,-18.900000,-20.230000,-25.270000,1770370300.515982
-0.734684,0.164700,0.218868,-11.480000,-43.189999,-28.209999,1770370300.524006
-0.638060,0.178120,0.151768,-6.020000,-64.190002,-30.100000,1770370300.531967
-0.529968,0.210816,0.093940,-0.910000,-84.419998,-32.130001,1770370300.539980
-0.436760,0.238144,0.048556,-0.140000,-103.529999,-30.799999,1770370300.547978
-0.333304,0.232776,0.033428,0.000000,-120.470001,-30.030001,1770370300.556126
-0.252540,0.192516,0.028060,-1.680000,-132.929993,-22.820000,1770370300.563977
-0.181780,0.128832,0.051484,-0.700000,-140.279999,-17.780001,1770370300.572343
-0.124928,0.054656,0.101260,2.450000,-139.789993,-7.630000,1770370300.580049
-0.081740,-0.001464,0.191296,13.230000,-131.110001,-0.700000,1770370300.587973
-0.050508,-0.037088,0.365268,26.530001,-108.919998,3.570000,1770370300.595955
-0.056608,-0.049288,0.601704,40.110001,-72.660004,7.280000,1770370300.603981
-0.085156,-0.035624,0.875228,51.099998,-25.549999,6.230000,1770370300.611990
-0.149572,-0.051240,1.157048,59.990002,22.190001,8.260000,1770370300.619972
-0.284748,-0.069784,1.335168,68.879997,54.529999,9.940000,1770370300.627967
-0.492636,-0.104920,1.481080,80.849998,69.160004,9.590000,1770370300.635965
-0.725900,-0.120536,1.675304,92.050003,65.800003,7.140000,1770370300.643986
-0.961848,-0.117120,1.863428,86.730003,57.259998,-1.400000,1770370300.652008
-1.078236,-0.142984,1.928576,69.230003,39.970001,-9.520000,1770370300.659994
-1.057496,-0.226188,1.932480,44.099998,5.250000,-16.660000,1770370300.667978
-0.958920,-0.305976,1.955904,26.180000,-41.580002,-14.490000,1770370300.675991
-0.831796,-0.373076,1.927356,10.010000,-88.410004,-9.450000,1770370300.684045
-0.678808,-0.378688,1.864160,-4.480000,-119.699997,-6.790000,1770370300.692001
-0.509716,-0.307928,1.765584,-15.400000,-137.130005,-2.590000,1770370300.699989
-0.343308,-0.203496,1.648708,-28.770000,-144.899994,1.540000,1770370300.708055
-0.199592,-0.104920,1.458388,-45.639999,-140.559998,1.330000,1770370300.715974
-0.080032,-0.030744,1.234396,-56.560001,-133.139999,7.350000,1770370300.724053
0.019520,0.018544,1.002596,-62.860001,-123.269997,14.980000,1770370300.731983
0.077836,0.079544,0.795440,-59.639999,-110.250000,24.219999,1770370300.740008
0.120048,0.145912,0.642940,-53.340000,-95.059998,33.320000,1770370300.747993
0.142496,0.214476,0.550708,-48.439999,-80.430000,32.549999,1770370300.756072
0.150792,0.287676,0.468236,-43.750000,-62.720001,33.950001,1770370300.763984
0.140300,0.348920,0.378932,-38.570000,-46.130001,30.240000,1770370300.771978
0.117608,0.402112,0.288408,-38.220001,-32.759998,29.330000,1770370300.779998
0.087840,0.455792,0.191296,-35.770000,-18.549999,20.440001,1770370300.788113
0.061488,0.477752,0.100528,-32.970001,-4.130000,15.540000,1770370300.795958
0.051484,0.482388,0.020008,-24.219999,6.860000,10.990000,1770370300.803976
0.038796,0.451400,-0.038308,-16.240000,17.990000,5.460000,1770370300.811975
0.032452,0.422852,-0.048556,-1.260000,29.120001,2.450000,1770370300.820021
0.029280,0.398452,0.038552,11.760000,42.490002,-0.490000,1770370300.827984
0.011956,0.366244,0.234484,18.969999,55.650002,-3.640000,1770370300.835977
-0.000732,0.388936,0.524112,28.070000,73.010002,-11.340000,1770370300.844026
-0.010004,0.414556,0.854244,34.090000,92.120003,-14.140000,1770370300.851971
-0.023180,0.437248,1.133136,35.770000,107.449997,-16.520000,1770370300.859974
-0.050020,0.402356,1.374208,37.660000,118.230003,-15.400000,1770370300.868044
-0.102236,0.354288,1.548912,38.009998,120.050003,-11.900000,1770370300.876001
-0.184952,0.221796,1.699460,35.209999,107.660004,-1.190000,1770370300.884038
-0.256688,0.066368,1.896856,38.290001,84.559998,4.480000,1770370300.891962
-0.305244,-0.148596,2.129388,45.990002,65.379997,16.030001,1770370300.899981
-0.386740,-0.232044,2.148176,47.880001,59.919998,28.350000,1770370300.907977
-0.411140,-0.264008,2.040084,30.450001,59.919998,33.740002,1770370300.915973
-0.436760,-0.373076,1.902956,4.690000,63.490002,38.360001,1770370300.924073
-0.487512,-0.495320,1.755824,-17.990000,77.980003,38.990002,1770370300.932007
-0.586332,-0.640256,1.664080,-34.790001,98.000000,31.080000,1770370300.939988
-0.701500,-0.656604,1.549400,-47.110001,119.209999,19.950001,1770370300.947972
-0.804712,-0.578768,1.392996,-56.000000,135.589996,10.500000,1770370300.955976
-0.890600,-0.438956,1.166320,-61.110001,137.059998,-2.800000,1770370300.963986
-0.950136,-0.250100,0.901336,-59.779999,122.849998,-5.880000,1770370300.972105
-0.993324,-0.087108,0.673928,-55.580002,97.089996,-10.780000,1770370300.979988
-1.013576,0.004880,0.529968,-49.770000,64.050003,-13.230000,1770370300.988069
-1.002352,0.015860,0.451888,-45.919998,35.630001,-17.430000,1770370300.995955
-0.941108,0.036600,0.369660,-38.009998,11.620000,-17.920000,1770370301.003980
-0.843020,0.056364,0.280844,-27.790001,-12.810000,-21.350000,1770370301.012008
-0.750544,0.069296,0.197396,-18.549999,-35.560001,-23.520000,1770370301.019976
-0.641720,0.109800,0.126636,-8.680000,-58.240002,-26.600000,1770370301.027985
-0.535092,0.154452,0.092232,-1.470000,-80.220001,-27.860001,1770370301.035989
-0.431392,0.186172,0.070760,2.240000,-99.050003,-28.139999,1770370301.043960
-0.325252,0.195932,0.070760,5.950000,-116.900002,-26.879999,1770370301.051974
-0.242536,0.161284,0.081740,3.570000,-132.580002,-21.000000,1770370301.060618
-0.167628,0.104920,0.105652,2.450000,-138.460007,-16.100000,1770370301.068153
-0.115900,0.045384,0.156892,6.230000,-137.759995,-6.440000,1770370301.076093
-0.069784,-0.011712,0.249124,14.070000,-126.349998,-1.610000,1770370301.084029
-0.046360,-0.039284,0.407236,27.650000,-106.260002,4.480000,1770370301.091977
-0.055632,-0.052460,0.649284,38.639999,-70.629997,6.790000,1770370301.099981
-0.078812,-0.053192,0.935496,50.189999,-25.760000,6.580000,1770370301.108035
-0.135908,-0.077348,1.199748,56.000000,18.969999,8.050000,1770370301.116017
-0.270596,-0.131028,1.363960,68.110001,49.349998,9.380000,1770370301.124127
-0.451400,-0.157624,1.488888,82.459999,58.939999,8.820000,1770370301.131985
-0.670756,-0.153476,1.695068,94.220001,55.930000,5.600000,1770370301.139962
-0.903044,-0.111996,1.913204,90.089996,51.380001,-5.110000,1770370301.147967
-0.967704,-0.101992,1.962248,66.570000,38.709999,-9.450000,1770370301.155976
-0.899628,-0.181292,1.924428,42.349998,9.380000,-10.010000,1770370301.164014
-0.830088,-0.261812,1.936384,16.100000,-33.320000,-3.850000,1770370301.171992
-0.743712,-0.325008,1.926380,-5.110000,-75.110001,-0.140000,1770370301.180100
-0.630008,-0.330376,1.882948,-19.040001,-103.599998,3.710000,1770370301.188063
-0.490196,-0.277672,1.771196,-32.900002,-117.040001,5.740000,1770370301.195957
-0.333304,-0.205936,1.631384,-45.709999,-121.029999,6.230000,1770370301.203979
-0.203740,-0.120536,1.436916,-57.189999,-115.849998,6.510000,1770370301.211978
-0.092476,-0.055876,1.224636,-66.010002,-106.260002,13.860000,1770370301.220047
0.000488,-0.003172,0.985760,-67.550003,-96.180000,18.690001,1770370301.227980
0.045140,0.030988,0.768600,-64.959999,-87.220001,29.400000,1770370301.235975
0.072956,0.071248,0.610000,-56.560001,-75.809998,36.540001,1770370301.244059
0.089304,0.141032,0.498248,-49.000000,-63.560001,41.160000,1770370301.251999
0.092476,0.220820,0.421144,-41.230000,-52.009998,41.020000,1770370301.259970
0.083204,0.287676,0.362096,-33.880001,-41.020000,38.709999,1770370301.267969
0.064416,0.353312,0.308416,-31.290001,-30.030001,37.240002,1770370301.276088
0.043432,0.405772,0.249612,-28.559999,-20.230000,31.080000,1770370301.283977
0.027328,0.438224,0.193736,-27.090000,-11.130000,23.309999,1770370301.291956
0.026840,0.445300,0.114192,-23.240000,-1.120000,17.010000,1770370301.299992
0.024888,0.417972,0.031232,-17.080000,8.330000,12.320000,1770370301.307966
0.028792,0.396744,-0.020984,-4.340000,16.870001,8.820000,1770370301.315954
0.024888,0.357460,0.004636,9.800000,27.719999,4.830000,1770370301.323975
0.033672,0.274744,0.154696,19.740000,37.939999,-3.290000,1770370301.332085
0.019520,0.335500,0.337940,27.090000,52.709999,-4.550000,1770370301.339973
0.022936,0.316956,0.652212,34.439999,68.529999,-12.810000,1770370301.347971
0.019520,0.358924,0.966972,37.869999,88.690002,-15.190000,1770370301.355965
0.013420,0.354044,1.240008,42.910000,109.199997,-15.400000,1770370301.363968
-0.031232,0.303292,1.455948,44.869999,124.949997,-12.670000,1770370301.371959
-0.091744,0.253028,1.619672,45.290001,126.980003,-8.680000,1770370301.380006
-0.146888,0.153476,1.811456,38.779999,111.720001,0.070000,1770370301.387976
-0.180560,-0.019032,2.078392,36.750000,87.639999,13.440000,1770370301.395954
-0.261812,-0.220576,2.252120,42.980000,69.019997,19.740000,1770370301.403981
-0.352824,-0.302804,2.173796,38.220001,66.150002,27.440001,1770370301.412027
-0.391376,-0.337452,2.022028,18.760000,65.029999,30.590000,1770370301.419977
-0.437004,-0.427976,1.868552,-1.890000,72.239998,31.290001,1770370301.427982
-0.508740,-0.513620,1.751188,-17.639999,89.110001,33.529999,1770370301.435973
-0.634888,-0.588528,1.663348,-35.000000,108.290001,22.610001,1770370301.443971
-0.756644,-0.593896,1.519144,-45.990002,127.610001,8.820000,1770370301.452041
-0.855708,-0.511912,1.321260,-55.580002,138.529999,-2.170000,1770370301.459969
-0.937204,-0.379664,1.084336,-55.299999,136.220001,-8.750000,1770370301.468059
-0.991860,-0.205692,0.836432,-52.570000,115.849998,-15.820000,1770370301.476127
-1.041636,-0.077836,0.634400,-45.639999,85.889999,-20.790001,1770370301.483990
-1.044564,0.015128,0.504348,-38.220001,53.130001,-23.730000,1770370301.492121
-1.004060,0.042700,0.412116,-31.360001,24.639999,-27.650000,1770370301.499975
-0.915976,0.054168,0.332328,-23.799999,-0.910000,-31.360001,1770370301.507977
-0.817888,0.053436,0.268888,-15.680000,-22.680000,-31.780001,1770370301.515978
-0.705404,0.057096,0.198372,-5.670000,-43.680000,-34.580002,1770370301.523978
-0.602680,0.079788,0.132736,1.470000,-65.099998,-37.240002,1770370301.532140
-0.499956,0.119560,0.087840,3.990000,-85.260002,-37.869999,1770370301.539975
-0.391864,0.163968,0.046848,5.740000,-105.209999,-35.840000,1770370301.547971
-0.294020,0.204228,0.018788,3.780000,-124.949997,-34.930000,1770370301.555966
-0.212280,0.207644,0.013176,2.240000,-139.229996,-31.780001,1770370301.563974
-0.126880,0.167140,0.040016,0.560000,-148.259995,-28.209999,1770370301.571982
-0.061244,0.101504,0.122244,3.220000,-148.050003,-17.219999,1770370301.579995
-0.013176,0.034404,0.237168,7.070000,-137.899994,-12.600000,1770370301.588015
0.029036,-0.001952,0.402600,17.850000,-113.820000,-4.970000,1770370301.596050
0.040260,-0.022204,0.660508,30.170000,-77.629997,-1.400000,1770370301.603984
0.028792,-0.045628,0.957456,40.880001,-29.260000,-1.330000,1770370301.611980
-0.008540,-0.014884,1.202676,48.230000,20.370001,-0.140000,1770370301.619963
-0.119804,-0.065636,1.368352,58.869999,58.799999,2.100000,1770370301.627965
-0.287432,-0.143960,1.473028,74.550003,76.930000,5.110000,1770370301.635988
-0.529480,-0.173728,1.664812,95.339996,80.360001,5.390000,1770370301.644093
-0.812032,-0.123952,1.898076,95.339996,85.889999,-3.640000,1770370301.651963
-0.921100,-0.104920,1.994700,74.620003,84.139999,-8.750000,1770370301.659982
-0.920612,-0.175192,1.990552,45.570000,60.480000,-8.890000,1770370301.667978
-0.908412,-0.285968,1.978596,21.350000,13.930000,-3.990000,1770370301.676210
-0.875960,-0.354776,1.949560,0.140000,-34.299999,2.380000,1770370301.683993
-0.800564,-0.358680,1.891732,-15.960000,-75.739998,4.620000,1770370301.691958
-0.673928,-0.290604,1.784128,-31.990000,-103.180000,10.290000,1770370301.700089
-0.524356,-0.220088,1.626260,-44.310001,-116.059998,9.170000,1770370301.707971
-0.381372,-0.141520,1.414468,-55.439999,-121.239998,12.320000,1770370301.715976
-0.253272,-0.066124,1.183644,-62.020000,-120.470001,15.470000,1770370301.724202
-0.155184,-0.006344,0.970632,-63.560001,-114.730003,19.530001,1770370301.732071
-0.074664,0.049532,0.789584,-59.150002,-103.250000,27.510000,1770370301.739984
-0.017812,0.126636,0.651236,-51.520000,-92.959999,31.080000,1770370301.747976
0.021716,0.185440,0.539972,-46.340000,-79.660004,36.119999,1770370301.755981
0.041236,0.258152,0.452620,-41.090000,-66.849998,35.980000,1770370301.764035
0.060756,0.321348,0.369416,-36.540001,-55.230000,35.209999,1770370301.772013
0.067100,0.380884,0.287432,-33.740002,-44.240002,32.200001,1770370301.779988
0.058072,0.422852,0.221796,-29.750000,-33.040001,27.230000,1770370301.787994
0.045628,0.447740,0.157624,-27.370001,-22.540001,27.230000,1770370301.795951
0.040992,0.441884,0.081008,-21.559999,-11.830000,16.799999,1770370301.804008
0.038552,0.402600,0.019276,-11.970000,-3.150000,14.910000,1770370301.812019
0.036356,0.348676,-0.002928,-6.230000,6.300000,8.610000,1770370301.819974
0.035136,0.283284,0.049044,3.780000,16.940001,4.340000,1770370301.827976
0.052948,0.278160,0.189832,14.840000,26.740000,-2.660000,1770370301.835994
0.061244,0.313052,0.401868,24.080000,39.619999,-5.180000,1770370301.843985
0.061000,0.327204,0.743712,30.799999,56.910000,-11.340000,1770370301.851980
0.067344,0.348432,1.060180,26.950001,77.910004,-11.340000,1770370301.859977
0.068808,0.341356,1.316136,34.790001,96.320000,-18.410000,1770370301.867976
0.038796,0.258396,1.539884,38.290001,111.510002,-16.870001,1770370301.875960
-0.025376,0.184220,1.705316,39.549999,114.309998,-13.020000,1770370301.884021
-0.090036,0.095160,1.928576,35.980000,103.669998,-5.110000,1770370301.892008
-0.145424,-0.091256,2.199904,33.669998,89.320000,4.900000,1770370301.899979
-0.268888,-0.245708,2.275544,40.459999,82.599998,10.430000,1770370301.907976
-0.358680,-0.279624,2.168672,31.990000,77.000000,11.970000,1770370301.915984
-0.395768,-0.316224,2.001044,17.010000,73.779999,11.760000,1770370301.924092
-0.473116,-0.392352,1.801452,-6.020000,86.870003,21.420000,1770370301.931980
-0.570716,-0.464332,1.670912,-28.139999,103.320000,25.760000,1770370301.939980
-0.723948,-0.543144,1.548912,-46.970001,123.830002,14.910000,1770370301.947973
-0.836676,-0.564128,1.367376,-57.189999,140.419998,1.890000,1770370301.955961
-0.932568,-0.504592,1.120692,-63.840000,146.720001,-8.330000,1770370301.964015
-0.996252,-0.380396,0.852536,-62.439999,131.880005,-14.210000,1770370301.972016
-1.058960,-0.222284,0.626836,-55.020000,104.650002,-15.820000,1770370301.980009
-1.093364,-0.105652,0.498004,-45.220001,69.650002,-21.770000,1770370301.987978
-1.064816,-0.029768,0.434564,-34.369999,32.060001,-20.230000,1770370301.995953
-0.996984,-0.019764,0.390400,-28.910000,1.680000,-22.680000,1770370302.003968
-0.904020,-0.017324,0.331108,-19.809999,-21.770000,-22.260000,1770370302.011990
-0.790804,-0.013908,0.267668,-12.670000,-42.560001,-23.030001,1770370302.019975
-0.679052,0.001464,0.205448,-5.110000,-61.880001,-25.830000,1770370302.027974
-0.567056,0.040504,0.151524,0.910000,-81.269997,-26.879999,1770370302.035980
-0.458720,0.095648,0.106384,5.460000,-101.150002,-26.600000,1770370302.043999
-0.355508,0.135664,0.069784,6.860000,-119.489998,-30.100000,1770370302.051977
-0.262300,0.130784,0.070028,8.330000,-136.570007,-27.090000,1770370302.060630
-0.177632,0.081008,0.090768,8.120000,-144.759995,-22.260000,1770370302.068388
-0.112240,0.023424,0.134444,12.250000,-149.169998,-15.400000,1770370302.076853
-0.060268,-0.036112,0.214476,17.639999,-142.589996,-7.000000,1770370302.084043
-0.019032,-0.078812,0.347212,28.700001,-124.389999,0.210000,1770370302.091978
-0.011468,-0.106628,0.571936,38.430000,-94.709999,6.650000,1770370302.099982
-0.024644,-0.106140,0.836676,47.880001,-52.639999,6.300000,1770370302.107970
-0.070760,-0.111020,1.079700,56.770000,-7.350000,11.410000,1770370302.115987
-0.173484,-0.144692,1.278804,66.290001,24.570000,8.960000,1770370302.124006
-0.323788,-0.194712,1.422520,77.419998,40.459999,7.980000,1770370302.132119
-0.523380,-0.212280,1.553548,89.529999,40.950001,4.620000,1770370302.139981
-0.746884,-0.168848,1.715320,91.629997,38.290001,-3.010000,1770370302.148065
-0.882548,-0.114192,1.855376,74.199997,37.730000,-16.100000,1770370302.155991
-0.870348,-0.149084,1.911984,45.849998,22.820000,-20.440001,1770370302.163961
-0.787632,-0.250588,1.927112,22.400000,-13.790000,-20.580000,1770370302.171980
-0.716872,-0.327936,1.956148,2.380000,-53.060001,-16.450001,1770370302.180011
-0.617320,-0.349896,1.939312,-11.340000,-86.169998,-11.830000,1770370302.188084
-0.499956,-0.300364,1.860744,-23.520000,-105.629997,-6.090000,1770370302.195998
-0.354532,-0.215940,1.724836,-33.880001,-115.709999,1.330000,1770370302.203977
-0.221552,-0.136640,1.528416,-46.200001,-116.830002,3.990000,1770370302.211992
-0.107848,-0.061488,1.293688,-57.400002,-114.379997,14.210000,1770370302.219987
-0.019520,-0.001464,1.039196,-57.680000,-108.639999,19.740000,1770370302.227987
0.042944,0.051484,0.821548,-56.000000,-101.430000,35.000000,1770370302.235982
0.086864,0.122976,0.653188,-47.880001,-88.760002,43.400002,1770370302.243969
0.103944,0.204960,0.525576,-40.669998,-74.550003,49.139999,1770370302.252008
0.112484,0.279868,0.446276,-37.450001,-57.119999,52.990002,1770370302.259967
0.108092,0.358436,0.377468,-32.130001,-42.770000,50.189999,1770370302.267968
0.101992,0.427732,0.313296,-32.340000,-28.350000,45.990002,1770370302.275970
0.081008,0.494100,0.248392,-29.750000,-12.810000,40.950001,1770370302.283996
0.058560,0.522404,0.173728,-25.830000,3.010000,30.730000,1770370302.292009
0.044408,0.514352,0.079300,-21.420000,15.190000,25.480000,1770370302.299978
0.032208,0.478972,-0.006588,-7.980000,25.760000,17.920000,1770370302.307972
0.019764,0.423584,-0.056364,4.200000,35.840000,14.420000,1770370302.315971
0.016592,0.383568,-0.003904,18.549999,44.730000,4.900000,1770370302.324022
0.012444,0.357216,0.158844,34.650002,53.130001,-4.760000,1770370302.332008
0.001220,0.369904,0.424316,41.020000,67.059998,-7.770000,1770370302.339989
-0.016592,0.363072,0.803736,42.070000,85.680000,-15.050000,1770370302.347970
-0.017324,0.372100,1.103856,38.220001,104.370003,-14.140000,1770370302.355957
-0.037332,0.326228,1.347124,39.410000,119.279999,-13.160000,1770370302.363973
-0.088816,0.247416,1.559648,39.689999,125.510002,-6.090000,1770370302.371980
-0.170556,0.146644,1.736548,38.639999,116.339996,0.210000,1770370302.380102
-0.238144,0.039772,1.947608,37.660000,95.339996,9.100000,1770370302.387977
-0.312808,-0.220088,2.189900,44.660000,73.570000,22.400000,1770370302.395964
-0.396744,-0.372100,2.188924,48.090000,61.950001,33.740002,1770370302.403999
-0.441152,-0.418704,2.058628,42.419998,55.369999,35.560001,1770370302.412132
-0.467016,-0.568032,1.925648,19.110001,60.340000,42.630001,1770370302.419971
-0.504104,-0.657580,1.788276,1.330000,72.800003,50.400002,1770370302.427976
-0.611708,-0.731268,1.701656,-15.540000,88.410004,39.970001,1770370302.436000
-0.712724,-0.745908,1.598932,-29.260000,108.080002,29.049999,1770370302.443980
-0.814472,-0.671732,1.453020,-37.310001,123.620003,16.450001,1770370302.452126
-0.896944,-0.510204,1.254160,-43.889999,128.309998,5.460000,1770370302.459977
-0.960384,-0.301340,1.028460,-45.220001,116.410004,-0.490000,1770370302.467974
-1.003084,-0.103944,0.813008,-40.459999,92.470001,-7.210000,1770370302.475977
-1.018456,0.057584,0.625616,-35.980000,58.450001,-12.460000,1770370302.484106
-0.995276,0.149328,0.499712,-32.340000,27.930000,-20.440001,1770370302.491974
-0.914512,0.195932,0.412360,-27.580000,2.660000,-25.480000,1770370302.499984
-0.814960,0.203008,0.354776,-20.580000,-15.820000,-28.910000,1770370302.507972
-0.718336,0.191296,0.284504,-13.790000,-32.480000,-31.920000,1770370302.515989
-0.612928,0.179340,0.205936,-7.210000,-48.299999,-31.780001,1770370302.523981
-0.510692,0.184708,0.138348,1.330000,-65.519997,-31.150000,1770370302.531999
-0.423340,0.204472,0.082472,3.780000,-82.389999,-28.629999,1770370302.539986
-0.334524,0.236436,0.023668,3.640000,-98.070000,-26.740000,1770370302.547980
-0.244244,0.266936,-0.021472,-0.770000,-115.290001,-21.910000,1770370302.556000
-0.169824,0.276696,-0.050020,-5.320000,-131.250000,-17.990000,1770370302.563988
-0.107360,0.244976,-0.025864,-7.000000,-141.399994,-13.020000,1770370302.571980
-0.045140,0.188856,0.041236,-10.290000,-141.470001,-6.230000,1770370302.580052
0.007808,0.108092,0.170068,-5.670000,-129.639999,-3.290000,1770370302.588064
0.067832,0.054412,0.368928,-1.680000,-106.260002,2.940000,1770370302.595964
0.092720,-0.000976,0.605364,6.020000,-70.559998,1.890000,1770370302.603988
0.084668,-0.040992,0.865712,18.410000,-23.660000,0.280000,1770370302.611991
0.050752,-0.081740,1.106296,24.639999,24.360001,2.240000,1770370302.620017
-0.037820,-0.125660,1.262700,35.560001,65.940002,6.720000,1770370302.627971
-0.178120,-0.190076,1.423496,52.779999,91.910004,13.860000,1770370302.635988
-0.355752,-0.210816,1.719468,71.889999,97.440002,16.590000,1770370302.643979
-0.593652,-0.217648,2.070584,87.220001,96.320000,16.240000,1770370302.652025
-0.743224,-0.242536,2.165012,77.209999,91.980003,19.180000,1770370302.659972
-0.793732,-0.276452,2.078880,56.980000,70.489998,19.389999,1770370302.667971
-0.870592,-0.349164,2.019344,31.780001,37.029999,21.559999,1770370302.675961
-0.921588,-0.391376,1.954440,13.020000,-1.260000,20.719999,1770370302.684007
-0.911828,-0.385032,1.869040,-3.150000,-33.250000,16.799999,1770370302.691977
-0.831552,-0.289628,1.771684,-18.340000,-56.840000,12.180000,1770370302.699978
-0.712724,-0.185684,1.640168,-31.430000,-74.760002,4.690000,1770370302.707981
-0.581696,-0.078324,1.480104,-43.330002,-86.169998,3.360000,1770370302.716079
-0.459940,0.011956,1.316380,-52.849998,-92.190002,1.890000,1770370302.723992
-0.332816,0.080520,1.136064,-56.209999,-95.059998,0.280000,1770370302.732020
-0.223016,0.123952,0.963068,-57.330002,-96.389999,3.570000,1770370302.739994
-0.124440,0.172996,0.815448,-53.689999,-95.059998,9.520000,1770370302.747977
-0.047580,0.221552,0.694180,-48.650002,-92.820000,17.219999,1770370302.755971
0.012932,0.262788,0.588772,-44.240002,-89.599998,18.690001,1770370302.763982
0.053924,0.300120,0.492880,-41.860001,-86.730003,20.719999,1770370302.771985
0.087352,0.335500,0.392596,-40.880001,-80.709999,20.650000,1770370302.780153
0.102480,0.379176,0.315736,-38.150002,-71.820000,21.559999,1770370302.788073
0.103456,0.415044,0.248636,-36.259998,-60.549999,20.719999,1770370302.795960
0.104920,0.434808,0.196176,-32.900002,-46.900002,19.040001,1770370302.803982
0.106140,0.430172,0.119804,-28.070000,-31.920000,15.470000,1770370302.812004
0.109800,0.406992,0.030256,-18.340000,-19.040001,11.410000,1770370302.820065
0.108580,0.308660,0.003904,-7.560000,-4.130000,8.400000,1770370302.827987
0.109312,0.313784,0.020496,6.370000,11.900000,4.690000,1770370302.835960
0.115412,0.288164,0.135420,20.020000,29.260000,-1.260000,1770370302.843984
0.127856,0.296704,0.338184,33.250000,49.490002,-8.470000,1770370302.851975
0.117120,0.336476,0.635376,41.090000,75.110001,-13.510000,1770370302.860093
0.109312,0.374296,0.984784,41.230000,104.089996,-21.770000,1770370302.868057
0.101992,0.384788,1.231956,38.080002,129.990005,-27.299999,1770370302.875956
0.057584,0.318908,1.407636,36.959999,152.389999,-25.270000,1770370302.883987
-0.019032,0.205692,1.541348,35.209999,162.470001,-18.690001,1770370302.892009
-0.093208,0.062220,1.639192,31.990000,154.979996,-11.130000,1770370302.899986
-0.148596,-0.164944,1.853668,36.889999,127.750000,-0.630000,1770370302.908099
-0.246928,-0.382592,2.109624,49.980000,104.860001,10.430000,1770370302.916003
-0.395524,-0.411140,2.177700,56.980000,91.209999,14.350000,1770370302.923974
-0.457256,-0.420900,2.114016,44.799999,83.790001,16.660000,1770370302.931973
-0.505080,-0.470188,1.921256,21.980000,88.620003,26.040001,1770370302.940029
-0.562908,-0.527772,1.764852,2.730000,97.300003,29.820000,1770370302.948059
-0.683200,-0.591700,1.682624,-19.459999,109.410004,28.490000,1770370302.955978
-0.819596,-0.571936,1.565016,-34.930000,123.059998,11.410000,1770370302.963979
-0.915488,-0.487024,1.384700,-46.619999,132.929993,0.770000,1770370302.971988
-1.002596,-0.369172,1.141676,-52.990002,131.179993,-10.500000,1770370302.980107
-1.055300,-0.209108,0.867908,-55.650002,113.889999,-21.280001,1770370302.988044
-1.084092,-0.061244,0.636352,-53.759998,87.360001,-28.209999,1770370302.996057
-1.086288,0.053680,0.502396,-46.970001,52.919998,-30.799999,1770370303.003988
-1.050420,0.116144,0.430904,-40.880001,20.719999,-37.869999,1770370303.011975
-0.982100,0.101504,0.375516,-33.110001,-4.830000,-38.849998,1770370303.019971
-0.883280,0.102724,0.296216,-21.629999,-26.879999,-42.770000,1770370303.027973
-0.772504,0.124928,0.204716,-11.480000,-46.200001,-51.380001,1770370303.035973
-0.663924,0.155672,0.136152,-5.320000,-66.500000,-55.720001,1770370303.044101
-0.551440,0.214720,0.079300,2.100000,-84.769997,-60.200001,1770370303.051992
-0.437004,0.278648,0.035380,1.330000,-105.279999,-58.029999,1770370303.060689
-0.336964,0.315736,-0.005856,-2.870000,-122.919998,-57.259998,1770370303.068363
-0.243024,0.327204,-0.026596,-4.340000,-137.690002,-56.139999,1770370303.076251
-0.156648,0.274988,-0.012932,-5.460000,-149.660004,-47.180000,1770370303.083986
-0.089060,0.190808,0.043188,-4.340000,-152.600006,-39.200001,1770370303.091999
-0.033184,0.079056,0.149084,0.910000,-144.550003,-27.230000,1770370303.099980
0.019764,0.012200,0.302316,16.309999,-126.139999,-20.090000,1770370303.108069
0.050752,-0.020496,0.521672,33.669998,-93.519997,-14.420000,1770370303.115979
0.057340,-0.034648,0.804224,51.310001,-49.139999,-10.570000,1770370303.123975
0.042456,-0.015372,1.077748,62.230000,0.840000,-8.470000,1770370303.131981
-0.030012,-0.033184,1.277828,67.900002,43.820000,0.770000,1770370303.139976
-0.163480,-0.111508,1.427888,77.419998,67.760002,5.390000,1770370303.147988
-0.337940,-0.189832,1.654808,93.309998,73.290001,11.970000,1770370303.156137
-0.579744,-0.242780,2.043012,104.720001,71.470001,13.860000,1770370303.163972
-0.838628,-0.252784,2.224304,91.980003,70.980003,0.980000,1770370303.171977
-0.867420,-0.283772,2.103036,67.059998,53.900002,-2.240000,1770370303.179964
-0.849608,-0.367708,1.959808,46.410000,19.180000,-2.940000,1770370303.188088
-0.847656,-0.428952,1.905152,28.000000,-23.309999,-0.140000,1770370303.196002
-0.815692,-0.437492,1.864892,10.920000,-63.419998,-3.150000,1770370303.204071
-0.736636,-0.386252,1.811456,-6.020000,-89.599998,-4.620000,1770370303.211974
-0.613660,-0.300364,1.731912,-21.209999,-105.489998,-8.890000,1770370303.219968
-0.472384,-0.208376,1.597712,-36.330002,-111.720001,-14.280000,1770370303.228039
-0.338428,-0.128588,1.405440,-45.360001,-108.919998,-15.890000,1770370303.235972
-0.233020,-0.067588,1.200480,-51.869999,-104.930000,-14.490000,1770370303.243973
-0.140544,-0.009516,0.997716,-51.240002,-99.610001,-9.450000,1770370303.251982
-0.072224,0.042700,0.829112,-47.529999,-92.820000,-3.850000,1770370303.259990
-0.006100,0.105652,0.719556,-44.240002,-85.050003,5.110000,1770370303.267976
0.030012,0.187880,0.639036,-38.849998,-77.209999,12.180000,1770370303.275971
0.052460,0.260592,0.578524,-35.209999,-68.739998,12.390000,1770370303.284202
0.059780,0.326716,0.508740,-35.139999,-60.340000,13.020000,1770370303.291934
0.062708,0.379664,0.424804,-33.880001,-51.660000,13.650000,1770370303.299974
0.056364,0.420412,0.341844,-33.740002,-45.360001,11.620000,1770370303.307967
0.049776,0.463356,0.257176,-31.219999,-38.220001,10.150000,1770370303.315969
0.044408,0.469700,0.157624,-23.660000,-33.110001,3.990000,1770370303.323964
0.046604,0.457744,0.050752,-14.770000,-28.139999,0.280000,1770370303.331970
0.052216,0.429684,-0.010492,-2.240000,-20.160000,-4.270000,1770370303.340110
0.069540,0.392108,-0.009028,11.130000,-9.380000,-8.330000,1770370303.348073
0.088572,0.372344,0.076128,22.400000,4.620000,-11.900000,1770370303.355974
0.111752,0.356728,0.264252,33.740002,22.820000,-19.530001,1770370303.363972
0.121024,0.339160,0.528504,36.189999,44.730000,-22.120001,1770370303.371963
0.134932,0.391864,0.883036,38.080002,73.150002,-31.010000,1770370303.379992
0.144448,0.419924,1.147044,34.299999,99.190002,-33.250000,1770370303.388039
0.137616,0.388692,1.300764,29.959999,118.230003,-30.450001,1770370303.395961
0.097356,0.292800,1.449116,20.370001,127.330002,-28.000000,1770370303.403981
0.037332,0.180316,1.579412,15.540000,124.949997,-18.690001,1770370303.412003
-0.013664,-0.037820,1.739476,19.180000,107.239998,-9.870000,1770370303.419980
-0.103456,-0.287188,1.961516,34.790001,84.980003,3.220000,1770370303.427978
-0.271328,-0.453840,2.097668,50.400002,78.330002,7.490000,1770370303.435975
-0.381372,-0.482144,2.024224,42.840000,81.199997,14.210000,1770370303.443987
-0.425292,-0.507520,1.907592,27.299999,86.589996,15.050000,1770370303.451986
-0.475556,-0.594872,1.803892,8.260000,93.519997,16.590000,1770370303.459977
-0.558272,-0.657336,1.740696,-8.470000,102.760002,15.260000,1770370303.468104
-0.695644,-0.676612,1.650172,-25.690001,114.099998,6.790000,1770370303.475978
-0.808860,-0.560224,1.466440,-35.910000,119.769997,-5.320000,1770370303.483993
-0.910852,-0.385276,1.206580,-44.590000,119.629997,-16.660000,1770370303.492025
-0.948916,-0.147376,0.915488,-41.790001,100.800003,-31.570000,1770370303.499998
-0.966728,-0.014152,0.678808,-38.220001,76.019997,-35.070000,1770370303.507978
-0.997960,0.294264,0.455548,-20.230000,52.290001,-44.520000,1770370303.515970
-0.915244,0.094428,0.424072,-16.100000,24.500000,-37.590000,1770370303.524001
-0.856440,0.058072,0.325008,-19.670000,3.850000,-39.410000,1770370303.532039
-0.774700,0.029036,0.266692,-19.879999,-10.360000,-38.080002,1770370303.539973
-0.669292,0.054900,0.216428,-14.770000,-28.910000,-41.439999,1770370303.547979
-0.576328,0.123708,0.177144,-5.880000,-44.590000,-45.639999,1770370303.555964
-0.488000,0.203252,0.151768,-0.350000,-61.529999,-45.570000,1770370303.564041
-0.388936,0.284748,0.126392,6.580000,-81.269997,-45.919998,1770370303.571991
-0.304268,0.320616,0.117364,8.750000,-97.930000,-37.310001,1770370303.580083
-0.223260,0.298656,0.121756,8.120000,-113.400002,-33.599998,1770370303.588035
-0.155672,0.231800,0.139568,8.120000,-121.800003,-23.170000,1770370303.595966
-0.104920,0.152500,0.179584,14.420000,-124.250000,-16.730000,1770370303.604006
-0.062708,0.081740,0.262788,22.400000,-118.790001,-6.510000,1770370303.612021
-0.026352,0.026352,0.416020,32.759998,-102.269997,0.210000,1770370303.619963
-0.025376,0.005124,0.649284,44.029999,-70.839996,2.240000,1770370303.628059
-0.040992,0.002440,0.901580,47.880001,-28.700001,4.830000,1770370303.635970
-0.084424,-0.017080,1.123376,52.430000,14.140000,6.930000,1770370303.644019
-0.186416,-0.082472,1.335168,55.020000,44.939999,7.280000,1770370303.651982
-0.320616,-0.159820,1.541104,62.650002,58.660000,8.400000,1770370303.659972
-0.524356,-0.233264,1.809992,74.339996,58.799999,4.480000,1770370303.667961
-0.771528,-0.230092,2.016172,72.309998,60.130001,-7.350000,1770370303.676099
-0.837408,-0.203496,2.004948,59.779999,53.340000,-19.809999,1770370303.684004
-0.784216,-0.257664,1.930528,42.560001,28.629999,-20.230000,1770370303.691971
-0.744444,-0.314028,1.907104,26.670000,-13.930000,-10.010000,1770370303.700026
-0.709308,-0.340624,1.877824,11.970000,-51.660000,-5.460000,1770370303.707978
-0.644404,-0.336964,1.832684,-2.240000,-76.650002,-0.700000,1770370303.715970
-0.545584,-0.284260,1.767780,-15.330000,-90.089996,-3.500000,1770370303.724098
-0.432612,-0.207888,1.647488,-27.930000,-92.400002,-3.290000,1770370303.731987
-0.313296,-0.131760,1.482056,-40.669998,-88.199997,-4.060000,1770370303.739979
-0.219600,-0.066856,1.290516,-49.630001,-80.849998,-2.940000,1770370303.747978
-0.142252,-0.007564,1.066768,-53.549999,-72.730003,0.980000,1770370303.755997
-0.087840,0.046604,0.873032,-51.099998,-64.190002,9.240000,1770370303.764133
-0.052460,0.103212,0.713700,-46.689999,-56.209999,19.740000,1770370303.771971
-0.032452,0.168604,0.586820,-44.029999,-49.349998,25.549999,1770370303.779980
-0.016836,0.246928,0.499468,-39.340000,-44.450001,29.610001,1770370303.788045
-0.001952,0.318908,0.430904,-37.450001,-37.869999,28.910000,1770370303.796086
0.002196,0.381128,0.362584,-36.540001,-32.549999,30.730000,1770370303.803976
-0.003416,0.434076,0.316468,-33.110001,-28.139999,25.830000,1770370303.811978
-0.012688,0.465552,0.262544,-31.219999,-21.770000,23.520000,1770370303.819982
-0.016104,0.460672,0.163968,-25.760000,-17.780001,21.070000,1770370303.828060
-0.014640,0.432612,0.060756,-16.309999,-15.820000,14.700000,1770370303.835988
-0.005368,0.387960,0.005368,-2.800000,-11.480000,10.150000,1770370303.843978
0.009760,0.355996,0.029036,11.410000,-5.390000,5.390000,1770370303.851984
0.024644,0.343308,0.140056,21.629999,3.290000,1.120000,1770370303.860038
0.039528,0.281332,0.352824,27.510000,15.960000,-2.940000,1770370303.867967
0.058072,0.386984,0.624396,31.010000,36.259998,-7.980000,1770370303.875963
0.070028,0.413336,0.939644,29.889999,59.430000,-14.070000,1770370303.884063
0.078080,0.406992,1.182180,28.280001,84.980003,-18.760000,1770370303.892015
0.063196,0.333304,1.391532,24.639999,106.750000,-21.770000,1770370303.899982
0.005124,0.237168,1.544032,24.570000,119.419998,-21.139999,1770370303.908054
-0.072956,0.087596,1.703120,21.420000,119.070000,-12.670000,1770370303.915979
-0.128100,-0.103944,1.953220,24.639999,107.449997,-7.560000,1770370303.924071
-0.228628,-0.336720,2.171844,38.639999,93.660004,0.560000,1770370303.932010
-0.385764,-0.424316,2.168916,41.650002,83.790001,4.480000,1770370303.939974
-0.447740,-0.431148,2.007876,28.280001,77.419998,4.130000,1770370303.947976
-0.478728,-0.374052,1.796572,17.219999,73.989998,6.930000,1770370303.956011
-0.544852,-0.528260,1.733132,0.910000,79.589996,8.960000,1770370303.963986
-0.625372,-0.485072,1.637728,-14.140000,90.720001,10.080000,1770370303.971978
-0.730048,-0.508008,1.534272,-30.730000,101.360001,2.240000,1770370303.979971
-0.826184,-0.446764,1.346636,-40.740002,106.330002,-7.210000,1770370303.988088
-0.902556,-0.407236,1.119716,-48.230000,104.860001,-15.190000,1770370303.995974
-0.948184,-0.204228,0.819596,-49.209999,91.419998,-26.180000,1770370304.003980
-0.952088,-0.054656,0.631228,-41.020000,64.820000,-31.709999,1770370304.012029
-0.937448,-0.050020,0.510448,-44.099998,37.380001,-33.040001,1770370304.019973
-0.893528,-0.040016,0.440664,-42.349998,16.730000,-31.080000,1770370304.027977
-0.833260,-0.044164,0.393572,-35.910000,-0.700000,-29.889999,1770370304.035979
-0.767624,-0.026352,0.335500,-25.410000,-18.200001,-32.900002,1770370304.043973
-0.690520,0.022204,0.268156,-15.330000,-34.720001,-40.669998,1770370304.052058
-0.607316,0.090524,0.200080,-5.880000,-54.110001,-45.080002,1770370304.060204
-0.511180,0.194468,0.129320,0.210000,-73.989998,-49.000000,1770370304.068319
-0.416996,0.273036,0.075640,3.010000,-96.739998,-48.299999,1770370304.076245
-0.313052,0.297924,0.049776,4.760000,-115.360001,-45.919998,1770370304.083994
-0.223016,0.265472,0.052704,4.550000,-132.789993,-42.349998,1770370304.092017
-0.145912,0.194956,0.090768,4.690000,-139.300003,-33.459999,1770370304.099974
-0.077592,0.087840,0.160308,11.130000,-138.669998,-21.559999,1770370304.107967
-0.017812,0.045384,0.241316,19.320000,-127.260002,-12.040000,1770370304.116000
0.017324,-0.021228,0.407236,31.290001,-102.970001,-2.870000,1770370304.123964
0.020984,-0.074420,0.639280,42.980000,-64.330002,-3.640000,1770370304.131982
0.001220,-0.065392,0.897188,53.200001,-13.230000,3.920000,1770370304.140042
-0.050752,-0.093940,1.125328,61.320000,34.930000,4.410000,1770370304.147975
-0.167384,-0.125416,1.299300,72.519997,65.029999,8.610000,1770370304.155980
-0.340380,-0.201788,1.478640,91.279999,77.209999,10.290000,1770370304.164096
-0.564128,-0.214476,1.739964,108.500000,75.669998,8.050000,1770370304.171972
-0.833016,-0.177876,1.981036,106.050003,74.970001,2.030000,1770370304.179972
-0.942084,-0.183732,2.037888,82.669998,64.330002,-11.480000,1770370304.188168
-0.922320,-0.252052,1.997628,55.020000,35.279999,-10.710000,1770370304.196012
-0.877424,-0.334768,1.946876,29.750000,-6.370000,-6.300000,1770370304.203967
-0.824964,-0.378444,1.902956,12.110000,-50.259998,-0.280000,1770370304.212014
-0.744932,-0.345992,1.863672,-5.320000,-84.419998,3.920000,1770370304.219979
-0.639524,-0.275964,1.796084,-20.020000,-103.529999,4.130000,1770370304.228047
-0.508252,-0.200080,1.666032,-35.000000,-111.089996,6.020000,1770370304.235969
-0.380640,-0.121268,1.457168,-46.130001,-109.129997,6.230000,1770370304.244029
-0.273768,-0.058560,1.249036,-55.860001,-103.529999,7.350000,1770370304.251975
-0.181536,-0.000976,1.036268,-58.869999,-95.410004,12.950000,1770370304.260044
-0.115656,0.050264,0.841556,-55.790001,-85.820000,17.920000,1770370304.267983
-0.062220,0.110288,0.683932,-49.770000,-78.330002,29.049999,1770370304.275971
-0.035624,0.179340,0.580232,-42.770000,-69.930000,30.940001,1770370304.283971
-0.017812,0.269620,0.512156,-37.099998,-61.880001,32.619999,1770370304.291995
-0.003416,0.351116,0.457988,-35.209999,-54.810001,32.830002,1770370304.299984
0.002196,0.417484,0.379664,-32.970001,-49.419998,30.730000,1770370304.307974
-0.001220,0.463600,0.290604,-29.820000,-47.459999,28.910000,1770370304.315970
-0.006100,0.491172,0.196664,-25.340000,-45.779999,23.660000,1770370304.323971
-0.005124,0.492880,0.109800,-19.180000,-42.700001,17.850000,1770370304.332077
0.010248,0.469456,0.025132,-9.450000,-38.220001,9.380000,1770370304.339976
0.025132,0.436272,-0.022936,3.010000,-29.049999,4.900000,1770370304.347973
0.040748,0.367464,0.016592,10.360000,-18.900000,-0.910000,1770370304.355975
0.072224,0.400648,0.119072,21.350000,-5.390000,-3.080000,1770370304.363976
0.090768,0.424072,0.318176,31.430000,10.850000,-9.590000,1770370304.371955
0.117364,0.427488,0.630984,34.439999,31.570000,-15.960000,1770370304.380049
0.127124,0.461404,0.992836,33.669998,60.340000,-24.010000,1770370304.388160
0.151036,0.487512,1.240984,28.910000,85.330002,-29.889999,1770370304.395975
0.133468,0.423828,1.406904,25.410000,107.239998,-29.889999,1770370304.404001
0.088816,0.302560,1.542812,21.420000,118.650002,-23.520000,1770370304.412023
0.039284,0.142984,1.658956,15.540000,118.019997,-15.540000,1770370304.419980
0.023180,-0.085644,1.849032,18.760000,100.589996,-2.800000,1770370304.427974
-0.070760,-0.359900,2.095960,31.990000,82.669998,10.640000,1770370304.435959
-0.226432,-0.495564,2.174772,42.000000,81.129997,16.450001,1770370304.444052
-0.295484,-0.427244,2.063508,36.889999,81.900002,11.550000,1770370304.452006
-0.340136,-0.545340,1.931748,17.290001,91.980003,19.879999,1770370304.459982
-0.402112,-0.570960,1.754360,-2.800000,105.980003,24.990000,1770370304.467976
-0.510448,-0.630008,1.671400,-24.570000,119.000000,25.059999,1770370304.476100
-0.659532,-0.629764,1.571116,-40.389999,134.050003,13.790000,1770370304.483971
-0.788852,-0.540948,1.394948,-48.299999,142.589996,2.450000,1770370304.491980
-0.898652,-0.415532,1.164856,-53.900002,142.869995,-5.530000,1770370304.499983
-0.977220,-0.280112,0.907192,-55.580002,129.990005,-13.720000,1770370304.508069
-1.019676,-0.135908,0.648064,-53.900002,103.949997,-16.100000,1770370304.515983
-1.035048,-0.026840,0.457988,-44.660000,74.269997,-18.690001,1770370304.524044
-1.014552,0.020984,0.351848,-35.560001,41.790001,-21.559999,1770370304.532070
-0.959164,0.063684,0.290360,-24.990000,15.190000,-23.379999,1770370304.540007
-0.873032,0.073200,0.251564,-14.280000,-7.910000,-27.020000,1770370304.547977
-0.756888,0.093208,0.197884,-4.410000,-26.670000,-31.990000,1770370304.555975
-0.656116,0.124196,0.138836,3.430000,-46.200001,-34.580002,1770370304.563990
-0.549488,0.180072,0.100284,8.260000,-65.870003,-40.740002,1770370304.572032
-0.438468,0.247416,0.061488,10.780000,-84.839996,-40.389999,1770370304.579978
-0.331352,0.298900,0.040992,13.510000,-103.599998,-40.669998,1770370304.588055
-0.233996,0.279136,0.057584,10.570000,-119.070000,-34.160000,1770370304.595979
-0.155916,0.220820,0.090280,11.900000,-129.570007,-26.040001,1770370304.604142
-0.089304,0.146400,0.149572,13.230000,-130.130005,-15.260000,1770370304.611969
-0.039772,0.064416,0.241804,18.900000,-122.849998,-3.500000,1770370304.619969
-0.005124,0.031964,0.387472,28.209999,-103.389999,-0.490000,1770370304.627970
0.005856,0.020984,0.613172,35.349998,-72.870003,7.630000,1770370304.635978
-0.010492,0.016592,0.891576,38.500000,-30.450001,7.350000,1770370304.644012
-0.056120,0.005856,1.122156,39.970001,14.770000,13.580000,1770370304.652012
-0.165920,-0.056364,1.284660,45.570000,51.799999,15.890000,1770370304.659988
-0.333060,-0.175680,1.437892,59.290001,70.000000,19.180000,1770370304.667984
-0.553636,-0.224724,1.704340,81.059998,74.480003,14.000000,1770370304.675998
-0.859368,-0.218136,1.999092,88.900002,79.589996,0.000000,1770370304.683986
-0.983320,-0.207156,2.066436,76.650002,76.089996,-8.260000,1770370304.691996
-0.990152,-0.258396,1.991040,53.549999,53.270000,-10.710000,1770370304.699984
-0.968436,-0.319640,1.923940,32.549999,7.070000,-4.200000,1770370304.708045
-0.929640,-0.350628,1.858792,10.430000,-42.770000,-0.910000,1770370304.715976
-0.856684,-0.336964,1.794864,-6.370000,-81.550003,1.680000,1770370304.723985
-0.741760,-0.285236,1.711904,-20.650000,-105.279999,5.600000,1770370304.731996
-0.605120,-0.201300,1.597712,-35.349998,-114.029999,0.210000,1770370304.739982
-0.469944,-0.130540,1.447896,-46.200001,-117.739998,0.210000,1770370304.747978
-0.338428,-0.057340,1.271972,-56.910000,-111.230003,0.910000,1770370304.756033
-0.231800,-0.000976,1.070672,-59.430000,-105.489998,3.920000,1770370304.764079
-0.145912,0.039284,0.872788,-59.220001,-101.639999,8.050000,1770370304.771977
-0.071004,0.094672,0.705404,-53.410000,-96.040001,16.450001,1770370304.779978
-0.017080,0.162016,0.576328,-44.799999,-90.510002,25.200001,1770370304.788317
0.009028,0.237168,0.488000,-39.619999,-84.629997,27.719999,1770370304.796063
0.037332,0.298656,0.417972,-35.490002,-77.629997,28.840000,1770370304.803977
0.051240,0.382836,0.348432,-35.630001,-67.059998,27.370001,1770370304.811980
0.058804,0.440664,0.288652,-34.230000,-57.680000,27.230000,1770370304.820113
0.050752,0.485804,0.233264,-34.930000,-47.320000,25.129999,1770370304.827979
0.044896,0.501176,0.155916,-32.340000,-38.009998,19.389999,1770370304.835980
0.042212,0.488000,0.058560,-23.309999,-26.459999,15.260000,1770370304.843976
0.044896,0.450180,-0.013664,-11.130000,-15.260000,10.430000,1770370304.852079
0.046604,0.392108,-0.024644,1.470000,-0.700000,4.830000,1770370304.859974
0.060024,0.349652,0.059048,14.000000,12.040000,-2.380000,1770370304.867981
0.051972,0.278892,0.243512,22.959999,27.930000,-4.060000,1770370304.875963
0.059048,0.323788,0.495320,31.639999,46.270000,-7.840000,1770370304.883980
0.056364,0.350384,0.861320,36.680000,67.900002,-16.379999,1770370304.892047
0.063928,0.361608,1.159488,34.509998,87.989998,-16.520000,1770370304.899978
0.048312,0.305732,1.374940,33.950001,103.879997,-17.639999,1770370304.907972
0.011956,0.212036,1.529636,33.320000,108.639999,-10.220000,1770370304.915980
-0.033184,0.081740,1.631384,31.430000,100.449997,-3.430000,1770370304.924118
-0.067100,-0.103456,1.795596,33.529999,79.870003,6.160000,1770370304.931977
-0.104188,-0.278160,2.010804,44.730000,59.500000,15.680000,1770370304.939979
-0.213744,-0.467748,2.125484,52.709999,53.060001,22.540001,1770370304.948066
-0.268644,-0.513620,2.039352,42.560001,58.799999,26.670000,1770370304.956068
-0.284504,-0.563152,1.897588,25.129999,66.220001,25.340000,1770370304.964016
-0.327448,-0.628300,1.768024,11.130000,81.760002,24.920000,1770370304.971974
-0.425536,-0.641720,1.711660,-2.520000,100.800003,21.840000,1770370304.979977
-0.548512,-0.577548,1.666276,-12.810000,122.989998,8.470000,1770370304.988096
-0.676368,-0.447008,1.568676,-25.900000,140.910004,0.070000,1770370304.995985
-0.805688,-0.309880,1.379332,-36.189999,150.639999,-8.330000,1770370305.003981
-0.892796,-0.171532,1.104100,-45.570000,147.699997,-17.080000,1770370305.011977
-0.957212,-0.038552,0.826184,-50.189999,129.639999,-20.020000,1770370305.020090
-0.999180,0.073444,0.602436,-51.029999,100.449997,-26.040001,1770370305.027984
-1.002352,0.169824,0.480680,-40.669998,71.820000,-25.059999,1770370305.035976
-0.988932,0.139568,0.408456,-39.970001,43.820000,-25.549999,1770370305.043975
-0.939400,0.152988,0.328180,-32.759998,18.969999,-26.180000,1770370305.052022
-0.860832,0.153232,0.263764,-21.980000,-1.120000,-28.629999,1770370305.060329
-0.769576,0.178120,0.203252,-14.560000,-21.770000,-31.219999,1770370305.068272
-0.674172,0.231312,0.136884,-4.760000,-45.009998,-33.810001,1770370305.076173
-0.576328,0.286944,0.088572,-0.630000,-67.550003,-33.250000,1770370305.084111
-0.485316,0.337696,0.044896,1.750000,-91.629997,-31.219999,1770370305.092177
-0.387960,0.353068,0.028548,-0.980000,-114.169998,-26.950001,1770370305.099916
-0.298412,0.287920,0.044164,-4.130000,-128.380005,-22.120001,1770370305.107548
-0.210816,0.185196,0.082960,-7.770000,-138.600006,-16.799999,1770370305.115500
-0.145424,0.082960,0.148108,-4.550000,-139.929993,-7.980000,1770370305.123507
-0.092964,-0.010004,0.224724,0.980000,-132.509995,-0.140000,1770370305.131463
-0.060512,-0.071492,0.368928,12.740000,-114.239998,5.110000,1770370305.139361
-0.052948,-0.103700,0.601216,25.410000,-76.019997,5.810000,1770370305.147413
-0.072224,-0.108092,0.884988,36.889999,-29.049999,7.070000,1770370305.155384
-0.121024,-0.121024,1.116544,43.189999,16.870001,8.050000,1770370305.163365
-0.239608,-0.171044,1.299300,53.759998,47.740002,5.250000,1770370305.171360
-0.403820,-0.219356,1.491816,68.739998,59.500000,6.370000,1770370305.179355
-0.615856,-0.218624,1.758020,84.000000,57.820000,0.000000,1770370305.187351
-0.845460,-0.182512,2.021296,83.510002,53.270000,-3.710000,1770370305.195416
-0.935008,-0.201300,2.094252,63.840000,44.730000,-15.260000,1770370305.203355
-0.887916,-0.282308,2.036912,35.630001,16.870001,-12.600000,1770370305.211375
-0.843996,-0.369904,1.979816,16.240000,-28.700001,-8.890000,1770370305.219346
-0.785924,-0.418460,1.909544,0.420000,-68.599998,-3.710000,1770370305.227425
-0.696376,-0.406992,1.838784,-14.770000,-95.970001,-2.030000,1770370305.235359
-0.581208,-0.332328,1.743868,-26.250000,-112.349998,-4.410000,1770370305.243350
-0.446764,-0.232044,1.605764,-39.340000,-117.389999,-0.840000,1770370305.251357
-0.315980,-0.130540,1.425204,-51.799999,-114.870003,-3.290000,1770370305.259348
-0.214964,-0.052460,1.218780,-59.570000,-109.129997,-1.820000,1770370305.267366
-0.120780,0.005612,0.999180,-62.090000,-102.199997,3.220000,1770370305.275378
-0.053436,0.061488,0.804468,-58.520000,-97.160004,9.380000,1770370305.283355
-0.003172,0.122976,0.645624,-51.869999,-88.970001,18.690001,1770370305.291401
0.042212,0.201788,0.533384,-43.750000,-80.919998,25.200001,1770370305.299398
0.069540,0.281820,0.464088,-36.959999,-70.980003,28.559999,1770370305.307361
0.083936,0.345260,0.398696,-34.299999,-59.150002,31.850000,1770370305.315356
0.082228,0.403576,0.334036,-32.340000,-46.200001,29.959999,1770370305.323347
0.077836,0.450668,0.273768,-32.410000,-35.419998,30.730000,1770370305.331400
0.072224,0.481168,0.226188,-28.559999,-23.520000,25.760000,1770370305.339362
0.056852,0.479460,0.188368,-23.309999,-13.020000,21.980000,1770370305.347355
0.050752,0.447496,0.144692,-14.700000,-3.080000,18.340000,1770370305.355364
0.042212,0.382592,0.097356,-1.120000,5.950000,13.230000,1770370305.363361
0.036600,0.268400,0.087840,8.330000,14.630000,7.910000,1770370305.371349
0.036112,0.306952,0.128832,21.209999,22.610001,5.320000,1770370305.379400
0.037332,0.307196,0.288652,32.480000,32.410000,-3.290000,1770370305.387359
0.035136,0.307684,0.552416,39.200001,47.459999,-9.450000,1770370305.395366
0.025864,0.336232,0.868884,39.759998,66.150002,-16.170000,1770370305.403417
0.037332,0.354776,1.156560,36.119999,88.339996,-20.440001,1770370305.411364
0.040016,0.301096,1.357860,35.070000,107.099998,-20.090000,1770370305.419357
0.017568,0.180560,1.509872,31.290001,116.690002,-18.129999,1770370305.427365
-0.010248,0.043920,1.662372,30.660000,112.209999,-6.650000,1770370305.435362
-0.019764,-0.144448,1.869528,32.689999,91.910004,-0.700000,1770370305.443405
-0.078080,-0.339160,2.085224,47.389999,73.150002,14.140000,1770370305.451408
-0.177876,-0.470432,2.160864,51.099998,69.930000,26.459999,1770370305.459355
-0.259372,-0.526064,2.081564,43.540001,74.760002,32.619999,1770370305.467373
-0.311344,-0.586820,1.921256,28.070000,83.650002,35.980000,1770370305.475354
-0.393572,-0.630496,1.795840,12.460000,98.070000,40.040001,1770370305.483366
-0.530456,-0.628788,1.728740,-3.920000,118.720001,30.170000,1770370305.491398
-0.666608,-0.536068,1.631872,-20.230000,138.110001,17.639999,1770370305.499358
-0.804224,-0.406992,1.467904,-35.560001,152.529999,4.480000,1770370305.507364
-0.911096,-0.265472,1.219512,-46.759998,156.589996,-10.430000,1770370305.515364
-0.984296,-0.125904,0.913780,-54.320000,142.309998,-16.170000,1770370305.523386
-1.028460,0.006344,0.662948,-53.549999,116.199997,-17.639999,1770370305.531372
-1.051884,0.092720,0.504836,-48.439999,80.989998,-21.490000,1770370305.539354
-1.038220,0.149572,0.417484,-42.139999,47.599998,-23.030001,1770370305.547369
-0.973804,0.164700,0.355264,-32.619999,16.170000,-22.469999,1770370305.555385
-0.893040,0.172264,0.288896,-25.340000,-10.570000,-24.360001,1770370305.563362
-0.783484,0.176656,0.227408,-19.459999,-33.880001,-28.559999,1770370305.571412
-0.673928,0.200324,0.156648,-14.770000,-57.189999,-32.130001,1770370305.579358
-0.576328,0.245952,0.092476,-11.970000,-78.750000,-34.160000,1770370305.587366
-0.473848,0.302560,0.042944,-12.880000,-99.540001,-38.080002,1770370305.595420
-0.364292,0.338916,0.010248,-13.580000,-117.809998,-36.119999,1770370305.603357
-0.268156,0.315980,-0.000976,-17.990000,-132.229996,-33.599998,1770370305.611357
-0.188124,0.242048,0.008296,-21.000000,-138.669998,-28.070000,1770370305.619345
-0.114924,0.158844,0.050996,-19.530001,-140.279999,-19.879999,1770370305.627383
-0.061976,0.063684,0.130296,-10.220000,-132.929993,-12.600000,1770370305.635342
-0.020008,-0.015372,0.257664,3.430000,-114.800003,-2.030000,1770370305.643408
-0.006100,-0.081740,0.465308,21.209999,-83.930000,0.420000,1770370305.651380
-0.018788,-0.128100,0.719800,37.450001,-38.430000,2.450000,1770370305.659355
-0.051972,-0.155916,0.981856,52.220001,14.140000,4.130000,1770370305.667369
-0.152256,-0.179096,1.219268,64.120003,59.009998,6.790000,1770370305.675371
-0.306952,-0.231556,1.416664,77.839996,84.139999,5.670000,1770370305.683364
-0.505324,-0.296704,1.639436,94.639999,87.919998,9.940000,1770370305.691418
-0.751276,-0.282308,1.825608,110.180000,74.900002,11.550000,1770370305.699362
-0.962336,-0.243512,1.957856,98.629997,57.889999,6.580000,1770370305.707367
-0.990884,-0.260104,1.981768,72.169998,26.459999,-1.820000,1770370305.715361
-0.886940,-0.329156,1.984696,42.419998,-15.260000,2.100000,1770370305.723365
-0.796416,-0.395280,1.987136,16.100000,-61.529999,8.470000,1770370305.731371
-0.707600,-0.425292,1.957124,-1.120000,-97.160004,9.660000,1770370305.739354
-0.585600,-0.360632,1.904420,-15.890000,-114.870003,6.720000,1770370305.747346
-0.430904,-0.266936,1.812676,-27.370001,-120.260002,4.480000,1770370305.755368
-0.281820,-0.167872,1.640656,-38.779999,-117.110001,0.910000,1770370305.763402
-0.156648,-0.081984,1.414712,-49.070000,-109.410004,4.760000,1770370305.771411
-0.060512,-0.015616,1.184620,-55.930000,-100.029999,5.880000,1770370305.779357
0.009760,0.034160,0.971364,-56.070000,-89.389999,11.760000,1770370305.787366
0.068808,0.089792,0.775920,-52.639999,-78.820000,20.090000,1770370305.795415
0.106140,0.142740,0.639036,-48.090000,-69.089996,26.110001,1770370305.803349
0.129564,0.203740,0.527284,-44.240002,-56.770000,30.309999,1770370305.811989
0.130540,0.262788,0.457500,-41.790001,-44.520000,32.970001,1770370305.819980
0.122244,0.319396,0.392352,-38.919998,-30.379999,35.209999,1770370305.827973
0.111996,0.380152,0.342088,-38.430000,-16.030001,33.250000,1770370305.835976
0.088816,0.431636,0.295728,-33.950001,-5.600000,31.290001,1770370305.844045
0.062464,0.482144,0.247172,-31.570000,6.300000,25.900000,1770370305.852003
0.042944,0.498736,0.171532,-26.670000,17.080000,20.510000,1770370305.859983
0.026108,0.489464,0.103700,-14.210000,25.480000,15.820000,1770370305.867970
0.014884,0.426756,0.081008,-2.030000,36.119999,10.220000,1770370305.875970
0.000000,0.415776,0.103700,10.780000,45.849998,5.950000,1770370305.884004
-0.010492,0.421876,0.222284,24.920000,55.860001,-3.150000,1770370305.892043
-0.017080,0.446032,0.437980,33.740002,66.150002,-9.030000,1770370305.899980
-0.036844,0.477508,0.725412,37.169998,77.629997,-14.980000,1770370305.908060
-0.042944,0.522892,1.006744,36.540001,93.449997,-27.090000,1770370305.915975
-0.065148,0.481900,1.258796,36.889999,106.889999,-30.100000,1770370305.924120
-0.112240,0.373076,1.445700,36.750000,118.230003,-30.590000,1770370305.931973
-0.178852,0.236436,1.608204,37.939999,119.279999,-21.280001,1770370305.939974
-0.227408,0.073932,1.779248,34.230000,102.339996,-15.190000,1770370305.947979
-0.282064,-0.147132,1.977620,39.759998,82.110001,-5.530000,1770370305.955982
-0.340136,-0.247172,2.088640,50.750000,64.330002,1.470000,1770370305.964009
-0.407968,-0.356240,2.059604,44.099998,61.320000,7.840000,1770370305.971990
-0.417484,-0.420168,1.925648,24.360001,64.260002,16.100000,1770370305.979976
-0.440420,-0.550952,1.776076,1.260000,71.889999,23.100000,1770370305.987981
-0.508740,-0.684908,1.696532,-17.360001,85.680000,23.309999,1770370305.996107
-0.609024,-0.747860,1.626504,-33.669998,103.669998,17.709999,1770370306.003960
-0.731024,-0.694668,1.498892,-44.380001,120.050003,9.310000,1770370306.011982
-0.853512,-0.557784,1.311256,-50.889999,127.050003,-1.470000,1770370306.019974
-0.920368,-0.396744,1.056764,-56.840000,122.639999,-7.420000,1770370306.027968
-0.959164,-0.204228,0.790804,-58.450001,104.019997,-15.540000,1770370306.035976
-0.988688,-0.092476,0.613172,-51.939999,74.900002,-18.900000,1770370306.043993
-0.990640,-0.008296,0.498736,-43.189999,46.480000,-24.150000,1770370306.051978
-0.951112,0.003660,0.438468,-32.759998,18.549999,-24.709999,1770370306.060606
-0.880352,0.016348,0.370880,-21.350000,-3.430000,-28.070000,1770370306.068705
-0.791048,0.045628,0.293044,-14.770000,-21.350000,-32.970001,1770370306.076236
-0.696132,0.070516,0.208864,-7.980000,-41.439999,-38.849998,1770370306.084006
-0.605852,0.120048,0.138348,-4.480000,-61.110001,-44.099998,1770370306.092226
-0.511424,0.177876,0.088328,-4.550000,-77.769997,-49.000000,1770370306.099983
-0.416264,0.219844,0.065392,-3.920000,-94.150002,-49.279999,1770370306.107967
-0.314516,0.217404,0.062220,-4.690000,-107.940002,-46.340000,1770370306.115979
-0.235216,0.171532,0.075640,-4.830000,-116.480003,-42.209999,1770370306.123988
-0.173240,0.109068,0.108824,-0.980000,-120.470001,-31.920000,1770370306.132003
-0.135420,0.050752,0.176168,10.850000,-117.180000,-24.150000,1770370306.139970
-0.108092,0.004880,0.289384,26.389999,-103.389999,-11.410000,1770370306.147964
-0.108092,-0.019276,0.479948,42.980000,-76.440002,-5.880000,1770370306.156017
-0.141764,-0.024400,0.723704,57.330002,-37.029999,-0.070000,1770370306.163973
-0.200812,-0.025376,0.982832,61.389999,5.880000,-0.210000,1770370306.172028
-0.309880,-0.045384,1.184620,64.610001,39.480000,0.280000,1770370306.179974
-0.465308,-0.117364,1.319552,73.989998,57.610001,3.570000,1770370306.187978
-0.643428,-0.216428,1.412028,88.550003,55.790001,1.960000,1770370306.196020
-0.848144,-0.252784,1.511336,100.519997,43.189999,1.540000,1770370306.203969
-1.039440,-0.257908,1.654808,98.980003,28.490000,-6.440000,1770370306.211984
-1.082628,-0.269864,1.769244,81.550003,12.040000,-15.050000,1770370306.220082
-0.986492,-0.323788,1.857328,53.970001,-16.940001,-13.930000,1770370306.228072
-0.856684,-0.381616,1.909300,29.889999,-54.740002,-7.420000,1770370306.235978
-0.723460,-0.399916,1.924916,9.660000,-90.300003,-1.050000,1770370306.243955
-0.585112,-0.362828,1.884900,-8.890000,-117.599998,2.520000,1770370306.251986
-0.446764,-0.282308,1.801940,-27.020000,-128.940002,2.310000,1770370306.260082
-0.315248,-0.185928,1.649196,-41.090000,-128.940002,3.710000,1770370306.267971
-0.196176,-0.099064,1.464732,-53.970001,-122.150002,4.060000,1770370306.275970
-0.103944,-0.022448,1.251232,-63.139999,-113.260002,8.260000,1770370306.283979
-0.031964,0.037332,1.030656,-65.029999,-100.940002,12.740000,1770370306.292216
0.019032,0.095404,0.816424,-62.299999,-90.089996,22.330000,1770370306.299980
0.042700,0.162016,0.644404,-52.220001,-78.750000,28.840000,1770370306.307963
0.044164,0.224724,0.512888,-43.470001,-64.610001,33.320000,1770370306.315973
0.043432,0.305000,0.420900,-35.630001,-53.759998,33.880001,1770370306.323971
0.046360,0.386252,0.358924,-28.209999,-43.119999,29.820000,1770370306.332065
0.038064,0.477752,0.302804,-25.340000,-33.810001,30.520000,1770370306.340003
0.023912,0.539972,0.256688,-24.570000,-25.760000,21.209999,1770370306.347968
0.010004,0.579500,0.205692,-20.650000,-15.680000,16.240000,1770370306.355969
-0.001708,0.554612,0.136152,-18.410000,-4.900000,10.850000,1770370306.363965
-0.000244,0.562420,0.038552,-13.160000,4.270000,3.990000,1770370306.371981
0.000488,0.521672,-0.011956,-0.770000,13.370000,0.630000,1770370306.380127
0.009516,0.493856,0.009272,12.110000,22.190001,-7.140000,1770370306.387981
-0.002928,0.453596,0.130296,20.230000,32.130001,-8.120000,1770370306.395994
-0.004392,0.469700,0.323300,28.840000,42.139999,-13.300000,1770370306.403971
-0.007808,0.480924,0.620492,32.619999,55.790001,-21.139999,1770370306.411992
-0.003660,0.468724,0.976976,31.920000,72.870003,-28.629999,1770370306.419983
-0.010736,0.429684,1.248060,27.370001,90.580002,-32.689999,1770370306.427977
-0.040748,0.314516,1.474004,28.070000,107.449997,-27.650000,1770370306.435975
-0.092964,0.176412,1.626260,27.090000,114.940002,-21.629999,1770370306.443974
-0.136640,-0.000732,1.772660,25.200001,101.360001,-13.020000,1770370306.452006
-0.172264,-0.233264,2.037156,30.870001,76.019997,2.660000,1770370306.459981
-0.260592,-0.466528,2.293356,44.240002,62.509998,18.059999,1770370306.467977
-0.325008,-0.439200,2.273348,52.570000,55.369999,17.500000,1770370306.475985
-0.335256,-0.444568,2.101084,39.549999,59.290001,17.709999,1770370306.484072
-0.345260,-0.458720,1.848544,22.190001,73.430000,26.600000,1770370306.491980
-0.399428,-0.547292,1.694824,-3.080000,91.699997,30.520000,1770370306.499993
-0.505324,-0.568032,1.581852,-25.410000,110.949997,24.080000,1770370306.507991
-0.648796,-0.536556,1.472540,-40.740002,130.550003,14.560000,1770370306.516067
-0.779092,-0.437004,1.321992,-51.380001,141.190002,6.860000,1770370306.524012
-0.900116,-0.303780,1.092388,-58.799999,139.649994,-1.610000,1770370306.531984
-0.979660,-0.181780,0.823988,-61.389999,121.660004,-8.750000,1770370306.539978
-1.024556,-0.071980,0.598044,-59.570000,95.620003,-12.460000,1770370306.547984
-1.048468,-0.012688,0.445300,-51.730000,63.910000,-14.630000,1770370306.556013
-1.028460,0.004148,0.354044,-41.020000,33.740002,-18.549999,1770370306.563983
-0.963068,0.018544,0.275232,-31.290001,6.720000,-23.590000,1770370306.572036
-0.869128,0.040260,0.206424,-19.530001,-17.990000,-30.379999,1770370306.579994
-0.766892,0.081740,0.129320,-11.900000,-41.439999,-41.090000,1770370306.588144
-0.656848,0.151768,0.072224,-6.020000,-63.630001,-45.360001,1770370306.595998
-0.536556,0.228872,0.042700,-2.660000,-84.070000,-47.810001,1770370306.604017
-0.431148,0.268644,0.028060,-0.770000,-103.529999,-47.950001,1770370306.612034
-0.334280,0.249368,0.032452,-2.800000,-118.790001,-45.919998,1770370306.619962
-0.253272,0.187636,0.060512,0.140000,-126.489998,-37.660000,1770370306.627969
-0.178608,0.117364,0.116632,5.460000,-130.270004,-26.320000,1770370306.636005
-0.122000,0.059048,0.207400,13.860000,-126.070000,-14.630000,1770370306.644029
-0.079056,0.012444,0.341112,28.280001,-113.540001,-5.180000,1770370306.652000
-0.067832,-0.020252,0.545584,42.560001,-87.220001,3.010000,1770370306.659980
-0.088816,-0.027084,0.814716,52.570000,-47.880001,4.480000,1770370306.667973
-0.131272,-0.030988,1.066036,59.779999,-3.220000,10.290000,1770370306.675963
-0.225944,-0.061976,1.259040,67.550003,33.950001,11.970000,1770370306.683996
-0.369172,-0.159332,1.383236,82.110001,52.220001,13.650000,1770370306.692142
-0.548024,-0.243756,1.506944,101.430000,54.040001,16.940001,1770370306.699991
-0.790560,-0.239608,1.707268,113.610001,47.180000,10.290000,1770370306.707971
-0.963068,-0.237656,1.885876,101.639999,43.049999,-3.290000,1770370306.715988
-0.980148,-0.274744,1.970056,73.779999,28.629999,-9.240000,1770370306.724105
-0.901824,-0.351848,1.986160,43.889999,-2.240000,-7.210000,1770370306.731996
-0.834480,-0.431636,1.961272,14.070000,-43.889999,-5.320000,1770370306.740036
-0.737612,-0.445056,1.912716,-7.350000,-83.720001,-0.910000,1770370306.747975
-0.626348,-0.393328,1.848056,-21.209999,-113.400002,2.660000,1770370306.755966
-0.505080,-0.292800,1.741184,-35.700001,-125.720001,4.270000,1770370306.763981
-0.386740,-0.188368,1.566480,-47.459999,-129.500000,4.550000,1770370306.772071
-0.269864,-0.092476,1.352980,-57.889999,-124.459999,8.190000,1770370306.780017
-0.176168,-0.008296,1.118984,-58.869999,-116.620003,9.520000,1770370306.787979
-0.088328,0.060268,0.900848,-54.950001,-107.940002,15.330000,1770370306.796282
-0.025376,0.139324,0.733952,-47.880001,-99.190002,24.010000,1770370306.804010
0.018788,0.217404,0.606584,-37.240002,-91.070000,28.280001,1770370306.811975
0.044164,0.309880,0.523624,-31.219999,-79.940002,30.730000,1770370306.819976
0.068076,0.393816,0.473848,-27.580000,-69.089996,29.400000,1770370306.827977
0.081252,0.468724,0.417972,-27.230000,-57.119999,27.510000,1770370306.836047
0.086376,0.551440,0.351604,-28.139999,-46.759998,24.219999,1770370306.843970
0.082716,0.603168,0.279624,-27.860001,-37.099998,19.389999,1770370306.851977
0.070760,0.618052,0.193736,-26.180000,-26.459999,13.300000,1770370306.859971
0.057340,0.599752,0.083692,-22.400000,-14.700000,7.140000,1770370306.867982
0.055876,0.556076,-0.000732,-14.420000,-1.470000,3.710000,1770370306.875966
0.052704,0.504836,-0.038308,-2.660000,12.740000,-2.170000,1770370306.884048
0.054168,0.458720,0.007320,8.890000,27.230000,-7.280000,1770370306.891973
0.052948,0.424072,0.146156,20.860001,42.840000,-13.020000,1770370306.900146
0.044896,0.418460,0.386740,28.420000,56.700001,-17.709999,1770370306.907966
0.018788,0.430660,0.725656,32.200001,76.370003,-23.170000,1770370306.915976
0.023180,0.424316,1.038464,29.330000,96.459999,-29.680000,1770370306.923975
0.007808,0.376736,1.289784,28.840000,113.610001,-28.770000,1770370306.931980
-0.037088,0.261324,1.512068,26.250000,124.320000,-27.510000,1770370306.939985
-0.107116,0.124684,1.619184,24.990000,120.959999,-15.610000,1770370306.948067
-0.150792,-0.026840,1.758752,28.000000,99.540001,-8.330000,1770370306.956132
-0.192516,-0.309392,2.064484,42.279999,72.379997,5.110000,1770370306.963971
-0.298412,-0.421388,2.212348,56.419998,62.020000,18.480000,1770370306.971974
-0.361852,-0.457012,2.153544,50.330002,60.340000,22.190001,1770370306.979975
-0.380396,-0.498248,1.969812,27.440001,64.050003,26.040001,1770370306.988057
-0.401624,-0.581208,1.779492,5.670000,75.110001,31.290001,1770370306.996009
-0.456036,-0.650748,1.661884,-14.210000,90.510002,29.610001,1770370307.003997
-0.569252,-0.665876,1.594296,-28.209999,108.500000,20.160000,1770370307.011976
-0.698572,-0.570716,1.504748,-38.430000,124.879997,13.230000,1770370307.019973
-0.821792,-0.438224,1.348344,-46.410000,131.740005,3.430000,1770370307.028052
-0.912316,-0.265472,1.097756,-55.230000,127.750000,-1.260000,1770370307.035978
-0.962824,-0.115412,0.806908,-59.639999,109.970001,-9.380000,1770370307.043986
-0.986736,-0.006100,0.570472,-60.549999,81.690002,-12.110000,1770370307.051976
-0.993568,0.055632,0.422608,-53.130001,53.270000,-17.080000,1770370307.060131
-0.947696,0.086376,0.330132,-42.560001,27.860001,-22.120001,1770370307.068237
-0.883036,0.094916,0.274012,-28.209999,4.550000,-25.340000,1770370307.076470
-0.797148,0.100528,0.221796,-18.480000,-12.810000,-31.219999,1770370307.084042
-0.701012,0.131028,0.162748,-7.770000,-29.330000,-39.549999,1770370307.092029
-0.588772,0.187148,0.103944,0.770000,-49.279999,-45.500000,1770370307.100102
-0.484584,0.253516,0.067344,6.860000,-67.339996,-45.570000,1770370307.108063
-0.379664,0.303780,0.048068,9.450000,-87.290001,-42.209999,1770370307.116040
-0.281088,0.297192,0.052460,8.260000,-105.839996,-39.200001,1770370307.124001
-0.199348,0.212036,0.080764,4.130000,-117.739998,-30.030001,1770370307.131984
-0.136396,0.130784,0.112728,2.660000,-122.500000,-19.809999,1770370307.139978
-0.082716,0.051972,0.175680,9.030000,-120.680000,-11.270000,1770370307.147984
-0.040748,-0.009028,0.278160,18.059999,-110.529999,-0.700000,1770370307.155980
-0.032696,-0.042700,0.466528,26.389999,-85.889999,6.510000,1770370307.164055
-0.044896,-0.060268,0.722484,37.099998,-49.070000,8.540000,1770370307.172021
-0.076616,-0.072224,0.982588,41.860001,-5.460000,11.410000,1770370307.180016
-0.160796,-0.106628,1.216828,48.230000,36.189999,12.110000,1770370307.187985
-0.315248,-0.171532,1.409100,59.080002,64.120003,12.880000,1770370307.195979
-0.515328,-0.235216,1.591856,73.919998,76.790001,6.580000,1770370307.204050
-0.736636,-0.246196,1.805844,89.320000,77.349998,1.400000,1770370307.211994
-0.947208,-0.256200,1.940776,86.099998,71.540001,-6.510000,1770370307.220569
-0.994056,-0.287432,1.950048,68.669998,56.560001,-12.460000,1770370307.227968
-0.939156,-0.349408,1.950048,43.189999,20.160000,-9.100000,1770370307.235983
-0.893284,-0.403332,1.955660,18.830000,-25.900000,-3.850000,1770370307.243970
-0.827404,-0.426512,1.924428,-3.220000,-66.010002,0.980000,1770370307.251973
-0.730780,-0.384300,1.874652,-16.799999,-89.320000,-0.910000,1770370307.259959
-0.609268,-0.287188,1.776076,-27.860001,-98.489998,-2.590000,1770370307.267960
-0.474336,-0.176900,1.621136,-39.480000,-98.699997,-0.840000,1770370307.275995
-0.366976,-0.065880,1.430084,-49.000000,-91.629997,-3.150000,1770370307.284142
-0.275476,0.030988,1.216340,-57.189999,-82.599998,-1.470000,1770370307.291973
-0.205448,0.104676,0.993812,-59.639999,-74.410004,3.010000,1770370307.299991
-0.150548,0.166896,0.786412,-55.090000,-67.059998,9.940000,1770370307.308072
-0.111264,0.239608,0.620736,-48.020000,-61.180000,17.360001,1770370307.315985
-0.087840,0.312808,0.497516,-40.880001,-55.439999,22.540001,1770370307.323971
-0.065636,0.398208,0.391864,-36.540001,-53.200001,22.120001,1770370307.331973
-0.049288,0.473116,0.334280,-33.110001,-48.439999,21.629999,1770370307.340004
-0.035624,0.542656,0.286456,-35.139999,-45.290001,19.600000,1770370307.347964
-0.033184,0.592188,0.239852,-35.560001,-41.650002,16.799999,1770370307.356034
-0.037820,0.610244,0.177144,-36.680000,-35.910000,14.910000,1770370307.363977
-0.036112,0.589016,0.103212,-30.870001,-27.020000,8.960000,1770370307.371956
-0.028792,0.547780,0.015616,-22.750000,-18.200001,5.250000,1770370307.379975
-0.022692,0.459696,-0.034892,-14.000000,-10.150000,1.680000,1770370307.387981
-0.010492,0.426268,-0.023912,1.330000,0.420000,0.420000,1770370307.396074
-0.003416,0.371124,0.102724,14.980000,8.820000,-4.620000,1770370307.403988
0.003172,0.331108,0.331596,26.740000,23.520000,-7.350000,1770370307.411983
-0.006344,0.325984,0.642452,33.320000,40.389999,-14.140000,1770370307.419980
-0.004880,0.320128,0.997472,34.650002,55.930000,-20.160000,1770370307.427979
0.007320,0.280112,1.254160,38.430000,70.980003,-21.840000,1770370307.436009
-0.008296,0.202520,1.438624,40.320000,79.660004,-16.100000,1770370307.443978
-0.046360,0.084180,1.568676,37.520000,79.870003,-9.380000,1770370307.451973
-0.085644,-0.065148,1.733864,35.419998,68.250000,6.790000,1770370307.459972
-0.109800,-0.274500,1.974448,43.750000,48.790001,22.540001,1770370307.467973
-0.180804,-0.445544,2.149640,53.130001,40.599998,40.040001,1770370307.475981
-0.259616,-0.529968,2.145980,47.529999,45.919998,45.779999,1770370307.483993
-0.289140,-0.583892,2.000800,28.910000,56.139999,42.279999,1770370307.491982
-0.325252,-0.666120,1.814628,8.960000,72.589996,41.509998,1770370307.499983
-0.398452,-0.727852,1.684820,-4.760000,96.459999,36.889999,1770370307.507966
-0.515084,-0.668560,1.606252,-16.870001,119.209999,30.870001,1770370307.515974
-0.665876,-0.561688,1.537444,-31.850000,140.139999,14.350000,1770370307.524010
-0.809592,-0.408212,1.394216,-44.310001,151.619995,5.670000,1770370307.531981
-0.914756,-0.277184,1.181692,-52.639999,150.220001,-4.270000,1770370307.539975
-0.979904,-0.085888,0.913536,-54.040001,129.850006,-13.020000,1770370307.547968
-1.010892,0.066612,0.677832,-50.400002,98.209999,-15.960000,1770370307.555957
-1.022360,0.151036,0.511424,-47.669998,64.050003,-22.260000,1770370307.563998
-0.983076,0.212768,0.424072,-39.340000,32.759998,-23.379999,1770370307.572055
-0.919880,0.225456,0.370880,-31.639999,7.700000,-24.010000,1770370307.579973
-0.840092,0.218868,0.310124,-23.240000,-13.370000,-25.969999,1770370307.588061
-0.747128,0.217160,0.247904,-17.430000,-30.309999,-28.209999,1770370307.596012
-0.647332,0.243268,0.169580,-14.000000,-48.860001,-32.480000,1770370307.603983
-0.547292,0.289628,0.114192,-7.910000,-68.110001,-33.040001,1770370307.611977
-0.445056,0.332816,0.075396,-5.740000,-87.639999,-31.360001,1770370307.620005
-0.353556,0.325008,0.069052,-5.250000,-104.930000,-25.969999,1770370307.628094
-0.279868,0.240340,0.092720,-6.020000,-118.230003,-19.670000,1770370307.635999
-0.204960,0.140544,0.119316,-8.330000,-127.470001,-10.220000,1770370307.643999
-0.151280,0.041724,0.171044,-2.800000,-128.940002,-3.500000,1770370307.652075
-0.108336,-0.036356,0.238388,6.860000,-123.480003,8.190000,1770370307.659968
-0.086620,-0.088084,0.360144,25.760000,-105.769997,13.790000,1770370307.668061
-0.106140,-0.110776,0.582428,41.090000,-72.309998,19.180000,1770370307.675959
-0.128832,-0.103456,0.849852,54.740002,-28.490000,18.480000,1770370307.683973
-0.187392,-0.110776,1.092876,61.740002,16.940001,15.330000,1770370307.692123
-0.307928,-0.147132,1.314428,70.769997,46.830002,13.440000,1770370307.699994
-0.489952,-0.185928,1.506456,81.900002,59.639999,11.410000,1770370307.707965
-0.707356,-0.184708,1.723616,96.529999,57.119999,6.720000,1770370307.715962
-0.926956,-0.157136,1.960052,93.309998,47.950001,-1.470000,1770370307.723981
-1.030412,-0.179828,2.030324,73.080002,32.759998,-13.510000,1770370307.732499
-0.966484,-0.268156,2.017392,43.400002,0.210000,-15.540000,1770370307.740010
-0.871568,-0.346236,2.003484,22.889999,-47.250000,-16.100000,1770370307.748136
-0.758840,-0.401136,1.947120,2.730000,-89.599998,-9.590000,1770370307.755971
-0.622200,-0.400648,1.883680,-12.880000,-118.160004,-4.550000,1770370307.763972
-0.475068,-0.332816,1.785348,-26.670000,-134.960007,-8.750000,1770370307.772057
-0.322568,-0.234484,1.652368,-38.919998,-135.800003,-4.410000,1770370307.779987
-0.182024,-0.125172,1.474736,-51.799999,-129.009995,-3.710000,1770370307.787971
-0.063684,-0.030988,1.261724,-58.240002,-117.739998,-2.800000,1770370307.795980
0.022692,0.025864,1.030168,-62.790001,-105.699997,6.790000,1770370307.804052
0.092476,0.074420,0.803248,-56.700001,-92.959999,15.260000,1770370307.812008
0.129076,0.133712,0.620004,-48.509998,-79.660004,26.110001,1770370307.819980
0.147620,0.205448,0.502152,-40.250000,-66.220001,31.780001,1770370307.827974
0.158600,0.281332,0.426268,-33.880001,-52.080002,38.150002,1770370307.835980
0.155672,0.345260,0.368440,-31.219999,-35.770000,39.270000,1770370307.843979
0.141764,0.406992,0.310612,-31.430000,-18.549999,37.380001,1770370307.852019
0.110776,0.456524,0.264252,-34.580002,-2.030000,34.439999,1770370307.859971
0.072712,0.485560,0.225212,-33.529999,13.720000,30.030001,1770370307.867968
0.041480,0.489220,0.179828,-31.430000,30.030001,27.580000,1770370307.875960
0.017080,0.466772,0.124196,-24.010000,40.669998,23.799999,1770370307.883988
-0.009272,0.422120,0.072712,-12.460000,51.380001,17.150000,1770370307.892142
-0.032696,0.376980,0.057584,3.990000,57.119999,14.770000,1770370307.900240
-0.052216,0.357704,0.121268,15.400000,62.930000,12.320000,1770370307.907974
-0.083936,0.366000,0.270352,27.860001,71.120003,3.710000,1770370307.916033
-0.102236,0.372344,0.515084,28.770000,77.559998,1.330000,1770370307.923975
-0.118340,0.408212,0.781776,28.350000,88.550003,-5.390000,1770370307.931979
-0.135176,0.442128,1.045784,28.980000,99.400002,-13.370000,1770370307.940138
-0.168360,0.382836,1.295884,26.320000,110.879997,-14.700000,1770370307.948054
-0.219356,0.285724,1.487668,27.230000,112.559998,-11.270000,1770370307.955974
-0.288896,0.167384,1.656028,28.070000,102.900002,-2.590000,1770370307.963975
-0.365756,0.003416,1.843664,26.459999,80.709999,4.340000,1770370307.971980
-0.404552,-0.188124,1.991772,32.410000,58.169998,13.440000,1770370307.980072
-0.447496,-0.319640,2.038620,36.189999,43.959999,19.250000,1770370307.987977
-0.470920,-0.379664,1.954196,29.330000,37.240002,21.209999,1770370307.995977
-0.457256,-0.466040,1.816092,13.650000,39.130001,22.330000,1770370308.003992
-0.472140,-0.573156,1.711904,-0.560000,54.250000,26.879999,1770370308.012011
-0.551928,-0.676368,1.687260,-13.790000,75.809998,25.129999,1770370308.019981
-0.665876,-0.694180,1.667740,-28.629999,97.230003,14.140000,1770370308.027973
-0.762256,-0.610488,1.579168,-43.889999,116.339996,3.570000,1770370308.035975
-0.849608,-0.457744,1.364936,-55.860001,122.220001,-6.440000,1770370308.043989
-0.897188,-0.277916,1.064816,-61.740002,113.120003,-12.460000,1770370308.051979
-0.934276,-0.117120,0.779336,-60.200001,87.150002,-15.750000,1770370308.060557
-0.959408,0.002440,0.588284,-52.990002,58.660000,-17.780001,1770370308.068450
-0.945500,0.061488,0.498980,-43.330002,33.040001,-21.700001,1770370308.076352
-0.900360,0.076372,0.448960,-36.750000,11.060000,-19.670000,1770370308.083998
-0.838384,0.086376,0.380640,-28.700001,-7.770000,-22.820000,1770370308.092049
-0.762500,0.090036,0.307928,-23.799999,-24.360001,-23.590000,1770370308.100004
-0.670024,0.107360,0.238876,-17.010000,-41.090000,-26.530001,1770370308.107978
-0.582672,0.151280,0.159088,-13.090000,-59.779999,-31.639999,1770370308.116054
-0.491904,0.197152,0.090524,-9.450000,-80.080002,-32.689999,1770370308.123968
-0.401624,0.223748,0.039040,-7.490000,-99.610001,-35.700001,1770370308.131982
-0.304024,0.216184,0.027084,-6.790000,-116.410004,-33.669998,1770370308.139971
-0.222772,0.163480,0.037820,-7.560000,-127.680000,-27.299999,1770370308.148152
-0.157136,0.082228,0.082228,-5.530000,-132.229996,-20.299999,1770370308.155971
-0.100284,0.005612,0.158356,4.410000,-128.449997,-11.130000,1770370308.163977
-0.052704,-0.056364,0.288896,16.170000,-113.820000,-6.300000,1770370308.172051
-0.013664,-0.095648,0.480924,34.860001,-88.410004,-1.050000,1770370308.180056
-0.021716,-0.101504,0.727852,52.430000,-50.049999,2.450000,1770370308.187962
-0.059780,-0.100528,0.987956,64.889999,0.210000,7.840000,1770370308.195981
-0.143228,-0.122976,1.179984,73.779999,41.160000,9.590000,1770370308.203995
-0.294996,-0.173972,1.300276,87.430000,63.910000,9.870000,1770370308.212098
-0.490196,-0.217160,1.437160,99.750000,70.349998,11.410000,1770370308.219977
-0.697840,-0.202276,1.616256,109.269997,61.669998,10.080000,1770370308.227972
-0.922564,-0.151280,1.831220,99.120003,51.169998,2.450000,1770370308.235999
-0.979660,-0.171532,1.907104,72.519997,31.850000,-6.300000,1770370308.244040
-0.885232,-0.256688,1.917108,45.849998,-3.010000,-10.570000,1770370308.251974
-0.779092,-0.340624,1.941752,23.870001,-46.549999,-2.380000,1770370308.259969
-0.677588,-0.397232,1.935164,7.210000,-85.400002,2.520000,1770370308.267970
-0.561200,-0.381860,1.904176,-5.320000,-107.029999,5.950000,1770370308.276009
-0.427732,-0.284992,1.824876,-16.450001,-115.360001,4.830000,1770370308.284077
-0.286456,-0.169336,1.678476,-29.680000,-111.580002,2.520000,1770370308.292011
-0.171532,-0.063928,1.481080,-40.669998,-102.410004,4.690000,1770370308.300020
-0.075152,0.010004,1.253672,-47.459999,-89.529999,6.510000,1770370308.308001
-0.009760,0.070760,1.010404,-48.790001,-76.160004,14.140000,1770370308.316018
0.029768,0.119804,0.806420,-44.590000,-63.070000,22.190001,1770370308.323973
0.049044,0.176412,0.655872,-39.410000,-49.980000,29.260000,1770370308.331972
0.050020,0.252296,0.552172,-35.700001,-34.790001,32.410000,1770370308.340064
0.052460,0.314516,0.484828,-34.299999,-24.010000,33.950001,1770370308.348058
0.039772,0.377712,0.417972,-34.439999,-11.900000,33.810001,1770370308.356097
0.020008,0.427488,0.352336,-33.740002,-3.360000,33.529999,1770370308.363977
-0.012688,0.451644,0.282796,-34.299999,2.940000,29.190001,1770370308.371960
-0.043920,0.468236,0.212768,-31.990000,5.950000,25.480000,1770370308.379980
-0.064416,0.463356,0.139324,-28.420000,10.290000,17.360001,1770370308.387979
-0.070516,0.442616,0.073932,-20.790001,12.880000,14.140000,1770370308.396006
-0.069540,0.414800,0.038552,-6.300000,16.520000,6.720000,1770370308.404100
-0.067344,0.398696,0.063440,8.960000,21.209999,3.360000,1770370308.411962
-0.072956,0.403332,0.177388,20.650000,29.820000,-3.500000,1770370308.419978
-0.085644,0.421632,0.365024,28.559999,38.990002,-7.910000,1770370308.427974
-0.089060,0.475800,0.630252,31.920000,51.169998,-12.950000,1770370308.435976
-0.082472,0.498248,0.940132,29.330000,65.379997,-23.379999,1770370308.444003
-0.087352,0.495808,1.216584,28.420000,79.519997,-30.100000,1770370308.452028
-0.123464,0.431880,1.415688,28.000000,91.559998,-32.549999,1770370308.459989
-0.195444,0.297436,1.571116,25.969999,94.430000,-24.920000,1770370308.467975
-0.258640,0.143960,1.702144,23.450001,82.529999,-18.690001,1770370308.475978
-0.285724,-0.054900,1.854156,26.180000,60.340000,-6.510000,1770370308.484007
-0.322080,-0.248392,2.024468,36.119999,44.939999,0.840000,1770370308.492017
-0.369416,-0.319152,2.031788,41.090000,39.340000,7.840000,1770370308.500011
-0.384544,-0.375028,1.937604,32.340000,38.919998,9.730000,1770370308.508069
-0.383324,-0.443104,1.804868,14.560000,46.480000,13.790000,1770370308.515964
-0.404064,-0.521184,1.726788,-2.870000,58.590000,17.850000,1770370308.523980
-0.483608,-0.594628,1.673352,-23.870001,77.000000,15.260000,1770370308.531975
-0.590724,-0.614636,1.578436,-42.209999,95.339996,7.840000,1770370308.540113
-0.684420,-0.543144,1.425936,-53.410000,108.290001,-0.910000,1770370308.548069
-0.766892,-0.409676,1.204140,-60.970001,111.860001,-5.950000,1770370308.555977
-0.825696,-0.242048,0.953796,-63.000000,102.129997,-14.280000,1770370308.564077
-0.869860,-0.094184,0.745176,-59.430000,83.650002,-17.430000,1770370308.571974
-0.906948,-0.009272,0.591212,-51.310001,61.250000,-18.549999,1770370308.579986
-0.910852,0.024400,0.492392,-44.310001,38.849998,-24.080000,1770370308.588062
-0.877424,0.025132,0.411140,-36.330002,20.090000,-24.850000,1770370308.596091
-0.817644,0.033428,0.331840,-26.530001,1.190000,-29.469999,1770370308.603991
-0.743224,0.054168,0.244488,-20.440001,-17.360001,-37.169998,1770370308.611966
-0.661972,0.090524,0.162016,-12.810000,-37.099998,-43.680000,1770370308.619967
-0.569740,0.144448,0.107116,-7.980000,-56.000000,-47.389999,1770370308.627963
-0.473360,0.204472,0.073444,-5.180000,-78.330002,-47.599998,1770370308.635958
-0.371612,0.237168,0.061488,-4.690000,-97.089996,-49.279999,1770370308.643977
-0.282308,0.216916,0.067588,-6.020000,-112.910004,-44.730000,1770370308.652022
-0.211304,0.144692,0.094672,-5.600000,-122.709999,-38.639999,1770370308.659983
-0.148840,0.073444,0.150792,-1.470000,-125.019997,-28.280001,1770370308.667983
-0.106140,0.010736,0.239852,10.080000,-117.389999,-21.559999,1770370308.675977
-0.073688,-0.035624,0.394792,25.760000,-99.470001,-12.810000,1770370308.683978
-0.075640,-0.055876,0.632204,40.459999,-66.500000,-9.100000,1770370308.692071
-0.099796,-0.053436,0.894260,52.430000,-24.990000,-0.700000,1770370308.699992
-0.152256,-0.062464,1.116300,60.410000,14.910000,2.380000,1770370308.708043
-0.261080,-0.114192,1.268556,70.419998,40.950001,6.580000,1770370308.715958
-0.413580,-0.196420,1.369572,87.500000,49.840000,11.270000,1770370308.723983
-0.593408,-0.247660,1.495964,105.980003,44.029999,10.430000,1770370308.731974
-0.810080,-0.210084,1.714100,112.559998,39.900002,6.300000,1770370308.740029
-0.932324,-0.181536,1.882460,97.440002,36.750000,-6.790000,1770370308.747973
-0.908900,-0.213744,1.948340,66.570000,19.740000,-14.140000,1770370308.755963
-0.813984,-0.301584,1.939312,38.639999,-10.570000,-12.810000,1770370308.763984
-0.732488,-0.364048,1.918328,14.560000,-47.669998,-9.310000,1770370308.772098
-0.642208,-0.386008,1.879288,-1.680000,-79.660004,-4.620000,1770370308.779976
-0.532896,-0.350872,1.797548,-17.080000,-100.309998,-1.610000,1770370308.787969
-0.415288,-0.278404,1.693360,-30.170000,-109.129997,-2.590000,1770370308.795962
-0.291092,-0.182756,1.529392,-40.740002,-109.059998,-1.400000,1770370308.804253
-0.192760,-0.096136,1.340780,-48.930000,-102.269997,-2.520000,1770370308.811960
-0.107848,-0.017080,1.129964,-50.400002,-93.519997,1.890000,1770370308.819979
-0.037332,0.036112,0.935984,-49.209999,-83.230003,7.350000,1770370308.827975
0.017568,0.087840,0.763476,-44.310001,-72.239998,16.170000,1770370308.836007
0.042456,0.163480,0.638304,-37.099998,-61.320000,21.910000,1770370308.843970
0.056608,0.247172,0.556564,-31.850000,-49.419998,24.360001,1770370308.852018
0.068076,0.316956,0.482144,-30.170000,-38.009998,23.520000,1770370308.859975
0.069052,0.387472,0.411384,-29.889999,-26.670000,25.830000,1770370308.867971
0.055876,0.437248,0.338672,-27.370001,-17.639999,25.549999,1770370308.875973
0.024644,0.472872,0.263764,-27.020000,-9.940000,20.650000,1770370308.884067
-0.003904,0.488976,0.184464,-24.219999,-2.030000,15.470000,1770370308.892002
-0.026840,0.484828,0.091744,-18.690001,6.650000,11.340000,1770370308.899983
-0.034404,0.467992,-0.005124,-7.210000,12.810000,5.180000,1770370308.908048
-0.036112,0.446520,-0.041236,2.730000,19.600000,-0.140000,1770370308.916062
-0.030012,0.431636,0.004148,16.870001,27.719999,-3.920000,1770370308.924008
-0.028548,0.430416,0.130296,23.240000,37.869999,-11.060000,1770370308.931982
-0.043432,0.448960,0.353312,28.350000,50.470001,-14.070000,1770370308.939983
-0.051484,0.486048,0.661240,27.230000,65.239998,-20.580000,1770370308.947976
-0.051972,0.499468,0.983564,23.309999,82.459999,-28.629999,1770370308.956028
-0.070760,0.493368,1.220488,18.830000,97.650002,-32.340000,1770370308.963981
-0.111020,0.430904,1.418616,21.980000,109.059998,-32.689999,1770370308.971985
-0.205692,0.300608,1.596492,22.400000,112.000000,-24.360001,1770370308.980089
-0.288652,0.148596,1.713368,23.240000,96.669998,-15.260000,1770370308.987980
-0.329156,-0.061976,1.894172,25.200001,70.349998,-3.850000,1770370308.995974
-0.376004,-0.296704,2.123288,40.880001,48.369999,8.400000,1770370309.004305
-0.439200,-0.374784,2.153788,46.549999,38.849998,14.420000,1770370309.012050
-0.444324,-0.399184,2.061312,36.540001,34.930000,17.080000,1770370309.019997
-0.451644,-0.467016,1.918816,17.639999,41.509998,20.719999,1770370309.027976
-0.479216,-0.543632,1.818532,-5.670000,56.279999,22.680000,1770370309.035975
-0.550708,-0.606340,1.726544,-24.920000,76.089996,22.400000,1770370309.043970
-0.664656,-0.640744,1.583560,-43.540001,96.320000,9.170000,1770370309.052021
-0.769820,-0.590236,1.380064,-53.970001,111.089996,-0.140000,1770370309.060310
-0.847168,-0.474092,1.127036,-59.849998,113.050003,-10.430000,1770370309.068239
-0.907436,-0.298656,0.853024,-60.689999,101.779999,-12.950000,1770370309.076240
-0.947940,-0.136396,0.630740,-53.689999,76.019997,-16.940001,1770370309.083995
-0.969656,-0.021960,0.506544,-45.570000,48.369999,-23.940001,1770370309.092088
-0.950624,0.012932,0.445788,-38.639999,22.049999,-23.799999,1770370309.100135
-0.891820,0.016836,0.387472,-29.469999,0.070000,-29.540001,1770370309.108061
-0.809348,0.021472,0.320372,-21.910000,-18.480000,-31.570000,1770370309.115958
-0.711016,0.042212,0.246196,-10.430000,-37.660000,-33.669998,1770370309.123987
-0.608780,0.079056,0.173484,-1.540000,-56.980000,-38.990002,1770370309.132046
-0.507520,0.122488,0.118340,6.650000,-74.339996,-40.669998,1770370309.139990
-0.405284,0.172996,0.081496,13.580000,-94.150002,-42.000000,1770370309.148060
-0.305976,0.203008,0.069296,15.890000,-110.459999,-39.410000,1770370309.155979
-0.214720,0.190076,0.075640,15.750000,-123.129997,-34.860001,1770370309.163974
-0.142252,0.136884,0.099064,15.190000,-132.789993,-31.709999,1770370309.172061
-0.082472,0.074664,0.148108,16.309999,-132.789993,-21.209999,1770370309.180000
-0.033184,0.017324,0.234728,20.650000,-126.070000,-13.230000,1770370309.187983
0.005856,-0.020252,0.377224,29.680000,-108.010002,-4.550000,1770370309.195974
0.020740,-0.037088,0.601704,40.880001,-78.610001,-0.630000,1770370309.204020
0.001952,-0.049288,0.893772,47.459999,-36.750000,1.190000,1770370309.211990
-0.047580,-0.058560,1.157048,53.340000,9.310000,2.660000,1770370309.220028
-0.162992,-0.100284,1.354688,61.110001,44.799999,7.420000,1770370309.227972
-0.333304,-0.183488,1.484252,77.279999,63.139999,4.690000,1770370309.236355
-0.551440,-0.213012,1.635044,96.389999,63.770000,4.130000,1770370309.244127
-0.800320,-0.155672,1.843420,97.860001,60.689999,-6.650000,1770370309.251976
-0.911584,-0.097844,1.968104,78.610001,52.570000,-20.440001,1770370309.259974
-0.870836,-0.134200,1.954196,50.540001,29.540001,-25.480000,1770370309.267971
-0.790560,-0.217648,1.951756,23.309999,-11.550000,-21.559999,1770370309.275972
-0.719556,-0.286456,1.963224,5.670000,-52.500000,-21.209999,1770370309.283989
-0.618540,-0.298168,1.928332,-6.860000,-79.169998,-17.150000,1770370309.292025
-0.494100,-0.252784,1.843664,-17.990000,-96.739998,-16.660000,1770370309.299956
-0.356728,-0.180804,1.701412,-28.770000,-103.040001,-14.140000,1770370309.307989
-0.229116,-0.112240,1.506944,-36.889999,-103.599998,-11.270000,1770370309.315959
-0.115656,-0.057340,1.270996,-43.119999,-100.870003,-7.980000,1770370309.323977
-0.030256,-0.010980,1.012112,-42.910000,-95.410004,0.980000,1770370309.331998
0.022936,0.030988,0.793732,-36.959999,-88.760002,7.630000,1770370309.339974
0.061976,0.101016,0.637816,-29.469999,-77.419998,16.940001,1770370309.348060
0.094184,0.195932,0.545584,-23.240000,-62.090000,22.190001,1770370309.355991
0.118340,0.295484,0.494100,-20.020000,-45.360001,24.080000,1770370309.363968
0.125660,0.376492,0.435540,-22.330000,-29.330000,21.559999,1770370309.371953
0.119072,0.447008,0.360144,-23.870001,-13.720000,19.809999,1770370309.379970
0.094672,0.491904,0.280844,-24.219999,1.960000,15.330000,1770370309.387974
0.056852,0.513376,0.205692,-22.680000,16.170000,15.680000,1770370309.396000
0.022936,0.514108,0.114680,-19.320000,28.700001,7.140000,1770370309.404000
-0.007076,0.503860,0.017568,-11.690000,40.810001,2.450000,1770370309.411992
-0.035624,0.476776,-0.033916,-1.960000,50.470001,-0.910000,1770370309.419995
-0.056364,0.444324,0.003172,9.310000,59.290001,-5.320000,1770370309.427976
-0.079788,0.425536,0.121756,15.330000,68.320000,-8.680000,1770370309.435973
-0.108092,0.420900,0.334280,22.120001,77.139999,-13.790000,1770370309.443973
-0.136640,0.435052,0.643184,23.030001,88.480003,-21.840000,1770370309.452024
-0.153720,0.470432,0.962092,20.650000,97.230003,-23.799999,1770370309.459981
-0.166164,0.437492,1.225856,23.660000,100.099998,-23.379999,1770370309.467965
-0.213988,0.346236,1.427644,21.209999,97.440002,-23.590000,1770370309.475972
-0.280356,0.194956,1.582584,22.750000,84.629997,-12.460000,1770370309.483970
-0.371856,0.020252,1.663836,21.629999,66.150002,-5.600000,1770370309.491990
-0.431148,-0.192272,1.810724,25.340000,45.570000,6.580000,1770370309.499993
-0.480436,-0.401136,2.004460,38.570000,36.470001,14.350000,1770370309.508092
-0.514352,-0.513376,2.058384,44.869999,35.700001,21.770000,1770370309.516068
-0.510448,-0.538508,1.966152,32.689999,36.259998,18.129999,1770370309.523980
-0.518988,-0.615856,1.814384,13.790000,44.240002,18.620001,1770370309.531981
-0.557784,-0.677832,1.715320,-5.320000,60.130001,21.700001,1770370309.540032
-0.638060,-0.709308,1.656028,-19.459999,78.889999,10.150000,1770370309.547976
-0.729316,-0.619272,1.601860,-29.750000,96.110001,4.760000,1770370309.555985
-0.827404,-0.472628,1.486936,-37.799999,107.099998,-3.080000,1770370309.564086
-0.904508,-0.284504,1.283440,-46.340000,105.279999,-13.230000,1770370309.572034
-0.954528,-0.115412,1.015528,-50.470001,92.120003,-16.590000,1770370309.579968
-0.986248,0.026840,0.782020,-50.330002,68.599998,-20.370001,1770370309.587981
-0.995276,0.128588,0.594140,-48.790001,41.020000,-23.730000,1770370309.596082
-0.973072,0.179340,0.470432,-43.750000,16.100000,-25.410000,1770370309.604036
-0.922320,0.184464,0.388204,-35.770000,-3.010000,-23.030001,1770370309.611974
-0.862296,0.169824,0.315004,-26.879999,-19.040001,-25.830000,1770370309.619968
-0.772504,0.157624,0.235704,-16.660000,-35.630001,-30.520000,1770370309.628055
-0.670756,0.170556,0.152012,-9.590000,-53.410000,-33.110001,1770370309.635959
-0.572912,0.213012,0.080276,-1.260000,-74.059998,-34.509998,1770370309.643982
-0.473604,0.277184,0.034648,3.360000,-96.320000,-36.889999,1770370309.652081
-0.370636,0.324764,0.019032,1.890000,-117.809998,-30.870001,1770370309.659974
-0.269620,0.282552,0.045872,4.060000,-139.229996,-27.580000,1770370309.667975
-0.193492,0.182512,0.079056,-0.560000,-151.199997,-16.520000,1770370309.675986
-0.132736,0.100528,0.107116,-0.350000,-156.240005,-8.120000,1770370309.683996
-0.081008,0.029280,0.161528,4.130000,-150.149994,2.450000,1770370309.691975
-0.035624,-0.024156,0.297924,15.190000,-135.589996,5.950000,1770370309.699975
-0.005612,-0.054900,0.528748,28.700001,-105.699997,9.870000,1770370309.708171
-0.001220,-0.068564,0.821304,38.080002,-63.419998,11.550000,1770370309.715953
-0.018544,-0.068808,1.077260,45.709999,-18.059999,6.580000,1770370309.724015
-0.097112,-0.100772,1.283196,52.639999,20.370001,4.550000,1770370309.732053
-0.220820,-0.148352,1.475468,65.800003,44.730000,-1.470000,1770370309.739984
-0.360876,-0.149572,1.707268,79.940002,48.790001,-7.910000,1770370309.747976
-0.542412,-0.117364,1.979084,82.669998,51.169998,-11.340000,1770370309.755993
-0.637816,-0.147620,2.113284,66.080002,50.049999,-22.540001,1770370309.764005
-0.591212,-0.229116,2.084980,40.459999,32.270000,-23.590000,1770370309.772016
-0.586088,-0.294996,2.068632,15.960000,3.640000,-17.080000,1770370309.779966
-0.569740,-0.358924,2.004704,-0.350000,-27.299999,-8.120000,1770370309.787968
-0.538264,-0.354288,1.901004,-17.920000,-51.520000,1.050000,1770370309.795959
-0.485072,-0.296704,1.759240,-28.350000,-64.889999,5.950000,1770370309.804020
-0.416264,-0.203008,1.576484,-42.070000,-68.389999,12.880000,1770370309.811976
-0.342088,-0.108580,1.366156,-52.080002,-65.169998,14.420000,1770370309.819990
-0.277916,-0.030012,1.140212,-59.290001,-60.340000,20.719999,1770370309.827978
-0.223748,0.023668,0.925980,-59.290001,-52.849998,30.100000,1770370309.836057
-0.178364,0.067344,0.729560,-54.740002,-49.070000,35.910000,1770370309.844002
-0.147620,0.132004,0.557052,-47.810001,-42.770000,42.840000,1770370309.851976
-0.128588,0.212768,0.431636,-43.959999,-39.340000,48.439999,1770370309.859974
-0.101504,0.281576,0.341356,-36.330002,-36.540001,45.779999,1770370309.867970
-0.084180,0.345992,0.272792,-36.330002,-32.830002,46.130001,1770370309.875959
-0.077104,0.385276,0.219600,-33.880001,-30.100000,42.139999,1770370309.883977
-0.076372,0.418704,0.169824,-29.959999,-27.440001,39.130001,1770370309.892023
-0.068320,0.426756,0.137128,-29.540001,-22.540001,33.459999,1770370309.900010
-0.050020,0.406260,0.117608,-20.230000,-19.459999,31.290001,1770370309.908052
-0.036600,0.361120,0.089548,-9.450000,-13.580000,29.190001,1770370309.916002
-0.027572,0.314272,0.090524,6.860000,-8.120000,23.100000,1770370309.923978
-0.006344,0.288652,0.173240,19.879999,-1.750000,16.590000,1770370309.932066
0.000976,0.300364,0.351848,29.540001,7.280000,6.720000,1770370309.940003
0.012444,0.338184,0.650748,33.459999,21.490000,1.190000,1770370309.947976
0.026596,0.377224,0.968680,31.219999,41.230000,-4.200000,1770370309.955974
0.047092,0.377468,1.246840,29.889999,63.560001,-10.010000,1770370309.963975
0.056120,0.284748,1.474980,28.070000,82.110001,-9.940000,1770370309.972015
0.040504,0.179340,1.616256,27.090000,91.349998,-4.410000,1770370309.979982
0.013176,0.046360,1.766072,28.980000,84.629997,5.250000,1770370309.987971
-0.010492,-0.166164,1.981280,28.629999,70.559998,13.300000,1770370309.995974
-0.087108,-0.369660,2.175992,41.860001,63.700001,25.480000,1770370310.003974
-0.194956,-0.452620,2.222596,47.389999,68.110001,27.790001,1770370310.011998
-0.264496,-0.463844,2.100352,31.920000,77.000000,27.790001,1770370310.019989
-0.324520,-0.489952,1.900028,11.970000,91.349998,29.469999,1770370310.027978
-0.409920,-0.516792,1.736792,-10.570000,108.430000,32.970001,1770370310.036006
-0.540948,-0.536800,1.639192,-29.330000,128.520004,29.820000,1770370310.043981
-0.691496,-0.490928,1.534516,-42.910000,147.630005,19.530001,1770370310.051973
-0.831552,-0.400404,1.377868,-54.529999,155.399994,8.190000,1770370310.060068
-0.950868,-0.271328,1.141920,-59.570000,150.710007,-0.210000,1770370310.068359
-1.026752,-0.138104,0.858148,-60.619999,130.619995,-6.440000,1770370310.076245
-1.073844,-0.014396,0.601948,-58.310001,97.300003,-7.980000,1770370310.084048
-1.087996,0.081008,0.441152,-51.520000,60.130001,-12.950000,1770370310.092019
-1.055056,0.122976,0.374296,-41.090000,27.020000,-11.690000,1770370310.099979
-0.961116,0.117120,0.331108,-31.780001,-1.820000,-13.160000,1770370310.108195
-0.852292,0.098088,0.278892,-22.330000,-23.100000,-18.690001,1770370310.115982
-0.736880,0.091256,0.204472,-13.580000,-43.540001,-22.400000,1770370310.123973
-0.631472,0.104676,0.132492,-5.670000,-62.790001,-27.719999,1770370310.131982
-0.526796,0.146888,0.071248,-4.480000,-81.410004,-31.570000,1770370310.140060
-0.427244,0.198372,0.018788,-5.040000,-98.839996,-34.720001,1770370310.148089
-0.329156,0.236924,-0.024400,-8.400000,-116.830002,-32.480000,1770370310.155975
-0.229848,0.237656,-0.044652,-10.500000,-133.279999,-29.540001,1770370310.163976
-0.150304,0.198128,-0.035380,-14.560000,-143.220001,-22.260000,1770370310.172026
-0.083204,0.126880,0.022448,-10.570000,-145.110001,-13.930000,1770370310.179978
-0.031232,0.044164,0.119560,-1.120000,-136.570007,-4.410000,1770370310.187976
0.006100,-0.021716,0.276940,13.860000,-115.709999,1.400000,1770370310.195984
0.016836,-0.058316,0.496540,29.680000,-81.269997,4.830000,1770370310.204080
0.008540,-0.082228,0.773724,43.610001,-33.880001,8.960000,1770370310.211987
-0.033672,-0.101016,1.047004,54.669998,18.760000,8.190000,1770370310.219972
-0.149816,-0.141032,1.261236,65.730003,62.230000,10.640000,1770370310.228009
-0.332328,-0.211304,1.427400,81.059998,90.440002,12.740000,1770370310.236012
-0.550220,-0.277672,1.602348,100.940002,98.629997,14.140000,1770370310.243990
-0.816668,-0.279624,1.808284,113.750000,94.360001,14.350000,1770370310.251966
-1.042856,-0.266936,1.936628,101.500000,86.800003,2.660000,1770370310.259970
-1.099464,-0.292800,1.956880,72.449997,64.820000,-0.490000,1770370310.267967
-1.048956,-0.357460,1.934676,40.250000,21.629999,-0.490000,1770370310.275971
-0.996008,-0.413824,1.927356,11.690000,-32.130001,5.600000,1770370310.284027
-0.906948,-0.425292,1.879044,-10.080000,-78.260002,8.260000,1770370310.292011
-0.786900,-0.371124,1.819020,-28.559999,-109.269997,10.640000,1770370310.299967
-0.630740,-0.275476,1.713368,-40.110001,-128.380005,11.060000,1770370310.308052
-0.473848,-0.166164,1.536224,-52.779999,-133.279999,11.410000,1770370310.315964
-0.331352,-0.068808,1.326628,-61.040001,-132.369995,15.260000,1770370310.323959
-0.202276,0.007564,1.098244,-64.330002,-127.050003,19.040001,1770370310.331992
-0.094916,0.065392,0.880108,-63.139999,-119.139999,26.110001,1770370310.339994
-0.017080,0.130540,0.706380,-56.000000,-109.129997,34.230000,1770370310.347977
0.030012,0.190076,0.572180,-49.070000,-98.279999,34.860001,1770370310.355973
0.063196,0.264984,0.462136,-40.880001,-86.870003,41.580002,1770370310.363998
0.082228,0.328180,0.385276,-38.779999,-75.739998,39.689999,1770370310.371956
0.086864,0.395280,0.310856,-35.910000,-61.389999,41.439999,1770370310.379971
0.078812,0.455304,0.248148,-34.439999,-49.209999,35.490002,1770370310.388047
0.066856,0.498004,0.176412,-34.580002,-34.230000,31.219999,1770370310.395986
0.061488,0.512644,0.093696,-30.870001,-20.580000,24.010000,1770370310.403978
0.056852,0.516304,0.024400,-25.200001,-6.370000,18.270000,1770370310.411987
0.046848,0.490196,-0.012444,-14.560000,7.420000,12.670000,1770370310.420040
0.040992,0.446764,0.006344,-0.700000,18.270000,6.930000,1770370310.427976
0.043676,0.419680,0.105896,14.560000,31.639999,4.830000,1770370310.435963
0.017324,0.416508,0.301340,25.200001,46.830002,-2.170000,1770370310.444006
0.011956,0.394060,0.602436,35.560001,64.889999,-7.910000,1770370310.452024
0.001220,0.416264,0.915000,40.880001,83.160004,-17.500000,1770370310.459980
-0.006832,0.391864,1.234396,46.130001,101.010002,-22.260000,1770370310.467981
-0.054412,0.299632,1.498160,49.770000,118.089996,-20.440001,1770370310.476029
-0.108336,0.210328,1.653588,49.279999,123.970001,-14.490000,1770370310.483986
-0.153964,0.083692,1.828780,51.029999,110.739998,-6.510000,1770370310.491978
-0.184464,-0.083204,2.121580,49.980000,85.680000,7.420000,1770370310.499979
-0.259860,-0.255468,2.356796,57.750000,63.560001,19.040001,1770370310.508054
-0.344040,-0.307440,2.307752,46.759998,56.139999,29.469999,1770370310.516118
-0.367952,-0.361608,2.103280,21.980000,55.020000,32.900002,1770370310.523978
-0.384788,-0.468724,1.851960,-4.760000,61.389999,42.910000,1770370310.531980
-0.428708,-0.606584,1.647732,-26.320000,77.139999,44.169998,1770370310.540144
-0.556808,-0.716140,1.525976,-42.910000,99.330002,35.139999,1770370310.548008
-0.674416,-0.705404,1.397388,-53.970001,122.639999,28.420000,1770370310.555973
-0.812764,-0.618296,1.250012,-58.939999,141.399994,13.090000,1770370310.563977
-0.915244,-0.462624,1.051152,-62.020000,144.550003,5.320000,1770370310.572122
-0.996008,-0.274988,0.815204,-60.130001,132.509995,-4.200000,1770370310.579980
-1.066524,-0.082960,0.613416,-52.639999,103.809998,-9.310000,1770370310.587976
-1.106784,0.049776,0.501176,-46.689999,72.099998,-13.790000,1770370310.595982
-1.086532,0.110288,0.421388,-38.080002,39.480000,-22.120001,1770370310.604068
-1.007476,0.130540,0.339892,-29.680000,10.080000,-27.299999,1770370310.612032
-0.903288,0.128832,0.267424,-17.990000,-14.490000,-31.500000,1770370310.619982
-0.782508,0.123952,0.204472,-7.350000,-37.099998,-36.400002,1770370310.627968
-0.657824,0.136640,0.135908,3.220000,-61.950001,-35.980000,1770370310.635977
-0.534360,0.163724,0.085644,7.980000,-84.209999,-37.380001,1770370310.643996
-0.415288,0.205692,0.041968,13.300000,-105.139999,-37.939999,1770370310.651978
-0.308416,0.245464,0.016836,12.670000,-123.620003,-33.040001,1770370310.659979
-0.216428,0.231312,0.022448,11.900000,-138.389999,-32.480000,1770370310.668040
-0.134444,0.173240,0.067344,9.170000,-146.789993,-22.680000,1770370310.676010
-0.075152,0.075884,0.145912,8.680000,-147.490005,-16.940001,1770370310.684133
-0.026596,-0.008540,0.249124,10.430000,-135.240005,-8.610000,1770370310.692010
0.017324,-0.043432,0.408944,18.969999,-112.839996,-0.700000,1770370310.699974
0.025376,-0.062220,0.646600,30.309999,-78.050003,0.210000,1770370310.708035
0.009760,-0.060756,0.930860,35.980000,-31.639999,2.800000,1770370310.715977
-0.029524,-0.077104,1.155096,45.430000,14.280000,5.530000,1770370310.723986
-0.154696,-0.139812,1.312476,56.840000,52.080002,10.990000,1770370310.731969
-0.323788,-0.211792,1.489132,73.570000,73.500000,13.370000,1770370310.740003
-0.537776,-0.222040,1.747284,92.889999,75.809998,10.080000,1770370310.748126
-0.775676,-0.149816,2.017636,89.879997,72.449997,6.370000,1770370310.755965
-0.882792,-0.130540,2.083272,68.879997,63.700001,-2.730000,1770370310.763970
-0.854488,-0.218136,2.025688,39.900002,33.040001,-3.010000,1770370310.772062
-0.824964,-0.326228,2.011292,14.140000,-8.120000,-2.590000,1770370310.779982
-0.775188,-0.391620,1.972008,-1.190000,-47.459999,-0.700000,1770370310.787975
-0.699060,-0.383324,1.893928,-13.790000,-72.730003,2.100000,1770370310.796025
-0.577548,-0.322812,1.772660,-27.650000,-89.529999,1.680000,1770370310.804001
-0.455548,-0.227896,1.614548,-38.290001,-92.610001,-1.960000,1770370310.811994
-0.334036,-0.135664,1.430328,-50.119999,-89.389999,-1.610000,1770370310.819995
-0.228140,-0.051728,1.233420,-56.000000,-82.599998,-0.350000,1770370310.828028
-0.138348,0.018788,1.021628,-59.009998,-74.620003,1.820000,1770370310.836060
-0.081008,0.066612,0.838140,-58.029999,-65.309998,9.660000,1770370310.844015
-0.036112,0.121512,0.676124,-50.259998,-58.240002,17.219999,1770370310.851986
-0.009516,0.185928,0.558760,-45.639999,-48.790001,24.010000,1770370310.859978
0.004880,0.259616,0.478728,-40.320000,-43.680000,26.250000,1770370310.867995
0.017080,0.323056,0.406016,-36.680000,-34.580002,29.959999,1770370310.875970
0.018300,0.374052,0.326960,-35.770000,-27.790001,29.469999,1770370310.883986
0.013420,0.412848,0.258152,-31.570000,-21.350000,28.490000,1770370310.892017
0.001220,0.439200,0.206424,-32.410000,-13.580000,25.480000,1770370310.899980
-0.008296,0.450912,0.155428,-26.950001,-7.910000,21.980000,1770370310.908067
-0.015372,0.447984,0.107116,-22.540001,-1.470000,19.530001,1770370310.915974
-0.013176,0.414556,0.053436,-12.670000,5.740000,15.120000,1770370310.924026
-0.014396,0.372832,0.025864,1.330000,12.530000,11.200000,1770370310.931985
-0.017812,0.327448,0.081496,10.570000,22.190001,8.260000,1770370310.940078
-0.015860,0.315492,0.214476,22.469999,31.080000,3.220000,1770370310.947978
-0.020984,0.331840,0.420656,28.629999,44.799999,-2.030000,1770370310.956095
-0.024156,0.365756,0.721508,30.520000,58.799999,-7.210000,1770370310.963997
-0.020740,0.378200,1.014308,32.900002,76.580002,-12.390000,1770370310.971979
-0.033184,0.345992,1.255624,33.740002,93.870003,-16.450001,1770370310.979980
-0.059292,0.234240,1.472784,35.560001,106.470001,-14.210000,1770370310.987976
-0.106628,0.112972,1.624552,36.049999,108.010002,-6.720000,1770370310.996005
-0.159576,-0.054656,1.794132,35.770000,91.769997,2.450000,1770370311.003980
-0.193248,-0.261080,2.024956,38.430000,71.680000,10.500000,1770370311.011996
-0.283040,-0.430904,2.175748,49.630001,59.150002,20.440001,1770370311.019996
-0.362096,-0.495564,2.160376,46.619999,56.000000,16.240000,1770370311.028103
-0.380396,-0.499712,2.041792,27.510000,59.709999,21.000000,1770370311.035976
-0.418216,-0.560712,1.882460,9.870000,70.559998,24.360001,1770370311.043978
-0.488000,-0.606096,1.757044,-7.630000,86.239998,22.049999,1770370311.052092
-0.620004,-0.615368,1.668472,-24.010000,105.980003,13.650000,1770370311.060634
-0.738588,-0.512644,1.544764,-35.910000,123.760002,1.820000,1770370311.068354
-0.857172,-0.386252,1.370548,-49.980000,133.210007,-8.540000,1770370311.077019
-0.935008,-0.256688,1.143140,-57.470001,129.429993,-16.379999,1770370311.083991
-0.988932,-0.110288,0.863028,-61.459999,109.199997,-21.559999,1770370311.092101
-1.025776,0.020740,0.624152,-60.759998,81.339996,-23.240000,1770370311.099975
-1.042856,0.099552,0.484340,-52.849998,48.369999,-27.930000,1770370311.108059
-1.001376,0.124928,0.417972,-45.709999,18.760000,-26.879999,1770370311.116014
-0.934520,0.119804,0.352336,-35.349998,-7.910000,-25.410000,1770370311.124007
-0.849608,0.103700,0.281576,-27.299999,-30.799999,-32.900002,1770370311.131989
-0.752496,0.103944,0.219112,-16.309999,-50.330002,-33.250000,1770370311.140061
-0.656360,0.128588,0.137860,-7.560000,-71.540001,-37.939999,1770370311.147980
-0.558760,0.187392,0.070028,-1.120000,-92.610001,-42.770000,1770370311.156063
-0.442860,0.254736,0.025376,0.560000,-113.470001,-44.240002,1770370311.163985
-0.321104,0.296704,-0.007076,0.700000,-133.699997,-42.700001,1770370311.171981
-0.221308,0.262056,-0.004392,-3.430000,-148.050003,-37.590000,1770370311.179976
-0.138348,0.185928,0.018788,-3.570000,-157.220001,-31.709999,1770370311.187989
-0.066368,0.095404,0.067344,-1.890000,-155.259995,-20.790001,1770370311.196126
-0.010248,0.024644,0.160064,9.800000,-143.220001,-13.720000,1770370311.203976
0.034648,-0.024888,0.320128,25.200001,-119.279999,-8.540000,1770370311.212166
0.044652,-0.061976,0.557540,40.529999,-80.290001,-2.380000,1770370311.219983
0.029036,-0.079544,0.835456,58.799999,-30.170000,-2.800000,1770370311.227977
-0.006100,-0.089060,1.101416,69.860001,21.700001,0.840000,1770370311.235989
-0.120780,-0.121512,1.298568,84.839996,59.150002,4.270000,1770370311.243960
-0.274256,-0.183488,1.462536,101.570000,80.150002,3.360000,1770370311.251974
-0.471652,-0.212524,1.704096,119.139999,81.900002,8.820000,1770370311.259970
-0.741028,-0.161528,1.993968,128.309998,78.470001,6.160000,1770370311.268015
-0.888892,-0.170556,2.125240,106.610001,69.930000,-3.850000,1770370311.276124
-0.879620,-0.235216,2.101084,72.309998,44.730000,-7.630000,1770370311.283961
-0.831796,-0.323056,2.050820,39.340000,3.080000,-1.470000,1770370311.291968
-0.788120,-0.399184,1.972740,14.350000,-45.570000,1.540000,1770370311.299965
-0.711016,-0.417484,1.880996,-1.120000,-83.300003,4.620000,1770370311.307968
-0.596824,-0.360876,1.789496,-16.240000,-108.570000,5.110000,1770370311.315967
-0.469456,-0.275964,1.660176,-27.650000,-120.680000,1.330000,1770370311.323975
-0.332328,-0.179340,1.486936,-36.820000,-122.360001,1.890000,1770370311.332072
-0.211304,-0.071248,1.301496,-42.070000,-117.949997,-2.590000,1770370311.339949
-0.098088,0.009760,1.107272,-45.430000,-109.900002,-0.280000,1770370311.347970
-0.010980,0.072956,0.910120,-42.419998,-98.980003,0.630000,1770370311.356003
0.057340,0.122488,0.749568,-39.549999,-88.199997,8.960000,1770370311.363973
0.102968,0.193248,0.623176,-34.020000,-75.110001,14.700000,1770370311.372012
0.124684,0.268644,0.541436,-31.080000,-61.740002,14.700000,1770370311.380015
0.133956,0.338184,0.480192,-29.120001,-48.090000,18.340000,1770370311.387978
0.139324,0.400648,0.433100,-29.190001,-32.900002,16.730000,1770370311.395975
0.120292,0.446520,0.377224,-29.889999,-18.129999,18.059999,1770370311.404005
0.097112,0.478728,0.309880,-31.780001,-6.370000,16.940001,1770370311.412029
0.064660,0.482632,0.224236,-31.010000,4.970000,12.740000,1770370311.419980
0.037820,0.466040,0.133468,-21.910000,15.470000,7.910000,1770370311.428041
0.021228,0.434564,0.053924,-11.760000,24.709999,3.640000,1770370311.436068
0.012444,0.405772,0.022204,3.220000,34.580002,-3.920000,1770370311.444030
0.001464,0.392352,0.061488,19.320000,45.009998,-7.630000,1770370311.452015
-0.009760,0.396256,0.187392,31.920000,58.380001,-10.920000,1770370311.459972
-0.026352,0.410652,0.408212,41.020000,72.029999,-14.840000,1770370311.467978
-0.041480,0.451888,0.728584,41.439999,89.459999,-25.830000,1770370311.476069
-0.044896,0.487512,1.035292,38.779999,108.290001,-30.799999,1770370311.484002
-0.057584,0.495076,1.250500,31.990000,123.199997,-34.509998,1770370311.491980
-0.105408,0.433344,1.391776,27.510000,130.619995,-30.870001,1770370311.499980
-0.174216,0.314760,1.538908,23.520000,126.070000,-24.850000,1770370311.507970
-0.233996,0.122976,1.692384,20.299999,103.669998,-13.160000,1770370311.516100
-0.275720,-0.112240,1.863672,25.969999,77.209999,-1.260000,1770370311.524010
-0.341844,-0.308172,2.009340,37.310001,57.680000,13.370000,1770370311.532042
-0.429196,-0.380640,2.011292,40.040001,51.590000,19.530001,1770370311.539969
-0.456524,-0.430416,1.934920,28.070000,52.009998,20.160000,1770370311.547967
-0.476044,-0.493612,1.834880,10.850000,62.790001,20.510000,1770370311.556042
-0.512644,-0.582672,1.771196,-5.810000,76.720001,20.299999,1770370311.563981
-0.600728,-0.649040,1.714100,-24.080000,94.779999,11.130000,1770370311.571977
-0.699792,-0.617320,1.597468,-39.619999,112.349998,2.310000,1770370311.579977
-0.817888,-0.514596,1.447408,-50.680000,120.190002,-8.190000,1770370311.587970
-0.898164,-0.376980,1.210728,-59.009998,118.650002,-13.860000,1770370311.596022
-0.954772,-0.179584,0.916220,-62.580002,103.180000,-21.420000,1770370311.603978
-0.997472,-0.052948,0.692716,-57.330002,78.120003,-23.240000,1770370311.612014
-1.011624,0.011224,0.543144,-53.970001,47.740002,-30.799999,1770370311.619972
-0.976244,0.033916,0.436516,-45.430000,21.139999,-33.740002,1770370311.628066
-0.905484,0.025132,0.358436,-35.980000,-0.700000,-38.080002,1770370311.635986
-0.810568,0.043676,0.288896,-24.150000,-21.910000,-42.980000,1770370311.643977
-0.705892,0.077104,0.223992,-12.880000,-38.430000,-49.770000,1770370311.651979
-0.600972,0.122732,0.166408,-3.360000,-54.180000,-51.240002,1770370311.660090
-0.501176,0.182268,0.122244,4.200000,-70.279999,-55.930000,1770370311.668064
-0.399428,0.234484,0.083692,7.420000,-84.839996,-56.139999,1770370311.676009
-0.305244,0.237900,0.082228,11.760000,-99.190002,-52.360001,1770370311.684116
-0.228872,0.203008,0.096380,9.450000,-107.940002,-47.950001,1770370311.691983
-0.162504,0.141032,0.116632,10.080000,-112.839996,-39.970001,1770370311.699978
-0.107360,0.079788,0.152500,15.750000,-114.239998,-29.750000,1770370311.707972
-0.063440,0.028304,0.231312,24.780001,-108.080002,-17.780001,1770370311.715995
-0.038796,-0.009028,0.371612,36.400002,-93.169998,-10.010000,1770370311.723996
-0.038308,-0.030988,0.578768,48.299999,-68.739998,1.260000,1770370311.732013
-0.071248,-0.023180,0.829844,53.759998,-32.480000,5.740000,1770370311.740093
-0.140788,-0.014152,1.070672,60.340000,4.410000,9.940000,1770370311.747972
-0.253028,-0.047580,1.247816,60.970001,33.810001,15.400000,1770370311.755960
-0.422852,-0.130296,1.380308,67.620003,47.669998,13.860000,1770370311.763975
-0.622932,-0.218380,1.516216,75.949997,48.580002,9.660000,1770370311.772050
-0.858392,-0.231312,1.668472,80.849998,44.590000,-2.380000,1770370311.780006
-1.008452,-0.205448,1.771440,75.739998,38.919998,-17.990000,1770370311.787984
-1.015772,-0.213744,1.776808,56.840000,18.830000,-28.629999,1770370311.795976
-0.912316,-0.263276,1.765096,37.169998,-17.010000,-27.719999,1770370311.804023
-0.801784,-0.313296,1.781932,18.900000,-61.740002,-20.230000,1770370311.812038
-0.691252,-0.330864,1.805356,2.170000,-96.599998,-15.050000,1770370311.819982
-0.570472,-0.307928,1.803892,-9.660000,-118.860001,-12.390000,1770370311.827980
-0.427976,-0.237656,1.768268,-22.469999,-127.680000,-10.780000,1770370311.836032
-0.295240,-0.135908,1.669936,-34.439999,-125.230003,-12.180000,1770370311.843980
-0.170312,-0.052704,1.491816,-44.240002,-116.830002,-11.130000,1770370311.851967
-0.073932,0.027572,1.272704,-52.430000,-103.040001,-7.140000,1770370311.859980
-0.008540,0.095892,1.046760,-51.099998,-87.500000,-3.290000,1770370311.868036
0.036844,0.156404,0.834724,-47.320000,-73.779999,5.600000,1770370311.876017
0.054656,0.211304,0.668804,-40.669998,-61.669998,12.740000,1770370311.884115
0.057340,0.276696,0.567544,-37.450001,-48.650002,15.120000,1770370311.891983
0.049288,0.350628,0.492880,-35.139999,-34.369999,12.320000,1770370311.899984
0.033916,0.416752,0.425780,-33.529999,-20.230000,10.780000,1770370311.908090
0.002928,0.471896,0.342088,-34.090000,-10.360000,7.560000,1770370311.916108
-0.021228,0.513620,0.275232,-35.770000,-4.690000,6.790000,1770370311.923981
-0.048068,0.525332,0.213500,-36.540001,-0.280000,2.310000,1770370311.931986
-0.061000,0.504104,0.149084,-29.680000,3.990000,0.420000,1770370311.939974
-0.053924,0.465552,0.074420,-18.900000,4.550000,-2.730000,1770370311.947975
-0.049288,0.412360,0.021472,-2.030000,7.420000,-3.710000,1770370311.956048
-0.029768,0.359168,0.028304,13.230000,12.040000,-8.680000,1770370311.963983
-0.016104,0.332572,0.150548,27.440001,19.740000,-10.920000,1770370311.971978
-0.007808,0.327204,0.356484,35.279999,32.200001,-15.610000,1770370311.979976
-0.007076,0.340136,0.668316,37.869999,45.360001,-21.139999,1770370311.987976
0.010492,0.372344,1.007232,34.439999,64.330002,-24.709999,1770370311.996118
0.025620,0.352824,1.265140,28.770000,82.529999,-19.250000,1770370312.003972
0.014884,0.291580,1.431060,24.010000,94.010002,-13.510000,1770370312.011978
-0.007808,0.194956,1.546960,20.860001,95.199997,-3.990000,1770370312.019990
-0.055632,0.048556,1.655052,24.780001,80.010002,7.770000,1770370312.027975
-0.099308,-0.142496,1.792180,32.200001,58.730000,18.690001,1770370312.035964
-0.136396,-0.331840,1.950536,40.669998,41.790001,28.910000,1770370312.044099
-0.218868,-0.440908,2.003484,41.439999,43.959999,31.709999,1770370312.051976
-0.254980,-0.499224,1.951024,25.900000,54.810001,26.110001,1770370312.060067
-0.288652,-0.582916,1.828048,10.570000,71.540001,24.920000,1770370312.068165
-0.359656,-0.632936,1.720688,0.560000,94.989998,26.110001,1770370312.076115
-0.506056,-0.671976,1.677012,-9.590000,119.980003,19.180000,1770370312.083989
-0.662460,-0.667096,1.625284,-21.700001,140.699997,6.650000,1770370312.091996
-0.821304,-0.604388,1.506456,-33.810001,155.330002,-4.060000,1770370312.100162
-0.940132,-0.463600,1.315648,-39.549999,159.250000,-14.210000,1770370312.107970
-1.025044,-0.308660,1.083848,-40.250000,141.190002,-23.030001,1770370312.115983
-1.082140,-0.138836,0.835944,-38.570000,111.720001,-31.010000,1770370312.123973
-1.091656,-0.002684,0.626592,-36.750000,72.589996,-33.110001,1770370312.131988
-1.072136,0.093208,0.504592,-32.200001,33.599998,-39.830002,1770370312.140132
-1.001132,0.144204,0.437736,-24.430000,4.340000,-39.900002,1770370312.147973
-0.905484,0.180560,0.384300,-14.000000,-18.760000,-39.060001,1770370312.155976
-0.804224,0.190564,0.330620,-4.830000,-38.430000,-41.230000,1770370312.163975
-0.691984,0.194956,0.274500,2.660000,-54.950001,-44.029999,1770370312.171973
-0.585356,0.226920,0.201300,7.350000,-70.980003,-45.009998,1770370312.180005
-0.482632,0.272060,0.135420,7.420000,-88.830002,-41.439999,1770370312.187978
-0.388204,0.319884,0.075884,8.750000,-108.360001,-45.570000,1770370312.195977
-0.286212,0.348676,0.047336,7.070000,-126.699997,-36.959999,1770370312.204088
-0.206912,0.310612,0.043188,2.100000,-138.880005,-30.660000,1770370312.211978
-0.135908,0.240096,0.058560,-1.890000,-147.490005,-25.129999,1770370312.219990
-0.080032,0.162992,0.086864,2.520000,-148.330002,-17.780001,1770370312.227971
-0.020496,0.091256,0.151280,12.810000,-139.789993,-8.680000,1770370312.236003
0.020740,0.056608,0.305976,25.410000,-117.949997,-3.710000,1770370312.244093
0.045628,0.044408,0.542168,41.439999,-79.379997,-0.910000,1770370312.251975
0.051728,0.053924,0.837652,49.840000,-28.910000,-2.380000,1770370312.259952
0.036112,0.071736,1.109224,61.880001,22.049999,-0.490000,1770370312.267956
-0.061244,0.052948,1.323944,67.059998,62.790001,4.060000,1770370312.275969
-0.233020,-0.023180,1.544276,75.879997,83.089996,4.130000,1770370312.283971
-0.464332,-0.064660,1.816092,84.769997,87.430000,1.190000,1770370312.292107
-0.753472,-0.038064,2.052040,82.320000,89.250000,-5.740000,1770370312.299972
-0.907436,-0.078568,2.039840,62.369999,81.410004,-17.430000,1770370312.307977
-0.913536,-0.175924,1.909300,39.200001,53.830002,-18.760000,1770370312.316001
-0.912560,-0.274012,1.841468,22.540001,7.980000,-16.379999,1770370312.324006
-0.882304,-0.351116,1.780956,8.120000,-44.660000,-9.030000,1770370312.332024
-0.820328,-0.378444,1.735572,0.420000,-83.160004,-6.300000,1770370312.339982
-0.722240,-0.339160,1.687016,-12.530000,-108.290001,-4.760000,1770370312.347979
-0.584380,-0.265228,1.597956,-25.549999,-117.949997,-6.790000,1770370312.355955
-0.447252,-0.184708,1.454728,-38.639999,-121.309998,-6.440000,1770370312.363988
-0.312320,-0.105164,1.279292,-47.669998,-114.519997,-6.300000,1770370312.371963
-0.206912,-0.041968,1.074332,-51.240002,-107.169998,-1.260000,1770370312.379971
-0.125172,0.026596,0.873520,-50.610001,-98.699997,5.460000,1770370312.388029
-0.064660,0.094916,0.702964,-45.639999,-88.059998,13.230000,1770370312.395983
-0.015860,0.162504,0.590724,-40.880001,-78.120003,19.740000,1770370312.403976
0.000976,0.233752,0.502640,-37.520000,-68.599998,21.840000,1770370312.411976
0.013176,0.302560,0.433100,-35.419998,-57.959999,21.420000,1770370312.420009
0.017324,0.354776,0.365512,-32.689999,-48.860001,25.129999,1770370312.427974
0.011712,0.384056,0.315004,-34.020000,-40.880001,22.959999,1770370312.435984
0.003660,0.400892,0.281332,-34.020000,-34.090000,23.170000,1770370312.443994
0.005368,0.389668,0.250588,-31.290001,-27.440001,18.830000,1770370312.451980
0.011712,0.351848,0.206424,-24.360001,-21.139999,15.260000,1770370312.459975
0.016348,0.312808,0.151768,-12.530000,-17.780001,8.960000,1770370312.467982
0.030744,0.281332,0.135420,4.760000,-10.990000,6.930000,1770370312.476006
0.040992,0.264496,0.185928,15.400000,-3.150000,2.030000,1770370312.483981
0.052948,0.269132,0.328424,25.410000,10.710000,-2.380000,1770370312.491984
0.069296,0.282308,0.554856,27.650000,26.040001,-8.330000,1770370312.499976
0.079300,0.315980,0.849364,26.180000,45.290001,-14.000000,1770370312.507967
0.097356,0.322568,1.120936,20.230000,67.480003,-17.080000,1770370312.516050
0.104920,0.276696,1.301496,17.290001,87.709999,-18.900000,1770370312.523993
0.099064,0.197152,1.439356,18.969999,98.769997,-12.670000,1770370312.532051
0.058316,0.085400,1.581852,20.860001,99.120003,-10.430000,1770370312.540043
0.043920,-0.079788,1.716784,24.430000,87.360001,-0.350000,1770370312.547967
-0.005612,-0.307440,1.883924,37.099998,71.540001,8.050000,1770370312.555974
-0.144448,-0.462624,2.021296,46.900002,72.029999,16.450001,1770370312.563968
-0.258396,-0.477996,2.029348,42.349998,83.160004,15.610000,1770370312.572026
-0.336964,-0.471652,1.963956,25.549999,94.360001,16.870001,1770370312.579978
-0.427488,-0.508740,1.854156,9.100000,110.320000,16.379999,1770370312.587977
-0.540216,-0.526064,1.776564,-6.650000,122.220001,15.890000,1770370312.596054
-0.710040,-0.503860,1.688236,-21.770000,135.660004,12.530000,1770370312.603999
-0.856440,-0.423096,1.526952,-34.230000,141.820007,-0.280000,1770370312.611974
-0.983320,-0.321348,1.287100,-42.560001,139.369995,-7.840000,1770370312.619976
-1.061156,-0.176656,0.990396,-45.779999,122.639999,-14.350000,1770370312.627966
-1.096536,-0.017568,0.698328,-47.250000,89.529999,-19.459999,1770370312.635988
-1.095072,0.086864,0.510448,-43.540001,54.320000,-21.209999,1770370312.643985
-1.053592,0.116876,0.422120,-35.349998,20.930000,-18.760000,1770370312.651981
-0.972340,0.126392,0.348432,-26.879999,-7.770000,-23.030001,1770370312.659977
-0.878644,0.114192,0.281820,-19.320000,-30.030001,-25.480000,1770370312.667983
-0.760792,0.132492,0.222772,-12.460000,-48.020000,-33.040001,1770370312.676049
-0.657092,0.159820,0.168848,-5.740000,-62.230000,-38.430000,1770370312.683978
-0.549244,0.207888,0.120048,-3.010000,-76.230003,-45.500000,1770370312.691978
-0.441152,0.267424,0.086132,-2.310000,-90.510002,-48.509998,1770370312.699983
-0.328668,0.321592,0.064416,-1.820000,-107.029999,-49.980000,1770370312.708090
-0.237168,0.297924,0.074420,-5.250000,-120.400002,-40.389999,1770370312.716185
-0.156404,0.232532,0.098820,-5.600000,-127.400002,-34.160000,1770370312.724029
-0.112240,0.147376,0.144448,-2.100000,-126.489998,-19.670000,1770370312.732038
-0.062220,0.073444,0.209108,7.770000,-119.910004,-10.360000,1770370312.740006
-0.028792,0.019764,0.339160,25.549999,-105.139999,-2.170000,1770370312.747973
-0.017812,-0.007808,0.550708,39.200001,-73.989998,5.460000,1770370312.755957
-0.030012,-0.012932,0.832040,51.869999,-34.650002,4.550000,1770370312.763978
-0.054168,-0.024400,1.076772,59.080002,5.740000,11.060000,1770370312.771966
-0.133224,-0.056608,1.265628,67.900002,35.349998,11.340000,1770370312.780093
-0.252784,-0.125416,1.440576,82.320000,47.669998,18.969999,1770370312.787970
-0.416264,-0.170068,1.654808,97.930000,46.480000,19.950001,1770370312.795975
-0.648796,-0.129564,1.938824,101.430000,44.590000,11.550000,1770370312.803973
-0.778604,-0.117608,2.087664,79.519997,44.450001,-1.260000,1770370312.811984
-0.727120,-0.185928,2.006656,50.189999,32.759998,-7.770000,1770370312.819993
-0.676368,-0.285968,1.902712,24.010000,3.080000,-1.050000,1770370312.827983
-0.652456,-0.363560,1.861476,4.760000,-28.910000,0.000000,1770370312.835976
-0.616588,-0.386984,1.816580,-12.740000,-52.779999,5.040000,1770370312.844082
-0.562908,-0.369904,1.724104,-26.670000,-69.720001,8.050000,1770370312.851979
-0.488000,-0.308904,1.592344,-41.090000,-74.970001,8.960000,1770370312.859980
-0.416264,-0.246928,1.442772,-49.000000,-72.449997,8.400000,1770370312.867975
-0.341600,-0.178364,1.268800,-58.099998,-66.430000,11.200000,1770370312.875973
-0.283528,-0.109556,1.069940,-63.139999,-57.400002,17.290001,1770370312.883981
-0.236192,-0.042456,0.892796,-58.869999,-49.139999,21.629999,1770370312.892079
-0.200324,0.019032,0.743956,-54.110001,-43.330002,30.870001,1770370312.899982
-0.176412,0.100528,0.623420,-47.110001,-42.560001,31.290001,1770370312.908051
-0.159088,0.174216,0.537776,-43.189999,-41.790001,39.060001,1770370312.916102
-0.147132,0.270596,0.469700,-38.919998,-41.650002,38.500000,1770370312.923989
-0.135176,0.353800,0.409188,-37.029999,-41.020000,37.450001,1770370312.932027
-0.125660,0.416020,0.347700,-36.959999,-40.529999,37.590000,1770370312.939984
-0.109556,0.461648,0.294020,-36.259998,-41.860001,34.090000,1770370312.947980
-0.080032,0.463844,0.241804,-35.000000,-45.009998,32.060001,1770370312.956062
-0.048556,0.450180,0.188856,-25.760000,-44.450001,27.860001,1770370312.964001
-0.017812,0.424560,0.141764,-10.990000,-42.419998,26.600000,1770370312.971976
0.003904,0.383568,0.125660,3.990000,-37.450001,19.879999,1770370312.979978
0.023912,0.371124,0.171776,19.809999,-28.559999,13.650000,1770370312.988063
0.046360,0.373564,0.317444,29.190001,-15.890000,9.170000,1770370312.996004
0.085888,0.394304,0.561688,32.970001,1.610000,0.980000,1770370313.003977
0.105408,0.412360,0.885964,30.660000,23.940001,-4.270000,1770370313.011979
0.142984,0.411872,1.172176,26.320000,47.180000,-9.660000,1770370313.019996
0.177876,0.371612,1.365912,24.570000,68.669998,-7.350000,1770370313.027981
0.184220,0.279624,1.489376,23.799999,80.360001,-4.620000,1770370313.036105
0.179584,0.129564,1.610156,22.889999,80.779999,6.160000,1770370313.043986
0.182268,-0.061244,1.746064,26.180000,71.820000,10.430000,1770370313.051979
0.122732,-0.281088,1.928332,36.959999,69.930000,22.190001,1770370313.060163
0.027816,-0.428464,2.048868,45.430000,76.580002,24.709999,1770370313.068157
-0.078080,-0.467260,2.015196,36.119999,93.449997,28.629999,1770370313.076907
-0.160064,-0.544364,1.931504,17.219999,109.550003,34.230000,1770370313.084181
-0.243756,-0.609512,1.807308,-0.350000,128.729996,37.240002,1770370313.092153
-0.392596,-0.674660,1.739720,-21.350000,146.649994,36.119999,1770370313.099976
-0.573156,-0.660508,1.648708,-35.349998,162.610001,26.250000,1770370313.108050
-0.761280,-0.551928,1.515484,-45.639999,173.250000,17.850000,1770370313.116041
-0.933300,-0.418460,1.318820,-54.320000,175.839996,6.370000,1770370313.123982
-1.041880,-0.240340,1.022116,-56.560001,161.279999,-1.960000,1770370313.131981
-1.118252,-0.080276,0.736880,-58.520000,130.479996,-11.130000,1770370313.140167
-1.150948,0.025132,0.529724,-51.869999,93.870003,-13.720000,1770370313.147976
-1.137772,0.089792,0.397964,-43.959999,54.950001,-17.850000,1770370313.155976
-1.071160,0.106628,0.334036,-33.110001,21.280001,-21.559999,1770370313.163973
-0.955748,0.121268,0.291092,-22.680000,-6.580000,-20.440001,1770370313.172003
-0.834968,0.129564,0.234728,-11.340000,-27.230000,-29.750000,1770370313.180093
-0.721508,0.138592,0.167384,-3.780000,-44.730000,-33.810001,1770370313.187973
-0.606096,0.172996,0.115900,1.260000,-60.410000,-35.490002,1770370313.195975
-0.491904,0.213500,0.068808,3.780000,-79.730003,-38.849998,1770370313.203974
-0.384056,0.240340,0.038308,2.100000,-94.500000,-37.520000,1770370313.212003
-0.285480,0.229604,0.039772,2.450000,-110.250000,-33.880001,1770370313.220026
-0.207644,0.178852,0.058804,0.700000,-121.239998,-28.490000,1770370313.227969
-0.139568,0.109556,0.094916,2.030000,-125.930000,-18.410000,1770370313.235970
-0.089792,0.038552,0.167628,9.660000,-124.949997,-9.240000,1770370313.244110
-0.059048,-0.026352,0.284260,17.010000,-115.010002,-2.730000,1770370313.251970
-0.040016,-0.066368,0.469700,28.559999,-94.989998,6.580000,1770370313.259968
-0.044652,-0.080520,0.692960,40.250000,-64.330002,8.260000,1770370313.267974
-0.061732,-0.097600,0.922564,45.360001,-24.150000,11.620000,1770370313.275998
-0.131272,-0.136884,1.132160,51.520000,14.210000,13.090000,1770370313.284064
-0.260348,-0.212036,1.294664,61.110001,44.240002,12.670000,1770370313.292007
-0.432124,-0.289628,1.428132,75.529999,58.939999,8.610000,1770370313.299970
-0.627080,-0.313052,1.581852,88.970001,59.150002,3.080000,1770370313.307966
-0.833992,-0.272548,1.752652,88.760002,59.990002,-7.140000,1770370313.315967
-0.876204,-0.261812,1.858792,71.540001,51.590000,-13.930000,1770370313.323979
-0.799832,-0.313052,1.882216,45.570000,23.590000,-11.270000,1770370313.332021
-0.737124,-0.370148,1.896856,21.980000,-14.910000,-4.760000,1770370313.339967
-0.673684,-0.393816,1.894172,-0.770000,-52.779999,1.540000,1770370313.348038
-0.596336,-0.352092,1.862940,-16.590000,-77.489998,6.580000,1770370313.355998
-0.508984,-0.263764,1.802184,-30.240000,-87.430000,7.000000,1770370313.364075
-0.408456,-0.162992,1.678964,-43.259998,-85.820000,10.500000,1770370313.371955
-0.316468,-0.068808,1.504504,-56.910000,-79.660004,11.690000,1770370313.379956
-0.246196,0.016836,1.306864,-65.099998,-72.169998,13.230000,1770370313.387969
-0.185440,0.083448,1.106052,-68.809998,-62.650002,20.930000,1770370313.395976
-0.139324,0.148596,0.890844,-65.519997,-53.970001,25.340000,1770370313.403986
-0.108824,0.229848,0.711504,-59.220001,-46.549999,37.869999,1770370313.412013
-0.088572,0.301828,0.573644,-51.450001,-40.880001,41.090000,1770370313.419998
-0.074908,0.396012,0.451156,-42.630001,-37.450001,46.410000,1770370313.428039
-0.059780,0.491660,0.365756,-34.790001,-34.790001,44.730000,1770370313.436117
-0.056120,0.584136,0.308660,-33.740002,-32.549999,38.500000,1770370313.443976
-0.048800,0.672220,0.259128,-35.560001,-27.230000,35.139999,1770370313.451987
-0.055388,0.721264,0.197152,-34.439999,-20.020000,30.590000,1770370313.460012
-0.047580,0.688812,0.123708,-34.439999,-12.040000,26.389999,1770370313.467988
-0.050752,0.695644,0.035136,-31.430000,-0.910000,21.980000,1770370313.476067
-0.048800,0.590480,-0.011468,-20.650000,9.940000,19.670000,1770370313.484001
-0.034404,0.518988,-0.033184,-4.760000,18.270000,12.250000,1770370313.491974
-0.031232,0.452132,0.058804,9.800000,28.139999,4.690000,1770370313.499974
-0.042212,0.405284,0.265960,23.520000,40.040001,-2.240000,1770370313.507972
-0.069296,0.363316,0.574864,31.920000,55.020000,-6.510000,1770370313.516029
-0.080276,0.310124,0.941596,34.650002,73.639999,-13.160000,1770370313.524117
-0.102724,0.219844,1.255136,36.680000,89.529999,-11.130000,1770370313.531976
-0.164456,0.110532,1.488156,42.349998,97.019997,-7.070000,1770370313.539972
-0.228384,-0.025376,1.673840,45.290001,86.870003,-0.490000,1770370313.547978
-0.285236,-0.166896,1.910520,48.090000,61.880001,13.020000,1770370313.555990
-0.349896,-0.336232,2.142076,53.970001,35.700001,25.200001,1770370313.563986
-0.371124,-0.496784,2.204052,58.660000,22.049999,37.799999,1770370313.572077
-0.350384,-0.554124,2.121824,49.490002,21.840000,47.040001,1770370313.579971
-0.292800,-0.418948,1.972252,37.310001,22.540001,39.830002,1770370313.587972
-0.322812,-0.601948,1.859768,10.080000,48.160000,53.200001,1770370313.595959
-0.355020,-0.722728,1.770952,-19.879999,77.000000,56.910000,1770370313.603976
-0.514596,-0.839116,1.704828,-47.669998,113.400002,51.029999,1770370313.612013
-0.648064,-0.736636,1.560624,-66.010002,141.399994,36.119999,1770370313.619993
-0.767868,-0.549488,1.383480,-70.629997,154.630005,25.549999,1770370313.627967
-0.884012,-0.375272,1.179496,-71.330002,154.279999,19.950001,1770370313.635961
-0.977952,-0.171776,0.929396,-65.449997,138.740005,13.440000,1770370313.643981
-1.032120,0.014396,0.683200,-60.759998,112.980003,7.700000,1770370313.651987
-1.054812,0.151524,0.531432,-54.459999,79.099998,-1.680000,1770370313.660128
-1.034316,0.216916,0.457256,-46.410000,47.389999,-10.570000,1770370313.667972
-0.961604,0.253760,0.397232,-37.869999,19.950001,-10.430000,1770370313.675979
-0.865224,0.250344,0.334768,-26.879999,-4.480000,-14.420000,1770370313.683977
-0.766648,0.236436,0.276696,-16.590000,-25.410000,-11.900000,1770370313.692010
-0.680760,0.241316,0.212036,-12.320000,-41.230000,-15.190000,1770370313.700034
-0.596336,0.273036,0.150060,-6.860000,-59.080002,-16.520000,1770370313.707974
-0.502396,0.294264,0.110044,-3.360000,-75.879997,-16.520000,1770370313.715980
-0.413580,0.252052,0.114436,-2.450000,-90.089996,-14.840000,1770370313.723976
-0.338428,0.137616,0.149328,-3.220000,-100.029999,-13.930000,1770370313.732032
-0.267668,0.060024,0.155428,-2.310000,-107.519997,-11.130000,1770370313.739977
-0.222772,-0.002684,0.151768,3.920000,-112.839996,-8.750000,1770370313.748046
-0.187148,-0.070760,0.195688,13.300000,-113.750000,-0.140000,1770370313.755977
-0.166408,-0.140788,0.289872,28.770000,-107.239998,7.700000,1770370313.764088
-0.157380,-0.206180,0.444324,41.509998,-91.000000,17.360001,1770370313.771978
-0.178852,-0.244976,0.625128,53.200001,-66.849998,20.370001,1770370313.779975
-0.226432,-0.272792,0.808128,61.950001,-35.070000,22.049999,1770370313.787973
-0.316956,-0.303536,0.980392,64.959999,-3.710000,19.250000,1770370313.795957
-0.443592,-0.341356,1.148996,71.680000,20.299999,7.770000,1770370313.803980
-0.596092,-0.382836,1.306620,78.889999,31.150000,-2.590000,1770370313.812084
-0.739076,-0.400892,1.428620,81.830002,31.219999,-7.770000,1770370313.820030
-0.849608,-0.402356,1.546716,79.660004,20.930000,-12.460000,1770370313.828143
-0.873276,-0.417728,1.663592,66.989998,7.980000,-17.080000,1770370313.835978
-0.771772,-0.426512,1.774612,45.220001,-19.250000,-15.260000,1770370313.843976
-0.639524,-0.390888,1.898808,21.980000,-50.750000,-8.960000,1770370313.851986
-0.523380,-0.311832,1.998848,-4.200000,-79.379997,2.310000,1770370313.860050
-0.437492,-0.237656,2.012268,-26.110001,-94.290001,5.600000,1770370313.867979
-0.345748,-0.165432,1.953464,-46.549999,-94.080002,10.780000,1770370313.875962
-0.253028,-0.078812,1.790472,-59.570000,-85.050003,13.790000,1770370313.883982
-0.170068,0.002684,1.574288,-71.750000,-72.519997,14.700000,1770370313.891974
-0.114436,0.082472,1.344440,-76.650002,-60.130001,20.860001,1770370313.899979
-0.074176,0.156648,1.114836,-76.089996,-51.240002,25.760000,1770370313.908030
-0.051240,0.243024,0.903532,-70.139999,-39.759998,36.330002,1770370313.915991
-0.052704,0.333304,0.717360,-61.459999,-27.650000,45.430000,1770370313.923998
-0.052460,0.421388,0.577548,-50.119999,-15.260000,50.400002,1770370313.931982
-0.066612,0.515084,0.461160,-42.209999,-4.900000,50.259998,1770370313.940043
-0.083204,0.623908,0.364536,-35.980000,4.060000,43.610001,1770370313.947968
-0.098820,0.716628,0.297680,-33.250000,10.080000,37.380001,1770370313.955966
-0.116632,0.786900,0.239364,-31.920000,16.309999,27.719999,1770370313.963983
-0.129076,0.816912,0.186416,-31.010000,21.070000,17.500000,1770370313.972085
-0.138348,0.773236,0.126392,-33.320000,24.709999,15.330000,1770370313.979991
-0.133224,0.708820,0.051484,-27.230000,24.290001,13.090000,1770370313.987976
-0.126392,0.594872,-0.008784,-19.740000,24.430000,14.560000,1770370313.995976
-0.132248,0.497272,-0.022204,-4.900000,23.240000,14.700000,1770370314.004053
-0.135908,0.422852,0.060512,5.320000,22.820000,11.200000,1770370314.012024
-0.138104,0.379908,0.242780,13.510000,30.590000,7.700000,1770370314.020053
-0.161528,0.325984,0.506788,18.969999,39.340000,3.150000,1770370314.027973
-0.176168,0.272304,0.808372,20.090000,53.340000,0.140000,1770370314.035987
-0.191052,0.184708,1.108736,22.190001,65.589996,-0.280000,1770370314.044116
-0.240340,0.048800,1.328336,28.000000,75.599998,7.700000,1770370314.051986
-0.317688,-0.103700,1.503040,35.000000,74.830002,12.740000,1770370314.060061
-0.392108,-0.241072,1.697996,40.320000,58.590000,21.070000,1770370314.068349
-0.472872,-0.363072,1.915644,47.110001,36.610001,27.370001,1770370314.076502
-0.513864,-0.501420,2.064240,57.189999,23.379999,33.110001,1770370314.084006
-0.482144,-0.568276,2.062288,61.669998,21.209999,40.740002,1770370314.092153
-0.446764,-0.650504,1.961272,42.279999,27.930000,47.669998,1770370314.099977
-0.436760,-0.754936,1.818776,16.100000,38.150002,52.290001,1770370314.107976
-0.462136,-0.868884,1.702876,-9.310000,53.130001,51.240002,1770370314.115976
-0.521916,-0.865712,1.641876,-28.559999,73.639999,47.669998,1770370314.123981
-0.650992,-0.758352,1.608204,-41.090000,94.290001,40.740002,1770370314.131977
-0.774944,-0.562176,1.548912,-50.680000,110.180000,25.340000,1770370314.139972
-0.872788,-0.367952,1.434964,-55.650002,113.330002,17.360001,1770370314.147977
-0.945744,-0.168604,1.228540,-56.630001,104.860001,10.640000,1770370314.156013
-0.988444,0.026352,0.960140,-53.200001,84.209999,4.130000,1770370314.163969
-1.007476,0.197396,0.723704,-49.000000,57.330002,-5.180000,1770370314.171979
-0.973316,0.293776,0.566324,-44.869999,29.610001,-14.630000,1770370314.179980
-0.898896,0.328668,0.459452,-36.119999,3.220000,-18.900000,1770370314.187978
-0.823500,0.315736,0.393084,-29.120001,-14.700000,-20.299999,1770370314.196014
-0.741272,0.276940,0.351848,-21.280001,-27.860001,-25.620001,1770370314.203980
-0.656360,0.257908,0.303292,-11.760000,-39.759998,-28.770000,1770370314.211977
-0.579500,0.265472,0.248880,-7.980000,-47.810001,-27.860001,1770370314.219964
-0.510448,0.279624,0.179828,-1.190000,-59.500000,-28.280001,1770370314.228086
-0.441884,0.278648,0.128832,-0.770000,-71.680000,-28.980000,1770370314.235970
-0.364536,0.294020,0.083936,-1.820000,-85.190002,-27.650000,1770370314.244053
-0.294264,0.253760,0.073688,-3.570000,-98.070000,-24.500000,1770370314.252027
-0.219112,0.182024,0.073200,-4.270000,-113.260002,-22.820000,1770370314.259972
-0.160064,0.093696,0.082716,-4.900000,-122.919998,-19.530001,1770370314.267970
-0.116632,0.018788,0.117852,-0.070000,-127.190002,-9.520000,1770370314.275972
-0.074664,-0.084668,0.204960,11.200000,-122.709999,-6.510000,1770370314.284035
-0.049044,-0.166408,0.380396,21.980000,-104.370003,4.340000,1770370314.292007
-0.040992,-0.205448,0.615368,30.660000,-74.760002,7.840000,1770370314.299955
-0.057584,-0.256932,0.862784,38.779999,-37.099998,9.870000,1770370314.307960
-0.099064,-0.295240,1.063352,44.660000,3.850000,14.210000,1770370314.315969
-0.221308,-0.353068,1.195356,50.889999,35.419998,10.640000,1770370314.323975
-0.391620,-0.423828,1.306132,66.639999,52.919998,10.640000,1770370314.331999
-0.544852,-0.469456,1.437892,84.070000,51.660000,6.580000,1770370314.340096
-0.706624,-0.440420,1.609668,95.339996,44.590000,5.810000,1770370314.347974
-0.807152,-0.357948,1.756556,88.199997,31.920000,-0.210000,1770370314.355976
-0.790804,-0.285724,1.857816,67.410004,9.940000,0.770000,1770370314.363973
-0.716384,-0.262300,1.911252,39.689999,-20.790001,3.010000,1770370314.371959
-0.659532,-0.251808,1.961028,12.670000,-48.790001,6.720000,1770370314.379976
-0.611464,-0.216428,1.956636,-8.750000,-68.040001,7.980000,1770370314.387975
-0.551196,-0.148352,1.916620,-26.110001,-72.519997,7.840000,1770370314.396041
-0.462380,-0.058560,1.814140,-39.759998,-71.540001,4.270000,1770370314.403973
-0.379664,0.020496,1.623332,-52.639999,-66.220001,5.180000,1770370314.412135
-0.315004,0.078812,1.416908,-61.880001,-61.320000,6.930000,1770370314.419963
-0.245220,0.131516,1.220244,-65.099998,-56.560001,10.850000,1770370314.427983
-0.181048,0.183488,1.042856,-64.889999,-52.080002,17.500000,1770370314.435980
-0.131272,0.233020,0.889868,-57.330002,-46.759998,26.040001,1770370314.443992
-0.084424,0.283040,0.773968,-49.000000,-40.250000,31.080000,1770370314.451980
-0.051972,0.338184,0.679540,-43.189999,-32.759998,36.119999,1770370314.459988
-0.033428,0.389180,0.586088,-39.549999,-27.160000,34.790001,1770370314.468048
-0.027816,0.449936,0.515084,-35.700001,-20.580000,36.470001,1770370314.476141
-0.031232,0.492636,0.465064,-36.330002,-13.790000,35.349998,1770370314.483972
-0.032208,0.526552,0.413092,-36.750000,-7.490000,29.959999,1770370314.491986
-0.043920,0.557052,0.353068,-36.470001,-1.890000,30.309999,1770370314.499979
-0.048800,0.545096,0.294508,-33.669998,1.260000,23.450001,1770370314.508076
-0.052460,0.513620,0.232044,-28.350000,4.970000,25.480000,1770370314.516068
-0.042700,0.446276,0.184220,-12.880000,7.280000,19.740000,1770370314.524269
-0.033428,0.385276,0.148108,0.980000,11.060000,18.480000,1770370314.532010
-0.046116,0.332084,0.169336,20.090000,17.639999,12.670000,1770370314.539984
-0.047336,0.296460,0.256444,31.639999,26.950001,8.260000,1770370314.547974
-0.046848,0.325984,0.404308,42.209999,37.939999,5.110000,1770370314.555984
-0.075396,0.304756,0.624884,39.759998,55.230000,-5.530000,1770370314.564005
-0.095892,0.308660,0.856440,35.770000,73.989998,-6.440000,1770370314.572022
-0.128344,0.280600,1.081164,29.400000,97.860001,-11.690000,1770370314.579976
-0.182024,0.209352,1.263188,25.200001,114.099998,-7.910000,1770370314.587972
-0.243268,0.112972,1.396900,25.760000,117.669998,2.800000,1770370314.596077
-0.314272,-0.023668,1.540372,24.570000,103.320000,13.230000,1770370314.603977
-0.371368,-0.158844,1.683844,22.330000,79.239998,24.430000,1770370314.611984
-0.408700,-0.302560,1.784372,24.639999,51.590000,34.439999,1770370314.619964
-0.447252,-0.393328,1.835124,25.760000,30.240000,40.180000,1770370314.627982
-0.458232,-0.461404,1.831220,15.680000,27.719999,41.860001,1770370314.636028
-0.458232,-0.538996,1.781932,0.000000,37.590000,44.660000,1770370314.643983
-0.480436,-0.686860,1.759728,-14.910000,54.459999,40.810001,1770370314.651980
-0.547048,-0.680516,1.711904,-22.190001,74.760002,26.459999,1770370314.659988
-0.627324,-0.703452,1.688968,-32.340000,93.519997,15.400000,1770370314.667978
-0.718824,-0.569008,1.557452,-43.680000,106.540001,-1.050000,1770370314.676125
-0.781044,-0.338672,1.378600,-43.959999,107.730003,-8.820000,1770370314.683981
-0.837164,-0.109556,1.147044,-44.029999,98.000000,-16.100000,1770370314.691979
-0.857904,0.097356,0.905240,-42.070000,76.370003,-25.059999,1770370314.700112
-0.858392,0.226676,0.721020,-43.330002,51.450001,-36.470001,1770370314.708090
-0.799832,0.279624,0.594384,-40.810001,28.280001,-37.380001,1770370314.715972
-0.748104,0.233996,0.531676,-35.910000,8.330000,-35.490002,1770370314.723976
-0.686372,0.159332,0.473848,-32.970001,-6.230000,-42.349998,1770370314.732019
-0.613660,0.118828,0.392108,-24.780001,-17.150000,-42.560001,1770370314.740013
-0.545584,0.122244,0.311832,-16.870001,-26.250000,-46.480000,1770370314.748050
-0.481168,0.151524,0.238388,-13.020000,-36.680000,-48.299999,1770370314.755995
-0.425536,0.175192,0.160796,-6.020000,-47.110001,-51.169998,1770370314.763988
-0.360388,0.211060,0.111020,-4.550000,-57.610001,-52.009998,1770370314.771980
-0.289140,0.212524,0.110532,-0.210000,-68.320000,-52.779999,1770370314.779977
-0.221796,0.201300,0.128100,-0.210000,-74.970001,-49.209999,1770370314.787979
-0.162992,0.158600,0.159820,5.180000,-78.959999,-40.880001,1770370314.795998
-0.113216,0.127124,0.206424,14.840000,-75.879997,-34.090000,1770370314.803990
-0.089792,0.071248,0.294508,28.420000,-66.709999,-23.799999,1770370314.811964
-0.077104,0.008540,0.426512,45.220001,-48.860001,-11.270000,1770370314.819970
-0.090280,-0.040992,0.598044,60.060001,-24.430000,-0.560000,1770370314.828059
-0.152744,-0.095648,0.801052,67.410004,8.540000,9.730000,1770370314.835997
-0.253516,-0.134932,0.975512,70.839996,40.040001,13.230000,1770370314.844036
-0.385764,-0.212280,1.118740,72.239998,63.000000,11.060000,1770370314.851972
-0.538996,-0.293532,1.242448,81.550003,72.730003,10.990000,1770370314.859986
-0.735660,-0.388936,1.347612,95.059998,67.900002,6.860000,1770370314.867976
-0.949404,-0.415776,1.453264,105.699997,53.830002,2.100000,1770370314.876001
-1.116788,-0.400648,1.568920,108.080002,41.930000,-7.910000,1770370314.883972
-1.136796,-0.386252,1.665300,94.430000,15.540000,-16.520000,1770370314.892025
-1.071160,-0.411628,1.737524,73.430000,-25.200001,-21.910000,1770370314.899976
-0.947940,-0.417484,1.781688,52.080002,-66.290001,-21.910000,1770370314.908075
-0.822524,-0.402844,1.810236,32.200001,-99.540001,-17.290001,1770370314.916099
-0.664412,-0.312564,1.828048,17.850000,-122.010002,-20.440001,1770370314.924323
-0.506544,-0.177876,1.817556,0.420000,-129.080002,-21.770000,1770370314.932077
-0.367708,-0.052948,1.720444,-14.980000,-124.809998,-21.700001,1770370314.940007
-0.244000,0.053436,1.552572,-28.700001,-116.059998,-25.340000,1770370314.947971
-0.165432,0.118584,1.357860,-39.900002,-103.599998,-19.530001,1770370314.955974
-0.096624,0.184220,1.172664,-46.410000,-88.550003,-17.430000,1770370314.963991
-0.050996,0.242292,0.998448,-45.639999,-73.639999,-9.030000,1770370314.972070
-0.026596,0.295240,0.844972,-43.959999,-60.410000,0.350000,1770370314.979974
-0.015860,0.329644,0.732976,-41.650002,-48.650002,4.130000,1770370314.987969
-0.022204,0.378932,0.628544,-38.570000,-38.990002,7.140000,1770370314.995961
-0.030256,0.418216,0.539728,-36.189999,-34.020000,9.450000,1770370315.004003
-0.044164,0.452864,0.456768,-38.779999,-29.190001,7.140000,1770370315.011991
-0.063196,0.481168,0.381128,-37.799999,-25.900000,6.580000,1770370315.019974
-0.078812,0.502884,0.297924,-38.500000,-26.040001,3.150000,1770370315.027992
-0.088328,0.508496,0.218136,-36.119999,-26.110001,3.500000,1770370315.036105
-0.092720,0.486292,0.150060,-29.750000,-24.850000,0.210000,1770370315.043976
-0.081740,0.451400,0.086376,-19.879999,-21.770000,-1.260000,1770370315.051974
-0.070028,0.405284,0.039284,-5.880000,-17.709999,-8.750000,1770370315.060561
-0.053436,0.367952,0.057096,9.660000,-10.710000,-11.130000,1770370315.068197
-0.036112,0.352092,0.160064,22.680000,0.070000,-16.100000,1770370315.076106
0.002928,0.346724,0.359900,33.880001,11.620000,-22.330000,1770370315.084070
0.021472,0.384056,0.658800,44.240002,28.700001,-27.790001,1770370315.092141
0.036112,0.416752,0.998204,44.450001,51.450001,-34.790001,1770370315.099975
0.050508,0.430416,1.280512,44.310001,72.940002,-35.139999,1770370315.107974
0.047824,0.322812,1.459608,39.759998,89.180000,-28.280001,1770370315.116038
-0.037088,0.278404,1.534028,32.200001,94.989998,-20.790001,1770370315.124022
-0.096868,0.072468,1.663348,26.180000,87.360001,-7.910000,1770370315.132119
-0.144448,-0.233508,1.840492,33.880001,71.260002,7.350000,1770370315.139975
-0.256444,-0.526552,1.919060,36.959999,55.230000,27.160000,1770370315.147970
-0.379420,-0.496052,1.855376,47.740002,50.889999,25.690001,1770370315.155972
-0.420168,-0.472628,1.815848,47.320000,53.830002,24.920000,1770370315.164101
-0.448472,-0.513132,1.755336,39.549999,61.040001,27.580000,1770370315.171975
-0.510936,-0.590480,1.708000,24.430000,73.779999,24.570000,1770370315.179976
-0.588040,-0.195688,1.558428,23.309999,82.529999,6.230000,1770370315.187971
-0.657580,-0.179096,1.651880,28.420000,91.910004,-7.210000,1770370315.195971
-0.803980,-0.405772,1.588196,-16.240000,104.230003,-10.570000,1770370315.203980
-0.877912,-0.260348,1.336144,-47.740002,103.739998,-19.459999,1770370315.212094
-0.905240,-0.086376,1.073356,-54.110001,85.680000,-29.330000,1770370315.219977
-0.928420,0.159576,0.837896,-44.450001,58.169998,-38.080002,1770370315.227982
-0.928664,0.362340,0.678076,-23.100000,31.150000,-48.720001,1770370315.236042
-0.862296,0.465796,0.586332,-3.220000,8.960000,-52.990002,1770370315.243976
-0.785680,0.229116,0.552416,-5.250000,-8.260000,-56.000000,1770370315.251999
-0.702232,0.001220,0.399916,-29.190001,-20.580000,-53.200001,1770370315.259971
-0.618784,-0.083936,0.243512,-43.259998,-32.759998,-59.080002,1770370315.267977
-0.543876,-0.057340,0.124440,-41.860001,-45.009998,-60.830002,1770370315.276001
-0.478728,0.008296,0.069784,-27.790001,-53.830002,-64.750000,1770370315.283965
-0.410408,0.112728,0.055388,-9.030000,-64.050003,-65.309998,1770370315.292051
-0.344528,0.207888,0.083936,3.990000,-75.389999,-69.160004,1770370315.300000
-0.278892,0.272548,0.125172,13.580000,-85.400002,-68.180000,1770370315.307967
-0.208864,0.273768,0.158356,13.510000,-92.260002,-63.419998,1770370315.315970
-0.156404,0.215940,0.198860,14.000000,-96.529999,-52.080002,1770370315.323956
-0.118096,0.133468,0.246928,16.870001,-91.910004,-39.549999,1770370315.332003
-0.078812,0.064904,0.332816,26.530001,-83.300003,-28.770000,1770370315.339969
-0.063928,-0.004148,0.497516,35.770000,-63.560001,-12.880000,1770370315.347980
-0.087108,-0.038796,0.726144,43.889999,-32.759998,-7.210000,1770370315.355978
-0.138104,-0.055144,0.969168,51.520000,4.760000,0.980000,1770370315.364098
-0.199592,-0.079300,1.163392,56.770000,33.810001,1.330000,1770370315.371962
-0.291092,-0.142008,1.321504,65.379997,46.689999,6.510000,1770370315.379974
-0.426024,-0.203740,1.466196,80.290001,45.290001,8.050000,1770370315.387979
-0.606340,-0.204960,1.639680,94.290001,35.419998,10.500000,1770370315.395974
-0.811544,-0.133712,1.855864,94.080002,31.570000,6.160000,1770370315.403980
-0.888160,-0.131272,1.908568,77.489998,23.379999,-7.560000,1770370315.412048
-0.826916,-0.199592,1.853180,55.650002,2.380000,-10.360000,1770370315.419961
-0.765916,-0.262056,1.790716,38.220001,-30.240000,-7.420000,1770370315.428235
-0.713456,-0.313052,1.770220,24.080000,-57.470001,-4.550000,1770370315.436010
-0.651236,-0.301340,1.743868,7.980000,-76.440002,-8.260000,1770370315.443976
-0.570228,-0.254980,1.683600,-7.700000,-86.169998,-10.150000,1770370315.451979
-0.480924,-0.188368,1.590148,-22.680000,-85.959999,-11.830000,1770370315.459986
-0.390400,-0.123220,1.469856,-36.119999,-83.160004,-16.030001,1770370315.468159
-0.305732,-0.051240,1.318576,-48.650002,-74.970001,-10.430000,1770370315.475971
-0.251808,0.010980,1.170956,-54.040001,-67.339996,-10.780000,1770370315.483975
-0.203008,0.071736,1.033584,-56.349998,-60.830002,-6.300000,1770370315.492033
-0.156160,0.123464,0.904996,-58.310001,-52.779999,-2.520000,1770370315.500014
-0.126392,0.169336,0.788608,-52.009998,-49.209999,3.080000,1770370315.507976
-0.104432,0.224724,0.697108,-47.740002,-46.200001,9.030000,1770370315.515976
-0.091988,0.285480,0.615368,-42.209999,-43.889999,12.110000,1770370315.524005
-0.085888,0.346480,0.552416,-39.689999,-41.650002,15.820000,1770370315.531998
-0.089792,0.408212,0.499956,-37.869999,-38.080002,13.090000,1770370315.539977
-0.090280,0.452132,0.449692,-38.430000,-37.590000,13.650000,1770370315.547979
-0.085156,0.483608,0.400648,-41.860001,-35.000000,12.250000,1770370315.555978
-0.067344,0.486780,0.353800,-41.650002,-33.250000,8.540000,1770370315.564135
-0.055144,0.457256,0.298900,-35.419998,-30.660000,9.660000,1770370315.571981
-0.027084,0.409432,0.224480,-25.760000,-31.709999,2.800000,1770370315.579979
-0.008784,0.364048,0.146888,-5.250000,-31.219999,-3.430000,1770370315.587979
0.015616,0.325496,0.127368,10.780000,-27.370001,-3.710000,1770370315.595992
0.046116,0.309148,0.184464,27.299999,-19.600000,-12.600000,1770370315.604050
0.080520,0.300364,0.323544,35.419998,-8.050000,-13.790000,1770370315.611980
0.108336,0.286212,0.543388,43.330002,11.200000,-19.809999,1770370315.619962
0.142984,0.312564,0.847900,44.520000,31.570000,-23.799999,1770370315.628212
0.175436,0.308660,1.116788,41.299999,54.880001,-24.780001,1770370315.635977
0.202520,0.274744,1.334192,35.770000,72.940002,-25.690001,1770370315.644102
0.211548,0.232776,1.478396,32.410000,83.019997,-19.670000,1770370315.651978
0.196176,0.060024,1.593320,28.350000,83.790001,-17.150000,1770370315.659975
0.146888,-0.127612,1.659200,26.950001,80.150002,-4.270000,1770370315.667974
0.064660,-0.324520,1.738500,33.250000,79.589996,10.080000,1770370315.675992
-0.051728,-0.456280,1.781932,42.209999,84.910004,18.129999,1770370315.684059
-0.176656,-0.498736,1.749480,39.759998,96.669998,24.709999,1770370315.692020
-0.273280,-0.541192,1.687748,33.250000,110.879997,28.139999,1770370315.699996
-0.376248,-0.588772,1.657248,23.870001,126.209999,31.850000,1770370315.707975
-0.515084,-0.555588,1.650416,17.010000,136.779999,25.340000,1770370315.716005
-0.677832,-0.501420,1.647976,6.440000,146.369995,15.260000,1770370315.724055
-0.880840,-0.345504,1.570628,-2.310000,152.250000,12.320000,1770370315.731989
-1.031144,-0.159576,1.498160,-1.890000,146.720001,-6.440000,1770370315.739982
-1.120936,-0.068320,1.267336,-24.219999,128.660004,-10.570000,1770370315.748057
-1.145580,-0.032208,0.969168,-46.689999,99.750000,-16.660000,1770370315.756086
-1.117032,-0.038552,0.733952,-60.200001,60.619999,-18.410000,1770370315.763977
-1.060424,-0.028792,0.572180,-58.939999,25.480000,-16.520000,1770370315.771985
-0.998692,0.003904,0.480924,-46.759998,-2.590000,-19.320000,1770370315.779978
-0.913780,0.068076,0.411384,-27.860001,-24.920000,-23.379999,1770370315.787976
-0.822036,0.157868,0.354532,-15.540000,-42.000000,-29.330000,1770370315.796024
-0.698816,0.257664,0.318908,-6.440000,-54.180000,-37.520000,1770370315.803975
-0.585844,0.348432,0.285724,-1.470000,-63.349998,-42.000000,1770370315.811979
-0.494832,0.407480,0.242048,1.330000,-72.309998,-46.830002,1770370315.819990
-0.396988,0.417240,0.211304,1.680000,-79.589996,-46.900002,1770370315.828057
-0.302072,0.383080,0.203984,-1.120000,-84.839996,-43.540001,1770370315.835965
-0.229848,0.319640,0.214476,-5.740000,-87.849998,-34.930000,1770370315.844104
-0.168116,0.227164,0.226432,-9.240000,-87.709999,-28.070000,1770370315.851973
-0.125172,0.140788,0.242292,-8.680000,-86.589996,-18.549999,1770370315.859976
-0.101992,0.061732,0.292800,-2.800000,-83.300003,-6.440000,1770370315.867980
-0.084424,-0.000732,0.378444,10.780000,-75.180000,6.020000,1770370315.876092
-0.084668,-0.042944,0.505812,22.680000,-60.970001,16.730000,1770370315.883995
-0.100284,-0.068320,0.674172,38.220001,-37.380001,21.420000,1770370315.892113
-0.142252,-0.096380,0.844972,50.330002,-11.830000,25.690001,1770370315.899982
-0.216428,-0.121024,0.998448,58.310001,10.500000,26.950001,1770370315.907974
-0.318420,-0.156892,1.149972,67.970001,26.389999,18.690001,1770370315.915982
-0.447252,-0.176412,1.328824,70.839996,34.930000,15.330000,1770370315.924101
-0.589016,-0.155672,1.511336,74.550003,39.830002,6.580000,1770370315.931979
-0.739076,-0.117364,1.662372,75.320000,40.250000,-5.180000,1770370315.939978
-0.804956,-0.124928,1.753140,65.730003,31.920000,-13.370000,1770370315.948093
-0.795684,-0.174704,1.761436,52.080002,8.050000,-16.170000,1770370315.955998
-0.714676,-0.250100,1.771440,35.070000,-29.889999,-11.270000,1770370315.963977
-0.658556,-0.309392,1.784860,18.059999,-66.220001,-10.360000,1770370315.971985
-0.602436,-0.341356,1.773636,3.080000,-87.010002,-7.560000,1770370315.980028
-0.518744,-0.329888,1.729472,-5.600000,-98.209999,-12.810000,1770370315.988062
-0.409188,-0.266204,1.655540,-16.030001,-97.370003,-10.990000,1770370315.995978
-0.293532,-0.166164,1.557452,-24.219999,-92.680000,-13.580000,1770370316.003977
-0.191540,-0.060024,1.423008,-34.369999,-83.860001,-12.600000,1770370316.012014
-0.122732,0.043188,1.271728,-40.459999,-71.889999,-8.120000,1770370316.019980
-0.088084,0.121512,1.133624,-48.230000,-57.540001,-2.170000,1770370316.028059
-0.065880,0.189832,1.007964,-50.959999,-43.330002,3.570000,1770370316.035990
-0.062220,0.235216,0.891332,-55.439999,-30.870001,7.210000,1770370316.044043
-0.068564,0.280844,0.781044,-59.080002,-22.049999,10.570000,1770370316.051983
-0.078812,0.311344,0.673196,-56.560001,-15.470000,11.200000,1770370316.060209
-0.098332,0.349896,0.563152,-56.560001,-11.900000,12.950000,1770370316.068183
-0.121756,0.386496,0.478728,-54.250000,-10.500000,14.210000,1770370316.076105
-0.138836,0.401624,0.429196,-50.259998,-9.590000,15.260000,1770370316.084008
-0.141764,0.416020,0.422852,-47.180000,-9.590000,12.250000,1770370316.092024
-0.129808,0.433588,0.445544,-40.529999,-7.280000,12.040000,1770370316.100141
-0.107604,0.452376,0.473116,-35.209999,-6.580000,13.790000,1770370316.108007
-0.088084,0.449936,0.486292,-28.420000,-7.770000,10.990000,1770370316.115974
-0.061732,0.420900,0.454572,-22.190001,-12.320000,9.660000,1770370316.124119
-0.025376,0.360388,0.390156,-10.430000,-16.590000,6.510000,1770370316.132138
0.012200,0.287188,0.348920,7.420000,-19.110001,3.920000,1770370316.139980
0.056852,0.246684,0.371124,25.620001,-16.450001,0.980000,1770370316.147979
0.093940,0.231068,0.480192,43.750000,-8.120000,-4.060000,1770370316.156032
0.123708,0.243512,0.663192,52.849998,6.230000,-9.380000,1770370316.163980
0.161284,0.254004,0.922564,57.750000,24.570000,-9.800000,1770370316.171988
0.179096,0.265960,1.172664,54.180000,46.130001,-11.550000,1770370316.180090
0.186660,0.215208,1.364936,45.570000,66.500000,-12.320000,1770370316.187976
0.182024,0.138348,1.468636,40.810001,81.339996,-4.270000,1770370316.195976
0.124196,0.010248,1.546228,42.349998,91.139999,-0.140000,1770370316.203976
0.028792,-0.084912,1.609668,43.189999,98.000000,10.640000,1770370316.212007
-0.094428,-0.158844,1.653588,44.310001,108.779999,17.010000,1770370316.219972
-0.212280,-0.212768,1.659688,35.770000,118.440002,28.629999,1770370316.227989
-0.330132,-0.292556,1.645292,26.110001,125.860001,36.610001,1770370316.235978
-0.460672,-0.426268,1.611376,14.910000,134.399994,42.910000,1770370316.243968
-0.616344,-0.569252,1.574776,3.640000,141.050003,40.950001,1770370316.252019
-0.791048,-0.683688,1.521584,-6.230000,144.199997,29.190001,1770370316.259990
-0.945256,-0.714188,1.446188,-18.200001,141.679993,18.200001,1770370316.267971
-1.069208,-0.592188,1.344684,-29.540001,130.970001,5.180000,1770370316.275976
-1.127524,-0.401380,1.210972,-36.189999,107.800003,-2.450000,1770370316.283969
-1.133868,-0.218380,1.020164,-38.220001,74.339996,-6.510000,1770370316.291979
-1.108736,-0.082228,0.845460,-37.590000,40.880001,-10.570000,1770370316.300063
-1.052616,0.035624,0.719068,-36.189999,8.120000,-17.570000,1770370316.307980
-0.964776,0.130296,0.616832,-34.369999,-16.799999,-21.000000,1770370316.315969
-0.847168,0.199348,0.506544,-33.459999,-39.130001,-29.750000,1770370316.323959
-0.721752,0.235460,0.398452,-29.469999,-58.380001,-33.599998,1770370316.332155
-0.612928,0.264252,0.329400,-24.430000,-71.260002,-38.639999,1770370316.339958
-0.527528,0.288408,0.314516,-24.639999,-79.309998,-37.730000,1770370316.347968
-0.442128,0.308904,0.320616,-25.480000,-80.290001,-43.680000,1770370316.355974
-0.374540,0.322568,0.322812,-26.879999,-78.820000,-42.490002,1770370316.363972
-0.318420,0.335744,0.326228,-23.030001,-73.220001,-45.849998,1770370316.371961
-0.277672,0.321348,0.350384,-18.900000,-64.610001,-41.509998,1770370316.380047
-0.244732,0.297436,0.388448,-11.690000,-54.599998,-36.750000,1770370316.387979
-0.220576,0.269620,0.414312,-2.870000,-42.910000,-28.559999,1770370316.395976
-0.226676,0.238632,0.436028,7.420000,-35.770000,-13.580000,1770370316.403989
-0.245952,0.190320,0.451156,18.340000,-31.709999,-2.730000,1770370316.412031
-0.274988,0.122244,0.479948,30.240000,-28.910000,8.610000,1770370316.419978
-0.305976,0.053924,0.543388,43.470001,-25.690001,16.590000,1770370316.427966
-0.359168,-0.001952,0.680760,53.759998,-19.040001,24.010000,1770370316.435992
-0.423584,-0.061244,0.859856,60.619999,-9.170000,20.090000,1770370316.443968
-0.500200,-0.106872,1.035292,66.570000,0.840000,16.030001,1770370316.451989
-0.571936,-0.161284,1.174616,69.089996,7.490000,9.170000,1770370316.460009
-0.657580,-0.185684,1.282952,74.760002,9.100000,3.570000,1770370316.468065
-0.717848,-0.196908,1.392996,72.379997,5.320000,-5.880000,1770370316.475986
-0.754204,-0.180804,1.502796,66.639999,-6.650000,-11.620000,1770370316.483984
-0.726388,-0.170556,1.607960,57.680000,-24.570000,-15.190000,1770370316.492077
-0.631472,-0.187636,1.671156,37.520000,-49.700001,-13.440000,1770370316.500045
-0.528260,-0.200812,1.714832,21.910000,-76.720001,-12.950000,1770370316.507972
-0.433100,-0.230824,1.707756,4.340000,-98.070000,-7.770000,1770370316.515988
-0.335012,-0.245708,1.637240,-11.340000,-111.300003,-9.030000,1770370316.523993
-0.229360,-0.227164,1.529148,-21.000000,-115.010002,-5.320000,1770370316.532002
-0.147620,-0.160552,1.412028,-27.299999,-107.730003,-5.110000,1770370316.539978
-0.091012,-0.079788,1.299788,-32.970001,-93.940002,-0.700000,1770370316.547973
-0.059292,0.017568,1.196332,-35.209999,-75.879997,-1.050000,1770370316.555991
-0.044408,0.107848,1.099220,-42.139999,-53.970001,-3.640000,1770370316.563986
-0.043920,0.191052,1.003816,-45.919998,-33.250000,-2.170000,1770370316.571982
-0.054900,0.253028,0.914756,-54.110001,-12.670000,-3.500000,1770370316.579982
-0.077836,0.288652,0.821060,-56.209999,1.890000,-3.290000,1770370316.588003
-0.117608,0.294996,0.752984,-60.060001,13.090000,2.940000,1770370316.596000
-0.156404,0.298900,0.701988,-59.779999,19.530001,2.100000,1770370316.603978
-0.192516,0.291580,0.661240,-55.930000,23.030001,9.100000,1770370316.611975
-0.235460,0.295240,0.642696,-49.000000,22.400000,8.750000,1770370316.620066
-0.258884,0.305244,0.643428,-40.459999,14.910000,8.750000,1770370316.627973
-0.275476,0.320860,0.658556,-38.080002,5.740000,5.810000,1770370316.635992
-0.256200,0.342820,0.690276,-33.669998,-6.930000,1.400000,1770370316.644051
-0.210572,0.363316,0.695888,-32.270000,-20.650000,-0.280000,1770370316.651974
-0.146156,0.353556,0.685640,-27.860001,-35.139999,-6.860000,1770370316.659976
-0.059780,0.321348,0.679052,-16.660000,-50.119999,-5.740000,1770370316.668031
0.019032,0.277184,0.669292,-5.530000,-59.639999,-5.180000,1770370316.676117
0.090768,0.224236,0.639036,9.800000,-64.889999,-4.480000,1770370316.683986
0.162504,0.180316,0.612684,26.320000,-61.110001,-2.030000,1770370316.691980
0.221552,0.145424,0.640988,40.529999,-55.509998,-6.160000,1770370316.699996
0.274744,0.122976,0.726632,49.349998,-40.669998,-5.740000,1770370316.707983
0.315736,0.106384,0.858148,52.990002,-18.549999,-2.590000,1770370316.716034
0.347456,0.063196,1.016260,54.389999,10.080000,-0.910000,1770370316.723968
0.367464,0.009760,1.163636,54.320000,42.490002,9.100000,1770370316.732205
0.352580,-0.070028,1.281732,51.660000,77.209999,19.950001,1770370316.739952
0.297924,-0.177632,1.413736,52.430000,109.760002,37.799999,1770370316.748023
0.200812,-0.285236,1.555500,49.000000,137.619995,52.919998,1770370316.755973
0.051972,-0.358192,1.646268,41.650002,157.289993,65.730003,1770370316.764002
-0.162748,-0.429440,1.631872,27.650000,171.080002,72.029999,1770370316.771990
-0.389424,-0.496052,1.543300,9.940000,179.550003,67.900002,1770370316.779987
-0.600240,-0.521184,1.433012,-5.250000,184.660004,57.540001,1770370316.787980
-0.796904,-0.530700,1.302472,-15.820000,184.449997,43.540001,1770370316.796051
-0.953552,-0.499224,1.189012,-24.990000,178.919998,31.150000,1770370316.803975
-1.072136,-0.385032,1.077260,-28.629999,166.669998,19.530001,1770370316.811979
-1.144604,-0.250100,0.990884,-33.320000,139.440002,5.810000,1770370316.820089
-1.158268,-0.087840,0.903776,-35.770000,103.669998,-4.760000,1770370316.828119
-1.132648,0.040748,0.831308,-43.540001,60.270000,-10.780000,1770370316.835994
-1.080920,0.146156,0.777384,-49.980000,19.809999,-18.760000,1770370316.844009
-0.989664,0.207400,0.717604,-56.419998,-18.900000,-28.629999,1770370316.852003
-0.859124,0.259372,0.637328,-57.330002,-49.070000,-31.080000,1770370316.859980
-0.730780,0.287920,0.551928,-53.200001,-71.889999,-31.430000,1770370316.868029
-0.604388,0.299388,0.481900,-47.880001,-88.410004,-34.160000,1770370316.876055
-0.503128,0.307196,0.437004,-42.349998,-92.470001,-35.349998,1770370316.883997
-0.415288,0.307440,0.421388,-35.910000,-85.820000,-32.549999,1770370316.891979
-0.340868,0.322568,0.437248,-28.770000,-70.279999,-25.340000,1770370316.899982
-0.305732,0.324520,0.484096,-20.650000,-46.759998,-15.540000,1770370316.907959
-0.302560,0.320128,0.539240,-15.260000,-20.230000,-4.830000,1770370316.915962
-0.331352,0.295728,0.586088,-7.420000,5.600000,-1.120000,1770370316.924017
-0.386984,0.260348,0.657092,-1.820000,27.510000,4.130000,1770370316.932047
-0.464088,0.225700,0.743712,1.750000,43.259998,4.690000,1770370316.940091
-0.547536,0.165920,0.804224,9.800000,50.119999,8.190000,1770370316.947972
-0.619272,0.086620,0.786656,14.420000,46.060001,11.060000,1770370316.955959
-0.676612,0.004880,0.703452,26.320000,33.810001,16.450001,1770370316.963984
-0.698816,-0.071248,0.622444,35.770000,12.740000,21.559999,1770370316.971979
-0.696376,-0.148108,0.597312,46.270000,-12.670000,23.450001,1770370316.980014
-0.686128,-0.222040,0.632204,54.110001,-36.259998,26.879999,1770370316.988041
-0.668560,-0.297436,0.721996,58.869999,-57.400002,21.280001,1770370316.995983
-0.645624,-0.351848,0.856440,64.400002,-76.440002,19.110001,1770370317.004016
-0.624884,-0.386496,0.990396,68.529999,-88.760002,7.490000,1770370317.011982
-0.592676,-0.387960,1.112152,69.089996,-94.919998,-2.940000,1770370317.019977
-0.555344,-0.351848,1.250744,67.199997,-97.019997,-12.390000,1770370317.027964
-0.501664,-0.278160,1.415932,59.779999,-93.870003,-22.540001,1770370317.036094
-0.400404,-0.187392,1.551108,45.430000,-90.160004,-31.080000,1770370317.043978
-0.281576,-0.094428,1.641876,26.530001,-89.110001,-35.700001,1770370317.051978
-0.178608,-0.013176,1.670912,4.900000,-88.480003,-38.639999,1770370317.060623
-0.094184,0.039528,1.605764,-14.560000,-87.430000,-35.700001,1770370317.068613
-0.037576,0.080764,1.442772,-29.330000,-87.500000,-28.420000,1770370317.076163
-0.010736,0.099308,1.272216,-39.410000,-86.870003,-23.450001,1770370317.084328
-0.006588,0.134200,1.146800,-47.529999,-79.309998,-16.309999,1770370317.092143
-0.016104,0.149084,1.084580,-52.080002,-65.169998,-9.660000,1770370317.100589
-0.029524,0.177388,1.057008,-56.000000,-44.029999,-10.150000,1770370317.108180
-0.056608,0.185440,1.032120,-59.639999,-19.530001,-3.850000,1770370317.115973
-0.084668,0.200812,0.996252,-56.209999,8.610000,-2.450000,1770370317.124015
-0.130052,0.197640,0.954528,-51.799999,29.820000,-4.410000,1770370317.132447
-0.174460,0.201544,0.907924,-49.770000,39.270000,-0.910000,1770370317.139983
-0.219356,0.193736,0.870104,-44.660000,38.500000,-5.530000,1770370317.147971
-0.263276,0.189832,0.819352,-35.980000,29.049999,-1.820000,1770370317.155978
-0.290848,0.180560,0.794708,-27.440001,14.280000,-7.910000,1770370317.163979
-0.289628,0.172508,0.816668,-16.030001,-6.930000,-8.190000,1770370317.172011
-0.258396,0.172752,0.875716,-8.470000,-25.549999,-13.720000,1770370317.179975
-0.195200,0.190808,0.953552,0.000000,-41.509998,-16.660000,1770370317.188035
-0.113460,0.214232,1.032608,2.100000,-54.669998,-21.559999,1770370317.195996
-0.027572,0.230092,1.092388,0.560000,-64.330002,-23.240000,1770370317.203978
0.058072,0.228140,1.090680,2.870000,-68.949997,-22.260000,1770370317.211978
0.142496,0.211548,1.031388,2.030000,-72.519997,-21.490000,1770370317.220006
0.199836,0.185684,0.929396,7.560000,-70.629997,-15.190000,1770370317.227959
0.248636,0.158112,0.823256,11.340000,-62.439999,-8.470000,1770370317.235985
0.283284,0.136152,0.720288,15.400000,-51.869999,-1.960000,1770370317.244033
0.307196,0.082960,0.630984,19.600000,-30.520000,10.080000,1770370317.252028
0.324520,-0.003416,0.589016,25.620001,-4.830000,19.110001,1770370317.259974
0.332328,-0.116388,0.625616,31.780001,25.620001,30.730000,1770370317.267972
0.324276,-0.233264,0.740052,36.400002,60.689999,45.430000,1770370317.275973
0.274256,-0.301828,0.880108,40.529999,94.430000,50.750000,1770370317.283999
0.188124,-0.307928,1.006500,44.099998,125.720001,58.799999,1770370317.292133
0.066856,-0.277428,1.091900,42.209999,152.460007,62.509998,1770370317.299976
-0.080764,-0.265960,1.162904,37.240002,171.149994,62.369999,1770370317.307973
-0.247904,-0.244976,1.233664,25.760000,182.490005,61.040001,1770370317.315966
-0.439444,-0.196176,1.272948,8.470000,188.720001,56.070000,1770370317.323969
-0.620004,-0.153476,1.245132,-8.960000,187.669998,47.810001,1770370317.332033
-0.769332,-0.136884,1.142896,-22.750000,180.110001,32.759998,1770370317.339991
-0.874740,-0.152744,1.013332,-30.450001,161.419998,27.020000,1770370317.347979
-0.945012,-0.190076,0.906948,-34.090000,135.449997,11.900000,1770370317.355971
-0.987956,-0.204228,0.874740,-31.219999,106.330002,4.900000,1770370317.363969
-1.012600,-0.169336,0.934764,-28.420000,75.110001,-1.120000,1770370317.371959
-1.020408,-0.107604,1.035048,-27.860001,46.270000,-2.520000,1770370317.379973
-0.985272,-0.033916,1.058472,-28.139999,15.820000,-10.150000,1770370317.387985
-0.920612,0.055632,0.996496,-33.250000,-11.830000,-13.860000,1770370317.396100
-0.835944,0.128344,0.902068,-39.130001,-31.360001,-22.680000,1770370317.403977
-0.742492,0.167384,0.806176,-41.020000,-44.029999,-24.500000,1770370317.411978
-0.650992,0.183488,0.713456,-43.750000,-46.900002,-23.450001,1770370317.419980
-0.576084,0.182512,0.647088,-38.360001,-38.430000,-17.639999,1770370317.428009
-0.536312,0.152744,0.631228,-28.910000,-26.879999,-9.800000,1770370317.436008
-0.521184,0.121024,0.661240,-20.510000,-10.500000,-6.300000,1770370317.443979
-0.537776,0.083936,0.711016,-13.860000,7.280000,-3.080000,1770370317.451980
-0.577060,0.074176,0.742492,-10.430000,27.370001,-5.180000,1770370317.460084
-0.649528,0.087596,0.744932,-5.250000,43.470001,-4.200000,1770370317.467976
-0.730536,0.043676,0.771284,-4.060000,54.459999,-3.290000,1770370317.475977
-0.800076,0.028548,0.771040,-5.110000,59.220001,-4.200000,1770370317.483985
-0.861808,-0.006588,0.755180,1.120000,53.830002,-3.640000,1770370317.491978
-0.893284,-0.052704,0.721508,2.870000,41.720001,-1.120000,1770370317.500092
-0.898408,-0.101016,0.669780,6.650000,19.600000,0.770000,1770370317.507988
-0.875228,-0.137372,0.637084,14.420000,-7.770000,6.510000,1770370317.515978
-0.841312,-0.165676,0.631960,21.209999,-39.060001,9.730000,1770370317.523995
-0.800076,-0.191052,0.627568,28.840000,-66.500000,13.020000,1770370317.531978
-0.744932,-0.210084,0.642940,33.669998,-90.930000,11.900000,1770370317.539986
-0.681492,-0.195444,0.681004,41.650002,-110.040001,5.040000,1770370317.547976
-0.609512,-0.152012,0.700280,44.520000,-122.919998,1.680000,1770370317.555974
-0.536800,-0.075640,0.710528,52.849998,-133.139999,-5.390000,1770370317.564000
-0.472384,0.011468,0.798124,54.180000,-136.009995,-14.980000,1770370317.572015
-0.396012,0.131028,0.962824,50.959999,-133.490005,-24.850000,1770370317.579976
-0.305976,0.268400,1.160464,42.349998,-126.419998,-35.490002,1770370317.587978
-0.210084,0.387228,1.289540,21.629999,-117.739998,-45.150002,1770370317.595984
-0.090280,0.441640,1.317844,0.980000,-109.830002,-50.119999,1770370317.604107
0.012444,0.429684,1.257820,-17.010000,-105.279999,-40.880001,1770370317.611978
0.072224,0.369904,1.179496,-32.689999,-101.919998,-38.150002,1770370317.619962
0.092232,0.280600,1.123132,-44.799999,-94.500000,-29.540001,1770370317.627965
0.095404,0.177388,1.096048,-52.360001,-80.639999,-24.150000,1770370317.636140
0.095160,0.072712,1.089948,-52.220001,-59.500000,-19.530001,1770370317.643977
0.076860,-0.011224,1.094828,-44.869999,-36.259998,-16.520000,1770370317.651986
0.050264,-0.091500,1.097268,-35.070000,-13.020000,-20.299999,1770370317.659981
0.023912,-0.155184,1.098976,-24.010000,3.640000,-21.000000,1770370317.667990
-0.015128,-0.196420,1.097512,-13.860000,15.610000,-21.770000,1770370317.676027
-0.042944,-0.227408,1.112884,-4.480000,20.650000,-20.230000,1770370317.683975
-0.068320,-0.218380,1.147288,6.090000,19.600000,-24.010000,1770370317.692048
-0.085644,-0.174704,1.204140,11.900000,15.260000,-21.420000,1770370317.700047
-0.094184,-0.115656,1.251476,12.320000,5.390000,-22.889999,1770370317.707974
-0.091500,-0.071004,1.264652,6.370000,-10.500000,-23.660000,1770370317.715985
-0.070028,-0.040748,1.219512,-0.210000,-25.480000,-19.740000,1770370317.723974
-0.042456,-0.026108,1.151924,-3.570000,-36.959999,-17.290001,1770370317.731985
0.000244,-0.013420,1.098000,-8.470000,-46.970001,-17.080000,1770370317.739993
0.049776,-0.007808,1.047492,-11.130000,-51.169998,-13.930000,1770370317.747982
0.091012,0.014884,1.021628,-16.660000,-48.580002,-11.550000,1770370317.756002
0.127368,0.050264,0.997716,-18.129999,-42.560001,-10.220000,1770370317.763982
0.162992,0.069296,0.965508,-17.780001,-30.240000,-5.880000,1770370317.771978
0.191784,0.070272,0.923052,-13.370000,-13.720000,1.400000,1770370317.780087
0.202520,0.040504,0.859612,-5.320000,4.970000,12.740000,1770370317.788053
0.195444,0.003416,0.767380,-0.210000,22.680000,25.480000,1770370317.795981
0.164700,0.002684,0.658068,7.770000,39.130001,39.270000,1770370317.803980
0.129564,0.022448,0.548268,16.170000,52.290001,43.540001,1770370317.812035
0.106384,0.011712,0.490196,24.639999,67.620003,49.840000,1770370317.819979
0.057340,-0.067832,0.529968,34.860001,83.860001,55.299999,1770370317.827968
0.017080,-0.120292,0.650016,41.090000,102.970001,60.130001,1770370317.836178
-0.051972,-0.107360,0.796904,47.529999,123.059998,61.810001,1770370317.843972
-0.129564,-0.044896,0.924516,44.099998,140.630005,62.090000,1770370317.852087
-0.245464,0.036356,1.045784,33.320000,153.509995,56.349998,1770370317.859974
-0.384056,0.116144,1.163880,16.240000,159.039993,51.380001,1770370317.867973
-0.522404,0.140300,1.203164,-6.090000,156.520004,46.549999,1770370317.875962
-0.681004,0.098576,1.167296,-23.030001,147.979996,39.830002,1770370317.883983
-0.805444,0.015128,1.095560,-29.260000,132.440002,28.700001,1770370317.892074
-0.894016,-0.072468,1.022848,-29.400000,116.970001,22.750000,1770370317.899975
-0.982832,-0.112728,0.946720,-21.070000,97.089996,13.090000,1770370317.907974
-1.044564,-0.105408,0.876448,-19.530001,73.570000,-2.240000,1770370317.915982
-1.048956,-0.040748,0.832772,-16.870001,47.459999,-10.780000,1770370317.924139
-1.004548,0.019764,0.830088,-20.860001,22.190001,-16.170000,1770370317.931972
-0.933544,0.045628,0.855952,-28.910000,-0.140000,-16.100000,1770370317.939985
-0.848388,0.024156,0.902556,-34.650002,-11.830000,-12.040000,1770370317.947973
-0.777384,-0.025376,0.948672,-39.410000,-16.240000,-4.200000,1770370317.955959
-0.738832,-0.086376,0.978684,-39.200001,-15.470000,3.010000,1770370317.963976
-0.720532,-0.135664,0.986004,-33.459999,-8.820000,9.520000,1770370317.971984
-0.725656,-0.158112,0.952576,-27.650000,0.630000,9.310000,1770370317.980097
-0.739808,-0.158112,0.901092,-21.000000,11.200000,8.610000,1770370317.987967
-0.763964,-0.137372,0.839360,-17.290001,21.770000,12.110000,1770370317.995979
-0.786656,-0.119072,0.771040,-13.090000,27.860001,12.110000,1770370318.003982
-0.820816,-0.096868,0.722728,-10.570000,30.030001,12.460000,1770370318.012073
-0.850096,-0.068320,0.709064,-8.680000,28.139999,7.630000,1770370318.019971
-0.871080,-0.040504,0.720532,-6.580000,24.850000,7.140000,1770370318.028000
-0.874252,-0.027084,0.734684,-5.460000,14.210000,0.420000,1770370318.036013
-0.868396,-0.025376,0.754204,-1.260000,1.540000,0.560000,1770370318.043982
-0.845704,-0.042944,0.748592,3.780000,-16.379999,-1.960000,1770370318.051981
-0.795928,-0.066612,0.687836,15.190000,-44.099998,-4.340000,1770370318.060731
-0.728096,-0.062464,0.623664,26.459999,-68.320000,-6.090000,1770370318.068187
-0.633912,-0.031720,0.560224,36.750000,-95.830002,-6.860000,1770370318.076218
-0.538020,0.001220,0.490196,42.980000,-119.489998,-5.950000,1770370318.084017
-0.468480,0.027328,0.428952,51.660000,-136.919998,-6.510000,1770370318.092001
-0.406748,0.064660,0.441884,56.419998,-145.460007,-11.690000,1770370318.099982
-0.348920,0.120292,0.514596,56.560001,-146.580002,-19.670000,1770370318.108039
-0.290848,0.192516,0.634156,50.680000,-136.360001,-25.620001,1770370318.116085
-0.225700,0.269376,0.780556,36.820000,-120.680000,-35.840000,1770370318.123971
-0.171288,0.352336,0.951844,20.020000,-100.169998,-43.119999,1770370318.131986
-0.122976,0.419192,1.104832,-4.970000,-78.540001,-48.509998,1770370318.139977
-0.093208,0.432124,1.190476,-27.580000,-59.990002,-54.669998,1770370318.147974
-0.063196,0.371856,1.209020,-45.779999,-47.040001,-51.660000,1770370318.156095
-0.022936,0.263276,1.235372,-53.200001,-41.650002,-44.029999,1770370318.163970
-0.002928,0.150060,1.259528,-49.000000,-40.529999,-36.189999,1770370318.171976
-0.011468,0.031476,1.254160,-40.320000,-43.750000,-31.360001,1770370318.179974
-0.020252,-0.073688,1.262456,-25.549999,-45.779999,-31.219999,1770370318.187976
-0.035624,-0.151280,1.306132,-14.210000,-44.099998,-28.770000,1770370318.195989
-0.048068,-0.189344,1.350296,1.750000,-37.240002,-34.230000,1770370318.204002
-0.041236,-0.205692,1.377868,12.460000,-29.469999,-36.400002,1770370318.212657
-0.032452,-0.206912,1.383968,19.530001,-22.820000,-37.240002,1770370318.220125
-0.022692,-0.192028,1.372256,21.280001,-20.440001,-32.549999,1770370318.227967
0.003172,-0.168848,1.348344,19.459999,-21.490000,-31.780001,1770370318.236011
0.021228,-0.128344,1.344440,15.890000,-23.870001,-28.490000,1770370318.243999
0.032208,-0.082472,1.327116,4.410000,-24.010000,-23.940001,1770370318.252031
0.038308,-0.047092,1.263188,-6.440000,-25.549999,-25.690001,1770370318.259992
0.039772,-0.042700,1.180472,-13.930000,-26.809999,-18.549999,1770370318.267972
0.039040,-0.052216,1.105564,-16.450001,-26.110001,-17.080000,1770370318.275973
0.041968,-0.049532,1.046760,-18.129999,-26.740000,-13.300000,1770370318.283978
0.050996,-0.018544,1.013576,-18.690001,-22.680000,-6.790000,1770370318.292048
0.073688,0.016836,1.012112,-16.309999,-14.420000,-6.860000,1770370318.299972
0.092964,0.049288,1.018700,-15.890000,-4.830000,4.060000,1770370318.307970
0.100772,0.058560,0.987468,-14.350000,9.520000,14.770000,1770370318.315970
0.088816,0.043188,0.895480,-10.640000,21.770000,27.719999,1770370318.324017
0.069784,0.032452,0.761768,-4.410000,29.400000,37.939999,1770370318.332013
0.048312,0.041724,0.610732,0.770000,34.930000,45.570000,1770370318.340084
0.023668,0.034648,0.514352,7.350000,39.270000,50.189999,1770370318.347979
0.021472,-0.013908,0.443836,14.770000,45.080002,55.020000,1770370318.355970
0.020008,-0.115656,0.444812,23.870001,52.150002,59.150002,1770370318.363974
-0.000488,-0.174460,0.507032,34.650002,61.250000,62.720001,1770370318.371955
-0.038796,-0.151280,0.616100,39.970001,72.449997,65.940002,1770370318.379958
-0.095892,-0.062952,0.722728,42.000000,81.129997,62.509998,1770370318.387965
-0.165188,-0.004880,0.792512,35.840000,92.540001,58.029999,1770370318.395977
-0.253760,0.021472,0.862296,28.559999,100.309998,50.750000,1770370318.403990
-0.349408,0.034404,0.963556,17.850000,109.199997,44.099998,1770370318.411984
-0.470676,0.033672,1.080676,6.090000,114.449997,37.590000,1770370318.419981
-0.595116,0.045628,1.163636,-5.460000,112.349998,29.049999,1770370318.428010
-0.707112,0.071980,1.169980,-16.309999,101.360001,24.850000,1770370318.436031
-0.788608,0.074420,1.084580,-22.260000,89.250000,17.500000,1770370318.443981
-0.826672,0.038308,0.995764,-26.320000,76.930000,9.660000,1770370318.451980
-0.830576,0.003904,0.946232,-30.590000,63.560001,10.360000,1770370318.459992
-0.821060,-0.026108,0.957456,-31.639999,52.430000,8.260000,1770370318.467978
-0.814472,-0.062708,1.016504,-31.990000,45.290001,12.460000,1770370318.475973
-0.810324,-0.102236,1.086044,-31.780001,39.830002,16.030001,1770370318.483961
-0.815204,-0.138836,1.137040,-29.120001,36.189999,17.570000,1770370318.492014
-0.820328,-0.174704,1.150460,-27.230000,35.700001,21.770000,1770370318.499997
-0.826916,-0.183976,1.125084,-20.790001,34.090000,15.400000,1770370318.507980
-0.827892,-0.171044,1.066280,-21.910000,35.419998,19.040001,1770370318.515975
-0.820572,-0.143472,0.977220,-19.459999,36.820000,14.490000,1770370318.523991
-0.812520,-0.111752,0.877424,-19.320000,36.610001,13.790000,1770370318.532001
-0.816668,-0.089548,0.783240,-17.990000,36.400002,14.560000,1770370318.540005
-0.826184,-0.071248,0.747372,-14.910000,33.389999,9.870000,1770370318.547994
-0.840824,-0.045872,0.749812,-15.330000,31.500000,3.150000,1770370318.556041
-0.849852,-0.034404,0.776896,-17.570000,28.350000,-1.400000,1770370318.563965
-0.849364,-0.042456,0.782020,-14.140000,23.170000,-6.440000,1770370318.572013
-0.839116,-0.072956,0.752740,-8.540000,9.520000,-10.640000,1770370318.580003
-0.808616,-0.097112,0.686860,0.350000,-9.030000,-17.150000,1770370318.587976
-0.759084,-0.092476,0.608780,12.810000,-34.090000,-15.050000,1770370318.595981
-0.666364,-0.050996,0.544608,23.309999,-60.060001,-11.690000,1770370318.604000
-0.577792,0.011712,0.480436,32.410000,-82.529999,-9.870000,1770370318.612014
-0.499712,0.064660,0.404064,41.580002,-103.180000,-9.800000,1770370318.619963
-0.456280,0.088328,0.356484,48.299999,-118.930000,-11.830000,1770370318.627969
-0.420412,0.118340,0.380640,52.080002,-125.790001,-14.000000,1770370318.636020
-0.378444,0.174704,0.472140,52.080002,-124.669998,-21.000000,1770370318.643986
-0.315736,0.255224,0.626348,48.090000,-114.940002,-28.280001,1770370318.651990
-0.254980,0.348432,0.829600,35.209999,-98.070000,-37.869999,1770370318.659977
-0.204716,0.436760,1.029924,15.750000,-78.190002,-45.500000,1770370318.668049
-0.161040,0.484828,1.156316,-6.930000,-61.320000,-50.959999,1770370318.676009
-0.150548,0.461648,1.195356,-25.200001,-49.139999,-51.590000,1770370318.683980
-0.143228,0.371368,1.189500,-34.369999,-41.299999,-49.070000,1770370318.691974
-0.110044,0.245952,1.179740,-40.880001,-41.230000,-46.480000,1770370318.700090
-0.056364,0.115412,1.174372,-38.290001,-48.090000,-41.090000,1770370318.707986
-0.028304,-0.023424,1.191940,-31.990000,-56.770000,-33.040001,1770370318.715977
-0.013420,-0.159820,1.225612,-17.010000,-61.320000,-27.719999,1770370318.723982
-0.021716,-0.276208,1.280512,0.560000,-56.630001,-27.090000,1770370318.731986
-0.024156,-0.332816,1.351516,18.129999,-47.320000,-29.889999,1770370318.740150
0.001952,-0.326472,1.413736,33.459999,-31.639999,-29.400000,1770370318.747973
0.020008,-0.271328,1.447652,39.900002,-19.040001,-26.740000,1770370318.756055
0.029280,-0.185440,1.455704,38.430000,-10.010000,-22.120001,1770370318.763988
0.027084,-0.100284,1.448872,28.980000,-5.460000,-20.230000,1770370318.771984
0.025620,-0.030500,1.401048,11.900000,-5.740000,-19.180000,1770370318.779977
0.025864,0.007564,1.316868,-3.780000,-9.660000,-16.940001,1770370318.788000
0.034404,0.007808,1.211216,-19.389999,-16.940001,-12.600000,1770370318.796017
0.040748,-0.024156,1.105564,-26.530001,-22.469999,-7.210000,1770370318.803984
0.045384,-0.039772,1.027484,-28.139999,-23.240000,0.840000,1770370318.811977
0.056608,-0.031476,0.993812,-28.000000,-18.549999,2.450000,1770370318.819986
0.070028,-0.012932,0.991616,-27.860001,-10.010000,6.930000,1770370318.827972
0.071736,0.010248,0.973072,-28.559999,4.620000,18.200001,1770370318.835977
0.068564,0.026840,0.934520,-25.549999,21.070000,25.830000,1770370318.843986
0.044652,0.036600,0.844240,-24.430000,36.470001,37.169998,1770370318.851983
0.007076,0.050264,0.716384,-21.139999,48.790001,46.340000,1770370318.859997
-0.024400,0.067832,0.579988,-16.240000,57.330002,52.150002,1770370318.867973
-0.060268,0.039040,0.492148,-9.800000,64.050003,56.980000,1770370318.875961
-0.083692,-0.046848,0.459452,-0.140000,70.279999,59.500000,1770370318.883978
-0.110288,-0.136884,0.483608,12.250000,77.000000,64.330002,1770370318.891964
-0.141032,-0.160308,0.551196,28.070000,84.209999,60.830002,1770370318.900001
-0.194712,-0.095160,0.682712,35.700001,92.540001,61.950001,1770370318.908073
-0.264008,0.004880,0.794708,34.580002,99.400002,56.770000,1770370318.915987
-0.339648,0.069784,0.878644,22.120001,103.459999,53.340000,1770370318.923984
-0.424560,0.091500,0.938180,9.940000,104.650002,45.360001,1770370318.932053
-0.509716,0.061976,1.012600,-5.880000,102.129997,37.380001,1770370318.940231
-0.613660,0.020984,1.087996,-16.590000,96.879997,30.660000,1770370318.947978
-0.728584,-0.010980,1.122156,-24.010000,88.550003,27.370001,1770370318.956063
-0.848388,-0.030744,1.047492,-28.000000,79.029999,18.270000,1770370318.964016
-0.942328,-0.062220,0.919636,-26.879999,67.339996,13.230000,1770370318.971973
-0.991128,-0.085888,0.844728,-26.670000,53.480000,0.420000,1770370318.979979
-0.986736,-0.078568,0.834236,-25.480000,38.500000,-6.090000,1770370318.988081
-0.949648,-0.082472,0.861076,-29.540001,23.870001,-3.010000,1770370318.995966
-0.905972,-0.118584,0.928908,-31.990000,10.640000,3.360000,1770370319.003987
-0.873032,-0.164212,1.009672,-29.889999,5.110000,10.430000,1770370319.011982
-0.860344,-0.207156,1.066280,-28.139999,1.890000,12.880000,1770370319.020058
-0.860588,-0.232532,1.082628,-21.559999,2.450000,17.360001,1770370319.028078
-0.873764,-0.213744,1.068720,-17.010000,6.720000,17.500000,1770370319.035975
-0.883036,-0.170312,1.044320,-16.450001,10.290000,15.680000,1770370319.043990
-0.889380,-0.124684,0.973072,-14.770000,16.590000,19.530001,1770370319.052004
-0.895480,-0.088816,0.870104,-15.890000,18.410000,17.570000,1770370319.060050
-0.899384,-0.068076,0.775676,-11.340000,15.610000,13.370000,1770370319.068324
-0.901824,-0.041968,0.733708,-12.320000,10.360000,12.250000,1770370319.076143
-0.903776,-0.020252,0.736148,-10.570000,3.990000,4.830000,1770370319.084000
-0.885476,-0.017080,0.764208,-8.190000,-3.010000,-1.820000,1770370319.091992
-0.854244,-0.041480,0.784460,-6.020000,-12.880000,-9.310000,1770370319.099991
-0.812032,-0.064416,0.783240,2.100000,-25.969999,-15.540000,1770370319.108076
-0.757864,-0.088084,0.745420,6.860000,-44.310001,-17.780001,1770370319.115989
-0.687348,-0.104676,0.656360,17.219999,-67.410004,-18.900000,1770370319.123984
-0.595360,-0.088084,0.550220,31.010000,-90.720001,-19.459999,1770370319.131987
-0.499956,-0.046360,0.463600,43.750000,-111.370003,-13.720000,1770370319.140022
-0.420412,0.000244,0.395036,53.759998,-129.850006,-14.910000,1770370319.148098
-0.364048,0.038308,0.355264,63.770000,-142.800003,-12.460000,1770370319.155968
-0.303292,0.069540,0.393572,67.830002,-147.139999,-15.960000,1770370319.164042
-0.246928,0.136152,0.477264,71.750000,-143.779999,-21.559999,1770370319.171980
-0.193980,0.224968,0.591212,67.690002,-131.600006,-27.510000,1770370319.180090
-0.146156,0.323056,0.717360,57.330002,-114.379997,-34.720001,1770370319.187971
-0.101260,0.424804,0.866200,35.349998,-90.230003,-34.580002,1770370319.195968
-0.081496,0.497760,1.008208,10.360000,-65.099998,-44.799999,1770370319.203980
-0.055388,0.510936,1.094096,-14.350000,-43.400002,-45.709999,1770370319.211996
-0.029524,0.460184,1.157048,-34.860001,-28.700001,-48.650002,1770370319.219980
-0.009760,0.341112,1.208532,-45.709999,-20.790001,-40.110001,1770370319.227968
0.007320,0.193980,1.249036,-50.959999,-23.309999,-37.169998,1770370319.235968
0.016348,0.035868,1.260504,-43.889999,-30.870001,-37.380001,1770370319.243989
0.006344,-0.121268,1.286856,-30.309999,-36.889999,-34.020000,1770370319.251987
-0.007808,-0.248636,1.359568,-14.210000,-38.220001,-39.759998,1770370319.259996
-0.016836,-0.328912,1.456924,6.020000,-35.910000,-40.320000,1770370319.267975
-0.001220,-0.349408,1.527440,20.440001,-28.910000,-43.259998,1770370319.275980
0.003416,-0.311344,1.550620,30.240000,-19.670000,-40.110001,1770370319.283973
0.008784,-0.239120,1.539884,33.529999,-13.440000,-34.720001,1770370319.292002
0.012444,-0.155916,1.499624,25.969999,-11.830000,-31.430000,1770370319.299977
0.013176,-0.077348,1.431548,11.900000,-13.370000,-31.780001,1770370319.307981
0.018300,-0.015616,1.342244,-5.530000,-13.930000,-27.860001,1770370319.315975
0.028792,0.000976,1.241472,-20.299999,-17.010000,-23.660000,1770370319.323971
0.034648,-0.010492,1.141432,-28.000000,-18.270000,-14.280000,1770370319.331953
0.028792,-0.034892,1.076040,-28.000000,-19.180000,-11.550000,1770370319.340259
0.018788,-0.041724,1.024800,-27.230000,-14.700000,-2.730000,1770370319.347979
0.013664,-0.022936,0.996008,-22.889999,-7.700000,1.750000,1770370319.355976
0.007076,-0.007564,0.982344,-21.910000,2.240000,9.870000,1770370319.363973
0.002440,0.002684,0.943060,-21.629999,14.840000,22.469999,1770370319.371956
-0.013420,0.006832,0.862052,-19.459999,24.080000,33.110001,1770370319.379973
-0.038796,0.013420,0.758840,-13.790000,29.959999,40.740002,1770370319.387970
-0.066368,0.033916,0.650992,-8.540000,34.720001,44.310001,1770370319.395962
-0.090524,0.047824,0.552172,-4.690000,37.869999,49.490002,1770370319.403966
-0.081252,0.008784,0.514352,4.690000,38.919998,49.630001,1770370319.412009
-0.078812,-0.085156,0.514840,10.360000,41.580002,51.730000,1770370319.419979
-0.058072,-0.162016,0.512644,21.420000,45.500000,50.959999,1770370319.427967
-0.059780,-0.170068,0.529236,30.870001,47.740002,53.270000,1770370319.435954
-0.089060,-0.106628,0.576572,35.139999,52.500000,49.910000,1770370319.443991
-0.127368,-0.020984,0.645868,35.910000,60.689999,46.549999,1770370319.451988
-0.165920,0.037576,0.702964,27.090000,67.059998,39.060001,1770370319.459976
-0.215940,0.069296,0.760060,15.750000,73.709999,30.730000,1770370319.467980
-0.277916,0.090768,0.858148,1.330000,81.760002,26.320000,1770370319.475989
-0.366244,0.087596,0.957944,-13.650000,90.930000,20.860001,1770370319.484012
-0.470432,0.082960,1.021140,-28.000000,98.419998,16.030001,1770370319.491979
-0.576816,0.070028,1.016992,-42.209999,100.239998,14.700000,1770370319.499965
-0.686372,0.010492,0.967460,-46.970001,100.309998,7.840000,1770370319.507985
-0.782996,-0.078568,0.932812,-43.889999,97.230003,4.830000,1770370319.516144
-0.846680,-0.153232,0.915000,-38.220001,91.839996,4.480000,1770370319.523971
-0.882792,-0.188368,0.936228,-28.910000,79.800003,11.760000,1770370319.531957
-0.926712,-0.198860,0.989420,-26.250000,66.779999,15.050000,1770370319.539998
-0.964044,-0.195200,1.074332,-20.370001,53.060001,19.950001,1770370319.547980
-1.003084,-0.186172,1.138748,-16.100000,40.250000,24.360001,1770370319.556032
-1.035048,-0.157624,1.155096,-10.710000,31.010000,21.629999,1770370319.563981
-1.046272,-0.102236,1.126792,-8.120000,24.080000,24.219999,1770370319.571974
-1.036268,-0.061732,1.034316,-7.070000,20.510000,20.299999,1770370319.579970
-1.008452,-0.035868,0.923784,-6.370000,14.420000,17.290001,1770370319.588062
-0.980148,-0.016836,0.836920,-4.970000,7.280000,16.450001,1770370319.595974
-0.945500,0.003904,0.790072,-3.150000,-0.840000,10.430000,1770370319.603976
-0.906460,0.021716,0.792756,1.190000,-7.630000,4.480000,1770370319.611994
-0.875472,0.028304,0.834236,3.780000,-15.470000,-3.080000,1770370319.620083
-0.836676,0.012444,0.882060,8.190000,-25.549999,-11.690000,1770370319.628059
-0.789096,-0.031476,0.904752,13.090000,-36.259998,-19.670000,1770370319.635954
-0.735416,-0.092720,0.894748,19.040001,-54.320000,-27.090000,1770370319.643985
-0.677344,-0.139324,0.839116,29.330000,-72.870003,-31.570000,1770370319.652077
-0.594140,-0.141520,0.746884,41.020000,-95.830002,-39.759998,1770370319.659969
-0.509472,-0.117608,0.627568,51.730000,-121.940002,-41.090000,1770370319.667978
-0.413336,-0.082960,0.534116,60.619999,-144.479996,-38.290001,1770370319.675966
-0.345992,-0.059780,0.487512,66.989998,-161.910004,-38.500000,1770370319.684083
-0.283284,-0.018788,0.490440,70.000000,-168.839996,-39.270000,1770370319.691978
-0.225212,0.040748,0.552904,73.639999,-167.020004,-40.389999,1770370319.699974
-0.141764,0.129808,0.667828,70.419998,-157.149994,-47.320000,1770370319.707987
-0.057828,0.254004,0.821548,61.529999,-138.039993,-50.750000,1770370319.716022
0.030012,0.375272,0.990884,44.520000,-114.239998,-56.560001,1770370319.724010
0.114192,0.455060,1.116300,22.680000,-92.190002,-57.680000,1770370319.732122
0.167872,0.449204,1.184376,3.640000,-69.720001,-58.520000,1770370319.740008
0.196420,0.391620,1.243424,-11.760000,-50.889999,-54.810001,1770370319.748074
0.237412,0.299144,1.276120,-23.660000,-36.330002,-54.459999,1770370319.756075
0.263276,0.207888,1.283684,-30.100000,-28.910000,-50.750000,1770370319.763977
0.235460,0.096624,1.263432,-32.340000,-22.889999,-47.529999,1770370319.771974
0.197640,-0.021228,1.276852,-29.120001,-16.170000,-47.180000,1770370319.779970
0.133956,-0.130052,1.341512,-19.670000,-4.690000,-51.660000,1770370319.788050
0.079544,-0.206912,1.434964,-8.540000,8.610000,-52.009998,1770370319.795985
0.043432,-0.232776,1.495964,-1.470000,22.260000,-54.810001,1770370319.803969
0.004636,-0.196176,1.513288,7.560000,28.840000,-50.820000,1770370319.811986
-0.049532,-0.118584,1.483032,8.820000,30.590000,-46.340000,1770370319.819976
-0.095404,-0.035624,1.408856,8.120000,25.059999,-39.060001,1770370319.828059
-0.122488,0.020740,1.330776,-0.140000,13.510000,-35.139999,1770370319.835956
-0.133956,0.058316,1.257088,-10.570000,-3.570000,-28.910000,1770370319.843994
-0.113704,0.062220,1.193160,-18.690001,-19.110001,-27.299999,1770370319.852000
-0.077592,0.020252,1.108248,-27.650000,-35.700001,-28.280001,1770370319.860003
-0.033672,-0.028792,1.050420,-30.660000,-46.130001,-28.490000,1770370319.867969
0.021716,-0.072224,1.042856,-34.580002,-49.209999,-28.280001,1770370319.875965
0.085644,-0.108092,1.026996,-35.490002,-42.419998,-23.590000,1770370319.883983
0.138104,-0.150792,0.958676,-30.100000,-28.139999,-19.389999,1770370319.892080
0.174216,-0.176900,0.860100,-21.000000,-14.280000,-10.150000,1770370319.900127
0.179828,-0.184708,0.762256,-9.660000,0.070000,2.450000,1770370319.907976
0.165920,-0.160064,0.674416,1.470000,13.230000,11.970000,1770370319.915965
0.141520,-0.144204,0.591700,10.920000,23.799999,16.170000,1770370319.923976
0.134444,-0.130052,0.522404,24.850000,33.040001,15.120000,1770370319.931961
0.130296,-0.119804,0.482388,35.000000,42.840000,16.799999,1770370319.939978
0.120048,-0.104432,0.503372,45.290001,54.950001,25.480000,1770370319.948045
0.094184,-0.045140,0.578524,49.419998,66.570000,34.020000,1770370319.955977
0.051484,0.057096,0.675148,45.639999,79.800003,39.900002,1770370319.963974
-0.002440,0.163236,0.766892,36.540001,94.010002,48.439999,1770370319.972082
-0.081984,0.256200,0.846924,17.570000,106.680000,48.369999,1770370319.979973
-0.190808,0.324520,0.909632,-3.150000,116.339996,47.389999,1770370319.987976
-0.295972,0.346480,0.901336,-27.650000,124.529999,37.450001,1770370319.995975
-0.398940,0.315736,0.863028,-43.119999,128.869995,27.299999,1770370320.004012
-0.496296,0.241316,0.821548,-53.200001,129.850006,14.560000,1770370320.011970
-0.612684,0.143472,0.808616,-52.360001,137.759995,4.550000,1770370320.019980
-0.730292,0.053192,0.818864,-47.599998,142.100006,-3.010000,1770370320.027973
-0.836188,-0.023912,0.845704,-37.450001,138.600006,-9.800000,1770370320.035958
-0.914268,-0.075640,0.875228,-27.299999,126.279999,-8.050000,1770370320.044263
-0.987712,-0.114924,0.890112,-20.299999,108.500000,-0.770000,1770370320.052018
-1.048712,-0.165188,0.922564,-11.060000,82.879997,6.860000,1770370320.060312
-1.101904,-0.208620,0.970876,0.140000,57.470001,13.580000,1770370320.068283
-1.135332,-0.200812,1.004060,8.680000,34.930000,17.500000,1770370320.076705
-1.138992,-0.152012,1.014308,10.990000,20.090000,19.600000,1770370320.084146
-1.118008,-0.096868,1.008452,10.080000,7.980000,16.379999,1770370320.092003
-1.092144,-0.068808,0.969656,8.190000,-0.140000,13.370000,1770370320.099971
-1.063108,-0.071248,0.912804,6.440000,-8.470000,8.050000,1770370320.108126
-1.028460,-0.090768,0.873032,6.160000,-19.809999,6.020000,1770370320.115986
-1.000400,-0.117852,0.845216,11.970000,-32.270000,1.750000,1770370320.123995
-0.960628,-0.148108,0.839848,23.520000,-48.650002,-3.500000,1770370320.131963
-0.916220,-0.165920,0.815448,35.349998,-69.440002,-6.720000,1770370320.139976
-0.864736,-0.173240,0.771040,51.169998,-95.410004,-13.930000,1770370320.148118
-0.798856,-0.185440,0.731268,59.220001,-119.279999,-18.690001,1770370320.155996
-0.733708,-0.173972,0.750788,72.099998,-140.699997,-25.760000,1770370320.163976
-0.660996,-0.122000,0.836432,77.769997,-154.139999,-30.660000,1770370320.172015
-0.558760,-0.037576,0.932324,73.989998,-161.910004,-39.689999,1770370320.179978
-0.429196,0.062952,1.027972,67.199997,-164.919998,-45.709999,1770370320.187971
-0.291580,0.181048,1.149484,48.299999,-161.979996,-45.009998,1770370320.195958
-0.140300,0.292068,1.292468,25.760000,-152.460007,-49.770000,1770370320.203981
0.001708,0.382836,1.380796,0.210000,-143.009995,-41.020000,1770370320.212043
0.120292,0.408944,1.369084,-20.790001,-130.830002,-41.720001,1770370320.219980
0.213988,0.397720,1.294420,-38.919998,-121.029999,-36.259998,1770370320.227966
0.255712,0.373564,1.173884,-49.070000,-112.489998,-29.750000,1770370320.235949
0.254004,0.340868,1.023580,-57.330002,-98.419998,-28.000000,1770370320.243990
0.219112,0.315492,0.903776,-62.650002,-81.620003,-22.330000,1770370320.251977
0.172996,0.287188,0.821060,-65.870003,-60.900002,-27.860001,1770370320.259983
0.131760,0.264252,0.754936,-66.430000,-35.419998,-26.040001,1770370320.267972
0.090036,0.232532,0.704916,-63.349998,-13.020000,-29.889999,1770370320.275974
0.047580,0.195688,0.678076,-56.209999,6.930000,-29.540001,1770370320.283966
0.002684,0.135908,0.673440,-43.330002,20.160000,-26.040001,1770370320.292062
-0.039528,0.084912,0.701012,-31.780001,27.299999,-31.570000,1770370320.299997
-0.064660,0.063196,0.781776,-14.000000,27.580000,-35.279999,1770370320.307968
-0.075152,0.047336,0.870348,-3.220000,24.990000,-35.560001,1770370320.315983
-0.065880,0.050264,0.967704,9.450000,21.139999,-35.630001,1770370320.323982
-0.062952,0.071248,1.074332,14.000000,17.500000,-31.080000,1770370320.332038
-0.042944,0.082716,1.144848,8.890000,12.740000,-26.600000,1770370320.339982
-0.007564,0.065880,1.106784,2.520000,5.180000,-18.200001,1770370320.348052
0.043920,-0.008052,1.012356,-0.980000,-9.100000,-10.570000,1770370320.355974
0.096136,-0.110776,0.935740,0.770000,-23.660000,-0.490000,1770370320.364050
0.149328,-0.215940,0.893528,5.180000,-32.410000,6.300000,1770370320.371974
0.202032,-0.322812,0.864004,12.670000,-33.459999,16.379999,1770370320.379970
0.236680,-0.425048,0.860588,21.700001,-24.990000,17.709999,1770370320.387979
0.288164,-0.485316,0.896212,34.230000,-11.900000,22.889999,1770370320.395974
0.307684,-0.505568,1.013576,43.680000,7.070000,31.500000,1770370320.403980
0.315980,-0.487512,1.179008,47.110001,34.299999,44.380001,1770370320.412061
0.288408,-0.461648,1.328336,42.349998,64.889999,55.650002,1770370320.419963
0.212524,-0.397720,1.417640,33.320000,93.309998,63.560001,1770370320.427966
0.083936,-0.314272,1.467904,18.969999,117.459999,72.589996,1770370320.435959
-0.093208,-0.235704,1.483520,1.680000,137.970001,68.669998,1770370320.444015
-0.295240,-0.193736,1.400072,-14.560000,154.419998,64.050003,1770370320.452078
-0.502884,-0.178608,1.244156,-26.879999,170.169998,51.520000,1770370320.459970
-0.696864,-0.166164,1.094096,-31.780001,185.009995,36.119999,1770370320.467977
-0.872056,-0.162260,0.930372,-32.340000,190.960007,21.559999,1770370320.475993
-1.006744,-0.148596,0.771528,-28.209999,182.699997,6.720000,1770370320.483989
-1.089460,-0.101748,0.652212,-19.320000,159.179993,-3.710000,1770370320.491979
-1.119228,-0.016836,0.558516,-16.799999,123.410004,-10.780000,1770370320.499981
-1.105320,0.088084,0.470432,-10.430000,75.599998,-19.740000,1770370320.508053
-1.046760,0.196420,0.418460,-8.960000,29.190001,-24.920000,1770370320.515995
-0.965996,0.277672,0.415532,-9.800000,-13.230000,-37.029999,1770370320.524043
-0.855464,0.352336,0.447496,-14.210000,-43.680000,-45.220001,1770370320.531970
-0.742492,0.378688,0.478484,-21.559999,-64.750000,-45.779999,1770370320.540009
-0.640256,0.355020,0.480924,-26.459999,-80.150002,-44.450001,1770370320.548043
-0.561200,0.309392,0.465796,-27.860001,-83.860001,-38.220001,1770370320.556053
-0.506788,0.270352,0.472628,-25.690001,-83.160004,-30.309999,1770370320.563983
-0.465552,0.238144,0.499224,-17.080000,-77.489998,-23.590000,1770370320.571977
-0.431636,0.215696,0.528504,-8.750000,-68.180000,-22.889999,1770370320.579974
-0.415044,0.193004,0.525088,2.800000,-63.770000,-11.690000,1770370320.587984
-0.414312,0.161040,0.507764,14.840000,-64.540001,-4.060000,1770370320.596041
-0.447984,0.098820,0.493856,31.219999,-70.070000,2.800000,1770370320.603970
-0.477020,0.011224,0.571448,51.730000,-74.129997,8.260000,1770370320.611973
-0.506300,-0.032208,0.764208,70.419998,-72.519997,5.390000,1770370320.620083
-0.510936,-0.055632,1.007232,84.629997,-64.540001,2.590000,1770370320.628081
-0.507764,-0.100528,1.262944,90.300003,-55.860001,2.380000,1770370320.635960
-0.507032,-0.112728,1.466196,90.089996,-50.889999,-3.290000,1770370320.644001
-0.516548,-0.114192,1.643096,84.209999,-48.020000,-8.610000,1770370320.651998
-0.499956,-0.048312,1.800232,69.720001,-47.880001,-18.059999,1770370320.659974
-0.389668,-0.002196,1.892220,47.669998,-50.680000,-20.020000,1770370320.667979
-0.267668,-0.006100,1.969812,21.420000,-59.779999,-14.140000,1770370320.676004
-0.184952,-0.061732,1.959320,-6.650000,-68.949997,-5.810000,1770370320.684042
-0.129564,-0.173240,1.869528,-24.920000,-77.629997,8.330000,1770370320.691980
-0.083692,-0.333548,1.728008,-42.070000,-83.160004,14.350000,1770370320.699978
-0.052460,-0.446276,1.551840,-53.200001,-81.830002,22.889999,1770370320.707983
-0.040992,-0.476044,1.384944,-60.830002,-70.139999,27.719999,1770370320.716031
-0.053680,-0.402356,1.209264,-61.180000,-49.209999,26.040001,1770370320.723982
-0.059292,-0.281576,1.041880,-55.299999,-25.200001,27.790001,1770370320.731971
-0.066368,-0.161528,0.895968,-50.889999,-2.240000,32.060001,1770370320.739996
-0.098332,-0.057584,0.750300,-43.330002,14.070000,33.669998,1770370320.748116
-0.124928,0.047336,0.612684,-39.549999,20.719999,41.299999,1770370320.755976
-0.148108,0.142008,0.500688,-34.650002,21.629999,40.950001,1770370320.763987
-0.172508,0.220820,0.420168,-33.810001,15.960000,40.599998,1770370320.772005
-0.184708,0.288652,0.361852,-35.349998,8.540000,42.840000,1770370320.779973
-0.189344,0.326960,0.329644,-39.130001,0.210000,39.060001,1770370320.788044
-0.168604,0.349896,0.326228,-41.860001,-9.660000,39.970001,1770370320.796036
-0.141520,0.344772,0.331108,-41.439999,-15.680000,34.230000,1770370320.803978
-0.101504,0.326960,0.312076,-33.880001,-18.129999,35.910000,1770370320.811975
-0.051972,0.309636,0.303292,-23.870001,-22.610001,28.910000,1770370320.820047
-0.025864,0.294264,0.305976,-7.630000,-21.559999,24.080000,1770370320.827969
0.012688,0.272304,0.376736,9.170000,-17.360001,24.360001,1770370320.835963
0.054412,0.270352,0.516304,24.990000,-4.480000,20.299999,1770370320.843981
0.096868,0.267668,0.713212,38.009998,8.260000,23.240000,1770370320.851989
0.125172,0.265716,0.897676,42.980000,21.350000,21.559999,1770370320.859973
0.158112,0.265960,1.118496,43.750000,28.490000,18.480000,1770370320.867972
0.195444,0.256688,1.348344,36.959999,37.799999,20.370001,1770370320.875964
0.217648,0.179340,1.525000,26.809999,47.250000,29.540001,1770370320.883976
0.199104,0.057096,1.675060,23.520000,59.360001,33.880001,1770370320.892018
0.143960,-0.093208,1.804624,22.330000,73.919998,37.029999,1770370320.899975
0.046604,-0.230580,1.864892,17.080000,89.250000,42.490002,1770370320.907982
-0.067832,-0.337940,1.852448,4.130000,105.419998,48.299999,1770370320.916016
-0.205448,-0.478240,1.804624,-11.760000,125.860001,57.680000,1770370320.923989
-0.397476,-0.592920,1.738012,-21.559999,148.820007,59.849998,1770370320.931969
-0.615124,-0.644404,1.661396,-26.110001,171.500000,50.820000,1770370320.939992
-0.857416,-0.697596,1.587464,-30.870001,188.369995,33.250000,1770370320.948076
-1.073356,-0.671000,1.433500,-37.660000,194.389999,20.090000,1770370320.956025
-1.227808,-0.555100,1.210728,-40.250000,186.059998,5.390000,1770370320.963991
-1.322724,-0.358192,0.970632,-33.320000,152.389999,-1.680000,1770370320.971978
-1.356640,-0.155184,0.752984,-26.740000,96.529999,-10.570000,1770370320.979969
-1.316380,-0.009028,0.605120,-22.330000,39.410000,-15.540000,1770370320.987975
-1.199260,0.056364,0.519476,-20.440001,-12.600000,-20.299999,1770370320.995987
-1.028704,0.077348,0.460184,-17.780001,-48.650002,-24.150000,1770370321.004119
-0.866200,0.074908,0.399672,-12.110000,-68.529999,-20.440001,1770370321.011979
-0.721264,0.081984,0.320128,-5.670000,-80.639999,-25.059999,1770370321.019980
-0.594384,0.100284,0.247904,6.020000,-91.629997,-25.059999,1770370321.027974
-0.471652,0.139080,0.180804,12.880000,-101.080002,-25.129999,1770370321.035956
-0.358924,0.190076,0.132248,20.440001,-111.650002,-24.010000,1770370321.044079
-0.262788,0.276452,0.081984,23.660000,-123.339996,-22.260000,1770370321.051987
-0.177876,0.342332,0.056120,25.059999,-136.710007,-15.750000,1770370321.060049
-0.105408,0.328912,0.061000,22.400000,-147.699997,-9.450000,1770370321.068241
-0.055388,0.241560,0.113216,17.010000,-149.029999,5.040000,1770370321.076549
-0.007076,0.169336,0.186172,13.650000,-138.669998,14.000000,1770370321.084014
0.031720,0.117120,0.306220,18.200001,-120.959999,22.330000,1770370321.091989
0.043432,0.079544,0.496784,20.580000,-91.419998,24.570000,1770370321.099995
0.039040,0.049288,0.739320,22.889999,-51.240002,21.840000,1770370321.107984
0.017080,0.031964,0.967948,25.760000,-7.000000,26.809999,1770370321.116004
-0.045628,0.004880,1.137528,32.480000,33.180000,30.100000,1770370321.123980
-0.153720,-0.067832,1.327848,50.680000,56.910000,37.169998,1770370321.131988
-0.320616,-0.113460,1.594540,71.190002,63.910000,32.970001,1770370321.139996
-0.497028,-0.087352,1.964688,85.680000,61.459999,27.370001,1770370321.148221
-0.605120,-0.083448,2.167940,73.849998,54.250000,24.709999,1770370321.155956
-0.641232,-0.131760,2.117188,53.410000,39.270000,20.090000,1770370321.164000
-0.662948,-0.187148,2.049356,35.630001,10.850000,18.480000,1770370321.171977
-0.665144,-0.245708,1.990552,19.670000,-17.360001,16.799999,1770370321.179972
-0.643428,-0.260592,1.912228,5.670000,-39.970001,10.990000,1770370321.187972
-0.578768,-0.234240,1.799256,-7.770000,-55.509998,7.840000,1770370321.196044
-0.497760,-0.176168,1.652612,-19.110001,-62.790001,3.990000,1770370321.203972
-0.403576,-0.117608,1.495964,-27.090000,-64.190002,5.670000,1770370321.211975
-0.310368,-0.058804,1.321992,-39.970001,-59.990002,2.660000,1770370321.219995
-0.235216,-0.010980,1.138992,-48.790001,-55.369999,6.720000,1770370321.227973
-0.161528,0.007076,0.960872,-53.970001,-47.110001,12.110000,1770370321.235955
-0.108824,0.011468,0.805444,-59.080002,-41.230000,17.360001,1770370321.243976
-0.082472,0.039528,0.679540,-58.310001,-34.439999,28.700001,1770370321.251993
-0.058804,0.079300,0.594384,-56.980000,-27.650000,33.459999,1770370321.259991
-0.057584,0.143960,0.516304,-53.410000,-22.540001,40.040001,1770370321.268064
-0.066124,0.199104,0.438468,-51.099998,-18.480000,40.810001,1770370321.275985
-0.075396,0.243756,0.355996,-46.549999,-15.470000,38.849998,1770370321.283975
-0.083204,0.289628,0.294264,-40.669998,-13.650000,37.590000,1770370321.291976
-0.085400,0.320128,0.247660,-35.770000,-12.040000,34.580002,1770370321.299976
-0.076860,0.328424,0.189344,-30.450001,-10.150000,32.970001,1770370321.308025
-0.063440,0.322324,0.126148,-21.000000,-10.220000,31.080000,1770370321.316057
-0.052216,0.297924,0.078568,-7.560000,-7.000000,28.840000,1770370321.323976
-0.042700,0.280356,0.086376,8.470000,-3.010000,25.830000,1770370321.331964
-0.021716,0.281576,0.172752,21.559999,1.190000,14.560000,1770370321.339975
0.001952,0.310124,0.348188,32.549999,10.150000,11.550000,1770370321.348123
0.025132,0.333060,0.610488,37.520000,20.580000,4.690000,1770370321.356133
0.039528,0.345748,0.905728,33.669998,38.360001,1.680000,1770370321.363969
0.061244,0.321836,1.161440,28.280001,59.919998,4.900000,1770370321.371960
0.079300,0.241316,1.339560,21.420000,78.260002,8.750000,1770370321.379974
0.083692,0.141276,1.494256,23.240000,86.589996,13.090000,1770370321.387977
0.082228,0.057828,1.671888,22.750000,80.639999,16.240000,1770370321.395973
0.092964,-0.041236,1.883192,20.299999,63.700001,27.580000,1770370321.404027
0.033916,-0.196420,2.078392,21.139999,54.389999,37.450001,1770370321.411978
-0.043188,-0.347212,2.135244,18.900000,57.820000,40.880001,1770370321.419976
-0.128100,-0.425048,2.035936,9.590000,71.889999,46.759998,1770370321.428002
-0.260592,-0.475800,1.898076,-7.140000,93.309998,44.799999,1770370321.436082
-0.401624,-0.502640,1.796816,-21.420000,121.800003,37.799999,1770370321.443977
-0.570472,-0.539484,1.702388,-33.040001,150.919998,29.260000,1770370321.451998
-0.740540,-0.520940,1.569652,-43.119999,173.740005,9.450000,1770370321.460121
-0.878156,-0.419192,1.388848,-43.750000,183.470001,-2.800000,1770370321.468074
-0.991128,-0.272792,1.135576,-43.610001,173.669998,-12.670000,1770370321.475981
-1.063108,-0.121512,0.877912,-39.970001,144.410004,-17.639999,1770370321.483981
-1.107760,-0.001708,0.679540,-35.560001,100.800003,-24.150000,1770370321.492017
-1.090680,0.078080,0.548024,-35.139999,57.610001,-24.360001,1770370321.499983
-1.020652,0.099064,0.468724,-34.020000,16.870001,-27.719999,1770370321.507980
-0.886208,0.107116,0.407480,-26.110001,-14.560000,-28.420000,1770370321.515978
-0.758352,0.106872,0.338672,-17.570000,-36.330002,-23.450001,1770370321.523983
-0.639036,0.110532,0.269132,-4.690000,-55.160000,-22.469999,1770370321.532091
-0.525088,0.138592,0.185196,3.920000,-69.370003,-24.570000,1770370321.539965
-0.427976,0.183488,0.117120,14.420000,-83.860001,-25.129999,1770370321.548451
-0.336476,0.225456,0.066856,17.570000,-97.300003,-22.330000,1770370321.556010
-0.250344,0.269132,0.029768,18.340000,-107.309998,-18.549999,1770370321.563979
-0.163724,0.289872,0.025620,20.020000,-117.040001,-17.990000,1770370321.571979
-0.097112,0.235460,0.055144,12.670000,-121.239998,-12.390000,1770370321.580040
-0.046116,0.159576,0.113948,13.510000,-119.279999,-3.500000,1770370321.588040
-0.005124,0.065636,0.202032,16.170000,-107.169998,5.180000,1770370321.596001
0.028548,-0.009272,0.346724,20.370001,-86.239998,10.010000,1770370321.603979
0.029280,-0.073444,0.563396,26.250000,-52.500000,8.540000,1770370321.611980
0.002440,-0.101992,0.849852,30.450001,-5.040000,11.760000,1770370321.620016
-0.049532,-0.122244,1.113372,38.779999,43.889999,15.470000,1770370321.628130
-0.172020,-0.168604,1.319308,49.560001,77.910004,20.370001,1770370321.635956
-0.379664,-0.247172,1.545008,66.849998,94.989998,24.709999,1770370321.643981
-0.647332,-0.265960,1.845128,88.620003,97.650002,26.600000,1770370321.652092
-0.968192,-0.221796,2.076196,96.320000,94.779999,10.850000,1770370321.659981
-1.099952,-0.123220,2.079124,81.059998,80.500000,4.900000,1770370321.668036
-1.101172,-0.112728,1.934676,58.939999,45.009998,1.680000,1770370321.675979
-1.053836,-0.134200,1.880996,32.410000,-4.130000,-1.820000,1770370321.683983
-0.976244,-0.146400,1.850740,12.320000,-57.959999,1.330000,1770370321.692063
-0.859856,-0.148840,1.802916,-8.750000,-93.309998,-1.050000,1770370321.699995
-0.701256,-0.128344,1.707512,-22.680000,-115.010002,-3.360000,1770370321.707977
-0.531188,-0.092964,1.574044,-34.650002,-126.279999,-1.120000,1770370321.716068
-0.361852,-0.048800,1.408856,-43.680000,-126.769997,-1.960000,1770370321.724080
-0.213012,-0.008784,1.218536,-51.799999,-121.800003,0.980000,1770370321.731980
-0.086376,0.011224,1.011380,-55.439999,-114.589996,6.720000,1770370321.739985
-0.004636,0.019276,0.817156,-55.230000,-104.720001,15.190000,1770370321.748145
0.058560,0.056120,0.670512,-49.630001,-93.169998,27.860001,1770370321.755978
0.102480,0.119072,0.561688,-45.570000,-77.070000,35.349998,1770370321.763985
0.128344,0.198128,0.486536,-39.689999,-61.880001,45.779999,1770370321.771983
0.130540,0.259860,0.430416,-37.310001,-46.130001,43.680000,1770370321.779976
0.121268,0.299388,0.363560,-35.630001,-32.759998,40.950001,1770370321.787978
0.098576,0.330132,0.283772,-34.860001,-20.090000,39.060001,1770370321.795982
0.062708,0.352336,0.195444,-32.410000,-8.330000,33.320000,1770370321.804114
0.034160,0.370148,0.104432,-28.000000,5.600000,28.840000,1770370321.811978
0.008540,0.359656,0.014640,-20.790001,17.990000,21.559999,1770370321.819974
-0.005856,0.363316,-0.037820,-10.640000,27.370001,14.560000,1770370321.827983
-0.028304,0.346968,-0.020984,3.570000,37.590000,7.490000,1770370321.835964
-0.030744,0.355020,0.103700,19.250000,47.810001,-1.120000,1770370321.843976
-0.044652,0.380884,0.305976,31.850000,60.759998,-6.090000,1770370321.852025
-0.063928,0.419924,0.619760,39.200001,76.720001,-15.400000,1770370321.859973
-0.077836,0.469944,0.962580,38.779999,95.129997,-19.320000,1770370321.867973
-0.101016,0.455548,1.238056,33.110001,111.440002,-24.360001,1770370321.876003
-0.146644,0.393084,1.452288,27.790001,118.720001,-21.420000,1770370321.884029
-0.224968,0.304268,1.622600,25.549999,114.309998,-12.390000,1770370321.891978
-0.297436,0.207888,1.790716,23.660000,93.099998,-9.310000,1770370321.899974
-0.347700,0.043676,2.016904,21.980000,62.369999,0.420000,1770370321.908066
-0.391620,-0.163480,2.169160,30.799999,41.790001,10.990000,1770370321.915985
-0.427000,-0.235704,2.160620,34.790001,32.759998,18.200001,1770370321.923979
-0.432856,-0.252784,2.046184,21.139999,29.049999,18.129999,1770370321.931978
-0.430416,-0.351360,1.882948,-1.120000,33.740002,19.879999,1770370321.939983
-0.449448,-0.468968,1.759484,-25.340000,48.930000,18.270000,1770370321.947974
-0.511180,-0.574132,1.662616,-41.650002,70.980003,13.440000,1770370321.956040
-0.607804,-0.611220,1.515240,-53.130001,96.110001,0.420000,1770370321.963987
-0.691496,-0.546316,1.324188,-58.310001,114.099998,-3.710000,1770370321.972055
-0.776164,-0.426024,1.084336,-62.230000,120.959999,-13.160000,1770370321.979982
-0.846436,-0.269132,0.841556,-59.360001,109.339996,-21.209999,1770370321.987978
-0.904508,-0.111020,0.648552,-55.090000,88.059998,-26.740000,1770370321.995973
-0.933056,-0.002928,0.540216,-47.529999,61.810001,-33.110001,1770370322.003982
-0.918904,0.037332,0.449692,-39.759998,33.740002,-33.669998,1770370322.012002
-0.860344,0.050752,0.359900,-28.559999,11.060000,-38.430000,1770370322.019977
-0.783728,0.060756,0.288896,-17.990000,-10.780000,-38.150002,1770370322.027980
-0.696864,0.072468,0.210084,-6.020000,-31.150000,-43.889999,1770370322.035994
-0.604876,0.097112,0.136640,3.290000,-50.959999,-41.509998,1770370322.044103
-0.504104,0.143472,0.076616,11.550000,-72.730003,-43.680000,1770370322.051981
-0.400648,0.177876,0.039284,17.850000,-93.169998,-43.119999,1770370322.060066
-0.293532,0.176656,0.047824,20.860001,-112.769997,-43.119999,1770370322.068409
-0.207888,0.126148,0.083692,20.790001,-123.690002,-35.700001,1770370322.076181
-0.132736,0.056120,0.130784,22.330000,-129.360001,-27.650000,1770370322.084003
-0.077836,-0.001220,0.202032,28.000000,-122.919998,-16.379999,1770370322.092077
-0.029280,-0.043188,0.311832,36.680000,-109.830002,-8.120000,1770370322.100002
-0.010736,-0.075152,0.500932,45.570000,-83.160004,-1.890000,1770370322.107971
-0.037088,-0.077592,0.779580,54.389999,-41.790001,4.480000,1770370322.115956
-0.075640,-0.076372,1.048956,61.669998,2.730000,6.370000,1770370322.123969
-0.162992,-0.071736,1.279292,68.739998,38.500000,11.970000,1770370322.132021
-0.315492,-0.111508,1.452532,76.440002,53.480000,14.490000,1770370322.139997
-0.510692,-0.149572,1.612840,86.379997,50.889999,18.620001,1770370322.147977
-0.785680,-0.112972,1.830000,96.180000,41.720001,13.160000,1770370322.155991
-0.950868,-0.051240,2.004216,81.970001,34.369999,0.910000,1770370322.164003
-0.928420,-0.042944,1.966152,58.169998,16.309999,-4.760000,1770370322.172009
-0.864248,-0.100284,1.892952,34.230000,-18.690001,-5.740000,1770370322.179979
-0.799344,-0.139080,1.892952,11.340000,-59.990002,-8.330000,1770370322.188036
-0.710772,-0.168848,1.879776,-6.440000,-90.300003,-8.750000,1770370322.195975
-0.582916,-0.173484,1.813896,-22.330000,-107.800003,-11.060000,1770370322.203976
-0.437980,-0.141276,1.697508,-34.860001,-116.059998,-10.220000,1770370322.212031
-0.284504,-0.097844,1.525976,-45.570000,-116.970001,-7.980000,1770370322.219978
-0.154696,-0.048800,1.319796,-53.549999,-113.190002,-4.270000,1770370322.227971
-0.057096,-0.005124,1.094340,-57.889999,-105.489998,-0.700000,1770370322.235962
0.013664,0.035868,0.880840,-55.230000,-96.389999,9.100000,1770370322.243975
0.064172,0.077836,0.711016,-48.439999,-85.400002,21.420000,1770370322.252232
0.090768,0.141032,0.592188,-43.610001,-70.980003,25.480000,1770370322.260061
0.103212,0.201788,0.499468,-37.660000,-58.099998,32.200001,1770370322.267976
0.101260,0.273036,0.426512,-37.660000,-44.310001,30.030001,1770370322.275952
0.092964,0.326716,0.361364,-31.219999,-30.240000,31.080000,1770370322.283967
0.080032,0.367464,0.295972,-31.430000,-19.879999,29.889999,1770370322.292019
0.061488,0.391620,0.225944,-28.910000,-11.550000,26.040001,1770370322.300106
0.046116,0.405284,0.154696,-25.690001,-3.150000,19.670000,1770370322.307971
0.031964,0.392596,0.076860,-20.440001,1.890000,16.940001,1770370322.315967
0.033672,0.350628,0.022448,-10.360000,7.420000,9.450000,1770370322.323971
0.032452,0.313540,0.012200,3.220000,15.540000,7.280000,1770370322.331970
0.036112,0.297192,0.087108,18.760000,26.389999,0.420000,1770370322.339977
0.041236,0.293288,0.261324,30.660000,39.480000,-0.700000,1770370322.348011
0.041724,0.312076,0.518744,38.360001,57.680000,-3.010000,1770370322.355991
0.034892,0.341844,0.885720,40.320000,81.339996,-8.680000,1770370322.363972
0.033916,0.346480,1.187548,35.070000,107.519997,-10.920000,1770370322.371959
0.030988,0.266692,1.334192,31.850000,125.720001,-12.810000,1770370322.379984
-0.013908,0.187148,1.465464,33.880001,130.130005,-7.070000,1770370322.388100
-0.076860,0.094672,1.667496,37.730000,119.629997,0.630000,1770370322.395976
-0.130784,0.000976,1.930528,40.110001,95.690002,7.070000,1770370322.403973
-0.217160,-0.166896,2.187704,43.330002,72.379997,21.350000,1770370322.412088
-0.328668,-0.276208,2.215520,41.439999,62.160000,25.480000,1770370322.419971
-0.397964,-0.344284,2.083272,25.900000,58.029999,26.250000,1770370322.427976
-0.445544,-0.449448,1.945412,4.340000,59.990002,28.629999,1770370322.435977
-0.496540,-0.548756,1.823656,-17.010000,70.279999,25.480000,1770370322.444069
-0.614392,-0.633424,1.721664,-34.090000,85.889999,14.700000,1770370322.452000
-0.719068,-0.615856,1.605520,-46.410000,102.760002,-0.910000,1770370322.459976
-0.825452,-0.529480,1.473272,-53.689999,114.099998,-15.190000,1770370322.468048
-0.889380,-0.394304,1.274900,-59.990002,110.669998,-26.600000,1770370322.476134
-0.935008,-0.253028,1.020408,-61.250000,94.919998,-32.200001,1770370322.483972
-0.951600,-0.096868,0.774456,-56.630001,64.680000,-42.209999,1770370322.491982
-0.933544,0.026108,0.585356,-52.779999,29.260000,-47.810001,1770370322.500117
-0.879864,0.094184,0.476044,-45.430000,0.560000,-55.230000,1770370322.507981
-0.773480,0.151280,0.385520,-35.560001,-21.700001,-58.240002,1770370322.515980
-0.665144,0.174948,0.315004,-25.340000,-40.250000,-57.959999,1770370322.523980
-0.559736,0.198128,0.237412,-15.470000,-55.650002,-55.930000,1770370322.532011
-0.465064,0.226920,0.159576,-7.210000,-68.879997,-61.529999,1770370322.540120
-0.368196,0.265228,0.100040,-1.820000,-80.849998,-59.430000,1770370322.547981
-0.275720,0.300608,0.046360,1.470000,-93.379997,-58.520000,1770370322.555998
-0.201544,0.302316,0.010980,-0.350000,-103.739998,-48.160000,1770370322.563998
-0.126392,0.275720,0.016592,-3.150000,-110.389999,-40.320000,1770370322.572085
-0.061000,0.212280,0.050508,-6.650000,-110.599998,-34.580002,1770370322.579974
-0.014396,0.130784,0.121024,-4.900000,-106.260002,-19.320000,1770370322.587996
0.031476,0.069052,0.206912,0.420000,-96.180000,-10.920000,1770370322.595988
0.064904,0.009028,0.334280,14.000000,-73.989998,0.700000,1770370322.603984
0.083448,-0.020740,0.523380,28.559999,-41.650002,13.580000,1770370322.611967
0.071736,-0.018544,0.781532,44.099998,2.310000,16.240000,1770370322.619961
0.013664,0.012932,1.076528,54.389999,54.250000,24.639999,1770370322.627968
-0.083692,0.019276,1.313208,61.950001,96.739998,29.260000,1770370322.635964
-0.241072,-0.035380,1.487912,67.760002,117.879997,34.790001,1770370322.643987
-0.491416,-0.097112,1.726056,84.279999,117.320000,37.029999,1770370322.652202
-0.813252,-0.082472,2.025688,87.080002,115.989998,28.840000,1770370322.659977
-1.001376,-0.136396,2.160620,72.099998,105.980003,16.660000,1770370322.667980
-1.066524,-0.254248,2.107672,50.610001,76.580002,6.230000,1770370322.675980
-1.089460,-0.381860,2.026664,33.320000,32.410000,5.390000,1770370322.684095
-1.066524,-0.433100,1.941508,17.360001,-21.209999,-2.590000,1770370322.691976
-0.976488,-0.420412,1.850496,5.180000,-69.300003,-11.060000,1770370322.699979
-0.852048,-0.381860,1.751676,-8.470000,-104.300003,-20.790001,1770370322.707983
-0.694424,-0.338916,1.638704,-21.559999,-127.610001,-28.770000,1770370322.715983
-0.497028,-0.292068,1.504748,-36.470001,-143.500000,-34.930000,1770370322.724044
-0.315004,-0.224968,1.335168,-42.630001,-151.199997,-34.580002,1770370322.731982
-0.159576,-0.154940,1.138016,-47.459999,-155.960007,-39.619999,1770370322.739985
-0.030500,-0.067832,0.943060,-44.660000,-158.130005,-34.160000,1770370322.748055
0.066612,0.026840,0.777140,-38.639999,-153.369995,-27.299999,1770370322.756116
0.152012,0.122732,0.669536,-31.780001,-144.550003,-12.600000,1770370322.764045
0.200324,0.200080,0.587552,-27.790001,-131.809998,1.540000,1770370322.772182
0.234728,0.264252,0.513376,-26.530001,-117.669998,9.870000,1770370322.780007
0.246440,0.316956,0.445300,-25.270000,-100.519997,16.170000,1770370322.787977
0.232532,0.346480,0.368928,-23.450001,-83.510002,13.860000,1770370322.795973
0.213744,0.363316,0.279868,-21.770000,-64.750000,14.770000,1770370322.803973
0.204716,0.368684,0.188856,-15.120000,-45.150002,10.780000,1770370322.812023
0.190320,0.344772,0.101748,-9.030000,-28.980000,3.710000,1770370322.819974
0.181780,0.310856,0.032940,1.190000,-12.530000,-0.910000,1770370322.827977
0.177144,0.271572,0.020008,11.200000,3.080000,-9.100000,1770370322.835962
0.189100,0.252540,0.065880,23.240000,20.580000,-12.950000,1770370322.844045
0.199348,0.239852,0.190076,34.650002,39.060001,-14.140000,1770370322.852073
0.211792,0.245464,0.386008,42.770000,60.270000,-16.520000,1770370322.859989
0.218868,0.263764,0.642208,44.730000,86.449997,-17.850000,1770370322.867973
0.246440,0.284748,0.895236,40.740002,115.570000,-20.299999,1770370322.875962
0.261568,0.254492,1.138992,35.139999,140.070007,-19.459999,1770370322.883973
0.245952,0.176168,1.365668,31.920000,159.740005,-15.820000,1770370322.892026
0.199104,0.053680,1.552816,32.549999,171.149994,-10.920000,1770370322.899981
0.075640,-0.087840,1.808528,31.780001,171.149994,-3.780000,1770370322.907972
-0.119560,-0.298412,2.076928,31.850000,173.179993,2.450000,1770370322.915966
-0.370148,-0.540948,2.267248,31.990000,178.009995,-1.120000,1770370322.923981
-0.542168,-0.624152,2.273348,32.410000,172.059998,-2.240000,1770370322.931986
-0.711260,-0.633668,2.113284,19.530001,152.740005,-8.960000,1770370322.940166
-0.847656,-0.594140,1.857084,10.080000,132.720001,-14.910000,1770370322.947980
-0.962824,-0.539240,1.597712,-2.520000,112.279999,-21.000000,1770370322.955997
-1.046028,-0.456280,1.389092,-11.200000,96.110001,-33.459999,1770370322.963992
-1.084824,-0.341356,1.209752,-18.200001,77.699997,-39.410000,1770370322.972020
-1.099952,-0.260348,1.002596,-21.910000,57.470001,-52.500000,1770370322.980022
-1.084336,-0.181292,0.797392,-28.629999,30.730000,-60.060001,1770370322.987980
-1.031144,-0.102968,0.632448,-26.809999,-0.140000,-73.430000,1770370322.996019
-0.957700,-0.046116,0.528504,-27.790001,-28.629999,-80.919998,1770370323.003974
-0.883768,0.056364,0.455548,-20.370001,-48.439999,-82.879997,1770370323.012069
-0.794464,0.095404,0.390888,-14.770000,-60.200001,-88.830002,1770370323.019989
-0.695400,0.177876,0.307440,-7.910000,-74.830002,-89.809998,1770370323.027978
-0.569740,0.292068,0.251076,0.140000,-90.930000,-87.989998,1770370323.036005
-0.428220,0.440908,0.210816,7.210000,-112.910004,-86.660004,1770370323.043988
-0.292556,0.597312,0.191784,12.250000,-137.479996,-72.309998,1770370323.051974
-0.196176,0.691740,0.188612,13.580000,-161.139999,-63.419998,1770370323.060652
-0.116144,0.692472,0.187636,10.430000,-172.199997,-47.250000,1770370323.068267
-0.054656,0.593408,0.157380,1.050000,-175.000000,-31.780001,1770370323.076235
-0.011468,0.506788,0.119072,-7.140000,-166.179993,-17.430000,1770370323.084021
0.019520,0.427732,0.119072,-6.090000,-147.490005,-1.260000,1770370323.091988
0.067832,0.355264,0.194712,0.420000,-117.809998,5.740000,1770370323.099980
0.120048,0.294508,0.382348,12.250000,-78.050003,11.130000,1770370323.108102
0.167872,0.229360,0.626104,21.980000,-27.020000,11.620000,1770370323.115995
0.197396,0.140544,0.884744,33.459999,30.799999,16.240000,1770370323.123980
0.175436,0.011224,1.190964,50.889999,84.349998,17.850000,1770370323.131985
0.042456,-0.191052,1.513044,72.660004,130.690002,10.990000,1770370323.140138
-0.193980,-0.415776,1.924916,100.730003,164.500000,10.290000,1770370323.147974
-0.528260,-0.479460,2.257000,116.059998,180.179993,4.830000,1770370323.155982
-0.752984,-0.408700,2.375340,116.760002,173.809998,-4.480000,1770370323.163989
-0.901824,-0.396256,2.267248,98.839996,144.759995,0.210000,1770370323.171970
-1.001132,-0.411384,2.109136,71.889999,91.209999,3.360000,1770370323.180096
-1.047248,-0.394304,1.937848,36.540001,19.600000,4.130000,1770370323.188081
-1.025044,-0.315736,1.758996,7.350000,-45.990002,-1.260000,1770370323.195977
-0.961604,-0.386008,1.661640,-24.360001,-92.959999,-1.750000,1770370323.203969
-0.828868,-0.331596,1.559160,-40.950001,-122.919998,-11.480000,1770370323.211980
-0.654896,-0.281576,1.460096,-57.959999,-136.990005,-28.280001,1770370323.219981
-0.468480,-0.156892,1.315160,-66.919998,-140.139999,-35.490002,1770370323.227978
-0.306708,-0.078324,1.144116,-72.660004,-136.220001,-41.090000,1770370323.235962
-0.168848,0.003904,0.947452,-76.089996,-128.100006,-38.290001,1770370323.243978
-0.065636,0.103212,0.752008,-71.540001,-117.389999,-26.250000,1770370323.251974
-0.001952,0.158112,0.598044,-65.660004,-102.269997,-9.240000,1770370323.259980
0.018544,0.187636,0.483364,-61.599998,-90.089996,4.830000,1770370323.268037
0.034404,0.213256,0.395524,-56.070000,-78.610001,18.059999,1770370323.276094
0.038064,0.242536,0.325252,-52.639999,-66.919998,22.400000,1770370323.283968
0.022936,0.273768,0.273280,-43.889999,-57.330002,26.389999,1770370323.291971
0.005368,0.303780,0.225456,-38.570000,-46.689999,27.020000,1770370323.299970
-0.009516,0.322324,0.187636,-34.020000,-39.200001,24.010000,1770370323.307965
-0.014396,0.313540,0.166164,-29.120001,-29.049999,23.660000,1770370323.315954
-0.004392,0.274988,0.151280,-21.139999,-19.110001,21.559999,1770370323.323978
0.000000,0.230092,0.136884,-10.220000,-8.330000,22.469999,1770370323.332046
0.010248,0.186416,0.139324,2.380000,5.530000,14.630000,1770370323.339984
0.016348,0.160796,0.191540,17.990000,19.740000,19.040001,1770370323.347985
0.021960,0.147132,0.302316,28.770000,35.279999,16.450001,1770370323.356004
0.016104,0.129320,0.473848,35.070000,49.840000,19.530001,1770370323.363981
0.003172,0.105164,0.733464,34.439999,67.129997,16.379999,1770370323.371984
-0.002196,0.076372,1.065060,28.490000,85.120003,18.059999,1770370323.380029
0.005856,-0.001464,1.274412,20.090000,100.029999,20.650000,1770370323.387977
-0.016348,-0.118584,1.426912,22.750000,106.889999,27.160000,1770370323.395978
-0.039284,-0.219600,1.643584,31.570000,101.919998,35.419998,1770370323.403981
-0.054412,-0.323300,1.896856,43.119999,82.110001,42.560001,1770370323.412096
-0.139080,-0.445056,2.107184,43.330002,60.689999,53.619999,1770370323.419969
-0.278160,-0.583160,2.206980,39.549999,54.529999,59.570000,1770370323.427973
-0.385764,-0.717604,2.124020,21.559999,55.369999,51.799999,1770370323.435969
-0.454328,-0.798124,1.999336,5.880000,58.380001,44.799999,1770370323.444058
-0.526552,-0.832772,1.872700,-7.560000,64.260002,35.910000,1770370323.451976
-0.632936,-0.791536,1.751432,-15.750000,72.660004,14.210000,1770370323.459990
-0.721020,-0.673196,1.629676,-20.370001,79.099998,-0.630000,1770370323.468042
-0.807884,-0.512156,1.458388,-22.820000,83.650002,-15.750000,1770370323.476147
-0.879376,-0.364292,1.249036,-27.440001,76.580002,-27.090000,1770370323.483959
-0.923784,-0.239608,1.006012,-26.110001,57.820000,-41.020000,1770370323.491979
-0.941108,-0.097356,0.754204,-26.670000,33.810001,-49.279999,1770370323.499980
-0.926956,-0.013908,0.581452,-19.809999,1.330000,-63.980000,1770370323.508059
-0.887184,0.077836,0.466284,-18.760000,-26.740000,-77.559998,1770370323.516007
-0.812276,0.215452,0.386496,-10.990000,-51.169998,-85.540001,1770370323.524097
-0.708576,0.353312,0.323788,-0.350000,-69.650002,-90.930000,1770370323.531981
-0.572912,0.507764,0.258396,12.880000,-85.330002,-97.230003,1770370323.540114
-0.440908,0.645624,0.195200,23.309999,-100.800003,-90.580002,1770370323.547983
-0.309392,0.757376,0.146644,28.420000,-118.930000,-83.089996,1770370323.556037
-0.148352,0.873764,0.094916,31.010000,-137.690002,-61.740002,1770370323.564130
-0.126880,0.896456,0.062220,18.900000,-153.229996,-45.150002,1770370323.571975
-0.067344,0.826184,0.050020,0.210000,-160.229996,-37.520000,1770370323.579963
-0.013664,0.627812,0.059292,-20.650000,-156.240005,-25.690001,1770370323.587970
0.026352,0.517036,0.053192,-36.470001,-143.360001,-12.600000,1770370323.595976
0.087108,0.437736,0.116876,-28.980000,-119.910004,-2.380000,1770370323.604054
0.145668,0.358436,0.256932,-18.340000,-87.779999,7.140000,1770370323.612006
0.190564,0.317444,0.476532,-1.680000,-46.689999,8.540000,1770370323.619962
0.237900,0.242780,0.704916,8.470000,0.350000,12.110000,1770370323.627964
0.273036,0.167872,0.939644,15.890000,46.130001,17.010000,1770370323.635972
0.237412,0.020008,1.192184,23.309999,90.790001,24.709999,1770370323.644020
0.168604,-0.145424,1.471808,35.980000,126.980003,33.459999,1770370323.651983
0.028548,-0.364048,1.874408,61.950001,153.089996,27.580000,1770370323.659994
-0.093452,-0.513620,2.270664,95.620003,162.679993,35.700001,1770370323.668073
-0.301340,-0.612196,2.519056,115.500000,161.139999,44.099998,1770370323.675990
-0.494344,-0.606584,2.500268,115.849998,147.630005,51.939999,1770370323.683973
-0.643672,-0.561444,2.373144,98.419998,120.610001,53.410000,1770370323.691976
-0.754448,-0.469212,2.165012,67.550003,82.599998,44.450001,1770370323.700242
-0.837408,-0.384544,1.901248,30.100000,42.910000,30.379999,1770370323.708070
-0.873520,-0.321104,1.623332,-11.690000,9.520000,15.400000,1770370323.715981
-0.868640,-0.303048,1.402512,-48.230000,-17.990000,2.100000,1770370323.723977
-0.807396,-0.280112,1.266360,-67.550003,-36.680000,-14.490000,1770370323.731980
-0.716628,-0.260104,1.181692,-77.629997,-47.950001,-28.490000,1770370323.740040
-0.608536,-0.191540,1.077504,-76.790001,-53.130001,-38.990002,1770370323.748059
-0.513864,-0.103944,0.956236,-70.000000,-56.209999,-41.439999,1770370323.755988
-0.425536,0.041724,0.817644,-60.900002,-57.959999,-39.970001,1770370323.764092
-0.342088,0.090524,0.714432,-52.080002,-58.029999,-22.820000,1770370323.771984
-0.287188,0.151036,0.612684,-51.310001,-63.000000,-10.360000,1770370323.779975
-0.248392,0.166896,0.504348,-54.459999,-71.400002,3.710000,1770370323.788103
-0.213988,0.195932,0.384056,-60.410000,-79.379997,13.020000,1770370323.795967
-0.173484,0.231312,0.281088,-60.970001,-88.269997,17.150000,1770370323.803972
-0.140788,0.261812,0.200568,-59.290001,-94.919998,23.870001,1770370323.811978
-0.104676,0.278892,0.158600,-50.750000,-97.160004,26.250000,1770370323.820038
-0.067100,0.266448,0.148108,-43.330002,-92.540001,29.540001,1770370323.827982
-0.010492,0.224724,0.164212,-30.100000,-87.639999,24.570000,1770370323.835970
0.041724,0.183244,0.178364,-12.950000,-76.860001,21.629999,1770370323.843974
0.088816,0.158356,0.196420,7.910000,-61.880001,19.879999,1770370323.851999
0.114680,0.156648,0.261324,25.410000,-36.400002,18.410000,1770370323.860097
0.137128,0.151036,0.421632,39.549999,-7.910000,17.709999,1770370323.868060
0.158356,0.151524,0.647332,48.860001,19.740000,13.230000,1770370323.875964
0.179584,0.158112,0.945012,50.400002,45.009998,10.850000,1770370323.884047
0.210816,0.153964,1.242204,49.070000,69.019997,7.980000,1770370323.891997
0.227652,0.088572,1.416176,43.750000,86.660004,9.520000,1770370323.900061
0.226188,-0.039284,1.559160,45.779999,94.989998,18.760000,1770370323.907980
0.244488,-0.192760,1.738256,52.500000,88.760002,30.660000,1770370323.916013
0.227164,-0.302804,1.916864,62.090000,72.800003,45.009998,1770370323.923981
0.073688,-0.382104,2.047892,59.639999,64.680000,54.669998,1770370323.932078
-0.054168,-0.465064,2.066680,41.090000,73.290001,61.599998,1770370323.940000
-0.157380,-0.566324,1.943460,16.520000,85.540001,60.689999,1770370323.947977
-0.270108,-0.653188,1.845860,-3.780000,99.680000,56.000000,1770370323.956009
-0.414312,-0.716384,1.788764,-19.530001,115.360001,43.330002,1770370323.963993
-0.563396,-0.683932,1.713124,-27.090000,130.970001,28.629999,1770370323.971973
-0.737856,-0.553392,1.590148,-37.029999,142.940002,13.580000,1770370323.979971
-0.865956,-0.412116,1.422032,-33.880001,141.750000,-1.260000,1770370323.987967
-0.956724,-0.220088,1.165588,-36.259998,124.949997,-16.030001,1770370323.995978
-1.002108,-0.053192,0.889624,-36.820000,91.769997,-27.580000,1770370324.004083
-0.998936,0.117364,0.635620,-31.360001,54.250000,-42.000000,1770370324.011969
-0.941596,0.244488,0.487268,-22.120001,18.480000,-45.570000,1770370324.019965
-0.848632,0.329888,0.430172,-14.350000,-8.120000,-46.270000,1770370324.027972
-0.769088,0.382104,0.397232,-7.350000,-28.910000,-49.209999,1770370324.035969
-0.675392,0.401868,0.335988,-4.900000,-40.529999,-50.049999,1770370324.044010
-0.564860,0.389668,0.252296,-2.450000,-49.419998,-57.610001,1770370324.052021
-0.448716,0.397964,0.140544,0.000000,-60.340000,-59.570000,1770370324.060052
-0.325740,0.438468,0.038308,-0.700000,-76.510002,-60.480000,1770370324.068748
-0.225212,0.481656,-0.009760,-1.680000,-93.169998,-53.480000,1770370324.076219
-0.148596,0.387228,0.008540,-12.670000,-108.290001,-43.540001,1770370324.084149
-0.083448,0.369172,0.018544,-17.080000,-113.050003,-33.110001,1770370324.092002
-0.043188,0.223504,0.092476,-16.100000,-108.360001,-19.250000,1770370324.099989
-0.004880,0.142252,0.171044,-9.800000,-97.510002,-8.470000,1770370324.107981
0.040504,0.098576,0.293532,4.550000,-81.760002,5.810000,1770370324.116026
0.076616,0.082472,0.472872,21.420000,-57.189999,11.200000,1770370324.123993
0.096624,0.099064,0.701012,38.500000,-23.240000,11.410000,1770370324.131985
0.087840,0.071736,0.989664,49.490002,19.740000,16.940001,1770370324.139986
0.073932,0.046604,1.224392,51.869999,59.360001,21.559999,1770370324.148006
-0.000732,-0.028304,1.402756,62.439999,91.980003,31.639999,1770370324.156013
-0.108336,-0.124928,1.588440,81.059998,108.430000,39.619999,1770370324.163990
-0.284748,-0.208864,1.870992,103.320000,114.800003,46.130001,1770370324.172087
-0.490684,-0.280600,2.228208,106.400002,120.959999,35.349998,1770370324.179976
-0.603412,-0.376492,2.277496,90.160004,113.750000,31.990000,1770370324.187972
-0.699792,-0.462136,2.169892,70.769997,96.389999,34.860001,1770370324.195962
-0.807884,-0.519476,2.075464,41.090000,69.019997,36.330002,1770370324.204015
-0.898164,-0.559248,1.939312,17.219999,33.599998,35.560001,1770370324.212021
-0.945012,-0.567300,1.769244,-8.820000,3.430000,24.500000,1770370324.219973
-0.935008,-0.543388,1.627968,-27.790001,-24.150000,13.790000,1770370324.227970
-0.875472,-0.473116,1.523292,-41.299999,-43.119999,5.390000,1770370324.235977
-0.790072,-0.349896,1.418616,-46.970001,-52.709999,-5.950000,1770370324.244049
-0.693692,-0.227408,1.315160,-51.799999,-54.740002,-14.490000,1770370324.252005
-0.609512,-0.114924,1.199016,-52.430000,-54.740002,-15.260000,1770370324.260006
-0.520696,-0.022936,1.058472,-58.240002,-57.959999,-18.059999,1770370324.268073
-0.440176,0.055876,0.904752,-65.099998,-63.419998,-13.440000,1770370324.275974
-0.364536,0.137372,0.743712,-69.230003,-72.940002,-4.620000,1770370324.283973
-0.280112,0.176412,0.602680,-66.080002,-84.629997,7.840000,1770370324.291977
-0.220820,0.243512,0.497760,-62.299999,-97.370003,13.440000,1770370324.300087
-0.174216,0.311100,0.404552,-57.680000,-110.739998,19.110001,1770370324.308058
-0.122000,0.360388,0.327936,-52.080002,-122.150002,18.410000,1770370324.315971
-0.067100,0.400648,0.276940,-46.549999,-132.229996,14.000000,1770370324.323968
-0.008784,0.427000,0.244000,-40.740002,-138.110001,11.620000,1770370324.331972
0.044652,0.447984,0.209596,-36.259998,-136.779999,8.610000,1770370324.340022
0.096136,0.444324,0.166652,-28.490000,-131.039993,8.750000,1770370324.347959
0.149328,0.413336,0.104920,-20.090000,-120.470001,4.550000,1770370324.355969
0.192516,0.379908,0.051972,-8.890000,-105.419998,-0.980000,1770370324.364104
0.227408,0.352580,0.041480,4.900000,-84.419998,-5.320000,1770370324.371967
0.275720,0.319640,0.113460,16.100000,-58.099998,-11.340000,1770370324.379973
0.318664,0.292312,0.266448,28.840000,-31.360001,-12.460000,1770370324.387979
0.364780,0.274744,0.506300,40.110001,-0.280000,-17.850000,1770370324.395973
0.415288,0.271328,0.825208,45.849998,33.459999,-21.420000,1770370324.403983
0.483852,0.250344,1.151436,47.529999,66.360001,-20.860001,1770370324.412034
0.546316,0.094428,1.417884,42.630001,96.459999,-23.799999,1770370324.419976
0.569008,-0.007320,1.581364,36.959999,120.540001,-13.160000,1770370324.427977
0.577304,-0.107848,1.702144,37.660000,130.339996,-1.890000,1770370324.435993
0.538752,-0.367220,1.928088,50.049999,129.850006,7.070000,1770370324.444103
0.333548,-0.592920,2.169892,61.320000,142.449997,13.580000,1770370324.451980
0.097844,-0.686616,2.235528,58.869999,163.940002,9.310000,1770370324.460071
-0.042944,-0.697840,2.114504,42.770000,180.250000,2.450000,1770370324.468079
-0.197640,-0.715164,1.968348,22.400000,188.020004,3.570000,1770370324.475983
-0.383568,-0.700524,1.840492,7.350000,191.029999,0.700000,1770370324.483987
-0.583404,-0.623908,1.746064,-4.480000,194.250000,-3.710000,1770370324.492098
-0.780800,-0.479216,1.611376,-14.770000,192.570007,-9.240000,1770370324.499993
-0.969168,-0.327448,1.414712,-25.690001,178.850006,-16.730000,1770370324.507968
-1.106540,-0.202032,1.121912,-35.000000,153.509995,-26.740000,1770370324.515978
-1.183888,-0.066612,0.795928,-42.000000,115.080002,-39.549999,1770370324.523987
-1.197064,0.085156,0.519964,-38.080002,65.099998,-49.630001,1770370324.532088
-1.145824,0.191052,0.338428,-30.100000,18.620001,-64.680000,1770370324.539983
-1.045052,0.374540,0.225944,-9.240000,-17.709999,-73.290001,1770370324.548144
-0.893284,0.446764,0.212524,3.010000,-42.770000,-70.489998,1770370324.555981
-0.757376,0.530700,0.223016,9.590000,-58.520000,-71.610001,1770370324.564019
-0.619272,0.598532,0.238388,11.340000,-72.730003,-73.080002,1770370324.571980
-0.480436,0.651968,0.212768,6.790000,-86.870003,-73.779999,1770370324.580131
-0.346480,0.660996,0.168360,-1.820000,-98.839996,-72.800003,1770370324.587976
-0.240096,0.602680,0.132980,-10.570000,-107.519997,-62.160000,1770370324.595976
-0.168604,0.490440,0.122000,-18.549999,-108.500000,-47.110001,1770370324.603963
-0.120536,0.364536,0.113704,-19.459999,-101.709999,-33.950001,1770370324.611985
-0.102724,0.170556,0.172752,-21.700001,-92.190002,-21.559999,1770370324.620016
-0.072468,0.154940,0.201788,-13.580000,-75.879997,-11.130000,1770370324.628113
-0.038308,0.063684,0.329644,4.200000,-56.419998,0.630000,1770370324.636002
-0.022204,-0.019276,0.516548,22.330000,-33.880001,4.340000,1770370324.643978
-0.047824,-0.090524,0.760304,33.740002,-4.270000,8.540000,1770370324.651995
-0.065636,-0.123220,1.024556,45.290001,25.900000,10.780000,1770370324.660215
-0.110044,-0.218624,1.231468,58.240002,46.900002,18.620001,1770370324.667979
-0.197396,-0.310856,1.404952,82.669998,56.279999,26.950001,1770370324.675978
-0.366244,-0.393572,1.603568,105.980003,58.939999,34.790001,1770370324.684103
-0.577548,-0.394548,1.822436,121.870003,61.320000,33.529999,1770370324.691982
-0.734196,-0.428708,1.974204,112.279999,66.779999,18.410000,1770370324.699978
-0.778604,-0.471408,1.973716,87.500000,61.950001,14.700000,1770370324.707975
-0.809348,-0.479460,1.924184,62.790001,43.259998,10.570000,1770370324.716001
-0.829844,-0.520696,1.875628,36.330002,14.770000,11.130000,1770370324.723990
-0.854000,-0.524600,1.800720,17.219999,-20.790001,10.080000,1770370324.732085
-0.839360,-0.397476,1.756556,9.870000,-49.349998,8.400000,1770370324.739979
-0.802272,-0.327692,1.683600,-6.790000,-72.660004,1.890000,1770370324.747973
-0.729072,-0.245708,1.575264,-23.450001,-91.839996,-5.950000,1770370324.756096
-0.618296,-0.189100,1.446432,-40.529999,-103.949997,-18.969999,1770370324.763998
-0.506544,-0.116388,1.318332,-53.480000,-108.010002,-23.870001,1770370324.771984
-0.400648,-0.037820,1.175592,-59.220001,-106.400002,-29.680000,1770370324.780050
-0.298412,0.030744,1.032608,-60.970001,-105.980003,-28.559999,1770370324.788069
-0.193004,0.113460,0.896212,-58.450001,-103.949997,-25.830000,1770370324.795976
-0.118096,0.224968,0.759816,-50.959999,-103.599998,-11.480000,1770370324.803976
-0.072224,0.321592,0.644404,-39.900002,-102.410004,-3.360000,1770370324.812059
-0.049776,0.406992,0.546072,-34.580002,-102.480003,0.070000,1770370324.820006
-0.025620,0.512888,0.465552,-30.660000,-101.500000,2.800000,1770370324.827977
-0.005612,0.589504,0.396012,-29.190001,-101.150002,0.770000,1770370324.835975
0.024888,0.647088,0.320372,-29.400000,-101.150002,-2.170000,1770370324.843959
0.053680,0.674416,0.236192,-28.139999,-97.510002,-10.010000,1770370324.851991
0.081496,0.680272,0.143472,-26.180000,-88.269997,-9.870000,1770370324.860023
0.126148,0.644892,0.045628,-21.490000,-76.370003,-14.280000,1770370324.868033
0.145912,0.589504,-0.047824,-13.790000,-63.910000,-16.940001,1770370324.876022
0.167872,0.527284,-0.078324,1.120000,-45.360001,-20.580000,1770370324.883971
0.190808,0.469212,-0.019764,14.210000,-27.230000,-19.950001,1770370324.892032
0.225212,0.396988,0.130784,27.299999,-8.960000,-26.040001,1770370324.899980
0.250832,0.341356,0.386984,39.410000,11.830000,-25.690001,1770370324.907976
0.274744,0.293288,0.721752,41.650002,38.709999,-30.309999,1770370324.916021
0.329888,0.269864,1.097756,38.570000,67.900002,-30.660000,1770370324.923986
0.352092,0.256688,1.368840,31.010000,97.720001,-27.860001,1770370324.931982
0.363560,0.052216,1.584780,21.770000,120.470001,-21.000000,1770370324.939959
0.379176,-0.084424,1.668228,13.650000,129.570007,-14.350000,1770370324.947969
0.424560,-0.324032,1.837564,23.799999,116.900002,5.460000,1770370324.955974
0.328668,-0.610488,2.140368,42.840000,107.449997,21.139999,1770370324.963999
0.068808,-0.812520,2.314828,60.689999,120.400002,25.059999,1770370324.971986
-0.061732,-0.815448,2.213080,58.310001,134.539993,19.389999,1770370324.980055
-0.163236,-0.803980,2.022272,43.119999,145.389999,17.010000,1770370324.987972
-0.294020,-0.819840,1.851228,28.070000,155.399994,13.790000,1770370324.995989
-0.460916,-0.808860,1.726544,14.420000,165.270004,8.820000,1770370325.004053
-0.655384,-0.711504,1.636020,4.410000,172.059998,-0.210000,1770370325.011967
-0.839848,-0.520208,1.527440,-7.840000,171.289993,-12.460000,1770370325.019982
-0.986736,-0.298900,1.336632,-18.900000,159.179993,-23.450001,1770370325.027979
-1.085068,-0.055632,1.043588,-31.920000,132.229996,-34.439999,1770370325.036055
-1.132892,0.181292,0.739320,-35.490002,95.199997,-44.869999,1770370325.043964
-1.104588,0.380640,0.504348,-27.090000,53.060001,-46.619999,1770370325.051985
-1.038464,0.428708,0.386496,-17.219999,15.960000,-39.759998,1770370325.060701
-0.976244,0.431392,0.314272,-15.540000,-5.320000,-34.930000,1770370325.068166
-0.872788,0.431148,0.289872,-13.020000,-24.780001,-39.759998,1770370325.076069
-0.763232,0.428220,0.265228,-12.250000,-38.849998,-51.660000,1770370325.084010
-0.648552,0.454084,0.204472,-11.340000,-50.330002,-58.169998,1770370325.091990
-0.538752,0.487024,0.121024,-11.550000,-62.720001,-62.230000,1770370325.100003
-0.434076,0.501908,0.071980,-10.360000,-74.830002,-60.970001,1770370325.108056
-0.337696,0.468724,0.076616,-14.350000,-87.080002,-55.650002,1770370325.115962
-0.267912,0.380884,0.113216,-16.660000,-94.849998,-46.619999,1770370325.123973
-0.218380,0.293532,0.151280,-13.860000,-95.059998,-29.540001,1770370325.131981
-0.178852,0.223016,0.205204,-6.580000,-92.050003,-22.820000,1770370325.140090
-0.152500,0.166408,0.285236,6.790000,-85.260002,-9.660000,1770370325.148153
-0.129076,0.108092,0.416508,20.230000,-72.519997,-2.240000,1770370325.156006
-0.127612,0.055144,0.605852,33.880001,-52.779999,0.350000,1770370325.164006
-0.145180,0.009516,0.853268,45.430000,-22.330000,11.760000,1770370325.172086
-0.169824,-0.066124,1.086776,54.459999,4.550000,7.910000,1770370325.179981
-0.212768,-0.141032,1.273192,66.080002,17.290001,5.740000,1770370325.187975
-0.277916,-0.250588,1.427400,80.639999,12.320000,9.100000,1770370325.195982
-0.391376,-0.335988,1.606252,96.949997,4.760000,13.230000,1770370325.203988
-0.547048,-0.367464,1.815360,104.510002,3.080000,11.900000,1770370325.211978
-0.623664,-0.376980,1.939556,97.089996,8.540000,-1.260000,1770370325.219975
-0.595116,-0.366976,1.976400,73.639999,6.300000,-3.500000,1770370325.227975
-0.562664,-0.382104,1.981036,46.200001,-6.720000,-4.060000,1770370325.235952
-0.553392,-0.427976,1.933944,16.660000,-30.240000,-2.800000,1770370325.243956
-0.543144,-0.449692,1.829268,-4.410000,-47.740002,2.100000,1770370325.251972
-0.509228,-0.429440,1.733620,-22.330000,-63.770000,0.350000,1770370325.260086
-0.460184,-0.374540,1.631872,-35.630001,-71.750000,2.450000,1770370325.268049
-0.411140,-0.286700,1.498404,-47.110001,-72.099998,1.680000,1770370325.276026
-0.358436,-0.203496,1.342732,-54.669998,-68.320000,0.490000,1770370325.283976
-0.320860,-0.107848,1.171200,-58.869999,-63.000000,2.450000,1770370325.291972
-0.287188,-0.018300,1.011624,-61.180000,-55.650002,7.070000,1770370325.299968
-0.253272,0.070760,0.882792,-58.869999,-50.750000,9.660000,1770370325.307998
-0.220820,0.151768,0.773724,-53.060001,-48.020000,14.420000,1770370325.316022
-0.201300,0.231312,0.659532,-48.860001,-47.110001,17.850000,1770370325.323970
-0.190076,0.313540,0.559736,-40.459999,-47.880001,20.090000,1770370325.331972
-0.183000,0.392840,0.483852,-35.419998,-51.450001,17.219999,1770370325.339962
-0.168848,0.467748,0.416996,-32.619999,-55.230000,16.450001,1770370325.347956
-0.144936,0.520696,0.361608,-33.810001,-59.849998,14.000000,1770370325.356056
-0.112240,0.538752,0.319884,-34.860001,-65.730003,10.850000,1770370325.364031
-0.070516,0.526796,0.282064,-34.090000,-72.309998,12.320000,1770370325.371960
-0.024156,0.497272,0.244000,-28.770000,-74.410004,11.900000,1770370325.379976
0.013908,0.457500,0.199348,-17.780001,-75.949997,6.160000,1770370325.388038
0.049776,0.416020,0.162016,-3.010000,-72.660004,0.630000,1770370325.395962
0.081984,0.400160,0.177632,12.180000,-63.560001,-2.240000,1770370325.404026
0.135664,0.386252,0.279624,25.200001,-52.080002,-6.440000,1770370325.411993
0.180072,0.384056,0.465308,33.529999,-34.650002,-13.580000,1770370325.419977
0.230336,0.390644,0.734684,35.980000,-14.350000,-16.379999,1770370325.427976
0.287676,0.388692,1.032364,31.990000,10.360000,-18.200001,1770370325.435974
0.351604,0.286456,1.270996,22.190001,34.509998,-19.320000,1770370325.443959
0.401624,0.210816,1.381040,15.890000,57.119999,-11.550000,1770370325.452019
0.456768,0.011224,1.489620,10.220000,69.440002,-4.200000,1770370325.459984
0.501664,-0.150792,1.576972,12.670000,72.309998,7.770000,1770370325.468055
0.473116,-0.314516,1.729228,28.000000,76.230003,13.650000,1770370325.476005
0.376736,-0.485316,1.900760,49.070000,91.629997,26.389999,1770370325.484099
0.204228,-0.558516,1.974448,51.660000,115.639999,32.900002,1770370325.492032
0.065148,-0.646112,1.952244,36.680000,140.770004,34.299999,1770370325.499976
-0.080276,-0.714432,1.887584,16.240000,162.399994,34.230000,1770370325.507984
-0.280844,-0.752740,1.812920,4.690000,182.910004,31.430000,1770370325.516130
-0.497760,-0.734440,1.732156,-5.110000,199.710007,21.420000,1770370325.523955
-0.715164,-0.626104,1.586732,-11.130000,208.320007,10.990000,1770370325.531979
-0.918172,-0.482388,1.380796,-21.700001,203.490005,-4.270000,1770370325.539969
-1.062132,-0.288408,1.100196,-28.559999,184.800003,-19.879999,1770370325.547968
-1.158268,-0.094672,0.817888,-30.870001,149.169998,-29.190001,1770370325.555973
-1.190720,0.060756,0.577060,-31.990000,99.820000,-38.919998,1770370325.564150
-1.163636,0.173972,0.392596,-20.299999,55.369999,-41.650002,1770370325.571975
-1.084824,0.229604,0.284748,-11.480000,16.030001,-38.779999,1770370325.579980
-0.987956,0.278892,0.239608,-6.090000,-16.660000,-40.529999,1770370325.588053
-0.876692,0.343064,0.226432,-2.660000,-40.040001,-45.150002,1770370325.595991
-0.758108,0.390156,0.195688,-3.920000,-56.419998,-52.639999,1770370325.604009
-0.627080,0.452376,0.142252,-3.220000,-70.629997,-58.660000,1770370325.611977
-0.500444,0.501664,0.100040,-4.970000,-84.839996,-60.970001,1770370325.620078
-0.387228,0.510692,0.084912,-10.640000,-100.169998,-57.820000,1770370325.627978
-0.280356,0.451888,0.093696,-15.820000,-109.269997,-50.750000,1770370325.635977
-0.213744,0.348676,0.110776,-21.209999,-112.629997,-38.009998,1770370325.643961
-0.163724,0.261324,0.149572,-18.200001,-109.480003,-24.360001,1770370325.651979
-0.113704,0.197396,0.213500,-12.600000,-101.639999,-18.410000,1770370325.660080
-0.077592,0.152256,0.350628,0.770000,-88.199997,-7.420000,1770370325.668060
-0.048068,0.098332,0.554124,15.750000,-66.709999,-1.540000,1770370325.675981
-0.060268,0.038552,0.799832,25.059999,-37.029999,0.210000,1770370325.683976
-0.094184,0.004392,1.054568,35.070000,-1.260000,7.140000,1770370325.692024
-0.135664,-0.035624,1.253672,46.549999,24.920000,6.370000,1770370325.700133
-0.220820,-0.112240,1.408124,62.650002,34.369999,13.930000,1770370325.707972
-0.339404,-0.178608,1.564040,85.680000,28.490000,21.000000,1770370325.715985
-0.524600,-0.186904,1.777052,101.709999,22.260000,17.150000,1770370325.724039
-0.632448,-0.203252,1.949804,93.730003,17.709999,18.549999,1770370325.731971
-0.619028,-0.240340,1.957612,75.389999,7.420000,5.950000,1770370325.740121
-0.604876,-0.277916,1.975912,56.000000,-10.920000,15.050000,1770370325.747972
-0.605364,-0.296216,1.983720,35.980000,-33.529999,11.900000,1770370325.755968
-0.602192,-0.288652,1.921012,14.210000,-55.439999,13.790000,1770370325.764119
-0.590480,-0.248636,1.828048,-1.190000,-68.949997,8.610000,1770370325.771991
-0.552172,-0.188368,1.711904,-21.350000,-76.440002,-3.290000,1770370325.779980
-0.489220,-0.118096,1.567944,-36.119999,-79.870003,-2.100000,1770370325.788063
-0.411628,-0.073932,1.409344,-48.650002,-83.370003,-9.730000,1770370325.795980
-0.341356,-0.030500,1.229272,-54.250000,-81.970001,-8.750000,1770370325.803975
-0.274012,0.002684,1.050908,-56.770000,-83.370003,-8.960000,1770370325.811993
-0.210816,0.039040,0.894260,-53.970001,-81.480003,-6.090000,1770370325.819989
-0.144448,0.083936,0.762744,-51.450001,-83.370003,-4.130000,1770370325.828036
-0.089548,0.122000,0.643672,-47.180000,-86.730003,-0.910000,1770370325.835976
-0.050752,0.166408,0.520696,-39.970001,-90.510002,5.180000,1770370325.843957
-0.018788,0.209352,0.436028,-35.209999,-95.620003,6.930000,1770370325.852009
0.009028,0.259372,0.380396,-31.990000,-98.489998,7.700000,1770370325.859976
0.044408,0.312320,0.343796,-30.870001,-96.949997,6.720000,1770370325.868052
0.069052,0.358436,0.321836,-28.350000,-92.190002,8.960000,1770370325.875966
0.101748,0.379420,0.315492,-27.440001,-84.489998,7.980000,1770370325.883980
0.129320,0.376004,0.287188,-22.750000,-73.290001,9.520000,1770370325.891979
0.155428,0.350872,0.224968,-11.340000,-63.630001,1.120000,1770370325.900083
0.172996,0.323056,0.172264,1.400000,-52.849998,-7.980000,1770370325.908076
0.201788,0.319884,0.191296,18.969999,-38.570000,-13.510000,1770370325.915980
0.235216,0.315248,0.292312,32.549999,-20.440001,-16.940001,1770370325.923989
0.280356,0.342088,0.481412,43.680000,0.210000,-23.100000,1770370325.932148
0.325008,0.353800,0.752740,48.230000,25.830000,-24.150000,1770370325.939972
0.381372,0.363072,1.061888,42.840000,52.220001,-27.930000,1770370325.947967
0.458232,0.322812,1.295640,34.650002,72.800003,-28.770000,1770370325.956012
0.536312,0.194468,1.434964,21.770000,85.680000,-20.440001,1770370325.963992
0.586820,0.097600,1.499868,16.309999,93.660004,-8.050000,1770370325.972124
0.638304,-0.036356,1.592100,23.309999,93.029999,4.830000,1770370325.979970
0.584624,-0.281088,1.765096,31.920000,96.879997,13.580000,1770370325.987972
0.433588,-0.483120,1.973472,45.639999,120.959999,23.030001,1770370325.995973
0.253272,-0.595604,2.058872,47.950001,155.820007,30.730000,1770370326.003972
0.082228,-0.636352,2.026176,40.320000,184.660004,32.410000,1770370326.012141
-0.129320,-0.660996,1.948828,23.450001,209.440002,26.600000,1770370326.019971
-0.353068,-0.650260,1.832196,9.800000,228.339996,18.200001,1770370326.027972
-0.595604,-0.583404,1.713612,-3.080000,241.009995,12.110000,1770370326.035984
-0.838628,-0.445788,1.500112,-14.770000,244.229996,0.070000,1770370326.043997
-1.051640,-0.303780,1.214632,-22.260000,231.979996,-8.330000,1770370326.052138
-1.217316,-0.152988,0.901580,-29.190001,202.580002,-22.120001,1770370326.060048
-1.322236,-0.017080,0.607316,-29.750000,152.600006,-32.340000,1770370326.068264
-1.348344,0.079056,0.412360,-28.629999,95.970001,-42.419998,1770370326.076147
-1.297104,0.145668,0.305000,-18.200001,41.720001,-43.540001,1770370326.084031
-1.175836,0.215696,0.249856,-6.790000,-4.410000,-44.240002,1770370326.091998
-1.023092,0.284504,0.238632,-2.590000,-40.320000,-51.450001,1770370326.100066
-0.864980,0.357460,0.223504,3.010000,-64.120003,-53.970001,1770370326.108007
-0.729072,0.432368,0.158844,3.990000,-80.919998,-53.900002,1770370326.116063
-0.605852,0.489952,0.097112,1.750000,-94.989998,-54.599998,1770370326.123959
-0.484340,0.544364,0.043432,1.750000,-107.730003,-49.840000,1770370326.131964
-0.379908,0.526552,0.032940,-2.030000,-119.279999,-45.360001,1770370326.139991
-0.287432,0.459940,0.038552,-8.540000,-126.699997,-35.000000,1770370326.147992
-0.214476,0.377956,0.070272,-10.220000,-130.619995,-28.420000,1770370326.155997
-0.153964,0.301340,0.135420,-7.490000,-127.330002,-18.830000,1770370326.163972
-0.106872,0.243268,0.229360,1.820000,-116.970001,-9.520000,1770370326.172029
-0.063196,0.185928,0.406260,14.070000,-98.980003,-6.300000,1770370326.179980
-0.050264,0.141032,0.646844,24.219999,-72.730003,-7.840000,1770370326.187982
-0.051972,0.099552,0.893040,28.910000,-38.849998,-7.560000,1770370326.195983
-0.058316,0.054168,1.125328,34.860001,-6.930000,-4.130000,1770370326.204048
-0.106872,-0.025376,1.332484,43.540001,14.630000,4.550000,1770370326.211979
-0.187392,-0.145424,1.547692,61.459999,21.070000,10.640000,1770370326.219983
-0.335012,-0.218624,1.828292,87.639999,17.080000,16.870001,1770370326.227983
-0.543144,-0.198372,2.119140,98.839996,16.940001,15.260000,1770370326.235999
-0.612928,-0.158844,2.188192,87.849998,16.520000,8.050000,1770370326.243959
-0.554368,-0.167628,2.070828,65.940002,-0.700000,12.530000,1770370326.251981
-0.549244,-0.188856,1.976888,44.310001,-34.090000,12.670000,1770370326.259969
-0.531432,-0.230824,1.864404,21.139999,-69.160004,18.969999,1770370326.268197
-0.511424,-0.247416,1.758264,-1.120000,-89.389999,17.709999,1770370326.275958
-0.468480,-0.240096,1.671888,-20.580000,-101.849998,16.730000,1770370326.283980
-0.396012,-0.212280,1.596980,-36.889999,-103.949997,11.550000,1770370326.291973
-0.311100,-0.184464,1.503528,-52.080002,-97.300003,4.830000,1770370326.300078
-0.230824,-0.137616,1.358348,-59.639999,-87.709999,-0.420000,1770370326.308061
-0.170556,-0.079544,1.182424,-61.529999,-77.699997,-1.470000,1770370326.315967
-0.121024,-0.015616,1.011868,-62.160000,-68.739998,1.330000,1770370326.323969
-0.078568,0.043676,0.859124,-59.430000,-62.230000,3.570000,1770370326.331974
-0.030256,0.097600,0.717848,-57.750000,-62.090000,8.470000,1770370326.340040
-0.007808,0.146156,0.585600,-54.880001,-62.860001,18.549999,1770370326.348146
-0.003172,0.191052,0.475312,-53.619999,-64.680000,22.959999,1770370326.355975
0.005368,0.235948,0.386984,-49.630001,-63.070000,24.219999,1770370326.363972
0.011224,0.267912,0.335256,-46.480000,-59.709999,30.100000,1770370326.371981
0.023912,0.289628,0.325008,-39.759998,-56.209999,26.670000,1770370326.379973
0.032940,0.298168,0.335500,-30.870001,-47.810001,27.370001,1770370326.388067
0.047824,0.291824,0.344772,-17.570000,-41.860001,18.549999,1770370326.395979
0.073200,0.280600,0.342332,-5.530000,-37.099998,12.600000,1770370326.403963
0.098576,0.277428,0.321836,11.550000,-31.430000,10.430000,1770370326.411981
0.107604,0.270596,0.308660,26.110001,-23.660000,1.750000,1770370326.419978
0.133956,0.280356,0.331108,40.880001,-13.370000,-3.990000,1770370326.427996
0.178852,0.291092,0.424072,53.689999,-3.710000,-7.210000,1770370326.436106
0.219356,0.306952,0.595116,61.180000,7.280000,-13.860000,1770370326.443968
0.256932,0.310856,0.819108,64.120003,18.270000,-11.550000,1770370326.451984
0.308904,0.307196,1.062376,58.380001,32.830002,-12.810000,1770370326.459976
0.391376,0.258640,1.261236,46.900002,40.950001,-10.780000,1770370326.468194
0.495076,0.178852,1.380064,34.020000,44.799999,-7.630000,1770370326.475985
0.599996,0.062708,1.474248,28.770000,40.599998,6.930000,1770370326.484038
0.658556,-0.064660,1.578192,23.100000,36.400002,17.639999,1770370326.491990
0.636596,-0.227652,1.725568,17.430000,41.790001,33.110001,1770370326.499977
0.519232,-0.377956,1.850496,17.080000,70.769997,37.169998,1770370326.507975
0.333792,-0.487756,1.886364,12.670000,118.019997,37.240002,1770370326.516005
0.096380,-0.534848,1.846104,5.320000,168.559998,30.660000,1770370326.524016
-0.143960,-0.534604,1.790716,-5.460000,217.350006,17.709999,1770370326.532010
-0.388692,-0.491416,1.701900,-16.870001,252.839996,7.420000,1770370326.539960
-0.641720,-0.400404,1.588440,-30.520000,272.089996,-4.620000,1770370326.547961
-0.894016,-0.266692,1.428620,-43.680000,272.859985,-17.290001,1770370326.556038
-1.101660,-0.140544,1.188280,-50.750000,248.429993,-27.930000,1770370326.563976
-1.256112,-0.015372,0.887672,-50.750000,202.160004,-36.750000,1770370326.571992
-1.321748,0.092720,0.588284,-43.119999,137.059998,-44.660000,1770370326.580094
-1.295640,0.151036,0.368684,-28.770000,66.709999,-43.119999,1770370326.588071
-1.202188,0.189588,0.258396,-18.760000,5.390000,-44.240002,1770370326.595978
-1.065304,0.237656,0.219844,-8.750000,-46.900002,-44.029999,1770370326.603976
-0.904752,0.316468,0.208864,0.560000,-83.370003,-39.830002,1770370326.612018
-0.749812,0.403820,0.190076,4.340000,-109.620003,-43.750000,1770370326.619966
-0.591456,0.479460,0.153720,2.450000,-126.910004,-41.860001,1770370326.627971
-0.452132,0.514840,0.122976,0.350000,-138.320007,-36.610001,1770370326.635976
-0.330376,0.499712,0.096868,-6.090000,-146.020004,-30.520000,1770370326.643958
-0.225212,0.434808,0.093452,-12.670000,-146.229996,-19.950001,1770370326.651989
-0.142984,0.350384,0.091988,-17.570000,-142.589996,-8.190000,1770370326.659999
-0.085156,0.277428,0.123952,-17.360001,-131.949997,3.570000,1770370326.668052
-0.042456,0.213988,0.203984,-12.460000,-118.019997,11.200000,1770370326.675991
-0.010980,0.140544,0.371124,-1.120000,-94.849998,18.830000,1770370326.684076
0.004148,0.069296,0.608780,11.130000,-64.680000,23.870001,1770370326.692003
-0.004880,0.006832,0.867908,23.660000,-28.000000,21.070000,1770370326.699978
-0.049776,-0.064904,1.112396,32.200001,11.830000,22.330000,1770370326.707981
-0.145668,-0.148352,1.331508,49.630001,44.310001,21.770000,1770370326.716001
-0.264984,-0.226676,1.548180,69.440002,58.799999,17.360001,1770370326.724061
-0.420412,-0.263520,1.816336,93.309998,59.919998,25.690001,1770370326.732011
-0.613904,-0.226188,2.088152,102.620003,54.110001,19.040001,1770370326.739976
-0.740784,-0.185928,2.174772,83.510002,47.040001,11.270000,1770370326.747965
-0.700768,-0.193980,2.065460,58.520000,21.840000,9.870000,1770370326.755974
-0.699792,-0.214720,2.044964,32.130001,-17.219999,10.780000,1770370326.763987
-0.672708,-0.229360,1.996896,9.240000,-59.430000,13.020000,1770370326.771999
-0.604876,-0.219600,1.907592,-10.780000,-91.699997,9.730000,1770370326.779989
-0.516060,-0.176168,1.795596,-28.559999,-113.540001,7.070000,1770370326.787986
-0.403088,-0.122244,1.634556,-46.900002,-123.900002,0.420000,1770370326.796131
-0.287676,-0.078080,1.453264,-58.869999,-125.019997,-0.770000,1770370326.803974
-0.186416,-0.040748,1.254892,-62.439999,-119.769997,-1.050000,1770370326.811978
-0.101260,-0.002440,1.078480,-60.130001,-113.610001,-3.850000,1770370326.819982
-0.028304,0.051728,0.906704,-55.439999,-103.459999,-0.700000,1770370326.827977
0.030988,0.110532,0.746396,-47.599998,-95.059998,4.060000,1770370326.836015
0.073444,0.177876,0.616344,-43.189999,-86.870003,13.440000,1770370326.843985
0.092232,0.232532,0.527528,-35.560001,-78.820000,23.870001,1770370326.851979
0.104432,0.286700,0.446520,-34.090000,-70.489998,27.930000,1770370326.859973
0.115168,0.335256,0.378932,-31.219999,-64.889999,31.430000,1770370326.868417
0.121268,0.373320,0.329400,-31.430000,-55.720001,34.930000,1770370326.876089
0.114924,0.389180,0.293532,-28.350000,-45.639999,32.549999,1770370326.884024
0.112484,0.387472,0.255468,-21.910000,-34.790001,29.959999,1770370326.891982
0.114924,0.377956,0.211304,-12.250000,-26.670000,19.740000,1770370326.899977
0.110532,0.349408,0.162992,-1.610000,-16.309999,16.940001,1770370326.908065
0.107360,0.315004,0.134688,15.540000,-7.000000,7.980000,1770370326.915984
0.135664,0.279380,0.183244,28.420000,2.870000,1.470000,1770370326.923977
0.164456,0.269864,0.307928,43.680000,11.410000,-2.240000,1770370326.931978
0.204228,0.279136,0.510692,50.119999,19.389999,-7.560000,1770370326.940067
0.238388,0.287188,0.782508,51.450001,28.070000,-13.580000,1770370326.948169
0.292312,0.301340,1.098732,45.639999,38.919998,-10.780000,1770370326.955966
0.386984,0.267912,1.362984,37.450001,49.070000,-9.730000,1770370326.963992
0.494344,0.200080,1.550864,26.879999,53.689999,-4.970000,1770370326.972004
0.582916,0.072224,1.669936,17.080000,50.820000,5.040000,1770370326.979990
0.582184,-0.127124,1.767536,6.160000,49.560001,12.460000,1770370326.987977
0.490928,-0.374296,1.889292,1.540000,61.459999,13.440000,1770370326.996002
0.371124,-0.643184,2.022272,3.010000,94.010002,14.980000,1770370327.003981
0.261324,-0.821304,2.038132,12.740000,128.800003,7.420000,1770370327.011979
0.099552,-0.805444,1.950536,20.020000,163.940002,7.700000,1770370327.019975
-0.127612,-0.680272,1.835368,14.280000,194.529999,4.060000,1770370327.027976
-0.350384,-0.516304,1.725324,3.430000,218.679993,-2.800000,1770370327.035979
-0.568764,-0.342576,1.573800,-13.930000,231.910004,-14.280000,1770370327.043963
-0.752984,-0.178364,1.333948,-30.450001,228.339996,-25.059999,1770370327.051965
-0.898652,-0.064904,1.024312,-43.680000,206.710007,-39.970001,1770370327.060055
-0.998936,0.019520,0.700280,-50.959999,169.190002,-51.520000,1770370327.068835
-1.050664,0.048312,0.449204,-43.750000,121.870003,-61.250000,1770370327.076953
-1.042856,0.062708,0.302072,-33.529999,78.120003,-65.029999,1770370327.084037
-0.992348,0.103700,0.221308,-19.110001,31.290001,-66.709999,1770370327.092015
-0.907436,0.186416,0.212524,-12.880000,-6.230000,-71.400002,1770370327.099985
-0.798368,0.313784,0.220576,-7.000000,-35.349998,-74.760002,1770370327.108067
-0.667340,0.469944,0.208864,-7.770000,-60.200001,-78.260002,1770370327.115988
-0.516792,0.596092,0.212280,-7.630000,-82.250000,-72.379997,1770370327.123976
-0.386008,0.610488,0.213256,-10.990000,-101.290001,-57.610001,1770370327.131983
-0.289872,0.527040,0.206912,-21.139999,-110.459999,-47.459999,1770370327.139978
-0.210328,0.424072,0.198128,-28.000000,-114.730003,-33.320000,1770370327.147976
-0.145424,0.341112,0.206668,-28.770000,-112.000000,-22.120001,1770370327.155960
-0.088328,0.267912,0.273280,-21.209999,-101.919998,-11.550000,1770370327.164069
-0.037576,0.193980,0.394548,-8.540000,-83.370003,3.710000,1770370327.172008
-0.008052,0.122976,0.597800,5.460000,-55.160000,8.190000,1770370327.179992
-0.010736,0.097112,0.841800,22.959999,-15.400000,17.290001,1770370327.187983
-0.046604,0.026352,1.095316,39.270000,28.490000,14.700000,1770370327.196057
-0.116876,-0.066856,1.323456,52.009998,64.260002,21.209999,1770370327.203974
-0.261324,-0.168848,1.480104,78.959999,90.650002,19.879999,1770370327.211978
-0.445056,-0.261812,1.638948,105.209999,101.639999,18.830000,1770370327.219979
-0.715652,-0.246928,1.815360,112.629997,109.690002,14.000000,1770370327.227960
-0.840336,-0.251564,1.974448,100.309998,100.449997,0.770000,1770370327.235978
-0.867908,-0.274500,2.043988,73.430000,72.449997,-0.420000,1770370327.244008
-0.887428,-0.320616,2.043744,46.759998,27.930000,1.750000,1770370327.252133
-0.879620,-0.360876,1.944680,23.870001,-21.910000,5.390000,1770370327.259971
-0.810080,-0.406260,1.806820,1.680000,-71.540001,6.580000,1770370327.267985
-0.708576,-0.415532,1.690920,-14.910000,-107.029999,4.830000,1770370327.275995
-0.586576,-0.381860,1.573556,-31.850000,-125.440002,-0.350000,1770370327.283982
-0.448960,-0.328668,1.454972,-44.520000,-132.929993,-8.890000,1770370327.291970
-0.324032,-0.246928,1.299544,-55.020000,-128.169998,-12.600000,1770370327.299976
-0.219844,-0.174948,1.127036,-60.340000,-119.910004,-16.660000,1770370327.308037
-0.126392,-0.101504,0.946476,-60.619999,-107.099998,-15.610000,1770370327.316078
-0.054656,-0.012444,0.765428,-57.889999,-94.709999,-11.690000,1770370327.323999
-0.001220,0.079788,0.625128,-45.080002,-83.160004,-2.590000,1770370327.331972
0.029280,0.168116,0.514840,-42.139999,-75.040001,7.070000,1770370327.339970
0.042456,0.265716,0.425536,-36.680000,-68.529999,16.309999,1770370327.347959
0.053192,0.340380,0.353556,-34.790001,-61.320000,19.740000,1770370327.355975
0.059536,0.414556,0.323300,-35.000000,-54.740002,21.000000,1770370327.363955
0.060024,0.449936,0.307440,-35.840000,-47.320000,21.350000,1770370327.372173
0.058560,0.461404,0.280600,-35.770000,-36.889999,20.090000,1770370327.379977
0.066856,0.435540,0.255224,-31.990000,-27.230000,17.150000,1770370327.388037
0.066856,0.384056,0.217160,-25.760000,-17.290001,16.030001,1770370327.395977
0.067100,0.332084,0.178852,-11.550000,-10.220000,7.770000,1770370327.404003
0.071980,0.282552,0.179584,2.450000,-3.010000,-0.140000,1770370327.412023
0.095892,0.249368,0.254004,16.100000,4.970000,-7.420000,1770370327.419975
0.121268,0.236436,0.411872,25.969999,14.210000,-10.080000,1770370327.427980
0.156892,0.245464,0.627568,33.880001,24.150000,-15.470000,1770370327.436005
0.205692,0.254492,0.924516,38.779999,35.980000,-16.940001,1770370327.444100
0.243756,0.239608,1.201456,41.650002,51.799999,-14.840000,1770370327.452014
0.300364,0.187636,1.423984,39.410000,65.519997,-13.790000,1770370327.459978
0.342820,0.090036,1.568676,38.290001,74.059998,-7.280000,1770370327.468063
0.366244,-0.047336,1.687504,34.860001,73.500000,-3.080000,1770370327.476042
0.322080,-0.232288,1.808528,35.980000,77.209999,2.240000,1770370327.484044
0.234728,-0.391376,1.920280,37.520000,87.989998,4.760000,1770370327.491999
0.114192,-0.524844,1.974936,37.169998,108.430000,2.800000,1770370327.499978
0.014396,-0.589504,1.938824,33.389999,126.839996,-1.820000,1770370327.508046
-0.103456,-0.614880,1.870748,21.629999,143.360001,-0.980000,1770370327.516078
-0.260348,-0.605608,1.774368,12.460000,159.179993,-1.260000,1770370327.524006
-0.437980,-0.592188,1.700192,6.230000,170.240005,-3.150000,1770370327.531982
-0.609268,-0.496052,1.585268,-5.460000,180.669998,-9.660000,1770370327.539984
-0.767380,-0.403088,1.366888,-14.000000,184.169998,-15.610000,1770370327.547962
-0.900116,-0.283040,1.101660,-19.809999,174.160004,-24.709999,1770370327.555986
-1.004548,-0.158844,0.833260,-24.850000,148.190002,-35.490002,1770370327.564077
-1.071648,-0.028548,0.630740,-22.540001,113.680000,-40.669998,1770370327.572189
-1.104100,0.073444,0.516304,-16.450001,79.379997,-47.459999,1770370327.579984
-1.102880,0.131028,0.457988,-10.010000,43.400002,-49.209999,1770370327.588078
-1.036756,0.165432,0.419436,-3.780000,12.740000,-49.630001,1770370327.595981
-0.934276,0.197884,0.377712,-1.680000,-14.140000,-55.160000,1770370327.603977
-0.810568,0.227652,0.332084,1.890000,-37.310001,-62.230000,1770370327.611976
-0.679784,0.289384,0.258884,1.750000,-58.939999,-64.330002,1770370327.620021
-0.543144,0.343308,0.201788,0.000000,-81.620003,-69.790001,1770370327.627973
-0.406748,0.362096,0.154940,-2.100000,-103.040001,-64.330002,1770370327.635971
-0.297924,0.305732,0.138592,-4.550000,-118.580002,-56.560001,1770370327.643962
-0.219112,0.264496,0.106384,-5.110000,-129.429993,-40.459999,1770370327.652010
-0.154208,0.209596,0.123464,-5.320000,-133.910004,-35.630001,1770370327.660082
-0.110532,0.159820,0.186172,2.660000,-130.690002,-21.559999,1770370327.667975
-0.065880,0.124196,0.308660,14.980000,-114.940002,-17.639999,1770370327.675995
-0.030256,0.113216,0.480192,26.530001,-91.489998,-11.550000,1770370327.684006
-0.030012,0.114680,0.697108,40.529999,-55.230000,-4.690000,1770370327.692044
-0.033672,0.074176,0.915000,47.880001,-17.500000,-9.520000,1770370327.699987
-0.073200,0.051728,1.080432,54.950001,21.629999,-4.830000,1770370327.708070
-0.160308,-0.033428,1.258064,66.849998,49.349998,-2.240000,1770370327.716064
-0.284016,-0.110776,1.444480,84.419998,67.269997,0.140000,1770370327.723981
-0.457988,-0.158356,1.658712,100.660004,71.680000,-0.770000,1770370327.731980
-0.636840,-0.202520,1.836100,100.449997,69.650002,-8.890000,1770370327.739983
-0.721020,-0.249612,1.920036,80.989998,53.689999,-8.610000,1770370327.747997
-0.740052,-0.327204,1.950536,62.020000,22.750000,-9.800000,1770370327.755980
-0.750544,-0.415288,1.933944,38.779999,-19.110001,-0.980000,1770370327.764086
-0.723460,-0.473848,1.888560,27.790001,-62.860001,-2.380000,1770370327.772014
-0.642696,-0.512400,1.841468,14.070000,-96.949997,-9.870000,1770370327.780044
-0.536800,-0.414556,1.765340,3.360000,-109.900002,-12.460000,1770370327.787982
-0.427732,-0.261812,1.677500,-7.140000,-114.379997,-19.879999,1770370327.795981
-0.332816,-0.121756,1.573800,-19.670000,-106.750000,-22.889999,1770370327.804067
-0.239120,-0.004880,1.441796,-28.000000,-95.900002,-25.129999,1770370327.811979
-0.164944,0.076372,1.261968,-38.360001,-87.500000,-25.270000,1770370327.819981
-0.096136,0.141032,1.078968,-43.750000,-76.650002,-20.580000,1770370327.828119
-0.034892,0.180316,0.906216,-44.310001,-68.879997,-15.260000,1770370327.836010
-0.016348,0.231312,0.743468,-41.439999,-62.439999,-0.770000,1770370327.843967
-0.009272,0.272060,0.627080,-35.700001,-56.419998,4.060000,1770370327.851983
-0.012932,0.323300,0.534116,-36.330002,-51.730000,10.920000,1770370327.860052
-0.016348,0.377956,0.450912,-35.349998,-47.529999,8.400000,1770370327.867971
-0.014152,0.421388,0.382836,-34.650002,-43.680000,6.720000,1770370327.875978
-0.014640,0.470432,0.323788,-32.900002,-42.209999,3.430000,1770370327.883986
-0.001708,0.485560,0.283528,-30.940001,-39.200001,1.120000,1770370327.892110
0.013420,0.480680,0.252052,-28.209999,-34.930000,-2.730000,1770370327.899980
0.030012,0.453840,0.213500,-24.360001,-28.770000,-7.560000,1770370327.907984
0.043432,0.415776,0.163480,-14.770000,-20.930000,-7.980000,1770370327.915979
0.055144,0.374784,0.129320,-3.640000,-14.140000,-14.070000,1770370327.923975
0.074176,0.334768,0.153232,12.320000,-5.810000,-19.670000,1770370327.931968
0.094428,0.305732,0.238388,24.780001,5.180000,-24.010000,1770370327.939979
0.114192,0.316712,0.412116,32.200001,17.709999,-27.580000,1770370327.947992
0.146400,0.348676,0.679540,38.009998,31.500000,-33.110001,1770370327.955969
0.169336,0.382348,0.962336,36.959999,46.970001,-33.459999,1770370327.964046
0.195932,0.370148,1.183644,33.880001,65.449997,-31.639999,1770370327.972016
0.224236,0.293776,1.295152,28.629999,75.599998,-29.889999,1770370327.980058
0.242292,0.152744,1.400560,28.000000,77.559998,-22.120001,1770370327.987985
0.284748,-0.014640,1.525976,29.680000,70.910004,-16.030001,1770370327.995972
0.286456,-0.222528,1.679208,34.299999,59.709999,-7.560000,1770370328.003978
0.241072,-0.455060,1.833172,46.060001,57.610001,3.710000,1770370328.012145
0.138104,-0.636840,1.907348,53.970001,72.029999,4.270000,1770370328.019977
0.044652,-0.696864,1.877824,55.650002,95.550003,7.210000,1770370328.027975
-0.036844,-0.725656,1.794620,46.200001,119.000000,9.800000,1770370328.035976
-0.156648,-0.766404,1.727032,33.669998,141.539993,14.140000,1770370328.044071
-0.299876,-0.776652,1.703364,21.770000,159.600006,10.080000,1770370328.052008
-0.488000,-0.725168,1.701168,6.650000,175.139999,3.710000,1770370328.060050
-0.682224,-0.570716,1.663592,-4.130000,182.910004,-6.090000,1770370328.068216
-0.868152,-0.358680,1.566236,-18.690001,183.050003,-17.639999,1770370328.076198
-1.013820,-0.123464,1.366156,-31.360001,168.910004,-27.860001,1770370328.083981
-1.102636,0.101016,1.066768,-41.509998,137.970001,-37.380001,1770370328.092237
-1.143384,0.235216,0.808372,-42.980000,100.239998,-44.799999,1770370328.099982
-1.127768,0.251076,0.643428,-38.849998,57.259998,-44.799999,1770370328.108060
-1.071892,0.217648,0.543876,-30.520000,19.110001,-42.840000,1770370328.116028
-0.998936,0.214964,0.456524,-27.510000,-8.260000,-38.919998,1770370328.124014
-0.888160,0.202764,0.421632,-18.200001,-30.240000,-45.430000,1770370328.131981
-0.783728,0.235948,0.370880,-15.470000,-46.549999,-44.240002,1770370328.139977
-0.701012,0.270840,0.290848,-19.459999,-59.570000,-48.720001,1770370328.147983
-0.613416,0.337452,0.195444,-20.370001,-71.889999,-50.470001,1770370328.156058
-0.500200,0.363560,0.147132,-16.450001,-82.879997,-44.310001,1770370328.163994
-0.421632,0.302560,0.144204,-10.430000,-89.949997,-33.529999,1770370328.171991
-0.384788,0.258396,0.142252,-1.330000,-92.190002,-22.680000,1770370328.180102
-0.591212,0.559492,0.092720,35.070000,-73.639999,-12.250000,1770370328.187977
-0.240096,0.687348,0.274500,125.300003,-85.190002,-15.190000,1770370328.195983
-0.254248,0.050996,0.478728,79.730003,-132.929993,-44.310001,1770370328.203977
-0.186904,0.065148,0.397476,17.080000,-146.369995,-47.110001,1770370328.212018
-0.135664,0.066612,0.456768,-19.320000,-117.949997,-36.820000,1770370328.219979
-0.090524,0.092232,0.625860,-26.530001,-85.750000,-31.780001,1770370328.227971
-0.085888,-0.033672,0.875960,-17.570000,-48.930000,-15.190000,1770370328.235971
-0.150060,-0.121024,1.090680,-7.700000,-23.240000,-11.270000,1770370328.243969
-0.229116,-0.213744,1.278316,18.200001,-10.430000,-10.360000,1770370328.251981
-0.341844,-0.320616,1.442040,47.320000,-8.470000,-9.310000,1770370328.259976
-0.494100,-0.348188,1.561356,69.860001,-10.570000,-10.080000,1770370328.267966
-0.614392,-0.353068,1.650416,74.620003,-13.090000,-15.470000,1770370328.276101
-0.615612,-0.304268,1.722152,64.750000,-19.320000,-15.050000,1770370328.283967
-0.555344,-0.401624,1.792912,50.750000,-38.779999,-5.180000,1770370328.291982
-0.512644,-0.396988,1.815848,26.879999,-62.299999,0.210000,1770370328.299974
-0.487512,-0.388692,1.794376,11.200000,-81.830002,7.210000,1770370328.307974
-0.452864,-0.451888,1.780468,1.890000,-91.349998,21.139999,1770370328.315970
-0.483364,-0.326228,1.600152,-23.870001,-89.320000,40.389999,1770370328.324023
-0.405772,-0.430172,1.523536,-50.470001,-103.389999,37.799999,1770370328.331970
-0.318664,-0.490440,1.409588,-73.080002,-108.570000,43.470001,1770370328.339971
-0.283040,-0.462136,1.261724,-87.220001,-105.980003,57.119999,1770370328.347973
-0.237900,-0.374540,1.149972,-79.169998,-102.059998,64.330002,1770370328.355960
-0.230336,-0.581208,1.134844,-66.290001,-90.650002,73.709999,1770370328.364016
-0.255468,-0.468480,0.959408,-53.900002,-75.110001,85.540001,1770370328.371995
-0.107360,0.076860,0.771772,-16.309999,-90.860001,50.750000,1770370328.379987
-0.053680,0.549488,0.692716,7.000000,-110.110001,14.910000,1770370328.387977
0.147864,0.873276,0.668072,10.640000,-121.169998,10.360000,1770370328.396016
0.144204,0.895724,0.722728,-8.470000,-119.910004,16.590000,1770370328.404029
0.117608,0.872544,0.639280,-39.549999,-105.629997,26.389999,1770370328.412007
0.093208,0.818376,0.539484,-65.449997,-89.320000,31.080000,1770370328.419981
0.064904,0.771528,0.467748,-75.669998,-79.730003,28.280001,1770370328.428048
0.045384,0.685396,0.436028,-68.110001,-72.870003,28.070000,1770370328.436022
0.054412,0.617076,0.430172,-44.310001,-72.239998,23.660000,1770370328.443974
0.065148,0.471408,0.454084,-18.690001,-74.760002,15.960000,1770370328.451988
0.076860,0.205204,0.485316,-8.260000,-71.610001,23.240000,1770370328.459988
0.093452,0.010492,0.471408,-6.230000,-62.090000,28.280001,1770370328.467966
0.150304,-0.143228,0.469944,7.070000,-56.209999,28.629999,1770370328.475990
0.271084,-0.174704,0.489220,27.440001,-58.730000,9.800000,1770370328.484010
0.340868,-0.087108,0.516792,53.200001,-56.980000,0.980000,1770370328.492005
0.419680,-0.120292,0.608048,63.770000,-51.520000,-2.520000,1770370328.499982
0.480924,-0.260104,0.717116,65.449997,-35.980000,-4.480000,1770370328.507969
0.497272,-0.413824,0.813984,67.339996,-12.530000,3.220000,1770370328.515960
0.477996,-0.569984,0.910364,61.320000,14.280000,10.850000,1770370328.523980
0.529480,-0.712724,1.050908,51.520000,34.369999,16.730000,1770370328.532144
0.543876,-0.879376,1.231712,38.430000,48.720001,24.570000,1770370328.539973
0.570472,-1.014796,1.410564,31.570000,59.919998,22.120001,1770370328.547964
0.506544,-1.077504,1.555988,49.490002,77.699997,14.560000,1770370328.555977
0.302560,-1.009428,1.582340,70.980003,114.309998,26.040001,1770370328.564044
0.034160,-0.758596,1.518656,84.629997,151.479996,29.680000,1770370328.572012
-0.168360,-0.591212,1.551352,75.320000,177.589996,26.459999,1770370328.579978
-0.325740,-0.513376,1.643584,62.230000,185.710007,23.240000,1770370328.587967
-0.479948,-0.432856,1.695312,51.099998,184.800003,12.670000,1770370328.596004
-0.601460,-0.282796,1.689456,44.520000,165.830002,7.980000,1770370328.604066
-0.678320,-0.123952,1.638704,33.810001,133.770004,5.810000,1770370328.611980
-0.726632,0.007320,1.522560,24.150000,92.540001,10.640000,1770370328.619959
-0.742492,0.118584,1.382260,11.550000,47.950001,17.709999,1770370328.627959
-0.738588,0.178852,1.237324,-2.380000,5.810000,23.240000,1770370328.636052
-0.681736,0.196420,1.133868,-17.780001,-27.440001,32.970001,1770370328.644003
-0.591944,0.206668,1.064816,-21.209999,-52.290001,36.680000,1770370328.651981
-0.502640,0.269132,1.018700,-20.510000,-70.769997,40.320000,1770370328.659974
-0.441152,0.379420,0.966728,-25.549999,-80.290001,31.990000,1770370328.667977
-0.391376,0.492636,0.885476,-30.240000,-85.820000,33.880001,1770370328.676183
-0.317200,0.531920,0.831552,-31.010000,-82.320000,35.560001,1770370328.683962
-0.247172,0.498736,0.789096,-25.480000,-74.970001,40.320000,1770370328.691997
-0.196908,0.419680,0.749080,-21.000000,-62.509998,39.549999,1770370328.700056
-0.170068,0.344772,0.722728,-17.990000,-48.860001,37.730000,1770370328.708067
-0.172020,0.280112,0.692472,-12.670000,-37.029999,34.720001,1770370328.715975
-0.188612,0.233752,0.676124,-8.470000,-27.230000,30.379999,1770370328.724046
-0.229848,0.181780,0.691008,-5.880000,-19.320000,30.660000,1770370328.731979
-0.277916,0.109800,0.699792,-8.050000,-16.100000,21.910000,1770370328.739986
-0.325008,0.034160,0.698572,-15.470000,-14.000000,17.500000,1770370328.747978
-0.359656,-0.021716,0.715164,-19.250000,-19.110001,15.050000,1770370328.756044
-0.373076,-0.055632,0.731756,-19.250000,-22.680000,15.050000,1770370328.763985
-0.389424,-0.076128,0.749812,-16.240000,-33.599998,11.970000,1770370328.772017
-0.405284,-0.072224,0.815936,-14.000000,-43.119999,12.250000,1770370328.779991
-0.398452,-0.054168,0.914756,-14.070000,-53.340000,9.310000,1770370328.787980
-0.372344,-0.046848,0.989664,-20.020000,-63.419998,8.960000,1770370328.795986
-0.336720,-0.076616,1.018700,-24.010000,-74.059998,5.950000,1770370328.804099
-0.275964,-0.132492,1.000400,-23.450001,-82.599998,7.630000,1770370328.811974
-0.198372,-0.197152,0.983076,-23.100000,-91.559998,6.160000,1770370328.819977
-0.115168,-0.245708,1.001620,-17.990000,-100.169998,6.510000,1770370328.827975
-0.027572,-0.290848,1.058228,-16.590000,-105.209999,8.540000,1770370328.835976
0.047580,-0.296948,1.104588,-11.760000,-107.589996,14.140000,1770370328.844127
0.125172,-0.290604,1.156072,-9.310000,-106.120003,17.990000,1770370328.851983
0.207888,-0.296948,1.209752,-5.670000,-101.360001,17.920000,1770370328.859977
0.281088,-0.295972,1.257332,-2.450000,-94.709999,20.719999,1770370328.867970
0.342576,-0.290604,1.293200,-0.770000,-85.050003,20.299999,1770370328.875985
0.389180,-0.266692,1.294908,1.330000,-72.519997,26.389999,1770370328.884009
0.406992,-0.215696,1.259040,3.080000,-58.099998,29.750000,1770370328.892029
0.406260,-0.154452,1.199016,1.330000,-41.509998,32.549999,1770370328.899988
0.385764,-0.114192,1.130696,-1.330000,-24.360001,33.810001,1770370328.908081
0.348676,-0.101992,1.068476,-2.800000,-7.140000,35.349998,1770370328.916015
0.303780,-0.082960,1.018456,-5.670000,11.480000,37.520000,1770370328.923984
0.250588,-0.051728,0.975512,-6.580000,27.370001,41.090000,1770370328.931980
0.197396,-0.014152,0.938668,-10.430000,41.369999,38.290001,1770370328.940011
0.135420,0.038796,0.912316,-13.090000,49.070000,40.180000,1770370328.948096
0.082228,0.084668,0.892796,-17.360001,52.709999,40.599998,1770370328.955987
0.040504,0.130784,0.892308,-20.860001,51.799999,39.759998,1770370328.963979
0.011224,0.170068,0.911340,-21.420000,44.310001,40.180000,1770370328.971976
-0.015616,0.180560,0.956724,-24.780001,34.580002,38.919998,1770370328.980090
0.011224,-0.033672,0.931592,-27.230000,21.070000,45.709999,1770370328.987979
-0.056120,0.162016,0.967216,-25.760000,3.920000,30.379999,1770370328.995978
-0.034892,0.084180,0.989664,-20.440001,-12.390000,41.230000,1770370329.003981
0.018544,0.002196,0.998936,-13.930000,-24.709999,31.990000,1770370329.012038
0.125660,-0.088816,1.013576,-6.930000,-30.450001,33.110001,1770370329.020004
0.142496,-0.107116,0.948184,-5.530000,-29.540001,31.780001,1770370329.027979
0.165188,-0.172264,0.736880,-4.760000,-18.549999,33.669998,1770370329.035974
0.271572,-0.295972,0.738344,2.660000,-23.100000,39.060001,1770370329.044010
0.298656,-0.254004,0.792024,9.240000,-18.690001,35.630001,1770370329.051993
0.302316,-0.178852,0.883280,5.530000,-13.230000,35.139999,1770370329.060060
0.328424,-0.152500,0.998204,4.410000,-13.300000,29.820000,1770370329.068131
0.280112,-0.166896,1.057252,8.890000,-24.639999,31.430000,1770370329.077341
0.159820,-0.159088,1.087752,15.330000,-44.310001,30.520000,1770370329.083982
0.185440,-0.161040,1.122400,23.870001,-70.419998,33.459999,1770370329.092149
0.329888,-0.169092,1.117032,26.670000,-84.629997,30.730000,1770370329.099994
0.373076,-0.120048,1.117520,28.559999,-91.209999,28.420000,1770370329.107981
0.358924,-0.073932,1.064084,25.900000,-97.160004,29.190001,1770370329.115977
0.368196,-0.019520,1.029436,24.430000,-96.949997,35.279999,1770370329.123993
0.355752,-0.126148,0.958676,21.000000,-100.099998,39.060001,1770370329.132071
0.355020,-0.162748,0.956968,25.760000,-94.709999,37.520000,1770370329.140006
0.399428,-0.203496,0.959896,29.400000,-86.519997,43.400002,1770370329.147959
0.416508,-0.168116,0.917928,36.400002,-73.430000,44.590000,1770370329.155967
0.478484,-0.190808,0.944036,43.889999,-51.730000,42.630001,1770370329.164529
0.411140,-0.152744,0.948428,45.430000,-32.200001,39.830002,1770370329.172053
0.363560,-0.154940,1.012844,41.299999,-25.340000,53.270000,1770370329.180129
0.306952,-0.060512,1.082140,40.529999,-20.370001,47.950001,1770370329.187969
0.242780,0.018056,1.117764,32.689999,-22.889999,43.959999,1770370329.195975
0.257420,0.018300,1.117276,27.090000,-22.120001,50.400002,1770370329.204005
0.246440,0.067588,1.128256,16.450001,-24.360001,45.500000,1770370329.212139
0.289140,0.022936,1.142164,11.410000,-19.809999,44.660000,1770370329.219972
0.340868,0.041724,1.125328,5.740000,-13.790000,35.630001,1770370329.227967
0.381616,0.022448,1.159488,9.520000,-2.240000,35.770000,1770370329.235969
0.360388,0.091256,1.179008,1.890000,3.080000,30.870001,1770370329.243966
0.328424,0.119316,1.188280,2.660000,10.640000,30.660000,1770370329.251989
0.285480,0.111752,1.167540,-2.240000,13.440000,25.480000,1770370329.259983
0.222528,0.115900,1.123864,-6.020000,9.310000,22.680000,1770370329.267966
0.171776,0.098820,1.079456,-7.910000,1.400000,27.160000,1770370329.276008
0.158356,0.077348,1.055788,-8.470000,-8.330000,24.709999,1770370329.284005
0.186416,0.056852,1.078236,-6.160000,-16.590000,27.299999,1770370329.292109
0.249612,0.025376,1.099464,-5.530000,-20.440001,24.850000,1770370329.299987
0.253028,0.044652,1.071404,-7.630000,-22.120001,23.660000,1770370329.307975
0.262544,0.036112,1.025044,-4.900000,-23.660000,24.219999,1770370329.315971
0.267668,0.030744,0.997472,-5.600000,-24.780001,27.510000,1770370329.323969
0.257908,0.038064,0.967460,-3.500000,-26.459999,30.660000,1770370329.331972
0.238144,0.004148,0.952576,-6.650000,-28.490000,30.660000,1770370329.340040
0.199836,-0.012200,0.936716,-5.670000,-30.660000,33.810001,1770370329.347958
0.175680,-0.040016,0.924272,-5.110000,-33.459999,33.529999,1770370329.355988
0.175680,-0.061732,0.901580,-4.550000,-38.990002,31.430000,1770370329.364032
0.169092,-0.084424,0.871080,-4.410000,-42.000000,31.850000,1770370329.371998
0.233752,-0.094184,0.870104,-5.880000,-43.750000,21.280001,1770370329.380138
0.242292,-0.153964,0.884256,-3.920000,-36.889999,23.309999,1770370329.387974
0.261324,-0.176412,0.871812,-3.990000,-25.200001,24.570000,1770370329.395954
0.240340,-0.225700,0.873764,-4.340000,-16.240000,20.790001,1770370329.403989
0.189588,-0.169824,0.838140,-3.850000,-9.800000,24.010000,1770370329.411983
0.161528,-0.116144,0.858392,-10.430000,-8.890000,21.629999,1770370329.420094
0.195932,-0.084180,0.878888,-14.140000,-2.030000,22.540001,1770370329.427970
0.244976,-0.080764,0.885232,-15.260000,3.850000,16.240000,1770370329.435976
0.252784,-0.074176,0.903776,-18.340000,7.280000,15.190000,1770370329.443976
0.249856,-0.067100,0.943792,-17.360001,9.940000,16.940001,1770370329.452011
0.261324,-0.078080,0.990396,-18.620001,14.000000,10.780000,1770370329.460008
0.268644,-0.071736,1.010160,-16.379999,16.379999,16.170000,1770370329.467980
0.238632,-0.114436,1.074576,-17.290001,18.200001,9.450000,1770370329.475978
0.233264,-0.107604,1.025776,-16.030001,21.070000,9.730000,1770370329.483992
0.238388,-0.120780,1.029680,-10.010000,24.570000,6.510000,1770370329.492004
0.192760,-0.082716,0.999424,-6.580000,24.500000,10.430000,1770370329.499975
0.213012,-0.053924,0.992592,-9.030000,27.860001,3.710000,1770370329.507987
0.209840,-0.050020,0.982100,-6.090000,29.959999,-2.030000,1770370329.516013
0.202032,-0.051484,0.979172,-3.990000,32.830002,-2.800000,1770370329.524011
0.195200,-0.061488,0.993812,0.210000,31.990000,-4.270000,1770370329.531979
0.206668,-0.057828,1.013088,1.960000,32.270000,-7.980000,1770370329.539982
0.197884,-0.045140,1.020164,2.030000,31.080000,-7.770000,1770370329.548021
0.189588,-0.049776,1.040660,2.240000,29.049999,-12.250000,1770370329.556158
0.177144,-0.036600,1.053348,0.560000,27.860001,-14.910000,1770370329.563975
0.151524,-0.047336,1.051884,1.540000,22.750000,-12.390000,1770370329.571983
0.140056,-0.064172,1.041148,2.450000,21.209999,-19.530001,1770370329.579994
0.114436,-0.069296,1.020896,0.910000,17.430000,-18.760000,1770370329.587995
0.109312,-0.066124,0.979660,2.590000,15.050000,-25.270000,1770370329.596089
0.119072,-0.071736,0.962092,4.340000,13.300000,-24.570000,1770370329.604003
0.137616,-0.068564,0.981856,6.440000,12.810000,-27.580000,1770370329.611985
0.174704,-0.063196,0.987224,6.510000,14.630000,-26.250000,1770370329.619965
0.189344,-0.050264,0.989176,5.250000,15.610000,-29.190001,1770370329.627979
0.210572,-0.026108,1.003572,6.440000,12.950000,-28.770000,1770370329.636058
0.245952,0.013908,1.037488,2.310000,13.860000,-26.740000,1770370329.643970
0.276208,0.034160,1.077016,0.140000,12.530000,-25.059999,1770370329.651983
0.246196,0.024888,1.074088,-3.360000,13.090000,-26.600000,1770370329.660101
0.249368,0.000488,1.067500,-6.230000,9.940000,-18.059999,1770370329.667971
0.260592,-0.028792,1.063108,-4.690000,9.870000,-21.910000,1770370329.677915
