0.143960,-0.042700,1.004792,-99.330002,29.750000,-36.470001,1770369784.223703
0.126148,-0.038552,1.021628,-98.349998,-67.269997,-185.710007,1770369784.231817
0.104676,-0.027084,1.034560,30.030001,-115.150002,-28.840000,1770369784.239829
0.090036,-0.021716,1.046028,-12.180000,33.250000,-24.570000,1770369784.247782
0.072956,-0.015372,1.050664,-3.010000,24.920000,21.490000,1770369784.255793
0.060512,-0.011468,1.052860,-7.980000,20.160000,-11.060000,1770369784.263786
0.051484,-0.012444,1.049200,-4.480000,14.350000,-12.880000,1770369784.271779
0.048556,-0.013176,1.039684,-5.600000,9.800000,-10.850000,1770369784.279815
0.050996,-0.022692,1.035292,-5.460000,5.110000,-12.530000,1770369784.287882
0.054412,-0.027084,1.032608,-4.340000,0.420000,-13.090000,1770369784.295808
0.065880,-0.026352,1.030900,-6.440000,-3.010000,-17.150000,1770369784.303775
0.081496,-0.027816,1.024800,-3.990000,-5.460000,-9.030000,1770369784.311780
0.102724,-0.030500,1.020652,-7.350000,-7.910000,-16.799999,1770369784.319833
0.120048,-0.032452,1.022360,-3.360000,-11.340000,-12.320000,1770369784.327794
0.135420,-0.029524,1.019676,-4.900000,-13.090000,-18.830000,1770369784.335787
0.151280,-0.027816,1.015040,-3.920000,-14.000000,-16.799999,1770369784.343780
0.166164,-0.028548,1.011380,-6.160000,-14.910000,-17.430000,1770369784.351774
0.175192,-0.036356,1.016748,-6.230000,-13.650000,-15.890000,1770369784.359793
0.187148,-0.038308,1.020652,-6.160000,-13.300000,-13.440000,1770369784.367776
0.192516,-0.048312,1.022848,-4.760000,-11.760000,-12.530000,1770369784.375770
0.195932,-0.061244,1.027240,-8.260000,-10.570000,-11.270000,1770369784.383767
0.196420,-0.073688,1.036756,-5.110000,-8.260000,-12.880000,1770369784.391799
0.194224,-0.079300,1.033828,-3.570000,-8.330000,-8.260000,1770369784.399903
0.189832,-0.086620,1.021872,-2.450000,-6.440000,-8.050000,1770369784.407793
0.186172,-0.088572,1.006500,-2.030000,-7.910000,-8.820000,1770369784.415776
0.177876,-0.095648,1.003084,-4.900000,-7.770000,-7.770000,1770369784.423902
0.173972,-0.100284,1.000644,-1.540000,-7.910000,-5.740000,1770369784.431767
0.172264,-0.096624,0.998936,-3.780000,-8.680000,-7.140000,1770369784.439835
0.164944,-0.094428,0.997960,-0.700000,-9.800000,-2.940000,1770369784.447783
0.162748,-0.084180,0.999912,-1.470000,-10.010000,-2.310000,1770369784.455986
0.163236,-0.074176,1.001376,-2.590000,-9.800000,-1.400000,1770369784.463794
0.164700,-0.067832,1.003084,-3.360000,-9.450000,-3.500000,1770369784.471784
0.171532,-0.065636,0.999912,-3.780000,-7.910000,-0.980000,1770369784.479786
0.176656,-0.072956,1.003816,-5.250000,-6.160000,-2.940000,1770369784.487780
0.179828,-0.079788,1.007476,-3.710000,-5.880000,-2.520000,1770369784.495890
0.183244,-0.084912,1.012356,-5.880000,-2.030000,-3.780000,1770369784.503787
0.189100,-0.092720,1.012600,-3.710000,-1.890000,-3.430000,1770369784.511764
0.189344,-0.092232,1.011136,-2.450000,-0.140000,-4.970000,1770369784.519787
0.190320,-0.095648,1.011380,-2.450000,-0.490000,-3.290000,1770369784.527780
0.192028,-0.094916,1.011868,-0.910000,-0.490000,-4.200000,1770369784.535833
0.197640,-0.085400,1.016992,-2.870000,0.070000,-6.230000,1770369784.543795
0.196420,-0.076616,1.010160,-2.660000,-0.210000,-5.110000,1770369784.551784
0.195688,-0.075640,1.012356,-2.730000,1.540000,-4.130000,1770369784.559794
0.201300,-0.082472,1.007720,-3.220000,1.750000,-2.660000,1770369784.567783
0.192272,-0.074908,1.014552,-1.120000,3.010000,-5.110000,1770369784.575785
0.189832,-0.072224,1.012844,-5.320000,5.740000,-3.430000,1770369784.583793
0.184220,-0.074908,1.015772,-4.130000,7.980000,-5.460000,1770369784.591783
0.178120,-0.079300,1.013332,-4.970000,9.660000,-4.340000,1770369784.599798
0.170800,-0.081008,1.015772,-4.270000,11.690000,-0.140000,1770369784.607784
0.160308,-0.083692,1.016504,-3.570000,12.950000,-3.640000,1770369784.615809
0.147132,-0.086620,1.024068,-5.810000,12.740000,-0.280000,1770369784.623775
0.140056,-0.082716,1.028704,-5.250000,12.390000,-3.640000,1770369784.631794
0.128344,-0.082472,1.031144,-4.970000,12.040000,-1.400000,1770369784.639838
0.122732,-0.084424,1.026996,-4.480000,11.830000,-1.540000,1770369784.647802
0.116876,-0.080764,1.021872,-1.820000,10.500000,-1.050000,1770369784.655822
0.117120,-0.077104,1.018212,-1.680000,10.430000,-4.130000,1770369784.663838
0.117364,-0.075884,1.018456,0.490000,9.170000,-2.870000,1770369784.671895
0.119560,-0.070516,1.020652,0.000000,8.400000,-4.060000,1770369784.679935
0.127612,-0.068076,1.025532,2.240000,7.000000,-2.520000,1770369784.687805
0.135908,-0.064904,1.033584,2.870000,5.600000,-2.730000,1770369784.695786
0.138104,-0.059536,1.042124,3.500000,5.320000,-3.080000,1770369784.703783
0.141520,-0.057584,1.042368,4.970000,3.990000,-2.940000,1770369784.711814
0.142252,-0.057584,1.037732,2.310000,3.500000,-1.400000,1770369784.719786
0.142252,-0.063928,1.037244,4.900000,4.200000,-0.840000,1770369784.727784
0.143472,-0.063684,1.033584,5.110000,2.520000,-3.290000,1770369784.735786
0.143716,-0.069052,1.029924,1.190000,4.550000,-1.960000,1770369784.743786
0.146400,-0.068564,1.024556,3.220000,3.780000,-3.780000,1770369784.751818
0.147132,-0.073200,1.028460,2.870000,4.340000,-1.260000,1770369784.759803
0.150548,-0.078324,1.023824,3.360000,3.640000,-2.660000,1770369784.767787
0.152012,-0.078324,1.019676,3.080000,1.750000,-0.910000,1770369784.775830
0.150304,-0.078812,1.022360,4.340000,2.170000,1.750000,1770369784.783762
0.146888,-0.076616,1.023580,3.010000,2.520000,-0.980000,1770369784.791803
0.144204,-0.068320,1.025288,4.760000,3.430000,2.800000,1770369784.799785
0.142496,-0.065148,1.024312,3.990000,2.730000,1.540000,1770369784.807840
0.137372,-0.064660,1.024556,3.220000,3.080000,5.110000,1770369784.815794
0.134932,-0.065880,1.024556,3.990000,3.710000,4.270000,1770369784.823792
0.131516,-0.070028,1.031632,1.680000,3.640000,6.160000,1770369784.831787
0.127368,-0.069784,1.040660,3.290000,4.060000,6.230000,1770369784.839931
0.117608,-0.069296,1.049688,3.430000,5.390000,8.540000,1770369784.847781
0.110776,-0.062952,1.051640,4.970000,5.600000,6.930000,1770369784.855794
0.100040,-0.061244,1.045540,1.890000,5.740000,7.490000,1770369784.863805
0.095404,-0.055388,1.042856,4.130000,4.410000,7.490000,1770369784.871807
0.095648,-0.051484,1.042368,2.800000,1.540000,7.490000,1770369784.879786
0.098576,-0.044652,1.033584,3.430000,-0.210000,7.280000,1770369784.887776
0.106140,-0.040016,1.029680,2.100000,-4.270000,5.390000,1770369784.895842
0.113704,-0.037820,1.026752,0.420000,-6.370000,5.390000,1770369784.904014
0.127368,-0.039284,1.026752,1.890000,-8.190000,4.200000,1770369784.911782
0.141032,-0.039284,1.026508,0.630000,-9.450000,5.880000,1770369784.919803
0.151768,-0.040992,1.017968,3.780000,-9.100000,4.690000,1770369784.927775
0.160552,-0.042212,1.010892,-0.560000,-8.260000,2.590000,1770369784.935786
0.167872,-0.045140,1.005280,1.190000,-6.230000,2.660000,1770369784.943825
0.176900,-0.054168,0.998936,0.910000,-5.320000,2.940000,1770369784.951789
0.181292,-0.061244,1.000400,0.980000,-2.310000,0.280000,1770369784.960100
0.183000,-0.071004,0.999912,2.240000,-1.260000,3.640000,1770369784.967838
0.179828,-0.074420,0.998936,2.520000,0.840000,2.730000,1770369784.975784
0.173972,-0.078568,0.997960,1.190000,4.970000,2.170000,1770369784.983768
0.168604,-0.078080,1.002352,3.290000,4.970000,2.240000,1770369784.991824
0.162748,-0.084912,1.011136,1.540000,7.490000,3.850000,1770369784.999790
0.152988,-0.088084,1.014796,2.100000,7.700000,3.080000,1770369785.007784
0.144448,-0.089304,1.020408,3.010000,10.150000,3.640000,1770369785.015783
0.137128,-0.091500,1.025532,2.730000,9.310000,3.990000,1770369785.023769
0.130296,-0.089304,1.031388,3.080000,7.490000,3.780000,1770369785.031800
0.124928,-0.089792,1.027728,3.290000,7.210000,3.920000,1770369785.039807
0.117608,-0.089060,1.028460,4.410000,6.860000,5.250000,1770369785.047786
0.118584,-0.087840,1.028216,3.850000,4.550000,3.220000,1770369785.055845
0.118584,-0.086620,1.029436,2.450000,2.730000,3.360000,1770369785.064138
0.119804,-0.087352,1.030656,2.590000,2.240000,4.200000,1770369785.071905
0.121024,-0.088572,1.028704,1.470000,2.310000,6.300000,1770369785.079816
0.122976,-0.088816,1.025532,0.910000,0.840000,5.810000,1770369785.087777
0.122732,-0.084180,1.027484,2.450000,0.350000,6.370000,1770369785.095798
0.125904,-0.077592,1.026996,-1.470000,1.120000,3.920000,1770369785.103818
0.127368,-0.074908,1.021140,2.660000,1.190000,4.690000,1770369785.111785
0.124440,-0.076372,1.019432,0.630000,1.330000,7.350000,1770369785.119797
0.127612,-0.078568,1.018700,0.980000,1.050000,7.490000,1770369785.127894
0.125172,-0.076372,1.021628,1.330000,1.400000,6.580000,1770369785.135781
0.124928,-0.075396,1.024312,1.190000,3.220000,4.340000,1770369785.143782
0.124684,-0.071492,1.018944,3.360000,1.890000,3.920000,1770369785.151812
0.125660,-0.077348,1.018944,1.750000,1.610000,3.570000,1770369785.159817
0.121512,-0.075152,1.017724,4.690000,-0.350000,3.430000,1770369785.167959
0.123952,-0.080032,1.017480,3.780000,0.420000,3.710000,1770369785.175781
0.125172,-0.083936,1.019188,1.750000,1.120000,3.640000,1770369785.183762
0.123220,-0.090280,1.014064,4.900000,-0.490000,4.130000,1770369785.191787
0.127124,-0.089792,1.014796,4.970000,-0.700000,3.920000,1770369785.199788
0.126148,-0.090280,1.017724,5.460000,-1.260000,5.460000,1770369785.207811
0.124196,-0.087596,1.021140,6.650000,-1.470000,4.550000,1770369785.215920
0.129564,-0.084912,1.026996,3.360000,-0.910000,2.520000,1770369785.223778
0.131516,-0.079544,1.032364,5.460000,0.000000,3.360000,1770369785.231783
0.134688,-0.074176,1.035292,4.550000,-0.910000,4.900000,1770369785.239779
0.133224,-0.071736,1.036512,4.620000,1.750000,2.450000,1770369785.247780
0.130540,-0.067100,1.032852,3.990000,0.770000,4.130000,1770369785.255894
0.123708,-0.065636,1.024800,4.200000,1.400000,0.770000,1770369785.263784
0.119316,-0.066368,1.016260,6.020000,-0.490000,6.160000,1770369785.271791
0.116632,-0.063928,1.021140,3.640000,-0.770000,0.840000,1770369785.279896
0.113948,-0.057828,1.026264,5.880000,-1.120000,5.810000,1770369785.287776
0.118096,-0.053436,1.032852,4.900000,-2.030000,2.450000,1770369785.295788
0.117608,-0.046848,1.038464,3.220000,-1.050000,3.080000,1770369785.303780
0.119316,-0.040992,1.040416,6.230000,-0.350000,2.450000,1770369785.311812
0.117120,-0.032940,1.044076,4.060000,-0.350000,4.410000,1770369785.319791
0.120780,-0.028304,1.047736,4.970000,-1.400000,3.360000,1770369785.327966
0.119316,-0.028060,1.047248,3.010000,-1.330000,0.630000,1770369785.335762
0.119316,-0.026352,1.047736,3.080000,-2.800000,1.960000,1770369785.343782
0.125904,-0.027328,1.039440,0.770000,-4.830000,0.280000,1770369785.351783
0.128100,-0.031720,1.034804,2.590000,-4.900000,3.220000,1770369785.359789
0.132248,-0.036600,1.030412,1.190000,-6.580000,2.730000,1770369785.367790
0.134932,-0.037332,1.024556,1.330000,-6.580000,5.110000,1770369785.375875
0.138836,-0.040992,1.026752,1.680000,-4.900000,3.850000,1770369785.383804
0.140544,-0.040504,1.028704,0.700000,-5.040000,1.540000,1770369785.391793
0.139324,-0.040992,1.028216,0.630000,-3.430000,3.710000,1770369785.399789
0.143716,-0.039772,1.030412,3.570000,-3.570000,3.570000,1770369785.407807
0.136640,-0.038552,1.030656,1.960000,-3.640000,2.030000,1770369785.415818
0.136640,-0.042456,1.028948,-1.260000,-3.010000,1.750000,1770369785.423870
0.134932,-0.048556,1.031144,0.210000,-2.590000,3.290000,1770369785.431814
0.136884,-0.059536,1.021628,0.350000,-2.800000,2.450000,1770369785.439793
0.133224,-0.067588,1.016992,0.700000,-3.220000,3.080000,1770369785.447785
0.130540,-0.072956,1.016504,1.190000,-3.150000,0.980000,1770369785.455808
0.130052,-0.070272,1.017724,1.260000,-2.170000,-0.280000,1770369785.463815
0.129564,-0.069540,1.018456,1.120000,-2.800000,0.420000,1770369785.471775
0.128832,-0.071492,1.021384,0.770000,-3.360000,0.210000,1770369785.479824
0.134932,-0.068320,1.028948,1.680000,-2.100000,0.210000,1770369785.487903
0.135420,-0.066124,1.027240,0.420000,-1.260000,-0.280000,1770369785.495814
0.137372,-0.065636,1.021384,-1.680000,-1.050000,-1.050000,1770369785.503784
0.138348,-0.064904,1.016016,0.000000,-1.120000,-2.380000,1770369785.511790
0.140544,-0.064172,1.018700,-0.840000,-1.400000,-1.470000,1770369785.519809
0.142252,-0.063440,1.020164,0.070000,-1.540000,-0.700000,1770369785.527792
0.143228,-0.060756,1.020408,-1.190000,-0.560000,-0.280000,1770369785.535770
0.144204,-0.060024,1.019920,-0.980000,0.210000,-3.290000,1770369785.543813
0.142496,-0.057584,1.022116,-0.210000,1.820000,0.070000,1770369785.551793
0.136152,-0.057828,1.021628,-2.170000,2.520000,-0.140000,1770369785.559808
0.137860,-0.053192,1.021872,0.980000,1.960000,-0.630000,1770369785.567840
0.132004,-0.058804,1.020896,0.000000,2.520000,0.070000,1770369785.575790
0.132004,-0.061976,1.024068,-1.680000,0.840000,-2.310000,1770369785.583777
0.127368,-0.059536,1.024800,-0.910000,1.750000,-1.050000,1770369785.591793
0.125416,-0.065636,1.022848,-0.560000,1.120000,0.210000,1770369785.599792
0.127368,-0.066124,1.021628,-0.630000,0.420000,-0.910000,1770369785.607842
0.133712,-0.066368,1.018700,-1.330000,-0.840000,-1.050000,1770369785.615794
0.132248,-0.064416,1.018700,-2.030000,-0.140000,-2.030000,1770369785.623775
0.135420,-0.058316,1.022360,0.210000,-0.770000,-1.820000,1770369785.631817
0.136884,-0.056120,1.022604,-1.890000,-0.140000,-1.610000,1770369785.639797
0.138104,-0.048556,1.024800,-0.980000,-0.350000,0.490000,1770369785.647791
0.138348,-0.046360,1.027972,-1.260000,0.210000,-0.910000,1770369785.655804
0.139812,-0.045872,1.033096,-2.100000,0.630000,0.490000,1770369785.663916
0.139324,-0.045628,1.037488,-0.980000,0.980000,-0.560000,1770369785.671793
0.133956,-0.043188,1.036756,-0.700000,0.630000,1.120000,1770369785.679783
0.130052,-0.044408,1.033828,-0.770000,1.400000,0.070000,1770369785.687784
0.125904,-0.042944,1.032608,-1.330000,0.210000,1.330000,1770369785.695778
0.123952,-0.049044,1.033096,-2.450000,0.210000,-0.140000,1770369785.703898
0.126148,-0.050996,1.035780,-1.470000,1.330000,-0.070000,1770369785.711765
0.123464,-0.060512,1.037244,-1.330000,0.280000,-0.980000,1770369785.719794
0.121756,-0.065880,1.037244,-0.910000,-1.680000,0.980000,1770369785.727784
0.124196,-0.063928,1.030656,-0.350000,-0.980000,-1.120000,1770369785.735781
0.127368,-0.062708,1.026508,0.210000,-0.560000,-1.610000,1770369785.743893
0.127612,-0.062464,1.027728,1.400000,-1.330000,-0.840000,1770369785.751764
0.130296,-0.057096,1.030412,-0.630000,-0.910000,-3.850000,1770369785.759787
0.131760,-0.054900,1.030168,0.210000,-0.350000,0.420000,1770369785.767788
0.135664,-0.053680,1.028460,-0.490000,-1.120000,-1.820000,1770369785.775789
0.132248,-0.055388,1.027240,-2.590000,-0.280000,-3.850000,1770369785.783773
0.135664,-0.058072,1.026508,-0.420000,-0.350000,-1.190000,1770369785.791833
0.132492,-0.060268,1.026996,-1.680000,-0.140000,-0.560000,1770369785.799798
0.131516,-0.062220,1.025288,-1.120000,-0.350000,-0.910000,1770369785.807786
0.130784,-0.063684,1.023580,0.560000,0.070000,-3.640000,1770369785.815781
0.133224,-0.063196,1.025288,-1.750000,-1.260000,0.280000,1770369785.823807
0.134200,-0.067100,1.025288,-1.120000,0.560000,-3.640000,1770369785.831876
0.134688,-0.064416,1.027972,-0.770000,-0.560000,-1.260000,1770369785.839777
0.133224,-0.067832,1.029924,-0.210000,-1.820000,-0.490000,1770369785.847785
0.135176,-0.068320,1.028460,-0.420000,-1.680000,-1.680000,1770369785.855783
0.132980,-0.063196,1.026752,-0.910000,-0.140000,-1.960000,1770369785.863904
0.134444,-0.062220,1.026020,-0.770000,-1.330000,-2.590000,1770369785.871775
0.134932,-0.058804,1.029192,-2.310000,-0.420000,-0.140000,1770369785.879790
0.132492,-0.055144,1.029680,-0.770000,-0.840000,-2.520000,1770369785.887770
0.131760,-0.055632,1.028460,-1.470000,-0.700000,0.490000,1770369785.895881
0.129320,-0.058804,1.022360,1.470000,-0.350000,-0.700000,1770369785.904358
0.126148,-0.056852,1.022360,-1.120000,0.070000,-0.630000,1770369785.911790
0.128344,-0.060024,1.019920,-0.210000,-0.560000,-1.610000,1770369785.919782
0.126636,-0.059048,1.016504,-2.240000,1.050000,0.210000,1770369785.927813
0.126392,-0.058560,1.017968,0.350000,0.420000,-3.500000,1770369785.935934
0.127368,-0.060512,1.019676,-1.190000,0.980000,0.980000,1770369785.943765
0.128832,-0.057828,1.028704,0.140000,0.840000,-0.630000,1770369785.951788
0.124684,-0.054900,1.033828,0.910000,0.560000,-1.050000,1770369785.959783
0.127612,-0.051972,1.036756,0.420000,0.210000,0.840000,1770369785.967808
0.126148,-0.053436,1.036756,-0.420000,-0.700000,-1.260000,1770369785.975789
0.126636,-0.051972,1.035292,-2.450000,-0.210000,-1.750000,1770369785.983798
0.127124,-0.053436,1.031876,-0.420000,-1.330000,-2.310000,1770369785.991810
0.128832,-0.059048,1.031388,-2.870000,-1.820000,-1.820000,1770369785.999797
0.128588,-0.061488,1.027728,0.350000,-0.350000,-0.700000,1770369786.007794
0.130540,-0.061244,1.029192,-1.750000,-1.890000,-1.120000,1770369786.015855
0.131516,-0.063928,1.027240,-2.030000,-1.470000,-0.630000,1770369786.023780
0.130052,-0.066612,1.024068,0.140000,-0.700000,-1.960000,1770369786.031793
0.135908,-0.066612,1.029192,-0.560000,-1.680000,-0.070000,1770369786.039809
0.132980,-0.066612,1.026752,0.560000,-0.350000,-0.350000,1770369786.047842
0.131028,-0.066368,1.028704,-0.560000,-0.350000,-1.260000,1770369786.055797
0.134444,-0.063196,1.027728,1.330000,0.210000,-2.730000,1770369786.064088
0.134444,-0.062464,1.026752,-0.350000,-0.210000,0.840000,1770369786.072191
0.132980,-0.059536,1.027240,-0.910000,1.190000,-1.680000,1770369786.079811
0.132980,-0.060512,1.025044,0.350000,1.540000,2.310000,1770369786.087779
0.131272,-0.061732,1.027728,-1.540000,1.190000,2.170000,1770369786.095836
0.131272,-0.055876,1.024800,0.350000,0.980000,-1.400000,1770369786.103832
0.130784,-0.058072,1.025776,-2.240000,0.420000,0.770000,1770369786.111789
0.127612,-0.059048,1.023580,-0.490000,0.840000,-0.560000,1770369786.119763
0.132004,-0.064172,1.026996,0.700000,1.050000,3.220000,1770369786.127776
0.131272,-0.063928,1.032364,-0.630000,0.560000,-0.910000,1770369786.135832
0.129076,-0.061000,1.036512,-0.980000,1.540000,2.310000,1770369786.143783
0.128588,-0.066368,1.033096,-0.140000,1.540000,-1.470000,1770369786.151780
0.127124,-0.064416,1.030412,1.540000,2.310000,-0.280000,1770369786.159803
0.125904,-0.063684,1.030412,0.770000,3.080000,0.630000,1770369786.167795
0.128344,-0.064660,1.033096,0.350000,2.170000,0.210000,1770369786.175761
0.128832,-0.061000,1.030168,-2.240000,1.330000,2.240000,1770369786.183777
0.126636,-0.058804,1.036268,-0.070000,2.730000,-0.140000,1770369786.191808
0.124196,-0.059536,1.040904,0.000000,2.100000,2.590000,1770369786.199852
0.125416,-0.057828,1.039684,-0.210000,1.960000,3.780000,1770369786.207790
0.121756,-0.058316,1.043100,-1.190000,2.170000,2.450000,1770369786.215779
0.118828,-0.059536,1.040172,-2.240000,1.540000,2.240000,1770369786.223777
0.113948,-0.059048,1.034316,-1.260000,1.960000,2.520000,1770369786.231915
0.112728,-0.065880,1.027728,-4.340000,1.750000,1.260000,1770369786.239780
0.112240,-0.066612,1.022116,-1.120000,1.820000,3.080000,1770369786.247777
0.108336,-0.073444,1.024800,-0.910000,0.210000,-0.420000,1770369786.255781
0.106140,-0.070028,1.026020,-2.520000,1.540000,3.640000,1770369786.263797
0.104188,-0.070516,1.027728,0.350000,-0.140000,0.910000,1770369786.271767
0.105896,-0.070516,1.027728,-0.210000,-0.560000,2.660000,1770369786.279800
0.108092,-0.068076,1.026264,1.330000,0.420000,2.660000,1770369786.287821
0.107848,-0.065636,1.029436,2.870000,-1.470000,2.100000,1770369786.295789
0.110776,-0.066368,1.028216,-0.910000,-0.700000,1.750000,1770369786.303783
0.113948,-0.060512,1.029192,2.660000,-1.330000,-0.280000,1770369786.311784
0.118828,-0.057828,1.032852,1.330000,-1.470000,0.840000,1770369786.319779
0.122244,-0.059780,1.030168,1.680000,-1.470000,2.870000,1770369786.327789
0.120292,-0.057828,1.031388,0.560000,-1.400000,1.400000,1770369786.335781
0.117852,-0.061000,1.032364,-0.140000,-3.360000,3.220000,1770369786.343773
0.120536,-0.063196,1.037000,-0.350000,-3.990000,1.960000,1770369786.351854
0.118828,-0.068808,1.035048,-1.890000,-2.590000,1.330000,1770369786.359776
0.114680,-0.073932,1.028216,-0.560000,-2.660000,1.610000,1770369786.367788
0.110288,-0.069784,1.019920,-0.770000,-3.430000,4.480000,1770369786.375768
0.106628,-0.071736,1.012600,0.560000,-3.220000,3.360000,1770369786.383813
0.103212,-0.066612,1.007476,-0.210000,-5.040000,4.270000,1770369786.391798
0.103456,-0.064172,1.008208,0.000000,-4.970000,2.310000,1770369786.399815
0.104432,-0.062464,1.013088,2.310000,-7.000000,5.040000,1770369786.407815
0.106872,-0.068320,1.017236,2.310000,-6.370000,2.660000,1770369786.415791
0.108336,-0.068320,1.022604,-0.630000,-6.230000,1.540000,1770369786.423805
0.111996,-0.065148,1.023336,1.680000,-5.250000,0.630000,1770369786.431939
0.118096,-0.069296,1.024068,1.680000,-5.180000,1.890000,1770369786.439782
0.125416,-0.070516,1.021140,2.310000,-4.550000,1.190000,1770369786.447781
0.132736,-0.074664,1.018944,2.310000,-4.970000,-1.190000,1770369786.455768
0.142496,-0.077348,1.023580,3.920000,-6.090000,-2.730000,1770369786.464092
0.149572,-0.076128,1.025288,2.450000,-4.970000,-0.140000,1770369786.471930
0.154452,-0.075396,1.026996,2.800000,-3.990000,-2.380000,1770369786.479781
0.159332,-0.071980,1.028460,4.130000,-2.800000,-4.270000,1770369786.487774
0.159820,-0.069540,1.027728,4.760000,-3.220000,-2.730000,1770369786.495783
0.159088,-0.064904,1.024068,3.010000,-0.840000,-2.310000,1770369786.503809
0.155916,-0.060268,1.023580,5.110000,-0.350000,-0.280000,1770369786.511777
0.150060,-0.060512,1.022116,2.450000,-0.140000,-0.910000,1770369786.519795
0.142252,-0.062952,1.020408,3.430000,0.420000,1.470000,1770369786.527784
0.136884,-0.065148,1.018700,3.220000,0.000000,-0.700000,1770369786.535783
0.128100,-0.064904,1.012844,0.910000,0.000000,2.450000,1770369786.543868
0.121512,-0.062708,1.015040,2.660000,-0.560000,0.420000,1770369786.551796
0.115168,-0.066368,1.011136,2.450000,-2.660000,1.540000,1770369786.559783
0.111996,-0.066368,1.008696,2.240000,-3.640000,1.400000,1770369786.567802
0.115900,-0.067100,1.013576,2.870000,-4.340000,-0.490000,1770369786.575783
0.114924,-0.067344,1.022360,0.910000,-4.340000,2.800000,1770369786.583809
0.116876,-0.064416,1.026752,2.870000,-4.690000,0.000000,1770369786.591790
0.117608,-0.056608,1.032852,3.990000,-4.690000,-0.140000,1770369786.599799
0.118096,-0.051240,1.034072,4.060000,-4.340000,2.870000,1770369786.607786
0.127612,-0.047092,1.036024,4.340000,-5.460000,0.420000,1770369786.615851
0.129564,-0.043676,1.035292,1.540000,-4.760000,2.310000,1770369786.623775
0.132004,-0.038552,1.037732,3.010000,-6.300000,-2.380000,1770369786.631810
0.136884,-0.035624,1.047004,2.590000,-4.900000,-0.490000,1770369786.639786
0.136396,-0.029768,1.048956,2.590000,-4.130000,-0.840000,1770369786.647837
0.140544,-0.031232,1.052372,0.560000,-4.760000,-1.120000,1770369786.656159
0.142984,-0.034160,1.048224,-1.470000,-4.690000,-3.290000,1770369786.663925
0.146400,-0.037576,1.044808,1.400000,-4.690000,-2.730000,1770369786.671769
0.144936,-0.040260,1.041636,-0.070000,-5.320000,-0.840000,1770369786.679808
0.148108,-0.045140,1.036024,0.140000,-4.200000,-0.910000,1770369786.687905
0.145424,-0.051240,1.035536,1.260000,-5.320000,-0.770000,1770369786.695785
0.146156,-0.055144,1.031876,-1.750000,-4.130000,0.210000,1770369786.703788
0.141764,-0.055632,1.026752,-1.330000,-4.340000,0.420000,1770369786.711790
0.143716,-0.062952,1.023580,-1.120000,-3.640000,-1.400000,1770369786.719852
0.142496,-0.064904,1.023580,-0.630000,-3.640000,2.100000,1770369786.727789
0.142984,-0.069296,1.016992,-1.540000,-4.690000,-2.170000,1770369786.735787
0.143228,-0.071492,1.017480,-3.080000,-2.660000,-0.630000,1770369786.743814
0.143716,-0.071248,1.018944,-0.560000,-3.570000,-1.050000,1770369786.751887
0.151036,-0.070272,1.018456,-0.910000,-3.640000,0.070000,1770369786.759788
0.152256,-0.069540,1.013820,0.000000,-2.170000,1.120000,1770369786.767811
0.157624,-0.063928,1.012356,1.120000,-3.010000,-1.820000,1770369786.775800
0.161040,-0.061976,1.016260,-0.140000,-2.100000,-2.310000,1770369786.783787
0.166164,-0.056364,1.015284,2.450000,-2.240000,-2.520000,1770369786.791791
0.170312,-0.052948,1.022116,0.770000,-1.260000,0.070000,1770369786.799835
0.170556,-0.047824,1.024068,2.100000,-1.120000,-1.260000,1770369786.807944
0.172508,-0.046848,1.025776,-0.350000,0.000000,-3.500000,1770369786.815791
0.173240,-0.046604,1.024800,0.420000,0.630000,-1.260000,1770369786.823876
0.170556,-0.044896,1.026264,0.140000,2.730000,-4.060000,1770369786.831830
0.167384,-0.047580,1.022116,-1.260000,2.590000,-3.500000,1770369786.839787
0.163480,-0.051972,1.024312,0.630000,2.940000,-0.700000,1770369786.847788
0.159332,-0.052216,1.026020,-0.070000,4.410000,-2.380000,1770369786.855760
0.151280,-0.053680,1.029680,-2.590000,4.620000,-2.520000,1770369786.863868
0.147376,-0.056608,1.029192,0.140000,4.480000,-3.150000,1770369786.871781
0.139324,-0.058316,1.026508,-2.590000,3.780000,-3.290000,1770369786.879793
0.133712,-0.060756,1.028460,-0.840000,5.110000,-1.190000,1770369786.887777
0.132980,-0.066612,1.027484,0.630000,2.520000,-0.210000,1770369786.895787
0.130296,-0.064172,1.028460,-1.680000,1.750000,-2.870000,1770369786.903850
0.130296,-0.061244,1.025288,0.910000,2.170000,-0.840000,1770369786.911817
0.130296,-0.059536,1.026996,-0.560000,0.840000,-2.450000,1770369786.919788
0.131516,-0.058560,1.023824,0.770000,0.280000,-2.800000,1770369786.927787
0.134200,-0.056852,1.018456,0.140000,0.280000,-3.640000,1770369786.935949
0.137372,-0.058316,1.018456,-0.910000,2.170000,-3.080000,1770369786.943776
0.141276,-0.056852,1.019676,0.210000,-0.210000,-1.610000,1770369786.951783
0.139080,-0.053436,1.018700,0.840000,0.980000,-3.080000,1770369786.959767
0.138104,-0.053924,1.021872,2.030000,0.070000,-2.170000,1770369786.967957
0.139080,-0.051728,1.024312,-0.350000,0.070000,-1.400000,1770369786.975791
0.137128,-0.050752,1.026508,-0.140000,0.210000,-2.380000,1770369786.983788
0.137128,-0.052948,1.026996,1.470000,0.280000,-2.940000,1770369786.991790
0.132004,-0.052216,1.025288,-0.210000,-0.210000,0.420000,1770369786.999787
0.131272,-0.053436,1.026996,0.210000,-0.350000,-3.080000,1770369787.007876
0.129808,-0.054412,1.027240,2.030000,-1.120000,0.210000,1770369787.015927
0.128344,-0.053192,1.027240,0.770000,-1.750000,-0.630000,1770369787.023788
0.134932,-0.051240,1.028948,2.310000,-3.150000,-2.310000,1770369787.031786
0.132004,-0.050996,1.029680,1.260000,-2.870000,-1.050000,1770369787.039787
0.136640,-0.047580,1.030168,2.450000,-4.550000,-0.840000,1770369787.047813
0.142740,-0.049044,1.035292,1.750000,-3.220000,-2.310000,1770369787.055940
0.143716,-0.045872,1.033096,2.590000,-2.800000,-4.410000,1770369787.064110
0.142496,-0.043676,1.035780,2.450000,-3.780000,-0.490000,1770369787.072173
0.141032,-0.038796,1.033584,0.560000,-2.660000,-2.940000,1770369787.079809
0.145180,-0.041236,1.034560,2.100000,-3.360000,-1.400000,1770369787.087791
0.148596,-0.037576,1.035048,0.910000,-4.620000,-0.630000,1770369787.095791
0.146888,-0.039040,1.033340,-0.630000,-3.290000,-1.470000,1770369787.103790
0.144448,-0.042944,1.036024,1.540000,-3.780000,-2.170000,1770369787.111920
0.147620,-0.044896,1.033828,1.680000,-1.680000,-0.280000,1770369787.119794
0.147864,-0.042456,1.036756,1.190000,-0.350000,-1.190000,1770369787.127786
0.148840,-0.043676,1.037976,3.080000,-2.310000,-2.100000,1770369787.135779
0.146400,-0.044896,1.034072,0.210000,-1.540000,1.330000,1770369787.143797
0.148108,-0.043920,1.037732,1.540000,-2.030000,-1.470000,1770369787.151777
0.150304,-0.046360,1.039684,0.070000,-2.590000,0.490000,1770369787.159805
0.149816,-0.043432,1.038220,1.470000,-1.750000,-0.840000,1770369787.167973
0.146644,-0.044408,1.041636,-1.470000,-1.260000,0.420000,1770369787.175774
0.146156,-0.048068,1.035780,-4.480000,-0.210000,1.120000,1770369787.183776
0.142740,-0.050752,1.033340,-2.310000,0.420000,-0.910000,1770369787.191799
0.140056,-0.052460,1.029436,-2.800000,-0.140000,0.210000,1770369787.199943
0.133712,-0.050508,1.029924,-2.520000,-0.070000,0.420000,1770369787.207772
0.138348,-0.051240,1.031632,-1.750000,-0.420000,-2.170000,1770369787.215787
0.132248,-0.052460,1.029436,-2.870000,-1.330000,-2.730000,1770369787.223773
0.135908,-0.055876,1.023580,-0.420000,-3.150000,-1.960000,1770369787.231774
0.143960,-0.055632,1.020164,-0.210000,-4.410000,-1.190000,1770369787.239788
0.148352,-0.055876,1.017480,-0.140000,-3.290000,-1.330000,1770369787.247881
0.154940,-0.058072,1.018456,2.310000,-3.780000,-2.030000,1770369787.255786
0.161528,-0.057340,1.017724,-0.140000,-2.800000,-1.610000,1770369787.263778
0.166164,-0.055876,1.015772,0.280000,-2.450000,-4.130000,1770369787.271797
0.169824,-0.057340,1.015040,2.240000,-1.330000,-0.070000,1770369787.279779
0.167140,-0.053924,1.017236,1.680000,0.630000,0.560000,1770369787.287799
0.165676,-0.051728,1.018700,1.890000,2.100000,-0.490000,1770369787.295811
0.162016,-0.051728,1.020408,-0.210000,2.660000,0.770000,1770369787.303779
0.154940,-0.049288,1.020652,1.120000,2.590000,-3.220000,1770369787.311776
0.153476,-0.048556,1.022360,0.980000,3.640000,-0.840000,1770369787.319783
0.147864,-0.047580,1.022116,1.190000,3.850000,-0.420000,1770369787.327842
0.141764,-0.045628,1.022116,0.560000,3.430000,-1.610000,1770369787.335783
0.141520,-0.046604,1.021872,1.540000,3.430000,-1.190000,1770369787.343775
0.138104,-0.045628,1.022116,0.210000,2.870000,-1.820000,1770369787.351780
0.138836,-0.044408,1.023092,0.980000,2.870000,-1.260000,1770369787.359777
0.136152,-0.047824,1.024800,0.350000,2.590000,-2.170000,1770369787.367802
0.136396,-0.046848,1.023336,0.350000,2.520000,-2.030000,1770369787.375812
0.136152,-0.048068,1.025044,0.560000,1.890000,2.240000,1770369787.383915
0.133468,-0.048068,1.030412,-2.240000,2.170000,-2.870000,1770369787.391787
0.131760,-0.050752,1.028460,0.560000,1.960000,1.540000,1770369787.399782
0.130540,-0.049288,1.028948,0.070000,1.400000,-2.310000,1770369787.408196
0.129320,-0.045140,1.027240,-0.700000,1.750000,-1.400000,1770369787.415801
0.126148,-0.045140,1.030412,-0.840000,1.190000,0.280000,1770369787.423786
0.126392,-0.048800,1.026508,-0.140000,0.000000,-2.590000,1770369787.431784
0.123464,-0.048068,1.026020,-0.770000,0.000000,0.070000,1770369787.439808
0.121512,-0.050264,1.023824,-0.770000,-0.070000,0.000000,1770369787.447907
0.122976,-0.051728,1.024068,-1.680000,-1.540000,-1.400000,1770369787.455789
0.122000,-0.055144,1.022360,-1.820000,-1.260000,-1.960000,1770369787.463782
0.120780,-0.058316,1.018212,-1.820000,-0.910000,-2.520000,1770369787.471789
0.122976,-0.060756,1.023824,-1.190000,-1.330000,-1.260000,1770369787.479856
0.127124,-0.061732,1.024312,-1.330000,-2.310000,-2.170000,1770369787.487808
0.130052,-0.058316,1.025532,-2.590000,-2.240000,-1.260000,1770369787.495823
0.132980,-0.057828,1.022604,-2.240000,-2.170000,-1.610000,1770369787.503784
0.136640,-0.059048,1.019188,-1.890000,-2.240000,-4.760000,1770369787.511781
0.137616,-0.056852,1.021628,-0.420000,-2.870000,-2.520000,1770369787.519789
0.139568,-0.052704,1.020408,0.000000,-4.410000,-2.380000,1770369787.527927
0.146888,-0.047092,1.025044,-1.120000,-2.520000,0.000000,1770369787.535782
0.147864,-0.048068,1.026020,-2.940000,-2.870000,-3.990000,1770369787.543782
0.149328,-0.045872,1.026508,0.140000,-2.100000,0.840000,1770369787.551768
0.145668,-0.044408,1.027728,-2.380000,-1.470000,-5.740000,1770369787.559903
0.149816,-0.040992,1.032120,0.420000,-0.770000,-4.410000,1770369787.568127
0.146400,-0.040260,1.033340,-0.350000,-1.120000,-3.080000,1770369787.575881
0.149328,-0.042700,1.036268,-3.150000,-0.140000,-1.820000,1770369787.583811
0.147864,-0.040992,1.037000,-0.770000,-0.210000,-2.940000,1770369787.591789
0.147864,-0.046360,1.032120,-0.560000,-0.700000,-2.800000,1770369787.599786
0.149816,-0.047824,1.030900,0.000000,-1.120000,0.980000,1770369787.607800
0.152988,-0.046360,1.028216,0.420000,-0.980000,-6.440000,1770369787.615881
0.155428,-0.051240,1.025532,-2.870000,-1.190000,0.210000,1770369787.623769
0.152988,-0.049532,1.031144,-1.260000,0.980000,-3.220000,1770369787.631789
0.151036,-0.050020,1.033584,-1.120000,1.890000,-2.380000,1770369787.639803
0.145424,-0.051240,1.035292,-1.120000,1.750000,0.210000,1770369787.647843
0.144936,-0.051728,1.033584,-0.560000,2.100000,-2.380000,1770369787.655780
0.141764,-0.055876,1.035048,-3.920000,2.170000,-1.260000,1770369787.663818
0.138348,-0.058316,1.034560,-1.330000,2.310000,-2.590000,1770369787.671803
0.134932,-0.057584,1.032120,-3.220000,2.240000,-2.030000,1770369787.679808
0.136640,-0.056852,1.031876,-0.420000,1.260000,-0.210000,1770369787.687900
0.132492,-0.055144,1.032852,-2.660000,1.190000,-3.290000,1770369787.695819
0.135176,-0.055388,1.029436,-3.430000,1.610000,-0.630000,1770369787.703792
0.133712,-0.056608,1.026264,-1.960000,1.960000,-2.520000,1770369787.711814
0.136152,-0.058072,1.024068,-1.890000,2.660000,-0.770000,1770369787.719801
0.139080,-0.058072,1.023580,-1.330000,1.610000,1.260000,1770369787.727818
0.139568,-0.059780,1.028460,-2.590000,2.170000,-2.030000,1770369787.735827
0.140788,-0.057828,1.033096,-3.920000,2.730000,0.840000,1770369787.743817
0.135908,-0.059292,1.030656,-1.890000,3.430000,-2.940000,1770369787.751783
0.133224,-0.060756,1.036512,-2.870000,3.150000,0.420000,1770369787.759804
0.132736,-0.059292,1.033096,-1.680000,3.080000,0.490000,1770369787.767820
0.130296,-0.059048,1.035536,-0.770000,2.870000,-2.450000,1770369787.775835
0.127612,-0.058804,1.033828,-2.450000,2.730000,-1.050000,1770369787.783792
0.125660,-0.055144,1.031632,0.140000,2.310000,-2.520000,1770369787.791789
0.125416,-0.056608,1.026264,-3.360000,2.310000,1.120000,1770369787.799786
0.122976,-0.060024,1.023824,-0.210000,2.170000,-1.050000,1770369787.807784
0.122732,-0.057584,1.023336,-0.770000,0.980000,0.420000,1770369787.815862
0.124440,-0.059536,1.022604,-1.680000,2.100000,-0.350000,1770369787.823815
0.124196,-0.061732,1.020652,-1.190000,1.540000,-0.070000,1770369787.831797
0.123952,-0.059292,1.023824,-0.980000,1.960000,1.190000,1770369787.839790
0.126636,-0.057828,1.024800,-0.700000,2.660000,0.840000,1770369787.847903
0.128588,-0.061244,1.024068,-1.470000,3.010000,-0.840000,1770369787.855782
0.124928,-0.061488,1.026996,-3.780000,2.240000,-0.280000,1770369787.863784
0.126880,-0.059292,1.023092,-1.120000,1.540000,-1.680000,1770369787.871789
0.125416,-0.058316,1.028460,-1.330000,0.980000,-0.280000,1770369787.879785
0.121268,-0.060268,1.027240,-0.560000,2.170000,0.420000,1770369787.887876
0.123708,-0.061000,1.027972,-0.140000,0.770000,-2.170000,1770369787.895797
0.120048,-0.059780,1.026752,-1.750000,0.910000,1.890000,1770369787.903784
0.122000,-0.058316,1.032120,-0.350000,0.000000,-2.800000,1770369787.911817
0.118828,-0.057584,1.030168,-2.310000,-0.630000,0.560000,1770369787.919787
0.118340,-0.058072,1.031388,0.840000,0.140000,0.770000,1770369787.927796
0.121756,-0.056364,1.031144,-0.490000,-0.490000,-1.680000,1770369787.935881
0.123952,-0.056852,1.028704,-0.770000,-0.770000,-1.400000,1770369787.943814
0.124440,-0.057096,1.029924,0.140000,-1.330000,-1.400000,1770369787.951784
0.124684,-0.058316,1.034072,-0.560000,-1.330000,-0.350000,1770369787.959787
0.125660,-0.057584,1.033828,0.210000,-1.890000,0.350000,1770369787.967871
0.119072,-0.061000,1.032364,1.540000,-1.190000,-1.680000,1770369787.975804
0.121512,-0.062464,1.034804,-2.800000,-3.010000,-0.350000,1770369787.983771
0.117608,-0.061976,1.031388,0.770000,-2.380000,-3.080000,1770369787.991789
0.118828,-0.057828,1.031388,1.260000,-4.130000,-0.490000,1770369787.999896
0.120292,-0.053680,1.024800,1.120000,-4.410000,-1.750000,1770369788.007808
0.118584,-0.050996,1.021628,0.630000,-5.110000,-3.150000,1770369788.015779
0.118340,-0.049532,1.016504,-0.980000,-5.530000,-1.470000,1770369788.023787
0.122000,-0.054168,1.017724,-0.980000,-5.110000,-2.380000,1770369788.031816
0.131028,-0.055632,1.016260,-1.190000,-4.340000,-0.630000,1770369788.039864
0.136152,-0.056852,1.017968,3.010000,-4.200000,-1.050000,1770369788.047784
0.138348,-0.055632,1.022848,0.070000,-4.410000,-1.050000,1770369788.055784
0.140300,-0.056852,1.027728,0.490000,-3.220000,-3.640000,1770369788.064106
0.144936,-0.058560,1.030412,0.700000,-2.870000,-1.960000,1770369788.072066
0.146644,-0.062220,1.034072,0.210000,-2.100000,-2.520000,1770369788.079923
0.142984,-0.062952,1.034072,0.980000,-1.470000,0.770000,1770369788.087859
0.143228,-0.061244,1.034316,1.540000,-0.770000,-1.330000,1770369788.095806
0.138836,-0.063196,1.034072,-1.890000,-0.280000,-0.840000,1770369788.103784
0.136640,-0.062220,1.035048,2.310000,-0.280000,-1.610000,1770369788.111788
0.129808,-0.059292,1.032852,0.560000,0.210000,-0.070000,1770369788.119881
0.125904,-0.058316,1.033828,-0.840000,-1.470000,1.050000,1770369788.127790
0.122732,-0.058560,1.033584,-0.420000,-0.560000,-2.870000,1770369788.135788
0.119560,-0.056852,1.027972,-0.770000,-1.120000,-0.070000,1770369788.143773
0.118096,-0.063684,1.026508,1.750000,-0.560000,-0.700000,1770369788.151775
0.119804,-0.061732,1.023824,-0.350000,-2.870000,-2.240000,1770369788.160066
0.117120,-0.066368,1.024068,1.680000,-2.870000,-0.560000,1770369788.167792
0.119316,-0.066124,1.026020,1.120000,-3.780000,-2.030000,1770369788.175811
0.119316,-0.065148,1.026020,0.770000,-3.850000,0.980000,1770369788.183814
0.121024,-0.066124,1.028704,1.540000,-3.990000,-0.350000,1770369788.191797
0.127124,-0.065392,1.029680,0.350000,-4.410000,-0.560000,1770369788.199819
0.129808,-0.067344,1.032120,0.980000,-3.080000,2.100000,1770369788.207777
0.131760,-0.069296,1.027728,1.540000,-4.130000,-2.030000,1770369788.215780
0.137616,-0.071980,1.027240,-0.350000,-3.990000,2.800000,1770369788.223795
0.131516,-0.070760,1.032608,1.330000,-3.430000,-1.400000,1770369788.231856
0.131760,-0.064904,1.037000,2.590000,-2.590000,3.990000,1770369788.239776
0.129808,-0.060024,1.041636,1.330000,-2.450000,2.030000,1770369788.247780
0.126148,-0.055876,1.045540,0.700000,-2.380000,3.500000,1770369788.255785
0.126636,-0.060024,1.045296,0.910000,-3.220000,3.430000,1770369788.263836
0.125660,-0.056364,1.046272,0.910000,-3.430000,4.200000,1770369788.271800
0.123708,-0.054656,1.045052,1.190000,-3.430000,4.340000,1770369788.279782
0.122976,-0.055144,1.041392,1.540000,-4.970000,5.740000,1770369788.287806
0.123952,-0.057096,1.042124,-0.700000,-6.300000,3.990000,1770369788.295762
0.129320,-0.058072,1.037732,0.700000,-6.440000,5.390000,1770369788.303902
0.131272,-0.059292,1.032852,-0.420000,-5.880000,4.480000,1770369788.311778
0.132248,-0.059780,1.033340,-0.770000,-6.860000,6.230000,1770369788.319779
0.136396,-0.058804,1.033096,1.960000,-4.970000,5.810000,1770369788.327803
0.137128,-0.057828,1.034316,-1.190000,-4.200000,5.040000,1770369788.335856
0.136640,-0.052704,1.029680,0.350000,-3.220000,6.300000,1770369788.343789
0.138104,-0.050752,1.028704,0.560000,-2.800000,5.670000,1770369788.351767
0.131272,-0.050508,1.030168,-0.350000,-1.750000,8.260000,1770369788.359792
0.127856,-0.052460,1.027728,-1.190000,-1.680000,7.140000,1770369788.367806
0.123220,-0.048800,1.019188,-1.470000,-2.590000,10.850000,1770369788.375788
0.125904,-0.056120,1.020408,-2.030000,-2.800000,8.330000,1770369788.383836
0.121512,-0.056364,1.014552,-0.980000,-3.010000,8.540000,1770369788.391774
0.123220,-0.062220,1.010892,-2.100000,-3.290000,9.100000,1770369788.399792
0.127124,-0.066856,1.013820,-0.350000,-2.660000,7.840000,1770369788.407791
0.132248,-0.066124,1.012600,-1.470000,-3.010000,7.840000,1770369788.415843
0.135664,-0.072468,1.010648,-2.660000,-3.640000,5.810000,1770369788.423815
0.139812,-0.075152,1.010648,0.210000,-3.010000,4.130000,1770369788.431807
0.141032,-0.074176,1.012356,0.000000,-2.870000,5.810000,1770369788.439785
0.147132,-0.071248,1.012356,2.100000,-1.540000,5.390000,1770369788.447780
0.152500,-0.067344,1.011624,1.680000,-1.890000,2.520000,1770369788.455784
0.155428,-0.067344,1.012844,0.910000,-0.980000,1.610000,1770369788.463923
0.162992,-0.070272,1.014308,1.960000,-1.960000,1.960000,1770369788.471991
0.169824,-0.066124,1.017480,0.630000,-1.470000,2.100000,1770369788.479786
0.173240,-0.070760,1.018212,1.190000,-0.350000,-0.350000,1770369788.487870
0.173728,-0.065392,1.019676,3.360000,0.770000,0.420000,1770369788.495781
0.172752,-0.065148,1.018456,2.030000,0.700000,1.470000,1770369788.503790
0.179340,-0.067588,1.021872,3.360000,1.540000,-1.470000,1770369788.511785
0.164456,-0.060024,1.014308,0.000000,4.270000,-1.330000,1770369788.519783
0.167384,-0.062708,1.020408,0.980000,4.830000,-0.560000,1770369788.527878
0.168116,-0.064172,1.026264,1.820000,6.300000,-1.400000,1770369788.535817
0.163968,-0.063196,1.026508,-0.560000,7.420000,-1.470000,1770369788.543784
0.154940,-0.059048,1.021384,1.190000,7.070000,-4.060000,1770369788.551778
0.146644,-0.060512,1.024068,-2.100000,7.770000,0.560000,1770369788.559807
0.137128,-0.055632,1.025044,0.210000,8.400000,-1.610000,1770369788.567784
0.140300,-0.059780,1.027728,0.350000,7.210000,0.000000,1770369788.575804
0.126148,-0.059048,1.026020,-0.560000,5.530000,-0.140000,1770369788.583801
0.122488,-0.067832,1.026752,-1.330000,4.270000,-0.560000,1770369788.591773
0.115900,-0.056852,1.027484,-0.070000,4.060000,0.420000,1770369788.599817
0.118096,-0.060512,1.033584,0.770000,4.550000,0.280000,1770369788.607889
0.109312,-0.057584,1.037732,0.350000,3.850000,-0.490000,1770369788.615905
0.103456,-0.052704,1.038220,-0.420000,1.750000,0.840000,1770369788.623765
0.098576,-0.054900,1.037488,0.560000,-1.120000,-0.350000,1770369788.631790
0.096136,-0.054412,1.042856,1.890000,-1.540000,0.560000,1770369788.639790
0.095160,-0.044164,1.043100,1.470000,-3.780000,2.450000,1770369788.647898
0.097844,-0.047092,1.042856,0.560000,-5.670000,3.010000,1770369788.655777
0.100284,-0.050996,1.042612,-1.190000,-6.510000,-0.630000,1770369788.663846
0.103456,-0.053680,1.032852,0.000000,-7.280000,1.190000,1770369788.671801
0.105652,-0.054656,1.030900,-0.210000,-8.330000,0.210000,1770369788.679788
0.115900,-0.057096,1.028216,1.750000,-8.050000,2.450000,1770369788.687788
0.117364,-0.057828,1.031144,2.100000,-8.400000,0.280000,1770369788.695775
0.121512,-0.054412,1.032608,3.220000,-10.290000,1.330000,1770369788.703809
0.127612,-0.052460,1.037732,2.240000,-10.990000,-0.070000,1770369788.711788
0.131028,-0.050264,1.036024,2.030000,-10.430000,-0.910000,1770369788.719799
0.136396,-0.045628,1.036512,2.100000,-11.970000,-2.380000,1770369788.727795
0.146156,-0.049044,1.035536,2.660000,-12.670000,-1.260000,1770369788.735791
0.150060,-0.052704,1.028460,0.560000,-12.530000,-2.520000,1770369788.743788
0.159576,-0.058316,1.023336,0.140000,-13.650000,-3.990000,1770369788.751882
0.168848,-0.064660,1.021872,0.210000,-13.440000,-2.380000,1770369788.759791
0.173972,-0.065880,1.020896,-0.140000,-11.410000,-3.920000,1770369788.767789
0.183488,-0.059536,1.020896,0.140000,-11.550000,-1.960000,1770369788.775799
0.193980,-0.051728,1.027972,-1.190000,-8.680000,-6.020000,1770369788.783839
0.193492,-0.049532,1.026020,-0.350000,-6.580000,-3.710000,1770369788.791807
0.196420,-0.048068,1.029192,-1.750000,-4.760000,-2.520000,1770369788.799799
0.199348,-0.045628,1.031876,-0.770000,-4.410000,-3.150000,1770369788.807795
0.195444,-0.042944,1.029436,-2.100000,-2.240000,-3.640000,1770369788.815801
0.193980,-0.040504,1.025776,-2.310000,-0.140000,-5.110000,1770369788.823916
0.194224,-0.037088,1.025532,-2.380000,1.680000,-3.850000,1770369788.831804
0.191540,-0.039528,1.025532,-3.150000,2.380000,-5.530000,1770369788.839788
0.183976,-0.041236,1.027484,-2.870000,1.820000,-5.810000,1770369788.847829
0.183488,-0.040992,1.029192,-2.870000,1.330000,-7.210000,1770369788.855860
0.179584,-0.044896,1.028460,-5.600000,3.010000,-6.860000,1770369788.863777
0.177632,-0.048068,1.029680,-2.310000,3.010000,-9.100000,1770369788.872070
0.178120,-0.050264,1.024312,-2.660000,2.170000,-7.770000,1770369788.879796
0.180316,-0.054656,1.020164,-0.910000,2.730000,-7.070000,1770369788.887793
0.177144,-0.058804,1.017968,-1.260000,3.640000,-6.860000,1770369788.895765
0.175192,-0.060512,1.015040,-1.820000,5.390000,-9.100000,1770369788.903789
0.172020,-0.060268,1.006256,-0.630000,5.180000,-6.860000,1770369788.911962
0.169336,-0.065636,1.007964,1.750000,6.090000,-9.380000,1770369788.919783
0.164700,-0.067344,1.011380,2.310000,7.420000,-4.970000,1770369788.927825
0.161528,-0.067588,1.018212,4.130000,7.140000,-9.730000,1770369788.935797
0.148352,-0.064172,1.023336,0.910000,7.140000,-6.650000,1770369788.943784
0.141520,-0.063928,1.019920,1.330000,7.630000,-7.210000,1770369788.951783
0.132492,-0.073688,1.023824,1.750000,5.880000,-7.140000,1770369788.959785
0.126392,-0.075152,1.025532,2.870000,4.620000,-5.180000,1770369788.967862
0.122000,-0.080520,1.018212,-0.210000,2.730000,-4.760000,1770369788.975792
0.119804,-0.077104,1.014796,-1.120000,1.820000,-5.460000,1770369788.983810
0.120536,-0.074908,1.013820,0.980000,1.540000,-2.310000,1770369788.991960
0.117608,-0.068320,1.017968,-0.630000,2.730000,-1.260000,1770369788.999778
0.115168,-0.061488,1.020164,0.350000,2.450000,-1.400000,1770369789.007778
0.113948,-0.057828,1.018944,-0.140000,1.680000,-2.030000,1770369789.015796
0.110776,-0.058072,1.015284,-3.010000,0.770000,-1.750000,1770369789.023887
0.105652,-0.058072,1.016260,-0.980000,1.750000,-0.350000,1770369789.031840
0.103456,-0.060512,1.021384,-1.190000,0.210000,1.330000,1770369789.039790
0.098820,-0.066612,1.022848,0.000000,-0.140000,0.840000,1770369789.047808
0.096136,-0.065148,1.021628,-0.700000,-1.680000,0.630000,1770369789.055933
0.093208,-0.073688,1.019920,-0.770000,-3.010000,-0.490000,1770369789.064072
0.089060,-0.079544,1.017480,0.700000,-3.500000,2.660000,1770369789.071888
0.090768,-0.083936,1.011380,1.120000,-3.920000,1.260000,1770369789.079811
0.097600,-0.087840,1.004548,1.540000,-6.090000,4.900000,1770369789.087827
0.094916,-0.085644,1.004548,2.800000,-7.280000,3.010000,1770369789.095771
0.097356,-0.078812,1.013088,1.680000,-9.310000,4.900000,1770369789.103782
0.106872,-0.071980,1.022360,3.570000,-11.060000,3.640000,1770369789.111789
0.115412,-0.060512,1.030900,2.450000,-13.300000,4.130000,1770369789.119795
0.122244,-0.051484,1.037244,4.900000,-14.210000,5.250000,1770369789.127784
0.137616,-0.040748,1.044564,3.990000,-15.260000,5.600000,1770369789.135785
0.149572,-0.028304,1.055544,4.900000,-15.820000,6.860000,1770369789.143813
0.163480,-0.020496,1.066280,3.570000,-16.520000,4.830000,1770369789.151783
0.172508,-0.001708,1.071160,3.290000,-16.170000,6.860000,1770369789.159781
0.187148,0.017568,1.074332,3.780000,-15.960000,6.930000,1770369789.167803
0.198372,0.024888,1.087508,3.360000,-14.280000,7.280000,1770369789.175822
0.205936,0.043920,1.084092,-0.210000,-13.720000,8.330000,1770369789.183874
0.214964,0.058072,1.091656,-1.120000,-12.180000,7.770000,1770369789.191768
0.220576,0.070272,1.084824,-3.570000,-10.080000,8.400000,1770369789.199782
0.219112,0.076616,1.059936,-7.140000,-9.240000,11.690000,1770369789.207780
0.223504,0.062952,1.047004,-8.960000,-6.440000,8.400000,1770369789.215784
0.223748,0.045872,1.019432,-10.010000,-3.640000,8.470000,1770369789.223844
0.228140,0.020740,1.003328,-7.350000,-1.120000,5.110000,1770369789.231779
0.230092,-0.004148,0.990640,-7.910000,2.520000,6.370000,1770369789.239785
0.228384,-0.023668,0.983076,-3.080000,4.690000,4.900000,1770369789.247778
0.227896,-0.046604,0.976976,-2.590000,9.030000,0.630000,1770369789.255836
0.228384,-0.066612,0.975268,-2.030000,12.250000,1.050000,1770369789.263784
0.225456,-0.086864,0.977220,0.350000,15.120000,-1.610000,1770369789.271778
0.214720,-0.097356,0.974292,1.120000,16.030001,-3.990000,1770369789.279778
0.209596,-0.110044,0.966484,1.540000,20.160000,-1.960000,1770369789.287785
0.198128,-0.124196,0.954284,3.850000,21.350000,-6.090000,1770369789.295761
0.189832,-0.135664,0.947452,2.800000,22.540001,-6.300000,1770369789.303787
0.178120,-0.141276,0.950136,5.880000,22.540001,-5.530000,1770369789.311905
0.168116,-0.137128,0.971120,7.420000,24.920000,-5.880000,1770369789.319775
0.158356,-0.130296,0.997716,6.860000,26.250000,-5.950000,1770369789.327779
0.146644,-0.116388,1.036756,7.000000,27.719999,-8.820000,1770369789.335802
0.126148,-0.100284,1.066280,7.210000,30.590000,-7.490000,1770369789.343782
0.098820,-0.082960,1.077016,7.560000,32.410000,-11.970000,1770369789.351847
0.069052,-0.066612,1.086532,5.670000,33.529999,-12.740000,1770369789.359772
0.043432,-0.044164,1.094584,4.760000,32.689999,-15.890000,1770369789.367773
0.021472,-0.023424,1.105076,3.010000,30.240000,-16.660000,1770369789.375885
0.001952,-0.011712,1.115812,2.100000,26.040001,-16.730000,1770369789.383814
-0.007076,0.000244,1.125328,0.980000,20.719999,-20.020000,1770369789.391779
-0.008296,0.006100,1.133380,-2.100000,14.840000,-21.350000,1770369789.399791
-0.004392,0.014884,1.128744,-2.800000,8.400000,-24.290001,1770369789.407786
0.007808,0.020496,1.118496,-3.710000,1.330000,-24.080000,1770369789.415801
0.028060,0.025864,1.104344,-6.020000,-4.410000,-28.770000,1770369789.423785
0.046116,0.032696,1.101172,-6.440000,-9.450000,-33.250000,1770369789.431860
0.063196,0.035624,1.103856,-6.020000,-12.320000,-31.920000,1770369789.439794
0.075884,0.048800,1.106540,-4.690000,-13.090000,-35.419998,1770369789.447816
0.084180,0.059292,1.101660,-7.000000,-13.440000,-37.240002,1770369789.455870
0.099552,0.071492,1.087020,-6.580000,-12.740000,-43.049999,1770369789.463883
0.106140,0.083204,1.073844,-7.210000,-12.670000,-44.310001,1770369789.471771
0.114436,0.086864,1.050176,-6.860000,-13.230000,-47.669998,1770369789.480133
0.119804,0.084424,1.034072,-6.510000,-12.320000,-48.020000,1770369789.487806
0.127856,0.085888,1.022116,-5.810000,-11.900000,-48.090000,1770369789.495764
0.136640,0.079788,1.019432,-6.230000,-9.940000,-52.990002,1770369789.503863
0.141032,0.069784,1.023580,-6.300000,-10.010000,-51.169998,1770369789.511797
0.142984,0.058804,1.023580,-6.370000,-7.980000,-55.090000,1770369789.519785
0.144204,0.041968,1.027240,-6.020000,-7.980000,-54.880001,1770369789.527784
0.141032,0.025376,1.036268,-8.680000,-6.790000,-56.279999,1770369789.535943
0.136152,0.010736,1.029192,-8.120000,-7.070000,-54.669998,1770369789.543786
0.129808,0.000976,1.015772,-8.890000,-7.840000,-53.970001,1770369789.551787
0.117364,-0.013176,1.001620,-9.240000,-11.550000,-49.560001,1770369789.559783
0.107116,-0.024644,0.979660,-10.080000,-14.280000,-48.369999,1770369789.567809
0.102724,-0.042212,0.960384,-10.990000,-17.500000,-45.779999,1770369789.575862
0.095892,-0.056852,0.922076,-9.800000,-20.650000,-44.869999,1770369789.583786
0.097356,-0.067100,0.898896,-7.000000,-22.400000,-41.720001,1770369789.591771
0.104676,-0.072224,0.895236,-3.780000,-25.690001,-41.930000,1770369789.599790
0.113216,-0.065880,0.910364,-1.750000,-25.200001,-38.919998,1770369789.607903
0.132736,-0.052948,0.954772,-2.030000,-26.459999,-39.340000,1770369789.615773
0.155672,-0.037332,1.003816,-3.710000,-23.940001,-39.340000,1770369789.623770
0.175192,-0.030500,1.029436,-7.210000,-23.730000,-37.240002,1770369789.631778
0.193492,-0.030988,1.055544,-10.640000,-25.059999,-34.790001,1770369789.639805
0.210816,-0.026596,1.079944,-14.840000,-26.600000,-31.639999,1770369789.647787
0.231800,-0.014884,1.075308,-19.250000,-32.060001,-28.000000,1770369789.655784
0.250100,-0.005612,1.029680,-26.110001,-35.560001,-22.540001,1770369789.663810
0.264496,-0.015860,0.983808,-26.110001,-38.990002,-19.600000,1770369789.671790
0.289872,-0.037088,0.964044,-27.299999,-44.590000,-13.300000,1770369789.679798
0.307684,-0.056852,0.964044,-24.850000,-43.259998,-8.330000,1770369789.687788
0.325252,-0.074176,0.963312,-24.290001,-40.529999,-4.830000,1770369789.695827
0.335500,-0.085644,0.968680,-19.459999,-33.599998,-3.850000,1770369789.703835
0.336964,-0.096624,0.982100,-15.890000,-24.850000,-1.470000,1770369789.711786
0.319152,-0.094428,0.995520,-11.620000,-14.840000,-2.800000,1770369789.719779
0.288652,-0.093940,1.015040,-7.420000,-5.880000,-1.680000,1770369789.727782
0.254736,-0.085888,1.026996,-5.670000,2.240000,-5.460000,1770369789.735779
0.218380,-0.080032,1.045052,-4.900000,5.740000,-4.200000,1770369789.743942
0.193980,-0.067588,1.069940,-3.780000,6.860000,-9.030000,1770369789.751783
0.176900,-0.063928,1.104832,-5.110000,4.340000,-9.030000,1770369789.759785
0.175924,-0.059536,1.130208,-6.300000,0.630000,-9.450000,1770369789.767782
0.185440,-0.056120,1.157536,-6.580000,-6.440000,-11.620000,1770369789.775818
0.201300,-0.047824,1.173396,-10.010000,-12.530000,-12.460000,1770369789.783790
0.236924,-0.033428,1.169736,-9.590000,-19.040001,-13.370000,1770369789.791770
0.281088,-0.021716,1.151924,-12.670000,-25.410000,-10.500000,1770369789.799794
0.322324,-0.010736,1.128988,-12.320000,-30.940001,-11.970000,1770369789.807918
0.362828,0.007076,1.093608,-15.470000,-30.799999,-5.670000,1770369789.815787
0.395280,0.016836,1.018456,-15.750000,-30.799999,-8.680000,1770369789.823780
0.425048,0.013420,0.939156,-15.190000,-28.700001,-3.640000,1770369789.831803
0.460916,0.006588,0.895236,-14.840000,-25.690001,-1.050000,1770369789.839838
0.498248,-0.001220,0.890356,-12.810000,-23.520000,2.310000,1770369789.847802
0.523136,-0.006588,0.920368,-16.799999,-19.180000,7.630000,1770369789.855786
0.548512,0.000732,0.982100,-20.299999,-9.170000,7.840000,1770369789.863788
0.554124,0.013420,1.039928,-24.639999,4.200000,11.200000,1770369789.871770
0.528016,0.027816,1.050908,-30.870001,21.490000,8.960000,1770369789.879810
0.477508,0.039528,1.036024,-35.419998,39.549999,5.180000,1770369789.887790
0.405284,0.041480,1.027484,-40.669998,55.369999,2.800000,1770369789.895773
0.322812,0.034160,1.029680,-48.090000,72.239998,-1.610000,1770369789.903795
0.254248,0.002196,1.007720,-50.330002,81.760002,-6.930000,1770369789.911800
0.188124,-0.052460,0.959408,-55.299999,86.099998,-7.700000,1770369789.919830
0.134932,-0.123708,0.911096,-54.389999,87.430000,-8.470000,1770369789.927778
0.092720,-0.194712,0.885476,-51.590000,79.870003,-6.650000,1770369789.935785
0.061000,-0.254736,0.897920,-51.169998,71.050003,-8.330000,1770369789.943823
0.035868,-0.296460,0.930860,-47.320000,59.570000,-5.530000,1770369789.951787
0.014640,-0.328180,0.966484,-47.389999,46.970001,-2.520000,1770369789.959783
-0.005612,-0.351848,0.982588,-44.099998,35.209999,0.840000,1770369789.967785
-0.014396,-0.375516,0.987468,-43.540001,21.910000,0.980000,1770369789.976049
-0.017568,-0.391620,0.973560,-43.610001,10.990000,5.390000,1770369789.983787
-0.009028,-0.407724,0.966972,-41.369999,2.870000,1.120000,1770369789.991778
0.014396,-0.413092,0.949648,-41.860001,-5.320000,2.450000,1770369789.999786
0.043920,-0.407724,0.932324,-38.430000,-7.840000,-3.640000,1770369790.007840
0.078080,-0.395524,0.920124,-38.080002,-10.290000,-1.610000,1770369790.015791
0.109800,-0.372832,0.911828,-35.070000,-9.520000,-7.140000,1770369790.023770
0.144692,-0.350628,0.883524,-34.439999,-5.180000,-11.130000,1770369790.031796
0.181292,-0.338184,0.866932,-31.219999,-1.330000,-12.950000,1770369790.039781
0.218868,-0.322812,0.883524,-26.530001,5.180000,-15.120000,1770369790.047846
0.241316,-0.288408,0.917196,-21.209999,11.830000,-15.610000,1770369790.055803
0.244488,-0.248636,0.950624,-21.910000,20.930000,-18.480000,1770369790.064092
0.233508,-0.223504,0.981856,-23.590000,28.629999,-21.980000,1770369790.071912
0.204228,-0.222528,0.994544,-27.160000,36.540001,-23.870001,1770369790.079817
0.167140,-0.249856,0.995276,-28.490000,43.750000,-25.200001,1770369790.087819
0.126148,-0.291580,0.988200,-27.860001,45.779999,-27.090000,1770369790.095779
0.083204,-0.332572,0.967460,-28.070000,47.180000,-30.450001,1770369790.103785
0.042212,-0.366732,0.949892,-25.760000,45.080002,-29.820000,1770369790.111784
-0.001464,-0.383812,0.929396,-24.219999,41.299999,-34.299999,1770369790.119817
-0.033672,-0.386496,0.916708,-20.440001,36.750000,-34.369999,1770369790.127927
-0.064904,-0.373076,0.919392,-20.230000,30.870001,-31.570000,1770369790.135781
-0.099064,-0.341600,0.937204,-22.540001,26.250000,-33.180000,1770369790.143790
-0.145912,-0.300120,0.965264,-23.240000,22.820000,-32.410000,1770369790.151783
-0.201788,-0.263520,0.975756,-28.770000,19.320000,-32.060001,1770369790.159938
-0.258640,-0.242780,0.965752,-29.540001,17.150000,-32.480000,1770369790.167804
-0.316712,-0.228628,0.942328,-30.170000,14.280000,-35.910000,1770369790.175782
-0.352092,-0.249612,0.909388,-31.219999,6.720000,-38.779999,1770369790.183797
-0.376492,-0.269132,0.871812,-24.639999,-4.410000,-43.049999,1770369790.191832
-0.378444,-0.292556,0.899384,-20.299999,-18.410000,-44.169998,1770369790.199788
-0.361608,-0.306708,0.965508,-10.570000,-31.080000,-51.869999,1770369790.207784
-0.316956,-0.305000,0.961116,-3.780000,-45.220001,-50.259998,1770369790.215779
-0.250100,-0.293532,0.933300,0.350000,-58.660000,-58.240002,1770369790.223808
-0.161284,-0.264740,0.952332,4.410000,-71.120003,-56.560001,1770369790.231787
-0.054656,-0.231312,1.023824,7.000000,-82.599998,-57.540001,1770369790.239774
0.059292,-0.183976,1.118984,9.870000,-90.510002,-56.770000,1770369790.247786
0.169336,-0.140056,1.195600,9.520000,-95.129997,-51.730000,1770369790.255784
0.268644,-0.114436,1.223416,4.690000,-96.739998,-52.360001,1770369790.263843
0.352092,-0.111996,1.204628,-2.380000,-97.510002,-42.770000,1770369790.271788
0.425048,-0.122244,1.177056,-5.250000,-94.080002,-39.340000,1770369790.279814
0.497516,-0.144448,1.163636,-7.910000,-91.070000,-33.599998,1770369790.287781
0.557540,-0.163480,1.138260,-10.990000,-83.580002,-27.090000,1770369790.295763
0.598532,-0.188368,1.088240,-13.790000,-74.690002,-23.309999,1770369790.303917
0.609756,-0.210572,1.027972,-17.080000,-62.509998,-19.670000,1770369790.311776
0.631228,-0.238876,0.963800,-19.670000,-47.740002,-15.890000,1770369790.319777
0.630008,-0.255224,0.919636,-20.090000,-29.049999,-15.820000,1770369790.327851
0.611464,-0.248392,0.895724,-21.070000,-12.320000,-13.020000,1770369790.335793
0.569008,-0.234728,0.886696,-24.639999,5.670000,-14.140000,1770369790.343779
0.509228,-0.226188,0.881572,-26.879999,18.830000,-12.180000,1770369790.351789
0.438468,-0.231312,0.877912,-28.980000,28.490000,-12.250000,1770369790.359781
0.365268,-0.247904,0.873276,-30.870001,35.700001,-11.970000,1770369790.367806
0.300120,-0.255224,0.876448,-29.889999,36.119999,-10.920000,1770369790.375901
0.238876,-0.255468,0.880352,-29.330000,33.040001,-11.690000,1770369790.383799
0.199592,-0.269864,0.889624,-27.580000,28.209999,-12.530000,1770369790.391777
0.152256,-0.261568,0.894260,-24.010000,19.459999,-13.720000,1770369790.399785
0.137128,-0.256932,0.901092,-21.000000,10.080000,-15.540000,1770369790.407785
0.136640,-0.257176,0.922076,-16.660000,-0.980000,-14.630000,1770369790.415883
0.158600,-0.279380,0.948672,-15.610000,-8.400000,-18.480000,1770369790.423788
0.194712,-0.327204,0.946476,-10.430000,-14.490000,-18.480000,1770369790.431771
0.230824,-0.374052,0.921832,-9.870000,-20.510000,-21.840000,1770369790.439809
0.271816,-0.405284,0.880596,-3.220000,-21.629999,-24.920000,1770369790.447866
0.317688,-0.419192,0.852780,2.100000,-21.490000,-23.170000,1770369790.455786
0.359412,-0.429684,0.846436,7.000000,-20.020000,-26.320000,1770369790.463787
0.392352,-0.428220,0.878400,11.970000,-13.300000,-26.110001,1770369790.471887
0.421632,-0.431880,0.904020,14.000000,-6.860000,-24.850000,1770369790.479802
0.427732,-0.431392,0.920856,17.010000,2.450000,-26.740000,1770369790.487782
0.425536,-0.433588,0.935984,20.510000,10.850000,-25.410000,1770369790.495764
0.420168,-0.438712,0.954284,21.209999,19.809999,-25.760000,1770369790.503784
0.403820,-0.436760,0.956968,22.820000,25.480000,-31.850000,1770369790.511784
0.380152,-0.422364,0.937204,24.360001,29.120001,-26.389999,1770369790.519780
0.359412,-0.407968,0.920612,25.900000,30.450001,-30.170000,1770369790.527867
0.346480,-0.393816,0.922320,25.410000,28.559999,-24.500000,1770369790.535772
0.332328,-0.366976,0.924028,24.080000,27.230000,-26.600000,1770369790.543776
0.325008,-0.337452,0.917928,24.430000,28.350000,-21.000000,1770369790.551789
0.311344,-0.313540,0.910364,22.120001,29.190001,-19.459999,1770369790.559784
0.301828,-0.302560,0.909632,20.860001,31.219999,-16.870001,1770369790.567804
0.287676,-0.295240,0.906704,18.200001,33.669998,-12.740000,1770369790.575788
0.273036,-0.300852,0.918904,16.450001,37.240002,-14.630000,1770369790.583807
0.258884,-0.308660,0.928908,16.520000,39.900002,-10.360000,1770369790.591783
0.242292,-0.315248,0.945256,17.219999,43.540001,-9.240000,1770369790.599792
0.232288,-0.319640,0.962824,15.330000,45.430000,-5.110000,1770369790.607786
0.210328,-0.316956,0.967948,15.190000,43.750000,-4.970000,1770369790.615904
0.188612,-0.331108,0.960628,11.620000,41.439999,-2.730000,1770369790.623793
0.161772,-0.345016,0.954772,16.730000,36.540001,-1.050000,1770369790.631774
0.141764,-0.344772,0.956236,16.450001,32.970001,0.420000,1770369790.639797
0.130540,-0.341356,0.971852,18.830000,29.120001,0.280000,1770369790.647824
0.122976,-0.327692,0.990396,17.990000,26.110001,0.420000,1770369790.655791
0.119072,-0.308904,1.004548,15.680000,23.940001,1.400000,1770369790.663878
0.117852,-0.301828,1.021384,15.190000,21.770000,3.220000,1770369790.671812
0.111264,-0.295484,1.030168,13.160000,19.950001,3.010000,1770369790.679877
0.104432,-0.281088,1.029436,13.230000,17.150000,6.160000,1770369790.687786
0.101016,-0.260836,1.026508,12.670000,15.610000,4.550000,1770369790.695882
0.095160,-0.239364,1.029680,9.170000,13.930000,4.480000,1770369790.703817
0.091500,-0.214476,1.027972,9.310000,13.090000,3.920000,1770369790.711786
0.086864,-0.198616,1.016016,6.230000,10.220000,5.740000,1770369790.719787
0.079544,-0.197640,1.001620,3.360000,7.490000,4.200000,1770369790.727801
0.078568,-0.196908,0.982100,1.750000,5.180000,1.890000,1770369790.735881
0.077104,-0.201544,0.974048,-2.520000,0.140000,4.340000,1770369790.743776
0.086376,-0.211792,0.964288,-0.490000,-3.640000,0.840000,1770369790.751772
0.100040,-0.216672,0.963068,-0.070000,-7.280000,1.400000,1770369790.759857
0.116632,-0.217892,0.955260,-0.560000,-11.270000,1.890000,1770369790.767793
0.134932,-0.217404,0.958188,0.420000,-12.180000,0.210000,1770369790.775783
0.151280,-0.213744,0.957944,0.700000,-14.210000,1.960000,1770369790.783814
0.162748,-0.209596,0.962580,4.550000,-12.180000,3.920000,1770369790.791787
0.174460,-0.207156,0.976244,5.250000,-10.640000,6.580000,1770369790.799790
0.166896,-0.207156,0.992592,7.560000,-9.240000,7.980000,1770369790.807787
0.151036,-0.208132,1.009184,9.870000,-7.000000,8.050000,1770369790.815916
0.127124,-0.210572,1.020164,7.560000,-3.220000,9.520000,1770369790.823783
0.100528,-0.214476,1.031388,11.130000,-3.780000,9.450000,1770369790.831786
0.078568,-0.227408,1.041392,9.870000,-3.640000,10.430000,1770369790.839793
0.053924,-0.244732,1.048468,10.010000,-5.670000,9.730000,1770369790.847814
0.035380,-0.266936,1.054568,10.010000,-9.660000,5.180000,1770369790.855799
0.024400,-0.280600,1.058472,7.420000,-14.630000,5.740000,1770369790.863788
0.024644,-0.299876,1.065060,9.520000,-22.190001,0.000000,1770369790.871773
0.030500,-0.308416,1.055300,9.870000,-30.730000,2.450000,1770369790.880007
0.043676,-0.311588,1.038464,10.990000,-40.529999,1.400000,1770369790.887790
0.074908,-0.304756,1.022116,10.640000,-47.950001,-4.130000,1770369790.895768
0.106384,-0.296216,1.007232,10.570000,-55.720001,-2.170000,1770369790.903792
0.147132,-0.286700,0.996740,13.370000,-60.830002,-4.060000,1770369790.911909
0.185684,-0.268156,0.990640,12.880000,-61.880001,-2.800000,1770369790.919923
0.223748,-0.251320,0.980880,15.120000,-63.279999,-3.640000,1770369790.927779
0.249368,-0.234972,0.970632,13.440000,-62.090000,-3.150000,1770369790.935782
0.280112,-0.217648,0.959408,13.790000,-59.009998,-2.590000,1770369790.943792
0.301096,-0.206424,0.951600,13.860000,-57.049999,-3.080000,1770369790.951801
0.325984,-0.193980,0.944524,14.560000,-52.849998,-1.050000,1770369790.959785
0.344284,-0.183000,0.946232,13.860000,-49.630001,-3.150000,1770369790.967784
0.366244,-0.177876,0.953308,13.790000,-45.990002,-5.180000,1770369790.975780
0.378932,-0.169336,0.968680,11.690000,-41.580002,-1.050000,1770369790.983797
0.387716,-0.163480,0.973560,15.120000,-37.240002,-1.470000,1770369790.991894
0.388448,-0.163236,0.977464,14.560000,-33.180000,-1.050000,1770369790.999797
0.385520,-0.168360,0.971608,13.440000,-29.260000,1.890000,1770369791.007789
0.376736,-0.177144,0.969900,15.330000,-25.969999,0.560000,1770369791.015790
0.367952,-0.184464,0.969656,16.870001,-22.400000,3.780000,1770369791.023873
0.358436,-0.193736,0.977220,19.530001,-19.389999,2.730000,1770369791.031811
0.351116,-0.200324,0.999424,21.559999,-18.969999,2.380000,1770369791.039772
0.325252,-0.195688,1.015528,23.309999,-15.540000,7.980000,1770369791.047776
0.300608,-0.203496,1.022848,24.639999,-13.300000,2.590000,1770369791.055788
0.272060,-0.208132,1.019188,25.760000,-12.600000,8.190000,1770369791.063899
0.243024,-0.207888,1.009428,25.830000,-12.180000,4.480000,1770369791.072521
0.219844,-0.201788,1.003572,29.540001,-13.650000,4.900000,1770369791.080186
0.196176,-0.188856,1.001864,29.120001,-16.520000,3.640000,1770369791.087789
0.183488,-0.174216,1.016504,32.060001,-22.260000,0.280000,1770369791.095776
0.179096,-0.149328,1.029436,27.719999,-26.250000,0.070000,1770369791.103860
0.182024,-0.131516,1.033828,28.209999,-33.250000,-2.520000,1770369791.111813
0.194712,-0.116876,1.031144,25.620001,-41.369999,-4.410000,1770369791.119784
0.211548,-0.107360,1.024800,24.150000,-49.770000,-7.560000,1770369791.127780
0.236436,-0.102968,1.013088,22.120001,-57.750000,-13.510000,1770369791.135784
0.268888,-0.100284,0.990640,19.320000,-63.840000,-13.650000,1770369791.143777
0.306220,-0.104188,0.966240,20.440001,-68.040001,-17.920000,1770369791.151864
0.343308,-0.099064,0.948916,19.389999,-70.699997,-18.690001,1770369791.159785
0.381372,-0.096868,0.937692,20.090000,-71.959999,-19.250000,1770369791.167980
0.415776,-0.091988,0.924760,17.570000,-71.330002,-21.139999,1770369791.175778
0.446764,-0.087108,0.910852,16.730000,-67.830002,-20.020000,1770369791.183801
0.471408,-0.076616,0.906704,17.990000,-63.070000,-21.350000,1770369791.191781
0.490196,-0.067588,0.896700,15.890000,-58.730000,-21.000000,1770369791.199795
0.506056,-0.065148,0.896700,14.350000,-54.110001,-20.580000,1770369791.207782
0.523868,-0.061000,0.889136,13.090000,-48.650002,-20.370001,1770369791.215780
0.530944,-0.062464,0.877912,8.120000,-44.799999,-17.780001,1770369791.223797
0.532896,-0.065880,0.869616,8.190000,-40.250000,-18.900000,1770369791.231785
0.537532,-0.079544,0.870348,6.020000,-37.590000,-15.750000,1770369791.239781
0.543632,-0.084180,0.864980,7.000000,-34.790001,-14.770000,1770369791.247768
0.545340,-0.085156,0.856928,4.970000,-32.270000,-14.560000,1770369791.255817
0.546804,-0.081496,0.846192,5.180000,-29.680000,-14.420000,1770369791.263795
0.552660,-0.077348,0.847412,4.970000,-27.020000,-13.510000,1770369791.271786
0.558516,-0.071736,0.858392,4.760000,-25.270000,-13.930000,1770369791.279778
0.564860,-0.070028,0.879132,5.530000,-21.490000,-14.280000,1770369791.287827
0.570472,-0.064904,0.889136,3.570000,-18.620001,-12.600000,1770369791.295766
0.571448,-0.059780,0.897188,2.310000,-15.330000,-15.330000,1770369791.303785
0.569984,-0.057096,0.895968,2.660000,-12.110000,-13.370000,1770369791.311781
0.567544,-0.057096,0.903288,1.470000,-9.730000,-14.980000,1770369791.319776
0.561932,-0.052460,0.907436,3.010000,-4.900000,-11.900000,1770369791.327777
0.552904,-0.058804,0.909144,2.590000,-2.100000,-16.170000,1770369791.335786
0.540216,-0.069784,0.894016,1.540000,-0.350000,-14.770000,1770369791.343776
0.533628,-0.078568,0.887184,0.700000,3.640000,-17.920000,1770369791.351780
0.533872,-0.083936,0.882304,2.100000,5.880000,-16.309999,1770369791.359808
0.531676,-0.086376,0.888404,2.660000,4.830000,-15.750000,1770369791.367799
0.532408,-0.081740,0.900360,1.750000,6.720000,-13.370000,1770369791.375766
0.531920,-0.067832,0.916220,0.770000,6.650000,-11.900000,1770369791.383809
0.532652,-0.055144,0.923784,0.000000,8.330000,-9.660000,1770369791.391790
0.523624,-0.048068,0.922808,-0.980000,10.430000,-9.940000,1770369791.399795
0.516548,-0.041480,0.917684,-1.120000,9.100000,-6.860000,1770369791.407791
0.509716,-0.047336,0.918172,-1.400000,8.960000,-6.650000,1770369791.415782
0.503372,-0.052704,0.916464,-4.690000,11.550000,-3.640000,1770369791.423796
0.493368,-0.063684,0.909144,-1.470000,12.110000,-4.760000,1770369791.431784
0.481168,-0.072468,0.896456,-0.140000,11.760000,-1.470000,1770369791.439897
0.473360,-0.080520,0.895724,0.910000,13.860000,-0.350000,1770369791.447814
0.468236,-0.089060,0.914024,1.470000,13.720000,-4.130000,1770369791.455787
0.464088,-0.089304,0.929152,-1.330000,14.070000,-1.680000,1770369791.463790
0.454572,-0.094916,0.938180,2.800000,13.790000,-3.710000,1770369791.471798
0.445544,-0.098576,0.939400,0.350000,14.140000,-0.140000,1770369791.479895
0.437492,-0.104676,0.944768,2.800000,13.650000,-3.290000,1770369791.487801
0.429440,-0.107604,0.950868,1.540000,14.490000,-1.120000,1770369791.495766
0.424072,-0.097356,0.958676,1.750000,12.810000,-3.150000,1770369791.503789
0.418948,-0.094184,0.966972,2.660000,10.080000,-0.140000,1770369791.511896
0.408456,-0.090768,0.972096,1.750000,9.870000,-2.170000,1770369791.519778
0.395768,-0.092964,0.978440,3.290000,9.100000,-1.400000,1770369791.527783
0.387716,-0.094672,0.977952,3.080000,7.000000,-1.820000,1770369791.535783
0.381372,-0.099796,0.979416,1.540000,4.270000,-3.010000,1770369791.543933
0.371612,-0.103456,0.977464,2.450000,2.030000,-5.320000,1770369791.551791
0.370392,-0.108336,0.968924,2.800000,-0.560000,-5.180000,1770369791.559790
0.376004,-0.109068,0.965508,2.100000,-3.640000,-5.530000,1770369791.567784
0.391620,-0.104920,0.977952,3.150000,-5.880000,-9.240000,1770369791.575780
0.407480,-0.096624,0.985516,-0.420000,-7.770000,-7.070000,1770369791.583891
0.421632,-0.089548,0.981368,0.420000,-9.660000,-9.450000,1770369791.591816
0.431148,-0.086620,0.967704,1.960000,-9.520000,-4.760000,1770369791.599784
0.442372,-0.085888,0.958432,0.210000,-9.660000,-6.160000,1770369791.607786
0.452864,-0.087108,0.948428,-0.350000,-10.010000,-7.280000,1770369791.615949
0.464088,-0.087596,0.938180,-2.240000,-9.240000,-5.950000,1770369791.623774
0.469700,-0.082716,0.935008,-2.030000,-9.100000,-9.730000,1770369791.631786
0.475312,-0.086864,0.934764,-2.660000,-7.840000,-6.790000,1770369791.639781
0.477752,-0.088328,0.924272,-2.800000,-7.000000,-6.090000,1770369791.647793
0.477264,-0.090280,0.921588,-0.700000,-5.530000,-7.980000,1770369791.655878
0.475556,-0.093940,0.920368,-3.010000,-3.850000,-8.330000,1770369791.663826
0.472872,-0.091744,0.919880,-1.120000,-5.040000,-7.350000,1770369791.671806
0.470432,-0.093208,0.917440,-3.150000,-3.640000,-5.600000,1770369791.679822
0.467992,-0.087352,0.913048,-1.890000,-4.200000,-4.830000,1770369791.687847
0.469944,-0.079056,0.911096,-2.030000,-4.200000,-7.000000,1770369791.695770
0.468236,-0.075152,0.909144,-3.990000,-4.200000,-5.880000,1770369791.703860
0.465064,-0.077592,0.904752,-3.220000,-4.340000,-6.090000,1770369791.711778
0.469944,-0.075640,0.905240,-1.330000,-2.870000,-5.880000,1770369791.719802
0.470432,-0.073444,0.909144,-3.360000,-3.080000,-5.950000,1770369791.727788
0.467504,-0.071980,0.908656,-1.750000,-0.770000,-7.630000,1770369791.735785
0.468480,-0.074664,0.906460,-4.900000,0.000000,-6.300000,1770369791.743870
0.470188,-0.078080,0.900360,-1.680000,-1.050000,-9.100000,1770369791.751786
0.467016,-0.079056,0.898164,-2.590000,0.560000,-6.650000,1770369791.759797
0.466772,-0.074908,0.897920,-0.910000,0.560000,-7.210000,1770369791.767786
0.467260,-0.071004,0.912316,0.070000,0.210000,-6.860000,1770369791.775782
0.467504,-0.067100,0.923052,-1.890000,0.770000,-6.440000,1770369791.783926
0.466528,-0.065392,0.927688,-2.240000,0.350000,-6.440000,1770369791.791785
0.463356,-0.064660,0.931592,-1.890000,-0.910000,-5.390000,1770369791.799784
0.461404,-0.067100,0.931592,-1.960000,-0.140000,-4.620000,1770369791.807798
0.461648,-0.071492,0.925736,-0.770000,-0.490000,-5.530000,1770369791.815877
0.460428,-0.078812,0.925736,-3.990000,0.350000,-5.320000,1770369791.823786
0.461160,-0.080276,0.928664,0.350000,-0.140000,-5.320000,1770369791.831799
0.463356,-0.079788,0.932324,-1.750000,0.420000,-6.580000,1770369791.839808
0.465552,-0.076860,0.937204,0.700000,0.280000,-5.320000,1770369791.847781
0.462380,-0.072712,0.934032,0.000000,0.350000,-7.210000,1770369791.855783
0.462868,-0.069052,0.935252,-1.890000,-0.140000,-2.030000,1770369791.863797
0.462624,-0.064660,0.936228,1.120000,-0.700000,-5.530000,1770369791.871923
0.466772,-0.058804,0.936716,-1.330000,-1.120000,-3.360000,1770369791.879804
0.469456,-0.058316,0.934276,-1.260000,-1.680000,-4.130000,1770369791.887844
0.468236,-0.058560,0.932568,-0.210000,-1.820000,-4.550000,1770369791.895768
0.469944,-0.062708,0.926956,-2.240000,-0.980000,-2.380000,1770369791.903790
0.466528,-0.062708,0.922076,1.120000,-1.890000,-4.620000,1770369791.911842
0.465552,-0.061976,0.925492,0.980000,-0.210000,-4.970000,1770369791.920345
0.469944,-0.061244,0.930128,0.980000,0.210000,-1.960000,1770369791.927793
0.467748,-0.061488,0.939400,2.800000,-0.910000,-3.850000,1770369791.935815
0.472140,-0.061488,0.937448,0.210000,-0.560000,-1.050000,1770369791.943809
0.468724,-0.053924,0.942572,1.540000,-1.120000,-2.030000,1770369791.952018
0.467992,-0.049044,0.946232,2.030000,-1.680000,-1.610000,1770369791.959784
0.462136,-0.045140,0.944524,1.540000,-1.750000,-0.560000,1770369791.967791
0.459696,-0.048068,0.932080,-0.070000,-1.680000,-2.800000,1770369791.975782
0.455060,-0.055632,0.924272,-1.750000,-2.240000,-0.910000,1770369791.983814
0.452864,-0.053192,0.920612,0.210000,-1.890000,-0.980000,1770369791.991790
0.450668,-0.058560,0.920368,0.910000,-2.660000,-2.450000,1770369791.999789
0.452620,-0.061000,0.922320,2.030000,-1.890000,0.770000,1770369792.007788
0.453596,-0.058072,0.922564,0.490000,-3.220000,-1.120000,1770369792.015828
0.455060,-0.056608,0.922564,0.070000,-3.850000,-0.210000,1770369792.023784
0.453108,-0.053924,0.923784,0.630000,-4.480000,-1.960000,1770369792.031800
0.454816,-0.051728,0.925004,-0.210000,-4.130000,-0.840000,1770369792.039783
0.454816,-0.049044,0.923052,0.420000,-4.130000,0.210000,1770369792.047784
0.459940,-0.045140,0.920856,3.010000,-5.530000,-1.610000,1770369792.055789
0.465308,-0.047092,0.923296,-0.210000,-6.440000,-1.400000,1770369792.063879
0.467748,-0.042700,0.922320,1.330000,-5.740000,-4.060000,1770369792.072527
0.472872,-0.039528,0.919880,0.350000,-4.900000,0.420000,1770369792.079960
0.472384,-0.041236,0.914756,2.310000,-5.390000,-1.400000,1770369792.087808
0.475312,-0.039040,0.913292,1.050000,-6.300000,-0.140000,1770369792.095870
0.480924,-0.037576,0.915732,-0.560000,-3.990000,-3.080000,1770369792.103797
0.480680,-0.039284,0.915488,1.750000,-5.530000,0.350000,1770369792.111789
0.483364,-0.041968,0.920124,1.190000,-4.760000,-3.360000,1770369792.119811
0.488244,-0.040260,0.921100,0.350000,-3.850000,0.210000,1770369792.127767
0.487024,-0.040748,0.923296,0.140000,-3.220000,-0.560000,1770369792.135942
0.485316,-0.041480,0.923296,1.120000,-2.310000,-0.490000,1770369792.143776
0.483608,-0.041480,0.923540,1.120000,-2.030000,0.420000,1770369792.151779
0.484340,-0.042456,0.925248,1.330000,-1.330000,-0.490000,1770369792.159761
0.480680,-0.040748,0.928420,2.030000,-1.540000,0.770000,1770369792.167775
0.484096,-0.041724,0.930128,0.420000,-2.100000,-1.260000,1770369792.175805
0.485316,-0.041724,0.928176,-0.210000,-1.680000,0.420000,1770369792.184039
0.482632,-0.039284,0.925004,0.350000,0.350000,-1.260000,1770369792.191792
0.483608,-0.038796,0.924272,0.350000,-0.490000,-0.420000,1770369792.199789
0.486048,-0.033184,0.925004,-0.420000,0.700000,0.420000,1770369792.207777
0.483364,-0.030988,0.935252,-1.820000,0.910000,-2.170000,1770369792.215814
0.482144,-0.036844,0.931836,-2.240000,1.190000,-1.260000,1770369792.223795
0.481900,-0.034404,0.931348,-1.540000,1.960000,0.000000,1770369792.231877
0.486292,-0.037576,0.933544,-1.190000,1.750000,-0.210000,1770369792.239780
0.476288,-0.036844,0.928908,0.210000,3.080000,2.450000,1770369792.247777
0.475068,-0.041724,0.929152,-0.350000,2.170000,0.070000,1770369792.255778
0.474092,-0.048312,0.926224,-2.240000,1.540000,-1.470000,1770369792.263861
0.472140,-0.049044,0.924516,-0.630000,2.310000,-0.140000,1770369792.271808
0.471408,-0.053680,0.927444,-0.700000,2.520000,-0.140000,1770369792.279776
0.474580,-0.059048,0.924028,0.700000,1.540000,0.560000,1770369792.287799
0.471896,-0.057096,0.924516,-0.770000,1.190000,-1.680000,1770369792.295800
0.473604,-0.057828,0.929152,0.210000,3.220000,-0.140000,1770369792.303899
0.474336,-0.057584,0.935496,1.120000,2.100000,0.770000,1770369792.311777
0.468724,-0.054900,0.936472,-0.980000,2.870000,-1.680000,1770369792.319778
0.460184,-0.060756,0.930616,-1.260000,3.150000,2.100000,1770369792.327779
0.454816,-0.066856,0.924760,-0.210000,3.570000,-2.940000,1770369792.335815
0.447496,-0.065636,0.921100,-0.210000,3.080000,-0.910000,1770369792.343788
0.449936,-0.065636,0.924516,-0.770000,2.450000,-1.820000,1770369792.351782
0.450668,-0.060756,0.926468,-0.210000,3.850000,-1.820000,1770369792.359775
0.448716,-0.060512,0.922564,-0.210000,2.660000,-2.730000,1770369792.367778
0.445544,-0.060512,0.921832,1.680000,2.450000,-1.470000,1770369792.375770
0.447252,-0.061000,0.922320,-1.750000,1.890000,3.360000,1770369792.383797
0.440420,-0.061732,0.926468,1.680000,0.560000,-2.170000,1770369792.391814
0.440908,-0.056120,0.926224,0.560000,0.070000,2.590000,1770369792.399793
0.435052,-0.058316,0.928908,0.350000,-1.120000,-3.150000,1770369792.407820
0.435540,-0.056608,0.930372,2.240000,-0.560000,2.310000,1770369792.415782
0.432856,-0.051728,0.927444,-2.310000,0.560000,-1.330000,1770369792.423792
0.436028,-0.057340,0.924760,1.330000,-1.890000,-2.450000,1770369792.431789
0.441640,-0.058560,0.925248,0.070000,-0.770000,-2.590000,1770369792.439871
0.448472,-0.059048,0.927444,-0.210000,-2.660000,0.000000,1770369792.447816
0.455060,-0.058804,0.925736,0.350000,-2.590000,-2.590000,1770369792.455788
0.455060,-0.061732,0.918904,-1.680000,-1.540000,-0.910000,1770369792.463791
0.456524,-0.057584,0.924028,1.120000,-2.310000,-3.500000,1770369792.471787
0.457744,-0.054900,0.930860,-0.980000,-2.380000,-1.120000,1770369792.479898
0.453596,-0.053192,0.936716,0.560000,-1.120000,-1.260000,1770369792.487808
0.454572,-0.054168,0.938424,0.910000,-2.800000,-0.910000,1770369792.495804
0.450912,-0.055632,0.937204,-0.700000,-3.010000,-2.940000,1770369792.503861
0.454816,-0.057340,0.933056,0.420000,-2.870000,-3.150000,1770369792.511774
0.457256,-0.059780,0.935252,1.190000,-4.340000,-2.940000,1770369792.519820
0.460916,-0.059536,0.934520,-0.560000,-3.150000,-1.120000,1770369792.527798
0.466284,-0.063928,0.934276,0.210000,-3.010000,-3.990000,1770369792.535793
0.466040,-0.062220,0.932080,-2.240000,-2.450000,-1.330000,1770369792.543781
0.466772,-0.060268,0.924028,-0.910000,-3.010000,-3.360000,1770369792.551789
0.471408,-0.059048,0.927932,0.210000,-3.920000,-2.380000,1770369792.559797
0.470676,-0.059292,0.926956,-0.560000,-3.290000,-1.470000,1770369792.567928
0.474092,-0.059292,0.928420,0.140000,-1.890000,-1.260000,1770369792.575771
0.476044,-0.061244,0.928664,0.140000,-1.680000,-0.350000,1770369792.583786
0.475068,-0.062464,0.929884,-0.560000,-2.030000,-0.910000,1770369792.591804
0.473360,-0.059536,0.928420,-1.050000,-1.470000,-1.120000,1770369792.599789
0.466772,-0.058804,0.925492,-0.350000,-1.330000,-1.820000,1770369792.607936
0.470188,-0.057828,0.929152,-0.140000,-1.330000,-1.820000,1770369792.615797
0.465064,-0.061488,0.929884,-1.540000,-0.350000,-0.910000,1770369792.623771
0.463844,-0.058072,0.930616,-0.140000,-1.260000,-3.010000,1770369792.631795
0.462624,-0.058804,0.932080,-0.770000,-0.980000,-0.560000,1770369792.639874
0.461892,-0.058560,0.927200,-0.560000,-1.330000,-3.290000,1770369792.647829
0.460184,-0.058804,0.922320,0.000000,-2.100000,-2.940000,1770369792.655807
0.459696,-0.059536,0.926468,-2.100000,-0.770000,-2.380000,1770369792.663785
0.464088,-0.058804,0.922076,-0.420000,-2.450000,-2.590000,1770369792.672016
0.464088,-0.060024,0.922808,-1.120000,-1.750000,-2.380000,1770369792.679791
0.468236,-0.061732,0.925736,-0.210000,-1.890000,-1.400000,1770369792.687801
0.474824,-0.062220,0.929640,-0.350000,-1.540000,-1.890000,1770369792.695879
0.473604,-0.057584,0.932568,-0.350000,-0.210000,-0.490000,1770369792.703814
0.472628,-0.058804,0.929396,-0.210000,0.070000,-2.520000,1770369792.711784
0.470920,-0.059048,0.927200,-0.980000,-0.350000,-0.140000,1770369792.719813
0.467016,-0.057828,0.921344,0.560000,0.770000,-4.200000,1770369792.727835
0.464088,-0.055388,0.920124,-0.770000,-0.910000,-0.840000,1770369792.735781
0.460916,-0.058560,0.925736,-1.330000,0.000000,-2.940000,1770369792.743781
0.462380,-0.054412,0.922076,-0.350000,-0.350000,-2.590000,1770369792.751769
0.464088,-0.056364,0.927688,-1.120000,-0.070000,-2.590000,1770369792.759808
0.463600,-0.056852,0.926712,-1.750000,0.210000,-1.260000,1770369792.767794
0.466284,-0.059048,0.925004,0.910000,-1.540000,-0.630000,1770369792.775790
0.462624,-0.062220,0.927932,-3.360000,-0.140000,-3.290000,1770369792.783781
0.467260,-0.062464,0.930372,-0.350000,0.560000,-2.030000,1770369792.791846
0.464088,-0.063928,0.932080,0.210000,-0.980000,-1.610000,1770369792.799864
0.466772,-0.063440,0.929152,-0.770000,-1.330000,-1.330000,1770369792.807791
0.463356,-0.066856,0.923540,-0.070000,-1.820000,-0.770000,1770369792.815784
0.461648,-0.067832,0.921344,-1.120000,-0.980000,-1.960000,1770369792.823883
0.464332,-0.068320,0.925492,0.350000,-1.120000,-0.490000,1770369792.831805
0.462624,-0.061000,0.924516,0.000000,-0.560000,0.070000,1770369792.839801
0.463356,-0.058804,0.925736,0.770000,0.140000,-2.730000,1770369792.847785
0.467992,-0.056120,0.923052,0.000000,-0.770000,-2.030000,1770369792.855780
0.462380,-0.057340,0.924760,-0.770000,-0.210000,-1.960000,1770369792.863845
0.468236,-0.054412,0.927200,0.910000,-1.330000,-1.890000,1770369792.871800
0.467260,-0.053924,0.930860,0.700000,-1.190000,-0.350000,1770369792.879782
0.463356,-0.055388,0.929640,0.210000,0.420000,-0.210000,1770369792.887881
0.460672,-0.059780,0.931348,-0.070000,-0.210000,-0.560000,1770369792.895771
0.458476,-0.059536,0.928420,-2.940000,-0.980000,-1.050000,1770369792.903787
0.459696,-0.063684,0.929884,1.680000,-0.070000,-2.730000,1770369792.911772
0.460916,-0.061732,0.924760,-0.770000,-0.980000,-1.960000,1770369792.919791
0.459208,-0.062708,0.924272,1.330000,-1.470000,0.560000,1770369792.927868
0.461160,-0.062464,0.923540,-0.210000,-1.120000,-1.820000,1770369792.935804
0.461892,-0.060512,0.926956,0.140000,-1.890000,-0.490000,1770369792.943782
0.461404,-0.055388,0.927444,1.680000,-1.330000,-1.680000,1770369792.951786
0.462380,-0.053436,0.926468,0.560000,-1.540000,-0.210000,1770369792.959786
0.461404,-0.050508,0.927200,0.770000,-1.680000,-0.210000,1770369792.967809
0.460428,-0.053924,0.929152,-0.420000,-1.190000,0.000000,1770369792.975787
0.465552,-0.051972,0.932568,-2.030000,-1.890000,0.350000,1770369792.983822
0.464576,-0.053436,0.934276,-0.140000,-1.750000,-2.310000,1770369792.991806
0.467504,-0.055632,0.934764,-0.980000,-2.240000,0.980000,1770369792.999792
0.463356,-0.057584,0.933300,0.140000,-2.660000,1.260000,1770369793.007786
0.464088,-0.057096,0.930372,0.210000,-2.240000,-0.700000,1770369793.015883
0.467016,-0.058072,0.929640,-1.330000,-3.430000,0.630000,1770369793.023857
0.467016,-0.059536,0.922320,1.330000,-3.010000,-2.030000,1770369793.031798
0.470920,-0.060512,0.919148,-0.140000,-2.240000,1.120000,1770369793.039785
0.470676,-0.062952,0.919880,1.330000,-2.800000,-0.280000,1770369793.047781
0.475068,-0.061976,0.920856,0.910000,-2.100000,0.700000,1770369793.055809
0.474336,-0.060024,0.924760,-1.470000,-2.520000,-0.350000,1770369793.063891
0.474092,-0.057340,0.926224,1.330000,-1.330000,0.210000,1770369793.071924
0.473848,-0.054656,0.922320,2.450000,-1.190000,0.140000,1770369793.079817
0.468968,-0.059048,0.922808,1.470000,-1.680000,1.470000,1770369793.087916
0.466528,-0.057340,0.922076,0.350000,-1.750000,0.000000,1770369793.095789
0.465796,-0.058804,0.919636,-1.330000,-1.470000,0.910000,1770369793.103786
0.465064,-0.059292,0.920368,1.890000,-1.540000,0.350000,1770369793.111792
0.461404,-0.060024,0.924516,-0.070000,-1.330000,-0.280000,1770369793.119937
0.465552,-0.055876,0.924516,1.890000,-0.910000,1.680000,1770369793.127770
0.463356,-0.055876,0.927688,1.330000,-2.100000,0.560000,1770369793.135773
0.467504,-0.056608,0.926468,-1.540000,-2.870000,-0.700000,1770369793.143773
0.468968,-0.056364,0.923052,2.870000,-2.870000,-0.840000,1770369793.151774
0.468724,-0.054412,0.921100,1.470000,-2.660000,-1.470000,1770369793.159777
0.468236,-0.053680,0.921344,0.700000,-1.540000,0.350000,1770369793.167803
0.467748,-0.057096,0.924028,1.190000,-1.540000,-1.680000,1770369793.175926
0.471164,-0.055144,0.926468,0.140000,-1.120000,0.420000,1770369793.183765
0.471896,-0.050752,0.927932,1.890000,-1.960000,-0.770000,1770369793.192285
0.472384,-0.052948,0.929640,0.490000,-1.750000,0.910000,1770369793.199779
0.471408,-0.053192,0.927200,1.400000,-3.570000,1.890000,1770369793.207821
0.471896,-0.054168,0.922320,-0.910000,-3.290000,0.910000,1770369793.215915
0.473360,-0.054900,0.922564,-1.820000,-2.100000,1.470000,1770369793.223775
0.474336,-0.056608,0.921832,2.870000,-2.520000,-1.120000,1770369793.231778
0.479216,-0.053436,0.919636,-0.630000,-1.330000,0.980000,1770369793.239777
0.477020,-0.056852,0.921100,0.980000,-2.100000,2.100000,1770369793.247774
0.477020,-0.057584,0.924028,1.400000,-0.910000,0.420000,1770369793.255757
0.476288,-0.055388,0.923540,-1.470000,-0.420000,1.190000,1770369793.263778
0.478240,-0.054168,0.922320,0.140000,-1.470000,0.420000,1770369793.271813
0.471164,-0.050508,0.923540,0.700000,0.000000,-0.910000,1770369793.279802
0.470676,-0.050996,0.924272,1.470000,-0.910000,0.840000,1770369793.287775
0.469700,-0.048800,0.926224,0.000000,-0.980000,-0.140000,1770369793.295788
0.463356,-0.049776,0.925980,-0.070000,-0.210000,0.910000,1770369793.303864
0.467260,-0.054900,0.931104,0.700000,-1.470000,-1.610000,1770369793.311780
0.467016,-0.058804,0.929152,0.140000,-0.630000,0.280000,1770369793.319776
0.466284,-0.061000,0.926956,-1.120000,-1.540000,1.330000,1770369793.327776
0.467748,-0.061732,0.926712,-0.560000,-1.680000,-0.630000,1770369793.335814
0.467748,-0.062464,0.925736,1.050000,-0.910000,-0.140000,1770369793.343783
0.470188,-0.062952,0.925736,0.770000,-1.190000,-1.470000,1770369793.351778
0.471164,-0.056852,0.924516,0.560000,-2.100000,-1.680000,1770369793.359769
0.473848,-0.057584,0.925736,0.980000,-1.470000,-0.840000,1770369793.367863
0.471408,-0.054900,0.923784,1.330000,-1.890000,-0.350000,1770369793.375785
0.471164,-0.051972,0.921100,-1.330000,-2.870000,2.450000,1770369793.383788
0.474336,-0.051972,0.923296,0.700000,-2.450000,-0.140000,1770369793.391808
0.472872,-0.052704,0.925980,0.140000,-0.910000,-0.070000,1770369793.399798
0.470676,-0.050020,0.922320,0.420000,-1.120000,-0.910000,1770369793.407786
0.470188,-0.054412,0.922808,1.680000,-1.050000,0.420000,1770369793.415786
0.471896,-0.054656,0.918172,-2.030000,-0.420000,-2.800000,1770369793.423790
0.470676,-0.055144,0.923052,0.000000,-0.980000,-0.490000,1770369793.431849
0.471652,-0.054900,0.922320,0.350000,-0.910000,-3.710000,1770369793.439782
0.470676,-0.053680,0.924760,0.140000,-1.330000,2.030000,1770369793.447782
0.472140,-0.052460,0.923296,0.490000,-1.540000,-0.560000,1770369793.455806
0.472140,-0.053436,0.921100,-1.330000,-1.120000,0.700000,1770369793.463907
0.474336,-0.054656,0.917440,-0.980000,-2.170000,-2.590000,1770369793.471780
0.473360,-0.052948,0.918660,-0.350000,-0.910000,-2.030000,1770369793.479789
0.472628,-0.054900,0.920612,-1.120000,-1.120000,-0.490000,1770369793.487901
0.476044,-0.055144,0.925248,0.700000,-0.210000,-2.030000,1770369793.495835
0.471896,-0.053192,0.925980,-1.890000,-0.210000,-0.350000,1770369793.503800
0.469944,-0.052460,0.924760,0.210000,-1.120000,-3.710000,1770369793.511785
0.469456,-0.053680,0.925980,0.770000,-1.470000,-0.700000,1770369793.519865
0.469456,-0.054168,0.924760,0.770000,-0.070000,-0.350000,1770369793.527815
0.468724,-0.054900,0.924028,0.560000,-0.560000,-2.240000,1770369793.535921
0.470920,-0.054168,0.925980,-1.890000,0.000000,0.350000,1770369793.543777
0.474336,-0.055388,0.924760,1.540000,-1.330000,-1.890000,1770369793.551780
0.475800,-0.053436,0.923784,-1.680000,-1.120000,-0.910000,1770369793.559811
0.472872,-0.052704,0.920124,0.350000,-0.770000,-0.210000,1770369793.567859
0.476532,-0.055388,0.923296,-0.770000,-1.120000,-1.820000,1770369793.575789
0.476044,-0.055144,0.922808,-2.240000,0.980000,-0.910000,1770369793.583785
0.473848,-0.049288,0.925980,0.910000,-0.700000,-1.820000,1770369793.591823
0.471896,-0.054412,0.922320,-0.840000,0.070000,-0.560000,1770369793.599870
0.473360,-0.056608,0.923296,-0.700000,-0.210000,-2.940000,1770369793.607785
0.470676,-0.056608,0.919392,0.910000,0.350000,-1.750000,1770369793.615779
0.468236,-0.057340,0.925004,-0.210000,0.350000,-1.120000,1770369793.623767
0.469700,-0.055632,0.926712,-0.420000,0.630000,-1.470000,1770369793.631794
0.468968,-0.054900,0.924028,1.540000,-0.980000,-1.470000,1770369793.639847
0.465796,-0.055632,0.921832,0.560000,0.910000,-1.610000,1770369793.647786
0.468480,-0.055876,0.920612,0.140000,0.350000,-1.120000,1770369793.655789
0.467260,-0.056852,0.921100,-1.470000,0.770000,-0.140000,1770369793.663816
0.461648,-0.053192,0.925736,-0.350000,0.000000,-3.150000,1770369793.671875
0.464088,-0.050996,0.925736,-0.980000,0.910000,0.700000,1770369793.679788
0.464332,-0.048068,0.925736,-0.070000,-1.120000,-1.260000,1770369793.687779
0.465796,-0.048068,0.926956,0.980000,-1.470000,0.000000,1770369793.695928
0.466284,-0.049044,0.932812,-1.540000,-0.770000,-1.470000,1770369793.703794
0.474092,-0.047824,0.929152,0.000000,-1.890000,-1.120000,1770369793.711792
0.473604,-0.050508,0.926956,-0.700000,-1.330000,-1.260000,1770369793.719796
0.472384,-0.054656,0.921832,0.000000,-1.120000,-2.590000,1770369793.727788
0.470188,-0.057584,0.917928,0.560000,-0.980000,-1.120000,1770369793.735831
0.468968,-0.054168,0.917196,-1.260000,-0.140000,-1.680000,1770369793.743781
0.468968,-0.050996,0.920124,0.490000,-1.540000,-1.820000,1770369793.751784
0.468236,-0.052216,0.919392,0.910000,-1.190000,-1.890000,1770369793.759795
0.468724,-0.050752,0.919636,0.350000,-1.120000,-1.610000,1770369793.767841
0.469212,-0.052704,0.917928,0.210000,-1.330000,-1.610000,1770369793.775775
0.471896,-0.051484,0.918416,-1.120000,-1.750000,-1.120000,1770369793.783787
0.476044,-0.051484,0.920856,0.770000,-0.770000,-3.080000,1770369793.791870
0.473360,-0.052460,0.923784,-1.050000,-0.910000,-2.730000,1770369793.799927
0.474336,-0.051728,0.919636,0.560000,-1.330000,-0.560000,1770369793.807785
0.475068,-0.053192,0.920368,0.980000,0.210000,-0.700000,1770369793.815783
0.475312,-0.053680,0.921588,-0.770000,-0.350000,-0.210000,1770369793.823871
0.473360,-0.053680,0.925492,0.420000,-1.890000,-0.700000,1770369793.831810
0.473116,-0.055876,0.925248,0.700000,-1.680000,-0.910000,1770369793.839793
0.467992,-0.055144,0.927200,2.240000,-1.890000,-0.350000,1770369793.847786
0.472384,-0.054412,0.928664,0.560000,-1.750000,-0.910000,1770369793.855833
0.471652,-0.057096,0.932568,-0.770000,-1.540000,-1.400000,1770369793.863791
0.468480,-0.057584,0.929396,0.070000,-2.590000,0.350000,1770369793.871770
0.468480,-0.060756,0.924272,-0.770000,-2.310000,-2.590000,1770369793.879823
0.468480,-0.060756,0.921100,0.910000,-2.870000,1.330000,1770369793.887816
0.469944,-0.059536,0.920124,-2.310000,-2.240000,-2.520000,1770369793.895892
0.473848,-0.060512,0.920856,0.490000,-2.660000,1.680000,1770369793.903792
0.476532,-0.057340,0.917440,0.770000,-2.800000,-1.120000,1770369793.911808
0.480680,-0.053924,0.916220,0.770000,-2.590000,-2.380000,1770369793.919822
0.483364,-0.051728,0.915000,1.470000,-2.240000,0.700000,1770369793.927779
0.482388,-0.050996,0.918660,1.330000,-1.680000,-1.260000,1770369793.935780
0.482388,-0.049532,0.921588,-0.910000,-0.700000,0.980000,1770369793.943816
0.480436,-0.053680,0.923540,1.820000,-0.210000,-1.330000,1770369793.951774
0.478484,-0.051240,0.924760,0.350000,-0.210000,0.280000,1770369793.959789
0.474336,-0.051972,0.922320,0.980000,0.210000,-1.260000,1770369793.967785
0.471652,-0.053436,0.922808,1.540000,-0.140000,-1.470000,1770369793.975782
0.471896,-0.054168,0.923296,-0.910000,0.070000,-1.470000,1770369793.983807
0.469944,-0.051484,0.926468,1.330000,0.910000,-2.240000,1770369793.991810
0.470676,-0.055144,0.928176,1.540000,0.000000,-2.240000,1770369793.999803
0.472140,-0.051972,0.929396,0.980000,1.120000,-0.490000,1770369794.007931
0.469456,-0.049776,0.927200,0.000000,-0.560000,-0.560000,1770369794.015784
0.467992,-0.048556,0.923052,-1.120000,-0.560000,-2.310000,1770369794.023781
0.469212,-0.049532,0.919636,1.680000,-2.100000,-1.470000,1770369794.031791
0.471164,-0.051240,0.921588,0.350000,-0.910000,-1.400000,1770369794.039781
0.468236,-0.050996,0.920124,0.700000,-1.680000,0.420000,1770369794.047857
0.467504,-0.053436,0.918416,0.700000,-1.680000,-1.750000,1770369794.055785
0.468236,-0.050996,0.925248,-0.770000,-1.540000,-0.910000,1770369794.063891
0.468236,-0.052216,0.927932,0.420000,-2.100000,-2.380000,1770369794.071881
0.471164,-0.054656,0.926224,0.140000,-2.310000,0.070000,1770369794.079815
0.470676,-0.056364,0.919636,-0.070000,-2.870000,-0.840000,1770369794.087787
0.471408,-0.059292,0.919880,-0.070000,-2.660000,-0.910000,1770369794.095824
0.473604,-0.060512,0.918416,-1.470000,-1.540000,-0.910000,1770369794.103773
0.474824,-0.058560,0.918904,0.000000,-2.520000,-3.640000,1770369794.111796
0.479460,-0.057584,0.917440,0.210000,-1.890000,-2.030000,1770369794.119770
0.484340,-0.056852,0.924028,-0.770000,-1.890000,0.420000,1770369794.127767
0.486048,-0.051972,0.924028,0.980000,-1.190000,-1.540000,1770369794.135788
0.484340,-0.053924,0.926224,-1.540000,0.070000,-2.380000,1770369794.143882
0.482144,-0.052216,0.923296,0.210000,0.560000,-0.350000,1770369794.151807
0.480192,-0.054412,0.922564,0.770000,0.280000,-0.700000,1770369794.159779
0.470920,-0.053924,0.918904,1.260000,-0.770000,-3.500000,1770369794.167777
0.472872,-0.055632,0.917684,0.560000,-0.910000,0.700000,1770369794.175776
0.473360,-0.052948,0.925736,-0.210000,-0.350000,-2.240000,1770369794.183783
0.476776,-0.051240,0.925004,0.770000,-0.980000,0.070000,1770369794.191828
0.477264,-0.050996,0.924516,0.210000,-0.980000,-1.330000,1770369794.199778
0.477752,-0.050020,0.926224,-0.210000,-1.540000,0.980000,1770369794.207767
0.476532,-0.052948,0.922808,0.000000,-0.210000,-1.960000,1770369794.215825
0.475556,-0.053192,0.919148,-2.030000,0.000000,0.140000,1770369794.223782
0.474092,-0.050996,0.919148,0.350000,-0.770000,-2.170000,1770369794.231782
0.472140,-0.055144,0.921832,0.630000,0.210000,-0.910000,1770369794.239802
0.473116,-0.051972,0.926224,-0.630000,0.350000,-0.140000,1770369794.247871
0.474336,-0.050264,0.929640,2.310000,-0.770000,0.210000,1770369794.255785
0.476776,-0.050264,0.927932,-1.120000,0.000000,-0.910000,1770369794.263779
0.475312,-0.051484,0.930372,1.330000,0.000000,-2.170000,1770369794.271780
0.478240,-0.048556,0.927444,0.070000,0.350000,-2.940000,1770369794.279779
0.478484,-0.051972,0.928908,0.770000,-0.350000,-1.680000,1770369794.287785
0.482876,-0.052948,0.932568,-1.120000,0.420000,-3.290000,1770369794.296106
0.488488,-0.050020,0.940132,-2.030000,0.980000,0.210000,1770369794.303767
0.491172,-0.047580,0.942572,0.000000,2.240000,-2.030000,1770369794.311808
0.494100,-0.043432,0.939888,-0.210000,3.570000,-1.680000,1770369794.319861
0.494588,-0.043432,0.938668,-2.870000,3.220000,0.980000,1770369794.327775
0.497028,-0.047092,0.933300,-4.130000,5.460000,-4.760000,1770369794.335776
0.499224,-0.056852,0.927200,-3.220000,5.740000,-1.330000,1770369794.343802
0.503860,-0.066368,0.921832,-3.570000,7.350000,-3.570000,1770369794.351784
0.503128,-0.074176,0.918172,-3.990000,9.730000,-2.380000,1770369794.359777
0.504348,-0.075396,0.918172,-5.810000,9.940000,-1.120000,1770369794.367772
0.499956,-0.080276,0.914512,-4.900000,11.550000,-2.170000,1770369794.375767
0.500444,-0.081984,0.910120,-7.350000,11.410000,0.210000,1770369794.383803
0.501176,-0.076128,0.910608,-5.110000,11.200000,0.210000,1770369794.391793
0.503128,-0.071980,0.918660,-5.250000,11.760000,0.000000,1770369794.399784
0.496784,-0.066856,0.924760,-6.230000,13.300000,0.560000,1770369794.407805
0.498492,-0.062708,0.929152,-6.440000,13.650000,-0.280000,1770369794.415783
0.494588,-0.065636,0.928420,-7.350000,16.030001,0.840000,1770369794.423837
0.490684,-0.070272,0.929884,-6.020000,16.660000,-0.350000,1770369794.431784
0.484340,-0.069296,0.934276,-7.560000,18.830000,-0.350000,1770369794.439786
0.477752,-0.071980,0.943060,-6.580000,18.830000,1.680000,1770369794.447825
0.473360,-0.071492,0.950380,-8.820000,17.360001,-1.190000,1770369794.455818
0.469212,-0.077592,0.951600,-9.590000,18.620001,0.910000,1770369794.463782
0.463112,-0.081252,0.947452,-7.700000,17.150000,-0.490000,1770369794.471781
0.463112,-0.084424,0.946720,-8.190000,15.260000,-1.330000,1770369794.479800
0.465552,-0.088816,0.945988,-9.030000,14.980000,-1.960000,1770369794.487933
0.464576,-0.080276,0.939156,-9.450000,14.280000,-1.610000,1770369794.495813
0.463600,-0.078568,0.937204,-10.010000,13.580000,-1.470000,1770369794.503771
0.470676,-0.076860,0.937936,-10.710000,12.740000,-3.710000,1770369794.511821
0.473604,-0.073444,0.938668,-10.290000,13.300000,-1.400000,1770369794.519862
0.474336,-0.079544,0.926956,-11.900000,13.580000,-1.610000,1770369794.527792
0.473360,-0.081252,0.921100,-12.880000,11.060000,-3.850000,1770369794.535781
0.479216,-0.085156,0.921100,-13.090000,13.090000,-2.730000,1770369794.543783
0.481900,-0.085644,0.925248,-11.410000,13.160000,-2.940000,1770369794.551788
0.482388,-0.081984,0.928664,-12.670000,14.140000,-3.150000,1770369794.559900
0.483120,-0.075884,0.928176,-12.460000,15.050000,0.630000,1770369794.567778
0.474336,-0.076372,0.922808,-13.230000,15.190000,-2.380000,1770369794.575781
0.469944,-0.074176,0.918416,-14.280000,16.240000,0.350000,1770369794.583782
0.462868,-0.074908,0.920612,-12.530000,17.290001,0.000000,1770369794.591778
0.456524,-0.074420,0.922808,-14.070000,18.129999,0.420000,1770369794.599807
0.449692,-0.076372,0.923540,-12.180000,18.059999,-0.210000,1770369794.607800
0.439200,-0.078324,0.926468,-13.440000,18.129999,2.590000,1770369794.615888
0.427732,-0.080032,0.931348,-15.120000,20.020000,1.330000,1770369794.623779
0.412848,-0.083448,0.929640,-13.090000,19.950001,2.100000,1770369794.631794
0.398208,-0.086864,0.927688,-15.190000,21.280001,4.690000,1770369794.639784
0.382592,-0.101504,0.931348,-14.420000,21.139999,5.040000,1770369794.647811
0.369416,-0.113704,0.935496,-12.950000,21.139999,4.970000,1770369794.655928
0.356484,-0.127124,0.935496,-13.650000,20.230000,4.830000,1770369794.663782
0.347456,-0.134200,0.939156,-9.660000,18.059999,7.280000,1770369794.671885
0.340868,-0.142252,0.945256,-10.990000,15.120000,4.970000,1770369794.679784
0.338672,-0.153964,0.953796,-10.010000,14.420000,10.360000,1770369794.687828
0.330376,-0.156648,0.957456,-8.330000,11.340000,6.300000,1770369794.695840
0.330620,-0.160308,0.963312,-9.870000,8.540000,10.780000,1770369794.703855
0.337940,-0.163968,0.968924,-7.420000,5.670000,7.070000,1770369794.711776
0.345260,-0.161528,0.978928,-6.650000,3.220000,9.450000,1770369794.719785
0.353068,-0.158112,0.992104,-6.090000,0.980000,11.130000,1770369794.727781
0.361364,-0.148108,1.003816,-5.530000,0.490000,9.660000,1770369794.735806
0.366732,-0.138104,1.005524,-7.490000,-0.420000,11.550000,1770369794.743782
0.366244,-0.130784,0.999424,-5.250000,-1.540000,9.310000,1770369794.751788
0.365268,-0.124440,0.986248,-6.020000,-2.310000,12.810000,1770369794.759810
0.373320,-0.122000,0.979660,-6.020000,-4.410000,10.920000,1770369794.767782
0.386740,-0.117120,0.966484,-5.670000,-5.530000,10.500000,1770369794.775783
0.399184,-0.119316,0.952332,-7.140000,-5.670000,8.400000,1770369794.783780
0.409920,-0.114192,0.944524,-4.410000,-4.550000,8.540000,1770369794.791788
0.423584,-0.102968,0.936960,-6.230000,-3.360000,6.510000,1770369794.799907
0.423828,-0.096868,0.931104,-3.920000,-1.540000,9.310000,1770369794.807785
0.425536,-0.097844,0.928908,-4.340000,3.290000,6.160000,1770369794.815785
0.425536,-0.096380,0.923540,-5.740000,7.840000,5.740000,1770369794.823782
0.421388,-0.085888,0.928664,-2.380000,12.740000,5.110000,1770369794.831768
0.412360,-0.084668,0.937204,-3.780000,17.080000,3.780000,1770369794.840127
0.401624,-0.089060,0.948184,-6.300000,20.440001,3.220000,1770369794.847800
0.387228,-0.092720,0.951600,-5.250000,23.940001,2.800000,1770369794.855783
0.366244,-0.098332,0.950624,-6.370000,27.580000,4.410000,1770369794.863783
0.342820,-0.101016,0.941596,-4.900000,30.450001,2.380000,1770369794.871770
0.314028,-0.102724,0.933300,-4.760000,31.570000,6.300000,1770369794.879788
0.294996,-0.114436,0.932324,-2.310000,31.850000,6.720000,1770369794.887818
0.275720,-0.123708,0.935984,-2.590000,31.150000,6.720000,1770369794.895977
0.264252,-0.133712,0.949648,-3.080000,30.450001,4.270000,1770369794.903774
0.252052,-0.135176,0.962824,-0.560000,28.629999,4.130000,1770369794.911794
0.243024,-0.131760,0.976244,0.770000,26.250000,7.140000,1770369794.919807
0.238388,-0.127124,0.990152,1.960000,23.030001,6.720000,1770369794.927783
0.233996,-0.121268,1.002108,2.310000,19.809999,6.160000,1770369794.935869
0.237168,-0.112484,1.001620,-0.630000,17.219999,6.090000,1770369794.943789
0.239120,-0.113704,1.001376,-0.910000,13.860000,8.190000,1770369794.951790
0.245220,-0.113948,1.007232,0.140000,10.710000,6.860000,1770369794.959784
0.252296,-0.117120,1.016260,0.070000,7.210000,10.990000,1770369794.967834
0.264252,-0.115168,1.025288,0.560000,4.620000,7.630000,1770369794.975788
0.273768,-0.112728,1.031876,-1.120000,4.130000,11.760000,1770369794.983782
0.281576,-0.104432,1.038952,0.560000,2.310000,8.960000,1770369794.991781
0.288164,-0.099796,1.047980,0.490000,1.960000,10.570000,1770369794.999835
0.294264,-0.096380,1.044320,-0.560000,2.870000,10.920000,1770369795.007779
0.298168,-0.095404,1.038952,-0.350000,3.360000,9.870000,1770369795.015784
0.303780,-0.094672,1.031632,-1.330000,5.110000,10.360000,1770369795.023839
0.309148,-0.101504,1.022848,-0.210000,5.950000,8.400000,1770369795.031811
0.311588,-0.100284,1.006012,-1.120000,6.650000,9.240000,1770369795.039789
0.316956,-0.111508,0.995276,-0.840000,7.070000,6.370000,1770369795.047795
0.326228,-0.118584,0.988688,0.700000,6.090000,5.180000,1770369795.055785
0.325008,-0.123220,0.984540,0.000000,8.400000,3.220000,1770369795.063923
0.325252,-0.125416,0.977708,1.120000,11.270000,5.040000,1770369795.071934
0.315248,-0.127856,0.970632,0.350000,12.950000,5.040000,1770369795.079886
0.299632,-0.131028,0.960628,-0.770000,17.920000,5.250000,1770369795.087788
0.283528,-0.136640,0.965020,0.910000,18.830000,6.930000,1770369795.095796
0.259616,-0.145180,0.964288,-1.820000,20.580000,7.210000,1770369795.103779
0.240096,-0.155184,0.959652,0.910000,22.610001,6.370000,1770369795.111801
0.216916,-0.162504,0.948916,0.840000,21.139999,6.370000,1770369795.119895
0.199836,-0.169092,0.943792,0.910000,20.020000,8.400000,1770369795.127780
0.181292,-0.173728,0.945256,2.870000,17.360001,7.770000,1770369795.135780
0.166652,-0.174460,0.948672,2.800000,14.490000,9.450000,1770369795.143779
0.156648,-0.171044,0.962336,4.340000,11.200000,8.050000,1770369795.151812
0.148352,-0.165920,0.968680,3.360000,7.630000,10.780000,1770369795.159774
0.141520,-0.164456,0.971364,5.320000,2.800000,11.340000,1770369795.167772
0.140544,-0.163480,0.968436,4.830000,-1.960000,11.130000,1770369795.175771
0.142496,-0.160064,0.971608,4.200000,-5.530000,15.260000,1770369795.183774
0.151280,-0.157380,0.973072,5.460000,-12.110000,10.360000,1770369795.191921
0.162504,-0.156160,0.983564,4.200000,-13.860000,13.440000,1770369795.199803
0.179828,-0.150548,0.999912,5.460000,-16.940001,11.690000,1770369795.207769
0.196420,-0.149816,1.007476,4.410000,-18.620001,12.530000,1770369795.215775
0.211548,-0.148596,1.010160,4.550000,-19.670000,8.610000,1770369795.223765
0.230824,-0.150548,1.010160,5.180000,-22.400000,9.450000,1770369795.231809
0.245952,-0.153476,1.005280,5.530000,-23.170000,9.520000,1770369795.239804
0.262544,-0.153964,1.002596,7.210000,-23.170000,9.310000,1770369795.247785
0.274256,-0.152988,1.003816,7.420000,-23.730000,8.050000,1770369795.255885
0.291580,-0.152012,1.007232,4.970000,-22.120001,4.130000,1770369795.263798
0.305000,-0.153476,1.011380,6.230000,-20.650000,6.160000,1770369795.271778
0.312076,-0.152744,1.010892,6.510000,-18.549999,3.920000,1770369795.279776
0.314272,-0.148840,1.010160,6.020000,-17.219999,3.500000,1770369795.287772
0.318420,-0.147376,1.012844,6.370000,-16.870001,2.800000,1770369795.295829
0.321592,-0.148108,1.007720,4.200000,-14.490000,4.550000,1770369795.303775
0.318664,-0.147864,1.002596,5.670000,-12.180000,4.760000,1770369795.311788
0.318908,-0.149328,0.995764,6.300000,-12.460000,3.360000,1770369795.319774
0.313540,-0.150792,0.992104,3.570000,-10.780000,5.460000,1770369795.327773
0.308660,-0.156160,0.990884,4.200000,-10.780000,1.890000,1770369795.335770
0.305732,-0.156404,0.991128,4.760000,-11.760000,4.130000,1770369795.343945
0.303292,-0.154696,0.995764,4.550000,-10.290000,2.800000,1770369795.351777
0.302072,-0.152500,0.999424,4.620000,-9.450000,1.120000,1770369795.359779
0.303536,-0.151036,1.004060,4.690000,-10.850000,1.330000,1770369795.367774
0.300852,-0.147132,0.995276,4.690000,-11.270000,1.890000,1770369795.375767
0.299632,-0.144204,0.982832,4.130000,-10.360000,3.010000,1770369795.383791
0.304756,-0.142984,0.970876,4.760000,-11.410000,-0.210000,1770369795.391891
0.308416,-0.143960,0.967704,5.670000,-11.620000,2.310000,1770369795.400042
0.319152,-0.141520,0.965996,6.440000,-11.550000,-1.470000,1770369795.407781
0.327936,-0.138836,0.976000,7.910000,-9.730000,3.150000,1770369795.415836
0.333304,-0.132736,0.975024,7.070000,-10.780000,0.910000,1770369795.423944
0.334036,-0.134688,0.964776,6.230000,-9.660000,-0.280000,1770369795.431784
0.332816,-0.140544,0.951844,5.320000,-8.960000,0.350000,1770369795.439790
0.328912,-0.152500,0.930860,4.970000,-4.200000,-0.490000,1770369795.447818
0.323056,-0.173728,0.905728,5.530000,-1.400000,-3.010000,1770369795.455929
0.324276,-0.194224,0.887916,7.910000,1.540000,-2.520000,1770369795.463790
0.325008,-0.197640,0.900604,11.760000,5.320000,-2.520000,1770369795.471782
0.322812,-0.187148,0.939400,13.300000,6.230000,-1.470000,1770369795.479782
0.321348,-0.172020,0.993568,13.510000,6.440000,-2.940000,1770369795.487786
0.320128,-0.160552,1.039196,12.110000,5.670000,2.800000,1770369795.495944
0.313784,-0.150060,1.070916,6.650000,5.180000,2.450000,1770369795.503777
0.307440,-0.157380,1.080188,4.200000,2.660000,2.240000,1770369795.511791
0.307684,-0.167628,1.065060,0.910000,-0.980000,3.010000,1770369795.519776
0.308904,-0.193980,1.034316,2.660000,-3.780000,4.690000,1770369795.527846
0.312076,-0.214720,1.003084,4.760000,-9.450000,0.630000,1770369795.535790
0.317932,-0.232532,0.970144,4.550000,-12.880000,6.930000,1770369795.543780
0.327936,-0.252540,0.938424,7.560000,-14.980000,1.400000,1770369795.551816
0.347700,-0.268400,0.914756,10.220000,-17.500000,5.180000,1770369795.559801
0.365512,-0.277672,0.913292,10.780000,-18.270000,3.220000,1770369795.567788
0.386984,-0.285724,0.926712,12.740000,-16.870001,2.240000,1770369795.575783
0.402600,-0.288164,0.931836,13.510000,-16.379999,3.570000,1770369795.583829
0.413824,-0.302560,0.941596,17.850000,-13.720000,3.570000,1770369795.591788
0.435784,-0.297192,0.944768,18.690001,-12.950000,5.040000,1770369795.599812
0.454328,-0.292556,0.948672,19.530001,-13.440000,5.740000,1770369795.607779
0.477264,-0.302804,0.957944,19.740000,-13.090000,6.020000,1770369795.615817
0.494344,-0.290848,0.934276,20.719999,-11.620000,10.010000,1770369795.623779
0.526064,-0.280844,0.920612,22.049999,-11.620000,9.870000,1770369795.631785
0.544364,-0.269620,0.901336,22.049999,-8.190000,13.930000,1770369795.639802
0.556076,-0.243024,0.890112,18.690001,-2.310000,14.280000,1770369795.647923
0.551684,-0.225456,0.875960,16.100000,5.110000,13.790000,1770369795.655776
0.526064,-0.185196,0.828136,11.200000,17.850000,21.209999,1770369795.663780
0.502152,-0.137616,0.771040,10.990000,32.130001,16.870001,1770369795.671952
0.467504,-0.078080,0.722240,6.860000,46.759998,21.139999,1770369795.679774
0.411628,-0.012200,0.697108,0.980000,62.160000,18.969999,1770369795.687782
0.334768,0.041968,0.691496,-5.530000,80.989998,17.709999,1770369795.695784
0.271816,0.066856,0.734440,-17.780001,102.339996,18.200001,1770369795.703809
0.214720,0.083936,0.865712,-25.410000,122.430000,18.760000,1770369795.711820
0.137860,0.106384,1.029192,-38.990002,133.350006,16.240000,1770369795.719782
0.073444,0.114924,1.184376,-54.320000,135.380005,1.960000,1770369795.727784
-0.011468,0.089060,1.324676,-62.860001,128.660004,-1.820000,1770369795.735765
-0.103212,0.014396,1.422520,-66.360001,117.459999,-15.960000,1770369795.743827
-0.156648,-0.088328,1.457900,-60.410000,93.940002,-20.020000,1770369795.751789
-0.180316,-0.183976,1.432280,-44.869999,62.509998,-20.860001,1770369795.759783
-0.172996,-0.241560,1.407148,-30.520000,23.170000,-10.710000,1770369795.767781
-0.105408,-0.303780,1.430816,-11.200000,-20.510000,-4.480000,1770369795.775852
0.002196,-0.381128,1.500600,-2.380000,-53.340000,12.880000,1770369795.783775
0.139812,-0.443836,1.555500,14.770000,-72.940002,21.350000,1770369795.791768
0.270840,-0.469212,1.549888,25.200001,-73.150002,33.250000,1770369795.800058
0.366488,-0.428952,1.491816,32.200001,-58.869999,38.430000,1770369795.807795
0.427488,-0.342820,1.401536,28.420000,-29.049999,46.410000,1770369795.815789
0.433100,-0.254004,1.292956,11.550000,6.860000,56.279999,1770369795.823785
0.379908,-0.170800,1.176324,-2.520000,43.820000,64.610001,1770369795.831796
0.276940,-0.120780,1.074088,-18.200001,76.580002,70.980003,1770369795.840177
0.131272,-0.127612,0.983564,-22.120001,99.400002,76.930000,1770369795.847810
-0.014152,-0.177632,0.922564,-20.090000,114.379997,84.279999,1770369795.855783
-0.158844,-0.221552,0.887184,-14.630000,121.589996,85.889999,1770369795.863788
-0.288652,-0.247904,0.858636,-3.990000,119.209999,88.690002,1770369795.871885
-0.392840,-0.246440,0.837896,7.420000,107.519997,93.940002,1770369795.879827
-0.481656,-0.217648,0.828868,13.790000,86.940002,102.900002,1770369795.887782
-0.540948,-0.181536,0.796904,17.430000,60.689999,107.660004,1770369795.895811
-0.566568,-0.158600,0.772016,20.790001,32.340000,116.480003,1770369795.903813
-0.559736,-0.149816,0.766404,25.620001,3.220000,121.589996,1770369795.911794
-0.509472,-0.159088,0.778116,29.959999,-24.500000,124.949997,1770369795.919783
-0.447740,-0.161528,0.814716,35.490002,-49.630001,132.720001,1770369795.927843
-0.387228,-0.142252,0.789096,41.650002,-69.720001,126.419998,1770369795.935789
-0.306464,-0.109556,0.748836,43.259998,-87.080002,122.010002,1770369795.943779
-0.198372,-0.079788,0.756400,48.860001,-102.059998,113.959999,1770369795.951784
-0.076616,-0.075884,0.817156,56.840000,-112.000000,112.070000,1770369795.959782
0.048312,-0.054168,0.868152,62.299999,-121.029999,107.309998,1770369795.967830
0.148352,-0.011712,0.891332,64.820000,-128.100006,102.620003,1770369795.975791
0.233508,0.036844,0.883036,62.720001,-127.540001,98.769997,1770369795.983787
0.303780,0.073932,0.861564,60.410000,-121.239998,91.000000,1770369795.991785
0.366488,0.073200,0.855708,56.980000,-108.779999,87.779999,1770369795.999846
0.416020,0.061732,0.895236,54.810001,-89.669998,81.830002,1770369796.007806
0.446032,0.043188,0.980636,58.169998,-64.820000,75.809998,1770369796.015787
0.448716,0.047824,1.077260,58.380001,-38.779999,75.949997,1770369796.023817
0.417484,0.051972,1.128256,64.260002,-19.040001,70.980003,1770369796.031801
0.371612,0.056852,1.152412,69.160004,-10.080000,73.500000,1770369796.039799
0.327204,0.056608,1.192916,70.559998,-5.460000,78.680000,1770369796.047923
0.293044,0.037088,1.244156,77.489998,-9.870000,80.570000,1770369796.055780
0.269864,-0.000976,1.281976,83.019997,-15.120000,83.860001,1770369796.064106
0.261812,-0.047336,1.312476,91.559998,-19.809999,87.290001,1770369796.071884
0.268644,-0.090036,1.284904,101.919998,-22.260000,91.139999,1770369796.079897
0.284992,-0.111508,1.226100,111.300003,-24.500000,92.050003,1770369796.087784
0.301340,-0.121268,1.201212,122.080002,-27.719999,94.360001,1770369796.095787
0.328668,-0.104920,1.211460,127.680000,-27.930000,95.059998,1770369796.103921
0.349896,-0.074420,1.198040,133.770004,-28.910000,87.010002,1770369796.111783
0.377712,-0.025132,1.165832,136.850006,-27.090000,82.040001,1770369796.119780
0.398208,0.071004,1.115568,138.740005,-21.420000,79.870003,1770369796.127779
0.411628,0.210816,1.053592,141.679993,-12.320000,75.879997,1770369796.135782
0.415288,0.345504,0.998936,139.440002,-0.630000,75.739998,1770369796.143762
0.397476,0.460184,0.928420,133.000000,8.400000,75.180000,1770369796.151785
0.381372,0.571692,0.872300,122.849998,19.740000,72.940002,1770369796.159875
0.352336,0.667340,0.844728,110.040001,33.880001,71.470001,1770369796.167772
0.309148,0.742004,0.820084,96.669998,43.959999,69.580002,1770369796.175777
0.265472,0.791292,0.793732,79.239998,51.380001,69.440002,1770369796.183777
0.223504,0.831552,0.753716,63.700001,54.250000,65.309998,1770369796.191806
0.187392,0.844728,0.723704,49.279999,54.389999,68.180000,1770369796.199926
0.155916,0.845216,0.704428,36.959999,55.860001,70.349998,1770369796.207794
0.125904,0.839604,0.670268,29.540001,54.810001,75.529999,1770369796.215780
0.098088,0.831552,0.587552,21.070000,51.520000,83.580002,1770369796.223776
0.068320,0.807884,0.476044,12.180000,45.290001,88.620003,1770369796.231809
0.052460,0.770308,0.415044,4.200000,35.139999,91.349998,1770369796.239778
0.042700,0.742980,0.427488,-5.460000,27.370001,96.599998,1770369796.247771
0.040016,0.703208,0.525576,-14.070000,22.820000,97.580002,1770369796.255842
0.030744,0.649040,0.679540,-23.660000,20.020000,99.750000,1770369796.263772
0.015128,0.586820,0.832284,-29.330000,18.059999,97.089996,1770369796.271774
-0.000732,0.508252,0.935008,-35.419998,13.300000,94.709999,1770369796.279805
0.004148,0.442616,0.980636,-37.310001,7.560000,85.820000,1770369796.287780
0.010248,0.324520,1.002352,-34.020000,-1.260000,76.089996,1770369796.295858
0.030012,0.192760,0.988932,-29.190001,-10.010000,62.790001,1770369796.303830
0.054168,0.013420,0.987468,-20.440001,-17.430000,53.200001,1770369796.311790
0.100040,-0.146156,0.981612,-9.450000,-24.010000,42.910000,1770369796.319779
0.147620,-0.273768,1.012844,2.520000,-28.070000,36.259998,1770369796.327786
0.195444,-0.363804,1.062132,15.540000,-26.950001,34.020000,1770369796.335895
0.229604,-0.434076,1.131672,28.770000,-22.610001,34.580002,1770369796.343788
0.249124,-0.486536,1.195844,38.080002,-16.309999,34.580002,1770369796.351782
0.247416,-0.483852,1.214876,42.980000,-5.670000,33.880001,1770369796.359779
0.223992,-0.425292,1.239032,44.939999,8.470000,39.970001,1770369796.367768
0.174216,-0.359900,1.255380,40.529999,24.780001,40.669998,1770369796.375782
0.107604,-0.297192,1.247084,31.430000,38.080002,46.830002,1770369796.383903
0.025864,-0.245464,1.224880,23.309999,48.509998,48.650002,1770369796.391788
-0.057096,-0.192028,1.207800,17.430000,50.750000,51.590000,1770369796.399799
-0.135908,-0.117852,1.239276,13.230000,46.619999,51.730000,1770369796.407807
-0.193004,-0.048800,1.342000,10.990000,37.450001,51.099998,1770369796.415898
-0.223260,0.005368,1.460340,7.000000,21.139999,49.910000,1770369796.423784
-0.233020,0.058560,1.519144,7.420000,-2.310000,43.610001,1770369796.431812
-0.216428,0.118096,1.512556,6.510000,-34.580002,38.220001,1770369796.439812
-0.162260,0.184708,1.413248,6.650000,-64.400002,36.049999,1770369796.447946
-0.071736,0.208376,1.291736,5.110000,-93.029999,32.900002,1770369796.455776
0.037332,0.216184,1.176812,9.170000,-119.139999,29.889999,1770369796.463782
0.152012,0.234728,1.057740,14.630000,-142.169998,28.209999,1770369796.471786
0.264496,0.251564,0.965996,14.980000,-160.369995,25.830000,1770369796.479842
0.385276,0.282552,0.911828,17.500000,-169.259995,23.379999,1770369796.487779
0.502640,0.311344,0.857416,15.050000,-171.220001,26.180000,1770369796.495778
0.617320,0.335744,0.794464,9.310000,-168.210007,21.559999,1770369796.504089
0.703940,0.340136,0.716140,2.310000,-157.220001,22.120001,1770369796.511800
0.772504,0.319396,0.620980,-2.310000,-140.630005,23.030001,1770369796.519785
0.828624,0.301584,0.534604,-5.810000,-122.709999,26.250000,1770369796.527786
0.876204,0.281820,0.476532,-5.250000,-106.470001,23.379999,1770369796.535789
0.922808,0.263764,0.459940,-4.130000,-89.879997,21.700001,1770369796.543791
0.976976,0.247172,0.497028,0.490000,-73.360001,17.639999,1770369796.551784
1.035292,0.216184,0.569984,5.740000,-52.919998,14.350000,1770369796.559782
1.078480,0.198128,0.609268,7.140000,-33.459999,15.960000,1770369796.567814
1.086044,0.185196,0.586332,11.620000,-10.080000,14.140000,1770369796.575909
1.070672,0.160796,0.530944,11.060000,8.750000,15.400000,1770369796.583781
1.045784,0.144448,0.521916,11.620000,32.130001,17.639999,1770369796.591791
1.023092,0.109068,0.578768,10.500000,53.970001,22.260000,1770369796.599782
0.992104,0.082960,0.664900,7.280000,77.559998,25.760000,1770369796.607915
0.934032,0.058804,0.744932,5.250000,99.400002,27.090000,1770369796.615817
0.849608,0.040260,0.797636,3.290000,119.769997,32.270000,1770369796.623772
0.747128,0.024400,0.829112,4.830000,135.169998,29.120001,1770369796.631795
0.643184,0.019520,0.869128,2.450000,151.130005,32.549999,1770369796.639783
0.536312,0.019520,0.933056,3.220000,163.520004,27.299999,1770369796.647802
0.413824,0.020252,0.983564,-1.190000,173.320007,26.180000,1770369796.655769
0.286212,0.020984,0.986004,-3.640000,179.410004,20.790001,1770369796.663786
0.170068,0.023424,0.980392,-3.920000,179.899994,15.400000,1770369796.671769
0.065880,0.021716,0.985028,-7.140000,173.809998,13.370000,1770369796.679790
-0.017324,-0.008784,1.023336,-6.440000,160.649994,10.990000,1770369796.687790
-0.079300,-0.038796,1.086532,-7.910000,141.610001,13.230000,1770369796.695844
-0.116388,-0.053192,1.163636,-8.120000,115.779999,9.310000,1770369796.703801
-0.138348,-0.034648,1.224880,-5.040000,84.559998,15.820000,1770369796.711806
-0.143472,0.010492,1.257820,-5.810000,51.169998,16.170000,1770369796.719784
-0.133468,0.069784,1.258796,-7.910000,15.050000,20.440001,1770369796.727780
-0.098332,0.099308,1.230492,-11.620000,-13.860000,22.469999,1770369796.735783
-0.034892,0.110532,1.194624,-14.350000,-34.369999,24.920000,1770369796.743818
0.042212,0.124440,1.158756,-14.000000,-50.189999,22.330000,1770369796.751776
0.119560,0.128100,1.141188,-13.440000,-55.299999,20.020000,1770369796.759791
0.197640,0.122732,1.112884,-13.090000,-52.639999,18.900000,1770369796.767789
0.267668,0.124196,1.090436,-9.240000,-42.980000,13.440000,1770369796.775899
0.325252,0.145180,1.070184,-9.100000,-28.070000,10.710000,1770369796.783779
0.376980,0.168848,1.046028,-4.690000,-10.080000,3.850000,1770369796.791788
0.410652,0.197640,1.019188,-2.800000,7.070000,2.170000,1770369796.799786
0.417484,0.220332,1.003084,-1.540000,26.180000,0.910000,1770369796.807831
0.403332,0.222284,0.975512,0.980000,42.070000,-1.680000,1770369796.815975
0.367952,0.201056,0.940376,1.330000,56.490002,-2.590000,1770369796.823783
0.321592,0.175924,0.905728,4.410000,68.529999,-2.520000,1770369796.831786
0.267424,0.158356,0.864492,9.100000,80.080002,-1.260000,1770369796.839796
0.195932,0.140056,0.815204,8.400000,88.620003,-0.350000,1770369796.847947
0.114924,0.132004,0.787876,10.850000,95.480003,3.780000,1770369796.855780
0.035136,0.123952,0.801296,10.500000,101.290001,6.020000,1770369796.863783
-0.049776,0.132980,0.838872,11.760000,103.529999,5.950000,1770369796.871773
-0.117608,0.144936,0.906948,13.300000,101.639999,5.810000,1770369796.879786
-0.200568,0.170800,0.950136,12.670000,99.190002,7.000000,1770369796.887798
-0.280112,0.185928,0.977708,12.880000,92.400002,7.630000,1770369796.895785
-0.354288,0.219600,1.001132,10.640000,84.559998,2.380000,1770369796.903826
-0.419192,0.233996,1.020164,11.830000,72.309998,0.630000,1770369796.911794
-0.478728,0.246684,1.017236,12.880000,60.830002,-3.290000,1770369796.919812
-0.527772,0.271816,1.005768,16.309999,44.310001,-6.860000,1770369796.927778
-0.561932,0.290848,0.996008,16.730000,25.129999,-13.440000,1770369796.935784
-0.569740,0.288164,1.023824,14.070000,5.180000,-19.670000,1770369796.943793
-0.558516,0.274500,1.028460,10.150000,-14.210000,-26.110001,1770369796.951892
-0.514840,0.243024,1.037976,4.410000,-35.209999,-30.240000,1770369796.959786
-0.437980,0.197884,1.067500,-0.980000,-54.669998,-34.930000,1770369796.967787
-0.347456,0.148108,1.102392,-4.340000,-74.269997,-32.410000,1770369796.975849
-0.246928,0.160064,1.120204,-8.540000,-89.250000,-31.500000,1770369796.983789
-0.116144,0.189100,1.109468,-7.000000,-102.970001,-29.820000,1770369796.991789
0.012200,0.231068,1.079456,-10.010000,-117.669998,-22.400000,1770369796.999771
0.129076,0.254736,1.027728,-14.070000,-126.980003,-9.660000,1770369797.007860
0.240340,0.248880,0.970632,-18.480000,-134.750000,-0.700000,1770369797.015805
0.335500,0.176656,0.935984,-25.760000,-133.770004,6.510000,1770369797.023796
0.417484,0.085888,0.940864,-24.010000,-124.809998,12.950000,1770369797.031786
0.474824,0.019764,0.931836,-24.290001,-107.800003,15.750000,1770369797.039922
0.515816,-0.011956,0.896944,-17.360001,-83.930000,12.460000,1770369797.047793
0.544120,-0.059048,0.888892,-14.210000,-60.970001,15.400000,1770369797.055783
0.538996,-0.049776,0.895480,-15.680000,-38.360001,10.360000,1770369797.063953
0.530456,-0.019032,0.947208,-15.960000,-17.920000,2.800000,1770369797.071886
0.513620,0.020252,1.010160,-18.340000,1.470000,3.010000,1770369797.079815
0.480436,0.035380,1.044564,-25.340000,21.209999,-0.560000,1770369797.087913
0.436272,0.026108,1.046516,-27.719999,35.770000,-3.920000,1770369797.095788
0.387716,0.000244,1.067744,-28.000000,45.080002,-1.750000,1770369797.103841
0.317444,-0.023912,1.085068,-24.080000,47.529999,-9.800000,1770369797.111828
0.242780,-0.021228,1.064572,-24.010000,43.959999,-13.930000,1770369797.119789
0.177876,-0.012200,1.036756,-19.110001,39.340000,-15.190000,1770369797.127796
0.129320,-0.003904,1.016504,-17.150000,31.219999,-17.290001,1770369797.135782
0.088084,0.003416,0.988444,-18.340000,20.020000,-19.670000,1770369797.143828
0.065148,0.003172,0.949892,-14.420000,7.000000,-19.600000,1770369797.151807
0.054900,-0.003660,0.931836,-11.550000,-5.670000,-17.780001,1770369797.159766
0.065148,0.000732,0.943304,-10.080000,-18.410000,-19.250000,1770369797.167772
0.091988,0.019032,0.969412,-8.540000,-32.689999,-16.730000,1770369797.175777
0.119560,0.035624,0.978684,-8.750000,-45.779999,-15.540000,1770369797.183776
0.156648,0.039772,0.965020,-7.980000,-57.119999,-13.160000,1770369797.191801
0.209840,0.030744,0.932324,-7.350000,-66.430000,-13.860000,1770369797.199883
0.263276,0.031476,0.909876,-3.990000,-77.910004,-11.340000,1770369797.207792
0.326960,0.035136,0.897676,-0.980000,-85.260002,-14.980000,1770369797.215792
0.388692,0.053436,0.896700,1.750000,-88.269997,-10.780000,1770369797.223859
0.449692,0.083204,0.889868,6.020000,-89.739998,-13.370000,1770369797.231813
0.503860,0.113216,0.867908,8.960000,-86.589996,-11.340000,1770369797.239779
0.552416,0.131272,0.848144,10.080000,-80.220001,-9.240000,1770369797.247776
0.594384,0.156648,0.827404,10.010000,-71.260002,-6.300000,1770369797.255780
0.634644,0.178120,0.837408,8.610000,-58.869999,-4.970000,1770369797.263819
0.667340,0.190808,0.861564,8.750000,-45.849998,-2.800000,1770369797.271791
0.692960,0.196908,0.873520,7.770000,-32.130001,1.470000,1770369797.279772
0.701012,0.198616,0.894992,3.220000,-17.850000,0.770000,1770369797.287777
0.705892,0.202276,0.918904,3.570000,-5.810000,9.450000,1770369797.295803
0.699548,0.187392,0.936716,2.660000,4.270000,15.960000,1770369797.303776
0.680028,0.171532,0.929640,6.440000,13.160000,20.650000,1770369797.311794
0.644160,0.143228,0.883280,9.240000,19.950001,30.240000,1770369797.319784
0.593164,0.126880,0.833260,13.090000,27.020000,33.599998,1770369797.327777
0.542900,0.119560,0.832040,15.260000,33.320000,33.459999,1770369797.335774
0.498004,0.137616,0.902800,16.940001,39.549999,36.400002,1770369797.344089
0.463600,0.180560,0.981856,12.180000,44.310001,36.400002,1770369797.351786
0.413824,0.218868,1.012112,7.000000,50.189999,35.560001,1770369797.359777
0.362584,0.231068,1.000888,0.560000,53.830002,35.139999,1770369797.367777
0.313540,0.214476,0.996496,-5.810000,59.849998,33.040001,1770369797.375805
0.266204,0.179828,1.008940,-15.120000,66.709999,29.540001,1770369797.383828
0.225212,0.126392,1.036756,-16.170000,70.559998,25.410000,1770369797.391789
0.190320,0.079544,1.068720,-19.110001,74.199997,22.889999,1770369797.399782
0.146400,0.050020,1.079456,-18.690001,77.139999,16.379999,1770369797.407797
0.107360,0.030988,1.065548,-14.420000,77.139999,19.320000,1770369797.415828
0.063684,0.041480,1.053836,-8.750000,75.809998,17.709999,1770369797.423788
0.023668,0.076860,1.056520,-2.240000,65.589996,18.969999,1770369797.431774
-0.009028,0.134932,1.097756,-2.940000,53.900002,16.870001,1770369797.439797
-0.026108,0.179096,1.140944,-6.300000,38.430000,18.410000,1770369797.447841
-0.026352,0.188612,1.169492,-9.450000,20.719999,14.840000,1770369797.455869
-0.005368,0.154696,1.168272,-14.770000,-1.260000,17.990000,1770369797.463789
0.030012,0.089792,1.154852,-10.220000,-17.430000,15.050000,1770369797.471782
0.081252,0.050020,1.139480,-5.600000,-28.070000,15.750000,1770369797.479775
0.140056,0.020008,1.111420,-0.910000,-30.240000,15.540000,1770369797.487776
0.196176,-0.009028,1.064816,5.460000,-26.600000,15.610000,1770369797.495844
0.253272,-0.030012,1.026264,7.420000,-18.969999,14.840000,1770369797.503776
0.294752,-0.062220,1.013332,15.540000,-8.610000,15.610000,1770369797.511799
0.321104,-0.069052,1.020896,19.110001,7.210000,15.260000,1770369797.519819
0.334768,-0.057584,1.019432,23.309999,22.820000,17.850000,1770369797.527799
0.332328,-0.054656,1.008696,21.070000,38.220001,18.410000,1770369797.535777
0.301340,-0.062952,0.996496,17.500000,54.040001,21.980000,1770369797.543797
0.248392,-0.072712,1.000888,17.290001,66.430000,22.820000,1770369797.551787
0.184952,-0.072224,1.015284,16.450001,79.099998,25.480000,1770369797.559779
0.111264,-0.053924,1.027484,14.000000,86.099998,27.160000,1770369797.567796
0.031232,-0.042212,1.024800,14.980000,88.760002,27.790001,1770369797.575806
-0.036844,-0.029036,1.024800,12.180000,88.970001,25.969999,1770369797.583783
-0.105896,0.001220,1.031144,15.820000,84.629997,23.379999,1770369797.591786
-0.162260,0.049044,1.039928,14.560000,78.540001,22.260000,1770369797.599780
-0.213500,0.122244,1.054324,12.670000,68.040001,20.020000,1770369797.608098
-0.253028,0.177144,1.062864,8.400000,57.820000,20.090000,1770369797.615733
-0.288652,0.233020,1.055788,5.250000,51.169998,16.379999,1770369797.623781
-0.309148,0.266692,1.023336,4.200000,40.950001,7.280000,1770369797.631789
-0.326472,0.274012,0.976976,3.080000,30.030001,5.600000,1770369797.639782
-0.325496,0.257420,0.943548,3.780000,16.940001,-5.040000,1770369797.647809
-0.306708,0.229360,0.921832,3.990000,2.240000,-11.550000,1770369797.655780
-0.268156,0.201056,0.906216,7.210000,-7.420000,-20.160000,1770369797.663791
-0.222772,0.189344,0.913292,9.940000,-17.430000,-27.230000,1770369797.671891
-0.163236,0.203008,0.939156,12.950000,-26.250000,-32.130001,1770369797.679817
-0.111996,0.252296,0.969900,11.200000,-34.230000,-32.270000,1770369797.687774
-0.071492,0.299144,0.939156,10.500000,-43.610001,-33.180000,1770369797.695838
-0.013908,0.287188,0.875960,4.340000,-51.169998,-34.930000,1770369797.703778
0.046604,0.221064,0.877668,7.420000,-58.730000,-34.509998,1770369797.711780
0.126636,0.161528,0.933300,7.000000,-63.419998,-37.099998,1770369797.719789
0.218624,0.128100,1.002596,4.410000,-68.180000,-37.660000,1770369797.727785
0.303048,0.111996,1.086044,3.430000,-67.830002,-39.900002,1770369797.735865
0.377468,0.116632,1.158024,-1.540000,-63.840000,-39.689999,1770369797.743810
0.439444,0.121024,1.175104,-9.520000,-55.090000,-42.349998,1770369797.751791
0.478484,0.078568,1.150216,-17.290001,-45.009998,-38.919998,1770369797.759778
0.495076,0.023912,1.114592,-19.879999,-31.570000,-43.610001,1770369797.767824
0.492636,-0.019520,1.077260,-22.190001,-17.150000,-44.310001,1770369797.775885
0.473848,-0.034404,1.041392,-19.110001,-0.140000,-47.180000,1770369797.783820
0.438712,-0.018788,1.007476,-14.560000,12.040000,-51.799999,1770369797.791784
0.388692,0.011712,0.999912,-13.860000,19.180000,-52.639999,1770369797.799780
0.335256,0.035380,1.021872,-12.810000,25.900000,-49.770000,1770369797.807814
0.284748,0.047336,1.049932,-12.320000,28.770000,-52.009998,1770369797.815800
0.237900,0.052704,1.056276,-14.770000,28.139999,-50.680000,1770369797.823924
0.203252,0.041724,1.060668,-12.530000,23.730000,-47.740002,1770369797.831781
0.190564,0.017080,1.067500,-12.950000,11.410000,-44.730000,1770369797.839784
0.191296,-0.002928,1.071892,-10.080000,-4.690000,-47.110001,1770369797.847801
0.207156,-0.019764,1.058472,-8.330000,-20.510000,-38.709999,1770369797.855909
0.223748,-0.015128,1.034560,-6.020000,-33.810001,-39.200001,1770369797.863796
0.255468,0.024156,1.017724,-4.550000,-44.029999,-33.389999,1770369797.871770
0.287188,0.088572,1.004304,-4.130000,-51.029999,-31.290001,1770369797.879787
0.324520,0.160064,0.992836,-8.260000,-49.980000,-25.900000,1770369797.887779
0.364048,0.212036,0.962824,-12.390000,-44.799999,-16.100000,1770369797.895777
0.394792,0.255712,0.941352,-18.200001,-38.919998,-13.090000,1770369797.903814
0.421388,0.272548,0.916464,-21.209999,-33.950001,-1.960000,1770369797.911782
0.447496,0.268400,0.891576,-18.340000,-28.700001,6.160000,1770369797.919802
0.457500,0.258640,0.883524,-16.590000,-23.940001,19.110001,1770369797.927785
0.465064,0.238876,0.886452,-8.470000,-18.129999,26.740000,1770369797.935779
0.465064,0.212524,0.840092,-3.850000,-9.310000,34.580002,1770369797.943820
0.455548,0.170800,0.785924,2.660000,1.890000,38.430000,1770369797.951769
0.431148,0.142496,0.760304,8.190000,14.630000,44.590000,1770369797.959798
0.399672,0.122488,0.762500,7.910000,28.280001,46.060001,1770369797.967781
0.366000,0.113704,0.791292,7.980000,45.639999,47.740002,1770369797.975781
0.328912,0.110288,0.837164,6.230000,58.029999,45.500000,1770369797.983850
0.293044,0.082228,0.881328,4.340000,68.809998,43.119999,1770369797.991788
0.247416,0.033916,0.937448,3.990000,76.440002,44.660000,1770369797.999781
0.189588,-0.007808,1.017480,4.480000,80.430000,45.150002,1770369798.007799
0.111508,-0.011224,1.106784,4.550000,82.320000,44.380001,1770369798.015782
0.007076,0.022936,1.193160,2.450000,84.139999,38.500000,1770369798.023840
-0.102968,0.082228,1.253916,-2.660000,84.000000,31.639999,1770369798.031786
-0.211548,0.135664,1.277096,-13.510000,84.419998,20.650000,1770369798.039783
-0.288896,0.154452,1.268312,-23.870001,80.010002,8.750000,1770369798.047777
-0.345748,0.127368,1.238544,-31.010000,68.669998,0.770000,1770369798.055900
-0.372344,0.059292,1.220732,-31.290001,49.560001,-5.950000,1770369798.064145
-0.374540,-0.012444,1.219024,-26.530001,24.010000,-11.270000,1770369798.072433
-0.358680,-0.048800,1.220732,-17.639999,-2.800000,-9.660000,1770369798.079815
-0.309636,-0.057340,1.205116,-8.190000,-26.950001,-10.220000,1770369798.087830
-0.238876,-0.044408,1.177788,0.910000,-47.669998,-7.070000,1770369798.095786
-0.159332,-0.027816,1.167540,10.990000,-56.490002,-4.060000,1770369798.103786
-0.081008,0.002440,1.169492,18.549999,-59.220001,0.420000,1770369798.111916
-0.007320,0.038308,1.159732,20.230000,-56.630001,1.330000,1770369798.119802
0.046116,0.060024,1.136552,16.450001,-46.759998,8.120000,1770369798.127790
0.069784,0.078080,1.124108,14.000000,-29.400000,10.360000,1770369798.135943
0.067344,0.086376,1.104344,5.110000,-8.890000,11.900000,1770369798.143777
0.039528,0.092232,1.066036,2.030000,8.890000,11.900000,1770369798.151783
-0.014640,0.090524,1.033340,-5.880000,22.469999,13.370000,1770369798.159776
-0.089304,0.095648,1.006500,-14.000000,29.680000,14.840000,1770369798.167916
-0.150304,0.099796,1.001132,-20.930000,29.120001,14.630000,1770369798.175779
-0.209840,0.100528,1.006256,-28.209999,24.010000,15.470000,1770369798.183758
-0.255956,0.103944,1.001620,-31.570000,13.370000,13.160000,1770369798.191780
-0.290116,0.110776,0.984784,-32.689999,4.690000,14.560000,1770369798.199778
-0.305732,0.119804,0.947696,-30.100000,-2.870000,13.300000,1770369798.207869
-0.312076,0.123220,0.905484,-24.430000,-11.340000,7.280000,1770369798.215777
-0.306708,0.105652,0.841312,-20.370001,-19.950001,1.120000,1770369798.223795
-0.289628,0.077836,0.772016,-13.230000,-30.799999,-12.460000,1770369798.231780
-0.248880,0.036600,0.734196,-6.230000,-45.779999,-20.440001,1770369798.239810
-0.188856,-0.016348,0.720532,0.140000,-60.619999,-33.459999,1770369798.247782
-0.118096,-0.062952,0.739320,8.890000,-74.059998,-40.599998,1770369798.255837
-0.033672,-0.053924,0.797148,13.510000,-83.580002,-50.400002,1770369798.263772
0.050020,0.000732,0.852292,18.969999,-91.070000,-55.230000,1770369798.271779
0.131516,0.056120,0.895480,21.770000,-92.889999,-57.680000,1770369798.279792
0.225456,0.086376,0.953796,17.010000,-91.419998,-61.529999,1770369798.287765
0.319884,0.069540,1.034560,10.850000,-88.970001,-63.070000,1770369798.295777
0.412604,0.044164,1.090680,-3.990000,-84.699997,-63.139999,1770369798.303797
0.510692,0.020984,1.121912,-14.210000,-82.250000,-65.309998,1770369798.311792
0.604876,-0.010736,1.130208,-25.620001,-75.879997,-60.130001,1770369798.319791
0.678320,-0.042944,1.089460,-35.209999,-70.070000,-51.029999,1770369798.327786
0.707112,-0.069540,1.008452,-41.509998,-59.779999,-44.939999,1770369798.335775
0.700524,-0.090280,0.957212,-46.619999,-44.869999,-36.259998,1770369798.344050
0.681980,-0.093940,0.930616,-45.990002,-23.379999,-33.950001,1770369798.351812
0.638060,-0.079544,0.934520,-45.290001,3.920000,-30.870001,1770369798.359778
0.570472,-0.059048,0.948672,-44.310001,32.970001,-31.010000,1770369798.367771
0.482144,-0.035136,0.950380,-40.389999,57.189999,-32.480000,1770369798.375771
0.369660,-0.005368,0.971120,-38.990002,75.669998,-29.120001,1770369798.383789
0.273524,0.028304,1.057008,-33.110001,84.349998,-36.189999,1770369798.391953
0.176168,0.045140,1.104100,-33.320000,81.970001,-32.480000,1770369798.399783
0.090280,0.040260,1.122888,-32.689999,69.860001,-38.990002,1770369798.407817
0.041480,0.008784,1.106296,-29.820000,47.529999,-35.419998,1770369798.415781
0.028548,-0.035136,1.090924,-23.450001,18.480000,-34.369999,1770369798.423876
0.037820,-0.068076,1.079456,-14.630000,-14.840000,-32.270000,1770369798.431823
0.083692,-0.075152,1.058228,-6.650000,-47.320000,-29.330000,1770369798.439780
0.158356,-0.063928,1.028704,-4.410000,-73.360001,-23.379999,1770369798.447783
0.246196,-0.038308,1.002840,-6.090000,-92.330002,-20.580000,1770369798.455861
0.342576,-0.020008,0.965264,-13.090000,-101.849998,-15.400000,1770369798.463790
0.439444,-0.019276,0.905728,-14.770000,-103.809998,-9.590000,1770369798.471785
0.503616,-0.033184,0.824964,-18.200001,-98.839996,-5.390000,1770369798.479851
0.553148,-0.062952,0.747372,-17.850000,-85.470001,-3.710000,1770369798.487778
0.586332,-0.101992,0.675148,-8.540000,-67.830002,3.150000,1770369798.495783
0.611220,-0.133224,0.635864,0.560000,-42.560001,5.040000,1770369798.503787
0.614148,-0.157624,0.607804,14.910000,-13.300000,8.400000,1770369798.511800
0.601704,-0.176412,0.573888,25.059999,16.730000,8.610000,1770369798.519791
0.565592,-0.200324,0.531920,33.950001,44.380001,9.450000,1770369798.527789
0.519476,-0.223016,0.553636,42.560001,66.500000,13.230000,1770369798.535787
0.480436,-0.215452,0.686860,47.040001,86.870003,18.200001,1770369798.543834
0.434076,-0.175680,0.878156,48.720001,100.589996,24.639999,1770369798.551798
0.372100,-0.098088,1.098244,43.959999,109.690002,27.790001,1770369798.559785
0.297436,-0.031476,1.242448,33.599998,113.050003,35.840000,1770369798.567782
0.220820,0.008296,1.321260,23.520000,110.389999,35.840000,1770369798.575862
0.129564,0.051484,1.384212,13.090000,104.300003,40.950001,1770369798.583816
0.004148,0.089060,1.391288,6.020000,94.919998,37.310001,1770369798.591790
-0.127612,0.116876,1.356640,-0.630000,90.160004,34.860001,1770369798.599784
-0.250344,0.142496,1.289296,-9.240000,86.870003,28.420000,1770369798.607828
-0.331352,0.159332,1.195112,-13.720000,80.360001,24.500000,1770369798.615781
-0.374052,0.172264,1.097756,-11.970000,70.000000,17.500000,1770369798.623775
-0.395280,0.187392,1.031144,-13.020000,52.990002,11.130000,1770369798.631800
-0.392596,0.204228,1.011868,-15.120000,32.130001,14.840000,1770369798.639940
-0.362096,0.218624,1.005036,-17.920000,7.910000,11.690000,1770369798.647777
-0.319152,0.229604,0.988444,-17.990000,-18.760000,13.370000,1770369798.655783
-0.277916,0.236192,0.960384,-19.740000,-36.820000,16.030001,1770369798.663785
-0.227164,0.225944,0.919392,-14.070000,-49.560001,14.000000,1770369798.671780
-0.157624,0.205692,0.860832,-10.220000,-57.189999,15.120000,1770369798.679868
-0.088084,0.186904,0.810812,-4.550000,-57.959999,21.000000,1770369798.687809
-0.038796,0.177388,0.794220,1.190000,-53.830002,25.200001,1770369798.695766
-0.017080,0.174704,0.832772,8.400000,-42.560001,32.480000,1770369798.703785
-0.019764,0.170068,0.908168,12.670000,-30.030001,35.700001,1770369798.712015
-0.036112,0.159088,0.987712,14.420000,-22.190001,34.369999,1770369798.719797
-0.072956,0.142496,1.064084,14.000000,-12.880000,30.379999,1770369798.727933
-0.115168,0.104432,1.105808,12.180000,-10.850000,24.290001,1770369798.735784
-0.152500,0.054656,1.070184,14.910000,-10.010000,21.350000,1770369798.743784
-0.181292,-0.017324,0.931348,21.770000,-13.230000,15.540000,1770369798.751774
-0.201300,-0.066368,0.778604,32.830002,-20.580000,14.630000,1770369798.759794
-0.194712,-0.066368,0.785436,41.230000,-27.020000,6.720000,1770369798.767796
-0.146400,-0.018788,0.921832,44.169998,-34.790001,-2.030000,1770369798.775787
-0.095892,0.008784,1.142652,41.299999,-40.320000,-8.330000,1770369798.783780
-0.035868,0.027572,1.350784,36.049999,-46.410000,-21.350000,1770369798.791776
0.055632,0.077592,1.518900,28.629999,-53.759998,-31.570000,1770369798.799789
0.160796,0.059536,1.610888,20.860001,-63.419998,-39.900002,1770369798.807826
0.270840,0.014884,1.614548,15.400000,-77.559998,-45.080002,1770369798.815777
0.399428,-0.011956,1.580144,8.330000,-96.809998,-46.060001,1770369798.823791
0.527772,-0.015616,1.516704,0.770000,-115.150002,-41.020000,1770369798.831793
0.650992,-0.026596,1.401292,-8.330000,-132.789993,-33.459999,1770369798.839862
0.754204,-0.062708,1.291980,-12.180000,-138.740005,-30.379999,1770369798.847833
0.839360,-0.115656,1.201700,-17.570000,-133.490005,-23.660000,1770369798.855793
0.885720,-0.149084,1.080676,-18.410000,-114.940002,-23.379999,1770369798.863785
0.915732,-0.128588,0.986980,-22.680000,-87.360001,-23.030001,1770369798.871839
0.902068,-0.046604,0.859856,-27.440001,-48.860001,-22.610001,1770369798.879785
0.858392,0.047092,0.739076,-34.020000,-9.450000,-20.580000,1770369798.887816
0.775432,0.104920,0.655628,-40.180000,33.320000,-20.230000,1770369798.895812
0.679784,0.139324,0.602924,-44.730000,70.419998,-13.860000,1770369798.903784
0.568276,0.153232,0.584624,-41.439999,102.410004,-11.690000,1770369798.911793
0.449448,0.162016,0.584136,-38.919998,125.089996,-8.330000,1770369798.919790
0.338184,0.193492,0.575108,-36.400002,137.619995,0.070000,1770369798.927868
0.242780,0.242292,0.624640,-33.389999,143.500000,4.130000,1770369798.935815
0.145668,0.287188,0.717848,-35.279999,138.740005,10.220000,1770369798.943784
0.059780,0.285724,0.755424,-37.169998,125.440002,12.320000,1770369798.951787
0.004148,0.236192,0.733952,-35.279999,101.639999,20.090000,1770369798.959785
-0.027816,0.162016,0.703940,-26.670000,72.309998,18.270000,1770369798.967910
-0.035624,0.090036,0.664412,-16.520000,41.720001,26.740000,1770369798.975798
-0.012444,0.017080,0.657824,-1.120000,13.230000,28.980000,1770369798.983784
0.039284,-0.039772,0.704916,11.410000,-11.970000,29.120001,1770369798.991830
0.093940,-0.099552,0.732244,20.090000,-26.740000,31.920000,1770369798.999880
0.164944,-0.169580,0.684420,31.850000,-31.850000,32.900002,1770369799.007789
0.236680,-0.230580,0.697840,47.040001,-33.669998,29.260000,1770369799.015879
0.318420,-0.254736,0.885720,54.389999,-30.799999,33.459999,1770369799.023869
0.420412,-0.240828,1.211216,60.060001,-22.959999,27.860001,1770369799.031826
0.508008,-0.220332,1.494744,56.070000,-7.000000,30.590000,1770369799.039789
0.553148,-0.208132,1.613328,51.730000,18.059999,29.540001,1770369799.047785
0.544120,-0.203008,1.642364,44.310001,46.340000,35.279999,1770369799.055815
0.503616,-0.209108,1.651880,34.439999,72.029999,31.360001,1770369799.064064
0.405528,-0.226432,1.661152,20.440001,91.629997,34.509998,1770369799.071880
0.267912,-0.227652,1.644316,4.900000,104.930000,31.150000,1770369799.079926
0.113216,-0.210816,1.592832,-7.140000,114.870003,20.230000,1770369799.087788
-0.036112,-0.172020,1.490352,-18.200001,122.010002,12.250000,1770369799.095791
-0.144204,-0.104188,1.342488,-23.100000,118.580002,-2.450000,1770369799.103795
-0.226432,-0.021716,1.217560,-23.100000,106.260002,-13.160000,1770369799.111825
-0.284992,0.064416,1.089216,-21.700001,87.849998,-21.840000,1770369799.119859
-0.312320,0.168604,0.912560,-19.250000,63.840000,-23.030001,1770369799.127803
-0.314516,0.265716,0.755912,-17.010000,35.560001,-30.100000,1770369799.135785
-0.299388,0.386008,0.654652,-18.410000,10.430000,-26.180000,1770369799.143783
-0.260836,0.507276,0.611708,-15.400000,-11.410000,-21.280001,1770369799.151770
-0.255224,0.567300,0.601704,-19.110001,-26.389999,-15.750000,1770369799.159781
-0.237656,0.568520,0.596336,-18.549999,-33.950001,-12.810000,1770369799.167802
-0.233508,0.547536,0.635376,-15.330000,-33.950001,-7.420000,1770369799.175915
-0.234240,0.509960,0.695888,-12.670000,-31.570000,-7.770000,1770369799.183773
-0.245220,0.416996,0.653676,1.470000,-29.260000,-5.950000,1770369799.191773
-0.278892,0.292800,0.539240,19.670000,-25.129999,-1.050000,1770369799.199763
-0.325740,0.197640,0.453108,44.939999,-18.830000,2.240000,1770369799.207773
-0.365512,0.133468,0.494344,73.290001,-14.840000,5.600000,1770369799.217878
-0.378932,0.099308,0.643916,82.180000,-15.960000,3.500000,1770369799.224959
-0.379908,0.074420,0.905484,85.820000,-20.299999,-3.150000,1770369799.231779
-0.363072,0.032940,1.239276,81.410004,-31.570000,-11.830000,1770369799.239790
-0.325008,-0.024888,1.542080,77.070000,-44.029999,-18.549999,1770369799.247768
-0.244000,-0.126148,1.730692,62.020000,-63.490002,-25.760000,1770369799.259512
-0.167628,-0.181780,1.816336,51.169998,-75.599998,-28.559999,1770369799.264769
-0.089060,-0.266936,1.890756,32.759998,-93.730003,-28.770000,1770369799.271988
0.018544,-0.408944,1.898808,10.570000,-117.110001,-28.910000,1770369799.280318
0.181048,-0.573156,1.801208,-4.760000,-142.309998,-28.629999,1770369799.287776
0.405772,-0.673928,1.715076,-10.570000,-177.100006,-26.740000,1770369799.295763
0.626836,-0.673928,1.693360,-8.890000,-203.699997,-19.320000,1770369799.303766
0.830088,-0.624152,1.677500,-7.770000,-215.179993,-13.510000,1770369799.311811
0.991128,-0.528504,1.594296,-10.430000,-211.889999,-16.520000,1770369799.319803
1.112884,-0.380396,1.393240,-12.670000,-189.419998,-13.720000,1770369799.327809
1.164368,-0.178852,1.132648,-12.460000,-148.470001,-13.930000,1770369799.335908
1.161928,0.066612,0.858636,-16.309999,-95.410004,-11.620000,1770369799.343777
1.121424,0.257664,0.654408,-17.150000,-36.470001,-6.720000,1770369799.351795
1.026996,0.350384,0.516792,-16.100000,24.920000,-1.540000,1770369799.359780
0.867420,0.380640,0.424316,-14.770000,79.870003,4.060000,1770369799.367790
0.655628,0.387228,0.358924,-11.760000,119.699997,6.160000,1770369799.375883
0.430660,0.392108,0.297192,-10.850000,150.360001,5.390000,1770369799.383815
0.238876,0.385032,0.232288,-10.780000,166.880005,3.780000,1770369799.391780
0.081252,0.382104,0.174216,-13.580000,171.080002,0.770000,1770369799.399996
-0.051240,0.345504,0.149572,-14.420000,169.259995,-1.820000,1770369799.407787
-0.147132,0.309636,0.133712,-16.100000,158.130005,-1.680000,1770369799.415854
-0.206912,0.296460,0.160308,-12.530000,140.279999,-4.830000,1770369799.423789
-0.252296,0.287920,0.251076,-0.630000,115.500000,-8.680000,1770369799.431820
-0.253272,0.290604,0.391376,12.670000,88.339996,-13.300000,1770369799.439786
-0.220576,0.301340,0.540704,20.650000,60.970001,-16.379999,1770369799.447815
-0.144936,0.283040,0.666120,32.340000,31.850000,-18.549999,1770369799.455799
-0.060268,0.243268,0.750788,33.880001,4.550000,-16.379999,1770369799.463769
0.047580,0.180560,0.896700,40.810001,-16.100000,-11.130000,1770369799.471904
0.183732,0.117120,1.075308,45.080002,-34.230000,-10.150000,1770369799.479773
0.313296,0.046360,1.235860,43.049999,-45.849998,-4.690000,1770369799.487773
0.429928,-0.037576,1.351028,45.150002,-49.209999,2.940000,1770369799.495817
0.568520,-0.171044,1.451312,41.650002,-41.790001,7.210000,1770369799.503858
0.699792,-0.312564,1.551352,43.400002,-25.690001,10.850000,1770369799.511773
0.782752,-0.449692,1.654076,38.709999,1.750000,12.110000,1770369799.520057
0.804468,-0.565592,1.745088,31.990000,38.779999,12.600000,1770369799.527775
0.755180,-0.618296,1.814384,21.209999,76.370003,8.470000,1770369799.535774
0.599264,-0.604388,1.870016,12.880000,116.199997,-0.420000,1770369799.543796
0.430904,-0.493856,1.874896,3.990000,148.050003,-16.309999,1770369799.551909
0.282308,-0.313296,1.885632,-2.100000,167.300003,-22.820000,1770369799.559796
0.120048,-0.123220,1.896368,-15.330000,170.380005,-29.680000,1770369799.567784
-0.048068,0.039772,1.822680,-28.420000,156.869995,-32.340000,1770369799.575788
-0.211304,0.158112,1.598444,-36.750000,130.059998,-40.669998,1770369799.583837
-0.332328,0.245220,1.300276,-42.070000,97.160004,-40.180000,1770369799.591779
-0.419924,0.325740,1.058228,-40.389999,60.830002,-47.599998,1770369799.599786
-0.462624,0.426268,0.863760,-38.290001,21.559999,-49.910000,1770369799.607860
-0.475068,0.523868,0.698572,-32.619999,-11.060000,-51.799999,1770369799.615786
-0.441640,0.638304,0.565592,-30.520000,-34.580002,-58.380001,1770369799.623781
-0.368928,0.742492,0.465796,-25.830000,-52.639999,-53.410000,1770369799.631836
-0.316712,0.782996,0.325496,-26.530001,-60.549999,-50.330002,1770369799.639781
-0.262544,0.769820,0.193980,-24.500000,-62.299999,-43.049999,1770369799.647819
-0.204716,0.733952,0.101016,-22.680000,-62.650002,-37.520000,1770369799.655866
-0.151768,0.677588,0.028792,-18.690001,-62.299999,-33.180000,1770369799.663775
-0.096136,0.596580,-0.012200,-11.550000,-65.519997,-29.750000,1770369799.671797
-0.057828,0.502152,-0.030988,-1.890000,-66.709999,-25.830000,1770369799.679817
-0.028792,0.413580,0.028548,11.760000,-64.050003,-17.080000,1770369799.687785
-0.009272,0.366000,0.206668,22.889999,-58.520000,-11.620000,1770369799.695836
0.006588,0.345260,0.501908,29.889999,-53.340000,-5.040000,1770369799.703784
0.014884,0.319396,0.834968,29.120001,-37.660000,0.070000,1770369799.711773
0.028792,0.247660,1.082140,19.740000,-27.790001,-0.630000,1770369799.719955
0.041968,0.138348,1.200724,14.420000,-15.750000,-2.800000,1770369799.727799
0.065148,0.000976,1.292224,7.770000,-7.420000,-10.990000,1770369799.735784
0.092720,-0.182268,1.451556,4.900000,0.770000,-17.080000,1770369799.743780
0.135420,-0.329400,1.599420,10.850000,5.950000,-26.320000,1770369799.751818
0.178852,-0.470188,1.877824,29.120001,2.450000,-36.189999,1770369799.759807
0.175192,-0.607804,2.075464,42.770000,-0.210000,-44.029999,1770369799.767783
0.127124,-0.642940,2.115480,39.549999,-14.840000,-41.369999,1770369799.775784
0.118340,-0.619028,2.025688,23.660000,-42.209999,-39.480000,1770369799.783802
0.160308,-0.626592,1.941508,5.320000,-73.150002,-29.680000,1770369799.791811
0.273768,-0.589016,1.945656,-6.860000,-101.919998,-25.549999,1770369799.799788
0.392596,-0.477508,1.876116,-15.890000,-123.339996,-16.309999,1770369799.807780
0.482388,-0.332084,1.698728,-18.340000,-135.520004,-18.340000,1770369799.815806
0.547292,-0.146644,1.367376,-20.230000,-142.169998,-19.670000,1770369799.825795
0.590480,-0.006832,1.141920,-20.230000,-140.070007,-20.440001,1770369799.833487
0.651480,0.182024,0.921832,-20.930000,-127.889999,-22.820000,1770369799.840563
0.691008,0.337208,0.740296,-20.020000,-104.790001,-12.110000,1770369799.848533
0.708576,0.455060,0.605364,-21.350000,-75.250000,-9.310000,1770369799.856151
0.690520,0.539484,0.437736,-17.639999,-25.200001,-5.180000,1770369799.868336
0.625128,0.557540,0.298900,-17.010000,-0.980000,-5.390000,1770369799.874194
0.527040,0.529968,0.193248,-16.100000,24.990000,0.070000,1770369799.882074
0.417972,0.486292,0.108336,-15.330000,46.830002,-0.560000,1770369799.890072
0.262544,0.428220,0.017812,-14.560000,73.220001,-0.420000,1770369799.901880
0.202276,0.411628,0.003904,-9.800000,80.779999,-3.570000,1770369799.907339
0.129564,0.399184,0.018300,-10.920000,86.239998,-1.610000,1770369799.914084
0.054656,0.379664,0.071736,-10.500000,90.930000,-5.530000,1770369799.921470
0.007076,0.347944,0.195200,-8.190000,92.050003,-8.190000,1770369799.931872
-0.000488,0.313784,0.293288,-5.320000,89.320000,-11.690000,1770369799.938117
-0.002928,0.267912,0.494588,2.450000,78.540001,-16.660000,1770369799.948655
0.007808,0.251564,0.668804,9.380000,71.260002,-15.960000,1770369799.954758
0.050020,0.230580,1.072624,14.560000,58.169998,-13.510000,1770369799.966441
0.076372,0.189832,1.362740,13.440000,45.430000,-12.740000,1770369799.974434
0.131272,0.111508,1.497428,6.300000,33.669998,-13.930000,1770369799.983768
0.231556,-0.020740,1.571116,1.470000,29.680000,-13.160000,1770369799.992083
0.368440,-0.181780,1.718492,3.080000,24.780001,-7.840000,1770369799.998585
0.480924,-0.359900,1.914912,15.190000,25.200001,-6.790000,1770369800.007438
0.480192,-0.479704,1.974448,24.290001,30.799999,-6.650000,1770369800.014708
0.441396,-0.569984,2.041060,19.740000,47.880001,-12.180000,1770369800.025605
0.405284,-0.570960,2.078636,13.440000,59.709999,-16.170000,1770369800.030662
0.314272,-0.510204,2.053748,0.140000,79.449997,-21.350000,1770369800.040736
0.224480,-0.438224,1.967860,-14.560000,88.830002,-24.360001,1770369800.048425
0.106140,-0.315980,1.835612,-27.510000,90.300003,-24.920000,1770369800.054976
-0.019764,-0.185440,1.672864,-39.270000,83.300003,-26.740000,1770369800.063148
-0.136640,-0.062708,1.470832,-53.759998,70.279999,-24.430000,1770369800.071051
-0.227408,0.027572,1.266116,-56.980000,54.599998,-23.170000,1770369800.078852
-0.287920,0.094916,1.057252,-56.279999,36.610001,-26.670000,1770369800.086862
-0.323788,0.158844,0.842776,-51.450001,16.799999,-31.430000,1770369800.094863
-0.348920,0.233508,0.642940,-43.959999,-2.520000,-39.200001,1770369800.102883
-0.346724,0.317688,0.473360,-39.759998,-17.639999,-44.939999,1770369800.110846
-0.323056,0.413092,0.347456,-33.669998,-31.360001,-49.349998,1770369800.118847
-0.276696,0.496540,0.240340,-26.180000,-40.250000,-42.910000,1770369800.126869
-0.243268,0.542412,0.160796,-26.180000,-46.200001,-41.160000,1770369800.134833
-0.205448,0.556076,0.088084,-23.100000,-49.560001,-35.770000,1770369800.142843
-0.170312,0.538752,0.053680,-16.870001,-52.779999,-29.120001,1770369800.150885
-0.126148,0.497516,0.040260,-11.760000,-59.430000,-26.530001,1770369800.158869
-0.085400,0.409920,0.044896,3.150000,-65.589996,-19.740000,1770369800.166869
-0.053924,0.345748,0.114680,16.870001,-71.400002,-10.570000,1770369800.174837
-0.039528,0.314272,0.289140,31.430000,-74.480003,-5.880000,1770369800.182830
-0.037820,0.318664,0.486536,36.400002,-71.959999,3.150000,1770369800.190850
-0.032208,0.296948,0.689788,40.180000,-65.379997,8.330000,1770369800.198888
-0.027816,0.263520,0.921588,41.230000,-53.549999,11.550000,1770369800.206842
-0.028304,0.172996,1.118008,37.169998,-38.220001,4.830000,1770369800.214852
-0.012688,0.106872,1.241228,25.830000,-27.930000,-4.830000,1770369800.222838
0.047336,-0.010248,1.431304,20.090000,-13.510000,-18.969999,1770369800.230838
0.115412,-0.158356,1.593076,19.389999,-1.330000,-25.270000,1770369800.238849
0.178364,-0.276208,1.959076,30.730000,7.210000,-30.309999,1770369800.246880
0.176412,-0.366976,2.322392,29.120001,11.410000,-32.410000,1770369800.254855
0.111752,-0.492880,2.325320,20.090000,0.980000,-36.189999,1770369800.262832
0.112484,-0.609756,2.140368,11.970000,-28.350000,-28.910000,1770369800.270831
0.181780,-0.653432,2.117188,2.870000,-68.040001,-18.620001,1770369800.278847
0.297192,-0.643916,2.121580,-3.360000,-106.610001,-4.620000,1770369800.286867
0.406504,-0.595360,1.958588,-9.870000,-136.080002,4.480000,1770369800.294836
0.489220,-0.498492,1.673108,-14.770000,-156.029999,8.680000,1770369800.302876
0.539484,-0.360388,1.335412,-15.680000,-167.369995,10.570000,1770369800.310855
0.578524,-0.213744,1.047004,-18.620001,-166.669998,10.010000,1770369800.318859
0.638548,-0.052216,0.806420,-18.549999,-151.059998,8.890000,1770369800.326913
0.696620,0.119072,0.615612,-20.090000,-124.809998,6.020000,1770369800.334828
0.716872,0.254980,0.433588,-17.990000,-91.629997,12.810000,1770369800.342848
0.689544,0.351360,0.275476,-15.190000,-53.619999,13.020000,1770369800.350834
0.621712,0.418460,0.150548,-9.590000,-14.210000,15.820000,1770369800.358899
0.529968,0.447740,0.054412,-7.000000,21.280001,14.700000,1770369800.366851
0.414312,0.452132,-0.000732,-6.930000,51.730000,15.400000,1770369800.374839
0.302804,0.443104,-0.023668,-7.210000,77.419998,9.800000,1770369800.382838
0.203008,0.430416,-0.013664,-10.430000,96.389999,7.070000,1770369800.390834
0.115900,0.409920,0.018300,-14.070000,108.360001,2.800000,1770369800.398849
0.048556,0.357704,0.085888,-13.650000,115.430000,-4.270000,1770369800.406875
0.012932,0.289872,0.177144,-11.060000,117.250000,-7.630000,1770369800.414839
-0.000244,0.221552,0.282064,0.350000,112.139999,-10.640000,1770369800.422905
-0.000976,0.161284,0.418948,14.140000,101.290001,-10.290000,1770369800.430843
0.018056,0.128832,0.697352,28.559999,83.300003,-2.800000,1770369800.438852
0.052216,0.118828,1.098976,38.849998,66.360001,3.360000,1770369800.446888
0.089304,0.141520,1.514020,41.160000,48.090000,7.980000,1770369800.454887
0.133712,0.148108,1.773148,31.920000,35.000000,7.630000,1770369800.462834
0.227164,0.063196,1.855376,24.990000,30.870001,6.090000,1770369800.470852
0.375760,-0.104920,1.834148,21.420000,25.690001,9.800000,1770369800.478895
0.456280,-0.243024,1.843176,27.860001,15.610000,9.870000,1770369800.486855
0.428464,-0.387472,1.942240,24.850000,18.969999,15.820000,1770369800.494866
0.409920,-0.523868,2.047160,18.969999,35.209999,4.900000,1770369800.502880
0.356484,-0.608536,2.099864,14.070000,62.020000,-2.030000,1770369800.510834
0.256444,-0.599020,2.021540,6.440000,89.529999,-13.580000,1770369800.518849
0.144692,-0.492636,1.915888,-3.430000,106.050003,-25.620001,1770369800.526856
0.022204,-0.326228,1.786568,-19.670000,111.160004,-30.660000,1770369800.534879
-0.112484,-0.177388,1.619916,-36.750000,104.160004,-32.060001,1770369800.542839
-0.241072,-0.055388,1.386652,-47.740002,85.050003,-28.139999,1770369800.550883
-0.341844,0.014640,1.098244,-51.099998,62.160000,-27.299999,1770369800.558868
-0.414800,0.088816,0.848876,-48.439999,31.990000,-25.200001,1770369800.566887
-0.458964,0.182024,0.659288,-43.959999,2.240000,-29.120001,1770369800.574837
-0.473848,0.304512,0.518744,-35.770000,-24.080000,-32.830002,1770369800.582836
-0.449204,0.414312,0.388936,-27.719999,-47.110001,-36.400002,1770369800.590879
-0.409188,0.501664,0.280356,-16.590000,-65.169998,-40.250000,1770369800.598854
-0.325252,0.598776,0.187148,-5.320000,-80.150002,-39.270000,1770369800.606874
-0.257420,0.658312,0.099064,2.590000,-94.080002,-36.400002,1770369800.614830
-0.180072,0.674172,0.027084,6.440000,-102.900002,-29.820000,1770369800.622868
-0.107604,0.637572,-0.037088,9.730000,-112.910004,-21.559999,1770369800.631487
-0.045872,0.578768,-0.064904,11.760000,-120.330002,-11.130000,1770369800.639474
-0.004880,0.515816,0.005368,10.290000,-122.010002,-5.600000,1770369800.647463
0.034892,0.468968,0.121024,9.520000,-117.040001,3.780000,1770369800.655470
0.077592,0.398940,0.274988,16.660000,-109.620003,6.510000,1770369800.663574
0.126636,0.333304,0.512156,23.170000,-94.430000,8.750000,1770369800.671474
0.189100,0.292068,0.814716,29.889999,-76.650002,7.070000,1770369800.679485
0.248392,0.228384,1.100684,32.200001,-52.990002,2.800000,1770369800.687576
0.311100,0.165432,1.331752,28.209999,-25.690001,-2.590000,1770369800.695458
0.385764,0.090768,1.548424,18.549999,1.330000,-11.480000,1770369800.703452
0.490196,0.011956,1.732888,1.540000,22.610001,-11.690000,1770369800.711960
0.571936,-0.119560,1.984452,-3.010000,38.220001,-10.640000,1770369800.719517
0.601704,-0.325252,2.311900,7.560000,50.330002,-10.920000,1770369800.727459
0.470920,-0.486536,2.333616,14.980000,45.080002,-11.760000,1770369800.735439
0.311100,-0.557052,2.157448,9.870000,28.700001,-9.450000,1770369800.743453
0.255956,-0.589992,2.023736,-1.680000,-2.870000,-7.000000,1770369800.751599
0.244488,-0.599996,2.000068,-11.130000,-35.840000,-0.140000,1770369800.759463
0.277184,-0.564128,1.944924,-20.020000,-65.800003,0.210000,1770369800.767453
0.333060,-0.467992,1.762168,-24.570000,-89.669998,0.910000,1770369800.775436
0.389424,-0.337940,1.475224,-27.299999,-109.830002,-3.290000,1770369800.783594
0.440176,-0.227408,1.183888,-31.639999,-119.910004,-6.160000,1770369800.791466
0.483120,-0.120292,0.951356,-31.780001,-119.489998,-10.360000,1770369800.799464
0.542168,0.020008,0.761768,-30.660000,-104.720001,-11.270000,1770369800.807454
0.579744,0.131760,0.566080,-30.450001,-81.900002,-3.920000,1770369800.815452
0.579744,0.193004,0.370148,-25.059999,-55.790001,-0.560000,1770369800.823447
0.554368,0.222528,0.216916,-23.309999,-31.150000,7.070000,1770369800.831461
0.490196,0.249612,0.084180,-17.780001,-6.650000,11.480000,1770369800.840146
0.418704,0.271328,0.002684,-13.440000,16.940001,11.900000,1770369800.847496
0.339892,0.295240,-0.041724,-7.980000,38.990002,15.260000,1770369800.855468
0.259372,0.310612,-0.066124,-4.760000,59.849998,13.790000,1770369800.863599
0.181780,0.314516,-0.065392,-6.090000,76.019997,15.750000,1770369800.871465
0.101504,0.311344,-0.025620,-6.090000,90.089996,13.720000,1770369800.879462
0.043920,0.287188,0.040260,-7.770000,101.500000,7.420000,1770369800.887464
0.011224,0.244488,0.168116,-3.150000,107.730003,5.740000,1770369800.895482
-0.002928,0.186660,0.328424,10.640000,103.529999,0.490000,1770369800.903531
0.014152,0.127856,0.559736,24.290001,92.610001,-1.400000,1770369800.911487
0.021472,0.091744,0.889136,35.770000,75.459999,-3.850000,1770369800.919466
0.053436,0.089060,1.293200,44.520000,54.740002,-3.710000,1770369800.927463
0.084424,0.111752,1.660420,41.299999,38.430000,-4.620000,1770369800.935453
0.164456,0.083692,1.809748,32.270000,30.100000,-8.680000,1770369800.943486
0.305488,-0.046116,1.827804,29.190001,28.770000,-10.290000,1770369800.951477
0.481656,-0.238388,1.907348,34.580002,26.459999,-8.890000,1770369800.959459
0.569252,-0.385520,1.960052,39.619999,20.719999,-4.200000,1770369800.967550
0.561932,-0.499712,2.031788,37.869999,24.010000,1.610000,1770369800.975453
0.561932,-0.562664,2.171844,27.860001,43.540001,3.710000,1770369800.983455
0.498492,-0.559492,2.255536,11.200000,73.989998,0.000000,1770369800.991605
0.357216,-0.468724,2.169160,-5.390000,105.839996,-9.590000,1770369800.999465
0.192760,-0.305000,2.020076,-27.790001,126.279999,-19.320000,1770369801.007455
0.038308,-0.123952,1.841956,-46.200001,130.059998,-25.969999,1770369801.015453
-0.116144,-0.001708,1.589904,-58.660000,120.820000,-28.910000,1770369801.023435
-0.247904,0.087840,1.262456,-67.059998,101.010002,-31.709999,1770369801.031477
-0.335012,0.156404,0.952820,-62.720001,75.529999,-31.150000,1770369801.039457
-0.401868,0.222040,0.729316,-54.459999,46.270000,-31.360001,1770369801.047455
-0.442616,0.292800,0.557052,-42.980000,15.750000,-33.740002,1770369801.055485
-0.453352,0.357460,0.387960,-30.660000,-9.240000,-35.139999,1770369801.063779
-0.429684,0.407968,0.252784,-18.969999,-27.510000,-35.700001,1770369801.071668
-0.377956,0.470432,0.136884,-9.520000,-39.549999,-38.779999,1770369801.079551
-0.336720,0.513864,0.069784,-3.710000,-48.860001,-35.840000,1770369801.087463
-0.281332,0.543632,0.039040,-1.890000,-57.189999,-31.780001,1770369801.095608
-0.225700,0.529968,0.010248,-2.800000,-67.199997,-25.549999,1770369801.103614
-0.162260,0.486048,-0.023424,-3.570000,-77.699997,-19.670000,1770369801.111473
-0.101016,0.425292,0.016348,4.200000,-88.129997,-15.400000,1770369801.119476
-0.042944,0.353556,0.176656,11.340000,-91.629997,-5.530000,1770369801.127484
-0.007320,0.283284,0.403820,24.150000,-88.900002,1.890000,1770369801.135466
0.011468,0.255224,0.618296,34.509998,-81.760002,7.420000,1770369801.143512
0.025620,0.211304,0.904752,38.919998,-70.070000,10.710000,1770369801.151472
0.051728,0.157868,1.183644,37.660000,-54.320000,6.090000,1770369801.159460
0.083204,0.055144,1.311500,35.139999,-35.910000,0.770000,1770369801.167530
0.105164,-0.095404,1.395436,31.080000,-14.000000,-6.160000,1770369801.175452
0.175924,-0.224236,1.535004,33.599998,5.180000,-17.850000,1770369801.183429
0.264984,-0.320860,1.791936,45.709999,18.969999,-16.730000,1770369801.191470
0.315736,-0.399184,2.300676,55.509998,25.830000,-18.969999,1770369801.199469
0.230092,-0.445056,2.514908,41.860001,19.180000,-20.790001,1770369801.207454
0.145912,-0.524112,2.289208,16.730000,-7.350000,-16.170000,1770369801.215465
0.154696,-0.631228,2.124264,-0.210000,-49.560001,-11.830000,1770369801.223529
0.249124,-0.657336,2.115236,-11.900000,-91.769997,-1.820000,1770369801.231467
0.359168,-0.567544,2.020564,-18.690001,-124.040001,0.350000,1770369801.239463
0.454328,-0.421632,1.767292,-26.389999,-148.679993,3.710000,1770369801.247437
0.533384,-0.276452,1.406172,-28.980000,-163.800003,0.420000,1770369801.255451
0.590724,-0.146644,1.079212,-30.940001,-169.470001,-2.660000,1770369801.263450
0.649772,0.005368,0.817400,-33.529999,-161.699997,-4.830000,1770369801.271467
0.720532,0.136152,0.593408,-35.070000,-131.740005,-2.030000,1770369801.279573
0.747860,0.231556,0.402600,-33.320000,-94.919998,1.260000,1770369801.287476
0.751276,0.279136,0.250100,-30.520000,-51.310001,1.890000,1770369801.295446
0.715164,0.299388,0.110044,-21.700001,-8.610000,5.180000,1770369801.303453
0.626592,0.313784,0.000244,-17.570000,30.590000,8.890000,1770369801.311462
0.495076,0.319152,-0.082716,-12.740000,65.660004,12.250000,1770369801.319455
0.360632,0.323300,-0.127856,-9.450000,93.169998,12.950000,1770369801.327487
0.240584,0.317932,-0.141520,-5.320000,113.680000,15.820000,1770369801.335505
0.130296,0.313296,-0.130296,-4.130000,127.540001,13.440000,1770369801.343431
0.032452,0.304512,-0.074176,-3.500000,134.539993,11.130000,1770369801.351491
-0.045384,0.292556,0.007076,-1.540000,135.449997,8.540000,1770369801.359482
-0.087840,0.253028,0.131028,0.210000,128.100006,4.130000,1770369801.367485
-0.103212,0.181780,0.283528,11.760000,115.709999,3.500000,1770369801.375442
-0.104920,0.101748,0.524844,24.010000,94.430000,3.850000,1770369801.383457
-0.101504,0.039040,0.862540,36.540001,72.099998,4.970000,1770369801.391486
-0.071004,0.018056,1.332972,43.049999,46.900002,5.040000,1770369801.399578
-0.045872,0.025864,1.745820,36.330002,28.139999,2.030000,1770369801.407460
0.016592,-0.003172,1.861476,27.299999,25.690001,-5.950000,1770369801.415455
0.147376,-0.104432,1.803648,31.639999,31.570000,-19.809999,1770369801.423438
0.294020,-0.237168,1.927600,37.939999,40.389999,-14.070000,1770369801.431572
0.378444,-0.356972,2.047648,36.610001,41.509998,-16.450001,1770369801.439496
0.357460,-0.484584,2.056432,36.959999,35.139999,-11.480000,1770369801.447456
0.316712,-0.568276,2.226256,28.280001,41.720001,-11.270000,1770369801.455457
0.270352,-0.566812,2.364360,15.120000,56.490002,-15.750000,1770369801.463481
0.178120,-0.510936,2.276764,-5.320000,70.839996,-17.850000,1770369801.471472
0.067344,-0.403820,2.069608,-24.639999,77.980003,-28.209999,1770369801.479544
-0.035136,-0.276696,1.824876,-42.840000,71.820000,-27.510000,1770369801.487559
-0.128832,-0.173240,1.513776,-51.869999,57.049999,-30.590000,1770369801.495448
-0.204716,-0.103944,1.212192,-49.070000,36.889999,-28.559999,1770369801.503482
-0.242780,-0.027084,0.965264,-42.630001,16.030001,-30.799999,1770369801.511477
-0.259616,0.070272,0.805444,-34.090000,-1.470000,-33.810001,1770369801.519454
-0.266204,0.167628,0.701744,-27.510000,-15.260000,-41.020000,1770369801.527468
-0.268156,0.265228,0.574376,-22.750000,-24.639999,-46.410000,1770369801.535478
-0.259616,0.354776,0.415776,-15.120000,-30.379999,-54.529999,1770369801.543458
-0.251320,0.424804,0.261080,-9.660000,-31.570000,-57.750000,1770369801.551466
-0.236680,0.465064,0.120292,0.490000,-34.790001,-60.549999,1770369801.559569
-0.195932,0.482632,0.019520,7.420000,-40.250000,-59.009998,1770369801.567453
-0.158844,0.480924,-0.043188,13.790000,-45.990002,-48.230000,1770369801.575454
-0.127368,0.490440,-0.062952,18.900000,-55.230000,-40.320000,1770369801.583457
-0.094428,0.506788,-0.004148,19.180000,-66.080002,-28.350000,1770369801.591603
-0.054900,0.526796,0.145912,16.450001,-76.510002,-22.120001,1770369801.599466
-0.032208,0.513864,0.290360,11.970000,-83.860001,-12.810000,1770369801.607439
0.000488,0.467748,0.427976,11.970000,-84.699997,-7.210000,1770369801.615463
0.035868,0.421144,0.614148,18.969999,-82.040001,-0.350000,1770369801.623503
0.078080,0.380640,0.872544,24.080000,-74.339996,1.610000,1770369801.631491
0.123952,0.379176,1.093608,27.160000,-62.299999,1.540000,1770369801.639471
0.178852,0.308904,1.293932,25.760000,-46.200001,-2.590000,1770369801.647459
0.265228,0.201056,1.515728,16.240000,-23.030001,-3.640000,1770369801.655557
0.396500,0.090280,1.761680,4.550000,-0.980000,-5.740000,1770369801.663586
0.488244,-0.069296,2.033984,-3.780000,18.969999,-5.390000,1770369801.671472
0.507276,-0.309392,2.327028,6.510000,38.430000,-3.920000,1770369801.679465
0.400160,-0.504104,2.422676,17.780001,45.430000,-9.660000,1770369801.687452
0.245220,-0.522892,2.267980,18.549999,35.840000,-3.920000,1770369801.695452
0.138104,-0.511912,2.130852,-2.240000,7.000000,2.170000,1770369801.703578
0.078080,-0.504348,2.041304,-24.780001,-33.599998,8.540000,1770369801.711466
0.089304,-0.515816,1.882460,-42.980000,-77.489998,6.160000,1770369801.719472
0.173972,-0.516548,1.631384,-52.849998,-115.779999,3.150000,1770369801.727542
0.287676,-0.493856,1.327116,-50.400002,-145.250000,2.030000,1770369801.735491
0.406260,-0.444568,1.069208,-41.860001,-166.320007,-1.470000,1770369801.743453
0.494344,-0.354776,0.856440,-32.900002,-172.199997,0.000000,1770369801.751455
0.588528,-0.223992,0.705892,-22.959999,-161.490005,-2.100000,1770369801.759468
0.658800,-0.078324,0.561200,-17.360001,-137.550003,1.680000,1770369801.767573
0.696376,0.055388,0.406260,-12.110000,-102.760002,5.040000,1770369801.775451
0.693448,0.139568,0.255956,-8.890000,-61.950001,7.560000,1770369801.783452
0.654896,0.185684,0.120536,-9.870000,-23.520000,10.430000,1770369801.791469
0.578036,0.201056,0.020496,-7.560000,11.830000,12.040000,1770369801.799455
0.480680,0.207156,-0.051728,-5.810000,43.189999,10.570000,1770369801.807574
0.378200,0.201056,-0.083204,-4.900000,72.589996,10.990000,1770369801.815482
0.275720,0.198616,-0.083448,-1.890000,94.989998,8.680000,1770369801.823444
0.175192,0.205448,-0.057096,-1.330000,114.029999,6.160000,1770369801.831489
0.083936,0.213500,-0.009272,-2.450000,126.699997,4.480000,1770369801.839469
0.015616,0.220088,0.055876,-3.080000,136.009995,1.260000,1770369801.847449
-0.029036,0.205448,0.167628,1.190000,135.309998,-3.150000,1770369801.855501
-0.047580,0.152012,0.333060,11.200000,126.699997,-1.540000,1770369801.863479
-0.040016,0.120536,0.619028,23.309999,108.080002,-5.040000,1770369801.871557
-0.022936,0.112728,1.036268,34.509998,84.980003,-0.560000,1770369801.879455
-0.010980,0.145180,1.515728,32.970001,59.290001,-3.850000,1770369801.887483
0.019276,0.170312,1.803404,26.879999,39.970001,-3.710000,1770369801.895448
0.126880,0.108580,1.861476,24.500000,33.459999,-8.470000,1770369801.903466
0.279868,-0.059536,1.877580,27.860001,30.590000,-7.000000,1770369801.911594
0.424072,-0.228872,1.963468,37.869999,20.440001,-11.900000,1770369801.919460
0.484340,-0.340380,1.986160,43.189999,5.880000,-17.080000,1770369801.927448
0.504348,-0.455792,2.127680,37.660000,7.910000,-18.690001,1770369801.935464
0.506300,-0.512644,2.270664,23.379999,32.340000,-10.570000,1770369801.943484
0.466772,-0.522892,2.264320,7.280000,59.849998,-10.220000,1770369801.951615
0.338428,-0.477264,2.116212,-8.890000,80.570000,-14.630000,1770369801.959489
0.189100,-0.368440,1.911740,-27.090000,87.709999,-19.459999,1770369801.967457
0.053436,-0.243756,1.677988,-40.320000,85.610001,-17.990000,1770369801.975450
-0.080764,-0.131028,1.408124,-47.950001,73.709999,-18.059999,1770369801.983485
-0.195444,-0.050264,1.117520,-50.400002,58.730000,-18.200001,1770369801.991466
-0.269376,0.033184,0.873764,-44.099998,37.799999,-17.850000,1770369801.999465
-0.318908,0.122488,0.706136,-36.959999,19.809999,-21.280001,1770369802.007455
-0.344528,0.214232,0.574132,-28.490000,3.010000,-27.160000,1770369802.015452
-0.355264,0.284992,0.424316,-16.450001,-9.100000,-35.840000,1770369802.023443
-0.335988,0.354044,0.257664,-4.550000,-20.299999,-40.250000,1770369802.031818
-0.316224,0.403088,0.139812,4.900000,-26.950001,-43.610001,1770369802.039473
-0.279868,0.454084,0.054900,14.420000,-36.470001,-40.810001,1770369802.047485
-0.243024,0.491172,-0.007564,19.389999,-46.759998,-33.810001,1770369802.055536
-0.192516,0.503616,-0.023912,22.190001,-59.500000,-22.959999,1770369802.063835
-0.134444,0.506056,-0.011956,21.209999,-72.940002,-18.200001,1770369802.071788
-0.083692,0.501420,0.075640,18.969999,-85.470001,-9.310000,1770369802.079636
-0.032940,0.499712,0.210084,12.250000,-92.959999,-1.890000,1770369802.087489
-0.008052,0.477752,0.328424,7.980000,-91.629997,1.890000,1770369802.095452
0.016836,0.419924,0.475312,9.660000,-85.120003,11.550000,1770369802.103458
0.051972,0.360632,0.691008,13.790000,-73.290001,10.920000,1770369802.111450
0.089548,0.302316,0.928908,23.309999,-59.639999,13.020000,1770369802.119441
0.118584,0.215940,1.130940,27.090000,-44.310001,11.830000,1770369802.127446
0.148596,0.115168,1.231712,25.760000,-24.920000,10.570000,1770369802.135471
0.210816,-0.079788,1.410320,19.879999,-11.200000,-4.480000,1770369802.143458
0.340136,-0.204228,1.627236,14.350000,0.770000,-8.400000,1770369802.151601
0.428220,-0.344284,1.955904,19.600000,15.050000,-12.810000,1770369802.159471
0.479460,-0.516548,2.314584,35.279999,31.709999,-11.550000,1770369802.167450
0.360632,-0.625860,2.434876,46.480000,37.869999,-7.630000,1770369802.175449
0.224724,-0.619272,2.315804,38.849998,26.809999,-7.070000,1770369802.183474
0.138836,-0.559248,2.217960,17.500000,-1.540000,-1.680000,1770369802.191487
0.104920,-0.477264,2.175504,-0.070000,-41.650002,-0.350000,1770369802.199475
0.126148,-0.379176,2.041792,-15.750000,-77.910004,1.260000,1770369802.207448
0.201056,-0.275476,1.786080,-25.830000,-112.489998,-1.680000,1770369802.215449
0.294020,-0.187392,1.474248,-28.559999,-145.809998,-0.980000,1770369802.223434
0.388692,-0.103700,1.169736,-31.360001,-166.320007,-4.830000,1770369802.231662
0.473360,-0.032208,0.946232,-30.450001,-171.990005,-6.720000,1770369802.239583
0.579988,0.076860,0.754448,-29.750000,-163.449997,-3.850000,1770369802.247445
0.641232,0.134932,0.583892,-29.750000,-139.300003,4.690000,1770369802.255445
0.673196,0.184952,0.409432,-24.290001,-107.730003,6.860000,1770369802.263440
0.660508,0.219844,0.221796,-22.959999,-70.559998,10.570000,1770369802.271452
0.613660,0.236192,0.051972,-15.750000,-33.740002,11.130000,1770369802.279522
0.553392,0.240340,-0.050264,-11.130000,-1.750000,9.660000,1770369802.287443
0.485072,0.233508,-0.098088,-4.970000,28.980000,12.600000,1770369802.295491
0.410652,0.223992,-0.101992,0.000000,56.840000,10.920000,1770369802.303453
0.329400,0.222772,-0.078568,2.660000,80.849998,13.020000,1770369802.311466
0.246196,0.224236,-0.036844,4.690000,103.949997,9.520000,1770369802.319461
0.168848,0.229604,0.010004,3.010000,118.930000,8.750000,1770369802.327441
0.108092,0.237900,0.087352,2.870000,130.619995,7.560000,1770369802.335464
0.068564,0.224480,0.211060,4.690000,133.070007,6.720000,1770369802.343482
0.042944,0.193248,0.386984,11.970000,131.179993,5.600000,1770369802.351575
0.040260,0.173728,0.672220,22.959999,123.129997,5.530000,1770369802.359501
0.024156,0.184464,1.090192,31.850000,110.459999,10.220000,1770369802.367511
0.022692,0.229848,1.593076,24.990000,102.199997,14.700000,1770369802.375440
0.039284,0.235948,1.867820,9.520000,80.080002,7.840000,1770369802.383469
0.081740,0.147132,1.850740,-6.090000,63.490002,10.780000,1770369802.391545
0.188368,-0.045628,1.867332,-5.810000,48.439999,9.100000,1770369802.399481
0.279136,-0.268644,1.900760,9.870000,25.900000,11.900000,1770369802.407483
0.260348,-0.423096,1.945656,22.610001,10.010000,0.350000,1770369802.415445
0.258640,-0.536068,2.107916,20.650000,11.900000,-5.950000,1770369802.423451
0.270596,-0.614636,2.241384,10.640000,30.379999,-13.020000,1770369802.431576
0.244000,-0.630252,2.208688,-1.190000,50.540001,-18.549999,1770369802.439478
0.162748,-0.561200,2.037400,-16.100000,58.799999,-29.190001,1770369802.447456
0.076372,-0.411872,1.835856,-28.280001,58.310001,-33.389999,1770369802.455460
-0.017080,-0.268644,1.619916,-41.090000,47.740002,-32.830002,1770369802.463513
-0.104920,-0.142496,1.350540,-50.680000,35.349998,-30.100000,1770369802.471635
-0.172020,-0.041480,1.076772,-52.500000,18.270000,-30.240000,1770369802.479460
-0.231312,0.054168,0.847412,-48.860001,1.190000,-27.299999,1770369802.487451
-0.268644,0.159820,0.665144,-44.380001,-12.740000,-33.810001,1770369802.495452
-0.290116,0.261324,0.489220,-32.549999,-27.719999,-36.189999,1770369802.503454
-0.311100,0.344772,0.321348,-22.330000,-38.360001,-41.369999,1770369802.511549
-0.298168,0.429928,0.189588,-10.920000,-46.340000,-46.270000,1770369802.519492
-0.256932,0.519476,0.107360,-0.980000,-53.830002,-42.349998,1770369802.527445
-0.216916,0.582916,0.038308,2.660000,-62.509998,-41.509998,1770369802.535471
-0.163724,0.611464,-0.012688,8.050000,-71.050003,-31.010000,1770369802.543498
-0.118828,0.583160,-0.055388,5.530000,-75.389999,-23.170000,1770369802.551467
-0.069784,0.531188,-0.069296,8.610000,-82.809998,-15.260000,1770369802.559469
-0.030988,0.462380,0.001952,7.560000,-86.660004,-8.750000,1770369802.567463
0.001952,0.384300,0.158356,11.550000,-84.000000,0.000000,1770369802.575449
0.033916,0.293532,0.344284,20.650000,-76.160004,5.740000,1770369802.583521
0.076860,0.229360,0.615856,30.940001,-64.750000,10.780000,1770369802.591472
0.130784,0.171288,0.950868,40.320000,-50.119999,9.240000,1770369802.599453
0.191052,0.111264,1.225612,46.410000,-33.459999,7.910000,1770369802.607461
0.220820,-0.002684,1.407148,46.270000,-13.650000,4.480000,1770369802.615522
0.272304,-0.132492,1.586976,46.830002,10.570000,-4.620000,1770369802.623455
0.401380,-0.244244,1.797548,44.939999,29.469999,-7.420000,1770369802.631497
0.496296,-0.354044,2.182336,58.380001,43.189999,-11.480000,1770369802.639540
0.507520,-0.455792,2.548824,66.849998,47.529999,-12.040000,1770369802.647457
0.329644,-0.518988,2.460984,53.200001,29.680000,-13.720000,1770369802.655582
0.210816,-0.582184,2.230648,33.529999,-2.450000,-13.510000,1770369802.663461
0.214964,-0.642452,2.119872,10.080000,-44.590000,-14.840000,1770369802.671475
0.296460,-0.637816,2.127924,-6.860000,-84.349998,-11.480000,1770369802.679566
0.413824,-0.508252,2.002752,-23.240000,-114.800003,-8.750000,1770369802.687449
0.519720,-0.385032,1.722640,-32.549999,-135.940002,-7.630000,1770369802.695453
0.592676,-0.286944,1.400804,-36.680000,-152.389999,-7.420000,1770369802.703452
0.646112,-0.178120,1.125572,-41.509998,-156.449997,-7.490000,1770369802.711547
0.714432,-0.031232,0.882792,-41.720001,-143.710007,-5.180000,1770369802.719494
0.771284,0.110288,0.697108,-39.410000,-116.339996,4.340000,1770369802.727447
0.782508,0.205448,0.545096,-38.849998,-77.839996,10.570000,1770369802.735478
0.749324,0.291336,0.400404,-32.689999,-35.560001,14.070000,1770369802.743458
0.669536,0.332816,0.262056,-27.719999,5.110000,20.860001,1770369802.751468
0.552660,0.336232,0.120780,-22.330000,42.840000,20.790001,1770369802.759485
0.422608,0.312564,0.026108,-16.660000,71.120003,20.930000,1770369802.767459
0.301340,0.302072,-0.042700,-12.880000,91.070000,18.549999,1770369802.775441
0.192760,0.286700,-0.068320,-8.120000,103.180000,17.709999,1770369802.783452
0.100284,0.294752,-0.070028,-11.690000,110.459999,15.260000,1770369802.791487
0.020496,0.292068,-0.032940,-11.550000,112.839996,14.490000,1770369802.799516
-0.030744,0.266448,0.042944,-13.440000,111.720001,10.080000,1770369802.807453
-0.060024,0.220088,0.159820,-14.000000,107.800003,6.160000,1770369802.815464
-0.052460,0.160308,0.308660,-0.910000,96.599998,1.680000,1770369802.823529
-0.022204,0.107604,0.488488,14.070000,80.080002,-0.350000,1770369802.831543
-0.010736,0.054412,0.739076,30.520000,61.740002,-1.470000,1770369802.839478
0.027572,0.028304,1.057252,40.529999,43.400002,-3.290000,1770369802.847456
0.091500,0.004392,1.396412,44.310001,25.059999,-0.630000,1770369802.855518
0.168360,-0.011224,1.620648,45.080002,11.830000,-5.600000,1770369802.863463
0.283284,-0.076128,1.718492,42.070000,7.140000,-6.300000,1770369802.871510
0.438712,-0.201056,1.723128,44.310001,6.160000,1.120000,1770369802.879484
0.590236,-0.351116,1.740696,45.639999,-3.640000,-1.330000,1770369802.887588
0.659532,-0.497272,1.822924,43.400002,-6.300000,5.950000,1770369802.895449
0.671732,-0.655384,1.966396,33.529999,12.180000,15.260000,1770369802.903455
0.602436,-0.804224,2.092300,16.660000,46.970001,11.200000,1770369802.911452
0.483120,-0.826672,2.134024,6.020000,87.639999,0.560000,1770369802.919510
0.343796,-0.724192,2.061312,-8.890000,115.150002,-11.340000,1770369802.927525
0.186416,-0.516548,1.969568,-22.750000,131.110001,-19.110001,1770369802.935467
0.028060,-0.302316,1.852448,-37.660000,127.889999,-22.330000,1770369802.943457
-0.128344,-0.133956,1.646756,-50.959999,108.290001,-22.820000,1770369802.951594
-0.256444,0.001220,1.337364,-55.160000,79.519997,-26.530001,1770369802.959462
-0.340380,0.123952,1.043832,-51.730000,43.400002,-29.330000,1770369802.967470
-0.385276,0.233264,0.825940,-40.599998,6.230000,-27.650000,1770369802.975454
-0.396500,0.335988,0.649040,-32.759998,-23.590000,-37.450001,1770369802.983452
-0.377956,0.413336,0.497516,-24.219999,-44.869999,-38.080002,1770369802.991555
-0.330376,0.500688,0.340380,-17.360001,-61.250000,-41.930000,1770369802.999494
-0.270108,0.581208,0.211548,-12.180000,-73.919998,-47.180000,1770369803.007454
-0.210084,0.626348,0.144204,-4.550000,-78.050003,-44.169998,1770369803.015479
-0.137616,0.630496,0.094428,-3.220000,-77.559998,-38.779999,1770369803.023440
-0.074664,0.592188,0.023668,-0.630000,-73.919998,-29.120001,1770369803.031489
-0.024156,0.527284,-0.038064,1.540000,-72.800003,-18.830000,1770369803.039493
0.009272,0.461404,-0.072468,4.550000,-72.589996,-7.840000,1770369803.047456
0.038552,0.414556,-0.024400,9.660000,-72.029999,-4.480000,1770369803.055494
0.055876,0.377956,0.100040,13.230000,-68.180000,1.680000,1770369803.063779
0.076128,0.346236,0.230092,13.090000,-60.759998,7.770000,1770369803.072233
0.101504,0.301828,0.400160,18.900000,-49.139999,17.290001,1770369803.079487
0.135176,0.275720,0.667828,19.740000,-38.360001,15.050000,1770369803.087475
0.176656,0.253028,0.947696,18.969999,-26.389999,14.070000,1770369803.095461
0.233264,0.208620,1.197796,22.959999,-14.770000,8.680000,1770369803.103454
0.281332,0.098576,1.423984,14.420000,2.310000,6.650000,1770369803.111511
0.370880,-0.012932,1.718736,7.070000,23.030001,2.380000,1770369803.119639
0.489708,-0.136884,2.001776,2.240000,41.650002,1.680000,1770369803.127447
0.542900,-0.345748,2.320440,14.630000,55.369999,5.810000,1770369803.135471
0.476044,-0.509716,2.411696,36.959999,56.419998,0.630000,1770369803.143454
0.278404,-0.571448,2.267492,40.389999,45.990002,6.510000,1770369803.151455
0.156892,-0.558028,2.105964,29.750000,26.110001,4.690000,1770369803.159484
0.102968,-0.563396,2.047160,6.440000,-6.860000,5.600000,1770369803.167574
0.117364,-0.578036,2.016416,-15.050000,-42.000000,3.500000,1770369803.175462
0.196908,-0.556320,1.908568,-28.629999,-75.669998,4.480000,1770369803.183452
0.314760,-0.502152,1.717516,-38.849998,-103.529999,2.520000,1770369803.191461
0.411140,-0.442860,1.441064,-37.869999,-125.440002,-1.120000,1770369803.199450
0.497760,-0.380640,1.152412,-34.160000,-137.619995,-1.890000,1770369803.207469
0.572668,-0.281576,0.947696,-27.299999,-138.039993,-3.500000,1770369803.215526
0.646844,-0.161528,0.799588,-17.780001,-125.019997,0.560000,1770369803.223441
0.701256,-0.013664,0.666120,-18.200001,-100.379997,5.880000,1770369803.231463
0.717116,0.098576,0.542900,-14.910000,-68.529999,10.570000,1770369803.239521
0.699548,0.177632,0.408456,-13.790000,-31.709999,15.960000,1770369803.247457
0.645136,0.217404,0.259616,-12.110000,2.660000,17.080000,1770369803.255448
0.561932,0.229360,0.142252,-7.000000,30.940001,19.670000,1770369803.263449
0.452376,0.232776,0.045872,-6.020000,56.279999,17.850000,1770369803.271478
0.349896,0.244000,-0.010980,-3.220000,74.760002,19.879999,1770369803.279442
0.254492,0.255956,-0.034648,-2.380000,90.720001,15.400000,1770369803.287441
0.168604,0.271816,-0.021472,-2.800000,103.250000,13.160000,1770369803.295490
0.082716,0.297680,0.006832,-1.120000,115.150002,12.040000,1770369803.303453
0.004636,0.313052,0.036844,-7.560000,125.019997,8.400000,1770369803.311451
-0.048312,0.298412,0.102236,-8.890000,129.080002,7.980000,1770369803.319465
-0.072956,0.256688,0.216916,-5.110000,125.440002,-0.350000,1770369803.327442
-0.083448,0.199104,0.393816,8.400000,113.889999,1.120000,1770369803.335715
-0.089792,0.159088,0.660508,23.100000,95.620003,1.050000,1770369803.343486
-0.096136,0.126392,1.037976,32.759998,72.589996,6.650000,1770369803.351464
-0.099308,0.124684,1.442772,33.740002,47.599998,6.090000,1770369803.359476
-0.090280,0.139568,1.656760,28.490000,27.580000,3.570000,1770369803.367442
-0.014396,0.034160,1.689212,21.209999,15.540000,-4.760000,1770369803.375438
0.133224,-0.131272,1.707756,27.230000,12.320000,-5.880000,1770369803.383475
0.271572,-0.280600,1.840492,34.299999,5.390000,-2.450000,1770369803.391473
0.319396,-0.440908,1.918572,39.060001,4.130000,-8.540000,1770369803.399468
0.309880,-0.629520,2.037644,34.650002,10.920000,-10.360000,1770369803.407456
0.334768,-0.747616,2.193560,29.190001,28.910000,-10.780000,1770369803.415496
0.335988,-0.682468,2.201612,25.549999,42.980000,-14.630000,1770369803.423445
0.251076,-0.620980,2.142808,7.630000,51.520000,-23.240000,1770369803.431524
0.162260,-0.386984,2.002996,-10.080000,54.740002,-23.870001,1770369803.439485
0.109312,-0.101260,1.809992,-27.790001,46.970001,-30.660000,1770369803.447552
0.020984,-0.072956,1.616500,-45.500000,32.200001,-30.660000,1770369803.455534
-0.098088,0.019276,1.320528,-55.160000,14.980000,-29.330000,1770369803.463464
-0.139812,0.130296,1.049688,-53.549999,-1.890000,-25.830000,1770369803.471471
-0.174704,0.230336,0.867176,-45.290001,-19.530001,-24.639999,1770369803.479455
-0.195932,0.374052,0.692472,-31.780001,-34.790001,-30.660000,1770369803.487548
-0.193736,0.403332,0.559736,-26.740000,-43.889999,-38.849998,1770369803.495451
-0.185684,0.466772,0.406016,-23.730000,-49.349998,-38.220001,1770369803.503453
-0.162016,0.529968,0.253028,-23.799999,-48.650002,-44.939999,1770369803.511574
-0.127124,0.571936,0.143228,-19.250000,-46.060001,-38.009998,1770369803.519465
-0.106140,0.565348,0.088572,-16.170000,-41.020000,-36.750000,1770369803.527446
-0.087108,0.532408,0.038796,-11.970000,-35.349998,-32.480000,1770369803.535470
-0.073444,0.489220,-0.018056,-4.340000,-34.580002,-21.700001,1770369803.543466
-0.051240,0.457988,-0.055388,0.420000,-37.660000,-18.340000,1770369803.551594
-0.015372,0.413092,0.000732,3.640000,-43.540001,-13.020000,1770369803.559465
0.017324,0.384788,0.143472,4.620000,-48.860001,-7.000000,1770369803.567455
0.036844,0.323056,0.316712,6.300000,-47.669998,1.190000,1770369803.575461
0.058316,0.261324,0.517768,14.560000,-42.209999,11.130000,1770369803.583490
0.075640,0.202764,0.793976,16.940001,-37.939999,13.510000,1770369803.591609
0.089304,0.147376,1.054324,15.540000,-30.799999,10.570000,1770369803.599469
0.100284,0.081496,1.231468,15.120000,-20.160000,8.330000,1770369803.607458
0.110044,-0.047580,1.300520,16.100000,-5.950000,-0.910000,1770369803.615455
0.132980,-0.247660,1.377868,17.990000,7.770000,-5.740000,1770369803.623437
0.187636,-0.445544,1.490108,25.969999,16.170000,-13.860000,1770369803.631480
0.277672,-0.620248,1.821460,54.320000,19.040001,-17.430000,1770369803.639595
0.300608,-0.722728,2.200880,79.449997,23.309999,-12.390000,1770369803.647488
0.190320,-0.695400,2.317268,70.349998,14.700000,-9.800000,1770369803.655452
0.119316,-0.656360,2.260660,42.910000,-9.170000,-7.280000,1770369803.663453
0.116876,-0.674904,2.176968,16.730000,-40.599998,-10.710000,1770369803.671502
0.192516,-0.651480,2.164280,0.560000,-70.910004,-15.400000,1770369803.679503
0.302804,-0.518012,2.078880,-11.200000,-99.190002,-16.450001,1770369803.687451
0.422364,-0.348432,1.859036,-21.980000,-122.919998,-18.549999,1770369803.695474
0.534604,-0.178608,1.587464,-25.900000,-142.169998,-22.820000,1770369803.703456
0.632204,-0.024400,1.331264,-30.309999,-153.160004,-24.010000,1770369803.711466
0.741028,0.108336,1.109468,-32.900002,-151.830002,-19.670000,1770369803.719458
0.824232,0.250100,0.849120,-34.509998,-134.750000,-5.250000,1770369803.727537
0.842288,0.277184,0.661972,-38.430000,-104.720001,2.590000,1770369803.735491
0.832772,0.294752,0.480436,-36.959999,-66.570000,12.250000,1770369803.743598
0.773724,0.307440,0.331108,-33.110001,-23.730000,16.520000,1770369803.751463
0.680272,0.295972,0.197884,-24.990000,18.620001,20.719999,1770369803.759465
0.569740,0.274988,0.076372,-14.630000,51.939999,18.620001,1770369803.767455
0.451888,0.253272,0.000488,-7.560000,79.660004,17.219999,1770369803.775471
0.327204,0.253028,-0.029280,0.700000,99.190002,15.750000,1770369803.783474
0.225456,0.256688,-0.021716,-0.350000,115.150002,11.900000,1770369803.791457
0.136396,0.260348,0.007808,1.750000,127.190002,8.750000,1770369803.799464
0.062952,0.267424,0.033428,-3.010000,134.960007,4.270000,1770369803.807458
0.002196,0.262300,0.048800,-5.320000,140.490005,0.560000,1770369803.815499
-0.047824,0.244976,0.090524,-5.880000,140.979996,1.120000,1770369803.823494
-0.072224,0.215940,0.180804,-3.360000,137.059998,-4.690000,1770369803.831474
-0.091012,0.177632,0.334768,6.510000,128.940002,-1.330000,1770369803.839520
-0.090036,0.141032,0.577792,16.450001,117.669998,-2.030000,1770369803.847464
-0.132492,0.126148,0.911340,21.280001,99.260002,-0.910000,1770369803.855486
-0.151524,0.169336,1.294664,22.330000,83.019997,0.140000,1770369803.863507
-0.180804,0.172020,1.580876,10.850000,65.800003,-0.560000,1770369803.871456
-0.163236,0.098332,1.691652,-0.210000,48.230000,-0.420000,1770369803.879477
-0.066124,-0.047092,1.723616,-5.670000,29.469999,-3.220000,1770369803.887480
0.081984,-0.234728,1.839760,3.780000,8.050000,1.680000,1770369803.895454
0.199592,-0.435540,1.931992,26.530001,-14.980000,5.530000,1770369803.903475
0.193736,-0.628300,2.051064,35.279999,-21.420000,-2.030000,1770369803.911469
0.203008,-0.738100,2.174040,29.959999,-8.680000,-9.590000,1770369803.919451
0.268644,-0.726632,2.211616,21.629999,9.660000,-17.080000,1770369803.927449
0.244244,-0.671000,2.147932,11.200000,28.770000,-19.670000,1770369803.935511
0.177144,-0.517036,2.009096,1.190000,39.759998,-26.600000,1770369803.943470
0.090768,-0.333548,1.869040,-17.219999,42.070000,-27.299999,1770369803.951468
-0.000976,-0.168360,1.688236,-29.330000,36.889999,-29.889999,1770369803.959469
-0.072468,-0.040748,1.441796,-39.549999,25.410000,-27.510000,1770369803.967486
-0.142984,0.047580,1.197308,-46.200001,11.060000,-25.059999,1770369803.975569
-0.181292,0.137616,0.987224,-43.400002,-2.100000,-25.129999,1770369803.983462
-0.218868,0.223016,0.802028,-42.000000,-15.960000,-22.049999,1770369803.991471
-0.233264,0.319152,0.631716,-36.400002,-28.559999,-28.910000,1770369803.999452
-0.237412,0.414800,0.458232,-33.880001,-40.040001,-29.680000,1770369804.007482
-0.243024,0.476044,0.324520,-27.230000,-45.220001,-32.340000,1770369804.015461
-0.230336,0.508984,0.209596,-17.219999,-48.580002,-33.389999,1770369804.023504
-0.197640,0.528504,0.115900,-10.850000,-51.869999,-33.459999,1770369804.031491
-0.155672,0.531432,0.046360,-2.660000,-58.169998,-30.660000,1770369804.039597
-0.117364,0.512888,-0.022936,0.560000,-63.980000,-21.980000,1770369804.047461
-0.087840,0.485316,-0.092476,3.010000,-69.720001,-16.940001,1770369804.055489
-0.041968,0.447252,-0.089304,9.170000,-79.449997,-8.330000,1770369804.063779
0.008296,0.431148,-0.000732,10.710000,-87.290001,-3.570000,1770369804.072293
0.043188,0.389424,0.162504,13.930000,-88.199997,-0.070000,1770369804.079513
0.085156,0.338428,0.335256,18.200001,-84.139999,6.300000,1770369804.087454
0.125416,0.295728,0.591212,23.520000,-74.059998,12.600000,1770369804.095476
0.165920,0.273280,0.901824,31.709999,-58.590000,11.690000,1770369804.103457
0.204960,0.238388,1.152168,33.040001,-41.439999,8.680000,1770369804.111462
0.233996,0.155428,1.329556,34.090000,-19.389999,2.450000,1770369804.119454
0.272060,0.018788,1.453264,24.780001,7.770000,-3.360000,1770369804.127449
0.345504,-0.129564,1.593564,21.490000,30.030001,-12.460000,1770369804.135451
0.436516,-0.293044,1.816092,28.980000,41.509998,-12.390000,1770369804.143464
0.487512,-0.478728,2.206248,44.730000,47.740002,-12.460000,1770369804.151470
0.403332,-0.591456,2.332152,52.360001,38.779999,-8.750000,1770369804.159450
0.250588,-0.656116,2.279692,39.480000,22.540001,-9.520000,1770369804.167522
0.218868,-0.694668,2.215764,21.209999,-6.300000,-10.220000,1770369804.175457
0.240828,-0.713212,2.229428,8.890000,-34.160000,-6.720000,1770369804.183453
0.307684,-0.607804,2.152812,-10.010000,-62.930000,-7.280000,1770369804.191455
0.384056,-0.488488,1.948584,-22.540001,-88.550003,-4.970000,1770369804.199454
0.462136,-0.376492,1.647244,-31.639999,-107.660004,-10.080000,1770369804.207446
0.523624,-0.271084,1.355420,-36.540001,-119.209999,-6.650000,1770369804.215502
0.566812,-0.151036,1.105320,-38.500000,-122.010002,-9.100000,1770369804.223445
0.617320,-0.010248,0.887428,-37.730000,-110.250000,-2.800000,1770369804.231466
0.681736,0.121512,0.687348,-31.080000,-84.839996,6.300000,1770369804.239485
0.673928,0.203740,0.513620,-31.430000,-52.220001,14.350000,1770369804.247448
0.637084,0.255468,0.341356,-26.950001,-16.520000,16.730000,1770369804.255455
0.562176,0.285480,0.184708,-19.670000,15.610000,22.680000,1770369804.263564
0.457988,0.304024,0.057584,-14.420000,46.759998,24.570000,1770369804.271462
0.340136,0.321348,-0.024888,-5.880000,70.139999,26.110001,1770369804.279463
0.241560,0.328668,-0.066612,-2.800000,86.379997,20.299999,1770369804.287453
0.144204,0.335500,-0.074664,-0.420000,96.809998,18.410000,1770369804.295451
0.061976,0.343064,-0.050264,1.120000,101.919998,15.610000,1770369804.303432
-0.012688,0.348432,-0.000244,-1.470000,106.470001,14.700000,1770369804.311462
-0.075884,0.335500,0.058072,-1.470000,106.470001,9.100000,1770369804.319564
-0.109556,0.302072,0.169580,-1.190000,100.589996,4.060000,1770369804.327477
-0.123952,0.231312,0.324764,9.450000,85.750000,4.690000,1770369804.335450
-0.118096,0.174704,0.511424,23.100000,66.919998,1.260000,1770369804.343466
-0.107604,0.101016,0.809592,38.290001,44.939999,3.290000,1770369804.351471
-0.065880,0.076616,1.188768,46.410000,19.809999,3.010000,1770369804.359493
-0.022448,0.101260,1.498648,47.180000,-1.540000,-0.210000,1770369804.367442
0.057828,0.080032,1.612840,40.599998,-12.740000,-2.380000,1770369804.375439
0.207156,-0.018300,1.651392,38.150002,-14.630000,-10.430000,1770369804.383462
0.409432,-0.178120,1.757044,40.040001,-10.290000,-9.100000,1770369804.391532
0.566324,-0.346968,1.889780,42.700001,-7.140000,-9.870000,1770369804.399485
0.580964,-0.508984,1.936384,45.430000,2.100000,-6.370000,1770369804.407451
0.578768,-0.653920,2.075464,42.419998,24.850000,-6.860000,1770369804.415456
0.594140,-0.705892,2.242848,40.740002,51.730000,-3.920000,1770369804.423483
0.510448,-0.662948,2.279692,25.410000,78.260002,-5.390000,1770369804.431591
0.368684,-0.533384,2.158668,2.240000,94.779999,-12.460000,1770369804.439680
0.230092,-0.376004,1.990064,-17.990000,101.709999,-16.940001,1770369804.447555
0.108336,-0.225944,1.808040,-37.310001,96.599998,-15.960000,1770369804.455468
-0.001220,-0.098332,1.585512,-50.049999,80.080002,-15.050000,1770369804.463450
-0.085400,-0.003416,1.349076,-57.540001,59.639999,-15.470000,1770369804.471469
-0.147132,0.089304,1.139724,-57.189999,38.080002,-13.580000,1770369804.479464
-0.189344,0.187148,0.962092,-49.419998,18.690001,-15.260000,1770369804.487599
-0.221552,0.296704,0.791536,-42.840000,4.200000,-21.350000,1770369804.495451
-0.243512,0.399184,0.601948,-31.430000,-5.530000,-24.709999,1770369804.503453
-0.249856,0.486048,0.406504,-23.100000,-10.780000,-28.070000,1770369804.511468
-0.250588,0.542168,0.223748,-15.050000,-11.270000,-29.540001,1770369804.519485
-0.246928,0.565592,0.097844,-11.550000,-11.200000,-31.709999,1770369804.527658
-0.226432,0.554124,0.028548,-8.120000,-9.310000,-27.860001,1770369804.535438
-0.198372,0.525820,-0.023180,-5.110000,-11.620000,-22.820000,1770369804.543472
-0.177876,0.486780,-0.076372,-3.430000,-17.990000,-15.470000,1770369804.551504
-0.157624,0.474336,-0.094916,1.750000,-31.150000,-7.770000,1770369804.559481
-0.143960,0.454328,-0.021716,7.560000,-44.450001,-3.360000,1770369804.567452
-0.112972,0.426512,0.135664,12.460000,-53.830002,0.000000,1770369804.575449
-0.079788,0.391132,0.310856,16.660000,-63.630001,5.740000,1770369804.583459
-0.067588,0.334768,0.520696,20.090000,-64.750000,7.980000,1770369804.591597
-0.061244,0.307440,0.776164,19.110001,-60.830002,12.670000,1770369804.599466
-0.043920,0.301340,1.020652,15.330000,-54.389999,11.060000,1770369804.607454
-0.021716,0.249612,1.196820,12.320000,-49.560001,7.840000,1770369804.615457
0.000976,0.104920,1.304668,5.880000,-40.110001,0.000000,1770369804.623435
0.027084,-0.073688,1.337364,-2.800000,-29.190001,-4.970000,1770369804.631616
0.094428,-0.277428,1.447652,-3.220000,-14.770000,-8.680000,1770369804.639486
0.238144,-0.446276,1.749480,8.960000,-7.070000,-10.990000,1770369804.647490
0.309148,-0.636596,2.190632,33.950001,3.430000,-4.270000,1770369804.655556
0.275476,-0.777140,2.420724,51.730000,8.120000,-7.770000,1770369804.663533
0.244000,-0.799100,2.325564,41.299999,-1.190000,-6.090000,1770369804.671468
0.248880,-0.814472,2.236992,26.530001,-23.520000,-3.920000,1770369804.679461
0.285968,-0.781288,2.193804,11.900000,-55.020000,4.760000,1770369804.687559
0.346236,-0.674904,2.072780,-4.340000,-81.550003,7.280000,1770369804.695511
0.437492,-0.546072,1.850984,-14.420000,-105.910004,12.040000,1770369804.703451
0.516060,-0.417972,1.519876,-21.840000,-127.330002,13.930000,1770369804.711482
0.576084,-0.279624,1.191452,-24.850000,-141.190002,13.160000,1770369804.719527
0.627324,-0.121024,0.916220,-25.969999,-144.059998,12.250000,1770369804.727448
0.680516,0.075396,0.681980,-24.850000,-132.229996,17.850000,1770369804.735462
0.691008,0.244976,0.477996,-22.959999,-106.610001,19.530001,1770369804.743502
0.685640,0.429196,0.301584,-21.209999,-71.820000,18.340000,1770369804.751476
0.668072,0.535336,0.190808,-14.770000,-30.030001,20.790001,1770369804.759469
0.601216,0.581696,0.119316,-14.210000,10.290000,18.900000,1770369804.767454
0.499468,0.586088,0.051728,-17.850000,49.840000,20.650000,1770369804.775446
0.368440,0.567056,-0.016836,-21.980000,82.320000,15.260000,1770369804.783523
0.233020,0.509960,-0.056120,-27.860001,108.639999,15.540000,1770369804.791475
0.113704,0.473116,-0.076128,-31.010000,125.650002,7.910000,1770369804.799468
0.014640,0.425048,-0.056120,-30.309999,136.289993,6.650000,1770369804.807449
-0.058072,0.369660,-0.004392,-27.719999,137.690002,-0.420000,1770369804.815440
-0.099796,0.305000,0.093452,-19.110001,133.210007,-7.770000,1770369804.823455
-0.115412,0.226432,0.237656,-7.980000,119.980003,-9.170000,1770369804.831550
-0.116144,0.135176,0.444080,7.770000,102.480003,-13.300000,1770369804.839560
-0.113216,0.057584,0.689300,23.870001,77.349998,-7.630000,1770369804.847546
-0.098576,0.013908,1.043100,38.570000,47.320000,-2.380000,1770369804.855479
-0.076860,-0.010736,1.494256,48.369999,16.030001,-3.780000,1770369804.863458
-0.049532,-0.021472,1.767536,51.590000,-3.780000,-2.100000,1770369804.871457
0.076128,-0.095648,1.880020,50.959999,-13.090000,-7.980000,1770369804.879486
0.260836,-0.237168,1.931260,52.849998,-16.590000,-10.430000,1770369804.887481
0.459940,-0.380396,2.035692,52.639999,-21.139999,-5.810000,1770369804.895488
0.488732,-0.560712,2.056188,49.490002,-18.200001,-0.770000,1770369804.903445
0.461648,-0.792512,2.139392,33.389999,5.320000,6.370000,1770369804.911466
0.439688,-0.913048,2.187460,21.000000,33.040001,5.040000,1770369804.919467
0.371612,-0.920124,2.136464,7.840000,56.139999,-4.900000,1770369804.927547
0.260836,-0.800076,2.036912,-7.910000,74.480003,-13.580000,1770369804.935454
0.155672,-0.615124,1.918572,-21.420000,85.470001,-18.620001,1770369804.943679
0.063196,-0.395524,1.779736,-37.869999,82.320000,-20.719999,1770369804.951469
-0.030500,-0.225212,1.591368,-46.340000,66.919998,-24.709999,1770369804.959466
-0.129320,-0.084180,1.348588,-48.299999,43.959999,-24.290001,1770369804.967453
-0.196908,0.060024,1.094096,-44.240002,18.270000,-26.530001,1770369804.975568
-0.245464,0.196420,0.869860,-37.939999,-3.220000,-27.650000,1770369804.983454
-0.270108,0.315004,0.683688,-33.740002,-22.959999,-31.920000,1770369804.991468
-0.276452,0.427000,0.494832,-29.889999,-38.360001,-37.520000,1770369804.999475
-0.260836,0.502640,0.292312,-25.620001,-46.689999,-45.500000,1770369805.007461
-0.231556,0.553880,0.135908,-20.230000,-49.980000,-45.639999,1770369805.015503
-0.187636,0.577304,0.030500,-13.440000,-49.560001,-41.090000,1770369805.023463
-0.155184,0.567788,-0.013420,-12.110000,-47.320000,-35.630001,1770369805.031466
-0.131760,0.520696,-0.014640,-10.990000,-42.910000,-30.450001,1770369805.039614
-0.113460,0.477020,-0.019764,-6.860000,-42.209999,-26.740000,1770369805.047466
-0.089548,0.441640,-0.027328,-2.940000,-43.470001,-20.090000,1770369805.055459
-0.055388,0.402844,0.046604,9.660000,-49.000000,-16.309999,1770369805.063632
-0.031720,0.370636,0.211304,15.960000,-52.009998,-8.330000,1770369805.071659
-0.029524,0.344284,0.426756,22.540001,-48.790001,0.770000,1770369805.079598
-0.039284,0.331596,0.621468,24.639999,-43.959999,6.160000,1770369805.087467
-0.049776,0.305732,0.862540,22.540001,-37.099998,10.430000,1770369805.095473
-0.047824,0.274256,1.103124,19.459999,-30.170000,5.950000,1770369805.103450
-0.034648,0.179584,1.273680,11.270000,-24.360001,3.990000,1770369805.111535
-0.014396,0.014884,1.370548,6.020000,-19.950001,-5.390000,1770369805.119486
0.014396,-0.198616,1.467660,4.760000,-13.860000,-10.710000,1770369805.127436
0.107604,-0.406992,1.678476,14.420000,-13.230000,-10.220000,1770369805.135442
0.190808,-0.620492,2.018124,41.369999,-14.840000,-7.560000,1770369805.143471
0.180560,-0.784460,2.296528,61.250000,-14.420000,-2.730000,1770369805.151478
0.149816,-0.820816,2.313364,58.029999,-20.370001,-7.210000,1770369805.159453
0.183976,-0.823500,2.231136,48.090000,-41.090000,-7.910000,1770369805.167483
0.238632,-0.829600,2.163792,35.279999,-69.370003,0.000000,1770369805.175449
0.324276,-0.763720,2.096692,26.600000,-97.860001,5.390000,1770369805.183446
0.428464,-0.618052,1.963468,9.870000,-122.430000,13.860000,1770369805.191470
0.518012,-0.471896,1.727520,-0.140000,-143.850006,15.960000,1770369805.199467
0.590968,-0.323056,1.407880,-7.560000,-155.119995,17.219999,1770369805.207464
0.640744,-0.170068,1.113860,-12.880000,-159.110001,15.820000,1770369805.215447
0.697108,0.003172,0.832284,-8.470000,-149.940002,18.760000,1770369805.223446
0.707356,0.185928,0.595848,-9.450000,-130.619995,19.879999,1770369805.231447
0.704916,0.335256,0.430904,-5.740000,-101.080002,17.639999,1770369805.239453
0.703940,0.419924,0.322080,-2.030000,-64.400002,15.610000,1770369805.247464
0.663436,0.447740,0.247904,-1.680000,-25.690001,15.400000,1770369805.255541
0.601216,0.473116,0.171532,-1.190000,8.960000,15.050000,1770369805.263452
0.502640,0.480924,0.095892,-7.560000,39.970001,11.480000,1770369805.271458
0.395524,0.482632,0.040992,-14.560000,64.120003,9.030000,1770369805.279459
0.291092,0.475068,0.016348,-18.340000,83.370003,2.730000,1770369805.287443
0.198372,0.462380,0.005368,-23.240000,96.739998,4.060000,1770369805.295457
0.107604,0.407236,0.035624,-25.129999,108.150002,-0.210000,1770369805.303522
0.035624,0.370880,0.061244,-28.070000,113.330002,-3.780000,1770369805.311466
-0.001708,0.350384,0.108580,-22.330000,111.370003,-7.210000,1770369805.319449
-0.010492,0.303292,0.199836,-13.790000,103.529999,-11.480000,1770369805.327437
-0.009272,0.272060,0.346724,-0.560000,91.209999,-7.770000,1770369805.335427
0.010736,0.221308,0.639768,12.460000,74.059998,-6.020000,1770369805.343471
0.038308,0.192516,1.035292,21.629999,58.939999,-2.030000,1770369805.351464
0.087108,0.195200,1.422032,23.450001,43.540001,5.530000,1770369805.359495
0.138104,0.151036,1.696044,18.900000,30.240000,2.590000,1770369805.367467
0.261812,0.000244,1.805356,10.220000,23.590000,8.120000,1770369805.375456
0.447496,-0.197884,1.806088,18.900000,14.210000,7.490000,1770369805.383575
0.575840,-0.363316,1.838784,29.610001,-0.770000,14.420000,1770369805.391465
0.520452,-0.508984,1.945656,31.709999,2.100000,2.450000,1770369805.399470
0.508252,-0.638548,2.023492,22.959999,24.290001,1.680000,1770369805.407454
0.514840,-0.709064,2.027152,15.120000,55.299999,5.530000,1770369805.415449
0.439444,-0.734684,1.963468,9.870000,79.309998,2.240000,1770369805.423477
0.293288,-0.696864,1.895392,-0.910000,97.300003,0.700000,1770369805.431585
0.160552,-0.564616,1.823412,-14.980000,108.360001,-9.100000,1770369805.439464
0.028792,-0.375272,1.705804,-26.530001,112.910004,-7.070000,1770369805.447469
-0.106140,-0.205448,1.532564,-38.500000,105.769997,-9.870000,1770369805.455453
-0.238632,-0.065636,1.303936,-44.869999,89.320000,-10.920000,1770369805.463505
-0.343796,0.057340,1.026508,-49.630001,66.220001,-14.140000,1770369805.471504
-0.416508,0.165432,0.787876,-45.990002,40.669998,-17.080000,1770369805.479455
-0.449692,0.283284,0.585844,-38.080002,14.910000,-20.510000,1770369805.487445
-0.465552,0.383812,0.427000,-28.420000,-8.890000,-29.469999,1770369805.495574
-0.449448,0.472384,0.314272,-15.680000,-30.730000,-29.680000,1770369805.503452
-0.394548,0.554368,0.233996,-6.020000,-47.810001,-31.010000,1770369805.511463
-0.329400,0.608292,0.154940,1.960000,-62.860001,-26.320000,1770369805.519464
-0.277672,0.629276,0.088084,6.650000,-74.059998,-23.030001,1770369805.527454
-0.218624,0.607560,0.033916,9.870000,-82.809998,-16.730000,1770369805.535434
-0.140056,0.581208,0.006588,13.860000,-95.760002,-8.960000,1770369805.543753
-0.065880,0.525088,0.030500,14.770000,-104.370003,-5.600000,1770369805.551603
0.000732,0.479216,0.149816,17.010000,-107.800003,4.620000,1770369805.559464
0.053924,0.420900,0.331596,16.730000,-105.139999,9.240000,1770369805.567458
0.105408,0.361364,0.553880,23.309999,-94.849998,18.760000,1770369805.575451
0.153232,0.321592,0.810568,32.619999,-83.440002,18.480000,1770369805.583456
0.194956,0.279868,1.072868,39.830002,-62.439999,23.520000,1770369805.591597
0.235460,0.191784,1.272948,42.070000,-38.779999,18.129999,1770369805.599473
0.267912,0.096624,1.409344,31.850000,-15.610000,6.650000,1770369805.607457
0.343308,0.011712,1.512556,22.190001,5.180000,-1.610000,1770369805.615478
0.440176,-0.108580,1.654808,21.770000,15.260000,-5.040000,1770369805.623438
0.523136,-0.267912,1.973960,27.719999,22.820000,-3.010000,1770369805.631460
0.506788,-0.430660,2.166232,36.400002,23.730000,-5.950000,1770369805.639476
0.365512,-0.524600,2.165988,27.860001,11.760000,-2.240000,1770369805.647470
0.313296,-0.605852,2.124752,11.970000,-7.070000,-7.630000,1770369805.655469
0.342088,-0.697108,2.065704,1.750000,-34.930000,-2.240000,1770369805.663470
0.388936,-0.713944,2.011780,-6.580000,-60.830002,-3.500000,1770369805.671472
0.447496,-0.622932,1.852204,-10.780000,-84.559998,-2.940000,1770369805.679462
0.498248,-0.480680,1.602104,-16.660000,-103.599998,2.170000,1770369805.687453
0.535092,-0.328424,1.320772,-21.350000,-115.989998,-0.770000,1770369805.695551
0.569984,-0.205692,1.081896,-22.400000,-118.930000,0.350000,1770369805.703485
0.630496,-0.078568,0.874008,-23.660000,-111.790001,2.030000,1770369805.711466
0.679052,0.038552,0.716628,-21.629999,-91.769997,7.910000,1770369805.719451
0.694424,0.136640,0.580720,-18.059999,-66.639999,15.330000,1770369805.727451
0.677344,0.201788,0.468724,-15.890000,-36.259998,21.350000,1770369805.735434
0.623664,0.232044,0.347456,-10.850000,-7.070000,23.940001,1770369805.743572
0.537288,0.241560,0.215696,-8.960000,18.690001,24.500000,1770369805.751475
0.441152,0.255956,0.109312,-5.390000,43.330002,23.940001,1770369805.759470
0.341112,0.268888,0.039040,-3.360000,62.090000,21.139999,1770369805.767454
0.261324,0.274744,0.022692,-1.400000,78.540001,19.320000,1770369805.775464
0.200324,0.271816,0.038064,-1.260000,92.750000,19.879999,1770369805.783460
0.149328,0.264740,0.085888,-3.360000,105.699997,14.840000,1770369805.791474
0.109556,0.238144,0.174216,0.910000,114.029999,12.040000,1770369805.799484
0.094916,0.198860,0.299144,6.090000,118.930000,10.220000,1770369805.807462
0.087596,0.173240,0.448716,16.870001,119.139999,5.600000,1770369805.815448
0.101260,0.162504,0.660752,30.100000,116.059998,3.290000,1770369805.823454
0.113948,0.164456,0.962092,36.959999,104.720001,4.270000,1770369805.831558
0.133224,0.191540,1.287344,40.320000,91.629997,2.940000,1770369805.839518
0.149328,0.253272,1.544520,37.310001,80.010002,4.620000,1770369805.847528
0.190564,0.163236,1.726544,30.379999,70.139999,11.900000,1770369805.855457
0.279136,-0.005368,1.753872,27.090000,54.040001,13.580000,1770369805.863579
0.382592,-0.162260,1.730204,20.510000,31.010000,25.270000,1770369805.871463
0.397476,-0.285968,1.742892,20.090000,14.000000,26.389999,1770369805.879673
0.367708,-0.408944,1.818776,16.730000,17.500000,25.969999,1770369805.887447
0.336232,-0.556564,1.920768,7.070000,41.299999,21.910000,1770369805.895457
0.266448,-0.663924,1.942240,4.900000,74.339996,13.860000,1770369805.903460
0.165188,-0.668804,1.868064,-3.430000,104.160004,0.140000,1770369805.911543
0.051728,-0.564372,1.804380,-8.330000,122.919998,-13.020000,1770369805.919494
-0.078812,-0.396256,1.738012,-18.549999,126.839996,-19.180000,1770369805.927452
-0.212280,-0.205692,1.608204,-30.309999,114.589996,-27.650000,1770369805.935438
-0.335256,-0.060268,1.405196,-41.299999,93.169998,-31.920000,1770369805.943501
-0.432368,0.042456,1.138504,-46.200001,62.860001,-36.610001,1770369805.951597
-0.476776,0.142252,0.850096,-45.430000,29.120001,-43.189999,1770369805.959468
-0.484096,0.245952,0.640744,-36.610001,-7.420000,-47.320000,1770369805.967455
-0.465796,0.359656,0.500688,-28.629999,-36.820000,-46.759998,1770369805.975454
-0.437004,0.475068,0.380640,-17.290001,-61.950001,-50.259998,1770369805.983555
-0.364780,0.569496,0.283772,-10.850000,-76.440002,-46.200001,1770369805.991474
-0.296460,0.624884,0.195688,-2.240000,-84.769997,-38.290001,1770369805.999481
-0.233020,0.653920,0.116876,0.910000,-94.849998,-34.580002,1770369806.007489
-0.165188,0.648308,0.035136,1.190000,-98.629997,-20.790001,1770369806.015453
-0.102480,0.606584,-0.053192,4.760000,-106.470001,-12.810000,1770369806.023453
-0.049044,0.553392,-0.086376,3.780000,-114.870003,-4.270000,1770369806.031472
0.003172,0.495320,-0.003416,4.690000,-116.690002,1.820000,1770369806.039514
0.062952,0.432124,0.152256,7.560000,-108.709999,8.960000,1770369806.047477
0.119316,0.380396,0.332084,11.620000,-98.139999,17.430000,1770369806.055453
0.165188,0.325008,0.611220,19.530001,-84.699997,23.030001,1770369806.063786
0.197396,0.285724,0.905728,21.629999,-63.209999,25.410000,1770369806.071647
0.228384,0.240340,1.183156,28.000000,-39.549999,17.850000,1770369806.079525
0.251320,0.151280,1.378844,25.410000,-13.720000,10.150000,1770369806.087465
0.271572,0.023668,1.498648,18.340000,16.379999,4.620000,1770369806.095457
0.313052,-0.163968,1.615768,14.420000,42.209999,-7.980000,1770369806.103459
0.417240,-0.303536,1.828292,24.639999,54.459999,-8.190000,1770369806.111596
0.457256,-0.499712,2.188436,50.750000,55.860001,-9.730000,1770369806.119452
0.329400,-0.580476,2.289208,58.169998,39.549999,-4.060000,1770369806.127446
0.162748,-0.652944,2.203320,39.060001,16.309999,-4.130000,1770369806.135438
0.098576,-0.701988,2.081076,19.320000,-17.990000,-4.970000,1770369806.143483
0.153964,-0.749568,2.073268,7.280000,-57.959999,-10.780000,1770369806.151607
0.241560,-0.661972,2.004216,-4.760000,-92.050003,-9.450000,1770369806.159455
0.361120,-0.516792,1.822924,-15.540000,-122.010002,-14.490000,1770369806.167442
0.472384,-0.362340,1.565992,-27.020000,-144.830002,-20.230000,1770369806.175448
0.569984,-0.224724,1.309792,-31.080000,-156.729996,-24.780001,1770369806.183472
0.670268,-0.108336,1.096536,-37.310001,-156.029999,-28.000000,1770369806.191599
0.776408,0.053192,0.857904,-36.470001,-138.529999,-16.309999,1770369806.199456
0.825208,0.184220,0.649040,-38.290001,-112.839996,-11.690000,1770369806.207452
0.829112,0.257420,0.472384,-37.869999,-77.769997,-0.910000,1770369806.215449
0.789340,0.302804,0.312808,-32.060001,-39.200001,3.640000,1770369806.223459
0.703208,0.313296,0.157868,-32.200001,-0.350000,11.620000,1770369806.231517
0.589748,0.316224,0.022204,-26.670000,33.880001,11.900000,1770369806.239539
0.468480,0.326228,-0.062464,-24.010000,62.580002,15.610000,1770369806.247551
0.347456,0.345748,-0.106384,-22.190001,85.120003,13.720000,1770369806.255474
0.243756,0.366732,-0.092964,-18.200001,103.389999,15.190000,1770369806.263448
0.147620,0.379176,-0.043920,-18.969999,118.089996,15.050000,1770369806.271451
0.063440,0.398208,0.010004,-21.139999,129.080002,9.590000,1770369806.279455
0.002196,0.378932,0.101260,-21.840000,132.509995,6.230000,1770369806.287448
-0.029524,0.327936,0.223992,-17.430000,129.570007,0.000000,1770369806.295451
-0.038064,0.243512,0.391132,-6.650000,123.550003,-0.210000,1770369806.303576
-0.035868,0.149572,0.582184,7.000000,110.389999,3.850000,1770369806.311468
-0.042212,0.026596,0.830820,21.070000,87.220001,3.150000,1770369806.319461
-0.038796,-0.044164,1.159976,28.840000,62.369999,0.420000,1770369806.327447
-0.025620,-0.078568,1.431304,36.189999,36.049999,7.420000,1770369806.335431
0.005124,-0.130784,1.595760,37.939999,17.500000,7.770000,1770369806.343434
0.117608,-0.193980,1.656516,41.299999,8.610000,5.950000,1770369806.351481
0.284016,-0.346724,1.769732,47.040001,4.340000,1.120000,1770369806.359496
0.433832,-0.503128,1.875140,48.580002,-1.120000,-1.540000,1770369806.367446
0.448228,-0.635132,1.911496,44.590000,7.840000,-0.770000,1770369806.375437
0.438468,-0.773724,1.998604,33.180000,29.120001,1.260000,1770369806.383451
0.388936,-0.858880,2.086688,18.900000,57.049999,-3.920000,1770369806.391595
0.291580,-0.804956,2.067900,7.070000,83.860001,-14.700000,1770369806.399466
0.177632,-0.654408,2.011048,-7.770000,100.309998,-22.540001,1770369806.407465
0.053680,-0.427976,1.933944,-24.780001,107.589996,-27.440001,1770369806.415493
-0.069784,-0.254492,1.818776,-40.459999,100.730003,-36.610001,1770369806.423456
-0.177144,-0.123464,1.617720,-55.509998,83.510002,-37.450001,1770369806.431535
-0.272304,-0.007808,1.360300,-61.040001,59.779999,-42.630001,1770369806.439589
-0.325984,0.101016,1.109224,-59.430000,31.500000,-45.639999,1770369806.447494
-0.357460,0.206180,0.889868,-55.720001,3.010000,-46.619999,1770369806.455457
-0.357704,0.301096,0.691008,-44.590000,-23.379999,-51.099998,1770369806.463453
-0.348188,0.408944,0.515816,-36.959999,-42.560001,-52.919998,1770369806.471548
-0.328180,0.500444,0.353068,-28.559999,-53.549999,-53.200001,1770369806.479475
-0.277428,0.605608,0.213988,-16.660000,-65.309998,-46.830002,1770369806.487453
-0.249124,0.662948,0.152256,-9.240000,-66.570000,-44.169998,1770369806.495451
-0.216916,0.676124,0.122488,-5.740000,-65.379997,-33.040001,1770369806.503571
-0.188368,0.647820,0.085156,-9.100000,-60.830002,-22.260000,1770369806.511469
-0.162992,0.602192,0.043920,-8.330000,-59.639999,-17.850000,1770369806.519453
-0.131516,0.530212,0.011224,-4.410000,-65.519997,-10.780000,1770369806.527483
-0.102968,0.435784,0.019276,4.200000,-68.180000,-6.720000,1770369806.535438
-0.081740,0.338672,0.111264,17.080000,-71.610001,3.290000,1770369806.543458
-0.060268,0.281332,0.305732,24.500000,-69.019997,9.800000,1770369806.551501
-0.033428,0.251808,0.540216,32.200001,-64.750000,16.520000,1770369806.559467
0.007076,0.228628,0.829356,35.980000,-63.279999,15.960000,1770369806.567454
0.038552,0.190076,1.149240,36.330002,-54.320000,15.540000,1770369806.575538
0.081496,0.108092,1.377624,36.959999,-45.150002,9.450000,1770369806.583460
0.111996,-0.028304,1.529148,28.420000,-34.090000,4.690000,1770369806.591464
0.181048,-0.172020,1.712880,23.870001,-18.969999,-7.280000,1770369806.599458
0.293776,-0.329888,1.884656,34.160000,-12.950000,-9.520000,1770369806.607611
0.369660,-0.497760,2.193072,52.290001,-8.960000,-14.280000,1770369806.615505
0.313052,-0.607560,2.224304,58.169998,-19.740000,-14.840000,1770369806.623442
0.253272,-0.702720,2.074976,38.849998,-38.500000,-16.379999,1770369806.631467
0.297192,-0.810568,1.980304,22.750000,-68.599998,-16.240000,1770369806.639467
0.410652,-0.905972,1.987624,6.580000,-100.519997,-11.900000,1770369806.647601
0.562908,-0.885476,1.958588,-4.900000,-128.100006,-1.680000,1770369806.655593
0.708820,-0.761280,1.831464,-7.000000,-147.490005,4.480000,1770369806.663455
0.801296,-0.577792,1.601860,-14.070000,-157.220001,8.890000,1770369806.671470
0.853268,-0.401624,1.344684,-15.190000,-157.149994,7.000000,1770369806.679465
0.890844,-0.195444,1.084336,-18.900000,-143.500000,6.160000,1770369806.687454
0.920856,0.022936,0.858636,-21.840000,-114.379997,11.830000,1770369806.695458
0.930860,0.195932,0.677588,-22.959999,-75.809998,15.540000,1770369806.703454
0.904508,0.285480,0.546560,-25.969999,-29.469999,22.469999,1770369806.711477
0.838628,0.326960,0.432856,-26.879999,14.070000,23.379999,1770369806.719462
0.722240,0.352092,0.324764,-24.290001,50.400002,26.600000,1770369806.727452
0.565592,0.379908,0.227164,-21.209999,81.620003,27.299999,1770369806.735435
0.415532,0.406260,0.127856,-20.020000,102.690002,23.940001,1770369806.743470
0.274012,0.409432,0.050020,-21.000000,118.440002,23.170000,1770369806.751470
0.156160,0.402112,0.009272,-21.840000,125.650002,20.020000,1770369806.759471
0.060268,0.389668,0.010248,-25.410000,128.520004,13.930000,1770369806.767457
-0.020252,0.364536,0.048068,-27.299999,130.410004,11.340000,1770369806.775500
-0.092964,0.323788,0.118096,-24.850000,127.889999,8.120000,1770369806.783460
-0.130296,0.288408,0.183976,-21.350000,120.750000,3.710000,1770369806.791473
-0.138348,0.230336,0.275232,-13.090000,108.779999,-2.800000,1770369806.799468
-0.114436,0.158356,0.412604,2.100000,90.860001,-3.710000,1770369806.807463
-0.073200,0.084424,0.572424,16.799999,69.930000,-6.230000,1770369806.815557
-0.024888,0.007320,0.788608,28.840000,46.410000,-3.220000,1770369806.823480
0.048312,-0.025132,1.077260,40.320000,22.049999,0.770000,1770369806.831468
0.130052,-0.070760,1.377868,46.970001,4.130000,-2.800000,1770369806.839468
0.207888,-0.122732,1.595272,50.049999,-4.200000,4.480000,1770369806.847534
0.335988,-0.195932,1.735572,52.150002,-9.240000,1.890000,1770369806.855529
0.491660,-0.329156,1.803892,53.619999,-15.400000,5.390000,1770369806.863568
0.598776,-0.477996,1.812676,49.700001,-20.719999,9.940000,1770369806.871464
0.601948,-0.639524,1.850984,43.750000,-10.710000,10.990000,1770369806.879482
0.586088,-0.772016,1.946144,25.270000,19.040001,6.300000,1770369806.887449
0.517036,-0.848144,2.008608,10.220000,59.360001,-2.450000,1770369806.895504
0.404796,-0.845460,1.940044,-1.190000,96.180000,-14.280000,1770369806.903452
0.284992,-0.700524,1.872700,-13.790000,120.889999,-25.059999,1770369806.911470
0.146888,-0.495808,1.862696,-24.920000,131.880005,-30.309999,1770369806.919629
0.002684,-0.284016,1.827804,-35.419998,129.289993,-33.950001,1770369806.927453
-0.143228,-0.095404,1.681160,-45.779999,111.370003,-37.169998,1770369806.935437
-0.269132,0.047092,1.443504,-48.020000,82.529999,-39.900002,1770369806.943451
-0.358680,0.187148,1.177788,-47.110001,42.070000,-35.209999,1770369806.951468
-0.417728,0.315980,0.948672,-45.220001,3.640000,-39.689999,1770369806.959475
-0.427000,0.432368,0.763964,-40.110001,-31.920000,-39.970001,1770369806.967530
-0.405040,0.506788,0.570960,-35.419998,-59.080002,-38.639999,1770369806.975453
-0.355264,0.571936,0.375516,-28.559999,-80.150002,-39.410000,1770369806.983455
-0.286212,0.623176,0.239608,-25.200001,-91.070000,-33.950001,1770369806.991552
-0.205936,0.656360,0.179096,-21.910000,-94.080002,-29.680000,1770369806.999502
-0.131272,0.647820,0.172264,-25.059999,-88.129997,-22.680000,1770369807.007466
-0.075884,0.592188,0.174704,-27.650000,-78.470001,-16.940001,1770369807.015463
-0.039284,0.524112,0.152988,-28.980000,-64.820000,-14.280000,1770369807.023645
-0.008296,0.440664,0.092476,-29.190001,-55.860001,-11.340000,1770369807.031466
0.012688,0.347212,0.009760,-25.059999,-48.790001,-8.540000,1770369807.039463
0.034648,0.271328,-0.007076,-13.440000,-44.799999,-4.620000,1770369807.047748
0.049288,0.200568,0.082716,-2.520000,-41.090000,2.030000,1770369807.055487
0.054412,0.162748,0.248880,8.610000,-35.910000,7.420000,1770369807.063770
0.063196,0.129564,0.449936,16.799999,-30.379999,14.070000,1770369807.071647
0.067100,0.108824,0.727608,20.020000,-24.360001,16.170000,1770369807.079522
0.070272,0.093940,0.970876,16.799999,-16.309999,14.280000,1770369807.087455
0.075152,0.022204,1.141920,14.000000,-8.190000,11.900000,1770369807.095475
0.101260,-0.104920,1.272460,13.090000,-5.320000,5.460000,1770369807.103459
0.119316,-0.298412,1.436184,12.110000,0.560000,-4.270000,1770369807.111471
0.154696,-0.513864,1.604056,27.299999,8.400000,-7.980000,1770369807.119472
0.212768,-0.720044,1.858548,54.180000,10.220000,-11.130000,1770369807.127527
0.199104,-0.809348,2.086688,78.260002,6.510000,-7.070000,1770369807.135435
0.113460,-0.803248,2.165256,73.919998,-2.450000,-12.390000,1770369807.143456
0.113704,-0.780312,2.116212,55.299999,-23.940001,-11.340000,1770369807.151471
0.150548,-0.791292,2.073024,45.150002,-49.770000,-13.370000,1770369807.159479
0.243512,-0.750544,2.082540,34.720001,-79.519997,-10.990000,1770369807.167591
0.363072,-0.613416,2.074244,23.940001,-103.809998,-4.270000,1770369807.175442
0.475068,-0.413092,1.967128,10.430000,-125.440002,-5.040000,1770369807.183442
0.555344,-0.238388,1.731180,-2.310000,-139.929993,-3.500000,1770369807.191461
0.621224,-0.089792,1.420080,-11.340000,-149.940002,-2.380000,1770369807.199448
0.687348,0.082228,1.118984,-15.190000,-151.479996,-1.470000,1770369807.207444
0.732732,0.275476,0.855220,-18.690001,-140.070007,7.000000,1770369807.215464
0.771772,0.393328,0.665144,-18.200001,-116.550003,16.100000,1770369807.223553
0.791292,0.423340,0.542168,-19.809999,-86.309998,18.410000,1770369807.231469
0.794952,0.408700,0.463112,-21.209999,-49.279999,19.530001,1770369807.239454
0.752740,0.401380,0.378688,-18.969999,-11.410000,19.459999,1770369807.247465
0.672952,0.410652,0.287188,-17.010000,24.290001,18.760000,1770369807.255450
0.566080,0.418460,0.213744,-16.870001,55.299999,17.080000,1770369807.263447
0.455792,0.424316,0.156648,-19.670000,78.959999,14.630000,1770369807.271500
0.349896,0.420412,0.117364,-23.870001,98.419998,14.490000,1770369807.279507
0.256932,0.419192,0.102236,-23.730000,112.910004,10.360000,1770369807.287449
0.173484,0.413092,0.119316,-24.850000,122.150002,7.210000,1770369807.295446
0.101748,0.395768,0.164212,-22.889999,129.080002,3.290000,1770369807.303471
0.044652,0.355020,0.223748,-21.840000,135.520004,1.120000,1770369807.311456
0.002684,0.300852,0.290116,-14.280000,134.889999,-1.470000,1770369807.319476
-0.024888,0.249368,0.361120,-3.990000,127.680000,-7.350000,1770369807.327543
-0.036112,0.197152,0.490196,8.610000,115.570000,-3.290000,1770369807.335439
-0.023424,0.152256,0.708576,21.420000,96.529999,-3.500000,1770369807.343447
-0.005124,0.086620,1.026508,30.940001,71.050003,0.700000,1770369807.351466
0.039040,0.022204,1.337120,36.259998,45.779999,1.820000,1770369807.359716
0.113460,-0.082472,1.587464,37.869999,22.469999,7.770000,1770369807.367455
0.255468,-0.203496,1.735084,42.070000,8.540000,12.390000,1770369807.375440
0.400648,-0.342820,1.779492,47.040001,-7.560000,15.960000,1770369807.383454
0.503860,-0.456036,1.808040,48.720001,-16.100000,22.469999,1770369807.391457
0.525576,-0.586576,1.885144,44.310001,-5.250000,21.350000,1770369807.399615
0.536312,-0.706380,1.980792,31.010000,22.469999,19.110001,1770369807.407449
0.501664,-0.810812,2.024956,15.470000,59.849998,17.500000,1770369807.415512
0.385520,-0.838140,1.944924,7.910000,95.059998,4.970000,1770369807.423450
0.239364,-0.780556,1.866600,-5.810000,123.410004,-1.120000,1770369807.431465
0.102480,-0.612928,1.799012,-14.210000,138.320007,-11.200000,1770369807.439594
-0.036112,-0.406504,1.737036,-26.530001,140.910004,-12.460000,1770369807.447478
-0.169580,-0.189100,1.615036,-38.009998,127.680000,-17.500000,1770369807.455480
-0.310856,-0.050508,1.445944,-44.730000,101.570000,-18.129999,1770369807.463441
-0.403332,0.097844,1.202920,-46.900002,65.169998,-20.930000,1770369807.471460
-0.461404,0.237656,0.957944,-41.860001,30.799999,-23.940001,1770369807.479504
-0.456280,0.345504,0.749812,-31.639999,-5.670000,-20.440001,1770369807.487467
-0.428952,0.450912,0.599996,-26.879999,-35.139999,-26.459999,1770369807.495472
-0.373808,0.538508,0.473360,-20.090000,-56.209999,-20.650000,1770369807.503461
-0.312320,0.595848,0.363072,-15.890000,-68.389999,-20.020000,1770369807.511472
-0.252296,0.631472,0.259616,-12.670000,-74.480003,-19.110001,1770369807.519471
-0.213012,0.634888,0.184952,-14.210000,-73.360001,-17.219999,1770369807.527452
-0.167384,0.604876,0.132248,-19.180000,-69.160004,-13.930000,1770369807.535430
-0.124928,0.535580,0.080764,-16.870001,-66.709999,-9.660000,1770369807.543613
-0.084668,0.462380,0.018056,-12.880000,-68.599998,-5.740000,1770369807.551480
-0.045628,0.389180,-0.021716,0.630000,-72.940002,0.840000,1770369807.559469
-0.002684,0.347944,0.040016,13.510000,-79.800003,5.600000,1770369807.567457
0.039528,0.315980,0.192760,22.959999,-81.550003,8.960000,1770369807.575507
0.063196,0.297680,0.383568,31.010000,-80.849998,16.379999,1770369807.583457
0.086620,0.288408,0.605120,30.870001,-73.220001,21.350000,1770369807.591465
0.101260,0.254736,0.874984,29.750000,-60.060001,25.410000,1770369807.599464
0.109068,0.200080,1.087020,26.389999,-45.220001,22.049999,1770369807.607455
0.124684,0.085156,1.210972,23.520000,-29.120001,13.860000,1770369807.615497
0.146644,-0.069784,1.314916,21.840000,-15.120000,2.520000,1770369807.623553
0.189344,-0.236680,1.421788,23.450001,-2.240000,-7.980000,1770369807.631479
0.253760,-0.410652,1.587220,35.630001,7.840000,-16.730000,1770369807.639461
0.315980,-0.539728,1.907592,59.150002,13.370000,-18.969999,1770369807.647487
0.277428,-0.597556,2.073268,65.239998,7.560000,-15.050000,1770369807.655466
0.203496,-0.607560,2.086688,48.860001,-12.740000,-16.030001,1770369807.663549
0.208376,-0.626104,2.038864,24.430000,-37.029999,-12.110000,1770369807.671485
0.294996,-0.666364,2.044720,11.410000,-64.610001,-12.250000,1770369807.679495
0.405284,-0.624884,2.074000,1.400000,-88.970001,-8.960000,1770369807.687449
0.513620,-0.451644,1.953708,-8.260000,-107.379997,-11.270000,1770369807.695458
0.601460,-0.318176,1.748260,-14.350000,-119.699997,-10.010000,1770369807.703516
0.673928,-0.184220,1.506212,-23.660000,-125.089996,-9.520000,1770369807.711464
0.731512,-0.040992,1.280024,-25.969999,-121.029999,-10.360000,1770369807.719470
0.795440,0.115900,1.054812,-27.650000,-108.779999,0.000000,1770369807.727452
0.804224,0.231312,0.820084,-28.209999,-84.910004,7.140000,1770369807.735436
0.781776,0.293532,0.623420,-30.940001,-54.529999,16.309999,1770369807.743454
0.736880,0.310856,0.477264,-27.510000,-20.160000,23.940001,1770369807.751673
0.665388,0.304512,0.384788,-23.520000,12.810000,27.650000,1770369807.759453
0.563396,0.296216,0.291824,-14.980000,40.810001,28.000000,1770369807.767540
0.439932,0.302560,0.196908,-8.540000,65.029999,28.770000,1770369807.775481
0.333792,0.310124,0.131028,-0.140000,81.690002,27.160000,1770369807.783452
0.238876,0.325008,0.099064,-1.260000,93.940002,24.010000,1770369807.791464
0.156892,0.330864,0.096136,0.350000,105.489998,19.670000,1770369807.799465
0.087596,0.329888,0.116388,-1.750000,111.370003,16.870001,1770369807.807481
0.027572,0.310124,0.158356,-5.530000,117.669998,13.160000,1770369807.815464
-0.024400,0.291580,0.196664,-2.240000,120.889999,9.590000,1770369807.823495
-0.059292,0.241072,0.267424,-2.100000,123.410004,6.860000,1770369807.831557
-0.084424,0.198372,0.369172,5.110000,119.209999,2.520000,1770369807.839467
-0.099552,0.177632,0.492880,14.980000,111.370003,0.770000,1770369807.847453
-0.109556,0.155428,0.712480,22.260000,98.349998,-2.380000,1770369807.855467
-0.108580,0.150792,1.014552,25.480000,78.120003,-2.940000,1770369807.863526
-0.098576,0.142984,1.316868,20.930000,60.410000,-6.090000,1770369807.871461
-0.069784,0.112240,1.533540,18.200001,42.630001,-4.620000,1770369807.879462
0.016836,-0.001708,1.646268,15.610000,26.040001,-3.360000,1770369807.887446
0.154208,-0.173240,1.721908,15.750000,10.080000,5.390000,1770369807.895451
0.298900,-0.327936,1.785104,22.400000,-10.640000,15.750000,1770369807.903479
0.357948,-0.459452,1.829268,25.200001,-25.270000,22.400000,1770369807.911471
0.340380,-0.576084,1.954196,26.180000,-15.960000,17.500000,1770369807.919470
0.370148,-0.650260,2.056188,22.330000,5.950000,7.770000,1770369807.927464
0.366244,-0.667096,2.054724,15.470000,35.419998,-3.010000,1770369807.935480
0.291824,-0.603656,1.984940,8.190000,61.740002,-11.130000,1770369807.943609
0.194224,-0.468480,1.903200,-4.900000,78.680000,-13.440000,1770369807.951495
0.085888,-0.301340,1.801208,-18.760000,84.279999,-19.110001,1770369807.959465
-0.023912,-0.143472,1.657248,-34.790001,75.110001,-17.780001,1770369807.967452
-0.123952,-0.022204,1.470588,-46.410000,59.500000,-17.430000,1770369807.975473
-0.200568,0.077104,1.244644,-50.959999,39.130001,-19.250000,1770369807.983543
-0.244488,0.192272,1.010648,-50.959999,17.639999,-20.230000,1770369807.991469
-0.257664,0.290116,0.827892,-44.590000,-1.120000,-23.450001,1770369807.999459
-0.250832,0.398696,0.664900,-37.099998,-19.389999,-25.620001,1770369808.007539
-0.244000,0.464088,0.507032,-34.299999,-31.709999,-24.850000,1770369808.015458
-0.240828,0.510204,0.342576,-24.500000,-39.480000,-25.620001,1770369808.023512
-0.223016,0.540460,0.226920,-22.889999,-41.230000,-22.540001,1770369808.031591
-0.194468,0.547048,0.167384,-17.219999,-42.349998,-26.040001,1770369808.039486
-0.158112,0.549976,0.118584,-15.750000,-42.910000,-20.930000,1770369808.047459
-0.123708,0.514840,0.061976,-15.190000,-46.200001,-15.470000,1770369808.055505
-0.097112,0.473116,-0.018788,-7.000000,-54.669998,-9.660000,1770369808.063793
-0.061244,0.424316,-0.034404,-1.820000,-64.050003,-4.830000,1770369808.071680
-0.022448,0.369172,0.078080,9.170000,-70.209999,0.700000,1770369808.079493
0.014640,0.342088,0.246440,15.680000,-71.050003,9.100000,1770369808.087495
0.032940,0.319640,0.449448,22.750000,-67.059998,15.400000,1770369808.095458
0.043432,0.310612,0.688812,27.650000,-58.169998,20.930000,1770369808.103455
0.054412,0.281088,0.955504,28.000000,-44.869999,19.600000,1770369808.111554
0.054168,0.254004,1.161440,26.950001,-29.400000,13.020000,1770369808.119518
0.062952,0.157868,1.300276,24.850000,-9.310000,9.240000,1770369808.127452
0.058316,0.010980,1.404952,19.530001,7.770000,-4.060000,1770369808.135440
0.107848,-0.174948,1.544276,21.209999,19.530001,-16.379999,1770369808.143456
0.195932,-0.353556,1.762900,33.180000,20.719999,-21.420000,1770369808.151848
0.239120,-0.509716,2.106940,49.349998,19.040001,-21.840000,1770369808.159587
0.163236,-0.588040,2.256024,50.470001,8.540000,-21.910000,1770369808.167495
0.106872,-0.629276,2.192584,33.950001,-14.980000,-17.639999,1770369808.175445
0.127612,-0.702964,2.109136,16.100000,-47.459999,-15.750000,1770369808.183447
0.204228,-0.750544,2.104012,0.560000,-80.779999,-9.940000,1770369808.191468
0.320616,-0.688568,2.046184,-11.340000,-109.830002,-9.310000,1770369808.199537
0.430904,-0.546560,1.851228,-26.530001,-132.580002,-10.570000,1770369808.207458
0.522648,-0.395524,1.583804,-32.549999,-148.259995,-13.860000,1770369808.215444
0.602924,-0.248148,1.309548,-36.889999,-156.169998,-15.400000,1770369808.223448
0.674172,-0.090280,1.069940,-36.959999,-154.490005,-17.080000,1770369808.231464
0.757864,0.083448,0.816668,-36.820000,-137.270004,-11.340000,1770369808.239474
0.802516,0.220332,0.630008,-36.119999,-109.690002,-5.320000,1770369808.247579
0.813740,0.306708,0.462380,-36.889999,-72.589996,0.210000,1770369808.255461
0.788120,0.349408,0.339648,-32.410000,-32.830002,9.100000,1770369808.263480
0.710284,0.353312,0.237900,-29.260000,9.380000,10.360000,1770369808.271544
0.583648,0.353068,0.126148,-24.290001,47.389999,13.580000,1770369808.279456
0.451888,0.356728,0.036112,-20.090000,78.750000,12.460000,1770369808.287448
0.324520,0.363560,-0.018300,-16.520000,101.919998,11.620000,1770369808.295449
0.210572,0.370148,-0.032208,-14.420000,118.930000,7.770000,1770369808.303447
0.109068,0.368196,-0.026840,-16.309999,129.779999,7.980000,1770369808.311474
0.013664,0.368440,0.005124,-14.420000,138.389999,3.640000,1770369808.319519
-0.056120,0.342088,0.066856,-13.790000,139.509995,1.890000,1770369808.327448
-0.105164,0.293776,0.157380,-11.200000,135.100006,1.260000,1770369808.335436
-0.121268,0.208864,0.286212,-2.450000,124.529999,-2.450000,1770369808.343452
-0.127856,0.102480,0.465064,11.970000,104.580002,-0.560000,1770369808.351534
-0.132492,0.010004,0.697596,28.629999,80.290001,-1.050000,1770369808.359537
-0.126880,-0.053924,1.036024,44.099998,49.419998,0.700000,1770369808.367459
-0.106140,-0.082228,1.394216,48.930000,18.059999,-0.210000,1770369808.375445
-0.070028,-0.104188,1.612352,50.750000,-6.440000,-5.600000,1770369808.383445
0.037332,-0.172264,1.672376,48.720001,-17.850000,-7.560000,1770369808.391539
0.180072,-0.286212,1.695800,52.080002,-14.840000,-13.370000,1770369808.399519
0.340868,-0.390888,1.824876,55.720001,-11.340000,-13.580000,1770369808.407466
0.434564,-0.488976,1.914668,48.369999,-2.170000,-8.400000,1770369808.415457
0.452132,-0.600240,1.995676,39.830002,13.720000,-3.360000,1770369808.423495
0.436272,-0.716140,2.130608,28.770000,40.669998,-2.100000,1770369808.431463
0.341112,-0.762744,2.147688,12.810000,67.480003,-4.620000,1770369808.439518
0.198616,-0.702232,2.062776,-3.360000,88.620003,-15.750000,1770369808.447460
0.089792,-0.535580,1.985428,-17.780001,99.680000,-21.350000,1770369808.455467
-0.030500,-0.357460,1.894660,-26.950001,94.919998,-24.639999,1770369808.463479
-0.145424,-0.198860,1.701168,-42.980000,81.760002,-29.540001,1770369808.471557
-0.229116,-0.078080,1.449116,-48.090000,59.220001,-31.430000,1770369808.479463
-0.280844,0.041480,1.189500,-46.270000,30.450001,-33.599998,1770369808.487448
-0.296704,0.178120,0.971852,-42.840000,3.430000,-38.990002,1770369808.495456
-0.287188,0.289872,0.789828,-33.180000,-17.990000,-36.540001,1770369808.503513
-0.279624,0.383568,0.619272,-32.200001,-29.680000,-35.419998,1770369808.511452
-0.266448,0.486536,0.454816,-23.730000,-40.810001,-41.439999,1770369808.519479
-0.239364,0.535824,0.301584,-15.400000,-42.419998,-43.259998,1770369808.527460
-0.219844,0.562664,0.172020,-8.820000,-40.459999,-39.200001,1770369808.535517
-0.194224,0.571692,0.086376,-1.540000,-40.810001,-38.220001,1770369808.543457
-0.166164,0.560224,0.021228,-3.640000,-40.459999,-30.660000,1770369808.551464
-0.142496,0.540704,-0.015860,1.470000,-43.889999,-26.389999,1770369808.559447
-0.119804,0.508496,-0.028792,0.000000,-52.779999,-16.590000,1770369808.567457
-0.094184,0.479460,-0.001708,5.250000,-63.139999,-13.370000,1770369808.575459
-0.060756,0.437492,0.094916,12.670000,-74.059998,-7.420000,1770369808.583512
-0.032452,0.393816,0.247416,17.850000,-78.050003,-3.010000,1770369808.591471
-0.005368,0.370880,0.443836,24.500000,-78.050003,4.970000,1770369808.599457
0.026352,0.369416,0.670756,31.290001,-73.919998,9.450000,1770369808.607579
0.060512,0.348676,0.921588,34.860001,-67.410004,12.180000,1770369808.615455
0.101016,0.279868,1.181692,37.730000,-58.380001,8.750000,1770369808.623477
0.143472,0.159820,1.385188,30.170000,-45.990002,8.890000,1770369808.631469
0.183244,0.023668,1.524268,23.240000,-29.400000,7.070000,1770369808.639466
0.268400,-0.145180,1.765340,20.510000,-13.090000,-0.770000,1770369808.647463
0.391864,-0.342820,2.079856,27.650000,3.850000,-0.560000,1770369808.655601
0.406016,-0.531188,2.332640,50.049999,13.860000,-4.270000,1770369808.663454
0.283528,-0.618784,2.351916,48.720001,13.160000,-8.960000,1770369808.671469
0.211792,-0.632448,2.191852,34.720001,-0.070000,-12.040000,1770369808.679466
0.190808,-0.668316,2.059604,21.280001,-29.049999,-9.310000,1770369808.687506
0.222040,-0.687592,2.013976,6.020000,-60.970001,-4.830000,1770369808.695451
0.290360,-0.613172,1.920524,-4.340000,-92.050003,-3.290000,1770369808.703454
0.387472,-0.484828,1.724836,-15.890000,-121.589996,-1.540000,1770369808.711584
0.472872,-0.334280,1.442040,-20.790001,-143.850006,-2.380000,1770369808.719463
0.540216,-0.199104,1.154120,-24.430000,-158.899994,-1.680000,1770369808.727466
0.610244,-0.071004,0.904508,-23.870001,-161.139999,-4.130000,1770369808.735450
0.682712,0.089792,0.722484,-18.340000,-149.309998,2.660000,1770369808.743471
0.738832,0.219112,0.592676,-21.770000,-123.129997,9.660000,1770369808.751463
0.760060,0.276452,0.489220,-21.420000,-88.760002,15.400000,1770369808.759491
0.745176,0.294264,0.368928,-21.000000,-51.450001,16.870001,1770369808.767505
0.688812,0.298412,0.223260,-21.000000,-12.600000,20.790001,1770369808.775502
0.597800,0.299876,0.083448,-16.240000,22.049999,22.049999,1770369808.783465
0.500688,0.303048,-0.022936,-14.420000,49.209999,22.260000,1770369808.791482
0.409920,0.302316,-0.073444,-13.090000,72.309998,20.719999,1770369808.799489
0.318176,0.298900,-0.072712,-10.990000,90.300003,20.719999,1770369808.807463
0.232532,0.311100,-0.037332,-7.560000,107.379997,18.129999,1770369808.815544
0.145180,0.307928,0.030256,-5.460000,120.260002,15.400000,1770369808.823463
0.076128,0.274256,0.133468,-3.990000,131.110001,12.950000,1770369808.831470
0.041968,0.206912,0.261568,-1.540000,133.419998,3.500000,1770369808.839462
0.024644,0.152256,0.365756,9.450000,128.240005,-0.560000,1770369808.847468
0.039284,0.088572,0.575840,25.340000,113.260002,-0.910000,1770369808.855585
0.066856,0.044408,0.939644,38.779999,93.660004,-0.420000,1770369808.863472
0.107848,0.057340,1.385920,45.849998,73.220001,0.560000,1770369808.871473
0.149084,0.068076,1.693848,50.119999,54.180000,-1.750000,1770369808.879576
0.244488,0.000000,1.859768,50.680000,45.290001,-3.920000,1770369808.887452
0.376004,-0.118096,1.868308,53.619999,42.770000,-4.270000,1770369808.895439
0.477020,-0.247904,1.839028,57.259998,32.830002,3.710000,1770369808.903459
0.462136,-0.376980,1.862940,50.470001,28.490000,0.000000,1770369808.911471
0.441396,-0.527284,2.015684,35.630001,40.810001,3.080000,1770369808.919577
0.414556,-0.581452,2.168672,22.540001,65.169998,3.360000,1770369808.927466
0.350384,-0.620004,2.149640,11.760000,93.730003,-2.030000,1770369808.935452
0.202032,-0.575352,2.039596,0.000000,114.099998,-9.030000,1770369808.943460
0.041724,-0.438224,1.917596,-19.600000,124.529999,-15.260000,1770369808.951523
-0.102480,-0.272304,1.779980,-38.430000,123.480003,-18.410000,1770369808.959485
-0.232532,-0.121756,1.594540,-49.840000,106.470001,-20.440001,1770369808.967460
-0.351360,0.002196,1.348832,-57.189999,79.169998,-23.100000,1770369808.975456
-0.427488,0.117120,1.089216,-50.959999,42.630001,-22.049999,1770369808.983482
-0.454816,0.270352,0.827648,-45.150002,5.180000,-26.950001,1770369808.991476
-0.442616,0.383324,0.675148,-32.410000,-25.270000,-26.530001,1770369808.999505
-0.413580,0.490196,0.538264,-24.990000,-48.439999,-25.830000,1770369809.007451
-0.393816,0.539728,0.388448,-21.000000,-60.480000,-28.770000,1770369809.015514
-0.323544,0.618784,0.224968,-12.670000,-70.070000,-32.200001,1770369809.023460
-0.263764,0.619760,0.136884,-11.410000,-71.050003,-32.270000,1770369809.031521
-0.206912,0.600972,0.095404,-9.660000,-69.160004,-31.080000,1770369809.039580
-0.139080,0.567788,0.072224,-10.430000,-68.040001,-24.150000,1770369809.047451
-0.090036,0.503128,0.042456,-9.660000,-69.720001,-21.139999,1770369809.055470
-0.036844,0.440420,-0.014152,-6.440000,-76.160004,-14.000000,1770369809.063635
-0.008052,0.382104,-0.007808,-2.870000,-82.320000,-5.740000,1770369809.071608
0.018056,0.350628,0.102724,2.520000,-84.209999,-0.910000,1770369809.079506
0.039284,0.327936,0.257664,8.890000,-82.879997,5.320000,1770369809.087462
0.068808,0.312808,0.435296,15.120000,-76.510002,14.280000,1770369809.095474
0.106140,0.294020,0.678076,22.959999,-69.720001,15.540000,1770369809.103550
0.146644,0.288408,0.928664,21.980000,-62.930000,17.219999,1770369809.111468
0.178608,0.239852,1.150948,21.980000,-47.459999,12.110000,1770369809.119459
0.241072,0.157380,1.335412,17.430000,-32.060001,8.400000,1770369809.127469
0.293532,0.030500,1.534760,4.970000,-9.940000,2.380000,1770369809.135608
0.392596,-0.092476,1.721176,-1.960000,8.960000,-3.010000,1770369809.143458
0.508984,-0.290116,2.017880,5.670000,19.320000,-1.890000,1770369809.151452
0.516792,-0.501420,2.260416,25.410000,26.389999,-2.450000,1770369809.159580
0.348676,-0.598044,2.264808,31.219999,25.830000,-2.030000,1770369809.167476
0.245464,-0.600972,2.171844,20.650000,16.309999,-2.800000,1770369809.175450
0.204716,-0.621712,2.079368,3.010000,-5.320000,-1.260000,1770369809.183450
0.208864,-0.644648,2.076196,-10.850000,-35.209999,2.800000,1770369809.191463
0.262544,-0.598532,2.027884,-23.870001,-65.940002,3.080000,1770369809.199470
0.328180,-0.482632,1.828048,-29.959999,-91.839996,-1.330000,1770369809.207465
0.396500,-0.357948,1.527196,-35.209999,-113.680000,-2.380000,1770369809.215449
0.464576,-0.248148,1.220976,-32.759998,-131.529999,-7.140000,1770369809.223449
0.525576,-0.133712,0.975756,-36.049999,-138.949997,-8.190000,1770369809.231531
0.598288,-0.004880,0.763476,-35.630001,-133.559998,-5.110000,1770369809.239462
0.672708,0.125172,0.591212,-33.110001,-113.120003,0.280000,1770369809.247447
0.699304,0.213012,0.445056,-33.110001,-84.419998,10.920000,1770369809.255629
0.690276,0.252784,0.321836,-30.450001,-52.990002,16.520000,1770369809.263453
0.646600,0.265960,0.222528,-27.440001,-17.430000,20.930000,1770369809.271490
0.565836,0.271328,0.122244,-22.889999,16.520000,20.930000,1770369809.279534
0.469456,0.289384,0.021472,-21.420000,49.490002,24.080000,1770369809.287445
0.360876,0.299388,-0.048800,-17.990000,75.110001,19.879999,1770369809.295446
0.264496,0.314760,-0.083448,-17.080000,98.209999,18.340000,1770369809.303446
0.162992,0.318420,-0.077104,-17.850000,114.870003,12.250000,1770369809.311469
0.064172,0.306464,-0.028548,-17.780001,129.080002,10.850000,1770369809.319514
-0.002928,0.274012,0.056120,-16.870001,137.759995,4.200000,1770369809.327444
-0.042700,0.207400,0.169336,-11.900000,139.929993,2.170000,1770369809.335452
-0.062708,0.126636,0.283284,-1.260000,129.779999,-1.890000,1770369809.343454
-0.068320,0.061732,0.462136,12.110000,115.570000,-1.890000,1770369809.351466
-0.055632,0.015616,0.771284,32.619999,95.059998,0.910000,1770369809.359480
-0.024888,-0.011956,1.212436,44.380001,69.019997,6.160000,1770369809.367459
0.010492,0.007320,1.656028,51.169998,40.950001,8.540000,1770369809.375442
0.089060,-0.019520,1.914180,51.240002,23.590000,4.900000,1770369809.383458
0.222284,-0.101504,1.959564,51.730000,16.940001,6.300000,1770369809.391529
0.370148,-0.191052,2.033252,54.180000,9.870000,1.890000,1770369809.399466
0.412604,-0.290360,2.065704,49.700001,2.520000,7.630000,1770369809.407446
0.380152,-0.438712,2.060824,38.849998,8.960000,11.270000,1770369809.415459
0.351604,-0.580964,2.174772,22.190001,31.360001,17.080000,1770369809.423447
0.249124,-0.665876,2.180384,4.970000,58.939999,7.910000,1770369809.431490
0.151036,-0.651480,2.057164,-6.370000,80.919998,-2.170000,1770369809.439601
0.036844,-0.554856,1.902712,-18.129999,95.059998,-15.960000,1770369809.447450
-0.075640,-0.415288,1.723372,-32.619999,93.940002,-21.000000,1770369809.455465
-0.192760,-0.269620,1.504016,-43.750000,81.199997,-22.889999,1770369809.463456
-0.278404,-0.139568,1.231468,-46.830002,55.369999,-22.120001,1770369809.471466
-0.338672,-0.033184,0.936228,-42.770000,25.200001,-23.730000,1770369809.479499
-0.343308,0.114436,0.728096,-32.410000,-4.410000,-27.160000,1770369809.487459
-0.335012,0.250832,0.611220,-21.209999,-31.150000,-22.540001,1770369809.495454
-0.336232,0.334280,0.511424,-13.860000,-45.080002,-27.510000,1770369809.503438
-0.300120,0.435540,0.405284,-2.240000,-53.830002,-26.320000,1770369809.511465
-0.272792,0.455304,0.298412,1.120000,-55.509998,-28.840000,1770369809.519470
-0.246196,0.455060,0.193492,2.660000,-62.509998,-34.580002,1770369809.527452
-0.187636,0.497760,0.107360,4.550000,-68.529999,-31.570000,1770369809.535460
-0.104432,0.516060,0.025376,10.990000,-76.720001,-24.360001,1770369809.543451
-0.061976,0.491660,-0.035624,14.420000,-84.629997,-14.140000,1770369809.551516
-0.013176,0.472628,-0.025864,17.990000,-93.309998,-6.860000,1770369809.559486
0.033672,0.458964,0.077592,17.360001,-99.750000,0.910000,1770369809.567458
0.079544,0.445300,0.234972,16.870001,-99.959999,6.160000,1770369809.575450
0.117120,0.411872,0.401136,21.000000,-91.629997,11.550000,1770369809.583575
0.165188,0.383812,0.636352,23.940001,-80.989998,17.639999,1770369809.591463
0.213012,0.377224,0.905240,28.420000,-67.059998,15.540000,1770369809.599463
0.256444,0.349896,1.165832,29.190001,-46.200001,15.260000,1770369809.607453
0.314760,0.301096,1.390800,23.450001,-19.879999,10.360000,1770369809.615450
0.372588,0.197396,1.593076,12.110000,11.410000,3.500000,1770369809.623526
0.452620,0.102480,1.758020,-2.450000,37.029999,1.050000,1770369809.631483
0.552660,-0.101992,1.981768,-4.340000,47.599998,3.570000,1770369809.639466
0.539728,-0.369172,2.226744,11.900000,56.139999,5.390000,1770369809.647459
0.417728,-0.510692,2.343376,27.090000,54.950001,2.030000,1770369809.655861
0.263764,-0.509716,2.257732,21.559999,40.529999,6.510000,1770369809.663467
0.175924,-0.502640,2.108160,5.530000,15.330000,6.230000,1770369809.671467
0.138836,-0.513620,1.996164,-13.230000,-19.879999,10.780000,1770369809.679466
0.153964,-0.507032,1.875140,-30.450001,-57.540001,9.030000,1770369809.687455
0.221064,-0.454572,1.666764,-40.180000,-88.059998,6.860000,1770369809.695495
0.307196,-0.387472,1.398608,-44.450001,-110.809998,3.290000,1770369809.703455
0.397720,-0.316468,1.101416,-41.509998,-126.070000,-0.350000,1770369809.711472
0.467016,-0.234728,0.855220,-39.200001,-129.990005,-1.540000,1770369809.719455
0.525576,-0.124196,0.659776,-30.520000,-123.129997,-1.330000,1770369809.727595
0.583892,0.001708,0.511180,-26.879999,-101.010002,6.790000,1770369809.735461
0.609756,0.086376,0.369416,-20.230000,-72.940002,11.480000,1770369809.743438
0.597312,0.118828,0.251808,-19.110001,-42.000000,14.420000,1770369809.751471
0.546072,0.132248,0.139568,-14.910000,-7.980000,16.660000,1770369809.759498
0.470188,0.147620,0.035868,-11.550000,22.959999,14.420000,1770369809.767557
0.388448,0.160308,-0.033672,-9.310000,52.639999,16.100000,1770369809.775488
0.305000,0.171044,-0.068808,-6.790000,73.709999,17.219999,1770369809.783454
0.221552,0.186904,-0.067344,-4.830000,92.400002,13.370000,1770369809.791464
0.131272,0.209108,-0.032208,-4.340000,107.519997,14.280000,1770369809.799437
0.048312,0.213012,0.027572,-2.450000,116.900002,8.680000,1770369809.807522
-0.000732,0.181048,0.150792,0.000000,122.989998,6.860000,1770369809.815452
-0.016348,0.114924,0.299144,9.660000,119.699997,2.800000,1770369809.823454
-0.022448,0.048068,0.469212,24.709999,110.809998,3.710000,1770369809.831600
0.004636,-0.006344,0.801540,39.270000,92.260002,4.620000,1770369809.839467
0.041968,-0.014640,1.260504,53.270000,70.209999,5.670000,1770369809.847442
0.067832,0.028060,1.711904,55.299999,47.740002,5.950000,1770369809.855499
0.133956,0.029768,1.929308,55.509998,32.410000,-0.980000,1770369809.863474
0.256444,-0.040016,1.908324,57.049999,28.840000,-3.500000,1770369809.871571
0.409432,-0.105896,1.931504,59.990002,22.680000,-1.890000,1770369809.879480
0.469700,-0.166408,1.979572,52.500000,9.310000,0.700000,1770369809.887454
0.437736,-0.275720,2.011292,41.299999,9.870000,5.390000,1770369809.895452
0.407968,-0.413336,2.180384,25.549999,29.400000,6.090000,1770369809.903457
0.352580,-0.520208,2.276520,4.760000,61.599998,-1.750000,1770369809.911575
0.233508,-0.544608,2.157692,-13.090000,86.730003,-12.740000,1770369809.919462
0.095160,-0.454084,1.982744,-29.400000,100.940002,-23.450001,1770369809.927461
-0.028548,-0.302072,1.782420,-42.419998,99.820000,-28.980000,1770369809.935481
-0.154940,-0.167384,1.531100,-51.169998,83.650002,-29.889999,1770369809.943443
-0.255468,-0.052704,1.220000,-55.860001,58.169998,-28.490000,1770369809.951495
-0.310856,0.075152,0.915976,-50.610001,22.959999,-30.450001,1770369809.959757
-0.322080,0.157380,0.714676,-41.930000,-3.010000,-32.130001,1770369809.967463
-0.299632,0.273280,0.563884,-29.610001,-27.160000,-35.349998,1770369809.975455
-0.273280,0.338184,0.425780,-19.320000,-44.310001,-34.230000,1770369809.983456
-0.253516,0.391376,0.256932,-12.110000,-50.959999,-34.860001,1770369809.991593
-0.240828,0.392596,0.130296,-8.120000,-61.529999,-41.720001,1770369809.999566
-0.184952,0.442860,0.053924,-4.130000,-65.379997,-38.080002,1770369810.007452
-0.126636,0.477020,0.028792,3.010000,-63.770000,-35.279999,1770369810.015439
-0.076616,0.478728,0.014640,8.190000,-63.000000,-23.799999,1770369810.023457
-0.039772,0.447008,-0.008540,7.770000,-63.770000,-18.760000,1770369810.031614
-0.004148,0.408700,-0.000732,9.100000,-65.519997,-11.340000,1770369810.039475
0.029280,0.364780,0.102236,11.760000,-66.430000,-6.720000,1770369810.047453
0.054168,0.317200,0.261080,15.960000,-61.180000,-1.330000,1770369810.055454
0.070028,0.262300,0.438468,25.059999,-50.540001,4.620000,1770369810.063765
0.096868,0.250100,0.686372,32.830002,-41.020000,7.280000,1770369810.072342
0.118340,0.248392,0.975756,38.080002,-26.740000,8.890000,1770369810.079500
0.140788,0.191540,1.217804,41.860001,-14.560000,9.660000,1770369810.087498
0.150304,0.066368,1.392996,38.360001,0.980000,11.410000,1770369810.095461
0.167140,-0.074176,1.574288,32.549999,20.299999,5.950000,1770369810.103458
0.253760,-0.211792,1.840248,29.540001,34.160000,6.300000,1770369810.111546
0.331352,-0.368684,2.226012,38.500000,42.910000,1.610000,1770369810.119488
0.304268,-0.548756,2.534428,52.009998,43.119999,2.940000,1770369810.127447
0.142740,-0.617564,2.502220,47.950001,38.430000,-3.360000,1770369810.135457
0.059536,-0.620980,2.297260,32.830002,15.960000,-6.090000,1770369810.143576
0.039040,-0.634888,2.183068,12.670000,-21.070000,-1.190000,1770369810.151477
0.084668,-0.610976,2.113040,-5.880000,-61.389999,-2.240000,1770369810.159482
0.170556,-0.515572,1.927600,-21.209999,-98.839996,0.140000,1770369810.167573
0.264252,-0.395524,1.653832,-31.780001,-130.759995,0.140000,1770369810.175470
0.359412,-0.272304,1.322724,-30.660000,-153.020004,-3.360000,1770369810.183443
0.450180,-0.167628,1.063596,-35.279999,-167.089996,-5.460000,1770369810.191464
0.551196,-0.049044,0.876936,-31.500000,-168.210007,-6.720000,1770369810.199442
0.623664,0.089304,0.712968,-32.130001,-152.460007,-0.490000,1770369810.207470
0.675880,0.203008,0.556564,-29.540001,-123.550003,4.480000,1770369810.215477
0.688324,0.289140,0.391620,-28.770000,-87.639999,12.390000,1770369810.223443
0.661484,0.322324,0.242048,-27.650000,-49.770000,17.010000,1770369810.231458
0.606584,0.322812,0.108824,-26.670000,-13.440000,20.650000,1770369810.239448
0.520696,0.314516,-0.002440,-22.400000,17.290001,24.709999,1770369810.247486
0.416020,0.310124,-0.076616,-20.230000,45.220001,22.820000,1770369810.255477
0.305488,0.305732,-0.111020,-18.410000,68.809998,20.719999,1770369810.263470
0.194956,0.308904,-0.117120,-16.870001,88.970001,19.250000,1770369810.271462
0.104188,0.303048,-0.096136,-15.470000,105.489998,12.040000,1770369810.279458
0.015860,0.294264,-0.055876,-17.780001,118.230003,8.400000,1770369810.287445
-0.039528,0.274256,0.012444,-14.630000,123.900002,4.830000,1770369810.295446
-0.067832,0.231312,0.139812,-10.570000,123.760002,-0.490000,1770369810.303479
-0.070272,0.161040,0.302316,0.770000,115.919998,-0.770000,1770369810.311460
-0.047824,0.079300,0.557052,21.209999,95.760002,-0.910000,1770369810.319458
-0.029768,0.016592,0.984540,39.830002,72.239998,5.250000,1770369810.327444
-0.000732,0.029768,1.524756,47.950001,42.840000,6.720000,1770369810.335444
0.027572,0.059048,1.917840,45.290001,15.610000,3.360000,1770369810.343433
0.140056,0.013664,2.010316,41.509998,1.960000,-1.540000,1770369810.351473
0.335744,-0.107848,2.035936,47.040001,-3.080000,-2.730000,1770369810.359551
0.493124,-0.238876,2.075220,50.610001,-10.290000,-2.100000,1770369810.367459
0.533140,-0.415044,2.050576,48.299999,-17.080000,-3.920000,1770369810.375442
0.563884,-0.586820,2.163792,37.660000,-4.200000,3.150000,1770369810.383456
0.585844,-0.746884,2.328248,21.980000,24.639999,7.350000,1770369810.391539
0.523868,-0.822036,2.276032,3.360000,57.610001,3.500000,1770369810.399517
0.400404,-0.772016,2.100840,-11.760000,84.070000,-6.160000,1770369810.407455
0.255224,-0.668072,1.939800,-28.420000,100.940002,-11.900000,1770369810.415457
0.124196,-0.476776,1.747284,-40.389999,104.930000,-16.170000,1770369810.423443
-0.005612,-0.315004,1.521828,-54.950001,99.260002,-15.610000,1770369810.431461
-0.133224,-0.180560,1.267824,-56.840000,84.000000,-16.870001,1770369810.439466
-0.229604,-0.046604,1.035292,-53.480000,60.689999,-14.140000,1770369810.447497
-0.289872,0.087108,0.861564,-47.529999,40.250000,-17.639999,1770369810.455515
-0.340136,0.215208,0.721020,-38.290001,20.650000,-18.059999,1770369810.463603
-0.366976,0.339892,0.564372,-34.299999,3.220000,-25.059999,1770369810.471466
-0.363804,0.419436,0.397964,-28.000000,-10.850000,-32.549999,1770369810.479461
-0.338428,0.472628,0.261324,-17.430000,-22.959999,-33.040001,1770369810.487589
-0.306952,0.494100,0.162992,-8.890000,-31.780001,-34.720001,1770369810.495452
-0.262788,0.500688,0.094184,-1.680000,-41.369999,-33.389999,1770369810.503452
-0.217648,0.489952,0.050508,1.330000,-49.630001,-26.530001,1770369810.511467
-0.178852,0.464820,0.013420,3.010000,-59.290001,-20.299999,1770369810.519437
-0.134200,0.434808,-0.029524,5.880000,-68.599998,-13.020000,1770369810.527446
-0.095892,0.391620,-0.031476,3.990000,-78.820000,-6.160000,1770369810.535492
-0.058804,0.370880,0.038552,6.230000,-88.970001,2.450000,1770369810.543453
-0.038064,0.354776,0.158112,4.690000,-89.879997,4.970000,1770369810.551463
0.001952,0.334524,0.295484,4.410000,-85.330002,12.600000,1770369810.559582
0.050508,0.296460,0.491660,8.120000,-80.360001,20.020000,1770369810.567461
0.104188,0.251564,0.742492,9.940000,-71.400002,17.080000,1770369810.575456
0.151768,0.207644,0.983808,16.309999,-60.619999,17.219999,1770369810.583453
0.212524,0.144204,1.224148,18.410000,-45.919998,14.980000,1770369810.591454
0.251808,0.012932,1.383968,14.840000,-25.830000,14.070000,1770369810.599476
0.340868,-0.136152,1.586732,12.530000,-3.920000,12.810000,1770369810.607496
0.468968,-0.303048,1.883192,17.639999,15.960000,14.770000,1770369810.615455
0.515084,-0.518256,2.230404,38.290001,36.680000,18.340000,1770369810.623482
0.441884,-0.712480,2.468548,62.930000,52.919998,23.730000,1770369810.631464
0.254980,-0.721264,2.440488,61.389999,53.830002,26.459999,1770369810.639459
0.138836,-0.673196,2.278228,39.549999,36.119999,29.540001,1770369810.647478
0.033184,-0.661484,2.152080,11.760000,6.440000,31.010000,1770369810.655512
-0.012932,-0.619028,2.050576,-8.960000,-35.139999,30.940001,1770369810.663471
0.016348,-0.513132,1.870504,-31.010000,-76.370003,29.049999,1770369810.671595
0.120048,-0.394060,1.628700,-37.730000,-113.120003,23.730000,1770369810.679459
0.251320,-0.286212,1.343708,-41.090000,-145.039993,21.139999,1770369810.687449
0.366732,-0.182512,1.071404,-39.619999,-166.809998,14.910000,1770369810.695452
0.483364,-0.070516,0.876448,-34.090000,-177.940002,11.620000,1770369810.703520
0.605364,0.055144,0.693204,-33.250000,-172.690002,17.850000,1770369810.711464
0.688324,0.153964,0.569008,-30.309999,-151.059998,25.410000,1770369810.719456
0.739320,0.190076,0.464820,-27.719999,-116.830002,29.120001,1770369810.727523
0.750544,0.181536,0.337940,-26.740000,-76.860001,31.080000,1770369810.735460
0.722240,0.159332,0.198860,-21.209999,-36.119999,32.130001,1770369810.743438
0.648796,0.147620,0.082960,-16.450001,5.670000,31.500000,1770369810.751470
0.553392,0.158600,0.002196,-9.170000,40.740002,33.040001,1770369810.759683
0.453352,0.166652,-0.049776,-6.580000,72.099998,27.580000,1770369810.767466
0.342820,0.187148,-0.074420,-1.890000,96.040001,28.980000,1770369810.775454
0.237412,0.201056,-0.064416,3.570000,114.940002,24.430000,1770369810.783453
0.139324,0.226920,-0.029280,3.640000,130.339996,25.200001,1770369810.791505
0.049776,0.228628,0.028060,5.460000,142.869995,21.910000,1770369810.799624
-0.005124,0.199348,0.132492,8.190000,150.149994,20.370001,1770369810.807454
-0.030256,0.132004,0.285724,14.980000,147.699997,15.540000,1770369810.815454
-0.052216,0.030988,0.508252,25.969999,138.389999,14.630000,1770369810.823451
-0.045140,0.009272,0.788608,47.250000,113.120003,15.960000,1770369810.831465
-0.035624,0.009760,1.250256,54.320000,83.650002,14.700000,1770369810.839462
-0.022204,0.050996,1.703120,55.860001,51.169998,14.630000,1770369810.847454
0.041236,0.026352,1.869284,53.130001,29.190001,7.070000,1770369810.855488
0.191296,-0.072712,1.895148,60.130001,14.420000,3.500000,1770369810.863461
0.355996,-0.135908,1.955172,61.599998,3.780000,0.420000,1770369810.871469
0.450912,-0.214964,1.949072,54.180000,-8.680000,2.170000,1770369810.879455
0.479948,-0.338184,1.961272,41.509998,-10.990000,-0.140000,1770369810.887455
0.516060,-0.509472,2.123044,24.080000,6.790000,1.680000,1770369810.895452
0.509228,-0.639768,2.252364,8.960000,37.380001,-3.010000,1770369810.903466
0.434076,-0.667828,2.162816,-5.320000,69.370003,-9.240000,1770369810.911569
0.295484,-0.598288,1.997384,-20.650000,89.180000,-15.610000,1770369810.919469
0.149816,-0.445788,1.821460,-33.389999,98.629997,-21.559999,1770369810.927448
0.008540,-0.275720,1.616500,-47.389999,93.309998,-22.049999,1770369810.935438
-0.117608,-0.140300,1.341268,-53.619999,75.879997,-23.940001,1770369810.943436
-0.214476,-0.031720,1.069208,-53.270000,53.689999,-22.330000,1770369810.951490
-0.271816,0.072468,0.856684,-46.900002,25.900000,-25.059999,1770369810.959467
-0.295728,0.169336,0.687836,-35.770000,0.770000,-28.000000,1770369810.967465
-0.283284,0.259128,0.551928,-27.440001,-19.950001,-30.309999,1770369810.975461
-0.255712,0.328912,0.416020,-17.639999,-37.240002,-30.660000,1770369810.983456
-0.233752,0.392840,0.262788,-11.340000,-44.450001,-31.150000,1770369810.991602
-0.199104,0.429440,0.168604,-5.740000,-48.020000,-29.120001,1770369810.999562
-0.157136,0.456768,0.109800,-2.030000,-48.580002,-28.840000,1770369811.007457
-0.113460,0.456768,0.064172,-1.470000,-46.549999,-23.590000,1770369811.015455
-0.072956,0.424316,0.014884,3.010000,-46.480000,-20.650000,1770369811.023484
-0.037576,0.382836,-0.013176,5.180000,-48.580002,-12.320000,1770369811.031631
-0.001464,0.361364,0.008052,6.720000,-52.849998,-9.800000,1770369811.039460
0.040260,0.335744,0.113948,10.570000,-58.869999,-3.990000,1770369811.047455
0.084180,0.311100,0.260348,11.060000,-60.759998,4.620000,1770369811.055458
0.109068,0.276940,0.405772,16.450001,-56.279999,7.280000,1770369811.063632
0.125416,0.251808,0.592432,18.900000,-45.009998,15.330000,1770369811.072177
0.131760,0.241072,0.817644,22.330000,-33.459999,16.100000,1770369811.079529
0.134200,0.234728,1.018944,23.940001,-18.620001,19.250000,1770369811.087462
0.142496,0.181048,1.201700,23.100000,-0.910000,15.540000,1770369811.095474
0.152988,0.066124,1.344684,19.670000,15.330000,4.270000,1770369811.103521
0.196176,-0.102724,1.517924,17.080000,31.990000,1.330000,1770369811.111466
0.282064,-0.283284,1.783640,24.219999,41.299999,-5.810000,1770369811.119459
0.321592,-0.477020,2.144272,45.639999,44.380001,-2.240000,1770369811.127466
0.226676,-0.641964,2.437560,62.650002,51.869999,-0.630000,1770369811.135535
0.095892,-0.647088,2.422432,58.590000,47.880001,-1.190000,1770369811.143429
0.029280,-0.611952,2.301164,37.869999,26.040001,3.710000,1770369811.151463
-0.017080,-0.592676,2.217228,17.570000,-9.100000,3.150000,1770369811.159453
0.001708,-0.544852,2.130608,-2.660000,-50.189999,4.480000,1770369811.167531
0.081496,-0.448228,1.978352,-20.580000,-89.669998,2.030000,1770369811.175448
0.204960,-0.338672,1.703364,-29.959999,-120.540001,2.590000,1770369811.183465
0.325496,-0.242048,1.356396,-35.000000,-145.389999,0.700000,1770369811.191465
0.432612,-0.159820,1.045540,-34.439999,-164.360001,-0.140000,1770369811.199461
0.534848,-0.036844,0.843508,-30.170000,-170.029999,-0.350000,1770369811.207441
0.630984,0.090036,0.663924,-23.799999,-160.649994,7.770000,1770369811.215446
0.688812,0.196420,0.533384,-21.840000,-135.940002,15.890000,1770369811.223497
0.725168,0.276696,0.414800,-19.879999,-101.849998,19.250000,1770369811.231450
0.726876,0.316712,0.304268,-19.110001,-62.650002,22.889999,1770369811.239475
0.672220,0.334768,0.200568,-14.070000,-22.469999,26.180000,1770369811.247439
0.584868,0.353068,0.086620,-14.560000,20.790001,22.469999,1770369811.255451
0.484340,0.366244,0.007076,-10.430000,55.650002,22.820000,1770369811.263473
0.368684,0.373808,-0.026108,-12.530000,86.449997,18.549999,1770369811.271590
0.251808,0.378444,-0.031720,-14.280000,109.830002,14.560000,1770369811.279461
0.142252,0.381616,-0.016348,-16.100000,128.240005,10.500000,1770369811.287450
0.039040,0.367952,-0.008052,-19.809999,142.520004,3.290000,1770369811.295451
-0.040504,0.334036,0.017812,-20.790001,150.710007,-0.420000,1770369811.303476
-0.107604,0.247416,0.104188,-22.190001,149.800003,-1.820000,1770369811.311472
-0.137860,0.190076,0.231068,-11.130000,139.300003,-6.510000,1770369811.319567
-0.136640,0.112240,0.501176,7.420000,120.330002,-7.980000,1770369811.327474
-0.151768,0.058072,0.884256,26.600000,92.330002,-7.630000,1770369811.335447
-0.161284,0.066368,1.353468,34.650002,60.060001,0.700000,1770369811.343445
-0.179584,0.089792,1.741184,33.320000,24.500000,-0.700000,1770369811.351482
-0.106140,0.053436,1.920280,30.309999,2.240000,-4.970000,1770369811.359562
0.066612,-0.099064,1.924428,34.720001,-11.620000,-3.150000,1770369811.367472
0.257908,-0.287920,1.991040,41.090000,-26.389999,-7.000000,1770369811.375496
0.335744,-0.442616,2.053504,46.060001,-40.599998,-12.600000,1770369811.383464
0.341356,-0.635620,2.150860,36.049999,-30.799999,-14.140000,1770369811.391477
0.428952,-0.774944,2.236992,20.650000,-7.980000,-13.020000,1770369811.399464
0.452376,-0.820084,2.212348,11.060000,16.870001,-9.660000,1770369811.407475
0.370392,-0.771040,2.083516,-4.410000,36.049999,-12.320000,1770369811.415455
0.261080,-0.605120,1.945412,-18.690001,50.400002,-19.530001,1770369811.423504
0.164456,-0.408700,1.804624,-36.889999,57.049999,-18.059999,1770369811.431472
0.056120,-0.229116,1.626992,-48.299999,56.490002,-21.559999,1770369811.439463
-0.045384,-0.089792,1.392508,-53.619999,47.389999,-18.620001,1770369811.447440
-0.134444,0.037820,1.102392,-53.480000,35.700001,-20.580000,1770369811.455474
-0.203008,0.161284,0.869616,-46.410000,20.930000,-21.209999,1770369811.463503
-0.255956,0.283040,0.696620,-43.540001,4.760000,-24.290001,1770369811.471457
-0.290848,0.383080,0.518012,-35.419998,-6.580000,-28.910000,1770369811.479465
-0.289140,0.476776,0.342088,-28.770000,-17.639999,-32.480000,1770369811.487533
-0.280112,0.547536,0.206912,-21.420000,-25.760000,-32.480000,1770369811.495477
-0.259128,0.601460,0.119316,-12.530000,-29.680000,-29.400000,1770369811.503454
-0.241560,0.607560,0.083448,-12.180000,-30.590000,-22.120001,1770369811.511467
-0.227652,0.577304,0.069296,-11.410000,-32.270000,-20.230000,1770369811.519481
-0.199104,0.520208,0.026352,-10.430000,-37.380001,-15.610000,1770369811.527522
-0.161772,0.465796,-0.011712,-9.450000,-46.200001,-15.050000,1770369811.535462
-0.118340,0.402356,-0.010248,-3.010000,-58.169998,-9.660000,1770369811.543433
-0.072468,0.325008,0.105408,4.200000,-65.309998,-4.690000,1770369811.551469
-0.036112,0.233508,0.314272,10.430000,-69.160004,4.410000,1770369811.559460
-0.002440,0.183488,0.513376,20.510000,-70.910004,14.840000,1770369811.567481
0.031964,0.156892,0.771040,27.440001,-67.760002,14.630000,1770369811.575458
0.066856,0.123220,1.055300,30.660000,-60.549999,16.520000,1770369811.583448
0.094184,0.077592,1.248060,27.230000,-45.990002,16.660000,1770369811.591471
0.116144,-0.061732,1.370792,22.190001,-27.790001,8.890000,1770369811.599514
0.163236,-0.236436,1.500844,18.410000,-8.190000,1.820000,1770369811.607452
0.241804,-0.413580,1.671888,24.639999,7.070000,-8.400000,1770369811.615450
0.352092,-0.625860,2.094496,51.380001,16.590000,-6.790000,1770369811.623438
0.343064,-0.752252,2.394128,68.459999,18.059999,-7.070000,1770369811.631462
0.226676,-0.774212,2.364848,55.930000,3.780000,-6.300000,1770369811.639590
0.193980,-0.809348,2.178432,33.880001,-21.980000,-7.560000,1770369811.647448
0.223016,-0.863272,2.040816,19.110001,-58.310001,-2.240000,1770369811.655460
0.312320,-0.840824,1.983232,9.100000,-96.389999,5.320000,1770369811.663561
0.438468,-0.693448,1.911496,-1.470000,-126.559998,8.190000,1770369811.671529
0.556808,-0.510936,1.755824,-10.780000,-149.029999,12.390000,1770369811.679465
0.646356,-0.328912,1.496208,-16.520000,-162.470001,13.580000,1770369811.687458
0.700280,-0.140300,1.205848,-20.650000,-166.110001,11.690000,1770369811.695516
0.769332,0.075884,0.932324,-23.309999,-156.589996,15.960000,1770369811.703452
0.794220,0.291824,0.676124,-25.830000,-133.839996,25.620001,1770369811.711469
0.793000,0.436516,0.484828,-21.840000,-100.309998,28.139999,1770369811.719491
0.784948,0.471896,0.373808,-18.340000,-62.930000,27.790001,1770369811.727457
0.736148,0.458232,0.294264,-18.340000,-22.400000,26.180000,1770369811.735448
0.660996,0.444324,0.211792,-17.780001,14.770000,23.940001,1770369811.743436
0.559004,0.445056,0.116876,-22.330000,48.439999,22.540001,1770369811.751475
0.454572,0.448228,0.025864,-27.440001,77.910004,18.549999,1770369811.759501
0.356972,0.450912,-0.043920,-32.200001,101.080002,15.750000,1770369811.767476
0.267912,0.423340,-0.063684,-36.610001,119.279999,15.960000,1770369811.775455
0.172996,0.374784,-0.035380,-40.529999,131.389999,14.490000,1770369811.783454
0.110044,0.338428,0.022936,-42.209999,139.300003,9.240000,1770369811.791539
0.084424,0.265472,0.117364,-38.290001,137.270004,4.480000,1770369811.799493
0.085400,0.179828,0.245464,-27.090000,127.889999,4.410000,1770369811.807467
0.093940,0.111264,0.386496,-10.500000,110.809998,-1.120000,1770369811.815483
0.092232,0.031720,0.572424,11.760000,93.099998,3.710000,1770369811.823483
0.083448,-0.072224,0.871080,26.879999,70.559998,-2.030000,1770369811.831608
0.129808,-0.147132,1.211948,40.110001,52.849998,0.350000,1770369811.839464
0.207644,-0.241316,1.605520,49.279999,41.439999,4.270000,1770369811.847443
0.345504,-0.365268,1.929308,58.099998,31.010000,3.640000,1770369811.855461
0.502884,-0.622444,2.003240,65.519997,11.410000,-2.800000,1770369811.863700
0.557784,-0.910608,1.951756,61.950001,-3.570000,-11.340000,1770369811.871471
0.601216,-1.112640,2.019832,53.200001,1.540000,-20.020000,1770369811.879458
0.636108,-1.267092,2.165500,38.779999,25.830000,-30.799999,1770369811.887449
0.652212,-1.253672,2.166232,14.210000,66.010002,-41.580002,1770369811.895456
0.580964,-1.140456,2.028860,0.000000,101.500000,-55.930000,1770369811.903449
0.483120,-0.855464,1.901004,-11.970000,127.889999,-68.180000,1770369811.911480
0.350140,-0.547292,1.797792,-17.850000,146.020004,-73.360001,1770369811.919468
0.193248,-0.257176,1.658224,-23.240000,151.970001,-76.510002,1770369811.927451
0.026352,-0.018788,1.437404,-25.830000,146.929993,-81.830002,1770369811.935479
-0.130784,0.194468,1.154608,-22.959999,132.509995,-82.669998,1770369811.943459
-0.295484,0.377712,0.927200,-17.430000,112.349998,-84.699997,1770369811.951453
-0.422364,0.513864,0.766404,-11.200000,89.320000,-86.519997,1770369811.959457
-0.509716,0.610244,0.568764,-8.680000,67.059998,-92.050003,1770369811.967468
-0.565592,0.660264,0.370880,-7.560000,50.189999,-87.080002,1770369811.975457
-0.576084,0.698816,0.210572,-6.440000,33.880001,-80.430000,1770369811.983531
-0.566080,0.701500,0.057584,-10.010000,16.030001,-65.870003,1770369811.991474
-0.548268,0.675636,-0.042456,-14.070000,-5.460000,-54.599998,1770369811.999458
-0.538996,0.593408,-0.055876,-19.670000,-24.500000,-47.880001,1770369812.007455
-0.487024,0.429684,0.028060,-21.350000,-33.459999,-45.080002,1770369812.015575
-0.408700,0.234484,0.183976,-15.540000,-35.349998,-38.849998,1770369812.023453
-0.359168,0.033672,0.384544,-4.760000,-28.490000,-34.230000,1770369812.031468
-0.315492,-0.131272,0.567056,1.260000,-19.809999,-34.509998,1770369812.039475
-0.275232,-0.211548,0.688080,4.130000,-16.170000,-28.910000,1770369812.047462
-0.275476,-0.259372,0.794220,3.640000,-18.760000,-23.170000,1770369812.055438
-0.295484,-0.322568,0.865956,2.800000,-28.350000,-16.030001,1770369812.063793
-0.312808,-0.465064,0.861320,-1.540000,-41.369999,-5.040000,1770369812.071710
-0.278892,-0.717604,0.904020,4.550000,-60.970001,12.320000,1770369812.079656
-0.267912,-1.003572,1.088728,19.950001,-76.860001,38.430000,1770369812.087476
-0.250344,-1.179008,1.414712,45.639999,-86.169998,60.340000,1770369812.095455
-0.257664,-1.180228,1.736304,71.050003,-93.870003,76.300003,1770369812.103455
-0.276940,-1.063352,1.854888,81.550003,-107.730003,84.070000,1770369812.111488
-0.267668,-0.930860,1.797548,80.989998,-126.699997,89.320000,1770369812.119495
-0.241804,-0.797392,1.633336,75.669998,-141.820007,94.639999,1770369812.127449
-0.220576,-0.648308,1.413980,69.720001,-151.550003,100.730003,1770369812.135452
-0.179828,-0.475312,1.204140,67.690002,-158.690002,99.889999,1770369812.143466
-0.112728,-0.267912,1.059936,66.360001,-168.630005,101.500000,1770369812.151471
-0.042944,-0.052948,0.946720,60.200001,-181.929993,93.589996,1770369812.159599
0.013176,0.155672,0.797636,55.299999,-199.360001,84.209999,1770369812.167485
0.084912,0.338916,0.664656,46.549999,-219.309998,75.529999,1770369812.175454
0.157380,0.530212,0.537776,45.919998,-239.610001,64.750000,1770369812.183465
0.248880,0.624640,0.499956,43.189999,-257.739990,59.009998,1770369812.191480
0.378688,0.645868,0.489952,36.189999,-277.339996,51.799999,1770369812.199507
0.498004,0.632692,0.484828,23.100000,-290.010010,53.200001,1770369812.207446
0.620736,0.624884,0.448472,10.640000,-295.329987,57.119999,1770369812.215449
0.752252,0.604144,0.402112,1.470000,-291.760010,61.950001,1770369812.223489
0.905484,0.592432,0.360144,-8.120000,-280.769989,62.509998,1770369812.231462
1.067744,0.580964,0.328424,-13.510000,-267.609985,62.369999,1770369812.239458
1.230736,0.555832,0.299388,-18.410000,-245.000000,63.209999,1770369812.247440
1.398364,0.481656,0.322568,-20.230000,-212.309998,65.519997,1770369812.255447
1.576728,0.326472,0.443348,-18.129999,-176.889999,59.009998,1770369812.263448
1.758020,0.128832,0.603168,-8.680000,-128.869995,51.520000,1770369812.271550
1.877824,-0.038064,0.712236,8.890000,-74.760002,35.560001,1770369812.279473
1.941752,-0.212524,0.769820,28.420000,-17.639999,20.440001,1770369812.287445
1.924428,-0.340624,0.793000,29.959999,30.030001,-3.010000,1770369812.295444
1.901248,-0.467504,0.816424,19.180000,71.750000,-31.219999,1770369812.303474
1.852692,-0.590968,0.834236,4.130000,110.250000,-49.630001,1770369812.311474
1.757288,-0.720532,0.883524,-7.000000,153.580002,-55.509998,1770369812.319569
1.648220,-0.831064,0.985028,-9.870000,191.800003,-52.360001,1770369812.327479
1.493036,-0.873276,1.084580,-8.540000,227.500000,-45.500000,1770369812.335450
1.306864,-0.857172,1.172908,-4.760000,257.529999,-39.900002,1770369812.343438
1.104588,-0.808860,1.217316,3.850000,281.540009,-37.660000,1770369812.351462
0.859124,-0.727120,1.200724,5.670000,297.290009,-37.730000,1770369812.359452
0.643184,-0.544852,1.138504,11.690000,307.160004,-44.590000,1770369812.367539
0.458964,-0.389912,1.118984,9.520000,313.250000,-40.040001,1770369812.375444
0.288652,-0.245708,1.066036,3.850000,310.799988,-47.529999,1770369812.383455
0.133468,-0.169580,1.041148,-0.070000,301.839996,-49.070000,1770369812.391557
-0.009516,-0.061488,0.942084,-7.210000,298.269989,-46.830002,1770369812.399498
-0.138348,0.066368,0.845216,-5.880000,291.059998,-44.029999,1770369812.407454
-0.272304,0.195688,0.754204,-0.700000,283.359985,-39.689999,1770369812.415455
-0.389912,0.293288,0.650748,5.110000,269.779999,-32.130001,1770369812.423462
-0.497516,0.385276,0.542412,13.230000,250.949997,-26.250000,1770369812.431611
-0.585112,0.429928,0.464820,17.080000,232.259995,-19.530001,1770369812.439464
-0.672952,0.461160,0.415288,17.219999,205.309998,-11.550000,1770369812.447444
-0.741272,0.498980,0.411872,19.320000,179.270004,-3.920000,1770369812.455452
-0.804468,0.496784,0.413824,17.080000,148.190002,0.140000,1770369812.463469
-0.837164,0.516792,0.426512,13.090000,114.029999,0.840000,1770369812.471599
-0.842532,0.550220,0.432856,9.100000,79.449997,4.060000,1770369812.479473
-0.813008,0.583892,0.416264,8.960000,45.500000,-0.210000,1770369812.487453
-0.753960,0.611708,0.387960,7.630000,10.710000,-3.010000,1770369812.495449
-0.673196,0.633912,0.335988,4.200000,-17.639999,-4.270000,1770369812.503478
-0.589504,0.663680,0.296704,1.680000,-44.869999,-2.100000,1770369812.511494
-0.496052,0.678564,0.302804,-3.360000,-70.349998,1.050000,1770369812.519535
-0.423584,0.679540,0.375760,-8.190000,-90.720001,3.430000,1770369812.527451
-0.348676,0.669292,0.512644,-16.730000,-109.620003,6.300000,1770369812.535512
-0.283040,0.650016,0.661972,-26.320000,-126.209999,7.560000,1770369812.543438
-0.215208,0.605852,0.780800,-33.110001,-136.429993,6.300000,1770369812.551466
-0.144448,0.531188,0.915000,-37.869999,-145.389999,2.800000,1770369812.559439
-0.057340,0.458720,1.076772,-38.779999,-151.479996,-4.060000,1770369812.567570
0.027816,0.343552,1.241472,-42.419998,-147.279999,-12.950000,1770369812.575490
0.089548,0.208864,1.325896,-46.619999,-130.619995,-20.650000,1770369812.583455
0.171532,0.014884,1.392752,-40.950001,-105.279999,-26.040001,1770369812.591464
0.257176,-0.257908,1.517924,-18.129999,-71.680000,-21.700001,1770369812.599476
0.296948,-0.446276,1.611376,20.510000,-45.919998,-19.879999,1770369812.607593
0.256200,-0.456524,1.602104,36.049999,-35.770000,-21.209999,1770369812.615508
0.239608,-0.426024,1.614792,30.309999,-44.240002,-21.490000,1770369812.623442
0.250344,-0.477264,1.695068,21.629999,-59.009998,-19.459999,1770369812.631483
0.278892,-0.509228,1.747284,15.680000,-78.260002,-20.230000,1770369812.639484
0.334768,-0.537044,1.754116,6.440000,-93.660004,-21.770000,1770369812.647444
0.386008,-0.520696,1.645780,-3.080000,-103.809998,-21.910000,1770369812.655454
0.446764,-0.453840,1.481324,-10.220000,-114.169998,-23.240000,1770369812.663459
0.502396,-0.376492,1.321016,-13.860000,-125.230003,-20.580000,1770369812.671587
0.554856,-0.293532,1.219512,-16.170000,-130.759995,-20.930000,1770369812.679497
0.598288,-0.192272,1.144604,-20.790001,-135.100006,-20.160000,1770369812.687450
0.635132,-0.076860,1.048468,-26.740000,-132.089996,-18.760000,1770369812.695449
0.675392,0.037332,0.944524,-33.740002,-120.680000,-15.050000,1770369812.703457
0.709064,0.126392,0.822768,-39.759998,-104.930000,-8.400000,1770369812.711591
0.731756,0.199836,0.714432,-42.700001,-84.000000,-2.100000,1770369812.719461
0.738344,0.279136,0.637328,-45.709999,-61.740002,1.680000,1770369812.727453
0.744932,0.370148,0.581452,-43.330002,-37.310001,4.060000,1770369812.735449
0.718824,0.452376,0.554124,-43.540001,-13.510000,8.680000,1770369812.743558
0.686860,0.522892,0.532896,-42.630001,4.060000,7.420000,1770369812.751477
0.654164,0.600972,0.518256,-44.099998,20.160000,8.120000,1770369812.759462
0.624884,0.649040,0.524112,-45.150002,30.799999,7.000000,1770369812.767588
0.605852,0.659044,0.555832,-47.110001,38.430000,7.840000,1770369812.775456
0.611464,0.639524,0.601704,-44.520000,42.840000,5.880000,1770369812.783456
0.604144,0.553392,0.622688,-38.919998,47.950001,5.320000,1770369812.791468
0.597068,0.436028,0.586820,-29.750000,53.270000,6.650000,1770369812.799471
0.565348,0.306952,0.541192,-18.549999,59.009998,3.920000,1770369812.807501
0.535092,0.164944,0.506788,-9.240000,69.790001,3.150000,1770369812.815456
0.507764,0.031720,0.469944,1.120000,82.739998,-0.560000,1770369812.823452
0.514352,-0.115412,0.507032,15.680000,89.320000,-1.120000,1770369812.831563
0.550220,-0.266448,0.691984,29.750000,92.889999,-2.450000,1770369812.839495
0.596336,-0.409676,0.991372,41.930000,95.410004,2.240000,1770369812.847515
0.624396,-0.531920,1.317112,53.270000,97.510002,8.750000,1770369812.855454
0.639768,-0.612684,1.508896,56.490002,102.970001,15.540000,1770369812.863448
0.608048,-0.655628,1.611376,56.490002,111.230003,25.410000,1770369812.871470
0.516548,-0.640012,1.654320,50.470001,121.870003,31.920000,1770369812.879463
0.414800,-0.419680,1.622112,41.299999,134.610001,29.120001,1770369812.887511
0.222284,-0.389180,1.634312,23.100000,147.350006,21.209999,1770369812.895455
-0.000488,-0.319396,1.522072,-2.240000,168.630005,14.280000,1770369812.903450
-0.159332,-0.249124,1.431304,-21.559999,178.850006,4.060000,1770369812.911481
-0.274744,-0.168360,1.370792,-25.410000,176.539993,-6.720000,1770369812.919533
-0.383080,-0.076128,1.267580,-24.920000,160.789993,-11.480000,1770369812.927454
-0.470188,0.015616,1.090680,-20.230000,130.759995,-16.940001,1770369812.935453
-0.512888,0.127612,0.888404,-16.520000,95.410004,-16.309999,1770369812.943450
-0.512888,0.226188,0.712480,-13.650000,55.720001,-17.780001,1770369812.951591
-0.467748,0.331840,0.579500,-11.690000,23.730000,-13.440000,1770369812.959463
-0.406992,0.427244,0.504348,-15.680000,-1.890000,-9.100000,1770369812.967584
-0.352824,0.485560,0.469456,-22.750000,-21.629999,-7.980000,1770369812.975445
-0.281576,0.531432,0.466528,-27.090000,-33.389999,-8.120000,1770369812.983487
-0.203252,0.545584,0.475556,-31.780001,-38.990002,-6.930000,1770369812.991538
-0.132492,0.542656,0.494344,-26.389999,-38.570000,-9.100000,1770369812.999490
-0.085400,0.528260,0.502396,-16.870001,-33.180000,-7.210000,1770369813.007454
-0.059048,0.513864,0.490684,-3.570000,-27.370001,-3.430000,1770369813.015458
-0.079544,0.499468,0.469212,12.740000,-22.959999,2.800000,1770369813.023450
-0.116876,0.480924,0.452620,27.230000,-22.540001,6.720000,1770369813.031595
-0.145912,0.451644,0.506788,38.500000,-25.830000,4.060000,1770369813.039486
-0.142740,0.394304,0.682468,36.820000,-30.730000,0.420000,1770369813.047448
-0.122000,0.319396,0.955992,32.970001,-36.330002,-7.280000,1770369813.055520
-0.101992,0.242536,1.267092,30.940001,-34.720001,-14.070000,1770369813.063759
-0.077104,0.163724,1.576240,33.040001,-27.580000,-20.650000,1770369813.072216
-0.034160,0.115900,1.877336,36.610001,-17.430000,-29.959999,1770369813.079525
0.005612,0.111264,2.074732,31.290001,-13.510000,-42.770000,1770369813.087460
0.004636,0.123220,2.127680,16.660000,-24.920000,-45.570000,1770369813.095498
0.011224,0.044164,1.950780,-2.100000,-51.520000,-53.689999,1770369813.103481
0.101504,-0.098088,1.761192,-14.420000,-90.300003,-48.860001,1770369813.111464
0.234484,-0.213988,1.664324,-23.309999,-134.119995,-43.119999,1770369813.119466
0.386252,-0.335012,1.584048,-32.619999,-174.020004,-33.110001,1770369813.127465
0.535580,-0.451156,1.476932,-38.639999,-204.679993,-21.629999,1770369813.135585
0.677588,-0.524112,1.327604,-41.439999,-221.830002,-12.320000,1770369813.143449
0.798124,-0.532408,1.136796,-42.419998,-224.490005,-9.520000,1770369813.151473
0.916464,-0.466284,0.920368,-39.480000,-208.669998,-5.460000,1770369813.159469
0.993324,-0.372100,0.689788,-36.049999,-174.369995,-0.350000,1770369813.167470
1.019188,-0.243268,0.472628,-29.190001,-130.759995,5.040000,1770369813.175512
1.004060,-0.125416,0.308660,-23.309999,-78.680000,10.430000,1770369813.183458
0.939644,-0.029524,0.202764,-23.100000,-26.250000,14.070000,1770369813.191464
0.834724,0.042456,0.128100,-21.420000,24.709999,20.440001,1770369813.199461
0.709308,0.099064,0.103944,-21.629999,70.489998,23.379999,1770369813.207446
0.566324,0.145424,0.084424,-21.980000,107.169998,29.610001,1770369813.215443
0.426024,0.180804,0.095892,-18.410000,133.419998,31.360001,1770369813.223482
0.309392,0.217160,0.170556,-14.770000,152.669998,30.379999,1770369813.231463
0.216672,0.236924,0.287676,-7.770000,163.869995,24.150000,1770369813.239461
0.113948,0.226920,0.418704,0.210000,169.960007,16.309999,1770369813.247439
0.021716,0.248880,0.513376,8.890000,172.970001,4.480000,1770369813.255449
-0.058316,0.247904,0.559980,17.639999,167.440002,-2.870000,1770369813.263450
-0.110288,0.234240,0.606340,25.620001,152.039993,-3.710000,1770369813.271546
-0.121756,0.205204,0.778360,37.869999,127.470001,-3.710000,1770369813.279479
-0.104676,0.172508,1.098488,47.950001,94.080002,1.120000,1770369813.287447
-0.076372,0.161284,1.471320,53.619999,56.700001,7.770000,1770369813.295445
-0.041968,0.114436,1.742892,53.480000,20.299999,14.280000,1770369813.303449
0.069540,0.084912,1.850008,51.240002,-6.230000,17.780001,1770369813.311450
0.221064,0.009760,1.942728,41.930000,-29.610001,28.770000,1770369813.319514
0.300364,-0.109312,1.982988,28.910000,-34.720001,38.430000,1770369813.327460
0.342088,-0.251808,1.981524,14.560000,-21.700001,46.549999,1770369813.335450
0.358192,-0.378444,2.010316,4.130000,1.680000,46.340000,1770369813.343443
0.295728,-0.433344,1.981524,-5.880000,32.689999,32.970001,1770369813.351463
0.200568,-0.428464,1.887340,-17.639999,65.730003,17.850000,1770369813.359456
0.121756,-0.369172,1.764364,-28.000000,88.830002,2.730000,1770369813.367481
0.033916,-0.281576,1.620892,-40.180000,97.300003,-5.250000,1770369813.375459
-0.061488,-0.146888,1.416908,-48.090000,89.180000,-9.310000,1770369813.383460
-0.160552,-0.030500,1.177788,-53.410000,71.050003,-10.290000,1770369813.391466
-0.231800,0.074176,0.913292,-53.060001,45.290001,-13.790000,1770369813.399529
-0.264252,0.142984,0.664900,-48.509998,19.809999,-20.090000,1770369813.407476
-0.259860,0.203496,0.467260,-43.400002,-0.980000,-22.680000,1770369813.415453
-0.238144,0.253516,0.336720,-34.790001,-19.600000,-23.730000,1770369813.423454
-0.203496,0.305732,0.253028,-28.209999,-27.020000,-24.080000,1770369813.431463
-0.181536,0.346968,0.216428,-23.450001,-30.170000,-19.670000,1770369813.439524
-0.156892,0.366488,0.179584,-24.850000,-28.700001,-21.000000,1770369813.447449
-0.133956,0.359900,0.127612,-24.850000,-26.740000,-16.240000,1770369813.455457
-0.103700,0.322324,0.082960,-18.690001,-26.809999,-16.940001,1770369813.463491
-0.070028,0.233752,0.051728,-7.770000,-27.370001,-10.640000,1770369813.471698
-0.039284,0.150304,0.072956,8.960000,-29.190001,-4.270000,1770369813.479462
-0.031964,0.111996,0.222772,32.340000,-28.910000,4.270000,1770369813.487448
-0.051484,0.122976,0.463844,46.200001,-24.360001,14.420000,1770369813.495454
-0.070516,0.156892,0.711504,59.080002,-19.320000,15.190000,1770369813.503448
-0.100772,0.163724,0.957700,63.630001,-9.450000,19.600000,1770369813.511608
-0.150792,0.138836,1.230492,62.580002,1.400000,14.770000,1770369813.519465
-0.176412,0.084180,1.453264,55.509998,9.940000,10.010000,1770369813.527477
-0.181780,-0.030744,1.645048,51.099998,17.080000,-0.420000,1770369813.535448
-0.168360,-0.173728,1.823900,59.919998,17.080000,-7.420000,1770369813.543466
-0.154940,-0.214476,2.138172,65.800003,10.780000,-17.080000,1770369813.551569
-0.191540,-0.180560,2.418772,48.930000,-4.550000,-21.700001,1770369813.559465
-0.225212,-0.287920,2.277496,18.410000,-31.290001,-27.299999,1770369813.567449
-0.153964,-0.460672,2.049112,2.450000,-72.660004,-29.750000,1770369813.575619
0.009516,-0.552660,2.020564,-4.550000,-122.919998,-22.889999,1770369813.583436
0.235216,-0.563884,1.988112,-12.390000,-170.660004,-15.190000,1770369813.591466
0.428952,-0.528504,1.799988,-19.670000,-205.660004,-2.800000,1770369813.599480
0.581696,-0.467748,1.498160,-24.780001,-229.600006,0.140000,1770369813.607475
0.701256,-0.377956,1.176568,-23.309999,-238.910004,3.150000,1770369813.615447
0.772016,-0.234728,0.862296,-22.889999,-231.839996,3.570000,1770369813.623439
0.844972,-0.050996,0.628300,-21.559999,-204.889999,10.150000,1770369813.631466
0.895968,0.111020,0.417972,-21.840000,-162.050003,17.570000,1770369813.639463
0.910852,0.203984,0.254492,-22.330000,-108.150002,24.850000,1770369813.647492
0.873032,0.229116,0.130052,-20.510000,-56.840000,31.360001,1770369813.655454
0.772016,0.225700,0.032208,-15.400000,-9.450000,37.310001,1770369813.663451
0.641476,0.213988,-0.032208,-11.200000,36.049999,38.570000,1770369813.671662
0.503860,0.261568,-0.076128,-5.880000,72.589996,35.770000,1770369813.679489
0.366732,0.312320,-0.076616,-5.110000,103.459999,29.540001,1770369813.687458
0.237412,0.347944,-0.052216,-4.550000,130.550003,24.360001,1770369813.695457
0.119560,0.348920,0.009760,-8.680000,150.710007,14.770000,1770369813.703468
0.028060,0.319640,0.098332,-8.890000,165.339996,7.980000,1770369813.711456
-0.024644,0.251564,0.232776,-4.690000,169.539993,-0.420000,1770369813.719477
-0.070516,0.178608,0.397720,6.300000,162.750000,-3.570000,1770369813.727459
-0.093940,0.111996,0.620248,25.340000,149.589996,-4.480000,1770369813.735444
-0.121268,0.083448,0.981124,40.320000,118.440002,-7.280000,1770369813.743483
-0.129808,0.110776,1.422520,51.240002,83.089996,-7.840000,1770369813.751466
-0.132248,0.146644,1.711172,58.029999,46.060001,-11.690000,1770369813.759467
-0.043432,0.116632,1.867088,60.619999,17.430000,-14.630000,1770369813.767451
0.131760,0.054900,1.976156,61.389999,-2.310000,-14.770000,1770369813.775535
0.339404,-0.013176,2.111820,53.130001,-25.340000,-8.400000,1770369813.783461
0.388204,-0.177876,2.092300,41.299999,-39.480000,-1.680000,1770369813.791490
0.416996,-0.370880,2.135000,26.740000,-28.490000,3.640000,1770369813.799531
0.488000,-0.499712,2.242848,12.530000,-3.640000,7.210000,1770369813.807457
0.488000,-0.585844,2.221620,-0.770000,20.930000,5.740000,1770369813.815452
0.400892,-0.532896,2.044476,-15.470000,47.529999,-6.720000,1770369813.823453
0.315248,-0.459940,1.884656,-29.190001,67.339996,-10.430000,1770369813.831463
0.229848,-0.265228,1.650416,-43.259998,76.580002,-14.140000,1770369813.839477
0.128588,-0.174948,1.430328,-57.540001,71.680000,-9.170000,1770369813.847446
0.021228,-0.079544,1.201944,-63.840000,61.250000,-9.380000,1770369813.855451
-0.070760,0.010492,0.973560,-63.279999,46.970001,-7.280000,1770369813.863452
-0.131516,0.086864,0.759084,-56.980000,34.090000,-12.600000,1770369813.871683
-0.169824,0.158600,0.588284,-50.189999,21.490000,-16.240000,1770369813.879468
-0.204716,0.213256,0.432612,-41.439999,12.670000,-22.260000,1770369813.887466
-0.196908,0.285968,0.266692,-29.820000,6.090000,-29.680000,1770369813.895555
-0.193248,0.329644,0.155672,-20.230000,2.030000,-36.049999,1770369813.903580
-0.172020,0.359168,0.101260,-11.410000,-0.350000,-38.500000,1770369813.911467
-0.144936,0.364780,0.085644,-7.560000,-2.030000,-31.570000,1770369813.919481
-0.132980,0.346236,0.050508,-6.790000,-5.530000,-33.110001,1770369813.927601
-0.112240,0.316468,-0.003416,-4.200000,-13.510000,-28.420000,1770369813.935449
-0.085400,0.281576,-0.013420,1.540000,-21.350000,-23.940001,1770369813.943452
-0.048068,0.252540,0.083936,7.840000,-30.030001,-17.639999,1770369813.951467
-0.020008,0.217892,0.264008,14.980000,-36.119999,-8.330000,1770369813.959465
-0.007564,0.192760,0.468968,21.559999,-34.930000,-3.010000,1770369813.967468
-0.015616,0.176900,0.673196,27.160000,-29.400000,3.290000,1770369813.975468
-0.016104,0.198860,0.926468,33.880001,-22.400000,5.460000,1770369813.983486
-0.014152,0.211060,1.172176,34.439999,-10.780000,3.010000,1770369813.991453
-0.015860,0.132004,1.314672,32.970001,2.450000,0.770000,1770369813.999459
-0.013420,0.000488,1.451800,28.070000,15.330000,-3.360000,1770369814.007454
0.002684,-0.132980,1.637484,29.190001,29.049999,-11.550000,1770369814.015453
0.036356,-0.248880,1.924672,38.779999,38.150002,-13.020000,1770369814.023451
0.009760,-0.342332,2.347768,49.139999,43.330002,-14.700000,1770369814.031591
-0.099064,-0.394548,2.454884,37.520000,40.880001,-17.150000,1770369814.039473
-0.155428,-0.447740,2.257244,20.790001,20.299999,-12.880000,1770369814.047446
-0.156648,-0.504104,2.145004,3.010000,-22.680000,-5.600000,1770369814.055456
-0.089060,-0.517036,2.071072,-11.130000,-71.610001,0.700000,1770369814.063608
0.021228,-0.483608,1.952244,-24.850000,-116.550003,7.070000,1770369814.072788
0.147620,-0.391864,1.695312,-32.900002,-149.869995,7.910000,1770369814.079511
0.272548,-0.305244,1.343708,-35.630001,-173.740005,9.100000,1770369814.087453
0.375516,-0.213744,1.022360,-32.619999,-188.300003,8.750000,1770369814.095475
0.478240,-0.104432,0.789340,-30.450001,-191.940002,7.700000,1770369814.103458
0.563640,0.018788,0.588528,-28.420000,-182.839996,11.690000,1770369814.111465
0.621224,0.127368,0.405040,-25.270000,-156.660004,15.960000,1770369814.119511
0.645868,0.201544,0.241072,-24.990000,-123.129997,21.139999,1770369814.127528
0.630008,0.237412,0.101504,-18.549999,-83.089996,27.370001,1770369814.135478
0.566080,0.242292,-0.004636,-16.450001,-39.200001,26.950001,1770369814.143455
0.476532,0.262056,-0.077592,-10.220000,2.870000,25.690001,1770369814.151485
0.385276,0.272548,-0.108092,-9.450000,39.689999,20.790001,1770369814.159521
0.285480,0.289140,-0.115656,-8.260000,68.809998,15.330000,1770369814.167444
0.176168,0.290604,-0.096624,-11.200000,93.730003,8.470000,1770369814.175462
0.081008,0.279136,-0.056852,-12.320000,113.470001,-0.980000,1770369814.183468
0.017812,0.266936,0.005368,-12.530000,122.849998,-5.390000,1770369814.191595
-0.020252,0.228384,0.114192,-10.220000,123.760002,-11.410000,1770369814.199461
-0.052216,0.153964,0.272548,0.630000,117.459999,-10.430000,1770369814.207445
-0.029280,0.055632,0.532408,17.990000,103.250000,-10.010000,1770369814.215447
-0.034892,-0.012688,0.924516,37.869999,77.209999,-10.430000,1770369814.223448
-0.017080,-0.020984,1.461804,50.959999,45.080002,-8.890000,1770369814.231470
-0.000244,0.021472,1.911740,56.419998,15.960000,-10.220000,1770369814.239524
0.116388,-0.009516,2.052284,58.869999,1.400000,-12.460000,1770369814.247438
0.322324,-0.098576,2.068388,69.720001,-5.530000,-15.820000,1770369814.255448
0.520940,-0.134688,2.204540,71.050003,-22.049999,-16.309999,1770369814.263450
0.548512,-0.203252,2.157204,58.380001,-37.799999,-14.910000,1770369814.271471
0.549244,-0.363072,2.207224,36.400002,-29.610001,-13.370000,1770369814.279656
0.596336,-0.490684,2.325808,13.650000,-2.030000,-6.650000,1770369814.287451
0.583404,-0.533872,2.277008,-4.340000,28.280001,-6.300000,1770369814.295453
0.470188,-0.526552,2.091568,-22.120001,54.950001,-8.190000,1770369814.303452
0.344040,-0.431392,1.858060,-38.080002,73.639999,-12.460000,1770369814.311480
0.217892,-0.294264,1.609668,-49.419998,80.430000,-11.550000,1770369814.319461
0.089548,-0.159088,1.348344,-57.540001,78.820000,-10.220000,1770369814.327450
-0.025376,-0.016348,1.066524,-59.430000,69.930000,-9.520000,1770369814.335455
-0.117364,0.078324,0.843020,-54.950001,58.520000,-8.960000,1770369814.343459
-0.184464,0.157136,0.650504,-49.209999,45.360001,-12.390000,1770369814.351525
-0.234484,0.195688,0.481412,-41.509998,34.439999,-15.750000,1770369814.359462
-0.280356,0.202764,0.313052,-35.070000,23.170000,-24.570000,1770369814.367442
-0.294508,0.245220,0.163236,-23.170000,10.430000,-27.510000,1770369814.375457
-0.286700,0.294020,0.074420,-9.380000,0.560000,-31.780001,1770369814.383485
-0.257420,0.343796,0.063440,0.350000,-7.980000,-26.950001,1770369814.391476
-0.224480,0.384788,0.065148,6.860000,-17.150000,-19.530001,1770369814.399468
-0.192516,0.402844,0.028304,7.280000,-28.350000,-15.820000,1770369814.407456
-0.157136,0.403576,-0.006588,9.310000,-42.000000,-8.960000,1770369814.415458
-0.112728,0.385032,0.034160,8.120000,-54.669998,-4.270000,1770369814.423576
-0.075396,0.379908,0.175924,8.680000,-61.180000,0.350000,1770369814.431467
-0.043676,0.351116,0.356484,11.760000,-62.650002,8.330000,1770369814.439467
-0.020984,0.321104,0.543144,17.780001,-57.049999,13.580000,1770369814.447448
0.003904,0.303780,0.812520,24.080000,-48.580002,17.780001,1770369814.455457
0.018300,0.288164,1.087264,30.309999,-38.919998,17.709999,1770369814.463506
0.048068,0.240096,1.316624,32.060001,-29.120001,16.450001,1770369814.471600
0.048800,0.101992,1.498404,30.240000,-15.400000,11.480000,1770369814.479469
0.087352,-0.003416,1.663836,22.610001,1.470000,7.910000,1770369814.487456
0.193980,-0.124196,1.937116,21.209999,12.600000,5.600000,1770369814.495560
0.236192,-0.280356,2.372412,32.830002,20.299999,6.300000,1770369814.503445
0.151036,-0.420168,2.571272,41.090000,27.580000,7.000000,1770369814.511462
0.003660,-0.439932,2.399008,27.650000,17.290001,1.960000,1770369814.519453
-0.040016,-0.451400,2.179408,8.190000,-12.110000,4.550000,1770369814.527450
-0.029768,-0.506300,2.066192,-10.780000,-56.560001,9.100000,1770369814.535449
0.044164,-0.535824,1.958100,-24.920000,-101.080002,13.720000,1770369814.543472
0.161040,-0.500444,1.757044,-33.459999,-141.470001,15.960000,1770369814.551596
0.298656,-0.427000,1.464488,-35.560001,-173.529999,16.309999,1770369814.559464
0.423828,-0.333792,1.150704,-33.740002,-193.059998,17.430000,1770369814.567451
0.527284,-0.231068,0.882548,-32.549999,-202.649994,16.520000,1770369814.575506
0.613172,-0.115656,0.651968,-30.520000,-196.350006,21.280001,1770369814.583592
0.684664,-0.003416,0.478484,-28.910000,-174.860001,28.139999,1770369814.591463
0.714188,0.068320,0.298168,-24.570000,-140.490005,34.090000,1770369814.599444
0.702476,0.092476,0.161772,-20.230000,-97.370003,37.450001,1770369814.607443
0.661240,0.106140,0.049532,-16.309999,-52.990002,38.220001,1770369814.615462
0.589016,0.125416,-0.043188,-12.670000,-7.980000,38.919998,1770369814.623436
0.493368,0.150548,-0.115412,-12.670000,32.060001,36.540001,1770369814.631554
0.384300,0.178608,-0.152012,-8.890000,65.589996,36.119999,1770369814.639464
0.276940,0.205448,-0.154696,-7.560000,93.870003,31.150000,1770369814.647446
0.173972,0.213744,-0.104920,-6.230000,117.040001,27.440001,1770369814.655455
0.098576,0.187148,0.000000,-3.360000,132.020004,19.459999,1770369814.663489
0.057340,0.115900,0.145424,4.200000,139.089996,12.600000,1770369814.671547
0.039528,0.030988,0.325008,17.290001,134.679993,7.560000,1770369814.679510
0.047336,-0.026840,0.522892,35.070000,121.099998,9.660000,1770369814.687468
0.071980,-0.082472,0.824720,58.310001,95.269997,10.220000,1770369814.695487
0.115412,-0.085888,1.360544,73.150002,64.470001,8.470000,1770369814.703506
0.177144,-0.057096,1.873676,83.790001,36.680000,5.600000,1770369814.711468
0.267180,-0.024644,2.119628,87.779999,19.950001,3.010000,1770369814.719479
0.396256,-0.023668,2.067168,85.050003,10.640000,1.260000,1770369814.727480
0.549000,-0.049044,1.997384,71.400002,-7.070000,7.770000,1770369814.735427
0.634644,-0.140300,1.982744,51.029999,-23.379999,13.580000,1770369814.743452
0.661240,-0.305000,2.061312,28.070000,-12.320000,20.860001,1770369814.751465
0.664412,-0.473848,2.201856,5.670000,25.480000,20.719999,1770369814.759569
0.610976,-0.538020,2.194780,-9.030000,71.330002,12.600000,1770369814.767457
0.460672,-0.539728,2.038376,-21.350000,113.889999,-3.570000,1770369814.775470
0.296948,-0.408212,1.854400,-32.200001,138.880005,-16.590000,1770369814.783594
0.130052,-0.248148,1.678964,-43.189999,147.630005,-20.650000,1770369814.791475
-0.029768,-0.108336,1.436428,-55.230000,138.529999,-22.330000,1770369814.799469
-0.189100,0.009028,1.131184,-59.080002,118.160004,-19.950001,1770369814.807455
-0.302560,0.130052,0.843264,-54.040001,87.989998,-20.090000,1770369814.815476
-0.367464,0.193736,0.633424,-44.660000,56.980000,-21.209999,1770369814.823483
-0.416508,0.232044,0.488244,-34.509998,26.250000,-22.120001,1770369814.831465
-0.440664,0.296216,0.345016,-23.590000,-1.680000,-29.540001,1770369814.839453
-0.428464,0.358680,0.224724,-11.550000,-21.490000,-34.299999,1770369814.847445
-0.376004,0.412848,0.125660,0.630000,-35.910000,-36.049999,1770369814.855466
-0.309636,0.448472,0.066612,7.210000,-49.209999,-32.480000,1770369814.863588
-0.250344,0.466040,0.004392,9.870000,-59.080002,-25.410000,1770369814.871469
-0.183976,0.450912,-0.056364,11.900000,-69.720001,-15.400000,1770369814.879544
-0.117364,0.409676,-0.072956,13.230000,-79.099998,-7.070000,1770369814.887464
-0.057828,0.381372,-0.011468,12.950000,-87.290001,-0.910000,1770369814.895448
0.001952,0.360632,0.126636,12.950000,-90.510002,5.110000,1770369814.903496
0.047824,0.319884,0.284748,11.900000,-85.889999,11.130000,1770369814.911468
0.089548,0.267668,0.456524,16.730000,-74.900002,16.100000,1770369814.919468
0.134200,0.232288,0.721264,24.850000,-58.099998,22.120001,1770369814.927478
0.179096,0.231800,0.995764,31.080000,-37.799999,20.719999,1770369814.935449
0.219600,0.195688,1.239764,35.419998,-17.080000,17.990000,1770369814.943469
0.251564,0.112972,1.454240,33.880001,3.430000,15.540000,1770369814.951466
0.293776,-0.006832,1.665056,25.340000,30.030001,10.780000,1770369814.959463
0.383812,-0.085888,1.909544,22.610001,50.820000,7.000000,1770369814.967451
0.422120,-0.213256,2.268956,32.200001,69.230003,7.070000,1770369814.975554
0.326472,-0.385276,2.527352,43.540001,75.320000,6.230000,1770369814.983456
0.117608,-0.460184,2.385344,34.930000,67.900002,2.170000,1770369814.991466
0.018788,-0.469944,2.155740,18.900000,39.200001,1.750000,1770369814.999454
-0.016104,-0.485560,2.067412,1.470000,-7.210000,2.520000,1770369815.007458
0.008052,-0.477020,1.994456,-13.650000,-54.389999,5.180000,1770369815.015439
0.090036,-0.424560,1.818776,-24.010000,-97.510002,1.120000,1770369815.023576
0.219356,-0.357948,1.554768,-27.160000,-133.350006,1.120000,1770369815.031473
0.347944,-0.286212,1.258308,-27.299999,-159.250000,-3.010000,1770369815.039466
0.462624,-0.212280,1.011380,-27.650000,-175.070007,-3.010000,1770369815.047448
0.554612,-0.113704,0.792756,-27.090000,-177.100006,-2.450000,1770369815.055454
0.616832,0.013420,0.591456,-27.790001,-163.660004,-0.210000,1770369815.063563
0.662948,0.108336,0.408456,-28.559999,-135.869995,8.470000,1770369815.071886
0.669292,0.154452,0.255956,-27.090000,-98.839996,14.770000,1770369815.079487
0.635376,0.157868,0.122000,-25.549999,-59.500000,18.969999,1770369815.087528
0.578280,0.156160,0.014396,-22.750000,-18.549999,17.570000,1770369815.095468
0.495564,0.156648,-0.074176,-19.530001,18.059999,19.600000,1770369815.103485
0.412604,0.169580,-0.130540,-15.260000,48.720001,16.870001,1770369815.111582
0.316712,0.195444,-0.154940,-13.020000,77.000000,18.129999,1770369815.119475
0.211792,0.217648,-0.137860,-8.260000,100.940002,16.450001,1770369815.127445
0.122244,0.228384,-0.073932,-8.820000,119.980003,13.300000,1770369815.135456
0.062708,0.192028,0.044164,-3.430000,133.210007,7.560000,1770369815.143451
0.035136,0.119316,0.221308,2.310000,136.149994,1.610000,1770369815.151493
0.019276,0.049776,0.405040,14.630000,134.119995,0.490000,1770369815.159499
0.020984,-0.023668,0.671488,31.570000,118.930000,-0.770000,1770369815.167445
0.037576,-0.059536,1.082384,44.939999,96.739998,-1.260000,1770369815.175667
0.062464,-0.028060,1.606740,53.970001,67.900002,-6.790000,1770369815.183456
0.105652,-0.015616,1.942240,55.650002,49.070000,-11.130000,1770369815.191533
0.233508,-0.031232,1.970544,58.520000,40.250000,-17.080000,1770369815.199462
0.389424,-0.033428,2.050332,62.369999,34.160000,-14.350000,1770369815.207449
0.484828,-0.053680,2.176968,52.430000,23.170000,-12.600000,1770369815.215450
0.435052,-0.207400,2.075952,35.630001,16.660000,-4.900000,1770369815.223453
0.397232,-0.397476,2.133536,15.610000,27.370001,-0.070000,1770369815.231583
0.375272,-0.483120,2.208932,-0.560000,48.369999,3.710000,1770369815.239468
0.298656,-0.517280,2.122068,-12.460000,64.820000,-3.010000,1770369815.247448
0.184464,-0.468968,1.965664,-24.850000,75.250000,-10.990000,1770369815.255449
0.084424,-0.342820,1.767292,-35.560001,80.639999,-20.230000,1770369815.263476
-0.008540,-0.197640,1.566724,-45.430000,74.339996,-21.770000,1770369815.271487
-0.096624,-0.056120,1.334436,-54.389999,58.029999,-24.709999,1770369815.279481
-0.174216,0.056608,1.084092,-54.389999,39.130001,-26.389999,1770369815.287448
-0.231312,0.149084,0.871324,-52.220001,19.040001,-23.030001,1770369815.295455
-0.253760,0.233264,0.702720,-46.830002,0.560000,-29.330000,1770369815.303472
-0.264984,0.300852,0.535336,-41.160000,-12.670000,-29.889999,1770369815.311492
-0.270108,0.347700,0.351604,-32.549999,-20.370001,-35.840000,1770369815.319460
-0.252296,0.383080,0.189832,-24.290001,-27.370001,-36.259998,1770369815.327447
-0.236924,0.419192,0.088816,-14.210000,-32.060001,-36.540001,1770369815.335448
-0.202764,0.460428,0.024400,-8.890000,-36.470001,-32.689999,1770369815.343451
-0.162748,0.473116,-0.026840,-5.810000,-44.450001,-26.389999,1770369815.351512
-0.122732,0.469700,-0.063684,-4.550000,-51.660000,-20.230000,1770369815.359575
-0.068320,0.447740,-0.043920,-1.890000,-61.950001,-15.120000,1770369815.367443
-0.007808,0.407480,0.072224,-0.210000,-70.349998,-7.420000,1770369815.375459
0.052216,0.355264,0.287676,4.690000,-70.559998,-4.620000,1770369815.383620
0.112972,0.300120,0.522892,12.110000,-57.540001,5.670000,1770369815.391470
0.151768,0.266936,0.789340,21.770000,-50.889999,9.100000,1770369815.399477
0.167628,0.245952,1.063840,27.299999,-32.270000,11.270000,1770369815.407457
0.158600,0.167140,1.256844,29.610001,-9.730000,10.150000,1770369815.415457
0.154940,0.045872,1.320284,31.500000,13.860000,6.090000,1770369815.423498
0.168360,-0.110776,1.392020,31.290001,34.790001,0.770000,1770369815.431464
0.184220,-0.264740,1.485472,37.099998,48.369999,-5.950000,1770369815.439466
0.231800,-0.407968,1.801940,56.419998,57.610001,-12.460000,1770369815.447457
0.203252,-0.507032,2.261880,70.839996,63.070000,-14.350000,1770369815.455459
0.041724,-0.513132,2.478308,52.919998,59.570000,-19.110001,1770369815.463528
-0.044896,-0.536068,2.369484,17.990000,33.250000,-20.580000,1770369815.471469
-0.066368,-0.645136,2.232600,-4.270000,-9.310000,-17.500000,1770369815.479477
-0.022692,-0.650016,2.157204,-15.750000,-58.590000,-14.280000,1770369815.487458
0.065880,-0.546072,2.011292,-28.070000,-106.050003,-10.430000,1770369815.495575
0.186172,-0.382348,1.740208,-33.880001,-145.179993,-10.220000,1770369815.503481
0.309392,-0.255956,1.442772,-39.410000,-173.669998,-7.630000,1770369815.511467
0.421388,-0.151036,1.132404,-43.330002,-190.679993,-7.070000,1770369815.519441
0.513376,-0.041236,0.861320,-45.290001,-194.880005,-5.810000,1770369815.527442
0.597312,0.060512,0.640256,-46.060001,-182.279999,3.290000,1770369815.535480
0.645868,0.133956,0.484096,-44.099998,-158.690002,9.800000,1770369815.543459
0.671244,0.188856,0.323788,-41.650002,-122.220001,15.960000,1770369815.551475
0.658068,0.205692,0.184220,-35.560001,-83.860001,20.580000,1770369815.559453
0.608292,0.209352,0.062220,-28.910000,-43.330002,20.230000,1770369815.567449
0.532164,0.207156,-0.047824,-21.559999,-3.990000,21.700001,1770369815.575533
0.442128,0.211060,-0.104188,-15.960000,26.740000,18.969999,1770369815.583477
0.349896,0.214476,-0.123952,-11.620000,55.299999,19.809999,1770369815.591479
0.257664,0.212524,-0.119804,-7.070000,78.889999,14.280000,1770369815.599455
0.175680,0.207888,-0.089304,-6.230000,98.489998,9.450000,1770369815.607504
0.107848,0.194956,-0.031476,-7.000000,115.430000,4.970000,1770369815.615455
0.073444,0.165676,0.061488,-4.270000,124.739998,2.030000,1770369815.623438
0.063440,0.098088,0.205204,2.870000,127.400002,-0.910000,1770369815.631458
0.065880,0.028792,0.378688,20.860001,119.139999,-0.630000,1770369815.639532
0.078568,-0.032940,0.617564,34.439999,114.029999,1.540000,1770369815.647464
0.082716,-0.041236,0.987956,49.840000,97.860001,2.240000,1770369815.655464
0.093940,-0.002684,1.481080,52.849998,79.309998,-1.120000,1770369815.663458
0.133956,0.031964,1.905152,49.349998,58.169998,-3.710000,1770369815.671516
0.221796,-0.013664,2.042524,42.980000,47.180000,-8.610000,1770369815.679511
0.351116,-0.111020,2.053504,46.830002,38.919998,-8.190000,1770369815.687456
0.480192,-0.172264,2.081320,48.930000,16.940001,-3.990000,1770369815.695482
0.493124,-0.280112,2.018124,42.070000,-2.450000,-4.060000,1770369815.703617
0.444324,-0.386740,2.082540,25.549999,3.780000,0.350000,1770369815.711464
0.411628,-0.455548,2.191120,6.790000,29.889999,-3.220000,1770369815.719464
0.311588,-0.491904,2.107428,-11.480000,62.509998,-12.530000,1770369815.727453
0.189832,-0.457988,1.943948,-23.870001,88.410004,-18.760000,1770369815.735456
0.072712,-0.352336,1.779736,-32.900002,102.830002,-25.830000,1770369815.743462
-0.036844,-0.209108,1.588196,-42.070000,99.050003,-28.490000,1770369815.751476
-0.171044,-0.122000,1.335412,-50.959999,87.989998,-30.660000,1770369815.759464
-0.268400,-0.033428,1.045540,-56.419998,68.250000,-27.510000,1770369815.767448
-0.322324,0.046116,0.813740,-54.110001,42.910000,-30.870001,1770369815.775452
-0.360632,0.116144,0.657824,-49.070000,16.590000,-29.959999,1770369815.783478
-0.361120,0.175924,0.518500,-42.070000,-9.520000,-29.820000,1770369815.791461
-0.346724,0.219844,0.375760,-32.549999,-27.510000,-34.580002,1770369815.799492
-0.313784,0.258152,0.250832,-18.129999,-43.470001,-34.580002,1770369815.807527
-0.273280,0.308660,0.153964,-6.230000,-54.389999,-35.840000,1770369815.815485
-0.233264,0.359168,0.088084,1.820000,-64.820000,-30.450001,1770369815.823459
-0.182024,0.415044,0.029768,4.200000,-73.989998,-23.660000,1770369815.831464
-0.119804,0.444568,-0.028060,4.550000,-85.680000,-16.590000,1770369815.839476
-0.056364,0.447740,-0.042212,2.660000,-97.019997,-10.290000,1770369815.847542
0.003660,0.435296,0.036356,1.120000,-104.790001,-2.590000,1770369815.855459
0.072224,0.394060,0.210816,3.430000,-107.029999,2.940000,1770369815.863581
0.124196,0.334768,0.420656,6.720000,-98.699997,12.040000,1770369815.871560
0.181780,0.276208,0.695888,16.100000,-81.129997,15.190000,1770369815.879584
0.243024,0.259860,0.983076,28.490000,-63.349998,15.610000,1770369815.887487
0.277428,0.256688,1.226832,40.389999,-36.889999,17.639999,1770369815.895464
0.279868,0.182024,1.398120,45.430000,-7.630000,14.070000,1770369815.903550
0.278648,0.085644,1.498648,39.619999,27.719999,11.970000,1770369815.911569
0.317444,-0.034648,1.611864,32.410000,53.759998,4.620000,1770369815.919494
0.388936,-0.187636,1.936872,41.720001,70.699997,1.750000,1770369815.927453
0.374296,-0.342332,2.338252,55.369999,75.320000,-0.070000,1770369815.935452
0.186660,-0.410408,2.457080,47.950001,64.959999,-4.550000,1770369815.943486
0.038064,-0.459696,2.355332,22.049999,42.000000,-7.420000,1770369815.951458
-0.019764,-0.575108,2.228940,-1.400000,-0.140000,-8.680000,1770369815.959745
-0.010492,-0.647820,2.137196,-15.540000,-45.430000,-7.630000,1770369815.967489
0.062220,-0.587308,1.970300,-29.889999,-91.000000,-5.740000,1770369815.975461
0.181536,-0.471652,1.693360,-40.810001,-132.509995,-6.930000,1770369815.983819
0.306464,-0.351360,1.355176,-44.169998,-159.809998,-3.220000,1770369815.991609
0.418704,-0.231800,1.042612,-46.270000,-177.520004,-4.130000,1770369815.999480
0.534116,-0.098820,0.793732,-46.410000,-182.699997,-0.420000,1770369816.007458
0.628788,0.023668,0.583160,-43.889999,-168.419998,7.560000,1770369816.015463
0.682712,0.100528,0.403820,-40.110001,-141.050003,17.639999,1770369816.023581
0.682712,0.150548,0.230824,-36.330002,-101.709999,24.500000,1770369816.031462
0.632448,0.184952,0.068320,-28.420000,-56.209999,28.559999,1770369816.039458
0.550952,0.204716,-0.050508,-21.980000,-12.740000,27.370001,1770369816.047461
0.458720,0.210328,-0.128344,-18.340000,28.000000,25.059999,1770369816.055456
0.354044,0.208864,-0.158600,-16.030001,61.180000,23.379999,1770369816.063788
0.259372,0.216672,-0.158844,-14.980000,85.889999,22.400000,1770369816.071682
0.164456,0.210328,-0.111752,-11.200000,104.230003,20.020000,1770369816.079517
0.095892,0.185196,-0.001952,-7.140000,116.269997,15.050000,1770369816.087465
0.051484,0.122732,0.137860,2.870000,122.430000,8.540000,1770369816.095470
0.026352,0.052216,0.301828,17.290001,119.209999,5.600000,1770369816.103603
0.023424,-0.026352,0.496052,35.770000,106.260002,5.670000,1770369816.111467
0.044896,-0.083936,0.760060,53.970001,85.959999,5.180000,1770369816.119469
0.091744,-0.124684,1.140212,73.639999,62.160000,7.000000,1770369816.127443
0.144448,-0.135176,1.573800,86.449997,36.750000,2.590000,1770369816.135441
0.235216,-0.099796,1.867088,91.489998,14.070000,-0.560000,1770369816.143459
0.349652,-0.081008,1.956880,85.680000,4.410000,-0.210000,1770369816.151480
0.477020,-0.111508,1.896368,72.940002,-5.320000,0.000000,1770369816.159518
0.662216,-0.172996,1.856596,57.610001,-18.549999,11.690000,1770369816.167448
0.733708,-0.292556,1.926624,41.439999,-22.959999,24.290001,1770369816.175445
0.728828,-0.467992,2.045940,24.639999,1.750000,31.709999,1770369816.183455
0.652944,-0.589504,2.141344,5.880000,47.669998,29.610001,1770369816.191470
0.503128,-0.632448,2.113284,-8.820000,96.809998,16.450001,1770369816.199484
0.334036,-0.545340,1.980060,-22.190001,136.850006,-3.570000,1770369816.207488
0.166164,-0.391620,1.849764,-35.209999,156.940002,-12.530000,1770369816.215447
-0.000976,-0.239608,1.694336,-47.180000,159.880005,-22.260000,1770369816.223445
-0.152988,-0.095160,1.466684,-58.939999,147.139999,-24.780001,1770369816.231466
-0.268156,0.004148,1.168028,-62.720001,122.010002,-28.559999,1770369816.239451
-0.346968,0.092232,0.901580,-58.380001,88.339996,-33.599998,1770369816.247530
-0.380884,0.200568,0.668804,-48.650002,49.630001,-36.750000,1770369816.255561
-0.395768,0.235460,0.491904,-37.730000,13.720000,-37.099998,1770369816.263475
-0.394304,0.296704,0.311344,-26.180000,-12.530000,-34.720001,1770369816.271462
-0.386252,0.358192,0.168604,-13.230000,-31.920000,-32.480000,1770369816.279647
-0.352092,0.420900,0.085156,-2.030000,-45.919998,-28.980000,1770369816.287457
-0.298168,0.464820,0.057096,3.220000,-54.880001,-25.620001,1770369816.295463
-0.238144,0.490684,0.006100,9.660000,-66.709999,-18.969999,1770369816.303512
-0.184952,0.484584,-0.052704,12.460000,-73.989998,-11.550000,1770369816.311462
-0.133224,0.458232,-0.066368,15.680000,-82.529999,-6.860000,1770369816.319457
-0.084668,0.445544,0.012688,15.260000,-92.120003,2.030000,1770369816.327446
-0.042944,0.429196,0.166652,17.290001,-94.150002,3.990000,1770369816.335449
-0.008540,0.394548,0.335500,19.879999,-88.129997,11.690000,1770369816.343476
0.028792,0.355752,0.554124,28.420000,-77.349998,14.420000,1770369816.351568
0.077104,0.354288,0.861320,35.770000,-64.260002,18.480000,1770369816.359461
0.128100,0.354776,1.159000,44.169998,-47.529999,19.809999,1770369816.367440
0.161528,0.304756,1.424472,47.040001,-28.770000,17.010000,1770369816.375476
0.162504,0.231556,1.573068,43.959999,-6.300000,15.610000,1770369816.383494
0.216428,0.159332,1.751432,28.770000,16.730000,9.660000,1770369816.391477
0.310368,0.042212,2.015196,16.660000,33.389999,11.060000,1770369816.399471
0.349408,-0.166652,2.385100,14.000000,42.770000,7.770000,1770369816.407457
0.260348,-0.381372,2.496120,22.540001,43.470001,6.160000,1770369816.415495
0.116876,-0.504104,2.291404,18.059999,27.790001,2.590000,1770369816.423475
0.080520,-0.584868,2.093520,4.410000,-4.760000,2.870000,1770369816.431466
0.096136,-0.653676,2.023492,-13.510000,-48.650002,8.540000,1770369816.439462
0.155428,-0.672220,1.933456,-26.110001,-91.980003,8.680000,1770369816.447526
0.251320,-0.603656,1.717760,-33.740002,-125.650002,10.360000,1770369816.455435
0.366244,-0.518012,1.431792,-35.349998,-152.039993,10.990000,1770369816.463458
0.477264,-0.421632,1.140700,-35.349998,-171.429993,10.570000,1770369816.471474
0.556564,-0.304512,0.885232,-35.000000,-177.869995,12.110000,1770369816.479485
0.623420,-0.171288,0.688324,-31.850000,-168.770004,13.860000,1770369816.487518
0.671488,-0.041968,0.509228,-29.750000,-142.309998,20.580000,1770369816.495539
0.690764,0.053680,0.344528,-25.549999,-107.169998,23.520000,1770369816.503494
0.672464,0.104432,0.200812,-23.520000,-67.129997,30.379999,1770369816.511473
0.610244,0.128344,0.073932,-20.790001,-25.900000,30.379999,1770369816.519452
0.526308,0.153476,-0.028548,-18.340000,12.390000,30.100000,1770369816.527501
0.442372,0.168604,-0.104188,-14.910000,44.869999,26.600000,1770369816.535452
0.355264,0.180560,-0.137372,-14.350000,71.260002,26.459999,1770369816.543433
0.258884,0.191052,-0.130296,-13.300000,92.190002,25.549999,1770369816.551452
0.158356,0.182268,-0.076860,-12.180000,111.720001,20.580000,1770369816.559462
0.074664,0.193492,-0.011224,-10.150000,126.980003,17.080000,1770369816.567449
0.024644,0.172020,0.108092,-8.330000,134.539993,11.340000,1770369816.575540
0.012444,0.107360,0.272548,2.030000,132.860001,7.980000,1770369816.583478
0.025864,0.052948,0.470188,20.719999,123.690002,7.070000,1770369816.591556
0.048556,0.004636,0.783728,42.070000,102.059998,10.920000,1770369816.599451
0.067344,-0.005856,1.272704,55.860001,73.360001,12.250000,1770369816.607460
0.088328,0.043432,1.753628,59.849998,43.189999,4.970000,1770369816.615450
0.157624,0.051972,1.953464,61.599998,20.299999,-0.350000,1770369816.623527
0.309636,-0.016592,1.931504,68.250000,12.180000,-8.190000,1770369816.631472
0.467748,-0.036356,1.954684,72.379997,7.350000,-2.590000,1770369816.639454
0.524600,-0.093940,2.003972,58.590000,1.750000,-0.280000,1770369816.647446
0.552904,-0.200812,2.016172,39.270000,3.290000,3.920000,1770369816.655440
0.561200,-0.338672,2.144028,14.840000,24.500000,9.450000,1770369816.663458
0.509472,-0.455060,2.199660,-7.630000,53.830002,8.330000,1770369816.671496
0.382836,-0.481656,2.097424,-23.170000,82.529999,2.800000,1770369816.679481
0.209108,-0.419436,1.951512,-37.450001,102.690002,-9.730000,1770369816.687596
0.068076,-0.288896,1.760704,-49.419998,111.230003,-15.050000,1770369816.695462
-0.065148,-0.149328,1.518168,-59.080002,105.629997,-20.580000,1770369816.703505
-0.200568,-0.049776,1.246840,-63.630001,85.470001,-19.320000,1770369816.711556
-0.297680,0.031720,0.967948,-63.840000,58.590000,-21.770000,1770369816.719462
-0.355996,0.098088,0.687592,-54.599998,30.590000,-25.830000,1770369816.727465
-0.379420,0.152012,0.460428,-44.869999,2.450000,-26.040001,1770369816.735530
-0.367708,0.183244,0.289628,-34.580002,-18.270000,-32.480000,1770369816.743478
-0.331596,0.224724,0.165920,-20.299999,-34.580002,-34.160000,1770369816.751454
-0.305244,0.268644,0.085644,-9.240000,-42.490002,-35.279999,1770369816.759458
-0.251320,0.304756,0.070516,-0.910000,-48.439999,-35.490002,1770369816.767453
-0.188124,0.331840,0.074664,3.360000,-53.759998,-32.340000,1770369816.775449
-0.121512,0.341844,0.050020,6.230000,-58.520000,-29.330000,1770369816.783594
-0.065148,0.319396,0.002440,6.650000,-63.279999,-24.570000,1770369816.791470
-0.015128,0.293532,-0.004148,10.570000,-69.370003,-18.760000,1770369816.799469
0.038064,0.269620,0.109068,12.320000,-73.220001,-13.440000,1770369816.807459
0.092964,0.244732,0.294996,15.960000,-71.400002,-3.710000,1770369816.815464
0.120780,0.221064,0.493368,19.530001,-62.369999,2.450000,1770369816.823521
0.142008,0.209108,0.733220,28.629999,-47.529999,9.730000,1770369816.831456
0.191296,0.243756,1.005768,35.000000,-35.630001,10.010000,1770369816.839465
0.220820,0.250344,1.264896,38.150002,-18.480000,11.060000,1770369816.847454
0.236680,0.148352,1.446188,33.180000,2.310000,8.470000,1770369816.855437
0.228384,0.002928,1.576484,27.510000,28.770000,2.590000,1770369816.863472
0.272304,-0.154696,1.735572,28.629999,49.700001,-2.450000,1770369816.871459
0.324764,-0.293044,2.025200,42.770000,59.290001,-3.150000,1770369816.879471
0.269376,-0.456524,2.356308,55.090000,58.939999,0.140000,1770369816.887554
0.088328,-0.536800,2.428776,48.720001,56.279999,-0.770000,1770369816.895464
-0.005856,-0.545584,2.342156,33.320000,35.139999,-1.680000,1770369816.903486
-0.044408,-0.526796,2.241872,17.780001,-5.460000,-1.680000,1770369816.911475
-0.030012,-0.480924,2.137684,1.470000,-52.639999,1.820000,1770369816.919454
0.026596,-0.366244,1.979084,-16.870001,-96.250000,0.000000,1770369816.927485
0.128588,-0.241560,1.703852,-30.450001,-134.399994,-3.850000,1770369816.935519
0.257420,-0.152500,1.363472,-35.070000,-162.889999,-8.190000,1770369816.943449
0.385520,-0.103456,1.061156,-39.410000,-181.860001,-8.050000,1770369816.951457
0.509716,-0.042456,0.840580,-37.310001,-189.000000,-7.840000,1770369816.959494
0.603656,0.045872,0.638792,-36.680000,-181.089996,-1.330000,1770369816.967531
0.664656,0.125660,0.471896,-34.439999,-156.940002,4.550000,1770369816.975447
0.691008,0.172020,0.296460,-32.970001,-119.559998,10.500000,1770369816.983499
0.680516,0.179096,0.145180,-28.980000,-75.669998,16.240000,1770369816.991457
0.631228,0.158844,0.036356,-23.730000,-35.139999,18.340000,1770369816.999461
0.547536,0.160552,-0.050020,-19.740000,5.460000,19.040001,1770369817.007465
0.447984,0.178364,-0.115168,-15.680000,41.650002,17.920000,1770369817.015456
0.335012,0.201300,-0.151280,-12.320000,73.430000,15.890000,1770369817.023480
0.218136,0.223504,-0.147376,-9.870000,101.080002,10.500000,1770369817.031477
0.112240,0.237656,-0.110288,-7.140000,125.019997,5.880000,1770369817.039467
0.033184,0.232288,-0.037332,-5.110000,141.190002,1.260000,1770369817.047451
-0.017080,0.175924,0.089060,-3.080000,146.720001,-3.010000,1770369817.055433
-0.031964,0.122244,0.262788,7.630000,140.699997,-6.510000,1770369817.063610
-0.026352,0.054168,0.506788,29.750000,122.989998,-4.060000,1770369817.071946
-0.018056,-0.006588,0.889136,46.619999,96.949997,-0.070000,1770369817.079634
-0.000976,0.001708,1.433256,57.959999,62.509998,1.050000,1770369817.087476
0.021716,0.050020,1.891488,59.849998,28.840000,-5.600000,1770369817.095462
0.120292,0.046116,2.015928,60.200001,8.190000,-10.990000,1770369817.103474
0.283040,-0.047336,1.992260,62.369999,0.070000,-11.620000,1770369817.111491
0.442372,-0.116388,2.084980,63.560001,-7.350000,-9.380000,1770369817.119462
0.500932,-0.217160,2.051796,51.939999,-16.730000,-5.810000,1770369817.127450
0.483120,-0.393572,2.057164,36.259998,-10.710000,1.260000,1770369817.135527
0.485804,-0.556564,2.184776,16.520000,11.410000,5.530000,1770369817.143545
0.429684,-0.674660,2.201124,-2.100000,38.709999,6.650000,1770369817.151455
0.305000,-0.686860,2.068388,-15.190000,61.389999,-0.560000,1770369817.159460
0.182268,-0.577304,1.875628,-26.320000,77.000000,-9.380000,1770369817.167447
0.065148,-0.402112,1.669936,-36.610001,82.459999,-12.810000,1770369817.175454
-0.048800,-0.222040,1.454728,-45.500000,73.709999,-18.480000,1770369817.183532
-0.143960,-0.084424,1.187060,-50.540001,57.189999,-18.200001,1770369817.191466
-0.212280,0.021960,0.909876,-45.990002,36.330002,-21.770000,1770369817.199452
-0.242292,0.125660,0.709064,-39.410000,14.000000,-24.500000,1770369817.207474
-0.256444,0.205448,0.570716,-31.990000,-5.320000,-29.260000,1770369817.215520
-0.262056,0.291336,0.449204,-25.059999,-20.090000,-34.509998,1770369817.223448
-0.257176,0.346236,0.318176,-15.120000,-28.700001,-38.849998,1770369817.231463
-0.239120,0.377224,0.214232,-4.830000,-34.720001,-39.549999,1770369817.239440
-0.198372,0.402356,0.146156,3.850000,-41.860001,-38.430000,1770369817.247473
-0.161528,0.418460,0.097356,10.640000,-49.349998,-34.230000,1770369817.255434
-0.117608,0.419436,0.057828,14.210000,-57.750000,-26.950001,1770369817.263451
-0.078812,0.401624,0.022936,14.560000,-67.480003,-18.760000,1770369817.271465
-0.034160,0.388692,0.020252,14.210000,-76.860001,-11.130000,1770369817.279449
0.012200,0.381372,0.105164,11.970000,-84.980003,-3.570000,1770369817.287468
0.049532,0.374784,0.225456,7.210000,-85.470001,2.520000,1770369817.295462
0.088328,0.360632,0.358924,7.070000,-80.080002,9.800000,1770369817.303523
0.145912,0.333060,0.544608,11.130000,-70.419998,11.830000,1770369817.311469
0.202276,0.309636,0.796172,17.080000,-58.730000,15.610000,1770369817.319466
0.269376,0.289140,1.056764,26.320000,-42.139999,14.560000,1770369817.327447
0.342576,0.253760,1.342244,30.940001,-19.320000,13.650000,1770369817.335447
0.408212,0.211548,1.609180,26.459999,8.750000,14.630000,1770369817.343448
0.485804,0.133224,1.828780,13.580000,37.799999,12.250000,1770369817.351484
0.563884,-0.054412,2.066192,7.770000,58.939999,16.450001,1770369817.359583
0.545096,-0.290848,2.259684,20.719999,73.989998,15.190000,1770369817.367440
0.377468,-0.428952,2.352648,36.259998,77.209999,15.750000,1770369817.375674
0.183976,-0.414068,2.235040,32.830002,69.790001,14.210000,1770369817.383662
0.063196,-0.415288,2.081564,16.799999,46.549999,21.490000,1770369817.391471
-0.031720,-0.453840,1.985672,-4.690000,2.870000,18.480000,1770369817.399463
-0.054412,-0.472140,1.886364,-21.420000,-45.220001,15.960000,1770369817.407456
0.017324,-0.422120,1.711904,-33.669998,-90.860001,8.680000,1770369817.415471
0.152744,-0.366488,1.467172,-39.549999,-129.220001,4.760000,1770369817.423596
0.296216,-0.305488,1.196820,-40.599998,-155.610001,2.170000,1770369817.431509
0.430904,-0.236680,0.987224,-39.200001,-170.800003,1.470000,1770369817.439460
0.545096,-0.127856,0.805444,-35.630001,-168.979996,2.310000,1770369817.447452
0.622200,0.001952,0.635376,-31.080000,-154.630005,10.780000,1770369817.455442
0.680028,0.084180,0.505568,-25.969999,-125.650002,14.070000,1770369817.463485
0.691496,0.107116,0.359900,-24.219999,-89.320000,24.430000,1770369817.471582
0.663924,0.102724,0.216428,-23.870001,-52.430000,23.520000,1770369817.479498
0.601948,0.097356,0.091744,-23.240000,-16.309999,26.180000,1770369817.487469
0.515572,0.101504,-0.000244,-21.350000,17.360001,28.490000,1770369817.495451
0.420900,0.112972,-0.069540,-17.360001,47.669998,23.940001,1770369817.503471
0.325252,0.124928,-0.101016,-14.210000,71.540001,29.330000,1770369817.511479
0.233508,0.140788,-0.096380,-11.900000,92.750000,26.809999,1770369817.519468
0.148596,0.120292,-0.029768,-10.780000,110.809998,28.350000,1770369817.527468
0.088816,0.085644,0.083448,-4.690000,125.019997,21.840000,1770369817.535454
0.070028,0.040504,0.233996,3.850000,128.660004,17.780001,1770369817.543453
0.072224,-0.011956,0.415776,17.639999,129.080002,15.190000,1770369817.551463
0.085156,-0.034160,0.668804,37.380001,113.400002,12.740000,1770369817.559478
0.089792,-0.027084,1.066524,53.130001,96.110001,13.720000,1770369817.567512
0.124928,0.004148,1.540860,61.389999,73.430000,7.000000,1770369817.575454
0.182756,0.024644,1.828780,62.020000,54.180000,1.120000,1770369817.583452
0.285724,-0.011468,1.901492,66.360001,42.419998,-3.360000,1770369817.591591
0.400892,-0.049532,1.896368,69.370003,34.790001,1.400000,1770369817.599464
0.498248,-0.088572,1.921012,59.500000,17.500000,8.470000,1770369817.607453
0.514108,-0.182512,1.918084,40.740002,3.080000,15.400000,1770369817.615457
0.501908,-0.370392,2.018856,23.870001,8.960000,20.160000,1770369817.623441
0.468724,-0.517524,2.139880,5.460000,35.000000,20.790001,1770369817.631550
0.384056,-0.604144,2.070096,-9.100000,64.959999,15.330000,1770369817.639463
0.243512,-0.574376,1.909544,-18.549999,87.220001,1.820000,1770369817.647483
0.113704,-0.427244,1.737524,-28.070000,98.489998,-7.070000,1770369817.655439
-0.015128,-0.259616,1.562820,-36.680000,97.860001,-14.490000,1770369817.663470
-0.133224,-0.107604,1.340292,-45.639999,83.230003,-18.760000,1770369817.671502
-0.229116,0.008784,1.065304,-48.930000,61.740002,-23.450001,1770369817.679510
-0.283528,0.096624,0.823988,-48.230000,34.930000,-25.480000,1770369817.687477
-0.307440,0.181292,0.642208,-42.279999,6.440000,-30.450001,1770369817.695453
-0.300364,0.249368,0.493612,-33.880001,-16.870001,-34.369999,1770369817.703490
-0.285968,0.325496,0.361364,-22.959999,-32.830002,-37.799999,1770369817.711456
-0.252784,0.396256,0.230580,-10.640000,-44.029999,-37.660000,1770369817.719479
-0.207156,0.449204,0.131028,-0.350000,-52.430000,-35.980000,1770369817.727469
-0.161772,0.481656,0.057340,6.860000,-55.439999,-31.920000,1770369817.735458
-0.114680,0.498248,-0.009028,11.760000,-60.410000,-21.209999,1770369817.743456
-0.064904,0.486292,-0.062220,13.790000,-65.730003,-13.930000,1770369817.751535
-0.009516,0.462380,-0.055144,11.760000,-73.150002,-6.370000,1770369817.759470
0.044408,0.421388,0.059536,12.460000,-75.459999,-0.280000,1770369817.767452
0.098332,0.374540,0.259860,11.410000,-70.139999,5.740000,1770369817.775454
0.149816,0.335744,0.461648,18.969999,-58.310001,11.340000,1770369817.783449
0.206424,0.305000,0.705160,26.670000,-41.790001,17.080000,1770369817.791473
0.245464,0.296704,0.966972,35.630001,-21.700001,18.900000,1770369817.799466
0.256932,0.278648,1.173640,45.709999,-0.350000,19.530001,1770369817.807456
0.263764,0.184952,1.347368,48.299999,26.389999,17.010000,1770369817.815474
0.257420,0.057584,1.498160,40.529999,50.400002,11.900000,1770369817.823488
0.280112,-0.096624,1.652368,35.419998,68.879997,4.270000,1770369817.831466
0.342332,-0.274256,1.974204,50.959999,78.540001,-2.870000,1770369817.839443
0.307196,-0.443348,2.313608,67.830002,81.550003,-7.140000,1770369817.847440
0.120048,-0.464576,2.387296,60.689999,70.279999,-10.850000,1770369817.855435
-0.030988,-0.442128,2.246996,34.090000,42.349998,-13.930000,1770369817.863459
-0.071248,-0.523136,2.126948,8.890000,-1.820000,-12.110000,1770369817.871467
-0.050752,-0.588772,2.097424,-7.910000,-51.730000,-13.230000,1770369817.879616
0.051728,-0.535092,1.965176,-21.629999,-99.889999,-14.770000,1770369817.887798
0.176900,-0.433100,1.722884,-31.219999,-134.960007,-14.140000,1770369817.895600
0.312320,-0.306952,1.427156,-35.840000,-165.759995,-14.560000,1770369817.903449
0.438468,-0.187148,1.150216,-37.730000,-183.750000,-13.370000,1770369817.911468
0.549488,-0.057096,0.943548,-40.880001,-185.710007,-15.400000,1770369817.919461
0.663680,0.077104,0.782508,-38.570000,-173.880005,-7.840000,1770369817.927530
0.742492,0.184464,0.642940,-39.410000,-144.970001,-1.890000,1770369817.935449
0.775920,0.253028,0.491660,-39.410000,-106.820000,7.000000,1770369817.943457
0.753228,0.274744,0.325496,-35.770000,-65.379997,12.950000,1770369817.951459
0.687348,0.261812,0.180804,-29.610001,-22.820000,18.690001,1770369817.959491
0.597556,0.234484,0.054412,-22.750000,13.930000,20.790001,1770369817.967570
0.489952,0.223748,-0.011712,-15.330000,44.869999,24.709999,1770369817.975451
0.375516,0.215452,-0.035868,-10.080000,71.260002,23.309999,1770369817.983450
0.264008,0.220332,-0.035624,-8.330000,91.980003,23.730000,1770369817.991479
0.168604,0.227896,-0.031232,-7.980000,109.900002,19.459999,1770369817.999539
0.087108,0.238876,-0.016836,-8.680000,123.550003,16.590000,1770369818.007478
0.029036,0.221308,0.023180,-10.780000,133.839996,14.070000,1770369818.015451
-0.004880,0.184952,0.112240,-9.450000,138.039993,10.010000,1770369818.023457
-0.013908,0.130540,0.272060,-0.980000,137.619995,14.000000,1770369818.031554
-0.025864,0.075640,0.511912,13.090000,129.779999,10.570000,1770369818.039500
-0.032452,0.055632,0.822280,25.969999,113.820000,8.680000,1770369818.047460
-0.042944,0.083204,1.241472,30.730000,92.260002,7.560000,1770369818.055437
-0.071004,0.149816,1.681648,24.639999,66.639999,4.550000,1770369818.063790
-0.038308,0.133468,1.895636,11.130000,46.830002,-2.660000,1770369818.072285
0.055388,0.027572,1.911008,9.170000,33.040001,-4.690000,1770369818.079522
0.168604,-0.119316,1.972008,14.630000,21.490000,-4.340000,1770369818.087490
0.307440,-0.271572,1.958832,23.520000,-3.780000,-0.280000,1770369818.095520
0.321104,-0.410408,1.922964,28.070000,-20.860001,-2.240000,1770369818.103463
0.347944,-0.511180,2.059604,18.760000,-17.219999,-3.500000,1770369818.111465
0.402112,-0.581696,2.191852,3.990000,3.850000,-4.480000,1770369818.119447
0.379420,-0.608780,2.139880,-10.220000,29.889999,-10.220000,1770369818.127446
0.281088,-0.566080,1.986160,-22.330000,52.080002,-17.080000,1770369818.135454
0.184708,-0.453352,1.825364,-35.279999,65.730003,-21.770000,1770369818.143470
0.084180,-0.307196,1.649684,-46.340000,67.199997,-22.330000,1770369818.151466
-0.024644,-0.167872,1.416664,-55.930000,56.840000,-23.030001,1770369818.159458
-0.110776,-0.051484,1.165832,-60.410000,43.400002,-23.309999,1770369818.167444
-0.172264,0.055144,0.952332,-58.869999,24.290001,-25.270000,1770369818.175437
-0.214476,0.118340,0.771772,-56.630001,6.720000,-28.209999,1770369818.183454
-0.233020,0.196420,0.602192,-51.099998,-7.770000,-30.450001,1770369818.191600
-0.233508,0.258884,0.446032,-42.209999,-18.830000,-33.599998,1770369818.199457
-0.232532,0.302804,0.294996,-33.110001,-26.600000,-32.900002,1770369818.207448
-0.222772,0.342820,0.178364,-21.070000,-30.590000,-31.010000,1770369818.215451
-0.203008,0.377224,0.114192,-13.790000,-34.790001,-26.530001,1770369818.223457
-0.176412,0.413580,0.068564,-8.540000,-40.040001,-20.580000,1770369818.231494
-0.149328,0.415532,0.012444,-10.010000,-45.290001,-15.050000,1770369818.239577
-0.110532,0.401624,-0.050020,-7.980000,-53.970001,-12.320000,1770369818.247473
-0.071004,0.351604,-0.067588,-3.430000,-63.070000,-7.980000,1770369818.255455
-0.015860,0.284016,0.017080,3.430000,-71.470001,-2.660000,1770369818.263439
0.028792,0.206668,0.177876,10.850000,-71.260002,6.090000,1770369818.271470
0.057828,0.170312,0.379664,23.520000,-65.589996,12.600000,1770369818.279448
0.098820,0.148352,0.656604,38.150002,-55.509998,15.330000,1770369818.287479
0.139324,0.157868,0.980880,50.750000,-41.439999,16.870001,1770369818.295454
0.162504,0.159332,1.251720,56.700001,-23.309999,16.660000,1770369818.303447
0.136152,0.088084,1.446432,59.080002,1.540000,12.600000,1770369818.311462
0.118096,-0.019764,1.569896,54.459999,28.840000,9.100000,1770369818.319469
0.151036,-0.175436,1.749236,55.299999,53.200001,-7.840000,1770369818.327535
0.210328,-0.314760,2.063508,69.930000,65.379997,-12.250000,1770369818.335445
0.181048,-0.391132,2.432192,81.339996,63.700001,-12.460000,1770369818.343447
0.019764,-0.432368,2.448296,58.590000,44.660000,-13.230000,1770369818.351456
-0.072956,-0.498980,2.256512,36.959999,8.610000,-12.460000,1770369818.359463
-0.063684,-0.571692,2.190144,12.880000,-41.299999,-12.670000,1770369818.367575
0.043188,-0.530456,2.149640,-6.230000,-95.059998,-8.890000,1770369818.375467
0.187392,-0.391376,1.976400,-24.780001,-141.610001,-9.240000,1770369818.383457
0.343064,-0.256932,1.690920,-36.750000,-176.960007,-5.600000,1770369818.391487
0.495320,-0.186416,1.363472,-46.549999,-202.020004,-3.220000,1770369818.399469
0.614636,-0.116876,1.061400,-52.639999,-211.960007,-5.740000,1770369818.407455
0.720532,-0.005612,0.784216,-54.740002,-205.029999,-0.210000,1770369818.415456
0.809836,0.093452,0.569008,-50.610001,-174.369995,5.320000,1770369818.423589
0.857904,0.162260,0.383812,-46.549999,-131.460007,14.070000,1770369818.431469
0.854976,0.183000,0.234728,-39.130001,-81.690002,14.910000,1770369818.439466
0.798612,0.183976,0.101016,-32.200001,-29.680000,17.850000,1770369818.447454
0.698572,0.185684,0.014396,-23.660000,20.580000,16.450001,1770369818.455437
0.576084,0.193004,-0.044164,-15.540000,64.260002,18.410000,1770369818.463554
0.450424,0.200080,-0.070028,-10.220000,96.949997,16.450001,1770369818.471480
0.332816,0.208864,-0.079544,-7.630000,121.730003,16.309999,1770369818.479466
0.216184,0.226676,-0.055632,-3.780000,140.699997,13.510000,1770369818.487630
0.097112,0.215696,0.004880,-4.200000,154.350006,10.570000,1770369818.495500
0.019032,0.194468,0.078568,-2.030000,163.800003,6.300000,1770369818.503451
-0.020252,0.124440,0.212036,3.360000,163.240005,1.960000,1770369818.511477
-0.041724,0.065392,0.372588,14.840000,154.000000,-2.450000,1770369818.519489
-0.057340,-0.009760,0.599996,34.090000,136.360001,-2.660000,1770369818.527461
-0.053680,-0.021472,0.927200,48.860001,111.089996,-1.540000,1770369818.535453
-0.046116,-0.005856,1.361032,60.619999,78.750000,-3.290000,1770369818.543457
-0.018056,-0.000488,1.720444,62.509998,45.290001,-6.090000,1770369818.551592
0.055876,-0.032940,1.860256,62.160000,22.400000,-3.430000,1770369818.559465
0.185196,-0.114680,1.877092,60.270000,12.740000,-4.480000,1770369818.567467
0.350628,-0.192516,1.920036,54.810001,3.220000,-0.770000,1770369818.575518
0.478728,-0.269132,1.948340,45.430000,-9.940000,5.880000,1770369818.583439
0.501664,-0.408456,1.989332,29.190001,-7.980000,7.070000,1770369818.591479
0.503128,-0.558028,2.110600,12.460000,13.930000,11.970000,1770369818.599470
0.444812,-0.649284,2.180140,-4.200000,50.189999,7.350000,1770369818.607462
0.319884,-0.642696,2.071072,-18.129999,88.199997,-2.800000,1770369818.615452
0.174704,-0.526308,1.928088,-30.379999,116.339996,-12.670000,1770369818.623449
0.026840,-0.360388,1.765096,-41.230000,126.070000,-17.290001,1770369818.631469
-0.125904,-0.213012,1.569896,-53.060001,121.449997,-23.799999,1770369818.639479
-0.254492,-0.085888,1.326872,-60.830002,99.959999,-27.650000,1770369818.647464
-0.348432,0.014396,1.071160,-60.060001,73.010002,-31.990000,1770369818.655437
-0.404308,0.101992,0.864980,-54.040001,41.369999,-33.250000,1770369818.663463
-0.424072,0.162992,0.691984,-45.290001,11.060000,-34.230000,1770369818.671609
-0.419436,0.240828,0.534848,-39.200001,-14.840000,-39.410000,1770369818.679443
-0.405772,0.310856,0.371612,-27.510000,-33.250000,-38.639999,1770369818.687446
-0.372588,0.363804,0.230092,-20.440001,-49.419998,-40.669998,1770369818.695498
-0.330620,0.425292,0.142008,-7.420000,-58.520000,-35.980000,1770369818.703466
-0.270352,0.475068,0.120292,-3.430000,-65.800003,-31.990000,1770369818.711460
-0.206424,0.484096,0.107116,-1.540000,-72.169998,-25.620001,1770369818.719457
-0.150792,0.473116,0.050264,-3.010000,-77.489998,-17.920000,1770369818.727580
-0.104432,0.434076,-0.029768,-0.630000,-85.260002,-12.040000,1770369818.735452
-0.048312,0.379664,-0.041724,4.550000,-95.059998,-5.950000,1770369818.743457
-0.002440,0.327936,0.057096,13.440000,-97.160004,1.610000,1770369818.751455
0.034160,0.261568,0.219844,20.510000,-95.760002,8.330000,1770369818.759467
0.057096,0.239120,0.400892,31.850000,-90.510002,12.950000,1770369818.767463
0.091012,0.238632,0.657092,41.860001,-78.680000,15.190000,1770369818.775459
0.124928,0.253028,0.934032,49.209999,-62.509998,16.730000,1770369818.783451
0.180072,0.239852,1.167784,50.959999,-43.259998,12.880000,1770369818.791578
0.219600,0.150060,1.394948,47.180000,-20.090000,10.150000,1770369818.799463
0.265960,0.041724,1.612108,39.830002,4.130000,2.380000,1770369818.807453
0.355264,-0.084424,1.831952,32.200001,28.280001,-4.550000,1770369818.815455
0.412116,-0.254004,2.139636,43.119999,43.889999,-8.750000,1770369818.823463
0.359412,-0.395036,2.396080,50.189999,50.889999,-9.520000,1770369818.831596
0.176168,-0.472140,2.325808,38.919998,45.500000,-9.870000,1770369818.839456
0.087840,-0.519476,2.164524,22.330000,20.440001,-7.700000,1770369818.847451
0.078324,-0.563396,2.128656,6.510000,-20.160000,-3.710000,1770369818.855438
0.130784,-0.568764,2.110356,-6.930000,-66.500000,-1.400000,1770369818.863460
0.225212,-0.474580,1.984208,-17.990000,-110.180000,-0.910000,1770369818.871518
0.330620,-0.377224,1.730692,-26.879999,-142.449997,-0.280000,1770369818.879476
0.443592,-0.294508,1.415200,-30.100000,-168.559998,-4.060000,1770369818.887456
0.540460,-0.207644,1.110932,-35.770000,-183.399994,-5.740000,1770369818.895508
0.623908,-0.092476,0.862540,-34.790001,-182.910004,-5.180000,1770369818.903494
0.702232,0.015128,0.673928,-32.900002,-164.919998,-1.470000,1770369818.911453
0.764696,0.101992,0.539972,-32.689999,-133.350006,9.380000,1770369818.919512
0.792512,0.144936,0.423340,-30.870001,-92.820000,12.180000,1770369818.927602
0.769332,0.162748,0.290848,-29.190001,-49.840000,17.290001,1770369818.935450
0.699548,0.183000,0.166408,-22.959999,-7.000000,19.670000,1770369818.943454
0.593896,0.195200,0.059048,-18.760000,30.450001,21.420000,1770369818.951464
0.483852,0.206912,-0.009272,-16.520000,63.490002,20.930000,1770369818.959502
0.366976,0.218136,-0.046848,-14.070000,89.739998,17.990000,1770369818.967460
0.251564,0.235216,-0.058804,-14.210000,112.070000,18.340000,1770369818.975453
0.141032,0.248392,-0.044408,-13.230000,129.289993,12.390000,1770369818.983470
0.047580,0.238632,-0.006100,-13.440000,143.289993,9.100000,1770369818.991746
-0.006100,0.192516,0.076372,-14.350000,151.550003,6.090000,1770369818.999473
-0.031232,0.135908,0.200324,-8.120000,153.020004,-0.280000,1770369819.007454
-0.048312,0.055388,0.351848,4.550000,145.179993,-0.630000,1770369819.015452
-0.055876,-0.003904,0.586088,22.959999,130.899994,-1.330000,1770369819.023453
-0.050020,-0.019276,0.935496,40.529999,105.629997,-0.420000,1770369819.031599
-0.057340,-0.018544,1.360544,49.139999,75.879997,-1.190000,1770369819.039461
-0.038064,0.004636,1.699460,50.259998,49.209999,-2.660000,1770369819.047456
0.031232,-0.026352,1.889536,51.169998,32.900002,-1.190000,1770369819.055444
0.152256,-0.103212,1.943216,52.500000,22.120001,-3.780000,1770369819.063781
0.293288,-0.166164,1.993968,50.119999,6.020000,1.260000,1770369819.071696
0.358924,-0.265472,1.945168,44.939999,-10.500000,3.290000,1770369819.079502
0.361364,-0.400160,2.002264,30.660000,-12.110000,6.790000,1770369819.087468
0.369416,-0.514840,2.145248,12.320000,6.860000,4.550000,1770369819.095469
0.330620,-0.598044,2.153300,-0.840000,35.490002,2.380000,1770369819.103490
0.220576,-0.603900,2.014952,-14.210000,62.369999,-7.770000,1770369819.111466
0.098332,-0.498736,1.850008,-24.780001,80.779999,-17.080000,1770369819.119523
-0.023424,-0.342576,1.699216,-40.110001,85.120003,-20.440001,1770369819.127489
-0.145912,-0.184952,1.502552,-50.330002,77.699997,-23.590000,1770369819.135455
-0.247904,-0.073444,1.240252,-57.820000,58.799999,-27.719999,1770369819.143453
-0.312808,0.024156,0.981368,-57.259998,36.820000,-31.290001,1770369819.151496
-0.353312,0.118584,0.782996,-52.080002,10.290000,-35.490002,1770369819.159576
-0.356484,0.201788,0.630740,-44.310001,-14.980000,-37.380001,1770369819.167443
-0.345016,0.274012,0.482144,-35.560001,-31.920000,-37.799999,1770369819.175445
-0.312808,0.343308,0.336232,-23.100000,-48.790001,-37.730000,1770369819.183445
-0.275720,0.411628,0.228384,-10.080000,-58.310001,-33.040001,1770369819.191569
-0.233752,0.468236,0.191052,-0.910000,-64.680000,-28.139999,1770369819.199606
-0.177876,0.513376,0.180316,2.310000,-69.580002,-21.350000,1770369819.207446
-0.130052,0.517280,0.156892,1.750000,-73.779999,-18.760000,1770369819.215447
-0.073200,0.500444,0.085644,-0.490000,-79.449997,-10.220000,1770369819.223448
-0.032208,0.436516,0.030256,0.980000,-86.099998,-2.450000,1770369819.231471
0.014396,0.365512,0.066368,4.410000,-91.559998,3.080000,1770369819.239449
0.063196,0.301828,0.196176,9.310000,-91.699997,12.530000,1770369819.247524
0.094916,0.252784,0.368440,18.690001,-84.349998,18.059999,1770369819.255443
0.129564,0.214964,0.601460,29.959999,-72.800003,24.639999,1770369819.263453
0.159820,0.203984,0.885964,41.509998,-57.330002,25.969999,1770369819.271461
0.187636,0.201544,1.143872,51.939999,-35.490002,26.110001,1770369819.279451
0.193248,0.126148,1.356640,52.990002,-9.800000,21.910000,1770369819.287476
0.199104,0.030012,1.547204,48.509998,16.870001,13.440000,1770369819.295510
0.244732,-0.104676,1.728496,41.090000,38.990002,1.960000,1770369819.303456
0.311832,-0.262544,1.992016,48.369999,49.419998,-5.810000,1770369819.311460
0.327204,-0.396500,2.302628,58.730000,47.740002,-6.790000,1770369819.319458
0.201056,-0.469944,2.327272,47.180000,32.130001,-3.920000,1770369819.327446
0.091256,-0.533628,2.203564,25.410000,6.230000,-4.270000,1770369819.335450
0.076860,-0.625372,2.088884,9.940000,-28.280001,-2.660000,1770369819.343506
0.149572,-0.680516,2.049844,-3.920000,-67.620003,-2.870000,1770369819.351463
0.253028,-0.638060,1.960052,-17.290001,-101.849998,-0.350000,1770369819.359453
0.368928,-0.526064,1.752896,-26.530001,-126.489998,-1.540000,1770369819.367445
0.476044,-0.405528,1.471564,-32.410000,-145.460007,1.120000,1770369819.375438
0.560468,-0.287920,1.190964,-35.490002,-154.000000,-1.190000,1770369819.383489
0.637328,-0.161772,0.939888,-35.419998,-153.369995,2.870000,1770369819.391622
0.702720,-0.020984,0.731512,-34.090000,-138.949997,7.210000,1770369819.399480
0.752252,0.110044,0.568520,-32.410000,-110.389999,16.870001,1770369819.407457
0.771528,0.188856,0.442128,-28.000000,-74.690002,26.040001,1770369819.415455
0.745176,0.216672,0.342820,-23.450001,-35.770000,29.330000,1770369819.423425
0.668560,0.214964,0.252540,-18.549999,5.320000,33.180000,1770369819.431483
0.558760,0.229604,0.138348,-12.530000,43.119999,34.160000,1770369819.439502
0.437248,0.244244,0.044408,-10.570000,75.250000,33.180000,1770369819.447453
0.310612,0.257176,-0.006344,-8.330000,100.169998,33.320000,1770369819.455473
0.195932,0.261812,-0.017324,-10.220000,117.809998,27.020000,1770369819.463572
0.088084,0.271084,-0.015128,-8.120000,131.320007,26.950001,1770369819.471497
-0.009760,0.262788,0.012444,-8.330000,140.699997,20.230000,1770369819.479462
-0.075396,0.237412,0.065148,-5.880000,143.919998,17.850000,1770369819.487492
-0.118096,0.176900,0.164212,0.770000,142.520004,13.020000,1770369819.495604
-0.138836,0.117852,0.299876,13.440000,133.279999,7.560000,1770369819.503457
-0.157380,0.050508,0.502884,29.540001,114.239998,8.610000,1770369819.511476
-0.148352,0.016836,0.773236,46.200001,87.639999,7.910000,1770369819.519457
-0.136884,0.005856,1.154364,59.220001,55.369999,10.570000,1770369819.527458
-0.107360,0.010980,1.541592,62.230000,21.280001,8.890000,1770369819.535459
-0.049044,0.002440,1.772416,65.589996,-4.970000,5.950000,1770369819.543453
0.070516,-0.048556,1.842932,66.919998,-18.549999,6.020000,1770369819.551458
0.229604,-0.098820,1.871480,63.560001,-25.410000,5.880000,1770369819.559522
0.401136,-0.148840,1.905152,54.389999,-38.150002,10.010000,1770369819.567514
0.459696,-0.277184,1.914424,40.180000,-39.270000,14.490000,1770369819.575455
0.497760,-0.427732,2.013488,23.870001,-17.080000,15.400000,1770369819.583454
0.514108,-0.545584,2.098400,10.290000,15.820000,17.430000,1770369819.591601
0.436272,-0.604144,2.053016,-1.540000,55.720001,8.890000,1770369819.599467
0.312808,-0.549244,1.947364,-13.440000,86.519997,-0.910000,1770369819.607456
0.189832,-0.395280,1.855620,-22.959999,104.230003,-7.140000,1770369819.615454
0.045628,-0.222040,1.737524,-37.869999,107.379997,-11.550000,1770369819.623437
-0.092964,-0.052704,1.527928,-47.880001,96.949997,-12.460000,1770369819.631477
-0.210084,0.065148,1.248060,-52.709999,75.669998,-11.550000,1770369819.639546
-0.292068,0.169092,0.953308,-47.529999,45.919998,-13.930000,1770369819.647461
-0.329888,0.268888,0.736636,-41.439999,15.960000,-16.379999,1770369819.655449
-0.335012,0.354532,0.603656,-35.209999,-10.850000,-19.670000,1770369819.663458
-0.335500,0.420656,0.489464,-29.540001,-30.870001,-19.600000,1770369819.671493
-0.311100,0.483364,0.363072,-21.000000,-42.490002,-20.299999,1770369819.679448
-0.274988,0.521428,0.264252,-13.510000,-50.540001,-16.730000,1770369819.687573
-0.238876,0.528748,0.215940,-8.890000,-53.200001,-15.750000,1770369819.695462
-0.189588,0.528748,0.160796,-8.960000,-56.000000,-14.350000,1770369819.703437
-0.140544,0.502396,0.087596,-7.770000,-58.869999,-5.740000,1770369819.711467
-0.104432,0.446764,0.000244,-6.090000,-63.700001,-0.770000,1770369819.719454
-0.063440,0.394304,-0.042700,-2.450000,-70.489998,6.090000,1770369819.727583
-0.021960,0.331840,0.049532,4.550000,-72.449997,10.780000,1770369819.735456
0.016104,0.282064,0.212524,10.360000,-71.540001,17.010000,1770369819.743455
0.044652,0.244488,0.405040,19.459999,-63.419998,24.080000,1770369819.751473
0.067832,0.225212,0.662216,28.629999,-54.880001,29.469999,1770369819.759465
0.090524,0.235704,0.934520,36.189999,-41.790001,32.060001,1770369819.767484
0.103700,0.221308,1.155584,39.410000,-26.389999,30.940001,1770369819.775451
0.123220,0.140056,1.323212,36.049999,-6.650000,26.320000,1770369819.783449
0.166896,0.047580,1.516216,24.080000,9.100000,20.020000,1770369819.791458
0.251076,-0.089792,1.719224,18.900000,21.629999,10.710000,1770369819.799500
0.338672,-0.262544,1.998604,26.879999,27.020000,8.190000,1770369819.807460
0.357216,-0.459208,2.256268,40.180000,25.900000,4.970000,1770369819.815534
0.234240,-0.546072,2.203320,38.500000,18.059999,3.500000,1770369819.823565
0.143472,-0.584380,2.075708,26.530001,4.200000,7.980000,1770369819.831470
0.126880,-0.624640,2.012756,13.440000,-17.850000,6.790000,1770369819.839463
0.176900,-0.645136,2.027640,-2.730000,-47.040001,7.910000,1770369819.847440
0.252052,-0.591212,2.002996,-14.210000,-73.080002,7.910000,1770369819.855453
0.341600,-0.474092,1.830976,-24.080000,-95.760002,6.790000,1770369819.863461
0.416996,-0.354532,1.553060,-30.520000,-112.910004,4.060000,1770369819.871480
0.483852,-0.252052,1.253184,-32.759998,-125.019997,2.100000,1770369819.879538
0.546072,-0.144692,1.011868,-33.529999,-128.240005,4.830000,1770369819.887463
0.610000,-0.012932,0.809104,-32.619999,-120.470001,7.420000,1770369819.895471
0.646112,0.105408,0.652700,-30.100000,-103.389999,17.920000,1770369819.903454
0.668804,0.188856,0.518500,-27.860001,-77.139999,21.840000,1770369819.911468
0.656360,0.214232,0.410408,-24.219999,-45.709999,30.170000,1770369819.919574
0.608048,0.224236,0.303536,-21.209999,-15.680000,32.619999,1770369819.927446
0.531188,0.226676,0.201788,-16.660000,14.910000,32.270000,1770369819.935455
0.441396,0.241560,0.109312,-12.880000,44.450001,30.450001,1770369819.943455
0.340136,0.252540,0.044896,-11.200000,68.389999,27.090000,1770369819.951489
0.245464,0.263276,0.015860,-7.350000,87.709999,23.030001,1770369819.959617
0.167140,0.274744,0.022936,-7.910000,100.449997,19.950001,1770369819.967448
0.089304,0.275232,0.063684,-6.020000,113.540001,17.780001,1770369819.975454
0.023912,0.232288,0.113460,-6.230000,121.169998,10.640000,1770369819.983453
-0.012444,0.165188,0.192028,-1.680000,123.480003,5.460000,1770369819.991462
-0.033184,0.102968,0.308172,8.890000,118.089996,1.610000,1770369819.999481
-0.051484,0.053436,0.469700,24.430000,108.430000,1.190000,1770369820.007460
-0.031232,0.039528,0.737612,39.759998,90.019997,1.960000,1770369820.015456
-0.015616,0.042212,1.124108,52.430000,67.690002,1.820000,1770369820.023516
0.010248,0.056364,1.495232,56.490002,44.450001,1.820000,1770369820.031473
0.073688,0.039772,1.794132,57.959999,27.790001,3.080000,1770369820.039495
0.189588,-0.039528,1.923696,55.509998,20.020000,7.560000,1770369820.047575
0.346236,-0.144204,1.929552,54.389999,11.270000,11.130000,1770369820.055489
0.439200,-0.227896,1.944436,50.259998,-2.100000,15.120000,1770369820.063721
0.452132,-0.335012,2.002264,38.849998,-3.640000,15.960000,1770369820.071669
0.456768,-0.456280,2.094740,25.969999,12.740000,16.799999,1770369820.079604
0.414556,-0.559492,2.131340,14.210000,42.490002,14.770000,1770369820.087538
0.312564,-0.617808,2.032520,1.750000,73.430000,2.520000,1770369820.095702
0.186904,-0.560468,1.905152,-9.310000,95.339996,-6.860000,1770369820.103452
0.067588,-0.409676,1.789008,-22.400000,106.190002,-11.760000,1770369820.111577
-0.061488,-0.237412,1.646756,-34.790001,104.790001,-11.410000,1770369820.119491
-0.184464,-0.088816,1.447652,-46.830002,89.879997,-10.990000,1770369820.127460
-0.288896,0.027328,1.199504,-51.310001,66.220001,-13.440000,1770369820.135456
-0.361852,0.142984,0.940132,-47.599998,38.570000,-14.140000,1770369820.143469
-0.386008,0.253760,0.729560,-41.160000,8.400000,-20.440001,1770369820.151601
-0.372344,0.380152,0.565104,-31.219999,-16.870001,-21.629999,1770369820.159451
-0.346480,0.466528,0.456036,-19.740000,-33.529999,-21.980000,1770369820.167449
-0.299388,0.521184,0.379908,-15.400000,-46.340000,-20.719999,1770369820.175447
-0.256688,0.580964,0.293044,-7.350000,-54.529999,-20.090000,1770369820.183449
-0.217404,0.588284,0.214476,-3.290000,-56.419998,-16.170000,1770369820.191456
-0.174948,0.567544,0.120048,-0.560000,-59.150002,-10.430000,1770369820.199685
-0.138592,0.524112,0.013664,-1.120000,-62.299999,-5.040000,1770369820.207453
-0.107848,0.487756,-0.088572,2.520000,-69.370003,-0.560000,1770369820.215431
-0.063928,0.454084,-0.088084,4.970000,-75.669998,2.380000,1770369820.223452
-0.008784,0.414556,0.021472,7.770000,-79.730003,7.210000,1770369820.231571
0.026352,0.349164,0.187636,6.650000,-77.839996,12.600000,1770369820.239502
0.068076,0.315004,0.342576,9.310000,-71.050003,20.719999,1770369820.247450
0.098332,0.274744,0.581940,17.080000,-59.990002,24.850000,1770369820.255447
0.116876,0.263764,0.851804,24.639999,-48.930000,26.110001,1770369820.263453
0.120780,0.238144,1.086044,30.450001,-30.170000,25.340000,1770369820.271499
0.126636,0.177632,1.278804,32.200001,-11.620000,19.459999,1770369820.279504
0.116876,0.032208,1.404464,24.639999,8.330000,14.630000,1770369820.287450
0.138836,-0.160308,1.538664,18.620001,27.510000,3.290000,1770369820.295469
0.228384,-0.394304,1.775588,27.860001,35.279999,-8.750000,1770369820.303460
0.280844,-0.620980,2.152324,55.160000,42.209999,-7.770000,1770369820.311630
0.202764,-0.718824,2.372656,74.269997,40.810001,-7.980000,1770369820.319460
0.075640,-0.642940,2.328736,64.050003,25.760000,-5.390000,1770369820.327443
0.008540,-0.588772,2.214544,38.360001,-3.080000,-4.830000,1770369820.335449
0.010248,-0.585844,2.151836,16.100000,-39.900002,-2.450000,1770369820.343455
0.077592,-0.517768,2.103768,-4.550000,-74.480003,-2.100000,1770369820.351488
0.173240,-0.372344,1.935164,-21.350000,-105.699997,-5.950000,1770369820.359532
0.274744,-0.223748,1.665056,-31.570000,-131.320007,-5.390000,1770369820.367438
0.376980,-0.113704,1.356884,-38.639999,-150.850006,-10.780000,1770369820.375437
0.470920,-0.017324,1.043588,-41.090000,-164.570007,-11.480000,1770369820.383498
0.571204,0.104920,0.812520,-41.369999,-168.419998,-5.040000,1770369820.391593
0.641720,0.197884,0.626104,-38.430000,-151.759995,3.150000,1770369820.399464
0.698084,0.255956,0.495808,-37.099998,-122.989998,14.980000,1770369820.407458
0.714920,0.276208,0.383324,-33.320000,-88.620003,18.129999,1770369820.415521
0.691008,0.279380,0.260104,-30.100000,-51.590000,20.370001,1770369820.423458
0.628544,0.292800,0.131028,-25.410000,-12.390000,23.379999,1770369820.431476
0.534848,0.318420,0.026840,-20.580000,20.299999,22.820000,1770369820.439591
0.434808,0.330864,-0.022692,-17.219999,51.869999,26.950001,1770369820.447460
0.329888,0.336964,-0.031720,-15.750000,77.699997,23.379999,1770369820.455461
0.227408,0.323300,-0.012200,-14.560000,98.910004,21.139999,1770369820.463490
0.144204,0.315492,0.015372,-12.810000,114.870003,16.520000,1770369820.471573
0.066856,0.287920,0.068076,-9.240000,126.910004,12.530000,1770369820.479493
0.030012,0.230092,0.171288,-2.100000,129.990005,10.430000,1770369820.487455
0.013908,0.149084,0.305976,10.780000,126.769997,9.730000,1770369820.495492
-0.001708,0.065392,0.498248,29.400000,112.209999,6.790000,1770369820.503510
-0.005612,0.021472,0.786412,45.500000,93.519997,7.350000,1770369820.511473
-0.005368,0.004148,1.192672,56.070000,68.949997,5.530000,1770369820.519466
-0.003660,0.038064,1.535736,61.180000,42.700001,5.320000,1770369820.527450
0.025620,0.023424,1.734108,59.430000,26.530001,1.960000,1770369820.535462
0.139812,-0.078812,1.808772,58.939999,19.040001,-0.910000,1770369820.543474
0.305732,-0.191784,1.891244,54.529999,11.410000,0.070000,1770369820.551467
0.461892,-0.302316,1.981280,48.930000,-0.490000,5.530000,1770369820.559463
0.494100,-0.432124,1.963956,37.660000,-10.780000,11.620000,1770369820.567446
0.511180,-0.575596,2.036424,25.620001,1.120000,14.630000,1770369820.575464
0.504104,-0.717848,2.132072,12.810000,29.610001,16.100000,1770369820.583550
0.439932,-0.752496,2.101084,-0.980000,61.740002,9.380000,1770369820.591463
0.323300,-0.664168,2.009340,-16.660000,90.790001,1.820000,1770369820.599488
0.198616,-0.498736,1.898564,-29.540001,108.919998,-6.300000,1770369820.607540
0.090280,-0.315492,1.757532,-44.660000,113.470001,-10.570000,1770369820.615451
-0.017568,-0.156160,1.569164,-53.619999,104.160004,-17.850000,1770369820.623444
-0.118340,-0.014152,1.328336,-59.080002,86.309998,-15.400000,1770369820.631472
-0.199104,0.101260,1.100196,-59.500000,68.459999,-21.000000,1770369820.639545
-0.252540,0.215696,0.897432,-54.599998,44.380001,-21.420000,1770369820.647506
-0.279380,0.306708,0.709308,-49.279999,26.040001,-29.680000,1770369820.655461
-0.293044,0.382592,0.566812,-42.630001,9.870000,-30.309999,1770369820.663454
-0.303780,0.451156,0.416020,-34.860001,-3.080000,-34.020000,1770369820.671475
-0.294020,0.506544,0.274744,-28.209999,-11.410000,-37.520000,1770369820.679532
-0.270108,0.542656,0.163236,-20.370001,-17.430000,-37.590000,1770369820.687464
-0.241072,0.549732,0.096624,-15.190000,-20.160000,-32.200001,1770369820.695530
-0.217160,0.529724,0.061976,-12.740000,-23.030001,-26.459999,1770369820.703476
-0.189100,0.501664,0.014152,-9.240000,-28.280001,-17.150000,1770369820.711467
-0.160308,0.472384,-0.060024,-2.310000,-37.590000,-10.080000,1770369820.719442
-0.122732,0.445788,-0.069296,4.970000,-52.360001,-5.600000,1770369820.727448
-0.091744,0.400404,0.037820,14.420000,-62.299999,2.380000,1770369820.735472
-0.061976,0.352824,0.217160,21.629999,-69.790001,7.420000,1770369820.743541
-0.037088,0.321836,0.423584,27.370001,-69.440002,14.980000,1770369820.751468
-0.009028,0.316468,0.662948,31.500000,-61.740002,20.719999,1770369820.759443
0.012444,0.317444,0.935008,35.980000,-52.570000,23.730000,1770369820.767441
0.021228,0.308660,1.167784,38.150002,-37.730000,18.480000,1770369820.775595
0.033916,0.214476,1.322968,35.070000,-22.260000,15.330000,1770369820.783454
0.039284,0.094672,1.413492,30.520000,-4.900000,9.030000,1770369820.791466
0.091012,-0.086132,1.613084,29.540001,13.160000,-3.990000,1770369820.799518
0.189344,-0.294264,1.907836,38.150002,25.549999,-8.540000,1770369820.807452
0.216916,-0.451400,2.259928,51.590000,30.379999,-12.530000,1770369820.815456
0.096380,-0.557052,2.390468,54.810001,31.080000,-16.520000,1770369820.823475
0.009272,-0.586332,2.256512,40.110001,16.590000,-16.030001,1770369820.831461
-0.011712,-0.654652,2.162328,22.190001,-20.160000,-11.410000,1770369820.839492
0.022692,-0.683200,2.146468,3.430000,-64.540001,-9.660000,1770369820.847464
0.112484,-0.606096,2.084736,-12.180000,-104.650002,-8.050000,1770369820.855505
0.236436,-0.477020,1.906372,-25.410000,-139.160004,-10.010000,1770369820.863430
0.370880,-0.342576,1.642852,-38.290001,-168.000000,-9.870000,1770369820.871456
0.494344,-0.243024,1.335168,-43.049999,-186.479996,-10.010000,1770369820.879476
0.599264,-0.142252,1.088972,-48.509998,-193.479996,-7.070000,1770369820.887635
0.704184,0.005368,0.856440,-49.630001,-185.500000,-3.780000,1770369820.895461
0.762256,0.124928,0.657092,-50.049999,-159.669998,2.940000,1770369820.903467
0.808128,0.215940,0.492148,-44.939999,-122.779999,13.510000,1770369820.911471
0.804712,0.259128,0.365268,-44.310001,-76.930000,16.100000,1770369820.919599
0.756644,0.271328,0.263520,-40.529999,-31.500000,18.200001,1770369820.927460
0.665876,0.274744,0.165920,-35.980000,8.890000,19.670000,1770369820.935454
0.550708,0.284016,0.066856,-32.970001,46.549999,17.360001,1770369820.943454
0.428708,0.297436,-0.003660,-29.469999,73.709999,19.459999,1770369820.951601
0.313052,0.311588,-0.028304,-28.770000,95.830002,15.680000,1770369820.959460
0.219356,0.325252,-0.018300,-27.299999,109.339996,15.540000,1770369820.967634
0.127368,0.330376,0.003416,-27.719999,121.730003,10.920000,1770369820.975470
0.040992,0.311588,0.040504,-26.879999,130.759995,6.930000,1770369820.983456
-0.008052,0.262788,0.096624,-23.309999,132.860001,2.590000,1770369820.991460
-0.026840,0.164944,0.241072,-8.540000,126.489998,-2.030000,1770369821.000889
-0.019764,0.091012,0.367464,5.110000,117.529999,-7.490000,1770369821.007610
-0.003416,-0.007564,0.574132,28.070000,97.230003,-3.710000,1770369821.015465
0.019520,-0.079788,0.877912,47.320000,71.959999,-4.340000,1770369821.023460
0.047092,-0.129076,1.259528,62.930000,42.490002,-6.510000,1770369821.031592
0.088572,-0.162260,1.567456,66.150002,19.809999,-7.070000,1770369821.039523
0.177388,-0.199104,1.740940,69.650002,6.580000,-7.140000,1770369821.047465
0.301828,-0.253028,1.794620,68.529999,2.100000,-6.230000,1770369821.055488
0.425292,-0.311832,1.810968,64.190002,-3.150000,-10.080000,1770369821.063804
0.555100,-0.380152,1.819508,52.150002,-8.120000,-2.240000,1770369821.071697
0.603168,-0.481168,1.864892,35.070000,-0.980000,5.530000,1770369821.079598
0.605120,-0.590968,1.985184,15.890000,23.170000,7.000000,1770369821.087458
0.513132,-0.685152,2.059116,-0.700000,60.410000,3.150000,1770369821.095471
0.378688,-0.669780,1.991284,-11.410000,96.809998,-7.210000,1770369821.103467
0.225456,-0.536068,1.911496,-21.980000,122.989998,-13.790000,1770369821.111465
0.067588,-0.339648,1.833416,-34.439999,136.429993,-20.860001,1770369821.119591
-0.105896,-0.171532,1.701412,-48.860001,134.399994,-25.270000,1770369821.127497
-0.249368,-0.031476,1.471320,-57.750000,119.349998,-31.010000,1770369821.135444
-0.356728,0.056608,1.195844,-62.650002,91.489998,-36.400002,1770369821.143490
-0.425292,0.122488,0.949160,-59.500000,58.029999,-40.320000,1770369821.151596
-0.449448,0.188856,0.724436,-53.759998,23.030001,-43.680000,1770369821.159455
-0.437004,0.245952,0.545584,-45.080002,-6.370000,-48.650002,1770369821.167443
-0.425536,0.310124,0.391864,-36.400002,-29.469999,-47.529999,1770369821.175452
-0.381372,0.368928,0.261324,-25.129999,-45.150002,-46.689999,1770369821.183449
-0.329400,0.437248,0.188856,-14.560000,-56.139999,-43.119999,1770369821.191459
-0.269620,0.491416,0.176412,-7.630000,-61.669998,-42.490002,1770369821.199766
-0.204228,0.518012,0.172752,-7.420000,-65.660004,-35.349998,1770369821.207444
-0.150060,0.515816,0.127856,-8.540000,-68.739998,-24.920000,1770369821.215478
-0.102724,0.500444,0.058316,-3.150000,-72.379997,-22.330000,1770369821.223453
-0.054900,0.471164,0.035624,2.590000,-77.349998,-11.760000,1770369821.231452
-0.013176,0.429928,0.130540,8.960000,-78.610001,-5.390000,1770369821.239451
0.011956,0.423096,0.276696,17.080000,-76.300003,3.150000,1770369821.247451
0.024156,0.392352,0.457744,22.820000,-71.610001,11.340000,1770369821.255450
0.039284,0.396256,0.669536,31.219999,-64.959999,13.720000,1770369821.263431
0.058804,0.385520,0.942572,35.279999,-55.299999,19.809999,1770369821.271470
0.064172,0.329644,1.163148,34.930000,-42.490002,20.020000,1770369821.279504
0.082960,0.184708,1.331752,31.219999,-29.049999,13.230000,1770369821.287613
0.099552,0.067832,1.473760,27.650000,-14.980000,7.140000,1770369821.295439
0.184708,-0.084180,1.687992,31.290001,-0.350000,-4.480000,1770369821.303465
0.297680,-0.266692,1.992016,39.270000,7.980000,-6.370000,1770369821.311462
0.339648,-0.434808,2.327028,53.200001,11.200000,-13.790000,1770369821.319465
0.225212,-0.514840,2.340936,48.720001,5.880000,-20.020000,1770369821.327528
0.172508,-0.561200,2.197708,30.170000,-11.900000,-20.860001,1770369821.335450
0.180316,-0.651724,2.125240,11.270000,-44.730000,-18.480000,1770369821.343445
0.241804,-0.710040,2.110600,-9.030000,-79.589996,-15.190000,1770369821.351474
0.348432,-0.675880,2.006412,-24.639999,-114.099998,-12.600000,1770369821.359451
0.471408,-0.575352,1.793400,-33.529999,-139.160004,-10.430000,1770369821.367445
0.579744,-0.458232,1.507432,-39.759998,-158.199997,-9.310000,1770369821.375448
0.667828,-0.337940,1.200480,-41.650002,-169.960007,-10.430000,1770369821.383587
0.732000,-0.213988,0.929152,-43.400002,-166.529999,-7.140000,1770369821.391470
0.789340,-0.058560,0.708576,-42.980000,-145.320007,-0.770000,1770369821.399477
0.835944,0.081984,0.533628,-40.320000,-108.709999,6.230000,1770369821.407476
0.846192,0.177388,0.414556,-38.080002,-65.730003,12.390000,1770369821.415549
0.819840,0.204960,0.329888,-35.770000,-22.260000,18.129999,1770369821.423460
0.737856,0.209596,0.218624,-32.060001,21.980000,18.340000,1770369821.431503
0.618296,0.216428,0.108580,-24.010000,60.060001,21.840000,1770369821.439465
0.487024,0.237900,0.032696,-19.879999,89.599998,19.600000,1770369821.447456
0.353068,0.265960,0.003172,-15.470000,113.050003,17.360001,1770369821.455505
0.238388,0.300120,-0.006588,-12.390000,129.080002,12.740000,1770369821.463467
0.123952,0.332572,0.001952,-10.570000,142.729996,9.940000,1770369821.471465
0.013664,0.323544,0.023424,-10.640000,154.210007,9.800000,1770369821.479462
-0.060024,0.328180,0.037332,-10.080000,156.800003,0.280000,1770369821.487525
-0.103456,0.282308,0.114192,-4.690000,152.669998,1.750000,1770369821.495451
-0.123708,0.197396,0.256444,7.280000,137.550003,-5.810000,1770369821.503470
-0.120048,0.107360,0.469700,23.100000,119.419998,-3.220000,1770369821.511573
-0.113460,0.048312,0.777140,41.509998,92.540001,-2.240000,1770369821.519462
-0.109800,0.003172,1.174372,55.650002,57.540001,-0.980000,1770369821.527456
-0.085644,0.054412,1.487668,62.020000,20.930000,-8.050000,1770369821.535457
-0.044164,0.002196,1.663592,61.950001,-0.770000,-10.640000,1770369821.543472
0.086132,-0.069052,1.725568,60.130001,-10.990000,-10.990000,1770369821.551501
0.250344,-0.154696,1.802428,59.709999,-13.720000,-14.770000,1770369821.559467
0.390644,-0.241072,1.876848,54.459999,-15.050000,-10.080000,1770369821.567444
0.427732,-0.381860,1.880752,41.439999,-5.110000,-11.340000,1770369821.575458
0.451156,-0.533140,1.965664,24.709999,15.400000,-3.220000,1770369821.583472
0.427732,-0.667584,2.078880,10.990000,45.150002,-2.590000,1770369821.591461
0.330376,-0.717116,2.058628,1.330000,72.800003,-3.010000,1770369821.599499
0.201544,-0.622444,2.007876,-7.350000,95.129997,-10.850000,1770369821.607557
0.064172,-0.445788,1.939312,-21.070000,107.589996,-14.490000,1770369821.615480
-0.086132,-0.258884,1.798524,-35.349998,106.540001,-17.850000,1770369821.623442
-0.217404,-0.102968,1.557696,-47.740002,90.930000,-22.889999,1770369821.631462
-0.320616,0.011224,1.291248,-51.520000,65.169998,-23.240000,1770369821.639468
-0.386008,0.116388,1.038220,-48.650002,33.950001,-29.959999,1770369821.647450
-0.402600,0.202764,0.832528,-44.660000,1.680000,-33.110001,1770369821.655480
-0.382592,0.276696,0.671976,-39.830002,-24.290001,-36.610001,1770369821.663572
-0.355020,0.339892,0.511180,-34.509998,-43.470001,-39.060001,1770369821.671464
-0.317200,0.384544,0.361852,-29.959999,-56.419998,-39.060001,1770369821.679469
-0.270840,0.422120,0.238632,-20.580000,-60.900002,-38.080002,1770369821.687458
-0.224724,0.440176,0.174704,-15.890000,-61.740002,-36.610001,1770369821.695450
-0.174948,0.446032,0.144204,-12.460000,-60.759998,-34.160000,1770369821.703481
-0.123952,0.434808,0.135176,-10.220000,-58.099998,-28.490000,1770369821.711467
-0.078080,0.419436,0.087352,-8.540000,-59.430000,-21.070000,1770369821.719456
-0.047580,0.383812,0.023912,-0.980000,-63.349998,-16.730000,1770369821.727475
-0.010736,0.348920,0.024644,7.070000,-70.419998,-11.550000,1770369821.735456
0.031964,0.306220,0.137372,16.870001,-75.110001,-5.390000,1770369821.743437
0.050996,0.292068,0.310612,23.870001,-75.110001,2.940000,1770369821.751466
0.061976,0.268400,0.543144,31.219999,-70.489998,10.710000,1770369821.759499
0.078568,0.288164,0.775432,37.169998,-64.540001,13.930000,1770369821.767536
0.079056,0.259616,1.018456,39.970001,-50.049999,17.080000,1770369821.775455
0.098088,0.195200,1.253672,38.709999,-35.840000,14.770000,1770369821.783456
0.124196,0.107360,1.443992,36.049999,-18.270000,12.180000,1770369821.791600
0.160552,-0.027816,1.652124,35.770000,2.240000,2.660000,1770369821.799487
0.238388,-0.184708,1.867576,43.400002,16.170000,0.490000,1770369821.807476
0.289872,-0.332328,2.153544,55.160000,20.860001,-3.570000,1770369821.815453
0.228384,-0.405040,2.301408,59.849998,15.890000,-7.000000,1770369821.823546
0.118340,-0.417972,2.205516,42.279999,3.220000,-6.790000,1770369821.831484
0.099064,-0.439444,2.072536,22.190001,-24.010000,-2.310000,1770369821.839534
0.145180,-0.517768,2.033740,6.720000,-58.099998,-0.980000,1770369821.847450
0.230580,-0.523136,2.004948,-6.440000,-91.279999,0.490000,1770369821.855462
0.339648,-0.452864,1.901980,-18.480000,-119.769997,0.000000,1770369821.863474
0.453108,-0.343308,1.691652,-27.440001,-141.610001,0.910000,1770369821.871658
0.537044,-0.252784,1.391044,-36.330002,-155.259995,0.000000,1770369821.879482
0.609756,-0.162016,1.103612,-39.200001,-159.600006,3.360000,1770369821.887464
0.677588,-0.046360,0.847656,-42.980000,-151.899994,2.590000,1770369821.895580
0.728584,0.061000,0.669780,-40.880001,-129.360001,11.200000,1770369821.903466
0.770796,0.135908,0.526552,-36.470001,-98.139999,15.190000,1770369821.911475
0.765428,0.174216,0.411384,-34.090000,-58.869999,21.139999,1770369821.919454
0.722240,0.203740,0.293776,-30.450001,-22.400000,24.850000,1770369821.927545
0.636352,0.231556,0.199836,-28.209999,13.860000,27.160000,1770369821.935482
0.530456,0.252784,0.130052,-27.650000,48.580002,26.670000,1770369821.943455
0.411872,0.268888,0.067588,-26.950001,78.260002,27.020000,1770369821.951464
0.300364,0.277916,0.028548,-27.860001,99.470001,27.510000,1770369821.959491
0.193980,0.274256,0.031964,-27.299999,116.760002,24.780001,1770369821.967562
0.095648,0.246928,0.083204,-25.969999,130.690002,17.780001,1770369821.975505
0.018300,0.213988,0.147620,-20.860001,137.479996,13.860000,1770369821.983482
-0.032452,0.163480,0.232776,-11.900000,140.559998,6.790000,1770369821.991476
-0.057096,0.117852,0.347944,-0.350000,134.679993,1.750000,1770369821.999463
-0.048800,0.069052,0.486780,18.340000,123.620003,1.190000,1770369822.007464
-0.043432,0.028304,0.695888,38.990002,101.989998,-1.890000,1770369822.015458
-0.016104,0.003416,1.010404,56.490002,73.919998,-2.310000,1770369822.023458
0.021960,-0.014396,1.369816,68.949997,44.380001,-4.270000,1770369822.031458
0.090280,-0.025132,1.654076,75.040001,15.750000,0.000000,1770369822.039556
0.180804,-0.057584,1.772904,75.110001,-2.870000,2.380000,1770369822.047476
0.300120,-0.108580,1.808040,66.500000,-19.389999,5.530000,1770369822.055455
0.446764,-0.201788,1.810480,53.060001,-36.750000,15.190000,1770369822.063644
0.536556,-0.315492,1.853424,35.980000,-39.549999,23.379999,1770369822.071613
0.569008,-0.471164,1.945168,17.219999,-21.840000,31.500000,1770369822.079487
0.540216,-0.618052,2.004948,-0.630000,14.420000,29.610001,1770369822.087583
0.406504,-0.741028,1.952732,-11.760000,59.500000,20.510000,1770369822.095458
0.275720,-0.709064,1.851228,-19.530001,95.760002,6.860000,1770369822.103476
0.126880,-0.566568,1.758508,-23.520000,120.330002,-4.270000,1770369822.111468
-0.022692,-0.371612,1.659688,-32.200001,126.980003,-12.460000,1770369822.119555
-0.173484,-0.178120,1.507188,-41.090000,118.370003,-18.410000,1770369822.127452
-0.295972,-0.019764,1.284904,-48.790001,95.970001,-25.129999,1770369822.135455
-0.368684,0.099064,1.026264,-51.169998,61.110001,-34.720001,1770369822.143456
-0.386496,0.172264,0.813252,-43.119999,23.940001,-38.150002,1770369822.151469
-0.372100,0.267424,0.632204,-36.330002,-10.080000,-41.230000,1770369822.159465
-0.345504,0.352824,0.509472,-26.180000,-38.150002,-41.580002,1770369822.167479
-0.307928,0.416996,0.415288,-17.920000,-56.560001,-38.639999,1770369822.175504
-0.250100,0.478484,0.305732,-9.450000,-67.970001,-37.169998,1770369822.183448
-0.190320,0.511668,0.236436,-6.090000,-74.269997,-32.340000,1770369822.191462
-0.125904,0.523380,0.180072,-4.340000,-77.910004,-25.059999,1770369822.199453
-0.072224,0.508740,0.136152,-3.360000,-79.169998,-16.799999,1770369822.207471
-0.020496,0.488488,0.075884,-3.990000,-78.610001,-9.590000,1770369822.215453
0.023668,0.466528,0.010492,-0.560000,-79.519997,-3.990000,1770369822.223448
0.052948,0.431148,0.023668,5.180000,-79.169998,5.180000,1770369822.231464
0.082716,0.399184,0.147376,10.430000,-73.220001,7.350000,1770369822.239487
0.109556,0.373564,0.338184,17.920000,-65.099998,14.980000,1770369822.247610
0.146888,0.345992,0.570960,27.230000,-52.849998,16.450001,1770369822.255434
0.173972,0.328668,0.830576,33.320000,-39.410000,14.770000,1770369822.263448
0.186416,0.295728,1.083604,40.950001,-19.530001,16.520000,1770369822.271474
0.198372,0.224480,1.299300,40.950001,3.570000,13.300000,1770369822.279451
0.217404,0.135176,1.518900,36.400002,29.750000,8.890000,1770369822.287483
0.284992,0.063684,1.711172,28.420000,48.439999,2.520000,1770369822.295499
0.356240,-0.087352,1.987380,33.740002,59.009998,-2.030000,1770369822.303606
0.367220,-0.242292,2.293112,48.299999,61.669998,-6.860000,1770369822.311467
0.203984,-0.312564,2.350696,52.290001,52.849998,-7.000000,1770369822.319449
0.039528,-0.351360,2.222840,37.099998,32.410000,-4.270000,1770369822.327538
-0.011956,-0.451400,2.107672,14.140000,-5.670000,-9.730000,1770369822.335457
-0.019764,-0.581940,2.075220,-8.540000,-49.840000,-2.310000,1770369822.343449
0.071492,-0.654164,1.988112,-29.610001,-96.599998,-9.730000,1770369822.351462
0.230580,-0.587308,1.790716,-37.869999,-137.830002,-10.010000,1770369822.359456
0.381616,-0.527284,1.518656,-49.070000,-167.580002,-9.520000,1770369822.367462
0.524844,-0.427000,1.237812,-52.430000,-186.830002,-7.840000,1770369822.375492
0.634156,-0.306220,0.969412,-48.720001,-188.929993,-11.200000,1770369822.383695
0.731756,-0.147620,0.761280,-46.830002,-172.619995,-3.920000,1770369822.391469
0.823500,0.019276,0.602924,-40.180000,-139.369995,1.890000,1770369822.399451
0.876936,0.136396,0.481656,-33.950001,-95.059998,11.410000,1770369822.407476
0.859856,0.192272,0.363804,-29.400000,-48.369999,17.780001,1770369822.415499
0.784460,0.216672,0.261812,-25.129999,-0.980000,18.690001,1770369822.423485
0.675880,0.230824,0.169092,-22.330000,41.020000,19.250000,1770369822.431570
0.548024,0.235948,0.092232,-20.440001,75.250000,22.959999,1770369822.439470
0.419924,0.248636,0.049044,-17.639999,100.800003,23.309999,1770369822.447452
0.289628,0.258152,0.033184,-18.549999,121.940002,24.850000,1770369822.455472
0.183488,0.258152,0.046360,-18.480000,137.410004,22.260000,1770369822.463454
0.084668,0.247660,0.081496,-17.780001,147.139999,20.020000,1770369822.471468
0.011468,0.204472,0.140544,-15.330000,154.910004,15.960000,1770369822.479452
-0.039772,0.142008,0.234484,-7.350000,155.119995,8.540000,1770369822.487454
-0.072468,0.091256,0.347456,4.760000,146.580002,7.770000,1770369822.495480
-0.086132,0.034160,0.517280,22.190001,129.289993,1.820000,1770369822.503480
-0.064416,0.014640,0.807640,39.270000,101.919998,3.080000,1770369822.511476
-0.037332,0.004880,1.199016,53.480000,69.160004,-0.070000,1770369822.519577
-0.007320,0.003904,1.522560,59.290001,37.450001,-1.540000,1770369822.527456
0.067832,-0.013908,1.693604,62.160000,15.050000,-3.920000,1770369822.535455
0.163724,-0.064416,1.719712,57.610001,1.750000,-4.200000,1770369822.543505
0.287432,-0.136152,1.707756,51.590000,-5.460000,-0.840000,1770369822.551467
0.432368,-0.235216,1.731912,44.310001,-11.410000,3.080000,1770369822.559469
0.489464,-0.340380,1.779736,30.309999,-9.730000,11.970000,1770369822.567452
0.502152,-0.461892,1.897344,13.300000,9.520000,13.300000,1770369822.575459
0.436516,-0.574864,2.020808,-1.750000,42.700001,12.320000,1770369822.583592
0.321592,-0.644160,1.971032,-17.219999,75.599998,4.060000,1770369822.591473
0.166896,-0.580476,1.858548,-24.430000,103.459999,-6.230000,1770369822.599469
0.010980,-0.431392,1.744112,-35.560001,116.199997,-10.080000,1770369822.607470
-0.146400,-0.264252,1.605276,-45.919998,114.730003,-17.360001,1770369822.615726
-0.298412,-0.118828,1.396656,-54.110001,95.690002,-24.430000,1770369822.623457
-0.399916,-0.013176,1.137772,-59.080002,64.400002,-33.599998,1770369822.631548
-0.449692,0.061244,0.893528,-53.200001,28.139999,-36.680000,1770369822.639477
-0.453108,0.119804,0.705404,-46.970001,-8.540000,-45.360001,1770369822.647484
-0.418216,0.189344,0.553392,-36.750000,-41.580002,-48.509998,1770369822.655450
-0.356972,0.265472,0.418704,-24.850000,-67.760002,-52.990002,1770369822.663567
-0.289872,0.348188,0.321836,-19.110001,-88.830002,-54.389999,1770369822.671538
-0.219600,0.457256,0.234972,-10.080000,-100.379997,-49.000000,1770369822.679472
-0.138592,0.532164,0.176656,-6.790000,-106.050003,-42.700001,1770369822.687451
-0.062708,0.578280,0.099064,-6.580000,-107.870003,-33.669998,1770369822.695451
-0.003416,0.590236,0.007320,-3.920000,-106.889999,-25.969999,1770369822.703464
0.054900,0.552416,-0.046848,-2.450000,-105.699997,-17.500000,1770369822.711618
0.106140,0.489464,-0.003416,0.840000,-100.589996,-7.630000,1770369822.719468
0.151524,0.419680,0.130296,11.550000,-89.389999,0.490000,1770369822.727459
0.193736,0.371368,0.327692,19.320000,-73.709999,5.600000,1770369822.735452
0.230336,0.320128,0.558028,33.880001,-54.110001,7.910000,1770369822.743464
0.251076,0.286456,0.850828,44.520000,-30.170000,13.090000,1770369822.751594
0.265228,0.278404,1.102636,53.830002,-3.220000,7.420000,1770369822.759451
0.267912,0.189344,1.278072,56.770000,26.950001,5.390000,1770369822.767462
0.289628,0.070516,1.456680,52.009998,53.200001,-3.920000,1770369822.775458
0.314272,-0.075884,1.660908,47.389999,71.820000,-14.210000,1770369822.783456
0.359656,-0.235704,1.914912,57.820000,80.500000,-23.799999,1770369822.791591
0.356972,-0.354044,2.248704,67.690002,77.419998,-25.830000,1770369822.799464
0.197152,-0.429440,2.289452,58.730000,61.950001,-18.830000,1770369822.807474
0.045384,-0.510692,2.193560,34.160000,33.040001,-19.110001,1770369822.815537
0.010248,-0.646844,2.098400,15.680000,-8.190000,-22.889999,1770369822.823452
0.061732,-0.709308,2.094496,2.870000,-50.470001,-23.799999,1770369822.831548
0.161772,-0.650504,2.043744,-9.310000,-88.970001,-22.540001,1770369822.839488
0.277428,-0.517524,1.878800,-21.420000,-120.540001,-24.360001,1770369822.847470
0.396012,-0.366732,1.627236,-31.430000,-142.940002,-23.940001,1770369822.855451
0.495076,-0.242048,1.378112,-39.619999,-156.800003,-23.590000,1770369822.863448
0.562176,-0.114924,1.130940,-46.480000,-155.330002,-20.790001,1770369822.871484
0.612196,0.054656,0.886696,-49.840000,-143.149994,-14.210000,1770369822.879466
0.646356,0.178608,0.710772,-49.980000,-119.000000,-3.570000,1770369822.887466
0.660752,0.258152,0.552660,-49.419998,-87.360001,2.030000,1770369822.895454
0.641720,0.290116,0.409676,-46.830002,-54.320000,10.360000,1770369822.903550
0.581452,0.293288,0.272304,-42.840000,-22.680000,15.540000,1770369822.911475
0.499468,0.280600,0.163236,-36.330002,7.210000,18.129999,1770369822.919456
0.417972,0.276452,0.080032,-31.360001,32.759998,18.549999,1770369822.927454
0.334036,0.279868,0.028304,-26.040001,52.080002,18.830000,1770369822.935570
0.243756,0.286212,0.006100,-21.910000,68.949997,16.450001,1770369822.943480
0.168848,0.278648,0.007808,-20.580000,82.389999,18.690001,1770369822.951463
0.103700,0.258640,0.039772,-17.850000,92.820000,13.370000,1770369822.959453
0.053680,0.203740,0.094428,-16.450001,101.919998,6.650000,1770369822.967489
0.032696,0.124196,0.186416,-10.010000,105.910004,1.120000,1770369822.975470
0.030988,0.057340,0.317444,0.420000,104.650002,-6.160000,1770369822.983461
0.035136,0.005368,0.471164,20.090000,97.370003,-6.160000,1770369822.991493
0.056120,-0.012444,0.717604,38.290001,82.599998,-9.870000,1770369822.999448
0.098088,0.017080,1.042124,51.450001,59.220001,-9.730000,1770369823.007582
0.148352,0.040992,1.355664,53.830002,36.680000,-13.370000,1770369823.015459
0.221064,0.022936,1.594540,58.380001,20.160000,-13.230000,1770369823.023484
0.313296,-0.014640,1.738988,56.279999,14.490000,-9.940000,1770369823.031599
0.426024,-0.093452,1.822436,49.840000,14.490000,-4.830000,1770369823.039469
0.559492,-0.242048,1.826828,42.770000,8.960000,4.200000,1770369823.047448
0.597800,-0.406016,1.807552,34.090000,6.090000,6.580000,1770369823.055447
0.584868,-0.560956,1.920280,27.650000,21.280001,10.990000,1770369823.063765
0.524844,-0.696620,2.083272,16.520000,52.009998,12.320000,1770369823.071645
0.401136,-0.759572,2.095960,8.960000,89.250000,4.900000,1770369823.079667
0.233508,-0.703696,1.993968,-2.660000,118.650002,-4.550000,1770369823.087467
0.059780,-0.539972,1.890024,-14.770000,137.130005,-17.850000,1770369823.095462
-0.103700,-0.340868,1.762168,-29.889999,139.509995,-23.379999,1770369823.103491
-0.269864,-0.156160,1.550620,-44.520000,126.279999,-30.170000,1770369823.111478
-0.392596,-0.014396,1.267580,-54.040001,101.150002,-35.840000,1770369823.119515
-0.466528,0.090036,0.992348,-53.970001,65.870003,-38.990002,1770369823.127589
-0.509472,0.177144,0.791536,-49.419998,27.370001,-40.669998,1770369823.135454
-0.505080,0.269864,0.637084,-41.930000,-9.870000,-45.220001,1770369823.143457
-0.480924,0.345992,0.498736,-34.790001,-39.549999,-44.099998,1770369823.151464
-0.427488,0.412848,0.368928,-25.340000,-62.860001,-45.570000,1770369823.159448
-0.354532,0.487268,0.280844,-16.309999,-81.690002,-44.099998,1770369823.167463
-0.270840,0.560956,0.234728,-12.180000,-93.730003,-39.060001,1770369823.175436
-0.195688,0.596092,0.201544,-12.740000,-101.010002,-33.320000,1770369823.183487
-0.126636,0.593408,0.131028,-17.570000,-102.760002,-23.450001,1770369823.191462
-0.055632,0.560956,0.055388,-17.430000,-105.139999,-16.940001,1770369823.199459
-0.001952,0.497272,0.018300,-11.200000,-104.160004,-4.900000,1770369823.207468
0.041236,0.404796,0.080032,-1.330000,-101.570000,-0.490000,1770369823.215480
0.074908,0.332816,0.240584,13.300000,-91.139999,8.260000,1770369823.223491
0.103456,0.299876,0.443104,28.420000,-78.959999,13.090000,1770369823.231461
0.136640,0.281088,0.709308,42.070000,-61.110001,15.890000,1770369823.239464
0.145424,0.245708,0.990640,50.750000,-40.250000,19.110001,1770369823.247454
0.152744,0.191052,1.208776,51.939999,-15.820000,12.460000,1770369823.255460
0.151280,0.101016,1.373964,53.480000,8.820000,10.010000,1770369823.263516
0.184708,-0.019520,1.580632,49.070000,31.150000,0.700000,1770369823.271458
0.226920,-0.182268,1.803160,54.810001,45.779999,-6.160000,1770369823.279458
0.264252,-0.297924,2.139880,69.510002,49.560001,-17.080000,1770369823.287451
0.205204,-0.345504,2.334348,62.369999,40.180000,-19.040001,1770369823.295450
0.078812,-0.419436,2.238456,35.840000,15.960000,-19.389999,1770369823.303447
0.057584,-0.583404,2.053504,15.330000,-21.980000,-13.300000,1770369823.311477
0.093208,-0.743956,2.017636,-3.010000,-66.010002,-11.970000,1770369823.319456
0.226432,-0.769576,2.011780,-13.860000,-104.440002,-6.580000,1770369823.327449
0.361120,-0.680272,1.872700,-29.190001,-137.059998,-5.250000,1770369823.335456
0.484828,-0.525576,1.603812,-34.509998,-158.830002,-1.470000,1770369823.343466
0.571448,-0.394060,1.314916,-40.599998,-169.330002,-1.190000,1770369823.351464
0.631960,-0.251320,1.036024,-43.959999,-166.529999,1.050000,1770369823.359456
0.677344,-0.069296,0.817644,-43.610001,-149.800003,2.170000,1770369823.367438
0.728096,0.102236,0.630984,-41.720001,-119.489998,13.860000,1770369823.375447
0.753716,0.218380,0.494344,-38.290001,-81.339996,17.219999,1770369823.383596
0.732488,0.268644,0.392108,-35.419998,-41.439999,26.459999,1770369823.391484
0.662460,0.295972,0.304512,-32.759998,-4.760000,30.379999,1770369823.399469
0.553392,0.320616,0.231312,-30.660000,28.280001,33.180000,1770369823.407483
0.437004,0.332816,0.142984,-31.080000,55.230000,35.770000,1770369823.415503
0.313052,0.346968,0.063684,-29.540001,74.760002,35.419998,1770369823.423508
0.204716,0.345016,0.026352,-33.459999,92.470001,32.970001,1770369823.431471
0.117120,0.325008,0.030256,-33.459999,103.110001,30.730000,1770369823.439475
0.040992,0.293044,0.059780,-31.430000,108.430000,29.469999,1770369823.447665
-0.009760,0.224236,0.127124,-26.530001,108.220001,19.600000,1770369823.455458
-0.038796,0.143472,0.222284,-16.309999,104.019997,14.280000,1770369823.463449
-0.039772,0.060512,0.337940,3.010000,97.370003,8.680000,1770369823.471480
-0.028304,-0.016104,0.499712,24.639999,83.720001,6.650000,1770369823.479572
-0.002684,-0.057828,0.694668,47.950001,65.730003,1.400000,1770369823.487451
0.045140,-0.081008,0.922808,68.529999,45.360001,3.710000,1770369823.495454
0.122244,-0.091744,1.232444,82.110001,24.290001,-1.120000,1770369823.503454
0.234972,-0.092476,1.541348,88.480003,7.490000,0.140000,1770369823.511569
0.350872,-0.087596,1.728740,84.699997,-2.310000,2.870000,1770369823.519493
0.446276,-0.131516,1.800476,71.610001,-10.850000,10.010000,1770369823.527452
0.591700,-0.227652,1.769000,55.299999,-22.049999,15.120000,1770369823.535453
0.708332,-0.348920,1.817312,40.950001,-26.600000,25.340000,1770369823.543541
0.740784,-0.509716,1.912472,27.299999,-9.660000,34.720001,1770369823.551480
0.689300,-0.658068,1.985672,9.730000,27.510000,35.349998,1770369823.559468
0.488244,-0.773724,1.960784,-3.360000,80.150002,21.139999,1770369823.567445
0.344772,-0.748836,1.828048,-14.420000,128.309998,2.660000,1770369823.575459
0.191784,-0.613416,1.749968,-20.650000,161.979996,-9.940000,1770369823.583576
0.020496,-0.435296,1.695068,-29.959999,177.380005,-16.170000,1770369823.591474
-0.150548,-0.233020,1.588928,-40.529999,175.770004,-23.309999,1770369823.599466
-0.304756,-0.061976,1.390312,-52.009998,159.039993,-28.070000,1770369823.607482
-0.415776,0.037332,1.136552,-55.930000,129.289993,-34.439999,1770369823.615554
-0.494588,0.154696,0.912560,-52.080002,90.019997,-38.639999,1770369823.623444
-0.528260,0.257664,0.734440,-42.630001,47.389999,-39.970001,1770369823.631470
-0.546560,0.340624,0.576572,-32.200001,9.170000,-35.349998,1770369823.639462
-0.535092,0.416752,0.454816,-21.770000,-23.170000,-33.880001,1770369823.647606
-0.486292,0.489464,0.355020,-11.970000,-53.549999,-27.580000,1770369823.655474
-0.427000,0.557784,0.278404,-7.350000,-74.830002,-21.629999,1770369823.663460
-0.350628,0.592920,0.228872,-4.340000,-91.910004,-15.260000,1770369823.671478
-0.279624,0.604388,0.155184,-6.650000,-103.669998,-4.690000,1770369823.679491
-0.207888,0.590724,0.044164,-5.110000,-113.750000,3.290000,1770369823.687448
-0.134200,0.554124,-0.028060,-2.800000,-123.760002,9.450000,1770369823.695459
-0.081008,0.502884,-0.019520,3.010000,-126.209999,20.020000,1770369823.703458
-0.022936,0.428464,0.109800,11.340000,-124.320000,22.610001,1770369823.711607
0.030500,0.356484,0.298412,20.440001,-115.010002,30.030001,1770369823.719514
0.069784,0.298168,0.555832,30.870001,-100.589996,31.500000,1770369823.727456
0.113216,0.294020,0.842776,38.150002,-83.930000,32.970001,1770369823.735454
0.153964,0.284260,1.087264,46.060001,-62.790001,30.730000,1770369823.743475
0.191784,0.223260,1.281976,45.849998,-36.680000,28.980000,1770369823.751468
0.232776,0.114436,1.478396,41.509998,-8.960000,22.049999,1770369823.759468
0.315248,0.004392,1.712148,33.740002,13.300000,17.080000,1770369823.767456
0.399184,-0.142496,1.993480,36.189999,31.290001,9.240000,1770369823.775475
0.419436,-0.284992,2.289696,45.849998,41.230000,3.850000,1770369823.783570
0.286456,-0.390400,2.301896,42.980000,34.580002,2.520000,1770369823.791514
0.160552,-0.482632,2.112064,28.280001,16.379999,4.340000,1770369823.799470
0.127612,-0.620736,1.998848,16.030001,-16.309999,5.180000,1770369823.807471
0.164700,-0.730292,2.006900,3.010000,-55.580002,5.320000,1770369823.815583
0.256688,-0.729804,1.971520,-11.550000,-91.699997,5.950000,1770369823.823453
0.370636,-0.631472,1.801452,-21.980000,-119.559998,6.090000,1770369823.831468
0.484096,-0.503616,1.539640,-35.209999,-139.720001,9.800000,1770369823.839487
0.567056,-0.369660,1.252208,-41.160000,-153.229996,7.700000,1770369823.847493
0.625372,-0.226920,0.958432,-45.080002,-151.199997,11.970000,1770369823.855458
0.678808,-0.064660,0.728828,-43.330002,-135.240005,18.690001,1770369823.863455
0.734928,0.077348,0.554612,-41.860001,-105.209999,27.930000,1770369823.871581
0.750788,0.151768,0.437980,-35.279999,-70.279999,37.099998,1770369823.879492
0.727364,0.169092,0.349896,-32.340000,-31.850000,39.619999,1770369823.887548
0.657092,0.188612,0.254980,-26.879999,4.760000,46.759998,1770369823.895453
0.555344,0.224968,0.161772,-21.770000,38.150002,47.320000,1770369823.903482
0.435296,0.262788,0.084180,-19.110001,66.709999,50.889999,1770369823.911487
0.302804,0.291336,0.025620,-16.870001,90.510002,47.810001,1770369823.919470
0.192516,0.320128,-0.015128,-17.920000,108.430000,47.459999,1770369823.927457
0.096868,0.311344,-0.001464,-18.340000,120.050003,42.279999,1770369823.935479
0.020008,0.271572,0.065148,-16.309999,127.959999,38.220001,1770369823.943550
-0.034160,0.199104,0.170556,-9.450000,130.410004,29.330000,1770369823.951456
-0.063684,0.131516,0.287432,-0.910000,128.240005,26.250000,1770369823.959461
-0.089548,0.054900,0.437980,17.500000,120.190002,20.790001,1770369823.967454
-0.081252,0.017568,0.616588,37.939999,101.989998,15.680000,1770369823.975484
-0.052948,-0.000488,0.888892,55.160000,78.959999,17.080000,1770369823.983462
-0.015616,-0.006100,1.243668,71.820000,50.119999,10.780000,1770369823.991497
0.046116,-0.013420,1.562820,77.839996,25.480000,11.410000,1770369823.999528
0.146156,-0.037088,1.745576,81.480003,8.890000,9.940000,1770369824.007521
0.260836,-0.067344,1.812432,80.220001,-1.750000,11.480000,1770369824.015467
0.398696,-0.114192,1.850740,67.059998,-11.970000,18.129999,1770369824.023484
0.505080,-0.204716,1.868796,52.919998,-22.959999,27.440001,1770369824.031594
0.529236,-0.345504,1.920768,33.110001,-16.730000,32.619999,1770369824.039468
0.527528,-0.502152,2.015684,17.219999,6.020000,34.790001,1770369824.047453
0.457744,-0.642452,2.050332,6.860000,41.230000,30.170000,1770369824.055450
0.338672,-0.741272,1.986160,-5.320000,75.809998,15.330000,1770369824.063792
0.230824,-0.683444,1.868308,-16.030001,100.800003,5.110000,1770369824.071655
0.106628,-0.535824,1.758752,-24.990000,114.800003,-2.100000,1770369824.079513
-0.019032,-0.365756,1.634556,-35.209999,114.239998,-5.110000,1770369824.087465
-0.135420,-0.195444,1.458632,-43.189999,99.889999,-11.900000,1770369824.095451
-0.231312,-0.062708,1.224880,-49.000000,77.629997,-13.020000,1770369824.103463
-0.287432,0.056364,1.007476,-47.529999,50.259998,-22.330000,1770369824.111472
-0.317932,0.166896,0.819840,-43.049999,21.629999,-24.709999,1770369824.119498
-0.306952,0.256688,0.671244,-37.450001,-3.990000,-29.260000,1770369824.127453
-0.287432,0.339892,0.534360,-29.400000,-24.500000,-31.080000,1770369824.135455
-0.270840,0.416752,0.402600,-21.559999,-37.169998,-27.930000,1770369824.143480
-0.241560,0.487024,0.280844,-10.640000,-44.310001,-25.480000,1770369824.151553
-0.207400,0.523380,0.210084,-4.410000,-50.889999,-19.740000,1770369824.159487
-0.168360,0.540948,0.150792,-0.630000,-53.759998,-14.980000,1770369824.167448
-0.122732,0.543632,0.047824,1.470000,-58.799999,-5.110000,1770369824.175456
-0.094184,0.520940,-0.049044,3.780000,-63.630001,2.660000,1770369824.183552
-0.059292,0.504348,-0.074908,8.120000,-71.750000,9.030000,1770369824.191454
-0.019520,0.468236,0.013420,12.110000,-76.720001,17.570000,1770369824.199452
0.013908,0.417972,0.168848,16.309999,-76.300003,23.870001,1770369824.207450
0.034648,0.366488,0.346724,22.889999,-66.500000,26.670000,1770369824.215468
0.047580,0.312564,0.620736,24.850000,-54.250000,31.990000,1770369824.223448
0.069296,0.310368,0.866200,28.209999,-40.040001,30.309999,1770369824.231463
0.080520,0.326960,1.052616,33.810001,-21.700001,31.639999,1770369824.239460
0.090280,0.284016,1.223172,34.509998,-3.080000,24.430000,1770369824.247574
0.099308,0.198860,1.355664,29.750000,13.510000,18.129999,1770369824.255478
0.149328,0.051972,1.524512,22.330000,30.030001,10.150000,1770369824.263446
0.236680,-0.153232,1.786568,23.940001,40.880001,5.320000,1770369824.271465
0.274744,-0.362096,2.121336,37.939999,44.590000,6.440000,1770369824.279470
0.207156,-0.550952,2.360944,54.740002,43.959999,-0.420000,1770369824.287459
0.074176,-0.629520,2.285548,53.830002,35.419998,-0.770000,1770369824.295436
0.003904,-0.646844,2.114016,42.209999,10.080000,-1.330000,1770369824.303448
-0.004392,-0.679296,2.067412,28.280001,-29.190001,0.490000,1770369824.311469
0.043188,-0.630252,2.035448,10.010000,-71.610001,3.850000,1770369824.319482
0.137860,-0.498248,1.920280,-7.210000,-107.449997,1.680000,1770369824.327484
0.255468,-0.350140,1.715076,-22.190001,-139.020004,-1.470000,1770369824.335450
0.377468,-0.221552,1.456680,-33.950001,-159.250000,-2.660000,1770369824.343449
0.490928,-0.114680,1.190964,-41.930000,-168.839996,-3.080000,1770369824.351462
0.596824,-0.001220,0.937448,-45.849998,-169.889999,-0.560000,1770369824.359453
0.670512,0.116876,0.713944,-48.090000,-155.889999,9.660000,1770369824.367502
0.736636,0.187148,0.546560,-44.730000,-130.619995,18.270000,1770369824.375441
0.761036,0.219844,0.418460,-42.630001,-95.059998,25.549999,1770369824.383463
0.738588,0.232776,0.296216,-35.910000,-57.119999,29.680000,1770369824.391484
0.672708,0.244976,0.183488,-31.500000,-16.940001,32.970001,1770369824.399536
0.569740,0.267180,0.081496,-26.530001,20.580000,31.150000,1770369824.407461
0.464576,0.295484,0.006588,-25.969999,54.529999,30.030001,1770369824.415479
0.357460,0.315980,-0.021960,-25.549999,81.830002,29.260000,1770369824.423470
0.252052,0.319396,-0.016348,-25.549999,105.139999,26.879999,1770369824.431585
0.153476,0.290360,0.031476,-22.680000,122.639999,23.520000,1770369824.439494
0.072712,0.256932,0.094916,-19.879999,136.710007,17.780001,1770369824.447457
0.020740,0.196908,0.181780,-13.370000,141.119995,8.470000,1770369824.455521
-0.014396,0.138836,0.295240,-0.490000,138.669998,6.090000,1770369824.463475
-0.036356,0.074664,0.462624,19.530001,130.410004,3.500000,1770369824.471595
-0.033916,0.040992,0.688812,38.779999,110.669998,1.820000,1770369824.479468
-0.028548,0.018056,1.052616,53.270000,85.400002,0.070000,1770369824.487453
-0.014152,0.019764,1.423740,62.580002,54.669998,0.140000,1770369824.495512
0.019276,0.003172,1.672620,67.830002,26.950001,0.000000,1770369824.503450
0.103212,-0.041236,1.766560,70.489998,7.070000,4.550000,1770369824.511488
0.233508,-0.129320,1.782176,64.959999,-7.420000,6.440000,1770369824.519586
0.383812,-0.227652,1.812676,56.279999,-20.930000,12.180000,1770369824.527471
0.497760,-0.353556,1.865136,44.590000,-29.260000,18.340000,1770369824.535485
0.541436,-0.504104,1.961028,27.440001,-14.840000,20.790001,1770369824.543460
0.555100,-0.679540,2.055456,14.420000,18.059999,19.389999,1770369824.551465
0.509960,-0.788120,2.057408,2.100000,57.189999,11.410000,1770369824.559454
0.425780,-0.779580,2.000556,-8.330000,91.769997,1.610000,1770369824.567457
0.288896,-0.631228,1.902468,-19.530001,116.830002,-8.540000,1770369824.575496
0.143716,-0.409432,1.800720,-31.990000,126.000000,-10.640000,1770369824.583457
0.000000,-0.208132,1.665300,-47.320000,122.080002,-17.360001,1770369824.591475
-0.138836,-0.052460,1.463512,-58.310001,103.809998,-17.010000,1770369824.599510
-0.249124,0.098576,1.211460,-62.160000,79.379997,-19.600000,1770369824.607459
-0.315004,0.212280,0.981124,-60.060001,51.380001,-22.469999,1770369824.615547
-0.352824,0.307440,0.801296,-57.259998,23.379999,-21.770000,1770369824.623444
-0.364048,0.393816,0.629276,-51.169998,-2.660000,-24.219999,1770369824.631471
-0.344040,0.458720,0.460428,-46.970001,-21.070000,-25.059999,1770369824.639505
-0.315736,0.501176,0.311100,-37.169998,-34.650002,-27.299999,1770369824.647466
-0.264008,0.535824,0.211060,-30.450001,-45.150002,-28.840000,1770369824.655457
-0.206668,0.552172,0.164700,-24.010000,-49.209999,-25.129999,1770369824.663450
-0.158112,0.544608,0.150060,-20.230000,-48.930000,-21.350000,1770369824.671462
-0.115900,0.510448,0.127856,-19.740000,-49.560001,-14.910000,1770369824.679475
-0.084668,0.483120,0.052216,-14.420000,-50.889999,-11.970000,1770369824.687594
-0.051484,0.412848,-0.008784,-5.810000,-53.970001,-4.480000,1770369824.695451
-0.012444,0.331596,0.017324,4.340000,-56.349998,1.260000,1770369824.703445
0.010248,0.249856,0.157624,14.910000,-53.410000,12.740000,1770369824.711500
0.023912,0.195444,0.342332,24.360001,-48.020000,18.830000,1770369824.719494
0.029768,0.155672,0.559980,31.430000,-41.509998,20.440001,1770369824.727456
0.034160,0.100772,0.831308,38.709999,-28.350000,27.020000,1770369824.735452
0.023912,0.073200,1.078236,41.369999,-14.420000,22.260000,1770369824.743450
0.022936,0.022204,1.245376,45.080002,0.140000,18.059999,1770369824.751485
0.015860,-0.080520,1.356396,44.660000,13.790000,9.940000,1770369824.759519
0.023424,-0.233752,1.478152,45.849998,23.520000,0.140000,1770369824.767444
0.062708,-0.409188,1.651636,58.029999,27.930000,-13.930000,1770369824.775441
0.117120,-0.529236,2.010316,72.449997,26.389999,-17.290001,1770369824.783465
0.070028,-0.578768,2.240896,69.160004,16.940001,-16.240000,1770369824.791497
-0.022204,-0.621468,2.177456,45.150002,-2.450000,-14.910000,1770369824.799647
-0.030988,-0.696132,2.049356,24.500000,-30.940001,-14.840000,1770369824.807454
0.036600,-0.757864,2.011780,8.610000,-67.620003,-14.000000,1770369824.815479
0.186660,-0.699792,2.002996,-4.130000,-105.139999,-12.320000,1770369824.823587
0.339404,-0.531676,1.906128,-16.309999,-132.720001,-7.420000,1770369824.831583
0.467748,-0.356728,1.738988,-22.889999,-155.119995,-6.790000,1770369824.839469
0.579500,-0.207888,1.518900,-30.309999,-168.559998,-7.070000,1770369824.847485
0.663436,-0.071492,1.272948,-37.730000,-173.529999,-8.890000,1770369824.855509
0.750788,0.085644,1.037000,-41.860001,-167.229996,-3.990000,1770369824.863453
0.812032,0.218624,0.809348,-42.560001,-144.830002,6.790000,1770369824.871452
0.836188,0.311344,0.608048,-43.540001,-110.599998,15.120000,1770369824.879571
0.831308,0.342332,0.450668,-39.549999,-71.820000,24.219999,1770369824.887473
0.784704,0.341112,0.322812,-33.529999,-31.639999,24.430000,1770369824.895460
0.700524,0.336720,0.205204,-27.650000,5.880000,29.049999,1770369824.903459
0.585112,0.329400,0.114192,-20.230000,42.349998,25.129999,1770369824.911492
0.451156,0.315492,0.054656,-15.330000,74.269997,25.340000,1770369824.919459
0.336232,0.337940,0.009272,-11.900000,98.559998,21.139999,1770369824.927458
0.230824,0.335256,0.010980,-10.150000,117.529999,15.890000,1770369824.935477
0.132248,0.330620,0.030500,-13.300000,130.619995,13.440000,1770369824.943464
0.056120,0.301828,0.071492,-12.740000,142.729996,6.230000,1770369824.951473
-0.003904,0.246440,0.126636,-11.620000,149.800003,3.850000,1770369824.959485
-0.042944,0.182756,0.219844,-3.780000,151.339996,-2.100000,1770369824.967464
-0.075396,0.096380,0.355264,8.750000,145.949997,-2.520000,1770369824.975438
-0.111996,0.077836,0.563152,21.490000,129.850006,-10.290000,1770369824.983465
-0.117364,0.077592,0.837896,36.470001,108.570000,-9.170000,1770369824.991468
-0.142740,0.067100,1.175104,41.160000,81.339996,-9.100000,1770369824.999536
-0.161284,0.066612,1.453264,42.490002,52.220001,-9.520000,1770369825.007491
-0.121756,0.013908,1.681648,41.720001,26.040001,-11.060000,1770369825.015598
-0.010248,-0.070760,1.813896,40.599998,7.560000,-10.850000,1770369825.023463
0.130784,-0.185440,1.909300,36.959999,-6.790000,-5.460000,1770369825.031521
0.285236,-0.308660,1.942972,32.900002,-24.290001,-0.770000,1770369825.039467
0.342332,-0.430416,1.965420,29.540001,-32.689999,7.490000,1770369825.047548
0.367220,-0.583892,2.081808,20.860001,-19.389999,6.440000,1770369825.055460
0.386252,-0.705404,2.149152,9.170000,6.300000,2.870000,1770369825.063856
0.356484,-0.734928,2.081564,-5.040000,34.509998,-0.910000,1770369825.071665
0.254492,-0.718824,1.975424,-15.470000,59.849998,-7.490000,1770369825.079833
0.157624,-0.549488,1.833172,-27.299999,71.610001,-14.210000,1770369825.088261
0.037332,-0.396500,1.691652,-44.660000,72.029999,-18.480000,1770369825.095887
-0.077836,-0.249612,1.490840,-55.720001,60.900002,-20.440001,1770369825.103999
-0.172752,-0.099308,1.263188,-62.509998,42.700001,-24.920000,1770369825.112128
-0.236192,0.031476,1.044808,-61.320000,16.799999,-27.299999,1770369825.120643
-0.261568,0.157868,0.854732,-55.369999,-3.780000,-32.480000,1770369825.127961
-0.255956,0.249124,0.693204,-46.270000,-19.040001,-33.320000,1770369825.135745
-0.243512,0.316712,0.520208,-37.730000,-33.459999,-33.320000,1770369825.143785
-0.238876,0.346968,0.337208,-34.650002,-43.820000,-38.849998,1770369825.151731
-0.212036,0.398940,0.200080,-28.840000,-53.759998,-41.509998,1770369825.159727
-0.155428,0.454816,0.132248,-21.070000,-55.580002,-39.619999,1770369825.167706
-0.099064,0.502884,0.115656,-18.129999,-55.790001,-34.720001,1770369825.175688
-0.064904,0.517768,0.106384,-15.330000,-52.779999,-29.610001,1770369825.183114
-0.035868,0.490684,0.075396,-11.130000,-51.799999,-24.080000,1770369825.191160
0.003904,0.428220,0.040504,-2.030000,-50.259998,-20.299999,1770369825.199149
0.034648,0.344040,0.056364,9.100000,-49.349998,-12.460000,1770369825.207130
0.054900,0.276940,0.166652,21.700001,-47.599998,-2.310000,1770369825.215104
0.067100,0.243268,0.347456,31.850000,-41.160000,5.460000,1770369825.223108
0.073688,0.224968,0.567788,39.619999,-35.840000,10.920000,1770369825.231150
0.082716,0.213988,0.823988,44.380001,-25.200001,12.250000,1770369825.239109
0.080520,0.192028,1.086288,44.730000,-10.850000,17.150000,1770369825.247127
0.079544,0.151036,1.245864,41.439999,3.640000,8.890000,1770369825.255119
0.058804,0.026596,1.330532,38.500000,19.600000,2.380000,1770369825.263096
0.048556,-0.139324,1.487180,37.310001,32.060001,-7.700000,1770369825.271143
0.054412,-0.330620,1.657980,48.580002,40.040001,-17.850000,1770369825.279101
0.090524,-0.489952,1.940776,66.010002,39.480000,-22.330000,1770369825.287141
0.039528,-0.562664,2.165500,67.620003,26.530001,-22.120001,1770369825.295124
-0.027816,-0.620492,2.162084,47.740002,5.110000,-22.120001,1770369825.303118
-0.005124,-0.704184,2.103036,31.150000,-29.820000,-23.450001,1770369825.311120
0.102480,-0.772504,2.106696,19.320000,-70.279999,-19.040001,1770369825.319122
0.233752,-0.691984,2.097180,9.730000,-104.930000,-15.330000,1770369825.327150
0.365268,-0.503372,1.979816,-3.430000,-130.970001,-10.430000,1770369825.335098
0.477996,-0.318176,1.747284,-14.420000,-149.800003,-11.760000,1770369825.343100
0.574864,-0.173728,1.461316,-22.120001,-161.630005,-14.210000,1770369825.351146
0.648064,-0.046116,1.186328,-27.440001,-164.360001,-17.080000,1770369825.359108
0.716140,0.108092,0.914024,-31.010000,-154.910004,-13.790000,1770369825.367134
0.753472,0.232288,0.694912,-32.130001,-132.509995,-3.080000,1770369825.375093
0.760548,0.304268,0.520940,-32.130001,-97.510002,8.120000,1770369825.383112
0.744200,0.319396,0.399916,-33.880001,-61.110001,11.060000,1770369825.391175
0.686616,0.314760,0.293288,-30.170000,-23.030001,14.560000,1770369825.399105
0.591700,0.307440,0.197640,-25.620001,12.600000,15.330000,1770369825.407141
0.480436,0.315492,0.114680,-19.320000,44.099998,14.980000,1770369825.415114
0.369416,0.328424,0.062708,-21.000000,69.720001,14.420000,1770369825.423096
0.264984,0.326960,0.044652,-15.540000,91.000000,16.520000,1770369825.431214
0.173728,0.337940,0.045384,-14.560000,105.769997,9.030000,1770369825.439100
0.088572,0.324764,0.068076,-15.330000,116.410004,7.910000,1770369825.447195
0.028792,0.271816,0.106872,-17.080000,122.709999,-0.280000,1770369825.455128
0.001708,0.209840,0.160308,-16.240000,125.089996,-0.070000,1770369825.463090
-0.004880,0.134932,0.252296,-6.230000,121.940002,-6.720000,1770369825.471116
-0.007076,0.039528,0.384544,9.800000,116.900002,-3.780000,1770369825.479115
-0.037088,-0.025620,0.595116,21.770000,101.639999,-8.470000,1770369825.487130
-0.012444,-0.040260,0.890112,38.500000,83.860001,-9.520000,1770369825.495126
-0.002928,-0.024156,1.243668,42.770000,58.240002,-5.810000,1770369825.503097
0.024644,-0.017812,1.567212,43.610001,35.349998,-12.320000,1770369825.511136
0.103456,-0.027084,1.771196,42.279999,20.719999,-8.960000,1770369825.519125
0.215940,-0.120780,1.824876,44.520000,9.730000,-10.780000,1770369825.527132
0.345748,-0.213500,1.815604,46.759998,-3.920000,-3.570000,1770369825.535102
0.419924,-0.328668,1.819752,37.939999,-16.450001,-2.310000,1770369825.543134
0.419924,-0.470676,1.892220,30.660000,-12.110000,-3.220000,1770369825.551109
0.420412,-0.597068,1.999824,17.780001,13.510000,-1.190000,1770369825.559100
0.380884,-0.680516,2.019100,4.900000,47.459999,-7.840000,1770369825.567141
0.284016,-0.708576,1.950536,-1.470000,80.150002,-14.420000,1770369825.575121
0.159088,-0.637572,1.884412,-10.430000,101.639999,-21.070000,1770369825.583105
0.031476,-0.472872,1.824632,-20.580000,109.410004,-26.670000,1770369825.591143
-0.103700,-0.297192,1.727032,-33.110001,106.190002,-30.940001,1770369825.599112
-0.234240,-0.122000,1.513044,-45.430000,90.370003,-31.570000,1770369825.607137
-0.341356,0.006344,1.230492,-49.209999,63.840000,-35.000000,1770369825.615138
-0.413580,0.118340,0.973560,-52.430000,33.040001,-37.869999,1770369825.623084
-0.445300,0.215696,0.753472,-45.849998,1.890000,-41.090000,1770369825.631153
-0.439200,0.314272,0.581696,-37.660000,-24.570000,-44.730000,1770369825.639134
-0.408456,0.405528,0.459940,-32.759998,-45.009998,-42.419998,1770369825.647153
-0.362340,0.486536,0.342088,-24.219999,-63.490002,-45.220001,1770369825.655139
-0.306220,0.559004,0.250100,-19.459999,-75.250000,-41.230000,1770369825.663138
-0.247172,0.617808,0.193736,-13.790000,-83.160004,-41.090000,1770369825.671156
-0.170068,0.665632,0.154696,-8.960000,-90.720001,-31.219999,1770369825.679129
-0.111508,0.660752,0.113948,-8.120000,-95.269997,-24.500000,1770369825.687137
-0.055876,0.614880,0.063196,-5.530000,-98.559998,-17.639999,1770369825.695108
0.002196,0.532408,0.038064,-0.910000,-98.769997,-8.820000,1770369825.703094
0.056852,0.445788,0.096380,7.840000,-96.809998,-1.120000,1770369825.711152
0.097600,0.376980,0.239364,17.219999,-88.059998,7.980000,1770369825.719131
0.130052,0.344040,0.427244,24.290001,-78.470001,9.800000,1770369825.727094
0.172752,0.306220,0.692960,31.219999,-64.470001,15.330000,1770369825.735109
0.197884,0.262300,0.966240,35.419998,-42.560001,15.330000,1770369825.743148
0.217160,0.187148,1.169248,37.660000,-17.639999,15.680000,1770369825.751157
0.221308,0.090280,1.318088,37.939999,5.530000,7.210000,1770369825.759152
0.243024,-0.055632,1.511580,34.299999,30.309999,-5.390000,1770369825.767151
0.292556,-0.252296,1.726300,40.740002,46.480000,-17.500000,1770369825.775118
0.342332,-0.450912,2.011048,61.180000,54.110001,-23.309999,1770369825.783092
0.276940,-0.535824,2.141832,71.470001,44.169998,-28.420000,1770369825.791144
0.143716,-0.567300,2.145736,56.490002,20.370001,-24.150000,1770369825.799114
0.081740,-0.647576,2.079124,29.750000,-13.860000,-23.240000,1770369825.807140
0.135176,-0.759572,2.050576,16.100000,-56.630001,-18.969999,1770369825.815285
0.240340,-0.765184,2.063264,3.780000,-93.589996,-18.270000,1770369825.823112
0.368440,-0.643184,1.962492,-8.750000,-123.550003,-17.150000,1770369825.831138
0.490928,-0.475556,1.736060,-21.280001,-144.690002,-17.990000,1770369825.839102
0.583160,-0.309148,1.467904,-32.340000,-155.330002,-20.510000,1770369825.847115
0.653432,-0.168116,1.213900,-37.660000,-158.339996,-18.129999,1770369825.855142
0.719068,-0.008784,0.974048,-43.820000,-145.389999,-17.500000,1770369825.863096
0.757132,0.142252,0.757376,-41.650002,-119.559998,-9.310000,1770369825.871139
0.770308,0.242780,0.582672,-39.759998,-84.839996,2.100000,1770369825.879606
0.759572,0.299388,0.475068,-37.169998,-46.900002,7.770000,1770369825.887819
0.705648,0.315980,0.387472,-33.320000,-10.850000,14.980000,1770369825.895753
0.617076,0.313052,0.286456,-28.980000,23.170000,18.200001,1770369825.903717
0.502396,0.314272,0.177632,-25.059999,52.709999,19.389999,1770369825.911715
0.377224,0.318176,0.097600,-22.330000,76.930000,20.930000,1770369825.919778
0.274500,0.321836,0.061976,-18.340000,94.360001,21.559999,1770369825.927724
0.180316,0.319152,0.060512,-14.350000,108.010002,19.600000,1770369825.935718
0.099796,0.316468,0.077836,-15.680000,118.089996,17.150000,1770369825.943715
0.032940,0.288896,0.111752,-11.130000,124.180000,14.770000,1770369825.951830
-0.012688,0.231312,0.165188,-12.180000,127.750000,9.240000,1770369825.959709
-0.032940,0.161284,0.237900,-5.110000,124.529999,6.230000,1770369825.967716
-0.029524,0.099552,0.341844,8.330000,116.830002,2.870000,1770369825.975706
-0.028792,0.039772,0.518744,22.540001,103.040001,-1.400000,1770369825.983751
-0.013664,0.019032,0.800320,35.419998,88.690002,0.630000,1770369825.991769
0.001464,0.006100,1.153144,40.529999,68.110001,1.960000,1770369825.999749
0.023668,-0.006832,1.493036,43.959999,48.299999,-5.250000,1770369826.007720
0.080032,-0.040504,1.704828,42.770000,30.590000,-0.840000,1770369826.015819
0.172508,-0.111020,1.772416,43.540001,20.090000,-0.770000,1770369826.023813
0.299876,-0.195444,1.761192,40.740002,6.090000,8.120000,1770369826.031705
0.420412,-0.294508,1.776076,38.639999,-14.280000,15.330000,1770369826.039726
0.450424,-0.427244,1.847080,32.970001,-22.190001,18.200001,1770369826.047742
0.443348,-0.566080,1.979816,22.120001,-3.640000,16.590000,1770369826.055732
0.397232,-0.684420,2.058384,13.440000,31.639999,8.680000,1770369826.064110
0.287676,-0.759572,1.978596,1.330000,68.669998,-0.280000,1770369826.071926
0.163480,-0.696620,1.852448,-4.760000,97.089996,-11.060000,1770369826.079746
0.033184,-0.566812,1.764852,-13.230000,113.120003,-14.910000,1770369826.087737
-0.113704,-0.397720,1.649196,-22.330000,115.500000,-22.120001,1770369826.095733
-0.256200,-0.220088,1.472784,-33.180000,105.209999,-26.180000,1770369826.103734
-0.371368,-0.076372,1.244644,-41.369999,86.800003,-30.309999,1770369826.111836
-0.440176,0.057096,0.995276,-41.720001,57.119999,-37.730000,1770369826.119771
-0.482144,0.183976,0.799100,-39.410000,23.379999,-45.919998,1770369826.127707
-0.473604,0.324764,0.669536,-31.639999,-7.980000,-48.860001,1770369826.135711
-0.453840,0.428708,0.573644,-22.190001,-35.139999,-47.529999,1770369826.143711
-0.426756,0.513132,0.478972,-15.750000,-55.860001,-47.250000,1770369826.151716
-0.394060,0.558272,0.374052,-12.950000,-74.970001,-43.330002,1770369826.159870
-0.338184,0.615612,0.273524,-8.680000,-94.150002,-41.580002,1770369826.167709
-0.250344,0.669292,0.178852,-1.540000,-110.110001,-34.230000,1770369826.175698
-0.158112,0.691740,0.095160,2.450000,-122.430000,-24.360001,1770369826.183714
-0.085644,0.663436,0.005856,4.760000,-131.740005,-10.430000,1770369826.191699
-0.031476,0.615612,-0.038552,1.960000,-135.240005,-3.430000,1770369826.199729
0.023180,0.553148,0.009272,3.780000,-133.699997,3.850000,1770369826.207711
0.085888,0.491904,0.138836,6.230000,-124.739998,9.800000,1770369826.215820
0.157624,0.429928,0.335012,13.440000,-110.529999,11.480000,1770369826.223746
0.231556,0.384056,0.590724,23.170000,-93.589996,17.150000,1770369826.231780
0.282064,0.342576,0.876692,30.870001,-71.330002,20.510000,1770369826.239748
0.317688,0.287432,1.113860,38.919998,-45.220001,17.990000,1770369826.247761
0.350628,0.197152,1.308084,38.150002,-14.980000,19.459999,1770369826.255720
0.382592,0.090768,1.492304,34.160000,15.050000,14.980000,1770369826.263711
0.457256,-0.061732,1.718004,25.059999,38.430000,4.410000,1770369826.271714
0.545340,-0.296460,2.028372,36.330002,56.139999,-0.490000,1770369826.279715
0.520940,-0.463600,2.247728,57.820000,60.340000,-6.440000,1770369826.287712
0.356484,-0.498492,2.255536,51.520000,47.250000,-10.290000,1770369826.295751
0.224236,-0.505324,2.125484,35.279999,23.590000,-10.990000,1770369826.303719
0.186416,-0.585844,2.024468,16.030001,-11.690000,-5.250000,1770369826.311709
0.203008,-0.652944,2.032764,-1.750000,-56.209999,-7.350000,1770369826.319737
0.280844,-0.610976,1.937360,-16.240000,-95.059998,-10.080000,1770369826.327711
0.392108,-0.512888,1.717760,-31.290001,-128.660004,-9.170000,1770369826.335697
0.501176,-0.394548,1.438624,-42.630001,-153.020004,-7.350000,1770369826.343712
0.596580,-0.279624,1.175592,-48.930000,-164.289993,-11.200000,1770369826.351715
0.689056,-0.138836,0.930860,-48.299999,-161.910004,-6.230000,1770369826.359724
0.755180,0.028060,0.709308,-48.160000,-141.259995,-3.360000,1770369826.367849
0.806664,0.176656,0.543144,-45.150002,-109.339996,7.980000,1770369826.375728
0.823988,0.237656,0.440420,-39.830002,-71.050003,11.480000,1770369826.383726
0.797880,0.234484,0.362584,-40.250000,-29.049999,19.879999,1770369826.391725
0.728828,0.230824,0.254492,-35.000000,9.380000,20.930000,1770369826.399779
0.614148,0.234240,0.152988,-25.969999,44.939999,23.450001,1770369826.407730
0.496784,0.237900,0.087352,-20.790001,74.199997,22.400000,1770369826.415856
0.391620,0.238388,0.047824,-16.309999,96.529999,25.760000,1770369826.423715
0.295972,0.234484,0.039284,-13.930000,114.309998,25.969999,1770369826.431748
0.205692,0.215940,0.066368,-8.820000,125.300003,25.969999,1770369826.439734
0.139080,0.177144,0.125416,-4.340000,134.820007,23.309999,1770369826.447717
0.084424,0.119804,0.209352,0.000000,139.860001,20.860001,1770369826.455715
0.047092,0.071980,0.306708,6.860000,139.929993,17.570000,1770369826.463721
0.024644,0.037820,0.426024,15.750000,137.970001,13.090000,1770369826.471728
0.008296,0.004636,0.568032,28.770000,129.639999,10.150000,1770369826.479727
0.007808,-0.010004,0.780312,39.270000,117.180000,5.110000,1770369826.487716
0.023912,0.004392,1.092144,47.740002,101.779999,2.660000,1770369826.495734
0.041480,-0.008784,1.388604,52.080002,81.620003,-0.420000,1770369826.503866
0.096868,-0.035136,1.592100,54.320000,60.549999,0.140000,1770369826.511714
0.168604,-0.095892,1.685308,53.270000,44.240002,0.070000,1770369826.519732
0.275476,-0.160308,1.735084,46.270000,28.280001,7.210000,1770369826.527721
0.416264,-0.224480,1.799012,40.950001,9.730000,11.830000,1770369826.535749
0.460184,-0.331596,1.853912,32.830002,2.100000,14.980000,1770369826.543745
0.444080,-0.436760,1.923696,18.410000,17.709999,14.350000,1770369826.551726
0.385764,-0.545096,2.004216,7.210000,50.330002,13.860000,1770369826.559744
0.284748,-0.626592,1.991528,-2.450000,87.010002,4.620000,1770369826.567726
0.138348,-0.625860,1.900516,-10.920000,117.809998,-6.860000,1770369826.575728
-0.005124,-0.542900,1.831708,-18.129999,135.169998,-14.490000,1770369826.583719
-0.149572,-0.393572,1.734352,-29.959999,138.039993,-19.879999,1770369826.591717
-0.296460,-0.228384,1.565260,-40.110001,123.410004,-23.240000,1770369826.599756
-0.418704,-0.085644,1.329556,-45.849998,96.250000,-27.020000,1770369826.607777
-0.492880,0.048556,1.068476,-46.060001,60.200001,-31.290001,1770369826.615700
-0.519964,0.167140,0.865224,-40.950001,20.510000,-36.049999,1770369826.623719
-0.497516,0.266692,0.724436,-35.770000,-17.219999,-38.990002,1770369826.631716
-0.453840,0.355020,0.583892,-28.350000,-49.700001,-40.040001,1770369826.639801
-0.390888,0.422608,0.450180,-21.420000,-70.000000,-41.930000,1770369826.647728
-0.347456,0.438956,0.341112,-18.129999,-87.360001,-40.740002,1770369826.655731
-0.285968,0.495076,0.265472,-15.750000,-100.029999,-42.139999,1770369826.663849
-0.198616,0.544120,0.208620,-12.460000,-104.089996,-33.810001,1770369826.671710
-0.122976,0.562176,0.142984,-7.560000,-107.660004,-24.570000,1770369826.679729
-0.056364,0.552660,0.052460,-7.560000,-106.540001,-16.240000,1770369826.687717
-0.005368,0.526308,-0.030988,-6.440000,-108.779999,-6.160000,1770369826.695726
0.038552,0.483608,-0.025376,-3.640000,-106.400002,-2.660000,1770369826.703798
0.084180,0.422364,0.078812,0.560000,-101.430000,5.670000,1770369826.711717
0.130540,0.365268,0.256688,8.330000,-91.279999,10.500000,1770369826.719734
0.169824,0.328668,0.478240,21.840000,-73.500000,14.070000,1770369826.727733
0.202764,0.301096,0.768844,29.540001,-54.880001,14.840000,1770369826.735716
0.214964,0.267668,1.037732,36.610001,-29.680000,17.709999,1770369826.743700
0.210816,0.214720,1.219024,38.919998,-1.470000,14.980000,1770369826.751720
0.190320,0.115168,1.354932,36.049999,27.510000,11.620000,1770369826.759731
0.199836,-0.033184,1.534272,31.780001,49.770000,5.530000,1770369826.767808
0.242536,-0.240096,1.794132,38.639999,66.080002,0.980000,1770369826.775716
0.276452,-0.453596,2.125240,60.480000,66.150002,-7.070000,1770369826.783732
0.188856,-0.523380,2.271640,67.900002,52.009998,-9.030000,1770369826.791744
0.040992,-0.518988,2.199904,50.400002,27.790001,-7.770000,1770369826.799747
-0.018056,-0.571936,2.042768,27.440001,-8.890000,-6.300000,1770369826.807766
0.000488,-0.679052,1.998360,8.960000,-49.349998,-2.800000,1770369826.815716
0.090768,-0.699060,1.984208,-4.340000,-85.820000,-1.120000,1770369826.823729
0.210328,-0.592188,1.878068,-17.990000,-115.500000,-5.040000,1770369826.831737
0.334280,-0.433832,1.688236,-30.100000,-137.479996,-5.250000,1770369826.839733
0.441152,-0.282308,1.437648,-39.549999,-150.149994,-6.930000,1770369826.847709
0.535336,-0.160552,1.169492,-46.270000,-156.800003,-9.590000,1770369826.855719
0.634400,-0.025376,0.919636,-49.070000,-153.789993,-8.820000,1770369826.863717
0.699304,0.107116,0.746640,-47.180000,-134.960007,-2.660000,1770369826.871739
0.744932,0.204716,0.597312,-46.060001,-105.980003,8.890000,1770369826.879792
0.753960,0.245708,0.483852,-41.369999,-70.839996,13.720000,1770369826.887728
0.723460,0.243756,0.367952,-37.939999,-33.529999,19.040001,1770369826.895726
0.644648,0.233752,0.246196,-30.870001,2.240000,22.820000,1770369826.903724
0.547536,0.227896,0.146400,-24.430000,33.740002,22.820000,1770369826.911724
0.429196,0.220576,0.088816,-16.799999,60.410000,22.610001,1770369826.920032
0.324764,0.224236,0.061244,-15.190000,81.830002,25.340000,1770369826.927731
0.225212,0.234728,0.049532,-9.240000,100.239998,21.700001,1770369826.935713
0.136396,0.239608,0.052216,-9.310000,113.959999,21.139999,1770369826.943709
0.057828,0.236924,0.082228,-7.350000,124.879997,19.040001,1770369826.951714
0.005124,0.199836,0.138592,-4.550000,134.259995,15.330000,1770369826.959839
-0.022204,0.129320,0.235704,0.980000,136.779999,12.320000,1770369826.967741
-0.036844,0.059536,0.346480,9.240000,133.490005,10.850000,1770369826.975709
-0.065880,-0.007076,0.512156,25.200001,121.169998,5.880000,1770369826.983721
-0.078080,-0.018056,0.773236,34.860001,104.930000,3.430000,1770369826.991795
-0.083448,0.011712,1.113860,39.619999,78.750000,5.460000,1770369826.999715
-0.095404,0.031232,1.446920,41.930000,53.900002,-2.520000,1770369827.007723
-0.053924,-0.012688,1.659932,43.540001,31.709999,-5.950000,1770369827.015714
0.040260,-0.116144,1.770952,48.720001,13.090000,-10.220000,1770369827.023896
0.141276,-0.190076,1.852936,49.840000,0.910000,-5.670000,1770369827.031698
0.283284,-0.257908,1.891976,48.650002,-18.410000,-1.680000,1770369827.039721
0.333548,-0.384544,1.842200,42.770000,-33.810001,2.590000,1770369827.047718
0.346724,-0.481900,1.912472,30.730000,-30.170000,-3.150000,1770369827.055718
0.389424,-0.512644,2.017880,18.760000,-8.190000,-2.870000,1770369827.064342
0.382592,-0.551928,2.012268,6.860000,22.610001,-8.750000,1770369827.071927
0.300120,-0.573156,1.908080,-5.460000,50.119999,-12.880000,1770369827.079879
0.186416,-0.522160,1.798036,-17.850000,70.839996,-16.170000,1770369827.087722
0.073444,-0.381860,1.697264,-29.540001,78.610001,-17.639999,1770369827.095739
-0.037088,-0.225944,1.555256,-36.959999,72.730003,-21.629999,1770369827.103761
-0.144448,-0.088816,1.371524,-42.070000,57.959999,-21.980000,1770369827.111724
-0.226188,0.040016,1.145336,-42.070000,34.580002,-26.809999,1770369827.120188
-0.269864,0.173484,0.942328,-37.380001,14.420000,-27.719999,1770369827.127742
-0.282308,0.286456,0.796660,-33.950001,-7.140000,-30.170000,1770369827.135714
-0.270596,0.353312,0.679052,-29.049999,-24.080000,-34.230000,1770369827.143714
-0.258396,0.408456,0.537288,-25.340000,-36.189999,-32.340000,1770369827.151712
-0.248392,0.452132,0.391864,-22.680000,-42.000000,-35.490002,1770369827.159760
-0.206180,0.473360,0.274988,-17.500000,-46.480000,-32.900002,1770369827.167718
-0.169092,0.480924,0.197396,-16.450001,-49.700001,-35.000000,1770369827.175706
-0.137616,0.474092,0.124684,-17.080000,-54.320000,-28.840000,1770369827.183711
-0.098820,0.466772,0.037576,-15.260000,-57.330002,-22.120001,1770369827.191713
-0.059536,0.456524,-0.034892,-8.400000,-65.309998,-13.440000,1770369827.199832
-0.017812,0.437492,-0.015616,0.070000,-71.470001,-4.130000,1770369827.207753
0.032208,0.407724,0.101260,6.510000,-75.250000,1.750000,1770369827.215710
0.068564,0.374296,0.269620,13.300000,-75.389999,6.230000,1770369827.223726
0.101504,0.345260,0.493856,16.520000,-67.339996,12.740000,1770369827.231705
0.131516,0.327204,0.748592,25.620001,-56.980000,18.200001,1770369827.239742
0.153720,0.309636,0.971364,31.290001,-41.790001,16.450001,1770369827.247820
0.145668,0.265228,1.153144,36.400002,-21.770000,17.570000,1770369827.255702
0.139324,0.195932,1.300276,34.930000,-0.910000,13.440000,1770369827.263710
0.160552,0.077836,1.442284,25.059999,20.719999,9.100000,1770369827.271713
0.218136,-0.122000,1.619428,21.840000,35.630001,4.550000,1770369827.279717
0.303536,-0.382836,1.923208,40.040001,42.560001,2.940000,1770369827.287706
0.295972,-0.563396,2.197952,64.260002,40.180000,-0.910000,1770369827.295726
0.180804,-0.573644,2.297748,62.930000,29.049999,-5.950000,1770369827.303763
0.100284,-0.536068,2.190876,39.689999,10.850000,-0.630000,1770369827.311719
0.066124,-0.570472,2.063752,19.459999,-18.760000,2.310000,1770369827.319726
0.106628,-0.609024,2.026908,2.870000,-51.660000,-0.980000,1770369827.327758
0.198128,-0.520696,1.961516,-8.960000,-82.389999,-2.800000,1770369827.335715
0.288896,-0.403820,1.804868,-23.870001,-106.680000,-5.950000,1770369827.343707
0.390400,-0.265472,1.541836,-35.630001,-124.180000,-5.670000,1770369827.351699
0.480680,-0.163480,1.286612,-42.840000,-135.520004,-7.070000,1770369827.359717
0.564128,-0.056608,1.075308,-46.060001,-136.500000,-5.250000,1770369827.367733
0.624884,0.077836,0.852536,-43.959999,-124.180000,-0.420000,1770369827.375718
0.675636,0.186172,0.680760,-41.299999,-105.000000,7.910000,1770369827.383874
0.694424,0.233264,0.540216,-37.730000,-75.180000,15.540000,1770369827.391778
0.671976,0.232532,0.430904,-38.500000,-44.660000,20.440001,1770369827.399715
0.623664,0.224724,0.327692,-32.619999,-13.230000,24.430000,1770369827.407775
0.543144,0.217404,0.230580,-28.209999,18.480000,25.129999,1770369827.415744
0.455792,0.219600,0.139568,-22.330000,44.240002,23.660000,1770369827.423800
0.361364,0.219112,0.079056,-17.850000,66.709999,24.290001,1770369827.431726
0.268888,0.216916,0.049044,-13.580000,85.470001,25.760000,1770369827.439719
0.187880,0.212280,0.046848,-13.090000,100.239998,22.750000,1770369827.447719
0.111752,0.202520,0.074176,-8.750000,108.919998,22.190001,1770369827.455746
0.056364,0.193492,0.118828,-4.900000,116.059998,20.230000,1770369827.463700
0.012688,0.147376,0.200568,-1.890000,119.070000,14.770000,1770369827.471736
-0.008296,0.099796,0.310856,4.900000,118.160004,13.650000,1770369827.479843
-0.017080,0.065392,0.428464,17.430000,111.019997,11.830000,1770369827.487716
-0.029280,0.036356,0.646600,29.049999,100.099998,6.720000,1770369827.495712
-0.016836,0.044652,0.943304,37.029999,85.610001,4.760000,1770369827.503717
-0.012200,0.054900,1.295640,41.509998,66.080002,4.550000,1770369827.511764
0.007808,0.033184,1.595760,39.270000,47.810001,0.700000,1770369827.519759
0.077836,-0.042456,1.758508,43.049999,32.830002,-0.140000,1770369827.527717
0.190564,-0.132980,1.786568,44.099998,18.690001,2.310000,1770369827.535750
0.320372,-0.216672,1.786080,41.090000,-0.980000,6.440000,1770369827.543741
0.428952,-0.244488,1.778028,34.650002,-20.580000,14.770000,1770369827.551722
0.448716,-0.305732,1.817556,23.379999,-22.049999,15.400000,1770369827.559719
0.468968,-0.379908,1.945656,9.520000,-2.450000,11.340000,1770369827.567715
0.433344,-0.468968,1.996408,-3.430000,36.680000,7.420000,1770369827.575708
0.327204,-0.533140,1.902712,-14.000000,78.050003,5.670000,1770369827.583741
0.185684,-0.518012,1.794620,-24.430000,107.099998,-3.570000,1770369827.591723
0.046360,-0.414556,1.708488,-32.759998,120.750000,-4.620000,1770369827.599751
-0.108580,-0.271816,1.584536,-40.389999,118.790001,-9.100000,1770369827.607747
-0.254736,-0.124196,1.386408,-46.970001,102.900002,-12.460000,1770369827.615736
-0.359656,0.002196,1.138992,-49.419998,76.790001,-22.680000,1770369827.623719
-0.419192,0.116144,0.914756,-46.549999,47.669998,-23.660000,1770369827.631720
-0.433100,0.191296,0.746884,-40.880001,15.540000,-29.120001,1770369827.639721
-0.420900,0.248880,0.591456,-34.090000,-11.060000,-29.190001,1770369827.647790
-0.379176,0.301340,0.454572,-27.580000,-32.830002,-28.980000,1770369827.655749
-0.320616,0.370392,0.326228,-21.000000,-50.049999,-28.629999,1770369827.663707
-0.259372,0.418216,0.249612,-13.440000,-61.669998,-22.120001,1770369827.671714
-0.206180,0.449692,0.185928,-9.800000,-69.300003,-22.190001,1770369827.679746
-0.156404,0.458476,0.131516,-8.470000,-74.760002,-15.400000,1770369827.687719
-0.106140,0.447984,0.063196,-7.140000,-79.239998,-10.850000,1770369827.695717
-0.050996,0.402356,-0.001464,-0.560000,-86.239998,-6.930000,1770369827.703716
-0.003172,0.339892,0.035868,5.880000,-90.160004,-1.400000,1770369827.711725
0.042456,0.284260,0.205204,15.400000,-89.180000,5.810000,1770369827.719746
0.071980,0.266692,0.418948,29.750000,-80.919998,11.690000,1770369827.727728
0.090768,0.271572,0.691252,39.200001,-68.739998,10.850000,1770369827.735754
0.111996,0.287676,0.948916,43.540001,-50.259998,14.280000,1770369827.743729
0.098820,0.265716,1.143384,47.950001,-28.139999,14.910000,1770369827.751718
0.076372,0.188368,1.257576,48.930000,-2.310000,10.010000,1770369827.759702
0.060268,0.071736,1.387872,47.250000,19.809999,4.900000,1770369827.767708
0.099064,-0.085644,1.592832,51.520000,36.820000,-5.390000,1770369827.775726
0.172264,-0.266204,1.904908,68.949997,42.349998,-10.990000,1770369827.783728
0.174704,-0.335744,2.184044,80.709999,33.810001,-13.860000,1770369827.791727
0.058804,-0.323056,2.236260,66.709999,10.220000,-11.200000,1770369827.799753
-0.012932,-0.380884,2.118652,36.610001,-20.860001,-12.460000,1770369827.807741
0.015860,-0.487024,2.016904,16.240000,-58.660000,-4.550000,1770369827.815804
0.117852,-0.557784,2.016172,-0.560000,-99.050003,-4.900000,1770369827.823739
0.259128,-0.517036,1.949072,-17.219999,-132.789993,-2.870000,1770369827.831752
0.401380,-0.402356,1.744600,-28.559999,-155.259995,-3.850000,1770369827.839711
0.513864,-0.280844,1.475224,-40.180000,-170.520004,-3.780000,1770369827.847746
0.621712,-0.165676,1.194624,-45.990002,-175.839996,-3.220000,1770369827.855727
0.711748,-0.024400,0.931104,-50.680000,-168.979996,0.280000,1770369827.863701
0.788852,0.120536,0.725412,-49.070000,-144.130005,8.470000,1770369827.871704
0.838872,0.224236,0.560712,-44.520000,-106.889999,19.250000,1770369827.879726
0.845704,0.256444,0.452864,-39.759998,-66.709999,24.080000,1770369827.887737
0.796172,0.251808,0.352336,-34.299999,-25.410000,28.209999,1770369827.895758
0.704184,0.241560,0.239852,-27.860001,15.260000,29.049999,1770369827.903749
0.582672,0.242292,0.151036,-21.910000,51.099998,27.790001,1770369827.911728
0.456036,0.254248,0.083936,-15.890000,82.180000,28.559999,1770369827.919717
0.332084,0.253028,0.057584,-12.320000,105.980003,23.870001,1770369827.927810
0.221552,0.248880,0.063196,-10.640000,124.250000,25.410000,1770369827.935842
0.128832,0.220088,0.091500,-11.130000,136.919998,23.660000,1770369827.943716
0.051484,0.183976,0.132980,-8.330000,145.460007,19.110001,1770369827.951719
-0.003660,0.122000,0.201788,-2.100000,149.380005,15.890000,1770369827.959721
-0.036600,0.060756,0.309636,6.230000,144.550003,11.480000,1770369827.967759
-0.079788,0.012444,0.455060,20.299999,137.830002,9.030000,1770369827.975714
-0.102968,-0.011224,0.677832,34.930000,124.599998,2.380000,1770369827.983722
-0.122000,-0.015860,0.979416,45.080002,105.349998,0.700000,1770369827.991725
-0.132980,-0.005124,1.322968,49.070000,80.849998,-2.100000,1770369827.999752
-0.127856,0.000000,1.601860,51.240002,59.779999,-8.050000,1770369828.007820
-0.087108,-0.039528,1.731424,52.290001,37.799999,-9.030000,1770369828.015752
0.007076,-0.098820,1.761436,49.070000,14.980000,-8.610000,1770369828.023867
0.144692,-0.198616,1.811212,39.480000,-9.310000,2.660000,1770369828.031749
0.292556,-0.303780,1.848544,33.180000,-36.189999,11.130000,1770369828.039811
0.331108,-0.425292,1.931748,23.730000,-42.000000,14.910000,1770369828.047727
0.377956,-0.540216,2.047404,11.900000,-26.389999,14.630000,1770369828.055717
0.390644,-0.624884,2.088396,1.890000,5.950000,7.910000,1770369828.063863
0.326228,-0.649284,2.004704,-11.200000,41.580002,1.820000,1770369828.071827
0.222284,-0.596336,1.855132,-19.879999,70.489998,-6.160000,1770369828.079758
0.111020,-0.459696,1.742648,-30.520000,86.029999,-11.550000,1770369828.087769
-0.011712,-0.287432,1.625040,-39.200001,86.379997,-16.799999,1770369828.095727
-0.131760,-0.121268,1.452776,-47.740002,76.790001,-18.410000,1770369828.103717
-0.220576,0.022448,1.237080,-51.380001,58.730000,-21.070000,1770369828.111812
-0.277428,0.147132,1.035780,-50.820000,36.259998,-27.160000,1770369828.119745
-0.303292,0.245708,0.845460,-47.180000,11.620000,-31.080000,1770369828.127721
-0.299632,0.316956,0.665144,-41.930000,-8.400000,-31.920000,1770369828.135716
-0.280844,0.367220,0.502640,-36.889999,-24.360001,-36.540001,1770369828.143738
-0.253760,0.427244,0.350628,-31.290001,-35.700001,-33.250000,1770369828.151715
-0.225456,0.441640,0.236192,-24.010000,-42.560001,-32.759998,1770369828.159773
-0.195200,0.463844,0.173972,-18.549999,-45.919998,-27.860001,1770369828.167712
-0.161040,0.469700,0.135420,-13.790000,-48.930000,-26.600000,1770369828.175707
-0.125172,0.459696,0.080276,-12.740000,-51.029999,-21.350000,1770369828.183712
-0.098332,0.437492,-0.010004,-9.170000,-57.119999,-17.709999,1770369828.191713
-0.070028,0.389180,-0.074908,-2.310000,-65.660004,-10.990000,1770369828.199782
-0.032696,0.343064,-0.004880,6.090000,-71.330002,-5.320000,1770369828.207720
-0.001708,0.299632,0.158844,17.430000,-73.080002,-2.100000,1770369828.215713
0.012932,0.268156,0.375516,29.680000,-69.650002,6.230000,1770369828.223729
0.037088,0.261568,0.653676,41.930000,-62.580002,7.910000,1770369828.231717
0.058072,0.268888,0.945012,46.549999,-46.619999,9.660000,1770369828.239832
0.054168,0.265228,1.185108,49.770000,-30.240000,7.700000,1770369828.247739
0.047336,0.181292,1.354932,46.270000,-12.390000,4.620000,1770369828.255707
0.045872,0.065880,1.475712,41.650002,8.890000,0.560000,1770369828.263706
0.103700,-0.081008,1.662372,44.450001,24.850000,-3.360000,1770369828.271698
0.196908,-0.256444,1.989088,59.150002,30.520000,-9.730000,1770369828.279726
0.211792,-0.371612,2.303116,70.699997,24.430000,-10.220000,1770369828.287722
0.099552,-0.406260,2.329468,55.930000,5.530000,-11.900000,1770369828.295787
0.050752,-0.467748,2.146956,28.770000,-22.190001,-8.400000,1770369828.303715
0.085400,-0.576084,2.062532,6.300000,-57.889999,-3.570000,1770369828.311707
0.184220,-0.663192,2.089128,-10.990000,-95.480003,1.050000,1770369828.319714
0.327692,-0.613416,2.017148,-24.290001,-122.989998,0.560000,1770369828.327729
0.453596,-0.502884,1.808772,-34.230000,-142.029999,-2.800000,1770369828.335721
0.552416,-0.381616,1.507920,-41.299999,-154.490005,-0.070000,1770369828.343745
0.640500,-0.269864,1.205116,-45.290001,-158.410004,-4.270000,1770369828.351712
0.711260,-0.138836,0.940864,-47.669998,-152.809998,2.520000,1770369828.359725
0.756888,0.012688,0.728340,-45.779999,-127.680000,5.110000,1770369828.367785
0.776896,0.142984,0.514352,-41.439999,-93.169998,17.010000,1770369828.375704
0.765672,0.202764,0.368684,-37.520000,-53.900002,20.930000,1770369828.383719
0.706868,0.199836,0.274744,-31.430000,-13.300000,26.879999,1770369828.391744
0.617808,0.189100,0.179340,-26.320000,21.490000,29.400000,1770369828.399842
0.508496,0.191540,0.101260,-18.549999,51.099998,28.139999,1770369828.407717
0.384056,0.203252,0.050996,-10.640000,76.089996,27.650000,1770369828.415717
0.269132,0.212768,0.022936,-4.340000,93.940002,26.670000,1770369828.423968
0.170800,0.223748,0.008052,-4.690000,108.080002,24.219999,1770369828.431749
0.082472,0.231800,0.021472,-2.450000,116.970001,24.010000,1770369828.439737
0.004880,0.241072,0.054412,-1.890000,122.360001,18.270000,1770369828.447720
-0.046116,0.224724,0.113948,-2.030000,126.209999,17.150000,1770369828.455717
-0.071736,0.173972,0.227408,4.970000,126.419998,13.300000,1770369828.463719
-0.079544,0.098088,0.377468,12.670000,121.449997,11.060000,1770369828.471848
-0.098576,0.039040,0.562420,21.980000,111.580002,9.030000,1770369828.479719
-0.113460,0.002684,0.821060,36.610001,95.129997,8.820000,1770369828.487716
-0.113460,0.014396,1.200480,41.230000,72.379997,3.780000,1770369828.495738
-0.135664,0.037332,1.520120,43.959999,49.000000,0.140000,1770369828.503818
-0.101016,0.008296,1.723128,39.340000,28.840000,-5.810000,1770369828.511721
0.006344,-0.090768,1.793644,43.330002,12.180000,-12.880000,1770369828.519725
0.142496,-0.165676,1.873676,47.180000,-4.200000,-7.980000,1770369828.527740
0.315736,-0.245952,1.925160,48.369999,-29.610001,-1.960000,1770369828.535744
0.345260,-0.365512,1.929552,48.160000,-48.020000,-0.350000,1770369828.543784
0.390644,-0.454572,2.059116,34.369999,-36.820000,-4.550000,1770369828.551714
0.449936,-0.505568,2.175992,17.639999,-12.180000,-1.890000,1770369828.559713
0.435540,-0.546316,2.117432,-2.660000,21.980000,-4.830000,1770369828.567718
0.333792,-0.561200,1.952976,-18.690001,52.430000,-7.280000,1770369828.575741
0.207644,-0.506300,1.812432,-28.840000,72.870003,-8.750000,1770369828.583825
0.103700,-0.385032,1.686040,-40.669998,79.099998,-13.020000,1770369828.591715
-0.010980,-0.263520,1.516216,-47.180000,72.940002,-11.200000,1770369828.599716
-0.128344,-0.151280,1.294908,-47.740002,58.310001,-12.460000,1770369828.607714
-0.224724,-0.048068,1.030656,-46.410000,39.480000,-15.330000,1770369828.615712
-0.279868,0.059780,0.794952,-42.630001,17.709999,-20.090000,1770369828.623737
-0.315248,0.188612,0.614392,-35.419998,-2.800000,-25.270000,1770369828.631847
-0.304268,0.291336,0.468480,-26.879999,-19.389999,-27.580000,1770369828.639709
-0.297192,0.384788,0.340380,-18.059999,-31.709999,-34.020000,1770369828.647718
-0.267180,0.464332,0.234728,-8.330000,-37.380001,-30.450001,1770369828.655723
-0.220332,0.507276,0.187148,3.430000,-46.759998,-30.379999,1770369828.663716
-0.181780,0.551440,0.158600,6.230000,-50.889999,-25.830000,1770369828.671751
-0.139080,0.585356,0.100284,7.840000,-58.450001,-20.650000,1770369828.679880
-0.100528,0.578280,0.010492,5.530000,-65.730003,-12.390000,1770369828.687717
-0.065392,0.543144,-0.053192,4.060000,-75.599998,-7.280000,1770369828.695718
-0.023424,0.502396,-0.004148,1.540000,-82.040001,-1.260000,1770369828.703717
0.012200,0.453108,0.124928,7.070000,-84.699997,5.110000,1770369828.711716
0.049776,0.420656,0.282308,8.540000,-81.269997,10.290000,1770369828.719794
0.091012,0.375760,0.504348,17.219999,-70.279999,14.770000,1770369828.727737
0.129808,0.331840,0.754204,23.100000,-58.799999,16.799999,1770369828.735749
0.148596,0.277428,0.964044,27.860001,-40.389999,21.490000,1770369828.743795
0.141276,0.209108,1.128500,29.750000,-18.969999,19.389999,1770369828.751741
0.141764,0.076616,1.264896,29.400000,3.990000,18.480000,1770369828.759722
0.170556,-0.103212,1.425204,23.870001,26.740000,15.680000,1770369828.767716
0.271084,-0.313052,1.678476,28.209999,40.599998,10.360000,1770369828.775720
0.390644,-0.587064,2.065704,57.400002,46.830002,8.610000,1770369828.783718
0.329644,-0.738344,2.292380,85.190002,45.080002,0.280000,1770369828.791732
0.194468,-0.684664,2.297992,80.500000,32.970001,-0.630000,1770369828.799718
0.095160,-0.644648,2.143784,58.310001,8.540000,1.400000,1770369828.807717
0.071736,-0.636840,2.021052,35.630001,-21.840000,3.780000,1770369828.815743
0.112728,-0.590480,2.025688,19.180000,-55.860001,4.550000,1770369828.823740
0.193736,-0.463356,1.937604,1.330000,-88.690002,1.960000,1770369828.831740
0.285480,-0.260592,1.720200,-16.870001,-113.330002,0.490000,1770369828.839718
0.367708,-0.081252,1.458144,-27.650000,-132.160004,-4.830000,1770369828.847716
0.460672,0.047824,1.216096,-36.330002,-145.179993,-7.420000,1770369828.855720
0.563152,0.166896,1.003328,-38.290001,-147.490005,-11.970000,1770369828.863811
0.654408,0.270840,0.826672,-39.270000,-136.500000,2.590000,1770369828.871707
0.714920,0.313052,0.699792,-41.720001,-115.430000,9.590000,1770369828.879764
0.743468,0.314760,0.579988,-43.959999,-88.129997,16.520000,1770369828.887715
0.725656,0.306220,0.449692,-42.840000,-56.910000,21.490000,1770369828.895773
0.665144,0.286700,0.311100,-36.750000,-23.940001,20.370001,1770369828.903721
0.585112,0.269132,0.184220,-30.520000,7.000000,26.320000,1770369828.911753
0.498248,0.260592,0.098820,-24.780001,35.840000,22.889999,1770369828.919807
0.398208,0.267424,0.058804,-18.480000,62.790001,24.219999,1770369828.927772
0.307684,0.283528,0.054168,-13.090000,86.379997,23.520000,1770369828.935718
0.229604,0.282552,0.083692,-9.800000,105.559998,24.430000,1770369828.943710
0.162992,0.262300,0.137860,-7.560000,121.099998,19.740000,1770369828.951720
0.117120,0.202520,0.222528,-4.900000,131.250000,17.920000,1770369828.959769
0.079544,0.133712,0.317444,2.100000,136.779999,13.300000,1770369828.967720
0.057584,0.085400,0.442860,15.330000,137.479996,10.010000,1770369828.975718
0.028548,0.053924,0.679052,27.860001,130.830002,5.460000,1770369828.983690
0.008784,0.069052,1.013820,34.860001,119.769997,2.170000,1770369828.991833
-0.020252,0.104920,1.329556,35.209999,103.879997,-1.400000,1770369828.999722
-0.048800,0.107360,1.551596,35.490002,86.730003,-4.970000,1770369829.007713
-0.020740,0.026108,1.700192,35.840000,70.980003,-7.280000,1770369829.015715
0.089304,-0.111508,1.764364,38.150002,47.459999,-0.070000,1770369829.023757
0.215452,-0.232044,1.858304,39.830002,17.500000,9.590000,1770369829.031755
0.305976,-0.345748,1.934188,35.070000,-8.120000,17.360001,1770369829.039714
0.328180,-0.479948,1.987380,28.209999,-12.670000,17.219999,1770369829.047711
0.340868,-0.612440,2.051064,14.490000,4.690000,8.610000,1770369829.055732
0.344284,-0.694912,2.050088,4.200000,33.040001,5.320000,1770369829.064152
0.281576,-0.727364,1.970300,-8.190000,61.180000,4.620000,1770369829.071949
0.171288,-0.696132,1.853180,-17.709999,83.300003,-0.980000,1770369829.079744
0.066368,-0.566812,1.745332,-30.870001,94.150002,-8.190000,1770369829.087710
-0.043676,-0.405040,1.635288,-40.459999,93.379997,-9.520000,1770369829.095752
-0.150792,-0.237900,1.484252,-51.520000,81.129997,-10.990000,1770369829.103824
-0.253272,-0.099064,1.280268,-55.160000,63.490002,-13.300000,1770369829.111737
-0.327204,0.020496,1.056276,-53.270000,41.790001,-18.549999,1770369829.119719
-0.370392,0.146156,0.840336,-50.959999,17.639999,-23.100000,1770369829.127935
-0.362096,0.278892,0.658556,-42.419998,-3.850000,-27.930000,1770369829.135720
-0.348676,0.379664,0.488732,-32.410000,-21.209999,-28.000000,1770369829.143759
-0.351116,0.427000,0.337940,-27.299999,-33.459999,-29.400000,1770369829.151699
-0.295240,0.481168,0.198616,-21.350000,-42.490002,-27.299999,1770369829.159720
-0.266448,0.491660,0.122732,-18.410000,-50.889999,-31.150000,1770369829.167707
-0.223260,0.518500,0.100772,-14.420000,-54.950001,-25.830000,1770369829.175837
-0.164944,0.516792,0.089304,-11.340000,-57.119999,-20.510000,1770369829.183718
-0.122488,0.495808,0.023180,-5.530000,-62.299999,-12.320000,1770369829.191715
-0.074664,0.475556,-0.058316,-1.470000,-72.099998,-7.490000,1770369829.199711
-0.027572,0.444080,-0.054656,7.980000,-79.379997,-5.390000,1770369829.207708
0.014396,0.387472,0.074908,15.540000,-81.550003,6.090000,1770369829.215745
0.049532,0.344040,0.259616,21.980000,-78.050003,9.450000,1770369829.223716
0.063196,0.310124,0.474092,30.590000,-71.050003,16.730000,1770369829.231731
0.080764,0.281820,0.717116,33.180000,-55.369999,17.219999,1770369829.239713
0.096624,0.249368,0.964532,35.000000,-37.450001,22.750000,1770369829.247702
0.086132,0.192760,1.141676,33.389999,-15.120000,19.740000,1770369829.255719
0.073444,0.085400,1.270264,34.299999,7.000000,17.150000,1770369829.263785
0.075884,-0.056852,1.378356,28.280001,26.809999,8.470000,1770369829.271707
0.100772,-0.283528,1.564528,33.950001,42.560001,-0.910000,1770369829.279700
0.201056,-0.503372,1.885388,56.840000,46.549999,-4.480000,1770369829.287692
0.199592,-0.638548,2.179652,83.019997,39.759998,-2.800000,1770369829.295695
0.060024,-0.623176,2.254072,76.089996,23.730000,-5.250000,1770369829.303762
-0.010980,-0.598532,2.137928,51.939999,-1.470000,0.490000,1770369829.311701
0.005124,-0.642696,2.071804,27.860001,-36.820000,2.730000,1770369829.319721
0.103456,-0.639768,2.118164,12.530000,-72.309998,4.760000,1770369829.327734
0.219112,-0.508496,2.086688,-5.110000,-101.010002,1.960000,1770369829.335712
0.332816,-0.314516,1.902712,-21.139999,-122.290001,3.640000,1770369829.343706
0.420168,-0.128832,1.599664,-34.650002,-138.389999,-1.190000,1770369829.351713
0.495808,0.010736,1.306376,-42.279999,-147.910004,-1.890000,1770369829.359794
0.573644,0.136884,1.045784,-45.639999,-148.190002,-2.800000,1770369829.367708
0.652700,0.271572,0.821060,-47.180000,-135.449997,8.470000,1770369829.375698
0.692960,0.343064,0.650016,-47.880001,-112.209999,13.510000,1770369829.383701
0.707844,0.351848,0.502884,-47.389999,-81.410004,18.690001,1770369829.391703
0.679052,0.331108,0.366732,-45.500000,-47.459999,25.129999,1770369829.399732
0.615612,0.309636,0.246440,-41.090000,-16.100000,25.200001,1770369829.407715
0.524600,0.293044,0.147864,-34.090000,14.770000,27.580000,1770369829.415715
0.428708,0.287676,0.073688,-27.860001,42.139999,22.540001,1770369829.423786
0.332084,0.289384,0.032696,-25.900000,65.730003,24.570000,1770369829.431734
0.239364,0.288652,0.023912,-21.350000,82.250000,24.990000,1770369829.439716
0.163236,0.282308,0.047824,-18.690001,97.230003,21.139999,1770369829.447733
0.103456,0.261568,0.099064,-14.070000,109.199997,19.250000,1770369829.455856
0.054656,0.209108,0.168360,-9.100000,116.550003,16.660000,1770369829.463755
0.030012,0.127368,0.269376,-1.190000,120.260002,11.970000,1770369829.471714
0.017324,0.059536,0.403576,11.200000,119.000000,12.530000,1770369829.479702
-0.000976,0.003904,0.584380,26.530001,109.199997,6.650000,1770369829.487708
-0.003172,-0.009516,0.851072,37.099998,95.480003,1.190000,1770369829.495789
-0.011956,0.001708,1.206580,44.310001,77.349998,-1.540000,1770369829.503715
-0.024644,0.013176,1.497672,44.520000,58.099998,-8.400000,1770369829.511715
-0.000244,-0.032696,1.700924,45.430000,46.200001,-13.090000,1770369829.519715
0.092476,-0.121756,1.773880,45.150002,32.270000,-16.590000,1770369829.527968
0.225944,-0.238632,1.819264,42.700001,15.260000,-4.620000,1770369829.535706
0.387716,-0.304268,1.890512,42.209999,-13.510000,7.280000,1770369829.543715
0.406992,-0.459696,1.971276,35.279999,-25.480000,10.850000,1770369829.551715
0.421632,-0.561200,2.048868,22.540001,-12.390000,11.690000,1770369829.559718
0.425780,-0.647332,2.094252,7.350000,16.799999,10.150000,1770369829.567749
0.362828,-0.714920,2.019588,-6.580000,50.750000,3.850000,1770369829.575720
0.236192,-0.717116,1.902956,-20.790001,79.589996,-4.200000,1770369829.583701
0.130052,-0.607560,1.811456,-28.209999,98.000000,-9.660000,1770369829.591728
0.016592,-0.449692,1.713124,-38.709999,103.809998,-12.530000,1770369829.599710
-0.110288,-0.292068,1.557452,-45.849998,95.900002,-14.840000,1770369829.607749
-0.220820,-0.144692,1.341268,-50.049999,77.139999,-17.570000,1770369829.615827
-0.309148,-0.019520,1.102880,-50.189999,52.009998,-20.299999,1770369829.623706
-0.369660,0.101992,0.907192,-47.529999,25.410000,-25.059999,1770369829.631746
-0.376980,0.248880,0.754204,-40.529999,-0.560000,-27.580000,1770369829.639804
-0.356728,0.342088,0.605364,-32.410000,-21.980000,-29.469999,1770369829.647718
-0.354288,0.391620,0.459452,-25.969999,-35.980000,-27.160000,1770369829.655717
-0.284016,0.503372,0.279624,-17.430000,-49.139999,-31.080000,1770369829.663775
-0.246196,0.540460,0.189832,-10.290000,-55.230000,-26.389999,1770369829.671718
-0.199104,0.557540,0.145424,-7.210000,-56.980000,-24.780001,1770369829.679707
-0.154452,0.557052,0.100284,-6.090000,-59.009998,-19.879999,1770369829.687708
-0.119804,0.529968,0.018056,-7.140000,-61.950001,-16.030001,1770369829.695807
-0.081252,0.490684,-0.068564,-5.320000,-66.779999,-14.980000,1770369829.703715
-0.038552,0.431636,-0.071492,3.010000,-74.970001,-6.580000,1770369829.711717
0.005368,0.372100,0.050264,12.320000,-79.730003,-2.310000,1770369829.719713
0.038064,0.324520,0.230580,20.440001,-77.839996,6.790000,1770369829.727793
0.059780,0.295484,0.450180,30.450001,-68.599998,10.010000,1770369829.735722
0.081496,0.284260,0.723460,34.160000,-56.980000,11.830000,1770369829.743717
0.099064,0.259372,0.972828,37.169998,-38.150002,17.010000,1770369829.751771
0.084912,0.215452,1.150704,35.490002,-16.450001,14.630000,1770369829.759734
0.074664,0.128832,1.284660,33.599998,5.250000,10.290000,1770369829.767717
0.049288,-0.024888,1.376892,32.340000,25.760000,2.520000,1770369829.775716
0.072468,-0.236192,1.550376,36.820000,40.880001,-9.940000,1770369829.783727
0.164456,-0.470188,1.860988,56.490002,42.840000,-14.770000,1770369829.791723
0.181536,-0.626592,2.154520,81.830002,34.369999,-17.010000,1770369829.799825
0.068808,-0.644404,2.252120,79.029999,13.650000,-12.110000,1770369829.807712
0.002684,-0.625128,2.161352,56.349998,-16.100000,-10.220000,1770369829.815715
0.016104,-0.657824,2.084492,33.529999,-51.380001,-5.460000,1770369829.823716
0.111996,-0.654164,2.086444,15.190000,-91.139999,-0.070000,1770369829.831741
0.240828,-0.526064,2.048624,-3.150000,-120.050003,-5.320000,1770369829.839857
0.358924,-0.340868,1.882948,-17.360001,-139.580002,-3.220000,1770369829.847709
0.462136,-0.162016,1.623820,-30.170000,-154.000000,-5.320000,1770369829.855714
0.552416,-0.030744,1.311988,-36.959999,-163.660004,-9.380000,1770369829.863758
0.637084,0.079056,1.044076,-41.720001,-163.520004,-7.350000,1770369829.871700
0.725412,0.209108,0.816180,-45.080002,-150.220001,-0.770000,1770369829.879715
0.771040,0.301584,0.631716,-42.630001,-125.930000,10.500000,1770369829.887707
0.787144,0.336964,0.482388,-42.490002,-90.160004,15.260000,1770369829.895741
0.765428,0.320860,0.368196,-39.270000,-51.450001,21.629999,1770369829.903812
0.697840,0.297924,0.261568,-33.180000,-12.880000,23.100000,1770369829.911714
0.599508,0.277428,0.166164,-28.209999,21.700001,22.330000,1770369829.919716
0.482876,0.259128,0.091256,-18.340000,52.990002,22.330000,1770369829.927713
0.375516,0.257664,0.038796,-12.530000,76.720001,19.180000,1770369829.935781
0.272304,0.263520,0.023424,-10.360000,94.779999,17.990000,1770369829.943739
0.184464,0.268644,0.039284,-7.910000,108.919998,15.960000,1770369829.951698
0.108824,0.252540,0.086376,-8.680000,122.290001,14.000000,1770369829.959731
0.051972,0.220820,0.133224,-5.320000,129.500000,11.760000,1770369829.967743
0.009516,0.153720,0.216428,-2.870000,132.929993,4.340000,1770369829.975751
-0.010248,0.092232,0.333304,7.560000,131.179993,5.530000,1770369829.983703
-0.035624,0.036600,0.509472,21.000000,124.180000,0.000000,1770369829.991721
-0.042212,0.025132,0.751032,33.389999,110.459999,-1.680000,1770369829.999715
-0.043188,0.037088,1.101172,41.930000,91.699997,-7.140000,1770369830.007813
-0.035136,0.059536,1.443260,40.389999,70.209999,-9.310000,1770369830.015718
-0.016104,0.039284,1.659200,38.990002,48.580002,-9.170000,1770369830.023714
0.063684,-0.046848,1.812920,35.419998,28.840000,-9.520000,1770369830.031746
0.191296,-0.140056,1.874652,32.830002,9.380000,-2.100000,1770369830.039793
0.339648,-0.240096,1.874164,33.180000,-16.940001,8.260000,1770369830.047719
0.399184,-0.361120,1.853180,30.520000,-35.700001,8.190000,1770369830.055719
0.407968,-0.485072,1.925160,20.860001,-25.690001,9.940000,1770369830.063888
0.417728,-0.585112,2.029592,4.410000,4.130000,3.150000,1770369830.071888
0.393084,-0.662948,2.016660,-6.580000,41.580002,-1.120000,1770369830.079760
0.303780,-0.683688,1.916620,-14.420000,74.690002,-9.940000,1770369830.087768
0.184220,-0.603656,1.816824,-22.889999,95.269997,-18.620001,1770369830.095722
0.061000,-0.465796,1.724104,-29.330000,101.010002,-19.879999,1770369830.103717
-0.067100,-0.294996,1.571116,-39.410000,95.129997,-26.250000,1770369830.111733
-0.189344,-0.152988,1.375184,-46.060001,77.489998,-23.450001,1770369830.119704
-0.279624,-0.020008,1.143140,-47.389999,52.360001,-29.820000,1770369830.127708
-0.335256,0.108336,0.904264,-45.709999,25.270000,-33.459999,1770369830.135734
-0.346968,0.232776,0.710040,-38.290001,-1.260000,-36.610001,1770369830.143789
-0.331108,0.330864,0.558272,-31.500000,-23.940001,-37.939999,1770369830.151743
-0.334768,0.376736,0.439688,-28.209999,-38.779999,-34.439999,1770369830.159712
-0.279624,0.482144,0.301096,-18.760000,-51.240002,-32.900002,1770369830.167706
-0.254004,0.488732,0.234972,-11.900000,-58.520000,-33.110001,1770369830.175707
-0.219112,0.524112,0.188124,-13.370000,-66.989998,-32.689999,1770369830.183695
-0.168604,0.554612,0.140788,-13.090000,-72.940002,-25.900000,1770369830.191703
-0.098088,0.559492,0.074420,-9.660000,-78.400002,-16.590000,1770369830.199718
-0.044896,0.528016,-0.005124,-6.090000,-85.400002,-10.850000,1770369830.207755
-0.003660,0.492636,-0.017080,2.240000,-90.370003,-2.730000,1770369830.215719
0.036112,0.445056,0.074664,6.860000,-88.620003,5.250000,1770369830.223710
0.073444,0.398452,0.248392,12.810000,-80.290001,10.850000,1770369830.231743
0.106872,0.362584,0.464088,21.629999,-68.949997,14.560000,1770369830.239719
0.142984,0.346236,0.739564,30.520000,-51.869999,19.459999,1770369830.247788
0.165188,0.307928,1.007720,33.599998,-30.660000,17.150000,1770369830.255719
0.158356,0.234728,1.190232,36.189999,-5.110000,19.389999,1770369830.263707
0.143472,0.130052,1.312476,34.860001,19.950001,14.980000,1770369830.271711
0.152988,-0.027572,1.466440,29.959999,40.040001,5.530000,1770369830.279703
0.215696,-0.194712,1.667496,32.759998,52.009998,4.970000,1770369830.287701
0.289872,-0.411872,1.995432,53.830002,51.660000,-0.630000,1770369830.295741
0.224724,-0.566080,2.233576,72.029999,44.310001,-2.100000,1770369830.303707
0.068808,-0.554124,2.287988,63.000000,26.809999,-8.050000,1770369830.311689
-0.007320,-0.525576,2.156228,37.520000,-1.820000,-5.670000,1770369830.319715
0.003416,-0.571204,2.064484,17.080000,-42.000000,-6.720000,1770369830.327707
0.080032,-0.570228,2.029104,-2.240000,-84.349998,-4.550000,1770369830.335735
0.193248,-0.469456,1.921988,-20.090000,-120.540001,-3.990000,1770369830.343755
0.324764,-0.331108,1.687992,-32.970001,-149.380005,-8.820000,1770369830.351709
0.447008,-0.214232,1.413492,-43.049999,-169.539993,-10.080000,1770369830.359725
0.564372,-0.114436,1.158756,-48.650002,-179.759995,-15.470000,1770369830.367704
0.669048,0.009516,0.894260,-50.540001,-175.979996,-9.660000,1770369830.375724
0.743712,0.131516,0.694180,-46.200001,-157.429993,-3.640000,1770369830.383700
0.799100,0.202032,0.528504,-44.169998,-127.610001,7.140000,1770369830.391721
0.807640,0.227652,0.395280,-40.950001,-88.690002,10.500000,1770369830.399867
0.770796,0.229604,0.287920,-37.310001,-48.230000,15.540000,1770369830.407712
0.694424,0.232532,0.200568,-31.850000,-9.520000,18.480000,1770369830.415703
0.598532,0.226920,0.115168,-27.510000,25.410000,14.420000,1770369830.423771
0.493856,0.229848,0.049288,-22.889999,57.680000,18.620001,1770369830.431726
0.387472,0.225700,0.019764,-16.170000,82.180000,17.920000,1770369830.439844
0.293044,0.213988,0.036112,-13.230000,102.339996,16.590000,1770369830.447737
0.210572,0.190808,0.094916,-9.310000,117.949997,16.940001,1770369830.455747
0.144204,0.146644,0.174216,-1.960000,131.039993,13.160000,1770369830.463713
0.092720,0.091744,0.243512,2.030000,138.740005,8.610000,1770369830.471723
0.060756,0.051240,0.329400,13.650000,141.470001,3.430000,1770369830.479801
0.055632,0.021228,0.464820,28.840000,137.270004,4.200000,1770369830.487944
0.040260,-0.025132,0.656604,42.070000,127.330002,-2.520000,1770369830.495726
0.039528,-0.038308,0.935008,51.939999,110.110001,-3.780000,1770369830.503715
0.050508,-0.041480,1.274412,59.080002,90.790001,-3.920000,1770369830.511717
0.089548,-0.038308,1.611376,58.520000,68.320000,-6.510000,1770369830.519828
0.140300,-0.040748,1.814628,57.049999,48.369999,-0.280000,1770369830.527749
0.199836,-0.084424,1.841712,42.070000,29.190001,5.670000,1770369830.535730
0.313296,-0.201788,1.789008,31.290001,3.360000,10.290000,1770369830.543854
0.416996,-0.326228,1.775832,25.200001,-17.709999,19.250000,1770369830.551713
0.441396,-0.462868,1.829024,15.470000,-14.420000,19.110001,1770369830.559716
0.424804,-0.588528,1.924672,6.300000,12.740000,16.590000,1770369830.567716
0.379664,-0.697840,1.993480,-0.700000,51.450001,6.580000,1770369830.575714
0.277916,-0.733952,1.962248,-5.530000,90.160004,-5.460000,1770369830.583726
0.155428,-0.651480,1.901492,-10.570000,117.739998,-16.379999,1770369830.591843
0.026840,-0.486048,1.837564,-19.879999,127.050003,-24.010000,1770369830.599718
-0.113704,-0.298656,1.726300,-30.309999,120.330002,-25.480000,1770369830.607713
-0.249612,-0.129076,1.522804,-40.950001,97.790001,-36.259998,1770369830.615718
-0.348676,0.008052,1.230736,-46.060001,67.970001,-35.910000,1770369830.623744
-0.405528,0.124928,0.946476,-45.990002,30.940001,-44.939999,1770369830.631907
-0.411872,0.253272,0.733464,-40.950001,-3.640000,-47.740002,1770369830.639735
-0.381128,0.348676,0.589504,-32.410000,-30.730000,-49.070000,1770369830.647720
-0.361364,0.424072,0.458964,-24.990000,-51.869999,-49.139999,1770369830.655748
-0.286944,0.477508,0.332816,-17.639999,-69.300003,-44.590000,1770369830.663745
-0.246928,0.534848,0.237412,-15.400000,-84.489998,-47.320000,1770369830.671722
-0.195200,0.601948,0.172020,-13.580000,-91.839996,-42.000000,1770369830.679721
-0.119072,0.639768,0.139080,-8.750000,-94.360001,-37.380001,1770369830.687732
-0.052948,0.636596,0.078568,-8.890000,-92.610001,-24.219999,1770369830.695716
-0.009516,0.593164,-0.016836,-8.470000,-90.160004,-18.270000,1770369830.703758
0.024644,0.532652,-0.064416,-3.430000,-88.269997,-9.590000,1770369830.711717
0.057584,0.462136,0.007564,2.100000,-79.940002,-3.360000,1770369830.719714
0.093696,0.400404,0.158600,9.660000,-70.839996,4.200000,1770369830.727718
0.123220,0.351848,0.366000,19.389999,-56.139999,6.230000,1770369830.735870
0.154696,0.315492,0.648064,28.629999,-38.779999,10.220000,1770369830.743724
0.177144,0.280112,0.927200,35.419998,-17.850000,15.330000,1770369830.751723
0.172264,0.219600,1.141920,37.869999,7.770000,16.940001,1770369830.759748
0.156404,0.134932,1.292712,37.730000,30.170000,13.790000,1770369830.767729
0.141520,-0.002684,1.470344,33.599998,51.799999,8.890000,1770369830.775712
0.194956,-0.165920,1.710440,36.189999,65.940002,0.140000,1770369830.783700
0.252540,-0.381616,2.036912,52.290001,73.080002,-7.000000,1770369830.791721
0.201300,-0.529236,2.242116,71.889999,65.379997,-9.940000,1770369830.799739
0.041480,-0.532408,2.236260,66.919998,42.209999,-13.230000,1770369830.807823
-0.058804,-0.550952,2.086688,46.619999,10.080000,-9.100000,1770369830.815715
-0.054900,-0.597800,1.986404,26.670000,-34.439999,-5.250000,1770369830.823702
0.020008,-0.626104,2.030324,8.540000,-79.379997,-4.340000,1770369830.831779
0.143472,-0.555588,2.004216,-8.470000,-117.040001,-5.250000,1770369830.839759
0.283772,-0.428220,1.834636,-22.400000,-145.809998,-8.050000,1770369830.847727
0.420656,-0.287188,1.558428,-35.980000,-166.250000,-10.640000,1770369830.855728
0.525332,-0.167384,1.273436,-44.310001,-179.059998,-15.470000,1770369830.863762
0.612440,-0.041968,1.007964,-48.860001,-178.429993,-13.370000,1770369830.871705
0.697840,0.114924,0.779336,-49.840000,-164.289993,-6.160000,1770369830.879728
0.755424,0.236680,0.599020,-47.529999,-133.279999,2.660000,1770369830.887728
0.777384,0.276696,0.468724,-45.080002,-94.639999,8.680000,1770369830.896053
0.756156,0.279136,0.355020,-41.860001,-54.810001,14.350000,1770369830.903779
0.687592,0.274500,0.233996,-36.680000,-15.960000,20.719999,1770369830.911718
0.585112,0.282796,0.130052,-28.070000,19.950001,21.420000,1770369830.919709
0.473604,0.279624,0.068564,-21.209999,49.980000,21.070000,1770369830.927703
0.370148,0.278160,0.051240,-17.990000,73.500000,20.860001,1770369830.935736
0.275720,0.264008,0.065148,-16.170000,91.070000,18.830000,1770369830.943729
0.192272,0.239852,0.099796,-15.400000,105.209999,19.670000,1770369830.951731
0.122244,0.206668,0.135176,-14.000000,117.320000,13.720000,1770369830.959845
0.072468,0.149816,0.189344,-9.520000,126.279999,11.480000,1770369830.967715
0.038308,0.084424,0.275232,-0.070000,128.240005,4.760000,1770369830.975713
0.026352,0.037332,0.394548,13.020000,124.040001,2.240000,1770369830.983701
0.018300,-0.001464,0.588772,29.680000,116.269997,1.610000,1770369830.991721
0.032696,0.005856,0.898408,42.209999,101.150002,-0.630000,1770369830.999750
0.044896,0.022936,1.282952,49.349998,80.080002,-5.460000,1770369831.007828
0.066368,0.028060,1.577704,47.599998,62.090000,-6.580000,1770369831.015709
0.114924,0.000000,1.752652,44.869999,45.990002,-6.790000,1770369831.023714
0.199348,-0.044652,1.788032,39.060001,31.570000,-4.900000,1770369831.031757
0.296216,-0.131028,1.790228,33.040001,16.100000,4.620000,1770369831.039740
0.411384,-0.237168,1.777296,27.230000,-6.790000,11.690000,1770369831.047736
0.423096,-0.366000,1.809016,14.840000,-16.730000,10.500000,1770369831.055722
0.420412,-0.484584,1.910276,3.430000,-1.190000,10.500000,1770369831.063864
0.377468,-0.596580,1.985916,-12.110000,27.299999,5.810000,1770369831.071896
0.287920,-0.670024,1.936140,-22.889999,63.419998,0.140000,1770369831.079934
0.165188,-0.659776,1.851472,-27.510000,91.699997,-7.070000,1770369831.087706
0.040992,-0.564372,1.781688,-33.180000,108.010002,-14.490000,1770369831.095728
-0.099308,-0.413092,1.677988,-41.160000,107.660004,-17.150000,1770369831.103719
-0.236924,-0.248148,1.489132,-48.299999,95.269997,-24.780001,1770369831.111817
-0.335988,-0.112728,1.238788,-51.520000,73.150002,-32.060001,1770369831.119765
-0.390888,0.008296,0.995032,-48.439999,40.599998,-37.450001,1770369831.127711
-0.412116,0.138592,0.790560,-41.860001,9.170000,-43.889999,1770369831.135730
-0.395524,0.215696,0.653188,-35.490002,-16.030001,-46.830002,1770369831.143718
-0.356240,0.286700,0.522892,-27.510000,-40.320000,-46.060001,1770369831.151740
-0.319152,0.326228,0.408700,-21.420000,-58.660000,-45.150002,1770369831.159714
-0.283528,0.401136,0.288652,-14.630000,-74.059998,-45.360001,1770369831.167721
-0.217160,0.465552,0.222528,-9.520000,-83.160004,-41.090000,1770369831.175792
-0.152744,0.506544,0.167872,-3.360000,-90.790001,-33.250000,1770369831.183705
-0.092720,0.510448,0.103700,-0.560000,-96.040001,-24.780001,1770369831.191719
-0.035380,0.507764,0.011956,1.750000,-101.709999,-16.309999,1770369831.199702
0.016348,0.467504,-0.018300,3.780000,-105.489998,-7.630000,1770369831.207701
0.071004,0.413336,0.055876,9.520000,-104.860001,-2.870000,1770369831.215712
0.116632,0.354044,0.201056,14.700000,-98.349998,3.640000,1770369831.223752
0.155428,0.316956,0.394060,23.520000,-83.160004,8.120000,1770369831.231697
0.203496,0.287188,0.639768,34.090000,-65.099998,9.800000,1770369831.239737
0.230824,0.275720,0.893772,42.770000,-41.930000,13.650000,1770369831.247719
0.243756,0.249612,1.091656,50.400002,-15.750000,12.390000,1770369831.255712
0.259372,0.173972,1.268800,50.259998,12.600000,8.890000,1770369831.263761
0.278648,0.092476,1.444236,47.529999,42.139999,8.260000,1770369831.271735
0.330132,-0.032208,1.657248,44.660000,60.970001,-4.340000,1770369831.279712
0.391620,-0.180804,1.989332,53.619999,70.139999,-6.790000,1770369831.287704
0.361852,-0.294752,2.219668,62.160000,65.519997,-11.410000,1770369831.295715
0.205692,-0.349896,2.217472,52.570000,45.990002,-10.290000,1770369831.303712
0.079300,-0.373076,2.090104,31.850000,22.540001,-8.960000,1770369831.311751
0.065636,-0.442128,2.033252,11.620000,-11.550000,-5.250000,1770369831.319726
0.100528,-0.500932,2.050576,-5.250000,-53.549999,-5.530000,1770369831.327706
0.176900,-0.467504,1.977620,-23.660000,-89.599998,-8.680000,1770369831.335733
0.286212,-0.362340,1.773636,-38.639999,-119.070000,-4.830000,1770369831.343761
0.383812,-0.247660,1.484984,-49.000000,-143.149994,-9.870000,1770369831.351723
0.472628,-0.164212,1.175104,-55.930000,-156.100006,-5.460000,1770369831.359713
0.556320,-0.059780,0.925492,-59.430000,-158.130005,-6.790000,1770369831.367705
0.637572,0.070272,0.720776,-55.509998,-144.130005,-0.420000,1770369831.375703
0.707600,0.164456,0.586576,-52.849998,-118.650002,7.350000,1770369831.383712
0.744688,0.209108,0.489220,-47.040001,-82.250000,15.680000,1770369831.391708
0.737856,0.232288,0.394060,-42.630001,-43.259998,19.110001,1770369831.399737
0.683932,0.233020,0.281088,-38.290001,-5.670000,23.520000,1770369831.407712
0.582428,0.235704,0.164212,-31.990000,30.170000,20.020000,1770369831.415740
0.473360,0.227164,0.071004,-27.020000,61.320000,23.170000,1770369831.423788
0.359168,0.211060,0.028304,-22.889999,87.919998,20.510000,1770369831.431707
0.253272,0.193492,0.024156,-17.920000,107.870003,23.660000,1770369831.439732
0.172020,0.164700,0.058804,-11.340000,120.330002,25.620001,1770369831.447735
0.099796,0.118340,0.132248,-5.460000,129.289993,18.270000,1770369831.455726
0.037088,0.063440,0.214232,2.240000,132.509995,13.860000,1770369831.463721
0.005368,0.023424,0.311344,13.720000,134.750000,8.260000,1770369831.471722
-0.006100,-0.010492,0.447252,24.500000,127.400002,7.140000,1770369831.479734
-0.012444,-0.047336,0.651236,40.529999,112.559998,2.940000,1770369831.487811
0.004880,-0.057584,0.926468,52.360001,92.470001,-0.560000,1770369831.495746
0.030744,-0.051972,1.278316,60.480000,70.419998,-3.920000,1770369831.503716
0.071248,-0.050996,1.557696,64.680000,47.880001,-3.570000,1770369831.511721
0.149572,-0.032696,1.675792,61.040001,30.870001,-1.960000,1770369831.519728
0.222284,-0.080032,1.685796,50.189999,16.520000,0.280000,1770369831.527780
0.323544,-0.166896,1.680916,35.070000,3.010000,6.580000,1770369831.535743
0.453596,-0.271328,1.710196,26.600000,-11.620000,11.690000,1770369831.543840
0.467504,-0.412604,1.790228,16.240000,-7.350000,15.890000,1770369831.551725
0.462136,-0.546316,1.906616,5.670000,19.180000,13.300000,1770369831.559722
0.397232,-0.651724,2.009828,-2.450000,58.520000,4.900000,1770369831.567806
0.279868,-0.672952,1.983476,-7.980000,100.099998,-4.690000,1770369831.575726
0.137616,-0.599264,1.908568,-15.960000,129.850006,-11.970000,1770369831.583709
-0.015372,-0.454328,1.817068,-20.230000,140.559998,-16.730000,1770369831.591777
-0.172508,-0.273280,1.681404,-32.549999,135.380005,-19.600000,1770369831.599714
-0.315004,-0.112972,1.474492,-38.849998,113.889999,-24.709999,1770369831.607742
-0.415044,0.053192,1.228052,-42.700001,80.919998,-30.730000,1770369831.615729
-0.472384,0.149084,1.012356,-43.189999,45.430000,-37.590000,1770369831.623699
-0.492148,0.212524,0.837652,-40.320000,8.050000,-39.619999,1770369831.631718
-0.473604,0.269620,0.680028,-38.500000,-25.900000,-43.259998,1770369831.639773
-0.425780,0.341844,0.526796,-32.619999,-50.820000,-47.040001,1770369831.647728
-0.358924,0.401380,0.393572,-21.209999,-66.080002,-43.889999,1770369831.655720
-0.294508,0.447496,0.270840,-11.970000,-76.510002,-39.270000,1770369831.663717
-0.234728,0.480680,0.184708,-7.420000,-85.260002,-33.110001,1770369831.671734
-0.173728,0.494344,0.121512,-3.570000,-88.830002,-24.360001,1770369831.679717
-0.118096,0.489708,0.047336,-3.640000,-91.559998,-17.709999,1770369831.687706
-0.068076,0.470432,-0.040504,-1.050000,-96.669998,-10.080000,1770369831.695714
-0.014884,0.427488,-0.044164,4.900000,-101.430000,-5.670000,1770369831.703813
0.031964,0.375516,0.054412,13.020000,-101.220001,2.660000,1770369831.711723
0.062464,0.329888,0.225212,18.549999,-94.709999,6.580000,1770369831.719719
0.088572,0.306464,0.425292,28.280001,-82.459999,11.760000,1770369831.727771
0.119316,0.287920,0.684664,34.860001,-66.849998,12.950000,1770369831.735725
0.142008,0.288164,0.939888,42.560001,-46.900002,11.410000,1770369831.743721
0.153720,0.245708,1.150704,46.060001,-23.730000,11.480000,1770369831.751728
0.161284,0.165676,1.324676,44.310001,-0.210000,7.000000,1770369831.759769
0.191540,0.047092,1.522072,40.180000,22.400000,-0.770000,1770369831.767729
0.256444,-0.086376,1.748260,42.630001,37.939999,-2.450000,1770369831.775825
0.304024,-0.218380,2.058140,56.490002,43.470001,-10.150000,1770369831.783719
0.265472,-0.334768,2.266516,61.250000,39.480000,-5.530000,1770369831.791830
0.123708,-0.399916,2.211860,50.610001,23.100000,-5.250000,1770369831.799761
0.046604,-0.441640,2.067412,34.299999,-3.150000,-0.630000,1770369831.807718
0.051972,-0.498004,2.011780,19.670000,-42.349998,0.840000,1770369831.815716
0.109800,-0.525576,2.005680,0.770000,-83.510002,2.100000,1770369831.823761
0.220332,-0.462380,1.910032,-12.740000,-117.599998,5.180000,1770369831.831731
0.338184,-0.349408,1.687016,-27.230000,-144.130005,4.060000,1770369831.839747
0.437492,-0.251076,1.380064,-32.900002,-158.690002,7.350000,1770369831.847712
0.514840,-0.156160,1.084580,-41.509998,-167.020004,7.560000,1770369831.855721
0.582672,-0.024888,0.816912,-41.860001,-162.470001,10.640000,1770369831.863739
0.650748,0.084912,0.634400,-40.110001,-143.220001,18.270000,1770369831.871710
0.708820,0.131028,0.528992,-35.560001,-113.889999,27.020000,1770369831.879730
0.724436,0.174216,0.445056,-31.219999,-76.089996,30.870001,1770369831.887710
0.699060,0.208620,0.342088,-28.070000,-38.779999,32.759998,1770369831.896030
0.625372,0.243268,0.234728,-25.129999,-0.980000,30.520000,1770369831.903733
0.528992,0.271084,0.133712,-24.430000,34.230000,32.270000,1770369831.911718
0.426512,0.282796,0.061000,-24.010000,63.770000,31.500000,1770369831.919716
0.323300,0.264496,0.041968,-22.889999,88.830002,34.509998,1770369831.927740
0.239364,0.235460,0.061976,-21.420000,105.980003,30.030001,1770369831.935748
0.167384,0.186904,0.130296,-17.850000,115.989998,22.959999,1770369831.943710
0.106140,0.130540,0.208864,-10.080000,122.639999,21.840000,1770369831.951735
0.058316,0.081008,0.281576,-1.820000,126.209999,10.500000,1770369831.959720
0.054656,0.041480,0.406016,14.770000,121.519997,12.040000,1770369831.967796
0.064904,-0.005856,0.586332,34.720001,109.129997,7.770000,1770369831.975746
0.077836,-0.022936,0.871080,55.790001,89.459999,3.710000,1770369831.983709
0.109556,-0.018300,1.256112,70.349998,70.839996,5.110000,1770369831.991724
0.158600,0.003904,1.583560,79.029999,48.439999,4.760000,1770369831.999767
0.219112,0.038064,1.759728,76.370003,28.840000,9.170000,1770369832.007725
0.302072,0.031232,1.789984,64.120003,14.070000,10.850000,1770369832.015716
0.425292,-0.043188,1.747284,45.919998,0.770000,17.290001,1770369832.023717
0.559980,-0.133956,1.774368,34.720001,-11.060000,24.639999,1770369832.031702
0.589016,-0.285968,1.848056,17.360001,-1.400000,29.120001,1770369832.039746
0.581940,-0.456524,1.922232,3.570000,29.959999,29.820000,1770369832.047718
0.478972,-0.598288,1.968592,-7.000000,75.599998,24.639999,1770369832.055724
0.309148,-0.668316,1.899296,-13.650000,121.660004,11.130000,1770369832.064048
0.149084,-0.628056,1.794620,-21.350000,154.350006,1.820000,1770369832.071839
-0.014884,-0.475068,1.717028,-28.840000,169.610001,-6.720000,1770369832.079860
-0.191052,-0.273768,1.623820,-37.169998,164.220001,-9.170000,1770369832.087757
-0.361852,-0.082716,1.455216,-47.669998,143.990005,-15.260000,1770369832.095728
-0.475312,0.063440,1.198040,-51.869999,107.870003,-20.160000,1770369832.103722
-0.543876,0.136884,0.935984,-51.939999,65.099998,-24.219999,1770369832.111762
-0.570716,0.200568,0.755912,-49.560001,19.530001,-30.100000,1770369832.119746
-0.535336,0.271084,0.620248,-44.099998,-19.250000,-29.889999,1770369832.127713
-0.471896,0.343796,0.518256,-33.669998,-51.450001,-34.720001,1770369832.135710
-0.400404,0.401136,0.409676,-27.510000,-71.959999,-33.180000,1770369832.143728
-0.323788,0.446032,0.314028,-17.010000,-85.050003,-31.850000,1770369832.151728
-0.239852,0.484584,0.241072,-12.110000,-94.220001,-26.040001,1770369832.159841
-0.164700,0.492148,0.186904,-8.120000,-100.660004,-19.530001,1770369832.167736
-0.098576,0.489220,0.096136,-6.860000,-104.440002,-13.720000,1770369832.175712
-0.037088,0.468480,-0.022692,-3.220000,-108.150002,-7.560000,1770369832.183703
0.015616,0.427000,-0.042212,2.520000,-109.129997,-1.190000,1770369832.191725
0.072468,0.374296,0.077104,8.540000,-105.139999,6.860000,1770369832.199750
0.114436,0.342088,0.259616,18.059999,-94.849998,13.090000,1770369832.207713
0.139568,0.312808,0.468480,26.600000,-79.309998,17.219999,1770369832.215711
0.165188,0.287676,0.702476,33.320000,-59.849998,18.900000,1770369832.223708
0.175924,0.281088,0.940132,40.599998,-32.130001,19.180000,1770369832.231712
0.176656,0.231312,1.135820,44.310001,-0.770000,14.420000,1770369832.239737
0.174948,0.137128,1.281244,41.860001,28.350000,8.050000,1770369832.247711
0.200568,0.004880,1.468148,36.259998,50.889999,-3.220000,1770369832.255718
0.244976,-0.146644,1.666032,43.049999,62.160000,-7.840000,1770369832.263758
0.279380,-0.293776,1.984696,57.959999,61.880001,-12.740000,1770369832.271704
0.199592,-0.377956,2.189656,59.080002,47.810001,-13.580000,1770369832.279721
0.044164,-0.404796,2.172576,41.860001,27.510000,-11.200000,1770369832.287702
-0.024156,-0.492392,2.075708,20.650000,-4.130000,-9.520000,1770369832.295716
0.010980,-0.629276,2.050332,3.780000,-43.820000,-9.870000,1770369832.303740
0.122732,-0.672952,2.078880,-4.900000,-82.250000,-7.630000,1770369832.311775
0.250588,-0.593408,1.994456,-17.639999,-114.870003,-5.880000,1770369832.319709
0.374296,-0.458232,1.747284,-28.209999,-139.720001,-6.020000,1770369832.327707
0.460672,-0.323788,1.414468,-35.560001,-153.720001,-6.230000,1770369832.335735
0.531188,-0.196664,1.123620,-40.599998,-158.479996,-4.550000,1770369832.343832
0.593408,-0.050508,0.863028,-40.740002,-151.339996,-4.340000,1770369832.351699
0.647088,0.091256,0.674904,-37.380001,-128.940002,4.200000,1770369832.359730
0.692228,0.185440,0.541192,-35.279999,-96.739998,10.640000,1770369832.367710
0.706868,0.209596,0.452132,-32.340000,-62.650002,21.070000,1770369832.375730
0.673196,0.203984,0.351360,-28.770000,-28.629999,21.420000,1770369832.383746
0.595360,0.223260,0.233508,-22.750000,4.200000,22.820000,1770369832.391754
0.497272,0.249368,0.122732,-17.780001,35.349998,25.549999,1770369832.399836
0.386496,0.277672,0.051484,-15.540000,60.619999,24.990000,1770369832.407713
0.277428,0.291824,0.029036,-13.860000,82.459999,24.430000,1770369832.415717
0.175436,0.307196,0.027572,-13.650000,97.790001,18.340000,1770369832.423840
0.084424,0.315492,0.042456,-13.440000,112.419998,17.920000,1770369832.431725
0.011468,0.298656,0.060756,-16.100000,123.059998,8.050000,1770369832.440026
-0.034404,0.251320,0.125904,-11.760000,128.380005,7.560000,1770369832.447763
-0.053192,0.164212,0.263032,-2.380000,125.930000,5.040000,1770369832.455923
-0.075884,0.084424,0.432856,11.340000,117.599998,1.540000,1770369832.463717
-0.079788,0.038552,0.699060,30.660000,100.449997,5.880000,1770369832.471718
-0.079056,0.016836,1.078968,41.509998,74.620003,3.640000,1770369832.479718
-0.091744,-0.005856,1.440576,50.400002,46.549999,5.880000,1770369832.487740
-0.054656,0.002440,1.659688,53.410000,16.309999,-2.310000,1770369832.495720
0.049288,-0.055144,1.764364,60.130001,-1.750000,-5.110000,1770369832.503722
0.213988,-0.116388,1.823168,63.700001,-12.390000,-5.810000,1770369832.511719
0.385276,-0.156648,1.941264,62.509998,-25.059999,-0.770000,1770369832.519719
0.478484,-0.243756,1.959808,48.090000,-32.060001,5.320000,1770369832.527782
0.496052,-0.372588,1.992016,28.910000,-20.860001,6.300000,1770369832.535713
0.508740,-0.504104,2.101572,10.780000,8.400000,6.790000,1770369832.543734
0.482632,-0.551196,2.104256,1.890000,45.919998,4.340000,1770369832.551778
0.360632,-0.581208,2.027884,-9.660000,78.750000,-1.610000,1770369832.559748
0.193004,-0.504592,1.905640,-25.410000,99.120003,-5.880000,1770369832.567718
0.055144,-0.345260,1.753628,-39.410000,105.629997,-10.640000,1770369832.575719
-0.077836,-0.190564,1.557696,-50.889999,96.879997,-12.600000,1770369832.583712
-0.207644,-0.061000,1.306620,-55.930000,76.370003,-11.620000,1770369832.591773
-0.294264,0.045872,1.068720,-53.970001,47.250000,-16.520000,1770369832.599739
-0.337696,0.141520,0.883768,-51.730000,18.059999,-18.830000,1770369832.607726
-0.344284,0.223016,0.720044,-45.779999,-8.330000,-27.370001,1770369832.615713
-0.320372,0.287432,0.539484,-40.389999,-28.490000,-28.280001,1770369832.623846
-0.284748,0.327204,0.396256,-32.130001,-43.049999,-29.469999,1770369832.631718
-0.253028,0.363560,0.258884,-22.959999,-48.930000,-30.030001,1770369832.639741
-0.219356,0.391376,0.188124,-13.860000,-50.889999,-28.490000,1770369832.647750
-0.167384,0.417972,0.161284,-7.140000,-52.570000,-27.790001,1770369832.655752
-0.118096,0.430660,0.127612,-1.680000,-52.990002,-21.350000,1770369832.663718
-0.081740,0.418216,0.043188,1.330000,-55.439999,-15.050000,1770369832.671735
-0.048800,0.407236,-0.031232,6.090000,-62.860001,-9.030000,1770369832.679806
-0.006832,0.388448,0.010004,11.760000,-69.650002,-2.170000,1770369832.687703
0.031232,0.363072,0.162992,16.100000,-74.129997,3.290000,1770369832.695717
0.059292,0.339160,0.349408,19.180000,-71.400002,7.700000,1770369832.703747
0.081984,0.313052,0.559004,24.080000,-63.209999,15.120000,1770369832.711733
0.098088,0.295484,0.785680,31.850000,-52.080002,17.360001,1770369832.719721
0.110044,0.289872,1.003328,36.750000,-36.610001,19.950001,1770369832.727716
0.133468,0.259616,1.196820,38.360001,-19.040001,20.860001,1770369832.735715
0.146644,0.175192,1.402512,35.630001,1.120000,14.910000,1770369832.743842
0.196176,0.061488,1.617232,28.070000,20.719999,8.120000,1770369832.751720
0.285236,-0.104188,1.848544,31.500000,31.850000,3.640000,1770369832.759728
0.340136,-0.272792,2.145980,42.840000,36.470001,3.290000,1770369832.767716
0.272060,-0.375516,2.297260,50.470001,33.250000,2.310000,1770369832.775776
0.137616,-0.403576,2.223572,38.360001,22.190001,3.290000,1770369832.783747
0.080276,-0.451644,2.083760,17.500000,-1.680000,7.840000,1770369832.791725
0.080520,-0.487268,2.002752,0.210000,-33.669998,8.820000,1770369832.799754
0.133224,-0.532652,1.967372,-14.210000,-69.089996,7.980000,1770369832.807716
0.227164,-0.471408,1.840004,-26.530001,-100.800003,3.570000,1770369832.815829
0.337208,-0.374784,1.615524,-36.610001,-123.760002,2.170000,1770369832.823720
0.441640,-0.284016,1.328824,-40.950001,-138.460007,1.820000,1770369832.831718
0.523868,-0.200568,1.048956,-44.730000,-146.720001,2.520000,1770369832.839751
0.592920,-0.081740,0.797148,-42.980000,-142.449997,9.170000,1770369832.847727
0.656116,0.041968,0.625128,-40.529999,-124.250000,15.190000,1770369832.855721
0.713212,0.126148,0.500688,-35.209999,-97.650002,27.580000,1770369832.863734
0.721020,0.146400,0.398208,-32.549999,-63.560001,31.290001,1770369832.871706
0.683688,0.143472,0.286456,-28.000000,-28.910000,37.590000,1770369832.879727
0.596092,0.154452,0.159332,-20.230000,9.310000,39.410000,1770369832.887718
0.493612,0.176900,0.050996,-17.080000,41.580002,38.290001,1770369832.895729
0.381860,0.201056,-0.006344,-14.000000,69.720001,40.180000,1770369832.903734
0.265228,0.222528,-0.016348,-12.530000,93.800003,38.360001,1770369832.911724
0.164944,0.239608,-0.002196,-12.530000,110.669998,35.349998,1770369832.919750
0.071980,0.239608,0.033428,-10.570000,125.650002,28.280001,1770369832.927720
-0.001708,0.210084,0.097600,-8.470000,138.179993,22.400000,1770369832.935715
-0.033184,0.136396,0.225700,-2.660000,143.289993,15.540000,1770369832.943874
-0.055632,0.063684,0.379176,13.020000,139.020004,12.740000,1770369832.951721
-0.092476,0.008296,0.587552,31.639999,125.860001,10.920000,1770369832.959704
-0.096868,0.003172,0.920368,49.209999,105.139999,9.030000,1770369832.967721
-0.103456,0.027572,1.351516,58.240002,75.180000,4.760000,1770369832.975726
-0.106628,0.045140,1.660908,65.169998,44.590000,-3.780000,1770369832.983860
-0.035136,0.041968,1.802672,67.690002,22.610001,-10.990000,1770369832.991725
0.095160,0.005124,1.829268,67.339996,6.860000,-13.580000,1770369832.999750
0.271572,-0.028060,1.920768,58.310001,-10.220000,-6.230000,1770369833.007718
0.403332,-0.102968,1.911496,45.220001,-29.049999,1.610000,1770369833.015725
0.430416,-0.230580,1.922476,31.850000,-34.020000,6.510000,1770369833.023810
0.486292,-0.376004,2.070828,12.670000,-16.940001,9.380000,1770369833.031750
0.489952,-0.506788,2.143540,-7.910000,12.950000,10.010000,1770369833.039755
0.428952,-0.587552,2.059848,-21.000000,47.669998,6.930000,1770369833.047836
0.299388,-0.570960,1.900272,-30.870001,74.900002,2.870000,1770369833.055767
0.162748,-0.462868,1.745820,-40.110001,90.370003,-2.870000,1770369833.063986
0.038064,-0.304756,1.594296,-49.070000,91.489998,-3.220000,1770369833.071876
-0.094428,-0.154208,1.391288,-56.139999,78.610001,-3.920000,1770369833.079745
-0.205448,-0.036600,1.134844,-56.910000,57.540001,-7.630000,1770369833.087713
-0.282308,0.079544,0.911096,-53.060001,34.230000,-13.230000,1770369833.095727
-0.311344,0.169336,0.711992,-45.709999,9.520000,-18.410000,1770369833.103719
-0.307196,0.241072,0.542900,-39.970001,-10.850000,-26.950001,1770369833.111718
-0.279136,0.290604,0.410408,-33.320000,-25.830000,-27.930000,1770369833.119809
-0.245464,0.335012,0.287676,-22.889999,-34.790001,-29.750000,1770369833.127715
-0.217892,0.372344,0.193980,-14.070000,-39.759998,-30.520000,1770369833.135712
-0.186416,0.401868,0.140300,-7.910000,-43.049999,-29.820000,1770369833.143709
-0.140300,0.422364,0.075396,-5.110000,-44.240002,-25.690001,1770369833.151714
-0.107848,0.416996,-0.005368,-2.870000,-46.900002,-19.740000,1770369833.159709
-0.069784,0.390888,-0.074420,1.750000,-52.709999,-15.470000,1770369833.167717
-0.019276,0.354288,-0.042944,6.860000,-59.009998,-8.680000,1770369833.175717
0.033672,0.312320,0.102724,12.180000,-60.549999,-4.900000,1770369833.183821
0.057096,0.265472,0.309392,18.900000,-56.349998,3.080000,1770369833.191713
0.073688,0.223748,0.509716,28.070000,-47.599998,8.330000,1770369833.199709
0.080032,0.198128,0.745176,38.709999,-37.450001,10.150000,1770369833.207707
0.081252,0.191784,1.010648,46.689999,-21.280001,13.930000,1770369833.215705
0.067588,0.175924,1.193160,49.279999,-4.550000,12.530000,1770369833.223717
0.050020,0.093452,1.293444,48.509998,12.740000,6.860000,1770369833.231836
0.059536,-0.020740,1.391288,45.290001,28.840000,0.840000,1770369833.239748
0.095160,-0.183000,1.591124,50.820000,38.009998,-2.100000,1770369833.247725
0.173972,-0.324520,1.980548,65.589996,39.689999,-7.350000,1770369833.255712
0.163480,-0.435540,2.333128,70.489998,33.250000,-2.310000,1770369833.263711
0.032208,-0.453840,2.355088,55.790001,18.270000,-0.420000,1770369833.271732
-0.031476,-0.482144,2.202100,30.309999,-2.240000,3.080000,1770369833.279779
-0.032208,-0.537288,2.094252,13.650000,-34.020000,4.760000,1770369833.287699
0.039040,-0.528504,2.092056,0.910000,-68.110001,3.850000,1770369833.295706
0.146644,-0.399916,2.024956,-10.220000,-102.480003,4.620000,1770369833.303712
0.241072,-0.255224,1.818288,-22.889999,-128.029999,1.960000,1770369833.311694
0.338672,-0.130784,1.508164,-28.420000,-150.570007,1.050000,1770369833.319704
0.442372,-0.047092,1.194380,-33.740002,-168.210007,-1.120000,1770369833.327713
0.531188,0.046604,0.934032,-37.310001,-171.990005,-2.800000,1770369833.335772
0.623420,0.178608,0.708332,-35.980000,-162.330002,8.120000,1770369833.343758
0.684908,0.258396,0.579500,-35.209999,-142.029999,14.280000,1770369833.351718
0.731024,0.272060,0.479460,-33.250000,-113.190002,22.889999,1770369833.359708
0.742248,0.255468,0.367220,-31.080000,-79.730003,22.889999,1770369833.367720
0.707112,0.246196,0.254736,-24.920000,-39.900002,28.700001,1770369833.375710
0.634644,0.247416,0.132980,-20.790001,-1.470000,22.049999,1770369833.383857
0.534360,0.256444,0.038308,-16.520000,36.330002,25.410000,1770369833.391715
0.416264,0.268156,-0.017812,-16.240000,70.980003,18.690001,1770369833.399961
0.308904,0.276208,-0.037332,-15.680000,99.050003,18.900000,1770369833.407721
0.213744,0.269376,-0.028304,-17.219999,122.709999,12.670000,1770369833.415861
0.127124,0.235216,0.009272,-17.570000,140.630005,7.210000,1770369833.423711
0.066612,0.153476,0.111752,-12.670000,154.139999,1.750000,1770369833.431720
0.027328,0.080764,0.241804,-3.360000,155.889999,0.070000,1770369833.439717
0.001464,0.054168,0.401624,17.080000,147.350006,-0.420000,1770369833.447771
-0.037576,0.042456,0.708576,35.630001,136.360001,1.960000,1770369833.455716
-0.064416,0.091012,1.116300,46.270000,113.540001,2.590000,1770369833.463715
-0.101504,0.141276,1.499624,49.070000,86.239998,2.940000,1770369833.471709
-0.095892,0.154208,1.714588,46.200001,56.770000,-1.260000,1770369833.479746
0.001708,0.111264,1.806576,48.160000,31.850000,-4.690000,1770369833.487711
0.129076,0.017568,1.890268,41.930000,16.379999,2.310000,1770369833.495715
0.280600,-0.087596,1.969568,30.170000,-6.860000,7.350000,1770369833.503737
0.320860,-0.258396,1.924672,20.510000,-21.700001,13.510000,1770369833.511850
0.338428,-0.428708,1.996896,8.960000,-14.000000,14.630000,1770369833.519711
0.352092,-0.564616,2.083760,-0.560000,10.640000,16.100000,1770369833.527711
0.325496,-0.681248,2.053992,-6.090000,38.709999,10.850000,1770369833.535714
0.234972,-0.711748,1.930528,-19.530001,63.209999,4.340000,1770369833.543940
0.116144,-0.632692,1.797792,-31.780001,79.940002,-1.400000,1770369833.551714
0.010980,-0.467016,1.652612,-45.009998,83.930000,-5.460000,1770369833.559779
-0.108092,-0.297924,1.467172,-53.410000,74.410004,-10.080000,1770369833.567722
-0.197396,-0.139324,1.224148,-58.660000,54.669998,-14.630000,1770369833.575718
-0.256200,-0.011468,0.987468,-58.029999,29.260000,-21.000000,1770369833.583746
-0.278404,0.101504,0.786656,-52.639999,4.900000,-23.240000,1770369833.591720
-0.274988,0.203496,0.632448,-48.860001,-16.590000,-31.080000,1770369833.599769
-0.254492,0.280844,0.503128,-39.549999,-32.270000,-29.049999,1770369833.607718
-0.230580,0.344040,0.368928,-29.190001,-43.610001,-38.290001,1770369833.615778
-0.199836,0.392596,0.237168,-20.650000,-51.590000,-36.959999,1770369833.623697
-0.153476,0.446764,0.159088,-8.470000,-54.459999,-36.959999,1770369833.631722
-0.101016,0.483852,0.120292,-5.460000,-59.360001,-31.570000,1770369833.639841
-0.063440,0.497760,0.073444,-3.220000,-60.549999,-28.420000,1770369833.647730
-0.020496,0.488488,-0.003416,-2.660000,-62.720001,-18.200001,1770369833.655712
0.022936,0.441396,-0.046848,-0.560000,-66.709999,-13.580000,1770369833.663759
0.067100,0.379908,0.016348,6.440000,-68.739998,-4.550000,1770369833.671724
0.098576,0.294996,0.187148,13.790000,-63.770000,3.990000,1770369833.679715
0.123220,0.247904,0.405528,27.090000,-52.570000,9.240000,1770369833.687714
0.139324,0.221552,0.652700,36.049999,-36.119999,12.950000,1770369833.695716
0.152256,0.214476,0.936472,42.070000,-15.190000,14.980000,1770369833.703736
0.135176,0.180560,1.156072,46.619999,11.760000,16.940001,1770369833.711738
0.118828,0.117608,1.286612,47.250000,36.959999,14.070000,1770369833.719712
0.107604,0.009272,1.425692,47.880001,58.869999,12.180000,1770369833.727711
0.107848,-0.146644,1.607472,51.590000,71.610001,2.730000,1770369833.735716
0.130540,-0.315736,1.938336,68.459999,74.339996,-5.600000,1770369833.743796
0.092964,-0.415288,2.294332,84.000000,68.529999,-5.670000,1770369833.751723
-0.073688,-0.417240,2.391444,67.830002,52.080002,-6.930000,1770369833.759760
-0.198372,-0.453108,2.211616,38.360001,18.200001,-3.360000,1770369833.767722
-0.229604,-0.532164,2.055212,16.100000,-27.299999,-6.930000,1770369833.775719
-0.146400,-0.578036,2.036424,-1.330000,-80.500000,-6.230000,1770369833.783718
0.005856,-0.476532,2.007388,-13.510000,-129.080002,-7.910000,1770369833.791720
0.180316,-0.298900,1.841468,-25.200001,-161.910004,-9.940000,1770369833.799796
0.345748,-0.168360,1.563796,-34.790001,-187.809998,-8.610000,1770369833.807725
0.498980,-0.077592,1.268068,-42.419998,-202.089996,-11.410000,1770369833.815715
0.623420,0.035136,0.994788,-49.560001,-203.210007,-5.810000,1770369833.823714
0.717604,0.180560,0.736880,-49.419998,-185.710007,5.110000,1770369833.831721
0.789096,0.254492,0.574376,-48.860001,-153.369995,18.059999,1770369833.839752
0.820816,0.258640,0.445300,-43.330002,-113.120003,25.549999,1770369833.847778
0.796904,0.220820,0.331596,-36.889999,-67.410004,27.580000,1770369833.855716
0.726144,0.198128,0.221552,-28.280001,-21.490000,28.559999,1770369833.863759
0.628056,0.199104,0.124440,-21.700001,21.420000,27.790001,1770369833.871710
0.508740,0.228140,0.053680,-18.340000,59.779999,28.910000,1770369833.879711
0.383568,0.260836,0.008052,-15.190000,89.180000,28.559999,1770369833.887706
0.267912,0.287676,-0.015860,-17.010000,113.959999,23.660000,1770369833.895709
0.168360,0.292800,0.010736,-16.660000,132.720001,20.650000,1770369833.903735
0.079300,0.257420,0.046848,-14.350000,146.020004,16.450001,1770369833.911766
0.028792,0.197396,0.120292,-10.150000,150.710007,10.640000,1770369833.919736
-0.012932,0.116632,0.255224,4.340000,145.179993,10.360000,1770369833.927718
-0.050508,0.047336,0.439688,22.540001,130.830002,9.240000,1770369833.935716
-0.057096,0.017324,0.727120,40.389999,105.489998,6.090000,1770369833.944007
-0.062952,0.011712,1.113372,51.380001,82.459999,11.060000,1770369833.951805
-0.072956,-0.011224,1.488644,56.209999,52.009998,7.560000,1770369833.959765
-0.040504,-0.044164,1.746064,57.259998,24.290001,0.070000,1770369833.967717
0.050020,-0.100284,1.795108,53.619999,3.430000,-3.010000,1770369833.975718
0.190808,-0.178852,1.756312,50.820000,-14.560000,-7.840000,1770369833.983701
0.353068,-0.259616,1.790716,45.779999,-32.130001,-0.840000,1770369833.991761
0.455548,-0.375028,1.833660,33.740002,-43.610001,2.520000,1770369833.999805
0.485072,-0.526064,1.906372,18.340000,-30.030001,6.790000,1770369834.007708
0.484340,-0.675636,1.970056,5.880000,3.220000,1.470000,1770369834.015717
0.427244,-0.757376,1.951268,-3.920000,38.570000,-10.850000,1770369834.023706
0.348920,-0.656360,1.848300,-12.880000,65.870003,-18.969999,1770369834.031749
0.236192,-0.461404,1.777784,-22.750000,85.190002,-22.959999,1770369834.039784
0.101748,-0.264740,1.682624,-35.560001,88.059998,-25.549999,1770369834.047740
-0.037820,-0.090036,1.504748,-46.549999,77.769997,-29.190001,1770369834.055770
-0.162748,0.045384,1.231956,-51.169998,55.650002,-35.700001,1770369834.064032
-0.241316,0.146156,0.939400,-51.380001,30.030001,-44.450001,1770369834.072411
-0.278648,0.223992,0.694424,-45.990002,4.340000,-47.810001,1770369834.079744
-0.287676,0.298412,0.519720,-35.209999,-20.370001,-55.230000,1770369834.087715
-0.276452,0.375760,0.405772,-26.950001,-36.820000,-64.680000,1770369834.095824
-0.254980,0.456524,0.286944,-18.129999,-50.119999,-64.540001,1770369834.103754
-0.218380,0.518500,0.171044,-8.960000,-58.099998,-59.639999,1770369834.111708
-0.164944,0.572912,0.084424,-0.210000,-66.080002,-56.279999,1770369834.119714
-0.094428,0.592676,-0.000976,4.970000,-74.900002,-44.660000,1770369834.127709
-0.044164,0.589016,-0.095404,10.290000,-82.180000,-36.049999,1770369834.135713
-0.005124,0.559492,-0.086620,11.620000,-85.750000,-25.620001,1770369834.143785
0.040992,0.516792,0.039284,13.860000,-84.769997,-16.450001,1770369834.151730
0.081008,0.495076,0.204472,13.440000,-78.610001,-11.410000,1770369834.159713
0.121024,0.469456,0.379176,16.170000,-63.070000,-4.900000,1770369834.167716
0.162504,0.445544,0.591212,21.420000,-48.230000,1.540000,1770369834.175717
0.184708,0.440176,0.827892,25.969999,-26.670000,3.500000,1770369834.183754
0.210084,0.405040,1.051396,29.540001,-3.570000,4.340000,1770369834.191700
0.245708,0.292312,1.266360,27.790001,20.160000,6.160000,1770369834.199718
0.284504,0.161040,1.484008,22.190001,41.020000,-1.330000,1770369834.207711
0.364292,0.016348,1.762412,21.840000,56.349998,-11.060000,1770369834.215710
0.456036,-0.189588,2.100840,30.940001,67.199997,-14.630000,1770369834.223701
0.458232,-0.384056,2.378512,54.880001,72.379997,-16.799999,1770369834.231712
0.295240,-0.423340,2.412916,62.509998,69.860001,-13.230000,1770369834.239794
0.095648,-0.363804,2.250900,51.380001,56.000000,-11.620000,1770369834.247760
-0.008540,-0.349896,2.077660,26.879999,21.980000,-8.050000,1770369834.255710
-0.061488,-0.353556,2.004460,-2.100000,-21.070000,-3.430000,1770369834.263709
-0.052948,-0.386252,1.929064,-31.080000,-67.410004,-4.340000,1770369834.271710
0.020740,-0.362828,1.738988,-49.700001,-104.860001,-2.100000,1770369834.279737
0.141032,-0.339160,1.457900,-59.849998,-133.630005,-12.320000,1770369834.287710
0.270108,-0.277916,1.174372,-58.869999,-154.000000,-9.170000,1770369834.295695
0.376492,-0.195688,0.951600,-56.490002,-164.429993,-12.810000,1770369834.303715
0.471164,-0.077348,0.746640,-54.320000,-160.440002,-3.990000,1770369834.311711
0.547048,0.032696,0.599752,-47.389999,-145.179993,0.910000,1770369834.319708
0.610488,0.100040,0.505080,-44.730000,-120.540001,9.450000,1770369834.327733
0.624396,0.132492,0.394060,-41.509998,-88.830002,17.709999,1770369834.335714
0.588772,0.165432,0.274744,-38.150002,-53.200001,23.170000,1770369834.343710
0.516304,0.200568,0.157868,-35.000000,-18.410000,26.809999,1770369834.351716
0.435052,0.233508,0.047336,-32.830002,14.280000,27.719999,1770369834.359724
0.342332,0.253760,-0.026352,-35.980000,44.240002,30.520000,1770369834.367825
0.251076,0.264496,-0.056120,-31.639999,66.989998,30.799999,1770369834.375702
0.171532,0.243756,-0.015128,-30.660000,87.290001,26.600000,1770369834.383719
0.110776,0.180560,0.079300,-26.250000,100.169998,25.760000,1770369834.391703
0.067100,0.093208,0.199348,-17.010000,106.120003,16.940001,1770369834.399769
0.049776,0.022692,0.339404,-1.400000,105.139999,14.000000,1770369834.407761
0.059536,-0.013176,0.499712,22.680000,94.150002,9.800000,1770369834.415726
0.089792,-0.049532,0.787876,47.110001,75.529999,10.080000,1770369834.423715
0.125660,-0.070028,1.218292,62.020000,52.779999,9.730000,1770369834.431722
0.184952,-0.063440,1.592344,75.529999,30.730000,5.810000,1770369834.439715
0.279624,-0.040504,1.825120,81.830002,9.520000,5.880000,1770369834.447779
0.367708,-0.053192,1.877824,77.139999,0.420000,5.530000,1770369834.455718
0.490440,-0.091012,1.830000,60.270000,-12.390000,10.360000,1770369834.463735
0.650260,-0.161040,1.810968,43.400002,-27.719999,19.530001,1770369834.471710
0.685396,-0.301584,1.848544,22.750000,-24.500000,30.030001,1770369834.479844
0.686616,-0.517524,1.948828,8.470000,6.860000,34.439999,1770369834.487709
0.602436,-0.722484,1.967616,-7.350000,51.799999,34.020000,1770369834.495698
0.413092,-0.855708,1.866600,-13.790000,100.589996,15.890000,1770369834.503722
0.256444,-0.779580,1.748016,-16.520000,136.360001,5.460000,1770369834.511707
0.082960,-0.610976,1.631628,-19.320000,157.570007,-6.580000,1770369834.519733
-0.078080,-0.405528,1.474736,-23.870001,162.190002,-12.740000,1770369834.527808
-0.238388,-0.214964,1.248792,-30.450001,147.070007,-20.650000,1770369834.535702
-0.371856,-0.051972,0.980636,-33.320000,119.209999,-25.690001,1770369834.543717
-0.446764,0.076616,0.747616,-32.200001,80.290001,-34.090000,1770369834.551743
-0.482632,0.191784,0.601948,-24.850000,41.720001,-39.830002,1770369834.559816
-0.483852,0.284748,0.508008,-17.219999,8.680000,-43.680000,1770369834.567713
-0.465796,0.375272,0.403820,-5.670000,-19.180000,-43.540001,1770369834.575715
-0.424316,0.450912,0.314516,7.560000,-42.910000,-40.529999,1770369834.583737
-0.358924,0.517524,0.226676,17.500000,-63.770000,-33.110001,1770369834.591709
-0.281820,0.569008,0.146644,25.760000,-81.059998,-26.180000,1770369834.599730
-0.224236,0.596824,0.063440,27.230000,-96.949997,-13.650000,1770369834.607764
-0.149816,0.601704,0.026596,26.530001,-108.360001,-8.050000,1770369834.615755
-0.101504,0.599508,0.052460,20.510000,-112.980003,1.610000,1770369834.623756
-0.047336,0.584624,0.173484,15.680000,-111.650002,6.650000,1770369834.631724
0.008296,0.561200,0.328912,11.200000,-101.919998,10.850000,1770369834.639755
0.071248,0.521672,0.512156,10.780000,-88.339996,11.620000,1770369834.647958
0.129076,0.488732,0.722728,11.550000,-73.500000,17.709999,1770369834.655712
0.192028,0.453352,0.965020,16.309999,-54.740002,22.190001,1770369834.663712
0.252052,0.382592,1.202676,20.650000,-33.459999,18.549999,1770369834.671715
0.309880,0.258396,1.424472,18.969999,-11.340000,26.879999,1770369834.679750
0.387960,0.160308,1.649684,11.760000,6.790000,21.840000,1770369834.687726
0.501420,-0.026596,1.961516,9.660000,25.760000,22.889999,1770369834.695700
0.554368,-0.281820,2.313364,23.730000,48.160000,22.750000,1770369834.703719
0.468724,-0.427976,2.531988,44.099998,62.299999,18.129999,1770369834.711722
0.292556,-0.413824,2.422432,48.930000,60.970001,14.770000,1770369834.719727
0.138592,-0.338916,2.151836,44.169998,44.029999,18.690001,1770369834.727713
0.026108,-0.319640,1.984452,25.059999,7.140000,19.389999,1770369834.735713
-0.035136,-0.312076,1.830488,-3.430000,-43.119999,14.980000,1770369834.743714
-0.007564,-0.298900,1.573800,-27.160000,-91.209999,15.470000,1770369834.751758
0.090036,-0.274988,1.301008,-45.080002,-133.839996,10.080000,1770369834.759728
0.235460,-0.225944,1.030900,-50.820000,-164.220001,7.000000,1770369834.767719
0.363804,-0.176900,0.816912,-50.610001,-178.289993,6.650000,1770369834.775715
0.497028,-0.128344,0.654164,-45.990002,-182.210007,12.740000,1770369834.783719
0.610000,-0.080520,0.549488,-42.980000,-173.110001,16.379999,1770369834.791812
0.707844,-0.059292,0.476044,-38.639999,-152.669998,26.250000,1770369834.799736
0.754448,-0.039772,0.351360,-32.549999,-120.750000,28.910000,1770369834.807722
0.744444,0.000244,0.202520,-26.950001,-83.160004,31.500000,1770369834.815716
0.688568,0.050020,0.071492,-21.910000,-37.660000,32.759998,1770369834.823749
0.607316,0.094916,-0.017080,-16.030001,4.830000,35.630001,1770369834.831744
0.508252,0.130296,-0.079788,-15.540000,45.570000,35.980000,1770369834.839839
0.415044,0.155916,-0.103944,-11.620000,81.480003,36.889999,1770369834.847731
0.318420,0.172508,-0.062708,-8.120000,110.879997,38.290001,1770369834.855716
0.235216,0.145424,0.021716,-6.230000,133.490005,31.290001,1770369834.863784
0.179584,0.071248,0.165432,-1.680000,149.800003,29.610001,1770369834.871734
0.152256,0.004148,0.320860,11.620000,154.910004,23.309999,1770369834.879721
0.139080,-0.029768,0.507764,30.870001,148.399994,19.180000,1770369834.887727
0.161772,-0.046604,0.840336,50.820000,136.080002,19.389999,1770369834.895834
0.185196,-0.033428,1.347612,63.279999,118.440002,17.150000,1770369834.903717
0.236680,0.015372,1.755824,71.959999,98.349998,11.060000,1770369834.911724
0.306220,0.027328,1.962004,74.970001,79.309998,11.760000,1770369834.919719
0.385764,0.018056,1.942728,74.900002,62.439999,17.290001,1770369834.927721
0.495320,-0.006832,1.894660,62.860001,37.240002,21.490000,1770369834.935728
0.510204,-0.098332,1.914668,45.290001,13.370000,26.809999,1770369834.943722
0.489952,-0.264008,2.003972,25.549999,18.410000,30.309999,1770369834.951732
0.467504,-0.449448,2.141832,7.210000,49.980000,29.400000,1770369834.959757
0.388936,-0.569740,2.112552,-4.970000,88.269997,25.620001,1770369834.967728
0.231312,-0.596824,1.971520,-16.100000,116.620003,13.440000,1770369834.975715
0.068076,-0.510204,1.809748,-26.740000,136.710007,1.190000,1770369834.983725
-0.069052,-0.342820,1.645292,-34.509998,141.610001,-10.990000,1770369834.991705
-0.209840,-0.180316,1.421300,-42.279999,130.619995,-11.270000,1770369834.999748
-0.338672,-0.041480,1.129964,-48.230000,105.349998,-18.620001,1770369835.007825
-0.434564,0.054168,0.827892,-48.860001,72.169998,-24.219999,1770369835.015770
-0.474092,0.168116,0.600240,-42.700001,35.279999,-31.080000,1770369835.023717
-0.482388,0.258152,0.464576,-33.459999,1.190000,-39.970001,1770369835.031720
-0.455792,0.347212,0.362340,-20.299999,-26.530001,-42.419998,1770369835.039755
-0.412848,0.430660,0.265716,-2.240000,-44.730000,-42.910000,1770369835.047793
-0.340380,0.517280,0.184464,11.200000,-59.430000,-38.290001,1770369835.055732
-0.269376,0.589016,0.106140,20.930000,-72.730003,-28.070000,1770369835.064006
-0.212768,0.629520,0.016592,21.209999,-84.839996,-17.570000,1770369835.071825
-0.147132,0.620492,-0.064660,17.570000,-95.269997,-8.050000,1770369835.079755
-0.095160,0.563396,-0.072956,17.219999,-103.459999,-3.570000,1770369835.087808
-0.023668,0.531188,0.033672,12.880000,-107.099998,2.870000,1770369835.095715
0.037576,0.496540,0.200812,8.750000,-103.879997,10.500000,1770369835.103729
0.089060,0.450424,0.376980,12.110000,-90.650002,13.860000,1770369835.111800
0.158112,0.410652,0.629520,15.120000,-72.730003,19.180000,1770369835.119826
0.211548,0.374296,0.896944,23.379999,-49.770000,20.299999,1770369835.127705
0.218136,0.307684,1.101416,31.850000,-21.840000,20.370001,1770369835.135706
0.216672,0.196420,1.248304,36.049999,6.300000,20.510000,1770369835.143733
0.214232,0.025376,1.390312,37.520000,37.730000,15.470000,1770369835.151880
0.257908,-0.143472,1.572336,29.959999,59.849998,11.760000,1770369835.159715
0.354532,-0.320128,1.919792,36.400002,69.860001,5.880000,1770369835.167709
0.379176,-0.521916,2.310192,59.849998,76.860001,3.220000,1770369835.175711
0.222284,-0.605608,2.512956,72.029999,70.839996,3.850000,1770369835.183732
0.043188,-0.539728,2.334592,54.599998,53.200001,3.500000,1770369835.191725
-0.049044,-0.524844,2.109136,29.610001,18.270000,6.790000,1770369835.199726
-0.068808,-0.516792,2.027152,7.420000,-32.270000,9.450000,1770369835.207719
-0.023180,-0.435052,1.935408,-11.550000,-77.279999,8.400000,1770369835.215714
0.073200,-0.297680,1.748992,-26.879999,-115.849998,4.550000,1770369835.223765
0.211304,-0.162992,1.494744,-34.299999,-146.929993,-0.070000,1770369835.231719
0.324764,-0.061488,1.163148,-39.830002,-168.070007,-2.660000,1770369835.239715
0.424560,0.029280,0.894016,-42.419998,-177.380005,-4.550000,1770369835.247789
0.525088,0.145180,0.679784,-40.459999,-172.199997,2.170000,1770369835.255731
0.580720,0.214232,0.527772,-39.060001,-152.600006,14.070000,1770369835.263712
0.614148,0.238388,0.389668,-36.330002,-123.339996,20.090000,1770369835.271715
0.604876,0.230580,0.249124,-36.119999,-91.139999,24.709999,1770369835.279700
0.565836,0.223016,0.107848,-30.170000,-56.139999,27.930000,1770369835.287732
0.505568,0.229116,0.014396,-25.200001,-23.730000,28.139999,1770369835.295717
0.438224,0.228628,-0.030988,-19.879999,6.930000,26.110001,1770369835.303809
0.365268,0.236924,-0.044164,-15.960000,36.400002,26.250000,1770369835.311720
0.283772,0.229848,-0.024156,-15.750000,62.509998,24.570000,1770369835.319711
0.205692,0.221308,0.011712,-14.210000,84.839996,23.660000,1770369835.327731
0.152988,0.173240,0.089060,-12.880000,105.629997,16.799999,1770369835.335850
0.133224,0.100528,0.214964,-4.340000,114.449997,15.890000,1770369835.343706
0.120536,0.048312,0.378444,7.140000,115.849998,7.350000,1770369835.351733
0.116144,0.002196,0.606096,24.639999,110.529999,7.700000,1770369835.359712
0.121024,-0.000244,0.975756,36.330002,99.889999,1.610000,1770369835.367711
0.122732,0.035624,1.423008,40.180000,85.400002,0.980000,1770369835.375710
0.135420,0.068076,1.795108,39.480000,71.050003,-8.120000,1770369835.383833
0.199592,0.020252,2.007144,42.070000,62.090000,-7.490000,1770369835.391742
0.303536,-0.062220,1.991040,38.150002,46.200001,-4.130000,1770369835.399760
0.455304,-0.165676,1.929064,40.180000,13.930000,5.530000,1770369835.407723
0.494832,-0.280112,1.927844,31.639999,-16.940001,10.290000,1770369835.415711
0.509228,-0.416752,2.012024,19.740000,-18.620001,9.380000,1770369835.423834
0.541192,-0.572912,2.115236,5.390000,4.900000,10.640000,1770369835.431715
0.531188,-0.681980,2.102060,-4.760000,38.779999,6.860000,1770369835.439716
0.421144,-0.704428,1.941996,-14.420000,74.830002,-3.990000,1770369835.447713
0.294508,-0.602924,1.778516,-24.290001,101.709999,-17.150000,1770369835.455794
0.181048,-0.434564,1.621624,-35.630001,113.330002,-22.750000,1770369835.463714
0.054412,-0.264496,1.426180,-44.939999,114.870003,-24.920000,1770369835.471719
-0.071736,-0.117608,1.172664,-52.779999,106.540001,-29.610001,1770369835.479734
-0.178120,0.006100,0.926956,-53.480000,93.800003,-35.490002,1770369835.487724
-0.257664,0.125660,0.741028,-52.430000,76.019997,-35.209999,1770369835.495730
-0.317444,0.240096,0.612440,-47.740002,56.630001,-43.680000,1770369835.503718
-0.355752,0.352092,0.513864,-38.990002,41.230000,-43.889999,1770369835.511711
-0.368196,0.427000,0.406504,-24.639999,27.370001,-43.119999,1770369835.519776
-0.383812,0.476288,0.294996,-14.560000,12.670000,-35.209999,1770369835.527742
-0.386496,0.505080,0.182756,-3.010000,-1.190000,-31.850000,1770369835.535713
-0.375272,0.523624,0.065392,1.330000,-18.969999,-22.680000,1770369835.543711
-0.335012,0.535824,-0.046116,6.790000,-39.340000,-14.140000,1770369835.551908
-0.284504,0.526308,-0.085156,6.860000,-62.580002,-6.790000,1770369835.559726
-0.223748,0.526064,-0.017324,6.020000,-82.389999,0.140000,1770369835.567740
-0.162748,0.509472,0.143228,1.680000,-95.550003,5.110000,1770369835.575725
-0.106140,0.431636,0.329644,2.520000,-96.250000,10.150000,1770369835.583717
-0.042212,0.356972,0.512644,5.250000,-92.889999,12.040000,1770369835.591715
0.018544,0.301096,0.738832,15.540000,-84.070000,16.100000,1770369835.599737
0.053924,0.246196,0.991616,25.620001,-70.489998,18.270000,1770369835.607755
0.082228,0.178608,1.196088,32.830002,-50.119999,19.040001,1770369835.615728
0.106384,0.072468,1.320284,38.849998,-27.580000,14.910000,1770369835.623711
0.143960,-0.064416,1.444724,33.740002,-1.120000,11.410000,1770369835.631751
0.247660,-0.189832,1.709952,37.310001,18.059999,10.150000,1770369835.639714
0.345748,-0.348676,2.148908,50.540001,33.180000,7.700000,1770369835.647764
0.302316,-0.446520,2.460984,63.910000,37.240002,2.380000,1770369835.655729
0.160796,-0.448472,2.430972,48.160000,27.299999,0.490000,1770369835.663716
0.069784,-0.465064,2.140612,26.879999,-1.470000,3.290000,1770369835.671719
0.049044,-0.496052,1.966396,7.770000,-43.330002,9.380000,1770369835.679719
0.102968,-0.508984,1.892952,-9.800000,-89.389999,10.710000,1770369835.687722
0.211060,-0.399672,1.756800,-26.320000,-129.149994,10.710000,1770369835.695700
0.328912,-0.256688,1.501088,-37.660000,-160.160004,8.960000,1770369835.703719
0.447252,-0.146644,1.199748,-45.220001,-178.500000,5.880000,1770369835.711718
0.559736,-0.040748,0.921344,-47.529999,-188.300003,4.550000,1770369835.719824
0.672464,0.063196,0.679540,-52.080002,-181.160004,9.380000,1770369835.727735
0.757132,0.109800,0.530944,-50.259998,-158.899994,13.230000,1770369835.735720
0.803980,0.125416,0.385764,-48.230000,-123.830002,16.799999,1770369835.743796
0.791292,0.134688,0.218868,-40.599998,-79.309998,17.360001,1770369835.751964
0.738344,0.145912,0.070760,-33.459999,-33.599998,21.490000,1770369835.759717
0.653188,0.163236,-0.024644,-26.459999,15.120000,20.860001,1770369835.767817
0.555832,0.178364,-0.064904,-20.860001,56.770000,19.600000,1770369835.775714
0.446520,0.192028,-0.070028,-16.520000,92.400002,21.000000,1770369835.783715
0.315248,0.184220,-0.041724,-13.090000,122.080002,19.389999,1770369835.791720
0.196176,0.201788,-0.008540,-13.090000,147.000000,15.960000,1770369835.799728
0.094428,0.213988,0.030256,-10.220000,165.199997,12.180000,1770369835.807716
0.024400,0.178120,0.130540,-5.880000,175.419998,9.380000,1770369835.815813
-0.001708,0.094428,0.303292,2.660000,171.220001,6.370000,1770369835.823741
-0.031232,0.009760,0.535580,19.110001,155.259995,4.410000,1770369835.831714
-0.056608,-0.047092,0.904264,39.200001,131.809998,9.590000,1770369835.839711
-0.084180,-0.065880,1.384944,47.950001,98.910004,2.030000,1770369835.847760
-0.115900,-0.053436,1.748504,50.259998,67.199997,-0.420000,1770369835.855730
-0.057340,-0.068320,1.878312,54.389999,42.840000,-8.120000,1770369835.863740
0.068808,-0.124684,1.883436,54.740002,21.770000,-14.770000,1770369835.871695
0.245708,-0.182268,1.912960,51.169998,3.010000,-9.870000,1770369835.879712
0.402112,-0.250100,1.899052,42.840000,-22.469999,-1.890000,1770369835.887838
0.456280,-0.360144,1.923696,29.959999,-32.340000,0.490000,1770369835.895696
0.515572,-0.495564,2.060824,11.760000,-19.600000,5.250000,1770369835.903743
0.530944,-0.590480,2.137684,-4.340000,9.940000,5.530000,1770369835.911722
0.467016,-0.614636,2.058140,-17.360001,50.540001,-1.400000,1770369835.919699
0.331596,-0.553636,1.883924,-30.730000,85.540001,-7.350000,1770369835.927716
0.179584,-0.413824,1.704584,-43.610001,107.239998,-19.180000,1770369835.935836
0.047092,-0.262544,1.526708,-57.610001,112.209999,-23.870001,1770369835.943712
-0.076128,-0.131272,1.302960,-62.160000,106.889999,-29.260000,1770369835.951736
-0.195444,-0.047580,1.058472,-63.139999,92.470001,-34.860001,1770369835.959716
-0.269620,0.050508,0.817888,-58.380001,70.000000,-41.860001,1770369835.967766
-0.326960,0.135420,0.620492,-52.220001,48.930000,-47.250000,1770369835.975740
-0.366976,0.201300,0.458964,-43.189999,27.650000,-50.330002,1770369835.983711
-0.375272,0.233264,0.313540,-28.770000,7.000000,-54.320000,1770369835.991715
-0.363072,0.299144,0.204716,-13.790000,-10.640000,-50.750000,1770369835.999722
-0.317200,0.366244,0.152012,1.190000,-25.690001,-45.009998,1770369836.007745
-0.273280,0.427976,0.131028,7.980000,-40.669998,-37.380001,1770369836.015757
-0.241804,0.446276,0.072712,9.450000,-52.990002,-28.280001,1770369836.023703
-0.199592,0.448472,0.001708,12.740000,-64.190002,-20.370001,1770369836.031733
-0.152988,0.424560,0.002440,14.840000,-73.849998,-12.950000,1770369836.039743
-0.099308,0.385764,0.122488,21.070000,-80.010002,-6.160000,1770369836.047718
-0.052460,0.348432,0.318908,25.059999,-81.059998,-1.190000,1770369836.055734
-0.023912,0.325496,0.519232,31.430000,-73.919998,6.090000,1770369836.063878
0.009516,0.315736,0.749324,38.639999,-64.190002,8.960000,1770369836.071953
0.044408,0.331108,0.998936,44.869999,-50.470001,13.230000,1770369836.079811
0.047824,0.277184,1.210240,46.619999,-32.830002,12.880000,1770369836.087761
0.038796,0.170556,1.332972,46.410000,-13.300000,11.690000,1770369836.095716
0.039772,0.048312,1.438868,43.540001,5.950000,6.650000,1770369836.103736
0.106384,-0.092476,1.651880,45.150002,18.969999,-0.210000,1770369836.111701
0.171288,-0.255956,2.045940,52.709999,25.059999,-6.580000,1770369836.119805
0.148108,-0.385032,2.368264,57.959999,29.260000,-8.960000,1770369836.127730
0.025132,-0.439932,2.376560,47.740002,21.770000,-16.590000,1770369836.135707
-0.021228,-0.496540,2.191364,26.530001,-1.960000,-12.740000,1770369836.143714
-0.018300,-0.550220,2.095472,12.320000,-43.049999,-8.120000,1770369836.151755
0.051484,-0.538020,2.011292,-3.570000,-91.139999,-3.990000,1770369836.159768
0.151280,-0.436272,1.847324,-20.370001,-134.750000,-0.070000,1770369836.167716
0.272304,-0.315980,1.604300,-31.639999,-168.350006,-3.640000,1770369836.175710
0.404308,-0.209840,1.318332,-40.529999,-192.360001,-5.670000,1770369836.183697
0.524356,-0.102236,1.036512,-46.410000,-204.050003,-5.880000,1770369836.191695
0.639524,0.027084,0.773480,-45.430000,-200.830002,-2.170000,1770369836.199728
0.716872,0.134200,0.588772,-45.150002,-181.300003,4.900000,1770369836.207714
0.778360,0.193248,0.433344,-41.090000,-147.559998,7.840000,1770369836.215790
0.798856,0.197884,0.291824,-39.970001,-106.750000,12.320000,1770369836.223715
0.758352,0.199592,0.148596,-34.299999,-61.880001,14.560000,1770369836.231709
0.678076,0.216184,0.021472,-29.889999,-11.830000,19.530001,1770369836.239707
0.576572,0.232288,-0.045140,-24.290001,30.520000,19.950001,1770369836.247713
0.453596,0.247904,-0.064660,-21.000000,68.599998,16.730000,1770369836.255773
0.328180,0.262788,-0.060024,-20.299999,98.279999,15.540000,1770369836.263718
0.211792,0.275232,-0.031964,-16.309999,123.269997,11.620000,1770369836.271710
0.103456,0.265960,0.010492,-17.920000,145.600006,8.260000,1770369836.279710
0.043676,0.210084,0.087352,-11.410000,154.770004,1.050000,1770369836.287712
0.016104,0.127856,0.220332,-3.010000,153.929993,-2.940000,1770369836.295698
0.002928,0.045384,0.388692,15.540000,139.929993,-3.990000,1770369836.303734
0.005612,-0.037088,0.666120,35.070000,118.300003,-2.870000,1770369836.311711
0.010980,-0.083936,1.127524,58.310001,88.970001,-2.870000,1770369836.319698
0.028548,-0.088328,1.563552,68.809998,56.349998,-4.480000,1770369836.327705
0.086864,-0.077104,1.840980,76.930000,25.620001,-7.140000,1770369836.335710
0.209840,-0.097844,1.927600,79.029999,6.230000,-5.740000,1770369836.343719
0.367952,-0.134444,1.904908,72.519997,-6.440000,-6.370000,1770369836.351744
0.538752,-0.186416,1.891488,60.270000,-18.760000,0.490000,1770369836.359715
0.620248,-0.276208,1.908080,43.610001,-19.250000,3.780000,1770369836.367706
0.659288,-0.405772,1.996652,21.629999,-0.210000,8.820000,1770369836.375706
0.656360,-0.553392,2.109624,1.190000,36.750000,11.060000,1770369836.383723
0.548024,-0.644404,2.072292,-10.920000,81.480003,9.520000,1770369836.391715
0.362584,-0.624640,1.947852,-21.350000,120.959999,0.210000,1770369836.399730
0.192028,-0.502640,1.815360,-33.389999,146.509995,-6.930000,1770369836.407735
0.027084,-0.345016,1.660176,-44.730000,154.210007,-14.350000,1770369836.415718
-0.134200,-0.198128,1.464244,-55.160000,146.229996,-21.770000,1770369836.423719
-0.270108,-0.083204,1.209996,-58.730000,122.919998,-24.570000,1770369836.431708
-0.362584,0.014884,0.952088,-60.060001,91.349998,-28.350000,1770369836.439799
-0.417972,0.109312,0.768844,-56.070000,53.900002,-36.119999,1770369836.447871
-0.435296,0.178852,0.621468,-49.279999,21.980000,-40.740002,1770369836.455736
-0.417728,0.224236,0.477264,-41.299999,-3.710000,-43.330002,1770369836.463785
-0.381616,0.289872,0.348920,-27.860001,-22.400000,-43.820000,1770369836.471752
-0.331596,0.352336,0.252540,-16.799999,-37.029999,-42.209999,1770369836.479711
-0.273036,0.413336,0.191296,-6.860000,-47.669998,-39.060001,1770369836.487729
-0.207400,0.445056,0.137128,-1.540000,-55.230000,-29.190001,1770369836.495813
-0.165432,0.450668,0.050752,5.740000,-61.669998,-20.719999,1770369836.503760
-0.126392,0.458476,-0.036600,9.310000,-69.720001,-11.200000,1770369836.511722
-0.081008,0.450668,-0.002928,17.080000,-77.419998,-4.690000,1770369836.519718
-0.023912,0.430172,0.146400,19.459999,-82.949997,0.490000,1770369836.527842
0.015372,0.404064,0.361364,22.680000,-79.379997,7.490000,1770369836.535722
0.030988,0.382104,0.554124,22.959999,-68.879997,10.430000,1770369836.543718
0.053192,0.385032,0.778848,28.770000,-53.900002,15.680000,1770369836.551719
0.076372,0.408700,1.011624,30.520000,-36.680000,16.100000,1770369836.559733
0.081740,0.380884,1.192428,34.509998,-19.389999,14.770000,1770369836.567718
0.075152,0.277428,1.311012,32.270000,1.680000,8.470000,1770369836.575753
0.074664,0.099796,1.399828,28.350000,21.280001,0.700000,1770369836.583737
0.114192,-0.074908,1.581120,28.420000,36.119999,-3.850000,1770369836.591704
0.165432,-0.251808,1.919304,35.700001,39.549999,-8.260000,1770369836.599737
0.113948,-0.421632,2.256268,47.040001,42.139999,-9.380000,1770369836.607712
-0.008540,-0.494100,2.336300,44.169998,39.830002,-15.120000,1770369836.615751
-0.078568,-0.487756,2.218692,26.040001,19.180000,-7.700000,1770369836.623766
-0.115168,-0.503860,2.109624,6.510000,-18.200001,-2.800000,1770369836.631712
-0.093208,-0.523868,2.008120,-11.340000,-64.050003,4.200000,1770369836.639718
-0.023180,-0.485316,1.839028,-26.320000,-107.449997,5.670000,1770369836.647714
0.080032,-0.408700,1.606252,-37.520000,-142.940002,2.730000,1770369836.655910
0.209352,-0.328668,1.331996,-44.099998,-168.000000,0.280000,1770369836.663732
0.342576,-0.253272,1.054324,-44.520000,-183.470001,-1.750000,1770369836.671723
0.460184,-0.158112,0.830088,-45.849998,-190.190002,1.750000,1770369836.679711
0.550952,-0.038308,0.622932,-42.070000,-182.070007,5.530000,1770369836.687796
0.621712,0.052948,0.477996,-37.799999,-161.559998,13.860000,1770369836.695729
0.666608,0.101504,0.354044,-33.529999,-131.740005,19.530001,1770369836.703726
0.669292,0.111020,0.236436,-28.070000,-92.610001,22.750000,1770369836.711721
0.638304,0.130540,0.123708,-23.100000,-53.410000,24.080000,1770369836.719719
0.576328,0.161040,0.018544,-19.110001,-12.530000,24.360001,1770369836.727841
0.486292,0.187392,-0.034892,-16.240000,23.660000,24.570000,1770369836.735713
0.372588,0.213744,-0.061000,-14.210000,56.419998,20.160000,1770369836.743714
0.268888,0.218868,-0.046604,-12.670000,84.070000,21.700001,1770369836.751718
0.176168,0.217892,-0.001708,-12.250000,108.779999,13.650000,1770369836.759737
0.099796,0.191296,0.069296,-8.540000,124.739998,10.290000,1770369836.767724
0.067588,0.123464,0.189832,-3.710000,129.080002,3.780000,1770369836.775716
0.050752,0.049532,0.354532,9.730000,124.809998,-2.310000,1770369836.783746
0.059292,-0.012932,0.579256,32.970001,111.650002,0.280000,1770369836.791715
0.070516,-0.041236,0.933056,51.380001,91.139999,-1.400000,1770369836.799729
0.087840,-0.035136,1.429596,66.360001,65.309998,-1.330000,1770369836.807748
0.118340,-0.006832,1.746064,73.430000,38.009998,-7.630000,1770369836.815821
0.201300,-0.012200,1.882948,77.000000,18.830000,-8.750000,1770369836.823722
0.316712,-0.050264,1.860744,76.510002,3.990000,-10.780000,1770369836.831718
0.468968,-0.108580,1.828048,63.910000,-10.990000,-4.200000,1770369836.839722
0.564372,-0.187148,1.843664,47.810001,-22.260000,-0.980000,1770369836.847749
0.603656,-0.330376,1.924428,27.440001,-10.290000,3.080000,1770369836.855951
0.639036,-0.467260,2.039840,8.540000,19.809999,3.990000,1770369836.863725
0.615856,-0.591944,2.075952,-2.800000,59.779999,5.530000,1770369836.871765
0.498004,-0.606584,1.994700,-12.110000,96.320000,0.700000,1770369836.879928
0.323544,-0.501176,1.886608,-23.730000,124.389999,-8.610000,1770369836.887721
0.163236,-0.326472,1.747772,-33.810001,136.500000,-14.490000,1770369836.895691
0.009272,-0.160796,1.568676,-46.619999,133.630005,-17.920000,1770369836.903752
-0.139080,-0.022692,1.359812,-53.619999,116.059998,-20.860001,1770369836.911835
-0.252052,0.080032,1.108492,-58.380001,92.120003,-26.250000,1770369836.919716
-0.329888,0.170068,0.874740,-54.880001,63.279999,-29.959999,1770369836.927713
-0.368196,0.246196,0.697596,-49.980000,34.720001,-37.169998,1770369836.935716
-0.376004,0.315004,0.545828,-43.330002,11.200000,-41.230000,1770369836.943699
-0.375272,0.353068,0.401136,-36.680000,-5.740000,-41.090000,1770369836.951718
-0.361852,0.368196,0.251808,-28.420000,-15.610000,-43.189999,1770369836.959779
-0.329888,0.416508,0.142252,-17.080000,-24.500000,-40.880001,1770369836.967724
-0.275964,0.433344,0.109312,-7.840000,-32.480000,-36.610001,1770369836.975718
-0.226920,0.442128,0.071004,-4.130000,-39.619999,-27.230000,1770369836.983715
-0.187148,0.435052,0.020252,0.070000,-48.580002,-18.410000,1770369836.991727
-0.135664,0.407236,-0.022936,1.400000,-57.750000,-10.780000,1770369836.999741
-0.090036,0.379420,0.022204,10.220000,-64.820000,-4.130000,1770369837.007735
-0.039528,0.347212,0.173240,16.450001,-68.389999,2.450000,1770369837.015704
-0.009516,0.313052,0.378200,23.100000,-63.770000,9.730000,1770369837.023716
0.012200,0.292068,0.580232,30.730000,-55.369999,16.240000,1770369837.031717
0.040260,0.293044,0.831308,38.919998,-44.799999,21.070000,1770369837.039703
0.048800,0.298168,1.070184,44.869999,-30.799999,27.790001,1770369837.047697
0.054656,0.224968,1.263920,48.369999,-14.980000,26.040001,1770369837.055838
0.040016,0.109800,1.401536,45.080002,0.000000,21.280001,1770369837.064006
0.070028,-0.016592,1.568432,41.790001,14.770000,14.770000,1770369837.071804
0.130052,-0.176656,1.836344,48.160000,27.440001,6.090000,1770369837.079880
0.169092,-0.344284,2.204540,57.189999,34.020000,-1.190000,1770369837.087717
0.089304,-0.468724,2.367532,57.540001,36.259998,-9.030000,1770369837.095713
-0.004148,-0.516060,2.228940,45.290001,27.299999,-10.500000,1770369837.103730
-0.039040,-0.578768,2.101084,30.870001,-0.910000,-4.480000,1770369837.111744
-0.030744,-0.622444,2.059848,14.980000,-39.549999,-2.170000,1770369837.119887
0.040992,-0.569008,2.005192,-3.640000,-80.709999,-0.630000,1770369837.127706
0.148840,-0.469456,1.881728,-20.090000,-116.620003,-3.080000,1770369837.135710
0.276696,-0.342088,1.655540,-33.669998,-145.110001,-4.340000,1770369837.143706
0.385764,-0.244488,1.356396,-41.650002,-165.690002,-4.690000,1770369837.151714
0.487512,-0.147620,1.087508,-45.849998,-175.979996,-4.200000,1770369837.159722
0.574620,-0.029036,0.867420,-46.270000,-172.199997,-1.050000,1770369837.167806
0.639280,0.092232,0.705160,-42.630001,-152.320007,4.690000,1770369837.175716
0.687348,0.197640,0.552904,-40.180000,-122.639999,13.090000,1770369837.183715
0.702720,0.247660,0.399184,-37.520000,-85.889999,19.180000,1770369837.191709
0.669292,0.257664,0.251076,-33.180000,-48.369999,26.250000,1770369837.199713
0.597312,0.263520,0.131760,-29.750000,-12.530000,28.139999,1770369837.207720
0.504348,0.269132,0.040016,-23.660000,20.930000,28.139999,1770369837.215788
0.394060,0.276452,-0.012444,-21.350000,49.770000,28.700001,1770369837.223715
0.285724,0.282796,-0.035868,-19.670000,73.849998,25.200001,1770369837.231708
0.187880,0.291336,-0.037332,-18.969999,93.379997,22.959999,1770369837.239704
0.096380,0.283772,-0.009516,-19.879999,108.989998,18.969999,1770369837.247705
0.017812,0.267912,0.035868,-15.960000,120.400002,14.350000,1770369837.255741
-0.024888,0.205204,0.133224,-10.920000,123.970001,9.380000,1770369837.263830
-0.047092,0.128588,0.285968,3.570000,118.300003,4.200000,1770369837.271708
-0.053436,0.061000,0.499712,24.639999,105.629997,3.080000,1770369837.279711
-0.045628,0.033428,0.831308,46.270000,79.169998,2.870000,1770369837.287714
-0.047824,0.020252,1.284660,58.310001,51.450001,4.970000,1770369837.295694
-0.047092,0.041236,1.644072,62.860001,23.100000,-0.420000,1770369837.303715
0.000732,0.021716,1.819264,63.840000,-1.540000,-3.850000,1770369837.311879
0.112728,-0.033428,1.818044,62.930000,-11.060000,-12.670000,1770369837.319719
0.263764,-0.100040,1.855376,60.480000,-17.080000,-13.230000,1770369837.327712
0.434564,-0.161528,1.901980,47.880001,-27.510000,-10.500000,1770369837.335739
0.467992,-0.299876,1.909788,32.549999,-25.620001,-2.310000,1770369837.343744
0.497272,-0.460428,1.980060,15.330000,-7.280000,2.520000,1770369837.351715
0.500688,-0.617808,2.015928,1.680000,20.090000,5.460000,1770369837.359731
0.433100,-0.680760,1.950292,-6.860000,47.459999,3.500000,1770369837.367760
0.328668,-0.617808,1.877580,-13.650000,71.190002,-2.310000,1770369837.375708
0.200812,-0.459452,1.819020,-23.450001,87.709999,-6.020000,1770369837.383721
0.080032,-0.263032,1.715808,-37.660000,92.470001,-9.520000,1770369837.391725
-0.045384,-0.080032,1.530124,-50.820000,84.559998,-8.610000,1770369837.399727
-0.161528,0.072224,1.281976,-58.730000,65.730003,-10.150000,1770369837.407862
-0.239364,0.185928,1.022848,-59.290001,42.770000,-10.430000,1770369837.415723
-0.283528,0.259128,0.806908,-58.590000,19.320000,-13.860000,1770369837.423720
-0.301584,0.316712,0.619760,-54.810001,-1.190000,-14.980000,1770369837.431719
-0.286212,0.361120,0.458232,-49.000000,-15.190000,-17.360001,1770369837.439717
-0.274012,0.399672,0.318908,-38.990002,-25.059999,-17.570000,1770369837.447728
-0.247904,0.450912,0.223748,-31.010000,-30.379999,-17.570000,1770369837.455804
-0.215452,0.496540,0.169336,-23.520000,-34.439999,-15.540000,1770369837.463776
-0.181048,0.524600,0.135664,-22.610001,-37.799999,-10.850000,1770369837.471701
-0.145668,0.516304,0.099064,-19.459999,-42.560001,-8.960000,1770369837.479718
-0.102480,0.476288,0.052704,-15.330000,-49.630001,-5.250000,1770369837.487722
-0.055632,0.403332,0.026840,-7.560000,-55.230000,2.450000,1770369837.495718
-0.021472,0.316468,0.104432,5.250000,-55.860001,6.440000,1770369837.503717
-0.004148,0.277184,0.291092,19.530001,-54.529999,16.450001,1770369837.511729
0.010980,0.253760,0.534848,32.549999,-48.790001,19.809999,1770369837.519722
0.026596,0.236680,0.781532,40.740002,-40.810001,23.240000,1770369837.527803
0.022936,0.208620,1.028216,44.310001,-27.930000,26.389999,1770369837.535742
0.011956,0.131272,1.210972,44.310001,-11.340000,26.670000,1770369837.543718
-0.001464,0.011224,1.317844,45.080002,3.640000,24.850000,1770369837.551704
0.012444,-0.155672,1.470100,45.709999,15.750000,17.010000,1770369837.559805
0.036112,-0.333792,1.636996,57.400002,23.940001,4.690000,1770369837.567745
0.090524,-0.435784,1.921012,74.690002,21.000000,-2.380000,1770369837.575718
0.055876,-0.437004,2.143052,72.730003,8.680000,-7.000000,1770369837.583715
-0.046116,-0.448960,2.175260,46.619999,-9.730000,-7.490000,1770369837.591723
-0.055144,-0.516304,2.091324,22.120001,-39.270000,-9.380000,1770369837.599742
0.045384,-0.592920,2.034716,3.990000,-72.309998,-7.210000,1770369837.607755
0.173484,-0.563640,1.994944,-10.780000,-105.349998,-6.020000,1770369837.615722
0.321104,-0.467504,1.869528,-25.969999,-131.389999,-2.100000,1770369837.623701
0.447008,-0.346480,1.638704,-38.080002,-152.669998,0.490000,1770369837.631707
0.536312,-0.242048,1.341024,-44.520000,-165.970001,3.360000,1770369837.639773
0.604144,-0.118584,1.068476,-48.650002,-168.419998,9.170000,1770369837.647835
0.656116,0.019520,0.812276,-46.970001,-157.429993,17.010000,1770369837.655751
0.702232,0.128588,0.650016,-41.509998,-133.839996,24.430000,1770369837.663731
0.735172,0.183732,0.523136,-37.099998,-101.430000,28.280001,1770369837.671716
0.724924,0.214720,0.400160,-31.639999,-66.430000,35.349998,1770369837.679747
0.675880,0.233264,0.294752,-27.790001,-31.500000,34.299999,1770369837.687725
0.589504,0.249612,0.199104,-23.450001,1.960000,37.169998,1770369837.695706
0.499224,0.269864,0.118584,-18.549999,33.389999,35.700001,1770369837.703727
0.399184,0.281820,0.069784,-17.360001,60.410000,36.330002,1770369837.711725
0.302072,0.271328,0.054168,-13.650000,83.300003,33.180000,1770369837.719811
0.217404,0.260592,0.055388,-11.410000,103.879997,31.709999,1770369837.727712
0.148840,0.224480,0.099064,-5.110000,117.739998,31.500000,1770369837.735733
0.094184,0.147376,0.186416,2.030000,126.839996,23.309999,1770369837.743746
0.057340,0.090280,0.280600,10.500000,130.619995,20.580000,1770369837.751718
0.045140,0.057584,0.414068,26.530001,126.209999,16.309999,1770369837.759925
0.035136,0.034892,0.597800,41.509998,119.699997,17.010000,1770369837.767716
0.025864,0.037332,0.884500,56.700001,104.860001,14.770000,1770369837.775716
0.036600,0.050996,1.255136,64.959999,82.320000,9.940000,1770369837.783714
0.069784,0.059292,1.612108,68.529999,57.189999,6.930000,1770369837.791832
0.113948,0.047336,1.837808,66.500000,37.450001,6.720000,1770369837.799731
0.188856,0.001220,1.841224,53.830002,19.320000,10.640000,1770369837.807724
0.329156,-0.097356,1.791936,40.040001,-4.340000,16.799999,1770369837.815723
0.466284,-0.208132,1.814872,27.860001,-27.510000,24.080000,1770369837.823719
0.489952,-0.377224,1.913692,14.140000,-23.240000,29.260000,1770369837.831749
0.485316,-0.553392,2.020808,4.200000,0.910000,30.379999,1770369837.839800
0.417972,-0.728828,2.083028,-3.780000,40.459999,26.040001,1770369837.847705
0.310612,-0.794952,2.002996,-8.120000,77.419998,10.780000,1770369837.855719
0.182024,-0.720288,1.883680,-11.410000,101.010002,2.170000,1770369837.863735
0.039040,-0.540704,1.767536,-19.530001,113.120003,-4.550000,1770369837.871702
-0.104188,-0.316956,1.633824,-29.469999,107.449997,-12.390000,1770369837.879718
-0.226432,-0.121268,1.411296,-42.980000,91.559998,-17.850000,1770369837.887730
-0.306952,0.025376,1.142652,-47.950001,62.509998,-27.790001,1770369837.895710
-0.344772,0.132492,0.894016,-48.160000,30.870001,-32.759998,1770369837.903719
-0.336476,0.229360,0.723704,-42.980000,0.420000,-37.590000,1770369837.911739
-0.314760,0.314516,0.584136,-36.540001,-29.190001,-38.009998,1770369837.919750
-0.276452,0.391376,0.446764,-28.840000,-48.650002,-38.080002,1770369837.927721
-0.229848,0.443836,0.300120,-21.139999,-61.389999,-36.470001,1770369837.935714
-0.169824,0.464576,0.199836,-15.330000,-67.129997,-31.290001,1770369837.943712
-0.119072,0.483120,0.121024,-13.650000,-71.540001,-28.700001,1770369837.951715
-0.065392,0.489708,0.040504,-11.060000,-72.730003,-21.629999,1770369837.960002
-0.025864,0.473116,-0.047580,-11.200000,-72.940002,-12.460000,1770369837.967713
0.012932,0.433832,-0.115656,-5.110000,-74.269997,-6.930000,1770369837.975773
0.054412,0.387228,-0.076128,1.750000,-73.919998,0.700000,1770369837.983741
0.090280,0.342088,0.087352,12.110000,-67.410004,9.590000,1770369837.991721
0.117120,0.312808,0.328424,24.500000,-54.669998,10.640000,1770369837.999722
0.142496,0.295240,0.587308,33.389999,-34.790001,15.890000,1770369838.007762
0.156648,0.281820,0.860344,42.770000,-9.660000,17.150000,1770369838.015738
0.143228,0.262056,1.088972,50.400002,14.980000,18.270000,1770369838.023722
0.103212,0.196908,1.247084,54.250000,41.720001,16.660000,1770369838.031717
0.040992,0.099796,1.379576,53.270000,63.770000,12.530000,1770369838.039770
0.035136,-0.058804,1.587708,52.080002,80.500000,11.410000,1770369838.047713
0.050752,-0.257420,1.902468,61.810001,88.690002,1.750000,1770369838.055717
0.032452,-0.404064,2.286768,77.349998,82.809998,1.540000,1770369838.063934
-0.080032,-0.457012,2.447320,76.089996,64.750000,0.280000,1770369838.071867
-0.187148,-0.469944,2.344352,52.639999,32.410000,2.520000,1770369838.079787
-0.220332,-0.538508,2.187460,27.650000,-15.890000,7.490000,1770369838.087762
-0.167384,-0.597800,2.100840,8.330000,-72.519997,7.350000,1770369838.095711
-0.045140,-0.522160,2.000312,-11.200000,-120.400002,8.260000,1770369838.103720
0.106384,-0.420412,1.820484,-29.540001,-154.490005,6.230000,1770369838.111711
0.263032,-0.323544,1.549644,-41.230000,-180.740005,4.550000,1770369838.119754
0.409432,-0.225212,1.256356,-48.509998,-193.479996,4.550000,1770369838.127713
0.533140,-0.127612,1.001620,-52.849998,-196.490005,2.310000,1770369838.135713
0.639036,0.021960,0.761280,-50.820000,-185.500000,11.200000,1770369838.143713
0.721508,0.148840,0.577304,-47.740002,-157.779999,20.160000,1770369838.151715
0.766404,0.218624,0.445788,-42.630001,-120.330002,30.379999,1770369838.160073
0.763720,0.235704,0.341356,-38.849998,-79.239998,35.560001,1770369838.167726
0.713944,0.269132,0.211548,-34.860001,-36.330002,36.610001,1770369838.175712
0.616100,0.301096,0.094428,-28.629999,7.280000,38.290001,1770369838.183713
0.499712,0.321348,0.021472,-25.340000,45.009998,39.970001,1770369838.191735
0.384544,0.322568,-0.014152,-24.709999,74.830002,37.799999,1770369838.199848
0.269132,0.322324,-0.017080,-25.340000,97.370003,34.090000,1770369838.207708
0.168848,0.304268,-0.004880,-24.430000,114.029999,29.610001,1770369838.215719
0.085156,0.279624,0.040748,-23.450001,125.510002,26.670000,1770369838.223718
0.025132,0.220332,0.110776,-18.969999,133.350006,19.320000,1770369838.231715
-0.000976,0.143960,0.212768,-6.090000,132.580002,13.860000,1770369838.239741
-0.003172,0.066612,0.361364,10.920000,123.550003,14.140000,1770369838.247746
-0.000244,-0.000732,0.582184,32.340000,103.459999,11.760000,1770369838.255709
0.019520,-0.034160,0.919148,53.410000,80.290001,12.740000,1770369838.263721
0.043188,-0.024888,1.327604,66.360001,51.799999,7.910000,1770369838.271702
0.093696,-0.030988,1.623820,78.889999,25.620001,6.090000,1770369838.279722
0.191540,-0.061000,1.779492,85.190002,8.330000,3.430000,1770369838.287751
0.317932,-0.105164,1.817068,83.930000,-2.870000,4.550000,1770369838.295713
0.455548,-0.171532,1.836588,71.260002,-12.740000,9.380000,1770369838.303716
0.581940,-0.248636,1.873920,51.939999,-22.610001,14.210000,1770369838.311715
0.627080,-0.408212,1.922964,31.990000,-19.040001,19.040001,1770369838.319717
0.643184,-0.565592,1.991528,10.780000,3.850000,22.400000,1770369838.327751
0.562176,-0.694912,2.034228,-7.350000,45.150002,16.590000,1770369838.335714
0.441152,-0.756400,1.957612,-20.230000,89.250000,6.440000,1770369838.343713
0.302316,-0.691496,1.839760,-29.260000,123.620003,-3.430000,1770369838.351712
0.156892,-0.542656,1.737280,-38.290001,141.960007,-12.530000,1770369838.359728
0.010736,-0.357948,1.617964,-47.389999,146.369995,-16.660000,1770369838.367739
-0.123708,-0.192516,1.454484,-55.580002,135.169998,-23.799999,1770369838.375756
-0.246440,-0.060756,1.237568,-61.389999,112.209999,-27.930000,1770369838.383729
-0.316956,0.047824,1.008208,-61.810001,82.739998,-34.930000,1770369838.391721
-0.360388,0.128588,0.814472,-56.700001,50.470001,-38.919998,1770369838.399722
-0.372100,0.228628,0.650260,-48.720001,18.200001,-46.900002,1770369838.407768
-0.364292,0.312564,0.512400,-38.150002,-5.250000,-45.849998,1770369838.415734
-0.340136,0.384056,0.406504,-28.559999,-24.150000,-45.779999,1770369838.423722
-0.308416,0.441884,0.287676,-19.670000,-36.680000,-41.160000,1770369838.431764
-0.261812,0.478240,0.214964,-13.230000,-47.459999,-38.150002,1770369838.439728
-0.218380,0.486536,0.167628,-11.340000,-56.980000,-30.660000,1770369838.447798
-0.169580,0.488244,0.083692,-8.540000,-64.190002,-23.309999,1770369838.455712
-0.125172,0.487268,-0.015372,-4.760000,-74.059998,-13.370000,1770369838.463741
-0.081740,0.472384,-0.058560,0.000000,-81.620003,-5.880000,1770369838.471822
-0.040260,0.421388,0.006344,9.240000,-87.779999,1.960000,1770369838.479731
-0.006344,0.361120,0.163236,16.309999,-86.239998,7.350000,1770369838.487717
0.018300,0.327936,0.362340,25.059999,-80.709999,14.770000,1770369838.495709
0.049776,0.293776,0.597800,31.639999,-68.529999,16.799999,1770369838.503718
0.090768,0.293776,0.850828,41.930000,-50.820000,19.740000,1770369838.511710
0.103212,0.288652,1.073356,51.380001,-31.570000,21.209999,1770369838.519797
0.111264,0.228384,1.252940,52.360001,-9.310000,20.160000,1770369838.527718
0.096380,0.116632,1.382016,50.540001,13.300000,15.190000,1770369838.535718
0.133712,-0.050752,1.591124,47.599998,34.369999,5.600000,1770369838.543715
0.204960,-0.243756,1.897344,53.060001,49.560001,-1.050000,1770369838.551720
0.240340,-0.404796,2.275788,66.500000,51.660000,-8.400000,1770369838.559784
0.135176,-0.489952,2.432680,69.089996,48.020000,-10.290000,1770369838.567722
-0.005368,-0.538264,2.288964,49.419998,30.590000,-10.710000,1770369838.575704
-0.042456,-0.601704,2.088884,31.430000,-8.750000,-4.970000,1770369838.583718
-0.012688,-0.681492,2.025688,14.420000,-55.439999,-3.640000,1770369838.591738
0.084424,-0.603900,1.963956,-2.870000,-100.449997,-0.700000,1770369838.599719
0.205204,-0.471164,1.818288,-21.420000,-134.960007,0.140000,1770369838.607717
0.331352,-0.339160,1.551840,-37.240002,-158.410004,0.280000,1770369838.615797
0.442860,-0.225944,1.245376,-46.759998,-172.410004,0.630000,1770369838.623722
0.530700,-0.099552,0.963312,-50.330002,-175.210007,0.840000,1770369838.631756
0.620736,0.042456,0.738344,-49.770000,-164.429993,5.460000,1770369838.639723
0.701012,0.149816,0.593652,-46.549999,-140.770004,17.010000,1770369838.647714
0.747128,0.211304,0.488488,-43.400002,-105.910004,21.559999,1770369838.655748
0.748836,0.230092,0.382348,-39.480000,-66.080002,26.879999,1770369838.663873
0.695400,0.242780,0.257420,-36.610001,-27.930000,28.490000,1770369838.671706
0.603900,0.262300,0.130784,-29.120001,11.970000,30.590000,1770369838.679708
0.495320,0.283040,0.041968,-24.639999,45.500000,31.430000,1770369838.687719
0.368684,0.295728,0.002440,-22.330000,72.730003,30.870001,1770369838.695774
0.254980,0.311588,-0.011468,-23.309999,95.339996,30.309999,1770369838.703722
0.158356,0.321348,0.001708,-22.400000,112.419998,24.990000,1770369838.711722
0.076616,0.314272,0.045628,-21.070000,126.139999,21.490000,1770369838.719723
0.007076,0.251076,0.119804,-16.450001,134.050003,14.770000,1770369838.727768
-0.031964,0.166652,0.231312,-5.810000,133.419998,9.520000,1770369838.735744
-0.041968,0.102236,0.359900,9.800000,123.410004,6.510000,1770369838.743720
-0.049532,0.054900,0.581208,33.320000,103.110001,4.340000,1770369838.751713
-0.044896,0.028304,0.948428,51.310001,76.860001,5.110000,1770369838.759745
-0.028792,0.032696,1.375184,61.599998,46.689999,4.200000,1770369838.767724
0.002928,0.033428,1.682624,66.919998,18.340000,-0.700000,1770369838.775717
0.091500,-0.015616,1.809504,70.070000,-0.350000,-2.870000,1770369838.783714
0.221552,-0.082716,1.799012,71.750000,-12.180000,-6.230000,1770369838.791772
0.378444,-0.171044,1.801940,63.139999,-22.540001,-1.330000,1770369838.799727
0.527772,-0.271084,1.821704,50.750000,-33.389999,5.670000,1770369838.807712
0.590236,-0.415288,1.898076,33.320000,-25.620001,9.520000,1770369838.815719
0.641720,-0.567056,2.010804,12.180000,-0.700000,12.740000,1770369838.823729
0.629032,-0.700036,2.063264,-2.100000,36.820000,10.640000,1770369838.831845
0.545340,-0.754936,1.983476,-12.670000,74.410004,6.440000,1770369838.839713
0.393816,-0.688568,1.871724,-21.559999,103.250000,-3.220000,1770369838.847725
0.244976,-0.520208,1.757532,-30.309999,121.660004,-7.490000,1770369838.855717
0.089304,-0.342088,1.625040,-40.529999,122.639999,-13.650000,1770369838.864001
-0.045628,-0.187636,1.463512,-48.860001,116.690002,-16.660000,1770369838.871719
-0.156648,-0.054412,1.249036,-52.849998,98.349998,-17.850000,1770369838.879784
-0.233508,0.050508,1.034316,-55.720001,73.639999,-23.660000,1770369838.887730
-0.283772,0.152256,0.855952,-53.619999,49.770000,-27.930000,1770369838.895739
-0.304268,0.236192,0.701012,-47.950001,24.850000,-33.669998,1770369838.903719
-0.308172,0.287188,0.569496,-43.959999,7.980000,-33.669998,1770369838.911843
-0.301340,0.338184,0.433588,-35.349998,-5.250000,-37.099998,1770369838.919720
-0.285968,0.377956,0.305000,-27.510000,-13.440000,-33.880001,1770369838.927724
-0.271084,0.399672,0.233996,-20.650000,-18.760000,-35.139999,1770369838.935748
-0.245464,0.452864,0.181536,-14.560000,-25.059999,-29.820000,1770369838.943797
-0.207888,0.475800,0.132736,-8.540000,-30.940001,-25.129999,1770369838.951719
-0.183976,0.473604,0.057828,-4.690000,-37.450001,-17.010000,1770369838.959717
-0.155672,0.478972,-0.017080,1.470000,-46.340000,-10.080000,1770369838.967732
-0.122732,0.468236,-0.009516,5.740000,-56.139999,-4.690000,1770369838.975723
-0.096380,0.450668,0.106384,11.970000,-63.279999,-0.630000,1770369838.983728
-0.067100,0.397232,0.280844,17.360001,-63.139999,3.990000,1770369838.991857
-0.041236,0.357948,0.485316,23.870001,-60.060001,10.150000,1770369838.999718
-0.006588,0.358192,0.726876,33.529999,-53.549999,14.910000,1770369839.007720
0.004880,0.346968,0.964532,37.169998,-45.220001,18.059999,1770369839.015743
0.010004,0.279868,1.192184,39.060001,-29.820000,16.450001,1770369839.023744
0.015372,0.149572,1.347368,34.720001,-14.490000,17.150000,1770369839.031728
0.051728,-0.007076,1.483520,33.950001,-0.560000,8.960000,1770369839.039753
0.140544,-0.221308,1.752164,36.610001,12.320000,4.760000,1770369839.047770
0.213500,-0.421632,2.144272,51.939999,22.049999,-2.380000,1770369839.055757
0.176168,-0.536068,2.373632,68.949997,23.940001,-7.630000,1770369839.064280
0.052948,-0.545584,2.299944,58.520000,18.549999,-7.350000,1770369839.072346
-0.013908,-0.556564,2.098644,42.279999,-2.450000,-1.610000,1770369839.079766
-0.022936,-0.607560,2.016904,23.730000,-38.009998,3.360000,1770369839.087715
0.028304,-0.619272,2.021784,5.250000,-81.059998,3.850000,1770369839.095734
0.133712,-0.500200,1.924184,-12.460000,-118.510002,1.190000,1770369839.103734
0.247660,-0.372100,1.709708,-27.440001,-148.330002,-1.540000,1770369839.111718
0.369904,-0.258884,1.418616,-38.709999,-172.970001,-3.850000,1770369839.119723
0.488976,-0.160308,1.125816,-45.290001,-188.720001,-6.090000,1770369839.127721
0.610000,-0.054900,0.901092,-49.279999,-191.380005,-4.900000,1770369839.135894
0.704916,0.069540,0.706868,-48.509998,-176.679993,2.870000,1770369839.143712
0.778360,0.176656,0.533140,-45.080002,-147.559998,9.940000,1770369839.151710
0.822280,0.217404,0.413824,-40.880001,-109.339996,18.830000,1770369839.159715
0.803736,0.200324,0.301828,-39.060001,-65.870003,21.770000,1770369839.167756
0.748348,0.206668,0.160552,-31.430000,-22.049999,22.750000,1770369839.175734
0.645380,0.223260,0.050020,-26.180000,21.209999,24.639999,1770369839.183794
0.529724,0.240096,-0.009028,-20.299999,59.290001,24.920000,1770369839.191713
0.404064,0.252784,-0.027084,-14.910000,90.790001,25.690001,1770369839.199718
0.281332,0.260592,-0.019520,-14.210000,115.989998,21.840000,1770369839.207710
0.170556,0.259616,0.008784,-11.480000,136.639999,16.030001,1770369839.215742
0.081740,0.237412,0.064416,-10.500000,152.110001,14.280000,1770369839.223850
0.016348,0.186172,0.154940,-3.150000,158.970001,7.910000,1770369839.231711
-0.027816,0.130540,0.285236,7.000000,154.770004,2.660000,1770369839.239711
-0.057828,0.062952,0.489708,24.290001,142.029999,-0.420000,1770369839.247714
-0.072224,0.037576,0.767624,43.189999,117.879997,0.420000,1770369839.255714
-0.086376,0.013176,1.158756,54.389999,84.839996,0.770000,1770369839.263787
-0.091500,0.032208,1.516704,61.040001,46.410000,0.420000,1770369839.271725
-0.056120,0.023180,1.707512,64.400002,12.740000,-5.110000,1770369839.279712
0.059536,-0.030256,1.760216,69.089996,-8.960000,-5.670000,1770369839.287712
0.233264,-0.121756,1.815360,65.589996,-19.600000,-8.680000,1770369839.295739
0.430904,-0.195932,1.882704,56.700001,-28.350000,-2.520000,1770369839.303717
0.528260,-0.296216,1.896368,41.650002,-30.940001,2.100000,1770369839.311787
0.577548,-0.429928,1.951024,24.080000,-14.980000,3.010000,1770369839.319725
0.611952,-0.570960,2.034472,8.680000,11.760000,4.550000,1770369839.327717
0.573644,-0.649528,2.045940,-4.760000,45.990002,0.840000,1770369839.335709
0.462380,-0.640500,1.968348,-15.750000,79.730003,-1.190000,1770369839.343712
0.303292,-0.539240,1.838296,-27.090000,101.919998,-8.610000,1770369839.351720
0.159576,-0.381616,1.696044,-41.090000,113.330002,-13.090000,1770369839.359822
0.023180,-0.214232,1.521340,-49.770000,111.440002,-17.150000,1770369839.367725
-0.091988,-0.068320,1.339560,-56.980000,98.910004,-18.480000,1770369839.375703
-0.189100,0.050020,1.153388,-62.650002,79.870003,-24.080000,1770369839.383719
-0.251320,0.145668,0.970388,-61.180000,53.900002,-29.610001,1770369839.391719
-0.279624,0.203252,0.788852,-59.779999,32.480000,-34.509998,1770369839.399744
-0.282796,0.258884,0.610488,-50.189999,11.970000,-40.389999,1770369839.407862
-0.270352,0.299144,0.445300,-41.090000,-1.330000,-39.970001,1770369839.415720
-0.262788,0.335256,0.302560,-32.200001,-9.730000,-40.529999,1770369839.423745
-0.242780,0.372100,0.209352,-21.980000,-15.960000,-37.799999,1770369839.431851
-0.211548,0.408212,0.165676,-14.630000,-20.299999,-35.139999,1770369839.439728
-0.180560,0.426512,0.138348,-12.180000,-23.799999,-30.030001,1770369839.447719
-0.159576,0.425536,0.077836,-8.260000,-26.600000,-23.799999,1770369839.455756
-0.135908,0.409188,0.002684,-4.130000,-32.480000,-17.920000,1770369839.463853
-0.106628,0.380884,-0.002440,6.440000,-39.900002,-11.620000,1770369839.471726
-0.075884,0.332328,0.122488,15.190000,-44.939999,-4.760000,1770369839.479772
-0.065636,0.279136,0.331840,24.500000,-46.480000,-0.630000,1770369839.487710
-0.055632,0.272548,0.553148,32.619999,-43.470001,6.650000,1770369839.495704
-0.035868,0.294264,0.803492,39.970001,-39.130001,8.470000,1770369839.503721
-0.039772,0.293532,1.042124,43.889999,-30.450001,18.059999,1770369839.511723
-0.062220,0.231312,1.197796,44.520000,-19.250000,16.100000,1770369839.519796
-0.066856,0.116632,1.305400,44.939999,-7.000000,10.850000,1770369839.527744
-0.037332,-0.023180,1.448140,43.889999,1.120000,4.970000,1770369839.535717
0.031720,-0.205204,1.708000,48.509998,7.350000,-2.940000,1770369839.543718
0.121024,-0.365512,2.101572,60.900002,10.780000,-6.300000,1770369839.551704
0.098576,-0.479216,2.416576,63.070000,8.050000,-8.890000,1770369839.559822
0.011224,-0.529724,2.344840,46.130001,0.840000,-11.830000,1770369839.567730
-0.019520,-0.610732,2.156716,27.090000,-20.370001,-9.800000,1770369839.575723
0.006100,-0.702476,2.079612,9.660000,-53.549999,-10.640000,1770369839.583715
0.105652,-0.695156,2.041792,-4.900000,-88.620003,-10.640000,1770369839.591706
0.231800,-0.594384,1.940288,-23.170000,-119.209999,-10.640000,1770369839.599743
0.360632,-0.454328,1.711904,-33.740002,-145.460007,-10.780000,1770369839.607848
0.476532,-0.317688,1.424716,-42.209999,-163.029999,-10.500000,1770369839.615717
0.568276,-0.206668,1.149728,-44.099998,-170.309998,-9.030000,1770369839.623704
0.653920,-0.091988,0.900604,-43.959999,-168.000000,-7.070000,1770369839.631771
0.720044,0.057096,0.697840,-40.320000,-147.000000,2.730000,1770369839.639739
0.772504,0.189100,0.527284,-37.450001,-116.620003,10.290000,1770369839.647720
0.790560,0.263520,0.397964,-35.209999,-78.050003,18.129999,1770369839.655747
0.762256,0.255468,0.292068,-31.219999,-37.099998,24.920000,1770369839.663775
0.692228,0.251076,0.180560,-26.320000,3.010000,24.990000,1770369839.671727
0.573644,0.250832,0.089304,-21.209999,40.880001,28.070000,1770369839.679726
0.440176,0.253760,0.033672,-16.450001,72.870003,26.950001,1770369839.687746
0.309148,0.270840,0.011224,-12.110000,99.470001,24.570000,1770369839.695726
0.185196,0.287676,0.002684,-9.030000,118.230003,19.250000,1770369839.703724
0.072468,0.305732,0.015860,-8.750000,132.929993,16.170000,1770369839.711706
-0.015860,0.309880,0.027084,-7.630000,145.039993,9.030000,1770369839.719722
-0.081740,0.267180,0.073200,-4.690000,149.029999,4.900000,1770369839.727761
-0.114680,0.194956,0.191540,3.990000,142.029999,-0.980000,1770369839.735718
-0.151280,0.113216,0.359412,18.410000,127.959999,-1.190000,1770369839.743716
-0.163968,0.056852,0.601216,37.520000,100.029999,-4.970000,1770369839.751716
-0.170312,0.040016,0.966240,52.150002,68.040001,-3.430000,1770369839.759793
-0.169580,0.053924,1.355664,59.570000,30.730000,-3.990000,1770369839.767762
-0.161772,0.056608,1.592832,59.290001,-6.090000,-7.700000,1770369839.775718
-0.063196,-0.011956,1.676524,60.759998,-27.090000,-12.740000,1770369839.783840
0.116388,-0.111264,1.732888,63.700001,-35.000000,-15.680000,1770369839.791715
0.334768,-0.186172,1.910764,61.250000,-34.930000,-12.670000,1770369839.799727
0.490196,-0.262056,2.021784,50.119999,-36.680000,-8.470000,1770369839.807731
0.522160,-0.381616,2.025444,36.330002,-25.690001,-3.990000,1770369839.815730
0.557296,-0.523136,2.068876,18.760000,-3.080000,-2.730000,1770369839.823791
0.549000,-0.627080,2.090592,5.880000,24.290001,1.400000,1770369839.831729
0.462868,-0.651724,2.020320,-8.260000,54.459999,-2.870000,1770369839.839741
0.337696,-0.579500,1.909788,-21.280001,79.169998,-8.680000,1770369839.847765
0.213744,-0.441884,1.765584,-36.400002,94.500000,-14.420000,1770369839.855725
0.092476,-0.290848,1.617232,-48.160000,96.110001,-15.120000,1770369839.863729
-0.013908,-0.159576,1.428376,-55.090000,87.849998,-16.240000,1770369839.871715
-0.110532,-0.039040,1.208044,-57.820000,72.730003,-16.940001,1770369839.879722
-0.186172,0.065392,1.006988,-56.490002,54.740002,-18.969999,1770369839.887721
-0.239120,0.163236,0.836432,-53.200001,37.169998,-25.129999,1770369839.895711
-0.265960,0.256932,0.662948,-47.180000,20.650000,-28.280001,1770369839.903726
-0.270108,0.325252,0.501176,-41.160000,7.420000,-32.200001,1770369839.911732
-0.283772,0.360632,0.366000,-32.270000,-0.210000,-33.250000,1770369839.919715
-0.286456,0.423340,0.264740,-20.440001,-6.020000,-35.000000,1770369839.927767
-0.271084,0.464820,0.221308,-12.320000,-7.770000,-32.970001,1770369839.935721
-0.258152,0.481412,0.184952,-5.880000,-12.670000,-27.790001,1770369839.943716
-0.229116,0.479704,0.096624,-3.640000,-20.930000,-24.010000,1770369839.951747
-0.209108,0.467992,-0.005368,2.660000,-30.379999,-17.570000,1770369839.959734
-0.172020,0.453108,-0.032208,7.840000,-44.799999,-14.420000,1770369839.967877
-0.129320,0.428952,0.067100,13.230000,-56.209999,-9.170000,1770369839.975717
-0.091744,0.386740,0.266936,18.129999,-62.650002,-5.040000,1770369839.983791
-0.070028,0.351848,0.467992,23.940001,-63.560001,3.640000,1770369839.991752
-0.052948,0.331352,0.708820,29.540001,-61.459999,6.930000,1770369839.999708
-0.032452,0.336720,0.967948,31.080000,-56.980000,13.650000,1770369840.007710
-0.028792,0.316468,1.149240,32.270000,-49.000000,13.860000,1770369840.015744
-0.023912,0.225212,1.271484,28.770000,-37.450001,15.120000,1770369840.023814
-0.013664,0.098332,1.356152,25.620001,-26.809999,8.470000,1770369840.031754
0.041724,-0.069540,1.505724,23.870001,-15.540000,3.850000,1770369840.039714
0.147132,-0.286212,1.784372,30.660000,-7.770000,-2.380000,1770369840.047716
0.220576,-0.501908,2.175260,48.299999,-3.360000,-4.550000,1770369840.055756
0.162504,-0.603900,2.351428,54.529999,0.000000,-11.620000,1770369840.064014
0.115656,-0.608292,2.216740,42.209999,-6.300000,-7.350000,1770369840.072923
0.098332,-0.635132,2.080832,24.430000,-25.830000,-3.570000,1770369840.079898
0.130296,-0.665876,2.039108,9.730000,-57.750000,2.940000,1770369840.087723
0.192760,-0.616832,1.981280,-8.750000,-91.209999,1.750000,1770369840.095789
0.280844,-0.491904,1.805356,-25.410000,-117.529999,2.870000,1770369840.103805
0.364048,-0.352824,1.545984,-36.189999,-138.039993,2.870000,1770369840.111717
0.441640,-0.225700,1.237324,-41.509998,-151.970001,0.630000,1770369840.119713
0.508740,-0.096380,0.967216,-44.099998,-158.339996,-1.400000,1770369840.127708
0.592188,0.040992,0.740540,-43.750000,-153.369995,1.820000,1770369840.135716
0.659532,0.155184,0.572424,-42.419998,-132.229996,7.560000,1770369840.143721
0.698328,0.202520,0.444812,-40.180000,-104.019997,16.799999,1770369840.151828
0.711992,0.221064,0.333548,-37.730000,-73.080002,19.950001,1770369840.159754
0.681980,0.230092,0.238632,-31.990000,-38.009998,24.360001,1770369840.167736
0.606096,0.244732,0.136152,-26.879999,-1.960000,25.480000,1770369840.175714
0.502152,0.261324,0.065392,-23.450001,35.560001,26.670000,1770369840.183744
0.386252,0.280844,0.020984,-19.110001,67.199997,23.520000,1770369840.191716
0.268644,0.297924,-0.002440,-18.200001,92.470001,21.980000,1770369840.199726
0.152988,0.311832,-0.005612,-16.100000,113.330002,15.680000,1770369840.207713
0.043920,0.314028,0.008784,-15.680000,130.199997,8.820000,1770369840.215712
-0.024888,0.281332,0.045140,-14.910000,140.279999,5.460000,1770369840.223784
-0.071492,0.216916,0.130296,-9.100000,140.490005,0.630000,1770369840.231714
-0.085644,0.127368,0.272792,4.200000,131.740005,-1.540000,1770369840.239717
-0.100528,0.031964,0.466528,23.940001,115.080002,-1.610000,1770369840.247711
-0.111264,-0.027084,0.774212,39.410000,87.919998,-0.140000,1770369840.255711
-0.103944,-0.030256,1.184620,52.639999,53.970001,1.540000,1770369840.263739
-0.094672,-0.011712,1.565992,58.099998,18.340000,-1.820000,1770369840.271753
-0.045628,-0.034404,1.773392,62.299999,-5.390000,-4.130000,1770369840.279709
0.099552,-0.119316,1.833172,62.369999,-16.170000,-7.140000,1770369840.287713
0.284748,-0.220576,1.896612,66.290001,-24.080000,-6.930000,1770369840.295766
0.461648,-0.285968,1.969812,61.250000,-35.139999,-3.640000,1770369840.303724
0.496540,-0.392840,1.992992,49.700001,-36.540001,-3.080000,1770369840.311708
0.543144,-0.523136,2.085224,31.430000,-19.389999,0.140000,1770369840.319710
0.572668,-0.629032,2.154032,14.770000,9.870000,1.540000,1770369840.327712
0.514352,-0.671976,2.095960,0.070000,43.330002,-1.960000,1770369840.335733
0.401624,-0.628056,1.972984,-15.260000,71.400002,-9.310000,1770369840.343842
0.274012,-0.509716,1.834636,-28.559999,89.809998,-14.420000,1770369840.351734
0.141520,-0.361608,1.663592,-37.939999,97.370003,-18.830000,1770369840.359720
0.023668,-0.203496,1.467904,-46.549999,91.070000,-17.290001,1770369840.367751
-0.088572,-0.074664,1.247816,-51.169998,79.870003,-19.600000,1770369840.375829
-0.173728,0.043920,1.024068,-48.369999,64.610001,-23.660000,1770369840.383715
-0.240340,0.141764,0.827404,-44.939999,45.080002,-27.299999,1770369840.391722
-0.281576,0.234728,0.657092,-38.220001,27.160000,-31.780001,1770369840.399720
-0.301096,0.335500,0.538264,-31.639999,9.870000,-35.700001,1770369840.407746
-0.313540,0.412604,0.442860,-23.100000,1.540000,-36.959999,1770369840.415718
-0.318664,0.468236,0.319884,-15.680000,-4.410000,-36.680000,1770369840.423717
-0.301340,0.500932,0.221552,-6.090000,-11.060000,-34.090000,1770369840.431723
-0.277428,0.524600,0.140056,-0.490000,-20.510000,-26.950001,1770369840.439770
-0.249856,0.541192,0.055876,4.550000,-33.459999,-19.180000,1770369840.447716
-0.215452,0.534848,-0.013420,9.660000,-48.439999,-8.960000,1770369840.455716
-0.167872,0.520452,-0.024400,12.880000,-67.059998,-4.900000,1770369840.463770
-0.115168,0.493612,0.077348,15.890000,-79.800003,3.080000,1770369840.471732
-0.063440,0.447740,0.247416,20.510000,-85.820000,9.100000,1770369840.479721
-0.026352,0.412848,0.443836,26.950001,-84.910004,14.630000,1770369840.487721
0.021472,0.411140,0.682956,33.669998,-80.570000,20.510000,1770369840.495725
0.062464,0.392352,0.938180,36.400002,-70.279999,23.170000,1770369840.503722
0.074420,0.352580,1.143872,38.430000,-50.330002,25.480000,1770369840.511814
0.088572,0.249612,1.301740,36.540001,-26.459999,21.490000,1770369840.519716
0.107360,0.134200,1.417152,29.190001,-4.200000,11.620000,1770369840.527717
0.188368,-0.031720,1.574288,21.980000,14.070000,4.200000,1770369840.535742
0.309148,-0.232776,1.863672,26.530001,25.480000,-1.050000,1770369840.543916
0.345992,-0.429440,2.164524,42.279999,29.959999,-4.760000,1770369840.551707
0.220332,-0.538996,2.276276,46.060001,24.639999,-9.380000,1770369840.559706
0.100528,-0.578280,2.156472,34.439999,13.510000,-8.890000,1770369840.567762
0.055876,-0.624884,2.041792,20.299999,-9.940000,-6.230000,1770369840.575731
0.082716,-0.649284,2.036424,4.340000,-49.209999,-4.200000,1770369840.583713
0.137860,-0.589992,1.989576,-13.230000,-86.730003,-1.610000,1770369840.591706
0.223748,-0.474580,1.823412,-25.900000,-117.739998,-5.880000,1770369840.599702
0.336232,-0.327936,1.562576,-39.970001,-143.919998,-8.260000,1770369840.607699
0.438712,-0.201788,1.264896,-44.939999,-160.089996,-10.290000,1770369840.615710
0.528992,-0.084424,1.011868,-47.180000,-166.949997,-9.800000,1770369840.623814
0.617564,0.054900,0.761524,-47.950001,-162.330002,-6.230000,1770369840.631741
0.693448,0.178120,0.572912,-42.980000,-140.490005,3.080000,1770369840.639723
0.736636,0.213500,0.447740,-42.840000,-108.010002,15.260000,1770369840.647718
0.737612,0.235216,0.331840,-38.849998,-73.290001,16.730000,1770369840.655723
0.694180,0.249124,0.213744,-35.630001,-33.459999,20.650000,1770369840.663737
0.606584,0.262788,0.087840,-29.959999,4.970000,22.330000,1770369840.671722
0.493856,0.282064,0.001220,-28.420000,41.230000,21.000000,1770369840.679781
0.378200,0.298656,-0.037088,-25.270000,71.610001,22.959999,1770369840.687995
0.273524,0.305000,-0.045140,-23.870001,95.339996,19.320000,1770369840.695718
0.177388,0.303780,-0.012200,-20.580000,116.059998,15.540000,1770369840.703701
0.096380,0.278160,0.052948,-16.730000,132.649994,11.970000,1770369840.711721
0.040992,0.215208,0.142740,-10.080000,139.160004,6.160000,1770369840.719925
0.010004,0.148840,0.267668,3.080000,136.710007,2.660000,1770369840.727718
-0.010492,0.086132,0.437980,20.440001,125.720001,2.660000,1770369840.735720
-0.007564,0.042212,0.724436,37.380001,104.440002,2.380000,1770369840.743716
-0.004880,0.009028,1.096292,51.939999,79.589996,1.750000,1770369840.751703
0.019276,-0.004148,1.465708,60.480000,49.910000,1.750000,1770369840.759721
0.066856,-0.032696,1.715808,64.610001,26.040001,1.190000,1770369840.767816
0.161284,-0.095892,1.812188,66.010002,10.990000,-1.540000,1770369840.775725
0.290116,-0.190320,1.813652,65.169998,0.420000,3.220000,1770369840.783716
0.442372,-0.260104,1.847568,55.509998,-11.060000,5.810000,1770369840.791716
0.507032,-0.345260,1.890756,44.099998,-17.430000,13.440000,1770369840.799732
0.533628,-0.472628,1.980304,25.969999,-3.990000,19.740000,1770369840.807808
0.502884,-0.613904,2.065216,8.540000,25.830000,18.830000,1770369840.815719
0.395036,-0.712236,2.012024,-6.370000,61.180000,9.870000,1770369840.823721
0.268888,-0.705160,1.894172,-16.730000,92.680000,-3.640000,1770369840.831718
0.145912,-0.609024,1.778028,-25.410000,110.739998,-12.320000,1770369840.839742
0.024156,-0.461892,1.648220,-33.110001,114.099998,-19.950001,1770369840.847749
-0.093208,-0.297436,1.476932,-41.509998,104.790001,-23.170000,1770369840.855713
-0.191784,-0.161772,1.256844,-45.849998,85.260002,-28.350000,1770369840.863714
-0.267424,-0.042944,1.028216,-45.220001,60.689999,-32.200001,1770369840.871734
-0.304024,0.070760,0.838872,-41.720001,30.940001,-38.290001,1770369840.879733
-0.306952,0.168116,0.674660,-36.959999,5.740000,-40.529999,1770369840.887747
-0.295240,0.248636,0.531920,-29.330000,-14.980000,-42.560001,1770369840.895759
-0.267180,0.345748,0.427976,-19.110001,-28.840000,-42.419998,1770369840.903775
-0.241560,0.426512,0.333548,-11.200000,-36.820000,-36.330002,1770369840.911736
-0.210328,0.491172,0.259616,-3.710000,-45.220001,-31.780001,1770369840.919797
-0.186904,0.519964,0.166164,-0.770000,-47.669998,-23.309999,1770369840.927735
-0.153720,0.547292,0.041724,4.970000,-52.990002,-15.470000,1770369840.935715
-0.116388,0.552904,-0.037576,6.860000,-59.570000,-8.680000,1770369840.943729
-0.078812,0.551928,-0.039040,9.100000,-68.180000,-3.990000,1770369840.951714
-0.033916,0.532164,0.073688,11.550000,-73.150002,3.850000,1770369840.959793
0.000488,0.496296,0.242536,14.140000,-71.959999,7.700000,1770369840.967761
0.027328,0.443592,0.456524,19.180000,-68.459999,11.410000,1770369840.975729
0.061976,0.422120,0.696132,24.990000,-56.980000,13.300000,1770369840.983718
0.093452,0.416020,0.927444,30.730000,-43.400002,15.610000,1770369840.991756
0.107116,0.400160,1.137040,38.849998,-24.850000,14.210000,1770369840.999735
0.119316,0.311588,1.315648,37.590000,-3.570000,13.650000,1770369841.007710
0.147620,0.207400,1.448140,31.219999,19.180000,8.470000,1770369841.015720
0.234728,0.063196,1.629920,23.520000,34.160000,4.550000,1770369841.023702
0.296460,-0.135176,1.934920,25.900000,45.360001,4.130000,1770369841.031756
0.291824,-0.307440,2.218936,40.040001,46.900002,-4.060000,1770369841.039735
0.151768,-0.419680,2.333616,42.490002,41.720001,-11.970000,1770369841.047723
0.054900,-0.447496,2.198684,31.290001,26.180000,-11.900000,1770369841.055715
0.009028,-0.481412,2.050332,11.760000,-3.640000,-3.640000,1770369841.063812
0.015860,-0.551196,1.977376,-7.770000,-48.720001,1.190000,1770369841.072278
0.073200,-0.572912,1.879044,-25.270000,-90.580002,3.780000,1770369841.079746
0.176168,-0.520940,1.690188,-36.610001,-123.970001,2.660000,1770369841.087776
0.316712,-0.406260,1.396168,-40.040001,-150.779999,-2.520000,1770369841.095752
0.424316,-0.327936,1.105076,-42.840000,-166.880005,-1.260000,1770369841.103712
0.526796,-0.215696,0.862784,-43.820000,-168.559998,0.070000,1770369841.111727
0.608536,-0.080276,0.671976,-39.619999,-156.800003,5.810000,1770369841.119753
0.682468,0.030256,0.545340,-35.070000,-130.619995,14.910000,1770369841.127756
0.721752,0.086376,0.419680,-30.870001,-96.459999,21.629999,1770369841.135723
0.691252,0.132248,0.282796,-27.650000,-56.419998,24.780001,1770369841.143762
0.627080,0.172508,0.145912,-24.219999,-15.330000,27.230000,1770369841.151706
0.539240,0.200080,0.049288,-22.330000,21.840000,27.510000,1770369841.159726
0.432612,0.212524,-0.008052,-19.950001,55.509998,26.459999,1770369841.167713
0.330132,0.214964,-0.030256,-20.650000,86.029999,24.570000,1770369841.175739
0.233020,0.210572,-0.016836,-20.370001,107.660004,21.559999,1770369841.183715
0.136640,0.196176,0.032208,-16.799999,128.169998,18.760000,1770369841.191737
0.061976,0.116876,0.126636,-9.100000,139.789993,11.270000,1770369841.199783
0.021228,0.069784,0.248880,1.470000,142.240005,5.880000,1770369841.207705
-0.003660,0.039772,0.402356,22.889999,136.710007,1.540000,1770369841.215713
-0.014396,0.021472,0.668072,42.419998,117.320000,1.610000,1770369841.223708
-0.011956,0.029036,1.044564,57.400002,94.709999,0.630000,1770369841.231713
-0.010004,0.057340,1.423008,66.500000,63.419998,-1.400000,1770369841.239745
0.017080,0.083692,1.705804,67.690002,35.700001,-3.080000,1770369841.247722
0.078324,0.088328,1.825364,66.360001,15.750000,-7.840000,1770369841.255713
0.184464,0.044652,1.815116,54.950001,3.010000,-9.030000,1770369841.263702
0.344040,-0.026108,1.829024,43.889999,-11.690000,-2.520000,1770369841.271728
0.459696,-0.130540,1.826096,31.850000,-23.730000,6.580000,1770369841.279760
0.468236,-0.288896,1.874652,16.100000,-12.180000,11.760000,1770369841.287717
0.471896,-0.445300,1.995676,3.430000,17.080000,9.940000,1770369841.295717
0.418216,-0.540216,2.013976,-4.900000,52.779999,8.610000,1770369841.303696
0.287920,-0.559736,1.935164,-13.790000,86.940002,-0.420000,1770369841.311717
0.141764,-0.480436,1.819752,-21.770000,108.779999,-11.060000,1770369841.319741
0.006344,-0.330376,1.684820,-35.910000,113.889999,-16.940001,1770369841.327724
-0.119804,-0.172508,1.511092,-44.310001,104.650002,-24.219999,1770369841.335712
-0.218624,-0.049288,1.286612,-52.220001,83.370003,-26.879999,1770369841.343719
-0.284260,0.020008,1.057496,-52.290001,56.070000,-30.170000,1770369841.351749
-0.314272,0.070760,0.850096,-47.950001,27.160000,-30.730000,1770369841.359775
-0.316224,0.119072,0.667584,-44.520000,3.430000,-27.790001,1770369841.367705
-0.292556,0.183000,0.516792,-36.889999,-13.720000,-28.139999,1770369841.375712
-0.267180,0.241560,0.405040,-31.219999,-27.160000,-24.639999,1770369841.383720
-0.245464,0.315980,0.316956,-26.320000,-33.669998,-25.900000,1770369841.391753
-0.209596,0.363804,0.256932,-22.120001,-37.380001,-22.680000,1770369841.399710
-0.173728,0.391864,0.220820,-18.129999,-37.660000,-20.299999,1770369841.407708
-0.131516,0.385032,0.166408,-12.880000,-38.570000,-16.240000,1770369841.415726
-0.096136,0.361608,0.087840,-4.690000,-42.840000,-10.850000,1770369841.423717
-0.065636,0.313784,0.064416,7.070000,-45.779999,-7.280000,1770369841.431719
-0.036600,0.280356,0.154208,18.830000,-52.430000,1.260000,1770369841.439802
-0.016348,0.274744,0.358192,28.420000,-53.549999,7.280000,1770369841.447740
-0.008052,0.294264,0.579988,35.279999,-51.310001,10.920000,1770369841.455750
-0.005856,0.309392,0.806664,42.910000,-43.889999,13.440000,1770369841.463712
-0.011468,0.303536,1.064084,44.590000,-32.549999,15.820000,1770369841.472052
-0.013664,0.265472,1.246108,42.070000,-17.639999,13.020000,1770369841.479745
-0.019764,0.159820,1.382992,35.910000,-4.970000,4.410000,1770369841.487716
-0.004880,-0.005368,1.528660,31.290001,8.750000,-6.160000,1770369841.495713
0.037088,-0.182756,1.695556,38.990002,16.870001,-11.060000,1770369841.503727
0.086376,-0.325740,1.963712,48.299999,15.960000,-16.660000,1770369841.511721
0.054412,-0.391376,2.171356,46.619999,9.100000,-15.820000,1770369841.519759
0.016104,-0.437248,2.151592,27.860001,-7.420000,-13.510000,1770369841.527716
0.048800,-0.522892,2.047648,14.000000,-35.490002,-11.550000,1770369841.535702
0.116632,-0.614148,2.020320,7.210000,-68.949997,-6.930000,1770369841.543712
0.230824,-0.626348,1.979084,-0.980000,-99.050003,-4.900000,1770369841.551730
0.346236,-0.535580,1.834392,-7.000000,-123.760002,-1.050000,1770369841.559717
0.430904,-0.388936,1.574044,-12.460000,-137.690002,3.080000,1770369841.567731
0.488488,-0.228140,1.235616,-17.360001,-145.809998,4.550000,1770369841.575732
0.523380,-0.075884,0.916464,-18.129999,-145.110001,6.790000,1770369841.583804
0.568764,0.065880,0.639768,-16.660000,-133.139999,11.270000,1770369841.591741
0.600484,0.131516,0.462380,-10.780000,-114.660004,18.480000,1770369841.599715
0.609024,0.175924,0.321348,-8.540000,-87.709999,19.389999,1770369841.607709
0.580964,0.207400,0.223260,-8.120000,-56.000000,22.190001,1770369841.615744
0.531676,0.244732,0.156648,-7.840000,-24.080000,19.879999,1770369841.623745
0.460184,0.275476,0.104432,-11.060000,8.400000,18.969999,1770369841.631834
0.369904,0.292312,0.070516,-11.410000,36.610001,17.570000,1770369841.639738
0.277184,0.296948,0.067832,-12.110000,62.299999,13.580000,1770369841.647733
0.195688,0.269132,0.113948,-8.330000,85.470001,8.190000,1770369841.655877
0.133956,0.200812,0.192516,-4.130000,101.989998,0.490000,1770369841.663712
0.093940,0.137860,0.271328,7.630000,113.120003,-10.360000,1770369841.671742
0.069052,0.089548,0.361852,22.750000,112.980003,-15.330000,1770369841.679740
0.062464,0.043188,0.495564,41.090000,108.779999,-15.330000,1770369841.687835
0.079544,0.015616,0.743956,61.810001,97.790001,-17.360001,1770369841.695730
0.113948,0.019764,1.111176,76.510002,74.900002,-16.450001,1770369841.703716
0.163724,0.055876,1.495720,84.839996,52.570000,-17.150000,1770369841.711774
0.218624,0.092232,1.805356,86.239998,33.950001,-10.850000,1770369841.719735
0.325984,0.072224,1.910032,76.580002,20.230000,-4.410000,1770369841.727718
0.447496,-0.016836,1.885144,63.700001,1.190000,8.050000,1770369841.735750
0.513376,-0.114192,1.884412,50.119999,-12.530000,20.299999,1770369841.743726
0.496296,-0.254980,1.955904,33.950001,-2.310000,24.570000,1770369841.751729
0.449936,-0.401624,2.050332,17.570000,28.209999,25.760000,1770369841.759725
0.366244,-0.531676,2.050576,4.550000,65.940002,24.290001,1770369841.767835
0.233020,-0.612196,1.960296,-2.030000,98.139999,11.970000,1770369841.775733
0.101992,-0.570228,1.873188,-6.230000,120.190002,-1.400000,1770369841.783718
-0.018056,-0.441640,1.789740,-13.650000,128.520004,-7.840000,1770369841.791705
-0.150792,-0.265472,1.675060,-24.360001,121.169998,-10.290000,1770369841.799726
-0.271328,-0.119560,1.491084,-32.060001,100.239998,-13.790000,1770369841.807710
-0.355264,0.010492,1.215364,-33.950001,72.309998,-17.780001,1770369841.815741
-0.407480,0.121268,0.945256,-30.660000,35.279999,-22.889999,1770369841.823808
-0.406260,0.232044,0.750300,-26.950001,3.430000,-29.750000,1770369841.831715
-0.376248,0.346968,0.624396,-22.540001,-23.379999,-32.759998,1770369841.839720
-0.340136,0.417972,0.524356,-18.760000,-41.230000,-39.689999,1770369841.847778
-0.282796,0.497516,0.422608,-13.230000,-54.810001,-39.480000,1770369841.855753
-0.211060,0.562664,0.351116,-9.310000,-59.360001,-39.480000,1770369841.863722
-0.156892,0.580476,0.283528,-8.540000,-63.840000,-29.820000,1770369841.871706
-0.114192,0.575596,0.206668,-10.360000,-64.959999,-25.129999,1770369841.879748
-0.079056,0.551440,0.115900,-7.770000,-67.410004,-15.120000,1770369841.887717
-0.038064,0.518988,0.032208,-4.900000,-72.169998,-7.350000,1770369841.895717
-0.007076,0.470920,0.022936,3.780000,-75.599998,-2.870000,1770369841.903767
0.033672,0.434564,0.139324,10.990000,-75.529999,8.190000,1770369841.911770
0.061488,0.415532,0.324520,15.890000,-71.820000,14.420000,1770369841.919886
0.072224,0.400404,0.552660,21.420000,-60.759998,20.719999,1770369841.927711
0.090768,0.371124,0.781776,19.879999,-48.299999,22.049999,1770369841.935720
0.102724,0.370880,0.982100,20.440001,-32.270000,22.750000,1770369841.943717
0.119072,0.326960,1.148020,19.110001,-11.270000,16.240000,1770369841.951727
0.131028,0.228628,1.277584,10.080000,9.730000,15.120000,1770369841.959850
0.173972,0.086620,1.407148,2.660000,28.700001,6.090000,1770369841.967719
0.241316,-0.117120,1.570140,1.330000,39.340000,4.130000,1770369841.975731
0.274988,-0.351360,1.824876,15.540000,40.810001,-1.120000,1770369841.983727
0.223748,-0.513376,2.038376,32.900002,38.360001,-9.940000,1770369841.991774
0.125904,-0.541924,2.084004,38.849998,29.610001,-14.280000,1770369841.999809
0.066612,-0.535824,2.018856,28.770000,11.550000,-11.410000,1770369842.007720
0.052704,-0.542412,1.946632,16.520000,-20.299999,-9.450000,1770369842.015720
0.086376,-0.557540,1.908812,1.470000,-56.349998,-7.140000,1770369842.023716
0.157380,-0.514108,1.807064,-11.550000,-85.120003,-5.320000,1770369842.031720
0.245708,-0.419680,1.652368,-23.170000,-109.900002,-4.900000,1770369842.039754
0.337208,-0.298656,1.421544,-30.520000,-126.070000,-7.560000,1770369842.047867
0.418216,-0.193248,1.157536,-35.630001,-135.029999,-5.880000,1770369842.055727
0.486780,-0.069052,0.921344,-37.310001,-134.679993,-7.560000,1770369842.064094
0.557784,0.060024,0.729804,-37.730000,-125.370003,-0.630000,1770369842.071894
0.617564,0.164456,0.592920,-35.980000,-106.190002,11.550000,1770369842.079751
0.641720,0.221796,0.483608,-37.450001,-81.480003,17.570000,1770369842.087718
0.634644,0.247172,0.370636,-36.400002,-52.919998,22.120001,1770369842.095724
0.589260,0.268644,0.264008,-33.740002,-22.959999,28.490000,1770369842.103748
0.514352,0.301828,0.172508,-31.360001,6.300000,31.080000,1770369842.111867
0.416996,0.334524,0.108092,-28.559999,33.040001,31.850000,1770369842.119699
0.317688,0.355020,0.068320,-26.740000,56.349998,30.379999,1770369842.127705
0.226920,0.358436,0.076372,-27.930000,75.250000,28.840000,1770369842.135711
0.142984,0.359168,0.129808,-27.510000,90.580002,22.959999,1770369842.143692
0.075640,0.349652,0.190564,-24.780001,102.269997,18.830000,1770369842.151723
0.020008,0.286700,0.271084,-22.190001,111.300003,11.410000,1770369842.159726
-0.005856,0.207400,0.332572,-12.320000,109.410004,3.360000,1770369842.167844
-0.013908,0.125172,0.430660,0.980000,101.919998,0.420000,1770369842.175843
0.000488,0.054412,0.673928,15.470000,85.470001,0.490000,1770369842.183710
0.010980,0.020008,0.990396,31.150000,63.279999,0.420000,1770369842.191711
0.024400,0.020496,1.301984,40.529999,38.849998,-4.060000,1770369842.199730
0.056364,0.003172,1.536224,48.509998,18.059999,-5.670000,1770369842.207786
0.161040,-0.060024,1.641632,49.349998,5.880000,-5.320000,1770369842.215718
0.284748,-0.178608,1.658956,53.759998,-4.690000,-2.310000,1770369842.223709
0.398208,-0.282552,1.717272,51.450001,-12.530000,2.520000,1770369842.231713
0.439688,-0.375028,1.800476,40.320000,-10.850000,2.450000,1770369842.239708
0.444324,-0.489220,1.915888,23.730000,7.000000,1.050000,1770369842.247717
0.442860,-0.614148,1.971764,6.020000,36.259998,0.560000,1770369842.255796
0.404064,-0.699060,1.917352,-3.780000,61.529999,-3.290000,1770369842.263738
0.302316,-0.699792,1.862208,-10.080000,78.400002,-12.390000,1770369842.271710
0.197152,-0.609268,1.814384,-17.780001,89.459999,-12.390000,1770369842.279731
0.091988,-0.458964,1.730692,-26.530001,88.830002,-16.309999,1770369842.287718
-0.002196,-0.286944,1.616500,-35.000000,77.419998,-15.610000,1770369842.295800
-0.089060,-0.142252,1.461560,-44.029999,58.869999,-17.570000,1770369842.303723
-0.162748,-0.020984,1.271240,-45.779999,36.330002,-19.389999,1770369842.311718
-0.213256,0.077104,1.071892,-48.230000,9.380000,-25.270000,1770369842.319711
-0.229360,0.175924,0.894504,-44.520000,-12.110000,-28.280001,1770369842.327714
-0.224480,0.261812,0.744688,-41.650002,-28.070000,-35.700001,1770369842.335719
-0.209596,0.321348,0.611220,-34.090000,-37.939999,-36.259998,1770369842.343771
-0.183732,0.413824,0.456280,-28.420000,-41.930000,-41.860001,1770369842.351708
-0.149572,0.491904,0.359900,-23.100000,-40.040001,-37.240002,1770369842.359716
-0.123952,0.549976,0.319152,-19.670000,-34.790001,-31.290001,1770369842.367719
-0.094672,0.569740,0.294508,-21.770000,-27.719999,-25.549999,1770369842.375738
-0.077836,0.550220,0.223016,-22.400000,-19.740000,-18.900000,1770369842.383723
-0.070028,0.498248,0.084668,-16.660000,-18.340000,-15.680000,1770369842.391720
-0.065392,0.431148,-0.021716,-5.670000,-22.820000,-4.900000,1770369842.399759
-0.054412,0.375516,-0.008540,10.430000,-28.070000,-1.190000,1770369842.407713
-0.041724,0.330376,0.124928,24.709999,-32.340000,4.690000,1770369842.415727
-0.036112,0.294996,0.324032,34.439999,-33.459999,10.150000,1770369842.423741
-0.030256,0.296948,0.551928,40.740002,-33.599998,17.780001,1770369842.431715
-0.023668,0.315248,0.817888,46.830002,-22.820000,20.510000,1770369842.439731
-0.041480,0.303292,1.066280,44.730000,-16.660000,26.950001,1770369842.447733
-0.067832,0.255712,1.228784,39.970001,-8.330000,21.070000,1770369842.455734
-0.078812,0.174460,1.372988,29.190001,-3.850000,10.360000,1770369842.463720
-0.082472,0.022936,1.511092,18.620001,3.430000,3.640000,1770369842.471713
-0.056120,-0.178608,1.616988,17.780001,5.880000,-4.760000,1770369842.479728
0.009272,-0.388692,1.783884,28.559999,-0.140000,-6.300000,1770369842.487721
0.002684,-0.561688,1.970788,40.529999,-12.110000,-9.940000,1770369842.495751
-0.020984,-0.600728,2.003972,41.090000,-24.709999,-12.880000,1770369842.503704
0.008052,-0.600728,1.964932,30.520000,-46.689999,-10.850000,1770369842.511753
0.058804,-0.643428,1.965664,21.209999,-72.940002,-9.380000,1770369842.519708
0.169824,-0.649528,1.975180,7.210000,-100.589996,-9.730000,1770369842.527721
0.294508,-0.541436,1.926868,-5.530000,-123.830002,-9.380000,1770369842.535800
0.425780,-0.377224,1.794376,-18.340000,-141.679993,-7.910000,1770369842.543742
0.535336,-0.233020,1.606008,-31.780001,-153.649994,-8.120000,1770369842.551702
0.632936,-0.109068,1.373232,-44.169998,-159.809998,-7.910000,1770369842.559726
0.705648,0.017812,1.137040,-52.500000,-156.800003,-3.290000,1770369842.567720
0.775188,0.145180,0.883280,-56.419998,-141.050003,7.140000,1770369842.576045
0.802760,0.225700,0.681248,-55.720001,-113.750000,15.890000,1770369842.583821
0.809348,0.253272,0.508740,-56.980000,-80.290001,25.549999,1770369842.591716
0.780800,0.277184,0.373564,-52.360001,-43.820000,30.309999,1770369842.599718
0.711260,0.301096,0.280600,-49.560001,-4.970000,34.650002,1770369842.607706
0.607072,0.328668,0.222528,-45.990002,33.180000,33.320000,1770369842.615714
0.476044,0.349652,0.157868,-45.150002,63.630001,36.259998,1770369842.623726
0.349652,0.355020,0.107604,-44.099998,89.250000,32.549999,1770369842.631723
0.235948,0.345260,0.072224,-43.610001,107.449997,29.610001,1770369842.639717
0.142740,0.341112,0.064172,-42.279999,118.370003,26.670000,1770369842.647713
0.059292,0.333304,0.097356,-40.880001,123.970001,19.389999,1770369842.655770
-0.011712,0.325984,0.152500,-36.189999,126.489998,21.070000,1770369842.663725
-0.074176,0.296704,0.223260,-32.549999,125.930000,16.100000,1770369842.671704
-0.121024,0.246928,0.293044,-24.850000,118.860001,16.100000,1770369842.679746
-0.135908,0.176656,0.396744,-13.300000,105.349998,11.270000,1770369842.687729
-0.130052,0.092476,0.507764,2.100000,85.260002,9.030000,1770369842.695827
-0.113216,-0.004636,0.665388,17.290001,59.220001,7.140000,1770369842.703699
-0.085156,-0.091988,0.916220,33.599998,30.100000,3.640000,1770369842.711729
-0.044408,-0.165676,1.214632,45.919998,3.360000,0.420000,1770369842.719736
0.033184,-0.227896,1.449116,52.430000,-19.809999,1.750000,1770369842.727736
0.130296,-0.270840,1.564284,58.169998,-37.660000,-2.170000,1770369842.735717
0.256200,-0.322324,1.618696,58.869999,-52.849998,-0.700000,1770369842.743716
0.410652,-0.383812,1.639924,55.580002,-64.959999,0.210000,1770369842.751717
0.575840,-0.451400,1.650172,44.099998,-72.379997,4.550000,1770369842.759728
0.631472,-0.523624,1.732156,26.530001,-57.189999,9.520000,1770369842.767746
0.674904,-0.621468,1.833172,4.340000,-18.830000,7.560000,1770369842.775735
0.657824,-0.737124,1.841712,-14.420000,32.830002,4.550000,1770369842.783718
0.568520,-0.796172,1.760704,-22.959999,78.540001,-6.370000,1770369842.791712
0.443104,-0.713944,1.708000,-29.049999,112.839996,-10.710000,1770369842.799841
0.292800,-0.523380,1.688236,-31.780001,129.289993,-14.420000,1770369842.807733
0.126392,-0.308172,1.644316,-37.730000,131.110001,-17.500000,1770369842.815716
-0.023912,-0.114680,1.517680,-43.049999,120.400002,-24.219999,1770369842.823713
-0.166164,0.042700,1.319308,-47.669998,96.040001,-28.700001,1770369842.831701
-0.257420,0.172752,1.108248,-45.430000,67.410004,-32.060001,1770369842.839724
-0.304268,0.245464,0.954772,-43.959999,32.900002,-34.090000,1770369842.847868
-0.334036,0.341112,0.804956,-38.639999,2.310000,-39.340000,1770369842.855723
-0.315248,0.414800,0.652944,-31.850000,-22.820000,-37.380001,1770369842.863723
-0.272304,0.487512,0.528504,-26.600000,-40.250000,-35.560001,1770369842.871706
-0.235704,0.554612,0.426756,-24.010000,-51.450001,-30.870001,1770369842.879740
-0.193004,0.584380,0.352336,-26.389999,-55.930000,-24.570000,1770369842.887820
-0.153476,0.572424,0.309392,-31.570000,-52.430000,-22.889999,1770369842.895739
-0.122732,0.535336,0.262300,-37.450001,-45.709999,-20.370001,1770369842.903710
-0.093696,0.490928,0.191540,-39.340000,-38.360001,-13.790000,1770369842.911979
-0.061244,0.390156,0.125172,-33.180000,-33.669998,-12.180000,1770369842.919837
-0.035624,0.258640,0.069784,-19.530001,-30.799999,-6.440000,1770369842.927867
-0.031720,0.153476,0.082716,-0.490000,-27.160000,0.140000,1770369842.935711
-0.025376,0.105896,0.210328,17.570000,-24.080000,9.520000,1770369842.943714
-0.026108,0.072956,0.435296,31.780001,-19.740000,15.120000,1770369842.951720
-0.016836,0.101992,0.689300,39.549999,-14.420000,24.570000,1770369842.959716
-0.031232,0.097356,0.938668,45.080002,-5.530000,33.320000,1770369842.967740
-0.047824,0.068076,1.146312,48.160000,3.500000,32.970001,1770369842.975727
-0.063196,-0.013420,1.352980,50.540001,8.400000,27.580000,1770369842.983740
-0.068564,-0.158112,1.571116,53.270000,8.400000,18.690001,1770369842.991717
-0.056120,-0.336720,1.796084,60.619999,9.310000,10.500000,1770369842.999715
-0.032940,-0.517524,2.055212,77.139999,7.420000,5.040000,1770369843.007756
-0.060756,-0.610244,2.218448,83.370003,-1.750000,2.870000,1770369843.015727
-0.108336,-0.664656,2.199904,70.489998,-20.090000,-3.080000,1770369843.023716
-0.086132,-0.711992,2.051308,55.090000,-52.919998,-2.380000,1770369843.031719
-0.028548,-0.754448,1.979572,40.180000,-91.769997,-4.480000,1770369843.039716
0.126392,-0.729560,1.988356,23.660000,-127.610001,-3.990000,1770369843.047771
0.304024,-0.580232,1.960784,5.320000,-156.100006,-6.440000,1770369843.055720
0.476288,-0.380884,1.825120,-9.660000,-177.660004,-7.770000,1770369843.064052
0.613660,-0.203740,1.600884,-24.780001,-190.610001,-6.580000,1770369843.071939
0.709796,-0.078568,1.325896,-33.669998,-192.149994,-6.370000,1770369843.079887
0.798612,0.039772,1.029192,-39.549999,-184.940002,0.280000,1770369843.087720
0.859856,0.146156,0.794708,-40.180000,-165.970001,11.830000,1770369843.095723
0.896456,0.204716,0.615612,-40.040001,-133.419998,20.719999,1770369843.103720
0.908900,0.203496,0.489708,-37.869999,-93.239998,29.469999,1770369843.111846
0.875716,0.201544,0.378688,-35.349998,-47.459999,31.709999,1770369843.119720
0.799100,0.225700,0.283528,-29.680000,-4.900000,34.020000,1770369843.127703
0.690520,0.270108,0.222772,-26.530001,38.009998,35.770000,1770369843.135710
0.555344,0.320616,0.190320,-24.500000,72.169998,38.849998,1770369843.143707
0.428952,0.357948,0.149084,-25.900000,101.360001,33.459999,1770369843.151713
0.307928,0.380396,0.111020,-28.629999,122.430000,35.139999,1770369843.159699
0.199836,0.379664,0.096624,-28.420000,136.850006,30.520000,1770369843.167716
0.090524,0.356728,0.106140,-32.340000,147.699997,29.190001,1770369843.175825
0.002928,0.314760,0.143228,-32.340000,152.809998,22.400000,1770369843.183752
-0.059048,0.261324,0.198860,-26.320000,150.779999,16.100000,1770369843.191718
-0.100040,0.214720,0.268156,-14.210000,142.520004,10.990000,1770369843.199714
-0.124684,0.156160,0.378444,2.100000,127.820000,10.710000,1770369843.207703
-0.119560,0.100040,0.511668,20.440001,106.540001,7.280000,1770369843.215759
-0.108824,0.053924,0.732244,39.270000,74.339996,4.970000,1770369843.223715
-0.080520,0.024888,1.048468,53.270000,40.180000,4.480000,1770369843.231705
-0.030500,0.000732,1.372744,58.869999,9.380000,2.660000,1770369843.239708
0.042700,-0.025864,1.622112,60.970001,-15.820000,4.200000,1770369843.247709
0.148840,-0.085400,1.706048,59.919998,-32.900002,3.290000,1770369843.255694
0.299144,-0.179096,1.691652,51.169998,-49.980000,5.040000,1770369843.263735
0.441396,-0.284748,1.677012,42.770000,-66.709999,11.270000,1770369843.271737
0.528260,-0.427976,1.723128,30.100000,-61.740002,15.890000,1770369843.279885
0.562176,-0.589504,1.815360,14.980000,-37.660000,18.969999,1770369843.287714
0.564860,-0.779336,1.917840,-3.780000,3.220000,9.170000,1770369843.295708
0.548268,-0.905484,1.880264,-14.840000,43.259998,-3.290000,1770369843.303720
0.480680,-0.906216,1.798280,-18.480000,76.720001,-10.150000,1770369843.311810
0.355020,-0.750300,1.727276,-24.219999,96.809998,-14.770000,1770369843.319753
0.208376,-0.517036,1.654564,-30.660000,103.320000,-15.540000,1770369843.327704
0.078568,-0.285724,1.535248,-37.310001,97.160004,-20.440001,1770369843.335710
-0.041724,-0.103944,1.340292,-43.400002,81.480003,-23.799999,1770369843.343710
-0.121268,0.052704,1.097512,-44.730000,59.639999,-30.870001,1770369843.351706
-0.164944,0.173240,0.903532,-43.259998,34.369999,-33.880001,1770369843.359831
-0.195444,0.289384,0.766892,-38.849998,8.400000,-36.119999,1770369843.367743
-0.189100,0.406260,0.658556,-33.669998,-10.780000,-32.759998,1770369843.375705
-0.181536,0.484828,0.562420,-29.540001,-23.240000,-28.629999,1770369843.383732
-0.164212,0.535092,0.454572,-27.299999,-29.820000,-26.530001,1770369843.391721
-0.151036,0.540704,0.339404,-25.830000,-34.580002,-17.920000,1770369843.399819
-0.122732,0.541924,0.253028,-23.799999,-35.349998,-16.379999,1770369843.407713
-0.097844,0.512644,0.177144,-24.219999,-35.279999,-8.470000,1770369843.415836
-0.070272,0.491660,0.077592,-24.850000,-37.939999,-3.080000,1770369843.423714
-0.045384,0.448228,-0.017812,-18.969999,-41.790001,2.240000,1770369843.431721
-0.020740,0.397720,-0.039528,-10.640000,-43.820000,3.290000,1770369843.439737
-0.000244,0.340136,0.052460,-3.150000,-43.119999,16.379999,1770369843.447798
0.025864,0.305488,0.231556,6.790000,-38.570000,19.180000,1770369843.455707
0.049288,0.260348,0.472872,10.220000,-32.060001,23.309999,1770369843.463710
0.072712,0.264252,0.747128,15.120000,-25.059999,22.330000,1770369843.471749
0.091988,0.253272,0.977952,22.820000,-14.630000,25.690001,1770369843.479756
0.094916,0.201788,1.182424,25.059999,2.310000,28.139999,1770369843.487723
0.095404,0.128832,1.321748,24.850000,20.230000,32.340000,1770369843.495716
0.117608,-0.014640,1.439844,22.750000,36.680000,31.639999,1770369843.503761
0.175192,-0.211060,1.672376,30.240000,50.259998,29.750000,1770369843.511739
0.213012,-0.447496,2.008364,52.360001,58.450001,27.510000,1770369843.519718
0.157136,-0.589504,2.242848,73.500000,58.799999,20.299999,1770369843.527763
0.021472,-0.576572,2.316780,71.610001,48.860001,15.890000,1770369843.535713
-0.066612,-0.584624,2.245532,52.919998,28.070000,13.020000,1770369843.543710
-0.117120,-0.624396,2.134756,36.750000,-5.110000,12.460000,1770369843.551718
-0.094428,-0.618540,2.053992,20.440001,-47.810001,7.140000,1770369843.559881
-0.012932,-0.557540,1.929796,-0.560000,-86.730003,4.130000,1770369843.567720
0.107116,-0.434808,1.727764,-16.030001,-121.519997,-3.920000,1770369843.575702
0.268888,-0.300852,1.494256,-29.400000,-150.710007,-6.020000,1770369843.583732
0.393572,-0.177388,1.214144,-35.840000,-170.240005,-6.650000,1770369843.591751
0.495076,-0.063440,0.974780,-40.389999,-179.059998,-4.200000,1770369843.599743
0.597312,0.032940,0.772748,-42.910000,-172.199997,3.570000,1770369843.607740
0.671488,0.069540,0.637816,-44.310001,-153.229996,11.760000,1770369843.615766
0.710772,0.093452,0.504836,-45.220001,-123.830002,19.600000,1770369843.623702
0.703696,0.131516,0.364048,-39.830002,-90.370003,21.280001,1770369843.631727
0.649528,0.185684,0.225456,-36.119999,-50.680000,23.379999,1770369843.639712
0.570716,0.237168,0.093208,-31.639999,-10.430000,28.139999,1770369843.647788
0.478728,0.269620,0.004392,-24.290001,26.950001,26.110001,1770369843.655719
0.391132,0.255224,-0.009272,-22.889999,61.529999,26.250000,1770369843.663711
0.318420,0.194712,0.047092,-15.750000,86.519997,21.420000,1770369843.671710
0.250588,0.118096,0.118096,-9.100000,105.349998,17.850000,1770369843.679933
0.188124,0.062708,0.185928,3.360000,116.760002,9.030000,1770369843.687726
0.138836,0.012200,0.257176,21.070000,119.980003,4.760000,1770369843.695732
0.128588,-0.023180,0.392352,39.830002,117.739998,-0.490000,1770369843.703713
0.133956,-0.057340,0.567056,64.260002,106.889999,-6.370000,1770369843.711705
0.160552,-0.105408,0.790804,87.639999,89.389999,-9.030000,1770369843.719749
0.223992,-0.127612,1.085800,107.660004,71.190002,-10.360000,1770369843.727742
0.291092,-0.134200,1.449360,120.190002,51.380001,-5.880000,1770369843.735729
0.378200,-0.088328,1.789008,117.320000,38.080002,5.250000,1770369843.743714
0.447008,-0.068320,1.992016,97.790001,26.040001,9.730000,1770369843.751719
0.570716,-0.137372,2.021052,70.279999,9.310000,20.299999,1770369843.759725
0.691496,-0.260348,2.023004,44.730000,-4.130000,33.459999,1770369843.767735
0.689300,-0.431392,2.011048,24.570000,1.750000,40.599998,1770369843.775720
0.599508,-0.594628,2.010316,2.450000,35.770000,43.540001,1770369843.783733
0.420656,-0.732244,1.997628,-10.360000,84.839996,30.170000,1770369843.791748
0.268644,-0.732976,1.890512,-17.430000,129.080002,15.470000,1770369843.799827
0.123464,-0.634644,1.805112,-22.540001,157.779999,1.750000,1770369843.807742
-0.033916,-0.462624,1.729960,-27.440001,167.509995,-4.200000,1770369843.815719
-0.188856,-0.255468,1.610644,-35.070000,162.119995,-14.980000,1770369843.823746
-0.335988,-0.074420,1.393484,-41.439999,139.369995,-24.780001,1770369843.831710
-0.427732,0.037088,1.113860,-43.750000,105.000000,-31.850000,1770369843.839842
-0.485804,0.142984,0.852780,-39.410000,62.720001,-39.830002,1770369843.847718
-0.488976,0.253272,0.657580,-31.290001,19.389999,-44.240002,1770369843.855729
-0.462380,0.370880,0.525576,-23.730000,-19.740000,-45.779999,1770369843.863814
-0.425780,0.469700,0.432368,-13.860000,-48.930000,-46.060001,1770369843.871713
-0.365024,0.530944,0.331108,-6.020000,-69.300003,-44.660000,1770369843.879741
-0.286700,0.579500,0.252296,0.630000,-84.559998,-35.560001,1770369843.887758
-0.215452,0.573644,0.194468,7.350000,-95.830002,-31.150000,1770369843.895741
-0.142252,0.543632,0.090768,6.230000,-102.269997,-17.920000,1770369843.903717
-0.091744,0.528016,-0.040504,13.650000,-108.709999,-8.680000,1770369843.911718
-0.039284,0.515328,-0.082716,18.200001,-112.769997,-0.490000,1770369843.919730
0.010980,0.498736,-0.007076,19.110001,-114.730003,4.550000,1770369843.927839
0.058804,0.468480,0.143716,19.950001,-108.779999,12.110000,1770369843.935712
0.094184,0.425536,0.309880,20.650000,-93.169998,16.309999,1770369843.943722
0.130540,0.366732,0.536068,25.270000,-73.639999,19.040001,1770369843.951720
0.147864,0.330132,0.786168,28.559999,-50.820000,24.709999,1770369843.959720
0.159820,0.324520,1.006500,34.160000,-23.940001,21.980000,1770369843.967811
0.168848,0.257908,1.216340,39.970001,5.530000,18.830000,1770369843.975755
0.173972,0.124928,1.408368,37.939999,33.180000,15.260000,1770369843.983732
0.235948,-0.008296,1.638704,36.049999,57.119999,7.490000,1770369843.991728
0.327448,-0.184220,1.979084,43.049999,73.220001,3.430000,1770369843.999841
0.344040,-0.327936,2.339716,59.500000,79.519997,-3.850000,1770369844.007710
0.198128,-0.428952,2.493924,69.580002,76.089996,-2.380000,1770369844.015721
0.020008,-0.462380,2.288720,57.470001,58.240002,-3.080000,1770369844.023721
-0.083204,-0.477996,2.104500,40.529999,20.650000,5.040000,1770369844.031740
-0.126880,-0.524356,2.068876,14.560000,-29.049999,6.650000,1770369844.039786
-0.084180,-0.507520,1.996896,-10.780000,-82.250000,0.980000,1770369844.047727
0.037332,-0.432856,1.822680,-30.450001,-127.400002,-4.620000,1770369844.055799
0.202276,-0.343308,1.552816,-43.259998,-160.300003,-9.590000,1770369844.063824
0.376248,-0.249612,1.258308,-48.369999,-187.460007,-12.740000,1770369844.072512
0.522892,-0.158600,1.017968,-53.830002,-195.720001,-8.610000,1770369844.080078
0.640500,-0.039772,0.774700,-53.130001,-190.820007,0.210000,1770369844.087758
0.740784,0.091744,0.590480,-50.189999,-168.419998,1.820000,1770369844.095758
0.812520,0.186416,0.444080,-43.889999,-130.690002,13.230000,1770369844.103720
0.830820,0.200080,0.317200,-41.090000,-88.900002,19.740000,1770369844.111718
0.790072,0.192516,0.189832,-35.209999,-43.889999,21.070000,1770369844.119724
0.698572,0.194224,0.069052,-29.190001,4.760000,25.900000,1770369844.127715
0.582916,0.205448,-0.007076,-19.879999,47.250000,23.450001,1770369844.135717
0.457256,0.211548,-0.036844,-16.450001,84.419998,29.750000,1770369844.143793
0.325252,0.223504,-0.044896,-11.690000,114.309998,21.070000,1770369844.151753
0.206180,0.230580,-0.024400,-10.570000,138.389999,22.610001,1770369844.159716
0.098820,0.225700,0.015860,-9.450000,158.410004,14.560000,1770369844.167712
0.014640,0.192272,0.078324,-7.140000,171.710007,7.210000,1770369844.175730
-0.039284,0.102236,0.210572,-1.260000,176.610001,6.440000,1770369844.183826
-0.065880,0.030988,0.383812,11.200000,172.550003,-0.700000,1770369844.191717
-0.099796,-0.015860,0.630740,31.150000,155.119995,-0.490000,1770369844.199710
-0.116632,-0.004148,0.979660,50.049999,126.489998,-1.050000,1770369844.207702
-0.138348,0.035624,1.378844,61.180000,89.949997,-0.280000,1770369844.215710
-0.146156,0.078324,1.665544,64.050003,53.900002,-4.550000,1770369844.223780
-0.071492,0.057340,1.837564,67.059998,26.950001,-6.790000,1770369844.231716
0.064172,-0.009028,1.916864,61.389999,6.930000,-2.660000,1770369844.239710
0.221796,-0.101016,1.978840,47.389999,-11.130000,0.980000,1770369844.247706
0.333548,-0.237168,1.935408,35.279999,-32.340000,9.240000,1770369844.255712
0.364292,-0.362584,1.957856,19.670000,-34.580002,10.290000,1770369844.263724
0.413336,-0.476288,2.069120,2.100000,-14.770000,6.930000,1770369844.271718
0.431636,-0.570960,2.104012,-13.090000,17.150000,6.020000,1770369844.279718
0.353556,-0.585112,2.001532,-26.530001,54.669998,-0.490000,1770369844.287734
0.229848,-0.514352,1.841224,-36.680000,84.839996,-10.850000,1770369844.295759
0.107116,-0.375028,1.668960,-49.419998,100.589996,-19.320000,1770369844.303717
-0.020008,-0.226188,1.496452,-56.840000,100.099998,-23.309999,1770369844.311721
-0.143472,-0.112484,1.284172,-63.279999,88.830002,-28.700001,1770369844.319710
-0.235216,-0.002440,1.038464,-57.610001,68.040001,-31.850000,1770369844.327711
-0.296460,0.088572,0.813496,-53.619999,44.380001,-37.380001,1770369844.335712
-0.339648,0.176900,0.631960,-46.060001,21.070000,-44.169998,1770369844.343775
-0.361608,0.241316,0.475312,-38.500000,0.980000,-45.009998,1770369844.351709
-0.363316,0.317932,0.335012,-26.670000,-14.210000,-47.389999,1770369844.359714
-0.349896,0.387716,0.238144,-15.120000,-24.920000,-42.070000,1770369844.367736
-0.320372,0.462136,0.198128,-6.580000,-37.169998,-39.970001,1770369844.375872
-0.274012,0.501420,0.160308,-6.020000,-45.220001,-32.900002,1770369844.383753
-0.233996,0.497760,0.089304,-3.920000,-53.900002,-31.639999,1770369844.391719
-0.185684,0.463112,-0.005856,-1.120000,-64.330002,-22.260000,1770369844.399717
-0.140056,0.419436,-0.057828,0.700000,-72.870003,-16.170000,1770369844.407731
-0.095160,0.386740,0.018300,10.290000,-80.360001,-11.060000,1770369844.415769
-0.061488,0.336720,0.187636,15.330000,-79.940002,-3.430000,1770369844.423764
-0.033184,0.308172,0.399672,25.620001,-75.250000,1.960000,1770369844.431720
-0.007076,0.296948,0.642452,29.330000,-66.220001,8.050000,1770369844.439716
0.014640,0.287432,0.929396,38.360001,-51.660000,10.500000,1770369844.447716
0.023424,0.247172,1.182180,36.610001,-36.470001,10.500000,1770369844.455716
0.050508,0.170556,1.370548,36.400002,-19.950001,6.230000,1770369844.463849
0.092720,0.052216,1.544032,32.549999,-5.320000,-3.640000,1770369844.471711
0.199836,-0.100772,1.810724,34.860001,7.210000,-6.930000,1770369844.479724
0.291824,-0.242048,2.165256,43.189999,14.280000,-11.410000,1770369844.487803
0.276452,-0.393816,2.471232,56.070000,16.870001,-9.590000,1770369844.495722
0.144692,-0.462624,2.432924,46.970001,13.300000,-9.870000,1770369844.503716
0.073444,-0.500688,2.209664,29.750000,-5.110000,-7.000000,1770369844.511741
0.062708,-0.541924,2.098156,10.220000,-42.980000,-2.170000,1770369844.519849
0.123220,-0.539728,2.030324,-8.470000,-85.260002,-1.190000,1770369844.527720
0.216428,-0.483364,1.886608,-23.660000,-125.089996,-1.400000,1770369844.535719
0.341112,-0.386984,1.658712,-36.189999,-159.110001,-3.640000,1770369844.543718
0.459696,-0.285968,1.336632,-41.650002,-183.960007,-5.320000,1770369844.551745
0.570228,-0.182268,1.035292,-43.540001,-198.660004,-6.230000,1770369844.559898
0.656116,-0.070028,0.772260,-42.840000,-197.399994,-3.220000,1770369844.567717
0.728340,0.058804,0.562908,-40.880001,-179.830002,4.340000,1770369844.575724
0.793976,0.153232,0.416020,-38.220001,-144.690002,9.030000,1770369844.583834
0.828868,0.172996,0.312320,-35.560001,-102.830002,13.230000,1770369844.591703
0.812520,0.162260,0.215940,-32.200001,-57.119999,18.830000,1770369844.599721
0.750788,0.156160,0.110044,-24.219999,-10.780000,20.650000,1770369844.607708
0.637816,0.167872,0.023424,-20.230000,33.320000,20.299999,1770369844.615792
0.513864,0.187392,-0.035136,-15.680000,69.720001,18.620001,1770369844.623708
0.386984,0.204716,-0.066856,-12.670000,99.050003,17.150000,1770369844.631721
0.259860,0.228140,-0.078080,-10.640000,125.300003,17.010000,1770369844.639711
0.147376,0.240340,-0.055144,-10.640000,146.929993,14.490000,1770369844.647717
0.052704,0.215208,0.003660,-11.550000,163.309998,9.240000,1770369844.655757
0.001708,0.155672,0.112728,-10.430000,170.520004,3.360000,1770369844.663720
-0.017812,0.048312,0.266448,-1.540000,169.330002,0.420000,1770369844.671793
-0.044652,-0.010736,0.423096,16.590000,154.910004,-5.110000,1770369844.679752
-0.045140,-0.049532,0.677832,37.520000,138.460007,-9.380000,1770369844.687728
-0.046848,-0.054412,1.086532,49.700001,106.470001,-2.660000,1770369844.695703
-0.036112,-0.007076,1.510604,55.860001,72.870003,-7.140000,1770369844.703721
0.032208,-0.001952,1.802672,56.490002,42.349998,-8.960000,1770369844.711753
0.165676,-0.074908,1.969324,61.810001,24.290001,-7.490000,1770369844.719774
0.324764,-0.135420,2.094008,60.830002,13.440000,-4.550000,1770369844.727716
0.434320,-0.192516,2.092300,54.599998,-1.260000,-4.340000,1770369844.735719
0.447496,-0.321592,2.007876,39.060001,-9.240000,-1.540000,1770369844.743726
0.448716,-0.448472,2.104500,21.559999,3.990000,-2.870000,1770369844.751719
0.420412,-0.549000,2.201124,0.980000,34.509998,-3.220000,1770369844.759819
0.326472,-0.606584,2.079856,-14.140000,69.510002,-7.490000,1770369844.767741
0.187392,-0.591456,1.912716,-26.320000,92.820000,-13.580000,1770369844.775722
0.050996,-0.482388,1.745088,-38.430000,104.720001,-21.490000,1770369844.783926
-0.070516,-0.314516,1.534760,-46.200001,100.239998,-26.040001,1770369844.791749
-0.202276,-0.211548,1.264652,-51.169998,84.279999,-30.030001,1770369844.799749
-0.295728,-0.103944,0.990396,-51.169998,60.410000,-33.110001,1770369844.807827
-0.350628,-0.008296,0.786900,-44.169998,33.180000,-37.169998,1770369844.815720
-0.377224,0.102724,0.654896,-38.220001,5.670000,-43.820000,1770369844.823714
-0.369660,0.207156,0.543388,-29.959999,-17.500000,-50.259998,1770369844.831734
-0.342088,0.301828,0.427976,-16.660000,-37.799999,-52.220001,1770369844.839833
-0.313052,0.365024,0.326960,-6.580000,-50.119999,-52.849998,1770369844.847713
-0.266936,0.435052,0.245220,7.840000,-63.000000,-50.189999,1770369844.855717
-0.215940,0.490928,0.180804,11.200000,-71.190002,-42.980000,1770369844.863792
-0.157868,0.527772,0.104920,18.340000,-80.709999,-36.259998,1770369844.871728
-0.093452,0.547048,0.040260,17.990000,-93.449997,-28.280001,1770369844.879733
-0.029768,0.530212,0.029524,14.770000,-103.320000,-17.219999,1770369844.887736
0.028792,0.512400,0.109068,11.410000,-110.320000,-12.880000,1770369844.895727
0.082228,0.471164,0.244488,10.010000,-107.800003,-7.560000,1770369844.903879
0.122976,0.396988,0.411384,15.540000,-95.129997,-2.520000,1770369844.911701
0.172752,0.352824,0.649284,23.870001,-76.580002,5.110000,1770369844.919736
0.220088,0.316224,0.900116,31.080000,-55.299999,5.110000,1770369844.927707
0.231556,0.268644,1.091656,39.480000,-24.990000,4.900000,1770369844.935710
0.252540,0.194468,1.275632,41.509998,6.300000,3.780000,1770369844.943801
0.295972,0.090524,1.454728,34.650002,35.139999,-0.140000,1770369844.951718
0.367464,-0.025620,1.655296,31.850000,54.320000,-1.960000,1770369844.959717
0.418948,-0.206424,2.004948,37.169998,66.849998,-2.380000,1770369844.967702
0.360876,-0.403332,2.310924,51.730000,73.779999,-6.790000,1770369844.975739
0.185928,-0.483120,2.421700,45.639999,70.489998,-9.170000,1770369844.983761
0.057096,-0.504104,2.274080,28.980000,51.660000,-7.350000,1770369844.991737
-0.037332,-0.555344,2.114992,10.010000,11.410000,-7.700000,1770369844.999745
-0.064904,-0.605852,2.027152,-10.290000,-41.860001,-6.090000,1770369845.007791
-0.001220,-0.533140,1.857572,-24.080000,-97.440002,-8.680000,1770369845.015723
0.127612,-0.419192,1.632116,-37.520000,-141.820007,-9.520000,1770369845.023743
0.287432,-0.289872,1.368840,-42.840000,-178.710007,-12.180000,1770369845.031720
0.430660,-0.186172,1.097512,-47.669998,-199.919998,-9.730000,1770369845.039755
0.554612,-0.078568,0.871324,-50.049999,-206.360001,-8.680000,1770369845.047721
0.660264,0.071492,0.648308,-49.000000,-193.970001,-3.430000,1770369845.055715
0.746640,0.188612,0.500444,-46.900002,-163.660004,5.390000,1770369845.063909
0.808372,0.223016,0.397232,-43.400002,-122.430000,11.900000,1770369845.071828
0.803248,0.203252,0.275232,-38.290001,-76.580002,16.730000,1770369845.079749
0.752740,0.186660,0.128100,-36.330002,-31.500000,20.299999,1770369845.087746
0.655140,0.182512,0.006344,-26.740000,11.200000,20.510000,1770369845.095736
0.529724,0.186416,-0.057828,-20.650000,51.939999,21.490000,1770369845.103709
0.416508,0.191052,-0.081008,-15.190000,84.629997,21.209999,1770369845.111726
0.301096,0.198372,-0.086376,-11.620000,109.900002,21.629999,1770369845.119753
0.191784,0.211548,-0.063196,-10.640000,134.820007,20.160000,1770369845.127825
0.094916,0.190808,0.000976,-8.260000,151.270004,15.820000,1770369845.135706
0.025132,0.146400,0.088328,-5.040000,161.699997,10.710000,1770369845.143711
0.002196,0.051728,0.237656,0.700000,162.119995,3.990000,1770369845.151714
-0.002196,-0.001708,0.408700,16.450001,151.550003,4.900000,1770369845.159710
-0.019276,-0.060756,0.676124,35.070000,128.100006,-0.980000,1770369845.167719
-0.013176,-0.068564,1.056520,51.520000,98.910004,-4.340000,1770369845.175798
-0.016348,-0.058560,1.492304,57.049999,69.370003,-5.460000,1770369845.184035
0.024888,-0.070760,1.756556,59.150002,44.590000,-11.620000,1770369845.191808
0.130052,-0.159332,1.879776,66.919998,28.700001,-14.630000,1770369845.199723
0.257908,-0.208864,1.928820,70.070000,19.950001,-10.290000,1770369845.207705
0.379908,-0.238876,1.974204,68.250000,2.800000,-11.060000,1770369845.215709
0.407236,-0.335500,1.931260,51.310001,-8.890000,-8.260000,1770369845.223705
0.418704,-0.455792,2.037156,31.150000,-1.190000,-5.460000,1770369845.231738
0.413580,-0.565348,2.219424,9.520000,22.889999,-5.460000,1770369845.239716
0.347456,-0.625372,2.197464,-11.480000,53.689999,-4.830000,1770369845.247778
0.216672,-0.600728,2.049844,-24.850000,78.750000,-17.290001,1770369845.255716
0.092964,-0.471652,1.891000,-38.290001,91.769997,-21.629999,1770369845.263705
-0.030256,-0.299144,1.717760,-49.630001,90.930000,-28.700001,1770369845.271710
-0.147620,-0.147864,1.494500,-54.810001,75.320000,-29.260000,1770369845.279709
-0.237900,-0.025376,1.209508,-55.509998,51.660000,-32.270000,1770369845.287770
-0.300364,0.093452,0.943304,-51.520000,24.080000,-38.919998,1770369845.295740
-0.320860,0.201788,0.734196,-47.880001,-4.410000,-38.570000,1770369845.303710
-0.316468,0.283284,0.583160,-38.150002,-27.090000,-46.830002,1770369845.311719
-0.306952,0.367220,0.457012,-31.500000,-46.759998,-51.169998,1770369845.319708
-0.281088,0.436272,0.332328,-21.209999,-54.459999,-50.750000,1770369845.327720
-0.233264,0.472628,0.208864,-10.080000,-60.970001,-47.459999,1770369845.335758
-0.189832,0.486292,0.137860,-2.100000,-66.639999,-42.139999,1770369845.343704
-0.131760,0.494832,0.099796,-0.350000,-70.839996,-35.419998,1770369845.351706
-0.081008,0.502396,0.039528,0.140000,-74.550003,-27.580000,1770369845.359712
-0.030500,0.488732,-0.020008,0.210000,-79.309998,-19.600000,1770369845.367703
0.002196,0.464088,-0.011956,0.140000,-84.699997,-14.350000,1770369845.375698
0.047336,0.434076,0.100772,1.120000,-85.050003,-3.990000,1770369845.383850
0.076128,0.375760,0.253760,3.290000,-79.239998,-1.540000,1770369845.391735
0.102724,0.325252,0.413092,7.980000,-70.279999,5.950000,1770369845.399759
0.142496,0.294996,0.633912,18.059999,-56.139999,9.520000,1770369845.407726
0.172752,0.281332,0.881572,28.070000,-40.110001,9.730000,1770369845.415715
0.198128,0.252052,1.092876,32.410000,-19.040001,10.850000,1770369845.423838
0.226676,0.175192,1.307840,32.619999,5.880000,8.610000,1770369845.431717
0.261812,0.047092,1.512556,25.059999,28.629999,7.560000,1770369845.439712
0.363560,-0.071248,1.739476,19.879999,44.450001,3.220000,1770369845.447720
0.440420,-0.264496,2.076928,30.520000,50.750000,5.600000,1770369845.455717
0.385520,-0.441396,2.378512,48.930000,56.349998,2.870000,1770369845.463832
0.211304,-0.505568,2.481236,50.610001,54.669998,0.490000,1770369845.471715
0.072224,-0.485316,2.291648,32.970001,38.360001,3.780000,1770369845.479716
-0.020984,-0.479216,2.087664,11.410000,7.980000,8.610000,1770369845.487748
-0.048312,-0.482144,1.990308,-9.100000,-40.320000,8.960000,1770369845.495730
-0.012932,-0.443348,1.860012,-28.209999,-87.570000,5.250000,1770369845.503723
0.105652,-0.358192,1.652856,-42.279999,-130.059998,3.640000,1770369845.511753
0.244976,-0.254492,1.366156,-48.299999,-163.449997,-2.590000,1770369845.519764
0.382104,-0.159820,1.074088,-50.750000,-183.750000,-1.820000,1770369845.527778
0.503860,-0.098820,0.859368,-53.270000,-191.589996,-3.290000,1770369845.535715
0.615124,0.009516,0.644892,-52.430000,-182.699997,2.660000,1770369845.543718
0.706380,0.095404,0.503128,-46.410000,-160.789993,8.260000,1770369845.551731
0.779580,0.126392,0.409432,-41.160000,-128.309998,19.180000,1770369845.559924
0.796172,0.134200,0.292556,-35.560001,-90.370003,21.070000,1770369845.567710
0.752984,0.153232,0.157136,-29.610001,-45.919998,24.290001,1770369845.575716
0.671732,0.181536,0.049532,-24.990000,-2.100000,26.320000,1770369845.583722
0.564860,0.202764,-0.011224,-19.809999,39.410000,22.889999,1770369845.591793
0.458476,0.205204,-0.047336,-17.500000,74.830002,24.639999,1770369845.599737
0.344040,0.196664,-0.057096,-15.750000,105.980003,20.650000,1770369845.607718
0.241560,0.179584,-0.034404,-13.650000,129.080002,17.850000,1770369845.615703
0.145424,0.114680,0.047336,-12.880000,150.009995,14.070000,1770369845.623705
0.087596,0.025132,0.151280,-5.880000,161.770004,8.190000,1770369845.631750
0.062220,-0.047092,0.268644,3.080000,163.100006,3.780000,1770369845.639722
0.045140,-0.086132,0.423096,24.709999,156.100006,1.400000,1770369845.647852
0.032696,-0.133712,0.669292,45.220001,139.160004,5.600000,1770369845.655712
0.037088,-0.135420,1.064816,63.279999,116.760002,0.210000,1770369845.663717
0.068808,-0.116388,1.523292,72.379997,90.370003,-0.280000,1770369845.671721
0.123952,-0.106140,1.882948,80.220001,69.720001,-0.140000,1770369845.679745
0.202032,-0.117608,1.997140,75.459999,56.980000,1.190000,1770369845.687758
0.292312,-0.137616,1.972008,67.900002,41.230000,10.430000,1770369845.695721
0.391864,-0.186660,1.947364,50.049999,16.799999,17.709999,1770369845.703715
0.397232,-0.279868,1.950780,31.010000,3.430000,19.600000,1770369845.711745
0.354044,-0.427244,2.076684,8.960000,15.750000,23.870001,1770369845.719735
0.277184,-0.541924,2.136464,-9.450000,47.459999,17.500000,1770369845.727734
0.142740,-0.607316,2.034960,-22.540001,84.489998,5.670000,1770369845.735767
0.007320,-0.581452,1.888316,-32.759998,110.669998,-7.770000,1770369845.743719
-0.114192,-0.477020,1.745820,-36.750000,121.379997,-18.340000,1770369845.751720
-0.254980,-0.326716,1.554768,-44.520000,112.279999,-24.639999,1770369845.759813
-0.369172,-0.179096,1.283684,-46.410000,92.820000,-32.060001,1770369845.767714
-0.448960,-0.069296,0.994300,-44.730000,59.430000,-32.340000,1770369845.775719
-0.486536,0.022936,0.778604,-41.860001,23.170000,-38.360001,1770369845.783718
-0.482876,0.153720,0.620980,-32.410000,-15.400000,-44.660000,1770369845.791908
-0.434564,0.258640,0.523380,-22.750000,-46.130001,-47.040001,1770369845.799752
-0.383080,0.344772,0.421632,-13.440000,-67.059998,-48.160000,1770369845.807711
-0.315980,0.398940,0.317932,0.210000,-86.519997,-50.820000,1770369845.815704
-0.238632,0.449692,0.205204,10.500000,-97.370003,-42.419998,1770369845.823738
-0.162992,0.486048,0.111264,18.200001,-106.680000,-36.119999,1770369845.831722
-0.110044,0.500444,0.034648,21.980000,-114.870003,-28.490000,1770369845.839723
-0.046604,0.515816,-0.031232,21.000000,-118.440002,-15.680000,1770369845.847832
0.015616,0.520208,-0.026840,16.100000,-122.080002,-7.210000,1770369845.855717
0.074176,0.518988,0.077592,11.550000,-123.690002,-2.310000,1770369845.863718
0.130540,0.496296,0.235216,7.000000,-116.760002,5.670000,1770369845.871703
0.172752,0.441152,0.416508,7.000000,-103.669998,9.170000,1770369845.879717
0.220088,0.368440,0.646844,12.530000,-80.570000,15.260000,1770369845.887815
0.266936,0.345260,0.880352,20.860001,-56.070000,15.260000,1770369845.895722
0.293044,0.322080,1.079700,32.900002,-25.900000,9.940000,1770369845.903748
0.318664,0.268644,1.269044,37.590000,9.450000,8.400000,1770369845.911734
0.344040,0.152988,1.447652,34.090000,45.919998,6.790000,1770369845.919855
0.402844,0.035868,1.604300,24.500000,67.550003,6.020000,1770369845.927727
0.464576,-0.169824,1.939312,28.420000,79.800003,8.260000,1770369845.935710
0.444568,-0.371368,2.287500,46.060001,82.809998,5.460000,1770369845.943791
0.265960,-0.477996,2.472696,53.480000,77.489998,-0.070000,1770369845.951702
0.100040,-0.446764,2.361432,43.330002,57.330002,-2.520000,1770369845.959736
-0.018788,-0.432612,2.173308,19.530001,23.170000,5.810000,1770369845.967753
-0.077836,-0.466528,2.050576,-1.260000,-28.700001,6.230000,1770369845.975721
-0.061000,-0.468480,1.887096,-26.110001,-84.559998,2.800000,1770369845.983717
0.043920,-0.410164,1.635288,-43.400002,-131.320007,1.890000,1770369845.991768
0.200568,-0.327936,1.358104,-47.389999,-167.580002,-1.610000,1770369845.999718
0.355996,-0.252296,1.085312,-52.290001,-189.839996,-3.640000,1770369846.007713
0.489464,-0.141764,0.847900,-51.169998,-197.470001,-1.540000,1770369846.015698
0.605608,-0.019032,0.651480,-47.950001,-187.809998,2.940000,1770369846.023867
0.684908,0.077348,0.515572,-41.860001,-161.000000,7.910000,1770369846.031711
0.745908,0.127856,0.404064,-34.020000,-124.110001,18.059999,1770369846.039716
0.752496,0.128344,0.285236,-31.290001,-82.180000,20.719999,1770369846.047714
0.704672,0.135908,0.170800,-23.660000,-38.150002,21.629999,1770369846.055722
0.615368,0.154452,0.055632,-20.230000,6.720000,21.980000,1770369846.063869
0.501664,0.171532,-0.008296,-15.890000,47.320000,23.100000,1770369846.071852
0.382592,0.182756,-0.043188,-12.320000,80.430000,19.600000,1770369846.079743
0.271816,0.186172,-0.045872,-12.110000,107.519997,24.430000,1770369846.087766
0.180804,0.166164,-0.005124,-10.780000,126.699997,19.879999,1770369846.095734
0.107848,0.125172,0.068808,-11.550000,141.750000,15.050000,1770369846.103763
0.056852,0.032208,0.191296,-6.580000,149.240005,11.410000,1770369846.111730
0.037820,-0.029280,0.317444,7.000000,143.710007,8.050000,1770369846.119716
0.035136,-0.070760,0.489464,26.180000,132.300003,7.840000,1770369846.127714
0.042944,-0.103700,0.801540,49.490002,110.949997,7.840000,1770369846.135714
0.062464,-0.099796,1.262700,63.209999,83.510002,5.950000,1770369846.143711
0.118584,-0.076860,1.672864,72.379997,55.090000,1.890000,1770369846.151722
0.214232,-0.089548,1.920280,81.269997,31.150000,0.140000,1770369846.159778
0.334280,-0.111996,1.943948,78.959999,16.450001,3.290000,1770369846.167709
0.481412,-0.146888,1.863428,70.559998,-1.120000,2.870000,1770369846.175713
0.594872,-0.192028,1.855864,52.290001,-18.059999,16.170000,1770369846.183743
0.649284,-0.296948,1.893684,33.040001,-14.980000,16.379999,1770369846.191718
0.657580,-0.467504,1.987868,8.610000,8.540000,17.639999,1770369846.199881
0.589016,-0.600972,2.048868,-9.870000,53.759998,15.120000,1770369846.207737
0.448960,-0.649528,1.950536,-18.480000,102.550003,5.460000,1770369846.215724
0.263764,-0.590480,1.810236,-29.540001,137.970001,-4.550000,1770369846.223723
0.100772,-0.439688,1.666764,-34.230000,154.139999,-13.300000,1770369846.231724
-0.075884,-0.270108,1.504504,-41.090000,153.020004,-17.920000,1770369846.239713
-0.237412,-0.139080,1.273192,-46.619999,137.759995,-26.250000,1770369846.247713
-0.352824,-0.043676,1.018456,-47.389999,108.989998,-32.619999,1770369846.255806
-0.426024,0.055876,0.791780,-43.959999,74.760002,-37.380001,1770369846.263742
-0.457744,0.149084,0.639036,-40.180000,39.130001,-44.660000,1770369846.271716
-0.449936,0.215696,0.532408,-33.320000,5.880000,-50.049999,1770369846.279711
-0.426512,0.290848,0.427000,-22.889999,-21.629999,-47.950001,1770369846.288007
-0.362340,0.342332,0.311344,-8.120000,-42.770000,-50.959999,1770369846.295732
-0.294020,0.375272,0.205448,3.850000,-61.880001,-44.730000,1770369846.303715
-0.221796,0.431880,0.134688,13.510000,-76.510002,-37.240002,1770369846.311698
-0.150792,0.454328,0.100772,21.420000,-88.059998,-30.170000,1770369846.319720
-0.083204,0.477508,0.056120,19.950001,-96.809998,-19.389999,1770369846.327730
-0.030012,0.494100,0.032940,18.340000,-104.230003,-9.940000,1770369846.335752
0.019032,0.483364,0.106628,14.420000,-108.430000,-2.380000,1770369846.343712
0.054168,0.456036,0.232532,12.320000,-101.919998,3.010000,1770369846.351712
0.095648,0.404308,0.357948,10.990000,-90.019997,6.090000,1770369846.359717
0.127124,0.374540,0.528748,17.010000,-70.209999,8.960000,1770369846.367767
0.154208,0.371124,0.764208,24.850000,-46.689999,6.790000,1770369846.375703
0.184464,0.366244,1.016016,30.520000,-18.270000,12.740000,1770369846.383759
0.203984,0.318176,1.242204,30.520000,10.850000,9.380000,1770369846.391734
0.220576,0.188856,1.430572,27.440001,39.900002,9.100000,1770369846.399769
0.292068,0.031720,1.653100,23.730000,62.439999,7.490000,1770369846.407718
0.361120,-0.178852,1.992748,28.420000,73.779999,12.880000,1770369846.415729
0.338672,-0.396012,2.338496,47.599998,79.730003,9.170000,1770369846.423734
0.168116,-0.545584,2.572004,67.059998,84.209999,9.380000,1770369846.431728
0.017812,-0.485316,2.428532,60.270000,73.639999,6.020000,1770369846.439858
-0.126392,-0.409676,2.200880,41.860001,38.709999,14.140000,1770369846.447713
-0.222040,-0.397964,2.022760,14.770000,-11.760000,18.760000,1770369846.455712
-0.234728,-0.377468,1.824144,-13.790000,-70.629997,16.379999,1770369846.463717
-0.141520,-0.333792,1.613572,-37.099998,-125.370003,11.760000,1770369846.471762
0.021960,-0.278892,1.390312,-45.430000,-166.179993,7.350000,1770369846.479738
0.211060,-0.206180,1.155828,-50.189999,-194.250000,3.640000,1770369846.487716
0.379176,-0.132248,0.960384,-48.650002,-210.139999,1.330000,1770369846.495739
0.538508,-0.039040,0.783484,-48.439999,-208.179993,8.400000,1770369846.503747
0.647576,0.088816,0.630984,-43.049999,-195.020004,12.530000,1770369846.511731
0.746884,0.126880,0.507276,-41.439999,-168.210007,20.860001,1770369846.519726
0.792024,0.125416,0.355752,-38.639999,-133.630005,30.309999,1770369846.527714
0.783240,0.127612,0.210572,-31.990000,-91.839996,32.689999,1770369846.535717
0.713700,0.135908,0.088572,-25.270000,-45.570000,31.639999,1770369846.543725
0.612684,0.142496,0.005612,-16.870001,2.520000,32.200001,1770369846.551722
0.495076,0.150304,-0.036112,-12.110000,44.450001,29.469999,1770369846.559719
0.374784,0.152500,-0.053436,-8.890000,80.989998,24.709999,1770369846.567759
0.274012,0.141520,-0.040748,-7.000000,110.250000,23.170000,1770369846.575725
0.188612,0.117608,0.010736,-6.440000,133.839996,17.010000,1770369846.583717
0.123952,0.058316,0.105896,-0.980000,149.380005,13.580000,1770369846.591729
0.086620,-0.030988,0.250100,6.580000,156.240005,7.210000,1770369846.599732
0.062464,-0.068564,0.416996,22.400000,150.710007,5.670000,1770369846.607833
0.037088,-0.086376,0.669780,40.040001,142.940002,-0.140000,1770369846.615717
0.033184,-0.046360,1.066524,51.590000,123.550003,-3.150000,1770369846.623705
0.031232,0.010004,1.550620,58.029999,103.529999,-3.990000,1770369846.631703
0.055388,0.045384,1.895636,58.590000,84.699997,-8.680000,1770369846.639726
0.121512,0.039040,2.033008,53.270000,69.089996,-6.930000,1770369846.647836
0.198616,0.005368,2.045940,44.169998,49.419998,-2.590000,1770369846.655712
0.287188,-0.083692,1.969568,27.650000,20.440001,10.990000,1770369846.663749
0.298168,-0.223748,1.879532,17.430000,-7.350000,14.420000,1770369846.671720
0.310856,-0.351360,1.992260,6.650000,-10.220000,12.530000,1770369846.679767
0.331108,-0.466772,2.115480,-7.420000,8.960000,10.710000,1770369846.687723
0.300608,-0.522892,2.054724,-16.240000,38.009998,10.850000,1770369846.695729
0.194956,-0.516792,1.867820,-27.440001,61.529999,3.990000,1770369846.703725
0.073444,-0.440664,1.682136,-37.310001,76.720001,-4.900000,1770369846.711828
-0.027816,-0.293044,1.499624,-46.830002,78.820000,-10.920000,1770369846.719728
-0.134932,-0.150548,1.294908,-57.189999,69.790001,-17.150000,1770369846.727711
-0.218868,-0.015372,1.065060,-58.590000,52.709999,-22.610001,1770369846.735699
-0.267180,0.083692,0.856196,-60.270000,30.730000,-28.209999,1770369846.743723
-0.290360,0.155916,0.690764,-54.529999,9.730000,-33.110001,1770369846.751815
-0.284016,0.196420,0.567544,-46.340000,-7.420000,-35.349998,1770369846.759716
-0.264984,0.256688,0.444812,-38.849998,-21.700001,-39.970001,1770369846.767720
-0.234728,0.304512,0.319884,-27.580000,-31.850000,-36.119999,1770369846.775736
-0.203496,0.337696,0.228872,-17.150000,-38.570000,-34.790001,1770369846.783726
-0.165920,0.363316,0.176168,-8.330000,-44.240002,-29.750000,1770369846.791780
-0.132736,0.385276,0.134688,-5.040000,-47.880001,-26.250000,1770369846.799878
-0.101504,0.390156,0.061488,-3.640000,-53.410000,-16.799999,1770369846.807721
-0.057340,0.372832,0.011468,1.750000,-61.669998,-12.530000,1770369846.815703
-0.012932,0.334036,0.040504,5.670000,-68.529999,-4.200000,1770369846.823718
0.036600,0.278160,0.181292,11.200000,-72.099998,3.080000,1770369846.831712
0.069052,0.244000,0.366732,18.200001,-69.720001,8.190000,1770369846.839748
0.078080,0.206180,0.591456,24.290001,-57.330002,19.530001,1770369846.847759
0.102480,0.185440,0.827892,32.200001,-44.660000,17.570000,1770369846.855721
0.115168,0.183488,1.073600,42.490002,-23.590000,21.209999,1770369846.863717
0.109556,0.116388,1.260992,46.270000,0.350000,14.490000,1770369846.871736
0.091988,0.017812,1.409344,48.509998,24.080000,12.740000,1770369846.879770
0.102724,-0.123952,1.584536,49.279999,47.669998,0.980000,1770369846.887742
0.138348,-0.299632,1.848056,66.080002,61.529999,-2.310000,1770369846.895734
0.141276,-0.430904,2.236016,80.779999,63.560001,-6.720000,1770369846.903724
0.014884,-0.477996,2.402424,72.940002,51.029999,-3.780000,1770369846.911715
-0.093696,-0.510936,2.315560,43.959999,25.270000,-2.100000,1770369846.920081
-0.133224,-0.589992,2.191852,19.879999,-14.280000,-1.750000,1770369846.927755
-0.085156,-0.656116,2.104988,1.960000,-61.880001,-3.290000,1770369846.935717
0.034648,-0.590968,2.001288,-14.420000,-107.660004,-3.850000,1770369846.943717
0.187148,-0.449936,1.825608,-30.100000,-145.039993,-2.590000,1770369846.951723
0.349652,-0.305488,1.550620,-37.099998,-174.720001,-3.640000,1770369846.959813
0.481168,-0.187392,1.221708,-43.189999,-192.710007,-0.490000,1770369846.967716
0.591212,-0.077836,0.951112,-43.189999,-200.970001,-0.280000,1770369846.975719
0.692960,0.057096,0.690276,-44.169998,-193.130005,10.290000,1770369846.983789
0.760304,0.177144,0.498004,-38.639999,-166.460007,21.840000,1770369846.991784
0.808616,0.245708,0.343552,-33.529999,-127.260002,32.410000,1770369846.999736
0.797636,0.244976,0.216672,-29.190001,-83.790001,37.029999,1770369847.007716
0.741516,0.220820,0.115412,-21.559999,-34.720001,39.200001,1770369847.015706
0.646112,0.223748,0.016348,-17.570000,13.020000,37.380001,1770369847.023882
0.518988,0.235948,-0.051240,-9.870000,54.320000,35.700001,1770369847.031712
0.394060,0.256688,-0.086864,-6.790000,91.489998,33.110001,1770369847.039723
0.271572,0.277184,-0.094916,-6.090000,119.139999,28.420000,1770369847.047725
0.155428,0.291824,-0.081496,-6.790000,140.699997,22.680000,1770369847.055721
0.051484,0.281820,-0.045140,-9.870000,157.220001,16.940001,1770369847.063994
-0.014884,0.235948,0.032452,-7.770000,165.759995,10.640000,1770369847.071821
-0.052460,0.162016,0.165432,-2.590000,166.460007,6.230000,1770369847.079775
-0.064416,0.081740,0.341600,13.230000,156.520004,8.330000,1770369847.087720
-0.090036,0.004392,0.636108,32.759998,137.270004,7.840000,1770369847.095765
-0.094672,-0.016592,1.053836,49.279999,106.120003,7.140000,1770369847.103771
-0.125416,-0.008052,1.577948,58.169998,72.309998,2.310000,1770369847.111714
-0.129564,0.007076,1.907592,62.160000,44.380001,0.420000,1770369847.119725
-0.033184,-0.077836,1.970300,64.050003,25.620001,-9.240000,1770369847.127712
0.129564,-0.163724,1.960540,71.610001,11.830000,-10.640000,1770369847.135744
0.293044,-0.197884,2.046428,65.379997,-7.910000,-5.180000,1770369847.143826
0.340380,-0.297192,2.017148,50.820000,-23.730000,-4.200000,1770369847.151715
0.369416,-0.436028,2.078880,30.590000,-15.400000,-4.620000,1770369847.159713
0.419436,-0.572180,2.177700,10.080000,7.560000,0.980000,1770369847.167717
0.387960,-0.662460,2.129388,-4.480000,37.799999,-2.870000,1770369847.175711
0.276452,-0.651968,1.991284,-19.950001,66.989998,-7.350000,1770369847.183745
0.148108,-0.534848,1.821216,-32.340000,88.620003,-14.000000,1770369847.191923
0.027084,-0.377712,1.664812,-44.730000,95.480003,-17.570000,1770369847.199718
-0.109068,-0.227408,1.464488,-53.060001,92.820000,-20.930000,1770369847.207718
-0.221308,-0.103212,1.196088,-57.259998,78.400002,-20.370001,1770369847.215696
-0.310124,0.007320,0.925492,-53.970001,57.189999,-21.770000,1770369847.223718
-0.376736,0.111508,0.721996,-48.020000,32.689999,-29.260000,1770369847.231730
-0.398940,0.212524,0.564616,-35.770000,8.540000,-30.309999,1770369847.239852
-0.398940,0.304756,0.449204,-30.660000,-12.320000,-35.560001,1770369847.247702
-0.373808,0.364536,0.350872,-19.879999,-27.860001,-37.939999,1770369847.255717
-0.345504,0.397720,0.234240,-13.370000,-39.759998,-36.119999,1770369847.263710
-0.301584,0.447984,0.150792,-0.210000,-50.540001,-34.020000,1770369847.271716
-0.242536,0.468236,0.114436,6.650000,-57.750000,-25.410000,1770369847.279786
-0.201544,0.476532,0.064904,8.540000,-66.220001,-18.340000,1770369847.287717
-0.155672,0.464088,0.009760,11.830000,-75.180000,-12.390000,1770369847.295728
-0.110532,0.435540,0.009516,9.730000,-82.809998,-8.820000,1770369847.303721
-0.059048,0.409432,0.113704,12.530000,-87.220001,-1.190000,1770369847.311705
-0.012688,0.372588,0.272060,13.860000,-87.010002,3.220000,1770369847.319719
0.028304,0.342332,0.453840,16.450001,-78.820000,7.070000,1770369847.327741
0.057828,0.316468,0.670512,22.260000,-70.000000,16.730000,1770369847.335715
0.080764,0.309880,0.889624,28.629999,-58.799999,18.620001,1770369847.343711
0.087840,0.281332,1.097268,34.509998,-41.090000,19.530001,1770369847.351717
0.105652,0.183976,1.297592,31.850000,-22.400000,18.620001,1770369847.359710
0.121024,0.061000,1.431548,24.150000,-6.860000,13.650000,1770369847.367720
0.192272,-0.130784,1.636996,21.420000,4.550000,7.980000,1770369847.375773
0.284992,-0.389668,1.959808,30.100000,9.870000,7.840000,1770369847.383726
0.287920,-0.639768,2.315316,58.380001,15.120000,4.760000,1770369847.391896
0.181536,-0.711992,2.472452,69.160004,19.320000,0.980000,1770369847.399722
0.127368,-0.619760,2.384124,53.619999,10.850000,5.950000,1770369847.407798
0.072224,-0.558272,2.222596,37.310001,-15.260000,9.170000,1770369847.415696
0.056608,-0.524356,2.092056,11.340000,-53.130001,12.530000,1770369847.423781
0.093208,-0.436516,1.930772,-9.100000,-92.680000,12.880000,1770369847.431749
0.166408,-0.303048,1.718248,-27.860001,-122.080002,13.020000,1770369847.439781
0.263276,-0.188856,1.432036,-38.500000,-146.160004,9.940000,1770369847.447706
0.355508,-0.092232,1.110932,-42.630001,-164.009995,8.050000,1770369847.455735
0.449204,-0.005612,0.861076,-45.220001,-172.059998,7.350000,1770369847.463724
0.545828,0.096868,0.641964,-39.619999,-170.869995,8.960000,1770369847.471718
0.623908,0.151280,0.507520,-36.540001,-158.550003,22.330000,1770369847.479833
0.683932,0.162748,0.398452,-31.780001,-136.570007,25.480000,1770369847.487710
0.698816,0.159820,0.291336,-29.959999,-107.660004,33.320000,1770369847.495728
0.669048,0.175680,0.191540,-23.870001,-70.419998,34.020000,1770369847.503716
0.601460,0.211548,0.072712,-20.020000,-28.490000,34.790001,1770369847.511713
0.509716,0.241804,-0.020740,-15.890000,12.320000,32.340000,1770369847.519782
0.419192,0.255468,-0.078324,-14.420000,47.529999,31.010000,1770369847.527740
0.332572,0.269132,-0.093696,-12.670000,75.739998,27.160000,1770369847.535722
0.236680,0.276452,-0.068076,-14.420000,100.029999,21.000000,1770369847.543714
0.153476,0.277184,-0.014884,-9.870000,121.309998,20.090000,1770369847.551721
0.097112,0.211304,0.091988,-6.300000,131.740005,14.420000,1770369847.559735
0.061976,0.137616,0.215940,1.750000,135.380005,11.340000,1770369847.567899
0.049044,0.056852,0.375272,18.410000,124.389999,7.840000,1770369847.575716
0.060268,-0.009516,0.650504,35.840000,108.290001,7.910000,1770369847.583753
0.081984,-0.044408,1.108004,54.040001,86.940002,8.820000,1770369847.591719
0.116144,-0.030988,1.662616,62.369999,59.639999,11.410000,1770369847.599870
0.171044,-0.017324,1.962248,67.900002,38.360001,10.640000,1770369847.607729
0.314028,-0.092232,2.031056,75.250000,23.730000,9.030000,1770369847.615698
0.488976,-0.163724,1.913204,76.510002,-1.120000,13.440000,1770369847.623709
0.581452,-0.218136,1.902712,69.230003,-27.160000,19.389999,1770369847.631721
0.612196,-0.299388,1.993480,50.049999,-30.240000,18.760000,1770369847.639728
0.669048,-0.425536,2.113284,23.940001,-3.360000,20.650000,1770369847.647738
0.678808,-0.534116,2.133780,4.200000,37.799999,23.100000,1770369847.655824
0.560956,-0.607316,1.999580,-13.720000,83.440002,16.100000,1770369847.663743
0.391620,-0.573156,1.882216,-22.680000,118.510002,6.790000,1770369847.671719
0.232776,-0.434808,1.762656,-31.920000,143.570007,-2.660000,1770369847.679714
0.058072,-0.261812,1.613816,-43.049999,151.479996,-6.090000,1770369847.687734
-0.117852,-0.101748,1.399828,-48.860001,145.740005,-7.910000,1770369847.695740
-0.284748,0.031964,1.081896,-54.250000,129.289993,-10.710000,1770369847.703724
-0.420656,0.142740,0.789828,-51.169998,101.570000,-16.100000,1770369847.711826
-0.499956,0.247904,0.581940,-42.770000,67.339996,-22.049999,1770369847.719726
-0.516548,0.324032,0.454572,-33.110001,33.740002,-21.420000,1770369847.727717
-0.520696,0.395280,0.360144,-18.200001,1.750000,-24.430000,1770369847.735717
-0.474580,0.469456,0.314028,-8.960000,-24.290001,-25.200001,1770369847.743744
-0.402112,0.533140,0.248148,1.120000,-46.759998,-22.750000,1770369847.751753
-0.327204,0.572668,0.153476,5.110000,-63.000000,-15.680000,1770369847.759770
-0.264008,0.563152,0.063684,8.190000,-77.629997,-8.820000,1770369847.767719
-0.205204,0.512400,-0.012688,13.650000,-88.269997,-3.080000,1770369847.775721
-0.130296,0.485316,-0.036112,13.230000,-100.449997,1.120000,1770369847.783885
-0.053192,0.450912,0.073932,17.430000,-104.510002,8.050000,1770369847.791731
0.014640,0.424316,0.268644,18.059999,-101.360001,12.530000,1770369847.799733
0.081252,0.388692,0.496784,19.670000,-90.370003,16.240000,1770369847.807777
0.156648,0.360876,0.748104,25.270000,-76.160004,21.629999,1770369847.815764
0.198128,0.312320,0.991128,29.400000,-58.240002,27.580000,1770369847.823726
0.197640,0.265472,1.138260,37.799999,-36.330002,27.580000,1770369847.831725
0.200812,0.167384,1.263432,38.709999,-9.170000,23.520000,1770369847.839775
0.223016,0.009272,1.420568,35.070000,17.990000,22.680000,1770369847.847930
0.256932,-0.169336,1.527440,35.980000,36.470001,11.970000,1770369847.855714
0.348920,-0.360876,1.762900,48.790001,44.310001,6.440000,1770369847.863713
0.355752,-0.527040,2.023492,65.730003,42.910000,8.330000,1770369847.871709
0.201056,-0.582428,2.147688,64.750000,32.689999,10.990000,1770369847.879748
0.071980,-0.566812,2.183556,35.419998,16.660000,12.880000,1770369847.887722
0.031232,-0.594872,2.145980,7.210000,-12.600000,13.650000,1770369847.895754
0.054168,-0.612684,2.114504,-14.070000,-47.320000,10.850000,1770369847.903723
0.120780,-0.505812,2.013000,-29.330000,-80.570000,1.540000,1770369847.911750
0.209596,-0.316468,1.829024,-42.070000,-107.449997,0.140000,1770369847.919746
0.302804,-0.166896,1.557452,-53.689999,-129.080002,-5.320000,1770369847.927725
0.405040,-0.047336,1.261724,-60.270000,-142.589996,-7.140000,1770369847.935720
0.503128,0.080032,0.989908,-62.930000,-148.330002,-4.760000,1770369847.943784
0.602680,0.213744,0.761280,-59.709999,-137.130005,8.120000,1770369847.951721
0.636108,0.279868,0.529968,-54.599998,-115.849998,15.680000,1770369847.959743
0.616832,0.290848,0.327692,-50.119999,-86.589996,26.600000,1770369847.967873
0.578524,0.264984,0.188124,-40.740002,-54.110001,27.160000,1770369847.975724
0.513864,0.251808,0.088572,-38.430000,-23.240000,27.719999,1770369847.983721
0.440176,0.243756,0.024400,-31.430000,6.230000,29.400000,1770369847.991748
0.365024,0.237168,-0.014884,-27.440001,29.049999,29.959999,1770369847.999770
0.289628,0.220332,-0.017324,-28.629999,49.139999,33.110001,1770369848.007724
0.220576,0.199592,-0.010004,-26.530001,66.220001,32.900002,1770369848.015724
0.155672,0.168604,0.018544,-24.850000,79.309998,35.139999,1770369848.023782
0.105408,0.128832,0.089060,-19.110001,90.580002,32.340000,1770369848.031709
0.077592,0.054168,0.204472,-5.600000,100.309998,31.850000,1770369848.039734
0.077348,-0.020740,0.353068,13.090000,101.709999,28.139999,1770369848.047790
0.078812,-0.091988,0.523624,31.639999,97.580002,18.620001,1770369848.055814
0.091988,-0.139324,0.758840,52.500000,87.709999,18.270000,1770369848.064011
0.128100,-0.173240,1.055544,67.830002,76.089996,13.020000,1770369848.072516
0.154696,-0.211304,1.384700,81.129997,61.250000,5.600000,1770369848.079744
0.223260,-0.236680,1.675304,87.709999,43.470001,-3.290000,1770369848.087720
0.321104,-0.221308,1.857084,81.620003,24.500000,-5.880000,1770369848.095809
0.434808,-0.281088,1.878800,63.070000,6.580000,-1.470000,1770369848.103753
0.584136,-0.381860,1.810480,52.849998,-15.400000,7.490000,1770369848.111720
0.739320,-0.474336,1.883436,41.369999,-34.020000,22.120001,1770369848.119724
0.754204,-0.606828,2.002508,24.080000,-25.200001,27.510000,1770369848.127715
0.718092,-0.712968,2.073268,4.900000,13.300000,29.049999,1770369848.135761
0.584868,-0.767624,2.029104,-12.320000,67.410004,17.360001,1770369848.143717
0.421388,-0.716872,1.882216,-21.910000,119.769997,3.080000,1770369848.151710
0.262056,-0.565836,1.798280,-31.290001,156.800003,-11.060000,1770369848.159692
0.104920,-0.376980,1.746796,-37.869999,172.479996,-19.950001,1770369848.167705
-0.055388,-0.206668,1.651880,-46.619999,173.529999,-32.830002,1770369848.175711
-0.206424,-0.070760,1.429352,-56.070000,156.449997,-41.860001,1770369848.183753
-0.328424,0.051728,1.130940,-56.139999,127.260002,-48.580002,1770369848.191737
-0.418216,0.158112,0.867420,-48.439999,90.019997,-54.740002,1770369848.199733
-0.469212,0.264496,0.662948,-39.410000,48.230000,-60.270000,1770369848.207809
-0.477752,0.358680,0.499956,-25.969999,10.780000,-58.240002,1770369848.215707
-0.465796,0.446764,0.375760,-16.799999,-16.660000,-58.799999,1770369848.223716
-0.430904,0.507032,0.243268,-5.670000,-40.110001,-54.880001,1770369848.231715
-0.377224,0.557784,0.138348,3.430000,-53.549999,-49.490002,1770369848.239708
-0.313296,0.588284,0.074664,8.050000,-61.669998,-35.349998,1770369848.247717
-0.265960,0.580964,0.032452,7.280000,-67.760002,-26.250000,1770369848.255824
-0.218380,0.561932,-0.029768,2.520000,-72.940002,-16.030001,1770369848.263699
-0.168604,0.534116,-0.075396,5.110000,-77.489998,-8.610000,1770369848.271713
-0.130540,0.503372,-0.063196,7.210000,-82.739998,-4.200000,1770369848.279713
-0.091012,0.462624,0.050264,15.890000,-84.839996,5.040000,1770369848.287708
-0.046604,0.408456,0.220576,20.580000,-80.010002,10.360000,1770369848.295823
0.000732,0.362828,0.463600,27.719999,-71.959999,14.770000,1770369848.303741
0.053924,0.333304,0.743712,33.389999,-63.560001,20.719999,1770369848.311720
0.085888,0.306952,0.991372,36.049999,-53.900002,23.660000,1770369848.319724
0.080764,0.229604,1.204872,32.480000,-38.220001,21.840000,1770369848.327713
0.094916,0.119560,1.366644,28.280001,-20.719999,17.150000,1770369848.335736
0.100040,-0.029280,1.458388,21.629999,-5.950000,13.370000,1770369848.343807
0.191052,-0.270352,1.760460,21.490000,8.960000,9.940000,1770369848.351712
0.321104,-0.589504,2.192096,37.869999,23.730000,13.090000,1770369848.359711
0.284504,-0.833992,2.507588,64.470001,30.590000,12.180000,1770369848.367702
0.170068,-0.851316,2.456592,66.919998,27.580000,6.790000,1770369848.375698
0.125904,-0.794952,2.261392,52.849998,4.620000,14.770000,1770369848.383911
0.117364,-0.764208,2.167940,36.470001,-32.900002,15.680000,1770369848.391727
0.152256,-0.696864,2.068876,19.670000,-74.830002,20.510000,1770369848.399764
0.211792,-0.572180,1.921500,-2.310000,-107.309998,22.330000,1770369848.407721
0.305488,-0.437004,1.691896,-14.000000,-130.970001,19.950001,1770369848.415797
0.405528,-0.309880,1.395436,-28.490000,-149.029999,16.170000,1770369848.423765
0.480436,-0.168848,1.098244,-36.119999,-161.699997,13.650000,1770369848.431810
0.544852,-0.004880,0.826184,-36.820000,-160.020004,11.760000,1770369848.439773
0.594140,0.178120,0.615368,-37.099998,-147.419998,18.410000,1770369848.447718
0.635376,0.327936,0.463600,-33.250000,-123.830002,17.219999,1770369848.455709
0.666120,0.377956,0.358436,-28.770000,-98.000000,18.620001,1770369848.463718
0.658556,0.391376,0.275476,-28.910000,-64.190002,21.840000,1770369848.471760
0.588284,0.419680,0.178120,-29.610001,-27.719999,22.190001,1770369848.479733
0.491904,0.448716,0.067588,-30.940001,7.700000,26.740000,1770369848.487718
0.394060,0.478484,-0.011956,-33.180000,38.500000,22.820000,1770369848.495927
0.305976,0.482144,-0.060756,-36.330002,62.930000,21.000000,1770369848.503728
0.225212,0.485316,-0.060756,-36.610001,82.599998,20.160000,1770369848.511715
0.144448,0.461648,-0.000976,-38.849998,98.139999,18.969999,1770369848.519858
0.093940,0.399672,0.091012,-37.099998,106.889999,15.540000,1770369848.527715
0.081496,0.300608,0.211060,-31.430000,104.790001,9.170000,1770369848.535718
0.080764,0.191540,0.340624,-16.309999,94.709999,6.930000,1770369848.543717
0.079300,0.074664,0.506056,2.310000,73.849998,2.520000,1770369848.551718
0.080520,-0.042944,0.771528,20.650000,48.020000,2.100000,1770369848.559744
0.098088,-0.117608,1.118252,36.610001,21.770000,-3.990000,1770369848.567733
0.147864,-0.204716,1.481080,50.610001,0.000000,-14.350000,1770369848.575716
0.247172,-0.282552,1.813164,61.740002,-6.230000,-19.879999,1770369848.583716
0.464088,-0.415044,1.986892,74.339996,-19.110001,-30.870001,1770369848.591717
0.646844,-0.581696,1.929552,76.160004,-41.650002,-35.770000,1770369848.599741
0.750544,-0.778848,1.892708,62.090000,-61.320000,-34.860001,1770369848.607720
0.776896,-1.004060,2.005192,38.290001,-43.680000,-44.939999,1770369848.615702
0.899872,-1.107760,2.074000,13.230000,-5.740000,-49.139999,1770369848.623830
0.963068,-1.117520,2.007632,-4.130000,36.400002,-53.900002,1770369848.631749
0.923052,-1.003572,1.881484,-12.110000,71.680000,-56.209999,1770369848.639716
0.796172,-0.771772,1.832928,-22.120001,101.849998,-60.270000,1770369848.647717
0.631960,-0.481900,1.751432,-31.780001,122.500000,-60.830002,1770369848.655755
0.455060,-0.237168,1.579656,-39.830002,135.940002,-65.660004,1770369848.663719
0.261812,-0.043432,1.342244,-45.779999,139.580002,-74.339996,1770369848.671703
0.093940,0.133712,1.082628,-45.430000,136.850006,-79.379997,1770369848.679717
-0.058804,0.277672,0.878156,-41.090000,130.410004,-90.019997,1770369848.687737
-0.202276,0.385276,0.721020,-33.110001,119.629997,-98.980003,1770369848.695745
-0.286456,0.490684,0.554856,-29.959999,108.779999,-102.410004,1770369848.703732
-0.345016,0.543388,0.422608,-23.309999,99.889999,-103.180000,1770369848.711720
-0.394792,0.583160,0.279380,-20.650000,87.570000,-93.449997,1770369848.719726
-0.431148,0.585600,0.137616,-18.969999,77.279999,-76.230003,1770369848.727734
-0.472628,0.566812,0.043676,-14.840000,62.650002,-62.650002,1770369848.735715
-0.502396,0.523624,-0.020252,-17.570000,48.860001,-50.820000,1770369848.743715
-0.505324,0.481656,-0.051484,-17.990000,34.369999,-39.060001,1770369848.751733
-0.511424,0.409920,-0.036600,-17.080000,21.629999,-29.260000,1770369848.759741
-0.511668,0.306220,0.041236,-13.790000,11.970000,-24.990000,1770369848.767717
-0.488976,0.181292,0.205448,-7.140000,5.950000,-14.280000,1770369848.775758
-0.476288,0.072712,0.402356,-2.030000,5.460000,-6.930000,1770369848.783715
-0.437980,0.000732,0.615124,1.890000,4.200000,-0.490000,1770369848.791735
-0.410408,-0.062708,0.810568,-2.310000,-4.900000,9.520000,1770369848.799747
-0.394304,-0.148596,0.946476,-4.760000,-21.350000,10.080000,1770369848.807770
-0.370636,-0.279380,1.060668,-5.670000,-42.770000,11.270000,1770369848.815715
-0.347212,-0.468236,1.170712,-9.870000,-65.940002,19.600000,1770369848.823728
-0.320616,-0.699060,1.242936,-7.770000,-85.330002,33.320000,1770369848.831734
-0.302072,-1.046760,1.415444,8.610000,-98.699997,48.720001,1770369848.839716
-0.290604,-1.261724,1.580876,44.380001,-105.419998,70.070000,1770369848.847806
-0.259128,-1.246596,1.770708,77.699997,-108.849998,80.080002,1770369848.855740
-0.207400,-1.097756,1.949072,88.480003,-117.879997,81.620003,1770369848.863715
-0.146156,-0.877668,2.019344,85.959999,-127.610001,83.860001,1770369848.871735
-0.091012,-0.699304,1.968836,72.730003,-133.279999,84.699997,1770369848.879720
-0.052704,-0.547780,1.813896,57.259998,-133.419998,88.760002,1770369848.887747
-0.015128,-0.410164,1.603080,48.720001,-131.880005,87.360001,1770369848.895723
0.035868,-0.269620,1.373476,42.490002,-134.610001,83.650002,1770369848.903729
0.087596,-0.107360,1.173152,41.299999,-144.339996,73.010002,1770369848.911705
0.128100,0.089548,1.003328,38.500000,-159.880005,59.849998,1770369848.919725
0.199104,0.293532,0.872788,32.830002,-177.309998,50.049999,1770369848.927729
0.287676,0.521672,0.799832,27.790001,-191.449997,40.599998,1770369848.935739
0.380884,0.685396,0.786656,19.950001,-205.240005,34.580002,1770369848.943766
0.485072,0.726144,0.757620,8.890000,-214.619995,31.219999,1770369848.951724
0.576816,0.694912,0.686860,-7.700000,-216.509995,35.349998,1770369848.959721
0.636108,0.625128,0.561444,-21.559999,-216.089996,40.529999,1770369848.967717
0.688080,0.547780,0.440420,-23.450001,-209.649994,48.020000,1770369848.975728
0.734684,0.506544,0.315980,-27.090000,-197.399994,49.279999,1770369848.983811
0.787388,0.474824,0.238876,-23.660000,-184.800003,47.599998,1770369848.991745
0.856196,0.435540,0.228628,-23.940001,-166.110001,42.910000,1770369849.000070
0.955748,0.374052,0.278648,-21.420000,-139.229996,35.910000,1770369849.007878
1.057008,0.281576,0.331108,-16.730000,-109.900002,24.709999,1770369849.015699
1.171688,0.169336,0.381128,-10.290000,-76.370003,12.740000,1770369849.023730
1.271240,0.084424,0.422364,0.000000,-44.799999,-2.520000,1770369849.031729
1.347368,0.020496,0.482144,14.210000,-7.630000,-15.680000,1770369849.039927
1.387140,-0.011712,0.578280,22.540001,28.629999,-26.670000,1770369849.047713
1.409100,-0.055876,0.691984,25.480000,63.910000,-39.410000,1770369849.055711
1.418128,-0.149572,0.808860,15.890000,103.739998,-46.200001,1770369849.063998
1.427888,-0.233752,0.897188,7.070000,134.960007,-55.020000,1770369849.071871
1.406416,-0.383080,0.987224,1.540000,168.279999,-51.520000,1770369849.079755
1.333704,-0.522892,1.072136,2.870000,198.029999,-40.320000,1770369849.087862
1.205116,-0.663192,1.187060,7.560000,221.970001,-31.360001,1770369849.095723
1.051884,-0.741028,1.287832,9.940000,246.050003,-21.559999,1770369849.103718
0.873276,-0.749568,1.356884,15.890000,268.029999,-14.420000,1770369849.111721
0.717116,-0.637084,1.375916,15.190000,274.750000,-9.030000,1770369849.119874
0.493612,-0.570960,1.416420,7.980000,285.320007,-2.870000,1770369849.127710
0.255956,-0.406748,1.353712,-3.990000,285.390015,3.430000,1770369849.135723
0.038308,-0.276452,1.281000,-16.450001,277.269989,-0.140000,1770369849.143722
-0.172996,-0.137128,1.183644,-24.780001,261.519989,-6.440000,1770369849.151719
-0.362340,-0.020984,1.077260,-31.430000,237.509995,-12.880000,1770369849.159847
-0.491416,0.085156,0.924516,-34.720001,207.759995,-19.459999,1770369849.167708
-0.581452,0.171532,0.760792,-28.490000,175.419998,-28.209999,1770369849.175708
-0.631228,0.263764,0.618296,-24.990000,143.009995,-27.790001,1770369849.183694
-0.636352,0.374296,0.495076,-17.150000,108.150002,-28.350000,1770369849.191717
-0.617076,0.483852,0.418216,-12.180000,79.379997,-20.860001,1770369849.199740
-0.583160,0.567788,0.397964,-9.870000,55.230000,-16.590000,1770369849.207790
-0.542656,0.634644,0.442860,-9.310000,33.040001,-13.440000,1770369849.215707
-0.514840,0.685152,0.511912,-8.540000,15.330000,-13.440000,1770369849.223727
-0.467748,0.697596,0.549732,-10.220000,4.900000,-19.040001,1770369849.231731
-0.418460,0.664412,0.525576,-9.100000,-2.800000,-17.570000,1770369849.239790
-0.381372,0.619516,0.427488,-6.020000,-8.330000,-20.299999,1770369849.247717
-0.366976,0.588284,0.351116,2.800000,-14.210000,-11.830000,1770369849.255712
-0.349896,0.571692,0.366732,12.880000,-25.340000,-12.180000,1770369849.263711
-0.333548,0.527528,0.452132,17.780001,-40.459999,-6.230000,1770369849.271724
-0.295728,0.462868,0.571692,21.209999,-55.860001,-4.550000,1770369849.279806
-0.234484,0.349896,0.774456,23.660000,-71.470001,-6.440000,1770369849.287705
-0.172996,0.227408,1.029192,27.440001,-84.279999,-9.800000,1770369849.295710
-0.097600,0.104432,1.267580,27.860001,-90.580002,-16.240000,1770369849.303762
-0.025132,0.000244,1.459364,30.170000,-90.370003,-24.219999,1770369849.311720
0.035136,-0.097356,1.596980,33.529999,-79.519997,-30.309999,1770369849.319724
0.109800,-0.201300,1.716296,41.160000,-65.099998,-36.610001,1770369849.327715
0.142984,-0.265716,1.736304,49.490002,-57.540001,-43.330002,1770369849.335712
0.149328,-0.287432,1.690676,41.439999,-59.570000,-47.180000,1770369849.343734
0.193004,-0.333060,1.684576,27.510000,-74.199997,-47.599998,1770369849.351725
0.270840,-0.415776,1.717516,14.980000,-94.989998,-47.810001,1770369849.359711
0.365756,-0.505080,1.770708,5.880000,-117.320000,-42.770000,1770369849.367702
0.449448,-0.561200,1.767536,-5.670000,-136.149994,-39.130001,1770369849.375699
0.533872,-0.554124,1.677012,-16.450001,-149.169998,-35.349998,1770369849.383719
0.622932,-0.479216,1.524268,-29.120001,-156.869995,-34.650002,1770369849.391779
0.706380,-0.355264,1.382016,-36.330002,-157.850006,-30.170000,1770369849.399739
0.752252,-0.218380,1.254404,-37.939999,-150.570007,-28.139999,1770369849.407715
0.774700,-0.068076,1.132404,-38.639999,-134.399994,-21.280001,1770369849.415707
0.778604,0.060756,0.978196,-39.619999,-110.879997,-18.480000,1770369849.423864
0.753228,0.159576,0.791292,-42.980000,-87.360001,-12.740000,1770369849.431729
0.709796,0.233508,0.598288,-45.990002,-61.459999,-9.240000,1770369849.439775
0.659288,0.284260,0.452132,-48.439999,-38.009998,-4.270000,1770369849.447746
0.617808,0.320616,0.375516,-48.160000,-15.400000,-4.900000,1770369849.455717
0.584136,0.348188,0.375516,-45.849998,5.390000,2.660000,1770369849.463718
0.553636,0.377712,0.418704,-41.930000,25.410000,4.340000,1770369849.471745
0.512644,0.410896,0.489708,-37.730000,41.930000,7.910000,1770369849.479735
0.469944,0.448716,0.530944,-35.000000,55.020000,14.000000,1770369849.487714
0.418216,0.476288,0.532164,-31.430000,63.209999,16.799999,1770369849.495710
0.363072,0.469700,0.500444,-27.090000,63.209999,19.389999,1770369849.503848
0.319152,0.451644,0.480192,-17.500000,57.400002,18.830000,1770369849.511714
0.284748,0.419924,0.501664,-7.350000,48.860001,18.059999,1770369849.519721
0.278892,0.393084,0.557052,0.420000,42.139999,14.700000,1770369849.527714
0.295972,0.329400,0.612684,11.550000,35.840000,17.360001,1770369849.535746
0.324764,0.225700,0.633668,18.760000,32.200001,17.570000,1770369849.543738
0.377224,0.088572,0.662216,27.860001,27.160000,19.600000,1770369849.551719
0.447496,-0.050752,0.747128,35.490002,22.820000,22.540001,1770369849.559824
0.521428,-0.160308,0.911584,41.650002,19.950001,24.709999,1770369849.567799
0.616100,-0.248636,1.151924,44.869999,17.990000,24.780001,1770369849.575716
0.715164,-0.321104,1.402268,42.490002,24.639999,27.930000,1770369849.583714
0.805688,-0.381128,1.585756,39.410000,37.939999,29.469999,1770369849.591727
0.840336,-0.446520,1.682380,32.340000,62.650002,34.580002,1770369849.599811
0.805688,-0.523380,1.677988,24.990000,94.010002,41.509998,1770369849.607716
0.650260,-0.573156,1.665300,13.860000,126.209999,42.349998,1770369849.615706
0.346968,-0.621468,1.655540,0.210000,168.279999,28.420000,1770369849.623802
0.120536,-0.591944,1.622844,-11.340000,204.889999,6.370000,1770369849.631727
-0.043676,-0.504836,1.573068,-23.030001,225.889999,-8.470000,1770369849.639725
-0.221796,-0.376492,1.480104,-32.410000,228.479996,-23.520000,1770369849.647716
-0.384056,-0.244732,1.333948,-37.099998,212.869995,-26.879999,1770369849.655721
-0.529968,-0.132492,1.116056,-38.080002,184.100006,-38.779999,1770369849.663722
-0.629032,-0.033916,0.854000,-31.780001,141.399994,-42.070000,1770369849.671718
-0.679296,0.067588,0.607804,-23.660000,89.040001,-45.990002,1770369849.679722
-0.666608,0.181292,0.433344,-17.290001,39.480000,-39.830002,1770369849.687802
-0.611952,0.313052,0.347700,-11.410000,-6.230000,-35.209999,1770369849.695722
-0.539728,0.440908,0.362828,-14.630000,-42.000000,-22.959999,1770369849.703733
-0.468968,0.524600,0.392596,-20.650000,-68.949997,-20.510000,1770369849.711724
-0.381616,0.578036,0.409432,-26.180000,-87.150002,-14.770000,1770369849.719721
-0.304024,0.584380,0.408944,-25.620001,-98.559998,-14.350000,1770369849.727777
-0.221064,0.549732,0.385032,-17.570000,-105.910004,-9.800000,1770369849.735725
-0.155916,0.499224,0.332816,-5.460000,-105.209999,-3.150000,1770369849.743718
-0.108336,0.451888,0.327936,13.790000,-101.639999,7.560000,1770369849.751719
-0.072224,0.433100,0.391864,30.170000,-98.419998,15.820000,1770369849.759719
-0.058316,0.420168,0.528016,42.419998,-89.669998,25.129999,1770369849.767826
-0.033428,0.375516,0.761524,50.189999,-81.269997,24.500000,1770369849.775707
-0.010980,0.270840,1.028460,48.720001,-69.370003,29.260000,1770369849.783719
0.006832,0.160552,1.306376,51.520000,-54.740002,17.920000,1770369849.791709
0.045384,0.036600,1.587708,60.270000,-31.570000,10.780000,1770369849.799808
0.115900,-0.037332,1.890512,71.260002,-8.610000,-0.910000,1770369849.807727
0.207888,-0.019520,2.112796,75.250000,1.400000,-14.420000,1770369849.815710
0.202764,0.031720,2.140124,56.700001,-9.380000,-14.980000,1770369849.823764
0.165432,-0.031476,1.957368,29.120001,-36.119999,-17.360001,1770369849.831732
0.207888,-0.184464,1.804136,8.540000,-72.519997,-14.210000,1770369849.839718
0.342820,-0.343064,1.774856,-7.910000,-111.790001,-14.420000,1770369849.847725
0.505812,-0.473116,1.780712,-18.480000,-143.500000,-0.140000,1770369849.855806
0.659044,-0.559980,1.735572,-30.379999,-164.919998,1.610000,1770369849.863743
0.778360,-0.580720,1.587220,-38.220001,-175.559998,6.930000,1770369849.871710
0.867420,-0.517036,1.362740,-43.049999,-171.429993,9.730000,1770369849.879719
0.917928,-0.390644,1.105076,-45.430000,-150.779999,14.420000,1770369849.887717
0.937448,-0.245220,0.866932,-40.320000,-114.870003,17.850000,1770369849.895750
0.916708,-0.124440,0.658068,-37.310001,-69.160004,22.190001,1770369849.903736
0.864736,-0.041968,0.493368,-31.850000,-22.190001,22.750000,1770369849.911722
0.782020,0.020496,0.367464,-24.290001,21.770000,23.660000,1770369849.919719
0.677344,0.079300,0.282552,-18.690001,56.419998,28.700001,1770369849.927744
0.556076,0.127368,0.242048,-13.440000,79.169998,26.809999,1770369849.935737
0.437492,0.164944,0.214476,-13.230000,97.440002,34.439999,1770369849.943770
0.329888,0.198860,0.179096,-12.950000,108.220001,36.049999,1770369849.951708
0.233264,0.222528,0.154452,-12.110000,115.849998,37.169998,1770369849.959728
0.145668,0.239364,0.165432,-12.320000,120.400002,38.849998,1770369849.967723
0.073444,0.265472,0.217404,-8.330000,121.519997,37.730000,1770369849.975788
0.017324,0.264984,0.301584,-7.630000,122.500000,38.570000,1770369849.983723
-0.020496,0.254004,0.386252,-2.590000,119.980003,28.770000,1770369849.991719
-0.044164,0.257420,0.453596,4.760000,115.150002,23.309999,1770369849.999752
-0.058804,0.249856,0.509472,14.420000,107.870003,18.620001,1770369850.007732
-0.066612,0.231312,0.609024,25.270000,94.919998,12.460000,1770369850.015712
-0.066124,0.215696,0.818620,29.750000,77.699997,13.230000,1770369850.023744
-0.052948,0.189100,1.121424,34.160000,61.320000,10.430000,1770369850.031719
-0.036844,0.165432,1.421300,35.700001,42.560001,11.060000,1770369850.039738
0.001708,0.101016,1.614548,34.369999,27.650000,9.870000,1770369850.047718
0.110532,0.009516,1.664568,34.509998,10.990000,10.500000,1770369850.055716
0.262300,-0.068076,1.742648,28.840000,-13.860000,13.650000,1770369850.064154
0.334280,-0.119072,1.805112,22.959999,-28.070000,17.290001,1770369850.071978
0.351116,-0.228872,1.857572,15.190000,-25.059999,18.059999,1770369850.079780
0.367220,-0.316468,1.931016,5.810000,-5.180000,15.400000,1770369850.087717
0.335500,-0.378200,1.944192,-3.150000,24.430000,9.590000,1770369850.095721
0.238388,-0.430172,1.858060,-15.330000,55.020000,3.780000,1770369850.104060
0.139324,-0.424804,1.749724,-26.879999,78.959999,-8.960000,1770369850.111820
0.050020,-0.360632,1.659932,-35.070000,88.269997,-15.680000,1770369850.119713
-0.040504,-0.259128,1.538664,-47.950001,86.309998,-18.690001,1770369850.127710
-0.143228,-0.149084,1.365180,-56.490002,72.099998,-24.780001,1770369850.135724
-0.221308,-0.046360,1.147044,-61.950001,50.540001,-24.639999,1770369850.143715
-0.263764,0.020984,0.915732,-59.849998,25.620001,-30.520000,1770369850.151730
-0.280600,0.075884,0.713212,-52.430000,1.680000,-34.230000,1770369850.159845
-0.268644,0.140544,0.530944,-45.639999,-17.290001,-34.090000,1770369850.167740
-0.235704,0.218868,0.399184,-35.349998,-33.250000,-39.340000,1770369850.175709
-0.203740,0.298900,0.308660,-31.010000,-42.349998,-35.419998,1770369850.183715
-0.173728,0.377956,0.271816,-28.770000,-44.869999,-35.560001,1770369850.191710
-0.133224,0.427000,0.249612,-28.420000,-42.910000,-30.940001,1770369850.199707
-0.097844,0.427000,0.199104,-27.510000,-40.250000,-25.340000,1770369850.207770
-0.068808,0.393328,0.108092,-19.879999,-40.459999,-23.660000,1770369850.215740
-0.041724,0.338428,0.027572,-9.100000,-41.369999,-14.910000,1770369850.223715
-0.020740,0.272548,0.046360,7.770000,-41.860001,-8.470000,1770369850.231716
-0.006832,0.237168,0.198372,22.889999,-40.110001,1.750000,1770369850.239719
0.003660,0.241560,0.441884,33.740002,-37.240002,5.320000,1770369850.247741
0.013176,0.233752,0.723948,41.509998,-30.940001,12.670000,1770369850.255717
-0.004148,0.215452,1.011868,46.480000,-15.120000,14.140000,1770369850.263711
-0.053192,0.164700,1.242936,46.970001,1.680000,16.590000,1770369850.271717
-0.101748,0.068564,1.362008,48.020000,16.379999,10.360000,1770369850.279712
-0.142496,-0.084424,1.538908,52.360001,28.490000,1.890000,1770369850.287728
-0.139568,-0.266448,1.838784,67.129997,35.840000,-7.980000,1770369850.295848
-0.080032,-0.369904,2.142808,81.690002,29.469999,-15.540000,1770369850.303722
-0.118340,-0.372100,2.307264,74.690002,6.440000,-17.920000,1770369850.311721
-0.180072,-0.412848,2.187216,48.650002,-24.290001,-22.750000,1770369850.319720
-0.124684,-0.536800,2.026664,22.330000,-66.290001,-18.549999,1770369850.327787
0.012200,-0.662216,1.969812,6.720000,-114.870003,-17.290001,1770369850.335756
0.209108,-0.657824,1.967616,-4.550000,-153.020004,-10.290000,1770369850.343714
0.400648,-0.554856,1.901248,-20.580000,-181.300003,-7.560000,1770369850.351715
0.559248,-0.416508,1.686528,-30.660000,-198.240005,-4.550000,1770369850.359717
0.666120,-0.276940,1.347856,-40.740002,-202.160004,-4.760000,1770369850.367751
0.765428,-0.111020,1.030412,-43.750000,-194.600006,-1.610000,1770369850.375832
0.844972,0.046604,0.738100,-44.939999,-169.610001,7.140000,1770369850.383718
0.882792,0.169092,0.505812,-42.630001,-133.070007,14.770000,1770369850.391728
0.891576,0.228384,0.348920,-39.340000,-89.040001,20.440001,1770369850.399784
0.845216,0.254248,0.255468,-33.320000,-41.230000,26.950001,1770369850.407848
0.761524,0.254980,0.192272,-23.100000,2.730000,27.160000,1770369850.415717
0.643916,0.252296,0.134200,-19.250000,41.580002,28.490000,1770369850.423719
0.506544,0.246928,0.080520,-11.340000,75.320000,25.830000,1770369850.431869
0.380396,0.249368,0.042700,-5.600000,99.750000,25.480000,1770369850.439743
0.260348,0.246196,0.037332,-2.310000,118.860001,22.469999,1770369850.447720
0.153476,0.259128,0.052216,0.140000,131.389999,20.299999,1770369850.455715
0.058804,0.268644,0.089060,0.980000,140.699997,16.170000,1770369850.463748
-0.007564,0.252296,0.137372,1.890000,146.580002,11.550000,1770369850.471743
-0.042456,0.179828,0.218136,4.900000,144.830002,3.640000,1770369850.479718
-0.056364,0.119804,0.327692,13.860000,136.149994,2.100000,1770369850.487722
-0.082960,0.084180,0.490928,28.770000,121.940002,-4.410000,1770369850.495732
-0.099064,0.081496,0.725168,38.709999,101.150002,-5.320000,1770369850.503806
-0.111020,0.115412,1.068964,45.290001,74.830002,-6.790000,1770369850.511723
-0.119804,0.158844,1.422764,43.540001,48.369999,-9.940000,1770369850.519724
-0.097112,0.142008,1.686040,37.380001,29.049999,-14.140000,1770369850.527719
0.006100,0.045140,1.823168,35.700001,12.740000,-13.860000,1770369850.535745
0.151768,-0.066124,1.847568,33.529999,-0.350000,-12.530000,1770369850.543749
0.357704,-0.172508,1.914180,29.610001,-23.379999,-2.520000,1770369850.551723
0.415288,-0.313296,1.940288,24.850000,-38.360001,5.950000,1770369850.559715
0.467016,-0.433832,2.022272,15.470000,-28.000000,3.640000,1770369850.567747
0.503616,-0.538020,2.136708,8.400000,-2.520000,3.220000,1770369850.575732
0.479460,-0.593652,2.132316,0.000000,34.299999,-2.380000,1770369850.583722
0.389424,-0.583404,2.012756,-9.450000,69.089996,-12.180000,1770369850.591722
0.271328,-0.505568,1.871968,-18.549999,95.410004,-16.660000,1770369850.599852
0.153476,-0.371856,1.730692,-31.219999,104.790001,-16.030001,1770369850.607738
0.018056,-0.223260,1.548180,-40.950001,99.470001,-16.030001,1770369850.615708
-0.109068,-0.091744,1.315648,-51.380001,87.290001,-20.719999,1770369850.623708
-0.201544,0.008540,1.065548,-52.779999,66.849998,-21.420000,1770369850.631758
-0.252052,0.091256,0.827892,-47.950001,46.200001,-23.870001,1770369850.639758
-0.292556,0.166652,0.661240,-46.130001,26.180000,-29.469999,1770369850.647783
-0.306464,0.245952,0.545340,-41.860001,10.010000,-31.850000,1770369850.655708
-0.306220,0.301096,0.437004,-36.889999,-1.890000,-33.180000,1770369850.663715
-0.298412,0.335012,0.321836,-32.830002,-12.530000,-36.680000,1770369850.671718
-0.272548,0.367220,0.231800,-23.590000,-20.860001,-37.029999,1770369850.679795
-0.240096,0.391620,0.162260,-19.879999,-28.629999,-34.790001,1770369850.687717
-0.205692,0.401136,0.100772,-14.700000,-38.570000,-29.750000,1770369850.695714
-0.162992,0.407236,0.010736,-10.010000,-50.680000,-23.030001,1770369850.703753
-0.122000,0.386496,-0.045872,-1.960000,-63.840000,-15.890000,1770369850.711809
-0.070760,0.355752,0.020740,8.540000,-73.639999,-9.730000,1770369850.719730
-0.030744,0.315004,0.214476,17.639999,-76.860001,-0.280000,1770369850.727716
-0.005368,0.302804,0.472872,27.440001,-72.309998,5.460000,1770369850.735717
0.012200,0.291336,0.704184,38.150002,-63.980000,12.180000,1770369850.743722
0.025376,0.277184,0.949404,46.759998,-45.779999,11.620000,1770369850.751745
0.016104,0.253760,1.187792,55.090000,-25.620001,13.650000,1770369850.759765
-0.020008,0.187636,1.311988,53.200001,-3.220000,4.690000,1770369850.767728
-0.033672,0.050264,1.475956,53.900002,16.100000,-3.430000,1770369850.775735
0.007564,-0.119560,1.710440,59.150002,31.500000,-12.740000,1770369850.783782
0.075152,-0.259616,2.031788,75.949997,34.860001,-18.900000,1770369850.791722
0.023912,-0.296460,2.336300,75.739998,24.500000,-20.160000,1770369850.799718
-0.090524,-0.303292,2.358992,47.950001,3.430000,-26.320000,1770369850.807867
-0.126392,-0.424804,2.163304,15.890000,-33.810001,-21.420000,1770369850.815721
-0.072956,-0.606584,2.046428,-5.250000,-83.510002,-24.990000,1770369850.823700
0.085888,-0.686616,1.994456,-17.780001,-135.449997,-18.270000,1770369850.831724
0.272792,-0.636108,1.885632,-28.000000,-175.839996,-19.389999,1770369850.839722
0.457988,-0.526796,1.648708,-37.730000,-206.919998,-16.030001,1770369850.847761
0.599996,-0.396988,1.319064,-41.439999,-224.559998,-13.300000,1770369850.855738
0.710284,-0.242780,1.010892,-44.869999,-227.779999,-8.680000,1770369850.863716
0.812520,-0.055632,0.746884,-44.869999,-211.190002,-0.700000,1770369850.871702
0.891576,0.132248,0.510204,-42.770000,-174.649994,4.550000,1770369850.879720
0.944524,0.250588,0.356728,-42.630001,-126.629997,14.350000,1770369850.887722
0.944036,0.269376,0.272060,-39.340000,-72.940002,17.780001,1770369850.895855
0.882792,0.237168,0.195444,-35.070000,-20.719999,19.950001,1770369850.903711
0.757376,0.233020,0.095160,-28.420000,28.420000,21.070000,1770369850.911771
0.620004,0.240096,0.013664,-22.190001,72.169998,19.530001,1770369850.919738
0.465796,0.255224,-0.027816,-17.150000,106.260002,19.530001,1770369850.927702
0.318664,0.272548,-0.047336,-15.120000,131.600006,16.379999,1770369850.935723
0.184952,0.281332,-0.050508,-14.350000,150.919998,15.960000,1770369850.943733
0.073688,0.277916,-0.022204,-14.350000,165.970001,10.640000,1770369850.951786
-0.007808,0.260104,0.034404,-11.340000,173.389999,3.570000,1770369850.959716
-0.048556,0.200324,0.154208,-7.210000,171.080002,0.980000,1770369850.967712
-0.061244,0.116876,0.326228,8.890000,157.360001,-4.970000,1770369850.975757
-0.088328,0.051484,0.586820,30.870001,138.320007,-4.060000,1770369850.983812
-0.111508,0.009028,0.977220,48.090000,108.080002,-5.670000,1770369850.991700
-0.137860,-0.009516,1.446188,58.590000,69.650002,-4.970000,1770369850.999740
-0.145424,-0.012200,1.750700,60.619999,34.369999,-12.530000,1770369851.007893
-0.076128,-0.044652,1.798036,66.709999,6.790000,-15.750000,1770369851.015719
0.064416,-0.089060,1.749968,68.809998,-14.070000,-20.370001,1770369851.023702
0.225944,-0.147864,1.848056,62.509998,-28.139999,-18.480000,1770369851.031727
0.403576,-0.239852,1.924184,48.160000,-34.439999,-9.800000,1770369851.039923
0.485804,-0.377468,1.970056,24.639999,-23.799999,-2.800000,1770369851.047713
0.552416,-0.527040,2.083028,4.900000,0.280000,2.100000,1770369851.055709
0.536312,-0.652700,2.111820,-11.970000,34.790001,2.450000,1770369851.063912
0.430660,-0.674660,2.035692,-21.910000,67.970001,1.190000,1770369851.071848
0.279380,-0.585356,1.884900,-31.709999,92.820000,-4.760000,1770369851.079781
0.128344,-0.430416,1.735816,-41.720001,106.820000,-10.360000,1770369851.087723
-0.019032,-0.259860,1.537688,-49.840000,102.760002,-12.530000,1770369851.095725
-0.148596,-0.119804,1.288320,-53.480000,88.059998,-20.650000,1770369851.103743
-0.241316,-0.007320,1.051884,-56.419998,63.630001,-26.250000,1770369851.111731
-0.287188,0.075640,0.849608,-53.060001,34.020000,-33.320000,1770369851.119766
-0.292312,0.133468,0.686128,-49.279999,10.150000,-37.380001,1770369851.127714
-0.270596,0.154696,0.526064,-43.400002,-11.200000,-38.570000,1770369851.135719
-0.251320,0.179584,0.382592,-36.959999,-24.920000,-44.450001,1770369851.143721
-0.217892,0.209840,0.245708,-25.410000,-33.599998,-40.950001,1770369851.151728
-0.189100,0.247416,0.163236,-12.460000,-38.779999,-40.389999,1770369851.159769
-0.149572,0.293044,0.104676,-7.070000,-41.090000,-36.680000,1770369851.167720
-0.118096,0.333060,0.034160,1.330000,-43.189999,-30.030001,1770369851.175709
-0.090768,0.353312,-0.035868,5.670000,-45.990002,-24.639999,1770369851.183711
-0.052948,0.358436,-0.051484,10.010000,-52.009998,-22.049999,1770369851.191715
-0.013908,0.365024,0.048068,15.540000,-56.209999,-15.890000,1770369851.199710
0.024400,0.349652,0.245220,19.110001,-54.250000,-8.260000,1770369851.207944
0.051728,0.331596,0.435540,23.940001,-45.639999,-5.670000,1770369851.215714
0.062464,0.328668,0.648796,32.759998,-33.810001,-3.990000,1770369851.223733
0.068564,0.352336,0.883280,40.950001,-20.580000,1.890000,1770369851.231703
0.058804,0.367952,1.112152,48.650002,-5.810000,2.450000,1770369851.239725
0.033672,0.295240,1.318820,49.209999,11.760000,7.840000,1770369851.247844
0.012932,0.168116,1.489376,48.720001,27.580000,3.990000,1770369851.255708
0.055388,0.027572,1.724592,49.419998,39.270000,0.070000,1770369851.263710
0.109068,-0.146644,2.082784,62.160000,42.279999,1.330000,1770369851.271711
0.091256,-0.277672,2.413160,74.900002,36.470001,0.700000,1770369851.279712
-0.063928,-0.316712,2.448540,60.759998,24.290001,-1.470000,1770369851.287717
-0.128588,-0.329156,2.234796,39.619999,-0.070000,0.700000,1770369851.295783
-0.158112,-0.390156,2.095716,17.990000,-38.080002,7.140000,1770369851.303712
-0.104920,-0.460916,2.054724,-4.200000,-85.120003,5.530000,1770369851.311731
-0.001952,-0.442616,1.947120,-25.760000,-127.959999,3.220000,1770369851.319699
0.132736,-0.368928,1.725568,-44.869999,-162.539993,0.770000,1770369851.327704
0.291336,-0.301340,1.422032,-55.509998,-187.039993,-3.290000,1770369851.335732
0.430904,-0.244000,1.116544,-57.540001,-203.419998,-5.460000,1770369851.343816
0.559736,-0.172020,0.873276,-58.869999,-209.089996,-3.430000,1770369851.351766
0.660752,-0.062220,0.651724,-53.619999,-199.639999,-0.490000,1770369851.359738
0.743468,0.051972,0.469944,-45.430000,-174.300003,9.660000,1770369851.367709
0.805200,0.106872,0.322568,-38.779999,-137.690002,16.030001,1770369851.375740
0.815448,0.104676,0.207400,-33.389999,-95.900002,21.629999,1770369851.383721
0.774700,0.111264,0.084668,-28.559999,-48.790001,22.680000,1770369851.391723
0.688324,0.125904,0.001220,-20.650000,-3.360000,26.459999,1770369851.399809
0.565348,0.143960,-0.052948,-17.639999,40.880001,23.660000,1770369851.407730
0.443348,0.166896,-0.090280,-11.130000,77.279999,27.160000,1770369851.415719
0.317688,0.184952,-0.107360,-9.870000,110.459999,22.540001,1770369851.423742
0.194224,0.199348,-0.090524,-9.520000,137.199997,19.600000,1770369851.431835
0.090036,0.187636,-0.045140,-7.560000,157.570007,15.680000,1770369851.439713
0.017324,0.133712,0.061732,-5.250000,172.550003,9.870000,1770369851.447718
-0.017812,0.039284,0.227408,6.160000,174.089996,2.870000,1770369851.455858
-0.047824,-0.037820,0.429440,23.940001,165.759995,0.980000,1770369851.463716
-0.070516,-0.074420,0.763720,49.840000,144.059998,-2.030000,1770369851.471716
-0.104188,-0.074664,1.251476,68.180000,109.199997,-3.500000,1770369851.479719
-0.139324,-0.001952,1.786812,74.199997,66.430000,-6.370000,1770369851.487754
-0.122244,0.005856,2.011536,79.730003,29.750000,-13.510000,1770369851.495730
0.006100,-0.023180,1.970056,84.839996,2.450000,-12.810000,1770369851.503715
0.192516,-0.032940,2.023492,83.300003,-21.840000,-15.750000,1770369851.511732
0.357948,-0.066368,2.091080,67.550003,-46.200001,-3.290000,1770369851.519792
0.402112,-0.206424,2.068388,40.950001,-51.660000,-4.970000,1770369851.527856
0.470920,-0.378932,2.180140,12.180000,-33.740002,-3.290000,1770369851.535717
0.503860,-0.514352,2.257244,-8.260000,0.980000,1.330000,1770369851.543716
0.458720,-0.585112,2.162328,-23.100000,39.900002,-1.960000,1770369851.551728
0.334524,-0.559736,1.983964,-33.529999,71.889999,-7.000000,1770369851.559785
0.200080,-0.434564,1.789496,-46.970001,90.790001,-13.860000,1770369851.567722
0.055388,-0.284016,1.568920,-52.080002,93.029999,-18.340000,1770369851.575753
-0.071980,-0.155672,1.311988,-59.080002,82.040001,-16.799999,1770369851.583792
-0.179096,-0.049044,1.041392,-56.070000,61.110001,-23.379999,1770369851.591727
-0.248636,0.045140,0.838384,-53.549999,35.349998,-23.660000,1770369851.599724
-0.273524,0.135664,0.671244,-48.439999,7.560000,-28.000000,1770369851.608151
-0.262544,0.202032,0.541192,-40.950001,-13.160000,-33.740002,1770369851.615748
-0.246684,0.247416,0.429196,-33.320000,-27.580000,-41.509998,1770369851.623703
-0.212280,0.271084,0.315004,-23.520000,-37.029999,-43.400002,1770369851.631726
-0.186660,0.277916,0.209352,-11.620000,-40.110001,-40.810001,1770369851.639719
-0.150060,0.281576,0.143716,-6.020000,-42.700001,-40.740002,1770369851.647739
-0.109556,0.289872,0.067832,2.660000,-44.099998,-36.330002,1770369851.655727
-0.079056,0.300364,-0.026840,6.650000,-46.900002,-30.379999,1770369851.663717
-0.048312,0.316224,-0.079788,11.620000,-52.779999,-24.010000,1770369851.671720
-0.007564,0.323300,-0.048556,15.960000,-59.849998,-15.680000,1770369851.679738
0.032208,0.332816,0.086620,13.020000,-63.840000,-10.360000,1770369851.687722
0.070272,0.340136,0.262544,12.740000,-62.299999,-7.000000,1770369851.695718
0.109068,0.325984,0.447740,14.350000,-51.590000,-0.280000,1770369851.703720
0.142496,0.306708,0.669292,21.209999,-41.369999,5.740000,1770369851.711734
0.168116,0.306220,0.905484,27.440001,-26.250000,6.510000,1770369851.719849
0.180560,0.307196,1.118740,32.410000,-8.400000,5.810000,1770369851.727700
0.182512,0.238144,1.338828,33.950001,13.370000,8.050000,1770369851.735704
0.185684,0.099552,1.508408,29.330000,37.799999,7.210000,1770369851.743743
0.233996,-0.061732,1.702632,27.510000,58.520000,4.340000,1770369851.751725
0.289384,-0.271084,2.043988,44.310001,68.459999,5.250000,1770369851.759719
0.241560,-0.460184,2.372900,65.940002,72.730003,8.890000,1770369851.767805
0.044164,-0.501420,2.481968,67.480003,69.650002,6.160000,1770369851.775734
-0.066124,-0.431880,2.311412,46.200001,52.220001,12.950000,1770369851.783720
-0.169824,-0.413580,2.164524,21.840000,18.620001,15.470000,1770369851.791721
-0.221552,-0.423828,2.085712,0.210000,-27.930000,13.510000,1770369851.799720
-0.185684,-0.377712,1.959076,-23.100000,-76.510002,10.850000,1770369851.807833
-0.082228,-0.288164,1.742892,-37.730000,-120.190002,2.520000,1770369851.815726
0.066856,-0.206180,1.453508,-47.389999,-155.330002,-1.820000,1770369851.823704
0.224724,-0.138348,1.138016,-49.070000,-184.940002,-4.480000,1770369851.831712
0.368196,-0.079056,0.884988,-47.740002,-200.690002,-5.950000,1770369851.839745
0.512888,0.020984,0.677100,-47.529999,-204.750000,-1.190000,1770369851.847736
0.607560,0.106628,0.506300,-42.840000,-190.119995,7.840000,1770369851.855721
0.693936,0.132736,0.418216,-37.869999,-164.360001,15.610000,1770369851.863718
0.744932,0.124684,0.322080,-37.660000,-126.910004,19.180000,1770369851.871705
0.741516,0.124440,0.200812,-33.110001,-82.250000,24.150000,1770369851.879730
0.690032,0.136152,0.077104,-28.980000,-35.910000,23.450001,1770369851.887735
0.604388,0.148108,-0.019520,-23.170000,8.190000,24.430000,1770369851.895714
0.506300,0.162992,-0.081740,-18.969999,46.200001,24.570000,1770369851.903718
0.395036,0.179096,-0.105896,-16.450001,78.610001,22.400000,1770369851.911729
0.276696,0.190320,-0.087352,-12.880000,106.330002,19.389999,1770369851.919737
0.175436,0.182268,-0.045140,-13.090000,131.529999,14.700000,1770369851.927709
0.094184,0.146156,0.038308,-8.890000,147.630005,11.340000,1770369851.935729
0.052460,0.073688,0.177144,-0.770000,155.470001,4.130000,1770369851.943718
0.032208,-0.002440,0.363804,14.840000,154.350006,4.480000,1770369851.951764
0.015372,-0.060756,0.621956,37.099998,143.360001,1.050000,1770369851.959719
0.010736,-0.098332,1.048224,58.869999,119.419998,1.190000,1770369851.967748
-0.001708,-0.065636,1.585756,71.260002,85.190002,-4.410000,1770369851.975732
0.018300,-0.040992,1.907104,76.790001,55.509998,-9.730000,1770369851.983882
0.120780,-0.078812,1.944436,83.720001,35.630001,-11.620000,1770369851.991715
0.269376,-0.095160,1.972496,81.830002,14.770000,-12.180000,1770369851.999720
0.417728,-0.090768,2.065704,66.500000,-7.980000,-3.640000,1770369852.007726
0.462380,-0.195688,2.014708,43.540001,-22.540001,3.430000,1770369852.015768
0.494832,-0.342576,2.078392,17.080000,-14.630000,5.880000,1770369852.023699
0.514108,-0.487512,2.218204,-4.690000,11.690000,8.610000,1770369852.031709
0.461404,-0.581452,2.164280,-22.680000,45.500000,5.950000,1770369852.039731
0.330132,-0.584624,2.011048,-35.000000,79.519997,2.660000,1770369852.047712
0.171288,-0.497760,1.832928,-43.400002,98.910004,-5.460000,1770369852.055732
0.012200,-0.347944,1.640900,-55.369999,104.930000,-5.460000,1770369852.064010
-0.130540,-0.205692,1.410320,-59.709999,98.209999,-13.440000,1770369852.072516
-0.254980,-0.094672,1.133380,-58.169998,79.029999,-15.890000,1770369852.079786
-0.345016,-0.003904,0.881816,-56.490002,50.540001,-21.139999,1770369852.087823
-0.387472,0.086132,0.669292,-48.299999,20.090000,-27.020000,1770369852.095723
-0.397232,0.158600,0.512888,-40.110001,-7.070000,-29.120001,1770369852.103739
-0.369172,0.209596,0.401380,-30.100000,-29.120001,-35.070000,1770369852.111943
-0.323788,0.256200,0.293044,-18.690001,-42.910000,-36.470001,1770369852.119720
-0.270596,0.311588,0.218136,-7.560000,-53.689999,-36.889999,1770369852.127715
-0.210572,0.355020,0.190320,0.910000,-60.830002,-31.150000,1770369852.135771
-0.147864,0.395280,0.145912,5.880000,-66.639999,-28.629999,1770369852.143727
-0.088328,0.423096,0.060024,10.430000,-71.959999,-21.209999,1770369852.151732
-0.042456,0.424072,-0.020008,14.210000,-79.730003,-13.650000,1770369852.159767
0.005612,0.425292,-0.035624,15.890000,-87.570000,-8.540000,1770369852.167714
0.061244,0.421632,0.075396,14.700000,-90.160004,-0.630000,1770369852.175716
0.111264,0.400892,0.260348,15.470000,-87.360001,3.430000,1770369852.183738
0.159820,0.359900,0.463600,20.650000,-76.370003,7.420000,1770369852.191699
0.214232,0.335744,0.724192,24.850000,-61.320000,8.470000,1770369852.199741
0.252052,0.315004,0.980148,30.870001,-41.650002,13.930000,1770369852.207706
0.258152,0.260104,1.174372,35.980000,-18.410000,12.670000,1770369852.215732
0.254004,0.149816,1.307352,38.080002,12.670000,12.530000,1770369852.223687
0.255468,0.024888,1.370304,36.470001,44.939999,10.080000,1770369852.231720
0.254492,-0.117120,1.463756,37.730000,66.010002,1.330000,1770369852.239695
0.301584,-0.298412,1.763388,47.389999,76.650002,-0.280000,1770369852.247702
0.286944,-0.491172,2.089860,67.480003,77.980003,0.280000,1770369852.255716
0.091256,-0.555344,2.262368,66.150002,69.580002,3.150000,1770369852.263833
-0.045140,-0.531188,2.251144,42.700001,50.820000,3.080000,1770369852.271706
-0.115656,-0.565104,2.192584,15.400000,15.960000,3.010000,1770369852.279708
-0.123952,-0.566324,2.111332,-5.880000,-29.120001,0.070000,1770369852.287707
-0.072956,-0.458476,1.979328,-21.840000,-73.709999,-2.870000,1770369852.295737
0.031232,-0.308172,1.788032,-32.130001,-112.070000,-5.670000,1770369852.303781
0.177876,-0.173240,1.523048,-40.529999,-147.559998,-7.350000,1770369852.311910
0.315492,-0.085400,1.256356,-46.549999,-171.289993,-8.330000,1770369852.319716
0.439688,-0.006832,0.993568,-47.040001,-185.850006,-5.040000,1770369852.327700
0.548024,0.099064,0.764208,-47.320000,-184.729996,2.100000,1770369852.335729
0.617320,0.164700,0.563396,-45.009998,-169.539993,15.610000,1770369852.343799
0.658800,0.178120,0.425536,-41.509998,-140.559998,22.120001,1770369852.351741
0.672708,0.159332,0.309148,-36.330002,-107.029999,25.270000,1770369852.359719
0.649528,0.144204,0.198860,-30.520000,-68.180000,26.389999,1770369852.367710
0.596824,0.143228,0.104432,-23.660000,-30.170000,26.040001,1770369852.375746
0.521184,0.148108,0.039528,-17.780001,6.580000,26.389999,1770369852.383783
0.442128,0.158844,0.000488,-12.530000,40.389999,24.570000,1770369852.391719
0.355020,0.169580,-0.012688,-10.290000,68.180000,24.780001,1770369852.399717
0.268156,0.176412,-0.012688,-8.330000,91.910004,22.959999,1770369852.407729
0.188612,0.169824,0.023180,-6.790000,114.660004,23.309999,1770369852.415736
0.132980,0.129564,0.090524,-4.900000,130.199997,18.969999,1770369852.423698
0.100284,0.051240,0.210816,0.910000,139.580002,12.740000,1770369852.432042
0.092232,-0.015860,0.344528,12.530000,138.809998,12.320000,1770369852.439823
0.097844,-0.062464,0.526308,30.870001,132.720001,7.910000,1770369852.447706
0.094184,-0.099308,0.810324,50.189999,119.629997,7.910000,1770369852.455728
0.094916,-0.103700,1.219024,60.830002,100.239998,1.750000,1770369852.463720
0.105896,-0.107848,1.648708,63.840000,77.559998,0.000000,1770369852.471809
0.151768,-0.110776,1.941020,65.029999,57.400002,-3.780000,1770369852.479715
0.240584,-0.109312,1.990064,65.029999,34.160000,-5.250000,1770369852.487716
0.345748,-0.143472,1.899296,60.270000,7.840000,3.640000,1770369852.495725
0.465796,-0.204472,1.862940,52.500000,-23.030001,4.200000,1770369852.503718
0.471408,-0.320860,1.926868,31.430000,-27.160000,7.490000,1770369852.511738
0.489220,-0.460916,2.082296,10.850000,-1.190000,2.310000,1770369852.519721
0.490928,-0.584136,2.165988,-10.290000,39.689999,4.480000,1770369852.527708
0.393816,-0.662216,2.080344,-21.770000,82.599998,-7.980000,1770369852.535793
0.250588,-0.609756,1.971032,-28.629999,109.900002,-15.330000,1770369852.543722
0.101504,-0.463600,1.868552,-33.669998,122.709999,-24.430000,1770369852.551790
-0.054900,-0.296704,1.722152,-39.830002,119.769997,-31.080000,1770369852.559796
-0.210328,-0.135420,1.461316,-49.070000,105.769997,-33.389999,1770369852.567729
-0.335744,-0.008052,1.143628,-49.630001,79.870003,-36.889999,1770369852.575728
-0.430904,0.105164,0.871324,-48.860001,44.029999,-39.130001,1770369852.583718
-0.471164,0.216428,0.660996,-41.720001,7.070000,-45.220001,1770369852.591723
-0.458720,0.322080,0.493612,-33.389999,-26.530001,-48.230000,1770369852.599842
-0.409676,0.406504,0.364536,-21.350000,-53.060001,-48.930000,1770369852.607712
-0.358924,0.470188,0.271328,-11.620000,-71.540001,-45.220001,1770369852.615728
-0.280844,0.532652,0.216672,-3.360000,-83.790001,-40.599998,1770369852.623700
-0.187880,0.570228,0.178608,3.220000,-92.260002,-37.240002,1770369852.631733
-0.117852,0.581452,0.105408,7.980000,-95.129997,-26.530001,1770369852.639722
-0.061244,0.576328,0.001952,7.770000,-95.550003,-18.410000,1770369852.647717
-0.007564,0.551196,-0.069540,10.080000,-100.309998,-9.940000,1770369852.655770
0.044652,0.525576,-0.036600,9.100000,-98.000000,-1.750000,1770369852.663743
0.093208,0.490684,0.084668,8.750000,-93.029999,5.950000,1770369852.671722
0.140056,0.443348,0.260836,10.290000,-80.709999,11.060000,1770369852.679789
0.193736,0.386740,0.496296,17.850000,-63.770000,15.050000,1770369852.687710
0.242780,0.343308,0.768356,23.870001,-44.799999,20.160000,1770369852.695718
0.270840,0.288652,1.000888,27.440001,-22.260000,17.500000,1770369852.703709
0.258396,0.196664,1.161440,31.500000,5.670000,20.510000,1770369852.711887
0.255712,0.088572,1.304912,34.509998,31.639999,14.700000,1770369852.719721
0.269132,-0.082228,1.471808,27.440001,57.119999,8.260000,1770369852.727704
0.319640,-0.294264,1.652856,32.270000,70.910004,4.410000,1770369852.735721
0.393816,-0.539240,1.967616,53.830002,78.050003,1.820000,1770369852.743719
0.317688,-0.715408,2.201124,82.739998,73.080002,-1.960000,1770369852.751749
0.146888,-0.673928,2.314584,75.040001,56.980000,3.780000,1770369852.759769
0.029036,-0.600728,2.221620,41.090000,32.480000,0.980000,1770369852.767724
-0.019276,-0.623420,2.148664,13.230000,-5.040000,0.630000,1770369852.775721
0.007320,-0.611708,2.107184,-7.910000,-46.549999,3.150000,1770369852.783775
0.067588,-0.466528,1.983964,-22.330000,-81.480003,-5.600000,1770369852.791724
0.167872,-0.290604,1.789252,-36.400002,-110.459999,-9.940000,1770369852.799793
0.278160,-0.155916,1.518900,-46.619999,-132.509995,-13.790000,1770369852.807718
0.381616,-0.067100,1.215364,-51.869999,-148.750000,-14.630000,1770369852.815909
0.474580,0.028548,0.943304,-53.270000,-155.820007,-13.720000,1770369852.823694
0.559492,0.154452,0.682956,-51.520000,-149.029999,-3.640000,1770369852.831709
0.602924,0.215696,0.489220,-45.009998,-129.360001,8.750000,1770369852.839722
0.624884,0.239120,0.349652,-43.470001,-100.660004,14.560000,1770369852.847713
0.610488,0.235216,0.264496,-37.310001,-68.739998,17.290001,1770369852.855698
0.566812,0.220576,0.175924,-29.680000,-34.930000,21.840000,1770369852.863721
0.506056,0.217892,0.086376,-22.889999,-2.450000,19.879999,1770369852.871715
0.433588,0.223992,0.027572,-15.680000,27.510000,21.910000,1770369852.879756
0.350872,0.226188,0.017324,-12.320000,54.459999,22.959999,1770369852.887722
0.269132,0.230824,0.028060,-7.000000,74.269997,20.090000,1770369852.895714
0.193736,0.225944,0.055388,-6.790000,91.489998,19.320000,1770369852.903748
0.124928,0.232044,0.094184,-3.220000,105.209999,17.360001,1770369852.911734
0.078324,0.203008,0.149328,-2.100000,112.980003,13.580000,1770369852.919726
0.051728,0.134932,0.245464,-0.070000,118.510002,12.320000,1770369852.927705
0.048312,0.056120,0.369416,12.460000,113.889999,11.270000,1770369852.935771
0.040748,-0.016592,0.529236,24.430000,103.879997,9.380000,1770369852.943753
0.066368,-0.042700,0.795684,37.310001,84.349998,4.340000,1770369852.951723
0.074176,-0.060024,1.187304,46.480000,67.550003,4.340000,1770369852.959722
0.097356,-0.065880,1.571116,44.380001,51.099998,-3.990000,1770369852.967801
0.186660,-0.125904,1.838540,46.200001,36.259998,-6.440000,1770369852.975724
0.310368,-0.228384,1.883436,51.799999,25.270000,-4.970000,1770369852.983716
0.431636,-0.312808,1.874164,53.830002,7.000000,0.630000,1770369852.991724
0.528992,-0.366000,1.892464,52.919998,-16.730000,5.110000,1770369852.999721
0.548268,-0.439688,1.952976,38.220001,-20.160000,4.340000,1770369853.007806
0.578036,-0.515328,2.079124,21.209999,-0.980000,2.100000,1770369853.015769
0.565592,-0.589748,2.128412,1.750000,36.400002,0.420000,1770369853.023699
0.462136,-0.629276,2.020808,-8.260000,77.419998,-7.630000,1770369853.031722
0.323056,-0.544120,1.916620,-19.809999,108.639999,-18.830000,1770369853.039740
0.185684,-0.387228,1.829756,-30.450001,126.209999,-24.780001,1770369853.047727
0.042212,-0.227408,1.693360,-40.599998,126.419998,-27.160000,1770369853.055730
-0.111020,-0.070028,1.469612,-50.959999,113.889999,-28.629999,1770369853.064364
-0.240584,0.056364,1.208044,-52.709999,91.139999,-31.290001,1770369853.072277
-0.341112,0.176656,0.946232,-49.770000,61.880001,-35.980000,1770369853.079757
-0.396744,0.277184,0.726388,-43.959999,30.100000,-38.360001,1770369853.087877
-0.411628,0.373320,0.554124,-35.560001,1.190000,-42.980000,1770369853.095733
-0.388204,0.455060,0.425292,-27.510000,-21.420000,-36.680000,1770369853.103770
-0.360876,0.523136,0.325740,-23.590000,-37.730000,-39.270000,1770369853.111727
-0.314028,0.568520,0.257420,-14.840000,-49.209999,-36.189999,1770369853.119731
-0.265960,0.578768,0.191784,-13.230000,-52.639999,-28.770000,1770369853.127716
-0.222772,0.558272,0.122976,-7.980000,-56.630001,-23.170000,1770369853.135719
-0.180560,0.521428,0.050020,-5.810000,-60.200001,-19.180000,1770369853.143754
-0.136396,0.481412,-0.016836,-0.700000,-66.430000,-10.500000,1770369853.151730
-0.093696,0.459208,-0.036112,4.340000,-75.180000,-9.380000,1770369853.159745
-0.034160,0.433100,0.051972,6.580000,-81.269997,-6.580000,1770369853.167733
0.013908,0.390156,0.230824,11.060000,-82.459999,5.600000,1770369853.175710
0.053192,0.344528,0.457500,16.309999,-76.580002,7.490000,1770369853.183710
0.102968,0.311100,0.727364,22.049999,-65.730003,18.270000,1770369853.191710
0.132980,0.261568,0.984784,28.629999,-52.150002,20.860001,1770369853.199855
0.134688,0.216672,1.174616,33.599998,-33.669998,22.469999,1770369853.207706
0.114924,0.104920,1.332972,30.660000,-13.090000,14.700000,1770369853.215729
0.120292,-0.036112,1.445944,27.860001,10.920000,5.390000,1770369853.223695
0.182268,-0.272060,1.643828,32.619999,34.720001,-1.260000,1770369853.231706
0.272792,-0.540704,1.986648,60.689999,46.549999,-7.350000,1770369853.239728
0.238632,-0.690276,2.277252,86.589996,50.189999,-5.250000,1770369853.247708
0.080520,-0.651724,2.334104,80.220001,36.259998,-5.180000,1770369853.255796
-0.018300,-0.611708,2.221132,52.430000,10.570000,-3.710000,1770369853.263715
-0.056364,-0.655140,2.140368,24.080000,-29.400000,-1.610000,1770369853.271718
-0.014396,-0.680272,2.108648,4.970000,-72.169998,-5.250000,1770369853.279705
0.090524,-0.572668,1.984696,-17.360001,-111.580002,-7.910000,1770369853.287711
0.213988,-0.396500,1.765096,-31.290001,-145.600006,-9.800000,1770369853.295708
0.341600,-0.240340,1.475468,-42.209999,-170.169998,-11.830000,1770369853.303752
0.466528,-0.127124,1.182180,-51.660000,-186.130005,-12.110000,1770369853.311717
0.572668,0.000976,0.919636,-53.970001,-192.009995,-10.360000,1770369853.319729
0.664168,0.144692,0.650016,-51.730000,-178.850006,3.710000,1770369853.327705
0.739564,0.209352,0.494100,-48.650002,-155.119995,13.580000,1770369853.335712
0.776164,0.214964,0.396988,-45.570000,-118.089996,22.190001,1770369853.343736
0.772748,0.208864,0.285968,-41.160000,-79.449997,23.309999,1770369853.351718
0.717116,0.216916,0.158600,-36.189999,-37.869999,24.780001,1770369853.359698
0.627812,0.237168,0.053924,-29.190001,6.860000,25.480000,1770369853.367707
0.533140,0.258884,-0.012444,-22.330000,42.560001,24.010000,1770369853.375705
0.447008,0.276696,-0.022692,-17.570000,73.220001,23.309999,1770369853.383724
0.343552,0.297680,-0.009272,-13.650000,98.000000,21.629999,1770369853.391714
0.244976,0.319396,0.031232,-10.990000,116.900002,23.100000,1770369853.399876
0.156648,0.317200,0.086864,-10.220000,133.000000,19.320000,1770369853.407713
0.086864,0.260836,0.168360,-7.000000,140.839996,14.980000,1770369853.415805
0.050020,0.173484,0.284748,2.800000,140.630005,12.810000,1770369853.423704
0.036844,0.071736,0.424804,17.290001,131.809998,12.880000,1770369853.431739
0.028792,-0.018300,0.622444,38.290001,113.050003,5.600000,1770369853.439747
0.040992,-0.086376,0.937448,55.650002,87.919998,8.190000,1770369853.447717
0.058316,-0.133224,1.333704,69.720001,60.340000,2.590000,1770369853.455717
0.112728,-0.146156,1.652368,80.919998,33.950001,-2.380000,1770369853.463720
0.215696,-0.208620,1.809504,87.779999,19.740000,-2.940000,1770369853.471729
0.356484,-0.265960,1.847080,86.169998,8.330000,-2.170000,1770369853.479739
0.521184,-0.314028,1.880752,78.330002,-7.560000,1.750000,1770369853.487716
0.630008,-0.386740,1.949316,61.250000,-15.750000,12.880000,1770369853.495744
0.662948,-0.498004,2.018856,38.080002,-2.310000,18.200001,1770369853.503745
0.633912,-0.631228,2.091080,10.430000,33.250000,19.530001,1770369853.511753
0.498980,-0.726388,2.060580,-4.550000,79.940002,15.330000,1770369853.519728
0.333548,-0.699304,1.935652,-17.430000,125.510002,2.450000,1770369853.527711
0.172020,-0.541436,1.836588,-27.510000,155.470001,-6.650000,1770369853.535740
0.010248,-0.345016,1.743380,-36.540001,167.440002,-15.540000,1770369853.543722
-0.139568,-0.170800,1.590636,-49.209999,161.979996,-24.570000,1770369853.551722
-0.284260,-0.032696,1.360300,-57.259998,140.630005,-30.940001,1770369853.559721
-0.384788,0.086620,1.067988,-57.049999,110.110001,-37.029999,1770369853.567756
-0.443592,0.182024,0.815448,-54.320000,72.519997,-40.040001,1770369853.575726
-0.462136,0.275232,0.646356,-41.860001,35.490002,-43.400002,1770369853.583720
-0.463600,0.361608,0.516792,-33.950001,4.340000,-42.209999,1770369853.591720
-0.442616,0.436516,0.413824,-23.240000,-20.299999,-41.720001,1770369853.599745
-0.407236,0.500444,0.308172,-16.100000,-37.169998,-40.529999,1770369853.607760
-0.355020,0.538508,0.225944,-5.530000,-52.639999,-30.730000,1770369853.615750
-0.312564,0.559004,0.164212,-1.820000,-60.759998,-26.110001,1770369853.623708
-0.271084,0.558028,0.109556,1.120000,-66.290001,-14.560000,1770369853.631751
-0.224968,0.538752,0.037088,4.900000,-73.500000,-9.520000,1770369853.639712
-0.168604,0.508740,-0.020496,6.090000,-82.040001,-1.960000,1770369853.647846
-0.116632,0.479460,0.009760,13.860000,-90.160004,0.280000,1770369853.655726
-0.071492,0.435784,0.138592,18.620001,-93.660004,9.170000,1770369853.663716
-0.030744,0.402112,0.326228,21.280001,-91.279999,10.570000,1770369853.671723
0.005856,0.365268,0.513132,25.620001,-82.599998,17.639999,1770369853.679748
0.029280,0.338916,0.733220,32.549999,-72.309998,19.950001,1770369853.687779
0.048312,0.322080,0.970144,35.700001,-59.849998,19.459999,1770369853.695699
0.077348,0.261812,1.178520,36.959999,-42.000000,18.690001,1770369853.703719
0.109068,0.133956,1.337364,32.619999,-25.830000,12.460000,1770369853.711715
0.190564,-0.046116,1.553304,26.950001,-11.620000,10.500000,1770369853.719739
0.318420,-0.264984,1.857572,33.389999,-2.590000,2.660000,1770369853.727711
0.391864,-0.499712,2.211372,54.810001,7.910000,3.430000,1770369853.735752
0.315492,-0.603168,2.362652,74.690002,12.320000,-1.470000,1770369853.743740
0.196176,-0.534116,2.227964,58.590000,6.020000,4.130000,1770369853.751719
0.126148,-0.501664,2.072536,39.200001,-14.210000,1.120000,1770369853.759717
0.131760,-0.524844,2.011048,11.270000,-43.189999,4.550000,1770369853.767744
0.187148,-0.537044,1.999336,-13.160000,-77.839996,1.610000,1770369853.775803
0.277672,-0.462624,1.887096,-31.780001,-106.470001,0.000000,1770369853.783735
0.385276,-0.350140,1.606740,-43.959999,-132.509995,-2.170000,1770369853.791720
0.471164,-0.256688,1.270508,-49.209999,-152.600006,-7.000000,1770369853.799725
0.543876,-0.169580,0.969656,-50.540001,-165.479996,-3.850000,1770369853.807756
0.622932,-0.058804,0.736392,-46.130001,-163.940002,3.710000,1770369853.816053
0.686860,0.051728,0.583160,-41.650002,-149.029999,11.620000,1770369853.823862
0.736636,0.137860,0.488488,-34.650002,-120.540001,23.100000,1770369853.831726
0.746640,0.174460,0.400648,-27.440001,-87.360001,28.070000,1770369853.839715
0.725900,0.198372,0.285968,-24.570000,-49.419998,31.780001,1770369853.847712
0.647332,0.221796,0.170556,-19.670000,-10.570000,34.439999,1770369853.855713
0.542412,0.248636,0.072468,-16.450001,25.410000,35.700001,1770369853.863733
0.427244,0.257176,0.018056,-14.070000,57.330002,34.790001,1770369853.871736
0.321348,0.261568,0.001464,-14.770000,85.190002,28.420000,1770369853.879728
0.220332,0.268644,0.001220,-16.030001,108.639999,28.629999,1770369853.887717
0.123220,0.269620,0.023912,-18.760000,126.489998,21.420000,1770369853.895714
0.028304,0.240096,0.080764,-16.240000,142.309998,17.290001,1770369853.903914
-0.011224,0.162260,0.194224,-13.300000,148.679993,9.170000,1770369853.911711
-0.034648,0.085644,0.332328,1.750000,146.860001,3.990000,1770369853.919764
-0.054168,0.012688,0.519720,18.969999,133.490005,0.560000,1770369853.927722
-0.060024,-0.023424,0.865224,38.430000,110.529999,-0.630000,1770369853.935869
-0.055876,-0.025620,1.293932,54.950001,79.029999,-3.290000,1770369853.943719
-0.049532,-0.007320,1.639680,64.190002,43.889999,-8.890000,1770369853.951721
0.011224,-0.021472,1.842932,73.570000,16.309999,-10.080000,1770369853.959716
0.132492,-0.089548,1.875872,74.129997,-2.660000,-13.090000,1770369853.967726
0.298412,-0.141032,1.855620,69.089996,-23.170000,-6.440000,1770369853.975772
0.440664,-0.217160,1.847812,56.419998,-42.700001,1.330000,1770369853.983718
0.481900,-0.340868,1.910764,37.099998,-42.139999,4.270000,1770369853.991721
0.558760,-0.448716,2.055456,14.910000,-22.260000,3.010000,1770369853.999726
0.585600,-0.552904,2.138416,-4.760000,12.110000,4.550000,1770369854.007863
0.517036,-0.600484,2.064484,-15.330000,49.139999,2.100000,1770369854.015728
0.371368,-0.555344,1.925648,-26.530001,78.959999,-4.200000,1770369854.023782
0.229116,-0.415044,1.764120,-35.770000,96.879997,-8.890000,1770369854.031734
0.092720,-0.265228,1.597224,-45.500000,100.589996,-12.390000,1770369854.039717
-0.035136,-0.136152,1.396900,-54.529999,90.510002,-18.270000,1770369854.047714
-0.138836,-0.030988,1.165344,-56.349998,71.750000,-17.780001,1770369854.055712
-0.204960,0.074908,0.961116,-53.970001,46.480000,-24.080000,1770369854.063828
-0.250100,0.153720,0.798124,-48.509998,21.070000,-27.160000,1770369854.072581
-0.266204,0.231800,0.657824,-41.930000,3.360000,-28.139999,1770369854.079795
-0.262544,0.301096,0.519964,-37.169998,-9.170000,-30.309999,1770369854.087721
-0.253028,0.362828,0.386496,-29.120001,-17.080000,-30.170000,1770369854.095723
-0.233752,0.395524,0.274256,-23.870001,-20.790001,-27.930000,1770369854.103788
-0.210572,0.406992,0.189100,-17.010000,-19.740000,-27.930000,1770369854.111735
-0.187636,0.395280,0.140056,-11.690000,-18.969999,-26.530001,1770369854.119726
-0.160552,0.386252,0.078080,-7.980000,-20.930000,-20.440001,1770369854.127711
-0.133468,0.374296,0.003904,-1.330000,-27.790001,-16.450001,1770369854.135718
-0.098820,0.369416,-0.040260,5.460000,-37.590000,-7.700000,1770369854.143716
-0.055388,0.352580,0.017080,14.840000,-50.189999,-7.700000,1770369854.151720
-0.016592,0.336232,0.188368,21.770000,-57.540001,2.310000,1770369854.159748
0.006100,0.308904,0.381372,23.870001,-59.779999,7.840000,1770369854.167725
0.027572,0.291824,0.583648,29.190001,-59.779999,10.290000,1770369854.175715
0.056364,0.286700,0.827648,35.419998,-53.759998,19.950001,1770369854.183710
0.066368,0.283528,1.078480,38.709999,-43.189999,15.470000,1770369854.191744
0.079788,0.258396,1.285392,39.970001,-27.160000,19.040001,1770369854.199725
0.093940,0.161772,1.455704,33.880001,-7.840000,13.790000,1770369854.207836
0.143960,0.007076,1.609180,29.540001,12.670000,8.960000,1770369854.215741
0.233752,-0.212768,1.800232,33.040001,26.740000,5.810000,1770369854.223719
0.300852,-0.437004,2.095228,49.490002,31.709999,2.310000,1770369854.231724
0.219844,-0.561200,2.279692,65.169998,31.709999,1.540000,1770369854.239830
0.133712,-0.549976,2.297504,49.209999,26.389999,1.680000,1770369854.247737
0.077348,-0.544120,2.176968,27.299999,7.350000,10.640000,1770369854.255711
0.059048,-0.601704,2.092300,12.180000,-22.260000,6.230000,1770369854.263708
0.094184,-0.595360,2.022516,-5.320000,-56.419998,5.040000,1770369854.271701
0.170800,-0.503372,1.872700,-18.549999,-86.940002,7.630000,1770369854.279705
0.259128,-0.377468,1.637728,-28.840000,-112.209999,2.660000,1770369854.287702
0.349408,-0.260592,1.335656,-37.869999,-133.419998,0.770000,1770369854.295709
0.429440,-0.155672,1.034560,-39.410000,-146.300003,-0.350000,1770369854.303771
0.514352,-0.040504,0.811788,-38.779999,-150.710007,3.010000,1770369854.311712
0.590968,0.088328,0.636352,-34.299999,-141.679993,6.160000,1770369854.319733
0.654164,0.184464,0.517768,-30.730000,-121.099998,18.620001,1770369854.327705
0.686372,0.213744,0.410896,-27.440001,-94.360001,26.950001,1770369854.335728
0.681248,0.219112,0.311100,-26.180000,-63.000000,33.459999,1770369854.343837
0.645136,0.236924,0.216428,-21.770000,-30.240000,35.770000,1770369854.351708
0.559248,0.266204,0.129320,-18.129999,3.640000,36.610001,1770369854.359710
0.453108,0.294264,0.066856,-16.100000,36.889999,37.520000,1770369854.367708
0.339160,0.328668,0.021960,-16.520000,65.870003,32.060001,1770369854.375708
0.240340,0.352092,0.004392,-16.730000,91.769997,28.980000,1770369854.383705
0.145668,0.357216,0.006100,-21.209999,111.720001,20.090000,1770369854.391728
0.071004,0.322080,0.032940,-18.410000,128.449997,16.940001,1770369854.399806
0.025376,0.238632,0.110776,-16.870001,136.710007,8.610000,1770369854.407722
-0.010492,0.137616,0.243268,-4.550000,138.179993,5.810000,1770369854.415717
-0.023912,0.045140,0.413336,15.680000,129.779999,5.390000,1770369854.423737
-0.030988,0.006832,0.697596,36.889999,108.779999,1.540000,1770369854.431752
-0.040016,0.000732,1.109224,54.810001,78.260002,-0.840000,1770369854.439753
-0.046116,0.038796,1.540128,62.299999,49.000000,-2.870000,1770369854.447722
0.014396,0.042700,1.808772,70.559998,24.639999,-9.310000,1770369854.455718
0.173240,-0.046116,1.917352,75.669998,10.430000,-12.320000,1770369854.463832
0.356240,-0.115656,1.956392,76.300003,-1.120000,-6.440000,1770369854.471713
0.476044,-0.160796,2.032520,65.940002,-15.540000,-2.240000,1770369854.479723
0.486048,-0.273768,2.066192,41.299999,-15.050000,4.200000,1770369854.487716
0.499712,-0.434808,2.127680,16.450001,6.090000,4.690000,1770369854.495777
0.495076,-0.564616,2.138904,-2.520000,34.790001,7.840000,1770369854.503713
0.390644,-0.655140,2.037888,-20.299999,63.770000,5.530000,1770369854.511717
0.253272,-0.637328,1.922964,-31.430000,86.309998,-1.540000,1770369854.519984
0.140300,-0.512156,1.785348,-41.160000,97.790001,-6.930000,1770369854.527710
0.017568,-0.356728,1.621136,-49.419998,97.370003,-8.260000,1770369854.535760
-0.096380,-0.203008,1.408612,-57.540001,83.160004,-8.470000,1770369854.543740
-0.197884,-0.080520,1.170712,-60.270000,63.840000,-11.200000,1770369854.551727
-0.264984,0.029280,0.940132,-57.189999,39.270000,-16.240000,1770369854.559718
-0.298656,0.131516,0.748592,-50.750000,15.190000,-17.780001,1770369854.567755
-0.294752,0.215208,0.593164,-43.820000,-4.480000,-26.110001,1770369854.575760
-0.276208,0.276940,0.454816,-35.560001,-20.719999,-30.590000,1770369854.583716
-0.252784,0.335256,0.324032,-24.780001,-30.940001,-33.880001,1770369854.591718
-0.214232,0.383812,0.224480,-13.090000,-36.259998,-33.950001,1770369854.599764
-0.167872,0.421388,0.171776,-8.330000,-40.880001,-31.780001,1770369854.607900
-0.127368,0.440908,0.149572,-2.380000,-42.560001,-29.889999,1770369854.615710
-0.091012,0.437492,0.115168,-2.450000,-43.259998,-22.190001,1770369854.623720
-0.063684,0.425780,0.051728,-1.330000,-44.869999,-17.360001,1770369854.631729
-0.020252,0.388448,0.011468,2.100000,-49.910000,-10.850000,1770369854.639716
0.012932,0.344528,0.060512,9.870000,-51.310001,-5.320000,1770369854.647753
0.041236,0.296460,0.211792,16.450001,-51.099998,5.390000,1770369854.655718
0.054168,0.275232,0.381128,24.709999,-46.480000,11.200000,1770369854.663715
0.052460,0.247172,0.585356,29.820000,-35.700001,18.830000,1770369854.671719
0.058560,0.236192,0.815204,36.750000,-23.730000,19.530001,1770369854.679749
0.045140,0.222040,1.036024,40.320000,-7.560000,19.180000,1770369854.687769
0.043676,0.158356,1.213168,42.279999,9.100000,19.180000,1770369854.695742
0.032940,0.050752,1.381528,40.810001,22.610001,13.650000,1770369854.703716
0.060512,-0.115656,1.608448,39.060001,35.910000,4.900000,1770369854.711722
0.113460,-0.289628,1.894904,45.500000,41.790001,-2.030000,1770369854.719743
0.125416,-0.462380,2.235284,60.270000,43.680000,-5.390000,1770369854.727712
0.013420,-0.524844,2.416088,63.630001,39.060001,-6.230000,1770369854.735715
-0.065636,-0.523136,2.304092,49.630001,20.930000,-5.460000,1770369854.743751
-0.100528,-0.538996,2.119140,30.730000,-12.740000,0.070000,1770369854.751720
-0.075884,-0.547048,2.042768,14.980000,-62.650002,3.640000,1770369854.759853
0.009028,-0.473848,1.995676,-0.420000,-105.769997,5.460000,1770369854.767723
0.132004,-0.331596,1.834392,-14.770000,-140.000000,3.990000,1770369854.775765
0.268644,-0.217648,1.561112,-26.670000,-168.979996,2.100000,1770369854.783723
0.394792,-0.122000,1.240740,-31.639999,-187.039993,-2.520000,1770369854.791707
0.507520,-0.049532,0.979904,-37.169998,-195.720001,-2.310000,1770369854.799722
0.614636,0.058804,0.751032,-39.410000,-189.139999,1.190000,1770369854.807781
0.693692,0.161528,0.589748,-38.220001,-172.619995,10.290000,1770369854.815728
0.752252,0.227652,0.472628,-35.630001,-141.399994,18.620001,1770369854.823731
0.779824,0.236436,0.372344,-34.439999,-103.529999,22.190001,1770369854.831731
0.749812,0.226188,0.251320,-29.260000,-61.110001,27.370001,1770369854.839775
0.681004,0.236192,0.135664,-24.639999,-17.990000,27.930000,1770369854.847712
0.569252,0.254248,0.058804,-20.860001,22.049999,29.889999,1770369854.855741
0.455304,0.284748,0.004880,-18.340000,59.639999,28.420000,1770369854.863807
0.332816,0.305000,-0.028304,-20.790001,89.809998,26.250000,1770369854.871702
0.214720,0.304268,-0.024156,-17.219999,116.199997,18.480000,1770369854.879726
0.118096,0.281820,0.002440,-20.440001,135.800003,14.140000,1770369854.887716
0.058072,0.203008,0.074176,-16.870001,147.139999,7.350000,1770369854.895698
0.023912,0.109556,0.192516,-6.650000,149.589996,-0.700000,1770369854.903728
0.009516,0.041480,0.353068,10.290000,142.309998,-1.050000,1770369854.911703
-0.001464,-0.017812,0.596336,33.740002,126.910004,-1.050000,1770369854.920072
-0.006588,-0.018788,0.988688,47.529999,102.339996,-3.220000,1770369854.927741
-0.006588,0.011224,1.458876,60.200001,69.720001,-8.470000,1770369854.935748
0.028304,0.033184,1.803160,67.199997,39.270000,-9.590000,1770369854.943723
0.149572,-0.006832,1.975180,71.610001,18.620001,-13.650000,1770369854.951722
0.310368,-0.076128,1.962004,69.370003,2.100000,-7.140000,1770369854.959857
0.460672,-0.118584,1.967860,57.049999,-15.050000,2.450000,1770369854.967729
0.502396,-0.222772,1.941996,39.270000,-25.620001,1.960000,1770369854.975716
0.516792,-0.384056,2.002508,15.960000,-12.460000,8.190000,1770369854.983724
0.534116,-0.535336,2.094252,-6.370000,18.830000,3.430000,1770369854.991723
0.479704,-0.658312,2.064240,-18.129999,55.090000,1.960000,1770369854.999786
0.337208,-0.679296,1.939068,-27.510000,89.809998,-4.970000,1770369855.007737
0.189832,-0.580476,1.800720,-34.790001,110.250000,-12.530000,1770369855.015714
0.042700,-0.424804,1.670180,-45.849998,116.550003,-14.280000,1770369855.023738
-0.094916,-0.254980,1.511336,-55.230000,110.110001,-23.170000,1770369855.031760
-0.220576,-0.123464,1.276852,-62.860001,91.279999,-21.490000,1770369855.039764
-0.312808,0.001708,1.018700,-61.810001,65.099998,-29.820000,1770369855.047714
-0.363560,0.100772,0.807884,-55.090000,33.040001,-34.020000,1770369855.055717
-0.372588,0.186660,0.639280,-49.279999,1.890000,-39.480000,1770369855.064031
-0.359168,0.260104,0.504104,-39.619999,-21.840000,-45.570000,1770369855.072257
-0.324520,0.325496,0.382592,-26.879999,-40.320000,-42.419998,1770369855.079794
-0.281820,0.382592,0.264740,-19.110001,-54.529999,-42.279999,1770369855.087725
-0.236924,0.423340,0.195444,-10.430000,-62.299999,-35.070000,1770369855.095722
-0.186172,0.457012,0.174704,-6.860000,-67.970001,-30.870001,1770369855.103726
-0.126392,0.462380,0.151036,-5.320000,-70.769997,-22.610001,1770369855.111735
-0.074908,0.444812,0.074664,-2.240000,-76.230003,-15.400000,1770369855.120002
-0.021716,0.410652,0.007076,0.840000,-80.779999,-13.930000,1770369855.127735
0.028548,0.355752,0.042700,7.840000,-84.629997,-0.070000,1770369855.135729
0.081496,0.311100,0.176168,17.010000,-84.489998,1.400000,1770369855.143718
0.111752,0.259128,0.356240,21.280001,-73.989998,10.430000,1770369855.151704
0.135664,0.217892,0.548756,30.309999,-61.529999,15.470000,1770369855.159721
0.174460,0.204228,0.802272,37.799999,-45.080002,17.010000,1770369855.167719
0.185928,0.193980,1.056764,42.279999,-23.170000,20.299999,1770369855.175725
0.194468,0.147620,1.262456,45.500000,3.990000,18.270000,1770369855.183750
0.202032,0.063928,1.452776,44.310001,30.379999,12.320000,1770369855.191719
0.238388,-0.070516,1.657736,42.419998,53.340000,3.010000,1770369855.199712
0.283528,-0.247660,1.888072,48.369999,64.540001,-4.340000,1770369855.207710
0.278648,-0.398696,2.182336,65.519997,64.470001,-5.950000,1770369855.215711
0.140300,-0.466040,2.316048,63.700001,54.459999,-7.280000,1770369855.223781
0.007808,-0.471408,2.251144,40.740002,35.910000,-3.080000,1770369855.231744
-0.045384,-0.518012,2.110112,17.430000,1.120000,-3.290000,1770369855.239711
-0.031232,-0.592920,2.032276,-5.250000,-43.610001,-4.620000,1770369855.247705
0.053436,-0.577304,1.949072,-21.209999,-90.790001,-2.380000,1770369855.255708
0.179340,-0.466528,1.822436,-30.660000,-126.279999,-2.520000,1770369855.263735
0.321836,-0.315248,1.579656,-37.939999,-151.410004,-5.110000,1770369855.271714
0.444568,-0.230824,1.265140,-40.040001,-171.220001,-3.780000,1770369855.279712
0.542412,-0.135908,0.977952,-43.259998,-178.149994,-3.710000,1770369855.287715
0.634400,0.005612,0.700280,-42.000000,-176.539993,0.770000,1770369855.295714
0.693448,0.132248,0.500444,-40.180000,-154.070007,14.700000,1770369855.303699
0.735904,0.200080,0.368684,-37.380001,-122.290001,21.070000,1770369855.311696
0.733708,0.211304,0.270352,-33.110001,-82.250000,27.299999,1770369855.319719
0.686128,0.204228,0.173240,-30.170000,-38.360001,30.100000,1770369855.327740
0.608048,0.215696,0.086376,-26.740000,3.920000,34.720001,1770369855.335716
0.498248,0.242292,0.020252,-21.559999,42.139999,33.250000,1770369855.343711
0.385032,0.269620,-0.018056,-20.020000,75.110001,32.410000,1770369855.351737
0.275720,0.294996,-0.040748,-18.410000,100.379997,28.700001,1770369855.359712
0.161528,0.319640,-0.034648,-17.920000,120.120003,24.430000,1770369855.367722
0.061488,0.301340,0.005612,-18.760000,136.360001,20.299999,1770369855.375730
0.000488,0.255468,0.087840,-15.540000,146.580002,13.790000,1770369855.383880
-0.035136,0.126636,0.234484,-6.440000,146.509995,5.320000,1770369855.391710
-0.046604,0.019276,0.370880,11.760000,134.190002,3.990000,1770369855.399697
-0.040992,-0.074664,0.582428,32.830002,112.629997,2.660000,1770369855.407705
-0.030744,-0.107360,0.938180,55.160000,80.500000,3.920000,1770369855.415716
-0.014640,-0.097112,1.424716,70.489998,42.209999,-1.190000,1770369855.423873
0.042944,-0.095404,1.769976,81.550003,10.990000,-9.940000,1770369855.431700
0.184464,-0.142496,1.914180,91.000000,-7.210000,-12.950000,1770369855.439733
0.354288,-0.189344,1.905640,92.050003,-21.209999,-12.180000,1770369855.447720
0.502396,-0.230092,1.917596,81.339996,-36.330002,-7.560000,1770369855.455736
0.594628,-0.308172,1.962492,61.740002,-40.110001,-5.740000,1770369855.463719
0.647576,-0.467748,2.080588,35.630001,-18.620001,-1.960000,1770369855.471714
0.671000,-0.631228,2.182824,9.450000,17.080000,-0.700000,1770369855.479712
0.572668,-0.750056,2.107916,-13.020000,61.950001,-3.290000,1770369855.487800
0.422120,-0.755912,1.987136,-24.780001,99.120003,-13.790000,1770369855.495711
0.273036,-0.609268,1.847080,-34.090000,122.989998,-20.719999,1770369855.503715
0.112728,-0.417972,1.716296,-44.310001,131.110001,-23.379999,1770369855.511764
-0.038064,-0.245708,1.539152,-51.520000,121.660004,-26.809999,1770369855.519725
-0.181536,-0.089548,1.282952,-55.369999,102.830002,-27.230000,1770369855.527732
-0.295728,0.033184,1.021384,-52.080002,74.970001,-27.580000,1770369855.535702
-0.367708,0.149816,0.809348,-45.990002,41.580002,-29.049999,1770369855.543717
-0.396988,0.255224,0.657336,-38.849998,11.130000,-33.529999,1770369855.551722
-0.390888,0.344528,0.536556,-29.750000,-17.290001,-39.480000,1770369855.559860
-0.354532,0.422120,0.412848,-24.290001,-37.799999,-43.820000,1770369855.567707
-0.300120,0.481168,0.284992,-16.309999,-52.360001,-43.540001,1770369855.575716
-0.242536,0.514596,0.196176,-9.100000,-61.529999,-42.980000,1770369855.583722
-0.174216,0.520696,0.137616,-3.430000,-67.900002,-32.410000,1770369855.591763
-0.123952,0.503860,0.098088,-3.920000,-70.769997,-27.650000,1770369855.599711
-0.081252,0.481412,0.064416,-7.350000,-71.610001,-19.809999,1770369855.607820
-0.021472,0.447984,0.029768,-3.780000,-74.199997,-14.420000,1770369855.615707
0.021960,0.386740,0.032696,-0.140000,-74.970001,-7.000000,1770369855.623761
0.063928,0.326472,0.120048,5.810000,-72.169998,-1.050000,1770369855.631705
0.096380,0.268156,0.291824,14.770000,-63.840000,4.130000,1770369855.639724
0.129076,0.228628,0.490196,18.620001,-51.450001,15.260000,1770369855.647721
0.162992,0.199592,0.719800,25.620001,-36.889999,14.700000,1770369855.655726
0.181536,0.185440,0.951844,28.070000,-20.090000,20.510000,1770369855.663714
0.163968,0.154940,1.159488,27.860001,-0.630000,20.440001,1770369855.671719
0.158356,0.069540,1.343952,22.889999,21.700001,14.560000,1770369855.679799
0.149328,-0.092476,1.497916,20.230000,40.599998,8.260000,1770369855.687755
0.165432,-0.332816,1.691408,28.490000,53.130001,0.420000,1770369855.695725
0.210816,-0.611952,1.943460,51.590000,59.430000,0.980000,1770369855.703719
0.129564,-0.812520,2.102792,77.349998,59.080002,4.900000,1770369855.711755
-0.010980,-0.843264,2.136952,75.459999,46.619999,3.220000,1770369855.719724
-0.068076,-0.834236,2.114504,58.380001,21.420000,2.590000,1770369855.727735
-0.087108,-0.847900,2.117920,42.419998,-18.480000,0.980000,1770369855.735704
-0.042700,-0.806908,2.126948,24.990000,-62.090000,2.450000,1770369855.743724
0.046604,-0.662216,2.040328,8.960000,-96.599998,1.400000,1770369855.751728
0.164700,-0.462136,1.866844,-6.790000,-126.699997,2.800000,1770369855.759808
0.290604,-0.277672,1.606740,-22.120001,-147.559998,2.940000,1770369855.767709
0.387716,-0.149816,1.302472,-30.870001,-164.639999,2.310000,1770369855.775717
0.474580,-0.010980,0.996008,-35.209999,-174.020004,5.600000,1770369855.783714
0.551196,0.153964,0.749568,-35.070000,-174.089996,19.600000,1770369855.791840
0.589016,0.274500,0.569252,-30.100000,-161.630005,23.030001,1770369855.799717
0.620492,0.327692,0.454572,-28.770000,-138.949997,26.110001,1770369855.807713
0.624884,0.357460,0.348920,-26.459999,-108.080002,27.510000,1770369855.815699
0.590236,0.382104,0.234728,-24.990000,-69.790001,28.629999,1770369855.823914
0.527528,0.406260,0.133956,-23.100000,-34.650002,25.480000,1770369855.831706
0.462380,0.425536,0.059536,-21.350000,0.210000,23.870001,1770369855.839723
0.385032,0.445788,0.013908,-24.990000,28.840000,19.879999,1770369855.847716
0.311100,0.453596,-0.003416,-25.620001,52.709999,18.410000,1770369855.855736
0.237900,0.443592,0.004636,-23.450001,73.080002,20.790001,1770369855.863795
0.168360,0.395280,0.057828,-23.660000,84.489998,13.720000,1770369855.871710
0.122000,0.310368,0.132980,-19.110001,85.820000,9.730000,1770369855.879720
0.116876,0.211060,0.240584,-10.640000,79.589996,1.470000,1770369855.887735
0.130052,0.111020,0.363804,4.130000,64.190002,2.520000,1770369855.895836
0.151280,0.010736,0.529724,24.639999,45.919998,5.810000,1770369855.903720
0.188856,-0.096136,0.813984,45.990002,24.219999,3.080000,1770369855.911706
0.221308,-0.172508,1.176324,60.759998,10.360000,0.980000,1770369855.919720
0.288164,-0.207644,1.559404,69.510002,5.670000,-2.170000,1770369855.927734
0.434076,-0.257664,1.870260,73.360001,-0.910000,-6.580000,1770369855.935766
0.588284,-0.391132,1.937116,74.339996,-14.840000,-5.460000,1770369855.943724
0.731024,-0.593164,1.904176,66.709999,-34.230000,-4.060000,1770369855.951723
0.738100,-0.853024,1.897344,56.630001,-35.910000,-5.180000,1770369855.959809
0.691984,-1.070672,1.902224,42.980000,-6.580000,-18.830000,1770369855.967803
0.772992,-1.065792,1.883192,34.299999,28.910000,-25.969999,1770369855.975716
0.795684,-0.949160,1.854400,23.730000,60.549999,-26.320000,1770369855.983719
0.752252,-0.731268,1.813164,11.200000,84.489998,-28.700001,1770369855.991768
0.645380,-0.459452,1.792912,-3.430000,103.250000,-32.060001,1770369855.999738
0.504836,-0.194956,1.747040,-17.360001,115.150002,-33.320000,1770369856.007721
0.353068,0.056120,1.603080,-26.879999,117.459999,-38.990002,1770369856.015746
0.203984,0.263276,1.369084,-36.189999,110.879997,-44.099998,1770369856.023966
0.055876,0.431880,1.110932,-39.549999,98.699997,-55.509998,1770369856.031706
-0.064660,0.558760,0.876692,-37.169998,85.190002,-64.190002,1770369856.039739
-0.150060,0.616832,0.674660,-35.840000,70.419998,-64.540001,1770369856.047724
-0.215696,0.649284,0.489464,-26.670000,55.509998,-60.060001,1770369856.055714
-0.257664,0.668072,0.361852,-21.000000,43.680000,-51.590000,1770369856.063904
-0.294264,0.693204,0.330376,-14.210000,33.740002,-44.520000,1770369856.071927
-0.325496,0.706868,0.368196,-10.710000,30.590000,-39.480000,1770369856.079749
-0.354776,0.699548,0.405528,-13.650000,34.020000,-35.070000,1770369856.087743
-0.353068,0.663436,0.403088,-16.660000,36.470001,-32.619999,1770369856.095729
-0.333548,0.595360,0.320372,-15.120000,34.369999,-28.139999,1770369856.103720
-0.331596,0.483364,0.210084,-13.860000,29.049999,-20.299999,1770369856.111729
-0.335988,0.394304,0.136152,-9.660000,20.510000,-10.010000,1770369856.119714
-0.353800,0.327448,0.149084,-6.790000,9.030000,6.720000,1770369856.127724
-0.363316,0.269620,0.269620,-5.670000,-5.740000,24.920000,1770369856.135703
-0.361608,0.209352,0.450912,-8.540000,-19.950001,36.049999,1770369856.143716
-0.348676,0.122976,0.639280,-16.450001,-34.299999,47.250000,1770369856.151790
-0.333792,-0.011712,0.802516,-16.730000,-46.410000,47.529999,1770369856.159740
-0.320128,-0.154208,0.959164,-15.260000,-59.150002,49.209999,1770369856.167768
-0.303780,-0.286700,1.133624,-10.990000,-70.839996,43.470001,1770369856.175711
-0.289384,-0.400648,1.290272,-8.330000,-81.830002,43.470001,1770369856.183708
-0.261812,-0.520208,1.454728,-3.220000,-88.269997,45.220001,1770369856.191702
-0.217892,-0.690032,1.662616,22.400000,-89.599998,46.689999,1770369856.199719
-0.135664,-0.781776,1.864892,57.049999,-92.260002,47.950001,1770369856.207757
-0.056608,-0.660752,2.011536,77.489998,-105.279999,41.299999,1770369856.215719
0.008296,-0.431880,1.981768,72.169998,-129.850006,33.110001,1770369856.223724
0.109068,-0.230580,1.857328,53.619999,-162.190002,13.370000,1770369856.231706
0.214720,-0.043676,1.730692,37.029999,-190.960007,0.770000,1770369856.239748
0.332816,0.137616,1.628944,24.709999,-210.070007,-20.790001,1770369856.247739
0.496540,0.257908,1.536224,15.190000,-226.309998,-39.480000,1770369856.255712
0.696132,0.287920,1.423740,5.320000,-241.919998,-44.310001,1770369856.263820
0.872300,0.297680,1.258308,-10.430000,-255.360001,-45.430000,1770369856.271718
0.976000,0.332084,1.003084,-22.400000,-259.209991,-36.680000,1770369856.279778
1.049200,0.364048,0.742736,-29.400000,-250.600006,-36.889999,1770369856.287749
1.098732,0.379420,0.518744,-32.759998,-224.630005,-32.060001,1770369856.295721
1.122400,0.398940,0.346480,-36.540001,-178.080002,-23.870001,1770369856.303709
1.134600,0.403576,0.227896,-39.410000,-124.040001,-18.129999,1770369856.311707
1.119960,0.416752,0.171044,-46.200001,-66.849998,-9.450000,1770369856.319717
1.081896,0.445056,0.157136,-51.380001,-7.840000,-0.840000,1770369856.327835
1.017724,0.432368,0.188612,-57.610001,43.820000,9.170000,1770369856.335703
0.922564,0.397232,0.210084,-57.400002,85.260002,10.640000,1770369856.343714
0.821060,0.358192,0.233264,-56.630001,115.779999,14.420000,1770369856.351700
0.733708,0.290848,0.278160,-53.549999,133.070007,17.150000,1770369856.359723
0.673928,0.187148,0.355020,-46.759998,139.580002,18.620001,1770369856.367704
0.638792,0.064172,0.464332,-34.090000,137.619995,17.080000,1770369856.375699
0.618784,-0.067100,0.579744,-19.110001,134.750000,18.480000,1770369856.383839
0.595848,-0.205448,0.647332,-4.690000,133.839996,22.469999,1770369856.391724
0.559736,-0.357704,0.658556,11.060000,131.740005,24.500000,1770369856.399719
0.537288,-0.542168,0.683932,28.770000,129.289993,27.580000,1770369856.407715
0.535824,-0.677344,0.816912,46.130001,124.320000,35.490002,1770369856.415713
0.550220,-0.786168,1.085068,62.720001,113.190002,34.930000,1770369856.423746
0.589504,-0.857172,1.408368,70.980003,101.989998,26.950001,1770369856.431749
0.662948,-0.853024,1.658712,74.900002,95.129997,29.540001,1770369856.439848
0.682712,-0.778360,1.761924,66.290001,91.349998,32.549999,1770369856.447713
0.647088,-0.636596,1.750456,50.400002,100.239998,39.549999,1770369856.455714
0.496052,-0.519964,1.667008,29.400000,119.910004,36.959999,1770369856.463839
0.233264,-0.422852,1.589416,9.240000,154.770004,21.770000,1770369856.471714
-0.008540,-0.301340,1.490596,-7.560000,198.029999,-5.180000,1770369856.479700
-0.176656,-0.184952,1.387872,-23.870001,226.100006,-26.250000,1770369856.487711
-0.333304,-0.067588,1.304180,-33.529999,234.289993,-51.310001,1770369856.495724
-0.490440,0.036844,1.175348,-36.470001,220.289993,-64.540001,1770369856.503753
-0.624396,0.156892,0.944768,-34.509998,190.610001,-81.059998,1770369856.511747
-0.708332,0.251076,0.662704,-21.840000,144.130005,-86.870003,1770369856.519720
-0.731024,0.379420,0.410164,-7.000000,92.470001,-82.529999,1770369856.527946
-0.711748,0.524600,0.299388,4.340000,44.169998,-70.489998,1770369856.535700
-0.669292,0.690520,0.300364,11.410000,-4.970000,-56.209999,1770369856.543720
-0.614148,0.827892,0.330864,5.460000,-41.020000,-43.750000,1770369856.551724
-0.538996,0.905484,0.338428,0.980000,-64.610001,-34.020000,1770369856.559710
-0.443104,0.930860,0.314028,-4.900000,-78.190002,-25.200001,1770369856.567787
-0.397964,0.909388,0.242780,-7.770000,-81.620003,-20.020000,1770369856.575729
-0.347944,0.880352,0.175192,-5.040000,-80.849998,-14.630000,1770369856.583710
-0.305244,0.808372,0.165188,-1.750000,-82.250000,-14.350000,1770369856.591708
-0.256688,0.758108,0.208376,4.760000,-88.830002,-8.190000,1770369856.599712
-0.205204,0.707600,0.327204,13.580000,-95.550003,-4.340000,1770369856.607712
-0.124684,0.626592,0.556564,15.470000,-102.550003,-1.120000,1770369856.615764
-0.024644,0.523380,0.852048,15.190000,-108.639999,1.680000,1770369856.623703
0.075884,0.399428,1.109712,9.450000,-112.769997,-3.080000,1770369856.631728
0.208620,0.243512,1.351272,2.870000,-109.970001,-9.380000,1770369856.639722
0.331596,0.053436,1.569164,0.980000,-97.089996,-11.970000,1770369856.647716
0.479216,-0.160064,1.862208,8.330000,-70.419998,-18.340000,1770369856.655744
0.634400,-0.400648,2.118652,36.610001,-40.110001,-24.639999,1770369856.663718
0.633912,-0.613416,2.110356,64.610001,-30.520000,-37.380001,1770369856.671713
0.556564,-0.670268,1.986404,64.610001,-42.910000,-45.080002,1770369856.679711
0.581696,-0.675636,1.914912,41.439999,-69.650002,-42.840000,1770369856.687739
0.649772,-0.761280,1.978352,13.440000,-99.330002,-32.270000,1770369856.695804
0.747128,-0.858392,2.023004,-13.790000,-124.389999,-24.639999,1770369856.703748
0.817644,-0.846436,1.905640,-38.009998,-138.949997,-24.219999,1770369856.711721
0.856684,-0.744688,1.645536,-53.200001,-142.240005,-24.639999,1770369856.719715
0.891576,-0.603900,1.372500,-64.820000,-131.389999,-24.080000,1770369856.728066
0.899628,-0.456768,1.162660,-64.610001,-112.349998,-25.129999,1770369856.735839
0.881084,-0.288896,0.964776,-57.820000,-85.260002,-17.990000,1770369856.743753
0.836432,-0.141032,0.802760,-54.599998,-54.529999,-15.890000,1770369856.751720
0.770796,-0.000488,0.654408,-47.880001,-26.180000,-10.150000,1770369856.759791
0.683932,0.115656,0.504592,-45.849998,-1.470000,-4.970000,1770369856.767728
0.582672,0.193980,0.368684,-41.650002,16.940001,0.210000,1770369856.775734
0.490196,0.248148,0.288164,-36.189999,32.200001,2.520000,1770369856.783717
0.415776,0.280600,0.262056,-33.529999,45.009998,7.630000,1770369856.791717
0.352336,0.311832,0.243756,-31.430000,52.430000,9.940000,1770369856.799727
0.285968,0.354288,0.232532,-34.509998,59.009998,12.180000,1770369856.807800
0.235216,0.397232,0.238632,-34.650002,65.029999,15.260000,1770369856.815720
0.205204,0.417240,0.232776,-32.200001,70.910004,16.520000,1770369856.823713
0.171044,0.379420,0.230580,-33.669998,75.879997,16.730000,1770369856.831719
0.149572,0.309148,0.255956,-25.620001,74.760002,11.970000,1770369856.839760
0.135420,0.270108,0.316468,-17.780001,71.889999,5.530000,1770369856.847713
0.142496,0.237656,0.419924,-4.830000,66.080002,-3.010000,1770369856.855714
0.164212,0.193736,0.542412,9.870000,60.410000,-8.330000,1770369856.863777
0.197640,0.129564,0.642940,24.639999,55.090000,-11.480000,1770369856.871701
0.241560,0.039528,0.700524,39.340000,49.139999,-11.830000,1770369856.879720
0.307440,-0.052460,0.857904,51.520000,45.500000,-5.390000,1770369856.887735
0.398208,-0.113704,1.179252,62.369999,39.060001,0.420000,1770369856.895833
0.511424,-0.161284,1.517192,64.540001,27.510000,0.770000,1770369856.903718
0.647088,-0.230824,1.718248,55.930000,15.610000,0.840000,1770369856.911720
0.751276,-0.355508,1.750944,40.180000,8.890000,3.360000,1770369856.919715
0.824476,-0.489464,1.760948,28.139999,17.010000,11.340000,1770369856.927749
0.895236,-0.601216,1.782176,24.850000,36.119999,25.480000,1770369856.935703
0.792512,-0.659288,1.813164,22.959999,67.900002,27.930000,1770369856.943741
0.469944,-0.658556,1.793400,10.290000,121.870003,6.580000,1770369856.951791
0.249856,-0.604144,1.728496,-1.190000,173.880005,-23.170000,1770369856.959713
0.105896,-0.437004,1.646512,-12.110000,207.899994,-45.570000,1770369856.967711
-0.065148,-0.266692,1.548668,-20.440001,221.899994,-60.270000,1770369856.975740
-0.251320,-0.097844,1.351272,-27.719999,213.779999,-74.550003,1770369856.983770
-0.419192,0.018544,1.074088,-32.340000,190.050003,-80.639999,1770369856.991765
-0.543632,0.120536,0.759816,-26.879999,152.669998,-86.099998,1770369856.999732
-0.622444,0.227164,0.516548,-12.250000,108.639999,-81.269997,1770369857.007740
-0.658556,0.351848,0.368440,4.340000,57.889999,-73.639999,1770369857.015722
-0.651724,0.490684,0.306220,16.450001,14.000000,-63.840000,1770369857.023712
-0.619028,0.593164,0.320372,13.440000,-20.719999,-51.799999,1770369857.031725
-0.561688,0.666852,0.319640,7.560000,-45.570000,-43.189999,1770369857.039752
-0.466528,0.673440,0.257664,-2.030000,-63.490002,-38.919998,1770369857.047820
-0.364780,0.639524,0.140788,-4.900000,-79.940002,-32.410000,1770369857.055715
-0.267912,0.596580,0.057340,-0.910000,-93.589996,-27.580000,1770369857.063917
-0.171044,0.561688,0.117364,5.250000,-100.870003,-19.740000,1770369857.071973
-0.096868,0.538752,0.281576,11.760000,-106.959999,-8.260000,1770369857.079767
-0.027572,0.534116,0.526796,16.309999,-110.110001,-2.730000,1770369857.087718
0.036356,0.513132,0.781044,19.530001,-109.550003,3.640000,1770369857.095722
0.108580,0.459452,1.026752,25.059999,-105.419998,5.880000,1770369857.103825
0.163724,0.378688,1.284172,24.290001,-94.779999,8.750000,1770369857.111722
0.215208,0.279624,1.474980,22.400000,-79.940002,5.740000,1770369857.119718
0.281332,0.196908,1.759972,19.740000,-52.990002,-3.290000,1770369857.128088
0.444080,0.025132,2.167452,22.610001,-17.360001,-12.600000,1770369857.135806
0.563152,-0.176900,2.329956,33.950001,7.210000,-20.440001,1770369857.143773
0.489952,-0.262544,2.229428,35.279999,8.330000,-20.790001,1770369857.151910
0.408700,-0.275964,2.054236,16.660000,-8.330000,-22.400000,1770369857.159721
0.384788,-0.318664,1.893928,-4.340000,-32.130001,-16.520000,1770369857.167836
0.392108,-0.403332,1.833904,-21.070000,-59.570000,-9.520000,1770369857.175741
0.438224,-0.491416,1.795108,-34.509998,-86.029999,-2.800000,1770369857.183709
0.488244,-0.524112,1.680428,-47.950001,-102.970001,-1.050000,1770369857.191713
0.532896,-0.513376,1.471076,-54.740002,-112.559998,-1.050000,1770369857.199713
0.557540,-0.469212,1.214144,-59.639999,-113.750000,0.770000,1770369857.207721
0.565592,-0.371612,0.951112,-60.619999,-104.860001,3.780000,1770369857.215778
0.565592,-0.244000,0.720044,-54.040001,-88.690002,10.080000,1770369857.223706
0.550952,-0.122000,0.537776,-48.369999,-60.410000,14.350000,1770369857.231716
0.519232,-0.046848,0.411384,-41.230000,-33.669998,19.320000,1770369857.239720
0.476288,0.000976,0.340624,-35.840000,-7.980000,21.420000,1770369857.247712
0.414312,0.046116,0.284748,-30.450001,19.530001,22.540001,1770369857.255756
0.339160,0.083692,0.215940,-25.200001,41.580002,21.840000,1770369857.263715
0.261812,0.128100,0.147376,-21.840000,57.680000,22.680000,1770369857.271710
0.183488,0.171044,0.119072,-18.900000,70.279999,22.469999,1770369857.279710
0.115412,0.200324,0.148596,-17.150000,80.500000,23.450001,1770369857.287710
0.059292,0.219356,0.196664,-16.100000,83.300003,21.070000,1770369857.295710
0.006588,0.194712,0.254248,-12.460000,80.639999,14.210000,1770369857.303753
-0.031720,0.156892,0.310856,-8.470000,74.269997,2.240000,1770369857.311725
-0.044896,0.136152,0.353312,-0.210000,64.889999,-9.030000,1770369857.319711
-0.035380,0.095404,0.429440,15.960000,51.380001,-19.110001,1770369857.327727
0.016836,0.039040,0.569740,37.310001,33.389999,-18.620001,1770369857.335699
0.087352,-0.019520,0.806664,61.810001,9.100000,-24.639999,1770369857.343701
0.198616,-0.047336,1.148508,84.279999,-18.969999,-23.309999,1770369857.351727
0.330620,-0.027328,1.526220,98.699997,-45.709999,-24.010000,1770369857.359785
0.472872,0.017324,1.800476,98.559998,-59.639999,-21.629999,1770369857.367709
0.642208,0.111264,1.952976,75.250000,-58.660000,-17.990000,1770369857.375732
0.872544,0.108336,1.883680,44.730000,-57.540001,-8.820000,1770369857.383715
1.053348,-0.024400,1.870748,16.170000,-48.580002,5.950000,1770369857.391734
1.166808,-0.255468,1.939800,-0.910000,-15.120000,21.559999,1770369857.399724
1.124352,-0.498736,1.970544,-11.340000,34.160000,31.430000,1770369857.407826
0.895724,-0.632692,1.950292,-15.750000,98.349998,29.889999,1770369857.415792
0.605852,-0.684908,1.857572,-21.770000,158.410004,14.700000,1770369857.423713
0.373808,-0.610732,1.747040,-25.129999,199.289993,0.210000,1770369857.431725
0.132736,-0.435052,1.650660,-29.540001,216.649994,-10.640000,1770369857.439796
-0.119560,-0.207400,1.515484,-36.400002,214.899994,-14.630000,1770369857.447715
-0.341112,0.010736,1.272460,-40.599998,191.800003,-20.860001,1770369857.455711
-0.523136,0.148596,0.992104,-38.990002,152.600006,-24.430000,1770369857.463806
-0.645868,0.237168,0.757620,-38.849998,102.129997,-28.629999,1770369857.471748
-0.690764,0.279380,0.576572,-33.110001,51.939999,-33.180000,1770369857.479716
-0.668560,0.288896,0.438468,-24.780001,6.580000,-35.139999,1770369857.487715
-0.594140,0.291336,0.314516,-16.730000,-27.370001,-41.650002,1770369857.495721
-0.503860,0.294264,0.233752,-7.350000,-53.200001,-38.709999,1770369857.503869
-0.410896,0.301096,0.177632,-4.970000,-69.860001,-39.340000,1770369857.511713
-0.315980,0.303536,0.118096,-4.550000,-81.480003,-36.119999,1770369857.519720
-0.229360,0.302560,0.049044,-4.200000,-89.949997,-32.270000,1770369857.527716
-0.137616,0.277916,-0.012200,-2.240000,-96.669998,-27.860001,1770369857.535717
-0.048556,0.235216,-0.011956,7.350000,-103.459999,-18.340000,1770369857.543722
0.024156,0.194956,0.102724,19.530001,-104.230003,-11.340000,1770369857.551756
0.072224,0.183732,0.321592,33.529999,-103.320000,-3.850000,1770369857.559729
0.111996,0.211548,0.612196,42.279999,-95.199997,-0.140000,1770369857.567827
0.151280,0.235460,0.881084,45.430000,-84.699997,6.230000,1770369857.575746
0.175924,0.232532,1.076040,47.599998,-69.720001,11.620000,1770369857.583713
0.214232,0.162260,1.253184,45.290001,-50.750000,17.500000,1770369857.591720
0.257664,0.071248,1.445212,43.330002,-25.900000,18.410000,1770369857.599715
0.319884,-0.048556,1.673840,49.279999,0.700000,10.990000,1770369857.607817
0.376004,-0.132004,1.961272,64.470001,19.320000,-0.910000,1770369857.615720
0.364292,-0.112972,2.157204,60.619999,25.410000,-2.170000,1770369857.623700
0.256200,-0.159820,2.033496,30.870001,11.900000,-1.400000,1770369857.631734
0.176412,-0.269376,1.927356,4.830000,-10.850000,5.880000,1770369857.639722
0.193004,-0.391864,1.938092,-18.129999,-38.220001,11.200000,1770369857.647717
0.245220,-0.483364,1.960540,-33.320000,-62.790001,13.440000,1770369857.655726
0.323300,-0.516304,1.873920,-40.389999,-86.589996,12.670000,1770369857.663723
0.403576,-0.452620,1.658468,-49.840000,-107.870003,9.310000,1770369857.671723
0.451888,-0.370392,1.357128,-52.849998,-121.169998,14.560000,1770369857.679716
0.484340,-0.257420,1.063596,-55.720001,-124.599998,14.770000,1770369857.687732
0.496540,-0.113216,0.803004,-47.250000,-112.910004,19.530001,1770369857.695721
0.516304,0.007808,0.611708,-37.380001,-91.839996,24.780001,1770369857.703712
0.523136,0.071492,0.484584,-28.559999,-61.459999,29.190001,1770369857.711717
0.505324,0.102480,0.385032,-19.250000,-33.180000,33.669998,1770369857.719726
0.462624,0.128100,0.301340,-14.560000,-7.280000,33.250000,1770369857.727835
0.394792,0.154696,0.235948,-7.560000,14.840000,34.580002,1770369857.735722
0.313540,0.181536,0.182512,-1.680000,34.509998,34.160000,1770369857.743729
0.241072,0.202276,0.141520,0.980000,50.540001,32.340000,1770369857.751753
0.164944,0.207644,0.122244,1.470000,61.669998,29.190001,1770369857.759746
0.100772,0.213744,0.112728,-1.190000,70.000000,26.459999,1770369857.767794
0.044652,0.216916,0.130296,-0.770000,74.830002,24.150000,1770369857.775732
0.018544,0.169092,0.185440,1.330000,78.470001,20.510000,1770369857.783744
0.022448,0.102236,0.284504,10.430000,73.989998,11.130000,1770369857.791716
0.042700,0.040992,0.435296,21.280001,63.349998,7.350000,1770369857.799743
0.096136,0.011956,0.640744,37.939999,49.490002,0.560000,1770369857.807755
0.155916,0.010248,0.957212,55.860001,31.500000,-3.080000,1770369857.815714
0.231312,0.014884,1.355664,70.209999,11.200000,-4.620000,1770369857.823714
0.335256,0.048312,1.719956,77.139999,-7.560000,-10.710000,1770369857.831837
0.463844,0.116144,1.936628,75.809998,-14.630000,-9.590000,1770369857.839717
0.604144,0.117608,1.950536,55.509998,-17.150000,-2.940000,1770369857.847702
0.779336,0.020984,1.789008,35.070000,-26.459999,9.520000,1770369857.855701
0.893528,-0.085644,1.746308,21.280001,-35.209999,16.940001,1770369857.863716
0.963556,-0.241560,1.860744,7.560000,-21.139999,21.209999,1770369857.871713
0.960140,-0.397720,1.988600,-2.030000,15.890000,20.230000,1770369857.879788
0.818376,-0.503616,2.032032,-12.530000,67.550003,17.360001,1770369857.887716
0.608292,-0.555100,1.923452,-20.790001,117.879997,6.160000,1770369857.895714
0.391376,-0.544608,1.778760,-26.740000,149.940002,-0.490000,1770369857.903798
0.161040,-0.450424,1.631872,-35.209999,166.880005,-6.860000,1770369857.911720
-0.047580,-0.291092,1.442772,-38.990002,168.070007,-11.410000,1770369857.919718
-0.227164,-0.157624,1.197796,-44.310001,154.910004,-17.150000,1770369857.927717
-0.370636,-0.067100,0.931348,-45.500000,132.509995,-24.500000,1770369857.935723
-0.457744,0.054900,0.720044,-41.930000,97.230003,-31.290001,1770369857.943732
-0.509472,0.142008,0.587064,-34.299999,63.560001,-37.310001,1770369857.951704
-0.518256,0.211548,0.495320,-25.200001,31.080000,-41.650002,1770369857.959724
-0.487024,0.276208,0.397964,-19.180000,4.270000,-41.369999,1770369857.967732
-0.429928,0.309880,0.283284,-10.430000,-19.180000,-39.130001,1770369857.975847
-0.369904,0.318908,0.201544,-3.780000,-38.220001,-35.000000,1770369857.983729
-0.299876,0.344284,0.148596,-0.070000,-54.669998,-31.639999,1770369857.991714
-0.225456,0.361608,0.102480,-0.420000,-67.970001,-26.879999,1770369857.999715
-0.145424,0.370636,0.028060,-4.200000,-80.360001,-22.540001,1770369858.007719
-0.076860,0.363072,-0.038308,-2.660000,-92.260002,-11.760000,1770369858.015879
-0.012200,0.347212,-0.013176,3.500000,-100.730003,-5.320000,1770369858.023710
0.044652,0.329644,0.117364,7.770000,-101.779999,0.840000,1770369858.031734
0.094428,0.302072,0.319152,16.240000,-98.209999,8.470000,1770369858.039724
0.152988,0.288408,0.597312,24.639999,-87.010002,10.080000,1770369858.047735
0.204960,0.293044,0.872056,37.590000,-74.620003,14.420000,1770369858.055721
0.231312,0.296704,1.095072,45.500000,-59.360001,14.000000,1770369858.064037
0.247416,0.246440,1.288808,48.930000,-36.119999,16.030001,1770369858.071887
0.257176,0.151524,1.436916,43.959999,-3.290000,12.670000,1770369858.079747
0.338672,0.036844,1.697508,44.099998,36.259998,1.960000,1770369858.087726
0.445300,-0.127368,2.148908,58.450001,69.300003,-3.150000,1770369858.095730
0.410164,-0.245464,2.372168,63.980000,81.480003,-9.800000,1770369858.103758
0.236924,-0.315492,2.304580,49.490002,70.000000,-5.320000,1770369858.111732
0.109312,-0.402600,2.103768,28.770000,40.320000,0.630000,1770369858.119702
0.050264,-0.519964,2.009828,9.870000,2.240000,5.460000,1770369858.127704
0.044164,-0.600728,2.024956,-4.690000,-41.790001,11.970000,1770369858.135715
0.096868,-0.549488,1.951268,-16.520000,-82.599998,8.820000,1770369858.143723
0.183000,-0.431392,1.742648,-32.549999,-114.449997,9.310000,1770369858.151723
0.274988,-0.330376,1.441064,-41.369999,-138.949997,7.630000,1770369858.159693
0.355508,-0.226676,1.116788,-46.759998,-150.779999,6.370000,1770369858.167722
0.435296,-0.118096,0.883280,-48.299999,-151.130005,6.720000,1770369858.175740
0.507520,0.009516,0.665388,-42.980000,-140.559998,10.640000,1770369858.183770
0.553148,0.092964,0.518744,-36.959999,-116.199997,20.230000,1770369858.191723
0.577548,0.135420,0.406504,-33.180000,-87.150002,24.360001,1770369858.199709
0.566324,0.156892,0.314516,-30.660000,-53.130001,24.430000,1770369858.207703
0.520940,0.168360,0.209352,-23.660000,-20.299999,27.160000,1770369858.215718
0.458476,0.177144,0.119072,-16.379999,11.550000,23.240000,1770369858.223744
0.378688,0.187880,0.065636,-13.300000,42.700001,23.030001,1770369858.231960
0.303292,0.193248,0.045872,-8.260000,65.870003,22.260000,1770369858.239721
0.225456,0.206912,0.042212,-7.070000,84.209999,19.389999,1770369858.247742
0.145180,0.219844,0.054656,-5.320000,97.790001,17.150000,1770369858.255818
0.092476,0.199836,0.095892,-2.030000,109.550003,16.240000,1770369858.263699
0.065636,0.134444,0.185684,2.100000,111.860001,7.630000,1770369858.271703
0.065880,0.066856,0.326472,14.140000,103.459999,2.100000,1770369858.279717
0.069052,0.021228,0.501664,30.309999,90.160004,-4.550000,1770369858.287712
0.107848,0.019520,0.808128,50.400002,67.339996,-7.350000,1770369858.295750
0.158356,0.047824,1.259528,63.419998,43.610001,-9.380000,1770369858.303716
0.231556,0.104676,1.719956,71.470001,24.500000,-14.070000,1770369858.311717
0.350628,0.138836,2.011048,77.629997,15.680000,-16.870001,1770369858.319715
0.470676,0.184220,2.081320,66.360001,12.880000,-18.690001,1770369858.327710
0.615856,0.150792,1.928576,43.820000,3.080000,-3.920000,1770369858.335716
0.729804,0.039528,1.787300,20.299999,-13.160000,2.310000,1770369858.343727
0.789340,-0.103212,1.817800,2.240000,-15.960000,6.720000,1770369858.351715
0.826916,-0.282796,1.969324,-10.850000,5.180000,10.220000,1770369858.359700
0.780800,-0.422364,2.056432,-19.530001,48.020000,11.900000,1770369858.367699
0.644648,-0.504348,1.994700,-28.490000,94.290001,11.410000,1770369858.375698
0.443348,-0.536556,1.855376,-35.000000,130.619995,2.310000,1770369858.383725
0.230824,-0.488732,1.699216,-43.470001,152.460007,-3.500000,1770369858.391771
0.009516,-0.374052,1.518168,-50.259998,162.470001,-10.150000,1770369858.399721
-0.189832,-0.219112,1.282952,-56.490002,160.229996,-16.450001,1770369858.407710
-0.354776,-0.070760,1.022116,-56.770000,145.460007,-21.700001,1770369858.415854
-0.476776,0.056852,0.790560,-54.529999,118.300003,-29.400000,1770369858.423743
-0.554368,0.151036,0.638304,-47.389999,85.680000,-35.000000,1770369858.431713
-0.586576,0.204472,0.519720,-41.720001,53.759998,-41.369999,1770369858.440032
-0.578768,0.240096,0.396012,-33.389999,21.980000,-42.419998,1770369858.447827
-0.533384,0.263520,0.271572,-25.410000,-3.570000,-44.240002,1770369858.455716
-0.469456,0.287432,0.180072,-15.330000,-28.350000,-44.169998,1770369858.463699
-0.387472,0.318664,0.121756,-14.350000,-48.650002,-43.610001,1770369858.471724
-0.307684,0.332572,0.095648,-11.760000,-66.779999,-37.660000,1770369858.479740
-0.223992,0.329888,0.049776,-17.150000,-81.620003,-34.160000,1770369858.487801
-0.129808,0.313052,-0.005124,-12.530000,-94.570000,-29.400000,1770369858.495744
-0.037332,0.265472,-0.007320,-3.990000,-106.540001,-16.100000,1770369858.503722
0.030012,0.210084,0.119316,7.840000,-112.349998,-9.590000,1770369858.511721
0.082228,0.173484,0.337208,26.530001,-113.750000,-0.910000,1770369858.519779
0.118096,0.167628,0.594628,39.060001,-105.769997,3.220000,1770369858.527714
0.148596,0.175436,0.849852,51.099998,-91.910004,7.420000,1770369858.535720
0.153720,0.163724,1.055788,52.919998,-72.309998,7.070000,1770369858.543833
0.155184,0.085156,1.207556,52.779999,-45.150002,10.290000,1770369858.551714
0.156648,-0.041480,1.341512,54.599998,-15.190000,6.510000,1770369858.559712
0.181292,-0.216672,1.550864,68.180000,18.340000,-2.170000,1770369858.567718
0.199836,-0.340868,1.890512,92.120003,44.799999,-13.300000,1770369858.575748
0.180316,-0.279624,2.204052,96.459999,51.799999,-20.930000,1770369858.583723
0.068076,-0.248880,2.289208,57.470001,39.480000,-16.799999,1770369858.591830
-0.022204,-0.369660,2.089128,23.870001,7.000000,-13.510000,1770369858.599724
-0.027572,-0.541192,1.969568,2.590000,-35.000000,-9.660000,1770369858.607726
0.046604,-0.634400,1.978352,-10.360000,-79.029999,-4.060000,1770369858.615723
0.174216,-0.579988,1.943216,-17.430000,-123.059998,-2.380000,1770369858.623772
0.310612,-0.437736,1.768024,-27.719999,-155.610001,0.210000,1770369858.632070
0.422608,-0.307440,1.476932,-35.770000,-180.179993,1.330000,1770369858.639830
0.507764,-0.183488,1.154120,-38.849998,-192.990005,0.980000,1770369858.647749
0.587308,-0.037088,0.878156,-37.730000,-191.029999,6.510000,1770369858.655779
0.643672,0.108824,0.661728,-31.080000,-171.850006,14.140000,1770369858.663715
0.698084,0.203740,0.497516,-28.420000,-136.919998,23.940001,1770369858.671728
0.711992,0.231800,0.384544,-25.410000,-101.989998,26.600000,1770369858.679835
0.696376,0.233264,0.295240,-25.059999,-66.080002,25.129999,1770369858.687711
0.643916,0.235704,0.214720,-20.650000,-27.160000,28.559999,1770369858.695715
0.567788,0.248880,0.132004,-15.750000,9.450000,22.540001,1770369858.703749
0.474824,0.256200,0.076860,-10.290000,45.220001,20.020000,1770369858.711729
0.372100,0.257176,0.052216,-5.880000,75.040001,17.080000,1770369858.719724
0.276452,0.274500,0.037088,-4.900000,100.099998,12.530000,1770369858.727719
0.188124,0.276696,0.038308,-5.670000,119.000000,8.610000,1770369858.735744
0.111264,0.245952,0.074176,-1.330000,133.070007,4.340000,1770369858.743724
0.076616,0.175924,0.149328,3.080000,139.160004,-4.970000,1770369858.751720
0.049776,0.094428,0.279136,13.090000,131.389999,-13.510000,1770369858.759799
0.051972,0.071004,0.447008,32.619999,114.730003,-17.360001,1770369858.767746
0.070760,0.095160,0.802272,54.950001,90.370003,-20.160000,1770369858.775715
0.083936,0.150304,1.266604,68.599998,63.700001,-20.230000,1770369858.783716
0.104432,0.220088,1.706048,70.139999,40.599998,-21.280001,1770369858.791759
0.198372,0.250344,2.010804,67.269997,24.080000,-26.180000,1770369858.799755
0.343064,0.244732,2.118896,56.490002,12.880000,-22.400000,1770369858.807718
0.500200,0.177388,1.983232,31.780001,-3.570000,-11.830000,1770369858.815812
0.574132,0.030500,1.857328,16.100000,-19.180000,-1.470000,1770369858.823754
0.612440,-0.135908,1.920280,2.310000,-18.620001,3.220000,1770369858.831720
0.651724,-0.329644,2.060824,-1.540000,0.420000,6.160000,1770369858.839737
0.627324,-0.498248,2.125972,-10.780000,37.029999,9.100000,1770369858.847816
0.508496,-0.598288,2.038132,-17.570000,69.860001,7.840000,1770369858.855741
0.328180,-0.621956,1.905152,-25.969999,93.940002,0.770000,1770369858.863715
0.153964,-0.535824,1.732156,-35.419998,107.449997,-8.190000,1770369858.871707
-0.011224,-0.364780,1.515972,-43.959999,109.550003,-10.010000,1770369858.879721
-0.168360,-0.190320,1.272460,-53.270000,100.940002,-16.870001,1770369858.887802
-0.269620,-0.012688,1.001620,-54.880001,82.110001,-23.520000,1770369858.895723
-0.344284,0.090524,0.791780,-51.380001,61.459999,-32.060001,1770369858.903713
-0.386008,0.142252,0.643428,-48.860001,38.500000,-39.549999,1770369858.911721
-0.409432,0.172752,0.507032,-41.860001,15.960000,-44.869999,1770369858.919900
-0.392840,0.219844,0.373076,-33.529999,-2.100000,-51.730000,1770369858.927717
-0.354288,0.256932,0.253272,-23.309999,-15.260000,-52.290001,1770369858.935736
-0.305000,0.291824,0.138348,-12.810000,-29.049999,-49.139999,1770369858.943744
-0.252784,0.316224,0.074176,-9.240000,-40.810001,-45.990002,1770369858.951724
-0.187392,0.344284,0.054656,-7.560000,-51.310001,-45.009998,1770369858.959718
-0.114192,0.355752,0.033672,-12.460000,-61.459999,-40.389999,1770369858.967725
-0.040016,0.341844,0.002928,-11.340000,-71.959999,-32.830002,1770369858.975703
0.030256,0.312076,0.032208,-5.110000,-78.820000,-24.639999,1770369858.983719
0.083204,0.278404,0.179096,4.410000,-82.809998,-16.660000,1770369858.991747
0.130784,0.254736,0.390644,18.200001,-83.019997,-9.800000,1770369858.999834
0.176656,0.243756,0.663436,30.309999,-77.839996,-4.760000,1770369859.007744
0.219600,0.250832,0.915732,42.419998,-69.860001,-0.490000,1770369859.015739
0.248636,0.248392,1.124108,48.720001,-56.070000,4.270000,1770369859.023917
0.257908,0.179828,1.292224,46.200001,-36.259998,6.020000,1770369859.031739
0.296948,0.060024,1.439600,45.500000,-4.900000,4.830000,1770369859.039820
0.384788,-0.078568,1.671644,50.820000,27.440001,-3.990000,1770369859.047754
0.467504,-0.198372,2.063996,70.139999,55.230000,-13.860000,1770369859.055723
0.446520,-0.210816,2.250168,69.160004,61.110001,-15.330000,1770369859.063934
0.291092,-0.248148,2.237724,43.400002,49.490002,-11.480000,1770369859.071814
0.184952,-0.336232,2.108404,15.960000,27.299999,-8.470000,1770369859.079748
0.142740,-0.435052,2.004704,-2.590000,-3.430000,-5.670000,1770369859.087821
0.141032,-0.512400,1.955660,-14.980000,-36.680000,-4.550000,1770369859.095751
0.180316,-0.474824,1.837808,-23.240000,-72.730003,-7.000000,1770369859.103698
0.254492,-0.359656,1.635044,-35.630001,-104.650002,-6.650000,1770369859.111727
0.327448,-0.247172,1.352492,-41.650002,-128.380005,-7.420000,1770369859.119763
0.389180,-0.147376,1.080676,-45.779999,-140.699997,-8.470000,1770369859.127725
0.457256,-0.045384,0.867420,-45.220001,-141.610001,-4.410000,1770369859.135849
0.521184,0.068808,0.649772,-39.060001,-130.479996,-0.910000,1770369859.143748
0.570716,0.140544,0.514108,-33.669998,-109.269997,9.310000,1770369859.151721
0.605364,0.189832,0.416264,-28.770000,-83.019997,11.340000,1770369859.159714
0.594872,0.221552,0.309392,-27.299999,-52.009998,14.700000,1770369859.167734
0.556076,0.237656,0.208132,-23.100000,-18.830000,11.760000,1770369859.175722
0.487512,0.244244,0.123464,-20.580000,16.309999,10.850000,1770369859.183711
0.400892,0.251076,0.074176,-18.480000,49.139999,10.570000,1770369859.191710
0.301096,0.259860,0.052216,-15.960000,78.260002,9.310000,1770369859.199705
0.205692,0.266448,0.045628,-15.330000,101.919998,5.600000,1770369859.207713
0.124684,0.252540,0.059048,-14.770000,119.629997,2.660000,1770369859.215783
0.064172,0.201056,0.112240,-9.520000,126.209999,-3.080000,1770369859.223724
0.031720,0.131028,0.210572,-2.870000,123.550003,-10.920000,1770369859.231721
0.017324,0.071980,0.366976,15.190000,109.550003,-18.200001,1770369859.239748
0.023912,0.034648,0.581940,33.740002,91.279999,-21.840000,1770369859.247711
0.056364,0.029036,0.942084,51.450001,62.790001,-24.080000,1770369859.255709
0.121512,0.032696,1.377868,64.400002,29.540001,-24.780001,1770369859.263710
0.201056,0.052704,1.730692,75.250000,5.670000,-24.290001,1770369859.271713
0.336720,0.073932,1.972008,82.389999,-7.280000,-25.900000,1770369859.279778
0.471164,0.102236,2.031056,68.040001,-7.630000,-19.389999,1770369859.287710
0.635620,0.082228,1.946144,43.049999,-14.980000,-12.950000,1770369859.295710
0.734440,-0.029524,1.914180,19.879999,-18.830000,-2.730000,1770369859.303706
0.771284,-0.232776,2.013000,1.400000,-3.290000,5.600000,1770369859.311696
0.751032,-0.430172,2.126216,-9.800000,30.940001,10.290000,1770369859.319713
0.629520,-0.546804,2.106452,-18.969999,70.769997,9.870000,1770369859.327745
0.424316,-0.598776,1.965176,-26.740000,106.120003,3.920000,1770369859.335798
0.216184,-0.548512,1.781932,-38.779999,128.520004,-7.350000,1770369859.343716
0.018300,-0.403088,1.592588,-44.520000,136.429993,-14.210000,1770369859.351710
-0.165676,-0.217892,1.375184,-51.869999,128.100006,-17.639999,1770369859.359710
-0.312076,-0.039284,1.102636,-51.730000,107.870003,-28.139999,1770369859.367785
-0.418460,0.112972,0.863516,-45.990002,76.650002,-35.700001,1770369859.375707
-0.466040,0.200080,0.708820,-40.180000,41.160000,-44.450001,1770369859.383703
-0.467260,0.228872,0.590236,-33.880001,11.760000,-47.250000,1770369859.391720
-0.432368,0.240828,0.460916,-25.830000,-11.970000,-50.049999,1770369859.399721
-0.376492,0.256444,0.311344,-17.990000,-32.060001,-49.490002,1770369859.407713
-0.309880,0.294996,0.185928,-12.460000,-46.689999,-49.630001,1770369859.415729
-0.235460,0.326960,0.111752,-9.660000,-58.450001,-45.009998,1770369859.423771
-0.159576,0.360144,0.079300,-11.410000,-66.290001,-40.320000,1770369859.431720
-0.084668,0.366976,0.059536,-12.110000,-72.309998,-35.419998,1770369859.439903
-0.011956,0.334036,0.035624,-13.300000,-76.510002,-29.820000,1770369859.447725
0.052460,0.290604,0.031476,-7.910000,-78.959999,-23.450001,1770369859.455720
0.108092,0.235704,0.130052,8.820000,-79.589996,-11.200000,1770369859.463716
0.149084,0.193736,0.335500,24.430000,-76.160004,-8.820000,1770369859.471735
0.186172,0.187148,0.588040,43.959999,-68.949997,-1.960000,1770369859.479812
0.223748,0.208132,0.851804,51.939999,-57.119999,0.490000,1770369859.487721
0.240584,0.207888,1.071160,54.040001,-41.580002,1.120000,1770369859.495715
0.247904,0.157380,1.230248,54.250000,-20.090000,8.820000,1770369859.503711
0.259616,0.040016,1.400560,49.490002,5.810000,1.750000,1770369859.511742
0.292312,-0.101992,1.596248,53.970001,35.139999,-4.270000,1770369859.519733
0.312320,-0.201056,1.870260,70.629997,59.849998,-20.510000,1770369859.527834
0.262300,-0.177388,2.133780,69.019997,70.629997,-22.260000,1770369859.535762
0.101748,-0.221064,2.175016,37.380001,60.549999,-23.730000,1770369859.543770
0.001220,-0.365024,2.033252,9.730000,32.619999,-24.430000,1770369859.551717
-0.011468,-0.531432,1.961516,-0.770000,-4.970000,-14.280000,1770369859.559737
0.033672,-0.647820,2.005192,-12.670000,-49.419998,-14.070000,1770369859.567766
0.136884,-0.587308,1.972740,-19.950001,-94.639999,-6.440000,1770369859.575753
0.243268,-0.424316,1.776320,-27.860001,-130.690002,-3.990000,1770369859.583716
0.321592,-0.260836,1.475712,-37.590000,-156.660004,0.980000,1770369859.591775
0.389180,-0.122000,1.166564,-42.000000,-166.529999,4.620000,1770369859.599733
0.457012,0.038552,0.898652,-42.139999,-162.539993,3.780000,1770369859.607713
0.528260,0.187148,0.651480,-38.500000,-145.880005,15.120000,1770369859.615710
0.574620,0.250100,0.506300,-33.740002,-119.980003,22.889999,1770369859.623702
0.589992,0.278892,0.387472,-32.970001,-88.269997,28.420000,1770369859.631728
0.562420,0.295728,0.294264,-28.629999,-55.650002,28.280001,1770369859.639738
0.515572,0.310124,0.213012,-25.690001,-22.610001,25.969999,1770369859.647720
0.446764,0.323788,0.145180,-19.879999,12.110000,25.830000,1770369859.655716
0.365512,0.322080,0.120780,-15.890000,41.160000,21.350000,1770369859.663760
0.287432,0.322080,0.104920,-15.400000,63.349998,17.639999,1770369859.671740
0.198616,0.311344,0.090280,-13.020000,81.830002,15.120000,1770369859.679716
0.132004,0.275964,0.096868,-12.880000,94.360001,9.170000,1770369859.687715
0.093452,0.198860,0.156892,-6.230000,97.370003,4.270000,1770369859.695714
0.085400,0.120780,0.250100,5.110000,90.160004,-5.740000,1770369859.703760
0.099552,0.071492,0.389180,20.650000,79.169998,-10.150000,1770369859.711745
0.130052,0.040016,0.606828,42.139999,63.000000,-14.490000,1770369859.719718
0.190564,0.064416,0.963800,56.910000,42.910000,-15.330000,1770369859.727728
0.265960,0.082716,1.372012,65.379997,25.200001,-18.900000,1770369859.736001
0.370880,0.101504,1.744844,69.720001,15.120000,-22.400000,1770369859.743727
0.507276,0.119560,1.980792,65.800003,15.960000,-22.049999,1770369859.751725
0.643428,0.076372,1.973716,43.189999,17.850000,-18.270000,1770369859.759718
0.752740,-0.007076,1.855864,20.719999,14.630000,-7.700000,1770369859.767812
0.777872,-0.164212,1.861720,4.830000,14.910000,0.980000,1770369859.775736
0.778604,-0.358680,1.958588,0.070000,30.590000,3.360000,1770369859.783709
0.706868,-0.540948,2.034716,-6.440000,61.320000,6.790000,1770369859.791714
0.528016,-0.670512,2.035692,-9.870000,98.000000,5.600000,1770369859.799728
0.335988,-0.709552,1.942728,-19.320000,127.680000,-3.850000,1770369859.807880
0.155184,-0.651968,1.811212,-27.299999,145.039993,-5.880000,1770369859.815737
-0.030988,-0.498004,1.633824,-32.689999,145.389999,-9.730000,1770369859.823714
-0.208864,-0.282308,1.411540,-38.290001,136.710007,-13.860000,1770369859.831717
-0.358436,-0.111508,1.181448,-40.529999,114.870003,-17.219999,1770369859.839842
-0.456280,0.041968,0.961116,-42.840000,87.709999,-25.340000,1770369859.847712
-0.519964,0.124440,0.785192,-42.980000,56.490002,-33.389999,1770369859.855718
-0.550464,0.202764,0.637084,-42.279999,24.990000,-40.529999,1770369859.863769
-0.529236,0.271572,0.523624,-35.490002,-0.770000,-43.330002,1770369859.871709
-0.479460,0.326472,0.401136,-30.309999,-21.350000,-41.580002,1770369859.879722
-0.421876,0.355264,0.282308,-22.750000,-38.500000,-42.980000,1770369859.887711
-0.351604,0.388204,0.181292,-19.530001,-52.570000,-38.639999,1770369859.895703
-0.290116,0.400404,0.116632,-15.680000,-63.840000,-36.189999,1770369859.903716
-0.219356,0.404308,0.072712,-20.230000,-75.739998,-31.290001,1770369859.911724
-0.130296,0.394304,0.006832,-18.410000,-88.480003,-25.620001,1770369859.919825
-0.046848,0.354776,-0.043676,-15.960000,-98.910004,-19.389999,1770369859.927721
0.022204,0.285968,0.005368,-4.550000,-107.870003,-10.150000,1770369859.935737
0.074664,0.226188,0.179828,9.100000,-113.400002,0.560000,1770369859.944201
0.124684,0.207400,0.402356,27.440001,-110.459999,2.240000,1770369859.951751
0.191052,0.227164,0.696376,42.980000,-104.089996,6.510000,1770369859.959748
0.245708,0.264008,0.952820,49.630001,-93.660004,10.220000,1770369859.967711
0.259860,0.251808,1.144360,51.520000,-76.089996,13.020000,1770369859.975713
0.277184,0.183976,1.298324,47.180000,-47.459999,11.130000,1770369859.983746
0.332816,0.062220,1.506212,42.560001,-6.020000,4.550000,1770369859.991753
0.423828,-0.066368,1.811456,47.180000,33.950001,-8.540000,1770369859.999851
0.464576,-0.191784,2.184044,58.310001,64.750000,-16.730000,1770369860.007722
0.369660,-0.272304,2.265784,46.549999,73.010002,-19.459999,1770369860.015705
0.231312,-0.382348,2.168428,24.290001,56.209999,-14.280000,1770369860.023713
0.150792,-0.511424,2.019832,3.360000,25.549999,-4.760000,1770369860.031725
0.116144,-0.652456,1.960052,-9.030000,-17.290001,5.250000,1770369860.039832
0.140788,-0.707600,1.934676,-22.540001,-57.750000,6.720000,1770369860.047736
0.218624,-0.617808,1.827804,-33.320000,-93.589996,10.990000,1770369860.055718
0.295484,-0.473116,1.591612,-45.430000,-119.769997,13.580000,1770369860.064094
0.351116,-0.344284,1.255868,-48.509998,-131.880005,15.890000,1770369860.071886
0.387228,-0.213012,0.964044,-48.020000,-134.399994,16.379999,1770369860.079846
0.438468,-0.064416,0.726388,-44.939999,-127.400002,22.190001,1770369860.087721
0.470432,0.055388,0.549000,-38.849998,-109.970001,32.549999,1770369860.095721
0.492148,0.123464,0.444568,-32.410000,-85.820000,36.119999,1770369860.103717
0.497516,0.164456,0.358680,-28.209999,-57.189999,38.150002,1770369860.111758
0.473848,0.204228,0.273036,-24.080000,-28.910000,37.660000,1770369860.119888
0.419924,0.238388,0.193492,-20.020000,-0.210000,34.790001,1770369860.127712
0.338672,0.273524,0.119560,-19.530001,26.950001,30.799999,1770369860.135724
0.255468,0.290116,0.071736,-17.639999,50.820000,30.450001,1770369860.143720
0.182512,0.302316,0.044408,-20.020000,68.879997,22.260000,1770369860.151768
0.104920,0.292556,0.035624,-19.180000,82.040001,23.100000,1770369860.159846
0.050020,0.243268,0.078568,-15.330000,90.860001,13.720000,1770369860.167721
0.020496,0.164700,0.161528,-7.980000,88.410004,8.190000,1770369860.175713
0.013176,0.091012,0.276696,5.320000,79.940002,-0.630000,1770369860.183709
0.023912,0.039528,0.424560,25.059999,65.660004,-6.090000,1770369860.191713
0.065636,-0.000488,0.677100,47.180000,43.259998,-8.330000,1770369860.199716
0.125660,-0.017080,1.012844,66.080002,21.980000,-9.240000,1770369860.207837
0.228140,-0.024400,1.429840,84.139999,-3.220000,-10.010000,1770369860.215709
0.352092,-0.000732,1.826096,96.110001,-18.620001,-9.590000,1770369860.223709
0.465064,0.045872,2.030568,93.449997,-23.870001,-6.020000,1770369860.231722
0.612196,0.058560,1.996896,67.900002,-29.400000,-3.500000,1770369860.239714
0.756156,-0.021716,1.876360,43.330002,-38.220001,2.520000,1770369860.247704
0.842288,-0.166652,1.900272,19.670000,-35.349998,8.610000,1770369860.255791
0.906460,-0.374540,2.012024,9.100000,-7.210000,19.530001,1770369860.263715
0.871568,-0.569740,2.073268,-1.190000,36.049999,19.950001,1770369860.271720
0.716872,-0.703940,1.998848,-8.680000,85.750000,18.200001,1770369860.279710
0.493856,-0.739808,1.851716,-19.110001,126.209999,7.490000,1770369860.287713
0.289872,-0.635132,1.701900,-25.760000,153.580002,-2.310000,1770369860.295800
0.071004,-0.445056,1.565260,-31.219999,165.339996,-3.640000,1770369860.303739
-0.136884,-0.229116,1.394704,-39.830002,164.289993,-10.500000,1770369860.311713
-0.325740,-0.034160,1.133380,-44.450001,148.470001,-13.090000,1770369860.319712
-0.463356,0.115168,0.853756,-44.869999,123.199997,-21.840000,1770369860.327713
-0.549488,0.227652,0.649284,-38.779999,85.190002,-25.410000,1770369860.335764
-0.581696,0.305488,0.516060,-32.759998,46.549999,-29.049999,1770369860.343719
-0.581940,0.367952,0.400648,-23.450001,11.550000,-27.230000,1770369860.351706
-0.539728,0.397476,0.288408,-13.790000,-20.510000,-27.230000,1770369860.359723
-0.477020,0.414800,0.198372,-8.330000,-43.750000,-24.570000,1770369860.367703
-0.383080,0.444324,0.161040,-6.580000,-65.379997,-21.629999,1770369860.375703
-0.289140,0.460916,0.111996,-7.000000,-83.440002,-19.459999,1770369860.383720
-0.198616,0.450668,0.047580,-12.110000,-97.019997,-11.620000,1770369860.391816
-0.099064,0.428708,-0.021960,-11.970000,-108.849998,-7.770000,1770369860.399726
-0.020496,0.378444,-0.035624,-7.980000,-115.010002,0.840000,1770369860.407709
0.041480,0.314760,0.065636,1.540000,-114.449997,10.080000,1770369860.415718
0.096624,0.260104,0.257664,14.770000,-109.339996,16.940001,1770369860.423747
0.147864,0.230336,0.511180,27.440001,-98.209999,20.790001,1770369860.431714
0.204716,0.220332,0.795684,37.169998,-83.019997,21.910000,1770369860.439845
0.226676,0.214232,1.033584,43.049999,-63.560001,26.250000,1770369860.447752
0.220820,0.158844,1.211460,42.490002,-42.139999,25.340000,1770369860.455728
0.207888,0.070272,1.347124,36.959999,-14.770000,20.510000,1770369860.463712
0.230336,-0.077836,1.521096,34.720001,15.680000,11.970000,1770369860.471720
0.304512,-0.292556,1.843664,49.279999,41.930000,3.920000,1770369860.479865
0.349896,-0.454816,2.210640,66.360001,55.720001,0.630000,1770369860.487716
0.253760,-0.500200,2.297992,62.299999,46.549999,0.630000,1770369860.495714
0.150304,-0.551928,2.223084,39.619999,21.840000,6.160000,1770369860.503699
0.110044,-0.637816,2.060336,20.440001,-17.080000,11.480000,1770369860.511706
0.126880,-0.710528,2.002752,7.420000,-57.610001,10.640000,1770369860.519730
0.217160,-0.670268,1.959320,-9.800000,-94.570000,14.840000,1770369860.527741
0.316468,-0.529968,1.830000,-23.520000,-121.660004,15.050000,1770369860.535749
0.411384,-0.378688,1.580876,-34.090000,-138.600006,16.730000,1770369860.543719
0.483120,-0.233020,1.275632,-42.980000,-147.350006,15.680000,1770369860.551771
0.538508,-0.096380,0.988200,-43.189999,-145.600006,18.969999,1770369860.559734
0.588528,0.066368,0.733220,-40.669998,-135.240005,24.219999,1770369860.567750
0.625860,0.160064,0.568764,-36.400002,-113.750000,32.480000,1770369860.575720
0.653676,0.206668,0.458476,-35.560001,-86.730003,36.470001,1770369860.583873
0.656360,0.226920,0.380884,-33.880001,-56.700001,38.290001,1770369860.591714
0.612928,0.259128,0.295972,-29.540001,-23.240000,40.669998,1770369860.599713
0.538996,0.293776,0.218624,-29.190001,13.510000,39.200001,1770369860.607715
0.439932,0.323544,0.137372,-28.629999,47.110001,39.549999,1770369860.615742
0.327936,0.348676,0.095160,-26.950001,77.629997,34.580002,1770369860.623818
0.241072,0.360144,0.078324,-25.760000,101.570000,34.020000,1770369860.631743
0.162992,0.336964,0.071492,-21.980000,116.970001,28.000000,1770369860.639768
0.090524,0.264008,0.111752,-16.799999,124.110001,21.770000,1770369860.647725
0.042700,0.184708,0.202032,-8.470000,122.290001,10.780000,1770369860.655716
0.013908,0.111752,0.334280,9.310000,112.699997,4.970000,1770369860.663715
0.002440,0.048556,0.492392,28.629999,97.720001,-0.910000,1770369860.671715
0.012444,0.018056,0.693936,51.730000,74.410004,-6.790000,1770369860.679773
0.062952,0.002684,1.023824,71.400002,48.650002,-10.150000,1770369860.687722
0.141032,-0.000976,1.419104,90.160004,20.510000,-14.770000,1770369860.695718
0.245220,0.018056,1.757044,102.129997,-2.450000,-12.740000,1770369860.703729
0.350384,0.040748,1.904420,95.760002,-17.500000,-10.570000,1770369860.711847
0.506788,0.011712,1.947364,69.510002,-24.290001,-5.390000,1770369860.719722
0.667828,-0.067832,1.878556,41.509998,-32.900002,4.060000,1770369860.727715
0.754692,-0.278160,1.890024,18.340000,-26.600000,13.580000,1770369860.735760
0.812032,-0.524356,1.945656,2.870000,-3.640000,25.129999,1770369860.743729
0.806420,-0.723948,1.985184,-5.670000,32.410000,33.110001,1770369860.751725
0.659044,-0.860344,1.957124,-12.880000,73.220001,28.840000,1770369860.759723
0.467504,-0.863272,1.846592,-22.190001,109.199997,13.300000,1770369860.767751
0.284260,-0.727364,1.706780,-29.469999,136.919998,9.310000,1770369860.775722
0.090524,-0.503616,1.562088,-32.200001,150.779999,1.610000,1770369860.783756
-0.101260,-0.264740,1.393484,-41.160000,149.449997,-2.520000,1770369860.791732
-0.275720,-0.054168,1.157780,-41.509998,137.059998,-8.260000,1770369860.799754
-0.400648,0.120780,0.914756,-40.950001,113.190002,-14.000000,1770369860.807849
-0.488732,0.254492,0.740784,-38.430000,82.809998,-21.840000,1770369860.815720
-0.532652,0.338916,0.628544,-32.340000,49.770000,-25.900000,1770369860.823715
-0.526552,0.396744,0.521428,-27.230000,19.950001,-30.030001,1770369860.831717
-0.495564,0.426268,0.420900,-24.639999,-6.790000,-30.730000,1770369860.839875
-0.433100,0.429928,0.315492,-18.549999,-31.360001,-31.290001,1770369860.847749
-0.358436,0.422120,0.212280,-15.120000,-49.279999,-27.930000,1770369860.855717
-0.273524,0.431880,0.128832,-10.710000,-66.290001,-25.340000,1770369860.863718
-0.199104,0.431392,0.062708,-10.990000,-77.349998,-20.580000,1770369860.871712
-0.115656,0.422852,0.005368,-11.480000,-87.360001,-14.980000,1770369860.879844
-0.036112,0.386008,-0.029768,-12.320000,-93.449997,-8.540000,1770369860.887715
0.031964,0.321348,0.014640,-6.090000,-96.250000,-2.100000,1770369860.895725
0.077592,0.262544,0.164944,6.580000,-93.099998,7.420000,1770369860.903716
0.118096,0.219600,0.389668,20.299999,-83.370003,10.080000,1770369860.911706
0.169824,0.213744,0.685152,35.630001,-71.540001,12.810000,1770369860.919730
0.212768,0.209596,0.945256,41.790001,-60.759998,15.120000,1770369860.927849
0.209840,0.184952,1.124352,45.080002,-43.820000,12.810000,1770369860.935718
0.205204,0.103456,1.267824,42.980000,-21.700001,13.230000,1770369860.943728
0.205936,-0.058560,1.394460,39.480000,6.650000,7.700000,1770369860.951731
0.251564,-0.265228,1.627968,51.029999,32.689999,0.420000,1770369860.959724
0.322080,-0.465308,2.007388,72.589996,50.610001,-7.770000,1770369860.967857
0.274012,-0.554612,2.225280,81.760002,52.779999,-7.560000,1770369860.975718
0.158356,-0.559492,2.275300,63.490002,37.590000,-8.120000,1770369860.983719
0.093452,-0.617076,2.169404,32.200001,10.360000,-1.750000,1770369860.991721
0.071736,-0.706380,2.045940,14.140000,-25.900000,2.310000,1770369860.999859
0.103700,-0.735172,1.995676,-2.800000,-61.740002,2.310000,1770369861.007710
0.194468,-0.643672,1.906860,-16.240000,-90.720001,6.020000,1770369861.015706
0.284260,-0.470676,1.733864,-26.740000,-113.190002,8.400000,1770369861.023777
0.370636,-0.317688,1.509140,-38.990002,-129.360001,9.870000,1770369861.031743
0.440664,-0.174460,1.250500,-44.520000,-136.360001,11.760000,1770369861.039720
0.496052,-0.030256,0.995276,-46.619999,-136.779999,15.260000,1770369861.047723
0.552172,0.131760,0.762256,-48.369999,-127.260002,23.590000,1770369861.055736
0.580720,0.251320,0.575596,-42.840000,-105.629997,35.700001,1770369861.063996
0.594384,0.285480,0.449692,-43.189999,-81.480003,37.869999,1770369861.071815
0.598532,0.285724,0.345260,-35.980000,-54.320000,38.709999,1770369861.079746
0.556076,0.290848,0.264252,-31.219999,-24.920000,40.180000,1770369861.087849
0.491416,0.328424,0.192516,-23.870001,4.760000,35.700001,1770369861.095723
0.406260,0.359656,0.120292,-19.459999,34.160000,36.610001,1770369861.103721
0.313296,0.383568,0.076616,-20.090000,62.299999,30.100000,1770369861.111727
0.230580,0.394060,0.056120,-20.650000,84.839996,27.510000,1770369861.119854
0.151768,0.393816,0.038552,-21.629999,102.129997,25.270000,1770369861.127743
0.064172,0.330864,0.055388,-20.230000,112.559998,19.320000,1770369861.135718
0.010980,0.253516,0.098088,-17.570000,116.620003,12.530000,1770369861.143739
-0.013176,0.176412,0.182024,-3.710000,112.419998,5.180000,1770369861.151714
-0.015128,0.119072,0.293532,17.430000,98.349998,0.840000,1770369861.159858
-0.021228,0.048556,0.472628,36.400002,80.639999,-4.760000,1770369861.167732
-0.009028,0.018544,0.751276,54.459999,55.230000,-9.590000,1770369861.175697
0.043920,0.008296,1.131672,68.949997,24.080000,-9.520000,1770369861.183710
0.112240,-0.017080,1.543788,77.769997,-7.280000,-11.690000,1770369861.191713
0.249368,-0.033428,1.870504,91.139999,-26.389999,-13.860000,1770369861.199712
0.397720,-0.131760,1.984940,91.139999,-31.570000,-10.710000,1770369861.207793
0.548512,-0.190808,1.928576,78.889999,-34.369999,-3.080000,1770369861.215711
0.692472,-0.291580,1.905152,62.160000,-40.880001,2.450000,1770369861.223699
0.774944,-0.453352,1.985672,38.919998,-37.660000,5.390000,1770369861.231710
0.839360,-0.630740,2.100108,27.860001,-14.980000,8.680000,1770369861.239714
0.830576,-0.755424,2.144272,12.670000,24.850000,13.370000,1770369861.247774
0.705160,-0.798124,2.069120,-2.100000,69.860001,7.210000,1770369861.255722
0.532896,-0.740296,1.930772,-17.570000,111.089996,2.240000,1770369861.263711
0.361120,-0.578280,1.801208,-31.080000,138.179993,-2.240000,1770369861.271711
0.180072,-0.387228,1.654320,-41.930000,150.779999,-3.290000,1770369861.279707
-0.003172,-0.196176,1.471564,-49.490002,152.389999,-4.270000,1770369861.287713
-0.177632,-0.019032,1.252940,-53.759998,144.059998,-7.000000,1770369861.295801
-0.315736,0.129564,1.035536,-50.610001,126.769997,-14.210000,1770369861.303718
-0.429196,0.267180,0.823744,-43.750000,102.760002,-22.049999,1770369861.311694
-0.495320,0.380396,0.648796,-35.770000,74.620003,-29.260000,1770369861.319723
-0.529480,0.445300,0.514596,-28.000000,47.810001,-32.200001,1770369861.327708
-0.526308,0.481168,0.393084,-19.670000,21.000000,-30.100000,1770369861.335709
-0.495076,0.481656,0.273768,-14.700000,-4.690000,-31.010000,1770369861.343786
-0.432368,0.483608,0.179828,-11.690000,-28.280001,-26.180000,1770369861.351751
-0.350628,0.486780,0.122244,-9.310000,-47.810001,-23.100000,1770369861.359712
-0.276452,0.472872,0.080276,-10.430000,-65.940002,-15.190000,1770369861.367709
-0.199348,0.460672,0.042944,-11.970000,-77.489998,-11.480000,1770369861.375772
-0.124196,0.420656,-0.010736,-7.770000,-91.000000,-3.080000,1770369861.383717
-0.066856,0.359168,-0.021960,-3.990000,-98.419998,2.800000,1770369861.391741
-0.006344,0.292800,0.058072,7.560000,-104.440002,12.880000,1770369861.399787
0.035136,0.236924,0.226676,20.090000,-104.510002,18.410000,1770369861.407719
0.083692,0.226676,0.491416,32.549999,-98.349998,22.889999,1770369861.415717
0.141764,0.240340,0.777872,42.070000,-96.110001,27.160000,1770369861.423731
0.164944,0.245464,1.009672,44.869999,-86.800003,29.750000,1770369861.431723
0.174216,0.175680,1.213412,42.209999,-66.430000,31.850000,1770369861.439745
0.179340,0.090036,1.315892,34.509998,-41.790001,28.280001,1770369861.447733
0.206424,-0.037820,1.439356,32.830002,-13.650000,21.000000,1770369861.455721
0.292800,-0.271572,1.799012,44.310001,16.520000,6.300000,1770369861.463714
0.407724,-0.492148,2.211128,60.270000,38.290001,-4.200000,1770369861.471815
0.359168,-0.554612,2.330200,62.160000,39.480000,-6.020000,1770369861.479758
0.262300,-0.604144,2.250412,46.270000,27.370001,-0.700000,1770369861.487716
0.198860,-0.681004,2.052284,32.340000,2.450000,6.790000,1770369861.495720
0.169824,-0.728096,1.997384,19.180000,-32.480000,13.090000,1770369861.503825
0.213256,-0.707600,1.990308,5.880000,-65.870003,12.530000,1770369861.511711
0.285480,-0.588040,1.878556,-9.520000,-94.010002,12.250000,1770369861.519723
0.362096,-0.441640,1.671400,-23.870001,-113.260002,11.410000,1770369861.527713
0.436760,-0.296460,1.402024,-36.400002,-125.930000,11.480000,1770369861.535722
0.491172,-0.163480,1.116544,-40.880001,-129.009995,10.290000,1770369861.543828
0.539728,-0.024400,0.850096,-44.520000,-125.720001,12.670000,1770369861.551771
0.592920,0.122976,0.658556,-38.500000,-110.110001,19.320000,1770369861.559732
0.621712,0.206180,0.519964,-35.770000,-87.570000,26.530001,1770369861.567733
0.630008,0.255956,0.431636,-31.080000,-61.740002,27.160000,1770369861.575791
0.609512,0.295484,0.355264,-29.190001,-31.290001,29.120001,1770369861.583712
0.564372,0.338672,0.275964,-27.230000,-1.470000,27.860001,1770369861.591719
0.485072,0.381616,0.201544,-25.200001,28.280001,27.090000,1770369861.599719
0.384544,0.409920,0.156404,-25.760000,56.000000,25.620001,1770369861.607811
0.284016,0.429684,0.141032,-26.320000,81.830002,22.959999,1770369861.615717
0.195688,0.431636,0.137372,-24.990000,103.110001,18.059999,1770369861.623707
0.117120,0.410408,0.138104,-24.570000,116.620003,9.940000,1770369861.631719
0.059536,0.336964,0.161040,-20.090000,124.669998,2.310000,1770369861.639716
0.008540,0.238144,0.210816,-9.450000,124.320000,-5.180000,1770369861.647770
-0.010980,0.174704,0.277428,10.710000,112.279999,-11.620000,1770369861.655748
-0.023912,0.095404,0.451400,35.840000,91.349998,-12.950000,1770369861.663715
0.001952,0.061244,0.751032,59.009998,64.540001,-16.660000,1770369861.671716
0.042456,0.063928,1.153388,80.150002,33.040001,-18.129999,1770369861.679748
0.097600,0.083692,1.530368,90.930000,2.450000,-20.719999,1770369861.687723
0.208376,0.102968,1.779004,93.449997,-18.480000,-21.280001,1770369861.695721
0.365512,0.061244,1.881484,88.269997,-29.049999,-18.549999,1770369861.703713
0.514352,-0.038796,1.834392,62.509998,-30.590000,-12.950000,1770369861.711726
0.654164,-0.186416,1.808284,40.950001,-29.400000,-6.860000,1770369861.719734
0.740784,-0.362584,1.881484,24.780001,-12.320000,-0.140000,1770369861.727723
0.779092,-0.576572,1.999092,13.230000,17.430000,6.510000,1770369861.735746
0.736636,-0.767380,2.027640,3.780000,50.470001,14.210000,1770369861.743771
0.573888,-0.868884,1.932968,-7.420000,84.279999,7.140000,1770369861.751813
0.401868,-0.811300,1.822436,-13.860000,107.519997,1.540000,1770369861.759719
0.224724,-0.645136,1.715808,-22.049999,121.449997,-3.640000,1770369861.767716
0.034648,-0.427000,1.585024,-31.780001,122.849998,-9.030000,1770369861.775736
-0.120780,-0.214476,1.405196,-40.950001,112.629997,-14.210000,1770369861.783852
-0.252052,-0.043920,1.177788,-42.840000,95.620003,-21.070000,1770369861.791710
-0.338916,0.092964,0.935984,-42.279999,73.220001,-28.490000,1770369861.799716
-0.392352,0.212036,0.748592,-37.520000,47.740002,-35.980000,1770369861.807714
-0.409432,0.308172,0.635620,-32.200001,24.290001,-41.160000,1770369861.815736
-0.405040,0.376248,0.551440,-26.670000,5.670000,-42.840000,1770369861.823731
-0.383080,0.391376,0.455792,-22.959999,-7.980000,-46.900002,1770369861.831918
-0.342820,0.429684,0.325740,-19.879999,-21.139999,-48.580002,1770369861.839713
-0.288164,0.441884,0.235704,-14.770000,-32.270000,-44.869999,1770369861.847787
-0.228140,0.449936,0.167384,-12.670000,-40.669998,-40.950001,1770369861.855730
-0.162016,0.444568,0.105652,-7.140000,-51.869999,-34.720001,1770369861.863713
-0.095160,0.431392,0.037332,-7.350000,-62.580002,-29.330000,1770369861.871701
-0.038552,0.405772,-0.024888,-2.100000,-74.410004,-19.320000,1770369861.879719
0.009760,0.377468,0.003416,1.260000,-82.250000,-10.780000,1770369861.887722
0.056852,0.355996,0.134200,9.520000,-87.290001,-2.800000,1770369861.895821
0.094184,0.339160,0.338916,17.780001,-84.209999,3.150000,1770369861.903710
0.152500,0.344284,0.613172,24.850000,-79.800003,7.140000,1770369861.911712
0.201300,0.360876,0.885964,31.430000,-72.870003,9.940000,1770369861.919711
0.224236,0.357704,1.108004,33.599998,-62.860001,14.770000,1770369861.927711
0.245952,0.315248,1.295396,28.000000,-46.689999,16.590000,1770369861.935824
0.252784,0.208376,1.411784,22.959999,-24.570000,17.080000,1770369861.943760
0.314028,0.043188,1.612108,19.180000,5.530000,10.220000,1770369861.951773
0.412604,-0.213256,1.896368,31.290001,34.020000,3.710000,1770369861.959863
0.422852,-0.432124,2.104500,48.650002,51.240002,-1.400000,1770369861.967717
0.284992,-0.539972,2.177456,52.360001,53.340000,-8.680000,1770369861.975716
0.186904,-0.574132,2.122312,41.299999,42.349998,-7.560000,1770369861.983767
0.128832,-0.597068,2.051552,29.049999,19.180000,-5.390000,1770369861.991719
0.097356,-0.620980,2.019344,18.969999,-14.840000,3.150000,1770369861.999727
0.096624,-0.566324,1.953952,3.780000,-52.080002,3.850000,1770369862.007719
0.141032,-0.453596,1.841468,-13.790000,-85.610001,4.340000,1770369862.015714
0.223992,-0.312808,1.657980,-28.280001,-113.190002,0.000000,1770369862.023717
0.307440,-0.194468,1.379576,-40.529999,-131.250000,-2.100000,1770369862.031712
0.387228,-0.103456,1.116544,-46.759998,-142.869995,-3.220000,1770369862.039836
0.471896,0.002196,0.906948,-50.889999,-142.800003,-1.470000,1770369862.047725
0.540948,0.117852,0.715164,-52.360001,-131.320007,5.950000,1770369862.055723
0.602924,0.178852,0.575108,-50.610001,-110.879997,13.440000,1770369862.064048
0.631716,0.203496,0.447008,-49.419998,-84.769997,17.920000,1770369862.071843
0.624152,0.220332,0.322812,-43.959999,-55.790001,20.090000,1770369862.079744
0.583404,0.250588,0.224724,-40.950001,-25.340000,21.559999,1770369862.087718
0.513376,0.284016,0.142496,-35.840000,8.820000,23.799999,1770369862.095835
0.428464,0.319152,0.079056,-30.730000,40.950001,23.379999,1770369862.103714
0.344772,0.337208,0.058316,-28.770000,67.900002,22.889999,1770369862.111720
0.258396,0.346724,0.075396,-26.740000,88.830002,18.620001,1770369862.119700
0.184464,0.345260,0.115412,-25.129999,103.669998,13.370000,1770369862.127707
0.117120,0.289384,0.167628,-19.879999,114.449997,7.280000,1770369862.135715
0.066124,0.232776,0.221308,-10.990000,114.519997,-3.500000,1770369862.143860
0.042456,0.180072,0.290604,4.550000,109.410004,-10.570000,1770369862.151742
0.038064,0.113704,0.406260,22.400000,95.129997,-14.070000,1770369862.159718
0.061488,0.055876,0.653920,46.200001,71.959999,-17.570000,1770369862.167715
0.098088,0.008296,1.012112,65.730003,44.939999,-20.930000,1770369862.175801
0.172020,0.016348,1.378356,81.269997,16.660000,-22.190001,1770369862.183715
0.254004,0.013176,1.686284,91.699997,-3.780000,-23.940001,1770369862.191708
0.360876,0.030012,1.821948,87.919998,-16.730000,-21.490000,1770369862.199709
0.498736,-0.003904,1.801452,68.250000,-26.740000,-19.459999,1770369862.207711
0.646112,-0.149328,1.742160,38.430000,-30.379999,-11.480000,1770369862.215707
0.736392,-0.330864,1.772660,18.549999,-20.930000,-0.490000,1770369862.223746
0.787388,-0.540948,1.886852,2.240000,6.650000,4.830000,1770369862.231715
0.787876,-0.735660,1.964444,-7.420000,43.049999,8.960000,1770369862.239711
0.658068,-0.872300,1.937604,-12.530000,81.410004,4.480000,1770369862.247727
0.497028,-0.854000,1.841468,-16.799999,112.769997,-0.350000,1770369862.255715
0.299388,-0.708576,1.751676,-19.320000,132.369995,-2.590000,1770369862.263743
0.104432,-0.470676,1.651392,-23.870001,141.259995,-12.460000,1770369862.271717
-0.079788,-0.228384,1.506700,-31.430000,134.539993,-14.840000,1770369862.279711
-0.240828,-0.016836,1.291492,-36.259998,118.370003,-24.500000,1770369862.287707
-0.347944,0.153476,1.039196,-38.080002,91.489998,-32.130001,1770369862.295710
-0.409188,0.276940,0.816424,-34.299999,60.480000,-41.720001,1770369862.303740
-0.428952,0.353556,0.661728,-29.750000,30.940001,-46.549999,1770369862.311715
-0.413580,0.406260,0.542656,-25.340000,5.670000,-46.549999,1770369862.319709
-0.392840,0.430904,0.432124,-22.889999,-12.110000,-45.639999,1770369862.327708
-0.337696,0.457744,0.321592,-21.910000,-24.150000,-38.220001,1770369862.335737
-0.287188,0.461160,0.255468,-21.350000,-32.130001,-39.689999,1770369862.343713
-0.227408,0.465308,0.187392,-20.860001,-37.869999,-32.130001,1770369862.351734
-0.164212,0.457744,0.130540,-22.330000,-42.770000,-31.290001,1770369862.359715
-0.097600,0.434320,0.076616,-21.070000,-47.669998,-24.780001,1770369862.367705
-0.041724,0.384544,0.002928,-15.960000,-52.430000,-17.709999,1770369862.375691
0.008784,0.332084,-0.003172,-5.250000,-55.720001,-9.590000,1770369862.383792
0.045384,0.273036,0.112484,10.220000,-57.610001,-1.680000,1770369862.391743
0.072956,0.253028,0.313784,25.620001,-55.790001,3.500000,1770369862.399716
0.109556,0.256688,0.585112,35.980000,-52.290001,8.260000,1770369862.407714
0.130540,0.292800,0.861564,43.540001,-44.240002,14.000000,1770369862.415724
0.139324,0.314516,1.105076,45.220001,-36.470001,16.379999,1770369862.423746
0.147132,0.270352,1.302716,38.709999,-23.940001,21.910000,1770369862.431711
0.142008,0.173728,1.470832,32.970001,-9.870000,18.270000,1770369862.439709
0.174948,0.030988,1.718492,32.200001,8.540000,12.250000,1770369862.448107
0.218136,-0.143228,2.010560,40.180000,29.469999,0.910000,1770369862.455731
0.213256,-0.338916,2.186484,53.410000,41.230000,-4.270000,1770369862.463718
0.079544,-0.483120,2.170624,49.419998,37.169998,-13.020000,1770369862.471718
0.004880,-0.548512,2.072536,37.310001,20.510000,-11.970000,1770369862.479713
-0.023912,-0.617076,2.003240,25.760000,-10.850000,-6.510000,1770369862.487799
-0.005612,-0.670024,1.985916,14.210000,-50.680000,-2.030000,1770369862.495713
0.054656,-0.626836,1.936628,0.980000,-91.139999,-2.030000,1770369862.503715
0.152744,-0.500444,1.817312,-14.840000,-126.070000,-2.170000,1770369862.511718
0.255224,-0.332816,1.599908,-28.840000,-150.360001,-1.260000,1770369862.519811
0.354044,-0.212036,1.336632,-38.639999,-167.089996,-5.390000,1770369862.527739
0.446276,-0.104188,1.085800,-43.750000,-173.460007,-6.650000,1770369862.535709
0.542656,0.031964,0.865224,-45.080002,-170.520004,-3.920000,1770369862.543703
0.619272,0.124440,0.710772,-43.959999,-156.520004,3.990000,1770369862.551742
0.687836,0.186660,0.590968,-43.959999,-133.279999,8.820000,1770369862.559782
0.719800,0.213256,0.460184,-41.650002,-104.089996,14.350000,1770369862.567712
0.711260,0.237656,0.337940,-39.759998,-69.510002,18.410000,1770369862.575719
0.662948,0.263520,0.234972,-35.770000,-34.369999,20.440001,1770369862.583838
0.585356,0.275476,0.146888,-32.759998,0.560000,21.910000,1770369862.591699
0.488732,0.301096,0.085644,-31.010000,34.230000,19.950001,1770369862.599724
0.384056,0.307440,0.061732,-29.889999,64.470001,20.510000,1770369862.607716
0.289872,0.322324,0.072712,-27.370001,89.389999,14.490000,1770369862.615741
0.209596,0.311100,0.113704,-25.969999,107.029999,6.510000,1770369862.623700
0.137372,0.272548,0.162504,-22.680000,120.959999,0.070000,1770369862.631790
0.091744,0.232776,0.216916,-14.630000,128.380005,-13.930000,1770369862.639741
0.075640,0.184952,0.300364,0.210000,124.879997,-19.040001,1770369862.647732
0.078324,0.136640,0.430660,21.490000,112.000000,-20.930000,1770369862.655743
0.105408,0.093208,0.689788,44.310001,91.489998,-23.170000,1770369862.663743
0.146888,0.076616,1.040904,61.950001,62.790001,-22.889999,1770369862.671722
0.209352,0.080276,1.422276,76.580002,31.150000,-21.910000,1770369862.679710
0.291336,0.080520,1.742160,80.360001,5.670000,-19.530001,1770369862.687749
0.385032,0.081252,1.875872,75.040001,-10.220000,-14.280000,1770369862.695720
0.521428,0.018544,1.803404,55.299999,-28.840000,-9.520000,1770369862.703740
0.640256,-0.115900,1.740208,34.930000,-38.990002,-3.150000,1770369862.711720
0.716872,-0.283284,1.791204,19.459999,-30.799999,1.190000,1770369862.719731
0.775432,-0.476776,1.871480,6.090000,-0.350000,10.290000,1770369862.727791
0.762256,-0.681248,1.940044,-4.340000,36.400002,9.100000,1770369862.735714
0.634400,-0.827648,1.892708,-12.530000,76.510002,5.950000,1770369862.743708
0.462624,-0.827892,1.802672,-18.969999,108.989998,-6.860000,1770369862.751740
0.282064,-0.670512,1.707024,-25.129999,130.619995,-11.340000,1770369862.759778
0.100772,-0.449936,1.614548,-32.900002,138.740005,-19.250000,1770369862.767727
-0.087596,-0.212768,1.471320,-42.490002,134.470001,-23.660000,1770369862.775716
-0.244732,0.005856,1.244156,-49.770000,115.779999,-28.770000,1770369862.783715
-0.356728,0.155672,0.958432,-49.419998,86.169998,-37.590000,1770369862.791726
-0.421632,0.253028,0.717604,-46.060001,52.430000,-40.459999,1770369862.799885
-0.437980,0.322568,0.529480,-37.660000,22.610001,-42.700001,1770369862.807717
-0.414312,0.369172,0.398696,-29.750000,-3.080000,-48.439999,1770369862.815716
-0.387960,0.422364,0.320128,-23.520000,-21.490000,-45.990002,1770369862.823717
-0.321104,0.473604,0.275720,-20.650000,-32.689999,-46.549999,1770369862.831757
-0.254980,0.500932,0.238876,-24.080000,-39.340000,-42.840000,1770369862.839719
-0.174460,0.502884,0.182512,-26.740000,-44.450001,-34.860001,1770369862.847792
-0.099308,0.473848,0.123220,-28.070000,-49.279999,-33.950001,1770369862.855759
-0.030744,0.416020,0.067832,-24.219999,-54.110001,-25.969999,1770369862.863725
0.026596,0.334768,0.025132,-14.980000,-56.419998,-20.440001,1770369862.871762
0.067100,0.258152,0.078080,0.140000,-55.299999,-13.790000,1770369862.879786
0.095892,0.204716,0.237656,17.990000,-50.330002,-7.420000,1770369862.887717
0.129564,0.188856,0.474580,34.509998,-44.029999,-1.190000,1770369862.895721
0.162260,0.206912,0.751276,43.889999,-33.110001,3.010000,1770369862.903722
0.171776,0.233508,1.005524,47.529999,-22.190001,9.450000,1770369862.911739
0.170556,0.195688,1.200236,41.090000,-6.860000,16.170000,1770369862.919781
0.172752,0.094916,1.375428,33.180000,10.010000,19.180000,1770369862.927721
0.191052,-0.068564,1.598444,33.880001,24.990000,13.020000,1770369862.935779
0.203008,-0.233996,1.855376,45.080002,41.930000,5.250000,1770369862.943741
0.159088,-0.379664,2.093520,59.150002,53.900002,-6.510000,1770369862.951727
0.051972,-0.494100,2.113772,52.849998,51.660000,-10.710000,1770369862.959738
-0.037820,-0.598532,2.009828,36.189999,34.439999,-11.690000,1770369862.967717
-0.065392,-0.698816,1.910032,24.500000,-0.630000,-2.870000,1770369862.975750
-0.042700,-0.757864,1.916376,18.200001,-40.389999,-2.730000,1770369862.983718
0.041236,-0.710772,1.978840,9.730000,-77.839996,2.380000,1770369862.991719
0.154208,-0.547048,1.972252,-1.680000,-110.669998,6.510000,1770369862.999733
0.248392,-0.331840,1.828292,-17.080000,-131.600006,5.110000,1770369863.007733
0.324276,-0.148596,1.566480,-28.280001,-145.389999,4.480000,1770369863.015718
0.385764,-0.000244,1.275144,-34.439999,-152.320007,1.470000,1770369863.023718
0.447740,0.137128,1.003572,-39.270000,-150.990005,3.920000,1770369863.031737
0.499224,0.255224,0.787876,-39.410000,-139.300003,8.400000,1770369863.039765
0.534604,0.299388,0.613660,-44.590000,-121.940002,16.170000,1770369863.047730
0.563640,0.279380,0.477508,-46.759998,-99.750000,19.600000,1770369863.055701
0.566324,0.250588,0.358192,-46.060001,-73.709999,20.860001,1770369863.063833
0.539240,0.239364,0.236924,-41.720001,-44.240002,20.440001,1770369863.072454
0.488976,0.243024,0.126148,-36.750000,-14.630000,18.410000,1770369863.079762
0.427732,0.265228,0.054656,-31.570000,12.810000,20.860001,1770369863.087724
0.355020,0.282308,0.024644,-28.490000,38.779999,19.110001,1770369863.095846
0.274012,0.306708,0.020740,-25.129999,61.320000,17.780001,1770369863.103716
0.195932,0.325008,0.027816,-22.889999,78.330002,14.560000,1770369863.111727
0.120780,0.308416,0.052704,-21.770000,92.610001,5.740000,1770369863.119720
0.081496,0.242780,0.105896,-16.030001,101.010002,0.840000,1770369863.127712
0.065148,0.164944,0.193004,-5.040000,101.360001,-8.470000,1770369863.135749
0.061976,0.101260,0.306708,17.639999,92.470001,-15.400000,1770369863.143726
0.060756,0.046604,0.517036,39.830002,76.860001,-19.459999,1770369863.151735
0.109068,0.030744,0.850096,60.410000,52.919998,-23.170000,1770369863.159727
0.176412,0.029280,1.301984,74.480003,27.860001,-22.889999,1770369863.167711
0.268156,0.056608,1.735084,83.230003,5.600000,-23.590000,1770369863.175742
0.400892,0.060512,1.982012,90.230003,-4.200000,-20.719999,1770369863.183724
0.551196,0.068564,2.008120,78.820000,-8.400000,-18.340000,1770369863.191713
0.699304,0.047336,1.916376,56.279999,-17.709999,-11.690000,1770369863.199710
0.784460,-0.058072,1.868308,30.870001,-22.260000,-5.670000,1770369863.207736
0.822280,-0.258884,1.945168,9.380000,-6.650000,2.940000,1770369863.215715
0.821548,-0.487268,2.079612,-5.180000,29.400000,9.100000,1770369863.223796
0.722240,-0.659288,2.068632,-13.440000,72.940002,12.320000,1770369863.231704
0.534604,-0.772504,1.973716,-20.860001,112.910004,5.950000,1770369863.239717
0.341112,-0.736392,1.854400,-29.190001,140.839996,-2.590000,1770369863.247704
0.138836,-0.586820,1.719224,-37.520000,155.750000,-5.040000,1770369863.255726
-0.075884,-0.387472,1.541104,-47.180000,157.570007,-10.220000,1770369863.263721
-0.256932,-0.185196,1.301008,-50.540001,143.570007,-15.960000,1770369863.271724
-0.408700,-0.012932,1.020164,-47.740002,119.910004,-18.900000,1770369863.279824
-0.518256,0.121512,0.792268,-44.169998,87.290001,-25.340000,1770369863.287739
-0.574620,0.227652,0.635132,-38.290001,49.560001,-31.010000,1770369863.295709
-0.578036,0.300852,0.526064,-31.990000,14.630000,-35.419998,1770369863.303710
-0.539240,0.338916,0.425780,-27.299999,-14.560000,-39.689999,1770369863.311715
-0.468724,0.363804,0.331352,-20.090000,-38.570000,-38.220001,1770369863.319724
-0.385764,0.392596,0.247172,-14.980000,-56.840000,-42.070000,1770369863.327741
-0.301584,0.410652,0.180560,-13.650000,-70.419998,-35.000000,1770369863.335702
-0.212280,0.419680,0.108580,-11.690000,-82.180000,-33.180000,1770369863.343706
-0.130540,0.419924,0.027816,-10.640000,-91.839996,-26.110001,1770369863.351760
-0.050020,0.398452,-0.031720,-5.740000,-99.959999,-17.780001,1770369863.359740
0.022204,0.364536,0.005124,-0.490000,-102.550003,-11.480000,1770369863.367719
0.082960,0.321836,0.189344,10.290000,-98.980003,-6.440000,1770369863.375705
0.125172,0.293776,0.427488,20.930000,-86.800003,-2.730000,1770369863.383725
0.175192,0.270352,0.690520,29.330000,-70.489998,-0.700000,1770369863.391771
0.203984,0.241560,0.918904,34.299999,-52.009998,1.190000,1770369863.399738
0.214476,0.184952,1.077504,35.840000,-32.619999,5.460000,1770369863.407812
0.228628,0.072468,1.193160,40.529999,-12.320000,7.840000,1770369863.415720
0.256200,-0.055388,1.339072,44.869999,6.860000,8.050000,1770369863.423715
0.290848,-0.197640,1.523048,57.470001,24.080000,4.830000,1770369863.431724
0.310856,-0.314272,1.831708,76.160004,37.169998,-6.790000,1770369863.439844
0.276452,-0.380152,2.134268,78.050003,40.669998,-10.360000,1770369863.447723
0.169336,-0.417728,2.187948,53.060001,30.730000,-10.010000,1770369863.455728
0.097112,-0.508496,2.082052,25.340000,4.900000,-4.830000,1770369863.463712
0.090768,-0.630008,1.966884,6.580000,-25.830000,3.220000,1770369863.471710
0.095892,-0.724436,1.932236,-8.540000,-58.310001,5.250000,1770369863.479723
0.176412,-0.667096,1.850740,-20.090000,-91.279999,6.510000,1770369863.487770
0.266936,-0.521672,1.717028,-29.750000,-116.620003,4.900000,1770369863.495721
0.353800,-0.358924,1.536712,-34.439999,-135.169998,7.700000,1770369863.503741
0.420656,-0.207888,1.320284,-40.740002,-145.880005,3.220000,1770369863.511733
0.471896,-0.044896,1.077504,-40.320000,-145.110001,5.810000,1770369863.519753
0.533384,0.127368,0.858636,-40.740002,-133.210007,7.420000,1770369863.527715
0.567300,0.225456,0.697596,-37.380001,-113.820000,15.680000,1770369863.535710
0.588772,0.252296,0.560468,-34.860001,-88.900002,21.350000,1770369863.543712
0.584868,0.254248,0.442128,-32.200001,-60.759998,25.129999,1770369863.552004
0.552660,0.270596,0.347944,-28.070000,-35.139999,25.270000,1770369863.559718
0.498004,0.280112,0.254492,-23.100000,-7.070000,24.570000,1770369863.567719
0.431392,0.291092,0.178364,-17.290001,18.549999,24.360001,1770369863.575719
0.355508,0.290360,0.131028,-14.000000,44.029999,20.299999,1770369863.583717
0.277184,0.290604,0.108824,-10.780000,62.020000,21.350000,1770369863.591814
0.209840,0.252296,0.122000,-9.800000,80.849998,15.260000,1770369863.599760
0.162504,0.244488,0.128344,-6.020000,92.820000,8.190000,1770369863.607715
0.130052,0.179828,0.163968,-0.350000,99.889999,2.800000,1770369863.615715
0.113216,0.138836,0.231312,9.100000,97.720001,-4.060000,1770369863.623754
0.124928,0.107604,0.336720,24.290001,89.040001,-7.000000,1770369863.631700
0.149572,0.083204,0.509472,41.720001,75.180000,-9.590000,1770369863.639730
0.192516,0.095648,0.833260,56.279999,58.240002,-10.780000,1770369863.647725
0.254004,0.116388,1.220244,68.040001,40.599998,-10.780000,1770369863.655727
0.331352,0.125172,1.591612,75.599998,24.080000,-10.010000,1770369863.663721
0.447740,0.135664,1.867576,74.129997,13.090000,-8.890000,1770369863.671793
0.560956,0.117120,1.906128,63.490002,6.300000,-0.490000,1770369863.679713
0.667828,0.037820,1.787056,42.070000,-2.660000,6.720000,1770369863.687717
0.752008,-0.056608,1.733132,19.740000,-7.420000,11.410000,1770369863.695713
0.814228,-0.204228,1.802672,-0.140000,1.820000,12.810000,1770369863.703853
0.818132,-0.399916,1.916132,-13.300000,31.850000,15.400000,1770369863.711701
0.715652,-0.578524,1.975912,-19.740000,77.419998,15.400000,1770369863.719728
0.534360,-0.700036,1.917840,-27.790001,123.059998,10.920000,1770369863.727717
0.325496,-0.706624,1.838784,-30.660000,153.649994,5.250000,1770369863.735712
0.113948,-0.608292,1.736548,-34.509998,170.660004,-2.310000,1770369863.743796
-0.109800,-0.412604,1.580388,-39.759998,171.570007,-10.500000,1770369863.751742
-0.317932,-0.203252,1.360056,-43.540001,159.529999,-17.639999,1770369863.759737
-0.464332,-0.030988,1.076528,-47.599998,132.020004,-29.330000,1770369863.767881
-0.555588,0.096136,0.832284,-45.220001,95.339996,-36.610001,1770369863.775721
-0.599508,0.190320,0.676368,-37.169998,50.540001,-44.730000,1770369863.783721
-0.589260,0.262544,0.563396,-30.450001,10.150000,-46.970001,1770369863.791724
-0.533384,0.320128,0.479948,-22.750000,-22.680000,-45.290001,1770369863.799761
-0.448472,0.351116,0.376004,-18.200001,-48.299999,-46.900002,1770369863.807849
-0.355020,0.367220,0.281820,-16.100000,-69.230003,-42.980000,1770369863.815716
-0.260592,0.357948,0.207156,-10.010000,-82.459999,-42.980000,1770369863.823715
-0.176900,0.373564,0.121756,-11.200000,-95.129997,-33.599998,1770369863.831717
-0.093696,0.376248,0.053436,-12.740000,-103.529999,-32.270000,1770369863.839720
-0.010492,0.360632,-0.013420,-12.530000,-109.550003,-23.520000,1770369863.847848
0.066368,0.316956,-0.018788,-7.980000,-112.769997,-14.490000,1770369863.855729
0.130784,0.264740,0.097844,3.010000,-110.180000,-8.680000,1770369863.863717
0.178120,0.222528,0.308416,15.680000,-101.570000,-5.110000,1770369863.871709
0.232776,0.220820,0.585844,32.549999,-84.910004,-4.060000,1770369863.879720
0.289384,0.225456,0.882304,39.759998,-63.000000,-2.520000,1770369863.887720
0.299388,0.211792,1.077504,44.029999,-36.680000,-4.620000,1770369863.895801
0.300608,0.136640,1.221952,48.930000,-10.290000,-0.910000,1770369863.903746
0.316712,-0.005856,1.374696,52.849998,22.540001,-6.440000,1770369863.911723
0.347456,-0.187148,1.560868,69.580002,54.110001,-7.770000,1770369863.919718
0.336232,-0.345992,1.867332,99.820000,78.330002,-16.100000,1770369863.927782
0.260836,-0.338184,2.126704,106.260002,84.489998,-17.430000,1770369863.935710
0.108580,-0.316956,2.269688,79.169998,72.519997,-16.730000,1770369863.943716
-0.002684,-0.393816,2.165256,37.310001,36.680000,-11.130000,1770369863.951812
-0.022448,-0.558028,2.028372,7.420000,-9.380000,-4.410000,1770369863.959741
-0.005612,-0.649040,1.988112,-7.980000,-57.540001,-1.050000,1770369863.967721
0.091988,-0.577792,1.913692,-23.309999,-98.769997,2.450000,1770369863.975702
0.202276,-0.410896,1.768024,-33.880001,-128.169998,0.350000,1770369863.983720
0.307440,-0.263520,1.549644,-45.430000,-148.330002,1.470000,1770369863.991716
0.404552,-0.140300,1.277584,-48.860001,-157.779999,-0.140000,1770369863.999825
0.482632,-0.023180,1.002840,-50.189999,-154.979996,3.220000,1770369864.007726
0.544364,0.111020,0.772260,-46.970001,-140.699997,10.080000,1770369864.015719
0.587796,0.206424,0.599508,-41.720001,-117.320000,23.379999,1770369864.023719
0.599996,0.238388,0.465308,-38.220001,-84.070000,28.980000,1770369864.031707
0.589504,0.228872,0.359168,-36.330002,-52.779999,33.320000,1770369864.039831
0.550464,0.219356,0.263276,-29.330000,-21.840000,36.189999,1770369864.047738
0.479704,0.222040,0.183000,-21.629999,6.580000,34.509998,1770369864.055750
0.396012,0.209596,0.138836,-12.040000,35.139999,34.509998,1770369864.064026
0.310124,0.231800,0.116876,-3.780000,57.540001,30.170000,1770369864.071872
0.232776,0.237900,0.108336,-0.420000,76.440002,28.559999,1770369864.079865
0.160308,0.241560,0.119316,-0.560000,90.370003,20.299999,1770369864.087720
0.097112,0.235948,0.138348,1.190000,100.099998,19.879999,1770369864.095722
0.058560,0.211548,0.165432,0.980000,106.120003,13.440000,1770369864.103715
0.037332,0.171288,0.235216,6.650000,104.440002,5.950000,1770369864.111752
0.024888,0.126392,0.345260,18.969999,95.690002,3.990000,1770369864.119763
0.008540,0.089792,0.533872,32.060001,79.379997,-2.380000,1770369864.127724
0.038552,0.107360,0.877180,42.770000,56.840000,-4.410000,1770369864.135771
0.081252,0.150060,1.299544,51.029999,35.700001,-9.240000,1770369864.143715
0.135664,0.183732,1.669692,54.250000,15.120000,-14.630000,1770369864.151776
0.247172,0.153964,1.932968,55.509998,8.400000,-16.799999,1770369864.159741
0.373076,0.082716,1.969568,50.820000,1.680000,-15.540000,1770369864.167717
0.501176,-0.016104,1.859280,34.720001,-9.380000,-0.490000,1770369864.175716
0.587064,-0.149816,1.770708,25.410000,-25.059999,-2.240000,1770369864.183740
0.636108,-0.294996,1.832684,13.090000,-27.930000,0.980000,1770369864.191711
0.686128,-0.440176,1.983964,5.670000,-9.660000,-4.830000,1770369864.199832
0.700036,-0.546560,2.071072,-1.330000,21.770000,-0.490000,1770369864.207730
0.627568,-0.622932,1.999580,-10.640000,61.110001,-1.400000,1770369864.215706
0.456036,-0.628788,1.873188,-17.570000,91.910004,-5.670000,1770369864.223717
0.265716,-0.548024,1.737768,-25.760000,109.970001,-4.970000,1770369864.231712
0.079544,-0.406260,1.570384,-34.230000,118.650002,-7.630000,1770369864.239713
-0.105164,-0.252784,1.363228,-41.090000,118.790001,-4.830000,1770369864.247797
-0.255956,-0.106628,1.119472,-42.419998,109.760002,-16.799999,1770369864.255758
-0.371124,0.006832,0.887672,-42.630001,92.050003,-17.010000,1770369864.263711
-0.448228,0.118340,0.702964,-37.869999,71.330002,-26.670000,1770369864.271720
-0.502884,0.178608,0.584624,-33.320000,48.299999,-35.770000,1770369864.279728
-0.515572,0.236680,0.488000,-26.530001,25.200001,-38.150002,1770369864.287840
-0.496296,0.286212,0.389424,-18.549999,4.340000,-47.320000,1770369864.295736
-0.453840,0.322812,0.278648,-7.350000,-16.100000,-42.070000,1770369864.303708
-0.391376,0.355264,0.175436,-1.680000,-35.630001,-45.080002,1770369864.311715
-0.311344,0.382104,0.097844,5.110000,-56.000000,-36.400002,1770369864.319709
-0.240340,0.388204,0.036356,5.110000,-75.599998,-34.090000,1770369864.327729
-0.162016,0.386740,-0.021960,6.440000,-94.570000,-21.700001,1770369864.335839
-0.077836,0.385276,-0.032452,4.480000,-108.010002,-14.980000,1770369864.343703
-0.004392,0.381616,0.051240,10.850000,-120.400002,-9.240000,1770369864.351691
0.052948,0.368684,0.232532,11.340000,-122.779999,-2.520000,1770369864.359741
0.128100,0.370880,0.498492,15.330000,-117.879997,2.520000,1770369864.367708
0.204716,0.363560,0.775676,20.860001,-108.639999,9.450000,1770369864.375707
0.245708,0.361852,0.972096,30.660000,-94.570000,12.530000,1770369864.383730
0.277184,0.345260,1.148996,36.400002,-76.790001,16.379999,1770369864.391848
0.305000,0.281576,1.281000,36.330002,-49.209999,14.910000,1770369864.399714
0.345260,0.156160,1.396900,34.090000,-13.090000,14.280000,1770369864.407719
0.458476,0.000000,1.688236,42.980000,23.450001,3.640000,1770369864.415768
0.615612,-0.205692,2.054480,58.380001,45.009998,-3.710000,1770369864.423732
0.559248,-0.292556,2.158912,62.230000,47.250000,-11.200000,1770369864.431723
0.408456,-0.311832,2.234552,46.270000,38.570000,-5.530000,1770369864.439712
0.299144,-0.339160,2.149884,24.639999,23.170000,-4.270000,1770369864.447747
0.263764,-0.370148,2.047892,6.650000,-3.780000,2.520000,1770369864.455716
0.213744,-0.389180,1.963468,-11.760000,-33.040001,3.360000,1770369864.463720
0.194956,-0.352824,1.813164,-31.850000,-62.509998,1.470000,1770369864.471721
0.216672,-0.312808,1.586976,-50.119999,-86.379997,-3.080000,1770369864.479748
0.269864,-0.277184,1.314672,-60.970001,-106.750000,-0.910000,1770369864.487821
0.339892,-0.219600,1.051640,-60.830002,-119.279999,-6.720000,1770369864.495747
0.415532,-0.126880,0.842288,-57.820000,-122.290001,-1.050000,1770369864.503718
0.471408,-0.038064,0.628788,-55.720001,-115.290001,2.800000,1770369864.511703
0.506300,0.028792,0.495076,-50.889999,-98.000000,10.640000,1770369864.519719
0.534604,0.065392,0.386008,-41.369999,-73.779999,15.260000,1770369864.527773
0.524600,0.078080,0.304024,-34.160000,-43.889999,17.990000,1770369864.535746
0.489464,0.096136,0.236924,-24.360001,-12.390000,19.879999,1770369864.543718
0.442860,0.116388,0.180560,-14.420000,17.080000,18.200001,1770369864.551713
0.368684,0.139568,0.159088,-7.560000,45.430000,17.920000,1770369864.559791
0.298168,0.161772,0.145668,-4.340000,67.760002,16.590000,1770369864.567714
0.224236,0.183244,0.143716,-1.540000,84.349998,15.330000,1770369864.575743
0.163236,0.200812,0.162504,0.350000,97.790001,12.110000,1770369864.583762
0.107848,0.197152,0.195444,1.540000,103.879997,8.960000,1770369864.591714
0.075152,0.147864,0.268156,3.640000,103.110001,3.500000,1770369864.599717
0.060756,0.098088,0.364048,8.330000,94.709999,-1.120000,1770369864.607717
0.069784,0.051972,0.497760,21.209999,81.129997,-6.090000,1770369864.615758
0.113704,0.009272,0.783240,35.419998,60.689999,-7.210000,1770369864.623823
0.176900,-0.005612,1.148996,47.320000,38.779999,-8.330000,1770369864.631717
0.255712,-0.021228,1.518900,58.380001,18.760000,-10.360000,1770369864.639722
0.371368,-0.022448,1.796816,64.680000,9.240000,-11.060000,1770369864.647710
0.480924,-0.022692,1.873676,60.410000,7.140000,-4.410000,1770369864.655877
0.613416,-0.080032,1.833660,47.320000,0.700000,6.160000,1770369864.663774
0.656848,-0.179096,1.804136,31.780001,-6.090000,11.550000,1770369864.671726
0.689544,-0.290360,1.858548,15.540000,0.280000,10.010000,1770369864.679733
0.713700,-0.412604,1.997140,6.090000,18.410000,8.330000,1770369864.687718
0.654164,-0.517280,2.099376,-5.250000,50.470001,4.970000,1770369864.695723
0.494832,-0.578524,2.047404,-11.550000,84.349998,-2.170000,1770369864.703795
0.312076,-0.556076,1.927844,-18.969999,110.879997,-10.780000,1770369864.711715
0.136396,-0.445788,1.787300,-26.600000,126.279999,-17.780001,1770369864.719717
-0.041480,-0.300364,1.605032,-32.549999,124.949997,-22.400000,1770369864.727775
-0.218868,-0.145912,1.352980,-37.869999,114.800003,-29.120001,1770369864.735748
-0.347212,0.006832,1.038220,-39.619999,95.550003,-40.250000,1770369864.743718
-0.423096,0.152500,0.783728,-35.000000,68.949997,-48.369999,1770369864.751706
-0.468236,0.267668,0.628544,-27.650000,40.040001,-55.790001,1770369864.759728
-0.467260,0.369660,0.532896,-21.980000,14.000000,-56.070000,1770369864.767763
-0.440176,0.447252,0.451888,-17.360001,-7.420000,-51.520000,1770369864.775731
-0.397232,0.476532,0.318664,-12.250000,-26.809999,-49.000000,1770369864.783724
-0.338916,0.493368,0.170312,-8.890000,-41.860001,-43.680000,1770369864.791786
-0.280356,0.494588,0.077348,-7.560000,-53.970001,-35.419998,1770369864.799746
-0.227896,0.494344,0.021472,-6.860000,-64.610001,-32.130001,1770369864.807846
-0.162260,0.476044,-0.027084,-8.540000,-76.230003,-22.820000,1770369864.815722
-0.098088,0.448228,-0.078080,-6.230000,-87.779999,-18.480000,1770369864.823714
-0.030012,0.410408,-0.032940,-1.330000,-98.559998,-12.600000,1770369864.831800
0.033916,0.354044,0.125172,7.070000,-101.220001,-3.640000,1770369864.839756
0.097112,0.314516,0.361852,18.760000,-98.980003,-1.890000,1770369864.847723
0.175192,0.300120,0.688324,31.010000,-88.129997,5.530000,1770369864.855717
0.235704,0.294996,0.977708,40.529999,-77.209999,7.420000,1770369864.863719
0.263520,0.253760,1.176080,45.639999,-59.990002,10.990000,1770369864.871725
0.277916,0.177388,1.310768,44.099998,-39.200001,12.320000,1770369864.879787
0.283528,0.066368,1.412272,41.160000,-9.100000,7.490000,1770369864.887723
0.356484,-0.092232,1.676524,47.810001,26.040001,-2.380000,1770369864.895707
0.476288,-0.324276,2.051796,67.550003,55.230000,-12.040000,1770369864.903717
0.465064,-0.456280,2.225768,80.709999,58.660000,-18.760000,1770369864.911719
0.343552,-0.497516,2.301408,64.260002,44.380001,-13.860000,1770369864.919749
0.233996,-0.515328,2.179652,38.080002,15.540000,-13.300000,1770369864.927724
0.198372,-0.600240,2.051064,15.750000,-17.430000,-0.910000,1770369864.935716
0.201300,-0.633912,2.006656,-1.680000,-51.099998,0.000000,1770369864.943712
0.238876,-0.566324,1.896612,-19.110001,-84.489998,0.560000,1770369864.951860
0.299876,-0.431392,1.718492,-37.099998,-109.690002,0.630000,1770369864.959733
0.367952,-0.306220,1.462536,-49.209999,-126.419998,0.070000,1770369864.967718
0.420656,-0.182024,1.198528,-59.919998,-133.350006,2.380000,1770369864.975795
0.460672,-0.044896,0.952088,-61.529999,-132.300003,4.550000,1770369864.983863
0.505568,0.091500,0.719800,-62.160000,-121.730003,12.880000,1770369864.991705
0.541192,0.158112,0.557052,-58.939999,-101.849998,19.879999,1770369864.999726
0.552416,0.193492,0.431392,-54.529999,-78.190002,28.070000,1770369865.007719
0.529724,0.226920,0.304268,-49.209999,-48.860001,29.049999,1770369865.015746
0.470676,0.263520,0.209108,-42.490002,-17.080000,29.540001,1770369865.023761
0.402844,0.295972,0.128832,-36.750000,13.090000,27.510000,1770369865.031713
0.332084,0.306220,0.064172,-35.419998,40.599998,22.680000,1770369865.039723
0.265228,0.314516,0.022448,-32.900002,63.560001,23.170000,1770369865.047781
0.211304,0.306220,0.006344,-29.959999,76.650002,18.760000,1770369865.056034
0.160796,0.266204,0.042212,-26.389999,84.839996,21.559999,1770369865.063987
0.124684,0.206180,0.126636,-19.110001,84.070000,13.930000,1770369865.071872
0.104188,0.133468,0.247660,-5.460000,79.730003,5.600000,1770369865.079753
0.115900,0.068076,0.395768,9.800000,70.419998,-4.550000,1770369865.087738
0.142496,0.005368,0.547292,30.100000,59.570000,-10.010000,1770369865.095701
0.198860,-0.073932,0.752984,55.509998,42.349998,-15.610000,1770369865.103718
0.288164,-0.129808,1.015772,78.400002,26.389999,-20.719999,1770369865.111728
0.394548,-0.184708,1.334924,99.260002,10.570000,-21.490000,1770369865.119843
0.494588,-0.192272,1.626016,108.919998,-1.540000,-14.770000,1770369865.127739
0.542900,-0.164456,1.779248,101.150002,-11.200000,-12.320000,1770369865.135717
0.672220,-0.235460,1.772172,74.059998,-23.730000,-8.750000,1770369865.143714
0.829112,-0.392108,1.703852,50.049999,-32.130001,-7.210000,1770369865.151703
0.928664,-0.611464,1.760704,32.549999,-23.590000,-0.700000,1770369865.159857
1.000644,-0.798612,1.871968,21.209999,7.770000,4.130000,1770369865.167748
0.985028,-0.913292,1.922964,11.200000,52.919998,10.010000,1770369865.175709
0.804956,-0.918904,1.860500,0.630000,105.769997,0.630000,1770369865.183713
0.578036,-0.759816,1.739232,-12.460000,153.860001,-11.550000,1770369865.191711
0.359412,-0.519964,1.650416,-21.000000,189.419998,-23.590000,1770369865.199704
0.152744,-0.260592,1.572092,-33.810001,205.589996,-37.450001,1770369865.207779
-0.046116,-0.049532,1.423008,-43.750000,207.899994,-49.700001,1770369865.215712
-0.216428,0.139568,1.184864,-49.560001,192.080002,-63.070000,1770369865.223704
-0.347944,0.303292,0.898896,-45.360001,166.320007,-70.839996,1770369865.231710
-0.459696,0.455060,0.696376,-33.669998,134.610001,-74.059998,1770369865.239706
-0.555832,0.569740,0.563884,-17.780001,101.220001,-71.610001,1770369865.247710
-0.609512,0.663192,0.474580,-9.100000,68.529999,-64.820000,1770369865.255705
-0.627568,0.726876,0.397720,-4.200000,43.610001,-56.560001,1770369865.263736
-0.615124,0.737368,0.295240,-9.310000,21.770000,-41.299999,1770369865.271718
-0.576084,0.705160,0.167628,-19.670000,-0.280000,-33.669998,1770369865.279710
-0.510936,0.679784,0.034648,-28.770000,-21.770000,-28.000000,1770369865.287711
-0.435540,0.640256,-0.042212,-37.869999,-40.880001,-20.160000,1770369865.295794
-0.363560,0.555100,-0.045628,-35.770000,-52.779999,-11.690000,1770369865.303713
-0.305976,0.448716,0.036844,-27.510000,-60.970001,0.000000,1770369865.311694
-0.263520,0.335012,0.226676,-9.240000,-61.180000,11.200000,1770369865.319719
-0.223016,0.264252,0.489220,4.900000,-60.410000,16.870001,1770369865.327705
-0.193980,0.207156,0.800076,14.980000,-65.099998,24.010000,1770369865.335706
-0.192272,0.120292,1.036756,10.430000,-67.550003,21.700001,1770369865.343716
-0.169092,-0.000976,1.186328,7.350000,-70.209999,23.030001,1770369865.351714
-0.148596,-0.142008,1.299300,6.440000,-73.919998,17.360001,1770369865.359736
-0.101016,-0.352580,1.517436,18.410000,-68.809998,16.240000,1770369865.367717
0.013176,-0.717360,1.896368,49.070000,-57.189999,21.770000,1770369865.375725
0.069540,-1.020652,2.228452,79.589996,-43.820000,27.650000,1770369865.383741
0.066124,-1.078724,2.369484,87.709999,-48.650002,22.330000,1770369865.391720
0.077104,-1.019432,2.225036,69.790001,-69.650002,16.590000,1770369865.399720
0.104676,-0.978440,2.012024,50.959999,-98.629997,16.030001,1770369865.407786
0.171532,-0.918172,1.857816,32.970001,-126.699997,20.230000,1770369865.415713
0.256200,-0.783972,1.756068,17.780001,-147.000000,25.129999,1770369865.423736
0.355508,-0.610732,1.647976,2.800000,-157.080002,28.000000,1770369865.431721
0.441640,-0.436272,1.506212,-17.080000,-159.320007,32.830002,1770369865.439714
0.489952,-0.285236,1.299544,-30.870001,-154.419998,37.939999,1770369865.447733
0.523380,-0.144448,1.072868,-38.639999,-144.479996,44.730000,1770369865.455705
0.544608,-0.010980,0.876448,-38.990002,-131.669998,51.450001,1770369865.463747
0.538020,0.109068,0.703452,-41.509998,-115.500000,58.099998,1770369865.471727
0.521428,0.232776,0.535824,-42.840000,-95.760002,56.070000,1770369865.479746
0.494832,0.348920,0.396012,-44.520000,-74.269997,60.759998,1770369865.487874
0.463600,0.462380,0.280356,-42.770000,-52.290001,56.419998,1770369865.495709
0.422852,0.551196,0.213500,-38.009998,-31.150000,56.630001,1770369865.503697
0.386496,0.600484,0.190076,-39.410000,-10.430000,51.099998,1770369865.511723
0.353312,0.615856,0.175436,-40.950001,9.590000,49.000000,1770369865.519714
0.336964,0.570228,0.143716,-44.380001,20.650000,46.759998,1770369865.527729
0.331596,0.488000,0.130540,-42.279999,28.209999,47.320000,1770369865.535743
0.346968,0.373808,0.167140,-31.990000,20.860001,45.430000,1770369865.543718
0.379420,0.255468,0.236192,-17.780001,9.590000,41.790001,1770369865.551700
0.415288,0.119316,0.340136,2.100000,-1.960000,37.520000,1770369865.559740
0.457988,-0.021228,0.467260,25.270000,-11.620000,34.230000,1770369865.567718
0.499956,-0.184708,0.609512,50.049999,-15.190000,30.870001,1770369865.575741
0.540704,-0.339648,0.768600,77.839996,-15.400000,22.680000,1770369865.583723
0.578524,-0.467504,0.943304,100.589996,-13.720000,12.810000,1770369865.591748
0.681248,-0.537532,1.156804,117.040001,-12.740000,3.710000,1770369865.599882
0.797392,-0.643916,1.401780,117.599998,-16.309999,-4.410000,1770369865.607766
0.899140,-0.758840,1.611376,99.470001,-15.050000,-12.950000,1770369865.615710
1.004304,-0.890844,1.703852,74.830002,-6.230000,-20.930000,1770369865.623703
1.064084,-1.002352,1.695800,53.410000,13.230000,-29.049999,1770369865.631744
1.109956,-1.018944,1.629432,37.099998,38.360001,-37.660000,1770369865.639807
1.104344,-0.944524,1.548668,24.219999,67.760002,-47.320000,1770369865.647704
1.024312,-0.816424,1.470100,10.990000,97.930000,-61.740002,1770369865.655696
0.898896,-0.631228,1.398364,1.750000,128.520004,-79.099998,1770369865.663734
0.774212,-0.344040,1.331264,-7.000000,150.009995,-94.849998,1770369865.671778
0.644892,-0.023424,1.257576,-16.870001,157.360001,-115.360001,1770369865.679744
0.516060,0.254492,1.134112,-30.100000,157.710007,-135.660004,1770369865.687723
0.412116,0.485804,0.944280,-38.849998,159.039993,-145.809998,1770369865.695717
0.315980,0.663924,0.750300,-39.759998,158.479996,-146.580002,1770369865.703712
0.213012,0.801784,0.632936,-37.450001,164.990005,-145.320007,1770369865.711705
0.168848,0.972340,0.626348,-35.840000,176.610001,-136.080002,1770369865.719812
0.074420,1.007476,0.704916,-43.750000,192.289993,-120.400002,1770369865.727742
-0.006100,1.031144,0.707600,-60.759998,204.330002,-113.540001,1770369865.735716
-0.109800,0.825696,0.613416,-73.500000,219.309998,-98.559998,1770369865.743716
-0.245708,0.517280,0.501176,-78.610001,233.240005,-81.269997,1770369865.751731
-0.409188,0.231556,0.413336,-69.089996,241.500000,-63.980000,1770369865.759970
-0.610000,0.016104,0.442128,-51.939999,241.710007,-44.310001,1770369865.767688
-0.868396,-0.177144,0.565348,-35.209999,237.300003,-24.709999,1770369865.775718
-1.136308,-0.386984,0.703696,-18.549999,230.440002,-10.010000,1770369865.783721
-1.331752,-0.618052,0.835212,-4.550000,218.190002,13.440000,1770369865.791729
-1.440576,-0.883280,0.973560,11.830000,201.949997,49.279999,1770369865.799749
-1.521096,-1.115324,1.154852,26.320000,178.080002,93.029999,1770369865.807715
-1.604544,-1.146556,1.308816,28.559999,144.899994,142.800003,1770369865.815711
-1.648952,-1.087264,1.335168,18.760000,95.059998,187.389999,1770369865.823821
-1.676280,-1.026264,1.141188,-9.100000,16.170000,227.710007,1770369865.831712
-1.702876,-0.957212,0.874740,-40.529999,-81.410004,264.880005,1770369865.839714
-1.738988,-0.819840,0.589748,-66.150002,-169.960007,292.739990,1770369865.847716
-1.775100,-0.579988,0.444812,-72.169998,-234.289993,298.339996,1770369865.855693
-1.744844,-0.295728,0.386984,-58.730000,-269.220001,268.799988,1770369865.863729
-1.709952,-0.361364,0.319640,-62.930000,-280.769989,208.110001,1770369865.871751
-1.443016,-0.420412,0.263520,-72.169998,-306.600006,159.669998,1770369865.879842
-1.284172,-0.384544,0.201544,-89.180000,-346.149994,119.209999,1770369865.887728
-1.134844,-0.249856,0.009760,-97.089996,-399.350006,74.690002,1770369865.895717
-0.895724,-0.033916,-0.161284,-76.860001,-471.380005,22.680000,1770369865.903718
-0.538264,0.065148,-0.103212,-41.860001,-576.380005,-39.480000,1770369865.911746
-0.128588,0.061732,0.221796,-11.410000,-682.429993,-100.870003,1770369865.919795
0.494100,-0.081252,0.620248,1.190000,-804.440002,-144.759995,1770369865.927723
1.079700,-0.161284,0.560468,-25.760000,-931.070007,-174.860001,1770369865.935715
1.746064,0.058804,-0.014396,-61.110001,-1079.400024,-220.080002,1770369865.943717
2.571272,0.216184,-1.092876,-130.899994,-1170.329956,-243.809998,1770369865.951735
3.733444,0.363560,-1.808284,-144.759995,-1065.959961,-241.080002,1770369865.959750
4.895372,0.877424,-2.833328,-131.320007,-784.700012,-198.380005,1770369865.967720
5.857708,1.878312,-3.642188,-104.930000,-423.429993,-159.669998,1770369865.975761
6.223464,2.074488,-3.266916,-139.440002,10.780000,-71.400002,1770369865.983809
5.792804,0.991616,-2.087908,-172.619995,385.279999,-14.630000,1770369865.991730
4.604524,0.148352,-1.579412,-195.720001,663.390015,11.970000,1770369865.999729
3.267892,-0.423096,-1.553304,-186.479996,847.280029,38.709999,1770369866.007822
2.128900,-1.070184,-1.553792,-149.869995,963.200012,89.110001,1770369866.015697
1.163880,-1.497428,-1.555500,-88.129997,1075.760010,198.800003,1770369866.023716
0.508984,-1.539396,-1.794864,-9.380000,1171.030029,305.339996,1770369866.031719
-0.255468,-1.196576,-2.139636,85.050003,1266.930054,425.529999,1770369866.039718
-1.137772,-0.470676,-2.592012,181.929993,1356.390015,503.790009,1770369866.047807
-2.428288,0.874008,-3.150284,191.240005,1363.599976,496.579987,1770369866.055700
-4.328804,2.635444,-3.161020,60.410000,1223.670044,348.390015,1770369866.063951
-6.813700,3.249836,-0.595360,-196.490005,930.719971,107.870003,1770369866.072009
-7.994416,1.172908,1.281488,-197.259995,469.350006,52.150002,1770369866.079886
-7.373192,-0.281088,0.519720,-143.990005,-101.010002,-7.560000,1770369866.087724
-5.428268,-1.184620,0.435540,-75.040001,-504.000000,12.250000,1770369866.095732
-3.788344,-1.351760,0.267668,-21.000000,-743.750000,-39.830002,1770369866.103720
-2.427556,-1.306132,0.164456,-12.740000,-882.280029,-119.699997,1770369866.111750
-1.265628,-1.172420,0.228628,43.540001,-975.030029,-228.690002,1770369866.119814
-0.360632,-0.928664,0.343064,77.279999,-1044.119995,-343.140015,1770369866.127735
0.413580,-0.367708,0.315004,104.650002,-1118.739990,-453.040009,1770369866.135714
0.851316,0.318664,0.230824,90.930000,-1149.469971,-473.829987,1770369866.143717
1.887584,1.409588,-0.170800,-14.420000,-1158.359985,-451.359985,1770369866.151713
3.780780,3.187616,-0.902800,-97.019997,-1113.979980,-293.019989,1770369866.159814
4.804116,3.438936,-2.814540,-157.850006,-839.090027,-152.949997,1770369866.167752
4.916844,2.622512,-3.286680,-210.350006,-339.850006,-14.070000,1770369866.175715
5.059096,1.395192,-2.307752,-247.169998,125.510002,-24.920000,1770369866.183714
4.549868,-0.166652,-1.297836,-223.229996,527.799988,0.560000,1770369866.191724
3.577040,-0.883036,-0.946232,-161.630005,802.409973,32.759998,1770369866.199744
2.553704,-1.321016,-0.915000,-102.620003,989.940002,82.250000,1770369866.207713
1.487424,-1.753628,-0.978196,-47.040001,1139.319946,172.130005,1770369866.215712
0.371612,-1.733864,-1.431548,21.629999,1283.310059,294.769989,1770369866.223739
-0.786656,-1.501820,-2.194780,73.500000,1431.290039,436.450012,1770369866.231699
-1.840736,-1.195112,-3.126128,89.879997,1501.569946,523.039978,1770369866.239715
-2.930928,0.566080,-3.868864,175.490005,1440.670044,464.799988,1770369866.247712
-6.732936,1.551352,-2.521008,46.130001,1127.349976,245.559998,1770369866.255695
-7.994416,2.581276,-1.586244,-136.360001,559.580017,103.040001,1770369866.263761
-7.994416,1.450336,-1.929796,-194.949997,-198.800003,76.930000,1770369866.271715
-5.972876,0.623420,-1.156316,-146.860001,-712.250000,86.940002,1770369866.279711
-3.823236,0.248880,-0.718824,-92.680000,-955.570007,51.029999,1770369866.287709
-2.540284,0.187392,-0.599996,-60.060001,-1056.650024,18.340000,1770369866.295792
-1.717516,-0.050752,-0.711260,-53.480000,-1100.750000,-34.860001,1770369866.303721
-0.872788,-0.265716,-0.867908,-38.220001,-1161.579956,-113.050003,1770369866.311713
-0.263520,-0.417484,-1.085800,-11.130000,-1248.589966,-243.669998,1770369866.319712
0.235460,-0.147132,-1.399340,16.030001,-1355.479980,-353.079987,1770369866.327738
0.748348,0.078812,-1.849764,-6.510000,-1425.479980,-408.170013,1770369866.335707
1.818288,0.757132,-2.780624,-108.430000,-1413.579956,-386.190002,1770369866.343781
3.595096,2.004704,-4.028440,-226.240005,-1246.699951,-366.380005,1770369866.351697
6.827364,3.656828,-5.378492,-202.509995,-888.020020,-220.500000,1770369866.359808
7.983680,3.463824,-4.339540,-115.639999,-431.200012,-56.980000,1770369866.367714
7.983680,1.967128,-2.348988,-150.009995,62.790001,11.760000,1770369866.375697
6.699508,0.230824,-1.593320,-206.570007,420.700012,16.379999,1770369866.383740
5.049580,-0.666120,-1.567212,-217.419998,650.299988,33.110001,1770369866.391817
3.602904,-1.162416,-1.697020,-168.839996,812.559998,78.120003,1770369866.399762
2.421212,-1.305400,-1.557940,-83.580002,932.960022,154.490005,1770369866.407723
1.444480,-1.539884,-1.341756,-6.090000,1058.050049,265.720001,1770369866.415718
0.612196,-1.277340,-1.487668,69.930000,1190.280029,402.779999,1770369866.423855
-1.050664,-1.150704,-2.349476,142.520004,1249.500000,584.150024,1770369866.431714
-2.003728,0.937448,-2.287256,147.979996,1314.459961,492.799988,1770369866.439717
-3.258132,2.034960,-2.754272,104.650002,1327.550049,444.010010,1770369866.447717
-5.535872,3.203720,-2.848700,-71.470001,1207.709961,125.720001,1770369866.455707
-7.948300,2.658380,0.199104,-273.980011,804.020020,-24.570000,1770369866.463727
-7.990512,1.026752,-0.356728,-235.479996,157.009995,-29.820000,1770369866.471721
-6.221756,-0.466528,-0.135176,-150.080002,-429.170013,-28.770000,1770369866.479725
-4.456172,-1.089948,-0.041236,-55.369999,-786.869995,-26.809999,1770369866.487785
-2.866512,-1.097268,0.017812,-8.330000,-992.669983,-88.900002,1770369866.495723
-1.473028,-1.455216,0.118096,19.459999,-1138.689941,-147.770004,1770369866.503716
-0.306708,-1.643340,0.102236,30.660000,-1252.510010,-296.519989,1770369866.511751
0.553148,-1.230736,-0.053192,32.060001,-1334.410034,-402.010010,1770369866.519709
1.413492,-0.328912,-0.779092,24.150000,-1446.619995,-513.590027,1770369866.527710
2.363872,0.673684,-2.390712,-37.660000,-1513.959961,-528.080017,1770369866.535715
4.414204,2.710352,-3.926692,-89.949997,-1261.260010,-451.010010,1770369866.543807
6.536272,3.993548,-5.415824,-66.430000,-787.640015,-222.529999,1770369866.551748
7.366848,3.688792,-4.925140,-87.290001,-183.399994,-81.970001,1770369866.559765
7.091372,1.859768,-2.736948,-197.960007,351.679993,-41.790001,1770369866.567736
5.519280,0.797636,-2.068144,-229.600006,741.580017,8.750000,1770369866.575730
3.991108,0.074908,-1.836344,-215.460007,956.340027,51.450001,1770369866.583746
2.590792,-0.616588,-1.566724,-164.779999,1078.770020,108.220001,1770369866.591704
1.582340,-1.150704,-1.490840,-102.830002,1186.290039,221.899994,1770369866.599726
0.664656,-1.333704,-1.666276,-25.900000,1310.050049,364.000000,1770369866.607720
-0.202764,-1.326384,-2.218692,35.490002,1450.819946,528.429993,1770369866.615731
-1.135332,-0.534360,-3.220312,82.180000,1574.930054,633.150024,1770369866.623704
-2.564684,1.108248,-4.718228,119.209999,1539.229980,577.710022,1770369866.631733
-5.337256,4.013312,-5.915292,-1.540000,1250.479980,348.739990,1770369866.639757
-7.989780,3.849100,-2.530768,-271.670013,858.900024,22.680000,1770369866.647720
-7.994416,1.574532,0.705648,-283.779999,379.119995,41.860001,1770369866.655728
-7.994416,0.192028,-0.576816,-193.059998,-336.420013,-9.240000,1770369866.663734
-5.997764,-1.009428,-0.776896,-59.290001,-802.760010,-10.360000,1770369866.671864
-3.817136,-1.302228,-0.481656,5.180000,-999.109985,20.299999,1770369866.679716
-2.532964,-1.306864,-0.513620,1.190000,-1094.729980,-38.220001,1770369866.687715
-1.403000,-1.117520,-0.742004,-2.100000,-1153.250000,-130.410004,1770369866.695726
-0.595604,-1.073356,-0.894260,17.080000,-1209.459961,-242.130005,1770369866.703769
0.131272,-0.815448,-1.114592,48.930000,-1295.489990,-394.730011,1770369866.711753
0.728096,-0.280112,-1.494256,54.389999,-1382.640015,-476.980011,1770369866.719725
2.058872,0.502884,-2.421212,-23.240000,-1413.229980,-497.209991,1770369866.727726
4.084804,2.450980,-3.635356,-133.699997,-1274.420044,-447.299988,1770369866.735853
7.137976,3.755892,-4.676748,-120.680000,-900.969971,-213.570007,1770369866.743712
7.424920,2.887496,-4.387608,-135.660004,-353.709991,-32.830002,1770369866.751703
7.049160,1.321992,-2.231380,-174.160004,176.190002,13.230000,1770369866.759727
5.913828,0.296460,-1.088728,-171.990005,579.669983,5.250000,1770369866.767747
4.524492,-0.393572,-0.823988,-137.759995,844.200012,7.980000,1770369866.775867
3.078548,-0.877180,-1.142408,-107.800003,1032.290039,86.660004,1770369866.783722
1.646512,-1.240496,-1.496940,-50.610001,1185.170044,208.740005,1770369866.791756
0.500688,-1.453996,-1.931992,16.450001,1331.469971,357.489990,1770369866.799727
-0.563640,-1.255624,-2.871636,98.489998,1470.489990,498.260010,1770369866.807810
-1.563552,-0.776652,-4.019656,151.270004,1532.229980,569.869995,1770369866.815710
-2.934100,0.671244,-5.394840,249.130005,1440.810059,481.390015,1770369866.823721
-5.802808,2.680096,-5.494148,133.770004,1198.750000,297.010010,1770369866.831719
-7.994416,3.907416,-1.005036,-151.130005,783.020020,51.240002,1770369866.839725
-7.994416,2.128900,0.632204,-217.490005,111.580002,29.400000,1770369866.847788
-7.958548,0.710528,-0.449936,-144.899994,-534.799988,13.440000,1770369866.855704
-4.786060,-0.110044,-0.656604,-26.389999,-874.369995,30.170000,1770369866.864018
-3.023160,-0.538508,-0.443592,15.680000,-997.570007,21.559999,1770369866.871746
-1.847812,-0.912072,-0.220820,28.980000,-1079.050049,-68.459999,1770369866.879838
-0.655628,-0.726144,-0.377224,48.160000,-1209.810059,-212.100006,1770369866.887714
0.042212,-0.354532,-0.517768,57.820000,-1337.280029,-347.200012,1770369866.895719
0.762744,0.276696,-0.576572,29.400000,-1436.329956,-406.140015,1770369866.903720
1.488400,0.944524,-0.943548,-72.730003,-1493.099976,-423.500000,1770369866.911726
3.721488,2.268712,-2.982656,-149.449997,-1439.550049,-308.489990,1770369866.919782
6.228832,3.547272,-5.004196,-90.300003,-1128.750000,-167.160004,1770369866.927730
7.981484,3.782732,-5.216476,-41.650002,-610.119995,-36.610001,1770369866.935789
7.983680,2.575176,-3.146624,-110.809998,11.200000,39.340000,1770369866.943793
7.374900,0.557540,-2.138172,-174.649994,481.670013,35.840000,1770369866.951760
5.306756,-0.620736,-1.852936,-173.740005,763.070007,49.910000,1770369866.959721
3.593876,-1.059936,-1.761680,-131.880005,931.489990,109.690002,1770369866.967763
2.236504,-1.211704,-1.665788,-50.750000,1066.449951,211.679993,1770369866.975818
1.200724,-1.061156,-1.587708,27.230000,1207.709961,351.890015,1770369866.983720
0.218380,-0.844972,-2.014952,94.779999,1368.010010,493.220001,1770369866.991723
-0.937936,0.111508,-2.718160,129.220001,1530.130005,568.190002,1770369866.999774
-2.631052,1.644804,-3.992084,112.349998,1591.030029,513.940002,1770369867.007728
-5.620052,3.545808,-5.613952,-30.870001,1462.300049,306.320007,1770369867.015712
-7.989536,3.382084,-2.371680,-256.970001,1053.150024,31.709999,1770369867.023712
-7.994416,0.834724,-0.093940,-178.710007,364.489990,1.400000,1770369867.031719
-7.994416,-0.506544,-0.728828,-172.619995,-438.200012,-30.030001,1770369867.039730
-6.123668,-1.029924,-0.279136,-37.310001,-837.549988,-22.190001,1770369867.047730
-3.600708,-1.376404,0.165676,36.400002,-1039.569946,-24.850000,1770369867.055820
-1.779492,-1.584292,-0.013908,36.189999,-1196.579956,-136.009995,1770369867.064024
-0.543632,-1.343464,-0.409920,42.279999,-1344.069946,-280.209991,1770369867.072024
0.215208,-0.815692,-0.904752,60.549999,-1483.089966,-438.410004,1770369867.079873
0.908900,-0.288896,-1.422520,46.480000,-1585.010010,-511.910004,1770369867.087719
1.936140,0.543632,-3.039752,-28.770000,-1584.729980,-487.760010,1770369867.095724
4.084072,2.048136,-5.080568,-87.150002,-1354.709961,-421.820007,1770369867.103835
6.761240,3.851540,-6.392068,-33.110001,-965.859985,-207.970001,1770369867.111725
7.983680,3.880088,-4.681628,-56.630001,-365.119995,-35.770000,1770369867.119723
7.983924,2.436096,-2.808196,-136.220001,240.660004,34.369999,1770369867.127710
6.338876,0.681492,-2.100108,-165.970001,659.330017,35.980000,1770369867.135809
4.329292,-0.210084,-1.724592,-135.100006,891.099976,64.260002,1770369867.143745
2.671800,-0.883280,-1.411296,-88.199997,1048.599976,128.240005,1770369867.151719
1.629676,-1.142408,-1.457900,-14.140000,1214.290039,247.100006,1770369867.159723
0.672708,-1.009672,-1.718736,82.180000,1378.439941,399.070007,1770369867.167781
-0.262544,-0.498980,-2.500024,163.869995,1513.469971,512.400024,1770369867.175753
-1.360544,0.514108,-3.844220,230.229996,1579.270020,546.070007,1770369867.183709
-3.211772,2.184776,-5.625664,158.759995,1400.420044,468.859985,1770369867.191714
-5.772796,3.909124,-6.246400,-95.550003,1046.359985,301.420013,1770369867.199718
-7.991488,3.281312,-0.348188,-242.410004,750.960022,85.190002,1770369867.207725
-7.994416,0.936228,0.921832,-158.550003,231.979996,30.870001,1770369867.215832
-7.591084,-0.530212,0.813984,-40.740002,-356.579987,-31.920000,1770369867.223706
-5.144984,-0.714432,0.598044,59.360001,-720.510010,-44.660000,1770369867.231710
-3.212504,-1.068476,0.389668,81.900002,-871.710022,-78.260002,1770369867.239713
-1.918084,-0.995764,0.244732,79.940002,-961.520020,-165.130005,1770369867.247713
-0.850828,-0.660020,0.194712,98.279999,-1047.900024,-286.579987,1770369867.255686
0.001464,0.005856,0.113216,118.930000,-1158.219971,-434.140015,1770369867.263786
0.932080,0.403332,-0.119560,103.250000,-1296.540039,-484.609985,1770369867.271722
2.469280,2.397788,-0.967948,61.529999,-1440.530029,-454.720001,1770369867.279739
3.740764,3.903756,-2.278472,19.530001,-1430.449951,-230.649994,1770369867.287720
4.951736,4.037468,-3.995500,-34.650002,-1080.800049,-78.470001,1770369867.295807
5.927004,3.318644,-4.386388,-89.389999,-454.579987,68.529999,1770369867.303743
5.816228,1.879776,-2.902624,-147.210007,94.919998,108.919998,1770369867.311715
5.023716,0.481168,-1.333460,-218.820007,455.489990,55.369999,1770369867.319711
4.126772,-1.206336,-0.341844,-207.970001,727.369995,58.310001,1770369867.327708
2.887740,-1.100928,-0.474092,-164.080002,949.830017,129.919998,1770369867.335750
1.591124,-0.908412,-0.725900,-101.849998,1113.770020,210.000000,1770369867.343718
0.385032,-0.864980,-1.236104,-59.639999,1256.290039,274.959991,1770369867.351710
-0.479948,-0.740784,-2.065460,-16.309999,1349.810059,293.510010,1770369867.359722
-1.267824,-0.534848,-3.210796,78.610001,1376.339966,292.950012,1770369867.367840
-2.269444,-0.190320,-4.083584,159.179993,1281.770020,291.829987,1770369867.375706
-3.631940,0.729560,-4.212660,107.099998,1068.900024,260.959991,1770369867.383726
-5.371416,1.849764,-1.612352,-99.680000,788.830017,169.679993,1770369867.391768
-7.724064,1.291980,1.857084,-166.110001,472.779999,95.269997,1770369867.399722
-6.787348,0.516304,2.234064,-112.209999,21.629999,14.350000,1770369867.407770
-5.160600,-0.181048,1.259284,-51.730000,-327.390015,-12.040000,1770369867.415709
-3.177368,-0.350628,0.205936,-13.650000,-557.900024,-23.730000,1770369867.423713
-2.083272,-0.409432,0.201544,20.090000,-693.140015,-16.100000,1770369867.431719
-1.373964,-0.444812,0.502640,48.930000,-749.070007,-25.340000,1770369867.439735
-0.869860,-0.398696,0.694180,70.910004,-758.520020,-40.810001,1770369867.447739
-0.461648,-0.484340,0.624640,74.970001,-723.030029,-67.269997,1770369867.455709
0.010004,-0.463600,0.332084,56.000000,-679.559998,-67.550003,1770369867.463809
0.267668,-0.273280,0.142496,36.610001,-614.390015,-56.770000,1770369867.471755
0.432124,-0.027084,0.093940,27.860001,-541.099976,-55.860001,1770369867.479718
0.664168,0.148108,0.122732,21.840000,-479.220001,-48.230000,1770369867.487718
0.794220,0.233264,0.234728,17.080000,-427.000000,-33.040001,1770369867.495734
0.915244,0.228384,0.399184,5.880000,-373.450012,-6.090000,1770369867.503733
1.009916,0.158356,0.518500,-0.770000,-334.600006,3.570000,1770369867.511727
1.173396,0.071248,0.690032,-5.040000,-311.779999,-0.910000,1770369867.519719
1.378844,0.020496,0.936960,-8.750000,-281.820007,-11.270000,1770369867.527742
1.638704,-0.002928,1.153388,-13.090000,-227.639999,-13.580000,1770369867.535748
1.950780,0.034160,1.231956,-1.120000,-160.860001,-6.300000,1770369867.543702
2.136952,0.097844,1.160220,29.330000,-100.870003,15.610000,1770369867.551736
2.139880,0.081008,1.058716,43.400002,-55.090000,54.180000,1770369867.559757
1.899784,0.049288,0.964044,36.540001,2.030000,78.330002,1770369867.567748
1.716052,0.027572,0.775920,21.629999,67.059998,97.650002,1770369867.575720
1.486936,-0.017812,0.607316,11.970000,126.980003,118.230003,1770369867.583716
1.176080,-0.079056,0.527772,6.650000,187.529999,137.830002,1770369867.591781
0.802028,0.026596,0.454572,17.990000,239.399994,140.350006,1770369867.599732
0.479216,0.111264,0.439688,28.629999,277.899994,129.919998,1770369867.607713
0.188368,0.192516,0.450180,30.309999,306.880005,115.290001,1770369867.615719
-0.071492,0.248880,0.491904,24.500000,336.630005,107.870003,1770369867.623702
-0.275476,0.318420,0.539972,-0.140000,343.420013,79.660004,1770369867.631748
-0.452864,0.328424,0.637816,-37.939999,322.350006,38.500000,1770369867.639830
-0.537776,0.291824,0.695888,-70.910004,288.750000,6.790000,1770369867.647738
-0.593408,0.173484,0.795196,-92.610001,249.830002,-11.620000,1770369867.655706
-0.627568,0.049044,0.950868,-94.010002,205.800003,-26.389999,1770369867.663718
-0.634156,-0.060756,1.168516,-82.809998,156.449997,-28.209999,1770369867.671744
-0.630496,-0.141764,1.323456,-66.849998,100.379997,-28.420000,1770369867.679812
-0.606096,-0.210816,1.317600,-43.959999,37.240002,-18.200001,1770369867.687712
-0.565104,-0.283284,1.235372,-20.020000,-38.779999,-4.620000,1770369867.695721
-0.489708,-0.346968,1.129476,2.660000,-110.949997,6.860000,1770369867.703777
-0.369416,-0.385764,1.057496,17.219999,-177.029999,18.620001,1770369867.711726
-0.214476,-0.407236,1.026264,33.110001,-233.869995,21.420000,1770369867.719718
-0.060756,-0.420412,0.988688,40.389999,-275.730011,26.320000,1770369867.727732
0.091744,-0.414556,0.934032,44.660000,-304.220001,20.230000,1770369867.735730
0.227652,-0.395280,0.875472,48.090000,-323.750000,17.080000,1770369867.743718
0.363072,-0.370392,0.814472,40.740002,-329.769989,11.340000,1770369867.751720
0.505324,-0.364048,0.721508,32.200001,-327.320007,1.120000,1770369867.759757
0.636352,-0.365268,0.610732,26.180000,-315.000000,-7.350000,1770369867.767811
0.756156,-0.378932,0.515084,22.330000,-293.510010,-15.540000,1770369867.775718
0.875716,-0.384788,0.458964,26.110001,-261.100006,-22.820000,1770369867.783794
1.000400,-0.384300,0.474336,30.309999,-219.729996,-35.419998,1770369867.791705
1.117276,-0.368928,0.534604,32.200001,-171.990005,-45.570000,1770369867.799725
1.206580,-0.335500,0.582428,34.299999,-123.620003,-58.590000,1770369867.807717
1.243912,-0.294752,0.616832,34.299999,-78.400002,-66.220001,1770369867.815789
1.240984,-0.248636,0.633668,34.930000,-43.889999,-74.620003,1770369867.823742
1.218048,-0.191296,0.615612,30.660000,-21.070000,-79.379997,1770369867.831723
1.179984,-0.147864,0.573156,29.959999,-4.410000,-79.379997,1770369867.839719
1.149240,-0.093940,0.537044,29.889999,6.160000,-83.089996,1770369867.847757
1.135576,-0.023668,0.569252,29.540001,14.210000,-80.010002,1770369867.855700
1.135332,0.074908,0.648064,31.080000,23.170000,-77.139999,1770369867.863737
1.116544,0.192516,0.673440,27.299999,36.610001,-77.209999,1770369867.871721
1.031632,0.346724,0.562176,23.520000,47.669998,-82.739998,1770369867.879723
0.997960,0.421632,0.481168,17.080000,56.560001,-85.400002,1770369867.887724
0.992104,0.577792,0.388936,6.440000,64.680000,-81.339996,1770369867.895720
1.014064,0.741760,0.399672,-0.350000,81.760002,-76.650002,1770369867.903714
1.057984,0.899872,0.503860,-12.880000,114.800003,-61.389999,1770369867.911725
1.153144,1.077992,0.616100,-21.840000,157.289993,-32.410000,1770369867.919736
1.102880,1.137772,0.682712,-34.790001,203.770004,-13.510000,1770369867.927800
0.996740,1.129720,0.674416,-43.610001,247.309998,-0.140000,1770369867.935719
0.846436,1.046028,0.638792,-50.889999,285.670013,8.260000,1770369867.943717
0.684176,0.908900,0.624396,-51.730000,321.649994,16.870001,1770369867.952056
0.519232,0.778848,0.632936,-43.189999,356.369995,24.150000,1770369867.959906
0.357460,0.662948,0.694180,-28.770000,391.089996,39.970001,1770369867.968081
0.200568,0.621956,0.794952,-12.110000,418.250000,50.889999,1770369867.975744
0.047336,0.575352,0.954772,3.640000,436.519989,56.419998,1770369867.983722
-0.070028,0.556320,1.056276,2.660000,442.750000,60.759998,1770369867.991721
-0.274744,0.385764,1.143384,-2.030000,446.880005,78.330002,1770369867.999839
-0.426268,0.248148,1.090924,-12.530000,445.760010,100.870003,1770369868.007735
-0.654652,0.198372,1.068964,-20.020000,395.640015,85.610001,1770369868.015717
-0.812520,0.038552,1.106540,-25.410000,355.600006,103.949997,1770369868.023716
-1.015284,0.029280,1.069208,-24.010000,314.720001,124.180000,1770369868.031710
-1.207068,0.010248,1.044076,-27.860001,261.589996,138.250000,1770369868.039738
-1.363472,-0.061488,1.078724,-25.690001,201.460007,138.460007,1770369868.047711
-1.456924,-0.117364,1.117764,-25.340000,145.250000,139.160004,1770369868.055700
-1.474736,-0.187148,1.178032,-27.719999,81.199997,135.380005,1770369868.064040
-1.464488,-0.261812,1.147044,-32.270000,36.259998,127.750000,1770369868.071901
-1.451068,-0.314272,1.089460,-34.509998,5.810000,124.040001,1770369868.079743
-1.392264,-0.294508,1.010404,-37.099998,-16.799999,122.220001,1770369868.087720
-1.351516,-0.307196,0.943792,-42.560001,-30.030001,120.330002,1770369868.095765
-1.222440,-0.356728,0.879132,-48.720001,-46.689999,113.050003,1770369868.103721
-1.163148,-0.398452,0.784948,-58.029999,-53.340000,105.980003,1770369868.111724
-1.070184,-0.432612,0.706380,-64.190002,-57.610001,100.309998,1770369868.119715
-0.997228,-0.424804,0.652944,-68.949997,-59.500000,94.080002,1770369868.127713
-0.926712,-0.382348,0.634156,-71.610001,-59.990002,85.260002,1770369868.135732
-0.864980,-0.339892,0.678076,-65.099998,-61.669998,80.779999,1770369868.143897
-0.816912,-0.400648,0.810324,-56.490002,-67.620003,65.309998,1770369868.151697
-0.776164,-0.439932,0.942816,-44.380001,-87.150002,50.189999,1770369868.159726
-0.743468,-0.407236,1.004304,-31.430000,-106.470001,29.049999,1770369868.167743
-0.688080,-0.349896,1.011380,-18.129999,-123.410004,13.580000,1770369868.175724
-0.588040,-0.291092,0.994788,1.260000,-137.270004,2.310000,1770369868.183709
-0.476776,-0.258640,0.920612,13.440000,-148.539993,-17.780001,1770369868.191715
-0.337940,-0.218380,0.786412,26.389999,-165.270004,-26.320000,1770369868.199712
-0.212036,-0.188612,0.672220,39.970001,-186.059998,-38.220001,1770369868.207727
-0.109800,-0.142252,0.604144,53.060001,-209.089996,-45.849998,1770369868.215811
-0.029768,-0.087108,0.604144,60.619999,-226.940002,-53.060001,1770369868.223705
0.063684,-0.015616,0.690032,60.900002,-237.160004,-58.730000,1770369868.231714
0.144936,0.056852,0.796172,62.020000,-240.940002,-63.490002,1770369868.239710
0.231556,0.118584,0.920856,53.060001,-237.860001,-68.669998,1770369868.247721
0.346236,0.196908,1.069696,37.169998,-229.039993,-71.260002,1770369868.255820
0.432124,0.272304,1.062620,20.440001,-215.949997,-82.180000,1770369868.263741
0.494100,0.239364,0.979416,10.990000,-207.899994,-81.059998,1770369868.271785
0.560224,0.194712,0.897920,7.630000,-201.809998,-80.360001,1770369868.279733
0.693936,0.136640,0.823500,2.310000,-200.759995,-84.629997,1770369868.287723
0.826672,0.076616,0.807640,-1.680000,-203.979996,-77.699997,1770369868.295763
0.943792,0.003172,0.808616,1.330000,-214.339996,-63.980000,1770369868.303717
1.045052,-0.061976,0.806176,0.980000,-223.160004,-55.650002,1770369868.311726
1.138016,-0.101748,0.785192,0.560000,-224.490005,-47.250000,1770369868.319716
1.229760,-0.134444,0.771040,-5.810000,-215.389999,-39.689999,1770369868.327710
1.309792,-0.163724,0.766404,-9.520000,-194.179993,-38.570000,1770369868.335709
1.386896,-0.188612,0.768600,-14.560000,-161.979996,-34.299999,1770369868.343798
1.447408,-0.246684,0.789828,-19.250000,-123.690002,-31.150000,1770369868.351717
1.477420,-0.253028,0.787632,-20.440001,-80.779999,-26.530001,1770369868.359725
1.455704,-0.229116,0.764208,-18.620001,-38.150002,-24.500000,1770369868.367811
1.389580,-0.136640,0.713700,-10.570000,3.710000,-18.270000,1770369868.375721
1.299544,0.011224,0.671488,-4.480000,38.779999,-16.590000,1770369868.383730
1.205848,0.217160,0.611952,3.430000,71.050003,-7.980000,1770369868.391747
1.115080,0.264008,0.614392,4.550000,95.339996,-0.560000,1770369868.399710
1.037488,0.304512,0.598044,-5.040000,116.059998,9.450000,1770369868.407768
0.950624,0.341356,0.582916,-7.910000,137.479996,22.889999,1770369868.415725
0.898652,0.307196,0.603900,-15.470000,146.300003,36.189999,1770369868.423716
0.860100,0.222040,0.676368,-28.980000,154.350006,25.830000,1770369868.431710
0.869372,0.445544,0.719312,-53.200001,122.080002,82.110001,1770369868.439745
0.939888,0.258396,0.782508,-58.450001,160.300003,76.510002,1770369868.447718
0.677100,0.191540,0.779580,-28.840000,223.789993,107.660004,1770369868.456086
0.528260,0.173972,0.752496,-17.080000,220.220001,81.550003,1770369868.463782
0.408212,0.269132,0.718824,-6.650000,203.699997,7.630000,1770369868.471736
0.182756,0.448228,0.639036,5.530000,202.229996,70.699997,1770369868.479722
0.045384,0.516060,0.708576,-5.530000,197.470001,52.430000,1770369868.487733
0.021472,0.223504,0.827892,-15.190000,178.639999,52.009998,1770369868.495715
0.030500,-0.021716,0.904752,-20.440001,154.699997,47.180000,1770369868.503715
0.070272,-0.121024,0.912072,-23.240000,140.279999,9.310000,1770369868.511720
0.100528,-0.030988,0.873276,-18.969999,144.339996,37.869999,1770369868.519781
-0.009028,0.045140,0.874984,-28.559999,150.220001,26.320000,1770369868.527719
-0.184708,-0.097844,1.012844,-21.770000,159.320007,55.860001,1770369868.535719
-0.447252,-0.202764,1.053836,-13.230000,150.710007,51.450001,1770369868.543713
-0.640256,-0.323788,1.096536,-14.420000,135.520004,60.619999,1770369868.551852
-0.697596,-0.470676,1.145580,-11.200000,122.010002,45.500000,1770369868.559737
-0.797636,-0.400892,1.263920,0.910000,106.470001,35.840000,1770369868.567823
-0.834968,-0.637328,1.298812,20.299999,88.059998,38.639999,1770369868.575725
-0.928664,-0.734440,1.387872,46.970001,62.790001,26.950001,1770369868.583720
-1.071160,-0.753472,1.368108,75.459999,34.160000,46.619999,1770369868.591733
-1.023092,-0.500444,1.321016,81.830002,2.800000,37.520000,1770369868.599719
-1.080676,-0.361852,1.351760,87.360001,-27.160000,48.860001,1770369868.607719
-0.976976,-0.229360,1.254160,67.339996,-57.959999,46.480000,1770369868.615752
-0.777872,-0.147132,1.134112,43.959999,-78.959999,48.090000,1770369868.623850
-0.587064,-0.228140,1.080676,35.000000,-92.050003,40.110001,1770369868.631746
-0.515816,-0.275720,1.070428,35.770000,-107.309998,44.169998,1770369868.639717
-0.368928,-0.207400,1.031632,36.540001,-115.430000,49.419998,1770369868.647704
-0.227164,-0.308904,0.880108,27.090000,-114.730003,27.860001,1770369868.655705
-0.037332,-0.204228,0.828868,7.910000,-97.790001,38.080002,1770369868.663725
0.015372,-0.265472,0.875472,15.190000,-79.940002,24.150000,1770369868.671715
0.146888,-0.120048,0.774212,4.550000,-48.299999,22.889999,1770369868.679731
0.142008,-0.049776,0.755424,1.540000,-17.430000,16.940001,1770369868.687723
0.027572,0.033916,0.854244,-1.750000,-4.620000,22.889999,1770369868.695868
-0.087840,0.184952,0.858880,-10.570000,5.460000,7.280000,1770369868.703715
-0.189100,0.227896,0.846436,-30.730000,6.020000,3.780000,1770369868.711728
-0.282308,0.198860,0.876448,-27.650000,-7.280000,0.770000,1770369868.719750
-0.171776,0.044408,0.838140,-20.930000,-23.730000,-20.020000,1770369868.727718
-0.308904,0.114436,0.856928,-4.830000,-48.720001,-23.799999,1770369868.735749
0.067100,-0.048556,0.849608,19.879999,-61.529999,-38.779999,1770369868.743766
-0.020252,0.146644,0.924028,29.820000,-58.590000,-44.380001,1770369868.751746
0.056852,0.163724,0.845216,27.510000,-66.010002,-56.349998,1770369868.759728
0.151768,0.188368,0.797636,23.170000,-63.630001,-58.799999,1770369868.767750
0.297680,0.271572,0.760548,10.710000,-48.230000,-70.139999,1770369868.775835
0.493856,0.295484,0.752984,-1.190000,-26.809999,-77.209999,1770369868.783725
0.639280,0.312320,0.784704,-18.410000,-1.190000,-83.930000,1770369868.791720
0.726388,0.177388,0.903532,-24.219999,13.230000,-83.160004,1770369868.799892
0.712236,0.116876,1.003816,-27.440001,17.219999,-84.769997,1770369868.807719
0.670512,0.036112,1.094340,-25.760000,3.920000,-78.820000,1770369868.815725
0.674904,0.009516,1.152168,-23.730000,-15.610000,-72.169998,1770369868.823717
0.723216,0.030988,1.183400,-27.370001,-33.180000,-59.990002,1770369868.831729
0.830088,0.017568,1.168272,-27.930000,-41.439999,-45.500000,1770369868.839724
0.908412,-0.051484,1.129720,-27.650000,-39.549999,-29.330000,1770369868.847729
0.878644,-0.102236,1.086776,-24.080000,-32.270000,-18.129999,1770369868.855714
0.738832,-0.188612,1.071160,-23.030001,-27.580000,-3.360000,1770369868.863721
0.556076,-0.294508,1.069940,-16.730000,-34.160000,3.570000,1770369868.871742
0.416508,-0.322324,1.093608,-13.580000,-45.220001,4.270000,1770369868.879798
0.379908,-0.296216,1.124352,-8.680000,-47.529999,-1.260000,1770369868.887712
0.413336,-0.297924,1.133380,-3.570000,-40.529999,-2.940000,1770369868.895719
0.423584,-0.247416,1.095560,4.620000,-27.370001,-12.810000,1770369868.903734
0.517524,-0.233264,1.032608,12.670000,-2.450000,-19.459999,1770369868.911721
0.492392,-0.157136,0.900360,14.560000,19.180000,-24.709999,1770369868.919723
0.437736,-0.120536,0.813008,7.000000,33.599998,-27.090000,1770369868.927758
0.385032,-0.128100,0.793000,0.420000,43.889999,-31.360001,1770369868.935742
0.408944,-0.192272,0.827404,1.890000,58.450001,-35.279999,1770369868.943713
0.389180,-0.173240,0.880352,2.520000,68.529999,-41.160000,1770369868.951717
0.332816,-0.116144,0.922564,0.000000,73.080002,-40.880001,1770369868.959740
0.268644,-0.090280,0.959164,-3.220000,72.660004,-37.660000,1770369868.967724
0.203984,-0.091500,0.990152,-8.120000,71.889999,-35.139999,1770369868.975731
0.121268,-0.084668,0.998692,-8.470000,67.970001,-28.420000,1770369868.983761
0.041724,-0.072956,1.004304,-5.880000,58.240002,-23.590000,1770369868.991728
-0.031720,-0.047824,1.001132,-2.590000,47.110001,-18.549999,1770369868.999793
-0.073688,-0.046360,0.996252,-0.140000,33.599998,-12.740000,1770369869.007733
-0.105896,-0.077348,1.012356,3.360000,18.549999,-7.700000,1770369869.015715
-0.088084,-0.118584,1.055300,12.530000,1.260000,-5.530000,1770369869.023725
-0.061732,-0.103212,1.060424,16.100000,-5.530000,-2.940000,1770369869.031726
-0.044896,-0.104432,1.029680,22.959999,-10.220000,-2.170000,1770369869.039795
0.015128,-0.101016,1.007720,22.400000,-8.960000,-2.730000,1770369869.047714
0.075884,-0.161528,1.108736,34.860001,-5.950000,-4.410000,1770369869.055708
0.052948,-0.068320,1.057008,40.880001,-7.210000,-2.240000,1770369869.063992
0.089304,-0.086864,1.023580,45.709999,-11.130000,-7.350000,1770369869.072245
0.019520,-0.050752,1.050176,45.430000,-14.070000,-2.590000,1770369869.079746
0.018300,-0.001708,1.169004,48.720001,-23.030001,1.540000,1770369869.087720
0.071248,0.127124,1.224636,37.590000,-27.299999,-1.120000,1770369869.095784
0.119316,0.189832,1.262456,26.110001,-28.280001,1.890000,1770369869.103716
0.159576,0.208864,1.259040,14.560000,-29.049999,2.380000,1770369869.111727
0.188612,0.182756,1.192428,2.660000,-28.910000,5.740000,1770369869.119726
0.217404,0.137372,1.099952,-6.440000,-26.740000,5.740000,1770369869.127714
0.239852,0.101504,1.014552,-10.010000,-16.730000,7.980000,1770369869.135959
0.234972,0.047336,0.979416,-10.010000,-4.620000,2.940000,1770369869.143718
0.213988,0.031476,1.000888,-8.470000,7.000000,5.040000,1770369869.151717
0.174216,0.059292,1.022360,-8.890000,16.240000,7.000000,1770369869.159716
0.124440,0.020740,1.072380,-11.620000,19.740000,0.000000,1770369869.167741
0.103700,0.000244,1.091656,-10.780000,20.160000,-0.140000,1770369869.175837
0.101992,0.040504,1.111908,-9.310000,21.980000,-0.490000,1770369869.183713
0.095404,0.054656,1.086776,-11.620000,24.639999,-1.260000,1770369869.191719
0.079788,0.033428,1.092388,-13.300000,22.610001,0.210000,1770369869.199716
0.072224,0.015616,1.072380,-12.320000,18.760000,4.760000,1770369869.207713
0.059048,0.002440,1.022360,-12.180000,17.080000,6.720000,1770369869.215862
0.056364,-0.027816,1.017968,-9.100000,15.680000,13.370000,1770369869.223714
0.021716,-0.055144,0.994788,-7.000000,15.750000,17.219999,1770369869.231718
0.002440,-0.066124,0.993080,-7.980000,13.580000,21.420000,1770369869.239708
0.008296,-0.097600,1.012600,-1.330000,8.260000,22.540001,1770369869.247701
-0.034404,-0.082960,0.984052,-0.910000,4.270000,23.170000,1770369869.255758
-0.011712,-0.069296,0.978196,1.680000,2.450000,23.940001,1770369869.263720
-0.001220,-0.027328,0.990152,1.120000,3.080000,25.760000,1770369869.271736
-0.004148,-0.001952,0.985272,-1.820000,6.300000,27.299999,1770369869.279751
0.018788,0.004148,0.983808,-5.810000,10.150000,23.030001,1770369869.287870
0.025376,0.002196,0.967460,-7.420000,15.330000,23.379999,1770369869.295705
0.040504,0.000000,0.953552,-6.790000,20.440001,23.170000,1770369869.303710
0.056364,-0.003416,0.954528,-6.020000,24.639999,22.820000,1770369869.311711
0.054656,-0.006100,0.954528,-5.040000,29.540001,18.340000,1770369869.319714
0.035624,-0.008296,0.956480,-3.710000,30.379999,15.050000,1770369869.327746
0.000976,0.001464,0.953796,-1.330000,27.580000,15.470000,1770369869.335715
-0.011712,0.024644,0.957212,-0.770000,29.049999,14.910000,1770369869.343706
-0.030500,0.042944,0.967460,-0.630000,30.030001,14.280000,1770369869.351708
-0.061732,0.055388,0.971852,-2.240000,30.240000,17.500000,1770369869.359716
-0.061976,0.061732,0.959164,-3.080000,31.709999,15.610000,1770369869.367704
-0.105164,0.059048,0.976000,-5.110000,32.130001,17.150000,1770369869.375822
-0.075640,0.039284,0.973804,-8.190000,34.720001,12.460000,1770369869.383753
-0.071980,0.005612,1.025044,-9.240000,39.410000,11.690000,1770369869.391731
-0.091988,-0.019276,1.065060,-8.960000,35.070000,9.520000,1770369869.399712
-0.100528,-0.041724,1.057984,-8.540000,31.360001,12.320000,1770369869.407771
-0.111508,-0.065880,1.042612,-7.700000,27.370001,9.100000,1770369869.415726
-0.113460,-0.056120,1.044564,-7.560000,24.639999,12.460000,1770369869.423753
-0.096868,-0.029280,1.053836,-7.980000,21.700001,11.690000,1770369869.431716
-0.066612,-0.011468,1.070672,-10.290000,23.870001,8.190000,1770369869.439756
-0.158356,-0.033916,1.084580,-5.460000,14.770000,14.000000,1770369869.447712
-0.164944,-0.005124,1.046516,-7.630000,10.570000,14.280000,1770369869.455723
-0.156648,-0.015860,1.030168,-5.670000,7.210000,13.790000,1770369869.463724
-0.143228,-0.014640,1.037976,-4.760000,4.760000,10.010000,1770369869.471730
-0.138836,-0.001952,1.044076,-3.150000,0.700000,13.370000,1770369869.479731
-0.117852,0.013664,1.042368,-0.910000,-1.960000,10.430000,1770369869.487820
-0.091988,0.014640,1.031876,-3.360000,-3.780000,8.610000,1770369869.495741
-0.078812,0.011224,1.032608,-1.400000,-5.320000,6.370000,1770369869.503715
-0.061244,0.015128,1.040660,-2.240000,-7.770000,6.720000,1770369869.511719
-0.037088,0.013420,1.043832,-1.680000,-7.840000,5.180000,1770369869.519711
-0.021472,0.022204,1.050664,-3.220000,-7.560000,4.690000,1770369869.527888
-0.031964,0.038308,1.063108,-4.130000,-7.000000,4.480000,1770369869.535722
-0.025620,0.037332,1.061400,-5.250000,-7.560000,3.150000,1770369869.543719
-0.021472,0.036112,1.054080,-5.460000,-7.560000,3.570000,1770369869.551716
-0.009028,0.031476,1.041392,-6.020000,-7.910000,2.660000,1770369869.559754
0.004636,0.019764,1.025288,-4.760000,-7.420000,0.840000,1770369869.567782
0.013664,0.021228,1.021628,-4.760000,-5.530000,5.250000,1770369869.575815
0.016592,0.026596,1.029680,-4.200000,-4.340000,-0.210000,1770369869.583717
0.020008,0.022692,1.033828,-4.340000,-4.130000,3.710000,1770369869.591721
0.022204,0.026108,1.039440,-4.130000,-2.660000,3.220000,1770369869.599711
0.019032,0.020496,1.051640,-4.410000,-2.730000,1.820000,1770369869.607745
0.017080,0.023424,1.058228,-4.550000,-1.120000,3.710000,1770369869.615752
0.022204,0.025132,1.061888,-4.900000,-1.120000,2.240000,1770369869.623848
0.038796,0.026840,1.064328,-7.140000,1.050000,1.890000,1770369869.631755
0.044164,0.035868,1.076040,-7.560000,0.770000,1.890000,1770369869.639713
0.036844,0.047092,1.061156,-9.310000,0.700000,3.920000,1770369869.647714
0.033672,0.046604,1.047736,-10.220000,1.470000,3.360000,1770369869.655715
0.037332,0.039528,1.030656,-9.660000,1.120000,5.250000,1770369869.663770
0.030988,0.039284,1.022116,-11.410000,1.750000,5.810000,1770369869.671782
0.027816,0.030988,1.020896,-9.170000,1.260000,6.090000,1770369869.679754
0.023668,0.020008,1.026264,-7.980000,-0.070000,6.300000,1770369869.687710
0.034648,0.022936,1.026508,-7.350000,0.140000,5.040000,1770369869.695715
0.047092,0.027816,1.029436,-4.480000,1.120000,7.070000,1770369869.703714
0.037332,0.034404,1.030168,-6.510000,3.150000,3.220000,1770369869.711712
0.036844,0.044164,1.039196,-6.020000,3.780000,5.810000,1770369869.719763
0.039772,0.050264,1.043100,-6.930000,3.780000,4.900000,1770369869.727733
0.046360,0.042700,1.032364,-7.140000,6.510000,5.320000,1770369869.735734
0.050752,0.036356,1.026508,-7.700000,7.910000,5.250000,1770369869.743720
0.048312,0.033916,1.029192,-5.600000,7.350000,3.780000,1770369869.751771
0.052704,0.043676,1.036756,-6.790000,8.540000,5.390000,1770369869.759735
0.054900,0.048312,1.042856,-7.560000,10.010000,4.480000,1770369869.767745
0.138836,0.019764,1.043344,-16.799999,22.680000,6.580000,1770369869.775755
0.112240,0.059292,1.045052,-3.640000,23.870001,12.110000,1770369869.783722
0.088328,0.040260,1.038220,-11.760000,23.520000,1.960000,1770369869.791723
0.031476,0.014152,1.027728,-8.470000,24.430000,15.050000,1770369869.799871
-0.019764,-0.001708,1.005036,-8.260000,25.200001,8.120000,1770369869.807717
-0.066368,-0.000976,1.010892,-8.540000,23.379999,17.430000,1770369869.815719
-0.073200,0.010492,1.028704,-5.460000,19.670000,16.940001,1770369869.823721
-0.046848,0.023668,1.039684,-8.260000,18.549999,14.630000,1770369869.831721
-0.026596,0.052948,1.064572,-9.100000,20.719999,13.230000,1770369869.839750
-0.018544,0.054900,1.115568,-9.240000,19.950001,8.610000,1770369869.847755
-0.038552,0.034648,1.108248,-10.080000,20.440001,14.350000,1770369869.855720
-0.040260,0.027084,1.100928,-7.980000,17.990000,10.430000,1770369869.863723
-0.029524,0.037820,1.099220,-9.450000,15.890000,14.140000,1770369869.871738
-0.028060,0.036356,1.107272,-8.540000,14.070000,10.990000,1770369869.879732
-0.033672,0.014884,1.076284,-8.190000,12.460000,16.520000,1770369869.887722
-0.029768,0.008052,1.057252,-7.420000,11.550000,16.940001,1770369869.895706
-0.030012,0.008296,1.054324,-6.370000,10.430000,18.059999,1770369869.903802
-0.032940,0.011224,1.057984,-6.440000,7.700000,18.760000,1770369869.911719
-0.016104,0.005856,1.053104,-7.350000,7.210000,18.059999,1770369869.919718
0.002196,-0.000732,1.030168,-8.190000,7.770000,17.920000,1770369869.927730
0.017568,-0.006832,1.009428,-9.240000,12.320000,17.219999,1770369869.935761
-0.000976,-0.022936,0.975512,-6.580000,14.000000,17.780001,1770369869.943723
-0.032696,-0.036844,0.914268,-6.650000,11.970000,19.180000,1770369869.951723
-0.057584,-0.050264,0.892552,-5.320000,9.240000,20.299999,1770369869.959735
-0.080032,-0.066368,0.941596,-2.450000,5.110000,18.549999,1770369869.967790
-0.060268,-0.075640,0.990152,-3.010000,8.890000,18.900000,1770369869.975739
-0.077104,-0.069052,1.019432,-2.240000,11.060000,15.260000,1770369869.983723
-0.105896,-0.064904,0.992104,-4.760000,12.460000,15.610000,1770369869.991723
-0.129320,-0.073200,0.992836,-4.200000,13.230000,14.140000,1770369869.999809
-0.169580,-0.063928,1.038464,-6.510000,11.550000,13.020000,1770369870.007734
-0.198860,-0.056608,1.095316,-7.420000,9.870000,13.370000,1770369870.015820
-0.213988,-0.054412,1.112152,-8.960000,9.380000,11.410000,1770369870.023718
-0.223748,-0.061000,1.092876,-10.010000,8.190000,10.640000,1770369870.031755
-0.235216,-0.067100,1.058228,-7.140000,8.750000,8.750000,1770369870.039810
-0.229116,-0.054412,1.040660,-0.420000,7.000000,8.400000,1770369870.047749
-0.222284,-0.035380,1.024800,3.920000,7.000000,3.990000,1770369870.055715
-0.225700,-0.011468,1.011380,11.340000,2.870000,5.390000,1770369870.063892
-0.222528,-0.003416,0.988444,15.470000,-2.310000,2.380000,1770369870.073814
