-0.332816,0.141032,0.999912,-6.230000,-12.110000,-27.510000,1770467752.064076
-0.308904,0.128588,1.021140,-3.430000,-15.260000,-29.540001,1770467752.072189
-0.270840,0.113948,1.036024,-3.010000,-16.240000,-33.459999,1770467752.080172
-0.234972,0.110044,1.040416,1.120000,-17.500000,-32.410000,1770467752.088130
-0.200812,0.107604,1.042124,0.980000,-17.150000,-34.160000,1770467752.096145
-0.174216,0.094428,1.043588,1.400000,-15.050000,-29.750000,1770467752.104150
-0.156160,0.074664,1.033096,1.960000,-11.480000,-32.619999,1770467752.112151
-0.140788,0.066856,1.028216,2.800000,-10.500000,-29.610001,1770467752.120177
-0.129564,0.060512,1.026020,0.560000,-7.700000,-26.110001,1770467752.128319
-0.124196,0.049288,1.028460,1.470000,-4.690000,-26.250000,1770467752.136180
-0.122976,0.043432,1.032852,0.630000,-0.980000,-19.320000,1770467752.144143
-0.141764,0.061488,1.015284,1.540000,3.430000,-21.209999,1770467752.152144
-0.138592,0.037088,1.018456,3.570000,7.420000,-13.650000,1770467752.160167
-0.166652,0.055632,0.988200,1.680000,9.100000,-17.709999,1770467752.168162
-0.199104,0.055388,0.988444,2.030000,5.950000,-8.400000,1770467752.176233
-0.207156,0.065636,0.986736,6.650000,7.980000,-4.620000,1770467752.184148
-0.233752,0.076372,0.974048,8.260000,7.630000,-4.830000,1770467752.192145
-0.250344,0.135176,0.972828,8.540000,4.550000,-6.370000,1770467752.200145
-0.246684,0.157136,0.962824,7.420000,5.880000,-1.750000,1770467752.208143
-0.254736,0.185684,0.951844,7.980000,3.500000,-3.850000,1770467752.216140
-0.251076,0.220820,0.936716,5.460000,4.060000,1.610000,1770467752.224132
-0.255224,0.223504,0.925980,5.670000,4.970000,-1.260000,1770467752.232145
-0.256444,0.208864,0.930372,1.960000,5.670000,-0.980000,1770467752.240153
-0.264496,0.170800,0.940620,1.190000,7.420000,3.150000,1770467752.248188
-0.273524,0.143228,0.944768,3.080000,8.050000,1.260000,1770467752.256165
-0.288896,0.111020,0.954528,5.670000,8.260000,0.560000,1770467752.264272
-0.315736,0.065880,0.970388,11.900000,5.320000,1.120000,1770467752.272153
-0.357460,0.025376,0.983808,20.860001,4.550000,2.170000,1770467752.280138
-0.342088,0.053436,1.003572,27.790001,-3.360000,-5.530000,1770467752.288121
-0.334280,0.104920,1.022360,27.230000,-10.220000,-15.960000,1770467752.296151
-0.316956,0.146156,1.032608,24.780001,-13.720000,-12.600000,1770467752.304169
-0.308172,0.177144,1.034560,21.000000,-14.700000,-19.950001,1770467752.312187
-0.286944,0.222528,1.029192,18.760000,-14.280000,-17.010000,1770467752.320158
-0.267668,0.255956,1.023336,16.870001,-13.230000,-21.209999,1770467752.328148
-0.247416,0.279380,1.022604,15.330000,-16.030001,-21.209999,1770467752.336151
-0.235948,0.269620,1.029680,14.560000,-11.620000,-19.600000,1770467752.344154
-0.233996,0.271572,1.031388,18.129999,-8.680000,-20.440001,1770467752.352151
-0.230580,0.279624,1.036512,17.570000,-8.470000,-21.209999,1770467752.360148
-0.228628,0.280356,1.047004,15.890000,-8.260000,-22.469999,1770467752.368190
-0.227896,0.270108,1.037244,14.000000,-9.450000,-20.160000,1770467752.376162
-0.231312,0.261080,1.018212,10.010000,-8.680000,-16.730000,1770467752.384168
-0.228628,0.245464,0.998204,6.230000,-7.350000,-19.809999,1770467752.392152
-0.223504,0.230092,0.973072,1.960000,-10.150000,-17.709999,1770467752.400148
-0.221796,0.215208,0.966972,-1.820000,-11.480000,-19.809999,1770467752.408151
-0.214720,0.205204,0.974780,-2.240000,-15.330000,-19.600000,1770467752.416151
-0.206424,0.192516,0.986736,-4.130000,-15.680000,-15.890000,1770467752.424266
-0.203740,0.179340,0.980148,-4.900000,-16.660000,-20.650000,1770467752.432185
-0.210328,0.157380,0.966240,-7.770000,-16.450001,-15.260000,1770467752.440163
-0.215940,0.130296,0.945256,-10.080000,-15.400000,-11.900000,1770467752.448152
-0.221064,0.106872,0.937692,-8.890000,-14.910000,-11.060000,1770467752.456181
-0.230336,0.090280,0.940132,-10.850000,-14.350000,-5.250000,1770467752.464157
-0.239852,0.080032,0.943792,-9.590000,-16.730000,-7.980000,1770467752.472260
-0.248148,0.074176,0.967460,-8.890000,-21.490000,-4.830000,1770467752.480150
-0.234728,0.062708,0.997472,-7.700000,-27.440001,-5.600000,1770467752.488191
-0.226432,0.076860,1.008940,-5.880000,-29.680000,-1.680000,1770467752.496347
-0.213988,0.078812,0.992836,-2.870000,-35.139999,-0.560000,1770467752.504157
-0.195444,0.071248,0.947452,-4.340000,-37.869999,-3.500000,1770467752.512151
-0.178120,0.056852,0.899628,-1.120000,-42.560001,-1.890000,1770467752.520209
-0.149084,0.048556,0.878888,2.240000,-47.180000,-0.280000,1770467752.528248
-0.116876,0.050264,0.894016,4.130000,-49.980000,1.120000,1770467752.536140
-0.092232,0.062464,0.941108,5.530000,-46.759998,1.330000,1770467752.544153
-0.063440,0.072224,0.987224,5.950000,-42.910000,-1.470000,1770467752.552155
-0.012932,0.058072,1.043588,6.300000,-35.700001,1.260000,1770467752.560237
0.019276,0.089792,1.064084,1.680000,-30.100000,1.260000,1770467752.568177
0.030988,0.097600,1.067256,-0.560000,-27.510000,5.530000,1770467752.576163
0.043920,0.102968,1.066768,-5.530000,-23.030001,10.150000,1770467752.584157
0.051240,0.097844,1.078724,-5.110000,-19.809999,8.960000,1770467752.592236
0.050020,0.100284,1.087264,-5.810000,-15.050000,15.960000,1770467752.600155
0.046604,0.107116,1.090680,-2.730000,-10.150000,13.370000,1770467752.608153
0.035868,0.132492,1.085556,-1.890000,-7.770000,16.940001,1770467752.616156
0.019032,0.168116,1.084580,-0.140000,-4.900000,21.910000,1770467752.624250
0.002196,0.207156,1.074820,1.330000,-2.240000,19.459999,1770467752.632153
-0.017812,0.236192,1.051640,1.330000,-2.590000,21.559999,1770467752.640164
-0.037820,0.261080,1.006988,1.540000,-3.710000,20.440001,1770467752.648157
-0.053680,0.275232,0.967460,3.150000,-5.320000,23.379999,1770467752.656223
-0.052460,0.275476,0.947452,4.410000,-6.370000,24.709999,1770467752.664159
-0.046360,0.275720,0.939400,6.510000,-10.150000,24.010000,1770467752.672172
-0.028548,0.272792,0.937204,7.560000,-15.050000,22.330000,1770467752.680148
0.003172,0.272792,0.941840,10.780000,-19.809999,21.209999,1770467752.688141
0.042944,0.276940,0.974292,11.970000,-23.660000,24.500000,1770467752.696319
0.082472,0.293288,0.999912,12.670000,-23.660000,27.299999,1770467752.704193
0.127124,0.307196,1.027972,11.550000,-21.980000,25.410000,1770467752.712163
0.166652,0.314272,1.040660,11.760000,-17.360001,30.309999,1770467752.720174
0.203740,0.325496,1.033340,9.870000,-14.490000,30.730000,1770467752.728155
0.233508,0.348920,1.025776,3.780000,-11.690000,34.580002,1770467752.736137
0.258884,0.386496,1.034072,0.140000,-7.490000,36.400002,1770467752.744134
0.274988,0.405040,1.054568,-7.560000,-1.610000,36.400002,1770467752.752172
0.294996,0.424560,1.100196,-16.590000,5.600000,37.380001,1770467752.760157
0.312320,0.434076,1.148020,-24.080000,17.500000,38.639999,1770467752.768154
0.314272,0.431392,1.142652,-28.770000,28.490000,34.020000,1770467752.776163
0.299144,0.417728,1.097268,-29.959999,38.290001,30.450001,1770467752.784142
0.276208,0.408456,1.046516,-28.000000,48.299999,21.559999,1770467752.792157
0.248880,0.408944,1.020164,-25.549999,54.599998,7.280000,1770467752.800294
0.224480,0.406992,1.034560,-26.180000,61.110001,-6.440000,1770467752.808179
0.164212,0.377712,1.073112,-24.360001,73.779999,-3.780000,1770467752.816148
0.088572,0.375760,1.097268,-22.889999,91.769997,6.020000,1770467752.824149
0.009028,0.383080,1.109468,-23.100000,101.570000,10.010000,1770467752.832153
-0.054168,0.393572,1.107760,-23.309999,101.779999,15.190000,1770467752.840154
-0.112972,0.384300,1.095804,-26.459999,98.279999,12.600000,1770467752.848183
-0.165432,0.370880,1.067744,-26.809999,90.230003,15.470000,1770467752.856221
-0.211304,0.344772,1.030656,-24.639999,87.150002,15.190000,1770467752.864153
-0.256200,0.313784,0.997716,-24.290001,84.629997,20.860001,1770467752.872185
-0.314028,0.293532,0.969412,-24.360001,84.839996,28.280001,1770467752.880201
-0.371124,0.272548,0.942084,-29.190001,84.839996,29.750000,1770467752.888148
-0.414556,0.221064,0.911340,-28.980000,85.190002,43.889999,1770467752.896157
-0.484828,0.174704,0.867908,-28.000000,86.309998,44.380001,1770467752.904253
-0.537776,0.170556,0.844240,-19.670000,83.019997,44.939999,1770467752.912143
-0.593896,0.164944,0.846680,-17.219999,75.809998,49.419998,1770467752.920148
-0.638304,0.163968,0.849364,-20.299999,61.669998,50.259998,1770467752.928158
-0.686372,0.125416,0.872788,-28.070000,45.709999,56.700001,1770467752.936152
-0.698328,0.058560,0.906948,-35.770000,36.820000,58.939999,1770467752.944161
-0.763720,-0.135908,0.949648,-40.669998,33.810001,50.330002,1770467752.952186
-0.705892,-0.127368,0.905240,-40.669998,22.820000,36.820000,1770467752.960177
-0.684176,-0.124928,0.897188,-38.849998,13.790000,34.930000,1770467752.968150
-0.643184,-0.097356,0.914512,-36.330002,0.210000,25.690001,1770467752.976456
-0.598044,-0.062464,0.938912,-31.990000,-10.360000,29.190001,1770467752.984504
-0.553880,-0.017080,0.949892,-27.230000,-20.020000,24.290001,1770467752.992173
-0.515084,0.005856,0.946720,-22.540001,-26.879999,19.110001,1770467753.000198
-0.475312,-0.000244,0.935740,-18.200001,-28.209999,26.530001,1770467753.008167
-0.447496,-0.023180,0.917928,-13.930000,-26.040001,31.780001,1770467753.016265
-0.421388,-0.035136,0.916464,-7.700000,-21.000000,37.799999,1770467753.024149
-0.410652,-0.035380,0.920612,-4.970000,-18.129999,37.590000,1770467753.032129
-0.405284,-0.018300,0.917440,-1.330000,-16.100000,38.080002,1770467753.040148
-0.391620,0.011468,0.915976,2.520000,-18.900000,38.080002,1770467753.048160
-0.360632,0.045628,0.925004,7.000000,-22.540001,37.869999,1770467753.056157
-0.331840,0.083448,0.931104,8.330000,-27.440001,38.990002,1770467753.064230
-0.298168,0.107848,0.926468,9.450000,-30.240000,34.020000,1770467753.072206
-0.280112,0.134688,0.929396,9.240000,-30.660000,36.820000,1770467753.080149
-0.274500,0.180316,0.922076,10.360000,-29.750000,41.650002,1770467753.088208
-0.282308,0.217404,0.908900,7.770000,-27.230000,43.889999,1770467753.096157
-0.290604,0.251808,0.910852,5.320000,-25.549999,47.740002,1770467753.104144
-0.297436,0.275720,0.909388,5.110000,-22.469999,47.040001,1770467753.112154
-0.313296,0.305732,0.902312,3.430000,-21.490000,46.270000,1770467753.120148
-0.336720,0.338428,0.891576,4.410000,-21.280001,43.820000,1770467753.128144
-0.361852,0.376004,0.875716,0.210000,-20.090000,42.630001,1770467753.136162
-0.395768,0.399916,0.861076,-0.630000,-20.230000,41.020000,1770467753.144236
-0.419680,0.425292,0.850340,-3.780000,-20.440001,31.570000,1770467753.152145
-0.424316,0.474336,0.847656,-6.440000,-24.219999,36.470001,1770467753.160144
-0.458964,0.463844,0.871568,-9.520000,-28.559999,33.669998,1770467753.168144
-0.474336,0.437980,0.907680,-13.020000,-34.020000,31.850000,1770467753.176165
-0.483120,0.398940,0.907436,-12.810000,-37.939999,31.430000,1770467753.184263
-0.479704,0.371368,0.887672,-13.650000,-43.400002,24.709999,1770467753.192145
-0.457744,0.350872,0.915488,-13.020000,-47.880001,22.680000,1770467753.200145
-0.419924,0.320616,0.998936,-17.219999,-48.580002,15.190000,1770467753.208131
-0.367952,0.295484,1.114348,-20.020000,-46.410000,14.140000,1770467753.216144
-0.300852,0.283040,1.198040,-25.129999,-41.650002,10.080000,1770467753.224149
-0.237656,0.274988,1.217804,-31.990000,-36.470001,6.370000,1770467753.232264
-0.174704,0.264252,1.175836,-35.139999,-34.020000,1.680000,1770467753.240161
-0.127612,0.257664,1.117276,-35.070000,-33.950001,2.940000,1770467753.248167
-0.086132,0.262544,1.058228,-33.810001,-36.259998,10.920000,1770467753.256148
-0.069784,0.270108,1.013576,-31.360001,-35.139999,11.200000,1770467753.264173
-0.075396,0.261812,0.983320,-30.450001,-34.230000,16.309999,1770467753.272310
-0.057340,0.255468,0.942816,-28.350000,-31.920000,14.140000,1770467753.280143
-0.038552,0.224968,0.923540,-24.570000,-28.770000,21.910000,1770467753.288130
-0.036844,0.160064,0.913780,-21.209999,-24.360001,21.770000,1770467753.296156
-0.048556,0.094428,0.889624,-17.080000,-16.379999,26.879999,1770467753.304188
-0.066856,0.040992,0.858392,-11.200000,-2.450000,23.590000,1770467753.312153
-0.088816,0.014396,0.862540,-7.210000,8.960000,24.150000,1770467753.320145
-0.108092,0.007808,0.902312,-4.200000,18.969999,23.799999,1770467753.328130
-0.128832,0.020740,0.965752,-9.310000,29.400000,26.040001,1770467753.336152
-0.155428,0.039772,1.028216,-8.680000,36.259998,27.370001,1770467753.344154
-0.181780,0.061976,1.087996,-17.639999,39.060001,25.059999,1770467753.352165
-0.201544,0.047580,1.115812,-19.670000,35.840000,24.010000,1770467753.360153
-0.210084,0.001952,1.098976,-22.959999,30.100000,28.209999,1770467753.368152
-0.213256,-0.063440,1.058716,-18.620001,21.000000,26.180000,1770467753.376264
-0.212524,-0.112484,1.027972,-12.880000,14.420000,30.799999,1770467753.384168
-0.203496,-0.173728,1.034316,-5.670000,8.330000,30.309999,1770467753.392156
-0.218624,-0.206912,1.039684,-3.220000,4.830000,34.160000,1770467753.400154
-0.307440,-0.284016,1.047004,-0.840000,3.220000,24.570000,1770467753.408152
-0.247904,-0.230092,1.014552,1.190000,-0.350000,17.850000,1770467753.416266
-0.244000,-0.188612,1.006744,6.090000,-5.810000,19.740000,1770467753.424153
-0.235948,-0.144448,1.007232,5.390000,-12.460000,13.930000,1770467753.432150
-0.230580,-0.109556,0.990884,4.760000,-17.500000,17.570000,1770467753.440157
-0.222528,-0.091988,0.977220,4.900000,-24.920000,16.170000,1770467753.448182
-0.199348,-0.080276,0.960140,6.510000,-31.150000,14.840000,1770467753.456236
-0.163724,-0.075152,0.964044,9.100000,-38.150002,15.260000,1770467753.464176
-0.119804,-0.059292,0.994788,10.220000,-44.799999,2.870000,1770467753.472238
-0.076860,-0.039040,1.030412,7.420000,-49.209999,0.000000,1770467753.480281
-0.033672,-0.018788,1.054324,7.000000,-52.570000,-8.400000,1770467753.488156
0.007076,0.004148,1.052860,6.580000,-53.549999,-13.860000,1770467753.496153
0.051240,0.034404,1.048224,7.000000,-53.689999,-18.969999,1770467753.504183
0.091500,0.086376,1.058228,8.400000,-55.020000,-27.020000,1770467753.512148
0.136884,0.142984,1.084336,7.910000,-55.230000,-30.520000,1770467753.520149
0.132736,0.165432,1.113616,6.230000,-50.889999,-40.950001,1770467753.528182
0.162016,0.167872,1.117032,1.330000,-45.990002,-42.209999,1770467753.536234
0.242780,0.174216,1.086532,-1.470000,-46.480000,-45.779999,1770467753.544157
0.415532,0.242780,1.034072,-0.420000,-45.080002,-30.520000,1770467753.552158
0.243024,0.309392,1.071160,3.290000,-41.230000,-15.120000,1770467753.560153
0.234484,0.316468,1.039928,-0.420000,-32.480000,-12.320000,1770467753.568151
0.224968,0.312076,0.986004,0.210000,-25.900000,-7.980000,1770467753.576174
0.223748,0.327204,0.938424,4.620000,-18.340000,0.560000,1770467753.584156
0.215696,0.373808,0.915732,10.570000,-12.250000,-0.770000,1770467753.592194
0.228384,0.392840,0.913536,13.790000,-8.960000,4.200000,1770467753.600157
0.249124,0.360632,0.926224,11.900000,-5.600000,10.430000,1770467753.608156
0.273280,0.271572,0.919636,5.670000,1.190000,22.680000,1770467753.616155
0.270840,0.175192,0.875228,3.010000,15.890000,32.689999,1770467753.624134
0.248636,0.094672,0.847168,6.790000,31.430000,41.860001,1770467753.632195
0.206424,0.059292,0.882792,10.640000,50.259998,43.540001,1770467753.640158
0.140056,0.068808,0.951600,12.460000,67.900002,44.450001,1770467753.648157
0.048556,0.078812,1.022116,10.150000,83.930000,46.130001,1770467753.656159
-0.066368,0.070516,1.068232,2.870000,98.629997,45.500000,1770467753.664157
-0.195200,0.045872,1.081652,-1.890000,106.889999,39.200001,1770467753.672161
-0.291336,0.029524,1.093852,-2.030000,105.209999,39.759998,1770467753.680160
-0.366976,-0.003416,1.145092,0.980000,92.889999,39.410000,1770467753.688152
-0.506544,-0.033916,1.170468,2.030000,80.779999,35.209999,1770467753.696152
-0.595604,-0.119560,1.169736,-5.670000,74.480003,36.119999,1770467753.704161
-0.633668,-0.150548,1.101904,-8.470000,56.070000,17.500000,1770467753.712331
-0.645868,-0.130540,1.032852,-4.550000,33.180000,17.990000,1770467753.720143
-0.637572,-0.084668,0.994300,-0.140000,6.650000,14.350000,1770467753.728152
-0.599996,-0.047336,0.962580,-2.030000,-18.900000,16.170000,1770467753.736155
-0.527528,-0.015128,0.955748,-1.540000,-35.910000,16.660000,1770467753.744150
-0.446032,0.010004,0.967460,-3.710000,-44.520000,16.730000,1770467753.752183
-0.375272,0.022936,0.972096,-2.450000,-48.020000,16.799999,1770467753.760153
-0.317688,0.038064,0.971852,-1.820000,-46.759998,11.690000,1770467753.768155
-0.270108,0.055388,0.953064,-4.410000,-42.910000,13.020000,1770467753.776183
-0.246928,0.076860,0.937936,-3.080000,-33.320000,17.430000,1770467753.784153
-0.234972,0.113460,0.935008,-1.470000,-24.360001,13.230000,1770467753.792271
-0.243268,0.166164,0.958676,0.210000,-13.580000,12.810000,1770467753.800162
-0.261324,0.227896,1.000644,-0.700000,-5.810000,11.270000,1770467753.808150
-0.294752,0.304512,1.054812,-0.910000,1.540000,5.880000,1770467753.816161
-0.335744,0.367464,1.097024,-3.990000,7.280000,1.680000,1770467753.824156
-0.371856,0.406992,1.117032,-9.030000,8.400000,-6.650000,1770467753.832162
-0.389424,0.394548,1.121180,-12.460000,6.650000,-13.580000,1770467753.840234
-0.395768,0.369172,1.108736,-12.110000,-1.330000,-21.209999,1770467753.848165
-0.382836,0.335500,1.095804,-14.350000,-7.350000,-25.059999,1770467753.856192
-0.381372,0.302804,1.046516,-12.320000,-14.000000,-27.160000,1770467753.864183
-0.375760,0.261324,0.900360,-6.650000,-22.469999,-35.209999,1770467753.872159
-0.358680,0.264252,0.767624,-0.420000,-30.030001,-37.799999,1770467753.880170
-0.336964,0.306952,0.777384,4.410000,-37.099998,-36.680000,1770467753.888152
-0.308172,0.355996,0.863760,1.120000,-43.470001,-38.080002,1770467753.896140
-0.284504,0.344528,0.912072,-6.300000,-46.900002,-33.669998,1770467753.904174
-0.245952,0.268400,0.887672,-6.230000,-51.799999,-38.919998,1770467753.912277
-0.197396,0.180316,0.868396,-6.580000,-54.529999,-39.340000,1770467753.920170
-0.132980,0.122732,0.903776,-3.920000,-56.700001,-36.189999,1770467753.928149
-0.057584,0.095404,0.987712,-6.020000,-58.450001,-35.209999,1770467753.936148
0.024644,0.077836,1.065792,-10.220000,-59.009998,-27.230000,1770467753.944209
0.077592,0.061732,1.131184,-13.230000,-58.380001,-24.570000,1770467753.952150
0.126392,0.037820,1.168028,-19.879999,-54.740002,-17.360001,1770467753.960154
0.188856,0.019520,1.193892,-19.180000,-49.070000,-15.610000,1770467753.968152
0.271084,0.002440,1.218048,-13.930000,-44.869999,-1.890000,1770467753.976709
0.299632,0.003904,1.232932,-8.750000,-37.450001,9.870000,1770467753.984954
0.284016,-0.011224,1.221220,-7.980000,-29.750000,17.990000,1770467753.992173
0.255468,-0.018056,1.180472,-7.910000,-17.850000,26.110001,1770467754.000184
0.207888,-0.040016,1.126304,-12.110000,-6.440000,29.750000,1770467754.008163
0.154696,-0.065148,1.068232,-17.080000,3.150000,33.389999,1770467754.016172
0.094428,-0.097112,1.015284,-20.020000,10.780000,33.040001,1770467754.024227
0.055144,-0.118584,0.966972,-22.260000,14.000000,32.970001,1770467754.032137
0.022448,-0.131028,0.934764,-28.209999,13.930000,30.450001,1770467754.040140
-0.011956,-0.137616,0.893528,-31.360001,9.660000,26.389999,1770467754.048159
-0.022204,-0.153232,0.853024,-29.680000,3.640000,30.520000,1770467754.056336
-0.007564,-0.166896,0.826672,-28.350000,-7.280000,30.100000,1770467754.064152
0.012444,-0.171044,0.835456,-24.360001,-17.219999,23.450001,1770467754.072154
0.060024,-0.171776,0.872056,-20.860001,-23.590000,19.110001,1770467754.080162
0.119316,-0.152256,0.937204,-17.920000,-24.639999,12.390000,1770467754.088179
0.202764,-0.131760,1.016016,-20.860001,-26.600000,8.540000,1770467754.096178
0.286700,-0.119316,1.068232,-21.629999,-27.090000,2.940000,1770467754.104276
0.359656,-0.089304,1.106784,-20.440001,-26.530001,-2.100000,1770467754.112142
0.441396,-0.057584,1.116788,-18.480000,-29.540001,4.970000,1770467754.120143
0.468236,-0.032696,1.082872,-16.870001,-31.290001,10.220000,1770467754.128155
0.446764,-0.001464,0.970144,-12.810000,-32.900002,15.400000,1770467754.136147
0.379908,0.004148,0.810568,-1.820000,-25.620001,17.850000,1770467754.144140
0.305488,0.005612,0.629520,17.430000,-11.900000,16.030001,1770467754.152242
0.262300,-0.011468,0.535336,35.000000,5.950000,19.110001,1770467754.160179
0.232288,-0.011224,0.556076,52.849998,29.469999,23.030001,1770467754.168144
0.250100,0.046116,0.668560,62.580002,50.610001,42.770000,1770467754.176172
0.210816,0.088816,0.858392,64.400002,70.279999,52.080002,1770467754.184181
0.169580,0.125904,1.020896,55.160000,82.320000,55.580002,1770467754.192233
0.104920,0.167384,1.135820,48.230000,89.389999,60.759998,1770467754.200215
0.010980,0.195200,1.184864,38.779999,94.080002,62.299999,1770467754.208169
-0.118828,0.213012,1.214144,30.590000,100.730003,63.980000,1770467754.216256
-0.249124,0.223260,1.245132,20.650000,109.620003,63.770000,1770467754.224133
-0.416264,0.246440,1.266848,15.330000,121.169998,59.849998,1770467754.232145
-0.503860,0.247904,1.253672,6.790000,123.760002,60.619999,1770467754.240139
-0.609268,0.249124,1.215364,-2.450000,117.180000,61.110001,1770467754.248146
-0.704672,0.221064,1.150704,-10.990000,105.139999,55.930000,1770467754.256174
-0.755180,0.191052,1.067256,-17.990000,87.849998,48.439999,1770467754.264138
-0.759572,0.205692,0.982588,-21.420000,64.680000,43.540001,1770467754.272174
-0.725900,0.248880,0.923052,-19.879999,38.290001,41.790001,1770467754.280155
-0.663924,0.306220,0.887428,-21.980000,7.210000,40.320000,1770467754.288130
-0.603168,0.346236,0.870348,-22.680000,-24.920000,33.459999,1770467754.296134
-0.530212,0.360388,0.857416,-22.680000,-51.029999,39.900002,1770467754.304158
-0.456036,0.360388,0.834724,-22.889999,-69.790001,31.150000,1770467754.312170
-0.370636,0.343552,0.787388,-24.709999,-79.800003,33.880001,1770467754.320275
-0.304268,0.318176,0.727608,-19.459999,-83.510002,32.900002,1770467754.328150
-0.247416,0.312564,0.685884,-16.030001,-80.709999,40.320000,1770467754.336151
-0.211304,0.317200,0.699304,-8.540000,-73.779999,39.970001,1770467754.344134
-0.185440,0.321104,0.777872,-5.110000,-63.910000,37.939999,1770467754.352196
-0.178120,0.321592,0.890844,-3.220000,-51.029999,32.130001,1770467754.360170
-0.201056,0.314760,0.932568,-0.350000,-38.849998,26.809999,1770467754.368152
-0.244488,0.305976,0.912804,1.750000,-29.540001,19.180000,1770467754.376161
-0.293532,0.299876,0.897188,6.020000,-22.680000,13.020000,1770467754.384304
-0.325252,0.283528,0.936228,7.560000,-21.490000,-0.910000,1770467754.392129
-0.349896,0.252296,1.033828,4.200000,-21.350000,-7.490000,1770467754.400148
-0.359900,0.218136,1.116788,2.870000,-25.690001,-17.570000,1770467754.408156
-0.354532,0.160796,1.159976,-1.120000,-37.450001,-26.670000,1770467754.416148
-0.325252,0.078568,1.243668,0.420000,-48.790001,-27.930000,1770467754.424149
-0.260836,0.009760,1.392508,3.080000,-59.849998,-37.869999,1770467754.432158
-0.147132,-0.045628,1.560136,3.710000,-65.800003,-41.299999,1770467754.440219
-0.028060,-0.061244,1.688480,1.890000,-68.879997,-41.509998,1770467754.448165
0.076860,-0.047336,1.759972,-5.110000,-68.669998,-41.580002,1770467754.456153
0.205692,-0.061488,1.758020,-20.299999,-68.459999,-37.520000,1770467754.464148
0.316712,-0.083204,1.651148,-34.090000,-70.559998,-28.840000,1770467754.472156
0.386740,-0.086132,1.487424,-47.740002,-72.099998,-20.510000,1770467754.480242
0.406748,-0.080032,1.323700,-53.340000,-64.820000,-9.310000,1770467754.488159
0.410408,-0.069784,1.181204,-57.540001,-47.950001,5.180000,1770467754.496135
0.396744,-0.056608,1.058228,-60.970001,-24.850000,11.900000,1770467754.504239
0.365268,-0.036112,0.939644,-63.070000,3.290000,19.670000,1770467754.512183
0.303292,-0.007564,0.801540,-62.230000,35.630001,18.830000,1770467754.520179
0.255712,0.132248,0.651968,-50.680000,58.590000,41.299999,1770467754.528146
0.163480,0.167384,0.557784,-46.480000,77.070000,47.040001,1770467754.536136
0.072956,0.219600,0.468236,-43.119999,89.739998,55.090000,1770467754.544155
0.005368,0.265960,0.423096,-33.740002,97.510002,63.980000,1770467754.552197
-0.059780,0.269620,0.431636,-29.330000,98.699997,70.699997,1770467754.560167
-0.101260,0.252784,0.448228,-25.969999,96.459999,79.379997,1770467754.568159
-0.129320,0.223992,0.480680,-19.320000,88.129997,81.059998,1770467754.576195
-0.141520,0.202764,0.502640,-12.530000,76.019997,84.910004,1770467754.584166
-0.147620,0.186904,0.510692,-6.020000,63.000000,83.089996,1770467754.592137
-0.149572,0.147864,0.494100,1.470000,47.040001,83.650002,1770467754.600154
-0.134688,0.089304,0.481412,11.760000,29.750000,80.709999,1770467754.608150
-0.089304,0.039772,0.510692,20.090000,12.880000,69.860001,1770467754.616155
-0.047092,-0.000976,0.595848,26.320000,2.520000,68.669998,1770467754.624180
0.017812,-0.049532,0.687592,29.469999,-2.380000,58.730000,1770467754.632187
0.078324,-0.109800,0.796416,28.770000,-0.140000,55.790001,1770467754.640146
0.150548,-0.195688,0.970876,27.650000,6.160000,57.680000,1770467754.648184
0.210084,-0.251320,1.191940,22.889999,15.120000,53.689999,1770467754.656155
0.203740,-0.499956,1.476200,9.940000,30.730000,48.160000,1770467754.664307
0.093696,-0.633912,1.589904,-7.980000,57.119999,33.810001,1770467754.672153
0.102968,-0.758840,1.587220,-15.120000,74.059998,28.139999,1770467754.680167
0.035624,-0.792268,1.569652,-7.910000,88.269997,28.420000,1770467754.688161
-0.089792,-0.745664,1.565016,1.330000,103.739998,32.270000,1770467754.696136
-0.259860,-0.621712,1.567212,14.770000,122.430000,33.320000,1770467754.704167
-0.472140,-0.465064,1.561844,16.660000,143.080002,25.480000,1770467754.712273
-0.654652,-0.284992,1.525732,14.000000,158.059998,13.020000,1770467754.720149
-0.805932,-0.089304,1.492548,10.570000,158.970001,-0.420000,1770467754.728148
-0.901580,0.110288,1.414956,4.550000,147.699997,-13.370000,1770467754.736150
-0.936472,0.290604,1.318088,-3.360000,120.260002,-18.830000,1770467754.744228
-0.919392,0.396744,1.198772,-9.030000,82.599998,-28.840000,1770467754.752319
-0.853268,0.417240,1.084824,-15.820000,42.000000,-29.610001,1770467754.760164
-0.745908,0.389180,0.958676,-14.980000,1.960000,-25.480000,1770467754.768157
-0.623908,0.362340,0.805200,-15.540000,-27.440001,-24.360001,1770467754.776149
-0.496296,0.330376,0.678808,-12.670000,-48.509998,-23.309999,1770467754.784142
-0.384056,0.341112,0.558760,-5.810000,-64.889999,-29.820000,1770467754.792137
-0.306220,0.370392,0.513620,0.840000,-72.029999,-31.639999,1770467754.800141
-0.178364,0.454816,0.378688,11.200000,-75.389999,-15.120000,1770467754.808153
-0.109800,0.478728,0.312808,15.330000,-77.980003,-3.220000,1770467754.816162
-0.070760,0.463356,0.240096,15.190000,-84.209999,12.810000,1770467754.824165
-0.032696,0.429928,0.177388,10.920000,-87.430000,15.190000,1770467754.832265
0.008540,0.377956,0.152744,7.140000,-90.230003,21.139999,1770467754.840152
0.052216,0.322568,0.183488,7.070000,-86.800003,23.940001,1770467754.848154
0.116388,0.300608,0.251808,5.320000,-76.440002,29.120001,1770467754.856142
0.156404,0.295728,0.373564,2.450000,-61.250000,32.270000,1770467754.864163
0.168116,0.293288,0.555832,-2.450000,-33.669998,28.490000,1770467754.872146
0.162504,0.269132,0.756400,-13.580000,3.990000,20.790001,1770467754.880376
0.134444,0.211304,0.988444,-21.209999,46.900002,13.510000,1770467754.888161
0.054656,0.125172,1.245132,-22.540001,90.790001,12.040000,1770467754.896177
-0.099064,-0.006100,1.494988,-12.180000,132.300003,11.760000,1770467754.904153
-0.302316,-0.121024,1.858060,2.380000,164.289993,17.430000,1770467754.912153
-0.504836,-0.214476,2.148908,24.080000,163.589996,32.900002,1770467754.920163
-0.985272,-0.411384,2.248948,18.969999,156.729996,43.330002,1770467754.928374
-1.077260,-0.480680,2.019588,6.090000,129.500000,24.360001,1770467754.936141
-1.169248,-0.638060,1.910520,-4.480000,83.089996,19.110001,1770467754.944146
-1.185840,-0.731512,1.771440,-13.650000,31.080000,7.420000,1770467754.952148
-1.125328,-0.722972,1.588684,-22.120001,-13.580000,-10.640000,1770467754.960149
-0.973560,-0.708576,1.421300,-35.560001,-46.480000,-20.090000,1770467754.968166
-0.770308,-0.591700,1.257820,-45.360001,-67.129997,-30.379999,1770467754.976245
-0.545584,-0.437004,1.100928,-49.209999,-79.870003,-25.830000,1770467754.984298
-0.358924,-0.232776,0.941108,-45.080002,-90.580002,-23.660000,1770467754.992189
-0.213988,-0.029036,0.824476,-40.529999,-100.870003,-14.700000,1770467755.000150
-0.085888,0.118584,0.752252,-35.209999,-107.099998,-2.590000,1770467755.008173
-0.020984,0.149328,0.708576,-35.419998,-109.760002,2.590000,1770467755.016152
-0.005368,0.192028,0.607072,-37.240002,-102.129997,9.310000,1770467755.024153
0.454816,0.561444,0.367952,-31.430000,-117.459999,31.570000,1770467755.032270
0.208864,0.389912,0.372832,-23.799999,-119.000000,53.759998,1770467755.040151
0.221064,0.373564,0.272304,-25.900000,-119.209999,63.560001,1770467755.048157
0.213500,0.310612,0.167872,-28.000000,-112.139999,70.279999,1770467755.056162
0.209108,0.276452,0.057584,-20.020000,-101.360001,73.779999,1770467755.064244
0.188368,0.245220,-0.022204,-10.570000,-81.550003,74.410004,1770467755.072174
0.172752,0.251320,-0.054412,1.540000,-56.700001,76.019997,1770467755.080259
0.179096,0.251076,0.006100,12.530000,-28.700001,70.070000,1770467755.088145
0.213256,0.235948,0.142496,17.990000,3.500000,71.540001,1770467755.096127
0.249124,0.243268,0.328668,22.330000,38.009998,62.090000,1770467755.104150
0.293532,0.280844,0.573156,21.209999,74.620003,50.400002,1770467755.112180
0.332816,0.304024,0.833748,20.230000,107.029999,37.939999,1770467755.120246
0.325008,0.285480,1.025776,16.030001,134.050003,24.639999,1770467755.128139
0.258884,0.224480,1.192916,9.450000,158.830002,12.110000,1770467755.136140
0.157136,0.120780,1.365912,2.870000,178.149994,5.880000,1770467755.144146
0.035868,-0.021716,1.600640,-5.740000,186.339996,-2.660000,1770467755.152136
-0.118584,-0.140544,1.967128,-13.440000,180.179993,-5.110000,1770467755.160179
-0.315980,-0.325252,2.297992,-3.150000,163.729996,1.470000,1770467755.168351
-0.685152,-0.884744,2.623000,-6.580000,145.949997,2.590000,1770467755.176138
-0.894748,-0.772016,2.292380,-11.970000,119.629997,-13.580000,1770467755.184156
-0.990884,-0.828868,1.991772,-12.810000,96.739998,-15.050000,1770467755.192129
-1.052128,-0.801784,1.669204,-18.760000,81.830002,-17.639999,1770467755.200172
-1.076040,-0.692472,1.381772,-23.660000,70.489998,-22.750000,1770467755.208144
-1.031144,-0.503860,1.134112,-29.540001,59.080002,-34.650002,1770467755.216145
-0.965264,-0.302316,0.967460,-34.439999,43.820000,-41.369999,1770467755.224147
-0.882060,-0.132248,0.900116,-35.139999,26.950001,-53.410000,1770467755.232223
-0.804956,-0.010492,0.881328,-36.330002,13.300000,-56.700001,1770467755.240152
-0.721020,0.063684,0.834724,-37.240002,-0.700000,-55.160000,1770467755.248141
-0.639524,0.120048,0.755668,-41.369999,-14.350000,-52.430000,1770467755.256165
-0.558516,0.166408,0.643672,-42.630001,-29.469999,-48.650002,1770467755.264149
-0.472872,0.196664,0.536800,-40.529999,-45.639999,-47.950001,1770467755.272194
-0.380640,0.203740,0.464332,-36.680000,-63.209999,-43.540001,1770467755.280270
-0.292800,0.167140,0.423096,-30.870001,-79.239998,-41.090000,1770467755.288132
-0.251564,0.153720,0.383812,-22.330000,-87.080002,-39.900002,1770467755.296131
-0.200568,0.072712,0.339892,-17.010000,-87.709999,-27.440001,1770467755.304162
-0.082716,0.110288,0.281820,-4.690000,-82.320000,-5.810000,1770467755.312219
-0.088084,0.067588,0.291824,1.120000,-74.339996,14.140000,1770467755.320157
-0.066368,0.039284,0.328668,11.200000,-60.759998,25.480000,1770467755.328152
-0.065148,0.034404,0.374540,14.280000,-42.139999,44.799999,1770467755.336154
-0.090280,0.030256,0.443592,20.370001,-21.559999,55.930000,1770467755.344253
-0.152988,0.006588,0.517036,21.139999,3.990000,64.120003,1770467755.352149
-0.227408,-0.024888,0.603168,27.440001,28.420000,71.190002,1770467755.360143
-0.315736,-0.058316,0.732488,32.759998,47.180000,73.430000,1770467755.368145
-0.485560,-0.099796,0.910364,36.540001,67.620003,67.690002,1770467755.376147
-0.702720,-0.259372,1.098732,38.639999,79.940002,45.220001,1770467755.384163
-0.924272,-0.440908,1.236592,50.400002,85.190002,40.320000,1770467755.392142
-1.140700,-0.605364,1.321016,52.220001,76.510002,38.080002,1770467755.400146
-1.357616,-0.801052,1.432768,47.950001,53.759998,30.660000,1770467755.408211
-1.504016,-0.991128,1.561600,40.250000,28.000000,20.790001,1770467755.416151
-1.418616,-1.044808,1.626748,38.990002,-8.470000,10.710000,1770467755.424152
-1.181204,-0.977464,1.608448,39.340000,-59.430000,-0.210000,1770467755.432201
-0.947208,-0.795684,1.573800,36.750000,-103.110001,3.290000,1770467755.440158
-0.716628,-0.573644,1.561112,31.850000,-135.309998,-1.260000,1770467755.448152
-0.496296,-0.323544,1.555012,17.920000,-150.429993,-1.330000,1770467755.456153
-0.314028,-0.083204,1.524268,4.480000,-151.130005,0.980000,1770467755.464135
-0.145424,0.107604,1.445212,-12.670000,-145.320007,2.240000,1770467755.472159
-0.006588,0.242536,1.292468,-31.639999,-135.309998,6.720000,1770467755.480423
0.036112,0.254004,1.125572,-46.900002,-125.300003,6.020000,1770467755.488170
0.066856,0.293532,0.951844,-51.169998,-111.580002,-7.070000,1770467755.496140
0.391132,0.566812,0.756888,-23.030001,-111.300003,15.400000,1770467755.504730
0.328668,0.522648,0.747128,-20.090000,-108.430000,36.959999,1770467755.512194
0.332572,0.518744,0.639036,-17.850000,-95.900002,58.380001,1770467755.520339
0.308416,0.506300,0.467992,-12.250000,-83.370003,56.700001,1770467755.528141
0.259372,0.477752,0.270108,2.310000,-66.989998,66.919998,1770467755.536135
0.215696,0.414068,0.111996,16.799999,-48.650002,64.820000,1770467755.544148
0.181780,0.357216,0.007808,32.340000,-28.139999,57.820000,1770467755.552150
0.158112,0.324032,-0.021228,43.540001,-4.270000,59.500000,1770467755.560180
0.147376,0.306464,-0.006344,52.570000,17.500000,55.439999,1770467755.568177
0.151768,0.287432,0.032696,52.430000,37.730000,55.439999,1770467755.576254
0.164944,0.282064,0.127368,49.209999,52.639999,49.419998,1770467755.584159
0.194224,0.293776,0.303048,41.020000,67.690002,41.650002,1770467755.592145
0.203740,0.311832,0.480680,21.420000,82.529999,34.580002,1770467755.600150
0.196176,0.288896,0.598776,7.210000,95.269997,27.860001,1770467755.608256
0.160796,0.232044,0.726876,-5.250000,106.610001,13.020000,1770467755.616180
0.097356,0.167872,0.915000,-10.640000,116.199997,-2.030000,1770467755.624153
0.033672,0.050508,1.167052,-18.129999,132.720001,-11.130000,1770467755.632153
-0.010004,-0.098088,1.481812,-22.260000,147.630005,-13.860000,1770467755.640156
-0.075396,-0.268888,1.895148,-13.440000,153.369995,-9.450000,1770467755.648219
-0.017324,-0.893040,2.431948,-7.630000,144.690002,17.780001,1770467755.656160
-0.639280,-1.241228,2.662040,0.000000,160.789993,-11.130000,1770467755.664176
-0.754448,-1.343464,2.649596,13.790000,145.600006,-18.410000,1770467755.672159
-0.892796,-1.187792,2.415356,24.850000,121.169998,0.000000,1770467755.680160
-0.938668,-0.920856,2.030812,24.080000,98.839996,-7.630000,1770467755.688165
-0.937936,-0.681248,1.628456,18.760000,84.629997,-1.120000,1770467755.696137
-0.913292,-0.471896,1.330776,13.790000,73.290001,-8.960000,1770467755.704157
-0.890112,-0.282064,1.136064,10.220000,71.610001,-17.360001,1770467755.712251
-0.871080,-0.120048,1.026996,7.140000,73.430000,-29.610001,1770467755.720155
-0.871080,0.028304,0.956968,4.130000,76.160004,-40.320000,1770467755.728147
-0.881572,0.154208,0.879132,-4.340000,74.480003,-40.529999,1770467755.736148
-0.890356,0.239120,0.798612,-10.920000,65.379997,-42.279999,1770467755.744260
-0.876936,0.291092,0.697108,-19.320000,47.810001,-44.310001,1770467755.752147
-0.828136,0.326228,0.584136,-21.350000,23.870001,-46.689999,1770467755.760181
-0.755424,0.336720,0.488488,-18.340000,-2.590000,-47.810001,1770467755.768153
-0.670024,0.346236,0.392108,-13.300000,-30.240000,-46.340000,1770467755.776155
-0.546072,0.312076,0.355020,-1.750000,-55.860001,-45.220001,1770467755.784164
-0.444080,0.262056,0.312320,6.790000,-79.449997,-48.369999,1770467755.792153
-0.437736,0.408944,0.173484,25.410000,-80.080002,-42.980000,1770467755.800159
-0.277916,0.417972,0.143716,36.330002,-101.779999,-1.470000,1770467755.808170
-0.237412,0.418216,0.123220,40.180000,-110.459999,8.540000,1770467755.816166
-0.191784,0.409920,0.121756,42.349998,-117.110001,29.330000,1770467755.824158
-0.155672,0.399184,0.151524,45.220001,-114.449997,32.200001,1770467755.832266
-0.133712,0.371368,0.206912,46.970001,-102.480003,48.580002,1770467755.840181
-0.113704,0.321836,0.287432,55.230000,-83.930000,54.040001,1770467755.848153
-0.099064,0.249856,0.430904,59.500000,-55.020000,56.770000,1770467755.856156
-0.101016,0.177144,0.628544,65.239998,-20.230000,54.669998,1770467755.864159
-0.149328,0.103212,0.874496,64.190002,20.299999,38.150002,1770467755.872151
-0.238876,0.039040,1.138992,67.970001,63.070000,32.549999,1770467755.880153
-0.431636,-0.008296,1.433012,71.959999,95.059998,20.299999,1770467755.888175
-0.798124,-0.073932,1.688724,72.099998,115.919998,22.469999,1770467755.896181
-1.260748,-0.236192,1.818776,64.889999,120.400002,-0.770000,1770467755.904175
-1.520608,-0.359656,1.799256,57.959999,99.050003,-18.830000,1770467755.912156
-1.518656,-0.516304,1.802428,45.990002,49.419998,-16.520000,1770467755.920164
-1.451556,-0.650748,1.733864,44.169998,-20.160000,-12.880000,1770467755.928153
-1.328824,-0.713944,1.728740,34.790001,-86.379997,-16.940001,1770467755.936207
-1.117520,-0.657580,1.742404,26.459999,-136.779999,-16.590000,1770467755.944190
-0.833260,-0.533140,1.735328,13.090000,-168.910004,-28.559999,1770467755.952151
-0.530944,-0.346968,1.689456,0.210000,-184.100006,-31.010000,1770467755.960157
-0.256688,-0.161040,1.591612,-10.430000,-186.199997,-34.790001,1770467755.968219
-0.041480,-0.014884,1.421300,-18.340000,-178.850006,-25.900000,1770467755.976233
0.106384,0.102236,1.179740,-21.209999,-164.990005,-19.879999,1770467755.985777
0.119804,0.129320,1.035536,-23.799999,-144.130005,-20.930000,1770467755.992316
0.158844,0.176168,0.878156,-28.000000,-121.589996,-27.510000,1770467756.000151
0.391132,0.508252,0.695644,-10.640000,-123.620003,-1.890000,1770467756.008174
0.404552,0.520940,0.656116,-7.770000,-112.629997,3.710000,1770467756.016157
0.399184,0.576328,0.527772,-7.420000,-99.470001,22.120001,1770467756.024277
0.392596,0.568276,0.378688,-8.330000,-87.010002,15.400000,1770467756.032148
0.365268,0.540948,0.217892,-10.430000,-70.839996,19.530001,1770467756.040152
0.323300,0.488000,0.066124,-5.810000,-53.549999,18.200001,1770467756.048153
0.283528,0.431148,-0.065880,-3.430000,-34.090000,16.309999,1770467756.056152
0.260836,0.374296,-0.142008,6.020000,-9.800000,12.040000,1770467756.064153
0.275720,0.337696,-0.123952,19.040001,16.730000,0.700000,1770467756.072181
0.313296,0.368684,0.019276,29.190001,44.869999,-4.760000,1770467756.080172
0.359656,0.414312,0.257664,36.959999,77.489998,-13.580000,1770467756.088185
0.396012,0.465796,0.525332,32.970001,115.290001,-21.420000,1770467756.096128
0.404796,0.490440,0.740784,25.690001,152.600006,-26.459999,1770467756.104143
0.385764,0.450424,0.856928,15.330000,185.919998,-31.990000,1770467756.112143
0.327936,0.389668,0.951844,4.200000,210.770004,-30.309999,1770467756.120138
0.221796,0.342820,1.124108,-4.480000,227.710007,-23.309999,1770467756.128161
0.061488,0.274256,1.356884,-18.760000,235.899994,-22.540001,1770467756.136144
-0.156892,0.096380,1.574044,-22.820000,236.949997,-27.790001,1770467756.144142
-0.357948,-0.117608,1.749480,-15.680000,224.070007,-20.440001,1770467756.152144
-0.635620,-0.287188,1.954684,8.680000,193.619995,-3.360000,1770467756.160144
-1.092388,-0.683200,2.022028,10.150000,180.250000,-11.760000,1770467756.168162
-1.143140,-0.665144,1.774856,27.790001,136.360001,-2.590000,1770467756.176281
-1.189012,-0.662460,1.524024,34.580002,94.639999,-12.110000,1770467756.184161
-1.181936,-0.606584,1.300032,35.209999,58.029999,-28.629999,1770467756.192147
-1.121912,-0.520696,1.108736,27.650000,28.490000,-38.500000,1770467756.200134
-1.008208,-0.429440,0.983564,21.559999,6.440000,-58.660000,1770467756.208145
-0.888160,-0.348432,0.915976,20.299999,-7.070000,-71.120003,1770467756.216143
-0.790804,-0.252784,0.877668,27.580000,-17.570000,-86.309998,1770467756.224147
-0.710772,-0.136884,0.824720,32.200001,-25.620001,-97.790001,1770467756.232191
-0.623908,-0.006832,0.755912,30.309999,-32.200001,-107.870003,1770467756.240306
-0.536068,0.129320,0.691496,26.459999,-39.270000,-118.720001,1770467756.248140
-0.448716,0.244488,0.618784,16.100000,-43.610001,-123.690002,1770467756.256491
-0.363072,0.314272,0.556320,9.870000,-47.810001,-123.760002,1770467756.264178
-0.308660,0.322568,0.519232,3.640000,-47.950001,-122.639999,1770467756.272201
-0.218136,0.392108,0.463844,5.530000,-42.980000,-116.480003,1770467756.280168
-0.175680,0.468236,0.426024,12.740000,-44.029999,-101.430000,1770467756.288147
-0.115168,0.520696,0.387472,20.860001,-50.400002,-84.839996,1770467756.296133
-0.099308,0.561688,0.360876,29.959999,-56.980000,-67.830002,1770467756.304146
-0.089792,0.557784,0.383324,38.290001,-54.669998,-64.400002,1770467756.312212
-0.049044,0.547292,0.466528,45.009998,-40.529999,-54.950001,1770467756.320150
-0.005124,0.526796,0.618540,55.509998,-14.700000,-47.110001,1770467756.328327
0.030012,0.484096,0.816912,59.639999,14.210000,-42.279999,1770467756.336149
0.040260,0.421876,1.034804,62.509998,41.439999,-36.610001,1770467756.344150
-0.001220,0.297680,1.270996,61.320000,62.090000,-36.470001,1770467756.352145
-0.117120,0.134200,1.525244,66.639999,77.419998,-33.180000,1770467756.360150
-0.331352,0.025376,1.761192,80.010002,87.150002,-35.560001,1770467756.368153
-0.553392,-0.014884,1.963712,85.750000,87.430000,-28.280001,1770467756.376244
-0.742248,-0.068808,2.080344,86.519997,67.059998,-28.910000,1770467756.384393
-1.021384,-0.347212,2.114504,70.000000,35.070000,-38.570000,1770467756.392255
-0.984296,-0.364048,1.998848,60.759998,-12.110000,-56.910000,1770467756.400156
-0.963556,-0.408212,1.905152,52.849998,-62.020000,-67.199997,1770467756.408152
-0.864980,-0.408944,1.822192,44.660000,-96.599998,-75.389999,1770467756.416152
-0.704916,-0.376736,1.747772,36.889999,-120.470001,-82.739998,1770467756.424148
-0.520208,-0.317688,1.663836,28.629999,-131.880005,-93.029999,1770467756.432151
-0.331596,-0.260836,1.577216,19.459999,-132.229996,-98.000000,1770467756.440174
-0.185196,-0.155916,1.476444,17.990000,-126.139999,-101.360001,1770467756.448155
-0.096624,-0.025376,1.379332,13.510000,-111.860001,-101.150002,1770467756.456193
-0.051484,0.137372,1.260992,9.450000,-100.099998,-97.440002,1770467756.464155
-0.047580,0.276208,1.086044,1.470000,-89.879997,-95.760002,1770467756.472224
-0.079544,0.315492,0.863516,-8.540000,-86.099998,-103.110001,1770467756.480164
-0.048068,0.381860,0.617320,-10.010000,-82.669998,-102.550003,1770467756.488206
0.235216,0.611952,0.372588,-7.630000,-107.239998,-80.639999,1770467756.496136
0.078324,0.496540,0.264008,1.470000,-120.120003,-63.770000,1770467756.504160
0.096380,0.448960,0.131760,-2.100000,-130.619995,-56.349998,1770467756.512194
0.111508,0.438468,0.030988,0.000000,-135.520004,-50.119999,1770467756.520198
0.139568,0.406504,-0.007564,1.260000,-133.419998,-43.959999,1770467756.528148
0.180804,0.370148,-0.013176,1.890000,-126.559998,-45.990002,1770467756.536135
0.209840,0.351848,-0.014640,5.320000,-109.550003,-46.130001,1770467756.544176
0.229116,0.301096,-0.008052,14.840000,-85.820000,-48.369999,1770467756.552152
0.274012,0.262544,0.069052,24.990000,-54.389999,-54.880001,1770467756.560152
0.332816,0.295972,0.233264,39.970001,-16.030001,-59.360001,1770467756.568148
0.414556,0.357460,0.524600,45.009998,19.740000,-61.180000,1770467756.576145
0.487512,0.456036,0.842044,40.529999,51.590000,-59.009998,1770467756.584151
0.531920,0.543144,1.064572,28.559999,83.650002,-55.439999,1770467756.592288
0.538752,0.526796,1.181448,10.780000,101.080002,-42.980000,1770467756.600150
0.517768,0.465796,1.365912,-11.340000,103.949997,-23.660000,1770467756.608149
0.475312,0.345016,1.562820,-38.570000,101.010002,-7.490000,1770467756.616151
0.314272,0.098332,1.703608,-44.520000,108.150002,4.410000,1770467756.624150
0.119804,-0.172508,1.755336,-33.459999,124.040001,-3.010000,1770467756.632157
-0.037332,-0.301828,1.849032,-4.340000,147.630005,4.480000,1770467756.640233
-0.169580,-0.655384,1.985916,17.430000,158.130005,29.680000,1770467756.648175
-0.585356,-0.689056,1.987380,21.000000,165.830002,8.890000,1770467756.656151
-0.755180,-0.652456,1.769732,24.080000,152.949997,2.940000,1770467756.664217
-0.899140,-0.571692,1.515484,19.459999,137.059998,-9.170000,1770467756.672157
-1.044076,-0.492880,1.316380,10.780000,114.379997,-16.520000,1770467756.680161
-1.128744,-0.391864,1.155096,4.900000,83.510002,-27.020000,1770467756.688186
-1.150704,-0.273036,0.999668,-2.380000,51.310001,-40.250000,1770467756.696133
-1.125572,-0.148596,0.859124,-8.120000,17.570000,-46.340000,1770467756.704170
-1.040660,-0.059780,0.739808,-11.550000,-11.060000,-63.980000,1770467756.712252
-0.920856,0.020984,0.627324,-8.540000,-36.049999,-74.410004,1770467756.720181
-0.795928,0.088084,0.514352,-4.200000,-52.009998,-84.070000,1770467756.728153
-0.669292,0.143960,0.421388,-0.140000,-63.560001,-92.330002,1770467756.736195
-0.544364,0.204960,0.333060,6.860000,-74.410004,-97.089996,1770467756.744156
-0.447984,0.269864,0.237900,13.510000,-86.800003,-101.220001,1770467756.752156
-0.309148,0.238144,0.186660,10.570000,-106.680000,-105.139999,1770467756.760232
-0.290848,0.379176,0.113704,14.770000,-121.449997,-117.180000,1770467756.768152
-0.142252,0.470188,0.061732,19.459999,-132.300003,-96.599998,1770467756.776148
0.102724,0.576084,0.087596,27.090000,-159.110001,-60.480000,1770467756.784146
0.082960,0.584868,0.190076,35.910000,-176.960007,-28.980000,1770467756.792279
0.150060,0.608048,0.338428,36.959999,-174.229996,-10.430000,1770467756.800160
0.226432,0.681492,0.528748,37.169998,-154.979996,-0.770000,1770467756.808152
0.332084,0.736148,0.770064,35.419998,-122.010002,3.010000,1770467756.816143
0.425048,0.793000,1.006500,30.870001,-77.769997,4.480000,1770467756.824154
0.473848,0.771040,1.183888,24.010000,-29.680000,3.430000,1770467756.832173
0.440420,0.682224,1.360788,11.900000,25.760000,4.200000,1770467756.840182
0.303292,0.552660,1.617476,3.290000,82.599998,-0.770000,1770467756.848151
0.043432,0.382348,1.897344,3.990000,143.080002,-14.910000,1770467756.856160
-0.282308,0.066124,2.128412,16.450001,200.619995,-27.160000,1770467756.864251
-0.475800,-0.118340,2.194780,37.869999,207.899994,-15.680000,1770467756.872181
-0.665632,-0.189100,2.231380,44.169998,154.839996,-4.690000,1770467756.880198
-1.196088,-0.492392,2.222108,25.900000,100.309998,-16.170000,1770467756.888207
-1.133380,-0.431880,1.940288,8.330000,31.150000,-25.129999,1770467756.896189
-1.131672,-0.459452,1.656272,-3.570000,-31.920000,-28.840000,1770467756.904240
-0.981124,-0.449448,1.426180,-15.190000,-84.980003,-35.279999,1770467756.912163
-0.787388,-0.423096,1.253428,-22.750000,-119.209999,-41.369999,1770467756.920155
-0.582916,-0.360144,1.112152,-21.980000,-135.660004,-43.680000,1770467756.928151
-0.377956,-0.295484,0.986492,-22.750000,-141.259995,-45.360001,1770467756.936149
-0.218380,-0.207156,0.848144,-14.280000,-141.330002,-40.880001,1770467756.944189
-0.080276,-0.091012,0.719068,-12.530000,-137.759995,-35.419998,1770467756.952149
0.031964,0.001952,0.598044,-11.970000,-134.679993,-27.719999,1770467756.960156
0.067832,0.034648,0.482876,-15.050000,-127.820000,-19.040001,1770467756.968152
0.259860,-0.128100,0.367220,-20.090000,-126.699997,-14.350000,1770467756.976753
0.461892,0.153964,0.166652,-13.720000,-127.260002,2.800000,1770467756.984275
0.258640,0.116632,0.078568,6.230000,-117.320000,20.860001,1770467756.992178
0.244488,0.128588,0.010980,14.770000,-105.559998,29.610001,1770467757.000153
0.221796,0.142252,-0.023912,26.670000,-87.150002,36.610001,1770467757.008386
0.197396,0.170068,-0.037820,33.320000,-60.340000,37.169998,1770467757.016149
0.182268,0.201300,0.001464,38.639999,-30.379999,42.000000,1770467757.024217
0.183244,0.225700,0.116876,35.770000,2.520000,35.630001,1770467757.032140
0.211304,0.305732,0.284504,28.980000,33.459999,29.750000,1770467757.040152
0.254248,0.331596,0.519720,19.320000,63.840000,23.730000,1770467757.048156
0.273524,0.385276,0.762256,7.560000,94.709999,10.080000,1770467757.056157
0.273524,0.414556,0.996984,5.460000,129.570007,-1.680000,1770467757.064195
0.257176,0.408212,1.231712,8.540000,158.059998,-18.129999,1770467757.072160
0.167872,0.374540,1.441796,10.010000,171.500000,-24.360001,1770467757.080228
0.023424,0.387228,1.667496,0.840000,172.830002,-21.490000,1770467757.088222
-0.144936,0.271572,2.034228,-12.530000,165.270004,-18.059999,1770467757.096123
-0.369904,0.042212,2.356064,-15.540000,154.490005,-11.900000,1770467757.104149
-0.540704,-0.104920,2.610312,-2.520000,122.150002,-3.150000,1770467757.112155
-0.759084,-0.163480,2.614948,7.980000,75.529999,5.040000,1770467757.120179
-0.991128,-0.228384,2.312388,-0.910000,44.730000,7.280000,1770467757.128142
-0.946964,-0.200568,1.858304,-23.309999,16.309999,-14.910000,1770467757.136139
-0.862784,-0.232776,1.478640,-38.639999,2.730000,-16.100000,1770467757.144146
-0.779336,-0.283040,1.177788,-41.650002,0.910000,-29.049999,1770467757.152148
-0.725168,-0.295728,0.970876,-40.320000,4.970000,-34.650002,1770467757.160176
-0.699548,-0.234484,0.811544,-28.910000,10.080000,-35.419998,1770467757.168158
-0.693448,-0.142740,0.699060,-20.860001,15.890000,-41.160000,1770467757.176140
-0.686616,-0.032940,0.633424,-14.560000,17.080000,-39.830002,1770467757.184150
-0.682224,0.051240,0.566324,-7.980000,14.980000,-48.580002,1770467757.192191
-0.672952,0.084912,0.480680,-5.810000,6.090000,-49.560001,1770467757.200148
-0.633180,0.087840,0.379420,0.910000,-6.580000,-54.529999,1770467757.208141
-0.577792,0.081252,0.274012,4.900000,-22.889999,-54.110001,1770467757.216140
-0.511912,0.076860,0.185684,12.460000,-42.560001,-52.849998,1770467757.224143
-0.429440,0.091012,0.118096,16.590000,-62.299999,-49.490002,1770467757.232146
-0.334768,0.143472,0.087352,20.860001,-85.120003,-44.099998,1770467757.240177
-0.249856,0.192760,0.096136,18.129999,-105.349998,-36.610001,1770467757.248267
-0.164212,0.236436,0.133468,13.230000,-123.970001,-24.570000,1770467757.256166
-0.103212,0.242780,0.194712,4.340000,-138.740005,-24.219999,1770467757.264170
-0.037820,0.237168,0.248880,-2.310000,-138.949997,-17.290001,1770467757.272146
0.060756,0.274744,0.314760,0.420000,-138.880005,-10.220000,1770467757.280177
0.191296,0.342820,0.456768,6.650000,-136.289993,14.140000,1770467757.288160
0.285236,0.412848,0.689544,6.790000,-116.900002,23.100000,1770467757.296128
0.366244,0.504348,0.967704,2.730000,-87.360001,23.590000,1770467757.304149
0.405284,0.575108,1.173884,-0.910000,-45.779999,20.299999,1770467757.312506
0.370636,0.565836,1.311744,-6.020000,-0.490000,22.469999,1770467757.320258
0.279380,0.500932,1.548424,-11.760000,48.160000,22.120001,1770467757.328130
0.094916,0.355752,1.871480,-25.549999,104.440002,16.520000,1770467757.336152
-0.030988,0.044408,2.161352,-28.280001,150.500000,27.510000,1770467757.344151
-0.200080,-0.256688,2.371192,-3.850000,176.050003,38.430000,1770467757.352214
-0.420168,-0.290604,2.484896,18.129999,158.690002,50.259998,1770467757.360147
-0.726632,-0.350384,2.435852,3.640000,135.800003,48.720001,1770467757.368135
-0.937204,-0.410896,2.003484,-17.990000,98.070000,13.860000,1770467757.376206
-1.006256,-0.410164,1.594784,-35.560001,54.950001,-2.310000,1770467757.384154
-0.957700,-0.406260,1.281488,-49.770000,10.500000,-15.260000,1770467757.392169
-0.841312,-0.387960,1.049444,-61.880001,-26.110001,-22.540001,1770467757.400147
-0.682224,-0.345992,0.863516,-58.099998,-52.990002,-24.780001,1770467757.408135
-0.532652,-0.252052,0.718580,-53.130001,-73.709999,-30.170000,1770467757.416159
-0.389912,-0.150548,0.614880,-43.540001,-88.129997,-20.299999,1770467757.424162
-0.250588,-0.069540,0.524112,-33.320000,-99.540001,-18.620001,1770467757.432268
-0.126880,-0.028548,0.439200,-27.090000,-108.919998,-4.270000,1770467757.440147
-0.026352,-0.007076,0.332328,-17.430000,-116.900002,1.120000,1770467757.448177
0.042456,0.022936,0.222284,-14.560000,-119.980003,9.800000,1770467757.456152
0.047824,0.031964,0.127856,-2.240000,-115.430000,17.219999,1770467757.464273
0.138592,0.001708,0.030256,3.360000,-112.209999,12.250000,1770467757.472149
0.151280,0.120536,-0.080032,12.110000,-109.970001,16.940001,1770467757.480163
0.147864,0.117120,-0.086864,28.629999,-97.440002,31.780001,1770467757.488428
0.150548,0.142740,-0.014640,33.529999,-74.059998,34.439999,1770467757.496149
0.172508,0.182512,0.111508,37.380001,-43.119999,34.720001,1770467757.504200
0.222040,0.196664,0.282308,36.610001,-6.720000,33.810001,1770467757.512165
0.282552,0.207400,0.467748,34.230000,27.860001,27.160000,1770467757.520155
0.328424,0.212524,0.690520,33.950001,68.949997,24.500000,1770467757.528178
0.341600,0.285968,0.937692,34.650002,106.959999,13.370000,1770467757.536133
0.335256,0.285236,1.209020,40.459999,140.559998,6.510000,1770467757.544130
0.266204,0.258396,1.464976,41.439999,165.410004,0.420000,1770467757.552179
0.125904,0.242780,1.706780,38.639999,181.509995,0.490000,1770467757.560183
-0.031964,0.218380,2.160620,30.870001,185.149994,5.320000,1770467757.568176
-0.194712,0.019032,2.638128,17.430000,172.339996,8.890000,1770467757.576158
-0.398208,-0.206180,2.765252,26.320000,140.279999,24.010000,1770467757.584154
-0.608536,-0.229848,2.608604,22.540001,89.250000,22.469999,1770467757.592272
-0.889624,-0.348920,2.357772,-4.550000,63.630001,26.250000,1770467757.600170
-0.837652,-0.380396,1.871480,-26.670000,47.040001,2.730000,1770467757.608187
-0.815936,-0.403576,1.563552,-40.669998,42.279999,-6.650000,1770467757.616148
-0.774944,-0.408700,1.307108,-41.369999,45.990002,-18.480000,1770467757.624154
-0.768600,-0.385276,1.085556,-34.790001,52.290001,-25.900000,1770467757.632178
-0.771528,-0.293288,0.900848,-28.350000,57.959999,-34.369999,1770467757.640193
-0.787632,-0.171044,0.749568,-19.879999,58.029999,-42.630001,1770467757.648147
-0.787632,-0.054412,0.629520,-20.020000,51.310001,-46.689999,1770467757.656146
-0.775432,0.034648,0.518012,-15.120000,38.360001,-50.470001,1770467757.664155
-0.744200,0.092964,0.419924,-10.430000,18.760000,-54.880001,1770467757.672136
-0.681492,0.126148,0.335012,-4.760000,-2.590000,-60.130001,1770467757.680182
-0.609024,0.135176,0.256200,3.430000,-21.910000,-57.889999,1770467757.688156
-0.529480,0.139812,0.175680,10.780000,-40.529999,-58.730000,1770467757.696160
-0.448716,0.152500,0.082228,14.420000,-59.779999,-55.090000,1770467757.704159
-0.352336,0.185440,0.011956,17.010000,-78.680000,-46.900002,1770467757.712251
-0.254248,0.210572,0.007076,10.780000,-98.489998,-35.910000,1770467757.720149
-0.164456,0.217160,0.040992,4.900000,-116.690002,-27.160000,1770467757.728153
-0.096624,0.223992,0.106384,-1.890000,-128.240005,-21.350000,1770467757.736151
-0.051484,0.201544,0.171776,-3.570000,-126.559998,-15.680000,1770467757.744153
0.180560,0.285236,0.188124,6.090000,-121.519997,0.910000,1770467757.752260
0.215940,0.298656,0.389912,20.230000,-114.449997,14.140000,1770467757.760247
0.276208,0.360144,0.635132,38.360001,-87.570000,25.059999,1770467757.768164
0.327936,0.462624,0.915244,41.299999,-48.580002,23.030001,1770467757.776137
0.333548,0.616344,1.162416,39.130001,-1.680000,25.620001,1770467757.784135
0.246684,0.711260,1.249524,21.910000,39.410000,18.760000,1770467757.792320
0.107604,0.724192,1.478396,2.660000,73.849998,17.850000,1770467757.800145
-0.094428,0.570716,1.878800,-13.860000,119.839996,11.130000,1770467757.808190
-0.295728,0.212036,2.202100,-12.600000,164.500000,12.250000,1770467757.816166
-0.498492,-0.115900,2.354600,18.129999,174.929993,32.340000,1770467757.824158
-0.641232,-0.150792,2.366556,30.240000,136.919998,51.310001,1770467757.832160
-1.173396,-0.462624,2.368508,9.100000,107.379997,45.709999,1770467757.840171
-1.134356,-0.407236,2.003484,-6.300000,61.950001,20.580000,1770467757.848229
-1.144848,-0.500444,1.650416,-26.530001,13.720000,11.900000,1770467757.856158
-1.055056,-0.554856,1.346148,-41.090000,-32.060001,1.610000,1770467757.864148
-0.906216,-0.514596,1.105808,-50.470001,-69.230003,-13.720000,1770467757.872146
-0.721752,-0.490684,0.921832,-54.110001,-94.570000,-20.719999,1770467757.880145
-0.526552,-0.415044,0.768112,-48.580002,-111.650002,-26.950001,1770467757.888205
-0.350628,-0.312320,0.661484,-43.259998,-121.800003,-27.370001,1770467757.896154
-0.208620,-0.203008,0.570716,-29.750000,-126.349998,-19.530001,1770467757.904158
-0.080276,-0.129320,0.498980,-22.120001,-130.199997,-13.860000,1770467757.912135
0.032452,-0.072468,0.406016,-17.219999,-133.979996,-5.530000,1770467757.920171
0.082228,-0.025132,0.304756,-9.100000,-134.190002,-1.680000,1770467757.928152
0.123464,-0.064904,0.196664,-6.370000,-127.889999,3.640000,1770467757.936155
0.204716,0.029524,0.076616,0.770000,-126.419998,6.440000,1770467757.944168
0.192028,0.096868,-0.036600,11.340000,-119.980003,5.950000,1770467757.952205
0.200812,0.131272,-0.091744,23.030001,-107.239998,21.350000,1770467757.960156
0.203252,0.143228,-0.055632,31.920000,-85.750000,25.059999,1770467757.968149
0.240584,0.167628,0.057096,35.349998,-55.020000,24.780001,1770467757.976493
0.314516,0.163480,0.251564,39.549999,-20.790001,20.020000,1770467757.984874
0.410164,0.166652,0.528748,42.980000,14.840000,18.340000,1770467757.992203
0.490196,0.205448,0.860588,43.680000,57.400002,8.190000,1770467758.000164
0.515084,0.281332,1.156560,46.410000,105.209999,-1.330000,1770467758.008330
0.506544,0.323056,1.349076,47.880001,147.839996,-16.799999,1770467758.016178
0.423096,0.315736,1.490840,47.669998,184.380005,-20.230000,1770467758.024155
0.267180,0.329156,1.645780,43.610001,205.240005,-18.410000,1770467758.032138
0.154940,0.280600,2.115724,30.660000,212.800003,-9.520000,1770467758.040144
-0.102480,0.080520,2.611776,26.180000,203.490005,4.200000,1770467758.048174
-0.425780,-0.039040,2.674240,26.320000,173.740005,12.180000,1770467758.056249
-0.676124,-0.050020,2.569320,19.110001,126.419998,25.480000,1770467758.064158
-0.839848,-0.022448,2.182092,-4.340000,83.930000,22.260000,1770467758.072227
-0.990152,-0.235948,1.820972,-32.340000,69.720001,11.060000,1770467758.080158
-0.898164,-0.267180,1.473272,-40.459999,62.509998,-6.020000,1770467758.088223
-0.872788,-0.308416,1.177300,-41.860001,63.910000,-21.420000,1770467758.096163
-0.863272,-0.296704,0.919636,-36.889999,70.489998,-24.920000,1770467758.104158
-0.881572,-0.245464,0.712724,-24.639999,72.940002,-37.380001,1770467758.112147
-0.903776,-0.146644,0.556564,-17.360001,70.769997,-45.639999,1770467758.120149
-0.885720,-0.057584,0.484340,-7.560000,62.160000,-54.740002,1770467758.128143
-0.845460,-0.003660,0.451888,0.980000,44.660000,-61.950001,1770467758.136141
-0.777384,0.022936,0.401624,7.350000,21.070000,-66.220001,1770467758.144208
-0.687836,0.041724,0.331840,15.330000,-7.000000,-69.230003,1770467758.152147
-0.581940,0.061244,0.257664,17.990000,-32.060001,-68.879997,1770467758.160144
-0.469700,0.079544,0.184464,21.629999,-58.310001,-63.700001,1770467758.168143
-0.370148,0.108824,0.114680,20.580000,-83.370003,-58.099998,1770467758.176143
-0.283040,0.141520,0.081496,19.879999,-103.669998,-48.439999,1770467758.184142
-0.176412,0.176656,0.079300,12.740000,-122.779999,-43.119999,1770467758.192330
-0.086864,0.205936,0.109068,4.760000,-137.759995,-36.820000,1770467758.200148
-0.033672,0.192760,0.168360,2.380000,-146.300003,-29.260000,1770467758.208148
-0.025376,0.158844,0.231800,0.910000,-136.220001,-26.250000,1770467758.216160
0.256200,0.181048,0.286212,10.850000,-118.930000,7.000000,1770467758.224282
0.190320,0.209108,0.567300,24.780001,-94.010002,17.219999,1770467758.232142
0.222040,0.289872,0.882548,30.450001,-59.360001,22.680000,1770467758.240144
0.231068,0.389424,1.247328,29.120001,-10.710000,20.650000,1770467758.248146
0.162504,0.461160,1.406172,19.670000,37.380001,31.219999,1770467758.256146
0.000732,0.424804,1.562088,15.890000,79.589996,30.730000,1770467758.264192
-0.294264,0.262300,1.828536,19.740000,120.260002,29.330000,1770467758.272296
-0.553880,0.095404,2.014708,28.420000,148.259995,31.219999,1770467758.280134
-0.835700,0.038552,2.117188,31.570000,156.800003,35.700001,1770467758.288125
-1.034560,-0.125660,2.165012,16.309999,139.089996,27.510000,1770467758.296165
-1.191696,-0.252052,2.171356,3.010000,95.970001,10.710000,1770467758.304170
-1.280756,-0.326960,1.991040,-16.590000,41.090000,-5.040000,1770467758.312266
-1.232688,-0.385276,1.720200,-31.430000,-16.870001,-20.230000,1770467758.320163
-1.110444,-0.377468,1.414224,-41.930000,-65.029999,-25.900000,1770467758.328155
-0.934276,-0.345992,1.162660,-52.779999,-103.879997,-32.060001,1770467758.336152
-0.706868,-0.292068,0.964044,-56.209999,-128.869995,-35.139999,1770467758.344141
-0.496052,-0.194712,0.783484,-49.630001,-146.789993,-31.780001,1770467758.352170
-0.316956,-0.074664,0.619516,-43.820000,-157.779999,-27.370001,1770467758.360200
-0.149328,0.015128,0.476288,-31.990000,-165.410004,-18.760000,1770467758.368154
-0.015372,0.033672,0.368928,-21.980000,-171.009995,-10.010000,1770467758.376154
0.049776,0.033916,0.261812,-14.910000,-170.869995,-5.180000,1770467758.384152
0.094916,0.000732,0.148840,-13.370000,-166.460007,-7.140000,1770467758.392221
0.319152,0.215452,-0.024888,0.490000,-171.360001,21.139999,1770467758.400157
0.254736,0.129808,-0.054656,17.990000,-163.100006,26.950001,1770467758.408155
0.251808,0.126392,-0.089304,22.400000,-146.860001,28.629999,1770467758.416282
0.249368,0.147376,-0.085400,31.150000,-120.190002,33.880001,1770467758.424146
0.256444,0.169580,-0.027328,35.910000,-88.970001,28.420000,1770467758.432157
0.293532,0.197640,0.102236,35.419998,-49.209999,31.010000,1770467758.440192
0.347212,0.209840,0.273524,40.040001,-3.920000,27.090000,1770467758.448158
0.409676,0.205448,0.493124,41.090000,38.919998,25.969999,1770467758.456186
0.470920,0.237656,0.743712,45.990002,81.199997,26.040001,1770467758.464162
0.487268,0.308904,1.007476,50.680000,124.389999,11.270000,1770467758.472244
0.485072,0.320860,1.283928,49.000000,159.600006,5.180000,1770467758.480157
0.417972,0.265472,1.514752,52.290001,184.589996,-2.100000,1770467758.488239
0.256444,0.248148,1.764608,42.000000,201.880005,-1.540000,1770467758.496166
0.113704,0.170312,2.229428,26.180000,206.149994,6.160000,1770467758.504278
-0.122244,-0.068320,2.657160,12.670000,199.149994,3.710000,1770467758.512226
-0.387960,-0.250344,2.793800,21.350000,170.520004,16.590000,1770467758.520158
-0.665144,-0.236436,2.713036,17.010000,117.949997,19.180000,1770467758.528151
-1.092876,-0.440908,2.430240,-13.300000,88.059998,12.250000,1770467758.536136
-0.933788,-0.347700,1.931260,-34.230000,59.220001,-10.780000,1770467758.544154
-0.906948,-0.393572,1.561600,-45.639999,49.490002,-18.620001,1770467758.552160
-0.858392,-0.409676,1.270508,-46.480000,47.950001,-29.820000,1770467758.560154
-0.827648,-0.374052,1.045052,-38.919998,49.419998,-35.139999,1770467758.568150
-0.810324,-0.276452,0.844240,-31.219999,51.799999,-39.130001,1770467758.576149
-0.818376,-0.142984,0.695156,-23.660000,51.099998,-43.119999,1770467758.584177
-0.824720,-0.012444,0.580232,-22.889999,40.740002,-50.610001,1770467758.592459
-0.797392,0.141764,0.473116,-19.459999,24.290001,-62.299999,1770467758.600156
-0.725412,0.129808,0.403576,-9.030000,4.550000,-66.430000,1770467758.608140
-0.646112,0.155184,0.292068,-4.340000,-14.490000,-71.470001,1770467758.616193
-0.578768,0.149572,0.181048,5.320000,-30.240000,-66.779999,1770467758.624164
-0.485072,0.169580,0.101016,10.780000,-48.090000,-67.339996,1770467758.632151
-0.389424,0.197884,0.030500,10.570000,-66.290001,-62.020000,1770467758.640153
-0.294508,0.233508,0.008784,9.520000,-89.250000,-52.849998,1770467758.648152
-0.216672,0.258396,0.028792,-0.350000,-106.750000,-48.369999,1770467758.656228
-0.132004,0.291824,0.067832,-10.780000,-119.699997,-40.529999,1770467758.664156
-0.041968,0.270352,0.133956,-10.570000,-123.830002,-33.740002,1770467758.672149
0.197152,0.400404,0.202764,-8.260000,-146.440002,-0.770000,1770467758.680150
0.176900,0.325740,0.359412,5.250000,-133.000000,3.920000,1770467758.688175
0.250344,0.416020,0.544608,23.450001,-100.800003,30.730000,1770467758.696159
0.286944,0.399672,0.771040,43.680000,-56.139999,19.879999,1770467758.704250
0.352092,0.561444,1.001620,49.770000,-13.370000,13.930000,1770467758.712153
0.234240,0.690032,1.089216,33.669998,31.150000,22.680000,1770467758.720152
0.152744,0.754204,1.320528,17.500000,69.580002,17.500000,1770467758.728157
0.028304,0.620492,1.697752,-6.020000,109.059998,13.720000,1770467758.736147
-0.228628,0.342576,2.074732,-14.910000,164.570007,5.180000,1770467758.744166
-0.404552,-0.067588,2.336788,7.560000,181.369995,21.490000,1770467758.752156
-0.578280,-0.150792,2.312144,16.799999,156.800003,51.520000,1770467758.760152
-0.990640,-0.142984,2.335568,16.240000,117.529999,65.309998,1770467758.768170
-1.150216,-0.384056,2.152568,-17.010000,82.040001,17.010000,1770467758.776150
-1.206824,-0.439444,1.788276,-36.680000,32.549999,11.690000,1770467758.784138
-1.127524,-0.527772,1.479128,-48.230000,-11.340000,11.130000,1770467758.792154
-1.016748,-0.565104,1.172664,-68.110001,-50.680000,-14.490000,1770467758.800177
-0.840824,-0.545340,0.959408,-71.400002,-79.519997,-13.580000,1770467758.808161
-0.655384,-0.481900,0.773968,-70.419998,-100.169998,-30.450001,1770467758.816169
-0.488976,-0.355996,0.640256,-61.740002,-112.349998,-18.620001,1770467758.824199
-0.329156,-0.255956,0.558516,-49.980000,-121.519997,-26.670000,1770467758.832220
-0.189344,-0.180804,0.484340,-41.790001,-126.980003,-17.360001,1770467758.840147
-0.062464,-0.117608,0.397720,-26.530001,-131.880005,-9.240000,1770467758.848151
0.027328,-0.055144,0.299632,-18.200001,-137.550003,-2.590000,1770467758.856150
0.084424,-0.002196,0.194712,-9.240000,-139.860001,6.160000,1770467758.864195
0.086376,0.024888,0.079788,-0.560000,-135.100006,2.940000,1770467758.872229
0.182512,-0.001464,-0.032940,0.210000,-132.649994,6.930000,1770467758.880146
0.191540,0.095160,-0.154208,14.980000,-127.680000,4.690000,1770467758.888150
0.201056,0.089060,-0.161772,24.990000,-111.860001,15.610000,1770467758.896162
0.229848,0.108580,-0.063196,36.400002,-86.519997,18.549999,1770467758.904190
0.298412,0.090036,0.141764,42.560001,-52.220001,16.870001,1770467758.912165
0.388936,0.073200,0.447984,44.730000,-12.320000,13.580000,1770467758.920149
0.491416,0.123952,0.797880,47.669998,31.639999,7.280000,1770467758.928152
0.533628,0.195444,1.105076,47.320000,80.709999,-0.840000,1770467758.936141
0.535580,0.209596,1.327848,47.950001,130.130005,-11.410000,1770467758.944254
0.486536,0.176168,1.478152,48.299999,168.630005,-19.600000,1770467758.952151
0.408456,0.199592,1.541592,47.740002,192.009995,-5.600000,1770467758.960153
0.228628,0.196420,1.900516,44.869999,205.449997,2.520000,1770467758.968152
0.072224,0.094672,2.558828,35.279999,202.509995,8.890000,1770467758.976334
-0.239852,-0.035868,2.710108,28.000000,177.940002,16.660000,1770467758.984957
-0.515572,-0.046604,2.569808,11.410000,139.300003,20.299999,1770467758.992175
-0.673928,-0.068564,2.262856,-12.740000,101.080002,28.770000,1770467759.000168
-0.813496,-0.163724,1.886364,-34.299999,85.959999,30.870001,1770467759.008351
-0.834236,-0.272060,1.577216,-52.919998,78.190002,10.430000,1770467759.016162
-0.840580,-0.309392,1.257088,-49.000000,79.029999,-3.360000,1770467759.024157
-0.840336,-0.292800,0.990396,-44.660000,81.339996,-14.000000,1770467759.032538
-0.857172,-0.222772,0.780556,-35.000000,80.709999,-24.570000,1770467759.040239
-0.895236,-0.114924,0.585112,-26.320000,71.120003,-43.330002,1770467759.048158
-0.870836,-0.015616,0.481656,-22.260000,54.529999,-52.779999,1770467759.056159
-0.838628,0.000488,0.420168,-11.130000,38.430000,-57.119999,1770467759.064180
-0.740784,0.013908,0.355020,7.350000,20.650000,-61.250000,1770467759.072175
-0.650748,0.056608,0.278892,17.850000,1.190000,-64.050003,1770467759.080244
-0.549488,0.092720,0.224236,25.620001,-18.830000,-64.050003,1770467759.088147
-0.451400,0.137616,0.166652,27.790001,-40.110001,-56.349998,1770467759.096193
-0.360632,0.197396,0.105164,27.930000,-63.209999,-49.630001,1770467759.104213
-0.262300,0.241316,0.071004,20.230000,-86.800003,-41.930000,1770467759.112154
-0.183488,0.258396,0.087596,7.840000,-108.430000,-31.500000,1770467759.120144
-0.118828,0.255224,0.119560,0.350000,-127.260002,-27.719999,1770467759.128145
-0.046604,0.236680,0.168116,-7.560000,-132.789993,-21.070000,1770467759.136141
0.033916,0.250588,0.218380,-0.070000,-129.149994,-7.420000,1770467759.144199
0.136884,0.252052,0.349652,14.140000,-124.599998,19.389999,1770467759.152149
0.201544,0.184952,0.589504,24.219999,-71.540001,70.839996,1770467759.160147
0.183244,0.333060,0.835944,35.209999,-14.560000,20.020000,1770467759.168143
0.184708,0.420656,1.195844,34.090000,37.169998,55.509998,1770467759.176140
0.108336,0.493368,1.437404,20.299999,87.500000,15.470000,1770467759.184142
-0.096136,0.476532,1.706048,9.310000,125.650002,49.490002,1770467759.192163
-0.438956,0.312808,2.038376,5.110000,157.080002,20.440001,1770467759.200222
-0.788852,0.152500,2.173552,21.420000,167.929993,31.920000,1770467759.208156
-1.036024,0.031476,2.229672,21.770000,152.529999,43.049999,1770467759.216146
-1.330532,-0.281332,2.247972,8.330000,120.959999,25.760000,1770467759.224148
-1.396412,-0.302072,2.129632,-2.240000,68.599998,24.219999,1770467759.232206
-1.410564,-0.348920,1.850984,-21.629999,3.080000,1.890000,1770467759.240140
-1.322236,-0.444568,1.567944,-35.910000,-53.410000,-3.920000,1770467759.248142
-1.100196,-0.427000,1.293200,-46.270000,-98.139999,-11.970000,1770467759.256137
-0.856928,-0.453352,1.077748,-54.250000,-127.540001,-18.129999,1770467759.264181
-0.613416,-0.375760,0.856928,-55.230000,-145.880005,-21.000000,1770467759.272156
-0.394548,-0.291336,0.694668,-48.650002,-157.360001,-23.450001,1770467759.280155
-0.215208,-0.196420,0.561444,-42.490002,-163.800003,-18.830000,1770467759.288126
-0.049776,-0.099064,0.445056,-31.990000,-168.419998,-12.460000,1770467759.296187
0.058316,-0.050752,0.343308,-27.230000,-168.630005,-2.310000,1770467759.304278
0.085400,-0.029524,0.226920,-22.120001,-161.770004,1.960000,1770467759.312152
0.264984,-0.015128,0.113460,-21.070000,-164.289993,11.830000,1770467759.320160
0.375516,0.133224,-0.032452,1.680000,-161.630005,27.860001,1770467759.328154
0.278160,0.070516,-0.069296,12.530000,-148.750000,33.810001,1770467759.336168
0.260104,0.084180,-0.128100,22.540001,-128.100006,39.900002,1770467759.344154
0.252784,0.106140,-0.139080,29.889999,-100.660004,32.480000,1770467759.352154
0.263276,0.157624,-0.065880,32.340000,-62.650002,29.400000,1770467759.360142
0.302072,0.203496,0.115412,33.669998,-21.350000,23.240000,1770467759.368132
0.356972,0.232532,0.333548,33.459999,23.450001,20.230000,1770467759.376144
0.424560,0.241560,0.564616,34.439999,69.510002,11.060000,1770467759.384191
0.452620,0.255956,0.832528,39.970001,112.139999,-1.960000,1770467759.392178
0.450424,0.295972,1.088484,44.660000,155.259995,1.050000,1770467759.400165
0.403332,0.304756,1.357860,45.779999,190.610001,-16.030001,1770467759.408153
0.272548,0.275964,1.618696,42.209999,218.330002,-9.660000,1770467759.416153
0.061976,0.265960,1.987136,33.810001,235.690002,-9.590000,1770467759.424218
-0.154940,0.051240,2.565660,27.020000,229.669998,4.970000,1770467759.432158
-0.447984,-0.159332,2.964600,42.560001,200.130005,16.170000,1770467759.440149
-0.762012,-0.141764,2.847236,31.780001,139.300003,30.660000,1770467759.448132
-1.001376,-0.087108,2.494656,8.120000,82.949997,22.889999,1770467759.456237
-0.995520,-0.145668,1.972252,-19.180000,51.169998,17.850000,1770467759.464183
-0.913292,-0.243024,1.606496,-31.990000,32.270000,-2.450000,1770467759.472145
-0.857172,-0.313052,1.335656,-41.090000,29.400000,-7.490000,1770467759.480145
-0.824232,-0.335500,1.108492,-36.330002,34.160000,-14.700000,1770467759.488145
-0.809348,-0.284016,0.919148,-33.320000,40.950001,-20.160000,1770467759.496245
-0.813008,-0.181292,0.742980,-25.340000,45.849998,-25.270000,1770467759.504153
-0.806664,-0.050996,0.581208,-20.650000,44.099998,-35.000000,1770467759.512157
-0.796660,0.051972,0.472628,-18.760000,35.980000,-41.650002,1770467759.520184
-0.754936,0.104188,0.381128,-12.810000,19.459999,-50.959999,1770467759.528214
-0.681980,0.099552,0.305000,-5.040000,5.180000,-54.529999,1770467759.536134
-0.610732,0.090036,0.213012,3.220000,-11.200000,-50.119999,1770467759.544150
-0.531432,0.096136,0.122976,6.090000,-28.559999,-56.490002,1770467759.552150
-0.449692,0.107360,0.040260,8.750000,-46.900002,-51.799999,1770467759.560216
-0.358192,0.132248,-0.003172,11.620000,-65.449997,-51.939999,1770467759.568152
-0.237412,0.167384,0.012688,9.240000,-88.339996,-43.889999,1770467759.576148
-0.125904,0.212524,0.064904,7.420000,-109.550003,-38.709999,1770467759.584151
0.377468,-0.039528,0.202520,21.209999,-90.650002,-44.520000,1770467759.592290
0.055876,0.077836,0.255956,-8.120000,-99.400002,-34.860001,1770467759.600164
0.064172,0.241804,0.299632,-2.660000,-102.410004,-8.400000,1770467759.608224
0.143472,0.289872,0.449204,20.020000,-79.870003,7.000000,1770467759.616155
0.166652,0.375272,0.756400,43.470001,-52.360001,27.160000,1770467759.624143
0.160796,0.415776,1.108980,46.689999,12.040000,4.410000,1770467759.632240
0.079544,0.583404,1.324920,39.619999,58.939999,29.820000,1770467759.640222
-0.062952,0.581696,1.496452,28.070000,97.720001,30.799999,1770467759.648151
-0.353800,0.431636,1.755580,24.780001,138.039993,14.140000,1770467759.656151
-0.673440,0.227164,1.997872,34.439999,157.919998,41.650002,1770467759.664300
-0.928664,0.129076,2.165256,37.660000,143.639999,38.080002,1770467759.672144
-1.124596,0.030988,2.196976,15.890000,100.730003,47.740002,1770467759.680149
-1.343220,-0.219600,2.237236,-7.000000,58.939999,22.469999,1770467759.688149
-1.359080,-0.379664,2.032276,-25.480000,8.120000,9.030000,1770467759.696364
-1.291980,-0.479704,1.733864,-45.009998,-43.470001,-7.070000,1770467759.704162
-1.128012,-0.519720,1.454728,-60.200001,-86.449997,-17.290001,1770467759.712162
-0.911828,-0.503128,1.153876,-66.639999,-115.919998,-27.719999,1770467759.720141
-0.671976,-0.422608,0.928664,-63.980000,-136.429993,-26.809999,1770467759.728219
-0.462380,-0.348920,0.739564,-62.299999,-148.330002,-29.750000,1770467759.736176
-0.281332,-0.221552,0.573156,-53.200001,-154.419998,-22.540001,1770467759.744150
-0.124196,-0.122976,0.437248,-43.750000,-161.559998,-21.420000,1770467759.752151
-0.004392,-0.061000,0.314272,-32.759998,-162.539993,-7.840000,1770467759.760144
0.071004,-0.042212,0.214232,-19.110001,-160.300003,-3.220000,1770467759.768216
0.187148,-0.092232,0.128100,-11.970000,-156.729996,-2.310000,1770467759.776152
0.212524,0.019276,0.015860,0.210000,-150.779999,17.080000,1770467759.784171
0.243268,0.065148,-0.061732,14.630000,-143.009995,10.220000,1770467759.792204
0.250588,0.096136,-0.162260,24.850000,-132.440002,28.840000,1770467759.800168
0.260348,0.091256,-0.107604,34.439999,-104.230003,26.600000,1770467759.808155
0.243268,0.188856,-0.095892,38.430000,-74.760002,28.070000,1770467759.816461
0.265472,0.208376,0.073688,37.240002,-38.220001,21.700001,1770467759.824304
0.382836,0.290848,0.304756,34.860001,0.280000,22.469999,1770467759.832157
0.417972,0.279380,0.584624,32.060001,41.509998,7.280000,1770467759.840185
0.447252,0.283528,0.862052,36.750000,84.629997,1.610000,1770467759.848132
0.471408,0.311344,1.133624,39.759998,128.729996,-2.450000,1770467759.856156
0.448716,0.318420,1.405928,42.419998,164.360001,-12.110000,1770467759.864171
0.365512,0.218624,1.577704,34.299999,187.179993,-14.140000,1770467759.872327
0.146888,0.269132,1.784372,27.299999,202.720001,-13.370000,1770467759.880155
0.020496,0.086620,2.298724,28.840000,208.460007,-2.870000,1770467759.888151
-0.200568,-0.144204,2.705472,38.570000,193.339996,9.520000,1770467759.896150
-0.487024,-0.207156,2.656672,44.520000,145.809998,17.500000,1770467759.904170
-0.705648,-0.185928,2.444636,30.100000,96.389999,33.320000,1770467759.912197
-1.004304,-0.391132,2.108160,-4.480000,77.629997,18.620001,1770467759.920160
-0.866444,-0.334280,1.762900,-23.590000,56.139999,1.820000,1770467759.928154
-0.844240,-0.352336,1.480104,-28.420000,55.299999,-12.110000,1770467759.936145
-0.823012,-0.330132,1.219756,-27.020000,60.200001,-21.420000,1770467759.944150
-0.814960,-0.256200,1.016748,-21.910000,66.430000,-33.320000,1770467759.952258
-0.818620,-0.145180,0.827648,-19.530001,73.779999,-40.880001,1770467759.960160
-0.822036,-0.013908,0.667584,-14.210000,73.989998,-46.549999,1770467759.968152
-0.826672,0.078812,0.530700,-17.570000,65.169998,-56.000000,1770467759.976528
-0.783972,0.144204,0.405040,-16.660000,44.029999,-68.250000,1770467759.984950
-0.695400,0.110776,0.341356,-5.530000,29.889999,-74.970001,1770467759.992176
-0.665876,0.132004,0.201788,-0.560000,8.750000,-64.820000,1770467760.000230
-0.589016,0.162504,0.110776,7.140000,-10.220000,-72.449997,1770467760.008169
-0.500444,0.152988,0.050508,11.200000,-26.809999,-64.400002,1770467760.016237
-0.384788,0.166164,0.010004,13.300000,-44.240002,-51.310001,1770467760.024148
-0.260836,0.192028,0.025376,11.550000,-61.599998,-48.790001,1770467760.032159
-0.152988,0.213744,0.064660,4.410000,-73.849998,-35.000000,1770467760.040154
-0.078324,0.205448,0.114436,-3.150000,-84.419998,-31.780001,1770467760.048150
-0.048800,0.173972,0.168360,-11.130000,-86.099998,-20.440001,1770467760.056164
0.015128,0.179828,0.210572,-8.190000,-80.220001,-1.330000,1770467760.064158
0.105408,0.275964,0.306952,2.520000,-78.120003,18.969999,1770467760.072182
-0.021472,0.399672,0.584868,12.110000,-59.009998,29.889999,1770467760.080165
0.071736,0.345748,1.068476,27.510000,-31.360001,29.540001,1770467760.088143
-0.025864,0.545584,1.401536,23.240000,20.440001,19.879999,1770467760.096143
-0.184952,0.576328,1.625528,6.300000,50.330002,42.770000,1770467760.104160
-0.450424,0.415288,1.876604,-6.020000,70.279999,25.059999,1770467760.112259
-0.747372,0.166652,2.036668,1.190000,75.879997,40.180000,1770467760.120178
-1.015040,0.018544,2.011536,13.440000,75.879997,57.680000,1770467760.128159
-1.201212,-0.275476,2.127924,3.990000,72.940002,38.500000,1770467760.136156
-1.158268,-0.430172,2.111332,-3.360000,44.169998,27.860001,1770467760.144215
-1.181448,-0.506300,2.011536,-13.650000,8.330000,16.870001,1770467760.152137
-1.183644,-0.583648,1.738012,-33.110001,-21.910000,9.450000,1770467760.160139
-1.043100,-0.555832,1.433012,-42.980000,-54.669998,-14.490000,1770467760.168139
-0.880840,-0.516304,1.165344,-56.630001,-88.550003,-21.980000,1770467760.176138
-0.679052,-0.419680,0.918660,-63.770000,-117.879997,-21.980000,1770467760.184150
-0.488000,-0.294996,0.746640,-63.209999,-139.649994,-24.219999,1770467760.192243
-0.306220,-0.177144,0.607804,-59.570000,-153.229996,-13.020000,1770467760.200171
-0.072468,-0.139324,0.525332,-44.240002,-154.559998,-11.760000,1770467760.208146
0.044408,-0.018300,0.342576,-39.830002,-157.500000,9.100000,1770467760.216152
0.071736,0.028548,0.225212,-29.750000,-154.490005,5.390000,1770467760.224153
0.187880,-0.035868,0.140788,-24.780001,-149.449997,10.780000,1770467760.232182
0.242536,0.158600,-0.024888,-11.550000,-152.880005,9.870000,1770467760.240240
0.261324,0.161040,-0.079788,3.570000,-148.679993,24.150000,1770467760.248136
0.236436,0.199836,-0.140788,12.740000,-135.520004,30.799999,1770467760.256141
0.232288,0.217404,-0.144448,19.670000,-117.879997,24.709999,1770467760.264147
0.272792,0.211060,-0.071492,29.469999,-85.470001,22.260000,1770467760.272153
0.332572,0.201544,0.125416,30.100000,-47.040001,24.150000,1770467760.280164
0.419924,0.168848,0.377956,35.419998,-9.450000,9.100000,1770467760.288129
0.486780,0.188368,0.640744,42.910000,32.549999,-8.190000,1770467760.296144
0.562908,0.173972,0.961848,49.980000,87.500000,-0.980000,1770467760.304192
0.551928,0.212036,1.232200,58.099998,131.740005,-23.240000,1770467760.312154
0.491172,0.207888,1.472052,55.860001,170.940002,-14.000000,1770467760.320168
0.327692,0.173484,1.623820,54.040001,206.710007,-22.120001,1770467760.328253
0.080520,0.125172,1.936140,45.290001,221.130005,-10.220000,1770467760.336149
-0.093940,-0.047336,2.671312,48.439999,219.589996,-0.630000,1770467760.344148
-0.404308,-0.153720,3.062444,45.430000,187.600006,17.639999,1770467760.352151
-0.717848,-0.180804,2.853580,24.219999,131.250000,32.480000,1770467760.360153
-0.941108,-0.211548,2.367044,0.350000,85.050003,34.020000,1770467760.368191
-0.992592,-0.318420,1.881972,-26.250000,66.709999,29.330000,1770467760.376153
-0.930128,-0.446520,1.524268,-34.439999,57.259998,7.070000,1770467760.384134
-0.903044,-0.498492,1.244644,-35.000000,57.189999,5.180000,1770467760.392156
-0.885476,-0.437492,1.003572,-33.320000,58.730000,-13.650000,1770467760.400336
-0.903776,-0.321836,0.818376,-26.530001,62.650002,-15.330000,1770467760.408131
-0.905484,-0.155916,0.666120,-23.309999,62.860001,-21.070000,1770467760.416160
-0.889624,-0.010980,0.563152,-21.629999,53.480000,-29.260000,1770467760.424222
-0.844728,0.086132,0.476776,-21.209999,35.070000,-36.119999,1770467760.432160
-0.772748,0.122000,0.387960,-20.020000,15.120000,-39.130001,1770467760.440156
-0.677100,0.130784,0.295728,-13.440000,-6.930000,-46.200001,1770467760.448159
-0.581452,0.116388,0.209596,-9.660000,-27.160000,-43.750000,1770467760.456174
-0.496540,0.093696,0.108824,-2.940000,-44.590000,-43.540001,1770467760.464141
-0.361120,0.073688,0.033672,7.140000,-52.709999,-42.419998,1770467760.472211
-0.258152,0.120536,-0.034892,6.440000,-69.580002,-37.029999,1770467760.480162
-0.140788,0.152012,-0.000976,9.450000,-83.440002,-31.150000,1770467760.488146
-0.028304,0.182268,0.068320,7.910000,-93.519997,-31.850000,1770467760.496156
0.011468,0.178120,0.143716,5.390000,-95.690002,-13.790000,1770467760.504144
0.036112,0.133956,0.230824,2.870000,-85.680000,-27.020000,1770467760.512159
0.382592,0.359168,0.216184,9.520000,-78.889999,-3.150000,1770467760.520171
0.250100,0.232532,0.485316,24.010000,-54.669998,17.780001,1770467760.528357
0.265472,0.308416,0.716140,35.209999,-10.290000,26.809999,1770467760.536136
0.199592,0.471652,1.011868,33.320000,37.099998,30.660000,1770467760.544152
0.064660,0.620736,1.258064,18.760000,76.580002,31.080000,1770467760.552169
-0.170312,0.693448,1.503528,-2.590000,106.540001,36.259998,1770467760.560238
-0.517036,0.506300,1.866356,-13.580000,132.929993,36.400002,1770467760.568176
-0.847412,0.200568,2.210152,6.860000,131.740005,60.340000,1770467760.576150
-1.150216,0.040016,2.342156,27.299999,99.190002,74.970001,1770467760.584154
-1.498648,-0.355264,2.418528,13.860000,71.120003,66.779999,1770467760.592178
-1.426668,-0.387716,2.271640,-0.980000,24.430000,44.450001,1770467760.600179
-1.377136,-0.470188,2.045452,-11.620000,-19.879999,32.900002,1770467760.608139
-1.266848,-0.518256,1.758508,-29.120001,-57.610001,19.110001,1770467760.616147
-1.092144,-0.563152,1.484008,-44.310001,-90.019997,0.770000,1770467760.624209
-0.867420,-0.528260,1.212680,-55.439999,-116.199997,-13.090000,1770467760.632255
-0.638060,-0.460672,0.982100,-63.630001,-137.199997,-26.600000,1770467760.640149
-0.430904,-0.355020,0.808128,-61.180000,-153.229996,-24.010000,1770467760.648151
-0.237656,-0.244244,0.672952,-55.930000,-167.649994,-21.980000,1770467760.656146
-0.061732,-0.134200,0.568764,-45.290001,-178.080002,-14.490000,1770467760.664178
0.056364,-0.090036,0.477508,-33.669998,-171.289993,-11.130000,1770467760.672314
0.185928,-0.087352,0.383568,-33.320000,-168.770004,6.790000,1770467760.680149
0.314760,-0.045628,0.242292,-29.540001,-169.399994,7.770000,1770467760.688159
0.353556,-0.003904,0.114436,-18.969999,-167.440002,15.820000,1770467760.696140
0.394792,0.042700,0.005856,-7.350000,-159.460007,28.840000,1770467760.704150
0.366488,0.096380,-0.092720,2.450000,-152.110001,36.259998,1770467760.712155
0.310124,0.162504,-0.172020,4.900000,-140.979996,41.860001,1770467760.720158
0.399916,0.035380,-0.189832,12.670000,-125.720001,44.939999,1770467760.728255
0.296704,0.157868,-0.155672,22.889999,-82.669998,31.360001,1770467760.736178
0.421388,0.079300,0.040748,29.750000,-37.029999,48.090000,1770467760.744146
0.449692,0.064172,0.280600,49.770000,18.830000,23.450001,1770467760.752148
0.555832,0.056120,0.620248,60.549999,70.489998,36.049999,1770467760.760175
0.585356,0.162260,0.953552,65.169998,129.500000,23.030001,1770467760.768736
0.569008,0.243756,1.177056,66.919998,176.610001,12.390000,1770467760.776149
0.543632,0.257176,1.359324,63.910000,216.720001,1.820000,1770467760.784140
0.438224,0.205936,1.529880,56.419998,247.800003,1.120000,1770467760.792148
0.228872,0.117364,1.844396,52.220001,267.679993,18.059999,1770467760.800163
-0.045384,0.103944,2.449516,48.299999,264.529999,27.650000,1770467760.808160
-0.382836,-0.071004,2.765984,34.020000,234.710007,48.580002,1770467760.816183
-0.724436,-0.141764,2.604700,24.850000,179.619995,58.799999,1770467760.824284
-1.116300,-0.345260,2.299700,-9.520000,137.619995,58.029999,1770467760.832213
-1.114348,-0.385520,1.777296,-24.219999,107.730003,36.259998,1770467760.840152
-1.119716,-0.435540,1.485472,-28.209999,89.040001,17.780001,1770467760.848149
-1.086044,-0.437248,1.291004,-31.219999,77.209999,0.350000,1770467760.856165
-1.052372,-0.394792,1.100684,-28.559999,73.080002,-14.000000,1770467760.864284
-1.012600,-0.310368,0.919880,-24.360001,68.529999,-32.410000,1770467760.872145
-0.977708,-0.203252,0.751032,-24.219999,61.529999,-42.630001,1770467760.880153
-0.910852,-0.089792,0.590480,-22.330000,45.709999,-54.880001,1770467760.888151
-0.822524,-0.003660,0.489220,-19.459999,24.990000,-51.939999,1770467760.896130
-0.720532,-0.048312,0.450668,-8.190000,-2.240000,-63.070000,1770467760.904156
-0.620004,0.103456,0.360144,-4.340000,-28.980000,-64.190002,1770467760.912192
-0.547048,0.128100,0.309392,0.910000,-44.450001,-57.119999,1770467760.920149
-0.457988,0.182024,0.235704,4.900000,-64.190002,-58.099998,1770467760.928159
-0.342576,0.219600,0.183000,5.740000,-80.430000,-47.110001,1770467760.936159
-0.234240,0.244488,0.137372,7.000000,-97.580002,-37.939999,1770467760.944267
-0.116876,0.211304,0.131760,3.780000,-110.110001,-30.170000,1770467760.952147
-0.065148,0.213500,0.122488,-4.130000,-108.639999,-24.219999,1770467760.960150
0.028548,0.285480,0.116144,-8.680000,-110.110001,-20.650000,1770467760.968154
0.149816,0.370392,0.130296,1.750000,-114.660004,10.710000,1770467760.976330
0.193736,0.354288,0.195932,9.310000,-98.980003,21.350000,1770467760.984424
0.208376,0.347944,0.339404,22.330000,-64.260002,37.520000,1770467760.992284
0.200568,0.407968,0.565836,34.650002,-7.910000,40.110001,1770467761.000149
0.146888,0.589992,0.880108,42.419998,58.310001,35.139999,1770467761.008164
0.058316,0.776408,1.280756,31.360001,113.050003,31.430000,1770467761.016871
-0.138104,0.854000,1.648220,7.770000,149.520004,28.770000,1770467761.024166
-0.506300,0.677588,1.979816,-22.889999,173.389999,33.250000,1770467761.032192
-0.915976,0.305732,2.186484,-7.490000,172.130005,42.209999,1770467761.040149
-1.301984,0.212036,2.105720,15.330000,152.740005,54.599998,1770467761.048232
-1.686284,0.004148,2.101328,5.110000,115.080002,35.700001,1770467761.056155
-1.631628,-0.350628,1.977376,-9.240000,46.619999,23.590000,1770467761.064165
-1.687504,-0.431392,1.804136,-29.400000,-12.950000,24.570000,1770467761.072239
-1.581852,-0.540704,1.607472,-39.759998,-67.269997,-3.990000,1770467761.080162
-1.264408,-0.627568,1.423984,-40.180000,-107.239998,-25.690001,1770467761.088148
-0.930616,-0.615368,1.218292,-40.529999,-140.419998,-23.309999,1770467761.096145
-0.667096,-0.528016,0.985028,-46.200001,-167.440002,-40.459999,1770467761.104130
-0.446032,-0.389180,0.780556,-49.419998,-188.789993,-31.500000,1770467761.112138
-0.248636,-0.278404,0.650504,-45.009998,-203.210007,-31.990000,1770467761.120197
-0.045140,-0.192272,0.566812,-31.010000,-211.119995,-19.600000,1770467761.128150
0.097112,-0.118340,0.496052,-19.809999,-212.100006,-12.880000,1770467761.136147
0.220088,-0.102480,0.427000,-12.530000,-205.240005,-0.560000,1770467761.144149
0.350384,-0.030012,0.299388,-5.320000,-207.410004,2.730000,1770467761.152287
0.366488,0.017812,0.182024,2.310000,-200.339996,9.310000,1770467761.160144
0.421632,0.103456,0.032940,13.090000,-185.639999,27.719999,1770467761.168147
0.282064,0.120780,-0.041236,20.230000,-157.990005,30.450001,1770467761.176145
0.322812,0.084912,-0.125172,24.010000,-133.210007,45.150002,1770467761.184146
0.355264,0.106628,-0.141032,31.920000,-93.099998,37.730000,1770467761.192143
0.352580,0.054656,-0.016592,33.740002,-53.480000,48.090000,1770467761.200194
0.390156,0.046604,0.142496,44.450001,8.750000,20.580000,1770467761.208219
0.458476,0.069296,0.368928,46.900002,55.509998,35.139999,1770467761.216157
0.492636,0.102480,0.699548,49.630001,103.459999,13.720000,1770467761.224153
0.512156,0.171532,0.987224,49.560001,156.380005,-7.840000,1770467761.232151
0.489708,0.179340,1.230248,45.849998,211.119995,3.570000,1770467761.240142
0.418460,0.059048,1.416664,31.639999,255.570007,-16.940001,1770467761.248169
0.282552,0.084668,1.634068,25.200001,285.459991,11.060000,1770467761.256226
0.047580,0.101748,2.227720,12.110000,302.119995,20.020000,1770467761.264148
-0.415532,-0.056852,2.781600,-1.120000,286.790009,32.270000,1770467761.272150
-0.753716,-0.181292,2.745244,6.580000,223.440002,59.290001,1770467761.280136
-1.298812,-0.305000,2.470744,-6.090000,156.309998,47.599998,1770467761.288125
-1.429596,-0.333060,1.896368,-24.360001,88.760002,38.779999,1770467761.296146
-1.288320,-0.401624,1.521828,-25.969999,58.520000,13.930000,1770467761.304141
-1.200236,-0.300608,1.297836,-25.690001,34.299999,-1.890000,1770467761.312213
-1.108248,-0.203740,1.134600,-28.980000,18.900000,-25.129999,1770467761.320191
-1.019188,-0.099552,0.995520,-28.139999,2.450000,-39.060001,1770467761.328156
-0.950136,-0.001220,0.837652,-30.660000,-12.600000,-49.139999,1770467761.336150
-0.842532,0.063196,0.681736,-26.809999,-28.350000,-59.150002,1770467761.344301
-0.726144,0.116632,0.554368,-23.309999,-38.779999,-67.199997,1770467761.352157
-0.601948,0.152012,0.442128,-19.040001,-49.770000,-72.379997,1770467761.360151
-0.484828,0.167872,0.338428,-8.120000,-56.349998,-70.279999,1770467761.368146
-0.385276,0.185684,0.248392,3.360000,-65.029999,-67.480003,1770467761.376148
-0.302316,0.212036,0.165676,12.880000,-73.010002,-61.040001,1770467761.384204
-0.244976,0.242292,0.125904,19.809999,-82.879997,-54.950001,1770467761.392188
-0.187636,0.296948,0.106140,17.080000,-92.190002,-48.230000,1770467761.400163
-0.074908,0.296216,0.119072,15.680000,-104.790001,-35.349998,1770467761.408142
0.040016,0.358924,0.105408,9.100000,-123.620003,-18.620001,1770467761.416261
0.084912,0.371368,0.115900,10.430000,-141.119995,7.280000,1770467761.424143
0.082960,0.376004,0.131272,9.450000,-142.309998,17.290001,1770467761.432165
0.110532,0.342820,0.179340,11.550000,-123.760002,28.420000,1770467761.440152
0.156648,0.349652,0.306952,23.870001,-87.220001,29.889999,1770467761.448361
0.178852,0.404308,0.528748,35.209999,-30.379999,31.639999,1770467761.456161
0.205204,0.511912,0.823500,40.740002,43.049999,32.270000,1770467761.464156
0.199104,0.584624,1.133136,37.520000,109.269997,26.389999,1770467761.472149
0.077592,0.608780,1.492060,15.960000,160.229996,25.129999,1770467761.480144
-0.177876,0.530456,1.937848,-10.220000,197.050003,18.549999,1770467761.488131
-0.569496,0.219844,2.369728,-14.350000,218.470001,16.730000,1770467761.496191
-1.120692,0.004636,2.396080,13.230000,195.160004,47.040001,1770467761.504154
-1.710928,-0.298656,2.357040,3.920000,168.279999,40.180000,1770467761.512244
-1.584048,-0.299388,2.070096,-1.330000,109.059998,28.420000,1770467761.520152
-1.623088,-0.400404,1.913692,-4.130000,40.040001,9.660000,1770467761.528178
-1.565504,-0.473848,1.694336,-19.600000,-33.810001,2.730000,1770467761.536165
-1.383236,-0.509472,1.475956,-34.369999,-94.010002,-15.260000,1770467761.544193
-1.099220,-0.557296,1.277584,-45.009998,-141.190002,-29.469999,1770467761.552156
-0.798856,-0.513376,1.068964,-50.889999,-173.110001,-34.230000,1770467761.560151
-0.519232,-0.442616,0.885964,-47.250000,-194.949997,-43.189999,1770467761.568177
-0.291580,-0.304512,0.750300,-42.419998,-206.639999,-41.509998,1770467761.576152
-0.071736,-0.228140,0.640012,-28.629999,-210.000000,-36.119999,1770467761.584151
0.039040,-0.208132,0.567056,-12.670000,-211.539993,-40.389999,1770467761.592151
0.217648,-0.174216,0.466040,-10.570000,-194.949997,1.120000,1770467761.600144
0.302804,-0.186904,0.348188,-11.200000,-180.669998,-31.290001,1770467761.608154
0.460672,0.020252,0.155184,3.080000,-176.539993,29.540001,1770467761.616264
0.424316,-0.044652,0.053192,14.070000,-158.199997,28.000000,1770467761.624146
0.378200,-0.054900,-0.057828,15.960000,-137.830002,40.180000,1770467761.632158
0.338428,-0.008784,-0.183244,17.570000,-115.010002,49.980000,1770467761.640157
0.301340,-0.002928,-0.225700,24.080000,-83.650002,49.070000,1770467761.648354
0.285724,0.044652,-0.178364,32.759998,-48.020000,55.790001,1770467761.656152
0.314760,0.108580,-0.013908,46.130001,-5.950000,46.270000,1770467761.664156
0.368928,0.153232,0.227652,50.400002,38.639999,41.230000,1770467761.672150
0.393328,0.274988,0.529968,51.590000,85.260002,32.689999,1770467761.680182
0.425048,0.376004,0.903044,42.139999,130.130005,22.820000,1770467761.688185
0.450912,0.447008,1.137772,34.299999,171.080002,9.030000,1770467761.696158
0.424560,0.461648,1.303448,22.540001,200.130005,1.470000,1770467761.704133
0.332572,0.394548,1.483764,16.870001,220.429993,2.170000,1770467761.712167
0.145180,0.425780,1.746064,8.890000,231.070007,10.150000,1770467761.720154
-0.095648,0.135908,2.065216,-6.440000,231.559998,11.900000,1770467761.728231
-0.443104,-0.061732,2.300432,-11.340000,214.830002,3.850000,1770467761.736305
-0.679052,-0.177388,2.466352,5.880000,183.190002,23.799999,1770467761.744150
-1.026996,-0.322324,2.449516,7.910000,127.610001,35.139999,1770467761.752165
-1.141432,-0.421144,2.102304,4.970000,91.419998,3.500000,1770467761.760183
-1.113616,-0.363804,1.720932,-3.150000,58.939999,-7.490000,1770467761.768180
-1.019188,-0.292312,1.483276,-12.880000,41.720001,-31.780001,1770467761.776153
-0.928908,-0.200568,1.276364,-16.870001,32.200001,-46.200001,1770467761.784134
-0.848876,-0.144204,1.087264,-21.139999,28.070000,-52.779999,1770467761.792151
-0.738588,-0.109068,0.904508,-30.030001,22.330000,-53.060001,1770467761.800151
-0.706868,-0.018300,0.716628,-27.020000,18.410000,-58.590000,1770467761.808134
-0.660264,0.045628,0.567544,-27.580000,11.060000,-55.090000,1770467761.816299
-0.589504,0.080764,0.460184,-26.320000,8.610000,-45.570000,1770467761.824263
-0.541436,0.119072,0.339160,-8.890000,-0.980000,-68.809998,1770467761.832164
-0.478972,0.160552,0.240584,0.140000,-11.690000,-48.020000,1770467761.840157
-0.427976,0.190808,0.176900,10.010000,-30.170000,-60.270000,1770467761.848346
-0.369904,0.261080,0.104676,6.510000,-47.320000,-47.810001,1770467761.856493
-0.338672,0.259372,0.140056,3.570000,-58.029999,-40.599998,1770467761.864152
-0.198372,0.309880,0.111264,4.200000,-74.480003,-34.230000,1770467761.872211
0.143716,0.134932,0.558272,9.590000,-97.440002,-17.010000,1770467761.880151
0.078812,0.151280,0.201056,8.680000,-97.650002,-27.160000,1770467761.888154
0.152988,0.238876,0.158356,2.100000,-93.519997,25.830000,1770467761.896151
0.145180,0.264496,0.149572,3.570000,-81.690002,42.349998,1770467761.904165
0.170556,0.305244,0.209840,12.740000,-58.310001,33.110001,1770467761.912246
0.205936,0.379908,0.399916,21.629999,-23.940001,44.590000,1770467761.920159
0.169580,0.502640,0.677588,30.520000,28.070000,28.910000,1770467761.928152
0.130784,0.631716,1.071648,30.660000,79.379997,42.419998,1770467761.936146
0.013664,0.687836,1.463024,19.180000,123.970001,28.840000,1770467761.944156
-0.273524,0.682956,1.809260,-5.320000,149.029999,24.360001,1770467761.952169
-0.646356,0.442616,2.171356,-22.120001,154.350006,21.350000,1770467761.960152
-1.170224,0.213988,2.265784,7.210000,134.610001,34.160000,1770467761.968148
-1.588928,0.025376,2.229916,4.690000,106.959999,38.220001,1770467761.976481
-1.547692,-0.144936,2.071560,0.210000,63.419998,19.110001,1770467761.984343
-1.546228,-0.276696,1.927600,-4.410000,9.730000,6.090000,1770467761.992190
-1.408368,-0.425048,1.798524,-9.450000,-35.209999,-12.880000,1770467762.000167
-1.240008,-0.528992,1.604788,-21.139999,-72.449997,-24.010000,1770467762.008130
-1.025776,-0.569496,1.435696,-32.340000,-102.480003,-29.959999,1770467762.016155
-0.771284,-0.543632,1.247328,-39.340000,-127.470001,-37.730000,1770467762.024165
-0.530700,-0.468724,1.052372,-39.410000,-147.910004,-34.230000,1770467762.032246
-0.331596,-0.358924,0.853024,-36.330002,-161.559998,-33.180000,1770467762.040159
-0.151524,-0.239852,0.708576,-27.090000,-168.419998,-29.820000,1770467762.048175
-0.010248,-0.142984,0.583160,-20.230000,-171.850006,-17.570000,1770467762.056164
0.067344,-0.099064,0.483852,-14.910000,-165.410004,-11.410000,1770467762.064161
0.211548,-0.115900,0.383568,-13.440000,-164.080002,0.280000,1770467762.072188
0.266204,-0.081740,0.266204,-14.910000,-155.610001,6.440000,1770467762.080151
0.291824,-0.061976,0.161040,-7.910000,-140.979996,21.840000,1770467762.088146
0.291824,-0.044408,0.074908,-0.700000,-123.970001,29.889999,1770467762.096145
0.331596,-0.171288,0.040016,7.350000,-112.699997,49.349998,1770467762.104134
0.251320,-0.111264,-0.111020,18.200001,-86.239998,45.639999,1770467762.112198
0.197640,-0.074908,-0.148108,21.770000,-59.430000,54.110001,1770467762.120150
0.207888,-0.088084,-0.076616,34.509998,-27.160000,50.540001,1770467762.128150
0.223992,-0.037332,0.057828,47.880001,15.050000,44.799999,1770467762.136152
0.247904,0.001464,0.286700,54.669998,55.930000,37.939999,1770467762.144147
0.268400,0.070760,0.610244,54.110001,100.589996,24.709999,1770467762.152194
0.260592,0.172752,0.985272,47.320000,147.139999,17.850000,1770467762.160258
0.195688,0.275232,1.228784,37.310001,181.929993,-6.020000,1770467762.168145
0.177144,0.264252,1.462292,31.010000,206.149994,-9.170000,1770467762.176134
0.106872,0.281820,1.661884,25.200001,219.380005,-4.130000,1770467762.184150
-0.159088,0.348188,2.106696,11.970000,212.660004,10.360000,1770467762.192185
-0.361364,0.120048,2.512468,2.520000,187.809998,17.430000,1770467762.200238
-0.736392,0.008784,2.502952,15.890000,140.559998,29.959999,1770467762.208122
-1.003084,-0.015372,2.372412,12.880000,81.620003,33.740002,1770467762.216144
-1.094828,-0.107848,2.086688,-3.360000,47.529999,23.450001,1770467762.224147
-1.036024,-0.109312,1.722396,-16.730000,19.530001,3.640000,1770467762.232142
-0.954284,-0.118340,1.515972,-23.100000,8.960000,-14.490000,1770467762.240170
-0.853756,-0.079056,1.362252,-25.969999,7.630000,-30.940001,1770467762.248168
-0.784460,-0.030988,1.177056,-29.330000,13.300000,-33.180000,1770467762.256165
-0.726876,0.012688,0.991128,-32.130001,16.870001,-42.419998,1770467762.264147
-0.666120,0.058316,0.793488,-31.639999,17.290001,-45.080002,1770467762.272143
-0.622932,0.100284,0.603656,-29.889999,10.780000,-49.279999,1770467762.280136
-0.575840,0.109068,0.467748,-24.990000,4.760000,-55.090000,1770467762.288129
-0.513376,0.101992,0.363560,-13.090000,-5.600000,-58.099998,1770467762.296159
-0.500688,0.084912,0.244000,-12.670000,-10.570000,-46.549999,1770467762.304174
-0.385276,0.026352,0.221796,3.990000,-23.660000,-50.400002,1770467762.312222
-0.327204,0.076128,0.172020,10.920000,-39.830002,-46.759998,1770467762.320219
-0.269132,0.123220,0.131272,21.700001,-49.700001,-33.950001,1770467762.328158
-0.195688,0.150792,0.131028,19.250000,-62.439999,-31.080000,1770467762.336294
-0.141032,0.152988,0.139568,17.430000,-76.370003,-18.340000,1770467762.344147
-0.052460,0.173972,0.116144,10.080000,-88.410004,-3.850000,1770467762.352167
-0.027572,0.251076,0.089060,4.550000,-102.900002,12.950000,1770467762.360154
0.107116,0.130052,0.294020,8.680000,-122.220001,26.530001,1770467762.368160
0.116632,0.199348,0.254004,23.450001,-94.639999,28.420000,1770467762.376272
0.096868,0.300364,0.400892,33.320000,-68.599998,39.549999,1770467762.384143
0.136152,0.407968,0.661240,35.560001,-29.120001,35.630001,1770467762.392150
0.181292,0.566324,1.010404,29.750000,25.200001,25.270000,1770467762.400152
0.132248,0.665632,1.396656,16.660000,75.949997,28.770000,1770467762.408132
-0.032452,0.741028,1.749236,-7.210000,119.279999,18.410000,1770467762.416160
-0.319396,0.660020,2.049112,-37.450001,149.449997,18.480000,1770467762.424166
-0.660996,0.286700,2.272372,-39.340000,164.500000,22.330000,1770467762.432194
-1.082628,0.079056,2.269200,-5.880000,147.490005,49.490002,1770467762.440276
-1.354688,-0.044896,2.221620,-6.090000,118.720001,48.090000,1770467762.448149
-1.420324,-0.213500,2.049112,-16.030001,76.720001,28.840000,1770467762.456167
-1.449116,-0.310612,1.854644,-17.709999,27.370001,10.920000,1770467762.464158
-1.356640,-0.398940,1.624552,-29.330000,-22.820000,-8.540000,1770467762.472302
-1.187060,-0.445788,1.415200,-40.110001,-66.010002,-23.799999,1770467762.480150
-0.968436,-0.459208,1.230004,-47.810001,-105.699997,-34.439999,1770467762.488153
-0.685396,-0.469944,1.045052,-50.330002,-129.220001,-39.270000,1770467762.496158
-0.446032,-0.377956,0.859368,-43.470001,-150.850006,-36.889999,1770467762.504221
-0.256688,-0.284992,0.729072,-35.209999,-166.110001,-38.220001,1770467762.512153
-0.019276,-0.273768,0.629276,-18.340000,-170.660004,-44.869999,1770467762.520182
0.095160,-0.172264,0.500444,-10.220000,-169.050003,-11.760000,1770467762.528216
0.143960,-0.152988,0.414068,-7.350000,-163.240005,-29.049999,1770467762.536131
0.241072,-0.168848,0.311100,-9.030000,-151.550003,0.280000,1770467762.544155
0.387716,-0.025132,0.141520,2.310000,-152.740005,20.440001,1770467762.552385
0.307196,-0.082472,0.076616,10.990000,-141.399994,44.799999,1770467762.560151
0.274256,-0.102724,0.003172,18.690001,-122.150002,55.509998,1770467762.568216
0.247172,-0.112972,-0.061488,24.430000,-96.459999,53.200001,1770467762.576149
0.208864,-0.101748,-0.102968,34.650002,-59.779999,57.049999,1770467762.584151
0.190564,-0.061000,-0.095160,40.320000,-25.270000,48.930000,1770467762.592153
0.186660,-0.030500,0.013420,40.320000,14.420000,48.509998,1770467762.600179
0.208864,0.000244,0.164212,43.610001,50.119999,40.110001,1770467762.608132
0.250100,0.075152,0.414800,44.310001,84.489998,26.740000,1770467762.616147
0.271572,0.187392,0.799832,49.000000,124.040001,16.100000,1770467762.624271
0.284992,0.317200,1.164856,50.400002,162.259995,-4.690000,1770467762.632154
0.243268,0.382836,1.473516,40.880001,194.389999,-9.310000,1770467762.640160
0.143960,0.396500,1.648708,26.530001,209.509995,-11.130000,1770467762.648186
-0.104920,0.480680,2.008852,-4.970000,190.259995,3.640000,1770467762.656169
-0.327936,0.322812,2.476600,-28.000000,165.270004,12.670000,1770467762.664144
-0.575352,-0.019276,2.511980,-21.559999,126.419998,16.730000,1770467762.672159
-0.760792,-0.188368,2.502708,1.750000,75.529999,33.320000,1770467762.680153
-1.159244,-0.533628,2.330444,-0.700000,58.310001,17.010000,1770467762.688155
-0.905240,-0.330376,1.934432,-6.230000,32.830002,1.680000,1770467762.696175
-0.859368,-0.289872,1.615036,-10.640000,27.160000,-16.799999,1770467762.704256
-0.811300,-0.257176,1.378112,-22.330000,24.990000,-26.950001,1770467762.712279
-0.752740,-0.177144,1.203164,-23.100000,31.639999,-34.650002,1770467762.720152
-0.722484,-0.090036,1.024800,-26.250000,34.090000,-49.840000,1770467762.728164
-0.772992,0.008540,0.894260,-26.670000,22.049999,-47.950001,1770467762.736146
-0.624152,0.031964,0.684420,-29.120001,15.190000,-39.480000,1770467762.744157
-0.579500,0.085644,0.520940,-24.709999,9.450000,-61.880001,1770467762.752187
-0.526552,0.105408,0.391864,-20.580000,0.350000,-51.520000,1770467762.760156
-0.455792,0.088328,0.282796,-11.760000,-13.160000,-68.250000,1770467762.768167
-0.403088,0.115168,0.181292,-5.110000,-25.900000,-55.090000,1770467762.776155
-0.339892,0.110776,0.128344,4.410000,-39.830002,-56.349998,1770467762.784214
-0.265716,0.148108,0.080764,17.080000,-52.570000,-43.330002,1770467762.792285
-0.185928,0.202764,0.067588,22.680000,-67.480003,-41.020000,1770467762.800147
-0.115656,0.032452,0.286456,32.130001,-48.580002,-50.820000,1770467762.808137
0.023424,0.084912,0.151768,26.110001,-44.869999,-15.820000,1770467762.816153
0.103700,0.229848,0.122488,19.320000,-50.540001,-5.390000,1770467762.824163
0.145668,0.262788,0.119804,25.410000,-53.759998,22.120001,1770467762.832155
0.161284,0.302072,0.179340,26.740000,-43.820000,34.580002,1770467762.840162
0.167628,0.333060,0.344772,31.010000,-17.570000,27.299999,1770467762.848251
0.145912,0.493368,0.581940,34.720001,23.030001,34.439999,1770467762.856164
0.127856,0.626104,0.937204,30.030001,73.080002,23.590000,1770467762.864168
0.049532,0.744932,1.329312,15.120000,122.989998,31.570000,1770467762.872224
-0.136640,0.789828,1.736304,-10.220000,156.169998,17.080000,1770467762.880174
-0.490196,0.669292,2.127924,-39.200001,173.039993,13.930000,1770467762.888158
-0.928908,0.284260,2.396568,-27.230000,167.789993,34.230000,1770467762.896160
-1.406660,0.074176,2.414380,8.190000,136.289993,58.520000,1770467762.904162
-1.628212,-0.147620,2.242848,3.430000,107.589996,43.889999,1770467762.912153
-1.580388,-0.253760,1.911740,0.980000,60.270000,26.320000,1770467762.920144
-1.539640,-0.339648,1.726544,-8.890000,10.290000,6.720000,1770467762.928148
-1.456680,-0.415532,1.513288,-23.240000,-41.020000,-14.350000,1770467762.936133
-1.312232,-0.500932,1.326384,-37.450001,-92.330002,-34.439999,1770467762.944159
-1.091412,-0.492636,1.143140,-46.970001,-136.080002,-49.560001,1770467762.952493
-0.594140,-0.581940,1.166320,-37.520000,-182.839996,-49.209999,1770467762.960162
-0.530700,-0.440664,0.882304,-37.450001,-178.990005,-58.660000,1770467762.968148
-0.292312,-0.295728,0.764696,-28.980000,-194.949997,-56.000000,1770467762.976260
-0.016348,-0.247416,0.660752,-17.709999,-205.520004,-48.580002,1770467762.985056
0.116632,-0.182512,0.577792,-7.770000,-199.289993,-42.419998,1770467762.992178
0.241804,-0.150304,0.447740,-7.210000,-195.649994,-25.129999,1770467763.000163
0.282064,-0.109068,0.319152,-7.140000,-191.660004,-15.680000,1770467763.008137
0.420656,-0.112972,0.216428,-2.310000,-185.850006,2.380000,1770467763.016141
0.406748,-0.078812,0.062952,5.460000,-168.350006,25.410000,1770467763.024156
0.368684,-0.063928,-0.066124,11.340000,-152.529999,38.639999,1770467763.032175
0.287432,-0.027084,-0.161284,9.800000,-134.539993,36.610001,1770467763.040157
0.350872,-0.185928,-0.133956,24.010000,-86.660004,53.970001,1770467763.048271
0.358436,-0.088816,-0.153964,41.369999,-34.299999,34.369999,1770467763.056166
0.310856,-0.032696,-0.005368,49.209999,17.219999,46.060001,1770467763.064202
0.341112,0.014640,0.220576,52.430000,62.509998,31.780001,1770467763.072157
0.364780,0.088328,0.514840,54.389999,109.480003,27.160000,1770467763.080160
0.439932,0.255468,0.826672,53.759998,154.279999,23.590000,1770467763.088159
0.402356,0.335256,1.128500,47.529999,197.889999,5.740000,1770467763.096235
0.366976,0.361608,1.358836,35.560001,232.820007,4.270000,1770467763.104144
0.256688,0.326716,1.563308,24.780001,246.679993,2.310000,1770467763.112149
0.013176,0.370636,1.990308,7.000000,246.610001,17.780001,1770467763.120140
-0.367952,0.263032,2.371436,-9.660000,226.729996,17.290001,1770467763.128143
-0.681492,-0.034404,2.482212,-14.000000,185.919998,25.760000,1770467763.136143
-0.964044,-0.163236,2.520520,1.190000,126.629997,34.230000,1770467763.144140
-1.433988,-0.423340,2.301652,-4.690000,86.309998,17.010000,1770467763.152303
-1.221708,-0.311100,1.892464,-9.310000,46.130001,1.260000,1770467763.160153
-1.141676,-0.277428,1.592832,-12.670000,26.180000,-20.440001,1770467763.168144
-1.021384,-0.242292,1.384944,-18.270000,20.299999,-34.930000,1770467763.176141
-0.903044,-0.188856,1.202432,-20.790001,21.209999,-49.349998,1770467763.184130
-0.802760,-0.104920,1.026264,-26.879999,21.280001,-60.480000,1770467763.192144
-0.717360,-0.032940,0.840336,-31.780001,19.180000,-63.980000,1770467763.200176
-0.663436,0.027084,0.682468,-35.560001,8.960000,-72.730003,1770467763.208123
-0.616100,0.096136,0.513376,-30.730000,2.800000,-68.320000,1770467763.216149
-0.552904,0.121268,0.370392,-20.860001,-6.230000,-74.480003,1770467763.224191
-0.538752,0.137372,0.237656,-21.000000,-33.669998,-67.760002,1770467763.232148
-0.421632,0.150304,0.170556,0.560000,-39.480000,-67.550003,1770467763.240141
-0.347212,0.183976,0.126148,11.410000,-49.349998,-52.919998,1770467763.248148
-0.312076,0.204960,0.079788,11.410000,-57.820000,-50.540001,1770467763.256159
-0.187392,0.250588,0.064904,8.820000,-73.989998,-35.349998,1770467763.264189
-0.120780,0.251076,0.099308,6.650000,-90.860001,-14.350000,1770467763.272147
-0.033916,0.242780,0.104188,1.470000,-108.709999,-3.780000,1770467763.280131
0.021472,0.255224,0.119316,-3.570000,-119.910004,16.379999,1770467763.288116
0.164456,0.195932,0.186904,13.230000,-115.220001,14.840000,1770467763.296226
0.162748,0.187636,0.226676,30.170000,-88.550003,38.430000,1770467763.304153
0.148596,0.284992,0.377712,41.090000,-44.799999,39.200001,1770467763.312156
0.136152,0.381616,0.692716,51.099998,13.720000,37.660000,1770467763.320148
0.114924,0.567544,1.073356,55.230000,81.269997,32.549999,1770467763.328405
0.010980,0.688812,1.441308,39.200001,131.949997,24.500000,1770467763.336144
-0.220576,0.710284,1.809748,13.580000,160.509995,28.070000,1770467763.344147
-0.604632,0.501176,2.146956,-6.650000,173.389999,21.139999,1770467763.352153
-1.079700,0.255468,2.209176,12.110000,159.039993,41.090000,1770467763.360171
-1.386408,0.092476,2.172088,7.420000,129.710007,44.380001,1770467763.368148
-1.591612,-0.154452,2.073756,-12.320000,80.709999,24.290001,1770467763.376146
-1.506456,-0.514352,2.030324,-11.130000,25.410000,12.040000,1770467763.384146
-1.398364,-0.591944,1.821704,-8.540000,-26.600000,13.580000,1770467763.392160
-1.308084,-0.606828,1.611620,-24.570000,-83.019997,-8.750000,1770467763.400152
-0.995764,-0.658068,1.451312,-25.549999,-116.339996,-31.360001,1770467763.408135
-0.771284,-0.558516,1.214388,-37.520000,-152.460007,-26.320000,1770467763.416147
-0.543876,-0.450912,0.995520,-39.689999,-179.410004,-44.099998,1770467763.424145
-0.254248,-0.387960,0.902800,-30.660000,-191.660004,-44.099998,1770467763.432268
-0.053436,-0.272548,0.679052,-20.790001,-184.869995,-21.770000,1770467763.440137
0.031720,-0.196176,0.557540,-17.010000,-177.660004,-44.730000,1770467763.448142
0.193980,-0.173484,0.434564,-16.100000,-164.429993,-15.820000,1770467763.456222
0.254004,-0.074908,0.302072,-8.540000,-154.559998,-15.820000,1770467763.464156
0.344772,-0.023912,0.189832,1.470000,-150.220001,20.440001,1770467763.472148
0.338184,-0.041236,0.121024,5.110000,-136.009995,26.180000,1770467763.480178
0.320860,-0.068808,0.035136,7.770000,-118.019997,43.889999,1770467763.488223
0.291336,-0.079300,-0.061244,13.020000,-94.500000,41.020000,1770467763.496150
0.258396,-0.084424,-0.136152,20.090000,-66.010002,42.770000,1770467763.504169
0.234484,-0.049532,-0.158112,30.100000,-31.360001,40.950001,1770467763.512251
0.223992,0.005368,-0.089304,34.439999,5.740000,37.169998,1770467763.520144
0.235704,0.068808,0.059292,40.880001,46.130001,35.070000,1770467763.528191
0.252540,0.131028,0.293044,43.400002,86.379997,29.190001,1770467763.536133
0.283528,0.213988,0.665388,46.900002,128.380005,21.209999,1770467763.544183
0.296704,0.330132,1.043100,39.130001,168.630005,1.610000,1770467763.552270
0.260592,0.415288,1.306376,33.740002,204.679993,-11.410000,1770467763.560164
0.123952,0.429440,1.559160,20.860001,219.100006,-12.670000,1770467763.568153
-0.036356,0.402112,1.805356,7.910000,212.169998,-5.320000,1770467763.576154
-0.350140,0.386252,2.149884,-13.020000,189.350006,3.360000,1770467763.584149
-0.705160,0.093208,2.281400,-15.750000,152.179993,12.040000,1770467763.592210
-0.985028,-0.073444,2.399252,3.430000,101.639999,21.490000,1770467763.600144
-1.169004,-0.202520,2.411208,11.970000,54.950001,13.090000,1770467763.608132
-1.148508,-0.246440,2.111576,4.970000,20.510000,-8.400000,1770467763.616286
-1.047980,-0.242292,1.769000,0.420000,-0.140000,-19.320000,1770467763.624151
-0.929640,-0.224236,1.543544,-7.770000,-5.110000,-28.910000,1770467763.632152
-0.833016,-0.199592,1.350052,-16.799999,-0.770000,-42.630001,1770467763.640147
-0.747616,-0.166164,1.174616,-21.420000,6.650000,-48.090000,1770467763.648156
-0.684908,-0.116876,0.999180,-26.809999,15.610000,-51.799999,1770467763.656355
-0.635376,-0.066368,0.818132,-28.629999,19.180000,-47.880001,1770467763.664160
-0.601704,-0.013908,0.666120,-28.000000,17.709999,-56.070000,1770467763.672236
-0.555100,0.014640,0.528504,-24.780001,11.060000,-59.360001,1770467763.680200
-0.454572,0.049288,0.417972,-7.560000,-2.100000,-64.330002,1770467763.688153
-0.435784,0.038308,0.308660,0.140000,-9.870000,-61.810001,1770467763.696154
-0.414068,0.017324,0.242292,4.130000,-19.040001,-63.980000,1770467763.704154
-0.367708,0.079300,0.172508,12.460000,-39.900002,-44.099998,1770467763.712244
-0.278648,0.106628,0.136152,20.440001,-51.450001,-47.320000,1770467763.720158
-0.203008,0.146400,0.140300,22.469999,-66.779999,-35.139999,1770467763.728153
-0.175924,0.152744,0.141276,8.890000,-93.870003,-24.990000,1770467763.736149
-0.090280,0.173240,0.127368,0.560000,-102.550003,-1.960000,1770467763.744219
0.017812,0.153476,0.137860,9.660000,-98.769997,1.470000,1770467763.752182
0.125904,0.139812,0.154696,15.190000,-95.480003,18.900000,1770467763.760160
0.143228,0.185684,0.227896,22.330000,-83.160004,24.290001,1770467763.768150
0.171044,0.244000,0.401136,28.559999,-51.660000,28.209999,1770467763.776149
0.223016,0.358436,0.650016,29.190001,-2.940000,29.610001,1770467763.784161
0.227164,0.547292,1.017480,28.420000,48.720001,25.900000,1770467763.792177
0.157380,0.672708,1.403488,11.760000,97.160004,26.320000,1770467763.800150
-0.038064,0.734928,1.738988,-13.650000,132.929993,20.230000,1770467763.808134
-0.365268,0.654652,2.044232,-43.119999,152.880005,20.580000,1770467763.816154
-0.755912,0.274988,2.253340,-41.790001,158.130005,29.190001,1770467763.824210
-1.117276,0.048068,2.268956,-8.120000,137.270004,53.759998,1770467763.832153
-1.524512,-0.362340,2.220156,-10.360000,116.760002,45.360001,1770467763.840167
-1.372500,-0.259372,1.921744,-11.130000,82.180000,26.530001,1770467763.848208
-1.410320,-0.345504,1.750456,-18.690001,38.290001,10.220000,1770467763.856168
-1.362984,-0.458964,1.542080,-24.990000,-7.140000,-4.900000,1770467763.864157
-1.238788,-0.482144,1.320772,-33.180000,-55.299999,-26.809999,1770467763.872304
-1.042124,-0.542656,1.160220,-44.799999,-98.139999,-36.330002,1770467763.880149
-0.838140,-0.454328,0.981856,-41.090000,-136.779999,-45.990002,1770467763.888153
-0.534848,-0.471896,0.892064,-26.110001,-153.440002,-38.919998,1770467763.896156
-0.301828,-0.382104,0.776896,-19.530001,-165.199997,-40.599998,1770467763.904203
-0.098332,-0.277916,0.674660,-6.580000,-169.889999,-36.330002,1770467763.912156
0.049776,-0.171288,0.561444,-0.350000,-170.729996,-22.049999,1770467763.920177
0.128100,-0.098576,0.449936,3.780000,-172.339996,-19.740000,1770467763.928162
0.213744,-0.083204,0.335012,0.140000,-170.869995,2.380000,1770467763.936146
0.284748,-0.054412,0.219356,2.100000,-171.289993,7.560000,1770467763.944147
0.352092,-0.055144,0.126880,12.250000,-161.770004,21.209999,1770467763.952205
0.344040,-0.065392,0.019764,23.100000,-141.750000,35.490002,1770467763.960158
0.302316,-0.061244,-0.088084,31.990000,-115.849998,39.619999,1770467763.968154
0.280112,-0.058072,-0.138592,34.509998,-81.550003,41.790001,1770467763.976467
0.251076,-0.042212,-0.110288,37.869999,-44.939999,45.500000,1770467763.984279
0.245708,-0.012688,-0.005612,42.419998,-1.680000,37.730000,1770467763.992207
0.262056,0.003416,0.174460,43.119999,43.259998,33.389999,1770467764.000169
0.286212,0.056364,0.433588,48.299999,88.480003,25.480000,1770467764.008141
0.295728,0.109800,0.783972,47.250000,131.949997,16.730000,1770467764.016153
0.279868,0.226188,1.057252,45.430000,174.580002,3.290000,1770467764.024173
0.223260,0.264984,1.377868,37.730000,206.289993,-14.770000,1770467764.032225
0.163968,0.269376,1.612596,27.230000,224.000000,-8.190000,1770467764.040151
-0.101016,0.307440,1.979084,10.850000,221.830002,-0.630000,1770467764.048153
-0.340380,0.231800,2.411452,-10.080000,200.130005,8.330000,1770467764.056441
-0.618296,-0.004148,2.549068,4.970000,170.380005,21.910000,1770467764.064302
-0.796660,-0.145912,2.350452,15.960000,120.959999,17.639999,1770467764.072152
-1.051884,-0.277428,2.189412,-2.660000,89.599998,23.030001,1770467764.080148
-1.204872,-0.262056,1.820240,-8.120000,70.980003,-1.120000,1770467764.088143
-1.015284,-0.240340,1.594052,-22.260000,54.740002,1.610000,1770467764.096141
-1.011624,-0.223504,1.435452,-20.510000,39.970001,-19.389999,1770467764.104146
-0.914024,-0.188368,1.322236,-29.330000,38.430000,-31.500000,1770467764.112168
-0.870836,-0.132736,1.147532,-35.770000,31.639999,-38.360001,1770467764.120143
-0.854000,0.008296,0.923784,-51.730000,7.980000,-51.520000,1770467764.128140
-0.788364,-0.010736,0.796660,-51.240002,-0.140000,-48.580002,1770467764.136166
-0.743468,0.091256,0.603900,-38.990002,-4.480000,-51.380001,1770467764.144164
-0.630740,0.116144,0.462868,-23.520000,-13.020000,-59.570000,1770467764.152145
-0.538020,0.138592,0.352824,-12.810000,-23.870001,-61.040001,1770467764.160164
-0.450668,0.153720,0.263276,-1.120000,-36.820000,-61.529999,1770467764.168146
-0.369904,0.178852,0.186172,8.330000,-49.000000,-59.080002,1770467764.176137
-0.280356,0.073444,0.169824,23.309999,-57.540001,-59.360001,1770467764.184132
-0.210816,0.207644,0.096380,28.629999,-68.040001,-36.330002,1770467764.192211
-0.160308,0.258396,0.103944,20.580000,-83.370003,-53.549999,1770467764.200309
-0.089792,0.292800,0.115656,15.890000,-87.779999,-31.150000,1770467764.208127
0.052704,0.410896,0.095160,11.900000,-105.209999,-25.900000,1770467764.216143
0.110776,0.366732,0.144204,14.840000,-118.230003,-9.660000,1770467764.224143
0.132004,0.358924,0.173240,17.010000,-114.449997,4.830000,1770467764.232160
0.149572,0.352092,0.256688,19.740000,-93.239998,11.340000,1770467764.240177
0.158356,0.388692,0.435052,26.320000,-53.900002,20.090000,1770467764.248138
0.186416,0.454816,0.706868,32.060001,2.170000,23.030001,1770467764.256168
0.194224,0.512644,1.029436,29.889999,63.980000,28.980000,1770467764.264150
0.087596,0.496784,1.352980,20.580000,119.629997,37.099998,1770467764.272152
-0.134932,0.424072,1.763876,1.190000,162.399994,40.669998,1770467764.280206
-0.514108,0.201544,2.229428,-4.340000,185.919998,41.299999,1770467764.288227
-1.020896,0.069052,2.382660,16.309999,164.570007,56.700001,1770467764.296146
-1.716540,-0.303292,2.408768,7.070000,138.389999,47.040001,1770467764.304147
-1.559892,-0.217648,2.091080,4.760000,89.529999,22.260000,1770467764.312149
-1.586000,-0.346968,1.947608,-1.960000,34.090000,16.940001,1770467764.320148
-1.526952,-0.481656,1.803892,-11.970000,-22.049999,-7.140000,1770467764.328202
-1.360056,-0.553636,1.613328,-22.959999,-67.129997,-19.110001,1770467764.336158
-1.084336,-0.639768,1.446676,-34.439999,-104.790001,-33.320000,1770467764.344155
-0.804468,-0.620980,1.250012,-41.860001,-135.869995,-46.549999,1770467764.352304
-0.522404,-0.534116,1.081408,-42.560001,-152.529999,-53.410000,1770467764.360165
-0.269132,-0.414800,0.941840,-33.669998,-161.210007,-60.270000,1770467764.368220
-0.062708,-0.285236,0.802516,-28.000000,-169.679993,-55.650002,1770467764.376160
0.098576,-0.149328,0.682712,-17.430000,-174.089996,-48.580002,1770467764.384198
0.173484,-0.044896,0.569496,-8.120000,-169.119995,-44.450001,1770467764.392150
0.350140,-0.080032,0.480680,-11.200000,-167.649994,-35.139999,1770467764.400150
0.392352,0.006344,0.332084,-6.020000,-162.679993,-24.850000,1770467764.408149
0.568520,0.144448,0.181780,6.230000,-154.419998,3.850000,1770467764.416192
0.468724,0.108824,0.117120,11.550000,-145.320007,26.950001,1770467764.424229
0.440664,0.095648,0.025864,15.120000,-125.860001,34.509998,1770467764.432154
0.406748,0.087108,-0.084424,17.290001,-100.449997,39.759998,1770467764.440140
0.371612,0.082960,-0.142008,22.120001,-63.209999,39.410000,1770467764.448156
0.342332,0.093940,-0.130052,24.920000,-20.930000,37.029999,1770467764.456153
0.328424,0.120292,-0.042700,27.020000,25.969999,37.099998,1770467764.464180
0.312076,0.155672,0.090524,28.770000,71.400002,29.540001,1770467764.472145
0.283284,0.203496,0.307440,28.350000,118.510002,23.730000,1770467764.480148
0.301828,0.235948,0.597312,37.869999,161.490005,15.400000,1770467764.488151
0.293776,0.212036,0.858392,44.240002,214.059998,3.290000,1770467764.496146
0.253028,0.250588,1.066524,45.080002,252.210007,5.110000,1770467764.504188
0.177876,0.258640,1.298812,39.060001,278.320007,-7.840000,1770467764.512172
0.011468,0.238876,1.651392,21.629999,284.269989,6.090000,1770467764.520150
-0.299144,0.231068,2.198928,4.970000,274.470001,14.700000,1770467764.528147
-0.672708,0.003904,2.524180,-0.350000,234.639999,34.720001,1770467764.536135
-1.092388,-0.119804,2.500512,20.020000,172.130005,56.349998,1770467764.544143
-1.343952,-0.308416,2.243580,7.980000,125.300003,29.469999,1770467764.552195
-1.286124,-0.322812,1.868064,3.640000,78.190002,25.410000,1770467764.560234
-1.269532,-0.343064,1.625528,-4.060000,46.830002,9.380000,1770467764.568156
-1.242936,-0.348920,1.489620,-17.639999,30.730000,4.200000,1770467764.576180
-1.172420,-0.295484,1.358348,-27.440001,24.150000,-11.340000,1770467764.584151
-1.107760,-0.250344,1.206824,-40.880001,7.000000,-27.160000,1770467764.592323
-1.029436,-0.188612,1.058228,-44.099998,2.520000,-38.220001,1770467764.600150
-0.925736,-0.104432,0.846924,-44.520000,1.540000,-52.290001,1770467764.608146
-0.835456,-0.018056,0.660264,-43.330002,-5.950000,-62.160000,1770467764.616182
-0.696864,-0.006588,0.565348,-35.770000,-16.450001,-69.370003,1770467764.624147
-0.639524,0.060024,0.425780,-25.620001,-29.469999,-70.419998,1770467764.632260
-0.553148,0.100284,0.340136,-11.760000,-41.860001,-71.470001,1770467764.640172
-0.461160,0.146400,0.254980,-2.310000,-54.669998,-74.199997,1770467764.648146
-0.337452,0.179828,0.204228,8.470000,-72.099998,-61.180000,1770467764.656154
-0.267180,0.225700,0.149816,11.340000,-86.449997,-54.180000,1770467764.664183
-0.193248,0.267424,0.112240,12.110000,-105.349998,-45.430000,1770467764.672239
-0.132980,0.258640,0.114436,7.420000,-118.580002,-48.580002,1770467764.680145
0.008052,0.269376,0.110532,3.780000,-130.899994,-37.799999,1770467764.688150
0.194712,0.375516,0.106384,4.130000,-147.350006,-10.710000,1770467764.696149
0.181292,0.353800,0.164944,12.110000,-143.429993,2.170000,1770467764.704264
0.246684,0.323300,0.244244,19.879999,-124.180000,14.980000,1770467764.712188
0.261812,0.324276,0.366244,28.070000,-85.889999,28.070000,1770467764.720151
0.257664,0.378932,0.579744,43.680000,-27.719999,28.980000,1770467764.728149
0.240828,0.501664,0.841800,48.369999,43.049999,28.980000,1770467764.736145
0.181536,0.637816,1.131672,41.090000,108.639999,26.740000,1770467764.744165
0.008296,0.644648,1.478640,21.559999,153.580002,26.879999,1770467764.752168
-0.330132,0.486048,1.903200,-1.540000,191.380005,13.650000,1770467764.760499
-0.731024,0.194712,2.193804,12.950000,207.339996,17.430000,1770467764.768263
-1.273924,0.088084,2.071804,32.970001,200.619995,38.990002,1770467764.776164
-1.512556,-0.213988,2.104012,20.790001,178.710007,30.309999,1770467764.784141
-1.545496,-0.345748,1.908080,16.660000,125.720001,21.350000,1770467764.792191
-1.600152,-0.407480,1.785836,4.200000,63.279999,10.780000,1770467764.800151
-1.539396,-0.490928,1.666276,-8.470000,0.420000,-7.350000,1770467764.808143
-1.349564,-0.559004,1.488644,-28.350000,-53.480000,-23.730000,1770467764.816186
-1.074332,-0.644648,1.334924,-37.169998,-94.010002,-29.820000,1770467764.824173
-0.782508,-0.592920,1.147532,-42.349998,-114.309998,-45.639999,1770467764.832176
-0.502152,-0.495564,0.977708,-47.110001,-124.739998,-50.119999,1770467764.840293
-0.296216,-0.291580,0.811544,-45.990002,-139.020004,-53.900002,1770467764.848130
-0.138592,-0.125660,0.681980,-42.349998,-156.520004,-51.660000,1770467764.856143
0.001220,-0.044652,0.593896,-34.650002,-172.199997,-38.849998,1770467764.864173
0.077104,-0.062708,0.515816,-27.790001,-177.660004,-29.190001,1770467764.872294
0.184464,-0.054412,0.394304,-26.459999,-183.889999,-15.400000,1770467764.880144
0.242292,-0.004880,0.276452,-18.129999,-188.720001,-11.690000,1770467764.888148
0.344528,0.115900,0.124440,-5.320000,-192.639999,8.330000,1770467764.896147
0.314272,0.054412,0.052216,2.100000,-190.399994,15.120000,1770467764.904150
0.321592,0.040016,-0.038552,4.200000,-172.059998,18.900000,1770467764.912198
0.323056,0.043432,-0.126392,9.030000,-136.220001,24.709999,1770467764.920155
0.326716,0.048556,-0.137372,17.219999,-89.879997,22.120001,1770467764.928148
0.365512,0.019520,-0.032452,24.430000,-31.430000,24.500000,1770467764.936146
0.435052,-0.012200,0.151768,38.009998,31.290001,21.910000,1770467764.944149
0.476776,0.022204,0.431636,52.990002,89.949997,23.590000,1770467764.952149
0.468480,0.115900,0.763720,60.200001,144.759995,18.200001,1770467764.960196
0.380396,0.210328,1.022116,66.849998,198.940002,8.960000,1770467764.968171
0.325984,0.283772,1.261480,64.190002,244.369995,-5.250000,1770467764.979978
0.194468,0.328180,1.523292,58.939999,247.729996,-8.890000,1770467764.984424
-0.085156,0.382104,1.914424,38.009998,238.350006,0.210000,1770467764.992319
-0.484096,0.325496,2.319952,23.450001,214.339996,9.590000,1770467765.000176
-0.832772,0.101992,2.425848,28.910000,157.919998,26.389999,1770467765.008148
-1.129232,0.068320,2.327028,15.120000,96.879997,35.279999,1770467765.016155
-1.188036,-0.076616,2.048868,-5.110000,54.880001,33.180000,1770467765.024205
-1.102148,-0.234484,1.724836,-21.559999,27.860001,12.390000,1770467765.032265
-1.038952,-0.325008,1.488156,-27.860001,20.860001,1.260000,1770467765.040144
-0.986736,-0.357704,1.375184,-29.469999,26.389999,-12.320000,1770467765.048143
-0.950868,-0.335744,1.256844,-32.689999,33.810001,-26.809999,1770467765.056134
-0.919636,-0.273280,1.102148,-36.889999,38.290001,-38.500000,1770467765.064170
-0.888648,-0.212280,0.931592,-36.889999,37.869999,-51.939999,1770467765.072167
-0.835456,-0.151036,0.756888,-32.900002,34.160000,-59.360001,1770467765.080153
-0.763964,-0.081984,0.621224,-24.430000,22.540001,-70.839996,1770467765.088147
-0.685884,-0.022204,0.522404,-14.000000,5.320000,-72.940002,1770467765.096142
-0.622200,0.010980,0.416508,-6.020000,-14.280000,-75.320000,1770467765.104148
-0.512156,0.013908,0.339160,5.950000,-31.360001,-76.089996,1770467765.112186
-0.416508,0.045628,0.266448,14.000000,-47.810001,-69.790001,1770467765.120143
-0.316956,0.107360,0.211548,19.110001,-66.570000,-66.779999,1770467765.128141
-0.226432,0.175924,0.167628,18.059999,-86.029999,-54.529999,1770467765.136136
-0.154696,0.223748,0.157136,15.540000,-106.260002,-47.250000,1770467765.144144
-0.111508,0.212768,0.161040,5.530000,-121.870003,-43.680000,1770467765.152145
0.010980,0.218380,0.150060,-3.640000,-129.149994,-30.240000,1770467765.160181
0.237412,0.346236,0.146888,4.340000,-142.729996,-12.320000,1770467765.168153
0.143716,0.244732,0.238632,12.320000,-132.580002,8.540000,1770467765.176146
0.163968,0.231068,0.360388,24.010000,-102.199997,24.360001,1770467765.184143
0.174460,0.269132,0.548268,37.240002,-51.380001,29.049999,1770467765.192132
0.187880,0.389180,0.843508,45.220001,12.530000,31.150000,1770467765.200171
0.163968,0.524844,1.185108,42.560001,78.050003,34.860001,1770467765.208255
0.010980,0.639280,1.521096,25.059999,130.270004,40.880001,1770467765.216169
-0.273524,0.589260,1.882216,5.250000,161.839996,40.459999,1770467765.224125
-0.666364,0.347456,2.170136,0.910000,175.139999,35.070000,1770467765.232147
-1.144848,0.271328,2.061068,4.970000,159.460007,43.330002,1770467765.240140
-1.406416,0.033184,2.063264,3.290000,129.919998,38.779999,1770467765.248146
-1.524024,-0.165188,1.944680,-2.240000,85.400002,25.620001,1770467765.256139
-1.595272,-0.292556,1.863672,-6.020000,28.629999,8.820000,1770467765.264195
-1.540860,-0.401868,1.711172,-16.100000,-23.450001,-5.880000,1770467765.272215
-1.366400,-0.506544,1.519144,-27.299999,-66.919998,-23.240000,1770467765.280131
-1.086532,-0.593896,1.342000,-39.759998,-104.860001,-34.790001,1770467765.288124
-0.801052,-0.566080,1.135820,-44.590000,-136.360001,-45.360001,1770467765.296140
-0.529968,-0.511912,0.952088,-48.230000,-160.229996,-47.250000,1770467765.304153
-0.275964,-0.415044,0.797392,-41.020000,-175.000000,-48.090000,1770467765.312132
-0.060268,-0.313296,0.674904,-32.689999,-180.529999,-42.209999,1770467765.320156
0.096136,-0.161040,0.555344,-19.530001,-182.770004,-29.820000,1770467765.328169
0.196176,-0.089304,0.465796,-14.000000,-179.759995,-19.459999,1770467765.336149
0.297436,-0.068076,0.372832,-6.650000,-172.830002,-9.030000,1770467765.344154
0.368196,-0.014396,0.235460,-1.330000,-163.800003,-0.770000,1770467765.352180
0.397476,0.020008,0.114680,6.440000,-150.779999,12.600000,1770467765.360327
0.397232,0.072224,0.009760,17.780001,-133.630005,31.219999,1770467765.368156
0.366732,0.066612,-0.053192,23.520000,-110.180000,33.669998,1770467765.376149
0.330864,0.077592,-0.109312,24.990000,-81.550003,34.580002,1770467765.384152
0.299876,0.104188,-0.115656,24.850000,-46.759998,26.950001,1770467765.392196
0.282552,0.130784,-0.040016,21.420000,-10.710000,27.160000,1770467765.400155
0.277916,0.144936,0.100772,21.420000,31.639999,25.620001,1770467765.408148
0.281332,0.152012,0.298656,28.770000,76.930000,16.379999,1770467765.416139
0.303048,0.132980,0.590724,31.780001,122.290001,22.120001,1770467765.424160
0.294508,0.168116,0.894504,32.619999,166.039993,11.270000,1770467765.432146
0.262544,0.161772,1.199748,33.950001,211.470001,6.440000,1770467765.440149
0.182756,0.118340,1.440332,28.350000,240.729996,-0.210000,1770467765.448150
0.021228,0.077104,1.651880,17.080000,249.059998,4.620000,1770467765.456204
-0.268888,0.066124,2.154276,8.750000,238.910004,17.570000,1770467765.464173
-0.546316,-0.103456,2.657892,18.900000,197.610001,39.060001,1770467765.472157
-0.908412,-0.191784,2.606408,29.680000,132.509995,50.959999,1770467765.480145
-1.268068,-0.389180,2.338496,7.350000,79.870003,38.990002,1770467765.488172
-1.113860,-0.339160,1.893684,-3.920000,41.439999,18.059999,1770467765.496151
-1.023336,-0.369416,1.603324,-11.200000,24.850000,9.660000,1770467765.504229
-0.976976,-0.350140,1.439600,-18.900000,24.709999,-2.240000,1770467765.512131
-0.944524,-0.305000,1.291004,-28.770000,27.860001,-7.560000,1770467765.520153
-0.912072,-0.243268,1.129476,-33.669998,31.850000,-20.440001,1770467765.528147
-0.874008,-0.168116,0.926468,-38.500000,33.880001,-26.459999,1770467765.536132
-0.794464,-0.134200,0.721264,-31.219999,32.619999,-28.629999,1770467765.544132
-0.779336,0.023424,0.543144,-21.420000,24.500000,-53.970001,1770467765.552180
-0.717360,0.172264,0.442860,-13.580000,11.760000,-54.880001,1770467765.560171
-0.622444,0.211304,0.414800,0.770000,-1.260000,-69.930000,1770467765.568159
-0.553148,0.247416,0.349164,8.680000,-13.790000,-67.550003,1770467765.576152
-0.501420,0.293776,0.265716,17.639999,-27.230000,-63.279999,1770467765.584150
-0.452376,0.308416,0.202520,21.770000,-46.480000,-66.989998,1770467765.592300
-0.388936,0.305000,0.153720,21.350000,-67.339996,-67.129997,1770467765.600147
-0.210816,0.400648,0.112972,25.549999,-93.870003,-53.900002,1770467765.608145
-0.119560,0.426756,0.133468,22.889999,-123.550003,-30.309999,1770467765.616136
-0.002684,0.462136,0.144936,21.490000,-146.300003,-19.950001,1770467765.624187
0.047092,0.417240,0.153964,13.860000,-160.649994,-4.690000,1770467765.632286
0.079788,0.393572,0.195444,12.460000,-156.869995,6.720000,1770467765.640153
0.096624,0.387716,0.303780,17.360001,-135.449997,12.810000,1770467765.648154
0.145912,0.408944,0.523868,22.540001,-90.860001,19.809999,1770467765.656149
0.207400,0.477996,0.837896,25.340000,-30.590000,25.059999,1770467765.664341
0.199592,0.532164,1.213168,20.580000,35.070000,27.440001,1770467765.672152
0.125660,0.564616,1.606496,10.780000,95.410004,33.950001,1770467765.680149
-0.122488,0.502884,1.997384,-8.190000,137.619995,28.629999,1770467765.688172
-0.506788,0.247660,2.304824,-15.470000,161.910004,27.299999,1770467765.696286
-0.932812,0.088572,2.201856,-0.210000,157.360001,38.639999,1770467765.704139
-1.216828,-0.017324,2.135976,-4.760000,131.809998,45.290001,1770467765.712141
-1.388848,-0.188124,1.972740,-9.660000,94.849998,29.400000,1770467765.720148
-1.402512,-0.287432,1.863428,-14.210000,43.959999,15.820000,1770467765.728150
-1.372744,-0.406992,1.706780,-24.780001,-9.240000,0.490000,1770467765.736150
-1.227808,-0.527528,1.516216,-36.680000,-57.959999,-10.430000,1770467765.744209
-1.004548,-0.599508,1.324920,-46.900002,-103.459999,-21.910000,1770467765.752156
-0.746396,-0.603412,1.149972,-55.580002,-136.990005,-32.970001,1770467765.760152
-0.486292,-0.589748,0.998936,-54.669998,-158.199997,-36.259998,1770467765.768168
-0.244976,-0.484828,0.844728,-51.869999,-173.460007,-35.770000,1770467765.776155
-0.048556,-0.360632,0.715652,-45.849998,-185.289993,-33.669998,1770467765.784170
0.283528,-0.397964,0.601948,-17.150000,-179.830002,-16.379999,1770467765.792186
0.345748,-0.253028,0.459696,-12.670000,-173.389999,-7.700000,1770467765.800159
0.391620,-0.134200,0.287920,-1.470000,-161.070007,6.860000,1770467765.808149
0.401136,-0.055144,0.147376,3.290000,-145.110001,8.960000,1770467765.816133
0.407724,0.045140,0.008296,0.210000,-132.440002,21.770000,1770467765.824152
0.414556,0.123708,-0.103944,8.330000,-118.580002,23.450001,1770467765.832217
0.374052,0.108336,-0.155428,11.900000,-97.860001,32.900002,1770467765.840236
0.333548,0.110044,-0.142740,19.670000,-67.480003,31.360001,1770467765.848159
0.305732,0.117852,-0.077836,24.080000,-30.240000,29.469999,1770467765.856154
0.317932,0.108092,0.070272,28.209999,15.330000,29.959999,1770467765.864334
0.352580,0.073200,0.259860,33.389999,62.650002,25.410000,1770467765.872164
0.364780,0.066124,0.493612,38.290001,109.059998,28.280001,1770467765.880186
0.353068,0.095648,0.766892,46.549999,154.210007,20.719999,1770467765.888358
0.283772,0.151768,1.002352,45.779999,193.830002,16.100000,1770467765.896138
0.226432,0.129076,1.274412,47.180000,228.270004,7.070000,1770467765.904148
0.127124,0.054656,1.533296,45.849998,252.559998,3.220000,1770467765.912165
-0.108092,0.025864,1.902468,41.230000,255.009995,13.090000,1770467765.920147
-0.387472,-0.068076,2.503684,42.630001,228.830002,17.290001,1770467765.928147
-0.756644,-0.169336,2.692296,47.669998,171.710007,39.200001,1770467765.936153
-1.074820,-0.189588,2.410964,25.410000,118.160004,34.790001,1770467765.944273
-1.087508,-0.252784,2.004704,6.230000,74.970001,24.360001,1770467765.952150
-1.071892,-0.336720,1.707512,-6.650000,55.090000,21.700001,1770467765.960149
-1.065548,-0.365268,1.501820,-15.470000,49.840000,8.330000,1770467765.968166
-1.041392,-0.337208,1.386652,-26.809999,48.860001,-3.010000,1770467765.976246
-1.018212,-0.274744,1.260992,-31.570000,52.080002,-14.140000,1770467765.985084
-0.988444,-0.182512,1.089460,-38.639999,49.070000,-28.490000,1770467765.992160
-0.949160,-0.098576,0.888892,-40.320000,41.650002,-38.150002,1770467766.000152
-0.898408,-0.029280,0.718580,-41.790001,26.950001,-52.290001,1770467766.008161
-0.830332,0.033184,0.585112,-36.470001,8.680000,-58.869999,1770467766.016161
-0.718336,0.052948,0.481412,-24.780001,-4.900000,-57.680000,1770467766.024227
-0.624640,0.100040,0.387716,-9.240000,-22.330000,-65.589996,1770467766.032144
-0.527040,0.160064,0.303292,2.730000,-40.810001,-61.180000,1770467766.040156
-0.439200,0.222528,0.238388,11.760000,-58.029999,-64.190002,1770467766.048147
-0.373320,0.273280,0.179340,13.650000,-77.910004,-61.180000,1770467766.056154
-0.296948,0.304512,0.133468,10.430000,-98.559998,-64.889999,1770467766.064227
-0.128832,0.373564,0.095892,9.310000,-120.190002,-51.029999,1770467766.072138
0.015372,0.470188,0.083448,2.660000,-147.419998,-31.850000,1770467766.080183
0.150060,0.424316,0.119804,-0.560000,-170.449997,-7.700000,1770467766.088130
0.168604,0.379908,0.153720,-1.750000,-178.429993,9.800000,1770467766.096145
0.222528,0.338428,0.186172,1.190000,-166.529999,21.910000,1770467766.104150
0.250100,0.309880,0.287920,16.309999,-131.110001,30.520000,1770467766.112230
0.274256,0.353068,0.485316,29.889999,-72.800003,34.580002,1770467766.120139
0.295728,0.459940,0.749568,46.900002,0.980000,27.719999,1770467766.128146
0.284992,0.630984,1.051152,45.009998,78.400002,23.379999,1770467766.136144
0.179096,0.738344,1.334436,30.309999,138.740005,21.910000,1770467766.144148
-0.073200,0.678076,1.662860,3.640000,186.479996,15.540000,1770467766.152205
-0.443836,0.358924,1.998604,-7.910000,227.919998,12.390000,1770467766.160148
-0.810080,0.048068,2.122800,21.840000,229.809998,26.879999,1770467766.168160
-1.276852,0.015616,2.178188,23.520000,195.300003,43.330002,1770467766.176150
-1.585512,-0.230824,2.179652,15.330000,144.059998,31.920000,1770467766.184158
-1.670424,-0.366000,2.023492,4.200000,76.510002,25.480000,1770467766.192154
-1.667984,-0.488488,1.834636,-15.680000,6.930000,17.850000,1770467766.200142
-1.485716,-0.639524,1.630652,-31.080000,-53.200001,-1.750000,1770467766.208143
-1.237080,-0.698328,1.415200,-48.580002,-101.919998,-15.610000,1770467766.216131
-0.949404,-0.644404,1.204872,-58.240002,-139.020004,-36.049999,1770467766.224153
-0.676368,-0.572424,1.030656,-61.529999,-165.830002,-42.070000,1770467766.232187
-0.436272,-0.428220,0.864004,-63.070000,-183.399994,-48.580002,1770467766.240244
-0.211060,-0.298412,0.724680,-53.060001,-193.970001,-46.900002,1770467766.248142
-0.013664,-0.175680,0.589992,-41.369999,-199.710007,-35.980000,1770467766.256140
0.104432,-0.073200,0.451644,-33.459999,-203.630005,-25.690001,1770467766.264441
0.192760,-0.033916,0.324764,-22.540001,-197.820007,-19.250000,1770467766.272207
0.337452,-0.046848,0.225456,-14.700000,-191.449997,-13.440000,1770467766.280145
0.369172,0.038796,0.093940,-6.020000,-185.289993,-6.370000,1770467766.288128
0.385520,0.089304,-0.032696,2.240000,-170.449997,6.860000,1770467766.296144
0.373076,0.095160,-0.149572,9.310000,-154.559998,16.309999,1770467766.304154
0.343552,0.105164,-0.234728,12.110000,-131.179993,20.090000,1770467766.312144
0.324276,0.133956,-0.262544,14.000000,-99.750000,20.440001,1770467766.320230
0.342576,0.139080,-0.180560,19.670000,-58.450001,15.890000,1770467766.328182
0.401136,0.111752,0.012200,28.070000,-6.930000,17.290001,1770467766.336198
0.476044,0.090768,0.301828,41.439999,49.070000,19.459999,1770467766.344154
0.528504,0.120292,0.713212,52.990002,108.709999,18.969999,1770467766.352148
0.513864,0.185196,1.111420,48.509998,162.820007,12.390000,1770467766.360150
0.492392,0.213256,1.321748,43.889999,212.240005,0.000000,1770467766.368172
0.428708,0.159576,1.462536,34.580002,246.820007,1.610000,1770467766.376284
0.305732,0.022204,1.739964,29.610001,266.140015,16.309999,1770467766.384148
-0.019276,0.006832,2.163060,34.580002,271.250000,32.830002,1770467766.392148
-0.416264,-0.107116,2.525888,47.529999,244.929993,50.610001,1770467766.400151
-0.864980,-0.100040,2.541504,41.439999,191.380005,58.029999,1770467766.408155
-1.093120,-0.131760,2.289696,15.330000,150.500000,56.139999,1770467766.416182
-1.161196,-0.335500,1.910032,-6.790000,112.839996,31.150000,1770467766.424175
-1.201456,-0.415288,1.569408,-13.370000,89.389999,23.940001,1770467766.432153
-1.209508,-0.400404,1.421056,-19.250000,74.199997,11.690000,1770467766.440149
-1.218780,-0.320860,1.318820,-22.959999,62.650002,-5.250000,1770467766.448152
-1.190476,-0.219356,1.160952,-29.120001,47.320000,-19.389999,1770467766.456221
-1.139480,-0.127124,0.956480,-34.020000,32.060001,-34.020000,1770467766.464190
-1.006012,-0.094428,0.765428,-31.850000,17.990000,-41.930000,1770467766.472210
-0.876936,-0.021716,0.583648,-23.870001,3.570000,-50.889999,1770467766.480164
-0.762012,0.055388,0.469944,-12.880000,-14.140000,-58.590000,1770467766.488173
-0.663924,0.111508,0.371612,-4.340000,-31.219999,-61.250000,1770467766.496148
-0.569740,0.168848,0.280356,5.740000,-47.810001,-66.989998,1770467766.504140
-0.465308,0.219112,0.220088,14.000000,-62.580002,-64.610001,1770467766.512183
-0.369172,0.254248,0.178364,15.960000,-77.559998,-58.939999,1770467766.520191
-0.294996,0.267668,0.152744,17.080000,-94.290001,-56.000000,1770467766.528160
-0.234728,0.367952,0.099552,13.090000,-109.550003,-49.700001,1770467766.536137
-0.059780,0.329644,0.121024,5.950000,-134.539993,-31.639999,1770467766.544156
0.047580,0.370148,0.110532,1.750000,-155.190002,-10.290000,1770467766.552161
0.108580,0.338428,0.130052,0.350000,-167.509995,10.010000,1770467766.560147
0.156160,0.312320,0.171532,3.990000,-161.559998,24.360001,1770467766.568174
0.197640,0.287432,0.272060,13.370000,-132.789993,36.259998,1770467766.576267
0.267424,0.329156,0.472140,27.090000,-84.629997,46.689999,1770467766.584139
0.289872,0.445544,0.747860,39.900002,-18.900000,43.470001,1770467766.592152
0.299144,0.634156,1.070672,39.970001,55.090000,40.110001,1770467766.600152
0.208620,0.746152,1.415688,28.420000,115.150002,36.189999,1770467766.608154
-0.016836,0.752008,1.772416,-0.770000,160.720001,33.599998,1770467766.616135
-0.374296,0.506300,2.106696,-31.080000,199.149994,30.660000,1770467766.624162
-0.733708,0.107116,2.254560,-17.570000,210.210007,42.910000,1770467766.632333
-1.129964,0.020496,2.211372,-3.430000,189.139999,63.560001,1770467766.640150
-1.477420,-0.277428,2.183068,-5.460000,156.800003,47.950001,1770467766.648154
-1.527440,-0.301340,2.000800,-9.660000,105.139999,32.480000,1770467766.656154
-1.538420,-0.386984,1.769732,-19.110001,47.180000,13.510000,1770467766.664149
-1.421544,-0.507520,1.524024,-30.660000,-8.540000,-5.880000,1770467766.672167
-1.195844,-0.575108,1.291004,-43.259998,-57.119999,-18.059999,1770467766.680166
-0.922564,-0.593896,1.101172,-47.459999,-95.760002,-32.619999,1770467766.688148
-0.625616,-0.549244,0.946476,-46.549999,-119.489998,-32.200001,1770467766.696178
-0.346480,-0.465552,0.832528,-38.220001,-127.889999,-34.299999,1770467766.704146
-0.120780,-0.378444,0.673684,-31.850000,-128.660004,-30.730000,1770467766.712375
0.060024,-0.263032,0.525820,-24.920000,-124.110001,-20.510000,1770467766.720177
0.145668,-0.141032,0.388204,-16.870001,-122.639999,-11.760000,1770467766.728149
0.196664,-0.056364,0.279136,-14.140000,-122.709999,-1.750000,1770467766.736154
0.236192,-0.019520,0.198372,-13.650000,-125.650002,5.950000,1770467766.744147
0.233508,0.017568,0.107604,-10.640000,-131.460007,15.260000,1770467766.752244
0.242536,0.059292,0.028304,-5.600000,-129.919998,21.490000,1770467766.760146
0.253516,0.070028,-0.058072,4.900000,-122.570000,35.630001,1770467766.768167
0.204716,0.053924,-0.091988,13.300000,-105.910004,39.970001,1770467766.776149
0.183244,0.071004,-0.082716,20.719999,-81.550003,40.669998,1770467766.784146
0.185440,0.089548,0.001952,27.790001,-48.930000,37.310001,1770467766.792183
0.217648,0.088328,0.181536,31.850000,-6.930000,35.139999,1770467766.800208
0.254248,0.084668,0.456280,39.900002,35.840000,31.430000,1770467766.808151
0.271816,0.118340,0.817156,41.860001,82.739998,29.400000,1770467766.816139
0.255956,0.147376,1.151436,46.549999,133.279999,20.090000,1770467766.824155
0.192760,0.140788,1.415200,42.980000,175.699997,15.190000,1770467766.832197
0.094672,0.105408,1.635776,29.750000,200.410004,9.100000,1770467766.840157
-0.146644,0.106628,1.924428,15.470000,206.639999,15.260000,1770467766.848152
-0.361120,-0.008540,2.371192,9.240000,192.360001,29.750000,1770467766.856156
-0.684420,-0.166896,2.536136,25.969999,148.259995,51.099998,1770467766.864317
-0.956968,-0.240584,2.391688,20.020000,110.389999,58.660000,1770467766.872163
-1.070428,-0.340868,2.138904,0.210000,84.489998,29.959999,1770467766.880158
-1.011136,-0.346968,1.775100,-11.060000,62.720001,6.720000,1770467766.888368
-1.014796,-0.288408,1.568920,-20.790001,48.720001,-9.310000,1770467766.896181
-1.013576,-0.190076,1.446432,-23.450001,40.320000,-13.580000,1770467766.904151
-0.981856,-0.102724,1.332484,-32.200001,31.920000,-32.970001,1770467766.912198
-0.957944,-0.024156,1.176080,-41.020000,23.870001,-36.750000,1770467766.920187
-0.898896,0.014640,0.948916,-41.369999,16.590000,-46.410000,1770467766.928149
-0.816424,0.052704,0.705404,-41.650002,7.420000,-50.189999,1770467766.936147
-0.720044,0.070516,0.508984,-33.669998,-6.440000,-54.110001,1770467766.944270
-0.641232,0.084668,0.360388,-22.680000,-19.110001,-59.709999,1770467766.952141
-0.551440,0.078568,0.257176,-12.460000,-32.340000,-56.910000,1770467766.960147
-0.466528,0.089792,0.168604,4.760000,-44.450001,-59.570000,1770467766.968330
-0.382592,0.116144,0.113460,17.990000,-55.580002,-52.500000,1770467766.976270
-0.285724,0.156892,0.069052,28.770000,-69.440002,-43.330002,1770467766.984349
-0.195932,0.190076,0.064172,33.320000,-87.010002,-37.240002,1770467766.992178
-0.126148,0.214476,0.093940,28.559999,-101.570000,-34.439999,1770467767.000155
-0.099796,0.262056,0.095892,21.770000,-105.769997,-27.230000,1770467767.008173
0.079300,0.286456,0.113948,15.190000,-117.739998,-8.610000,1770467767.016175
0.133224,0.318420,0.140544,17.080000,-124.739998,10.570000,1770467767.024223
0.146888,0.302804,0.186416,20.650000,-111.300003,23.379999,1770467767.032172
0.172020,0.315980,0.280112,23.799999,-81.199997,31.920000,1770467767.040151
0.197884,0.343552,0.495564,34.020000,-29.120001,30.520000,1770467767.048265
0.213500,0.435052,0.806176,38.220001,34.160000,31.219999,1770467767.056181
0.188368,0.503860,1.174128,32.900002,101.220001,27.860001,1770467767.064152
0.069296,0.524356,1.600396,14.420000,156.169998,30.660000,1770467767.072163
-0.222284,0.441884,2.024468,-15.190000,196.630005,24.500000,1770467767.080186
-0.621712,0.097356,2.316536,-15.120000,216.160004,30.309999,1770467767.088170
-1.210484,0.033672,2.213568,9.450000,193.830002,52.990002,1770467767.096176
-1.561356,-0.197884,2.242116,-0.910000,171.149994,39.060001,1770467767.104227
-1.648464,-0.308904,2.027396,-1.330000,119.629997,35.910000,1770467767.112143
-1.694824,-0.384788,1.905152,-6.650000,53.759998,12.600000,1770467767.120140
-1.593320,-0.458232,1.712880,-13.440000,-7.560000,2.870000,1770467767.128140
-1.388848,-0.505812,1.499868,-24.709999,-61.880001,-15.610000,1770467767.136143
-1.122888,-0.484584,1.290028,-35.770000,-109.550003,-24.709999,1770467767.144132
-0.830332,-0.424072,1.065060,-39.900002,-144.410004,-32.060001,1770467767.152178
-0.552904,-0.331108,0.882060,-38.009998,-167.509995,-33.529999,1770467767.160169
-0.292556,-0.245220,0.715652,-30.309999,-177.449997,-31.500000,1770467767.168164
-0.082472,-0.154452,0.571448,-22.750000,-180.880005,-28.980000,1770467767.176144
0.070272,-0.049776,0.434808,-12.530000,-178.220001,-21.770000,1770467767.184151
0.124684,-0.024156,0.332084,-9.800000,-166.529999,-18.480000,1770467767.192155
0.325496,-0.023912,0.215208,-7.910000,-166.110001,-9.870000,1770467767.200210
0.445056,0.203008,0.032452,2.870000,-164.850006,13.370000,1770467767.208148
0.345260,0.161772,-0.014396,10.570000,-155.399994,31.570000,1770467767.216129
0.327936,0.155916,-0.100040,17.290001,-140.630005,38.990002,1770467767.224139
0.305244,0.137372,-0.165432,21.770000,-118.860001,39.759998,1770467767.232138
0.289872,0.143472,-0.162016,27.299999,-88.339996,34.930000,1770467767.240140
0.293288,0.162992,-0.073200,32.549999,-49.980000,29.750000,1770467767.248140
0.293776,0.191052,0.090524,36.330002,-6.580000,29.889999,1770467767.256143
0.315980,0.198128,0.309880,38.639999,40.880001,23.170000,1770467767.264160
0.327692,0.225456,0.580964,41.439999,93.169998,19.250000,1770467767.272150
0.318664,0.267668,0.844240,41.230000,139.649994,10.360000,1770467767.280134
0.250344,0.306952,1.104588,42.000000,183.050003,1.470000,1770467767.288127
0.188612,0.217404,1.395436,36.470001,224.139999,-1.540000,1770467767.296147
0.010736,0.259860,1.740452,26.320000,248.360001,5.110000,1770467767.304140
-0.305488,0.266448,2.272860,4.340000,248.570007,20.230000,1770467767.312296
-0.708576,0.064660,2.565904,-3.010000,218.889999,39.619999,1770467767.320220
-1.007476,-0.161528,2.541748,9.520000,158.130005,62.580002,1770467767.328151
-1.342000,-0.488244,2.360212,-4.200000,120.190002,55.160000,1770467767.336155
-1.300520,-0.469456,1.955172,-3.010000,75.040001,29.400000,1770467767.344145
-1.250256,-0.427732,1.658224,-1.820000,42.840000,21.840000,1770467767.352151
-1.199504,-0.333792,1.479860,-10.780000,18.200001,-0.980000,1770467767.360202
-1.094096,-0.247660,1.382992,-19.320000,2.520000,-14.560000,1770467767.368454
-0.995520,-0.166896,1.246108,-28.910000,-4.900000,-29.959999,1770467767.376203
-0.881084,-0.091500,1.090192,-34.090000,-8.050000,-39.619999,1770467767.384147
-0.770308,-0.044164,0.899872,-38.639999,-12.250000,-42.209999,1770467767.392151
-0.658312,-0.004148,0.712968,-37.450001,-18.900000,-50.400002,1770467767.400148
-0.548512,0.027572,0.558028,-28.910000,-27.370001,-45.779999,1770467767.408222
-0.460428,0.050020,0.425780,-20.020000,-34.160000,-49.560001,1770467767.416143
-0.379908,0.066124,0.301340,-7.980000,-39.480000,-42.980000,1770467767.424145
-0.305000,0.089792,0.216184,0.350000,-42.070000,-44.099998,1770467767.432149
-0.237168,0.126880,0.152012,5.670000,-44.450001,-36.889999,1770467767.440155
-0.171288,0.178852,0.103456,13.230000,-46.480000,-35.070000,1770467767.448158
-0.103944,0.231800,0.061244,14.980000,-51.799999,-27.440001,1770467767.456189
-0.038796,0.267180,0.081984,13.020000,-59.570000,-20.510000,1770467767.464307
-0.018788,0.263032,0.116632,4.340000,-64.330002,-18.059999,1770467767.472159
0.038552,0.213744,0.152744,-8.190000,-61.180000,-20.790001,1770467767.480175
0.379908,0.500688,0.064660,-3.150000,-64.260002,1.960000,1770467767.488340
0.200080,0.319640,0.190320,5.810000,-54.810001,16.170000,1770467767.496145
0.178364,0.307684,0.344284,17.570000,-24.570000,26.389999,1770467767.504152
0.145180,0.344528,0.570716,31.780001,29.190001,37.730000,1770467767.512148
0.108824,0.429928,0.906460,37.450001,97.720001,35.000000,1770467767.520164
-0.005124,0.511180,1.226832,29.469999,160.160004,41.090000,1770467767.528129
-0.274012,0.567788,1.535736,4.970000,206.220001,39.689999,1770467767.536130
-0.598288,0.426024,1.837564,-15.820000,233.169998,37.939999,1770467767.544152
-1.069696,0.133956,2.014464,-2.100000,244.229996,46.340000,1770467767.552146
-1.570140,-0.283772,2.144516,24.290001,244.369995,66.919998,1770467767.560181
-1.677500,-0.180072,1.922720,26.459999,208.600006,50.889999,1770467767.568180
-1.866844,-0.121512,1.734108,4.410000,133.350006,46.410000,1770467767.576150
-1.988844,-0.118096,1.584048,-17.010000,42.980000,25.410000,1770467767.584201
-1.895880,-0.184952,1.438624,-34.369999,-46.340000,14.420000,1770467767.592158
-1.640412,-0.258152,1.322236,-46.759998,-120.330002,-10.220000,1770467767.600141
-1.304668,-0.295240,1.191696,-54.110001,-178.990005,-27.930000,1770467767.608122
-0.977220,-0.268644,1.035048,-57.540001,-223.089996,-37.799999,1770467767.616136
-0.664900,-0.226920,0.864980,-57.330002,-251.160004,-44.099998,1770467767.624148
-0.396500,-0.163480,0.742004,-54.810001,-271.040009,-43.610001,1770467767.632249
-0.167628,-0.131272,0.644892,-45.639999,-280.070007,-40.529999,1770467767.640181
0.044652,-0.113216,0.580476,-35.630001,-281.399994,-35.980000,1770467767.648155
0.204472,-0.145424,0.498736,-29.260000,-269.709991,-28.490000,1770467767.656183
0.391864,-0.095892,0.365024,-23.240000,-262.850006,-16.309999,1770467767.664151
0.470920,-0.055876,0.202764,-12.600000,-250.600006,-2.100000,1770467767.672252
0.517036,-0.049776,0.073932,-3.010000,-231.630005,7.420000,1770467767.680155
0.535336,-0.037332,-0.071980,8.680000,-199.080002,13.720000,1770467767.688261
0.532164,-0.020496,-0.202520,14.840000,-156.520004,13.720000,1770467767.696172
0.511424,0.011224,-0.258152,23.100000,-102.199997,15.750000,1770467767.704257
0.508740,0.026840,-0.207644,28.420000,-42.980000,18.900000,1770467767.712150
0.535824,0.004636,-0.057828,34.090000,25.620001,21.910000,1770467767.720146
0.574864,-0.004148,0.159088,45.779999,94.989998,22.610001,1770467767.728135
0.581452,0.055144,0.472628,58.169998,161.699997,24.290001,1770467767.736149
0.500688,0.162992,0.828624,66.080002,222.250000,17.219999,1770467767.744147
0.389912,0.322568,1.073356,66.220001,273.140015,1.400000,1770467767.752150
0.282552,0.381860,1.337852,50.119999,307.790009,-14.910000,1770467767.760150
0.162260,0.495564,1.641632,30.450001,314.440002,-11.900000,1770467767.768317
-0.226676,0.541436,2.180872,-3.220000,302.540009,0.210000,1770467767.776166
-0.680760,0.291580,2.509052,-20.230000,260.959991,12.390000,1770467767.784164
-1.097024,0.062952,2.409012,-6.090000,183.960007,40.669998,1770467767.792193
-1.406904,-0.145912,2.206736,-15.540000,119.629997,45.500000,1770467767.800155
-1.370548,-0.328912,1.884900,-21.420000,68.599998,25.129999,1770467767.808145
-1.253184,-0.422608,1.563796,-27.790001,30.170000,9.800000,1770467767.816142
-1.132404,-0.469944,1.392264,-23.309999,12.740000,-2.240000,1770467767.824150
-1.028460,-0.477996,1.308084,-21.209999,9.660000,-15.820000,1770467767.832175
-0.942084,-0.429440,1.195356,-22.469999,14.980000,-35.560001,1770467767.840170
-0.850828,-0.342332,1.049932,-24.080000,19.180000,-47.040001,1770467767.848333
-0.761280,-0.267180,0.862052,-25.690001,21.070000,-61.040001,1770467767.856176
-0.668560,-0.199348,0.691496,-23.240000,18.200001,-64.959999,1770467767.864145
-0.569740,-0.130540,0.546560,-16.660000,11.270000,-75.040001,1770467767.872377
-0.501908,-0.076128,0.438712,-8.890000,3.990000,-73.500000,1770467767.880161
-0.436028,-0.023180,0.348188,2.100000,-5.180000,-76.230003,1770467767.888154
-0.369416,0.024156,0.266448,11.130000,-16.450001,-68.669998,1770467767.896156
-0.306708,0.088572,0.199592,17.360001,-27.930000,-61.459999,1770467767.904209
-0.246928,0.160308,0.163236,19.950001,-41.650002,-52.290001,1770467767.912158
-0.172752,0.198372,0.146400,15.190000,-57.820000,-38.360001,1770467767.920220
-0.094184,0.192028,0.149084,9.870000,-72.449997,-29.820000,1770467767.928149
-0.050996,0.140788,0.145424,4.970000,-84.209999,-17.500000,1770467767.936154
-0.006832,0.059536,0.161040,5.530000,-81.760002,-6.790000,1770467767.944174
0.122976,0.058072,0.147620,17.219999,-71.820000,17.290001,1770467767.952159
0.123220,0.119316,0.187636,30.030001,-46.689999,38.220001,1770467767.960151
0.059292,0.202276,0.317444,48.299999,-7.350000,41.020000,1770467767.968147
0.019032,0.384788,0.548024,62.650002,54.810001,37.660000,1770467767.977043
-0.030988,0.519720,0.943548,62.650002,114.379997,41.439999,1770467767.984391
-0.141032,0.593164,1.437892,49.209999,172.339996,43.889999,1770467767.992179
-0.390400,0.553392,1.893928,28.910000,208.809998,47.389999,1770467768.000151
-0.903288,0.406748,2.175260,22.330000,212.240005,42.000000,1770467768.008201
-1.397876,0.261324,1.988600,29.540001,198.029999,47.250000,1770467768.016147
-1.750212,-0.028548,1.888316,17.290001,190.259995,19.110001,1770467768.024149
-1.826096,-0.109556,1.752652,11.690000,143.289993,14.070000,1770467768.032149
-1.940532,-0.206424,1.606008,-2.520000,73.080002,-4.480000,1770467768.040144
-1.960540,-0.341844,1.527928,-10.920000,-8.120000,-19.950001,1770467768.048149
-1.793644,-0.417240,1.430572,-17.780001,-86.239998,-35.630001,1770467768.056159
-1.492792,-0.392352,1.345904,-22.889999,-151.130005,-53.340000,1770467768.064284
-1.136308,-0.312564,1.215120,-28.910000,-203.210007,-66.430000,1770467768.072169
-0.769088,-0.217648,1.061400,-30.660000,-242.759995,-70.139999,1770467768.080152
-0.456280,-0.120048,0.908656,-28.209999,-268.029999,-69.230003,1770467768.088268
-0.207400,-0.044164,0.760304,-25.129999,-285.250000,-63.700001,1770467768.096171
-0.002440,-0.003172,0.612440,-14.630000,-290.149994,-59.150002,1770467768.104141
0.154696,-0.026108,0.515084,-13.230000,-283.850006,-53.970001,1770467768.112124
0.410652,0.063196,0.367708,-9.590000,-281.470001,-27.020000,1770467768.120140
0.473604,0.066856,0.245708,1.890000,-272.579987,-4.060000,1770467768.128143
0.537288,0.029524,0.159332,4.620000,-252.350006,14.490000,1770467768.136140
0.566080,0.002928,0.036112,8.610000,-220.289993,21.700001,1770467768.144142
0.559004,-0.020252,-0.099796,15.120000,-174.649994,24.570000,1770467768.152113
0.547780,-0.045384,-0.220576,22.120001,-121.309998,22.330000,1770467768.160142
0.516792,-0.061732,-0.263032,28.770000,-63.770000,22.680000,1770467768.168128
0.506300,-0.070272,-0.204472,34.650002,-2.310000,19.740000,1770467768.176152
0.498248,-0.038308,-0.079788,37.869999,63.070000,19.600000,1770467768.184147
0.483852,0.013420,0.093940,44.310001,123.199997,21.209999,1770467768.192160
0.459208,0.089060,0.346968,46.410000,181.020004,17.850000,1770467768.200221
0.387472,0.233996,0.643428,53.900002,228.270004,9.240000,1770467768.208146
0.291824,0.345260,0.971852,50.400002,271.459991,-8.470000,1770467768.216136
0.184708,0.395524,1.330044,35.770000,308.350006,-20.160000,1770467768.224145
-0.000488,0.443348,1.694092,13.300000,325.429993,-20.510000,1770467768.232138
-0.355020,0.455060,2.196000,-22.330000,314.649994,-9.940000,1770467768.240168
-0.749080,0.146888,2.489532,-34.090000,275.799988,4.200000,1770467768.248139
-1.238056,-0.063196,2.408280,-4.550000,185.919998,28.420000,1770467768.256140
-1.681404,-0.334768,2.338984,-8.190000,122.709999,14.280000,1770467768.264142
-1.617964,-0.388936,1.907104,4.130000,59.849998,-0.770000,1770467768.272254
-1.451556,-0.367952,1.577216,0.630000,14.000000,-18.129999,1770467768.280150
-1.299544,-0.337208,1.410808,-2.800000,-6.930000,-25.760000,1770467768.288127
-1.190964,-0.306220,1.354932,-8.330000,-12.320000,-44.310001,1770467768.296160
-1.082872,-0.263276,1.281488,-12.950000,-10.010000,-48.790001,1770467768.304150
-0.972584,-0.199104,1.127768,-19.670000,-9.800000,-57.470001,1770467768.312157
-0.865712,-0.145180,0.950380,-26.459999,-10.220000,-58.799999,1770467768.320150
-0.748348,-0.101748,0.752252,-25.760000,-12.110000,-63.700001,1770467768.328149
-0.642940,-0.067100,0.567300,-20.299999,-13.580000,-67.059998,1770467768.336155
-0.549244,-0.033428,0.437492,-11.970000,-16.660000,-68.529999,1770467768.344165
-0.466772,-0.014396,0.335988,0.420000,-22.120001,-68.739998,1770467768.352166
-0.394060,0.011468,0.249612,12.180000,-27.580000,-64.050003,1770467768.360200
-0.326716,0.040504,0.189832,22.469999,-33.110001,-64.610001,1770467768.368149
-0.247416,0.083448,0.167140,29.680000,-39.689999,-52.080002,1770467768.376163
-0.161528,0.120536,0.175436,35.700001,-46.549999,-44.520000,1770467768.384203
-0.058072,0.132004,0.213012,37.240002,-57.119999,-27.719999,1770467768.392147
0.012200,0.153964,0.230580,28.420000,-64.330002,-13.930000,1770467768.400211
0.032452,0.121756,0.216916,24.080000,-60.270000,-6.790000,1770467768.408155
0.111020,0.118096,0.173484,15.470000,-55.790001,-0.980000,1770467768.416148
0.176412,0.209108,0.122000,20.580000,-51.939999,16.379999,1770467768.424154
0.128832,0.191052,0.230336,27.230000,-29.680000,40.669998,1770467768.432186
0.081740,0.266936,0.401868,34.299999,14.070000,47.250000,1770467768.440230
0.046604,0.389424,0.691008,39.549999,71.540001,47.529999,1770467768.448148
0.027328,0.502396,1.143140,36.540001,132.860001,43.259998,1770467768.456179
-0.148352,0.677832,1.610888,20.090000,178.639999,40.110001,1770467768.464166
-0.492392,0.666608,1.913448,-4.550000,204.470001,28.070000,1770467768.472291
-1.035536,0.448960,1.967860,-20.650000,217.350006,10.570000,1770467768.480145
-1.408124,0.223260,1.896124,-15.050000,198.520004,19.459999,1770467768.488151
-1.776564,0.110776,1.813164,-16.660000,145.949997,21.000000,1770467768.496171
-1.913204,-0.012932,1.714832,-18.340000,62.860001,3.290000,1770467768.504162
-1.952488,-0.105408,1.604788,-21.420000,-25.969999,-16.730000,1770467768.512145
-1.831220,-0.217648,1.481568,-23.450001,-97.019997,-27.580000,1770467768.520152
-1.578924,-0.277184,1.356640,-30.240000,-152.809998,-37.660000,1770467768.528186
-1.259284,-0.292068,1.207312,-34.299999,-189.559998,-51.380001,1770467768.536231
-0.916220,-0.272792,1.059936,-35.910000,-214.550003,-56.419998,1770467768.544144
-0.592188,-0.228872,0.903044,-32.340000,-232.050003,-61.810001,1770467768.552141
-0.330132,-0.172020,0.751032,-29.889999,-241.990005,-56.770000,1770467768.560149
-0.123952,-0.122000,0.615124,-26.040001,-242.970001,-52.849998,1770467768.568141
0.025376,-0.070516,0.500932,-17.150000,-236.949997,-38.009998,1770467768.576290
0.185684,-0.107360,0.404796,-15.470000,-229.809998,-30.170000,1770467768.584136
0.340868,-0.093452,0.304756,-10.780000,-224.490005,-14.140000,1770467768.592150
0.454328,0.001464,0.148352,-2.800000,-213.220001,7.210000,1770467768.600156
0.445544,-0.041236,0.075640,4.340000,-197.539993,21.490000,1770467768.608155
0.451888,-0.056364,-0.001464,8.120000,-170.940002,30.799999,1770467768.616144
0.439200,-0.066612,-0.083204,13.230000,-139.300003,34.299999,1770467768.624142
0.424072,-0.074908,-0.138592,19.110001,-98.349998,34.580002,1770467768.632263
0.402844,-0.067588,-0.135664,21.980000,-52.080002,36.400002,1770467768.640173
0.397232,-0.055144,-0.047580,28.420000,0.560000,34.580002,1770467768.648146
0.410164,-0.050752,0.128832,32.200001,57.189999,34.020000,1770467768.656150
0.412360,-0.037820,0.355020,39.200001,113.540001,32.270000,1770467768.664152
0.390400,0.007076,0.621712,48.230000,167.440002,32.480000,1770467768.672195
0.332084,0.075396,0.880352,47.669998,216.369995,23.379999,1770467768.680161
0.238632,0.136152,1.142652,41.860001,258.230011,11.690000,1770467768.688150
0.082960,0.145424,1.427156,27.090000,282.589996,4.690000,1770467768.696153
-0.163480,0.146156,1.856352,14.420000,289.940002,13.300000,1770467768.704232
-0.543144,0.107848,2.379732,6.090000,269.149994,25.480000,1770467768.712184
-1.045296,-0.028548,2.687172,12.670000,197.820007,35.139999,1770467768.720151
-1.408368,-0.205936,2.607872,12.460000,124.250000,40.320000,1770467768.728152
-1.466928,-0.350628,2.154276,1.820000,68.879997,15.750000,1770467768.736148
-1.379576,-0.366976,1.752408,-4.550000,28.000000,6.510000,1770467768.744179
-1.275876,-0.343064,1.497672,-9.660000,7.490000,-10.430000,1770467768.752157
-1.186084,-0.316712,1.378356,-15.890000,0.560000,-17.709999,1770467768.760150
-1.095072,-0.249856,1.300276,-18.760000,1.330000,-33.880001,1770467768.768149
-1.013820,-0.141276,1.152900,-23.590000,4.830000,-40.040001,1770467768.776373
-0.942572,-0.054168,0.963068,-27.020000,1.960000,-47.320000,1770467768.784136
-0.854000,0.040260,0.765672,-27.090000,-3.010000,-52.919998,1770467768.792150
-0.745664,0.110776,0.611464,-27.860001,-11.480000,-56.980000,1770467768.800159
-0.638060,0.169336,0.485560,-18.340000,-23.450001,-60.549999,1770467768.808162
-0.543388,0.224236,0.389912,-10.570000,-32.340000,-59.779999,1770467768.816165
-0.472140,0.259128,0.321104,0.700000,-45.500000,-55.509998,1770467768.824150
-0.390400,0.272548,0.257908,10.010000,-57.540001,-51.029999,1770467768.832259
-0.320860,0.268156,0.215696,13.230000,-70.209999,-41.720001,1770467768.840162
-0.244732,0.245708,0.195932,16.170000,-82.809998,-41.509998,1770467768.848184
-0.087108,0.284504,0.168116,14.770000,-93.449997,-22.540001,1770467768.856153
-0.019520,0.228628,0.200080,9.450000,-106.540001,-8.050000,1770467768.864237
0.073688,0.185684,0.190564,5.530000,-114.099998,5.390000,1770467768.872178
0.155672,0.228140,0.140056,4.200000,-115.849998,18.200001,1770467768.880163
0.183000,0.275232,0.118584,13.650000,-113.190002,23.450001,1770467768.888153
0.212280,0.317444,0.174460,21.209999,-92.120003,33.599998,1770467768.896176
0.221796,0.352580,0.310856,32.340000,-54.040001,36.470001,1770467768.904220
0.235460,0.364048,0.548268,38.570000,7.840000,38.779999,1770467768.912150
0.219112,0.430904,0.805200,32.410000,83.370003,40.040001,1770467768.920151
0.134688,0.498980,1.067744,20.090000,155.820007,36.400002,1770467768.928153
0.008784,0.493124,1.426424,1.540000,208.179993,33.599998,1770467768.936151
-0.236924,0.316956,1.871968,-12.320000,252.770004,25.969999,1770467768.944182
-0.757864,0.163724,2.085712,-7.070000,269.709991,31.219999,1770467768.952157
-1.370304,0.023668,2.143540,15.330000,249.899994,50.959999,1770467768.960151
-1.713368,-0.083936,2.016416,10.780000,208.039993,30.030001,1770467768.968152
-1.892708,-0.124440,1.768268,-0.700000,123.059998,24.920000,1770467768.976615
-1.992260,-0.198616,1.583316,-15.120000,36.189999,13.160000,1770467768.984306
-1.924672,-0.357948,1.453752,-25.690001,-45.009998,-1.680000,1770467768.992179
-1.714100,-0.444812,1.343952,-38.990002,-109.129997,-22.750000,1770467769.000174
-1.437160,-0.430172,1.235616,-46.900002,-162.330002,-35.770000,1770467769.008165
-1.105564,-0.385764,1.093120,-55.020000,-203.630005,-45.919998,1770467769.016154
-0.781288,-0.306220,0.947696,-51.310001,-234.289993,-50.119999,1770467769.024268
-0.500200,-0.225212,0.796904,-48.090000,-247.940002,-51.730000,1770467769.032134
-0.241560,-0.138836,0.678808,-43.119999,-249.759995,-43.959999,1770467769.040150
-0.052704,-0.068564,0.581452,-30.660000,-247.869995,-32.759998,1770467769.048154
0.045384,-0.010980,0.483852,-23.660000,-239.539993,-29.190001,1770467769.056136
0.217160,-0.047092,0.369904,-21.420000,-228.759995,-22.750000,1770467769.064155
0.407236,0.075884,0.172752,-13.650000,-222.740005,-0.630000,1770467769.072158
0.397720,0.071736,0.086620,-3.570000,-207.759995,18.760000,1770467769.080196
0.422852,0.082472,-0.012444,3.430000,-184.449997,28.490000,1770467769.088208
0.431392,0.086620,-0.088084,5.670000,-155.330002,36.470001,1770467769.096137
0.426024,0.076860,-0.153476,8.960000,-117.110001,38.919998,1770467769.104156
0.445056,0.048556,-0.139080,13.300000,-73.430000,41.790001,1770467769.112152
0.435540,0.022448,-0.030500,20.230000,-12.390000,41.439999,1770467769.120174
0.465552,-0.017568,0.173240,28.910000,50.400002,38.990002,1770467769.128340
0.485804,-0.045872,0.381128,31.360001,112.000000,40.810001,1770467769.136151
0.473116,-0.016592,0.589748,39.130001,163.240005,42.209999,1770467769.144143
0.401624,0.064660,0.824232,42.209999,207.339996,31.080000,1770467769.152144
0.323056,0.133712,1.047492,39.130001,245.350006,22.610001,1770467769.160141
0.197640,0.182024,1.283684,32.970001,271.670013,15.260000,1770467769.168141
-0.019764,0.268888,1.630164,23.799999,278.670013,13.860000,1770467769.176177
-0.345748,0.295484,2.142564,11.620000,268.239990,28.139999,1770467769.184174
-0.795196,0.091256,2.517592,16.799999,227.710007,35.560001,1770467769.192141
-1.146556,-0.048312,2.560292,18.410000,157.779999,47.950001,1770467769.200144
-1.484984,-0.386984,2.324100,0.000000,108.290001,31.150000,1770467769.208152
-1.320040,-0.339160,1.870260,-7.000000,65.870003,22.610001,1770467769.216122
-1.239764,-0.350140,1.534760,-12.250000,38.430000,3.150000,1770467769.224264
-1.180472,-0.337940,1.367132,-13.580000,26.320000,-9.940000,1770467769.232148
-1.114592,-0.277672,1.289052,-18.200001,22.120001,-21.209999,1770467769.240145
-1.053104,-0.195200,1.206824,-20.580000,20.719999,-33.459999,1770467769.248146
-0.990152,-0.093452,1.040172,-27.650000,20.230000,-33.740002,1770467769.256147
-0.905240,-0.008540,0.823256,-28.980000,17.709999,-45.009998,1770467769.264169
-0.826672,0.070760,0.606340,-31.080000,9.100000,-46.060001,1770467769.272261
-0.731268,0.105408,0.459208,-24.709999,-1.540000,-50.680000,1770467769.280151
-0.616344,0.123708,0.374052,-17.430000,-15.050000,-51.169998,1770467769.288127
-0.510204,0.134200,0.305244,-3.920000,-23.450001,-49.279999,1770467769.296148
-0.420412,0.149084,0.241560,8.680000,-30.590000,-42.980000,1770467769.304160
-0.324520,0.188612,0.193492,21.420000,-35.349998,-37.939999,1770467769.312226
-0.236680,0.247416,0.158600,24.780001,-45.360001,-29.540001,1770467769.320167
-0.193980,0.323788,0.142740,17.920000,-60.270000,-22.330000,1770467769.328152
-0.124440,0.396256,0.184952,4.900000,-76.930000,-22.190001,1770467769.336190
-0.106872,0.386984,0.169092,-13.370000,-90.440002,-17.990000,1770467769.344151
0.023424,0.414800,0.133468,-23.100000,-108.010002,-6.020000,1770467769.352152
0.139812,0.322324,0.163724,-21.770000,-119.070000,21.910000,1770467769.360152
0.141032,0.236680,0.220820,-10.430000,-105.209999,41.230000,1770467769.368209
0.144204,0.236436,0.329156,6.440000,-73.010002,52.360001,1770467769.376168
0.135908,0.289872,0.534116,26.320000,-19.459999,52.990002,1770467769.384139
0.091012,0.390888,0.823988,38.080002,47.180000,54.110001,1770467769.392166
0.061488,0.461160,1.167296,30.240000,112.419998,45.150002,1770467769.400162
-0.059292,0.407724,1.460340,21.350000,166.740005,46.480000,1770467769.408167
-0.353068,0.244976,1.730692,8.190000,210.350006,38.779999,1770467769.416145
-0.803492,0.116632,1.833904,13.230000,229.809998,41.930000,1770467769.424160
-1.335900,-0.013176,1.854888,14.910000,219.380005,52.779999,1770467769.432175
-1.605032,-0.052948,1.887340,-0.910000,175.139999,30.520000,1770467769.440172
-1.773392,-0.111020,1.803892,-6.860000,93.309998,16.730000,1770467769.448161
-1.839028,-0.185196,1.728252,-14.420000,10.010000,5.180000,1770467769.456245
-1.757532,-0.262544,1.606740,-20.510000,-67.690002,-4.830000,1770467769.464171
-1.575020,-0.321104,1.454728,-33.320000,-124.669998,-13.580000,1770467769.472149
-1.347856,-0.350628,1.300032,-51.450001,-167.089996,-20.650000,1770467769.480220
-1.050664,-0.388448,1.155340,-58.660000,-200.059998,-25.340000,1770467769.488154
-0.757376,-0.365512,0.978928,-60.900002,-223.649994,-27.580000,1770467769.496155
-0.485316,-0.327692,0.817644,-59.360001,-232.889999,-29.260000,1770467769.504159
-0.245220,-0.259860,0.665876,-49.279999,-233.869995,-23.660000,1770467769.512159
-0.073932,-0.200324,0.554856,-44.590000,-227.990005,-15.470000,1770467769.520142
0.043676,-0.138348,0.461404,-37.310001,-216.160004,-4.130000,1770467769.528135
0.196176,-0.120780,0.367464,-32.549999,-203.419998,5.880000,1770467769.536139
0.283040,-0.067588,0.242780,-22.540001,-194.460007,16.520000,1770467769.544222
0.335256,-0.002196,0.094184,-6.790000,-184.240005,22.680000,1770467769.552155
0.358436,0.013664,0.013420,0.630000,-169.399994,31.920000,1770467769.560141
0.351848,0.043920,-0.090280,7.980000,-146.229996,30.309999,1770467769.568118
0.346724,0.048800,-0.161528,11.690000,-118.230003,29.540001,1770467769.576253
0.353800,0.033672,-0.154940,18.549999,-80.010002,25.969999,1770467769.584183
0.398696,-0.017812,-0.023668,27.650000,-30.660000,22.680000,1770467769.592153
0.471164,-0.091012,0.194712,29.889999,20.440001,17.010000,1770467769.600154
0.510204,-0.057096,0.426512,34.230000,72.730003,9.310000,1770467769.608155
0.516792,-0.058804,0.689056,37.240002,126.419998,8.820000,1770467769.616176
0.492148,0.053436,0.952332,50.540001,175.630005,-8.400000,1770467769.624263
0.441152,0.148596,1.173152,61.320000,220.360001,-10.290000,1770467769.632157
0.301584,0.271328,1.357128,59.990002,257.809998,-17.920000,1770467769.640144
0.115412,0.464576,1.612108,50.330002,267.119995,-17.500000,1770467769.648143
-0.193980,0.486780,2.229184,39.200001,255.779999,4.200000,1770467769.656153
-0.588284,0.189588,2.717184,33.320000,222.250000,12.950000,1770467769.664179
-0.925980,0.050996,2.754272,27.790001,157.360001,41.650002,1770467769.672257
-1.175836,-0.089060,2.477332,9.520000,98.629997,49.070000,1770467769.680159
-1.265628,-0.246684,2.018124,-8.120000,68.599998,48.930000,1770467769.688149
-1.124596,-0.235704,1.592832,-15.190000,51.520000,29.959999,1770467769.696153
-1.054080,-0.220820,1.339804,-17.430000,49.279999,17.570000,1770467769.704152
-1.018700,-0.163480,1.174128,-19.110001,56.279999,14.070000,1770467769.712200
-0.999912,-0.077348,1.024068,-22.330000,67.269997,3.150000,1770467769.720160
-0.969900,-0.004636,0.860588,-21.700001,71.400002,-2.660000,1770467769.728137
-0.919636,0.049776,0.688080,-20.230000,71.610001,-9.310000,1770467769.736154
-0.863760,0.088328,0.547292,-18.900000,64.190002,-11.340000,1770467769.744155
-0.781776,0.090280,0.453108,-11.410000,54.320000,-16.450001,1770467769.752291
-0.706136,0.099064,0.357216,-4.900000,40.040001,-17.360001,1770467769.760150
-0.625372,0.109800,0.262056,2.730000,23.309999,-19.809999,1770467769.768144
-0.542412,0.095892,0.206668,8.540000,8.120000,-16.030001,1770467769.776147
-0.465064,0.081008,0.184220,13.510000,-6.020000,-14.140000,1770467769.784178
-0.374052,0.038308,0.181292,10.990000,-14.000000,-4.270000,1770467769.792160
-0.276940,-0.007076,0.176412,14.980000,-16.379999,3.850000,1770467769.800161
-0.199348,-0.018544,0.168848,10.990000,-11.550000,15.750000,1770467769.808243
-0.193248,0.101992,0.111752,-1.120000,-17.150000,21.559999,1770467769.816263
-0.176168,0.241072,0.093940,-4.200000,-32.759998,16.520000,1770467769.824167
-0.157136,0.308660,0.089548,-9.660000,-49.700001,17.080000,1770467769.832137
-0.180072,0.288896,0.154452,-11.060000,-54.250000,23.799999,1770467769.840170
-0.212768,0.219844,0.331596,-7.000000,-30.590000,33.810001,1770467769.848189
-0.228872,0.189344,0.592432,2.100000,12.740000,35.279999,1770467769.856173
-0.254248,0.218868,0.962580,9.800000,65.940002,24.500000,1770467769.864152
-0.334524,0.271328,1.327360,9.870000,111.720001,13.370000,1770467769.872145
-0.540460,0.219112,1.594784,0.000000,145.179993,0.700000,1770467769.880214
-0.854732,0.057340,1.590880,-10.570000,158.059998,-3.710000,1770467769.888154
-1.196576,-0.110532,1.521096,-11.480000,142.520004,4.200000,1770467769.896151
-1.489864,-0.224236,1.504748,-6.930000,92.750000,17.080000,1770467769.904151
-1.636264,-0.262788,1.563552,-5.880000,25.410000,27.440001,1770467769.912289
-1.687260,-0.360388,1.575020,-10.360000,-33.599998,39.970001,1770467769.920140
-1.611376,-0.409920,1.543788,-10.220000,-78.260002,51.869999,1770467769.928131
-1.413004,-0.375272,1.454240,-15.120000,-109.760002,58.169998,1770467769.936156
-1.143384,-0.293044,1.335168,-23.240000,-127.470001,57.540001,1770467769.944152
-0.861808,-0.202276,1.122400,-29.120001,-142.240005,53.410000,1770467769.952273
-0.650016,-0.089304,0.900360,-39.689999,-156.660004,60.340000,1770467769.960154
-0.484340,0.003416,0.665876,-38.220001,-157.570007,63.070000,1770467769.968148
-0.330620,0.131272,0.495320,-36.119999,-152.740005,70.419998,1770467769.976313
-0.201056,0.285480,0.401136,-31.709999,-151.339996,67.410004,1770467769.984973
-0.116876,0.429928,0.351604,-30.450001,-154.210007,60.130001,1770467769.992212
-0.093940,0.509472,0.315980,-36.189999,-152.740005,43.820000,1770467770.000162
-0.068808,0.662216,0.195200,-38.919998,-146.649994,25.410000,1770467770.008180
0.132980,0.730536,0.080032,-31.219999,-165.410004,47.320000,1770467770.016194
0.148840,0.581452,0.030256,-19.459999,-155.330002,60.270000,1770467770.024212
0.215452,0.494344,0.020984,-9.310000,-131.809998,49.419998,1770467770.032147
0.241316,0.462868,0.061488,-3.920000,-103.669998,43.750000,1770467770.040177
0.279868,0.346968,0.236680,1.540000,-67.480003,33.040001,1770467770.048151
0.304756,0.123708,0.497760,2.100000,-17.709999,27.299999,1770467770.056144
0.316712,0.016104,0.732488,3.570000,38.220001,24.990000,1770467770.064265
0.326716,0.034648,0.964288,8.540000,79.730003,9.030000,1770467770.072165
0.271572,0.058804,1.191452,13.650000,118.650002,10.150000,1770467770.080469
0.170556,0.014884,1.479372,16.730000,152.039993,10.010000,1770467770.088161
-0.032940,-0.020984,1.808772,6.090000,178.289993,17.010000,1770467770.096141
-0.273768,-0.198616,2.059360,-9.170000,188.160004,23.309999,1770467770.104141
-0.407968,-0.330864,2.257976,1.750000,183.050003,51.799999,1770467770.112148
-0.806908,-0.570472,2.396812,10.010000,175.839996,86.309998,1770467770.120136
-1.077504,-0.683688,2.237724,8.330000,157.360001,59.290001,1770467770.128133
-1.151924,-0.561200,1.875872,12.040000,130.830002,73.989998,1770467770.136164
-1.167052,-0.395524,1.569408,2.450000,111.860001,62.230000,1770467770.144264
-1.159976,-0.275232,1.377624,-14.000000,97.790001,61.320000,1770467770.152125
-1.118008,-0.158356,1.242936,-28.000000,87.500000,51.240002,1770467770.160144
-1.052860,-0.010492,1.088972,-37.029999,79.730003,37.450001,1770467770.168150
-0.938180,0.146644,0.958920,-42.349998,68.389999,28.980000,1770467770.176144
-0.814960,0.237900,0.837408,-42.630001,62.369999,23.730000,1770467770.184160
-0.692960,0.302072,0.692228,-40.110001,57.610001,16.170000,1770467770.192169
-0.542656,0.364780,0.508008,-34.230000,62.650002,10.010000,1770467770.200198
-0.497272,0.452620,0.310612,-41.860001,52.639999,0.000000,1770467770.208141
-0.503372,0.536800,0.123464,-56.139999,33.880001,-0.280000,1770467770.216153
-0.448960,0.466528,0.067344,-67.339996,19.320000,-10.080000,1770467770.224135
-0.356240,0.542900,-0.010248,-74.410004,2.240000,11.690000,1770467770.232150
-0.343064,0.504592,-0.011224,-80.010002,-15.470000,12.460000,1770467770.240148
-0.309880,0.376492,0.019520,-80.360001,-28.559999,25.480000,1770467770.248178
-0.274988,0.218624,0.089548,-72.309998,-33.810001,31.219999,1770467770.256275
-0.268888,0.102724,0.183000,-64.540001,-30.100000,39.549999,1770467770.264155
-0.300852,0.012444,0.265228,-60.410000,-20.440001,51.240002,1770467770.272145
-0.367464,-0.091012,0.322324,-56.630001,-5.180000,51.520000,1770467770.280156
-0.421632,-0.163236,0.314272,-49.770000,6.230000,59.849998,1770467770.288129
-0.512888,-0.300364,0.323300,-34.790001,16.309999,68.529999,1770467770.296260
-0.725168,-0.521184,0.366000,-26.320000,25.549999,52.220001,1770467770.304156
-0.915244,-0.562176,0.429440,9.450000,41.650002,36.959999,1770467770.312148
-1.122644,-0.616588,0.580476,48.160000,58.660000,28.840000,1770467770.320155
-1.413492,-0.587552,0.736392,82.599998,67.760002,25.059999,1770467770.328161
-1.596980,-0.569008,0.854488,94.779999,67.760002,20.230000,1770467770.336252
-1.689456,-0.512644,0.891820,90.720001,44.939999,19.110001,1770467770.344152
-1.692628,-0.472872,0.858392,80.500000,4.060000,21.490000,1770467770.352179
-1.622356,-0.420900,0.817644,65.660004,-51.450001,34.509998,1770467770.360197
-1.479372,-0.319640,0.867176,50.189999,-114.309998,40.250000,1770467770.368153
-1.207068,-0.154452,0.963800,27.790001,-176.119995,47.740002,1770467770.376156
-0.952576,0.050020,1.052128,-3.570000,-221.759995,61.180000,1770467770.384134
-0.683932,0.179828,1.145824,-35.419998,-249.970001,54.250000,1770467770.392153
-0.423096,0.288652,1.177788,-63.349998,-252.630005,67.690002,1770467770.400150
-0.193492,0.360876,1.123376,-91.629997,-253.960007,58.799999,1770467770.408150
-0.043432,0.373320,1.027728,-109.199997,-253.610001,59.639999,1770467770.416155
0.082716,0.299632,0.923052,-123.760002,-249.690002,43.820000,1770467770.424244
0.509228,0.595604,0.779336,-120.400002,-271.600006,70.000000,1770467770.432160
0.469700,0.592676,0.771040,-118.300003,-274.750000,83.440002,1770467770.440183
0.545828,0.570960,0.698816,-113.889999,-261.519989,84.769997,1770467770.448151
0.731512,0.610976,0.805932,-101.220001,-225.539993,78.330002,1770467770.456150
0.912072,0.526552,0.582672,-81.760002,-180.110001,52.430000,1770467770.464221
0.916464,0.470188,0.332572,-50.119999,-147.910004,42.139999,1770467770.472150
1.014064,0.420900,0.283284,-20.860001,-116.970001,13.860000,1770467770.480184
1.064084,0.355264,0.439932,1.890000,-67.690002,-2.660000,1770467770.488159
1.063596,0.271328,0.568520,7.700000,1.750000,-11.620000,1770467770.496152
1.035780,0.132736,0.672952,21.209999,84.489998,-21.840000,1770467770.504145
0.921832,0.077348,0.780800,32.340000,158.899994,-25.340000,1770467770.512178
0.824964,0.019520,1.045296,42.209999,225.960007,-37.799999,1770467770.520191
0.717604,-0.135420,1.341756,60.900002,298.339996,-42.980000,1770467770.528228
0.523380,-0.175436,1.761192,77.769997,370.160004,-41.860001,1770467770.536161
0.082960,-0.161040,2.310436,89.739998,419.299988,-20.650000,1770467770.544158
-0.460672,-0.057340,2.581520,81.760002,422.450012,-5.950000,1770467770.552161
-0.891332,0.080764,2.471720,55.509998,361.339996,16.870001,1770467770.560186
-1.360788,0.087108,2.070828,23.450001,286.440002,25.410000,1770467770.568148
-1.577460,-0.149328,1.659688,-11.130000,230.789993,11.550000,1770467770.576150
-1.546716,-0.371612,1.237080,-29.540001,178.850006,0.910000,1770467770.584150
-1.487180,-0.623176,0.964044,-44.099998,138.460007,-12.670000,1770467770.592267
-1.367132,-0.872544,0.809592,-50.889999,118.580002,-22.750000,1770467770.600205
-1.276852,-1.077260,0.708332,-49.980000,109.269997,-32.970001,1770467770.608193
-1.243424,-1.019676,0.609024,-55.509998,93.940002,-48.090000,1770467770.616299
-1.204872,-0.790804,0.552904,-54.669998,64.400002,-59.220001,1770467770.624133
-1.117520,-0.571448,0.504592,-53.970001,21.000000,-72.940002,1770467770.632161
-0.974048,-0.362828,0.432368,-54.880001,-25.690001,-75.320000,1770467770.640153
-0.758352,-0.247416,0.392840,-47.250000,-63.910000,-84.489998,1770467770.648152
-0.565836,-0.176900,0.350140,-41.790001,-85.540001,-83.300003,1770467770.656136
-0.405772,-0.160064,0.297924,-36.680000,-94.430000,-83.019997,1770467770.664144
-0.312808,-0.122244,0.240096,-27.090000,-93.309998,-83.720001,1770467770.672255
-0.226676,-0.066856,0.201056,-18.969999,-88.550003,-84.419998,1770467770.680352
-0.194956,-0.104432,0.196908,-3.920000,-71.540001,-84.980003,1770467770.688166
-0.116876,-0.151280,0.219600,13.300000,-44.240002,-76.300003,1770467770.696156
-0.063928,-0.217648,0.259372,32.270000,-6.230000,-66.639999,1770467770.704321
-0.023180,-0.266204,0.307440,48.439999,26.530001,-54.110001,1770467770.712145
-0.030744,-0.262544,0.381128,61.880001,60.970001,-42.209999,1770467770.720160
-0.159820,-0.112484,0.445300,77.209999,90.440002,-30.170000,1770467770.728133
-0.338672,0.127124,0.508496,92.889999,105.699997,-24.850000,1770467770.736149
-0.491660,0.300852,0.549732,112.209999,110.529999,-24.080000,1770467770.744176
-0.634156,0.410164,0.640988,127.260002,98.769997,-29.400000,1770467770.752262
-0.839848,0.556076,0.855464,127.959999,86.169998,-39.200001,1770467770.760175
-0.979660,0.631716,1.113616,119.839996,75.250000,-29.260000,1770467770.768151
-1.223904,0.449692,1.374696,97.230003,57.049999,-26.459999,1770467770.776153
-1.358348,0.261080,1.475956,76.510002,25.059999,-29.540001,1770467770.784156
-1.558428,0.038064,1.591368,66.150002,-10.220000,-47.320000,1770467770.792255
-1.576484,-0.084668,1.618208,60.410000,-44.099998,-66.639999,1770467770.800139
-1.528172,-0.185196,1.614548,62.439999,-67.129997,-89.040001,1770467770.808131
-1.448628,-0.265472,1.574776,62.580002,-80.639999,-105.070000,1770467770.816152
-1.260016,-0.305488,1.513776,66.430000,-87.570000,-120.680000,1770467770.824143
-0.942328,-0.262300,1.492060,63.630001,-112.559998,-115.150002,1770467770.832197
-0.646112,-0.127612,1.438380,56.770000,-149.589996,-104.230003,1770467770.840167
-0.395768,0.014152,1.287344,51.869999,-191.660004,-90.650002,1770467770.848153
-0.179096,0.185928,1.066768,49.070000,-228.199997,-78.190002,1770467770.856151
-0.019520,0.214720,0.812276,40.740002,-249.059998,-70.699997,1770467770.864156
0.132736,0.130296,0.639768,30.450001,-258.929993,-59.990002,1770467770.872252
0.568520,0.271084,0.424316,25.410000,-267.959991,-39.689999,1770467770.880156
0.508984,0.119072,0.348920,25.900000,-260.609985,-26.110001,1770467770.888166
0.581696,0.093452,0.269864,27.090000,-236.039993,-15.890000,1770467770.896161
0.619516,0.088084,0.205692,26.459999,-198.520004,-18.830000,1770467770.904235
0.664168,0.092232,0.141520,25.760000,-153.089996,-20.510000,1770467770.912154
0.704916,0.072224,0.062464,21.770000,-96.879997,-19.950001,1770467770.920161
0.707112,0.063196,-0.043676,23.450001,-33.810001,-22.400000,1770467770.928138
0.700036,0.042944,-0.091744,25.830000,28.910000,-23.100000,1770467770.936152
0.692716,0.028304,-0.042212,33.180000,95.620003,-27.930000,1770467770.944157
0.706624,0.014396,0.136884,43.959999,165.130005,-32.619999,1770467770.952251
0.683688,0.030012,0.355508,51.869999,230.580002,-36.119999,1770467770.960150
0.621224,0.138592,0.568764,64.190002,284.130005,-39.689999,1770467770.968150
0.532896,0.281576,0.794464,69.510002,327.320007,-48.580002,1770467770.976308
0.429440,0.357948,1.103612,63.630001,353.989990,-50.189999,1770467770.985565
0.232044,0.379420,1.489864,47.740002,356.160004,-40.950001,1770467770.992373
-0.220820,0.288652,1.896368,22.540001,346.920013,-24.780001,1770467771.000419
-0.790804,0.202764,2.060092,14.560000,304.779999,-20.440001,1770467771.008405
-1.329068,0.061732,2.078636,25.059999,243.250000,-6.020000,1770467771.016597
-1.726056,-0.217648,1.998848,29.889999,176.050003,-24.360001,1770467771.024468
-1.599664,-0.324032,1.329312,36.680000,69.370003,-29.260000,1770467771.038538
-1.563064,-0.326960,1.256356,34.580002,57.610001,-33.110001,1770467771.040823
-1.470344,-0.333060,1.095316,26.600000,31.639999,-43.750000,1770467771.048872
-1.421788,-0.312564,1.029680,17.219999,19.879999,-53.410000,1770467771.056845
-1.348344,-0.321104,0.981124,7.210000,17.290001,-72.519997,1770467771.064818
-1.256600,-0.340136,0.879620,-0.350000,16.520000,-77.209999,1770467771.072817
-1.152412,-0.372100,0.736636,-5.110000,11.410000,-86.519997,1770467771.080840
-1.035048,-0.384788,0.584624,-2.100000,5.530000,-91.769997,1770467771.088829
-0.914024,-0.366000,0.479460,5.810000,-2.660000,-92.540001,1770467771.096848
-0.804712,-0.328668,0.415044,16.100000,-13.790000,-92.750000,1770467771.104853
-0.710040,-0.260836,0.377956,24.360001,-24.150000,-92.050003,1770467771.112834
-0.634888,-0.175680,0.351360,32.900002,-33.250000,-89.669998,1770467771.120833
-0.562176,-0.089304,0.316224,39.200001,-40.880001,-90.019997,1770467771.129084
-0.482388,-0.011224,0.276452,41.580002,-47.040001,-92.820000,1770467771.136802
-0.374296,0.053680,0.249612,43.119999,-51.869999,-94.010002,1770467771.144805
-0.249856,0.084424,0.241560,46.549999,-57.259998,-87.989998,1770467771.152813
-0.123220,0.116876,0.246196,48.860001,-62.439999,-82.110001,1770467771.160805
-0.032696,0.129808,0.265960,54.459999,-64.330002,-70.349998,1770467771.168837
-0.037576,0.135664,0.289872,55.509998,-57.400002,-55.299999,1770467771.176821
0.045384,0.208864,0.281820,61.389999,-45.639999,-30.170000,1770467771.184819
0.024888,0.347456,0.306952,72.099998,-33.110001,-4.340000,1770467771.192848
-0.092476,0.440176,0.476776,80.010002,-12.250000,10.500000,1770467771.200804
-0.268400,0.642208,0.775188,81.900002,16.030001,22.469999,1770467771.208830
-0.486292,0.773968,1.281488,81.339996,41.230000,23.520000,1770467771.216810
-0.786656,0.787632,1.778272,70.980003,51.730000,25.620001,1770467771.224816
-1.186816,0.700524,1.969812,54.389999,52.290001,15.960000,1770467771.232835
-1.526220,0.574864,1.829756,40.669998,49.630001,-0.350000,1770467771.240832
-1.764608,0.337452,1.721664,31.219999,42.279999,-13.440000,1770467771.248858
-1.824632,0.060024,1.696044,20.020000,16.940001,-41.439999,1770467771.256802
-1.858548,-0.103944,1.629920,14.210000,-26.670000,-59.220001,1770467771.264829
-1.824876,-0.240096,1.523292,7.000000,-69.230003,-78.680000,1770467771.272817
-1.661396,-0.380640,1.387140,-0.560000,-108.639999,-92.120003,1770467771.280792
-1.396656,-0.429196,1.262700,-8.890000,-144.339996,-101.639999,1770467771.288815
-1.049200,-0.401868,1.167784,-18.340000,-177.729996,-102.480003,1770467771.296816
-0.721752,-0.364048,1.067256,-25.200001,-209.160004,-101.989998,1770467771.304869
-0.434808,-0.296216,0.937448,-27.299999,-232.399994,-90.790001,1770467771.312819
-0.178364,-0.219844,0.797392,-20.650000,-253.750000,-82.459999,1770467771.320840
-0.002440,-0.052216,0.645380,-17.639999,-270.480011,-68.669998,1770467771.328901
0.117852,-0.068808,0.507764,-10.640000,-275.519989,-65.169998,1770467771.336869
0.293532,-0.062220,0.403332,-7.770000,-282.380005,-54.320000,1770467771.344811
0.498004,0.075884,0.243512,5.950000,-285.320007,-25.549999,1770467771.352810
0.484828,0.017080,0.192272,17.219999,-270.480011,-8.330000,1770467771.360833
0.509228,0.015372,0.115900,23.240000,-245.139999,3.150000,1770467771.368810
0.523380,0.018300,0.033916,25.760000,-209.089996,3.640000,1770467771.376812
0.533384,0.011224,-0.037576,27.090000,-166.669998,1.750000,1770467771.384846
0.538752,0.008784,-0.073688,31.639999,-118.790001,2.800000,1770467771.392811
0.520452,0.028792,-0.089060,31.639999,-69.089996,1.470000,1770467771.400840
0.505568,0.071736,-0.053192,28.629999,-19.389999,-1.890000,1770467771.408842
0.499956,0.116876,0.059292,26.459999,29.750000,0.490000,1770467771.416846
0.503616,0.116388,0.264496,29.959999,80.500000,-6.930000,1770467771.424893
0.483852,0.134688,0.519964,34.650002,134.750000,-8.610000,1770467771.432812
0.418460,0.197396,0.793732,42.209999,187.250000,-17.850000,1770467771.440814
0.341844,0.259128,1.027728,41.860001,238.490005,-28.000000,1770467771.448877
0.232044,0.288408,1.245376,38.990002,272.089996,-36.540001,1770467771.456809
0.074420,0.263520,1.554280,21.700001,286.579987,-42.139999,1770467771.464798
-0.181536,0.128832,2.079612,10.010000,286.579987,-26.670000,1770467771.472812
-0.515572,-0.046604,2.503928,17.990000,253.470001,-6.580000,1770467771.480816
-1.154364,-0.082228,2.664236,34.790001,181.369995,6.160000,1770467771.488847
-1.439844,-0.300120,2.411696,27.299999,122.709999,-1.890000,1770467771.496811
-1.294908,-0.266448,1.924916,20.299999,65.589996,-20.860001,1770467771.504859
-1.159976,-0.301828,1.555256,16.660000,35.840000,-26.110001,1770467771.512819
-1.055544,-0.312564,1.313208,10.430000,28.139999,-34.509998,1770467771.520842
-0.993324,-0.281088,1.176812,3.850000,31.080000,-36.259998,1770467771.528857
-0.972340,-0.232044,1.060912,0.350000,37.310001,-48.580002,1770467771.536823
-0.958188,-0.171044,0.922808,-2.660000,42.279999,-57.470001,1770467771.544845
-0.916952,-0.100772,0.797636,-7.000000,45.150002,-63.490002,1770467771.552818
-0.862784,-0.055144,0.645624,-3.570000,41.860001,-71.820000,1770467771.560816
-0.793488,-0.033916,0.530212,1.190000,34.369999,-76.300003,1770467771.568843
-0.693692,-0.020008,0.453596,11.480000,23.379999,-77.839996,1770467771.576817
-0.587064,-0.026352,0.361852,21.209999,13.720000,-81.690002,1770467771.584910
-0.489708,-0.019520,0.270352,29.400000,4.620000,-75.180000,1770467771.592837
-0.390400,-0.005856,0.193004,36.400002,-2.660000,-72.239998,1770467771.600799
-0.318664,0.046360,0.124684,41.650002,-8.750000,-70.699997,1770467771.608834
-0.176412,0.105652,0.138348,48.860001,-13.090000,-64.050003,1770467771.616842
-0.085156,0.197640,0.124440,39.900002,-21.910000,-63.139999,1770467771.624868
-0.032452,0.249856,0.121024,31.780001,-29.260000,-52.500000,1770467771.632813
0.001708,0.273768,0.159576,27.650000,-38.919998,-42.980000,1770467771.640821
0.002928,0.237900,0.208376,26.110001,-40.110001,-31.430000,1770467771.648869
-0.003416,0.220332,0.268644,30.309999,-37.380001,-24.010000,1770467771.656805
0.017812,0.315736,0.400404,42.349998,-22.260000,-10.850000,1770467771.664811
-0.070516,0.385764,0.730780,50.540001,-0.420000,7.700000,1770467771.672836
-0.214232,0.542168,1.216340,54.459999,26.879999,12.110000,1770467771.680802
-0.392596,0.637084,1.736792,41.230000,50.330002,20.930000,1770467771.688821
-0.685152,0.532164,2.063752,32.900002,57.750000,15.750000,1770467771.696814
-1.012356,0.390888,2.019588,30.309999,64.820000,5.180000,1770467771.704824
-1.186084,0.222040,1.805844,30.660000,83.720001,-5.460000,1770467771.712814
-1.264408,0.003172,1.784372,14.980000,101.080002,-18.480000,1770467771.720862
-1.258552,-0.096868,1.721176,4.200000,93.239998,-23.660000,1770467771.728840
-1.384700,-0.173240,1.645048,-6.090000,63.840000,-30.730000,1770467771.737445
-1.472052,-0.208132,1.532320,-17.990000,22.540001,-35.000000,1770467771.745480
-1.468148,-0.216672,1.378844,-29.330000,-24.780001,-43.189999,1770467771.753525
-1.313208,-0.260348,1.197552,-38.290001,-66.360001,-50.259998,1770467771.761453
-1.088972,-0.245220,1.024068,-39.130001,-100.309998,-52.290001,1770467771.769435
-0.815448,-0.214476,0.860100,-38.570000,-126.980003,-56.139999,1770467771.777431
-0.542900,-0.174704,0.715408,-34.930000,-143.429993,-47.320000,1770467771.785433
-0.279624,-0.112240,0.550952,-28.139999,-149.100006,-43.540001,1770467771.793436
-0.066856,-0.068320,0.417728,-22.120001,-143.639999,-32.060001,1770467771.801519
0.091744,-0.033428,0.322324,-16.590000,-131.880005,-20.510000,1770467771.809435
0.198616,-0.036356,0.197884,-9.100000,-115.080002,-11.830000,1770467771.817431
0.402356,-0.065880,0.111752,-3.360000,-104.930000,7.770000,1770467771.825472
0.437492,-0.052216,0.044652,12.110000,-90.930000,24.219999,1770467771.833447
0.482144,-0.058804,0.014152,23.660000,-66.779999,36.189999,1770467771.841441
0.521428,-0.053924,-0.009516,31.780001,-33.810001,38.779999,1770467771.849431
0.540460,-0.026596,-0.020252,36.540001,6.510000,42.209999,1770467771.857442
0.520208,-0.000976,0.007808,39.270000,51.310001,41.650002,1770467771.865485
0.479948,0.028304,0.116144,42.209999,93.800003,38.990002,1770467771.873430
0.384544,0.086620,0.303048,37.660000,130.970001,35.139999,1770467771.881436
0.225944,0.207888,0.581696,33.389999,158.479996,21.490000,1770467771.889548
0.047092,0.289872,0.945012,30.590000,181.860001,11.620000,1770467771.897511
-0.208620,0.380152,1.279536,35.070000,190.259995,-3.780000,1770467771.905451
-0.434076,0.499712,1.629432,45.639999,183.399994,-2.870000,1770467771.913436
-0.721752,0.428952,1.944680,43.680000,156.869995,-5.810000,1770467771.921460
-0.973316,0.303292,2.156228,38.220001,122.290001,-7.420000,1770467771.929431
-1.101904,0.059292,2.234552,30.240000,94.709999,-5.250000,1770467771.937515
-1.107760,-0.109800,2.211128,31.639999,74.480003,12.250000,1770467771.945444
-1.187792,-0.098088,2.032276,25.690001,53.619999,16.379999,1770467771.953431
-1.300032,-0.124196,1.748016,7.000000,37.869999,-3.920000,1770467771.961431
-1.333704,-0.084912,1.511336,-3.990000,25.900000,-21.070000,1770467771.970147
-1.379576,-0.083448,1.357616,-14.000000,23.730000,-27.230000,1770467771.977604
-1.364692,-0.066612,1.202676,-24.780001,22.330000,-40.950001,1770467771.986167
-1.331996,-0.075396,1.029924,-29.959999,19.950001,-45.430000,1770467771.993467
-1.256112,-0.082472,0.822036,-34.439999,12.320000,-48.369999,1770467772.001441
-1.135820,-0.058072,0.602192,-32.549999,4.270000,-54.389999,1770467772.009439
-0.985028,-0.038796,0.455548,-25.690001,-1.680000,-60.830002,1770467772.017432
-0.813252,-0.028304,0.362828,-15.260000,-3.150000,-59.430000,1770467772.025431
-0.649772,-0.040260,0.297924,-2.450000,0.560000,-58.799999,1770467772.033449
-0.501664,-0.061244,0.245952,5.180000,5.530000,-48.580002,1770467772.041440
-0.347212,-0.101260,0.187880,13.020000,13.440000,-43.889999,1770467772.049435
-0.249368,-0.078812,0.116388,19.459999,21.840000,-35.770000,1770467772.057431
-0.182512,-0.045140,0.043432,19.600000,25.760000,-32.200001,1770467772.065541
-0.111264,-0.006832,0.003416,19.110001,23.170000,-32.060001,1770467772.073431
-0.023912,0.045140,0.005856,13.860000,18.340000,-25.340000,1770467772.081425
0.059048,0.088816,0.056364,13.230000,8.330000,-23.660000,1770467772.089573
0.133224,0.121268,0.129076,12.180000,0.560000,-14.000000,1770467772.097453
0.161040,0.122244,0.180560,16.870001,-3.360000,2.380000,1770467772.105412
0.155184,0.124928,0.213988,25.340000,3.220000,19.320000,1770467772.113421
0.094428,0.147864,0.271816,34.509998,15.960000,37.660000,1770467772.121419
-0.028304,0.249612,0.395280,49.209999,40.529999,42.560001,1770467772.129423
-0.239608,0.399916,0.614636,58.520000,76.510002,40.529999,1770467772.137425
-0.511424,0.591700,1.019920,51.099998,110.949997,34.439999,1770467772.145505
-0.878644,0.631960,1.551596,28.559999,123.830002,25.620001,1770467772.153429
-1.430328,0.526796,1.768268,17.920000,114.449997,19.459999,1770467772.161421
-1.892952,0.268888,1.665788,36.400002,89.949997,17.990000,1770467772.169422
-1.931748,0.070516,1.557940,40.740002,50.750000,18.549999,1770467772.177420
-1.909300,-0.031232,1.513532,28.280001,-3.430000,20.230000,1770467772.185427
-1.938092,-0.143716,1.457656,7.700000,-48.020000,6.090000,1770467772.193422
-1.910032,-0.260836,1.384944,-17.219999,-82.040001,-4.270000,1770467772.201431
-1.824388,-0.337696,1.291248,-35.630001,-111.019997,-10.220000,1770467772.209425
-1.676280,-0.347944,1.208776,-47.459999,-144.899994,-21.139999,1770467772.217422
-1.432036,-0.320616,1.118252,-56.209999,-175.839996,-30.590000,1770467772.225421
-1.185352,-0.210328,0.952088,-57.330002,-201.740005,-38.430000,1770467772.233470
-0.914024,-0.171044,0.823256,-57.189999,-220.850006,-40.389999,1770467772.241431
-0.637084,-0.081252,0.666608,-53.549999,-233.729996,-41.930000,1770467772.249426
-0.401136,0.006344,0.530456,-46.689999,-240.520004,-36.680000,1770467772.257421
-0.100040,0.023424,0.376004,-37.240002,-242.759995,-26.600000,1770467772.265426
0.114436,0.019764,0.347212,-24.920000,-231.000000,-13.090000,1770467772.273444
0.227896,0.002196,0.224724,-16.799999,-212.449997,-9.170000,1770467772.281580
0.454816,-0.098088,0.165432,-8.680000,-199.570007,2.310000,1770467772.289462
0.514352,0.037332,0.000732,7.210000,-182.910004,12.040000,1770467772.297434
0.488488,0.036600,-0.074420,16.590000,-160.440002,26.600000,1770467772.305439
0.444812,0.098576,-0.160064,22.750000,-135.520004,23.030001,1770467772.313434
0.404064,0.158600,-0.169580,24.219999,-107.449997,24.639999,1770467772.321558
0.376004,0.205204,-0.070760,26.320000,-75.180000,25.129999,1770467772.329421
0.372588,0.209596,0.160796,29.750000,-39.970001,23.030001,1770467772.337460
0.371612,0.224724,0.509960,29.959999,0.350000,19.250000,1770467772.345433
0.342576,0.311344,0.885476,34.439999,48.509998,15.120000,1770467772.353434
0.275476,0.372100,1.215608,36.189999,94.989998,5.600000,1770467772.361607
0.169092,0.436516,1.519632,34.090000,133.070007,-12.880000,1770467772.369846
0.131760,0.462136,1.730692,30.309999,145.740005,-13.580000,1770467772.377442
-0.152988,0.308416,1.955660,21.980000,146.300003,-4.900000,1770467772.385434
-0.448472,0.202276,2.081808,15.400000,133.490005,-2.590000,1770467772.393445
-0.677588,-0.017324,2.288476,27.580000,95.970001,17.920000,1770467772.401454
-0.909876,-0.058072,2.404376,30.030001,59.290001,32.549999,1770467772.409435
-0.974292,-0.130784,2.258464,13.020000,46.549999,34.160000,1770467772.417430
-0.990396,-0.264984,2.001288,-7.910000,43.820000,17.290001,1770467772.425427
-0.977464,-0.297192,1.692384,-22.680000,49.209999,2.030000,1770467772.433503
-0.987956,-0.328668,1.491816,-31.920000,62.720001,-7.350000,1770467772.441456
-1.019432,-0.311588,1.305644,-38.220001,75.529999,-18.480000,1770467772.449436
-1.049688,-0.275232,1.066524,-39.130001,79.940002,-26.459999,1770467772.457507
-1.063840,-0.257420,0.849608,-34.230000,76.580002,-32.970001,1770467772.465428
-1.036756,-0.192516,0.641476,-25.480000,62.439999,-48.369999,1770467772.473430
-0.955992,-0.121756,0.501420,-20.790001,46.410000,-49.910000,1770467772.481592
-0.866200,-0.088816,0.408700,-15.260000,23.170000,-54.599998,1770467772.489707
-0.761036,-0.067588,0.342576,-9.800000,2.240000,-57.119999,1770467772.497436
-0.632448,-0.078080,0.248880,-3.010000,-16.240000,-54.599998,1770467772.505475
-0.498492,-0.084912,0.173972,1.960000,-29.260000,-53.830002,1770467772.513443
-0.355752,-0.066612,0.130784,7.770000,-36.540001,-48.580002,1770467772.521496
-0.219844,-0.037576,0.100772,12.110000,-38.570000,-43.540001,1770467772.529450
-0.061000,-0.009028,0.101260,12.250000,-34.930000,-36.610001,1770467772.537522
0.010492,0.063928,0.082960,9.310000,-32.689999,-30.309999,1770467772.545439
0.060024,0.178364,0.099796,7.420000,-33.810001,-20.299999,1770467772.553461
0.042456,0.195688,0.125660,1.540000,-35.980000,-14.490000,1770467772.561447
0.024156,0.168848,0.147376,-2.800000,-37.869999,-10.640000,1770467772.569433
0.079056,0.222772,0.178364,5.110000,-31.150000,8.680000,1770467772.577433
0.158112,0.214720,0.379664,18.200001,-19.950001,32.130001,1770467772.585449
0.052948,0.305732,0.663680,28.420000,13.020000,43.470001,1770467772.593438
-0.084424,0.418948,1.133136,28.209999,58.169998,45.500000,1770467772.601430
-0.291336,0.634400,1.543788,22.750000,96.599998,40.250000,1770467772.609559
-0.539240,0.587064,1.803160,14.000000,109.970001,36.049999,1770467772.617456
-0.971608,0.427244,1.847568,19.809999,112.980003,37.520000,1770467772.625420
-1.323456,0.330620,1.713612,31.990000,115.849998,26.250000,1770467772.633436
-1.452776,0.009760,1.773148,17.290001,110.250000,19.600000,1770467772.641438
-1.564528,-0.125660,1.787544,6.300000,69.930000,7.140000,1770467772.649474
-1.679452,-0.221064,1.734352,-5.460000,24.500000,-3.780000,1770467772.657436
-1.661396,-0.325008,1.609180,-19.320000,-24.990000,-9.730000,1770467772.665438
-1.525732,-0.387716,1.482300,-30.799999,-70.559998,-19.809999,1770467772.673431
-1.309792,-0.394304,1.304912,-42.560001,-104.790001,-26.110001,1770467772.681433
-1.038708,-0.352336,1.122400,-48.439999,-132.789993,-30.940001,1770467772.689550
-0.785436,-0.276940,0.924028,-47.669998,-151.199997,-31.639999,1770467772.697478
-0.546072,-0.194956,0.742492,-48.860001,-163.309998,-29.680000,1770467772.705419
-0.327448,-0.111508,0.576328,-44.660000,-168.770004,-25.549999,1770467772.713435
-0.145180,-0.064904,0.447984,-42.630001,-168.000000,-12.530000,1770467772.721552
-0.006588,-0.050996,0.326472,-36.889999,-162.330002,-5.810000,1770467772.729462
0.129564,-0.084180,0.235216,-32.130001,-152.529999,6.650000,1770467772.737425
0.274256,-0.062952,0.166164,-23.100000,-143.570007,20.440001,1770467772.745435
0.351848,-0.032940,0.088328,-10.430000,-130.199997,35.630001,1770467772.753520
0.359168,-0.068564,0.040992,2.240000,-110.739998,43.330002,1770467772.761428
0.372100,-0.080764,-0.036356,12.670000,-85.260002,44.029999,1770467772.769437
0.388204,-0.059536,-0.101260,22.469999,-59.919998,45.500000,1770467772.777430
0.434564,-0.077592,-0.060024,28.559999,-23.170000,46.689999,1770467772.785424
0.428708,-0.006588,0.036600,34.299999,24.780001,46.270000,1770467772.793494
0.443836,0.044896,0.192760,37.099998,72.730003,40.669998,1770467772.801455
0.373564,0.119560,0.415776,39.549999,117.599998,33.040001,1770467772.809435
0.268888,0.243024,0.687836,40.459999,154.350006,22.260000,1770467772.817422
0.136640,0.365756,1.040416,46.130001,193.130005,12.250000,1770467772.825548
-0.014152,0.364292,1.410320,52.009998,221.130005,5.180000,1770467772.833443
-0.298412,0.469700,1.776564,48.509998,224.490005,4.270000,1770467772.841458
-0.621712,0.423584,2.106452,32.970001,202.929993,13.020000,1770467772.849432
-0.934764,0.279624,2.216740,23.450001,169.610001,12.110000,1770467772.857431
-1.104344,0.037332,2.286280,29.469999,129.710007,28.770000,1770467772.865457
-1.227808,-0.058804,2.298724,24.780001,96.250000,43.820000,1770467772.873443
-1.266604,-0.157868,2.009584,2.030000,81.199997,17.709999,1770467772.881432
-1.230736,-0.172020,1.694580,-12.530000,70.070000,15.400000,1770467772.889467
-1.240252,-0.170556,1.439844,-20.230000,66.080002,-4.130000,1770467772.897548
-1.277584,-0.166896,1.253428,-24.010000,63.630001,-10.780000,1770467772.905429
-1.293688,-0.144692,1.081896,-25.969999,58.029999,-21.280001,1770467772.913431
-1.270996,-0.122244,0.873032,-23.520000,46.200001,-32.410000,1770467772.921439
-1.197308,-0.091256,0.648552,-22.330000,31.780001,-35.630001,1770467772.929584
-1.075796,-0.064904,0.486780,-15.610000,16.450001,-43.049999,1770467772.937421
-0.923540,-0.065636,0.389424,-4.900000,6.300000,-45.220001,1770467772.945491
-0.752984,-0.095160,0.323056,3.920000,4.340000,-47.459999,1770467772.953439
-0.574376,-0.136640,0.265472,12.670000,6.510000,-48.439999,1770467772.961428
-0.414800,-0.167872,0.210084,24.570000,15.540000,-46.549999,1770467772.969545
-0.285480,-0.174216,0.143472,32.900002,24.080000,-41.160000,1770467772.977867
-0.165676,-0.155184,0.095160,41.580002,34.509998,-32.549999,1770467772.985784
-0.071248,-0.083448,0.060756,44.450001,39.759998,-30.170000,1770467772.993550
0.002196,0.018300,0.061244,39.759998,37.799999,-22.750000,1770467773.001597
0.064904,0.118340,0.091256,32.340000,31.570000,-8.750000,1770467773.009434
0.103944,0.181048,0.126880,25.549999,21.980000,0.910000,1770467773.017431
0.138836,0.220332,0.166164,20.440001,14.280000,16.100000,1770467773.025466
0.160552,0.230336,0.202520,20.440001,15.750000,19.809999,1770467773.033434
0.156404,0.268644,0.249368,18.969999,26.320000,31.010000,1770467773.041444
0.111508,0.351604,0.346236,22.889999,51.310001,35.279999,1770467773.049436
-0.020984,0.524600,0.546804,26.459999,92.470001,30.870001,1770467773.057426
-0.222284,0.692472,0.880596,20.440001,141.399994,34.720001,1770467773.065538
-0.565592,0.807396,1.313208,3.080000,175.839996,25.410000,1770467773.073424
-1.077504,0.693692,1.606496,-15.120000,186.830002,14.140000,1770467773.081435
-1.681160,0.361852,1.695312,-7.210000,175.839996,10.360000,1770467773.089544
-1.995188,0.095160,1.598444,10.850000,128.800003,26.180000,1770467773.097438
-2.125484,0.041968,1.511336,17.080000,59.150002,34.299999,1770467773.105427
-2.208932,-0.022204,1.450336,14.280000,-10.990000,20.860001,1770467773.113423
-2.122800,-0.123708,1.335656,0.910000,-65.379997,7.420000,1770467773.121425
-1.963712,-0.205692,1.228052,-12.110000,-103.459999,-9.170000,1770467773.129419
-1.762412,-0.270108,1.156560,-23.240000,-129.080002,-23.520000,1770467773.137402
-1.514508,-0.287920,1.057252,-29.889999,-143.850006,-34.020000,1770467773.145437
-1.248304,-0.250344,0.953552,-30.660000,-155.190002,-46.549999,1770467773.153505
-0.968924,-0.183732,0.811300,-28.700001,-164.080002,-52.709999,1770467773.161435
-0.728828,-0.093696,0.672952,-26.740000,-168.070007,-57.889999,1770467773.169423
-0.505080,0.003416,0.550708,-26.320000,-170.380005,-52.639999,1770467773.177420
-0.313052,0.073688,0.453108,-32.689999,-171.009995,-44.450001,1770467773.185436
-0.150792,0.087108,0.376980,-32.970001,-174.649994,-33.110001,1770467773.193467
-0.021472,0.091988,0.292312,-33.599998,-181.649994,-21.629999,1770467773.201423
0.059292,0.049776,0.219112,-27.090000,-183.960007,-18.830000,1770467773.209446
0.227652,0.023180,0.141032,-17.219999,-187.529999,-5.320000,1770467773.217419
0.350628,0.025620,0.053924,-4.340000,-189.350006,16.660000,1770467773.225487
0.333304,-0.008052,0.020984,8.330000,-177.100006,24.080000,1770467773.233415
0.347944,0.017080,-0.017568,13.650000,-155.539993,30.309999,1770467773.241443
0.359412,0.019032,0.008540,18.760000,-124.529999,26.530001,1770467773.249425
0.385276,0.023912,0.103700,18.129999,-79.449997,29.750000,1770467773.257418
0.420168,0.007564,0.239608,20.790001,-23.240000,27.650000,1770467773.265424
0.433100,0.015128,0.409676,26.530001,36.330002,22.400000,1770467773.273429
0.390888,0.094428,0.626104,34.299999,100.940002,20.370001,1770467773.281587
0.299632,0.214720,0.884988,40.389999,157.710007,11.550000,1770467773.289431
0.197884,0.317444,1.221708,38.849998,206.149994,0.560000,1770467773.297441
0.016104,0.323788,1.573556,33.529999,235.339996,-1.400000,1770467773.305430
-0.316468,0.337452,1.925404,19.740000,238.910004,-3.640000,1770467773.313432
-0.661972,0.157136,2.151836,7.700000,218.610001,9.030000,1770467773.321439
-1.008696,-0.033184,2.226256,13.440000,178.570007,18.690001,1770467773.329552
-1.330288,-0.189100,2.305068,26.389999,122.430000,35.490002,1770467773.337517
-1.532808,-0.261324,2.078148,19.530001,78.820000,16.100000,1770467773.345442
-1.514264,-0.200568,1.754116,6.650000,38.779999,-4.760000,1770467773.353542
-1.452776,-0.173240,1.534028,-7.770000,14.840000,-9.520000,1770467773.361431
-1.381772,-0.157380,1.385432,-18.340000,11.130000,-29.260000,1770467773.369431
-1.304912,-0.145668,1.247328,-25.340000,15.330000,-38.849998,1770467773.377431
-1.189012,-0.126148,1.022116,-29.750000,22.120001,-50.119999,1770467773.385457
-1.065792,-0.107360,0.761768,-26.879999,24.430000,-57.330002,1770467773.393455
-0.934764,-0.089060,0.552172,-20.090000,24.430000,-61.599998,1770467773.401437
-0.793732,-0.089060,0.416264,-8.120000,25.480000,-65.870003,1770467773.409434
-0.652212,-0.104676,0.325984,7.070000,26.110001,-62.720001,1770467773.417429
-0.514840,-0.101992,0.251076,16.450001,29.260000,-56.419998,1770467773.425537
-0.394304,-0.080276,0.169092,26.180000,33.389999,-50.820000,1770467773.433417
-0.315980,0.000732,0.073200,27.230000,35.980000,-45.290001,1770467773.441433
-0.265472,0.096380,-0.005856,28.350000,32.970001,-46.759998,1770467773.449442
-0.205448,0.166652,-0.034648,23.170000,22.190001,-47.250000,1770467773.457434
-0.107116,0.191052,0.016592,18.549999,9.100000,-39.130001,1770467773.465444
0.010980,0.182024,0.111996,15.680000,1.750000,-30.030001,1770467773.473587
0.092720,0.142008,0.201544,14.840000,1.750000,-10.080000,1770467773.481431
0.117364,0.138592,0.243512,15.540000,11.550000,8.890000,1770467773.489430
0.097112,0.163968,0.266692,22.889999,26.320000,27.510000,1770467773.497559
0.026840,0.231800,0.299388,32.060001,46.200001,42.000000,1770467773.505435
-0.098820,0.342088,0.387228,39.200001,69.300003,45.290001,1770467773.513434
-0.301096,0.491416,0.586820,46.200001,93.519997,46.689999,1770467773.521434
-0.571936,0.581696,0.922320,45.009998,114.730003,36.470001,1770467773.529493
-0.966728,0.636840,1.383724,37.450001,121.169998,28.980000,1770467773.537510
-1.555500,0.612196,1.531588,33.459999,112.070000,11.340000,1770467773.545434
-1.970788,0.374540,1.327848,44.869999,89.389999,-0.490000,1770467773.553444
-1.981280,0.158356,1.272460,45.570000,38.639999,4.970000,1770467773.561434
-2.017636,0.012200,1.382992,35.560001,-18.760000,7.000000,1770467773.569435
-2.019100,-0.125172,1.425448,17.990000,-65.800003,-3.290000,1770467773.577420
-1.934920,-0.261568,1.393484,-7.210000,-100.660004,-7.910000,1770467773.585489
-1.782176,-0.340868,1.350296,-28.980000,-129.080002,-17.290001,1770467773.593753
-1.598932,-0.380152,1.240984,-48.439999,-148.330002,-24.990000,1770467773.601627
-1.374940,-0.356972,1.106540,-57.889999,-166.669998,-28.910000,1770467773.609432
-1.133380,-0.294508,0.973072,-62.090000,-178.080002,-36.889999,1770467773.617430
-0.921832,-0.165188,0.818620,-65.309998,-188.649994,-34.790001,1770467773.625432
-0.721264,-0.049288,0.674172,-63.419998,-200.410004,-35.560001,1770467773.633521
-0.526308,0.045628,0.538264,-62.790001,-207.619995,-28.280001,1770467773.641451
-0.344284,0.079056,0.453352,-61.529999,-210.279999,-19.320000,1770467773.649433
-0.168360,0.123708,0.384300,-62.299999,-211.539993,-6.930000,1770467773.657434
-0.012688,0.114924,0.332572,-60.970001,-212.729996,6.230000,1770467773.665436
0.062708,0.107360,0.256200,-55.930000,-208.250000,6.440000,1770467773.673545
0.168604,0.039772,0.183488,-52.849998,-199.990005,8.190000,1770467773.681428
0.327448,0.072956,0.056364,-41.020000,-195.440002,16.309999,1770467773.689436
0.321104,0.070516,-0.043432,-29.959999,-186.970001,27.090000,1770467773.697449
0.341112,0.034404,-0.115900,-16.100000,-168.559998,31.990000,1770467773.705545
0.375760,-0.017080,-0.121512,-4.970000,-138.740005,29.330000,1770467773.713485
0.434076,-0.063440,-0.017080,13.020000,-95.269997,30.450001,1770467773.721452
0.476288,-0.085156,0.193736,30.870001,-41.439999,22.469999,1770467773.729425
0.486780,-0.032696,0.460428,48.790001,22.190001,17.990000,1770467773.737409
0.470676,0.062464,0.784460,64.190002,87.849998,10.710000,1770467773.745432
0.457256,0.154208,1.101172,68.809998,152.389999,-0.420000,1770467773.753532
0.423828,0.169336,1.375428,76.860001,208.039993,-4.480000,1770467773.761457
0.276452,0.211060,1.699948,71.120003,247.380005,-5.670000,1770467773.769432
-0.006344,0.200568,1.979328,53.759998,264.600006,4.620000,1770467773.777424
-0.401136,0.108092,2.139392,40.110001,255.570007,7.560000,1770467773.785414
-0.704184,-0.070272,2.235528,37.450001,215.949997,31.219999,1770467773.793447
-1.118496,0.020740,2.158912,26.320000,168.630005,42.139999,1770467773.801459
-1.310036,-0.027816,1.949072,3.570000,126.629997,37.730000,1770467773.809442
-1.409588,-0.096624,1.672132,-17.360001,90.930000,18.900000,1770467773.817426
-1.422520,-0.143472,1.434964,-27.790001,60.270000,6.720000,1770467773.825435
-1.440332,-0.180072,1.299544,-30.799999,38.849998,-7.350000,1770467773.833503
-1.418128,-0.173728,1.164612,-31.709999,25.200001,-17.920000,1770467773.841516
-1.346880,-0.170556,0.985272,-29.750000,15.750000,-29.610001,1770467773.849572
-1.215364,-0.162260,0.774212,-27.790001,8.890000,-41.509998,1770467773.857460
-1.048712,-0.148596,0.586576,-21.770000,5.040000,-43.610001,1770467773.865432
-0.871080,-0.157380,0.457500,-13.440000,5.320000,-47.599998,1770467773.873431
-0.691984,-0.178120,0.363560,-3.220000,10.290000,-47.459999,1770467773.881429
-0.534848,-0.193248,0.285724,6.090000,21.070000,-44.869999,1770467773.889435
-0.415288,-0.176656,0.208376,16.450001,33.740002,-42.980000,1770467773.897540
-0.332816,-0.123952,0.126392,21.420000,45.709999,-38.779999,1770467773.905461
-0.301584,-0.008296,0.042944,22.469999,46.970001,-38.009998,1770467773.913433
-0.298412,0.124196,-0.000976,19.459999,37.520000,-33.180000,1770467773.921431
-0.264008,0.205936,-0.005124,14.420000,22.610001,-33.740002,1770467773.929436
-0.194712,0.244732,0.027572,9.450000,3.920000,-26.320000,1770467773.937430
-0.117364,0.243268,0.082960,2.800000,-12.670000,-15.820000,1770467773.945433
-0.049044,0.204472,0.143960,0.770000,-27.020000,-3.010000,1770467773.953547
0.003660,0.165676,0.189832,1.470000,-29.049999,12.600000,1770467773.961428
0.016104,0.176168,0.223992,2.870000,-20.719999,24.709999,1770467773.969549
0.011712,0.226432,0.296216,8.890000,-2.450000,38.779999,1770467773.977669
-0.092964,0.290360,0.452620,15.680000,28.350000,45.360001,1770467773.985584
-0.235216,0.385276,0.719800,20.160000,68.879997,44.590000,1770467773.993574
-0.445056,0.459208,1.110932,19.670000,103.739998,44.660000,1770467774.001438
-0.784216,0.500444,1.524268,13.790000,116.269997,35.910000,1770467774.009438
-1.331752,0.447008,1.647244,16.660000,109.830002,28.000000,1770467774.017549
-1.829024,0.236192,1.433500,26.389999,91.209999,11.900000,1770467774.025428
-1.869040,0.007320,1.348588,28.629999,54.180000,16.100000,1770467774.033413
-1.945656,-0.114924,1.401536,20.299999,-2.030000,20.299999,1770467774.041438
-2.011536,-0.207644,1.414956,9.590000,-53.480000,6.510000,1770467774.049444
-1.925160,-0.331352,1.398364,-1.330000,-99.120003,-0.770000,1770467774.057442
-1.779004,-0.393572,1.378844,-16.100000,-130.899994,-9.030000,1770467774.065491
-1.595760,-0.383080,1.327848,-27.020000,-158.899994,-16.730000,1770467774.073434
-1.367376,-0.328912,1.261236,-38.779999,-186.970001,-28.700001,1770467774.081428
-1.113128,-0.206180,1.172420,-47.529999,-200.199997,-31.709999,1770467774.089422
-0.866200,-0.095648,0.970876,-54.669998,-219.449997,-33.529999,1770467774.097551
-0.637572,-0.021716,0.805688,-55.860001,-233.100006,-34.160000,1770467774.105421
-0.388204,0.005368,0.681004,-51.730000,-237.649994,-23.170000,1770467774.113423
-0.193492,0.027328,0.551440,-46.130001,-235.199997,-16.100000,1770467774.121431
-0.009760,0.057584,0.451644,-40.880001,-227.220001,-8.400000,1770467774.129423
0.073444,0.080276,0.358436,-32.970001,-210.630005,3.080000,1770467774.137405
0.203008,0.027328,0.282552,-33.880001,-191.520004,3.150000,1770467774.145424
0.391620,0.086376,0.163968,-24.780001,-180.529999,12.040000,1770467774.153429
0.401868,0.072712,0.093696,-15.260000,-162.190002,33.599998,1770467774.161438
0.403576,0.071248,0.012444,-8.540000,-137.199997,37.310001,1770467774.169538
0.379176,0.091988,-0.065636,-1.890000,-111.790001,34.720001,1770467774.177424
0.365512,0.108580,-0.102968,1.330000,-81.129997,35.279999,1770467774.185408
0.344284,0.139568,-0.036600,8.330000,-48.650002,25.270000,1770467774.193447
0.336720,0.168116,0.102724,10.990000,-10.150000,20.930000,1770467774.201429
0.322812,0.189100,0.315248,19.459999,30.870001,11.060000,1770467774.209423
0.295728,0.234240,0.566568,28.559999,70.769997,3.990000,1770467774.217417
0.241316,0.302072,0.840824,31.360001,110.040001,-3.360000,1770467774.225422
0.168360,0.362340,1.112152,33.110001,145.880005,-13.090000,1770467774.233412
0.089304,0.356728,1.417152,29.540001,172.899994,-9.870000,1770467774.241431
-0.084668,0.339160,1.699948,19.740000,183.679993,-9.730000,1770467774.249480
-0.308904,0.215208,1.978108,3.080000,166.809998,5.320000,1770467774.257439
-0.574376,-0.015128,2.153544,0.980000,133.279999,12.530000,1770467774.265422
-0.789828,-0.196420,2.290184,21.770000,80.150002,33.250000,1770467774.273427
-1.029192,-0.293288,2.321416,26.879999,42.209999,49.349998,1770467774.281412
-1.075796,-0.348920,2.134024,19.459999,17.080000,22.049999,1770467774.289417
-1.011868,-0.325496,1.872456,8.190000,7.000000,16.100000,1770467774.297448
-0.944280,-0.326716,1.683600,-4.900000,17.850000,2.310000,1770467774.305438
-0.912316,-0.328668,1.503528,-15.260000,35.490002,-7.840000,1770467774.313428
-0.893284,-0.304268,1.310524,-24.080000,54.880001,-19.530001,1770467774.321444
-0.885476,-0.246196,1.060668,-27.440001,69.720001,-22.540001,1770467774.329437
-0.890844,-0.161528,0.814472,-26.530001,75.389999,-28.490000,1770467774.337416
-0.887672,-0.081496,0.629032,-24.780001,74.830002,-32.759998,1770467774.345441
-0.859368,-0.006832,0.487024,-16.030001,64.050003,-37.380001,1770467774.353471
-0.805200,0.043188,0.393084,-3.640000,54.389999,-40.040001,1770467774.361440
-0.758840,0.086864,0.319884,6.650000,42.070000,-45.990002,1770467774.369434
-0.697108,0.109312,0.238388,14.980000,32.060001,-46.060001,1770467774.377429
-0.585356,0.116388,0.182024,11.550000,19.879999,-45.990002,1770467774.385502
-0.490440,0.135664,0.118096,13.440000,7.770000,-44.099998,1770467774.393462
-0.370392,0.149816,0.103944,12.460000,-6.370000,-40.599998,1770467774.401439
-0.244488,0.160552,0.106384,11.690000,-18.690001,-33.180000,1770467774.409424
-0.123708,0.185440,0.122244,8.680000,-30.030001,-28.139999,1770467774.417431
-0.028548,0.191296,0.136884,1.540000,-42.209999,-19.600000,1770467774.425435
0.007076,0.174460,0.169824,-2.590000,-47.250000,-14.910000,1770467774.433495
0.077348,0.136884,0.186904,-7.910000,-47.180000,-5.040000,1770467774.441438
0.129076,0.215696,0.177876,-6.230000,-43.330002,8.400000,1770467774.449546
0.153476,0.252540,0.270596,1.120000,-38.150002,31.010000,1770467774.457431
0.099796,0.288408,0.448716,4.620000,-12.110000,43.610001,1770467774.465485
-0.014640,0.371124,0.757620,11.550000,31.990000,43.259998,1770467774.473436
-0.162016,0.482632,1.198772,7.420000,80.849998,47.740002,1770467774.481438
-0.412848,0.542900,1.577704,-4.340000,106.260002,43.470001,1770467774.489468
-0.853512,0.486780,1.846104,-9.240000,104.440002,41.020000,1770467774.497647
-1.340780,0.382836,1.846836,6.020000,86.940002,37.380001,1770467774.505435
-1.688236,0.105652,1.766560,2.590000,70.139999,29.750000,1770467774.513544
-1.600884,-0.096868,1.708488,-9.940000,28.559999,22.680000,1770467774.521431
-1.597712,-0.264252,1.643340,-20.510000,-21.420000,18.760000,1770467774.529429
-1.590392,-0.372588,1.561112,-29.190001,-58.590000,14.140000,1770467774.537416
-1.513288,-0.436028,1.499136,-36.540001,-85.889999,5.880000,1770467774.545488
-1.364692,-0.466040,1.413248,-41.650002,-108.360001,-6.790000,1770467774.553433
-1.179252,-0.428464,1.296860,-47.180000,-125.019997,-18.270000,1770467774.561465
-0.958188,-0.368440,1.129720,-52.430000,-136.570007,-26.879999,1770467774.569456
-0.747860,-0.262544,0.940132,-49.980000,-146.789993,-27.020000,1770467774.577435
-0.531676,-0.168116,0.756888,-46.900002,-155.330002,-27.580000,1770467774.585421
-0.295240,-0.107116,0.612440,-39.970001,-157.850006,-26.809999,1770467774.593432
-0.136640,-0.067588,0.543388,-32.759998,-157.850006,-12.110000,1770467774.601449
-0.004148,0.003172,0.421876,-28.350000,-155.330002,-9.870000,1770467774.609468
0.076372,0.026352,0.316468,-23.660000,-150.149994,0.910000,1770467774.617517
0.201544,0.002440,0.261324,-24.430000,-143.220001,2.590000,1770467774.625456
0.265716,0.067832,0.166408,-21.980000,-140.210007,7.980000,1770467774.633417
0.369172,0.183732,0.058072,-13.160000,-134.960007,27.650000,1770467774.641446
0.311344,0.111752,0.021960,-2.240000,-122.430000,29.750000,1770467774.649435
0.330132,0.075396,-0.011956,7.140000,-105.139999,41.650002,1770467774.657434
0.356972,0.002196,0.023424,17.780001,-76.580002,39.689999,1770467774.665443
0.434808,-0.112728,0.162016,30.030001,-35.980000,38.430000,1770467774.673520
0.506300,-0.158600,0.352336,43.610001,15.190000,37.730000,1770467774.681518
0.473360,-0.046848,0.515816,49.840000,68.529999,28.910000,1770467774.689426
0.358436,0.139080,0.724192,56.840000,118.019997,22.469999,1770467774.697715
0.292068,0.247172,0.959164,60.410000,155.960007,14.840000,1770467774.705446
0.177144,0.298900,1.232200,60.619999,190.679993,7.210000,1770467774.713435
0.035136,0.273768,1.588196,47.389999,218.889999,11.690000,1770467774.721432
-0.188612,0.180804,1.933700,36.540001,227.919998,19.879999,1770467774.729433
-0.442860,0.053680,2.248704,31.150000,202.509995,34.720001,1770467774.737411
-0.716384,-0.150548,2.508076,35.840000,156.800003,52.009998,1770467774.745423
-0.952088,-0.266448,2.478552,29.889999,115.570000,63.000000,1770467774.753464
-1.145092,-0.257908,2.148908,6.020000,96.739998,41.090000,1770467774.761439
-1.120692,-0.208620,1.769976,-10.570000,87.709999,26.950001,1770467774.769433
-1.105564,-0.207156,1.546716,-17.990000,95.620003,8.120000,1770467774.777428
-1.131428,-0.239852,1.382992,-24.010000,110.110001,-1.190000,1770467774.785414
-1.147288,-0.219844,1.184864,-23.450001,124.250000,-18.480000,1770467774.793452
-1.135820,-0.168116,0.951356,-21.070000,131.740005,-26.879999,1770467774.801457
-1.098244,-0.089060,0.734928,-14.140000,128.520004,-39.900002,1770467774.809437
-1.025532,-0.042456,0.555344,-7.980000,123.269997,-48.439999,1770467774.817426
-0.943548,0.012200,0.392840,1.120000,109.900002,-49.000000,1770467774.825442
-0.833504,0.055388,0.284260,12.530000,92.820000,-54.880001,1770467774.833538
-0.717116,0.070028,0.205448,18.690001,74.970001,-49.070000,1770467774.841449
-0.565348,0.027328,0.159820,25.760000,60.549999,-45.570000,1770467774.849455
-0.428220,-0.019520,0.103700,33.740002,53.619999,-33.529999,1770467774.857431
-0.290848,-0.056120,0.070272,39.759998,51.869999,-21.209999,1770467774.865498
-0.157624,-0.057096,0.048556,47.389999,53.060001,-12.530000,1770467774.873429
0.005856,-0.037332,0.087108,49.209999,50.680000,-0.630000,1770467774.881430
0.088328,0.076616,0.116876,43.540001,46.480000,6.440000,1770467774.889425
0.118340,0.223748,0.142496,36.259998,39.060001,17.430000,1770467774.897457
0.136640,0.297924,0.156160,24.219999,30.660000,24.290001,1770467774.905471
0.078324,0.378200,0.142496,11.760000,19.879999,27.860001,1770467774.913430
0.005368,0.435296,0.157136,4.900000,11.900000,38.430000,1770467774.921428
-0.072224,0.481656,0.245220,2.100000,13.650000,43.119999,1770467774.929443
-0.227652,0.594140,0.438956,0.420000,25.760000,46.619999,1770467774.937515
-0.453352,0.722972,0.775920,-10.010000,52.150002,37.310001,1770467774.945460
-0.711260,0.779824,1.286612,-29.540001,78.120003,28.280001,1770467774.953437
-1.083848,0.669292,1.595760,-44.869999,101.849998,9.450000,1770467774.961440
-1.565748,0.383568,1.572824,-31.010000,118.720001,1.820000,1770467774.970253
-1.835856,0.045140,1.464976,-1.400000,80.639999,11.270000,1770467774.977753
-1.924184,-0.038552,1.500112,18.059999,19.180000,30.030001,1770467774.985742
-1.988112,-0.065148,1.536468,13.300000,-31.990000,28.209999,1770467774.993454
-1.947364,-0.119316,1.433744,-0.630000,-70.139999,14.770000,1770467775.001453
-1.827072,-0.192028,1.294176,-17.990000,-95.900002,-2.800000,1770467775.009460
-1.669936,-0.213256,1.177544,-28.490000,-115.989998,-16.030001,1770467775.017436
-1.511336,-0.230580,1.065304,-37.310001,-136.570007,-33.880001,1770467775.025448
-1.296616,-0.216672,0.979172,-42.910000,-147.210007,-44.730000,1770467775.033442
-1.086776,-0.160796,0.841800,-45.849998,-161.979996,-52.080002,1770467775.041540
-0.886452,-0.090036,0.715652,-48.090000,-176.399994,-49.349998,1770467775.049438
-0.658068,-0.076372,0.647820,-45.849998,-187.880005,-47.459999,1770467775.057496
-0.447008,-0.037332,0.568032,-44.590000,-191.660004,-38.009998,1770467775.065434
-0.237168,-0.026596,0.506056,-42.000000,-188.649994,-27.020000,1770467775.073436
-0.025132,-0.015616,0.430416,-42.770000,-187.949997,-16.030001,1770467775.081452
0.095160,-0.006588,0.377712,-39.549999,-172.619995,-8.190000,1770467775.089424
0.160064,-0.021472,0.281576,-35.980000,-153.020004,0.560000,1770467775.097428
0.359168,-0.003660,0.198128,-33.529999,-144.199997,14.910000,1770467775.105433
0.388692,0.003660,0.086620,-18.549999,-129.080002,25.830000,1770467775.113478
0.416752,-0.031232,0.013664,-8.960000,-103.669998,36.400002,1770467775.121418
0.437004,-0.039772,-0.019276,2.870000,-69.860001,40.529999,1770467775.129421
0.438956,-0.052460,0.022448,11.550000,-29.120001,42.349998,1770467775.137404
0.425292,-0.077104,0.132736,15.960000,13.440000,42.419998,1770467775.145427
0.389912,-0.055632,0.280356,23.450001,54.740002,42.209999,1770467775.153424
0.337940,0.011224,0.481412,31.639999,100.519997,38.990002,1770467775.161592
0.233996,0.106384,0.781288,44.660000,151.059998,29.889999,1770467775.169449
0.148108,0.184952,1.114592,52.500000,200.059998,23.520000,1770467775.177397
0.024400,0.184708,1.428620,53.200001,236.600006,19.809999,1770467775.185423
-0.238388,0.167140,1.723860,49.419998,254.729996,19.110001,1770467775.193420
-0.667828,0.118584,1.955416,39.619999,254.240005,29.330000,1770467775.201454
-0.995764,0.006100,2.046184,29.120001,223.229996,31.920000,1770467775.209567
-1.277096,-0.093208,1.982012,24.850000,184.240005,35.139999,1770467775.217445
-1.458876,-0.121756,1.843420,16.730000,129.500000,40.529999,1770467775.225425
-1.557940,-0.220332,1.601616,0.000000,75.529999,16.870001,1770467775.233413
-1.523780,-0.247172,1.376404,-11.690000,29.889999,9.940000,1770467775.241427
-1.493768,-0.283040,1.288564,-13.230000,9.450000,-10.290000,1770467775.249424
-1.439356,-0.237412,1.252696,-13.650000,4.270000,-16.240000,1770467775.257404
-1.353956,-0.173484,1.198040,-14.560000,9.240000,-30.940001,1770467775.265422
-1.230980,-0.112484,1.041148,-17.150000,17.430000,-38.500000,1770467775.273447
-1.098976,-0.050020,0.834480,-16.240000,21.629999,-48.439999,1770467775.281562
-0.992592,0.044652,0.590968,-15.260000,20.719999,-58.240002,1770467775.289416
-0.872544,0.109556,0.401624,-11.550000,17.080000,-60.480000,1770467775.297443
-0.737124,0.116388,0.302804,-3.710000,17.780001,-59.639999,1770467775.305437
-0.626348,0.126636,0.223504,1.540000,19.459999,-54.669998,1770467775.313437
-0.558516,0.150792,0.127124,5.950000,13.510000,-48.369999,1770467775.321550
-0.515084,0.178364,0.040504,7.630000,-1.330000,-40.810001,1770467775.329482
-0.471652,0.206180,-0.009760,5.670000,-22.260000,-35.419998,1770467775.337537
-0.414068,0.237900,-0.028304,5.460000,-44.450001,-28.000000,1770467775.345487
-0.336232,0.275232,-0.016836,4.340000,-66.570000,-27.719999,1770467775.353429
-0.237168,0.303048,0.021716,-3.920000,-89.809998,-21.209999,1770467775.361430
-0.149328,0.309636,0.076372,-10.570000,-111.440002,-15.540000,1770467775.369505
-0.080032,0.314028,0.116876,-14.420000,-128.240005,-9.520000,1770467775.377433
-0.062464,0.286700,0.137860,-19.740000,-135.100006,-2.590000,1770467775.385433
-0.055632,0.290116,0.146400,-18.900000,-128.660004,3.430000,1770467775.393428
0.006588,0.291092,0.194712,-15.470000,-122.989998,24.709999,1770467775.401455
-0.028548,0.331352,0.324764,0.420000,-106.680000,39.759998,1770467775.409432
-0.167140,0.352824,0.596824,15.470000,-70.910004,44.450001,1770467775.417435
-0.357216,0.462868,1.067256,24.850000,-20.719999,34.930000,1770467775.425463
-0.513620,0.490684,1.554036,15.890000,18.969999,22.469999,1770467775.433536
-0.824720,0.326716,1.857328,6.230000,36.540001,21.139999,1770467775.441496
-1.256356,0.171288,1.755824,27.090000,43.400002,25.760000,1770467775.449430
-1.721908,-0.243756,1.749236,31.150000,49.419998,24.570000,1770467775.457426
-1.568432,-0.325008,1.764120,30.450001,24.080000,18.690001,1770467775.465481
-1.620648,-0.481168,1.768024,22.400000,-11.480000,23.379999,1770467775.473465
-1.611376,-0.559004,1.719956,9.450000,-45.990002,20.160000,1770467775.481433
-1.525732,-0.667096,1.672864,-10.220000,-73.919998,8.190000,1770467775.489422
-1.361764,-0.676124,1.593320,-24.990000,-94.360001,-2.310000,1770467775.497423
-1.164856,-0.584624,1.424472,-41.230000,-114.029999,-14.700000,1770467775.505442
-0.975512,-0.453108,1.229028,-56.770000,-143.220001,-23.799999,1770467775.513434
-0.771284,-0.331840,1.041880,-63.980000,-166.740005,-33.320000,1770467775.521436
-0.564860,-0.215208,0.876204,-66.220001,-184.309998,-36.049999,1770467775.529507
-0.373076,-0.181048,0.766404,-62.790001,-196.979996,-32.270000,1770467775.537440
-0.211060,-0.052460,0.653676,-52.360001,-199.639999,-22.120001,1770467775.545429
-0.057096,0.032208,0.561688,-40.669998,-197.190002,-14.000000,1770467775.553428
0.058804,0.059292,0.476044,-33.669998,-195.229996,-5.250000,1770467775.561428
0.072712,0.086864,0.380396,-30.590000,-187.389999,-4.130000,1770467775.569451
0.267668,0.042944,0.311100,-25.129999,-196.070007,-9.870000,1770467775.577565
0.345504,0.208376,0.057584,-7.910000,-179.339996,2.590000,1770467775.585425
0.346480,0.161528,0.036112,5.530000,-172.339996,17.010000,1770467775.593429
0.307684,0.218624,-0.102480,4.620000,-158.759995,17.570000,1770467775.601443
0.274012,0.213500,-0.133468,8.890000,-138.110001,27.299999,1770467775.609433
0.277672,0.192028,-0.069052,12.740000,-106.889999,15.820000,1770467775.617444
0.317444,0.155184,0.083448,15.960000,-70.209999,18.620001,1770467775.625523
0.380396,0.139080,0.296948,22.330000,-28.559999,8.330000,1770467775.633434
0.445788,0.168360,0.586576,27.440001,15.610000,4.200000,1770467775.641438
0.466040,0.218624,0.892552,31.780001,64.750000,-7.070000,1770467775.649437
0.484340,0.250100,1.101660,40.950001,116.620003,-18.690001,1770467775.657457
0.462380,0.300364,1.288076,48.230000,163.729996,-14.700000,1770467775.665445
0.378932,0.337208,1.502552,48.439999,198.240005,-21.000000,1770467775.673521
0.192272,0.329156,1.715564,35.700001,212.940002,-9.450000,1770467775.681424
-0.004148,0.208864,2.063264,19.879999,210.699997,1.750000,1770467775.689419
-0.239852,-0.034892,2.400472,21.000000,191.029999,14.630000,1770467775.697421
-0.462868,-0.115900,2.419260,26.950001,153.369995,33.740002,1770467775.705445
-0.681004,-0.157868,2.273836,11.550000,112.209999,38.430000,1770467775.713523
-0.785924,-0.168848,1.963956,-13.860000,97.160004,44.029999,1770467775.721434
-0.882060,-0.327204,1.721664,-30.520000,92.750000,23.940001,1770467775.729432
-0.891088,-0.396500,1.453996,-36.750000,96.599998,12.390000,1770467775.737411
-0.913780,-0.367220,1.171200,-36.889999,103.529999,0.210000,1770467775.745445
-1.001376,-0.356484,0.943060,-30.450001,116.970001,-13.090000,1770467775.753574
-0.968192,-0.313784,0.718824,-23.309999,121.169998,-25.340000,1770467775.761412
-0.980392,-0.269132,0.544852,-14.770000,118.930000,-34.020000,1770467775.769433
-1.000156,-0.144692,0.393572,-2.590000,108.500000,-43.400002,1770467775.777432
-0.978684,-0.060756,0.321836,6.860000,89.180000,-45.779999,1770467775.785527
-0.930616,0.003416,0.276940,18.690001,63.980000,-52.080002,1770467775.793438
-0.864980,0.058804,0.229116,21.910000,35.630001,-50.610001,1770467775.801742
-0.774212,0.085888,0.197152,23.240000,6.370000,-50.259998,1770467775.809470
-0.674416,0.119804,0.149816,23.309999,-25.480000,-43.680000,1770467775.817491
-0.566080,0.155184,0.107360,18.200001,-53.900002,-42.279999,1770467775.825437
-0.418704,0.162016,0.149816,18.549999,-78.260002,-42.209999,1770467775.833428
-0.317200,0.251320,0.079544,8.470000,-104.019997,-34.299999,1770467775.841449
-0.185440,0.217404,0.133468,1.470000,-124.949997,-32.270000,1770467775.849443
-0.098576,0.142496,0.172508,-6.300000,-135.800003,-20.020000,1770467775.857462
-0.059780,0.107848,0.193492,-14.910000,-140.630005,-17.360001,1770467775.865454
0.088572,0.128832,0.236924,-7.560000,-135.309998,16.730000,1770467775.873443
0.048068,0.153232,0.367952,5.320000,-123.620003,32.900002,1770467775.881439
0.018544,0.202520,0.644892,22.889999,-87.570000,39.060001,1770467775.889519
-0.013664,0.315980,1.038708,33.320000,-35.980000,34.509998,1770467775.897435
-0.047336,0.401624,1.433988,25.620001,21.070000,33.599998,1770467775.905450
-0.189588,0.378688,1.678232,14.000000,63.770000,34.930000,1770467775.913438
-0.433344,0.241804,1.823168,6.790000,91.070000,33.599998,1770467775.921435
-0.794464,0.152256,1.776320,14.420000,106.610001,29.120001,1770467775.929430
-1.076040,-0.049288,1.796572,14.560000,114.589996,31.570000,1770467775.937457
-1.116300,-0.148108,1.884656,12.110000,99.190002,37.869999,1770467775.945435
-1.247572,-0.341844,1.923696,6.090000,70.279999,25.620001,1770467775.953430
-1.296616,-0.387472,1.853180,-4.270000,31.780001,15.260000,1770467775.961430
-1.282220,-0.418460,1.676768,-16.100000,-4.550000,2.730000,1770467775.969555
-1.197308,-0.422120,1.482056,-27.790001,-40.250000,-7.490000,1770467775.977670
-1.031632,-0.372832,1.282464,-38.360001,-70.000000,-16.170000,1770467775.985688
-0.817400,-0.330132,1.122400,-41.860001,-91.699997,-23.730000,1770467775.993461
-0.620004,-0.234728,0.962580,-44.310001,-108.010002,-27.370001,1770467776.001517
-0.442860,-0.122732,0.821548,-43.889999,-119.419998,-21.629999,1770467776.009450
-0.285236,-0.016592,0.702232,-41.509998,-127.889999,-15.120000,1770467776.017427
-0.144936,0.065148,0.593164,-37.520000,-132.440002,-6.370000,1770467776.025442
-0.044652,0.112728,0.478484,-34.580002,-135.449997,3.080000,1770467776.033458
0.007808,0.128832,0.359412,-31.920000,-135.660004,6.650000,1770467776.041434
0.070272,0.098820,0.260104,-28.559999,-131.320007,4.620000,1770467776.049441
0.173728,0.221064,0.107604,-18.340000,-128.240005,14.630000,1770467776.057511
0.175436,0.178120,0.010736,-6.790000,-128.100006,28.559999,1770467776.065437
0.180316,0.166652,-0.073932,-1.960000,-119.699997,27.930000,1770467776.073436
0.170800,0.164456,-0.122488,3.780000,-103.459999,28.280001,1770467776.081434
0.173728,0.152256,-0.079300,10.010000,-80.010002,25.200001,1770467776.089427
0.193248,0.124196,0.068564,14.000000,-49.139999,18.549999,1770467776.097441
0.239608,0.095892,0.269620,19.670000,-12.810000,15.400000,1770467776.105440
0.254736,0.082228,0.544608,28.980000,26.040001,8.820000,1770467776.113470
0.299876,0.124928,0.857172,44.799999,72.519997,3.360000,1770467776.121424
0.278648,0.178608,1.110200,50.330002,114.099998,-2.100000,1770467776.129421
0.200080,0.209352,1.359812,52.009998,150.080002,-6.930000,1770467776.137401
0.106140,0.172508,1.613816,40.110001,171.080002,-6.160000,1770467776.145428
-0.069784,0.087352,1.874164,31.010000,173.179993,-6.510000,1770467776.153417
-0.278648,-0.047580,2.270664,28.350000,154.490005,11.130000,1770467776.161560
-0.434808,-0.204228,2.482944,39.689999,113.959999,32.549999,1770467776.169441
-0.621224,-0.315248,2.429996,38.779999,65.169998,49.000000,1770467776.177425
-0.706868,-0.323788,2.250412,20.790001,45.500000,55.160000,1770467776.185421
-0.770308,-0.435052,1.995920,0.770000,45.709999,26.879999,1770467776.193410
-0.768600,-0.453352,1.781444,-13.860000,53.200001,16.100000,1770467776.201442
-0.795684,-0.432368,1.604056,-23.660000,68.949997,7.560000,1770467776.209491
-0.838140,-0.371612,1.373964,-26.250000,85.260002,-7.280000,1770467776.217428
-0.874984,-0.276452,1.124840,-27.090000,98.139999,-18.270000,1770467776.225424
-0.905728,-0.169824,0.885476,-25.900000,103.180000,-26.110001,1770467776.233420
-0.922808,-0.048068,0.667340,-21.980000,98.209999,-36.259998,1770467776.241427
-0.893284,0.037820,0.530456,-13.230000,84.699997,-48.299999,1770467776.249421
-0.862784,0.120536,0.431880,-3.290000,64.050003,-53.060001,1770467776.257419
-0.813740,0.155672,0.332328,3.780000,42.000000,-58.939999,1770467776.265407
-0.728828,0.154696,0.241316,11.200000,18.270000,-56.419998,1770467776.273415
-0.638304,0.148840,0.160308,16.660000,-4.340000,-53.619999,1770467776.281418
-0.543388,0.159576,0.099308,18.340000,-25.480000,-49.139999,1770467776.289406
-0.441640,0.180560,0.054412,19.320000,-44.869999,-41.509998,1770467776.297425
-0.336476,0.207400,0.029036,17.430000,-68.320000,-33.740002,1770467776.305583
-0.222772,0.241316,0.056608,13.860000,-84.980003,-27.370001,1770467776.313433
-0.153232,0.245220,0.054168,2.170000,-104.230003,-23.660000,1770467776.321450
-0.086620,0.246196,0.093940,-5.320000,-119.000000,-28.139999,1770467776.329424
-0.063928,0.274988,0.093208,-10.990000,-121.239998,-20.160000,1770467776.337408
0.104676,0.314516,0.142740,-7.420000,-128.449997,-0.560000,1770467776.345493
0.110776,0.266204,0.273036,0.420000,-119.349998,21.350000,1770467776.353439
0.137616,0.258884,0.474092,11.550000,-90.650002,29.889999,1770467776.361430
0.109556,0.318420,0.748348,20.650000,-41.650002,29.820000,1770467776.369426
0.094672,0.414800,1.133380,19.530001,19.389999,29.330000,1770467776.377459
0.044652,0.458476,1.478152,6.300000,76.720001,29.750000,1770467776.385498
-0.156648,0.399916,1.757776,-6.790000,121.800003,26.950001,1770467776.393437
-0.484340,0.233996,1.959564,-9.800000,151.130005,28.770000,1770467776.401514
-0.878888,0.077104,1.984452,10.780000,159.460007,37.869999,1770467776.409437
-1.236348,-0.108336,2.020320,7.210000,149.169998,47.180000,1770467776.417425
-1.280756,-0.204472,1.950536,2.590000,124.180000,56.630001,1770467776.425432
-1.436428,-0.358192,1.882460,-1.330000,81.970001,43.330002,1770467776.433481
-1.500112,-0.377712,1.725568,-10.570000,39.410000,31.780001,1770467776.441433
-1.493280,-0.389912,1.541104,-25.200001,-1.680000,13.930000,1770467776.449431
-1.392020,-0.381616,1.347856,-38.990002,-40.040001,-5.110000,1770467776.457433
-1.206336,-0.325252,1.131428,-50.400002,-77.000000,-15.680000,1770467776.465453
-0.984296,-0.261324,0.927688,-55.439999,-110.459999,-25.969999,1770467776.473476
-0.753472,-0.204228,0.783240,-54.529999,-134.330002,-23.590000,1770467776.481437
-0.514108,-0.139080,0.669536,-48.580002,-153.089996,-27.160000,1770467776.489428
-0.308416,-0.049044,0.569252,-44.869999,-164.639999,-24.010000,1770467776.497421
-0.136640,0.025864,0.472384,-41.790001,-174.089996,-7.070000,1770467776.505477
-0.007076,0.060268,0.386008,-35.770000,-179.619995,0.840000,1770467776.513454
0.038308,0.076860,0.286700,-31.780001,-177.940002,9.240000,1770467776.521433
0.169336,0.036600,0.174216,-24.709999,-178.289993,9.800000,1770467776.529423
0.217404,0.121756,-0.001952,-9.590000,-174.860001,16.660000,1770467776.537405
0.256444,0.097356,-0.069540,5.250000,-168.979996,29.400000,1770467776.545431
0.265228,0.103700,-0.093208,15.120000,-151.339996,32.900002,1770467776.553449
0.273280,0.118096,-0.035136,20.230000,-124.459999,35.840000,1770467776.561434
0.308172,0.104188,0.104432,25.620001,-87.989998,29.120001,1770467776.569429
0.357460,0.089792,0.295240,28.770000,-47.459999,23.590000,1770467776.577429
0.396500,0.107116,0.535336,31.219999,-3.220000,20.299999,1770467776.585456
0.431636,0.148352,0.834480,35.349998,45.290001,9.450000,1770467776.593433
0.422608,0.192272,1.061644,37.520000,97.160004,6.300000,1770467776.601425
0.364536,0.207156,1.289052,43.750000,147.279999,0.490000,1770467776.609444
0.257176,0.175680,1.495720,44.099998,188.020004,1.260000,1770467776.617562
0.080520,0.103944,1.738012,37.869999,210.139999,0.210000,1770467776.625427
-0.103700,0.005368,2.174284,34.860001,211.470001,5.040000,1770467776.633428
-0.293044,-0.161040,2.551752,35.000000,186.270004,25.830000,1770467776.641432
-0.526796,-0.220088,2.519788,31.850000,135.380005,34.369999,1770467776.649433
-0.799588,-0.261568,2.301408,17.850000,97.790001,49.770000,1770467776.657427
-0.996252,-0.509960,2.068144,-11.550000,78.820000,31.150000,1770467776.665435
-0.838384,-0.422608,1.792424,-25.340000,69.300003,23.940001,1770467776.673454
-0.847656,-0.452376,1.573556,-36.680000,71.959999,12.390000,1770467776.681444
-0.860832,-0.437248,1.325164,-37.590000,80.010002,2.450000,1770467776.689438
-0.888160,-0.373320,1.065060,-34.230000,89.389999,-5.810000,1770467776.697450
-0.918172,-0.280112,0.834236,-29.680000,95.620003,-14.910000,1770467776.705432
-0.943548,-0.158112,0.645868,-24.430000,94.150002,-25.900000,1770467776.713436
-0.905484,-0.051972,0.518500,-17.570000,84.070000,-36.330002,1770467776.721633
-0.884744,0.036112,0.382592,-7.140000,64.820000,-42.980000,1770467776.729427
-0.814716,0.080520,0.298656,6.300000,42.000000,-49.000000,1770467776.737414
-0.733464,0.100284,0.227408,14.630000,18.969999,-53.270000,1770467776.745430
-0.651968,0.105164,0.162504,22.120001,-3.220000,-49.349998,1770467776.753427
-0.565348,0.123952,0.105164,26.320000,-21.770000,-47.950001,1770467776.761572
-0.473116,0.146888,0.053924,25.200001,-39.759998,-44.380001,1770467776.769427
-0.363072,0.178608,0.029524,26.320000,-61.110001,-35.770000,1770467776.777437
-0.252540,0.212524,0.037332,23.660000,-81.550003,-29.469999,1770467776.785414
-0.164944,0.237900,0.072956,19.040001,-101.080002,-24.290001,1770467776.793433
-0.094672,0.238388,0.121512,8.890000,-117.459999,-23.520000,1770467776.801426
-0.050264,0.220332,0.177632,3.360000,-123.760002,-25.480000,1770467776.809574
0.095404,0.266692,0.191540,3.290000,-120.959999,-3.360000,1770467776.817450
0.115900,0.257664,0.284504,7.560000,-116.339996,17.850000,1770467776.825434
0.110288,0.253516,0.481168,15.330000,-88.690002,32.130001,1770467776.833431
0.095404,0.319640,0.772016,23.100000,-42.910000,33.669998,1770467776.841429
0.057096,0.437004,1.216828,21.770000,21.629999,31.010000,1770467776.849442
0.000488,0.498980,1.552572,8.680000,76.089996,30.450001,1770467776.857428
-0.227164,0.450668,1.812188,-6.020000,116.269997,29.540001,1770467776.865432
-0.538020,0.231556,1.960296,-0.980000,141.399994,30.940001,1770467776.873431
-0.923296,0.097356,1.892220,11.480000,147.630005,42.000000,1770467776.881550
-1.227564,-0.106384,1.944192,4.550000,139.580002,48.299999,1770467776.889437
-1.334436,-0.374052,1.930772,0.770000,112.070000,49.279999,1770467776.897422
-1.390556,-0.472140,1.866112,4.130000,73.639999,45.639999,1770467776.905424
-1.431548,-0.509228,1.770464,-4.270000,30.309999,32.689999,1770467776.913478
-1.400560,-0.506056,1.586488,-18.760000,-14.840000,15.820000,1770467776.921434
-1.269776,-0.459208,1.387140,-31.780001,-51.380001,-1.400000,1770467776.929507
-1.079700,-0.376492,1.185596,-41.790001,-84.349998,-18.129999,1770467776.937409
-0.851072,-0.315492,1.004548,-45.779999,-108.570000,-25.549999,1770467776.945430
-0.625372,-0.215940,0.855708,-43.330002,-127.190002,-34.020000,1770467776.953484
-0.441884,-0.081252,0.748836,-43.330002,-139.649994,-30.730000,1770467776.961434
-0.255468,0.010736,0.656360,-45.430000,-144.690002,-30.590000,1770467776.969550
-0.118828,0.105896,0.547780,-42.139999,-151.199997,-16.240000,1770467776.977624
-0.016592,0.127124,0.454084,-41.509998,-158.059998,-10.290000,1770467776.985587
0.019520,0.106384,0.312564,-34.090000,-160.089996,-10.150000,1770467776.993455
0.152988,0.089060,0.189832,-25.129999,-160.440002,-2.310000,1770467777.001606
0.241316,0.188124,0.011712,-6.230000,-172.339996,19.879999,1770467777.009447
0.249124,0.172020,-0.091988,5.320000,-167.089996,30.660000,1770467777.017441
0.245464,0.179340,-0.142252,10.780000,-152.320007,34.930000,1770467777.025441
0.238388,0.192760,-0.132248,14.070000,-126.419998,31.920000,1770467777.033426
0.261568,0.185684,-0.003904,13.440000,-89.879997,31.570000,1770467777.041435
0.309392,0.166896,0.205204,16.309999,-48.230000,24.360001,1770467777.049429
0.361608,0.157624,0.454816,19.670000,-2.100000,18.760000,1770467777.057446
0.384544,0.176900,0.699548,22.540001,48.160000,14.840000,1770467777.065575
0.396256,0.219112,0.919636,32.900002,96.599998,5.180000,1770467777.073490
0.366732,0.227164,1.126548,38.430000,140.139999,0.910000,1770467777.081440
0.291580,0.212280,1.350296,39.689999,176.399994,-0.910000,1770467777.089427
0.153232,0.151768,1.565748,35.560001,199.360001,1.680000,1770467777.097420
-0.093208,0.084424,1.922964,30.170000,212.380005,12.250000,1770467777.105553
-0.314272,-0.089304,2.377292,35.419998,203.139999,23.730000,1770467777.113418
-0.587308,-0.210816,2.635932,44.939999,164.080002,47.389999,1770467777.121422
-0.932324,-0.247904,2.451956,27.299999,124.040001,57.470001,1770467777.129452
-1.145092,-0.467016,2.177700,0.630000,98.279999,41.020000,1770467777.137524
-0.982100,-0.410652,1.853668,-16.870001,83.720001,30.450001,1770467777.145431
-1.001132,-0.476532,1.656516,-30.799999,82.599998,15.750000,1770467777.153419
-1.014796,-0.480924,1.465708,-41.580002,86.730003,8.330000,1770467777.161422
-1.038464,-0.438712,1.248060,-41.509998,94.150002,-1.400000,1770467777.169421
-1.072136,-0.348920,1.011868,-39.970001,96.180000,-12.180000,1770467777.177419
-1.091900,-0.227652,0.754692,-39.410000,91.839996,-21.980000,1770467777.185430
-1.062132,-0.104432,0.547536,-34.299999,76.720001,-29.750000,1770467777.193474
-1.017236,0.031720,0.387472,-30.240000,52.500000,-38.290001,1770467777.201424
-0.934764,0.116632,0.307196,-20.020000,27.090000,-44.939999,1770467777.209438
-0.824476,0.164700,0.257176,-6.020000,-0.490000,-48.790001,1770467777.217408
-0.710284,0.186416,0.209596,2.170000,-24.570000,-42.630001,1770467777.225426
-0.597556,0.192272,0.156160,8.960000,-44.799999,-43.400002,1770467777.233425
-0.508008,0.220576,0.093452,10.010000,-64.330002,-37.590000,1770467777.241459
-0.414312,0.247416,0.031720,9.240000,-82.320000,-37.310001,1770467777.249542
-0.302072,0.275476,0.006588,6.720000,-101.010002,-28.700001,1770467777.257427
-0.196176,0.282064,0.032696,-1.190000,-119.910004,-30.170000,1770467777.265422
-0.114924,0.287432,0.098332,-7.210000,-134.750000,-32.270000,1770467777.273422
-0.049044,0.341600,0.105652,-15.540000,-140.910004,-26.459999,1770467777.281418
0.137128,0.394304,0.132248,-14.210000,-151.410004,-7.140000,1770467777.289416
0.140544,0.277916,0.239120,-8.330000,-145.460007,11.270000,1770467777.297414
0.167140,0.230580,0.365268,0.490000,-124.459999,33.740002,1770467777.305459
0.154696,0.236680,0.539240,13.440000,-83.650002,38.709999,1770467777.313437
0.126392,0.299876,0.803980,21.700001,-27.580000,41.439999,1770467777.321431
0.105164,0.385032,1.144848,21.770000,33.110001,41.230000,1770467777.329432
-0.005856,0.387960,1.372988,14.000000,86.519997,44.169998,1770467777.337420
-0.243512,0.281820,1.715564,7.070000,129.360001,41.790001,1770467777.345474
-0.557296,0.095648,2.061312,22.610001,155.610001,46.130001,1770467777.353433
-0.945500,-0.068320,2.171356,31.080000,151.759995,64.120003,1770467777.361432
-1.181448,-0.230092,2.174772,23.450001,129.500000,71.750000,1770467777.369469
-1.352736,-0.426268,2.088640,12.740000,100.800003,67.830002,1770467777.377566
-1.424228,-0.543632,1.964200,-3.010000,61.389999,54.389999,1770467777.385429
-1.442528,-0.598776,1.786080,-21.000000,21.209999,42.770000,1770467777.393430
-1.375916,-0.617564,1.564772,-38.080002,-17.290001,17.430000,1770467777.401428
-1.222684,-0.565836,1.331508,-52.080002,-52.779999,0.560000,1770467777.409442
-1.022848,-0.468724,1.090192,-58.869999,-87.430000,-16.030001,1770467777.417429
-0.810324,-0.354532,0.895236,-60.340000,-114.029999,-25.690001,1770467777.425429
-0.583648,-0.246196,0.762012,-52.849998,-132.580002,-27.160000,1770467777.433430
-0.396988,-0.123708,0.658556,-46.549999,-148.889999,-26.320000,1770467777.441499
-0.196420,-0.007320,0.620492,-39.549999,-159.110001,-17.500000,1770467777.449437
-0.077836,0.040016,0.504104,-35.630001,-168.770004,-7.630000,1770467777.457426
0.013420,0.092964,0.407480,-32.340000,-176.750000,0.210000,1770467777.465440
0.079056,0.065392,0.342088,-25.900000,-175.070007,3.500000,1770467777.473495
0.181536,0.090768,0.193004,-21.770000,-176.539993,4.760000,1770467777.481429
0.307440,0.215940,0.012200,-7.350000,-172.059998,12.460000,1770467777.489441
0.271084,0.176656,-0.077836,5.040000,-164.500000,28.070000,1770467777.497457
0.291580,0.165188,-0.119072,10.990000,-147.070007,29.469999,1770467777.505714
0.304024,0.172508,-0.103212,20.650000,-120.190002,28.280001,1770467777.513439
0.341844,0.151036,0.032940,22.330000,-86.029999,26.740000,1770467777.521505
0.394304,0.134688,0.233020,27.230000,-42.700001,20.020000,1770467777.529457
0.455060,0.136640,0.494588,31.850000,5.950000,17.850000,1770467777.537424
0.487268,0.189100,0.791536,36.610001,59.849998,16.870001,1770467777.545489
0.477996,0.242292,1.015284,38.430000,114.379997,9.380000,1770467777.553467
0.443592,0.254492,1.189988,40.529999,164.850006,7.560000,1770467777.561427
0.363316,0.221796,1.355664,38.919998,202.020004,4.760000,1770467777.569468
0.226920,0.159088,1.552084,32.549999,223.369995,6.020000,1770467777.577432
0.017812,0.098576,1.955660,22.959999,235.059998,9.100000,1770467777.585440
-0.206668,-0.092720,2.437072,24.639999,227.710007,24.920000,1770467777.593430
-0.468480,-0.174460,2.520520,32.340000,194.179993,41.230000,1770467777.601427
-0.861564,-0.228628,2.375096,15.750000,153.860001,49.490002,1770467777.609480
-0.937936,-0.347456,2.109136,-10.290000,126.279999,42.139999,1770467777.617433
-0.979660,-0.411140,1.747040,-25.549999,111.720001,24.500000,1770467777.625431
-0.981368,-0.476044,1.481080,-36.680000,105.279999,16.450001,1770467777.633432
-0.987956,-0.509960,1.241716,-37.240002,105.839996,4.620000,1770467777.641459
-1.012600,-0.491660,1.028216,-36.119999,108.849998,-2.170000,1770467777.649442
-1.051152,-0.423340,0.837896,-28.070000,108.290001,-13.790000,1770467777.657585
-1.076284,-0.303536,0.650748,-24.990000,101.430000,-25.480000,1770467777.665428
-1.072868,-0.176168,0.507764,-21.559999,87.919998,-34.299999,1770467777.673431
-1.027728,-0.071736,0.384300,-11.690000,69.650002,-45.849998,1770467777.681429
-0.963068,0.021716,0.293776,-1.120000,45.080002,-45.849998,1770467777.689448
-0.867420,0.087352,0.216184,14.070000,18.760000,-56.630001,1770467777.697508
-0.762012,0.151524,0.152500,23.100000,-7.770000,-51.939999,1770467777.705425
-0.624152,0.201056,0.123708,28.840000,-33.389999,-52.360001,1770467777.713453
-0.515816,0.259372,0.082960,29.120001,-59.150002,-47.320000,1770467777.721521
-0.418704,0.280356,0.067588,18.690001,-83.860001,-49.000000,1770467777.729602
-0.303536,0.318176,0.066856,11.200000,-104.230003,-47.250000,1770467777.737455
-0.125660,0.415776,0.078812,4.130000,-132.789993,-23.170000,1770467777.745440
-0.044408,0.398452,0.139324,-5.110000,-152.529999,-8.400000,1770467777.753496
-0.008784,0.341844,0.132736,-15.750000,-159.669998,2.380000,1770467777.761458
0.098576,0.329400,0.157136,-15.540000,-160.440002,15.120000,1770467777.769427
0.136396,0.270596,0.238632,-5.740000,-147.139999,33.810001,1770467777.777426
0.174948,0.234728,0.393328,6.860000,-115.639999,44.029999,1770467777.785422
0.124684,0.254004,0.652944,20.930000,-58.240002,46.619999,1770467777.793465
0.152744,0.302804,0.990884,25.760000,10.430000,44.730000,1770467777.801419
0.086620,0.358680,1.351028,27.790001,83.089996,41.790001,1770467777.809450
-0.090280,0.294508,1.688480,28.840000,137.690002,35.279999,1770467777.817443
-0.419192,0.123464,1.997140,40.110001,180.039993,33.250000,1770467777.825438
-0.836920,-0.017812,2.072292,62.439999,190.399994,49.419998,1770467777.833431
-1.239520,-0.210816,2.144028,47.110001,180.250000,63.419998,1770467777.841431
-1.450092,-0.410896,2.160376,33.669998,150.500000,58.520000,1770467777.849479
-1.541348,-0.528748,2.071560,20.440001,103.529999,50.750000,1770467777.857432
-1.602348,-0.596824,1.905396,0.350000,47.950001,39.549999,1770467777.865387
-1.551108,-0.596092,1.674328,-19.879999,-2.590000,15.330000,1770467777.873477
-1.388604,-0.533384,1.456680,-39.689999,-53.410000,1.610000,1770467777.881502
-1.179984,-0.398696,1.200236,-48.860001,-93.800003,-20.650000,1770467777.889480
-0.947696,-0.253028,0.996496,-50.189999,-124.110001,-29.540001,1770467777.897484
-0.666852,-0.136152,0.855220,-48.020000,-140.699997,-39.900002,1770467777.905586
-0.462624,-0.004148,0.723704,-41.580002,-151.550003,-37.869999,1770467777.913489
-0.280844,0.081252,0.638792,-38.430000,-156.660004,-37.099998,1770467777.921609
-0.123708,0.156892,0.556320,-33.880001,-158.899994,-24.639999,1770467777.929579
-0.026840,0.183732,0.473604,-30.590000,-157.429993,-24.010000,1770467777.937462
0.029524,0.151524,0.403332,-30.660000,-150.710007,-27.719999,1770467777.945472
0.181292,0.246440,0.270352,-25.549999,-151.550003,-17.850000,1770467777.953553
0.258152,0.259616,0.157136,-12.810000,-156.169998,3.360000,1770467777.961499
0.287676,0.234484,0.068564,-6.650000,-147.630005,10.570000,1770467777.969587
0.268644,0.234484,-0.057340,-1.890000,-134.750000,12.180000,1770467777.977905
0.268156,0.225944,-0.119072,2.870000,-115.220001,11.550000,1770467777.985626
0.276452,0.210328,-0.091012,6.440000,-86.519997,8.890000,1770467777.993489
0.308660,0.166652,0.034404,10.850000,-47.110001,4.970000,1770467778.001522
0.354776,0.130052,0.247416,19.600000,-2.590000,1.890000,1770467778.009571
0.398940,0.099064,0.512156,31.219999,44.520000,-4.340000,1770467778.017479
0.390888,0.140544,0.797636,43.540001,91.980003,-10.850000,1770467778.025469
0.358192,0.200324,1.024312,52.009998,136.149994,-13.790000,1770467778.033454
0.297192,0.233020,1.231224,55.650002,171.919998,-15.540000,1770467778.041502
0.187148,0.214720,1.482544,49.980000,198.729996,-10.430000,1770467778.049470
0.006832,0.146644,1.778760,42.000000,207.479996,-3.430000,1770467778.057489
-0.238388,-0.009272,2.189168,34.509998,195.369995,9.870000,1770467778.065573
-0.436516,-0.192760,2.492704,45.360001,161.699997,29.889999,1770467778.073469
-0.682956,-0.278892,2.499536,43.750000,103.250000,52.220001,1770467778.081503
-0.833992,-0.293532,2.282864,22.400000,77.000000,54.599998,1770467778.089476
-0.907436,-0.438224,1.989332,0.210000,65.379997,32.549999,1770467778.097465
-0.909632,-0.486780,1.733132,-15.820000,66.080002,15.190000,1770467778.105476
-0.916708,-0.551440,1.549156,-27.510000,76.300003,8.820000,1770467778.113576
-0.957456,-0.540216,1.341512,-33.110001,90.300003,-8.470000,1770467778.121519
-0.997960,-0.475068,1.103856,-30.940001,104.930000,-19.740000,1770467778.129471
-1.042856,-0.375028,0.882304,-24.570000,110.949997,-34.369999,1770467778.137458
-1.082628,-0.256444,0.690276,-23.450001,105.139999,-41.930000,1770467778.145468
-1.080432,-0.145180,0.527528,-14.700000,89.040001,-51.939999,1770467778.153499
-1.035536,-0.028792,0.424072,-7.420000,65.099998,-59.500000,1770467778.161500
-0.969656,0.056364,0.343552,5.180000,36.540001,-69.580002,1770467778.169468
-0.861808,0.123952,0.289628,16.520000,8.890000,-73.570000,1770467778.177461
-0.750300,0.171776,0.238876,22.889999,-19.320000,-73.290001,1770467778.185514
-0.627080,0.225212,0.183976,26.320000,-44.660000,-73.570000,1770467778.193473
-0.470676,0.288164,0.227408,19.950001,-67.339996,-68.320000,1770467778.201499
-0.402112,0.269864,0.135176,14.350000,-89.250000,-72.239998,1770467778.209560
-0.241316,0.433832,0.083936,11.130000,-107.870003,-60.060001,1770467778.217580
-0.121756,0.424560,0.102968,3.290000,-137.550003,-38.009998,1770467778.225464
-0.054168,0.403332,0.130540,-3.850000,-159.529999,-29.400000,1770467778.233452
0.028304,0.411384,0.129076,-13.580000,-172.339996,-7.560000,1770467778.241503
0.093452,0.370636,0.156648,-11.970000,-174.860001,5.110000,1770467778.249465
0.129808,0.318420,0.224236,-9.870000,-161.070007,24.290001,1770467778.257461
0.187636,0.289872,0.361120,0.980000,-128.940002,29.959999,1770467778.265464
0.214720,0.317200,0.590236,12.810000,-77.209999,31.990000,1770467778.273459
0.234484,0.369660,0.909632,23.170000,-4.480000,31.920000,1770467778.281464
0.220088,0.435296,1.239520,21.559999,65.099998,32.830002,1770467778.289459
0.066856,0.398940,1.520120,11.760000,116.970001,33.740002,1770467778.297479
-0.239120,0.279380,1.838540,7.210000,156.449997,27.440001,1770467778.305474
-0.589992,0.110288,2.009828,17.990000,178.500000,26.740000,1770467778.313487
-0.972584,-0.040016,2.002020,18.620001,173.250000,43.959999,1770467778.321512
-1.172176,-0.237900,2.036180,14.000000,151.619995,54.599998,1770467778.329576
-1.366888,-0.447008,2.009096,10.360000,109.690002,42.770000,1770467778.337466
-1.454972,-0.482632,1.863184,3.780000,57.750000,32.130001,1770467778.345463
-1.478640,-0.493124,1.657736,-11.410000,4.760000,14.980000,1770467778.353493
-1.405440,-0.479216,1.450824,-28.070000,-39.900002,-1.610000,1770467778.361443
-1.233176,-0.440664,1.260504,-38.430000,-79.029999,-21.840000,1770467778.369504
-1.004792,-0.368928,1.080920,-48.090000,-114.099998,-33.880001,1770467778.377476
-0.787388,-0.277916,0.929640,-52.009998,-139.089996,-42.490002,1770467778.385473
-0.549976,-0.181536,0.810324,-51.869999,-157.779999,-45.080002,1770467778.393619
-0.328424,-0.121024,0.737612,-47.950001,-168.070007,-42.279999,1770467778.401504
-0.145912,0.001464,0.608536,-43.889999,-176.539993,-34.509998,1770467778.409488
0.010736,0.055388,0.487756,-40.529999,-180.669998,-24.780001,1770467778.417475
0.077104,0.082228,0.380640,-31.990000,-175.770004,-18.830000,1770467778.425481
0.222528,0.057096,0.281088,-26.740000,-170.169998,-16.240000,1770467778.433474
0.281088,0.113216,0.177144,-17.430000,-162.960007,-13.790000,1770467778.441507
0.337452,0.172020,0.083448,-3.710000,-156.660004,3.500000,1770467778.449479
0.354288,0.152988,0.015372,3.080000,-139.440002,15.960000,1770467778.457472
0.357948,0.142008,-0.059292,10.010000,-117.879997,14.280000,1770467778.465475
0.376248,0.111996,-0.042700,12.180000,-88.970001,15.400000,1770467778.473470
0.394060,0.060512,0.047092,19.110001,-52.990002,12.460000,1770467778.481504
0.428708,0.034160,0.213500,28.980000,-9.590000,6.440000,1770467778.489536
0.456524,0.047580,0.439932,42.279999,38.430000,3.080000,1770467778.497490
0.460672,0.084668,0.707600,52.639999,86.309998,-0.630000,1770467778.505477
0.442372,0.130540,0.934520,59.500000,132.860001,-7.420000,1770467778.513561
0.394304,0.154940,1.137284,62.650002,174.580002,-6.930000,1770467778.521526
0.293044,0.134932,1.369572,62.020000,210.350006,-3.360000,1770467778.529473
0.166896,0.069540,1.637484,52.639999,228.410004,1.260000,1770467778.537455
-0.036600,0.005368,2.041792,43.750000,223.580002,12.740000,1770467778.545464
-0.251564,-0.147132,2.497828,44.310001,198.100006,31.150000,1770467778.553475
-0.512156,-0.162992,2.523204,38.779999,149.800003,48.720001,1770467778.561667
-0.837896,-0.218136,2.331420,14.910000,114.519997,53.130001,1770467778.569466
-0.840336,-0.259372,2.008120,-2.660000,97.860001,54.950001,1770467778.577463
-0.947940,-0.409188,1.748748,-17.080000,90.650002,34.720001,1770467778.585470
-1.012356,-0.435296,1.548668,-20.230000,96.250000,16.730000,1770467778.593471
-1.067744,-0.417484,1.376648,-24.360001,105.629997,2.520000,1770467778.601658
-1.102148,-0.349408,1.168760,-24.639999,111.720001,-12.670000,1770467778.609730
-1.128012,-0.260592,0.932568,-26.670000,110.320000,-25.549999,1770467778.617476
-1.148752,-0.146156,0.710528,-24.920000,98.419998,-38.430000,1770467778.625514
-1.115568,-0.036112,0.530456,-20.790001,78.820000,-50.680000,1770467778.633476
-1.037976,-0.010736,0.464088,-12.250000,46.970001,-52.709999,1770467778.641456
-0.937936,0.076860,0.325496,0.420000,19.879999,-65.169998,1770467778.649463
-0.785924,0.134444,0.259616,13.020000,-7.980000,-63.000000,1770467778.657467
-0.656604,0.139568,0.208376,25.969999,-31.850000,-68.320000,1770467778.665471
-0.485560,0.229848,0.215452,27.090000,-48.369999,-68.459999,1770467778.673542
-0.448472,0.263032,0.094672,25.200001,-67.339996,-62.230000,1770467778.681521
-0.340380,0.283284,0.090280,17.010000,-85.680000,-62.930000,1770467778.689471
-0.183244,0.281088,0.125660,7.210000,-104.230003,-61.810001,1770467778.697476
0.012932,0.329644,0.127612,2.100000,-116.760002,-42.279999,1770467778.705585
0.123952,0.326472,0.159820,-3.220000,-130.759995,-24.219999,1770467778.713493
0.177632,0.305488,0.169092,-2.450000,-136.990005,-1.540000,1770467778.721516
0.162016,0.304512,0.175436,2.520000,-125.440002,15.400000,1770467778.729555
0.162748,0.292068,0.235460,14.910000,-102.900002,24.990000,1770467778.737469
0.165188,0.325740,0.400160,31.920000,-64.680000,30.940001,1770467778.745457
0.145668,0.379420,0.693936,45.849998,-10.010000,29.260000,1770467778.753481
0.110044,0.471896,1.096780,46.130001,53.619999,28.629999,1770467778.761515
0.009516,0.514108,1.479372,31.360001,108.849998,26.110001,1770467778.769480
-0.220088,0.403576,1.824632,14.000000,147.910004,26.040001,1770467778.777524
-0.602436,0.203496,2.050820,17.430000,167.929993,26.530001,1770467778.785448
-1.083116,0.112240,1.971032,25.410000,165.690002,31.709999,1770467778.793470
-1.338096,-0.141276,1.976156,10.360000,154.490005,36.959999,1770467778.801506
-1.413004,-0.325740,1.874408,5.460000,115.500000,31.010000,1770467778.809628
-1.512312,-0.437736,1.766316,3.360000,63.980000,29.190001,1770467778.817476
-1.569408,-0.473116,1.640168,-5.670000,10.990000,18.059999,1770467778.825456
-1.522804,-0.487756,1.513288,-17.219999,-37.240002,2.170000,1770467778.833469
-1.380308,-0.471164,1.379088,-30.799999,-78.540001,-13.790000,1770467778.841507
-1.162172,-0.403820,1.230492,-39.970001,-112.559998,-27.370001,1770467778.849474
-0.923052,-0.321104,1.069696,-47.180000,-138.250000,-38.360001,1770467778.857475
-0.688568,-0.217160,0.920368,-48.509998,-156.589996,-44.099998,1770467778.865504
-0.466772,-0.107360,0.800564,-47.459999,-166.110001,-46.689999,1770467778.873508
-0.248392,-0.039040,0.704916,-44.450001,-171.220001,-41.369999,1770467778.881507
-0.053680,0.027816,0.600240,-38.009998,-172.899994,-33.740002,1770467778.889477
0.040260,0.086132,0.507764,-33.669998,-172.059998,-25.480000,1770467778.897482
0.075396,0.084424,0.421632,-29.120001,-163.100006,-26.250000,1770467778.905634
0.248148,0.110776,0.304512,-21.000000,-159.529999,-21.980000,1770467778.913509
0.322324,0.227164,0.166896,-7.560000,-165.759995,2.380000,1770467778.921534
0.355020,0.221308,0.079544,-2.940000,-157.080002,15.890000,1770467778.929481
0.342332,0.219600,-0.045140,0.700000,-143.779999,16.870001,1770467778.937522
0.351116,0.220576,-0.102724,2.520000,-121.099998,14.070000,1770467778.945456
0.358680,0.197152,-0.061244,6.650000,-88.410004,15.960000,1770467778.953500
0.381372,0.163724,0.074664,12.530000,-48.020000,11.130000,1770467778.961512
0.428708,0.136152,0.278892,22.540001,0.560000,7.490000,1770467778.969639
0.449936,0.132248,0.516304,37.099998,54.880001,4.550000,1770467778.978420
0.444324,0.170800,0.752984,45.849998,101.709999,-1.330000,1770467778.985836
0.413336,0.212524,0.938424,51.660000,149.520004,-8.610000,1770467778.993492
0.359168,0.213012,1.129720,54.110001,186.059998,-14.210000,1770467779.001512
0.260836,0.157136,1.325408,51.240002,214.410004,-11.760000,1770467779.009480
0.074420,0.096624,1.614792,44.450001,231.210007,-7.000000,1770467779.017515
-0.157868,0.001220,2.087908,35.630001,232.330002,-0.770000,1770467779.025475
-0.367952,-0.171288,2.482212,41.790001,205.169998,20.230000,1770467779.033505
-0.682956,-0.262544,2.518568,39.970001,148.750000,37.310001,1770467779.041578
-0.890356,-0.247660,2.287500,20.299999,110.040001,42.070000,1770467779.049458
-1.002352,-0.425292,1.975668,4.620000,85.400002,18.900000,1770467779.057468
-0.999180,-0.467016,1.714588,-3.990000,76.580002,11.970000,1770467779.065474
-1.017480,-0.470188,1.538176,-12.250000,79.379997,-0.980000,1770467779.073520
-1.033828,-0.432612,1.387628,-18.340000,87.919998,-9.030000,1770467779.081464
-1.043344,-0.350872,1.174128,-23.240000,96.180000,-23.730000,1770467779.089467
-1.043832,-0.254980,0.918904,-26.879999,97.860001,-33.529999,1770467779.097462
-1.036512,-0.151524,0.694424,-27.090000,88.410004,-46.200001,1770467779.105467
-0.974048,-0.050264,0.560712,-25.129999,72.589996,-56.560001,1770467779.113573
-0.925004,0.035380,0.418216,-17.080000,51.520000,-58.939999,1770467779.121502
-0.841312,0.097600,0.343308,-7.770000,26.180000,-58.099998,1770467779.129502
-0.789584,0.174948,0.244000,0.140000,-0.350000,-56.630001,1770467779.137518
-0.697108,0.207888,0.192028,3.990000,-20.650000,-55.090000,1770467779.145448
-0.602192,0.224724,0.145668,4.200000,-40.040001,-53.830002,1770467779.153466
-0.488488,0.246196,0.116388,-0.420000,-53.549999,-54.529999,1770467779.161461
-0.367220,0.259372,0.093696,-6.230000,-68.809998,-55.090000,1770467779.169461
-0.235704,0.277672,0.078080,-10.780000,-83.510002,-51.799999,1770467779.177470
-0.132248,0.283528,0.080276,-15.330000,-97.790001,-47.459999,1770467779.185507
-0.068808,0.256688,0.097356,-18.900000,-108.639999,-43.189999,1770467779.193458
-0.043676,0.195932,0.145180,-18.549999,-111.790001,-42.070000,1770467779.201501
0.100772,0.245952,0.177388,-3.780000,-102.339996,-13.440000,1770467779.209463
0.106384,0.223260,0.299388,19.809999,-90.230003,12.040000,1770467779.217484
0.097600,0.231800,0.494100,41.650002,-64.889999,27.230000,1770467779.225466
0.042456,0.269620,0.784216,55.860001,-23.100000,29.959999,1770467779.233461
-0.087840,0.357216,1.157536,55.439999,28.280001,28.280001,1770467779.241454
-0.235460,0.344284,1.484740,49.209999,71.190002,27.510000,1770467779.249447
-0.482144,0.262788,1.707756,48.299999,94.360001,26.740000,1770467779.257444
-0.835212,0.232288,1.775832,52.639999,100.379997,26.600000,1770467779.265459
-1.277340,0.085644,1.747528,42.349998,109.970001,20.230000,1770467779.273463
-1.349564,-0.139080,1.804624,28.629999,98.699997,6.230000,1770467779.281458
-1.388360,-0.283040,1.792912,18.900000,60.060001,4.130000,1770467779.289448
-1.432524,-0.403576,1.741184,9.310000,10.780000,6.300000,1770467779.297467
-1.403732,-0.482144,1.656760,-7.420000,-36.470001,0.560000,1770467779.305480
-1.293688,-0.512644,1.534516,-25.969999,-77.980003,-0.630000,1770467779.313666
-1.128500,-0.504104,1.398608,-40.320000,-109.199997,-9.030000,1770467779.321498
-0.922808,-0.446032,1.248792,-53.200001,-130.690002,-13.230000,1770467779.329532
-0.725168,-0.318664,1.086288,-61.320000,-143.850006,-17.500000,1770467779.337478
-0.536312,-0.193004,0.939156,-66.150002,-153.440002,-20.090000,1770467779.345496
-0.352824,-0.096380,0.840824,-66.639999,-155.190002,-16.520000,1770467779.353497
-0.200568,0.020008,0.709796,-59.570000,-153.860001,-8.960000,1770467779.361508
-0.060756,0.101260,0.597800,-52.009998,-153.020004,-2.240000,1770467779.369471
0.040992,0.140056,0.485804,-45.849998,-150.080002,2.520000,1770467779.377462
0.075152,0.159820,0.385520,-37.240002,-144.339996,-1.750000,1770467779.385469
0.192760,0.159576,0.279624,-34.650002,-142.660004,-2.800000,1770467779.393512
0.399672,0.333304,0.104432,-21.420000,-145.110001,12.040000,1770467779.401502
0.261812,0.254736,0.005612,-10.990000,-141.330002,19.459999,1770467779.409472
0.272304,0.231556,-0.098088,-3.360000,-130.550003,20.370001,1770467779.417479
0.289384,0.231800,-0.129808,7.560000,-110.809998,16.520000,1770467779.425471
0.313540,0.195932,-0.063684,12.670000,-85.330002,14.070000,1770467779.433617
0.368684,0.156892,0.125660,22.959999,-51.310001,9.030000,1770467779.441461
0.429440,0.167140,0.394792,38.570000,-12.460000,2.170000,1770467779.449462
0.458232,0.223992,0.710528,51.099998,33.180000,-4.270000,1770467779.457469
0.467992,0.289384,1.012356,57.540001,86.449997,-12.740000,1770467779.465464
0.447252,0.333060,1.193648,60.130001,130.830002,-13.300000,1770467779.473576
0.395280,0.307440,1.368108,59.639999,167.369995,-10.710000,1770467779.481498
0.280844,0.225456,1.599420,52.009998,189.910004,-2.450000,1770467779.489475
0.081740,0.127124,1.927844,45.430000,195.789993,4.970000,1770467779.497466
-0.117852,-0.061000,2.327760,42.000000,182.279999,21.559999,1770467779.505482
-0.394060,-0.145912,2.492216,46.549999,145.949997,42.490002,1770467779.513598
-0.671000,-0.214964,2.373144,33.880001,110.320000,51.660000,1770467779.521506
-0.758352,-0.243024,2.107916,12.530000,91.489998,57.470001,1770467779.529469
-0.883768,-0.436516,1.849276,-12.670000,86.519997,31.080000,1770467779.537478
-0.895968,-0.493368,1.601128,-21.420000,91.769997,19.180000,1770467779.545503
-0.926224,-0.495076,1.407392,-29.469999,103.949997,7.980000,1770467779.553498
-0.986492,-0.465064,1.194380,-31.639999,115.709999,-0.070000,1770467779.561505
-1.036512,-0.400892,0.958920,-29.120001,122.080002,-14.980000,1770467779.569482
-1.057740,-0.287920,0.753228,-24.219999,121.029999,-20.580000,1770467779.577492
-1.042124,-0.148840,0.582672,-18.410000,104.860001,-29.820000,1770467779.585543
-1.002108,-0.024644,0.476044,-12.110000,79.169998,-33.740002,1770467779.593494
-0.841068,-0.003904,0.500932,-7.980000,58.099998,-35.000000,1770467779.601505
-0.761036,0.029036,0.383812,-6.860000,34.720001,-34.650002,1770467779.609479
-0.738588,0.112484,0.256688,-7.560000,11.270000,-37.380001,1770467779.617474
-0.634400,0.118340,0.218868,-3.150000,-8.820000,-38.570000,1770467779.625484
-0.523380,0.142008,0.176412,-2.870000,-26.809999,-40.250000,1770467779.633475
-0.428464,0.179340,0.131028,-3.430000,-42.980000,-37.029999,1770467779.641509
-0.337696,0.205692,0.103944,-7.630000,-58.099998,-37.450001,1770467779.649462
-0.231800,0.226676,0.089792,-13.720000,-73.779999,-30.590000,1770467779.657471
-0.130052,0.244976,0.092720,-18.900000,-87.709999,-25.340000,1770467779.665470
-0.056120,0.243268,0.106872,-21.980000,-98.419998,-17.430000,1770467779.673493
-0.012932,0.184952,0.132980,-19.740000,-103.669998,-7.910000,1770467779.681501
0.004392,0.121756,0.170312,-11.690000,-100.730003,2.590000,1770467779.689471
0.027816,0.081252,0.273036,3.080000,-87.849998,10.920000,1770467779.697496
0.025864,0.154208,0.401380,26.180000,-59.080002,26.320000,1770467779.705597
-0.030012,0.192272,0.714676,46.549999,-21.559999,36.400002,1770467779.713820
-0.110044,0.248880,1.145336,48.860001,27.230000,41.930000,1770467779.721646
-0.262544,0.248636,1.510360,46.900002,66.989998,42.209999,1770467779.729474
-0.499468,0.173484,1.757044,47.669998,86.519997,47.320000,1770467779.737472
-0.894016,0.148596,1.926624,52.849998,87.919998,44.939999,1770467779.745461
-1.265384,0.054656,1.901736,48.439999,89.879997,37.520000,1770467779.753472
-1.420812,-0.118340,1.914424,31.780001,72.870003,28.770000,1770467779.761535
-1.411784,-0.224236,1.859036,21.000000,40.529999,23.379999,1770467779.769466
-1.421300,-0.328180,1.772172,9.240000,1.470000,14.630000,1770467779.777537
-1.379332,-0.407968,1.721420,-5.320000,-39.689999,-0.770000,1770467779.785451
-1.257820,-0.441884,1.632604,-18.549999,-71.260002,-10.290000,1770467779.793579
-1.069696,-0.402600,1.506212,-32.689999,-98.769997,-19.950001,1770467779.801464
-0.829844,-0.335744,1.359324,-46.410000,-119.980003,-30.379999,1770467779.809476
-0.598532,-0.236680,1.185352,-54.389999,-132.649994,-35.349998,1770467779.817482
-0.381128,-0.139568,1.038220,-60.200001,-138.880005,-32.549999,1770467779.825519
-0.183488,-0.042700,0.880840,-59.430000,-139.509995,-27.580000,1770467779.833473
-0.034892,0.050020,0.713700,-58.099998,-139.509995,-16.660000,1770467779.841459
0.021960,0.108824,0.567788,-56.209999,-139.789993,-10.430000,1770467779.849466
0.123220,0.062952,0.473604,-51.660000,-132.020004,-9.660000,1770467779.857483
0.272548,0.187148,0.294752,-40.529999,-131.880005,4.410000,1770467779.865608
0.306708,0.227896,0.209352,-25.340000,-136.429993,28.980000,1770467779.873469
0.310612,0.246196,0.170556,-17.570000,-127.820000,39.689999,1770467779.881503
0.300120,0.251076,0.101992,-14.420000,-113.540001,41.020000,1770467779.889473
0.282308,0.243756,0.011224,-8.820000,-94.570000,39.200001,1770467779.897496
0.272060,0.234240,-0.062220,-6.790000,-74.760002,34.720001,1770467779.905478
0.272548,0.202764,-0.048556,-0.350000,-46.549999,32.689999,1770467779.913597
0.285236,0.156404,0.061000,5.880000,-13.090000,28.280001,1770467779.921529
0.316468,0.126392,0.243512,18.620001,23.309999,23.799999,1770467779.929475
0.342332,0.117852,0.454572,30.309999,63.770000,16.870001,1770467779.937470
0.357460,0.139324,0.706624,40.459999,102.620003,11.340000,1770467779.945564
0.326960,0.180316,0.933544,51.660000,145.250000,5.180000,1770467779.953490
0.255468,0.214720,1.149484,59.500000,185.850006,-1.960000,1770467779.961504
0.148596,0.193980,1.410320,57.189999,215.600006,-1.400000,1770467779.977557
-0.143472,0.112240,1.813164,46.759998,223.720001,5.670000,1770467779.980514
-0.476288,0.033916,2.161108,46.410000,198.589996,12.810000,1770467779.988538
-0.757864,-0.124684,2.415844,54.669998,145.809998,31.780001,1770467779.996549
-1.042612,-0.217160,2.414868,45.220001,94.989998,40.320000,1770467780.004619
-1.027484,-0.281576,2.221132,20.299999,56.630001,35.840000,1770467780.012512
-1.056032,-0.354776,1.931260,2.030000,42.349998,12.530000,1770467780.020620
-1.010404,-0.421388,1.734108,-12.670000,46.410000,6.090000,1770467780.028545
-0.989420,-0.448716,1.581364,-22.540001,56.209999,-8.470000,1770467780.036493
-0.983320,-0.429196,1.402512,-30.660000,66.989998,-16.240000,1770467780.044498
-0.982344,-0.387472,1.186816,-36.540001,76.370003,-27.230000,1770467780.052512
-0.983320,-0.310124,0.954528,-37.799999,80.080002,-32.060001,1770467780.060713
-0.983564,-0.192028,0.725412,-37.099998,72.169998,-43.049999,1770467780.068512
-0.917928,-0.091744,0.567300,-30.240000,55.860001,-49.560001,1770467780.076502
-0.812520,0.006832,0.531188,-26.670000,42.490002,-48.860001,1770467780.084500
-0.765672,0.034160,0.418948,-18.549999,22.610001,-51.240002,1770467780.092499
-0.719068,0.090768,0.313540,-14.700000,0.770000,-48.230000,1770467780.100491
-0.637084,0.099552,0.243024,-11.550000,-19.950001,-49.279999,1770467780.108559
-0.509960,0.106628,0.213500,-9.730000,-38.779999,-47.880001,1770467780.116527
-0.421144,0.127856,0.147620,-11.130000,-52.570000,-46.970001,1770467780.124502
-0.322080,0.149572,0.077348,-13.580000,-65.239998,-48.790001,1770467780.132498
-0.222528,0.180072,0.026108,-16.799999,-75.599998,-45.990002,1770467780.140496
-0.117120,0.225456,0.003172,-20.650000,-87.779999,-47.110001,1770467780.148527
-0.023424,0.263032,0.006344,-22.330000,-96.529999,-35.910000,1770467780.156533
0.024400,0.245464,0.043920,-20.370001,-102.129997,-33.669998,1770467780.164508
0.039040,0.176168,0.098332,-16.309999,-98.559998,-26.670000,1770467780.172500
0.073688,0.243024,0.129808,1.470000,-82.250000,-10.080000,1770467780.180499
0.169092,0.185440,0.285724,26.740000,-66.989998,13.090000,1770467780.188495
0.096868,0.166652,0.496784,49.770000,-33.320000,27.160000,1770467780.196486
0.038552,0.229116,0.791536,65.940002,17.780001,26.950001,1770467780.204545
-0.068564,0.294020,1.145092,66.639999,72.099998,25.760000,1770467780.212510
-0.223504,0.266204,1.498160,61.740002,114.730003,27.650000,1770467780.220509
-0.551928,0.168604,1.840980,70.070000,138.740005,33.810001,1770467780.228494
-0.972584,0.170800,1.985672,80.570000,136.919998,38.990002,1770467780.236495
-1.373964,0.040992,1.981036,63.840000,132.089996,35.980000,1770467780.244600
-1.463268,-0.098332,1.993968,44.240002,104.300003,32.200001,1770467780.252511
-1.526952,-0.245708,1.945900,25.410000,61.740002,33.599998,1770467780.260499
-1.560380,-0.383324,1.840736,2.450000,14.070000,26.670000,1770467780.268511
-1.524756,-0.476532,1.715076,-20.370001,-34.790001,16.170000,1770467780.276477
-1.409344,-0.523624,1.567212,-39.200001,-77.000000,4.340000,1770467780.284485
-1.217560,-0.497760,1.412028,-51.310001,-112.419998,-9.870000,1770467780.292518
-0.982100,-0.395280,1.243668,-61.669998,-137.339996,-17.500000,1770467780.300508
-0.760304,-0.269864,1.057252,-67.199997,-156.449997,-28.209999,1770467780.308529
-0.520452,-0.143716,0.930860,-66.220001,-163.100006,-27.860001,1770467780.316514
-0.323056,-0.031476,0.804956,-56.630001,-162.889999,-27.230000,1770467780.324508
-0.155428,0.056608,0.696864,-49.980000,-160.860001,-20.930000,1770467780.332540
-0.014396,0.119560,0.600728,-41.439999,-156.309998,-14.490000,1770467780.340504
0.059292,0.163968,0.520696,-35.700001,-153.089996,-12.670000,1770467780.348492
0.099064,0.164700,0.455304,-31.709999,-143.080002,-14.700000,1770467780.356493
0.228872,0.218380,0.350384,-31.080000,-139.789993,-17.709999,1770467780.364519
0.290360,0.301584,0.218380,-18.480000,-143.080002,4.970000,1770467780.372587
0.320616,0.276208,0.129808,-15.120000,-137.410004,13.650000,1770467780.380506
0.303780,0.256932,0.001708,-11.200000,-124.739998,11.620000,1770467780.388503
0.309636,0.227652,-0.087352,-4.550000,-104.230003,9.800000,1770467780.396514
0.325008,0.174704,-0.101260,0.210000,-82.320000,7.980000,1770467780.404499
0.367220,0.118096,-0.009760,10.080000,-49.490002,5.320000,1770467780.412509
0.413092,0.092720,0.176412,28.350000,-8.750000,1.820000,1770467780.420519
0.462624,0.095648,0.472384,45.500000,36.610001,-1.890000,1770467780.428523
0.476044,0.145912,0.798124,57.889999,87.919998,-6.860000,1770467780.436496
0.468968,0.198860,1.065304,61.740002,138.179993,-11.200000,1770467780.444488
0.438956,0.204960,1.226344,62.580002,183.399994,-18.059999,1770467780.452504
0.354532,0.156648,1.394460,60.200001,216.580002,-11.200000,1770467780.460574
0.174216,0.092232,1.585756,53.410000,233.240005,-5.880000,1770467780.468629
-0.093452,0.007808,1.945656,53.410000,226.380005,7.210000,1770467780.476501
-0.371856,-0.117608,2.327516,60.759998,188.720001,25.620001,1770467780.484504
-0.696864,-0.174948,2.422920,53.619999,133.699997,34.790001,1770467780.492500
-0.892796,-0.178364,2.202344,27.650000,98.419998,43.119999,1770467780.500500
-1.046028,-0.385276,1.960296,-0.210000,76.019997,26.320000,1770467780.508503
-0.947696,-0.427000,1.694824,-16.520000,69.720001,13.370000,1770467780.516768
-0.938180,-0.488732,1.526464,-24.990000,73.500000,6.160000,1770467780.524512
-0.962824,-0.494588,1.359324,-29.540001,84.279999,-6.720000,1770467780.532489
-1.007720,-0.454328,1.132648,-30.450001,94.360001,-16.030001,1770467780.540498
-1.033828,-0.374784,0.891088,-26.809999,99.750000,-32.060001,1770467780.548515
-1.021384,-0.284260,0.669780,-24.150000,95.620003,-46.130001,1770467780.556611
-0.956724,-0.176168,0.511668,-13.020000,80.709999,-57.540001,1770467780.564501
-0.910608,-0.105896,0.413824,0.070000,58.660000,-63.700001,1770467780.572495
-0.739320,-0.023668,0.452376,11.900000,42.209999,-71.050003,1770467780.580510
-0.652212,-0.016348,0.336232,19.110001,21.070000,-64.750000,1770467780.588501
-0.587064,0.051240,0.252784,21.209999,3.990000,-65.169998,1770467780.596536
-0.529480,0.187636,0.190808,21.000000,-9.030000,-65.589996,1770467780.604641
-0.457500,0.275964,0.178608,16.240000,-25.059999,-64.750000,1770467780.612510
-0.344040,0.306952,0.191052,7.350000,-41.439999,-63.980000,1770467780.620523
-0.268156,0.302316,0.178364,-1.540000,-57.820000,-59.430000,1770467780.628507
-0.198616,0.281332,0.177144,-10.920000,-72.800003,-62.720001,1770467780.636540
-0.034648,0.326472,0.144204,-11.200000,-89.879997,-39.619999,1770467780.644497
-0.017568,0.330864,0.168848,-6.860000,-101.989998,-15.330000,1770467780.652507
0.003416,0.305488,0.222772,0.140000,-102.690002,1.820000,1770467780.660497
0.027572,0.286944,0.329888,10.850000,-90.019997,14.630000,1770467780.668499
0.044408,0.293044,0.532896,24.850000,-60.830002,23.730000,1770467780.676495
0.018300,0.350628,0.845216,37.939999,-16.590000,30.450001,1770467780.684534
-0.052460,0.426024,1.223660,41.439999,36.750000,30.799999,1770467780.692500
-0.169580,0.415044,1.543056,32.759998,76.650002,35.490002,1770467780.700502
-0.430660,0.291580,1.759728,27.230000,93.379997,35.070000,1770467780.708502
-0.801540,0.223748,1.845128,32.410000,100.169998,34.299999,1770467780.716578
-1.205360,0.087108,1.754848,29.469999,108.639999,25.620001,1770467780.724511
-1.350296,-0.145912,1.776808,19.530001,100.940002,20.719999,1770467780.732540
-1.368840,-0.233264,1.778028,17.080000,67.059998,25.549999,1770467780.740633
-1.438868,-0.313540,1.743868,11.200000,24.219999,19.459999,1770467780.748490
-1.442528,-0.360876,1.649196,-0.560000,-15.680000,7.910000,1770467780.756505
-1.376892,-0.368928,1.492792,-14.000000,-54.669998,-8.120000,1770467780.764501
-1.212924,-0.358192,1.370304,-25.200001,-86.589996,-24.570000,1770467780.772534
-0.997228,-0.306464,1.230492,-36.820000,-112.000000,-35.980000,1770467780.780551
-0.762012,-0.243512,1.088484,-44.590000,-130.479996,-49.209999,1770467780.788641
-0.531676,-0.179340,0.945012,-49.700001,-142.169998,-51.029999,1770467780.796530
-0.304756,-0.124928,0.819108,-50.189999,-148.679993,-51.169998,1770467780.804506
-0.098332,-0.064416,0.696376,-47.740002,-150.779999,-40.529999,1770467780.812503
0.020740,-0.001708,0.571448,-42.910000,-148.119995,-38.009998,1770467780.820598
0.149572,-0.011224,0.454572,-38.150002,-147.559998,-29.610001,1770467780.828593
0.203496,0.037088,0.353312,-32.340000,-148.190002,-26.459999,1770467780.836563
0.325740,0.182024,0.213988,-19.879999,-147.350006,-10.150000,1770467780.844493
0.313540,0.174948,0.155184,-7.700000,-144.830002,7.560000,1770467780.852507
0.310856,0.180804,0.075396,-1.540000,-136.080002,13.930000,1770467780.860503
0.294996,0.168116,0.004636,5.180000,-120.540001,17.430000,1770467780.868493
0.289872,0.140788,-0.006588,13.860000,-98.209999,13.580000,1770467780.876495
0.325496,0.111020,0.084424,17.010000,-66.500000,12.740000,1770467780.884681
0.362584,0.084912,0.249124,22.469999,-25.200001,8.820000,1770467780.892506
0.411872,0.081496,0.469700,30.240000,20.860001,4.620000,1770467780.900496
0.448228,0.100528,0.697596,37.520000,71.540001,-1.540000,1770467780.908504
0.457988,0.132492,0.892796,42.840000,119.629997,-4.130000,1770467780.916508
0.420412,0.135908,1.047248,47.320000,161.139999,-7.700000,1770467780.924525
0.311344,0.107604,1.191696,51.169998,193.690002,-10.990000,1770467780.932503
0.097844,0.069052,1.395436,52.290001,214.130005,-7.840000,1770467780.940502
-0.131272,0.021716,1.814140,49.980000,216.160004,-3.080000,1770467780.948519
-0.347456,-0.091744,2.295064,49.209999,192.009995,12.740000,1770467780.956522
-0.632204,-0.159088,2.450004,49.560001,146.160004,26.879999,1770467780.964495
-0.910852,-0.199348,2.320440,29.120001,108.849998,35.070000,1770467780.972606
-1.101660,-0.381372,2.058872,5.320000,81.480003,12.390000,1770467780.981103
-1.012356,-0.403576,1.779980,-3.570000,69.089996,7.560000,1770467780.988808
-1.026752,-0.453352,1.653832,-8.680000,69.440002,-0.980000,1770467780.996521
-1.053348,-0.449936,1.538420,-13.650000,74.550003,-14.210000,1770467781.004538
-1.053104,-0.398696,1.353468,-21.000000,83.370003,-23.520000,1770467781.012503
-1.041880,-0.311832,1.068476,-23.309999,84.629997,-34.299999,1770467781.020646
-1.016016,-0.208620,0.804712,-29.190001,76.930000,-46.200001,1770467781.028503
-0.992592,-0.105896,0.580720,-27.510000,62.299999,-59.570000,1770467781.036483
-0.893528,-0.060756,0.428220,-18.340000,41.439999,-71.610001,1770467781.044497
-0.698816,-0.021228,0.446520,-10.430000,26.459999,-62.720001,1770467781.052511
-0.625128,0.079788,0.281576,3.010000,9.730000,-64.959999,1770467781.060500
-0.678076,0.233020,0.139080,14.910000,-3.010000,-67.900002,1770467781.068583
-0.593896,0.289872,0.127368,17.780001,-20.160000,-69.089996,1770467781.076589
-0.487512,0.318176,0.133956,14.770000,-35.910000,-68.879997,1770467781.084497
-0.394548,0.326716,0.137616,7.350000,-50.470001,-71.330002,1770467781.092496
-0.307440,0.433832,0.063928,-0.420000,-61.110001,-68.459999,1770467781.100508
-0.136640,0.421144,0.108336,-5.880000,-82.879997,-52.919998,1770467781.108503
-0.038552,0.419436,0.134444,-13.300000,-100.800003,-36.820000,1770467781.116489
0.005612,0.399184,0.153964,-16.240000,-108.989998,-22.190001,1770467781.124519
0.027572,0.339648,0.190320,-15.750000,-105.559998,-10.150000,1770467781.132497
0.117608,0.308904,0.241560,-2.800000,-93.099998,4.060000,1770467781.140494
0.142740,0.260348,0.382836,17.080000,-68.739998,24.850000,1770467781.148497
0.098820,0.251076,0.588040,39.549999,-26.809999,33.320000,1770467781.156521
0.014396,0.290116,0.879376,53.200001,28.770000,33.180000,1770467781.164493
-0.102236,0.294020,1.262456,57.540001,79.309998,34.369999,1770467781.172513
-0.313784,0.191052,1.611376,64.889999,111.930000,37.310001,1770467781.180567
-0.697108,0.129076,1.899052,81.760002,122.500000,42.139999,1770467781.188515
-1.245864,0.114924,1.950048,81.339996,127.400002,36.049999,1770467781.196489
-1.527928,-0.051728,1.911008,57.400002,123.129997,14.840000,1770467781.204496
-1.506700,-0.193980,1.875384,41.860001,78.540001,15.610000,1770467781.212492
-1.543056,-0.303292,1.823168,25.340000,21.840000,13.370000,1770467781.220662
-1.556720,-0.371856,1.740208,3.430000,-33.529999,7.490000,1770467781.228497
-1.484740,-0.424804,1.630896,-16.100000,-78.889999,-2.870000,1770467781.236496
-1.309060,-0.469456,1.506944,-34.930000,-115.849998,-15.470000,1770467781.244516
-1.073844,-0.444324,1.352248,-52.570000,-139.789993,-25.760000,1770467781.252535
-0.793244,-0.408212,1.195600,-60.410000,-150.429993,-36.680000,1770467781.260581
-0.546804,-0.320860,0.986492,-65.870003,-150.779999,-41.160000,1770467781.268501
-0.325984,-0.237900,0.835700,-65.589996,-146.649994,-45.430000,1770467781.276486
-0.149328,-0.152988,0.715896,-59.779999,-138.179993,-37.240002,1770467781.284479
-0.010980,-0.081740,0.600240,-52.570000,-127.330002,-32.200001,1770467781.292476
0.054900,-0.018788,0.481412,-44.520000,-116.199997,-22.959999,1770467781.300520
0.166408,-0.016104,0.396744,-37.450001,-111.370003,-16.450001,1770467781.308507
0.200568,0.027328,0.325984,-28.139999,-110.459999,-9.170000,1770467781.316573
0.234728,0.083692,0.271084,-22.120001,-110.459999,-2.590000,1770467781.324509
0.294752,0.177144,0.189344,-12.880000,-111.089996,9.800000,1770467781.332506
0.261080,0.179828,0.100772,-5.600000,-109.199997,22.260000,1770467781.340502
0.243756,0.191052,0.014152,2.660000,-100.589996,23.450001,1770467781.348531
0.243512,0.178120,-0.018056,9.380000,-85.680000,24.430000,1770467781.356901
0.253760,0.149572,0.026596,16.100000,-63.000000,22.959999,1770467781.364508
0.289140,0.114924,0.169092,25.760000,-32.340000,18.200001,1770467781.372489
0.333548,0.103944,0.367708,37.240002,3.710000,14.210000,1770467781.380502
0.358924,0.132980,0.641720,51.169998,47.880001,7.700000,1770467781.388510
0.338672,0.203008,0.949648,59.990002,94.360001,-0.070000,1770467781.396560
0.279380,0.276208,1.143872,64.330002,136.710007,-7.630000,1770467781.404561
0.181780,0.307928,1.288076,66.010002,166.039993,-9.730000,1770467781.412511
0.046116,0.275232,1.557452,62.090000,180.039993,-8.050000,1770467781.420516
-0.132492,0.227896,1.893684,50.189999,170.800003,-2.870000,1770467781.428557
-0.301340,0.066856,2.248948,40.950001,140.279999,10.010000,1770467781.436601
-0.494832,-0.088084,2.312876,43.330002,101.500000,25.270000,1770467781.444494
-0.655140,-0.179340,2.172088,35.560001,60.830002,32.759998,1770467781.452504
-0.742492,-0.172996,2.012024,19.250000,51.310001,34.930000,1770467781.460504
-0.831796,-0.327204,1.884412,-1.960000,50.400002,13.650000,1770467781.468503
-0.817400,-0.415532,1.759484,-11.200000,61.040001,2.520000,1770467781.476603
-0.827404,-0.438224,1.625284,-20.230000,77.139999,-11.060000,1770467781.484501
-0.858392,-0.419436,1.427644,-25.549999,92.330002,-14.560000,1770467781.492503
-0.897432,-0.338428,1.164612,-29.680000,104.160004,-25.200001,1770467781.500499
-0.958188,-0.220820,0.859124,-31.850000,108.360001,-32.619999,1770467781.508502
-0.888160,-0.131272,0.639036,-32.340000,99.959999,-38.500000,1770467781.516563
-0.890356,-0.021960,0.462136,-21.629999,82.949997,-51.520000,1770467781.524521
-0.855220,0.063684,0.335012,-8.680000,61.040001,-53.689999,1770467781.532523
-0.819596,0.142740,0.230824,3.920000,37.169998,-61.459999,1770467781.540499
-0.745908,0.170312,0.182756,11.760000,13.720000,-61.810001,1770467781.548520
-0.665388,0.189100,0.142496,13.720000,-8.540000,-62.790001,1770467781.556611
-0.564860,0.234728,0.119316,13.580000,-27.020000,-61.040001,1770467781.564503
-0.457012,0.275964,0.105896,9.030000,-43.750000,-60.549999,1770467781.572504
-0.341844,0.291336,0.124684,2.310000,-58.380001,-61.950001,1770467781.580505
-0.235704,0.280112,0.128832,-4.760000,-72.660004,-64.750000,1770467781.588508
-0.109068,0.363316,0.091256,-5.670000,-82.879997,-51.029999,1770467781.596576
-0.004148,0.329644,0.119560,-3.220000,-96.739998,-34.439999,1770467781.604526
0.043920,0.273036,0.158844,1.330000,-100.449997,-8.400000,1770467781.612501
0.041968,0.217892,0.238876,11.270000,-91.769997,9.590000,1770467781.620800
0.061244,0.204228,0.382348,25.129999,-71.540001,22.049999,1770467781.628644
0.054900,0.228872,0.614636,35.070000,-34.790001,33.180000,1770467781.636504
0.005856,0.306220,0.949648,42.910000,10.780000,37.169998,1770467781.644495
-0.113460,0.347456,1.361276,39.830002,53.270000,42.560001,1770467781.652507
-0.306708,0.265960,1.727764,33.459999,81.059998,47.740002,1770467781.660513
-0.614636,0.140056,2.004216,41.650002,86.589996,52.709999,1770467781.668541
-1.098732,0.192272,1.992504,45.639999,81.199997,50.750000,1770467781.676503
-1.542568,-0.142252,1.864892,28.209999,88.480003,26.950001,1770467781.684500
-1.377380,-0.222528,1.740696,19.530001,62.509998,27.860001,1770467781.692500
-1.393484,-0.350628,1.706048,10.990000,22.400000,22.610001,1770467781.700501
-1.405440,-0.435296,1.692628,-1.820000,-20.299999,12.250000,1770467781.708544
-1.362008,-0.474824,1.647732,-13.650000,-56.910000,-2.660000,1770467781.716503
-1.236592,-0.482388,1.576972,-28.559999,-88.900002,-19.809999,1770467781.724527
-1.043588,-0.435052,1.433012,-39.130001,-111.790001,-31.500000,1770467781.732541
-0.811056,-0.378932,1.279292,-47.180000,-122.989998,-44.310001,1770467781.740553
-0.578524,-0.281820,1.110444,-52.220001,-127.470001,-51.730000,1770467781.748489
-0.354044,-0.185196,0.962824,-55.230000,-126.209999,-53.200001,1770467781.756503
-0.161772,-0.081740,0.821548,-55.090000,-125.089996,-47.529999,1770467781.764504
-0.016592,-0.012444,0.693448,-48.860001,-124.320000,-38.570000,1770467781.772616
0.051484,0.047092,0.579988,-43.959999,-119.699997,-32.270000,1770467781.780519
0.163724,0.040016,0.487512,-40.320000,-115.360001,-28.139999,1770467781.788496
0.209840,0.117364,0.333548,-32.970001,-107.870003,-20.160000,1770467781.796503
0.320860,0.234484,0.233264,-17.709999,-114.099998,3.360000,1770467781.804488
0.305244,0.238388,0.170556,-11.200000,-113.330002,16.730000,1770467781.812505
0.291092,0.249368,0.054168,-8.330000,-105.559998,20.020000,1770467781.820499
0.284016,0.241072,-0.059292,-2.660000,-94.080002,22.049999,1770467781.828671
0.272304,0.227896,-0.115656,4.340000,-78.050003,21.490000,1770467781.836500
0.283284,0.197152,-0.044164,15.680000,-53.130001,21.139999,1770467781.844501
0.315248,0.177632,0.126880,27.650000,-20.230000,17.709999,1770467781.852529
0.345260,0.186904,0.375760,36.470001,16.799999,16.730000,1770467781.860500
0.358924,0.228628,0.655872,44.310001,60.900002,10.500000,1770467781.868561
0.343552,0.267668,0.891820,47.880001,107.730003,4.970000,1770467781.876504
0.290604,0.294996,1.022848,54.669998,150.009995,-0.210000,1770467781.884526
0.201788,0.285236,1.182668,58.939999,182.279999,-5.040000,1770467781.892506
0.059292,0.241560,1.423740,57.540001,197.960007,-2.660000,1770467781.900516
-0.162504,0.180560,1.792180,52.080002,202.789993,-1.750000,1770467781.908633
-0.369172,0.046116,2.193560,47.950001,186.199997,11.480000,1770467781.916505
-0.649040,-0.076860,2.411208,53.410000,151.270004,25.620001,1770467781.924533
-0.923052,-0.145668,2.314584,33.529999,109.830002,31.570000,1770467781.932529
-0.891332,-0.142252,2.020076,8.190000,80.080002,33.389999,1770467781.940504
-0.971852,-0.387716,1.789252,-15.120000,70.629997,10.290000,1770467781.948503
-0.959652,-0.507032,1.617720,-23.870001,73.150002,5.530000,1770467781.956573
-0.988200,-0.548268,1.496940,-31.010000,83.370003,-3.220000,1770467781.964505
-1.057252,-0.548024,1.357128,-31.780001,96.110001,-10.500000,1770467781.972811
-1.112396,-0.499224,1.157780,-32.900002,101.290001,-23.450001,1770467781.980794
-1.148508,-0.379176,0.941596,-30.030001,97.370003,-35.349998,1770467781.989258
-1.150216,-0.248636,0.768844,-27.020000,83.160004,-46.759998,1770467781.996511
-1.104100,-0.109556,0.608536,-23.799999,56.700001,-58.310001,1770467782.004553
-1.012844,-0.006832,0.521916,-15.890000,27.299999,-64.470001,1770467782.012621
-0.894748,0.072224,0.458476,-10.570000,-0.700000,-66.010002,1770467782.020529
-0.824964,0.131516,0.373808,-5.880000,-28.139999,-66.709999,1770467782.028625
-0.681980,0.156160,0.308172,-2.660000,-47.599998,-63.700001,1770467782.036559
-0.546804,0.182268,0.233752,-1.470000,-63.700001,-60.900002,1770467782.044504
-0.425048,0.207400,0.177876,-3.920000,-80.010002,-56.910000,1770467782.052687
-0.315492,0.231312,0.122732,-8.750000,-93.099998,-51.240002,1770467782.060522
-0.208132,0.257664,0.089548,-12.600000,-104.230003,-50.049999,1770467782.068562
-0.100528,0.273280,0.080276,-16.240000,-115.080002,-46.410000,1770467782.076501
-0.015860,0.252296,0.106140,-17.360001,-120.750000,-40.950001,1770467782.084509
0.021472,0.200812,0.145668,-17.570000,-117.529999,-38.360001,1770467782.092541
0.105408,0.160796,0.180804,-11.480000,-106.470001,-24.150000,1770467782.100593
0.227164,0.173728,0.228872,9.030000,-96.250000,3.360000,1770467782.108504
0.185196,0.126148,0.373320,30.240000,-71.680000,17.850000,1770467782.116489
0.152744,0.147620,0.585600,53.900002,-31.080000,25.760000,1770467782.124626
0.075152,0.209108,0.882792,66.849998,15.960000,33.250000,1770467782.132513
-0.032696,0.274012,1.287100,68.599998,61.950001,36.400002,1770467782.140522
-0.233264,0.249612,1.622844,68.879997,94.430000,39.900002,1770467782.148517
-0.528016,0.184220,1.899540,73.500000,106.050003,44.240002,1770467782.156521
-1.010404,0.253760,1.970056,67.970001,108.709999,32.619999,1770467782.164585
-1.291492,0.116144,1.946388,41.650002,107.169998,19.250000,1770467782.172493
-1.287832,-0.076128,1.891000,17.430000,69.860001,9.590000,1770467782.180490
-1.335656,-0.239120,1.812188,0.000000,19.600000,2.940000,1770467782.188528
-1.348588,-0.366732,1.755092,-16.100000,-24.920000,-5.880000,1770467782.196495
-1.277096,-0.507520,1.651148,-29.820000,-62.160000,-17.500000,1770467782.204540
-1.120204,-0.535336,1.496696,-39.549999,-91.139999,-29.049999,1770467782.212499
-0.905972,-0.507032,1.342488,-47.110001,-112.000000,-36.889999,1770467782.220492
-0.639280,-0.447984,1.205116,-50.119999,-125.019997,-41.090000,1770467782.228512
-0.406748,-0.317200,1.022604,-49.770000,-128.520004,-42.980000,1770467782.236500
-0.215452,-0.177388,0.848144,-49.560001,-126.699997,-36.119999,1770467782.244505
-0.047336,-0.054656,0.701012,-43.750000,-123.550003,-27.020000,1770467782.252533
0.048312,0.026352,0.565348,-37.799999,-113.680000,-13.230000,1770467782.260630
0.087352,0.076860,0.451644,-31.080000,-101.849998,-8.610000,1770467782.268533
0.171532,0.082960,0.366488,-31.010000,-92.400002,-6.370000,1770467782.276484
0.198128,0.097844,0.277672,-25.900000,-83.370003,-0.420000,1770467782.284485
0.289872,0.217404,0.190320,-16.030001,-79.029999,9.800000,1770467782.292495
0.241316,0.179584,0.139080,-9.660000,-75.320000,22.959999,1770467782.300503
0.226432,0.164212,0.048068,-3.430000,-67.690002,25.620001,1770467782.308496
0.217892,0.140544,-0.000732,2.590000,-58.029999,26.740000,1770467782.316483
0.204960,0.125416,0.015128,11.690000,-43.750000,24.990000,1770467782.324689
0.210572,0.099796,0.114436,18.760000,-21.350000,24.430000,1770467782.332515
0.226188,0.088328,0.265228,28.840000,4.480000,21.139999,1770467782.340506
0.247172,0.105652,0.492148,38.220001,35.209999,15.050000,1770467782.348595
0.252052,0.154208,0.798612,45.639999,69.510002,10.430000,1770467782.356668
0.233996,0.202276,1.049444,49.770000,108.150002,5.320000,1770467782.364521
0.169092,0.227652,1.243424,52.570000,140.699997,3.080000,1770467782.372504
0.061976,0.206424,1.487912,51.939999,161.979996,1.960000,1770467782.380503
-0.079056,0.156404,1.788520,46.759998,160.789993,4.200000,1770467782.388500
-0.246684,0.074420,2.107916,39.410000,142.100006,9.800000,1770467782.396483
-0.397720,-0.071248,2.279692,40.389999,105.279999,24.500000,1770467782.404533
-0.543144,-0.152744,2.209420,39.549999,63.630001,33.040001,1770467782.412513
-0.676856,-0.186904,2.049844,23.870001,47.599998,38.779999,1770467782.420503
-0.831552,-0.456768,1.981524,4.760000,45.430000,22.260000,1770467782.428556
-0.708088,-0.388448,1.782664,-7.560000,58.169998,6.300000,1770467782.436504
-0.752496,-0.407480,1.656516,-16.520000,73.639999,1.750000,1770467782.444604
-0.823988,-0.377224,1.500844,-23.309999,93.870003,-9.240000,1770467782.452512
-0.913048,-0.317688,1.278316,-27.090000,110.320000,-20.370001,1770467782.460501
-0.984296,-0.224236,1.029436,-32.549999,116.970001,-30.799999,1770467782.468533
-1.023580,-0.123952,0.779824,-34.860001,111.019997,-41.930000,1770467782.476540
-1.021872,-0.040992,0.572180,-30.870001,92.190002,-52.639999,1770467782.484564
-0.978928,0.025864,0.450912,-22.540001,65.589996,-61.529999,1770467782.492497
-0.913536,0.061000,0.364048,-13.230000,34.720001,-65.169998,1770467782.500491
-0.834724,0.091012,0.276696,-2.380000,7.000000,-65.099998,1770467782.508539
-0.731024,0.113460,0.207400,5.880000,-19.110001,-64.750000,1770467782.516499
-0.599020,0.142008,0.149572,11.550000,-41.720001,-68.669998,1770467782.524517
-0.491660,0.191540,0.105408,11.900000,-62.020000,-65.730003,1770467782.532535
-0.349164,0.240584,0.075884,12.320000,-80.010002,-65.870003,1770467782.540509
-0.215696,0.265228,0.085644,6.930000,-95.339996,-63.279999,1770467782.548501
-0.111508,0.261080,0.115656,2.450000,-108.220001,-65.660004,1770467782.556508
-0.051240,0.258884,0.143716,-1.120000,-111.089996,-60.340000,1770467782.564535
0.128832,0.324276,0.133712,4.340000,-117.529999,-34.299999,1770467782.572541
0.138104,0.257176,0.195444,14.420000,-116.970001,-10.850000,1770467782.580502
0.158112,0.230824,0.283284,25.410000,-102.059998,11.830000,1770467782.588504
0.160308,0.233264,0.443104,39.689999,-70.349998,23.030001,1770467782.596543
0.147620,0.273524,0.677832,51.240002,-25.129999,29.680000,1770467782.604501
0.094184,0.365268,1.004304,57.049999,27.860001,33.669998,1770467782.612505
-0.031232,0.427000,1.363228,47.880001,76.300003,37.660000,1770467782.620508
-0.235704,0.353312,1.771684,37.099998,106.260002,46.480000,1770467782.628566
-0.582184,0.241804,2.129632,39.619999,118.650002,49.000000,1770467782.636590
-1.064816,0.238388,2.129144,42.139999,118.300003,40.740002,1770467782.644510
-1.316136,0.000000,2.004704,25.900000,114.870003,31.150000,1770467782.652508
-1.334192,-0.207888,1.818532,16.450001,78.050003,21.350000,1770467782.660545
-1.408612,-0.308904,1.756800,8.330000,34.090000,17.430000,1770467782.668501
-1.413980,-0.396012,1.700436,-5.110000,-15.120000,9.940000,1770467782.676530
-1.365424,-0.449936,1.581364,-21.209999,-56.349998,-4.200000,1770467782.684605
-1.210240,-0.495564,1.444480,-35.349998,-90.230003,-22.889999,1770467782.692497
-0.987956,-0.461648,1.282220,-43.750000,-114.099998,-35.770000,1770467782.700499
-0.754204,-0.388204,1.120204,-50.820000,-126.769997,-45.639999,1770467782.708533
-0.510692,-0.302316,0.992836,-52.990002,-131.250000,-51.310001,1770467782.716498
-0.315004,-0.192028,0.863760,-51.450001,-133.000000,-44.730000,1770467782.724799
-0.132248,-0.104432,0.733220,-47.740002,-130.690002,-40.950001,1770467782.732545
0.023668,-0.024156,0.617564,-41.230000,-130.619995,-30.170000,1770467782.740513
0.077348,0.043432,0.504836,-33.880001,-123.900002,-23.240000,1770467782.748495
0.194712,0.047336,0.419680,-31.219999,-118.860001,-16.940001,1770467782.756502
0.231312,0.092232,0.297680,-25.200001,-116.339996,-15.330000,1770467782.764515
0.402600,0.264984,0.152744,-9.870000,-116.900002,5.320000,1770467782.772498
0.274988,0.193492,0.062708,-3.640000,-113.120003,15.400000,1770467782.780490
0.266448,0.172508,-0.030012,3.010000,-105.419998,18.410000,1770467782.788497
0.259372,0.178364,-0.096624,10.990000,-92.750000,20.160000,1770467782.796530
0.261080,0.179096,-0.040260,18.200001,-69.790001,19.879999,1770467782.804538
0.288652,0.163968,0.127856,25.410000,-37.939999,16.660000,1770467782.812505
0.342820,0.160552,0.366976,32.200001,1.960000,15.190000,1770467782.820495
0.381860,0.201544,0.665388,40.110001,44.660000,10.360000,1770467782.828515
0.384056,0.258152,0.934520,40.320000,90.860001,6.440000,1770467782.836509
0.340136,0.306220,1.077504,44.869999,135.380005,-0.070000,1770467782.844578
0.277428,0.301828,1.219512,46.410000,169.399994,-2.450000,1770467782.852516
0.159820,0.246928,1.399340,43.400002,185.850006,-0.490000,1770467782.860611
-0.039528,0.186660,1.697752,36.119999,190.820007,5.110000,1770467782.868502
-0.242780,0.037820,2.125240,35.209999,181.580002,14.490000,1770467782.876505
-0.471896,-0.089060,2.393640,44.660000,155.470001,29.959999,1770467782.884506
-0.722484,-0.141520,2.372168,35.419998,114.660004,32.900002,1770467782.892614
-0.840336,-0.127856,2.135732,9.520000,91.070000,34.580002,1770467782.900488
-0.921100,-0.307440,1.863428,-13.230000,80.639999,13.580000,1770467782.908595
-0.887672,-0.385032,1.609180,-23.240000,78.260002,-0.420000,1770467782.916540
-0.897920,-0.447984,1.447164,-29.680000,85.750000,-3.080000,1770467782.924501
-0.953552,-0.436760,1.259772,-31.780001,95.269997,-17.010000,1770467782.932562
-0.991860,-0.411872,1.045784,-30.660000,101.709999,-21.629999,1770467782.940589
-1.031144,-0.326960,0.805688,-28.980000,100.730003,-35.560001,1770467782.948503
-1.047980,-0.227164,0.607316,-27.440001,91.070000,-46.410000,1770467782.956502
-1.025288,-0.144204,0.472628,-19.530001,76.160004,-57.119999,1770467782.964499
-0.959408,-0.091256,0.385032,-9.380000,51.169998,-61.250000,1770467782.972784
-0.901580,-0.014884,0.304024,0.770000,28.420000,-63.419998,1770467782.980678
-0.826672,0.070516,0.235460,9.870000,1.750000,-59.150002,1770467782.988678
-0.728584,0.153720,0.183488,14.630000,-21.280001,-63.980000,1770467782.996519
-0.597556,0.233752,0.147132,15.890000,-46.900002,-61.110001,1770467783.004549
-0.478972,0.287920,0.123464,12.670000,-70.769997,-62.509998,1770467783.012506
-0.371856,0.294508,0.121024,6.580000,-93.239998,-65.449997,1770467783.020508
-0.192760,0.456036,0.079544,2.800000,-110.599998,-55.369999,1770467783.028783
-0.092232,0.372344,0.115168,0.210000,-132.860001,-34.369999,1770467783.036541
-0.023424,0.322568,0.140788,-0.700000,-142.660004,-12.740000,1770467783.044511
0.013176,0.264008,0.191540,2.660000,-141.399994,10.290000,1770467783.052506
0.062220,0.228384,0.277916,13.860000,-129.220001,21.910000,1770467783.060511
0.121268,0.220576,0.438712,31.430000,-101.010002,33.040001,1770467783.068592
0.093452,0.226188,0.711016,49.070000,-55.930000,39.340000,1770467783.076514
0.063196,0.294752,1.081408,61.950001,1.820000,41.230000,1770467783.084498
-0.047824,0.340624,1.494744,57.750000,56.000000,42.419998,1770467783.092497
-0.271328,0.299144,1.849032,53.410000,88.269997,38.080002,1770467783.100489
-0.625128,0.258884,2.004460,53.689999,106.820000,35.419998,1770467783.108494
-1.103368,0.169336,1.952000,47.880001,116.199997,24.290001,1770467783.116490
-1.326140,-0.105408,1.979328,31.010000,111.720001,13.650000,1770467783.124511
-1.346880,-0.250588,1.916376,20.790001,69.300003,6.510000,1770467783.132508
-1.383968,-0.385520,1.898320,7.700000,18.270000,-2.310000,1770467783.140503
-1.363716,-0.475800,1.801208,-6.090000,-32.340000,-7.980000,1770467783.148537
-1.250500,-0.533872,1.632604,-23.309999,-76.440002,-21.700001,1770467783.156533
-1.038952,-0.510936,1.441308,-37.310001,-109.339996,-28.490000,1770467783.164497
-0.803004,-0.435784,1.237812,-47.669998,-133.070007,-38.709999,1770467783.172496
-0.541680,-0.368440,1.070916,-52.080002,-139.789993,-38.639999,1770467783.180505
-0.331596,-0.252540,0.880352,-51.869999,-144.550003,-39.130001,1770467783.188586
-0.156160,-0.131516,0.728096,-50.189999,-142.520004,-30.309999,1770467783.196497
-0.009028,-0.024644,0.586332,-42.980000,-136.639999,-19.809999,1770467783.204497
0.080764,0.036600,0.460916,-35.980000,-128.309998,-10.220000,1770467783.212494
0.140544,0.043676,0.340136,-29.330000,-115.989998,-3.360000,1770467783.220494
0.202520,0.079788,0.235216,-22.330000,-107.099998,-0.070000,1770467783.228516
0.266448,0.194224,0.134688,-10.010000,-98.000000,13.160000,1770467783.236551
0.265716,0.200080,0.081740,1.120000,-93.309998,26.530001,1770467783.244523
0.246684,0.191784,-0.001464,7.070000,-84.349998,33.599998,1770467783.252500
0.219112,0.182756,-0.082228,14.420000,-73.919998,31.219999,1770467783.260496
0.198616,0.177144,-0.093696,20.299999,-59.150002,30.870001,1770467783.268493
0.199836,0.155428,0.009028,26.110001,-37.240002,26.740000,1770467783.276492
0.228872,0.115656,0.200080,31.990000,-9.030000,21.559999,1770467783.284480
0.275232,0.109800,0.434076,38.990002,22.959999,16.660000,1770467783.292494
0.308904,0.158844,0.740052,44.869999,61.669998,10.570000,1770467783.300650
0.315736,0.213988,1.042856,50.470001,102.059998,2.730000,1770467783.308513
0.265472,0.252052,1.246840,52.639999,141.190002,1.610000,1770467783.316495
0.189344,0.231556,1.484740,52.009998,168.910004,1.610000,1770467783.324498
0.033916,0.167140,1.738744,42.630001,176.259995,4.270000,1770467783.332498
-0.171044,0.086376,2.124264,36.680000,164.149994,11.480000,1770467783.340496
-0.337452,-0.100040,2.525400,41.650002,135.029999,26.530001,1770467783.348527
-0.568520,-0.205204,2.541260,45.009998,89.949997,42.070000,1770467783.356520
-0.791536,-0.209840,2.328004,31.219999,61.180000,45.360001,1770467783.364513
-0.980636,-0.439688,2.091568,10.570000,55.509998,29.750000,1770467783.372504
-0.859612,-0.353312,1.842200,-2.450000,63.000000,12.810000,1770467783.380549
-0.869128,-0.365268,1.698484,-14.070000,81.199997,-0.420000,1770467783.388531
-0.943548,-0.317444,1.502308,-19.320000,100.589996,-10.710000,1770467783.396493
-1.008452,-0.234728,1.270264,-25.270000,113.959999,-23.730000,1770467783.404506
-1.065060,-0.148840,1.005280,-32.130001,117.180000,-35.770000,1770467783.412490
-1.104588,-0.039528,0.738832,-34.580002,106.750000,-45.779999,1770467783.420508
-1.080676,0.061976,0.538020,-30.660000,83.580002,-53.619999,1770467783.428955
-1.018456,0.128344,0.404796,-20.860001,52.849998,-58.310001,1770467783.436510
-0.911828,0.172752,0.332816,-7.560000,20.860001,-59.919998,1770467783.444517
-0.783972,0.190076,0.272792,-1.330000,-9.940000,-55.930000,1770467783.452567
-0.661484,0.186904,0.199836,3.080000,-37.450001,-53.270000,1770467783.460490
-0.528016,0.184464,0.128832,4.760000,-61.880001,-48.580002,1770467783.468541
-0.416752,0.191540,0.071492,4.900000,-79.519997,-47.880001,1770467783.476492
-0.302804,0.212280,0.024644,2.380000,-94.779999,-42.070000,1770467783.484501
-0.180072,0.235948,0.011468,0.770000,-109.760002,-36.540001,1770467783.492506
-0.079300,0.250588,0.038308,-2.590000,-122.010002,-30.170000,1770467783.500496
-0.008540,0.234240,0.080520,-6.300000,-131.460007,-26.809999,1770467783.508574
0.040992,0.160552,0.160064,-8.540000,-132.089996,-25.900000,1770467783.516503
0.114680,0.253272,0.162260,-4.550000,-118.860001,-10.290000,1770467783.524502
0.187392,0.222040,0.257908,8.330000,-111.370003,15.400000,1770467783.532498
0.201300,0.203252,0.416752,19.950001,-80.290001,33.950001,1770467783.540498
0.165676,0.244732,0.659288,33.669998,-34.020000,34.580002,1770467783.548551
0.118584,0.328912,1.001376,35.980000,23.170000,32.900002,1770467783.556504
0.024400,0.385276,1.368596,31.780001,81.620003,35.419998,1770467783.564502
-0.189588,0.329400,1.733132,22.889999,124.389999,33.459999,1770467783.572498
-0.542900,0.202764,2.093520,26.320000,150.080002,37.099998,1770467783.580502
-0.998204,0.152744,2.118164,35.419998,148.750000,36.189999,1770467783.588511
-1.388116,-0.022448,2.023736,16.309999,145.809998,31.430000,1770467783.596663
-1.394704,-0.220088,1.881728,6.440000,105.629997,20.790001,1770467783.604501
-1.462536,-0.327692,1.809260,-2.450000,50.540001,21.070000,1770467783.612500
-1.451800,-0.381860,1.725080,-19.320000,-4.900000,9.730000,1770467783.620504
-1.387628,-0.418948,1.565260,-36.680000,-53.689999,-3.220000,1770467783.628531
-1.204628,-0.471652,1.403732,-52.080002,-93.239998,-14.910000,1770467783.636551
-0.983564,-0.428220,1.179984,-60.830002,-119.070000,-27.160000,1770467783.644521
-0.768356,-0.354532,1.008452,-65.660004,-136.009995,-30.170000,1770467783.652515
-0.527772,-0.254004,0.864736,-66.639999,-146.860001,-30.590000,1770467783.660502
-0.324032,-0.145668,0.741516,-66.080002,-147.630005,-28.209999,1770467783.668501
-0.127368,-0.057584,0.626104,-62.090000,-145.740005,-17.570000,1770467783.676540
0.008296,0.012688,0.508252,-55.020000,-144.199997,-9.870000,1770467783.684499
0.093452,0.049288,0.403820,-46.340000,-139.300003,2.730000,1770467783.692504
0.191540,0.047824,0.315736,-39.549999,-132.229996,2.590000,1770467783.700650
0.229360,0.100528,0.201056,-29.680000,-128.869995,5.950000,1770467783.708514
0.289628,0.235704,0.030500,-15.050000,-127.330002,17.639999,1770467783.716495
0.257664,0.194956,-0.064172,-3.430000,-121.519997,30.450001,1770467783.724502
0.260348,0.190320,-0.125416,9.310000,-109.760002,34.720001,1770467783.732542
0.272060,0.177144,-0.099552,16.520000,-90.089996,30.590000,1770467783.740563
0.306220,0.125416,0.037576,21.350000,-64.889999,29.820000,1770467783.748515
0.362584,0.101016,0.256932,29.750000,-30.240000,24.290001,1770467783.756503
0.411872,0.135908,0.538752,38.500000,10.430000,22.610001,1770467783.764504
0.434076,0.177388,0.826428,48.299999,57.610001,14.840000,1770467783.772519
0.430660,0.228628,1.056032,53.970001,105.209999,9.800000,1770467783.780495
0.381616,0.259616,1.228296,58.169998,150.360001,8.330000,1770467783.788493
0.290116,0.253028,1.387872,59.430000,180.809998,6.090000,1770467783.796533
0.107116,0.206180,1.625040,57.820000,196.699997,14.280000,1770467783.804632
-0.120780,0.129076,2.043744,54.250000,201.389999,17.080000,1770467783.812499
-0.338916,-0.031232,2.495632,56.419998,181.369995,36.049999,1770467783.820506
-0.622932,-0.087108,2.561512,45.990002,142.869995,44.169998,1770467783.828545
-0.871080,-0.168360,2.370460,20.090000,102.760002,48.299999,1770467783.836487
-0.809104,-0.218624,2.029836,-4.970000,82.599998,50.889999,1770467783.844490
-0.912560,-0.438712,1.768756,-28.559999,82.599998,27.299999,1770467783.852516
-0.919880,-0.504836,1.549400,-37.029999,91.629997,8.890000,1770467783.860635
-0.955992,-0.507520,1.371036,-40.320000,103.809998,0.490000,1770467783.868496
-1.007720,-0.471896,1.169980,-36.330002,112.489998,-12.320000,1770467783.876537
-1.056276,-0.394548,0.977708,-34.299999,115.709999,-24.639999,1770467783.884506
-1.080920,-0.271572,0.779824,-27.440001,108.080002,-34.860001,1770467783.892502
-1.082628,-0.130540,0.609268,-22.680000,88.620003,-45.570000,1770467783.900501
-1.028216,-0.010004,0.491172,-15.050000,59.849998,-54.389999,1770467783.908662
-0.960140,0.095892,0.412116,-9.380000,27.650000,-57.680000,1770467783.916499
-0.849852,0.147620,0.356972,-2.240000,-1.820000,-60.830002,1770467783.924486
-0.733952,0.183488,0.292556,2.240000,-26.950001,-57.680000,1770467783.932496
-0.616832,0.192760,0.231312,2.870000,-47.250000,-51.450001,1770467783.940488
-0.497028,0.213256,0.162260,2.310000,-63.980000,-47.250000,1770467783.948609
-0.386252,0.227408,0.092964,1.890000,-80.779999,-42.070000,1770467783.956559
-0.274744,0.250344,0.044652,0.910000,-95.129997,-38.849998,1770467783.964495
-0.170556,0.259128,0.035380,-1.330000,-111.580002,-34.160000,1770467783.972603
-0.089304,0.258152,0.057096,-6.370000,-126.629997,-33.180000,1770467783.981234
-0.034160,0.236192,0.103944,-8.680000,-133.000000,-36.750000,1770467783.988657
0.065148,0.240096,0.124928,-8.680000,-128.520004,-20.860001,1770467783.996636
0.217160,0.242292,0.183000,4.900000,-129.080002,4.060000,1770467784.004515
0.224480,0.193004,0.333304,19.320000,-109.550003,27.090000,1770467784.012511
0.244732,0.190808,0.537532,35.139999,-74.339996,34.020000,1770467784.020501
0.227896,0.246928,0.823744,49.000000,-17.920000,35.490002,1770467784.028531
0.179096,0.353312,1.218536,50.889999,45.080002,34.369999,1770467784.036517
0.041968,0.385764,1.477176,42.419998,100.660004,32.900002,1770467784.044513
-0.218624,0.298412,1.728496,41.299999,138.809998,36.610001,1770467784.052497
-0.587552,0.219356,1.925160,47.459999,159.600006,32.830002,1770467784.060563
-1.069208,0.186416,1.922232,44.869999,168.490005,30.590000,1770467784.068500
-1.249036,-0.026840,2.014220,24.360001,150.919998,23.590000,1770467784.076659
-1.405440,-0.247416,1.969812,12.670000,102.620003,15.890000,1770467784.084497
-1.489376,-0.348920,1.891488,-0.700000,47.529999,6.790000,1770467784.092492
-1.480836,-0.431392,1.743380,-17.850000,-6.370000,-3.430000,1770467784.100496
-1.380796,-0.494344,1.553060,-33.669998,-54.110001,-11.970000,1770467784.108494
-1.147532,-0.488976,1.355176,-41.790001,-89.879997,-22.120001,1770467784.116604
-0.926956,-0.412360,1.139480,-50.889999,-116.199997,-30.940001,1770467784.124491
-0.676856,-0.316956,0.973804,-52.990002,-134.190002,-34.650002,1770467784.132506
-0.442616,-0.206180,0.827648,-55.650002,-140.979996,-29.820000,1770467784.140502
-0.242780,-0.095648,0.690276,-52.570000,-139.929993,-26.809999,1770467784.148497
-0.075884,-0.004392,0.546316,-47.110001,-136.080002,-16.240000,1770467784.156480
0.020740,0.062708,0.421388,-42.419998,-131.949997,-7.000000,1770467784.164500
0.068808,0.089060,0.321104,-36.400002,-123.339996,-2.660000,1770467784.172491
0.171044,0.074420,0.243756,-31.290001,-121.099998,1.470000,1770467784.180514
0.195688,0.088084,0.138348,-21.840000,-118.230003,6.440000,1770467784.188590
0.274988,0.189100,0.018056,-9.100000,-116.199997,19.320000,1770467784.196500
0.230580,0.146888,-0.011712,3.850000,-112.769997,26.879999,1770467784.204499
0.230824,0.142252,-0.025376,11.480000,-100.800003,28.840000,1770467784.212493
0.230580,0.144692,-0.004392,18.059999,-81.690002,26.530001,1770467784.220495
0.268644,0.134444,0.113704,20.860001,-54.320000,26.110001,1770467784.228494
0.328424,0.103212,0.328424,26.879999,-19.250000,20.160000,1770467784.236522
0.376980,0.128588,0.614636,35.630001,22.400000,16.730000,1770467784.244498
0.393572,0.175436,0.925248,41.509998,71.050003,8.820000,1770467784.252483
0.362096,0.221552,1.143140,47.669998,118.580002,3.220000,1770467784.260494
0.288164,0.229360,1.323212,52.009998,159.179993,-1.540000,1770467784.268495
0.158600,0.184952,1.512800,49.070000,185.500000,-4.690000,1770467784.276508
-0.037088,0.130784,1.802428,44.730000,193.479996,-3.990000,1770467784.284588
-0.243756,0.009272,2.216740,48.650002,180.250000,2.940000,1770467784.292494
-0.522404,-0.106384,2.496120,53.759998,146.020004,21.910000,1770467784.300502
-0.755180,-0.100284,2.403400,42.419998,96.389999,26.530001,1770467784.308518
-0.861808,-0.140056,2.165256,15.330000,72.379997,31.010000,1770467784.316501
-0.920124,-0.297680,1.946876,-6.650000,61.320000,20.790001,1770467784.324517
-0.911828,-0.375028,1.697996,-20.860001,65.730003,12.250000,1770467784.332672
-0.932080,-0.402600,1.504748,-29.190001,75.389999,1.470000,1770467784.340506
-0.976488,-0.399428,1.307352,-33.459999,86.309998,-10.290000,1770467784.348519
-1.033828,-0.354288,1.096048,-32.759998,93.940002,-18.200001,1770467784.356487
-1.068720,-0.283040,0.891576,-32.340000,92.260002,-30.520000,1770467784.364506
-1.102392,-0.162504,0.680516,-28.000000,81.480003,-40.810001,1770467784.372504
-1.077504,-0.037820,0.512888,-23.100000,57.750000,-51.730000,1770467784.380499
-0.993080,0.038552,0.408700,-13.790000,29.120001,-61.250000,1770467784.388505
-0.883768,0.071248,0.344528,-4.900000,-1.120000,-58.660000,1770467784.396541
-0.764208,0.088328,0.277916,3.850000,-28.000000,-62.160000,1770467784.404550
-0.655384,0.109556,0.204228,8.890000,-49.209999,-56.560001,1770467784.412507
-0.534604,0.143228,0.134444,14.350000,-67.760002,-57.750000,1770467784.420491
-0.417972,0.185440,0.079056,13.230000,-87.639999,-59.150002,1770467784.428496
-0.294508,0.231800,0.028548,9.800000,-106.190002,-50.610001,1770467784.436499
-0.139324,0.275964,0.102236,4.830000,-123.690002,-51.590000,1770467784.444547
-0.079544,0.267424,0.089060,-1.750000,-143.429993,-46.900002,1770467784.452538
-0.027572,0.265228,0.115900,-8.330000,-147.000000,-44.310001,1770467784.460548
0.329400,0.437248,0.138592,-2.240000,-158.059998,-17.150000,1770467784.468648
0.206180,0.286700,0.256444,6.300000,-149.660004,6.440000,1770467784.476496
0.236436,0.277184,0.386252,17.010000,-125.860001,22.820000,1770467784.484502
0.270352,0.263764,0.592920,30.309999,-81.339996,29.120001,1770467784.492500
0.288652,0.334524,0.874740,38.779999,-17.360001,33.110001,1770467784.500498
0.264496,0.453352,1.191696,38.290001,48.650002,33.950001,1770467784.508625
0.134200,0.473604,1.393484,25.760000,102.970001,41.790001,1770467784.516524
-0.099064,0.369172,1.719224,13.860000,143.360001,38.080002,1770467784.524504
-0.432612,0.178852,2.045452,19.740000,174.300003,36.610001,1770467784.532493
-0.823012,0.058804,2.105720,28.420000,178.500000,37.660000,1770467784.540515
-1.136796,-0.160552,2.082296,17.780001,160.020004,41.580002,1770467784.548516
-1.346148,-0.399672,2.035692,9.870000,122.500000,39.200001,1770467784.556486
-1.334680,-0.392108,1.901736,-3.010000,80.220001,31.570000,1770467784.564519
-1.416664,-0.435296,1.724104,-18.480000,31.780001,19.250000,1770467784.572498
-1.405684,-0.464332,1.516216,-38.430000,-13.930000,2.590000,1770467784.580561
-1.285636,-0.463844,1.311500,-50.680000,-52.919998,-16.799999,1770467784.588630
-1.071648,-0.413824,1.100440,-57.330002,-86.309998,-27.930000,1770467784.596530
-0.872544,-0.326228,0.907436,-59.009998,-110.459999,-32.759998,1770467784.604505
-0.665144,-0.234484,0.776408,-56.770000,-130.130005,-34.720001,1770467784.612503
-0.455792,-0.146888,0.667828,-53.759998,-145.669998,-26.600000,1770467784.620607
-0.274012,-0.064416,0.562176,-45.009998,-160.300003,-25.690001,1770467784.628552
-0.120780,0.015128,0.473848,-39.200001,-168.070007,-11.620000,1770467784.636518
0.020496,0.066368,0.434808,-30.309999,-172.339996,-4.340000,1770467784.644511
0.076372,0.117608,0.357948,-28.980000,-169.539993,-1.540000,1770467784.652583
0.175192,0.103456,0.249368,-27.230000,-163.520004,-0.980000,1770467784.660509
0.253272,0.148352,0.064904,-16.590000,-163.520004,-2.870000,1770467784.668519
0.293044,0.167628,-0.093208,-0.420000,-157.850006,17.780001,1770467784.676496
0.309392,0.162748,-0.143716,9.590000,-144.130005,24.360001,1770467784.684502
0.333304,0.141032,-0.121268,20.790001,-116.199997,25.969999,1770467784.692515
0.388692,0.097844,0.013420,29.120001,-79.309998,22.820000,1770467784.700637
0.461892,0.084912,0.236192,39.619999,-37.240002,20.230000,1770467784.708508
0.524112,0.116876,0.546316,50.189999,10.850000,15.750000,1770467784.716496
0.557052,0.192516,0.886452,53.200001,65.379997,10.920000,1770467784.724510
0.528992,0.248148,1.095560,53.549999,117.320000,7.910000,1770467784.732503
0.470188,0.250588,1.217560,53.549999,163.240005,5.180000,1770467784.740523
0.379664,0.199836,1.358348,52.360001,194.600006,8.470000,1770467784.748509
0.222284,0.109800,1.610400,46.619999,212.589996,16.870001,1770467784.756526
-0.003660,0.036112,1.998116,44.869999,219.449997,20.580000,1770467784.764512
-0.237656,-0.109800,2.418772,49.000000,204.259995,33.740002,1770467784.772568
-0.516304,-0.120292,2.451468,35.910000,166.949997,47.810001,1770467784.780516
-0.859856,-0.163968,2.288964,12.950000,135.869995,50.119999,1770467784.788522
-0.861808,-0.203496,1.991284,-10.990000,117.180000,43.680000,1770467784.796539
-0.973072,-0.365024,1.745576,-27.860001,106.260002,24.150000,1770467784.804502
-1.026508,-0.417728,1.546228,-31.990000,107.029999,6.300000,1770467784.812504
-1.080676,-0.421144,1.380308,-35.770000,110.949997,-5.390000,1770467784.820505
-1.124840,-0.388692,1.163880,-34.090000,114.519997,-19.389999,1770467784.828544
-1.153876,-0.317444,0.932324,-35.070000,110.320000,-28.000000,1770467784.836802
-1.151436,-0.223992,0.708576,-32.200001,95.480003,-40.950001,1770467784.844524
-1.113372,-0.114680,0.511668,-25.969999,71.959999,-52.290001,1770467784.852499
-1.054080,-0.016592,0.403088,-21.280001,40.950001,-55.439999,1770467784.860500
-0.945256,0.037088,0.356972,-8.680000,7.420000,-60.130001,1770467784.868509
-0.837652,0.101260,0.304756,-2.100000,-19.250000,-58.869999,1770467784.876504
-0.737856,0.142740,0.238632,3.850000,-44.660000,-56.630001,1770467784.884502
-0.590480,0.206668,0.172264,10.570000,-65.519997,-55.090000,1770467784.892501
-0.490440,0.259372,0.117852,9.870000,-86.519997,-47.740002,1770467784.900596
-0.393328,0.276696,0.088084,9.030000,-106.889999,-55.230000,1770467784.908542
-0.276208,0.283040,0.081252,1.330000,-126.349998,-54.950001,1770467784.916493
-0.093940,0.361608,0.069296,1.330000,-151.970001,-30.870001,1770467784.924502
-0.011712,0.364292,0.129320,-3.430000,-167.020004,-15.120000,1770467784.932500
0.061732,0.361120,0.116388,-9.730000,-175.350006,-5.040000,1770467784.940597
0.165920,0.363072,0.163236,-6.020000,-178.570007,12.460000,1770467784.948498
0.218624,0.321836,0.255224,-2.800000,-161.770004,26.389999,1770467784.956493
0.279868,0.284748,0.391620,11.900000,-128.800003,34.160000,1770467784.964513
0.305488,0.298656,0.631228,25.760000,-70.980003,35.980000,1770467784.972818
0.319640,0.352580,0.926468,35.209999,6.650000,34.369999,1770467784.980811
0.271084,0.415776,1.196820,34.790001,78.750000,32.830002,1770467784.988956
0.114192,0.365024,1.468148,26.320000,133.000000,32.130001,1770467784.996525
-0.201300,0.233264,1.888804,24.080000,176.679993,21.840000,1770467785.004565
-0.604388,0.101992,2.166232,40.740002,207.619995,21.700001,1770467785.012563
-1.051640,-0.038308,2.227476,32.759998,204.470001,33.250000,1770467785.020495
-1.285880,-0.183000,2.149884,21.559999,173.949997,35.840000,1770467785.028506
-1.502796,-0.345504,2.059360,10.570000,122.639999,28.209999,1770467785.036542
-1.561112,-0.422364,1.849276,-5.670000,61.180000,17.290001,1770467785.044525
-1.562332,-0.489708,1.607716,-23.450001,1.190000,3.430000,1770467785.052497
-1.439356,-0.535092,1.385432,-40.740002,-55.090000,-12.670000,1770467785.060499
-1.201212,-0.508496,1.184132,-50.189999,-105.839996,-25.340000,1770467785.068694
-0.940132,-0.448472,1.006012,-53.340000,-143.220001,-32.060001,1770467785.076506
-0.653188,-0.361364,0.871812,-52.009998,-168.000000,-35.349998,1770467785.084507
-0.410164,-0.252296,0.742980,-45.009998,-184.100006,-31.990000,1770467785.092491
-0.225212,-0.102480,0.607072,-42.000000,-192.220001,-21.420000,1770467785.100495
-0.034404,-0.028060,0.526552,-35.000000,-192.500000,-11.830000,1770467785.108541
0.075640,0.026596,0.415044,-29.889999,-187.179993,0.630000,1770467785.116626
0.152500,0.025376,0.320860,-21.980000,-178.639999,3.010000,1770467785.124492
0.236436,0.080032,0.226432,-12.740000,-169.889999,4.550000,1770467785.132489
0.311832,0.113948,0.133956,-6.230000,-158.970001,6.230000,1770467785.140512
0.345260,0.161040,0.003172,6.090000,-142.729996,23.030001,1770467785.148498
0.345992,0.165432,-0.067588,13.300000,-123.339996,24.639999,1770467785.156483
0.351604,0.171288,-0.075640,19.809999,-97.230003,23.030001,1770467785.164540
0.375272,0.144448,0.023668,25.410000,-59.570000,23.030001,1770467785.172499
0.417484,0.123952,0.196908,30.450001,-17.570000,19.250000,1770467785.180495
0.463844,0.132492,0.432612,38.009998,27.860001,14.280000,1770467785.188486
0.477752,0.189344,0.723704,43.400002,78.330002,7.700000,1770467785.196497
0.453352,0.265472,0.998692,44.520000,126.559998,2.870000,1770467785.204495
0.382348,0.298168,1.182912,46.619999,171.289993,-0.700000,1770467785.212495
0.282064,0.296216,1.358592,42.700001,208.669998,-1.190000,1770467785.220494
0.155672,0.225700,1.557452,35.419998,228.059998,-2.240000,1770467785.228530
-0.030012,0.144936,1.910032,25.340000,227.500000,6.650000,1770467785.236629
-0.239364,-0.063928,2.352892,27.650000,205.240005,22.400000,1770467785.244497
-0.504348,-0.182756,2.456836,36.889999,161.419998,46.689999,1770467785.252486
-0.888160,-0.222040,2.349964,27.650000,117.040001,52.570000,1770467785.260501
-0.969168,-0.232776,2.115236,2.170000,90.300003,52.570000,1770467785.268497
-1.017236,-0.325252,1.843176,-12.460000,80.220001,26.110001,1770467785.276513
-1.029192,-0.384056,1.632360,-26.530001,81.199997,19.670000,1770467785.284600
-1.044808,-0.396012,1.423496,-31.219999,86.379997,6.790000,1770467785.292506
-1.065060,-0.351116,1.167784,-37.240002,92.190002,-8.750000,1770467785.300506
-1.083604,-0.291580,0.948184,-35.770000,91.980003,-19.040001,1770467785.308520
-1.096292,-0.200080,0.751032,-35.000000,85.050003,-29.469999,1770467785.316501
-1.092144,-0.078324,0.584624,-29.750000,66.639999,-38.500000,1770467785.324503
-1.019188,0.008540,0.461648,-24.219999,43.400002,-49.419998,1770467785.332601
-0.926468,0.087596,0.327448,-15.050000,16.730000,-50.259998,1770467785.340546
-0.803736,0.125904,0.229848,-0.280000,-9.660000,-59.779999,1770467785.348569
-0.692960,0.142740,0.145912,7.420000,-33.040001,-56.279999,1770467785.356476
-0.577792,0.160552,0.091744,14.000000,-53.759998,-58.869999,1770467785.364577
-0.469700,0.176412,0.033428,17.290001,-71.400002,-55.090000,1770467785.372623
-0.349896,0.215940,-0.002196,16.030001,-88.550003,-48.650002,1770467785.380500
-0.233996,0.235704,0.014884,14.840000,-102.900002,-46.900002,1770467785.388513
-0.075640,0.253760,0.104188,7.560000,-118.019997,-39.549999,1770467785.396506
-0.043920,0.257664,0.109800,0.980000,-126.419998,-45.990002,1770467785.404511
0.062220,0.305976,0.119072,-0.910000,-130.899994,-26.250000,1770467785.412501
0.127368,0.315492,0.178120,2.870000,-138.250000,1.750000,1770467785.420501
0.170312,0.264496,0.294752,8.120000,-131.039993,20.160000,1770467785.428504
0.194224,0.236192,0.463356,14.700000,-105.209999,35.980000,1770467785.436553
0.197884,0.266692,0.715652,20.090000,-59.430000,38.009998,1770467785.444519
0.185440,0.360876,1.044320,19.879999,-0.770000,42.000000,1770467785.452488
0.131516,0.418216,1.334192,10.220000,62.860001,43.049999,1770467785.460500
-0.020008,0.383080,1.633336,5.040000,115.150002,38.779999,1770467785.468538
-0.335988,0.227652,1.989576,4.340000,156.309998,32.900002,1770467785.476509
-0.724436,0.072224,2.134268,28.420000,176.960007,37.590000,1770467785.484506
-1.131428,-0.136152,2.151592,20.580000,166.179993,47.599998,1770467785.492504
-1.220000,-0.223260,2.012268,9.870000,135.380005,58.520000,1770467785.500504
-1.392020,-0.454328,1.990308,-3.990000,93.940002,45.919998,1770467785.508518
-1.425936,-0.507520,1.834636,-13.580000,38.290001,34.650002,1770467785.516525
-1.398608,-0.535336,1.648952,-27.510000,-10.570000,22.260000,1770467785.524504
-1.295640,-0.529724,1.434964,-41.509998,-50.470001,8.820000,1770467785.532492
-1.112396,-0.465308,1.207556,-49.000000,-84.769997,-8.610000,1770467785.540636
-0.917684,-0.373076,0.987956,-52.080002,-109.550003,-18.340000,1770467785.548539
-0.726632,-0.250588,0.823988,-50.470001,-129.639999,-23.870001,1770467785.556481
-0.513864,-0.132004,0.718824,-40.459999,-140.350006,-25.830000,1770467785.564515
-0.316468,-0.019276,0.634400,-33.740002,-150.429993,-23.870001,1770467785.572525
-0.146888,0.083936,0.550708,-31.080000,-157.220001,-15.890000,1770467785.580539
0.001952,0.124440,0.472140,-28.000000,-161.419998,-6.930000,1770467785.588497
0.058072,0.163968,0.401380,-27.510000,-158.619995,-7.490000,1770467785.596499
0.152988,0.142252,0.275720,-26.879999,-156.309998,-10.850000,1770467785.604603
0.463112,0.390156,0.047336,-14.210000,-161.770004,5.390000,1770467785.612509
0.283528,0.241316,-0.061488,-5.460000,-157.779999,18.690001,1770467785.620506
0.307196,0.225944,-0.139812,0.210000,-151.199997,21.980000,1770467785.628501
0.323788,0.225944,-0.167140,5.180000,-133.070007,20.020000,1770467785.636496
0.372344,0.181780,-0.037332,13.300000,-100.379997,24.500000,1770467785.644511
0.456280,0.148352,0.180072,20.440001,-56.700001,18.200001,1770467785.652497
0.539972,0.166896,0.468724,30.940001,-2.240000,15.890000,1770467785.660499
0.569252,0.192028,0.735660,39.130001,58.310001,10.360000,1770467785.668512
0.531676,0.244000,0.922808,46.549999,108.500000,7.490000,1770467785.676632
0.491904,0.257908,1.067012,50.889999,150.639999,5.110000,1770467785.684498
0.423096,0.235460,1.245132,52.570000,186.130005,5.320000,1770467785.692503
0.303536,0.140300,1.412760,49.770000,212.029999,11.270000,1770467785.700495
0.096380,0.022692,1.694824,47.389999,227.919998,13.860000,1770467785.708506
-0.108580,-0.142252,2.193560,48.020000,225.820007,24.010000,1770467785.716534
-0.347944,-0.252784,2.501732,58.520000,198.660004,42.139999,1770467785.724602
-0.731268,-0.308904,2.504904,40.459999,152.389999,53.900002,1770467785.732539
-1.056032,-0.543388,2.343864,9.030000,123.830002,39.970001,1770467785.740526
-0.958676,-0.479948,1.935652,-10.080000,101.989998,23.030001,1770467785.748513
-0.975512,-0.538996,1.664324,-24.570000,95.970001,17.639999,1770467785.756515
-1.004548,-0.552660,1.477176,-31.570000,99.820000,1.960000,1770467785.764517
-1.026264,-0.517768,1.284416,-30.309999,104.160004,-5.390000,1770467785.772505
-1.048224,-0.440420,1.082872,-29.680000,105.699997,-21.629999,1770467785.780505
-1.072380,-0.311832,0.880840,-24.360001,102.410004,-33.389999,1770467785.788497
-1.070672,-0.163236,0.700036,-19.809999,88.129997,-45.639999,1770467785.796511
-1.030900,-0.013908,0.580476,-12.880000,66.080002,-59.570000,1770467785.804651
-0.977952,0.107116,0.491416,-8.050000,39.759998,-63.630001,1770467785.812497
-0.888404,0.145912,0.454572,0.140000,17.290001,-71.260002,1770467785.820505
-0.776164,0.227896,0.335256,7.910000,-11.130000,-73.709999,1770467785.828506
-0.645136,0.238876,0.266936,14.000000,-36.889999,-66.849998,1770467785.836501
-0.545340,0.248636,0.195200,12.460000,-55.650002,-70.559998,1770467785.844513
-0.454328,0.245464,0.131272,7.630000,-70.419998,-66.989998,1770467785.852506
-0.193004,0.407968,0.038552,2.310000,-82.180000,-50.820000,1770467785.860499
-0.192272,0.350384,0.043920,-1.750000,-100.449997,-41.860001,1770467785.868520
-0.107604,0.366000,0.038796,-9.450000,-119.000000,-29.469999,1770467785.876561
-0.031964,0.354044,0.062464,-11.970000,-132.229996,-23.030001,1770467785.884503
0.017324,0.303536,0.116632,-14.700000,-132.929993,-18.340000,1770467785.892523
0.167872,0.332084,0.143472,-7.910000,-131.250000,-3.220000,1770467785.900575
0.181780,0.235460,0.263764,7.280000,-115.779999,16.870001,1770467785.908516
0.211548,0.216184,0.467504,26.110001,-82.529999,28.559999,1770467785.916497
0.214964,0.230092,0.780068,40.669998,-29.820000,32.060001,1770467785.924491
0.184464,0.361608,1.157048,49.630001,39.410000,35.279999,1770467785.932505
0.074664,0.455792,1.468880,42.770000,111.650002,36.750000,1770467785.940771
-0.137616,0.402112,1.738988,33.669998,158.059998,35.630001,1770467785.948537
-0.573156,0.291580,1.974204,40.669998,190.679993,32.340000,1770467785.956635
-1.030168,0.196420,1.964932,42.910000,198.729996,38.430000,1770467785.964484
-1.362008,-0.008052,2.022760,24.780001,178.850006,38.779999,1770467785.972786
-1.495232,-0.192272,1.961028,14.980000,124.320000,40.459999,1770467785.981383
-1.644316,-0.322080,1.849764,0.560000,66.430000,24.500000,1770467785.988784
-1.681648,-0.425780,1.645536,-18.340000,2.240000,12.600000,1770467785.996506
-1.612596,-0.523868,1.447408,-32.549999,-54.669998,-5.460000,1770467786.004524
-1.403000,-0.578768,1.271484,-42.209999,-106.680000,-21.840000,1770467786.012504
-1.131428,-0.553148,1.102880,-50.189999,-146.089996,-30.799999,1770467786.020574
-0.841068,-0.490684,0.952088,-52.639999,-177.100006,-39.270000,1770467786.028673
-0.568764,-0.390644,0.830820,-55.230000,-194.320007,-36.889999,1770467786.036513
-0.304268,-0.298168,0.736880,-48.860001,-200.199997,-34.650002,1770467786.044516
-0.093208,-0.172996,0.640012,-39.970001,-197.960007,-28.490000,1770467786.052649
0.058560,-0.065148,0.556320,-33.320000,-189.210007,-16.240000,1770467786.060523
0.122488,0.010248,0.468724,-27.230000,-173.389999,-15.610000,1770467786.068525
0.232044,0.012200,0.390400,-26.040001,-159.669998,-6.580000,1770467786.076496
0.270108,0.078812,0.287188,-19.110001,-144.199997,-6.580000,1770467786.084504
0.310856,0.122976,0.202520,-14.910000,-133.139999,-2.170000,1770467786.092601
0.319152,0.164212,0.094428,-6.650000,-120.120003,18.410000,1770467786.100491
0.321104,0.153720,0.003172,2.030000,-101.430000,16.100000,1770467786.108500
0.309392,0.138836,-0.042212,9.660000,-79.239998,20.580000,1770467786.116495
0.315980,0.132980,-0.009028,15.470000,-51.520000,13.300000,1770467786.124514
0.333792,0.121756,0.119804,20.440001,-16.379999,13.860000,1770467786.132583
0.365024,0.109556,0.335256,22.120001,23.100000,10.360000,1770467786.140518
0.380884,0.133956,0.591700,30.870001,64.190002,6.790000,1770467786.148499
0.364536,0.193492,0.879864,33.669998,107.589996,1.470000,1770467786.156490
0.337208,0.244000,1.077504,39.410000,150.639999,-6.160000,1770467786.164546
0.259860,0.253760,1.218780,43.470001,183.820007,-9.590000,1770467786.172506
0.144936,0.230824,1.423740,42.209999,206.149994,-7.350000,1770467786.180500
-0.035624,0.175192,1.709708,36.189999,209.929993,-6.230000,1770467786.188510
-0.244488,0.070272,2.042524,33.110001,196.490005,2.940000,1770467786.196496
-0.444080,-0.075884,2.288232,41.090000,160.860001,20.790001,1770467786.204496
-0.649040,-0.140056,2.251632,41.230000,104.860001,32.130001,1770467786.212609
-0.849608,-0.161772,2.107428,18.410000,76.089996,38.849998,1770467786.220518
-0.996984,-0.388936,1.965908,-1.120000,56.980000,23.940001,1770467786.228506
-0.849120,-0.346968,1.742404,-14.000000,49.630001,11.620000,1770467786.236490
-0.859124,-0.379664,1.615036,-25.270000,54.529999,3.290000,1770467786.244515
-0.868640,-0.362828,1.450824,-32.200001,64.050003,-5.250000,1770467786.252562
-0.889624,-0.319152,1.239032,-32.759998,74.760002,-13.860000,1770467786.260496
-0.920124,-0.257176,1.006012,-35.000000,81.760002,-23.309999,1770467786.268509
-0.949160,-0.169824,0.773236,-33.459999,81.620003,-35.349998,1770467786.276495
-0.941596,-0.088572,0.559736,-28.350000,71.610001,-45.570000,1770467786.284486
-0.900116,-0.005124,0.400404,-16.799999,52.990002,-59.709999,1770467786.292498
-0.844240,0.016592,0.301584,-8.330000,33.669998,-60.549999,1770467786.300522
-0.792024,0.043920,0.200568,5.320000,12.530000,-68.459999,1770467786.308553
-0.719800,0.061732,0.118340,15.750000,-8.820000,-65.870003,1770467786.316503
-0.636352,0.095404,0.075884,23.240000,-26.110001,-67.410004,1770467786.324505
-0.527284,0.148596,0.073688,28.490000,-49.000000,-62.790001,1770467786.332583
-0.397964,0.199348,0.084912,26.110001,-70.000000,-58.660000,1770467786.340531
-0.267668,0.233752,0.109556,21.070000,-97.089996,-52.709999,1770467786.348602
-0.174216,0.235948,0.129076,13.230000,-118.860001,-49.840000,1770467786.356493
-0.100040,0.217892,0.149328,8.470000,-133.770004,-51.799999,1770467786.364532
0.057096,0.235704,0.157380,11.760000,-139.789993,-30.590000,1770467786.372601
0.139568,0.254980,0.195200,18.129999,-139.580002,-6.090000,1770467786.380498
0.125904,0.217160,0.334036,25.549999,-126.209999,11.970000,1770467786.388512
0.140056,0.240828,0.536556,33.320000,-94.849998,24.780001,1770467786.396494
0.134444,0.328668,0.832772,38.290001,-49.139999,26.530001,1770467786.404568
0.125172,0.393816,1.218780,32.200001,6.650000,30.240000,1770467786.412510
0.086864,0.448228,1.532808,24.430000,51.869999,35.630001,1770467786.420500
-0.119560,0.318908,1.927112,20.230000,90.089996,30.520000,1770467786.428505
-0.453840,0.158600,2.215520,25.410000,121.379997,26.600000,1770467786.436499
-0.830332,0.075640,2.129632,34.020000,130.970001,22.610001,1770467786.444531
-1.080676,-0.133224,2.026420,19.740000,127.610001,28.770000,1770467786.452498
-1.129232,-0.412360,1.937116,10.710000,102.620003,31.150000,1770467786.460501
-1.219268,-0.428708,1.860256,6.230000,62.369999,21.629999,1770467786.468510
-1.255380,-0.447252,1.762168,-7.910000,19.670000,7.910000,1770467786.476509
-1.225612,-0.436516,1.611376,-20.230000,-21.770000,-4.410000,1770467786.484515
-1.119960,-0.383324,1.439112,-30.590000,-55.020000,-20.160000,1770467786.492504
-0.946232,-0.323056,1.246352,-42.980000,-80.500000,-30.450001,1770467786.500503
-0.729560,-0.256932,1.058960,-41.090000,-98.559998,-33.669998,1770467786.508541
-0.551928,-0.160308,0.888648,-39.970001,-114.239998,-38.779999,1770467786.516505
-0.379176,-0.059048,0.761036,-34.439999,-124.879997,-32.200001,1770467786.524534
-0.225456,0.037576,0.646844,-29.889999,-132.089996,-25.549999,1770467786.532587
-0.093208,0.101260,0.554368,-27.230000,-138.110001,-13.160000,1770467786.540633
-0.003904,0.130784,0.463844,-22.469999,-140.699997,-9.590000,1770467786.548513
0.088328,0.096380,0.386740,-21.000000,-141.610001,-7.280000,1770467786.556491
0.152012,0.246196,0.246440,-14.000000,-136.080002,-2.660000,1770467786.564512
0.229360,0.260104,0.090524,-1.120000,-144.550003,25.969999,1770467786.572535
0.239608,0.228872,-0.059536,1.190000,-136.220001,27.510000,1770467786.580571
0.227408,0.222528,-0.167628,8.960000,-124.669998,31.150000,1770467786.588504
0.230824,0.223992,-0.167384,11.620000,-102.339996,29.120001,1770467786.596507
0.246684,0.243756,-0.049776,14.980000,-68.110001,26.180000,1770467786.604541
0.282552,0.241316,0.176900,15.050000,-26.879999,23.660000,1770467786.612552
0.319152,0.230580,0.401136,16.100000,17.639999,20.090000,1770467786.620502
0.349164,0.248636,0.615368,22.120001,66.290001,14.070000,1770467786.628502
0.377468,0.255224,0.867420,35.139999,117.040001,7.350000,1770467786.636512
0.330864,0.307440,1.050908,41.299999,160.929993,3.990000,1770467786.644544
0.223748,0.318908,1.207556,40.529999,190.259995,0.350000,1770467786.652504
0.065148,0.278892,1.425448,31.360001,204.259995,5.530000,1770467786.660494
-0.161772,0.219356,1.739476,22.120001,206.570007,4.900000,1770467786.668560
-0.414312,0.036356,2.128900,18.410000,192.289993,18.200001,1770467786.676667
-0.683200,-0.155672,2.365092,33.180000,148.820007,37.520000,1770467786.684502
-1.048224,-0.258396,2.353380,31.780001,107.379997,50.889999,1770467786.692500
-1.128256,-0.352580,2.117920,8.120000,68.180000,32.549999,1770467786.700503
-1.034560,-0.435540,1.830000,-3.080000,43.540001,17.080000,1770467786.708509
-0.967948,-0.505568,1.665544,-21.910000,35.279999,11.270000,1770467786.716563
-0.922076,-0.558272,1.557208,-30.590000,38.430000,0.210000,1770467786.724510
-0.906216,-0.553880,1.403976,-34.369999,47.669998,-1.540000,1770467786.732523
-0.904020,-0.508496,1.221464,-34.930000,56.000000,-8.470000,1770467786.740611
-0.919636,-0.419436,1.023336,-30.660000,61.950001,-12.180000,1770467786.748526
-0.936716,-0.277184,0.824964,-27.230000,62.090000,-21.980000,1770467786.756486
-0.941596,-0.114436,0.660020,-22.120001,55.299999,-32.830002,1770467786.764510
-0.916464,0.040992,0.528504,-15.120000,40.320000,-39.480000,1770467786.772507
-0.868640,0.160796,0.438468,-5.880000,21.209999,-45.570000,1770467786.780581
-0.779092,0.201056,0.366244,3.990000,0.560000,-51.240002,1770467786.788645
-0.706380,0.227896,0.287188,8.540000,-18.129999,-46.549999,1770467786.796498
-0.604632,0.235460,0.213988,11.550000,-36.820000,-45.500000,1770467786.804501
-0.498736,0.232776,0.149328,12.460000,-54.669998,-38.570000,1770467786.812530
-0.406504,0.249612,0.083204,9.310000,-74.339996,-36.820000,1770467786.820590
-0.319640,0.267912,0.053680,6.230000,-91.910004,-32.830002,1770467786.828516
-0.223260,0.274500,0.048556,-2.660000,-112.559998,-35.209999,1770467786.836500
-0.135664,0.263520,0.074664,-6.650000,-126.349998,-35.630001,1770467786.844527
0.001464,0.303048,0.097112,-11.480000,-139.649994,-24.639999,1770467786.852505
0.131028,0.327204,0.172264,-9.730000,-147.770004,-6.370000,1770467786.860499
0.176412,0.270352,0.270840,-5.250000,-144.339996,15.190000,1770467786.868527
0.230580,0.237168,0.425780,1.680000,-124.949997,27.299999,1770467786.876506
0.223016,0.253760,0.633424,13.230000,-86.309998,35.070000,1770467786.884506
0.206180,0.319396,0.915000,20.790001,-25.480000,29.190001,1770467786.892562
0.200080,0.432612,1.148508,15.750000,36.049999,32.200001,1770467786.900495
0.080520,0.468236,1.283928,14.980000,89.040001,26.950001,1770467786.908495
-0.136884,0.406748,1.560868,7.630000,126.629997,22.820000,1770467786.916505
-0.440176,0.218380,1.900760,10.990000,157.500000,19.530001,1770467786.924511
-0.641232,-0.079300,2.141588,23.100000,153.789993,36.049999,1770467786.932530
-0.870348,-0.210816,2.207712,24.290001,117.949997,61.320000,1770467786.940594
-1.058228,-0.313296,2.211616,18.760000,89.739998,71.400002,1770467786.948536
-1.218780,-0.481900,2.106452,-2.310000,50.540001,52.009998,1770467786.956550
-1.234640,-0.511180,1.864404,-18.969999,12.880000,38.290001,1770467786.964501
-1.171200,-0.534360,1.622356,-36.750000,-20.230000,23.030001,1770467786.972775
-1.041636,-0.508008,1.375428,-48.860001,-46.619999,9.380000,1770467786.980785
-0.877912,-0.444812,1.127036,-53.689999,-64.540001,-2.100000,1770467786.988702
-0.704428,-0.350872,0.914756,-47.740002,-74.550003,-7.280000,1770467786.996522
-0.516792,-0.213012,0.751032,-40.389999,-83.790001,-11.830000,1770467787.004630
-0.391376,-0.051972,0.650748,-29.889999,-88.129997,-10.990000,1770467787.012510
-0.254004,0.068808,0.583160,-27.650000,-90.930000,-4.900000,1770467787.020511
-0.137128,0.161772,0.510204,-26.320000,-94.290001,-4.690000,1770467787.029423
-0.041968,0.179096,0.439200,-28.420000,-97.440002,4.620000,1770467787.036488
0.012932,0.174216,0.363316,-29.400000,-100.800003,3.150000,1770467787.044780
0.074908,0.132980,0.286456,-30.870001,-103.110001,1.190000,1770467787.052512
0.126880,0.145668,0.164700,-27.090000,-106.260002,-1.050000,1770467787.060495
0.264740,0.240828,0.003660,-10.710000,-109.900002,12.390000,1770467787.068560
0.188856,0.186416,-0.042212,-2.240000,-105.559998,21.280001,1770467787.076499
0.193980,0.174704,-0.027816,6.510000,-90.860001,19.389999,1770467787.084517
0.215940,0.136884,0.076128,14.000000,-65.309998,18.969999,1770467787.092609
0.256444,0.110288,0.254980,17.570000,-32.970001,12.040000,1770467787.100501
0.312320,0.082716,0.510936,26.180000,5.180000,6.440000,1770467787.108505
0.332084,0.145424,0.779336,37.099998,48.860001,3.150000,1770467787.116490
0.345504,0.209596,1.033828,46.900002,95.830002,-9.940000,1770467787.124494
0.305488,0.247904,1.201944,54.740002,134.259995,-14.350000,1770467787.132584
0.205936,0.259372,1.390312,50.119999,163.940002,-17.290001,1770467787.140503
0.060268,0.218136,1.605276,41.090000,179.899994,-10.850000,1770467787.148512
-0.152256,0.124196,1.902224,31.780001,180.039993,-2.520000,1770467787.156570
-0.364536,-0.066856,2.299944,37.310001,162.750000,12.250000,1770467787.164497
-0.577792,-0.191540,2.441952,43.330002,121.239998,31.780001,1770467787.172497
-0.865468,-0.265472,2.320196,23.660000,89.949997,41.930000,1770467787.180505
-0.986980,-0.495076,2.158180,3.990000,71.190002,33.669998,1770467787.188496
-0.869372,-0.470432,1.862696,-8.470000,65.519997,15.750000,1770467787.196495
-0.882548,-0.525576,1.681160,-18.340000,70.209999,10.150000,1770467787.204571
-0.943304,-0.534848,1.481812,-21.559999,82.110001,-2.590000,1770467787.212489
-0.931836,-0.479704,1.236104,-25.760000,88.410004,-10.990000,1770467787.220493
-0.950136,-0.407236,0.994544,-25.410000,90.860001,-22.959999,1770467787.228495
-0.975024,-0.279136,0.754936,-22.469999,87.500000,-32.060001,1770467787.236520
-0.950380,-0.130784,0.541192,-13.930000,76.300003,-44.520000,1770467787.244653
-0.899140,-0.006344,0.390400,-3.360000,59.500000,-48.020000,1770467787.252492
-0.827892,0.077836,0.294752,10.920000,38.290001,-50.119999,1770467787.260499
-0.740296,0.115656,0.216428,23.309999,17.570000,-48.860001,1770467787.268503
-0.647576,0.141276,0.157624,29.889999,0.560000,-45.220001,1770467787.276551
-0.569008,0.212036,0.101260,30.870001,-16.590000,-42.070000,1770467787.284627
-0.475800,0.268400,0.074664,31.570000,-32.340000,-42.910000,1770467787.292510
-0.375028,0.314272,0.061488,23.870001,-49.490002,-37.029999,1770467787.300504
-0.299632,0.306708,0.075884,19.320000,-68.250000,-42.349998,1770467787.308509
-0.178852,0.236680,0.123464,9.450000,-82.459999,-41.369999,1770467787.316504
-0.034892,0.312808,0.121756,4.200000,-95.830002,-11.550000,1770467787.324532
-0.044164,0.229116,0.177388,-1.120000,-103.180000,7.560000,1770467787.332537
-0.043676,0.193980,0.220088,-5.530000,-92.470001,24.639999,1770467787.340509
-0.070516,0.194712,0.318420,4.620000,-73.919998,31.920000,1770467787.348553
-0.126880,0.223992,0.501908,14.070000,-40.669998,35.279999,1770467787.356582
-0.214720,0.288164,0.796660,22.120001,2.100000,34.160000,1770467787.364510
-0.304756,0.344772,1.197796,24.010000,51.099998,23.590000,1770467787.372515
-0.512644,0.321592,1.607716,28.000000,90.300003,18.900000,1770467787.380504
-0.830820,0.236192,1.837808,38.779999,113.050003,6.790000,1770467787.388558
-1.156316,0.089060,1.772904,34.860001,111.089996,15.330000,1770467787.396603
-1.348832,-0.139080,1.699216,19.320000,83.720001,22.260000,1770467787.404497
-1.478396,-0.445056,1.761924,10.290000,44.869999,28.910000,1770467787.412484
-1.404708,-0.585844,1.745820,1.120000,-6.440000,36.189999,1770467787.420499
-1.357860,-0.707844,1.712880,-1.330000,-51.869999,29.120001,1770467787.428493
-1.235128,-0.726144,1.607472,-8.120000,-87.080002,31.780001,1770467787.436546
-1.046760,-0.657092,1.498404,-13.790000,-112.419998,19.670000,1770467787.444547
-0.820328,-0.539728,1.390800,-19.320000,-127.889999,11.130000,1770467787.452544
-0.591944,-0.404796,1.250012,-27.370001,-139.229996,5.880000,1770467787.460526
-0.392596,-0.262544,1.086044,-31.850000,-145.179993,1.820000,1770467787.468516
-0.224236,-0.110288,0.884500,-35.490002,-150.149994,6.300000,1770467787.476496
-0.065148,0.038552,0.710040,-39.759998,-149.520004,11.340000,1770467787.484512
0.042212,0.147620,0.582428,-34.020000,-146.020004,22.330000,1770467787.492577
0.097600,0.193492,0.506544,-35.560001,-136.009995,16.100000,1770467787.500502
0.300608,0.656604,0.180804,-17.360001,-132.089996,19.809999,1770467787.508515
0.316956,0.642208,0.247660,-0.700000,-133.979996,42.139999,1770467787.516497
0.308416,0.714920,0.111264,10.850000,-123.760002,45.709999,1770467787.524504
0.325984,0.729804,-0.054412,21.700001,-110.669998,28.559999,1770467787.532502
0.336476,0.732976,-0.146888,14.700000,-91.139999,24.080000,1770467787.540517
0.351848,0.719312,-0.101992,11.900000,-64.470001,7.700000,1770467787.548710
0.385032,0.692472,0.030012,4.200000,-29.680000,4.970000,1770467787.556492
0.424804,0.642940,0.219844,-0.560000,14.350000,-1.540000,1770467787.564504
0.440908,0.599752,0.415044,0.210000,56.490002,-5.670000,1770467787.572507
0.422608,0.566568,0.602680,2.310000,100.029999,-6.790000,1770467787.580537
0.385032,0.487024,0.793976,11.340000,144.619995,-12.600000,1770467787.588594
0.301584,0.368684,1.009916,16.170000,182.350006,-7.280000,1770467787.596496
0.162992,0.260836,1.251964,16.309999,210.839996,-4.900000,1770467787.604507
-0.054900,0.177876,1.565260,14.000000,229.250000,-1.050000,1770467787.612495
-0.360876,0.060512,1.897344,3.220000,234.500000,9.730000,1770467787.620537
-0.598776,-0.085888,2.171600,16.450001,210.910004,23.240000,1770467787.628654
-1.069696,-0.392352,2.514420,43.189999,164.500000,51.660000,1770467787.636498
-1.310768,-0.449448,2.420480,35.070000,127.470001,47.320000,1770467787.644537
-1.282708,-0.500444,2.074244,25.410000,100.029999,36.540001,1770467787.652659
-1.224880,-0.588040,1.757044,2.240000,85.260002,34.090000,1770467787.660497
-1.198040,-0.695888,1.539884,-17.430000,79.870003,21.700001,1770467787.668516
-1.185840,-0.761524,1.371524,-35.910000,79.730003,13.510000,1770467787.676494
-1.203896,-0.722972,1.174372,-44.099998,78.540001,6.790000,1770467787.684510
-1.231468,-0.594384,0.952088,-43.540001,72.940002,-0.560000,1770467787.692510
-1.272948,-0.456524,0.789096,-41.650002,64.260002,-10.080000,1770467787.700592
-1.216584,-0.289384,0.697108,-36.889999,43.119999,-16.799999,1770467787.708508
-1.148996,-0.108824,0.646844,-34.299999,13.510000,-21.840000,1770467787.716497
-1.069940,0.075884,0.596336,-34.230000,-17.920000,-32.759998,1770467787.724511
-0.949160,0.193736,0.539240,-29.540001,-44.590000,-41.509998,1770467787.732501
-0.811300,0.241316,0.468724,-26.879999,-67.480003,-46.549999,1770467787.740566
-0.672708,0.235216,0.386252,-23.520000,-84.769997,-55.090000,1770467787.748540
-0.521916,0.209108,0.310612,-24.360001,-100.870003,-52.709999,1770467787.756505
-0.386008,0.155428,0.217648,-21.770000,-111.300003,-59.080002,1770467787.764509
-0.266204,0.203496,0.112240,-21.770000,-119.980003,-44.660000,1770467787.772510
-0.190320,0.256200,0.024400,-20.230000,-126.419998,-49.560001,1770467787.780603
-0.100040,0.285724,-0.017812,-17.990000,-134.750000,-47.459999,1770467787.788506
-0.045384,0.281332,-0.030012,-22.680000,-143.779999,-44.169998,1770467787.796507
0.031232,0.220088,0.010980,-30.240000,-150.570007,-50.259998,1770467787.804507
0.112728,0.227896,0.043920,-23.870001,-148.960007,-40.599998,1770467787.812563
0.238144,0.216916,0.113948,-15.890000,-151.619995,-10.500000,1770467787.820530
0.303536,0.161772,0.238388,-1.540000,-131.179993,9.450000,1770467787.828519
0.299876,0.153720,0.390156,13.440000,-96.879997,25.760000,1770467787.836499
0.280600,0.204472,0.625372,34.439999,-42.560001,22.120001,1770467787.844501
0.248148,0.271084,0.938180,46.410000,24.500000,21.980000,1770467787.852513
0.210816,0.332084,1.285636,40.599998,91.279999,21.559999,1770467787.860504
0.053924,0.273524,1.534516,35.980000,144.690002,18.340000,1770467787.868546
-0.251320,0.123464,1.847568,43.750000,185.149994,18.969999,1770467787.876500
-0.639036,0.038796,2.103036,66.989998,200.899994,22.959999,1770467787.884504
-1.043832,-0.139080,2.275056,61.459999,183.470001,32.689999,1770467787.892630
-1.172908,-0.185196,2.240408,41.299999,144.479996,39.759998,1770467787.900502
-1.365668,-0.379420,2.166232,20.230000,93.730003,22.959999,1770467787.908514
-1.375916,-0.468724,1.937604,-7.140000,36.540001,8.120000,1770467787.916502
-1.301496,-0.557052,1.706780,-28.000000,-20.650000,-0.420000,1770467787.924517
-1.152412,-0.604876,1.496208,-41.509998,-67.900002,-9.380000,1770467787.932506
-0.928908,-0.569008,1.272948,-50.330002,-107.519997,-18.900000,1770467787.940508
-0.657092,-0.513864,1.074088,-42.770000,-133.559998,-27.790001,1770467787.948741
-0.468236,-0.359412,0.913048,-36.959999,-147.279999,-28.350000,1770467787.956532
-0.303292,-0.181292,0.798124,-25.900000,-151.199997,-33.250000,1770467787.964515
-0.121268,-0.047580,0.717116,-17.430000,-150.500000,-26.879999,1770467787.972808
0.018788,0.063196,0.647820,-12.810000,-146.020004,-21.770000,1770467787.980716
0.081740,0.145180,0.565592,-8.540000,-136.080002,-24.219999,1770467787.988803
0.170312,0.133712,0.486536,-11.550000,-123.199997,-24.290001,1770467787.996545
0.255224,0.202520,0.385276,-6.720000,-114.660004,-30.730000,1770467788.004609
0.363560,0.301096,0.269376,2.870000,-106.470001,-7.490000,1770467788.012514
0.350872,0.272792,0.157868,4.200000,-95.339996,0.140000,1770467788.020503
0.337452,0.253516,0.031964,8.680000,-82.110001,-0.420000,1770467788.028746
0.324276,0.252784,-0.038308,13.510000,-64.260002,6.300000,1770467788.036488
0.305488,0.259372,-0.020252,17.639999,-38.990002,-2.800000,1770467788.044502
0.310612,0.248392,0.108092,21.629999,-6.300000,0.490000,1770467788.052515
0.334280,0.223748,0.303536,20.580000,35.209999,-4.410000,1770467788.060529
0.346968,0.233752,0.543388,25.760000,77.629997,-8.050000,1770467788.068534
0.332816,0.272792,0.776652,29.540001,122.570000,-13.020000,1770467788.076499
0.287432,0.323300,0.945256,33.740002,164.360001,-20.160000,1770467788.084503
0.240340,0.290604,1.112152,39.970001,202.020004,-24.219999,1770467788.092503
0.153476,0.280356,1.295396,41.439999,224.139999,-23.100000,1770467788.100484
-0.025132,0.250344,1.591856,34.230000,229.250000,-14.000000,1770467788.108577
-0.284748,0.141764,1.905640,26.459999,220.570007,-7.140000,1770467788.116520
-0.538752,-0.044896,2.117188,40.040001,188.580002,12.040000,1770467788.124549
-0.808860,-0.079788,2.178676,45.639999,137.830002,25.969999,1770467788.132496
-1.028216,-0.102236,2.069608,23.870001,104.370003,33.110001,1770467788.140495
-1.088972,-0.247172,1.872700,2.030000,80.709999,4.200000,1770467788.148715
-1.089948,-0.338916,1.687992,-14.350000,68.809998,-3.990000,1770467788.156523
-1.077260,-0.431392,1.563308,-23.799999,67.410004,-9.590000,1770467788.164500
-1.092144,-0.472384,1.428864,-34.160000,67.269997,-22.959999,1770467788.172501
-1.104832,-0.474092,1.227076,-38.430000,69.440002,-28.700001,1770467788.180490
-1.102392,-0.426756,0.989176,-34.509998,65.519997,-46.689999,1770467788.188503
-1.072868,-0.342820,0.739320,-36.540001,57.119999,-56.840000,1770467788.196503
-1.005768,-0.247904,0.530700,-29.330000,40.669998,-72.239998,1770467788.204542
-0.908412,-0.167628,0.407480,-16.799999,17.219999,-82.809998,1770467788.212495
-0.806420,-0.114436,0.325496,-0.980000,-3.570000,-83.440002,1770467788.220493
-0.719068,-0.066124,0.275232,13.790000,-22.049999,-89.320000,1770467788.228506
-0.627812,-0.000488,0.239852,23.870001,-40.880001,-87.779999,1770467788.236490
-0.527284,0.069052,0.210328,27.299999,-57.750000,-89.879997,1770467788.244495
-0.410164,0.144692,0.182024,30.309999,-75.879997,-84.070000,1770467788.252521
-0.290604,0.203984,0.147376,27.790001,-96.040001,-81.550003,1770467788.260577
-0.182268,0.220332,0.122244,24.570000,-116.410004,-74.620003,1770467788.268513
-0.102724,0.228384,0.125904,20.860001,-133.419998,-73.150002,1770467788.276492
-0.020496,0.175436,0.144692,16.309999,-142.520004,-70.980003,1770467788.284481
0.142740,0.331596,0.112728,20.860001,-150.990005,-50.680000,1770467788.292503
0.165920,0.267424,0.181048,28.980000,-152.949997,-23.660000,1770467788.300546
0.216428,0.223016,0.276696,38.220001,-138.460007,-5.950000,1770467788.308508
0.244244,0.200812,0.434808,48.439999,-106.470001,4.060000,1770467788.316591
0.264252,0.231068,0.703940,57.470001,-56.770000,12.950000,1770467788.324534
0.294752,0.320128,1.067744,60.060001,11.760000,19.250000,1770467788.332501
0.240340,0.412848,1.446676,54.880001,77.489998,28.420000,1770467788.340505
0.098332,0.377956,1.822192,48.299999,129.850006,29.540001,1770467788.348550
-0.254248,0.254492,2.151348,52.639999,168.910004,28.209999,1770467788.356625
-0.700280,0.245220,2.180384,56.490002,191.309998,16.730000,1770467788.364534
-1.114348,0.040504,2.093764,47.950001,198.029999,15.540000,1770467788.372646
-1.275876,-0.134932,2.029348,36.330002,169.050003,18.969999,1770467788.380511
-1.493036,-0.282064,1.974692,29.540001,115.500000,6.510000,1770467788.388503
-1.559648,-0.337940,1.822436,18.340000,51.310001,-8.190000,1770467788.396547
-1.555988,-0.386496,1.636996,4.480000,-16.170000,-24.639999,1770467788.404525
-1.400316,-0.432368,1.453752,-6.790000,-74.550003,-40.250000,1770467788.412493
-1.136796,-0.424072,1.293932,-17.010000,-123.059998,-54.880001,1770467788.420728
-0.863516,-0.382836,1.127768,-18.340000,-154.070007,-67.059998,1770467788.428506
-0.595604,-0.303780,0.996496,-21.559999,-177.660004,-74.480003,1770467788.436486
-0.348676,-0.177632,0.900604,-22.190001,-188.160004,-70.559998,1770467788.444519
-0.122488,-0.096136,0.807884,-16.870001,-192.500000,-61.389999,1770467788.452524
0.033428,-0.004636,0.692472,-12.670000,-190.330002,-52.849998,1770467788.460505
0.109800,0.012444,0.608780,-4.690000,-178.500000,-51.520000,1770467788.468536
0.236436,0.046604,0.496784,-2.660000,-167.300003,-46.340000,1770467788.476599
0.495808,0.268644,0.331596,13.510000,-161.279999,-20.860001,1770467788.484504
0.390644,0.220820,0.239120,19.040001,-150.360001,-4.480000,1770467788.492510
0.384788,0.206180,0.100528,19.670000,-135.660004,1.050000,1770467788.500546
0.368928,0.203984,-0.040260,24.850000,-117.459999,1.680000,1770467788.508576
0.365512,0.204228,-0.080764,27.510000,-90.019997,0.000000,1770467788.516491
0.361852,0.214232,-0.047824,28.770000,-56.139999,-2.100000,1770467788.524510
0.372832,0.225212,0.063196,24.500000,-15.120000,-4.690000,1770467788.532524
0.396256,0.219844,0.236680,20.580000,29.190001,-6.370000,1770467788.540497
0.415776,0.210328,0.443592,21.559999,75.320000,-9.100000,1770467788.548572
0.408700,0.251564,0.657336,25.410000,119.980003,-14.560000,1770467788.556520
0.363316,0.318664,0.853268,28.420000,162.610001,-17.780001,1770467788.564505
0.292556,0.374784,1.024556,33.880001,201.110001,-23.730000,1770467788.572501
0.202032,0.387228,1.212680,32.060001,232.610001,-23.379999,1770467788.580503
0.036112,0.364780,1.474736,24.010000,242.899994,-26.320000,1770467788.588629
-0.210084,0.311832,1.799256,8.680000,239.889999,-21.280001,1770467788.596504
-0.443104,0.080520,2.094008,4.480000,218.750000,-11.410000,1770467788.604503
-0.728584,-0.134688,2.320440,31.150000,174.300003,8.470000,1770467788.612498
-1.108004,-0.213744,2.274324,31.639999,124.180000,22.959999,1770467788.620497
-1.286368,-0.312076,2.047648,16.030001,83.300003,4.410000,1770467788.628510
-1.136796,-0.250100,1.741428,0.350000,56.770000,-3.430000,1770467788.636574
-1.093852,-0.327448,1.570140,-12.320000,45.150002,-15.820000,1770467788.644504
-1.066036,-0.393816,1.433012,-22.330000,43.820000,-18.830000,1770467788.652644
-1.056276,-0.412116,1.253184,-30.030001,47.880001,-29.400000,1770467788.660502
-1.042612,-0.389424,1.037732,-31.500000,47.740002,-37.590000,1770467788.668520
-1.028948,-0.326472,0.814472,-30.660000,43.959999,-46.759998,1770467788.676494
-0.993568,-0.245220,0.624640,-24.780001,33.389999,-64.260002,1770467788.684502
-0.920368,-0.173240,0.488000,-18.549999,19.879999,-74.900002,1770467788.692578
-0.857172,-0.122976,0.392352,-5.460000,4.830000,-86.169998,1770467788.700511
-0.765428,-0.073444,0.319396,6.300000,-12.670000,-91.000000,1770467788.708505
-0.676368,-0.024400,0.260836,17.080000,-27.930000,-96.949997,1770467788.716537
-0.568764,0.035868,0.222284,24.219999,-44.869999,-98.629997,1770467788.724518
-0.458720,0.117852,0.178852,29.680000,-63.910000,-103.809998,1770467788.732521
-0.340136,0.199592,0.137372,30.799999,-84.070000,-96.809998,1770467788.740496
-0.172996,0.263032,0.185196,28.910000,-104.230003,-92.120003,1770467788.748799
-0.131272,0.266936,0.137128,24.850000,-125.510002,-94.500000,1770467788.756514
-0.053192,0.304024,0.126148,23.870001,-133.770004,-81.900002,1770467788.764525
0.276208,0.481168,0.135176,30.309999,-155.190002,-53.480000,1770467788.772500
0.212524,0.336720,0.271328,32.200001,-154.630005,-26.809999,1770467788.780572
0.240340,0.318664,0.373808,35.980000,-140.699997,-7.280000,1770467788.788519
0.272304,0.318664,0.526552,44.310001,-105.910004,1.680000,1770467788.796519
0.290360,0.352336,0.780800,52.009998,-48.790001,10.010000,1770467788.804506
0.309880,0.431148,1.116544,53.619999,14.070000,17.219999,1770467788.812501
0.290848,0.482876,1.430328,45.220001,71.330002,25.200001,1770467788.820576
0.168116,0.403332,1.718004,35.700001,113.050003,30.309999,1770467788.828518
-0.176656,0.227652,1.969080,35.560001,149.729996,24.080000,1770467788.836496
-0.554612,0.121512,1.952244,47.669998,179.270004,16.730000,1770467788.844543
-0.998936,-0.112972,1.952732,47.529999,192.710007,19.670000,1770467788.852509
-1.276852,-0.343064,1.989820,35.070000,172.270004,12.530000,1770467788.860511
-1.349808,-0.352336,1.935896,31.219999,127.959999,3.500000,1770467788.868515
-1.496696,-0.361852,1.846592,17.080000,69.860001,-3.780000,1770467788.876634
-1.536468,-0.363316,1.689700,-0.910000,7.070000,-18.129999,1770467788.884500
-1.458876,-0.390156,1.518900,-17.360001,-49.490002,-30.730000,1770467788.892503
-1.252452,-0.384544,1.326140,-31.990000,-97.790001,-43.959999,1770467788.900518
-0.992104,-0.375760,1.157780,-34.860001,-130.970001,-60.830002,1770467788.908543
-0.718092,-0.327204,1.024312,-35.910000,-151.550003,-66.639999,1770467788.916618
-0.468724,-0.218868,0.902312,-33.250000,-164.500000,-71.120003,1770467788.924505
-0.259860,-0.122976,0.781776,-28.559999,-170.449997,-66.290001,1770467788.932503
-0.076860,-0.023180,0.695156,-23.660000,-173.179993,-53.480000,1770467788.940492
0.042700,0.042456,0.581696,-12.670000,-169.610001,-45.990002,1770467788.948496
0.148596,0.050752,0.475556,-10.780000,-164.009995,-41.860001,1770467788.956540
0.210816,0.117120,0.352824,-2.030000,-156.869995,-44.169998,1770467788.964614
0.371612,0.233020,0.231800,14.770000,-159.740005,-12.390000,1770467788.972808
0.375516,0.196908,0.133712,25.830000,-148.399994,-0.630000,1770467788.981302
0.362096,0.193980,0.000000,28.209999,-139.860001,1.470000,1770467788.988932
0.363560,0.188612,-0.089548,31.780001,-121.800003,1.820000,1770467788.996526
0.365756,0.177632,-0.095648,36.889999,-93.309998,0.630000,1770467789.004578
0.381372,0.173240,-0.015372,35.770000,-57.470001,-1.890000,1770467789.012504
0.418704,0.156648,0.126392,35.419998,-15.050000,-4.480000,1770467789.020515
0.459208,0.148840,0.310368,36.889999,32.549999,-8.470000,1770467789.028522
0.488000,0.161772,0.545096,38.779999,81.970001,-9.030000,1770467789.036512
0.487512,0.214476,0.776652,42.139999,129.360001,-11.550000,1770467789.044507
0.448716,0.252784,0.969168,42.770000,173.389999,-11.970000,1770467789.052527
0.383568,0.244732,1.170956,43.470001,211.679993,-9.730000,1770467789.060497
0.276208,0.167872,1.338828,42.560001,239.050003,-14.420000,1770467789.068508
0.120292,0.085400,1.648952,32.480000,249.619995,-10.010000,1770467789.076634
-0.117608,-0.083204,2.076196,23.100000,247.800003,-6.370000,1770467789.084504
-0.421144,-0.318420,2.503196,45.990002,225.190002,15.190000,1770467789.092496
-0.952820,-0.390888,2.569320,59.080002,179.970001,33.250000,1770467789.100502
-1.174616,-0.379908,2.381196,42.770000,130.830002,-0.280000,1770467789.108645
-1.246352,-0.362584,2.001044,24.850000,91.279999,-9.730000,1770467789.116494
-1.249768,-0.351116,1.708000,9.240000,67.760002,-21.209999,1770467789.124497
-1.229516,-0.328912,1.534272,-0.980000,57.049999,-36.470001,1770467789.132496
-1.206580,-0.262788,1.384700,-15.400000,53.060001,-45.639999,1770467789.140487
-1.181692,-0.173972,1.167052,-23.240000,49.279999,-57.189999,1770467789.148503
-1.156072,-0.098088,0.889380,-28.980000,40.320000,-68.529999,1770467789.156562
-1.109712,-0.038552,0.646600,-32.689999,26.040001,-85.400002,1770467789.164496
-1.067012,0.068320,0.477996,-24.570000,7.280000,-101.080002,1770467789.172504
-0.906948,0.028792,0.374784,-15.120000,-10.290000,-110.320000,1770467789.180494
-0.793732,0.067832,0.294508,-3.780000,-26.670000,-126.559998,1770467789.188498
-0.659532,0.125660,0.230336,10.990000,-42.349998,-123.339996,1770467789.196495
-0.518012,0.200080,0.197640,24.780001,-58.029999,-133.979996,1770467789.204534
-0.402356,0.281332,0.198860,29.750000,-77.910004,-126.349998,1770467789.212505
-0.300364,0.334768,0.231068,26.530001,-100.660004,-130.479996,1770467789.220495
-0.134932,0.449204,0.237412,28.910000,-124.110001,-121.730003,1770467789.228507
0.078080,0.636352,0.254980,31.780001,-146.860001,-105.699997,1770467789.236488
0.125660,0.638060,0.225456,31.990000,-170.520004,-82.110001,1770467789.244493
0.183732,0.619516,0.235460,26.530001,-176.889999,-59.570000,1770467789.252793
0.221552,0.556564,0.234484,21.280001,-166.740005,-36.889999,1770467789.260506
0.281820,0.484828,0.260348,23.520000,-142.449997,-11.620000,1770467789.268485
0.340868,0.410164,0.328912,30.240000,-102.760002,-4.550000,1770467789.276496
0.384056,0.348920,0.499468,41.509998,-47.669998,10.920000,1770467789.284481
0.403576,0.303780,0.764696,51.240002,22.120001,14.210000,1770467789.292496
0.408700,0.267180,1.079456,56.209999,96.949997,25.969999,1770467789.300511
0.356972,0.167384,1.484496,53.970001,159.740005,22.680000,1770467789.308507
0.097356,-0.038064,1.776808,59.290001,210.910004,25.480000,1770467789.316564
-0.338184,-0.124684,1.964932,86.940002,250.039993,30.590000,1770467789.324499
-1.090192,-0.249124,2.009096,98.070000,272.790009,37.520000,1770467789.332504
-1.387628,-0.479216,2.061556,72.519997,264.250000,4.690000,1770467789.340537
-1.633336,-0.526308,1.998360,61.459999,200.479996,14.000000,1770467789.348508
-1.806820,-0.539240,1.873920,40.250000,119.489998,4.620000,1770467789.356644
-1.911984,-0.554368,1.681160,13.300000,28.000000,-7.630000,1770467789.364497
-1.854888,-0.569984,1.490840,-8.470000,-56.209999,-28.910000,1770467789.372523
-1.627968,-0.557540,1.335168,-25.410000,-119.769997,-51.590000,1770467789.380501
-1.296372,-0.538020,1.241716,-31.570000,-163.520004,-71.889999,1770467789.388507
-1.003328,-0.447984,1.131184,-35.980000,-189.630005,-90.790001,1770467789.396532
-0.739320,-0.326472,1.046028,-38.639999,-196.559998,-100.730003,1770467789.404604
-0.493612,-0.202032,0.958676,-36.889999,-193.899994,-105.139999,1770467789.412499
-0.283772,-0.059780,0.845948,-29.330000,-189.839996,-100.449997,1770467789.420649
-0.102480,0.059292,0.732976,-19.879999,-183.330002,-95.410004,1770467789.428508
-0.007564,0.127856,0.615612,-11.480000,-175.839996,-85.400002,1770467789.436496
0.054900,0.136152,0.489464,-6.650000,-165.970001,-82.459999,1770467789.444502
0.164700,0.299632,0.322324,4.900000,-162.399994,-74.269997,1770467789.452520
0.308904,0.334524,0.241072,20.790001,-161.559998,-41.790001,1770467789.460526
0.379664,0.351360,0.213256,19.530001,-151.059998,-26.250000,1770467789.468594
0.408700,0.335988,0.137860,15.960000,-131.740005,-22.889999,1770467789.476526
0.440908,0.280844,0.037820,16.870001,-102.620003,-15.260000,1770467789.484501
0.469456,0.195444,-0.042456,24.010000,-65.449997,-11.200000,1770467789.492501
0.538996,0.057584,-0.013176,35.000000,-9.030000,-7.630000,1770467789.500500
0.572424,0.013908,0.024156,53.970001,58.310001,-10.710000,1770467789.508529
0.593652,0.033916,0.127368,65.519997,120.540001,-10.570000,1770467789.516514
0.652700,0.042456,0.330620,72.800003,176.470001,-8.610000,1770467789.524513
0.653676,0.109312,0.564616,77.559998,229.600006,-5.250000,1770467789.532491
0.655872,0.082472,0.787388,81.410004,295.049988,9.030000,1770467789.540501
0.489220,0.260104,0.834236,75.389999,331.450012,2.520000,1770467789.548530
0.369172,0.383080,1.030656,65.099998,339.149994,-8.190000,1770467789.556622
0.132980,0.336720,1.319064,55.650002,335.929993,-12.880000,1770467789.564498
-0.111996,0.000000,1.621380,48.509998,337.890015,-13.790000,1770467789.572511
-0.423828,-0.218624,1.822192,36.470001,320.880005,-0.420000,1770467789.580499
-0.861564,-0.196420,1.780956,28.840000,242.130005,22.820000,1770467789.588537
-1.778028,-0.511668,2.026664,12.810000,152.389999,19.459999,1770467789.596560
-2.295308,0.004636,1.619428,-5.670000,15.190000,18.480000,1770467789.604509
-1.820972,-0.443836,1.295640,36.959999,-25.270000,-0.980000,1770467789.612501
-1.786080,-0.449936,1.433744,52.849998,-79.800003,62.790001,1770467789.620524
-1.497184,-0.275964,1.514264,139.860001,20.510000,-71.820000,1770467789.628555
-1.231712,-0.494344,1.269776,73.430000,20.299999,-84.489998,1770467789.636497
-1.187792,-0.422120,1.100440,79.379997,22.400000,71.120003,1770467789.644505
-1.232200,-0.312320,0.943548,53.970001,40.529999,-111.300003,1770467789.652554
-1.198040,-0.188612,0.782508,52.009998,47.110001,4.550000,1770467789.660513
-1.142896,-0.080032,0.655628,56.910000,42.279999,-80.220001,1770467789.668500
-1.114348,0.055876,0.538996,57.470001,27.020000,-25.340000,1770467789.676502
-1.077504,0.179096,0.468236,53.759998,3.640000,-68.389999,1770467789.684521
-1.032120,0.289384,0.450912,49.630001,-17.920000,-45.919998,1770467789.692637
-0.988200,0.366488,0.475800,40.810001,-34.020000,-50.049999,1770467789.700499
-0.902800,0.426512,0.480680,29.330000,-47.040001,-68.949997,1770467789.708526
-0.785680,0.427244,0.413092,21.910000,-53.410000,-28.629999,1770467789.716500
-0.710284,0.488732,0.320128,11.970000,-69.790001,-51.450001,1770467789.724544
-0.545340,0.392108,0.202276,-1.750000,-104.790001,-25.549999,1770467789.732519
-0.373808,0.307440,0.099552,-10.220000,-130.339996,-26.879999,1770467789.740510
-0.215696,0.271816,0.005856,-8.890000,-147.279999,-24.850000,1770467789.748513
-0.122976,0.319152,-0.029036,-2.870000,-156.309998,-21.980000,1770467789.756538
-0.025864,0.450668,0.042456,4.900000,-147.000000,-29.610001,1770467789.764493
0.008052,0.578768,0.233020,2.240000,-120.260002,-17.500000,1770467789.772515
0.033916,0.691984,0.487268,-11.340000,-84.349998,-17.150000,1770467789.780521
0.051972,0.888648,0.760060,-30.870001,-59.990002,-12.180000,1770467789.788525
-0.046604,0.927932,1.093608,-52.570000,-36.119999,-16.379999,1770467789.796516
-0.184952,0.719800,1.277828,-69.089996,-4.480000,-17.920000,1770467789.804592
-0.406260,0.415776,1.316624,-78.470001,30.100000,-17.500000,1770467789.812504
-0.649528,0.186660,1.316136,-75.110001,54.110001,-27.160000,1770467789.820496
-0.829112,0.005612,1.264164,-75.459999,50.959999,-24.219999,1770467789.828532
-0.931104,-0.209108,1.223172,-72.519997,23.170000,-17.010000,1770467789.836519
-1.013576,-0.393572,1.214144,-61.669998,-16.799999,-9.030000,1770467789.844505
-1.029192,-0.454816,1.252452,-49.070000,-53.130001,-7.700000,1770467789.852525
-0.954284,-0.405772,1.290272,-43.330002,-82.250000,-3.570000,1770467789.860652
-0.850584,-0.395768,1.264896,-44.450001,-89.599998,-1.750000,1770467789.868520
-0.760304,-0.381372,1.178520,-48.299999,-83.790001,9.450000,1770467789.876524
-0.682468,-0.368684,1.046760,-51.660000,-70.769997,17.780001,1770467789.884503
-0.639036,-0.360388,0.916464,-53.200001,-55.650002,30.030001,1770467789.892500
-0.640988,-0.318176,0.799588,-54.529999,-43.680000,44.169998,1770467789.900501
-0.650016,-0.242780,0.739808,-55.299999,-33.110001,51.029999,1770467789.908638
-0.634888,-0.152500,0.714920,-61.599998,-31.430000,58.869999,1770467789.916496
-0.595604,-0.054412,0.683688,-69.580002,-34.299999,64.610001,1770467789.924503
-0.552172,0.025620,0.646600,-72.940002,-40.250000,75.250000,1770467789.932502
-0.537288,0.098332,0.590480,-83.440002,-42.700001,85.260002,1770467789.940618
-0.535092,0.183976,0.585356,-93.449997,-50.119999,90.019997,1770467789.948548
-0.503860,0.179340,0.602924,-98.769997,-49.700001,101.290001,1770467789.956587
-0.549244,0.131272,0.530700,-102.199997,-62.230000,100.309998,1770467789.964523
-0.497516,0.023668,0.503372,-87.570000,-70.910004,103.739998,1770467789.972622
-0.430660,-0.053192,0.423584,-66.290001,-75.110001,92.680000,1770467789.981313
-0.344528,-0.077592,0.363316,-46.759998,-77.980003,81.760002,1770467789.988616
-0.271572,-0.017812,0.414800,-30.940001,-81.900002,72.870003,1770467789.996552
-0.190564,-0.001464,0.575840,-26.600000,-86.449997,60.200001,1770467790.004529
-0.103456,0.060268,0.722728,-27.299999,-92.330002,55.930000,1770467790.012591
-0.034404,0.101260,0.800808,-32.759998,-100.870003,48.930000,1770467790.020485
0.007808,0.105164,0.818864,-33.810001,-103.459999,42.279999,1770467790.028496
0.005368,0.090036,0.855952,-26.809999,-96.110001,35.840000,1770467790.036485
-0.004636,0.031232,0.944036,-21.139999,-76.650002,27.090000,1770467790.044612
-0.012688,-0.065636,1.037000,-19.879999,-52.919998,20.580000,1770467790.052496
-0.015616,-0.161772,1.123132,-24.080000,-26.879999,16.660000,1770467790.060512
-0.030744,-0.194712,1.202676,-23.170000,-1.050000,9.450000,1770467790.068495
-0.003172,-0.310368,1.295152,-19.879999,15.120000,15.190000,1770467790.076531
0.018300,-0.515816,1.331020,-15.960000,26.950001,23.940001,1770467790.084505
-0.140056,-0.442128,1.405684,0.770000,37.869999,37.450001,1770467790.092555
-0.280356,-0.604876,1.503772,18.549999,53.830002,32.480000,1770467790.100511
-0.311100,-0.624152,1.572092,31.080000,58.939999,31.990000,1770467790.108540
-0.437492,-0.602924,1.694580,40.250000,52.779999,47.599998,1770467790.116583
-0.565348,-0.462380,1.672620,52.639999,65.379997,72.309998,1770467790.124494
-0.694912,-0.278892,1.600640,49.000000,68.529999,73.709999,1770467790.132495
-0.800564,-0.089792,1.424960,41.299999,74.269997,93.800003,1770467790.140499
-0.870836,0.071492,1.137284,31.430000,80.500000,87.010002,1770467790.148548
-0.892552,0.204960,0.875228,23.870001,83.510002,92.959999,1770467790.156533
-0.922320,0.253272,0.709308,17.360001,84.699997,94.989998,1770467790.164484
-0.968192,0.253516,0.583892,7.000000,84.489998,88.339996,1770467790.172501
-1.005036,0.228140,0.481168,-5.530000,80.570000,85.889999,1770467790.180483
-1.031144,0.251564,0.381616,-12.320000,71.190002,75.110001,1770467790.188545
-1.007476,0.232044,0.314272,-10.570000,59.500000,69.300003,1770467790.196503
-0.977708,0.270840,0.293288,-11.130000,39.270000,54.740002,1770467790.204515
-0.919148,0.284016,0.302316,-11.410000,19.110001,55.509998,1770467790.212507
-0.839360,0.333304,0.318664,-16.799999,-3.360000,43.680000,1770467790.220494
-0.752008,0.380640,0.328912,-19.530001,-28.280001,40.459999,1770467790.228507
-0.654408,0.409920,0.330620,-27.020000,-54.250000,36.049999,1770467790.236490
-0.560224,0.399428,0.323300,-34.439999,-78.540001,31.150000,1770467790.244495
-0.469456,0.366488,0.331108,-41.299999,-98.769997,31.709999,1770467790.252518
-0.382592,0.316712,0.395524,-48.790001,-111.019997,26.320000,1770467790.260503
-0.308660,0.288408,0.500688,-55.020000,-113.889999,31.570000,1770467790.268489
-0.247416,0.259616,0.587552,-60.410000,-110.250000,27.440001,1770467790.276497
-0.193736,0.223016,0.646356,-63.419998,-100.800003,29.330000,1770467790.284482
-0.164212,0.180316,0.684664,-62.299999,-89.599998,30.940001,1770467790.292496
-0.163724,0.124684,0.711016,-62.439999,-73.150002,39.130001,1770467790.300503
-0.193736,0.033184,0.767380,-55.860001,-55.930000,43.400002,1770467790.308541
-0.232776,-0.075152,0.857904,-53.340000,-36.889999,44.730000,1770467790.316511
-0.279136,-0.173728,0.984052,-45.430000,-16.590000,47.529999,1770467790.324507
-0.335744,-0.263032,1.165832,-32.130001,1.540000,60.340000,1770467790.332506
-0.500444,-0.469212,1.434232,-29.330000,17.990000,64.120003,1770467790.340541
-0.505080,-0.477508,1.551840,-25.969999,21.420000,53.900002,1770467790.348510
-0.576572,-0.541924,1.633580,-21.420000,20.440001,58.660000,1770467790.356741
-0.632936,-0.535336,1.638216,-19.670000,10.640000,56.419998,1770467790.364493
-0.670512,-0.514840,1.617476,-18.129999,-2.100000,53.480000,1770467790.372566
-0.653920,-0.479948,1.553304,-19.670000,-14.840000,49.000000,1770467790.380614
-0.607804,-0.426756,1.470588,-20.580000,-21.350000,35.700001,1770467790.388546
-0.536556,-0.370880,1.398852,-24.080000,-25.830000,34.369999,1770467790.396498
-0.444568,-0.305488,1.345416,-26.320000,-29.540001,28.770000,1770467790.404499
-0.356240,-0.263520,1.298080,-30.450001,-27.719999,29.889999,1770467790.412508
-0.279868,-0.201300,1.243180,-37.099998,-24.360001,35.770000,1770467790.420517
-0.221552,-0.138348,1.172176,-37.450001,-19.250000,40.320000,1770467790.428520
-0.183732,-0.060268,1.080676,-38.570000,-15.820000,45.639999,1770467790.436497
-0.144692,-0.006100,0.973072,-37.799999,-11.900000,50.540001,1770467790.444502
-0.127124,0.049532,0.833260,-32.689999,-10.150000,55.509998,1770467790.452605
-0.107116,0.116632,0.695644,-29.889999,-9.030000,57.750000,1770467790.460515
-0.098576,0.177388,0.582428,-25.969999,-14.980000,57.959999,1770467790.468511
-0.086132,0.244244,0.511668,-27.790001,-21.350000,55.369999,1770467790.476487
-0.073200,0.302072,0.475800,-29.680000,-27.020000,55.020000,1770467790.484506
-0.062220,0.335988,0.485072,-31.219999,-29.190001,51.939999,1770467790.492630
-0.061244,0.338672,0.505080,-34.439999,-29.120001,46.970001,1770467790.500497
-0.036844,0.331596,0.497760,-29.540001,-27.020000,36.470001,1770467790.508514
0.061244,0.461892,0.408212,-16.799999,-23.379999,47.040001,1770467790.516503
0.093452,0.451156,0.376980,1.190000,-31.920000,59.430000,1770467790.524542
0.092964,0.446276,0.351360,12.670000,-36.889999,58.590000,1770467790.532499
0.097844,0.436028,0.378932,18.340000,-33.180000,57.049999,1770467790.540502
0.121268,0.411140,0.469700,25.129999,-22.120001,51.029999,1770467790.548510
0.140788,0.385276,0.601460,28.980000,-0.560000,49.560001,1770467790.556497
0.144448,0.336964,0.786656,29.400000,28.770000,44.380001,1770467790.564515
0.136152,0.284992,0.987468,28.980000,59.500000,45.500000,1770467790.572528
0.101016,0.206912,1.172664,25.200001,89.599998,44.730000,1770467790.580505
0.040016,0.112728,1.316380,21.770000,117.250000,40.810001,1770467790.588532
-0.051240,0.004636,1.468392,21.350000,132.860001,45.080002,1770467790.596496
-0.188856,-0.124684,1.669448,23.170000,139.860001,49.560001,1770467790.604607
-0.335988,-0.184220,1.882948,31.709999,132.649994,59.849998,1770467790.612662
-0.612684,-0.210816,2.055212,31.290001,120.959999,69.160004,1770467790.620496
-0.749080,-0.212280,2.021296,26.180000,120.050003,74.900002,1770467790.628516
-0.877424,-0.368196,1.904664,12.110000,112.070000,55.160000,1770467790.636494
-0.888160,-0.459452,1.750700,5.530000,110.529999,48.650002,1770467790.644500
-0.985272,-0.355020,1.529636,-3.570000,109.970001,51.660000,1770467790.652566
-0.996984,-0.422608,1.418128,-16.030001,111.860001,50.049999,1770467790.660511
-1.060668,-0.325740,1.167784,-23.660000,109.830002,43.400002,1770467790.668616
-1.103856,-0.224968,0.927444,-29.120001,108.150002,35.980000,1770467790.676533
-1.105564,-0.105164,0.717848,-28.350000,98.419998,35.490002,1770467790.684502
-1.115080,0.057096,0.565104,-25.690001,78.959999,30.660000,1770467790.692499
-1.059936,0.106628,0.530456,-22.540001,51.520000,30.030001,1770467790.700499
-0.998936,0.150548,0.487756,-17.920000,22.330000,29.680000,1770467790.708501
-0.921100,0.189832,0.444080,-14.910000,-2.590000,25.410000,1770467790.716547
-0.820572,0.214964,0.402600,-10.640000,-23.940001,19.459999,1770467790.724515
-0.727120,0.239120,0.371368,-11.200000,-39.689999,16.799999,1770467790.732503
-0.640012,0.270840,0.335988,-10.430000,-48.230000,14.420000,1770467790.740505
-0.561688,0.313052,0.287188,-14.000000,-55.230000,12.600000,1770467790.749073
-0.498248,0.340136,0.231556,-16.100000,-62.439999,10.570000,1770467790.757345
-0.465796,0.347700,0.208376,-21.350000,-67.129997,10.360000,1770467790.764498
-0.438712,0.337208,0.208132,-25.200001,-76.300003,2.240000,1770467790.772532
-0.244976,0.442372,0.173484,-21.770000,-88.550003,27.860001,1770467790.780495
-0.254736,0.328424,0.214232,-18.129999,-109.550003,32.480000,1770467790.788498
-0.213744,0.269132,0.257176,-14.910000,-123.970001,40.180000,1770467790.796531
-0.179096,0.209596,0.373076,-6.790000,-126.419998,41.090000,1770467790.804589
-0.203740,0.252540,0.543144,-3.570000,-114.870003,41.439999,1770467790.812503
-0.237656,0.296216,0.771284,-10.220000,-90.720001,31.920000,1770467790.820499
-0.300608,0.352336,0.998204,-18.129999,-53.900002,28.629999,1770467790.828526
-0.405528,0.323300,1.187548,-24.850000,-19.670000,19.459999,1770467790.836497
-0.575352,0.211548,1.367864,-29.680000,8.820000,13.160000,1770467790.844505
-0.780068,0.072712,1.513044,-20.020000,22.750000,13.510000,1770467790.852610
-0.993812,-0.084180,1.605032,-14.210000,23.309999,22.400000,1770467790.860512
-1.028948,-0.110532,1.684088,-16.520000,7.210000,28.420000,1770467790.868524
-1.077992,-0.281332,1.753628,-29.330000,-18.549999,22.889999,1770467790.876546
-0.909144,-0.365024,1.760704,-33.459999,-47.950001,16.450001,1770467790.884505
-0.808860,-0.460672,1.731668,-32.900002,-69.860001,12.810000,1770467790.892502
-0.691984,-0.503860,1.694824,-34.230000,-83.930000,11.130000,1770467790.900581
-0.565592,-0.533628,1.639192,-35.419998,-93.099998,5.670000,1770467790.908529
-0.430660,-0.515084,1.506944,-42.209999,-98.349998,6.230000,1770467790.916504
-0.289140,-0.463844,1.325896,-41.650002,-99.470001,9.660000,1770467790.924504
-0.175192,-0.359168,1.093364,-40.740002,-103.949997,18.830000,1770467790.932503
-0.085400,-0.218380,0.847656,-39.970001,-105.980003,31.709999,1770467790.940526
-0.015616,-0.062220,0.632692,-33.110001,-109.550003,44.939999,1770467790.948540
0.028548,0.040504,0.489952,-27.790001,-114.029999,55.509998,1770467790.956506
0.064660,0.124196,0.399916,-23.379999,-113.540001,54.880001,1770467790.964516
0.096380,0.198372,0.344040,-17.430000,-111.089996,56.349998,1770467790.972790
0.118096,0.248148,0.311588,-15.330000,-103.389999,53.270000,1770467790.980784
0.109556,0.270840,0.274256,-14.350000,-89.529999,42.560001,1770467790.988743
0.172508,0.300608,0.222528,-6.790000,-78.470001,34.160000,1770467790.996566
0.187636,0.411384,0.174704,10.640000,-68.250000,53.830002,1770467791.004546
0.189100,0.402356,0.151524,21.910000,-54.110001,57.540001,1770467791.012482
0.153232,0.390156,0.136884,34.509998,-35.279999,49.980000,1770467791.020498
0.136152,0.398940,0.202520,45.639999,-13.230000,44.310001,1770467791.029097
0.134444,0.409432,0.368684,50.189999,10.850000,31.920000,1770467791.036488
0.149084,0.462136,0.540948,49.070000,37.520000,19.809999,1770467791.044502
0.148108,0.467016,0.729316,57.119999,73.220001,21.559999,1770467791.052502
0.152744,0.375028,0.975268,53.759998,102.059998,11.270000,1770467791.060632
0.126392,0.371368,1.186572,44.660000,122.570000,3.360000,1770467791.068505
0.035136,0.278892,1.388116,38.849998,141.050003,7.210000,1770467791.076503
-0.092476,0.215452,1.587708,20.860001,146.860001,11.270000,1770467791.084505
-0.226920,0.092720,1.819020,4.900000,140.699997,12.530000,1770467791.092526
-0.328668,-0.061244,1.999336,-8.120000,123.830002,16.660000,1770467791.100499
-0.429928,-0.257176,2.162572,-6.300000,98.980003,21.000000,1770467791.108579
-0.584380,-0.474580,2.268468,-7.910000,90.860001,31.219999,1770467791.116503
-0.699792,-0.706136,2.152568,-16.030001,69.720001,-5.460000,1770467791.124502
-0.694912,-0.697108,1.908324,-10.850000,59.849998,-14.070000,1770467791.132499
-0.668072,-0.580476,1.673108,-9.870000,59.080002,-6.510000,1770467791.140498
-0.668316,-0.447740,1.463756,-11.550000,62.790001,-0.840000,1770467791.148497
-0.689300,-0.305976,1.225368,-15.890000,68.040001,2.730000,1770467791.156513
-0.709552,-0.153232,1.006500,-21.000000,73.779999,4.550000,1770467791.164527
-0.715164,-0.002928,0.819108,-21.280001,75.110001,6.440000,1770467791.172499
-0.694912,0.119804,0.685152,-21.559999,71.889999,-0.840000,1770467791.180498
-0.675880,0.211304,0.583892,-17.920000,62.930000,-3.430000,1770467791.188539
-0.656360,0.255956,0.488000,-16.520000,49.980000,-3.080000,1770467791.196579
-0.623420,0.277184,0.396256,-18.549999,34.509998,-2.800000,1770467791.204491
-0.565836,0.290604,0.312320,-16.450001,19.180000,-0.280000,1770467791.212495
-0.503372,0.305488,0.263276,-15.750000,2.940000,-1.890000,1770467791.220495
-0.452620,0.329400,0.229360,-13.230000,-11.130000,-2.170000,1770467791.228561
-0.400160,0.348920,0.199592,-12.880000,-23.379999,-4.900000,1770467791.236513
-0.334280,0.365268,0.178364,-14.910000,-36.119999,-5.320000,1770467791.244597
-0.288408,0.356484,0.181048,-23.520000,-45.150002,-6.160000,1770467791.252493
-0.239120,0.320616,0.206668,-28.000000,-56.209999,-17.010000,1770467791.260654
-0.092476,0.340624,0.221308,-27.580000,-56.770000,-0.280000,1770467791.268493
-0.094916,0.240584,0.280112,-15.120000,-55.439999,18.480000,1770467791.276497
-0.097112,0.186416,0.406260,-7.490000,-47.529999,25.200001,1770467791.284487
-0.147620,0.149328,0.616100,-0.630000,-25.129999,23.799999,1770467791.292498
-0.215696,0.119316,0.879376,2.240000,16.940001,19.320000,1770467791.300573
-0.288408,0.079056,1.112640,2.450000,59.290001,7.420000,1770467791.308544
-0.437248,0.034404,1.266360,5.670000,93.379997,1.120000,1770467791.316499
-0.681004,-0.060512,1.459852,16.799999,116.410004,-1.260000,1770467791.324509
-0.912072,-0.194712,1.602592,32.480000,124.809998,2.730000,1770467791.332503
-1.263188,-0.403332,1.628212,42.840000,118.650002,-6.090000,1770467791.340547
-1.340048,-0.516304,1.709220,49.770000,94.989998,-0.910000,1770467791.348635
-1.273680,-0.589260,1.748260,44.869999,59.500000,6.650000,1770467791.356498
-1.188280,-0.617320,1.754604,31.219999,19.740000,13.300000,1770467791.364511
-1.095072,-0.598044,1.707512,14.630000,-19.809999,27.020000,1770467791.372600
-0.981124,-0.522648,1.589416,-6.230000,-45.990002,29.190001,1770467791.380554
-0.842044,-0.437980,1.454484,-23.309999,-65.940002,35.490002,1770467791.388519
-0.687348,-0.372832,1.274900,-37.520000,-80.080002,42.000000,1770467791.396508
-0.548024,-0.268400,1.043100,-50.330002,-91.629997,44.169998,1770467791.404493
-0.439932,-0.125172,0.792268,-51.869999,-98.209999,50.119999,1770467791.412537
-0.325252,0.040748,0.568764,-52.080002,-101.919998,56.279999,1770467791.420512
-0.227896,0.216184,0.397720,-40.599998,-104.580002,54.459999,1770467791.428519
-0.162748,0.361120,0.308904,-28.980000,-107.309998,50.540001,1770467791.436485
-0.115900,0.507276,0.268400,-19.040001,-111.650002,31.430000,1770467791.444507
-0.004636,0.642940,0.255468,-12.670000,-102.620003,21.490000,1770467791.452506
0.109800,0.919636,0.235948,0.210000,-108.639999,50.330002,1770467791.460553
0.095160,0.931348,0.232776,-1.890000,-102.199997,57.889999,1770467791.468499
0.075640,0.918416,0.152256,-12.670000,-91.209999,53.480000,1770467791.476502
0.093452,0.835456,0.075396,-20.090000,-81.760002,45.150002,1770467791.484521
0.132004,0.699060,0.083448,-21.420000,-70.769997,33.180000,1770467791.492491
0.179584,0.516304,0.213988,-15.750000,-51.099998,20.930000,1770467791.500504
0.217892,0.332816,0.451644,-5.040000,-17.360001,9.660000,1770467791.508507
0.262300,0.157380,0.747616,7.630000,24.150000,5.180000,1770467791.516505
0.270596,-0.024156,1.041880,19.320000,72.449997,-3.430000,1770467791.524516
0.244976,-0.215452,1.279536,30.100000,114.099998,-5.460000,1770467791.532499
0.163724,-0.364048,1.456924,43.119999,147.699997,-3.780000,1770467791.540534
0.122732,-0.466284,1.655052,56.349998,168.000000,10.360000,1770467791.548513
-0.097600,-0.471408,1.901492,60.619999,179.619995,27.230000,1770467791.556501
-0.238144,-0.621468,2.228940,49.419998,175.000000,51.099998,1770467791.564506
-0.539240,-0.830332,2.433168,30.100000,165.410004,44.590000,1770467791.572583
-0.732976,-0.796904,2.179652,15.190000,151.619995,49.419998,1770467791.580492
-0.879132,-0.651724,1.806332,-0.560000,139.929993,48.790001,1770467791.588513
-0.974536,-0.479948,1.537688,-13.230000,126.699997,40.529999,1770467791.596619
-1.046028,-0.301828,1.368840,-28.770000,115.290001,37.660000,1770467791.604509
-1.103612,-0.080764,1.248060,-43.750000,104.720001,24.360001,1770467791.612498
-1.100928,0.132248,1.114348,-59.849998,92.610001,12.950000,1770467791.620499
-1.012844,0.323788,0.919880,-63.070000,74.760002,-1.120000,1770467791.628510
-0.871812,0.437980,0.714188,-57.889999,49.209999,-8.470000,1770467791.636644
-0.744444,0.452864,0.555588,-47.250000,22.120001,-18.480000,1770467791.644496
-0.658312,0.484340,0.424560,-34.090000,1.960000,-32.200001,1770467791.652498
-0.538264,0.502640,0.358436,-27.230000,-9.450000,-35.910000,1770467791.660853
-0.375516,0.574864,0.277672,-17.570000,-21.139999,-18.410000,1770467791.668605
-0.321592,0.542656,0.242292,-20.299999,-30.240000,-20.930000,1770467791.676527
-0.282308,0.521184,0.213012,-26.530001,-34.090000,-20.020000,1770467791.684505
-0.244488,0.504104,0.186904,-32.970001,-35.139999,-23.309999,1770467791.692503
-0.211060,0.469212,0.144448,-41.860001,-34.160000,-22.049999,1770467791.700499
-0.172020,0.380640,0.112484,-45.779999,-35.560001,-24.430000,1770467791.708644
-0.141520,0.249612,0.114680,-44.450001,-32.549999,-17.010000,1770467791.716500
-0.119560,0.114924,0.162504,-40.740002,-25.760000,-12.460000,1770467791.724513
-0.122244,-0.004392,0.238388,-32.410000,-16.870001,-1.400000,1770467791.732500
-0.138836,-0.111996,0.302804,-25.690001,-3.360000,7.140000,1770467791.740585
-0.181780,-0.238388,0.399428,-8.540000,10.500000,11.480000,1770467791.748522
-0.250344,-0.304756,0.539484,11.480000,35.419998,30.940001,1770467791.756500
-0.610000,-0.617564,0.851072,26.110001,72.730003,25.620001,1770467791.764513
-0.702964,-0.598288,1.158512,39.970001,101.430000,5.880000,1770467791.772515
-1.032364,-0.652944,1.502796,56.419998,131.529999,3.850000,1770467791.780509
-1.417640,-0.661728,1.570628,69.300003,137.479996,-0.840000,1770467791.788490
-1.743868,-0.632936,1.330532,64.540001,119.279999,-1.190000,1770467791.796475
-1.918328,-0.709552,1.164856,54.529999,82.250000,-2.450000,1770467791.804530
-1.968104,-0.759328,1.125572,52.990002,29.889999,0.700000,1770467791.812505
-1.891976,-0.736392,1.152168,46.410000,-33.459999,3.220000,1770467791.820537
-1.624064,-0.654164,1.291736,34.720001,-97.440002,9.030000,1770467791.828527
-1.304912,-0.510448,1.387140,15.330000,-159.389999,20.580000,1770467791.836496
-1.038708,-0.345016,1.451556,-3.010000,-208.110001,27.090000,1770467791.844501
-0.751276,-0.202276,1.405928,-20.860001,-242.619995,29.540001,1770467791.852505
-0.463844,-0.046116,1.218780,-35.419998,-264.600006,41.580002,1770467791.860607
-0.229116,0.109068,0.956968,-38.779999,-282.170013,46.480000,1770467791.868508
-0.014396,0.155916,0.747860,-41.299999,-293.089996,50.889999,1770467791.876535
0.078812,0.199104,0.581208,-39.130001,-290.500000,47.320000,1770467791.884504
0.129076,0.305244,0.449204,-33.810001,-278.529999,38.220001,1770467791.892499
0.277672,0.425780,0.380396,-31.360001,-272.160004,13.300000,1770467791.900502
0.425292,0.643672,0.338916,-17.010000,-261.730011,24.290001,1770467791.908567
0.527528,0.730780,0.311588,-19.110001,-244.649994,31.920000,1770467791.916510
0.589748,0.807152,0.218380,-23.240000,-223.860001,19.110001,1770467791.924507
0.654408,0.824964,0.140788,-18.900000,-195.089996,21.350000,1770467791.932509
0.752496,0.812276,0.128344,-12.320000,-157.009995,14.070000,1770467791.940626
0.851560,0.782508,0.199592,2.800000,-109.900002,8.190000,1770467791.948569
0.929152,0.801540,0.306708,14.770000,-53.689999,6.370000,1770467791.956499
0.964776,0.829844,0.460184,23.100000,11.550000,-2.730000,1770467791.964516
0.960140,0.803736,0.686616,21.770000,81.480003,-2.870000,1770467791.972784
0.915976,0.688812,0.822768,17.780001,147.070007,-8.190000,1770467791.980756
0.809592,0.524356,0.983564,14.980000,212.520004,-6.930000,1770467791.988678
0.723216,0.364048,1.136552,14.840000,272.160004,-7.490000,1770467791.996525
0.577548,0.154452,1.437892,23.170000,326.480011,-9.590000,1770467792.004514
0.360876,-0.032452,1.858548,41.230000,379.890015,-6.930000,1770467792.012496
0.061732,-0.209352,2.339960,66.080002,421.119995,1.750000,1770467792.020643
-0.342820,-0.184464,2.581276,73.220001,421.190002,18.760000,1770467792.028523
-0.708576,-0.141764,2.477088,51.169998,372.119995,41.439999,1770467792.036494
-1.135332,-0.264008,2.051064,14.910000,326.899994,49.770000,1770467792.044505
-1.406660,-0.675148,1.662372,-20.020000,269.149994,23.309999,1770467792.052502
-1.541104,-0.848144,1.274412,-46.549999,217.350006,8.120000,1770467792.060517
-1.558184,-0.965264,0.964288,-59.779999,162.820007,-8.960000,1770467792.068511
-1.523292,-0.992836,0.756156,-66.430000,117.949997,-23.660000,1770467792.076502
-1.418372,-0.953064,0.649284,-62.509998,75.739998,-43.610001,1770467792.084490
-1.257332,-0.838628,0.596092,-51.869999,38.500000,-50.119999,1770467792.092495
-1.071404,-0.681004,0.589504,-38.919998,2.870000,-59.290001,1770467792.100486
-0.898408,-0.481168,0.559492,-23.590000,-27.020000,-62.160000,1770467792.108519
-0.732000,-0.287676,0.504592,-12.810000,-53.410000,-64.260002,1770467792.116505
-0.596580,-0.133956,0.436028,-9.730000,-71.540001,-71.330002,1770467792.124502
-0.483364,-0.015616,0.374540,-8.960000,-84.139999,-67.410004,1770467792.132502
-0.384300,0.081740,0.300852,-13.230000,-89.879997,-72.449997,1770467792.140493
-0.329400,0.174216,0.229116,-18.340000,-91.489998,-71.820000,1770467792.148495
-0.259616,0.236924,0.188368,-17.780001,-86.449997,-71.260002,1770467792.156494
-0.203252,0.212036,0.179584,-12.880000,-73.430000,-69.019997,1770467792.164538
-0.142252,0.184952,0.177388,-3.220000,-54.320000,-55.439999,1770467792.172498
-0.101016,0.179828,0.204716,8.330000,-30.450001,-38.709999,1770467792.180498
-0.092232,0.164212,0.299144,22.120001,-5.810000,-26.809999,1770467792.188498
-0.091744,0.220576,0.413092,39.200001,20.719999,-12.530000,1770467792.196491
-0.061488,0.315248,0.510448,63.770000,36.049999,13.720000,1770467792.204502
-0.224724,0.324520,0.595116,84.279999,55.230000,26.530001,1770467792.212515
-0.430904,0.391864,0.697840,94.639999,77.699997,38.360001,1770467792.220497
-0.630496,0.412604,0.927444,97.650002,111.580002,34.369999,1770467792.228517
-0.936228,0.457500,1.236836,90.720001,146.020004,33.250000,1770467792.236496
-1.303936,0.491416,1.472540,81.410004,170.380005,26.180000,1770467792.244494
-1.750456,0.422852,1.537444,59.220001,170.169998,16.940001,1770467792.252529
-2.141832,0.132980,1.559892,33.669998,134.960007,-18.480000,1770467792.260578
-2.298724,-0.162748,1.446188,21.629999,70.279999,-41.580002,1770467792.268562
-2.383636,-0.416508,1.254648,20.230000,-3.990000,-62.509998,1770467792.276495
-2.175016,-0.584624,1.112884,13.440000,-81.690002,-68.879997,1770467792.284484
-1.750212,-0.635864,1.082140,3.640000,-165.830002,-62.720001,1770467792.292493
-1.354688,-0.505324,1.061644,-7.350000,-238.839996,-47.669998,1770467792.300505
-0.953064,-0.404796,1.092632,-17.639999,-294.839996,-40.180000,1770467792.308504
-0.581208,-0.245220,1.049688,-24.360001,-337.609985,-37.939999,1770467792.316567
-0.253516,-0.055388,0.914024,-30.309999,-365.049988,-35.980000,1770467792.324524
0.013420,0.093696,0.752496,-29.750000,-384.510010,-21.559999,1770467792.332511
0.133712,0.138104,0.607072,-32.900002,-386.679993,-26.600000,1770467792.340515
0.376004,0.200812,0.253760,-28.350000,-386.260010,-12.180000,1770467792.348501
0.476776,0.197640,0.198372,-10.010000,-384.510010,21.559999,1770467792.356523
0.513132,0.162992,0.081496,0.910000,-367.709991,20.580000,1770467792.364577
0.532896,0.156648,-0.021960,7.070000,-339.149994,25.549999,1770467792.372505
0.567300,0.149328,-0.123952,12.110000,-298.410004,15.890000,1770467792.380512
0.572424,0.145424,-0.249368,21.139999,-249.619995,10.360000,1770467792.388502
0.554856,0.167628,-0.354044,31.010000,-197.679993,3.640000,1770467792.396629
0.543632,0.200568,-0.313540,34.439999,-143.009995,-7.000000,1770467792.404500
0.570472,0.234972,-0.146888,40.110001,-82.459999,-12.460000,1770467792.412500
0.617320,0.257176,0.141032,39.340000,-20.230000,-24.570000,1770467792.420505
0.712236,0.294996,0.520208,34.720001,43.259998,-35.000000,1770467792.428507
0.799832,0.324032,0.912804,24.780001,105.910004,-46.759998,1770467792.436519
0.851316,0.368440,1.131672,12.460000,163.520004,-61.950001,1770467792.444506
0.855708,0.287188,1.277096,2.660000,220.919998,-59.360001,1770467792.452503
0.816668,0.169824,1.336388,-5.880000,268.100006,-53.619999,1770467792.460505
0.729316,0.078568,1.489376,-5.110000,300.440002,-44.869999,1770467792.468513
0.471164,-0.124196,1.854156,0.770000,334.459991,-40.040001,1770467792.476505
0.152988,-0.371612,2.267492,25.200001,371.350006,-32.410000,1770467792.484504
-0.216184,-0.486536,2.478552,44.869999,376.739990,-13.020000,1770467792.492498
-0.677832,-0.395768,2.476112,43.330002,349.859985,8.890000,1770467792.500592
-1.051396,-0.409920,2.159156,21.490000,293.579987,0.140000,1770467792.508528
-1.241716,-0.415288,1.760460,6.440000,235.619995,-1.610000,1770467792.516483
-1.353712,-0.424072,1.458144,-10.640000,178.710007,-3.640000,1770467792.524508
-1.402512,-0.416508,1.192916,-20.370001,125.930000,-10.080000,1770467792.532498
-1.392508,-0.434564,0.955992,-30.450001,83.160004,-19.389999,1770467792.540513
-1.320772,-0.411384,0.774212,-32.060001,46.410000,-33.180000,1770467792.548648
-1.174616,-0.339892,0.642940,-27.790001,15.750000,-43.470001,1770467792.556494
-1.003084,-0.239852,0.537288,-22.680000,-11.690000,-53.830002,1770467792.564525
-0.831796,-0.145424,0.460428,-10.640000,-32.130001,-59.150002,1770467792.572513
-0.675880,-0.064904,0.391376,-3.990000,-46.549999,-62.369999,1770467792.580496
-0.546560,-0.004392,0.328668,5.530000,-55.230000,-69.510002,1770467792.588544
-0.449692,0.039772,0.272304,9.450000,-58.450001,-68.809998,1770467792.596595
-0.376980,0.079300,0.223748,16.309999,-60.480000,-75.040001,1770467792.604506
-0.293532,0.137128,0.182512,18.969999,-62.230000,-73.500000,1770467792.612504
-0.216916,0.197640,0.140544,19.110001,-66.220001,-70.139999,1770467792.620504
-0.126392,0.248880,0.125660,20.860001,-74.690002,-65.309998,1770467792.628507
-0.075884,0.279868,0.135664,15.890000,-85.820000,-66.849998,1770467792.636520
-0.045628,0.252052,0.168604,6.230000,-90.160004,-71.610001,1770467792.644513
0.085644,0.347944,0.152012,14.910000,-84.209999,-46.549999,1770467792.652502
0.112240,0.329888,0.215696,22.959999,-83.790001,-13.440000,1770467792.660514
0.115900,0.309148,0.331840,34.650002,-59.009998,6.650000,1770467792.668508
0.099308,0.337452,0.525576,47.529999,-17.780001,19.879999,1770467792.676500
0.091988,0.443104,0.868640,58.099998,42.910000,22.400000,1770467792.684506
0.052216,0.506788,1.304912,51.869999,104.720001,30.660000,1770467792.692537
-0.122244,0.529480,1.712880,41.090000,159.740005,41.580002,1770467792.700510
-0.470188,0.397720,2.124020,42.139999,202.720001,49.000000,1770467792.708603
-0.925004,0.391376,2.136708,42.000000,222.039993,45.080002,1770467792.716501
-1.449116,0.347456,1.912960,30.660000,226.589996,45.709999,1770467792.724527
-1.813896,0.150548,1.755092,16.450001,203.839996,44.240002,1770467792.732543
-1.985672,-0.030256,1.619184,4.200000,143.080002,30.870001,1770467792.740603
-2.098400,-0.220332,1.502308,-7.980000,62.860001,15.050000,1770467792.748497
-2.105964,-0.384056,1.393972,-21.700001,-13.930000,-2.870000,1770467792.756498
-1.966396,-0.521428,1.270020,-29.540001,-90.720001,-28.280001,1770467792.764713
-1.638948,-0.582184,1.193404,-36.330002,-146.509995,-47.459999,1770467792.772533
-1.243668,-0.560956,1.101904,-46.759998,-194.740005,-55.160000,1770467792.780636
-0.881084,-0.483120,0.974536,-50.680000,-230.580002,-64.750000,1770467792.788489
-0.556320,-0.382348,0.851804,-50.400002,-255.220001,-61.110001,1770467792.796497
-0.257420,-0.255712,0.734196,-47.669998,-271.040009,-57.889999,1770467792.804503
-0.027328,-0.134688,0.617076,-39.410000,-282.869995,-45.849998,1770467792.812498
0.107116,-0.081008,0.516548,-30.309999,-282.519989,-34.439999,1770467792.820524
0.279136,-0.098576,0.413092,-22.959999,-277.619995,-27.230000,1770467792.828634
0.351848,-0.041968,0.271084,-14.770000,-274.820007,-18.270000,1770467792.836506
0.435052,0.057340,0.137372,-2.590000,-270.059998,-2.170000,1770467792.844504
0.432612,0.060268,0.054412,11.340000,-254.169998,20.020000,1770467792.852628
0.425780,0.072712,-0.030500,14.910000,-232.539993,24.290001,1770467792.860496
0.406504,0.090280,-0.144448,18.760000,-205.869995,22.330000,1770467792.868523
0.391132,0.107604,-0.232044,23.450001,-171.990005,20.020000,1770467792.876612
0.394548,0.126392,-0.216184,26.809999,-129.639999,17.430000,1770467792.884506
0.430172,0.132736,-0.072712,32.900002,-80.989998,15.540000,1770467792.892504
0.500932,0.121024,0.137372,37.730000,-26.459999,11.830000,1770467792.900492
0.583404,0.123708,0.417728,47.459999,34.439999,8.470000,1770467792.908603
0.647332,0.176412,0.772016,52.430000,94.849998,-1.120000,1770467792.916513
0.676124,0.261812,1.021628,47.320000,156.380005,-11.130000,1770467792.924574
0.670024,0.273036,1.123864,38.639999,211.679993,-11.410000,1770467792.932502
0.608292,0.165188,1.211216,26.459999,257.250000,-16.309999,1770467792.940538
0.520696,0.044652,1.311500,16.240000,292.040009,-6.230000,1770467792.948511
0.323300,-0.011956,1.622356,18.340000,322.209991,0.630000,1770467792.956638
0.044652,-0.168604,2.160620,22.959999,345.309998,7.630000,1770467792.964550
-0.281088,-0.328668,2.413648,34.230000,340.899994,18.830000,1770467792.972787
-0.818376,-0.335012,2.450248,28.209999,306.459991,36.750000,1770467792.981299
-1.112640,-0.393328,2.210884,5.880000,254.380005,17.430000,1770467792.989204
-1.256600,-0.429684,1.804136,-8.330000,197.399994,11.970000,1770467792.997177
-1.327360,-0.406504,1.485960,-17.219999,151.270004,5.810000,1770467793.005179
-1.333460,-0.356240,1.243912,-22.750000,112.489998,-1.960000,1770467793.013281
-1.292224,-0.295484,1.035292,-24.990000,78.610001,-15.330000,1770467793.021218
-1.224880,-0.221552,0.858392,-27.230000,50.889999,-25.900000,1770467793.029162
-1.136064,-0.151280,0.701012,-29.120001,28.559999,-42.139999,1770467793.037168
-1.019920,-0.082960,0.554124,-27.440001,7.210000,-54.389999,1770467793.045179
-0.897188,-0.032452,0.444080,-19.459999,-9.100000,-64.750000,1770467793.053183
-0.777628,0.021228,0.356240,-5.460000,-24.920000,-76.160004,1770467793.061329
-0.676124,0.078080,0.271572,4.970000,-31.920000,-77.209999,1770467793.069183
-0.572424,0.150304,0.202032,17.290001,-42.139999,-78.120003,1770467793.077189
-0.473848,0.233996,0.156404,25.900000,-53.900002,-77.910004,1770467793.085180
-0.406504,0.314028,0.147864,27.580000,-70.980003,-77.070000,1770467793.093169
-0.344284,0.344772,0.161772,22.540001,-90.650002,-86.870003,1770467793.101152
-0.106140,0.477996,0.144448,19.809999,-109.550003,-66.849998,1770467793.109160
-0.091744,0.509960,0.165676,10.990000,-131.880005,-45.990002,1770467793.117167
-0.007808,0.527040,0.152988,4.970000,-149.800003,-31.500000,1770467793.125168
0.045384,0.490196,0.147620,0.980000,-156.100006,-5.810000,1770467793.133160
0.083692,0.435540,0.188124,9.520000,-147.139999,6.650000,1770467793.141280
0.115900,0.403576,0.326716,23.309999,-114.870003,27.790001,1770467793.149199
0.130540,0.434564,0.583160,42.630001,-58.799999,30.660000,1770467793.157167
0.159332,0.502152,0.964776,55.439999,18.549999,36.959999,1770467793.165201
0.148108,0.568276,1.369816,50.750000,92.190002,31.360001,1770467793.173175
0.005856,0.509716,1.733376,38.639999,154.910004,43.820000,1770467793.181178
-0.424560,0.394548,2.047648,37.799999,205.169998,42.910000,1770467793.189269
-0.836920,0.329400,2.041304,37.310001,237.720001,33.810001,1770467793.197175
-1.301496,0.238876,2.013488,25.760000,240.800003,40.110001,1770467793.205169
-1.587708,-0.000488,2.010072,6.440000,196.699997,34.369999,1770467793.213168
-1.830976,-0.254736,1.870748,-9.800000,127.050003,23.940001,1770467793.221168
-1.956880,-0.427976,1.675792,-22.190001,46.970001,11.620000,1770467793.229199
-1.922232,-0.555588,1.477664,-34.650002,-32.900002,-3.780000,1770467793.237165
-1.675792,-0.705892,1.322480,-43.750000,-105.209999,-19.740000,1770467793.245231
-1.342244,-0.693204,1.187304,-47.669998,-159.529999,-37.099998,1770467793.253175
-0.987712,-0.616100,1.050420,-51.099998,-199.990005,-43.750000,1770467793.261172
-0.644648,-0.524844,0.923052,-49.630001,-226.869995,-53.759998,1770467793.269188
-0.360876,-0.397964,0.797880,-46.900002,-241.289993,-47.669998,1770467793.277218
-0.114924,-0.258640,0.688324,-41.439999,-249.479996,-41.930000,1770467793.285156
0.063196,-0.145424,0.584136,-32.689999,-248.639999,-27.090000,1770467793.293164
0.114192,-0.068564,0.481656,-25.340000,-238.210007,-20.230000,1770467793.301164
0.276208,-0.040016,0.360388,-21.700001,-231.210007,-9.940000,1770467793.309178
0.310856,0.000976,0.242536,-15.680000,-216.649994,0.490000,1770467793.317179
0.341844,0.038552,0.143716,-9.310000,-197.259995,7.560000,1770467793.325177
0.360876,0.092964,0.070760,-2.800000,-176.750000,17.500000,1770467793.333180
0.344284,0.106872,0.019520,3.290000,-149.520004,19.879999,1770467793.341265
0.320372,0.119072,-0.042456,5.460000,-122.080002,26.670000,1770467793.349187
0.298168,0.116144,-0.076616,6.300000,-91.349998,17.990000,1770467793.357205
0.292556,0.107604,-0.041480,11.200000,-55.790001,17.360001,1770467793.365183
0.307684,0.065636,0.095892,17.290001,-11.270000,13.510000,1770467793.373191
0.349408,0.027328,0.281088,30.309999,34.299999,5.810000,1770467793.381282
0.385764,0.047336,0.516548,43.610001,80.080002,4.410000,1770467793.389203
0.408456,0.106872,0.827160,51.730000,128.380005,-10.010000,1770467793.397170
0.416996,0.160796,1.088240,52.779999,173.600006,-19.740000,1770467793.405180
0.413092,0.162504,1.230980,45.570000,209.789993,-27.230000,1770467793.413204
0.357948,0.067832,1.420080,35.000000,235.970001,-18.270000,1770467793.421225
0.213988,0.047092,1.734596,26.320000,250.600006,-2.520000,1770467793.429172
-0.018300,-0.033916,2.207224,27.090000,251.229996,8.680000,1770467793.437198
-0.311344,-0.173240,2.402180,32.130001,226.589996,32.130001,1770467793.445204
-0.596824,-0.189100,2.260904,30.520000,178.149994,43.470001,1770467793.453173
-0.845460,-0.233752,2.028860,12.110000,143.500000,55.930000,1770467793.461174
-1.031876,-0.408700,1.786324,-5.320000,110.250000,33.250000,1770467793.469332
-1.072868,-0.483608,1.595760,-9.660000,89.879997,22.750000,1770467793.477183
-1.103856,-0.457012,1.469856,-10.990000,75.040001,7.910000,1770467793.485177
-1.109712,-0.368684,1.339072,-17.430000,65.870003,-7.840000,1770467793.493220
-1.088240,-0.257664,1.165588,-23.100000,60.619999,-27.090000,1770467793.501216
-1.035780,-0.152744,0.973560,-28.980000,50.540001,-38.919998,1770467793.509174
-0.959164,-0.060756,0.780068,-29.959999,33.880001,-51.939999,1770467793.517166
-0.857904,0.000000,0.618784,-29.469999,16.520000,-60.480000,1770467793.525181
-0.760060,0.043676,0.508008,-21.910000,-0.420000,-66.989998,1770467793.533173
-0.660996,0.067588,0.417240,-9.310000,-16.240000,-71.120003,1770467793.541198
-0.559980,0.105896,0.327204,-1.120000,-31.990000,-67.970001,1770467793.549310
-0.468968,0.149816,0.252784,6.090000,-45.009998,-70.910004,1770467793.557200
-0.364536,0.202032,0.194956,12.320000,-61.810001,-68.110001,1770467793.565178
-0.275720,0.258396,0.177876,15.540000,-78.889999,-69.860001,1770467793.573195
-0.203984,0.277428,0.191540,13.790000,-98.209999,-72.940002,1770467793.581358
-0.105652,0.406992,0.163968,10.360000,-109.129997,-64.050003,1770467793.589172
0.009028,0.431880,0.154452,9.100000,-123.129997,-37.240002,1770467793.597175
0.062464,0.413336,0.158600,16.730000,-131.740005,-10.150000,1770467793.605180
0.070760,0.366732,0.176412,17.780001,-125.019997,12.390000,1770467793.613189
0.076372,0.338428,0.230580,30.100000,-100.239998,23.660000,1770467793.621204
0.102968,0.345260,0.357704,43.470001,-60.410000,38.220001,1770467793.629175
0.100772,0.418460,0.595360,56.000000,-5.320000,38.919998,1770467793.637241
0.124684,0.496052,0.931348,55.509998,57.750000,39.830002,1770467793.645178
0.093452,0.521916,1.289052,40.389999,111.089996,37.660000,1770467793.653173
-0.050508,0.444324,1.663592,18.969999,148.610001,30.240000,1770467793.661173
-0.389668,0.231312,2.141100,18.200001,183.610001,24.500000,1770467793.669406
-0.758352,0.117852,2.286280,34.439999,199.919998,33.740002,1770467793.677175
-1.284416,0.063440,2.111576,31.920000,201.039993,36.959999,1770467793.685280
-1.500112,-0.045628,1.913692,11.900000,174.509995,30.660000,1770467793.693173
-1.655784,-0.196176,1.714344,1.330000,119.209999,25.340000,1770467793.701179
-1.752164,-0.301096,1.580144,-13.230000,49.980000,17.570000,1770467793.709178
-1.771684,-0.425292,1.467172,-29.260000,-20.370001,4.550000,1770467793.717172
-1.653832,-0.542168,1.358104,-39.340000,-79.940002,-9.520000,1770467793.725252
-1.418372,-0.527772,1.232932,-49.419998,-130.619995,-23.170000,1770467793.733262
-1.113372,-0.473604,1.131428,-49.770000,-170.240005,-39.689999,1770467793.741169
-0.797148,-0.399428,1.023824,-50.470001,-197.259995,-45.849998,1770467793.749187
-0.508496,-0.317200,0.919148,-50.750000,-212.729996,-47.320000,1770467793.757219
-0.251564,-0.195200,0.800808,-46.200001,-221.830002,-44.380001,1770467793.765214
-0.035624,-0.105164,0.687836,-39.900002,-226.869995,-33.950001,1770467793.773200
0.098332,-0.057828,0.584868,-31.080000,-226.660004,-26.250000,1770467793.781167
0.273768,-0.063928,0.479948,-24.990000,-226.520004,-21.840000,1770467793.789188
0.302316,-0.005612,0.325984,-19.110001,-224.419998,-15.610000,1770467793.797175
0.355752,0.039284,0.198860,-10.640000,-217.839996,-9.450000,1770467793.805179
0.371856,0.138592,0.090036,2.730000,-202.860001,16.100000,1770467793.813177
0.359656,0.170312,0.019032,9.100000,-181.720001,28.209999,1770467793.821257
0.337940,0.182756,-0.077592,10.570000,-157.779999,26.320000,1770467793.829178
0.326716,0.178852,-0.144936,13.090000,-127.120003,24.150000,1770467793.837171
0.346236,0.162992,-0.104432,19.530001,-91.209999,20.230000,1770467793.845185
0.393084,0.141520,0.041968,27.020000,-46.900002,16.309999,1770467793.853196
0.462380,0.139568,0.271816,40.880001,3.990000,11.270000,1770467793.861192
0.510936,0.204960,0.584136,47.110001,55.860001,8.470000,1770467793.869202
0.538020,0.275720,0.876448,48.720001,109.970001,1.750000,1770467793.877203
0.537044,0.315736,1.029680,44.520000,160.929993,-5.810000,1770467793.885189
0.497516,0.298168,1.092876,37.730000,205.589996,-8.260000,1770467793.893186
0.406260,0.214476,1.183156,30.590000,238.350006,3.080000,1770467793.901414
0.235460,0.148108,1.386164,22.750000,264.250000,14.420000,1770467793.909182
-0.009516,0.040992,1.743624,18.340000,277.269989,19.879999,1770467793.917175
-0.254736,-0.148108,2.040572,23.730000,271.809998,30.450001,1770467793.925173
-0.651724,-0.294996,2.244800,33.459999,245.910004,39.759998,1770467793.933200
-1.231712,-0.549244,2.303604,16.660000,214.550003,28.700001,1770467793.941263
-1.244156,-0.451400,2.016416,-0.700000,162.750000,22.820000,1770467793.949183
-1.346392,-0.484584,1.682868,-15.890000,116.480003,15.190000,1770467793.957171
-1.364936,-0.481656,1.422764,-21.770000,77.980003,8.120000,1770467793.965215
-1.347368,-0.432368,1.232688,-23.590000,51.099998,-3.640000,1770467793.973494
-1.255136,-0.350628,1.057252,-23.240000,29.959999,-17.570000,1770467793.981583
-1.132892,-0.255712,0.892308,-22.260000,7.350000,-32.410000,1770467793.989314
-1.016748,-0.169824,0.753472,-20.930000,-14.210000,-53.970001,1770467793.997319
-0.934032,-0.061732,0.637084,-16.940001,-31.990000,-54.389999,1770467794.005186
-0.851560,0.045872,0.541192,-9.310000,-48.439999,-62.369999,1770467794.013200
-0.750788,0.140788,0.458964,4.130000,-59.570000,-62.509998,1770467794.021202
-0.684908,0.207644,0.388204,10.640000,-69.230003,-60.270000,1770467794.031046
-0.633180,0.244000,0.349408,10.850000,-72.239998,-59.150002,1770467794.037168
-0.599996,0.319152,0.325984,18.549999,-73.919998,-54.529999,1770467794.045164
-0.429684,0.509960,0.257908,33.529999,-89.250000,-30.799999,1770467794.053183
-0.339892,0.554124,0.262544,34.650002,-120.330002,-18.620001,1770467794.061179
-0.233020,0.566812,0.259128,17.290001,-153.649994,-16.100000,1770467794.069463
-0.148596,0.540460,0.236924,1.540000,-179.059998,-8.820000,1770467794.077189
-0.088328,0.463112,0.213988,-3.220000,-186.970001,4.970000,1770467794.085181
0.049044,0.443348,0.208132,0.980000,-185.429993,30.450001,1770467794.093173
0.056608,0.398208,0.304512,18.549999,-170.309998,46.970001,1770467794.101303
0.124196,0.384300,0.498004,22.469999,-143.360001,51.099998,1770467794.109167
0.203984,0.437980,0.764208,25.200001,-101.779999,52.919998,1770467794.117169
0.252296,0.518744,0.992836,28.000000,-51.869999,52.779999,1770467794.125159
0.207156,0.574620,1.165100,21.910000,-0.560000,50.540001,1770467794.133176
0.073444,0.561932,1.379088,14.140000,44.660000,46.830002,1770467794.141171
-0.148596,0.479216,1.692140,0.910000,82.879997,42.910000,1770467794.149187
-0.467016,0.276208,2.008608,-6.160000,115.849998,31.780001,1770467794.157244
-0.683932,0.089792,2.157936,-4.760000,119.629997,35.770000,1770467794.165201
-0.878400,-0.014640,2.201856,-11.340000,90.720001,36.259998,1770467794.173174
-1.021628,-0.148840,2.121580,-27.020000,54.320000,37.310001,1770467794.181180
-1.120936,-0.444568,2.046672,-41.090000,1.750000,10.850000,1770467794.189177
-1.108492,-0.553880,1.833904,-42.980000,-46.900002,-1.960000,1770467794.197189
-1.009428,-0.546560,1.577948,-44.450001,-91.209999,-9.730000,1770467794.205180
-0.843020,-0.479704,1.343708,-49.349998,-127.540001,-12.180000,1770467794.213170
-0.653676,-0.403820,1.100928,-49.980000,-154.350006,-19.110001,1770467794.221172
-0.435540,-0.317688,0.883768,-50.119999,-177.589996,-16.309999,1770467794.229172
-0.210572,-0.252540,0.710284,-46.410000,-197.679993,-12.880000,1770467794.237174
-0.001708,-0.223260,0.580720,-38.779999,-213.220001,-4.900000,1770467794.245252
0.186416,-0.219356,0.500444,-26.320000,-218.050003,0.980000,1770467794.253177
0.287676,-0.150060,0.408456,-16.240000,-215.949997,16.100000,1770467794.261180
0.367220,-0.082716,0.289384,-0.980000,-201.809998,25.620001,1770467794.269182
0.408456,-0.039040,0.196664,15.750000,-180.529999,38.360001,1770467794.277160
0.431148,-0.005856,0.150304,36.959999,-151.130005,45.709999,1770467794.285159
0.432856,0.021472,0.126392,53.060001,-116.550003,56.840000,1770467794.293176
0.397232,0.060512,0.090524,70.629997,-80.220001,58.590000,1770467794.301200
0.350140,0.095892,0.059048,82.320000,-45.990002,66.010002,1770467794.309354
0.316712,0.130296,0.093696,91.000000,-13.440000,63.000000,1770467794.317173
0.298900,0.161528,0.213744,88.550003,15.890000,58.520000,1770467794.325188
0.334280,0.274256,0.399428,74.410004,39.410000,47.180000,1770467794.333243
0.396256,0.368928,0.671244,51.869999,57.750000,27.440001,1770467794.341170
0.444080,0.383324,0.941108,25.760000,76.860001,8.260000,1770467794.349186
0.476532,0.319396,1.133136,-2.870000,103.389999,-12.740000,1770467794.357181
0.587796,0.310124,1.229516,-14.910000,127.680000,7.910000,1770467794.365284
0.650260,0.187392,1.356396,-30.309999,143.360001,24.080000,1770467794.373185
0.652456,0.028792,1.519876,-40.389999,144.059998,35.209999,1770467794.381205
0.413092,-0.151768,1.692628,-38.430000,164.850006,43.119999,1770467794.389193
0.230580,-0.283284,1.809992,-25.830000,196.070007,40.320000,1770467794.397178
0.049288,-0.380884,1.952732,-10.990000,224.839996,43.680000,1770467794.405184
-0.179584,-0.416996,2.032520,-5.670000,233.380005,37.660000,1770467794.413219
-0.494100,-0.519964,2.010072,-9.870000,243.250000,8.610000,1770467794.421180
-0.739808,-0.411628,1.835368,-8.330000,233.449997,2.660000,1770467794.429190
-0.896212,-0.219112,1.582584,-11.760000,209.440002,-8.190000,1770467794.437225
-0.988444,-0.054412,1.310036,-14.980000,176.610001,-6.930000,1770467794.445224
-1.005524,0.060756,1.029924,-21.559999,138.600006,-25.690001,1770467794.453181
-0.968680,0.132736,0.781288,-19.459999,101.290001,-21.840000,1770467794.461251
-0.898896,0.167140,0.615124,-15.330000,68.110001,-29.959999,1770467794.469171
-0.814472,0.201300,0.509228,-10.430000,42.980000,-28.000000,1770467794.477179
-0.731512,0.239608,0.431392,-4.760000,21.700001,-28.629999,1770467794.485189
-0.653432,0.265960,0.362828,1.120000,6.160000,-27.930000,1770467794.493179
-0.559736,0.274012,0.310856,9.240000,-5.810000,-31.290001,1770467794.501178
-0.507520,0.318176,0.256688,15.330000,-17.709999,-32.830002,1770467794.509197
-0.468724,0.298412,0.214476,18.129999,-24.219999,-36.189999,1770467794.517275
-0.237412,0.499468,0.121268,28.000000,-36.750000,-16.379999,1770467794.525175
-0.284992,0.449692,0.150304,28.910000,-48.369999,7.560000,1770467794.533163
-0.237168,0.420900,0.187392,26.459999,-59.779999,28.559999,1770467794.541179
-0.195932,0.386008,0.237412,26.180000,-66.010002,47.950001,1770467794.549175
-0.160796,0.361120,0.297436,27.090000,-64.470001,56.490002,1770467794.557168
-0.107360,0.357216,0.441152,31.290001,-56.560001,62.790001,1770467794.565322
-0.070516,0.369904,0.674904,28.280001,-37.660000,59.639999,1770467794.573184
-0.049288,0.411384,0.938912,23.660000,-4.690000,55.299999,1770467794.581192
-0.079300,0.435540,1.205604,15.890000,32.060001,51.240002,1770467794.589221
-0.178364,0.379664,1.431792,5.670000,63.070000,43.610001,1770467794.597177
-0.385764,0.258152,1.738012,-1.540000,96.529999,37.869999,1770467794.605209
-0.709552,0.100528,2.064972,4.200000,124.599998,37.520000,1770467794.613206
-1.057008,-0.071248,2.098400,10.640000,134.610001,40.459999,1770467794.621213
-1.224148,-0.100772,2.032276,6.580000,126.910004,48.299999,1770467794.629174
-1.360300,-0.285968,1.978596,-4.130000,96.599998,23.799999,1770467794.637168
-1.418616,-0.386496,1.877580,-4.690000,50.400002,21.700001,1770467794.645196
-1.419592,-0.423584,1.774856,-7.560000,-1.470000,9.100000,1770467794.653179
-1.347368,-0.404308,1.635044,-9.240000,-49.000000,-4.760000,1770467794.661263
-1.170712,-0.363072,1.491084,-18.549999,-88.339996,-16.030001,1770467794.669204
-0.929884,-0.317200,1.312476,-29.190001,-120.470001,-31.290001,1770467794.677174
-0.660996,-0.271816,1.115324,-38.779999,-148.399994,-33.529999,1770467794.685186
-0.407968,-0.218380,0.937448,-42.910000,-165.550003,-36.959999,1770467794.693181
-0.183488,-0.145912,0.781532,-41.790001,-180.740005,-34.860001,1770467794.701232
0.010248,-0.080520,0.636352,-35.770000,-190.679993,-19.040001,1770467794.709182
0.093208,-0.040992,0.533140,-30.170000,-191.100006,-12.530000,1770467794.717179
0.236924,-0.032208,0.434320,-22.330000,-193.410004,-4.900000,1770467794.725184
0.297192,-0.004636,0.318664,-18.200001,-187.529999,1.400000,1770467794.733227
0.523868,0.220576,0.136884,-1.470000,-185.080002,21.840000,1770467794.741230
0.384056,0.142984,0.098088,8.260000,-174.649994,44.029999,1770467794.749182
0.369172,0.182756,0.011468,16.100000,-161.770004,49.139999,1770467794.757184
0.342820,0.212768,-0.061000,20.020000,-140.630005,55.509998,1770467794.765166
0.317932,0.230092,-0.085888,25.549999,-109.550003,54.459999,1770467794.773386
0.307196,0.247904,-0.037332,32.200001,-74.480003,52.990002,1770467794.781175
0.325008,0.270840,0.092476,37.730000,-32.480000,49.209999,1770467794.789205
0.363804,0.288408,0.275964,39.900002,14.840000,40.529999,1770467794.797186
0.413092,0.315492,0.509472,40.880001,65.309998,33.810001,1770467794.805258
0.459696,0.385276,0.759572,38.080002,117.320000,22.820000,1770467794.813179
0.463112,0.446764,0.933056,34.580002,165.199997,10.850000,1770467794.821215
0.427244,0.492880,1.032852,24.850000,207.899994,4.550000,1770467794.829184
0.369172,0.454572,1.177788,15.400000,239.050003,6.440000,1770467794.837176
0.257176,0.388692,1.421788,-1.680000,257.459991,19.110001,1770467794.845287
0.085888,0.275476,1.762900,-23.450001,268.589996,30.100000,1770467794.853198
-0.184464,0.034404,2.025932,-35.700001,268.239990,34.299999,1770467794.861183
-0.392352,-0.180560,2.169892,-19.389999,252.000000,47.880001,1770467794.869267
-0.843996,-0.331108,2.257488,-1.540000,217.630005,57.259998,1770467794.877166
-1.093852,-0.464332,2.171112,-7.350000,178.220001,42.490002,1770467794.885180
-1.182180,-0.470188,1.854888,-12.810000,132.300003,17.570000,1770467794.893178
-1.205116,-0.402600,1.595272,-19.530001,96.389999,11.620000,1770467794.901179
-1.177056,-0.311100,1.373964,-24.430000,70.559998,2.240000,1770467794.909216
-1.120692,-0.233996,1.187792,-26.320000,51.869999,-7.910000,1770467794.917198
-1.048224,-0.142984,0.998204,-25.760000,34.299999,-13.300000,1770467794.925175
-0.976732,-0.064416,0.824964,-28.980000,21.000000,-29.260000,1770467794.933198
-0.906216,0.012932,0.683444,-31.010000,11.060000,-36.750000,1770467794.941206
-0.819840,0.075884,0.572912,-29.190001,0.980000,-48.020000,1770467794.949221
-0.729804,0.120536,0.488488,-25.410000,-8.540000,-45.639999,1770467794.957188
-0.645624,0.156404,0.406504,-15.750000,-15.470000,-50.049999,1770467794.965178
-0.579744,0.195932,0.318420,-8.120000,-28.209999,-47.740002,1770467794.974236
-0.489464,0.256200,0.260836,-2.660000,-36.889999,-51.590000,1770467794.981517
-0.411872,0.312076,0.234972,-1.120000,-49.840000,-49.139999,1770467794.989441
-0.353800,0.335012,0.243268,-3.010000,-63.560001,-52.009998,1770467794.997193
-0.284260,0.345992,0.256932,-8.400000,-74.970001,-59.080002,1770467795.005301
-0.113704,0.438956,0.238876,-8.750000,-93.589996,-32.689999,1770467795.013180
-0.058560,0.464088,0.241072,-11.410000,-109.970001,-22.540001,1770467795.021196
0.014884,0.416264,0.239364,-15.680000,-123.620003,4.830000,1770467795.029720
0.053436,0.357948,0.253516,-12.320000,-124.529999,15.960000,1770467795.037205
0.093696,0.312564,0.339892,3.010000,-110.110001,29.190001,1770467795.045185
0.138592,0.285236,0.513864,21.420000,-76.370003,38.849998,1770467795.053200
0.143960,0.311832,0.757620,39.549999,-25.129999,41.439999,1770467795.061169
0.122732,0.361120,0.995032,47.110001,34.160000,50.680000,1770467795.069185
0.004392,0.373320,1.221220,45.220001,93.169998,49.349998,1770467795.077264
-0.231556,0.261812,1.449116,48.230000,140.839996,54.950001,1770467795.085179
-0.556076,0.162992,1.670912,54.669998,170.729996,49.630001,1770467795.093173
-0.971608,0.123952,1.802184,58.029999,178.779999,53.130001,1770467795.101171
-1.327116,0.001220,1.920524,41.650002,165.059998,53.689999,1770467795.109171
-1.500600,-0.223016,1.999336,22.680000,119.839996,21.280001,1770467795.117170
-1.584292,-0.368684,1.933456,11.130000,54.110001,15.750000,1770467795.125210
-1.570628,-0.491172,1.817556,-4.130000,-12.670000,7.700000,1770467795.133315
-1.453508,-0.563152,1.684576,-14.980000,-71.540001,-6.090000,1770467795.141181
-1.224392,-0.587064,1.567212,-27.790001,-116.129997,-14.840000,1770467795.149162
-0.949404,-0.559248,1.445700,-38.080002,-147.070007,-31.150000,1770467795.157172
-0.663680,-0.504348,1.311744,-41.930000,-163.169998,-35.700001,1770467795.165190
-0.393328,-0.402356,1.170224,-47.529999,-167.789993,-44.939999,1770467795.173217
-0.174216,-0.291580,1.037732,-45.570000,-169.750000,-42.630001,1770467795.181277
-0.000732,-0.162260,0.903532,-46.410000,-169.399994,-36.680000,1770467795.189171
0.115168,-0.056120,0.773480,-42.910000,-165.550003,-29.469999,1770467795.197166
0.232044,-0.038308,0.674172,-37.099998,-157.639999,-23.730000,1770467795.205171
0.270840,0.018544,0.554612,-33.110001,-147.210007,-21.840000,1770467795.213170
0.517524,0.279868,0.362340,-17.360001,-144.550003,-7.770000,1770467795.221170
0.382348,0.252540,0.332572,-9.450000,-134.259995,24.850000,1770467795.229195
0.375272,0.296948,0.266936,-6.090000,-123.900002,30.590000,1770467795.237282
0.342088,0.335012,0.212524,-6.650000,-107.870003,40.459999,1770467795.245197
0.314272,0.323056,0.167140,-7.560000,-83.790001,40.459999,1770467795.253172
0.277672,0.280844,0.095160,-1.890000,-55.790001,41.090000,1770467795.261177
0.249856,0.218380,0.024888,5.460000,-25.760000,33.810001,1770467795.269172
0.240340,0.165676,0.012444,19.110001,6.650000,30.590000,1770467795.277168
0.247416,0.137860,0.110776,32.549999,40.880001,23.520000,1770467795.285163
0.268644,0.140788,0.303048,46.060001,78.050003,13.650000,1770467795.293173
0.284504,0.170556,0.560224,53.759998,115.500000,5.180000,1770467795.301150
0.287432,0.210084,0.821548,53.759998,152.740005,-3.080000,1770467795.309252
0.278648,0.204472,0.967948,48.439999,190.050003,-11.690000,1770467795.317190
0.246196,0.168116,1.091900,46.970001,217.279999,-6.230000,1770467795.325182
0.143228,0.121512,1.357372,40.180000,235.690002,3.500000,1770467795.333178
-0.047824,0.098576,1.696044,34.090000,242.059998,17.080000,1770467795.341184
-0.282308,-0.007808,2.020076,17.780001,224.630005,27.790001,1770467795.349239
-0.520452,-0.141764,2.072292,14.210000,185.850006,51.869999,1770467795.357183
-0.948184,-0.262788,1.976156,13.650000,147.699997,71.190002,1770467795.365184
-1.135332,-0.457256,1.823656,0.210000,110.389999,42.209999,1770467795.373166
-1.166808,-0.590480,1.600152,0.420000,86.660004,25.900000,1770467795.381321
-1.175104,-0.600728,1.466928,0.210000,68.389999,19.670000,1770467795.389179
-1.195112,-0.564616,1.409832,0.560000,53.200001,-3.290000,1770467795.397177
-1.184376,-0.462380,1.357128,-3.780000,42.419998,-11.410000,1770467795.405179
-1.143872,-0.318664,1.277828,-11.970000,34.509998,-24.219999,1770467795.413180
-1.089460,-0.144936,1.148020,-21.000000,25.549999,-29.959999,1770467795.421214
-1.001864,0.007076,0.975512,-27.790001,12.530000,-39.130001,1770467795.429304
-0.900360,0.115656,0.823988,-29.400000,-3.360000,-47.529999,1770467795.437203
-0.799832,0.170800,0.708820,-27.580000,-22.120001,-51.169998,1770467795.445177
-0.689056,0.188856,0.622688,-23.660000,-39.340000,-62.020000,1770467795.453179
-0.577548,0.191784,0.563884,-17.920000,-55.860001,-67.760002,1770467795.461187
-0.464332,0.203252,0.511180,-13.370000,-69.790001,-75.809998,1770467795.469239
-0.359412,0.237656,0.481412,-10.640000,-78.260002,-76.089996,1770467795.477191
-0.272304,0.293532,0.450912,-10.780000,-84.559998,-77.699997,1770467795.485178
-0.204960,0.313540,0.428220,-17.990000,-89.599998,-80.779999,1770467795.493173
-0.157624,0.325740,0.396256,-21.000000,-95.760002,-88.199997,1770467795.501176
-0.040992,0.391620,0.342088,-21.209999,-96.110001,-66.290001,1770467795.509180
0.110044,0.551684,0.271572,-17.010000,-114.870003,-50.470001,1770467795.517206
0.081252,0.514840,0.271328,-17.219999,-125.019997,-22.610001,1770467795.525177
0.106628,0.484340,0.245708,-20.090000,-131.110001,-11.760000,1770467795.533162
0.120292,0.437492,0.206912,-16.590000,-129.289993,1.820000,1770467795.541178
0.140056,0.374296,0.226188,-12.530000,-114.449997,15.400000,1770467795.549182
0.165432,0.346480,0.326228,-1.890000,-82.459999,20.230000,1770467795.557294
0.212036,0.342820,0.507764,9.100000,-38.009998,27.860001,1770467795.565179
0.251564,0.355752,0.713944,13.230000,19.110001,26.530001,1770467795.573162
0.242292,0.356484,0.909144,11.480000,76.160004,30.590000,1770467795.581190
0.150792,0.300608,1.049444,-1.540000,126.980003,27.299999,1770467795.589321
-0.026596,0.199348,1.221464,-7.350000,170.169998,19.459999,1770467795.597171
-0.292800,0.027572,1.503772,3.080000,208.949997,22.750000,1770467795.605180
-0.565836,-0.055632,1.690188,24.150000,223.160004,32.970001,1770467795.613184
-1.046760,-0.144936,1.761192,22.540001,212.240005,49.209999,1770467795.621195
-1.368596,-0.347212,1.823168,3.780000,178.919998,37.520000,1770467795.629175
-1.507676,-0.451888,1.779492,-0.980000,122.150002,25.760000,1770467795.637229
-1.636752,-0.546072,1.708244,-7.140000,54.040001,22.680000,1770467795.645181
-1.655296,-0.599020,1.575508,-12.250000,-8.050000,3.850000,1770467795.653186
-1.540128,-0.631716,1.454240,-16.660000,-60.340000,-12.880000,1770467795.661222
-1.302716,-0.585600,1.379332,-25.969999,-101.220001,-32.619999,1770467795.669191
-1.005768,-0.503128,1.337120,-34.230000,-128.240005,-46.200001,1770467795.677357
-0.730048,-0.378444,1.277584,-39.410000,-142.520004,-53.830002,1770467795.685179
-0.464820,-0.241316,1.191208,-44.869999,-150.429993,-58.520000,1770467795.693202
-0.241804,-0.102480,1.070916,-41.439999,-156.660004,-54.810001,1770467795.701291
-0.057340,0.017324,0.937936,-36.470001,-160.229996,-45.849998,1770467795.709182
0.042456,0.096624,0.802028,-33.740002,-161.839996,-39.340000,1770467795.717179
0.130784,0.089548,0.677588,-33.669998,-159.320007,-41.580002,1770467795.725181
0.172752,0.228628,0.518500,-30.799999,-152.740005,-36.189999,1770467795.733183
0.320860,0.277916,0.460428,-16.100000,-152.529999,0.630000,1770467795.741225
0.352580,0.289140,0.409676,-17.639999,-142.029999,16.170000,1770467795.749180
0.352336,0.301096,0.344040,-20.090000,-127.190002,20.510000,1770467795.757175
0.355508,0.304756,0.276940,-22.190001,-107.589996,23.100000,1770467795.765191
0.343796,0.300364,0.214720,-24.360001,-82.949997,27.020000,1770467795.773198
0.317444,0.291824,0.143960,-20.020000,-56.209999,21.490000,1770467795.781181
0.277428,0.272548,0.062220,-17.570000,-30.799999,22.190001,1770467795.789219
0.231800,0.241072,-0.007564,-11.550000,-2.870000,20.440001,1770467795.797184
0.202276,0.200080,-0.012200,-3.710000,24.500000,18.270000,1770467795.805172
0.185440,0.159820,0.077348,3.150000,52.500000,12.250000,1770467795.813178
0.191540,0.133224,0.246440,12.810000,82.180000,5.180000,1770467795.821188
0.207156,0.129076,0.483120,14.840000,112.629997,-1.120000,1770467795.829182
0.218624,0.122976,0.743956,13.440000,144.199997,-9.590000,1770467795.837268
0.218624,0.098088,0.946720,6.510000,174.509995,-15.470000,1770467795.845210
0.173972,0.042212,1.087264,2.660000,199.360001,-14.770000,1770467795.853173
0.066368,-0.016348,1.263676,2.590000,213.289993,-7.700000,1770467795.861175
-0.098088,-0.029524,1.496208,-1.400000,215.389999,-3.220000,1770467795.869200
-0.284748,-0.081496,1.789252,1.680000,202.509995,8.820000,1770467795.877190
-0.483608,-0.274744,2.049356,21.209999,162.679993,20.440001,1770467795.885262
-0.867908,-0.460428,2.142076,37.450001,134.750000,36.189999,1770467795.893169
-1.088972,-0.570960,2.065948,34.580002,94.919998,7.700000,1770467795.901179
-1.132892,-0.561200,1.835368,32.900002,59.220001,10.920000,1770467795.909259
-1.124840,-0.542900,1.646268,28.000000,34.369999,4.900000,1770467795.917185
-1.110444,-0.472628,1.542568,21.420000,21.280001,1.400000,1770467795.925179
-1.084092,-0.354288,1.468392,9.730000,13.650000,-9.800000,1770467795.933173
-1.047980,-0.244000,1.351760,-6.580000,11.760000,-27.370001,1770467795.941176
-0.983320,-0.156404,1.201700,-19.110001,9.030000,-32.270000,1770467795.949222
-0.900848,-0.083936,1.044320,-25.340000,4.200000,-46.970001,1770467795.957177
-0.807640,-0.025376,0.897676,-27.020000,-4.550000,-45.220001,1770467795.965178
-0.720532,0.025620,0.727364,-26.670000,-16.450001,-51.240002,1770467795.973398
-0.609756,0.111508,0.518988,-19.250000,-36.750000,-50.049999,1770467795.984272
-0.558272,0.144936,0.446764,-14.350000,-44.869999,-49.000000,1770467795.989375
-0.481412,0.206912,0.353312,-8.190000,-53.900002,-45.709999,1770467795.997173
-0.404796,0.264496,0.312808,-0.770000,-62.230000,-45.430000,1770467796.005183
-0.337452,0.314516,0.320128,1.190000,-69.019997,-48.439999,1770467796.013178
-0.278160,0.318420,0.341844,2.870000,-74.059998,-52.849998,1770467796.021177
-0.147620,0.465552,0.278160,5.810000,-74.690002,-47.810001,1770467796.029273
-0.109556,0.472140,0.278404,10.080000,-84.209999,-21.629999,1770467796.037265
-0.033672,0.518988,0.249856,17.010000,-95.760002,-8.680000,1770467796.045174
-0.027328,0.489708,0.251808,21.980000,-104.230003,7.910000,1770467796.053176
-0.018300,0.466772,0.243512,29.469999,-104.650002,24.080000,1770467796.061175
-0.007076,0.427732,0.290848,35.770000,-97.860001,34.509998,1770467796.069231
0.021960,0.416264,0.444080,41.230000,-78.820000,42.700001,1770467796.077206
0.048556,0.418948,0.697352,38.990002,-48.439999,44.240002,1770467796.085185
0.058316,0.443348,0.976244,29.469999,-11.130000,42.560001,1770467796.093171
0.009272,0.405284,1.239032,13.650000,28.139999,34.369999,1770467796.101287
-0.113460,0.256444,1.488156,0.700000,58.660000,27.370001,1770467796.109178
-0.328424,0.057096,1.789984,4.690000,88.199997,20.370001,1770467796.117168
-0.640988,-0.054168,2.084980,25.760000,100.379997,29.330000,1770467796.125170
-1.017480,-0.140544,2.139880,19.670000,99.959999,32.130001,1770467796.133166
-1.222440,-0.285480,2.119140,3.150000,82.320000,9.590000,1770467796.141191
-1.217316,-0.406748,2.011536,-1.680000,45.009998,3.150000,1770467796.149171
-1.226588,-0.510936,1.955172,-1.540000,0.070000,-7.560000,1770467796.157165
-1.173396,-0.578036,1.833660,-3.010000,-45.009998,-17.570000,1770467796.165154
-1.026020,-0.583160,1.672132,-11.830000,-77.910004,-29.750000,1770467796.173168
-0.835456,-0.531920,1.497916,-22.330000,-101.290001,-40.040001,1770467796.181215
-0.618784,-0.462868,1.328092,-35.419998,-117.250000,-46.619999,1770467796.189229
-0.386740,-0.365512,1.152412,-45.919998,-130.690002,-48.790001,1770467796.197163
-0.179340,-0.253272,0.968436,-48.860001,-141.750000,-45.639999,1770467796.205166
-0.003904,-0.176168,0.787632,-49.419998,-155.399994,-38.220001,1770467796.213169
0.110532,-0.123708,0.623908,-40.320000,-161.630005,-26.600000,1770467796.221171
0.239608,-0.101992,0.499712,-33.740002,-162.750000,-17.150000,1770467796.229177
0.288164,-0.041968,0.379664,-24.780001,-159.389999,-6.370000,1770467796.237173
0.311100,0.004880,0.284260,-10.990000,-147.419998,2.520000,1770467796.245253
0.328912,0.095404,0.185928,-4.340000,-131.669998,3.640000,1770467796.253174
0.394304,0.216672,0.124196,11.690000,-113.889999,30.660000,1770467796.261172
0.360632,0.203008,0.162748,15.400000,-89.879997,41.160000,1770467796.269177
0.339160,0.206912,0.156404,18.690001,-65.239998,46.759998,1770467796.277180
0.312076,0.194712,0.121512,19.459999,-35.980000,46.759998,1770467796.285189
0.280356,0.174460,0.094184,27.299999,-5.320000,46.970001,1770467796.293200
0.273036,0.166652,0.143472,36.330002,27.510000,46.410000,1770467796.301316
0.271328,0.177876,0.284260,42.000000,62.439999,43.820000,1770467796.309178
0.274256,0.213256,0.476532,46.830002,97.089996,39.340000,1770467796.317177
0.279380,0.255468,0.687836,45.080002,132.160004,29.540001,1770467796.325181
0.284504,0.275476,0.892308,37.939999,165.479996,20.160000,1770467796.333254
0.261568,0.242292,1.041148,33.529999,193.830002,12.180000,1770467796.341276
0.194224,0.166408,1.189988,22.469999,213.710007,15.120000,1770467796.349173
0.080032,0.090768,1.368840,7.420000,220.919998,21.280001,1770467796.357194
-0.045140,0.021228,1.653100,-7.000000,210.910004,29.120001,1770467796.365248
-0.215452,-0.105164,1.914180,-17.990000,189.839996,40.320000,1770467796.373176
-0.440664,-0.256688,2.009828,-7.980000,159.039993,53.340000,1770467796.381195
-0.768112,-0.396744,2.074976,-5.040000,150.149994,65.519997,1770467796.389300
-1.054080,-0.565836,1.986648,-15.120000,124.599998,27.230000,1770467796.397176
-1.135576,-0.555100,1.755092,-7.560000,105.209999,5.530000,1770467796.405178
-1.187792,-0.455304,1.534272,-6.790000,89.320000,3.500000,1770467796.413180
-1.198772,-0.316712,1.343708,-6.650000,74.269997,-13.440000,1770467796.421166
-1.161440,-0.161772,1.176568,-11.900000,56.630001,-22.400000,1770467796.429231
-1.082384,-0.041236,1.007232,-18.900000,35.349998,-37.240002,1770467796.437183
-0.963312,0.024156,0.840580,-23.870001,11.060000,-48.860001,1770467796.445184
-0.833748,0.052216,0.705648,-28.209999,-13.650000,-60.340000,1770467796.453181
-0.721264,0.078568,0.604632,-25.200001,-33.320000,-66.639999,1770467796.461207
-0.616588,0.113948,0.508496,-21.700001,-44.310001,-66.430000,1770467796.469189
-0.534116,0.157136,0.405040,-10.080000,-54.250000,-67.199997,1770467796.477246
-0.450668,0.209108,0.319396,-1.120000,-61.810001,-66.080002,1770467796.485196
-0.359900,0.269132,0.274256,6.650000,-71.470001,-64.050003,1770467796.493186
-0.296216,0.296704,0.269864,8.120000,-82.949997,-69.860001,1770467796.501179
-0.222040,0.453596,0.178364,9.100000,-94.779999,-67.830002,1770467796.509176
-0.038796,0.604388,0.169092,15.750000,-114.660004,-34.580002,1770467796.517203
0.006832,0.556076,0.167628,21.000000,-138.669998,-7.630000,1770467796.525197
0.046848,0.515816,0.154452,21.770000,-154.770004,-0.210000,1770467796.533165
0.093696,0.439444,0.182756,24.219999,-158.690002,12.810000,1770467796.541170
0.139812,0.359656,0.283528,26.740000,-147.770004,18.480000,1770467796.549175
0.195688,0.299388,0.485560,26.950001,-116.410004,21.629999,1770467796.557183
0.264984,0.290360,0.748104,25.690001,-63.980000,19.809999,1770467796.565228
0.296460,0.302316,0.990640,19.740000,2.660000,23.030001,1770467796.573180
0.226920,0.315736,1.225368,16.030001,72.169998,24.500000,1770467796.581194
0.064660,0.254980,1.538420,20.790001,132.509995,24.639999,1770467796.589183
-0.253760,0.132492,2.007876,29.540001,180.949997,18.760000,1770467796.597204
-0.690520,-0.003172,2.455860,51.310001,211.960007,26.389999,1770467796.605199
-1.078968,-0.031720,2.510028,45.779999,198.800003,38.080002,1770467796.613179
-1.316380,-0.076128,2.331908,28.770000,161.699997,35.279999,1770467796.621176
-1.508164,-0.280356,2.131828,7.560000,99.750000,24.290001,1770467796.629179
-1.515728,-0.391620,1.915888,-4.410000,24.430000,12.530000,1770467796.637253
-1.431548,-0.512644,1.705316,-19.530001,-39.830002,-7.700000,1770467796.645172
-1.212924,-0.544120,1.515728,-38.360001,-91.419998,-24.850000,1770467796.653175
-0.948184,-0.534360,1.335168,-49.630001,-128.449997,-40.810001,1770467796.661178
-0.666608,-0.495808,1.169248,-56.209999,-152.039993,-47.320000,1770467796.669176
-0.391620,-0.425780,1.029436,-59.430000,-164.850006,-48.580002,1770467796.677198
-0.158112,-0.336232,0.893528,-55.230000,-171.289993,-48.509998,1770467796.685199
0.019276,-0.228872,0.742004,-45.220001,-176.119995,-36.470001,1770467796.693180
0.106140,-0.139568,0.603900,-31.639999,-174.300003,-30.590000,1770467796.701297
0.250832,-0.101016,0.487024,-21.910000,-171.570007,-17.150000,1770467796.709223
0.296216,-0.040260,0.366000,-11.690000,-165.410004,-7.490000,1770467796.717174
0.320616,0.009516,0.255712,1.540000,-154.839996,-1.610000,1770467796.725181
0.363560,0.102480,0.146400,10.850000,-143.850006,3.850000,1770467796.733196
0.361608,0.207888,0.069052,25.410000,-129.360001,28.770000,1770467796.741361
0.335256,0.251076,0.015616,28.559999,-110.250000,38.080002,1770467796.749197
0.291580,0.257664,-0.053680,30.450001,-84.980003,41.230000,1770467796.757172
0.262544,0.245220,-0.104920,35.770000,-55.930000,39.549999,1770467796.765174
0.258396,0.197152,-0.051972,40.459999,-19.040001,37.799999,1770467796.773173
0.303536,0.139812,0.109800,49.840000,22.959999,25.900000,1770467796.781448
0.354288,0.132004,0.330864,54.320000,69.300003,26.110001,1770467796.789266
0.404552,0.188856,0.642452,58.660000,114.169998,15.960000,1770467796.797179
0.427732,0.288164,0.978684,56.980000,162.399994,4.340000,1770467796.805182
0.432368,0.335988,1.175836,41.790001,206.710007,-4.970000,1770467796.813175
0.401136,0.291336,1.282952,35.770000,241.360001,-9.940000,1770467796.821203
0.299144,0.224236,1.509628,24.639999,264.459991,2.380000,1770467796.829180
0.091744,0.183976,1.905640,18.690001,273.350006,22.190001,1770467796.837246
-0.132492,0.033916,2.275300,18.900000,259.489990,42.000000,1770467796.845173
-0.465796,-0.092476,2.322636,19.670000,222.250000,64.680000,1770467796.853169
-0.818620,-0.081252,2.163792,15.960000,172.550003,77.699997,1770467796.861191
-1.315160,-0.464820,2.018856,-14.140000,145.949997,63.700001,1770467796.869192
-1.238788,-0.401136,1.686284,-30.309999,118.510002,28.980000,1770467796.877276
-1.292712,-0.445300,1.481080,-32.200001,105.139999,22.820000,1770467796.885352
-1.347368,-0.417240,1.325896,-33.880001,98.769997,2.730000,1770467796.893177
-1.369572,-0.305976,1.150704,-34.650002,89.529999,-15.470000,1770467796.901175
-1.297836,-0.173728,0.923784,-38.080002,70.489998,-34.439999,1770467796.909193
-1.164612,-0.077592,0.707356,-35.349998,40.040001,-49.980000,1770467796.917174
-1.011868,-0.025376,0.560956,-30.309999,7.210000,-60.830002,1770467796.925178
-0.860344,-0.013908,0.483852,-20.440001,-22.889999,-72.589996,1770467796.933208
-0.715652,0.002196,0.424072,-8.680000,-45.009998,-76.300003,1770467796.941239
-0.589992,0.035624,0.346480,0.980000,-62.930000,-77.419998,1770467796.949259
-0.493612,0.093696,0.269620,7.560000,-75.599998,-76.089996,1770467796.957179
-0.401380,0.169092,0.218380,16.309999,-89.949997,-71.190002,1770467796.965175
-0.317444,0.240584,0.192516,19.809999,-102.620003,-66.639999,1770467796.973495
-0.269864,0.268644,0.202032,17.570000,-115.639999,-67.760002,1770467796.981946
-0.126636,0.467016,0.124928,16.240000,-119.980003,-56.419998,1770467796.989509
-0.044896,0.446276,0.135420,14.560000,-140.910004,-33.389999,1770467796.997188
0.049532,0.439444,0.156892,19.250000,-161.350006,-4.760000,1770467797.005295
0.071248,0.373320,0.223504,19.809999,-168.770004,7.560000,1770467797.013186
0.117120,0.318908,0.316956,23.030001,-158.970001,22.260000,1770467797.021175
0.168604,0.294996,0.505324,27.090000,-127.540001,22.400000,1770467797.029176
0.235704,0.290360,0.820816,32.900002,-76.440002,24.150000,1770467797.037160
0.275476,0.345992,1.177300,35.000000,-9.660000,20.230000,1770467797.045177
0.228140,0.407480,1.482056,25.549999,60.830002,19.600000,1770467797.053176
0.067344,0.424560,1.764608,17.639999,115.150002,25.830000,1770467797.061187
-0.283040,0.373320,2.123776,18.969999,162.190002,25.690001,1770467797.069283
-0.726632,0.295484,2.144272,19.530001,196.070007,21.350000,1770467797.077178
-1.006500,0.238632,2.046184,14.070000,195.369995,23.100000,1770467797.085264
-1.203164,0.109312,1.981036,4.480000,162.960007,26.110001,1770467797.093262
-1.369572,-0.040260,1.924428,-3.430000,100.519997,23.100000,1770467797.101191
-1.499868,-0.238144,1.828780,-21.209999,35.209999,3.850000,1770467797.109160
-1.413004,-0.424316,1.637728,-35.139999,-28.910000,-11.060000,1770467797.117175
-1.190232,-0.517524,1.449360,-48.509998,-84.629997,-25.270000,1770467797.125168
-0.916220,-0.532408,1.249036,-61.250000,-126.000000,-32.689999,1770467797.133170
-0.627324,-0.481412,1.067012,-64.540001,-153.580002,-40.810001,1770467797.141170
-0.355020,-0.396256,0.911584,-67.199997,-172.410004,-37.029999,1770467797.149171
-0.131516,-0.274988,0.751764,-61.459999,-184.520004,-30.379999,1770467797.157174
0.030500,-0.201788,0.595604,-50.540001,-191.309998,-19.459999,1770467797.165252
0.162504,-0.176412,0.438712,-40.669998,-189.630005,-10.010000,1770467797.173191
0.250100,-0.099308,0.278404,-28.910000,-190.330002,3.640000,1770467797.181190
0.285236,-0.037820,0.139568,-16.590000,-181.509995,15.400000,1770467797.189169
0.306708,0.020496,0.027816,-5.110000,-171.080002,23.730000,1770467797.197171
0.313296,0.071492,-0.058316,2.030000,-155.399994,35.630001,1770467797.205213
0.311588,0.105896,-0.103212,10.640000,-135.869995,40.459999,1770467797.213312
0.290116,0.114680,-0.097112,15.540000,-109.760002,41.020000,1770467797.221183
0.271572,0.111508,-0.069784,19.459999,-75.180000,42.279999,1770467797.229170
0.269620,0.097112,0.004880,25.340000,-36.889999,34.369999,1770467797.237163
0.305488,0.054412,0.150792,31.219999,7.630000,28.980000,1770467797.245166
0.348676,0.039528,0.341844,44.660000,54.880001,21.280001,1770467797.253166
0.377468,0.071492,0.578524,54.459999,102.690002,14.210000,1770467797.261169
0.372832,0.119560,0.842776,60.619999,149.100006,3.150000,1770467797.269184
0.395280,0.210328,1.087508,61.880001,190.470001,-9.730000,1770467797.277171
0.355020,0.161284,1.330776,55.439999,228.479996,-14.350000,1770467797.285179
0.270352,0.059048,1.598444,44.869999,259.000000,-12.670000,1770467797.293180
0.093208,0.048312,1.969568,43.119999,272.929993,11.270000,1770467797.301280
-0.113460,-0.032940,2.548092,34.509998,255.500000,25.620001,1770467797.309204
-0.422608,-0.122976,2.590548,23.660000,209.860001,46.970001,1770467797.317177
-0.711016,-0.142008,2.320684,7.420000,148.399994,56.279999,1770467797.325191
-0.899628,-0.241072,1.971520,-19.250000,118.930000,63.209999,1770467797.333262
-1.030656,-0.503616,1.704584,-36.889999,102.830002,28.910000,1770467797.341210
-1.087996,-0.521184,1.480104,-36.470001,95.199997,15.680000,1770467797.349179
-1.138748,-0.448472,1.306376,-31.290001,89.529999,2.940000,1770467797.357177
-1.162660,-0.357948,1.151192,-30.799999,82.739998,-21.280001,1770467797.365236
-1.121912,-0.241316,0.964532,-33.250000,71.540001,-35.419998,1770467797.373228
-1.036512,-0.110776,0.746152,-30.590000,50.540001,-55.720001,1770467797.381226
-0.930128,-0.000732,0.583160,-24.780001,25.410000,-62.860001,1770467797.389190
-0.822524,0.081984,0.465308,-16.309999,1.540000,-68.180000,1770467797.397176
-0.723948,0.140056,0.384056,-7.560000,-19.250000,-67.550003,1770467797.405281
-0.627324,0.177144,0.308660,-1.680000,-35.139999,-67.620003,1770467797.413176
-0.553880,0.206424,0.221064,5.530000,-49.490002,-66.639999,1770467797.421172
-0.461160,0.254248,0.155428,8.330000,-65.239998,-62.580002,1770467797.429183
-0.352580,0.295240,0.117608,7.700000,-83.019997,-59.150002,1770467797.437172
-0.254980,0.302560,0.103944,2.450000,-105.769997,-59.570000,1770467797.445219
-0.167384,0.312076,0.102236,-3.990000,-131.880005,-67.059998,1770467797.453197
-0.046848,0.357216,0.095160,-3.010000,-145.179993,-48.020000,1770467797.461162
0.126636,0.424316,0.102236,3.990000,-162.679993,-24.990000,1770467797.469173
0.137372,0.316224,0.206668,14.350000,-160.509995,-3.850000,1770467797.477163
0.173240,0.274256,0.318176,29.469999,-141.399994,8.610000,1770467797.485194
0.196664,0.265472,0.510936,50.540001,-95.339996,15.120000,1770467797.493175
0.235216,0.335256,0.803492,73.360001,-26.809999,15.540000,1770467797.501178
0.235460,0.458720,1.160464,77.070000,49.000000,25.969999,1770467797.509182
0.114436,0.554124,1.490108,63.630001,113.959999,30.660000,1770467797.517219
-0.126148,0.541192,1.917108,43.680000,164.360001,36.540001,1770467797.525293
-0.498492,0.356972,2.368264,38.430000,202.929993,35.139999,1770467797.533204
-0.891088,0.273280,2.275300,42.419998,213.289993,36.189999,1770467797.541186
-1.208776,0.176656,2.185996,26.530001,192.919998,40.529999,1770467797.549174
-1.418128,0.027328,2.035448,4.200000,144.550003,34.160000,1770467797.557171
-1.555988,-0.058316,1.890756,-11.480000,82.529999,37.310001,1770467797.565176
-1.613816,-0.355264,1.764120,-41.230000,2.100000,16.100000,1770467797.573226
-1.478884,-0.588284,1.563308,-56.000000,-61.669998,-7.350000,1770467797.581226
-1.233176,-0.687348,1.351516,-65.099998,-113.540001,-22.959999,1770467797.589181
-0.942572,-0.639524,1.132160,-64.120003,-152.389999,-37.869999,1770467797.597174
-0.654164,-0.574864,0.972340,-59.080002,-174.300003,-44.169998,1770467797.605205
-0.390888,-0.466040,0.848632,-52.080002,-189.210007,-46.689999,1770467797.613161
-0.149328,-0.344772,0.733952,-41.860001,-200.059998,-43.750000,1770467797.621181
0.038308,-0.212036,0.591212,-30.660000,-208.110001,-36.680000,1770467797.629213
0.176168,-0.130540,0.477996,-20.020000,-210.000000,-28.280001,1770467797.637186
0.262300,-0.072224,0.366244,-11.760000,-211.820007,-16.379999,1770467797.645174
0.323300,-0.019520,0.263520,-3.430000,-206.289993,-8.960000,1770467797.653173
0.349164,0.025132,0.172264,4.060000,-194.880005,1.050000,1770467797.661174
0.373076,0.090036,0.058316,13.020000,-180.809998,9.450000,1770467797.669181
0.370148,0.118096,-0.075640,18.760000,-161.210007,15.890000,1770467797.677240
0.330620,0.131028,-0.180804,23.799999,-136.500000,21.350000,1770467797.685192
0.307684,0.153232,-0.220332,25.969999,-103.459999,19.809999,1770467797.693163
0.311588,0.170800,-0.140056,28.840000,-61.110001,20.020000,1770467797.701194
0.352580,0.150792,0.033672,33.320000,-9.450000,16.450001,1770467797.709191
0.440420,0.114192,0.298656,41.230000,47.740002,14.980000,1770467797.717296
0.518500,0.136884,0.659532,48.650002,105.419998,11.480000,1770467797.725205
0.544364,0.214720,1.007964,50.750000,166.389999,0.350000,1770467797.733187
0.521916,0.279868,1.193648,45.990002,225.820007,-11.970000,1770467797.741297
0.559004,0.340624,1.242936,36.750000,266.839996,-14.560000,1770467797.749209
0.379176,0.220820,1.404708,28.350000,291.200012,-1.190000,1770467797.757176
0.134200,0.161772,1.825852,24.010000,304.500000,12.390000,1770467797.765180
-0.182512,-0.006344,2.296040,29.889999,305.549988,25.830000,1770467797.773195
-0.513132,-0.062952,2.434388,38.009998,275.940002,47.180000,1770467797.781190
-0.884988,-0.058072,2.348500,19.110001,223.369995,51.799999,1770467797.789184
-1.074820,-0.119316,1.982744,-5.810000,174.509995,54.740002,1770467797.797181
-1.215120,-0.369416,1.669448,-20.860001,135.800003,25.410000,1770467797.805179
-1.266848,-0.426756,1.451312,-23.520000,110.459999,19.459999,1770467797.813224
-1.273924,-0.393816,1.302960,-23.940001,89.320000,1.050000,1770467797.821194
-1.257820,-0.327692,1.141920,-27.580000,75.389999,-15.890000,1770467797.829177
-1.193404,-0.239364,0.952820,-29.750000,61.250000,-31.850000,1770467797.837178
-1.096292,-0.160796,0.768600,-29.750000,43.540001,-50.470001,1770467797.845193
-0.982832,-0.105164,0.620736,-25.690001,24.430000,-59.430000,1770467797.853179
-0.877912,-0.067100,0.525576,-16.240000,5.950000,-69.230003,1770467797.861180
-0.776652,-0.027816,0.449692,-5.110000,-12.250000,-70.209999,1770467797.869193
-0.690032,0.017080,0.369172,2.660000,-28.350000,-72.099998,1770467797.877231
-0.596092,0.066856,0.295972,9.240000,-46.900002,-69.089996,1770467797.885506
-0.507032,0.128832,0.241072,11.410000,-65.660004,-67.970001,1770467797.893291
-0.404064,0.205936,0.197884,11.970000,-87.639999,-63.139999,1770467797.901219
-0.309392,0.259860,0.164700,5.320000,-110.669998,-59.290001,1770467797.909179
-0.236436,0.265960,0.143228,-3.010000,-138.110001,-56.560001,1770467797.917179
-0.160552,0.251564,0.110288,-8.470000,-161.000000,-56.910000,1770467797.925178
-0.034404,0.273524,0.105408,-0.350000,-174.440002,-33.180000,1770467797.933255
0.045872,0.258884,0.148596,10.570000,-169.750000,-9.800000,1770467797.941193
0.082228,0.213012,0.251564,25.969999,-152.389999,10.780000,1770467797.949220
0.109312,0.219356,0.422120,45.500000,-115.080002,20.580000,1770467797.957174
0.138592,0.278160,0.684908,62.299999,-58.660000,24.500000,1770467797.965174
0.169092,0.389912,1.075064,69.440002,14.770000,29.049999,1770467797.973488
0.101260,0.509228,1.465952,55.650002,74.199997,31.709999,1770467797.981440
-0.073200,0.587308,1.817800,32.689999,117.739998,38.080002,1770467797.989842
-0.389668,0.507520,2.103280,15.540000,142.029999,35.770000,1770467797.997178
-0.750788,0.334036,2.082052,7.420000,157.570007,32.480000,1770467798.005183
-1.183644,0.211060,1.968592,1.540000,158.270004,32.970001,1770467798.013214
-1.316380,0.055144,1.948340,-6.440000,132.929993,27.580000,1770467798.021337
-1.432768,-0.122488,1.882460,-17.850000,84.699997,20.719999,1770467798.029165
-1.519388,-0.284748,1.800232,-29.190001,25.969999,1.400000,1770467798.037161
-1.461804,-0.454328,1.635044,-41.580002,-34.090000,-15.190000,1770467798.045176
-1.242936,-0.549732,1.429108,-52.779999,-86.660004,-26.809999,1770467798.053302
-0.957944,-0.551928,1.235860,-56.770000,-131.039993,-39.060001,1770467798.061218
-0.661240,-0.494832,1.051884,-59.919998,-164.080002,-47.740002,1770467798.069176
-0.386496,-0.397232,0.890356,-55.650002,-184.869995,-49.490002,1770467798.077169
-0.146888,-0.282552,0.745420,-48.860001,-202.300003,-42.490002,1770467798.085351
0.036600,-0.166896,0.607072,-41.650002,-210.839996,-33.950001,1770467798.093182
0.125416,-0.083204,0.466284,-31.360001,-213.009995,-27.650000,1770467798.101172
0.282064,-0.081984,0.330620,-29.190001,-213.850006,-15.890000,1770467798.109163
0.339648,-0.038308,0.198372,-20.440001,-212.869995,-4.340000,1770467798.117170
0.376248,0.006344,0.077836,-9.800000,-201.949997,9.380000,1770467798.125199
0.391620,0.057584,-0.023912,1.960000,-187.389999,23.100000,1770467798.133175
0.355996,0.056852,-0.103944,12.180000,-164.220001,26.740000,1770467798.141171
0.325984,0.070272,-0.179584,17.570000,-135.869995,26.459999,1770467798.149172
0.300608,0.091744,-0.192272,22.120001,-100.940002,24.080000,1770467798.157218
0.291824,0.109800,-0.131516,27.580000,-56.910000,19.809999,1770467798.165196
0.318664,0.101504,0.031720,31.219999,-8.260000,17.010000,1770467798.173174
0.372832,0.074176,0.239852,39.549999,44.520000,11.620000,1770467798.181179
0.422120,0.078568,0.501664,48.650002,100.309998,9.870000,1770467798.189199
0.463356,0.129320,0.846436,53.970001,155.399994,2.730000,1770467798.197194
0.468968,0.190564,1.129720,52.290001,207.479996,-6.790000,1770467798.205187
0.433832,0.168360,1.357616,44.660000,250.949997,-16.309999,1770467798.213220
0.334524,0.058804,1.560868,35.770000,281.470001,-16.030001,1770467798.221281
0.127856,0.016348,1.875140,30.660000,300.369995,2.730000,1770467798.229165
-0.164944,-0.091012,2.405596,32.410000,296.660004,13.090000,1770467798.237168
-0.497028,-0.218380,2.587864,38.290001,253.889999,37.240002,1770467798.245169
-0.957456,-0.208864,2.450736,25.340000,201.669998,42.700001,1770467798.253168
-1.121180,-0.278892,2.161840,-3.640000,148.610001,41.020000,1770467798.261245
-1.194868,-0.423096,1.735328,-20.790001,110.040001,21.559999,1770467798.269171
-1.221708,-0.453840,1.485472,-25.690001,83.300003,15.190000,1770467798.277164
-1.235128,-0.405284,1.332484,-25.760000,64.050003,1.050000,1770467798.285177
-1.227808,-0.322568,1.204628,-29.750000,52.290001,-17.360001,1770467798.293188
-1.173396,-0.217648,1.050420,-34.160000,41.299999,-36.680000,1770467798.301177
-1.079212,-0.108336,0.862296,-38.919998,27.860001,-49.700001,1770467798.309169
-0.962092,-0.015128,0.673928,-38.080002,9.450000,-63.630001,1770467798.317213
-0.843752,0.050752,0.535336,-30.660000,-7.840000,-65.379997,1770467798.325201
-0.732976,0.098088,0.458476,-24.150000,-23.799999,-73.290001,1770467798.333182
-0.644404,0.127124,0.371856,-12.110000,-38.360001,-73.849998,1770467798.341177
-0.549244,0.148352,0.273524,-2.590000,-49.700001,-75.459999,1770467798.349192
-0.443592,0.182756,0.204716,5.320000,-65.519997,-75.180000,1770467798.357238
-0.336720,0.222284,0.150304,9.310000,-81.550003,-70.980003,1770467798.365181
-0.251564,0.255468,0.112728,9.870000,-101.010002,-68.110001,1770467798.373206
-0.166896,0.262544,0.124928,6.020000,-119.629997,-70.699997,1770467798.381180
-0.104920,0.383568,0.094428,2.800000,-136.779999,-62.790001,1770467798.389242
0.056120,0.353312,0.117120,-0.980000,-152.809998,-41.160000,1770467798.397180
0.129564,0.353312,0.159576,7.910000,-164.289993,-20.020000,1770467798.405286
0.167872,0.299144,0.224968,16.520000,-154.910004,-2.660000,1770467798.413173
0.193248,0.265716,0.314272,31.080000,-127.120003,9.240000,1770467798.421179
0.219356,0.270108,0.489220,49.209999,-80.709999,16.100000,1770467798.429178
0.253760,0.360632,0.767136,61.529999,-11.690000,19.600000,1770467798.437178
0.250100,0.469944,1.115812,63.770000,62.860001,27.650000,1770467798.445226
0.173484,0.541924,1.467904,48.509998,127.190002,33.740002,1770467798.453183
-0.047336,0.508740,1.896612,25.129999,178.710007,34.369999,1770467798.461181
-0.395036,0.276452,2.357284,18.200001,214.690002,30.030001,1770467798.469180
-0.882060,0.179096,2.293844,24.430000,232.889999,33.950001,1770467798.477178
-1.269776,0.079788,2.190876,16.450001,223.229996,42.000000,1770467798.485489
-1.468148,-0.041480,1.992992,0.910000,173.039993,41.369999,1770467798.493191
-1.688480,-0.185928,1.850984,-13.790000,105.139999,27.090000,1770467798.501173
-1.717516,-0.303536,1.653588,-32.480000,28.350000,11.760000,1770467798.509197
-1.614304,-0.494100,1.465220,-45.849998,-44.590000,-7.140000,1770467798.517176
-1.367132,-0.581940,1.273680,-51.939999,-103.459999,-24.290001,1770467798.525237
-1.047492,-0.582916,1.091412,-61.040001,-150.080002,-40.040001,1770467798.533161
-0.732000,-0.524600,0.913780,-59.220001,-183.750000,-48.860001,1770467798.541186
-0.441884,-0.425780,0.772992,-56.209999,-206.429993,-44.029999,1770467798.549219
-0.188856,-0.307196,0.645868,-49.700001,-220.990005,-40.110001,1770467798.557323
0.002928,-0.215452,0.537044,-37.310001,-228.759995,-26.250000,1770467798.565175
0.122732,-0.162992,0.432856,-26.879999,-228.339996,-21.490000,1770467798.573182
0.263276,-0.128832,0.324276,-17.010000,-225.960007,-9.380000,1770467798.581181
0.345260,-0.065636,0.209108,-8.470000,-223.720001,1.680000,1770467798.589235
0.377468,-0.012444,0.122488,1.890000,-212.729996,11.690000,1770467798.597186
0.379176,0.030988,0.028304,10.780000,-196.070007,17.080000,1770467798.605179
0.357948,0.068564,-0.088816,14.210000,-171.990005,14.630000,1770467798.613178
0.334036,0.097356,-0.198860,19.040001,-142.869995,18.549999,1770467798.621170
0.320860,0.127368,-0.220088,21.980000,-107.239998,16.799999,1770467798.629185
0.342576,0.143716,-0.129808,27.860001,-61.110001,15.400000,1770467798.637165
0.403088,0.131272,0.069052,35.560001,-9.870000,13.650000,1770467798.645252
0.487024,0.116632,0.335744,42.700001,46.549999,10.360000,1770467798.653208
0.518012,0.169092,0.679052,52.080002,107.940002,2.520000,1770467798.661178
0.579744,0.252296,0.994788,54.529999,161.839996,-3.080000,1770467798.669200
0.551684,0.277184,1.185596,47.110001,216.720001,-17.500000,1770467798.677307
0.612684,0.356240,1.280756,39.340000,260.540009,-16.590000,1770467798.685208
0.428220,0.124684,1.514996,26.950001,289.589996,7.210000,1770467798.693239
0.168360,0.105896,1.911740,24.430000,307.579987,17.219999,1770467798.701215
-0.153720,-0.053680,2.373876,28.000000,314.019989,28.910000,1770467798.709176
-0.458232,-0.131760,2.459032,29.540001,287.559998,46.410000,1770467798.717154
-0.908412,-0.170312,2.351916,16.520000,240.800003,53.060001,1770467798.725178
-1.238788,-0.375272,2.051064,-10.430000,196.979996,42.349998,1770467798.733224
-1.229272,-0.394060,1.590880,-26.180000,158.830002,27.299999,1770467798.741192
-1.294908,-0.421632,1.312476,-30.100000,131.039993,17.990000,1770467798.749177
-1.333948,-0.419680,1.117032,-35.349998,111.510002,4.340000,1770467798.757173
-1.345172,-0.376736,0.960140,-35.980000,91.070000,-13.650000,1770467798.765175
-1.306132,-0.307196,0.817644,-38.080002,71.610001,-31.080000,1770467798.773175
-1.216340,-0.216916,0.683932,-37.520000,43.189999,-46.549999,1770467798.781308
-1.103368,-0.132492,0.548512,-30.450001,16.100000,-52.150002,1770467798.789224
-0.990396,-0.065392,0.457256,-24.150000,-9.800000,-60.689999,1770467798.797178
-0.881084,-0.015372,0.382592,-10.920000,-30.660000,-62.720001,1770467798.805178
-0.789828,0.026352,0.306952,-0.420000,-47.529999,-67.970001,1770467798.813223
-0.646844,0.096624,0.239608,8.120000,-64.470001,-73.360001,1770467798.821194
-0.509960,0.176900,0.200324,12.180000,-84.559998,-71.120003,1770467798.829179
-0.382592,0.256200,0.172996,12.110000,-109.550003,-66.150002,1770467798.837178
-0.289628,0.281576,0.164212,9.170000,-134.330002,-66.290001,1770467798.845176
-0.152256,0.451888,0.105652,6.440000,-157.990005,-62.930000,1770467798.853270
-0.026840,0.442372,0.116876,4.760000,-183.960007,-33.040001,1770467798.861193
0.078568,0.451400,0.136640,10.290000,-203.979996,-12.530000,1770467798.869178
0.117852,0.408944,0.205204,17.360001,-200.830002,6.790000,1770467798.877180
0.165432,0.370880,0.319152,35.910000,-176.399994,23.940001,1770467798.885301
0.215452,0.392108,0.533384,53.410000,-127.750000,29.889999,1770467798.893200
0.267668,0.486292,0.849364,67.900002,-57.889999,33.389999,1770467798.901185
0.309392,0.609756,1.203896,68.389999,21.770000,37.029999,1770467798.909232
0.256444,0.697596,1.539396,49.560001,86.940002,50.540001,1770467798.917177
0.007808,0.634888,1.901980,28.490000,141.259995,53.830002,1770467798.925177
-0.420168,0.440420,2.215764,17.570000,192.919998,41.020000,1770467798.933177
-0.778604,0.274744,2.141832,18.340000,223.509995,36.680000,1770467798.941172
-1.194136,0.199592,2.108404,7.210000,220.919998,42.560001,1770467798.949199
-1.419104,0.014396,2.002020,-10.640000,170.729996,33.950001,1770467798.957323
-1.683844,-0.297924,1.924916,-29.190001,107.940002,7.560000,1770467798.965188
-1.757044,-0.500444,1.690432,-44.869999,31.010000,-3.780000,1770467798.973507
-1.608204,-0.682468,1.476688,-54.110001,-44.590000,-20.580000,1770467798.981589
-1.333460,-0.767136,1.266848,-58.869999,-111.860001,-31.709999,1770467798.989359
-0.996252,-0.741272,1.087264,-60.200001,-167.089996,-45.430000,1770467798.997201
-0.661972,-0.651236,0.919148,-55.509998,-203.839996,-45.290001,1770467799.005191
-0.362096,-0.548024,0.793000,-51.660000,-227.429993,-45.290001,1770467799.013181
-0.107848,-0.386740,0.665632,-39.900002,-242.970001,-40.669998,1770467799.021194
0.094184,-0.226676,0.531920,-26.250000,-254.520004,-29.330000,1770467799.029254
0.223748,-0.158844,0.434564,-18.410000,-257.739990,-13.790000,1770467799.037172
0.285968,-0.115900,0.335012,-8.120000,-250.880005,-3.220000,1770467799.045180
0.403576,-0.051240,0.216916,-0.560000,-242.830002,1.610000,1770467799.053187
0.427000,-0.010004,0.126148,10.990000,-227.990005,13.510000,1770467799.061204
0.424804,0.017812,0.043676,15.680000,-206.080002,21.559999,1770467799.069245
0.406992,0.036112,-0.054412,22.680000,-177.729996,18.549999,1770467799.077181
0.390156,0.069052,-0.143960,24.639999,-143.779999,22.750000,1770467799.085184
0.379420,0.103700,-0.178608,24.920000,-105.419998,17.290001,1770467799.093201
0.381372,0.117608,-0.108336,27.090000,-61.110001,18.410000,1770467799.101184
0.419924,0.100040,0.039284,30.240000,-9.170000,14.490000,1770467799.109173
0.499956,0.064660,0.256688,36.750000,46.830002,13.160000,1770467799.117166
0.556808,0.040016,0.577304,43.889999,105.769997,6.580000,1770467799.125173
0.672708,0.151768,0.916464,48.090000,164.289993,-0.280000,1770467799.133192
0.655384,0.161284,1.152168,43.959999,217.070007,-7.350000,1770467799.141295
0.636108,0.075396,1.292712,29.469999,259.700012,-7.700000,1770467799.149171
0.545340,-0.054900,1.405684,22.540001,293.160004,1.960000,1770467799.157175
0.401868,-0.075152,1.733864,24.780001,318.640015,16.870001,1770467799.165171
0.073444,-0.252052,2.318488,35.700001,337.679993,33.740002,1770467799.173163
-0.323300,-0.360388,2.556144,48.720001,328.019989,44.029999,1770467799.181154
-0.803736,-0.293776,2.599576,38.779999,282.450012,59.990002,1770467799.189399
-1.197796,-0.367952,2.256268,8.540000,236.039993,32.480000,1770467799.197196
-1.381040,-0.395524,1.790472,-8.470000,185.850006,23.870001,1770467799.205252
-1.458144,-0.371612,1.442772,-22.330000,141.259995,10.150000,1770467799.213195
-1.456436,-0.304024,1.201700,-24.360001,100.379997,-7.280000,1770467799.221156
-1.397876,-0.227896,1.034316,-29.750000,65.309998,-28.910000,1770467799.229165
-1.314184,-0.137372,0.888404,-32.900002,36.820000,-45.500000,1770467799.237168
-1.189500,-0.069052,0.726632,-31.990000,12.670000,-61.459999,1770467799.245169
-1.036024,-0.015616,0.570228,-32.340000,-9.450000,-77.629997,1770467799.253168
-0.876448,0.037088,0.457256,-23.520000,-26.670000,-86.660004,1770467799.261173
-0.738344,0.085400,0.366976,-13.650000,-40.880001,-98.349998,1770467799.269255
-0.610732,0.142984,0.276940,-2.800000,-52.220001,-104.790001,1770467799.277177
-0.490928,0.199348,0.189344,7.630000,-64.680000,-105.769997,1770467799.285156
-0.381128,0.257908,0.147376,15.960000,-82.250000,-105.000000,1770467799.293191
-0.290848,0.289628,0.140788,15.750000,-105.139999,-107.589996,1770467799.301190
-0.122976,0.428708,0.116876,19.530001,-130.199997,-92.330002,1770467799.309260
0.039772,0.578768,0.121512,21.980000,-156.729996,-70.699997,1770467799.317173
0.074176,0.555832,0.173728,24.780001,-179.619995,-43.470001,1770467799.325175
0.107360,0.539972,0.193248,22.889999,-184.449997,-23.870001,1770467799.333231
0.142984,0.510204,0.216184,30.450001,-171.639999,-5.670000,1770467799.341171
0.186172,0.476776,0.282796,42.000000,-137.759995,12.950000,1770467799.349267
0.228384,0.470676,0.462380,52.430000,-84.559998,29.889999,1770467799.357174
0.263520,0.499712,0.740296,65.449997,-12.670000,39.689999,1770467799.365178
0.298412,0.490684,1.051396,61.669998,64.400002,43.470001,1770467799.373175
0.245464,0.414312,1.421300,53.689999,134.610001,49.560001,1770467799.381159
0.010004,0.278892,1.876604,43.119999,192.500000,46.830002,1770467799.389774
-0.449936,0.129320,2.237236,44.660000,239.330002,40.459999,1770467799.397181
-0.872544,0.099308,2.155740,43.889999,257.109985,55.369999,1770467799.405310
-1.412272,-0.038796,2.143296,24.010000,245.770004,59.500000,1770467799.413170
-1.724104,-0.291092,2.034228,10.430000,189.699997,34.720001,1770467799.421176
-1.902956,-0.575108,1.894904,-0.770000,105.139999,20.510000,1770467799.429176
-1.931748,-0.734928,1.720200,-17.990000,19.530001,1.050000,1770467799.437169
-1.778516,-0.826428,1.519388,-29.680000,-55.580002,-17.709999,1770467799.445189
-1.475468,-0.804712,1.338340,-39.759998,-122.010002,-45.639999,1770467799.453180
-1.117032,-0.685884,1.184864,-42.770000,-169.119995,-60.549999,1770467799.461179
-0.746152,-0.598776,1.080676,-45.570000,-198.100006,-70.699997,1770467799.469176
-0.412604,-0.473116,0.973072,-41.439999,-214.970001,-72.870003,1770467799.477222
-0.151280,-0.328424,0.850340,-36.400002,-222.529999,-71.820000,1770467799.485311
0.038064,-0.171776,0.709064,-25.340000,-226.169998,-62.720001,1770467799.493197
0.147376,-0.068564,0.572180,-17.639999,-224.210007,-52.849998,1770467799.501193
0.231312,-0.020008,0.424316,-14.910000,-218.259995,-43.189999,1770467799.509196
0.283284,0.036600,0.271816,-9.660000,-212.309998,-36.680000,1770467799.517178
0.482876,0.217648,0.087352,1.890000,-204.679993,-11.410000,1770467799.525183
0.373808,0.178120,0.043920,7.350000,-192.779999,9.380000,1770467799.533218
0.370636,0.186172,-0.020740,6.720000,-177.169998,16.240000,1770467799.541262
0.366000,0.192028,-0.083448,4.340000,-155.750000,15.330000,1770467799.549176
0.350872,0.189832,-0.130784,6.860000,-126.419998,23.030001,1770467799.557176
0.339648,0.190808,-0.130052,10.780000,-89.739998,21.629999,1770467799.565177
0.357948,0.191052,-0.062464,13.300000,-48.020000,14.840000,1770467799.573174
0.392840,0.160796,0.083448,21.490000,0.070000,13.090000,1770467799.581170
0.437004,0.142496,0.279380,29.330000,52.779999,9.170000,1770467799.589177
0.479216,0.147132,0.545828,36.680000,108.709999,3.010000,1770467799.597185
0.512644,0.177144,0.799100,39.410000,162.610001,-0.770000,1770467799.605185
0.516060,0.171044,0.985516,32.060001,208.529999,-7.840000,1770467799.613303
0.482388,0.097356,1.143384,23.240000,245.559998,-12.040000,1770467799.621179
0.421388,-0.002196,1.313696,18.200001,271.250000,1.610000,1770467799.629177
0.242536,-0.061976,1.688968,18.900000,291.200012,10.010000,1770467799.637176
-0.057584,-0.196908,2.199660,28.629999,301.350006,18.900000,1770467799.645191
-0.448716,-0.371856,2.524424,45.009998,280.910004,30.030001,1770467799.653163
-0.958676,-0.421876,2.604700,36.330002,252.490005,35.770000,1770467799.661184
-1.244156,-0.453840,2.263344,14.770000,195.160004,4.410000,1770467799.669180
-1.346392,-0.482876,1.810724,1.120000,141.820007,-4.760000,1770467799.677173
-1.378600,-0.456036,1.459852,-7.210000,99.470001,-7.840000,1770467799.685169
-1.356640,-0.382836,1.239276,-15.470000,66.080002,-23.870001,1770467799.693214
-1.297592,-0.266448,1.093608,-20.230000,40.320000,-33.669998,1770467799.701183
-1.234396,-0.134200,0.964044,-25.760000,21.070000,-45.430000,1770467799.709245
-1.152656,-0.011468,0.814960,-30.309999,5.180000,-53.619999,1770467799.717193
-1.068964,0.076372,0.665876,-31.360001,-9.800000,-60.759998,1770467799.725177
-0.978928,0.137372,0.544364,-33.320000,-23.240000,-62.580002,1770467799.733173
-0.892796,0.170800,0.466284,-25.900000,-35.000000,-71.680000,1770467799.741177
-0.793244,0.188124,0.394792,-16.450001,-47.459999,-75.599998,1770467799.749188
-0.689300,0.218136,0.321592,-7.770000,-58.590000,-76.860001,1770467799.757279
-0.566812,0.256688,0.260836,0.560000,-76.580002,-76.160004,1770467799.765198
-0.473116,0.289384,0.236924,4.900000,-99.400002,-79.519997,1770467799.773178
-0.356240,0.351116,0.225944,6.300000,-125.790001,-84.699997,1770467799.781161
-0.139080,0.489464,0.216184,12.320000,-164.779999,-62.369999,1770467799.789173
-0.040992,0.573400,0.210816,9.940000,-200.759995,-43.610001,1770467799.797219
0.030500,0.566324,0.195444,10.220000,-228.410004,-24.219999,1770467799.805197
0.095404,0.531188,0.182756,7.910000,-241.990005,-12.180000,1770467799.813183
0.155916,0.508740,0.212280,14.070000,-232.610001,0.350000,1770467799.821209
0.219112,0.484340,0.327936,22.400000,-199.850006,20.020000,1770467799.829180
0.312564,0.508984,0.533628,39.549999,-145.529999,28.000000,1770467799.837179
0.389912,0.537776,0.778360,46.410000,-73.570000,33.880001,1770467799.845188
0.437980,0.516792,1.068476,43.119999,0.000000,31.500000,1770467799.853202
0.360144,0.426268,1.365668,31.080000,67.410004,30.030001,1770467799.861181
0.108336,0.265716,1.685552,18.200001,133.139999,19.809999,1770467799.869181
-0.264252,0.009760,2.094008,26.389999,196.139999,17.780001,1770467799.877201
-0.621224,-0.148352,2.166476,45.990002,218.889999,30.870001,1770467799.885241
-1.120692,-0.255224,2.219912,25.549999,205.940002,37.310001,1770467799.893458
-1.398364,-0.599996,2.240652,4.340000,155.470001,6.860000,1770467799.901349
-1.579656,-0.759816,2.109136,-6.230000,81.830002,-8.610000,1770467799.909184
-1.597956,-0.815936,1.905640,-22.330000,-0.210000,-21.139999,1770467799.917178
-1.453020,-0.869616,1.663348,-37.240002,-78.190002,-37.869999,1770467799.925252
-1.187060,-0.854000,1.462780,-47.950001,-139.509995,-52.919998,1770467799.933184
-0.854244,-0.776408,1.315160,-55.090000,-182.210007,-64.050003,1770467799.941229
-0.524356,-0.631472,1.167052,-59.990002,-210.490005,-72.379997,1770467799.949215
-0.245220,-0.468724,1.023580,-55.369999,-225.259995,-69.510002,1770467799.957182
0.001464,-0.290116,0.892064,-49.209999,-234.850006,-63.490002,1770467799.965179
0.173972,-0.140788,0.750788,-38.709999,-237.860001,-52.009998,1770467799.973354
0.249612,-0.053192,0.602924,-28.770000,-234.220001,-43.330002,1770467799.981278
0.345748,0.044896,0.434320,-17.080000,-231.839996,-40.040001,1770467799.989276
0.433588,0.097112,0.276452,-2.590000,-231.630005,-37.099998,1770467799.997206
0.507276,0.246684,0.131272,19.530001,-221.199997,0.140000,1770467800.005198
0.496052,0.271328,0.047336,28.420000,-205.240005,9.450000,1770467800.013183
0.494100,0.286212,-0.012200,31.150000,-182.279999,19.809999,1770467800.021219
0.491416,0.292312,-0.055876,33.320000,-150.990005,17.219999,1770467800.029279
0.483852,0.295484,-0.099552,33.880001,-111.089996,17.080000,1770467800.037163
0.490196,0.265716,-0.129808,42.630001,-63.139999,10.290000,1770467800.045175
0.530212,0.193736,-0.080520,49.419998,-12.530000,5.670000,1770467800.053197
0.626104,0.104188,0.048068,58.660000,37.730000,3.640000,1770467800.061180
0.751764,0.060512,0.273280,67.970001,84.139999,7.210000,1770467800.069177
0.836188,0.074908,0.593164,73.220001,128.380005,23.170000,1770467800.077229
0.804712,0.061732,0.869372,72.870003,178.220001,34.860001,1770467800.085196
0.709308,0.006832,1.048956,54.459999,235.899994,42.910000,1770467800.093208
0.524844,-0.220820,1.250744,40.529999,280.559998,56.209999,1770467800.101184
0.176900,-0.445544,1.375916,44.310001,300.790009,76.019997,1770467800.109206
-0.246440,-0.492148,1.638460,48.439999,305.549988,85.470001,1770467800.117230
-0.787388,-0.709552,1.965908,36.889999,311.220001,36.959999,1770467800.125197
-1.039684,-0.520208,2.167940,18.690001,270.760010,4.200000,1770467800.133178
-1.322236,-0.487512,2.277740,7.630000,211.399994,-0.770000,1770467800.141170
-1.436672,-0.433588,2.093032,-0.280000,143.080002,-26.670000,1770467800.149212
-1.467416,-0.363072,1.795352,6.300000,81.410004,-35.630001,1770467800.157174
-1.363960,-0.189588,1.436428,16.100000,25.969999,-50.259998,1770467800.165174
-1.184864,0.009028,1.090192,21.420000,-17.010000,-64.470001,1770467800.173214
-0.984784,0.171044,0.809836,32.340000,-45.360001,-77.980003,1770467800.181317
-0.772260,0.279868,0.635132,44.099998,-65.449997,-89.320000,1770467800.189167
-0.585844,0.396012,0.571448,56.770000,-77.419998,-92.680000,1770467800.197181
-0.443836,0.480192,0.588528,59.009998,-86.730003,-107.029999,1770467800.205167
-0.369904,0.584136,0.584624,53.900002,-91.629997,-130.619995,1770467800.213178
-0.198860,0.678564,0.540704,44.520000,-95.199997,-142.940002,1770467800.221175
-0.019032,0.897432,0.479460,43.680000,-108.570000,-114.800003,1770467800.229142
-0.040016,0.925980,0.462624,28.420000,-114.660004,-104.019997,1770467800.237166
-0.019764,0.932080,0.354044,13.440000,-119.000000,-91.559998,1770467800.245161
0.006588,0.926468,0.246684,-4.060000,-121.239998,-88.830002,1770467800.253177
0.041968,0.919148,0.225700,-14.770000,-115.360001,-72.800003,1770467800.261171
0.077592,0.900848,0.278160,-19.670000,-96.809998,-63.490002,1770467800.269173
0.122732,0.842044,0.370392,-22.889999,-70.699997,-54.880001,1770467800.277174
0.179340,0.744932,0.485316,-22.889999,-38.220001,-49.419998,1770467800.285169
0.230824,0.603656,0.648552,-25.340000,-3.780000,-45.080002,1770467800.293295
0.278404,0.438468,0.872544,-25.760000,28.559999,-39.830002,1770467800.301218
0.306220,0.255956,1.128256,-25.549999,59.639999,-38.220001,1770467800.309178
0.266204,0.104920,1.434964,-23.660000,85.820000,-37.799999,1770467800.317174
0.076372,0.008296,1.800232,-14.000000,104.160004,-32.130001,1770467800.325177
-0.160064,-0.034404,2.242360,-17.360001,114.589996,-38.919998,1770467800.333247
-0.419924,-0.141276,2.589816,-13.090000,112.910004,-39.480000,1770467800.341221
-0.549488,-0.288164,2.555168,-13.370000,89.599998,-34.650002,1770467800.349174
-0.640988,-0.250344,2.233088,-18.200001,62.439999,-33.320000,1770467800.357176
-0.819352,-0.389424,1.968836,-34.860001,25.410000,-51.730000,1770467800.365212
-0.698328,-0.371856,1.627480,-52.570000,-4.550000,-69.230003,1770467800.373241
-0.619760,-0.373076,1.344684,-64.959999,-21.139999,-77.699997,1770467800.381165
-0.531920,-0.349164,1.133380,-73.989998,-30.660000,-80.639999,1770467800.389170
-0.457744,-0.316468,0.986736,-77.839996,-31.150000,-80.220001,1770467800.397196
-0.389668,-0.281332,0.871324,-76.860001,-27.440001,-77.559998,1770467800.405189
-0.328912,-0.249856,0.768600,-82.529999,-22.889999,-71.820000,1770467800.413209
-0.278892,-0.207156,0.633180,-85.959999,-21.629999,-62.020000,1770467800.421169
-0.234240,-0.156404,0.481412,-91.629997,-26.459999,-52.709999,1770467800.429179
-0.199836,-0.119560,0.328912,-92.959999,-33.040001,-42.630001,1770467800.437202
-0.162016,-0.095892,0.205448,-88.199997,-41.230000,-29.049999,1770467800.445215
-0.134444,-0.077836,0.130052,-79.870003,-47.110001,-17.010000,1770467800.453178
-0.086132,-0.074664,0.103944,-61.740002,-49.840000,-9.380000,1770467800.461178
-0.032940,-0.083936,0.132004,-43.119999,-50.189999,9.240000,1770467800.469211
0.026352,-0.139812,0.219600,-23.799999,-48.790001,15.750000,1770467800.477193
0.080276,-0.174460,0.324276,-5.250000,-46.480000,27.580000,1770467800.485166
0.125172,-0.170312,0.434564,9.450000,-42.630001,35.279999,1770467800.493379
0.161528,-0.171288,0.528748,29.190001,-32.549999,40.669998,1770467800.501178
0.198860,-0.192760,0.603412,48.509998,-16.450001,45.500000,1770467800.509210
0.233508,-0.224724,0.719068,72.309998,4.130000,44.799999,1770467800.517319
0.289872,-0.257908,0.862540,91.209999,22.330000,44.169998,1770467800.525176
0.334524,-0.267424,1.022360,104.860001,33.180000,44.520000,1770467800.533159
0.386252,-0.304756,1.266360,108.220001,37.450001,44.029999,1770467800.541184
0.405772,-0.344284,1.484984,104.440002,38.779999,53.689999,1770467800.549196
0.428220,-0.419924,1.604300,97.089996,38.849998,58.380001,1770467800.557176
0.457256,-0.498004,1.738256,90.860001,37.169998,77.489998,1770467800.565283
0.495076,-0.602924,1.923452,74.970001,37.240002,95.129997,1770467800.573173
0.338672,-0.672464,2.029348,56.630001,51.520000,105.769997,1770467800.581160
0.035624,-0.561200,1.937848,49.139999,91.629997,101.080002,1770467800.589170
-0.402356,-0.489464,1.786568,39.549999,155.539993,60.410000,1770467800.597190
-0.665144,-0.294508,1.617720,42.000000,208.600006,37.660000,1770467800.605184
-0.916952,-0.107848,1.450580,38.290001,243.600006,5.670000,1770467800.613292
-1.111176,0.050264,1.214388,33.529999,251.229996,-13.440000,1770467800.621188
-1.246108,0.156648,0.910120,24.780001,233.240005,-32.970001,1770467800.629181
-1.313452,0.231312,0.597800,9.660000,192.570007,-61.040001,1770467800.637176
-1.312964,0.274012,0.360632,6.230000,145.809998,-77.699997,1770467800.645204
-1.235128,0.295484,0.237168,8.120000,94.080002,-101.220001,1770467800.653217
-1.121180,0.309880,0.156160,20.020000,47.740002,-112.980003,1770467800.661177
-0.961360,0.363804,0.127856,25.410000,-2.170000,-117.389999,1770467800.669174
-0.770308,0.460916,0.131516,27.020000,-52.570000,-124.389999,1770467800.677186
-0.597312,0.628788,0.115900,35.630001,-89.879997,-120.190002,1770467800.685166
-0.416508,0.796416,0.151524,34.860001,-145.110001,-74.480003,1770467800.693185
-0.279868,0.859368,0.153232,33.320000,-180.740005,-50.330002,1770467800.701190
-0.240340,0.850584,0.154696,24.780001,-201.320007,-32.830002,1770467800.709201
-0.023424,0.930128,0.151280,21.629999,-220.149994,-14.070000,1770467800.717192
0.053192,0.912072,0.214232,20.299999,-226.729996,8.680000,1770467800.725178
0.126880,0.848144,0.332816,12.740000,-215.320007,24.080000,1770467800.733172
0.209596,0.818864,0.510448,10.290000,-182.979996,32.130001,1770467800.741178
0.323056,0.807640,0.768600,9.450000,-135.240005,39.270000,1770467800.749255
0.483364,0.789828,1.021628,3.150000,-76.440002,41.509998,1770467800.757168
0.516060,0.701256,1.222440,1.890000,-13.650000,49.770000,1770467800.765177
0.457988,0.558028,1.454484,-3.990000,48.439999,49.560001,1770467800.773174
0.280600,0.399184,1.860012,0.630000,119.070000,46.060001,1770467800.781168
-0.041236,0.173484,2.286036,7.560000,200.410004,35.630001,1770467800.789173
-0.259616,-0.077592,2.466108,26.180000,247.380005,41.369999,1770467800.797238
-0.493856,-0.118340,2.421700,25.620001,234.009995,58.520000,1770467800.805183
-0.797392,-0.163236,2.382416,4.900000,181.020004,65.800003,1770467800.813186
-1.061400,-0.285724,2.120604,-28.420000,123.410004,61.880001,1770467800.821208
-1.211460,-0.442860,1.721664,-53.900002,58.520000,31.920000,1770467800.829225
-1.178032,-0.567788,1.424716,-67.059998,0.910000,14.770000,1770467800.837340
-1.095560,-0.635620,1.206824,-73.010002,-38.639999,-2.170000,1770467800.845179
-0.970144,-0.603168,1.005768,-74.410004,-64.470001,-15.470000,1770467800.853175
-0.821060,-0.559980,0.838384,-73.080002,-80.080002,-21.490000,1770467800.861186
-0.648552,-0.497272,0.699304,-69.089996,-90.370003,-28.000000,1770467800.869212
-0.485072,-0.444568,0.599264,-65.589996,-97.930000,-25.900000,1770467800.877256
-0.329156,-0.384788,0.502884,-59.009998,-104.089996,-22.190001,1770467800.885194
-0.202520,-0.316956,0.411140,-53.480000,-109.199997,-7.840000,1770467800.893220
-0.110044,-0.223748,0.312076,-45.009998,-112.839996,-0.280000,1770467800.901188
-0.049288,-0.147620,0.225212,-37.660000,-118.790001,8.400000,1770467800.909196
-0.006832,-0.079544,0.148840,-32.759998,-120.470001,17.430000,1770467800.917190
0.027572,-0.029768,0.097844,-25.549999,-121.870003,24.080000,1770467800.925178
0.061244,-0.016836,0.038064,-21.420000,-118.580002,25.410000,1770467800.933178
0.088328,-0.004392,-0.021472,-12.460000,-112.559998,26.879999,1770467800.941173
0.106872,0.021960,-0.034892,-1.890000,-102.410004,32.270000,1770467800.949219
0.138348,0.026352,0.054168,12.320000,-82.809998,31.219999,1770467800.957180
0.191052,0.018300,0.265472,26.110001,-54.880001,32.830002,1770467800.965179
0.239608,0.024888,0.549244,35.070000,-17.920000,28.770000,1770467800.973352
0.307928,0.086864,0.897432,40.250000,18.549999,21.840000,1770467800.981597
0.372100,0.166408,1.235616,41.369999,54.810001,17.150000,1770467800.989602
0.367708,0.190320,1.446188,36.889999,86.309998,11.060000,1770467800.997217
0.314272,0.158112,1.567456,38.220001,112.209999,6.930000,1770467801.005188
0.341112,0.217892,1.728496,47.880001,123.830002,35.279999,1770467801.013180
0.244244,0.163480,2.025444,49.980000,118.510002,46.970001,1770467801.021275
0.160796,0.128832,2.363628,40.320000,98.139999,59.849998,1770467801.029180
-0.020008,0.066124,2.394860,18.969999,80.500000,67.830002,1770467801.037163
-0.159332,-0.072224,2.325320,-1.890000,70.629997,73.430000,1770467801.045185
-0.239608,-0.157136,2.136464,-23.030001,72.519997,78.959999,1770467801.053203
-0.364536,-0.215696,1.892220,-31.290001,88.410004,78.400002,1770467801.061174
-0.776896,-0.475556,1.736060,-40.459999,120.680000,56.419998,1770467801.069253
-0.701256,-0.399184,1.395436,-38.779999,136.639999,21.000000,1770467801.077181
-0.795684,-0.340624,1.084092,-30.240000,154.070007,8.120000,1770467801.085157
-0.868884,-0.241560,0.813496,-29.120001,160.720001,-7.280000,1770467801.093177
-0.932324,-0.121268,0.602436,-22.889999,154.630005,-19.389999,1770467801.101204
-0.957456,-0.005856,0.451888,-22.330000,131.809998,-31.010000,1770467801.109171
-0.958432,0.066612,0.367220,-15.890000,101.639999,-41.790001,1770467801.117175
-0.917440,0.097112,0.294508,-7.560000,67.199997,-45.430000,1770467801.125172
-0.842044,0.098576,0.231312,-1.610000,30.940001,-53.970001,1770467801.133168
-0.738832,0.086376,0.159576,6.440000,-2.240000,-48.860001,1770467801.141190
-0.639768,0.084424,0.092476,11.970000,-32.200001,-46.970001,1770467801.149241
-0.517768,0.118828,0.027084,15.470000,-62.790001,-42.419998,1770467801.157163
-0.399916,0.164212,-0.007076,15.470000,-90.650002,-31.150000,1770467801.165169
-0.283772,0.197884,-0.010980,9.310000,-119.209999,-26.459999,1770467801.173187
-0.179584,0.212036,0.013176,2.660000,-142.240005,-15.680000,1770467801.181251
-0.099796,0.216184,0.057096,0.560000,-157.850006,-6.580000,1770467801.189292
-0.034160,0.202276,0.118340,-0.770000,-163.520004,-3.010000,1770467801.197266
0.011224,0.165188,0.218624,1.470000,-155.610001,1.750000,1770467801.205174
0.084180,0.227896,0.319884,14.420000,-127.540001,11.830000,1770467801.213168
0.228140,0.241560,0.556076,36.540001,-92.680000,35.139999,1770467801.221161
0.225212,0.329644,0.903776,49.209999,-37.310001,40.320000,1770467801.229214
0.204472,0.470676,1.337608,44.169998,20.860001,41.439999,1770467801.237277
0.134932,0.563152,1.558184,31.570000,68.389999,41.020000,1770467801.245196
-0.081008,0.527040,1.900516,16.660000,103.529999,36.889999,1770467801.253169
-0.409920,0.342576,2.285060,18.620001,141.259995,43.470001,1770467801.261158
-0.705892,0.163968,2.367288,22.889999,161.839996,49.070000,1770467801.269193
-0.814472,0.057096,2.230648,20.790001,141.399994,65.169998,1770467801.277200
-1.054080,-0.051240,2.210396,3.850000,104.580002,70.980003,1770467801.285163
-1.244400,-0.282796,2.114748,-19.040001,71.959999,53.410000,1770467801.293177
-1.276120,-0.310856,1.821216,-40.320000,28.000000,37.520000,1770467801.301205
-1.211216,-0.388448,1.566724,-55.230000,-22.469999,14.980000,1770467801.309172
-1.054080,-0.457744,1.328824,-70.629997,-64.540001,2.310000,1770467801.317177
-0.837164,-0.456036,1.087752,-73.080002,-98.419998,-10.640000,1770467801.325185
-0.625128,-0.401624,0.880840,-74.339996,-123.550003,-15.750000,1770467801.333210
-0.440420,-0.315736,0.705648,-65.449997,-138.740005,-18.129999,1770467801.341190
-0.264496,-0.222284,0.582672,-55.790001,-148.960007,-17.150000,1770467801.349179
-0.115656,-0.155184,0.489464,-45.360001,-153.649994,-9.170000,1770467801.357177
-0.003172,-0.121512,0.397476,-33.250000,-155.399994,2.520000,1770467801.365179
0.085888,-0.090280,0.314028,-27.370001,-156.169998,5.880000,1770467801.373280
0.195688,-0.067100,0.235216,-19.110001,-155.399994,15.400000,1770467801.381216
0.214476,-0.026108,0.159576,-9.240000,-150.080002,24.080000,1770467801.389168
0.220820,0.000244,0.070028,1.120000,-138.880005,26.670000,1770467801.397313
0.220088,0.019764,-0.033184,14.630000,-123.900002,27.719999,1770467801.405185
0.217648,0.052704,-0.111508,20.790001,-105.349998,27.440001,1770467801.413184
0.213500,0.091500,-0.111752,26.320000,-80.779999,23.520000,1770467801.421194
0.231312,0.131760,-0.010980,31.219999,-49.209999,23.379999,1770467801.429226
0.267180,0.141032,0.184708,33.810001,-12.110000,20.930000,1770467801.437211
0.324764,0.119804,0.441884,36.889999,30.170000,21.700001,1770467801.445184
0.388204,0.124196,0.742492,41.439999,75.949997,9.800000,1770467801.453214
0.418460,0.182268,1.063352,46.830002,120.820000,0.420000,1770467801.461188
0.405528,0.232044,1.346880,51.169998,163.940002,-8.120000,1770467801.469166
0.313540,0.222284,1.561600,44.310001,199.149994,-21.840000,1770467801.477176
0.253760,0.268156,1.738012,46.619999,215.039993,7.560000,1770467801.485277
0.045140,0.224480,2.236260,39.340000,218.119995,11.480000,1770467801.493192
-0.137128,0.076128,2.730116,37.869999,199.919998,28.980000,1770467801.501189
-0.414312,0.004880,2.680096,32.200001,159.389999,42.279999,1770467801.509179
-0.633912,-0.004636,2.474648,14.000000,113.959999,50.889999,1770467801.517285
-0.736636,-0.043920,2.136464,-11.690000,84.070000,52.290001,1770467801.525183
-0.775432,-0.134444,1.822436,-32.340000,80.500000,52.709999,1770467801.533165
-0.907680,-0.321104,1.624796,-46.200001,81.410004,23.170000,1770467801.541183
-0.889624,-0.340380,1.340048,-46.200001,86.239998,2.870000,1770467801.549180
-0.915000,-0.309148,1.092144,-45.570000,94.849998,-10.990000,1770467801.557174
-0.938424,-0.227408,0.863028,-41.090000,97.510002,-22.540001,1770467801.565242
-0.947452,-0.124928,0.669780,-38.220001,92.610001,-38.779999,1770467801.573178
-0.922564,-0.027816,0.519964,-27.370001,75.180000,-46.830002,1770467801.581178
-0.876936,0.028548,0.414312,-20.510000,50.820000,-51.799999,1770467801.589324
-0.798368,0.049532,0.325740,-9.240000,24.010000,-56.070000,1770467801.597341
-0.710772,0.048068,0.249856,1.330000,-1.330000,-52.709999,1770467801.605182
-0.617320,0.039528,0.181780,6.230000,-22.750000,-53.689999,1770467801.613177
-0.516548,0.048800,0.106384,10.570000,-43.330002,-52.150002,1770467801.621208
-0.427244,0.069052,0.030988,12.320000,-65.660004,-51.029999,1770467801.629185
-0.321104,0.100040,-0.002928,10.990000,-83.930000,-46.549999,1770467801.637178
-0.228140,0.130052,-0.000488,8.540000,-102.059998,-40.110001,1770467801.645174
-0.128832,0.156160,0.028304,2.520000,-120.400002,-38.570000,1770467801.653177
-0.040748,0.177632,0.088816,-1.890000,-132.789993,-27.930000,1770467801.661261
0.006100,0.166896,0.162992,0.980000,-136.220001,-22.260000,1770467801.669190
0.064904,0.098088,0.278892,4.130000,-125.790001,-16.870001,1770467801.677179
0.105896,0.076860,0.453108,17.639999,-100.239998,-10.640000,1770467801.685163
0.276940,0.223992,0.666608,41.020000,-61.110001,13.650000,1770467801.693177
0.199104,0.311100,1.128988,52.639999,-5.950000,24.639999,1770467801.701190
0.154696,0.488244,1.537444,41.299999,46.060001,29.049999,1770467801.709175
-0.007320,0.587064,1.770952,25.200001,84.070000,32.340000,1770467801.717185
-0.312320,0.502640,2.057652,17.639999,112.699997,37.520000,1770467801.725194
-0.710284,0.364292,2.198684,25.969999,140.210007,40.810001,1770467801.733183
-1.030168,0.290848,2.070096,22.120001,146.720001,41.230000,1770467801.741178
-1.126060,0.178608,2.008608,6.090000,126.629997,40.040001,1770467801.749214
-1.273680,0.013908,1.998848,-10.220000,81.199997,37.240002,1770467801.757181
-1.463024,-0.269864,1.896124,-28.559999,32.410000,24.430000,1770467801.765178
-1.342000,-0.337940,1.640900,-46.970001,-22.260000,3.780000,1770467801.773163
-1.211216,-0.395524,1.370304,-56.560001,-72.099998,-17.430000,1770467801.781169
-0.994788,-0.443104,1.142164,-66.220001,-115.220001,-26.320000,1770467801.789166
-0.724192,-0.454816,0.940620,-72.169998,-146.860001,-30.590000,1770467801.797190
-0.486292,-0.409676,0.757132,-68.739998,-168.210007,-32.060001,1770467801.805192
-0.279624,-0.339648,0.617076,-61.180000,-184.240005,-24.290001,1770467801.813178
-0.088572,-0.286212,0.506300,-50.680000,-193.619995,-16.870001,1770467801.821179
0.045872,-0.227896,0.392352,-37.660000,-197.960007,-3.640000,1770467801.829305
0.205448,-0.217892,0.287188,-28.770000,-200.550003,4.690000,1770467801.837210
0.241804,-0.141276,0.187148,-11.970000,-198.940002,12.390000,1770467801.845182
0.276452,-0.083448,0.099796,-0.210000,-188.860001,18.549999,1770467801.853180
0.302560,-0.032696,-0.008052,12.460000,-174.509995,21.840000,1770467801.861182
0.308172,-0.005124,-0.112972,23.660000,-158.199997,22.820000,1770467801.869228
0.298168,0.035136,-0.181536,30.450001,-134.610001,25.059999,1770467801.877306
0.302804,0.067100,-0.160308,41.509998,-104.650002,28.420000,1770467801.885167
0.326960,0.078568,-0.018056,42.000000,-63.910000,23.870001,1770467801.893360
0.396500,0.050508,0.216184,49.279999,-17.290001,18.129999,1770467801.901250
0.460672,0.039528,0.520208,53.759998,32.200001,15.960000,1770467801.909238
0.542900,0.104676,0.848144,54.529999,85.750000,2.660000,1770467801.917214
0.612684,0.184220,1.153876,58.520000,134.259995,-5.110000,1770467801.925190
0.585112,0.194468,1.369328,56.070000,185.009995,-14.070000,1770467801.933172
0.506056,0.143716,1.466928,53.549999,222.600006,-20.230000,1770467801.941275
0.390644,0.083204,1.632604,55.090000,247.169998,-19.740000,1770467801.949201
0.301584,0.107604,2.123532,56.840000,252.350006,5.320000,1770467801.957178
0.071248,0.069784,2.623244,50.400002,236.880005,20.230000,1770467801.965182
-0.280112,-0.001952,2.570784,28.840000,204.539993,26.879999,1770467801.973521
-0.508740,-0.013664,2.432924,7.770000,164.360001,35.700001,1770467801.981804
-0.722728,-0.084180,2.148664,-16.100000,140.910004,40.669998,1770467801.989443
-0.815936,-0.147132,1.840248,-31.639999,133.910004,41.930000,1770467801.997179
-0.953796,-0.302316,1.586488,-42.560001,129.500000,11.620000,1770467802.005201
-1.005036,-0.308416,1.275632,-46.340000,126.769997,-9.030000,1770467802.013224
-1.029436,-0.251808,1.014064,-39.549999,122.709999,-22.959999,1770467802.021328
-1.047248,-0.171532,0.783972,-35.910000,112.629997,-37.240002,1770467802.029178
-1.034560,-0.074420,0.587796,-29.120001,92.190002,-49.770000,1770467802.037168
-0.983320,0.008296,0.465796,-21.070000,63.139999,-58.099998,1770467802.045214
-0.907436,0.044896,0.383080,-11.130000,31.570000,-65.589996,1770467802.053178
-0.803492,0.059048,0.304512,-3.570000,3.500000,-67.760002,1770467802.061183
-0.686128,0.067100,0.223992,6.440000,-24.360001,-66.150002,1770467802.069250
-0.569740,0.083936,0.146888,12.110000,-48.439999,-63.560001,1770467802.077178
-0.467260,0.104432,0.071492,16.170000,-70.699997,-60.830002,1770467802.085173
-0.350872,0.139568,0.021472,16.940001,-91.349998,-57.119999,1770467802.093183
-0.240340,0.166164,0.009272,15.960000,-110.879997,-48.090000,1770467802.101454
-0.147376,0.186416,0.031964,9.800000,-127.750000,-40.040001,1770467802.109261
-0.053924,0.205204,0.079300,7.210000,-138.949997,-30.379999,1770467802.117165
-0.002440,0.197152,0.149572,4.480000,-142.240005,-23.870001,1770467802.125178
0.048800,0.125172,0.244000,4.620000,-134.330002,-20.370001,1770467802.133178
0.103212,0.104432,0.351116,15.750000,-111.650002,-15.820000,1770467802.141196
0.310856,0.176900,0.535824,40.180000,-79.660004,17.150000,1770467802.149304
0.236192,0.213744,0.939644,59.570000,-29.260000,20.020000,1770467802.157199
0.178364,0.387960,1.425204,60.759998,35.000000,24.290001,1770467802.165173
0.070760,0.490928,1.750700,50.540001,94.500000,25.900000,1770467802.173172
-0.189832,0.479216,2.083760,47.880001,139.929993,32.340000,1770467802.181173
-0.620736,0.425780,2.250412,49.209999,171.850006,35.070000,1770467802.189166
-1.068964,0.421144,2.101572,37.450001,186.830002,22.400000,1770467802.197211
-1.300276,0.275964,2.072048,16.870001,172.830002,23.730000,1770467802.205174
-1.427156,0.067344,1.963712,-2.870000,123.410004,9.730000,1770467802.213174
-1.612596,-0.202276,1.893196,-25.340000,56.490002,3.220000,1770467802.221181
-1.531588,-0.337696,1.641632,-42.910000,-11.270000,-13.230000,1770467802.229247
-1.363716,-0.451156,1.394460,-53.759998,-72.660004,-21.629999,1770467802.237176
-1.106052,-0.482144,1.143872,-60.480000,-129.990005,-27.440001,1770467802.245172
-0.820572,-0.464088,0.927688,-63.840000,-169.820007,-30.520000,1770467802.253169
-0.548268,-0.396256,0.761524,-58.869999,-195.649994,-23.590000,1770467802.261169
-0.304512,-0.313052,0.636596,-52.009998,-214.270004,-15.680000,1770467802.269175
-0.108092,-0.199836,0.522404,-44.520000,-225.330002,-2.310000,1770467802.277191
0.048556,-0.145180,0.428220,-36.959999,-228.619995,9.730000,1770467802.285262
0.121268,-0.105164,0.331840,-28.980000,-222.110001,18.830000,1770467802.293184
0.247172,-0.068808,0.212524,-21.980000,-215.669998,28.000000,1770467802.301198
0.284748,-0.018544,0.100528,-7.840000,-202.649994,33.950001,1770467802.309178
0.286700,0.000976,0.012932,5.880000,-184.869995,33.250000,1770467802.317228
0.294020,0.026596,-0.063928,18.340000,-158.199997,36.889999,1770467802.325206
0.304756,0.053436,-0.106628,27.510000,-128.869995,29.120001,1770467802.333220
0.311588,0.103456,-0.106384,31.290001,-94.010002,25.549999,1770467802.341198
0.331840,0.155184,0.009272,32.340000,-54.389999,24.080000,1770467802.349179
0.365756,0.173484,0.217892,29.400000,-9.590000,17.360001,1770467802.357179
0.424316,0.176168,0.476288,28.770000,39.410000,12.740000,1770467802.365182
0.503128,0.177632,0.775188,28.980000,85.260002,3.850000,1770467802.373189
0.535092,0.226188,1.073356,31.990000,132.860001,-8.050000,1770467802.381182
0.501176,0.243512,1.321992,31.639999,178.710007,-22.750000,1770467802.389178
0.477752,0.292068,1.416908,36.189999,214.130005,-17.219999,1770467802.397473
0.315004,0.237656,1.571604,34.790001,230.929993,-15.540000,1770467802.405193
0.161040,0.181780,1.988356,28.209999,237.720001,-13.160000,1770467802.413200
-0.009516,-0.009028,2.516616,29.400000,222.039993,-3.990000,1770467802.421209
-0.310368,-0.092232,2.618364,34.580002,189.000000,14.000000,1770467802.429187
-0.585600,-0.082960,2.541748,22.680000,135.520004,14.630000,1770467802.437249
-0.743224,-0.087108,2.228696,-1.540000,96.599998,19.250000,1770467802.445184
-0.765428,-0.167872,1.848056,-23.520000,80.080002,23.590000,1770467802.453259
-0.954040,-0.441396,1.632360,-40.180000,72.379997,8.050000,1770467802.461201
-0.810568,-0.367464,1.332484,-45.990002,69.650002,-4.410000,1770467802.469176
-0.837652,-0.368196,1.069452,-44.869999,76.230003,-18.480000,1770467802.477176
-0.862784,-0.304268,0.851804,-35.560001,82.879997,-25.760000,1770467802.485171
-0.881328,-0.199348,0.655628,-29.469999,85.959999,-37.450001,1770467802.493196
-0.868884,-0.080032,0.515816,-20.650000,77.489998,-50.119999,1770467802.501367
-0.835944,-0.013420,0.449204,-8.540000,62.160000,-51.029999,1770467802.509177
-0.790316,0.016348,0.396744,1.120000,39.759998,-58.869999,1770467802.517174
-0.719800,0.028548,0.323056,9.870000,17.639999,-53.480000,1770467802.525183
-0.631716,0.028060,0.246196,14.770000,-9.100000,-57.330002,1770467802.533167
-0.532896,0.041480,0.165432,17.639999,-33.880001,-54.459999,1770467802.541180
-0.435540,0.066368,0.082716,17.570000,-59.500000,-46.619999,1770467802.549203
-0.336720,0.098820,0.042212,15.540000,-80.010002,-48.580002,1770467802.557291
-0.243756,0.127856,0.038064,11.690000,-98.419998,-40.389999,1770467802.565176
-0.148352,0.157136,0.061488,4.690000,-117.459999,-38.360001,1770467802.573176
-0.061732,0.174460,0.122000,-0.770000,-131.250000,-27.440001,1770467802.581178
0.000976,0.155428,0.205692,-1.680000,-133.770004,-16.450001,1770467802.589179
0.032452,0.099796,0.315980,1.680000,-120.470001,-6.440000,1770467802.597219
0.085400,0.072224,0.466284,16.660000,-97.440002,0.070000,1770467802.605184
0.111264,0.155916,0.671488,32.689999,-57.889999,0.280000,1770467802.613177
0.187392,0.258396,1.075064,47.529999,-6.510000,17.709999,1770467802.621179
0.111996,0.369660,1.466684,44.520000,45.990002,22.469999,1770467802.629338
-0.053192,0.407724,1.776076,37.099998,91.070000,28.770000,1770467802.637183
-0.341356,0.342820,2.115236,33.180000,125.510002,34.930000,1770467802.645183
-0.741760,0.332572,2.195512,25.340000,140.979996,30.100000,1770467802.653180
-1.099952,0.244244,2.122800,10.010000,147.839996,27.930000,1770467802.661167
-1.201944,0.123708,2.048868,-7.350000,129.710007,23.520000,1770467802.669242
-1.253672,-0.020740,1.956636,-14.490000,85.750000,18.760000,1770467802.677315
-1.412272,-0.237656,1.864160,-33.459999,35.770000,10.430000,1770467802.685171
-1.306132,-0.286944,1.619184,-47.459999,-21.350000,-12.740000,1770467802.693184
-1.177544,-0.365756,1.364692,-57.330002,-66.220001,-26.459999,1770467802.701251
-0.946720,-0.379664,1.127524,-63.980000,-107.730003,-29.959999,1770467802.709246
-0.709064,-0.340136,0.920856,-63.770000,-137.199997,-33.599998,1770467802.717159
-0.488000,-0.269132,0.749812,-57.330002,-159.529999,-24.990000,1770467802.725164
-0.282552,-0.165188,0.608048,-53.900002,-175.839996,-20.930000,1770467802.733203
-0.106140,-0.100772,0.502884,-46.200001,-184.100006,-6.650000,1770467802.741180
0.037332,-0.061244,0.396988,-38.570000,-190.539993,10.360000,1770467802.749300
0.113216,-0.059292,0.298656,-31.150000,-189.979996,18.340000,1770467802.757188
0.203740,-0.049532,0.208132,-22.190001,-187.949997,28.000000,1770467802.765179
0.251320,-0.001220,0.115412,-7.630000,-177.100006,36.259998,1770467802.773177
0.251808,0.018788,0.020496,7.980000,-161.979996,40.599998,1770467802.781265
0.237900,0.040016,-0.089792,23.100000,-142.800003,37.169998,1770467802.789172
0.229604,0.066856,-0.149572,31.430000,-117.949997,35.070000,1770467802.797163
0.234972,0.117364,-0.111752,38.430000,-89.459999,32.619999,1770467802.805197
0.258396,0.172996,0.023424,37.660000,-51.099998,25.270000,1770467802.813182
0.292556,0.205692,0.233020,33.459999,-8.820000,25.760000,1770467802.821176
0.334524,0.218136,0.452132,29.680000,37.169998,16.240000,1770467802.829208
0.387228,0.208864,0.705892,30.100000,86.730003,8.820000,1770467802.837326
0.422120,0.236924,1.002108,35.980000,133.279999,-1.960000,1770467802.845180
0.369904,0.251564,1.273436,37.660000,175.279999,-14.910000,1770467802.853179
0.320860,0.304512,1.484496,33.529999,201.949997,-6.790000,1770467802.861181
0.141520,0.313784,1.723860,24.430000,218.399994,-1.330000,1770467802.869273
-0.039772,0.242048,2.212348,12.110000,217.490005,2.450000,1770467802.877178
-0.250832,0.008296,2.781600,14.000000,196.559998,20.370001,1770467802.885180
-0.500932,-0.111020,2.806244,24.639999,147.699997,41.650002,1770467802.893184
-0.728828,-0.128832,2.560780,16.030001,84.769997,47.320000,1770467802.901245
-0.811544,-0.134688,2.158424,-7.980000,52.639999,50.259998,1770467802.909183
-0.825696,-0.313052,1.887828,-30.309999,38.220001,34.299999,1770467802.917175
-0.756644,-0.337696,1.555744,-42.910000,34.299999,20.930000,1770467802.925203
-0.736392,-0.366732,1.272948,-49.279999,42.070000,3.080000,1770467802.933268
-0.735416,-0.356728,1.043344,-47.529999,54.180000,-2.660000,1770467802.941182
-0.758108,-0.294752,0.830088,-42.139999,65.870003,-10.850000,1770467802.949182
-0.785680,-0.176656,0.651480,-35.910000,74.199997,-23.450001,1770467802.957237
-0.791048,-0.035624,0.510936,-28.070000,69.650002,-27.580000,1770467802.965205
-0.769088,0.059292,0.406504,-23.520000,54.880001,-36.750000,1770467802.973492
-0.720044,0.077104,0.314760,-10.990000,35.980000,-41.509998,1770467802.981332
-0.648552,0.055876,0.236192,-3.570000,12.600000,-45.080002,1770467802.989350
-0.568032,0.027816,0.175192,0.770000,-9.170000,-41.509998,1770467802.997178
-0.480436,0.012200,0.111264,8.190000,-31.360001,-40.950001,1770467803.005214
-0.381616,0.012444,0.051972,12.180000,-53.970001,-41.930000,1770467803.013183
-0.297436,0.039772,0.035868,16.660000,-73.010002,-35.770000,1770467803.021180
-0.190320,0.083692,0.061000,17.010000,-92.120003,-30.100000,1770467803.029297
-0.108336,0.125172,0.096624,13.300000,-107.099998,-23.379999,1770467803.037186
-0.026108,0.155184,0.154696,10.850000,-118.510002,-12.320000,1770467803.045259
0.039772,0.174460,0.218624,7.000000,-123.129997,-7.350000,1770467803.053170
0.073932,0.152988,0.318908,7.560000,-117.459999,-2.730000,1770467803.061183
0.117608,0.114192,0.506056,10.360000,-95.970001,-0.630000,1770467803.069177
0.261080,0.215452,0.743224,24.639999,-53.200001,11.830000,1770467803.077266
0.295728,0.306708,1.199260,36.610001,-8.190000,34.160000,1770467803.085204
0.234240,0.480680,1.577948,24.290001,38.779999,36.750000,1770467803.093181
0.056120,0.594628,1.777784,2.310000,81.199997,42.139999,1770467803.101177
-0.216184,0.516304,2.065704,-11.340000,117.040001,51.799999,1770467803.109201
-0.568276,0.308904,2.263588,-7.770000,145.250000,57.540001,1770467803.117285
-0.772504,0.187148,2.276276,2.100000,150.990005,67.830002,1770467803.125199
-0.920612,0.110532,2.157448,-4.760000,126.910004,69.440002,1770467803.133167
-1.123864,-0.024400,2.149152,-17.430000,91.279999,69.089996,1770467803.141180
-1.312720,-0.296704,2.025932,-35.910000,48.509998,49.980000,1770467803.149191
-1.247572,-0.286212,1.685308,-51.310001,5.390000,20.790001,1770467803.157242
-1.159732,-0.371612,1.399096,-62.439999,-32.689999,3.220000,1770467803.165197
-0.974536,-0.399428,1.132404,-70.559998,-68.040001,-15.470000,1770467803.173169
-0.749324,-0.373808,0.914756,-75.110001,-96.040001,-18.129999,1770467803.181183
-0.529236,-0.341844,0.756156,-71.750000,-120.330002,-24.920000,1770467803.189164
-0.327448,-0.260104,0.605608,-66.570000,-138.949997,-12.740000,1770467803.197197
-0.122244,-0.260836,0.509960,-60.200001,-160.929993,-2.520000,1770467803.205521
0.019276,-0.206424,0.374784,-52.009998,-171.220001,12.180000,1770467803.213238
0.114192,-0.167628,0.256932,-40.250000,-177.869995,20.510000,1770467803.221157
0.231068,-0.130296,0.146888,-24.570000,-185.500000,28.209999,1770467803.229157
0.282552,-0.081496,0.059292,-10.640000,-184.309998,42.840000,1770467803.237170
0.285480,-0.056120,-0.000244,4.480000,-174.089996,46.970001,1770467803.245171
0.291336,-0.028060,-0.034892,18.690001,-155.190002,49.419998,1770467803.253171
0.302072,0.000488,-0.038552,28.209999,-128.869995,49.980000,1770467803.261196
0.310612,0.017080,-0.009028,34.160000,-96.669998,48.439999,1770467803.269254
0.329644,0.001952,0.070760,42.209999,-57.820000,49.000000,1770467803.277164
0.388448,-0.030500,0.225944,49.209999,-11.900000,49.349998,1770467803.285154
0.461892,-0.033184,0.483852,58.099998,35.209999,45.360001,1770467803.293173
0.491416,-0.008784,0.823012,62.650002,90.860001,42.349998,1770467803.301190
0.532164,0.118828,1.116300,65.309998,144.410004,28.420000,1770467803.309228
0.500444,0.106140,1.383968,60.619999,199.009995,22.120001,1770467803.317240
0.426756,0.048800,1.565748,56.770000,245.839996,18.340000,1770467803.325178
0.263032,-0.045140,1.801696,47.180000,274.820007,21.139999,1770467803.333174
0.075640,-0.137616,2.276520,40.250000,276.149994,32.689999,1770467803.341180
-0.222284,-0.167872,2.587376,20.370001,247.940002,41.930000,1770467803.349241
-0.460916,-0.203008,2.449760,-7.560000,195.720001,48.790001,1770467803.357200
-0.833504,-0.307196,2.163304,-26.110001,172.619995,53.130001,1770467803.365178
-0.958188,-0.362340,1.788520,-41.299999,152.320007,44.380001,1770467803.373176
-1.052128,-0.360144,1.492792,-44.799999,139.369995,32.689999,1770467803.381178
-1.138260,-0.325252,1.203408,-46.340000,127.260002,19.250000,1770467803.389175
-1.205848,-0.259860,0.978928,-46.200001,115.290001,-1.750000,1770467803.397280
-1.220488,-0.172508,0.815204,-41.020000,100.379997,-23.940001,1770467803.405205
-1.166564,-0.054656,0.643916,-36.540001,78.400002,-39.549999,1770467803.413184
-1.063596,0.051240,0.505568,-26.110001,45.290001,-52.919998,1770467803.421280
-0.932080,0.107604,0.428464,-15.540000,8.890000,-56.279999,1770467803.429206
-0.790560,0.122976,0.369660,-4.550000,-21.350000,-55.160000,1770467803.437182
-0.662460,0.134932,0.308904,3.780000,-48.369999,-51.730000,1770467803.445228
-0.553880,0.148596,0.246196,8.190000,-69.019997,-51.939999,1770467803.453179
-0.440420,0.189832,0.183000,12.320000,-87.779999,-48.650002,1770467803.461279
-0.338428,0.232288,0.126880,12.250000,-105.000000,-43.750000,1770467803.469182
-0.214476,0.251564,0.094428,6.020000,-122.779999,-39.689999,1770467803.477272
-0.124684,0.242292,0.110288,0.700000,-139.229996,-33.040001,1770467803.485234
-0.042456,0.231556,0.149816,-9.310000,-152.110001,-38.990002,1770467803.493300
0.058072,0.287432,0.161772,-1.330000,-147.770004,-26.250000,1770467803.501181
0.161772,0.263276,0.218624,11.550000,-146.300003,14.840000,1770467803.509185
0.184220,0.235948,0.342332,30.309999,-121.800003,26.740000,1770467803.517187
0.172264,0.249612,0.529236,51.799999,-75.110001,36.750000,1770467803.525182
0.159332,0.328668,0.825940,70.839996,-6.160000,33.250000,1770467803.533162
0.116632,0.470676,1.205604,73.500000,70.070000,33.740002,1770467803.541188
-0.030012,0.554856,1.592344,57.540001,132.929993,33.389999,1770467803.549176
-0.330132,0.501420,1.953708,43.470001,185.360001,39.200001,1770467803.557303
-0.736392,0.394304,2.065460,41.299999,211.610001,37.799999,1770467803.565196
-1.178032,0.315004,1.983720,38.080002,215.460007,36.610001,1770467803.573178
-1.472784,0.160308,2.005192,14.770000,184.729996,38.220001,1770467803.581182
-1.646268,-0.030988,1.929796,-1.330000,126.279999,37.660000,1770467803.589274
-1.775344,-0.258152,1.826096,-23.799999,49.209999,19.110001,1770467803.597206
-1.732156,-0.431148,1.679208,-39.759998,-26.670000,9.800000,1770467803.605233
-1.522804,-0.599752,1.487912,-58.240002,-92.750000,-4.970000,1770467803.613300
-1.237812,-0.651236,1.295640,-69.650002,-146.509995,-17.570000,1770467803.621170
-0.902556,-0.591944,1.106052,-76.019997,-190.190002,-27.580000,1770467803.629180
-0.596580,-0.478972,0.943792,-74.970001,-216.929993,-32.970001,1770467803.637176
-0.339648,-0.223992,0.776408,-66.430000,-232.259995,-29.120001,1770467803.645195
-0.086132,-0.211548,0.695644,-62.650002,-242.410004,-22.049999,1770467803.653214
0.096380,-0.125172,0.579988,-51.450001,-244.649994,-7.840000,1770467803.661333
0.168604,-0.072956,0.444568,-40.529999,-237.300003,-0.840000,1770467803.669187
0.324032,-0.039284,0.301828,-30.520000,-231.979996,2.310000,1770467803.677190
0.359168,0.032452,0.148596,-13.860000,-226.100006,13.860000,1770467803.685174
0.383080,0.082960,0.012444,-4.760000,-213.289993,17.990000,1770467803.693203
0.363804,0.096136,-0.101504,0.980000,-194.460007,23.730000,1770467803.701167
0.347700,0.111264,-0.216672,7.420000,-167.720001,25.620001,1770467803.709328
0.332816,0.123220,-0.270596,10.990000,-135.520004,22.400000,1770467803.717185
0.337940,0.140544,-0.230824,21.209999,-96.250000,23.660000,1770467803.725173
0.378688,0.132492,-0.063928,28.559999,-42.770000,19.670000,1770467803.733185
0.473604,0.097600,0.192028,42.419998,13.370000,15.750000,1770467803.741186
0.571936,0.113460,0.549244,55.720001,71.190002,10.920000,1770467803.749205
0.628300,0.192516,0.956968,62.509998,130.759995,3.220000,1770467803.757323
0.614392,0.273280,1.209508,51.169998,183.119995,-10.080000,1770467803.765176
0.571448,0.244732,1.354932,36.119999,234.639999,-24.850000,1770467803.773184
0.539484,0.171044,1.443992,31.780001,276.220001,-8.330000,1770467803.781166
0.339404,0.063196,1.673108,32.200001,299.250000,6.440000,1770467803.789199
0.084424,-0.062464,2.227964,42.349998,308.000000,23.030001,1770467803.797221
-0.315736,-0.149328,2.536136,43.189999,284.549988,47.740002,1770467803.805231
-0.631472,-0.118096,2.453908,18.620001,227.220001,60.130001,1770467803.813168
-0.967948,-0.163480,2.109868,-11.620000,187.179993,66.290001,1770467803.821214
-1.167540,-0.413580,1.756068,-34.020000,148.539993,39.340000,1770467803.829204
-1.159976,-0.450912,1.444236,-34.860001,127.470001,33.250000,1770467803.837242
-1.210728,-0.427488,1.259528,-35.770000,112.629997,16.870001,1770467803.845191
-1.243424,-0.371612,1.096292,-38.639999,100.379997,-1.960000,1770467803.853218
-1.218048,-0.291580,0.901336,-39.900002,87.919998,-24.150000,1770467803.861199
-1.122888,-0.195444,0.706624,-35.980000,67.410004,-44.310001,1770467803.869247
-0.994300,-0.107116,0.556076,-26.670000,41.720001,-49.980000,1770467803.877188
-0.873764,-0.034160,0.482876,-13.650000,15.330000,-57.330002,1770467803.885177
-0.761768,0.023668,0.428952,-5.250000,-8.260000,-60.200001,1770467803.893184
-0.652456,0.065636,0.374052,2.310000,-28.910000,-60.759998,1770467803.901197
-0.559980,0.098088,0.306708,5.110000,-45.570000,-60.689999,1770467803.909347
-0.461160,0.138836,0.252296,5.880000,-61.459999,-59.709999,1770467803.917172
-0.360388,0.189588,0.205204,7.420000,-79.099998,-56.490002,1770467803.925179
-0.256688,0.231312,0.158600,4.410000,-96.389999,-48.790001,1770467803.933177
-0.174216,0.246928,0.139812,0.910000,-118.650002,-46.689999,1770467803.941178
-0.110044,0.233996,0.145912,-3.780000,-135.869995,-48.020000,1770467803.949203
-0.008540,0.229360,0.172508,1.120000,-142.100006,-28.139999,1770467803.957323
0.105408,0.236192,0.208620,17.150000,-136.639999,-0.280000,1770467803.965178
0.097844,0.202764,0.306952,34.650002,-114.870003,26.180000,1770467803.973493
0.134688,0.221308,0.490928,51.169998,-78.120003,33.740002,1770467803.981576
0.090280,0.296704,0.786412,66.779999,-15.470000,45.430000,1770467803.989424
0.052216,0.433832,1.173640,60.970001,42.279999,43.189999,1770467803.997182
-0.074176,0.491660,1.624064,51.310001,109.269997,49.770000,1770467804.005224
-0.349896,0.523136,1.942240,43.119999,151.270004,54.810001,1770467804.013185
-0.753960,0.471408,2.074732,30.870001,175.630005,46.619999,1770467804.021204
-1.199504,0.404796,1.959320,24.570000,176.119995,48.299999,1770467804.029277
-1.537688,0.213988,1.963224,5.740000,157.149994,34.299999,1770467804.037164
-1.756068,-0.038308,1.909300,-5.180000,108.080002,16.309999,1770467804.045192
-1.772904,-0.201300,1.755336,-16.240000,41.860001,1.960000,1770467804.053226
-1.741916,-0.372832,1.639924,-28.280001,-24.780001,-19.459999,1770467804.061202
-1.521096,-0.513864,1.455216,-41.090000,-87.639999,-31.500000,1770467804.069262
-1.214876,-0.554856,1.284904,-52.639999,-137.899994,-41.860001,1770467804.077180
-0.871568,-0.523868,1.102880,-58.869999,-179.270004,-45.500000,1770467804.085290
-0.545584,-0.436516,0.943792,-62.090000,-211.330002,-47.110001,1770467804.093180
-0.259128,-0.306220,0.791780,-61.529999,-233.869995,-38.779999,1770467804.101179
-0.034160,-0.179584,0.626592,-55.650002,-248.289993,-24.010000,1770467804.109198
0.114436,-0.118096,0.490928,-49.419998,-252.979996,-11.060000,1770467804.117170
0.264008,-0.130540,0.363072,-39.340000,-249.830002,-1.750000,1770467804.125170
0.362340,-0.073444,0.195688,-28.770000,-247.940002,10.010000,1770467804.133165
0.417484,-0.032940,0.064660,-11.550000,-237.440002,24.219999,1770467804.141167
0.416264,0.004636,-0.019520,3.920000,-218.610001,34.299999,1770467804.149178
0.402600,0.046116,-0.068808,13.860000,-190.399994,38.779999,1770467804.157198
0.384300,0.079300,-0.117608,19.530001,-156.660004,39.689999,1770467804.165176
0.361852,0.110532,-0.136396,20.580000,-117.879997,34.650002,1770467804.173170
0.349896,0.113704,-0.101748,22.889999,-73.989998,34.650002,1770467804.181168
0.363316,0.104432,0.000732,26.670000,-26.670000,28.910000,1770467804.189212
0.411140,0.074664,0.190320,31.219999,24.010000,26.530001,1770467804.197214
0.469456,0.061976,0.459696,46.619999,78.050003,23.170000,1770467804.205175
0.490928,0.095648,0.768600,51.310001,131.389999,16.309999,1770467804.213186
0.507032,0.202032,1.034316,53.759998,182.350006,4.620000,1770467804.221172
0.475312,0.208132,1.284416,48.720001,231.839996,-5.740000,1770467804.229172
0.396500,0.104432,1.477176,39.340000,273.140015,-11.830000,1770467804.237207
0.274988,0.031964,1.717272,37.520000,298.690002,1.750000,1770467804.245294
-0.006100,-0.055388,2.282376,34.230000,304.149994,14.000000,1770467804.253173
-0.311344,-0.165676,2.653256,31.219999,274.609985,36.400002,1770467804.261175
-0.654408,-0.184952,2.514420,14.980000,210.910004,51.240002,1770467804.269168
-0.937936,-0.219844,2.211860,-6.650000,159.179993,59.779999,1770467804.277163
-1.122888,-0.436760,1.851472,-28.700001,121.589996,37.169998,1770467804.285158
-1.115080,-0.500688,1.539152,-29.469999,100.519997,29.330000,1770467804.293172
-1.131184,-0.460916,1.313208,-31.150000,81.059998,10.080000,1770467804.301168
-1.131428,-0.387472,1.141676,-31.010000,68.739998,-6.160000,1770467804.309434
-1.099464,-0.284504,1.002840,-33.320000,60.759998,-28.910000,1770467804.317188
-1.030412,-0.170068,0.848388,-27.930000,48.860001,-45.849998,1770467804.325156
-0.929152,-0.039040,0.686616,-25.690001,29.400000,-62.020000,1770467804.333182
-0.816424,0.050020,0.572424,-18.690001,6.440000,-68.879997,1770467804.341295
-0.705648,0.113460,0.490684,-12.530000,-13.790000,-72.099998,1770467804.349184
-0.607316,0.141520,0.421632,-6.090000,-29.330000,-72.449997,1770467804.357176
-0.534848,0.157380,0.346724,2.100000,-42.770000,-67.339996,1770467804.365177
-0.437980,0.194224,0.269620,3.430000,-55.160000,-67.970001,1770467804.373175
-0.341112,0.242048,0.199348,7.210000,-66.919998,-60.900002,1770467804.381172
-0.255468,0.278892,0.147132,3.220000,-84.980003,-61.459999,1770467804.389247
-0.199836,0.278648,0.120536,-6.720000,-101.919998,-59.919998,1770467804.397171
-0.136152,0.313052,0.102236,-13.090000,-120.540001,-56.840000,1770467804.405212
0.013664,0.354288,0.083204,-14.070000,-131.740005,-37.450001,1770467804.413186
0.164456,0.382348,0.099064,-3.010000,-147.910004,-15.260000,1770467804.421181
0.155672,0.307196,0.198128,9.100000,-143.009995,6.370000,1770467804.429222
0.178120,0.270596,0.319640,27.090000,-116.410004,14.210000,1770467804.437187
0.170556,0.304756,0.530700,43.750000,-67.760002,23.730000,1770467804.445206
0.196908,0.380152,0.834236,60.200001,2.870000,23.660000,1770467804.453321
0.184464,0.518988,1.175104,62.090000,79.870003,36.889999,1770467804.461181
0.034404,0.586820,1.520608,58.939999,143.919998,43.610001,1770467804.469179
-0.244976,0.511668,1.992260,50.189999,191.800003,47.950001,1770467804.477177
-0.670268,0.385276,2.234552,49.560001,217.839996,48.299999,1770467804.485181
-1.087996,0.310612,2.124264,45.990002,213.289993,47.669998,1770467804.493235
-1.366644,0.125904,2.095716,30.870001,182.070007,53.060001,1770467804.501356
-1.547204,-0.031232,1.961516,15.400000,127.820000,48.650002,1770467804.509204
-1.719224,-0.267180,1.857328,-7.000000,60.759998,27.370001,1770467804.517209
-1.726056,-0.473360,1.686284,-25.900000,-0.910000,15.960000,1770467804.525302
-1.585512,-0.679052,1.528416,-43.540001,-58.590000,-11.270000,1770467804.533155
-1.321260,-0.745176,1.356396,-54.950001,-109.129997,-29.610001,1770467804.541208
-1.019920,-0.728828,1.180960,-61.529999,-149.309998,-48.299999,1770467804.549182
-0.719312,-0.620004,1.026752,-62.090000,-175.210007,-54.599998,1770467804.557264
-0.417972,-0.477752,0.913536,-57.540001,-194.320007,-55.090000,1770467804.565175
-0.181048,-0.298168,0.803248,-50.330002,-207.270004,-48.790001,1770467804.573176
0.015128,-0.164944,0.681492,-42.349998,-216.089996,-35.419998,1770467804.581176
0.119316,-0.070760,0.551684,-32.549999,-217.979996,-25.969999,1770467804.589188
0.226432,-0.050752,0.431392,-28.770000,-212.940002,-14.910000,1770467804.597184
0.302804,0.017568,0.280844,-17.639999,-211.820007,-9.380000,1770467804.605214
0.361608,0.057584,0.166652,-10.080000,-207.199997,-4.340000,1770467804.613192
0.358436,0.144692,0.056852,3.430000,-193.199997,15.400000,1770467804.621187
0.348676,0.159332,-0.012932,3.500000,-174.649994,24.219999,1770467804.629301
0.329400,0.150060,-0.097112,3.780000,-150.570007,24.500000,1770467804.637178
0.318420,0.132004,-0.164944,6.090000,-119.070000,22.610001,1770467804.645183
0.316468,0.116388,-0.160308,9.800000,-80.849998,23.730000,1770467804.653187
0.360388,0.074420,-0.041480,22.540001,-33.459999,19.459999,1770467804.661224
0.453108,0.034160,0.171532,35.000000,19.320000,17.920000,1770467804.669238
0.526552,0.046360,0.503616,48.230000,72.309998,18.129999,1770467804.677180
0.571692,0.161772,0.888648,54.250000,126.279999,15.400000,1770467804.685180
0.558760,0.285968,1.141676,48.509998,186.479996,4.900000,1770467804.693167
0.524356,0.299876,1.222684,40.529999,236.600006,-1.890000,1770467804.701185
0.444324,0.213500,1.332972,29.120001,273.279999,-2.310000,1770467804.709287
0.290116,0.101016,1.592832,31.290001,295.470001,6.650000,1770467804.717204
0.062220,-0.057584,2.104256,40.669998,300.230011,24.080000,1770467804.725185
-0.271572,-0.131272,2.391444,44.660000,277.130005,40.810001,1770467804.733177
-0.604144,-0.093208,2.333128,27.160000,224.630005,51.939999,1770467804.741162
-0.923296,-0.146156,2.097912,-2.240000,178.360001,53.830002,1770467804.749218
-1.234396,-0.490684,1.811212,-24.570000,150.360001,34.509998,1770467804.757267
-1.138504,-0.407724,1.511580,-28.350000,125.510002,28.420000,1770467804.765173
-1.193648,-0.390156,1.321504,-30.660000,110.320000,6.090000,1770467804.773179
-1.227320,-0.341844,1.183888,-36.470001,98.839996,-4.760000,1770467804.781163
-1.213900,-0.251320,1.001132,-37.869999,82.669998,-29.680000,1770467804.789160
-1.126792,-0.161040,0.801540,-38.570000,61.110001,-41.930000,1770467804.797155
-1.004792,-0.100040,0.641476,-27.860001,35.419998,-56.419998,1770467804.805179
-0.875228,-0.054656,0.542412,-20.440001,9.660000,-65.379997,1770467804.813305
-0.757620,-0.020252,0.488488,-10.990000,-13.090000,-65.519997,1770467804.821190
-0.640500,0.006344,0.421388,0.910000,-31.920000,-65.589996,1770467804.829175
-0.538996,0.040748,0.337452,4.550000,-48.020000,-65.589996,1770467804.837160
-0.446764,0.078080,0.266936,10.010000,-64.050003,-63.490002,1770467804.845181
-0.357460,0.138592,0.232776,11.200000,-78.470001,-63.349998,1770467804.853195
-0.248880,0.198372,0.212280,10.220000,-94.989998,-61.669998,1770467804.861292
-0.165676,0.231312,0.203496,2.660000,-111.650002,-51.099998,1770467804.869348
-0.114436,0.218868,0.196420,-4.900000,-125.860001,-50.540001,1770467804.877318
-0.087108,0.261324,0.163236,-6.650000,-134.330002,-44.099998,1770467804.885176
0.081984,0.246196,0.157136,-1.190000,-136.429993,-16.240000,1770467804.893166
0.107360,0.218868,0.214964,13.230000,-129.850006,11.060000,1770467804.901331
0.097112,0.205204,0.345260,28.840000,-103.320000,25.200001,1770467804.909284
0.111020,0.241316,0.585844,46.970001,-52.849998,34.720001,1770467804.917222
0.126148,0.328180,0.979904,64.190002,11.970000,38.779999,1770467804.925183
0.103456,0.436516,1.415688,65.309998,77.419998,36.959999,1770467804.933175
-0.066368,0.495320,1.781444,52.009998,129.710007,42.139999,1770467804.941183
-0.380640,0.485072,2.005192,43.189999,162.750000,40.599998,1770467804.949246
-0.760060,0.409432,2.009584,28.559999,179.690002,33.599998,1770467804.957177
-1.189988,0.301828,1.915156,20.020000,184.309998,34.650002,1770467804.965181
-1.423984,0.117852,1.912716,3.080000,157.850006,31.920000,1770467804.973476
-1.652612,-0.138592,1.864160,-4.550000,111.860001,17.780001,1770467804.981584
-1.672620,-0.287188,1.799500,-14.210000,41.860001,3.080000,1770467804.989329
-1.637484,-0.452864,1.671400,-26.110001,-20.930000,-17.360001,1770467804.997178
-1.425204,-0.575840,1.495964,-33.180000,-80.430000,-29.610001,1770467805.005193
-1.129476,-0.586820,1.328336,-44.520000,-128.309998,-42.700001,1770467805.013191
-0.808372,-0.525820,1.163880,-50.330002,-163.520004,-49.490002,1770467805.021321
-0.517036,-0.432124,1.025532,-50.119999,-188.089996,-51.240002,1770467805.029171
-0.254004,-0.301584,0.898896,-50.889999,-203.139999,-47.880001,1770467805.037162
-0.054412,-0.137860,0.752496,-42.349998,-213.850006,-36.119999,1770467805.045176
0.080764,-0.043920,0.623664,-38.779999,-217.630005,-28.910000,1770467805.053176
0.199592,-0.062952,0.506300,-34.650002,-213.710007,-20.930000,1770467805.061187
0.288896,-0.027816,0.348188,-32.900002,-211.610001,-11.550000,1770467805.069242
0.380884,0.057340,0.148596,-21.980000,-206.710007,1.680000,1770467805.077185
0.390888,0.070028,0.049288,-6.650000,-194.880005,25.690001,1770467805.085176
0.373564,0.087840,-0.024156,0.140000,-178.289993,33.180000,1770467805.093164
0.348188,0.097112,-0.101260,5.110000,-156.100006,34.720001,1770467805.101180
0.321836,0.097600,-0.165432,9.590000,-128.869995,32.619999,1770467805.109173
0.300852,0.098332,-0.181536,17.639999,-94.010002,27.860001,1770467805.117189
0.302072,0.099064,-0.110776,24.430000,-53.130001,27.090000,1770467805.125181
0.331840,0.086620,0.052460,30.100000,-6.930000,18.900000,1770467805.133167
0.379664,0.070760,0.261812,39.340000,46.340000,13.090000,1770467805.141171
0.413092,0.088328,0.526796,49.000000,99.750000,10.150000,1770467805.149172
0.448960,0.160552,0.800808,51.660000,152.039993,0.700000,1770467805.157204
0.436760,0.229360,1.016016,52.430000,201.809998,-5.320000,1770467805.165287
0.392596,0.206912,1.214876,45.430000,243.039993,-13.650000,1770467805.173194
0.311344,0.116632,1.445212,35.419998,274.049988,-8.540000,1770467805.181171
0.156404,0.013664,1.830244,36.959999,290.640015,3.220000,1770467805.189171
-0.092720,-0.095892,2.443904,37.869999,286.369995,16.100000,1770467805.197150
-0.407480,-0.213012,2.631784,44.310001,249.410004,35.560001,1770467805.205173
-0.876936,-0.224480,2.473916,32.900002,194.250000,43.259998,1770467805.213190
-1.020896,-0.351116,2.174528,5.110000,147.000000,36.750000,1770467805.221236
-1.087996,-0.418704,1.762900,-6.020000,114.169998,19.670000,1770467805.229163
-1.111176,-0.432612,1.531344,-15.890000,94.290001,15.540000,1770467805.237164
-1.135820,-0.368928,1.377868,-20.650000,80.290001,3.430000,1770467805.245169
-1.152412,-0.297192,1.231956,-30.730000,71.610001,-13.860000,1770467805.253170
-1.129964,-0.216184,1.070184,-35.980000,63.070000,-32.200001,1770467805.261160
-1.080676,-0.126392,0.895480,-37.799999,49.070000,-45.080002,1770467805.269195
-0.999912,-0.043432,0.744444,-33.459999,30.730000,-58.869999,1770467805.277171
-0.905240,0.043920,0.633912,-31.010000,9.870000,-65.239998,1770467805.285130
-0.814716,0.113216,0.554368,-24.010000,-9.380000,-71.680000,1770467805.293156
-0.714188,0.151036,0.477020,-14.560000,-24.360001,-73.570000,1770467805.301175
-0.615124,0.166896,0.389424,-6.090000,-38.709999,-74.830002,1770467805.309183
-0.522648,0.190564,0.301096,-1.890000,-52.360001,-73.430000,1770467805.317193
-0.429440,0.222772,0.227164,4.130000,-67.199997,-67.059998,1770467805.325209
-0.331596,0.254248,0.170556,2.240000,-83.440002,-66.430000,1770467805.333212
-0.267424,0.265228,0.134444,-2.450000,-99.889999,-65.870003,1770467805.341183
-0.203008,0.257176,0.125172,-11.410000,-118.160004,-66.779999,1770467805.349172
-0.044408,0.336232,0.083936,-8.680000,-129.220001,-46.200001,1770467805.357180
0.020984,0.344040,0.094916,-3.080000,-147.559998,-21.629999,1770467805.365182
0.108092,0.284016,0.162992,7.770000,-148.539993,-6.440000,1770467805.373184
0.132736,0.232288,0.275720,22.889999,-131.179993,12.880000,1770467805.381279
0.230824,0.012200,0.461404,49.070000,-93.660004,24.500000,1770467805.389196
0.168604,0.288652,0.730048,60.410000,-38.570000,24.639999,1770467805.397163
0.210328,0.407724,1.039928,77.279999,25.620001,25.969999,1770467805.405189
0.137128,0.523624,1.340048,65.730003,88.830002,33.810001,1770467805.413203
-0.055632,0.519476,1.648220,57.330002,133.419998,38.570000,1770467805.421286
-0.426268,0.400160,1.987868,48.650002,166.949997,38.709999,1770467805.429203
-0.778604,0.286212,2.052772,48.090000,184.169998,34.930000,1770467805.437186
-1.145092,0.178364,2.039108,42.419998,174.509995,37.660000,1770467805.445183
-1.374208,0.000976,2.020808,28.770000,140.630005,30.450001,1770467805.453191
-1.578924,-0.214476,1.894904,8.820000,86.730003,25.620001,1770467805.461387
-1.580388,-0.320128,1.748016,-10.150000,23.100000,9.240000,1770467805.469183
-1.528904,-0.480436,1.586732,-28.770000,-34.439999,-5.670000,1770467805.477183
-1.321260,-0.631716,1.441796,-42.980000,-90.370003,-31.290001,1770467805.485181
-1.067012,-0.712724,1.283684,-54.810001,-130.619995,-45.849998,1770467805.493193
-0.779092,-0.690520,1.143140,-62.020000,-159.110001,-56.419998,1770467805.501192
-0.480924,-0.598776,1.022848,-61.529999,-179.759995,-61.599998,1770467805.509239
-0.227164,-0.435296,0.899872,-57.680000,-194.110001,-52.500000,1770467805.517200
-0.027816,-0.271572,0.782264,-47.389999,-204.960007,-42.910000,1770467805.525294
0.115900,-0.159576,0.680272,-40.320000,-205.940002,-32.830002,1770467805.533189
0.216672,-0.085156,0.573156,-34.790001,-200.970001,-21.420000,1770467805.541177
0.276208,-0.042944,0.461892,-26.250000,-192.220001,-12.320000,1770467805.549187
0.318664,0.046116,0.325740,-21.070000,-182.630005,-12.040000,1770467805.557213
0.349896,0.088816,0.209596,-11.410000,-171.500000,-1.540000,1770467805.565212
0.341112,0.164212,0.082228,0.560000,-154.770004,13.510000,1770467805.573183
0.308904,0.164944,-0.032208,2.100000,-138.320007,19.389999,1770467805.581182
0.265228,0.154696,-0.148352,4.130000,-114.660004,21.350000,1770467805.589206
0.234240,0.146156,-0.185928,4.900000,-85.470001,17.290001,1770467805.597278
0.248636,0.123464,-0.139080,13.860000,-47.250000,16.100000,1770467805.605210
0.289140,0.052948,0.029768,23.100000,-3.990000,14.280000,1770467805.613210
0.371124,0.009028,0.266448,34.299999,42.840000,12.740000,1770467805.621289
0.435540,0.029524,0.589260,45.639999,88.059998,8.260000,1770467805.629182
0.467504,0.143228,0.946720,52.080002,140.630005,5.530000,1770467805.637169
0.473116,0.232044,1.170956,54.320000,189.490005,-4.410000,1770467805.645193
0.447740,0.226188,1.270264,53.549999,226.660004,-11.270000,1770467805.653182
0.385276,0.155672,1.488156,50.889999,252.279999,-3.780000,1770467805.661313
0.186172,0.110776,1.780712,47.529999,261.170013,11.830000,1770467805.669179
-0.081984,-0.013420,2.154032,53.970001,257.390015,13.650000,1770467805.677181
-0.359656,-0.105164,2.289452,52.220001,223.229996,41.020000,1770467805.685184
-0.617564,-0.133712,2.147688,32.549999,171.360001,39.900002,1770467805.693196
-0.833992,-0.203984,1.974936,5.040000,138.460007,55.090000,1770467805.701185
-1.017236,-0.428220,1.799500,-15.120000,107.519997,22.820000,1770467805.709239
-1.039928,-0.479460,1.604056,-20.510000,90.440002,16.590000,1770467805.717294
-1.081896,-0.437248,1.460340,-24.780001,78.959999,1.540000,1770467805.725251
-1.121180,-0.347700,1.325164,-30.450001,73.080002,-15.820000,1770467805.733179
-1.106296,-0.230092,1.140944,-36.470001,65.589996,-32.060001,1770467805.741174
-1.046028,-0.127856,0.937692,-40.529999,49.209999,-50.959999,1770467805.749316
-0.938912,-0.050020,0.757376,-35.560001,31.010000,-61.110001,1770467805.757172
-0.831064,-0.019520,0.636352,-23.799999,12.180000,-69.860001,1770467805.765183
-0.723216,-0.001220,0.570228,-13.230000,-2.380000,-76.019997,1770467805.773164
-0.620248,0.015860,0.512156,-4.130000,-17.219999,-75.739998,1770467805.781166
-0.539240,0.044652,0.435784,4.900000,-31.219999,-75.250000,1770467805.789177
-0.457012,0.089304,0.359900,6.650000,-45.290001,-75.599998,1770467805.797160
-0.368196,0.136884,0.305976,10.990000,-61.810001,-72.449997,1770467805.805182
-0.284260,0.198860,0.264984,8.680000,-77.980003,-67.480003,1770467805.813255
-0.241560,0.237412,0.239852,2.240000,-91.559998,-60.900002,1770467805.821180
-0.176656,0.238388,0.216916,-5.460000,-106.400002,-59.009998,1770467805.829177
-0.133956,0.353556,0.135908,-12.600000,-118.510002,-49.000000,1770467805.837175
0.011712,0.266448,0.142252,-9.170000,-129.429993,-18.059999,1770467805.845294
0.040504,0.204716,0.175680,-0.560000,-130.199997,0.280000,1770467805.853165
0.045384,0.221308,0.217404,16.240000,-99.680000,30.170000,1770467805.861161
0.129076,0.183488,0.430660,38.849998,-73.570000,20.580000,1770467805.869236
0.170800,0.239364,0.692228,60.410000,-27.790001,16.100000,1770467805.877185
0.180072,0.336476,1.032364,71.750000,30.590000,29.820000,1770467805.885193
0.138836,0.458720,1.349320,67.830002,83.510002,22.469999,1770467805.893171
-0.030988,0.502396,1.641876,55.299999,127.260002,39.689999,1770467805.901548
-0.327448,0.432612,1.928088,44.869999,158.339996,31.360001,1770467805.909283
-0.708576,0.345504,1.991040,31.850000,177.029999,30.170000,1770467805.917197
-1.090680,0.230336,1.929308,28.350000,178.500000,33.599998,1770467805.925219
-1.344440,0.079300,1.909788,13.230000,147.139999,28.490000,1770467805.933279
-1.490596,-0.051240,1.842932,9.800000,99.540001,26.879999,1770467805.941211
-1.636996,-0.278892,1.800232,-3.360000,39.410000,-5.040000,1770467805.949175
-1.619184,-0.455548,1.660664,-13.860000,-20.230000,-20.020000,1770467805.957175
-1.450336,-0.596824,1.494500,-24.150000,-70.209999,-41.509998,1770467805.965182
-1.174372,-0.636840,1.343952,-35.209999,-110.739998,-55.160000,1770467805.973485
-0.858880,-0.558028,1.189988,-38.990002,-141.679993,-66.639999,1770467805.981577
-0.560956,-0.454816,1.061156,-39.759998,-163.800003,-69.650002,1770467805.989273
-0.333792,-0.303780,0.925980,-39.340000,-176.539993,-63.070000,1770467805.997165
-0.135908,-0.126636,0.785924,-39.900002,-190.050003,-49.980000,1770467806.005217
0.037820,-0.006832,0.685396,-37.240002,-201.880005,-40.459999,1770467806.013288
0.093696,-0.006344,0.592920,-32.759998,-197.399994,-36.119999,1770467806.021184
0.227408,-0.021716,0.472384,-33.950001,-193.199997,-27.790001,1770467806.029174
0.283040,0.074176,0.291336,-24.219999,-189.490005,-13.510000,1770467806.037198
0.369172,0.096380,0.216184,-8.820000,-183.750000,11.410000,1770467806.045294
0.359168,0.128344,0.155184,-0.560000,-169.190002,22.260000,1770467806.053175
0.337696,0.154208,0.110288,0.210000,-148.330002,24.290001,1770467806.061192
0.315492,0.150060,0.050508,2.660000,-123.129997,27.299999,1770467806.069200
0.293532,0.119072,-0.014152,1.330000,-91.769997,25.760000,1770467806.077165
0.276696,0.088084,-0.044408,6.650000,-56.700001,27.790001,1770467806.085183
0.275232,0.044164,0.015860,12.390000,-17.920000,22.610001,1770467806.093183
0.307440,-0.011468,0.159088,19.879999,25.200001,23.170000,1770467806.101198
0.340624,-0.019276,0.369416,31.850000,67.830002,22.469999,1770467806.109230
0.372588,0.012200,0.606340,37.310001,112.139999,16.170000,1770467806.117184
0.390400,0.085888,0.824720,47.880001,154.770004,10.710000,1770467806.125177
0.399672,0.159576,1.048224,51.450001,191.380005,-2.660000,1770467806.133180
0.383080,0.144204,1.263188,52.779999,223.160004,-2.310000,1770467806.141291
0.317932,0.069540,1.513288,44.869999,240.800003,2.730000,1770467806.149195
0.141764,0.012932,1.888316,36.189999,250.250000,17.080000,1770467806.157168
-0.087352,-0.109312,2.277496,29.959999,237.720001,33.810001,1770467806.165178
-0.353312,-0.176168,2.240408,24.219999,205.449997,48.720001,1770467806.173178
-0.726632,-0.218380,2.112064,11.340000,165.199997,60.130001,1770467806.181183
-1.036024,-0.507276,1.956392,-11.900000,139.089996,39.480000,1770467806.189260
-0.975024,-0.451888,1.728252,-19.459999,109.620003,20.580000,1770467806.197160
-1.029436,-0.446032,1.591612,-14.560000,89.669998,7.280000,1770467806.205173
-1.072380,-0.370148,1.469612,-14.420000,78.889999,-8.050000,1770467806.213170
-1.096536,-0.263764,1.334924,-20.230000,70.839996,-19.600000,1770467806.221184
-1.084336,-0.154696,1.155828,-25.410000,63.070000,-34.369999,1770467806.229204
-1.030168,-0.051240,0.964532,-34.930000,53.200001,-45.849998,1770467806.237213
-0.941840,0.025376,0.800076,-36.889999,38.080002,-61.250000,1770467806.245176
-0.849852,0.078568,0.663192,-35.000000,19.389999,-67.970001,1770467806.253171
-0.764696,0.112972,0.564860,-24.920000,1.470000,-72.099998,1770467806.261171
-0.684420,0.120780,0.496052,-17.010000,-14.000000,-72.379997,1770467806.269186
-0.601948,0.123952,0.408456,-10.920000,-29.680000,-71.120003,1770467806.277202
-0.517280,0.144448,0.318908,-4.550000,-44.869999,-69.300003,1770467806.285161
-0.427000,0.179828,0.263764,0.350000,-60.200001,-67.410004,1770467806.293170
-0.322324,0.229360,0.235460,5.320000,-78.120003,-65.239998,1770467806.301174
-0.251808,0.255956,0.213744,3.710000,-95.199997,-60.689999,1770467806.309168
-0.193736,0.257908,0.191784,-7.140000,-111.300003,-64.959999,1770467806.317195
-0.061244,0.357948,0.122732,-13.580000,-122.220001,-52.360001,1770467806.325177
0.039528,0.349652,0.103456,-10.990000,-138.880005,-34.160000,1770467806.333229
0.113948,0.325008,0.132980,-2.800000,-150.289993,-6.650000,1770467806.341184
0.124440,0.244488,0.205204,11.200000,-142.240005,7.560000,1770467806.349180
0.150548,0.231312,0.319884,33.389999,-111.790001,19.879999,1770467806.357176
0.168604,0.252784,0.522648,59.430000,-62.790001,23.379999,1770467806.365155
0.193004,0.333548,0.804712,78.190002,5.460000,20.160000,1770467806.373187
0.179584,0.430904,1.118984,80.779999,72.169998,25.410000,1770467806.381276
0.065636,0.457500,1.452532,75.180000,127.470001,24.850000,1770467806.389205
-0.179584,0.343064,1.808040,68.110001,169.750000,25.410000,1770467806.397162
-0.555832,0.206668,2.069120,73.849998,195.929993,27.299999,1770467806.405203
-0.955016,0.201056,2.020808,67.199997,197.050003,32.900002,1770467806.413178
-1.337852,0.059048,1.993236,42.770000,180.529999,31.920000,1770467806.421192
-1.509628,-0.142252,1.929308,18.760000,131.039993,31.500000,1770467806.429227
-1.675060,-0.351848,1.828536,-2.800000,64.540001,13.510000,1770467806.437275
-1.724104,-0.527040,1.700192,-14.210000,-7.140000,5.460000,1770467806.445216
-1.621380,-0.701744,1.582340,-29.120001,-68.250000,-15.680000,1770467806.453174
-1.364692,-0.771528,1.447652,-36.959999,-115.570000,-31.850000,1770467806.461177
-1.026752,-0.722484,1.298324,-42.349998,-153.860001,-50.889999,1770467806.469183
-0.719800,-0.591700,1.155584,-45.990002,-178.779999,-55.650002,1770467806.477333
-0.454328,-0.428708,1.045784,-46.130001,-191.660004,-56.209999,1770467806.485174
-0.213012,-0.234484,0.956480,-45.150002,-200.619995,-54.740002,1770467806.493172
-0.008052,-0.069296,0.856196,-41.090000,-202.720001,-38.919998,1770467806.501178
0.080520,-0.001708,0.751276,-35.000000,-200.199997,-31.150000,1770467806.509236
0.187392,-0.010248,0.628300,-36.540001,-193.059998,-20.580000,1770467806.517409
0.279136,0.041968,0.482876,-32.200001,-188.649994,-21.139999,1770467806.525178
0.386740,0.151768,0.326228,-18.129999,-192.779999,10.920000,1770467806.533255
0.358436,0.149816,0.253028,-8.190000,-169.960007,26.879999,1770467806.541187
0.489708,-0.009028,0.325740,-7.770000,-159.669998,50.330002,1770467806.549208
0.313296,0.190076,0.003416,-2.590000,-131.740005,25.410000,1770467806.557186
0.310612,0.210572,-0.098576,-2.100000,-112.629997,45.500000,1770467806.565173
0.371856,-0.028792,-0.043920,5.460000,-95.129997,13.510000,1770467806.573181
0.316956,0.109312,-0.102480,18.200001,-50.680000,33.950001,1770467806.581214
0.329644,0.138348,0.024888,33.180000,-10.920000,7.560000,1770467806.589179
0.417728,0.118828,0.258884,45.639999,33.740002,11.270000,1770467806.597159
0.479460,0.179340,0.588284,58.869999,79.449997,7.770000,1770467806.605174
0.488488,0.292068,0.930616,57.750000,126.839996,-2.170000,1770467806.613181
0.452132,0.297680,0.925492,47.950001,189.139999,-14.910000,1770467806.621322
0.438956,0.370392,1.161684,37.660000,218.119995,-18.549999,1770467806.629175
0.376980,0.295728,1.294664,33.250000,246.259995,-2.450000,1770467806.637178
0.228384,0.261080,1.539152,28.420000,262.429993,-9.240000,1770467806.645178
-0.024888,0.107116,1.882948,29.959999,266.140015,16.520000,1770467806.653171
-0.349652,-0.090036,2.078392,40.459999,254.029999,17.080000,1770467806.661192
-0.687836,-0.126392,2.154764,37.520000,215.740005,31.360001,1770467806.669279
-0.992348,-0.160064,2.069364,17.639999,178.500000,40.810001,1770467806.677211
-1.183156,-0.311100,1.849520,-5.740000,134.820007,25.059999,1770467806.685173
-1.231468,-0.433832,1.633824,-16.870001,97.650002,17.570000,1770467806.693172
-1.255868,-0.440908,1.479128,-15.330000,71.540001,7.770000,1770467806.701175
-1.263676,-0.391132,1.365180,-17.780001,54.740002,-4.760000,1770467806.709240
-1.223172,-0.301828,1.203896,-26.250000,42.209999,-26.320000,1770467806.717199
-1.122888,-0.208620,1.003572,-28.980000,29.540001,-37.240002,1770467806.725177
-0.998692,-0.122244,0.818376,-31.920000,12.390000,-54.599998,1770467806.733336
-0.879864,-0.058072,0.696620,-25.059999,-4.340000,-61.250000,1770467806.741221
-0.773724,-0.023668,0.617320,-17.360001,-21.209999,-65.730003,1770467806.749178
-0.676612,-0.004880,0.564860,-11.550000,-33.110001,-66.150002,1770467806.757174
-0.589992,0.016104,0.512888,-1.120000,-43.540001,-63.700001,1770467806.765204
-0.509228,0.051972,0.450668,1.330000,-52.990002,-62.230000,1770467806.773313
-0.429684,0.095160,0.396256,4.900000,-63.419998,-62.230000,1770467806.781172
-0.353800,0.133224,0.350384,6.650000,-74.199997,-64.959999,1770467806.789178
-0.264984,0.181292,0.324276,3.360000,-84.139999,-61.669998,1770467806.797168
-0.197396,0.223260,0.286700,0.630000,-94.989998,-51.450001,1770467806.805182
-0.140544,0.221308,0.252052,-10.990000,-106.330002,-49.349998,1770467806.813185
-0.096136,0.227164,0.192028,-14.000000,-120.750000,-47.110001,1770467806.821250
0.056364,0.120780,0.178852,-7.910000,-125.440002,-24.219999,1770467806.829234
0.121024,0.215940,0.165188,5.110000,-128.800003,-2.730000,1770467806.837312
-0.020984,0.277916,0.193004,23.870001,-107.169998,-4.970000,1770467806.845182
0.103456,0.208620,0.383568,38.779999,-83.580002,41.930000,1770467806.853215
0.118096,0.305488,0.625616,43.680000,-42.560001,16.100000,1770467806.861292
0.109068,0.414312,0.933300,40.110001,14.420000,29.120001,1770467806.869198
0.056608,0.528748,1.234640,23.660000,66.150002,28.209999,1770467806.877172
-0.058560,0.513620,1.497672,15.540000,111.300003,34.720001,1770467806.885176
-0.327448,0.416996,1.813164,23.799999,143.220001,50.680000,1770467806.893277
-0.627324,0.286700,2.000312,28.000000,160.509995,37.450001,1770467806.901189
-1.109956,0.306220,1.915644,19.459999,149.729996,39.759998,1770467806.909192
-1.356884,0.144692,1.899784,6.440000,117.040001,26.250000,1770467806.917187
-1.402512,0.019032,1.862208,-3.080000,58.310001,14.560000,1770467806.925291
-1.484008,-0.191540,1.831464,-5.880000,2.310000,-4.550000,1770467806.933175
-1.447164,-0.348676,1.732888,-12.880000,-48.230000,-14.280000,1770467806.941184
-1.263676,-0.497516,1.567212,-19.740000,-90.440002,-37.240002,1770467806.949177
-1.023092,-0.561932,1.413004,-31.080000,-122.989998,-45.080002,1770467806.957171
-0.737612,-0.560224,1.276852,-38.009998,-147.070007,-61.040001,1770467806.965220
-0.452620,-0.478484,1.138016,-43.889999,-163.520004,-56.279999,1770467806.973489
-0.229116,-0.348920,1.016992,-43.889999,-174.020004,-57.049999,1770467806.981589
-0.012200,-0.192028,0.908168,-41.439999,-185.289993,-39.549999,1770467806.989336
0.094184,-0.074176,0.786168,-39.549999,-188.509995,-32.830002,1770467806.997171
0.219600,-0.067588,0.682956,-34.790001,-186.830002,-22.400000,1770467807.005189
0.320128,-0.040016,0.554368,-32.689999,-181.089996,-18.270000,1770467807.013173
0.408700,-0.010736,0.432124,-21.980000,-170.660004,-9.030000,1770467807.021348
0.405040,0.076128,0.308904,-6.440000,-154.559998,13.090000,1770467807.029558
0.393816,0.137128,0.222040,-2.450000,-135.309998,23.660000,1770467807.037252
0.361852,0.170312,0.155184,-0.350000,-109.900002,31.570000,1770467807.045186
0.326960,0.169824,0.083692,-1.890000,-82.040001,35.980000,1770467807.053206
0.292068,0.124196,0.036112,-2.940000,-52.360001,39.200001,1770467807.061174
0.254736,0.077348,-0.012444,2.590000,-19.250000,33.459999,1770467807.069178
0.240340,0.020008,-0.017812,11.550000,15.890000,30.379999,1770467807.077189
0.247416,-0.018544,0.067588,28.000000,49.070000,25.900000,1770467807.085248
0.269864,-0.037820,0.254736,41.299999,86.029999,19.670000,1770467807.093175
0.289140,-0.009272,0.496296,53.900002,121.660004,14.070000,1770467807.101204
0.291336,0.070028,0.768844,59.220001,155.539993,4.760000,1770467807.109228
0.293776,0.127124,0.991860,58.939999,188.229996,-1.750000,1770467807.117209
0.268888,0.110044,1.142408,57.750000,214.270004,-1.890000,1770467807.125288
0.217648,0.038552,1.377136,56.560001,231.070007,3.570000,1770467807.133169
0.083692,-0.020740,1.734108,52.849998,237.929993,18.200001,1770467807.141178
-0.134688,-0.064904,2.157692,51.380001,220.289993,34.090000,1770467807.149169
-0.351360,-0.121024,2.320440,43.189999,176.190002,53.689999,1770467807.157170
-0.583648,-0.140788,2.146224,32.830002,120.400002,67.830002,1770467807.165170
-0.800808,-0.209108,1.913204,11.340000,93.730003,76.930000,1770467807.173206
-0.964776,-0.408456,1.723128,-8.470000,79.730003,35.209999,1770467807.181195
-0.968192,-0.481168,1.553060,-12.810000,76.860001,26.740000,1770467807.189168
-1.011136,-0.458476,1.431060,-13.230000,80.709999,9.030000,1770467807.197153
-1.073600,-0.378932,1.330776,-16.799999,85.820000,-3.780000,1770467807.205179
-1.102636,-0.268644,1.210484,-21.000000,90.230003,-19.950001,1770467807.213179
-1.084092,-0.121024,1.038220,-22.330000,83.089996,-37.590000,1770467807.221307
-1.032852,0.022204,0.864736,-22.330000,61.740002,-47.110001,1770467807.229201
-0.955992,0.128100,0.741028,-23.240000,34.650002,-62.090000,1770467807.237172
-0.859124,0.183732,0.670268,-18.480000,8.120000,-62.580002,1770467807.245172
-0.745664,0.200324,0.622688,-15.120000,-15.120000,-72.099998,1770467807.253170
-0.622444,0.209840,0.563396,-9.660000,-33.320000,-70.980003,1770467807.261171
-0.533140,0.207156,0.488976,-6.230000,-49.560001,-63.139999,1770467807.269201
-0.436272,0.234728,0.409676,-3.290000,-62.650002,-68.389999,1770467807.277316
-0.360632,0.265472,0.352336,-3.080000,-73.360001,-60.759998,1770467807.285184
-0.294508,0.277184,0.326716,-2.590000,-84.070000,-65.379997,1770467807.293166
-0.071492,-0.000244,0.253028,-7.980000,-87.779999,-60.130001,1770467807.301168
-0.094916,0.354776,0.230824,-6.020000,-96.529999,-58.099998,1770467807.309166
-0.009760,0.367708,0.179828,-8.750000,-110.529999,-11.830000,1770467807.317174
-0.025132,0.399428,0.155672,-8.190000,-123.970001,-10.850000,1770467807.325235
0.008052,0.322812,0.191784,-4.340000,-115.220001,13.860000,1770467807.333182
0.056608,0.267180,0.205204,13.440000,-113.540001,16.590000,1770467807.341209
0.091500,0.276208,0.343796,29.680000,-82.040001,25.410000,1770467807.349205
0.124684,0.366000,0.565104,41.299999,-38.360001,42.630001,1770467807.357273
0.137128,0.455548,0.854000,42.000000,16.870001,17.360001,1770467807.365175
0.160796,0.615124,1.128012,39.759998,67.199997,33.529999,1770467807.373181
0.032208,0.619272,1.410320,25.620001,110.739998,23.660000,1770467807.381204
-0.212524,0.476044,1.747040,15.680000,146.300003,25.340000,1770467807.389205
-0.455060,0.241072,2.098400,28.700001,180.039993,21.629999,1770467807.397180
-0.902068,0.145668,2.067168,28.770000,167.229996,41.509998,1770467807.405198
-1.242936,-0.012444,2.030568,20.160000,140.070007,40.599998,1770467807.413327
-1.545252,-0.335256,1.959076,5.530000,97.720001,31.150000,1770467807.421184
-1.532808,-0.400648,1.791204,6.860000,43.750000,26.670000,1770467807.429182
-1.570872,-0.561932,1.657492,-1.330000,-11.900000,-6.020000,1770467807.437207
-1.454484,-0.701500,1.516216,-4.760000,-57.119999,-14.210000,1770467807.445264
-1.252208,-0.752984,1.394460,-15.120000,-93.660004,-44.869999,1770467807.453206
-0.974536,-0.711260,1.273680,-26.670000,-119.910004,-59.990002,1770467807.461165
-0.712480,-0.573400,1.141432,-31.990000,-139.020004,-64.959999,1770467807.469177
-0.449204,-0.427732,1.050420,-38.639999,-154.070007,-68.180000,1770467807.477188
-0.212768,-0.240584,0.961848,-35.910000,-166.600006,-56.770000,1770467807.485299
-0.035136,-0.089792,0.863760,-37.240002,-174.300003,-50.330002,1770467807.493174
0.086864,-0.005612,0.772504,-36.959999,-176.399994,-30.520000,1770467807.501184
0.172508,-0.005124,0.669292,-41.439999,-172.899994,-26.530001,1770467807.509180
0.223748,0.001220,0.533384,-44.029999,-159.179993,-17.150000,1770467807.517315
0.524356,0.188368,0.353556,-30.870001,-155.679993,15.960000,1770467807.525193
0.329400,0.117852,0.287432,-24.360001,-143.639999,34.160000,1770467807.533163
0.322324,0.131760,0.209352,-17.430000,-130.690002,43.610001,1770467807.541189
0.309636,0.128100,0.146400,-9.100000,-113.470001,48.509998,1770467807.549182
0.299144,0.113216,0.090768,-2.030000,-93.379997,45.849998,1770467807.557183
0.272304,0.092720,0.036356,11.900000,-68.669998,42.910000,1770467807.565289
0.255712,0.073688,0.018300,21.910000,-41.439999,36.189999,1770467807.573169
0.257908,0.061976,0.069296,33.110001,-9.800000,30.100000,1770467807.581193
0.284748,0.066124,0.201788,43.470001,22.959999,20.580000,1770467807.589200
0.305732,0.089548,0.400892,51.099998,58.450001,19.040001,1770467807.597164
0.322080,0.147620,0.630496,56.560001,97.160004,10.010000,1770467807.605182
0.335500,0.214476,0.854488,57.400002,140.490005,2.520000,1770467807.613176
0.334524,0.245708,1.029924,53.340000,177.520004,-1.750000,1770467807.621372
0.292068,0.203984,1.200724,52.430000,207.899994,1.260000,1770467807.629201
0.200324,0.122244,1.432280,45.779999,229.600006,14.070000,1770467807.637311
0.005368,0.085156,1.780224,40.110001,239.399994,29.330000,1770467807.645178
-0.234240,-0.002440,2.182092,29.680000,230.860001,41.580002,1770467807.653176
-0.511424,-0.091256,2.239432,25.969999,198.800003,61.110001,1770467807.661179
-0.970388,-0.186172,2.121580,24.780001,161.210007,74.480003,1770467807.669215
-1.280756,-0.449692,1.976644,-1.540000,124.040001,59.290001,1770467807.677294
-1.192672,-0.424560,1.678964,-12.880000,80.639999,21.980000,1770467807.685175
-1.209020,-0.450424,1.522804,-15.470000,51.939999,11.200000,1770467807.693181
-1.197064,-0.389180,1.407636,-22.750000,30.870001,-12.180000,1770467807.701184
-1.155828,-0.288896,1.310280,-29.120001,16.520000,-30.940001,1770467807.709180
-1.070428,-0.180560,1.207556,-33.110001,7.770000,-47.810001,1770467807.717204
-0.945744,-0.048312,1.077016,-35.419998,-3.990000,-64.260002,1770467807.725375
-0.843508,0.056852,0.919392,-38.009998,-19.250000,-72.660004,1770467807.733278
-0.702476,0.113948,0.796172,-35.980000,-29.330000,-81.900002,1770467807.741290
-0.619516,0.168360,0.688812,-28.980000,-42.139999,-85.260002,1770467807.749208
-0.511668,0.170312,0.626592,-20.650000,-45.919998,-75.529999,1770467807.757179
-0.420412,0.173972,0.528260,-12.670000,-51.660000,-70.349998,1770467807.765176
-0.365756,0.186660,0.439444,-11.690000,-59.009998,-65.519997,1770467807.773198
-0.305976,0.200324,0.360388,-8.960000,-63.910000,-58.450001,1770467807.781331
-0.259372,0.221308,0.302316,-8.470000,-69.790001,-49.770000,1770467807.789207
-0.217648,0.243024,0.261080,-13.650000,-74.129997,-42.070000,1770467807.797162
-0.188612,0.286944,0.217892,-15.190000,-85.750000,-41.230000,1770467807.805178
-0.151280,0.264008,0.196908,-30.660000,-90.089996,-38.360001,1770467807.813164
-0.099796,0.224236,0.172264,-32.689999,-97.440002,-37.240002,1770467807.821232
0.017324,0.229116,0.127856,-28.350000,-97.440002,-14.210000,1770467807.829213
0.071980,0.220088,0.151280,-13.090000,-100.870003,10.570000,1770467807.837179
0.071736,0.176900,0.266692,10.850000,-89.879997,28.559999,1770467807.845178
0.100284,0.187148,0.439688,32.759998,-65.519997,32.060001,1770467807.853183
0.120536,0.250832,0.685152,52.430000,-25.830000,29.820000,1770467807.861274
0.128344,0.346724,0.945256,61.529999,19.530001,32.060001,1770467807.869182
0.083692,0.446032,1.166808,53.900002,61.740002,26.530001,1770467807.877182
0.001464,0.517524,1.352980,49.209999,90.930000,22.190001,1770467807.885188
-0.192760,0.347212,1.650172,41.299999,114.379997,25.340000,1770467807.893163
-0.503128,0.149572,1.946144,45.290001,132.160004,25.760000,1770467807.901179
-0.786168,0.067100,1.982500,46.759998,129.220001,34.650002,1770467807.909186
-1.028704,-0.025376,2.013000,29.889999,108.919998,36.959999,1770467807.917179
-1.081164,-0.146400,1.991772,18.760000,71.120003,32.270000,1770467807.925310
-1.217072,-0.371124,1.951512,5.110000,24.780001,8.260000,1770467807.933193
-1.226588,-0.528260,1.822924,-0.210000,-20.020000,-7.000000,1770467807.941178
-1.135332,-0.657092,1.682624,-7.420000,-55.930000,-24.219999,1770467807.949185
-0.957944,-0.705160,1.540128,-19.110001,-82.110001,-37.799999,1770467807.957178
-0.749324,-0.678564,1.380552,-25.969999,-97.510002,-49.419998,1770467807.965324
-0.533140,-0.532896,1.222196,-29.889999,-105.139999,-53.270000,1770467807.973546
-0.336720,-0.388936,1.113128,-33.669998,-108.290001,-55.930000,1770467807.981331
-0.174704,-0.222528,1.010892,-33.669998,-111.510002,-47.529999,1770467807.989268
-0.057584,-0.049532,0.897676,-33.459999,-112.559998,-36.959999,1770467807.997369
0.029280,0.033672,0.798856,-33.669998,-112.769997,-20.510000,1770467808.005182
0.070028,0.040992,0.702476,-33.740002,-108.919998,-10.080000,1770467808.013180
0.131272,0.010980,0.604876,-35.000000,-101.849998,-2.730000,1770467808.021210
0.170800,0.052948,0.478972,-27.440001,-97.510002,0.490000,1770467808.029394
0.204228,0.164456,0.332572,-21.559999,-90.930000,17.780001,1770467808.037169
0.186904,0.160552,0.276452,-12.810000,-88.199997,37.799999,1770467808.045178
0.159820,0.173972,0.225212,-13.930000,-78.540001,43.400002,1770467808.053174
0.140788,0.185928,0.166164,-12.320000,-66.220001,46.200001,1770467808.061209
0.126148,0.122000,0.112240,-6.860000,-51.099998,43.470001,1770467808.069197
0.106872,0.072712,0.042212,1.890000,-29.889999,42.840000,1770467808.077320
0.106872,0.039528,0.026840,15.330000,-9.240000,43.470001,1770467808.085183
0.133712,0.053680,0.105164,34.299999,14.490000,35.770000,1770467808.093180
0.173484,0.107848,0.295972,50.889999,39.759998,34.090000,1770467808.101179
0.214964,0.204228,0.598288,60.549999,66.849998,26.670000,1770467808.109175
0.237656,0.300852,0.904996,57.889999,96.949997,21.980000,1770467808.117199
0.242780,0.335012,1.048224,53.549999,125.720001,18.480000,1770467808.125207
0.187392,0.297436,1.124108,52.430000,149.589996,24.219999,1770467808.133196
0.117120,0.269620,1.288564,51.450001,157.360001,32.340000,1770467808.141211
0.006344,0.281088,1.483764,43.959999,147.699997,38.990002,1770467808.149176
-0.173972,0.238388,1.700192,25.200001,129.850006,39.759998,1770467808.157170
-0.345504,0.078568,1.801452,15.540000,111.860001,44.799999,1770467808.165174
-0.489464,-0.095892,1.886364,14.560000,92.959999,38.150002,1770467808.173172
-0.629520,-0.219844,1.979572,12.040000,84.839996,42.349998,1770467808.181203
-0.765672,-0.432612,1.962248,2.450000,70.070000,2.940000,1770467808.189185
-0.781288,-0.495808,1.834392,0.350000,62.439999,-13.510000,1770467808.197161
-0.813008,-0.454572,1.697020,-2.030000,60.619999,-28.000000,1770467808.205179
-0.837408,-0.387472,1.580144,-5.880000,63.209999,-31.920000,1770467808.213173
-0.841800,-0.297924,1.452776,-13.440000,66.290001,-39.200001,1770467808.221200
-0.829112,-0.204716,1.293444,-19.459999,63.770000,-43.470001,1770467808.229278
-0.807396,-0.108336,1.107272,-27.580000,56.209999,-52.009998,1770467808.237174
-0.769088,-0.031964,0.933788,-29.750000,42.560001,-53.970001,1770467808.245185
-0.722240,0.017324,0.803492,-32.340000,26.320000,-60.480000,1770467808.253209
-0.669292,0.052948,0.711748,-26.530001,7.770000,-63.139999,1770467808.261281
-0.608048,0.081252,0.637816,-20.860001,-8.050000,-61.810001,1770467808.269167
-0.541924,0.117364,0.577548,-13.650000,-21.000000,-62.369999,1770467808.277163
-0.485560,0.140544,0.510936,-8.540000,-33.320000,-53.130001,1770467808.285156
-0.441152,0.160308,0.433344,-4.480000,-41.230000,-50.820000,1770467808.293182
-0.380152,0.195688,0.367708,0.210000,-47.110001,-47.529999,1770467808.301179
-0.323788,0.232532,0.303048,1.050000,-54.669998,-39.830002,1770467808.309223
-0.282308,0.247660,0.262788,-3.220000,-62.790001,-42.349998,1770467808.317239
-0.242536,0.259616,0.229604,-10.430000,-73.010002,-40.669998,1770467808.325220
-0.194956,0.273280,0.195688,-15.120000,-83.300003,-39.689999,1770467808.333209
-0.057340,0.360876,0.158356,-13.650000,-93.800003,-18.129999,1770467808.341196
-0.019276,0.324032,0.180560,-10.640000,-106.470001,-0.070000,1770467808.349184
0.030988,0.294020,0.247416,-5.110000,-105.419998,8.540000,1770467808.357176
0.085400,0.269620,0.393084,9.030000,-89.949997,15.890000,1770467808.365178
0.146156,0.280356,0.595360,20.370001,-56.700001,16.309999,1770467808.373276
0.204716,0.336720,0.815204,30.590000,-12.250000,17.360001,1770467808.381216
0.219356,0.426268,0.989664,34.230000,34.299999,27.020000,1770467808.389193
0.139080,0.444812,1.124596,29.889999,80.150002,31.360001,1770467808.397165
-0.033672,0.356484,1.298568,34.790001,119.910004,36.049999,1770467808.405168
-0.301828,0.172752,1.624552,42.770000,155.190002,42.000000,1770467808.413189
-0.634400,0.050508,1.851472,58.169998,167.860001,50.610001,1770467808.421202
-1.023092,0.013908,1.933944,55.439999,154.419998,56.840000,1770467808.429187
-1.244644,-0.017080,1.948828,38.360001,120.820000,51.169998,1770467808.437177
-1.435940,-0.230092,1.939068,26.320000,71.610001,24.639999,1770467808.445185
-1.529392,-0.353800,1.839028,17.780001,16.450001,10.290000,1770467808.453221
-1.500112,-0.499468,1.716784,7.280000,-31.430000,-14.770000,1770467808.461180
-1.348100,-0.589260,1.588684,1.470000,-71.330002,-32.270000,1770467808.469180
-1.109468,-0.611708,1.477908,-11.550000,-103.180000,-49.279999,1770467808.477176
-0.830820,-0.555344,1.349564,-19.740000,-122.220001,-58.450001,1770467808.485260
-0.565104,-0.457500,1.218780,-25.270000,-135.100006,-66.779999,1770467808.493180
-0.329400,-0.311100,1.079944,-27.580000,-141.889999,-62.580002,1770467808.501184
-0.154208,-0.144692,0.950624,-23.799999,-146.789993,-54.740002,1770467808.509214
-0.027084,0.029768,0.835944,-25.340000,-146.860001,-42.630001,1770467808.517313
0.038552,0.104676,0.763232,-25.340000,-142.520004,-32.830002,1770467808.525212
0.109068,0.101748,0.702232,-30.799999,-134.330002,-31.709999,1770467808.533159
0.213012,0.168360,0.597312,-31.990000,-114.940002,-13.440000,1770467808.541181
0.265228,0.211548,0.537532,-21.910000,-112.910004,14.420000,1770467808.549170
0.292312,0.208864,0.477020,-23.100000,-105.139999,25.900000,1770467808.557218
0.278160,0.205204,0.393572,-22.469999,-94.010002,34.720001,1770467808.565201
0.249612,0.194468,0.301340,-21.209999,-81.129997,38.709999,1770467808.573174
0.202520,0.181536,0.192760,-16.240000,-62.790001,44.730000,1770467808.581174
0.148596,0.144448,0.087108,-9.520000,-41.020000,43.610001,1770467808.589215
0.100284,0.105896,0.020252,3.850000,-16.450001,43.610001,1770467808.597281
0.078080,0.063196,0.025376,17.010000,6.230000,40.810001,1770467808.605206
0.078080,0.050996,0.114680,29.400000,30.100000,35.419998,1770467808.613177
0.096136,0.074420,0.288408,37.660000,53.200001,29.820000,1770467808.621174
0.116632,0.133712,0.551684,42.070000,77.070000,24.219999,1770467808.629253
0.132980,0.209108,0.814716,40.110001,104.790001,13.650000,1770467808.637174
0.132004,0.254980,0.985516,40.110001,128.940002,1.960000,1770467808.645179
0.101992,0.262544,1.102392,41.090000,143.360001,-5.460000,1770467808.653176
0.049532,0.241560,1.298812,37.660000,149.940002,-2.870000,1770467808.661197
-0.049288,0.227652,1.535004,30.100000,141.610001,-0.070000,1770467808.669236
-0.179340,0.164700,1.798524,21.980000,125.160004,9.730000,1770467808.677164
-0.314516,-0.016592,1.966396,23.870001,99.959999,18.129999,1770467808.685269
-0.463844,-0.152744,1.983720,34.720001,67.550003,25.690001,1770467808.693215
-0.676124,-0.216916,1.971520,32.130001,43.959999,29.820000,1770467808.701230
-0.834236,-0.475068,1.922232,15.750000,30.660000,10.850000,1770467808.709177
-0.648552,-0.459208,1.733864,4.970000,21.840000,-5.460000,1770467808.717230
-0.621712,-0.511912,1.607960,0.420000,29.540001,-10.640000,1770467808.725343
-0.624396,-0.502640,1.517192,-1.120000,42.349998,-16.660000,1770467808.733175
-0.650260,-0.421632,1.412516,-3.430000,57.259998,-22.610001,1770467808.741177
-0.686128,-0.288408,1.290028,-8.330000,68.739998,-27.090000,1770467808.749272
-0.708332,-0.152256,1.140700,-15.330000,72.449997,-36.889999,1770467808.757172
-0.711504,-0.022936,0.979660,-20.230000,67.410004,-45.709999,1770467808.765309
-0.691008,0.069052,0.849608,-24.920000,54.180000,-52.849998,1770467808.773175
-0.653188,0.089792,0.760060,-23.870001,38.990002,-54.599998,1770467808.781165
-0.605120,0.112728,0.681736,-17.219999,21.070000,-54.599998,1770467808.789171
-0.555344,0.120536,0.616100,-13.650000,4.760000,-53.340000,1770467808.797178
-0.499956,0.139324,0.548024,-9.310000,-7.700000,-46.830002,1770467808.805211
-0.451644,0.172752,0.484340,-6.090000,-18.480000,-46.200001,1770467808.813181
-0.414800,0.202276,0.436516,-10.010000,-26.459999,-42.000000,1770467808.821177
-0.348188,0.241072,0.400648,-9.240000,-36.889999,-40.599998,1770467808.829219
-0.294996,0.277184,0.357704,-15.750000,-46.689999,-39.549999,1770467808.837207
-0.243756,0.289872,0.313052,-18.969999,-58.520000,-41.720001,1770467808.845190
-0.199104,0.264740,0.271084,-22.120001,-70.769997,-46.549999,1770467808.853175
-0.095892,0.326228,0.203984,-16.799999,-80.430000,-32.689999,1770467808.861180
-0.008784,0.313784,0.191784,-7.980000,-89.529999,-10.710000,1770467808.869246
0.009516,0.284260,0.240340,-1.400000,-89.739998,10.010000,1770467808.877177
0.032208,0.271816,0.348676,12.810000,-77.000000,16.450001,1770467808.885175
0.063440,0.276940,0.508984,24.010000,-49.000000,22.959999,1770467808.893187
0.091256,0.322324,0.709064,32.970001,-7.910000,28.980000,1770467808.901283
0.086132,0.377712,0.920856,34.860001,35.279999,36.119999,1770467808.909616
0.002928,0.394548,1.093608,32.410000,73.290001,36.750000,1770467808.917171
-0.153720,0.316712,1.322724,38.009998,105.910004,42.840000,1770467808.925211
-0.392840,0.185928,1.680184,47.389999,129.009995,39.759998,1770467808.933278
-0.777140,0.148108,1.910764,56.070000,137.479996,41.090000,1770467808.941196
-1.157780,0.060024,1.941020,49.630001,127.400002,32.830002,1770467808.949301
-1.278560,0.029036,1.851960,37.730000,94.150002,26.110001,1770467808.957170
-1.409100,-0.126392,1.797060,23.870001,48.439999,5.460000,1770467808.965172
-1.443748,-0.245952,1.687016,11.970000,-3.780000,-4.760000,1770467808.973491
-1.406172,-0.412848,1.575996,5.110000,-42.770000,-20.930000,1770467808.981404
-1.274656,-0.548024,1.472052,-1.330000,-78.190002,-39.340000,1770467808.989247
-1.085556,-0.615368,1.399584,-11.200000,-102.760002,-51.169998,1770467808.997183
-0.827648,-0.589992,1.327360,-16.870001,-119.980003,-61.110001,1770467809.005188
-0.578524,-0.483852,1.252452,-23.309999,-131.460007,-67.059998,1770467809.013289
-0.336720,-0.322324,1.174616,-24.990000,-140.770004,-61.459999,1770467809.021218
-0.159576,-0.142740,1.079212,-22.190001,-146.789993,-54.740002,1770467809.029187
-0.022692,0.054656,0.965508,-23.309999,-150.080002,-43.400002,1770467809.037160
0.024156,0.150060,0.862540,-26.740000,-147.419998,-38.919998,1770467809.045184
0.105164,0.142740,0.761524,-33.110001,-140.419998,-37.310001,1770467809.053191
0.523380,0.427732,0.556320,-25.129999,-135.449997,1.190000,1770467809.061203
0.291336,0.303536,0.566568,-21.209999,-132.440002,13.860000,1770467809.069182
0.315736,0.290116,0.501664,-24.780001,-124.110001,28.350000,1770467809.077216
0.308904,0.278892,0.417972,-23.450001,-112.839996,33.180000,1770467809.085268
0.294996,0.266204,0.325008,-25.900000,-96.180000,38.360001,1770467809.093200
0.260836,0.245952,0.216428,-26.110001,-76.440002,40.459999,1770467809.101189
0.221796,0.213500,0.112484,-20.440001,-52.990002,38.849998,1770467809.109178
0.184464,0.170312,0.040260,-13.720000,-27.440001,38.919998,1770467809.117164
0.173484,0.113460,0.036356,2.310000,1.330000,33.040001,1770467809.125263
0.178364,0.082228,0.107848,18.059999,30.100000,26.320000,1770467809.133212
0.183000,0.093696,0.252052,29.400000,57.540001,20.719999,1770467809.141172
0.194224,0.136884,0.478484,39.410000,85.610001,16.870001,1770467809.149175
0.202032,0.184952,0.740052,38.849998,114.379997,8.820000,1770467809.157166
0.197884,0.220332,0.925736,38.990002,141.610001,3.640000,1770467809.165208
0.171288,0.198372,1.060668,37.520000,166.039993,0.980000,1770467809.173320
0.092232,0.147620,1.238788,34.230000,179.270004,3.990000,1770467809.181166
-0.028304,0.073932,1.469368,34.160000,181.369995,12.670000,1770467809.189175
-0.171776,0.010492,1.743380,32.619999,168.699997,19.809999,1770467809.197179
-0.325252,-0.076128,1.987624,34.020000,135.520004,37.240002,1770467809.205180
-0.496784,-0.104432,1.925404,36.540001,93.029999,49.000000,1770467809.213170
-0.712724,-0.117608,1.790228,26.320000,61.740002,51.590000,1770467809.221198
-0.719068,-0.270596,1.731912,11.690000,54.389999,43.189999,1770467809.229195
-0.742248,-0.456036,1.622844,-0.210000,49.840000,13.300000,1770467809.237170
-0.742736,-0.538020,1.576728,-1.540000,56.209999,6.580000,1770467809.245172
-0.804224,-0.503860,1.527684,-3.360000,71.260002,0.210000,1770467809.253171
-0.873276,-0.413092,1.471808,-7.490000,87.500000,-4.900000,1770467809.261168
-0.928664,-0.253760,1.355176,-12.460000,97.160004,-12.390000,1770467809.269206
-0.958188,-0.079788,1.185352,-19.530001,99.190002,-19.250000,1770467809.277219
-0.959408,0.058072,1.000644,-27.020000,84.489998,-23.590000,1770467809.285169
-0.951112,0.207400,0.815448,-30.660000,56.980000,-34.860001,1770467809.293174
-0.867908,0.215452,0.734196,-31.850000,29.959999,-37.730000,1770467809.301188
-0.781776,0.242292,0.662948,-30.870001,4.900000,-42.840000,1770467809.309174
-0.700768,0.253272,0.604876,-30.799999,-15.890000,-41.020000,1770467809.317170
-0.621468,0.253760,0.530456,-27.020000,-31.780001,-35.419998,1770467809.325334
-0.546804,0.262544,0.458232,-23.660000,-43.259998,-35.490002,1770467809.333187
-0.475068,0.270108,0.403576,-25.200001,-51.799999,-32.270000,1770467809.341163
-0.414556,0.278160,0.354288,-24.780001,-59.009998,-35.139999,1770467809.349170
-0.355996,0.273524,0.315004,-27.230000,-66.290001,-41.020000,1770467809.357183
-0.287920,0.276452,0.278648,-28.209999,-75.250000,-48.299999,1770467809.365181
-0.181292,0.338428,0.230824,-19.320000,-85.120003,-25.969999,1770467809.373175
-0.112240,0.313296,0.236680,-16.240000,-94.989998,-11.410000,1770467809.381171
-0.066124,0.270596,0.241316,-9.450000,-99.190002,1.610000,1770467809.389285
-0.022204,0.245464,0.258396,-0.700000,-100.660004,19.180000,1770467809.397212
0.000976,0.236680,0.313296,11.200000,-92.959999,27.930000,1770467809.405186
0.028060,0.212524,0.453108,26.180000,-73.639999,35.980000,1770467809.413188
0.047580,0.226188,0.672952,36.119999,-41.580002,40.810001,1770467809.421198
0.042456,0.274256,0.930372,41.580002,-3.010000,43.049999,1770467809.429287
-0.016836,0.304756,1.155340,36.540001,35.490002,44.590000,1770467809.437222
-0.146400,0.246684,1.338340,36.750000,65.940002,47.950001,1770467809.445184
-0.364780,0.157868,1.552816,44.310001,88.129997,44.869999,1770467809.453183
-0.692960,0.147376,1.709220,43.889999,101.779999,42.630001,1770467809.461245
-1.011136,0.072956,1.708244,36.400002,97.720001,32.759998,1770467809.469180
-1.160464,0.026840,1.653344,20.790001,74.900002,26.670000,1770467809.477174
-1.344928,-0.193492,1.693360,5.670000,35.560001,15.190000,1770467809.485179
-1.316136,-0.306220,1.646024,-0.980000,-10.990000,5.670000,1770467809.493303
-1.312476,-0.444080,1.610400,-8.680000,-48.580002,-1.890000,1770467809.501210
-1.188768,-0.613416,1.593320,-12.600000,-81.339996,-14.630000,1770467809.509195
-1.008452,-0.684420,1.547936,-19.879999,-102.690002,-26.110001,1770467809.517176
-0.772992,-0.620492,1.462536,-26.670000,-118.440002,-29.120001,1770467809.525176
-0.535092,-0.478240,1.341268,-31.920000,-130.339996,-35.419998,1770467809.533171
-0.321592,-0.262300,1.187548,-36.820000,-138.880005,-31.709999,1770467809.541169
-0.156160,-0.036600,1.039440,-33.880001,-143.080002,-23.730000,1770467809.549178
-0.048312,0.159820,0.886940,-33.669998,-144.199997,-11.690000,1770467809.557179
-0.013664,0.224480,0.776896,-38.290001,-141.539993,-12.180000,1770467809.565180
0.065636,0.232776,0.667828,-41.439999,-130.690002,-4.060000,1770467809.573249
0.329888,0.358680,0.562420,-35.000000,-129.220001,19.180000,1770467809.581195
0.265716,0.272304,0.556808,-31.780001,-122.500000,28.280001,1770467809.589173
0.297436,0.277672,0.488488,-34.299999,-114.449997,38.849998,1770467809.597180
0.297436,0.280600,0.389668,-32.340000,-105.629997,39.900002,1770467809.605184
0.293044,0.287920,0.292556,-29.400000,-93.099998,41.720001,1770467809.613200
0.278160,0.275476,0.214720,-26.879999,-76.860001,45.500000,1770467809.621199
0.261568,0.237168,0.143716,-16.450001,-56.700001,43.820000,1770467809.629204
0.245220,0.171288,0.081984,-4.900000,-32.130001,40.459999,1770467809.637243
0.246684,0.131516,0.065392,14.630000,-7.490000,35.209999,1770467809.645261
0.247416,0.130296,0.135908,31.290001,18.059999,33.599998,1770467809.653177
0.259128,0.155672,0.319152,43.119999,49.279999,33.880001,1770467809.661177
0.284504,0.200568,0.600240,49.279999,85.050003,27.790001,1770467809.669213
0.303536,0.232532,0.872544,49.070000,122.989998,22.820000,1770467809.677202
0.300364,0.237656,1.043344,48.439999,157.080002,17.430000,1770467809.685262
0.253516,0.179096,1.147288,46.830002,186.059998,21.910000,1770467809.693176
0.178852,0.091744,1.331996,45.639999,201.600006,27.510000,1770467809.701192
0.050020,0.027084,1.604788,47.740002,203.350006,34.930000,1770467809.709180
-0.124928,-0.016836,1.933700,48.090000,184.940002,49.419998,1770467809.717187
-0.322324,-0.045140,2.084004,47.250000,150.080002,59.009998,1770467809.725287
-0.496296,-0.038552,1.983476,33.669998,109.480003,67.269997,1770467809.733180
-0.683444,-0.148352,1.833660,16.309999,82.389999,65.589996,1770467809.741185
-0.842776,-0.493124,1.787544,-2.450000,78.889999,60.759998,1770467809.749213
-0.768112,-0.521672,1.608204,-13.230000,83.440002,25.410000,1770467809.757190
-0.835944,-0.510692,1.478396,-15.050000,99.820000,16.309999,1770467809.765177
-0.922564,-0.422608,1.384212,-16.660000,113.050003,10.500000,1770467809.773178
-0.994544,-0.355508,1.288076,-20.580000,121.309998,-3.850000,1770467809.781165
-1.031632,-0.197884,1.138748,-23.590000,119.070000,-12.740000,1770467809.789172
-1.030412,-0.010980,0.958920,-29.469999,104.300003,-24.500000,1770467809.797169
-1.010892,0.137860,0.808372,-30.309999,76.300003,-33.040001,1770467809.805183
-0.960872,0.222528,0.712480,-29.330000,42.840000,-38.990002,1770467809.813180
-0.875228,0.254248,0.653188,-26.879999,11.970000,-40.389999,1770467809.821178
-0.759816,0.251320,0.613172,-25.340000,-17.150000,-37.869999,1770467809.829394
-0.656848,0.264496,0.555832,-21.700001,-37.939999,-36.540001,1770467809.837186
-0.548024,0.257664,0.503372,-18.549999,-54.320000,-35.070000,1770467809.845188
-0.463356,0.283772,0.453108,-18.760000,-64.470001,-37.450001,1770467809.853195
-0.374540,0.312076,0.410896,-22.680000,-72.309998,-35.560001,1770467809.861192
-0.306708,0.321348,0.378200,-26.670000,-77.910004,-39.130001,1770467809.869211
-0.260592,0.305732,0.337208,-32.619999,-82.459999,-44.869999,1770467809.877174
-0.088084,0.374540,0.250100,-24.430000,-85.190002,-31.639999,1770467809.885180
-0.077592,0.301584,0.246440,-22.260000,-89.459999,0.490000,1770467809.893233
-0.022448,0.268400,0.230092,-15.120000,-100.309998,9.240000,1770467809.901217
-0.005368,0.243268,0.236924,-6.860000,-100.660004,19.180000,1770467809.909206
0.014884,0.212036,0.320860,7.420000,-88.550003,32.060001,1770467809.917184
0.032452,0.193980,0.488244,24.219999,-62.230000,35.840000,1770467809.925178
0.039528,0.222284,0.708332,34.020000,-21.420000,45.290001,1770467809.933180
-0.000732,0.294508,0.975024,39.619999,25.620001,45.779999,1770467809.941171
-0.088816,0.331108,1.207068,35.630001,71.190002,48.650002,1770467809.949182
-0.252784,0.315492,1.355664,35.139999,100.309998,48.860001,1770467809.957183
-0.518988,0.228628,1.520608,41.509998,120.750000,51.240002,1770467809.965188
-0.838140,0.152256,1.602104,42.560001,126.839996,46.830002,1770467809.973494
-1.124840,0.059780,1.639680,34.230000,111.510002,40.110001,1770467809.981358
-1.257088,-0.013176,1.671400,20.440001,74.269997,37.099998,1770467809.989577
-1.386164,-0.209840,1.685796,4.970000,30.870001,20.160000,1770467809.997208
-1.427644,-0.401624,1.637240,-0.770000,-17.010000,9.030000,1770467810.005176
-1.360788,-0.590236,1.577948,-5.530000,-57.889999,-4.970000,1770467810.013244
-1.226832,-0.692472,1.500600,-14.770000,-86.029999,-17.780001,1770467810.021199
-0.993080,-0.709552,1.440576,-21.980000,-108.849998,-31.920000,1770467810.029193
-0.740784,-0.643672,1.375672,-31.010000,-126.910004,-37.590000,1770467810.037169
-0.493856,-0.486292,1.276364,-36.540001,-139.229996,-40.810001,1770467810.045183
-0.278160,-0.269376,1.165588,-35.980000,-145.600006,-37.799999,1770467810.053198
-0.113704,-0.025132,1.034804,-37.450001,-147.419998,-31.150000,1770467810.061315
0.005368,0.140300,0.917928,-38.150002,-147.839996,-22.610001,1770467810.069178
0.042456,0.189832,0.820084,-43.750000,-140.419998,-20.230000,1770467810.077175
0.121268,0.147620,0.736392,-48.299999,-128.449997,-24.080000,1770467810.085176
0.519720,0.369172,0.588040,-39.480000,-125.019997,7.000000,1770467810.093177
0.309392,0.276696,0.578768,-36.470001,-114.309998,16.799999,1770467810.101204
0.318176,0.295484,0.506544,-35.700001,-104.230003,23.309999,1770467810.109285
0.320372,0.311832,0.411872,-38.639999,-95.199997,31.150000,1770467810.117212
0.305000,0.306220,0.311100,-36.470001,-83.790001,32.759998,1770467810.125172
0.276452,0.270352,0.229848,-34.439999,-67.900002,38.360001,1770467810.133189
0.246440,0.206424,0.151524,-29.120001,-46.130001,32.830002,1770467810.141180
0.217648,0.124684,0.064172,-14.210000,-23.799999,32.340000,1770467810.149194
0.207400,0.053680,0.010736,3.010000,2.380000,25.760000,1770467810.157192
0.214720,0.023668,0.055144,25.969999,28.840000,23.660000,1770467810.165176
0.225944,0.017080,0.226188,45.990002,58.730000,18.690001,1770467810.173172
0.248392,0.049532,0.472872,60.619999,89.949997,12.250000,1770467810.181203
0.269620,0.098576,0.759816,67.269997,120.889999,7.000000,1770467810.189177
0.280844,0.119560,0.981368,66.989998,150.850006,5.250000,1770467810.197255
0.247660,0.086132,1.117764,70.629997,174.929993,7.910000,1770467810.205191
0.177388,0.022448,1.325896,71.190002,195.720001,17.570000,1770467810.213182
0.040748,-0.010492,1.603080,67.339996,203.979996,28.350000,1770467810.221180
-0.176900,-0.008784,1.905396,64.400002,193.690002,40.459999,1770467810.229449
-0.349652,-0.028792,2.049600,49.840000,161.490005,48.090000,1770467810.237185
-0.484828,-0.057828,1.942972,32.759998,119.629997,62.369999,1770467810.245288
-0.623176,-0.143472,1.776320,13.440000,85.050003,65.239998,1770467810.253173
-0.953064,-0.619028,1.727032,-6.160000,90.089996,55.090000,1770467810.261174
-0.834968,-0.584624,1.525488,-7.350000,88.830002,26.110001,1770467810.269176
-0.921588,-0.590724,1.445456,-8.890000,102.199997,11.620000,1770467810.277171
-1.017724,-0.513864,1.406904,-10.360000,119.629997,-4.970000,1770467810.285159
-1.094584,-0.349896,1.341024,-15.680000,129.289993,-18.340000,1770467810.293175
-1.120448,-0.157136,1.238544,-19.110001,121.730003,-35.770000,1770467810.301191
-1.112640,0.020740,1.096292,-24.010000,97.160004,-49.910000,1770467810.309233
-1.072868,0.151524,0.956724,-27.020000,65.730003,-58.099998,1770467810.317195
-0.991616,0.222772,0.862296,-29.469999,33.389999,-68.040001,1770467810.325178
-0.885964,0.250588,0.786656,-28.420000,2.660000,-68.320000,1770467810.333195
-0.769088,0.262788,0.684664,-28.420000,-23.240000,-70.559998,1770467810.341196
-0.650504,0.268156,0.579744,-24.570000,-43.750000,-69.300003,1770467810.349260
-0.557784,0.284016,0.494344,-21.000000,-59.570000,-68.110001,1770467810.357484
-0.458720,0.307928,0.435540,-17.430000,-68.809998,-69.300003,1770467810.365201
-0.398940,0.329888,0.408456,-16.520000,-73.989998,-73.150002,1770467810.373183
-0.330864,0.335744,0.383080,-24.570000,-76.440002,-81.900002,1770467810.381185
-0.132736,0.468236,0.328180,-21.070000,-76.650002,-68.949997,1770467810.389197
-0.133224,0.418460,0.332816,-19.320000,-80.150002,-49.910000,1770467810.397289
-0.081008,0.385032,0.310856,-14.770000,-83.650002,-31.850000,1770467810.405163
-0.048800,0.350140,0.277184,-10.080000,-86.660004,-16.030001,1770467810.413237
-0.027328,0.314272,0.263032,-2.380000,-86.029999,-4.900000,1770467810.421186
-0.012932,0.272792,0.282064,9.590000,-78.959999,6.650000,1770467810.429222
-0.006832,0.227164,0.361608,20.650000,-62.580002,19.809999,1770467810.437184
-0.012200,0.211792,0.497516,36.189999,-31.990000,26.740000,1770467810.445298
-0.046848,0.218136,0.678564,46.270000,7.420000,32.830002,1770467810.453181
-0.123220,0.229360,0.906948,54.250000,51.310001,37.869999,1770467810.461212
-0.246196,0.203008,1.147044,56.770000,87.150002,39.130001,1770467810.469184
-0.451156,0.158844,1.332728,58.939999,110.529999,36.889999,1770467810.477182
-0.724436,0.126880,1.463756,58.869999,121.730003,40.250000,1770467810.485198
-1.067256,0.055876,1.525244,52.430000,111.300003,31.920000,1770467810.493206
-1.290760,-0.005124,1.518900,40.669998,89.529999,30.940001,1770467810.501169
-1.495476,-0.237168,1.577704,26.950001,53.200001,6.790000,1770467810.509179
-1.564040,-0.463600,1.609668,15.680000,3.640000,-0.980000,1770467810.517228
-1.559404,-0.684176,1.555256,7.700000,-44.799999,-11.970000,1770467810.525204
-1.485960,-0.870836,1.475712,1.330000,-84.209999,-29.330000,1770467810.533182
-1.244888,-0.926224,1.441796,-6.650000,-115.570000,-40.389999,1770467810.541216
-0.924272,-0.820816,1.423252,-12.600000,-144.059998,-45.639999,1770467810.549353
-0.639524,-0.596580,1.363472,-18.690001,-164.990005,-46.759998,1770467810.557174
-0.398696,-0.302316,1.245864,-19.320000,-175.910004,-45.990002,1770467810.565181
-0.215696,-0.022448,1.128744,-22.750000,-178.710007,-40.950001,1770467810.573209
-0.080276,0.185928,1.018456,-26.670000,-173.110001,-33.950001,1770467810.581253
-0.003904,0.237900,0.931836,-33.040001,-161.770004,-31.290001,1770467810.589207
0.091744,0.207400,0.850340,-44.660000,-147.419998,-38.779999,1770467810.597175
0.237656,0.312808,0.721752,-42.419998,-129.080002,-24.990000,1770467810.605163
0.289140,0.352092,0.687348,-35.349998,-120.190002,-5.670000,1770467810.613188
0.313540,0.381616,0.641720,-38.080002,-107.870003,-2.870000,1770467810.621223
0.311100,0.417240,0.575596,-43.750000,-93.519997,3.080000,1770467810.629190
0.313784,0.422608,0.493856,-48.860001,-80.430000,5.530000,1770467810.637182
0.302560,0.374540,0.418704,-47.669998,-64.680000,9.730000,1770467810.645180
0.279868,0.302072,0.354532,-40.669998,-45.290001,4.410000,1770467810.653219
0.265960,0.209596,0.301096,-30.450001,-24.990000,4.130000,1770467810.661190
0.242292,0.169336,0.237412,-15.120000,-5.460000,-2.800000,1770467810.669184
0.234240,0.119560,0.201544,-1.120000,13.860000,1.960000,1770467810.677179
0.222040,0.100284,0.203740,15.890000,32.060001,-4.550000,1770467810.685184
0.221552,0.081984,0.291824,32.549999,49.209999,-1.960000,1770467810.693258
0.225944,0.097112,0.436028,48.720001,68.879997,-5.810000,1770467810.701200
0.276940,0.062220,0.691496,63.910000,86.379997,-5.110000,1770467810.709172
0.309148,0.017812,0.952088,70.629997,106.820000,-3.430000,1770467810.717189
0.307684,-0.037088,1.172908,76.230003,127.260002,1.960000,1770467810.725272
0.243512,-0.101504,1.353468,78.959999,142.940002,11.270000,1770467810.733305
0.133712,-0.146400,1.542812,76.160004,150.500000,21.770000,1770467810.741183
-0.012932,-0.168360,1.728984,73.500000,143.289993,30.379999,1770467810.749179
-0.133712,-0.162992,1.861720,59.919998,122.150002,40.250000,1770467810.757176
-0.249612,-0.223748,1.904176,36.189999,98.629997,55.509998,1770467810.765182
-0.364780,-0.270840,1.761924,12.320000,80.500000,58.730000,1770467810.773156
-0.829356,-0.803980,1.790228,-9.100000,102.339996,57.750000,1770467810.781163
-0.750544,-0.791048,1.525732,-13.090000,117.110001,20.860001,1770467810.789164
-0.886696,-0.741760,1.391288,-14.980000,145.250000,9.940000,1770467810.797181
-0.983076,-0.579256,1.278560,-10.010000,156.380005,-12.390000,1770467810.805164
-1.055544,-0.345992,1.166564,-9.450000,149.520004,-26.320000,1770467810.813185
-1.101660,-0.150060,1.080432,-9.240000,122.709999,-44.380001,1770467810.821251
-1.095316,-0.038064,1.008208,-2.030000,89.599998,-52.220001,1770467810.829174
-1.038708,0.044896,0.931836,0.210000,53.970001,-55.090000,1770467810.837191
-0.937448,0.130540,0.873520,0.770000,22.610001,-54.810001,1770467810.845199
-0.828380,0.231068,0.841556,-3.150000,-5.880000,-53.270000,1770467810.853181
-0.716872,0.314760,0.801540,-13.930000,-26.530001,-56.419998,1770467810.861186
-0.586576,0.362584,0.730780,-21.420000,-47.599998,-56.980000,1770467810.869280
-0.504836,0.363804,0.634156,-29.959999,-64.750000,-62.090000,1770467810.877162
-0.469700,0.376980,0.547536,-27.299999,-66.220001,-71.120003,1770467810.885315
-0.397232,0.378932,0.505080,-20.020000,-61.320000,-76.930000,1770467810.893178
-0.268888,0.445056,0.490440,-6.930000,-55.790001,-47.110001,1770467810.901167
-0.222772,0.448228,0.520696,-0.420000,-49.910000,-40.459999,1770467810.909177
-0.208376,0.439444,0.531188,-1.540000,-43.259998,-35.490002,1770467810.917199
-0.179584,0.423340,0.524356,-1.120000,-35.139999,-34.860001,1770467810.925177
-0.166164,0.406992,0.497272,-3.360000,-28.000000,-27.930000,1770467810.933196
-0.156648,0.350628,0.453840,-6.440000,-28.350000,-20.160000,1770467810.941228
-0.193736,0.329400,0.418948,-1.330000,-21.700001,-1.960000,1770467810.949178
-0.284016,0.296704,0.391132,7.210000,-16.240000,14.070000,1770467810.957164
-0.263764,0.172996,0.497272,25.129999,-12.810000,19.670000,1770467810.965186
-0.315980,0.096380,0.624884,47.110001,-1.540000,24.780001,1770467810.973489
-0.386984,0.048068,0.791536,62.650002,15.120000,27.230000,1770467810.981333
-0.467260,0.041480,0.973316,74.620003,34.509998,31.360001,1770467810.989379
-0.621224,0.004636,1.128744,73.639999,48.860001,27.440001,1770467810.997175
-0.769332,-0.022692,1.227320,71.400002,52.500000,30.030001,1770467811.005167
-0.901580,-0.100284,1.330532,64.540001,41.650002,23.450001,1770467811.013184
-1.072624,-0.287676,1.442040,49.209999,25.969999,4.200000,1770467811.021294
-1.151924,-0.457256,1.525488,39.689999,3.850000,-6.370000,1770467811.029175
-1.197308,-0.619272,1.574532,26.389999,-19.320000,-13.090000,1770467811.037268
-1.200724,-0.765428,1.559160,8.890000,-39.480000,-24.080000,1770467811.045210
-1.067256,-0.802760,1.502552,-3.850000,-63.980000,-30.379999,1770467811.053171
-0.881084,-0.663192,1.426668,-18.410000,-89.320000,-32.060001,1770467811.061187
-0.672952,-0.410652,1.363472,-24.780001,-110.459999,-38.639999,1770467811.069207
-0.517768,-0.085156,1.291248,-34.509998,-120.959999,-30.450001,1770467811.077232
-0.367708,0.078568,1.258064,-40.669998,-122.430000,-33.180000,1770467811.085200
-0.245220,0.192760,1.164124,-50.400002,-116.339996,-27.299999,1770467811.093174
-0.149572,0.257176,1.022360,-56.700001,-107.309998,-22.820000,1770467811.101171
-0.085644,0.271084,0.871324,-63.000000,-100.169998,-25.340000,1770467811.109165
-0.055388,0.272792,0.728340,-62.299999,-92.750000,-38.009998,1770467811.117176
0.017812,0.339404,0.596580,-55.090000,-77.980003,-32.410000,1770467811.125184
0.106140,0.435296,0.532164,-46.759998,-73.919998,-19.040001,1770467811.133197
0.102480,0.394304,0.560712,-39.689999,-66.220001,-9.800000,1770467811.141224
0.122000,0.375272,0.611464,-32.549999,-55.230000,-4.690000,1770467811.149281
0.155916,0.362340,0.652456,-29.889999,-43.259998,-6.580000,1770467811.157172
0.182512,0.349408,0.673684,-26.740000,-33.040001,-4.060000,1770467811.165174
0.193492,0.333060,0.653676,-26.459999,-27.650000,-0.070000,1770467811.173168
0.196420,0.293288,0.589992,-23.799999,-21.350000,3.220000,1770467811.181190
0.196908,0.223016,0.520696,-15.260000,-16.030001,5.530000,1770467811.189304
0.203740,0.147132,0.492636,3.220000,-9.240000,5.460000,1770467811.197177
0.218380,0.076128,0.493124,26.110001,-0.840000,6.930000,1770467811.205158
0.233752,0.022448,0.531188,46.970001,7.630000,4.760000,1770467811.213175
0.254492,-0.014884,0.638304,67.550003,16.660000,6.650000,1770467811.221180
0.269376,-0.050996,0.810812,77.279999,27.230000,7.840000,1770467811.229170
0.274500,-0.075884,0.994300,83.720001,40.880001,12.670000,1770467811.237282
0.259860,-0.117120,1.128988,82.879997,56.490002,15.120000,1770467811.245200
0.221552,-0.169092,1.234152,80.220001,69.930000,20.160000,1770467811.253168
0.168848,-0.221308,1.346392,76.089996,83.930000,27.090000,1770467811.261172
0.104188,-0.267912,1.464000,65.870003,93.730003,37.310001,1770467811.269171
0.033428,-0.334036,1.574288,48.509998,95.760002,47.880001,1770467811.277170
-0.006100,-0.414800,1.643828,31.010000,93.099998,69.790001,1770467811.285165
-0.158356,-0.414800,1.583560,14.420000,95.480003,86.589996,1770467811.293185
-0.567056,-0.698328,1.542324,-8.120000,129.919998,61.669998,1770467811.301273
-0.730536,-0.681004,1.334924,-13.650000,160.160004,33.040001,1770467811.309171
-0.866932,-0.607072,1.193160,-12.670000,184.029999,13.720000,1770467811.317177
-0.987224,-0.483852,1.105564,-5.810000,188.929993,-5.040000,1770467811.325174
-1.074576,-0.340868,1.085556,0.980000,174.160004,-21.490000,1770467811.333285
-1.124352,-0.170800,1.093852,3.570000,146.369995,-29.750000,1770467811.341221
-1.148020,0.010004,1.117764,-0.350000,109.760002,-31.219999,1770467811.349179
-1.126060,0.163480,1.113128,-9.660000,70.070000,-35.840000,1770467811.357172
-1.049200,0.285236,1.062864,-20.790001,28.770000,-35.840000,1770467811.365205
-0.941596,0.366244,0.969656,-30.520000,-9.380000,-36.330002,1770467811.373181
-0.812276,0.400892,0.848632,-35.630001,-37.590000,-29.889999,1770467811.381165
-0.703940,0.386496,0.758352,-30.660000,-58.240002,-33.389999,1770467811.389172
-0.643184,0.415776,0.690764,-23.100000,-67.199997,-38.849998,1770467811.397172
-0.546804,0.444568,0.640988,-13.860000,-66.989998,-46.410000,1770467811.405191
-0.409188,0.549732,0.591944,1.610000,-65.800003,-31.150000,1770467811.413193
-0.379908,0.571204,0.602924,-3.570000,-57.119999,-34.580002,1770467811.421290
-0.330132,0.573644,0.617076,-5.670000,-47.110001,-38.430000,1770467811.429173
-0.287920,0.558516,0.598532,-11.130000,-32.549999,-43.470001,1770467811.437191
-0.262056,0.537288,0.569984,-8.750000,-14.770000,-46.060001,1770467811.445183
-0.265472,0.502884,0.525332,-0.910000,1.750000,-44.029999,1770467811.453179
-0.281576,0.460672,0.509716,7.140000,14.630000,-40.110001,1770467811.461243
-0.306464,0.405528,0.523624,19.879999,23.170000,-30.030001,1770467811.469350
-0.361120,0.345504,0.534848,30.030001,26.459999,-25.900000,1770467811.477179
-0.391376,0.270108,0.563396,41.090000,24.639999,-21.280001,1770467811.485175
-0.427488,0.175436,0.588284,49.630001,18.200001,-13.860000,1770467811.493178
-0.463356,0.086132,0.627568,56.770000,10.010000,-4.970000,1770467811.501174
-0.502640,0.023424,0.706624,66.849998,-1.050000,-0.840000,1770467811.509172
-0.539484,-0.049776,0.839116,70.980003,-7.770000,13.860000,1770467811.517218
-0.593652,-0.157380,1.015040,79.169998,-14.210000,18.969999,1770467811.525190
-0.841556,-0.460916,1.250744,80.360001,-21.209999,10.920000,1770467811.533251
-0.798612,-0.470188,1.324676,78.820000,-29.540001,-5.320000,1770467811.541186
-0.859368,-0.545096,1.418128,76.650002,-38.220001,-12.880000,1770467811.549174
-0.907436,-0.564616,1.474248,63.419998,-47.880001,-25.760000,1770467811.557173
-0.872544,-0.638548,1.513288,42.770000,-56.209999,-37.310001,1770467811.565227
-0.767136,-0.613660,1.460828,19.740000,-67.199997,-44.380001,1770467811.573205
-0.590724,-0.576572,1.417884,0.980000,-78.330002,-50.680000,1770467811.581178
-0.419924,-0.441640,1.369572,-11.550000,-91.000000,-52.919998,1770467811.589173
-0.285724,-0.274012,1.353468,-22.400000,-92.540001,-49.910000,1770467811.597173
-0.191052,-0.094428,1.318576,-29.820000,-86.449997,-47.110001,1770467811.605163
-0.136640,0.037088,1.281244,-38.360001,-73.290001,-41.160000,1770467811.613177
-0.122732,0.170556,1.190232,-48.090000,-54.880001,-35.070000,1770467811.621206
-0.128344,0.278892,1.072136,-51.520000,-35.770000,-35.980000,1770467811.629174
-0.162992,0.322568,0.960384,-60.900002,-17.219999,-40.250000,1770467811.637187
-0.189832,0.313296,0.858148,-63.560001,-1.120000,-51.730000,1770467811.645225
-0.083936,0.440420,0.719068,-55.580002,14.210000,-42.700001,1770467811.653187
-0.186172,0.403576,0.701500,-53.549999,14.210000,-29.469999,1770467811.661216
-0.199104,0.362096,0.704428,-49.910000,11.060000,-33.320000,1770467811.669178
-0.191540,0.314516,0.713944,-47.110001,3.220000,-29.469999,1770467811.677266
-0.172996,0.287676,0.734196,-38.849998,-6.230000,-32.130001,1770467811.685175
-0.156648,0.269620,0.761524,-30.520000,-20.580000,-32.410000,1770467811.693166
-0.130052,0.259128,0.793732,-24.639999,-31.360001,-27.299999,1770467811.701174
-0.093696,0.247660,0.835700,-14.420000,-40.810001,-27.580000,1770467811.709167
-0.047336,0.232532,0.899628,-9.240000,-48.930000,-23.660000,1770467811.717259
0.001952,0.206180,0.943304,-2.380000,-52.990002,-19.879999,1770467811.725210
0.046360,0.162748,0.953796,4.340000,-55.650002,-23.170000,1770467811.733178
0.109068,0.086620,0.923540,9.100000,-56.209999,-22.190001,1770467811.741189
0.133712,-0.002928,0.862296,19.320000,-53.759998,-21.840000,1770467811.749180
0.164456,-0.086620,0.821792,28.559999,-49.490002,-20.020000,1770467811.757169
0.172264,-0.144448,0.788608,37.380001,-39.900002,-19.389999,1770467811.765273
0.252052,-0.232288,0.776896,44.869999,-31.639999,-12.390000,1770467811.773172
0.236192,-0.266204,0.767380,51.520000,-20.370001,-2.730000,1770467811.781173
0.257664,-0.329644,0.801540,56.770000,-8.610000,4.130000,1770467811.789172
0.254736,-0.436028,0.894992,56.980000,5.320000,6.440000,1770467811.797171
0.266692,-0.550464,0.949648,59.220001,25.969999,13.510000,1770467811.805251
0.260348,-0.600484,0.998448,61.529999,49.279999,21.280001,1770467811.813192
0.202032,-0.616100,1.079700,61.320000,72.730003,33.180000,1770467811.821185
0.058804,-0.504592,1.142652,60.410000,92.330002,33.459999,1770467811.829188
-0.062952,-0.483852,1.202432,46.340000,113.750000,38.220001,1770467811.837210
-0.245220,-0.415044,1.221220,41.860001,136.710007,34.090000,1770467811.845186
-0.446276,-0.332084,1.225124,32.689999,153.229996,28.139999,1770467811.853187
-0.642208,-0.291092,1.198284,21.420000,170.309998,18.129999,1770467811.861209
-0.753716,-0.266204,1.177544,11.690000,172.059998,-4.340000,1770467811.869192
-0.814228,-0.216428,1.164368,-3.920000,160.300003,-23.309999,1770467811.877258
-0.889624,-0.091988,1.140700,-11.130000,144.690002,-34.509998,1770467811.885188
-0.932324,0.031964,1.115812,-10.010000,124.809998,-31.850000,1770467811.893192
-0.973072,0.235216,1.056764,-13.580000,89.529999,-34.160000,1770467811.901180
-0.963068,0.434808,0.982832,-11.410000,46.060001,-46.619999,1770467811.909168
-0.928908,0.282552,0.986980,-28.980000,10.080000,-37.380001,1770467811.917187
-0.864492,0.301828,0.927932,-35.419998,-17.010000,-35.139999,1770467811.925183
-0.784460,0.292556,0.928908,-24.150000,-38.150002,-35.490002,1770467811.933235
-0.677344,0.229116,0.947208,-19.320000,-50.540001,-35.700001,1770467811.941181
-0.581208,0.243512,0.915000,-8.540000,-53.759998,-39.340000,1770467811.949184
-0.502152,0.287676,0.847656,-1.750000,-51.240002,-41.020000,1770467811.957203
-0.447496,0.307684,0.797636,2.520000,-42.419998,-44.939999,1770467811.965181
-0.412116,0.361364,0.748348,0.420000,-31.010000,-51.310001,1770467811.973490
-0.405040,0.368440,0.719800,2.030000,-16.240000,-61.389999,1770467811.981381
-0.414068,0.350872,0.704184,3.430000,-0.280000,-72.099998,1770467811.989302
-0.266692,0.511668,0.656848,12.880000,15.540000,-53.619999,1770467811.997191
-0.417972,0.457500,0.716872,13.790000,27.790001,-49.560001,1770467812.005170
-0.470432,0.444568,0.732000,14.840000,38.709999,-47.180000,1770467812.013184
-0.534604,0.411140,0.730292,14.210000,46.619999,-46.619999,1770467812.021169
-0.610000,0.383812,0.716872,17.219999,49.490002,-43.820000,1770467812.029211
-0.682956,0.336476,0.713944,14.770000,46.970001,-43.680000,1770467812.037500
-0.739564,0.270596,0.703940,18.760000,39.340000,-37.660000,1770467812.045180
-0.786656,0.202520,0.683688,22.469999,25.549999,-35.840000,1770467812.053182
-0.796172,0.155184,0.650504,22.400000,7.070000,-32.270000,1770467812.061186
-0.801784,0.063440,0.630008,28.629999,-15.680000,-24.709999,1770467812.069223
-0.778848,-0.048312,0.662948,34.090000,-36.680000,-23.309999,1770467812.077186
-0.738344,-0.132980,0.757864,44.099998,-54.529999,-16.450001,1770467812.085183
-0.758108,-0.291336,0.868884,45.430000,-66.290001,-33.950001,1770467812.093263
-0.728096,-0.370392,0.916220,52.080002,-76.019997,-40.669998,1770467812.101194
-0.678808,-0.391620,0.910120,59.430000,-87.150002,-48.230000,1770467812.109162
-0.619272,-0.365268,0.897188,60.970001,-99.680000,-47.110001,1770467812.117173
-0.546316,-0.301096,0.906948,61.110001,-115.430000,-51.450001,1770467812.125180
-0.469944,-0.223504,0.942084,57.049999,-129.639999,-49.209999,1770467812.133174
-0.385764,-0.164944,1.026508,46.410000,-134.889999,-44.939999,1770467812.141194
-0.270352,-0.116388,1.173396,38.849998,-136.850006,-40.669998,1770467812.149271
-0.149572,-0.073688,1.307840,19.110001,-130.410004,-35.840000,1770467812.157173
-0.004392,-0.038796,1.405928,8.330000,-122.779999,-43.259998,1770467812.165173
0.084424,-0.007564,1.409100,-5.530000,-107.660004,-43.400002,1770467812.173171
0.131028,0.052704,1.334680,-21.910000,-86.589996,-44.380001,1770467812.181170
0.112972,0.108824,1.215120,-34.439999,-59.990002,-39.689999,1770467812.189172
0.066368,0.184952,1.088972,-46.549999,-34.090000,-32.130001,1770467812.197201
0.006344,0.202276,1.016992,-52.570000,-10.360000,-31.500000,1770467812.205160
-0.047336,0.128832,0.995520,-52.570000,16.520000,-22.610001,1770467812.213176
-0.119804,0.072712,0.965996,-49.139999,36.680000,-20.020000,1770467812.221173
-0.199836,0.051240,0.945500,-41.090000,50.189999,-14.000000,1770467812.229174
-0.266448,0.037332,0.940620,-38.080002,56.419998,-9.240000,1770467812.237205
-0.307684,0.036600,0.950624,-26.670000,49.840000,-13.720000,1770467812.245231
-0.367952,0.040748,0.959408,-17.920000,40.740002,-14.070000,1770467812.253173
-0.398696,0.057096,0.979172,-9.450000,22.049999,-22.540001,1770467812.261169
-0.432856,0.085400,0.985516,-4.900000,3.430000,-21.139999,1770467812.269177
-0.426756,0.055144,0.989908,-7.560000,-20.580000,-27.580000,1770467812.277217
-0.399916,0.011468,0.976976,-10.430000,-42.209999,-28.350000,1770467812.285291
-0.356972,-0.036844,0.942328,-8.050000,-60.549999,-29.680000,1770467812.293168
-0.301828,-0.054656,0.915976,-5.810000,-72.660004,-29.820000,1770467812.301182
-0.218624,-0.095648,0.952088,6.370000,-80.989998,-35.980000,1770467812.309170
-0.177388,-0.159576,0.985760,11.690000,-80.430000,-32.480000,1770467812.317188
-0.133468,-0.198128,1.017968,15.610000,-77.349998,-34.580002,1770467812.325187
-0.094184,-0.161040,1.025532,16.030001,-79.099998,-34.369999,1770467812.333181
-0.058560,-0.176900,1.018212,10.150000,-78.540001,-36.959999,1770467812.341189
-0.012932,-0.174948,0.989176,17.219999,-77.419998,-37.730000,1770467812.349264
0.010004,-0.142496,0.966728,24.639999,-72.800003,-32.480000,1770467812.357175
0.040260,-0.105164,0.962336,43.470001,-70.000000,-28.559999,1770467812.365184
0.069296,-0.075152,0.962092,52.990002,-74.410004,-23.379999,1770467812.373174
0.124928,-0.078080,0.981612,56.770000,-82.180000,-19.600000,1770467812.381189
0.158356,-0.077836,0.961848,45.849998,-93.870003,-17.360001,1770467812.389255
0.258884,-0.127368,0.917928,23.870001,-97.440002,-9.380000,1770467812.397176
0.308172,-0.171532,0.876204,18.200001,-89.669998,4.410000,1770467812.405168
0.285724,-0.208132,0.824232,27.650000,-63.700001,26.110001,1770467812.413184
0.200080,-0.168604,0.749324,39.340000,-33.669998,35.490002,1770467812.421197
0.139812,-0.131516,0.741516,50.540001,-5.320000,34.860001,1770467812.429320
0.101748,-0.102236,0.801052,60.340000,21.770000,26.320000,1770467812.437190
-0.026596,0.020252,0.849852,56.840000,38.849998,19.250000,1770467812.445224
-0.168116,0.184952,0.909388,44.730000,47.880001,18.900000,1770467812.453171
-0.304512,0.275476,1.031876,28.910000,50.750000,25.340000,1770467812.461175
-0.359900,0.210084,1.202432,19.320000,46.340000,26.670000,1770467812.469182
-0.422608,0.101016,1.304424,4.130000,36.540001,23.100000,1770467812.477179
-0.474336,0.030988,1.300520,-10.780000,26.040001,22.610001,1770467812.485168
-0.472140,-0.002196,1.236348,-23.100000,23.450001,25.620001,1770467812.493182
-0.491660,0.033184,1.163636,-31.219999,22.889999,16.240000,1770467812.501218
-0.463600,0.093696,1.106540,-32.759998,12.950000,6.720000,1770467812.509183
-0.421144,0.161284,1.060180,-37.240002,2.100000,1.610000,1770467812.517179
-0.420412,0.186172,1.018212,-42.139999,-9.030000,-2.310000,1770467812.525178
-0.396256,0.163968,0.997228,-49.419998,-16.030001,3.220000,1770467812.533169
-0.335012,0.121268,0.993080,-48.439999,-20.160000,3.780000,1770467812.541229
-0.252540,0.093208,1.009428,-45.220001,-22.330000,6.790000,1770467812.549181
-0.176656,0.068320,1.043344,-36.750000,-21.000000,8.680000,1770467812.557179
-0.144448,0.035380,1.061888,-31.080000,-13.790000,14.210000,1770467812.565175
-0.126392,-0.016104,1.072380,-30.730000,-5.040000,20.230000,1770467812.573267
-0.118340,-0.059048,1.068476,-28.139999,5.110000,23.870001,1770467812.581185
-0.122000,-0.075396,1.040416,-23.870001,13.020000,22.610001,1770467812.589207
-0.179828,-0.017324,0.981368,-28.770000,15.610000,20.370001,1770467812.597264
-0.257420,0.046360,0.937448,-26.040001,19.740000,21.070000,1770467812.605197
-0.324032,0.095648,0.923540,-24.920000,20.299999,21.420000,1770467812.613192
-0.398208,0.132736,0.927200,-25.549999,20.719999,23.100000,1770467812.621178
-0.458720,0.144692,0.949648,-21.420000,16.870001,14.910000,1770467812.629192
-0.512400,0.152500,0.975512,-19.459999,12.880000,16.799999,1770467812.637260
-0.563152,0.159820,0.974292,-15.050000,9.310000,10.010000,1770467812.645186
-0.577792,0.155184,0.985516,-10.780000,5.670000,2.660000,1770467812.653176
-0.603656,0.145424,0.987956,-11.340000,0.980000,-7.140000,1770467812.661170
-0.613172,0.139080,0.978440,-11.900000,-3.710000,-18.200001,1770467812.669320
-0.615612,0.122244,0.961848,-14.560000,-8.680000,-27.299999,1770467812.677178
-0.613904,0.093940,0.939400,-12.670000,-17.010000,-36.189999,1770467812.685181
-0.596092,0.064172,0.937448,-12.250000,-27.370001,-43.540001,1770467812.693176
-0.563640,0.020496,0.919636,-10.570000,-37.869999,-49.560001,1770467812.701176
-0.519476,-0.043676,0.861320,-0.980000,-47.040001,-56.419998,1770467812.709167
-0.418460,-0.152012,0.847412,7.070000,-51.029999,-55.369999,1770467812.717192
-0.328424,-0.122488,0.892796,17.080000,-44.450001,-59.990002,1770467812.725178
-0.299144,-0.040748,0.962824,13.370000,-36.680000,-62.020000,1770467812.733185
-0.267180,0.003172,0.979660,8.470000,-32.900002,-60.340000,1770467812.741248
-0.207888,-0.024888,0.983808,2.870000,-30.660000,-67.410004,1770467812.749181
-0.159576,-0.072224,0.992348,-3.220000,-35.000000,-65.029999,1770467812.757177
-0.051484,-0.056120,0.990152,-5.110000,-40.320000,-56.490002,1770467812.765278
0.009028,0.011224,1.033828,-7.070000,-49.700001,-31.920000,1770467812.773204
0.065880,0.030256,1.076040,-18.549999,-50.750000,-22.049999,1770467812.781171
0.111508,0.043432,1.092632,-24.080000,-49.000000,-9.940000,1770467812.789175
0.161040,-0.103944,1.015040,-60.759998,-60.130001,-6.580000,1770467812.797174
0.137616,-0.012200,1.018456,-34.790001,-35.000000,19.600000,1770467812.805163
0.128588,-0.030256,0.998204,-36.470001,-24.570000,16.799999,1770467812.813177
0.133224,-0.044408,0.991128,-28.209999,-14.560000,31.709999,1770467812.821324
0.106384,-0.066612,1.028704,-18.620001,-0.910000,19.389999,1770467812.829174
0.070272,-0.147864,1.118496,-18.549999,10.850000,35.560001,1770467812.837181
0.050020,-0.199348,1.183888,-14.000000,19.950001,24.990000,1770467812.845196
0.069052,-0.230092,1.227564,-14.700000,28.350000,25.410000,1770467812.853175
0.071248,-0.281332,1.224880,-18.969999,38.080002,28.000000,1770467812.861177
0.069296,-0.343064,1.191452,-18.760000,44.869999,28.559999,1770467812.869244
0.013176,-0.400648,1.158024,-22.820000,43.540001,36.680000,1770467812.877185
-0.105408,-0.413336,1.112152,-25.410000,30.100000,37.590000,1770467812.885204
-0.172996,-0.398940,1.103612,-27.580000,17.430000,38.080002,1770467812.893181
-0.163236,-0.419680,1.109956,-27.230000,17.219999,31.639999,1770467812.901178
-0.146888,-0.477996,1.101904,-27.299999,21.629999,26.320000,1770467812.909157
-0.164456,-0.535824,1.087020,-27.650000,21.209999,12.180000,1770467812.917191
-0.185684,-0.589016,1.130208,-25.969999,16.660000,28.700001,1770467812.925187
-0.108824,-0.608292,1.076772,-10.010000,24.219999,13.160000,1770467812.933219
-0.199592,-0.631228,1.006500,-10.220000,19.879999,14.770000,1770467812.941205
-0.180560,-0.630252,0.965020,-2.450000,12.320000,-12.180000,1770467812.949176
-0.150060,-0.583892,0.934032,-0.210000,1.610000,-20.580000,1770467812.957175
-0.098088,-0.537776,0.927444,3.640000,-9.870000,-27.860001,1770467812.965285
-0.027816,-0.472872,0.898652,3.010000,-17.150000,-31.219999,1770467812.973395
0.038552,-0.414800,0.884744,-1.890000,-19.879999,-35.419998,1770467812.981576
0.096624,-0.353312,0.885720,-0.140000,-23.799999,-40.669998,1770467812.989304
0.134444,-0.300608,0.879864,-1.330000,-25.549999,-34.790001,1770467812.997179
0.298900,-0.284992,0.859856,-0.770000,-19.250000,-39.480000,1770467813.005179
0.276452,-0.204472,0.909388,5.110000,-16.590000,-32.060001,1770467813.013188
0.313540,-0.034892,0.938668,-8.120000,-5.040000,-26.530001,1770467813.021178
0.299632,-0.059292,0.948428,0.980000,-5.670000,-14.770000,1770467813.029330
0.229604,-0.030500,0.980636,1.400000,3.360000,0.070000,1770467813.037198
0.091256,-0.098820,1.028460,16.799999,3.850000,8.470000,1770467813.045194
0.041968,-0.053680,0.976244,26.320000,7.280000,15.680000,1770467813.053222
-0.025376,-0.033916,0.946476,29.120001,8.400000,22.330000,1770467813.061159
-0.066124,-0.051972,0.944524,37.099998,2.240000,20.020000,1770467813.069227
-0.054900,-0.052704,0.938668,37.799999,-2.030000,23.730000,1770467813.077202
-0.038552,-0.180316,1.040416,60.410000,-5.880000,17.219999,1770467813.085179
-0.030500,-0.241804,0.883524,54.740002,-0.490000,10.360000,1770467813.093170
-0.154696,-0.133956,0.857416,41.090000,-1.820000,9.380000,1770467813.101201
-0.209352,-0.183976,0.975512,46.619999,-16.799999,-0.280000,1770467813.109164
-0.179584,-0.170556,1.087996,43.750000,-21.700001,-5.880000,1770467813.117174
-0.165676,-0.067344,1.132892,38.500000,-18.340000,-14.070000,1770467813.125276
-0.123220,-0.061488,1.141920,30.100000,-14.140000,-20.020000,1770467813.133205
-0.087840,-0.088328,1.135332,21.629999,-6.650000,-29.049999,1770467813.141205
-0.087352,-0.089304,1.111908,18.340000,-1.470000,-36.189999,1770467813.149212
-0.121024,-0.079544,1.100928,11.900000,3.500000,-42.419998,1770467813.157259
-0.190564,-0.106872,1.047248,9.310000,1.890000,-48.439999,1770467813.165208
-0.256200,-0.168360,0.994056,12.530000,-3.570000,-60.200001,1770467813.173171
-0.258640,-0.123464,0.985028,18.410000,-8.820000,-61.320000,1770467813.181167
-0.066856,-0.084424,0.994056,27.930000,-4.340000,-50.119999,1770467813.189171
-0.104188,-0.022448,1.018700,35.980000,7.070000,-37.450001,1770467813.197184
-0.161040,0.028304,1.036756,22.889999,-1.120000,-48.230000,1770467813.205162
-0.183000,0.026840,1.038464,23.870001,0.000000,-31.360001,1770467813.213179
-0.186416,0.013420,1.026020,17.360001,2.870000,-34.650002,1770467813.221174
-0.187636,-0.030256,1.000156,15.960000,4.200000,-33.459999,1770467813.229171
-0.133956,-0.108580,0.994300,12.460000,5.880000,-34.160000,1770467813.237178
-0.125172,-0.162748,1.013576,14.840000,9.100000,-37.240002,1770467813.245321
-0.172020,-0.147376,1.017968,13.650000,11.550000,-27.020000,1770467813.253171
-0.188612,-0.122000,1.021628,13.440000,9.660000,-34.930000,1770467813.261174
-0.167872,-0.084424,1.015040,10.850000,6.160000,-28.559999,1770467813.269171
-0.167140,-0.067588,0.993812,8.330000,-2.100000,-30.100000,1770467813.277164
-0.204960,-0.064172,0.988200,4.200000,-12.320000,-20.580000,1770467813.285156
-0.220576,-0.050996,0.985272,2.660000,-17.920000,-22.190001,1770467813.293170
-0.197152,-0.034404,0.984784,-0.770000,-16.379999,-19.250000,1770467813.301216
-0.165676,-0.036600,0.975756,-1.120000,-9.660000,-22.400000,1770467813.309235
-0.142252,-0.041724,0.980148,-2.800000,-1.680000,-22.610001,1770467813.317190
-0.128100,-0.033916,1.005280,-0.140000,4.410000,-27.090000,1770467813.325183
-0.134688,-0.021960,1.018212,0.210000,8.960000,-30.030001,1770467813.333203
-0.163236,-0.014396,1.010892,0.140000,10.150000,-31.360001,1770467813.341278
-0.188856,-0.022204,1.005524,4.200000,9.730000,-35.419998,1770467813.349188
-0.211304,-0.046604,0.995764,5.670000,10.780000,-40.040001,1770467813.357177
-0.241316,-0.060268,1.023824,10.430000,11.760000,-43.330002,1770467813.365176
-0.241560,-0.065880,1.051884,14.070000,11.550000,-48.369999,1770467813.373176
-0.233020,-0.080032,1.053104,15.750000,16.309999,-54.740002,1770467813.381267
-0.231312,-0.071248,1.061156,21.139999,17.080000,-59.779999,1770467813.389205
-0.233508,-0.049776,1.061400,20.020000,16.309999,-64.820000,1770467813.397172
-0.259372,-0.034648,1.014308,23.870001,14.350000,-68.040001,1770467813.405168
-0.269376,-0.016348,0.985272,26.180000,10.080000,-72.099998,1770467813.413179
-0.270108,-0.019520,0.972584,24.990000,9.100000,-72.870003,1770467813.421175
-0.266936,-0.014152,0.962580,26.740000,7.350000,-78.190002,1770467813.429169
-0.244732,-0.034404,0.960872,24.570000,6.790000,-77.489998,1770467813.437210
-0.178608,-0.049044,1.015528,22.330000,10.220000,-83.790001,1770467813.445193
-0.166652,-0.065880,1.098244,18.340000,16.309999,-78.750000,1770467813.453177
-0.201544,-0.031720,1.138748,8.400000,17.430000,-79.870003,1770467813.461176
-0.234972,-0.013908,1.117520,2.030000,14.770000,-77.839996,1770467813.469206
-0.227652,0.003904,1.045296,-4.130000,10.780000,-72.239998,1770467813.477244
-0.204716,0.013908,0.962580,-5.670000,10.990000,-68.180000,1770467813.485202
