acc_x,acc_y,acc_z,gyro_x,gyro_y,gyro_z,timestamp
-3.26492496,1.38352392,9.809136720000001,-6.23,-12.11,-27.51,1770467752.064076
-3.0303482400000004,1.2614482800000002,10.0173834,-3.43,-15.26,-29.540001,1770467752.072189
-2.6569404000000003,1.11782988,10.16339544,-3.01,-16.24,-33.459999,1770467752.080172
-2.30507532,1.0795316400000001,10.20648096,1.12,-17.5,-32.41,1770467752.08813
-1.96996572,1.0555952400000002,10.22323644,0.98,-17.15,-34.16,1770467752.096145
-1.7090589600000001,0.9263386800000001,10.23759828,1.4,-15.05,-29.75,1770467752.10415
-1.5319296,0.73245384,10.13467176,1.96,-11.48,-32.619999,1770467752.112151
-1.38113028,0.6558573600000001,10.086798960000001,2.8,-10.5,-29.610001,1770467752.120177
-1.27102284,0.59362272,10.0652562,0.56,-7.7,-26.110001,1770467752.128319
-1.21836276,0.48351528,10.0891926,1.47,-4.69,-26.25,1770467752.13618
-1.2063945600000001,0.42606792,10.132278120000002,0.63,-0.98,-19.32,1770467752.144143
-1.3907048400000002,0.6031972800000001,9.95993604,1.54,3.43,-21.209999,1770467752.152144
-1.35958752,0.36383328000000004,9.99105336,3.57,7.42,-13.65,1770467752.160167
-1.63485612,0.54574992,9.694242000000001,1.68,9.1,-17.709999,1770467752.168162
-1.9532102400000002,0.54335628,9.69663564,2.03,5.95,-8.4,1770467752.176233
-2.03220036,0.6438891600000001,9.67988016,6.65,7.98,-4.62,1770467752.184148
-2.29310712,0.74920932,9.55541088,8.26,7.63,-4.83,1770467752.192145
-2.45587464,1.32607656,9.54344268,8.54,4.55,-6.37,1770467752.200145
-2.41997004,1.5415041600000001,9.44530344,7.42,5.88,-1.75,1770467752.208143
-2.49896016,1.82156004,9.337589640000001,7.98,3.5,-3.85,1770467752.21614
-2.4630555600000004,2.1662442,9.189183960000001,5.46,4.06,1.61,1770467752.224132
-2.50374744,2.1925742400000003,9.083863800000001,5.67,4.97,-1.26,1770467752.232145
-2.5157156400000003,2.04895584,9.12694932,1.96,5.67,-0.98,1770467752.240153
-2.59470576,1.6755480000000003,9.2274822,1.19,7.42,3.15,1770467752.248188
-2.68327044,1.40506668,9.268174080000001,3.08,8.05,1.26,1770467752.256165
-2.83406976,1.0891062,9.36391968,5.67,8.26,0.56,1770467752.264272
-3.0973701600000005,0.6462827999999999,9.51950628,11.9,5.32,1.12,1770467752.272153
-3.5066826,0.24893856,9.651156480000001,20.860001,4.55,2.17,1770467752.280138
-3.35588328,0.52420716,9.84504132,27.790001,-3.36,-5.53,1770467752.288121
-3.2792868000000004,1.0292652,10.0293516,27.23,-10.22,-15.96,1770467752.296151
-3.10933836,1.4337903600000002,10.12988448,24.780001,-13.72,-12.6,1770467752.304169
-3.02316732,1.73778264,10.1490336,21.0,-14.7,-19.950001,1770467752.312187
-2.81492064,2.18299968,10.096373520000002,18.76,-14.28,-17.01,1770467752.320158
-2.6258230800000004,2.5109283600000003,10.03892616,16.870001,-13.23,-21.209999,1770467752.328148
-2.42715096,2.7407178,10.031745240000001,15.33,-16.030001,-21.209999,1770467752.336151
-2.31464988,2.6449722,10.1011608,14.56,-11.62,-19.6,1770467752.344154
-2.2955007600000004,2.66412132,10.117916280000001,18.129999,-8.68,-20.440001,1770467752.352151
-2.2619898000000003,2.74311144,10.16818272,17.57,-8.47,-21.209999,1770467752.360148
-2.24284068,2.75029236,10.271109240000001,15.89,-8.26,-22.469999,1770467752.36819
-2.23565976,2.64975948,10.17536364,14.0,-9.45,-20.16,1770467752.376162
-2.26917072,2.5611948,9.98865972,10.01,-8.68,-16.73,1770467752.384168
-2.24284068,2.40800184,9.792381240000001,6.23,-7.35,-19.809999,1770467752.392152
-2.1925742400000003,2.25720252,9.545836320000001,1.96,-10.15,-17.709999,1770467752.400148
-2.17581876,2.1111904800000003,9.48599532,-1.82,-11.48,-19.809999,1770467752.408151
-2.1064032,2.0130512400000002,9.5625918,-2.24,-15.33,-19.6,1770467752.416151
-2.02501944,1.88858196,9.67988016,-4.13,-15.68,-15.89,1770467752.424266
-1.9986894000000002,1.7593254,9.61525188,-4.9,-16.66,-20.65,1770467752.432185
-2.06331768,1.5438978,9.478814400000001,-7.77,-16.450001,-15.26,1770467752.440163
-2.1183714,1.27820376,9.27296136,-10.08,-15.4,-11.9,1770467752.448152
-2.16863784,1.04841432,9.19875852,-8.89,-14.91,-11.06,1770467752.456181
-2.25959616,0.8856468000000001,9.22269492,-10.85,-14.35,-5.25,1770467752.464157
-2.35294812,0.7851139200000001,9.25859952,-9.59,-16.73,-7.98,1770467752.47226
-2.4343318800000002,0.7276665600000001,9.490782600000001,-8.89,-21.49,-4.83,1770467752.48015
-2.30268168,0.61516548,9.785200320000001,-7.7,-27.440001,-5.6,1770467752.488191
-2.22129792,0.7539966,9.8977014,-5.88,-29.68,-1.68,1770467752.496347
-2.09922228,0.7731457199999999,9.73972116,-2.87,-35.139999,-0.56,1770467752.504157
-1.9173056400000001,0.69894288,9.294504120000001,-4.34,-37.869999,-3.5,1770467752.512151
-1.7473572000000002,0.55771812,8.82535068,-1.12,-42.560001,-1.89,1770467752.520209
-1.46251404,0.47633436000000007,8.62189128,2.24,-47.18,-0.28,1770467752.528248
-1.14655356,0.49308984000000006,8.770296960000001,4.13,-49.98,1.12,1770467752.53614
-0.90479592,0.6127718400000001,9.23226948,5.53,-46.759998,1.33,1770467752.544153
-0.6223464,0.70851744,9.68466744,5.95,-42.91,-1.47,1770467752.552155
-0.12686292000000002,0.56968632,10.23759828,6.3,-35.700001,1.26,1770467752.560237
0.18909756000000003,0.88085952,10.43866404,1.68,-30.1,1.26,1770467752.568177
0.30399228000000006,0.9574560000000001,10.46978136,-0.56,-27.51,5.53,1770467752.576163
0.43085520000000005,1.0101160800000002,10.46499408,-5.53,-23.030001,10.15,1770467752.584157
0.5026644,0.9598496400000001,10.58228244,-5.11,-19.809999,8.96,1770467752.592236
0.4906962,0.98378604,10.66605984,-5.81,-15.05,15.96,1770467752.600155
0.45718524,1.05080796,10.699570800000002,-2.73,-10.15,13.37,1770467752.608153
0.35186508,1.29974652,10.64930436,-1.89,-7.77,16.940001,1770467752.616156
0.18670392000000002,1.6492179599999999,10.639729800000001,-0.14,-4.9,21.91,1770467752.62425
0.02154276,2.03220036,10.543984200000002,1.33,-2.24,19.459999,1770467752.632153
-0.17473572,2.3170435200000004,10.316588399999999,1.33,-2.59,21.559999,1770467752.640164
-0.3710142,2.5611948,9.878552280000001,1.54,-3.71,20.440001,1770467752.648157
-0.5266008,2.70002592,9.490782600000001,3.15,-5.32,23.379999,1770467752.656223
-0.5146326,2.70241956,9.294504120000001,4.41,-6.37,24.709999,1770467752.664159
-0.4547916,2.7048132000000003,9.215514,6.51,-10.15,24.01,1770467752.672172
-0.28005588000000003,2.67608952,9.193971240000002,7.56,-15.05,22.33,1770467752.680148
0.03111732,2.67608952,9.2394504,10.78,-19.809999,21.209999,1770467752.688141
0.42128064000000004,2.7167814000000003,9.557804520000001,11.97,-23.66,24.5,1770467752.696319
0.8090503200000001,2.87715528,9.809136720000001,12.67,-23.66,27.299999,1770467752.704193
1.24708644,3.0135927600000003,10.084405320000002,11.55,-21.98,25.41,1770467752.712163
1.63485612,3.0830083200000002,10.2088746,11.76,-17.360001,30.309999,1770467752.720174
1.9986894000000002,3.1931157600000004,10.1370654,9.87,-14.49,30.73,1770467752.728155
2.29071348,3.4229052,10.062862560000001,3.78,-11.69,34.580002,1770467752.736137
2.53965204,3.7915257600000003,10.144246320000002,0.14,-7.49,36.400002,1770467752.744134
2.69763228,3.9734424,10.34531208,-7.56,-1.61,36.400002,1770467752.752172
2.89391076,4.1649336,10.79292276,-16.59,5.6,37.380001,1770467752.760157
3.0638592,4.25828556,11.262076200000001,-24.08,17.5,38.639999,1770467752.768154
3.0830083200000002,4.2319555200000005,11.20941612,-28.77,28.49,34.02,1770467752.776163
2.9346026400000005,4.09791168,10.76419908,-29.959999,38.290001,30.450001,1770467752.784142
2.70960048,4.00695336,10.26632196,-28.0,48.299999,21.559999,1770467752.792157
2.4415128,4.01174064,10.007808840000001,-25.549999,54.599998,7.28,1770467752.800294
2.2021488000000002,3.9925915200000004,10.1490336,-26.18,61.110001,-6.44,1770467752.808179
1.61091972,3.7053547200000003,10.527228720000002,-24.360001,73.779999,-3.78,1770467752.816148
0.86889132,3.6862056,10.76419908,-22.889999,91.769997,6.02,1770467752.824149
0.08856468,3.7580147999999998,10.88388108,-23.1,101.57,10.01,1770467752.832153
-0.53138808,3.86094132,10.867125600000001,-23.309999,101.779999,15.19,1770467752.840154
-1.10825532,3.769983,10.74983724,-26.459999,98.279999,12.6,1770467752.848183
-1.6228879200000002,3.6383328,10.474568640000001,-26.809999,90.230003,15.47,1770467752.856221
-2.07289224,3.3822133200000004,10.110735360000001,-24.639999,87.150002,15.19,1770467752.864153
-2.513322,3.0782210400000003,9.78759396,-24.290001,84.629997,20.860001,1770467752.872185
-3.08061468,2.8795489200000004,9.50993172,-24.360001,84.839996,28.280001,1770467752.880201
-3.6407264400000003,2.6736958800000004,9.24184404,-29.190001,84.839996,29.75,1770467752.888148
-4.06679436,2.16863784,8.9402454,-28.98,85.190002,43.889999,1770467752.896157
-4.75616268,1.71384624,8.51417748,-28.0,86.309998,44.380001,1770467752.904253
-5.27558256,1.6731543600000003,8.2819944,-19.67,83.019997,44.939999,1770467752.912143
-5.82611976,1.6181006400000002,8.3059308,-17.219999,75.809998,49.419998,1770467752.920148
-6.26176224,1.60852608,8.33226084,-20.299999,61.669998,50.259998,1770467752.928158
-6.73330932,1.23033096,8.562050280000001,-28.07,45.709999,56.700001,1770467752.936152
-6.85059768,0.5744736,8.89715988,-35.77,36.82,58.939999,1770467752.944161
-7.4920932,-1.33325748,9.316046880000002,-40.669998,33.810001,50.330002,1770467752.952186
-6.92480052,-1.24948008,8.880404400000002,-40.669998,22.82,36.82,1770467752.960177
-6.71176656,-1.2255436800000001,8.80141428,-38.849998,13.79,34.93,1770467752.96815
-6.30963504,-0.95506236,8.97136272,-36.330002,0.21,25.690001,1770467752.976456
-5.866811640000001,-0.6127718400000001,9.21072672,-31.99,-10.36,29.190001,1770467752.984504
-5.433562800000001,-0.16755480000000003,9.31844052,-27.23,-20.02,24.290001,1770467752.992173
-5.0529740400000005,0.05744736,9.287323200000001,-22.540001,-26.879999,19.110001,1770467753.000198
-4.66281072,-0.0023936400000000003,9.1796094,-18.200001,-28.209999,26.530001,1770467753.008167
-4.38993576,-0.2273958,9.00487368,-13.93,-26.040001,31.780001,1770467753.016265
-4.1338162800000005,-0.34468416,8.99051184,-7.7,-21.0,37.799999,1770467753.024149
-4.028496120000001,-0.34707780000000005,9.03120372,-4.97,-18.129999,37.59,1770467753.032129
-3.97583604,-0.17952300000000002,9.0000864,-1.33,-16.1,38.080002,1770467753.040148
-3.8417922000000004,0.11250108000000002,8.985724560000001,2.52,-18.9,38.080002,1770467753.04816
-3.5377999200000003,0.44761068000000004,9.07428924,7.0,-22.540001,37.869999,1770467753.056157
-3.2553504,0.81862488,9.134130240000001,8.33,-27.440001,38.990002,1770467753.06423
-2.92502808,1.0579888800000001,9.08865108,9.45,-30.24,34.02,1770467753.072206
-2.7478987200000002,1.32128928,9.11737476,9.24,-30.66,36.82,1770467753.080149
-2.692845,1.7688999600000002,9.04556556,10.36,-29.75,41.650002,1770467753.088208
-2.7694414800000002,2.13273324,8.916309,7.77,-27.23,43.889999,1770467753.096157
-2.85082524,2.47023648,8.93545812,5.32,-25.549999,47.740002,1770467753.104144
-2.91784716,2.7048132000000003,8.92109628,5.11,-22.469999,47.040001,1770467753.112154
-3.0734337600000003,2.99923092,8.851680720000001,3.43,-21.49,46.27,1770467753.120148
-3.3032232,3.31997868,8.746360560000001,4.41,-21.280001,43.82,1770467753.128144
-3.5497681200000004,3.6885992400000003,8.590773960000002,0.21,-20.09,42.630001,1770467753.136162
-3.8824840800000002,3.92317596,8.44715556,-0.63,-20.23,41.02,1770467753.144236
-4.1170608,4.17211452,8.3418354,-3.78,-20.440001,31.57,1770467753.152145
-4.16253996,4.65323616,8.31550536,-6.44,-24.219999,36.470001,1770467753.160144
-4.50243684,4.55030964,8.550082080000001,-9.52,-28.559999,33.669998,1770467753.168144
-4.65323616,4.2965838,8.904340800000002,-13.02,-34.02,31.85,1770467753.176165
-4.7394072000000005,3.9136014000000006,8.90194716,-12.81,-37.939999,31.43,1770467753.184263
-4.70589624,3.64312008,8.70806232,-13.65,-43.400002,24.709999,1770467753.192145
-4.4904686400000005,3.4420543200000004,8.980937280000001,-13.02,-47.880001,22.68,1770467753.200145
-4.11945444,3.1452429600000005,9.79956216,-17.219999,-48.580002,15.19,1770467753.208131
-3.60960912,2.89869804,10.931753879999999,-20.02,-46.41,14.14,1770467753.216144
-2.95135812,2.7766224000000004,11.752772400000001,-25.129999,-41.650002,10.08,1770467753.224149
-2.33140536,2.69763228,11.946657240000002,-31.99,-36.470001,6.37,1770467753.232264
-1.71384624,2.59231212,11.534951160000002,-35.139999,-34.02,1.68,1770467753.240161
-1.25187372,2.5276838400000003,10.96047756,-35.07,-33.950001,2.94,1770467753.248167
-0.84495492,2.5755566400000003,10.38121668,-33.810001,-36.259998,10.92,1770467753.256148
-0.68458104,2.64975948,9.94318056,-31.360001,-35.139999,11.2,1770467753.264173
-0.7396347600000001,2.56837572,9.6463692,-30.450001,-34.23,16.309999,1770467753.27231
-0.5625054,2.50614108,9.24902496,-28.35,-31.92,14.14,1770467753.280143
-0.37819512000000005,2.20693608,9.059927400000001,-24.57,-28.77,21.91,1770467753.28813
-0.36143964000000006,1.5702278400000003,8.9641818,-21.209999,-24.360001,21.77,1770467753.296156
-0.47633436000000007,0.9263386800000001,8.72721144,-17.08,-16.379999,26.879999,1770467753.304188
-0.6558573600000001,0.40213152,8.420825520000001,-11.2,-2.45,23.59,1770467753.312153
-0.8712849600000001,0.14122476,8.4615174,-7.21,8.96,24.15,1770467753.320145
-1.0603825199999999,0.07659648000000001,8.851680720000001,-4.2,18.969999,23.799999,1770467753.32813
-1.2638419200000002,0.2034594,9.47402712,-9.31,29.4,26.040001,1770467753.336152
-1.52474868,0.39016332000000004,10.086798960000001,-8.68,36.259998,27.370001,1770467753.344154
-1.7832618,0.6079845600000001,10.67324076,-17.639999,39.060001,25.059999,1770467753.352165
-1.9771466400000002,0.4667598,10.946115720000002,-19.67,35.84,24.01,1770467753.360153
-2.06092404,0.019149120000000002,10.78095456,-22.959999,30.1,28.209999,1770467753.368152
-2.09204136,-0.6223464,10.38600396,-18.620001,21.0,26.18,1770467753.376264
-2.08486044,-1.10346804,10.084405320000002,-12.88,14.42,30.799999,1770467753.384168
-1.9962957600000002,-1.70427168,10.14663996,-5.67,8.33,30.309999,1770467753.392156
-2.1447014400000004,-2.0298067200000003,10.19930004,-3.22,4.83,34.16,1770467753.400154
-3.0159864,-2.78619696,10.271109240000001,-0.84,3.22,24.57,1770467753.408152
-2.4319382400000005,-2.25720252,9.952755119999999,1.19,-0.35,17.85,1770467753.416266
-2.39364,-1.8502837200000002,9.876158640000002,6.09,-5.81,19.74,1770467753.424153
-2.31464988,-1.41703488,9.88094592,5.39,-12.46,13.93,1770467753.43215
-2.2619898000000003,-1.07474436,9.72057204,4.76,-17.5,17.57,1770467753.440157
-2.18299968,-0.90240228,9.5865282,4.9,-24.92,16.17,1770467753.448182
-1.9556038800000002,-0.78750756,9.4189734,6.51,-31.15,14.84,1770467753.456236
-1.60613244,-0.73724112,9.45727164,9.1,-38.150002,15.26,1770467753.464176
-1.17527724,-0.58165452,9.75887028,10.22,-44.799999,2.87,1770467753.472238
-0.7539966,-0.3829824,10.108341720000002,7.42,-49.209999,0.0,1770467753.480281
-0.33032232,-0.18431028,10.34291844,7.0,-52.57,-8.4,1770467753.488156
0.06941556,0.04069188,10.328556599999999,6.58,-53.549999,-13.86,1770467753.496153
0.5026644,0.33750324,10.283077440000001,7.0,-53.689999,-18.969999,1770467753.504183
0.897615,0.84734856,10.38121668,8.4,-55.02,-27.02,1770467753.512148
1.3428320400000002,1.40267304,10.63733616,7.91,-55.23,-30.52,1770467753.520149
1.30214016,1.6228879200000002,10.92457296,6.23,-50.889999,-40.950001,1770467753.528182
1.58937696,1.6468243200000001,10.95808392,1.33,-45.990002,-42.209999,1770467753.536234
2.3816718,1.7090589600000001,10.658878920000001,-1.47,-46.48,-45.779999,1770467753.544157
4.07636892,2.3816718,10.144246320000002,-0.42,-45.080002,-30.52,1770467753.552158
2.38406544,3.0351355200000003,10.5080796,3.29,-41.23,-15.12,1770467753.560153
2.3002880400000003,3.1045510800000002,10.20169368,-0.42,-32.48,-12.32,1770467753.568151
2.20693608,3.0614655600000003,9.67269924,0.21,-25.9,-7.98,1770467753.576174
2.19496788,3.20987124,9.205939440000002,4.62,-18.34,0.56,1770467753.584156
2.1159777600000003,3.66705648,8.98333092,10.57,-12.25,-0.77,1770467753.592194
2.2404470400000003,3.8537604000000005,8.961788160000001,13.79,-8.96,4.2,1770467753.600157
2.44390644,3.5377999200000003,9.08625744,11.9,-5.6,10.43,1770467753.608156
2.6808768000000005,2.66412132,9.02162916,5.67,1.19,22.68,1770467753.616155
2.6569404000000003,1.71863352,8.585986680000001,3.01,15.89,32.689999,1770467753.624134
2.43911916,0.9287323200000001,8.310718080000001,6.79,31.43,41.860001,1770467753.632195
2.02501944,0.58165452,8.660189520000001,10.64,50.259998,43.540001,1770467753.640158
1.3739493600000001,0.67500648,9.335196,12.46,67.900002,44.450001,1770467753.648157
0.47633436000000007,0.7731457199999999,10.02695796,10.15,83.93,46.130001,1770467753.656159
-0.65107008,0.69176196,10.479355920000001,2.87,98.629997,45.5,1770467753.664157
-1.9149120000000002,0.45000432000000007,10.61100612,-1.89,106.889999,39.200001,1770467753.672161
-2.85800616,0.28963044000000004,10.730688120000002,-2.03,105.209999,39.759998,1770467753.68016
-3.6000345600000005,-0.033510960000000006,11.23335252,0.98,92.889999,39.41,1770467753.688152
-4.96919664,-0.33271596000000003,11.482291080000001,2.03,80.779999,35.209999,1770467753.696152
-5.842875240000001,-1.1728836,11.475110160000002,-5.67,74.480003,36.119999,1770467753.704161
-6.21628308,-1.47687588,10.80967824,-8.47,56.07,17.5,1770467753.712331
-6.33596508,-1.2805974,10.132278120000002,-4.55,33.18,17.99,1770467753.720143
-6.254581320000001,-0.83059308,9.754083,-0.14,6.65,14.35,1770467753.728152
-5.88596076,-0.46436616000000003,9.4429098,-2.03,-18.9,16.17,1770467753.736155
-5.17504968,-0.14840568,9.37588788,-1.54,-35.91,16.66,1770467753.74415
-4.37557392,0.09813924000000002,9.490782600000001,-3.71,-44.52,16.73,1770467753.752183
-3.68141832,0.22500216000000003,9.53626176,-2.45,-48.02,16.799999,1770467753.760153
-3.1165192800000003,0.37340784000000005,9.533868120000001,-1.82,-46.759998,11.69,1770467753.768155
-2.64975948,0.54335628,9.349557840000001,-4.41,-42.91,13.02,1770467753.776183
-2.42236368,0.7539966,9.201152160000001,-3.08,-33.32,17.43,1770467753.784153
-2.30507532,1.1130426000000002,9.17242848,-1.47,-24.360001,13.23,1770467753.792271
-2.3864590800000003,1.63006884,9.404611560000001,0.21,-13.58,12.81,1770467753.800162
-2.56358844,2.23565976,9.816317640000001,-0.7,-5.81,11.27,1770467753.80815
-2.8915171200000005,2.9872627200000004,10.347705720000002,-0.91,1.54,5.88,1770467753.816161
-3.2936486400000002,3.6048218400000005,10.76180544,-3.99,7.28,1.68,1770467753.824156
-3.6479073600000005,3.9925915200000004,10.95808392,-9.03,8.4,-6.65,1770467753.832162
-3.82024944,3.87051588,10.9987758,-12.46,6.65,-13.58,1770467753.840234
-3.8824840800000002,3.62157732,10.87670016,-12.11,-1.33,-21.209999,1770467753.848165
-3.7556211600000005,3.2912550000000005,10.74983724,-14.35,-7.35,-25.059999,1770467753.856192
-3.74125932,2.9705072400000003,10.26632196,-12.32,-14.0,-27.16,1770467753.864183
-3.6862056,2.56358844,8.832531600000001,-6.65,-22.469999,-35.209999,1770467753.872159
-3.5186508,2.59231212,7.53039144,-0.42,-30.030001,-37.799999,1770467753.88017
-3.30561684,3.01119912,7.62613704,4.41,-37.099998,-36.68,1770467753.888152
-3.02316732,3.49232076,8.4734856,1.12,-43.470001,-38.080002,1770467753.89614
-2.79098424,3.37981968,8.94742632,-6.3,-46.900002,-33.669998,1770467753.904174
-2.4127891200000002,2.6330040000000006,8.70806232,-6.23,-51.799999,-38.919998,1770467753.912277
-1.93645476,1.7688999600000002,8.51896476,-6.58,-54.529999,-39.34,1770467753.92017
-1.3045338,1.20400092,8.86604256,-3.92,-56.700001,-36.189999,1770467753.928149
-0.56489904,0.9359132400000001,9.68945472,-6.02,-58.450001,-35.209999,1770467753.936148
0.24175764,0.76357116,10.455419520000001,-10.22,-59.009998,-27.23,1770467753.944209
0.7611775199999999,0.60559092,11.09691504,-13.23,-58.380001,-24.57,1770467753.95215
1.2399055200000002,0.3710142,11.458354680000001,-19.879999,-54.740002,-17.360001,1770467753.960154
1.8526773600000002,0.1914912,11.71208052,-19.18,-49.07,-15.61,1770467753.968152
2.65933404,0.0239364,11.949050880000001,-13.93,-44.869999,-1.89,1770467753.976709
2.9393899200000004,0.038298240000000004,12.09506292,-8.75,-37.450001,9.87,1770467753.984954
2.78619696,-0.11010744,11.9801682,-7.98,-29.75,17.99,1770467753.992173
2.50614108,-0.17712936,11.58043032,-7.91,-17.85,26.110001,1770467754.000184
2.03938128,-0.39255696000000007,11.04904224,-12.11,-6.44,29.75,1770467754.008163
1.5175677600000002,-0.63910188,10.479355920000001,-17.08,3.15,33.389999,1770467754.016172
0.9263386800000001,-0.9526687200000001,9.95993604,-20.02,10.78,33.040001,1770467754.024227
0.54096264,-1.16330904,9.48599532,-22.26,14.0,32.970001,1770467754.032137
0.22021488,-1.2853846800000002,9.170034840000001,-28.209999,13.93,30.450001,1770467754.04014
-0.11728836000000001,-1.35001296,8.765509680000001,-31.360001,9.66,26.389999,1770467754.048159
-0.21782124000000003,-1.50320592,8.36816544,-29.68,3.64,30.52,1770467754.056336
-0.07420284,-1.63724976,8.10965232,-28.35,-7.28,30.1,1770467754.064152
0.12207564000000001,-1.67794164,8.19582336,-24.360001,-17.219999,23.450001,1770467754.072154
0.58883544,-1.6851225600000002,8.554869360000001,-20.860001,-23.59,19.110001,1770467754.080162
1.17048996,-1.4936313600000002,9.193971240000002,-17.92,-24.639999,12.39,1770467754.088179
1.98911484,-1.2925655999999999,9.96711696,-20.860001,-26.6,8.54,1770467754.096178
2.812527,-1.17048996,10.479355920000001,-21.629999,-27.09,2.94,1770467754.104276
3.52822536,-0.87607224,10.85755104,-20.440001,-26.530001,-2.1,1770467754.112142
4.330094760000001,-0.56489904,10.955690279999999,-18.48,-29.540001,4.97,1770467754.120143
4.59339516,-0.32074776000000005,10.62297432,-16.870001,-31.290001,10.22,1770467754.128155
4.3827548400000005,-0.01436184,9.51711264,-12.81,-32.900002,15.4,1770467754.136147
3.7268974800000003,0.04069188,7.95167208,-1.82,-25.620001,17.85,1770467754.14414
2.99683728,0.05505372,6.1755912,17.43,-11.9,16.030001,1770467754.152242
2.573163,-0.11250108000000002,5.251646160000001,35.0,5.95,19.110001,1770467754.160179
2.27874528,-0.11010744,5.455105560000001,52.849998,29.469999,23.030001,1770467754.168144
2.453481,0.45239796,6.558573600000001,62.580002,50.610001,42.77,1770467754.176172
2.0681049600000003,0.8712849600000001,8.420825520000001,64.400002,70.279999,52.080002,1770467754.184181
1.6635798000000002,1.23511824,10.01498976,55.16,82.32,55.580002,1770467754.192233
1.0292652,1.6420370400000002,11.142394200000002,48.23,89.389999,60.759998,1770467754.200215
0.10771380000000001,1.9149120000000002,11.62351584,38.779999,94.080002,62.299999,1770467754.208169
-1.16570268,2.0896477200000003,11.91075264,30.59,100.730003,63.98,1770467754.216256
-2.44390644,2.1901806,12.21474492,20.65,109.620003,63.77,1770467754.224133
-4.083549840000001,2.4175764,12.42777888,15.33,121.169998,59.849998,1770467754.232145
-4.9428666,2.4319382400000005,12.29852232,6.79,123.760002,60.619999,1770467754.240139
-5.976919080000001,2.44390644,11.922720840000002,-2.45,117.18,61.110001,1770467754.248146
-6.91283232,2.16863784,11.28840624,-10.99,105.139999,55.93,1770467754.256174
-7.4083158000000005,1.8742201200000002,10.46978136,-17.99,87.849998,48.439999,1770467754.264138
-7.45140132,2.01783852,9.63918828,-21.42,64.68,43.540001,1770467754.272174
-7.121079,2.4415128,9.05514012,-19.879999,38.290001,41.790001,1770467754.280155
-6.51309444,3.0040182,8.70566868,-21.98,7.21,40.32,1770467754.28813
-5.9170780800000005,3.3965751600000003,8.538113880000001,-22.68,-24.92,33.459999,1770467754.296134
-5.20137972,3.53540628,8.41125096,-22.68,-51.029999,39.900002,1770467754.304158
-4.47371316,3.53540628,8.18864244,-22.889999,-69.790001,31.15,1770467754.31217
-3.6359391600000004,3.3702451200000003,7.72427628,-24.709999,-79.800003,33.880001,1770467754.320275
-2.98486908,3.1213065600000003,7.13783448,-19.459999,-83.510002,32.900002,1770467754.32815
-2.42715096,3.06625284,6.7285220400000005,-16.030001,-80.709999,40.32,1770467754.336151
-2.07289224,3.111732,6.860172240000001,-8.54,-73.779999,39.970001,1770467754.344134
-1.8191664,3.15003024,7.63092432,-5.11,-63.91,37.939999,1770467754.352196
-1.7473572000000002,3.15481752,8.73917964,-3.22,-51.029999,32.130001,1770467754.36017
-1.9723593600000002,3.0877956,9.14849208,-0.35,-38.849998,26.809999,1770467754.368152
-2.3984272800000004,3.00162456,8.95460724,1.75,-29.540001,19.18,1770467754.376161
-2.8795489200000004,2.9417835599999997,8.80141428,6.02,-22.68,13.02,1770467754.384304
-3.19072212,2.7814096800000003,9.18439668,7.56,-21.49,-0.91,1770467754.392129
-3.43247976,2.4750237600000005,10.14185268,4.2,-21.35,-7.49,1770467754.400148
-3.530619,2.13991416,10.955690279999999,2.87,-25.690001,-17.57,1770467754.408156
-3.4779589200000003,1.57740876,11.379364559999999,-1.12,-37.450001,-26.67,1770467754.416148
-3.19072212,0.7707520800000001,12.20038308,0.42,-48.790001,-27.93,1770467754.424149
-2.5588011600000002,0.0957456,13.660503480000001,3.08,-59.849998,-37.869999,1770467754.432158
-1.4433649200000003,-0.44761068000000004,15.30493416,3.71,-65.800003,-41.299999,1770467754.440219
-0.27526860000000003,-0.6008036400000001,16.5639888,1.89,-68.879997,-41.509998,1770467754.448165
0.7539966,-0.46436616000000003,17.265325320000002,-5.11,-68.669998,-41.580002,1770467754.456153
2.01783852,-0.6031972800000001,17.2461762,-20.299999,-68.459999,-37.52,1770467754.464148
3.10694472,-0.81623124,16.19776188,-34.09,-70.559998,-28.84,1770467754.472156
3.7939194,-0.84495492,14.591629440000002,-47.740002,-72.099998,-20.51,1770467754.480242
3.99019788,-0.7851139200000001,12.985497000000002,-53.34,-64.82,-9.31,1770467754.488159
4.0261024800000005,-0.68458104,11.58761124,-57.540001,-47.950001,5.18,1770467754.496135
3.89205864,-0.55532448,10.38121668,-60.970001,-24.85,11.9,1770467754.504239
3.58327908,-0.35425872,9.21790764,-63.07,3.29,19.67,1770467754.512183
2.9752945200000003,-0.07420284,7.8631074000000005,-62.23,35.630001,18.83,1770467754.520179
2.50853472,1.29735288,6.39580608,-50.68,58.59,41.299999,1770467754.528146
1.6037388,1.6420370400000002,5.471861039999999,-46.48,77.07,47.040001,1770467754.536136
0.71569836,2.154276,4.59339516,-43.119999,89.739998,55.09,1770467754.544155
0.052660080000000005,2.6090676,4.15057176,-33.740002,97.510002,63.98,1770467754.552197
-0.5864418,2.6449722,4.234349160000001,-29.33,98.699997,70.699997,1770467754.560167
-0.9933606,2.4798110400000004,4.397116680000001,-25.969999,96.459999,79.379997,1770467754.568159
-1.2686292,2.1973615200000003,4.7154708,-19.32,88.129997,81.059998,1770467754.576195
-1.3883112000000002,1.98911484,4.9308984,-12.53,76.019997,84.910004,1770467754.584166
-1.4481522,1.83352824,5.0098885200000005,-6.02,63.0,83.089996,1770467754.592137
-1.4673013200000002,1.45054584,4.8471210000000005,1.47,47.040001,83.650002,1770467754.600154
-1.32128928,0.87607224,4.72265172,11.76,29.75,80.709999,1770467754.60815
-0.87607224,0.39016332000000004,5.0098885200000005,20.09,12.88,69.860001,1770467754.616155
-0.46197252000000005,-0.009574560000000001,5.845268880000001,26.32,2.52,68.669998,1770467754.62418
0.17473572,-0.48590892,6.74527752,29.469999,-2.38,58.73,1770467754.632187
0.7683584400000001,-1.077138,7.812840960000001,28.77,-0.14,55.790001,1770467754.640146
1.47687588,-1.9196992800000001,9.52429356,27.65,6.16,57.68,1770467754.648184
2.06092404,-2.4654492,11.6929314,22.889999,15.12,53.689999,1770467754.656155
1.9986894000000002,-4.904568360000001,14.481522,9.94,30.73,48.16,1770467754.664307
0.91915776,-6.21867672,15.596958240000001,-7.98,57.119999,33.810001,1770467754.672153
1.0101160800000002,-7.4442204,15.570628200000002,-15.12,74.059998,28.139999,1770467754.680167
0.34947144,-7.77214908,15.398286120000002,-7.91,88.269997,28.42,1770467754.688161
-0.88085952,-7.31496384,15.35280696,1.33,103.739998,32.27,1770467754.696136
-2.5492266,-6.09899472,15.374349720000001,14.77,122.43,33.32,1770467754.704167
-4.6316934000000005,-4.56227784,15.32168964,16.66,143.080002,25.48,1770467754.712273
-6.42213612,-2.79577152,14.967430920000002,14.0,158.059998,13.02,1770467754.720149
-7.9061929200000005,-0.87607224,14.64189588,10.57,158.970001,-0.42,1770467754.728148
-8.844499800000001,1.08192528,13.880718360000001,4.55,147.699997,-13.37,1770467754.73615
-9.18679032,2.85082524,12.93044328,-3.36,120.260002,-18.83,1770467754.744228
-9.01923552,3.89205864,11.75995332,-9.03,82.599998,-28.84,1770467754.752319
-8.370559080000001,4.0931244,10.64212344,-15.82,42.0,-29.610001,1770467754.760164
-7.31735748,3.8178558000000002,9.404611560000001,-14.98,1.96,-25.48,1770467754.768157
-6.12053748,3.5545554,7.899012000000001,-15.54,-27.440001,-24.360001,1770467754.776149
-4.8686637600000005,3.2409885600000004,6.65910648,-12.67,-48.509998,-23.309999,1770467754.784142
-3.76758936,3.3463087200000006,5.4814356,-5.81,-64.889999,-29.82,1770467754.792137
-3.0040182,3.63354552,5.0386122,0.84,-72.029999,-31.639999,1770467754.800141
-1.7497508400000001,4.46174496,3.7149292800000002,11.2,-75.389999,-15.12,1770467754.808153
-1.077138,4.6963216800000005,3.06864648,15.33,-77.980003,-3.22,1770467754.816162
-0.6941556000000001,4.5455223600000005,2.35534176,15.19,-84.209999,12.81,1770467754.824165
-0.32074776000000005,4.21759368,1.74017628,10.92,-87.43,15.19,1770467754.832265
0.08377740000000002,3.7077483600000005,1.49841864,7.14,-90.230003,21.139999,1770467754.840152
0.51223896,3.1643920800000003,1.8000172800000003,7.07,-86.800003,23.940001,1770467754.848154
1.1417662800000001,2.94896448,2.47023648,5.32,-76.440002,29.120001,1770467754.856142
1.53432324,2.90109168,3.66466284,2.45,-61.25,32.27,1770467754.864163
1.6492179599999999,2.87715528,5.4527119200000005,-2.45,-33.669998,28.49,1770467754.872146
1.5941642400000002,2.64018492,7.420284,-13.58,3.99,20.790001,1770467754.880376
1.31889564,2.07289224,9.69663564,-21.209999,46.900002,13.51,1770467754.888161
0.5361753600000001,1.22793732,12.21474492,-22.540001,90.790001,12.04,1770467754.896177
-0.97181784,-0.059841000000000005,14.66583228,-12.18,132.300003,11.76,1770467754.904153
-2.96571996,-1.18724544,18.2275686,2.38,164.289993,17.43,1770467754.912153
-4.952441159999999,-2.10400956,21.08078748,24.08,163.589996,32.900002,1770467754.920163
-9.66551832,-4.03567704,22.062179880000002,18.969999,156.729996,43.330002,1770467754.928374
-10.5679206,-4.7154708,19.812158280000002,6.09,129.5,24.360001,1770467754.936141
-11.470322880000001,-6.2593686,18.7422012,-4.48,83.089996,19.110001,1770467754.944146
-11.6330904,-7.176132720000001,17.3778264,-13.65,31.08,7.42,1770467754.952148
-11.039467680000001,-7.09235532,15.584990040000001,-22.120001,-13.58,-10.64,1770467754.960149
-9.5506236,-6.95113056,13.942953000000001,-35.560001,-46.48,-20.09,1770467754.968166
-7.55672148,-5.804577,12.3392142,-45.360001,-67.129997,-30.379999,1770467754.976245
-5.35217904,-4.287009240000001,10.80010368,-49.209999,-79.870003,-25.83,1770467754.984298
-3.5210444400000003,-2.2835325600000003,9.23226948,-45.080002,-90.580002,-23.66,1770467754.992189
-2.09922228,-0.28484316,8.08810956,-40.529999,-100.870003,-14.7,1770467755.00015
-0.8425612800000001,1.16330904,7.379592120000001,-35.209999,-107.099998,-2.59,1770467755.008173
-0.20585304000000001,1.46490768,6.95113056,-35.419998,-109.760002,2.59,1770467755.016152
-0.052660080000000005,1.88379468,5.95537632,-37.240002,-102.129997,9.31,1770467755.024153
4.46174496,5.507765640000001,3.60960912,-31.43,-117.459999,31.57,1770467755.03227
2.04895584,3.82503672,3.65748192,-23.799999,-119.0,53.759998,1770467755.040151
2.16863784,3.66466284,2.67130224,-25.9,-119.209999,63.560001,1770467755.048157
2.0944350000000003,3.04710372,1.6468243200000001,-28.0,-112.139999,70.279999,1770467755.056162
2.05134948,2.71199412,0.56489904,-20.02,-101.360001,73.779999,1770467755.064244
1.8478900800000002,2.4056082,-0.21782124000000003,-10.57,-81.550003,74.410004,1770467755.072174
1.69469712,2.4654492,-0.53378172,1.54,-56.700001,76.019997,1770467755.080259
1.75693176,2.4630555600000004,0.059841000000000005,12.53,-28.700001,70.07,1770467755.088145
2.09204136,2.31464988,1.39788576,17.99,3.5,71.540001,1770467755.096127
2.44390644,2.3864590800000003,3.2242330800000003,22.33,38.009998,62.09,1770467755.10415
2.8795489200000004,2.75507964,5.62266036,21.209999,74.620003,50.400002,1770467755.11218
3.26492496,2.9824754400000004,8.179067880000002,20.23,107.029999,37.939999,1770467755.120246
3.1883284800000005,2.8005588,10.062862560000001,16.030001,134.050003,24.639999,1770467755.128139
2.53965204,2.2021488000000002,11.702505960000002,9.45,158.830002,12.11,1770467755.13614
1.5415041600000001,1.1848518000000001,13.399596720000002,2.87,178.149994,5.88,1770467755.144146
0.35186508,-0.21303396,15.7022784,-5.74,186.339996,-2.66,1770467755.152136
-1.16330904,-1.37873664,19.29752568,-13.44,180.179993,-5.11,1770467755.160179
-3.0997638,-3.19072212,22.54330152,-3.15,163.729996,1.47,1770467755.168351
-6.72134112,-8.679338640000001,25.731630000000003,-6.58,145.949997,2.59,1770467755.176138
-8.777477880000001,-7.573476960000001,22.488247800000003,-11.97,119.629997,-13.58,1770467755.184156
-9.72057204,-8.131195080000001,19.539283320000003,-12.81,96.739998,-15.05,1770467755.192129
-10.321375680000001,-7.865501040000001,16.37489124,-18.76,81.830002,-17.639999,1770467755.200172
-10.555952400000002,-6.7931503200000005,13.555183320000001,-23.66,70.489998,-22.75,1770467755.208144
-10.115522640000002,-4.9428666,11.125638720000001,-29.540001,59.080002,-34.650002,1770467755.216145
-9.46923984,-2.96571996,9.490782600000001,-34.439999,43.82,-41.369999,1770467755.224147
-8.6530086,-1.29735288,8.83013796,-35.139999,26.950001,-53.41,1770467755.232223
-7.896618360000001,-0.10292652000000001,8.64582768,-36.330002,13.3,-56.700001,1770467755.240152
-7.0732062,0.62474004,8.18864244,-37.240002,-0.7,-55.16,1770467755.248141
-6.2737304400000005,1.17767088,7.413103080000001,-41.369999,-14.35,-52.43,1770467755.256165
-5.47904196,1.63246248,6.31442232,-42.630001,-29.469999,-48.650002,1770467755.264149
-4.63887432,1.9292738400000002,5.266008000000001,-40.529999,-45.639999,-47.950001,1770467755.272194
-3.7340784,1.9986894000000002,4.55509692,-36.68,-63.209999,-43.540001,1770467755.28027
-2.8723680000000003,1.6396434000000002,4.15057176,-30.870001,-79.239998,-41.09,1770467755.288132
-2.4678428400000003,1.5079932,3.76519572,-22.33,-87.080002,-39.900002,1770467755.296131
-1.96757208,0.71330472,3.3343405200000005,-17.01,-87.709999,-27.440001,1770467755.304162
-0.8114439600000001,1.08192528,2.7646542000000003,-4.69,-82.32,-5.81,1770467755.312219
-0.86410404,0.66303828,2.86279344,1.12,-74.339996,14.14,1770467755.320157
-0.65107008,0.38537604000000003,3.2242330800000003,11.2,-60.759998,25.48,1770467755.328152
-0.63910188,0.33750324,3.6742374,14.28,-42.139999,44.799999,1770467755.336154
-0.8856468000000001,0.29681136,4.35163752,20.370001,-21.559999,55.93,1770467755.344253
-1.50081228,0.06462828000000001,5.072123160000001,21.139999,3.99,64.120003,1770467755.352149
-2.23087248,-0.24415128000000003,5.9170780800000005,27.440001,28.42,71.190002,1770467755.360143
-3.0973701600000005,-0.57207996,7.185707280000001,32.759998,47.18,73.43,1770467755.368145
-4.7633436,-0.97899876,8.93067084,36.540001,67.620003,67.690002,1770467755.376147
-6.893683200000001,-2.54443932,10.77856092,38.639999,79.940002,45.220001,1770467755.384163
-9.06710832,-4.32530748,12.13096752,50.400002,85.190002,40.32,1770467755.392142
-11.190267,-5.9386208400000005,12.959166960000001,52.220001,76.510002,38.080002,1770467755.400146
-13.31821296,-7.85832012,14.05545408,47.950001,53.759998,30.66,1770467755.408211
-14.754396960000001,-9.72296568,15.319296000000001,40.25,28.0,20.790001,1770467755.416151
-13.916622960000002,-10.24956648,15.958397880000001,38.990002,-8.47,10.71,1770467755.424152
-11.58761124,-9.588921840000001,15.778874880000002,39.34,-59.43,-0.21,1770467755.432201
-9.292110480000002,-7.80566004,15.438978000000002,36.75,-103.110001,3.29,1770467755.440158
-7.0301206800000005,-5.627447640000001,15.314508720000001,31.85,-135.309998,-1.26,1770467755.448152
-4.8686637600000005,-3.17396664,15.25466772,17.92,-150.429993,-1.33,1770467755.456153
-3.08061468,-0.81623124,14.95306908,4.48,-151.130005,0.98,1770467755.464135
-1.42660944,1.0555952400000002,14.17752972,-12.67,-145.320007,2.24,1770467755.472159
-0.06462828000000001,2.37927816,12.67911108,-31.639999,-135.309998,6.72,1770467755.480423
0.35425872,2.49177924,11.04186132,-46.900002,-125.300003,6.02,1770467755.48817
0.6558573600000001,2.8795489200000004,9.337589640000001,-51.169998,-111.580002,-7.07,1770467755.49614
3.83700492,5.5604257200000005,7.42507128,-23.030001,-111.300003,15.4,1770467755.50473
3.2242330800000003,5.12717688,7.32932568,-20.09,-108.43,36.959999,1770467755.512194
3.26253132,5.08887864,6.268943160000001,-17.85,-95.900002,58.380001,1770467755.520339
3.0255609600000004,4.966803,4.591001520000001,-12.25,-83.370003,56.700001,1770467755.528141
2.54443932,4.686747120000001,2.64975948,2.31,-66.989998,66.919998,1770467755.536135
2.1159777600000003,4.06200708,1.0986807600000001,16.799999,-48.650002,64.82,1770467755.544148
1.7832618,3.50428896,0.07659648000000001,32.34,-28.139999,57.82,1770467755.55215
1.55107872,3.17875392,-0.20824668000000002,43.540001,-4.27,59.5,1770467755.56018
1.4457585600000002,3.00641184,-0.06223464,52.57,17.5,55.439999,1770467755.568177
1.48884408,2.8197079200000004,0.32074776000000005,52.43,37.73,55.439999,1770467755.576254
1.6181006400000002,2.76704784,1.24948008,49.209999,52.639999,49.419998,1770467755.584159
1.9053374400000003,2.88194256,2.97290088,41.02,67.690002,41.650002,1770467755.592145
1.9986894000000002,3.05907192,4.7154708,21.42,82.529999,34.580002,1770467755.60015
1.92448656,2.83406976,5.8739925600000005,7.21,95.269997,27.860001,1770467755.608256
1.57740876,2.27635164,7.13065356,-5.25,106.610001,13.02,1770467755.61618
0.95506236,1.6468243200000001,8.97615,-10.64,116.199997,-2.03,1770467755.624153
0.33032232,0.49548348,11.44878012,-18.129999,132.720001,-11.13,1770467755.632153
-0.09813924000000002,-0.96224328,14.53657572,-22.26,147.630005,-13.86,1770467755.640156
-0.7396347600000001,-2.63779128,18.591401880000003,-13.44,153.369995,-9.45,1770467755.648219
-0.16994844,-8.7607224,23.857409880000002,-7.63,144.690002,17.780001,1770467755.65616
-6.2713368,-12.17644668,26.114612400000002,0.0,160.789993,-11.13,1770467755.664176
-7.401134880000001,-13.179381840000001,25.99253676,13.79,145.600006,-18.41,1770467755.672159
-8.758328760000001,-11.65223952,23.694642360000003,24.85,121.169998,0.0,1770467755.68016
-9.20833308,-9.03359736,19.922265720000002,24.08,98.839996,-7.63,1770467755.688165
-9.201152160000001,-6.68304288,15.97515336,18.76,84.629997,-1.12,1770467755.696137
-8.95939452,-4.62929976,13.05491256,13.79,73.290001,-8.96,1770467755.704157
-8.73199872,-2.76704784,11.14478784,10.22,71.610001,-17.360001,1770467755.712251
-8.5452948,-1.17767088,10.074830760000001,7.14,73.43,-29.610001,1770467755.720155
-8.5452948,0.27766224,9.38785608,4.13,76.160004,-40.32,1770467755.728147
-8.648221320000001,1.5127804800000002,8.624284920000001,-4.34,74.480003,-40.529999,1770467755.736148
-8.734392360000001,2.3457672,7.83438372,-10.92,65.379997,-42.279999,1770467755.74426
-8.60274216,2.85561252,6.83862948,-19.32,47.810001,-44.310001,1770467755.752147
-8.12401416,3.2002966800000006,5.73037416,-21.35,23.870001,-46.689999,1770467755.760181
-7.410709440000001,3.3032232,4.79206728,-18.34,-2.59,-47.810001,1770467755.768153
-6.57293544,3.3965751600000003,3.8465794800000004,-13.3,-30.24,-46.34,1770467755.776155
-5.356966320000001,3.0614655600000003,3.4827462000000002,-1.75,-55.860001,-45.220001,1770467755.784164
-4.3564248,2.5707693600000003,3.0638592,6.79,-79.449997,-48.369999,1770467755.792153
-4.29419016,4.01174064,1.70187804,25.41,-80.080002,-42.98,1770467755.800159
-2.7263559600000002,4.10030532,1.4098539600000002,36.330002,-101.779999,-1.47,1770467755.80817
-2.3290117200000005,4.10269896,1.2087882,40.18,-110.459999,8.54,1770467755.816166
-1.8814010400000003,4.0213152,1.19442636,42.349998,-117.110001,29.33,1770467755.824158
-1.52714232,3.91599504,1.48645044,45.220001,-114.449997,32.200001,1770467755.832266
-1.3117147200000001,3.64312008,2.0298067200000003,46.970001,-102.480003,48.580002,1770467755.840181
-1.11543624,3.15721116,2.8197079200000004,55.23,-83.93,54.040001,1770467755.848153
-0.97181784,2.4510873600000003,4.22716824,59.5,-55.02,56.77,1770467755.856156
-0.99096696,1.73778264,6.1660166400000005,65.239998,-20.23,54.669998,1770467755.864159
-1.46490768,1.01250972,8.578805760000002,64.190002,20.299999,38.150002,1770467755.872151
-2.3433735600000003,0.3829824,11.17351152,67.970001,63.07,32.549999,1770467755.880153
-4.234349160000001,-0.08138376,14.05784772,71.959999,95.059998,20.299999,1770467755.888175
-7.8295964399999995,-0.72527292,16.566382439999998,72.099998,115.919998,22.469999,1770467755.896181
-12.367937880000001,-2.3170435200000004,17.84219256,64.889999,120.400002,-0.77,1770467755.904175
-14.91716448,-3.52822536,17.65070136,57.959999,99.050003,-18.83,1770467755.912156
-14.89801536,-5.06494224,17.68181868,45.990002,49.419998,-16.52,1770467755.920164
-14.23976436,-6.383837880000001,17.00920584,44.169998,-20.16,-12.88,1770467755.928153
-13.03576344,-7.003790640000001,16.958939400000002,34.790001,-86.379997,-16.940001,1770467755.936207
-10.9628712,-6.450859800000001,17.092983240000002,26.459999,-136.779999,-16.59,1770467755.94419
-8.174280600000001,-5.2301034,17.02356768,13.09,-168.910004,-28.559999,1770467755.952151
-5.20856064,-3.40375608,16.57356336,0.21,-184.100006,-31.01,1770467755.960157
-2.5181092800000004,-1.5798024,15.613713720000002,-10.43,-186.199997,-34.790001,1770467755.968219
-0.4069188,-0.14601204,13.942953000000001,-18.34,-178.850006,-25.9,1770467755.976233
1.04362704,1.00293516,11.5732494,-21.209999,-164.990005,-19.879999,1770467755.985777
1.17527724,1.2686292,10.15860816,-23.799999,-144.130005,-20.93,1770467755.992316
1.5582596400000002,1.72820808,8.61471036,-28.0,-121.589996,-27.51,1770467756.000151
3.83700492,4.98595212,6.82426764,-10.64,-123.620003,-1.89,1770467756.008174
3.96865512,5.1104214,6.4364979600000005,-7.77,-112.629997,3.71,1770467756.016157
3.91599504,5.65377768,5.17744332,-7.42,-99.470001,22.120001,1770467756.024277
3.8513667600000003,5.574787560000001,3.7149292800000002,-8.33,-87.010002,15.4,1770467756.032148
3.58327908,5.30669988,2.1375205200000003,-10.43,-70.839996,19.530001,1770467756.040152
3.171573,4.78728,0.64867644,-5.81,-53.549999,18.200001,1770467756.048153
2.7814096800000003,4.22956188,-0.6462827999999999,-3.43,-34.09,16.309999,1770467756.056152
2.5588011600000002,3.6718437600000002,-1.39309848,6.02,-9.8,12.04,1770467756.064153
2.7048132000000003,3.31279776,-1.2159691200000002,19.040001,16.73,0.7,1770467756.072181
3.0734337600000003,3.61679004,0.18909756000000003,29.190001,44.869999,-4.76,1770467756.080172
3.52822536,4.06440072,2.5276838400000003,36.959999,77.489998,-13.58,1770467756.088185
3.88487772,4.56945876,5.153506920000001,32.970001,115.290001,-21.42,1770467756.096128
3.97104876,4.8112164,7.26709104,25.690001,152.600006,-26.459999,1770467756.104143
3.78434484,4.41865944,8.40646368,15.33,185.919998,-31.99,1770467756.112143
3.21705216,3.82264308,9.337589640000001,4.2,210.770004,-30.309999,1770467756.120138
2.17581876,3.3630642,11.027499480000001,-4.48,227.710007,-23.309999,1770467756.128161
0.6031972800000001,2.69045136,13.31103204,-18.76,235.899994,-22.540001,1770467756.136144
-1.5391105200000001,0.9454878,15.441371640000002,-22.82,236.949997,-27.790001,1770467756.144142
-3.51146988,-1.15373448,17.162398800000002,-15.68,224.070007,-20.440001,1770467756.152144
-6.2354322,-2.81731428,19.17545004,8.68,193.619995,-3.36,1770467756.160144
-10.71632628,-6.702192000000001,19.836094680000002,10.15,180.25,-11.76,1770467756.168162
-11.2142034,-6.52506264,17.41133736,27.790001,136.360001,-2.59,1770467756.176281
-11.66420772,-6.498732600000001,14.950675440000001,34.580002,94.639999,-12.11,1770467756.184161
-11.59479216,-5.9505890400000006,12.753313920000002,35.209999,58.029999,-28.629999,1770467756.192147
-11.00595672,-5.108027760000001,10.87670016,27.65,28.49,-38.5,1770467756.200134
-9.890520480000001,-4.2128064,9.64876284,21.559999,6.44,-58.66,1770467756.208145
-8.7128496,-3.4181179200000003,8.985724560000001,20.299999,-7.07,-71.120003,1770467756.216143
-7.75778724,-2.4798110400000004,8.60992308,27.58,-17.57,-86.309998,1770467756.224147
-6.97267332,-1.3428320400000002,8.0905032,32.200001,-25.620001,-97.790001,1770467756.232191
-6.12053748,-0.06702192000000001,7.415496720000001,30.309999,-32.200001,-107.870003,1770467756.240306
-5.2588270800000005,1.2686292,6.783575760000001,26.459999,-39.27,-118.720001,1770467756.24814
-4.40190396,2.3984272800000004,6.070271040000001,16.1,-43.610001,-123.690002,1770467756.256491
-3.56173632,3.0830083200000002,5.457499200000001,9.87,-47.810001,-123.760002,1770467756.264178
-3.0279546,3.1643920800000003,5.09366592,3.64,-47.950001,-122.639999,1770467756.272201
-2.13991416,3.8465794800000004,4.55030964,5.53,-42.98,-116.480003,1770467756.280168
-1.7234208000000002,4.59339516,4.179295440000001,12.74,-44.029999,-101.43,1770467756.288147
-1.12979808,5.108027760000001,3.80110032,20.860001,-50.400002,-84.839996,1770467756.296133
-0.97421148,5.51015928,3.54019356,29.959999,-56.98,-67.830002,1770467756.304146
-0.88085952,5.471861039999999,3.76040844,38.290001,-54.669998,-64.400002,1770467756.312212
-0.48112164,5.368934520000001,4.57663968,45.009998,-40.529999,-54.950001,1770467756.32015
-0.05026644,5.167868760000001,6.0678774,55.509998,-14.7,-47.110001,1770467756.328327
0.29441772,4.74898176,8.01390672,59.639999,14.21,-42.279999,1770467756.336149
0.3949506,4.13860356,10.15142724,62.509998,41.439999,-36.610001,1770467756.34415
-0.0119682,2.9202408,12.46847076,61.32,62.09,-36.470001,1770467756.352145
-1.1489472,1.3165020000000003,14.962643640000001,66.639999,77.419998,-33.18,1770467756.36015
-3.25056312,0.24893856,17.27729352,80.010002,87.150002,-35.560001,1770467756.368153
-5.42877552,-0.14601204,19.26401472,85.75,87.43,-28.280001,1770467756.376244
-7.281452880000001,-0.67500648,20.408174640000002,86.519997,67.059998,-28.91,1770467756.384393
-10.019777040000001,-3.40614972,20.74328424,70.0,35.07,-38.57,1770467756.392255
-9.65594376,-3.57131088,19.608698880000002,60.759998,-12.11,-56.91,1770467756.400156
-9.45248436,-4.0045597200000005,18.68954112,52.849998,-62.02,-67.199997,1770467756.408152
-8.4854538,-4.01174064,17.875703520000002,44.66,-96.599998,-75.389999,1770467756.416152
-6.91522596,-3.6957801600000004,17.14564332,36.889999,-120.470001,-82.739998,1770467756.424148
-5.10324048,-3.1165192800000003,16.32223116,28.629999,-131.880005,-93.029999,1770467756.432151
-3.25295676,-2.5588011600000002,15.47248896,19.459999,-132.229996,-98.0,1770467756.440174
-1.81677276,-1.52953596,14.483915640000001,17.99,-126.139999,-101.360001,1770467756.448155
-0.9478814400000001,-0.24893856,13.531246920000001,13.51,-111.860001,-101.150002,1770467756.456193
-0.5050580400000001,1.34761932,12.370331519999999,9.45,-100.099998,-97.440002,1770467756.464155
-0.4667598,2.70960048,10.65409164,1.47,-89.879997,-95.760002,1770467756.472224
-0.7803266400000001,3.09497652,8.47109196,-8.54,-86.099998,-103.110001,1770467756.480164
-0.47154708,3.7460466,6.0559092,-10.01,-82.669998,-102.550003,1770467756.488206
2.30746896,6.00324912,3.6550882799999997,-7.63,-107.239998,-80.639999,1770467756.496136
0.7683584400000001,4.8710574,2.58991848,1.47,-120.120003,-63.77,1770467756.50416
0.9454878,4.4042976000000005,1.2925655999999999,-2.1,-130.619995,-56.349998,1770467756.512194
1.09389348,4.30137108,0.30399228000000006,0.0,-135.520004,-50.119999,1770467756.520198
1.36916208,3.98780424,-0.07420284,1.26,-133.419998,-43.959999,1770467756.528148
1.77368724,3.63115188,-0.12925656000000002,1.89,-126.559998,-45.990002,1770467756.536135
2.0585304,3.45162888,-0.1436184,5.32,-109.550003,-46.130001,1770467756.544176
2.24762796,2.95375176,-0.07899012000000001,14.84,-85.82,-48.369999,1770467756.552152
2.6880577199999998,2.5755566400000003,0.67740012,24.99,-54.389999,-54.880001,1770467756.560152
3.26492496,2.90348532,2.28831984,39.970001,-16.030001,-59.360001,1770467756.568148
4.06679436,3.5066826,5.146326,45.009998,19.74,-61.18,1770467756.576145
4.7824927200000005,4.47371316,8.260451640000001,40.529999,51.59,-59.009998,1770467756.584151
5.2181352,5.32824264,10.443451320000001,28.559999,83.650002,-55.439999,1770467756.592288
5.28515712,5.167868760000001,11.59000488,10.78,101.080002,-42.98,1770467756.60015
5.07930408,4.56945876,13.399596720000002,-11.34,103.949997,-23.66,1770467756.608149
4.66281072,3.38460696,15.331264200000001,-38.57,101.010002,-7.49,1770467756.616151
3.0830083200000002,0.9646369200000001,16.71239448,-44.52,108.150002,4.41,1770467756.62415
1.17527724,-1.69230348,17.21984616,-33.459999,124.040001,-3.01,1770467756.632157
-0.36622692,-2.96093268,18.13900392,-4.34,147.630005,4.48,1770467756.640233
-1.6635798000000002,-6.42931704,19.48183596,17.43,158.130005,29.68,1770467756.648175
-5.74234236,-6.75963936,19.4961978,21.0,165.830002,8.89,1770467756.656151
-7.4083158000000005,-6.400593360000001,17.361070920000003,24.08,152.949997,2.94,1770467756.664217
-8.820563400000001,-5.60829852,14.86689804,19.459999,137.059998,-9.17,1770467756.672157
-10.24238556,-4.8351528,12.913687800000002,10.78,114.379997,-16.52,1770467756.680161
-11.07297864,-3.84418584,11.33149176,4.9,83.510002,-27.02,1770467756.688186
-11.28840624,-2.6784831600000003,9.80674308,-2.38,51.310001,-40.25,1770467756.696133
-11.04186132,-1.4577267600000001,8.42800644,-8.12,17.57,-46.34,1770467756.70417
-10.2088746,-0.5864418,7.2575164800000005,-11.55,-11.06,-63.98,1770467756.712252
-9.03359736,0.20585304000000001,6.15404844,-8.54,-36.049999,-74.410004,1770467756.720181
-7.80805368,0.86410404,5.045793120000001,-4.2,-52.009998,-84.07,1770467756.728153
-6.5657545200000005,1.4122476000000002,4.1338162800000005,-0.14,-63.560001,-92.330002,1770467756.736195
-5.34021084,2.0106576,3.2673186000000003,6.86,-74.410004,-97.089996,1770467756.744156
-4.394723040000001,2.64736584,2.333799,13.51,-86.800003,-101.220001,1770467756.752156
-3.03274188,2.33619264,1.8311346,10.57,-106.68,-105.139999,1770467756.760232
-2.85321888,3.71971656,1.11543624,14.77,-121.449997,-117.18,1770467756.768152
-1.39549212,4.61254428,0.60559092,19.459999,-132.300003,-96.599998,1770467756.776148
1.00772244,5.651384040000001,0.85931676,27.09,-159.110001,-60.48,1770467756.784146
0.8138376,5.737555080000001,1.86464556,35.91,-176.960007,-28.98,1770467756.792279
1.4720886,5.964950880000001,3.31997868,36.959999,-174.229996,-10.43,1770467756.80016
2.22129792,6.6854365200000005,5.18701788,37.169998,-154.979996,-0.77,1770467756.808152
3.25774404,7.22161188,7.55432784,35.419998,-122.010002,3.01,1770467756.816143
4.16972088,7.779330000000001,9.873765,30.870001,-77.769997,4.48,1770467756.824154
4.64844888,7.5639024,11.61394128,24.01,-29.68,3.43,1770467756.832173
4.3205202,6.692617440000001,13.349330280000002,11.9,25.76,4.2,1770467756.840182
2.9752945200000003,5.421594600000001,15.86743956,3.29,82.599998,-0.77,1770467756.848151
0.42606792,3.7508338800000005,18.61294464,3.99,143.080002,-14.91,1770467756.85616
-2.7694414800000002,0.64867644,20.87972172,16.450001,200.619995,-27.16,1770467756.864251
-4.667598,-1.1609154000000002,21.530791800000003,37.869999,207.899994,-15.68,1770467756.872181
-6.52984992,-1.855071,21.889837800000002,44.169998,154.839996,-4.69,1770467756.880198
-11.733623280000002,-4.83036552,21.79887948,25.9,100.309998,-16.17,1770467756.888207
-11.118457800000002,-4.2367428,19.03422528,8.33,31.15,-25.129999,1770467756.896189
-11.101702320000001,-4.50722412,16.24802832,-3.57,-31.92,-28.84,1770467756.90424
-9.62482644,-4.40908488,13.990825800000001,-15.19,-84.980003,-35.279999,1770467756.912163
-7.72427628,-4.15057176,12.29612868,-22.75,-119.209999,-41.369999,1770467756.920155
-5.71840596,-3.5330126400000004,10.910211120000001,-21.98,-135.660004,-43.68,1770467756.928151
-3.7077483600000005,-2.89869804,9.67748652,-22.75,-141.259995,-45.360001,1770467756.936149
-2.1423078,-2.03220036,8.32029264,-14.28,-141.330002,-40.880001,1770467756.944189
-0.78750756,-0.89282772,7.054057080000001,-12.53,-137.759995,-35.419998,1770467756.952149
0.31356684,0.019149120000000002,5.866811640000001,-11.97,-134.679993,-27.719999,1770467756.960156
0.6654319200000001,0.33989688,4.73701356,-15.05,-127.82,-19.040001,1770467756.968152
2.5492266,-1.256661,3.6024282000000003,-20.09,-126.699997,-14.35,1770467756.976753
4.53116052,1.51038684,1.63485612,-13.72,-127.260002,2.8,1770467756.984275
2.5372584,1.14415992,0.7707520800000001,6.23,-117.32,20.860001,1770467756.992178
2.3984272800000004,1.2614482800000002,0.10771380000000001,14.77,-105.559998,29.610001,1770467757.000153
2.17581876,1.39549212,-0.23457672000000002,26.67,-87.150002,36.610001,1770467757.008386
1.93645476,1.6683670800000001,-0.3710142,33.32,-60.34,37.169998,1770467757.016149
1.7880490800000002,1.9747530000000002,0.01436184,38.639999,-30.379999,42.0,1770467757.024217
1.79762364,2.2141170000000003,1.14655356,35.77,2.52,35.630001,1770467757.03214
2.07289224,2.99923092,2.79098424,28.98,33.459999,29.75,1770467757.040152
2.49417288,3.25295676,5.0984532,19.32,63.84,23.73,1770467757.048156
2.68327044,3.77955756,7.477731360000001,7.56,94.709999,10.08,1770467757.056157
2.68327044,4.06679436,9.780413040000001,5.46,129.570007,-1.68,1770467757.064195
2.5228965600000004,4.0045597200000005,12.08309472,8.54,158.059998,-18.129999,1770467757.07216
1.6468243200000001,3.6742374,14.144018760000002,10.01,171.5,-24.360001,1770467757.080228
0.22978944,3.7987066800000004,16.358135760000003,0.84,172.830002,-21.49,1770467757.088222
-1.42182216,2.66412132,19.955776680000003,-12.53,165.270004,-18.059999,1770467757.096123
-3.6287582400000002,0.41409972,23.11298784,-15.54,154.490005,-11.9,1770467757.104149
-5.30430624,-1.0292652,25.60716072,-2.52,122.150002,-3.15,1770467757.112155
-7.44661404,-1.6037388,25.652639880000002,7.98,75.529999,5.04,1770467757.120179
-9.72296568,-2.2404470400000003,22.68452628,-0.91,44.73,7.28,1770467757.128142
-9.28971684,-1.96757208,18.22996224,-23.309999,16.309999,-14.91,1770467757.136139
-8.463911040000001,-2.2835325600000003,14.5054584,-38.639999,2.73,-16.1,1770467757.144146
-7.64528616,-2.7766224000000004,11.554100280000002,-41.650002,0.91,-29.049999,1770467757.152148
-7.113898080000001,-2.90109168,9.52429356,-40.32,4.97,-34.650002,1770467757.160176
-6.86256588,-2.3002880400000003,7.961246640000001,-28.91,10.08,-35.419998,1770467757.168158
-6.8027248799999995,-1.4002794,6.8577786000000005,-20.860001,15.89,-41.16,1770467757.17614
-6.73570296,-0.32314139999999997,6.21388944,-14.56,17.08,-39.830002,1770467757.18415
-6.692617440000001,0.5026644,5.555638440000001,-7.98,14.98,-48.580002,1770467757.192191
-6.60165912,0.8329867200000001,4.7154708,-5.81,6.09,-49.560001,1770467757.200148
-6.2114958,0.8617104000000001,3.7221102,0.91,-6.58,-54.529999,1770467757.208141
-5.66813952,0.7970821200000001,2.6880577199999998,4.9,-22.889999,-54.110001,1770467757.21614
-5.021856720000001,0.7539966,1.82156004,12.46,-42.560001,-52.849998,1770467757.224143
-4.2128064,0.89282772,1.1585217600000002,16.59,-62.299999,-49.490002,1770467757.232146
-3.2840740800000003,1.40746032,0.85692312,20.860001,-85.120003,-44.099998,1770467757.240177
-2.4510873600000003,1.8909756,0.94309416,18.129999,-105.349998,-36.610001,1770467757.248267
-1.61091972,2.31943716,1.3093210800000001,13.23,-123.970001,-24.57,1770467757.256166
-1.01250972,2.3816718,1.91012472,4.34,-138.740005,-24.219999,1770467757.26417
-0.3710142,2.32661808,2.4415128,-2.31,-138.949997,-17.290001,1770467757.272146
0.59601636,2.69523864,3.0877956,0.42,-138.880005,-10.22,1770467757.280177
1.8766137600000001,3.3630642,4.480894080000001,6.65,-136.289993,14.14,1770467757.28816
2.79816516,4.05003888,6.764426640000001,6.79,-116.900002,23.1,1770467757.296128
3.5928536400000004,4.947653880000001,9.49317624,2.73,-87.360001,23.59,1770467757.304149
3.97583604,5.64180948,11.51580204,-0.91,-45.779999,20.299999,1770467757.312506
3.6359391600000004,5.550851160000001,12.86820864,-6.02,-0.49,22.469999,1770467757.320258
2.7407178,4.914142920000001,15.190039440000001,-11.76,48.16,22.120001,1770467757.32813
0.93112596,3.4899271200000004,18.3592188,-25.549999,104.440002,16.52,1770467757.336152
-0.30399228000000006,0.43564248000000005,21.20286312,-28.280001,150.5,27.51,1770467757.344151
-1.9627848,-2.5181092800000004,23.261393520000002,-3.85,176.050003,38.43,1770467757.352214
-4.12184808,-2.85082524,24.37682976,18.129999,158.690002,50.259998,1770467757.360147
-7.12825992,-3.43726704,23.895708120000002,3.64,135.800003,48.720001,1770467757.368135
-9.193971240000002,-4.03088976,19.654178039999998,-17.99,98.07,13.86,1770467757.376206
-9.871371360000001,-4.02370884,15.644831040000001,-35.560001,54.950001,-2.31,1770467757.384154
-9.395037,-3.9854106000000002,12.571397280000001,-49.77,10.5,-15.26,1770467757.392169
-8.25327072,-3.8058876000000006,10.295045640000001,-61.880001,-26.110001,-22.540001,1770467757.400147
-6.692617440000001,-3.3941815200000005,8.47109196,-58.099998,-52.990002,-24.780001,1770467757.408135
-5.2253161200000005,-2.4726301200000003,7.0492698,-53.130001,-73.709999,-30.17,1770467757.416159
-3.82503672,-1.47687588,6.0319728,-43.540001,-88.129997,-20.299999,1770467757.424162
-2.45826828,-0.6821874000000001,5.141538720000001,-33.32,-99.540001,-18.620001,1770467757.432268
-1.2446928,-0.28005588000000003,4.308552,-27.09,-108.919998,-4.27,1770467757.440147
-0.25851312000000004,-0.06941556,3.26013768,-17.43,-116.900002,1.12,1770467757.448177
0.41649336000000003,0.22500216000000003,2.1806060400000002,-14.56,-119.980003,9.8,1770467757.456152
0.46915344000000003,0.31356684,1.25426736,-2.24,-115.43,17.219999,1770467757.464273
1.35958752,0.016755480000000003,0.29681136,3.36,-112.209999,12.25,1770467757.472149
1.4840568,1.1824581600000001,-0.7851139200000001,12.11,-109.970001,16.940001,1770467757.480163
1.45054584,1.1489472,-0.85213584,28.629999,-97.440002,31.780001,1770467757.488428
1.47687588,1.4002794,-0.1436184,33.529999,-74.059998,34.439999,1770467757.496149
1.69230348,1.7904427200000002,1.09389348,37.380001,-43.119999,34.720001,1770467757.5042
2.1782124,1.9292738400000002,2.7694414800000002,36.610001,-6.72,33.810001,1770467757.512165
2.7718351200000004,2.0345940000000002,4.5886078800000005,34.23,27.860001,27.16,1770467757.520155
3.22183944,2.08486044,6.774001200000001,33.950001,68.949997,24.5,1770467757.528178
3.3510960000000005,2.80534608,9.19875852,34.650002,106.959999,13.37,1770467757.536133
3.2888613600000003,2.79816516,11.8604862,40.459999,140.559998,6.51,1770467757.54413
2.61146124,2.53486476,14.371414560000002,41.439999,165.410004,0.42,1770467757.552179
1.23511824,2.3816718,16.7435118,38.639999,181.509995,0.49,1770467757.560183
-0.31356684,2.1423078,21.195682200000004,30.870001,185.149994,5.32,1770467757.568176
-1.91012472,0.18670392000000002,25.880035680000002,17.43,172.339996,8.89,1770467757.576158
-3.9064204800000004,-2.0226258,27.12712212,26.32,140.279999,24.01,1770467757.584154
-5.96973816,-2.25480888,25.590405240000003,22.540001,89.25,22.469999,1770467757.592272
-8.72721144,-3.4229052,23.129743320000003,-4.55,63.630001,26.25,1770467757.60017
-8.21736612,-3.7316847600000003,18.3592188,-26.67,47.040001,2.73,1770467757.608187
-8.00433216,-3.9590805600000003,15.338445120000001,-40.669998,42.279999,-6.65,1770467757.616148
-7.60220064,-4.009347,12.82272948,-41.369999,45.990002,-18.48,1770467757.624154
-7.539966,-3.77955756,10.64930436,-34.790001,52.290001,-25.9,1770467757.632178
-7.56868968,-2.87715528,8.83731888,-28.35,57.959999,-34.369999,1770467757.640193
-7.72666992,-1.67794164,7.35326208,-19.879999,58.029999,-42.630001,1770467757.648147
-7.72666992,-0.53378172,6.1755912,-20.02,51.310001,-46.689999,1770467757.656146
-7.606987920000001,0.33989688,5.08169772,-15.12,38.360001,-50.470001,1770467757.664155
-7.3006020000000005,0.9119768400000001,4.11945444,-10.43,18.76,-54.880001,1770467757.672136
-6.6854365200000005,1.2375118800000002,3.28646772,-4.76,-2.59,-60.130001,1770467757.680182
-5.974525440000001,1.32607656,2.513322,3.43,-21.91,-57.889999,1770467757.688156
-5.1941988,1.37155572,1.7234208000000002,10.78,-40.529999,-58.73,1770467757.69616
-4.40190396,1.496025,0.80665668,14.42,-59.779999,-55.09,1770467757.704159
-3.45641616,1.8191664,0.11728836000000001,17.01,-78.68,-46.900002,1770467757.712251
-2.49417288,2.06571132,0.06941556,10.78,-98.489998,-35.91,1770467757.720149
-1.61331336,2.1303396,0.40213152,4.9,-116.690002,-27.16,1770467757.728153
-0.9478814400000001,2.1973615200000003,1.04362704,-1.89,-128.240005,-21.35,1770467757.736151
-0.5050580400000001,1.9771466400000002,1.6851225600000002,-3.57,-126.559998,-15.68,1770467757.744153
1.7712936000000001,2.79816516,1.8454964400000002,6.09,-121.519997,0.91,1770467757.75226
2.1183714,2.92981536,3.82503672,20.23,-114.449997,14.14,1770467757.760247
2.70960048,3.5330126400000004,6.2306449200000005,38.360001,-87.57,25.059999,1770467757.768164
3.21705216,4.53834144,8.97854364,41.299999,-48.580002,23.030001,1770467757.776137
3.2721058800000002,6.04633464,11.40330096,39.130001,-1.68,25.620001,1770467757.784135
2.41997004,6.977460600000001,12.257830440000001,21.91,39.41,18.76,1770467757.79232
1.0555952400000002,7.1043235199999994,14.50306476,2.66,73.849998,17.85,1770467757.800145
-0.9263386800000001,5.59872396,18.431028,-13.86,119.839996,11.13,1770467757.80819
-2.90109168,2.08007316,21.602601000000003,-12.6,164.5,12.25,1770467757.816166
-4.8902065200000004,-1.1369790000000002,23.098626000000003,18.129999,174.929993,32.34,1770467757.824158
-6.290485920000001,-1.4792695200000001,23.215914360000003,30.24,136.919998,51.310001,1770467757.83216
-11.511014760000002,-4.53834144,23.23506348,9.1,107.379997,45.709999,1770467757.840171
-11.12803236,-3.99498516,19.654178039999998,-6.3,61.950001,20.58,1770467757.848229
-11.230958880000001,-4.90935564,16.190580960000002,-26.530001,13.72,11.9,1770467757.856158
-10.35009936,-5.443137360000001,13.205711879999999,-41.09,-32.060001,1.61,1770467757.864148
-8.88997896,-5.048186760000001,10.84797648,-50.470001,-69.230003,-13.72,1770467757.872146
-7.08038712,-4.81361004,9.04317192,-54.110001,-94.57,-20.719999,1770467757.880145
-5.165475120000001,-4.071581640000001,7.53517872,-48.580002,-111.650002,-26.950001,1770467757.888205
-3.4396606800000002,-3.0638592,6.4891580399999995,-43.259998,-121.800003,-27.370001,1770467757.896154
-2.0465622,-1.99150848,5.59872396,-29.75,-126.349998,-19.530001,1770467757.904158
-0.78750756,-1.2686292,4.8949938,-22.120001,-130.199997,-13.86,1770467757.912135
0.31835412,-0.71091108,3.98301696,-17.219999,-133.979996,-5.53,1770467757.920171
0.80665668,-0.24654492000000003,2.9896563600000006,-9.1,-134.190002,-1.68,1770467757.928152
1.21118184,-0.63670824,1.9292738400000002,-6.37,-127.889999,3.64,1770467757.936155
2.0082639600000003,0.28963044000000004,0.75160296,0.77,-126.419998,6.44,1770467757.944168
1.88379468,0.95027508,-0.35904600000000003,11.34,-119.980003,5.95,1770467757.952205
1.96996572,1.2877783200000001,-0.9000086400000001,23.030001,-107.239998,21.35,1770467757.960156
1.99390212,1.40506668,-0.54574992,31.92,-85.75,25.059999,1770467757.968149
2.36012904,1.6444306800000001,0.5601117600000001,35.349998,-55.02,24.780001,1770467757.976493
3.0854019600000004,1.6037388,2.4678428400000003,39.549999,-20.790001,20.02,1770467757.984874
4.02370884,1.63485612,5.18701788,42.98,14.84,18.34,1770467757.992203
4.808822760000001,2.01544488,8.44236828,43.68,57.400002,8.19,1770467758.000164
5.0529740400000005,2.7598669200000003,11.345853600000002,46.41,105.209999,-1.33,1770467758.00833
4.96919664,3.1691793600000002,13.23443556,47.880001,147.839996,-16.799999,1770467758.016178
4.15057176,3.0973701600000005,14.6251404,47.669998,184.380005,-20.23,1770467758.024155
2.6210358,3.2290203600000003,16.145101800000003,43.610001,205.240005,-18.41,1770467758.032138
1.5199614000000001,2.752686,20.755252440000003,30.66,212.800003,-9.52,1770467758.040144
-1.0053288,0.7899012,25.62152256,26.18,203.490005,4.2,1770467758.048174
-4.1769018,-0.3829824,26.234294400000003,26.32,173.740005,12.18,1770467758.056249
-6.63277644,-0.4906962,25.2050292,19.110001,126.419998,25.48,1770467758.064158
-8.23890888,-0.22021488,21.40632252,-4.34,83.93,22.26,1770467758.072227
-9.71339112,-2.31464988,17.86373532,-32.34,69.720001,11.06,1770467758.080158
-8.81098884,-2.6210358,14.45279832,-40.459999,62.509998,-6.02,1770467758.088223
-8.562050280000001,-3.0255609600000004,11.549313000000001,-41.860001,63.91,-21.42,1770467758.096163
-8.468698320000001,-2.9106662400000003,9.02162916,-36.889999,70.489998,-24.92,1770467758.104158
-8.648221320000001,-2.40800184,6.991822440000001,-24.639999,72.940002,-37.380001,1770467758.112147
-8.86604256,-1.43857764,5.45989284,-17.360001,70.769997,-45.639999,1770467758.120149
-8.6889132,-0.56489904,4.751375400000001,-7.56,62.16,-54.740002,1770467758.128143
-8.2939626,-0.0359046,4.43302128,0.98,44.66,-61.950001,1770467758.136141
-7.62613704,0.22500216000000003,3.93993144,7.35,21.07,-66.220001,1770467758.144208
-6.74767116,0.40931244,3.2553504,15.33,-7.0,-69.230003,1770467758.152147
-5.7088314,0.6008036400000001,2.5276838400000003,17.99,-32.060001,-68.879997,1770467758.160144
-4.607757,0.7803266400000001,1.80959184,21.629999,-58.310001,-63.700001,1770467758.168143
-3.63115188,1.06756344,1.1250108,20.58,-83.370003,-58.099998,1770467758.176143
-2.7766224000000004,1.3883112000000002,0.79947576,19.879999,-103.669998,-48.439999,1770467758.184142
-1.7306017200000001,1.73299536,0.777933,12.74,-122.779999,-43.119999,1770467758.19233
-0.85213584,2.0202321600000004,1.06995708,4.76,-137.759995,-36.82,1770467758.200148
-0.33032232,1.8909756,1.6516116,2.38,-146.300003,-29.26,1770467758.208148
-0.24893856,1.5582596400000002,2.2739580000000004,0.91,-136.220001,-26.25,1770467758.21616
2.513322,1.7760808799999999,2.8077397200000003,10.85,-118.93,7.0,1770467758.224282
1.8670392,2.05134948,5.565213000000001,24.780001,-94.010002,17.219999,1770467758.232142
2.1782124,2.84364432,8.65779588,30.450001,-59.360001,22.68,1770467758.240144
2.26677708,3.82024944,12.23628768,29.120001,-10.71,20.65,1770467758.248146
1.5941642400000002,4.5239796000000005,13.794547320000001,19.67,37.380001,31.219999,1770467758.256146
0.00718092,4.1673272400000005,15.32408328,15.89,79.589996,30.73,1770467758.264192
-2.8867298400000005,2.573163,17.93793816,19.74,120.260002,29.33,1770467758.272296
-5.433562800000001,0.9359132400000001,19.76428548,28.42,148.259995,31.219999,1770467758.280134
-8.198217,0.37819512000000005,20.769614280000003,31.57,156.800003,35.700001,1770467758.288125
-10.1490336,-1.2327246,21.238767720000002,16.309999,139.089996,27.51,1770467758.296165
-11.690537760000002,-2.4726301200000003,21.30100236,3.01,95.970001,10.71,1770467758.30417
-12.564216360000001,-3.2074776,19.5321024,-16.59,41.09,-5.04,1770467758.312266
-12.09266928,-3.77955756,16.875162,-31.43,-16.870001,-20.23,1770467758.320163
-10.89345564,-3.7029610800000006,13.87353744,-41.93,-65.029999,-25.9,1770467758.328155
-9.165247560000001,-3.3941815200000005,11.4056946,-52.779999,-103.879997,-32.060001,1770467758.336152
-6.934375080000001,-2.86518708,9.45727164,-56.209999,-128.869995,-35.139999,1770467758.344141
-4.86627012,-1.91012472,7.68597804,-49.630001,-146.789993,-31.780001,1770467758.35217
-3.10933836,-0.73245384,6.077451959999999,-43.82,-157.779999,-27.370001,1770467758.3602
-1.46490768,0.14840568,4.67238528,-31.99,-165.410004,-18.76,1770467758.368154
-0.15079932000000001,0.33032232,3.61918368,-21.98,-171.009995,-10.01,1770467758.376154
0.48830256000000005,0.33271596000000003,2.56837572,-14.91,-170.869995,-5.18,1770467758.384152
0.93112596,0.00718092,1.4601204,-13.37,-166.460007,-7.14,1770467758.392221
3.13088112,2.11358412,-0.24415128000000003,0.49,-171.360001,21.139999,1770467758.400157
2.49896016,1.27341648,-0.5361753600000001,17.99,-163.100006,26.950001,1770467758.408155
2.47023648,1.2399055200000002,-0.87607224,22.4,-146.860001,28.629999,1770467758.416282
2.4463000800000003,1.4457585600000002,-0.8377740000000001,31.15,-120.190002,33.880001,1770467758.424146
2.5157156400000003,1.6635798000000002,-0.26808768000000005,35.91,-88.970001,28.42,1770467758.432157
2.8795489200000004,1.9388484000000001,1.00293516,35.419998,-49.209999,31.01,1770467758.440192
3.40614972,2.0585304,2.68327044,40.040001,-3.92,27.09,1770467758.448158
4.01892156,2.01544488,4.837546440000001,41.09,38.919998,25.969999,1770467758.456186
4.6197252,2.33140536,7.295814720000001,45.990002,81.199997,26.040001,1770467758.464162
4.78009908,3.0303482400000004,9.883339560000001,50.68,124.389999,11.27,1770467758.472244
4.75855632,3.1476366,12.59533368,49.0,159.600006,5.18,1770467758.480157
4.10030532,2.60428032,14.859717120000001,52.290001,184.589996,-2.1,1770467758.488239
2.5157156400000003,2.4343318800000002,17.31080448,42.0,201.880005,-1.54,1770467758.496166
1.11543624,1.67076072,21.87068868,26.18,206.149994,6.16,1770467758.504278
-1.1992136400000002,-0.6702192000000001,26.066739600000002,12.67,199.149994,3.71,1770467758.512226
-3.8058876000000006,-2.45587464,27.407178000000002,21.35,170.520004,16.59,1770467758.520158
-6.52506264,-2.31943716,26.614883159999998,17.01,117.949997,19.18,1770467758.528151
-10.721113560000001,-4.32530748,23.840654400000002,-13.3,88.059998,12.25,1770467758.536136
-9.16046028,-3.410937,18.9456606,-34.23,59.220001,-10.78,1770467758.544154
-8.89715988,-3.86094132,15.319296000000001,-45.639999,49.490002,-18.620001,1770467758.55216
-8.420825520000001,-4.01892156,12.46368348,-46.48,47.950001,-29.82,1770467758.560154
-8.119226880000001,-3.66945012,10.251960120000001,-38.919998,49.419998,-35.139999,1770467758.56815
-7.9492784400000005,-2.71199412,8.2819944,-31.219999,51.799999,-39.130001,1770467758.576149
-8.02826856,-1.40267304,6.81948036,-23.66,51.099998,-43.119999,1770467758.584177
-8.0905032,-0.12207564000000001,5.69207592,-22.889999,40.740002,-50.610001,1770467758.592459
-7.822415520000001,1.3907048400000002,4.64126796,-19.459999,24.290001,-62.299999,1770467758.600156
-7.1162917199999995,1.27341648,3.9590805600000003,-9.03,4.55,-66.43,1770467758.60814
-6.3383587200000004,1.5223550399999999,2.86518708,-4.34,-14.49,-71.470001,1770467758.616193
-5.677714079999999,1.4673013200000002,1.7760808799999999,5.32,-30.24,-66.779999,1770467758.624164
-4.75855632,1.6635798000000002,0.99096696,10.78,-48.09,-67.339996,1770467758.632151
-3.82024944,1.9412420400000001,0.299205,10.57,-66.290001,-62.02,1770467758.640153
-2.88912348,2.29071348,0.08617104,9.52,-89.25,-52.849998,1770467758.648152
-2.12555232,2.53486476,0.28244952,-0.35,-106.75,-48.369999,1770467758.656228
-1.29495924,2.86279344,0.6654319200000001,-10.78,-119.699997,-40.529999,1770467758.664156
-0.41170608000000003,2.65215312,1.31410836,-10.57,-123.830002,-33.740002,1770467758.672149
1.93406112,3.92796324,1.98911484,-8.26,-146.440002,-0.77,1770467758.68015
1.735389,3.1955093999999997,3.5258317200000002,5.25,-133.0,3.92,1770467758.688175
2.45587464,4.081156200000001,5.34260448,23.450001,-100.800003,30.73,1770467758.696159
2.81492064,3.9207823200000003,7.5639024,43.68,-56.139999,19.879999,1770467758.70425
3.4540225200000005,5.507765640000001,9.8258922,49.77,-13.37,13.93,1770467758.712153
2.2978944,6.76921392,10.68520896,33.669998,31.15,22.68,1770467758.720152
1.49841864,7.3987412400000006,12.95437968,17.5,69.580002,17.5,1770467758.728157
0.27766224,6.087026520000001,16.65494712,-6.02,109.059998,13.72,1770467758.736147
-2.24284068,3.36067056,20.353120920000002,-14.91,164.570007,5.18,1770467758.744166
-3.96865512,-0.66303828,22.92389028,7.56,181.369995,21.49,1770467758.752156
-5.672926800000001,-1.4792695200000001,22.682132640000003,16.799999,156.800003,51.52,1770467758.760152
-9.7181784,-1.40267304,22.91192208,16.24,117.529999,65.309998,1770467758.76817
-11.28361896,-3.76758936,21.11669208,-17.01,82.040001,17.01,1770467758.77615
-11.83894344,-4.31094564,17.54298756,-36.68,32.549999,11.69,1770467758.784138
-11.06101044,-5.17744332,14.51024568,-48.23,-11.34,11.13,1770467758.792154
-9.97429788,-5.543670240000001,11.50383384,-68.110001,-50.68,-14.49,1770467758.800177
-8.248483440000001,-5.349785400000001,9.41179248,-71.400002,-79.519997,-13.58,1770467758.808161
-6.42931704,-4.727439,7.5926260800000005,-70.419998,-100.169998,-30.450001,1770467758.816169
-4.796854560000001,-3.49232076,6.280911360000001,-61.740002,-112.349998,-18.620001,1770467758.824199
-3.2290203600000003,-2.5109283600000003,5.47904196,-49.98,-121.519997,-26.67,1770467758.83222
-1.8574646400000001,-1.77368724,4.751375400000001,-41.790001,-126.980003,-17.360001,1770467758.840147
-0.6127718400000001,-1.15373448,3.9016332000000005,-26.530001,-131.880005,-9.24,1770467758.848151
0.26808768000000005,-0.54096264,2.9393899200000004,-18.200001,-137.550003,-2.59,1770467758.85615
0.82819944,-0.02154276,1.91012472,-9.24,-139.860001,6.16,1770467758.864195
0.84734856,0.24415128000000003,0.78272028,-0.56,-135.100006,2.94,1770467758.872229
1.7904427200000002,-0.01436184,-0.32314139999999997,0.21,-132.649994,6.93,1770467758.880146
1.8790073999999999,0.9335196,-1.5127804800000002,14.98,-127.68,4.69,1770467758.88815
1.9723593600000002,0.8736786000000001,-1.58698332,24.99,-111.860001,15.61,1770467758.896162
2.25480888,1.0651698,-0.6199527600000001,36.400002,-86.519997,18.549999,1770467758.90419
2.9274217200000003,0.8832531600000001,1.3907048400000002,42.560001,-52.220001,16.870001,1770467758.912165
3.81546216,0.7180920000000001,4.394723040000001,44.73,-12.32,13.58,1770467758.920149
4.82079096,1.2159691200000002,7.827202800000001,47.669998,31.639999,7.28,1770467758.928152
5.23489068,1.9173056400000001,10.84079556,47.32,80.709999,-0.84,1770467758.936141
5.2540398,2.0561367600000002,13.02618888,47.950001,130.130005,-11.41,1770467758.944254
4.772918160000001,1.72820808,14.50067112,48.299999,168.630005,-19.6,1770467758.952151
4.00695336,1.95799752,15.123017520000001,47.740002,192.009995,-5.6,1770467758.960153
2.24284068,1.9268802000000003,18.644061960000002,44.869999,205.449997,2.52,1770467758.968152
0.70851744,0.9287323200000001,25.10210268,35.279999,202.509995,8.89,1770467758.976334
-2.35294812,-0.35186508,26.586159480000003,28.0,177.940002,16.66,1770467758.984957
-5.057761320000001,-0.45718524,25.20981648,11.41,139.300003,20.299999,1770467758.992175
-6.61123368,-0.67261284,22.198617360000004,-12.74,101.080002,28.77,1770467759.000168
-7.98039576,-1.60613244,18.50523084,-34.299999,85.959999,30.870001,1770467759.008351
-8.18385516,-2.6689086000000004,15.47248896,-52.919998,78.190002,10.43,1770467759.016162
-8.2460898,-3.0351355200000003,12.332033280000001,-49.0,79.029999,-3.36,1770467759.024157
-8.24369616,-2.8723680000000003,9.715784760000002,-44.66,81.339996,-14.0,1770467759.032538
-8.408857320000001,-2.18539332,7.6572543600000005,-35.0,80.709999,-24.57,1770467759.040239
-8.782265160000001,-1.12740444,5.73994872,-26.32,71.120003,-43.330002,1770467759.048158
-8.542901160000001,-0.15319296000000002,4.72504536,-22.26,54.529999,-52.779999,1770467759.056159
-8.22694068,0.0047872800000000005,4.12184808,-11.13,38.43,-57.119999,1770467759.06418
-7.26709104,0.13643748,3.4827462000000002,7.35,20.65,-61.25,1770467759.072175
-6.383837880000001,0.55532448,2.7359305199999997,17.85,1.19,-64.050003,1770467759.080244
-5.39047728,0.9095832,2.19975516,25.620001,-18.83,-64.050003,1770467759.088147
-4.428234000000001,1.35001296,1.63485612,27.790001,-40.110001,-56.349998,1770467759.096193
-3.5377999200000003,1.93645476,1.03165884,27.93,-63.209999,-49.630001,1770467759.104213
-2.573163,2.36730996,0.69654924,20.23,-86.800003,-41.93,1770467759.112154
-1.8000172800000003,2.53486476,0.85931676,7.84,-108.43,-31.5,1770467759.120144
-1.16570268,2.50374744,1.1728836,0.35,-127.260002,-27.719999,1770467759.128145
-0.45718524,2.3218308000000003,1.6492179599999999,-7.56,-132.789993,-21.07,1770467759.136141
0.33271596000000003,2.45826828,2.1423078,-0.07,-129.149994,-7.42,1770467759.144199
1.3428320400000002,2.4726301200000003,3.4300861200000003,14.14,-124.599998,19.389999,1770467759.152149
1.9771466400000002,1.8143791200000001,5.783034240000001,24.219999,-71.540001,70.839996,1770467759.160147
1.79762364,3.2673186000000003,8.20061064,35.209999,-14.56,20.02,1770467759.168143
1.8119854800000001,4.12663536,11.73122964,34.09,37.169998,55.509998,1770467759.17614
1.06277616,4.83994008,14.10093324,20.299999,87.5,15.47,1770467759.184142
-0.94309416,4.6747789200000005,16.73633088,9.31,125.650002,49.490002,1770467759.192163
-4.30615836,3.06864648,19.99646856,5.11,157.080002,20.440001,1770467759.200222
-7.73863812,1.496025,21.32254512,21.42,167.929993,31.92,1770467759.208156
-10.16339544,0.30877956,21.873082319999998,21.77,152.529999,43.049999,1770467759.216146
-13.05251892,-2.7598669200000003,22.05260532,8.33,120.959999,25.76,1770467759.224148
-13.69880172,-2.96332632,20.89168992,-2.24,68.599998,24.219999,1770467759.232206
-13.83763284,-3.4229052,18.158153040000002,-21.629999,3.08,1.89,1770467759.24014
-12.971135160000001,-4.3612120800000005,15.381530640000001,-35.91,-53.41,-3.92,1770467759.248142
-10.79292276,-4.1888700000000005,12.686292,-46.27,-98.139999,-11.97,1770467759.256137
-8.40646368,-4.44738312,10.57270788,-54.25,-127.540001,-18.129999,1770467759.264181
-6.01761096,-3.6862056,8.40646368,-55.23,-145.880005,-21.0,1770467759.272156
-3.87051588,-2.85800616,6.81469308,-48.650002,-157.360001,-23.450001,1770467759.280155
-2.1111904800000003,-1.9268802000000003,5.507765640000001,-42.490002,-163.800003,-18.83,1770467759.288126
-0.48830256000000005,-0.97181784,4.36599936,-31.99,-168.419998,-12.46,1770467759.296187
0.57207996,-0.49787712,3.36785148,-27.23,-168.630005,-2.31,1770467759.304278
0.8377740000000001,-0.28963044000000004,2.2260852000000004,-22.120001,-161.770004,1.96,1770467759.312152
2.59949304,-0.14840568,1.1130426000000002,-21.07,-164.289993,11.83,1770467759.32016
3.6838119600000003,1.3069274400000002,-0.31835412,1.68,-161.630005,27.860001,1770467759.328154
2.7287496000000004,0.69176196,-0.67979376,12.53,-148.75,33.810001,1770467759.336168
2.55162024,0.8258058,-1.256661,22.540001,-128.100006,39.900002,1770467759.344154
2.4798110400000004,1.0412334,-1.3643748000000002,29.889999,-100.660004,32.48,1770467759.352154
2.5827375600000004,1.5462914399999999,-0.6462827999999999,32.34,-62.650002,29.4,1770467759.360142
2.96332632,1.9962957600000002,1.13219172,33.669998,-21.35,23.24,1770467759.368132
3.5018953200000005,2.28113892,3.2721058800000002,33.459999,23.450001,20.23,1770467759.376144
4.1649336,2.3697036000000002,5.5388829600000005,34.439999,69.510002,11.06,1770467759.384191
4.440202200000001,2.5109283600000003,8.167099680000002,39.970001,112.139999,-1.96,1770467759.392178
4.41865944,2.90348532,10.678028040000001,44.66,155.259995,1.05,1770467759.400165
3.9566869200000006,2.9896563600000006,13.320606600000001,45.779999,190.610001,-16.030001,1770467759.408153
2.6736958800000004,2.70720684,15.87940776,42.209999,218.330002,-9.66,1770467759.416153
0.6079845600000001,2.6090676,19.49380416,33.810001,235.690002,-9.59,1770467759.424218
-1.5199614000000001,0.5026644,25.1691246,27.02,229.669998,4.97,1770467759.432158
-4.394723040000001,-1.5630469200000001,29.082726,42.560001,200.130005,16.17,1770467759.440149
-7.475337720000001,-1.3907048400000002,27.93138516,31.780001,139.300003,30.66,1770467759.448132
-9.82349856,-0.8545294800000001,24.47257536,8.12,82.949997,22.889999,1770467759.456237
-9.7660512,-1.42900308,19.34779212,-19.18,51.169998,17.85,1770467759.464183
-8.95939452,-2.38406544,15.75972576,-31.99,32.27,-2.45,1770467759.472145
-8.408857320000001,-3.07104012,13.10278536,-41.09,29.4,-7.49,1770467759.480145
-8.08571592,-3.2912550000000005,10.874306520000001,-36.330002,34.16,-14.7,1770467759.488145
-7.93970388,-2.78619696,9.01684188,-33.32,40.950001,-20.16,1770467759.496245
-7.97560848,-1.7784745200000003,7.2886338,-25.34,45.849998,-25.27,1770467759.504153
-7.913373840000001,-0.50027076,5.70165048,-20.65,44.099998,-35.0,1770467759.512157
-7.815234600000001,0.50984532,4.63648068,-18.76,35.98,-41.650002,1770467759.520184
-7.405922160000001,1.02208428,3.7388656800000004,-12.81,19.459999,-50.959999,1770467759.528214
-6.690223800000001,0.9766051200000001,2.99205,-5.04,5.18,-54.529999,1770467759.536134
-5.991280920000001,0.8832531600000001,2.0896477200000003,3.22,-11.2,-50.119999,1770467759.54415
-5.21334792,0.94309416,1.2063945600000001,6.09,-28.559999,-56.490002,1770467759.55215
-4.41147852,1.0532016,0.3949506,8.75,-46.900002,-51.799999,1770467759.560216
-3.51386352,1.29735288,-0.03111732,11.62,-65.449997,-51.939999,1770467759.568152
-2.3290117200000005,1.6420370400000002,0.12446928,9.24,-88.339996,-43.889999,1770467759.576148
-1.23511824,2.08486044,0.63670824,7.42,-109.550003,-38.709999,1770467759.584151
3.7029610800000006,-0.38776968,1.9867212,21.209999,-90.650002,-44.52,1770467759.59229
0.5481435600000001,0.76357116,2.5109283600000003,-8.12,-99.400002,-34.860001,1770467759.600164
0.6295273200000001,2.37209724,2.9393899200000004,-2.66,-102.410004,-8.4,1770467759.608224
1.40746032,2.84364432,4.40669124,20.02,-79.870003,7.0,1770467759.616155
1.63485612,3.68141832,7.420284,43.470001,-52.360001,27.16,1770467759.624143
1.57740876,4.07876256,10.879093800000001,46.689999,12.04,4.41,1770467759.63224
0.7803266400000001,5.7231932400000005,12.997465200000002,39.619999,58.939999,29.82,1770467759.640222
-0.61755912,5.70643776,14.68019412,28.07,97.720001,30.799999,1770467759.648151
-3.470778,4.234349160000001,17.2222398,24.780001,138.039993,14.14,1770467759.656151
-6.6064464,2.22847884,19.59912432,34.439999,157.919998,41.650002,1770467759.6643
-9.11019384,1.26623556,21.24116136,37.66,143.639999,38.080002,1770467759.672144
-11.03228676,0.30399228000000006,21.55233456,15.89,100.730003,47.740002,1770467759.680149
-13.176988200000002,-2.154276,21.94728516,-7.0,58.939999,22.469999,1770467759.688149
-13.332574800000002,-3.72450384,19.93662756,-25.48,8.12,9.03,1770467759.696364
-12.6743238,-4.70589624,17.00920584,-45.009998,-43.470001,-7.07,1770467759.704162
-11.06579772,-5.0984532,14.27088168,-60.200001,-86.449997,-17.290001,1770467759.712162
-8.94503268,-4.935685680000001,11.31952356,-66.639999,-115.919998,-27.719999,1770467759.720141
-6.592084560000001,-4.14578448,9.11019384,-63.98,-136.429993,-26.809999,1770467759.728219
-4.535947800000001,-3.4229052,7.25512284,-62.299999,-148.330002,-29.75,1770467759.736176
-2.7598669200000003,-2.17342512,5.62266036,-53.200001,-154.419998,-22.540001,1770467759.74415
-1.21836276,-1.2063945600000001,4.289402880000001,-43.75,-161.559998,-21.42,1770467759.752151
-0.04308552,-0.59841,3.0830083200000002,-32.759998,-162.539993,-7.84,1770467759.760144
0.69654924,-0.41409972,2.10161592,-19.110001,-160.300003,-3.22,1770467759.768216
1.8359218800000001,-0.90479592,1.256661,-11.97,-156.729996,-2.31,1770467759.776152
2.08486044,0.18909756000000003,0.1555866,0.21,-150.779999,17.08,1770467759.784171
2.3864590800000003,0.63910188,-0.60559092,14.63,-143.009995,10.22,1770467759.792204
2.45826828,0.94309416,-1.5917706,24.85,-132.440002,28.84,1770467759.800168
2.5540138800000003,0.8952213600000001,-1.0555952400000002,34.439999,-104.230003,26.6,1770467759.808155
2.3864590800000003,1.8526773600000002,-0.9407005200000002,38.43,-74.760002,28.07,1770467759.816461
2.60428032,2.04416856,0.7228792800000001,37.240002,-38.220001,21.700001,1770467759.824304
3.7556211600000005,2.85321888,2.9896563600000006,34.860001,0.28,22.469999,1770467759.832157
4.10030532,2.7407178,5.735161440000001,32.060001,41.509998,7.28,1770467759.840185
4.38754212,2.7814096800000003,8.456730120000001,36.75,84.629997,1.61,1770467759.848132
4.62451248,3.05428464,11.120851440000001,39.759998,128.729996,-2.45,1770467759.856156
4.40190396,3.1237002,13.792153680000002,42.419998,164.360001,-12.11,1770467759.864171
3.5856727200000003,2.1447014400000004,15.47727624,34.299999,187.179993,-14.14,1770467759.872327
1.44097128,2.64018492,17.50468932,27.299999,202.720001,-13.37,1770467759.880155
0.20106576,0.8497422000000001,22.55048244,28.84,208.460007,-2.87,1770467759.888151
-1.96757208,-1.4146412400000001,26.54068032,38.57,193.339996,9.52,1770467759.89615
-4.77770544,-2.03220036,26.06195232,44.52,145.809998,17.5,1770467759.90417
-6.9224068800000005,-1.8239536800000002,23.981879160000002,30.1,96.389999,33.32,1770467759.912197
-9.852222240000001,-3.83700492,20.681049599999998,-4.48,77.629997,18.620001,1770467759.92016
-8.49981564,-3.2792868000000004,17.294049,-23.59,56.139999,1.82,1770467759.928154
-8.2819944,-3.45641616,14.519820240000001,-28.42,55.299999,-12.11,1770467759.936145
-8.07374772,-3.23859492,11.965806360000002,-27.02,60.200001,-21.42,1770467759.94415
-7.994757600000001,-2.513322,9.97429788,-21.91,66.43,-33.32,1770467759.952258
-8.0306622,-1.4242158,8.119226880000001,-19.530001,73.779999,-40.880001,1770467759.96016
-8.064173160000001,-0.13643748,6.54899904,-14.21,73.989998,-46.549999,1770467759.968152
-8.10965232,0.7731457199999999,5.206167,-17.57,65.169998,-56.0,1770467759.976528
-7.690765320000001,1.4146412400000001,3.9734424,-16.66,44.029999,-68.25,1770467759.98495
-6.821874,1.08671256,3.34870236,-5.53,29.889999,-74.970001,1770467759.992176
-6.53224356,1.29495924,1.9795402800000002,-0.56,8.75,-64.82,1770467760.00023
-5.77824696,1.5941642400000002,1.08671256,7.14,-10.22,-72.449997,1770467760.008169
-4.90935564,1.50081228,0.49548348,11.2,-26.809999,-64.400002,1770467760.016237
-3.7747702800000003,1.63006884,0.09813924000000002,13.3,-44.240002,-51.310001,1770467760.024148
-2.5588011600000002,1.88379468,0.24893856,11.55,-61.599998,-48.790001,1770467760.032159
-1.50081228,2.09682864,0.6343146,4.41,-73.849998,-35.0,1770467760.040154
-0.7683584400000001,2.01544488,1.1226171600000001,-3.15,-84.419998,-31.780001,1770467760.04815
-0.47872800000000004,1.70666532,1.6516116,-11.13,-86.099998,-20.440001,1770467760.056164
0.14840568,1.76411268,2.06571132,-8.19,-80.220001,-1.33,1770467760.064158
1.0340524800000002,2.70720684,3.01119912,2.52,-78.120003,18.969999,1770467760.072182
-0.21064032000000002,3.9207823200000003,5.737555080000001,12.11,-59.009998,29.889999,1770467760.080165
0.70373016,3.3917878800000003,10.48174956,27.51,-31.360001,29.540001,1770467760.088143
-0.25372584000000004,5.35217904,13.74906816,23.24,20.440001,19.879999,1770467760.096143
-1.8143791200000001,5.65377768,15.946429680000001,6.3,50.330002,42.77,1770467760.10416
-4.41865944,4.07397528,18.40948524,-6.02,70.279999,25.059999,1770467760.112259
-7.33171932,1.63485612,19.979713080000003,1.19,75.879997,40.18,1770467760.120178
-9.9575424,0.18191664000000002,19.73316816,13.44,75.879997,57.68,1770467760.128159
-11.78388972,-2.70241956,20.874934440000004,3.99,72.940002,38.5,1770467760.136156
-11.362609080000002,-4.21998732,20.71216692,-3.36,44.169998,27.860001,1770467760.144215
-11.59000488,-4.966803,19.73316816,-13.65,8.33,16.870001,1770467760.152137
-11.61154764,-5.72558688,17.04989772,-33.110001,-21.91,9.45,1770467760.160139
-10.232811,-5.4527119200000005,14.05784772,-42.98,-54.669998,-14.49,1770467760.168139
-8.6410404,-5.06494224,11.43202464,-56.630001,-88.550003,-21.98,1770467760.176138
-6.66150012,-4.1170608,9.0120546,-63.77,-117.879997,-21.98,1770467760.18415
-4.78728,-2.89391076,7.3245384,-63.209999,-139.649994,-24.219999,1770467760.192243
-3.0040182,-1.73778264,5.962557240000001,-59.57,-153.229996,-13.02,1770467760.200171
-0.71091108,-1.3667684400000002,5.153506920000001,-44.240002,-154.559998,-11.76,1770467760.208146
0.43564248000000005,-0.17952300000000002,3.36067056,-39.830002,-157.5,9.1,1770467760.216152
0.70373016,0.28005588000000003,2.20932972,-29.75,-154.490005,5.39,1770467760.224153
1.8431028,-0.35186508,1.38113028,-24.780001,-149.449997,10.78,1770467760.232182
2.37927816,1.555866,-0.24415128000000003,-11.55,-152.880005,9.87,1770467760.24024
2.56358844,1.5798024,-0.78272028,3.57,-148.679993,24.15,1770467760.248136
2.31943716,1.9603911600000001,-1.38113028,12.74,-135.520004,30.799999,1770467760.256141
2.27874528,2.13273324,-1.41703488,19.67,-117.879997,24.709999,1770467760.264147
2.67608952,2.0704986,-0.70133652,29.469999,-85.470001,22.26,1770467760.272153
3.26253132,1.9771466400000002,1.23033096,30.1,-47.040001,24.15,1770467760.280164
4.11945444,1.65639888,3.7077483600000005,35.419998,-9.45,9.1,1770467760.288129
4.7753118,1.8478900800000002,6.285698640000001,42.91,32.549999,-8.19,1770467760.296144
5.52212748,1.70666532,9.435728880000001,49.98,87.5,-0.98,1770467760.304192
5.41441368,2.08007316,12.087882,58.099998,131.740005,-23.24,1770467760.312154
4.81839732,2.03938128,14.44083012,55.860001,170.940002,-14.0,1770467760.320168
3.21465852,1.70187804,15.929674200000001,54.040001,206.710007,-22.120001,1770467760.328253
0.7899012,1.22793732,18.9935334,45.290001,221.130005,-10.22,1770467760.336149
-0.9215514,-0.46436616000000003,26.20557072,48.439999,219.589996,-0.63,1770467760.344148
-3.96626148,-1.5079932,30.042575640000003,45.43,187.600006,17.639999,1770467760.352151
-7.0420888800000006,-1.77368724,27.9936198,24.219999,131.25,32.48,1770467760.360153
-9.23226948,-2.07528588,23.22070164,0.35,85.050003,34.02,1770467760.368191
-9.737327520000001,-3.1237002,18.46214532,-26.25,66.709999,29.33,1770467760.376153
-9.12455568,-4.3803612,14.95306908,-34.439999,57.259998,7.07,1770467760.384134
-8.85886164,-4.8902065200000004,12.20995764,-35.0,57.189999,5.18,1770467760.392156
-8.68651956,-4.29179652,9.84504132,-33.32,58.73,-13.65,1770467760.400336
-8.86604256,-3.15721116,8.02826856,-26.530001,62.650002,-15.33,1770467760.408131
-8.88279804,-1.52953596,6.534637200000001,-23.309999,62.860001,-21.07,1770467760.41616
-8.72721144,-0.10771380000000001,5.52452112,-21.629999,53.48,-29.26,1770467760.424222
-8.28678168,0.84495492,4.67717256,-21.209999,35.07,-36.119999,1770467760.43216
-7.58065788,1.19682,3.8058876000000006,-20.02,15.12,-39.130001,1770467760.440156
-6.642351000000001,1.2829910400000002,2.90109168,-13.44,-6.93,-46.200001,1770467760.448159
-5.70404412,1.1417662800000001,2.0561367600000002,-9.66,-27.16,-43.75,1770467760.456174
-4.8710574,0.91915776,1.06756344,-2.94,-44.59,-43.540001,1770467760.464141
-3.5425872000000003,0.7228792800000001,0.33032232,7.14,-52.709999,-42.419998,1770467760.472211
-2.53247112,1.1824581600000001,-0.34229052,6.44,-69.580002,-37.029999,1770467760.480162
-1.38113028,1.4912377200000002,-0.009574560000000001,9.45,-83.440002,-31.15,1770467760.488146
-0.27766224,1.7880490800000002,0.6702192000000001,7.91,-93.519997,-31.85,1770467760.496156
0.11250108000000002,1.7473572000000002,1.4098539600000002,5.39,-95.690002,-13.79,1770467760.504144
0.35425872,1.31410836,2.26438344,2.87,-85.68,-27.02,1770467760.512159
3.7532275200000003,3.52343808,2.1207650399999998,9.52,-78.889999,-3.15,1770467760.520171
2.453481,2.28113892,4.7609499600000005,24.01,-54.669998,17.780001,1770467760.528357
2.60428032,3.0255609600000004,7.0253334,35.209999,-10.29,26.809999,1770467760.536136
1.95799752,4.62690612,9.92642508,33.32,37.099998,30.66,1770467760.544152
0.6343146,6.0894201599999995,12.341607840000002,18.76,76.580002,31.08,1770467760.552169
-1.67076072,6.8027248799999995,14.74960968,-2.59,106.540001,36.259998,1770467760.560238
-5.072123160000001,4.966803,18.30895236,-13.58,132.929993,36.400002,1770467760.568176
-8.31311172,1.96757208,21.68159112,6.86,131.740005,60.34,1770467760.57615
-11.28361896,0.39255696000000007,22.97655036,27.299999,99.190002,74.970001,1770467760.584154
-14.70173688,-3.4851398400000004,23.72575968,13.86,71.120003,66.779999,1770467760.592178
-13.995613080000002,-3.8034939600000004,22.284788400000004,-0.98,24.43,44.450001,1770467760.600179
-13.50970416,-4.61254428,20.06588412,-11.62,-19.879999,32.900002,1770467760.608139
-12.42777888,-5.08409136,17.25096348,-29.120001,-57.610001,19.110001,1770467760.616147
-10.713932640000001,-5.52452112,14.558118480000001,-44.310001,-90.019997,0.77,1770467760.624209
-8.5093902,-5.1822306,11.8963908,-55.439999,-116.199997,-13.09,1770467760.632255
-6.2593686,-4.51919232,9.634401,-63.630001,-137.199997,-26.6,1770467760.640149
-4.22716824,-3.4827462000000002,7.92773568,-61.18,-153.229996,-24.01,1770467760.648151
-2.33140536,-2.39603364,6.60165912,-55.93,-167.649994,-21.98,1770467760.656146
-0.60559092,-1.3165020000000003,5.579574840000001,-45.290001,-178.080002,-14.49,1770467760.664178
0.55293084,-0.8832531600000001,4.68435348,-33.669998,-171.289993,-11.13,1770467760.672314
1.8239536800000002,-0.85692312,3.7628020800000006,-33.32,-168.770004,6.79,1770467760.680149
3.0877956,-0.44761068000000004,2.3768845200000004,-29.540001,-169.399994,7.77,1770467760.688159
3.46838436,-0.038298240000000004,1.1226171600000001,-18.969999,-167.440002,15.82,1770467760.69614
3.87290952,0.41888700000000006,0.05744736,-7.35,-159.460007,28.84,1770467760.70415
3.59524728,0.9454878,-0.9095832,2.45,-152.110001,36.259998,1770467760.712155
3.0423164400000005,1.5941642400000002,-1.6875162000000001,4.9,-140.979996,41.860001,1770467760.720158
3.92317596,0.34707780000000005,-1.86225192,12.67,-125.720001,44.939999,1770467760.728255
2.9106662400000003,1.5486850800000003,-1.52714232,22.889999,-82.669998,31.360001,1770467760.736178
4.1338162800000005,0.777933,0.39973788,29.75,-37.029999,48.09,1770467760.744146
4.41147852,0.6295273200000001,2.752686,49.77,18.83,23.450001,1770467760.752148
5.4527119200000005,0.5505372000000001,6.084632880000001,60.549999,70.489998,36.049999,1770467760.760175
5.74234236,1.5917706,9.35434512,65.169998,129.5,23.030001,1770467760.768736
5.58196848,2.3912463600000002,11.546919360000002,66.919998,176.610001,12.39,1770467760.776149
5.33302992,2.5228965600000004,13.33496844,63.91,216.720001,1.82,1770467760.78414
4.29897744,2.0202321600000004,15.0081228,56.419998,247.800003,1.12,1770467760.792148
2.2452343200000002,1.15134084,18.09352476,52.220001,267.679993,18.059999,1770467760.800163
-0.44521704,1.01969064,24.029751960000002,48.299999,264.529999,27.65,1770467760.80816
-3.7556211600000005,-0.69654924,27.134303040000002,34.02,234.710007,48.580002,1770467760.816183
-7.10671716,-1.3907048400000002,25.552107,24.85,179.619995,58.799999,1770467760.824284
-10.950903000000002,-3.3870006000000004,22.560057,-9.52,137.619995,58.029999,1770467760.832213
-10.931753879999999,-3.7819512,17.43527376,-24.219999,107.730003,36.259998,1770467760.840152
-10.98441396,-4.2726474,14.57248032,-28.209999,89.040001,17.780001,1770467760.848149
-10.65409164,-4.289402880000001,12.66474924,-31.219999,77.209999,0.35,1770467760.856165
-10.323769320000002,-3.87290952,10.79771004,-28.559999,73.080002,-14.0,1770467760.864284
-9.933606,-3.0447100799999998,9.024022800000001,-24.360001,68.529999,-32.41,1770467760.872145
-9.59131548,-1.99390212,7.367623920000001,-24.219999,61.529999,-42.630001,1770467760.880153
-8.93545812,-0.88085952,5.7926088,-22.33,45.709999,-54.880001,1770467760.888151
-8.068960440000001,-0.0359046,4.7992482,-19.459999,24.99,-51.939999,1770467760.89613
-7.06841892,-0.47394072000000004,4.42105308,-8.19,-2.24,-63.07,1770467760.904156
-6.082239240000001,1.0149033600000001,3.5330126400000004,-4.34,-28.98,-64.190002,1770467760.912192
-5.36654088,1.256661,3.0351355200000003,0.91,-44.450001,-57.119999,1770467760.920149
-4.492862280000001,1.78565544,2.31225624,4.9,-64.190002,-58.099998,1770467760.928159
-3.36067056,2.154276,1.79523,5.74,-80.43,-47.110001,1770467760.936159
-2.2978944,2.3984272800000004,1.34761932,7.0,-97.580002,-37.939999,1770467760.944267
-1.14655356,2.07289224,1.2925655999999999,3.78,-110.110001,-30.17,1770467760.952147
-0.63910188,2.0944350000000003,1.2016072800000002,-4.13,-108.639999,-24.219999,1770467760.96015
0.28005588000000003,2.8005588,1.13937264,-8.68,-110.110001,-20.65,1770467760.968154
1.4696949600000002,3.63354552,1.27820376,1.75,-114.660004,10.71,1770467760.97633
1.90055016,3.47556528,1.92209292,9.31,-98.980003,21.35,1770467760.984424
2.04416856,3.41333064,3.32955324,22.33,-64.260002,37.52,1770467760.992284
1.96757208,4.00216608,5.550851160000001,34.650002,-7.91,40.110001,1770467761.000149
1.44097128,5.78782152,8.63385948,42.419998,58.310001,35.139999,1770467761.008164
0.57207996,7.616562480000001,12.564216360000001,31.360001,113.050003,31.43,1770467761.016871
-1.35480024,8.377740000000001,16.1690382,7.77,149.520004,28.77,1770467761.024166
-4.966803,6.64713828,19.421994960000003,-22.889999,173.389999,33.25,1770467761.032192
-8.985724560000001,2.99923092,21.44940804,-7.49,172.130005,42.209999,1770467761.040149
-12.772463040000002,2.08007316,20.657113199999998,15.33,152.740005,54.599998,1770467761.048232
-16.54244604,0.04069188,20.614027680000003,5.11,115.080002,35.700001,1770467761.056155
-16.00627068,-3.4396606800000002,19.398058560000003,-9.24,46.619999,23.59,1770467761.064165
-16.55441424,-4.2319555200000005,17.69857416,-29.4,-12.95,24.57,1770467761.072239
-15.51796812,-5.30430624,15.769300320000001,-39.759998,-67.269997,-3.99,1770467761.080162
-12.40384248,-6.156442080000001,13.96928304,-40.18,-107.239998,-25.690001,1770467761.088148
-9.12934296,-6.0367600800000005,11.95144452,-40.529999,-140.419998,-23.309999,1770467761.096145
-6.5442117600000005,-5.17983696,9.663124680000001,-46.200001,-167.440002,-40.459999,1770467761.10413
-4.37557392,-3.8178558000000002,7.6572543600000005,-49.419998,-188.789993,-31.5,1770467761.112138
-2.43911916,-2.73114324,6.38144424,-45.009998,-203.210007,-31.99,1770467761.120197
-0.44282340000000003,-1.88618832,5.5604257200000005,-31.01,-211.119995,-19.6,1770467761.12815
0.9526687200000001,-1.1609154000000002,4.86627012,-19.809999,-212.100006,-12.88,1770467761.136147
2.1590632800000003,-1.0053288,4.1888700000000005,-12.53,-205.240005,-0.56,1770467761.144149
3.43726704,-0.29441772,2.9369962800000002,-5.32,-207.410004,2.73,1770467761.152287
3.59524728,0.17473572,1.78565544,2.31,-200.339996,9.31,1770467761.160144
4.136209920000001,1.0149033600000001,0.32314139999999997,13.09,-185.639999,27.719999,1770467761.168147
2.76704784,1.1848518000000001,-0.40452516000000005,20.23,-157.990005,30.450001,1770467761.176145
3.16678572,0.8329867200000001,-1.22793732,24.01,-133.210007,45.150002,1770467761.184146
3.4851398400000004,1.04602068,-1.38352392,31.92,-93.099998,37.73,1770467761.192143
3.4588098,0.5361753600000001,-0.16276752,33.740002,-53.48,48.09,1770467761.200194
3.82743036,0.45718524,1.39788576,44.450001,8.75,20.58,1770467761.208219
4.49764956,0.67979376,3.61918368,46.900002,55.509998,35.139999,1770467761.216157
4.83275916,1.0053288,6.86256588,49.630001,103.459999,13.72,1770467761.224153
5.02425036,1.68272892,9.68466744,49.560001,156.380005,-7.84,1770467761.232151
4.80403548,1.7593254,12.06873288,45.849998,211.119995,3.57,1770467761.240142
4.1050926,0.5792608800000001,13.89747384,31.639999,255.570007,-16.940001,1770467761.248169
2.7718351200000004,0.83059308,16.03020708,25.200001,285.459991,11.06,1770467761.256226
0.4667598,0.9981478800000001,21.853933200000004,12.11,302.119995,20.02,1770467761.264148
-4.07636892,-0.55771812,27.287496,-1.12,286.790009,32.27,1770467761.27215
-7.393953960000001,-1.7784745200000003,26.930843640000003,6.58,223.440002,59.290001,1770467761.280136
-12.741345720000002,-2.99205,24.23799864,-6.09,156.309998,47.599998,1770467761.288125
-14.024336760000002,-3.2673186000000003,18.60337008,-24.360001,88.760002,38.779999,1770467761.296146
-12.6384192,-3.93993144,14.92913268,-25.969999,58.52,13.93,1770467761.304141
-11.774315160000002,-2.94896448,12.731771160000001,-25.690001,34.299999,-1.89,1770467761.312213
-10.87191288,-1.9986894000000002,11.130426000000002,-28.98,18.9,-25.129999,1770467761.320191
-9.99823428,-0.9766051200000001,9.7660512,-28.139999,2.45,-39.060001,1770467761.328156
-9.32083416,-0.0119682,8.21736612,-30.66,-12.6,-49.139999,1770467761.33615
-8.26523892,0.6199527600000001,6.687830160000001,-26.809999,-28.35,-59.150002,1770467761.344301
-7.12347264,1.14415992,5.43835008,-23.309999,-38.779999,-67.199997,1770467761.352157
-5.90510988,1.4912377200000002,4.33727568,-19.040001,-49.77,-72.379997,1770467761.360151
-4.75616268,1.6468243200000001,3.31997868,-8.12,-56.349998,-70.279999,1770467761.368146
-3.77955756,1.82156004,2.43672552,3.36,-65.029999,-67.480003,1770467761.376148
-2.96571996,2.08007316,1.62528156,12.88,-73.010002,-61.040001,1770467761.384204
-2.4032145600000003,2.3768845200000004,1.23511824,19.809999,-82.879997,-54.950001,1770467761.392188
-1.84070916,2.91305988,1.0412334,17.08,-92.190002,-48.23,1770467761.400163
-0.7348474800000001,2.90587896,1.16809632,15.68,-104.790001,-35.349998,1770467761.408142
0.39255696000000007,3.5210444400000003,1.0340524800000002,9.1,-123.620003,-18.620001,1770467761.416261
0.8329867200000001,3.64312008,1.1369790000000002,10.43,-141.119995,7.28,1770467761.424143
0.8138376,3.6885992400000003,1.2877783200000001,9.45,-142.309998,17.290001,1770467761.432165
1.08431892,3.3630642,1.7593254,11.55,-123.760002,28.42,1770467761.440152
1.5367168800000002,3.4300861200000003,3.01119912,23.870001,-87.220001,29.889999,1770467761.448361
1.75453812,3.96626148,5.18701788,35.209999,-30.379999,31.639999,1770467761.456161
2.0130512400000002,5.021856720000001,8.078535,40.740002,43.049999,32.27,1770467761.464156
1.9532102400000002,5.735161440000001,11.11606416,37.52,109.269997,26.389999,1770467761.472149
0.7611775199999999,5.9721318000000005,14.6371086,15.96,160.229996,25.129999,1770467761.480144
-1.7449635600000002,5.2037733600000005,19.01028888,-10.22,197.050003,18.549999,1770467761.488131
-5.58675576,2.15666964,23.24703168,-14.35,218.470001,16.73,1770467761.496191
-10.99398852,0.045479160000000005,23.505544800000003,13.23,195.160004,47.040001,1770467761.504154
-16.78420368,-2.92981536,23.122562400000003,3.92,168.279999,40.18,1770467761.512244
-15.53951088,-2.9369962800000002,20.30764176,-1.33,109.059998,28.42,1770467761.520152
-15.922493280000001,-3.92796324,18.77331852,-4.13,40.040001,9.66,1770467761.528178
-15.357594240000001,-4.64844888,16.621436160000002,-19.6,-33.810001,2.73,1770467761.536165
-13.56954516,-4.99792032,14.47912836,-34.369999,-94.010002,-15.26,1770467761.544193
-10.7833482,-5.467073760000001,12.533099040000002,-45.009998,-141.190002,-29.469999,1770467761.552156
-7.83677736,-5.036218560000001,10.486536840000001,-50.889999,-173.110001,-34.23,1770467761.560151
-5.09366592,-4.342062960000001,8.69130684,-47.25,-194.949997,-43.189999,1770467761.568177
-2.8603998,-2.9872627200000004,7.360443,-42.419998,-206.639999,-41.509998,1770467761.576152
-0.70373016,-2.2380534,6.278517720000001,-28.629999,-210.0,-36.119999,1770467761.584151
0.3829824,-2.0417749200000004,5.562819360000001,-12.67,-211.539993,-40.389999,1770467761.592151
2.13512688,-1.7090589600000001,4.5718524,-10.57,-194.949997,1.12,1770467761.600144
2.9705072400000003,-1.83352824,3.41572428,-11.2,-180.669998,-31.290001,1770467761.608154
4.51919232,0.19867212,1.5223550399999999,3.08,-176.539993,29.540001,1770467761.616264
4.16253996,-0.43803612,0.52181352,14.07,-158.199997,28.0,1770467761.624146
3.710142,-0.538569,-0.56729268,15.96,-137.830002,40.18,1770467761.632158
3.31997868,-0.08617104,-1.79762364,17.57,-115.010002,49.98,1770467761.640157
2.9561454,-0.02872368,-2.2141170000000003,24.08,-83.650002,49.07,1770467761.648354
2.80295244,0.43803612,-1.7497508400000001,32.759998,-48.02,55.790001,1770467761.656152
3.0877956,1.0651698,-0.13643748,46.130001,-5.95,46.27,1770467761.664156
3.61918368,1.50320592,2.23326612,50.400002,38.639999,41.23,1770467761.67215
3.8585476800000005,2.69763228,5.19898608,51.59,85.260002,32.689999,1770467761.680182
4.16972088,3.6885992400000003,8.85886164,42.139999,130.130005,22.82,1770467761.688185
4.42344672,4.385148480000001,11.16154332,34.299999,171.080002,9.03,1770467761.696158
4.1649336,4.52876688,12.78682488,22.540001,200.130005,1.47,1770467761.704133
3.26253132,3.87051588,14.555724840000002,16.870001,220.429993,2.17,1770467761.712167
1.4242158,4.1769018,17.12888784,8.89,231.070007,10.15,1770467761.720154
-0.9383068800000001,1.33325748,20.25976896,-6.44,231.559998,11.9,1770467761.728231
-4.34685024,-0.60559092,22.56723792,-11.34,214.830002,3.85,1770467761.736305
-6.66150012,-1.74017628,24.194913120000002,5.88,183.190002,23.799999,1770467761.74415
-10.074830760000001,-3.16199844,24.029751960000002,7.91,127.610001,35.139999,1770467761.752165
-11.19744792,-4.13142264,20.623602240000004,4.97,91.419998,3.5,1770467761.760183
-10.92457296,-3.56891724,16.88234292,-3.15,58.939999,-7.49,1770467761.76818
-9.99823428,-2.8675807200000003,14.550937560000001,-12.88,41.720001,-31.780001,1770467761.776153
-9.11258748,-1.96757208,12.521130840000001,-16.870001,32.200001,-46.200001,1770467761.784134
-8.32747356,-1.4146412400000001,10.66605984,-21.139999,28.07,-52.779999,1770467761.792151
-7.24554828,-1.06995708,8.87322348,-30.030001,22.33,-53.060001,1770467761.800151
-6.934375080000001,-0.17952300000000002,7.0301206800000005,-27.02,18.41,-58.59,1770467761.808134
-6.47718984,0.44761068000000004,5.567606640000001,-27.58,11.06,-55.09,1770467761.816299
-5.783034240000001,0.7922948400000001,4.51440504,-26.32,8.61,-45.57,1770467761.824263
-5.31148716,1.16809632,3.3271596000000003,-8.89,-0.98,-68.809998,1770467761.832164
-4.698715320000001,1.57501512,2.36012904,0.14,-11.69,-48.02,1770467761.840157
-4.19844456,1.8718264800000002,1.735389,10.01,-30.17,-60.27,1770467761.848346
-3.6287582400000002,2.5611948,1.02687156,6.51,-47.32,-47.810001,1770467761.856493
-3.32237232,2.54443932,1.3739493600000001,3.57,-58.029999,-40.599998,1770467761.864152
-1.94602932,3.0399228000000003,1.09149984,4.2,-74.480003,-34.23,1770467761.872211
1.4098539600000002,1.32368292,5.47664832,9.59,-97.440002,-17.01,1770467761.880151
0.7731457199999999,1.4840568,1.9723593600000002,8.68,-97.650002,-27.16,1770467761.888154
1.50081228,2.3433735600000003,1.55347236,2.1,-93.519997,25.83,1770467761.896151
1.4242158,2.59470576,1.4673013200000002,3.57,-81.690002,42.349998,1770467761.904165
1.6731543600000003,2.9944436400000005,2.0585304,12.74,-58.310001,33.110001,1770467761.912246
2.0202321600000004,3.7268974800000003,3.92317596,21.629999,-23.940001,44.59,1770467761.920159
1.6635798000000002,4.9308984,6.64713828,30.52,28.07,28.91,1770467761.928152
1.2829910400000002,6.197133960000001,10.51286688,30.66,79.379997,42.419998,1770467761.936146
0.13404384000000003,6.74767116,14.352265440000002,19.18,123.970001,28.84,1770467761.944156
-2.68327044,6.699798360000001,17.7488406,-5.32,149.029999,24.360001,1770467761.952169
-6.340752360000001,4.342062960000001,21.30100236,-22.120001,154.350006,21.35,1770467761.960152
-11.47989744,2.09922228,22.227341040000002,7.21,134.610001,34.16,1770467761.968148
-15.58738368,0.24893856,21.87547596,4.69,106.959999,38.220001,1770467761.976481
-15.182858520000002,-1.42182216,20.3220036,0.21,63.419998,19.110001,1770467761.984343
-15.16849668,-2.71438776,18.909756,-4.41,9.73,6.09,1770467761.99219
-13.816090080000002,-4.16972088,17.64352044,-9.45,-35.209999,-12.88,1770467762.000167
-12.164478480000001,-5.18941152,15.742970280000002,-21.139999,-72.449997,-24.01,1770467762.00813
-10.062862560000001,-5.58675576,14.084177760000001,-32.34,-102.480003,-29.959999,1770467762.016155
-7.56629604,-5.33302992,12.23628768,-39.34,-127.470001,-37.73,1770467762.024165
-5.206167,-4.5981824399999995,10.323769320000002,-39.41,-147.910004,-34.23,1770467762.032246
-3.25295676,-3.5210444400000003,8.36816544,-36.330002,-161.559998,-33.18,1770467762.040159
-1.48645044,-2.35294812,6.95113056,-27.09,-168.419998,-29.82,1770467762.048175
-0.10053288,-1.40267304,5.7207996,-20.23,-171.850006,-17.57,1770467762.056164
0.66064464,-0.97181784,4.74658812,-14.91,-165.410004,-11.41,1770467762.064161
2.07528588,-1.1369790000000002,3.7628020800000006,-13.44,-164.080002,0.28,1770467762.072188
2.61146124,-0.8018694,2.61146124,-14.91,-155.610001,6.44,1770467762.080151
2.86279344,-0.6079845600000001,1.5798024,-7.91,-140.979996,21.84,1770467762.088146
2.86279344,-0.43564248000000005,0.7348474800000001,-0.7,-123.970001,29.889999,1770467762.096145
3.25295676,-1.68033528,0.39255696000000007,7.35,-112.699997,49.349998,1770467762.104134
2.4654492,-1.09149984,-1.0891062,18.200001,-86.239998,45.639999,1770467762.112198
1.9388484000000001,-0.7348474800000001,-1.45293948,21.77,-59.43,54.110001,1770467762.12015
2.03938128,-0.86410404,-0.75160296,34.509998,-27.16,50.540001,1770467762.12815
2.1973615200000003,-0.36622692,0.56729268,47.880001,15.05,44.799999,1770467762.136152
2.4319382400000005,0.01436184,2.812527,54.669998,55.93,37.939999,1770467762.144147
2.6330040000000006,0.6941556000000001,5.98649364,54.110001,100.589996,24.709999,1770467762.152194
2.55640752,1.69469712,9.66551832,47.32,147.139999,17.85,1770467762.160258
1.9196992800000001,2.70002592,12.054371040000001,37.310001,181.929993,-6.02,1770467762.168145
1.73778264,2.59231212,14.34508452,31.01,206.149994,-9.17,1770467762.176134
1.04841432,2.7646542000000003,16.30308204,25.200001,219.380005,-4.13,1770467762.18415
-1.5606532800000001,3.41572428,20.66668776,11.97,212.660004,10.36,1770467762.192185
-3.5449808400000005,1.17767088,24.64731108,2.52,187.809998,17.43,1770467762.200238
-7.22400552,0.08617104,24.553959120000002,15.89,140.559998,29.959999,1770467762.208122
-9.840254040000001,-0.15079932000000001,23.273361720000004,12.88,81.620003,33.740002,1770467762.216144
-10.740262679999999,-1.0579888800000001,20.470409280000002,-3.36,47.529999,23.450001,1770467762.224147
-10.16339544,-1.0723507200000002,16.896704760000002,-16.73,19.530001,3.64,1770467762.232142
-9.361526040000001,-1.1609154000000002,14.871685320000001,-23.1,8.96,-14.49,1770467762.24017
-8.37534636,-0.77553936,13.363692120000001,-25.969999,7.63,-30.940001,1770467762.248168
-7.695552600000001,-0.30399228000000006,11.546919360000002,-29.33,13.3,-33.18,1770467762.256165
-7.13065356,0.12446928,9.72296568,-32.130001,16.870001,-42.419998,1770467762.264147
-6.534637200000001,0.57207996,7.78411728,-31.639999,17.290001,-45.080002,1770467762.272143
-6.11096292,0.98378604,5.92186536,-29.889999,10.78,-49.279999,1770467762.280136
-5.648990400000001,1.06995708,4.5886078800000005,-24.99,4.76,-55.09,1770467762.288129
-5.036218560000001,1.00054152,3.5665236,-13.09,-5.6,-58.099998,1770467762.296159
-4.91174928,0.8329867200000001,2.39364,-12.67,-10.57,-46.549999,1770467762.304174
-3.77955756,0.25851312000000004,2.17581876,3.99,-23.66,-50.400002,1770467762.312222
-3.20987124,0.7468156800000001,1.6875162000000001,10.92,-39.830002,-46.759998,1770467762.320219
-2.64018492,1.2087882,1.2877783200000001,21.700001,-49.700001,-33.950001,1770467762.328158
-1.9196992800000001,1.4792695200000001,1.2853846800000002,19.25,-62.439999,-31.08,1770467762.336294
-1.38352392,1.50081228,1.36916208,17.43,-76.370003,-18.34,1770467762.344147
-0.5146326,1.70666532,1.13937264,10.08,-88.410004,-3.85,1770467762.352167
-0.27048132,2.4630555600000004,0.8736786000000001,4.55,-102.900002,12.95,1770467762.360154
1.05080796,1.27581012,2.8843362000000003,8.68,-122.220001,26.530001,1770467762.36816
1.14415992,1.9556038800000002,2.49177924,23.450001,-94.639999,28.42,1770467762.376272
0.95027508,2.94657084,3.9327505200000004,33.32,-68.599998,39.549999,1770467762.384143
1.33565112,4.00216608,6.486764400000001,35.560001,-29.120001,35.630001,1770467762.39215
1.7784745200000003,5.555638440000001,9.912063240000002,29.75,25.200001,25.27,1770467762.400152
1.29735288,6.52984992,13.70119536,16.66,75.949997,28.77,1770467762.408132
-0.31835412,7.269484680000001,17.16000516,-7.21,119.279999,18.41,1770467762.41616
-3.1332747600000004,6.474796200000001,20.101788720000002,-37.450001,149.449997,18.48,1770467762.424166
-6.484370760000001,2.812527,22.29196932,-39.34,164.5,22.33,1770467762.432194
-10.62058068,0.77553936,22.260852000000003,-5.88,147.490005,49.490002,1770467762.440276
-13.28948928,-0.44042976,21.7940922,-6.09,118.720001,48.09,1770467762.448149
-13.93337844,-2.0944350000000003,20.101788720000002,-16.030001,76.720001,28.84,1770467762.456167
-14.215827960000002,-3.04710372,18.19405764,-17.709999,27.370001,10.92,1770467762.464158
-13.308638400000001,-3.9136014000000006,15.93685512,-29.33,-22.82,-8.54,1770467762.472302
-11.6450586,-4.373180280000001,13.883112,-40.110001,-66.010002,-23.799999,1770467762.48015
-9.50035716,-4.50483048,12.066339240000001,-47.810001,-105.699997,-34.439999,1770467762.488153
-6.72373476,-4.61015064,10.251960120000001,-50.330002,-129.220001,-39.27,1770467762.496158
-4.37557392,-3.7077483600000005,8.43040008,-43.470001,-150.850006,-36.889999,1770467762.504221
-2.5181092800000004,-2.79577152,7.152196320000001,-35.209999,-166.110001,-38.220001,1770467762.512153
-0.18909756000000003,-2.6856640800000005,6.17319756,-18.34,-170.660004,-44.869999,1770467762.520182
0.9335196,-1.68990984,4.90935564,-10.22,-169.050003,-11.76,1770467762.528216
1.4122476000000002,-1.50081228,4.06200708,-7.35,-163.240005,-29.049999,1770467762.536131
2.3649163200000003,-1.65639888,3.051891,-9.03,-151.550003,0.28,1770467762.544155
3.8034939600000004,-0.24654492000000003,1.3883112000000002,2.31,-152.740005,20.440001,1770467762.552385
3.0135927600000003,-0.8090503200000001,0.75160296,10.99,-141.399994,44.799999,1770467762.560151
2.69045136,-1.00772244,0.03111732,18.690001,-122.150002,55.509998,1770467762.568216
2.4247573200000003,-1.10825532,-0.6031972800000001,24.43,-96.459999,53.200001,1770467762.576149
2.04895584,-0.9981478800000001,-1.0101160800000002,34.650002,-59.779999,57.049999,1770467762.584151
1.8694328400000002,-0.59841,-0.9335196,40.32,-25.27,48.93,1770467762.592153
1.8311346,-0.299205,0.1316502,40.32,14.42,48.509998,1770467762.600179
2.04895584,0.0023936400000000003,1.61091972,43.610001,50.119999,40.110001,1770467762.608132
2.453481,0.73724112,4.0691880000000005,44.310001,84.489998,26.74,1770467762.616147
2.66412132,1.83831552,7.84635192,49.0,124.040001,16.1,1770467762.624271
2.79577152,3.111732,11.42723736,50.400002,162.259995,-4.69,1770467762.632154
2.3864590800000003,3.7556211600000005,14.45519196,40.880001,194.389999,-9.31,1770467762.64016
1.4122476000000002,3.8896650000000004,16.17382548,26.530001,209.509995,-11.13,1770467762.648186
-1.0292652,4.7154708,19.70683812,-4.97,190.259995,3.64,1770467762.656169
-3.21705216,3.16678572,24.295446000000002,-28.0,165.270004,12.67,1770467762.664144
-5.64420312,-0.18909756000000003,24.6425238,-21.559999,126.419998,16.73,1770467762.672159
-7.4633695200000005,-1.8478900800000002,24.551565480000004,1.75,75.529999,33.32,1770467762.680153
-11.37218364,-5.23489068,22.861655640000002,-0.7,58.310001,17.01,1770467762.688155
-8.880404400000002,-3.2409885600000004,18.97677792,-6.23,32.830002,1.68,1770467762.696175
-8.43040008,-2.84364432,15.84350316,-10.64,27.16,-16.799999,1770467762.704256
-7.958853,-2.5228965600000004,13.51927872,-22.33,24.99,-26.950001,1770467762.712279
-7.3843794,-1.73778264,11.80303884,-23.1,31.639999,-34.650002,1770467762.720152
-7.087568040000001,-0.8832531600000001,10.053288,-26.25,34.09,-49.84,1770467762.728164
-7.583051520000001,0.08377740000000002,8.7726906,-26.67,22.049999,-47.950001,1770467762.736146
-6.1229311200000005,0.31356684,6.7141602,-29.120001,15.19,-39.48,1770467762.744157
-5.684895,0.84016764,5.1104214,-24.709999,9.45,-61.880001,1770467762.752187
-5.165475120000001,1.0340524800000002,3.84418584,-20.58,0.35,-51.52,1770467762.760156
-4.47131952,0.86649768,2.77422876,-11.76,-13.16,-68.25,1770467762.768167
-3.9542932800000004,1.12979808,1.7784745200000003,-5.11,-25.9,-55.09,1770467762.776155
-3.3343405200000005,1.08671256,1.2590546400000002,4.41,-39.830002,-56.349998,1770467762.784214
-2.60667396,1.45293948,0.7922948400000001,17.08,-52.57,-43.330002,1770467762.792285
-1.8239536800000002,1.98911484,0.66303828,22.68,-67.480003,-41.02,1770467762.800147
-1.13458536,0.31835412,2.81013336,32.130001,-48.580002,-50.82,1770467762.808137
0.22978944,0.8329867200000001,1.48884408,26.110001,-44.869999,-15.82,1770467762.816153
1.0172970000000001,2.25480888,1.2016072800000002,19.32,-50.540001,-5.39,1770467762.824163
1.42900308,2.5779502800000005,1.17527724,25.41,-53.759998,22.120001,1770467762.832155
1.5821960400000001,2.96332632,1.7593254,26.74,-43.82,34.580002,1770467762.840162
1.6444306800000001,3.2673186000000003,3.3822133200000004,31.01,-17.57,27.299999,1770467762.848251
1.43139672,4.83994008,5.7088314,34.720001,23.030001,34.439999,1770467762.856164
1.25426736,6.14208024,9.193971240000002,30.030001,73.080002,23.59,1770467762.864168
0.48590892,7.307782920000001,13.04055072,15.12,122.989998,31.57,1770467762.872224
-1.3404384000000003,7.74821268,17.03314224,-10.22,156.169998,17.08,1770467762.880174
-4.808822760000001,6.5657545200000005,20.874934440000004,-39.200001,173.039993,13.93,1770467762.888158
-9.11258748,2.7885906000000005,23.510332079999998,-27.23,167.789993,34.23,1770467762.89616
-13.799334600000002,0.7276665600000001,23.685067800000002,8.19,136.289993,58.52,1770467762.904162
-15.97275972,-1.4481522,22.00233888,3.43,107.589996,43.889999,1770467762.912153
-15.50360628,-2.4893856,18.754169400000002,0.98,60.27,26.32,1770467762.920144
-15.1038684,-3.3319468800000003,16.937396640000003,-8.89,10.29,6.72,1770467762.928148
-14.2900308,-4.07636892,14.84535528,-23.24,-41.02,-14.35,1770467762.936133
-12.872995920000001,-4.914142920000001,13.01182704,-37.450001,-92.330002,-34.439999,1770467762.944159
-10.706751720000002,-4.83275916,11.2142034,-46.970001,-136.080002,-49.560001,1770467762.952493
-5.8285134,-5.7088314,11.4415992,-37.52,-182.839996,-49.209999,1770467762.960162
-5.206167,-4.32291384,8.65540224,-37.450001,-178.990005,-58.66,1770467762.968148
-2.8675807200000003,-2.90109168,7.501667760000001,-28.98,-194.949997,-56.0,1770467762.97626
-0.16037388000000002,-2.42715096,6.481977120000001,-17.709999,-205.520004,-48.580002,1770467762.985056
1.14415992,-1.7904427200000002,5.66813952,-7.77,-199.289993,-42.419998,1770467762.992178
2.37209724,-1.47448224,4.3923294,-7.21,-195.649994,-25.129999,1770467763.000163
2.76704784,-1.06995708,3.13088112,-7.14,-191.660004,-15.68,1770467763.008137
4.12663536,-1.10825532,2.1231586800000004,-2.31,-185.850006,2.38,1770467763.016141
3.99019788,-0.7731457199999999,0.61755912,5.46,-168.350006,25.41,1770467763.024156
3.61679004,-0.62713368,-0.64867644,11.34,-152.529999,38.639999,1770467763.032175
2.8197079200000004,-0.26569404,-1.5821960400000001,9.8,-134.539993,36.610001,1770467763.040157
3.4420543200000004,-1.8239536800000002,-1.31410836,24.01,-86.660004,53.970001,1770467763.048271
3.51625716,-0.8712849600000001,-1.51038684,41.369999,-34.299999,34.369999,1770467763.056166
3.04949736,-0.32074776000000005,-0.052660080000000005,49.209999,17.219999,46.060001,1770467763.064202
3.3463087200000006,0.1436184,2.16385056,52.43,62.509998,31.780001,1770467763.072157
3.5784918,0.86649768,5.0505804,54.389999,109.480003,27.16,1770467763.08016
4.31573292,2.50614108,8.10965232,53.759998,154.279999,23.59,1770467763.088159
3.94711236,3.2888613600000003,11.070585000000001,47.529999,197.889999,5.74,1770467763.096235
3.6000345600000005,3.54737448,13.33018116,35.560001,232.820007,4.27,1770467763.104144
2.5181092800000004,3.20508396,15.33605148,24.780001,246.679993,2.31,1770467763.112149
0.12925656000000002,3.6359391600000004,19.52492148,7.0,246.610001,17.780001,1770467763.12014
-3.60960912,2.5803439200000002,23.263787160000003,-9.66,226.729996,17.290001,1770467763.128143
-6.6854365200000005,-0.33750324,24.350499720000002,-14.0,185.919998,25.76,1770467763.136143
-9.45727164,-1.60134516,24.7263012,1.19,126.629997,34.23,1770467763.14414
-14.06742228,-4.1529654,22.57920612,-4.69,86.309998,17.01,1770467763.152303
-11.98495548,-3.051891,18.56507184,-9.31,46.130001,1.26,1770467763.160153
-11.19984156,-2.7215686800000003,15.625681920000002,-12.67,26.18,-20.440001,1770467763.168144
-10.019777040000001,-2.3768845200000004,13.586300640000001,-18.27,20.299999,-34.93,1770467763.176141
-8.85886164,-1.8526773600000002,11.79585792,-20.790001,21.209999,-49.349998,1770467763.18413
-7.875075600000001,-1.0292652,10.067649840000001,-26.879999,21.280001,-60.48,1770467763.192144
-7.0373016,-0.32314139999999997,8.24369616,-31.780001,19.18,-63.98,1770467763.200176
-6.50830716,0.26569404,6.69501108,-35.560001,8.96,-72.730003,1770467763.208123
-6.043941,0.94309416,5.036218560000001,-30.73,2.8,-68.32,1770467763.216149
-5.42398824,1.18963908,3.63354552,-20.860001,-6.23,-74.480003,1770467763.224191
-5.28515712,1.34761932,2.33140536,-21.0,-33.669998,-67.760002,1770467763.232148
-4.136209920000001,1.47448224,1.6731543600000003,0.56,-39.48,-67.550003,1770467763.240141
-3.40614972,1.80480456,1.2375118800000002,11.41,-49.349998,-52.919998,1770467763.248148
-3.0614655600000003,2.0106576,0.78272028,11.41,-57.82,-50.540001,1770467763.256159
-1.83831552,2.45826828,0.63670824,8.82,-73.989998,-35.349998,1770467763.264189
-1.1848518000000001,2.4630555600000004,0.97421148,6.65,-90.860001,-14.35,1770467763.272147
-0.33271596000000003,2.3816718,1.02208428,1.47,-108.709999,-3.78,1770467763.280131
0.21064032000000002,2.50374744,1.17048996,-3.57,-119.910004,16.379999,1770467763.288116
1.61331336,1.92209292,1.83352824,13.23,-115.220001,14.84,1770467763.296226
1.5965578800000002,1.84070916,2.22369156,30.17,-88.550003,38.43,1770467763.304153
1.4577267600000001,2.79577152,3.7053547200000003,41.09,-44.799999,39.200001,1770467763.312156
1.33565112,3.7436529600000004,6.795543960000001,51.099998,13.72,37.66,1770467763.320148
1.12740444,5.567606640000001,10.529622360000001,55.23,81.269997,32.549999,1770467763.328405
0.10771380000000001,6.75724572,14.139231480000001,39.200001,131.949997,24.5,1770467763.336144
-2.16385056,6.967886040000001,17.75362788,13.58,160.509995,28.07,1770467763.344147
-5.93143992,4.91653656,21.06163836,-6.65,173.389999,21.139999,1770467763.352153
-10.591857000000001,2.50614108,21.67201656,12.11,159.039993,41.09,1770467763.360171
-13.600662480000002,0.9071895600000001,21.30818328,7.42,129.710007,44.380001,1770467763.368148
-15.613713720000002,-1.5151741200000002,20.34354636,-12.32,80.709999,24.290001,1770467763.376146
-14.778333360000001,-5.045793120000001,19.91747844,-11.13,25.41,12.04,1770467763.384146
-13.71795084,-5.80697064,17.87091624,-8.54,-26.6,13.58,1770467763.39216
-12.83230404,-5.952982680000001,15.809992200000002,-24.57,-83.019997,-8.75,1770467763.400152
-9.76844484,-6.45564708,14.23737072,-25.549999,-116.339996,-31.360001,1770467763.408135
-7.56629604,-5.47904196,11.913146280000001,-37.52,-152.460007,-26.32,1770467763.416147
-5.335423560000001,-4.42344672,9.7660512,-39.689999,-179.410004,-44.099998,1770467763.424145
-2.49417288,-3.8058876000000006,8.856468000000001,-30.66,-191.660004,-44.099998,1770467763.432268
-0.52420716,-2.6736958800000004,6.66150012,-20.790001,-184.869995,-21.77,1770467763.440137
0.3111732,-1.92448656,5.469467400000001,-17.01,-177.660004,-44.73,1770467763.448142
1.9029438000000003,-1.70187804,4.26307284,-16.1,-164.429993,-15.82,1770467763.456222
2.49177924,-0.7348474800000001,2.96332632,-8.54,-154.559998,-15.82,1770467763.464156
3.3822133200000004,-0.23457672000000002,1.86225192,1.47,-150.220001,20.440001,1770467763.472148
3.31758504,-0.40452516000000005,1.18724544,5.11,-136.009995,26.18,1770467763.480178
3.1476366,-0.67500648,0.34468416,7.77,-118.019997,43.889999,1770467763.488223
2.85800616,-0.777933,-0.6008036400000001,13.02,-94.5,41.02,1770467763.49615
2.53486476,-0.82819944,-1.33565112,20.09,-66.010002,42.77,1770467763.504169
2.3002880400000003,-0.48590892,-1.55107872,30.1,-31.360001,40.950001,1770467763.512251
2.1973615200000003,0.052660080000000005,-0.87607224,34.439999,5.74,37.169998,1770467763.520144
2.31225624,0.67500648,0.58165452,40.880001,46.130001,35.07,1770467763.528191
2.4774174,1.2853846800000002,2.8747616400000005,43.400002,86.379997,29.190001,1770467763.536133
2.7814096800000003,2.09922228,6.52745628,46.900002,128.380005,21.209999,1770467763.544183
2.9106662400000003,3.23859492,10.232811,39.130001,168.630005,1.61,1770467763.55227
2.55640752,4.07397528,12.81554856,33.740002,204.679993,-11.41,1770467763.560164
1.2159691200000002,4.2128064,15.295359600000001,20.860001,219.100006,-12.67,1770467763.568153
-0.35665236,3.9447187200000005,17.71054236,7.91,212.169998,-5.32,1770467763.576154
-3.4348734000000003,3.78913212,21.090362040000002,-13.02,189.350006,3.36,1770467763.584149
-6.9176196,0.91437048,22.380534,-15.75,152.179993,12.04,1770467763.59221
-9.663124680000001,-0.72048564,23.536662120000003,3.43,101.639999,21.49,1770467763.600144
-11.46792924,-1.9867212,23.65395048,11.97,54.950001,13.09,1770467763.608132
-11.266863480000001,-2.4175764,20.71456056,4.97,20.51,-8.4,1770467763.616286
-10.2806838,-2.3768845200000004,17.35389,0.42,-0.14,-19.32,1770467763.624151
-9.1197684,-2.19975516,15.142166640000001,-7.77,-5.11,-28.91,1770467763.632152
-8.17188696,-1.95799752,13.24401012,-16.799999,-0.77,-42.630001,1770467763.640147
-7.33411296,-1.63006884,11.522982960000002,-21.42,6.65,-48.09,1770467763.648156
-6.71894748,-1.14655356,9.8019558,-26.809999,15.61,-51.799999,1770467763.656355
-6.233038560000001,-0.65107008,8.02587492,-28.629999,19.18,-47.880001,1770467763.66416
-5.90271624,-0.13643748,6.534637200000001,-28.0,17.709999,-56.07,1770467763.672236
-5.445531000000001,0.1436184,5.18462424,-24.780001,11.06,-59.360001,1770467763.6802
-4.45935132,0.48351528,4.10030532,-7.56,-2.1,-64.330002,1770467763.688153
-4.2750410400000005,0.37580148,3.0279546,0.14,-9.87,-61.810001,1770467763.696154
-4.06200708,0.16994844,2.3768845200000004,4.13,-19.040001,-63.98,1770467763.704154
-3.60721548,0.777933,1.69230348,12.46,-39.900002,-44.099998,1770467763.712244
-2.7335368800000004,1.04602068,1.33565112,20.440001,-51.450001,-47.32,1770467763.720158
-1.99150848,1.4361840000000001,1.376343,22.469999,-66.779999,-35.139999,1770467763.728153
-1.72581444,1.49841864,1.3859175600000002,8.89,-93.870003,-24.99,1770467763.736149
-0.8856468000000001,1.6994844000000002,1.24948008,0.56,-102.550003,-1.96,1770467763.744219
0.17473572,1.50559956,1.3524066000000001,9.66,-98.769997,1.47,1770467763.752182
1.23511824,1.37155572,1.5175677600000002,15.19,-95.480003,18.9,1770467763.76016
1.40506668,1.82156004,2.23565976,22.33,-83.160004,24.290001,1770467763.76815
1.67794164,2.39364,3.93514416,28.559999,-51.66,28.209999,1770467763.776149
2.18778696,3.51625716,6.376656960000001,29.190001,-2.94,29.610001,1770467763.784161
2.22847884,5.368934520000001,9.9814788,28.42,48.720001,25.9,1770467763.792177
1.5438978,6.59926548,13.768217280000002,11.76,97.160004,26.32,1770467763.80015
-0.37340784000000005,7.209643680000001,17.05947228,-13.65,132.929993,20.23,1770467763.808134
-3.58327908,6.42213612,20.05391592,-43.119999,152.880005,20.58,1770467763.816154
-7.415496720000001,2.69763228,22.105265400000004,-41.790001,158.130005,29.190001,1770467763.82421
-10.96047756,0.47154708,22.258458360000002,-8.12,137.270004,53.759998,1770467763.832153
-14.955462720000002,-3.5545554,21.77973036,-10.36,116.760002,45.360001,1770467763.840167
-13.464225,-2.54443932,18.85230864,-11.13,82.18,26.530001,1770467763.848208
-13.8352392,-3.38939424,17.171973360000003,-18.690001,38.290001,10.22,1770467763.856168
-13.370873040000001,-4.50243684,15.1278048,-24.99,-7.14,-4.9,1770467763.864157
-12.152510280000001,-4.729832640000001,12.956773320000002,-33.18,-55.299999,-26.809999,1770467763.872304
-10.22323644,-5.3234553600000005,11.3817582,-44.799999,-98.139999,-36.330002,1770467763.880149
-8.2221534,-4.45695768,9.63200736,-41.09,-136.779999,-45.990002,1770467763.888153
-5.2468588800000004,-4.62929976,8.75114784,-26.110001,-153.440002,-38.919998,1770467763.896156
-2.96093268,-3.7484402400000003,7.621349760000001,-19.530001,-165.199997,-40.599998,1770467763.904203
-0.9646369200000001,-2.7263559600000002,6.6184146,-6.58,-169.889999,-36.330002,1770467763.912156
0.48830256000000005,-1.68033528,5.507765640000001,-0.35,-170.729996,-22.049999,1770467763.920177
1.256661,-0.96703056,4.41387216,3.78,-172.339996,-19.74,1770467763.928162
2.09682864,-0.81623124,3.28646772,0.14,-170.869995,2.38,1770467763.936146
2.79337788,-0.53378172,2.15188236,2.1,-171.289993,7.56,1770467763.944147
3.4540225200000005,-0.54096264,1.2446928,12.25,-161.770004,21.209999,1770467763.952205
3.3750324000000003,-0.6414955200000001,0.19388484,23.1,-141.75,35.490002,1770467763.960158
2.96571996,-0.6008036400000001,-0.86410404,31.99,-115.849998,39.619999,1770467763.968154
2.7478987200000002,-0.56968632,-1.35958752,34.509998,-81.550003,41.790001,1770467763.976467
2.4630555600000004,-0.41409972,-1.08192528,37.869999,-44.939999,45.5,1770467763.984279
2.41039548,-0.12446928,-0.05505372,42.419998,-1.68,37.73,1770467763.992207
2.5707693600000003,0.033510960000000006,1.7114526,43.119999,43.259998,33.389999,1770467764.000169
2.8077397200000003,0.55293084,4.25349828,48.299999,88.480003,25.48,1770467764.008141
2.90109168,1.077138,7.690765320000001,47.25,131.949997,16.73,1770467764.016153
2.74550508,2.2189042800000003,10.37164212,45.43,174.580002,3.29,1770467764.024173
2.1901806,2.59949304,13.516885080000002,37.73,206.289993,-14.77,1770467764.032225
1.60852608,2.64257856,15.81956676,27.23,224.0,-8.19,1770467764.040151
-0.99096696,3.0159864,19.414814040000003,10.85,221.830002,-0.63,1770467764.048153
-3.3391278000000004,2.2739580000000004,23.656344120000004,-10.08,200.130005,8.33,1770467764.056441
-6.06548376,-0.04069188,25.00635708,4.97,170.380005,21.91,1770467764.064302
-7.815234600000001,-1.43139672,23.057934120000002,15.96,120.959999,17.639999,1770467764.072152
-10.318982040000002,-2.7215686800000003,21.47813172,-2.66,89.599998,23.030001,1770467764.080148
-11.81979432,-2.5707693600000003,17.8565544,-8.12,70.980003,-1.12,1770467764.088143
-9.95993604,-2.3577354,15.637650120000002,-22.26,54.740002,1.61,1770467764.096141
-9.924031440000002,-2.1925742400000003,14.08178412,-20.51,39.970001,-19.389999,1770467764.104146
-8.96657544,-1.8478900800000002,12.971135160000001,-29.33,38.43,-31.5,1770467764.112168
-8.542901160000001,-1.30214016,11.25728892,-35.77,31.639999,-38.360001,1770467764.120143
-8.377740000000001,0.08138376,9.06232104,-51.73,7.98,-51.52,1770467764.12814
-7.73385084,-0.10532016000000001,7.815234600000001,-51.240002,-0.14,-48.580002,1770467764.136166
-7.293421080000001,0.8952213600000001,5.924259,-38.990002,-4.48,-51.380001,1770467764.144164
-6.1875594,1.13937264,4.54073508,-23.52,-13.02,-59.57,1770467764.152145
-5.277976200000001,1.35958752,3.4612034400000002,-12.81,-23.870001,-61.040001,1770467764.160164
-4.42105308,1.5079932,2.5827375600000004,-1.12,-36.82,-61.529999,1770467764.168146
-3.6287582400000002,1.75453812,1.8263473200000002,8.33,-49.0,-59.080002,1770467764.176137
-2.75029236,0.72048564,1.6659734400000001,23.309999,-57.540001,-59.360001,1770467764.184132
-2.0681049600000003,2.03698764,0.9454878,28.629999,-68.040001,-36.330002,1770467764.192211
-1.5726214800000002,2.53486476,1.01969064,20.58,-83.370003,-53.549999,1770467764.200309
-0.88085952,2.8723680000000003,1.13458536,15.89,-87.779999,-31.15,1770467764.208127
0.5170262400000001,4.03088976,0.9335196,11.9,-105.209999,-25.9,1770467764.216143
1.08671256,3.5976409200000004,1.4146412400000001,14.84,-118.230003,-9.66,1770467764.224143
1.29495924,3.5210444400000003,1.6994844000000002,17.01,-114.449997,4.83,1770467764.23216
1.4673013200000002,3.4540225200000005,2.5181092800000004,19.74,-93.239998,11.34,1770467764.240177
1.55347236,3.81306852,4.26786012,26.32,-53.900002,20.09,1770467764.248138
1.82874096,4.46174496,6.934375080000001,32.060001,2.17,23.030001,1770467764.256168
1.9053374400000003,5.02903764,10.098767160000001,29.889999,63.98,28.98,1770467764.26415
0.85931676,4.87345104,13.272733800000001,20.58,119.629997,37.099998,1770467764.272152
-1.32368292,4.16014632,17.303623560000002,1.19,162.399994,40.669998,1770467764.280206
-5.043399480000001,1.9771466400000002,21.87068868,-4.34,185.919998,41.299999,1770467764.288227
-10.01498976,0.67740012,23.3738946,16.309999,164.570007,56.700001,1770467764.296146
-16.8392574,-2.9752945200000003,23.63001408,7.07,138.389999,47.040001,1770467764.304147
-15.30254052,-2.13512688,20.5134948,4.76,89.529999,22.26,1770467764.312149
-15.558660000000001,-3.40375608,19.10603448,-1.96,34.09,16.940001,1770467764.320148
-14.979399120000002,-4.72504536,17.696180520000002,-11.97,-22.049999,-7.14,1770467764.328202
-13.34214936,-5.4311691600000005,15.826747680000002,-22.959999,-67.129997,-19.110001,1770467764.336158
-10.63733616,-6.276124080000001,14.191891560000002,-34.439999,-104.790001,-33.32,1770467764.344155
-7.89183108,-6.0918138,12.26261772,-41.860001,-135.869995,-46.549999,1770467764.352304
-5.12478324,-5.239677960000001,10.60861248,-42.560001,-152.529999,-53.41,1770467764.360165
-2.64018492,-4.0691880000000005,9.2394504,-33.669998,-161.210007,-60.27,1770467764.36822
-0.61516548,-2.79816516,7.87268196,-28.0,-169.679993,-55.650002,1770467764.37616
0.96703056,-1.46490768,6.69740472,-17.43,-174.089996,-48.580002,1770467764.384198
1.70187804,-0.44042976,5.58675576,-8.12,-169.119995,-44.450001,1770467764.39215
3.4348734000000003,-0.7851139200000001,4.7154708,-11.2,-167.649994,-35.139999,1770467764.40015
3.84897312,0.06223464,3.25774404,-6.02,-162.679993,-24.85,1770467764.408149
5.577181200000001,1.41703488,1.7832618,6.23,-154.419998,3.85,1770467764.416192
4.5981824399999995,1.06756344,1.1489472,11.55,-145.320007,26.950001,1770467764.424229
4.32291384,0.9383068800000001,0.25372584000000004,15.12,-125.860001,34.509998,1770467764.432154
3.99019788,0.8545294800000001,-0.82819944,17.290001,-100.449997,39.759998,1770467764.44014
3.6455137200000003,0.8138376,-1.39309848,22.120001,-63.209999,39.41,1770467764.448156
3.35827692,0.9215514,-1.27581012,24.92,-20.93,37.029999,1770467764.456153
3.22183944,1.18006452,-0.41888700000000006,27.02,25.969999,37.099998,1770467764.46418
3.0614655600000003,1.52714232,0.8880404399999999,28.77,71.400002,29.540001,1770467764.472145
2.77901604,1.9962957600000002,3.0159864,28.35,118.510002,23.73,1770467764.480148
2.96093268,2.31464988,5.85963072,37.869999,161.490005,15.4,1770467764.488151
2.88194256,2.08007316,8.420825520000001,44.240002,214.059998,3.29,1770467764.496146
2.4822046799999997,2.45826828,10.462600440000001,45.080002,252.210007,5.11,1770467764.504188
1.7449635600000002,2.5372584,12.741345720000002,39.060001,278.320007,-7.84,1770467764.512172
0.11250108000000002,2.3433735600000003,16.20015552,21.629999,284.269989,6.09,1770467764.52015
-2.9346026400000005,2.26677708,21.57148368,4.97,274.470001,14.7,1770467764.528147
-6.59926548,0.038298240000000004,24.7622058,-0.35,234.639999,34.720001,1770467764.536135
-10.71632628,-1.17527724,24.53002272,20.02,172.130005,56.349998,1770467764.544143
-13.184169120000002,-3.0255609600000004,22.009519800000003,7.98,125.300003,29.469999,1770467764.552195
-12.61687644,-3.16678572,18.32570784,3.64,78.190002,25.41,1770467764.560234
-12.454108920000001,-3.36545784,15.946429680000001,-4.06,46.830002,9.38,1770467764.568156
-12.19320216,-3.4229052,14.613172200000001,-17.639999,30.73,4.2,1770467764.57618
-11.501440200000001,-2.89869804,13.325393880000002,-27.440001,24.15,-11.34,1770467764.584151
-10.867125600000001,-2.45587464,11.83894344,-40.880001,7.0,-27.16,1770467764.592323
-10.098767160000001,-1.8502837200000002,10.38121668,-44.099998,2.52,-38.220001,1770467764.60015
-9.08147016,-1.02447792,8.30832444,-44.52,1.54,-52.290001,1770467764.608146
-8.19582336,-0.17712936,6.47718984,-43.330002,-5.95,-62.16,1770467764.616182
-6.8362358400000005,-0.06462828000000001,5.54606388,-35.77,-16.450001,-69.370003,1770467764.624147
-6.2737304400000005,0.58883544,4.1769018,-25.620001,-29.469999,-70.419998,1770467764.63226
-5.42638188,0.98378604,3.3367341600000002,-11.76,-41.860001,-71.470001,1770467764.640172
-4.5239796000000005,1.4361840000000001,2.5013538,-2.31,-54.669998,-74.199997,1770467764.648146
-3.31040412,1.76411268,2.00347668,8.47,-72.099998,-61.18,1770467764.656154
-2.6210358,2.2141170000000003,1.4696949600000002,11.34,-86.449997,-54.18,1770467764.664183
-1.8957628800000002,2.6234294400000002,1.1010744000000001,12.11,-105.349998,-45.43,1770467764.672239
-1.3045338,2.5372584,1.1226171600000001,7.42,-118.580002,-48.580002,1770467764.680145
0.07899012000000001,2.64257856,1.08431892,3.78,-130.899994,-37.799999,1770467764.68815
1.91012472,3.6838119600000003,1.04362704,4.13,-147.350006,-10.71,1770467764.696149
1.7784745200000003,3.470778,1.6181006400000002,12.11,-143.429993,2.17,1770467764.704264
2.41997004,3.171573,2.39603364,19.879999,-124.18,14.98,1770467764.712188
2.56837572,3.1811475600000003,3.5928536400000004,28.07,-85.889999,28.07,1770467764.720151
2.5276838400000003,3.71732292,5.68728864,43.68,-27.719999,28.98,1770467764.728149
2.36252268,4.92132384,8.258058,48.369999,43.049999,28.98,1770467764.736145
1.78086816,6.256974960000001,11.101702320000001,41.09,108.639999,26.74,1770467764.744165
0.08138376,6.32399688,14.5054584,21.559999,153.580002,26.879999,1770467764.752168
-3.23859492,4.76813088,18.670392,-1.54,191.380005,13.65,1770467764.760499
-7.1713454400000005,1.91012472,21.521217240000002,12.95,207.339996,17.43,1770467764.768263
-12.497194440000001,0.86410404,20.324397240000003,32.970001,200.619995,38.990002,1770467764.776164
-14.83817436,-2.09922228,20.64035772,20.790001,178.710007,30.309999,1770467764.784141
-15.16131576,-3.3917878800000003,18.7182648,16.66,125.720001,21.35,1770467764.792191
-15.69749112,-3.9973788000000003,17.51905116,4.2,63.279999,10.78,1770467764.800151
-15.10147476,-4.81600368,16.34616756,-8.47,0.42,-7.35,1770467764.808143
-13.23922284,-5.4838292399999995,14.603597640000002,-28.35,-53.48,-23.73,1770467764.816186
-10.539196920000002,-6.32399688,13.09560444,-37.169998,-94.010002,-29.82,1770467764.824173
-7.67640348,-5.8165452,11.25728892,-42.349998,-114.309998,-45.639999,1770467764.832176
-4.926111120000001,-4.86148284,9.59131548,-47.110001,-124.739998,-50.119999,1770467764.840293
-2.90587896,-2.8603998,7.961246640000001,-45.990002,-139.020004,-53.900002,1770467764.84813
-1.35958752,-1.2327246,6.690223800000001,-42.349998,-156.520004,-51.66,1770467764.856143
0.0119682,-0.43803612,5.82611976,-34.650002,-172.199997,-38.849998,1770467764.864173
0.7563902400000001,-0.61516548,5.060154960000001,-27.790001,-177.660004,-29.190001,1770467764.872294
1.80959184,-0.53378172,3.86812224,-26.459999,-183.889999,-15.4,1770467764.880144
2.3768845200000004,-0.0478728,2.71199412,-18.129999,-188.720001,-11.69,1770467764.888148
3.37981968,1.1369790000000002,1.2207564,-5.32,-192.639999,8.33,1770467764.896147
3.0830083200000002,0.53378172,0.51223896,2.1,-190.399994,15.12,1770467764.90415
3.15481752,0.39255696000000007,-0.37819512000000005,4.2,-172.059998,18.9,1770467764.912198
3.1691793600000002,0.42606792,-1.2399055200000002,9.03,-136.220001,24.709999,1770467764.920155
3.20508396,0.47633436000000007,-1.34761932,17.219999,-89.879997,22.120001,1770467764.928148
3.5856727200000003,0.1914912,-0.31835412,24.43,-31.43,24.5,1770467764.936146
4.26786012,-0.11968200000000001,1.48884408,38.009998,31.290001,21.91,1770467764.944149
4.67717256,0.21782124000000003,4.234349160000001,52.990002,89.949997,23.59,1770467764.952149
4.5957888,1.1369790000000002,7.4920932,60.200001,144.759995,18.200001,1770467764.960196
3.7316847600000003,2.06331768,10.02695796,66.849998,198.940002,8.96,1770467764.968171
3.19790304,2.7838033200000005,12.3751188,64.190002,244.369995,-5.25,1770467764.979978
1.90773108,3.2194458000000004,14.943494520000002,58.939999,247.729996,-8.89,1770467764.984424
-0.83538036,3.7484402400000003,18.78049944,38.009998,238.350006,0.21,1770467764.992319
-4.74898176,3.1931157600000004,22.758729119999998,23.450001,214.339996,9.59,1770467765.000176
-8.16949332,1.00054152,23.79756888,28.91,157.919998,26.389999,1770467765.008148
-11.077765920000001,0.6702192000000001,22.82814468,15.12,96.879997,35.279999,1770467765.016155
-11.654633160000001,-0.75160296,20.09939508,-5.11,54.880001,33.18,1770467765.024205
-10.81207188,-2.3002880400000003,16.920641160000002,-21.559999,27.860001,12.39,1770467765.032265
-10.192119120000001,-3.1883284800000005,14.598810360000002,-27.860001,20.860001,1.26,1770467765.040144
-9.67988016,-3.50907624,13.49055504,-29.469999,26.389999,-12.32,1770467765.048143
-9.32801508,-3.2936486400000002,12.329639640000002,-32.689999,33.810001,-26.809999,1770467765.056134
-9.02162916,-2.6808768000000005,10.81207188,-36.889999,38.290001,-38.5,1770467765.06417
-8.71763688,-2.0824668,9.13891752,-36.889999,37.869999,-51.939999,1770467765.072167
-8.19582336,-1.48166316,7.42507128,-32.900002,34.16,-59.360001,1770467765.080153
-7.49448684,-0.80426304,6.09420744,-24.43,22.540001,-70.839996,1770467765.088147
-6.7285220400000005,-0.21782124000000003,5.12478324,-14.0,5.32,-72.940002,1770467765.096142
-6.103782,0.10771380000000001,4.08594348,-6.02,-14.28,-75.32,1770467765.104148
-5.02425036,0.13643748,3.3271596000000003,5.95,-31.360001,-76.089996,1770467765.112186
-4.08594348,0.44761068000000004,2.6138548800000003,14.0,-47.810001,-69.790001,1770467765.120143
-3.10933836,1.0532016,2.07528588,19.110001,-66.57,-66.779999,1770467765.128141
-2.22129792,1.72581444,1.6444306800000001,18.059999,-86.029999,-54.529999,1770467765.136136
-1.5175677600000002,2.19496788,1.5415041600000001,15.54,-106.260002,-47.25,1770467765.144144
-1.09389348,2.08725408,1.5798024,5.53,-121.870003,-43.68,1770467765.152145
0.10771380000000001,2.1423078,1.4720886,-3.64,-129.149994,-30.24,1770467765.160181
2.3290117200000005,3.3965751600000003,1.44097128,4.34,-142.729996,-12.32,1770467765.168153
1.4098539600000002,2.40082092,2.34097992,12.32,-132.580002,8.54,1770467765.176146
1.60852608,2.26677708,3.53540628,24.01,-102.199997,24.360001,1770467765.184143
1.7114526,2.64018492,5.37850908,37.240002,-51.380001,29.049999,1770467765.192132
1.8431028,3.8178558000000002,8.27481348,45.220001,12.53,31.15,1770467765.200171
1.60852608,5.14871964,11.62590948,42.560001,78.050003,34.860001,1770467765.208255
0.10771380000000001,6.2713368,14.92195176,25.059999,130.270004,40.880001,1770467765.216169
-2.68327044,5.780640600000001,18.46453896,5.25,161.839996,40.459999,1770467765.224125
-6.53703084,3.40854336,21.28903416,0.91,175.139999,35.07,1770467765.232147
-11.230958880000001,2.6617276800000003,20.21907708,4.97,159.460007,43.330002,1770467765.24014
-13.796940960000002,0.32553504,20.240619840000004,3.29,129.919998,38.779999,1770467765.248146
-14.950675440000001,-1.6204942800000002,19.0773108,-2.24,85.400002,25.620001,1770467765.256139
-15.649618320000002,-2.86997436,18.28262232,-6.02,28.629999,8.82,1770467765.264195
-15.1158366,-3.9423250800000003,16.78659732,-16.1,-23.450001,-5.88,1770467765.272215
-13.404384000000002,-4.96919664,14.90280264,-27.299999,-66.919998,-23.24,1770467765.280131
-10.658878920000001,-5.82611976,13.165020000000002,-39.759998,-104.860001,-34.790001,1770467765.288124
-7.85832012,-5.553244800000001,11.142394200000002,-44.59,-136.360001,-45.360001,1770467765.29614
-5.19898608,-5.021856720000001,9.33998328,-48.23,-160.229996,-47.25,1770467765.304153
-2.70720684,-4.071581640000001,7.822415520000001,-41.02,-175.0,-48.09,1770467765.312132
-0.5912290800000001,-3.0734337600000003,6.62080824,-32.689999,-180.529999,-42.209999,1770467765.320156
0.94309416,-1.5798024,5.44792464,-19.530001,-182.770004,-29.82,1770467765.328169
1.92448656,-0.87607224,4.56945876,-14.0,-179.759995,-19.459999,1770467765.336149
2.91784716,-0.66782556,3.65748192,-6.65,-172.830002,-9.03,1770467765.344154
3.61200276,-0.14122476,2.3098626,-1.33,-163.800003,-0.77,1770467765.35218
3.8992395600000003,0.19627848000000003,1.1250108,6.44,-150.779999,12.6,1770467765.360327
3.89684592,0.70851744,0.0957456,17.780001,-133.630005,31.219999,1770467765.368156
3.5976409200000004,0.6534637200000001,-0.52181352,23.52,-110.18,33.669998,1770467765.376149
3.2457758400000003,0.7611775199999999,-1.0723507200000002,24.99,-81.550003,34.580002,1770467765.384152
2.9417835599999997,1.02208428,-1.13458536,24.85,-46.759998,26.950001,1770467765.392196
2.7718351200000004,1.2829910400000002,-0.39255696000000007,21.42,-10.71,27.16,1770467765.400155
2.7263559600000002,1.42182216,0.9885733200000001,21.42,31.639999,25.620001,1770467765.408148
2.7598669200000003,1.4912377200000002,2.92981536,28.77,76.93,16.379999,1770467765.416139
2.97290088,1.3045338,5.79500244,31.780001,122.290001,22.120001,1770467765.42416
2.88912348,1.6492179599999999,8.77508424,32.619999,166.039993,11.27,1770467765.432146
2.5755566400000003,1.58698332,11.769527880000002,33.950001,211.470001,6.44,1770467765.440149
1.7928363600000001,1.1609154000000002,14.12965692,28.35,240.729996,-0.21,1770467765.44815
0.20824668000000002,0.7563902400000001,16.2049428,17.08,249.059998,4.62,1770467765.456204
-2.63779128,0.64867644,21.13344756,8.75,238.910004,17.57,1770467765.464173
-5.359359960000001,-1.0149033600000001,26.07392052,18.9,197.610001,39.060001,1770467765.472157
-8.91152172,-1.8814010400000003,25.568862480000004,29.68,132.509995,50.959999,1770467765.480145
-12.43974708,-3.8178558000000002,22.940645760000002,7.35,79.870003,38.990002,1770467765.488172
-10.926966600000002,-3.3271596000000003,18.57704004,-3.92,41.439999,18.059999,1770467765.496151
-10.03892616,-3.6239709600000003,15.72860844,-11.2,24.85,9.66,1770467765.504229
-9.58413456,-3.4348734000000003,14.122476,-18.9,24.709999,-2.24,1770467765.512131
-9.26578044,-2.99205,12.66474924,-28.77,27.860001,-7.56,1770467765.520153
-8.94742632,-2.3864590800000003,11.08015956,-33.669998,31.85,-20.440001,1770467765.528147
-8.574018480000001,-1.6492179599999999,9.08865108,-38.5,33.880001,-26.459999,1770467765.536132
-7.79369184,-1.3165020000000003,7.075599840000001,-31.219999,32.619999,-28.629999,1770467765.544132
-7.64528616,0.22978944,5.32824264,-21.42,24.5,-53.970001,1770467765.55218
-7.0373016,1.68990984,4.3444566,-13.58,11.76,-54.880001,1770467765.560171
-6.10617564,2.07289224,4.0691880000000005,0.77,-1.26,-69.93,1770467765.568159
-5.42638188,2.42715096,3.42529884,8.68,-13.79,-67.550003,1770467765.576152
-4.9189302,2.88194256,2.60667396,17.639999,-27.23,-63.279999,1770467765.58415
-4.437808560000001,3.0255609600000004,1.9867212,21.77,-46.48,-66.989998,1770467765.5923
-3.81546216,2.99205,1.5079932,21.35,-67.339996,-67.129997,1770467765.600147
-2.0681049600000003,3.93035688,1.10825532,25.549999,-93.870003,-53.900002,1770467765.608145
-1.1728836,4.18647636,1.3093210800000001,22.889999,-123.550003,-30.309999,1770467765.616136
-0.026330040000000002,4.53355416,1.42182216,21.49,-146.300003,-19.950001,1770467765.624187
0.46197252000000005,4.0931244,1.51038684,13.86,-160.649994,-4.69,1770467765.632286
0.78272028,3.86094132,1.9173056400000001,12.46,-156.869995,6.72,1770467765.640153
0.9478814400000001,3.8034939600000004,2.9800818000000002,17.360001,-135.449997,12.81,1770467765.648154
1.43139672,4.01174064,5.1391450800000005,22.540001,-90.860001,19.809999,1770467765.656149
2.0345940000000002,4.68914076,8.21975976,25.34,-30.59,25.059999,1770467765.664341
1.95799752,5.22052884,11.901178080000001,20.58,35.07,27.440001,1770467765.672152
1.2327246,5.5388829600000005,15.75972576,10.78,95.410004,33.950001,1770467765.680149
-1.2016072800000002,4.93329204,19.594337040000003,-8.19,137.619995,28.629999,1770467765.688172
-4.97159028,2.4295446,22.610323440000002,-15.47,161.910004,27.299999,1770467765.696286
-9.15088572,0.86889132,21.60020736,-0.21,157.360001,38.639999,1770467765.704139
-11.937082680000001,-0.16994844,20.95392456,-4.76,131.809998,45.290001,1770467765.712141
-13.62459888,-1.8454964400000002,19.3525794,-9.66,94.849998,29.4,1770467765.720148
-13.758642720000001,-2.8197079200000004,18.28022868,-14.21,43.959999,15.82,1770467765.72815
-13.46661864,-3.9925915200000004,16.7435118,-24.780001,-9.24,0.49,1770467765.73615
-12.04479648,-5.17504968,14.87407896,-36.68,-57.959999,-10.43,1770467765.744209
-9.85461588,-5.881173480000001,12.997465200000002,-46.900002,-103.459999,-21.91,1770467765.752156
-7.32214476,-5.91947172,11.28122532,-55.580002,-136.990005,-32.970001,1770467765.760152
-4.77052452,-5.785427880000001,9.79956216,-54.669998,-158.199997,-36.259998,1770467765.768168
-2.4032145600000003,-4.75616268,8.28678168,-51.869999,-173.460007,-35.77,1770467765.776155
-0.47633436000000007,-3.5377999200000003,7.02054612,-45.849998,-185.289993,-33.669998,1770467765.78417
2.7814096800000003,-3.90402684,5.90510988,-17.15,-179.830002,-16.379999,1770467765.792186
3.3917878800000003,-2.4822046799999997,4.50961776,-12.67,-173.389999,-7.7,1770467765.800159
3.8417922000000004,-1.3165020000000003,2.8244952000000003,-1.47,-161.070007,6.86,1770467765.808149
3.93514416,-0.54096264,1.4457585600000002,3.29,-145.110001,8.96,1770467765.816133
3.99977244,0.44282340000000003,0.08138376,0.21,-132.440002,21.77,1770467765.824152
4.06679436,1.21357548,-1.01969064,8.33,-118.580002,23.450001,1770467765.832217
3.66945012,1.06277616,-1.52474868,11.9,-97.860001,32.900002,1770467765.840236
3.2721058800000002,1.0795316400000001,-1.4002794,19.67,-67.480003,31.360001,1770467765.848159
2.99923092,1.15612812,-0.76357116,24.08,-30.24,29.469999,1770467765.856154
3.11891292,1.0603825199999999,0.68936832,28.209999,15.33,29.959999,1770467765.864334
3.4588098,0.7180920000000001,2.5492266,33.389999,62.650002,25.41,1770467765.872164
3.5784918,0.64867644,4.84233372,38.290001,109.059998,28.280001,1770467765.880186
3.46359708,0.9383068800000001,7.52321052,46.549999,154.210007,20.719999,1770467765.888358
2.7838033200000005,1.48884408,9.83307312,45.779999,193.830002,16.1,1770467765.896138
2.22129792,1.26623556,12.501981720000002,47.18,228.270004,7.07,1770467765.904148
1.24708644,0.5361753600000001,15.04163376,45.849998,252.559998,3.22,1770467765.912165
-1.0603825199999999,0.25372584000000004,18.66321108,41.23,255.009995,13.09,1770467765.920147
-3.80110032,-0.66782556,24.561140039999998,42.630001,228.830002,17.290001,1770467765.928147
-7.42267764,-1.66118616,26.411423759999998,47.669998,171.710007,39.200001,1770467765.936153
-10.543984200000002,-1.85985828,23.65155684,25.41,118.160004,34.790001,1770467765.944273
-10.66845348,-2.4798110400000004,19.66614624,6.23,74.970001,24.360001,1770467765.95215
-10.515260520000002,-3.3032232,16.75069272,-6.65,55.09,21.700001,1770467765.960149
-10.45302588,-3.58327908,14.7328542,-15.47,49.84,8.33,1770467765.968166
-10.216055520000001,-3.30801048,13.603056120000002,-26.809999,48.860001,-3.01,1770467765.976246
-9.98865972,-2.69523864,12.370331519999999,-31.57,52.080002,-14.14,1770467765.985084
-9.69663564,-1.7904427200000002,10.687602600000002,-38.639999,49.07,-28.49,1770467765.99216
-9.3112596,-0.96703056,8.72003052,-40.32,41.650002,-38.150002,1770467766.000152
-8.81338248,-0.2872368,7.0492698,-41.790001,26.950001,-52.290001,1770467766.008161
-8.14555692,0.32553504,5.73994872,-36.470001,8.68,-58.869999,1770467766.016161
-7.04687616,0.5194198800000001,4.72265172,-24.780001,-4.9,-57.68,1770467766.024227
-6.1277184,0.9813924,3.8034939600000004,-9.24,-22.33,-65.589996,1770467766.032144
-5.1702623999999995,1.5702278400000003,2.9752945200000003,2.73,-40.810001,-61.18,1770467766.040156
-4.308552,2.18299968,2.33858628,11.76,-58.029999,-64.190002,1770467766.048147
-3.6622692,2.6808768000000005,1.7593254,13.65,-77.910004,-61.18,1770467766.056154
-2.91305988,2.9872627200000004,1.3093210800000001,10.43,-98.559998,-64.889999,1770467766.064227
-1.2638419200000002,3.66466284,0.9407005200000002,9.31,-120.190002,-51.029999,1770467766.072138
0.15079932000000001,4.61254428,0.81862488,2.66,-147.419998,-31.85,1770467766.080183
1.4720886,4.16253996,1.17527724,-0.56,-170.449997,-7.7,1770467766.08813
1.65400524,3.7268974800000003,1.5079932,-1.75,-178.429993,9.8,1770467766.096145
2.18299968,3.31997868,1.8263473200000002,1.19,-166.529999,21.91,1770467766.10415
2.453481,3.0399228000000003,2.8244952000000003,16.309999,-131.110001,30.52,1770467766.11223
2.69045136,3.46359708,4.7609499600000005,29.889999,-72.800003,34.580002,1770467766.120139
2.90109168,4.5120114000000004,7.35326208,46.900002,0.98,27.719999,1770467766.128146
2.79577152,6.18995304,10.311801120000002,45.009998,78.400002,23.379999,1770467766.136144
1.75693176,7.24315464,13.09081716,30.309999,138.740005,21.91,1770467766.144148
-0.7180920000000001,6.6519255600000005,16.3126566,3.64,186.479996,15.54,1770467766.152205
-4.35403116,3.5210444400000003,19.60630524,-7.91,227.919998,12.39,1770467766.160148
-7.9468848,0.47154708,20.824668,21.84,229.809998,26.879999,1770467766.16816
-12.525918120000002,0.15319296000000002,21.36802428,23.52,195.300003,43.330002,1770467766.17615
-15.553872720000001,-2.26438344,21.38238612,15.33,144.059998,31.92,1770467766.184158
-16.38685944,-3.59046,19.85045652,4.2,76.510002,25.48,1770467766.192154
-16.36292304,-4.79206728,17.99777916,-15.68,6.93,17.85,1770467766.200142
-14.574873960000001,-6.2737304400000005,15.996696120000001,-31.08,-53.200001,-1.75,1770467766.208143
-12.1357548,-6.85059768,13.883112,-48.580002,-101.919998,-15.61,1770467766.216131
-9.31365324,-6.32160324,11.81979432,-58.240002,-139.020004,-36.049999,1770467766.224153
-6.63517008,-5.6154794400000005,10.110735360000001,-61.529999,-165.830002,-42.07,1770467766.232187
-4.27982832,-4.2008382,8.475879240000001,-63.07,-183.399994,-48.580002,1770467766.240244
-2.0704986,-2.9274217200000003,7.1091108,-53.060001,-193.970001,-46.900002,1770467766.248142
-0.13404384000000003,-1.7234208000000002,5.78782152,-41.369999,-199.710007,-35.98,1770467766.25614
1.02447792,-0.7180920000000001,4.43062764,-33.459999,-203.630005,-25.690001,1770467766.264441
1.8909756,-0.33271596000000003,3.1859348400000003,-22.540001,-197.820007,-19.25,1770467766.272207
3.31040412,-0.45957888,2.21172336,-14.7,-191.449997,-13.44,1770467766.280145
3.62157732,0.38058875999999997,0.9215514,-6.02,-185.289993,-6.37,1770467766.288128
3.7819512,0.87607224,-0.32074776000000005,2.24,-170.449997,6.86,1770467766.296144
3.6598755600000006,0.9335196,-1.4673013200000002,9.31,-154.559998,16.309999,1770467766.304154
3.3702451200000003,1.03165884,-2.30268168,12.11,-131.179993,20.09,1770467766.312144
3.1811475600000003,1.31410836,-2.5755566400000003,14.0,-99.75,20.440001,1770467766.32023
3.36067056,1.3643748000000002,-1.7712936000000001,19.67,-58.450001,15.89,1770467766.328182
3.93514416,1.0962871200000002,0.11968200000000001,28.07,-6.93,17.290001,1770467766.336198
4.66999164,0.89043408,2.96093268,41.439999,49.07,19.459999,1770467766.344154
5.18462424,1.18006452,6.99660972,52.990002,108.709999,18.969999,1770467766.352148
5.04100584,1.81677276,10.903030200000002,48.509998,162.820007,12.39,1770467766.36015
4.83036552,2.09204136,12.96634788,43.889999,212.240005,0.0,1770467766.368172
4.20562548,1.56544056,14.347478160000001,34.580002,246.820007,1.61,1770467766.376284
2.99923092,0.21782124000000003,17.069046840000002,29.610001,266.140015,16.309999,1770467766.384148
-0.18909756000000003,0.06702192000000001,21.219618600000004,34.580002,271.25,32.830002,1770467766.392148
-4.083549840000001,-1.05080796,24.778961280000004,47.529999,244.929993,50.610001,1770467766.400151
-8.4854538,-0.9813924,24.932154240000003,41.439999,191.380005,58.029999,1770467766.408155
-10.723507200000002,-1.2925655999999999,22.461917760000002,15.33,150.5,56.139999,1770467766.416182
-11.39133276,-3.2912550000000005,18.73741392,-6.79,112.839996,31.15,1770467766.424175
-11.78628336,-4.07397528,15.39589248,-13.37,89.389999,23.940001,1770467766.432153
-11.86527348,-3.92796324,13.940559360000002,-19.25,74.199997,11.69,1770467766.440149
-11.956231800000001,-3.1476366,12.937624200000002,-22.959999,62.650002,-5.25,1770467766.448152
-11.678569560000001,-2.15188236,11.38893912,-29.120001,47.32,-19.389999,1770467766.456221
-11.1782988,-1.24708644,9.3830688,-34.02,32.060001,-34.02,1770467766.46419
-9.86897772,-0.9263386800000001,7.508848680000001,-31.85,17.99,-41.93,1770467766.47221
-8.60274216,-0.21303396,5.72558688,-23.870001,3.57,-50.889999,1770467766.480164
-7.475337720000001,0.54335628,4.61015064,-12.88,-14.14,-58.59,1770467766.488173
-6.51309444,1.09389348,3.6455137200000003,-4.34,-31.219999,-61.25,1770467766.496148
-5.5891494,1.65639888,2.75029236,5.74,-47.810001,-66.989998,1770467766.50414
-4.56467148,2.14948872,2.1590632800000003,14.0,-62.580002,-64.610001,1770467766.512183
-3.62157732,2.49417288,1.7497508400000001,15.96,-77.559998,-58.939999,1770467766.520191
-2.89391076,2.6258230800000004,1.49841864,17.08,-94.290001,-56.0,1770467766.52816
-2.30268168,3.60960912,0.9766051200000001,13.09,-109.550003,-49.700001,1770467766.536137
-0.5864418,3.23380764,1.18724544,5.95,-134.539993,-31.639999,1770467766.544156
0.4667598,3.63115188,1.08431892,1.75,-155.190002,-10.29,1770467766.552161
1.0651698,3.31997868,1.27581012,0.35,-167.509995,10.01,1770467766.560147
1.5319296,3.0638592,1.68272892,3.99,-161.559998,24.360001,1770467766.568174
1.9388484000000001,2.8197079200000004,2.6689086000000004,13.37,-132.789993,36.259998,1770467766.576267
2.6234294400000002,3.2290203600000003,4.6316934000000005,27.09,-84.629997,46.689999,1770467766.584139
2.84364432,4.37078664,7.3365066,39.900002,-18.9,43.470001,1770467766.592152
2.9346026400000005,6.221070360000001,10.503292320000002,39.970001,55.09,40.110001,1770467766.600152
2.0465622,7.319751120000001,13.887899280000001,28.42,115.150002,36.189999,1770467766.608154
-0.16516116,7.377198480000001,17.38740096,-0.77,160.720001,33.599998,1770467766.616135
-3.6718437600000002,4.966803,20.66668776,-31.08,199.149994,30.66,1770467766.624162
-7.197675480000001,1.05080796,22.117233600000002,-17.57,210.210007,42.91,1770467766.632333
-11.08494684,0.20106576,21.69355932,-3.43,189.139999,63.560001,1770467766.64015
-14.4934902,-2.7215686800000003,21.41589708,-5.46,156.800003,47.950001,1770467766.648154
-14.9841864,-2.9561454,19.627848,-9.66,105.139999,32.48,1770467766.656154
-15.0919002,-3.7963130400000002,17.361070920000003,-19.110001,47.18,13.51,1770467766.664149
-13.94534664,-4.9787712,14.950675440000001,-30.66,-8.54,-5.88,1770467766.672167
-11.73122964,-5.64180948,12.66474924,-43.259998,-57.119999,-18.059999,1770467766.680166
-9.05035284,-5.82611976,10.80249732,-47.459999,-95.760002,-32.619999,1770467766.688148
-6.13729296,-5.38808364,9.28492956,-46.549999,-119.489998,-32.200001,1770467766.696178
-3.3989688000000005,-4.5670651200000005,8.167099680000002,-38.220001,-127.889999,-34.299999,1770467766.704146
-1.1848518000000001,-3.71253564,6.60884004,-31.85,-128.660004,-30.73,1770467766.712375
0.58883544,-2.5803439200000002,5.158294199999999,-24.92,-124.110001,-20.51,1770467766.720177
1.42900308,-1.38352392,3.8082812400000003,-16.870001,-122.639999,-11.76,1770467766.728149
1.9292738400000002,-0.55293084,2.73832416,-14.14,-122.709999,-1.75,1770467766.736154
2.3170435200000004,-0.1914912,1.94602932,-13.65,-125.650002,5.95,1770467766.744147
2.29071348,0.17234208,1.0555952400000002,-10.64,-131.460007,15.26,1770467766.752244
2.37927816,0.58165452,0.27766224,-5.6,-129.919998,21.49,1770467766.760146
2.48699196,0.6869746800000001,-0.56968632,4.9,-122.57,35.630001,1770467766.768167
2.0082639600000003,0.5289944400000001,-0.90240228,13.3,-105.910004,39.970001,1770467766.776149
1.79762364,0.69654924,-0.8114439600000001,20.719999,-81.550003,40.669998,1770467766.784146
1.8191664,0.87846588,0.019149120000000002,27.790001,-48.93,37.310001,1770467766.792183
2.13512688,0.86649768,1.78086816,31.85,-6.93,35.139999,1770467766.800208
2.49417288,0.83059308,4.4761068,39.900002,35.84,31.43,1770467766.808151
2.66651496,1.1609154000000002,8.01630036,41.860001,82.739998,29.4,1770467766.816139
2.5109283600000003,1.4457585600000002,11.29558716,46.549999,133.279999,20.09,1770467766.824155
1.8909756,1.38113028,13.883112,42.98,175.699997,15.19,1770467766.832197
0.9287323200000001,1.0340524800000002,16.04696256,29.75,200.410004,9.1,1770467766.840157
-1.43857764,1.04602068,18.87863868,15.47,206.639999,15.26,1770467766.848152
-3.5425872000000003,-0.08377740000000002,23.261393520000002,9.24,192.360001,29.75,1770467766.856156
-6.7141602,-1.63724976,24.87949416,25.969999,148.259995,51.099998,1770467766.864317
-9.38785608,-2.36012904,23.46245928,20.02,110.389999,58.66,1770467766.872163
-10.50089868,-3.3439150800000004,20.982648240000003,0.21,84.489998,29.959999,1770467766.880158
-9.919244160000002,-3.40375608,17.413731,-11.06,62.720001,6.72,1770467766.888368
-9.95514876,-2.8292824800000003,15.391105200000002,-20.790001,48.720001,-9.31,1770467766.896181
-9.94318056,-1.86464556,14.18949792,-23.450001,40.32,-13.58,1770467766.904151
-9.63200736,-1.00772244,13.07166804,-32.200001,31.92,-32.970001,1770467766.912198
-9.397430640000001,-0.23697036000000002,11.537344800000001,-41.02,23.870001,-36.75,1770467766.920187
-8.81816976,0.1436184,9.30886596,-41.369999,16.59,-46.41,1770467766.928149
-8.009119440000001,0.5170262400000001,6.92001324,-41.650002,7.42,-50.189999,1770467766.936147
-7.0636316400000005,0.69176196,4.99313304,-33.669998,-6.44,-54.110001,1770467766.94427
-6.290485920000001,0.83059308,3.53540628,-22.68,-19.110001,-59.709999,1770467766.952141
-5.4096264000000005,0.7707520800000001,2.5228965600000004,-12.46,-32.34,-56.91,1770467766.960147
-4.57663968,0.88085952,1.65400524,4.76,-44.450001,-59.57,1770467766.96833
-3.7532275200000003,1.13937264,1.1130426000000002,17.99,-55.580002,-52.5,1770467766.97627
-2.80295244,1.5391105200000001,0.67740012,28.77,-69.440002,-43.330002,1770467766.984349
-1.92209292,1.86464556,0.6295273200000001,33.32,-87.010002,-37.240002,1770467766.992178
-1.2375118800000002,2.10400956,0.9215514,28.559999,-101.57,-34.439999,1770467767.000155
-0.97899876,2.5707693600000003,0.9407005200000002,21.77,-105.769997,-27.23,1770467767.008173
0.777933,2.81013336,1.11782988,15.19,-117.739998,-8.61,1770467767.016175
1.3069274400000002,3.1237002,1.37873664,17.08,-124.739998,10.57,1770467767.024223
1.44097128,2.9705072400000003,1.82874096,20.65,-111.300003,23.379999,1770467767.032172
1.6875162000000001,3.0997638,2.7478987200000002,23.799999,-81.199997,31.92,1770467767.040151
1.9412420400000001,3.3702451200000003,4.86148284,34.02,-29.120001,30.52,1770467767.048265
2.0944350000000003,4.26786012,7.908586560000001,38.220001,34.16,31.219999,1770467767.056181
1.8478900800000002,4.9428666,11.518195680000002,32.900002,101.220001,27.860001,1770467767.064152
0.67979376,5.143932360000001,15.69988476,14.42,156.169998,30.66,1770467767.072163
-2.1806060400000002,4.33488204,19.860031080000002,-15.19,196.630005,24.5,1770467767.080186
-6.09899472,0.95506236,22.725218160000004,-15.12,216.160004,30.309999,1770467767.08817
-11.87484804,0.33032232,21.71510208,9.45,193.830002,52.990002,1770467767.096176
-15.31690236,-1.9412420400000001,21.995157960000004,-0.91,171.149994,39.060001,1770467767.104227
-16.17143184,-3.0303482400000004,19.88875476,-1.33,119.629997,35.91,1770467767.112143
-16.62622344,-3.7747702800000003,18.68954112,-6.65,53.759998,12.6,1770467767.12014
-15.630469200000002,-4.49525592,16.8033528,-13.44,-7.56,2.87,1770467767.12814
-13.62459888,-4.962015720000001,14.71370508,-24.709999,-61.880001,-15.61,1770467767.136143
-11.015531280000001,-4.753769040000001,12.65517468,-35.77,-109.550003,-24.709999,1770467767.144132
-8.14555692,-4.16014632,10.4482386,-39.900002,-144.410004,-32.060001,1770467767.152178
-5.42398824,-3.2481694800000005,8.6530086,-38.009998,-167.509995,-33.529999,1770467767.160169
-2.86997436,-2.4056082,7.02054612,-30.309999,-177.449997,-31.5,1770467767.168164
-0.8090503200000001,-1.5151741200000002,5.60590488,-22.75,-180.880005,-28.98,1770467767.176144
0.68936832,-0.48830256000000005,4.26546648,-12.53,-178.220001,-21.77,1770467767.184151
1.2231500400000002,-0.23697036000000002,3.25774404,-9.8,-166.529999,-18.48,1770467767.192155
3.1931157600000004,-0.23457672000000002,2.1111904800000003,-7.91,-166.110001,-9.87,1770467767.20021
4.36599936,1.99150848,0.31835412,2.87,-164.850006,13.37,1770467767.208148
3.3870006000000004,1.58698332,-0.14122476,10.57,-155.399994,31.57,1770467767.216129
3.21705216,1.52953596,-0.9813924,17.290001,-140.630005,38.990002,1770467767.224139
2.9944436400000005,1.34761932,-1.6228879200000002,21.77,-118.860001,39.759998,1770467767.232138
2.84364432,1.40746032,-1.58937696,27.299999,-88.339996,34.93,1770467767.24014
2.87715528,1.59895152,-0.7180920000000001,32.549999,-49.98,29.75,1770467767.24814
2.88194256,1.8742201200000002,0.8880404399999999,36.330002,-6.58,29.889999,1770467767.256143
3.0997638,1.94363568,3.0399228000000003,38.639999,40.880001,23.17,1770467767.26416
3.21465852,2.21172336,5.69925684,41.439999,93.169998,19.25,1770467767.27215
3.1260938400000002,2.6258230800000004,8.2819944,41.23,139.649994,10.36,1770467767.280134
2.45587464,3.01119912,10.83600828,42.0,183.050003,1.47,1770467767.288127
1.8502837200000002,2.13273324,13.68922716,36.470001,224.139999,-1.54,1770467767.296147
0.10532016000000001,2.5492266,17.07383412,26.32,248.360001,5.11,1770467767.30414
-2.99683728,2.6138548800000003,22.296756600000002,4.34,248.570007,20.23,1770467767.312296
-6.95113056,0.6343146,25.171518240000005,-3.01,218.889999,39.619999,1770467767.32022
-9.883339560000001,-1.5845896800000001,24.934547880000004,9.52,158.130005,62.580002,1770467767.328151
-13.165020000000002,-4.78967364,23.153679720000003,-4.2,120.190002,55.16,1770467767.336155
-12.7581012,-4.60536336,19.18023732,-3.01,75.040001,29.4,1770467767.344145
-12.26501136,-4.19605092,16.26717744,-1.82,42.84,21.84,1770467767.352151
-11.767134239999999,-3.27449952,14.5174266,-10.78,18.200001,-0.98,1770467767.360202
-10.73308176,-2.4295446,13.567151520000001,-19.32,2.52,-14.56,1770467767.368454
-9.7660512,-1.63724976,12.22431948,-28.91,-4.9,-29.959999,1770467767.376203
-8.64343404,-0.897615,10.694783520000001,-34.09,-8.05,-39.619999,1770467767.384147
-7.55672148,-0.43324884,8.82774432,-38.639999,-12.25,-42.209999,1770467767.392151
-6.4580407200000005,-0.04069188,6.994216080000001,-37.450001,-18.9,-50.400002,1770467767.400148
-5.38090272,0.27048132,5.47425468,-28.91,-27.370001,-45.779999,1770467767.408222
-4.51679868,0.4906962,4.1769018,-20.02,-34.16,-49.560001,1770467767.416143
-3.7268974800000003,0.64867644,2.9561454,-7.98,-39.48,-42.98,1770467767.424145
-2.99205,0.88085952,2.1207650399999998,0.35,-42.07,-44.099998,1770467767.432149
-2.32661808,1.2446928,1.4912377200000002,5.67,-44.450001,-36.889999,1770467767.440155
-1.68033528,1.75453812,1.0149033600000001,13.23,-46.48,-35.07,1770467767.448158
-1.01969064,2.2739580000000004,0.6008036400000001,14.98,-51.799999,-27.440001,1770467767.456189
-0.38058875999999997,2.6210358,0.80426304,13.02,-59.57,-20.51,1770467767.464307
-0.18431028,2.5803439200000002,1.14415992,4.34,-64.330002,-18.059999,1770467767.472159
0.37819512000000005,2.09682864,1.49841864,-8.19,-61.18,-20.790001,1770467767.480175
3.7268974800000003,4.91174928,0.6343146,-3.15,-64.260002,1.96,1770467767.48834
1.9627848,3.1356684,1.8670392,5.81,-54.810001,16.17,1770467767.496145
1.7497508400000001,3.0183800400000003,3.37742604,17.57,-24.57,26.389999,1770467767.504152
1.4242158,3.37981968,5.59872396,31.780001,29.190001,37.73,1770467767.512148
1.06756344,4.21759368,8.892372600000002,37.450001,97.720001,35.0,1770467767.520164
-0.05026644,5.0146758,12.03522192,29.469999,160.160004,41.09,1770467767.528129
-2.6880577199999998,5.5700002799999995,15.06557016,4.97,206.220001,39.689999,1770467767.53613
-5.869205280000001,4.179295440000001,18.02650284,-15.82,233.169998,37.939999,1770467767.544152
-10.493717760000001,1.31410836,19.76189184,-2.1,244.229996,46.34,1770467767.552146
-15.403073400000002,-2.7838033200000005,21.03770196,24.290001,244.369995,66.919998,1770467767.560181
-16.456275,-1.7665063200000002,18.8618832,26.459999,208.600006,50.889999,1770467767.56818
-18.31373964,-1.19203272,17.01159948,4.41,133.350006,46.41,1770467767.57615
-19.51055964,-1.1585217600000002,15.53951088,-17.01,42.98,25.41,1770467767.584201
-18.598582800000003,-1.8143791200000001,14.11290144,-34.369999,-46.34,14.42,1770467767.592158
-16.09244172,-2.53247112,12.971135160000001,-46.759998,-120.330002,-10.22,1770467767.600141
-12.79879308,-2.8963044,11.690537760000002,-54.110001,-178.990005,-27.93,1770467767.608122
-9.5865282,-2.63539764,10.15382088,-57.540001,-223.089996,-37.799999,1770467767.616136
-6.5226690000000005,-2.2260852000000004,8.4854538,-57.330002,-251.160004,-44.099998,1770467767.624148
-3.8896650000000004,-1.6037388,7.2790592400000005,-54.810001,-271.040009,-43.610001,1770467767.632249
-1.6444306800000001,-1.2877783200000001,6.32639052,-45.639999,-280.070007,-40.529999,1770467767.640181
0.43803612,-1.11064896,5.69446956,-35.630001,-281.399994,-35.98,1770467767.648155
2.00587032,-1.42660944,4.892600160000001,-29.26,-269.709991,-28.49,1770467767.656183
3.84418584,-0.9407005200000002,3.5808854400000003,-23.24,-262.850006,-16.309999,1770467767.664151
4.6197252,-0.5481435600000001,1.98911484,-12.6,-250.600006,-2.1,1770467767.672252
5.072123160000001,-0.48830256000000005,0.72527292,-3.01,-231.630005,7.42,1770467767.680155
5.251646160000001,-0.36622692,-0.7061238000000001,8.68,-199.080002,13.72,1770467767.688261
5.22052884,-0.20106576,-1.9867212,14.84,-156.520004,13.72,1770467767.696172
5.01706944,0.11010744,-2.53247112,23.1,-102.199997,15.75,1770467767.704257
4.9907394,0.2633004,-2.03698764,28.42,-42.98,18.9,1770467767.71215
5.25643344,0.045479160000000005,-0.56729268,34.09,25.620001,21.91,1770467767.720146
5.639415840000001,-0.04069188,1.5606532800000001,45.779999,94.989998,22.610001,1770467767.728135
5.70404412,0.54096264,4.63648068,58.169998,161.699997,24.290001,1770467767.736149
4.91174928,1.59895152,8.12880144,66.080002,222.25,17.219999,1770467767.744147
3.82503672,3.1643920800000003,10.529622360000001,66.220001,273.140015,1.4,1770467767.75215
2.7718351200000004,3.7460466,13.124328120000001,50.119999,307.790009,-14.91,1770467767.76015
1.5917706,4.86148284,16.104409920000002,30.450001,314.440002,-11.9,1770467767.768317
-2.22369156,5.31148716,21.39435432,-3.22,302.540009,0.21,1770467767.776166
-6.678255600000001,2.8603998,24.61380012,-20.23,260.959991,12.39,1770467767.784164
-10.76180544,0.61755912,23.632407720000003,-6.09,183.960007,40.669998,1770467767.792193
-13.80172824,-1.43139672,21.64808016,-15.54,119.629997,45.5,1770467767.800155
-13.445075880000001,-3.22662672,18.490869,-21.42,68.599998,25.129999,1770467767.808145
-12.293735040000001,-4.14578448,15.34083876,-27.790001,30.17,9.8,1770467767.816142
-11.10888324,-4.61015064,13.65810984,-23.309999,12.74,-2.24,1770467767.82415
-10.0891926,-4.68914076,12.83230404,-21.209999,9.66,-15.82,1770467767.832175
-9.24184404,-4.2128064,11.726442360000002,-22.469999,14.98,-35.560001,1770467767.84017
-8.346622680000001,-3.35827692,10.299832920000002,-24.08,19.18,-47.040001,1770467767.848333
-7.4681568,-2.6210358,8.456730120000001,-25.690001,21.07,-61.040001,1770467767.856176
-6.558573600000001,-1.9556038800000002,6.783575760000001,-23.24,18.200001,-64.959999,1770467767.864145
-5.5891494,-1.2805974,5.361753600000001,-16.66,11.27,-75.040001,1770467767.872377
-4.9237174800000005,-0.7468156800000001,4.30376472,-8.89,3.99,-73.5,1770467767.880161
-4.277434680000001,-0.2273958,3.41572428,2.1,-5.18,-76.230003,1770467767.888154
-3.6239709600000003,0.23697036000000002,2.6138548800000003,11.13,-16.450001,-68.669998,1770467767.896156
-3.00880548,0.86889132,1.95799752,17.360001,-27.93,-61.459999,1770467767.904209
-2.42236368,1.5726214800000002,1.60134516,19.950001,-41.650002,-52.290001,1770467767.912158
-1.69469712,1.94602932,1.4361840000000001,15.19,-57.82,-38.360001,1770467767.92022
-0.9239450400000001,1.88379468,1.46251404,9.87,-72.449997,-29.82,1770467767.928149
-0.50027076,1.38113028,1.42660944,4.97,-84.209999,-17.5,1770467767.936154
-0.06702192000000001,0.58404816,1.5798024,5.53,-81.760002,-6.79,1770467767.944174
1.2063945600000001,0.56968632,1.4481522,17.219999,-71.82,17.290001,1770467767.952159
1.2087882,1.17048996,1.84070916,30.030001,-46.689999,38.220001,1770467767.960151
0.58165452,1.98432756,3.11412564,48.299999,-7.35,41.02,1770467767.968147
0.18670392000000002,3.7747702800000003,5.3761154399999995,62.650002,54.810001,37.66,1770467767.977043
-0.30399228000000006,5.0984532,9.256205880000001,62.650002,114.379997,41.439999,1770467767.984391
-1.38352392,5.81893884,14.10572052,49.209999,172.339996,43.889999,1770467767.992179
-3.8298240000000003,5.42877552,18.57943368,28.91,208.809998,47.389999,1770467768.000151
-8.86125528,3.99019788,21.3393006,22.33,212.240005,42.0,1770467768.008201
-13.71316356,2.56358844,19.508166,29.540001,198.029999,47.25,1770467768.016147
-17.16957972,-0.28005588000000003,18.52437996,17.290001,190.259995,19.110001,1770467768.024149
-17.91400176,-1.07474436,17.19351612,11.69,143.289993,14.07,1770467768.032149
-19.03661892,-2.02501944,15.754938480000002,-2.52,73.080002,-4.48,1770467768.040144
-19.2328974,-3.35348964,14.98897368,-10.92,-8.12,-19.950001,1770467768.048149
-17.595647640000003,-4.0931244,14.03391132,-17.780001,-86.239998,-35.630001,1770467768.056159
-14.64428952,-3.84897312,13.20331824,-22.889999,-151.130005,-53.34,1770467768.064284
-11.147181480000002,-3.06625284,11.920327200000001,-28.91,-203.210007,-66.43,1770467768.072169
-7.54475328,-2.13512688,10.412334,-30.66,-242.759995,-70.139999,1770467768.080152
-4.4761068,-1.17767088,8.91391536,-28.209999,-268.029999,-69.230003,1770467768.088268
-2.0345940000000002,-0.43324884,7.45858224,-25.129999,-285.25,-63.700001,1770467768.096171
-0.0239364,-0.03111732,6.0080364,-14.63,-290.149994,-59.150002,1770467768.104141
1.5175677600000002,-0.25611948,5.0529740400000005,-13.23,-283.850006,-53.970001,1770467768.112124
4.028496120000001,0.6199527600000001,3.60721548,-9.59,-281.470001,-27.02,1770467768.12014
4.646055240000001,0.6558573600000001,2.41039548,1.89,-272.579987,-4.06,1770467768.128143
5.27079528,0.28963044000000004,1.5630469200000001,4.62,-252.350006,14.49,1770467768.13614
5.553244800000001,0.02872368,0.35425872,8.61,-220.289993,21.700001,1770467768.144142
5.4838292399999995,-0.19867212,-0.97899876,15.12,-174.649994,24.57,1770467768.152113
5.373721800000001,-0.44521704,-2.16385056,22.120001,-121.309998,22.33,1770467768.160142
5.06972952,-0.60559092,-2.5803439200000002,28.77,-63.77,22.68,1770467768.168128
4.966803,-0.68936832,-2.00587032,34.650002,-2.31,19.74,1770467768.176152
4.88781288,-0.37580148,-0.78272028,37.869999,63.07,19.6,1770467768.184147
4.74658812,0.1316502,0.9215514,44.310001,123.199997,21.209999,1770467768.19216
4.50483048,0.8736786000000001,3.40375608,46.41,181.020004,17.85,1770467768.200221
3.80110032,2.2955007600000004,6.31202868,53.900002,228.270004,9.24,1770467768.208146
2.86279344,3.3870006000000004,9.533868120000001,50.400002,271.459991,-8.47,1770467768.216136
1.8119854800000001,3.88009044,13.04773164,35.77,308.350006,-20.16,1770467768.224145
-0.0047872800000000005,4.34924388,16.61904252,13.3,325.429993,-20.51,1770467768.232138
-3.4827462000000002,4.4641386,21.54276,-22.33,314.649994,-9.94,1770467768.240168
-7.3484748,1.44097128,24.422308920000003,-34.09,275.799988,4.2,1770467768.248139
-12.145329360000002,-0.6199527600000001,23.6252268,-4.55,185.919998,28.42,1770467768.25614
-16.49457324,-3.2840740800000003,22.94543304,-8.19,122.709999,14.28,1770467768.264142
-15.87222684,-3.81546216,18.70869024,4.13,59.849998,-0.77,1770467768.272254
-14.23976436,-3.60960912,15.47248896,0.63,14.0,-18.129999,1770467768.28015
-12.748526640000001,-3.30801048,13.84002648,-2.8,-6.93,-25.76,1770467768.288127
-11.68335684,-3.0040182,13.29188292,-8.33,-12.32,-44.310001,1770467768.29616
-10.62297432,-2.5827375600000004,12.571397280000001,-12.95,-10.01,-48.790001,1770467768.30415
-9.54104904,-1.9532102400000002,11.063404080000002,-19.67,-9.8,-57.470001,1770467768.312157
-8.492634720000002,-1.4242158,9.3232278,-26.459999,-10.22,-58.799999,1770467768.32015
-7.34129388,-0.9981478800000001,7.379592120000001,-25.76,-12.11,-63.700001,1770467768.328149
-6.3072414,-0.6582510000000001,5.565213000000001,-20.299999,-13.58,-67.059998,1770467768.336155
-5.38808364,-0.32792868000000003,4.29179652,-11.97,-16.66,-68.529999,1770467768.344165
-4.579033320000001,-0.14122476,3.2960422800000004,0.42,-22.120001,-68.739998,1770467768.352166
-3.8657286000000006,0.11250108000000002,2.44869372,12.18,-27.58,-64.050003,1770467768.3602
-3.20508396,0.39734424,1.86225192,22.469999,-33.110001,-64.610001,1770467768.368149
-2.42715096,0.81862488,1.6396434000000002,29.68,-39.689999,-52.080002,1770467768.376163
-1.5845896800000001,1.1824581600000001,1.7210271600000002,35.700001,-46.549999,-44.52,1770467768.384203
-0.56968632,1.29495924,2.0896477200000003,37.240002,-57.119999,-27.719999,1770467768.392147
0.11968200000000001,1.51038684,2.2619898000000003,28.42,-64.330002,-13.93,1770467768.400211
0.31835412,1.19442636,2.12794596,24.08,-60.27,-6.79,1770467768.408155
1.0891062,1.1585217600000002,1.70187804,15.47,-55.790001,-0.98,1770467768.416148
1.7306017200000001,2.05134948,1.19682,20.58,-51.939999,16.379999,1770467768.424154
1.2638419200000002,1.8742201200000002,2.25959616,27.23,-29.68,40.669998,1770467768.432186
0.8018694,2.6186421600000003,3.9423250800000003,34.299999,14.07,47.25,1770467768.44023
0.45718524,3.82024944,6.77878848,39.549999,71.540001,47.529999,1770467768.448148
0.26808768000000005,4.92850476,11.2142034,36.540001,132.860001,43.259998,1770467768.456179
-1.4553331200000001,6.64953192,15.802811280000002,20.09,178.639999,40.110001,1770467768.464166
-4.83036552,6.53942448,18.770924880000003,-4.55,204.470001,28.07,1770467768.472291
-10.15860816,4.4042976000000005,19.3047066,-20.65,217.350006,10.57,1770467768.480145
-13.81369644,2.1901806,18.60097644,-15.05,198.520004,19.459999,1770467768.488151
-17.42809284,1.08671256,17.78713884,-16.66,145.949997,21.0,1770467768.496171
-18.76853124,-0.12686292000000002,16.82250192,-18.34,62.860001,3.29,1770467768.504162
-19.153907280000002,-1.0340524800000002,15.742970280000002,-21.42,-25.969999,-16.73,1770467768.512145
-17.964268200000003,-2.13512688,14.53418208,-23.450001,-97.019997,-27.58,1770467768.520152
-15.48924444,-2.71917504,13.308638400000001,-30.24,-152.809998,-37.66,1770467768.528186
-12.353576040000002,-2.86518708,11.84373072,-34.299999,-189.559998,-51.380001,1770467768.536231
-8.9881182,-2.67608952,10.39797216,-35.91,-214.550003,-56.419998,1770467768.544144
-5.8093642800000005,-2.2452343200000002,8.85886164,-32.34,-232.050003,-61.810001,1770467768.552141
-3.23859492,-1.6875162000000001,7.367623920000001,-29.889999,-241.990005,-56.77,1770467768.560149
-1.2159691200000002,-1.19682,6.03436644,-26.040001,-242.970001,-52.849998,1770467768.568141
0.24893856,-0.69176196,4.914142920000001,-17.15,-236.949997,-38.009998,1770467768.57629
1.82156004,-1.0532016,3.97104876,-15.47,-229.809998,-30.17,1770467768.584136
3.3439150800000004,-0.91676412,2.9896563600000006,-10.78,-224.490005,-14.14,1770467768.59215
4.45695768,0.01436184,1.4553331200000001,-2.8,-213.220001,7.21,1770467768.600156
4.37078664,-0.40452516000000005,0.7420284,4.34,-197.539993,21.49,1770467768.608155
4.43302128,-0.55293084,-0.01436184,8.12,-170.940002,30.799999,1770467768.616144
4.308552,-0.6534637200000001,-0.81623124,13.23,-139.300003,34.299999,1770467768.624142
4.16014632,-0.7348474800000001,-1.35958752,19.110001,-98.349998,34.580002,1770467768.632263
3.95189964,-0.66303828,-1.3308638400000001,21.98,-52.080002,36.400002,1770467768.640173
3.89684592,-0.54096264,-0.4667598,28.42,0.56,34.580002,1770467768.648146
4.02370884,-0.49787712,1.2638419200000002,32.200001,57.189999,34.02,1770467768.65615
4.0452516,-0.3710142,3.4827462000000002,39.200001,113.540001,32.27,1770467768.664152
3.8298240000000003,0.06941556,6.09899472,48.23,167.440002,32.48,1770467768.672195
3.25774404,0.7396347600000001,8.636253120000001,47.669998,216.369995,23.379999,1770467768.680161
2.34097992,1.33565112,11.20941612,41.860001,258.230011,11.69,1770467768.68815
0.8138376,1.42660944,14.000400360000002,27.09,282.589996,4.69,1770467768.696153
-1.6037388,1.4337903600000002,18.21081312,14.42,289.940002,13.3,1770467768.704232
-5.32824264,1.0579888800000001,23.345170920000005,6.09,269.149994,25.48,1770467768.712184
-10.25435376,-0.28005588000000003,26.36115732,12.67,197.820007,35.139999,1770467768.720151
-13.816090080000002,-2.0202321600000004,25.58322432,12.46,124.25,40.32,1770467768.728152
-14.390563680000001,-3.4396606800000002,21.13344756,1.82,68.879997,15.75,1770467768.736148
-13.53364056,-3.6000345600000005,17.19112248,-4.55,28.0,6.51,1770467768.744179
-12.516343560000001,-3.36545784,14.69216232,-9.66,7.49,-10.43,1770467768.752157
-11.63548404,-3.10694472,13.52167236,-15.89,0.56,-17.709999,1770467768.76015
-10.742656320000002,-2.4510873600000003,12.755707560000001,-18.76,1.33,-33.880001,1770467768.768149
-9.9455742,-1.3859175600000002,11.309949000000001,-23.59,4.83,-40.040001,1770467768.776373
-9.24663132,-0.53138808,9.447697080000001,-27.02,1.96,-47.32,1770467768.784136
-8.377740000000001,0.3949506,7.511242320000001,-27.09,-3.01,-52.919998,1770467768.79215
-7.31496384,1.08671256,5.99846184,-27.860001,-11.48,-56.98,1770467768.800159
-6.2593686,1.66118616,4.7633436,-18.34,-23.450001,-60.549999,1770467768.808162
-5.33063628,2.19975516,3.82503672,-10.57,-32.34,-59.779999,1770467768.816165
-4.6316934000000005,2.54204568,3.15003024,0.7,-45.5,-55.509998,1770467768.82415
-3.8298240000000003,2.6736958800000004,2.5300774800000005,10.01,-57.540001,-51.029999,1770467768.832259
-3.1476366,2.6306103600000004,2.1159777600000003,13.23,-70.209999,-41.720001,1770467768.840162
-2.40082092,2.41039548,1.92209292,16.17,-82.809998,-41.509998,1770467768.848184
-0.8545294800000001,2.79098424,1.6492179599999999,14.77,-93.449997,-22.540001,1770467768.856153
-0.1914912,2.24284068,1.9627848,9.45,-106.540001,-8.05,1770467768.864237
0.7228792800000001,1.82156004,1.8694328400000002,5.53,-114.099998,5.39,1770467768.872178
1.52714232,2.2380534,1.3739493600000001,4.2,-115.849998,18.200001,1770467768.880163
1.79523,2.70002592,1.16330904,13.65,-113.190002,23.450001,1770467768.888153
2.0824668,3.11412564,1.7114526,21.209999,-92.120003,33.599998,1770467768.896176
2.17581876,3.4588098,3.04949736,32.34,-54.040001,36.470001,1770467768.90422
2.3098626,3.57131088,5.37850908,38.57,7.84,38.779999,1770467768.91215
2.14948872,4.22716824,7.899012000000001,32.41,83.370003,40.040001,1770467768.920151
1.32128928,4.8949938,10.474568640000001,20.09,155.820007,36.400002,1770467768.928153
0.08617104,4.837546440000001,13.99321944,1.54,208.179993,33.599998,1770467768.936151
-2.32422444,3.10933836,18.364006080000003,-12.32,252.770004,25.969999,1770467768.944182
-7.43464584,1.60613244,20.46083472,-7.07,269.709991,31.219999,1770467768.952157
-13.44268224,0.23218308000000001,21.0281274,15.33,249.899994,50.959999,1770467768.960151
-16.80814008,-0.8234121600000001,19.781040960000002,10.78,208.039993,30.030001,1770467768.968152
-18.567465480000003,-1.2207564,17.34670908,-0.7,123.059998,24.92,1770467768.976615
-19.5440706,-1.94842296,15.53232996,-15.12,36.189999,13.16,1770467768.984306
-18.88103232,-3.51146988,14.26130712,-25.690001,-45.009998,-1.68,1770467768.992179
-16.815321,-4.36360572,13.184169120000002,-38.990002,-109.129997,-22.75,1770467769.000174
-14.0985396,-4.21998732,12.121392960000001,-46.900002,-162.330002,-35.77,1770467769.008165
-10.84558284,-3.78434484,10.723507200000002,-55.02,-203.630005,-45.919998,1770467769.016154
-7.66443528,-3.0040182,9.29689776,-51.310001,-234.289993,-50.119999,1770467769.024268
-4.906962,-2.20932972,7.8176282399999995,-48.09,-247.940002,-51.73,1770467769.032134
-2.3697036000000002,-1.36198116,6.65910648,-43.119999,-249.759995,-43.959999,1770467769.04015
-0.5170262400000001,-0.67261284,5.70404412,-30.66,-247.869995,-32.759998,1770467769.048154
0.44521704,-0.10771380000000001,4.74658812,-23.66,-239.539993,-29.190001,1770467769.056136
2.1303396,-0.46197252000000005,3.6287582400000002,-21.42,-228.759995,-22.75,1770467769.064155
3.99498516,0.74442204,1.69469712,-13.65,-222.740005,-0.63,1770467769.072158
3.9016332000000005,0.70373016,0.8497422000000001,-3.57,-207.759995,18.76,1770467769.080196
4.14817812,0.8090503200000001,-0.12207564000000001,3.43,-184.449997,28.49,1770467769.088208
4.2319555200000005,0.8497422000000001,-0.86410404,5.67,-155.330002,36.470001,1770467769.096137
4.179295440000001,0.7539966,-1.50559956,8.96,-117.110001,38.919998,1770467769.104156
4.36599936,0.47633436000000007,-1.3643748000000002,13.3,-73.43,41.790001,1770467769.112152
4.2726474,0.22021488,-0.299205,20.23,-12.39,41.439999,1770467769.120174
4.5670651200000005,-0.17234208,1.6994844000000002,28.91,50.400002,38.990002,1770467769.12834
4.76573724,-0.45000432000000007,3.7388656800000004,31.360001,112.0,40.810001,1770467769.136151
4.64126796,-0.16276752,5.785427880000001,39.130001,163.240005,42.209999,1770467769.144143
3.93993144,0.6343146,8.08571592,42.209999,207.339996,31.08,1770467769.152144
3.1691793600000002,1.3117147200000001,10.275896520000002,39.130001,245.350006,22.610001,1770467769.160141
1.9388484000000001,1.78565544,12.59294004,32.970001,271.670013,15.26,1770467769.168141
-0.19388484,2.63779128,15.99190884,23.799999,278.670013,13.86,1770467769.176177
-3.3917878800000003,2.89869804,21.01855284,11.62,268.23999,28.139999,1770467769.184174
-7.800872760000001,0.8952213600000001,24.697577520000003,16.799999,227.710007,35.560001,1770467769.192141
-11.24771436,-0.47394072000000004,25.11646452,18.41,157.779999,47.950001,1770467769.200144
-14.567693040000002,-3.7963130400000002,22.799421000000002,0.0,108.290001,31.15,1770467769.208152
-12.949592400000002,-3.3271596000000003,18.347250600000002,-7.0,65.870003,22.610001,1770467769.216122
-12.162084840000002,-3.4348734000000003,15.0559956,-12.25,38.43,3.15,1770467769.224264
-11.58043032,-3.3151914000000002,13.41156492,-13.58,26.32,-9.94,1770467769.232148
-10.934147520000002,-2.72396232,12.645600120000001,-18.200001,22.120001,-21.209999,1770467769.240145
-10.330950240000002,-1.9149120000000002,11.83894344,-20.58,20.719999,-33.459999,1770467769.248146
-9.71339112,-0.91676412,10.204087320000001,-27.65,20.23,-33.740002,1770467769.256147
-8.880404400000002,-0.08377740000000002,8.076141360000001,-28.98,17.709999,-45.009998,1770467769.264169
-8.10965232,0.6941556000000001,5.9481954,-31.08,9.1,-46.060001,1770467769.272261
-7.173739080000001,1.0340524800000002,4.50483048,-24.709999,-1.54,-50.68,1770467769.280151
-6.04633464,1.21357548,3.66945012,-17.43,-15.05,-51.169998,1770467769.288127
-5.00510124,1.3165020000000003,2.9944436400000005,-3.92,-23.450001,-49.279999,1770467769.296148
-4.1242417200000006,1.46251404,2.3697036000000002,8.68,-30.59,-42.98,1770467769.30416
-3.1835412,1.8502837200000002,1.8981565200000001,21.42,-35.349998,-37.939999,1770467769.312226
-2.3218308000000003,2.42715096,1.555866,24.780001,-45.360001,-29.540001,1770467769.320167
-1.9029438000000003,3.1763602800000004,1.4002794,17.92,-60.27,-22.33,1770467769.328152
-1.2207564,3.88727136,1.8143791200000001,4.9,-76.93,-22.190001,1770467769.33619
-1.04841432,3.7963130400000002,1.65879252,-13.37,-90.440002,-17.99,1770467769.344151
0.22978944,4.0691880000000005,1.3093210800000001,-23.1,-108.010002,-6.02,1770467769.352152
1.37155572,3.16199844,1.60613244,-21.77,-119.07,21.91,1770467769.360152
1.38352392,2.3218308000000003,2.1662442,-10.43,-105.209999,41.23,1770467769.368209
1.4146412400000001,2.31943716,3.2290203600000003,6.44,-73.010002,52.360001,1770467769.376168
1.33325748,2.84364432,5.239677960000001,26.32,-19.459999,52.990002,1770467769.384139
0.89282772,3.8346112800000003,8.08332228,38.080002,47.18,54.110001,1770467769.392166
0.6031972800000001,4.5239796000000005,11.45117376,30.24,112.419998,45.150002,1770467769.400162
-0.58165452,3.99977244,14.3259354,21.35,166.740005,46.48,1770467769.408167
-3.46359708,2.4032145600000003,16.97808852,8.19,210.350006,38.779999,1770467769.416145
-7.88225652,1.14415992,17.99059824,13.23,229.809998,41.93,1770467769.42416
-13.105179000000001,-0.12925656000000002,18.19645128,14.91,219.380005,52.779999,1770467769.432175
-15.74536392,-0.5194198800000001,18.5148054,-0.91,175.139999,30.52,1770467769.440172
-17.39697552,-1.0891062,17.696180520000002,-6.86,93.309998,16.73,1770467769.448161
-18.040864680000002,-1.81677276,16.95415212,-14.42,10.01,5.18,1770467769.456245
-17.241388920000002,-2.5755566400000003,15.762119400000001,-20.51,-67.690002,-4.83,1770467769.464171
-15.450946200000002,-3.15003024,14.27088168,-33.32,-124.669998,-13.58,1770467769.472149
-13.22246736,-3.4396606800000002,12.753313920000002,-51.450001,-167.089996,-20.65,1770467769.48022
-10.307013840000002,-3.8106748800000005,11.333885400000002,-58.66,-200.059998,-25.34,1770467769.488154
-7.4298585600000004,-3.5856727200000003,9.60328368,-60.900002,-223.649994,-27.58,1770467769.496155
-4.7609499600000005,-3.21465852,8.021087640000001,-59.360001,-232.889999,-29.26,1770467769.504159
-2.4056082,-2.5492266,6.53224356,-49.279999,-233.869995,-23.66,1770467769.512159
-0.72527292,-1.96517844,5.443137360000001,-44.59,-227.990005,-15.47,1770467769.520142
0.42846156,-1.35719388,4.52637324,-37.310001,-216.160004,-4.13,1770467769.528135
1.92448656,-1.1848518000000001,3.6048218400000005,-32.549999,-203.419998,5.88,1770467769.536139
2.7766224000000004,-0.66303828,2.3816718,-22.540001,-194.460007,16.52,1770467769.544222
3.2888613600000003,-0.02154276,0.9239450400000001,-6.79,-184.240005,22.68,1770467769.552155
3.51625716,0.13404384000000003,0.1316502,0.63,-169.399994,31.92,1770467769.560141
3.45162888,0.43085520000000005,-0.8856468000000001,7.98,-146.229996,30.309999,1770467769.568118
3.4013624399999998,0.47872800000000004,-1.5845896800000001,11.69,-118.230003,29.540001,1770467769.576253
3.470778,0.33032232,-1.5199614000000001,18.549999,-80.010002,25.969999,1770467769.584183
3.9112077600000004,-0.17473572,-0.23218308000000001,27.65,-30.66,22.68,1770467769.592153
4.622118840000001,-0.89282772,1.91012472,29.889999,20.440001,17.01,1770467769.600154
5.00510124,-0.5601117600000001,4.18408272,34.23,72.730003,9.31,1770467769.608155
5.06972952,-0.57686724,6.75963936,37.240002,126.419998,8.82,1770467769.616176
4.82797188,0.52420716,9.34237692,50.540001,175.630005,-8.4,1770467769.624263
4.32770112,1.4577267600000001,11.50862112,61.32,220.360001,-10.29,1770467769.632157
2.9585390400000002,2.6617276800000003,13.31342568,59.990002,257.809998,-17.92,1770467769.640144
1.13219172,4.55749056,15.814779480000002,50.330002,267.119995,-17.5,1770467769.648143
-1.9029438000000003,4.7753118,21.868295040000003,39.200001,255.779999,4.2,1770467769.656153
-5.771066040000001,1.85985828,26.655575040000002,33.32,222.25,12.95,1770467769.664179
-9.083863800000001,0.50027076,27.01940832,27.790001,157.360001,41.650002,1770467769.672257
-11.534951160000002,-0.8736786000000001,24.30262692,9.52,98.629997,49.07,1770467769.680159
-12.41581068,-2.41997004,19.79779644,-8.12,68.599998,48.93,1770467769.688149
-11.03228676,-2.31225624,15.625681920000002,-15.19,51.52,29.959999,1770467769.696153
-10.340524799999999,-2.1662442,13.143477240000001,-17.43,49.279999,17.57,1770467769.704152
-9.993447,-1.6037388,11.518195680000002,-19.110001,56.279999,14.07,1770467769.7122
-9.809136720000001,-0.7587838800000001,10.04610708,-22.33,67.269997,3.15,1770467769.72016
-9.514719,-0.045479160000000005,8.44236828,-21.700001,71.400002,-2.66,1770467769.728137
-9.02162916,0.48830256000000005,6.7500648000000005,-20.23,71.610001,-9.31,1770467769.736154
-8.4734856,0.86649768,5.368934520000001,-18.9,64.190002,-11.34,1770467769.744155
-7.669222560000001,0.8856468000000001,4.44498948,-11.41,54.32,-16.450001,1770467769.752291
-6.92719416,0.97181784,3.50428896,-4.9,40.040001,-17.360001,1770467769.76015
-6.134899320000001,1.077138,2.5707693600000003,2.73,23.309999,-19.809999,1770467769.768144
-5.32106172,0.9407005200000002,2.02741308,8.54,8.12,-16.030001,1770467769.776147
-4.56227784,0.79468848,1.8071982,13.51,-6.02,-14.14,1770467769.784178
-3.66945012,0.37580148,1.7784745200000003,10.99,-14.0,-4.27,1770467769.79216
-2.7167814000000003,-0.06941556,1.7306017200000001,14.98,-16.379999,3.85,1770467769.800161
-1.9556038800000002,-0.18191664000000002,1.65639888,10.99,-11.55,15.75,1770467769.808243
-1.8957628800000002,1.00054152,1.0962871200000002,-1.12,-17.15,21.559999,1770467769.816263
-1.72820808,2.3649163200000003,0.9215514,-4.2,-32.759998,16.52,1770467769.824167
-1.5415041600000001,3.0279546,0.87846588,-9.66,-49.700001,17.08,1770467769.832137
-1.7665063200000002,2.83406976,1.5151741200000002,-11.06,-54.25,23.799999,1770467769.84017
-2.08725408,2.15666964,3.25295676,-7.0,-30.59,33.810001,1770467769.848189
-2.2452343200000002,1.8574646400000001,5.81175792,2.1,12.74,35.279999,1770467769.856173
-2.49417288,2.14709508,9.4429098,9.8,65.940002,24.5,1770467769.864152
-3.28168044,2.6617276800000003,13.0214016,9.87,111.720001,13.37,1770467769.872145
-5.3019126000000005,2.14948872,15.644831040000001,0.0,145.179993,0.7,1770467769.880214
-8.38492092,0.5625054,15.606532800000002,-10.57,158.059998,-3.71,1770467769.888154
-11.738410560000002,-1.08431892,14.92195176,-11.48,142.520004,4.2,1770467769.896151
-14.615565840000002,-2.19975516,14.76157788,-6.93,92.75,17.08,1770467769.904151
-16.05174984,-2.5779502800000005,15.338445120000001,-5.88,25.41,27.440001,1770467769.912289
-16.552020600000002,-3.53540628,15.450946200000002,-10.36,-33.599998,39.970001,1770467769.92014
-15.80759856,-4.0213152,15.14456028,-10.22,-78.260002,51.869999,1770467769.928131
-13.86156924,-3.68141832,14.2660944,-15.12,-109.760002,58.169998,1770467769.936156
-11.21659704,-2.8747616400000005,13.09799808,-23.24,-127.470001,57.540001,1770467769.944152
-8.45433648,-1.98432756,11.010744,-29.120001,-142.240005,53.41,1770467769.952273
-6.376656960000001,-0.87607224,8.832531600000001,-39.689999,-156.660004,60.34,1770467769.960154
-4.751375400000001,0.033510960000000006,6.53224356,-38.220001,-157.570007,63.07,1770467769.968148
-3.2433822000000005,1.2877783200000001,4.8590892,-36.119999,-152.740005,70.419998,1770467769.976313
-1.9723593600000002,2.8005588,3.93514416,-31.709999,-151.339996,67.410004,1770467769.984973
-1.14655356,4.21759368,3.4492352400000006,-30.450001,-154.210007,60.130001,1770467769.992212
-0.9215514,4.99792032,3.0997638,-36.189999,-152.740005,43.82,1770467770.000162
-0.67500648,6.496338960000001,1.9149120000000002,-38.919998,-146.649994,25.41,1770467770.00818
1.3045338,7.16655816,0.7851139200000001,-31.219999,-165.410004,47.32,1770467770.016194
1.4601204,5.70404412,0.29681136,-19.459999,-155.330002,60.27,1770467770.024212
2.11358412,4.849514640000001,0.20585304000000001,-9.31,-131.809998,49.419998,1770467770.032147
2.36730996,4.54073508,0.6031972800000001,-3.92,-103.669998,43.75,1770467770.040177
2.74550508,3.40375608,2.3218308000000003,1.54,-67.480003,33.040001,1770467770.048151
2.9896563600000006,1.21357548,4.8830256,2.1,-17.709999,27.299999,1770467770.056144
3.10694472,0.15798024000000002,7.185707280000001,3.57,38.220001,24.99,1770467770.064265
3.20508396,0.33989688,9.459665280000001,8.54,79.730003,9.03,1770467770.072165
2.66412132,0.57686724,11.68814412,13.65,118.650002,10.15,1770467770.080469
1.6731543600000003,0.14601204,14.51263932,16.73,152.039993,10.01,1770467770.088161
-0.32314139999999997,-0.20585304000000001,17.744053320000003,6.09,178.289993,17.01,1770467770.096141
-2.6856640800000005,-1.94842296,20.2023216,-9.17,188.160004,23.309999,1770467770.104141
-4.00216608,-3.2457758400000003,22.150744560000003,1.75,183.050003,51.799999,1770467770.112148
-7.91576748,-5.59633032,23.512725720000002,10.01,175.839996,86.309998,1770467770.120136
-10.57031424,-6.70697928,21.952072440000002,8.33,157.360001,59.290001,1770467770.128133
-11.30037444,-5.505372,18.402304320000002,12.04,130.830002,73.989998,1770467770.136164
-11.44878012,-3.88009044,15.39589248,2.45,111.860001,62.23,1770467770.144264
-11.379364559999999,-2.70002592,13.51449144,-14.0,97.790001,61.32,1770467770.152125
-10.967658479999999,-1.55347236,12.19320216,-28.0,87.5,51.240002,1770467770.160144
-10.328556599999999,-0.10292652000000001,10.682815320000001,-37.029999,79.730003,37.450001,1770467770.16815
-9.2035458,1.43857764,9.4070052,-42.349998,68.389999,28.98,1770467770.176144
-7.994757600000001,2.333799,8.21497248,-42.630001,62.369999,23.73,1770467770.18416
-6.797937600000001,2.96332632,6.79075668,-40.110001,57.610001,16.17,1770467770.192169
-5.3234553600000005,3.5784918,4.98355848,-34.23,62.650002,10.01,1770467770.200198
-4.87823832,4.440202200000001,3.04710372,-41.860001,52.639999,0.0,1770467770.208141
-4.938079320000001,5.266008000000001,1.21118184,-56.139999,33.880001,-0.28,1770467770.216153
-4.4042976000000005,4.57663968,0.66064464,-67.339996,19.32,-10.08,1770467770.224135
-3.4947144000000003,5.325849000000001,-0.10053288,-74.410004,2.24,11.69,1770467770.23215
-3.36545784,4.950047520000001,-0.11010744,-80.010002,-15.47,12.46,1770467770.240148
-3.0399228000000003,3.6933865200000002,0.1914912,-80.360001,-28.559999,25.48,1770467770.248178
-2.69763228,2.1447014400000004,0.87846588,-72.309998,-33.810001,31.219999,1770467770.256275
-2.63779128,1.00772244,1.79523,-64.540001,-30.1,39.549999,1770467770.264155
-2.95135812,0.12207564000000001,2.6018866800000002,-60.41,-20.440001,51.240002,1770467770.272145
-3.6048218400000005,-0.89282772,3.16199844,-56.630001,-5.18,51.52,1770467770.280156
-4.136209920000001,-1.60134516,3.0830083200000002,-49.77,6.23,59.849998,1770467770.288129
-5.0314312800000005,-2.94657084,3.171573,-34.790001,16.309999,68.529999,1770467770.29626
-7.113898080000001,-5.11281504,3.59046,-26.32,25.549999,52.220001,1770467770.304156
-8.97854364,-5.51494656,4.2128064,9.45,41.650002,36.959999,1770467770.312148
-11.01313764,-6.048728280000001,5.69446956,48.16,58.66,28.84,1770467770.320155
-13.86635652,-5.76388512,7.22400552,82.599998,67.760002,25.059999,1770467770.328161
-15.6663738,-5.58196848,8.382527280000001,94.779999,67.760002,20.23,1770467770.336252
-16.57356336,-5.02903764,8.7487542,90.720001,44.939999,19.110001,1770467770.344152
-16.60468068,-4.63887432,8.420825520000001,80.5,4.06,21.49,1770467770.352179
-15.91531236,-4.129029,8.021087640000001,65.660004,-51.450001,34.509998,1770467770.360197
-14.51263932,-3.1356684,8.50699656,50.189999,-114.309998,40.25,1770467770.368153
-11.84133708,-1.5151741200000002,9.454878,27.790001,-176.119995,47.740002,1770467770.376156
-9.34477056,0.4906962,10.321375680000001,-3.57,-221.759995,61.18,1770467770.384134
-6.70937292,1.76411268,11.24053344,-35.419998,-249.970001,54.25,1770467770.392153
-4.15057176,2.8316761200000005,11.554100280000002,-63.349998,-252.630005,67.690002,1770467770.40015
-1.8981565200000001,3.54019356,11.02031856,-91.629997,-253.960007,58.799999,1770467770.40815
-0.42606792,3.6622692,10.08201168,-109.199997,-253.610001,59.639999,1770467770.416155
0.8114439600000001,2.9393899200000004,9.05514012,-123.760002,-249.690002,43.82,1770467770.424244
4.99552668,5.842875240000001,7.64528616,-120.400002,-271.600006,70.0,1770467770.43216
4.607757,5.81415156,7.5639024,-118.300003,-274.75,83.440002,1770467770.440183
5.35457268,5.6011176,6.85538496,-113.889999,-261.519989,84.769997,1770467770.448151
7.176132720000001,5.99367456,7.9061929200000005,-101.220001,-225.539993,78.330002,1770467770.45615
8.94742632,5.165475120000001,5.71601232,-81.760002,-180.110001,52.43,1770467770.464221
8.99051184,4.61254428,3.26253132,-50.119999,-147.910004,42.139999,1770467770.47215
9.94796784,4.129029,2.77901604,-20.860001,-116.970001,13.86,1770467770.480184
10.43866404,3.4851398400000004,4.31573292,1.89,-67.690002,-2.66,1770467770.488159
10.43387676,2.6617276800000003,5.577181200000001,7.7,1.75,-11.62,1770467770.496152
10.1610018,1.30214016,6.60165912,21.209999,84.489998,-21.84,1770467770.504145
9.04317192,0.7587838800000001,7.659648000000001,32.34,158.899994,-25.34,1770467770.512178
8.09289684,0.1914912,10.25435376,42.209999,225.960007,-37.799999,1770467770.520191
7.03969524,-1.3284702000000002,13.16262636,60.900002,298.339996,-42.98,1770467770.528228
5.1343578,-1.7210271600000002,17.27729352,77.769997,370.160004,-41.860001,1770467770.536161
0.8138376,-1.5798024,22.665377160000002,89.739998,419.299988,-20.65,1770467770.544158
-4.51919232,-0.5625054,25.3247112,81.760002,422.450012,-5.95,1770467770.552161
-8.74396692,0.7922948400000001,24.2475732,55.509998,361.339996,16.870001,1770467770.560186
-13.349330280000002,0.8545294800000001,20.314822680000002,23.450001,286.440002,25.41,1770467770.568148
-15.4748826,-1.46490768,16.28153928,-11.13,230.789993,11.55,1770467770.57615
-15.173283960000001,-3.6455137200000003,12.1357548,-29.540001,178.850006,0.91,1770467770.58415
-14.5892358,-6.11335656,9.45727164,-44.099998,138.460007,-12.67,1770467770.592267
-13.41156492,-8.55965664,7.94209752,-50.889999,118.580002,-22.75,1770467770.600205
-12.525918120000002,-10.5679206,6.94873692,-49.98,109.269997,-32.970001,1770467770.608193
-12.19798944,-10.00302156,5.974525440000001,-55.509998,93.940002,-48.09,1770467770.616299
-11.81979432,-7.75778724,5.42398824,-54.669998,64.400002,-59.220001,1770467770.624133
-10.9628712,-5.60590488,4.950047520000001,-53.970001,21.0,-72.940002,1770467770.632161
-9.55541088,-3.55934268,4.2415300799999995,-54.880001,-25.690001,-75.32,1770467770.640153
-7.43943312,-2.42715096,3.8537604000000005,-47.25,-63.91,-84.489998,1770467770.648152
-5.550851160000001,-1.735389,3.4348734000000003,-41.790001,-85.540001,-83.300003,1770467770.656136
-3.9806233200000003,-1.5702278400000003,2.9226344400000004,-36.68,-94.43,-83.019997,1770467770.664144
-3.06864648,-1.1992136400000002,2.35534176,-27.09,-93.309998,-83.720001,1770467770.672255
-2.22369156,-0.6558573600000001,1.9723593600000002,-18.969999,-88.550003,-84.419998,1770467770.680352
-1.91251836,-1.02447792,1.93166748,-3.92,-71.540001,-84.980003,1770467770.688166
-1.14655356,-1.4840568,2.154276,13.3,-44.240002,-76.300003,1770467770.696156
-0.62713368,-2.13512688,2.54443932,32.27,-6.23,-66.639999,1770467770.704321
-0.2273958,-2.61146124,3.0159864,48.439999,26.530001,-54.110001,1770467770.712145
-0.30159864000000003,-2.5755566400000003,3.7388656800000004,61.880001,60.970001,-42.209999,1770467770.72016
-1.5678342,-1.10346804,4.368393,77.209999,90.440002,-30.17,1770467770.728133
-3.32237232,1.24708644,4.98834576,92.889999,105.699997,-24.85,1770467770.736149
-4.8231846,2.95135812,5.39287092,112.209999,110.529999,-24.08,1770467770.744176
-6.221070360000001,4.02370884,6.288092280000001,127.260002,98.769997,-29.4,1770467770.752262
-8.23890888,5.455105560000001,8.39210184,127.959999,86.169998,-39.200001,1770467770.760175
-9.6104646,6.197133960000001,10.92457296,119.839996,75.25,-29.26,1770467770.768151
-12.00649824,4.41147852,13.48576776,97.230003,57.049999,-26.459999,1770467770.776153
-13.325393880000002,2.5611948,14.47912836,76.510002,25.059999,-29.540001,1770467770.784156
-15.28817868,0.37340784000000005,15.61132008,66.150002,-10.22,-47.32,1770467770.792255
-15.46530804,-0.83059308,15.87462048,60.41,-44.099998,-66.639999,1770467770.800139
-14.991367320000002,-1.81677276,15.838715880000002,62.439999,-67.129997,-89.040001,1770467770.808131
-14.211040680000002,-2.60428032,15.44855256,62.580002,-80.639999,-105.07,1770467770.816152
-12.360756960000002,-2.99683728,14.85014256,66.43,-87.57,-120.68,1770467770.824143
-9.244237680000001,-2.573163,14.6371086,63.630001,-112.559998,-115.150002,1770467770.832197
-6.3383587200000004,-1.25187372,14.1105078,56.77,-149.589996,-104.230003,1770467770.840167
-3.8824840800000002,0.13883112,12.62884464,51.869999,-191.660004,-90.650002,1770467770.848153
-1.75693176,1.8239536800000002,10.46499408,49.07,-228.199997,-78.190002,1770467770.856151
-0.1914912,2.1064032,7.96842756,40.740002,-249.059998,-70.699997,1770467770.864156
1.30214016,1.27820376,6.276124080000001,30.450001,-258.929993,-59.990002,1770467770.872252
5.577181200000001,2.65933404,4.16253996,25.41,-267.959991,-39.689999,1770467770.880156
4.99313304,1.16809632,3.4229052,25.9,-260.609985,-26.110001,1770467770.888166
5.70643776,0.91676412,2.64736584,27.09,-236.039993,-15.89,1770467770.896161
6.077451959999999,0.86410404,2.01783852,26.459999,-198.520004,-18.83,1770467770.904235
6.51548808,0.90479592,1.3883112000000002,25.76,-153.089996,-20.51,1770467770.912154
6.91522596,0.70851744,0.6127718400000001,21.77,-96.879997,-19.950001,1770467770.920161
6.93676872,0.6199527600000001,-0.42846156,23.450001,-33.810001,-22.4,1770467770.928138
6.86735316,0.42128064000000004,-0.9000086400000001,25.83,28.91,-23.1,1770467770.936152
6.795543960000001,0.27766224,-0.41409972,33.18,95.620003,-27.93,1770467770.944157
6.93198144,0.14122476,1.3428320400000002,43.959999,165.130005,-32.619999,1770467770.952251
6.70697928,0.29441772,3.48753348,51.869999,230.580002,-36.119999,1770467770.96015
6.09420744,1.35958752,5.579574840000001,64.190002,284.130005,-39.689999,1770467770.96815
5.227709760000001,2.76226056,7.79369184,69.510002,327.320007,-48.580002,1770467770.976308
4.2128064,3.51146988,10.82643372,63.630001,353.98999,-50.189999,1770467770.985565
2.27635164,3.7221102,14.615565840000002,47.740002,356.160004,-40.950001,1770467770.992373
-2.1662442,2.8316761200000005,18.60337008,22.540001,346.920013,-24.780001,1770467771.000419
-7.75778724,1.98911484,20.20950252,14.56,304.779999,-20.440001,1770467771.008405
-13.03815708,0.60559092,20.39141916,25.059999,243.25,-6.02,1770467771.016597
-16.93260936,-2.13512688,19.608698880000002,29.889999,176.050003,-24.360001,1770467771.024468
-15.69270384,-3.17875392,13.04055072,36.68,69.370003,-29.26,1770467771.038538
-15.33365784,-3.2074776,12.324852360000001,34.580002,57.610001,-33.110001,1770467771.040823
-14.424074640000002,-3.2673186000000003,10.74504996,26.6,31.639999,-43.75,1770467771.048872
-13.947740280000001,-3.06625284,10.1011608,17.219999,19.879999,-53.41,1770467771.056845
-13.22725464,-3.15003024,9.62482644,7.21,17.290001,-72.519997,1770467771.064818
-12.327246,-3.3367341600000002,8.6290722,-0.35,16.52,-77.209999,1770467771.072817
-11.305161720000001,-3.6503010000000002,7.22639916,-5.11,11.41,-86.519997,1770467771.08084
-10.15382088,-3.7747702800000003,5.735161440000001,-2.1,5.53,-91.769997,1770467771.088829
-8.96657544,-3.59046,4.7035026,5.81,-2.66,-92.540001,1770467771.096848
-7.89422472,-3.2242330800000003,4.071581640000001,16.1,-13.79,-92.75,1770467771.104853
-6.9654924000000005,-2.5588011600000002,3.7077483600000005,24.360001,-24.15,-92.050003,1770467771.112834
-6.22825128,-1.7234208000000002,3.4468416000000004,32.900002,-33.25,-89.669998,1770467771.120833
-5.51494656,-0.87607224,3.10215744,39.200001,-40.880001,-90.019997,1770467771.129084
-4.73222628,-0.11010744,2.71199412,41.580002,-47.040001,-92.82,1770467771.136802
-3.6718437600000002,0.5266008,2.44869372,43.119999,-51.869999,-94.010002,1770467771.144805
-2.4510873600000003,0.82819944,2.3697036000000002,46.549999,-57.259998,-87.989998,1770467771.152813
-1.2087882,1.14655356,2.41518276,48.860001,-62.439999,-82.110001,1770467771.160805
-0.32074776000000005,1.27341648,2.6090676,54.459999,-64.330002,-70.349998,1770467771.168837
-0.36862056,1.3308638400000001,2.84364432,55.509998,-57.400002,-55.299999,1770467771.176821
0.44521704,2.04895584,2.7646542000000003,61.389999,-45.639999,-30.17,1770467771.184819
0.24415128000000003,3.40854336,3.01119912,72.099998,-33.110001,-4.34,1770467771.192848
-0.9071895600000001,4.3181265600000005,4.67717256,80.010002,-12.25,10.5,1770467771.200804
-2.6330040000000006,6.30006048,7.604594280000001,81.900002,16.030001,22.469999,1770467771.20883
-4.77052452,7.5926260800000005,12.571397280000001,81.339996,41.23,23.52,1770467771.21681
-7.717095360000001,7.72666992,17.444848320000002,70.980003,51.73,25.620001,1770467771.224816
-11.642664960000001,6.872140440000001,19.32385572,54.389999,52.290001,15.96,1770467771.232835
-14.9722182,5.639415840000001,17.94990636,40.669998,49.630001,-0.35,1770467771.240832
-17.31080448,3.31040412,16.889523840000003,31.219999,42.279999,-13.44,1770467771.248858
-17.899639920000002,0.58883544,16.638191640000002,20.02,16.940001,-41.439999,1770467771.256802
-18.23235588,-1.01969064,15.989515200000001,14.21,-26.67,-59.220001,1770467771.264829
-17.90203356,-2.35534176,14.943494520000002,7.0,-69.230003,-78.68,1770467771.272817
-16.29829476,-3.7340784,13.607843400000002,-0.56,-108.639999,-92.120003,1770467771.280792
-13.70119536,-4.2104127600000005,12.387087,-8.89,-144.339996,-101.639999,1770467771.288815
-10.292652,-3.9423250800000003,11.45596104,-18.34,-177.729996,-102.480003,1770467771.296816
-7.08038712,-3.57131088,10.46978136,-25.200001,-209.160004,-101.989998,1770467771.304869
-4.26546648,-2.90587896,9.196364879999999,-27.299999,-232.399994,-90.790001,1770467771.312819
-1.7497508400000001,-2.15666964,7.822415520000001,-20.65,-253.75,-82.459999,1770467771.32084
-0.0239364,-0.51223896,6.3311778,-17.639999,-270.480011,-68.669998,1770467771.328901
1.15612812,-0.67500648,4.98116484,-10.64,-275.519989,-65.169998,1770467771.336869
2.8795489200000004,-0.6103782,3.9566869200000006,-7.77,-282.380005,-54.32,1770467771.344811
4.88541924,0.74442204,2.38885272,5.95,-285.320007,-25.549999,1770467771.35281
4.75616268,0.16755480000000003,1.88618832,17.219999,-270.480011,-8.33,1770467771.360833
4.99552668,0.15079932000000001,1.1369790000000002,23.24,-245.139999,3.15,1770467771.36881
5.1343578,0.17952300000000002,0.33271596000000003,25.76,-209.089996,3.64,1770467771.376812
5.23249704,0.11010744,-0.36862056,27.09,-166.669998,1.75,1770467771.384846
5.28515712,0.08617104,-0.7228792800000001,31.639999,-118.790001,2.8,1770467771.392811
5.10563412,0.28244952,-0.8736786000000001,31.639999,-69.089996,1.47,1770467771.40084
4.959622080000001,0.70373016,-0.52181352,28.629999,-19.389999,-1.89,1770467771.408842
4.904568360000001,1.14655356,0.58165452,26.459999,29.75,0.49,1770467771.416846
4.94047296,1.1417662800000001,2.59470576,29.959999,80.5,-6.93,1770467771.424893
4.74658812,1.32128928,5.10084684,34.650002,134.75,-8.61,1770467771.432812
4.1050926,1.93645476,7.7865109200000004,42.209999,187.25,-17.85,1770467771.440814
3.35348964,2.54204568,10.08201168,41.860001,238.490005,-28.0,1770467771.448877
2.27635164,2.8292824800000003,12.21713856,38.990002,272.089996,-36.540001,1770467771.456809
0.7300602,2.5851311999999997,15.247486800000003,21.700001,286.579987,-42.139999,1770467771.464798
-1.78086816,1.2638419200000002,20.400993720000002,10.01,286.579987,-26.67,1770467771.472812
-5.057761320000001,-0.45718524,24.563533680000003,17.99,253.470001,-6.58,1770467771.480816
-11.32431084,-0.80665668,26.13615516,34.790001,181.369995,6.16,1770467771.488847
-14.12486964,-2.9441772,23.65873776,27.299999,122.709999,-1.89,1770467771.496811
-12.70304748,-2.6138548800000003,18.88342596,20.299999,65.589996,-20.860001,1770467771.504859
-11.379364559999999,-2.96093268,15.25706136,16.66,35.84,-26.110001,1770467771.512819
-10.35488664,-3.06625284,12.88257048,10.43,28.139999,-34.509998,1770467771.520842
-9.74450844,-2.75747328,11.544525720000001,3.85,31.08,-36.259998,1770467771.528857
-9.5386554,-2.27635164,10.407546720000001,0.35,37.310001,-48.580002,1770467771.536823
-9.39982428,-1.67794164,9.05274648,-2.66,42.279999,-57.470001,1770467771.544845
-8.99529912,-0.9885733200000001,7.824809160000001,-7.0,45.150002,-63.490002,1770467771.552818
-8.463911040000001,-0.54096264,6.33357144,-3.57,41.860001,-71.82,1770467771.560816
-7.78411728,-0.33271596000000003,5.20137972,1.19,34.369999,-76.300003,1770467771.568843
-6.80511852,-0.19627848000000003,4.44977676,11.48,23.379999,-77.839996,1770467771.576817
-5.759097840000001,-0.25851312000000004,3.5497681200000004,21.209999,13.72,-81.690002,1770467771.58491
-4.80403548,-0.1914912,2.65215312,29.4,4.62,-75.18,1770467771.592837
-3.8298240000000003,-0.05744736,1.8933692400000002,36.400002,-2.66,-72.239998,1770467771.600799
-3.1260938400000002,0.4547916,1.2231500400000002,41.650002,-8.75,-70.699997,1770467771.608834
-1.7306017200000001,1.03644612,1.35719388,48.860001,-13.09,-64.050003,1770467771.616842
-0.83538036,1.9388484000000001,1.2207564,39.900002,-21.91,-63.139999,1770467771.624868
-0.31835412,2.4510873600000003,1.18724544,31.780001,-29.26,-52.5,1770467771.632813
0.016755480000000003,2.6856640800000005,1.56544056,27.65,-38.919998,-42.98,1770467771.640821
0.02872368,2.333799,2.04416856,26.110001,-40.110001,-31.43,1770467771.648869
-0.033510960000000006,2.16145692,2.63539764,30.309999,-37.380001,-24.01,1770467771.656805
0.17473572,3.0973701600000005,3.92796324,42.349998,-22.26,-10.85,1770467771.664811
-0.69176196,3.78434484,7.1689518,50.540001,-0.42,7.7,1770467771.672836
-2.10161592,5.31866808,11.932295400000001,54.459999,26.879999,12.11,1770467771.680802
-3.8513667600000003,6.24979404,17.03792952,41.23,50.330002,20.93,1770467771.688821
-6.72134112,5.22052884,20.245407120000003,32.900002,57.75,15.75,1770467771.696814
-9.93121236,3.8346112800000003,19.812158280000002,30.309999,64.82,5.18,1770467771.704824
-11.63548404,2.1782124,17.71532964,30.66,83.720001,-5.46,1770467771.712814
-12.40384248,0.03111732,17.50468932,14.98,101.080002,-18.48,1770467771.720862
-12.34639512,-0.95027508,16.88473656,4.2,93.239998,-23.66,1770467771.72884
-13.583907000000002,-1.6994844000000002,16.137920880000003,-6.09,63.84,-30.73,1770467771.737445
-14.44083012,-2.0417749200000004,15.032059199999999,-17.99,22.540001,-35.0,1770467771.74548
-14.402531880000002,-2.12555232,13.52645964,-29.33,-24.780001,-43.189999,1770467771.753525
-12.88257048,-2.5540138800000003,11.747985120000001,-38.290001,-66.360001,-50.259998,1770467771.761453
-10.682815320000001,-2.4056082,10.04610708,-39.130001,-100.309998,-52.290001,1770467771.769435
-7.99954488,-2.10400956,8.437581,-38.57,-126.980003,-56.139999,1770467771.777431
-5.325849000000001,-1.71384624,7.01815248,-34.93,-143.429993,-47.32,1770467771.785433
-2.74311144,-1.1010744000000001,5.40483912,-28.139999,-149.100006,-43.540001,1770467771.793436
-0.6558573600000001,-0.6702192000000001,4.09791168,-22.120001,-143.639999,-32.060001,1770467771.801519
0.9000086400000001,-0.32792868000000003,3.16199844,-16.59,-131.880005,-20.51,1770467771.809435
1.94842296,-0.35665236,1.9412420400000001,-9.1,-115.080002,-11.83,1770467771.817431
3.94711236,-0.6462827999999999,1.0962871200000002,-3.36,-104.93,7.77,1770467771.825472
4.29179652,-0.51223896,0.43803612,12.11,-90.93,24.219999,1770467771.833447
4.729832640000001,-0.57686724,0.13883112,23.66,-66.779999,36.189999,1770467771.841441
5.11520868,-0.5289944400000001,-0.09335196000000001,31.780001,-33.810001,38.779999,1770467771.849431
5.3019126000000005,-0.26090676,-0.19867212,36.540001,6.51,42.209999,1770467771.857442
5.10324048,-0.009574560000000001,0.07659648000000001,39.27,51.310001,41.650002,1770467771.865485
4.70828988,0.27766224,1.13937264,42.209999,93.800003,38.990002,1770467771.87343
3.77237664,0.8497422000000001,2.97290088,37.66,130.970001,35.139999,1770467771.881436
2.21651064,2.03938128,5.70643776,33.389999,158.479996,21.49,1770467771.889548
0.46197252000000005,2.84364432,9.27056772,30.59,181.860001,11.62,1770467771.897511
-2.0465622,3.72929112,12.552248160000001,35.07,190.259995,-3.78,1770467771.905451
-4.25828556,4.9021747200000005,15.984727920000001,45.639999,183.399994,-2.87,1770467771.913436
-7.08038712,4.20801912,19.0773108,43.68,156.869995,-5.81,1770467771.92146
-9.54822996,2.9752945200000003,21.152596680000002,38.220001,122.290001,-7.42,1770467771.929431
-10.80967824,0.58165452,21.92095512,30.24,94.709999,-5.25,1770467771.937515
-10.867125600000001,-1.077138,21.69116568,31.639999,74.480003,12.25,1770467771.945444
-11.65223952,-0.96224328,19.93662756,25.690001,53.619999,16.379999,1770467771.953431
-12.753313920000002,-1.21836276,17.148036960000002,7.0,37.869999,-3.92,1770467771.961431
-13.08363624,-0.8329867200000001,14.826206160000002,-3.99,25.9,-21.07,1770467771.970147
-13.53364056,-0.81862488,13.31821296,-14.0,23.73,-27.23,1770467771.977604
-13.387628520000002,-0.6534637200000001,11.79825156,-24.780001,22.33,-40.950001,1770467771.986167
-13.06688076,-0.7396347600000001,10.103554440000002,-29.959999,19.950001,-45.43,1770467771.993467
-12.32245872,-0.8090503200000001,8.064173160000001,-34.439999,12.32,-48.369999,1770467772.001441
-11.142394200000002,-0.56968632,5.90750352,-32.549999,4.27,-54.389999,1770467772.009439
-9.663124680000001,-0.38058875999999997,4.4689258800000005,-25.690001,-1.68,-60.830002,1770467772.017432
-7.97800212,-0.27766224,3.55934268,-15.26,-3.15,-59.43,1770467772.025431
-6.374263320000001,-0.3949506,2.9226344400000004,-2.45,0.56,-58.799999,1770467772.033449
-4.92132384,-0.6008036400000001,2.4127891200000002,5.18,5.53,-48.580002,1770467772.04144
-3.40614972,-0.9933606,1.8431028,13.02,13.44,-43.889999,1770467772.049435
-2.4463000800000003,-0.7731457199999999,1.1417662800000001,19.459999,21.84,-35.77,1770467772.057431
-1.7904427200000002,-0.44282340000000003,0.42606792,19.6,25.76,-32.200001,1770467772.065541
-1.09149984,-0.06702192000000001,0.033510960000000006,19.110001,23.17,-32.060001,1770467772.073431
-0.23457672000000002,0.44282340000000003,0.05744736,13.86,18.34,-25.34,1770467772.081425
0.5792608800000001,0.8712849600000001,0.55293084,13.23,8.33,-23.66,1770467772.089573
1.3069274400000002,1.18963908,1.26623556,12.18,0.56,-14.0,1770467772.097453
1.5798024,1.1992136400000002,1.7712936000000001,16.870001,-3.36,2.38,1770467772.105412
1.5223550399999999,1.2255436800000001,2.09922228,25.34,3.22,19.32,1770467772.113421
0.9263386800000001,1.45054584,2.66651496,34.509998,15.96,37.66,1770467772.121419
-0.27766224,2.44869372,3.8776968000000003,49.209999,40.529999,42.560001,1770467772.129423
-2.35055448,3.92317596,6.02957916,58.52,76.510002,40.529999,1770467772.137425
-5.01706944,5.804577,10.0054152,51.099998,110.949997,34.439999,1770467772.145505
-8.61949764,6.1995276,15.221156760000001,28.559999,123.830002,25.620001,1770467772.153429
-14.03151768,5.167868760000001,17.34670908,17.92,114.449997,19.459999,1770467772.161421
-18.56985912,2.63779128,16.341380280000003,36.400002,89.949997,17.99,1770467772.169422
-18.950447880000002,0.69176196,15.283391400000001,40.740002,50.75,18.549999,1770467772.17742
-18.730233000000002,-0.30638592000000003,14.847748920000003,28.280001,-3.43,20.23,1770467772.185427
-19.01268252,-1.4098539600000002,14.299605360000001,7.7,-48.02,6.09,1770467772.193422
-18.73741392,-2.5588011600000002,13.586300640000001,-17.219999,-82.040001,-4.27,1770467772.201431
-17.89724628,-3.31279776,12.66714288,-35.630001,-111.019997,-10.22,1770467772.209425
-16.4443068,-3.41333064,11.858092560000001,-47.459999,-144.899994,-21.139999,1770467772.217422
-14.04827316,-3.1452429600000005,10.97005212,-56.209999,-175.839996,-30.59,1770467772.225421
-11.62830312,-2.06331768,9.33998328,-57.330002,-201.740005,-38.43,1770467772.23347
-8.96657544,-1.67794164,8.076141360000001,-57.189999,-220.850006,-40.389999,1770467772.241431
-6.24979404,-0.7970821200000001,6.53942448,-53.549999,-233.729996,-41.93,1770467772.249426
-3.93514416,0.06223464,5.2037733600000005,-46.689999,-240.520004,-36.68,1770467772.257421
-0.9813924,0.22978944,3.6885992400000003,-37.240002,-242.759995,-26.6,1770467772.265426
1.1226171600000001,0.19388484,3.40614972,-24.92,-231.0,-13.09,1770467772.273444
2.23565976,0.02154276,2.20454244,-16.799999,-212.449997,-9.17,1770467772.28158
4.46174496,-0.96224328,1.6228879200000002,-8.68,-199.570007,2.31,1770467772.289462
5.045793120000001,0.36622692,0.00718092,7.21,-182.910004,12.04,1770467772.297434
4.79206728,0.35904600000000003,-0.7300602,16.59,-160.440002,26.6,1770467772.305439
4.36360572,0.96703056,-1.5702278400000003,22.75,-135.520004,23.030001,1770467772.313434
3.96386784,1.555866,-1.6635798000000002,24.219999,-107.449997,24.639999,1770467772.321558
3.6885992400000003,2.0130512400000002,-0.6941556000000001,26.32,-75.18,25.129999,1770467772.329421
3.6550882799999997,2.0561367600000002,1.57740876,29.75,-39.970001,23.030001,1770467772.33746
3.6455137200000003,2.20454244,5.0027076,29.959999,0.35,19.25,1770467772.345433
3.36067056,3.05428464,8.68651956,34.439999,48.509998,15.12,1770467772.353434
2.70241956,3.6503010000000002,11.925114480000001,36.189999,94.989998,5.6,1770467772.361607
1.65879252,4.28222196,14.907589920000001,34.09,133.070007,-12.88,1770467772.369846
1.2925655999999999,4.53355416,16.97808852,30.309999,145.740005,-13.58,1770467772.377442
-1.50081228,3.0255609600000004,19.185024600000002,21.98,146.300003,-4.9,1770467772.385434
-4.39951032,1.98432756,20.42253648,15.4,133.490005,-2.59,1770467772.393445
-6.64713828,-0.16994844,22.449949560000004,27.58,95.970001,17.92,1770467772.401454
-8.92588356,-0.56968632,23.58692856,30.030001,59.290001,32.549999,1770467772.409435
-9.557804520000001,-1.2829910400000002,22.155531840000002,13.02,46.549999,34.16,1770467772.41743
-9.715784760000002,-2.59949304,19.632635280000002,-7.91,43.82,17.290001,1770467772.425427
-9.588921840000001,-2.9154535200000002,16.60228704,-22.68,49.209999,2.03,1770467772.433503
-9.69184836,-3.2242330800000003,14.63471496,-31.92,62.720001,-7.35,1770467772.441456
-10.00062792,-3.05667828,12.80836764,-38.220001,75.529999,-18.48,1770467772.449436
-10.29743928,-2.70002592,10.462600440000001,-39.130001,79.940002,-26.459999,1770467772.457507
-10.4362704,-2.5252902,8.334654480000001,-34.23,76.580002,-32.970001,1770467772.465428
-10.17057636,-1.88858196,6.292879560000001,-25.48,62.439999,-48.369999,1770467772.47343
-9.37828152,-1.19442636,4.9189302,-20.790001,46.41,-49.91,1770467772.481592
-8.497422,-0.8712849600000001,4.009347,-15.26,23.17,-54.599998,1770467772.489707
-7.465763160000001,-0.66303828,3.36067056,-9.8,2.24,-57.119999,1770467772.497436
-6.20431488,-0.7659648,2.4415128,-3.01,-16.24,-54.599998,1770467772.505475
-4.8902065200000004,-0.8329867200000001,1.70666532,1.96,-29.26,-53.830002,1770467772.513443
-3.4899271200000004,-0.6534637200000001,1.2829910400000002,7.77,-36.540001,-48.580002,1770467772.521496
-2.15666964,-0.36862056,0.9885733200000001,12.11,-38.57,-43.540001,1770467772.52945
-0.59841,-0.08856468,0.9933606,12.25,-34.93,-36.610001,1770467772.537522
0.10292652000000001,0.62713368,0.8138376,9.31,-32.689999,-30.309999,1770467772.545439
0.58883544,1.7497508400000001,0.97899876,7.42,-33.810001,-20.299999,1770467772.553461
0.41649336000000003,1.9196992800000001,1.2327246,1.54,-35.98,-14.49,1770467772.561447
0.23697036000000002,1.65639888,1.4457585600000002,-2.8,-37.869999,-10.64,1770467772.569433
0.77553936,2.18539332,1.7497508400000001,5.11,-31.15,8.68,1770467772.577433
1.55107872,2.1064032,3.72450384,18.200001,-19.950001,32.130001,1770467772.585449
0.5194198800000001,2.99923092,6.5107008,28.42,13.02,43.470001,1770467772.593438
-0.82819944,4.10987988,11.11606416,28.209999,58.169998,45.5,1770467772.60143
-2.85800616,6.223464,15.14456028,22.75,96.599998,40.25,1770467772.609559
-5.2899444,5.759097840000001,17.688999600000002,14.0,109.970001,36.049999,1770467772.617456
-9.53147448,4.191263640000001,18.12464208,19.809999,112.980003,37.52,1770467772.62542
-12.983103360000001,3.2433822000000005,16.81053372,31.99,115.849998,26.25,1770467772.633436
-14.25173256,0.0957456,17.39458188,17.290001,110.25,19.6,1770467772.641438
-15.34801968,-1.2327246,17.53580664,6.3,69.93,7.14,1770467772.649474
-16.47542412,-2.16863784,17.01399312,-5.46,24.5,-3.78,1770467772.657436
-16.29829476,-3.1883284800000005,15.786055800000002,-19.32,-24.99,-9.73,1770467772.665438
-14.967430920000002,-3.8034939600000004,14.541363,-30.799999,-70.559998,-19.809999,1770467772.673431
-12.84905952,-3.86812224,12.801186720000002,-42.560001,-104.790001,-26.110001,1770467772.681433
-10.18972548,-3.45641616,11.010744,-48.439999,-132.789993,-30.940001,1770467772.68955
-7.705127160000001,-2.7167814000000003,9.06471468,-47.669998,-151.199997,-31.639999,1770467772.697478
-5.356966320000001,-1.91251836,7.283846520000001,-48.860001,-163.309998,-29.68,1770467772.705419
-3.21226488,-1.09389348,5.65377768,-44.66,-168.770004,-25.549999,1770467772.713435
-1.4242158,-0.63670824,4.394723040000001,-42.630001,-168.0,-12.53,1770467772.721552
-0.06462828000000001,-0.50027076,3.20269032,-36.889999,-162.330002,-5.81,1770467772.729462
1.27102284,-0.8258058,2.30746896,-32.130001,-152.529999,6.65,1770467772.737425
2.69045136,-0.61755912,1.63006884,-23.1,-143.570007,20.440001,1770467772.745435
3.45162888,-0.32314139999999997,0.86649768,-10.43,-130.199997,35.630001,1770467772.75352
3.52343808,-0.67261284,0.40213152,2.24,-110.739998,43.330002,1770467772.761428
3.6503010000000002,-0.7922948400000001,-0.35665236,12.67,-85.260002,44.029999,1770467772.769437
3.8082812400000003,-0.58404816,-0.9933606,22.469999,-59.919998,45.5,1770467772.77743
4.26307284,-0.7611775199999999,-0.58883544,28.559999,-23.17,46.689999,1770467772.785424
4.20562548,-0.06462828000000001,0.35904600000000003,34.299999,24.780001,46.27,1770467772.793494
4.35403116,0.44042976,1.8909756,37.099998,72.730003,40.669998,1770467772.801455
3.66466284,1.1728836,4.07876256,39.549999,117.599998,33.040001,1770467772.809435
2.63779128,2.38406544,6.74767116,40.459999,154.350006,22.26,1770467772.817422
1.3404384000000003,3.5880663600000005,10.20648096,46.130001,193.130005,12.25,1770467772.825548
-0.13883112,3.57370452,13.8352392,52.009998,221.130005,5.18,1770467772.833443
-2.9274217200000003,4.607757,17.42809284,48.509998,224.490005,4.27,1770467772.841458
-6.09899472,4.1553590400000004,20.66429412,32.970001,202.929993,13.02,1770467772.849432
-9.170034840000001,2.74311144,21.7462194,23.450001,169.610001,12.11,1770467772.857431
-10.83361464,0.36622692,22.4284068,29.469999,129.710007,28.77,1770467772.865457
-12.04479648,-0.57686724,22.55048244,24.780001,96.25,43.82,1770467772.873443
-12.42538524,-1.5486850800000003,19.71401904,2.03,81.199997,17.709999,1770467772.881432
-12.073520160000001,-1.6875162000000001,16.6238298,-12.53,70.07,15.4,1770467772.889467
-12.166872119999999,-1.6731543600000003,14.12486964,-20.23,66.080002,-4.13,1770467772.897548
-12.533099040000002,-1.63724976,12.29612868,-24.01,63.630001,-10.78,1770467772.905429
-12.69107928,-1.4194285199999999,10.61339976,-25.969999,58.029999,-21.280001,1770467772.913431
-12.46847076,-1.1992136400000002,8.56444392,-23.52,46.200001,-32.41,1770467772.921439
-11.745591480000002,-0.8952213600000001,6.362295120000001,-22.33,31.780001,-35.630001,1770467772.929584
-10.55355876,-0.63670824,4.7753118,-15.61,16.450001,-43.049999,1770467772.937421
-9.059927400000001,-0.6438891600000001,3.82024944,-4.9,6.3,-45.220001,1770467772.945491
-7.3867730400000005,-0.9335196,3.1691793600000002,3.92,4.34,-47.459999,1770467772.953439
-5.63462856,-1.3404384000000003,2.60428032,12.67,6.51,-48.439999,1770467772.961428
-4.0691880000000005,-1.6468243200000001,2.06092404,24.57,15.54,-46.549999,1770467772.969545
-2.8005588,-1.7090589600000001,1.40746032,32.900002,24.08,-41.16,1770467772.977867
-1.62528156,-1.5223550399999999,0.9335196,41.580002,34.509998,-32.549999,1770467772.985784
-0.69894288,-0.81862488,0.59601636,44.450001,39.759998,-30.17,1770467772.99355
0.02154276,0.17952300000000002,0.6008036400000001,39.759998,37.799999,-22.75,1770467773.001597
0.63670824,1.1609154000000002,0.8952213600000001,32.34,31.57,-8.75,1770467773.009434
1.01969064,1.7760808799999999,1.2446928,25.549999,21.98,0.91,1770467773.017431
1.36198116,2.16145692,1.63006884,20.440001,14.28,16.1,1770467773.025466
1.57501512,2.25959616,1.9867212,20.440001,15.75,19.809999,1770467773.033434
1.53432324,2.63539764,2.4463000800000003,18.969999,26.32,31.01,1770467773.041444
1.09389348,3.4492352400000006,3.3965751600000003,22.889999,51.310001,35.279999,1770467773.049436
-0.20585304000000001,5.146326,5.364147239999999,26.459999,92.470001,30.870001,1770467773.057426
-2.1806060400000002,6.7931503200000005,8.63864676,20.440001,141.399994,34.720001,1770467773.065538
-5.54845752,7.920554760000001,12.88257048,3.08,175.839996,25.41,1770467773.073424
-10.57031424,6.80511852,15.75972576,-15.12,186.830002,14.14,1770467773.081435
-16.4921796,3.5497681200000004,16.63101072,-7.21,175.839996,10.36,1770467773.089544
-19.57279428,0.9335196,15.68073564,10.85,128.800003,26.18,1770467773.097438
-20.850998040000004,0.41170608000000003,14.826206160000002,17.08,59.150002,34.299999,1770467773.105427
-21.66962292,-0.21782124000000003,14.227796160000002,14.28,-10.99,20.860001,1770467773.113423
-20.824668,-1.21357548,13.10278536,0.91,-65.379997,7.42,1770467773.121425
-19.26401472,-2.01783852,12.04719012,-12.11,-103.459999,-9.17,1770467773.129419
-17.289261720000002,-2.64975948,11.345853600000002,-23.24,-129.080002,-23.52,1770467773.137402
-14.85732348,-2.8244952000000003,10.37164212,-29.889999,-143.850006,-34.02,1770467773.145437
-12.245862240000001,-2.45587464,9.35434512,-30.66,-155.190002,-46.549999,1770467773.153505
-9.50514444,-1.8024109200000002,7.958853,-28.700001,-164.080002,-52.709999,1770467773.161435
-7.1498026800000005,-0.91915776,6.60165912,-26.74,-168.070007,-57.889999,1770467773.169423
-4.9548348,0.033510960000000006,5.40244548,-26.32,-170.380005,-52.639999,1770467773.17742
-3.07104012,0.7228792800000001,4.44498948,-32.689999,-171.009995,-44.450001,1770467773.185436
-1.4792695200000001,0.8545294800000001,3.6981738,-32.970001,-174.649994,-33.110001,1770467773.193467
-0.21064032000000002,0.90240228,2.8675807200000003,-33.599998,-181.649994,-21.629999,1770467773.201423
0.58165452,0.48830256000000005,2.14948872,-27.09,-183.960007,-18.83,1770467773.209446
2.23326612,0.2273958,1.38352392,-17.219999,-187.529999,-5.32,1770467773.217419
3.4396606800000002,0.2513322,0.5289944400000001,-4.34,-189.350006,16.66,1770467773.225487
3.26971224,-0.07899012000000001,0.20585304000000001,8.33,-177.100006,24.08,1770467773.233415
3.41333064,0.16755480000000003,-0.17234208,13.65,-155.539993,30.309999,1770467773.241443
3.5258317200000002,0.18670392000000002,0.08377740000000002,18.76,-124.529999,26.530001,1770467773.249425
3.77955756,0.23457672000000002,1.0172970000000001,18.129999,-79.449997,29.75,1770467773.257418
4.12184808,0.07420284,2.35055448,20.790001,-23.24,27.65,1770467773.265424
4.248711,0.14840568,4.01892156,26.530001,36.330002,22.4,1770467773.273429
3.8346112800000003,0.9263386800000001,6.14208024,34.299999,100.940002,20.370001,1770467773.281587
2.9393899200000004,2.1064032,8.68173228,40.389999,157.710007,11.55,1770467773.289431
1.9412420400000001,3.11412564,11.98495548,38.849998,206.149994,0.56,1770467773.297441
0.15798024000000002,3.1763602800000004,15.436584360000001,33.529999,235.339996,-1.4,1770467773.30543
-3.1045510800000002,3.31040412,18.88821324,19.74,238.910004,-3.64,1770467773.313432
-6.493945320000001,1.5415041600000001,21.10951116,7.7,218.610001,9.03,1770467773.321439
-9.895307760000001,-0.32553504,21.83957136,13.44,178.570007,18.690001,1770467773.329552
-13.05012528,-1.855071,22.61271708,26.389999,122.43,35.490002,1770467773.337517
-15.03684648,-2.56358844,20.386631880000003,19.530001,78.82,16.1,1770467773.345442
-14.85492984,-1.96757208,17.20787796,6.65,38.779999,-4.76,1770467773.353542
-14.25173256,-1.6994844000000002,15.04881468,-7.77,14.84,-9.52,1770467773.361431
-13.555183320000001,-1.5438978,13.591087920000001,-18.34,11.13,-29.26,1770467773.369431
-12.801186720000002,-1.42900308,12.23628768,-25.34,15.33,-38.849998,1770467773.377431
-11.66420772,-1.2375118800000002,10.02695796,-29.75,22.120001,-50.119999,1770467773.385457
-10.455419520000001,-1.0532016,7.47294408,-26.879999,24.43,-57.330002,1770467773.393455
-9.170034840000001,-0.8736786000000001,5.41680732,-20.09,24.43,-61.599998,1770467773.401437
-7.7865109200000004,-0.8736786000000001,4.083549840000001,-8.12,25.48,-65.870003,1770467773.409434
-6.39819972,-1.02687156,3.19790304,7.07,26.110001,-62.720001,1770467773.417429
-5.0505804,-1.00054152,2.4630555600000004,16.450001,29.26,-56.419998,1770467773.425537
-3.86812224,-0.78750756,1.65879252,26.18,33.389999,-50.82,1770467773.433417
-3.0997638,0.00718092,0.7180920000000001,27.23,35.98,-45.290001,1770467773.441433
-2.60428032,0.9454878,-0.05744736,28.35,32.970001,-46.759998,1770467773.449442
-2.01544488,1.63485612,-0.33989688,23.17,22.190001,-47.25,1770467773.457434
-1.05080796,1.8742201200000002,0.16276752,18.549999,9.1,-39.130001,1770467773.465444
0.10771380000000001,1.78565544,1.0986807600000001,15.68,1.75,-30.030001,1770467773.473587
0.9095832,1.39309848,1.9771466400000002,14.84,1.75,-10.08,1770467773.481431
1.15134084,1.35958752,2.38885272,15.54,11.55,8.89,1770467773.48943
0.9526687200000001,1.60852608,2.61624852,22.889999,26.32,27.51,1770467773.497559
0.2633004,2.2739580000000004,2.9369962800000002,32.060001,46.200001,42.0,1770467773.505435
-0.9694242000000001,3.35588328,3.7987066800000004,39.200001,69.300003,45.290001,1770467773.513434
-2.95375176,4.82079096,5.756704200000001,46.200001,93.519997,46.689999,1770467773.521434
-5.61069216,5.70643776,9.047959200000001,45.009998,114.730003,36.470001,1770467773.529493
-9.483601680000001,6.2474004,13.574332440000001,37.450001,121.169998,28.98,1770467773.53751
-15.259455000000003,6.00564276,15.024878280000001,33.459999,112.07,11.34,1770467773.545434
-19.33343028,3.6742374,13.02618888,44.869999,89.389999,-0.49,1770467773.553444
-19.4363568,1.55347236,12.4828326,45.57,38.639999,4.97,1770467773.561434
-19.79300916,0.11968200000000001,13.567151520000001,35.560001,-18.76,7.0,1770467773.569435
-19.807371,-1.22793732,13.983644880000002,17.99,-65.800003,-3.29,1770467773.57742
-18.981565200000002,-2.5659820800000004,13.67007804,-7.21,-100.660004,-7.91,1770467773.585489
-17.48314656,-3.3439150800000004,13.24640376,-28.98,-129.080002,-17.290001,1770467773.593753
-15.68552292,-3.72929112,12.174053040000002,-48.439999,-148.330002,-24.99,1770467773.601627
-13.488161400000001,-3.5018953200000005,10.855157400000001,-57.889999,-166.669998,-28.91,1770467773.609432
-11.118457800000002,-2.88912348,9.545836320000001,-62.09,-178.080002,-36.889999,1770467773.61743
-9.04317192,-1.6204942800000002,8.0306622,-65.309998,-188.649994,-34.790001,1770467773.625432
-7.075599840000001,-0.48351528,6.61362732,-63.419998,-200.410004,-35.560001,1770467773.633521
-5.163081480000001,0.44761068000000004,5.28036984,-62.790001,-207.619995,-28.280001,1770467773.641451
-3.37742604,0.77553936,4.44738312,-61.529999,-210.279999,-19.32,1770467773.649433
-1.6516116,1.21357548,3.769983,-62.299999,-211.539993,-6.93,1770467773.657434
-0.12446928,1.12740444,3.26253132,-60.970001,-212.729996,6.23,1770467773.665436
0.61516548,1.0532016,2.513322,-55.93,-208.25,6.44,1770467773.673545
1.65400524,0.39016332000000004,1.8000172800000003,-52.849998,-199.990005,8.19,1770467773.681428
3.21226488,0.71569836,0.55293084,-41.02,-195.440002,16.309999,1770467773.689436
3.15003024,0.69176196,-0.42606792,-29.959999,-186.970001,27.09,1770467773.697449
3.3463087200000006,0.33750324,-1.1369790000000002,-16.1,-168.559998,31.99,1770467773.705545
3.6862056,-0.16755480000000003,-1.19203272,-4.97,-138.740005,29.33,1770467773.713485
4.25828556,-0.6223464,-0.16755480000000003,13.02,-95.269997,30.450001,1770467773.721452
4.67238528,-0.83538036,1.90055016,30.870001,-41.439999,22.469999,1770467773.729425
4.7753118,-0.32074776000000005,4.51679868,48.790001,22.190001,17.99,1770467773.737409
4.61733156,0.6127718400000001,7.695552600000001,64.190002,87.849998,10.71,1770467773.745432
4.48568136,1.5127804800000002,10.80249732,68.809998,152.389999,-0.42,1770467773.753532
4.15775268,1.66118616,13.492948680000001,76.860001,208.039993,-4.48,1770467773.761457
2.71199412,2.0704986,16.676489880000002,71.120003,247.380005,-5.67,1770467773.769432
-0.06223464,1.96757208,19.41720768,53.759998,264.600006,4.62,1770467773.777424
-3.93514416,1.0603825199999999,20.987435520000002,40.110001,255.570007,7.56,1770467773.785414
-6.908045040000001,-0.68936832,21.93052968,37.450001,215.949997,31.219999,1770467773.793447
-10.97244576,0.2034594,21.17892672,26.32,168.630005,42.139999,1770467773.801459
-12.85145316,-0.27287496,19.12039632,3.57,126.629997,37.73,1770467773.809442
-13.82805828,-0.9478814400000001,16.40361492,-17.360001,90.93,18.9,1770467773.817426
-13.954921200000001,-1.40746032,14.07699684,-27.790001,60.27,6.72,1770467773.825435
-14.12965692,-1.7665063200000002,12.748526640000001,-30.799999,38.849998,-7.35,1770467773.833503
-13.911835680000001,-1.70427168,11.42484372,-31.709999,25.200001,-17.92,1770467773.841516
-13.2128928,-1.6731543600000003,9.66551832,-29.75,15.75,-29.610001,1770467773.849572
-11.922720840000002,-1.5917706,7.595019720000001,-27.790001,8.89,-41.509998,1770467773.85746
-10.287864720000002,-1.4577267600000001,5.75431056,-21.77,5.04,-43.610001,1770467773.865432
-8.5452948,-1.5438978,4.488075,-13.44,5.32,-47.599998,1770467773.873431
-6.788363040000001,-1.7473572000000002,3.5665236,-3.22,10.29,-47.459999,1770467773.881429
-5.2468588800000004,-1.8957628800000002,2.80295244,6.09,21.07,-44.869999,1770467773.889435
-4.07397528,-1.73299536,2.04416856,16.450001,33.740002,-42.98,1770467773.89754
-3.26492496,-1.2159691200000002,1.2399055200000002,21.42,45.709999,-38.779999,1770467773.905461
-2.9585390400000002,-0.08138376,0.42128064000000004,22.469999,46.970001,-38.009998,1770467773.913433
-2.9274217200000003,1.21836276,-0.009574560000000001,19.459999,37.52,-33.18,1770467773.921431
-2.58991848,2.0202321600000004,-0.05026644,14.42,22.610001,-33.740002,1770467773.929436
-1.91012472,2.40082092,0.27048132,9.45,3.92,-26.32,1770467773.93743
-1.15134084,2.3864590800000003,0.8138376,2.8,-12.67,-15.82,1770467773.945433
-0.48112164,2.00587032,1.4122476000000002,0.77,-27.02,-3.01,1770467773.953547
0.0359046,1.62528156,1.86225192,1.47,-29.049999,12.6,1770467773.961428
0.15798024000000002,1.72820808,2.1973615200000003,2.87,-20.719999,24.709999,1770467773.969549
0.11489472,2.22129792,2.90587896,8.89,-2.45,38.779999,1770467773.977669
-0.9119768400000001,2.8484316,4.440202200000001,15.68,28.35,45.360001,1770467773.985584
-2.30746896,3.77955756,7.061238,20.16,68.879997,44.59,1770467773.993574
-4.36599936,4.50483048,10.898242920000001,19.67,103.739998,44.66,1770467774.001438
-7.693158960000001,4.90935564,14.95306908,13.79,116.269997,35.91,1770467774.009438
-13.06448712,4.385148480000001,16.15946364,16.66,109.830002,28.0,1770467774.017549
-17.94272544,2.3170435200000004,14.062635,26.389999,91.209999,11.9,1770467774.025428
-18.3352824,0.0718092,13.22964828,28.629999,54.18,16.1,1770467774.033413
-19.08688536,-1.12740444,13.74906816,20.299999,-2.03,20.299999,1770467774.041438
-19.73316816,-2.03698764,13.880718360000001,9.59,-53.48,6.51,1770467774.049444
-18.8858196,-3.25056312,13.71795084,-1.33,-99.120003,-0.77,1770467774.057442
-17.45202924,-3.86094132,13.52645964,-16.1,-130.899994,-9.03,1770467774.065491
-15.654405600000002,-3.7580147999999998,13.02618888,-27.02,-158.899994,-16.73,1770467774.073434
-13.41395856,-3.22662672,12.372725160000002,-38.779999,-186.970001,-28.700001,1770467774.081428
-10.91978568,-2.0226258,11.501440200000001,-47.529999,-200.199997,-31.709999,1770467774.089422
-8.497422,-0.9383068800000001,9.52429356,-54.669998,-219.449997,-33.529999,1770467774.097551
-6.254581320000001,-0.21303396,7.90379928,-55.860001,-233.100006,-34.16,1770467774.105421
-3.8082812400000003,0.052660080000000005,6.680649240000001,-51.73,-237.649994,-23.17,1770467774.113423
-1.8981565200000001,0.26808768000000005,5.4096264000000005,-46.130001,-235.199997,-16.1,1770467774.121431
-0.0957456,0.56489904,4.43062764,-40.880001,-227.220001,-8.4,1770467774.129423
0.72048564,0.78750756,3.51625716,-32.970001,-210.630005,3.08,1770467774.137405
1.99150848,0.26808768000000005,2.7718351200000004,-33.880001,-191.520004,3.15,1770467774.145424
3.8417922000000004,0.84734856,1.60852608,-24.780001,-180.529999,12.04,1770467774.153429
3.9423250800000003,0.71330472,0.91915776,-15.26,-162.190002,33.599998,1770467774.161438
3.9590805600000003,0.69894288,0.12207564000000001,-8.54,-137.199997,37.310001,1770467774.169538
3.71971656,0.90240228,-0.6438891600000001,-1.89,-111.790001,34.720001,1770467774.177424
3.5856727200000003,1.0651698,-1.0101160800000002,1.33,-81.129997,35.279999,1770467774.185408
3.37742604,1.36916208,-0.35904600000000003,8.33,-48.650002,25.27,1770467774.193447
3.3032232,1.6492179599999999,1.00772244,10.99,-10.15,20.93,1770467774.201429
3.16678572,1.855071,3.0925828799999997,19.459999,30.870001,11.06,1770467774.209423
2.90109168,2.2978944,5.55803208,28.559999,70.769997,3.99,1770467774.217417
2.36730996,2.96332632,8.248483440000001,31.360001,110.040001,-3.36,1770467774.225422
1.6516116,3.5545554,10.910211120000001,33.110001,145.880005,-13.09,1770467774.233412
0.87607224,3.4995016800000003,13.90226112,29.540001,172.899994,-9.87,1770467774.241431
-0.83059308,3.3271596000000003,16.676489880000002,19.74,183.679993,-9.73,1770467774.24948
-3.0303482400000004,2.1111904800000003,19.405239480000002,3.08,166.809998,5.32,1770467774.257439
-5.63462856,-0.14840568,21.12626664,0.98,133.279999,12.53,1770467774.265422
-7.74821268,-1.9268802000000003,22.46670504,21.77,80.150002,33.25,1770467774.273427
-10.096373520000002,-2.87715528,22.77309096,26.879999,42.209999,49.349998,1770467774.281412
-10.55355876,-3.4229052,20.934775440000003,19.459999,17.08,22.049999,1770467774.289417
-9.92642508,-3.1931157600000004,18.36879336,8.19,7.0,16.1,1770467774.297448
-9.263386800000001,-3.20508396,16.516116,-4.9,17.85,2.31,1770467774.305438
-8.949819960000001,-3.2242330800000003,14.74960968,-15.26,35.490002,-7.84,1770467774.313428
-8.76311604,-2.98486908,12.85624044,-24.08,54.880001,-19.530001,1770467774.321444
-8.68651956,-2.41518276,10.40515308,-27.440001,69.720001,-22.540001,1770467774.329437
-8.73917964,-1.5845896800000001,7.98997032,-26.530001,75.389999,-28.49,1770467774.337416
-8.70806232,-0.79947576,6.170803920000001,-24.780001,74.830002,-32.759998,1770467774.345441
-8.43040008,-0.06702192000000001,4.77770544,-16.030001,64.050003,-37.380001,1770467774.353471
-7.899012000000001,0.42367428,3.8561540400000003,-3.64,54.389999,-40.040001,1770467774.36144
-7.4442204,0.85213584,3.1380620400000003,6.65,42.07,-45.990002,1770467774.369434
-6.83862948,1.0723507200000002,2.33858628,14.98,32.060001,-46.060001,1770467774.377429
-5.74234236,1.1417662800000001,1.78565544,11.55,19.879999,-45.990002,1770467774.385502
-4.8112164,1.3308638400000001,1.1585217600000002,13.44,7.77,-44.099998,1770467774.393462
-3.63354552,1.4696949600000002,1.01969064,12.46,-6.37,-40.599998,1770467774.401439
-2.3984272800000004,1.57501512,1.04362704,11.69,-18.690001,-33.18,1770467774.409424
-1.21357548,1.8191664,1.1992136400000002,8.68,-30.030001,-28.139999,1770467774.417431
-0.28005588000000003,1.8766137600000001,1.3428320400000002,1.54,-42.209999,-19.6,1770467774.425435
0.06941556,1.7114526,1.6659734400000001,-2.59,-47.25,-14.91,1770467774.433495
0.7587838800000001,1.3428320400000002,1.83352824,-7.91,-47.18,-5.04,1770467774.441438
1.26623556,2.1159777600000003,1.7449635600000002,-6.23,-43.330002,8.4,1770467774.449546
1.50559956,2.4774174,2.65454676,1.12,-38.150002,31.01,1770467774.457431
0.97899876,2.8292824800000003,4.40190396,4.62,-12.11,43.610001,1770467774.465485
-0.1436184,3.6407264400000003,7.4322522,11.55,31.99,43.259998,1770467774.473436
-1.58937696,4.73461992,11.75995332,7.42,80.849998,47.740002,1770467774.481438
-4.05003888,5.325849000000001,15.47727624,-4.34,106.260002,43.470001,1770467774.489468
-8.37295272,4.7753118,18.11028024,-9.24,104.440002,41.02,1770467774.497647
-13.153051800000002,3.7556211600000005,18.11746116,6.02,86.940002,37.380001,1770467774.505435
-16.561595160000003,1.03644612,17.3299536,2.59,70.139999,29.75,1770467774.513544
-15.70467204,-0.95027508,16.76026728,-9.94,28.559999,22.68,1770467774.521431
-15.67355472,-2.59231212,16.121165400000002,-20.51,-21.42,18.76,1770467774.529429
-15.601745520000001,-3.6550882799999997,15.314508720000001,-29.190001,-58.59,14.14,1770467774.537416
-14.84535528,-4.277434680000001,14.70652416,-36.540001,-85.889999,5.88,1770467774.545488
-13.387628520000002,-4.5718524,13.86396288,-41.650002,-108.360001,-6.79,1770467774.553433
-11.56846212,-4.20323184,12.7221966,-47.18,-125.019997,-18.27,1770467774.561465
-9.39982428,-3.6143964,11.082553200000001,-52.43,-136.570007,-26.879999,1770467774.569456
-7.3365066,-2.5755566400000003,9.22269492,-49.98,-146.789993,-27.02,1770467774.577435
-5.2157415600000006,-1.6492179599999999,7.42507128,-46.900002,-155.330002,-27.58,1770467774.585421
-2.8963044,-1.05080796,6.0080364,-39.970001,-157.850006,-26.809999,1770467774.593432
-1.3404384000000003,-0.66303828,5.33063628,-32.759998,-157.850006,-12.11,1770467774.601449
-0.04069188,0.03111732,4.13860356,-28.35,-155.330002,-9.87,1770467774.609468
0.74920932,0.25851312000000004,3.1045510800000002,-23.66,-150.149994,0.91,1770467774.617517
1.9771466400000002,0.0239364,2.56358844,-24.43,-143.220001,2.59,1770467774.625456
2.60667396,0.6654319200000001,1.63246248,-21.98,-140.210007,7.98,1770467774.633417
3.62157732,1.8024109200000002,0.56968632,-13.16,-134.960007,27.65,1770467774.641446
3.05428464,1.0962871200000002,0.21542760000000002,-2.24,-122.43,29.75,1770467774.649435
3.23859492,0.7396347600000001,-0.11728836000000001,7.14,-105.139999,41.650002,1770467774.657434
3.5018953200000005,0.02154276,0.22978944,17.780001,-76.580002,39.689999,1770467774.665443
4.26546648,-1.10586168,1.58937696,30.030001,-35.98,38.43,1770467774.67352
4.966803,-1.555866,3.45641616,43.610001,15.19,37.73,1770467774.681518
4.643661600000001,-0.45957888,5.060154960000001,49.84,68.529999,28.91,1770467774.689426
3.51625716,1.3643748000000002,7.1043235199999994,56.84,118.019997,22.469999,1770467774.697715
2.86518708,2.4247573200000003,9.409398840000001,60.41,155.960007,14.84,1770467774.705446
1.73778264,2.9322090000000003,12.087882,60.619999,190.679993,7.21,1770467774.713435
0.34468416,2.6856640800000005,15.58020276,47.389999,218.889999,11.69,1770467774.721432
-1.8502837200000002,1.77368724,18.969597,36.540001,227.919998,19.879999,1770467774.729433
-4.3444566,0.5266008,22.05978624,31.15,202.509995,34.720001,1770467774.737411
-7.02772704,-1.47687588,24.60422556,35.84,156.800003,52.009998,1770467774.745423
-9.33998328,-2.6138548800000003,24.314595120000003,29.889999,115.57,63.0,1770467774.753464
-11.23335252,-2.5300774800000005,21.08078748,6.02,96.739998,41.09,1770467774.761439
-10.99398852,-2.0465622,17.36346456,-10.57,87.709999,26.950001,1770467774.769433
-10.84558284,-2.03220036,15.173283960000001,-17.99,95.620003,8.12,1770467774.777428
-11.099308680000002,-2.35294812,13.567151520000001,-24.01,110.110001,-1.19,1770467774.785414
-11.254895280000001,-2.15666964,11.62351584,-23.450001,124.25,-18.48,1770467774.793452
-11.142394200000002,-1.6492179599999999,9.33280236,-21.07,131.740005,-26.879999,1770467774.801457
-10.77377364,-0.8736786000000001,7.209643680000001,-14.14,128.520004,-39.900002,1770467774.809437
-10.060468920000002,-0.41649336000000003,5.44792464,-7.98,123.269997,-48.439999,1770467774.817426
-9.256205880000001,0.11968200000000001,3.8537604000000005,1.12,109.900002,-49.0,1770467774.825442
-8.17667424,0.54335628,2.7885906000000005,12.53,92.82,-54.880001,1770467774.833538
-7.03490796,0.6869746800000001,2.01544488,18.690001,74.970001,-49.07,1770467774.841449
-5.54606388,0.26808768000000005,1.5678342,25.76,60.549999,-45.57,1770467774.849455
-4.2008382,-0.1914912,1.0172970000000001,33.740002,53.619999,-33.529999,1770467774.857431
-2.85321888,-0.5505372000000001,0.68936832,39.759998,51.869999,-21.209999,1770467774.865498
-1.5462914399999999,-0.5601117600000001,0.47633436000000007,47.389999,53.060001,-12.53,1770467774.873429
0.05744736,-0.36622692,0.8545294800000001,49.209999,50.68,-0.63,1770467774.88143
0.86649768,0.75160296,1.14655356,43.540001,46.48,6.44,1770467774.889425
1.1609154000000002,2.19496788,1.39788576,36.259998,39.060001,17.43,1770467774.897457
1.3404384000000003,2.9226344400000004,1.5319296,24.219999,30.66,24.290001,1770467774.905471
0.7683584400000001,3.710142,1.39788576,11.76,19.879999,27.860001,1770467774.91343
0.052660080000000005,4.27025376,1.5415041600000001,4.9,11.9,38.43,1770467774.921428
-0.70851744,4.72504536,2.4056082,2.1,13.65,43.119999,1770467774.929443
-2.23326612,5.8285134,4.30615836,0.42,25.76,46.619999,1770467774.937515
-4.44738312,7.09235532,7.611775200000001,-10.01,52.150002,37.310001,1770467774.94546
-6.977460600000001,7.65007344,12.62166372,-29.540001,78.120003,28.280001,1770467774.953437
-10.63254888,6.5657545200000005,15.654405600000002,-44.869999,101.849998,9.45,1770467774.96144
-15.35998788,3.7628020800000006,15.429403440000002,-31.01,118.720001,1.82,1770467774.970253
-18.00974736,0.44282340000000003,14.371414560000002,-1.4,80.639999,11.27,1770467774.977753
-18.87624504,-0.37819512000000005,14.71609872,18.059999,19.18,30.030001,1770467774.985742
-19.50337872,-0.63910188,15.07275108,13.3,-31.99,28.209999,1770467774.993454
-19.10364084,-1.17048996,14.06502864,-0.63,-70.139999,14.77,1770467775.001453
-17.923576320000002,-1.88379468,12.69586656,-17.99,-95.900002,-2.8,1770467775.00946
-16.382072160000003,-2.09204136,11.551706639999999,-28.49,-115.989998,-16.030001,1770467775.017436
-14.826206160000002,-2.2619898000000003,10.450632240000001,-37.310001,-136.570007,-33.880001,1770467775.025448
-12.71980296,-2.12555232,9.605677320000002,-42.91,-147.210007,-44.73,1770467775.033442
-10.66127256,-1.57740876,8.258058,-45.849998,-161.979996,-52.080002,1770467775.04154
-8.696094120000001,-0.8832531600000001,7.02054612,-48.09,-176.399994,-49.349998,1770467775.049438
-6.45564708,-0.74920932,6.3551142,-45.849998,-187.880005,-47.459999,1770467775.057496
-4.385148480000001,-0.36622692,5.57239392,-44.59,-191.660004,-38.009998,1770467775.065434
-2.32661808,-0.26090676,4.964409359999999,-42.0,-188.649994,-27.02,1770467775.073436
-0.24654492000000003,-0.15319296000000002,4.222380960000001,-42.77,-187.949997,-16.030001,1770467775.081452
0.9335196,-0.06462828000000001,3.7053547200000003,-39.549999,-172.619995,-8.19,1770467775.089424
1.5702278400000003,-0.21064032000000002,2.76226056,-35.98,-153.020004,0.56,1770467775.097428
3.52343808,-0.0359046,1.94363568,-33.529999,-144.199997,14.91,1770467775.105433
3.81306852,0.0359046,0.8497422000000001,-18.549999,-129.080002,25.83,1770467775.113478
4.08833712,-0.30638592000000003,0.13404384000000003,-8.96,-103.669998,36.400002,1770467775.121418
4.287009240000001,-0.39016332000000004,-0.18909756000000003,2.87,-69.860001,40.529999,1770467775.129421
4.30615836,-0.5146326,0.22021488,11.55,-29.120001,42.349998,1770467775.137404
4.17211452,-0.7563902400000001,1.30214016,15.96,13.44,42.419998,1770467775.145427
3.82503672,-0.54574992,2.75029236,23.450001,54.740002,42.209999,1770467775.153424
3.3151914000000002,0.11010744,4.72265172,31.639999,100.519997,38.990002,1770467775.161592
2.2955007600000004,1.04362704,7.66443528,44.66,151.059998,29.889999,1770467775.169449
1.45293948,1.8143791200000001,10.934147520000002,52.5,200.059998,23.52,1770467775.177397
0.23936400000000002,1.8119854800000001,14.0147622,53.200001,236.600006,19.809999,1770467775.185423
-2.33858628,1.6396434000000002,16.9110666,49.419998,254.729996,19.110001,1770467775.19342
-6.55139268,1.16330904,19.18263096,39.619999,254.240005,29.33,1770467775.201454
-9.76844484,0.059841000000000005,20.07306504,29.120001,223.229996,31.92,1770467775.209567
-12.528311760000001,-0.91437048,19.443537720000002,24.85,184.240005,35.139999,1770467775.217445
-14.311573560000001,-1.19442636,18.0839502,16.73,129.5,40.529999,1770467775.225425
-15.283391400000001,-2.16145692,15.71185296,0.0,75.529999,16.870001,1770467775.233413
-14.9482818,-2.4247573200000003,13.50252324,-11.69,29.889999,9.94,1770467775.241427
-14.65386408,-2.7766224000000004,12.64081284,-13.23,9.45,-10.29,1770467775.249424
-14.120082360000001,-2.3290117200000005,12.288947760000001,-13.65,4.27,-16.24,1770467775.257404
-13.28230836,-1.70187804,11.752772400000001,-14.56,9.24,-30.940001,1770467775.265422
-12.0759138,-1.10346804,10.21366188,-17.15,17.43,-38.5,1770467775.273447
-10.78095456,-0.4906962,8.1862488,-16.24,21.629999,-48.439999,1770467775.281562
-9.737327520000001,0.43803612,5.79739608,-15.26,20.719999,-58.240002,1770467775.289416
-8.55965664,1.07474436,3.93993144,-11.55,17.08,-60.48,1770467775.297443
-7.23118644,1.1417662800000001,2.9705072400000003,-3.71,17.780001,-59.639999,1770467775.305437
-6.1444738800000005,1.24229916,2.1925742400000003,1.54,19.459999,-54.669998,1770467775.313437
-5.47904196,1.4792695200000001,1.24708644,5.95,13.51,-48.369999,1770467775.32155
-5.0529740400000005,1.7497508400000001,0.39734424,7.63,-1.33,-40.810001,1770467775.329482
-4.62690612,2.0226258,-0.0957456,5.67,-22.26,-35.419998,1770467775.337537
-4.06200708,2.333799,-0.27766224,5.46,-44.450001,-28.0,1770467775.345487
-3.2984359199999997,2.70002592,-0.16516116,4.34,-66.57,-27.719999,1770467775.353429
-2.32661808,2.97290088,0.21303396,-3.92,-89.809998,-21.209999,1770467775.36143
-1.46490768,3.0375291600000005,0.74920932,-10.57,-111.440002,-15.54,1770467775.369505
-0.7851139200000001,3.08061468,1.14655356,-14.42,-128.240005,-9.52,1770467775.377433
-0.6127718400000001,2.812527,1.3524066000000001,-19.74,-135.100006,-2.59,1770467775.385433
-0.54574992,2.84603796,1.4361840000000001,-18.9,-128.660004,3.43,1770467775.393428
0.06462828000000001,2.85561252,1.91012472,-15.47,-122.989998,24.709999,1770467775.401455
-0.28005588000000003,3.25056312,3.1859348400000003,0.42,-106.68,39.759998,1770467775.409432
-1.6396434000000002,3.4612034400000002,5.854843440000001,15.47,-70.910004,44.450001,1770467775.417435
-3.50428896,4.54073508,10.46978136,24.85,-20.719999,34.93,1770467775.425463
-5.0386122,4.81361004,15.24509316,15.89,18.969999,22.469999,1770467775.433536
-8.0905032,3.20508396,18.22038768,6.23,36.540001,21.139999,1770467775.441496
-12.324852360000001,1.68033528,17.22463344,27.09,43.400002,25.76,1770467775.44943
-16.89191748,-2.3912463600000002,17.16000516,31.15,49.419998,24.57,1770467775.457426
-15.386317920000002,-3.1883284800000005,17.3060172,30.450001,24.08,18.690001,1770467775.465481
-15.898556880000001,-4.72025808,17.344315440000003,22.4,-11.48,23.379999,1770467775.473465
-15.80759856,-5.4838292399999995,16.872768360000002,9.45,-45.990002,20.16,1770467775.481433
-14.967430920000002,-6.5442117600000005,16.41079584,-10.22,-73.919998,8.19,1770467775.489422
-13.358904840000001,-6.63277644,15.630469200000002,-24.99,-94.360001,-2.31,1770467775.497423
-11.42723736,-5.735161440000001,13.974070320000001,-41.23,-114.029999,-14.7,1770467775.505442
-9.569772720000001,-4.44498948,12.05676468,-56.77,-143.220001,-23.799999,1770467775.513434
-7.56629604,-3.2553504,10.2208428,-63.98,-166.740005,-33.32,1770467775.521436
-5.541276600000001,-2.1111904800000003,8.59556124,-66.220001,-184.309998,-36.049999,1770467775.529507
-3.6598755600000006,-1.7760808799999999,7.51842324,-62.790001,-196.979996,-32.27,1770467775.53744
-2.0704986,-0.5146326,6.41256156,-52.360001,-199.639999,-22.120001,1770467775.545429
-0.5601117600000001,0.31596048000000004,5.51015928,-40.669998,-197.190002,-14.0,1770467775.553428
0.57686724,0.58165452,4.66999164,-33.669998,-195.229996,-5.25,1770467775.561428
0.71330472,0.85213584,3.7316847600000003,-30.59,-187.389999,-4.13,1770467775.569451
2.6258230800000004,0.42128064000000004,3.051891,-25.129999,-196.070007,-9.87,1770467775.577565
3.38939424,2.04416856,0.56489904,-7.91,-179.339996,2.59,1770467775.585425
3.3989688000000005,1.5845896800000001,0.35425872,5.53,-172.339996,17.01,1770467775.593429
3.0183800400000003,2.1447014400000004,-1.0053288,4.62,-158.759995,17.57,1770467775.601443
2.6880577199999998,2.0944350000000003,-1.3093210800000001,8.89,-138.110001,27.299999,1770467775.609433
2.72396232,1.88379468,-0.67740012,12.74,-106.889999,15.82,1770467775.617444
3.11412564,1.5223550399999999,0.81862488,15.96,-70.209999,18.620001,1770467775.625523
3.7316847600000003,1.3643748000000002,2.91305988,22.33,-28.559999,8.33,1770467775.633434
4.373180280000001,1.6516116,5.75431056,27.440001,15.61,4.2,1770467775.641438
4.5718524,2.1447014400000004,8.75593512,31.780001,64.75,-7.07,1770467775.649437
4.751375400000001,2.453481,10.807284600000001,40.950001,116.620003,-18.690001,1770467775.657457
4.535947800000001,2.94657084,12.63602556,48.23,163.729996,-14.7,1770467775.665445
3.71732292,3.30801048,14.740035120000002,48.439999,198.240005,-21.0,1770467775.673521
1.88618832,3.2290203600000003,16.82968284,35.700001,212.940002,-9.45,1770467775.681424
-0.04069188,2.04895584,20.240619840000004,19.879999,210.699997,1.75,1770467775.689419
-2.35294812,-0.34229052,23.548630320000004,21.0,191.029999,14.63,1770467775.697421
-4.54073508,-1.1369790000000002,23.7329406,26.950001,153.369995,33.740002,1770467775.705445
-6.680649240000001,-1.5486850800000003,22.306331160000003,11.55,112.209999,38.43,1770467775.713523
-7.70991444,-1.65639888,19.26640836,-13.86,97.160004,44.029999,1770467775.721434
-8.6530086,-3.20987124,16.889523840000003,-30.52,92.75,23.940001,1770467775.729432
-8.74157328,-3.8896650000000004,14.26370076,-36.75,96.599998,12.39,1770467775.737411
-8.9641818,-3.6024282000000003,11.489472000000001,-36.889999,103.529999,0.21,1770467775.745445
-9.82349856,-3.4971080400000005,9.251418600000001,-30.450001,116.970001,-13.09,1770467775.753574
-9.49796352,-3.0782210400000003,7.0516634400000004,-23.309999,121.169998,-25.34,1770467775.761412
-9.617645520000002,-2.64018492,5.3449981200000005,-14.77,118.93,-34.02,1770467775.769433
-9.81153036,-1.4194285199999999,3.86094132,-2.59,108.5,-43.400002,1770467775.777432
-9.600890040000001,-0.59601636,3.15721116,6.86,89.18,-45.779999,1770467775.785527
-9.12934296,0.033510960000000006,2.7167814000000003,18.690001,63.98,-52.080002,1770467775.793438
-8.4854538,0.57686724,2.24762796,21.91,35.630001,-50.610001,1770467775.801742
-7.595019720000001,0.8425612800000001,1.93406112,23.24,6.37,-50.259998,1770467775.80947
-6.61602096,1.17527724,1.4696949600000002,23.309999,-25.48,-43.68,1770467775.817491
-5.553244800000001,1.5223550399999999,1.0532016,18.200001,-53.900002,-42.279999,1770467775.825437
-4.10748624,1.58937696,1.4696949600000002,18.549999,-78.260002,-42.209999,1770467775.833428
-3.111732,2.4654492,0.7803266400000001,8.47,-104.019997,-34.299999,1770467775.841449
-1.8191664,2.13273324,1.3093210800000001,1.47,-124.949997,-32.27,1770467775.849443
-0.96703056,1.39788576,1.69230348,-6.3,-135.800003,-20.02,1770467775.857462
-0.5864418,1.0579888800000001,1.8981565200000001,-14.91,-140.630005,-17.360001,1770467775.865454
0.86889132,1.2638419200000002,2.32422444,-7.56,-135.309998,16.73,1770467775.873443
0.47154708,1.50320592,3.60960912,5.32,-123.620003,32.900002,1770467775.881439
0.18191664000000002,1.9867212,6.32639052,22.889999,-87.57,39.060001,1770467775.889519
-0.13404384000000003,3.0997638,10.18972548,33.32,-35.98,34.509998,1770467775.897435
-0.46436616000000003,3.93993144,14.06742228,25.620001,21.07,33.599998,1770467775.90545
-1.85985828,3.7149292800000002,16.46345592,14.0,63.77,34.93,1770467775.913438
-4.25110464,2.37209724,17.88527808,6.79,91.07,33.599998,1770467775.921435
-7.79369184,1.4936313600000002,17.4256992,14.42,106.610001,29.120001,1770467775.92943
-10.555952400000002,-0.48351528,17.62437132,14.56,114.589996,31.57,1770467775.937457
-10.950903000000002,-1.45293948,18.488475360000002,12.11,99.190002,37.869999,1770467775.945435
-12.23868132,-3.35348964,18.871457760000002,6.09,70.279999,25.620001,1770467775.95343
-12.71980296,-3.80110032,18.1796958,-4.27,31.780001,15.26,1770467775.96143
-12.578578199999999,-4.1050926,16.449094080000002,-16.1,-4.55,2.73,1770467775.969555
-11.745591480000002,-4.1409972,14.538969360000001,-27.790001,-40.25,-7.49,1770467775.97767
-10.120309920000002,-3.65748192,12.580971840000002,-38.360001,-70.0,-16.17,1770467775.985688
-8.018694,-3.23859492,11.010744,-41.860001,-91.699997,-23.73,1770467775.993461
-6.082239240000001,-2.30268168,9.4429098,-44.310001,-108.010002,-27.370001,1770467776.001517
-4.3444566,-1.20400092,8.05938588,-43.889999,-119.419998,-21.629999,1770467776.00945
-2.79816516,-0.16276752,6.88889592,-41.509998,-127.889999,-15.12,1770467776.017427
-1.42182216,0.63910188,5.81893884,-37.52,-132.440002,-6.37,1770467776.025442
-0.43803612,1.10586168,4.69392804,-34.580002,-135.449997,3.08,1770467776.033458
0.07659648000000001,1.2638419200000002,3.5258317200000002,-31.92,-135.660004,6.65,1770467776.041434
0.68936832,0.9694242000000001,2.55162024,-28.559999,-131.320007,4.62,1770467776.049441
1.70427168,2.16863784,1.0555952400000002,-18.34,-128.240005,14.63,1770467776.057511
1.7210271600000002,1.7473572000000002,0.10532016000000001,-6.79,-128.100006,28.559999,1770467776.065437
1.7688999600000002,1.63485612,-0.72527292,-1.96,-119.699997,27.93,1770467776.073436
1.6755480000000003,1.61331336,-1.2016072800000002,3.78,-103.459999,28.280001,1770467776.081434
1.70427168,1.4936313600000002,-0.777933,10.01,-80.010002,25.200001,1770467776.089427
1.8957628800000002,1.21836276,0.67261284,14.0,-49.139999,18.549999,1770467776.097441
2.35055448,0.9407005200000002,2.6449722,19.67,-12.81,15.4,1770467776.10544
2.49896016,0.80665668,5.34260448,28.98,26.040001,8.82,1770467776.11347
2.9417835599999997,1.2255436800000001,8.408857320000001,44.799999,72.519997,3.36,1770467776.121424
2.7335368800000004,1.75214448,10.891062000000002,50.330002,114.099998,-2.1,1770467776.129421
1.9627848,2.05374312,13.339755720000001,52.009998,150.080002,-6.93,1770467776.137401
1.0412334,1.69230348,15.83153496,40.110001,171.080002,-6.16,1770467776.145428
-0.68458104,0.85692312,18.385548840000002,31.01,173.179993,-6.51,1770467776.153417
-2.7335368800000004,-0.4667598,22.275213840000003,28.35,154.490005,11.13,1770467776.16156
-4.26546648,-2.00347668,24.357680639999998,39.689999,113.959999,32.549999,1770467776.169441
-6.09420744,-3.0925828799999997,23.83826076,38.779999,65.169998,49.0,1770467776.177425
-6.934375080000001,-3.1763602800000004,22.076541719999998,20.790001,45.5,55.16,1770467776.185421
-7.55672148,-4.26786012,19.5799752,0.77,45.709999,26.879999,1770467776.19341
-7.539966,-4.44738312,17.475965640000002,-13.86,53.200001,16.1,1770467776.201442
-7.80566004,-4.2415300799999995,15.73578936,-23.66,68.949997,7.56,1770467776.209491
-8.2221534,-3.6455137200000003,13.47858684,-26.25,85.260002,-7.28,1770467776.217428
-8.58359304,-2.71199412,11.034680400000001,-27.09,98.139999,-18.27,1770467776.225424
-8.88519168,-1.6659734400000001,8.68651956,-25.9,103.18,-26.110001,1770467776.23342
-9.05274648,-0.47154708,6.546605400000001,-21.98,98.209999,-36.259998,1770467776.241427
-8.76311604,0.3710142,5.2037733600000005,-13.23,84.699997,-48.299999,1770467776.249421
-8.463911040000001,1.1824581600000001,4.2367428,-3.29,64.050003,-53.060001,1770467776.257419
-7.982789400000001,1.52714232,3.26013768,3.78,42.0,-58.939999,1770467776.265407
-7.1498026800000005,1.5175677600000002,2.36730996,11.2,18.27,-56.419998,1770467776.273415
-6.26176224,1.4601204,1.5726214800000002,16.66,-4.34,-53.619999,1770467776.281418
-5.33063628,1.56544056,0.97421148,18.34,-25.48,-49.139999,1770467776.289406
-4.3324884,1.7712936000000001,0.53378172,19.32,-44.869999,-41.509998,1770467776.297425
-3.30082956,2.0345940000000002,0.28484316,17.43,-68.32,-33.740002,1770467776.305583
-2.18539332,2.36730996,0.55532448,13.86,-84.980003,-27.370001,1770467776.313433
-1.50320592,2.4056082,0.53138808,2.17,-104.230003,-23.66,1770467776.32145
-0.8497422000000001,2.41518276,0.9215514,-5.32,-119.0,-28.139999,1770467776.329424
-0.62713368,2.69763228,0.91437048,-10.99,-121.239998,-20.16,1770467776.337408
1.02687156,3.0854019600000004,1.4002794,-7.42,-128.449997,-0.56,1770467776.345493
1.08671256,2.61146124,2.6784831600000003,0.42,-119.349998,21.35,1770467776.353439
1.35001296,2.53965204,4.65084252,11.55,-90.650002,29.889999,1770467776.36143
1.07474436,3.1237002,7.34129388,20.65,-41.650002,29.82,1770467776.369426
0.9287323200000001,4.0691880000000005,11.118457800000002,19.530001,19.389999,29.33,1770467776.377459
0.43803612,4.49764956,14.50067112,6.3,76.720001,29.75,1770467776.385498
-1.5367168800000002,3.92317596,17.24378256,-6.79,121.800003,26.950001,1770467776.393437
-4.751375400000001,2.2955007600000004,19.22332284,-9.8,151.130005,28.77,1770467776.401514
-8.62189128,0.7563902400000001,19.467474120000002,10.78,159.460007,37.869999,1770467776.409437
-12.128573880000001,-1.06277616,19.8193392,7.21,149.169998,47.18,1770467776.417425
-12.564216360000001,-2.00587032,19.13475816,2.59,124.18,56.630001,1770467776.425432
-14.09135868,-3.51386352,18.4669326,-1.33,81.970001,43.330002,1770467776.433481
-14.71609872,-3.7053547200000003,16.927822080000002,-10.57,39.41,31.780001,1770467776.441433
-14.6490768,-3.82503672,15.11823024,-25.200001,-1.68,13.93,1770467776.449431
-13.6557162,-3.7436529600000004,13.22246736,-38.990002,-40.040001,-5.11,1770467776.457433
-11.834156160000001,-3.19072212,11.099308680000002,-50.400002,-77.0,-15.68,1770467776.465453
-9.65594376,-2.56358844,9.10061928,-55.439999,-110.459999,-25.969999,1770467776.473476
-7.391560320000001,-2.00347668,7.683584400000001,-54.529999,-134.330002,-23.59,1770467776.481437
-5.043399480000001,-1.3643748000000002,6.568148160000001,-48.580002,-153.089996,-27.16,1770467776.489428
-3.0255609600000004,-0.48112164,5.58436212,-44.869999,-164.639999,-24.01,1770467776.497421
-1.3404384000000003,0.25372584000000004,4.634087040000001,-41.790001,-174.089996,-7.07,1770467776.505477
-0.06941556,0.5912290800000001,3.7867384800000004,-35.77,-179.619995,0.84,1770467776.513454
0.37580148,0.7539966,2.812527,-31.780001,-177.940002,9.24,1770467776.521433
1.66118616,0.35904600000000003,1.7090589600000001,-24.709999,-178.289993,9.8,1770467776.529423
2.13273324,1.19442636,-0.019149120000000002,-9.59,-174.860001,16.66,1770467776.537405
2.5157156400000003,0.95506236,-0.6821874000000001,5.25,-168.979996,29.4,1770467776.545431
2.6018866800000002,1.0172970000000001,-0.91437048,15.12,-151.339996,32.900002,1770467776.553449
2.6808768000000005,1.1585217600000002,-0.34468416,20.23,-124.459999,35.84,1770467776.561434
3.02316732,1.02208428,1.02447792,25.620001,-87.989998,29.120001,1770467776.569429
3.5066826,0.88085952,2.8963044,28.77,-47.459999,23.59,1770467776.577429
3.8896650000000004,1.05080796,5.251646160000001,31.219999,-3.22,20.299999,1770467776.585456
4.234349160000001,1.4553331200000001,8.1862488,35.349998,45.290001,9.45,1770467776.593433
4.14578448,1.88618832,10.41472764,37.52,97.160004,6.3,1770467776.601425
3.5760981600000004,2.03220036,12.645600120000001,43.75,147.279999,0.49,1770467776.609444
2.5228965600000004,1.7234208000000002,14.6730132,44.099998,188.020004,1.26,1770467776.617562
0.7899012,1.01969064,17.04989772,37.869999,210.139999,0.21,1770467776.625427
-1.0172970000000001,0.052660080000000005,21.32972604,34.860001,211.470001,5.04,1770467776.633428
-2.8747616400000005,-1.5798024,25.032687120000002,35.0,186.270004,25.83,1770467776.641432
-5.167868760000001,-2.1590632800000003,24.719120280000002,31.85,135.380005,34.369999,1770467776.649433
-7.84395828,-2.5659820800000004,22.57681248,17.85,97.790001,49.77,1770467776.657427
-9.773232120000001,-5.0027076,20.288492640000005,-11.55,78.82,31.15,1770467776.665435
-8.224547040000001,-4.14578448,17.58367944,-25.34,69.300003,23.940001,1770467776.673454
-8.31550536,-4.437808560000001,15.436584360000001,-36.68,71.959999,12.39,1770467776.681444
-8.444761920000001,-4.289402880000001,12.99985884,-37.59,80.010002,2.45,1770467776.689438
-8.7128496,-3.6622692,10.4482386,-34.23,89.389999,-5.81,1770467776.69745
-9.00726732,-2.7478987200000002,8.18385516,-29.68,95.620003,-14.91,1770467776.705432
-9.256205880000001,-1.55107872,6.33596508,-24.43,94.150002,-25.9,1770467776.713436
-8.88279804,-0.50984532,5.086485,-17.57,84.07,-36.330002,1770467776.721633
-8.679338640000001,0.35425872,3.7532275200000003,-7.14,64.82,-42.98,1770467776.729427
-7.9923639600000005,0.7899012,2.92981536,6.3,42.0,-49.0,1770467776.737414
-7.195281840000001,0.98378604,2.23087248,14.63,18.969999,-53.27,1770467776.74543
-6.39580608,1.03165884,1.5941642400000002,22.120001,-3.22,-49.349998,1770467776.753427
-5.54606388,1.2159691200000002,1.03165884,26.32,-21.77,-47.950001,1770467776.761572
-4.64126796,1.44097128,0.5289944400000001,25.200001,-39.759998,-44.380001,1770467776.769427
-3.56173632,1.75214448,0.28963044000000004,26.32,-61.110001,-35.77,1770467776.777437
-2.4774174,2.08486044,0.36622692,23.66,-81.550003,-29.469999,1770467776.785414
-1.6181006400000002,2.333799,0.71569836,19.040001,-101.080002,-24.290001,1770467776.793433
-0.9287323200000001,2.33858628,1.19203272,8.89,-117.459999,-23.52,1770467776.801426
-0.49308984000000006,2.16145692,1.7425699200000002,3.36,-123.760002,-25.48,1770467776.809574
0.9359132400000001,2.61624852,1.8790073999999999,3.29,-120.959999,-3.36,1770467776.81745
1.1369790000000002,2.5276838400000003,2.79098424,7.56,-116.339996,17.85,1770467776.825434
1.08192528,2.48699196,4.72025808,15.33,-88.690002,32.130001,1770467776.833431
0.9359132400000001,3.1356684,7.573476960000001,23.1,-42.91,33.669998,1770467776.841429
0.5601117600000001,4.287009240000001,11.937082680000001,21.77,21.629999,31.01,1770467776.849442
0.0047872800000000005,4.8949938,15.230731320000002,8.68,76.089996,30.450001,1770467776.857428
-2.22847884,4.42105308,17.77756428,-6.02,116.269997,29.540001,1770467776.865432
-5.277976200000001,2.27156436,19.23050376,-0.98,141.399994,30.940001,1770467776.873431
-9.05753376,0.95506236,18.5626782,11.48,147.630005,42.0,1770467776.88155
-12.042402840000001,-1.04362704,19.07252352,4.55,139.580002,48.299999,1770467776.889437
-13.09081716,-3.66945012,18.94087332,0.77,112.07,49.279999,1770467776.897422
-13.64135436,-4.6316934000000005,18.30655872,4.13,73.639999,45.639999,1770467776.905424
-14.04348588,-4.99552668,17.368251840000003,-4.27,30.309999,32.689999,1770467776.913478
-13.739493600000001,-4.964409359999999,15.56344728,-18.76,-14.84,15.82,1770467776.921434
-12.45650256,-4.50483048,13.607843400000002,-31.780001,-51.380001,-1.4,1770467776.929507
-10.591857000000001,-3.6933865200000002,11.630696760000001,-41.790001,-84.349998,-18.129999,1770467776.937409
-8.34901632,-3.09497652,9.85461588,-45.779999,-108.57,-25.549999,1770467776.94543
-6.134899320000001,-2.1183714,8.39449548,-43.330002,-127.190002,-34.02,1770467776.953484
-4.33488204,-0.7970821200000001,7.34608116,-43.330002,-139.649994,-30.73,1770467776.961434
-2.50614108,0.10532016000000001,6.438891600000001,-45.43,-144.690002,-30.59,1770467776.96955
-1.16570268,1.0388397600000001,5.373721800000001,-42.139999,-151.199997,-16.24,1770467776.977624
-0.16276752,1.24708644,4.45456404,-41.509998,-158.059998,-10.29,1770467776.985587
0.1914912,1.04362704,3.06625284,-34.09,-160.089996,-10.15,1770467776.993455
1.50081228,0.8736786000000001,1.86225192,-25.129999,-160.440002,-2.31,1770467777.001606
2.36730996,1.8454964400000002,0.11489472,-6.23,-172.339996,19.879999,1770467777.009447
2.44390644,1.6875162000000001,-0.90240228,5.32,-167.089996,30.66,1770467777.017441
2.40800184,1.7593254,-1.39549212,10.78,-152.320007,34.93,1770467777.025441
2.33858628,1.8909756,-1.29735288,14.07,-126.419998,31.92,1770467777.033426
2.5659820800000004,1.82156004,-0.038298240000000004,13.44,-89.879997,31.57,1770467777.041435
3.0351355200000003,1.63724976,2.0130512400000002,16.309999,-48.23,24.360001,1770467777.049429
3.54737448,1.5462914399999999,4.46174496,19.67,-2.1,18.76,1770467777.057446
3.77237664,1.735389,6.86256588,22.540001,48.16,14.84,1770467777.065575
3.88727136,2.14948872,9.02162916,32.900002,96.599998,5.18,1770467777.07349
3.5976409200000004,2.22847884,11.051435880000001,38.43,140.139999,0.91,1770467777.08144
2.8603998,2.0824668,13.24640376,39.689999,176.399994,-0.91,1770467777.089427
1.50320592,1.48884408,15.35998788,35.560001,199.360001,1.68,1770467777.09742
-0.91437048,0.82819944,18.86427684,30.17,212.380005,12.25,1770467777.105553
-3.0830083200000002,-0.87607224,23.321234520000004,35.419998,203.139999,23.73,1770467777.113418
-5.761491480000001,-2.0681049600000003,25.85849292,44.939999,164.080002,47.389999,1770467777.121422
-9.146098440000001,-2.4319382400000005,24.053688360000002,27.299999,124.040001,57.470001,1770467777.129452
-11.23335252,-4.58142696,21.363237,0.63,98.279999,41.02,1770467777.137524
-9.634401,-4.028496120000001,18.184483080000003,-16.870001,83.720001,30.450001,1770467777.145431
-9.82110492,-4.6747789200000005,16.25042196,-30.799999,82.599998,15.75,1770467777.153419
-9.95514876,-4.7178644400000005,14.378595480000001,-41.580002,86.730003,8.33,1770467777.161422
-10.18733184,-4.30376472,12.2434686,-41.509998,94.150002,-1.4,1770467777.169421
-10.517654160000001,-3.4229052,9.92642508,-39.970001,96.18,-12.18,1770467777.177419
-10.711539000000002,-2.23326612,7.403528520000001,-39.41,91.839996,-21.98,1770467777.18543
-10.419514920000001,-1.02447792,5.371328160000001,-34.299999,76.720001,-29.75,1770467777.193474
-9.97908516,0.3111732,3.80110032,-30.24,52.5,-38.290001,1770467777.201424
-9.170034840000001,1.14415992,3.0135927600000003,-20.02,27.09,-44.939999,1770467777.209438
-8.08810956,1.6157070000000002,2.5228965600000004,-6.02,-0.49,-48.790001,1770467777.217408
-6.967886040000001,1.82874096,2.0561367600000002,2.17,-24.57,-42.630001,1770467777.225426
-5.86202436,1.88618832,1.5319296,8.96,-44.799999,-43.400002,1770467777.233425
-4.98355848,2.16385056,0.91676412,10.01,-64.330002,-37.59,1770467777.241459
-4.06440072,2.42715096,0.3111732,9.24,-82.32,-37.310001,1770467777.249542
-2.96332632,2.70241956,0.06462828000000001,6.72,-101.010002,-28.700001,1770467777.257427
-1.92448656,2.76704784,0.32074776000000005,-1.19,-119.910004,-30.17,1770467777.265422
-1.12740444,2.8197079200000004,0.9646369200000001,-7.21,-134.75,-32.27,1770467777.273422
-0.48112164,3.3510960000000005,1.03644612,-15.54,-140.910004,-26.459999,1770467777.281418
1.34522568,3.86812224,1.29735288,-14.21,-151.410004,-7.14,1770467777.289416
1.37873664,2.7263559600000002,2.3457672,-8.33,-145.460007,11.27,1770467777.297414
1.6396434000000002,2.2619898000000003,3.58327908,0.49,-124.459999,33.740002,1770467777.305459
1.5175677600000002,2.3218308000000003,5.2899444,13.44,-83.650002,38.709999,1770467777.313437
1.2399055200000002,2.9417835599999997,7.887043800000001,21.700001,-27.58,41.439999,1770467777.321431
1.03165884,3.77716392,11.230958880000001,21.77,33.110001,41.23,1770467777.329432
-0.05744736,3.8058876000000006,13.469012280000001,14.0,86.519997,44.169998,1770467777.33742
-2.38885272,2.7646542000000003,16.82968284,7.07,129.360001,41.790001,1770467777.345474
-5.467073760000001,0.9383068800000001,20.221470720000003,22.610001,155.610001,46.130001,1770467777.353433
-9.275355000000001,-0.6702192000000001,21.30100236,31.08,151.759995,64.120003,1770467777.361432
-11.59000488,-2.25720252,21.33451332,23.450001,129.5,71.75,1770467777.369469
-13.27034016,-4.18168908,20.4895584,12.74,100.800003,67.830002,1770467777.377566
-13.971676680000002,-5.33302992,19.268802,-3.01,61.389999,54.389999,1770467777.385429
-14.151199680000001,-5.8739925600000005,17.5214448,-21.0,21.209999,42.77,1770467777.39343
-13.49773596,-6.0583028400000005,15.350413320000001,-38.080002,-17.290001,17.43,1770467777.401428
-11.99453004,-5.550851160000001,13.06209348,-52.080002,-52.779999,0.56,1770467777.409442
-10.03413888,-4.5981824399999995,10.694783520000001,-58.869999,-87.43,-16.030001,1770467777.417429
-7.9492784400000005,-3.4779589200000003,8.782265160000001,-60.34,-114.029999,-25.690001,1770467777.425429
-5.72558688,-2.41518276,7.475337720000001,-52.849998,-132.580002,-27.16,1770467777.43343
-3.8944522800000003,-1.21357548,6.460434360000001,-46.549999,-148.889999,-26.32,1770467777.441499
-1.9268802000000003,-0.0718092,6.087026520000001,-39.549999,-159.110001,-17.5,1770467777.449437
-0.76357116,0.39255696000000007,4.9452602400000005,-35.630001,-168.770004,-7.63,1770467777.457426
0.1316502,0.9119768400000001,3.9973788000000003,-32.34,-176.75,0.21,1770467777.46544
0.77553936,0.6414955200000001,3.35588328,-25.9,-175.070007,3.5,1770467777.473495
1.78086816,0.89043408,1.8933692400000002,-21.77,-176.539993,4.76,1770467777.481429
3.0159864,2.1183714,0.11968200000000001,-7.35,-172.059998,12.46,1770467777.489441
2.65933404,1.73299536,-0.76357116,5.04,-164.5,28.07,1770467777.497457
2.8603998,1.6204942800000002,-1.16809632,10.99,-147.070007,29.469999,1770467777.505714
2.9824754400000004,1.69230348,-1.01250972,20.65,-120.190002,28.280001,1770467777.513439
3.35348964,1.48166316,0.32314139999999997,22.33,-86.029999,26.74,1770467777.521505
3.86812224,1.32128928,2.2859262,27.23,-42.700001,20.02,1770467777.529457
4.4641386,1.3404384000000003,4.851908280000001,31.85,5.95,17.85,1770467777.537424
4.78009908,1.855071,7.7649681600000005,36.610001,59.849998,16.870001,1770467777.545489
4.68914076,2.3768845200000004,9.95993604,38.43,114.379997,9.38,1770467777.553467
4.35163752,2.49656652,11.673782280000001,40.529999,164.850006,7.56,1770467777.561427
3.56412996,2.17581876,13.29906384,38.919998,202.020004,4.76,1770467777.569468
2.2260852000000004,1.5606532800000001,15.225944040000002,32.549999,223.369995,6.02,1770467777.577432
0.17473572,0.96703056,19.185024600000002,22.959999,235.059998,9.1,1770467777.58544
-2.02741308,-0.9095832,23.907676320000004,24.639999,227.710007,24.92,1770467777.59343
-4.5957888,-1.7114526,24.7263012,32.34,194.179993,41.23,1770467777.601427
-8.451942840000001,-2.24284068,23.29969176,15.75,153.860001,49.490002,1770467777.60948
-9.201152160000001,-3.40854336,20.69062416,-10.29,126.279999,42.139999,1770467777.617433
-9.6104646,-4.0332834,17.1384624,-25.549999,111.720001,24.5,1770467777.625431
-9.62722008,-4.66999164,14.5293948,-36.68,105.279999,16.450001,1770467777.633432
-9.69184836,-5.0027076,12.181233960000002,-37.240002,105.839996,4.62,1770467777.641459
-9.933606,-4.8231846,10.086798960000001,-36.119999,108.849998,-2.17,1770467777.649442
-10.311801120000002,-4.1529654,8.21975976,-28.07,108.290001,-13.79,1770467777.657585
-10.55834604,-2.97768816,6.383837880000001,-24.99,101.43,-25.48,1770467777.665428
-10.524835079999999,-1.72820808,4.98116484,-21.559999,87.919998,-34.299999,1770467777.673431
-10.08201168,-0.70373016,3.769983,-11.69,69.650002,-45.849998,1770467777.681429
-9.447697080000001,0.21303396,2.88194256,-1.12,45.080002,-45.849998,1770467777.689448
-8.5093902,0.85692312,2.1207650399999998,14.07,18.76,-56.630001,1770467777.697508
-7.475337720000001,1.48645044,1.496025,23.1,-7.77,-51.939999,1770467777.705425
-6.1229311200000005,1.9723593600000002,1.21357548,28.84,-33.389999,-52.360001,1770467777.713453
-5.060154960000001,2.54443932,0.8138376,29.120001,-59.150002,-47.32,1770467777.721521
-4.10748624,2.75029236,0.66303828,18.690001,-83.860001,-49.0,1770467777.729602
-2.97768816,3.1213065600000003,0.6558573600000001,11.2,-104.230003,-47.25,1770467777.737455
-1.2327246,4.07876256,0.7731457199999999,4.13,-132.789993,-23.17,1770467777.74544
-0.43564248000000005,3.9088141199999997,1.3667684400000002,-5.11,-152.529999,-8.4,1770467777.753496
-0.08617104,3.35348964,1.30214016,-15.75,-159.669998,2.38,1770467777.761458
0.96703056,3.2314140000000005,1.5415041600000001,-15.54,-160.440002,15.12,1770467777.769427
1.33804476,2.65454676,2.34097992,-5.74,-147.139999,33.810001,1770467777.777426
1.71623988,2.30268168,3.8585476800000005,6.86,-115.639999,44.029999,1770467777.785422
1.2231500400000002,2.49177924,6.40538064,20.93,-58.240002,46.619999,1770467777.793465
1.49841864,2.9705072400000003,9.72057204,25.76,10.43,44.73,1770467777.801419
0.8497422000000001,3.5186508,13.25358468,27.790001,83.089996,41.790001,1770467777.80945
-0.8856468000000001,2.88912348,16.5639888,28.84,137.690002,35.279999,1770467777.817443
-4.1122735200000005,1.21118184,19.5919434,40.110001,180.039993,33.25,1770467777.825438
-8.2101852,-0.17473572,20.329184520000002,62.439999,190.399994,49.419998,1770467777.833431
-12.159691200000001,-2.0681049600000003,21.03291468,47.110001,180.25,63.419998,1770467777.841431
-14.22540252,-4.03088976,21.19328856,33.669998,150.5,58.52,1770467777.849479
-15.12062388,-5.18701788,20.3220036,20.440001,103.529999,50.75,1770467777.857432
-15.719033880000001,-5.854843440000001,18.691934760000002,0.35,47.950001,39.549999,1770467777.865387
-15.216369480000001,-5.84766252,16.42515768,-19.879999,-2.59,15.33,1770467777.873477
-13.62220524,-5.23249704,14.2900308,-39.689999,-53.41,1.61,1770467777.881502
-11.57564304,-3.9112077600000004,11.774315160000002,-48.860001,-93.800003,-20.65,1770467777.88948
-9.29689776,-2.4822046799999997,9.77562576,-50.189999,-124.110001,-29.540001,1770467777.897484
-6.54181812,-1.33565112,8.3897082,-48.02,-140.699997,-39.900002,1770467777.905586
-4.53834144,-0.04069188,7.099536240000001,-41.580002,-151.550003,-37.869999,1770467777.913489
-2.75507964,0.7970821200000001,6.266549520000001,-38.43,-156.660004,-37.099998,1770467777.921609
-1.21357548,1.5391105200000001,5.457499200000001,-33.880001,-158.899994,-24.639999,1770467777.929579
-0.2633004,1.8024109200000002,4.646055240000001,-30.59,-157.429993,-24.01,1770467777.937462
0.28963044000000004,1.48645044,3.9566869200000006,-30.66,-150.710007,-27.719999,1770467777.945472
1.7784745200000003,2.4175764,2.65215312,-25.549999,-151.550003,-17.85,1770467777.953553
2.53247112,2.54683296,1.5415041600000001,-12.81,-156.169998,3.36,1770467777.961499
2.82210156,2.3002880400000003,0.67261284,-6.65,-147.630005,10.57,1770467777.969587
2.63539764,2.3002880400000003,-0.5625054,-1.89,-134.75,12.18,1770467777.977905
2.6306103600000004,2.21651064,-1.16809632,2.87,-115.220001,11.55,1770467777.985626
2.71199412,2.06331768,-0.89282772,6.44,-86.519997,8.89,1770467777.993489
3.0279546,1.63485612,0.33750324,10.85,-47.110001,4.97,1770467778.001522
3.48035256,1.27581012,2.42715096,19.6,-2.59,1.89,1770467778.009571
3.9136014000000006,0.97181784,5.02425036,31.219999,44.52,-4.34,1770467778.017479
3.8346112800000003,1.37873664,7.824809160000001,43.540001,91.980003,-10.85,1770467778.025469
3.51386352,1.96517844,10.04850072,52.009998,136.149994,-13.79,1770467778.033454
2.9154535200000002,2.2859262,12.078307440000001,55.650002,171.919998,-15.54,1770467778.041502
1.8359218800000001,2.1064032,14.543756640000002,49.98,198.729996,-10.43,1770467778.04947
0.06702192000000001,1.43857764,17.4496356,42.0,207.479996,-3.43,1770467778.057489
-2.33858628,-0.09095832000000001,21.475738080000003,34.509998,195.369995,9.87,1770467778.065573
-4.28222196,-1.8909756,24.45342624,45.360001,161.699997,29.889999,1770467778.073469
-6.699798360000001,-2.7359305199999997,24.52044816,43.75,103.25,52.220001,1770467778.081503
-8.18146152,-2.8795489200000004,22.39489584,22.4,77.0,54.599998,1770467778.089476
-8.90194716,-4.29897744,19.515346920000002,0.21,65.379997,32.549999,1770467778.097465
-8.92348992,-4.7753118,17.00202492,-15.82,66.080002,15.19,1770467778.105476
-8.992905480000001,-5.4096264000000005,15.197220360000001,-27.51,76.300003,8.82,1770467778.113576
-9.392643360000001,-5.29951896,13.160232720000002,-33.110001,90.300003,-8.47,1770467778.121519
-9.7899876,-4.66041708,10.82882736,-30.940001,104.93,-19.74,1770467778.129471
-10.23041736,-3.67902468,8.65540224,-24.57,110.949997,-34.369999,1770467778.137458
-10.62058068,-2.5157156400000003,6.7716075600000005,-23.450001,105.139999,-41.93,1770467778.145468
-10.59903792,-1.4242158,5.17504968,-14.7,89.040001,-51.939999,1770467778.153499
-10.15860816,-0.28244952,4.16014632,-7.42,65.099998,-59.5,1770467778.1615
-9.51232536,0.55293084,3.3702451200000003,5.18,36.540001,-69.580002,1770467778.169468
-8.45433648,1.2159691200000002,2.84125068,16.52,8.89,-73.57,1770467778.177461
-7.360443,1.6851225600000002,2.3433735600000003,22.889999,-19.32,-73.290001,1770467778.185514
-6.1516548,2.20932972,1.80480456,26.32,-44.66,-73.57,1770467778.193473
-4.61733156,2.82688884,2.23087248,19.950001,-67.339996,-68.32,1770467778.201499
-3.9447187200000005,2.64736584,1.32607656,14.35,-89.25,-72.239998,1770467778.20956
-2.36730996,4.25589192,0.8234121600000001,11.13,-107.870003,-60.060001,1770467778.21758
-1.19442636,4.1649336,1.0101160800000002,3.29,-137.550003,-38.009998,1770467778.225464
-0.53138808,3.9566869200000006,1.2805974,-3.85,-159.529999,-29.4,1770467778.233452
0.27766224,4.03567704,1.26623556,-13.58,-172.339996,-7.56,1770467778.241503
0.91676412,3.6359391600000004,1.5367168800000002,-11.97,-174.860001,5.11,1770467778.249465
1.27341648,3.1237002,2.19975516,-9.87,-161.070007,24.290001,1770467778.257461
1.84070916,2.84364432,3.5425872000000003,0.98,-128.940002,29.959999,1770467778.265464
2.1064032,3.111732,5.79021516,12.81,-77.209999,31.99,1770467778.273459
2.3002880400000003,3.6263646,8.92348992,23.17,-4.48,31.92,1770467778.281464
2.1590632800000003,4.27025376,12.159691200000001,21.559999,65.099998,32.830002,1770467778.289459
0.6558573600000001,3.9136014000000006,14.9123772,11.76,116.970001,33.740002,1770467778.297479
-2.3457672,2.7407178,18.0360774,7.21,156.449997,27.440001,1770467778.305474
-5.78782152,1.08192528,19.71641268,17.99,178.5,26.74,1770467778.313487
-9.54104904,-0.39255696000000007,19.6398162,18.620001,173.25,43.959999,1770467778.321512
-11.499046560000002,-2.333799,19.9749258,14.0,151.619995,54.599998,1770467778.329576
-13.409171280000002,-4.385148480000001,19.70923176,10.36,109.690002,42.77,1770467778.337466
-14.27327532,-4.73461992,18.27783504,3.78,57.75,32.130001,1770467778.345463
-14.5054584,-4.837546440000001,16.262390160000002,-11.41,4.76,14.98,1770467778.353493
-13.787366400000002,-4.70110896,14.232583439999999,-28.07,-39.900002,-1.61,1770467778.361443
-12.097456560000001,-4.32291384,12.365544240000002,-38.43,-79.029999,-21.84,1770467778.369504
-9.85700952,-3.61918368,10.603825200000001,-48.09,-114.099998,-33.880001,1770467778.377476
-7.72427628,-2.7263559600000002,9.1197684,-52.009998,-139.089996,-42.490002,1770467778.385473
-5.39526456,-1.78086816,7.9492784400000005,-51.869999,-157.779999,-45.080002,1770467778.393619
-3.22183944,-1.18724544,7.2359737200000005,-47.950001,-168.070007,-42.279999,1770467778.401504
-1.43139672,0.01436184,5.96973816,-43.889999,-176.539993,-34.509998,1770467778.409488
0.10532016000000001,0.54335628,4.784886360000001,-40.529999,-180.669998,-24.780001,1770467778.417475
0.7563902400000001,0.80665668,3.7340784,-31.99,-175.770004,-18.83,1770467778.425481
2.18299968,0.5601117600000001,2.75747328,-26.74,-170.169998,-16.24,1770467778.433474
2.75747328,1.11064896,1.73778264,-17.43,-162.960007,-13.79,1770467778.441507
3.31040412,1.6875162000000001,0.81862488,-3.71,-156.660004,3.5,1770467778.449479
3.47556528,1.50081228,0.15079932000000001,3.08,-139.440002,15.96,1770467778.457472
3.51146988,1.39309848,-0.58165452,10.01,-117.879997,14.28,1770467778.465475
3.6909928800000005,1.0986807600000001,-0.41888700000000006,12.18,-88.970001,15.4,1770467778.47347
3.8657286000000006,0.59362272,0.46197252000000005,19.110001,-52.990002,12.46,1770467778.481504
4.20562548,0.33510960000000006,2.0944350000000003,28.98,-9.59,6.44,1770467778.489536
4.47850044,0.4667598,4.31573292,42.279999,38.43,3.08,1770467778.49749
4.51919232,0.83059308,6.941556,52.639999,86.309998,-0.63,1770467778.505477
4.3396693200000005,1.2805974,9.1676412,59.5,132.860001,-7.42,1770467778.513561
3.86812224,1.5199614000000001,11.15675604,62.650002,174.580002,-6.93,1770467778.521526
2.8747616400000005,1.32368292,13.43550132,62.02,210.350006,-3.36,1770467778.529473
1.63724976,0.6821874000000001,16.06371804,52.639999,228.410004,1.26,1770467778.537455
-0.35904600000000003,0.052660080000000005,20.02997952,43.75,223.580002,12.74,1770467778.545464
-2.4678428400000003,-1.4433649200000003,24.503692680000004,44.310001,198.100006,31.15,1770467778.553475
-5.02425036,-1.59895152,24.75263124,38.779999,149.800003,48.720001,1770467778.561667
-8.21975976,-2.13991416,22.871230200000003,14.91,114.519997,53.130001,1770467778.569466
-8.24369616,-2.54443932,19.6996572,-2.66,97.860001,54.950001,1770467778.577463
-9.299291400000001,-4.01413428,17.155217880000002,-17.08,90.650002,34.720001,1770467778.58547
-9.93121236,-4.27025376,15.19243308,-20.23,96.25,16.73,1770467778.593471
-10.474568640000001,-4.095518040000001,13.504916880000001,-24.360001,105.629997,2.52,1770467778.601658
-10.81207188,-3.42769248,11.4655356,-24.639999,111.720001,-12.67,1770467778.60973
-11.06579772,-2.55640752,9.14849208,-26.67,110.32,-25.549999,1770467778.617476
-11.26925712,-1.4337903600000002,6.970279680000001,-24.92,98.419998,-38.43,1770467778.625514
-10.943722079999999,-0.35425872,5.2037733600000005,-20.790001,78.82,-50.68,1770467778.633476
-10.18254456,-0.10532016000000001,4.55270328,-12.25,46.970001,-52.709999,1770467778.641456
-9.201152160000001,0.7539966,3.1931157600000004,0.42,19.879999,-65.169998,1770467778.649463
-7.70991444,1.31889564,2.54683296,13.02,-7.98,-63.0,1770467778.657467
-6.44128524,1.36916208,2.04416856,25.969999,-31.85,-68.32,1770467778.665471
-4.7633436,2.25480888,2.11358412,27.09,-48.369999,-68.459999,1770467778.673542
-4.39951032,2.5803439200000002,0.9287323200000001,25.200001,-67.339996,-62.23,1770467778.681521
-3.3391278000000004,2.77901604,0.8856468000000001,17.01,-85.68,-62.93,1770467778.689471
-1.79762364,2.75747328,1.2327246,7.21,-104.230003,-61.810001,1770467778.697476
0.12686292000000002,3.23380764,1.25187372,2.1,-116.760002,-42.279999,1770467778.705585
1.2159691200000002,3.20269032,1.5678342,-3.22,-130.759995,-24.219999,1770467778.713493
1.7425699200000002,2.99683728,1.65879252,-2.45,-136.990005,-1.54,1770467778.721516
1.58937696,2.9872627200000004,1.7210271600000002,2.52,-125.440002,15.4,1770467778.729555
1.5965578800000002,2.86518708,2.3098626,14.91,-102.900002,24.99,1770467778.737469
1.6204942800000002,3.1955093999999997,3.9255696,31.92,-64.68,30.940001,1770467778.745457
1.42900308,3.7221102,6.80751216,45.849998,-10.01,29.26,1770467778.753481
1.0795316400000001,4.62929976,10.7594118,46.130001,53.619999,28.629999,1770467778.761515
0.09335196000000001,5.043399480000001,14.51263932,31.360001,108.849998,26.110001,1770467778.76948
-2.1590632800000003,3.9590805600000003,17.899639920000002,14.0,147.910004,26.040001,1770467778.777524
-5.90989716,1.9962957600000002,20.1185442,17.43,167.929993,26.530001,1770467778.785448
-10.62536796,1.1010744000000001,19.33582392,25.41,165.690002,31.709999,1770467778.79347
-13.12672176,-1.3859175600000002,19.38609036,10.36,154.490005,36.959999,1770467778.801506
-13.86156924,-3.1955093999999997,18.387942480000003,5.46,115.5,31.01,1770467778.809628
-14.835780720000002,-4.29419016,17.327559960000002,3.36,63.98,29.190001,1770467778.817476
-15.39589248,-4.64126796,16.090048080000003,-5.67,10.99,18.059999,1770467778.825456
-14.938707240000001,-4.784886360000001,14.84535528,-17.219999,-37.240002,2.17,1770467778.833469
-13.540821480000002,-4.622118840000001,13.528853280000002,-30.799999,-78.540001,-13.79,1770467778.841507
-11.40090732,-3.9614742000000005,12.07112652,-39.970001,-112.559998,-27.370001,1770467778.849474
-9.05514012,-3.15003024,10.493717760000001,-47.18,-138.25,-38.360001,1770467778.857475
-6.75485208,-2.1303396,9.02881008,-48.509998,-156.589996,-44.099998,1770467778.865504
-4.579033320000001,-1.0532016,7.853532840000001,-47.459999,-166.110001,-46.689999,1770467778.873508
-2.43672552,-0.3829824,6.91522596,-44.450001,-171.220001,-41.369999,1770467778.881507
-0.5266008,0.27287496,5.8883544,-38.009998,-172.899994,-33.740002,1770467778.889477
0.3949506,0.84495492,4.98116484,-33.669998,-172.059998,-25.48,1770467778.897482
0.7396347600000001,0.82819944,4.136209920000001,-29.120001,-163.100006,-26.25,1770467778.905634
2.4343318800000002,1.08671256,2.9872627200000004,-21.0,-159.529999,-21.98,1770467778.913509
3.16199844,2.22847884,1.63724976,-7.56,-165.759995,2.38,1770467778.921534
3.4827462000000002,2.1710314800000003,0.7803266400000001,-2.94,-157.080002,15.89,1770467778.929481
3.35827692,2.154276,-0.44282340000000003,0.7,-143.779999,16.870001,1770467778.937522
3.44444796,2.16385056,-1.00772244,2.52,-121.099998,14.07,1770467778.945456
3.5186508,1.93406112,-0.6008036400000001,6.65,-88.410004,15.96,1770467778.9535
3.74125932,1.60613244,0.73245384,12.53,-48.02,11.13,1770467778.961512
4.20562548,1.33565112,2.7359305199999997,22.540001,0.56,7.49,1770467778.969639
4.41387216,1.29735288,5.06494224,37.099998,54.880001,4.55,1770467778.97842
4.35881844,1.6755480000000003,7.3867730400000005,45.849998,101.709999,-1.33,1770467778.985836
4.05482616,2.08486044,9.205939440000002,51.66,149.520004,-8.61,1770467778.993492
3.52343808,2.0896477200000003,11.082553200000001,54.110001,186.059998,-14.21,1770467779.001512
2.5588011600000002,1.5415041600000001,13.00225248,51.240002,214.410004,-11.76,1770467779.00948
0.7300602,0.9478814400000001,15.841109520000002,44.450001,231.210007,-7.0,1770467779.017515
-1.5486850800000003,0.0119682,20.48237748,35.630001,232.330002,-0.77,1770467779.025475
-3.60960912,-1.68033528,24.350499720000002,41.790001,205.169998,20.23,1770467779.033505
-6.699798360000001,-2.5755566400000003,24.707152080000004,39.970001,148.75,37.310001,1770467779.041578
-8.734392360000001,-2.4295446,22.440375000000003,20.299999,110.040001,42.07,1770467779.049458
-9.83307312,-4.17211452,19.381303080000002,4.62,85.400002,18.9,1770467779.057468
-9.8019558,-4.58142696,16.82010828,-3.99,76.580002,11.97,1770467779.065474
-9.9814788,-4.61254428,15.08950656,-12.25,79.379997,-0.98,1770467779.07352
-10.14185268,-4.243923720000001,13.612630680000002,-18.34,87.919998,-9.03,1770467779.081464
-10.235204640000001,-3.4420543200000004,11.518195680000002,-23.24,96.18,-23.73,1770467779.089467
-10.239991920000001,-2.5013538,9.01444824,-26.879999,97.860001,-33.529999,1770467779.097462
-10.16818272,-1.48645044,6.81229944,-27.09,88.410004,-46.200001,1770467779.105467
-9.55541088,-0.49308984000000006,5.50058472,-25.129999,72.589996,-56.560001,1770467779.113573
-9.07428924,0.34707780000000005,4.10269896,-17.08,51.52,-58.939999,1770467779.121502
-8.25327072,0.9574560000000001,3.36785148,-7.77,26.18,-58.099998,1770467779.129502
-7.74581904,1.71623988,2.39364,0.14,-0.35,-56.630001,1770467779.137518
-6.83862948,2.03938128,1.88379468,3.99,-20.65,-55.09,1770467779.145448
-5.90750352,2.20454244,1.42900308,4.2,-40.040001,-53.830002,1770467779.153466
-4.79206728,2.41518276,1.1417662800000001,-0.42,-53.549999,-54.529999,1770467779.161461
-3.6024282000000003,2.54443932,0.91915776,-6.23,-68.809998,-55.09,1770467779.169461
-2.31225624,2.72396232,0.7659648,-10.78,-83.510002,-51.799999,1770467779.17747
-1.29735288,2.7814096800000003,0.78750756,-15.33,-97.790001,-47.459999,1770467779.185507
-0.67500648,2.5181092800000004,0.95506236,-18.9,-108.639999,-43.189999,1770467779.193458
-0.42846156,1.92209292,1.4242158,-18.549999,-111.790001,-42.07,1770467779.201501
0.9885733200000001,2.4127891200000002,1.74017628,-3.78,-102.339996,-13.44,1770467779.209463
1.04362704,2.1901806,2.9369962800000002,19.809999,-90.230003,12.04,1770467779.217484
0.9574560000000001,2.2739580000000004,4.8471210000000005,41.650002,-64.889999,27.23,1770467779.225466
0.41649336000000003,2.6449722,7.693158960000001,55.860001,-23.1,29.959999,1770467779.233461
-0.8617104000000001,3.50428896,11.355428159999999,55.439999,28.280001,28.280001,1770467779.241454
-2.3098626,3.37742604,14.5652994,49.209999,71.190002,27.51,1770467779.249447
-4.729832640000001,2.5779502800000005,16.75308636,48.299999,94.360001,26.74,1770467779.257444
-8.19342972,2.27874528,17.42091192,52.639999,100.379997,26.6,1770467779.265459
-12.5307054,0.84016764,17.14324968,42.349998,109.970001,20.23,1770467779.273463
-13.23922284,-1.3643748000000002,17.703361440000002,28.629999,98.699997,6.23,1770467779.281458
-13.6198116,-2.7766224000000004,17.588466720000003,18.9,60.060001,4.13,1770467779.289448
-14.05306044,-3.9590805600000003,17.08101504,9.31,10.78,6.3,1770467779.297467
-13.770610920000001,-4.729832640000001,16.2528156,-7.42,-36.470001,0.56,1770467779.30548
-12.69107928,-5.02903764,15.05360196,-25.969999,-77.980003,-0.63,1770467779.313666
-11.070585000000001,-4.9452602400000005,13.720344480000001,-40.32,-109.199997,-9.03,1770467779.321498
-9.05274648,-4.37557392,12.25064952,-53.200001,-130.690002,-13.23,1770467779.329532
-7.113898080000001,-3.1260938400000002,10.65648528,-61.32,-143.850006,-17.5,1770467779.337478
-5.261220720000001,-1.8933692400000002,9.21312036,-66.150002,-153.440002,-20.09,1770467779.345496
-3.4612034400000002,-0.9454878,8.248483440000001,-66.639999,-155.190002,-16.52,1770467779.353497
-1.96757208,0.19627848000000003,6.96309876,-59.57,-153.860001,-8.96,1770467779.361508
-0.59601636,0.9933606,5.864418000000001,-52.009998,-153.020004,-2.24,1770467779.369471
0.40213152,1.3739493600000001,4.76573724,-45.849998,-150.080002,2.52,1770467779.377462
0.73724112,1.5678342,3.7819512,-37.240002,-144.339996,-1.75,1770467779.385469
1.8909756,1.56544056,2.74311144,-34.650002,-142.660004,-2.8,1770467779.393512
3.9207823200000003,3.26971224,1.02447792,-21.42,-145.110001,12.04,1770467779.401502
2.56837572,2.49896016,0.05505372,-10.99,-141.330002,19.459999,1770467779.409472
2.67130224,2.27156436,-0.96224328,-3.36,-130.550003,20.370001,1770467779.417479
2.8388570399999997,2.2739580000000004,-1.27341648,7.56,-110.809998,16.52,1770467779.425471
3.0758274,1.92209292,-0.62474004,12.67,-85.330002,14.07,1770467779.433617
3.61679004,1.5391105200000001,1.2327246,22.959999,-51.310001,9.03,1770467779.441461
4.2128064,1.6396434000000002,3.87290952,38.57,-12.46,2.17,1770467779.449462
4.49525592,2.1973615200000003,6.970279680000001,51.099998,33.18,-4.27,1770467779.457469
4.591001520000001,2.8388570399999997,9.93121236,57.540001,86.449997,-12.74,1770467779.465464
4.38754212,3.2673186000000003,11.709686880000001,60.130001,130.830002,-13.3,1770467779.473576
3.8776968000000003,3.0159864,13.421139480000003,59.639999,167.369995,-10.71,1770467779.481498
2.75507964,2.21172336,15.6903102,52.009998,189.910004,-2.45,1770467779.489475
0.8018694,1.24708644,18.91214964,45.43,195.789993,4.97,1770467779.497466
-1.15612812,-0.59841,22.8353256,42.0,182.279999,21.559999,1770467779.505482
-3.8657286000000006,-1.43139672,24.44863896,46.549999,145.949997,42.490002,1770467779.513598
-6.582510000000001,-2.10879684,23.28054264,33.880001,110.32,51.66,1770467779.521506
-7.43943312,-2.38406544,20.67865596,12.53,91.489998,57.470001,1770467779.529469
-8.66976408,-4.28222196,18.14139756,-12.67,86.519997,31.08,1770467779.537478
-8.789446080000001,-4.83994008,15.707065680000001,-21.42,91.769997,19.18,1770467779.545503
-9.08625744,-4.85669556,13.80651552,-29.469999,103.949997,7.98,1770467779.553498
-9.67748652,-4.56227784,11.716867800000001,-31.639999,115.709999,-0.07,1770467779.561505
-10.16818272,-3.9327505200000004,9.4070052,-29.120001,122.080002,-14.98,1770467779.569482
-10.3764294,-2.8244952000000003,7.389166680000001,-24.219999,121.029999,-20.58,1770467779.577492
-10.22323644,-1.4601204,5.71601232,-18.41,104.860001,-29.82,1770467779.585543
-9.83067948,-0.24175764,4.66999164,-12.11,79.169998,-33.740002,1770467779.593494
-8.25087708,-0.038298240000000004,4.914142920000001,-7.98,58.099998,-35.0,1770467779.601505
-7.465763160000001,0.28484316,3.76519572,-6.86,34.720001,-34.650002,1770467779.609479
-7.24554828,1.10346804,2.5181092800000004,-7.56,11.27,-37.380001,1770467779.617474
-6.223464,1.1609154000000002,2.14709508,-3.15,-8.82,-38.57,1770467779.625484
-5.1343578,1.39309848,1.7306017200000001,-2.87,-26.809999,-40.25,1770467779.633475
-4.20323184,1.7593254,1.2853846800000002,-3.43,-42.98,-37.029999,1770467779.641509
-3.31279776,2.01783852,1.01969064,-7.63,-58.099998,-37.450001,1770467779.649462
-2.2739580000000004,2.22369156,0.88085952,-13.72,-73.779999,-30.59,1770467779.657471
-1.27581012,2.4032145600000003,0.9095832,-18.9,-87.709999,-25.34,1770467779.66547
-0.5505372000000001,2.3864590800000003,1.04841432,-21.98,-98.419998,-17.43,1770467779.673493
-0.12686292000000002,1.8143791200000001,1.3045338,-19.74,-103.669998,-7.91,1770467779.681501
0.04308552,1.19442636,1.67076072,-11.69,-100.730003,2.59,1770467779.689471
0.27287496,0.7970821200000001,2.6784831600000003,3.08,-87.849998,10.92,1770467779.697496
0.25372584000000004,1.5127804800000002,3.9375378000000003,26.18,-59.080002,26.32,1770467779.705597
-0.29441772,1.88618832,7.01097156,46.549999,-21.559999,36.400002,1770467779.71382
-1.0795316400000001,2.4415128,11.23574616,48.860001,27.23,41.93,1770467779.721646
-2.5755566400000003,2.43911916,14.816631600000001,46.900002,66.989998,42.209999,1770467779.729474
-4.89978108,1.70187804,17.23660164,47.669998,86.519997,47.32,1770467779.737472
-8.770296960000001,1.4577267600000001,18.90018144,52.849998,87.919998,44.939999,1770467779.745461
-12.41341704,0.5361753600000001,18.65603016,48.439999,89.879997,37.52,1770467779.753472
-13.93816572,-1.1609154000000002,18.78049944,31.780001,72.870003,28.77,1770467779.761535
-13.84960104,-2.19975516,18.23714316,21.0,40.529999,23.379999,1770467779.769466
-13.942953000000001,-3.2194458000000004,17.385007320000003,9.24,1.47,14.63,1770467779.777537
-13.531246920000001,-4.00216608,16.8871302,-5.32,-39.689999,-0.77,1770467779.785451
-12.3392142,-4.33488204,16.01584524,-18.549999,-71.260002,-10.29,1770467779.793579
-10.493717760000001,-3.9495060000000004,14.775939720000002,-32.689999,-98.769997,-19.950001,1770467779.801464
-8.14076964,-3.2936486400000002,13.33496844,-46.41,-119.980003,-30.379999,1770467779.809476
-5.87159892,-2.3218308000000003,11.62830312,-54.389999,-132.649994,-35.349998,1770467779.817482
-3.7388656800000004,-1.36916208,10.1849382,-60.200001,-138.880005,-32.549999,1770467779.825519
-1.8000172800000003,-0.41888700000000006,8.6410404,-59.43,-139.509995,-27.58,1770467779.833473
-0.34229052,0.4906962,7.001397000000001,-58.099998,-139.509995,-16.66,1770467779.841459
0.21542760000000002,1.06756344,5.5700002799999995,-56.209999,-139.789993,-10.43,1770467779.849466
1.2087882,0.61755912,4.646055240000001,-51.66,-132.020004,-9.66,1770467779.857483
2.6736958800000004,1.8359218800000001,2.8915171200000005,-40.529999,-131.880005,4.41,1770467779.865608
3.00880548,2.23565976,2.05374312,-25.34,-136.429993,28.98,1770467779.873469
3.04710372,2.41518276,1.6731543600000003,-17.57,-127.82,39.689999,1770467779.881503
2.9441772,2.4630555600000004,1.00054152,-14.42,-113.540001,41.02,1770467779.889473
2.7694414800000002,2.3912463600000002,0.11010744,-8.82,-94.57,39.200001,1770467779.897496
2.6689086000000004,2.2978944,-0.6103782,-6.79,-74.760002,34.720001,1770467779.905478
2.6736958800000004,1.98911484,-0.47633436000000007,-0.35,-46.549999,32.689999,1770467779.913597
2.79816516,1.53432324,0.59841,5.88,-13.09,28.280001,1770467779.921529
3.1045510800000002,1.2399055200000002,2.38885272,18.620001,23.309999,23.799999,1770467779.929475
3.35827692,1.15612812,4.45935132,30.309999,63.77,16.870001,1770467779.93747
3.5066826,1.3667684400000002,6.93198144,40.459999,102.620003,11.34,1770467779.945564
3.2074776,1.7688999600000002,9.158066640000001,51.66,145.25,5.18,1770467779.95349
2.50614108,2.1064032,11.27643804,59.5,185.850006,-1.96,1770467779.961504
1.4577267600000001,1.9029438000000003,13.8352392,57.189999,215.600006,-1.4,1770467779.977557
-1.40746032,1.1010744000000001,17.78713884,46.759998,223.720001,5.67,1770467779.980514
-4.67238528,0.33271596000000003,21.200469480000002,46.41,198.589996,12.81,1770467779.988538
-7.43464584,-1.2231500400000002,23.69942964,54.669998,145.809998,31.780001,1770467779.996549
-10.228023720000001,-2.1303396,23.689855079999997,45.220001,94.989998,40.32,1770467780.004619
-10.079618040000001,-2.76226056,21.78930492,20.299999,56.630001,35.84,1770467780.012512
-10.35967392,-3.48035256,18.9456606,2.03,42.349998,12.53,1770467780.02062
-9.912063240000002,-4.1338162800000005,17.01159948,-12.67,46.41,6.09,1770467780.028545
-9.706210200000001,-4.40190396,15.51318084,-22.540001,56.209999,-8.47,1770467780.036493
-9.6463692,-4.2104127600000005,13.758642720000001,-30.66,66.989998,-16.24,1770467780.044498
-9.63679464,-3.80110032,11.642664960000001,-36.540001,76.370003,-27.23,1770467780.052512
-9.6463692,-3.0423164400000005,9.36391968,-37.799999,80.080002,-32.060001,1770467780.060713
-9.64876284,-1.88379468,7.1162917199999995,-37.099998,72.169998,-43.049999,1770467780.068512
-9.00487368,-0.9000086400000001,5.565213000000001,-30.24,55.860001,-49.560001,1770467780.076502
-7.9708212000000005,0.06702192000000001,5.21095428,-26.67,42.490002,-48.860001,1770467780.0845
-7.511242320000001,0.33510960000000006,4.10987988,-18.549999,22.610001,-51.240002,1770467780.092499
-7.054057080000001,0.89043408,3.0758274,-14.7,0.77,-48.23,1770467780.100491
-6.24979404,0.9766051200000001,2.38406544,-11.55,-19.950001,-49.279999,1770467780.108559
-5.0027076,1.04602068,2.0944350000000003,-9.73,-38.779999,-47.880001,1770467780.116527
-4.13142264,1.25426736,1.4481522,-11.13,-52.57,-46.970001,1770467780.124502
-3.1596048,1.4673013200000002,0.7587838800000001,-13.58,-65.239998,-48.790001,1770467780.132498
-2.18299968,1.7665063200000002,0.25611948,-16.799999,-75.599998,-45.990002,1770467780.140496
-1.1489472,2.21172336,0.03111732,-20.65,-87.779999,-47.110001,1770467780.148527
-0.22978944,2.5803439200000002,0.06223464,-22.33,-96.529999,-35.91,1770467780.156533
0.23936400000000002,2.40800184,0.43085520000000005,-20.370001,-102.129997,-33.669998,1770467780.164508
0.3829824,1.72820808,0.9646369200000001,-16.309999,-98.559998,-26.67,1770467780.1725
0.7228792800000001,2.38406544,1.27341648,1.47,-82.25,-10.08,1770467780.180499
1.65879252,1.8191664,2.80295244,26.74,-66.989998,13.09,1770467780.188495
0.95027508,1.63485612,4.87345104,49.77,-33.32,27.16,1770467780.196486
0.37819512000000005,2.24762796,7.7649681600000005,65.940002,17.780001,26.950001,1770467780.204545
-0.67261284,2.8843362000000003,11.23335252,66.639999,72.099998,25.76,1770467780.21251
-2.1925742400000003,2.61146124,14.6969496,61.740002,114.730003,27.65,1770467780.220509
-5.41441368,1.65400524,18.0600138,70.07,138.740005,33.810001,1770467780.228494
-9.54104904,1.6755480000000003,19.47944232,80.57,136.919998,38.990002,1770467780.236495
-13.47858684,0.40213152,19.43396316,63.84,132.089996,35.98,1770467780.2446
-14.354659080000001,-0.9646369200000001,19.560826080000002,44.240002,104.300003,32.200001,1770467780.252511
-14.979399120000002,-2.41039548,19.089279,25.41,61.740002,33.599998,1770467780.260499
-15.307327800000001,-3.76040844,18.05762016,2.45,14.07,26.67,1770467780.268511
-14.957856360000001,-4.6747789200000005,16.82489556,-20.370001,-34.790001,16.17,1770467780.276477
-13.82566464,-5.13675144,15.374349720000001,-39.200001,-77.0,4.34,1770467780.284485
-11.944263600000001,-4.8830256,13.85199468,-51.310001,-112.419998,-9.87,1770467780.292518
-9.634401,-3.8776968000000003,12.20038308,-61.669998,-137.339996,-17.5,1770467780.300508
-7.45858224,-2.64736584,10.37164212,-67.199997,-156.449997,-28.209999,1770467780.308529
-5.10563412,-1.4098539600000002,9.1317366,-66.220001,-163.100006,-27.860001,1770467780.316514
-3.1691793600000002,-0.30877956,7.896618360000001,-56.630001,-162.889999,-27.23,1770467780.324508
-1.52474868,0.55532448,6.8362358400000005,-49.98,-160.860001,-20.93,1770467780.33254
-0.14122476,1.1728836,5.89314168,-41.439999,-156.309998,-14.49,1770467780.340504
0.58165452,1.60852608,5.108027760000001,-35.700001,-153.089996,-12.67,1770467780.348492
0.97181784,1.6157070000000002,4.46653224,-31.709999,-143.080002,-14.7,1770467780.356493
2.2452343200000002,2.1423078,3.43726704,-31.08,-139.789993,-17.709999,1770467780.364519
2.8484316,2.9585390400000002,2.1423078,-18.48,-143.080002,4.97,1770467780.372587
3.1452429600000005,2.70960048,1.27341648,-15.12,-137.410004,13.65,1770467780.380506
2.9800818000000002,2.52050292,0.016755480000000003,-11.2,-124.739998,11.62,1770467780.388503
3.0375291600000005,2.23326612,-0.85692312,-4.55,-104.230003,9.8,1770467780.396514
3.1883284800000005,1.71384624,-0.9933606,0.21,-82.32,7.98,1770467780.404499
3.6024282000000003,1.1585217600000002,-0.0957456,10.08,-49.490002,5.32,1770467780.412509
4.05243252,0.9095832,1.7306017200000001,28.35,-8.75,1.82,1770467780.420519
4.53834144,0.9383068800000001,4.634087040000001,45.5,36.610001,-1.89,1770467780.428523
4.66999164,1.43139672,7.8295964399999995,57.889999,87.919998,-6.86,1770467780.436496
4.600576080000001,1.9508166000000002,10.450632240000001,61.740002,138.179993,-11.2,1770467780.444488
4.30615836,2.0106576,12.030434640000001,62.580002,183.399994,-18.059999,1770467780.452504
3.4779589200000003,1.5367168800000002,13.6796526,60.200001,216.580002,-11.2,1770467780.460574
1.7090589600000001,0.90479592,15.55626636,53.41,233.240005,-5.88,1770467780.468629
-0.91676412,0.07659648000000001,19.08688536,53.41,226.380005,7.21,1770467780.476501
-3.6479073600000005,-1.15373448,22.832931960000003,60.759998,188.720001,25.620001,1770467780.484504
-6.8362358400000005,-1.71623988,23.7688452,53.619999,133.699997,34.790001,1770467780.4925
-8.758328760000001,-1.7497508400000001,21.60499464,27.65,98.419998,43.119999,1770467780.5005
-10.26153468,-3.77955756,19.23050376,-0.21,76.019997,26.32,1770467780.508503
-9.29689776,-4.1888700000000005,16.62622344,-16.52,69.720001,13.37,1770467780.516768
-9.2035458,-4.794460920000001,14.974611840000001,-24.99,73.5,6.16,1770467780.524512
-9.44530344,-4.851908280000001,13.33496844,-29.540001,84.279999,-6.72,1770467780.532489
-9.8857332,-4.45695768,11.111276880000002,-30.450001,94.360001,-16.030001,1770467780.540498
-10.14185268,-3.67663104,8.74157328,-26.809999,99.75,-32.060001,1770467780.548515
-10.019777040000001,-2.7885906000000005,6.570541800000001,-24.15,95.620003,-46.130001,1770467780.556611
-9.385462440000001,-1.72820808,5.01946308,-13.02,80.709999,-57.540001,1770467780.564501
-8.93306448,-1.0388397600000001,4.059613440000001,0.07,58.66,-63.700001,1770467780.572495
-7.2527292,-0.23218308000000001,4.437808560000001,11.9,42.209999,-71.050003,1770467780.58051
-6.39819972,-0.16037388000000002,3.2984359199999997,19.110001,21.07,-64.75,1770467780.588501
-5.759097840000001,0.5026644,2.4798110400000004,21.209999,3.99,-65.169998,1770467780.596536
-5.1941988,1.84070916,1.8718264800000002,21.0,-9.03,-65.589996,1770467780.604641
-4.488075,2.70720684,1.75214448,16.24,-25.059999,-64.75,1770467780.61251
-3.3750324000000003,3.01119912,1.8742201200000002,7.35,-41.439999,-63.98,1770467780.620523
-2.6306103600000004,2.96571996,1.7497508400000001,-1.54,-57.82,-59.43,1770467780.628507
-1.94842296,2.7598669200000003,1.73778264,-10.92,-72.800003,-62.720001,1770467780.63654
-0.33989688,3.20269032,1.4146412400000001,-11.2,-89.879997,-39.619999,1770467780.644497
-0.17234208,3.2457758400000003,1.65639888,-6.86,-101.989998,-15.33,1770467780.652507
0.033510960000000006,2.99683728,2.18539332,0.14,-102.690002,1.82,1770467780.660497
0.27048132,2.81492064,3.2362012800000004,10.85,-90.019997,14.63,1770467780.668499
0.43564248000000005,2.8747616400000005,5.227709760000001,24.85,-60.830002,23.73,1770467780.676495
0.17952300000000002,3.4396606800000002,8.29156896,37.939999,-16.59,30.450001,1770467780.684534
-0.5146326,4.179295440000001,12.0041046,41.439999,36.75,30.799999,1770467780.6925
-1.6635798000000002,4.071581640000001,15.13737936,32.759998,76.650002,35.490002,1770467780.700502
-4.2247746,2.8603998,17.26293168,27.23,93.379997,35.07,1770467780.708502
-7.8631074000000005,2.19496788,18.10070568,32.41,100.169998,34.299999,1770467780.716578
-11.8245816,0.8545294800000001,17.21505888,29.469999,108.639999,25.620001,1770467780.724511
-13.24640376,-1.43139672,17.43048648,19.530001,100.940002,20.719999,1770467780.73254
-13.4283204,-2.28831984,17.44245468,17.08,67.059998,25.549999,1770467780.740633
-14.115295080000001,-3.0758274,17.10734508,11.2,24.219999,19.459999,1770467780.74849
-14.151199680000001,-3.54019356,16.178612760000004,-0.56,-15.68,7.91,1770467780.756505
-13.50731052,-3.61918368,14.64428952,-14.0,-54.669998,-8.12,1770467780.764501
-11.89878444,-3.51386352,13.44268224,-25.200001,-86.589996,-24.57,1770467780.772534
-9.78280668,-3.00641184,12.07112652,-36.82,-112.0,-35.98,1770467780.780551
-7.475337720000001,-2.38885272,10.678028040000001,-44.59,-130.479996,-49.209999,1770467780.788641
-5.2157415600000006,-1.7593254,9.27056772,-49.700001,-142.169998,-51.029999,1770467780.79653
-2.9896563600000006,-1.2255436800000001,8.03544948,-50.189999,-148.679993,-51.169998,1770467780.804506
-0.9646369200000001,-0.6319209600000001,6.83144856,-47.740002,-150.779999,-40.529999,1770467780.812503
0.2034594,-0.016755480000000003,5.60590488,-42.91,-148.119995,-38.009998,1770467780.820598
1.4673013200000002,-0.11010744,4.45935132,-38.150002,-147.559998,-29.610001,1770467780.828593
1.9962957600000002,0.36383328000000004,3.46599072,-32.34,-148.190002,-26.459999,1770467780.836563
3.1955093999999997,1.78565544,2.09922228,-19.879999,-147.350006,-10.15,1770467780.844493
3.0758274,1.71623988,1.5223550399999999,-7.7,-144.830002,7.56,1770467780.852507
3.04949736,1.77368724,0.7396347600000001,-1.54,-136.080002,13.93,1770467780.860503
2.89391076,1.6492179599999999,0.045479160000000005,5.18,-120.540001,17.43,1770467780.868493
2.84364432,1.38113028,-0.06462828000000001,13.86,-98.209999,13.58,1770467780.876495
3.1931157600000004,1.0891062,0.82819944,17.01,-66.5,12.74,1770467780.884681
3.5569490400000006,0.8329867200000001,2.44390644,22.469999,-25.200001,8.82,1770467780.892506
4.040464320000001,0.79947576,4.607757,30.24,20.860001,4.62,1770467780.900496
4.397116680000001,0.9861796800000001,6.84341676,37.52,71.540001,-1.54,1770467780.908504
4.492862280000001,1.29974652,8.758328760000001,42.84,119.629997,-4.13,1770467780.916508
4.1242417200000006,1.33325748,10.27350288,47.32,161.139999,-7.7,1770467780.924525
3.05428464,1.0555952400000002,11.690537760000002,51.169998,193.690002,-10.99,1770467780.932503
0.9598496400000001,0.67740012,13.68922716,52.290001,214.130005,-7.84,1770467780.940502
-1.2877783200000001,0.21303396,17.7967134,49.98,216.160004,-3.08,1770467780.948519
-3.40854336,-0.9000086400000001,22.51457784,49.209999,192.009995,12.74,1770467780.956522
-6.20192124,-1.5606532800000001,24.03453924,49.560001,146.160004,26.879999,1770467780.964495
-8.93545812,-1.9556038800000002,22.7635164,29.120001,108.849998,35.07,1770467780.972606
-10.807284600000001,-3.74125932,20.197534320000003,5.32,81.480003,12.39,1770467780.981103
-9.93121236,-3.9590805600000003,17.4616038,-3.57,69.089996,7.56,1770467780.988808
-10.072437120000002,-4.44738312,16.22409192,-8.68,69.440002,-0.98,1770467780.996521
-10.33334388,-4.41387216,15.0919002,-13.65,74.550003,-14.21,1770467781.004538
-10.330950240000002,-3.9112077600000004,13.27752108,-21.0,83.370003,-23.52,1770467781.012503
-10.2208428,-3.05907192,10.48174956,-23.309999,84.629997,-34.299999,1770467781.020646
-9.96711696,-2.0465622,7.89422472,-29.190001,76.93,-46.200001,1770467781.028503
-9.737327520000001,-1.0388397600000001,5.6968632,-27.51,62.299999,-59.57,1770467781.036483
-8.765509680000001,-0.59601636,4.2008382,-18.34,41.439999,-71.610001,1770467781.044497
-6.85538496,-0.20824668000000002,4.3803612,-10.43,26.459999,-62.720001,1770467781.052511
-6.13250568,0.78272028,2.76226056,3.01,9.73,-64.959999,1770467781.0605
-6.6519255600000005,2.2859262,1.3643748000000002,14.91,-3.01,-67.900002,1770467781.068583
-5.82611976,2.84364432,1.24948008,17.780001,-20.16,-69.089996,1770467781.076589
-4.7824927200000005,3.1213065600000003,1.31410836,14.77,-35.91,-68.879997,1770467781.084497
-3.87051588,3.20508396,1.35001296,7.35,-50.470001,-71.330002,1770467781.092496
-3.0159864,4.25589192,0.62713368,-0.42,-61.110001,-68.459999,1770467781.100508
-1.3404384000000003,4.13142264,1.06277616,-5.88,-82.879997,-52.919998,1770467781.108503
-0.37819512000000005,4.11466716,1.31889564,-13.3,-100.800003,-36.82,1770467781.116489
0.05505372,3.91599504,1.51038684,-16.24,-108.989998,-22.190001,1770467781.124519
0.27048132,3.3319468800000003,1.8670392,-15.75,-105.559998,-10.15,1770467781.132497
1.15373448,3.0303482400000004,2.3697036000000002,-2.8,-93.099998,4.06,1770467781.140494
1.4002794,2.5540138800000003,3.7556211600000005,17.08,-68.739998,24.85,1770467781.148497
0.9694242000000001,2.4630555600000004,5.768672400000001,39.549999,-26.809999,33.32,1770467781.156521
0.14122476,2.84603796,8.62667856,53.200001,28.77,33.18,1770467781.164493
-1.00293516,2.8843362000000003,12.38469336,57.540001,79.309998,34.369999,1770467781.172513
-3.0782210400000003,1.8742201200000002,15.80759856,64.889999,111.93,37.310001,1770467781.180567
-6.83862948,1.26623556,18.62970012,81.760002,122.5,42.139999,1770467781.188515
-12.22192584,1.12740444,19.129970880000002,81.339996,127.400002,36.049999,1770467781.196489
-14.98897368,-0.5074516800000001,18.746988480000002,57.400002,123.129997,14.84,1770467781.204496
-14.780727,-1.9029438000000003,18.39751704,41.860001,78.540001,15.61,1770467781.212492
-15.13737936,-2.9752945200000003,17.88527808,25.34,21.84,13.37,1770467781.220662
-15.271423200000001,-3.6479073600000005,17.07144048,3.43,-33.529999,7.49,1770467781.228497
-14.5652994,-4.1673272400000005,15.99908976,-16.1,-78.889999,-2.87,1770467781.236496
-12.8418786,-4.60536336,14.783120640000002,-34.93,-115.849998,-15.47,1770467781.244516
-10.534409640000002,-4.35881844,13.26555288,-52.57,-139.789993,-25.76,1770467781.252535
-7.78172364,-4.0045597200000005,11.728836000000001,-60.41,-150.429993,-36.68,1770467781.260581
-5.364147239999999,-3.1476366,9.67748652,-65.870003,-150.779999,-41.16,1770467781.268501
-3.19790304,-2.333799,8.198217,-65.589996,-146.649994,-45.43,1770467781.276486
-1.46490768,-1.50081228,7.02293976,-59.779999,-138.179993,-37.240002,1770467781.284479
-0.10771380000000001,-0.8018694,5.8883544,-52.57,-127.330002,-32.200001,1770467781.292476
0.538569,-0.18431028,4.72265172,-44.52,-116.199997,-22.959999,1770467781.30052
1.63246248,-0.15798024000000002,3.89205864,-37.450001,-111.370003,-16.450001,1770467781.308507
1.96757208,0.26808768000000005,3.19790304,-28.139999,-110.459999,-9.17,1770467781.316573
2.30268168,0.8210185200000001,2.65933404,-22.120001,-110.459999,-2.59,1770467781.324509
2.8915171200000005,1.73778264,1.8574646400000001,-12.88,-111.089996,9.8,1770467781.332506
2.5611948,1.76411268,0.9885733200000001,-5.6,-109.199997,22.26,1770467781.340502
2.3912463600000002,1.8742201200000002,0.13883112,2.66,-100.589996,23.450001,1770467781.348531
2.38885272,1.7473572000000002,-0.17712936,9.38,-85.68,24.43,1770467781.356901
2.4893856,1.4673013200000002,0.26090676,16.1,-63.0,22.959999,1770467781.364508
2.8364634000000004,1.12740444,1.65879252,25.76,-32.34,18.200001,1770467781.372489
3.2721058800000002,1.01969064,3.60721548,37.240002,3.71,14.21,1770467781.380502
3.5210444400000003,1.3045338,6.2952732,51.169998,47.880001,7.7,1770467781.38851
3.32237232,1.99150848,9.316046880000002,59.990002,94.360001,-0.07,1770467781.39656
2.7407178,2.70960048,11.22138432,64.330002,136.710007,-7.63,1770467781.404561
1.7832618,3.02077368,12.63602556,66.010002,166.039993,-9.73,1770467781.412511
0.45239796,2.70002592,15.27860412,62.09,180.039993,-8.05,1770467781.420516
-1.29974652,2.23565976,18.57704004,50.189999,170.800003,-2.87,1770467781.428557
-2.9561454,0.6558573600000001,22.062179880000002,40.950001,140.279999,10.01,1770467781.436601
-4.85430192,-0.86410404,22.689313560000002,43.330002,101.5,25.27,1770467781.444494
-6.4269234,-1.7593254,21.30818328,35.560001,60.830002,32.759998,1770467781.452504
-7.283846520000001,-1.6970907600000003,19.73795544,19.25,51.310001,34.93,1770467781.460504
-8.15991876,-3.20987124,18.48608172,-1.96,50.400002,13.65,1770467781.468503
-8.018694,-4.07636892,17.26053804,-11.2,61.040001,2.52,1770467781.476603
-8.11683324,-4.29897744,15.94403604,-20.23,77.139999,-11.06,1770467781.484501
-8.420825520000001,-4.11466716,14.005187639999999,-25.549999,92.330002,-14.56,1770467781.492503
-8.80380792,-3.31997868,11.42484372,-29.68,104.160004,-25.200001,1770467781.500499
-9.39982428,-2.1662442,8.42800644,-31.85,108.360001,-32.619999,1770467781.508502
-8.7128496,-1.2877783200000001,6.268943160000001,-32.34,99.959999,-38.5,1770467781.516563
-8.734392360000001,-0.21542760000000002,4.53355416,-21.629999,82.949997,-51.52,1770467781.524521
-8.3897082,0.62474004,3.28646772,-8.68,61.040001,-53.689999,1770467781.532523
-8.04023676,1.4002794,2.26438344,3.92,37.169998,-61.459999,1770467781.540499
-7.31735748,1.67076072,1.7928363600000001,11.76,13.72,-61.810001,1770467781.54852
-6.52745628,1.855071,1.39788576,13.72,-8.54,-62.790001,1770467781.556611
-5.541276600000001,2.30268168,1.17048996,13.58,-27.02,-61.040001,1770467781.564503
-4.48328772,2.70720684,1.0388397600000001,9.03,-43.75,-60.549999,1770467781.572504
-3.35348964,2.85800616,1.2231500400000002,2.31,-58.380001,-61.950001,1770467781.580505
-2.31225624,2.7478987200000002,1.2638419200000002,-4.76,-72.660004,-64.75,1770467781.588508
-1.06995708,3.56412996,0.8952213600000001,-5.67,-82.879997,-51.029999,1770467781.596576
-0.04069188,3.23380764,1.1728836,-3.22,-96.739998,-34.439999,1770467781.604526
0.43085520000000005,2.6784831600000003,1.5582596400000002,1.33,-100.449997,-8.4,1770467781.612501
0.41170608000000003,2.1375205200000003,2.3433735600000003,11.27,-91.769997,9.59,1770467781.6208
0.6008036400000001,2.00347668,3.7508338800000005,25.129999,-71.540001,22.049999,1770467781.628644
0.538569,2.2452343200000002,6.02957916,35.07,-34.790001,33.18,1770467781.636504
0.05744736,3.0040182,9.316046880000002,42.91,10.78,37.169998,1770467781.644495
-1.1130426000000002,3.40854336,13.35411756,39.830002,53.27,42.560001,1770467781.652507
-3.00880548,2.6090676,16.94936484,33.459999,81.059998,47.740002,1770467781.660513
-6.02957916,1.3739493600000001,19.66135896,41.650002,86.589996,52.709999,1770467781.668541
-10.77856092,1.88618832,19.546464240000002,45.639999,81.199997,50.75,1770467781.676503
-15.13259208,-1.39549212,18.29459052,28.209999,88.480003,26.950001,1770467781.6845
-13.512097800000001,-2.18299968,17.076227760000002,19.530001,62.509998,27.860001,1770467781.6925
-13.67007804,-3.4396606800000002,16.73633088,10.99,22.4,22.610001,1770467781.700501
-13.787366400000002,-4.27025376,16.60468068,-1.82,-20.299999,12.25,1770467781.708544
-13.361298480000002,-4.658023440000001,16.16425092,-13.65,-56.91,-2.66,1770467781.716503
-12.13096752,-4.73222628,15.47009532,-28.559999,-88.900002,-19.809999,1770467781.724527
-10.23759828,-4.26786012,14.05784772,-39.130001,-111.790001,-31.5,1770467781.732541
-7.95645936,-3.71732292,12.549854520000002,-47.18,-122.989998,-44.310001,1770467781.740553
-5.675320440000001,-2.7646542000000003,10.89345564,-52.220001,-127.470001,-51.73,1770467781.748489
-3.4731716400000003,-1.81677276,9.44530344,-55.23,-126.209999,-53.200001,1770467781.756503
-1.58698332,-0.8018694,8.05938588,-55.09,-125.089996,-47.529999,1770467781.764504
-0.16276752,-0.12207564000000001,6.8027248799999995,-48.860001,-124.32,-38.57,1770467781.772616
0.5050580400000001,0.46197252000000005,5.6896822799999995,-43.959999,-119.699997,-32.27,1770467781.780519
1.60613244,0.39255696000000007,4.7824927200000005,-40.32,-115.360001,-28.139999,1770467781.788496
2.0585304,1.15134084,3.2721058800000002,-32.970001,-107.870003,-20.16,1770467781.796503
3.1476366,2.3002880400000003,2.28831984,-17.709999,-114.099998,3.36,1770467781.804488
2.9944436400000005,2.33858628,1.6731543600000003,-11.2,-113.330002,16.73,1770467781.812505
2.85561252,2.4463000800000003,0.53138808,-8.33,-105.559998,20.02,1770467781.820499
2.78619696,2.3649163200000003,-0.58165452,-2.66,-94.080002,22.049999,1770467781.828671
2.67130224,2.23565976,-1.13458536,4.34,-78.050003,21.49,1770467781.8365
2.77901604,1.93406112,-0.43324884,15.68,-53.130001,21.139999,1770467781.844501
3.0925828799999997,1.7425699200000002,1.2446928,27.65,-20.23,17.709999,1770467781.852529
3.3870006000000004,1.83352824,3.6862056,36.470001,16.799999,16.73,1770467781.8605
3.5210444400000003,2.24284068,6.43410432,44.310001,60.900002,10.5,1770467781.868561
3.3702451200000003,2.6258230800000004,8.7487542,47.880001,107.730003,4.97,1770467781.876504
2.85082524,2.89391076,10.03413888,54.669998,150.009995,-0.21,1770467781.884526
1.9795402800000002,2.79816516,11.60197308,58.939999,182.279999,-5.04,1770467781.892506
0.58165452,2.3697036000000002,13.966889400000001,57.540001,197.960007,-2.66,1770467781.900516
-1.5941642400000002,1.7712936000000001,17.581285800000003,52.080002,202.789993,-1.75,1770467781.908633
-3.62157732,0.45239796,21.5188236,47.950001,186.199997,11.48,1770467781.916505
-6.3670824,-0.7539966,23.65395048,53.41,151.270004,25.620001,1770467781.924533
-9.05514012,-1.42900308,22.70606904,33.529999,109.830002,31.57,1770467781.932529
-8.74396692,-1.39549212,19.81694556,8.19,80.080002,33.389999,1770467781.940504
-9.533868120000001,-3.8034939600000004,17.55256212,-15.12,70.629997,10.29,1770467781.948503
-9.41418612,-4.97398392,15.8698332,-23.870001,73.150002,5.53,1770467781.956573
-9.694242000000001,-5.37850908,14.6849814,-31.01,83.370003,-3.22,1770467781.964505
-10.37164212,-5.3761154399999995,13.31342568,-31.780001,96.110001,-10.5,1770467781.972811
-10.91260476,-4.89738744,11.357821800000002,-32.900002,101.290001,-23.450001,1770467781.980794
-11.266863480000001,-3.71971656,9.23705676,-30.030001,97.370003,-35.349998,1770467781.989258
-11.28361896,-2.43911916,7.54235964,-27.02,83.160004,-46.759998,1770467781.996511
-10.831221000000001,-1.07474436,5.96973816,-23.799999,56.700001,-58.310001,1770467782.004553
-9.935999640000002,-0.06702192000000001,5.119995960000001,-15.89,27.299999,-64.470001,1770467782.012621
-8.777477880000001,0.70851744,4.49764956,-10.57,-0.7,-66.010002,1770467782.020529
-8.09289684,1.2901719600000001,3.66705648,-5.88,-28.139999,-66.709999,1770467782.028625
-6.690223800000001,1.5319296,3.02316732,-2.66,-47.599998,-63.700001,1770467782.036559
-5.364147239999999,1.7880490800000002,2.29310712,-1.47,-63.700001,-60.900002,1770467782.044504
-4.16972088,2.0345940000000002,1.7449635600000002,-3.92,-80.010002,-56.91,1770467782.052687
-3.09497652,2.26917072,1.20400092,-8.75,-93.099998,-51.240002,1770467782.060522
-2.0417749200000004,2.5276838400000003,0.87846588,-12.6,-104.230003,-50.049999,1770467782.068562
-0.9861796800000001,2.6808768000000005,0.78750756,-16.24,-115.080002,-46.41,1770467782.076501
-0.1555866,2.4750237600000005,1.0412334,-17.360001,-120.75,-40.950001,1770467782.084509
0.21064032000000002,1.96996572,1.42900308,-17.57,-117.529999,-38.360001,1770467782.092541
1.0340524800000002,1.57740876,1.77368724,-11.48,-106.470001,-24.15,1770467782.100593
2.22847884,1.70427168,2.2452343200000002,9.03,-96.25,3.36,1770467782.108504
1.81677276,1.2375118800000002,3.6622692,30.24,-71.68,17.85,1770467782.116489
1.49841864,1.4481522,5.7447360000000005,53.900002,-31.08,25.76,1770467782.124626
0.73724112,2.05134948,8.660189520000001,66.849998,15.96,33.25,1770467782.132513
-0.32074776000000005,2.6880577199999998,12.626451,68.599998,61.950001,36.400002,1770467782.140522
-2.28831984,2.44869372,15.92009964,68.879997,94.43,39.900002,1770467782.148517
-5.17983696,1.8071982,18.6344874,73.5,106.050003,44.240002,1770467782.156521
-9.912063240000002,2.4893856,19.326249360000002,67.970001,108.709999,32.619999,1770467782.164585
-12.669536520000001,1.13937264,19.09406628,41.650002,107.169998,19.25,1770467782.172493
-12.633631920000001,-0.7468156800000001,18.550710000000002,17.43,69.860001,9.59,1770467782.18049
-13.10278536,-2.3457672,17.77756428,0.0,19.6,2.94,1770467782.188528
-13.22964828,-3.5976409200000004,17.217452520000002,-16.1,-24.92,-5.88,1770467782.196495
-12.528311760000001,-4.9787712,16.19776188,-29.82,-62.16,-17.5,1770467782.20454
-10.98920124,-5.251646160000001,14.68258776,-39.549999,-91.139999,-29.049999,1770467782.212499
-8.887585320000001,-4.97398392,13.16980728,-47.110001,-112.0,-36.889999,1770467782.220492
-6.2713368,-4.394723040000001,11.82218796,-50.119999,-125.019997,-41.09,1770467782.228512
-3.99019788,-3.111732,10.031745240000001,-49.77,-128.520004,-42.98,1770467782.2365
-2.11358412,-1.74017628,8.32029264,-49.560001,-126.699997,-36.119999,1770467782.244505
-0.46436616000000003,-0.5361753600000001,6.87692772,-43.75,-123.550003,-27.02,1770467782.252533
0.47394072000000004,0.25851312000000004,5.54606388,-37.799999,-113.68,-13.23,1770467782.26063
0.85692312,0.7539966,4.43062764,-31.08,-101.849998,-8.61,1770467782.268533
1.68272892,0.8138376,3.59524728,-31.01,-92.400002,-6.37,1770467782.276484
1.94363568,0.9598496400000001,2.72396232,-25.9,-83.370003,-0.42,1770467782.284485
2.84364432,2.13273324,1.8670392,-16.030001,-79.029999,9.8,1770467782.292495
2.36730996,1.76171904,1.3643748000000002,-9.66,-75.32,22.959999,1770467782.300503
2.22129792,1.61091972,0.47154708,-3.43,-67.690002,25.620001,1770467782.308496
2.1375205200000003,1.37873664,-0.00718092,2.59,-58.029999,26.74,1770467782.316483
2.0106576,1.23033096,0.14840568,11.69,-43.75,24.99,1770467782.324689
2.06571132,0.97899876,1.1226171600000001,18.76,-21.35,24.43,1770467782.332515
2.2189042800000003,0.86649768,2.6018866800000002,28.84,4.48,21.139999,1770467782.340506
2.4247573200000003,1.03644612,4.82797188,38.220001,35.209999,15.05,1770467782.348595
2.4726301200000003,1.5127804800000002,7.83438372,45.639999,69.510002,10.43,1770467782.356668
2.2955007600000004,1.98432756,10.295045640000001,49.77,108.150002,5.32,1770467782.364521
1.65879252,2.23326612,12.19798944,52.57,140.699997,3.08,1770467782.372504
0.6079845600000001,2.02501944,14.59641672,51.939999,161.979996,1.96,1770467782.380503
-0.77553936,1.53432324,17.5453812,46.759998,160.789993,4.2,1770467782.3885
-2.41997004,0.7300602,20.67865596,39.41,142.100006,9.8,1770467782.396483
-3.9016332000000005,-0.69894288,22.36377852,40.389999,105.279999,24.5,1770467782.404533
-5.32824264,-1.49841864,21.674410200000004,39.549999,63.630001,33.040001,1770467782.412513
-6.63995736,-1.83352824,20.10896964,23.870001,47.599998,38.779999,1770467782.420503
-8.15752512,-4.480894080000001,19.438750440000003,4.76,45.43,22.26,1770467782.428556
-6.946343280000001,-3.8106748800000005,17.48793384,-7.56,58.169998,6.3,1770467782.436504
-7.381985760000001,-3.9973788000000003,16.25042196,-16.52,73.639999,1.75,1770467782.444604
-8.08332228,-3.7005674400000004,14.723279640000001,-23.309999,93.870003,-9.24,1770467782.452512
-8.95700088,-3.1165192800000003,12.540279960000001,-27.09,110.32,-20.370001,1770467782.460501
-9.65594376,-2.19975516,10.098767160000001,-32.549999,116.970001,-30.799999,1770467782.468533
-10.0413198,-1.2159691200000002,7.65007344,-34.860001,111.019997,-41.93,1770467782.47654
-10.02456432,-0.40213152,5.6130858,-30.870001,92.190002,-52.639999,1770467782.484564
-9.60328368,0.25372584000000004,4.42344672,-22.540001,65.589996,-61.529999,1770467782.492497
-8.961788160000001,0.59841,3.57131088,-13.23,34.720001,-65.169998,1770467782.500491
-8.18864244,0.89282772,2.71438776,-2.38,7.0,-65.099998,1770467782.508539
-7.1713454400000005,1.1130426000000002,2.0345940000000002,5.88,-19.110001,-64.75,1770467782.516499
-5.876386200000001,1.39309848,1.4673013200000002,11.55,-41.720001,-68.669998,1770467782.524517
-4.8231846,1.8790073999999999,1.0340524800000002,11.9,-62.02,-65.730003,1770467782.532535
-3.42529884,2.36012904,0.74442204,12.32,-80.010002,-65.870003,1770467782.540509
-2.1159777600000003,2.6018866800000002,0.84016764,6.93,-95.339996,-63.279999,1770467782.548501
-1.09389348,2.5611948,1.13458536,2.45,-108.220001,-65.660004,1770467782.556508
-0.5026644,2.53965204,1.4098539600000002,-1.12,-111.089996,-60.34,1770467782.564535
1.2638419200000002,3.1811475600000003,1.3117147200000001,4.34,-117.529999,-34.299999,1770467782.572541
1.35480024,2.5228965600000004,1.9173056400000001,14.42,-116.970001,-10.85,1770467782.580502
1.55107872,2.26438344,2.77901604,25.41,-102.059998,11.83,1770467782.588504
1.5726214800000002,2.28831984,4.34685024,39.689999,-70.349998,23.030001,1770467782.596543
1.4481522,2.68327044,6.64953192,51.240002,-25.129999,29.68,1770467782.604501
0.9239450400000001,3.58327908,9.852222240000001,57.049999,27.860001,33.669998,1770467782.612505
-0.30638592000000003,4.1888700000000005,13.373266680000002,47.880001,76.300003,37.66,1770467782.620508
-2.31225624,3.46599072,17.38022004,37.099998,106.260002,46.48,1770467782.628566
-5.71122504,2.37209724,20.89168992,39.619999,118.650002,49.0,1770467782.63659
-10.44584496,2.33858628,20.886902640000002,42.139999,118.300003,40.740002,1770467782.64451
-12.91129416,0.0,19.66614624,25.9,114.870003,31.15,1770467782.652508
-13.088423520000001,-2.03938128,17.83979892,16.450001,78.050003,21.35,1770467782.660545
-13.81848372,-3.0303482400000004,17.234208,8.33,34.09,17.43,1770467782.668501
-13.8711438,-3.88487772,16.68127716,-5.11,-15.12,9.94,1770467782.67653
-13.39480944,-4.41387216,15.51318084,-21.209999,-56.349998,-4.2,1770467782.684605
-11.8724544,-4.86148284,14.170348800000001,-35.349998,-90.230003,-22.889999,1770467782.692497
-9.69184836,-4.52876688,12.578578199999999,-43.75,-114.099998,-35.77,1770467782.700499
-7.3987412400000006,-3.8082812400000003,10.98920124,-50.82,-126.769997,-45.639999,1770467782.708533
-5.0098885200000005,-2.96571996,9.73972116,-52.990002,-131.25,-51.310001,1770467782.716498
-3.0901892400000004,-1.88379468,8.4734856,-51.450001,-133.0,-44.73,1770467782.724799
-1.29735288,-1.02447792,7.1928882000000005,-47.740002,-130.690002,-40.950001,1770467782.732545
0.23218308000000001,-0.23697036000000002,6.0583028400000005,-41.23,-130.619995,-30.17,1770467782.740513
0.7587838800000001,0.42606792,4.952441159999999,-33.880001,-123.900002,-23.24,1770467782.748495
1.91012472,0.46436616000000003,4.1170608,-31.219999,-118.860001,-16.940001,1770467782.756502
2.26917072,0.90479592,2.9202408,-25.200001,-116.339996,-15.33,1770467782.764515
3.9495060000000004,2.59949304,1.49841864,-9.87,-116.900002,5.32,1770467782.772498
2.69763228,1.8981565200000001,0.61516548,-3.64,-113.120003,15.4,1770467782.78049
2.6138548800000003,1.69230348,-0.29441772,3.01,-105.419998,18.41,1770467782.788497
2.54443932,1.7497508400000001,-0.9478814400000001,10.99,-92.75,20.16,1770467782.79653
2.5611948,1.75693176,-0.3949506,18.200001,-69.790001,19.879999,1770467782.804538
2.8316761200000005,1.60852608,1.25426736,25.41,-37.939999,16.66,1770467782.812505
3.3630642,1.57501512,3.6000345600000005,32.200001,1.96,15.19,1770467782.820495
3.7460466,1.9771466400000002,6.52745628,40.110001,44.66,10.36,1770467782.828515
3.76758936,2.53247112,9.1676412,40.32,90.860001,6.44,1770467782.836509
3.3367341600000002,3.0040182,10.57031424,44.869999,135.380005,-0.07,1770467782.844578
2.7215686800000003,2.96093268,11.96341272,46.41,169.399994,-2.45,1770467782.852516
1.5678342,2.42236368,13.727525400000001,43.400002,185.850006,-0.49,1770467782.860611
-0.38776968,1.8311346,16.65494712,36.119999,190.820007,5.11,1770467782.868502
-2.3816718,0.3710142,20.8486044,35.209999,181.580002,14.49,1770467782.876505
-4.62929976,-0.8736786000000001,23.481608400000002,44.66,155.470001,29.959999,1770467782.884506
-7.087568040000001,-1.3883112000000002,23.27096808,35.419998,114.660004,32.900002,1770467782.892614
-8.24369616,-1.25426736,20.95153092,9.52,91.07,34.580002,1770467782.900488
-9.035991000000001,-3.0159864,18.28022868,-13.23,80.639999,13.58,1770467782.908595
-8.70806232,-3.77716392,15.786055800000002,-23.24,78.260002,-0.42,1770467782.91654
-8.808595200000001,-4.394723040000001,14.19667884,-29.68,85.75,-3.08,1770467782.924501
-9.35434512,-4.2846156,12.358363319999999,-31.780001,95.269997,-17.01,1770467782.932562
-9.7301466,-4.040464320000001,10.259141040000001,-30.66,101.709999,-21.629999,1770467782.940589
-10.115522640000002,-3.2074776,7.90379928,-28.98,100.730003,-35.560001,1770467782.948503
-10.2806838,-2.22847884,5.95776996,-27.440001,91.07,-46.41,1770467782.956502
-10.05807528,-1.4146412400000001,4.63648068,-19.530001,76.160004,-57.119999,1770467782.964499
-9.41179248,-0.8952213600000001,3.77716392,-9.38,51.169998,-61.25,1770467782.972784
-8.844499800000001,-0.14601204,2.9824754400000004,0.77,28.42,-63.419998,1770467782.980678
-8.10965232,0.69176196,2.3098626,9.87,1.75,-59.150002,1770467782.988678
-7.14740904,1.5079932,1.8000172800000003,14.63,-21.280001,-63.98,1770467782.996519
-5.86202436,2.29310712,1.4433649200000003,15.89,-46.900002,-61.110001,1770467783.004549
-4.698715320000001,2.8244952000000003,1.21118184,12.67,-70.769997,-62.509998,1770467783.012506
-3.6479073600000005,2.88912348,1.18724544,6.58,-93.239998,-65.449997,1770467783.020508
-1.8909756,4.47371316,0.7803266400000001,2.8,-110.599998,-55.369999,1770467783.028783
-0.90479592,3.6526946400000004,1.12979808,0.21,-132.860001,-34.369999,1770467783.036541
-0.22978944,3.1643920800000003,1.38113028,-0.7,-142.660004,-12.74,1770467783.044511
0.12925656000000002,2.58991848,1.8790073999999999,2.66,-141.399994,10.29,1770467783.052506
0.6103782,2.2404470400000003,2.7263559600000002,13.86,-129.220001,21.91,1770467783.060511
1.18963908,2.16385056,4.30376472,31.43,-101.010002,33.040001,1770467783.068592
0.91676412,2.2189042800000003,6.97506696,49.07,-55.93,39.34,1770467783.076514
0.6199527600000001,2.8915171200000005,10.60861248,61.950001,1.82,41.23,1770467783.084498
-0.46915344000000003,3.34152144,14.66343864,57.75,56.0,42.419998,1770467783.092497
-2.6617276800000003,2.9346026400000005,18.13900392,53.41,88.269997,38.080002,1770467783.100489
-6.13250568,2.53965204,19.6637526,53.689999,106.82,35.419998,1770467783.108494
-10.82404008,1.66118616,19.14912,47.880001,116.199997,24.290001,1770467783.11649
-13.009433400000002,-1.0340524800000002,19.41720768,31.01,111.720001,13.65,1770467783.124511
-13.2128928,-2.45826828,18.79964856,20.790001,69.300003,6.51,1770467783.132508
-13.576726080000002,-3.7819512,18.6225192,7.7,18.27,-2.31,1770467783.140503
-13.37805396,-4.667598,17.66985048,-6.09,-32.34,-7.98,1770467783.148537
-12.267405,-5.2372843200000005,16.01584524,-23.309999,-76.440002,-21.700001,1770467783.156533
-10.192119120000001,-5.01228216,14.139231480000001,-37.310001,-109.339996,-28.49,1770467783.164497
-7.877469240000001,-4.2750410400000005,12.14293572,-47.669998,-133.070007,-38.709999,1770467783.172496
-5.313880800000001,-3.6143964,10.505685960000001,-52.080002,-139.789993,-38.639999,1770467783.180505
-3.25295676,-2.4774174,8.636253120000001,-51.869999,-144.550003,-39.130001,1770467783.188586
-1.5319296,-1.2901719600000001,7.14262176,-50.189999,-142.520004,-30.309999,1770467783.196497
-0.08856468,-0.24175764,5.75191692,-42.98,-136.639999,-19.809999,1770467783.204497
0.7922948400000001,0.35904600000000003,4.52158596,-35.98,-128.309998,-10.22,1770467783.212494
1.37873664,0.42846156,3.3367341600000002,-29.33,-115.989998,-3.36,1770467783.220494
1.9867212,0.78272028,2.30746896,-22.33,-107.099998,-0.07,1770467783.228516
2.6138548800000003,1.9053374400000003,1.32128928,-10.01,-98.0,13.16,1770467783.236551
2.60667396,1.9627848,0.8018694,1.12,-93.309998,26.530001,1770467783.244523
2.41997004,1.8814010400000003,-0.01436184,7.07,-84.349998,33.599998,1770467783.2525
2.14948872,1.7928363600000001,-0.80665668,14.42,-73.919998,31.219999,1770467783.260496
1.94842296,1.73778264,-0.91915776,20.299999,-59.150002,30.870001,1770467783.268493
1.9603911600000001,1.52474868,0.08856468,26.110001,-37.240002,26.74,1770467783.276492
2.2452343200000002,1.13458536,1.9627848,31.99,-9.03,21.559999,1770467783.28448
2.70002592,1.077138,4.25828556,38.990002,22.959999,16.66,1770467783.292494
3.0303482400000004,1.5582596400000002,7.259910120000001,44.869999,61.669998,10.57,1770467783.30065
3.0973701600000005,2.09922228,10.23041736,50.470001,102.059998,2.73,1770467783.308513
2.60428032,2.4726301200000003,12.2315004,52.639999,141.190002,1.61,1770467783.316495
1.8574646400000001,2.27156436,14.5652994,52.009998,168.910004,1.61,1770467783.324498
0.33271596000000003,1.6396434000000002,17.05707864,42.630001,176.259995,4.27,1770467783.332498
-1.67794164,0.84734856,20.839029840000002,36.68,164.149994,11.48,1770467783.340496
-3.31040412,-0.9813924,24.774174,41.650002,135.029999,26.530001,1770467783.348527
-5.577181200000001,-2.0130512400000002,24.929760599999998,45.009998,89.949997,42.07,1770467783.35652
-7.7649681600000005,-2.0585304,22.837719240000002,31.219999,61.18,45.360001,1770467783.364513
-9.62003916,-4.31333928,20.518282080000002,10.57,55.509998,29.75,1770467783.372504
-8.432793720000001,-3.46599072,18.071982000000002,-2.45,63.0,12.81,1770467783.380549
-8.52614568,-3.58327908,16.662128040000002,-14.07,81.199997,-0.42,1770467783.388531
-9.256205880000001,-3.11412564,14.73764148,-19.32,100.589996,-10.71,1770467783.396493
-9.89291412,-2.30268168,12.461289840000001,-25.27,113.959999,-23.73,1770467783.404506
-10.4482386,-1.4601204,9.8617968,-32.130001,117.18,-35.77,1770467783.41249
-10.83600828,-0.38776968,7.247941920000001,-34.580002,106.75,-45.779999,1770467783.420508
-10.60143156,0.6079845600000001,5.277976200000001,-30.66,83.580002,-53.619999,1770467783.428955
-9.99105336,1.2590546400000002,3.97104876,-20.860001,52.849998,-58.310001,1770467783.43651
-8.94503268,1.69469712,3.26492496,-7.56,20.860001,-59.919998,1770467783.444517
-7.690765320000001,1.86464556,2.67608952,-1.33,-9.94,-55.93,1770467783.452567
-6.4891580399999995,1.83352824,1.9603911600000001,3.08,-37.450001,-53.27,1770467783.46049
-5.17983696,1.80959184,1.2638419200000002,4.76,-61.880001,-48.580002,1770467783.468541
-4.08833712,1.8790073999999999,0.70133652,4.9,-79.519997,-47.880001,1770467783.476492
-2.9705072400000003,2.0824668,0.24175764,2.38,-94.779999,-42.07,1770467783.484501
-1.7665063200000002,2.31464988,0.11250108000000002,0.77,-109.760002,-36.540001,1770467783.492506
-0.777933,2.45826828,0.37580148,-2.59,-122.010002,-30.17,1770467783.500496
-0.08377740000000002,2.2978944,0.7899012,-6.3,-131.460007,-26.809999,1770467783.508574
0.40213152,1.57501512,1.5702278400000003,-8.54,-132.089996,-25.9,1770467783.516503
1.1250108,2.48459832,1.5917706,-4.55,-118.860001,-10.29,1770467783.524502
1.83831552,2.1782124,2.5300774800000005,8.33,-111.370003,15.4,1770467783.532498
1.9747530000000002,1.99390212,4.08833712,19.950001,-80.290001,33.950001,1770467783.540498
1.62528156,2.40082092,6.46761528,33.669998,-34.02,34.580002,1770467783.548551
1.16330904,3.22662672,9.82349856,35.98,23.17,32.900002,1770467783.556504
0.23936400000000002,3.77955756,13.42592676,31.780001,81.620003,35.419998,1770467783.564502
-1.85985828,3.2314140000000005,17.00202492,22.889999,124.389999,33.459999,1770467783.572498
-5.325849000000001,1.98911484,20.5374312,26.32,150.080002,37.099998,1770467783.580502
-9.792381240000001,1.49841864,20.779188840000003,35.419998,148.75,36.189999,1770467783.588511
-13.61741796,-0.22021488,19.85285016,16.309999,145.809998,31.43,1770467783.596663
-13.68204624,-2.1590632800000003,18.45975168,6.44,105.629997,20.790001,1770467783.604501
-14.347478160000001,-3.21465852,17.7488406,-2.45,50.540001,21.07,1770467783.6125
-14.242158,-3.7460466,16.9230348,-19.32,-4.9,9.73,1770467783.620504
-13.612630680000002,-4.10987988,15.355200600000002,-36.68,-53.689999,-3.22,1770467783.628531
-11.81740068,-4.62690612,13.770610920000001,-52.080002,-93.239998,-14.91,1770467783.636551
-9.64876284,-4.2008382,11.57564304,-60.830002,-119.07,-27.16,1770467783.644521
-7.53757236,-3.4779589200000003,9.89291412,-65.660004,-136.009995,-30.17,1770467783.652515
-5.17744332,-2.49177924,8.483060159999999,-66.639999,-146.860001,-30.59,1770467783.660502
-3.17875392,-1.42900308,7.27427196,-66.080002,-147.630005,-28.209999,1770467783.668501
-1.24948008,-0.56489904,6.14208024,-62.09,-145.740005,-17.57,1770467783.67654
0.08138376,0.12446928,4.98595212,-55.02,-144.199997,-9.87,1770467783.684499
0.91676412,0.48351528,3.9614742000000005,-46.34,-139.300003,2.73,1770467783.692504
1.8790073999999999,0.46915344000000003,3.0973701600000005,-39.549999,-132.229996,2.59,1770467783.70065
2.2500216,0.9861796800000001,1.9723593600000002,-29.68,-128.869995,5.95,1770467783.708514
2.84125068,2.31225624,0.299205,-15.05,-127.330002,17.639999,1770467783.716495
2.5276838400000003,1.91251836,-0.6295273200000001,-3.43,-121.519997,30.450001,1770467783.724502
2.5540138800000003,1.8670392,-1.23033096,9.31,-109.760002,34.720001,1770467783.732542
2.6689086000000004,1.73778264,-0.9766051200000001,16.52,-90.089996,30.59,1770467783.740563
3.0040182,1.23033096,0.36862056,21.35,-64.889999,29.82,1770467783.748515
3.5569490400000006,0.99096696,2.52050292,29.75,-30.24,24.290001,1770467783.756503
4.040464320000001,1.33325748,5.28515712,38.5,10.43,22.610001,1770467783.764504
4.25828556,1.74017628,8.107258680000001,48.299999,57.610001,14.84,1770467783.772519
4.2247746,2.24284068,10.35967392,53.970001,105.209999,9.8,1770467783.780495
3.7436529600000004,2.54683296,12.04958376,58.169998,150.360001,8.33,1770467783.788493
2.84603796,2.4822046799999997,13.61502432,59.43,180.809998,6.09,1770467783.796533
1.05080796,2.0226258,15.941642400000001,57.82,196.699997,14.28,1770467783.804632
-1.1848518000000001,1.26623556,20.04912864,54.25,201.389999,17.08,1770467783.812499
-3.32476596,-0.30638592000000003,24.48214992,56.419998,181.369995,36.049999,1770467783.820506
-6.11096292,-0.8545294800000001,25.128432720000003,45.990002,142.869995,44.169998,1770467783.828545
-8.5452948,-1.6516116,23.254212600000002,20.09,102.760002,48.299999,1770467783.836487
-7.93731024,-2.1447014400000004,19.91269116,-4.97,82.599998,50.889999,1770467783.84449
-8.9522136,-4.30376472,17.351496360000002,-28.559999,82.599998,27.299999,1770467783.852516
-9.024022800000001,-4.952441159999999,15.199614000000002,-37.029999,91.629997,8.89,1770467783.860635
-9.37828152,-4.9787712,13.44986316,-40.32,103.809998,0.49,1770467783.868496
-9.8857332,-4.62929976,11.477503800000001,-36.330002,112.489998,-12.32,1770467783.876537
-10.36206756,-3.87051588,9.59131548,-34.299999,115.709999,-24.639999,1770467783.884506
-10.603825200000001,-2.66412132,7.65007344,-27.440001,108.080002,-34.860001,1770467783.892502
-10.62058068,-1.2805974,5.976919080000001,-22.68,88.620003,-45.57,1770467783.900501
-10.086798960000001,-0.09813924000000002,4.81839732,-15.05,59.849998,-54.389999,1770467783.908662
-9.4189734,0.9407005200000002,4.04285796,-9.38,27.65,-57.68,1770467783.916499
-8.33704812,1.4481522,3.5018953200000005,-2.24,-1.82,-60.830002,1770467783.924486
-7.200069120000001,1.8000172800000003,2.86997436,2.24,-26.950001,-57.68,1770467783.932496
-6.051121920000001,1.8909756,2.26917072,2.87,-47.25,-51.450001,1770467783.940488
-4.87584468,2.09204136,1.5917706,2.31,-63.98,-47.25,1770467783.948609
-3.78913212,2.23087248,0.9119768400000001,1.89,-80.779999,-42.07,1770467783.956559
-2.69523864,2.45587464,0.43803612,0.91,-95.129997,-38.849998,1770467783.964495
-1.6731543600000003,2.54204568,0.34707780000000005,-1.33,-111.580002,-34.16,1770467783.972603
-0.87607224,2.53247112,0.5601117600000001,-6.37,-126.629997,-33.18,1770467783.981234
-0.33510960000000006,2.3170435200000004,1.01969064,-8.68,-133.0,-36.75,1770467783.988657
0.63910188,2.35534176,1.2255436800000001,-8.68,-128.520004,-20.860001,1770467783.996636
2.1303396,2.3768845200000004,1.79523,4.9,-129.080002,4.06,1770467784.004515
2.2021488000000002,1.8933692400000002,3.26971224,19.32,-109.550003,27.09,1770467784.012511
2.40082092,1.8718264800000002,5.27318892,35.139999,-74.339996,34.02,1770467784.020501
2.23565976,2.42236368,8.080928640000002,49.0,-17.92,35.490002,1770467784.028531
1.75693176,3.46599072,11.953838160000002,50.889999,45.080002,34.369999,1770467784.036517
0.41170608000000003,3.78434484,14.49109656,42.419998,100.660004,32.900002,1770467784.044513
-2.1447014400000004,2.9274217200000003,16.95654576,41.299999,138.809998,36.610001,1770467784.052497
-5.76388512,2.15188236,18.8858196,47.459999,159.600006,32.830002,1770467784.060563
-10.48893048,1.82874096,18.85709592,44.869999,168.490005,30.59,1770467784.0685
-12.25304316,-0.2633004,19.7594982,24.360001,150.919998,23.59,1770467784.076659
-13.787366400000002,-2.42715096,19.32385572,12.67,102.620003,15.89,1770467784.084497
-14.610778560000002,-3.4229052,18.55549728,-0.7,47.529999,6.79,1770467784.092492
-14.527001160000001,-4.2319555200000005,17.1025578,-17.85,-6.37,-3.43,1770467784.100496
-13.54560876,-4.849514640000001,15.235518600000002,-33.669998,-54.110001,-11.97,1770467784.108494
-11.25728892,-4.796854560000001,13.29427656,-41.790001,-89.879997,-22.120001,1770467784.116604
-9.09343836,-4.0452516,11.1782988,-50.889999,-116.199997,-30.940001,1770467784.124491
-6.63995736,-3.10933836,9.55301724,-52.990002,-134.190002,-34.650002,1770467784.132506
-4.342062960000001,-2.0226258,8.119226880000001,-55.650002,-140.979996,-29.82,1770467784.140502
-2.3816718,-0.9383068800000001,6.7716075600000005,-52.57,-139.929993,-26.809999,1770467784.148497
-0.74442204,-0.04308552,5.359359960000001,-47.110001,-136.080002,-16.24,1770467784.15648
0.2034594,0.61516548,4.1338162800000005,-42.419998,-131.949997,-7.0,1770467784.1645
0.67500648,0.8736786000000001,3.15003024,-36.400002,-123.339996,-2.66,1770467784.172491
1.67794164,0.7300602,2.3912463600000002,-31.290001,-121.099998,1.47,1770467784.180514
1.9196992800000001,0.86410404,1.35719388,-21.84,-118.230003,6.44,1770467784.18859
2.69763228,1.855071,0.17712936,-9.1,-116.199997,19.32,1770467784.1965
2.2619898000000003,1.44097128,-0.11489472,3.85,-112.769997,26.879999,1770467784.204499
2.26438344,1.39549212,-0.24893856,11.48,-100.800003,28.84,1770467784.212493
2.2619898000000003,1.4194285199999999,-0.04308552,18.059999,-81.690002,26.530001,1770467784.220495
2.63539764,1.31889564,1.11543624,20.860001,-54.32,26.110001,1770467784.228494
3.22183944,1.01250972,3.22183944,26.879999,-19.25,20.16,1770467784.236522
3.6981738,1.2614482800000002,6.02957916,35.630001,22.4,16.73,1770467784.244498
3.86094132,1.7210271600000002,9.07668288,41.509998,71.050003,8.82,1770467784.252483
3.5521617599999997,2.17342512,11.2142034,47.669998,118.580002,3.22,1770467784.260494
2.82688884,2.2500216,12.980709720000002,52.009998,159.179993,-1.54,1770467784.268495
1.555866,1.8143791200000001,14.840568,49.07,185.5,-4.69,1770467784.276508
-0.36383328000000004,1.2829910400000002,17.68181868,44.73,193.479996,-3.99,1770467784.284588
-2.3912463600000002,0.09095832000000001,21.7462194,48.650002,180.25,2.94,1770467784.292494
-5.12478324,-1.04362704,24.4869372,53.759998,146.020004,21.91,1770467784.300502
-7.4083158000000005,-0.98378604,23.577354,42.419998,96.389999,26.530001,1770467784.308518
-8.45433648,-1.3739493600000001,21.24116136,15.33,72.379997,31.01,1770467784.316501
-9.02641644,-2.9202408,19.098853560000002,-6.65,61.32,20.790001,1770467784.324517
-8.94503268,-3.67902468,16.65734076,-20.860001,65.730003,12.25,1770467784.332672
-9.1437048,-3.9495060000000004,14.76157788,-29.190001,75.389999,1.47,1770467784.340506
-9.57934728,-3.91838868,12.82512312,-33.459999,86.309998,-10.29,1770467784.348519
-10.14185268,-3.47556528,10.752230879999999,-32.759998,93.940002,-18.200001,1770467784.356487
-10.4841432,-2.7766224000000004,8.746360560000001,-32.34,92.260002,-30.52,1770467784.364506
-10.81446552,-1.5941642400000002,6.675861960000001,-28.0,81.480003,-40.810001,1770467784.372504
-10.57031424,-0.3710142,5.0314312800000005,-23.1,57.75,-51.73,1770467784.380499
-9.7421148,0.37819512000000005,4.009347,-13.79,29.120001,-61.25,1770467784.388505
-8.66976408,0.69894288,3.37981968,-4.9,-1.12,-58.66,1770467784.396541
-7.496880480000001,0.86649768,2.7263559600000002,3.85,-28.0,-62.16,1770467784.40455
-6.42931704,1.07474436,2.00347668,8.89,-49.209999,-56.560001,1770467784.412507
-5.24446524,1.40506668,1.31889564,14.35,-67.760002,-57.75,1770467784.420491
-4.10030532,1.8191664,0.77553936,13.23,-87.639999,-59.150002,1770467784.428496
-2.88912348,2.2739580000000004,0.28005588000000003,9.8,-106.190002,-50.610001,1770467784.436499
-1.3667684400000002,2.70720684,1.00293516,4.83,-123.690002,-51.59,1770467784.444547
-0.7803266400000001,2.6234294400000002,0.8736786000000001,-1.75,-143.429993,-46.900002,1770467784.452538
-0.27048132,2.6018866800000002,1.1369790000000002,-8.33,-147.0,-44.310001,1770467784.460548
3.2314140000000005,4.289402880000001,1.35958752,-2.24,-158.059998,-17.15,1770467784.468648
2.0226258,2.812527,2.5157156400000003,6.3,-149.660004,6.44,1770467784.476496
2.31943716,2.71917504,3.78913212,17.01,-125.860001,22.82,1770467784.484502
2.65215312,2.58752484,5.8165452,30.309999,-81.339996,29.120001,1770467784.4925
2.8316761200000005,3.28168044,8.581199400000001,38.779999,-17.360001,33.110001,1770467784.500498
2.59470576,4.44738312,11.690537760000002,38.290001,48.650002,33.950001,1770467784.508625
1.3165020000000003,4.646055240000001,13.67007804,25.76,102.970001,41.790001,1770467784.516524
-0.97181784,3.62157732,16.865587440000002,13.86,143.360001,38.080002,1770467784.524504
-4.243923720000001,1.75453812,20.06588412,19.74,174.300003,36.610001,1770467784.532493
-8.07374772,0.57686724,20.657113199999998,28.42,178.5,37.66,1770467784.540515
-11.151968759999999,-1.57501512,20.42732376,17.780001,160.020004,41.580002,1770467784.548516
-13.205711879999999,-3.9207823200000003,19.970138520000003,9.87,122.5,39.200001,1770467784.556486
-13.093210800000001,-3.8465794800000004,18.65603016,-3.01,80.220001,31.57,1770467784.564519
-13.89747384,-4.27025376,16.913460240000003,-18.48,31.780001,19.25,1770467784.572498
-13.78976004,-4.55509692,14.87407896,-38.43,-13.93,2.59,1770467784.580561
-12.61208916,-4.55030964,12.865815000000001,-50.68,-52.919998,-16.799999,1770467784.58863
-10.51286688,-4.059613440000001,10.7953164,-57.330002,-86.309998,-27.93,1770467784.59653
-8.55965664,-3.2002966800000006,8.90194716,-59.009998,-110.459999,-32.759998,1770467784.604505
-6.52506264,-2.3002880400000003,7.616562480000001,-56.77,-130.130005,-34.720001,1770467784.612503
-4.47131952,-1.44097128,6.55139268,-53.759998,-145.669998,-26.6,1770467784.620607
-2.6880577199999998,-0.6319209600000001,5.51494656,-45.009998,-160.300003,-25.690001,1770467784.628552
-1.1848518000000001,0.14840568,4.64844888,-39.200001,-168.070007,-11.62,1770467784.636518
0.20106576,0.65107008,4.26546648,-30.309999,-172.339996,-4.34,1770467784.644511
0.74920932,1.15373448,3.51146988,-28.98,-169.539993,-1.54,1770467784.652583
1.71863352,1.0149033600000001,2.4463000800000003,-27.23,-163.520004,-0.98,1770467784.660509
2.48459832,1.4553331200000001,0.63670824,-16.59,-163.520004,-2.87,1770467784.668519
2.8747616400000005,1.6444306800000001,-0.91437048,-0.42,-157.850006,17.780001,1770467784.676496
3.0351355200000003,1.5965578800000002,-1.4098539600000002,9.59,-144.130005,24.360001,1770467784.684502
3.26971224,1.38352392,-1.18963908,20.790001,-116.199997,25.969999,1770467784.692515
3.81306852,0.9598496400000001,0.1316502,29.120001,-79.309998,22.82,1770467784.700637
4.53116052,0.8329867200000001,2.3170435200000004,39.619999,-37.240002,20.23,1770467784.708508
5.141538720000001,1.14655356,5.359359960000001,50.189999,10.85,15.75,1770467784.716496
5.464680120000001,1.88858196,8.696094120000001,53.200001,65.379997,10.92,1770467784.72451
5.18941152,2.4343318800000002,10.747443600000002,53.549999,117.32,7.91,1770467784.732503
4.61254428,2.45826828,11.944263600000001,53.549999,163.240005,5.18,1770467784.740523
3.72450384,1.9603911600000001,13.325393880000002,52.360001,194.600006,8.47,1770467784.748509
2.1806060400000002,1.077138,15.798024000000002,46.619999,212.589996,16.870001,1770467784.756526
-0.0359046,0.35425872,19.601517960000002,44.869999,219.449997,20.58,1770467784.764512
-2.33140536,-1.077138,23.728153320000004,49.0,204.259995,33.740002,1770467784.772568
-5.06494224,-1.18006452,24.048901080000004,35.91,166.949997,47.810001,1770467784.780516
-8.43518736,-1.60852608,22.454736840000002,12.95,135.869995,50.119999,1770467784.788522
-8.45433648,-1.9962957600000002,19.53449604,-10.99,117.18,43.68,1770467784.796539
-9.545836320000001,-3.5808854400000003,17.124100560000002,-27.860001,106.260002,24.15,1770467784.804502
-10.07004348,-4.09791168,15.16849668,-31.99,107.029999,6.3,1770467784.812504
-10.60143156,-4.13142264,13.540821480000002,-35.77,110.949997,-5.39,1770467784.820505
-11.034680400000001,-3.81306852,11.4176628,-34.09,114.519997,-19.389999,1770467784.828544
-11.31952356,-3.11412564,9.146098440000001,-35.07,110.32,-28.0,1770467784.836802
-11.29558716,-2.1973615200000003,6.95113056,-32.200001,95.480003,-40.950001,1770467784.844524
-10.922179320000001,-1.1250108,5.01946308,-25.969999,71.959999,-52.290001,1770467784.852499
-10.340524799999999,-0.16276752,3.9542932800000004,-21.280001,40.950001,-55.439999,1770467784.8605
-9.27296136,0.36383328000000004,3.5018953200000005,-8.68,7.42,-60.130001,1770467784.868509
-8.21736612,0.9933606,2.9896563600000006,-2.1,-19.25,-58.869999,1770467784.876504
-7.23836736,1.4002794,2.34097992,3.85,-44.66,-56.630001,1770467784.884502
-5.7926088,2.02741308,1.68990984,10.57,-65.519997,-55.09,1770467784.892501
-4.8112164,2.54443932,1.15612812,9.87,-86.519997,-47.740002,1770467784.900596
-3.8585476800000005,2.71438776,0.86410404,9.03,-106.889999,-55.23,1770467784.908542
-2.70960048,2.7766224000000004,0.7970821200000001,1.33,-126.349998,-54.950001,1770467784.916493
-0.9215514,3.54737448,0.67979376,1.33,-151.970001,-30.870001,1770467784.924502
-0.11489472,3.57370452,1.2686292,-3.43,-167.020004,-15.12,1770467784.9325
0.60559092,3.5425872000000003,1.1417662800000001,-9.73,-175.350006,-5.04,1770467784.940597
1.6276752,3.56173632,1.60134516,-6.02,-178.570007,12.46,1770467784.948498
2.1447014400000004,3.15721116,2.50374744,-2.8,-161.770004,26.389999,1770467784.956493
2.74550508,2.79337788,3.8417922000000004,11.9,-128.800003,34.16,1770467784.964513
2.99683728,2.92981536,6.19234668,25.76,-70.980003,35.98,1770467784.972818
3.1356684,3.4588098,9.08865108,35.209999,6.65,34.369999,1770467784.980811
2.65933404,4.07876256,11.740804200000001,34.790001,78.75,32.830002,1770467784.988956
1.1202235200000001,3.5808854400000003,14.402531880000002,26.32,133.0,32.130001,1770467784.996525
-1.9747530000000002,2.28831984,18.52916724,24.08,176.679993,21.84,1770467785.004565
-5.929046280000001,1.00054152,21.25073592,40.740002,207.619995,21.700001,1770467785.012563
-10.316588399999999,-0.37580148,21.85153956,32.759998,204.470001,33.25,1770467785.020495
-12.6144828,-1.79523,21.090362040000002,21.559999,173.949997,35.84,1770467785.028506
-14.742428760000001,-3.38939424,20.2023216,10.57,122.639999,28.209999,1770467785.036542
-15.314508720000001,-4.14339084,18.14139756,-5.67,61.18,17.290001,1770467785.044525
-15.326476920000001,-4.80403548,15.77169396,-23.450001,1.19,3.43,1770467785.052497
-14.120082360000001,-5.249252520000001,13.591087920000001,-40.740002,-55.09,-12.67,1770467785.060499
-11.78388972,-4.98834576,11.61633492,-50.189999,-105.839996,-25.34,1770467785.068694
-9.22269492,-4.39951032,9.86897772,-53.34,-143.220001,-32.060001,1770467785.076506
-6.40777428,-3.5449808400000005,8.55247572,-52.009998,-168.0,-35.349998,1770467785.084507
-4.02370884,-2.4750237600000005,7.2886338,-45.009998,-184.100006,-31.99,1770467785.092491
-2.20932972,-1.0053288,5.95537632,-42.0,-192.220001,-21.42,1770467785.100495
-0.33750324,-0.27526860000000003,5.165475120000001,-35.0,-192.5,-11.83,1770467785.108541
0.7420284,0.26090676,4.071581640000001,-29.889999,-187.179993,0.63,1770467785.116626
1.496025,0.24893856,3.1476366,-21.98,-178.639999,3.01,1770467785.124492
2.31943716,0.7851139200000001,2.22129792,-12.74,-169.889999,4.55,1770467785.132489
3.05907192,1.11782988,1.31410836,-6.23,-158.970001,6.23,1770467785.140512
3.3870006000000004,1.5798024,0.03111732,6.09,-142.729996,23.030001,1770467785.148498
3.3941815200000005,1.6228879200000002,-0.66303828,13.3,-123.339996,24.639999,1770467785.156483
3.4492352400000006,1.68033528,-0.7420284,19.809999,-97.230003,23.030001,1770467785.16454
3.68141832,1.41703488,0.23218308000000001,25.41,-59.57,23.030001,1770467785.172499
4.095518040000001,1.2159691200000002,1.93166748,30.450001,-17.57,19.25,1770467785.180495
4.55030964,1.29974652,4.243923720000001,38.009998,27.860001,14.28,1770467785.188486
4.686747120000001,1.8574646400000001,7.099536240000001,43.400002,78.330002,7.7,1770467785.196497
4.44738312,2.60428032,9.797168520000001,44.52,126.559998,2.87,1770467785.204495
3.7508338800000005,2.92502808,11.60436672,46.619999,171.289993,-0.7,1770467785.212495
2.76704784,2.90587896,13.327787520000001,42.700001,208.669998,-1.19,1770467785.220494
1.52714232,2.2141170000000003,15.27860412,35.419998,228.059998,-2.24,1770467785.22853
-0.29441772,1.42182216,18.73741392,25.34,227.5,6.65,1770467785.236629
-2.3481608400000002,-0.62713368,23.081870520000003,27.65,205.240005,22.4,1770467785.244497
-4.947653880000001,-1.7928363600000001,24.101561160000003,36.889999,161.419998,46.689999,1770467785.252486
-8.7128496,-2.1782124,23.05314684,27.65,117.040001,52.57,1770467785.260501
-9.507538080000002,-2.2835325600000003,20.75046516,2.17,90.300003,52.57,1770467785.268497
-9.97908516,-3.19072212,18.08155656,-12.46,80.220001,26.110001,1770467785.276513
-10.096373520000002,-3.76758936,16.0134516,-26.530001,81.199997,19.67,1770467785.2846
-10.24956648,-3.88487772,13.964495760000002,-31.219999,86.379997,6.79,1770467785.292506
-10.4482386,-3.44444796,11.45596104,-37.240002,92.190002,-8.75,1770467785.300506
-10.63015524,-2.8603998,9.30168504,-35.77,91.980003,-19.040001,1770467785.30852
-10.75462452,-1.9627848,7.367623920000001,-35.0,85.050003,-29.469999,1770467785.316501
-10.713932640000001,-0.7683584400000001,5.735161440000001,-29.75,66.639999,-38.5,1770467785.324503
-9.99823428,0.08377740000000002,4.52876688,-24.219999,43.400002,-49.419998,1770467785.332601
-9.08865108,0.85931676,3.21226488,-15.05,16.73,-50.259998,1770467785.340546
-7.8846501600000005,1.23511824,2.25480888,-0.28,-9.66,-59.779999,1770467785.348569
-6.797937600000001,1.4002794,1.43139672,7.42,-33.040001,-56.279999,1770467785.356476
-5.66813952,1.57501512,0.9000086400000001,14.0,-53.759998,-58.869999,1770467785.364577
-4.607757,1.7306017200000001,0.32792868000000003,17.290001,-71.400002,-55.09,1770467785.372623
-3.43247976,2.1183714,-0.02154276,16.030001,-88.550003,-48.650002,1770467785.3805
-2.2955007600000004,2.31225624,0.14601204,14.84,-102.900002,-46.900002,1770467785.388513
-0.7420284,2.4893856,1.02208428,7.56,-118.019997,-39.549999,1770467785.396506
-0.43085520000000005,2.5276838400000003,1.077138,0.98,-126.419998,-45.990002,1770467785.404511
0.6103782,3.00162456,1.16809632,-0.91,-130.899994,-26.25,1770467785.412501
1.24948008,3.09497652,1.7473572000000002,2.87,-138.25,1.75,1770467785.420501
1.67076072,2.59470576,2.8915171200000005,8.12,-131.039993,20.16,1770467785.428504
1.9053374400000003,2.3170435200000004,4.5455223600000005,14.7,-105.209999,35.98,1770467785.436553
1.9412420400000001,2.61624852,7.02054612,20.09,-59.43,38.009998,1770467785.444519
1.8191664,3.54019356,10.2447792,19.879999,-0.77,42.0,1770467785.452488
1.2901719600000001,4.10269896,13.088423520000001,10.22,62.860001,43.049999,1770467785.4605
-0.19627848000000003,3.7580147999999998,16.02302616,5.04,115.150002,38.779999,1770467785.468538
-3.2960422800000004,2.23326612,19.51774056,4.34,156.309998,32.900002,1770467785.476509
-7.10671716,0.70851744,20.93716908,28.42,176.960007,37.59,1770467785.484506
-11.099308680000002,-1.33565112,21.10711752,20.58,166.179993,47.599998,1770467785.492504
-11.9682,-2.1901806,19.74034908,9.87,135.380005,58.52,1770467785.500504
-13.6557162,-4.45695768,19.52492148,-3.99,93.940002,45.919998,1770467785.508518
-13.988432160000002,-4.9787712,17.99777916,-13.58,38.290001,34.650002,1770467785.516525
-13.720344480000001,-5.251646160000001,16.17621912,-27.51,-10.57,22.26,1770467785.524504
-12.7102284,-5.19659244,14.07699684,-41.509998,-50.470001,8.82,1770467785.532492
-10.91260476,-4.56467148,11.846124360000001,-49.0,-84.769997,-8.61,1770467785.540636
-9.002480040000002,-3.6598755600000006,9.69184836,-52.080002,-109.550003,-18.34,1770467785.548539
-7.12825992,-2.45826828,8.08332228,-50.470001,-129.639999,-23.870001,1770467785.556481
-5.04100584,-1.29495924,7.0516634400000004,-40.459999,-140.350006,-25.83,1770467785.564515
-3.1045510800000002,-0.18909756000000003,6.223464,-33.740002,-150.429993,-23.870001,1770467785.572525
-1.44097128,0.8234121600000001,5.40244548,-31.08,-157.220001,-15.89,1770467785.580539
0.019149120000000002,1.2207564,4.6316934000000005,-28.0,-161.419998,-6.93,1770467785.588497
0.56968632,1.60852608,3.9375378000000003,-27.51,-158.619995,-7.49,1770467785.596499
1.50081228,1.39549212,2.7048132000000003,-26.879999,-156.309998,-10.85,1770467785.604603
4.54312872,3.82743036,0.46436616000000003,-14.21,-161.770004,5.39,1770467785.612509
2.7814096800000003,2.36730996,-0.6031972800000001,-5.46,-157.779999,18.690001,1770467785.620506
3.0135927600000003,2.21651064,-1.37155572,0.21,-151.199997,21.98,1770467785.628501
3.1763602800000004,2.21651064,-1.6396434000000002,5.18,-133.070007,20.02,1770467785.636496
3.6526946400000004,1.7832618,-0.36622692,13.3,-100.379997,24.5,1770467785.644511
4.4761068,1.4553331200000001,1.7665063200000002,20.440001,-56.700001,18.200001,1770467785.652497
5.29712532,1.63724976,4.5981824399999995,30.940001,-2.24,15.89,1770467785.660499
5.58436212,1.88379468,7.2168246,39.130001,58.310001,10.36,1770467785.668512
5.2157415600000006,2.39364,9.05274648,46.549999,108.5,7.49,1770467785.676632
4.8255782400000005,2.5300774800000005,10.467387720000001,50.889999,150.639999,5.11,1770467785.684498
4.15057176,2.3098626,12.21474492,52.57,186.130005,5.32,1770467785.692503
2.97768816,1.376343,13.8591756,49.77,212.029999,11.27,1770467785.700495
0.9454878,0.22260852,16.62622344,47.389999,227.919998,13.86,1770467785.708506
-1.0651698,-1.39549212,21.5188236,48.02,225.820007,24.01,1770467785.716534
-3.41333064,-2.4798110400000004,24.541990920000003,58.52,198.660004,42.139999,1770467785.724602
-7.173739080000001,-3.0303482400000004,24.57310824,40.459999,152.389999,53.900002,1770467785.732539
-10.35967392,-5.33063628,22.99330584,9.03,123.830002,39.970001,1770467785.740526
-9.404611560000001,-4.70828988,18.988746120000002,-10.08,101.989998,23.030001,1770467785.748513
-9.569772720000001,-5.28755076,16.32701844,-24.57,95.970001,17.639999,1770467785.756515
-9.85461588,-5.421594600000001,14.49109656,-31.57,99.82,1.96,1770467785.764517
-10.067649840000001,-5.07930408,12.60012096,-30.309999,104.160004,-5.39,1770467785.772505
-10.283077440000001,-4.3205202,10.62297432,-29.68,105.699997,-21.629999,1770467785.780505
-10.520047800000002,-3.05907192,8.6410404,-24.360001,102.410004,-33.389999,1770467785.788497
-10.503292320000002,-1.60134516,6.86735316,-19.809999,88.129997,-45.639999,1770467785.796511
-10.113128999999999,-0.13643748,5.69446956,-12.88,66.080002,-59.57,1770467785.804651
-9.593709120000002,1.05080796,4.82079096,-8.05,39.759998,-63.630001,1770467785.812497
-8.71524324,1.43139672,4.45935132,0.14,17.290001,-71.260002,1770467785.820505
-7.61416884,2.23565976,3.2888613600000003,7.91,-11.13,-73.709999,1770467785.828506
-6.3287841600000005,2.3433735600000003,2.6186421600000003,14.0,-36.889999,-66.849998,1770467785.836501
-5.349785400000001,2.43911916,1.9149120000000002,12.46,-55.650002,-70.559998,1770467785.844513
-4.45695768,2.40800184,1.2877783200000001,7.63,-70.419998,-66.989998,1770467785.852506
-1.8933692400000002,4.00216608,0.37819512000000005,2.31,-82.18,-50.82,1770467785.860499
-1.88618832,3.43726704,0.43085520000000005,-1.75,-100.449997,-41.860001,1770467785.86852
-1.0555952400000002,3.59046,0.38058875999999997,-9.45,-119.0,-29.469999,1770467785.876561
-0.31356684,3.4731716400000003,0.6127718400000001,-11.97,-132.229996,-23.030001,1770467785.884503
0.16994844,2.97768816,1.14415992,-14.7,-132.929993,-18.34,1770467785.892523
1.6468243200000001,3.25774404,1.40746032,-7.91,-131.25,-3.22,1770467785.900575
1.7832618,2.3098626,2.58752484,7.28,-115.779999,16.870001,1770467785.908516
2.07528588,2.1207650399999998,4.58621424,26.110001,-82.529999,28.559999,1770467785.916497
2.10879684,2.25720252,7.65246708,40.669998,-29.82,32.060001,1770467785.924491
1.80959184,3.54737448,11.350640880000002,49.630001,39.41,35.279999,1770467785.932505
0.73245384,4.47131952,14.409712800000001,42.77,111.650002,36.75,1770467785.940771
-1.35001296,3.9447187200000005,17.05947228,33.669998,158.059998,35.630001,1770467785.948537
-5.62266036,2.8603998,19.366941240000003,40.669998,190.679993,32.34,1770467785.956635
-10.105948080000001,1.9268802000000003,19.27598292,42.91,198.729996,38.43,1770467785.964484
-13.361298480000002,-0.07899012000000001,19.8432756,24.780001,178.850006,38.779999,1770467785.972786
-14.66822592,-1.88618832,19.23768468,14.98,124.32,40.459999,1770467785.981383
-16.130739960000003,-3.1596048,18.14618484,0.56,66.43,24.5,1770467785.988784
-16.496966880000002,-4.1769018,16.14270816,-18.34,2.24,12.6,1770467785.996506
-15.81956676,-5.1391450800000005,14.199072480000002,-32.549999,-54.669998,-5.46,1770467786.004524
-13.763430000000001,-5.677714079999999,12.473258040000001,-42.209999,-106.68,-21.84,1770467786.012504
-11.099308680000002,-5.42638188,10.819252800000001,-50.189999,-146.089996,-30.799999,1770467786.020574
-8.25087708,-4.81361004,9.33998328,-52.639999,-177.100006,-39.27,1770467786.028673
-5.579574840000001,-3.83221764,8.150344200000001,-55.23,-194.320007,-36.889999,1770467786.036513
-2.98486908,-2.92502808,7.2287928,-48.860001,-200.199997,-34.650002,1770467786.044516
-0.91437048,-1.6970907600000003,6.278517720000001,-39.970001,-197.960007,-28.49,1770467786.052649
0.5744736,-0.63910188,5.457499200000001,-33.32,-189.210007,-16.24,1770467786.060523
1.2016072800000002,0.10053288,4.5981824399999995,-27.23,-173.389999,-15.61,1770467786.068525
2.27635164,0.11968200000000001,3.8298240000000003,-26.040001,-159.669998,-6.58,1770467786.076496
2.64975948,0.7731457199999999,2.81731428,-19.110001,-144.199997,-6.58,1770467786.084504
3.04949736,1.2063945600000001,1.9867212,-14.91,-133.139999,-2.17,1770467786.092601
3.13088112,1.61091972,0.9263386800000001,-6.65,-120.120003,18.41,1770467786.100491
3.15003024,1.5079932,0.03111732,2.03,-101.43,16.1,1770467786.1085
3.0351355200000003,1.36198116,-0.41409972,9.66,-79.239998,20.58,1770467786.116495
3.0997638,1.3045338,-0.08856468,15.47,-51.52,13.3,1770467786.124514
3.27449952,1.19442636,1.17527724,20.440001,-16.379999,13.86,1770467786.132583
3.5808854400000003,1.07474436,3.2888613600000003,22.120001,23.1,10.36,1770467786.140518
3.73647204,1.31410836,5.804577,30.870001,64.190002,6.79,1770467786.148499
3.5760981600000004,1.8981565200000001,8.63146584,33.669998,107.589996,1.47,1770467786.15649
3.30801048,2.39364,10.57031424,39.41,150.639999,-6.16,1770467786.164546
2.5492266,2.4893856,11.956231800000001,43.470001,183.820007,-9.59,1770467786.172506
1.42182216,2.26438344,13.966889400000001,42.209999,206.149994,-7.35,1770467786.1805
-0.34947144,1.71863352,16.772235480000003,36.189999,209.929993,-6.23,1770467786.18851
-2.3984272800000004,0.68936832,20.037160439999997,33.110001,196.490005,2.94,1770467786.196496
-4.3564248,-0.74442204,22.44755592,41.09,160.860001,20.790001,1770467786.204496
-6.3670824,-1.3739493600000001,22.08850992,41.23,104.860001,32.130001,1770467786.212609
-8.334654480000001,-1.58698332,20.67386868,18.41,76.089996,38.849998,1770467786.220518
-9.780413040000001,-3.81546216,19.28555748,-1.12,56.98,23.940001,1770467786.228506
-8.3298672,-3.40375608,17.092983240000002,-14.0,49.630001,11.62,1770467786.23649
-8.42800644,-3.72450384,15.84350316,-25.27,54.529999,3.29,1770467786.244515
-8.5213584,-3.55934268,14.232583439999999,-32.200001,64.050003,-5.25,1770467786.252562
-8.72721144,-3.13088112,12.154903919999999,-32.759998,74.760002,-13.86,1770467786.260496
-9.02641644,-2.5228965600000004,9.86897772,-35.0,81.760002,-23.309999,1770467786.268509
-9.3112596,-1.6659734400000001,7.585445160000001,-33.459999,81.620003,-35.349998,1770467786.276495
-9.23705676,-0.86889132,5.49101016,-28.35,71.610001,-45.57,1770467786.284486
-8.83013796,-0.05026644,3.92796324,-16.799999,52.990002,-59.709999,1770467786.292498
-8.2819944,0.16276752,2.9585390400000002,-8.33,33.669998,-60.549999,1770467786.300522
-7.76975544,0.43085520000000005,1.96757208,5.32,12.53,-68.459999,1770467786.308553
-7.061238,0.60559092,1.1609154000000002,15.75,-8.82,-65.870003,1770467786.316503
-6.242613120000001,0.9359132400000001,0.74442204,23.24,-26.110001,-67.410004,1770467786.324505
-5.17265604,1.4577267600000001,0.7228792800000001,28.49,-49.0,-62.790001,1770467786.332583
-3.90402684,1.9556038800000002,0.8329867200000001,26.110001,-70.0,-58.66,1770467786.340531
-2.6258230800000004,2.29310712,1.07474436,21.07,-97.089996,-52.709999,1770467786.348602
-1.7090589600000001,2.31464988,1.26623556,13.23,-118.860001,-49.84,1770467786.356493
-0.9813924,2.1375205200000003,1.46490768,8.47,-133.770004,-51.799999,1770467786.364532
0.5601117600000001,2.31225624,1.5438978,11.76,-139.789993,-30.59,1770467786.372601
1.36916208,2.5013538,1.9149120000000002,18.129999,-139.580002,-6.09,1770467786.380498
1.23511824,2.1303396,3.27689316,25.549999,-126.209999,11.97,1770467786.388512
1.3739493600000001,2.36252268,5.263614360000001,33.32,-94.849998,24.780001,1770467786.396494
1.31889564,3.2242330800000003,8.16949332,38.290001,-49.139999,26.530001,1770467786.404568
1.22793732,3.86333496,11.956231800000001,32.200001,6.65,30.24,1770467786.41251
0.85213584,4.397116680000001,15.03684648,24.43,51.869999,35.630001,1770467786.4205
-1.1728836,3.1284874800000004,18.90496872,20.23,90.089996,30.52,1770467786.428505
-4.452170400000001,1.555866,21.734251200000003,25.41,121.379997,26.6,1770467786.436499
-8.14555692,0.7420284,20.89168992,34.02,130.970001,22.610001,1770467786.444531
-10.60143156,-1.3069274400000002,19.8791802,19.74,127.610001,28.77,1770467786.452498
-11.077765920000001,-4.0452516,19.00310796,10.71,102.620003,31.15,1770467786.460501
-11.961019080000002,-4.20562548,18.24911136,6.23,62.369999,21.629999,1770467786.46851
-12.3152778,-4.38754212,17.28686808,-7.91,19.67,7.91,1770467786.476509
-12.02325372,-4.28222196,15.80759856,-20.23,-21.77,-4.41,1770467786.484515
-10.9868076,-3.76040844,14.11768872,-30.59,-55.02,-20.16,1770467786.492504
-9.28253592,-3.1691793600000002,12.22671312,-42.98,-80.5,-30.450001,1770467786.500503
-7.1569836,-2.52050292,10.3883976,-41.09,-98.559998,-33.669998,1770467786.508541
-5.41441368,-1.5726214800000002,8.71763688,-39.970001,-114.239998,-38.779999,1770467786.516505
-3.71971656,-0.5792608800000001,7.465763160000001,-34.439999,-124.879997,-32.200001,1770467786.524534
-2.21172336,0.36862056,6.34553964,-29.889999,-132.089996,-25.549999,1770467786.532587
-0.91437048,0.9933606,5.43835008,-27.23,-138.110001,-13.16,1770467786.540633
-0.038298240000000004,1.2829910400000002,4.55030964,-22.469999,-140.699997,-9.59,1770467786.548513
0.86649768,0.9454878,3.7939194,-21.0,-141.610001,-7.28,1770467786.556491
1.4912377200000002,2.41518276,2.4175764,-14.0,-136.080002,-2.66,1770467786.564512
2.2500216,2.55162024,0.8880404399999999,-1.12,-144.550003,25.969999,1770467786.572535
2.35055448,2.2452343200000002,-0.58404816,1.19,-136.220001,27.51,1770467786.580571
2.23087248,2.18299968,-1.6444306800000001,8.96,-124.669998,31.15,1770467786.588504
2.26438344,2.1973615200000003,-1.6420370400000002,11.62,-102.339996,29.120001,1770467786.596507
2.41997004,2.3912463600000002,-0.48830256000000005,14.98,-68.110001,26.18,1770467786.604541
2.7718351200000004,2.36730996,1.735389,15.05,-26.879999,23.66,1770467786.612552
3.13088112,2.2619898000000003,3.93514416,16.1,17.639999,20.09,1770467786.620502
3.42529884,2.43911916,6.0367600800000005,22.120001,66.290001,14.07,1770467786.628502
3.7029610800000006,2.50374744,8.5093902,35.139999,117.040001,7.35,1770467786.636512
3.2457758400000003,3.0159864,10.30940748,41.299999,160.929993,3.99,1770467786.644544
2.19496788,3.1284874800000004,11.846124360000001,40.529999,190.259995,0.35,1770467786.652504
0.63910188,2.7359305199999997,13.983644880000002,31.360001,204.259995,5.53,1770467786.660494
-1.58698332,2.15188236,17.06425956,22.120001,206.570007,4.9,1770467786.66856
-4.06440072,0.35665236,20.884508999999998,18.41,192.289993,18.200001,1770467786.676667
-6.702192000000001,-1.52714232,23.201552520000003,33.18,148.820007,37.52,1770467786.684502
-10.283077440000001,-2.53486476,23.0866578,31.780001,107.379997,50.889999,1770467786.6925
-11.06819136,-3.4588098,20.7767952,8.12,68.18,32.549999,1770467786.700503
-10.1490336,-4.2726474,17.9523,-3.08,43.540001,17.08,1770467786.708509
-9.495569880000001,-4.959622080000001,16.33898664,-21.91,35.279999,11.27,1770467786.716563
-9.04556556,-5.47664832,15.27621048,-30.59,38.43,0.21,1770467786.72451
-8.88997896,-5.433562800000001,13.77300456,-34.369999,47.669998,-1.54,1770467786.732523
-8.868436200000001,-4.98834576,11.982561840000002,-34.93,56.0,-8.47,1770467786.740611
-9.02162916,-4.11466716,10.03892616,-30.66,61.950001,-12.18,1770467786.748526
-9.189183960000001,-2.71917504,8.09289684,-27.23,62.09,-21.98,1770467786.756486
-9.23705676,-1.1226171600000001,6.474796200000001,-22.120001,55.299999,-32.830002,1770467786.76451
-8.99051184,0.40213152,5.18462424,-15.12,40.32,-39.48,1770467786.772507
-8.5213584,1.57740876,4.30137108,-5.88,21.209999,-45.57,1770467786.780581
-7.64289252,1.9723593600000002,3.5928536400000004,3.99,0.56,-51.240002,1770467786.788645
-6.9295878,2.23565976,2.81731428,8.54,-18.129999,-46.549999,1770467786.796498
-5.93143992,2.3098626,2.09922228,11.55,-36.82,-45.5,1770467786.804501
-4.892600160000001,2.2835325600000003,1.46490768,12.46,-54.669998,-38.57,1770467786.81253
-3.98780424,2.44869372,0.81623124,9.31,-74.339996,-36.82,1770467786.82059
-3.1356684,2.62821672,0.5266008,6.23,-91.910004,-32.830002,1770467786.828516
-2.1901806,2.692845,0.47633436000000007,-2.66,-112.559998,-35.209999,1770467786.8365
-1.3308638400000001,2.5851311999999997,0.73245384,-6.65,-126.349998,-35.630001,1770467786.844527
0.01436184,2.97290088,0.9526687200000001,-11.48,-139.649994,-24.639999,1770467786.852505
1.2853846800000002,3.20987124,1.68990984,-9.73,-147.770004,-6.37,1770467786.860499
1.7306017200000001,2.65215312,2.6569404000000003,-5.25,-144.339996,15.19,1770467786.868527
2.2619898000000003,2.32661808,4.1769018,1.68,-124.949997,27.299999,1770467786.876506
2.18778696,2.4893856,6.21388944,13.23,-86.309998,35.07,1770467786.884506
2.0226258,3.1332747600000004,8.97615,20.790001,-25.48,29.190001,1770467786.892562
1.9627848,4.243923720000001,11.266863480000001,15.75,36.049999,32.200001,1770467786.900495
0.7899012,4.59339516,12.59533368,14.98,89.040001,26.950001,1770467786.908495
-1.3428320400000002,3.99019788,15.31211508,7.63,126.629997,22.82,1770467786.916505
-4.3181265600000005,2.1423078,18.6464556,10.99,157.5,19.530001,1770467786.924511
-6.290485920000001,-0.777933,21.00897828,23.1,153.789993,36.049999,1770467786.93253
-8.538113880000001,-2.0681049600000003,21.65765472,24.290001,117.949997,61.32,1770467786.940594
-10.38121668,-3.0734337600000003,21.69595296,18.76,89.739998,71.400002,1770467786.948536
-11.956231800000001,-4.727439,20.66429412,-2.31,50.540001,52.009998,1770467786.95655
-12.1118184,-5.0146758,18.28980324,-18.969999,12.88,38.290001,1770467786.964501
-11.489472000000001,-5.2420716,15.91531236,-36.75,-20.23,23.030001,1770467786.972775
-10.21844916,-4.98355848,13.492948680000001,-48.860001,-46.619999,9.38,1770467786.980785
-8.61231672,-4.36360572,11.05622316,-53.689999,-64.540001,-2.1,1770467786.988702
-6.910438680000001,-3.4420543200000004,8.973756360000001,-47.740002,-74.550003,-7.28,1770467786.996522
-5.06972952,-2.0896477200000003,7.367623920000001,-40.389999,-83.790001,-11.83,1770467787.00463
-3.8393985600000002,-0.50984532,6.383837880000001,-29.889999,-88.129997,-10.99,1770467787.01251
-2.49177924,0.67500648,5.7207996,-27.65,-90.93,-4.9,1770467787.020511
-1.34522568,1.58698332,5.00510124,-26.32,-94.290001,-4.69,1770467787.029423
-0.41170608000000003,1.75693176,4.308552,-28.42,-97.440002,4.62,1770467787.036488
0.12686292000000002,1.7090589600000001,3.56412996,-29.4,-100.800003,3.15,1770467787.04478
0.7348474800000001,1.3045338,2.81013336,-30.870001,-103.110001,1.19,1770467787.052512
1.2446928,1.42900308,1.6157070000000002,-27.09,-106.260002,-1.05,1770467787.060495
2.5970994,2.36252268,0.0359046,-10.71,-109.900002,12.39,1770467787.06856
1.8526773600000002,1.82874096,-0.41409972,-2.24,-105.559998,21.280001,1770467787.076499
1.9029438000000003,1.71384624,-0.27287496,6.51,-90.860001,19.389999,1770467787.084517
2.1183714,1.3428320400000002,0.7468156800000001,14.0,-65.309998,18.969999,1770467787.092609
2.5157156400000003,1.08192528,2.5013538,17.57,-32.970001,12.04,1770467787.100501
3.0638592,0.8114439600000001,5.01228216,26.18,5.18,6.44,1770467787.108505
3.25774404,1.42660944,7.64528616,37.099998,48.860001,3.15,1770467787.11649
3.38939424,2.0561367600000002,10.14185268,46.900002,95.830002,-9.94,1770467787.124494
2.99683728,2.4319382400000005,11.79107064,54.740002,134.259995,-14.35,1770467787.132584
2.0202321600000004,2.54443932,13.63896072,50.119999,163.940002,-17.290001,1770467787.140503
0.5912290800000001,2.13991416,15.74775756,41.09,179.899994,-10.85,1770467787.148512
-1.4936313600000002,1.21836276,18.66081744,31.780001,180.039993,-2.52,1770467787.15657
-3.5760981600000004,-0.6558573600000001,22.56245064,37.310001,162.75,12.25,1770467787.164497
-5.66813952,-1.8790073999999999,23.955549120000004,43.330002,121.239998,31.780001,1770467787.172497
-8.49024108,-2.60428032,22.761122760000003,23.66,89.949997,41.93,1770467787.180505
-9.6822738,-4.85669556,21.171745800000004,3.99,71.190002,33.669998,1770467787.188496
-8.52853932,-4.61493792,18.27304776,-8.47,65.519997,15.75,1770467787.196495
-8.65779588,-5.155900560000001,16.4921796,-18.34,70.209999,10.15,1770467787.204571
-9.25381224,-5.2468588800000004,14.53657572,-21.559999,82.110001,-2.59,1770467787.212489
-9.14131116,-4.70589624,12.126180240000002,-25.76,88.410004,-10.99,1770467787.220493
-9.32083416,-3.99498516,9.75647664,-25.41,90.860001,-22.959999,1770467787.228495
-9.564985440000001,-2.73832416,7.405922160000001,-22.469999,87.5,-32.060001,1770467787.23652
-9.3232278,-1.2829910400000002,5.30909352,-13.93,76.300003,-44.52,1770467787.244653
-8.820563400000001,-0.06223464,3.8298240000000003,-3.36,59.5,-48.02,1770467787.252492
-8.12162052,0.76357116,2.8915171200000005,10.92,38.290001,-50.119999,1770467787.260499
-7.26230376,1.13458536,2.1231586800000004,23.309999,17.57,-48.860001,1770467787.268503
-6.352720560000001,1.3859175600000002,1.5462914399999999,29.889999,0.56,-45.220001,1770467787.276551
-5.58196848,2.08007316,0.9933606,30.870001,-16.59,-42.07,1770467787.284627
-4.667598,2.6330040000000006,0.73245384,31.57,-32.34,-42.91,1770467787.29251
-3.67902468,3.0830083200000002,0.6031972800000001,23.870001,-49.490002,-37.029999,1770467787.300504
-2.9393899200000004,3.00880548,0.74442204,19.32,-68.25,-42.349998,1770467787.308509
-1.75453812,2.3218308000000003,1.21118184,9.45,-82.459999,-41.369999,1770467787.316504
-0.34229052,3.06864648,1.19442636,4.2,-95.830002,-11.55,1770467787.324532
-0.43324884,2.24762796,1.74017628,-1.12,-103.18,7.56,1770467787.332537
-0.42846156,1.9029438000000003,2.1590632800000003,-5.53,-92.470001,24.639999,1770467787.340509
-0.69176196,1.91012472,3.1237002,4.62,-73.919998,31.92,1770467787.348553
-1.2446928,2.1973615200000003,4.9237174800000005,14.07,-40.669998,35.279999,1770467787.356582
-2.1064032,2.82688884,7.815234600000001,22.120001,2.1,34.16,1770467787.36451
-2.9896563600000006,3.3822133200000004,11.750378760000002,24.01,51.099998,23.59,1770467787.372515
-5.02903764,3.15481752,15.77169396,28.0,90.300003,18.9,1770467787.380504
-8.150344200000001,2.3170435200000004,18.02889648,38.779999,113.050003,6.79,1770467787.388558
-11.343459959999999,0.8736786000000001,17.392188240000003,34.860001,111.089996,15.33,1770467787.396603
-13.23204192,-1.3643748000000002,16.669308960000002,19.32,83.720001,22.26,1770467787.404497
-14.50306476,-4.36599936,17.28447444,10.29,44.869999,28.91,1770467787.412484
-13.780185480000002,-5.747129640000001,17.1264942,1.12,-6.44,36.189999,1770467787.420499
-13.320606600000001,-6.9439496400000005,16.8033528,-1.33,-51.869999,29.120001,1770467787.428493
-12.116605680000001,-7.12347264,15.769300320000001,-8.12,-87.080002,31.780001,1770467787.436546
-10.2687156,-6.44607252,14.699343240000001,-13.79,-112.419998,19.67,1770467787.444547
-8.04741768,-5.29473168,13.643748,-19.32,-127.889999,11.13,1770467787.452544
-5.80697064,-3.97104876,12.26261772,-27.370001,-139.229996,5.88,1770467787.460526
-3.8513667600000003,-2.5755566400000003,10.65409164,-31.85,-145.179993,1.82,1770467787.468516
-2.19975516,-1.08192528,8.676945,-35.490002,-150.149994,6.3,1770467787.476496
-0.63910188,0.37819512000000005,6.9654924000000005,-39.759998,-149.520004,11.34,1770467787.484512
0.41409972,1.4481522,5.71361868,-34.02,-146.020004,22.33,1770467787.492577
0.9574560000000001,1.8981565200000001,4.96919664,-35.560001,-136.009995,16.1,1770467787.500502
2.94896448,6.44128524,1.77368724,-17.360001,-132.089996,19.809999,1770467787.508515
3.10933836,6.30006048,2.4295446,-0.7,-133.979996,42.139999,1770467787.516497
3.0255609600000004,7.0133652,1.09149984,10.85,-123.760002,45.709999,1770467787.524504
3.19790304,7.15937724,-0.53378172,21.700001,-110.669998,28.559999,1770467787.532502
3.30082956,7.19049456,-1.44097128,14.7,-91.139999,24.08,1770467787.540517
3.45162888,7.05645072,-1.00054152,11.9,-64.470001,7.7,1770467787.54871
3.77716392,6.7931503200000005,0.29441772,4.2,-29.68,4.97,1770467787.556492
4.1673272400000005,6.3072414,2.15666964,-0.56,14.35,-1.54,1770467787.564504
4.32530748,5.8835671199999995,4.071581640000001,0.21,56.490002,-5.67,1770467787.572507
4.14578448,5.55803208,5.9122908,2.31,100.029999,-6.79,1770467787.580537
3.77716392,4.77770544,7.788904560000001,11.34,144.619995,-12.6,1770467787.588594
2.9585390400000002,3.61679004,9.907275960000002,16.17,182.350006,-7.28,1770467787.596496
1.59895152,2.5588011600000002,12.281766840000001,16.309999,210.839996,-4.9,1770467787.604507
-0.538569,1.7449635600000002,15.355200600000002,14.0,229.25,-1.05,1770467787.612495
-3.54019356,0.59362272,18.61294464,3.22,234.5,9.73,1770467787.620537
-5.8739925600000005,-0.8425612800000001,21.303396000000003,16.450001,210.910004,23.24,1770467787.628654
-10.493717760000001,-3.84897312,24.6664602,43.189999,164.5,51.66,1770467787.636498
-12.85863408,-4.40908488,23.7449088,35.07,127.470001,47.32,1770467787.644537
-12.58336548,-4.90935564,20.348333640000003,25.41,100.029999,36.540001,1770467787.652659
-12.0160728,-5.768672400000001,17.23660164,2.24,85.260002,34.09,1770467787.660497
-11.752772400000001,-6.82666128,15.10626204,-17.43,79.870003,21.700001,1770467787.668516
-11.6330904,-7.47055044,13.45465044,-35.91,79.730003,13.51,1770467787.676494
-11.81021976,-7.09235532,11.520589320000001,-44.099998,78.540001,6.79,1770467787.68451
-12.08070108,-5.8309070400000005,9.33998328,-43.540001,72.940002,-0.56,1770467787.69251
-12.48761988,-4.47850044,7.74103176,-41.650002,64.260002,-10.08,1770467787.700592
-11.934689040000002,-2.8388570399999997,6.83862948,-36.889999,43.119999,-16.799999,1770467787.708508
-11.27165076,-1.06756344,6.34553964,-34.299999,13.51,-21.84,1770467787.716497
-10.4961114,0.74442204,5.85005616,-34.23,-17.92,-32.759998,1770467787.724511
-9.3112596,1.90055016,5.2899444,-29.540001,-44.59,-41.509998,1770467787.732501
-7.958853,2.36730996,4.5981824399999995,-26.879999,-67.480003,-46.549999,1770467787.740566
-6.59926548,2.30746896,3.78913212,-23.52,-84.769997,-55.09,1770467787.74854
-5.119995960000001,2.05134948,3.04710372,-24.360001,-100.870003,-52.709999,1770467787.756505
-3.7867384800000004,1.52474868,2.13512688,-21.77,-111.300003,-59.080002,1770467787.764509
-2.61146124,1.9962957600000002,1.1010744000000001,-21.77,-119.980003,-44.66,1770467787.77251
-1.8670392,2.513322,0.23936400000000002,-20.23,-126.419998,-49.560001,1770467787.780603
-0.9813924,2.80295244,-0.17473572,-17.99,-134.75,-47.459999,1770467787.788506
-0.44521704,2.7598669200000003,-0.29441772,-22.68,-143.779999,-44.169998,1770467787.796507
0.30638592000000003,2.1590632800000003,0.10771380000000001,-30.24,-150.570007,-50.259998,1770467787.804507
1.10586168,2.23565976,0.43085520000000005,-23.870001,-148.960007,-40.599998,1770467787.812563
2.33619264,2.12794596,1.11782988,-15.89,-151.619995,-10.5,1770467787.82053
2.97768816,1.58698332,2.33858628,-1.54,-131.179993,9.45,1770467787.828519
2.9417835599999997,1.5079932,3.82743036,13.44,-96.879997,25.76,1770467787.836499
2.752686,2.00587032,6.134899320000001,34.439999,-42.560001,22.120001,1770467787.844501
2.4343318800000002,2.65933404,9.2035458,46.41,24.5,21.98,1770467787.852513
2.0681049600000003,3.25774404,12.61208916,40.599998,91.279999,21.559999,1770467787.860504
0.5289944400000001,2.68327044,15.05360196,35.98,144.690002,18.34,1770467787.868546
-2.4654492,1.21118184,18.12464208,43.75,185.149994,18.969999,1770467787.8765
-6.268943160000001,0.38058875999999997,20.63078316,66.989998,200.899994,22.959999,1770467787.884504
-10.239991920000001,-1.3643748000000002,22.318299360000005,61.459999,183.470001,32.689999,1770467787.89263
-11.506227480000002,-1.81677276,21.97840248,41.299999,144.479996,39.759998,1770467787.900502
-13.397203080000002,-3.7221102,21.25073592,20.23,93.730003,22.959999,1770467787.908514
-13.49773596,-4.5981824399999995,19.007895240000003,-7.14,36.540001,8.12,1770467787.916502
-12.767675760000001,-5.464680120000001,16.7435118,-28.0,-20.65,-0.42,1770467787.924517
-11.305161720000001,-5.93383356,14.67780048,-41.509998,-67.900002,-9.38,1770467787.932506
-9.11258748,-5.58196848,12.48761988,-50.330002,-107.519997,-18.9,1770467787.940508
-6.44607252,-5.04100584,10.536803279999999,-42.77,-133.559998,-27.790001,1770467787.948741
-4.59339516,-3.5258317200000002,8.95700088,-36.959999,-147.279999,-28.35,1770467787.956532
-2.9752945200000003,-1.7784745200000003,7.8295964399999995,-25.9,-151.199997,-33.25,1770467787.964515
-1.18963908,-0.4667598,7.03490796,-17.43,-150.5,-26.879999,1770467787.972808
0.18431028,0.6199527600000001,6.3551142,-12.81,-146.020004,-21.77,1770467787.980716
0.8018694,1.4242158,5.54845752,-8.54,-136.080002,-24.219999,1770467787.988803
1.67076072,1.3117147200000001,4.772918160000001,-11.55,-123.199997,-24.290001,1770467787.996545
2.50374744,1.9867212,3.77955756,-6.72,-114.660004,-30.73,1770467788.004609
3.5665236,2.95375176,2.64257856,2.87,-106.470001,-7.49,1770467788.012514
3.4420543200000004,2.67608952,1.5486850800000003,4.2,-95.339996,0.14,1770467788.020503
3.31040412,2.48699196,0.31356684,8.68,-82.110001,-0.42,1770467788.028746
3.1811475600000003,2.4798110400000004,-0.37580148,13.51,-64.260002,6.3,1770467788.036488
2.99683728,2.54443932,-0.19867212,17.639999,-38.990002,-2.8,1770467788.044502
3.04710372,2.43672552,1.0603825199999999,21.629999,-6.3,0.49,1770467788.052515
3.2792868000000004,2.19496788,2.97768816,20.58,35.209999,-4.41,1770467788.060529
3.40375608,2.29310712,5.33063628,25.76,77.629997,-8.05,1770467788.068534
3.26492496,2.67608952,7.618956120000001,29.540001,122.57,-13.02,1770467788.076499
2.8197079200000004,3.171573,9.27296136,33.740002,164.360001,-20.16,1770467788.084503
2.3577354,2.85082524,10.910211120000001,39.970001,202.020004,-24.219999,1770467788.092503
1.50559956,2.75029236,12.70783476,41.439999,224.139999,-23.1,1770467788.100484
-0.24654492000000003,2.45587464,15.61610736,34.23,229.25,-14.0,1770467788.108577
-2.79337788,1.3907048400000002,18.6943284,26.459999,220.570007,-7.14,1770467788.11652
-5.28515712,-0.44042976,20.769614280000003,40.040001,188.580002,12.04,1770467788.124549
-7.9349166,-0.78272028,21.37281156,45.639999,137.830002,25.969999,1770467788.132496
-10.086798960000001,-1.00293516,20.30285448,23.870001,104.370003,33.110001,1770467788.140495
-10.682815320000001,-2.4247573200000003,18.371187000000003,2.03,80.709999,4.2,1770467788.148715
-10.69238988,-3.32476596,16.55920152,-14.35,68.809998,-3.99,1770467788.156523
-10.5679206,-4.2319555200000005,15.33605148,-23.799999,67.410004,-9.59,1770467788.1645
-10.713932640000001,-4.634087040000001,14.01715584,-34.16,67.269997,-22.959999,1770467788.172501
-10.83840192,-4.65084252,12.03761556,-38.43,69.440002,-28.700001,1770467788.18049
-10.81446552,-4.18647636,9.703816560000002,-34.509998,65.519997,-46.689999,1770467788.188503
-10.524835079999999,-3.3630642,7.2527292,-36.540001,57.119999,-56.84,1770467788.196503
-9.86658408,-2.4319382400000005,5.206167,-29.33,40.669998,-72.239998,1770467788.204542
-8.91152172,-1.6444306800000001,3.9973788000000003,-16.799999,17.219999,-82.809998,1770467788.212495
-7.910980200000001,-1.1226171600000001,3.1931157600000004,-0.98,-3.57,-83.440002,1770467788.220493
-7.054057080000001,-0.64867644,2.70002592,13.79,-22.049999,-89.32,1770467788.228506
-6.158835720000001,-0.0047872800000000005,2.35294812,23.870001,-40.880001,-87.779999,1770467788.23649
-5.17265604,0.67740012,2.06331768,27.299999,-57.75,-89.879997,1770467788.244495
-4.02370884,1.4194285199999999,1.78565544,30.309999,-75.879997,-84.07,1770467788.252521
-2.85082524,2.00108304,1.4457585600000002,27.790001,-96.040001,-81.550003,1770467788.260577
-1.7880490800000002,2.16145692,1.1992136400000002,24.57,-116.410004,-74.620003,1770467788.268513
-1.00772244,2.2404470400000003,1.23511824,20.860001,-133.419998,-73.150002,1770467788.276492
-0.20106576,1.7210271600000002,1.4194285199999999,16.309999,-142.520004,-70.980003,1770467788.284481
1.4002794,3.25295676,1.10586168,20.860001,-150.990005,-50.68,1770467788.292503
1.6276752,2.6234294400000002,1.7760808799999999,28.98,-152.949997,-23.66,1770467788.300546
2.1231586800000004,2.18778696,2.71438776,38.220001,-138.460007,-5.95,1770467788.308508
2.39603364,1.96996572,4.26546648,48.439999,-106.470001,4.06,1770467788.316591
2.59231212,2.26677708,6.905651400000001,57.470001,-56.77,12.95,1770467788.324534
2.8915171200000005,3.1404556800000005,10.474568640000001,60.060001,11.76,19.25,1770467788.332501
2.3577354,4.05003888,14.191891560000002,54.880001,77.489998,28.42,1770467788.340505
0.9646369200000001,3.7077483600000005,17.875703520000002,48.299999,129.850006,29.540001,1770467788.34855
-2.49417288,2.49656652,21.10472388,52.639999,168.910004,28.209999,1770467788.356625
-6.869746800000001,2.4056082,21.389567040000003,56.490002,191.309998,16.73,1770467788.364534
-10.931753879999999,0.39734424,20.53982484,47.950001,198.029999,15.54,1770467788.372646
-12.516343560000001,-1.32368292,19.907903880000003,36.330002,169.050003,18.969999,1770467788.380511
-14.64668316,-2.76704784,19.37172852,29.540001,115.5,6.51,1770467788.388503
-15.30014688,-3.3151914000000002,17.87809716,18.34,51.310001,-8.19,1770467788.396547
-15.26424228,-3.7915257600000003,16.05893076,4.48,-16.17,-24.639999,1770467788.404525
-13.73709996,-4.2415300799999995,14.26130712,-6.79,-74.550003,-40.25,1770467788.412493
-11.151968759999999,-4.16014632,12.693472920000001,-17.01,-123.059998,-54.880001,1770467788.420728
-8.47109196,-3.7556211600000005,11.063404080000002,-18.34,-154.070007,-67.059998,1770467788.428506
-5.842875240000001,-2.9800818000000002,9.77562576,-21.559999,-177.660004,-74.480003,1770467788.436486
-3.42051156,-1.7425699200000002,8.83492524,-22.190001,-188.160004,-70.559998,1770467788.444519
-1.2016072800000002,-0.94309416,7.925342040000001,-16.870001,-192.5,-61.389999,1770467788.452524
0.32792868000000003,-0.045479160000000005,6.7931503200000005,-12.67,-190.330002,-52.849998,1770467788.460505
1.077138,0.12207564000000001,5.9721318000000005,-4.69,-178.5,-51.52,1770467788.468536
2.31943716,0.45718524,4.87345104,-2.66,-167.300003,-46.34,1770467788.476599
4.863876480000001,2.63539764,3.25295676,13.51,-161.279999,-20.860001,1770467788.484504
3.83221764,2.1662442,2.3457672,19.040001,-150.360001,-4.48,1770467788.49251
3.7747702800000003,2.0226258,0.9861796800000001,19.67,-135.660004,1.05,1770467788.500546
3.61918368,2.00108304,-0.3949506,24.85,-117.459999,1.68,1770467788.508576
3.5856727200000003,2.00347668,-0.7922948400000001,27.51,-90.019997,0.0,1770467788.516491
3.5497681200000004,2.10161592,-0.46915344000000003,28.77,-56.139999,-2.1,1770467788.52451
3.65748192,2.20932972,0.6199527600000001,24.5,-15.12,-4.69,1770467788.532524
3.88727136,2.15666964,2.3218308000000003,20.58,29.190001,-6.37,1770467788.540497
4.07876256,2.06331768,4.35163752,21.559999,75.32,-9.1,1770467788.548572
4.009347,2.4678428400000003,6.448466160000001,25.41,119.980003,-14.56,1770467788.55652
3.56412996,3.1260938400000002,8.370559080000001,28.42,162.610001,-17.780001,1770467788.564505
2.86997436,3.67663104,10.050894360000001,33.880001,201.110001,-23.73,1770467788.572501
1.98193392,3.7987066800000004,11.8963908,32.060001,232.610001,-23.379999,1770467788.580503
0.35425872,3.5784918,14.46716016,24.01,242.899994,-26.32,1770467788.588629
-2.06092404,3.05907192,17.65070136,8.68,239.889999,-21.280001,1770467788.596504
-4.34685024,0.7899012,20.542218480000003,4.48,218.75,-11.41,1770467788.604503
-7.14740904,-1.32128928,22.7635164,31.15,174.300003,8.47,1770467788.612498
-10.86951924,-2.09682864,22.31111844,31.639999,124.18,22.959999,1770467788.620497
-12.61927008,-3.0614655600000003,20.087426880000002,16.030001,83.300003,4.41,1770467788.62851
-11.151968759999999,-2.453481,17.08340868,0.35,56.77,-3.43,1770467788.636574
-10.730688120000002,-3.21226488,15.403073400000002,-12.32,45.150002,-15.82,1770467788.644504
-10.45781316,-3.86333496,14.05784772,-22.33,43.82,-18.83,1770467788.652644
-10.36206756,-4.04285796,12.293735040000001,-30.030001,47.880001,-29.4,1770467788.660502
-10.228023720000001,-3.82024944,10.18015092,-31.5,47.740002,-37.59,1770467788.66852
-10.093979880000001,-3.20269032,7.98997032,-30.66,43.959999,-46.759998,1770467788.676494
-9.74690208,-2.4056082,6.1277184,-24.780001,33.389999,-64.260002,1770467788.684502
-9.02881008,-1.6994844000000002,4.78728,-18.549999,19.879999,-74.900002,1770467788.692578
-8.408857320000001,-1.2063945600000001,3.84897312,-5.46,4.83,-86.169998,1770467788.700511
-7.508848680000001,-0.72048564,3.1332747600000004,6.3,-12.67,-91.0,1770467788.708505
-6.63517008,-0.23936400000000002,2.5588011600000002,17.08,-27.93,-96.949997,1770467788.716537
-5.579574840000001,0.35186508,2.1806060400000002,24.219999,-44.869999,-98.629997,1770467788.724518
-4.5000432,1.15612812,1.75453812,29.68,-63.91,-103.809998,1770467788.732521
-3.3367341600000002,1.95799752,1.34761932,30.799999,-84.07,-96.809998,1770467788.740496
-1.6970907600000003,2.5803439200000002,1.81677276,28.91,-104.230003,-92.120003,1770467788.748799
-1.2877783200000001,2.6186421600000003,1.34522568,24.85,-125.510002,-94.5,1770467788.756514
-0.52181352,2.9824754400000004,1.2375118800000002,23.870001,-133.770004,-81.900002,1770467788.764525
2.70960048,4.72025808,1.32607656,30.309999,-155.190002,-53.48,1770467788.7725
2.08486044,3.3032232,2.6617276800000003,32.200001,-154.630005,-26.809999,1770467788.780572
2.3577354,3.1260938400000002,3.66705648,35.98,-140.699997,-7.28,1770467788.788519
2.67130224,3.1260938400000002,5.165475120000001,44.310001,-105.910004,1.68,1770467788.796519
2.8484316,3.45641616,7.659648000000001,52.009998,-48.790001,10.01,1770467788.804506
3.0399228000000003,4.22956188,10.95329664,53.619999,14.07,17.219999,1770467788.812501
2.85321888,4.73701356,14.03151768,45.220001,71.330002,25.200001,1770467788.820576
1.6492179599999999,3.9566869200000006,16.85361924,35.700001,113.050003,30.309999,1770467788.828518
-1.73299536,2.23326612,19.3166748,35.560001,149.729996,24.08,1770467788.836496
-5.44074372,1.19203272,19.15151364,47.669998,179.270004,16.73,1770467788.844543
-9.79956216,-1.10825532,19.15630092,47.529999,192.710007,19.67,1770467788.852509
-12.525918120000002,-3.36545784,19.5201342,35.07,172.270004,12.53,1770467788.860511
-13.24161648,-3.45641616,18.991139760000003,31.219999,127.959999,3.5,1770467788.868515
-14.68258776,-3.5497681200000004,18.11506752,17.08,69.860001,-3.78,1770467788.876634
-15.07275108,-3.56412996,16.575957,-0.91,7.07,-18.129999,1770467788.8845
-14.311573560000001,-3.82743036,14.900409,-17.360001,-49.490002,-30.73,1770467788.892503
-12.28655412,-3.77237664,13.009433400000002,-31.99,-97.790001,-43.959999,1770467788.900518
-9.73254024,-3.6862056,11.357821800000002,-34.860001,-130.970001,-60.830002,1770467788.908543
-7.04448252,-3.20987124,10.04850072,-35.91,-151.550003,-66.639999,1770467788.916618
-4.5981824399999995,-2.14709508,8.851680720000001,-33.25,-164.5,-71.120003,1770467788.924505
-2.5492266,-1.2063945600000001,7.669222560000001,-28.559999,-170.449997,-66.290001,1770467788.932503
-0.7539966,-0.2273958,6.81948036,-23.66,-173.179993,-53.48,1770467788.940492
0.41888700000000006,0.41649336000000003,5.70643776,-12.67,-169.610001,-45.990002,1770467788.948496
1.4577267600000001,0.49787712,4.66520436,-10.78,-164.009995,-41.860001,1770467788.95654
2.0681049600000003,1.1489472,3.4612034400000002,-2.03,-156.869995,-44.169998,1770467788.964614
3.6455137200000003,2.2859262,2.2739580000000004,14.77,-159.740005,-12.39,1770467788.972808
3.6838119600000003,1.93166748,1.3117147200000001,25.83,-148.399994,-0.63,1770467788.981302
3.5521617599999997,1.9029438000000003,0.0,28.209999,-139.860001,1.47,1770467788.988932
3.5665236,1.8502837200000002,-0.87846588,31.780001,-121.800003,1.82,1770467788.996526
3.5880663600000005,1.7425699200000002,-0.9383068800000001,36.889999,-93.309998,0.63,1770467789.004578
3.74125932,1.6994844000000002,-0.15079932000000001,35.77,-57.470001,-1.89,1770467789.012504
4.10748624,1.5367168800000002,1.2399055200000002,35.419998,-15.05,-4.48,1770467789.020515
4.50483048,1.4601204,3.0447100799999998,36.889999,32.549999,-8.47,1770467789.028522
4.78728,1.58698332,5.347391760000001,38.779999,81.970001,-9.03,1770467789.036512
4.7824927200000005,2.10400956,7.618956120000001,42.139999,129.360001,-11.55,1770467789.044507
4.40190396,2.4798110400000004,9.507538080000002,42.77,173.389999,-11.97,1770467789.052527
3.7628020800000006,2.40082092,11.487078360000002,43.470001,211.679993,-9.73,1770467789.060497
2.70960048,1.6468243200000001,13.13390268,42.560001,239.050003,-14.42,1770467789.068508
1.18006452,0.8377740000000001,16.17621912,32.48,249.619995,-10.01,1770467789.076634
-1.15373448,-0.81623124,20.36748276,23.1,247.800003,-6.37,1770467789.084504
-4.13142264,-3.1237002,24.55635276,45.990002,225.190002,15.19,1770467789.092496
-9.3471642,-3.8346112800000003,25.2050292,59.080002,179.970001,33.25,1770467789.100502
-11.522982960000002,-3.7268974800000003,23.35953276,42.77,130.830002,-0.28,1770467789.108645
-12.22671312,-3.5569490400000006,19.630241639999998,24.85,91.279999,-9.73,1770467789.116494
-12.26022408,-3.44444796,16.755480000000002,9.24,67.760002,-21.209999,1770467789.124497
-12.061551960000001,-3.22662672,15.051208320000002,-0.98,57.049999,-36.470001,1770467789.132496
-11.8365498,-2.5779502800000005,13.583907000000002,-15.4,53.060001,-45.639999,1770467789.140487
-11.59239852,-1.70666532,11.44878012,-23.24,49.279999,-57.189999,1770467789.148503
-11.341066320000001,-0.96224328,8.7248178,-28.98,40.32,-68.529999,1770467789.156562
-10.886274720000001,-0.37819512000000005,6.343146,-32.689999,26.040001,-85.400002,1770467789.164496
-10.467387720000001,0.6702192000000001,4.68914076,-24.57,7.28,-101.080002,1770467789.172504
-8.89715988,0.28244952,3.67663104,-15.12,-10.29,-110.32,1770467789.180494
-7.7865109200000004,0.6654319200000001,2.88912348,-3.78,-26.67,-126.559998,1770467789.188498
-6.470008920000001,1.2327246,2.25959616,10.99,-42.349998,-123.339996,1770467789.196495
-5.08169772,1.9627848,1.9388484000000001,24.780001,-58.029999,-133.979996,1770467789.204534
-3.94711236,2.7598669200000003,1.9508166000000002,29.75,-77.910004,-126.349998,1770467789.212505
-2.94657084,3.2840740800000003,2.26677708,26.530001,-100.660004,-130.479996,1770467789.220495
-1.32368292,4.40669124,2.3290117200000005,28.91,-124.110001,-121.730003,1770467789.228507
0.7659648,6.242613120000001,2.5013538,31.780001,-146.860001,-105.699997,1770467789.236488
1.2327246,6.2593686,2.21172336,31.99,-170.520004,-82.110001,1770467789.244493
1.8024109200000002,6.077451959999999,2.3098626,26.530001,-176.889999,-59.57,1770467789.252793
2.17342512,5.45989284,2.3002880400000003,21.280001,-166.740005,-36.889999,1770467789.260506
2.7646542000000003,4.75616268,2.5540138800000003,23.52,-142.449997,-11.62,1770467789.268485
3.3439150800000004,4.02370884,3.22662672,30.24,-102.760002,-4.55,1770467789.276496
3.76758936,3.4229052,4.89978108,41.509998,-47.669998,10.92,1770467789.284481
3.9590805600000003,2.9800818000000002,7.501667760000001,51.240002,22.120001,14.21,1770467789.292496
4.009347,2.6210358,10.58946336,56.209999,96.949997,25.969999,1770467789.300511
3.5018953200000005,1.6420370400000002,14.562905760000001,53.970001,159.740005,22.68,1770467789.308507
0.95506236,-0.37340784000000005,17.43048648,59.290001,210.910004,25.48,1770467789.316564
-3.31758504,-1.2231500400000002,19.27598292,86.940002,250.039993,30.59,1770467789.324499
-10.694783520000001,-2.44390644,19.70923176,98.07,272.790009,37.52,1770467789.332504
-13.612630680000002,-4.70110896,20.22386436,72.519997,264.25,4.69,1770467789.340537
-16.02302616,-5.163081480000001,19.6039116,61.459999,200.479996,14.0,1770467789.348508
-17.7249042,-5.2899444,18.3831552,40.25,119.489998,4.62,1770467789.356644
-18.75656304,-5.43835008,16.4921796,13.3,28.0,-7.63,1770467789.364497
-18.19645128,-5.59154304,14.6251404,-8.47,-56.209999,-28.91,1770467789.372523
-15.970366080000002,-5.469467400000001,13.09799808,-25.41,-119.769997,-51.59,1770467789.380501
-12.717409320000002,-5.277976200000001,12.181233960000002,-31.57,-163.520004,-71.889999,1770467789.388507
-9.84264768,-4.394723040000001,11.09691504,-35.98,-189.630005,-90.790001,1770467789.396532
-7.2527292,-3.20269032,10.26153468,-38.639999,-196.559998,-100.730003,1770467789.404604
-4.84233372,-1.98193392,9.404611560000001,-36.889999,-193.899994,-105.139999,1770467789.412499
-2.7838033200000005,-0.5864418,8.29874988,-29.33,-189.839996,-100.449997,1770467789.420649
-1.0053288,0.58165452,7.19049456,-19.879999,-183.330002,-95.410004,1770467789.428508
-0.07420284,1.25426736,6.039153720000001,-11.48,-175.839996,-85.400002,1770467789.436496
0.538569,1.33565112,4.80164184,-6.65,-165.970001,-82.459999,1770467789.444502
1.6157070000000002,2.9393899200000004,3.16199844,4.9,-162.399994,-74.269997,1770467789.45252
3.0303482400000004,3.28168044,2.3649163200000003,20.790001,-161.559998,-41.790001,1770467789.460526
3.72450384,3.4468416000000004,2.09204136,19.530001,-151.059998,-26.25,1770467789.468594
4.009347,3.2960422800000004,1.3524066000000001,15.96,-131.740005,-22.889999,1770467789.476526
4.32530748,2.75507964,0.3710142,16.870001,-102.620003,-15.26,1770467789.484501
4.60536336,1.9173056400000001,-0.41649336000000003,24.01,-65.449997,-11.2,1770467789.492501
5.28755076,0.56489904,-0.12925656000000002,35.0,-9.03,-7.63,1770467789.5005
5.6154794400000005,0.13643748,0.23697036000000002,53.970001,58.310001,-10.71,1770467789.508529
5.82372612,0.33271596000000003,1.24948008,65.519997,120.540001,-10.57,1770467789.516514
6.4029869999999995,0.41649336000000003,3.2433822000000005,72.800003,176.470001,-8.61,1770467789.524513
6.41256156,1.0723507200000002,5.5388829600000005,77.559998,229.600006,-5.25,1770467789.532491
6.43410432,0.8090503200000001,7.72427628,81.410004,295.049988,9.03,1770467789.540501
4.7992482,2.55162024,8.18385516,75.389999,331.450012,2.52,1770467789.54853
3.62157732,3.7580147999999998,10.110735360000001,65.099998,339.149994,-8.19,1770467789.556622
1.3045338,3.3032232,12.940017840000001,55.650002,335.929993,-12.88,1770467789.564498
-1.0986807600000001,0.0,15.9057378,48.509998,337.890015,-13.79,1770467789.572511
-4.15775268,-2.1447014400000004,17.875703520000002,36.470001,320.880005,-0.42,1770467789.580499
-8.451942840000001,-1.9268802000000003,17.47117836,28.84,242.130005,22.82,1770467789.588537
-17.44245468,-5.01946308,19.881573839999998,12.81,152.389999,19.459999,1770467789.59656
-22.51697148,0.045479160000000005,15.886588680000001,-5.67,15.19,18.48,1770467789.604509
-17.86373532,-4.35403116,12.7102284,36.959999,-25.27,-0.98,1770467789.612501
-17.5214448,-4.41387216,14.06502864,52.849998,-79.800003,62.790001,1770467789.620524
-14.687375040000001,-2.70720684,14.85492984,139.860001,20.51,-71.82,1770467789.628555
-12.08309472,-4.849514640000001,12.45650256,73.43,20.299999,-84.489998,1770467789.636497
-11.65223952,-4.1409972,10.7953164,79.379997,22.4,71.120003,1770467789.644505
-12.087882,-3.0638592,9.256205880000001,53.970001,40.529999,-111.300003,1770467789.652554
-11.752772400000001,-1.8502837200000002,7.67640348,52.009998,47.110001,4.55,1770467789.660513
-11.21180976,-0.7851139200000001,6.43171068,56.91,42.279999,-80.220001,1770467789.6685
-10.931753879999999,0.5481435600000001,5.28755076,57.470001,27.02,-25.34,1770467789.676502
-10.57031424,1.75693176,4.59339516,53.759998,3.64,-68.389999,1770467789.684521
-10.125097199999999,2.8388570399999997,4.42344672,49.630001,-17.92,-45.919998,1770467789.692637
-9.694242000000001,3.59524728,4.667598,40.810001,-34.02,-50.049999,1770467789.700499
-8.856468000000001,4.18408272,4.7154708,29.33,-47.040001,-68.949997,1770467789.708526
-7.707520800000001,4.191263640000001,4.05243252,21.91,-53.41,-28.629999,1770467789.7165
-6.967886040000001,4.794460920000001,3.1404556800000005,11.97,-69.790001,-51.450001,1770467789.724544
-5.349785400000001,3.8465794800000004,1.98432756,-1.75,-104.790001,-25.549999,1770467789.732519
-3.66705648,3.0159864,0.9766051200000001,-10.22,-130.339996,-26.879999,1770467789.74051
-2.1159777600000003,2.66651496,0.05744736,-8.89,-147.279999,-24.85,1770467789.748513
-1.2063945600000001,3.13088112,-0.28484316,-2.87,-156.309998,-21.98,1770467789.756538
-0.25372584000000004,4.42105308,0.41649336000000003,4.9,-147.0,-29.610001,1770467789.764493
0.07899012000000001,5.677714079999999,2.2859262,2.24,-120.260002,-17.5,1770467789.772515
0.33271596000000003,6.788363040000001,4.78009908,-11.34,-84.349998,-17.15,1770467789.780521
0.50984532,8.71763688,7.4561886,-30.870001,-59.990002,-12.18,1770467789.788525
-0.45718524,9.10301292,10.728294479999999,-52.57,-36.119999,-16.379999,1770467789.796516
-1.8143791200000001,7.061238,12.53549268,-69.089996,-4.48,-17.92,1770467789.804592
-3.9854106000000002,4.07876256,12.916081440000001,-78.470001,30.1,-17.5,1770467789.812504
-6.3718696800000005,1.8311346,12.91129416,-75.110001,54.110001,-27.16,1770467789.820496
-8.13358872,0.05505372,12.40144884,-75.459999,50.959999,-24.219999,1770467789.828532
-9.134130240000001,-2.05134948,11.99931732,-72.519997,23.17,-17.01,1770467789.836519
-9.94318056,-3.86094132,11.91075264,-61.669998,-16.799999,-9.03,1770467789.844505
-10.096373520000002,-4.46174496,12.28655412,-49.07,-53.130001,-7.7,1770467789.852525
-9.361526040000001,-3.9806233200000003,12.657568320000001,-43.330002,-82.25,-3.57,1770467789.860652
-8.34422904,-3.8824840800000002,12.40862976,-44.450001,-89.599998,-1.75,1770467789.86852
-7.45858224,-3.74125932,11.561281200000002,-48.299999,-83.790001,9.45,1770467789.876524
-6.69501108,-3.61679004,10.2687156,-51.66,-70.769997,17.780001,1770467789.884503
-6.268943160000001,-3.53540628,8.99051184,-53.200001,-55.650002,30.030001,1770467789.8925
-6.288092280000001,-3.1213065600000003,7.84395828,-54.529999,-43.68,44.169998,1770467789.900501
-6.376656960000001,-2.3816718,7.2575164800000005,-55.299999,-33.110001,51.029999,1770467789.908638
-6.22825128,-1.496025,7.0133652,-61.599998,-31.43,58.869999,1770467789.916496
-5.842875240000001,-0.53378172,6.70697928,-69.580002,-34.299999,64.610001,1770467789.924503
-5.41680732,0.2513322,6.343146,-72.940002,-40.25,75.25,1770467789.932502
-5.27079528,0.9646369200000001,5.7926088,-83.440002,-42.700001,85.260002,1770467789.940618
-5.249252520000001,1.80480456,5.74234236,-93.449997,-50.119999,90.019997,1770467789.948548
-4.9428666,1.7593254,5.91468444,-98.769997,-49.700001,101.290001,1770467789.956587
-5.38808364,1.2877783200000001,5.206167,-102.199997,-62.23,100.309998,1770467789.964523
-4.8806319600000005,0.23218308000000001,4.938079320000001,-87.57,-70.910004,103.739998,1770467789.972622
-4.2247746,-0.52181352,4.1553590400000004,-66.290001,-75.110001,92.68,1770467789.981313
-3.37981968,-0.7611775199999999,3.56412996,-46.759998,-77.980003,81.760002,1770467789.988616
-2.66412132,-0.17473572,4.0691880000000005,-30.940001,-81.900002,72.870003,1770467789.996552
-1.8694328400000002,-0.01436184,5.648990400000001,-26.6,-86.449997,60.200001,1770467790.004529
-1.0149033600000001,0.5912290800000001,7.089961680000001,-27.299999,-92.330002,55.93,1770467790.012591
-0.33750324,0.9933606,7.85592648,-32.759998,-100.870003,48.93,1770467790.020485
0.07659648000000001,1.03165884,8.033055840000001,-33.810001,-103.459999,42.279999,1770467790.028496
0.052660080000000005,0.8832531600000001,8.39688912,-26.809999,-96.110001,35.84,1770467790.036485
-0.045479160000000005,0.30638592000000003,9.26099316,-21.139999,-76.650002,27.09,1770467790.044612
-0.12446928,-0.6438891600000001,10.17297,-19.879999,-52.919998,20.58,1770467790.052496
-0.15319296000000002,-1.58698332,11.01792492,-24.08,-26.879999,16.66,1770467790.060512
-0.30159864000000003,-1.91012472,11.79825156,-23.17,-1.05,9.45,1770467790.068495
-0.03111732,-3.0447100799999998,12.705441120000001,-19.879999,15.12,15.19,1770467790.076531
0.17952300000000002,-5.060154960000001,13.057306200000001,-15.96,26.950001,23.940001,1770467790.084505
-1.3739493600000001,-4.33727568,13.78976004,0.77,37.869999,37.450001,1770467790.092555
-2.75029236,-5.93383356,14.752003320000002,18.549999,53.830002,32.48,1770467790.100511
-3.051891,-6.1229311200000005,15.422222520000002,31.08,58.939999,31.99,1770467790.10854
-4.29179652,-5.91468444,16.6238298,40.25,52.779999,47.599998,1770467790.116583
-5.54606388,-4.535947800000001,16.4084022,52.639999,65.379997,72.309998,1770467790.124494
-6.81708672,-2.7359305199999997,15.7022784,49.0,68.529999,73.709999,1770467790.132495
-7.853532840000001,-0.88085952,13.978857600000001,41.299999,74.269997,93.800003,1770467790.140499
-8.542901160000001,0.70133652,11.15675604,31.43,80.5,87.010002,1770467790.148548
-8.75593512,2.0106576,8.585986680000001,23.870001,83.510002,92.959999,1770467790.156533
-9.047959200000001,2.48459832,6.958311480000001,17.360001,84.699997,94.989998,1770467790.164484
-9.49796352,2.48699196,5.72798052,7.0,84.489998,88.339996,1770467790.172501
-9.859403160000001,2.2380534,4.72025808,-5.53,80.57,85.889999,1770467790.180483
-10.115522640000002,2.4678428400000003,3.7436529600000004,-12.32,71.190002,75.110001,1770467790.188545
-9.883339560000001,2.27635164,3.0830083200000002,-10.57,59.5,69.300003,1770467790.196503
-9.59131548,2.6569404000000003,2.87715528,-11.13,39.27,54.740002,1770467790.204515
-9.01684188,2.78619696,2.96571996,-11.41,19.110001,55.509998,1770467790.212507
-8.2341216,3.26971224,3.1260938400000002,-16.799999,-3.36,43.68,1770467790.220494
-7.377198480000001,3.7340784,3.22662672,-19.530001,-28.280001,40.459999,1770467790.228507
-6.41974248,4.0213152,3.2433822000000005,-27.02,-54.25,36.049999,1770467790.23649
-5.4957974400000005,3.91838868,3.171573,-34.439999,-78.540001,31.15,1770467790.244495
-4.60536336,3.59524728,3.2481694800000005,-41.299999,-98.769997,31.709999,1770467790.252518
-3.7532275200000003,3.10694472,3.88009044,-48.790001,-111.019997,26.32,1770467790.260503
-3.0279546,2.8292824800000003,4.91174928,-55.02,-113.889999,31.57,1770467790.268489
-2.42715096,2.54683296,5.76388512,-60.41,-110.25,27.440001,1770467790.276497
-1.90055016,2.18778696,6.340752360000001,-63.419998,-100.800003,29.33,1770467790.284482
-1.61091972,1.7688999600000002,6.71655384,-62.299999,-89.599998,30.940001,1770467790.292496
-1.60613244,1.2231500400000002,6.97506696,-62.439999,-73.150002,39.130001,1770467790.300503
-1.90055016,0.32553504,7.5279978,-55.860001,-55.93,43.400002,1770467790.308541
-2.2835325600000003,-0.73724112,8.41603824,-53.34,-36.889999,44.73,1770467790.316511
-2.73832416,-1.70427168,9.65355012,-45.43,-16.59,47.529999,1770467790.324507
-3.2936486400000002,-2.5803439200000002,11.43681192,-32.130001,1.54,60.34,1770467790.332506
-4.90935564,-4.602969720000001,14.06981592,-29.33,17.99,64.120003,1770467790.340541
-4.9548348,-4.68435348,15.223550400000002,-25.969999,21.42,53.900002,1770467790.34851
-5.65617132,-5.31627444,16.0254198,-21.42,20.440001,58.66,1770467790.356741
-6.2091021600000005,-5.251646160000001,16.07089896,-19.67,10.64,56.419998,1770467790.364493
-6.577722720000001,-5.0505804,15.86743956,-18.129999,-2.1,53.48,1770467790.372566
-6.4149552,-4.70828988,15.237912240000002,-19.67,-14.84,49.0,1770467790.380614
-5.962557240000001,-4.18647636,14.42646828,-20.58,-21.35,35.700001,1770467790.388546
-5.263614360000001,-3.6383328,13.72273812,-24.08,-25.83,34.369999,1770467790.396498
-4.3612120800000005,-2.99683728,13.19853096,-26.32,-29.540001,28.77,1770467790.404499
-3.4947144000000003,-2.5851311999999997,12.7341648,-30.450001,-27.719999,29.889999,1770467790.412508
-2.74550508,-1.9747530000000002,12.1955958,-37.099998,-24.360001,35.77,1770467790.420517
-2.17342512,-1.35719388,11.499046560000002,-37.450001,-19.25,40.32,1770467790.42852
-1.8024109200000002,-0.5912290800000001,10.60143156,-38.57,-15.82,45.639999,1770467790.436497
-1.4194285199999999,-0.059841000000000005,9.545836320000001,-37.799999,-11.9,50.540001,1770467790.444502
-1.24708644,0.48590892,8.174280600000001,-32.689999,-10.15,55.509998,1770467790.452605
-1.05080796,1.14415992,6.82426764,-29.889999,-9.03,57.75,1770467790.460515
-0.96703056,1.74017628,5.71361868,-25.969999,-14.98,57.959999,1770467790.468511
-0.84495492,2.39603364,5.01946308,-27.790001,-21.35,55.369999,1770467790.476487
-0.7180920000000001,2.96332632,4.667598,-29.68,-27.02,55.02,1770467790.484506
-0.6103782,3.2960422800000004,4.75855632,-31.219999,-29.190001,51.939999,1770467790.49263
-0.6008036400000001,3.32237232,4.9548348,-34.439999,-29.120001,46.970001,1770467790.500497
-0.36143964000000006,3.25295676,4.8830256,-29.540001,-27.02,36.470001,1770467790.508514
0.6008036400000001,4.53116052,4.0045597200000005,-16.799999,-23.379999,47.040001,1770467790.516503
0.91676412,4.4258403600000005,3.6981738,1.19,-31.92,59.43,1770467790.524542
0.9119768400000001,4.37796756,3.4468416000000004,12.67,-36.889999,58.59,1770467790.532499
0.9598496400000001,4.277434680000001,3.71732292,18.34,-33.18,57.049999,1770467790.540502
1.18963908,4.0332834,4.607757,25.129999,-22.120001,51.029999,1770467790.54851
1.38113028,3.77955756,5.9003226,28.98,-0.56,49.560001,1770467790.556497
1.41703488,3.30561684,7.717095360000001,29.4,28.77,44.380001,1770467790.564515
1.33565112,2.79577152,9.687061080000001,28.98,59.5,45.5,1770467790.572528
0.99096696,2.0298067200000003,11.50383384,25.200001,89.599998,44.73,1770467790.580505
0.39255696000000007,1.10586168,12.913687800000002,21.77,117.25,40.810001,1770467790.588532
-0.5026644,0.045479160000000005,14.40492552,21.35,132.860001,45.080002,1770467790.596496
-1.8526773600000002,-1.2231500400000002,16.37728488,23.17,139.860001,49.560001,1770467790.604607
-3.2960422800000004,-1.8071982,18.471719880000002,31.709999,132.649994,59.849998,1770467790.612662
-6.01043004,-2.0681049600000003,20.16162972,31.290001,120.959999,69.160004,1770467790.620496
-7.3484748,-2.0824668,19.828913760000002,26.18,120.050003,74.900002,1770467790.628516
-8.60752944,-3.61200276,18.68475384,12.11,112.07,55.16,1770467790.636494
-8.7128496,-4.50722412,17.174367,5.53,110.529999,48.650002,1770467790.6445
-9.66551832,-3.4827462000000002,15.005729160000001,-3.57,109.970001,51.66,1770467790.652566
-9.780413040000001,-4.14578448,13.911835680000001,-16.030001,111.860001,50.049999,1770467790.660511
-10.40515308,-3.1955093999999997,11.45596104,-23.66,109.830002,43.400002,1770467790.668616
-10.82882736,-2.20693608,9.09822564,-29.120001,108.150002,35.98,1770467790.676533
-10.84558284,-1.03165884,7.0420888800000006,-28.35,98.419998,35.490002,1770467790.684502
-10.938934800000002,0.5601117600000001,5.543670240000001,-25.690001,78.959999,30.66,1770467790.692499
-10.39797216,1.04602068,5.2037733600000005,-22.540001,51.52,30.030001,1770467790.700499
-9.79956216,1.47687588,4.784886360000001,-17.92,22.33,29.68,1770467790.708501
-9.035991000000001,1.86225192,4.3564248,-14.91,-2.59,25.41,1770467790.716547
-8.04981132,2.10879684,3.9495060000000004,-10.64,-23.940001,19.459999,1770467790.724515
-7.1330472,2.3457672,3.64312008,-11.2,-39.689999,16.799999,1770467790.732503
-6.278517720000001,2.6569404000000003,3.2960422800000004,-10.43,-48.23,14.42,1770467790.740505
-5.51015928,3.07104012,2.81731428,-14.0,-55.23,12.6,1770467790.749073
-4.88781288,3.3367341600000002,2.27156436,-16.1,-62.439999,10.57,1770467790.757345
-4.56945876,3.410937,2.04416856,-21.35,-67.129997,10.36,1770467790.764498
-4.30376472,3.30801048,2.0417749200000004,-25.200001,-76.300003,2.24,1770467790.772532
-2.4032145600000003,4.3396693200000005,1.70187804,-21.77,-88.550003,27.860001,1770467790.780495
-2.49896016,3.22183944,2.10161592,-18.129999,-109.550003,32.48,1770467790.788498
-2.09682864,2.64018492,2.5228965600000004,-14.91,-123.970001,40.18,1770467790.796531
-1.75693176,2.0561367600000002,3.6598755600000006,-6.79,-126.419998,41.09,1770467790.804589
-1.9986894000000002,2.4774174,5.32824264,-3.57,-114.870003,41.439999,1770467790.812503
-2.33140536,2.90587896,7.56629604,-10.22,-90.720001,31.92,1770467790.820499
-2.94896448,3.45641616,9.792381240000001,-18.129999,-53.900002,28.629999,1770467790.828526
-3.97822968,3.171573,11.64984588,-24.85,-19.67,19.459999,1770467790.836497
-5.64420312,2.07528588,13.41874584,-29.68,8.82,13.16,1770467790.844505
-7.65246708,0.71330472,14.842961640000002,-20.02,22.75,13.51,1770467790.85261
-9.749295720000001,-0.8258058,15.74536392,-14.21,23.309999,22.4,1770467790.860512
-10.093979880000001,-1.08431892,16.520903280000002,-16.52,7.21,28.42,1770467790.868524
-10.57510152,-2.7598669200000003,17.20309068,-29.33,-18.549999,22.889999,1770467790.876546
-8.91870264,-3.5808854400000003,17.272506240000002,-33.459999,-47.950001,16.450001,1770467790.884505
-7.9349166,-4.51919232,16.98766308,-32.900002,-69.860001,12.81,1770467790.892502
-6.788363040000001,-4.9428666,16.62622344,-34.23,-83.93,11.13,1770467790.900581
-5.54845752,-5.23489068,16.08047352,-35.419998,-93.099998,5.67,1770467790.908529
-4.2247746,-5.0529740400000005,14.783120640000002,-42.209999,-98.349998,6.23,1770467790.916504
-2.8364634000000004,-4.55030964,13.00703976,-41.650002,-99.470001,9.66,1770467790.924504
-1.71863352,-3.52343808,10.725900840000001,-40.740002,-103.949997,18.83,1770467790.932503
-0.8377740000000001,-2.1423078,8.31550536,-39.970001,-105.980003,31.709999,1770467790.940526
-0.15319296000000002,-0.6103782,6.20670852,-33.110001,-109.550003,44.939999,1770467790.94854
0.28005588000000003,0.39734424,4.806429120000001,-27.790001,-114.029999,55.509998,1770467790.956506
0.6343146,1.21836276,3.92317596,-23.379999,-113.540001,54.880001,1770467790.964516
0.9454878,1.94602932,3.3750324000000003,-17.43,-111.089996,56.349998,1770467790.97279
1.1585217600000002,2.4343318800000002,3.05667828,-15.33,-103.389999,53.27,1770467790.980784
1.07474436,2.6569404000000003,2.69045136,-14.35,-89.529999,42.560001,1770467790.988743
1.69230348,2.94896448,2.18299968,-6.79,-78.470001,34.16,1770467790.996566
1.84070916,4.03567704,1.71384624,10.64,-68.25,53.830002,1770467791.004546
1.855071,3.94711236,1.48645044,21.91,-54.110001,57.540001,1770467791.012482
1.50320592,3.82743036,1.3428320400000002,34.509998,-35.279999,49.98,1770467791.020498
1.33565112,3.9136014000000006,1.9867212,45.639999,-13.23,44.310001,1770467791.029097
1.31889564,4.016527920000001,3.61679004,50.189999,10.85,31.92,1770467791.036488
1.46251404,4.53355416,5.30669988,49.07,37.52,19.809999,1770467791.044502
1.45293948,4.58142696,7.15458996,57.119999,73.220001,21.559999,1770467791.052502
1.49841864,3.67902468,9.56737908,53.759998,102.059998,11.27,1770467791.060632
1.2399055200000002,3.64312008,11.64027132,44.66,122.57,3.36,1770467791.068505
0.34468416,2.7359305199999997,13.61741796,38.849998,141.050003,7.21,1770467791.076503
-0.9071895600000001,2.11358412,15.57541548,20.860001,146.860001,11.27,1770467791.084505
-2.2260852000000004,0.9095832,17.844586200000002,4.9,140.699997,12.53,1770467791.092526
-3.2242330800000003,-0.6008036400000001,19.61348616,-8.12,123.830002,16.66,1770467791.100499
-4.21759368,-2.5228965600000004,21.214831320000002,-6.3,98.980003,21.0,1770467791.108579
-5.7327678,-4.6556298,22.25367108,-7.91,90.860001,31.219999,1770467791.116503
-6.86495952,-6.92719416,21.11669208,-16.030001,69.720001,-5.46,1770467791.124502
-6.81708672,-6.83862948,18.72065844,-10.85,59.849998,-14.07,1770467791.132499
-6.55378632,-5.69446956,16.41318948,-9.87,59.080002,-6.51,1770467791.140498
-6.556179960000001,-4.3923294,14.359446360000002,-11.55,62.790001,-0.84,1770467791.148497
-6.762033000000001,-3.00162456,12.02086008,-15.89,68.040001,2.73,1770467791.156513
-6.96070512,-1.50320592,9.873765,-21.0,73.779999,4.55,1770467791.164527
-7.01575884,-0.02872368,8.03544948,-21.280001,75.110001,6.44,1770467791.172499
-6.81708672,1.17527724,6.72134112,-21.559999,71.889999,-0.84,1770467791.180498
-6.6303828000000005,2.07289224,5.72798052,-17.92,62.93,-3.43,1770467791.188539
-6.438891600000001,2.5109283600000003,4.78728,-16.52,49.98,-3.08,1770467791.196579
-6.1157502,2.71917504,3.88727136,-18.549999,34.509998,-2.8,1770467791.204491
-5.550851160000001,2.85082524,3.0638592,-16.450001,19.18,-0.28,1770467791.212495
-4.938079320000001,2.99683728,2.5827375600000004,-15.75,2.94,-1.89,1770467791.220495
-4.440202200000001,3.2314140000000005,2.2500216,-13.23,-11.13,-2.17,1770467791.228561
-3.9255696,3.4229052,1.95799752,-12.88,-23.379999,-4.9,1770467791.236513
-3.2792868000000004,3.58327908,1.7497508400000001,-14.91,-36.119999,-5.32,1770467791.244597
-2.8292824800000003,3.4971080400000005,1.7760808799999999,-23.52,-45.150002,-6.16,1770467791.252493
-2.3457672,3.1452429600000005,2.02741308,-28.0,-56.209999,-17.01,1770467791.260654
-0.9071895600000001,3.34152144,2.1710314800000003,-27.58,-56.77,-0.28,1770467791.268493
-0.93112596,2.36012904,2.7478987200000002,-15.12,-55.439999,18.48,1770467791.276497
-0.9526687200000001,1.82874096,3.9854106000000002,-7.49,-47.529999,25.200001,1770467791.284487
-1.4481522,1.46490768,6.043941,-0.63,-25.129999,23.799999,1770467791.292498
-2.1159777600000003,1.17048996,8.62667856,2.24,16.940001,19.32,1770467791.300573
-2.8292824800000003,0.77553936,10.914998400000002,2.45,59.290001,7.42,1770467791.308544
-4.289402880000001,0.33750324,12.4229916,5.67,93.379997,1.12,1770467791.316499
-6.680649240000001,-0.59362272,14.32114812,16.799999,116.410004,-1.26,1770467791.324509
-8.94742632,-1.91012472,15.72142752,32.48,124.809998,2.73,1770467791.332503
-12.39187428,-3.9566869200000006,15.97275972,42.84,118.650002,-6.09,1770467791.340547
-13.14587088,-5.06494224,16.7674482,49.77,94.989998,-0.91,1770467791.348635
-12.4948008,-5.780640600000001,17.1504306,44.869999,59.5,6.65,1770467791.356498
-11.6570268,-6.0559092,17.21266524,31.219999,19.74,13.3,1770467791.364511
-10.742656320000002,-5.866811640000001,16.75069272,14.63,-19.809999,27.02,1770467791.3726
-9.62482644,-5.12717688,15.59217096,-6.23,-45.990002,29.190001,1770467791.380554
-8.260451640000001,-4.2965838,14.268488040000001,-23.309999,-65.940002,35.490002,1770467791.388519
-6.74288388,-3.65748192,12.506769,-37.52,-80.080002,42.0,1770467791.396508
-5.3761154399999995,-2.6330040000000006,10.232811,-50.330002,-91.629997,44.169998,1770467791.404493
-4.31573292,-1.22793732,7.77214908,-51.869999,-98.209999,50.119999,1770467791.412537
-3.19072212,0.39973788,5.579574840000001,-52.080002,-101.919998,56.279999,1770467791.420512
-2.23565976,2.1207650399999998,3.9016332000000005,-40.599998,-104.580002,54.459999,1770467791.428519
-1.5965578800000002,3.5425872000000003,3.0303482400000004,-28.98,-107.309998,50.540001,1770467791.436485
-1.1369790000000002,4.9763775599999995,2.6330040000000006,-19.040001,-111.650002,31.43,1770467791.444507
-0.045479160000000005,6.3072414,2.50614108,-12.67,-102.620003,21.49,1770467791.452506
1.077138,9.02162916,2.31464988,0.21,-108.639999,50.330002,1770467791.460553
0.9335196,9.13652388,2.2835325600000003,-1.89,-102.199997,57.889999,1770467791.468499
0.7420284,9.00966096,1.4936313600000002,-12.67,-91.209999,53.48,1770467791.476502
0.91676412,8.19582336,0.7396347600000001,-20.09,-81.760002,45.150002,1770467791.484521
1.29495924,6.8577786000000005,0.81862488,-21.42,-70.769997,33.18,1770467791.492491
1.76171904,5.06494224,2.09922228,-15.75,-51.099998,20.93,1770467791.500504
2.1375205200000003,3.26492496,4.43062764,-5.04,-17.360001,9.66,1770467791.508507
2.573163,1.5438978,7.33411296,7.63,24.15,5.18,1770467791.516505
2.65454676,-0.23697036000000002,10.2208428,19.32,72.449997,-3.43,1770467791.524516
2.4032145600000003,-2.11358412,12.552248160000001,30.1,114.099998,-5.46,1770467791.532499
1.60613244,-3.57131088,14.292424440000001,43.119999,147.699997,-3.78,1770467791.540534
1.20400092,-4.57424604,16.23606012,56.349998,168.0,10.36,1770467791.548513
-0.9574560000000001,-4.62451248,18.65363652,60.619999,179.619995,27.23,1770467791.556501
-2.33619264,-6.09660108,21.865901400000002,49.419998,175.0,51.099998,1770467791.564506
-5.2899444,-8.14555692,23.869378080000004,30.1,165.410004,44.59,1770467791.572583
-7.19049456,-7.8176282399999995,21.38238612,15.19,151.619995,49.419998,1770467791.580492
-8.624284920000001,-6.39341244,17.720116920000002,-0.56,139.929993,48.790001,1770467791.588513
-9.56019816,-4.70828988,15.08471928,-13.23,126.699997,40.529999,1770467791.596619
-10.26153468,-2.96093268,13.4283204,-28.77,115.290001,37.66,1770467791.604509
-10.82643372,-0.7922948400000001,12.2434686,-43.75,104.720001,24.360001,1770467791.612498
-10.80010368,1.29735288,10.931753879999999,-59.849998,92.610001,12.95,1770467791.620499
-9.935999640000002,3.1763602800000004,9.024022800000001,-63.07,74.760002,-1.12,1770467791.62851
-8.55247572,4.2965838,7.006184280000001,-57.889999,49.209999,-8.47,1770467791.636644
-7.302995640000001,4.44259584,5.45031828,-47.25,22.120001,-18.48,1770467791.644496
-6.4580407200000005,4.751375400000001,4.1649336,-34.09,1.96,-32.200001,1770467791.652498
-5.28036984,4.9308984,3.51625716,-27.23,-9.45,-35.91,1770467791.660853
-3.6838119600000003,5.639415840000001,2.72396232,-17.57,-21.139999,-18.41,1770467791.668605
-3.15481752,5.3234553600000005,2.3768845200000004,-20.299999,-30.24,-20.93,1770467791.676527
-2.7694414800000002,5.11281504,2.0896477200000003,-26.530001,-34.09,-20.02,1770467791.684505
-2.3984272800000004,4.9452602400000005,1.83352824,-32.970001,-35.139999,-23.309999,1770467791.692503
-2.0704986,4.602969720000001,1.41703488,-41.860001,-34.16,-22.049999,1770467791.700499
-1.6875162000000001,3.7340784,1.10346804,-45.779999,-35.560001,-24.43,1770467791.708644
-1.3883112000000002,2.44869372,1.1250108,-44.450001,-32.549999,-17.01,1770467791.7165
-1.1728836,1.12740444,1.5941642400000002,-40.740002,-25.76,-12.46,1770467791.724513
-1.1992136400000002,-0.04308552,2.33858628,-32.41,-16.870001,-1.4,1770467791.7325
-1.36198116,-1.0986807600000001,2.9705072400000003,-25.690001,-3.36,7.14,1770467791.740585
-1.7832618,-2.33858628,3.91838868,-8.54,10.5,11.48,1770467791.748522
-2.45587464,-2.9896563600000006,5.29233804,11.48,35.419998,30.940001,1770467791.7565
-5.9841,-6.0583028400000005,8.34901632,26.110001,72.730003,25.620001,1770467791.764513
-6.896076840000001,-5.869205280000001,11.36500272,39.970001,101.43,5.88,1770467791.772515
-10.127490840000002,-6.40538064,14.742428760000001,56.419998,131.529999,3.85,1770467791.780509
-13.9070484,-6.491551680000001,15.40786068,69.300003,137.479996,-0.84,1770467791.78849
-17.10734508,-6.2091021600000005,13.05251892,64.540001,119.279999,-1.19,1770467791.796475
-18.818797680000003,-6.96070512,11.42723736,54.529999,82.25,-2.45,1770467791.80453
-19.30710024,-7.44900768,11.04186132,52.990002,29.889999,0.7,1770467791.812505
-18.560284560000003,-7.22400552,11.302768080000002,46.41,-33.459999,3.22,1770467791.820537
-15.93206784,-6.41734884,12.67193016,34.720001,-97.440002,9.03,1770467791.828527
-12.801186720000002,-5.00749488,13.607843400000002,15.33,-159.389999,20.58,1770467791.836496
-10.18972548,-3.38460696,14.23976436,-3.01,-208.110001,27.09,1770467791.844501
-7.370017560000001,-1.98432756,13.792153680000002,-20.860001,-242.619995,29.540001,1770467791.852505
-4.55030964,-0.45239796,11.956231800000001,-35.419998,-264.600006,41.580002,1770467791.860607
-2.24762796,1.06995708,9.38785608,-38.779999,-282.170013,46.48,1770467791.868508
-0.14122476,1.52953596,7.3365066,-41.299999,-293.089996,50.889999,1770467791.876535
0.7731457199999999,1.9532102400000002,5.70165048,-39.130001,-290.5,47.32,1770467791.884504
1.26623556,2.9944436400000005,4.40669124,-33.810001,-278.529999,38.220001,1770467791.892499
2.72396232,4.1769018,3.7316847600000003,-31.360001,-272.160004,13.3,1770467791.900502
4.17211452,6.31442232,3.32476596,-17.01,-261.730011,24.290001,1770467791.908567
5.17504968,7.1689518,3.05667828,-19.110001,-244.649994,31.92,1770467791.91651
5.785427880000001,7.918161120000001,2.1423078,-23.24,-223.860001,19.110001,1770467791.924507
6.41974248,8.09289684,1.38113028,-18.9,-195.089996,21.35,1770467791.932509
7.381985760000001,7.96842756,1.2590546400000002,-12.32,-157.009995,14.07,1770467791.940626
8.3538036,7.67640348,1.95799752,2.8,-109.900002,8.19,1770467791.948569
9.11498112,7.8631074000000005,3.00880548,14.77,-53.689999,6.37,1770467791.956499
9.46445256,8.14076964,4.51440504,23.1,11.55,-2.73,1770467791.964516
9.4189734,7.8846501600000005,6.73570296,21.77,81.480003,-2.87,1770467791.972784
8.985724560000001,6.75724572,8.07135408,17.780001,147.070007,-8.19,1770467791.980756
7.94209752,5.143932360000001,9.64876284,14.98,212.520004,-6.93,1770467791.988678
7.09474896,3.57131088,11.149575120000002,14.84,272.160004,-7.49,1770467791.996525
5.66574588,1.5151741200000002,14.10572052,23.17,326.480011,-9.59,1770467792.004514
3.54019356,-0.31835412,18.23235588,41.23,379.890015,-6.93,1770467792.012496
0.60559092,-2.05374312,22.955007600000002,66.080002,421.119995,1.75,1770467792.020643
-3.3630642,-1.80959184,25.322317560000002,73.220001,421.190002,18.76,1770467792.028523
-6.95113056,-1.3907048400000002,24.300233280000004,51.169998,372.119995,41.439999,1770467792.036494
-11.137606920000001,-2.58991848,20.120937840000003,14.91,326.899994,49.77,1770467792.044505
-13.799334600000002,-6.62320188,16.307869320000002,-20.02,269.149994,23.309999,1770467792.052502
-15.11823024,-8.32029264,12.501981720000002,-46.549999,217.350006,8.12,1770467792.060517
-15.28578504,-9.46923984,9.459665280000001,-59.779999,162.820007,-8.96,1770467792.068511
-14.943494520000002,-9.73972116,7.417890360000001,-66.43,117.949997,-23.66,1770467792.076502
-13.91422932,-9.349557840000001,6.36947604,-62.509998,75.739998,-43.610001,1770467792.08449
-12.33442692,-8.22694068,5.84766252,-51.869999,38.5,-50.119999,1770467792.092495
-10.510473240000001,-6.680649240000001,5.783034240000001,-38.919998,2.87,-59.290001,1770467792.100486
-8.81338248,-4.72025808,5.48861652,-23.59,-27.02,-62.16,1770467792.108519
-7.18092,-2.82210156,4.950047520000001,-12.81,-53.41,-64.260002,1770467792.116505
-5.8524498000000005,-1.31410836,4.277434680000001,-9.73,-71.540001,-71.330002,1770467792.124502
-4.741800840000001,-0.15319296000000002,3.6742374,-8.96,-84.139999,-67.410004,1770467792.132502
-3.769983,0.8018694,2.95135812,-13.23,-89.879997,-72.449997,1770467792.140493
-3.2314140000000005,1.7090589600000001,2.24762796,-18.34,-91.489998,-71.82,1770467792.148495
-2.54683296,2.32422444,1.8478900800000002,-17.780001,-86.449997,-71.260002,1770467792.156494
-1.99390212,2.08007316,1.76171904,-12.88,-73.43,-69.019997,1770467792.164538
-1.39549212,1.8143791200000001,1.74017628,-3.22,-54.32,-55.439999,1770467792.172498
-0.99096696,1.76411268,2.0082639600000003,8.33,-30.450001,-38.709999,1770467792.180498
-0.90479592,1.61091972,2.9346026400000005,22.120001,-5.81,-26.809999,1770467792.188498
-0.9000086400000001,2.16385056,4.05243252,39.200001,20.719999,-12.53,1770467792.196491
-0.6031972800000001,3.0925828799999997,5.00749488,63.77,36.049999,13.72,1770467792.204502
-2.20454244,3.1835412,5.83808796,84.279999,55.23,26.530001,1770467792.212515
-4.22716824,3.84418584,6.8458104,94.639999,77.699997,38.360001,1770467792.220497
-6.185165759999999,4.0476452400000005,9.09822564,97.650002,111.580002,34.369999,1770467792.228517
-9.18439668,4.488075,12.133361160000002,90.720001,146.020004,33.25,1770467792.236496
-12.79161216,4.82079096,14.4456174,81.410004,170.380005,26.18,1770467792.244494
-17.171973360000003,4.14817812,15.08232564,59.220001,170.169998,16.940001,1770467792.252529
-21.011371920000002,1.3045338,15.30254052,33.669998,134.960007,-18.48,1770467792.260578
-22.55048244,-1.5965578800000002,14.187104280000002,21.629999,70.279999,-41.580002,1770467792.268562
-23.38346916,-4.08594348,12.30809688,20.23,-3.99,-62.509998,1770467792.276495
-21.33690696,-5.735161440000001,10.917392040000001,13.44,-81.690002,-68.879997,1770467792.284484
-17.16957972,-6.23782584,10.615793400000001,3.64,-165.830002,-62.720001,1770467792.292493
-13.28948928,-4.957228440000001,10.41472764,-7.35,-238.839996,-47.669998,1770467792.300505
-9.349557840000001,-3.97104876,10.718719920000002,-17.639999,-294.839996,-40.18,1770467792.308504
-5.70165048,-2.4056082,10.29743928,-24.360001,-337.609985,-37.939999,1770467792.316567
-2.48699196,-0.54335628,8.96657544,-30.309999,-365.049988,-35.98,1770467792.324524
0.1316502,0.91915776,7.381985760000001,-29.75,-384.51001,-21.559999,1770467792.332511
1.3117147200000001,1.35480024,5.95537632,-32.900002,-386.679993,-26.6,1770467792.340515
3.6885992400000003,1.96996572,2.4893856,-28.35,-386.26001,-12.18,1770467792.348501
4.67717256,1.9388484000000001,1.94602932,-10.01,-384.51001,21.559999,1770467792.356523
5.033824920000001,1.59895152,0.79947576,0.91,-367.709991,20.58,1770467792.364577
5.227709760000001,1.5367168800000002,-0.21542760000000002,7.07,-339.149994,25.549999,1770467792.372505
5.565213000000001,1.46490768,-1.2159691200000002,12.11,-298.410004,15.89,1770467792.380512
5.6154794400000005,1.42660944,-2.4463000800000003,21.139999,-249.619995,10.36,1770467792.388502
5.443137360000001,1.6444306800000001,-3.4731716400000003,31.01,-197.679993,3.64,1770467792.396629
5.33302992,1.96757208,-3.0758274,34.439999,-143.009995,-7.0,1770467792.4045
5.59633032,2.30507532,-1.44097128,40.110001,-82.459999,-12.46,1770467792.4125
6.0559092,2.5228965600000004,1.38352392,39.34,-20.23,-24.57,1770467792.420505
6.9870351600000005,2.89391076,5.10324048,34.720001,43.259998,-35.0,1770467792.428507
7.84635192,3.17875392,8.95460724,24.780001,105.910004,-46.759998,1770467792.436519
8.35140996,3.6143964,11.101702320000001,12.46,163.520004,-61.950001,1770467792.444506
8.39449548,2.81731428,12.528311760000001,2.66,220.919998,-59.360001,1770467792.452503
8.01151308,1.6659734400000001,13.10996628,-5.88,268.100006,-53.619999,1770467792.460505
7.15458996,0.7707520800000001,14.610778560000002,-5.11,300.440002,-44.869999,1770467792.468513
4.622118840000001,-1.21836276,18.189270360000002,0.77,334.459991,-40.040001,1770467792.476505
1.50081228,-3.6455137200000003,22.24409652,25.200001,371.350006,-32.41,1770467792.484504
-2.1207650399999998,-4.772918160000001,24.314595120000003,44.869999,376.73999,-13.02,1770467792.492498
-6.64953192,-3.8824840800000002,24.290658720000003,43.330002,349.859985,8.89,1770467792.500592
-10.314194760000001,-4.0213152,21.18132036,21.49,293.579987,0.14,1770467792.508528
-12.181233960000002,-4.07397528,17.2701126,6.44,235.619995,-1.61,1770467792.516483
-13.27991472,-4.16014632,14.304392640000001,-10.64,178.710007,-3.64,1770467792.524508
-13.758642720000001,-4.08594348,11.702505960000002,-20.370001,125.93,-10.08,1770467792.532498
-13.660503480000001,-4.26307284,9.37828152,-30.450001,83.160004,-19.389999,1770467792.540513
-12.956773320000002,-4.03567704,7.595019720000001,-32.060001,46.41,-33.18,1770467792.548648
-11.522982960000002,-3.3343405200000005,6.3072414,-27.790001,15.75,-43.470001,1770467792.556494
-9.840254040000001,-2.35294812,5.27079528,-22.68,-11.69,-53.830002,1770467792.564525
-8.15991876,-1.42660944,4.51679868,-10.64,-32.130001,-59.150002,1770467792.572513
-6.6303828000000005,-0.63670824,3.8393985600000002,-3.99,-46.549999,-62.369999,1770467792.580496
-5.361753600000001,-0.04308552,3.2242330800000003,5.53,-55.23,-69.510002,1770467792.588544
-4.41147852,0.39016332000000004,2.67130224,9.45,-58.450001,-68.809998,1770467792.596595
-3.6981738,0.777933,2.19496788,16.309999,-60.48,-75.040001,1770467792.604506
-2.8795489200000004,1.34522568,1.7904427200000002,18.969999,-62.23,-73.5,1770467792.612504
-2.12794596,1.9388484000000001,1.37873664,19.110001,-66.220001,-70.139999,1770467792.620504
-1.2399055200000002,2.4415128,1.2327246,20.860001,-74.690002,-65.309998,1770467792.628507
-0.74442204,2.74550508,1.3308638400000001,15.89,-85.82,-66.849998,1770467792.63652
-0.44761068000000004,2.4726301200000003,1.65400524,6.23,-90.160004,-71.610001,1770467792.644513
0.84016764,3.41333064,1.4912377200000002,14.91,-84.209999,-46.549999,1770467792.652502
1.1010744000000001,3.2362012800000004,2.1159777600000003,22.959999,-83.790001,-13.44,1770467792.660514
1.1369790000000002,3.03274188,3.2553504,34.650002,-59.009998,6.65,1770467792.668508
0.97421148,3.31040412,5.155900560000001,47.529999,-17.780001,19.879999,1770467792.6765
0.90240228,4.34685024,8.5213584,58.099998,42.91,22.4,1770467792.684506
0.51223896,4.97159028,12.801186720000002,51.869999,104.720001,30.66,1770467792.692537
-1.1992136400000002,5.1941988,16.8033528,41.09,159.740005,41.580002,1770467792.70051
-4.61254428,3.9016332000000005,20.836636199999997,42.139999,202.720001,49.0,1770467792.708603
-9.07428924,3.8393985600000002,20.96110548,42.0,222.039993,45.080002,1770467792.716501
-14.215827960000002,3.40854336,18.7661376,30.66,226.589996,45.709999,1770467792.724527
-17.79431976,1.47687588,17.217452520000002,16.450001,203.839996,44.240002,1770467792.732543
-19.47944232,-0.29681136,15.88419504,4.2,143.080002,30.870001,1770467792.740603
-20.585304,-2.16145692,14.73764148,-7.98,62.860001,15.05,1770467792.748497
-20.659506840000002,-3.76758936,13.67486532,-21.700001,-13.93,-2.87,1770467792.756498
-19.29034476,-5.11520868,12.4588962,-29.540001,-90.720001,-28.280001,1770467792.764713
-16.07807988,-5.71122504,11.70729324,-36.330002,-146.509995,-47.459999,1770467792.772533
-12.20038308,-5.50297836,10.80967824,-46.759998,-194.740005,-55.16,1770467792.780636
-8.64343404,-4.7394072000000005,9.56019816,-50.68,-230.580002,-64.75,1770467792.788489
-5.457499200000001,-3.7508338800000005,8.35619724,-50.400002,-255.220001,-61.110001,1770467792.796497
-2.5252902,-2.50853472,7.20246276,-47.669998,-271.040009,-57.889999,1770467792.804503
-0.26808768000000005,-1.32128928,6.05351556,-39.41,-282.869995,-45.849998,1770467792.812498
1.05080796,-0.79468848,5.06733588,-30.309999,-282.519989,-34.439999,1770467792.820524
2.73832416,-0.96703056,4.05243252,-22.959999,-277.619995,-27.23,1770467792.828634
3.45162888,-0.41170608000000003,2.65933404,-14.77,-274.820007,-18.27,1770467792.836506
4.26786012,0.5625054,1.34761932,-2.59,-270.059998,-2.17,1770467792.844504
4.243923720000001,0.5912290800000001,0.53378172,11.34,-254.169998,20.02,1770467792.852628
4.1769018,0.71330472,-0.299205,14.91,-232.539993,24.290001,1770467792.860496
3.98780424,0.8856468000000001,-1.41703488,18.76,-205.869995,22.33,1770467792.868523
3.83700492,1.0555952400000002,-2.27635164,23.450001,-171.990005,20.02,1770467792.876612
3.87051588,1.2399055200000002,-2.1207650399999998,26.809999,-129.639999,17.43,1770467792.884506
4.21998732,1.30214016,-0.71330472,32.900002,-80.989998,15.54,1770467792.892504
4.914142920000001,1.18724544,1.34761932,37.73,-26.459999,11.83,1770467792.900492
5.7231932400000005,1.21357548,4.09791168,47.459999,34.439999,8.47,1770467792.908603
6.3503269200000005,1.7306017200000001,7.573476960000001,52.43,94.849998,-1.12,1770467792.916513
6.63277644,2.56837572,10.02217068,47.32,156.380005,-11.13,1770467792.924574
6.57293544,2.6784831600000003,11.02510584,38.639999,211.679993,-11.41,1770467792.932502
5.967344520000001,1.6204942800000002,11.882028960000001,26.459999,257.25,-16.309999,1770467792.940538
5.108027760000001,0.43803612,12.865815000000001,16.24,292.040009,-6.23,1770467792.948511
3.171573,-0.11728836000000001,15.91531236,18.34,322.209991,0.63,1770467792.956638
0.43803612,-1.65400524,21.195682200000004,22.959999,345.309998,7.63,1770467792.96455
-2.75747328,-3.2242330800000003,23.67788688,34.23,340.899994,18.83,1770467792.972787
-8.02826856,-3.28646772,24.036932880000002,28.209999,306.459991,36.75,1770467792.981299
-10.914998400000002,-3.8585476800000005,21.688772040000003,5.88,254.380005,17.43,1770467792.989204
-12.327246,-4.21520004,17.69857416,-8.33,197.399994,11.97,1770467792.997177
-13.0214016,-3.98780424,14.5772676,-17.219999,151.270004,5.81,1770467793.005179
-13.081242600000001,-3.4947144000000003,12.20277672,-22.75,112.489998,-1.96,1770467793.013281
-12.676717440000001,-2.89869804,10.15621452,-24.99,78.610001,-15.33,1770467793.021218
-12.0160728,-2.17342512,8.420825520000001,-27.23,50.889999,-25.9,1770467793.029162
-11.14478784,-1.4840568,6.87692772,-29.120001,28.559999,-42.139999,1770467793.037168
-10.0054152,-0.8138376,5.43595644,-27.440001,7.21,-54.389999,1770467793.045179
-8.80141428,-0.31835412,4.3564248,-19.459999,-9.1,-64.75,1770467793.053183
-7.62853068,0.20824668000000002,3.4947144000000003,-5.46,-24.92,-76.160004,1770467793.061329
-6.63277644,0.7659648,2.66412132,4.97,-31.92,-77.209999,1770467793.069183
-5.6154794400000005,1.47448224,1.98193392,17.290001,-42.139999,-78.120003,1770467793.077189
-4.64844888,2.2955007600000004,1.53432324,25.9,-53.900002,-77.910004,1770467793.08518
-3.98780424,3.08061468,1.45054584,27.58,-70.980003,-77.07,1770467793.093169
-3.37742604,3.3822133200000004,1.58698332,22.540001,-90.650002,-86.870003,1770467793.101152
-1.0412334,4.68914076,1.41703488,19.809999,-109.550003,-66.849998,1770467793.10916
-0.9000086400000001,5.0027076,1.62528156,10.99,-131.880005,-45.990002,1770467793.117167
-0.07659648000000001,5.1702623999999995,1.50081228,4.97,-149.800003,-31.5,1770467793.125168
0.44521704,4.808822760000001,1.4481522,0.98,-156.100006,-5.81,1770467793.13316
0.8210185200000001,4.2726474,1.8454964400000002,9.52,-147.139999,6.65,1770467793.14128
1.1369790000000002,3.9590805600000003,3.20508396,23.309999,-114.870003,27.790001,1770467793.149199
1.2805974,4.26307284,5.7207996,42.630001,-58.799999,30.66,1770467793.157167
1.5630469200000001,4.926111120000001,9.46445256,55.439999,18.549999,36.959999,1770467793.165201
1.45293948,5.574787560000001,13.43789496,50.75,92.190002,31.360001,1770467793.173175
0.05744736,5.00031396,17.00441856,38.639999,154.910004,43.82,1770467793.181178
-4.1649336,3.87051588,20.087426880000002,37.799999,205.169998,42.91,1770467793.189269
-8.2101852,3.2314140000000005,20.02519224,37.310001,237.720001,33.810001,1770467793.197175
-12.767675760000001,2.3433735600000003,19.752317280000003,25.76,240.800003,40.110001,1770467793.205169
-15.57541548,-0.0047872800000000005,19.718806320000002,6.44,196.699997,34.369999,1770467793.213168
-17.961874560000002,-2.49896016,18.35203788,-9.8,127.050003,23.940001,1770467793.221168
-19.1969928,-4.19844456,16.43951952,-22.190001,46.970001,11.62,1770467793.229199
-18.85709592,-5.45031828,14.495883840000001,-34.650002,-32.900002,-3.78,1770467793.237165
-16.43951952,-6.92480052,12.973528800000002,-43.75,-105.209999,-19.74,1770467793.245231
-13.167413640000001,-6.800331240000001,11.64745224,-47.669998,-159.529999,-37.099998,1770467793.253175
-9.68945472,-6.043941,10.3046202,-51.099998,-199.990005,-43.75,1770467793.261172
-6.32399688,-5.14871964,9.05514012,-49.630001,-226.869995,-53.759998,1770467793.269188
-3.54019356,-3.90402684,7.827202800000001,-46.900002,-241.289993,-47.669998,1770467793.277218
-1.12740444,-2.5372584,6.752458440000001,-41.439999,-249.479996,-41.93,1770467793.285156
0.6199527600000001,-1.42660944,5.73037416,-32.689999,-248.639999,-27.09,1770467793.293164
1.1202235200000001,-0.67261284,4.72504536,-25.34,-238.210007,-20.23,1770467793.301164
2.70960048,-0.39255696000000007,3.53540628,-21.700001,-231.210007,-9.94,1770467793.309178
3.04949736,0.009574560000000001,2.37927816,-15.68,-216.649994,0.49,1770467793.317179
3.35348964,0.37819512000000005,1.4098539600000002,-9.31,-197.259995,7.56,1770467793.325177
3.54019356,0.9119768400000001,0.6941556000000001,-2.8,-176.75,17.5,1770467793.33318
3.37742604,1.04841432,0.1914912,3.29,-149.520004,19.879999,1770467793.341265
3.1428493200000003,1.16809632,-0.41649336000000003,5.46,-122.080002,26.67,1770467793.349187
2.92502808,1.13937264,-0.75160296,6.3,-91.349998,17.99,1770467793.357205
2.86997436,1.0555952400000002,-0.4069188,11.2,-55.790001,17.360001,1770467793.365183
3.0183800400000003,0.6438891600000001,0.9407005200000002,17.290001,-11.27,13.51,1770467793.373191
3.42769248,0.26808768000000005,2.75747328,30.309999,34.299999,5.81,1770467793.381282
3.78434484,0.46436616000000003,5.06733588,43.610001,80.080002,4.41,1770467793.389203
4.00695336,1.04841432,8.1144396,51.73,128.380005,-10.01,1770467793.39717
4.09073076,1.57740876,10.675634400000002,52.779999,173.600006,-19.74,1770467793.40518
4.05243252,1.5941642400000002,12.0759138,45.57,209.789993,-27.23,1770467793.413204
3.51146988,0.6654319200000001,13.930984800000001,35.0,235.970001,-18.27,1770467793.421225
2.09922228,0.46197252000000005,17.01638676,26.32,250.600006,-2.52,1770467793.429172
-0.17952300000000002,-0.33271596000000003,21.65286744,27.09,251.229996,8.68,1770467793.437198
-3.05428464,-1.6994844000000002,23.5653858,32.130001,226.589996,32.130001,1770467793.445204
-5.854843440000001,-1.855071,22.179468240000002,30.52,178.149994,43.470001,1770467793.453173
-8.2939626,-2.29310712,19.9031166,12.11,143.5,55.93,1770467793.461174
-10.122703560000001,-4.009347,17.523838440000002,-5.32,110.25,33.25,1770467793.469332
-10.524835079999999,-4.74419448,15.654405600000002,-9.66,89.879997,22.75,1770467793.477183
-10.82882736,-4.48328772,14.419287360000002,-10.99,75.040001,7.91,1770467793.485177
-10.886274720000001,-3.61679004,13.136296320000001,-17.43,65.870003,-7.84,1770467793.49322
-10.675634400000002,-2.5276838400000003,11.434418280000001,-23.1,60.619999,-27.09,1770467793.501216
-10.1610018,-1.49841864,9.5506236,-28.98,50.540001,-38.919998,1770467793.509174
-9.409398840000001,-0.59601636,7.65246708,-29.959999,33.880001,-51.939999,1770467793.517166
-8.41603824,0.0,6.070271040000001,-29.469999,16.52,-60.48,1770467793.525181
-7.4561886,0.42846156,4.98355848,-21.91,-0.42,-66.989998,1770467793.533173
-6.484370760000001,0.66303828,4.0931244,-9.31,-16.24,-71.120003,1770467793.541198
-5.4934038,1.0388397600000001,3.20987124,-1.12,-31.99,-67.970001,1770467793.54931
-4.600576080000001,1.4696949600000002,2.4798110400000004,6.09,-45.009998,-70.910004,1770467793.5572
-3.5760981600000004,1.98193392,1.91251836,12.32,-61.810001,-68.110001,1770467793.565178
-2.7048132000000003,2.53486476,1.7449635600000002,15.54,-78.889999,-69.860001,1770467793.573195
-2.00108304,2.7215686800000003,1.8790073999999999,13.79,-98.209999,-72.940002,1770467793.581358
-1.03644612,3.9925915200000004,1.60852608,10.36,-109.129997,-64.050003,1770467793.589172
0.08856468,4.2367428,1.5151741200000002,9.1,-123.129997,-37.240002,1770467793.597175
0.6127718400000001,4.05482616,1.555866,16.73,-131.740005,-10.15,1770467793.60518
0.6941556000000001,3.5976409200000004,1.7306017200000001,17.780001,-125.019997,12.39,1770467793.613189
0.74920932,3.31997868,2.2619898000000003,30.1,-100.239998,23.66,1770467793.621204
1.0101160800000002,3.3870006000000004,3.50907624,43.470001,-60.41,38.220001,1770467793.629175
0.9885733200000001,4.1050926,5.8404816,56.0,-5.32,38.919998,1770467793.637241
1.2231500400000002,4.86627012,9.13652388,55.509998,57.75,39.830002,1770467793.645178
0.91676412,5.119995960000001,12.645600120000001,40.389999,111.089996,37.66,1770467793.653173
-0.49548348,4.35881844,16.31983752,18.969999,148.610001,30.24,1770467793.661173
-3.82264308,2.26917072,21.004191,18.200001,183.610001,24.5,1770467793.669406
-7.43943312,1.15612812,22.4284068,34.439999,199.919998,33.740002,1770467793.677175
-12.60012096,0.6223464,20.71456056,31.92,201.039993,36.959999,1770467793.68528
-14.71609872,-0.44761068000000004,18.77331852,11.9,174.509995,30.66,1770467793.693173
-16.24324104,-1.92448656,16.817714640000002,1.33,119.209999,25.34,1770467793.701179
-17.188728840000003,-2.95375176,15.50121264,-13.23,49.98,17.57,1770467793.709178
-17.38022004,-4.17211452,14.39295732,-29.26,-20.370001,4.55,1770467793.717172
-16.22409192,-5.31866808,13.32300024,-39.34,-79.940002,-9.52,1770467793.725252
-13.91422932,-5.17744332,12.09506292,-49.419998,-130.619995,-23.17,1770467793.733262
-10.922179320000001,-4.646055240000001,11.099308680000002,-49.77,-170.240005,-39.689999,1770467793.741169
-7.82002188,-3.91838868,10.043713440000001,-50.470001,-197.259995,-45.849998,1770467793.749187
-4.98834576,-3.111732,9.01684188,-50.75,-212.729996,-47.32,1770467793.757219
-2.4678428400000003,-1.9149120000000002,7.85592648,-46.200001,-221.830002,-44.380001,1770467793.765214
-0.34947144,-1.03165884,6.74767116,-39.900002,-226.869995,-33.950001,1770467793.7732
0.9646369200000001,-0.56729268,5.737555080000001,-31.08,-226.660004,-26.25,1770467793.781167
2.6856640800000005,-0.62713368,4.70828988,-24.99,-226.520004,-21.84,1770467793.789188
2.96571996,-0.05505372,3.19790304,-19.110001,-224.419998,-15.61,1770467793.797175
3.4899271200000004,0.38537604000000003,1.9508166000000002,-10.64,-217.839996,-9.45,1770467793.805179
3.6479073600000005,1.35958752,0.8832531600000001,2.73,-202.860001,16.1,1770467793.813177
3.52822536,1.67076072,0.18670392000000002,9.1,-181.720001,28.209999,1770467793.821257
3.3151914000000002,1.7928363600000001,-0.7611775199999999,10.57,-157.779999,26.32,1770467793.829178
3.20508396,1.75453812,-1.42182216,13.09,-127.120003,24.15,1770467793.837171
3.3965751600000003,1.59895152,-1.02447792,19.530001,-91.209999,20.23,1770467793.845185
3.8561540400000003,1.3883112000000002,0.41170608000000003,27.02,-46.900002,16.309999,1770467793.853196
4.535947800000001,1.36916208,2.66651496,40.880001,3.99,11.27,1770467793.861192
5.01228216,2.0106576,5.73037416,47.110001,55.860001,8.47,1770467793.869202
5.277976200000001,2.7048132000000003,8.59795488,48.720001,109.970001,1.75,1770467793.877203
5.2684016399999996,3.0973701600000005,10.1011608,44.52,160.929993,-5.81,1770467793.885189
4.8806319600000005,2.92502808,10.721113560000001,37.73,205.589996,-8.26,1770467793.893186
3.9854106000000002,2.10400956,11.60676036,30.59,238.350006,3.08,1770467793.901414
2.3098626,1.45293948,13.59826884,22.75,264.25,14.42,1770467793.909182
-0.09335196000000001,0.40213152,17.10495144,18.34,277.269989,19.879999,1770467793.917175
-2.49896016,-1.45293948,20.018011320000003,23.73,271.809998,30.450001,1770467793.925173
-6.39341244,-2.89391076,22.021488,33.459999,245.910004,39.759998,1770467793.9332
-12.08309472,-5.38808364,22.59835524,16.66,214.550003,28.700001,1770467793.941263
-12.20517036,-4.428234000000001,19.781040960000002,-0.7,162.75,22.82,1770467793.949183
-13.20810552,-4.753769040000001,16.50893508,-15.89,116.480003,15.19,1770467793.957171
-13.39002216,-4.72504536,13.95731484,-21.77,77.980003,8.12,1770467793.965215
-13.21768008,-4.2415300799999995,12.09266928,-23.59,51.099998,-3.64,1770467793.973494
-12.312884160000001,-3.4396606800000002,10.37164212,-23.24,29.959999,-17.57,1770467793.981583
-11.113670520000001,-2.50853472,8.75354148,-22.26,7.35,-32.41,1770467793.989314
-9.97429788,-1.6659734400000001,7.391560320000001,-20.93,-14.21,-53.970001,1770467793.997319
-9.16285392,-0.60559092,6.24979404,-16.940001,-31.99,-54.389999,1770467794.005186
-8.3538036,0.45000432000000007,5.30909352,-9.31,-48.439999,-62.369999,1770467794.0132
-7.3652302800000005,1.38113028,4.50243684,4.13,-59.57,-62.509998,1770467794.021202
-6.71894748,2.03698764,3.8082812400000003,10.64,-69.230003,-60.27,1770467794.031046
-6.2114958,2.39364,3.42769248,10.85,-72.239998,-59.150002,1770467794.037168
-5.88596076,3.13088112,3.19790304,18.549999,-73.919998,-54.529999,1770467794.045164
-4.21520004,5.0027076,2.5300774800000005,33.529999,-89.25,-30.799999,1770467794.053183
-3.3343405200000005,5.43595644,2.5755566400000003,34.650002,-120.330002,-18.620001,1770467794.061179
-2.2859262,5.5604257200000005,2.54204568,17.290001,-153.649994,-16.1,1770467794.069463
-1.4577267600000001,5.3019126000000005,2.32422444,1.54,-179.059998,-8.82,1770467794.077189
-0.86649768,4.54312872,2.09922228,-3.22,-186.970001,4.97,1770467794.085181
0.48112164,4.34924388,2.0417749200000004,0.98,-185.429993,30.450001,1770467794.093173
0.55532448,3.9064204800000004,2.9872627200000004,18.549999,-170.309998,46.970001,1770467794.101303
1.21836276,3.769983,4.88541924,22.469999,-143.360001,51.099998,1770467794.109167
2.00108304,4.2965838,7.496880480000001,25.200001,-101.779999,52.919998,1770467794.117169
2.4750237600000005,5.08887864,9.73972116,28.0,-51.869999,52.779999,1770467794.125159
2.03220036,5.6370222000000005,11.429631,21.91,-0.56,50.540001,1770467794.133176
0.72048564,5.51255292,13.528853280000002,14.14,44.66,46.830002,1770467794.141171
-1.4577267600000001,4.70110896,16.5998934,0.91,82.879997,42.91,1770467794.149187
-4.58142696,2.70960048,19.704444480000003,-6.16,115.849998,31.780001,1770467794.157244
-6.70937292,0.88085952,21.16935216,-4.76,119.629997,35.77,1770467794.165201
-8.617104,-0.1436184,21.60020736,-11.34,90.720001,36.259998,1770467794.173174
-10.02217068,-1.4601204,20.8126998,-27.02,54.32,37.310001,1770467794.18118
-10.99638216,-4.3612120800000005,20.07785232,-41.09,1.75,10.85,1770467794.189177
-10.874306520000001,-5.433562800000001,17.99059824,-42.98,-46.900002,-1.96,1770467794.197189
-9.902488680000001,-5.361753600000001,15.47966988,-44.450001,-91.209999,-9.73,1770467794.20518
-8.2700262,-4.70589624,13.181775479999999,-49.349998,-127.540001,-12.18,1770467794.21317
-6.41256156,-3.9614742000000005,10.80010368,-49.98,-154.350006,-19.110001,1770467794.221172
-4.2726474,-3.1165192800000003,8.66976408,-50.119999,-177.589996,-16.309999,1770467794.229172
-2.06571132,-2.4774174,6.967886040000001,-46.41,-197.679993,-12.88,1770467794.237174
-0.016755480000000003,-2.1901806,5.6968632,-38.779999,-213.220001,-4.9,1770467794.245252
1.82874096,-2.15188236,4.90935564,-26.32,-218.050003,0.98,1770467794.253177
2.82210156,-1.4720886,4.00695336,-16.24,-215.949997,16.1,1770467794.26118
3.6024282000000003,-0.8114439600000001,2.8388570399999997,-0.98,-201.809998,25.620001,1770467794.269182
4.00695336,-0.3829824,1.9292738400000002,15.75,-180.529999,38.360001,1770467794.27716
4.22956188,-0.05744736,1.47448224,36.959999,-151.130005,45.709999,1770467794.285159
4.246317360000001,0.21064032000000002,1.2399055200000002,53.060001,-116.550003,56.84,1770467794.293176
3.89684592,0.59362272,0.8880404399999999,70.629997,-80.220001,58.59,1770467794.3012
3.4348734000000003,0.9407005200000002,0.5792608800000001,82.32,-45.990002,66.010002,1770467794.309354
3.10694472,1.27820376,0.91915776,91.0,-13.44,63.0,1770467794.317173
2.9322090000000003,1.5845896800000001,2.09682864,88.550003,15.89,58.52,1770467794.325188
3.2792868000000004,2.69045136,3.91838868,74.410004,39.41,47.18,1770467794.333243
3.88727136,3.61918368,6.58490364,51.869999,57.75,27.440001,1770467794.34117
4.3564248,3.76040844,9.23226948,25.76,76.860001,8.26,1770467794.349186
4.6747789200000005,3.1332747600000004,11.11606416,-2.87,103.389999,-12.74,1770467794.357181
5.7662787600000005,3.0423164400000005,12.061551960000001,-14.91,127.68,7.91,1770467794.365284
6.3790506,1.83831552,13.30624476,-30.309999,143.360001,24.08,1770467794.373185
6.400593360000001,0.28244952,14.90998356,-40.389999,144.059998,35.209999,1770467794.381205
4.05243252,-1.48884408,16.60468068,-38.43,164.850006,43.119999,1770467794.389193
2.2619898000000003,-2.77901604,17.75602152,-25.83,196.070007,40.32,1770467794.397178
0.48351528,-3.73647204,19.15630092,-10.99,224.839996,43.68,1770467794.405184
-1.76171904,-4.09073076,19.9390212,-5.67,233.380005,37.66,1770467794.413219
-4.8471210000000005,-5.10084684,19.718806320000002,-9.87,243.25,8.61,1770467794.42118
-7.2575164800000005,-4.038070680000001,18.004960080000004,-8.33,233.449997,2.66,1770467794.42919
-8.79183972,-2.14948872,15.52514904,-11.76,209.440002,-8.19,1770467794.437225
-9.69663564,-0.53378172,12.85145316,-14.98,176.610001,-6.93,1770467794.445224
-9.864190440000002,0.59601636,10.103554440000002,-21.559999,138.600006,-25.690001,1770467794.453181
-9.502750800000001,1.30214016,7.66443528,-19.459999,101.290001,-21.84,1770467794.461251
-8.81816976,1.6396434000000002,6.03436644,-15.33,68.110001,-29.959999,1770467794.469171
-7.98997032,1.9747530000000002,4.99552668,-10.43,42.98,-28.0,1770467794.477179
-7.176132720000001,2.35055448,4.2319555200000005,-4.76,21.700001,-28.629999,1770467794.485189
-6.41016792,2.6090676,3.55934268,1.12,6.16,-27.93,1770467794.493179
-5.49101016,2.6880577199999998,3.04949736,9.24,-5.81,-31.290001,1770467794.501178
-4.9787712,3.1213065600000003,2.5181092800000004,15.33,-17.709999,-32.830002,1770467794.509197
-4.5981824399999995,2.9274217200000003,2.10400956,18.129999,-24.219999,-36.189999,1770467794.517275
-2.3290117200000005,4.89978108,1.18963908,28.0,-36.75,-16.379999,1770467794.525175
-2.79577152,4.41147852,1.47448224,28.91,-48.369999,7.56,1770467794.533163
-2.32661808,4.129029,1.83831552,26.459999,-59.779999,28.559999,1770467794.541179
-1.92209292,3.7867384800000004,2.3290117200000005,26.18,-66.010002,47.950001,1770467794.549175
-1.57740876,3.5425872000000003,2.91784716,27.09,-64.470001,56.490002,1770467794.557168
-1.0532016,3.50428896,4.32770112,31.290001,-56.560001,62.790001,1770467794.565322
-0.69176196,3.6287582400000002,6.62080824,28.280001,-37.66,59.639999,1770467794.573184
-0.48351528,4.03567704,9.21072672,23.66,-4.69,55.299999,1770467794.581192
-0.777933,4.2726474,11.82697524,15.89,32.060001,51.240002,1770467794.589221
-1.7497508400000001,3.72450384,14.04587952,5.67,63.07,43.610001,1770467794.597177
-3.78434484,2.53247112,17.04989772,-1.54,96.529999,37.869999,1770467794.605209
-6.96070512,0.9861796800000001,20.25737532,4.2,124.599998,37.52,1770467794.613206
-10.36924848,-0.69894288,20.585304,10.64,134.610001,40.459999,1770467794.621213
-12.00889188,-0.9885733200000001,19.93662756,6.58,126.910004,48.299999,1770467794.629174
-13.344543000000002,-2.80534608,19.41002676,-4.13,96.599998,23.799999,1770467794.637168
-13.916622960000002,-3.7915257600000003,18.4190598,-4.69,50.400002,21.700001,1770467794.645196
-13.92619752,-4.1553590400000004,17.41133736,-7.56,-1.47,9.1,1770467794.653179
-13.21768008,-3.96626148,16.03978164,-9.24,-49.0,-4.76,1770467794.661263
-11.48468472,-3.56173632,14.627534040000002,-18.549999,-88.339996,-16.030001,1770467794.669204
-9.122162040000001,-3.111732,12.87538956,-29.190001,-120.470001,-31.290001,1770467794.677174
-6.484370760000001,-2.66651496,10.941328440000001,-38.779999,-148.399994,-33.529999,1770467794.685186
-4.00216608,-2.1423078,9.196364879999999,-42.91,-165.550003,-36.959999,1770467794.693181
-1.8000172800000003,-1.43139672,7.66682892,-41.790001,-180.740005,-34.860001,1770467794.701232
0.10053288,-0.7899012,6.242613120000001,-35.77,-190.679993,-19.040001,1770467794.709182
0.91437048,-0.40213152,5.2301034,-30.17,-191.100006,-12.53,1770467794.717179
2.32422444,-0.31596048000000004,4.2606792,-22.33,-193.410004,-4.9,1770467794.725184
2.9154535200000002,-0.045479160000000005,3.1260938400000002,-18.200001,-187.529999,1.4,1770467794.733227
5.1391450800000005,2.16385056,1.3428320400000002,-1.47,-185.080002,21.84,1770467794.74123
3.76758936,1.40267304,0.96224328,8.26,-174.649994,44.029999,1770467794.749182
3.62157732,1.7928363600000001,0.11250108000000002,16.1,-161.770004,49.139999,1770467794.757184
3.3630642,2.08725408,-0.59841,20.02,-140.630005,55.509998,1770467794.765166
3.11891292,2.25720252,-0.8425612800000001,25.549999,-109.550003,54.459999,1770467794.773386
3.0135927600000003,2.4319382400000005,-0.36622692,32.200001,-74.480003,52.990002,1770467794.781175
3.1883284800000005,2.6569404000000003,0.9071895600000001,37.73,-32.48,49.209999,1770467794.789205
3.56891724,2.8292824800000003,2.70720684,39.900002,14.84,40.529999,1770467794.797186
4.05243252,3.09497652,4.99792032,40.880001,65.309998,33.810001,1770467794.805258
4.50961776,3.77955756,7.45140132,38.080002,117.32,22.82,1770467794.813179
4.54312872,4.3827548400000005,9.15327936,34.580002,165.199997,10.85,1770467794.821215
4.191263640000001,4.8351528,10.132278120000002,24.85,207.899994,4.55,1770467794.829184
3.62157732,4.45935132,11.554100280000002,15.4,239.050003,6.44,1770467794.837176
2.5228965600000004,3.81306852,13.947740280000001,-1.68,257.459991,19.110001,1770467794.845287
0.8425612800000001,2.70241956,17.294049,-23.450001,268.589996,30.1,1770467794.853198
-1.80959184,0.33750324,19.874392920000002,-35.700001,268.23999,34.299999,1770467794.861183
-3.84897312,-1.7712936000000001,21.28664052,-19.389999,252.0,47.880001,1770467794.869267
-8.27960076,-3.2481694800000005,22.14595728,-1.54,217.630005,57.259998,1770467794.877166
-10.730688120000002,-4.55509692,21.29860872,-7.35,178.220001,42.490002,1770467794.88518
-11.5971858,-4.61254428,18.19645128,-12.81,132.300003,17.57,1770467794.893178
-11.82218796,-3.9495060000000004,15.649618320000002,-19.530001,96.389999,11.62,1770467794.901179
-11.546919360000002,-3.051891,13.47858684,-24.43,70.559998,2.24,1770467794.909216
-10.99398852,-2.2955007600000004,11.65223952,-26.32,51.869999,-7.91,1770467794.917198
-10.283077440000001,-1.40267304,9.792381240000001,-25.76,34.299999,-13.3,1770467794.925175
-9.581740920000001,-0.6319209600000001,8.09289684,-28.98,21.0,-29.26,1770467794.933198
-8.88997896,0.12686292000000002,6.704585640000001,-31.01,11.06,-36.75,1770467794.941206
-8.0426304,0.74442204,5.62026672,-29.190001,0.98,-48.02,1770467794.949221
-7.15937724,1.1824581600000001,4.79206728,-25.41,-8.54,-45.639999,1770467794.957188
-6.33357144,1.53432324,3.98780424,-15.75,-15.47,-50.049999,1770467794.965178
-5.68728864,1.92209292,3.1237002,-8.12,-28.209999,-47.740002,1770467794.974236
-4.80164184,2.513322,2.5588011600000002,-2.66,-36.889999,-51.59,1770467794.981517
-4.040464320000001,3.0614655600000003,2.30507532,-1.12,-49.84,-49.139999,1770467794.989441
-3.470778,3.28646772,2.3864590800000003,-3.01,-63.560001,-52.009998,1770467794.997193
-2.7885906000000005,3.3941815200000005,2.52050292,-8.4,-74.970001,-59.080002,1770467795.005301
-1.11543624,4.30615836,2.3433735600000003,-8.75,-93.589996,-32.689999,1770467795.01318
-0.5744736,4.55270328,2.3649163200000003,-11.41,-109.970001,-22.540001,1770467795.021196
0.14601204,4.083549840000001,2.3481608400000002,-15.68,-123.620003,4.83,1770467795.02972
0.52420716,3.51146988,2.48699196,-12.32,-124.529999,15.96,1770467795.037205
0.91915776,3.06625284,3.3343405200000005,3.01,-110.110001,29.190001,1770467795.045185
1.35958752,2.79816516,5.04100584,21.42,-76.370003,38.849998,1770467795.0532
1.4122476000000002,3.05907192,7.4322522,39.549999,-25.129999,41.439999,1770467795.061169
1.20400092,3.5425872000000003,9.761263920000001,47.110001,34.16,50.68,1770467795.069185
0.04308552,3.6622692,11.9801682,45.220001,93.169998,49.349998,1770467795.077264
-2.27156436,2.56837572,14.215827960000002,48.23,140.839996,54.950001,1770467795.085179
-5.455105560000001,1.59895152,16.39164672,54.669998,170.729996,49.630001,1770467795.093173
-9.53147448,1.2159691200000002,17.67942504,58.029999,178.779999,53.130001,1770467795.101171
-13.01900796,0.0119682,18.84034044,41.650002,165.059998,53.689999,1770467795.109171
-14.720886,-2.18778696,19.61348616,22.68,119.839996,21.280001,1770467795.11717
-15.541904520000001,-3.61679004,18.967203360000003,11.13,54.110001,15.75,1770467795.12521
-15.40786068,-4.81839732,17.83022436,-4.13,-12.67,7.7,1770467795.133315
-14.25891348,-5.52452112,16.52569056,-14.98,-71.540001,-6.09,1770467795.141181
-12.01128552,-5.759097840000001,15.374349720000001,-27.790001,-116.129997,-14.84,1770467795.149162
-9.31365324,-5.48622288,14.182317000000001,-38.080002,-147.070007,-31.15,1770467795.157172
-6.5107008,-4.947653880000001,12.86820864,-41.93,-163.169998,-35.700001,1770467795.16519
-3.8585476800000005,-3.94711236,11.47989744,-47.529999,-167.789993,-44.939999,1770467795.173217
-1.7090589600000001,-2.8603998,10.18015092,-45.57,-169.75,-42.630001,1770467795.181277
-0.00718092,-1.5917706,8.863648920000001,-46.41,-169.399994,-36.68,1770467795.189171
1.12979808,-0.5505372000000001,7.5878388,-42.91,-165.550003,-29.469999,1770467795.197166
2.27635164,-0.37580148,6.61362732,-37.099998,-157.639999,-23.73,1770467795.205171
2.6569404000000003,0.18191664000000002,5.44074372,-33.110001,-147.210007,-21.84,1770467795.21317
5.07691044,2.74550508,3.5545554,-17.360001,-144.550003,-7.77,1770467795.22117
3.7508338800000005,2.4774174,3.26253132,-9.45,-134.259995,24.85,1770467795.229195
3.68141832,2.91305988,2.6186421600000003,-6.09,-123.900002,30.59,1770467795.237282
3.35588328,3.28646772,2.08486044,-6.65,-107.870003,40.459999,1770467795.245197
3.0830083200000002,3.1691793600000002,1.6396434000000002,-7.56,-83.790001,40.459999,1770467795.253172
2.72396232,2.75507964,0.9335196,-1.89,-55.790001,41.09,1770467795.261177
2.4510873600000003,2.1423078,0.24415128000000003,5.46,-25.76,33.810001,1770467795.269172
2.3577354,1.62528156,0.12207564000000001,19.110001,6.65,30.59,1770467795.277168
2.42715096,1.3524066000000001,1.08671256,32.549999,40.880001,23.52,1770467795.285163
2.63539764,1.38113028,2.97290088,46.060001,78.050003,13.65,1770467795.293173
2.79098424,1.6731543600000003,5.4957974400000005,53.759998,115.5,5.18,1770467795.30115
2.8197079200000004,2.06092404,8.05938588,53.759998,152.740005,-3.08,1770467795.309252
2.7335368800000004,2.00587032,9.495569880000001,48.439999,190.050003,-11.69,1770467795.31719
2.41518276,1.6492179599999999,10.711539000000002,46.970001,217.279999,-6.23,1770467795.325182
1.40506668,1.19203272,13.315819320000001,40.18,235.690002,3.5,1770467795.333178
-0.46915344000000003,0.96703056,16.638191640000002,34.09,242.059998,17.08,1770467795.341184
-2.7694414800000002,-0.07659648000000001,19.81694556,17.780001,224.630005,27.790001,1770467795.349239
-5.10563412,-1.3907048400000002,20.329184520000002,14.21,185.850006,51.869999,1770467795.357183
-9.30168504,-2.5779502800000005,19.38609036,13.65,147.699997,71.190002,1770467795.365184
-11.137606920000001,-4.48568136,17.89006536,0.21,110.389999,42.209999,1770467795.373166
-11.446386480000001,-5.7926088,15.69749112,0.42,86.660004,25.9,1770467795.381321
-11.52777024,-5.89314168,14.390563680000001,0.21,68.389999,19.67,1770467795.389179
-11.72404872,-5.5388829600000005,13.83045192,0.56,53.200001,-3.29,1770467795.397177
-11.618728560000001,-4.535947800000001,13.31342568,-3.78,42.419998,-11.41,1770467795.405179
-11.22138432,-3.1260938400000002,12.53549268,-11.97,34.509998,-24.219999,1770467795.41318
-10.687602600000002,-1.42182216,11.262076200000001,-21.0,25.549999,-29.959999,1770467795.421214
-9.828285840000001,0.06941556,9.569772720000001,-27.790001,12.53,-39.130001,1770467795.429304
-8.832531600000001,1.13458536,8.08332228,-29.4,-3.36,-47.529999,1770467795.437203
-7.84635192,1.6755480000000003,6.9535242,-27.58,-22.120001,-51.169998,1770467795.445177
-6.75963936,1.8526773600000002,6.10856928,-23.66,-39.34,-62.02,1770467795.453179
-5.66574588,1.8814010400000003,5.531702040000001,-17.92,-55.860001,-67.760002,1770467795.461187
-4.55509692,1.99390212,5.0146758,-13.37,-69.790001,-75.809998,1770467795.469239
-3.5258317200000002,2.33140536,4.72265172,-10.64,-78.260002,-76.089996,1770467795.477191
-2.67130224,2.8795489200000004,4.42344672,-10.78,-84.559998,-77.699997,1770467795.485178
-2.0106576,3.0758274,4.2008382,-17.99,-89.599998,-80.779999,1770467795.493173
-1.5462914399999999,3.1955093999999997,3.88727136,-21.0,-95.760002,-88.199997,1770467795.501176
-0.40213152,3.8417922000000004,3.35588328,-21.209999,-96.110001,-66.290001,1770467795.50918
1.0795316400000001,5.41202004,2.66412132,-17.01,-114.870003,-50.470001,1770467795.517206
0.7970821200000001,5.0505804,2.6617276800000003,-17.219999,-125.019997,-22.610001,1770467795.525177
1.04602068,4.751375400000001,2.41039548,-20.09,-131.110001,-11.76,1770467795.533162
1.18006452,4.29179652,2.0298067200000003,-16.59,-129.289993,1.82,1770467795.541178
1.3739493600000001,3.6718437600000002,2.2189042800000003,-12.53,-114.449997,15.4,1770467795.549182
1.6228879200000002,3.3989688000000005,3.2002966800000006,-1.89,-82.459999,20.23,1770467795.557294
2.08007316,3.3630642,4.98116484,9.1,-38.009998,27.860001,1770467795.565179
2.4678428400000003,3.4899271200000004,7.003790640000001,13.23,19.110001,26.530001,1770467795.573162
2.3768845200000004,3.4971080400000005,8.91870264,11.48,76.160004,30.59,1770467795.58119
1.4792695200000001,2.94896448,10.295045640000001,-1.54,126.980003,27.299999,1770467795.589321
-0.26090676,1.9556038800000002,11.982561840000002,-7.35,170.169998,19.459999,1770467795.597171
-2.8723680000000003,0.27048132,14.752003320000002,3.08,208.949997,22.75,1770467795.60518
-5.550851160000001,-0.54574992,16.58074428,24.15,223.160004,32.970001,1770467795.613184
-10.2687156,-1.42182216,17.27729352,22.540001,212.240005,49.209999,1770467795.621195
-13.42592676,-3.40614972,17.88527808,3.78,178.919998,37.52,1770467795.629175
-14.790301560000001,-4.43302128,17.45681652,-0.98,122.150002,25.76,1770467795.637229
-16.05653712,-5.356966320000001,16.757873640000003,-7.14,54.040001,22.68,1770467795.645181
-16.238453760000002,-5.876386200000001,15.45573348,-12.25,-8.05,3.85,1770467795.653186
-15.10865568,-6.197133960000001,14.2660944,-16.66,-60.34,-12.88,1770467795.661222
-12.779643960000001,-5.7447360000000005,13.531246920000001,-25.969999,-101.220001,-32.619999,1770467795.669191
-9.86658408,-4.935685680000001,13.117147200000002,-34.23,-128.240005,-46.200001,1770467795.677357
-7.161770880000001,-3.71253564,12.533099040000002,-39.41,-142.520004,-53.830002,1770467795.685179
-4.5598842,-2.36730996,11.685750480000001,-44.869999,-150.429993,-58.52,1770467795.693202
-2.37209724,-1.0053288,10.505685960000001,-41.439999,-156.660004,-54.810001,1770467795.701291
-0.5625054,0.16994844,9.201152160000001,-36.470001,-160.229996,-45.849998,1770467795.709182
0.41649336000000003,0.9478814400000001,7.86789468,-33.740002,-161.839996,-39.34,1770467795.717179
1.2829910400000002,0.87846588,6.64713828,-33.669998,-159.320007,-41.580002,1770467795.725181
1.69469712,2.24284068,5.086485,-30.799999,-152.740005,-36.189999,1770467795.733183
3.1476366,2.7263559600000002,4.51679868,-16.1,-152.529999,0.63,1770467795.741225
3.4588098,2.8364634000000004,4.01892156,-17.639999,-142.029999,16.17,1770467795.74918
3.45641616,2.95375176,3.3750324000000003,-20.09,-127.190002,20.51,1770467795.757175
3.48753348,2.9896563600000006,2.7167814000000003,-22.190001,-107.589996,23.1,1770467795.765191
3.37263876,2.94657084,2.1064032,-24.360001,-82.949997,27.02,1770467795.773198
3.11412564,2.86279344,1.4122476000000002,-20.02,-56.209999,21.49,1770467795.781181
2.7215686800000003,2.6736958800000004,0.6103782,-17.57,-30.799999,22.190001,1770467795.789219
2.2739580000000004,2.3649163200000003,-0.07420284,-11.55,-2.87,20.440001,1770467795.797184
1.98432756,1.9627848,-0.11968200000000001,-3.71,24.5,18.27,1770467795.805172
1.8191664,1.5678342,0.7587838800000001,3.15,52.5,12.25,1770467795.813178
1.8790073999999999,1.3069274400000002,2.4175764,12.81,82.18,5.18,1770467795.821188
2.03220036,1.26623556,4.7394072000000005,14.84,112.629997,-1.12,1770467795.829182
2.1447014400000004,1.2063945600000001,7.29820836,13.44,144.199997,-9.59,1770467795.837268
2.1447014400000004,0.96224328,9.287323200000001,6.51,174.509995,-15.47,1770467795.84521
1.70666532,0.41409972,10.66605984,2.66,199.360001,-14.77,1770467795.853173
0.65107008,-0.16037388000000002,12.39666156,2.59,213.289993,-7.7,1770467795.861175
-0.96224328,-0.28963044000000004,14.67780048,-1.4,215.389999,-3.22,1770467795.8692
-2.79337788,-0.79947576,17.55256212,1.68,202.509995,8.82,1770467795.87719
-4.74419448,-2.69523864,20.10418236,21.209999,162.679993,20.440001,1770467795.885262
-8.51417748,-4.51679868,21.01376556,37.450001,134.75,36.189999,1770467795.893169
-10.682815320000001,-5.6011176,20.266949880000002,34.580002,94.919998,7.7,1770467795.901179
-11.113670520000001,-5.505372,18.004960080000004,32.900002,59.220001,10.92,1770467795.909259
-11.034680400000001,-5.325849000000001,16.14988908,28.0,34.369999,4.9,1770467795.917185
-10.89345564,-4.63648068,15.13259208,21.42,21.280001,1.4,1770467795.925179
-10.634942520000001,-3.47556528,14.40492552,9.73,13.65,-9.8,1770467795.933173
-10.2806838,-2.39364,13.260765600000001,-6.58,11.76,-27.370001,1770467795.941176
-9.6463692,-1.53432324,11.788677,-19.110001,9.03,-32.27,1770467795.949222
-8.83731888,-0.8234121600000001,10.2447792,-25.34,4.2,-46.970001,1770467795.957177
-7.922948400000001,-0.24893856,8.80620156,-27.02,-4.55,-45.220001,1770467795.965178
-7.06841892,0.2513322,7.13544084,-26.67,-16.450001,-51.240002,1770467795.973398
-5.98170636,1.09389348,5.09127228,-19.25,-36.75,-50.049999,1770467795.984272
-5.47664832,1.42182216,4.3827548400000005,-14.35,-44.869999,-49.0,1770467795.989375
-4.72265172,2.0298067200000003,3.46599072,-8.19,-53.900002,-45.709999,1770467795.997173
-3.97104876,2.59470576,3.06864648,-0.77,-62.23,-45.43,1770467796.005183
-3.31040412,3.0854019600000004,3.1404556800000005,1.19,-69.019997,-48.439999,1770467796.013178
-2.7287496000000004,3.1237002,3.35348964,2.87,-74.059998,-52.849998,1770467796.021177
-1.4481522,4.5670651200000005,2.7287496000000004,5.81,-74.690002,-47.810001,1770467796.029273
-1.07474436,4.6316934000000005,2.73114324,10.08,-84.209999,-21.629999,1770467796.037265
-0.33032232,5.09127228,2.4510873600000003,17.01,-95.760002,-8.68,1770467796.045174
-0.26808768000000005,4.80403548,2.47023648,21.98,-104.230003,7.91,1770467796.053176
-0.17952300000000002,4.579033320000001,2.38885272,29.469999,-104.650002,24.08,1770467796.061175
-0.06941556,4.19605092,2.85321888,35.77,-97.860001,34.509998,1770467796.069231
0.21542760000000002,4.083549840000001,4.3564248,41.23,-78.82,42.700001,1770467796.077206
0.47633436000000007,4.10987988,6.84102312,38.990002,-48.439999,44.240002,1770467796.085185
0.57207996,4.34924388,9.576953640000001,29.469999,-11.13,42.560001,1770467796.093171
0.09095832000000001,3.97583604,12.154903919999999,13.65,28.139999,34.369999,1770467796.101287
-1.1130426000000002,2.5157156400000003,14.598810360000002,0.7,58.66,27.370001,1770467796.109178
-3.22183944,0.5601117600000001,17.55974304,4.69,88.199997,20.370001,1770467796.117168
-6.288092280000001,-0.53138808,20.453653799999998,25.76,100.379997,29.33,1770467796.12517
-9.9814788,-1.37873664,20.9922228,19.67,99.959999,32.130001,1770467796.133166
-11.9921364,-2.8005588,20.7887634,3.15,82.32,9.59,1770467796.141191
-11.941869960000002,-3.99019788,19.73316816,-1.68,45.009998,3.15,1770467796.149171
-12.03282828,-5.01228216,19.18023732,-1.54,0.07,-7.56,1770467796.157165
-11.511014760000002,-5.670533160000001,17.988204600000003,-3.01,-45.009998,-17.57,1770467796.165154
-10.0652562,-5.7207996,16.40361492,-11.83,-77.910004,-29.75,1770467796.173168
-8.19582336,-5.2181352,14.69455596,-22.33,-101.290001,-40.040001,1770467796.181215
-6.070271040000001,-4.54073508,13.02858252,-35.419998,-117.25,-46.619999,1770467796.189229
-3.7939194,-3.5856727200000003,11.305161720000001,-45.919998,-130.690002,-48.790001,1770467796.197163
-1.7593254,-2.48459832,9.50035716,-48.860001,-141.75,-45.639999,1770467796.205166
-0.038298240000000004,-1.72820808,7.72666992,-49.419998,-155.399994,-38.220001,1770467796.213169
1.08431892,-1.21357548,6.12053748,-40.32,-161.630005,-26.6,1770467796.221171
2.35055448,-1.00054152,4.9021747200000005,-33.740002,-162.75,-17.15,1770467796.229177
2.82688884,-0.41170608000000003,3.72450384,-24.780001,-159.389999,-6.37,1770467796.237173
3.051891,0.0478728,2.7885906000000005,-10.99,-147.419998,2.52,1770467796.245253
3.22662672,0.9359132400000001,1.8239536800000002,-4.34,-131.669998,3.64,1770467796.253174
3.86812224,2.12555232,1.21836276,11.69,-113.889999,30.66,1770467796.261172
3.5377999200000003,1.99150848,1.5965578800000002,15.4,-89.879997,41.16,1770467796.269177
3.3271596000000003,2.0298067200000003,1.53432324,18.690001,-65.239998,46.759998,1770467796.27718
3.0614655600000003,1.91012472,1.19203272,19.459999,-35.98,46.759998,1770467796.285189
2.75029236,1.7114526,0.9239450400000001,27.299999,-5.32,46.970001,1770467796.2932
2.6784831600000003,1.63485612,1.40746032,36.330002,27.51,46.41,1770467796.301316
2.6617276800000003,1.7449635600000002,2.7885906000000005,42.0,62.439999,43.82,1770467796.309178
2.69045136,2.09204136,4.6747789200000005,46.830002,97.089996,39.34,1770467796.317177
2.7407178,2.50614108,6.74767116,45.080002,132.160004,29.540001,1770467796.325181
2.79098424,2.70241956,8.75354148,37.939999,165.479996,20.16,1770467796.333254
2.5659820800000004,2.3768845200000004,10.21366188,33.529999,193.830002,12.18,1770467796.341276
1.9053374400000003,1.63246248,11.673782280000001,22.469999,213.710007,15.12,1770467796.349173
0.7851139200000001,0.89043408,13.4283204,7.42,220.919998,21.280001,1770467796.357194
-0.44282340000000003,0.20824668000000002,16.216911,-7.0,210.910004,29.120001,1770467796.365248
-2.11358412,-1.03165884,18.778105800000002,-17.99,189.839996,40.32,1770467796.373176
-4.32291384,-2.5181092800000004,19.71641268,-7.98,159.039993,53.34,1770467796.381195
-7.53517872,-3.89205864,20.35551456,-5.04,150.149994,65.519997,1770467796.3893
-10.340524799999999,-5.550851160000001,19.48901688,-15.12,124.599998,27.23,1770467796.397176
-11.140000559999999,-5.445531000000001,17.217452520000002,-7.56,105.209999,5.53,1770467796.405178
-11.65223952,-4.46653224,15.051208320000002,-6.79,89.32,3.5,1770467796.41318
-11.75995332,-3.10694472,13.181775479999999,-6.65,74.269997,-13.44,1770467796.421166
-11.3937264,-1.58698332,11.542132080000002,-11.9,56.630001,-22.4,1770467796.429231
-10.61818704,-0.40452516000000005,9.88094592,-18.9,35.349998,-37.240002,1770467796.437183
-9.45009072,0.23697036000000002,8.2460898,-23.870001,11.06,-48.860001,1770467796.445184
-8.179067880000002,0.51223896,6.9224068800000005,-28.209999,-13.65,-60.34,1770467796.453181
-7.075599840000001,0.7707520800000001,5.93143992,-25.200001,-33.32,-66.639999,1770467796.461207
-6.048728280000001,1.11782988,4.98834576,-21.700001,-44.310001,-66.43,1770467796.469189
-5.239677960000001,1.5415041600000001,3.9734424,-10.08,-54.25,-67.199997,1770467796.477246
-4.42105308,2.05134948,3.1332747600000004,-1.12,-61.810001,-66.080002,1770467796.485196
-3.530619,2.64018492,2.69045136,6.65,-71.470001,-64.050003,1770467796.493186
-2.90587896,2.9106662400000003,2.64736584,8.12,-82.949997,-69.860001,1770467796.501179
-2.1782124,4.44977676,1.7497508400000001,9.1,-94.779999,-67.830002,1770467796.509176
-0.38058875999999997,5.929046280000001,1.65879252,15.75,-114.660004,-34.580002,1770467796.517203
0.06702192000000001,5.455105560000001,1.6444306800000001,21.0,-138.669998,-7.63,1770467796.525197
0.45957888,5.060154960000001,1.5151741200000002,21.77,-154.770004,-0.21,1770467796.533165
0.91915776,4.31094564,1.7928363600000001,24.219999,-158.690002,12.81,1770467796.54117
1.37155572,3.52822536,2.7814096800000003,26.74,-147.770004,18.48,1770467796.549175
1.9196992800000001,2.9369962800000002,4.7633436,26.950001,-116.410004,21.629999,1770467796.557183
2.59949304,2.8484316,7.33890024,25.690001,-63.98,19.809999,1770467796.565228
2.9082726,2.96571996,9.7181784,19.74,2.66,23.030001,1770467796.57318
2.2260852000000004,3.0973701600000005,12.02086008,16.030001,72.169998,24.5,1770467796.581194
0.6343146,2.5013538,15.0919002,20.790001,132.509995,24.639999,1770467796.589183
-2.4893856,1.29974652,19.69726356,29.540001,180.949997,18.76,1770467796.597204
-6.774001200000001,-0.03111732,24.091986600000002,51.310001,211.960007,26.389999,1770467796.605199
-10.58467608,-0.3111732,24.62337468,45.779999,198.800003,38.080002,1770467796.613179
-12.913687800000002,-0.7468156800000001,22.87601748,28.77,161.699997,35.279999,1770467796.621176
-14.795088840000002,-2.75029236,20.91323268,7.56,99.75,24.290001,1770467796.629179
-14.86929168,-3.8417922000000004,18.794861280000003,-4.41,24.43,12.53,1770467796.637253
-14.04348588,-5.02903764,16.72914996,-19.530001,-39.830002,-7.7,1770467796.645172
-11.89878444,-5.337817200000001,14.86929168,-38.360001,-91.419998,-24.85,1770467796.653175
-9.30168504,-5.2420716,13.09799808,-49.630001,-128.449997,-40.810001,1770467796.661178
-6.53942448,-4.863876480000001,11.470322880000001,-56.209999,-152.039993,-47.32,1770467796.669176
-3.8417922000000004,-4.1769018,10.098767160000001,-59.43,-164.850006,-48.580002,1770467796.677198
-1.55107872,-3.2984359199999997,8.765509680000001,-55.23,-171.289993,-48.509998,1770467796.685199
0.18909756000000003,-2.2452343200000002,7.2790592400000005,-45.220001,-176.119995,-36.470001,1770467796.69318
1.0412334,-1.36916208,5.924259,-31.639999,-174.300003,-30.59,1770467796.701297
2.46066192,-0.99096696,4.77770544,-21.91,-171.570007,-17.15,1770467796.709223
2.90587896,-0.3949506,3.59046,-11.69,-165.410004,-7.49,1770467796.717174
3.1452429600000005,0.09335196000000001,2.50853472,1.54,-154.839996,-1.61,1770467796.725181
3.5665236,1.0053288,1.4361840000000001,10.85,-143.850006,3.85,1770467796.733196
3.54737448,2.03938128,0.67740012,25.41,-129.360001,28.77,1770467796.741361
3.2888613600000003,2.4630555600000004,0.15319296000000002,28.559999,-110.25,38.080002,1770467796.749197
2.8603998,2.5276838400000003,-0.5266008,30.450001,-84.980003,41.23,1770467796.757172
2.5755566400000003,2.4056082,-1.0292652,35.77,-55.93,39.549999,1770467796.765174
2.53486476,1.93406112,-0.50984532,40.459999,-19.040001,37.799999,1770467796.773173
2.97768816,1.37155572,1.077138,49.84,22.959999,25.9,1770467796.781448
3.47556528,1.29495924,3.2457758400000003,54.32,69.300003,26.110001,1770467796.789266
3.96865512,1.8526773600000002,6.30245412,58.66,114.169998,15.96,1770467796.797179
4.19605092,2.82688884,9.600890040000001,56.98,162.399994,4.34,1770467796.805182
4.2415300799999995,3.2960422800000004,11.534951160000002,41.790001,206.710007,-4.97,1770467796.813175
3.93514416,2.85800616,12.585759120000002,35.77,241.360001,-9.94,1770467796.821203
2.9346026400000005,2.19975516,14.809450680000001,24.639999,264.459991,2.38,1770467796.82918
0.9000086400000001,1.80480456,18.6943284,18.690001,273.350006,22.190001,1770467796.837246
-1.29974652,0.33271596000000003,22.320693000000002,18.9,259.48999,42.0,1770467796.845173
-4.56945876,-0.9071895600000001,22.785059160000003,19.67,222.25,64.68,1770467796.853169
-8.0306622,-0.7970821200000001,21.22679952,15.96,172.550003,77.699997,1770467796.861191
-12.901719600000002,-4.5598842,19.804977360000002,-14.14,145.949997,63.700001,1770467796.869192
-12.152510280000001,-3.93514416,16.54244604,-30.309999,118.510002,28.98,1770467796.877276
-12.681504720000001,-4.368393,14.5293948,-32.200001,105.139999,22.82,1770467796.885352
-13.21768008,-4.0931244,13.00703976,-33.880001,98.769997,2.73,1770467796.893177
-13.43550132,-3.00162456,11.28840624,-34.650002,89.529999,-15.47,1770467796.901175
-12.731771160000001,-1.70427168,9.06232104,-38.080002,70.489998,-34.439999,1770467796.909193
-11.42484372,-0.7611775199999999,6.93916236,-35.349998,40.040001,-49.98,1770467796.917174
-9.92642508,-0.24893856,5.50297836,-30.309999,7.21,-60.830002,1770467796.925178
-8.43997464,-0.13643748,4.74658812,-20.440001,-22.889999,-72.589996,1770467796.933208
-7.02054612,0.02154276,4.16014632,-8.68,-45.009998,-76.300003,1770467796.941239
-5.78782152,0.34947144,3.3989688000000005,0.98,-62.93,-77.419998,1770467796.949259
-4.84233372,0.91915776,2.6449722,7.56,-75.599998,-76.089996,1770467796.957179
-3.9375378000000003,1.65879252,2.1423078,16.309999,-89.949997,-71.190002,1770467796.965175
-3.11412564,2.36012904,1.88858196,19.809999,-102.620003,-66.639999,1770467796.973495
-2.64736584,2.63539764,1.98193392,17.57,-115.639999,-67.760002,1770467796.981946
-1.24229916,4.58142696,1.2255436800000001,16.24,-119.980003,-56.419998,1770467796.989509
-0.44042976,4.37796756,1.3284702000000002,14.56,-140.910004,-33.389999,1770467796.997188
0.48590892,4.31094564,1.5391105200000001,19.25,-161.350006,-4.76,1770467797.005295
0.69894288,3.6622692,2.1925742400000003,19.809999,-168.770004,7.56,1770467797.013186
1.1489472,3.1284874800000004,3.10933836,23.030001,-158.970001,22.26,1770467797.021175
1.65400524,2.89391076,4.957228440000001,27.09,-127.540001,22.4,1770467797.029176
2.31225624,2.8484316,8.052204960000001,32.900002,-76.440002,24.15,1770467797.03716
2.70241956,3.3941815200000005,11.549313000000001,35.0,-9.66,20.23,1770467797.045177
2.2380534,3.9973788000000003,14.538969360000001,25.549999,60.830002,19.6,1770467797.053176
0.66064464,4.1649336,17.31080448,17.639999,115.150002,25.83,1770467797.061187
-2.7766224000000004,3.6622692,20.83424256,18.969999,162.190002,25.690001,1770467797.069283
-7.12825992,2.89869804,21.035308320000002,19.530001,196.070007,21.35,1770467797.077178
-9.873765,2.34097992,20.07306504,14.07,195.369995,23.1,1770467797.085264
-11.80303884,1.0723507200000002,19.43396316,4.48,162.960007,26.110001,1770467797.093262
-13.43550132,-0.3949506,18.87863868,-3.43,100.519997,23.1,1770467797.101191
-14.71370508,-2.33619264,17.940331800000003,-21.209999,35.209999,3.85,1770467797.10916
-13.86156924,-4.16253996,16.066111680000002,-35.139999,-28.91,-11.06,1770467797.117175
-11.67617592,-5.07691044,14.2182216,-48.509998,-84.629997,-25.27,1770467797.125168
-8.9881182,-5.22292248,12.25304316,-61.25,-126.0,-32.689999,1770467797.13317
-6.15404844,-4.72265172,10.467387720000001,-64.540001,-153.580002,-40.810001,1770467797.14117
-3.4827462000000002,-3.88727136,8.94263904,-67.199997,-172.410004,-37.029999,1770467797.149171
-1.2901719600000001,-2.69763228,7.37480484,-61.459999,-184.520004,-30.379999,1770467797.157174
0.299205,-1.9795402800000002,5.842875240000001,-50.540001,-191.309998,-19.459999,1770467797.165252
1.5941642400000002,-1.7306017200000001,4.30376472,-40.669998,-189.630005,-10.01,1770467797.173191
2.453481,-0.97421148,2.73114324,-28.91,-190.330002,3.64,1770467797.18119
2.79816516,-0.3710142,1.36916208,-16.59,-181.509995,15.4,1770467797.189169
3.00880548,0.20106576,0.27287496,-5.11,-171.080002,23.73,1770467797.197171
3.0734337600000003,0.70133652,-0.57207996,2.03,-155.399994,35.630001,1770467797.205213
3.05667828,1.0388397600000001,-1.01250972,10.64,-135.869995,40.459999,1770467797.213312
2.84603796,1.1250108,-0.9526687200000001,15.54,-109.760002,41.02,1770467797.221183
2.66412132,1.09389348,-0.68458104,19.459999,-75.18,42.279999,1770467797.22917
2.6449722,0.9526687200000001,0.0478728,25.34,-36.889999,34.369999,1770467797.237163
2.99683728,0.53378172,1.4792695200000001,31.219999,7.63,28.98,1770467797.245166
3.42051156,0.38776968,3.35348964,44.66,54.880001,21.280001,1770467797.253166
3.7029610800000006,0.70133652,5.675320440000001,54.459999,102.690002,14.21,1770467797.261169
3.65748192,1.1728836,8.267632560000001,60.619999,149.100006,3.15,1770467797.269184
3.8776968000000003,2.06331768,10.66845348,61.880001,190.470001,-9.73,1770467797.277171
3.4827462000000002,1.5821960400000001,13.05491256,55.439999,228.479996,-14.35,1770467797.285179
2.65215312,0.5792608800000001,15.68073564,44.869999,259.0,-12.67,1770467797.29318
0.91437048,0.47394072000000004,19.32146208,43.119999,272.929993,11.27,1770467797.30128
-1.1130426000000002,-0.32314139999999997,24.99678252,34.509998,255.5,25.620001,1770467797.309204
-4.14578448,-1.2063945600000001,25.41327588,23.66,209.860001,46.970001,1770467797.317177
-6.97506696,-1.39309848,22.76591004,7.42,148.399994,56.279999,1770467797.325191
-8.82535068,-2.3649163200000003,19.3406112,-19.25,118.93,63.209999,1770467797.333262
-10.110735360000001,-4.94047296,16.72196904,-36.889999,102.830002,28.91,1770467797.34121
-10.67324076,-5.11281504,14.519820240000001,-36.470001,95.199997,15.68,1770467797.349179
-11.17111788,-4.39951032,12.81554856,-31.290001,89.529999,2.94,1770467797.357177
-11.4056946,-3.51146988,11.29319352,-30.799999,82.739998,-21.280001,1770467797.365236
-11.00595672,-2.36730996,9.46205892,-33.25,71.540001,-35.419998,1770467797.373228
-10.16818272,-1.08671256,7.319751120000001,-30.59,50.540001,-55.720001,1770467797.381226
-9.12455568,-0.00718092,5.7207996,-24.780001,25.41,-62.860001,1770467797.38919
-8.068960440000001,0.80426304,4.56467148,-16.309999,1.54,-68.18,1770467797.397176
-7.101929880000001,1.3739493600000001,3.76758936,-7.56,-19.25,-67.550003,1770467797.405281
-6.15404844,1.73778264,3.0279546,-1.68,-35.139999,-67.620003,1770467797.413176
-5.433562800000001,2.02501944,2.16863784,5.53,-49.490002,-66.639999,1770467797.421172
-4.5239796000000005,2.49417288,1.52474868,8.33,-65.239998,-62.580002,1770467797.429183
-3.4588098,2.8963044,1.15373448,7.7,-83.019997,-59.150002,1770467797.437172
-2.5013538,2.9681136,1.01969064,2.45,-105.769997,-59.57,1770467797.445219
-1.6420370400000002,3.0614655600000003,1.00293516,-3.99,-131.880005,-67.059998,1770467797.453197
-0.45957888,3.50428896,0.9335196,-3.01,-145.179993,-48.02,1770467797.461162
1.24229916,4.16253996,1.00293516,3.99,-162.679993,-24.99,1770467797.469173
1.34761932,3.10215744,2.02741308,14.35,-160.509995,-3.85,1770467797.477163
1.6994844000000002,2.69045136,3.1213065600000003,29.469999,-141.399994,8.61,1770467797.485194
1.9292738400000002,2.60428032,5.01228216,50.540001,-95.339996,15.12,1770467797.493175
2.30746896,3.2888613600000003,7.88225652,73.360001,-26.809999,15.54,1770467797.501178
2.3098626,4.5000432,11.38415184,77.07,49.0,25.969999,1770467797.509182
1.1226171600000001,5.43595644,14.617959480000001,63.630001,113.959999,30.66,1770467797.517219
-1.2375118800000002,5.30909352,18.80682948,43.68,164.360001,36.540001,1770467797.525293
-4.8902065200000004,3.5018953200000005,23.23266984,38.43,202.929993,35.139999,1770467797.533204
-8.74157328,2.6808768000000005,22.320693000000002,42.419998,213.289993,36.189999,1770467797.541186
-11.858092560000001,1.73299536,21.44462076,26.530001,192.919998,40.529999,1770467797.549174
-13.911835680000001,0.26808768000000005,19.96774488,4.2,144.550003,34.16,1770467797.557171
-15.26424228,-0.57207996,18.54831636,-11.48,82.529999,37.310001,1770467797.565176
-15.83153496,-3.4851398400000004,17.3060172,-41.23,2.1,16.1,1770467797.573226
-14.507852040000001,-5.771066040000001,15.33605148,-56.0,-61.669998,-7.35,1770467797.581226
-12.097456560000001,-6.74288388,13.25837196,-65.099998,-113.540001,-22.959999,1770467797.589181
-9.24663132,-6.2737304400000005,11.106489600000002,-64.120003,-152.389999,-37.869999,1770467797.597174
-6.41734884,-5.639415840000001,9.5386554,-59.080002,-174.300003,-44.169998,1770467797.605205
-3.8346112800000003,-4.5718524,8.32507992,-52.080002,-189.210007,-46.689999,1770467797.613161
-1.46490768,-3.3822133200000004,7.200069120000001,-41.860001,-200.059998,-43.75,1770467797.621181
0.37580148,-2.08007316,5.79978972,-30.66,-208.110001,-36.68,1770467797.629213
1.72820808,-1.2805974,4.68914076,-20.02,-210.0,-28.280001,1770467797.637186
2.573163,-0.70851744,3.5928536400000004,-11.76,-211.820007,-16.379999,1770467797.645174
3.171573,-0.1914912,2.5851311999999997,-3.43,-206.289993,-8.96,1770467797.653173
3.42529884,0.24654492000000003,1.68990984,4.06,-194.880005,1.05,1770467797.661174
3.6598755600000006,0.8832531600000001,0.57207996,13.02,-180.809998,9.45,1770467797.669181
3.63115188,1.1585217600000002,-0.7420284,18.76,-161.210007,15.89,1770467797.67724
3.2433822000000005,1.2853846800000002,-1.77368724,23.799999,-136.5,21.35,1770467797.685192
3.0183800400000003,1.50320592,-2.16145692,25.969999,-103.459999,19.809999,1770467797.693163
3.05667828,1.6755480000000003,-1.3739493600000001,28.84,-61.110001,20.02,1770467797.701194
3.4588098,1.4792695200000001,0.33032232,33.32,-9.45,16.450001,1770467797.709191
4.3205202,1.1202235200000001,2.92981536,41.23,47.740002,14.98,1770467797.717296
5.086485,1.3428320400000002,6.470008920000001,48.650002,105.419998,11.48,1770467797.725205
5.34021084,2.1064032,9.888126840000002,50.75,166.389999,0.35,1770467797.733187
5.119995960000001,2.74550508,11.709686880000001,45.990002,225.820007,-11.97,1770467797.741297
5.4838292399999995,3.34152144,12.19320216,36.75,266.839996,-14.56,1770467797.749209
3.71971656,2.1662442,13.780185480000002,28.35,291.200012,-1.19,1770467797.757176
1.3165020000000003,1.58698332,17.91160812,24.01,304.5,12.39,1770467797.76518
-1.7904427200000002,-0.06223464,22.524152400000002,29.889999,305.549988,25.83,1770467797.773195
-5.033824920000001,-0.61755912,23.881346280000002,38.009998,275.940002,47.18,1770467797.78119
-8.68173228,-0.56968632,23.038785,19.110001,223.369995,51.799999,1770467797.789184
-10.543984200000002,-1.17048996,19.45071864,-5.81,174.509995,54.740002,1770467797.797181
-11.920327200000001,-3.6239709600000003,16.37728488,-20.860001,135.800003,25.41,1770467797.805179
-12.42777888,-4.18647636,14.23737072,-23.52,110.459999,19.459999,1770467797.813224
-12.497194440000001,-3.86333496,12.782037599999999,-23.940001,89.32,1.05,1770467797.821194
-12.3392142,-3.21465852,11.2022352,-27.58,75.389999,-15.89,1770467797.829177
-11.70729324,-2.3481608400000002,9.3471642,-29.75,61.25,-31.85,1770467797.837178
-10.75462452,-1.57740876,7.539966,-29.75,43.540001,-50.470001,1770467797.845193
-9.64158192,-1.03165884,6.0894201599999995,-25.690001,24.43,-59.43,1770467797.853179
-8.61231672,-0.6582510000000001,5.155900560000001,-16.24,5.95,-69.230003,1770467797.86118
-7.618956120000001,-0.27287496,4.41147852,-5.11,-12.25,-70.209999,1770467797.869193
-6.76921392,0.16755480000000003,3.62157732,2.66,-28.35,-72.099998,1770467797.877231
-5.84766252,0.6558573600000001,2.90348532,9.24,-46.900002,-69.089996,1770467797.885506
-4.97398392,1.2638419200000002,2.3649163200000003,11.41,-65.660004,-67.970001,1770467797.893291
-3.96386784,2.0202321600000004,1.9412420400000001,11.97,-87.639999,-63.139999,1770467797.901219
-3.0351355200000003,2.5492266,1.6157070000000002,5.32,-110.669998,-59.290001,1770467797.909179
-2.31943716,2.6090676,1.40506668,-3.01,-138.110001,-56.560001,1770467797.917179
-1.57501512,2.4678428400000003,1.08192528,-8.47,-161.0,-56.91,1770467797.925178
-0.33750324,2.68327044,1.0340524800000002,-0.35,-174.440002,-33.18,1770467797.933255
0.45000432000000007,2.53965204,1.4577267600000001,10.57,-169.75,-9.8,1770467797.941193
0.80665668,2.0896477200000003,2.4678428400000003,25.969999,-152.389999,10.78,1770467797.94922
1.0723507200000002,2.15188236,4.1409972,45.5,-115.080002,20.58,1770467797.957174
1.35958752,2.7287496000000004,6.71894748,62.299999,-58.66,24.5,1770467797.965174
1.65879252,3.82503672,10.54637784,69.440002,14.77,29.049999,1770467797.973488
0.9933606,4.99552668,14.38098912,55.650002,74.199997,31.709999,1770467797.98144
-0.7180920000000001,5.761491480000001,17.832618,32.689999,117.739998,38.080002,1770467797.989842
-3.82264308,4.9787712,20.633176799999998,15.54,142.029999,35.77,1770467797.997178
-7.3652302800000005,3.27689316,20.424930120000003,7.42,157.570007,32.48,1770467798.005183
-11.61154764,2.0704986,19.31188752,1.54,158.270004,32.970001,1770467798.013214
-12.913687800000002,0.54096264,19.1132154,-6.44,132.929993,27.58,1770467798.021337
-14.05545408,-1.2016072800000002,18.4669326,-17.85,84.699997,20.719999,1770467798.029165
-14.90519628,-2.79337788,17.66027592,-29.190001,25.969999,1.4,1770467798.037161
-14.340297240000002,-4.45695768,16.03978164,-41.580002,-34.09,-15.19,1770467798.045176
-12.19320216,-5.39287092,14.019549480000002,-52.779999,-86.660004,-26.809999,1770467798.053302
-9.397430640000001,-5.41441368,12.1237866,-56.77,-131.039993,-39.060001,1770467798.061218
-6.486764400000001,-4.85430192,10.318982040000002,-59.919998,-164.080002,-47.740002,1770467798.069176
-3.7915257600000003,-3.89684592,8.734392360000001,-55.650002,-184.869995,-49.490002,1770467798.077169
-1.44097128,-2.7718351200000004,7.3125702,-48.860001,-202.300003,-42.490002,1770467798.085351
0.35904600000000003,-1.63724976,5.95537632,-41.650002,-210.839996,-33.950001,1770467798.093182
1.23033096,-0.81623124,4.57424604,-31.360001,-213.009995,-27.65,1770467798.101172
2.76704784,-0.80426304,3.2433822000000005,-29.190001,-213.850006,-15.89,1770467798.109163
3.3319468800000003,-0.37580148,1.94602932,-20.440001,-212.869995,-4.34,1770467798.11717
3.6909928800000005,0.06223464,0.76357116,-9.8,-201.949997,9.38,1770467798.125199
3.8417922000000004,0.56489904,-0.23457672000000002,1.96,-187.389999,23.1,1770467798.133175
3.49232076,0.55771812,-1.01969064,12.18,-164.220001,26.74,1770467798.141171
3.19790304,0.68936832,-1.76171904,17.57,-135.869995,26.459999,1770467798.149172
2.94896448,0.9000086400000001,-1.88618832,22.120001,-100.940002,24.08,1770467798.157218
2.86279344,1.077138,-1.2901719600000001,27.58,-56.91,19.809999,1770467798.165196
3.1260938400000002,0.99575424,0.3111732,31.219999,-8.26,17.01,1770467798.173174
3.65748192,0.7276665600000001,2.35294812,39.549999,44.52,11.62,1770467798.181179
4.1409972,0.7707520800000001,4.92132384,48.650002,100.309998,9.87,1770467798.189199
4.5455223600000005,1.2686292,8.30353716,53.970001,155.399994,2.73,1770467798.197194
4.600576080000001,1.8694328400000002,11.082553200000001,52.290001,207.479996,-6.79,1770467798.205187
4.25589192,1.6516116,13.31821296,44.66,250.949997,-16.309999,1770467798.21322
3.28168044,0.57686724,15.31211508,35.77,281.470001,-16.030001,1770467798.221281
1.25426736,0.16037388000000002,18.395123400000003,30.66,300.369995,2.73,1770467798.229165
-1.6181006400000002,-0.89282772,23.598896760000002,32.41,296.660004,13.09,1770467798.237168
-4.87584468,-2.1423078,25.386945840000003,38.290001,253.889999,37.240002,1770467798.245169
-9.392643360000001,-2.04895584,24.04172016,25.34,201.669998,42.700001,1770467798.253168
-10.9987758,-2.7359305199999997,21.207650400000002,-3.64,148.610001,41.02,1770467798.261245
-11.721655080000001,-4.15057176,17.02356768,-20.790001,110.040001,21.559999,1770467798.269171
-11.98495548,-4.452170400000001,14.57248032,-25.690001,83.300003,15.19,1770467798.277164
-12.116605680000001,-3.97583604,13.07166804,-25.76,64.050003,1.05,1770467798.285177
-12.04479648,-3.1643920800000003,11.81740068,-29.75,52.290001,-17.360001,1770467798.293188
-11.511014760000002,-2.13512688,10.3046202,-34.16,41.299999,-36.68,1770467798.301177
-10.58706972,-1.06277616,8.45912376,-38.919998,27.860001,-49.700001,1770467798.309169
-9.43812252,-0.14840568,6.61123368,-38.080002,9.45,-63.630001,1770467798.317213
-8.27720712,0.49787712,5.251646160000001,-30.66,-7.84,-65.379997,1770467798.325201
-7.19049456,0.96224328,4.49764956,-24.15,-23.799999,-73.290001,1770467798.333182
-6.32160324,1.24708644,3.6479073600000005,-12.11,-38.360001,-73.849998,1770467798.341177
-5.38808364,1.4553331200000001,2.68327044,-2.59,-49.700001,-75.459999,1770467798.349192
-4.35163752,1.7928363600000001,2.0082639600000003,5.32,-65.519997,-75.18,1770467798.357238
-3.3032232,2.1806060400000002,1.47448224,9.31,-81.550003,-70.980003,1770467798.365181
-2.4678428400000003,2.50614108,1.10586168,9.87,-101.010002,-68.110001,1770467798.373206
-1.63724976,2.5755566400000003,1.2255436800000001,6.02,-119.629997,-70.699997,1770467798.38118
-1.0292652,3.7628020800000006,0.9263386800000001,2.8,-136.779999,-62.790001,1770467798.389242
0.5505372000000001,3.46599072,1.1489472,-0.98,-152.809998,-41.16,1770467798.39718
1.27102284,3.46599072,1.56544056,7.91,-164.289993,-20.02,1770467798.405286
1.6468243200000001,2.9346026400000005,2.20693608,16.52,-154.910004,-2.66,1770467798.413173
1.8957628800000002,2.60667396,3.0830083200000002,31.08,-127.120003,9.24,1770467798.421179
2.15188236,2.64975948,4.7992482,49.209999,-80.709999,16.1,1770467798.429178
2.4893856,3.5377999200000003,7.525604160000001,61.529999,-11.69,19.6,1770467798.437178
2.453481,4.61015064,10.946115720000002,63.77,62.860001,27.65,1770467798.445226
1.70187804,5.31627444,14.400138240000002,48.509998,127.190002,33.740002,1770467798.453183
-0.46436616000000003,4.9907394,18.605763720000002,25.129999,178.710007,34.369999,1770467798.461181
-3.87530316,2.71199412,23.12495604,18.200001,214.690002,30.030001,1770467798.46918
-8.6530086,1.75693176,22.502609640000003,24.43,232.889999,33.950001,1770467798.477178
-12.45650256,0.78272028,21.49249356,16.450001,223.229996,42.0,1770467798.485489
-14.402531880000002,-0.4069188,19.55125152,0.91,173.039993,41.369999,1770467798.493191
-16.5639888,-1.8239536800000002,18.158153040000002,-13.79,105.139999,27.09,1770467798.501173
-16.848831960000002,-2.97768816,16.221698280000002,-32.48,28.35,11.76,1770467798.509197
-15.836322240000001,-4.8471210000000005,14.373808200000001,-45.849998,-44.59,-7.14,1770467798.517176
-13.41156492,-5.7088314,12.4948008,-51.939999,-103.459999,-24.290001,1770467798.525237
-10.275896520000002,-5.71840596,10.706751720000002,-61.040001,-150.080002,-40.040001,1770467798.533161
-7.18092,-5.146326,8.9641818,-59.220001,-183.75,-48.860001,1770467798.541186
-4.33488204,-4.1769018,7.583051520000001,-56.209999,-206.429993,-44.029999,1770467798.549219
-1.8526773600000002,-3.0135927600000003,6.33596508,-49.700001,-220.990005,-40.110001,1770467798.557323
0.02872368,-2.11358412,5.2684016399999996,-37.310001,-228.759995,-26.25,1770467798.565175
1.20400092,-1.59895152,4.246317360000001,-26.879999,-228.339996,-21.49,1770467798.573182
2.5827375600000004,-1.2638419200000002,3.1811475600000003,-17.01,-225.960007,-9.38,1770467798.581181
3.3870006000000004,-0.6438891600000001,2.05134948,-8.47,-223.720001,1.68,1770467798.589235
3.7029610800000006,-0.12207564000000001,1.2016072800000002,1.89,-212.729996,11.69,1770467798.597186
3.71971656,0.30399228000000006,0.27766224,10.78,-196.070007,17.08,1770467798.605179
3.51146988,0.67261284,-0.8712849600000001,14.21,-171.990005,14.63,1770467798.613178
3.27689316,0.95506236,-1.9508166000000002,19.040001,-142.869995,18.549999,1770467798.62117
3.1476366,1.24948008,-2.1590632800000003,21.98,-107.239998,16.799999,1770467798.629185
3.36067056,1.4098539600000002,-1.27341648,27.860001,-61.110001,15.4,1770467798.637165
3.9542932800000004,1.2877783200000001,0.67740012,35.560001,-9.87,13.65,1770467798.645252
4.77770544,1.14415992,3.2936486400000002,42.700001,46.549999,10.36,1770467798.653208
5.08169772,1.65879252,6.66150012,52.080002,107.940002,2.52,1770467798.661178
5.68728864,2.4750237600000005,9.75887028,54.529999,161.839996,-3.08,1770467798.6692
5.41202004,2.71917504,11.630696760000001,47.110001,216.720001,-17.5,1770467798.677307
6.01043004,3.4947144000000003,12.564216360000001,39.34,260.540009,-16.59,1770467798.685208
4.2008382,1.2231500400000002,14.86211076,26.950001,289.589996,7.21,1770467798.693239
1.6516116,1.0388397600000001,18.754169400000002,24.43,307.579987,17.219999,1770467798.701215
-1.5079932,-0.5266008,23.287723560000003,28.0,314.019989,28.91,1770467798.709176
-4.49525592,-1.2925655999999999,24.123103920000002,29.540001,287.559998,46.41,1770467798.717154
-8.91152172,-1.67076072,23.07229596,16.52,240.800003,53.060001,1770467798.725178
-12.152510280000001,-3.68141832,20.120937840000003,-10.43,196.979996,42.349998,1770467798.733224
-12.05915832,-3.8657286000000006,15.606532800000002,-26.18,158.830002,27.299999,1770467798.741192
-12.70304748,-4.136209920000001,12.87538956,-30.1,131.039993,17.99,1770467798.749177
-13.08602988,-4.1170608,10.95808392,-35.349998,111.510002,4.34,1770467798.757173
-13.196137320000002,-3.6957801600000004,9.4189734,-35.98,91.07,-13.65,1770467798.765175
-12.81315492,-3.0135927600000003,8.021087640000001,-38.080002,71.610001,-31.08,1770467798.773175
-11.932295400000001,-2.12794596,6.70937292,-37.52,43.189999,-46.549999,1770467798.781308
-10.82404008,-1.29974652,5.38090272,-30.450001,16.1,-52.150002,1770467798.789224
-9.715784760000002,-0.6414955200000001,4.48568136,-24.15,-9.8,-60.689999,1770467798.797178
-8.64343404,-0.15079932000000001,3.7532275200000003,-10.92,-30.66,-62.720001,1770467798.805178
-7.74821268,0.25851312000000004,3.01119912,-0.42,-47.529999,-67.970001,1770467798.813223
-6.34553964,0.9478814400000001,2.35055448,8.12,-64.470001,-73.360001,1770467798.821194
-5.0027076,1.735389,1.96517844,12.18,-84.559998,-71.120003,1770467798.829179
-3.7532275200000003,2.513322,1.6970907600000003,12.11,-109.550003,-66.150002,1770467798.837178
-2.84125068,2.76226056,1.61091972,9.17,-134.330002,-66.290001,1770467798.845176
-1.4936313600000002,4.43302128,1.03644612,6.44,-157.990005,-62.93,1770467798.85327
-0.2633004,4.3396693200000005,1.14655356,4.76,-183.960007,-33.040001,1770467798.861193
0.7707520800000001,4.428234000000001,1.3404384000000003,10.29,-203.979996,-12.53,1770467798.869178
1.15612812,4.01174064,2.0130512400000002,17.360001,-200.830002,6.79,1770467798.87718
1.6228879200000002,3.6383328,3.13088112,35.91,-176.399994,23.940001,1770467798.885301
2.11358412,3.8465794800000004,5.23249704,53.41,-127.75,29.889999,1770467798.8932
2.6258230800000004,4.77052452,8.33226084,67.900002,-57.889999,33.389999,1770467798.901185
3.0351355200000003,5.98170636,11.81021976,68.389999,21.77,37.029999,1770467798.909232
2.5157156400000003,6.84341676,15.10147476,49.560001,86.940002,50.540001,1770467798.917177
0.07659648000000001,6.22825128,18.6584238,28.49,141.259995,53.830002,1770467798.925177
-4.12184808,4.3205202,21.73664484,17.57,192.919998,41.02,1770467798.933177
-7.63810524,2.69523864,21.011371920000002,18.34,223.509995,36.68,1770467798.941172
-11.714474160000002,1.95799752,20.683443240000003,7.21,220.919998,42.560001,1770467798.949199
-13.92141024,0.14122476,19.6398162,-10.64,170.729996,33.950001,1770467798.957323
-16.51850964,-2.9226344400000004,18.88342596,-29.190001,107.940002,7.56,1770467798.965188
-17.23660164,-4.90935564,16.58313792,-44.869999,31.01,-3.78,1770467798.973507
-15.77648124,-6.69501108,14.48630928,-54.110001,-44.59,-20.58,1770467798.981589
-13.081242600000001,-7.525604160000001,12.42777888,-58.869999,-111.860001,-31.709999,1770467798.989359
-9.773232120000001,-7.271878320000001,10.66605984,-60.200001,-167.089996,-45.43,1770467798.997201
-6.493945320000001,-6.388625160000001,9.01684188,-55.509998,-203.839996,-45.290001,1770467799.005191
-3.5521617599999997,-5.3761154399999995,7.779330000000001,-51.66,-227.429993,-45.290001,1770467799.013181
-1.0579888800000001,-3.7939194,6.52984992,-39.900002,-242.970001,-40.669998,1770467799.021194
0.9239450400000001,-2.22369156,5.2181352,-26.25,-254.520004,-29.33,1770467799.029254
2.19496788,-1.5582596400000002,4.26307284,-18.41,-257.73999,-13.79,1770467799.037172
2.80534608,-1.1369790000000002,3.28646772,-8.12,-250.880005,-3.22,1770467799.04518
3.9590805600000003,-0.5026644,2.12794596,-0.56,-242.830002,1.61,1770467799.053187
4.1888700000000005,-0.09813924000000002,1.2375118800000002,10.99,-227.990005,13.51,1770467799.061204
4.1673272400000005,0.17473572,0.42846156,15.68,-206.080002,21.559999,1770467799.069245
3.9925915200000004,0.35425872,-0.53378172,22.68,-177.729996,18.549999,1770467799.077181
3.82743036,0.67740012,-1.4122476000000002,24.639999,-143.779999,22.75,1770467799.085184
3.7221102,1.0172970000000001,-1.75214448,24.92,-105.419998,17.290001,1770467799.093201
3.74125932,1.15373448,-1.06277616,27.09,-61.110001,18.41,1770467799.101184
4.11945444,0.9813924,0.38537604000000003,30.24,-9.17,14.49,1770467799.109173
4.904568360000001,0.6343146,2.5181092800000004,36.75,46.830002,13.16,1770467799.117166
5.46228648,0.39255696000000007,5.663352240000001,43.889999,105.769997,6.58,1770467799.125173
6.59926548,1.48884408,8.99051184,48.09,164.289993,-0.28,1770467799.133192
6.42931704,1.5821960400000001,11.302768080000002,43.959999,217.070007,-7.35,1770467799.141295
6.24021948,0.7396347600000001,12.681504720000001,29.469999,259.700012,-7.7,1770467799.149171
5.349785400000001,-0.538569,13.78976004,22.540001,293.160004,1.96,1770467799.157175
3.9423250800000003,-0.73724112,17.00920584,24.780001,318.640015,16.870001,1770467799.165171
0.72048564,-2.4726301200000003,22.74436728,35.700001,337.679993,33.740002,1770467799.173163
-3.171573,-3.53540628,25.075772640000004,48.720001,328.019989,44.029999,1770467799.181154
-7.8846501600000005,-2.88194256,25.50184056,38.779999,282.450012,59.990002,1770467799.189399
-11.750378760000002,-3.60960912,22.13398908,8.54,236.039993,32.48,1770467799.197196
-13.548002400000001,-3.88009044,17.564530320000003,-8.47,185.850006,23.870001,1770467799.205252
-14.304392640000001,-3.6455137200000003,14.15359332,-22.33,141.259995,10.15,1770467799.213195
-14.287637160000001,-2.9824754400000004,11.788677,-24.360001,100.379997,-7.28,1770467799.221156
-13.71316356,-2.23565976,10.14663996,-29.75,65.309998,-28.91,1770467799.229165
-12.89214504,-1.34761932,8.71524324,-32.900002,36.82,-45.5,1770467799.237168
-11.668995,-0.67740012,7.12825992,-31.99,12.67,-61.459999,1770467799.245169
-10.16339544,-0.15319296000000002,5.59393668,-32.34,-9.45,-77.629997,1770467799.253168
-8.59795488,0.36383328000000004,4.48568136,-23.52,-26.67,-86.660004,1770467799.261173
-7.24315464,0.8377740000000001,3.6000345600000005,-13.65,-40.880001,-98.349998,1770467799.269255
-5.991280920000001,1.40267304,2.7167814000000003,-2.8,-52.220001,-104.790001,1770467799.277177
-4.81600368,1.9556038800000002,1.8574646400000001,7.63,-64.68,-105.769997,1770467799.285156
-3.7388656800000004,2.5300774800000005,1.4457585600000002,15.96,-82.25,-105.0,1770467799.293191
-2.85321888,2.84125068,1.38113028,15.75,-105.139999,-107.589996,1770467799.30119
-1.2063945600000001,4.20562548,1.14655356,19.530001,-130.199997,-92.330002,1770467799.30926
0.39016332000000004,5.677714079999999,1.19203272,21.98,-156.729996,-70.699997,1770467799.317173
0.7276665600000001,5.4527119200000005,1.70427168,24.780001,-179.619995,-43.470001,1770467799.325175
1.0532016,5.29712532,1.8957628800000002,22.889999,-184.449997,-23.870001,1770467799.333231
1.40267304,5.00510124,2.1207650399999998,30.450001,-171.639999,-5.67,1770467799.341171
1.8263473200000002,4.67717256,2.77422876,42.0,-137.759995,12.95,1770467799.349267
2.2404470400000003,4.61733156,4.535947800000001,52.43,-84.559998,29.889999,1770467799.357174
2.5851311999999997,4.9021747200000005,7.26230376,65.449997,-12.67,39.689999,1770467799.365178
2.9274217200000003,4.81361004,10.314194760000001,61.669998,64.400002,43.470001,1770467799.373175
2.40800184,4.06440072,13.942953000000001,53.689999,134.610001,49.560001,1770467799.381159
0.09813924000000002,2.7359305199999997,18.40948524,43.119999,192.5,46.830002,1770467799.389774
-4.41387216,1.2686292,21.94728516,44.66,239.330002,40.459999,1770467799.397181
-8.55965664,0.97421148,21.147809400000003,43.889999,257.109985,55.369999,1770467799.40531
-13.85438832,-0.38058875999999997,21.02573376,24.01,245.770004,59.5,1770467799.41317
-16.913460240000003,-2.85561252,19.955776680000003,10.43,189.699997,34.720001,1770467799.421176
-18.667998360000002,-5.64180948,18.589008240000002,-0.77,105.139999,20.51,1770467799.429176
-18.950447880000002,-7.209643680000001,16.875162,-17.99,19.530001,1.05,1770467799.437169
-17.44724196,-8.107258680000001,14.90519628,-29.68,-55.580002,-17.709999,1770467799.445189
-14.47434108,-7.89422472,13.129115400000002,-39.759998,-122.010002,-45.639999,1770467799.45318
-10.95808392,-6.7285220400000005,11.62351584,-42.77,-169.119995,-60.549999,1770467799.461179
-7.319751120000001,-5.8739925600000005,10.60143156,-45.57,-198.100006,-70.699997,1770467799.469176
-4.0476452400000005,-4.64126796,9.545836320000001,-41.439999,-214.970001,-72.870003,1770467799.477222
-1.4840568,-3.22183944,8.3418354,-36.400002,-222.529999,-71.82,1770467799.485311
0.37340784000000005,-1.6851225600000002,6.955917840000001,-25.34,-226.169998,-62.720001,1770467799.493197
1.4457585600000002,-0.67261284,5.6130858,-17.639999,-224.210007,-52.849998,1770467799.501193
2.26917072,-0.19627848000000003,4.16253996,-14.91,-218.259995,-43.189999,1770467799.509196
2.77901604,0.35904600000000003,2.66651496,-9.66,-212.309998,-36.68,1770467799.517178
4.73701356,2.13512688,0.85692312,1.89,-204.679993,-11.41,1770467799.525183
3.66705648,1.7473572000000002,0.43085520000000005,7.35,-192.779999,9.38,1770467799.533218
3.6359391600000004,1.8263473200000002,-0.2034594,6.72,-177.169998,16.24,1770467799.541262
3.59046,1.88379468,-0.81862488,4.34,-155.75,15.33,1770467799.549176
3.4420543200000004,1.86225192,-1.2829910400000002,6.86,-126.419998,23.030001,1770467799.557176
3.3319468800000003,1.8718264800000002,-1.27581012,10.78,-89.739998,21.629999,1770467799.565177
3.51146988,1.8742201200000002,-0.6127718400000001,13.3,-48.02,14.84,1770467799.573174
3.8537604000000005,1.57740876,0.81862488,21.49,0.07,13.09,1770467799.58117
4.287009240000001,1.39788576,2.7407178,29.33,52.779999,9.17,1770467799.589177
4.70110896,1.4433649200000003,5.35457268,36.68,108.709999,3.01,1770467799.597185
5.02903764,1.73778264,7.839171,39.41,162.610001,-0.77,1770467799.605185
5.0625485999999995,1.67794164,9.66791196,32.060001,208.529999,-7.84,1770467799.613303
4.73222628,0.95506236,11.21659704,23.24,245.559998,-12.04,1770467799.621179
4.1338162800000005,-0.02154276,12.88735776,18.200001,271.25,1.61,1770467799.629177
2.37927816,-0.6079845600000001,16.568776080000003,18.9,291.200012,10.01,1770467799.637176
-0.56489904,-1.93166748,21.578664600000003,28.629999,301.350006,18.9,1770467799.645191
-4.40190396,-3.6479073600000005,24.764599439999998,45.009998,280.910004,30.030001,1770467799.653163
-9.404611560000001,-4.13860356,25.552107,36.330002,252.490005,35.77,1770467799.661184
-12.20517036,-4.452170400000001,22.203404640000002,14.77,195.160004,4.41,1770467799.66918
-13.20810552,-4.73701356,17.76320244,1.12,141.820007,-4.76,1770467799.677173
-13.524066000000001,-4.47371316,14.32114812,-7.21,99.470001,-7.84,1770467799.685169
-13.308638400000001,-3.7556211600000005,12.157297560000002,-15.47,66.080002,-23.870001,1770467799.693214
-12.729377520000002,-2.6138548800000003,10.728294479999999,-20.23,40.32,-33.669998,1770467799.701183
-12.109424760000001,-1.3165020000000003,9.45727164,-25.76,21.07,-45.43,1770467799.709245
-11.30755536,-0.11250108000000002,7.994757600000001,-30.309999,5.18,-53.619999,1770467799.717193
-10.486536840000001,0.74920932,6.53224356,-31.360001,-9.8,-60.759998,1770467799.725177
-9.60328368,1.34761932,5.34021084,-33.32,-23.24,-62.580002,1770467799.733173
-8.758328760000001,1.6755480000000003,4.57424604,-25.9,-35.0,-71.68,1770467799.741177
-7.78172364,1.8454964400000002,3.87290952,-16.450001,-47.459999,-75.599998,1770467799.749188
-6.762033000000001,2.13991416,3.15481752,-7.77,-58.59,-76.860001,1770467799.757279
-5.5604257200000005,2.5181092800000004,2.5588011600000002,0.56,-76.580002,-76.160004,1770467799.765198
-4.64126796,2.8388570399999997,2.32422444,4.9,-99.400002,-79.519997,1770467799.773178
-3.4947144000000003,3.44444796,2.21651064,6.3,-125.790001,-84.699997,1770467799.781161
-1.3643748000000002,4.80164184,2.1207650399999998,12.32,-164.779999,-62.369999,1770467799.789173
-0.40213152,5.625054,2.0681049600000003,9.94,-200.759995,-43.610001,1770467799.797219
0.299205,5.555638440000001,1.9173056400000001,10.22,-228.410004,-24.219999,1770467799.805197
0.9359132400000001,5.21095428,1.7928363600000001,7.91,-241.990005,-12.18,1770467799.813183
1.52953596,4.9907394,2.0824668,14.07,-232.610001,0.35,1770467799.821209
2.14948872,4.751375400000001,3.21705216,22.4,-199.850006,20.02,1770467799.82918
3.06625284,4.99313304,5.23489068,39.549999,-145.529999,28.0,1770467799.837179
3.82503672,5.27558256,7.6357116000000005,46.41,-73.57,33.880001,1770467799.845188
4.2965838,5.06972952,10.48174956,43.119999,0.0,31.5,1770467799.853202
3.5330126400000004,4.18168908,13.397203080000002,31.08,67.410004,30.030001,1770467799.861181
1.06277616,2.60667396,16.535265120000002,18.200001,133.139999,19.809999,1770467799.869181
-2.59231212,0.0957456,20.542218480000003,26.389999,196.139999,17.780001,1770467799.877201
-6.09420744,-1.4553331200000001,21.253129559999998,45.990002,218.889999,30.870001,1770467799.885241
-10.99398852,-2.50374744,21.77733672,25.549999,205.940002,37.310001,1770467799.893458
-13.71795084,-5.88596076,21.98079612,4.34,155.470001,6.86,1770467799.901349
-15.49642536,-7.453794960000001,20.69062416,-6.23,81.830002,-8.61,1770467799.909184
-15.67594836,-8.00433216,18.6943284,-22.33,-0.21,-21.139999,1770467799.917178
-14.2541262,-8.53093296,16.317443880000003,-37.240002,-78.190002,-37.869999,1770467799.925252
-11.6450586,-8.377740000000001,14.3498718,-47.950001,-139.509995,-52.919998,1770467799.933184
-8.38013364,-7.616562480000001,12.901719600000002,-55.09,-182.210007,-64.050003,1770467799.941229
-5.143932360000001,-6.194740320000001,11.44878012,-59.990002,-210.490005,-72.379997,1770467799.949215
-2.4056082,-4.5981824399999995,10.0413198,-55.369999,-225.259995,-69.510002,1770467799.957182
0.01436184,-2.84603796,8.75114784,-49.209999,-234.850006,-63.490002,1770467799.965179
1.70666532,-1.38113028,7.3652302800000005,-38.709999,-237.860001,-52.009998,1770467799.973354
2.44869372,-0.52181352,5.91468444,-28.77,-234.220001,-43.330002,1770467799.981278
3.3917878800000003,0.44042976,4.2606792,-17.08,-231.839996,-40.040001,1770467799.989276
4.25349828,0.9526687200000001,2.71199412,-2.59,-231.630005,-37.099998,1770467799.997206
4.9763775599999995,2.41997004,1.2877783200000001,19.530001,-221.199997,0.14,1770467800.005198
4.86627012,2.6617276800000003,0.46436616000000003,28.42,-205.240005,9.45,1770467800.013183
4.8471210000000005,2.8077397200000003,-0.11968200000000001,31.15,-182.279999,19.809999,1770467800.021219
4.82079096,2.8675807200000003,-0.5481435600000001,33.32,-150.990005,17.219999,1770467800.029279
4.74658812,2.89869804,-0.9766051200000001,33.880001,-111.089996,17.08,1770467800.037163
4.808822760000001,2.60667396,-1.27341648,42.630001,-63.139999,10.29,1770467800.045175
5.20137972,1.90055016,-0.7899012,49.419998,-12.53,5.67,1770467800.053197
6.14208024,1.02208428,0.47154708,58.66,37.73,3.64,1770467800.06118
7.37480484,0.59362272,2.6808768000000005,67.970001,84.139999,7.21,1770467800.069177
8.20300428,0.7348474800000001,5.81893884,73.220001,128.380005,23.17,1770467800.077229
7.89422472,0.60559092,8.52853932,72.870003,178.220001,34.860001,1770467800.085196
6.958311480000001,0.06702192000000001,10.290258360000001,54.459999,235.899994,42.91,1770467800.093208
5.14871964,-2.1662442,12.269798640000001,40.529999,280.559998,56.209999,1770467800.101184
1.735389,-4.37078664,13.49773596,44.310001,300.790009,76.019997,1770467800.109206
-2.4175764,-4.82797188,16.073292600000002,48.439999,305.549988,85.470001,1770467800.11723
-7.72427628,-6.96070512,19.28555748,36.889999,311.220001,36.959999,1770467800.125197
-10.19930004,-5.10324048,21.267491400000004,18.690001,270.76001,4.2,1770467800.133178
-12.971135160000001,-4.7824927200000005,22.344629400000002,7.63,211.399994,-0.77,1770467800.14117
-14.09375232,-4.25349828,20.53264392,-0.28,143.080002,-26.67,1770467800.149212
-14.395350960000002,-3.56173632,17.61240312,6.3,81.410004,-35.630001,1770467800.157174
-13.380447600000002,-1.85985828,14.09135868,16.1,25.969999,-50.259998,1770467800.165174
-11.62351584,0.08856468,10.694783520000001,21.42,-17.01,-64.470001,1770467800.173214
-9.66073104,1.67794164,7.94449116,32.34,-45.360001,-77.980003,1770467800.181317
-7.5758706,2.74550508,6.2306449200000005,44.099998,-65.449997,-89.32,1770467800.189167
-5.747129640000001,3.88487772,5.60590488,56.77,-77.419998,-92.68,1770467800.197181
-4.35403116,4.71068352,5.773459680000001,59.009998,-86.730003,-107.029999,1770467800.205167
-3.6287582400000002,5.73037416,5.735161440000001,53.900002,-91.629997,-130.619995,1770467800.213178
-1.9508166000000002,6.65671284,5.30430624,44.52,-95.199997,-142.940002,1770467800.221175
-0.18670392000000002,8.80380792,4.7035026,43.68,-108.57,-114.800003,1770467800.229142
-0.39255696000000007,9.083863800000001,4.53834144,28.42,-114.660004,-104.019997,1770467800.237166
-0.19388484,9.1437048,3.4731716400000003,13.44,-119.0,-91.559998,1770467800.245161
0.06462828000000001,9.08865108,2.41997004,-4.06,-121.239998,-88.830002,1770467800.253177
0.41170608000000003,9.01684188,2.2141170000000003,-14.77,-115.360001,-72.800003,1770467800.261171
0.7611775199999999,8.83731888,2.7287496000000004,-19.67,-96.809998,-63.490002,1770467800.269173
1.20400092,8.260451640000001,3.63354552,-22.889999,-70.699997,-54.880001,1770467800.277174
1.7593254,7.307782920000001,4.7609499600000005,-22.889999,-38.220001,-49.419998,1770467800.285169
2.26438344,5.92186536,6.362295120000001,-25.34,-3.78,-45.080002,1770467800.293295
2.73114324,4.30137108,8.55965664,-25.76,28.559999,-39.830002,1770467800.301218
3.0040182,2.5109283600000003,11.06819136,-25.549999,59.639999,-38.220001,1770467800.309178
2.61146124,1.0292652,14.07699684,-23.66,85.82,-37.799999,1770467800.317174
0.74920932,0.08138376,17.66027592,-14.0,104.160004,-32.130001,1770467800.325177
-1.5702278400000003,-0.33750324,21.9975516,-17.360001,114.589996,-38.919998,1770467800.333247
-4.11945444,-1.3859175600000002,25.40609496,-13.09,112.910004,-39.48,1770467800.341221
-5.39047728,-2.82688884,25.066198080000003,-13.37,89.599998,-34.650002,1770467800.349174
-6.288092280000001,-2.45587464,21.90659328,-18.200001,62.439999,-33.32,1770467800.357176
-8.03784312,-3.82024944,19.31428116,-34.860001,25.41,-51.73,1770467800.365212
-6.85059768,-3.6479073600000005,15.965578800000001,-52.57,-4.55,-69.230003,1770467800.373241
-6.0798456000000005,-3.6598755600000006,13.191350040000001,-64.959999,-21.139999,-77.699997,1770467800.381165
-5.2181352,-3.42529884,11.118457800000002,-73.989998,-30.66,-80.639999,1770467800.38917
-4.4904686400000005,-3.1045510800000002,9.67988016,-77.839996,-31.15,-80.220001,1770467800.397196
-3.82264308,-2.7598669200000003,8.54768844,-76.860001,-27.440001,-77.559998,1770467800.405189
-3.22662672,-2.4510873600000003,7.539966,-82.529999,-22.889999,-71.82,1770467800.413209
-2.7359305199999997,-2.03220036,6.2114958,-85.959999,-21.629999,-62.02,1770467800.421169
-2.2978944,-1.53432324,4.72265172,-91.629997,-26.459999,-52.709999,1770467800.429179
-1.9603911600000001,-1.1728836,3.22662672,-92.959999,-33.040001,-42.630001,1770467800.437202
-1.58937696,-0.9407005200000002,2.01544488,-88.199997,-41.23,-29.049999,1770467800.445215
-1.31889564,-0.76357116,1.27581012,-79.870003,-47.110001,-17.01,1770467800.453178
-0.84495492,-0.73245384,1.01969064,-61.740002,-49.84,-9.38,1770467800.461178
-0.32314139999999997,-0.8234121600000001,1.29495924,-43.119999,-50.189999,9.24,1770467800.469211
0.25851312000000004,-1.37155572,2.154276,-23.799999,-48.790001,15.75,1770467800.477193
0.78750756,-1.7114526,3.1811475600000003,-5.25,-46.48,27.58,1770467800.485166
1.22793732,-1.67076072,4.26307284,9.45,-42.630001,35.279999,1770467800.493379
1.5845896800000001,-1.68033528,5.18701788,29.190001,-32.549999,40.669998,1770467800.501178
1.9508166000000002,-1.8909756,5.91947172,48.509998,-16.450001,45.5,1770467800.50921
2.29071348,-2.20454244,7.054057080000001,72.309998,4.13,44.799999,1770467800.517319
2.84364432,-2.5300774800000005,8.4615174,91.209999,22.33,44.169998,1770467800.525176
3.28168044,-2.6234294400000002,10.0293516,104.860001,33.18,44.52,1770467800.533159
3.78913212,-2.9896563600000006,12.4229916,108.220001,37.450001,44.029999,1770467800.541184
3.9806233200000003,-3.37742604,14.567693040000002,104.440002,38.779999,53.689999,1770467800.549196
4.2008382,-4.11945444,15.738183000000001,97.089996,38.849998,58.380001,1770467800.557176
4.48568136,-4.88541924,17.05229136,90.860001,37.169998,77.489998,1770467800.565283
4.85669556,-5.91468444,18.86906412,74.970001,37.240002,95.129997,1770467800.573173
3.32237232,-6.5968718399999995,19.907903880000003,56.630001,51.52,105.769997,1770467800.58116
0.34947144,-5.505372,19.01028888,49.139999,91.629997,101.080002,1770467800.58917
-3.94711236,-4.80164184,17.52623208,39.549999,155.539993,60.41,1770467800.59719
-6.52506264,-2.88912348,15.8698332,42.0,208.600006,37.66,1770467800.605184
-8.99529912,-1.0579888800000001,14.2301898,38.290001,243.600006,5.67,1770467800.613292
-10.90063656,0.49308984000000006,11.913146280000001,33.529999,251.229996,-13.44,1770467800.621188
-12.22431948,1.5367168800000002,8.9282772,24.780001,233.240005,-32.970001,1770467800.629181
-12.884964120000001,2.26917072,5.864418000000001,9.66,192.570007,-61.040001,1770467800.637176
-12.88017684,2.6880577199999998,3.5377999200000003,6.23,145.809998,-77.699997,1770467800.645204
-12.116605680000001,2.89869804,2.32661808,8.12,94.080002,-101.220001,1770467800.653217
-10.9987758,3.0399228000000003,1.5319296,20.02,47.740002,-112.980003,1770467800.661177
-9.4309416,3.56891724,1.25426736,25.41,-2.17,-117.389999,1770467800.669174
-7.55672148,4.52158596,1.2901719600000001,27.02,-52.57,-124.389999,1770467800.677186
-5.85963072,6.168410280000001,1.1369790000000002,35.630001,-89.879997,-120.190002,1770467800.685166
-4.08594348,7.812840960000001,1.48645044,34.860001,-145.110001,-74.480003,1770467800.693185
-2.74550508,8.43040008,1.50320592,33.32,-180.740005,-50.330002,1770467800.70119
-2.3577354,8.34422904,1.5175677600000002,24.780001,-201.320007,-32.830002,1770467800.709201
-0.22978944,9.12455568,1.4840568,21.629999,-220.149994,-14.07,1770467800.717192
0.52181352,8.94742632,2.10161592,20.299999,-226.729996,8.68,1770467800.725178
1.2446928,8.32029264,3.26492496,12.74,-215.320007,24.08,1770467800.733172
2.0561367600000002,8.033055840000001,5.00749488,10.29,-182.979996,32.130001,1770467800.741178
3.1691793600000002,7.922948400000001,7.539966,9.45,-135.240005,39.27,1770467800.749255
4.741800840000001,7.74821268,10.02217068,3.15,-76.440002,41.509998,1770467800.757168
5.0625485999999995,6.8793213600000005,11.9921364,1.89,-13.65,49.77,1770467800.765177
4.492862280000001,5.47425468,14.268488040000001,-3.99,48.439999,49.560001,1770467800.773174
2.752686,3.91599504,18.24671772,0.63,119.07,46.060001,1770467800.781168
-0.40452516000000005,1.70187804,22.426013160000004,7.56,200.410004,35.630001,1770467800.789173
-2.54683296,-0.7611775199999999,24.19251948,26.18,247.380005,41.369999,1770467800.797238
-4.84472736,-1.1609154000000002,23.756877,25.620001,234.009995,58.52,1770467800.805183
-7.822415520000001,-1.60134516,23.371500960000002,4.9,181.020004,65.800003,1770467800.813186
-10.412334,-2.80295244,20.803125240000004,-28.42,123.410004,61.880001,1770467800.821208
-11.8844226,-4.3444566,16.889523840000003,-53.900002,58.52,31.92,1770467800.829225
-11.55649392,-5.5700002799999995,13.976463960000002,-67.059998,0.91,14.77,1770467800.83734
-10.747443600000002,-6.2354322,11.83894344,-73.010002,-38.639999,-2.17,1770467800.845179
-9.51711264,-5.9170780800000005,9.86658408,-74.410004,-64.470001,-15.47,1770467800.853175
-8.0545986,-5.4934038,8.224547040000001,-73.080002,-80.080002,-21.49,1770467800.861186
-6.362295120000001,-4.87823832,6.860172240000001,-69.089996,-90.370003,-28.0,1770467800.869212
-4.75855632,-4.3612120800000005,5.878779840000001,-65.589996,-97.93,-25.9,1770467800.877256
-3.2290203600000003,-3.7747702800000003,4.93329204,-59.009998,-104.089996,-22.190001,1770467800.885194
-1.9867212,-3.10933836,4.0332834,-53.48,-109.199997,-7.84,1770467800.89322
-1.0795316400000001,-2.19496788,3.0614655600000003,-45.009998,-112.839996,-0.28,1770467800.901188
-0.48351528,-1.4481522,2.20932972,-37.66,-118.790001,8.4,1770467800.909196
-0.06702192000000001,-0.7803266400000001,1.4601204,-32.759998,-120.470001,17.43,1770467800.91719
0.27048132,-0.29202408,0.9598496400000001,-25.549999,-121.870003,24.08,1770467800.925178
0.6008036400000001,-0.16516116,0.37340784000000005,-21.42,-118.580002,25.41,1770467800.933178
0.86649768,-0.04308552,-0.21064032000000002,-12.46,-112.559998,26.879999,1770467800.941173
1.04841432,0.21542760000000002,-0.34229052,-1.89,-102.410004,32.27,1770467800.949219
1.35719388,0.25851312000000004,0.53138808,12.32,-82.809998,31.219999,1770467800.95718
1.8742201200000002,0.17952300000000002,2.60428032,26.110001,-54.880001,32.830002,1770467800.965179
2.35055448,0.24415128000000003,5.38808364,35.07,-17.92,28.77,1770467800.973352
3.02077368,0.85213584,8.80380792,40.25,18.549999,21.84,1770467800.981597
3.6503010000000002,1.63246248,12.121392960000001,41.369999,54.810001,17.15,1770467800.989602
3.60721548,1.8670392,14.187104280000002,36.889999,86.309998,11.06,1770467800.997217
3.0830083200000002,1.55107872,15.37674336,38.220001,112.209999,6.93,1770467801.005188
3.3463087200000006,2.1375205200000003,16.95654576,47.880001,123.830002,35.279999,1770467801.01318
2.39603364,1.6037388,19.86960564,49.98,118.510002,46.970001,1770467801.021275
1.57740876,1.2638419200000002,23.18719068,40.32,98.139999,59.849998,1770467801.02918
-0.19627848000000003,0.64867644,23.4935766,18.969999,80.5,67.830002,1770467801.037163
-1.5630469200000001,-0.70851744,22.8113892,-1.89,70.629997,73.43,1770467801.045185
-2.35055448,-1.5415041600000001,20.958711840000003,-23.030001,72.519997,78.959999,1770467801.053203
-3.5760981600000004,-2.1159777600000003,18.5626782,-31.290001,88.410004,78.400002,1770467801.061174
-7.621349760000001,-4.66520436,17.0307486,-40.459999,120.68,56.419998,1770467801.069253
-6.8793213600000005,-3.91599504,13.68922716,-38.779999,136.639999,21.0,1770467801.077181
-7.80566004,-3.34152144,10.634942520000001,-30.24,154.070007,8.12,1770467801.085157
-8.52375204,-2.3697036000000002,7.98039576,-29.120001,160.720001,-7.28,1770467801.093177
-9.146098440000001,-1.18963908,5.90989716,-22.889999,154.630005,-19.389999,1770467801.101204
-9.392643360000001,-0.05744736,4.43302128,-22.33,131.809998,-31.01,1770467801.109171
-9.40221792,0.6534637200000001,3.6024282000000003,-15.89,101.639999,-41.790001,1770467801.117175
-9.0000864,0.9526687200000001,2.88912348,-7.56,67.199997,-45.43,1770467801.125172
-8.260451640000001,0.96703056,2.26917072,-1.61,30.940001,-53.970001,1770467801.133168
-7.247941920000001,0.84734856,1.56544056,6.44,-2.24,-48.860001,1770467801.14119
-6.276124080000001,0.82819944,0.9071895600000001,11.97,-32.200001,-46.970001,1770467801.149241
-5.07930408,1.16570268,0.26569404,15.47,-62.790001,-42.419998,1770467801.157163
-3.92317596,1.61091972,-0.06941556,15.47,-90.650002,-31.15,1770467801.165169
-2.7838033200000005,1.9412420400000001,-0.10771380000000001,9.31,-119.209999,-26.459999,1770467801.173187
-1.76171904,2.08007316,0.12925656000000002,2.66,-142.240005,-15.68,1770467801.181251
-0.97899876,2.1207650399999998,0.5601117600000001,0.56,-157.850006,-6.58,1770467801.189292
-0.33510960000000006,1.98432756,1.1609154000000002,-0.77,-163.520004,-3.01,1770467801.197266
0.11010744,1.6204942800000002,2.1447014400000004,1.47,-155.610001,1.75,1770467801.205174
0.8258058,2.23565976,3.1380620400000003,14.42,-127.540001,11.83,1770467801.213168
2.2380534,2.3697036000000002,5.455105560000001,36.540001,-92.68,35.139999,1770467801.221161
2.20932972,3.23380764,8.86604256,49.209999,-37.310001,40.32,1770467801.229214
2.00587032,4.61733156,13.12193448,44.169998,20.860001,41.439999,1770467801.237277
1.32368292,5.52452112,15.28578504,31.57,68.389999,41.02,1770467801.245196
-0.79468848,5.1702623999999995,18.644061960000002,16.66,103.529999,36.889999,1770467801.253169
-4.0213152,3.36067056,22.416438600000003,18.620001,141.259995,43.470001,1770467801.261158
-6.92480052,1.60852608,23.22309528,22.889999,161.839996,49.07,1770467801.269193
-7.98997032,0.5601117600000001,21.882656880000003,20.790001,141.399994,65.169998,1770467801.2772
-10.340524799999999,-0.5026644,21.683984759999998,3.85,104.580002,70.980003,1770467801.285163
-12.207564,-2.77422876,20.745677880000002,-19.040001,71.959999,53.41,1770467801.293177
-12.5187372,-3.04949736,17.86612896,-40.32,28.0,37.52,1770467801.301205
-11.882028960000001,-3.8106748800000005,15.369562440000001,-55.23,-22.469999,14.98,1770467801.309172
-10.340524799999999,-4.4904686400000005,13.03576344,-70.629997,-64.540001,2.31,1770467801.317177
-8.21257884,-4.47371316,10.670847120000001,-73.080002,-98.419998,-10.64,1770467801.325185
-6.13250568,-3.93993144,8.6410404,-74.339996,-123.550003,-15.75,1770467801.33321
-4.3205202,-3.0973701600000005,6.9224068800000005,-65.449997,-138.740005,-18.129999,1770467801.34119
-2.59470576,-2.1806060400000002,5.71601232,-55.790001,-148.960007,-17.15,1770467801.349179
-1.13458536,-1.5223550399999999,4.80164184,-45.360001,-153.649994,-9.17,1770467801.357177
-0.03111732,-1.19203272,3.8992395600000003,-33.25,-155.399994,2.52,1770467801.365179
0.8425612800000001,-0.8856468000000001,3.08061468,-27.370001,-156.169998,5.88,1770467801.37328
1.9196992800000001,-0.6582510000000001,2.30746896,-19.110001,-155.399994,15.4,1770467801.381216
2.10400956,-0.25611948,1.56544056,-9.24,-150.080002,24.08,1770467801.389168
2.1662442,0.0023936400000000003,0.6869746800000001,1.12,-138.880005,26.67,1770467801.397313
2.1590632800000003,0.19388484,-0.32553504,14.63,-123.900002,27.719999,1770467801.405185
2.13512688,0.5170262400000001,-1.09389348,20.790001,-105.349998,27.440001,1770467801.413184
2.0944350000000003,0.897615,-1.0962871200000002,26.32,-80.779999,23.52,1770467801.421194
2.26917072,1.2925655999999999,-0.10771380000000001,31.219999,-49.209999,23.379999,1770467801.429226
2.6210358,1.38352392,1.8119854800000001,33.810001,-12.11,20.93,1770467801.437211
3.1859348400000003,1.17527724,4.33488204,36.889999,30.17,21.700001,1770467801.445184
3.8082812400000003,1.21836276,7.283846520000001,41.439999,75.949997,9.8,1770467801.453214
4.1050926,1.7880490800000002,10.431483120000001,46.830002,120.82,0.42,1770467801.461188
3.97822968,2.27635164,13.2128928,51.169998,163.940002,-8.12,1770467801.469166
3.0758274,2.1806060400000002,15.319296000000001,44.310001,199.149994,-21.84,1770467801.477176
2.4893856,2.6306103600000004,17.04989772,46.619999,215.039993,7.56,1770467801.485277
0.44282340000000003,2.2021488000000002,21.937710600000003,39.34,218.119995,11.48,1770467801.493192
-1.34522568,0.7468156800000001,26.782437960000003,37.869999,199.919998,28.98,1770467801.501189
-4.06440072,0.0478728,26.29174176,32.200001,159.389999,42.279999,1770467801.509179
-6.21867672,-0.045479160000000005,24.276296880000004,14.0,113.959999,50.889999,1770467801.517285
-7.22639916,-0.43085520000000005,20.958711840000003,-11.69,84.07,52.290001,1770467801.525183
-7.606987920000001,-1.31889564,17.87809716,-32.34,80.5,52.709999,1770467801.533165
-8.904340800000002,-3.15003024,15.93924876,-46.200001,81.410004,23.17,1770467801.541183
-8.72721144,-3.3391278000000004,13.14587088,-46.200001,86.239998,2.87,1770467801.54918
-8.97615,-3.03274188,10.713932640000001,-45.57,94.849998,-10.99,1770467801.557174
-9.205939440000002,-2.23087248,8.46630468,-41.09,97.510002,-22.540001,1770467801.565242
-9.294504120000001,-1.2255436800000001,6.570541800000001,-38.220001,92.610001,-38.779999,1770467801.573178
-9.05035284,-0.27287496,5.10084684,-27.370001,75.18,-46.830002,1770467801.581178
-8.60274216,0.28005588000000003,4.06440072,-20.51,50.82,-51.799999,1770467801.589324
-7.83199008,0.48590892,3.1955093999999997,-9.24,24.01,-56.07,1770467801.597341
-6.97267332,0.47154708,2.4510873600000003,1.33,-1.33,-52.709999,1770467801.605182
-6.0559092,0.38776968,1.7832618,6.23,-22.75,-53.689999,1770467801.613177
-5.06733588,0.47872800000000004,1.04362704,10.57,-43.330002,-52.150002,1770467801.621208
-4.191263640000001,0.67740012,0.30399228000000006,12.32,-65.660004,-51.029999,1770467801.629185
-3.15003024,0.9813924,-0.02872368,10.99,-83.93,-46.549999,1770467801.637178
-2.2380534,1.27581012,-0.0047872800000000005,8.54,-102.059998,-40.110001,1770467801.645174
-1.2638419200000002,1.5319296,0.27766224,2.52,-120.400002,-38.57,1770467801.653177
-0.39973788,1.7425699200000002,0.8712849600000001,-1.89,-132.789993,-27.93,1770467801.661261
0.059841000000000005,1.63724976,1.59895152,0.98,-136.220001,-22.26,1770467801.66919
0.63670824,0.96224328,2.7359305199999997,4.13,-125.790001,-16.870001,1770467801.677179
1.0388397600000001,0.7539966,4.44498948,17.639999,-100.239998,-10.64,1770467801.685163
2.7167814000000003,2.1973615200000003,6.53942448,41.02,-61.110001,13.65,1770467801.693177
1.9532102400000002,3.051891,11.075372280000002,52.639999,-5.95,24.639999,1770467801.70119
1.5175677600000002,4.78967364,15.08232564,41.299999,46.060001,29.049999,1770467801.709175
-0.0718092,5.759097840000001,17.37303912,25.200001,84.07,32.34,1770467801.717185
-3.0638592,4.9308984,20.18556612,17.639999,112.699997,37.52,1770467801.725194
-6.967886040000001,3.57370452,21.569090040000003,25.969999,140.210007,40.810001,1770467801.733183
-10.105948080000001,2.85321888,20.30764176,22.120001,146.720001,41.23,1770467801.741178
-11.046648600000001,1.75214448,19.704444480000003,6.09,126.629997,40.040001,1770467801.749214
-12.4948008,0.13643748,19.608698880000002,-10.22,81.199997,37.240002,1770467801.757181
-14.352265440000002,-2.64736584,18.60097644,-28.559999,32.41,24.43,1770467801.765178
-13.165020000000002,-3.3151914000000002,16.097229000000002,-46.970001,-22.26,3.78,1770467801.773163
-11.882028960000001,-3.88009044,13.44268224,-56.560001,-72.099998,-17.43,1770467801.781169
-9.75887028,-4.34685024,11.20462884,-66.220001,-115.220001,-26.32,1770467801.789166
-7.1043235199999994,-4.46174496,9.2274822,-72.169998,-146.860001,-30.59,1770467801.79719
-4.77052452,-4.01892156,7.42746492,-68.739998,-168.210007,-32.060001,1770467801.805192
-2.74311144,-3.3319468800000003,6.05351556,-61.18,-184.240005,-24.290001,1770467801.813178
-0.86889132,-2.8077397200000003,4.966803,-50.68,-193.619995,-16.870001,1770467801.821179
0.45000432000000007,-2.23565976,3.84897312,-37.66,-197.960007,-3.64,1770467801.829305
2.01544488,-2.1375205200000003,2.81731428,-28.77,-200.550003,4.69,1770467801.83721
2.37209724,-1.3859175600000002,1.8359218800000001,-11.97,-198.940002,12.39,1770467801.845182
2.71199412,-0.81862488,0.97899876,-0.21,-188.860001,18.549999,1770467801.85318
2.9681136,-0.32074776000000005,-0.07899012000000001,12.46,-174.509995,21.84,1770467801.861182
3.02316732,-0.05026644,-1.10825532,23.66,-158.199997,22.82,1770467801.869228
2.92502808,0.34468416,-1.78086816,30.450001,-134.610001,25.059999,1770467801.877306
2.9705072400000003,0.6582510000000001,-1.5726214800000002,41.509998,-104.650002,28.42,1770467801.885167
3.2074776,0.7707520800000001,-0.17712936,42.0,-63.91,23.870001,1770467801.89336
3.8896650000000004,0.49548348,2.1207650399999998,49.279999,-17.290001,18.129999,1770467801.90125
4.51919232,0.38776968,5.10324048,53.759998,32.200001,15.96,1770467801.909238
5.325849000000001,1.02687156,8.32029264,54.529999,85.75,2.66,1770467801.917214
6.01043004,1.8071982,11.31952356,58.52,134.259995,-5.11,1770467801.92519
5.73994872,1.90773108,13.43310768,56.07,185.009995,-14.07,1770467801.933172
4.964409359999999,1.4098539600000002,14.390563680000001,53.549999,222.600006,-20.23,1770467801.941275
3.83221764,0.81623124,16.01584524,55.09,247.169998,-19.74,1770467801.949201
2.9585390400000002,1.0555952400000002,20.831848920000002,56.84,252.350006,5.32,1770467801.957178
0.69894288,0.68458104,25.734023640000004,50.400002,236.880005,20.23,1770467801.965182
-2.7478987200000002,-0.019149120000000002,25.21939104,28.84,204.539993,26.879999,1770467801.973521
-4.9907394,-0.13404384000000003,23.86698444,7.77,164.360001,35.700001,1770467801.981804
-7.089961680000001,-0.8258058,21.078393840000004,-16.1,140.910004,40.669998,1770467801.989443
-8.00433216,-1.4433649200000003,18.05283288,-31.639999,133.910004,41.93,1770467801.997179
-9.35673876,-2.96571996,15.56344728,-42.560001,129.5,11.62,1770467802.005201
-9.859403160000001,-3.0255609600000004,12.513949920000002,-46.34,126.769997,-9.03,1770467802.013224
-10.098767160000001,-2.47023648,9.94796784,-39.549999,122.709999,-22.959999,1770467802.021328
-10.27350288,-1.68272892,7.690765320000001,-35.91,112.629997,-37.240002,1770467802.029178
-10.1490336,-0.7300602,5.7662787600000005,-29.120001,92.190002,-49.77,1770467802.037168
-9.6463692,0.08138376,4.56945876,-21.07,63.139999,-58.099998,1770467802.045214
-8.90194716,0.44042976,3.7580147999999998,-11.13,31.57,-65.589996,1770467802.053178
-7.88225652,0.5792608800000001,2.9872627200000004,-3.57,3.5,-67.760002,1770467802.061183
-6.73091568,0.6582510000000001,2.1973615200000003,6.44,-24.360001,-66.150002,1770467802.06925
-5.5891494,0.8234121600000001,1.44097128,12.11,-48.439999,-63.560001,1770467802.077178
-4.5838206,1.02447792,0.70133652,16.17,-70.699997,-60.830002,1770467802.085173
-3.4420543200000004,1.36916208,0.21064032000000002,16.940001,-91.349998,-57.119999,1770467802.093183
-2.3577354,1.63006884,0.09095832000000001,15.96,-110.879997,-48.09,1770467802.101454
-1.4457585600000002,1.82874096,0.31356684,9.8,-127.75,-40.040001,1770467802.109261
-0.5289944400000001,2.0130512400000002,0.777933,7.21,-138.949997,-30.379999,1770467802.117165
-0.0239364,1.93406112,1.4673013200000002,4.48,-142.240005,-23.870001,1770467802.125178
0.47872800000000004,1.22793732,2.39364,4.62,-134.330002,-20.370001,1770467802.133178
1.01250972,1.02447792,3.44444796,15.75,-111.650002,-15.82,1770467802.141196
3.04949736,1.735389,5.25643344,40.18,-79.660004,17.15,1770467802.149304
2.3170435200000004,2.09682864,9.21790764,59.57,-29.26,20.02,1770467802.157199
1.7497508400000001,3.8058876000000006,13.98125124,60.759998,35.0,24.290001,1770467802.165173
0.6941556000000001,4.81600368,17.174367,50.540001,94.5,25.9,1770467802.173172
-1.86225192,4.70110896,20.4416856,47.880001,139.929993,32.34,1770467802.181173
-6.0894201599999995,4.1769018,22.076541719999998,49.209999,171.850006,35.07,1770467802.189166
-10.486536840000001,4.13142264,20.61642132,37.450001,186.830002,22.4,1770467802.197211
-12.755707560000001,2.70720684,20.32679088,16.870001,172.830002,23.73,1770467802.205174
-14.000400360000002,0.66064464,19.26401472,-2.87,123.410004,9.73,1770467802.213174
-15.81956676,-1.98432756,18.57225276,-25.34,56.490002,3.22,1770467802.221181
-15.024878280000001,-3.31279776,16.104409920000002,-42.91,-11.27,-13.23,1770467802.229247
-13.37805396,-4.4258403600000005,13.6796526,-53.759998,-72.660004,-21.629999,1770467802.237176
-10.850370120000001,-4.729832640000001,11.22138432,-60.48,-129.990005,-27.440001,1770467802.245172
-8.04981132,-4.55270328,9.10061928,-63.84,-169.820007,-30.52,1770467802.253169
-5.37850908,-3.88727136,7.47055044,-58.869999,-195.649994,-23.59,1770467802.261169
-2.9872627200000004,-3.07104012,6.245006760000001,-52.009998,-214.270004,-15.68,1770467802.269175
-1.0603825199999999,-1.9603911600000001,5.12478324,-44.52,-225.330002,-2.31,1770467802.277191
0.47633436000000007,-1.4242158,4.2008382,-36.959999,-228.619995,9.73,1770467802.285262
1.18963908,-1.03165884,3.2553504,-28.98,-222.110001,18.83,1770467802.293184
2.4247573200000003,-0.67500648,2.08486044,-21.98,-215.669998,28.0,1770467802.301198
2.79337788,-0.18191664000000002,0.9861796800000001,-7.84,-202.649994,33.950001,1770467802.309178
2.812527,0.009574560000000001,0.12686292000000002,5.88,-184.869995,33.25,1770467802.317228
2.8843362000000003,0.26090676,-0.62713368,18.34,-158.199997,36.889999,1770467802.325206
2.9896563600000006,0.52420716,-1.04602068,27.51,-128.869995,29.120001,1770467802.33322
3.05667828,1.0149033600000001,-1.04362704,31.290001,-94.010002,25.549999,1770467802.341198
3.2553504,1.5223550399999999,0.09095832000000001,32.34,-54.389999,24.08,1770467802.349179
3.5880663600000005,1.70187804,2.1375205200000003,29.4,-9.59,17.360001,1770467802.357179
4.16253996,1.72820808,4.67238528,28.77,39.41,12.74,1770467802.365182
4.935685680000001,1.7425699200000002,7.604594280000001,28.98,85.260002,3.85,1770467802.373189
5.249252520000001,2.2189042800000003,10.529622360000001,31.99,132.860001,-8.05,1770467802.381182
4.91653656,2.38885272,12.968741520000002,31.639999,178.710007,-22.75,1770467802.389178
4.686747120000001,2.86518708,13.899867480000001,36.189999,214.130005,-17.219999,1770467802.397473
3.0901892400000004,2.33140536,15.417435240000001,34.790001,230.929993,-15.54,1770467802.405193
1.5798024,1.7832618,19.50577236,28.209999,237.720001,-13.16,1770467802.4132
-0.09335196000000001,-0.08856468,24.688002960000002,29.4,222.039993,-3.99,1770467802.421209
-3.0447100799999998,-0.90479592,25.686150840000003,34.580002,189.0,14.0,1770467802.429187
-5.7447360000000005,-0.8138376,24.934547880000004,22.68,135.520004,14.63,1770467802.437249
-7.291027440000001,-0.8545294800000001,21.863507759999997,-1.54,96.599998,19.25,1770467802.445184
-7.508848680000001,-1.6468243200000001,18.12942936,-23.52,80.080002,23.59,1770467802.453259
-9.3591324,-4.330094760000001,16.0134516,-40.18,72.379997,8.05,1770467802.461201
-7.95167208,-3.6048218400000005,13.07166804,-45.990002,69.650002,-4.41,1770467802.469176
-8.21736612,-3.61200276,10.491324120000002,-44.869999,76.230003,-18.48,1770467802.477176
-8.463911040000001,-2.98486908,8.35619724,-35.560001,82.879997,-25.76,1770467802.485171
-8.64582768,-1.9556038800000002,6.43171068,-29.469999,85.959999,-37.450001,1770467802.493196
-8.52375204,-0.7851139200000001,5.060154960000001,-20.65,77.489998,-50.119999,1770467802.501367
-8.20061064,-0.1316502,4.40669124,-8.54,62.16,-51.029999,1770467802.509177
-7.75299996,0.16037388000000002,3.89205864,1.12,39.759998,-58.869999,1770467802.517174
-7.061238,0.28005588000000003,3.1691793600000002,9.87,17.639999,-53.48,1770467802.525183
-6.197133960000001,0.27526860000000003,2.41518276,14.77,-9.1,-57.330002,1770467802.533167
-5.227709760000001,0.4069188,1.6228879200000002,17.639999,-33.880001,-54.459999,1770467802.54118
-4.2726474,0.65107008,0.8114439600000001,17.57,-59.5,-46.619999,1770467802.549203
-3.3032232,0.9694242000000001,0.41409972,15.54,-80.010002,-48.580002,1770467802.557291
-2.3912463600000002,1.25426736,0.37340784000000005,11.69,-98.419998,-40.389999,1770467802.565176
-1.4553331200000001,1.5415041600000001,0.6031972800000001,4.69,-117.459999,-38.360001,1770467802.573176
-0.60559092,1.7114526,1.19682,-0.77,-131.25,-27.440001,1770467802.581178
0.009574560000000001,1.52474868,2.01783852,-1.68,-133.770004,-16.450001,1770467802.589179
0.31835412,0.97899876,3.0997638,1.68,-120.470001,-6.44,1770467802.597219
0.8377740000000001,0.70851744,4.57424604,16.66,-97.440002,0.07,1770467802.605184
1.09149984,1.52953596,6.5872972800000005,32.689999,-57.889999,0.28,1770467802.613177
1.83831552,2.53486476,10.54637784,47.529999,-6.51,17.709999,1770467802.621179
1.0986807600000001,3.6263646,14.388170040000002,44.52,45.990002,22.469999,1770467802.629338
-0.52181352,3.99977244,17.42330556,37.099998,91.07,28.77,1770467802.637183
-3.34870236,3.3630642,20.75046516,33.18,125.510002,34.93,1770467802.645183
-7.2766656,3.26253132,21.53797272,25.34,140.979996,30.1,1770467802.65318
-10.79052912,2.39603364,20.824668,10.01,147.839996,27.93,1770467802.661167
-11.79107064,1.21357548,20.09939508,-7.35,129.710007,23.52,1770467802.669242
-12.29852232,-0.2034594,19.194599160000003,-14.49,85.75,18.76,1770467802.677315
-13.85438832,-2.33140536,18.2874096,-33.459999,35.77,10.43,1770467802.685171
-12.81315492,-2.81492064,15.88419504,-47.459999,-21.35,-12.74,1770467802.693184
-11.551706639999999,-3.5880663600000005,13.387628520000002,-57.330002,-66.220001,-26.459999,1770467802.701251
-9.287323200000001,-3.72450384,11.06101044,-63.98,-107.730003,-29.959999,1770467802.709246
-6.955917840000001,-3.3367341600000002,9.03359736,-63.77,-137.199997,-33.599998,1770467802.717159
-4.78728,-2.64018492,7.355655720000001,-57.330002,-159.529999,-24.99,1770467802.725164
-2.7718351200000004,-1.6204942800000002,5.964950880000001,-53.900002,-175.839996,-20.93,1770467802.733203
-1.0412334,-0.9885733200000001,4.93329204,-46.200001,-184.100006,-6.65,1770467802.74118
0.36622692,-0.6008036400000001,3.8944522800000003,-38.57,-190.539993,10.36,1770467802.7493
1.11064896,-0.58165452,2.92981536,-31.15,-189.979996,18.34,1770467802.757188
1.9986894000000002,-0.48590892,2.0417749200000004,-22.190001,-187.949997,28.0,1770467802.765179
2.4654492,-0.0119682,1.13219172,-7.63,-177.100006,36.259998,1770467802.773177
2.47023648,0.18431028,0.20106576,7.98,-161.979996,40.599998,1770467802.781265
2.333799,0.39255696000000007,-0.88085952,23.1,-142.800003,37.169998,1770467802.789172
2.25241524,0.6558573600000001,-1.4673013200000002,31.43,-117.949997,35.07,1770467802.797163
2.30507532,1.15134084,-1.0962871200000002,38.43,-89.459999,32.619999,1770467802.805197
2.53486476,1.6970907600000003,0.22978944,37.66,-51.099998,25.27,1770467802.813182
2.86997436,2.01783852,2.2859262,33.459999,-8.82,25.76,1770467802.821176
3.28168044,2.13991416,4.43541492,29.68,37.169998,16.24,1770467802.829208
3.7987066800000004,2.04895584,6.92480052,30.1,86.730003,8.82,1770467802.837326
4.1409972,2.32422444,9.83067948,35.98,133.279999,-1.96,1770467802.84518
3.6287582400000002,2.4678428400000003,12.49240716,37.66,175.279999,-14.91,1770467802.853179
3.1476366,2.9872627200000004,14.562905760000001,33.529999,201.949997,-6.79,1770467802.861181
1.3883112000000002,3.0782210400000003,16.9110666,24.43,218.399994,-1.33,1770467802.869273
-0.39016332000000004,2.37449088,21.70313388,12.11,217.490005,2.45,1770467802.877178
-2.46066192,0.08138376,27.287496,14.0,196.559998,20.370001,1770467802.88518
-4.914142920000001,-1.0891062,27.52925364,24.639999,147.699997,41.650002,1770467802.893184
-7.1498026800000005,-1.2638419200000002,25.1212518,16.030001,84.769997,47.32,1770467802.901245
-7.961246640000001,-1.32128928,21.17413944,-7.98,52.639999,50.259998,1770467802.909183
-8.10007776,-3.07104012,18.519592680000002,-30.309999,38.220001,34.299999,1770467802.917175
-7.42267764,-3.31279776,15.26184864,-42.91,34.299999,20.93,1770467802.925203
-7.22400552,-3.5976409200000004,12.48761988,-49.279999,42.07,3.08,1770467802.933268
-7.21443096,-3.4995016800000003,10.235204640000001,-47.529999,54.18,-2.66,1770467802.941182
-7.43703948,-2.8915171200000005,8.143163280000001,-42.139999,65.870003,-10.85,1770467802.949182
-7.707520800000001,-1.73299536,6.3910187999999994,-35.91,74.199997,-23.450001,1770467802.957237
-7.76018088,-0.34947144,5.01228216,-28.07,69.650002,-27.58,1770467802.965205
-7.54475328,0.58165452,3.98780424,-23.52,54.880001,-36.75,1770467802.973492
-7.0636316400000005,0.7563902400000001,3.0877956,-10.99,35.98,-41.509998,1770467802.981332
-6.362295120000001,0.5481435600000001,2.3170435200000004,-3.57,12.6,-45.080002,1770467802.98935
-5.57239392,0.27287496,1.71863352,0.77,-9.17,-41.509998,1770467802.997178
-4.71307716,0.11968200000000001,1.09149984,8.19,-31.360001,-40.950001,1770467803.005214
-3.7436529600000004,0.12207564000000001,0.50984532,12.18,-53.970001,-41.93,1770467803.013183
-2.91784716,0.39016332000000004,0.35186508,16.66,-73.010002,-35.77,1770467803.02118
-1.8670392,0.8210185200000001,0.59841,17.01,-92.120003,-30.1,1770467803.029297
-1.06277616,1.22793732,0.9478814400000001,13.3,-107.099998,-23.379999,1770467803.037186
-0.25611948,1.5223550399999999,1.5175677600000002,10.85,-118.510002,-12.32,1770467803.045259
0.39016332000000004,1.7114526,2.1447014400000004,7.0,-123.129997,-7.35,1770467803.05317
0.72527292,1.50081228,3.1284874800000004,7.56,-117.459999,-2.73,1770467803.061183
1.15373448,1.1202235200000001,4.964409359999999,10.36,-95.970001,-0.63,1770467803.069177
2.5611948,2.11358412,7.291027440000001,24.639999,-53.200001,11.83,1770467803.077266
2.90109168,3.00880548,11.7647406,36.610001,-8.19,34.16,1770467803.085204
2.2978944,4.7154708,15.47966988,24.290001,38.779999,36.75,1770467803.093181
0.5505372000000001,5.833300680000001,17.44006104,2.31,81.199997,42.139999,1770467803.101177
-2.1207650399999998,5.06494224,20.264556240000005,-11.34,117.040001,51.799999,1770467803.109201
-5.574787560000001,3.0303482400000004,22.20579828,-7.77,145.25,57.540001,1770467803.117285
-7.57826424,1.8359218800000001,22.330267560000003,2.1,150.990005,67.830002,1770467803.125199
-9.03120372,1.08431892,21.16456488,-4.76,126.910004,69.440002,1770467803.133167
-11.02510584,-0.23936400000000002,21.08318112,-17.43,91.279999,69.089996,1770467803.14118
-12.877783200000001,-2.9106662400000003,19.874392920000002,-35.91,48.509998,49.98,1770467803.149191
-12.23868132,-2.8077397200000003,16.53287148,-51.310001,5.39,20.790001,1770467803.157242
-11.37697092,-3.6455137200000003,13.72513176,-62.439999,-32.689999,3.22,1770467803.165197
-9.56019816,-3.91838868,11.10888324,-70.559998,-68.040001,-15.47,1770467803.173169
-7.35086844,-3.66705648,8.973756360000001,-75.110001,-96.040001,-18.129999,1770467803.181183
-5.19180516,-3.35348964,7.417890360000001,-71.75,-120.330002,-24.92,1770467803.189164
-3.21226488,-2.55162024,5.941014480000001,-66.57,-138.949997,-12.74,1770467803.197197
-1.1992136400000002,-2.5588011600000002,5.0027076,-60.200001,-160.929993,-2.52,1770467803.205521
0.18909756000000003,-2.02501944,3.67663104,-52.009998,-171.220001,12.18,1770467803.213238
1.1202235200000001,-1.6444306800000001,2.52050292,-40.25,-177.869995,20.51,1770467803.221157
2.26677708,-1.27820376,1.44097128,-24.57,-185.5,28.209999,1770467803.229157
2.7718351200000004,-0.79947576,0.58165452,-10.64,-184.309998,42.84,1770467803.23717
2.8005588,-0.5505372000000001,-0.0023936400000000003,4.48,-174.089996,46.970001,1770467803.245171
2.85800616,-0.27526860000000003,-0.34229052,18.690001,-155.190002,49.419998,1770467803.253171
2.96332632,0.0047872800000000005,-0.37819512000000005,28.209999,-128.869995,49.98,1770467803.261196
3.04710372,0.16755480000000003,-0.08856468,34.16,-96.669998,48.439999,1770467803.269254
3.23380764,0.019149120000000002,0.6941556000000001,42.209999,-57.82,49.0,1770467803.277164
3.8106748800000005,-0.299205,2.21651064,49.209999,-11.9,49.349998,1770467803.285154
4.53116052,-0.32553504,4.74658812,58.099998,35.209999,45.360001,1770467803.293173
4.82079096,-0.08617104,8.07374772,62.650002,90.860001,42.349998,1770467803.30119
5.22052884,1.16570268,10.950903000000002,65.309998,144.410004,28.42,1770467803.309228
4.90935564,1.0412334,13.576726080000002,60.619999,199.009995,22.120001,1770467803.31724
4.18647636,0.47872800000000004,15.35998788,56.77,245.839996,18.34,1770467803.325178
2.5803439200000002,-0.44282340000000003,17.67463776,47.18,274.820007,21.139999,1770467803.333174
0.7420284,-1.35001296,22.3326612,40.25,276.149994,32.689999,1770467803.34118
-2.1806060400000002,-1.6468243200000001,25.38215856,20.370001,247.940002,41.93,1770467803.349241
-4.52158596,-1.99150848,24.0321456,-7.56,195.720001,48.790001,1770467803.3572
-8.17667424,-3.0135927600000003,21.22201224,-26.110001,172.619995,53.130001,1770467803.365178
-9.39982428,-3.5545554,17.5453812,-41.299999,152.320007,44.380001,1770467803.373176
-10.321375680000001,-3.5330126400000004,14.64428952,-44.799999,139.369995,32.689999,1770467803.381178
-11.1663306,-3.19072212,11.80543248,-46.34,127.260002,19.25,1770467803.389175
-11.82936888,-2.5492266,9.60328368,-46.200001,115.290001,-1.75,1770467803.39728
-11.97298728,-1.69230348,7.997151240000001,-41.02,100.379997,-23.940001,1770467803.405205
-11.44399284,-0.5361753600000001,6.3168159600000005,-36.540001,78.400002,-39.549999,1770467803.413184
-10.43387676,0.5026644,4.959622080000001,-26.110001,45.290001,-52.919998,1770467803.42128
-9.1437048,1.0555952400000002,4.20323184,-15.54,8.89,-56.279999,1770467803.429206
-7.7553936000000006,1.2063945600000001,3.6263646,-4.55,-21.35,-55.16,1770467803.437182
-6.498732600000001,1.32368292,3.0303482400000004,3.78,-48.369999,-51.73,1770467803.445228
-5.433562800000001,1.4577267600000001,2.41518276,8.19,-69.019997,-51.939999,1770467803.453179
-4.3205202,1.86225192,1.79523,12.32,-87.779999,-48.650002,1770467803.461279
-3.31997868,2.27874528,1.2446928,12.25,-105.0,-43.75,1770467803.469182
-2.10400956,2.4678428400000003,0.9263386800000001,6.02,-122.779999,-39.689999,1770467803.477272
-1.2231500400000002,2.3768845200000004,1.08192528,0.7,-139.229996,-33.040001,1770467803.485234
-0.41649336000000003,2.27156436,1.4696949600000002,-9.31,-152.110001,-38.990002,1770467803.4933
0.56968632,2.8197079200000004,1.58698332,-1.33,-147.770004,-26.25,1770467803.501181
1.58698332,2.5827375600000004,2.1447014400000004,11.55,-146.300003,14.84,1770467803.509185
1.8071982,2.31464988,3.35827692,30.309999,-121.800003,26.74,1770467803.517187
1.68990984,2.44869372,5.19180516,51.799999,-75.110001,36.75,1770467803.525182
1.5630469200000001,3.2242330800000003,8.1024714,70.839996,-6.16,33.25,1770467803.533162
1.14415992,4.61733156,11.82697524,73.5,70.07,33.740002,1770467803.541188
-0.29441772,5.443137360000001,15.620894640000001,57.540001,132.929993,33.389999,1770467803.549176
-3.23859492,4.9189302,19.16587548,43.470001,185.360001,39.200001,1770467803.557303
-7.22400552,3.86812224,20.2621626,41.299999,211.610001,37.799999,1770467803.565196
-11.55649392,3.0901892400000004,19.4602932,38.080002,215.460007,36.610001,1770467803.573178
-14.44801104,1.5726214800000002,19.670933520000002,14.77,184.729996,38.220001,1770467803.581182
-16.14988908,-0.30399228000000006,18.93129876,-1.33,126.279999,37.66,1770467803.589274
-17.41612464,-2.53247112,17.91400176,-23.799999,49.209999,19.110001,1770467803.597206
-16.99245036,-4.22956188,16.473030480000002,-39.759998,-26.67,9.8,1770467803.605233
-14.938707240000001,-5.8835671199999995,14.59641672,-58.240002,-92.75,-4.97,1770467803.6133
-12.14293572,-6.388625160000001,12.7102284,-69.650002,-146.509995,-17.57,1770467803.62117
-8.85407436,-5.80697064,10.850370120000001,-76.019997,-190.190002,-27.58,1770467803.62918
-5.8524498000000005,-4.698715320000001,9.25859952,-74.970001,-216.929993,-32.970001,1770467803.637176
-3.3319468800000003,-2.1973615200000003,7.616562480000001,-66.43,-232.259995,-29.120001,1770467803.645195
-0.84495492,-2.07528588,6.82426764,-62.650002,-242.410004,-22.049999,1770467803.653214
0.9454878,-1.22793732,5.6896822799999995,-51.450001,-244.649994,-7.84,1770467803.661333
1.65400524,-0.71569836,4.3612120800000005,-40.529999,-237.300003,-0.84,1770467803.669187
3.17875392,-0.38537604000000003,2.96093268,-30.52,-231.979996,2.31,1770467803.67719
3.52343808,0.31835412,1.4577267600000001,-13.86,-226.100006,13.86,1770467803.685174
3.7580147999999998,0.8138376,0.12207564000000001,-4.76,-213.289993,17.99,1770467803.693203
3.56891724,0.94309416,-0.99575424,0.98,-194.460007,23.73,1770467803.701167
3.410937,1.09149984,-2.12555232,7.42,-167.720001,25.620001,1770467803.709328
3.26492496,1.2087882,-2.65454676,10.99,-135.520004,22.4,1770467803.717185
3.3151914000000002,1.37873664,-2.26438344,21.209999,-96.25,23.66,1770467803.725173
3.7149292800000002,1.29974652,-0.62713368,28.559999,-42.77,19.67,1770467803.733185
4.646055240000001,0.9574560000000001,1.88379468,42.419998,13.37,15.75,1770467803.741186
5.61069216,1.1130426000000002,5.38808364,55.720001,71.190002,10.92,1770467803.749205
6.163623,1.88858196,9.38785608,62.509998,130.759995,3.22,1770467803.757323
6.027185520000001,2.6808768000000005,11.86527348,51.169998,183.119995,-10.08,1770467803.765176
5.60590488,2.40082092,13.29188292,36.119999,234.639999,-24.85,1770467803.773184
5.29233804,1.67794164,14.16556152,31.780001,276.220001,-8.33,1770467803.781166
3.32955324,0.6199527600000001,16.41318948,32.200001,299.25,6.44,1770467803.789199
0.82819944,-0.6127718400000001,21.85632684,42.349998,308.0,23.030001,1770467803.797221
-3.0973701600000005,-1.46490768,24.87949416,43.189999,284.549988,47.740002,1770467803.805231
-6.194740320000001,-1.1585217600000002,24.072837480000004,18.620001,227.220001,60.130001,1770467803.813168
-9.495569880000001,-1.6037388,20.697805080000002,-11.62,187.179993,66.290001,1770467803.821214
-11.4535674,-4.0572198,17.22702708,-34.02,148.539993,39.34,1770467803.829204
-11.379364559999999,-4.42344672,14.167955160000002,-34.860001,127.470001,33.25,1770467803.837242
-11.877241680000001,-4.19365728,12.355969680000001,-35.77,112.629997,16.870001,1770467803.845191
-12.19798944,-3.6455137200000003,10.75462452,-38.639999,100.379997,-1.96,1770467803.853218
-11.949050880000001,-2.8603998,8.84210616,-39.900002,87.919998,-24.15,1770467803.861199
-11.015531280000001,-1.9173056400000001,6.93198144,-35.98,67.410004,-44.310001,1770467803.869247
-9.754083,-1.05080796,5.455105560000001,-26.67,41.720001,-49.98,1770467803.877188
-8.57162484,-0.33510960000000006,4.73701356,-13.65,15.33,-57.330002,1770467803.885177
-7.47294408,0.23218308000000001,4.20801912,-5.25,-8.26,-60.200001,1770467803.893184
-6.400593360000001,0.6438891600000001,3.66945012,2.31,-28.91,-60.759998,1770467803.901197
-5.4934038,0.96224328,3.00880548,5.11,-45.57,-60.689999,1770467803.909347
-4.5239796000000005,1.36198116,2.4750237600000005,5.88,-61.459999,-59.709999,1770467803.917172
-3.53540628,1.85985828,2.0130512400000002,7.42,-79.099998,-56.490002,1770467803.925179
-2.5181092800000004,2.26917072,1.555866,4.41,-96.389999,-48.790001,1770467803.933177
-1.7090589600000001,2.42236368,1.37155572,0.91,-118.650002,-46.689999,1770467803.941178
-1.0795316400000001,2.2955007600000004,1.43139672,-3.78,-135.869995,-48.02,1770467803.949203
-0.08377740000000002,2.2500216,1.69230348,1.12,-142.100006,-28.139999,1770467803.957323
1.0340524800000002,2.3170435200000004,2.0465622,17.15,-136.639999,-0.28,1770467803.965178
0.9598496400000001,1.98911484,3.01119912,34.650002,-114.870003,26.18,1770467803.973493
1.32128928,2.1710314800000003,4.81600368,51.169998,-78.120003,33.740002,1770467803.981576
0.8856468000000001,2.9106662400000003,7.714701720000001,66.779999,-15.47,45.43,1770467803.989424
0.51223896,4.25589192,11.513408400000001,60.970001,42.279999,43.189999,1770467803.997182
-0.7276665600000001,4.8231846,15.93206784,51.310001,109.269997,49.77,1770467804.005224
-3.43247976,5.131964160000001,19.0533744,43.119999,151.270004,54.810001,1770467804.013185
-7.3963476,4.62451248,20.353120920000002,30.870001,175.630005,46.619999,1770467804.021204
-11.767134239999999,3.97104876,19.2209292,24.57,176.119995,48.299999,1770467804.029277
-15.08471928,2.09922228,19.25922744,5.74,157.149994,34.299999,1770467804.037164
-17.22702708,-0.37580148,18.730233000000002,-5.18,108.080002,16.309999,1770467804.045192
-17.392188240000003,-1.9747530000000002,17.21984616,-16.24,41.860001,1.96,1770467804.053226
-17.08819596,-3.65748192,16.08765444,-28.280001,-24.780001,-19.459999,1770467804.061202
-14.92195176,-5.04100584,14.27566896,-41.09,-87.639999,-31.5,1770467804.069262
-11.917933560000002,-5.443137360000001,12.60490824,-52.639999,-137.899994,-41.860001,1770467804.07718
-8.550082080000001,-5.1391450800000005,10.819252800000001,-58.869999,-179.270004,-45.5,1770467804.08529
-5.35217904,-4.28222196,9.25859952,-62.09,-211.330002,-47.110001,1770467804.09318
-2.54204568,-3.0040182,7.767361800000001,-61.529999,-233.869995,-38.779999,1770467804.101179
-0.33510960000000006,-1.76171904,6.146867520000001,-55.650002,-248.289993,-24.01,1770467804.109198
1.1226171600000001,-1.1585217600000002,4.81600368,-49.419998,-252.979996,-11.06,1770467804.11717
2.58991848,-1.2805974,3.56173632,-39.34,-249.830002,-1.75,1770467804.12517
3.5545554,-0.72048564,1.9196992800000001,-28.77,-247.940002,10.01,1770467804.133165
4.095518040000001,-0.32314139999999997,0.6343146,-11.55,-237.440002,24.219999,1770467804.141167
4.083549840000001,0.045479160000000005,-0.1914912,3.92,-218.610001,34.299999,1770467804.149178
3.9495060000000004,0.45239796,-0.67500648,13.86,-190.399994,38.779999,1770467804.157198
3.769983,0.777933,-1.15373448,19.530001,-156.660004,39.689999,1770467804.165176
3.5497681200000004,1.08431892,-1.33804476,20.58,-117.879997,34.650002,1770467804.17317
3.43247976,1.11543624,-0.9981478800000001,22.889999,-73.989998,34.650002,1770467804.181168
3.56412996,1.02447792,0.00718092,26.67,-26.67,28.91,1770467804.189212
4.0332834,0.73245384,1.8670392,31.219999,24.01,26.530001,1770467804.197214
4.60536336,0.6079845600000001,4.50961776,46.619999,78.050003,23.17,1770467804.205175
4.81600368,0.9383068800000001,7.539966,51.310001,131.389999,16.309999,1770467804.213186
4.97398392,1.98193392,10.14663996,53.759998,182.350006,4.62,1770467804.221172
4.66281072,2.0417749200000004,12.60012096,48.720001,231.839996,-5.74,1770467804.229172
3.8896650000000004,1.02447792,14.49109656,39.34,273.140015,-11.83,1770467804.237207
2.69763228,0.31356684,16.84643832,37.52,298.690002,1.75,1770467804.245294
-0.059841000000000005,-0.54335628,22.39010856,34.23,304.149994,14.0,1770467804.253173
-3.05428464,-1.62528156,26.02844136,31.219999,274.609985,36.400002,1770467804.261175
-6.41974248,-1.8143791200000001,24.6664602,14.98,210.910004,51.240002,1770467804.269168
-9.201152160000001,-2.15666964,21.698346600000004,-6.65,159.179993,59.779999,1770467804.277163
-11.015531280000001,-4.2846156,18.16294032,-28.700001,121.589996,37.169998,1770467804.285158
-10.938934800000002,-4.91174928,15.099081120000001,-29.469999,100.519997,29.33,1770467804.293172
-11.09691504,-4.52158596,12.88257048,-31.15,81.059998,10.08,1770467804.301168
-11.099308680000002,-3.80110032,11.19984156,-31.01,68.739998,-6.16,1770467804.309434
-10.78574184,-2.79098424,9.8378604,-33.32,60.759998,-28.91,1770467804.317188
-10.108341720000002,-1.6683670800000001,8.322686280000001,-27.93,48.860001,-45.849998,1770467804.325156
-9.11498112,-0.3829824,6.73570296,-25.690001,29.4,-62.02,1770467804.333182
-8.009119440000001,0.4906962,5.6154794400000005,-18.690001,6.44,-68.879997,1770467804.341295
-6.9224068800000005,1.1130426000000002,4.81361004,-12.53,-13.79,-72.099998,1770467804.349184
-5.95776996,1.3883112000000002,4.136209920000001,-6.09,-29.33,-72.449997,1770467804.357176
-5.2468588800000004,1.5438978,3.4013624399999998,2.1,-42.77,-67.339996,1770467804.365177
-4.2965838,1.9053374400000003,2.6449722,3.43,-55.16,-67.970001,1770467804.373175
-3.3463087200000006,2.37449088,1.9556038800000002,7.21,-66.919998,-60.900002,1770467804.381172
-2.50614108,2.7359305199999997,1.4433649200000003,3.22,-84.980003,-61.459999,1770467804.389247
-1.9603911600000001,2.7335368800000004,1.1824581600000001,-6.72,-101.919998,-59.919998,1770467804.397171
-1.33565112,3.07104012,1.00293516,-13.09,-120.540001,-56.84,1770467804.405212
0.13404384000000003,3.47556528,0.81623124,-14.07,-131.740005,-37.450001,1770467804.413186
1.61331336,3.7508338800000005,0.97181784,-3.01,-147.910004,-15.26,1770467804.421181
1.52714232,3.0135927600000003,1.94363568,9.1,-143.009995,6.37,1770467804.429222
1.7473572000000002,2.65454676,3.1356684,27.09,-116.410004,14.21,1770467804.437187
1.6731543600000003,2.9896563600000006,5.206167,43.75,-67.760002,23.73,1770467804.445206
1.93166748,3.72929112,8.18385516,60.200001,2.87,23.66,1770467804.453321
1.80959184,5.09127228,11.52777024,62.09,79.870003,36.889999,1770467804.461181
0.33750324,5.756704200000001,14.91716448,58.939999,143.919998,43.610001,1770467804.469179
-2.4032145600000003,5.01946308,19.5440706,50.189999,191.800003,47.950001,1770467804.477177
-6.57532908,3.77955756,21.92095512,49.560001,217.839996,48.299999,1770467804.485181
-10.67324076,3.04710372,20.839029840000002,45.990002,213.289993,47.669998,1770467804.493235
-13.40677764,1.23511824,20.55897396,30.870001,182.070007,53.060001,1770467804.501356
-15.178071240000001,-0.30638592000000003,19.24247196,15.4,127.82,48.650002,1770467804.509204
-16.865587440000002,-2.6210358,18.22038768,-7.0,60.759998,27.370001,1770467804.517209
-16.93260936,-4.643661600000001,16.54244604,-25.9,-0.91,15.96,1770467804.525302
-15.553872720000001,-6.66150012,14.993760960000001,-43.540001,-58.59,-11.27,1770467804.533155
-12.961560600000002,-7.3101765599999995,13.30624476,-54.950001,-109.129997,-29.610001,1770467804.541208
-10.0054152,-7.1498026800000005,11.5852176,-61.529999,-149.309998,-48.299999,1770467804.549182
-7.05645072,-6.082239240000001,10.072437120000002,-62.09,-175.210007,-54.599998,1770467804.557264
-4.10030532,-4.686747120000001,8.961788160000001,-57.540001,-194.320007,-55.09,1770467804.565175
-1.7760808799999999,-2.92502808,7.87986288,-50.330002,-207.270004,-48.790001,1770467804.573176
0.14840568,-1.6181006400000002,6.6854365200000005,-42.349998,-216.089996,-35.419998,1770467804.581176
1.17048996,-0.6941556000000001,5.41202004,-32.549999,-217.979996,-25.969999,1770467804.589188
2.22129792,-0.49787712,4.2319555200000005,-28.77,-212.940002,-14.91,1770467804.597184
2.9705072400000003,0.17234208,2.75507964,-17.639999,-211.820007,-9.38,1770467804.605214
3.54737448,0.56489904,1.63485612,-10.08,-207.199997,-4.34,1770467804.613192
3.51625716,1.4194285199999999,0.55771812,3.43,-193.199997,15.4,1770467804.621187
3.42051156,1.5630469200000001,-0.12686292000000002,3.5,-174.649994,24.219999,1770467804.629301
3.2314140000000005,1.4720886,-0.9526687200000001,3.78,-150.570007,24.5,1770467804.637178
3.1237002,1.29495924,-1.6181006400000002,6.09,-119.07,22.610001,1770467804.645183
3.1045510800000002,1.1417662800000001,-1.5726214800000002,9.8,-80.849998,23.73,1770467804.653187
3.53540628,0.7300602,-0.4069188,22.540001,-33.459999,19.459999,1770467804.661224
4.44498948,0.33510960000000006,1.68272892,35.0,19.32,17.92,1770467804.669238
5.165475120000001,0.4547916,4.94047296,48.23,72.309998,18.129999,1770467804.67718
5.60829852,1.58698332,8.71763688,54.25,126.279999,15.4,1770467804.68518
5.4814356,2.80534608,11.19984156,48.509998,186.479996,4.9,1770467804.693167
5.143932360000001,2.9417835599999997,11.99453004,40.529999,236.600006,-1.89,1770467804.701185
4.35881844,2.0944350000000003,13.07645532,29.120001,273.279999,-2.31,1770467804.709287
2.84603796,0.99096696,15.625681920000002,31.290001,295.470001,6.65,1770467804.717204
0.6103782,-0.56489904,20.642751360000002,40.669998,300.230011,24.08,1770467804.725185
-2.66412132,-1.2877783200000001,23.46006564,44.66,277.130005,40.810001,1770467804.733177
-5.92665264,-0.91437048,22.88798568,27.16,224.630005,51.939999,1770467804.741162
-9.05753376,-1.4337903600000002,20.580516720000002,-2.24,178.360001,53.830002,1770467804.749218
-12.109424760000001,-4.81361004,17.767989720000003,-24.57,150.360001,34.509998,1770467804.757267
-11.16872424,-3.99977244,14.8285998,-28.35,125.510002,28.42,1770467804.765173
-11.709686880000001,-3.82743036,12.963954240000001,-30.66,110.32,6.09,1770467804.773179
-12.0400092,-3.35348964,11.61394128,-36.470001,98.839996,-4.76,1770467804.781163
-11.908359,-2.4654492,9.82110492,-37.869999,82.669998,-29.68,1770467804.78916
-11.05382952,-1.5798024,7.8631074000000005,-38.57,61.110001,-41.93,1770467804.797155
-9.85700952,-0.9813924,6.292879560000001,-27.860001,35.419998,-56.419998,1770467804.805179
-8.585986680000001,-0.5361753600000001,5.32106172,-20.440001,9.66,-65.379997,1770467804.813305
-7.4322522,-0.19867212,4.79206728,-10.99,-13.09,-65.519997,1770467804.82119
-6.2833049999999995,0.06223464,4.1338162800000005,0.91,-31.92,-65.589996,1770467804.829175
-5.28755076,0.39973788,3.31040412,4.55,-48.02,-65.589996,1770467804.83716
-4.3827548400000005,0.7659648,2.6186421600000003,10.01,-64.050003,-63.490002,1770467804.845181
-3.5066826,1.35958752,2.2835325600000003,11.2,-78.470001,-63.349998,1770467804.853195
-2.4415128,1.94602932,2.0824668,10.22,-94.989998,-61.669998,1770467804.861292
-1.62528156,2.26917072,1.9962957600000002,2.66,-111.650002,-51.099998,1770467804.869348
-1.1226171600000001,2.14709508,1.9268802000000003,-4.9,-125.860001,-50.540001,1770467804.877318
-0.8545294800000001,2.56358844,1.60134516,-6.65,-134.330002,-44.099998,1770467804.885176
0.80426304,2.41518276,1.5415041600000001,-1.19,-136.429993,-16.24,1770467804.893166
1.0532016,2.14709508,2.10879684,13.23,-129.850006,11.06,1770467804.901331
0.9526687200000001,2.0130512400000002,3.3870006000000004,28.84,-103.32,25.200001,1770467804.909284
1.0891062,2.36730996,5.747129640000001,46.970001,-52.849998,34.720001,1770467804.917222
1.2375118800000002,3.2194458000000004,9.612858240000001,64.190002,11.97,38.779999,1770467804.925183
1.0149033600000001,4.28222196,13.887899280000001,65.309998,77.419998,36.959999,1770467804.933175
-0.65107008,4.8590892,17.475965640000002,52.009998,129.710007,42.139999,1770467804.941183
-3.7340784,4.75855632,19.670933520000002,43.189999,162.75,40.599998,1770467804.949246
-7.4561886,4.016527920000001,19.71401904,28.559999,179.690002,33.599998,1770467804.957177
-11.673782280000001,2.96093268,18.787680360000003,20.02,184.309998,34.650002,1770467804.965181
-13.96928304,1.15612812,18.763743960000003,3.08,157.850006,31.92,1770467804.973476
-16.21212372,-1.35958752,18.2874096,-4.55,111.860001,17.780001,1770467804.981584
-16.4084022,-2.81731428,17.653095,-14.21,41.860001,3.08,1770467804.989329
-16.06371804,-4.44259584,16.396434,-26.110001,-20.93,-17.360001,1770467804.997178
-13.98125124,-5.648990400000001,14.67540684,-33.18,-80.43,-29.610001,1770467805.005193
-11.08015956,-5.756704200000001,13.03097616,-44.52,-128.309998,-42.700001,1770467805.013191
-7.93012932,-5.158294199999999,11.4176628,-50.330002,-163.520004,-49.490002,1770467805.021321
-5.072123160000001,-4.23913644,10.060468920000002,-50.119999,-188.089996,-51.240002,1770467805.029171
-2.49177924,-2.9585390400000002,8.81816976,-50.889999,-203.139999,-47.880001,1770467805.037162
-0.53378172,-1.3524066000000001,7.381985760000001,-42.349998,-213.850006,-36.119999,1770467805.045176
0.7922948400000001,-0.43085520000000005,6.11814384,-38.779999,-217.630005,-28.91,1770467805.053176
1.95799752,-0.61755912,4.966803,-34.650002,-213.710007,-20.93,1770467805.061187
2.83406976,-0.27287496,3.41572428,-32.900002,-211.610001,-11.55,1770467805.069242
3.73647204,0.5625054,1.4577267600000001,-21.98,-206.710007,1.68,1770467805.077185
3.8346112800000003,0.6869746800000001,0.48351528,-6.65,-194.880005,25.690001,1770467805.085176
3.66466284,0.8617104000000001,-0.23697036000000002,0.14,-178.289993,33.18,1770467805.093164
3.41572428,0.9526687200000001,-0.9933606,5.11,-156.100006,34.720001,1770467805.10118
3.15721116,0.9574560000000001,-1.6228879200000002,9.59,-128.869995,32.619999,1770467805.109173
2.95135812,0.9646369200000001,-1.78086816,17.639999,-94.010002,27.860001,1770467805.117189
2.96332632,0.97181784,-1.08671256,24.43,-53.130001,27.09,1770467805.125181
3.2553504,0.8497422000000001,0.5146326,30.1,-6.93,18.9,1770467805.133167
3.72450384,0.6941556000000001,2.56837572,39.34,46.34,13.09,1770467805.141171
4.05243252,0.86649768,5.167868760000001,49.0,99.75,10.15,1770467805.149172
4.4042976000000005,1.57501512,7.85592648,51.66,152.039993,0.7,1770467805.157204
4.2846156,2.2500216,9.96711696,52.43,201.809998,-5.32,1770467805.165287
3.8513667600000003,2.0298067200000003,11.917933560000002,45.43,243.039993,-13.65,1770467805.173194
3.05428464,1.14415992,14.17752972,35.419998,274.049988,-8.54,1770467805.181171
1.53432324,0.13404384000000003,17.954693640000002,36.959999,290.640015,3.22,1770467805.189171
-0.9095832,-0.9407005200000002,23.97469824,37.869999,286.369995,16.1,1770467805.19715
-3.9973788000000003,-2.0896477200000003,25.817801040000003,44.310001,249.410004,35.560001,1770467805.205173
-8.60274216,-2.2021488000000002,24.26911596,32.900002,194.25,43.259998,1770467805.21319
-10.01498976,-3.44444796,21.33211968,5.11,147.0,36.75,1770467805.221236
-10.67324076,-4.10748624,17.294049,-6.02,114.169998,19.67,1770467805.229163
-10.90063656,-4.243923720000001,15.022484640000002,-15.89,94.290001,15.54,1770467805.237164
-11.142394200000002,-3.61918368,13.516885080000002,-20.65,80.290001,3.43,1770467805.245169
-11.305161720000001,-2.9154535200000002,12.085488360000001,-30.73,71.610001,-13.86,1770467805.25317
-11.08494684,-2.1207650399999998,10.498505040000001,-35.98,63.07,-32.200001,1770467805.26116
-10.60143156,-1.2399055200000002,8.7846588,-37.799999,49.07,-45.080002,1770467805.269195
-9.809136720000001,-0.42606792,7.302995640000001,-33.459999,30.73,-58.869999,1770467805.277171
-8.880404400000002,0.43085520000000005,6.21867672,-31.01,9.87,-65.239998,1770467805.28513
-7.9923639600000005,1.11064896,5.43835008,-24.01,-9.38,-71.68,1770467805.293156
-7.006184280000001,1.48166316,4.6795662,-14.56,-24.360001,-73.57,1770467805.301175
-6.03436644,1.63724976,3.82024944,-6.09,-38.709999,-74.830002,1770467805.309183
-5.12717688,1.8694328400000002,2.95375176,-1.89,-52.360001,-73.43,1770467805.317193
-4.2128064,2.18539332,2.22847884,4.13,-67.199997,-67.059998,1770467805.325209
-3.25295676,2.49417288,1.6731543600000003,2.24,-83.440002,-66.43,1770467805.333212
-2.6234294400000002,2.6018866800000002,1.31889564,-2.45,-99.889999,-65.870003,1770467805.341183
-1.99150848,2.5228965600000004,1.22793732,-11.41,-118.160004,-66.779999,1770467805.349172
-0.43564248000000005,3.2984359199999997,0.8234121600000001,-8.68,-129.220001,-46.200001,1770467805.35718
0.20585304000000001,3.3750324000000003,0.93112596,-3.08,-147.559998,-21.629999,1770467805.365182
1.0603825199999999,2.78619696,1.59895152,7.77,-148.539993,-6.44,1770467805.373184
1.30214016,2.27874528,2.7048132000000003,22.889999,-131.179993,12.88,1770467805.381279
2.26438344,0.11968200000000001,4.52637324,49.07,-93.660004,24.5,1770467805.389196
1.65400524,2.8316761200000005,7.161770880000001,60.41,-38.57,24.639999,1770467805.397163
2.06331768,3.99977244,10.20169368,77.279999,25.620001,25.969999,1770467805.405189
1.34522568,5.13675144,13.14587088,65.730003,88.830002,33.810001,1770467805.413203
-0.54574992,5.0960595600000005,16.1690382,57.330002,133.419998,38.57,1770467805.421286
-4.18168908,3.9255696,19.50098508,48.650002,166.949997,38.709999,1770467805.429203
-7.63810524,2.8077397200000003,20.13769332,48.09,184.169998,34.93,1770467805.437186
-11.23335252,1.7497508400000001,20.003649480000004,42.419998,174.509995,37.66,1770467805.445183
-13.480980480000001,0.009574560000000001,19.824126480000004,28.77,140.630005,30.450001,1770467805.453191
-15.48924444,-2.10400956,18.589008240000002,8.82,86.730003,25.620001,1770467805.461387
-15.50360628,-3.1404556800000005,17.148036960000002,-10.15,23.1,9.24,1770467805.469183
-14.998548240000002,-4.71307716,15.565840920000001,-28.77,-34.439999,-5.67,1770467805.477183
-12.961560600000002,-6.197133960000001,14.144018760000002,-42.98,-90.370003,-31.290001,1770467805.485181
-10.467387720000001,-6.991822440000001,12.59294004,-54.810001,-130.619995,-45.849998,1770467805.493193
-7.64289252,-6.774001200000001,11.2142034,-62.02,-159.110001,-56.419998,1770467805.501192
-4.7178644400000005,-5.8739925600000005,10.03413888,-61.529999,-179.759995,-61.599998,1770467805.509239
-2.22847884,-4.27025376,8.82774432,-57.68,-194.110001,-52.5,1770467805.5172
-0.27287496,-2.66412132,7.67400984,-47.389999,-204.960007,-42.91,1770467805.525294
1.1369790000000002,-1.56544056,6.6734683200000005,-40.32,-205.940002,-32.830002,1770467805.533189
2.12555232,-0.83538036,5.62266036,-34.790001,-200.970001,-21.42,1770467805.541177
2.70960048,-0.42128064000000004,4.53116052,-26.25,-192.220001,-12.32,1770467805.549187
3.1260938400000002,0.45239796,3.1955093999999997,-21.07,-182.630005,-12.04,1770467805.557213
3.43247976,0.8712849600000001,2.0561367600000002,-11.41,-171.5,-1.54,1770467805.565212
3.3463087200000006,1.61091972,0.80665668,0.56,-154.770004,13.51,1770467805.573183
3.0303482400000004,1.6181006400000002,-0.31596048000000004,2.1,-138.320007,19.389999,1770467805.581182
2.6018866800000002,1.5175677600000002,-1.4553331200000001,4.13,-114.660004,21.35,1770467805.589206
2.2978944,1.4337903600000002,-1.8239536800000002,4.9,-85.470001,17.290001,1770467805.597278
2.43911916,1.21118184,-1.3643748000000002,13.86,-47.25,16.1,1770467805.60521
2.8364634000000004,0.5194198800000001,0.29202408,23.1,-3.99,14.28,1770467805.61321
3.6407264400000003,0.08856468,2.6138548800000003,34.299999,42.84,12.74,1770467805.621289
4.2726474,0.28963044000000004,5.780640600000001,45.639999,88.059998,8.26,1770467805.629182
4.58621424,1.40506668,9.287323200000001,52.080002,140.630005,5.53,1770467805.637169
4.64126796,2.27635164,11.487078360000002,54.32,189.490005,-4.41,1770467805.645193
4.3923294,2.2189042800000003,12.461289840000001,53.549999,226.660004,-11.27,1770467805.653182
3.77955756,1.52714232,14.598810360000002,50.889999,252.279999,-3.78,1770467805.661313
1.8263473200000002,1.08671256,17.468784720000002,47.529999,261.170013,11.83,1770467805.669179
-0.80426304,-0.1316502,21.13105392,53.970001,257.390015,13.65,1770467805.677181
-3.52822536,-1.03165884,22.45952412,52.220001,223.229996,41.02,1770467805.685184
-6.0583028400000005,-1.3117147200000001,21.068819280000003,32.549999,171.360001,39.900002,1770467805.693196
-8.18146152,-2.00108304,19.374122160000002,5.04,138.460007,55.09,1770467805.701185
-9.97908516,-4.2008382,17.653095,-15.12,107.519997,22.82,1770467805.709239
-10.20169368,-4.7035026,15.73578936,-20.51,90.440002,16.59,1770467805.717294
-10.61339976,-4.289402880000001,14.3259354,-24.780001,78.959999,1.54,1770467805.725251
-10.9987758,-3.410937,12.99985884,-30.450001,73.080002,-15.82,1770467805.733179
-10.85276376,-2.25720252,11.19266064,-36.470001,65.589996,-32.060001,1770467805.741174
-10.26153468,-1.25426736,9.19875852,-40.529999,49.209999,-50.959999,1770467805.749316
-9.21072672,-0.4906962,7.4298585600000004,-35.560001,31.01,-61.110001,1770467805.757172
-8.15273784,-0.1914912,6.242613120000001,-23.799999,12.18,-69.860001,1770467805.765183
-7.09474896,-0.0119682,5.59393668,-13.23,-2.38,-76.019997,1770467805.773164
-6.084632880000001,0.1555866,5.02425036,-4.13,-17.219999,-75.739998,1770467805.781166
-5.2899444,0.43803612,4.2750410400000005,4.9,-31.219999,-75.25,1770467805.789177
-4.48328772,0.87607224,3.530619,6.65,-45.290001,-75.599998,1770467805.79716
-3.61200276,1.3428320400000002,3.00162456,10.99,-61.810001,-72.449997,1770467805.805182
-2.7885906000000005,1.9508166000000002,2.59949304,8.68,-77.980003,-67.480003,1770467805.813255
-2.3697036000000002,2.3290117200000005,2.35294812,2.24,-91.559998,-60.900002,1770467805.82118
-1.73299536,2.33858628,2.12794596,-5.46,-106.400002,-59.009998,1770467805.829177
-1.31410836,3.46838436,1.33325748,-12.6,-118.510002,-49.0,1770467805.837175
0.11489472,2.6138548800000003,1.39549212,-9.17,-129.429993,-18.059999,1770467805.845294
0.39734424,2.0082639600000003,1.7234208000000002,-0.56,-130.199997,0.28,1770467805.853165
0.44521704,2.1710314800000003,2.13273324,16.24,-99.68,30.17,1770467805.861161
1.26623556,1.8000172800000003,4.2247746,38.849998,-73.57,20.58,1770467805.869236
1.6755480000000003,2.3481608400000002,6.79075668,60.41,-27.790001,16.1,1770467805.877185
1.7665063200000002,3.30082956,10.127490840000002,71.75,30.59,29.82,1770467805.885193
1.36198116,4.5000432,13.2368292,67.830002,83.510002,22.469999,1770467805.893171
-0.30399228000000006,4.92850476,16.10680356,55.299999,127.260002,39.689999,1770467805.901548
-3.21226488,4.243923720000001,18.91454328,44.869999,158.339996,31.360001,1770467805.909283
-6.95113056,3.38939424,19.5321024,31.85,177.029999,30.17,1770467805.917197
-10.699570800000002,2.25959616,18.926511480000002,28.35,178.5,33.599998,1770467805.925219
-13.188956400000002,0.777933,18.73502028,13.23,147.139999,28.49,1770467805.933279
-14.622746760000002,-0.5026644,18.07916292,9.8,99.540001,26.879999,1770467805.941211
-16.05893076,-2.7359305199999997,17.66027592,-3.36,39.41,-5.04,1770467805.949175
-15.88419504,-4.4689258800000005,16.29111384,-13.86,-20.23,-20.02,1770467805.957175
-14.227796160000002,-5.854843440000001,14.661045,-24.15,-70.209999,-41.509998,1770467805.965182
-11.520589320000001,-6.2474004,13.184169120000002,-35.209999,-110.739998,-55.16,1770467805.973485
-8.4256128,-5.47425468,11.673782280000001,-38.990002,-141.679993,-66.639999,1770467805.981577
-5.50297836,-4.46174496,10.40994036,-39.759998,-163.800003,-69.650002,1770467805.989273
-3.27449952,-2.9800818000000002,9.083863800000001,-39.34,-176.539993,-63.07,1770467805.997165
-1.33325748,-1.24229916,7.70991444,-39.900002,-190.050003,-49.98,1770467806.005217
0.3710142,-0.06702192000000001,6.72373476,-37.240002,-201.880005,-40.459999,1770467806.013288
0.91915776,-0.06223464,5.8165452,-32.759998,-197.399994,-36.119999,1770467806.021184
2.23087248,-0.21303396,4.634087040000001,-33.950001,-193.199997,-27.790001,1770467806.029174
2.7766224000000004,0.7276665600000001,2.85800616,-24.219999,-189.490005,-13.51,1770467806.037198
3.62157732,0.9454878,2.1207650399999998,-8.82,-183.75,11.41,1770467806.045294
3.52343808,1.2590546400000002,1.5223550399999999,-0.56,-169.190002,22.26,1770467806.053175
3.31279776,1.5127804800000002,1.08192528,0.21,-148.330002,24.290001,1770467806.061192
3.09497652,1.4720886,0.49548348,2.66,-123.129997,27.299999,1770467806.0692
2.8795489200000004,1.16809632,-0.13883112,1.33,-91.769997,25.76,1770467806.077165
2.71438776,0.86410404,-0.43564248000000005,6.65,-56.700001,27.790001,1770467806.085183
2.70002592,0.43324884,0.1555866,12.39,-17.92,22.610001,1770467806.093183
3.0159864,-0.11250108000000002,1.5606532800000001,19.879999,25.200001,23.17,1770467806.101198
3.34152144,-0.18909756000000003,3.6239709600000003,31.85,67.830002,22.469999,1770467806.10923
3.6550882799999997,0.11968200000000001,5.9481954,37.310001,112.139999,16.17,1770467806.117184
3.8298240000000003,0.8425612800000001,8.0905032,47.880001,154.770004,10.71,1770467806.125177
3.9207823200000003,1.56544056,10.283077440000001,51.450001,191.380005,-2.66,1770467806.13318
3.7580147999999998,1.4146412400000001,12.39187428,52.779999,223.160004,-2.31,1770467806.141291
3.11891292,0.6821874000000001,14.84535528,44.869999,240.800003,2.73,1770467806.149195
1.3907048400000002,0.12686292000000002,18.52437996,36.189999,250.25,17.08,1770467806.157168
-0.85692312,-1.0723507200000002,22.34223576,29.959999,237.720001,33.810001,1770467806.165178
-3.46599072,-1.72820808,21.97840248,24.219999,205.449997,48.720001,1770467806.173178
-7.12825992,-2.1423078,20.71934784,11.34,165.199997,60.130001,1770467806.181183
-10.16339544,-4.9763775599999995,19.19220552,-11.9,139.089996,39.48,1770467806.18926
-9.564985440000001,-4.43302128,16.95415212,-19.459999,109.620003,20.58,1770467806.19716
-10.098767160000001,-4.37557392,15.613713720000002,-14.56,89.669998,7.28,1770467806.205173
-10.520047800000002,-3.63115188,14.41689372,-14.42,78.889999,-8.05,1770467806.21317
-10.75701816,-2.58752484,13.09560444,-20.23,70.839996,-19.6,1770467806.221184
-10.63733616,-1.5175677600000002,11.338672680000002,-25.41,63.07,-34.369999,1770467806.229204
-10.105948080000001,-0.5026644,9.46205892,-34.93,53.200001,-45.849998,1770467806.237213
-9.2394504,0.24893856,7.84874556,-36.889999,38.080002,-61.25,1770467806.245176
-8.33704812,0.7707520800000001,6.50591352,-35.0,19.389999,-67.970001,1770467806.253171
-7.501667760000001,1.10825532,5.541276600000001,-24.92,1.47,-72.099998,1770467806.261171
-6.7141602,1.1848518000000001,4.86627012,-17.01,-14.0,-72.379997,1770467806.269186
-5.90510988,1.2159691200000002,4.00695336,-10.92,-29.68,-71.120003,1770467806.277202
-5.0745168,1.41703488,3.1284874800000004,-4.55,-44.869999,-69.300003,1770467806.285161
-4.1888700000000005,1.76411268,2.58752484,0.35,-60.200001,-67.410004,1770467806.29317
-3.16199844,2.2500216,2.3098626,5.32,-78.120003,-65.239998,1770467806.301174
-2.47023648,2.5109283600000003,2.09682864,3.71,-95.199997,-60.689999,1770467806.309168
-1.90055016,2.5300774800000005,1.8814010400000003,-7.14,-111.300003,-64.959999,1770467806.317195
-0.6008036400000001,3.51146988,1.20400092,-13.58,-122.220001,-52.360001,1770467806.325177
0.38776968,3.4300861200000003,1.0149033600000001,-10.99,-138.880005,-34.16,1770467806.333229
1.11782988,3.1883284800000005,1.3045338,-2.8,-150.289993,-6.65,1770467806.341184
1.2207564,2.3984272800000004,2.0130512400000002,11.2,-142.240005,7.56,1770467806.34918
1.47687588,2.26917072,3.1380620400000003,33.389999,-111.790001,19.879999,1770467806.357176
1.65400524,2.4798110400000004,5.12717688,59.43,-62.790001,23.379999,1770467806.365155
1.8933692400000002,3.2721058800000002,7.89422472,78.190002,5.46,20.16,1770467806.373187
1.76171904,4.22716824,10.97723304,80.779999,72.169998,25.41,1770467806.381276
0.6438891600000001,4.488075,14.24933892,75.18,127.470001,24.85,1770467806.389205
-1.76171904,3.36545784,17.736872400000003,68.110001,169.75,25.41,1770467806.397162
-5.4527119200000005,2.02741308,20.2980672,73.849998,195.929993,27.299999,1770467806.405203
-9.36870696,1.9723593600000002,19.824126480000004,67.199997,197.050003,32.900002,1770467806.413178
-13.124328120000001,0.5792608800000001,19.553645160000002,42.77,180.529999,31.92,1770467806.421192
-14.809450680000001,-1.39549212,18.926511480000002,18.76,131.039993,31.5,1770467806.429227
-16.4323386,-3.45162888,17.93793816,-2.8,64.540001,13.51,1770467806.437275
-16.913460240000003,-5.1702623999999995,16.67888352,-14.21,-7.14,5.46,1770467806.445216
-15.9057378,-6.884108640000001,15.522755400000001,-29.120001,-68.25,-15.68,1770467806.453174
-13.387628520000002,-7.56868968,14.201466120000001,-36.959999,-115.57,-31.85,1770467806.461177
-10.072437120000002,-7.087568040000001,12.736558440000001,-42.349998,-153.860001,-50.889999,1770467806.469183
-7.061238,-5.804577,11.33627904,-45.990002,-178.779999,-55.650002,1770467806.477333
-4.45695768,-4.20562548,10.259141040000001,-46.130001,-191.660004,-56.209999,1770467806.485174
-2.0896477200000003,-2.3002880400000003,9.3830688,-45.150002,-200.619995,-54.740002,1770467806.493172
-0.07899012000000001,-0.67979376,8.39928276,-41.09,-202.720001,-38.919998,1770467806.501178
0.7899012,-0.016755480000000003,7.370017560000001,-35.0,-200.199997,-31.15,1770467806.509236
1.83831552,-0.10053288,6.163623,-36.540001,-193.059998,-20.58,1770467806.517409
2.73832416,0.41170608000000003,4.73701356,-32.200001,-188.649994,-21.139999,1770467806.525178
3.7939194,1.48884408,3.2002966800000006,-18.129999,-192.779999,10.92,1770467806.533255
3.51625716,1.4696949600000002,2.4822046799999997,-8.19,-169.960007,26.879999,1770467806.541187
4.80403548,-0.08856468,3.1955093999999997,-7.77,-159.669998,50.330002,1770467806.549208
3.0734337600000003,1.86464556,0.033510960000000006,-2.59,-131.740005,25.41,1770467806.557186
3.04710372,2.06571132,-0.96703056,-2.1,-112.629997,45.5,1770467806.565173
3.6479073600000005,-0.28244952,-0.43085520000000005,5.46,-95.129997,13.51,1770467806.573181
3.10933836,1.0723507200000002,-1.0053288,18.200001,-50.68,33.950001,1770467806.581214
3.23380764,1.35719388,0.24415128000000003,33.18,-10.92,7.56,1770467806.589179
4.09791168,1.16570268,2.53965204,45.639999,33.740002,11.27,1770467806.597159
4.7035026,1.7593254,5.771066040000001,58.869999,79.449997,7.77,1770467806.605174
4.79206728,2.86518708,9.12934296,57.75,126.839996,-2.17,1770467806.613181
4.43541492,2.9202408,9.079076520000001,47.950001,189.139999,-14.91,1770467806.621322
4.30615836,3.63354552,11.39612004,37.66,218.119995,-18.549999,1770467806.629175
3.6981738,2.90109168,12.700653840000001,33.25,246.259995,-2.45,1770467806.637178
2.2404470400000003,2.5611948,15.099081120000001,28.42,262.429993,-9.24,1770467806.645178
-0.24415128000000003,1.05080796,18.471719880000002,29.959999,266.140015,16.52,1770467806.653171
-3.4300861200000003,-0.8832531600000001,20.38902552,40.459999,254.029999,17.08,1770467806.661192
-6.74767116,-1.2399055200000002,21.138234840000003,37.52,215.740005,31.360001,1770467806.669279
-9.73493388,-1.5702278400000003,20.300460840000003,17.639999,178.5,40.810001,1770467806.677211
-11.60676036,-3.051891,18.143791200000003,-5.74,134.820007,25.059999,1770467806.685173
-12.08070108,-4.25589192,16.02781344,-16.870001,97.650002,17.57,1770467806.693172
-12.320065080000001,-4.32530748,14.51024568,-15.33,71.540001,7.77,1770467806.701175
-12.39666156,-3.83700492,13.392415800000002,-17.780001,54.740002,-4.76,1770467806.70924
-11.99931732,-2.96093268,11.81021976,-26.25,42.209999,-26.32,1770467806.717199
-11.015531280000001,-2.0465622,9.84504132,-28.98,29.540001,-37.240002,1770467806.725177
-9.797168520000001,-1.1992136400000002,8.02826856,-31.92,12.39,-54.599998,1770467806.733336
-8.63146584,-0.56968632,6.8338422,-25.059999,-4.34,-61.25,1770467806.741221
-7.59023244,-0.23218308000000001,6.0559092,-17.360001,-21.209999,-65.730003,1770467806.749178
-6.63756372,-0.0478728,5.541276600000001,-11.55,-33.110001,-66.150002,1770467806.757174
-5.78782152,0.15798024000000002,5.0314312800000005,-1.12,-43.540001,-63.700001,1770467806.765204
-4.99552668,0.50984532,4.42105308,1.33,-52.990002,-62.23,1770467806.773313
-4.21520004,0.9335196,3.88727136,4.9,-63.419998,-62.23,1770467806.781172
-3.470778,1.3069274400000002,3.43726704,6.65,-74.199997,-64.959999,1770467806.789178
-2.59949304,1.7784745200000003,3.1811475600000003,3.36,-84.139999,-61.669998,1770467806.797168
-1.93645476,2.1901806,2.812527,0.63,-94.989998,-51.450001,1770467806.805182
-1.37873664,2.1710314800000003,2.4726301200000003,-10.99,-106.330002,-49.349998,1770467806.813185
-0.94309416,2.22847884,1.88379468,-14.0,-120.75,-47.110001,1770467806.82125
0.55293084,1.1848518000000001,1.75453812,-7.91,-125.440002,-24.219999,1770467806.829234
1.18724544,2.1183714,1.6204942800000002,5.11,-128.800003,-2.73,1770467806.837312
-0.20585304000000001,2.7263559600000002,1.8933692400000002,23.870001,-107.169998,-4.97,1770467806.845182
1.0149033600000001,2.0465622,3.7628020800000006,38.779999,-83.580002,41.93,1770467806.853215
1.1585217600000002,2.99683728,6.13729296,43.68,-42.560001,16.1,1770467806.861292
1.06995708,4.06440072,9.155673,40.110001,14.42,29.120001,1770467806.869198
0.55532448,5.18701788,12.1118184,23.66,66.150002,28.209999,1770467806.877172
-0.5744736,5.0386122,14.69216232,15.54,111.300003,34.720001,1770467806.885176
-3.21226488,4.09073076,17.78713884,23.799999,143.220001,50.68,1770467806.893277
-6.15404844,2.812527,19.62306072,28.0,160.509995,37.450001,1770467806.901189
-10.88866836,3.0040182,18.79246764,19.459999,149.729996,39.759998,1770467806.909192
-13.31103204,1.4194285199999999,18.63688104,6.44,117.040001,26.25,1770467806.917187
-13.758642720000001,0.18670392000000002,18.268260480000002,-3.08,58.310001,14.56,1770467806.925291
-14.558118480000001,-1.8790073999999999,17.96666184,-5.88,2.31,-4.55,1770467806.933175
-14.19667884,-3.42051156,16.99963128,-12.88,-48.23,-14.28,1770467806.941184
-12.39666156,-4.8806319600000005,15.374349720000001,-19.74,-90.440002,-37.240002,1770467806.949177
-10.03653252,-5.51255292,13.86156924,-31.08,-122.989998,-45.080002,1770467806.957171
-7.2359737200000005,-5.4957974400000005,12.525918120000002,-38.009998,-147.070007,-61.040001,1770467806.96522
-4.440202200000001,-4.69392804,11.16393696,-43.889999,-163.520004,-56.279999,1770467806.973489
-2.24762796,-3.4229052,9.97669152,-43.889999,-174.020004,-57.049999,1770467806.981589
-0.11968200000000001,-1.88379468,8.90912808,-41.439999,-185.289993,-39.549999,1770467806.989336
0.9239450400000001,-0.7276665600000001,7.712308080000001,-39.549999,-188.509995,-32.830002,1770467806.997171
2.154276,-0.66303828,6.699798360000001,-34.790001,-186.830002,-22.4,1770467807.005189
3.1404556800000005,-0.39255696000000007,5.43835008,-32.689999,-181.089996,-18.27,1770467807.013173
4.009347,-0.10532016000000001,4.23913644,-21.98,-170.660004,-9.03,1770467807.021348
3.9734424,0.7468156800000001,3.0303482400000004,-6.44,-154.559998,13.09,1770467807.029558
3.86333496,1.34522568,2.1782124,-2.45,-135.309998,23.66,1770467807.037252
3.5497681200000004,1.67076072,1.5223550399999999,-0.35,-109.900002,31.57,1770467807.045186
3.2074776,1.6659734400000001,0.8210185200000001,-1.89,-82.040001,35.98,1770467807.053206
2.86518708,1.21836276,0.35425872,-2.94,-52.360001,39.200001,1770467807.061174
2.49896016,0.7587838800000001,-0.12207564000000001,2.59,-19.25,33.459999,1770467807.069178
2.3577354,0.19627848000000003,-0.17473572,11.55,15.89,30.379999,1770467807.077189
2.42715096,-0.18191664000000002,0.66303828,28.0,49.07,25.9,1770467807.085248
2.64736584,-0.3710142,2.49896016,41.299999,86.029999,19.67,1770467807.093175
2.8364634000000004,-0.09095832000000001,4.8686637600000005,53.900002,121.660004,14.07,1770467807.101204
2.85800616,0.6869746800000001,7.54235964,59.220001,155.539993,4.76,1770467807.109228
2.88194256,1.24708644,9.7301466,58.939999,188.229996,-1.75,1770467807.117209
2.63779128,1.0795316400000001,11.207022480000001,57.75,214.270004,-1.89,1770467807.125288
2.13512688,0.37819512000000005,13.50970416,56.560001,231.070007,3.57,1770467807.133169
0.8210185200000001,-0.2034594,17.01159948,52.849998,237.929993,18.200001,1770467807.141178
-1.32128928,-0.63670824,21.16695852,51.380001,220.289993,34.09,1770467807.149169
-3.4468416000000004,-1.18724544,22.7635164,43.189999,176.190002,53.689999,1770467807.15717
-5.72558688,-1.38113028,21.054457440000004,32.830002,120.400002,67.830002,1770467807.16517
-7.85592648,-2.05134948,18.76853124,11.34,93.730003,76.93,1770467807.173206
-9.46445256,-4.00695336,16.903885680000002,-8.47,79.730003,35.209999,1770467807.181195
-9.49796352,-4.72025808,15.235518600000002,-12.81,76.860001,26.74,1770467807.189168
-9.919244160000002,-4.49764956,14.0386986,-13.23,80.709999,9.03,1770467807.197153
-10.532016000000002,-3.71732292,13.05491256,-16.799999,85.82,-3.78,1770467807.205179
-10.81685916,-2.63539764,11.87484804,-21.0,90.230003,-19.950001,1770467807.213179
-10.634942520000001,-1.18724544,10.1849382,-22.33,83.089996,-37.59,1770467807.221307
-10.132278120000002,0.21782124000000003,8.483060159999999,-22.33,61.740002,-47.110001,1770467807.229201
-9.37828152,1.256661,7.269484680000001,-23.24,34.650002,-62.09,1770467807.237172
-8.42800644,1.8024109200000002,6.57532908,-18.48,8.12,-62.580002,1770467807.245172
-7.31496384,1.96517844,6.10856928,-15.12,-15.12,-72.099998,1770467807.25317
-6.10617564,2.0585304,5.52691476,-9.66,-33.32,-70.980003,1770467807.261171
-5.2301034,2.03220036,4.796854560000001,-6.23,-49.560001,-63.139999,1770467807.269201
-4.27982832,2.30268168,4.01892156,-3.29,-62.650002,-68.389999,1770467807.277316
-3.5377999200000003,2.60428032,3.45641616,-3.08,-73.360001,-60.759998,1770467807.285184
-2.88912348,2.71917504,3.20508396,-2.59,-84.07,-65.379997,1770467807.293166
-0.70133652,-0.0023936400000000003,2.4822046799999997,-7.98,-87.779999,-60.130001,1770467807.301168
-0.93112596,3.48035256,2.26438344,-6.02,-96.529999,-58.099998,1770467807.309166
-0.0957456,3.60721548,1.76411268,-8.75,-110.529999,-11.83,1770467807.317174
-0.24654492000000003,3.91838868,1.52714232,-8.19,-123.970001,-10.85,1770467807.325235
0.07899012000000001,3.16678572,1.8814010400000003,-4.34,-115.220001,13.86,1770467807.333182
0.55532448,2.6210358,2.0130512400000002,13.44,-113.540001,16.59,1770467807.341209
0.897615,2.70960048,3.37263876,29.68,-82.040001,25.41,1770467807.349205
1.2231500400000002,3.59046,5.543670240000001,41.299999,-38.360001,42.630001,1770467807.357273
1.34522568,4.4689258800000005,8.377740000000001,42.0,16.870001,17.360001,1770467807.365175
1.57740876,6.03436644,11.06579772,39.759998,67.199997,33.529999,1770467807.373181
0.31596048000000004,6.075058320000001,13.8352392,25.620001,110.739998,23.66,1770467807.381204
-2.08486044,4.66999164,17.1384624,15.68,146.300003,25.34,1770467807.389205
-4.4641386,2.3649163200000003,20.585304,28.700001,180.039993,21.629999,1770467807.39718
-8.84928708,1.42900308,20.27891808,28.77,167.229996,41.509998,1770467807.405198
-12.19320216,-0.12207564000000001,19.91987208,20.16,140.070007,40.599998,1770467807.413327
-15.158922120000001,-3.2888613600000003,19.218535560000003,5.53,97.720001,31.15,1770467807.421184
-15.03684648,-3.93035688,17.571711240000003,6.86,43.75,26.67,1770467807.429182
-15.410254320000002,-5.51255292,16.25999652,-1.33,-11.9,-6.02,1770467807.437207
-14.268488040000001,-6.881715000000001,14.87407896,-4.76,-57.119999,-14.21,1770467807.445264
-12.28416048,-7.3867730400000005,13.6796526,-15.12,-93.660004,-44.869999,1770467807.453206
-9.56019816,-6.977460600000001,12.4948008,-26.67,-119.910004,-59.990002,1770467807.461165
-6.989428800000001,-5.625054,11.19744792,-31.99,-139.020004,-64.959999,1770467807.469177
-4.40669124,-4.19605092,10.3046202,-38.639999,-154.070007,-68.18,1770467807.477188
-2.08725408,-2.36012904,9.435728880000001,-35.91,-166.600006,-56.77,1770467807.485299
-0.34468416,-0.88085952,8.4734856,-37.240002,-174.300003,-50.330002,1770467807.493174
0.85213584,-0.05505372,7.57826424,-36.959999,-176.399994,-30.52,1770467807.501184
1.69230348,-0.05026644,6.5657545200000005,-41.439999,-172.899994,-26.530001,1770467807.50918
2.19496788,0.0119682,5.23249704,-44.029999,-159.179993,-17.15,1770467807.517315
5.143932360000001,1.8478900800000002,3.46838436,-30.870001,-155.679993,15.96,1770467807.525193
3.2314140000000005,1.15612812,2.8197079200000004,-24.360001,-143.639999,34.16,1770467807.533163
3.16199844,1.2925655999999999,2.05374312,-17.43,-130.690002,43.610001,1770467807.541189
3.0375291600000005,1.256661,1.4361840000000001,-9.1,-113.470001,48.509998,1770467807.549182
2.9346026400000005,1.11064896,0.89043408,-2.03,-93.379997,45.849998,1770467807.557183
2.67130224,0.9095832,0.35665236,11.9,-68.669998,42.91,1770467807.565289
2.50853472,0.7228792800000001,0.17952300000000002,21.91,-41.439999,36.189999,1770467807.573169
2.5300774800000005,0.6079845600000001,0.67979376,33.110001,-9.8,30.1,1770467807.581193
2.79337788,0.64867644,1.9795402800000002,43.470001,22.959999,20.58,1770467807.5892
2.99923092,0.87846588,3.9327505200000004,51.099998,58.450001,19.040001,1770467807.597164
3.1596048,1.4481522,6.185165759999999,56.560001,97.160004,10.01,1770467807.605182
3.2912550000000005,2.10400956,8.382527280000001,57.400002,140.490005,2.52,1770467807.613176
3.28168044,2.41039548,10.103554440000002,53.34,177.520004,-1.75,1770467807.621372
2.86518708,2.00108304,11.779102439999999,52.43,207.899994,1.26,1770467807.629201
1.96517844,1.1992136400000002,14.0506668,45.779999,229.600006,14.07,1770467807.637311
0.052660080000000005,0.83538036,17.46399744,40.110001,239.399994,29.33,1770467807.645178
-2.2978944,-0.0239364,21.40632252,29.68,230.860001,41.580002,1770467807.653176
-5.01706944,-0.8952213600000001,21.96882792,25.969999,198.800003,61.110001,1770467807.661179
-9.51950628,-1.8263473200000002,20.8126998,24.780001,161.210007,74.480003,1770467807.669215
-12.564216360000001,-4.41147852,19.390877640000003,-1.54,124.040001,59.290001,1770467807.677294
-11.70011232,-4.1649336,16.47063684,-12.88,80.639999,21.98,1770467807.685175
-11.8604862,-4.41865944,14.938707240000001,-15.47,51.939999,11.2,1770467807.693181
-11.74319784,-3.8178558000000002,13.808909160000002,-22.75,30.870001,-12.18,1770467807.701184
-11.338672680000002,-2.83406976,12.8538468,-29.120001,16.52,-30.940001,1770467807.70918
-10.50089868,-1.7712936000000001,11.846124360000001,-33.110001,7.77,-47.810001,1770467807.717204
-9.27774864,-0.47394072000000004,10.56552696,-35.419998,-3.99,-64.260002,1770467807.725375
-8.27481348,0.55771812,9.01923552,-38.009998,-19.25,-72.660004,1770467807.733278
-6.891289560000001,1.11782988,7.810447320000001,-35.98,-29.33,-81.900002,1770467807.74129
-6.077451959999999,1.6516116,6.75724572,-28.98,-42.139999,-85.260002,1770467807.749208
-5.01946308,1.67076072,6.146867520000001,-20.65,-45.919998,-75.529999,1770467807.757179
-4.1242417200000006,1.70666532,5.1822306,-12.67,-51.66,-70.349998,1770467807.765176
-3.5880663600000005,1.8311346,4.31094564,-11.69,-59.009998,-65.519997,1770467807.773198
-3.00162456,1.96517844,3.53540628,-8.96,-63.91,-58.450001,1770467807.781331
-2.54443932,2.1710314800000003,2.96571996,-8.47,-69.790001,-49.77,1770467807.789207
-2.13512688,2.38406544,2.5611948,-13.65,-74.129997,-42.07,1770467807.797162
-1.8502837200000002,2.81492064,2.1375205200000003,-15.19,-85.75,-41.23,1770467807.805178
-1.4840568,2.58991848,1.93166748,-30.66,-90.089996,-38.360001,1770467807.813164
-0.97899876,2.19975516,1.68990984,-32.689999,-97.440002,-37.240002,1770467807.821232
0.16994844,2.24762796,1.25426736,-28.35,-97.440002,-14.21,1770467807.829213
0.7061238000000001,2.1590632800000003,1.4840568,-13.09,-100.870003,10.57,1770467807.837179
0.70373016,1.735389,2.61624852,10.85,-89.879997,28.559999,1770467807.845178
0.98378604,1.8359218800000001,4.31333928,32.759998,-65.519997,32.060001,1770467807.853183
1.1824581600000001,2.46066192,6.72134112,52.43,-25.83,29.82,1770467807.861274
1.2590546400000002,3.4013624399999998,9.27296136,61.529999,19.530001,32.060001,1770467807.869182
0.8210185200000001,4.37557392,11.446386480000001,53.900002,61.740002,26.530001,1770467807.877182
0.01436184,5.07691044,13.272733800000001,49.209999,90.93,22.190001,1770467807.885188
-1.8909756,3.40614972,16.18818732,41.299999,114.379997,25.34,1770467807.893163
-4.935685680000001,1.4673013200000002,19.091672640000002,45.290001,132.160004,25.76,1770467807.901179
-7.712308080000001,0.6582510000000001,19.448325,46.759998,129.220001,34.650002,1770467807.909186
-10.091586240000002,-0.24893856,19.74753,29.889999,108.919998,36.959999,1770467807.917179
-10.60621884,-1.4361840000000001,19.539283320000003,18.76,71.120003,32.27,1770467807.92531
-11.93947632,-3.6407264400000003,19.14433272,5.11,24.780001,8.26,1770467807.933193
-12.03282828,-5.1822306,17.88288444,-0.21,-20.02,-7.0,1770467807.941178
-11.137606920000001,-6.44607252,16.50654144,-7.42,-55.93,-24.219999,1770467807.949185
-9.397430640000001,-6.9176196,15.10865568,-19.110001,-82.110001,-37.799999,1770467807.957178
-7.35086844,-6.65671284,13.543215120000001,-25.969999,-97.510002,-49.419998,1770467807.965324
-5.2301034,-5.227709760000001,11.98974276,-29.889999,-105.139999,-53.27,1770467807.973546
-3.3032232,-3.81546216,10.91978568,-33.669998,-108.290001,-55.93,1770467807.981331
-1.71384624,-2.18299968,9.916850519999999,-33.669998,-111.510002,-47.529999,1770467807.989268
-0.56489904,-0.48590892,8.80620156,-33.459999,-112.559998,-36.959999,1770467807.997369
0.2872368,0.33032232,7.83677736,-33.669998,-112.769997,-20.51,1770467808.005182
0.6869746800000001,0.40213152,6.891289560000001,-33.740002,-108.919998,-10.08,1770467808.01318
1.2877783200000001,0.10771380000000001,5.93383356,-35.0,-101.849998,-2.73,1770467808.02121
1.6755480000000003,0.5194198800000001,4.698715320000001,-27.440001,-97.510002,0.49,1770467808.029394
2.00347668,1.61331336,3.26253132,-21.559999,-90.93,17.780001,1770467808.037169
1.83352824,1.57501512,2.71199412,-12.81,-88.199997,37.799999,1770467808.045178
1.5678342,1.70666532,2.20932972,-13.93,-78.540001,43.400002,1770467808.053174
1.38113028,1.8239536800000002,1.63006884,-12.32,-66.220001,46.200001,1770467808.061209
1.2375118800000002,1.19682,1.1010744000000001,-6.86,-51.099998,43.470001,1770467808.069197
1.04841432,0.71330472,0.41409972,1.89,-29.889999,42.84,1770467808.07732
1.04841432,0.38776968,0.2633004,15.33,-9.24,43.470001,1770467808.085183
1.3117147200000001,0.5266008,1.03165884,34.299999,14.49,35.77,1770467808.09318
1.70187804,1.0579888800000001,2.90348532,50.889999,39.759998,34.09,1770467808.101179
2.10879684,2.00347668,5.869205280000001,60.549999,66.849998,26.67,1770467808.109175
2.33140536,2.95135812,8.87801076,57.889999,96.949997,21.98,1770467808.117199
2.3816718,3.28646772,10.283077440000001,53.549999,125.720001,18.48,1770467808.125207
1.83831552,2.91784716,11.027499480000001,52.43,149.589996,24.219999,1770467808.133196
1.1489472,2.6449722,12.64081284,51.450001,157.360001,32.34,1770467808.141211
0.06223464,2.75747328,14.555724840000002,43.959999,147.699997,38.990002,1770467808.149176
-1.70666532,2.33858628,16.67888352,25.200001,129.850006,39.759998,1770467808.15717
-3.38939424,0.7707520800000001,17.672244120000002,15.54,111.860001,44.799999,1770467808.165174
-4.80164184,-0.9407005200000002,18.50523084,14.56,92.959999,38.150002,1770467808.173172
-6.1755912,-2.15666964,19.41960132,12.04,84.839996,42.349998,1770467808.181203
-7.511242320000001,-4.243923720000001,19.24965288,2.45,70.07,2.94,1770467808.189185
-7.66443528,-4.863876480000001,17.995385520000003,0.35,62.439999,-13.51,1770467808.197161
-7.97560848,-4.45935132,16.6477662,-2.03,60.619999,-28.0,1770467808.205179
-8.21497248,-3.80110032,15.50121264,-5.88,63.209999,-31.92,1770467808.213173
-8.258058,-2.9226344400000004,14.25173256,-13.44,66.290001,-39.200001,1770467808.2212
-8.13358872,-2.0082639600000003,12.688685640000001,-19.459999,63.77,-43.470001,1770467808.229278
-7.920554760000001,-1.06277616,10.862338320000001,-27.58,56.209999,-52.009998,1770467808.237174
-7.54475328,-0.31356684,9.16046028,-29.75,42.560001,-53.970001,1770467808.245185
-7.0851744000000005,0.16994844,7.88225652,-32.34,26.32,-60.48,1770467808.253209
-6.5657545200000005,0.5194198800000001,6.982247880000001,-26.530001,7.77,-63.139999,1770467808.261281
-5.964950880000001,0.7970821200000001,6.256974960000001,-20.860001,-8.05,-61.810001,1770467808.269167
-5.31627444,1.15134084,5.66574588,-13.65,-21.0,-62.369999,1770467808.277163
-4.7633436,1.37873664,5.01228216,-8.54,-33.32,-53.130001,1770467808.285156
-4.32770112,1.5726214800000002,4.25110464,-4.48,-41.23,-50.82,1770467808.293182
-3.72929112,1.9196992800000001,3.60721548,0.21,-47.110001,-47.529999,1770467808.301179
-3.1763602800000004,2.28113892,2.97290088,1.05,-54.669998,-39.830002,1770467808.309223
-2.7694414800000002,2.4295446,2.5779502800000005,-3.22,-62.790001,-42.349998,1770467808.317239
-2.37927816,2.54683296,2.25241524,-10.43,-73.010002,-40.669998,1770467808.32522
-1.91251836,2.6808768000000005,1.9196992800000001,-15.12,-83.300003,-39.689999,1770467808.333209
-0.5625054,3.54019356,1.55347236,-13.65,-93.800003,-18.129999,1770467808.341196
-0.18909756000000003,3.17875392,1.7712936000000001,-10.64,-106.470001,-0.07,1770467808.349184
0.30399228000000006,2.8843362000000003,2.42715096,-5.11,-105.419998,8.54,1770467808.357176
0.8377740000000001,2.6449722,3.8561540400000003,9.03,-89.949997,15.89,1770467808.365178
1.4337903600000002,2.75029236,5.8404816,20.370001,-56.700001,16.309999,1770467808.373276
2.0082639600000003,3.3032232,7.997151240000001,30.59,-12.25,17.360001,1770467808.381216
2.15188236,4.18168908,9.70860384,34.23,34.299999,27.02,1770467808.389193
1.3643748000000002,4.36360572,11.03228676,29.889999,80.150002,31.360001,1770467808.397165
-0.33032232,3.4971080400000005,12.73895208,34.790001,119.910004,36.049999,1770467808.405168
-2.96093268,1.69469712,15.93685512,42.77,155.190002,42.0,1770467808.413189
-6.223464,0.49548348,18.16294032,58.169998,167.860001,50.610001,1770467808.421202
-10.03653252,0.13643748,18.97199064,55.439999,154.419998,56.84,1770467808.429187
-12.20995764,-0.16755480000000003,19.11800268,38.360001,120.82,51.169998,1770467808.437177
-14.0865714,-2.25720252,19.022257080000003,26.32,71.610001,24.639999,1770467808.445185
-15.003335520000002,-3.470778,18.040864680000002,17.780001,16.450001,10.29,1770467808.453221
-14.71609872,-4.89978108,16.841651040000002,7.28,-31.43,-14.77,1770467808.46118
-13.224861,-5.780640600000001,15.584990040000001,1.47,-71.330002,-32.27,1770467808.46918
-10.88388108,-6.00085548,14.49827748,-11.55,-103.18,-49.279999,1770467808.477176
-8.150344200000001,-5.44792464,13.23922284,-19.74,-122.220001,-58.450001,1770467808.48526
-5.543670240000001,-4.488075,11.956231800000001,-25.27,-135.100006,-66.779999,1770467808.49318
-3.2314140000000005,-3.051891,10.59425064,-27.58,-141.889999,-62.580002,1770467808.501184
-1.5127804800000002,-1.4194285199999999,9.32562144,-23.799999,-146.789993,-54.740002,1770467808.509214
-0.26569404,0.29202408,8.20061064,-25.34,-146.860001,-42.630001,1770467808.517313
0.37819512000000005,1.02687156,7.487305920000001,-25.34,-142.520004,-32.830002,1770467808.525212
1.06995708,0.9981478800000001,6.88889592,-30.799999,-134.330002,-31.709999,1770467808.533159
2.0896477200000003,1.6516116,5.85963072,-31.99,-114.940002,-13.44,1770467808.541181
2.6018866800000002,2.07528588,5.27318892,-21.91,-112.910004,14.42,1770467808.54917
2.8675807200000003,2.04895584,4.6795662,-23.1,-105.139999,25.9,1770467808.557218
2.7287496000000004,2.0130512400000002,3.86094132,-22.469999,-94.010002,34.720001,1770467808.565201
2.44869372,1.90773108,2.9561454,-21.209999,-81.129997,38.709999,1770467808.573174
1.9867212,1.78086816,1.8909756,-16.24,-62.790001,44.73,1770467808.581174
1.4577267600000001,1.41703488,0.8545294800000001,-9.52,-41.02,43.610001,1770467808.589215
0.98378604,1.0388397600000001,0.19867212,3.85,-16.450001,43.610001,1770467808.597281
0.7659648,0.6199527600000001,0.24893856,17.01,6.23,40.810001,1770467808.605206
0.7659648,0.50027076,1.1250108,29.4,30.1,35.419998,1770467808.613177
0.94309416,0.7300602,2.8292824800000003,37.66,53.200001,29.82,1770467808.621174
1.14415992,1.3117147200000001,5.41202004,42.07,77.07,24.219999,1770467808.629253
1.3045338,2.05134948,7.9923639600000005,40.110001,104.790001,13.65,1770467808.637174
1.29495924,2.5013538,9.66791196,40.110001,128.940002,1.96,1770467808.645179
1.00054152,2.5755566400000003,10.81446552,41.09,143.360001,-5.46,1770467808.653176
0.48590892,2.3697036000000002,12.741345720000002,37.66,149.940002,-2.87,1770467808.661197
-0.48351528,2.23326612,15.05838924,30.1,141.610001,-0.07,1770467808.669236
-1.7593254,1.6157070000000002,17.64352044,21.98,125.160004,9.73,1770467808.677164
-3.0854019600000004,-0.16276752,19.29034476,23.870001,99.959999,18.129999,1770467808.685269
-4.55030964,-1.49841864,19.4602932,34.720001,67.550003,25.690001,1770467808.693215
-6.63277644,-2.12794596,19.3406112,32.130001,43.959999,29.82,1770467808.70123
-8.18385516,-4.66041708,18.85709592,15.75,30.66,10.85,1770467808.709177
-6.362295120000001,-4.50483048,17.00920584,4.97,21.84,-5.46,1770467808.71723
-6.09899472,-5.021856720000001,15.774087600000001,0.42,29.540001,-10.64,1770467808.725343
-6.12532476,-4.9308984,14.883653520000001,-1.12,42.349998,-16.66,1770467808.733175
-6.3790506,-4.136209920000001,13.856781960000001,-3.43,57.259998,-22.610001,1770467808.741177
-6.73091568,-2.8292824800000003,12.65517468,-8.33,68.739998,-27.09,1770467808.749272
-6.94873692,-1.4936313600000002,11.190267,-15.33,72.449997,-36.889999,1770467808.757172
-6.979854240000001,-0.22500216000000003,9.6104646,-20.23,67.410004,-45.709999,1770467808.765309
-6.77878848,0.67740012,8.334654480000001,-24.92,54.18,-52.849998,1770467808.773175
-6.40777428,0.88085952,7.4561886,-23.870001,38.990002,-54.599998,1770467808.781165
-5.9362272,1.10586168,6.687830160000001,-17.219999,21.07,-54.599998,1770467808.789171
-5.44792464,1.1824581600000001,6.043941,-13.65,4.76,-53.34,1770467808.797178
-4.904568360000001,1.3667684400000002,5.3761154399999995,-9.31,-7.7,-46.830002,1770467808.805211
-4.43062764,1.69469712,4.751375400000001,-6.09,-18.48,-46.200001,1770467808.813181
-4.0691880000000005,1.98432756,4.28222196,-10.01,-26.459999,-42.0,1770467808.821177
-3.41572428,2.3649163200000003,3.93035688,-9.24,-36.889999,-40.599998,1770467808.829219
-2.89391076,2.71917504,3.50907624,-15.75,-46.689999,-39.549999,1770467808.837207
-2.3912463600000002,2.84364432,3.07104012,-18.969999,-58.52,-41.720001,1770467808.84519
-1.9532102400000002,2.5970994,2.65933404,-22.120001,-70.769997,-46.549999,1770467808.853175
-0.9407005200000002,3.2002966800000006,2.00108304,-16.799999,-80.43,-32.689999,1770467808.86118
-0.08617104,3.0782210400000003,1.8814010400000003,-7.98,-89.529999,-10.71,1770467808.869246
0.09335196000000001,2.7885906000000005,2.3577354,-1.4,-89.739998,10.01,1770467808.877177
0.31596048000000004,2.66651496,3.42051156,12.81,-77.0,16.450001,1770467808.885175
0.6223464,2.7167814000000003,4.99313304,24.01,-49.0,22.959999,1770467808.893187
0.8952213600000001,3.16199844,6.955917840000001,32.970001,-7.91,28.98,1770467808.901283
0.84495492,3.7053547200000003,9.03359736,34.860001,35.279999,36.119999,1770467808.909616
0.02872368,3.87051588,10.728294479999999,32.41,73.290001,36.75,1770467808.917171
-1.5079932,3.10694472,12.975922440000002,38.009998,105.910004,42.84,1770467808.925211
-3.8537604000000005,1.8239536800000002,16.48260504,47.389999,129.009995,39.759998,1770467808.933278
-7.623743400000001,1.45293948,18.74459484,56.07,137.479996,41.09,1770467808.941196
-11.357821800000002,0.58883544,19.0414062,49.630001,127.400002,32.830002,1770467808.949301
-12.5426736,0.28484316,18.167727600000003,37.73,94.150002,26.110001,1770467808.95717
-13.823271,-1.2399055200000002,17.6291586,23.870001,48.439999,5.46,1770467808.965172
-14.163167880000001,-2.4127891200000002,16.54962696,11.97,-3.78,-4.76,1770467808.973491
-13.794547320000001,-4.05003888,15.46052076,5.11,-42.77,-20.93,1770467808.981404
-12.504375360000001,-5.3761154399999995,14.44083012,-1.33,-78.190002,-39.34,1770467808.989247
-10.64930436,-6.0367600800000005,13.72991904,-11.2,-102.760002,-51.169998,1770467808.997183
-8.119226880000001,-5.78782152,13.0214016,-16.870001,-119.980003,-61.110001,1770467809.005188
-5.675320440000001,-4.74658812,12.28655412,-23.309999,-131.460007,-67.059998,1770467809.013289
-3.3032232,-3.16199844,11.522982960000002,-24.99,-140.770004,-61.459999,1770467809.021218
-1.56544056,-1.4002794,10.58706972,-22.190001,-146.789993,-54.740002,1770467809.029187
-0.22260852,0.5361753600000001,9.471633480000001,-23.309999,-150.080002,-43.400002,1770467809.03716
0.23697036000000002,1.4720886,8.4615174,-26.74,-147.419998,-38.919998,1770467809.045184
1.03165884,1.4002794,7.47055044,-33.110001,-140.419998,-37.310001,1770467809.053191
5.1343578,4.19605092,5.457499200000001,-25.129999,-135.449997,1.19,1770467809.061203
2.85800616,2.97768816,5.55803208,-21.209999,-132.440002,13.86,1770467809.069182
3.0973701600000005,2.84603796,4.92132384,-24.780001,-124.110001,28.35,1770467809.077216
3.0303482400000004,2.7359305199999997,4.10030532,-23.450001,-112.839996,33.18,1770467809.085268
2.89391076,2.61146124,3.1883284800000005,-25.9,-96.18,38.360001,1770467809.0932
2.5588011600000002,2.4127891200000002,2.1231586800000004,-26.110001,-76.440002,40.459999,1770467809.101189
2.17581876,2.0944350000000003,1.10346804,-20.440001,-52.990002,38.849998,1770467809.109178
1.80959184,1.67076072,0.3949506,-13.72,-27.440001,38.919998,1770467809.117164
1.70187804,1.1130426000000002,0.35665236,2.31,1.33,33.040001,1770467809.125263
1.7497508400000001,0.80665668,1.0579888800000001,18.059999,30.1,26.32,1770467809.133212
1.79523,0.91915776,2.4726301200000003,29.4,57.540001,20.719999,1770467809.141172
1.9053374400000003,1.3428320400000002,4.69392804,39.41,85.610001,16.870001,1770467809.149175
1.98193392,1.8143791200000001,7.259910120000001,38.849998,114.379997,8.82,1770467809.157166
1.9412420400000001,2.16145692,9.08147016,38.990002,141.610001,3.64,1770467809.165208
1.68033528,1.94602932,10.40515308,37.52,166.039993,0.98,1770467809.17332
0.90479592,1.4481522,12.152510280000001,34.23,179.270004,3.99,1770467809.181166
-0.27766224,0.72527292,14.414500080000002,34.16,181.369995,12.67,1770467809.189175
-1.6851225600000002,0.10292652000000001,17.1025578,32.619999,168.699997,19.809999,1770467809.197179
-3.19072212,-0.7468156800000001,19.498591440000002,34.02,135.520004,37.240002,1770467809.20518
-4.87345104,-1.02447792,18.88821324,36.540001,93.029999,49.0,1770467809.21317
-6.991822440000001,-1.15373448,17.562136680000002,26.32,61.740002,51.59,1770467809.221198
-7.054057080000001,-2.65454676,16.99005672,11.69,54.389999,43.189999,1770467809.229195
-7.281452880000001,-4.47371316,15.92009964,-0.21,49.84,13.3,1770467809.23717
-7.28624016,-5.277976200000001,15.46770168,-1.54,56.209999,6.58,1770467809.245172
-7.889437440000001,-4.9428666,14.986580040000002,-3.36,71.260002,0.21,1770467809.253171
-8.566837560000002,-4.05243252,14.43843648,-7.49,87.5,-4.9,1770467809.261168
-9.11019384,-2.4893856,13.29427656,-12.46,97.160004,-12.39,1770467809.269206
-9.39982428,-0.78272028,11.62830312,-19.530001,99.190002,-19.25,1770467809.277219
-9.41179248,0.56968632,9.816317640000001,-27.02,84.489998,-23.59,1770467809.285169
-9.33040872,2.0345940000000002,7.99954488,-30.66,56.98,-34.860001,1770467809.293174
-8.51417748,2.11358412,7.20246276,-31.85,29.959999,-37.73,1770467809.301188
-7.669222560000001,2.3768845200000004,6.50351988,-30.870001,4.9,-42.84,1770467809.309174
-6.87453408,2.48459832,5.93383356,-30.799999,-15.89,-41.02,1770467809.31717
-6.09660108,2.4893856,5.2037733600000005,-27.02,-31.780001,-35.419998,1770467809.325334
-5.364147239999999,2.5755566400000003,4.49525592,-23.66,-43.259998,-35.490002,1770467809.333187
-4.66041708,2.64975948,3.9590805600000003,-25.200001,-51.799999,-32.27,1770467809.341163
-4.06679436,2.7287496000000004,3.47556528,-24.780001,-59.009998,-35.139999,1770467809.34917
-3.49232076,2.68327044,3.0901892400000004,-27.23,-66.290001,-41.02,1770467809.357183
-2.8244952000000003,2.71199412,2.7335368800000004,-28.209999,-75.25,-48.299999,1770467809.365181
-1.7784745200000003,3.31997868,2.26438344,-19.32,-85.120003,-25.969999,1770467809.373175
-1.1010744000000001,3.0734337600000003,2.3218308000000003,-16.24,-94.989998,-11.41,1770467809.381171
-0.64867644,2.65454676,2.36730996,-9.45,-99.190002,1.61,1770467809.389285
-0.21782124000000003,2.40800184,2.53486476,-0.7,-100.660004,19.18,1770467809.397212
0.009574560000000001,2.3218308000000003,3.0734337600000003,11.2,-92.959999,27.93,1770467809.405186
0.27526860000000003,2.08486044,4.44498948,26.18,-73.639999,35.98,1770467809.413188
0.4667598,2.2189042800000003,6.60165912,36.119999,-41.580002,40.810001,1770467809.421198
0.41649336000000003,2.69045136,9.12694932,41.580002,-3.01,43.049999,1770467809.429287
-0.16516116,2.9896563600000006,11.333885400000002,36.540001,35.490002,44.59,1770467809.437222
-1.4361840000000001,2.41997004,13.129115400000002,36.75,65.940002,47.950001,1770467809.445184
-3.5784918,1.5486850800000003,15.233124960000001,44.310001,88.129997,44.869999,1770467809.453183
-6.797937600000001,1.4457585600000002,16.7674482,43.889999,101.779999,42.630001,1770467809.461245
-9.919244160000002,0.71569836,16.757873640000003,36.400002,97.720001,32.759998,1770467809.46918
-11.38415184,0.2633004,16.21930464,20.790001,74.900002,26.67,1770467809.477174
-13.193743679999999,-1.8981565200000001,16.6118616,5.67,35.560001,15.19,1770467809.485179
-12.91129416,-3.0040182,16.14749544,-0.98,-10.99,5.67,1770467809.493303
-12.87538956,-4.3564248,15.798024000000002,-8.68,-48.580002,-1.89,1770467809.50121
-11.661814080000001,-6.01761096,15.630469200000002,-12.6,-81.339996,-14.63,1770467809.509195
-9.89291412,-6.7141602,15.185252160000001,-19.879999,-102.690002,-26.110001,1770467809.517176
-7.583051520000001,-6.087026520000001,14.347478160000001,-26.67,-118.440002,-29.120001,1770467809.525176
-5.249252520000001,-4.6915344,13.15783908,-31.92,-130.339996,-35.419998,1770467809.533171
-3.15481752,-2.573163,11.64984588,-36.82,-138.880005,-31.709999,1770467809.541169
-1.5319296,-0.35904600000000003,10.1969064,-33.880001,-143.080002,-23.73,1770467809.549178
-0.47394072000000004,1.5678342,8.7008814,-33.669998,-144.199997,-11.69,1770467809.557179
-0.13404384000000003,2.2021488000000002,7.621349760000001,-38.290001,-141.539993,-12.18,1770467809.56518
0.6438891600000001,2.2835325600000003,6.55139268,-41.439999,-130.690002,-4.06,1770467809.573249
3.2362012800000004,3.5186508,5.5173402000000005,-35.0,-129.220001,19.18,1770467809.581195
2.60667396,2.67130224,5.46228648,-31.780001,-122.5,28.280001,1770467809.589173
2.91784716,2.72396232,4.79206728,-34.299999,-114.449997,38.849998,1770467809.59718
2.91784716,2.752686,3.82264308,-32.34,-105.629997,39.900002,1770467809.605184
2.8747616400000005,2.8244952000000003,2.86997436,-29.4,-93.099998,41.720001,1770467809.6132
2.7287496000000004,2.70241956,2.1064032,-26.879999,-76.860001,45.5,1770467809.621199
2.5659820800000004,2.32661808,1.4098539600000002,-16.450001,-56.700001,43.82,1770467809.629204
2.4056082,1.68033528,0.80426304,-4.9,-32.130001,40.459999,1770467809.637243
2.41997004,1.2901719600000001,0.6414955200000001,14.63,-7.49,35.209999,1770467809.645261
2.42715096,1.27820376,1.33325748,31.290001,18.059999,33.599998,1770467809.653177
2.54204568,1.52714232,3.13088112,43.119999,49.279999,33.880001,1770467809.661177
2.79098424,1.96757208,5.8883544,49.279999,85.050003,27.790001,1770467809.669213
2.97768816,2.28113892,8.55965664,49.07,122.989998,22.82,1770467809.677202
2.94657084,2.33140536,10.235204640000001,48.439999,157.080002,17.43,1770467809.685262
2.48699196,1.75693176,11.254895280000001,46.830002,186.059998,21.91,1770467809.693176
1.75453812,0.9000086400000001,13.06688076,45.639999,201.600006,27.51,1770467809.701192
0.4906962,0.26569404,15.742970280000002,47.740002,203.350006,34.93,1770467809.70918
-1.2255436800000001,-0.16516116,18.969597,48.09,184.940002,49.419998,1770467809.717187
-3.16199844,-0.44282340000000003,20.444079240000004,47.25,150.080002,59.009998,1770467809.725287
-4.8686637600000005,-0.37819512000000005,19.45789956,33.669998,109.480003,67.269997,1770467809.73318
-6.704585640000001,-1.4553331200000001,17.988204600000003,16.309999,82.389999,65.589996,1770467809.741185
-8.267632560000001,-4.837546440000001,17.53580664,-2.45,78.889999,60.759998,1770467809.749213
-7.53517872,-5.1176023200000005,15.77648124,-13.23,83.440002,25.41,1770467809.75719
-8.20061064,-5.0098885200000005,14.50306476,-15.05,99.82,16.309999,1770467809.765177
-9.05035284,-4.14578448,13.579119720000001,-16.66,113.050003,10.5,1770467809.773178
-9.75647664,-3.48753348,12.63602556,-20.58,121.309998,-3.85,1770467809.781165
-10.120309920000002,-1.9412420400000001,11.17111788,-23.59,119.07,-12.74,1770467809.789172
-10.108341720000002,-0.10771380000000001,9.4070052,-29.469999,104.300003,-24.5,1770467809.797169
-9.916850519999999,1.3524066000000001,7.93012932,-30.309999,76.300003,-33.040001,1770467809.805183
-9.42615432,2.18299968,6.989428800000001,-29.33,42.84,-38.990002,1770467809.81318
-8.585986680000001,2.49417288,6.40777428,-26.879999,11.97,-40.389999,1770467809.821178
-7.453794960000001,2.4654492,6.0152173200000005,-25.34,-17.15,-37.869999,1770467809.829394
-6.44367888,2.59470576,5.4527119200000005,-21.700001,-37.939999,-36.540001,1770467809.837186
-5.3761154399999995,2.5276838400000003,4.938079320000001,-18.549999,-54.32,-35.07,1770467809.845188
-4.5455223600000005,2.7838033200000005,4.44498948,-18.76,-64.470001,-37.450001,1770467809.853195
-3.6742374,3.0614655600000003,4.03088976,-22.68,-72.309998,-35.560001,1770467809.861192
-3.00880548,3.15242388,3.710142,-26.67,-77.910004,-39.130001,1770467809.869211
-2.55640752,2.99923092,3.30801048,-32.619999,-82.459999,-44.869999,1770467809.877174
-0.86410404,3.6742374,2.453481,-24.43,-85.190002,-31.639999,1770467809.88518
-0.7611775199999999,2.9585390400000002,2.4175764,-22.26,-89.459999,0.49,1770467809.893233
-0.22021488,2.6330040000000006,2.25720252,-15.12,-100.309998,9.24,1770467809.901217
-0.052660080000000005,2.3864590800000003,2.32422444,-6.86,-100.660004,19.18,1770467809.909206
0.14601204,2.08007316,3.1476366,7.42,-88.550003,32.060001,1770467809.917184
0.31835412,1.9029438000000003,4.78967364,24.219999,-62.23,35.84,1770467809.925178
0.38776968,2.1806060400000002,6.94873692,34.02,-21.42,45.290001,1770467809.93318
-0.00718092,2.88912348,9.564985440000001,39.619999,25.620001,45.779999,1770467809.941171
-0.8712849600000001,3.2481694800000005,11.84133708,35.630001,71.190002,48.650002,1770467809.949182
-2.4798110400000004,3.09497652,13.29906384,35.139999,100.309998,48.860001,1770467809.957183
-5.09127228,2.24284068,14.91716448,41.509998,120.75,51.240002,1770467809.965188
-8.2221534,1.4936313600000002,15.71664024,42.560001,126.839996,46.830002,1770467809.973494
-11.034680400000001,0.5864418,16.0852608,34.23,111.510002,40.110001,1770467809.981358
-12.332033280000001,-0.12925656000000002,16.396434,20.440001,74.269997,37.099998,1770467809.989577
-13.59826884,-2.0585304,16.537658760000003,4.97,30.870001,20.16,1770467809.997208
-14.005187639999999,-3.93993144,16.0613244,-0.77,-17.01,9.03,1770467810.005176
-13.349330280000002,-5.79021516,15.47966988,-5.53,-57.889999,-4.97,1770467810.013244
-12.03522192,-6.7931503200000005,14.720886,-14.77,-86.029999,-17.780001,1770467810.021199
-9.7421148,-6.96070512,14.132050560000001,-21.98,-108.849998,-31.92,1770467810.029193
-7.26709104,-6.31442232,13.49534232,-31.01,-126.910004,-37.59,1770467810.037169
-4.84472736,-4.77052452,12.521130840000001,-36.540001,-139.229996,-40.810001,1770467810.045183
-2.7287496000000004,-2.64257856,11.434418280000001,-35.98,-145.600006,-37.799999,1770467810.053198
-1.11543624,-0.24654492000000003,10.15142724,-37.450001,-147.419998,-31.15,1770467810.061315
0.052660080000000005,1.376343,9.00487368,-38.150002,-147.839996,-22.610001,1770467810.069178
0.41649336000000003,1.86225192,8.045024040000001,-43.75,-140.419998,-20.23,1770467810.077175
1.18963908,1.4481522,7.22400552,-48.299999,-128.449997,-24.08,1770467810.085176
5.0984532,3.62157732,5.768672400000001,-39.48,-125.019997,7.0,1770467810.093177
3.0351355200000003,2.71438776,5.677714079999999,-36.470001,-114.309998,16.799999,1770467810.101204
3.1213065600000003,2.89869804,4.96919664,-35.700001,-104.230003,23.309999,1770467810.109285
3.1428493200000003,3.05907192,4.040464320000001,-38.639999,-95.199997,31.15,1770467810.117212
2.99205,3.0040182,3.051891,-36.470001,-83.790001,32.759998,1770467810.125172
2.71199412,2.65215312,2.25480888,-34.439999,-67.900002,38.360001,1770467810.133189
2.4175764,2.02501944,1.48645044,-29.120001,-46.130001,32.830002,1770467810.14118
2.13512688,1.2231500400000002,0.6295273200000001,-14.21,-23.799999,32.34,1770467810.149194
2.0345940000000002,0.5266008,0.10532016000000001,3.01,2.38,25.76,1770467810.157192
2.1064032,0.23218308000000001,0.54096264,25.969999,28.84,23.66,1770467810.165176
2.21651064,0.16755480000000003,2.2189042800000003,45.990002,58.73,18.690001,1770467810.173172
2.43672552,0.48590892,4.63887432,60.619999,89.949997,12.25,1770467810.181203
2.6449722,0.96703056,7.453794960000001,67.269997,120.889999,7.0,1770467810.189177
2.75507964,1.1728836,9.62722008,66.989998,150.850006,5.25,1770467810.197255
2.4295446,0.84495492,10.96526484,70.629997,174.929993,7.91,1770467810.205191
1.74017628,0.22021488,13.00703976,71.190002,195.720001,17.57,1770467810.213182
0.39973788,-0.10292652000000001,15.726214800000001,67.339996,203.979996,28.35,1770467810.22118
-1.735389,-0.08617104,18.691934760000002,64.400002,193.690002,40.459999,1770467810.229449
-3.4300861200000003,-0.28244952,20.106576,49.84,161.490005,48.09,1770467810.237185
-4.75616268,-0.56729268,19.06055532,32.759998,119.629997,62.369999,1770467810.245288
-6.11335656,-1.40746032,17.4256992,13.44,85.050003,65.239998,1770467810.253173
-9.349557840000001,-6.072664680000001,16.94218392,-6.16,90.089996,55.09,1770467810.261174
-8.191036080000002,-5.735161440000001,14.96503728,-7.35,88.830002,26.110001,1770467810.269176
-9.04077828,-5.79500244,14.179923360000002,-8.89,102.199997,11.62,1770467810.277171
-9.98387244,-5.04100584,13.80172824,-10.36,119.629997,-4.97,1770467810.285159
-10.737869040000001,-3.43247976,13.155445440000001,-15.68,129.289993,-18.34,1770467810.293175
-10.991594880000001,-1.5415041600000001,12.150116640000002,-19.110001,121.730003,-35.77,1770467810.301191
-10.914998400000002,0.2034594,10.75462452,-24.01,97.160004,-49.91,1770467810.309233
-10.524835079999999,1.48645044,9.385462440000001,-27.02,65.730003,-58.099998,1770467810.317195
-9.727752960000002,2.18539332,8.45912376,-29.469999,33.389999,-68.040001,1770467810.325178
-8.69130684,2.45826828,7.717095360000001,-28.42,2.66,-68.32,1770467810.333195
-7.54475328,2.5779502800000005,6.71655384,-28.42,-23.24,-70.559998,1770467810.341196
-6.38144424,2.6306103600000004,5.68728864,-24.57,-43.75,-69.300003,1770467810.34926
-5.471861039999999,2.78619696,4.849514640000001,-21.0,-59.57,-68.110001,1770467810.357484
-4.5000432,3.02077368,4.2726474,-17.43,-68.809998,-69.300003,1770467810.365201
-3.9136014000000006,3.2362012800000004,4.00695336,-16.52,-73.989998,-73.150002,1770467810.373183
-3.2457758400000003,3.2936486400000002,3.7580147999999998,-24.57,-76.440002,-81.900002,1770467810.381185
-1.30214016,4.59339516,3.2194458000000004,-21.07,-76.650002,-68.949997,1770467810.389197
-1.3069274400000002,4.1050926,3.26492496,-19.32,-80.150002,-49.91,1770467810.397289
-0.79468848,3.77716392,3.04949736,-14.77,-83.650002,-31.85,1770467810.405163
-0.47872800000000004,3.4348734000000003,2.71917504,-10.08,-86.660004,-16.030001,1770467810.413237
-0.26808768000000005,3.0830083200000002,2.5803439200000002,-2.38,-86.029999,-4.9,1770467810.421186
-0.12686292000000002,2.67608952,2.76704784,9.59,-78.959999,6.65,1770467810.429222
-0.06702192000000001,2.22847884,3.54737448,20.65,-62.580002,19.809999,1770467810.437184
-0.11968200000000001,2.0776795200000002,4.8806319600000005,36.189999,-31.99,26.74,1770467810.445298
-0.45957888,2.13991416,6.65671284,46.27,7.42,32.830002,1770467810.453181
-1.2087882,2.2500216,8.89715988,54.25,51.310001,37.869999,1770467810.461212
-2.41518276,1.99150848,11.25250164,56.77,87.150002,39.130001,1770467810.469184
-4.4258403600000005,1.5582596400000002,13.07406168,58.939999,110.529999,36.889999,1770467810.477182
-7.10671716,1.2446928,14.359446360000002,58.869999,121.730003,40.25,1770467810.485198
-10.46978136,0.5481435600000001,14.962643640000001,52.43,111.300003,31.92,1770467810.493206
-12.6623556,-0.05026644,14.900409,40.669998,89.529999,30.940001,1770467810.501169
-14.67061956,-2.32661808,15.47727624,26.950001,53.200001,6.79,1770467810.509179
-15.343232400000002,-4.547916000000001,15.790843080000002,15.68,3.64,-0.98,1770467810.517228
-15.29775324,-6.71176656,15.25706136,7.7,-44.799999,-11.97,1770467810.525204
-14.5772676,-8.542901160000001,14.47673472,1.33,-84.209999,-29.33,1770467810.533182
-12.21235128,-9.08625744,14.144018760000002,-6.65,-115.57,-40.389999,1770467810.541216
-9.06710832,-8.052204960000001,13.96210212,-12.6,-144.059998,-45.639999,1770467810.549353
-6.2737304400000005,-5.8524498000000005,13.375660320000001,-18.690001,-164.990005,-46.759998,1770467810.557174
-3.9112077600000004,-2.96571996,12.22192584,-19.32,-175.910004,-45.990002,1770467810.565181
-2.1159777600000003,-0.22021488,11.07297864,-22.75,-178.710007,-40.950001,1770467810.573209
-0.78750756,1.8239536800000002,9.99105336,-26.67,-173.110001,-33.950001,1770467810.581253
-0.038298240000000004,2.333799,9.14131116,-33.040001,-161.770004,-31.290001,1770467810.589207
0.9000086400000001,2.0345940000000002,8.3418354,-44.66,-147.419998,-38.779999,1770467810.597175
2.33140536,3.06864648,7.08038712,-42.419998,-129.080002,-24.99,1770467810.605163
2.8364634000000004,3.4540225200000005,6.74288388,-35.349998,-120.190002,-5.67,1770467810.613188
3.0758274,3.7436529600000004,6.2952732,-38.080002,-107.870003,-2.87,1770467810.621223
3.051891,4.0931244,5.64659676,-43.75,-93.519997,3.08,1770467810.62919
3.0782210400000003,4.14578448,4.84472736,-48.860001,-80.43,5.53,1770467810.637182
2.9681136,3.6742374,4.10748624,-47.669998,-64.68,9.73,1770467810.64518
2.74550508,2.96332632,3.4779589200000003,-40.669998,-45.290001,4.41,1770467810.653219
2.6090676,2.0561367600000002,2.95375176,-30.450001,-24.99,4.13,1770467810.66119
2.3768845200000004,1.66118616,2.3290117200000005,-15.12,-5.46,-2.8,1770467810.669184
2.2978944,1.1728836,1.9771466400000002,-1.12,13.86,1.96,1770467810.677179
2.1782124,0.98378604,1.9986894000000002,15.89,32.060001,-4.55,1770467810.685184
2.17342512,0.80426304,2.86279344,32.549999,49.209999,-1.96,1770467810.693258
2.21651064,0.9526687200000001,4.277434680000001,48.720001,68.879997,-5.81,1770467810.7012
2.7167814000000003,0.6103782,6.783575760000001,63.91,86.379997,-5.11,1770467810.709172
3.03274188,0.17473572,9.33998328,70.629997,106.82,-3.43,1770467810.717189
3.0183800400000003,-0.36383328000000004,11.506227480000002,76.230003,127.260002,1.96,1770467810.725272
2.38885272,-0.99575424,13.27752108,78.959999,142.940002,11.27,1770467810.733305
1.3117147200000001,-1.4361840000000001,15.134985720000001,76.160004,150.5,21.77,1770467810.741183
-0.12686292000000002,-1.6516116,16.961333040000003,73.5,143.289993,30.379999,1770467810.749179
-1.3117147200000001,-1.59895152,18.2634732,59.919998,122.150002,40.25,1770467810.757176
-2.44869372,-2.19496788,18.67996656,36.189999,98.629997,55.509998,1770467810.765182
-3.5784918,-2.6569404000000003,17.28447444,12.32,80.5,58.73,1770467810.773156
-8.13598236,-7.887043800000001,17.562136680000002,-9.1,102.339996,57.75,1770467810.781163
-7.36283664,-7.76018088,14.967430920000002,-13.09,117.110001,20.860001,1770467810.789164
-8.69848776,-7.2766656,13.64853528,-14.98,145.25,9.94,1770467810.797181
-9.64397556,-5.68250136,12.5426736,-10.01,156.380005,-12.39,1770467810.805164
-10.35488664,-3.3941815200000005,11.44399284,-9.45,149.520004,-26.32,1770467810.813185
-10.807284600000001,-1.4720886,10.59903792,-9.24,122.709999,-44.380001,1770467810.821251
-10.74504996,-0.37340784000000005,9.890520480000001,-2.03,89.599998,-52.220001,1770467810.829174
-10.18972548,0.44042976,9.14131116,0.21,53.970001,-55.09,1770467810.837191
-9.196364879999999,1.2805974,8.5692312,0.77,22.610001,-54.810001,1770467810.845199
-8.1264078,2.26677708,8.25566436,-3.15,-5.88,-53.27,1770467810.853181
-7.03251432,3.0877956,7.8631074000000005,-13.93,-26.530001,-56.419998,1770467810.861186
-5.75431056,3.5569490400000006,7.1689518,-21.42,-47.599998,-56.98,1770467810.86928
-4.952441159999999,3.56891724,6.221070360000001,-29.959999,-64.75,-62.09,1770467810.877162
-4.607757,3.6981738,5.371328160000001,-27.299999,-66.220001,-71.120003,1770467810.885315
-3.89684592,3.71732292,4.9548348,-20.02,-61.32,-76.93,1770467810.893178
-2.63779128,4.36599936,4.8112164,-6.93,-55.790001,-47.110001,1770467810.901167
-2.18539332,4.397116680000001,5.108027760000001,-0.42,-49.91,-40.459999,1770467810.909177
-2.04416856,4.31094564,5.21095428,-1.54,-43.259998,-35.490002,1770467810.917199
-1.76171904,4.1529654,5.143932360000001,-1.12,-35.139999,-34.860001,1770467810.925177
-1.63006884,3.9925915200000004,4.87823832,-3.36,-28.0,-27.93,1770467810.933196
-1.5367168800000002,3.4396606800000002,4.452170400000001,-6.44,-28.35,-20.16,1770467810.941228
-1.90055016,3.2314140000000005,4.10987988,-1.33,-21.700001,-1.96,1770467810.949178
-2.78619696,2.9106662400000003,3.83700492,7.21,-16.24,14.07,1770467810.957164
-2.58752484,1.6970907600000003,4.87823832,25.129999,-12.81,19.67,1770467810.965186
-3.0997638,0.9454878,6.13011204,47.110001,-1.54,24.780001,1770467810.973489
-3.7963130400000002,0.47154708,7.7649681600000005,62.650002,15.12,27.23,1770467810.981333
-4.5838206,0.4069188,9.54822996,74.620003,34.509998,31.360001,1770467810.989379
-6.09420744,0.045479160000000005,11.07297864,73.639999,48.860001,27.440001,1770467810.997175
-7.54714692,-0.22260852,12.0400092,71.400002,52.5,30.030001,1770467811.005167
-8.844499800000001,-0.98378604,13.05251892,64.540001,41.650002,23.450001,1770467811.013184
-10.522441440000001,-2.82210156,14.1464124,49.209999,25.969999,4.2,1770467811.021294
-11.30037444,-4.48568136,14.96503728,39.689999,3.85,-6.37,1770467811.029175
-11.745591480000002,-6.075058320000001,15.446158920000002,26.389999,-19.32,-13.09,1770467811.037268
-11.779102439999999,-7.508848680000001,15.295359600000001,8.89,-39.48,-24.08,1770467811.04521
-10.46978136,-7.875075600000001,14.740035120000002,-3.85,-63.98,-30.379999,1770467811.053171
-8.64343404,-6.50591352,13.995613080000002,-18.41,-89.32,-32.060001,1770467811.061187
-6.60165912,-4.028496120000001,13.375660320000001,-24.780001,-110.459999,-38.639999,1770467811.069207
-5.07930408,-0.83538036,12.66714288,-34.509998,-120.959999,-30.450001,1770467811.077232
-3.60721548,0.7707520800000001,12.341607840000002,-40.669998,-122.43,-33.18,1770467811.0852
-2.4056082,1.8909756,11.42005644,-50.400002,-116.339996,-27.299999,1770467811.093174
-1.4673013200000002,2.5228965600000004,10.0293516,-56.700001,-107.309998,-22.82,1770467811.101171
-0.84016764,2.65933404,8.54768844,-63.0,-100.169998,-25.34,1770467811.109165
-0.54335628,2.67608952,7.1450154,-62.299999,-92.75,-38.009998,1770467811.117176
0.17473572,3.32955324,5.8524498000000005,-55.09,-77.980003,-32.41,1770467811.125184
1.0412334,4.27025376,5.22052884,-46.759998,-73.919998,-19.040001,1770467811.133197
1.0053288,3.86812224,5.50058472,-39.689999,-66.220001,-9.8,1770467811.141224
1.19682,3.68141832,5.99846184,-32.549999,-55.23,-4.69,1770467811.149281
1.52953596,3.5545554,6.400593360000001,-29.889999,-43.259998,-6.58,1770467811.157172
1.7904427200000002,3.42769248,6.60884004,-26.74,-33.040001,-4.06,1770467811.165174
1.8981565200000001,3.2673186000000003,6.41256156,-26.459999,-27.65,-0.07,1770467811.173168
1.9268802000000003,2.87715528,5.78782152,-23.799999,-21.35,3.22,1770467811.18119
1.93166748,2.18778696,5.108027760000001,-15.26,-16.030001,5.53,1770467811.189304
1.9986894000000002,1.4433649200000003,4.83275916,3.22,-9.24,5.46,1770467811.197177
2.1423078,0.7468156800000001,4.837546440000001,26.110001,-0.84,6.93,1770467811.205158
2.29310712,0.22021488,5.21095428,46.970001,7.63,4.76,1770467811.213175
2.49656652,-0.14601204,6.26176224,67.550003,16.66,6.65,1770467811.22118
2.64257856,-0.50027076,7.95406572,77.279999,27.23,7.84,1770467811.22917
2.692845,-0.74442204,9.754083,83.720001,40.880001,12.67,1770467811.237282
2.5492266,-1.1489472,11.075372280000002,82.879997,56.490002,15.12,1770467811.2452
2.17342512,-1.65879252,12.10703112,80.220001,69.93,20.16,1770467811.253168
1.65639888,-2.1710314800000003,13.20810552,76.089996,83.93,27.09,1770467811.261172
1.02208428,-2.62821672,14.36184,65.870003,93.730003,37.310001,1770467811.269171
0.32792868000000003,-3.27689316,15.44376528,48.509998,95.760002,47.880001,1770467811.27717
-0.059841000000000005,-4.0691880000000005,16.12595268,31.01,93.099998,69.790001,1770467811.285165
-1.55347236,-4.0691880000000005,15.534723600000001,14.42,95.480003,86.589996,1770467811.293185
-5.562819360000001,-6.85059768,15.130198440000001,-8.12,129.919998,61.669998,1770467811.301273
-7.16655816,-6.680649240000001,13.09560444,-13.65,160.160004,33.040001,1770467811.309171
-8.50460292,-5.95537632,11.704899600000001,-12.67,184.029999,13.72,1770467811.317177
-9.68466744,-4.74658812,10.84558284,-5.81,188.929993,-5.04,1770467811.325174
-10.54159056,-3.3439150800000004,10.64930436,0.98,174.160004,-21.49,1770467811.333285
-11.02989312,-1.6755480000000003,10.730688120000002,3.57,146.369995,-29.75,1770467811.341221
-11.262076200000001,0.09813924000000002,10.96526484,-0.35,109.760002,-31.219999,1770467811.349179
-11.046648600000001,1.6037388,10.91978568,-9.66,70.07,-35.84,1770467811.357172
-10.292652,2.79816516,10.42669584,-20.790001,28.77,-35.84,1770467811.365205
-9.23705676,3.5928536400000004,9.51232536,-30.52,-9.38,-36.330002,1770467811.373181
-7.96842756,3.9327505200000004,8.32507992,-35.630001,-37.59,-29.889999,1770467811.381165
-6.905651400000001,3.7915257600000003,7.43943312,-30.66,-58.240002,-33.389999,1770467811.389172
-6.30963504,4.07876256,6.776394840000001,-23.1,-67.199997,-38.849998,1770467811.397172
-5.364147239999999,4.3612120800000005,6.288092280000001,-13.86,-66.989998,-46.41,1770467811.405191
-4.01413428,5.39287092,5.80697064,1.61,-65.800003,-31.15,1770467811.413193
-3.7268974800000003,5.6035112400000004,5.91468444,-3.57,-57.119999,-34.580002,1770467811.42129
-3.23859492,5.627447640000001,6.05351556,-5.67,-47.110001,-38.43,1770467811.429173
-2.8244952000000003,5.47904196,5.87159892,-11.13,-32.549999,-43.470001,1770467811.437191
-2.5707693600000003,5.27079528,5.59154304,-8.75,-14.77,-46.060001,1770467811.445183
-2.60428032,4.93329204,5.153506920000001,-0.91,1.75,-44.029999,1770467811.453179
-2.76226056,4.51919232,5.00031396,7.14,14.63,-40.110001,1770467811.461243
-3.00641184,3.97822968,5.13675144,19.879999,23.17,-30.030001,1770467811.46935
-3.5425872000000003,3.38939424,5.2468588800000004,30.030001,26.459999,-25.9,1770467811.477179
-3.8393985600000002,2.64975948,5.52691476,41.09,24.639999,-21.280001,1770467811.485175
-4.19365728,1.7210271600000002,5.771066040000001,49.630001,18.200001,-13.86,1770467811.493178
-4.5455223600000005,0.84495492,6.156442080000001,56.77,10.01,-4.97,1770467811.501174
-4.9308984,0.22978944,6.93198144,66.849998,-1.05,-0.84,1770467811.509172
-5.29233804,-0.48830256000000005,8.23172796,70.980003,-7.77,13.86,1770467811.517218
-5.82372612,-1.5438978,9.9575424,79.169998,-14.21,18.969999,1770467811.52519
-8.25566436,-4.52158596,12.269798640000001,80.360001,-21.209999,10.92,1770467811.533251
-7.83438372,-4.61254428,12.99507156,78.82,-29.540001,-5.32,1770467811.541186
-8.43040008,-5.347391760000001,13.911835680000001,76.650002,-38.220001,-12.88,1770467811.549174
-8.90194716,-5.5388829600000005,14.46237288,63.419998,-47.880001,-25.76,1770467811.557173
-8.55965664,-6.264155880000001,14.84535528,42.77,-56.209999,-37.310001,1770467811.565227
-7.525604160000001,-6.0200046,14.330722680000001,19.74,-67.199997,-44.380001,1770467811.573205
-5.79500244,-5.65617132,13.90944204,0.98,-78.330002,-50.68,1770467811.581178
-4.11945444,-4.3324884,13.43550132,-11.55,-91.0,-52.919998,1770467811.589173
-2.80295244,-2.6880577199999998,13.27752108,-22.4,-92.540001,-49.91,1770467811.597173
-1.8742201200000002,-0.9263386800000001,12.93523056,-29.82,-86.449997,-47.110001,1770467811.605163
-1.3404384000000003,0.36383328000000004,12.569003640000002,-38.360001,-73.290001,-41.16,1770467811.613177
-1.20400092,1.6731543600000003,11.67617592,-48.09,-54.880001,-35.07,1770467811.621206
-1.2590546400000002,2.7359305199999997,10.517654160000001,-51.52,-35.77,-35.98,1770467811.629174
-1.59895152,3.1643920800000003,9.42136704,-60.900002,-17.219999,-40.25,1770467811.637187
-1.86225192,3.0734337600000003,8.41843188,-63.560001,-1.12,-51.73,1770467811.645225
-0.8234121600000001,4.3205202,7.054057080000001,-55.580002,14.21,-42.700001,1770467811.653187
-1.8263473200000002,3.9590805600000003,6.881715000000001,-53.549999,14.21,-29.469999,1770467811.661216
-1.9532102400000002,3.5521617599999997,6.910438680000001,-49.91,11.06,-33.32,1770467811.669178
-1.8790073999999999,3.0854019600000004,7.003790640000001,-47.110001,3.22,-29.469999,1770467811.677266
-1.6970907600000003,2.82210156,7.20246276,-38.849998,-6.23,-32.130001,1770467811.685175
-1.5367168800000002,2.6449722,7.47055044,-30.52,-20.58,-32.41,1770467811.693166
-1.27581012,2.54204568,7.7865109200000004,-24.639999,-31.360001,-27.299999,1770467811.701174
-0.91915776,2.4295446,8.198217,-14.42,-40.810001,-27.58,1770467811.709167
-0.46436616000000003,2.28113892,8.82535068,-9.24,-48.93,-23.66,1770467811.717259
0.019149120000000002,2.0226258,9.25381224,-2.38,-52.990002,-19.879999,1770467811.72521
0.4547916,1.5965578800000002,9.35673876,4.34,-55.650002,-23.17,1770467811.733178
1.06995708,0.8497422000000001,9.059927400000001,9.1,-56.209999,-22.190001,1770467811.741189
1.3117147200000001,-0.02872368,8.45912376,19.32,-53.759998,-21.84,1770467811.74918
1.61331336,-0.8497422000000001,8.06177952,28.559999,-49.490002,-20.02,1770467811.757169
1.68990984,-1.41703488,7.73624448,37.380001,-39.900002,-19.389999,1770467811.765273
2.4726301200000003,-2.27874528,7.621349760000001,44.869999,-31.639999,-12.39,1770467811.773172
2.3170435200000004,-2.61146124,7.5279978,51.52,-20.370001,-2.73,1770467811.781173
2.5276838400000003,-3.23380764,7.8631074000000005,56.77,-8.61,4.13,1770467811.789172
2.49896016,-4.277434680000001,8.77987152,56.98,5.32,6.44,1770467811.797171
2.61624852,-5.40005184,9.316046880000002,59.220001,25.969999,13.51,1770467811.805251
2.5540138800000003,-5.89074804,9.79477488,61.529999,49.279999,21.280001,1770467811.813192
1.98193392,-6.043941,10.591857000000001,61.32,72.730003,33.18,1770467811.821185
0.57686724,-4.950047520000001,11.20941612,60.41,92.330002,33.459999,1770467811.829188
-0.61755912,-4.74658812,11.79585792,46.34,113.75,38.220001,1770467811.83721
-2.4056082,-4.071581640000001,11.9801682,41.860001,136.710007,34.09,1770467811.845186
-4.37796756,-3.25774404,12.018466440000001,32.689999,153.229996,28.139999,1770467811.853187
-6.30006048,-2.85561252,11.755166039999999,21.42,170.309998,18.129999,1770467811.861209
-7.393953960000001,-2.61146124,11.551706639999999,11.69,172.059998,-4.34,1770467811.869192
-7.98757668,-2.1231586800000004,11.42245008,-3.92,160.300003,-23.309999,1770467811.877258
-8.72721144,-0.90240228,11.190267,-11.13,144.690002,-34.509998,1770467811.885188
-9.146098440000001,0.31356684,10.946115720000002,-10.01,124.809998,-31.85,1770467811.893192
-9.545836320000001,2.30746896,10.36685484,-13.58,89.529999,-34.16,1770467811.90118
-9.447697080000001,4.26546648,9.64158192,-11.41,46.060001,-46.619999,1770467811.909168
-9.11258748,2.7718351200000004,9.6822738,-28.98,10.08,-37.380001,1770467811.917187
-8.480666520000002,2.96093268,9.10301292,-35.419998,-17.01,-35.139999,1770467811.925183
-7.695552600000001,2.86997436,9.11258748,-24.15,-38.150002,-35.490002,1770467811.933235
-6.64474464,2.24762796,9.292110480000002,-19.32,-50.540001,-35.700001,1770467811.941181
-5.70165048,2.38885272,8.97615,-8.54,-53.759998,-39.34,1770467811.949184
-4.926111120000001,2.82210156,8.31550536,-1.75,-51.240002,-41.02,1770467811.957203
-4.38993576,3.0183800400000003,7.824809160000001,2.52,-42.419998,-44.939999,1770467811.965181
-4.04285796,3.5449808400000005,7.34129388,0.42,-31.01,-51.310001,1770467811.97349
-3.9734424,3.6143964,7.061238,2.03,-16.24,-61.389999,1770467811.981381
-4.06200708,3.4420543200000004,6.908045040000001,3.43,-0.28,-72.099998,1770467811.989302
-2.61624852,5.01946308,6.44367888,12.88,15.54,-53.619999,1770467811.997191
-4.10030532,4.488075,7.03251432,13.79,27.790001,-49.560001,1770467812.00517
-4.61493792,4.3612120800000005,7.18092,14.84,38.709999,-47.18,1770467812.013184
-5.24446524,4.0332834,7.164164520000001,14.21,46.619999,-46.619999,1770467812.021169
-5.9841,3.76519572,7.03251432,17.219999,49.490002,-43.82,1770467812.029211
-6.699798360000001,3.30082956,7.003790640000001,14.77,46.970001,-43.68,1770467812.0375
-7.25512284,2.65454676,6.905651400000001,18.76,39.34,-37.66,1770467812.04518
-7.717095360000001,1.9867212,6.70697928,22.469999,25.549999,-35.84,1770467812.053182
-7.810447320000001,1.5223550399999999,6.38144424,22.4,7.07,-32.27,1770467812.061186
-7.865501040000001,0.6223464,6.180378480000001,28.629999,-15.68,-24.709999,1770467812.069223
-7.64049888,-0.47394072000000004,6.50351988,34.09,-36.68,-23.309999,1770467812.077186
-7.24315464,-1.3045338,7.43464584,44.099998,-54.529999,-16.450001,1770467812.085183
-7.43703948,-2.85800616,8.52375204,45.43,-66.290001,-33.950001,1770467812.093263
-7.14262176,-3.63354552,8.9881182,52.080002,-76.019997,-40.669998,1770467812.101194
-6.65910648,-3.8417922000000004,8.9282772,59.43,-87.150002,-48.23,1770467812.109162
-6.075058320000001,-3.58327908,8.80141428,60.970001,-99.68,-47.110001,1770467812.117173
-5.359359960000001,-2.95375176,8.89715988,61.110001,-115.43,-51.450001,1770467812.12518
-4.61015064,-2.1925742400000003,9.24184404,57.049999,-129.639999,-49.209999,1770467812.133174
-3.78434484,-1.6181006400000002,10.07004348,46.41,-134.889999,-44.939999,1770467812.141194
-2.65215312,-1.1417662800000001,11.511014760000002,38.849998,-136.850006,-40.669998,1770467812.149271
-1.4673013200000002,-0.7228792800000001,12.8299104,19.110001,-130.410004,-35.84,1770467812.157173
-0.04308552,-0.38058875999999997,13.792153680000002,8.33,-122.779999,-43.259998,1770467812.165173
0.82819944,-0.07420284,13.823271,-5.53,-107.660004,-43.400002,1770467812.173171
1.2853846800000002,0.5170262400000001,13.093210800000001,-21.91,-86.589996,-44.380001,1770467812.18117
1.10825532,1.06756344,11.920327200000001,-34.439999,-59.990002,-39.689999,1770467812.189172
0.65107008,1.8143791200000001,10.682815320000001,-46.549999,-34.09,-32.130001,1770467812.197201
0.06223464,1.98432756,9.97669152,-52.57,-10.36,-31.5,1770467812.20516
-0.46436616000000003,1.2638419200000002,9.7660512,-52.57,16.52,-22.610001,1770467812.213176
-1.17527724,0.71330472,9.47642076,-49.139999,36.68,-20.02,1770467812.221173
-1.9603911600000001,0.5026644,9.275355000000001,-41.09,50.189999,-14.0,1770467812.229174
-2.6138548800000003,0.36622692,9.2274822,-38.080002,56.419998,-9.24,1770467812.237205
-3.0183800400000003,0.35904600000000003,9.32562144,-26.67,49.84,-13.72,1770467812.245231
-3.60960912,0.39973788,9.41179248,-17.92,40.740002,-14.07,1770467812.253173
-3.9112077600000004,0.5601117600000001,9.605677320000002,-9.45,22.049999,-22.540001,1770467812.261169
-4.246317360000001,0.8377740000000001,9.66791196,-4.9,3.43,-21.139999,1770467812.269177
-4.18647636,0.54096264,9.710997480000001,-7.56,-20.58,-27.58,1770467812.277217
-3.92317596,0.11250108000000002,9.58413456,-10.43,-42.209999,-28.35,1770467812.285291
-3.5018953200000005,-0.36143964000000006,9.244237680000001,-8.05,-60.549999,-29.68,1770467812.293168
-2.96093268,-0.5361753600000001,8.985724560000001,-5.81,-72.660004,-29.82,1770467812.301182
-2.1447014400000004,-0.9383068800000001,9.33998328,6.37,-80.989998,-35.98,1770467812.30917
-1.74017628,-1.56544056,9.6703056,11.69,-80.43,-32.48,1770467812.317188
-1.3093210800000001,-1.94363568,9.98626608,15.61,-77.349998,-34.580002,1770467812.325187
-0.9239450400000001,-1.5798024,10.060468920000002,16.030001,-79.099998,-34.369999,1770467812.333181
-0.5744736,-1.735389,9.98865972,10.15,-78.540001,-36.959999,1770467812.341189
-0.12686292000000002,-1.71623988,9.703816560000002,17.219999,-77.419998,-37.73,1770467812.349264
0.09813924000000002,-1.39788576,9.483601680000001,24.639999,-72.800003,-32.48,1770467812.357175
0.3949506,-1.03165884,9.44051616,43.470001,-70.0,-28.559999,1770467812.365184
0.67979376,-0.73724112,9.43812252,52.990002,-74.410004,-23.379999,1770467812.373174
1.2255436800000001,-0.7659648,9.62961372,56.77,-82.18,-19.6,1770467812.381189
1.55347236,-0.76357116,9.435728880000001,45.849998,-93.870003,-17.360001,1770467812.389255
2.53965204,-1.24948008,9.00487368,23.870001,-97.440002,-9.38,1770467812.397176
3.02316732,-1.68272892,8.59556124,18.200001,-89.669998,4.41,1770467812.405168
2.80295244,-2.0417749200000004,8.08571592,27.65,-63.700001,26.110001,1770467812.413184
1.9627848,-1.65400524,7.35086844,39.34,-33.669998,35.490002,1770467812.421197
1.37155572,-1.2901719600000001,7.27427196,50.540001,-5.32,34.860001,1770467812.42932
0.9981478800000001,-1.00293516,7.85832012,60.34,21.77,26.32,1770467812.43719
-0.26090676,0.19867212,8.33704812,56.84,38.849998,19.25,1770467812.445224
-1.6492179599999999,1.8143791200000001,8.92109628,44.73,47.880001,18.9,1770467812.453171
-2.9872627200000004,2.70241956,10.122703560000001,28.91,50.75,25.34,1770467812.461175
-3.530619,2.06092404,11.79585792,19.32,46.34,26.67,1770467812.469182
-4.14578448,0.99096696,12.79639944,4.13,36.540001,23.1,1770467812.477179
-4.65323616,0.30399228000000006,12.7581012,-10.78,26.040001,22.610001,1770467812.485168
-4.6316934000000005,-0.02154276,12.128573880000001,-23.1,23.450001,25.620001,1770467812.493182
-4.8231846,0.32553504,11.41526916,-31.219999,22.889999,16.24,1770467812.501218
-4.547916000000001,0.91915776,10.855157400000001,-32.759998,12.95,6.72,1770467812.509183
-4.13142264,1.5821960400000001,10.4003658,-37.240002,2.1,1.61,1770467812.517179
-4.1242417200000006,1.8263473200000002,9.98865972,-42.139999,-9.03,-2.31,1770467812.525178
-3.88727136,1.60852608,9.78280668,-49.419998,-16.030001,3.22,1770467812.533169
-3.28646772,1.18963908,9.7421148,-48.439999,-20.16,3.78,1770467812.541229
-2.4774174,0.91437048,9.902488680000001,-45.220001,-22.33,6.79,1770467812.549181
-1.73299536,0.6702192000000001,10.235204640000001,-36.75,-21.0,8.68,1770467812.557179
-1.41703488,0.34707780000000005,10.41712128,-31.08,-13.79,14.21,1770467812.565175
-1.2399055200000002,-0.15798024000000002,10.520047800000002,-30.73,-5.04,20.23,1770467812.573267
-1.1609154000000002,-0.5792608800000001,10.48174956,-28.139999,5.11,23.870001,1770467812.581185
-1.19682,-0.7396347600000001,10.20648096,-23.870001,13.02,22.610001,1770467812.589207
-1.76411268,-0.16994844,9.62722008,-28.77,15.61,20.370001,1770467812.597264
-2.5252902,0.4547916,9.196364879999999,-26.040001,19.74,21.07,1770467812.605197
-3.17875392,0.9383068800000001,9.059927400000001,-24.92,20.299999,21.42,1770467812.613192
-3.9064204800000004,1.30214016,9.095832000000001,-25.549999,20.719999,23.1,1770467812.621178
-4.5000432,1.4194285199999999,9.316046880000002,-21.42,16.870001,14.91,1770467812.629192
-5.026644,1.496025,9.569772720000001,-19.459999,12.88,16.799999,1770467812.63726
-5.52452112,1.5678342,9.557804520000001,-15.05,9.31,10.01,1770467812.645186
-5.66813952,1.5223550399999999,9.66791196,-10.78,5.67,2.66,1770467812.653176
-5.92186536,1.42660944,9.69184836,-11.34,0.98,-7.14,1770467812.66117
-6.0152173200000005,1.3643748000000002,9.5984964,-11.9,-3.71,-18.200001,1770467812.66932
-6.039153720000001,1.1992136400000002,9.435728880000001,-14.56,-8.68,-27.299999,1770467812.677178
-6.02239824,0.9215514,9.215514,-12.67,-17.01,-36.189999,1770467812.685181
-5.84766252,0.6295273200000001,9.196364879999999,-12.25,-27.370001,-43.540001,1770467812.693176
-5.529308400000001,0.20106576,9.02162916,-10.57,-37.869999,-49.560001,1770467812.701176
-5.0960595600000005,-0.42846156,8.4495492,-0.98,-47.040001,-56.419998,1770467812.709167
-4.1050926,-1.4912377200000002,8.31311172,7.07,-51.029999,-55.369999,1770467812.717192
-3.22183944,-1.2016072800000002,8.758328760000001,17.08,-44.450001,-59.990002,1770467812.725178
-2.9346026400000005,-0.39973788,9.44530344,13.37,-36.68,-62.02,1770467812.733185
-2.6210358,0.03111732,9.6104646,8.47,-32.900002,-60.34,1770467812.741248
-2.03938128,-0.24415128000000003,9.651156480000001,2.87,-30.66,-67.410004,1770467812.749181
-1.56544056,-0.70851744,9.73493388,-3.22,-35.0,-65.029999,1770467812.757177
-0.5050580400000001,-0.5505372000000001,9.71339112,-5.11,-40.32,-56.490002,1770467812.765278
0.08856468,0.11010744,10.14185268,-7.07,-49.700001,-31.92,1770467812.773204
0.6462827999999999,0.29681136,10.555952400000002,-18.549999,-50.75,-22.049999,1770467812.781171
1.09389348,0.42606792,10.718719920000002,-24.08,-49.0,-9.94,1770467812.789175
1.5798024,-1.01969064,9.9575424,-60.759998,-60.130001,-6.58,1770467812.797174
1.35001296,-0.11968200000000001,9.99105336,-34.790001,-35.0,19.6,1770467812.805163
1.2614482800000002,-0.29681136,9.792381240000001,-36.470001,-24.57,16.799999,1770467812.813177
1.3069274400000002,-0.43564248000000005,9.72296568,-28.209999,-14.56,31.709999,1770467812.821324
1.04362704,-0.6534637200000001,10.091586240000002,-18.620001,-0.91,19.389999,1770467812.829174
0.68936832,-1.45054584,10.97244576,-18.549999,10.85,35.560001,1770467812.837181
0.4906962,-1.9556038800000002,11.61394128,-14.0,19.950001,24.99,1770467812.845196
0.67740012,-2.25720252,12.042402840000001,-14.7,28.35,25.41,1770467812.853175
0.69894288,-2.7598669200000003,12.0160728,-18.969999,38.080002,28.0,1770467812.861177
0.67979376,-3.36545784,11.68814412,-18.76,44.869999,28.559999,1770467812.869244
0.12925656000000002,-3.93035688,11.36021544,-22.82,43.540001,36.68,1770467812.877185
-1.0340524800000002,-4.05482616,10.910211120000001,-25.41,30.1,37.59,1770467812.885204
-1.6970907600000003,-3.9136014000000006,10.82643372,-27.58,17.43,38.080002,1770467812.893181
-1.60134516,-4.1170608,10.88866836,-27.23,17.219999,31.639999,1770467812.901178
-1.44097128,-4.68914076,10.80967824,-27.299999,21.629999,26.32,1770467812.909157
-1.61331336,-5.25643344,10.663666200000002,-27.65,21.209999,12.18,1770467812.917191
-1.82156004,-5.77824696,11.087340480000002,-25.969999,16.66,28.700001,1770467812.925187
-1.06756344,-5.967344520000001,10.56313332,-10.01,24.219999,13.16,1770467812.933219
-1.95799752,-6.19234668,9.873765,-10.22,19.879999,14.77,1770467812.941205
-1.7712936000000001,-6.182772120000001,9.4668462,-2.45,12.32,-12.18,1770467812.949176
-1.4720886,-5.72798052,9.16285392,-0.21,1.61,-20.58,1770467812.957175
-0.96224328,-5.27558256,9.09822564,3.64,-9.87,-27.860001,1770467812.965285
-0.27287496,-4.63887432,8.81577612,3.01,-17.15,-31.219999,1770467812.973395
0.37819512000000005,-4.0691880000000005,8.679338640000001,-1.89,-19.879999,-35.419998,1770467812.981576
0.9478814400000001,-3.46599072,8.6889132,-0.14,-23.799999,-40.669998,1770467812.989304
1.31889564,-2.94896448,8.63146584,-1.33,-25.549999,-34.790001,1770467812.997179
2.9322090000000003,-2.79577152,8.43518736,-0.77,-19.25,-39.48,1770467813.005179
2.71199412,-2.00587032,8.92109628,5.11,-16.59,-32.060001,1770467813.013188
3.0758274,-0.34229052,9.20833308,-8.12,-5.04,-26.530001,1770467813.021178
2.9393899200000004,-0.58165452,9.304078680000002,0.98,-5.67,-14.77,1770467813.02933
2.25241524,-0.299205,9.62003916,1.4,3.36,0.07,1770467813.037198
0.8952213600000001,-0.9694242000000001,10.0891926,16.799999,3.85,8.47,1770467813.045194
0.41170608000000003,-0.5266008,9.576953640000001,26.32,7.28,15.68,1770467813.053222
-0.24893856,-0.33271596000000003,9.28492956,29.120001,8.4,22.33,1770467813.061159
-0.64867644,-0.50984532,9.26578044,37.099998,2.24,20.02,1770467813.069227
-0.538569,-0.5170262400000001,9.20833308,37.799999,-2.03,23.73,1770467813.077202
-0.37819512000000005,-1.7688999600000002,10.20648096,60.41,-5.88,17.219999,1770467813.085179
-0.299205,-2.37209724,8.667370440000001,54.740002,-0.49,10.36,1770467813.09317
-1.5175677600000002,-1.31410836,8.41125096,41.09,-1.82,9.38,1770467813.101201
-2.05374312,-1.80480456,9.569772720000001,46.619999,-16.799999,-0.28,1770467813.109164
-1.76171904,-1.6731543600000003,10.67324076,43.75,-21.700001,-5.88,1770467813.117174
-1.62528156,-0.66064464,11.113670520000001,38.5,-18.34,-14.07,1770467813.125276
-1.2087882,-0.6031972800000001,11.2022352,30.1,-14.14,-20.02,1770467813.133205
-0.8617104000000001,-0.86649768,11.137606920000001,21.629999,-6.65,-29.049999,1770467813.141205
-0.85692312,-0.87607224,10.90781748,18.34,-1.47,-36.189999,1770467813.149212
-1.18724544,-0.7803266400000001,10.80010368,11.9,3.5,-42.419998,1770467813.157259
-1.8694328400000002,-1.04841432,10.27350288,9.31,1.89,-48.439999,1770467813.165208
-2.513322,-1.6516116,9.75168936,12.53,-3.57,-60.200001,1770467813.173171
-2.5372584,-1.21118184,9.663124680000001,18.41,-8.82,-61.32,1770467813.181167
-0.6558573600000001,-0.82819944,9.75168936,27.93,-4.34,-50.119999,1770467813.189171
-1.02208428,-0.22021488,9.993447,35.98,7.07,-37.450001,1770467813.197184
-1.5798024,0.27766224,10.17057636,22.889999,-1.12,-48.23,1770467813.205162
-1.79523,0.2633004,10.18733184,23.870001,0.0,-31.360001,1770467813.213179
-1.82874096,0.1316502,10.0652562,17.360001,2.87,-34.650002,1770467813.221174
-1.84070916,-0.29681136,9.81153036,15.96,4.2,-33.459999,1770467813.229171
-1.31410836,-1.0651698,9.754083,12.46,5.88,-34.16,1770467813.237178
-1.22793732,-1.5965578800000002,9.94318056,14.84,9.1,-37.240002,1770467813.245321
-1.6875162000000001,-1.4457585600000002,9.98626608,13.65,11.55,-27.02,1770467813.253171
-1.8502837200000002,-1.19682,10.02217068,13.44,9.66,-34.93,1770467813.261174
-1.6468243200000001,-0.82819944,9.9575424,10.85,6.16,-28.559999,1770467813.269171
-1.6396434000000002,-0.66303828,9.749295720000001,8.33,-2.1,-30.1,1770467813.277164
-2.0106576,-0.6295273200000001,9.694242000000001,4.2,-12.32,-20.58,1770467813.285156
-2.16385056,-0.50027076,9.66551832,2.66,-17.92,-22.190001,1770467813.29317
-1.93406112,-0.33750324,9.66073104,-0.77,-16.379999,-19.25,1770467813.301216
-1.62528156,-0.35904600000000003,9.57216636,-1.12,-9.66,-22.4,1770467813.309235
-1.39549212,-0.40931244,9.61525188,-2.8,-1.68,-22.610001,1770467813.31719
-1.256661,-0.33271596000000003,9.8617968,-0.14,4.41,-27.09,1770467813.325183
-1.32128928,-0.21542760000000002,9.98865972,0.21,8.96,-30.030001,1770467813.333203
-1.60134516,-0.14122476,9.916850519999999,0.14,10.15,-31.360001,1770467813.341278
-1.8526773600000002,-0.21782124000000003,9.864190440000002,4.2,9.73,-35.419998,1770467813.349188
-2.07289224,-0.45718524,9.76844484,5.67,10.78,-40.040001,1770467813.357177
-2.36730996,-0.5912290800000001,10.043713440000001,10.43,11.76,-43.330002,1770467813.365176
-2.3697036000000002,-0.6462827999999999,10.318982040000002,14.07,11.55,-48.369999,1770467813.373176
-2.2859262,-0.7851139200000001,10.330950240000002,15.75,16.309999,-54.740002,1770467813.381267
-2.26917072,-0.69894288,10.40994036,21.139999,17.08,-59.779999,1770467813.389205
-2.29071348,-0.48830256000000005,10.412334,20.02,16.309999,-64.82,1770467813.397172
-2.54443932,-0.33989688,9.95036148,23.870001,14.35,-68.040001,1770467813.405168
-2.64257856,-0.16037388000000002,9.66551832,26.18,10.08,-72.099998,1770467813.413179
-2.64975948,-0.1914912,9.54104904,24.99,9.1,-72.870003,1770467813.421175
-2.6186421600000003,-0.13883112,9.4429098,26.74,7.35,-78.190002,1770467813.429169
-2.40082092,-0.33750324,9.42615432,24.57,6.79,-77.489998,1770467813.43721
-1.75214448,-0.48112164,9.96232968,22.33,10.22,-83.790001,1770467813.445193
-1.63485612,-0.6462827999999999,10.77377364,18.34,16.309999,-78.75,1770467813.453177
-1.9771466400000002,-0.3111732,11.17111788,8.4,17.43,-79.870003,1770467813.461176
-2.30507532,-0.13643748,10.9628712,2.03,14.77,-77.839996,1770467813.469206
-2.23326612,0.038298240000000004,10.25435376,-4.13,10.78,-72.239998,1770467813.477244
-2.0082639600000003,0.13643748,9.4429098,-5.67,10.99,-68.18,1770467813.485202
