acc_x,acc_y,acc_z,gyro_x,gyro_y,gyro_z,timestamp,deltaYaw
1.658226062,0.289531535,9.824929596,0.042760567,0.042760567,-0.039095375,1756822657,-0.017929089
1.588834206,0.24885355,9.891928628,0.017104227,0.072082098,-0.058643063,1756822657,-0.026893634
1.519442351,0.234496615,9.889535806,0.015882496,0.095294977,-0.02687807,1756822657,-0.012326249
1.452443318,0.145962179,9.882357338,0.017104227,0.10140363,-0.065973446,1756822657,-0.030255338
1.363908882,0.028713871,9.86560758,0.007330383,0.108734012,-0.042760567,1756822657,-0.019609942
1.282552914,-0.069391855,9.860821935,-0.019547688,0.10140363,-0.035430184,1756822657,-0.016248237
1.263410333,-0.220139679,9.853643467,-0.003665191,0.12705997,-0.065973446,1756822657,-0.030255338
1.241874929,-0.299102825,9.853643467,0.013439035,0.117286126,-0.035430184,1756822657,-0.016248237
1.225125171,-0.339780809,9.844072176,0.00122173,0.111177473,-0.042760567,1756822657,-0.019609942
1.18684001,-0.370887503,9.908678387,0.020769418,0.111177473,-0.081855942,1756822657,-0.037539031
1.170090251,-0.442672181,9.925428145,0.002443461,0.108734012,-0.063529985,1756822657,-0.02913477
1.138983558,-0.483350165,9.923035322,-0.035430184,0.120951317,-0.07819075,1756822657,-0.035858178
1.103091219,-0.490528633,9.923035322,-0.003665191,0.100181899,-0.045204028,1756822657,-0.02073051
1.038485008,-0.48813581,9.9206425,-0.030543262,0.085521133,-0.030543262,1756822657,-0.014007101
1.026520895,-0.512064036,9.913464032,0,0.105068821,-0.046425758,1756822657,-0.021290793
1.014556782,-0.54317073,9.913464032,-0.046425758,0.07819075,-0.065973446,1756822657,-0.030255338
1.028913718,-0.519242504,9.899107096,-0.02687807,0.048869219,-0.10140363,1756822657,-0.046503576
1.050449121,-0.461814762,9.937392258,-0.003665191,0.032986723,0.012217305,1756822657,0.005602841
1.052841944,-0.47856452,9.968498952,-0.017104227,0.029321531,-0.091629786,1756822657,-0.042021303
1.071984525,-0.466600407,10.00439129,-0.009773844,0.02687807,0,1756822657,0
1.06719888,-0.41395831,10.02353387,-0.032986723,0.039095375,-0.05253441,1756822657,-0.024092214
1.119840977,-0.416351132,10.05224774,-0.002443461,0.039095375,-0.053756141,1756822657,-0.024652498
1.127019445,-0.387637261,10.09771137,-0.021991149,0.012217305,-0.003665191,1756822657,-0.001680852
1.129412267,-0.356530567,10.12642524,-0.006108652,0.019547688,-0.054977871,1756822657,-0.025212782
1.119840977,-0.313459761,10.0905329,0.029321531,-0.007330383,-0.009773844,1756822657,-0.004482272
1.143769203,-0.208175566,10.07139032,0.015882496,0.015882496,-0.068416907,1756822657,-0.031375906
1.134197912,-0.11006984,10.06660468,0.02565634,0.006108652,-0.059864793,1756822657,-0.027453918
1.079162993,-0.076570323,10.13838936,0.042760567,0.009773844,-0.035430184,1756822657,-0.016248237
1.02173525,-0.00957129,10.13599653,0.046425758,0.009773844,-0.047647489,1756822657,-0.021851078
0.993021379,0.016749758,10.09292573,0.046425758,0.006108652,-0.039095375,1756822657,-0.017929089
0.95712904,0.047856452,10.04028363,0.056199602,0.003665191,-0.05253441,1756822657,-0.024092214
0.914058233,0.105284194,9.990034355,0.030543262,0.018325957,-0.065973446,1756822657,-0.030255338
0.885344362,0.11006984,9.949356371,0.032986723,0.013439035,-0.00122173,1756822657,-0.000560284
0.851844846,0.086141614,9.98524871,0.032986723,-0.007330383,-0.064751715,1756822657,-0.029695054
0.844666378,0.033499516,9.992427178,0.036651914,-0.02687807,-0.013439035,1756822657,-0.006163124
0.851844846,-0.05503492,10.00678411,0.017104227,-0.032986723,-0.030543262,1756822657,-0.014007101
0.914058233,-0.102891372,10.03549798,0.048869219,-0.056199602,-0.032986723,1756822657,-0.015127669
0.971485976,-0.11006984,9.990034355,0.02565634,-0.034208453,-0.010995574,1756822657,-0.005042556
1.043270654,-0.155533469,10.02592669,0.045204028,-0.059864793,-0.030543262,1756822657,-0.014007101
1.06719888,-0.181854518,10.05464057,-0.002443461,-0.07819075,-0.039095375,1756822657,-0.017929089
1.095912751,-0.196211453,10.0689975,0.019547688,-0.073303829,-0.029321531,1756822657,-0.013446817
1.119840977,-0.191425808,10.05224774,0.039095375,-0.079412481,-0.039095375,1756822657,-0.017929089
1.172483074,-0.251246373,10.04506927,0.015882496,-0.087964594,-0.003665191,1756822657,-0.001680852
1.20598259,-0.296710002,9.980463065,0.02687807,-0.073303829,-0.029321531,1756822657,-0.013446817
1.227517994,-0.301495648,10.02353387,0.012217305,-0.096516708,0.003665191,1756822657,0.001680852
1.244267752,-0.270388954,10.04985492,-0.002443461,-0.069638637,-0.02687807,1756822657,-0.012326249
1.263410333,-0.241675083,10.05464057,0.00122173,-0.092851516,0.02565634,1756822657,0.011765965
1.30648114,-0.22971097,10.02114105,0.019547688,-0.061086524,0.009773844,1756822657,0.004482272
1.299302672,-0.24885355,10.05942621,0.00122173,-0.059864793,0.018325957,1756822657,0.008404261
1.30648114,-0.275174599,10.03549798,-0.006108652,-0.059864793,0.002443461,1756822657,0.001120568
1.311266785,-0.270388954,10.05464057,-0.019547688,-0.029321531,0.006108652,1756822657,0.00280142
1.311266785,-0.308674115,10.08335444,-0.009773844,-0.009773844,0.05131268,1756822657,0.02353193
1.246660575,-0.282353067,10.09531855,-0.021991149,-0.007330383,0.008552113,1756822657,0.003921988
1.191625655,-0.275174599,10.07378315,-0.006108652,0.013439035,0.045204028,1756822657,0.02073051
1.134197912,-0.251246373,10.06421186,-0.009773844,0.012217305,0.029321531,1756822657,0.013446817
1.110269686,-0.246460728,10.00199847,-0.006108652,0.006108652,0.035430184,1756822657,0.016248237
1.083948638,-0.23928226,9.999605645,-0.012217305,0.008552113,0.032986723,1756822657,0.015127669
1.07677017,-0.217746857,9.982855887,-0.009773844,0.008552113,0.034208453,1756822657,0.015687953
1.01216396,-0.153140646,9.990034355,0.013439035,0.002443461,0.047647489,1756822657,0.021851078
1.002592669,-0.133998066,10.0163554,0,-0.003665191,0.037873645,1756822657,0.017368805
1.000199847,-0.06460621,10.03549798,0.009773844,-0.02687807,0.02443461,1756822657,0.011205681
0.952343395,-0.026321049,10.00199847,0.023212879,-0.014660766,0.003665191,1756822657,0.001680852
0.973878798,0,9.990034355,0.017104227,-0.020769418,0.039095375,1756822657,0.017929089
1.007378315,0.038285162,9.975677419,0.017104227,-0.02687807,0.035430184,1756822657,0.016248237
1.007378315,0.035892339,9.968498952,0.003665191,-0.036651914,-0.02687807,1756822657,-0.012326249
1.016949605,0.014356936,9.951749193,0.007330383,-0.017104227,0.021991149,1756822657,0.010085113
0.959521863,0.059820565,9.973284597,0.048869219,-0.041538836,0.009773844,1756822657,0.004482272
0.95712904,0.038285162,10.0163554,0.02565634,-0.047647489,0.015882496,1756822657,0.007283692
0.971485976,-0.002392823,10.00199847,0.006108652,-0.034208453,0.015882496,1756822657,0.007283692
0.954736217,-0.014356936,9.980463065,0.034208453,-0.05009095,-0.029321531,1756822657,-0.013446817
0.969093153,-0.023928226,9.942177903,0.057421332,-0.056199602,-0.014660766,1756822657,-0.006723409
0.981057266,-0.057427742,9.963713306,0.019547688,-0.069638637,-0.046425758,1756822657,-0.021290793
0.983450089,-0.081355968,9.975677419,0.02565634,-0.058643063,-0.009773844,1756822657,-0.004482272
1.007378315,-0.11006984,10.00678411,0.019547688,-0.07819075,0.006108652,1756822657,0.00280142
1.02173525,-0.136390888,9.982855887,0.032986723,-0.083077672,0.019547688,1756822657,0.008964545
1.031306541,-0.179461695,10.02831952,0.009773844,-0.083077672,-0.034208453,1756822657,-0.015687953
1.052841944,-0.205782744,9.997212823,0.006108652,-0.080634211,0.019547688,1756822657,0.008964545
1.095912751,-0.236889437,10.00199847,0.02687807,-0.089186325,-0.040317106,1756822657,-0.018489373
1.07677017,-0.253639196,10.01874823,-0.013439035,-0.081855942,-0.029321531,1756822657,-0.013446817
1.134197912,-0.277567422,10.00199847,-0.006108652,-0.086742864,0,1756822657,0
1.160518961,-0.277567422,10.04267645,-0.015882496,-0.095294977,-0.013439035,1756822657,-0.006163124
1.184447187,-0.275174599,9.997212823,0.019547688,-0.114842665,-0.003665191,1756822658,-0.001680852
1.189232832,-0.277567422,9.98524871,0,-0.085521133,-0.007330383,1756822658,-0.003361704
1.272981623,-0.265603309,9.975677419,0.002443461,-0.092851516,-0.019547688,1756822658,-0.008964545
1.265803155,-0.256032018,9.961320484,-0.003665191,-0.095294977,-0.003665191,1756822658,-0.001680852
1.311266785,-0.210568389,9.982855887,-0.023212879,-0.059864793,0.020769418,1756822658,0.009524829
1.253839042,-0.193818631,10.05224774,0.020769418,-0.073303829,-0.020769418,1756822658,-0.009524829
1.265803155,-0.169890405,10.06660468,0.007330383,-0.058643063,0.05131268,1756822658,0.02353193
1.270588801,-0.145962179,10.08574726,0.017104227,-0.05253441,-0.015882496,1756822658,-0.007283692
1.25144622,-0.138783711,10.02831952,-0.015882496,-0.042760567,0.043982297,1756822658,0.020170225
1.249053397,-0.165104759,10.00917694,-0.02565634,-0.059864793,-0.007330383,1756822658,-0.003361704
1.25144622,-0.098105727,10.04267645,-0.012217305,-0.057421332,0.008552113,1756822658,0.003921988
1.241874929,-0.098105727,10.06181903,-0.003665191,-0.046425758,0.035430184,1756822658,0.016248237
1.215553881,-0.100498549,10.06181903,0.02565634,-0.032986723,-0.013439035,1756822658,-0.006163124
1.201196945,-0.095712904,10.06421186,0,-0.058643063,-0.006108652,1756822658,-0.00280142
1.213161058,-0.093320081,10.10010419,0.029321531,-0.032986723,-0.020769418,1756822658,-0.009524829
1.201196945,-0.059820565,10.07617597,0.007330383,-0.042760567,-0.019547688,1756822658,-0.008964545
1.210768236,-0.078963146,10.04985492,0.019547688,-0.040317106,-0.034208453,1756822658,-0.015687953
1.182054364,-0.105284194,9.992427178,0.02687807,-0.046425758,-0.048869219,1756822658,-0.022411362
1.182054364,-0.100498549,9.987641532,-0.009773844,-0.020769418,-0.046425758,1756822658,-0.021290793
1.172483074,-0.038285162,10.0163554,0.043982297,-0.015882496,-0.064751715,1756822658,-0.029695054
1.158126138,0.007178468,10.03310516,0.004886922,-0.013439035,-0.029321531,1756822658,-0.013446817
1.119840977,-0.026321049,10.03549798,0.039095375,-0.028099801,-0.036651914,1756822658,-0.016808521
1.146162025,-0.066999033,10.03789081,0.036651914,-0.034208453,-0.030543262,1756822658,-0.014007101
1.184447187,-0.093320081,10.00917694,0.032986723,-0.034208453,-0.014660766,1756822658,-0.006723409
1.203589768,-0.114855485,9.970891774,0.067195176,-0.018325957,-0.042760567,1756822658,-0.019609942
1.184447187,-0.114855485,10.02353387,0.019547688,-0.007330383,-0.042760567,1756822658,-0.019609942
1.1964113,-0.124426775,10.00917694,0.012217305,-0.037873645,-0.02443461,1756822658,-0.011205681
1.213161058,-0.133998066,10.04267645,0.05253441,-0.046425758,-0.02687807,1756822658,-0.012326249
1.234696462,-0.124426775,10.04506927,0.015882496,-0.02565634,-0.029321531,1756822658,-0.013446817
1.198804123,-0.11964113,10.06660468,0.046425758,-0.046425758,-0.039095375,1756822658,-0.017929089
1.1964113,-0.177068872,10.06181903,0.003665191,-0.043982297,-0.019547688,1756822658,-0.008964545
1.244267752,-0.18424734,10.0163554,0.006108652,-0.047647489,-0.030543262,1756822658,-0.014007101
1.239482107,-0.17467605,9.951749193,0.003665191,-0.042760567,-0.010995574,1756822658,-0.005042556
1.217946703,-0.215354034,10.00199847,-0.002443461,-0.05253441,-0.036651914,1756822658,-0.016808521
1.244267752,-0.165104759,9.990034355,0.017104227,-0.067195176,-0.015882496,1756822658,-0.007283692
1.258624688,-0.196211453,9.973284597,-0.002443461,-0.046425758,-0.003665191,1756822658,-0.001680852
1.265803155,-0.179461695,9.954142016,0.003665191,-0.059864793,-0.042760567,1756822658,-0.019609942
1.26101751,-0.186640163,9.937392258,-0.017104227,-0.034208453,-0.040317106,1756822658,-0.018489373
1.287338559,-0.177068872,9.970891774,0,-0.02687807,-0.015882496,1756822658,-0.007283692
1.299302672,-0.200997098,9.956534839,0.010995574,-0.020769418,-0.02687807,1756822658,-0.012326249
1.265803155,-0.162711937,9.968498952,0.004886922,-0.017104227,-0.062308254,1756822658,-0.028574486
1.249053397,-0.124426775,9.997212823,0.017104227,-0.030543262,0.029321531,1756822658,0.013446817
1.241874929,-0.124426775,10.02114105,-0.037873645,-0.05009095,-0.017104227,1756822658,-0.007843977
1.270588801,-0.114855485,9.997212823,-0.015882496,-0.008552113,-0.059864793,1756822658,-0.027453918
1.294517027,-0.124426775,9.956534839,0.029321531,-0.039095375,-0.010995574,1756822658,-0.005042556
1.294517027,-0.081355968,9.937392258,-0.006108652,-0.040317106,-0.028099801,1756822658,-0.012886533
1.304088317,-0.043070807,9.949356371,-0.007330383,-0.014660766,-0.058643063,1756822658,-0.026893634
1.296909849,-0.00957129,9.99482,-0.008552113,-0.043982297,-0.087964594,1756822658,-0.040340451
1.263410333,-0.019142581,9.963713306,0.004886922,-0.013439035,-0.120951317,1756822658,-0.05546812
1.258624688,-0.002392823,9.997212823,0.031764992,-0.046425758,-0.114842665,1756822658,-0.0526667
1.222732349,0,10.0163554,0.030543262,-0.036651914,-0.067195176,1756822658,-0.030815622
1.203589768,0.026321049,10.00439129,0.003665191,-0.02565634,-0.10140363,1756822658,-0.046503576
1.179661542,0.043070807,9.987641532,0.02687807,-0.009773844,-0.125838239,1756822658,-0.057709256
1.18684001,0.050249275,9.997212823,0.039095375,-0.030543262,-0.124616509,1756822658,-0.057148972
1.194018477,0.038285162,10.00199847,0.021991149,-0.02443461,-0.162490153,1756822658,-0.074517777
1.253839042,0.016749758,9.968498952,0.002443461,-0.036651914,-0.112399204,1756822658,-0.051546132
1.237089284,0.016749758,9.982855887,0.007330383,-0.017104227,-0.112399204,1756822658,-0.051546132
1.246660575,-0.021535403,10.0163554,0.017104227,-0.013439035,-0.095294977,1756822658,-0.043702155
1.25144622,-0.083748791,10.00678411,0.017104227,-0.007330383,-0.120951317,1756822658,-0.05546812
1.244267752,-0.143569356,10.04028363,0.023212879,-0.02687807,-0.042760567,1756822658,-0.019609942
1.20598259,-0.12921242,10.08335444,0.006108652,-0.019547688,-0.089186325,1756822658,-0.040900735
1.217946703,-0.17467605,10.0905329,-0.023212879,-0.02443461,-0.064751715,1756822658,-0.029695054
1.237089284,-0.217746857,10.07139032,0.009773844,-0.032986723,-0.063529985,1756822658,-0.02913477
1.229910816,-0.236889437,10.04028363,-0.02687807,-0.040317106,-0.07819075,1756822658,-0.035858178
1.239482107,-0.217746857,10.00199847,0.023212879,-0.053756141,-0.058643063,1756822658,-0.026893634
1.237089284,-0.246460728,10.04267645,-0.017104227,-0.056199602,-0.046425758,1756822658,-0.021290793
1.263410333,-0.246460728,10.03549798,-0.003665191,-0.062308254,-0.059864793,1756822658,-0.027453918
1.320838075,-0.241675083,9.982855887,0.013439035,-0.072082098,-0.069638637,1756822658,-0.03193619
1.339980656,-0.23928226,9.961320484,-0.003665191,-0.053756141,-0.056199602,1756822658,-0.025773066
1.344766301,-0.23928226,9.999605645,-0.009773844,-0.059864793,-0.019547688,1756822658,-0.008964545
1.313659607,-0.18424734,10.02592669,0.007330383,-0.042760567,-0.017104227,1756822658,-0.007843977
1.330409366,-0.189032985,10.00439129,0.013439035,-0.023212879,-0.098960169,1756822658,-0.045383007
1.337587833,-0.196211453,10.02592669,-0.019547688,-0.05253441,-0.054977871,1756822658,-0.025212782
1.337587833,-0.215354034,10.03310516,-0.023212879,-0.036651914,-0.097738438,1756822658,-0.044822723
1.397408398,-0.200997098,10.06181903,-0.031764992,-0.046425758,-0.07819075,1756822658,-0.035858178
1.423729447,-0.198604276,10.05224774,-0.008552113,-0.059864793,-0.054977871,1756822658,-0.025212782
1.428515092,-0.148355001,10.04028363,0.003665191,-0.05131268,-0.05131268,1756822658,-0.02353193
1.416550979,-0.153140646,10.02831952,0.02687807,-0.034208453,-0.05009095,1756822658,-0.022971646
1.43569356,-0.098105727,10.00917694,-0.012217305,-0.034208453,-0.10140363,1756822658,-0.046503576
1.409372511,-0.040677984,9.968498952,-0.006108652,-0.017104227,-0.098960169,1756822658,-0.045383007
1.383051463,-0.023928226,9.992427178,-0.023212879,-0.010995574,-0.10140363,1756822658,-0.046503576
1.32562372,0.00957129,9.99482,-0.015882496,-0.02687807,-0.065973446,1756822658,-0.030255338
1.318445253,0.028713871,10.00199847,0.02687807,-0.02687807,-0.028099801,1756822658,-0.012886533
1.308873962,0.035892339,9.954142016,-0.006108652,-0.008552113,-0.112399204,1756822658,-0.051546132
1.328016543,0.026321049,9.927820967,-0.003665191,-0.017104227,-0.07574729,1756822658,-0.034737611
1.335195011,0.043070807,9.908678387,-0.002443461,0.008552113,-0.072082098,1756822658,-0.033056758
1.296909849,0.023928226,9.956534839,0.015882496,-0.004886922,-0.069638637,1756822658,-0.03193619
1.280160091,0.038285162,9.961320484,0.040317106,-0.003665191,-0.106290551,1756822658,-0.048744711
1.263410333,0.028713871,9.968498952,0.007330383,-0.013439035,-0.058643063,1756822658,-0.026893634
1.246660575,-0.019142581,9.946963548,0.019547688,-0.020769418,-0.039095375,1756822658,-0.017929089
1.198804123,-0.06460621,9.946963548,0.015882496,-0.02687807,-0.081855942,1756822658,-0.037539031
1.237089284,-0.090927259,9.932606613,0.007330383,-0.029321531,-0.039095375,1756822658,-0.017929089
1.294517027,-0.066999033,9.958927661,0.054977871,-0.05253441,-0.096516708,1756822658,-0.044262439
1.263410333,-0.102891372,9.978070242,0.017104227,-0.046425758,-0.091629786,1756822658,-0.042021303
1.318445253,-0.141176533,9.997212823,0.036651914,-0.032986723,-0.081855942,1756822658,-0.037539031
1.330409366,-0.165104759,10.04506927,0.006108652,-0.036651914,-0.048869219,1756822658,-0.022411362
1.375872995,-0.220139679,10.0689975,0,-0.072082098,-0.097738438,1756822658,-0.044822723
1.404586866,-0.258424841,10.08574726,-0.012217305,-0.040317106,-0.045204028,1756822658,-0.02073051
1.430907915,-0.232103792,10.04506927,0.013439035,-0.065973446,-0.065973446,1756822658,-0.030255338
1.447657673,-0.227318147,10.04985492,0.019547688,-0.05253441,-0.02443461,1756822658,-0.011205681
1.485942835,-0.18424734,9.987641532,-0.017104227,-0.043982297,-0.054977871,1756822658,-0.025212782
1.488335657,-0.18424734,9.956534839,-0.003665191,-0.020769418,-0.05253441,1756822658,-0.024092214
1.481157189,-0.179461695,9.990034355,-0.02565634,-0.023212879,-0.029321531,1756822658,-0.013446817
1.466800254,-0.165104759,9.997212823,-0.034208453,-0.019547688,-0.05253441,1756822658,-0.024092214
1.473978722,-0.162711937,10.0163554,-0.002443461,-0.023212879,-0.039095375,1756822658,-0.017929089
1.43569356,-0.172283227,10.07139032,0,0,-0.015882496,1756822658,-0.007283692
1.411765334,-0.138783711,10.03549798,-0.031764992,0.008552113,-0.042760567,1756822658,-0.019609942
1.399801221,-0.148355001,10.04028363,-0.007330383,-0.006108652,-0.045204028,1756822658,-0.02073051
1.38065864,-0.150747824,10.0163554,-0.031764992,0.006108652,-0.040317106,1756822658,-0.018489373
1.339980656,-0.105284194,9.970891774,-0.017104227,0.029321531,0.006108652,1756822658,0.00280142
1.320838075,-0.05503492,9.968498952,-0.009773844,0.009773844,-0.048869219,1756822658,-0.022411362
1.318445253,0.002392823,9.946963548,0.015882496,-0.023212879,-0.045204028,1756822658,-0.02073051
1.287338559,0.016749758,9.951749193,0.003665191,-0.009773844,-0.065973446,1756822658,-0.030255338
1.270588801,0.035892339,9.927820967,0.003665191,-0.009773844,-0.058643063,1756822658,-0.026893634
1.246660575,0.047856452,9.93978508,0.017104227,-0.015882496,-0.07574729,1756822658,-0.034737611
1.270588801,0.021535403,9.942177903,0.009773844,-0.010995574,-0.059864793,1756822658,-0.027453918
1.277767268,0,9.937392258,0.020769418,-0.036651914,-0.091629786,1756822658,-0.042021303
1.275374446,-0.038285162,9.915856854,0.020769418,-0.007330383,-0.009773844,1756822658,-0.004482272
1.287338559,-0.057427742,9.93021379,-0.009773844,-0.020769418,-0.059864793,1756822658,-0.027453918
1.265803155,-0.105284194,9.956534839,-0.006108652,-0.013439035,-0.030543262,1756822658,-0.014007101
1.282552914,-0.136390888,10.00199847,0.006108652,0.015882496,-0.032986723,1756822659,-0.015127669
1.239482107,-0.143569356,9.923035322,-0.015882496,-0.003665191,-0.036651914,1756822659,-0.016808521
0.995414202,-0.148355001,9.961320484,0.023212879,-0.05253441,-0.046425758,1756822659,-0.021290793
1.062413234,-0.18424734,10.04028363,0.020769418,-0.07819075,-0.039095375,1756822659,-0.017929089
1.246660575,-0.172283227,10.04506927,0.058643063,-0.069638637,-0.040317106,1756822659,-0.018489373
1.32562372,-0.100498549,10.03071234,-0.009773844,-0.046425758,-0.085521133,1756822659,-0.039219883
1.289731381,0.002392823,9.973284597,-0.029321531,-0.07819075,-0.043982297,1756822659,-0.020170225
1.241874929,-0.112462662,9.966106129,-0.029321531,-0.091629786,-0.029321531,1756822659,-0.013446817
1.229910816,-0.150747824,9.970891774,-0.021991149,-0.124616509,-0.040317106,1756822659,-0.018489373
1.198804123,-0.181854518,9.958927661,-0.006108652,-0.15271631,-0.029321531,1756822659,-0.013446817
1.229910816,-0.193818631,10.03310516,0.018325957,-0.197920337,-0.009773844,1756822659,-0.004482272
1.344766301,-0.189032985,10.09771137,0.006108652,-0.172263997,0,1756822659,0
1.387837108,-0.105284194,10.03549798,0.013439035,-0.17959438,-0.081855942,1756822659,-0.037539031
1.433300737,-0.114855485,9.954142016,-0.006108652,-0.17837265,-0.05253441,1756822659,-0.024092214
1.404586866,-0.133998066,9.951749193,-0.007330383,-0.174707458,-0.07696902,1756822659,-0.035297895
1.438086383,-0.172283227,9.934999435,0.003665191,-0.17837265,-0.073303829,1756822659,-0.033617043
1.557727513,-0.222532502,10.0474621,-0.007330383,-0.174707458,-0.07574729,1756822659,-0.034737611
1.55533469,-0.177068872,10.02353387,0,-0.133168622,-0.020769418,1756822659,-0.009524829
1.605583965,-0.133998066,10.03310516,-0.010995574,-0.116064395,-0.065973446,1756822659,-0.030255338
1.641476304,-0.141176533,10.00678411,-0.032986723,-0.089186325,-0.020769418,1756822659,-0.009524829
1.691725578,-0.117248307,10.03310516,-0.030543262,-0.065973446,-0.046425758,1756822659,-0.021290793
1.677368643,-0.100498549,10.05464057,-0.008552113,-0.05009095,-0.059864793,1756822659,-0.027453918
1.653440417,-0.105284194,10.00917694,-0.008552113,-0.014660766,-0.079412481,1756822659,-0.036418463
1.643869126,-0.126819598,9.99482,-0.039095375,-0.013439035,-0.032986723,1756822659,-0.015127669
1.56490598,-0.124426775,9.954142016,-0.029321531,-0.007330383,-0.065973446,1756822659,-0.030255338
1.557727513,-0.095712904,10.00439129,0.007330383,-0.010995574,-0.02565634,1756822659,-0.011765965
1.469193076,-0.074177501,10.03071234,-0.007330383,-0.010995574,-0.081855942,1756822659,-0.037539031
1.447657673,-0.040677984,10.03071234,-0.013439035,-0.014660766,-0.07574729,1756822659,-0.034737611
1.430907915,-0.050249275,9.997212823,0,-0.010995574,-0.032986723,1756822659,-0.015127669
1.383051463,-0.095712904,9.954142016,0.003665191,-0.023212879,-0.059864793,1756822659,-0.027453918
1.404586866,-0.136390888,9.918249677,0.013439035,-0.02443461,-0.02565634,1756822659,-0.011765965
1.392622753,-0.105284194,9.906285564,0.009773844,-0.007330383,-0.07574729,1756822659,-0.034737611
1.406979689,-0.105284194,9.918249677,-0.006108652,0,-0.020769418,1756822659,-0.009524829
1.411765334,-0.124426775,9.980463065,0.006108652,-0.007330383,-0.05253441,1756822659,-0.024092214
1.450050496,-0.098105727,9.942177903,-0.018325957,-0.007330383,-0.063529985,1756822659,-0.02913477
1.459621786,-0.136390888,9.980463065,0.02565634,-0.034208453,-0.007330383,1756822659,-0.003361704
1.481157189,-0.153140646,9.978070242,0.015882496,-0.030543262,-0.059864793,1756822659,-0.027453918
1.497906948,-0.148355001,10.00678411,-0.015882496,-0.039095375,-0.064751715,1756822659,-0.029695054
1.49072848,-0.17467605,10.0163554,0.023212879,-0.040317106,-0.040317106,1756822659,-0.018489373
1.497906948,-0.208175566,9.975677419,0.010995574,-0.036651914,-0.040317106,1756822659,-0.018489373
1.469193076,-0.260817663,9.982855887,0.014660766,-0.018325957,-0.043982297,1756822659,-0.020170225
1.476371544,-0.258424841,9.992427178,-0.009773844,-0.007330383,-0.067195176,1756822659,-0.030815622
1.473978722,-0.224925324,9.978070242,0.05253441,-0.020769418,-0.083077672,1756822659,-0.038099315
1.476371544,-0.23928226,10.00199847,0.009773844,-0.008552113,-0.007330383,1756822659,-0.003361704
1.466800254,-0.208175566,10.00678411,0.023212879,-0.017104227,-0.072082098,1756822659,-0.033056758
1.493121302,-0.189032985,9.978070242,0.029321531,-0.004886922,-0.046425758,1756822659,-0.021290793
1.507478238,-0.179461695,9.992427178,-0.015882496,-0.047647489,-0.02443461,1756822659,-0.011205681
1.50029977,-0.148355001,9.987641532,0,-0.017104227,-0.048869219,1756822659,-0.022411362
1.519442351,-0.143569356,9.975677419,-0.040317106,-0.023212879,-0.046425758,1756822659,-0.021290793
1.488335657,-0.155533469,9.968498952,-0.036651914,-0.034208453,-0.013439035,1756822659,-0.006163124
1.497906948,-0.136390888,10.02592669,-0.007330383,-0.040317106,-0.02687807,1756822659,-0.012326249
1.526620819,-0.124426775,10.04985492,-0.017104227,-0.028099801,0.018325957,1756822659,0.008404261
1.524227996,-0.145962179,10.05703339,-0.006108652,-0.039095375,-0.017104227,1756822659,-0.007843977
1.526620819,-0.189032985,10.05942621,-0.032986723,-0.034208453,-0.040317106,1756822659,-0.018489373
1.512263883,-0.167497582,10.01396258,-0.015882496,-0.030543262,-0.023212879,1756822659,-0.010645397
1.543370577,-0.200997098,10.00917694,0.002443461,-0.037873645,-0.020769418,1756822659,-0.009524829
1.550549045,-0.150747824,9.982855887,0.030543262,-0.007330383,-0.007330383,1756822659,-0.003361704
1.507478238,-0.150747824,10.00917694,0.002443461,-0.020769418,-0.007330383,1756822659,-0.003361704
1.560120335,-0.145962179,10.01156976,-0.023212879,-0.010995574,-0.020769418,1756822659,-0.009524829
1.548156222,-0.131605243,9.944570726,0.020769418,-0.013439035,-0.014660766,1756822659,-0.006723409
1.50029977,-0.114855485,9.925428145,-0.023212879,-0.00122173,-0.02687807,1756822659,-0.012326249
1.481157189,-0.117248307,9.958927661,-0.009773844,0.006108652,-0.013439035,1756822659,-0.006163124
1.450050496,-0.074177501,9.997212823,0.02565634,-0.004886922,-0.053756141,1756822659,-0.024652498
1.457228963,-0.114855485,10.01156976,-0.006108652,0.012217305,-0.045204028,1756822659,-0.02073051
1.390229931,-0.11964113,9.990034355,0,-0.013439035,-0.065973446,1756822659,-0.030255338
1.428515092,-0.117248307,9.990034355,-0.009773844,-0.048869219,-0.064751715,1756822659,-0.029695054
1.404586866,-0.105284194,9.966106129,-0.019547688,-0.034208453,-0.007330383,1756822659,-0.003361704
1.423729447,-0.141176533,9.980463065,-0.008552113,-0.013439035,-0.02443461,1756822659,-0.011205681
1.402194044,-0.126819598,9.973284597,-0.009773844,-0.02687807,-0.085521133,1756822659,-0.039219883
1.406979689,-0.136390888,9.958927661,0.010995574,-0.014660766,-0.081855942,1756822659,-0.037539031
1.43569356,-0.112462662,9.975677419,0.00122173,-0.028099801,-0.05009095,1756822659,-0.022971646
1.421336624,-0.126819598,9.970891774,0.017104227,-0.015882496,-0.10384709,1756822659,-0.047624143
1.411765334,-0.141176533,9.99482,0.019547688,-0.020769418,-0.029321531,1756822659,-0.013446817
1.430907915,-0.11964113,9.944570726,-0.023212879,0,-0.053756141,1756822659,-0.024652498
1.42612227,-0.131605243,9.949356371,0.004886922,-0.042760567,-0.05009095,1756822659,-0.022971646
1.418943802,-0.136390888,9.93978508,0.023212879,-0.023212879,-0.036651914,1756822659,-0.016808521
1.450050496,-0.167497582,9.951749193,0.008552113,-0.02687807,-0.040317106,1756822659,-0.018489373
1.43569356,-0.179461695,9.999605645,-0.013439035,-0.020769418,-0.05253441,1756822659,-0.024092214
1.430907915,-0.169890405,10.00678411,0.02687807,-0.030543262,-0.085521133,1756822659,-0.039219883
1.430907915,-0.179461695,9.990034355,-0.006108652,-0.039095375,-0.043982297,1756822659,-0.020170225
1.450050496,-0.222532502,9.963713306,0.019547688,-0.02687807,-0.07819075,1756822659,-0.035858178
1.43569356,-0.260817663,9.942177903,0.009773844,-0.065973446,-0.046425758,1756822659,-0.021290793
1.488335657,-0.267996131,9.992427178,-0.008552113,-0.067195176,0.00122173,1756822659,0.000560284
1.493121302,-0.272781776,10.01396258,0,-0.05009095,-0.042760567,1756822659,-0.019609942
1.485942835,-0.272781776,9.98524871,-0.009773844,-0.056199602,-0.013439035,1756822659,-0.006163124
1.50029977,-0.287138712,9.973284597,0,-0.043982297,-0.056199602,1756822659,-0.025773066
1.519442351,-0.275174599,9.99482,0.009773844,-0.047647489,-0.02687807,1756822659,-0.012326249
1.509871061,-0.244067905,10.02114105,0,-0.030543262,-0.040317106,1756822659,-0.018489373
1.507478238,-0.22971097,10.00917694,-0.009773844,-0.023212879,-0.043982297,1756822659,-0.020170225
1.509871061,-0.198604276,9.966106129,0.003665191,-0.019547688,-0.065973446,1756822659,-0.030255338
1.512263883,-0.205782744,9.970891774,-0.02687807,-0.056199602,-0.056199602,1756822659,-0.025773066
1.521835174,-0.196211453,9.992427178,-0.021991149,-0.039095375,-0.030543262,1756822659,-0.014007101
1.536192109,-0.181854518,9.999605645,-0.019547688,-0.05253441,-0.010995574,1756822659,-0.005042556
1.536192109,-0.155533469,10.01874823,-0.021991149,-0.036651914,-0.023212879,1756822659,-0.010645397
1.538584932,-0.12921242,10.05464057,-0.013439035,-0.02687807,-0.046425758,1756822659,-0.021290793
1.533799287,-0.086141614,10.04506927,-0.015882496,-0.02687807,-0.042760567,1756822659,-0.019609942
1.497906948,-0.107677017,10.02353387,0.02565634,-0.046425758,-0.042760567,1756822659,-0.019609942
1.485942835,-0.11964113,10.00439129,-0.009773844,-0.017104227,-0.042760567,1756822659,-0.019609942
1.478764367,-0.133998066,9.970891774,0,-0.036651914,-0.030543262,1756822659,-0.014007101
1.49072848,-0.114855485,9.966106129,0.012217305,-0.039095375,-0.053756141,1756822659,-0.024652498
1.481157189,-0.107677017,9.958927661,-0.002443461,-0.02443461,-0.02443461,1756822659,-0.011205681
1.495514125,-0.066999033,9.990034355,0.02687807,-0.02443461,-0.056199602,1756822659,-0.025773066
1.454836141,-0.06460621,9.992427178,0.02565634,-0.040317106,-0.089186325,1756822659,-0.040900735
1.418943802,-0.05503492,9.958927661,0.02687807,-0.039095375,-0.059864793,1756822659,-0.027453918
1.418943802,-0.088534436,9.987641532,-0.007330383,-0.059864793,-0.046425758,1756822659,-0.021290793
1.430907915,-0.069391855,9.970891774,0.030543262,-0.072082098,-0.053756141,1756822659,-0.024652498
1.450050496,-0.076570323,10.03310516,0.019547688,-0.069638637,-0.072082098,1756822659,-0.033056758
1.509871061,-0.076570323,10.0163554,0.019547688,-0.063529985,-0.090408055,1756822659,-0.041461019
1.502692593,-0.057427742,9.999605645,0.009773844,-0.07819075,-0.065973446,1756822659,-0.030255338
1.548156222,-0.090927259,9.997212823,0.006108652,-0.10262536,-0.07574729,1756822659,-0.034737611
1.533799287,-0.11006984,9.980463065,0.006108652,-0.112399204,-0.05009095,1756822659,-0.022971646
1.540977754,-0.148355001,9.997212823,-0.034208453,-0.10384709,-0.089186325,1756822659,-0.040900735
1.533799287,-0.145962179,9.997212823,0.007330383,-0.116064395,-0.072082098,1756822659,-0.033056758
1.617548078,-0.186640163,9.98524871,-0.002443461,-0.141720735,-0.073303829,1756822659,-0.033617043
1.651047594,-0.210568389,9.973284597,-0.012217305,-0.134390352,-0.091629786,1756822659,-0.042021303
1.636690658,-0.205782744,9.93021379,-0.040317106,-0.105068821,-0.085521133,1756822659,-0.039219883
1.641476304,-0.200997098,9.932606613,-0.035430184,-0.114842665,-0.114842665,1756822659,-0.0526667
1.670190175,-0.203389921,9.896714274,-0.007330383,-0.117286126,-0.125838239,1756822659,-0.057709256
1.663011707,-0.215354034,9.923035322,-0.042760567,-0.116064395,-0.045204028,1756822660,-0.02073051
1.655833239,-0.205782744,9.915856854,-0.02565634,-0.144164196,-0.048869219,1756822660,-0.022411362
1.672582997,-0.198604276,9.946963548,-0.048869219,-0.119729587,-0.091629786,1756822660,-0.042021303
1.655833239,-0.215354034,9.946963548,-0.020769418,-0.116064395,-0.069638637,1756822660,-0.03193619
1.708475336,-0.205782744,9.93978508,-0.023212879,-0.138055544,-0.068416907,1756822660,-0.031375906
1.73001074,-0.193818631,9.973284597,-0.054977871,-0.12950343,-0.069638637,1756822660,-0.03193619
1.753938966,-0.253639196,10.0163554,-0.065973446,-0.096516708,-0.091629786,1756822660,-0.042021303
1.777867192,-0.251246373,10.0163554,-0.05009095,-0.10140363,-0.030543262,1756822660,-0.014007101
1.732403562,-0.282353067,10.07856879,-0.017104227,-0.114842665,-0.085521133,1756822660,-0.039219883
1.801795418,-0.277567422,10.08814008,-0.054977871,-0.10262536,-0.095294977,1756822660,-0.043702155
1.820937999,-0.22971097,10.07378315,0.003665191,-0.081855942,-0.058643063,1756822660,-0.026893634
1.816152353,-0.234496615,9.968498952,-0.042760567,-0.090408055,-0.094073247,1756822660,-0.043141871
1.808973886,-0.220139679,9.966106129,-0.058643063,-0.073303829,-0.085521133,1756822660,-0.039219883
1.80418824,-0.162711937,9.949356371,0.015882496,-0.065973446,-0.124616509,1756822660,-0.057148972
1.775474369,-0.124426775,9.937392258,0.013439035,-0.087964594,-0.069638637,1756822660,-0.03193619
1.744367675,0.002392823,9.942177903,-0.036651914,-0.070860368,-0.072082098,1756822660,-0.033056758
1.703689691,-0.014356936,9.899107096,-0.029321531,-0.042760567,-0.111177473,1756822660,-0.050985847
1.718046627,-0.023928226,9.894321451,0.007330383,-0.047647489,-0.098960169,1756822660,-0.045383007
1.732403562,-0.040677984,9.87517887,-0.035430184,-0.046425758,-0.07574729,1756822660,-0.034737611
1.720439449,-0.062213388,9.906285564,-0.046425758,-0.020769418,-0.095294977,1756822660,-0.043702155
1.706082514,-0.076570323,9.913464032,0.013439035,-0.043982297,-0.111177473,1756822660,-0.050985847
1.741974853,-0.076570323,9.93021379,-0.012217305,-0.028099801,-0.072082098,1756822660,-0.033056758
1.744367675,-0.126819598,9.987641532,-0.006108652,-0.036651914,-0.163711884,1756822660,-0.075078061
1.78504566,-0.150747824,9.98524871,0.006108652,-0.017104227,-0.069638637,1756822660,-0.03193619
1.756331788,-0.181854518,10.03310516,0.002443461,-0.034208453,-0.1282817,1756822660,-0.058829824
1.773081547,-0.200997098,10.0163554,-0.006108652,-0.065973446,-0.074525559,1756822660,-0.034177326
1.780260014,-0.251246373,9.954142016,-0.013439035,-0.05009095,-0.10140363,1756822660,-0.046503576
1.763510256,-0.270388954,9.918249677,-0.065973446,-0.062308254,-0.10262536,1756822660,-0.047063859
1.79461695,-0.327816696,9.877571693,-0.041538836,-0.056199602,-0.112399204,1756822660,-0.051546132
1.799402595,-0.344566454,9.882357338,-0.010995574,-0.081855942,-0.07574729,1756822660,-0.034737611
1.816152353,-0.401994197,9.903892741,-0.017104227,-0.063529985,-0.079412481,1756822660,-0.036418463
1.835294934,-0.390030084,9.86560758,-0.015882496,-0.065973446,-0.048869219,1756822660,-0.022411362
1.808973886,-0.337387987,9.858429112,-0.039095375,-0.062308254,-0.05253441,1756822660,-0.024092214
1.818545176,-0.344566454,9.829715241,-0.015882496,-0.032986723,-0.087964594,1756822660,-0.040340451
1.792224127,-0.428315245,9.724431046,-0.018325957,-0.036651914,-0.068416907,1756822660,-0.031375906
1.749153321,-0.433100891,9.836893709,-0.081855942,0.004886922,-0.059864793,1756822660,-0.027453918
1.85922316,-0.540777908,9.93021379,0.002443461,0.015882496,-0.030543262,1756822660,-0.014007101
1.777867192,-0.418743955,10.04506927,0.00122173,0.061086524,-0.030543262,1756822660,-0.014007101
1.866401628,-0.401994197,10.12881807,-0.008552113,0.056199602,-0.046425758,1756822660,-0.021290793
1.782652837,-0.492921456,10.24606637,0.007330383,0.05131268,-0.062308254,1756822660,-0.028574486
1.84965187,-0.457029117,10.22692379,-0.021991149,0.057421332,-0.081855942,1756822660,-0.037539031
1.643869126,-0.150747824,10.15513911,0.003665191,0.084299403,-0.034208453,1756822660,-0.015687953
2.000399694,-0.519242504,10.18385299,-0.002443461,0.07574729,-0.074525559,1756822660,-0.034177326
1.761117434,-0.397208552,10.00199847,-0.003665191,0.047647489,-0.02443461,1756822660,-0.011205681
1.643869126,-0.019142581,10.04985492,0.021991149,0.045204028,-0.098960169,1756822660,-0.045383007
1.727617917,0.023928226,10.10967548,-0.032986723,0.032986723,-0.083077672,1756822660,-0.038099315
1.670190175,0.296710002,10.17906734,-0.013439035,-0.010995574,-0.020769418,1756822660,-0.009524829
1.756331788,0.165104759,10.26281613,-0.021991149,0.002443461,-0.089186325,1756822660,-0.040900735
1.660618884,0.224925324,10.18146016,-0.042760567,-0.036651914,-0.07819075,1756822660,-0.035858178
1.6199409,0.179461695,10.03789081,-0.064751715,-0.019547688,-0.056199602,1756822660,-0.025773066
1.6199409,0.138783711,10.04985492,-0.045204028,-0.015882496,-0.117286126,1756822660,-0.053787268
1.651047594,0.131605243,10.13838936,-0.035430184,-0.02687807,-0.072082098,1756822660,-0.033056758
1.686939933,0.210568389,10.24128073,-0.07574729,-0.020769418,-0.157603231,1756822660,-0.072276641
1.605583965,0.325423874,10.3657075,-0.045204028,0.039095375,-0.094073247,1756822660,-0.043141871
1.686939933,0.22971097,10.49970557,-0.039095375,0.053756141,-0.138055544,1756822660,-0.063312097
1.655833239,0.241675083,10.52841944,-0.048869219,0.02565634,-0.212581103,1756822660,-0.097489423
1.517049528,0.270388954,10.40638549,-0.062308254,0.013439035,-0.30665435,1756822660,-0.140631294
1.550549045,-0.131605243,10.36331468,-0.02565634,0.070860368,-0.284663184,1756822660,-0.130546174
1.507478238,-0.035892339,10.18146016,-0.032986723,0.064751715,-0.108734012,1756822660,-0.049865279
1.5457634,-0.090927259,9.894321451,-0.002443461,0.037873645,-0.195476876,1756822660,-0.089645446
1.519442351,0.246460728,9.832108063,0,-0.053756141,-0.290771853,1756822660,-0.133347601
1.442872028,0.241675083,9.923035322,-0.006108652,-0.07574729,-0.219911486,1756822660,-0.100851127
1.450050496,0.339780809,10.32742234,-0.012217305,-0.032986723,-0.353080108,1756822660,-0.161922088
1.584048561,0.339780809,10.68156009,-0.056199602,0.012217305,-0.287106679,1756822660,-0.131666757
1.734796385,0.35892339,10.88016436,-0.079412481,0.039095375,-0.41783184,1756822660,-0.19161715
1.713260982,0.36849468,10.8203438,-0.124616509,0.072082098,-0.339641055,1756822660,-0.155758955
1.737189208,0.373280326,10.58824001,-0.173485728,0.054977871,-0.431270841,1756822660,-0.197780258
1.718046627,0.387637261,10.48774146,-0.158824962,0.02565634,-0.41783184,1756822660,-0.19161715
1.653440417,0.387637261,10.33220799,-0.120951317,-0.032986723,-0.456927198,1756822660,-0.209546231
1.696511223,0.181854518,10.31067258,-0.168598806,-0.036651914,-0.427605667,1756822660,-0.196099414
1.576870093,0.421136778,10.27956589,-0.161268423,-0.046425758,-0.466701042,1756822660,-0.214028503
1.576870093,0.437886536,10.25803049,-0.125838239,-0.07574729,-0.51190507,1756822660,-0.234759013
1.5457634,0.457029117,10.0474621,-0.092851516,-0.073303829,-0.571769828,1756822660,-0.262212915
1.598405497,0.509671214,9.70050282,-0.120951317,-0.118507856,-0.548556984,1756822660,-0.251567534
1.653440417,0.492921456,9.466006206,-0.112399204,-0.141720735,-0.599869646,1756822660,-0.275099455
1.351944769,0.914058233,9.174081848,-0.151494579,-0.139277274,-0.596204472,1756822660,-0.273418611
1.272981623,1.002592669,8.695517328,-0.177150919,-0.211359372,-0.620639099,1756822660,-0.2846243
1.246660575,1.069591702,8.334201116,-0.180816111,-0.20402899,-0.558330828,1756822660,-0.256049806
1.220339526,1.007378315,8.19063176,-0.172263997,-0.194255146,-0.596204472,1756822660,-0.273418611
1.26101751,0.899701298,8.01595571,-0.157603231,-0.157603231,-0.569326385,1756822660,-0.261092355
1.347159124,0.882951539,7.965706435,-0.118507856,-0.174707458,-0.540004888,1756822660,-0.247645554
1.409372511,0.859023313,8.372486277,-0.122173048,-0.12950343,-0.540004888,1756822660,-0.247645554
1.442872028,0.775274522,8.934799588,-0.106290551,-0.105068821,-0.453261989,1756822660,-0.207865371
1.430907915,0.514456859,9.174081848,-0.085521133,-0.07574729,-0.375071256,1756822660,-0.1720072
1.375872995,0.390030084,9.121439751,-0.081855942,-0.095294977,-0.30054568,1756822660,-0.137829866
1.263410333,0.086141614,9.138189509,-0.083077672,-0.145385927,-0.232128791,1756822660,-0.106453968
1.201196945,-0.222532502,9.217152655,-0.031764992,-0.186924763,-0.202807259,1756822660,-0.093007151
1.158126138,-0.428315245,9.312865559,-0.002443461,-0.263893783,-0.167377075,1756822660,-0.076758913
1.174875897,-0.655633392,9.50668419,0.023212879,-0.320093385,-0.138055544,1756822660,-0.063312097
1.284945736,-0.789631458,9.70050282,0.02565634,-0.395840674,-0.065973446,1756822660,-0.030255338
1.385444285,-0.887737185,9.791430079,0.046425758,-0.43004911,-0.193033415,1756822660,-0.088524878
1.572084448,-0.899701298,9.901499919,0.057421332,-0.505796417,-0.063529985,1756822660,-0.02913477
1.890329854,-0.916451056,10.18624581,-0.039095375,-0.629191178,-0.020769418,1756822660,-0.009524829
2.069791549,-0.942772104,10.439885,0.05253441,-0.70005158,-0.073303829,1756822660,-0.033617043
2.026720742,-0.928415169,10.62652517,0.072082098,-0.730594842,0.10384709,1756822660,0.047624143
2.067398726,-0.713061135,10.65763186,0.149051118,-0.664621414,-0.05253441,1756822660,-0.024092214
2.155933163,-0.490528633,10.77248735,0.172263997,-0.572991628,0.047647489,1756822660,0.021851078
2.237289131,-0.24885355,11.01416243,0.267558974,-0.504574687,-0.081855942,1756822660,-0.037539031
2.268395825,0.052642097,10.91844952,0.332310707,-0.43493605,-0.05253441,1756822660,-0.024092214
2.287538406,0.363709035,10.77727299,0.438601224,-0.41783184,-0.145385927,1756822660,-0.066673801
2.344966148,0.629312344,10.77488017,0.478918364,-0.448375102,-0.210137642,1756822660,-0.096368855
2.368894374,0.930807991,10.84905767,0.636521596,-0.460592372,-0.218689755,1756822660,-0.100290843
2.443071875,1.30648114,10.54277638,0.657290996,-0.49357913,-0.171042267,1756822660,-0.078439766
2.627319215,1.603191142,9.982855887,0.731816555,-0.557109097,-0.186924763,1756822660,-0.085723458
2.868994297,1.787438482,9.523433948,0.817337724,-0.643851944,-0.200363798,1756822660,-0.091886583
3.148954542,2.132004937,9.494720077,0.857654777,-0.702495024,-0.160046692,1756822660,-0.073397209
3.476771238,2.514856553,9.655039191,1.02503187,-0.763581548,-0.136833813,1756822660,-0.062751812
3.945764467,2.962314379,9.391828705,1.02503187,-0.748920782,-0.131946891,1756822660,-0.060510676
4.218546244,3.287738252,9.45164927,1.082453202,-0.71715579,-0.108734012,1756822660,-0.049865279
4.498506488,3.634697529,9.777073144,0.973719207,-0.720820964,-0.105068821,1756822660,-0.048184427
4.706682054,3.890729548,10.07617597,0.932180353,-0.631634639,-0.056199602,1756822660,-0.025773066
4.934000201,3.996013742,10.30349412,0.799011714,-0.530231009,-0.034208453,1756822660,-0.015687953
5.221138913,4.036691726,10.45902758,0.656069266,-0.423940493,0.030543262,1756822660,0.014007101
5.357529801,4.024727613,10.53320509,0.489913921,-0.322536846,0.096516708,1756822660,0.044262439
5.25463843,4.146761566,10.35374339,0.277332818,-0.17837265,0.182037841,1756822660,0.083482322
4.957928427,4.378865358,10.13360371,0.081855942,-0.00122173,0.245567826,1756822660,0.112617092
4.637290199,4.53679165,9.853643467,-0.157603231,0.241902634,0.215024564,1756822660,0.098609991
4.292723744,4.520041891,9.432506689,-0.333532438,0.519235452,0.250454748,1756822660,0.114858228
3.864408499,4.421936165,8.941978056,-0.537561392,0.734260016,0.207694181,1756822660,0.095248287
3.577269787,4.287938099,8.772087652,-0.652404092,0.868650369,0.194255146,1756822660,0.089085162
3.203989461,4.163511324,9.006584266,-0.697608119,0.922406475,0.293215297,1756822661,0.134468162
2.840280426,4.130011808,9.284151688,-0.762359817,0.923628205,0.218689755,1756822661,0.100290843
2.481357036,4.060619952,9.353543543,-0.828333246,0.856433064,0.259006861,1756822661,0.118780217
2.199003969,3.806980757,9.126225396,-0.863763482,0.722042694,0.206472451,1756822661,0.094688003
2.007578161,3.548555916,8.592625957,-0.913854414,0.588874125,0.216246294,1756822661,0.099170275
1.921436548,2.986242605,8.181060469,-0.893084943,0.426383936,0.158824962,1756822661,0.072836925
1.947757596,2.294716873,7.953742322,-0.906523996,0.285884914,0.080634211,1756822661,0.036978746
2.055434613,1.440479205,7.996813129,-0.893084943,0.169820536,-0.008552113,1756822661,-0.003921988
2.194218324,0.753739119,8.025527,-0.827111515,0.12705997,-0.072082098,1756822661,-0.033056758
2.364108729,0.088534436,8.315058535,-0.791681366,0.15271631,-0.147829388,1756822661,-0.067794369
2.51246373,-0.47856452,8.793623055,-0.697608119,0.161268423,-0.271224166,1756822661,-0.124383057
2.682354135,-0.875773072,9.296115801,-0.662177901,0.208915911,-0.355523586,1756822661,-0.163042664
2.758924458,-0.988235734,9.664610481,-0.58398715,0.261450322,-0.443488163,1756822661,-0.203383107
2.849851717,-0.890130007,9.812965483,-0.54611354,0.298102236,-0.5131268,1756822661,-0.235319297
2.876172765,-0.830309442,9.817751128,-0.559552576,0.307876063,-0.505796417,1756822661,-0.231957593
2.830709136,-0.715453957,9.714859756,-0.527787566,0.301767445,-0.542448332,1756822661,-0.248766114
2.773281393,-0.803988394,9.657432014,-0.485027017,0.324980324,-0.489913921,1756822661,-0.2246739
2.667997199,-0.863808959,9.473184673,-0.453261989,0.278554549,-0.415388345,1756822661,-0.190496566
2.591426876,-0.844666378,9.365507656,-0.43493605,0.268780705,-0.333532438,1756822661,-0.152957551
2.560320182,-0.729810893,9.446863625,-0.392175465,0.266337244,-0.320093385,1756822661,-0.146794419
2.63210486,-0.753739119,9.631110965,-0.348193203,0.262672052,-0.288328392,1756822661,-0.132227033
2.648854618,-0.899701298,9.937392258,-0.270002435,0.334754151,-0.245567826,1756822661,-0.112617092
2.529213488,-1.14137638,10.10010419,-0.081855942,0.498466017,-0.284663184,1756822661,-0.130546174
2.20857526,-1.31605243,9.851250644,-0.069638637,0.529009279,-0.25534167,1756822661,-0.117099365
1.91425808,-1.344766301,9.588040158,-0.003665191,0.619417386,-0.301767445,1756822661,-0.138390166
1.61036961,-1.395015576,9.652646368,0.085521133,0.702495024,-0.245567826,1756822661,-0.112617092
1.395015576,-1.363908882,9.980463065,0.155159771,0.790459636,-0.278554549,1756822661,-0.127744761
1.127019445,-1.256231865,10.32742234,0.22968533,0.8906415,-0.23090706,1756822661,-0.105893684
0.880558717,-1.06719888,10.75334476,0.370184317,0.927293449,-0.265115513,1756822661,-0.121581637
0.732203716,-0.899701298,11.15294614,0.368962586,0.908967509,-0.316428176,1756822661,-0.145113558
0.526420972,-0.82791662,11.3922284,0.431270841,0.873537273,-0.326202055,1756822661,-0.149595847
0.256032018,-0.832702265,11.24865904,0.520457183,0.824668072,-0.316428176,1756822661,-0.145113558
0.023928226,-0.832702265,10.82273662,0.632856352,0.764803278,-0.345749707,1756822661,-0.158560375
-0.212961211,-0.813559684,10.30588694,0.752585956,0.669508319,-0.316428176,1756822661,-0.145113558
-0.430708068,-0.614955408,9.858429112,0.874759004,0.538783158,-0.278554549,1756822661,-0.127744761
-0.622133876,-0.172283227,9.769894676,0.917519588,0.38362337,-0.227241869,1756822661,-0.104212832
-0.748953474,0.354137745,10.01396258,0.908967509,0.295658793,-0.122173048,1756822661,-0.056028404
-0.887737185,0.763310409,10.1647104,0.877202447,0.212581103,-0.059864793,1756822661,-0.027453918
-1.040877831,1.189232832,9.992427178,0.85276789,0.196698607,0.012217305,1756822661,0.005602841
-1.215553881,1.6199409,9.705288466,0.805120401,0.175929189,0.157603231,1756822661,0.072276641
-1.258624688,2.100898243,9.707681288,0.735481729,0.22968533,0.254119939,1756822661,0.11653908
-1.409372511,2.572284295,10.0163554,0.724486138,0.223576677,0.344527994,1756822661,0.158000099
-1.617548078,3.034099057,10.41117113,0.67928211,0.238237443,0.390953752,1756822661,0.179290893
-2.005185339,3.632304707,10.48295581,0.596204472,0.324980324,0.459370659,1756822661,0.210666799
-2.455035988,4.400400761,10.42313525,0.403171057,0.360410491,0.485027017,1756822661,0.222432772
-2.840280426,5.087140848,10.73659501,0.227241869,0.38362337,0.41050144,1756822661,0.188255437
-2.938386153,5.50349198,11.00219831,0.014660766,0.241902634,0.364075699,1756822661,0.166964652
-2.852244539,5.749952708,11.22712364,-0.206472451,-0.019547688,0.312763002,1756822661,0.143432714
-2.467000101,5.867201015,11.15533896,-0.442266432,-0.483805251,0.331088942,1756822661,0.151836967
-1.840080579,5.721238837,10.33699363,-0.638965057,-0.933402084,0.448375102,1756822661,0.205624251
-0.796809926,5.233103026,8.810372813,-0.788016192,-1.524719652,0.667064858,1756822661,0.305915094
-0.313459761,4.934000201,8.178667647,-0.932180353,-1.794722105,0.729373112,1756822661,0.33448958
0.564706134,4.445864391,7.707281595,-0.96761052,-2.109928515,0.878424247,1756822661,0.402844241
1.26101751,3.639483175,7.769494982,-1.042136079,-2.23821032,0.940732502,1756822661,0.431418727
1.890329854,2.500499617,8.355736519,-0.971275764,-2.277305538,0.897971918,1756822661,0.411808778
2.419143649,1.466800254,8.901300072,-0.869872099,-2.222327771,0.777020583,1756822661,0.35634065
3.017349299,0.571884601,9.2219383,-0.846659185,-2.014633556,0.296880506,1756822661,0.136149022
3.682553981,0.047856452,9.346365076,-0.784350948,-1.781283,0.168598806,1756822661,0.077319198
4.42672181,-0.282353067,9.379864592,-0.720820964,-1.508837086,-0.112399204,1756822661,-0.051546132
4.919643266,-0.430708068,9.334400963,-0.714712346,-1.197295832,-0.346971438,1756822661,-0.159120659
5.338387221,-0.655633392,9.499505722,-0.599869646,-0.900415361,-0.345749707,1756822661,-0.158560375
5.539384319,-0.885344362,9.741180805,-0.474031425,-0.533896218,-0.461814103,1756822661,-0.211787359
5.716453191,-1.294517027,10.15513911,-0.309097793,-0.164933614,-0.525344105,1756822661,-0.240922137
5.735595772,-1.61036961,10.4709917,-0.164933614,0.108734012,-0.630412908,1756822661,-0.289106557
5.527420206,-1.799402595,10.68873855,-0.092851516,0.348193203,-0.635299883,1756822661,-0.291347717
5.166103993,-2.108076711,10.78205864,0.009773844,0.548556984,-0.73670346,1756822661,-0.337851268
4.816751894,-2.380858487,10.84427202,0.036651914,0.709825372,-0.800233427,1756822661,-0.36698603
4.505684956,-2.514856553,11.08833993,0.062308254,0.847880986,-0.841772298,1756822661,-0.386035704
4.302295035,-2.586641231,11.17687436,0.057421332,0.866206925,-0.838107107,1756822661,-0.384354852
3.862015676,-2.227717841,11.37308582,-0.006108652,0.75747293,-0.83322022,1756822661,-0.382113731
4.048655839,-2.876172765,10.5451692,0.207694181,0.703716754,-0.769690165,1756822661,-0.352978929
3.527020512,-2.813959378,10.01874823,0.114842665,0.535117949,-0.753807686,1756822661,-0.345695245
3.1657043,-2.916850749,9.568897577,0.053756141,0.210137642,-0.580321976,1756822661,-0.266134919
3.005385186,-3.117847848,9.315258382,0.020769418,-0.161268423,-0.65973444,1756822661,-0.302553374
2.98145696,-3.158525832,9.025726847,0.131946891,-0.486248747,-0.632856352,1756822661,-0.290227117
3.053241638,-2.876172765,8.819944104,0.180816111,-0.773355409,-0.532674488,1756822661,-0.244283842
3.318844946,-2.356930261,8.824729749,0.244346095,-0.96761052,-0.51190507,1756822661,-0.234759013
3.716053498,-1.641476304,8.91804983,0.232128791,-1.150870144,-0.474031425,1756822661,-0.217390208
4.149154388,-0.904486943,8.812765636,0.239459173,-1.298699566,-0.30054568,1756822661,-0.137829866
4.654039957,-0.162711937,8.628518296,0.167377075,-1.418429031,-0.208915911,1756822661,-0.095808571
5.338387221,0.313459761,8.528019746,0.263893783,-1.459967954,0.003665191,1756822661,0.001680852
5.845665612,0.873380249,8.444270955,0.194255146,-1.403768317,0.10384709,1756822661,0.047624143
6.204589002,1.282552914,8.164310711,0.207694181,-1.310916819,0.215024564,1756822661,0.098609991
6.226124405,1.49072848,7.78624474,0.158824962,-1.174082935,0.375071256,1756822661,0.1720072
6.21176747,1.80418824,7.563712239,0.056199602,-0.874759004,0.419053553,1756822661,0.192177426
6.027520129,1.990828403,7.135396993,-0.021991149,-0.503352956,0.438601224,1756822661,0.201141963
5.793023515,2.242074776,6.623332957,-0.081855942,-0.07574729,0.474031425,1756822661,0.217390208
5.417350366,2.713460828,6.271588035,-0.105068821,0.337197611,0.465479312,1756822661,0.21346822
5.010570524,2.928814862,6.266802389,-0.085521133,0.665843145,0.423940493,1756822661,0.19441857
4.570291166,2.732603409,6.977470702,-0.112399204,0.965167059,0.439822989,1756822661,0.201702262
4.146761566,2.021935097,8.075776275,-0.138055544,1.264490991,0.491135634,1756822661,0.225234176
3.436093254,1.66540453,9.032905315,-0.182037841,1.524719652,0.516792009,1756822661,0.237000157
3.043670347,1.471585899,10.143175,-0.138055544,1.678657675,0.536339679,1756822661,0.245964694
2.538784779,1.725225095,11.60997526,-0.15271631,1.733635581,0.588874125,1756822661,0.270056924
1.933400661,2.261217357,13.15813148,-0.221133216,1.772730921,0.585208881,1756822661,0.268376047
1.083948638,2.569891472,13.49073382,-0.263893783,1.7898352,0.555887367,1756822661,0.254929238
0.411565487,2.519642198,12.98106261,-0.339641055,1.794722105,0.458148929,1756822661,0.210106515
0.107677017,1.964507355,12.26800147,-0.30665435,1.700648858,0.291993584,1756822661,0.133907886
-0.078963146,1.256231865,11.80379389,-0.048869219,1.271821478,0.1282817,1756822661,0.058829824
-0.346959277,0.564706134,11.97368429,0.009773844,1.20584791,0.10384709,1756822661,0.047624143
-0.624526699,0.172283227,12.08853978,0.155159771,0.939510771,0.028099801,1756822661,0.012886533
-0.689132909,-0.040677984,12.17707421,0.07819075,0.712268885,0.063529985,1756822661,0.02913477
-0.605384118,-0.12921242,12.36371437,0.260228591,0.450818546,0.006108652,1756822661,0.00280142
-0.516849682,-0.122033953,12.34696462,0.142942466,0.213802833,0.047647489,1756822661,0.021851078
-0.380458793,-0.145962179,11.76790155,0.100181899,0.091629786,0.139277274,1756822661,0.06387238
-0.155533469,-0.23928226,10.63609646,0,-0.023212879,0.223576677,1756822661,0.102531979
0.081355968,-0.509671214,9.638289433,-0.062308254,-0.043982297,0.3775147,1756822661,0.173127761
0.3493521,-0.744167829,8.874979023,-0.072082098,-0.065973446,0.412944901,1756822661,0.189376006
0.514456859,-0.899701298,8.812765636,-0.108734012,0.007330383,0.469144485,1756822661,0.215149063
0.552742021,-1.014556782,9.159724913,-0.07574729,0.118507856,0.497244304,1756822661,0.228035604
0.550349198,-0.973878798,9.705288466,-0.046425758,0.344527994,0.520457183,1756822661,0.238681001
0.241675083,-0.775274522,10.03789081,-0.140499005,0.596204472,0.551000445,1756822661,0.252688102
-0.033499516,-0.406779842,9.944570726,-0.141720735,0.830776689,0.426383936,1756822661,0.19553913
-0.449850649,-0.179461695,9.253044994,-0.223576677,1.087340107,0.328645498,1756822661,0.150716407
-0.851844846,-0.334995164,7.65703232,-0.106290551,1.260825817,0.304210889,1756822661,0.139510726
-1.253839042,-0.514456859,5.592026416,0.079412481,1.295034253,0.223576677,1756822661,0.102531979
-1.639083481,-0.332602341,3.974478339,0.250454748,1.153313605,0.285884914,1756822661,0.131106457
-1.947757596,-0.052642097,3.603590836,0.296880506,0.988379973,0.119729587,1756822661,0.054907836
-2.112862356,-0.100498549,5.029713105,0.290771853,0.857654777,0.135612083,1756822661,0.062191529
-2.129612114,-0.509671214,7.925028451,0.23090706,0.785572661,0.006108652,1756822661,0.00280142
-2.184647034,-0.878165894,11.89950679,0.22968533,0.834441933,-0.226020138,1756822661,-0.103652547
-2.191825502,-0.904486943,15.37388521,0.238237443,0.877202447,-0.431270841,1756822661,-0.197780258
-2.270788647,-0.497707101,16.46740513,0.211359372,0.745255608,-0.626747734,1756822661,-0.287425712
-2.129612114,-0.023928226,15.67059521,0.039095375,0.438601224,-0.864985195,1756822661,-0.396681109
-1.505085415,0.083748791,14.1344031,-0.05253441,-0.032986723,-0.822224628,1756822661,-0.377071167
-0.631705166,0.071784678,12.73220905,-0.072082098,-0.682947354,-0.816115923,1756822662,-0.374269723
0.332602341,-0.215354034,11.92582784,-0.064751715,-1.314581993,-0.7550294,1756822662,-0.346255521
1.38065864,-0.483350165,11.52383364,0.119729587,-1.857030359,-0.734260016,1756822662,-0.336730708
2.378465664,-0.619741053,11.62911784,0.238237443,-2.311514096,-0.73670346,1756822662,-0.337851268
3.227917687,-0.332602341,11.93061348,0.387288578,-2.607172924,-0.678060379,1756822662,-0.310957626
3.854837209,0.241675083,11.84925752,0.342084533,-2.769663025,-0.607200064,1756822662,-0.278461176
4.338187374,0.90209412,11.22473082,0.180816111,-2.748893572,-0.544891775,1756822662,-0.249886674
4.706682054,1.289731381,10.62173952,-0.023212879,-2.554638339,-0.499687747,1756822662,-0.229156164
4.924428911,1.66540453,9.576076045,-0.279776297,-2.158797787,-0.456927198,1756822662,-0.209546231
5.01535617,2.038684855,7.941778209,-0.419053553,-1.673770788,-0.362853969,1756822662,-0.166404368
4.989035121,2.275574293,6.135197146,-0.537561392,-1.242499929,-0.311541271,1756822662,-0.14287243
4.768895442,2.543570424,4.833501652,-0.618195586,-0.790459636,-0.189368224,1756822662,-0.086844026
4.599005037,2.483749859,4.685146651,-0.67928211,-0.411723171,-0.059864793,1756822662,-0.027453918
4.378865358,2.462214455,4.984249476,-0.554665654,-0.073303829,0.02565634,1756822662,0.011765965
4.108476404,2.438286229,5.137390122,-0.403171057,0.124616509,0.090408055,1756822662,0.041461019
3.759124305,2.189432679,5.213960445,-0.277332818,0.259006861,0.134390352,1756822662,0.061631244
4.584648102,0.815952507,5.690132143,0.164933614,0.498466017,0.030543262,1756822662,0.014007101
3.64426882,1.871187273,5.824130208,0.425162223,0.585208881,0.403171057,1756822662,0.184893733
2.962314379,2.072184372,6.862615217,0.224798408,0.423940493,0.438601224,1756822662,0.201141963
2.548356069,1.505085415,7.793423208,0.197920337,0.233350521,0.60231309,1756822662,0.276220016
1.97886429,0.875773072,7.544569658,0.168598806,0.041538836,0.81367248,1756822662,0.373149163
1.495514125,0.220139679,6.575476505,0.164933614,-0.118507856,0.807563845,1756822662,0.370347751
1.438086383,-0.59820565,6.029912952,0.250454748,-0.221133216,0.885754595,1756822662,0.406205929
1.646261949,-1.404586866,6.599404731,0.368962586,-0.328645498,0.79412481,1756822662,0.364184626
2.103291065,-2.069791549,8.690731683,0.50701813,-0.384845083,0.735481729,1756822662,0.337290984
2.933600508,-2.732603409,12.112468,0.58276542,-0.411723171,0.670730032,1756822662,0.307595938
3.996013742,-3.146561719,15.88594924,0.64018677,-0.470366251,0.587652324,1756822662,0.269496607
5.43888577,-3.369094221,18.24766515,0.514348513,-0.632856352,0.667064858,1756822662,0.305915094
6.187839244,-3.259024381,18.28116466,0.318871654,-0.753807686,0.770911896,1756822662,0.353539213
5.781059402,-2.99102825,17.98924031,0.219911486,-0.638965057,0.797789984,1756822662,0.36586547
4.998606411,-2.68713978,18.06581063,0.006108652,-0.1282817,0.643851944,1756822662,0.295269681
4.429114633,-2.443071875,17.49631885,-0.15393804,0.463035868,0.459370659,1756822662,0.210666799
3.744767369,-2.474178568,16.28794344,-0.310319558,0.96761052,0.283441471,1756822662,0.129985898
3.098705267,-2.45742881,14.94078431,-0.452040276,1.251052008,0.194255146,1756822662,0.089085162
2.330609212,-2.277967115,13.80897922,-0.504574687,1.390329352,0.109955743,1756822662,0.050425564
1.770688724,-1.852044692,12.31825074,-0.522900626,1.350012142,0.122173048,1756822662,0.056028404
1.182054364,-1.198804123,10.35613621,-0.494800843,1.248608564,0.113620934,1756822662,0.052106416
0.691525731,-0.648454925,8.075776275,-0.491135634,1.070235897,0.145385927,1756822662,0.066673801
0.36849468,-0.124426775,6.03709142,-0.526565835,0.908967509,0.213802833,1756822662,0.098049707
0.078963146,0.612562586,4.529613182,-0.526565835,0.758694643,0.215024564,1756822662,0.098609991
-0.11964113,1.06719888,3.613162126,-0.569326385,0.636521596,0.23090706,1756822662,0.105893684
-0.346959277,1.629512191,3.036491879,-0.592539299,0.58398715,0.184481302,1756822662,0.08460289
-0.397208552,1.825723644,2.790031152,-0.597426203,0.581543707,0.184481302,1756822662,0.08460289
-0.512064036,2.112862356,2.414358003,-0.485027017,0.581543707,0.142942466,1756822662,0.065553233
-0.753739119,2.246860421,2.060220259,-0.293215297,0.605978334,0.12950343,1756822662,0.059390108
-0.976271621,2.117648001,1.56490598,-0.065973446,0.626747734,0.087964594,1756822662,0.040340451
-1.14137638,1.820937999,1.246660575,0.240680904,0.646295405,0.069638637,1756822662,0.03193619
-1.134197912,1.756331788,2.067398726,0.554665654,0.6414085,0.096516708,1756822662,0.044262439
-1.229910816,2.330609212,4.955535605,0.883311152,0.643851944,0.109955743,1756822662,0.050425564
-1.579262916,3.242274623,8.492127407,1.067792436,0.762359817,0.028099801,1756822662,0.012886533
-1.813759531,3.826123337,11.66501017,1.038470905,0.966388789,-0.10262536,1756822662,-0.047063859
-2.191825502,3.902693661,14.51486189,0.963945346,1.165530857,-0.222354947,1756822662,-0.101971695
-2.586641231,3.881158257,17.3742849,0.838107107,1.270599748,-0.428827397,1756822662,-0.196659698
-3.1657043,3.467199947,19.75275056,0.67928211,1.260825817,-0.483805251,1756822662,-0.221872472
-4.185046727,2.251646067,19.75035774,0.630412908,1.048244766,-0.675616936,1756822662,-0.309837066
-5.091926493,0.722632425,18.41516273,0.580321976,0.684169084,-0.811229036,1756822662,-0.372028602
-4.651647134,-0.763310409,15.89073489,0.653625822,0.169820536,-0.933402084,1756822662,-0.428057007
-3.41455785,-1.42612227,17.16850216,0.619417386,-0.529009279,-0.952949737,1756822662,-0.437021535
-1.600798319,-2.038684855,19.07797459,0.483805251,-1.306029914,-0.87109383,1756822662,-0.399482521
-0.138783711,-2.797209619,18.9415837,0.267558974,-2.272418634,-0.636521596,1756822662,-0.291907993
1.256231865,-3.550948738,17.16850216,0.07696902,-3.292563529,-0.411723171,1756822662,-0.188815722
2.801995265,-3.811766402,14.90489198,-0.007330383,-3.999945458,-0.20525072,1756822662,-0.094127719
4.019941968,-3.474378415,12.3350005,-0.072082098,-4.630358296,-0.019547688,1756822662,-0.008964545
4.878965281,-2.86181583,10.06181903,-0.130725161,-4.960225944,0.182037841,1756822662,0.083482322
5.347958511,-1.983649935,7.917849983,-0.196698607,-5.01520371,0.321315115,1756822662,0.147354702
5.903093354,-1.189232832,5.970092387,-0.217468025,-4.758640101,0.41050144,1756822662,0.188255437
6.348158358,-0.425922423,4.141975921,-0.211359372,-4.324925939,0.432492606,1756822662,0.198340558
6.573083682,-0.007178468,2.653640263,-0.322536846,-3.707951944,0.478918364,1756822662,0.219631352
6.482156423,0.512064036,0.72741807,-0.43493605,-2.377487525,0.543670062,1756822662,0.249326398
6.321837309,0.485742988,0.540777908,-0.477696634,-2.19300624,0.565661211,1756822662,0.259411511
6.096911985,0.177068872,0.136390888,-0.520457183,-1.35978609,0.646295405,1756822662,0.296390249
6.34097989,-0.555134843,0.007178468,-0.378736465,-0.350636647,0.631634639,1756822662,0.289666841
5.838487144,-0.244067905,-0.114855485,-0.168598806,0.665843145,0.741590434,1756822662,0.340092428
4.835894475,0.212961211,0.241675083,-0.23090706,1.422094327,0.570548115,1756822662,0.261652639
4.211367776,-0.014356936,1.01216396,-0.140499005,2.050063722,0.518013722,1756822662,0.237560433
3.531806158,-0.325423874,1.775474369,0.089186325,2.585181601,0.397062405,1756822662,0.182092313
3.031706234,-0.959521863,2.474178568,0.393397231,2.988352763,0.199142068,1756822662,0.091326299
2.794816797,-1.378265818,3.582055432,0.946841119,3.207042501,0.05009095,1756822662,0.022971646
2.904886636,-1.263410333,5.838487144,1.478293824,3.158173229,-0.150272849,1756822662,-0.068914937
2.725424941,0.267996131,10.25085202,1.759291938,2.886949186,-0.151494579,1756822662,-0.069475221
2.395215423,2.15354034,15.91227029,1.772730921,2.517986582,-0.046425758,1756822662,-0.021290793
2.251646067,3.65384011,18.83869233,1.422094327,1.88513016,-0.069638637,1756822662,-0.03193619
3.163311477,4.127618985,18.7190512,1.121548612,0.976162651,0.100181899,1756822662,0.045943291
4.716253345,3.869194144,18.61855265,0.731816555,-0.125838239,0.35796703,1756822662,0.164163224
5.1349973,3.716053498,18.95354781,0.307876063,-0.819781167,0.426383936,1756822662,0.19553913
4.811966249,2.75174599,20.28395718,-0.17837265,-0.773355409,0.331088942,1756822662,0.151836967
5.259424075,1.313659607,20.11167395,-0.668286588,-0.326202055,0.237015712,1756822662,0.108695104
5.62313311,-0.631705166,18.72383684,-0.962723615,0.114842665,0.123394778,1756822662,0.056588688
5.233103026,-2.797209619,16.98425481,-1.077566315,0.60231309,0.040317106,1756822662,0.018489373
4.752145684,-4.455435681,15.1298173,-1.123992073,1.097113985,0.05253441,1756822662,0.024092214
3.797409466,-5.168496816,13.22034487,-0.993266877,1.521054478,0.086742864,1756822662,0.039780167
2.450250342,-4.965106895,11.22473082,-0.908967509,1.863138977,0.112399204,1756822662,0.051546132
1.304088317,-4.7856452,9.291330156,-0.682947354,2.120924055,0.086742864,1756822662,0.039780167
0.236889437,-3.821337692,7.355536672,-0.444709893,2.228436389,0.008552113,1756822662,0.003921988
-0.504885569,-2.428714939,5.721238837,-0.150272849,2.188119336,-0.009773844,1756822662,-0.004482272
-0.937986459,-1.406979689,4.778466732,0.046425758,1.953547032,-0.150272849,1756822662,-0.068914937
-1.31605243,-0.60777694,4.254438583,0.138055544,1.645670969,-0.206472451,1756822662,-0.094688003
-1.466800254,0,3.646661642,0.085521133,1.309695088,-0.257785131,1756822662,-0.118219933
-1.428515092,0.205782744,2.493321149,0.079412481,0.929736893,-0.268780705,1756822662,-0.123262489
-1.363908882,0.325423874,1.263410333,0.059864793,0.597426203,-0.246789556,1756822662,-0.113177376
-1.347159124,0.437886536,0.179461695,0.122173048,0.278554549,-0.185703032,1756822662,-0.085163174
-1.318445253,0.873380249,-0.514456859,0.175929189,0.057421332,-0.130725161,1756822662,-0.059950392
-1.134197912,1.239482107,-0.332602341,0.208915911,-0.092851516,-0.124616509,1756822662,-0.057148972
-0.746560651,1.588834206,0.973878798,0.17837265,-0.234572251,-0.122173048,1756822662,-0.056028404
-0.308674115,1.981257113,3.519842045,0.118507856,-0.270002435,-0.111177473,1756822662,-0.050985847
0.057427742,2.306680986,5.601597707,0.194255146,-0.207694181,-0.156381501,1756822662,-0.071716357
0.189032985,2.679961312,7.733602643,0.283441471,-0.10140363,-0.17959438,1756822662,-0.082361754
0.267996131,3.019742121,10.54756202,0.472809694,0.123394778,-0.138055544,1756822662,-0.063312097
0.270388954,3.823730515,15.21356609,0.547335271,0.43004911,0.02443461,1756822662,0.011205681
0.062213388,4.783252377,18.01077571,0.607200064,0.739146903,0.112399204,1756822662,0.051546132
-0.392422906,5.386243673,18.60898136,0.629191178,0.952949737,0.084299403,1756822662,0.038659599
-0.729810893,4.259224228,18.76930047,0.566882941,1.066570723,0.062308254,1756822662,0.028574486
-1.797009773,1.78504566,18.86262056,0.691499432,1.067792436,-0.068416907,1756822662,-0.031375906
-2.617747924,-0.516849682,17.7451724,0.955393267,0.992045147,-0.118507856,1756822662,-0.054347552
-2.593819698,-0.622133876,19.48954008,0.976162651,0.614530412,-0.218689755,1756822662,-0.100290843
-3.125026316,-0.811166861,23.17209406,0.913854414,0.403171057,-0.097738438,1756822662,-0.044822723
-2.857030184,-0.483350165,23.1027022,0.818559454,0.041538836,0.019547688,1756822662,0.008964545
-2.562713005,-0.23928226,20.62373799,0.409279727,-0.711047172,0.006108652,1756822662,0.00280142
-1.557727513,-0.53359944,17.11825288,-0.174707458,-1.562593262,-0.045204028,1756822662,-0.02073051
-0.23928226,-1.158126138,14.20379495,-0.635299883,-2.386039743,-0.057421332,1756822662,-0.02633335
0.897308475,-1.813759531,11.70808098,-0.83322022,-3.007900363,-0.05253441,1756822662,-0.024092214
2.151147517,-2.610569457,9.38704306,-1.018923235,-3.506366363,-0.032986723,1756822662,-0.015127669
3.168097122,-2.352144616,7.12343288,-0.968832233,-3.811798982,0.061086524,1756822662,0.028014202
3.907479306,-1.78504566,5.170889639,-0.838107107,-3.947411134,0.201585529,1756822662,0.092446867
4.476971085,-1.036092186,3.440878899,-0.682947354,-3.88510302,0.337197611,1756822662,0.154638395
4.871786814,-0.564706134,2.416750826,-0.527787566,-3.681073995,0.48747046,1756822663,0.223553332
5.15413988,-0.547956375,1.746760498,-0.448375102,-3.288898477,0.559552576,1756822663,0.256610099
5.379065205,-0.59820565,1.26101751,-0.316428176,-2.819753905,0.625526004,1756822663,0.286865429
5.38385085,-0.466600407,0.789631458,-0.233350521,-2.294409957,0.657290996,1756822663,0.301432813
5.192425042,-0.222532502,0.236889437,-0.193033415,-1.670105596,0.605978334,1756822663,0.277900892
4.855037055,0.083748791,-0.232103792,-0.216246294,-1.042136079,0.635299883,1756822663,0.291347717
4.376472535,0.526420972,-0.473778875,-0.313984732,-0.390953752,0.597426203,1756822663,0.273978896
3.919443419,0.624526699,-0.356530567,-0.393397231,0.304210889,0.592539299,1756822663,0.271737768
3.347558817,0.380458793,0.074177501,-0.480140077,0.985936529,0.477696634,1756822663,0.219071068
3.014956476,-0.330209519,0.665204683,-0.362853969,1.643227526,0.302989176,1756822663,0.13895045
2.720639296,-1.277767268,1.629512191,-0.083077672,2.188119336,0.120951317,1756822663,0.05546812
2.711068006,-1.954936064,3.450450189,0.309097793,2.614503272,-0.043982297,1756822663,-0.020170225
3.242274623,-2.234896308,7.396214657,0.8906415,2.933374996,-0.183259571,1756822663,-0.084042606
3.582055432,-1.095912751,13.87597826,1.323134071,3.196046839,-0.427605667,1756822663,-0.196099414
3.012563653,0.859023313,18.64008805,1.282817,3.368311011,-0.50701813,1756822663,-0.232517869
2.423929294,2.519642198,18.97747604,1.16675257,3.3023376,-0.570548115,1756822663,-0.261652639
2.428714939,3.04606317,19.20000854,0.966388789,2.819753905,-0.460592372,1756822663,-0.211227075
2.830709136,2.88095841,18.53241104,0.857654777,1.937664483,-0.273667627,1756822663,-0.125503625
2.842673249,2.600998166,19.67139459,0.766024991,1.034805731,0.02565634,1756822663,0.011765965
1.92382937,1.488335657,21.32004937,0.471587964,0.712268885,0.184481302,1756822663,0.08460289
2.222932195,0.390030084,22.98306107,0.194255146,0.619417386,0.161268423,1756822663,0.073957493
2.32821639,-0.997807024,21.83450623,-0.147829388,0.492357365,0.22968533,1756822663,0.1053334
2.148754695,-2.600998166,19.50150419,-0.398284135,0.295658793,0.350636647,1756822663,0.16080152
1.792224127,-4.185046727,16.8454711,-0.75747293,0.177150919,0.399505848,1756822663,0.183212873
1.320838075,-5.37427956,14.11765334,-0.982271286,0.196698607,0.399505848,1756822663,0.183212873
0.851844846,-5.737988595,11.97129147,-1.032362287,0.315206445,0.348193203,1756822663,0.159680959
0.440279358,-5.170889639,9.903892741,-1.040914348,0.472809694,0.293215297,1756822663,0.134468162
0.033499516,-4.12283334,8.221738454,-0.847880986,0.570548115,0.166155345,1756822663,0.07619863
-0.342173632,-2.758924458,6.630511425,-0.671951762,0.638965057,0.080634211,1756822663,0.036978746
-0.689132909,-1.526620819,5.197210687,-0.442266432,0.689055989,0.043982297,1756822663,0.020170225
-0.923629524,-0.722632425,3.907479306,-0.305432619,0.607200064,-0.097738438,1756822663,-0.044822723
-1.057627589,-0.224925324,2.699103893,-0.263893783,0.496022573,-0.108734012,1756822663,-0.049865279
-0.990628556,-0.019142581,1.579262916,-0.155159771,0.338419325,-0.166155345,1756822663,-0.07619863
-0.914058233,0.038285162,0.418743955,-0.081855942,0.173485728,-0.147829388,1756822663,-0.067794369
-0.904486943,0.30388847,-0.636490812,0.018325957,0.028099801,-0.138055544,1756822663,-0.063312097
-0.937986459,0.720239603,-1.287338559,0.116064395,-0.112399204,-0.105068821,1756822663,-0.048184427
-0.808774039,1.237089284,-1.313659607,0.092851516,-0.188146493,-0.120951317,1756822663,-0.05546812
-0.59820565,1.734796385,-0.382851616,0.073303829,-0.240680904,-0.098960169,1756822663,-0.045383007
-0.177068872,1.966900177,1.708475336,-0.008552113,-0.266337244,-0.118507856,1756822663,-0.054347552
0.344566454,2.005185339,4.335794551,-0.029321531,-0.149051118,-0.140499005,1756822663,-0.064432665
0.643669279,2.297109696,7.082754896,0.083077672,-0.00122173,-0.177150919,1756822663,-0.081241186
0.674775973,2.648854618,9.590432981,0.296880506,0.239459173,-0.200363798,1756822663,-0.091886583
0.583848714,3.507877932,13.38066398,0.370184317,0.467922755,-0.15393804,1756822663,-0.070595789
0.193818631,4.189832373,16.63968836,0.477696634,0.71837752,-0.032986723,1756822663,-0.015127669
-0.461814762,4.563112698,17.63270974,0.610865238,0.985936529,0.053756141,1756822663,0.024652498
-0.904486943,4.055834307,17.81695708,0.558330828,1.171639475,0.047647489,1756822663,0.021851078
-1.758724611,1.713260982,18.45584071,0.598647916,1.262047547,0.233350521,1756822663,0.107014252
-2.940778975,-1.217946703,19.62353814,0.932180353,1.219287033,0.113620934,1756822663,0.052106416
-3.766302772,-2.828316313,18.76930047,1.286482174,1.050688227,0.064751715,1756822663,0.029695054
-3.969692693,-2.92642204,21.44926179,1.351233872,0.819781167,0,1756822663,0
-4.280759631,-2.541177601,23.7272289,1.22417392,0.376292969,-0.087964594,1756822663,-0.040340451
-4.043870194,-2.407179536,22.98066825,0.827111515,-0.415388345,-0.083077672,1756822663,-0.038099315
-3.062812928,-2.553141714,20.05903186,0.318871654,-1.4172073,-0.145385927,1756822663,-0.066673801
-1.586441384,-2.852244539,16.53679699,-0.155159771,-2.432465291,-0.259006861,1756822663,-0.118780217
-0.06460621,-3.184846881,13.97647681,-0.491135634,-3.210707814,-0.265115513,1756822663,-0.121581637
1.574477271,-3.132204783,11.43290638,-0.692721163,-3.88510302,-0.17959438,1756822663,-0.082361754
2.919243572,-2.691925425,8.805587168,-0.801455158,-4.375016801,-0.095294977,1756822663,-0.043702155
3.857230031,-1.909472435,6.393621987,-0.740368634,-4.676784107,0.039095375,1756822663,0.017929089
4.596612215,-1.256231865,4.285545277,-0.685390797,-4.756196919,0.295658793,1756822663,0.135588746
5.151747058,-0.595812827,2.739781877,-0.632856352,-4.64990642,0.419053553,1756822663,0.192177426
5.620740287,-0.265603309,1.701296869,-0.450818546,-4.309043373,0.576656802,1756822663,0.264454075
5.986842145,-0.179461695,0.937986459,-0.322536846,-3.813020834,0.667064858,1756822663,0.305915094
6.147161259,-0.031106694,0.392422906,-0.23090706,-3.218038162,0.687834258,1756822663,0.315439914
6.123233033,0.306281293,-0.136390888,-0.131946891,-2.543642939,0.682947354,1756822663,0.313198787
5.879165128,0.686740086,-0.557527666,-0.151494579,-1.811826262,0.634078152,1756822663,0.290787433
5.419743189,1.239482107,-0.799202748,-0.279776297,-1.067792436,0.594982742,1756822663,0.272858328
4.929214556,1.653440417,-0.744167829,-0.458148929,-0.222354947,0.504574687,1756822663,0.231397309
4.3621156,1.622333723,-0.406779842,-0.619417386,0.667064858,0.48747046,1756822663,0.223553332
3.94815729,1.048056299,0.083748791,-0.646295405,1.485624312,0.34086282,1756822663,0.156319255
3.440878899,0.102891372,0.705882667,-0.500909513,2.206445205,0.164933614,1756822663,0.075638345
3.029313412,-0.665204683,1.488335657,-0.1282817,2.789210643,-0.040317106,1756822663,-0.018489373
3.136990429,-1.658226062,3.550948738,0.394618961,3.219259753,-0.251676478,1756822663,-0.115418512
3.651447288,-1.797009773,7.879564822,0.994488608,3.481931858,-0.349414916,1756822663,-0.160241235
4.029513258,-0.387637261,14.99342641,1.552819453,3.710395387,-0.581543707,1756822663,-0.266695203
3.493520996,1.816152353,19.53739653,1.453859319,3.842342244,-0.648738848,1756822663,-0.297510809
2.833101958,2.952743088,19.21436548,1.164309127,3.668856743,-0.60353489,1756822663,-0.276780332
2.560320182,3.433700431,19.83410653,0.908967509,3.196046839,-0.557109097,1756822663,-0.255489522
3.170489945,3.409772205,18.57308902,0.667064858,2.178345405,-0.298102236,1756822663,-0.136709306
2.368894374,2.510070907,19.15693774,0.482583538,1.22539565,-0.029321531,1756822663,-0.013446817
1.49072848,0.815952507,21.513868,0.063529985,0.927293449,-0.010995574,1756822663,-0.005042556
1.777867192,-0.799202748,22.16232292,-0.240680904,0.713490616,-0.065973446,1756822663,-0.030255338
1.957328887,-2.146361872,20.42034807,-0.452040276,0.529009279,0.004886922,1756822663,0.002241136
1.871187273,-3.431307608,18.03709676,-0.612086969,0.272445896,0.117286126,1756822663,0.053787268
1.533799287,-4.48175673,15.46720529,-0.889419769,0.120951317,0.155159771,1756822663,0.071156073
1.088734283,-5.108676251,12.87577841,-1.069014167,0.113620934,0.149051118,1756822663,0.068354653
0.650847747,-5.161318348,10.5978113,-1.048244766,0.216246294,0.080634211,1756822663,0.036978746
0.153140646,-4.553541408,8.444270955,-1.028697044,0.367740873,-0.004886922,1756822663,-0.002241136
-0.315852583,-3.536591803,6.58026215,-0.81489421,0.498466017,-0.173485728,1756822663,-0.079560334
-0.696311377,-2.347358971,4.931607379,-0.691499432,0.544891775,-0.265115513,1756822663,-0.121581637
-1.024128073,-1.418943802,3.682553981,-0.537561392,0.580321976,-0.343306264,1756822663,-0.157439815
-1.20598259,-0.813559684,2.617747924,-0.408057962,0.481361808,-0.431270841,1756822663,-0.197780258
-1.241874929,-0.449850649,1.653440417,-0.289550123,0.390953752,-0.459370659,1756822663,-0.210666799
-1.232303639,-0.232103792,0.715453957,-0.096516708,0.260228591,-0.453261989,1756822663,-0.207865371
-1.301695494,0.117248307,-0.327816696,0.072082098,0.140499005,-0.427605667,1756822663,-0.196099414
-1.399801221,0.552742021,-1.14137638,0.174707458,0.02565634,-0.379958178,1756822663,-0.174248336
-1.222732349,1.01216396,-1.203589768,0.234572251,-0.116064395,-0.386066848,1756822663,-0.177049765
-0.906879765,1.344766301,-0.232103792,0.182037841,-0.180816111,-0.349414916,1756822663,-0.160241235
-0.4235296,1.562513158,1.933400661,0.172263997,-0.206472451,-0.333532438,1756822663,-0.152957551
0.090927259,1.689332756,4.742574393,0.138055544,-0.146607657,-0.276111088,1756822663,-0.126624193
0.397208552,2.110469533,7.264609414,0.234572251,-0.057421332,-0.272445896,1756822663,-0.124943341
0.442672181,2.478964214,9.961320484,0.335975881,0.105068821,-0.228463599,1756822663,-0.104773115
0.361316213,3.10109809,13.37109269,0.422718727,0.295658793,-0.136833813,1756822663,-0.062751812
0.143569356,3.656232933,16.0725894,0.502131226,0.521678896,-0.02443461,1756822663,-0.011205681
-0.193818631,3.826123337,17.65424514,0.520457183,0.708603641,0.032986723,1756822663,0.015127669
-0.399601374,2.957528734,18.74537225,0.543670062,0.902858822,0.068416907,1756822663,0.031375906
-1.038485008,0.646062102,19.37229177,0.768468452,0.984714729,0.113620934,1756822663,0.052106416
-2.105683888,-2.074577194,21.44686896,1.189965484,1.017701504,0.008552113,1756822663,0.003921988
-2.560320182,-3.438486076,20.59980976,1.463633128,0.935845527,-0.138055544,1756822663,-0.063312097
-2.868994297,-3.249453091,22.60020946,1.3976597,0.665843145,-0.15271631,1756822663,-0.070035505
-3.122633493,-2.768495748,23.59801648,1.126435517,0.228463599,-0.268780705,1756822663,-0.123262489
-2.746960345,-2.675175667,22.16710857,0.635299883,-0.597426203,-0.288328392,1756822663,-0.132227033
-2.02432792,-2.986242605,18.94636935,0.151494579,-1.565036705,-0.379958178,1756822663,-0.174248336
-0.65324057,-3.383451156,16.1036961,-0.200363798,-2.475226067,-0.43493605,1756822663,-0.199461118
1.148554848,-3.510270754,13.56012567,-0.49357913,-3.362202254,-0.405614518,1756822663,-0.186014301
2.538784779,-2.868994297,11.05723323,-0.629191178,-4.026823668,-0.302989176,1756822663,-0.13895045
3.684946804,-1.880758564,8.432306842,-0.70005158,-4.541172216,-0.167377075,1756822663,-0.076758913
4.472185439,-0.437886536,5.431707302,-0.713490616,-4.79529212,0.035430184,1756822663,0.016248237
4.821537539,0.210568389,3.823730515,-0.665843145,-4.774522667,0.208915911,1756822663,0.095808571
5.266602543,0.770488877,2.311466632,-0.569326385,-4.568050443,0.355523586,1756822663,0.163042664
5.73320295,0.859023313,1.136590735,-0.438601224,-4.114788157,0.422718727,1756822663,0.19385827
5.965306742,0.691525731,0.519242504,-0.283441471,-3.629761263,0.508239896,1756822663,0.233078169
6.10169763,0.681954441,0.086141614,-0.246789556,-2.954144205,0.557109097,1756822663,0.255489522
6.003591903,0.861416136,-0.270388954,-0.2565634,-2.26997519,0.531452775,1756822663,0.243723566
5.596812061,1.194018477,-0.643669279,-0.329867229,-1.496619834,0.533896218,1756822663,0.244844125
5.168496816,1.586441384,-0.914058233,-0.477696634,-0.711047172,0.447153372,1756822663,0.205063967
4.694717941,1.773081547,-0.71784678,-0.646295405,0.098960169,0.425162223,1756822664,0.194978854
4.280759631,1.536192109,-0.272781776,-0.780685774,0.923628205,0.315206445,1756822664,0.144553274
3.747160192,0.760917587,0.559920488,-0.712268885,1.842369523,0.107512282,1756822664,0.049304996
3.462414302,-0.016749758,1.299302672,-0.498466017,2.417804595,-0.098960169,1756822664,-0.045383007
3.235096155,-1.071984525,2.3928226,-0.131946891,2.823419201,-0.311541271,1756822664,-0.14287243
3.397808092,-1.749153321,4.383651003,0.419053553,3.215594701,-0.496022573,1756822664,-0.22747532
4.216153421,-1.476371544,10.00199847,1.149648431,3.386636758,-0.691499432,1756822664,-0.317120759
4.051048662,1.208375413,18.26441491,1.430646405,3.360980663,-0.726929668,1756822664,-0.33336902
3.330809059,2.333002035,19.17847314,1.197295832,3.24491611,-0.723264425,1756822664,-0.331688144
3.354737285,2.790031152,18.77887176,0.889419769,2.724459067,-0.686612528,1756822664,-0.314879631
4.144368743,2.490928327,18.20220152,0.708603641,1.82770881,-0.376292969,1756822664,-0.172567476
4.254438583,1.660618884,19.22393677,0.559552576,0.985936529,-0.032986723,1756822664,-0.015127669
2.833101958,0.22971097,21.36312017,0.219911486,0.768468452,0.037873645,1756822664,0.017368805
3.034099057,-0.806381216,21.71965074,-0.114842665,0.784350948,0.054977871,1756822664,0.025212782
3.029313412,-2.031506387,20.09253137,-0.419053553,0.702495024,0.003665191,1756822664,0.001680852
2.565105827,-3.500699464,18.11366708,-0.671951762,0.620639099,0.064751715,1756822664,0.029695054
1.775474369,-4.735395925,15.56052537,-0.971275764,0.636521596,0.149051118,1756822664,0.068354653
1.074377347,-5.278566656,13.14377454,-1.125213786,0.761138104,0.10140363,1756822664,0.046503576
0.30388847,-5.436492947,10.79402275,-1.144761387,0.899193631,0.074525559,1756822664,0.034177326
-0.418743955,-4.838287297,8.477770472,-1.028697044,1.017701504,-0.05253441,1756822664,-0.024092214
-1.057627589,-3.811766402,6.374479406,-0.827111515,1.067792436,-0.157603231,1756822664,-0.072276641
-1.428515092,-2.50289244,4.565505521,-0.636521596,1.023810139,-0.28099801,1756822664,-0.128865329
-1.622333723,-1.440479205,3.306880833,-0.491135634,0.873537273,-0.405614518,1756822664,-0.186014301
-1.713260982,-0.746560651,2.443071875,-0.323758559,0.663399614,-0.449596815,1756822664,-0.206184527
-1.708475336,-0.315852583,1.787438482,-0.172263997,0.394618961,-0.481361808,1756822664,-0.220751912
-1.698904046,0.047856452,0.909272588,-0.056199602,0.180816111,-0.486248747,1756822664,-0.222993056
-1.741974853,0.30388847,0.208175566,0.007330383,0.015882496,-0.431270841,1756822664,-0.197780258
-1.761117434,0.696311377,-0.643669279,0.112399204,-0.15393804,-0.350636647,1756822664,-0.16080152
-1.588834206,1.184447187,-1.019342428,0.123394778,-0.324980324,-0.370184317,1756822664,-0.169766056
-1.110269686,1.5457634,-0.461814762,0.124616509,-0.489913921,-0.331088942,1756822664,-0.151836967
-0.547956375,1.765903079,1.493121302,0.105068821,-0.579100246,-0.30665435,1756822664,-0.140631294
0.150747824,1.892722677,4.354937132,0.112399204,-0.631634639,-0.196698607,1756822664,-0.090205731
0.581455892,2.409572358,7.161718042,0.108734012,-0.520457183,-0.17959438,1756822664,-0.082361754
0.825523797,2.8163522,9.652646368,0.221133216,-0.326202055,-0.169820536,1756822664,-0.077879481
0.933200814,3.515056399,12.69870954,0.320093385,-0.147829388,-0.072082098,1756822664,-0.033056758
0.722632425,4.240081647,16.21376594,0.313984732,0.144164196,0.042760567,1756822664,0.019609942
0.538385085,4.419543342,17.90549152,0.312763002,0.456927198,0.067195176,1756822664,0.030815622
0.378065971,3.498306641,18.37687757,0.219911486,0.762359817,0.117286126,1756822664,0.053787268
0.050249275,0.758524764,18.58983878,0.428827397,0.938288971,0.112399204,1756822664,0.051546132
-0.571884601,-2.533999133,20.37967008,0.968832233,1.040914348,0.02443461,1756822664,0.011205681
-1.110269686,-4.560719876,20.10688831,1.429424692,1.017701504,-0.114842665,1756822664,-0.0526667
-1.605583965,-4.18743955,22.22214349,1.624901499,0.857654777,-0.113620934,1756822664,-0.052106416
-1.998006871,-3.337987527,23.98804656,1.437976753,0.5131268,-0.213802833,1756822664,-0.098049707
-1.847259047,-2.648854618,23.07638115,1.054353401,-0.22968533,-0.268780705,1756822664,-0.123262489
-1.464407431,-2.557927359,19.94656919,0.427605667,-1.170417761,-0.294437062,1756822664,-0.135028462
-0.337387987,-2.75174599,16.56790368,-0.087964594,-2.127032812,-0.366519143,1756822664,-0.168085212
1.050449121,-2.938386153,14.02672608,-0.518013722,-2.973692067,-0.344527994,1756822664,-0.158000099
2.478964214,-2.612962279,11.62433219,-0.79534654,-3.630982854,-0.249233017,1756822664,-0.114297944
3.491128173,-1.90468679,9.154939268,-0.860098238,-4.09646241,-0.130725161,1756822664,-0.059950392
4.235296002,-0.94755775,6.728617151,-0.867428656,-4.312708686,0.018325957,1756822664,0.008404261
4.790430845,-0.06460621,4.591826569,-0.805120401,-4.361577696,0.156381501,1756822664,0.071716357
5.149354235,0.524028149,2.916850749,-0.681725623,-4.168544316,0.279776297,1756822664,0.128305053
5.553741255,0.818345329,1.655833239,-0.590095838,-3.77026032,0.406836231,1756822664,0.186574577
5.869593838,0.760917587,0.799202748,-0.503352956,-3.28401159,0.516792009,1756822664,0.237000157
5.938985693,0.59820565,0.277567422,-0.433714319,-2.714684996,0.58276542,1756822664,0.267255479
5.781059402,0.571884601,-0.138783711,-0.404392788,-1.968207745,0.601091377,1756822664,0.27565974
5.407779076,0.715453957,-0.485742988,-0.398284135,-1.361007803,0.596204472,1756822664,0.273418611
4.833501652,0.988235734,-0.775274522,-0.475253155,-0.572991628,0.538783158,1756822664,0.24708527
4.275973986,1.138983558,-0.710668312,-0.601091377,0.151494579,0.48747046,1756822664,0.223553332
3.742374546,0.911665411,-0.24885355,-0.691499432,0.943175945,0.373849526,1756822664,0.171446916
3.270988494,0.327816696,0.385244439,-0.615752143,1.600466872,0.206472451,1756822664,0.094688003
2.909672282,-0.485742988,1.150947671,-0.412944901,2.213775553,0.073303829,1756822664,0.033617043
2.720639296,-1.323230898,2.199003969,-0.089186325,2.711019962,-0.199142068,1756822664,-0.091326299
2.749353167,-1.971685822,3.94815729,0.409279727,3.066543443,-0.464257581,1756822664,-0.212907935
3.311666478,-1.962114532,7.396214657,1.042136079,3.219259753,-0.576656802,1756822664,-0.264454075
3.59880519,-0.89252283,12.87577841,1.47462865,3.252246458,-0.695164676,1756822664,-0.318801635
3.328416237,1.143769203,17.91027716,1.549154279,3.152064734,-0.73670346,1756822664,-0.337851268
2.249253244,2.407179536,19.02772532,1.238834755,2.960252962,-0.785572661,1756822664,-0.360262622
2.907279459,1.911865257,18.9726904,1.067792436,2.417804595,-0.777020583,1756822664,-0.35634065
3.371487043,2.550748892,18.10648861,0.768468452,1.560149801,-0.438601224,1756822664,-0.201141963
4.235296002,2.435893407,19.41536258,0.56443948,0.636521596,-0.089186325,1756822664,-0.040900735
3.450450189,0.253639196,20.88216283,0.234572251,0.177150919,0.109955743,1756822664,0.050425564
3.806980757,-1.093519928,21.71725792,-0.1282817,0.15393804,0.139277274,1756822664,0.06387238
4.106083582,-2.531606311,20.33181363,-0.343306264,0.120951317,0.161268423,1756822664,0.073957493
3.582055432,-4.113262049,18.58026749,-0.649960648,0.118507856,0.207694181,1756822664,0.095248287
2.98145696,-5.197210687,16.2520511,-0.937067258,0.278554549,0.197920337,1756822664,0.090766014
2.108076711,-5.778666579,13.80419358,-1.117883438,0.541226601,0.162490153,1756822664,0.074517777
1.170090251,-5.79780916,11.32283654,-1.259604086,0.811229036,0.068416907,1756822664,0.031375906
0.370887503,-5.056034154,8.985048863,-1.155757048,1.02503187,-0.10140363,1756822664,-0.046503576
-0.3493521,-3.723231966,6.915257314,-0.985936529,1.126435517,-0.252898209,1756822664,-0.115978796
-0.868594604,-2.483749859,5.343172866,-0.714712346,1.132544134,-0.30054568,1756822664,-0.137829866
-1.217946703,-1.457228963,4.060619952,-0.497244304,1.027475313,-0.390953752,1756822664,-0.179290893
-1.406979689,-0.691525731,2.98145696,-0.398284135,0.849102716,-0.444709893,1756822664,-0.20394339
-1.466800254,-0.155533469,2.28275276,-0.208915911,0.64018677,-0.441044702,1756822664,-0.202262538
-1.514656706,0.311066938,1.866401628,-0.145385927,0.439822989,-0.444709893,1756822664,-0.20394339
-1.572084448,0.605384118,1.272981623,-0.07819075,0.277332818,-0.389732022,1756822664,-0.178730609
-1.622333723,1.081555815,0.081355968,-0.02687807,0.037873645,-0.327423768,1756822664,-0.150156123
-1.540977754,1.136590735,-0.849452023,0.046425758,-0.017104227,-0.278554549,1756822664,-0.127744761
-1.277767268,1.512263883,-1.031306541,0.096516708,-0.213802833,-0.284663184,1756822664,-0.130546174
-0.744167829,1.569691626,-0.035892339,0.083077672,-0.353080108,-0.194255146,1756822664,-0.089085162
-0.244067905,1.708475336,2.347358971,0.130725161,-0.442266432,-0.10140363,1756822664,-0.046503576
0.267996131,1.964507355,5.362315447,0.304210889,-0.43493605,-0.062308254,1756822664,-0.028574486
0.361316213,2.581855585,8.317451358,0.270002435,-0.309097793,-0.030543262,1756822664,-0.014007101
0.545563553,3.2398818,10.90409259,0.464257581,-0.112399204,0.02443461,1756822664,0.011205681
0.205782744,4.079762533,14.4095777,0.455705485,0.167377075,0.145385927,1756822664,0.066673801
0.138783711,4.390829471,17.17807345,0.483805251,0.515570278,0.161268423,1756822664,0.073957493
-0.050249275,4.106083582,18.34337805,0.382401639,0.85276789,0.171042267,1756822664,0.078439766
-0.234496615,2.017149452,18.32902112,0.370184317,1.07145761,0.250454748,1756822664,0.114858228
-0.823130974,-0.961914685,19.04926072,0.704938467,1.122770343,0.125838239,1756822664,0.057709256
-1.720439449,-3.603590836,20.04946057,1.291369079,1.114218194,0.061086524,1756822664,0.028014202
-2.096112598,-4.3621156,20.16431605,1.563814975,0.91018924,-0.096516708,1756822664,-0.044262439
-2.50289244,-4.048655839,22.90409793,1.483180851,0.632856352,-0.135612083,1756822664,-0.062191529
-2.766102926,-3.46959277,23.46880406,1.16675257,0.081855942,-0.199142068,1756822664,-0.091326299
-2.330609212,-3.46002148,21.42533356,0.65973444,-0.808785575,-0.30665435,1756822664,-0.140631294
-1.213161058,-3.993620919,18.41276991,0.086742864,-1.802052453,-0.313984732,1756822664,-0.143992998
0.473778875,-4.407579229,15.85484255,-0.279776297,-2.671924482,-0.346971438,1756822664,-0.159120659
1.92382937,-4.283152454,13.4356989,-0.56321775,-3.402519324,-0.215024564,1756822664,-0.098609991
3.227917687,-3.445664544,11.04048348,-0.671951762,-3.970624048,-0.105068821,1756822664,-0.048184427
3.912264951,-2.294716873,8.695517328,-0.67928211,-4.279721981,-0.003665191,1756822664,-0.001680852
4.31665197,-0.679561618,6.137589969,-0.62308256,-4.36402114,0.155159771,1756822664,0.071156073
4.716253345,0.945164927,3.493520996,-0.497244304,-4.240626501,0.334754151,1756822664,0.153517827
5.146961413,1.127019445,2.423929294,-0.411723171,-3.953519891,0.389732022,1756822664,0.178730609
6.070590936,0.672383151,1.593619852,-0.348193203,-3.5906658,0.458148929,1756822664,0.210106515
5.848058434,1.311266785,0.856630491,-0.248011287,-2.995683111,0.530231009,1756822664,0.243163265
5.919843112,1.287338559,0.457029117,-0.248011287,-2.401922029,0.532674488,1756822664,0.244283842
6.465406665,1.433300737,0.222532502,-0.244346095,-1.604132185,0.530231009,1756822664,0.243163265
5.508277625,1.409372511,-0.157926292,-0.268780705,-0.952949737,0.598647916,1756822664,0.274539172
4.878965281,1.476371544,-0.411565487,-0.394618961,-0.185703032,0.5131268,1756822664,0.235319297
4.146761566,2.031506387,-0.418743955,-0.450818546,0.572991628,0.439822989,1756822664,0.201702262
3.675375514,1.55533469,-0.217746857,-0.612086969,1.31946888,0.403171057,1756822664,0.184893733
3.058027283,1.01216396,0.198604276,-0.56321775,1.944994953,0.140499005,1756822664,0.064432665
2.495713972,0.337387987,0.832702265,-0.420275284,2.406808934,-0.010995574,1756822664,-0.005042556
2.141576227,-0.672383151,2.0434705,-0.072082098,2.783102147,-0.321315115,1756822664,-0.147354702
2.242074776,-1.048056299,3.871586967,0.376292969,2.96758331,-0.404392788,1756822664,-0.185454017
3.943371645,-1.718046627,8.54955515,0.770911896,2.792875939,-0.431270841,1756822665,-0.197780258
2.794816797,0.141176533,14.04108302,1.318247167,2.9492573,-0.610865238,1756822665,-0.28014202
2.416750826,1.792224127,18.8458708,1.33901662,2.943148805,-0.69882985,1756822665,-0.320482479
2.029113565,0.808774039,18.99901144,1.160643953,2.6609291,-0.669508319,1756822665,-0.307035662
1.866401628,2.445464697,18.62573112,1.038470905,2.113593689,-0.50701813,1756822665,-0.232517869
2.998206718,2.172682921,18.48694741,0.805120401,1.227839094,-0.290771853,1756822665,-0.133347601
3.940978822,1.689332756,19.89631992,0.711047172,0.35796703,0.091629786,1756822665,0.042021303
3.022134944,0.088534436,21.365513,0.337197611,0.140499005,0.172263997,1756822665,0.07900005
3.471985593,-1.160518961,21.77468566,0.006108652,0.232128791,0.135612083,1756822665,0.062191529
3.885943902,-2.56749865,20.24806484,-0.227241869,0.272445896,0.135612083,1756822665,0.062191529
3.448057367,-4.034298904,18.50848281,-0.560774306,0.342084533,0.133168622,1756822665,0.06107096
2.766102926,-5.115854719,16.53918981,-0.801455158,0.529009279,0.157603231,1756822665,0.072276641
1.591227029,-5.898307709,13.42852043,-1.001819026,0.900415361,0.164933614,1756822665,0.075638345
0.83748791,-5.577669481,11.75354461,-1.058018575,1.086118394,0.108734012,1756822665,0.049865279
0.004785645,-4.977071008,9.619146852,-0.938288971,1.238834755,0.053756141,1756822665,0.024652498
-0.760917587,-3.507877932,7.618747158,-0.681725623,1.303586453,-0.096516708,1756822665,-0.044262439
-1.296909849,-2.304288164,6.034698597,-0.494800843,1.222952207,-0.10140363,1756822665,-0.046503576
-1.708475336,-1.203589768,4.689932296,-0.392175465,1.076344515,-0.151494579,1756822665,-0.069475221
-1.818545176,-0.473778875,3.462414302,-0.30665435,0.739146903,-0.186924763,1756822665,-0.085723458
-1.993221226,0.026321049,2.603390989,-0.227241869,0.521678896,-0.226020138,1756822665,-0.103652547
-2.041077678,0.334995164,1.890329854,-0.141720735,0.259006861,-0.212581103,1756822665,-0.097489423
-2.021935097,0.473778875,1.208375413,-0.068416907,0.087964594,-0.164933614,1756822665,-0.075638345
-2.012363807,0.658026215,0.11006984,-0.013439035,-0.070860368,-0.125838239,1756822665,-0.057709256
-1.981257113,1.002592669,-0.875773072,0.085521133,-0.234572251,-0.138055544,1756822665,-0.063312097
-1.703689691,1.402194044,-1.222732349,0.1282817,-0.395840674,-0.177150919,1756822665,-0.081241186
-1.158126138,1.653440417,-0.36849468,0.151494579,-0.585208881,-0.107512282,1756822665,-0.049304996
-0.524028149,1.842473402,1.880758564,0.149051118,-0.668286588,-0.087964594,1756822665,-0.040340451
0.117248307,2.177468566,4.984249476,0.149051118,-0.733038286,-0.014660766,1756822665,-0.006723409
0.519242504,2.727817764,8.023134178,0.346971438,-0.594982742,0.012217305,1756822665,0.005602841
0.650847747,3.347558817,10.48534863,0.395840674,-0.448375102,0.043982297,1756822665,0.020170225
0.36849468,4.144368743,13.75633713,0.386066848,-0.185703032,0.083077672,1756822665,0.038099315
0.107677017,4.668396893,16.1467669,0.399505848,0.151494579,0.133168622,1756822665,0.06107096
-0.002392823,4.395615116,17.28575046,0.445931606,0.485027017,0.090408055,1756822665,0.041461019
-0.428315245,0.105284194,17.92702692,0.696386406,0.918741301,0.116064395,1756822665,0.053226984
-0.696311377,-0.770488877,18.30987854,0.830776689,0.96761052,0.089186325,1756822665,0.040900735
-1.636690658,-3.187239703,19.36032766,1.248608564,0.866206925,0.029321531,1756822665,0.013446817
-2.16311163,-3.684946804,20.14038782,1.503950182,0.702495024,-0.046425758,1756822665,-0.021290793
-2.536391956,-3.326023414,22.79163527,1.472185189,0.427605667,-0.067195176,1756822665,-0.030815622
-2.701496715,-2.842673249,23.39941221,1.203404467,-0.05253441,-0.120951317,1756822665,-0.05546812
-1.890329854,-2.890529701,21.83450623,0.768468452,-0.85154616,-0.218689755,1756822665,-0.100290843
-1.014556782,-2.976671314,18.65923063,0.287106679,-1.743409372,-0.218689755,1756822665,-0.100290843
0.361316213,-3.00059954,15.64188134,-0.239459173,-2.717128457,-0.212581103,1756822665,-0.097489423
1.550549045,-2.254038889,13.37827116,-0.554665654,-3.457497353,-0.190589954,1756822665,-0.08740431
3.00059954,-1.598405497,11.30130114,-0.817337724,-4.118453453,-0.119729587,1756822665,-0.054907836
5.668596739,-3.637090352,9.798608547,-0.673173492,-4.243069962,0.112399204,1756822665,0.051546132
6.017948839,-2.600998166,6.807580297,-0.702495024,-4.383569019,0.317649941,1756822665,0.145673858
4.847858588,0.370887503,4.022334791,-0.662177901,-4.331034434,0.453261989,1756822665,0.207865371
5.185246574,0.976271621,2.620140747,-0.549778714,-4.052480025,0.510683339,1756822665,0.234198729
5.840879967,1.275374446,1.639083481,-0.467922755,-3.591887653,0.691499432,1756822665,0.317120759
7.925028451,-0.46899323,0.863808959,-0.382401639,-3.183829587,0.664621414,1756822665,0.304794534
6.118447388,0.47856452,0.497707101,-0.249233017,-2.338392062,0.735481729,1756822665,0.337290984
5.910271822,0.949950572,0.081355968,-0.310319558,-1.624901499,0.69882985,1756822665,0.320482479
5.376672382,1.146162025,-0.258424841,-0.398284135,-0.923628205,0.728151381,1756822665,0.333929296
4.857429878,1.265803155,-0.394815729,-0.518013722,-0.171042267,0.693942876,1756822665,0.318241319
4.31665197,1.074377347,-0.253639196,-0.668286588,0.692721163,0.624304273,1756822665,0.286305144
3.493520996,0.899701298,0.136390888,-0.687834258,1.290147348,0.54611354,1756822665,0.250446974
2.983849782,0.411565487,0.667597505,-0.619417386,1.964542571,0.295658793,1756822665,0.135588746
2.498106794,-0.287138712,1.416550979,-0.345749707,2.481334563,0.119729587,1756822665,0.054907836
2.184647034,-0.873380249,2.330609212,0,2.891836073,-0.130725161,1756822665,-0.059950392
2.155933163,-1.404586866,4.374079713,0.56321775,2.996904981,-0.386066848,1756822665,-0.177049765
2.557927359,-1.14137638,8.197810228,1.187522041,3.117856158,-0.527787566,1756822665,-0.242042705
2.562713005,0.17467605,13.93579882,1.599245141,3.082426009,-0.591317568,1756822665,-0.271177483
2.053041791,1.885544209,18.15913071,1.605353898,2.973692067,-0.656069266,1756822665,-0.30087253
1.560120335,2.545963246,18.72862249,1.352455602,2.667037595,-0.652404092,1756822665,-0.299191686
1.734796385,2.775674216,18.85544209,1.164309127,2.073276636,-0.496022573,1756822665,-0.22747532
3.012563653,2.959921556,18.6448737,0.893084943,1.106887777,-0.227241869,1756822665,-0.104212832
3.907479306,2.543570424,19.67618024,0.673173492,0.15271631,0.219911486,1756822665,0.100851127
2.859423007,0.777667345,21.05683888,0.284663184,-0.217468025,0.301767445,1756822665,0.138390166
3.661018578,-0.655633392,21.14776614,-0.081855942,-0.116064395,0.344527994,1756822665,0.158000099
3.969692693,-2.261217357,19.75275056,-0.315206445,-0.079412481,0.276111088,1756822665,0.126624193
3.759124305,-3.974478339,18.11845273,-0.586430594,-0.02687807,0.277332818,1756822665,0.127184477
3.242274623,-5.338387221,16.13240997,-0.91018924,0.162490153,0.298102236,1756822665,0.136709306
2.493321149,-6.094519162,13.96451269,-1.010371087,0.456927198,0.195476876,1756822665,0.089645446
1.648654771,-6.058626823,11.65783171,-1.11055302,0.761138104,0.20525072,1756822665,0.094127719
0.894915652,-5.151747058,9.597611449,-0.939510771,1.004262469,0.014660766,1756822665,0.006723409
0.318245406,-3.720839143,7.609175868,-0.715934059,1.1484267,-0.020769418,1756822665,-0.009524829
-0.356530567,-2.02432792,5.924628758,-0.43493605,1.159422222,-0.156381501,1756822665,-0.071716357
-0.674775973,-1.122233799,5.07996238,-0.293215297,1.056796845,-0.175929189,1756822665,-0.080680902
-1.06719888,-0.339780809,4.29750939,-0.2565634,1.001819026,-0.10262536,1756822665,-0.047063859
-1.146162025,0.363709035,3.292523898,-0.194255146,0.751364226,-0.251676478,1756822665,-0.115418512
-1.093519928,0.617348231,2.344966148,-0.195476876,0.560774306,-0.273667627,1756822665,-0.125503625
-1.363908882,0.70827549,1.045663476,-0.164933614,0.379958178,-0.196698607,1756822665,-0.090205731
-1.421336624,0.784845813,-0.100498549,-0.054977871,0.173485728,-0.251676478,1756822665,-0.115418512
-1.392622753,1.08634146,-0.906879765,-0.023212879,0.028099801,-0.07696902,1756822665,-0.035297895
-1.146162025,1.627119368,-1.182054364,0.019547688,-0.112399204,-0.147829388,1756822665,-0.067794369
-0.725025248,2.000399694,-0.198604276,-0.032986723,-0.299323967,-0.114842665,1756822665,-0.0526667
-0.205782744,2.304288164,2.132004937,-0.089186325,-0.345749707,-0.046425758,1756822665,-0.021290793
0.36849468,2.593819698,4.96032125,-0.142942466,-0.338419325,-0.07574729,1756822665,-0.034737611
0.390030084,3.022134944,7.451249576,-0.032986723,-0.250454748,-0.032986723,1756822665,-0.015127669
0.928415169,3.127419138,9.999605645,0.164933614,0.087964594,-0.048869219,1756822665,-0.022411362
0.583848714,3.996013742,13.19641664,0.271224166,0.360410491,0.07696902,1756822665,0.035297895
0.332602341,4.773681087,16.29512191,0.30054568,0.686612528,0.207694181,1756822665,0.095248287
0.047856452,4.670789715,17.49392603,0.30054568,0.961501885,0.283441471,1756822665,0.129985898
-0.234496615,2.801995265,16.92682707,0.243124365,1.05190994,0.400727579,1756822665,0.183773157
-0.880558717,0.095712904,17.45324804,0.586430594,1.050688227,0.395840674,1756822665,0.181532029
-1.263410333,-2.651247441,20.00160411,1.158200509,0.938288971,0.355523586,1756822665,0.163042664
-1.569691626,-4.06779842,20.03749645,1.563814975,0.735481729,0.217468025,1756822665,0.099730559
-2.076970017,-3.833301805,22.44467599,1.615127707,0.535117949,0.23090706,1756822665,0.105893684
-2.354537438,-3.309273656,23.81097769,1.446528832,0.216246294,0.096516708,1756822665,0.044262439
-2.206182437,-2.947957443,22.4351047,1.045801253,-0.388510291,-0.023212879,1756822665,-0.010645397
-1.550549045,-2.974278492,19.3124712,0.504574687,-1.237613042,-0.096516708,1756822665,-0.044262439
-0.650847747,-3.278166962,16.48654771,-0.062308254,-2.17223677,-0.207694181,1756822665,-0.095248287
1.048056299,-3.641875997,14.6847523,-0.518013722,-3.043330529,-0.25534167,1756822665,-0.117099365
2.56749865,-3.395415269,12.70588801,-0.71837752,-3.55279219,-0.228463599,1756822665,-0.104773115
3.878765435,-2.634497683,9.932606613,-0.810007306,-4.035375886,-0.114842665,1756822665,-0.0526667
4.594219392,-1.593619852,7.448856754,-0.723264425,-4.25040031,-0.007330383,1756822665,-0.003361704
5.000999234,-0.775274522,5.544169964,-0.642630231,-4.256509067,0.162490153,1756822665,0.074517777
5.38385085,0.035892339,3.885943902,-0.543670062,-4.098905853,0.254119939,1756822665,0.11653908
5.876772306,0.313459761,2.775674216,-0.471587964,-3.676187091,0.41050144,1756822665,0.188255437
6.15673255,0.555134843,1.792224127,-0.351858377,-3.158173229,0.532674488,1756822665,0.244283842
6.238088518,0.591027182,1.038485008,-0.343306264,-2.580294696,0.569326385,1756822665,0.261092355
6.199803357,0.545563553,0.459421939,-0.293215297,-1.825265367,0.596204472,1756822665,0.273418611
5.994020613,0.591027182,0.078963146,-0.337197611,-1.199739293,0.631634639,1756822665,0.289666841
5.268995365,0.904486943,-0.241675083,-0.408057962,-0.456927198,0.580321976,1756822665,0.266134919
4.658825602,1.217946703,-0.650847747,-0.477696634,0.453261989,0.686612528,1756822665,0.314879631
4.48175673,0.409172665,-0.330209519,-0.607200064,1.072679341,0.572991628,1756822665,0.262773231
3.605983658,0.150747824,0.143569356,-0.618195586,1.887573621,0.520457183,1756822665,0.238681001
3.543770271,-1.210768236,0.7728817,-0.441044702,2.470338901,0.342084533,1756822665,0.156879531
2.543570424,-0.638883634,0.978664443,-0.106290551,3.012787268,0.07696902,1756822665,0.035297895
1.933400661,-1.136590735,1.919043725,0.290771853,3.276681225,-0.145385927,1756822665,-0.066673801
1.899901144,-1.074377347,3.857230031,0.780685774,3.475823101,-0.317649941,1756822665,-0.145673858
2.117648001,-0.308674115,8.188238937,1.235169459,3.468492753,-0.41783184,1756822665,-0.19161715
1.823330821,1.773081547,15.28056512,1.413542126,3.41718002,-0.472809694,1756822665,-0.216829923
1.079162993,2.610569457,18.53001821,1.209513224,3.34021121,-0.518013722,1756822665,-0.237560433
0.650847747,2.864208652,18.45344789,0.945619389,3.049439287,-0.483805251,1756822665,-0.221872472
0.471386052,2.931207685,19.53021806,0.71837752,2.46056511,-0.41783184,1756822666,-0.19161715
1.272981623,2.912065104,19.77667879,0.521678896,1.758070208,-0.30054568,1756822666,-0.137829866
0.815952507,1.129412267,19.20718701,0.326202055,0.83199842,0.136833813,1756822666,0.062751812
0.047856452,-0.382851616,20.64288057,0.131946891,0.646295405,0.021991149,1756822666,0.010085113
0.306281293,-1.823330821,21.15973025,-0.009773844,0.498466017,-0.004886922,1756822666,-0.002241136
0.914058233,-2.986242605,20.1691017,-0.140499005,0.331088942,0.012217305,1756822666,0.005602841
1.088734283,-4.149154388,18.59701725,-0.372627795,0.120951317,0.018325957,1756822666,0.008404261
0.921236701,-5.03449875,16.46022667,-0.555887367,0.006108652,0.092851516,1756822666,0.042581587
0.524028149,-5.355136979,14.03151173,-0.764803278,0.054977871,0.083077672,1756822666,0.038099315
0.014356936,-5.099104961,11.77747284,-0.891863213,0.136833813,0.018325957,1756822666,0.008404261
-0.567098956,-4.084548178,9.638289433,-0.886976326,0.206472451,-0.065973446,1756822666,-0.030255338
-0.990628556,-2.947957443,7.936992564,-0.803898671,0.196698607,-0.206472451,1756822666,-0.094688003
-1.208375413,-1.660618884,6.324230132,-0.609643508,0.175929189,-0.317649941,1756822666,-0.145673858
-1.311266785,-0.803988394,4.926821733,-0.530231009,0.112399204,-0.447153372,1756822666,-0.205063967
-1.217946703,-0.282353067,3.553341561,-0.390953752,-0.063529985,-0.502131226,1756822666,-0.230276741
-1.174875897,-0.076570323,2.665604376,-0.335975881,-0.149051118,-0.491135634,1756822666,-0.225234176
-1.153340493,0.105284194,1.854437515,-0.194255146,-0.260228591,-0.453261989,1756822666,-0.207865371
-1.155733316,0.244067905,1.060020412,-0.091629786,-0.320093385,-0.431270841,1756822666,-0.197780258
-0.978664443,0.200997098,0.117248307,0.023212879,-0.328645498,-0.356745317,1756822666,-0.163602948
-0.777667345,0.265603309,-0.753739119,0.211359372,-0.320093385,-0.298102236,1756822666,-0.136709306
-0.375673148,0.392422906,-0.916451056,0.322536846,-0.279776297,-0.232128791,1756822666,-0.106453968
0.133998066,0.600598473,0.411565487,0.437379493,-0.250454748,-0.125838239,1756822666,-0.057709256
0.540777908,0.909272588,2.780459861,0.422718727,-0.157603231,-0.059864793,1756822666,-0.027453918
0.71784678,1.861615983,5.958128274,0.372627795,-0.080634211,-0.02687807,1756822666,-0.012326249
0.705882667,2.694318248,8.609375715,0.370184317,0.057421332,0.031764992,1756822666,0.014567385
0.131605243,3.802195111,11.38265711,0.338419325,0.219911486,0.096516708,1756822666,0.044262439
-0.521635327,4.871786814,14.46221979,0.234572251,0.373849526,0.10262536,1756822666,0.047063859
-0.940379282,5.211567623,16.53201134,0.023212879,0.597426203,0.166155345,1756822666,0.07619863
-1.110269686,4.618147618,17.17089498,-0.112399204,0.637743326,0.180816111,1756822666,0.082922038
-1.409372511,1.591227029,16.24726545,-0.061086524,0.483805251,0.327423768,1756822666,0.150156123
-2.232503486,-0.600598473,16.51286876,0.454483755,0.184481302,0.285884914,1756822666,0.131106457
-2.026720742,-4.07736971,19.24786499,0.927293449,0.008552113,0.41661011,1756822666,0.191056866
-1.648654771,-5.240281494,21.19562259,1.480737268,-0.20402899,0.23090706,1756822666,0.105893684
-1.986042758,-4.163511324,22.67199414,1.541823791,-0.41783184,0.043982297,1756822666,0.020170225
-1.6199409,-3.409772205,23.28694954,1.450194006,-0.769690165,-0.146607657,1756822666,-0.067234085
-1.42612227,-2.452643165,21.00180396,1.001819026,-1.372003342,-0.30665435,1756822666,-0.140631294
-0.545563553,-2.050648968,18.06341781,0.596204472,-2.13436316,-0.298102236,1756822666,-0.136709306
0.571884601,-1.983649935,15.93141287,0.164933614,-2.863736272,-0.368962586,1756822666,-0.169205772
2.285145583,-2.225325018,13.90229931,-0.17837265,-3.48315371,-0.388510291,1756822666,-0.178170325
3.086741154,-2.081755662,11.66022453,-0.386066848,-4.01949332,-0.317649941,1756822666,-0.145673858
4.809573426,-0.887737185,9.401399995,-0.460592372,-4.273613224,-0.164933614,1756822666,-0.075638345
9.248259349,0.531206617,7.00379175,-0.805120401,-2.735454467,-0.12950343,1756822666,-0.059390108
6.910471669,1.095912751,4.500899311,-0.73792519,-3.26324212,0.096516708,1756822666,0.044262439
8.082954743,-0.89252283,2.574677118,-0.665843145,-2.829527696,0.216246294,1756822666,0.099170275
7.494320383,0.014356936,1.945364774,-0.588874125,-2.364048419,0.390953752,1756822666,0.179290893
7.274180704,-0.375673148,1.469193076,-0.408057962,-1.519832748,0.43493605,1756822666,0.199461118
7.056433847,-0.715453957,0.65324057,-0.309097793,-0.791681366,0.54611354,1756822666,0.250446974
6.70947457,-0.988235734,0.485742988,-0.162490153,0.054977871,0.6414085,1756822666,0.294149121
6.096911985,-0.995414202,0.327816696,0.020769418,0.748920782,0.762359817,1756822666,0.349617241
5.355136979,-0.839880733,0.177068872,0.062308254,1.573588923,0.811229036,1756822666,0.372028602
4.06779842,-0.875773072,0.284745889,0.144164196,2.825862662,0.774577139,1756822666,0.355220089
3.677768336,-0.823130974,0.399601374,0.155159771,3.053104338,0.784350948,1756822666,0.359702346
1.895115499,-0.693918554,0.602991295,0.277332818,3.499036015,0.719599251,1756822666,0.3300073
0.768096055,-0.327816696,1.244267752,0.395840674,3.545461825,0.464257581,1756822666,0.212907935
-0.133998066,-0.107677017,2.335394858,0.596204472,3.473379657,0.22968533,1756822666,0.1053334
-0.873380249,0.555134843,4.151547211,0.75747293,3.308446095,0.053756141,1756822666,0.024652498
-1.588834206,1.765903079,8.894121604,0.766024991,2.845410262,-0.02687807,1756822666,-0.012326249
-2.739781877,3.972085516,16.51286876,0.38362337,2.091602506,-0.167377075,1756822666,-0.076758913
-3.701696562,4.225724712,18.30509289,0.23090706,1.566258436,-0.133168622,1756822666,-0.06107096
-3.809373579,3.326023414,17.65185232,0.02687807,0.518013722,-0.202807259,1756822666,-0.093007151
-2.620140747,1.880758564,16.91486296,0.233350521,-0.934623797,-0.034208453,1756822666,-0.015687953
0.066999033,1.074377347,17.99641877,0.246789556,-1.220508746,0.02565634,1756822666,0.011765965
1.146162025,-0.244067905,18.27637902,0.322536846,-1.709200936,0.123394778,1756822666,0.056588688
0.882951539,-1.375872995,19.34118508,0.091629786,-1.681101136,-0.12950343,1756822666,-0.059390108
2.105683888,-2.136790582,19.2382937,0,-1.637118891,-0.342084533,1756822666,-0.156879531
3.373879866,-2.955135911,18.21895128,-0.087964594,-1.545489105,-0.349414916,1756822666,-0.160241235
3.759124305,-3.661018578,16.96032659,-0.241902634,-1.499063277,-0.388510291,1756822666,-0.178170325
3.57966261,-3.991228097,15.81895021,-0.514348513,-1.324355784,-0.437379493,1756822666,-0.200581678
3.46959277,-3.945764467,14.27797245,-0.665843145,-1.191187214,-0.425162223,1756822666,-0.194978854
3.227917687,-3.694518094,12.260823,-0.745255608,-0.960280154,-0.476474868,1756822666,-0.218510767
2.919243572,-2.943171798,9.841679354,-0.691499432,-0.654847535,-0.530231009,1756822666,-0.243163265
2.493321149,-2.127219291,8.291130309,-0.590095838,-0.529009279,-0.498466017,1756822666,-0.22859588
2.129612114,-1.069591702,6.163911018,-0.412944901,-0.342084533,-0.54611354,1756822666,-0.250446974
1.899901144,-0.390030084,4.864608346,-0.326202055,-0.208915911,-0.516792009,1756822666,-0.237000157
1.395015576,0.535992262,3.546163093,-0.122173048,-0.05253441,-0.393397231,1756822666,-0.180411469
1.143769203,0.799202748,3.04606317,-0.045204028,0.150272849,-0.366519143,1756822666,-0.168085212
0.813559684,0.973878798,2.266003002,0.036651914,0.618195586,-0.195476876,1756822666,-0.089645446
0.512064036,0.990628556,1.229910816,0.086742864,0.800233427,-0.073303829,1756822666,-0.033617043
0.196211453,1.115055332,-0.53359944,0.145385927,0.921184762,0.009773844,1756822666,0.004482272
0,1.646261949,-1.26101751,0.123394778,0.879645978,0.145385927,1756822666,0.066673801
0.765703232,2.629712037,3.830908983,0.089186325,0.801455158,0.333532438,1756822666,0.152957551
0.71784678,2.909672282,4.869393991,0.00122173,0.780685774,0.322536846,1756822666,0.147914987
0.483350165,3.538984625,8.831908217,-0.177150919,0.961501885,0.370184317,1756822666,0.169766056
0.306281293,3.962514226,11.49751259,-0.261450322,1.196074119,0.305432619,1756822666,0.14007101
0.160319114,4.089333823,13.68455245,-0.30054568,1.523497922,0.339641055,1756822666,0.155758955
-0.047856452,3.716053498,14.94556996,-0.408057962,1.668883883,0.406836231,1756822666,0.186574577
-0.736989361,1.938186306,15.18006657,-0.43493605,1.400103143,0.624304273,1756822666,0.286305144
-1.249053397,-0.394815729,14.97906948,-0.276111088,1.115439925,0.664621414,1756822666,0.304794534
-1.557727513,-2.790031152,15.81895021,0.221133216,0.895528457,0.7550294,1756822666,0.346255521
-1.284945736,-4.596612215,18.7932287,0.847880986,0.593761012,0.725707938,1756822666,0.332808736
-1.153340493,-5.747559885,20.54716767,1.279151826,0.135612083,0.533896218,1756822666,0.244844125
-1.43569356,-5.656632626,21.70768663,1.497841564,-0.290771853,0.301767445,1756822666,0.138390166
-1.787438482,-4.953142782,22.60738792,1.457524493,-0.719599251,0.05131268,1756822666,0.02353193
-1.598405497,-4.354937132,21.84886316,1.16675257,-1.123992073,-0.183259571,1756822666,-0.084042606
-0.849452023,-4.249652938,19.63071661,0.735481729,-1.765400573,-0.41661011,1756822666,-0.191056866
0.198604276,-4.266402696,17.41496288,0.30665435,-2.301740305,-0.60353489,1756822666,-0.276780332
1.797009773,-4.010370678,15.54377561,-0.023212879,-2.885727315,-0.75747293,1756822666,-0.347376121
3.139383251,-3.311666478,13.96929834,-0.240680904,-3.28278972,-0.73792519,1756822666,-0.338411552
4.476971085,-2.311466632,12.07657566,-0.403171057,-3.593109244,-0.575435072,1756822666,-0.263893791
5.223531736,-1.301695494,10.31306541,-0.405614518,-3.756821215,-0.411723171,1756822666,-0.188815722
6.005984726,-0.406779842,8.542376682,-0.395840674,-3.717725752,-0.240680904,1756822666,-0.110375956
11.02373372,1.808973886,11.1912313,-0.846659185,-3.67374363,-0.130725161,1756822666,-0.059950392
8.774480474,-0.021535403,5.163711171,-0.69882985,-3.108082367,0.092851516,1756822666,0.042581587
7.360322318,1.378265818,3.467199947,-0.448375102,-1.887573621,0.267558974,1756822666,0.122702205
7.374679253,1.636690658,2.69671107,-0.503352956,-1.425759501,0.332310707,1756822666,0.152397267
7.475177802,1.600798319,2.031506387,-0.524122392,-0.805120401,0.420275284,1756822666,0.19273771
7.16889651,1.529013641,1.402194044,-0.50701813,-0.168598806,0.469144485,1756822666,0.215149063
6.190232066,1.658226062,0.940379282,-0.508239896,0.38362337,0.598647916,1756822666,0.274539172
4.783252377,1.73958203,0.818345329,-0.572991628,0.83322022,0.706160198,1756822666,0.323844167
3.938586,1.727617917,1.026520895,-0.632856352,1.215621859,0.693942876,1756822666,0.318241319
3.206382284,1.560120335,0.959521863,-0.734260016,1.620014612,0.645073674,1756822666,0.295829965
2.581855585,1.390229931,0.906879765,-0.69882985,2.065946288,0.526565835,1756822666,0.241482421
1.883151386,1.203589768,0.909272588,-0.67928211,2.299296844,0.399505848,1756822666,0.183212873
1.189232832,1.074377347,1.043270654,-0.554665654,2.503325624,0.239459173,1756822666,0.109815672
0.969093153,0.222532502,1.631905013,-0.329867229,2.605951071,0.07819075,1756822666,0.035858178
0.574277424,0.224925324,2.912065104,0.015882496,2.62183362,-0.054977871,1756822666,-0.025212782
0.658026215,0.181854518,5.788237869,0.287106679,2.565634,-0.184481302,1756822666,-0.08460289
0.526420972,0.842273555,10.61216823,0.514348513,2.395813534,-0.268780705,1756822666,-0.123262489
0.095712904,1.399801221,14.79721496,0.548556984,2.246762276,-0.379958178,1756822666,-0.174248336
-0.279960244,1.150947671,15.36909956,0.599869646,1.970651328,-0.399505848,1756822666,-0.183212873
-0.370887503,0.705882667,14.78764367,0.715934059,1.576032367,-0.43493605,1756822666,-0.199461118
0.279960244,0.366101858,15.49113351,0.7550294,1.050688227,-0.51190507,1756822667,-0.234759013
1.603191142,0.473778875,16.83589981,0.788016192,0.395840674,-0.382401639,1756822667,-0.175368905
2.500499617,-0.409172665,17.80020732,0.67928211,-0.141720735,-0.287106679,1756822667,-0.131666757
2.179861389,-2.067398726,19.1210454,0.43493605,-0.135612083,-0.35918876,1756822667,-0.164723508
2.931207685,-2.93599333,19.49911137,0.184481302,-0.00122173,-0.454483755,1756822667,-0.208425671
3.751945837,-3.897908015,18.64248088,0.029321531,0.07574729,-0.49357913,1756822667,-0.22635476
3.797409466,-4.713860522,17.78585039,-0.157603231,0.045204028,-0.433714319,1756822667,-0.198900834
3.40498656,-5.230710204,16.6971161,-0.419053553,0.090408055,-0.428827397,1756822667,-0.196659698
2.825923491,-5.584847948,15.01496181,-0.596204472,0.223576677,-0.375071256,1756822667,-0.1720072
2.158325985,-5.27378101,12.88295688,-0.69882985,0.376292969,-0.339641055,1756822667,-0.155758955
1.56490598,-4.431507455,10.9902342,-0.6414085,0.496022573,-0.346971438,1756822667,-0.159120659
0.839880733,-2.928814862,9.351150721,-0.508239896,0.527787566,-0.411723171,1756822667,-0.188815722
0.315852583,-1.615155255,8.654839344,-0.448375102,0.482583538,-0.43493605,1756822667,-0.199461118
-0.24885355,-0.313459761,7.956135145,-0.355523586,0.400727579,-0.41783184,1756822667,-0.19161715
-0.626919521,0.622133876,6.8291157,-0.388510291,0.290771853,-0.453261989,1756822667,-0.207865371
-1.129412267,-1.428515092,-0.05503492,-0.483805251,0.498466017,-0.404392788,1756822667,-0.185454017
-0.038285162,0.729810893,6.441478439,-0.335975881,-0.106290551,-0.235793982,1756822667,-0.10813482
-0.914058233,1.552941867,4.587040924,-0.607200064,0.042760567,-0.389732022,1756822667,-0.178730609
-1.02173525,1.5457634,3.651447288,-0.551000445,-0.037873645,-0.202807259,1756822667,-0.093007151
-1.184447187,1.368694527,2.239681954,-0.471587964,-0.043982297,-0.277332818,1756822667,-0.127184477
-0.701097022,0.30388847,1.311266785,-0.295658793,0.045204028,-0.12705997,1756822667,-0.05826954
-0.46899323,-0.076570323,0.516849682,-0.10140363,0.120951317,-0.065973446,1756822667,-0.030255338
-0.524028149,0.425922423,0.425922423,0.079412481,0.07819075,0.015882496,1756822667,0.007283692
0.090927259,0.416351132,2.076970017,0.320093385,0.199142068,0.073303829,1756822667,0.033617043
0.313459761,1.115055332,4.333401729,0.323758559,0.419053553,0.166155345,1756822667,0.07619863
-0.143569356,2.737389054,6.671189409,0.304210889,0.482583538,0.10384709,1756822667,0.047624143
-0.70827549,4.130011808,9.303294269,0.125838239,0.472809694,0.10262536,1756822667,0.047063859
-1.342373479,4.424328987,12.35175026,-0.048869219,0.51190507,0.094073247,1756822667,0.043141871
-1.526620819,4.589433747,14.6105748,-0.145385927,0.568104654,0.125838239,1756822667,0.057709256
-1.466800254,3.656232933,15.45045553,-0.197920337,0.482583538,0.207694181,1756822667,0.095248287
-1.629512191,1.727617917,14.68235947,-0.118507856,0.219911486,0.370184317,1756822667,0.169766056
-1.808973886,-0.8470592,14.09611794,0.213802833,-0.030543262,0.43615778,1756822667,0.200021402
-1.61036961,-3.366701398,14.90249915,0.751364226,-0.151494579,0.322536846,1756822667,0.147914987
-1.311266785,-4.857429878,16.52004723,1.309695088,-0.262672052,0.140499005,1756822667,0.064432665
-1.088734283,-4.967499718,18.7932287,1.591914793,-0.43493605,-0.05253441,1756822667,-0.024092214
-1.26101751,-5.070391089,21.14537332,1.678657675,-0.574213359,-0.284663184,1756822667,-0.130546174
-1.079162993,-4.24247447,20.79362839,1.442863658,-0.899193631,-0.450818546,1756822667,-0.206744811
-0.557527666,-4.063012775,19.84846347,1.094670524,-1.351233872,-0.565661211,1756822667,-0.259411511
0.54317073,-4.170689792,18.50848281,0.713490616,-1.958433936,-0.761138104,1756822667,-0.349056965
1.823330821,-4.055834307,17.05843232,0.329867229,-2.526538538,-0.842994011,1756822667,-0.38659598
3.215953574,-3.775874063,15.5533469,0.019547688,-3.105638906,-0.855211333,1756822667,-0.392198828
4.560719876,-3.168097122,13.83290745,-0.195476876,-3.56989633,-0.744033878,1756822667,-0.341212989
5.580062303,-2.08893413,11.77747284,-0.35918876,-3.949854595,-0.56321775,1756822667,-0.258290943
6.128018679,-0.784845813,9.566504755,-0.461814103,-4.081801434,-0.365297412,1756822667,-0.167524928
6.367300939,0.315852583,7.456035222,-0.518013722,-3.996280406,-0.163711884,1756822667,-0.075078061
6.549155456,1.225125171,5.534598674,-0.58398715,-3.682295586,0.100181899,1756822667,0.045943291
6.508477472,0.863808959,3.797409466,-0.527787566,-3.144734124,0.327423768,1756822667,0.150156123
7.135396993,1.02173525,2.467000101,-0.474031425,-2.350609314,0.483805251,1756822667,0.221872472
7.056433847,1.091127106,1.928615016,-0.427605667,-1.849699994,0.500909513,1756822667,0.229716465
7.111468767,1.060020412,1.682154288,-0.372627795,-1.215621859,0.524122392,1756822667,0.240361861
6.704688925,1.150947671,1.44526485,-0.353080108,-0.552222158,0.618195586,1756822667,0.283503708
6.28594497,1.222732349,1.249053397,-0.338419325,0.108734012,0.627969465,1756822667,0.287985997
5.680560852,1.160518961,1.18684001,-0.421497014,0.799011714,0.656069266,1756822667,0.30087253
4.989035121,1.146162025,1.289731381,-0.41783184,1.737300755,0.654847535,1756822667,0.300312245
4.278366809,1.024128073,1.225125171,-0.350636647,2.178345405,0.591317568,1756822667,0.271177483
3.232703333,1.488335657,1.301695494,-0.342084533,2.582738157,0.500909513,1756822667,0.229716465
2.127219291,1.732403562,1.641476304,-0.35918876,2.888170776,0.362853969,1756822667,0.166404368
1.328016543,1.787438482,1.789831305,-0.273667627,3.105638906,0.158824962,1756822667,0.072836925
0.65324057,1.835294934,2.32821639,-0.083077672,3.177721091,-0.004886922,1756822667,-0.002241136
0.330209519,1.454836141,3.924229064,0.141720735,3.144734124,-0.202807259,1756822667,-0.093007151
0.100498549,1.832902112,7.348358205,0.356745317,3.009122233,-0.226020138,1756822667,-0.103652547
-0.112462662,2.081755662,12.27517994,0.50701813,2.796540991,-0.296880506,1756822667,-0.136149022
-1.071984525,2.227717841,14.94078431,0.474031425,2.48744332,-0.321315115,1756822667,-0.147354702
-1.701296869,1.612762432,14.76132262,0.626747734,1.997529277,-0.349414916,1756822667,-0.160241235
-1.581655739,1.129412267,14.87857093,0.7562512,1.461189667,-0.379958178,1756822667,-0.174248336
-0.698704199,1.124626622,16.30230037,0.861319951,0.7562512,-0.342084533,1756822667,-0.156879531
0.890130007,1.148554848,17.39103466,0.817337724,-0.041538836,-0.28221974,1756822667,-0.129425613
1.184447187,-0.459421939,18.63530241,0.620639099,-0.467922755,-0.226020138,1756822667,-0.103652547
1.103091219,-1.20598259,19.55414629,0.455705485,-0.423940493,-0.329867229,1756822667,-0.151276691
1.864008805,-2.237289131,19.18325878,0.312763002,-0.302989176,-0.456927198,1756822667,-0.209546231
2.617747924,-3.2398818,18.31944983,0.122173048,-0.260228591,-0.433714319,1756822667,-0.198900834
3.132204783,-4.060619952,17.13978828,-0.032986723,-0.309097793,-0.398284135,1756822667,-0.182652597
3.105883735,-4.780859555,15.98884061,-0.260228591,-0.332310707,-0.271224166,1756822667,-0.124383057
2.943171798,-5.020141815,14.62732455,-0.480140077,-0.2565634,-0.138055544,1756822667,-0.063312097
2.605783811,-4.936393024,13.17727406,-0.559552576,-0.109955743,-0.065973446,1756822667,-0.030255338
2.117648001,-4.314259148,11.49990542,-0.62186083,0.048869219,-0.009773844,1756822667,-0.004482272
1.550549045,-3.273381317,9.954142016,-0.568104654,0.151494579,-0.037873645,1756822667,-0.017368805
0.981057266,-1.97886429,8.67876757,-0.504574687,0.239459173,0.006108652,1756822667,0.00280142
0.452243471,-0.655633392,7.479963448,-0.41783184,0.222354947,-0.002443461,1756822667,-0.001120568
0.033499516,0.11964113,6.556333924,-0.390953752,0.238237443,-0.079412481,1756822667,-0.036418463
-0.246460728,0.696311377,5.335994398,-0.43615778,0.232128791,-0.091629786,1756822667,-0.042021303
-0.691525731,1.440479205,4.53679165,-0.481361808,0.2565634,-0.108734012,1756822667,-0.049865279
-0.65324057,0.96670033,3.976871161,-0.605978334,0.265115513,-0.05253441,1756822667,-0.024092214
-0.832702265,0.988235734,3.223132042,-0.635299883,0.290771853,-0.05009095,1756822667,-0.022971646
-0.976271621,0.612562586,2.52203502,-0.607200064,0.270002435,-0.041538836,1756822667,-0.019049657
-0.796809926,0.002392823,1.646261949,-0.395840674,0.295658793,0.041538836,1756822667,0.019049657
-1.033699363,0.179461695,0.418743955,-0.138055544,0.232128791,0.158824962,1756822667,0.072836925
-1.105484041,0.30388847,0.236889437,0.040317106,0.130725161,0.20402899,1756822667,0.093567435
-0.981057266,0.964307508,1.265803155,0.23090706,-0.032986723,0.183259571,1756822667,0.084042606
-0.435493713,0.997807024,4.149154388,0.335975881,-0.125838239,0.283441471,1756822667,0.129985898
0.672383151,2.715853651,6.654439651,0.459370659,-0.182037841,0.346971438,1756822667,0.159120659
-0.244067905,3.622733416,9.26740193,0.409279727,-0.047647489,0.196698607,1756822667,0.090205731
-0.399601374,4.668396893,12.15793163,0.317649941,-0.062308254,0.210137642,1756822667,0.096368855
-0.801595571,5.38385085,14.49811213,0.180816111,-0.003665191,0.108734012,1756822667,0.049865279
-0.334995164,5.012963347,15.78545069,0.069638637,0.028099801,0.217468025,1756822667,0.099730559
-0.354137745,3.771088418,15.24706561,-0.040317106,-0.046425758,0.263893783,1756822667,0.121021353
-0.327816696,0.959521863,14.8331073,0.194255146,-0.171042267,0.372627795,1756822667,0.170886632
-0.047856452,-2.677568489,15.06999673,0.636521596,-0.162490153,0.338419325,1756822667,0.155198671
0.3493521,-4.019941968,17.19721603,1.141096213,-0.372627795,0.28221974,1756822667,0.129425613
0.686740086,-4.168296969,19.36032766,1.543045662,-0.371406082,0.117286126,1756822667,0.053787268
0.744167829,-3.617947771,21.03291065,1.631010134,-0.384845083,-0.072082098,1756822667,-0.033056758
0.667597505,-2.885744056,20.79362839,1.456302763,-0.592539299,-0.219911486,1756822667,-0.100851127
0.949950572,-2.550748892,19.55653911,1.081231489,-0.966388789,-0.317649941,1756822667,-0.145673858
1.31605243,-2.550748892,18.12084555,0.58398715,-1.463633128,-0.388510291,1756822667,-0.178170325
2.222932195,-2.813959378,16.59422473,0.07696902,-2.00119459,-0.538783158,1756822667,-0.24708527
3.326023414,-3.115455025,15.13460294,-0.342084533,-2.426356796,-0.538783158,1756822667,-0.24708527
4.381258181,-2.957528734,13.38066398,-0.547335271,-2.864957862,-0.456927198,1756822667,-0.209546231
5.230710204,-2.478964214,11.63151066,-0.669508319,-3.177721091,-0.366519143,1756822667,-0.168085212
5.759523998,-1.646261949,9.743573627,-0.681725623,-3.313332982,-0.171042267,1756822667,-0.078439766
6.118447388,-0.3493521,7.575676352,-0.689055989,-3.3218852,-0.068416907,1756822667,-0.031375906
6.214160292,0.677168796,5.673382385,-0.731816555,-3.092199801,0.164933614,1756822667,0.075638345
6.314658841,1.246660575,3.979263984,-0.731816555,-2.707354648,0.276111088,1756822667,0.126624193
6.474977956,1.1964113,2.797209619,-0.725707938,-2.21255384,0.372627795,1756822667,0.170886632
6.563512392,0.909272588,2.155933163,-0.65973444,-1.663996839,0.461814103,1756822667,0.211787359
6.503691827,0.626919521,1.818545176,-0.60353489,-1.077566315,0.49357913,1756822667,0.22635476
6.290730615,0.583848714,1.617548078,-0.483805251,-0.470366251,0.547335271,1756822667,0.251007258
5.874379483,0.746560651,1.428515092,-0.453261989,0.117286126,0.572991628,1756822667,0.262773231
5.123033187,0.959521863,1.409372511,-0.475253155,0.938288971,0.585208881,1756822667,0.268376047
4.797609313,0.952343395,1.526620819,-0.461814103,1.237613042,0.559552576,1756822667,0.256610099
4.101297936,0.942772104,1.646261949,-0.458148929,1.777617808,0.522900626,1756822667,0.239801561
3.373879866,0.842273555,1.775474369,-0.431270841,2.263866695,0.510683339,1756822667,0.234198729
2.656033086,0.667597505,1.899901144,-0.326202055,2.671924482,0.419053553,1756822667,0.192177426
1.935793483,0.36849468,2.079362839,-0.227241869,2.97613551,0.331088942,1756822667,0.151836967
1.385444285,0.126819598,2.529213488,0.023212879,3.106860514,0.20525072,1756822667,0.094127719
0.959521863,0.00957129,3.780659708,0.326202055,3.13984722,-0.002443461,1756822667,-0.001120568
0.808774039,0.210568389,6.905686024,0.668286588,3.037222034,-0.092851516,1756822668,-0.042581587
0.524028149,0.863808959,10.72941654,0.85276789,2.842966801,-0.184481302,1756822668,-0.08460289
0.021535403,1.533799287,14.56989681,0.863763482,2.536312591,-0.224798408,1756822668,-0.103092264
-0.648454925,1.239482107,15.34517133,0.823446341,2.164906422,-0.278554549,1756822668,-0.127744761
-0.914058233,0.784845813,14.91207044,0.807563845,1.655444761,-0.288328392,1756822668,-0.132227033
-0.057427742,1.643869126,14.97189101,0.733038286,1.30114301,-0.320093385,1756822668,-0.146794419
2.009970984,0.595812827,17.27378635,0.906523996,0.321315115,-0.002443461,1756822668,-0.001120568
2.112862356,0.019142581,18.37687757,0.69882985,-0.135612083,0.041538836,1756822668,0.019049657
2.15354034,-0.8470592,19.83649935,0.398284135,-0.20402899,-0.067195176,1756822668,-0.030815622
2.883351233,-1.663011707,19.66900177,0.122173048,-0.122173048,-0.004886922,1756822668,-0.002241136
3.438486076,-3.115455025,18.63769523,-0.160046692,-0.073303829,-0.079412481,1756822668,-0.036418463
3.309273656,-4.668396893,17.58246046,-0.422718727,0.057421332,-0.046425758,1756822668,-0.021290793
2.900100991,-5.608776174,16.46979796,-0.631634639,0.294437062,0.006108652,1756822668,0.00280142
2.230110663,-5.92702158,14.90489198,-0.803898671,0.613308682,0.002443461,1756822668,0.001120568
1.328016543,-5.26420972,12.85185018,-0.79534654,0.847880986,-0.056199602,1756822668,-0.025773066
0.492921456,-4.268795518,10.91366388,-0.678060379,1.004262469,-0.073303829,1756822668,-0.033617043
-0.179461695,-2.746960345,9.600004271,-0.514348513,0.995710321,-0.125838239,1756822668,-0.057709256
-0.835095087,-1.208375413,8.786444587,-0.467922755,1.072679341,-0.07819075,1756822668,-0.035858178
-1.55533469,0.11964113,7.259823768,-0.337197611,0.665843145,-0.333532438,1756822668,-0.152957551
-1.543370577,0.82791662,6.068198114,-0.367740873,0.443488163,-0.265115513,1756822668,-0.121581637
-1.538584932,1.332802188,4.957928427,-0.388510291,0.150272849,-0.1282817,1756822668,-0.058829824
-1.478764367,1.552941867,4.328616083,-0.415388345,-0.014660766,-0.273667627,1756822668,-0.125503625
-1.476371544,1.90468679,3.706482207,-0.409279727,-0.164933614,-0.144164196,1756822668,-0.066113517
-1.395015576,1.964507355,2.928814862,-0.452040276,-0.263893783,-0.25534167,1756822668,-0.117099365
-1.265803155,1.864008805,1.696511223,-0.388510291,-0.345749707,-0.169820536,1756822668,-0.077879481
-1.088734283,1.540977754,0.382851616,-0.293215297,-0.43493605,-0.206472451,1756822668,-0.094688003
-0.959521863,1.442872028,-0.610169763,-0.124616509,-0.515570278,-0.058643063,1756822668,-0.026893634
-0.734596538,1.469193076,-0.418743955,-0.041538836,-0.592539299,-0.014660766,1756822668,-0.006723409
-0.35892339,1.641476304,1.220339526,0.068416907,-0.693942876,0.10262536,1756822668,0.047063859
-0.253639196,2.380858487,3.76390995,0.036651914,-0.720820964,0.184481302,1756822668,0.08460289
0.057427742,3.034099057,6.266802389,0.287106679,-0.470366251,0.233350521,1756822668,0.107014252
0.373280326,3.383451156,9.250652172,0.338419325,-0.254119939,0.141720735,1756822668,0.064992949
0.203389921,3.720839143,12.25603736,0.425162223,0.012217305,0.22968533,1756822668,0.1053334
0.112462662,3.931407532,14.43350592,0.465479312,0.313984732,0.133168622,1756822668,0.06107096
0.148355001,3.864408499,15.49591916,0.518013722,0.533896218,0.160046692,1756822668,0.073397209
0.145962179,2.787638329,15.52702585,0.450818546,0.541226601,0.249233017,1756822668,0.114297944
-0.22971097,0.497707101,15.45045553,0.629191178,0.367740873,0.299323967,1756822668,0.13726959
-0.540777908,-1.957328887,16.28076497,0.976162651,0.243124365,0.206472451,1756822668,0.094688003
-0.622133876,-3.919443419,17.10628877,1.404990048,0.136833813,0.106290551,1756822668,0.048744711
-0.672383151,-4.283152454,19.29811427,1.56992361,0.015882496,0.006108652,1756822668,0.00280142
-0.696311377,-4.405186407,21.55933163,1.467298302,-0.114842665,-0.042760567,1756822668,-0.019609942
-0.658026215,-4.37168689,21.80818518,1.216843572,-0.499687747,-0.155159771,1756822668,-0.071156073
-0.100498549,-4.529613182,20.51127533,0.768468452,-1.14720497,-0.219911486,1756822668,-0.100851127
0.622133876,-4.91485762,18.86262056,0.388510291,-1.805717627,-0.339641055,1756822668,-0.155758955
2.498106794,-4.943571492,16.55593957,-0.122173048,-2.784323738,-0.43493605,1756822668,-0.199461118
4.070191243,-4.54636294,14.89771351,-0.368962586,-3.37808482,-0.353080108,1756822668,-0.161922088
5.094319315,-3.483949706,12.84467172,-0.475253155,-3.803247043,-0.228463599,1756822668,-0.104773115
5.776273756,-2.165504453,10.53799073,-0.461814103,-4.006054215,-0.098960169,1756822668,-0.045383007
6.142375614,-0.658026215,8.027919823,-0.497244304,-3.999945458,0.080634211,1756822668,0.036978746
6.4055861,0.736989361,5.821737386,-0.475253155,-3.72383451,0.295658793,1756822668,0.135588746
6.692724812,1.454836141,4.137190275,-0.503352956,-3.327993696,0.420275284,1756822668,0.19273771
6.965506589,1.61036961,2.92642204,-0.500909513,-2.830749549,0.588874125,1756822668,0.270056924
7.185646268,1.485942835,2.199003969,-0.464257581,-2.221106041,0.632856352,1756822668,0.290227117
7.156932397,1.351944769,1.689332756,-0.450818546,-1.580919271,0.651182361,1756822668,0.298631401
6.953542476,1.428515092,1.189232832,-0.431270841,-0.864985195,0.690277702,1756822668,0.316560475
6.506084649,1.552941867,0.768096055,-0.438601224,-0.171042267,0.709825372,1756822668,0.325525011
5.814558918,1.598405497,0.524028149,-0.426383936,0.525344105,0.741590434,1756822668,0.340092428
5.132604477,1.49072848,0.574277424,-0.497244304,1.159422222,0.702495024,1756822668,0.322163323
3.412165028,1.37108735,0.990628556,-0.500909513,2.351831167,0.516792009,1756822668,0.237000157
2.715853651,1.162911784,1.339980656,-0.447153372,2.783102147,0.367740873,1756822668,0.168645496
2.012363807,0.940379282,1.756331788,-0.28221974,3.133738724,0.254119939,1756822668,0.11653908
1.361516059,0.677168796,2.478964214,-0.009773844,3.319441739,-0.009773844,1756822668,-0.004482272
1.02173525,0.54317073,4.053441484,0.333532438,3.41718002,-0.156381501,1756822668,-0.071716357
0.942772104,0.935593637,7.585247642,0.695164676,3.367089158,-0.228463599,1756822668,-0.104773115
0.586241537,1.828116466,12.25125171,0.877202447,3.188716491,-0.353080108,1756822668,-0.161922088
-0.124426775,2.373680019,15.11546036,0.850324429,2.917492447,-0.389732022,1756822668,-0.178730609
-0.851844846,2.08893413,14.90010633,0.79534654,2.520430043,-0.466701042,1756822668,-0.214028503
-1.189232832,1.617548078,14.9599269,0.767246722,1.941329779,-0.388510291,1756822668,-0.178170325
-0.770488877,1.440479205,16.12044586,0.790459636,1.237613042,-0.353080108,1756822668,-0.161922088
0.725025248,1.289731381,17.58485329,0.673173492,0.466701042,-0.183259571,1756822668,-0.084042606
1.124626622,-1.835294934,19.87478452,0.262672052,-0.084299403,-0.112399204,1756822668,-0.051546132
1.916650903,-3.04606317,19.38664871,0.07574729,-0.029321531,-0.312763002,1756822668,-0.143432714
2.627319215,-4.321437616,18.56830338,-0.029321531,-0.028099801,-0.194255146,1756822668,-0.089085162
2.864208652,-5.50349198,17.60399587,-0.20525072,-0.151494579,-0.215024564,1756822668,-0.098609991
2.624926392,-6.257231099,16.19223053,-0.41783184,-0.12705997,-0.05009095,1756822668,-0.022971646
2.220539373,-6.326622954,14.43589875,-0.530231009,-0.068416907,-0.059864793,1756822668,-0.027453918
1.655833239,-5.601597707,12.50010526,-0.62308256,0.032986723,0.004886922,1756822668,0.002241136
0.83748791,-3.797409466,9.93978508,-0.596204472,0.156381501,-0.114842665,1756822668,-0.0526667
0.638883634,-2.773281393,9.226723946,-0.557109097,0.117286126,-0.105068821,1756822668,-0.048184427
0.313459761,-1.509871061,8.405985794,-0.536339679,0.05253441,-0.112399204,1756822668,-0.051546132
-0.06460621,-0.311066938,7.465606512,-0.497244304,-0.003665191,-0.190589954,1756822668,-0.08740431
-0.126819598,0.480957343,6.273980857,-0.485027017,-0.07574729,-0.206472451,1756822668,-0.094688003
-0.200997098,1.057627589,5.099104961,-0.522900626,-0.151494579,-0.184481302,1756822668,-0.08460289
-0.370887503,1.497906948,4.273581164,-0.530231009,-0.164933614,-0.173485728,1756822668,-0.079560334
-0.466600407,1.732403562,3.567698497,-0.607200064,-0.172263997,-0.084299403,1756822668,-0.038659599
-0.581455892,1.79461695,2.699103893,-0.607200064,-0.12950343,-0.138055544,1756822668,-0.063312097
-0.614955408,1.6199409,1.464407431,-0.540004888,-0.106290551,-0.089186325,1756822668,-0.040900735
-0.550349198,1.232303639,0.088534436,-0.441044702,-0.089186325,-0.063529985,1756822668,-0.02913477
-0.449850649,1.079162993,-0.701097022,-0.206472451,-0.139277274,0.02443461,1756822668,0.011205681
-0.193818631,1.203589768,-0.236889437,-0.089186325,-0.199142068,0.07696902,1756822668,0.035297895
0.167497582,1.452443318,1.835294934,0.097738438,-0.219911486,0.107512282,1756822668,0.049304996
0.531206617,1.919043725,4.826323184,0.20402899,-0.083077672,0.172263997,1756822668,0.07900005
0.715453957,2.249253244,8.032705468,0.227241869,0.009773844,0.20525072,1756822668,0.094127719
0.619741053,2.773281393,11.1696959,0.335975881,0.360410491,0.211359372,1756822668,0.096929139
0.198604276,3.605983658,13.56730414,0.326202055,0.580321976,0.266337244,1756822668,0.122141921
0.035892339,3.799802289,14.97428383,0.353080108,0.937067258,0.1282817,1756822668,0.058829824
-0.011964113,3.218346397,16.22094441,0.1282817,1.014036261,0.265115513,1756822668,0.121581637
-0.8470592,1.866401628,15.37388521,0.260228591,1.10933129,0.223576677,1756822668,0.102531979
-1.229910816,-0.811166861,15.22074456,0.625526004,0.952949737,0.299323967,1756822668,0.13726959
-1.808973886,-3.361915753,15.97448368,1.169196031,0.744033878,0.092851516,1756822668,0.042581587
-2.055434613,-4.84068012,17.68295901,1.442863658,0.587652324,0.059864793,1756822668,0.027453918
-2.261217357,-4.977071008,20.37488444,1.423316057,0.307876063,0.113620934,1756822668,0.052106416
-1.514656706,-2.400001068,20.95634033,1.387885769,-0.171042267,0.087964594,1756822668,0.040340451
-1.787438482,-3.802195111,21.67418711,1.100779159,-0.868650369,0.328645498,1756822668,0.150716407
-2.598605344,-7.037291267,20.93001928,0.43493605,-1.562593262,-0.17959438,1756822668,-0.082361754
-0.275174599,-6.228517228,18.92483394,0.221133216,-2.166128152,-0.476474868,1756822668,-0.218510767
1.536192109,-5.68773932,17.04407538,-0.021991149,-2.774549929,-0.607200064,1756822668,-0.278461176
3.180061235,-4.845465765,15.01735464,-0.164933614,-3.365867567,-0.630412908,1756822668,-0.289106557
4.374079713,-3.546163093,12.91167075,-0.318871654,-3.918089725,-0.498466017,1756822668,-0.22859588
5.192425042,-2.000399694,10.59302565,-0.384845083,-4.201531039,-0.326202055,1756822668,-0.149595847
5.666203917,-0.284745889,8.011170065,-0.419053553,-4.285830476,-0.190589954,1756822668,-0.08740431
5.970092387,1.08634146,5.594419239,-0.478918364,-4.163657429,0.074525559,1756822668,0.034177326
6.415157391,1.842473402,3.814159224,-0.498466017,-3.778812276,0.262672052,1756822668,0.120461068
6.807580297,2.038684855,2.634497683,-0.516792009,-3.24369452,0.455705485,1756822668,0.208985955
7.039684089,1.892722677,1.916650903,-0.572991628,-2.636494333,0.548556984,1756822668,0.251567534
7.1784678,1.734796385,1.411765334,-0.551000445,-1.953547032,0.657290996,1756822668,0.301432813
7.073183606,1.653440417,0.94755775,-0.557109097,-1.249830295,0.65973444,1756822668,0.302553374
6.671189409,1.737189208,0.485742988,-0.580321976,-0.518013722,0.692721163,1756822668,0.317681043
6.108876098,1.701296869,0.155533469,-0.619417386,0.212581103,0.770911896,1756822668,0.353539213
5.295316414,1.5457634,0.095712904,-0.691499432,0.94806285,0.746477321,1756822668,0.342333548
4.472185439,1.485942835,0.203389921,-0.668286588,1.599245141,0.670730032,1756822668,0.307595938
3.651447288,1.26101751,0.457029117,-0.613308682,2.348165853,0.559552576,1756822668,0.256610099
2.756531635,0.914058233,0.875773072,-0.559552576,2.638937777,0.465479312,1756822668,0.21346822
1.988435581,0.631705166,1.227517994,-0.376292969,2.923600943,0.250454748,1756822669,0.114858228
1.418943802,0.191425808,1.899901144,-0.065973446,3.164281986,0.047647489,1756822669,0.021851078
1.043270654,-0.153140646,3.395415269,0.329867229,3.238807615,-0.1282817,1756822669,-0.058829824
1.043270654,-0.136390888,6.441478439,0.750142513,3.216816309,-0.254119939,1756822669,-0.11653908
1.069591702,0.53359944,11.58365421,1.12887896,3.066543443,-0.329867229,1756822669,-0.151276691
0.567098956,1.387837108,15.40738472,1.172861205,2.864957862,-0.35918876,1756822669,-0.164723508
-0.279960244,1.478764367,16.00080473,1.050688227,2.483778024,-0.371406082,1756822669,-0.170326356
-0.770488877,1.215553881,15.29492206,1.07145761,1.948660145,-0.343306264,1756822669,-0.157439815
-0.567098956,1.127019445,16.73061562,0.999375495,1.392772795,-0.322536846,1756822669,-0.147914987
1.028913718,1.244267752,17.426927,0.957836711,0.651182361,-0.212581103,1756822669,-0.097489423
1.660618884,0.258424841,18.44148378,0.689055989,0.084299403,0,1756822669,0
1.277767268,-1.428515092,20.23849355,0.28099801,0.058643063,-0.105068821,1756822669,-0.048184427
1.916650903,-2.830709136,19.90110556,0.006108652,0.208915911,-0.183259571,1756822669,-0.084042606
2.517249375,-4.240081647,19.31007838,-0.185703032,0.271224166,-0.193033415,1756822669,-0.088524878
2.636890505,-5.335994398,18.39362733,-0.322536846,0.239459173,-0.135612083,1756822669,-0.062191529
2.167897276,-6.094519162,16.65643812,-0.510683339,0.259006861,-0.081855942,1756822669,-0.037539031
1.689332756,-6.27637368,14.75414415,-0.616973856,0.2565634,-0.014660766,1756822669,-0.006723409
1.038485008,-5.838487144,12.69392389,-0.593761012,0.301767445,0.054977871,1756822669,0.025212782
0.418743955,-4.66600407,10.77248735,-0.560774306,0.313984732,0.053756141,1756822669,0.024652498
-0.069391855,-3.208775107,9.365507656,-0.43615778,0.241902634,0.010995574,1756822669,0.005042556
-0.404387019,-1.447657673,8.149953776,-0.355523586,0.1282817,0.006108652,1756822669,0.00280142
-0.629312344,-0.282353067,6.982256347,-0.323758559,0.012217305,-0.036651914,1756822669,-0.016808521
-0.748953474,0.59820565,5.594419239,-0.316428176,-0.145385927,-0.041538836,1756822669,-0.019049657
-0.760917587,1.213161058,4.524827537,-0.375071256,-0.287106679,-0.05253441,1756822669,-0.024092214
-0.813559684,1.593619852,3.76390995,-0.444709893,-0.372627795,-0.043982297,1756822669,-0.020170225
-0.866201781,1.753938966,3.060420105,-0.485027017,-0.372627795,-0.030543262,1756822669,-0.014007101
-0.928415169,1.66540453,2.050648968,-0.478918364,-0.349414916,-0.008552113,1756822669,-0.003921988
-0.830309442,1.526620819,0.698704199,-0.365297412,-0.372627795,0.063529985,1756822669,0.02913477
-0.732203716,1.332802188,-0.325423874,-0.252898209,-0.365297412,0.054977871,1756822669,0.025212782
-0.445065004,1.335195011,-0.54317073,-0.069638637,-0.414166631,0.10384709,1756822669,0.047624143
-0.031106694,1.579262916,0.473778875,0.07574729,-0.464257581,0.164933614,1756822669,0.075638345
0.41395831,1.974078645,2.830709136,0.163711884,-0.471587964,0.195476876,1756822669,0.089645446
0.866201781,2.395215423,5.845665612,0.296880506,-0.35918876,0.234572251,1756822669,0.107574535
1.060020412,2.847458894,8.85344362,0.310319558,-0.155159771,0.299323967,1756822669,0.13726959
1.119840977,3.412165028,11.83968622,0.412944901,0.124616509,0.315206445,1756822669,0.144553274
0.859023313,3.895515193,14.18943802,0.422718727,0.458148929,0.35918876,1756822669,0.164723508
0.622133876,4.063012775,15.33799287,0.454483755,0.791681366,0.3775147,1756822669,0.173127761
0.411565487,3.421736318,15.78545069,0.431270841,0.926071719,0.419053553,1756822669,0.192177426
-0.066999033,1.646261949,15.8500569,0.444709893,0.908967509,0.409279727,1756822669,0.187695161
-0.612562586,-0.72741807,16.27119368,0.751364226,0.772133696,0.279776297,1756822669,0.128305053
-0.825523797,-3.287738252,17.11825288,1.149648431,0.620639099,0.188146493,1756822669,0.086283742
-1.000199847,-4.378865358,18.66401628,1.408655222,0.463035868,0.125838239,1756822669,0.057709256
-1.177268719,-4.453042859,21.24108622,1.404990048,0.298102236,0.012217305,1756822669,0.005602841
-1.194018477,-4.264009873,21.74118614,1.200961023,-0.149051118,-0.190589954,1756822669,-0.08740431
-0.890130007,-4.548755763,20.70509396,0.879645978,-0.750142513,-0.251676478,1756822669,-0.115418512
-0.17467605,-5.07996238,19.20240137,0.510683339,-1.403768317,-0.350636647,1756822669,-0.16080152
1.038485008,-5.43888577,17.54896095,0.15393804,-2.113593689,-0.437379493,1756822669,-0.200581678
2.531606311,-5.233103026,15.84766408,-0.124616509,-2.77699339,-0.459370659,1756822669,-0.210666799
3.933800354,-4.412364874,13.92862035,-0.338419325,-3.335324305,-0.386066848,1756822669,-0.177049765
4.85025141,-3.35952293,11.93779195,-0.43493605,-3.698178135,-0.268780705,1756822669,-0.123262489
5.458028351,-1.741974853,9.58086169,-0.474031425,-3.899763716,-0.073303829,1756822669,-0.033617043
5.814558918,-0.356530567,7.1784678,-0.527787566,-3.859446662,0.073303829,1756822669,0.033617043
6.075376581,0.799202748,5.118247541,-0.520457183,-3.583335452,0.302989176,1756822669,0.13895045
6.388836342,1.301695494,3.665804223,-0.535117949,-3.100752019,0.459370659,1756822669,0.210666799
6.671189409,1.313659607,2.648854618,-0.491135634,-2.502104033,0.577878533,1756822669,0.265014359
6.771687958,1.182054364,2.062613081,-0.470366251,-1.98164685,0.612086969,1756822669,0.280702304
6.661618118,1.191625655,1.536192109,-0.467922755,-1.330464541,0.663399614,1756822669,0.304234218
6.336194245,1.270588801,1.127019445,-0.478918364,-0.690277702,0.692721163,1756822669,0.317681043
5.836094321,1.473978722,0.70827549,-0.554665654,-0.013439035,0.725707938,1756822669,0.332808736
5.142175767,1.562513158,0.452243471,-0.60231309,0.649960648,0.722042694,1756822669,0.33112786
4.462614149,1.49072848,0.445065004,-0.656069266,1.284038731,0.748920782,1756822669,0.343454117
3.627519062,1.423729447,0.650847747,-0.691499432,1.852143455,0.645073674,1756822669,0.295829965
2.88095841,1.174875897,0.878165894,-0.596204472,2.371378767,0.524122392,1756822669,0.240361861
2.139183404,0.803988394,1.222732349,-0.492357365,2.750115425,0.458148929,1756822669,0.210106515
1.442872028,0.373280326,1.596012674,-0.243124365,3.042108939,0.224798408,1756822669,0.103092264
0.787238635,0.002392823,2.299502519,0.118507856,3.197268692,0.037873645,1756822669,0.017368805
0.476171697,-0.102891372,3.754338659,0.50701813,3.220481606,-0.144164196,1756822669,-0.066113517
0.416351132,0.148355001,7.066005138,0.941954215,3.130073411,-0.228463599,1756822669,-0.104773115
0.165104759,0.937986459,12.44507034,1.20584791,2.954144205,-0.333532438,1756822669,-0.152957551
-0.421136778,1.782652837,16.15873102,1.150870144,2.610837958,-0.450818546,1756822669,-0.206744811
-1.287338559,1.818545176,16.16112384,1.011592817,2.083050427,-0.423940493,1756822669,-0.19441857
-1.622333723,1.44526485,15.45045553,0.869872099,1.49295466,-0.43493605,1756822669,-0.199461118
-1.004985492,1.351944769,16.2520511,0.839328837,0.83322022,-0.411723171,1756822669,-0.188815722
0.978664443,1.304088317,17.07518207,0.712268885,0.02565634,-0.222354947,1756822669,-0.101971695
1.713260982,0.342173632,18.2213441,0.504574687,-0.50701813,-0.089186325,1756822669,-0.040900735
1.797009773,-1.234696462,19.70010847,0.15271631,-0.491135634,-0.135612083,1756822669,-0.062191529
2.904886636,-2.684746957,19.5876458,-0.10140363,-0.335975881,-0.25534167,1756822669,-0.117099365
3.873979789,-4.280759631,19.11625975,-0.244346095,-0.30054568,-0.294437062,1756822669,-0.135028462
3.960121403,-5.510670448,18.29073595,-0.461814103,-0.211359372,-0.305432619,1756822669,-0.14007101
3.596412368,-6.180660776,16.87418498,-0.64018677,-0.037873645,-0.296880506,1756822669,-0.136149022
2.945564621,-6.16630384,15.01496181,-0.745255608,0.200363798,-0.251676478,1756822669,-0.115418512
2.206182437,-5.321637462,12.81835067,-0.807563845,0.414166631,-0.207694181,1756822669,-0.095248287
1.476371544,-3.833301805,10.81795097,-0.712268885,0.542448332,-0.232128791,1756822669,-0.106453968
0.923629524,-2.297109696,9.336793785,-0.619417386,0.537561392,-0.262672052,1756822669,-0.120461068
0.36849468,-1.20598259,8.291130309,-0.58276542,0.482583538,-0.243124365,1756822669,-0.111496524
-0.043070807,-0.270388954,7.128218525,-0.56443948,0.384845083,-0.196698607,1756822669,-0.090205731
-0.325423874,0.308674115,5.912664645,-0.60231309,0.315206445,-0.235793982,1756822669,-0.10813482
-0.545563553,0.617348231,4.831108829,-0.605978334,0.259006861,-0.226020138,1756822669,-0.103652547
-0.854237668,0.911665411,3.809373579,-0.626747734,0.218689755,-0.151494579,1756822669,-0.069475221
-1.048056299,1.182054364,2.792423974,-0.619417386,0.244346095,-0.151494579,1756822669,-0.069475221
-1.253839042,1.282552914,1.6199409,-0.588874125,0.232128791,-0.135612083,1756822669,-0.062191529
-1.37108735,1.18684001,0.428315245,-0.471587964,0.219911486,-0.089186325,1756822669,-0.040900735
-1.414158157,1.002592669,-0.390030084,-0.239459173,0.157603231,-0.111177473,1756822669,-0.050985847
-1.349551946,1.115055332,-0.634097989,-0.05253441,0.072082098,-0.05009095,1756822669,-0.022971646
-1.150947671,1.524227996,0.253639196,0.131946891,-0.010995574,-0.097738438,1756822669,-0.044822723
-0.885344362,2.065005904,2.404786713,0.221133216,-0.079412481,-0.091629786,1756822669,-0.042021303
-0.574277424,2.545963246,5.302494882,0.299323967,-0.014660766,-0.065973446,1756822669,-0.030255338
-0.528813795,2.988635427,8.260023615,0.361632204,0.058643063,-0.10262536,1756822669,-0.047063859
-0.909272588,3.462414302,11.00219831,0.415388345,0.235793982,-0.089186325,1756822669,-0.040900735
-1.287338559,4.05822713,13.6797668,0.442266432,0.453261989,-0.07574729,1756822669,-0.034737611
-1.548156222,4.063012775,15.00539052,0.471587964,0.632856352,0,1756822669,0
-1.521835174,3.385843979,15.97209086,0.50701813,0.64018677,0.020769418,1756822669,0.009524829
-1.452443318,1.581655739,16.31187166,0.570548115,0.412944901,0.053756141,1756822669,0.024652498
-1.902293967,-1.093519928,16.8239357,0.932180353,0.117286126,0.119729587,1756822669,0.054907836
-2.184647034,-3.302095188,17.41735571,1.413542126,-0.244346095,-0.009773844,1756822669,-0.004482272
-1.875972918,-4.505684956,17.93659821,1.651779587,-0.558330828,-0.073303829,1756822669,-0.033617043
-1.397408398,-4.744967216,20.49931121,1.668883883,-0.861319951,-0.131946891,1756822669,-0.060510676
-0.736989361,-4.673182538,21.50668953,1.444085388,-1.269378017,-0.228463599,1756822669,-0.104773115
0.382851616,-4.599005037,20.8893413,1.081231489,-1.791056931,-0.261450322,1756822669,-0.119900785
1.756331788,-4.89571504,19.59721709,0.682947354,-2.443460953,-0.237015712,1756822669,-0.108695104
3.337987527,-4.807180603,18.22852257,0.309097793,-3.12885182,-0.22968533,1756822669,-0.1053334
4.876572459,-4.527220359,16.59422473,-0.02687807,-3.707951944,-0.160046692,1756822669,-0.073397209
6.108876098,-3.809373579,14.47657673,-0.248011287,-4.170987777,0.029321531,1756822669,0.013446817
6.757331022,-2.586641231,11.9114709,-0.371406082,-4.360356105,0.199142068,1756822669,0.091326299
7.099504654,-1.036092186,9.126225396,-0.431270841,-4.28827392,0.299323967,1756822669,0.13726959
7.453642399,0.48813581,6.474977956,-0.432492606,-3.936415473,0.461814103,1756822669,0.211787359
7.688139014,1.462014609,4.05822713,-0.537561392,-3.385415168,0.637743326,1756822669,0.292468277
7.925028451,1.907079612,2.51246373,-0.509461626,-2.745228258,0.768468452,1756822669,0.352418653
8.07099063,1.976471468,1.5457634,-0.549778714,-2.047620278,0.85154616,1756822669,0.390517984
7.83170837,2.065005904,0.866201781,-0.549778714,-1.357342507,0.921184762,1756822669,0.422454158
7.336394092,2.194218324,0.593420005,-0.596204472,-0.663399614,0.918741301,1756822669,0.42133359
6.781259248,2.330609212,0.579063069,-0.665843145,0.091629786,0.895528457,1756822669,0.41068821
6.197410534,2.26361018,0.624526699,-0.695164676,0.824668072,0.895528457,1756822669,0.41068821
5.400600608,2.234896308,0.715453957,-0.695164676,1.610240803,0.856433064,1756822669,0.392759112
4.431507455,2.191825502,0.820738152,-0.69882985,2.092824376,0.807563845,1756822669,0.370347751
3.476771238,2.045863323,1.055234767,-0.60353489,2.701246153,0.663399614,1756822670,0.304234218
2.486142681,1.823330821,1.447657673,-0.480140077,3.029891686,0.533896218,1756822670,0.244844125
1.605583965,1.476371544,1.713260982,-0.272445896,3.3218852,0.296880506,1756822670,0.136149022
0.794417103,1.213161058,2.452643165,0.125838239,3.505144772,0.171042267,1756822670,0.078439766
0.401994197,1.1964113,3.768695595,0.425162223,3.547905286,0.015882496,1756822670,0.007283692
0.040677984,1.485942835,7.635496917,0.741590434,3.499036015,-0.125838239,1756822670,-0.057709256
-0.411565487,2.129612114,12.5671043,0.913854414,3.401297734,-0.20402899,1756822670,-0.093567435
-1.277767268,2.648854618,15.46241964,0.932180353,3.127629967,-0.278554549,1756822670,-0.127744761
-2.165504453,1.864008805,15.27338666,0.752585956,2.618168324,-0.304210889,1756822670,-0.139510726
-2.191825502,1.232303639,15.63470287,0.75747293,2.103819898,-0.277332818,1756822670,-0.127184477
-1.404586866,0.756131942,16.62772425,0.791681366,1.37811196,-0.200363798,1756822670,-0.091886583
0.334995164,0.535992262,17.34078538,0.748920782,0.346971438,0.080634211,1756822670,0.036978746
0.311066938,-0.796809926,18.69273015,0.551000445,-0.240680904,0.197920337,1756822670,0.090766014
0.710668312,-2.210968082,19.55653911,0.289550123,-0.404392788,0.149051118,1756822670,0.068354653
1.820937999,-3.517449222,19.7360008,0.141720735,-0.458148929,0.080634211,1756822670,0.036978746
2.87138712,-4.998606411,19.53500371,-0.070860368,-0.612086969,0.02565634,1756822670,0.011765965
3.29491672,-6.094519162,18.30509289,-0.312763002,-0.664621414,0.094073247,1756822670,0.043141871
3.314059301,-6.553941101,16.6014032,-0.572991628,-0.552222158,0.057421332,1756822670,0.02633335
3.026920589,-6.240481341,14.37129254,-0.788016192,-0.41050144,0.07574729,1756822670,0.034737611
2.68713978,-5.252245607,11.78943695,-0.853989603,-0.23090706,0.090408055,1756822670,0.041461019
2.380858487,-3.797409466,9.628718142,-0.866206925,-0.119729587,0.083077672,1756822670,0.038099315
2.000399694,-2.318645099,8.116454259,-0.739146903,-0.062308254,0.037873645,1756822670,0.017368805
1.581655739,-1.198804123,6.941578363,-0.646295405,-0.017104227,0.041538836,1756822670,0.019049657
1.277767268,-0.495314278,5.649454159,-0.625526004,0.02565634,-0.028099801,1756822670,-0.012886533
1.026520895,-0.002392823,4.366901245,-0.673173492,0.065973446,-0.05009095,1756822670,-0.022971646
0.748953474,0.399601374,3.211167929,-0.676838666,0.150272849,-0.096516708,1756822670,-0.044262439
0.430708068,0.610169763,2.400001068,-0.739146903,0.223576677,-0.105068821,1756822670,-0.048184427
0.167497582,0.672383151,1.452443318,-0.669508319,0.397062405,-0.083077672,1756822670,-0.038099315
-0.086141614,0.672383151,0.18424734,-0.54611354,0.504574687,-0.085521133,1756822670,-0.039219883
-0.390030084,0.758524764,-0.933200814,-0.356745317,0.548556984,-0.135612083,1756822670,-0.062191529
-0.497707101,0.94755775,-1.313659607,-0.174707458,0.616973856,-0.150272849,1756822670,-0.068914937
-0.421136778,1.239482107,-0.401994197,-0.05253441,0.608421795,-0.210137642,1756822670,-0.096368855
-0.107677017,1.50029977,1.935793483,0.062308254,0.626747734,-0.17959438,1756822670,-0.082361754
0.191425808,1.84965187,4.792823668,0.130725161,0.73670346,-0.183259571,1756822670,-0.084042606
0.11006984,2.244467599,8.066204985,0.313984732,0.951728024,-0.252898209,1756822670,-0.115978796
-0.277567422,2.737389054,11.40897816,0.431270841,1.221730476,-0.241902634,1756822670,-0.11093624
-0.993021379,3.481556883,14.03151173,0.421497014,1.462411398,-0.274889357,1756822670,-0.126063909
-1.909472435,3.823730515,14.62014609,0.41050144,1.676214231,-0.257785131,1756822670,-0.118219933
-2.330609212,3.251845913,15.34995698,0.415388345,1.692096657,-0.290771853,1756822670,-0.133347601
-2.900100991,1.911865257,16.22333723,0.403171057,1.543045662,-0.190589954,1756822670,-0.08740431
-3.835694628,-0.516849682,17.05603949,0.574213359,1.24494339,-0.147829388,1756822670,-0.067794369
-4.948357137,-3.565305674,17.71406571,1.034805731,0.91018924,-0.135612083,1756822670,-0.062191529
-5.099104961,-5.053641331,18.168702,1.362229534,0.502131226,-0.323758559,1756822670,-0.148475263
-4.677968183,-5.544169964,20.91326952,1.440420214,0.015882496,-0.401949344,1756822670,-0.184333457
-4.007977855,-5.474778109,22.68874389,1.314581993,-0.590095838,-0.464257581,1756822670,-0.212907935
-2.684746957,-5.819344563,22.02832486,0.962723615,-1.596801698,-0.636521596,1756822670,-0.291907993
-1.184447187,-6.132804324,20.36292033,0.671951762,-2.206445205,-0.604756621,1756822670,-0.277340616
0.555134843,-6.008377549,18.01077571,0.395840674,-3.038443625,-0.526565835,1756822670,-0.241482421
2.56749865,-5.185246574,15.65384545,0.161268423,-3.849672853,-0.461814103,1756822670,-0.211787359
4.046263017,-4.165904147,13.2873439,0.056199602,-4.426329533,-0.337197611,1756822670,-0.154638395
5.245067139,-2.945564621,10.45902758,-0.02687807,-4.873483062,-0.061086524,1756822670,-0.028014202
5.812166095,-1.550549045,7.487141915,-0.068416907,-5.131268001,0.057421332,1756822670,0.02633335
6.245266986,-0.100498549,4.807180603,-0.112399204,-5.116607305,0.332310707,1756822670,0.152397267
6.752545377,0.83748791,3.050848815,-0.20402899,-4.818504772,0.498466017,1756822670,0.22859588
7.245466833,1.61036961,1.548156222,-0.188146493,-4.266282858,0.731816555,1756822670,0.33561014
7.664210788,2.139183404,0.58863436,-0.243124365,-3.56989633,0.853989603,1756822670,0.391638544
7.795816031,2.691925425,0.004785645,-0.155159771,-2.827084253,0.845437472,1756822670,0.387716548
7.645068207,3.125026316,-0.406779842,-0.232128791,-2.031737852,0.790459636,1756822670,0.362503782
7.24307401,3.527020512,-0.550349198,-0.312763002,-1.149648431,0.709825372,1756822670,0.325525011
6.604190376,3.842873096,-0.547956375,-0.461814103,-0.147829388,0.598647916,1756822670,0.274539172
5.759523998,4.019941968,-0.457029117,-0.646295405,0.873537273,0.518013722,1756822670,0.237560433
4.934000201,4.065405597,-0.196211453,-0.797789984,1.819156732,0.399505848,1756822670,0.183212873
4.063012775,3.723231966,0.296710002,-0.761138104,2.723237214,0.131946891,1756822670,0.060510676
3.203989461,3.170489945,0.96670033,-0.69882985,3.24369452,-0.069638637,1756822670,-0.03193619
2.445464697,2.64167615,2.012363807,-0.503352956,3.67374363,-0.2565634,1756822670,-0.117659648
2.014756629,2.148754695,4.046263017,-0.211359372,3.938858934,-0.54611354,1756822670,-0.250446974
1.875972918,2.105683888,7.563712239,0.151494579,4.069584182,-0.629191178,1756822670,-0.288546273
1.512263883,2.459821633,12.85424301,0.312763002,3.998723867,-0.810007306,1756822670,-0.371468319
-0.145962179,2.773281393,16.00080473,0.240680904,3.775147224,-0.7562512,1756822670,-0.346815837
-0.976271621,1.990828403,15.13460294,0.284663184,3.554014043,-0.671951762,1756822670,-0.308156222
-1.25144622,0.859023313,15.40977754,0.599869646,2.6609291,-0.503352956,1756822670,-0.230837024
-0.768096055,0.593420005,17.426927,0.817337724,1.649336143,-0.343306264,1756822670,-0.157439815
0.356530567,-0.421136778,17.27857199,0.960280154,0.689055989,-0.10262536,1756822670,-0.047063859
-0.490528633,-1.92382937,20.08296008,0.669508319,0.433714319,-0.169820536,1756822670,-0.077879481
-0.205782744,-2.644068973,21.09273122,0.630412908,0.426383936,-0.160046692,1756822670,-0.073397209
1.378265818,-5.38385085,18.64008805,-0.235793982,0.054977871,-0.337197611,1756822670,-0.154638395
1.643869126,-5.895914886,16.98425481,-0.668286588,-0.284663184,-0.164933614,1756822670,-0.075638345
1.612762432,-6.338587067,13.80419358,-0.728151381,-0.324980324,-0.120951317,1756822670,-0.05546812
1.438086383,-5.86241537,11.78943695,-0.860098238,-0.349414916,-0.10140363,1756822670,-0.046503576
1.263410333,-4.886143749,9.858429112,-0.860098238,-0.343306264,-0.10140363,1756822670,-0.046503576
1.148554848,-3.40498656,8.24566668,-0.879645978,-0.343306264,-0.157603231,1756822670,-0.072276641
0.988235734,-2.15354034,7.094719009,-0.807563845,-0.320093385,-0.15393804,1756822670,-0.070595789
0.753739119,-1.311266785,5.855236902,-0.791681366,-0.30665435,-0.206472451,1756822670,-0.094688003
0.579063069,-0.732203716,4.587040924,-0.810007306,-0.267558974,-0.249233017,1756822670,-0.114297944
0.382851616,-0.401994197,3.366701398,-0.800233427,-0.197920337,-0.268780705,1756822670,-0.123262489
0.112462662,-0.17467605,2.199003969,-0.785572661,-0.096516708,-0.265115513,1756822670,-0.121581637
-0.165104759,-0.098105727,1.194018477,-0.735481729,0.02565634,-0.271224166,1756822670,-0.124383057
-0.390030084,-0.114855485,0.217746857,-0.58276542,0.136833813,-0.261450322,1756822670,-0.119900785
-0.579063069,-0.100498549,-0.713061135,-0.378736465,0.212581103,-0.302989176,1756822670,-0.13895045
-0.648454925,-0.148355001,-1.107876864,-0.10140363,0.244346095,-0.294437062,1756822670,-0.135028462
-0.562313311,0.071784678,-0.555134843,0.106290551,0.278554549,-0.271224166,1756822670,-0.124383057
-0.256032018,0.339780809,1.399801221,0.246789556,0.323758559,-0.272445896,1756822670,-0.124943341
0.203389921,0.863808959,4.429114633,0.366519143,0.43615778,-0.243124365,1756822670,-0.111496524
0.54317073,1.421336624,7.506284496,0.441044702,0.585208881,-0.268780705,1756822670,-0.123262489
0.382851616,1.995614048,10.52124097,0.554665654,0.836885394,-0.274889357,1756822670,-0.126063909
-0.246460728,2.699103893,13.90708495,0.54611354,1.095892255,-0.213802833,1756822670,-0.098049707
-1.170090251,3.376272689,15.605989,0.527787566,1.353677333,-0.250454748,1756822670,-0.114858228
-1.832902112,3.354737285,16.46740513,0.508239896,1.540602078,-0.261450322,1756822670,-0.119900785
-2.244467599,2.323430745,17.18046627,0.478918364,1.491732929,-0.20402899,1756822670,-0.093567435
-3.529413335,-0.172283227,17.72602982,0.632856352,1.31946888,-0.109955743,1756822670,-0.050425564
-4.950749959,-3.400200915,18.70469426,1.078788028,0.995710321,-0.144164196,1756822670,-0.066113517
-5.000999234,-4.677968183,19.25743628,1.332908002,0.614530412,-0.199142068,1756822670,-0.091326299
-4.77607391,-5.046462863,21.46601154,1.464854841,0.10384709,-0.257785131,1756822670,-0.118219933
-4.512863424,-4.89571504,22.54996018,1.345125255,-0.526565835,-0.376292969,1756822670,-0.172567476
-3.711267853,-4.752145684,21.88714832,1.059240306,-1.30236474,-0.480140077,1756822670,-0.220191628
-2.036292033,-4.869393991,19.80299984,0.725707938,-2.166128152,-0.555887367,1756822670,-0.254929238
-0.224925324,-4.515256246,17.42931982,0.379958178,-3.037222034,-0.585208881,1756822670,-0.268376047
1.725225095,-3.986442452,15.01256899,0.063529985,-3.816685886,-0.472809694,1756822670,-0.216829923
3.426521963,-3.249453091,12.5359976,-0.233350521,-4.462981552,-0.317649941,1756822670,-0.145673858
4.744967216,-2.165504453,10.04506927,-0.421497014,-4.946786577,-0.080634211,1756822670,-0.036978746
5.484349399,-0.861416136,7.530212722,-0.520457183,-5.149593749,0.118507856,1756822670,0.054347552
6.099304807,0.401994197,4.934000201,-0.632856352,-5.061629538,0.393397231,1756822670,0.180411469
6.640082715,1.308873962,2.756531635,-0.615752143,-4.645019533,0.670730032,1756822670,0.307595938
7.04925538,1.856830338,1.438086383,-0.533896218,-4.148996715,0.882089421,1756822670,0.404525085
7.300501753,2.076970017,0.595812827,-0.378736465,-3.457497353,1.044579522,1756822670,0.479042838
7.300501753,2.407179536,0.105284194,-0.243124365,-2.682920144,1.122770343,1756822670,0.514901049
6.955935298,2.615355102,0.016749758,-0.234572251,-1.855808629,1.044579522,1756822670,0.479042838
6.250052631,2.854637362,-0.186640163,-0.273667627,-0.990823416,0.946841119,1756822670,0.434220131
5.491527867,3.151347364,-0.535992262,-0.425162223,-0.07696902,0.823446341,1756822670,0.377631443
4.680361006,3.333201882,-0.722632425,-0.553443888,0.818559454,0.669508319,1756822670,0.307035662
3.816552047,3.218346397,-0.638883634,-0.671951762,1.624901499,0.510683339,1756822670,0.234198729
3.053241638,2.773281393,-0.088534436,-0.715934059,2.388483186,0.246789556,1756822670,0.113177376
2.467000101,2.124826469,0.701097022,-0.625526004,2.805093191,0.021991149,1756822670,0.010085113
2.002792516,1.423729447,1.751546143,-0.481361808,3.16672543,-0.235793982,1756822671,-0.10813482
1.682154288,0.794417103,3.282952607,-0.138055544,3.382971724,-0.481361808,1756822671,-0.220751912
1.624726545,0.342173632,6.214160292,0.28099801,3.434284439,-0.649960648,1756822671,-0.298071125
1.648654771,0.638883634,11.46162025,0.593761012,3.367089158,-0.751364226,1756822671,-0.344574677
1.339980656,1.14137638,16.3788707,0.800233427,3.266907172,-0.81489421,1756822671,-0.373709447
0.528813795,0.983450089,17.88156329,0.725707938,2.960252962,-0.818559454,1756822671,-0.375390323
0.047856452,0.23928226,17.05364667,0.774577139,2.480112972,-0.789237905,1756822671,-0.361943498
0.519242504,-0.519242504,17.89592023,0.918741301,1.754404912,-0.689055989,1756822671,-0.316000199
2.275574293,-1.045663476,17.24507248,1.064127262,0.701273293,-0.458148929,1756822671,-0.210106515
2.407179536,-2.132004937,19.08036741,1.087340107,-0.07574729,-0.283441471,1756822671,-0.129985898
2.500499617,-3.333201882,21.42054792,0.785572661,-0.215024564,-0.35918876,1756822671,-0.164723508
3.452843012,-4.165904147,21.60479526,0.547335271,-0.211359372,-0.401949344,1756822671,-0.184333457
4.352544309,-5.125426009,20.6883442,0.246789556,-0.287106679,-0.382401639,1756822671,-0.175368905
4.663611247,-6.034698597,19.09472435,-0.145385927,-0.337197611,-0.307876063,1756822671,-0.14119157
4.457828504,-6.446264084,17.15653804,-0.474031425,-0.293215297,-0.169820536,1756822671,-0.077879481
3.988835274,-6.317051664,14.84507141,-0.783129218,-0.138055544,-0.147829388,1756822671,-0.067794369
3.41455785,-5.541777142,12.3876426,-0.974940938,0.095294977,-0.083077672,1756822671,-0.038099315
2.670390022,-4.295116567,10.07139032,-0.981049555,0.301767445,-0.15393804,1756822671,-0.070595789
2.065005904,-2.519642198,8.047062404,-0.8906415,0.472809694,-0.090408055,1756822671,-0.041461019
1.560120335,-1.170090251,6.534798521,-0.761138104,0.594982742,-0.196698607,1756822671,-0.090205731
1.028913718,-0.260817663,5.106283428,-0.7550294,0.704938467,-0.212581103,1756822671,-0.097489423
0.624526699,0.315852583,3.716053498,-0.724486138,0.729373112,-0.25534167,1756822671,-0.117099365
0.122033953,0.567098956,2.459821633,-0.654847535,0.784350948,-0.263893783,1756822671,-0.121021353
-0.387637261,0.710668312,1.354337592,-0.605978334,0.81489421,-0.271224166,1756822671,-0.124383057
-0.815952507,0.770488877,0.567098956,-0.481361808,0.856433064,-0.34086282,1756822671,-0.156319255
-1.14137638,0.839880733,-0.090927259,-0.398284135,0.916297857,-0.375071256,1756822671,-0.1720072
-1.347159124,0.995414202,-0.729810893,-0.190589954,0.943175945,-0.415388345,1756822671,-0.190496566
-1.423729447,1.165304606,-1.000199847,-0.091629786,0.927293449,-0.404392788,1756822671,-0.185454017
-1.167697429,1.512263883,-0.196211453,0.083077672,0.840550568,-0.389732022,1756822671,-0.178730609
-0.875773072,1.916650903,2.048256146,0.105068821,0.801455158,-0.344527994,1756822671,-0.158000099
-0.516849682,2.579462763,4.919643266,0.141720735,0.703716754,-0.241902634,1756822671,-0.11093624
-0.524028149,3.180061235,7.446463931,0.140499005,0.777020583,-0.271224166,1756822671,-0.124383057
-1.026520895,3.790230998,10.63370363,0.156381501,1.027475313,-0.28221974,1756822671,-0.129425613
-1.806581063,4.264009873,13.63191035,0.168598806,1.303586453,-0.335975881,1756822671,-0.154078111
-1.612762432,0.794417103,13.96451269,0.07819075,1.527163095,-0.441044702,1756822671,-0.202262538
-2.407179536,3.431307608,15.98166215,0.254119939,1.472185189,-0.287106679,1756822671,-0.131666757
-2.859423007,2.005185339,16.07737505,0.182037841,1.323134071,-0.331088942,1756822671,-0.151836967
-3.486342528,-1.038485008,16.36212094,0.389732022,0.905302266,-0.029321531,1756822671,-0.013446817
-4.19701084,-4.541577295,18.28834313,1.075122784,0.51190507,-0.079412481,1756822671,-0.036418463
-4.661218425,-6.448656907,19.0157612,1.562593262,0.085521133,-0.174707458,1756822671,-0.080120618
-4.398007939,-7.020541508,21.87518421,1.7898352,-0.252898209,-0.317649941,1756822671,-0.145673858
-3.83808745,-6.46062102,23.68894374,1.738522485,-0.711047172,-0.421497014,1756822671,-0.193297994
-3.036491879,-5.833701499,22.6049951,1.372003342,-1.331686272,-0.516792009,1756822671,-0.237000157
-1.820937999,-4.886143749,19.73121516,0.916297857,-2.206445205,-0.652404092,1756822671,-0.299191686
-0.093320081,-5.094319315,17.66620926,0.41783184,-3.077539105,-0.636521596,1756822671,-0.291907993
2.09850542,-5.063212622,15.64188134,-0.07696902,-3.809355538,-0.58398715,1756822671,-0.267815763
3.842873096,-4.199403663,13.18923817,-0.332310707,-4.444655543,-0.401949344,1756822671,-0.184333457
4.979463831,-2.976671314,10.55234767,-0.485027017,-4.836831043,-0.193033415,1756822671,-0.088524878
5.740381417,-1.579262916,7.676174901,-0.574213359,-4.979773544,-0.00122173,1756822671,-0.000560284
6.271588035,-0.031106694,5.213960445,-0.56321775,-4.893030663,0.186924763,1756822671,0.085723458
6.802794652,1.155733316,3.194418171,-0.60353489,-4.530176572,0.428827397,1756822671,0.196659698
7.312465866,1.931007838,1.615155255,-0.537561392,-3.988950058,0.616973856,1756822671,0.282943424
7.525427077,2.411965181,0.600598473,-0.498466017,-3.354871906,0.796568253,1756822671,0.365305186
7.477570625,2.474178568,0.165104759,-0.362853969,-2.581516566,0.940732502,1756822671,0.431418727
7.04925538,2.608176634,0.014356936,-0.285884914,-1.78861347,0.924850006,1756822671,0.424135035
6.407978923,2.636890505,-0.059820565,-0.299323967,-0.874759004,0.864985195,1756822671,0.396681109
5.572883835,2.943171798,-0.306281293,-0.372627795,0.028099801,0.751364226,1756822671,0.344574677
4.804787781,3.153740187,-0.315852583,-0.427605667,0.916297857,0.588874125,1756822671,0.270056924
3.890729548,3.335594704,-0.224925324,-0.58398715,1.750739738,0.452040276,1756822671,0.207305095
3.043670347,3.086741154,0.090927259,-0.560774306,2.493551815,0.317649941,1756822671,0.145673858
2.199003969,2.526820666,0.631705166,-0.547335271,3.04577399,0.045204028,1756822671,0.02073051
1.49072848,1.78504566,1.452443318,-0.381179909,3.447723282,-0.175929189,1756822671,-0.080680902
1.093519928,1.016949605,3.266202849,-0.05131268,3.7250561,-0.444709893,1756822671,-0.20394339
0.964307508,0.808774039,6.802794652,0.296880506,3.820351182,-0.597426203,1756822671,-0.273978896
0.744167829,3.400200915,11.36351453,0.735481729,3.780034129,-0.701273293,1756822671,-0.321603039
0.071784678,1.85922316,16.5487611,0.764803278,3.771481911,-0.720820964,1756822671,-0.330567576
0.150747824,0.189032985,17.76431498,0.828333246,3.387858628,-0.770911896,1756822671,-0.353539213
-1.203589768,0.713061135,17.01536151,0.926071719,2.790432495,-0.714712346,1756822671,-0.327766171
-0.658026215,0.636490812,19.18565161,1.031140557,1.71286611,-0.620639099,1756822671,-0.2846243
0.461814762,0.179461695,19.11147411,1.160643953,0.593761012,-0.437379493,1756822671,-0.200581678
-0.155533469,-1.301695494,20.22413662,1.075122784,-0.195476876,-0.295658793,1756822671,-0.135588746
0.241675083,-2.09850542,22.04746744,0.785572661,-0.398284135,-0.437379493,1756822671,-0.200581678
0.825523797,-2.914457927,22.35853437,0.566882941,-0.454483755,-0.426383936,1756822671,-0.19553913
2.242074776,-4.007977855,21.07358864,0.161268423,-0.604756621,-0.43615778,1756822671,-0.200021402
2.790031152,-5.044070041,18.99183298,-0.248011287,-0.792903079,-0.311541271,1756822671,-0.14287243
3.031706234,-5.723631659,16.46022667,-0.67928211,-0.85154616,-0.245567826,1756822671,-0.112617092
2.964707201,-5.941378516,13.99083374,-0.968832233,-0.789237905,-0.096516708,1756822671,-0.044262439
2.804388087,-5.675775207,11.69133122,-1.136209308,-0.638965057,-0.118507856,1756822671,-0.054347552
2.352144616,-4.780859555,9.492327254,-1.137431039,-0.423940493,-0.073303829,1756822671,-0.033617043
1.966900177,-3.565305674,7.530212722,-1.031140557,-0.234572251,-0.120951317,1756822671,-0.05546812
1.483550012,-2.388036955,5.915057467,-0.929736893,-0.031764992,-0.1282817,1756822671,-0.058829824
0.983450089,-1.313659607,3.972085516,-0.834441933,0.222354947,-0.190589954,1756822671,-0.08740431
0.736989361,-0.890130007,2.519642198,-0.720820964,0.304210889,-0.200363798,1756822671,-0.091886583
0.433100891,-0.890130007,1.304088317,-0.653625822,0.399505848,-0.237015712,1756822671,-0.108695104
0.059820565,-0.574277424,0.361316213,-0.500909513,0.466701042,-0.206472451,1756822671,-0.094688003
-0.535992262,-0.057427742,-0.220139679,-0.379958178,0.552222158,-0.223576677,1756822671,-0.102531979
-0.200997098,-1.146162025,-0.076570323,-0.174707458,0.626747734,-0.291993584,1756822671,-0.133907886
-2.16311163,-1.988435581,-1.469193076,0.072082098,0.629191178,-0.375071256,1756822671,-0.1720072
-0.8470592,-0.253639196,-0.914058233,0.454483755,0.778242313,-0.356745317,1756822671,-0.163602948
-0.406779842,0.78245299,0.406779842,0.524122392,0.799011714,-0.339641055,1756822671,-0.155758955
0.004785645,1.150947671,2.505285262,0.610865238,0.768468452,-0.287106679,1756822671,-0.131666757
0.301495648,1.80418824,5.003392057,0.648738848,0.77579887,-0.190589954,1756822671,-0.08740431
0.378065971,2.359323084,7.465606512,0.681725623,0.751364226,-0.183259571,1756822671,-0.084042606
-0.193818631,2.464607278,10.37288597,0.620639099,0.87109383,-0.062308254,1756822671,-0.028574486
-1.497906948,4.405186407,13.22513051,0.520457183,1.142317943,-0.141720735,1756822671,-0.064992949
-2.648854618,5.50349198,15.46481246,0.365297412,1.35978609,-0.257785131,1756822671,-0.118219933
-3.431307608,5.118247541,17.1206457,0.089186325,1.353677333,-0.581543707,1756822671,-0.266695203
-2.555534537,3.562912851,17.13021699,0.131946891,1.091005281,-0.118507856,1756822671,-0.054347552
-3.730410433,0.751346296,18.50130434,0.338419325,0.649960648,-0.008552113,1756822671,-0.003921988
-4.589433747,-2.589034053,20.14756629,0.79534654,0.190589954,-0.040317106,1756822671,-0.018489373
-3.665804223,-3.273381317,20.38206291,1.18630031,-0.324980324,0.086742864,1756822671,0.039780167
-3.603590836,-3.797409466,23.21277204,1.362229534,-0.767246722,0.285884914,1756822671,0.131106457
-3.462414302,-5.345565688,24.12204463,1.163087396,-1.202182736,-0.057421332,1756822671,-0.02633335
-2.514856553,-4.204189308,21.62633066,0.943175945,-1.909564804,-0.206472451,1756822671,-0.094688003
-0.602991295,-4.206582131,18.86501338,0.51190507,-2.722015624,-0.287106679,1756822671,-0.131666757
0.954736217,-4.106083582,16.29033626,0.138055544,-3.472158049,-0.251676478,1756822671,-0.115418512
2.684746957,-3.933800354,14.01476197,-0.266337244,-4.128227262,-0.167377075,1756822671,-0.076758913
4.163511324,-3.196810994,11.55972598,-0.533896218,-4.585154321,-0.014660766,1756822671,-0.006723409
5.290530769,-2.251646067,8.96351346,-0.663399614,-4.809952816,0.162490153,1756822671,0.074517777
5.948556984,-1.004985492,6.477370778,-0.836885394,-4.769635762,0.382401639,1756822671,0.175368905
6.46062102,0.284745889,4.192225195,-0.846659185,-4.480085692,0.638965057,1756822671,0.293028561
6.860222394,0.744167829,2.234896308,-0.827111515,-3.976732805,0.862541681,1756822671,0.395560516
7.106683122,1.026520895,0.870987426,-0.638965057,-3.401297734,1.094670524,1756822671,0.502014508
7.133004171,0.842273555,0.196211453,-0.449596815,-2.735454467,1.208291494,1756822671,0.55412094
6.855436749,0.851844846,-0.076570323,-0.272445896,-2.064724557,1.28159527,1756822671,0.587737958
6.15673255,0.906879765,0.002392823,-0.117286126,-1.238834755,1.200961023,1756822671,0.550759195
6.721438683,-0.021535403,-1.387837108,-0.009773844,0.064751715,1.126435517,1756822671,0.516581893
4.778466732,1.643869126,-0.397208552,0.180816111,0.515570278,1.011592817,1756822671,0.463915177
4.110869227,1.954936064,-0.052642097,0.167377075,1.518611017,0.748920782,1756822671,0.343454117
3.371487043,2.579462763,0.011964113,0.07819075,2.244318815,0.454483755,1756822671,0.208425671
2.505285262,2.620140747,0.361316213,-0.002443461,2.811201948,0.276111088,1756822671,0.126624193
1.797009773,2.57706994,1.045663476,0.009773844,3.219259753,-0.032986723,1756822671,-0.015127669
1.174875897,2.378465664,2.261217357,0.1282817,3.4367279,-0.251676478,1756822671,-0.115418512
1.004985492,1.840080579,5.369493914,0.343306264,3.549127139,-0.464257581,1756822671,-0.212907935
0.777667345,2.20857526,10.62173952,0.570548115,3.568674739,-0.536339679,1756822672,-0.245964694
0.330209519,2.569891472,15.64427416,0.609643508,3.545461825,-0.610865238,1756822672,-0.28014202
-0.748953474,2.055434613,18.10409579,0.510683339,3.420845334,-0.619417386,1756822672,-0.284064024
-1.473978722,0.885344362,17.47239063,0.492357365,3.000570015,-0.535117949,1756822672,-0.24540441
-1.203589768,-0.655633392,17.69731595,0.656069266,2.151467317,-0.304210889,1756822672,-0.139510726
-0.148355001,-1.581655739,17.72124418,0.860098238,0.965167059,-0.069638637,1756822672,-0.03193619
0.033499516,-3.412165028,19.62353814,1.038470905,-0.015882496,0.05009095,1756822672,0.022971646
0.65324057,-5.08953367,22.08096695,0.999375495,-0.509461626,-0.017104227,1756822672,-0.007843977
1.962114532,-5.182853752,22.89691946,1.034805731,-0.73792519,-0.125838239,1756822672,-0.057709256
2.694318248,-5.247459962,21.75554308,0.926071719,-0.894306744,-0.20525072,1756822672,-0.094127719
3.584448255,-6.049055533,20.22413662,0.647517118,-1.075122784,-0.1282817,1756822672,-0.058829824
3.270988494,-5.249852784,18.07538192,0.1282817,-1.160643953,-0.030543262,1756822672,-0.014007101
2.462214455,-4.689932296,15.605989,-0.260228591,-1.065348993,0.02443461,1756822672,0.011205681
3.376272689,-4.144368743,13.28016543,-0.569326385,-0.895528457,0.054977871,1756822672,0.025212782
2.809173732,-2.275574293,10.68873855,-0.712268885,-0.687834258,0.12950343,1756822672,0.059390108
2.651247441,-1.129412267,8.616554183,-0.75747293,-0.496022573,0.138055544,1756822672,0.063312097
2.08893413,0.031106694,6.838686991,-0.768468452,-0.263893783,0.158824962,1756822672,0.072836925
1.411765334,0.729810893,4.931607379,-0.744033878,-0.085521133,0.210137642,1756822672,0.096368855
1.019342428,0.58863436,3.486342528,-0.707381928,0.124616509,0.219911486,1756822672,0.100851127
0.356530567,1.421336624,1.677368643,-0.662177901,0.118507856,0.171042267,1756822672,0.078439766
-0.028713871,0.792024281,0.949950572,-0.557109097,0.277332818,0.109955743,1756822672,0.050425564
-0.698704199,0.583848714,0.203389921,-0.464257581,0.524122392,0.07696902,1756822672,0.035297895
-1.119840977,0.442672181,-0.11964113,-0.266337244,0.673173492,0.07819075,1756822672,0.035858178
-0.94755775,0.212961211,-0.59820565,0.017104227,0.774577139,0.05009095,1756822672,0.022971646
-1.112662509,-0.019142581,-0.909272588,0.305432619,0.902858822,0.147829388,1756822672,0.067794369
-0.937986459,0.131605243,-0.600598473,0.58398715,0.96761052,0.206472451,1756822672,0.094688003
-0.698704199,0.753739119,0.631705166,0.701273293,0.94806285,0.270002435,1756822672,0.123822773
-0.4235296,1.672582997,2.840280426,0.632856352,0.770911896,0.317649941,1756822672,0.145673858
-0.425922423,3.041277525,5.417350366,0.566882941,0.673173492,0.334754151,1756822672,0.153517827
-0.859023313,3.854837209,8.551947972,0.237015712,0.585208881,0.266337244,1756822672,0.122141921
-1.753938966,5.458028351,11.49033413,-0.045204028,0.712268885,0.05131268,1756822672,0.02353193
-2.330609212,5.560919722,14.081761,-0.333532438,0.922406475,-0.233350521,1756822672,-0.107014252
-2.711068006,4.575076811,15.2781723,-0.504574687,0.957836711,-0.585208881,1756822672,-0.268376047
-1.225125171,3.474378415,15.51027609,-0.364075699,0.601091377,0.167377075,1756822672,0.076758913
-2.120040824,0.445065004,15.41456319,-0.174707458,0.130725161,0.2565634,1756822672,0.117659648
-2.450250342,-2.275574293,16.80000747,0.267558974,-0.274889357,0.327423768,1756822672,0.150156123
-2.266003002,-4.421936165,19.94417637,0.91018924,-0.570548115,0.164933614,1756822672,0.075638345
-1.124626622,-3.869194144,20.58545283,1.546710835,-0.946841119,0.243124365,1756822672,0.111496524
-0.787238635,-5.560919722,23.40180503,1.814269705,-1.226617381,0.491135634,1756822672,0.225234176
-1.167697429,-5.297709236,24.02872455,1.650557874,-1.49295466,-0.202807259,1756822672,-0.093007151
-0.569491779,-4.680361006,22.20300091,1.401324874,-1.876577959,-0.296880506,1756822672,-0.136149022
0.82791662,-4.429114633,19.32922096,0.87109383,-2.517986582,-0.294437062,1756822672,-0.135028462
2.361715906,-4.065405597,16.78804336,0.382401639,-3.218038162,-0.28099801,1756822672,-0.128865329
3.766302772,-3.603590836,14.34257866,-0.072082098,-3.869220454,-0.186924763,1756822672,-0.085723458
4.998606411,-2.672782844,11.53579775,-0.399505848,-4.344473539,-0.007330383,1756822672,-0.003361704
5.804987628,-1.469193076,8.827122571,-0.620639099,-4.614476271,0.244346095,1756822672,0.112056808
6.077769404,-0.050249275,6.185446421,-0.741590434,-4.591263095,0.474031425,1756822672,0.217390208
6.305087551,0.945164927,4.094119469,-0.751364226,-4.322482495,0.774577139,1756822672,0.355220089
6.391229165,1.232303639,2.569891472,-0.773355409,-3.833790305,0.963945346,1756822672,0.442064108
6.467799488,1.13180509,1.61036961,-0.638965057,-3.230255414,1.097113985,1756822672,0.503135076
6.465406665,0.641276457,1.009771137,-0.494800843,-2.58396001,1.136209308,1756822672,0.521064141
6.719045861,-0.887737185,0.921236701,-0.202807259,-1.718974745,1.240056486,1756822672,0.568688325
6.474977956,0.404387019,0.038285162,0.10140363,-1.10933129,0.970054033,1756822672,0.444865544
6.142375614,1.651047594,-0.490528633,0.290771853,-0.237015712,0.999375495,1756822672,0.458312329
4.496113665,1.56490598,-0.122033953,0.227241869,0.551000445,1.05190994,1756822672,0.482404558
3.921836241,1.775474369,-0.602991295,0.263893783,1.385442308,0.875980734,1756822672,0.401723649
3.213560752,2.892922523,0.4235296,0.167377075,1.819156732,0.638965057,1756822672,0.293028561
2.581855585,2.892922523,1.363908882,0.014660766,2.233323293,0.425162223,1756822672,0.194978854
2.285145583,2.519642198,2.182254211,0.02687807,2.762332677,0.221133216,1756822672,0.101411411
2.079362839,1.591227029,3.503092286,0.250454748,3.104417053,0.043982297,1756822672,0.020170225
1.452443318,1.335195011,5.666203917,0.444709893,3.28401159,-0.061086524,1756822672,-0.028014202
1.18684001,1.263410333,9.360722011,0.629191178,3.386636758,-0.067195176,1756822672,-0.030815622
1.103091219,2.213360905,14.081761,0.646295405,3.258355215,-0.092851516,1756822672,-0.042581587
1.897508322,1.653440417,17.17568062,0.712268885,3.062878392,-0.10262536,1756822672,-0.047063859
-0.234496615,1.330409366,17.73560111,0.797789984,2.608394515,-0.141720735,1756822672,-0.064992949
-0.208175566,1.368694527,17.25225095,0.874759004,1.750739738,0.021991149,1756822672,0.010085113
1.840080579,0.354137745,17.60878151,0.952949737,0.439822989,0.237015712,1756822672,0.108695104
2.230110663,-0.430708068,19.13300951,1.073901071,-0.395840674,0.2565634,1756822672,0.117659648
1.452443318,-0.531206617,20.8582346,0.69882985,-0.62186083,0.139277274,1756822672,0.06387238
2.294716873,-0.698704199,20.93480493,0.210137642,-0.805120401,-0.138055544,1756822672,-0.063312097
3.519842045,-1.780260014,19.70010847,-0.092851516,-1.010371087,-0.20402899,1756822672,-0.093567435
4.230510357,-3.546163093,18.32662829,-0.395840674,-1.200961023,-0.158824962,1756822672,-0.072836925
4.637290199,-4.788038023,16.46979796,-0.730594842,-1.242499929,-0.070860368,1756822672,-0.032496474
4.582255279,-5.443671415,14.35214995,-1.033584,-1.097113985,0.02443461,1756822672,0.011205681
4.235296002,-5.544169964,12.08853978,-1.236391172,-0.77579887,0.094073247,1756822672,0.043141871
3.661018578,-4.991427944,9.738787982,-1.279151826,-0.428827397,0.156381501,1756822672,0.071716357
2.955135911,-4.120440517,7.697710304,-1.143539674,-0.05009095,0.1282817,1756822672,0.058829824
2.215753728,-2.69671107,6.025127307,-0.976162651,0.243124365,0.151494579,1756822672,0.069475221
1.361516059,-1.866401628,4.84068012,-0.735481729,0.565661211,0.053756141,1756822672,0.024652498
0.574277424,-1.004985492,3.749553014,-0.533896218,0.752585956,-0.02443461,1756822672,-0.011205681
0.148355001,-0.777667345,2.75174599,-0.392175465,0.862541681,-0.098960169,1756822672,-0.045383007
-0.143569356,-0.088534436,1.883151386,-0.28099801,0.880867691,-0.199142068,1756822672,-0.091326299
-0.421136778,0.227318147,1.182054364,-0.141720735,0.779464044,-0.238237443,1756822672,-0.109255388
-0.476171697,1.074377347,0.705882667,-0.048869219,0.748920782,-0.350636647,1756822672,-0.16080152
-0.500099923,1.009771137,0.246460728,0.07574729,0.614530412,-0.349414916,1756822672,-0.160241235
-0.492921456,1.560120335,-0.169890405,0.092851516,0.535117949,-0.365297412,1756822672,-0.167524928
-0.105284194,1.562513158,-0.224925324,0.111177473,0.342084533,-0.265115513,1756822672,-0.121581637
0.279960244,1.127019445,0.277567422,0.122173048,0.311541271,-0.17959438,1756822672,-0.082361754
0.634097989,1.263410333,2.038684855,0.147829388,0.233350521,-0.081855942,1756822672,-0.037539031
0.993021379,1.548156222,4.79521649,0.174707458,0.202807259,0.047647489,1756822672,0.021851078
1.256231865,1.952543242,7.989634661,0.182037841,0.259006861,0.141720735,1756822672,0.064992949
1.318445253,2.474178568,10.83470073,0.167377075,0.384845083,0.157603231,1756822672,0.072276641
1.215553881,2.919243572,13.55055438,0.206472451,0.616973856,0.210137642,1756822672,0.096368855
1.177268719,3.538984625,15.95773392,0.183259571,0.918741301,0.22968533,1756822672,0.1053334
1.08634146,3.28534543,17.29771458,0.130725161,1.103222603,0.249233017,1756822672,0.114297944
0.842273555,1.73958203,16.96989788,0.161268423,1.155757048,0.273667627,1756822672,0.125503625
0.442672181,-0.985842911,17.63988821,0.615752143,1.138652769,0.221133216,1756822672,0.101411411
0.251246373,-3.35952293,19.21915112,1.086118394,1.001819026,0.034208453,1756822672,0.015687953
0.179461695,-4.582255279,20.25763613,1.47340692,0.81489421,-0.030543262,1756822672,-0.014007101
-0.088534436,-4.249652938,22.17907268,1.541823791,0.580321976,-0.085521133,1756822672,-0.039219883
-0.308674115,-4.12283334,23.15055865,1.420872614,0.207694181,-0.10262536,1756822672,-0.047063859
-0.291924357,-3.976871161,22.19342962,1.044579522,-0.390953752,-0.160046692,1756822672,-0.073397209
-0.076570323,-3.857230031,20.1164596,0.498466017,-1.165530857,-0.208915911,1756822672,-0.095808571
0.799202748,-3.909872128,17.82652837,-0.116064395,-1.929112405,-0.252898209,1756822672,-0.115978796
1.899901144,-3.802195111,15.49831198,-0.569326385,-2.60350761,-0.304210889,1756822672,-0.139510726
3.218346397,-3.354737285,13.1078822,-0.857654777,-3.165503577,-0.241902634,1756822672,-0.11093624
4.220939066,-2.545963246,10.69113138,-0.949284563,-3.577226957,-0.12705997,1756822672,-0.05826954
4.864608346,-1.404586866,8.410771439,-0.95661498,-3.739717058,0.009773844,1756822672,0.004482272
5.405386253,-0.256032018,6.477370778,-0.873537273,-3.739717058,0.218689755,1756822672,0.100290843
5.675775207,0.756131942,4.878965281,-0.79412481,-3.524692372,0.371406082,1756822672,0.170326356
5.998806258,1.122233799,3.82851616,-0.724486138,-3.153286325,0.522900626,1756822672,0.239801561
6.132804324,1.13180509,2.823530668,-0.635299883,-2.654820343,0.587652324,1756822672,0.269496607
6.187839244,0.926022346,2.112862356,-0.570548115,-2.03784647,0.620639099,1756822672,0.2846243
6.013163194,0.629312344,1.6199409,-0.532674488,-1.396437969,0.69882985,1756822672,0.320482479
5.68773932,0.406779842,1.244267752,-0.41783184,-0.742812147,0.774577139,1756822672,0.355220089
5.103890606,0.291924357,0.978664443,-0.427605667,-0.057421332,0.785572661,1756822672,0.360262622
4.366901245,0.043070807,0.866201781,-0.412944901,0.626747734,0.834441933,1756822672,0.382674007
10.143175,-10.62891799,5.302494882,-0.549778714,1.080009759,1.015257991,1756822672,0.465596021
2.514856553,-0.346959277,0.926022346,-0.161268423,1.514945843,0.6414085,1756822672,0.294149121
1.928615016,0.035892339,0.823130974,-0.053756141,2.313957557,0.526565835,1756822672,0.241482421
1.536192109,0.306281293,1.02173525,0.112399204,2.559525243,0.291993584,1756822672,0.133907886
1.485942835,0.256032018,1.304088317,0.257785131,2.637716186,0.047647489,1756822672,0.021851078
1.148554848,0.464207584,1.952543242,0.41661011,2.614503272,-0.189368224,1756822672,-0.086844026
1.014556782,0.646062102,3.512663577,0.626747734,2.530203834,-0.372627795,1756822672,-0.170886632
1.359123237,0.622133876,6.606583199,0.897971918,2.28707933,-0.41783184,1756822672,-0.19161715
1.727617917,1.600798319,11.89950679,1.087340107,2.0586158,-0.509461626,1756822673,-0.233638453
1.67497582,2.388036955,17.00100457,0.972497477,1.799609009,-0.538783158,1756822673,-0.24708527
1.540977754,2.488535504,17.54178248,0.828333246,1.4172073,-0.60353489,1756822673,-0.276780332
2.364108729,2.179861389,16.86461368,0.725707938,0.846659185,-0.555887367,1756822673,-0.254929238
4.046263017,1.562513158,16.91486296,0.729373112,0.120951317,-0.411723171,1756822673,-0.188815722
5.527420206,0.715453957,17.99163313,0.665843145,-0.497244304,-0.194255146,1756822673,-0.089085162
5.230710204,-1.081555815,18.7716933,0.576656802,-0.651182361,-0.105068821,1756822673,-0.048184427
5.965306742,-2.227717841,19.64507355,0.368962586,-0.532674488,-0.144164196,1756822673,-0.066113517
6.556333924,-3.739981724,19.22393677,0.174707458,-0.378736465,-0.112399204,1756822673,-0.051546132
6.068198114,-5.73320295,17.53460401,-0.171042267,-0.05009095,-0.169820536,1756822673,-0.077879481
5.350351334,-6.343372713,15.91705594,-0.50701813,0.390953752,-0.157603231,1756822673,-0.072276641
4.469792617,-6.419943036,13.92862035,-0.745255608,0.828333246,-0.139277274,1756822673,-0.06387238
3.364308576,-5.682953675,11.370693,-0.918741301,1.269378017,-0.147829388,1756822673,-0.067794369
2.526820666,-4.816751894,9.834500886,-0.971275764,1.497841564,-0.20402899,1756822673,-0.093567435
1.600798319,-3.227917687,8.477770472,-0.818559454,1.621236325,-0.222354947,1756822673,-0.101971695
0.703489844,-1.763510256,7.668996433,-0.73792519,1.606575629,-0.278554549,1756822673,-0.127744761
0.004785645,-0.593420005,6.860222394,-0.646295405,1.524719652,-0.313984732,1756822673,-0.143992998
-0.519242504,0.162711937,5.826523031,-0.524122392,1.365894708,-0.388510291,1756822673,-0.178170325
-0.969093153,0.631705166,4.936393024,-0.494800843,1.169196031,-0.394618961,1756822673,-0.180971753
-1.227517994,1.028913718,4.378865358,-0.401949344,0.927293449,-0.427605667,1756822673,-0.196099414
-1.411765334,1.344766301,3.878765435,-0.384845083,0.671951762,-0.362853969,1756822673,-0.166404368
-1.385444285,1.404586866,2.979064137,-0.335975881,0.449596815,-0.366519143,1756822673,-0.168085212
-1.299302672,1.32562372,1.725225095,-0.221133216,0.272445896,-0.299323967,1756822673,-0.13726959
-1.203589768,1.232303639,0.430708068,-0.139277274,0.084299403,-0.155159771,1756822673,-0.071156073
-1.014556782,1.294517027,-0.191425808,-0.081855942,-0.095294977,-0.096516708,1756822673,-0.044262439
-0.693918554,1.459621786,0.291924357,-0.05131268,-0.2565634,0.040317106,1756822673,0.018489373
-0.275174599,1.758724611,2.019542274,-0.003665191,-0.35796703,0.089186325,1756822673,0.040900735
0.117248307,2.20857526,4.687539473,-0.012217305,-0.392175465,0.094073247,1756822673,0.043141871
0.433100891,2.524427843,7.250252478,-0.017104227,-0.270002435,0.109955743,1756822673,0.050425564
0.512064036,2.76131728,9.501898545,0.061086524,0.037873645,0.133168622,1756822673,0.06107096
0.401994197,3.065205751,11.96650582,0.131946891,0.382401639,0.166155345,1756822673,0.07619863
0.18424734,4.488935198,14.38564947,0.167377075,0.731816555,0.441044702,1756822673,0.202262538
0.452243471,2.801995265,15.52941867,0.228463599,1.004262469,0.386066848,1756822673,0.177049765
0.198604276,1.318445253,15.19681633,0.302989176,1.144761387,0.346971438,1756822673,0.159120659
-0.648454925,-2.086541307,15.41695601,0.905302266,1.070235897,0.378736465,1756822673,0.17368806
-0.7728817,-3.505485109,16.36690658,1.227839094,0.989601703,0.262672052,1756822673,0.120461068
-1.115055332,-4.912464798,18.35773499,1.703092319,0.934623797,0.222354947,1756822673,0.101971695
-1.660618884,-4.948357137,20.73141501,1.820378462,0.786794462,0.062308254,1756822673,0.028574486
-2.277967115,-4.673182538,22.19582244,1.642005795,0.538783158,-0.098960169,1756822673,-0.045383007
-2.75174599,-4.632504554,21.69093687,1.28159527,0.053756141,-0.195476876,1756822673,-0.089645446
-2.605783811,-4.742574393,19.92742661,0.845437472,-0.637743326,-0.337197611,1756822673,-0.154638395
-1.878365741,-5.032105928,18.16152353,0.299323967,-1.496619834,-0.500909513,1756822673,-0.229716465
-0.4235296,-5.230710204,16.57747497,-0.036651914,-2.233323293,-0.62308256,1756822673,-0.285744868
1.100698396,-4.780859555,14.97906948,-0.339641055,-2.954144205,-0.618195586,1756822673,-0.283503708
2.699103893,-4.103690759,13.53619745,-0.509461626,-3.734830154,-0.58398715,1756822673,-0.267815763
3.921836241,-3.077169864,11.97846994,-0.510683339,-3.999945458,-0.460592372,1756822673,-0.211227075
4.718646167,-1.567298803,9.934999435,-0.56321775,-4.225965805,-0.244346095,1756822673,-0.112056808
5.321637462,-0.117248307,7.668996433,-0.547335271,-4.258952511,-0.053756141,1756822673,-0.024652498
5.680560852,0.863808959,5.793023515,-0.521678896,-4.072027643,0.151494579,1756822673,0.069475221
5.989234968,1.560120335,4.165904147,-0.54611354,-3.733608301,0.328645498,1756822673,0.150716407
6.283552148,1.725225095,2.971885669,-0.525344105,-3.264463711,0.50701813,1756822673,0.232517869
6.537191343,1.56490598,2.194218324,-0.483805251,-2.598620706,0.565661211,1756822673,0.259411511
6.628118602,1.42612227,1.651047594,-0.480140077,-2.004859764,0.695164676,1756822673,0.318801635
6.46062102,1.366301705,1.210768236,-0.428827397,-1.335351446,0.818559454,1756822673,0.375390323
6.001199081,1.450050496,0.763310409,-0.401949344,-0.671951762,0.811229036,1756822673,0.372028602
5.357529801,1.538584932,0.4235296,-0.394618961,0.019547688,0.81367248,1756822673,0.373149163
4.618147618,1.627119368,0.236889437,-0.428827397,0.65973444,0.790459636,1756822673,0.362503782
3.754338659,1.557727513,0.339780809,-0.448375102,1.310916819,0.70005158,1756822673,0.321042763
2.835494781,1.552941867,0.495314278,-0.461814103,1.894903969,0.571769828,1756822673,0.262212915
2.277967115,1.418943802,0.691525731,-0.408057962,2.23087985,0.438601224,1756822673,0.201141963
1.691725578,1.177268719,1.146162025,-0.285884914,2.542421086,0.184481302,1756822673,0.08460289
1.304088317,0.993021379,1.844866225,-0.097738438,2.691472362,-0.045204028,1756822673,-0.02073051
1.024128073,0.859023313,3.445664544,0.310319558,2.783102147,-0.259006861,1756822673,-0.118780217
1.105484041,1.060020412,6.21176747,0.60353489,2.742784815,-0.388510291,1756822673,-0.178170325
1.191625655,1.866401628,10.88255718,0.91018924,2.625498672,-0.439822989,1756822673,-0.201702262
1.007378315,2.634497683,15.32842158,0.860098238,2.415361134,-0.510683339,1756822673,-0.234198729
0.471386052,2.56749865,16.57747497,0.788016192,2.052507165,-0.480140077,1756822673,-0.220191628
0.124426775,2.065005904,16.13719561,0.791681366,1.554041183,-0.577878533,1756822673,-0.265014359
0.236889437,1.557727513,16.56790368,0.805120401,1.004262469,-0.431270841,1756822673,-0.197780258
1.603191142,1.31605243,17.13739546,0.847880986,0.288328392,-0.431270841,1756822673,-0.197780258
2.744567522,0.387637261,18.37687757,0.723264425,-0.35796703,-0.218689755,1756822673,-0.100290843
2.600998166,-1.598405497,19.83410653,0.521678896,-0.5131268,-0.259006861,1756822673,-0.118780217
3.543770271,-2.87138712,19.98964,0.345749707,-0.415388345,-0.323758559,1756822673,-0.148475263
4.534398827,-4.173082614,19.01336838,0.07696902,-0.409279727,-0.353080108,1756822673,-0.161922088
4.974678185,-5.453242705,17.99402595,-0.046425758,-0.41050144,-0.288328392,1756822673,-0.132227033
4.823930362,-6.087340694,16.85025675,-0.355523586,-0.368962586,-0.246789556,1756822673,-0.113177376
4.30708068,-6.128018679,15.23749432,-0.572991628,-0.210137642,-0.193033415,1756822673,-0.088524878
3.440878899,-5.414957544,12.34696462,-0.784350948,0.10140363,-0.009773844,1756822673,-0.004482272
3.263810026,-4.845465765,11.43290638,-0.767246722,0.216246294,-0.131946891,1756822673,-0.060510676
2.624926392,-3.34995164,9.973284597,-0.626747734,0.367740873,-0.039095375,1756822673,-0.017929089
1.741974853,-1.392622753,8.812765636,-0.607200064,0.35796703,0.00122173,1756822673,0.000560284
1.033699363,-0.098105727,7.819744257,-0.656069266,0.41661011,-0.079412481,1756822673,-0.036418463
0.595812827,0.818345329,6.561119569,-0.629191178,0.432492606,-0.112399204,1756822673,-0.051546132
0.162711937,1.050449121,5.297709236,-0.714712346,0.414166631,-0.135612083,1756822673,-0.062191529
0.00957129,1.232303639,4.716253345,-0.725707938,0.41050144,-0.138055544,1756822673,-0.063312097
-0.203389921,1.471585899,4.031906081,-0.731816555,0.397062405,-0.171042267,1756822673,-0.078439766
-0.406779842,1.406979689,1.919043725,-0.686612528,0.376292969,-0.097738438,1756822673,-0.044822723
-0.416351132,1.055234767,1.01216396,-0.596204472,0.350636647,-0.067195176,1756822673,-0.030815622
-0.038285162,0.815952507,1.311266785,0.30665435,0.30665435,0.180816111,1756822673,0.082922038
0.394815729,1.79461695,10.3226367,0.452040276,0.566882941,0.266337244,1756822673,0.122141921
0.016749758,2.440679052,13.50030511,0.555887367,1.102000872,0.324980324,1756822673,0.149035563
-0.579063069,2.758924458,15.01256899,0.514348513,1.227839094,0.338419325,1756822673,0.155198671
-0.933200814,1.552941867,15.35952827,0.554665654,1.218065302,0.395840674,1756822673,0.181532029
-1.222732349,-3.725624788,15.34517133,1.210734954,0.70005158,0.298102236,1756822673,0.136709306
-2.002792516,-2.876172765,15.58445359,1.444085388,0.652404092,0.218689755,1756822673,0.100290843
-3.747160192,-4.319044793,17.87677764,1.461189667,0.061086524,-0.014660766,1756822673,-0.006723409
-2.266003002,-4.295116567,21.15255178,1.321912341,-0.20402899,-0.17837265,1756822673,-0.08180147
-1.861615983,-4.740181571,20.45384758,0.884532865,-0.905302266,-0.483805251,1756822673,-0.221872472
-1.225125171,-5.084748025,19.51107548,0.560774306,-1.462411398,-0.587652324,1756822673,-0.269496607
0.074177501,-5.431707302,18.14477378,0.172263997,-2.07694181,-0.618195586,1756822673,-0.283503708
1.584048561,-5.450849883,16.49133336,-0.190589954,-2.702467744,-0.634078152,1756822673,-0.290787433
2.830709136,-4.898107862,14.78285802,-0.318871654,-3.165503577,-0.663399614,1756822673,-0.304234218
4.024727613,-3.739981724,12.80877938,-0.452040276,-3.573561643,-0.415388345,1756822673,-0.190496566
5.058426976,-2.182254211,10.66241751,-0.461814103,-3.979176249,-0.30054568,1756822673,-0.137829866
5.551348432,-0.567098956,8.3748791,-0.444709893,-4.081801434,-0.090408055,1756822673,-0.041461019
5.826523031,0.54317073,6.553941101,-0.420275284,-3.979176249,0.086742864,1756822673,0.039780167
6.065805291,1.328016543,4.974678185,-0.471587964,-3.639535072,0.285884914,1756822673,0.131106457
6.259623922,1.639083481,3.869194144,-0.488692191,-3.126408376,0.432492606,1756822673,0.198340558
6.465406665,1.586441384,2.890529701,-0.510683339,-2.619390176,0.491135634,1756822673,0.225234176
6.70947457,1.526620819,2.127219291,-0.471587964,-1.896125682,0.54611354,1756822673,0.250446974
6.726224329,1.485942835,1.890329854,-0.467922755,-1.391551065,0.598647916,1756822673,0.274539172
6.510870295,1.495514125,1.607976787,-0.470366251,-0.810007306,0.577878533,1756822673,0.265014359
6.130411501,1.720439449,1.25144622,-0.470366251,-0.083077672,0.696386406,1756822673,0.319361919
5.333601575,1.744367675,1.170090251,-0.497244304,0.637743326,0.604756621,1756822673,0.277340616
4.79521649,1.596012674,1.239482107,-0.476474868,1.215621859,0.54611354,1756822673,0.250446974
3.964907048,1.612762432,1.32562372,-0.444709893,1.622458055,0.510683339,1756822673,0.234198729
3.163311477,1.576870093,1.421336624,-0.368962586,2.309070653,0.34086282,1756822674,0.156319255
2.493321149,1.418943802,1.639083481,-0.167377075,2.643824681,0.174707458,1756822674,0.080120618
1.775474369,1.256231865,1.875972918,-0.069638637,2.759889233,0.097738438,1756822674,0.044822723
1.055234767,1.055234767,4.816751894,0.625526004,2.772106486,-0.273667627,1756822674,-0.125503625
1.036092186,1.079162993,5.819344563,0.71837752,2.750115425,-0.290771853,1756822674,-0.133347601
1.007378315,1.641476304,9.987641532,1.036027461,2.558303652,-0.450818546,1756822674,-0.206744811
0.904486943,2.275574293,14.06979689,0.996932051,2.251649181,-0.450818546,1756822674,-0.206744811
0.433100891,2.254038889,15.51506174,0.895528457,1.758070208,-0.522900626,1756822674,-0.239801561
0.208175566,1.847259047,15.16570964,0.879645978,1.238834755,-0.499687747,1756822674,-0.229156164
0.725025248,1.349551946,15.49591916,0.857654777,0.423940493,-0.483805251,1756822674,-0.221872472
1.986042758,0.981057266,16.53918981,0.762359817,-0.017104227,-0.376292969,1756822674,-0.172567476
2.854637362,0.062213388,17.52503272,0.596204472,-0.384845083,-0.237015712,1756822674,-0.108695104
3.048455992,-2.074577194,18.48455458,0.323758559,-0.368962586,-0.376292969,1756822674,-0.172567476
4.103690759,-3.594019545,18.60419572,0.180816111,-0.23090706,-0.483805251,1756822674,-0.221872472
5.228317381,-5.541777142,18.21416563,0.053756141,-0.196698607,-0.483805251,1756822674,-0.221872472
5.290530769,-6.967899411,17.8504566,-0.05009095,-0.133168622,-0.278554549,1756822674,-0.127744761
4.981856653,-7.604390223,16.93879119,-0.234572251,0.07819075,-0.239459173,1756822674,-0.109815672
4.206582131,-7.149753929,15.27338666,-0.447153372,0.291993584,-0.202807259,1756822674,-0.093007151
3.376272689,-6.185446421,13.37109269,-0.572991628,0.515570278,-0.116064395,1756822674,-0.053226984
2.627319215,-4.587040924,11.59083267,-0.58398715,0.64018677,-0.139277274,1756822674,-0.06387238
2.048256146,-3.012563653,10.40638549,-0.514348513,0.667064858,-0.065973446,1756822674,-0.030255338
1.38065864,-1.311266785,9.425328221,-0.49357913,0.590095838,-0.112399204,1756822674,-0.051546132
0.868594604,-0.198604276,8.829515394,-0.514348513,0.529009279,-0.056199602,1756822674,-0.025773066
0.236889437,0.775274522,7.83170837,-0.553443888,0.449596815,-0.12705997,1756822674,-0.05826954
-0.06460621,1.311266785,6.788437716,-0.642630231,0.354301821,-0.136833813,1756822674,-0.062751812
-0.260817663,1.615155255,5.898307709,-0.675616936,0.295658793,-0.139277274,1756822674,-0.06387238
-0.524028149,1.954936064,5.032105928,-0.753807686,0.291993584,-0.120951317,1756822674,-0.05546812
-0.741775006,2.330609212,3.82851616,-0.849102716,0.22968533,-0.183259571,1756822674,-0.084042606
-0.784845813,2.287538406,3.342773172,-0.856433064,0.212581103,-0.157603231,1756822674,-0.072276641
-0.751346296,1.873580096,2.184647034,-0.790459636,0.202807259,-0.194255146,1756822674,-0.089085162
-0.701097022,1.256231865,1.050449121,-0.632856352,0.12950343,-0.108734012,1756822674,-0.049865279
-0.576670247,0.952343395,0.155533469,-0.400727579,0.07819075,0.002443461,1756822674,0.001120568
-0.390030084,1.028913718,0.210568389,-0.141720735,0.031764992,0.020769418,1756822674,0.009524829
-0.133998066,1.411765334,1.61036961,0.083077672,-0.030543262,0.094073247,1756822674,0.043141871
0.043070807,1.68454711,3.658625755,0.284663184,0.107512282,0.25534167,1756822674,0.117099365
0.449850649,2.57706994,9.317651204,0.30054568,0.171042267,0.266337244,1756822674,0.122141921
0.354137745,3.031706234,11.81815082,0.452040276,0.465479312,0.294437062,1756822674,0.135028462
0.244067905,3.203989461,14.14636721,0.515570278,0.751364226,0.353080108,1756822674,0.161922088
0.157926292,3.105883735,14.98385512,0.444709893,0.866206925,0.376292969,1756822674,0.172567476
-0.059820565,2.000399694,15.16331682,0.56321775,0.811229036,0.395840674,1756822674,0.181532029
-0.638883634,-0.722632425,14.84507141,0.999375495,0.630412908,0.284663184,1756822674,0.130546174
-0.844666378,-2.945564621,15.19681633,1.193630658,0.577878533,0.239459173,1756822674,0.109815672
-0.803988394,-4.476971085,16.4219415,1.457524493,0.442266432,0.161268423,1756822674,0.073957493
-0.777667345,-4.912464798,18.78126459,1.518611017,0.237015712,0.021991149,1756822674,0.010085113
-0.698704199,-5.278566656,20.34617057,1.391551065,-0.061086524,-0.063529985,1756822674,-0.02913477
-0.562313311,-5.292923591,20.41077678,1.197295832,-0.421497014,-0.167377075,1756822674,-0.076758913
-0.17467605,-5.749952708,19.82214242,0.83322022,-1.111774751,-0.360410491,1756822674,-0.165283792
0.58863436,-5.737988595,18.93440523,0.549778714,-1.613905977,-0.516792009,1756822674,-0.237000157
1.835294934,-5.441278592,17.35035667,0.135612083,-2.399478586,-0.646295405,1756822674,-0.296390249
3.314059301,-4.488935198,15.56052537,-0.041538836,-2.869844767,-0.653625822,1756822674,-0.299751969
4.498506488,-3.471985593,13.80897922,-0.194255146,-3.346319705,-0.581543707,1756822674,-0.266695203
5.469992464,-2.000399694,11.77029437,-0.343306264,-3.663969577,-0.349414916,1756822674,-0.160241235
5.953342629,-0.672383151,9.946963548,-0.408057962,-3.733608301,-0.163711884,1756822674,-0.075078061
6.242874163,0.70827549,7.810172966,-0.527787566,-3.563787835,0.090408055,1756822674,0.041461019
6.494120536,1.428515092,6.384050697,-0.616973856,-3.227811954,0.262672052,1756822674,0.120461068
6.817151587,1.689332756,5.051248509,-0.652404092,-2.707354648,0.393397231,1756822674,0.180411469
6.965506589,1.643869126,3.943371645,-0.689055989,-1.979203407,0.488692191,1756822674,0.224113616
6.99422046,1.450050496,2.964707201,-0.708603641,-1.352455602,0.553443888,1756822674,0.253808662
6.920042959,1.406979689,2.440679052,-0.664621414,-0.816115923,0.610865238,1756822674,0.28014202
6.616154489,1.505085415,1.995614048,-0.69882985,-0.28099801,0.65973444,1756822674,0.302553374
6.099304807,1.502692593,1.636690658,-0.73792519,0.320093385,0.781907487,1756822674,0.358581777
5.481956577,1.607976787,1.227517994,-0.751364226,0.915076127,0.778242313,1756822674,0.356900933
4.697110764,1.579262916,1.146162025,-0.725707938,1.424537788,0.739146903,1756822674,0.338971828
3.852444386,1.471585899,1.272981623,-0.685390797,1.879021543,0.66095617,1756822674,0.303113658
2.928814862,1.344766301,1.428515092,-0.540004888,2.368935324,0.581543707,1756822674,0.266695203
2.301895341,1.275374446,1.540977754,-0.404392788,2.625498672,0.475253155,1756822674,0.217950491
1.469193076,1.241874929,1.636690658,-0.036651914,2.923600943,0.302989176,1756822674,0.13895045
0.823130974,1.098305573,1.935793483,0.048869219,2.940705344,0.167377075,1756822674,0.076758913
0.066999033,1.330409366,6.367300939,0.663399614,2.802649748,-0.112399204,1756822674,-0.051546132
0.040677984,1.442872028,7.386643366,0.725707938,2.740341371,-0.139277274,1756822674,-0.06387238
-0.674775973,2.306680986,14.96949819,0.811229036,2.144136951,-0.343306264,1756822674,-0.157439815
-0.878165894,2.170290098,14.99821206,0.811229036,2.034181296,-0.370184317,1756822674,-0.169766056
-1.588834206,0.911665411,14.39761358,0.830776689,0.860098238,-0.412944901,1756822674,-0.189376006
-1.531406464,0.825523797,14.68714512,0.869872099,0.658512727,-0.408057962,1756822674,-0.187134862
-0.141176533,0.464207584,15.52702585,0.632856352,-0.365297412,-0.210137642,1756822674,-0.096368855
1.107876864,-1.110269686,17.11586006,0.574213359,-0.404392788,-0.222354947,1756822674,-0.101971695
2.892922523,-4.670789715,18.44148378,0.30054568,-0.1282817,-0.408057962,1756822674,-0.187134862
3.196810994,-5.08953367,18.39841297,0.277332818,-0.131946891,-0.41783184,1756822674,-0.19161715
3.713660675,-6.503691827,18.26920055,-0.045204028,-0.133168622,-0.285884914,1756822674,-0.131106457
3.433700431,-7.211967316,16.84068546,-0.125838239,-0.1282817,-0.216246294,1756822674,-0.099170275
2.857030184,-6.70947457,15.19203069,-0.312763002,-0.02687807,-0.169820536,1756822674,-0.077879481
2.196611147,-5.532205851,12.52164067,-0.48747046,-0.020769418,-0.114842665,1756822674,-0.0526667
1.79461695,-4.54636294,11.30369396,-0.465479312,-0.019547688,-0.118507856,1756822674,-0.054347552
1.182054364,-1.899901144,9.961320484,-0.455705485,-0.144164196,-0.105068821,1756822674,-0.048184427
1.036092186,-1.552941867,9.884750161,-0.491135634,-0.15271631,-0.120951317,1756822674,-0.05546812
0.65324057,-0.320638228,9.614361207,-0.491135634,-0.237015712,-0.108734012,1756822674,-0.049865279
0.447457826,0.528813795,8.953942169,-0.62186083,-0.323758559,-0.135612083,1756822674,-0.062191529
0.289531535,1.153340493,7.755138047,-0.701273293,-0.337197611,-0.120951317,1756822674,-0.05546812
0.200997098,1.517049528,6.556333924,-0.73792519,-0.345749707,-0.147829388,1756822674,-0.067794369
0.145962179,2.007578161,5.290530769,-0.853989603,-0.367740873,-0.106290551,1756822674,-0.048744711
0.040677984,2.167897276,4.498506488,-0.919963031,-0.327423768,-0.114842665,1756822674,-0.0526667
0.059820565,1.600798319,3.627519062,-0.840550568,-0.249233017,-0.147829388,1756822674,-0.067794369
-0.014356936,0.756131942,0.978664443,-0.312763002,-0.040317106,-0.008552113,1756822674,-0.003921988
0,0.696311377,0.787238635,-0.221133216,0.015882496,-0.013439035,1756822674,-0.006163124
-0.076570323,0.926022346,0.631705166,0.095294977,0.105068821,0.040317106,1756822674,0.018489373
-0.074177501,1.179661542,1.533799287,0.309097793,0.207694181,0.155159771,1756822674,0.071156073
-0.047856452,1.514656706,3.550948738,0.432492606,0.34086282,0.184481302,1756822674,0.08460289
-0.074177501,2.029113565,6.345765535,0.514348513,0.477696634,0.234572251,1756822674,0.107574535
-0.107677017,2.526820666,8.697910151,0.620639099,0.607200064,0.223576677,1756822674,0.102531979
-0.299102825,3.297309543,11.47119154,0.596204472,0.768468452,0.157603231,1756822674,0.072276641
-0.619741053,3.897908015,13.51944769,0.572991628,0.911410953,0.125838239,1756822674,0.057709256
-0.875773072,4.053441484,15.08435367,0.475253155,0.949284563,0.12950343,1756822674,0.059390108
-1.208375413,3.364308576,15.71605884,0.339641055,0.79534654,0.168598806,1756822674,0.077319198
-1.658226062,1.607976787,15.11067472,0.422718727,0.482583538,0.210137642,1756822674,0.096368855
-1.885544209,-0.555134843,14.68714512,0.579100246,0.183259571,0.172263997,1756822674,0.07900005
-1.502692593,-3.098705267,14.9288202,0.853989603,-0.259006861,0.006108652,1756822674,0.00280142
-1.033699363,-4.094119469,16.20180182,0.976162651,-0.480140077,-0.1282817,1756822674,-0.058829824
-0.466600407,-4.759324151,17.98206184,1.098335698,-0.7550294,-0.272445896,1756822674,-0.124943341
0.062213388,-5.137390122,18.95594064,0.995710321,-1.082453202,-0.433714319,1756822674,-0.198900834
0.562313311,-5.367101092,18.92961959,0.75747293,-1.426981231,-0.544891775,1756822674,-0.249886674
1.505085415,-5.584847948,18.75494354,0.521678896,-1.728748676,-0.663399614,1756822674,-0.304234218
2.754138813,-5.357529801,17.56331788,0.166155345,-2.343278966,-0.785572661,1756822674,-0.360262622
4.106083582,-4.955535605,15.96730521,-0.064751715,-2.761110824,-0.71837752,1756822674,-0.329447016
5.099104961,-4.053441484,14.15115286,-0.211359372,-3.103195462,-0.599869646,1756822674,-0.275099455
5.726024482,-3.187239703,12.61256792,-0.342084533,-3.375641376,-0.477696634,1756822674,-0.219071068
6.125625856,-1.368694527,10.13838936,-0.348193203,-3.467271162,-0.25534167,1756822674,-0.117099365
6.192624889,-0.220139679,8.276773373,-0.395840674,-3.358536957,-0.065973446,1756822674,-0.030255338
6.281159325,0.409172665,6.915257314,-0.422718727,-3.093421654,0.07696902,1756822674,0.035297895
6.317051664,0.870987426,5.213960445,-0.509461626,-2.599842576,0.243124365,1756822674,0.111496524
6.424728681,1.01216396,3.902693661,-0.557109097,-1.932777579,0.344527994,1756822675,0.158000099
6.489334891,1.134197912,2.785245506,-0.569326385,-1.495398103,0.346971438,1756822675,0.159120659
6.463013843,1.344766301,2.330609212,-0.56443948,-0.977384381,0.498466017,1756822675,0.22859588
6.09212634,1.639083481,2.110469533,-0.599869646,-0.10262536,0.552222158,1756822675,0.253248378
5.608776174,1.727617917,2.175075743,-0.579100246,0.476474868,0.552222158,1756822675,0.253248378
5.051248509,1.603191142,2.254038889,-0.540004888,1.077566315,0.65973444,1756822675,0.302553374
4.386043826,1.634297836,2.555534537,-0.492357365,1.462411398,0.60231309,1756822675,0.276220016
3.536591803,1.691725578,2.900100991,-0.365297412,1.995085833,0.496022573,1756822675,0.22747532
2.51246373,1.828116466,2.804388087,-0.320093385,2.306627209,0.432492606,1756822675,0.198340558
1.643869126,1.878365741,2.433500584,-0.118507856,2.576629662,0.376292969,1756822675,0.172567476
0.658026215,1.677368643,2.316252277,0.07819075,2.723237214,0.168598806,1756822675,0.077319198
-0.031106694,1.521835174,3.117847848,0.351858377,2.77699339,-0.00122173,1756822675,-0.000560284
-0.409172665,1.775474369,5.297709236,0.745255608,2.609616367,-0.114842665,1756822675,-0.0526667
-0.54317073,2.44785752,9.51625548,0.899193631,2.437352196,-0.226020138,1756822675,-0.103652547
-0.58863436,3.139383251,13.46680559,0.917519588,2.045176817,-0.335975881,1756822675,-0.154078111
-0.971485976,2.979064137,14.66560972,0.807563845,1.306029914,-0.370184317,1756822675,-0.169766056
-0.993021379,1.919043725,13.94297729,0.71715579,0.290771853,-0.392175465,1756822675,-0.179851169
-0.667597505,1.703689691,14.26600834,0.634078152,-0.28099801,-0.344527994,1756822675,-0.158000099
0.897308475,1.304088317,15.41695601,0.566882941,-0.841772298,-0.22968533,1756822675,-0.1053334
2.177468566,0.11964113,16.52004723,0.49357913,-1.065348993,-0.164933614,1756822675,-0.075638345
2.672782844,-1.854437515,17.77388627,0.277332818,-0.960280154,-0.235793982,1756822675,-0.10813482
3.594019545,-3.357130108,17.94377668,0.182037841,-0.612086969,-0.372627795,1756822675,-0.170886632
4.668396893,-4.718646167,17.57767482,0.145385927,-0.254119939,-0.489913921,1756822675,-0.2246739
5.259424075,-5.759523998,17.37667772,0.135612083,-0.014660766,-0.362853969,1756822675,-0.166404368
5.335994398,-6.565905214,17.11825288,-0.002443461,0.113620934,-0.311541271,1756822675,-0.14287243
4.725824635,-6.637689892,16.19701618,-0.223576677,0.30054568,-0.226020138,1756822675,-0.103652547
3.885943902,-6.051448355,15.02453311,-0.375071256,0.488692191,-0.145385927,1756822675,-0.066673801
2.897708169,-4.984249476,13.30409366,-0.414166631,0.591317568,-0.063529985,1756822675,-0.02913477
2.096112598,-3.517449222,11.57169009,-0.456927198,0.587652324,-0.065973446,1756822675,-0.030255338
1.497906948,-2.227717841,10.35135057,-0.441044702,0.482583538,-0.059864793,1756822675,-0.027453918
1.02173525,-0.933200814,9.353543543,-0.454483755,0.324980324,-0.032986723,1756822675,-0.015127669
0.58863436,0.019142581,8.50409152,-0.467922755,0.133168622,-0.012217305,1756822675,-0.005602841
0.236889437,0.787238635,7.42732135,-0.471587964,-0.017104227,-0.003665191,1756822675,-0.001680852
0.045463629,1.330409366,6.355336826,-0.551000445,-0.083077672,0.018325957,1756822675,0.008404261
-0.126819598,1.856830338,5.343172866,-0.560774306,-0.139277274,0.07696902,1756822675,0.035297895
-0.277567422,2.344966148,4.646861489,-0.682947354,-0.142942466,0.040317106,1756822675,0.018489373
-0.36849468,2.510070907,4.141975921,-0.745255608,-0.109955743,0.004886922,1756822675,0.002241136
-0.461814762,2.378465664,3.452843012,-0.745255608,-0.039095375,0.018325957,1756822675,0.008404261
-0.53359944,1.806581063,2.529213488,-0.642630231,0.054977871,0.069638637,1756822675,0.03193619
-0.612562586,1.146162025,1.50029977,-0.376292969,0.117286126,0.156381501,1756822675,0.071716357
-0.674775973,0.8470592,0.787238635,-0.112399204,0.150272849,0.268780705,1756822675,0.123262489
-0.571884601,1.06719888,1.01216396,0.141720735,0.1282817,0.315206445,1756822675,0.144553274
-0.361316213,1.184447187,2.620140747,0.30054568,0.041538836,0.321315115,1756822675,0.147354702
-0.071784678,1.959721709,5.201996332,0.338419325,-0.017104227,0.302989176,1756822675,0.13895045
0.143569356,2.452643165,8.250452325,0.372627795,-0.023212879,0.235793982,1756822675,0.10813482
0.17467605,3.163311477,10.99262702,0.398284135,0.094073247,0.174707458,1756822675,0.080120618
0.196211453,3.486342528,13.25863003,0.346971438,0.25534167,0.12950343,1756822675,0.059390108
0.279960244,3.213560752,14.4095777,0.316428176,0.38362337,0.116064395,1756822675,0.053226984
0.411565487,2.40239389,14.92403456,0.283441471,0.397062405,0.210137642,1756822675,0.096368855
0.270388954,0.760917587,15.16810246,0.403171057,0.317649941,0.246789556,1756822675,0.113177376
-0.007178468,-1.289731381,15.44806271,0.71837752,0.248011287,0.219911486,1756822675,0.100851127
0.23928226,-3.268595672,15.65145263,1.007927643,0.095294977,0.028099801,1756822675,0.012886533
0.382851616,-4.015156323,16.87897062,1.183856867,-0.063529985,-0.004886922,1756822675,-0.002241136
0.583848714,-4.290330922,18.54676797,1.137431039,-0.272445896,-0.138055544,1756822675,-0.063312097
0.8470592,-4.716253345,19.53261088,1.034805731,-0.500909513,-0.17959438,1756822675,-0.082361754
1.189232832,-4.986642298,19.4703975,0.791681366,-0.901637092,-0.233350521,1756822675,-0.107014252
1.887937031,-5.27378101,18.94397652,0.48747046,-1.400103143,-0.422718727,1756822675,-0.19385827
2.507678085,-5.130211654,17.65663797,0.310319558,-1.841147793,-0.456927198,1756822675,-0.209546231
3.778266885,-4.534398827,16.03191142,0.087964594,-2.37260062,-0.520457183,1756822675,-0.238681001
4.984249476,-3.637090352,14.22533036,-0.065973446,-2.915048986,-0.497244304,1756822675,-0.228035604
5.766702466,-2.787638329,12.42592776,-0.260228591,-3.291341938,-0.401949344,1756822675,-0.184333457
6.247659809,-1.337587833,10.36092186,-0.395840674,-3.422067187,-0.196698607,1756822675,-0.090205731
6.429514326,-0.016749758,8.121239904,-0.450818546,-3.341432801,0.031764992,1756822675,0.014567385
6.58983344,0.875773072,6.240481341,-0.51190507,-2.965139849,0.249233017,1756822675,0.114297944
6.687939167,1.308873962,4.761716974,-0.533896218,-2.514321286,0.364075699,1756822675,0.166964652
6.833901346,1.433300737,3.546163093,-0.510683339,-1.98164685,0.471587964,1756822675,0.21626964
6.932007072,1.392622753,2.730210587,-0.524122392,-1.419650744,0.540004888,1756822675,0.247645554
6.80997312,1.469193076,2.199003969,-0.551000445,-0.805120401,0.532674488,1756822675,0.244283842
6.568298037,1.658226062,1.85922316,-0.576656802,-0.289550123,0.561996037,1756822675,0.257730667
6.068198114,1.689332756,1.68454711,-0.636521596,0.301767445,0.653625822,1756822675,0.299751969
5.551348432,1.584048561,1.605583965,-0.691499432,0.877202447,0.60231309,1756822675,0.276220016
4.900500685,1.339980656,1.61036961,-0.691499432,1.431868136,0.524122392,1756822675,0.240361861
4.144368743,1.198804123,1.758724611,-0.571769828,1.915673422,0.498466017,1756822675,0.22859588
3.371487043,1.119840977,1.91425808,-0.444709893,2.337170471,0.411723171,1756822675,0.188815722
2.589034053,1.136590735,1.981257113,-0.239459173,2.662150691,0.332310707,1756822675,0.152397267
1.741974853,1.088734283,2.041077678,-0.07574729,2.863736272,0.194255146,1756822675,0.089085162
1.112662509,1.009771137,2.361715906,0.17837265,2.966361719,0.081855942,1756822675,0.037539031
0.622133876,0.914058233,3.57966261,0.426383936,2.9492573,-0.05253441,1756822675,-0.024092214
0.425922423,0.933200814,6.204589002,0.762359817,2.872288472,-0.105068821,1756822675,-0.048184427
0.260817663,1.361516059,10.46620605,1.009149374,2.719572163,-0.180816111,1756822675,-0.082922038
-0.035892339,1.852044692,14.33061455,1.018923235,2.338392062,-0.202807259,1756822675,-0.093007151
-0.641276457,1.588834206,15.03171157,0.972497477,1.86680415,-0.259006861,1756822675,-0.118780217
-0.751346296,1.213161058,14.42393463,0.995710321,1.191187214,-0.372627795,1756822675,-0.170886632
-0.095712904,0.937986459,14.65843125,0.877202447,0.492357365,-0.388510291,1756822675,-0.178170325
1.607976787,0.703489844,15.97448368,0.763581548,-0.15271631,-0.265115513,1756822675,-0.121581637
2.380858487,-0.172283227,17.36949925,0.547335271,-0.460592372,-0.138055544,1756822675,-0.063312097
2.648854618,-1.902293967,18.87697749,0.274889357,-0.342084533,-0.259006861,1756822675,-0.118780217
3.639483175,-3.273381317,19.02054685,0.065973446,-0.062308254,-0.288328392,1756822675,-0.132227033
4.465006972,-4.871786814,18.61376701,-0.124616509,0.140499005,-0.322536846,1756822675,-0.147914987
4.450650036,-6.312266019,18.18305894,-0.233350521,0.287106679,-0.268780705,1756822675,-0.123262489
3.988835274,-7.05882667,17.30489304,-0.345749707,0.472809694,-0.163711884,1756822675,-0.075078061
3.081955509,-6.886543443,15.62513158,-0.464257581,0.731816555,-0.081855942,1756822675,-0.037539031
1.940579129,-6.21176747,13.6055893,-0.508239896,0.918741301,0.007330383,1756822675,0.003361704
0.990628556,-4.797609313,11.44247767,-0.425162223,0.974940938,-0.034208453,1756822675,-0.015687953
0.382851616,-3.299702365,9.918249677,-0.35796703,0.899193631,-0.034208453,1756822675,-0.015687953
-0.189032985,-1.603191142,8.985048863,-0.293215297,0.689055989,-0.030543262,1756822675,-0.014007101
-0.655633392,-0.339780809,8.389236036,-0.28221974,0.489913921,0.020769418,1756822675,0.009524829
-1.014556782,0.555134843,7.680960546,-0.318871654,0.267558974,0.056199602,1756822675,0.025773066
-1.107876864,1.318445253,6.611368844,-0.350636647,0.061086524,0.05009095,1756822675,0.022971646
-1.201196945,1.763510256,5.692524965,-0.441044702,-0.086742864,0.079412481,1756822675,0.036418463
-1.208375413,2.304288164,4.89571504,-0.502131226,-0.233350521,0.094073247,1756822675,0.043141871
-1.179661542,2.593819698,4.25204576,-0.58398715,-0.349414916,0.05009095,1756822675,0.022971646
-1.074377347,2.653640263,3.302095188,-0.656069266,-0.464257581,0.014660766,1756822675,0.006723409
-0.959521863,2.210968082,2.062613081,-0.695164676,-0.514348513,-0.057421332,1756822675,-0.02633335
-0.823130974,1.777867192,0.624526699,-0.494800843,-0.532674488,0.015882496,1756822675,0.007283692
-0.746560651,1.569691626,-0.30388847,-0.263893783,-0.54611354,0.048869219,1756822675,0.022411362
-0.612562586,1.600798319,-0.124426775,-0.019547688,-0.549778714,0.174707458,1756822675,0.080120618
-0.569491779,1.899901144,1.428515092,0.271224166,-0.489913921,0.25534167,1756822675,0.117099365
-0.296710002,2.201396792,4.065405597,0.398284135,-0.386066848,0.354301821,1756822675,0.162482364
-0.153140646,2.758924458,7.30768022,0.56321775,-0.283441471,0.353080108,1756822675,0.161922088
-0.052642097,3.34995164,10.13360371,0.596204472,-0.10262536,0.284663184,1756822675,0.130546174
-0.165104759,4.027120436,12.66521002,0.559552576,0.07574729,0.184481302,1756822675,0.08460289
-0.256032018,4.290330922,14.29232939,0.461814103,0.233350521,0.125838239,1756822675,0.057709256
-0.11006984,3.761517127,15.29492206,0.309097793,0.271224166,0.028099801,1756822675,0.012886533
-0.177068872,2.51246373,15.50549045,0.234572251,0.20402899,0.069638637,1756822675,0.03193619
-0.308674115,0.102891372,15.52463303,0.421497014,0.111177473,0.087964594,1756822675,0.040340451
-0.46899323,-3.024527766,15.96730521,0.861319951,0.013439035,-0.138055544,1756822675,-0.063312097
-0.241675083,-4.61096915,16.34537118,1.189965484,-0.1282817,-0.216246294,1756822675,-0.099170275
-0.078963146,-5.039284396,18.0418824,1.356120776,-0.263893783,-0.362853969,1756822675,-0.166404368
0.169890405,-5.108676251,19.54218217,1.37811196,-0.514348513,-0.403171057,1756822675,-0.184893733
0.665204683,-5.302494882,20.18585145,1.183856867,-0.973719207,-0.49357913,1756822675,-0.22635476
1.514656706,-5.642275691,20.16192323,0.801455158,-1.62856669,-0.588874125,1756822675,-0.270056924
2.689532602,-5.663811094,19.0899387,0.375071256,-2.320066053,-0.673173492,1756822675,-0.308716506
4.185046727,-5.38385085,17.36471361,-0.013439035,-2.981022415,-0.652404092,1756822675,-0.299191686
5.38385085,-4.637290199,15.35952827,-0.273667627,-3.572339791,-0.525344105,1756822676,-0.240922137
6.139982792,-3.364308576,13.02891906,-0.41661011,-3.916867872,-0.371406082,1756822676,-0.170326356
6.695117635,-0.887737185,9.480363141,-0.390953752,-4.046371268,-0.067195176,1756822676,-0.030815622
6.802794652,-0.210568389,8.415557084,-0.425162223,-3.984063153,0.018325957,1756822676,0.008404261
7.080362073,1.009771137,6.39601481,-0.49357913,-3.665191429,0.217468025,1756822676,0.099730559
7.386643366,1.562513158,4.658825602,-0.566882941,-3.224146657,0.368962586,1756822676,0.169205772
7.688139014,1.890329854,3.34995164,-0.62308256,-2.590068505,0.522900626,1756822676,0.239801561
7.728816998,1.926222193,2.541177601,-0.646295405,-1.893682238,0.591317568,1756822676,0.271177483
7.676174901,1.873580096,2.009970984,-0.62308256,-1.154535335,0.669508319,1756822676,0.307035662
7.374679253,2.02432792,1.703689691,-0.653625822,-0.460592372,0.734260016,1756822676,0.336730708
6.723831506,2.258824534,1.38065864,-0.646295405,0.35796703,0.829554976,1756822676,0.380432855
5.891129241,2.215753728,1.287338559,-0.629191178,1.099557429,0.877202447,1756822676,0.402283925
4.867001168,1.940579129,1.304088317,-0.630412908,1.672549057,0.810007306,1756822676,0.371468319
3.888336725,1.725225095,1.397408398,-0.524122392,2.23087985,0.764803278,1756822676,0.350737809
2.854637362,1.30648114,1.61036961,-0.474031425,2.729345972,0.690277702,1756822676,0.316560475
1.92382937,0.993021379,1.792224127,-0.315206445,3.04577399,0.529009279,1756822676,0.242602981
1.122233799,0.911665411,1.928615016,-0.238237443,3.196046839,0.320093385,1756822676,0.146794419
0.550349198,0.734596538,2.196611147,0,3.189938344,0.047647489,1756822676,0.021851078
0.351744922,0.969093153,2.995813895,0.243124365,3.022561076,-0.208915911,1756822676,-0.095808571
0.373280326,0.981057266,5.2091748,0.551000445,2.768441172,-0.395840674,1756822676,-0.181532029
0.4235296,1.272981623,9.370293302,0.856433064,2.427578387,-0.427605667,1756822676,-0.196099414
0.272781776,1.720439449,14.3354002,0.923628205,1.973094772,-0.480140077,1756822676,-0.220191628
-0.133998066,1.593619852,15.96969803,0.869872099,1.57114534,-0.502131226,1756822676,-0.230276741
-0.416351132,1.081555815,15.57248948,0.912632683,1.07145761,-0.415388345,1756822676,-0.190496566
-0.016749758,0.787238635,15.68734497,0.919963031,0.510683339,-0.412944901,1756822676,-0.189376006
1.969293,0.619741053,16.40997739,0.869872099,-0.273667627,-0.133168622,1756822676,-0.06107096
2.653640263,-0.12921242,17.29053611,0.777020583,-0.505796417,-0.02687807,1756822676,-0.012326249
2.608176634,-1.746760498,18.76451483,0.5131268,-0.439822989,-0.098960169,1756822676,-0.045383007
3.47916406,-3.146561719,19.23590088,0.23090706,-0.155159771,-0.245567826,1756822676,-0.112617092
4.390829471,-4.345365842,18.63051676,0.02687807,0.048869219,-0.219911486,1756822676,-0.100851127
4.642075844,-6.077769404,18.20937999,-0.145385927,0.147829388,-0.212581103,1756822676,-0.097489423
4.359722777,-6.774080781,17.20678732,-0.361632204,0.28221974,-0.194255146,1756822676,-0.089085162
3.713660675,-6.910471669,15.91705594,-0.483805251,0.456927198,-0.114842665,1756822676,-0.0526667
2.75174599,-6.458228197,13.9549414,-0.536339679,0.593761012,-0.014660766,1756822676,-0.006723409
1.921436548,-5.309673349,11.85882881,-0.535117949,0.658512727,-0.05253441,1756822676,-0.024092214
1.232303639,-3.694518094,10.00439129,-0.401949344,0.634078152,-0.047647489,1756822676,-0.021851078
0.760917587,-2.069791549,8.84387233,-0.28099801,0.538783158,-0.080634211,1756822676,-0.036978746
0.30388847,-0.665204683,8.027919823,-0.272445896,0.389732022,-0.085521133,1756822676,-0.039219883
0.038285162,0.29431718,7.1784678,-0.30054568,0.202807259,-0.161268423,1756822676,-0.073957493
-0.035892339,1.138983558,5.986842145,-0.382401639,0.067195176,-0.108734012,1756822676,-0.049865279
-0.11006984,1.725225095,5.029713105,-0.395840674,-0.028099801,-0.086742864,1756822676,-0.039780167
-0.210568389,2.112862356,4.25204576,-0.489913921,-0.057421332,-0.034208453,1756822676,-0.015687953
-0.361316213,2.526820666,3.582055432,-0.613308682,-0.090408055,0.00122173,1756822676,0.000560284
-0.512064036,2.636890505,2.909672282,-0.673173492,-0.035430184,0.028099801,1756822676,0.012886533
-0.624526699,2.478964214,1.969293,-0.646295405,0.006108652,0.064751715,1756822676,0.029695054
-0.641276457,2.019542274,0.646062102,-0.481361808,0.023212879,0.092851516,1756822676,0.042581587
-0.732203716,1.732403562,-0.318245406,-0.219911486,0.058643063,0.168598806,1756822676,0.077319198
-0.629312344,1.701296869,-0.387637261,0.032986723,0.021991149,0.20402899,1756822676,0.093567435
-0.48813581,1.840080579,0.995414202,0.240680904,0.010995574,0.294437062,1756822676,0.135028462
-0.224925324,2.170290098,3.584448255,0.335975881,0.014660766,0.318871654,1756822676,0.146234134
-0.035892339,2.746960345,6.687939167,0.483805251,0.057421332,0.337197611,1756822676,0.154638395
0.114855485,3.34038035,9.566504755,0.412944901,0.189368224,0.299323967,1756822676,0.13726959
0.102891372,4.053441484,12.34457179,0.322536846,0.34086282,0.193033415,1756822676,0.088524878
-0.081355968,4.462614149,14.12004616,0.201585529,0.470366251,0.122173048,1756822676,0.056028404
-0.086141614,4.259224228,14.98864077,0.111177473,0.608421795,0.100181899,1756822676,0.045943291
0.004785645,2.962314379,15.25185125,0.059864793,0.577878533,0.119729587,1756822676,0.054907836
-0.157926292,0.684347264,15.18724504,0.260228591,0.459370659,0.146607657,1756822676,0.067234085
-0.24885355,-2.222932195,15.7758794,0.70005158,0.399505848,0.073303829,1756822676,0.033617043
-0.325423874,-4.098905114,16.16830231,1.209513224,0.285884914,-0.046425758,1756822676,-0.021290793
-0.24885355,-4.96032125,17.96291926,1.387885769,0.100181899,-0.120951317,1756822676,-0.05546812
-0.256032018,-4.993820766,19.98006871,1.414763857,-0.10262536,-0.219911486,1756822676,-0.100851127
0.047856452,-5.173282461,20.54477484,1.202182736,-0.470366251,-0.263893783,1756822676,-0.121021353
0.346959277,-5.288137946,20.07817444,0.817337724,-1.05190994,-0.348193203,1756822676,-0.159680959
1.098305573,-5.474778109,19.25025782,0.481361808,-1.692096657,-0.522900626,1756822676,-0.239801561
2.450250342,-5.565705368,18.14477378,0.116064395,-2.377487525,-0.577878533,1756822676,-0.265014359
4.096512291,-5.020141815,16.7282228,-0.131946891,-3.00545692,-0.543670062,1756822676,-0.249326398
5.127818832,-3.945764467,14.94317714,-0.263893783,-3.47460151,-0.474031425,1756822676,-0.217390208
5.891129241,-2.505285262,12.8327076,-0.338419325,-3.782477572,-0.343306264,1756822676,-0.157439815
6.391229165,-0.787238635,10.41595678,-0.318871654,-3.907094081,-0.224798408,1756822676,-0.103092264
6.637689892,0.698704199,8.260023615,-0.41783184,-3.848451001,-0.065973446,1756822676,-0.030255338
6.857829572,1.825723644,6.393621987,-0.520457183,-3.527135816,0.136833813,1756822676,0.062751812
7.05882667,2.189432679,4.697110764,-0.6414085,-3.033556738,0.288328392,1756822676,0.132227033
7.312465866,2.045863323,3.481556883,-0.780685774,-2.453234762,0.408057962,1756822676,0.187134862
7.331608446,2.002792516,2.526820666,-0.790459636,-1.748296277,0.454483755,1756822676,0.208425671
7.252645301,1.732403562,1.902293967,-0.821002898,-1.065348993,0.557109097,1756822676,0.255489522
7.022934331,1.660618884,1.478764367,-0.806342132,-0.397062405,0.596204472,1756822676,0.273418611
6.520441585,1.765903079,1.079162993,-0.801455158,0.299323967,0.649960648,1756822676,0.298071125
5.592026416,1.538584932,0.952343395,-0.791681366,0.951728024,0.690277702,1756822676,0.316560475
4.874179636,1.387837108,0.990628556,-0.704938467,1.546710835,0.653625822,1756822676,0.299751969
4.017549145,1.201196945,1.215553881,-0.646295405,2.085493888,0.597426203,1756822676,0.273978896
3.115455025,1.091127106,1.476371544,-0.50701813,2.535090739,0.5131268,1756822676,0.235319297
2.16311163,0.988235734,1.715653804,-0.295658793,2.904053325,0.346971438,1756822676,0.159120659
1.361516059,0.926022346,1.847259047,-0.124616509,3.154508177,0.190589954,1756822676,0.08740431
0.624526699,0.914058233,2.122433646,0.195476876,3.258355215,0.018325957,1756822676,0.008404261
0.100498549,0.906879765,3.136990429,0.521678896,3.279124686,-0.145385927,1756822676,-0.066673801
-0.076570323,0.916451056,5.412564721,0.869872099,3.14839942,-0.252898209,1756822676,-0.115978796
0.066999033,1.060020412,9.556933464,1.111774751,2.847853706,-0.408057962,1756822676,-0.187134862
0.189032985,1.406979689,14.44786286,1.106887777,2.376265672,-0.49357913,1756822676,-0.22635476
-0.181854518,1.320838075,16.11566021,0.993266877,1.764178843,-0.554665654,1756822676,-0.254368962
-0.428315245,0.890130007,15.51266892,0.900415361,1.155757048,-0.532674488,1756822676,-0.244283842
0.033499516,0.775274522,16.01755448,0.844215742,0.551000445,-0.480140077,1756822676,-0.220191628
1.67497582,0.842273555,17.27378635,0.69882985,-0.037873645,-0.339641055,1756822676,-0.155758955
2.969492847,0.196211453,18.0729891,0.498466017,-0.49357913,-0.145385927,1756822676,-0.066673801
2.725424941,-1.789831305,18.99661862,0.254119939,-0.433714319,-0.150272849,1756822676,-0.068914937
3.519842045,-3.227917687,18.9200483,-0.035430184,-0.195476876,-0.244346095,1756822676,-0.112056808
4.199403663,-4.957928427,18.26680773,-0.122173048,-0.029321531,-0.249233017,1756822676,-0.114297944
4.213760599,-6.568298037,17.72602982,-0.254119939,0.109955743,-0.166155345,1756822676,-0.07619863
3.680161159,-7.281359172,16.73061562,-0.415388345,0.324980324,-0.096516708,1756822676,-0.044262439
2.801995265,-7.185646268,14.94317714,-0.531452775,0.566882941,-0.020769418,1756822676,-0.009524829
1.928615016,-6.384050697,12.63888897,-0.629191178,0.690277702,0.02443461,1756822676,0.011205681
0.976271621,-4.816751894,10.45663476,-0.579100246,0.742812147,-0.032986723,1756822676,-0.015127669
0.189032985,-2.931207685,8.970691927,-0.372627795,0.752585956,-0.020769418,1756822676,-0.009524829
-0.363709035,-1.294517027,8.274380551,-0.279776297,0.662177901,-0.031764992,1756822676,-0.014567385
-0.801595571,-0.11964113,7.898707403,-0.23090706,0.452040276,-0.149051118,1756822676,-0.068354653
-0.981057266,0.610169763,7.190431913,-0.333532438,0.17959438,-0.238237443,1756822676,-0.109255388
-0.997807024,1.091127106,6.125625856,-0.464257581,-0.063529985,-0.313984732,1756822676,-0.143992998
-0.930807991,1.519442351,5.127818832,-0.60353489,-0.295658793,-0.30665435,1756822676,-0.140631294
-0.882951539,2.000399694,4.364508422,-0.696386406,-0.456927198,-0.294437062,1756822676,-0.135028462
-0.763310409,2.270788647,3.59880519,-0.762359817,-0.554665654,-0.305432619,1756822676,-0.14007101
-0.646062102,2.100898243,2.694318248,-0.785572661,-0.60231309,-0.243124365,1756822676,-0.111496524
-0.516849682,1.548156222,1.430907915,-0.636521596,-0.610865238,-0.180816111,1756822676,-0.082922038
-0.591027182,1.083948638,0.078963146,-0.310319558,-0.557109097,-0.014660766,1756822676,-0.006723409
-0.564706134,0.952343395,-0.447457826,0.02565634,-0.522900626,0.067195176,1756822676,0.030815622
-0.387637261,1.074377347,0.325423874,0.366519143,-0.499687747,0.195476876,1756822676,0.089645446
0.026321049,1.244267752,2.325823567,0.579100246,-0.470366251,0.227241869,1756822676,0.104212832
0.373280326,1.634297836,5.242674317,0.742812147,-0.422718727,0.291993584,1756822676,0.133907886
1.146162025,2.33778768,8.305487245,0.929736893,-0.285884914,0.217468025,1756822676,0.099730559
1.057627589,3.443271721,11.23669493,0.919963031,-0.036651914,0.10262536,1756822676,0.047063859
0.918843878,4.405186407,13.84247874,0.702495024,0.15271631,0.12705997,1756822676,0.05826954
0.579063069,4.663611247,15.04606851,0.445931606,0.324980324,0.028099801,1756822676,0.012886533
0.634097989,3.955335758,15.86680666,0.234572251,0.447153372,0.041538836,1756822676,0.019049657
0.600598473,1.92382937,15.72084448,0.221133216,0.43615778,0.135612083,1756822676,0.062191529
0.313459761,-1.138983558,15.76152247,0.497244304,0.41783184,0.039095375,1756822676,0.017929089
0.291924357,-3.924229064,16.2520511,0.92851518,0.379958178,-0.056199602,1756822676,-0.025773066
0.464207584,-5.197210687,17.47717627,1.167974301,0.257785131,-0.233350521,1756822676,-0.107014252
0.552742021,-5.51306327,19.20718701,1.28159527,0.072082098,-0.257785131,1756822677,-0.118219933
0.916451056,-5.912664645,20.09970984,1.192408945,-0.312763002,-0.343306264,1756822677,-0.157439815
1.040877831,-6.309873196,20.37249162,0.91018924,-0.888198039,-0.422718727,1756822677,-0.19385827
1.514656706,-6.58026215,19.99442565,0.56321775,-1.499063277,-0.505796417,1756822677,-0.231957593
2.615355102,-6.381657874,18.69033733,0.197920337,-2.162462978,-0.565661211,1756822677,-0.259411511
3.799802289,-5.489135044,16.75693667,-0.062308254,-2.813645409,-0.577878533,1756822677,-0.265014359
4.864608346,-4.017549145,14.72303746,-0.218689755,-3.307224487,-0.538783158,1756822677,-0.24708527
5.661418272,-2.297109696,12.65563873,-0.290771853,-3.622430915,-0.411723171,1756822677,-0.188815722
6.125625856,-0.361316213,10.53081226,-0.315206445,-3.744603963,-0.262672052,1756822677,-0.120461068
6.4055861,0.971485976,8.355736519,-0.465479312,-3.696956544,-0.05253441,1756822677,-0.024092214
6.671189409,1.931007838,6.419943036,-0.58398715,-3.451388596,0.139277274,1756822677,0.06387238
6.872186507,2.316252277,4.711467699,-0.695164676,-3.016452581,0.331088942,1756822677,0.151836967
7.087540541,2.21814655,3.481556883,-0.733038286,-2.461786962,0.481361808,1756822677,0.220751912
7.152146751,2.108076711,2.538784779,-0.715934059,-1.838704332,0.597426203,1756822677,0.273978896
7.030112799,1.974078645,1.844866225,-0.653625822,-1.177748232,0.65973444,1756822677,0.302553374
6.616154489,2.15354034,1.280160091,-0.58276542,-0.526565835,0.81367248,1756822677,0.373149163
5.855236902,2.038684855,1.007378315,-0.549778714,0.136833813,0.927293449,1756822677,0.425255594
4.948357137,1.409372511,1.052841944,-0.527787566,0.773355409,0.939510771,1756822677,0.430858443
4.091726646,1.01216396,1.048056299,-0.520457183,1.31946888,0.915076127,1756822677,0.419652746
3.369094221,0.959521863,0.973878798,-0.526565835,1.753183181,0.70005158,1756822677,0.321042763
2.852244539,0.976271621,1.119840977,-0.477696634,2.023185634,0.508239896,1756822677,0.233078169
2.364108729,0.981057266,1.404586866,-0.348193203,2.283414295,0.299323967,1756822677,0.13726959
1.864008805,0.981057266,1.749153321,-0.194255146,2.474004215,0.089186325,1756822677,0.040900735
1.442872028,0.880558717,2.199003969,0.111177473,2.543642939,-0.125838239,1756822677,-0.057709256
1.153340493,0.741775006,3.038884702,0.362853969,2.526538538,-0.301767445,1756822677,-0.138390166
1.170090251,0.617348231,5.297709236,0.774577139,2.432465291,-0.452040276,1756822677,-0.207305095
1.339980656,0.748953474,8.508877166,1.065348993,2.322509758,-0.529009279,1756822677,-0.242602981
1.37108735,1.328016543,13.39502091,1.187522041,2.103819898,-0.522900626,1756822677,-0.239801561
1.117448154,1.773081547,16.29512191,1.091005281,1.7898352,-0.500909513,1756822677,-0.229716465
0.571884601,1.574477271,15.74716553,0.939510771,1.363451264,-0.478918364,1756822677,-0.219631352
0.650847747,1.110269686,15.13221012,0.860098238,0.893084943,-0.453261989,1756822677,-0.207865371
1.792224127,0.830309442,15.26142254,0.834441933,0.309097793,-0.323758559,1756822677,-0.148475263
3.330809059,0.205782744,16.35494247,0.734260016,-0.188146493,-0.15393804,1756822677,-0.070595789
3.074777041,-1.890329854,17.92224127,0.531452775,-0.221133216,-0.151494579,1756822677,-0.069475221
3.809373579,-3.223132042,18.96790475,0.279776297,0.032986723,-0.262672052,1756822677,-0.120461068
4.814359071,-4.874179636,18.80758564,0.083077672,0.239459173,-0.316428176,1756822677,-0.145113558
4.977071008,-6.510870295,18.55394644,-0.089186325,0.321315115,-0.318871654,1756822677,-0.146234134
4.476971085,-7.295716107,17.86002789,-0.221133216,0.509461626,-0.238237443,1756822677,-0.109255388
3.627519062,-7.247859655,16.64208118,-0.367740873,0.71837752,-0.194255146,1756822677,-0.089085162
2.488535504,-6.125625856,14.73978722,-0.398284135,0.941954215,-0.092851516,1756822677,-0.042581587
1.768295901,-5.118247541,12.61256792,-0.471587964,0.955393267,-0.141720735,1756822677,-0.064992949
0.835095087,-2.653640263,10.90409259,-0.355523586,0.972497477,-0.070860368,1756822677,-0.032496474
0.514456859,-1.749153321,10.18385299,-0.378736465,0.772133696,-0.072082098,1756822677,-0.033056758
0.117248307,-0.557527666,9.523433948,-0.518013722,0.455705485,-0.194255146,1756822677,-0.089085162
-0.169890405,0.574277424,8.824729749,-0.645073674,0.157603231,-0.226020138,1756822677,-0.103652547
-0.291924357,1.280160091,7.9513495,-0.709825372,-0.067195176,-0.268780705,1756822677,-0.123262489
-0.258424841,1.715653804,6.788437716,-0.764803278,-0.270002435,-0.272445896,1756822677,-0.124943341
-0.265603309,2.215753728,5.690132143,-0.834441933,-0.378736465,-0.161268423,1756822677,-0.073957493
-0.320638228,2.605783811,4.804787781,-0.841772298,-0.431270841,-0.105068821,1756822677,-0.048184427
-0.397208552,2.833101958,3.854837209,-0.908967509,-0.41783184,-0.032986723,1756822677,-0.015127669
-0.485742988,2.754138813,2.93599333,-0.858876507,-0.333532438,0.008552113,1756822677,0.003921988
-0.535992262,2.340180503,1.84965187,-0.747699052,-0.2565634,0.109955743,1756822677,0.050425564
-0.502492746,1.844866225,0.698704199,-0.536339679,-0.141720735,0.17837265,1756822677,0.08180147
-0.416351132,1.734796385,0.047856452,-0.215024564,-0.080634211,0.266337244,1756822677,0.122141921
-0.282353067,1.770688724,0.354137745,0.05253441,-0.081855942,0.299323967,1756822677,0.13726959
-0.191425808,2.017149452,1.990828403,0.23090706,-0.02687807,0.354301821,1756822677,0.162482364
0,2.318645099,4.625326086,0.345749707,0.045204028,0.405614518,1756822677,0.186014301
0.320638228,2.510070907,7.475177802,0.467922755,0.252898209,0.34086282,1756822677,0.156319255
0.397208552,2.703889538,9.99482,0.590095838,0.525344105,0.421497014,1756822677,0.193297994
-0.153140646,3.83808745,12.06461155,0.414166631,0.714712346,0.28221974,1756822677,0.129425613
-0.658026215,4.015156323,13.47876971,0.188146493,0.768468452,0.339641055,1756822677,0.155758955
-0.526420972,3.268595672,14.47657673,0.063529985,0.692721163,0.223576677,1756822677,0.102531979
-0.751346296,1.734796385,14.4837552,0.012217305,0.492357365,0.274889357,1756822677,0.126063909
-0.911665411,-0.600598473,14.22293753,0.273667627,0.261450322,0.265115513,1756822677,0.121581637
-1.000199847,-3.225524865,14.67757383,0.642630231,0.084299403,0.125838239,1756822677,0.057709256
-0.552742021,-5.247459962,15.45284835,1.038470905,-0.057421332,0.010995574,1756822677,0.005042556
-0.686740086,-6.290730615,17.30728587,1.26326926,-0.172263997,-0.167377075,1756822677,-0.076758913
-0.227318147,-7.027719976,18.86979902,1.216843572,-0.386066848,-0.290771853,1756822677,-0.133347601
0.107677017,-7.479963448,19.52782524,1.134987595,-0.730594842,-0.411723171,1756822677,-0.188815722
0.447457826,-7.728816998,19.64985919,0.926071719,-1.144761387,-0.499687747,1756822677,-0.229156164
1.328016543,-7.458428044,19.19761572,0.62308256,-1.687209753,-0.649960648,1756822677,-0.298071125
2.639283328,-6.738188442,17.80260014,0.375071256,-2.389704777,-0.643851944,1756822677,-0.295269681
4.010370678,-5.532205851,15.93141287,0.164933614,-3.0641,-0.689055989,1756822677,-0.316000199
4.965106895,-3.857230031,14.12243899,0.02565634,-3.584557305,-0.54611354,1756822677,-0.250446974
5.709274724,-2.055434613,12.24885889,-0.085521133,-3.908315672,-0.389732022,1756822677,-0.178730609
6.137589969,-0.339780809,10.36331468,-0.134390352,-4.017049876,-0.196698607,1756822677,-0.090205731
6.608976021,0.844666378,8.465806359,-0.219911486,-3.954741482,0.041538836,1756822677,0.019049657
6.908078846,1.423729447,6.967899411,-0.403171057,-3.698178135,0.207694181,1756822677,0.095248287
7.16889651,2.057827436,5.522634561,-0.494800843,-3.224146657,0.344527994,1756822677,0.158000099
7.499106028,1.871187273,4.30708068,-0.652404092,-2.619390176,0.476474868,1756822677,0.218510767
7.743173934,1.811366708,3.192025348,-0.73792519,-1.98164685,0.549778714,1756822677,0.252127818
7.633104094,1.763510256,2.395215423,-0.784350948,-1.318247167,0.605978334,1756822677,0.277900892
7.226324252,1.517049528,1.938186306,-0.780685774,-0.559552576,0.783129218,1756822677,0.359142062
6.594619086,1.404586866,1.694118401,-0.638965057,0.15393804,0.894306744,1756822677,0.410127934
5.776273756,1.237089284,1.603191142,-0.510683339,0.79412481,0.900415361,1756822677,0.412929338
5.060819799,0.96670033,1.521835174,-0.384845083,1.260825817,0.783129218,1756822677,0.359142062
4.433900278,1.198804123,1.507478238,-0.259006861,1.684766309,0.69882985,1756822677,0.320482479
3.632304707,1.505085415,1.813759531,-0.135612083,1.99997272,0.527787566,1756822677,0.242042705
2.859423007,2.136790582,2.234896308,0.032986723,2.254092624,0.415388345,1756822677,0.190496566
2.230110663,2.347358971,2.51246373,0.12950343,2.474004215,0.262672052,1756822677,0.120461068
1.68454711,2.330609212,2.785245506,0.223576677,2.565634,0.096516708,1756822677,0.044262439
1.091127106,2.227717841,3.273381317,0.421497014,2.5570818,-0.073303829,1756822677,-0.033617043
0.674775973,2.15354034,4.268795518,0.570548115,2.486221467,-0.193033415,1756822677,-0.088524878
0.569491779,2.086541307,6.080162227,0.758694643,2.332283567,-0.337197611,1756822677,-0.154638395
0.502492746,2.20857526,9.030512492,0.841772298,2.133141429,-0.360410491,1756822677,-0.165283792
0.354137745,2.227717841,12.25364453,0.91018924,1.844812967,-0.343306264,1756822677,-0.157439815
-0.028713871,1.887937031,13.96451269,0.827111515,1.491732929,-0.318871654,1756822677,-0.146234134
-0.193818631,1.237089284,14.08654665,0.857654777,1.077566315,-0.210137642,1756822677,-0.096368855
0.270388954,0.65324057,14.09372511,0.896750187,0.561996037,-0.212581103,1756822677,-0.097489423
1.557727513,0.117248307,14.71585899,0.918741301,0.008552113,-0.10384709,1756822677,-0.047624143
2.675175667,-0.961914685,15.90509182,0.874759004,-0.460592372,-0.061086524,1756822677,-0.028014202
2.833101958,-3.34038035,17.20678732,0.747699052,-0.543670062,-0.131946891,1756822677,-0.060510676
3.950550113,-5.338387221,18.28834313,0.521678896,-0.354301821,-0.415388345,1756822677,-0.190496566
4.802394958,-7.128218525,18.70230144,0.326202055,-0.145385927,-0.538783158,1756822677,-0.24708527
5.103890606,-8.48494894,18.32662829,0.032986723,0.081855942,-0.535117949,1756822677,-0.24540441
4.754538506,-8.702695796,17.33121409,-0.106290551,0.315206445,-0.56443948,1756822677,-0.258851226
3.81894487,-7.28853764,15.88355642,-0.183259571,0.527787566,-0.460592372,1756822677,-0.211227075
2.983849782,-5.611168997,14.11286769,-0.279776297,0.51190507,-0.395840674,1756822677,-0.181532029
2.306680986,-3.969692693,12.76331575,-0.250454748,0.344527994,-0.265115513,1756822677,-0.121581637
1.974078645,-2.52203502,11.83011493,-0.299323967,0.120951317,-0.186924763,1756822677,-0.085723458
1.586441384,-1.14137638,11.23669493,-0.30054568,-0.084299403,-0.119729587,1756822677,-0.054907836
1.320838075,0.198604276,10.83230791,-0.401949344,-0.28221974,-0.02443461,1756822677,-0.011205681
0.949950572,1.234696462,10.40399266,-0.43615778,-0.433714319,0.02565634,1756822677,0.011765965
0.602991295,2.0434705,9.286544511,-0.543670062,-0.500909513,0.138055544,1756822677,0.063312097
0.23928226,2.665604376,7.659425143,-0.65973444,-0.536339679,0.151494579,1756822677,0.069475221
0.198604276,3.163311477,5.958128274,-0.752585956,-0.576656802,0.106290551,1756822677,0.048744711
0.198604276,3.426521963,4.701896409,-0.873537273,-0.614530412,0.028099801,1756822677,0.012886533
0.35892339,3.436093254,3.888336725,-0.974940938,-0.613308682,-0.106290551,1756822677,-0.048744711
0.54317073,3.1657043,3.12024067,-1.004262469,-0.519235452,-0.105068821,1756822677,-0.048184427
0.770488877,2.665604376,2.435893407,-1.017701504,-0.409279727,-0.174707458,1756822677,-0.080120618
0.959521863,2.232503486,1.909472435,-0.8906415,-0.261450322,-0.130725161,1756822677,-0.059950392
0.981057266,1.871187273,1.452443318,-0.703716754,-0.073303829,-0.12950343,1756822677,-0.059390108
0.961914685,1.677368643,0.983450089,-0.448375102,0.096516708,-0.108734012,1756822677,-0.049865279
0.945164927,1.615155255,1.237089284,-0.12950343,0.222354947,-0.02687807,1756822677,-0.012326249
1.045663476,1.749153321,2.517249375,0.087964594,0.332310707,0.030543262,1756822677,0.014007101
1.162911784,2.172682921,4.953142782,0.290771853,0.41783184,0.02443461,1756822678,0.011205681
1.375872995,2.486142681,8.073383452,0.442266432,0.535117949,0.074525559,1756822678,0.034177326
1.543370577,2.801995265,10.92084235,0.530231009,0.748920782,0.073303829,1756822678,0.033617043
1.548156222,3.079562686,13.22513051,0.60353489,0.961501885,0.094073247,1756822678,0.043141871
1.476371544,3.050848815,15.06281827,0.610865238,1.089783567,0.113620934,1756822678,0.052106416
1.229910816,2.785245506,16.00080473,0.616973856,1.067792436,0.145385927,1756822678,0.066673801
0.535992262,1.818545176,15.64188134,0.64018677,0.91018924,0.125838239,1756822678,0.057709256
-0.100498549,0.306281293,14.83071447,0.67928211,0.728151381,-0.029321531,1756822678,-0.013446817
-0.126819598,-1.411765334,14.32822173,0.79412481,0.469144485,-0.105068821,1756822678,-0.048184427
0.390030084,-2.390429777,15.46002682,0.73792519,0.149051118,-0.210137642,1756822678,-0.096368855
1.124626622,-3.196810994,17.16132369,0.723264425,-0.174707458,-0.267558974,1756822678,-0.122702205
1.741974853,-3.864408499,18.02991829,0.671951762,-0.502131226,-0.254119939,1756822678,-0.11653908
2.234896308,-4.465006972,18.14955942,0.62308256,-0.917519588,-0.278554549,1756822678,-0.127744761
2.813959378,-5.060819799,17.87677764,0.527787566,-1.351233872,-0.333532438,1756822678,-0.152957551
3.591626723,-5.048855686,17.08953901,0.318871654,-1.795943835,-0.335975881,1756822678,-0.154078111
4.328616083,-4.625326086,15.74237989,0.164933614,-2.221106041,-0.366519143,1756822678,-0.168085212
5.099104961,-3.907479306,14.34497149,-0.031764992,-2.5570818,-0.301767445,1756822678,-0.138390166
5.766702466,-2.866601475,12.7896368,-0.218689755,-2.728124119,-0.233350521,1756822678,-0.107014252
6.171089485,-1.744367675,11.11944662,-0.302989176,-2.745228258,-0.063529985,1756822678,-0.02913477
6.302694728,-0.748953474,9.535398061,-0.368962586,-2.597399115,0.069638637,1756822678,0.03193619
6.388836342,0.014356936,8.130811195,-0.461814103,-2.32617481,0.125838239,1756822678,0.057709256
6.424728681,0.516849682,6.905686024,-0.557109097,-1.915673422,0.207694181,1756822678,0.095248287
6.419943036,0.873380249,5.788237869,-0.653625822,-1.426981231,0.228463599,1756822678,0.104773115
6.204589002,1.033699363,4.725824635,-0.678060379,-0.891863213,0.387288578,1756822678,0.177610049
5.85284408,1.294517027,3.869194144,-0.770911896,-0.384845083,0.444709893,1756822678,0.20394339
5.663811094,1.26101751,3.448057367,-0.867428656,0.012217305,0.43615778,1756822678,0.200021402
5.314458995,1.244267752,3.180061235,-0.880867691,0.400727579,0.503352956,1756822678,0.230837024
4.981856653,1.050449121,3.065205751,-0.853989603,0.741590434,0.478918364,1756822678,0.219631352
4.579862456,0.894915652,3.017349299,-0.689055989,1.027475313,0.461814103,1756822678,0.211787359
4.314259148,1.036092186,2.897708169,-0.518013722,1.257160643,0.455705485,1756822678,0.208985955
3.656232933,1.167697429,3.031706234,-0.240680904,1.458746224,0.470366251,1756822678,0.215709364
2.993421073,1.423729447,3.153740187,-0.035430184,1.56992361,0.450818546,1756822678,0.206744811
2.352144616,1.765903079,3.333201882,0.083077672,1.644449239,0.386066848,1756822678,0.177049765
1.770688724,1.911865257,3.601198013,0.252898209,1.649336143,0.272445896,1756822678,0.124943341
1.38065864,1.832902112,4.00319221,0.349414916,1.602910315,0.096516708,1756822678,0.044262439
1.112662509,1.706082514,4.723431812,0.530231009,1.550376009,-0.040317106,1756822678,-0.018489373
1.167697429,1.560120335,6.163911018,0.719599251,1.425759501,-0.163711884,1756822678,-0.075078061
1.239482107,1.526620819,8.489734585,0.884532865,1.296255983,-0.200363798,1756822678,-0.091886583
1.280160091,1.574477271,11.2438734,0.995710321,1.065348993,-0.184481302,1756822678,-0.08460289
1.222732349,1.543370577,13.32323624,0.973719207,0.788016192,-0.106290551,1756822678,-0.048744711
1.31605243,1.301695494,13.95015576,0.889419769,0.461814103,-0.10262536,1756822678,-0.047063859
2.155933163,1.060020412,14.24925858,0.821002898,0.105068821,-0.086742864,1756822678,-0.039780167
3.208775107,0.46899323,14.48136238,0.786794462,-0.20525072,0.02565634,1756822678,0.011765965
3.603590836,-1.002592669,15.29252924,0.71837752,-0.250454748,-0.043982297,1756822678,-0.020170225
4.25204576,-2.821137845,16.47936925,0.524122392,-0.092851516,-0.169820536,1756822678,-0.077879481
4.859822701,-4.534398827,17.45564087,0.271224166,0.07819075,-0.268780705,1756822678,-0.123262489
4.926821733,-6.077769404,17.80499297,0.089186325,0.285884914,-0.310319558,1756822678,-0.142312154
4.438685923,-7.649853852,17.61595998,-0.296880506,0.566882941,-0.151494579,1756822678,-0.069475221
4.118047695,-8.01595571,16.5272257,-0.219911486,0.788016192,-0.403171057,1756822678,-0.184893733
3.227917687,-6.345765535,14.9288202,-0.310319558,0.902858822,-0.196698607,1756822678,-0.090205731
2.242074776,-4.584648102,13.25384438,-0.322536846,0.791681366,-0.177150919,1756822678,-0.081241186
1.457228963,-2.957528734,11.64586759,-0.335975881,0.548556984,-0.202807259,1756822678,-0.093007151
1.095912751,-1.875972918,10.73898783,-0.372627795,0.238237443,-0.111177473,1756822678,-0.050985847
0.794417103,-0.617348231,10.11924678,-0.41783184,-0.067195176,-0.158824962,1756822678,-0.072836925
0.672383151,0.246460728,9.652646368,-0.489913921,-0.334754151,0.002443461,1756822678,0.001120568
0.552742021,1.143769203,8.860622088,-0.541226601,-0.524122392,0.034208453,1756822678,0.015687953
0.526420972,1.926222193,7.611568691,-0.62186083,-0.674395206,0.069638637,1756822678,0.03193619
0.550349198,2.452643165,6.226124405,-0.669508319,-0.773355409,0.10262536,1756822678,0.047063859
0.53359944,2.933600508,5.022534637,-0.763581548,-0.77579887,0.061086524,1756822678,0.028014202
0.689132909,2.986242605,4.220939066,-0.863763482,-0.720820964,0.061086524,1756822678,0.028014202
0.780060168,3.077169864,3.59880519,-0.886976326,-0.619417386,-0.034208453,1756822678,-0.015687953
0.899701298,2.86181583,3.232703333,-0.933402084,-0.494800843,-0.1282817,1756822678,-0.058829824
0.930807991,2.634497683,2.878565588,-0.875980734,-0.2565634,-0.174707458,1756822678,-0.080120618
0.937986459,2.201396792,2.323430745,-0.686612528,-0.046425758,-0.194255146,1756822678,-0.089085162
0.787238635,1.919043725,1.543370577,-0.432492606,0.146607657,-0.169820536,1756822678,-0.077879481
0.698704199,1.615155255,1.229910816,-0.120951317,0.274889357,-0.17837265,1756822678,-0.08180147
0.7728817,1.529013641,2.017149452,0.174707458,0.381179909,-0.150272849,1756822678,-0.068914937
0.89252283,1.646261949,4.108476404,0.425162223,0.480140077,-0.081855942,1756822678,-0.037539031
1.000199847,1.954936064,7.125825703,0.65973444,0.547335271,-0.118507856,1756822678,-0.054347552
1.088734283,2.423929294,10.53320509,0.744033878,0.725707938,-0.056199602,1756822678,-0.025773066
1.079162993,2.8163522,13.67498116,0.706160198,0.919963031,-0.065973446,1756822678,-0.030255338
0.890130007,2.890529701,15.34517133,0.654847535,1.142317943,-0.083077672,1756822678,-0.038099315
0.806381216,2.545963246,16.33819271,0.642630231,1.209513224,-0.085521133,1756822678,-0.039219883
0.356530567,1.698904046,16.70429457,0.663399614,1.073901071,-0.180816111,1756822678,-0.082922038
-0.526420972,0.167497582,15.63948851,0.642630231,0.791681366,-0.17959438,1756822678,-0.082361754
-0.658026215,-1.483550012,14.59143221,0.696386406,0.43004911,-0.339641055,1756822678,-0.155758955
-0.346959277,-2.634497683,15.34517133,0.739146903,-0.010995574,-0.373849526,1756822678,-0.171446916
0.418743955,-3.500699464,16.88136344,0.692721163,-0.431270841,-0.399505848,1756822678,-0.183212873
1.359123237,-4.194618018,18.0418824,0.667064858,-0.885754595,-0.422718727,1756822678,-0.19385827
2.292324051,-4.713860522,18.66162346,0.590095838,-1.404990048,-0.464257581,1756822678,-0.212907935
3.270988494,-5.132604477,18.75972918,0.450818546,-1.892460508,-0.538783158,1756822678,-0.24708527
4.295116567,-4.709074877,17.96052644,0.279776297,-2.356718072,-0.503352956,1756822678,-0.230837024
5.123033187,-4.060619952,16.40279892,0.079412481,-2.770884633,-0.464257581,1756822678,-0.212907935
5.661418272,-2.945564621,14.44307721,-0.085521133,-3.029891686,-0.35918876,1756822678,-0.164723508
6.065805291,-1.701296869,12.54796171,-0.257785131,-3.117856158,-0.190589954,1756822678,-0.08740431
6.250052631,-0.622133876,10.62891799,-0.317649941,-3.000570015,0.012217305,1756822678,0.005602841
6.252445454,-0.066999033,8.793623055,-0.365297412,-2.774549929,0.172263997,1756822678,0.07900005
6.199803357,0.078963146,7.247859655,-0.419053553,-2.434908752,0.246789556,1756822678,0.113177376
6.032305775,0.095712904,5.716453191,-0.399505848,-1.992642372,0.367740873,1756822678,0.168645496
5.886343596,0.301495648,4.302295035,-0.425162223,-1.57114534,0.412944901,1756822678,0.189376006
5.759523998,0.660419038,3.206382284,-0.448375102,-1.143539674,0.461814103,1756822678,0.211787359
5.496313512,1.117448154,2.467000101,-0.450818546,-0.686612528,0.504574687,1756822678,0.231397309
5.14456859,1.73958203,2.158325985,-0.543670062,-0.304210889,0.565661211,1756822678,0.259411511
4.967499718,1.79461695,2.26361018,-0.592539299,0.091629786,0.632856352,1756822678,0.290227117
4.627718908,1.710868159,2.450250342,-0.60353489,0.455705485,0.597426203,1756822678,0.273978896
4.275973986,1.679761465,2.624926392,-0.510683339,0.828333246,0.559552576,1756822678,0.256610099
3.814159224,1.588834206,2.919243572,-0.296880506,1.145983257,0.514348513,1756822678,0.235879573
3.438486076,1.646261949,3.354737285,-0.042760567,1.396437969,0.496022573,1756822678,0.22747532
2.593819698,1.797009773,3.716053498,0.188146493,1.62856669,0.401949344,1756822678,0.184333457
1.911865257,1.641476304,3.795016644,0.41661011,1.739744198,0.313984732,1756822678,0.143992998
1.30648114,1.538584932,3.76390995,0.616973856,1.721418189,0.131946891,1756822678,0.060510676
0.839880733,1.643869126,3.847658741,0.780685774,1.681101136,-0.046425758,1756822678,-0.021290793
0.696311377,1.780260014,4.632504554,0.922406475,1.524719652,-0.151494579,1756822678,-0.069475221
1.162911784,1.531406464,6.573083682,1.117883438,1.293812522,-0.28221974,1756822678,-0.129425613
1.737189208,1.701296869,10.04985492,1.187522041,0.879645978,-0.350636647,1756822678,-0.16080152
2.27318147,2.361715906,14.31147197,1.114218194,0.412944901,-0.366519143,1756822678,-0.168085212
2.469392923,2.450250342,15.90509182,0.87109383,-0.063529985,-0.346971438,1756822678,-0.159120659
3.77348124,2.019542274,15.86441384,0.558330828,-0.557109097,-0.222354947,1756822678,-0.101971695
5.728417304,1.129412267,15.457634,0.394618961,-1.059240306,0.036651914,1756822678,0.016808521
6.118447388,-0.172283227,15.20160198,0.238237443,-1.189965484,0.164933614,1756822678,0.075638345
6.530012875,-2.026720742,15.8069861,0.139277274,-0.87109383,0.125838239,1756822678,0.057709256
7.276573527,-3.739981724,16.6229386,-0.008552113,-0.460592372,0.037873645,1756822678,0.017368805
7.228717075,-5.285745123,16.78565054,-0.177150919,-0.032986723,-0.007330383,1756822678,-0.003361704
6.762116668,-6.355336826,16.56072521,-0.270002435,0.535117949,-0.20402899,1756822678,-0.093567435
6.11126892,-6.719045861,16.11326739,-0.447153372,1.034805731,-0.206472451,1756822678,-0.094688003
5.192425042,-6.300301906,15.23510149,-0.551000445,1.453859319,-0.335975881,1756822678,-0.154078111
4.153940034,-5.14456859,13.72044479,-0.580321976,1.642005795,-0.222354947,1756822678,-0.101971695
3.038884702,-3.550948738,11.96172018,-0.551000445,1.657888222,-0.215024564,1756822678,-0.098609991
2.20857526,-2.409572358,10.49970557,-0.508239896,1.508837086,-0.177150919,1756822678,-0.081241186
1.488335657,-1.081555815,9.437292334,-0.459370659,1.227839094,-0.089186325,1756822678,-0.040900735
0.990628556,0.00957129,8.590233134,-0.422718727,0.895528457,-0.202807259,1756822678,-0.093007151
0.567098956,0.890130007,7.76710216,-0.464257581,0.566882941,-0.134390352,1756822678,-0.061631244
0.449850649,1.627119368,6.800401829,-0.491135634,0.305432619,-0.213802833,1756822678,-0.098049707
0.330209519,2.299502519,5.776273756,-0.531452775,0.068416907,-0.124616509,1756822678,-0.057148972
0.308674115,2.797209619,4.84068012,-0.613308682,-0.067195176,-0.164933614,1756822678,-0.075638345
0.217746857,3.129811961,4.06779842,-0.71837752,-0.108734012,-0.02443461,1756822679,-0.011205681
0.138783711,3.330809059,3.266202849,-0.83322022,-0.106290551,-0.140499005,1756822679,-0.064432665
0.114855485,2.933600508,2.32821639,-0.817337724,-0.035430184,-0.05009095,1756822679,-0.022971646
0.078963146,2.254038889,1.438086383,-0.709825372,0.085521133,-0.094073247,1756822679,-0.043141871
0.050249275,1.708475336,0.748953474,-0.448375102,0.196698607,-0.019547688,1756822679,-0.008964545
0.112462662,1.569691626,0.464207584,-0.036651914,0.278554549,0.010995574,1756822679,0.005042556
0.299102825,1.5457634,1.263410333,0.30665435,0.355523586,0.089186325,1756822679,0.040900735
0.344566454,1.981257113,3.050848815,0.540004888,0.393397231,0.161268423,1756822679,0.073957493
0.397208552,2.665604376,5.828915854,0.722042694,0.422718727,0.28099801,1756822679,0.128865329
0.409172665,3.328416237,9.011369912,0.817337724,0.542448332,0.239459173,1756822679,0.109815672
0.399601374,3.558127206,11.67458147,0.812450749,0.704938467,0.262672052,1756822679,0.120461068
0.313459761,3.608376481,13.90469213,0.774577139,0.823446341,0.217468025,1756822679,0.099730559
0.524028149,3.383451156,15.83809279,0.686612528,0.81367248,0.090408055,1756822679,0.041461019
0.780060168,2.553141714,17.2474653,0.714712346,0.722042694,0.045204028,1756822679,0.02073051
0.54317073,0.70827549,17.90309869,0.805120401,0.560774306,-0.161268423,1756822679,-0.073957493
0.334995164,-1.277767268,17.36232079,0.905302266,0.390953752,-0.337197611,1756822679,-0.154638395
0.3493521,-2.756531635,17.02253998,0.995710321,0.184481302,-0.399505848,1756822679,-0.183212873
0.586241537,-3.163311477,17.98445466,0.985936529,-0.080634211,-0.480140077,1756822679,-0.220191628
1.220339526,-3.34995164,18.69273015,0.875980734,-0.414166631,-0.409279727,1756822679,-0.187695161
1.813759531,-3.471985593,18.73101531,0.71837752,-0.913854414,-0.398284135,1756822679,-0.182652597
2.397608245,-4.015156323,18.53241104,0.471587964,-1.501506738,-0.333532438,1756822679,-0.152957551
3.321237769,-4.421936165,17.88634894,0.194255146,-2.111150246,-0.450818546,1756822679,-0.206744811
4.290330922,-4.493720843,16.49372618,-0.12950343,-2.645046534,-0.386066848,1756822679,-0.177049765
5.051248509,-3.917050596,14.75175133,-0.261450322,-3.116634567,-0.388510291,1756822679,-0.178170325
5.97248521,-3.433700431,13.1389889,-0.491135634,-3.362202254,-0.243124365,1756822679,-0.111496524
6.601797553,-2.624926392,11.45922743,-0.543670062,-3.414736577,-0.122173048,1756822679,-0.056028404
6.771687958,-1.258624688,9.422935399,-0.553443888,-3.257133363,0.032986723,1756822679,0.015127669
6.7549382,-0.002392823,7.609175868,-0.508239896,-2.872288472,0.250454748,1756822679,0.114858228
6.81954441,0.483350165,6.072983759,-0.373849526,-2.370157177,0.373849526,1756822679,0.171446916
6.936792717,0.72741807,4.831108829,-0.43493605,-1.872912785,0.411723171,1756822679,0.188815722
7.020541508,1.093519928,3.739981724,-0.49357913,-1.395216239,0.419053553,1756822679,0.192177426
6.934399895,1.339980656,2.883351233,-0.554665654,-0.868650369,0.491135634,1756822679,0.225234176
6.707081748,1.519442351,2.378465664,-0.569326385,-0.318871654,0.49357913,1756822679,0.22635476
6.266802389,1.66540453,1.998006871,-0.525344105,0.262672052,0.571769828,1756822679,0.262212915
5.544169964,1.856830338,1.78504566,-0.537561392,0.770911896,0.624304273,1756822679,0.286305144
4.902893507,1.895115499,1.627119368,-0.500909513,1.203404467,0.657290996,1756822679,0.301432813
4.201796486,1.56490598,1.725225095,-0.541226601,1.562593262,0.608421795,1756822679,0.27902146
3.491128173,1.507478238,1.868794451,-0.597426203,1.869247594,0.559552576,1756822679,0.256610099
2.842673249,1.294517027,2.072184372,-0.401949344,2.163684691,0.370184317,1756822679,0.169766056
2.124826469,1.275374446,2.333002035,-0.295658793,2.443460953,0.327423768,1756822679,0.150156123
1.289731381,1.009771137,2.562713005,-0.008552113,2.664594134,0.223576677,1756822679,0.102531979
0.591027182,0.952343395,2.804388087,0.329867229,2.730567562,0.124616509,1756822679,0.057148972
0.150747824,1.016949605,3.878765435,0.67928211,2.729345972,-0.012217305,1756822679,-0.005602841
0.100498549,1.397408398,6.333801422,1.049466497,2.549751434,-0.161268423,1756822679,-0.073957493
0.045463629,2.261217357,10.57627589,1.156978779,2.194227953,-0.284663184,1756822679,-0.130546174
-0.160319114,3.189632526,14.74935851,1.032362287,1.733635581,-0.345749707,1756822679,-0.158560375
-0.691525731,2.964707201,15.73041577,0.838107107,1.252273738,-0.470366251,1756822679,-0.215709364
-0.54317073,2.268395825,15.21356609,0.725707938,0.788016192,-0.458148929,1756822679,-0.210106515
0.96670033,1.813759531,15.53420432,0.616973856,0.195476876,-0.38362337,1756822679,-0.175929189
3.23031051,1.119840977,16.13480279,0.384845083,-0.635299883,-0.265115513,1756822679,-0.121581637
3.594019545,-0.117248307,16.64925965,0.299323967,-0.999375495,-0.290771853,1756822679,-0.133347601
4.357329955,-2.294716873,17.51306861,0.399505848,-0.877202447,-0.411723171,1756822679,-0.188815722
5.218746091,-2.629712037,17.83849248,0.032986723,-0.488692191,-0.467922755,1756822679,-0.214588779
6.034698597,-4.386043826,17.44606958,-0.098960169,-0.392175465,-0.471587964,1756822679,-0.21626964
6.343372713,-6.118447388,17.11825288,-0.262672052,-0.285884914,-0.409279727,1756822679,-0.187695161
5.903093354,-7.066005138,16.55593957,-0.386066848,-0.014660766,-0.265115513,1756822679,-0.121581637
5.1349973,-6.927221427,15.15613835,-0.471587964,0.268780705,-0.096516708,1756822679,-0.044262439
4.029513258,-5.888736419,13.32323624,-0.520457183,0.54611354,0.018325957,1756822679,0.008404261
2.914457927,-4.338187374,11.44965614,-0.427605667,0.735481729,0.135612083,1756822679,0.062191529
2.15354034,-2.529213488,9.908678387,-0.365297412,0.739146903,0.149051118,1756822679,0.068354653
1.404586866,-1.057627589,8.987441686,-0.368962586,0.686612528,0.139277274,1756822679,0.06387238
0.803988394,0.133998066,8.305487245,-0.454483755,0.541226601,-0.010995574,1756822679,-0.005042556
0.361316213,0.71784678,7.453642399,-0.590095838,0.439822989,-0.046425758,1756822679,-0.021290793
0.179461695,1.019342428,6.434299971,-0.648738848,0.331088942,-0.194255146,1756822679,-0.089085162
0.191425808,1.268195978,5.618347465,-0.730594842,0.228463599,-0.173485728,1756822679,-0.079560334
0.172283227,1.607976787,4.989035121,-0.752585956,0.167377075,-0.131946891,1756822679,-0.060510676
0.066999033,1.926222193,4.29750939,-0.79534654,0.12705997,-0.138055544,1756822679,-0.063312097
-0.004785645,2.036292033,3.402593737,-0.777020583,0.10384709,-0.096516708,1756822679,-0.044262439
-0.057427742,1.856830338,2.215753728,-0.687834258,0.091629786,-0.095294977,1756822679,-0.043702155
-0.083748791,1.466800254,0.82791662,-0.483805251,0.048869219,-0.040317106,1756822679,-0.018489373
-0.078963146,1.215553881,-0.066999033,-0.207694181,0.046425758,-0.020769418,1756822679,-0.009524829
0.069391855,1.373480172,-0.165104759,0.086742864,0.02687807,0.014660766,1756822679,0.006723409
0.320638228,1.825723644,1.062413234,0.271224166,0.009773844,0.047647489,1756822679,0.021851078
0.617348231,2.270788647,3.567698497,0.401949344,0.006108652,0.064751715,1756822679,0.029695054
0.815952507,2.993421073,6.632904247,0.48747046,0.094073247,0.064751715,1756822679,0.029695054
1.057627589,3.610769303,9.937392258,0.476474868,0.186924763,0.034208453,1756822679,0.015687953
1.256231865,4.175475437,12.59821099,0.477696634,0.414166631,-0.008552113,1756822679,-0.003921988
1.270588801,4.419543342,14.78285802,0.458148929,0.643851944,-0.008552113,1756822679,-0.003921988
1.409372511,4.3621156,16.27119368,0.439822989,0.762359817,0.010995574,1756822679,0.005042556
1.363908882,3.211167929,16.1252315,0.494800843,0.728151381,0.083077672,1756822679,0.038099315
0.684347264,0.983450089,15.43131295,0.706160198,0.637743326,0.057421332,1756822679,0.02633335
0.18424734,-1.428515092,15.26860101,1.07145761,0.538783158,0.05009095,1756822679,0.022971646
0.177068872,-3.158525832,15.75195118,1.30236474,0.471587964,-0.112399204,1756822679,-0.051546132
0.198604276,-3.488735351,17.93420539,1.370781612,0.387288578,-0.122173048,1756822679,-0.056028404
0.545563553,-3.69930374,19.80539266,1.226617381,0.180816111,-0.149051118,1756822679,-0.068354653
0.689132909,-3.847658741,20.44188347,1.039692635,-0.201585529,-0.20402899,1756822679,-0.093567435
0.617348231,-3.897908015,20.05903186,0.731816555,-0.711047172,-0.307876063,1756822679,-0.14119157
0.940379282,-4.304687857,19.13779515,0.38362337,-1.30236474,-0.43493605,1756822679,-0.199461118
1.90468679,-4.347758664,17.68535184,0.034208453,-1.913229978,-0.470366251,1756822679,-0.215709364
2.892922523,-4.151547211,16.00559037,-0.263893783,-2.481334563,-0.522900626,1756822679,-0.239801561
3.950550113,-3.560520029,14.17508108,-0.464257581,-2.99446152,-0.454483755,1756822679,-0.208425671
4.737788748,-2.799602442,12.22253784,-0.547335271,-3.332880862,-0.25534167,1756822679,-0.117099365
5.108676251,-1.832902112,10.23888791,-0.551000445,-3.411071525,-0.062308254,1756822679,-0.028574486
5.266602543,-0.794417103,8.166703534,-0.518013722,-3.363424124,0.173485728,1756822679,0.079560334
5.472385286,-0.162711937,6.254838276,-0.498466017,-3.199712153,0.305432619,1756822679,0.14007101
5.735595772,0.260817663,4.802394958,-0.438601224,-2.948035709,0.372627795,1756822679,0.170886632
5.881557951,0.404387019,3.34038035,-0.350636647,-2.64260309,0.454483755,1756822679,0.208425671
6.319444487,0.275174599,2.450250342,-0.210137642,-2.061059244,0.555887367,1756822679,0.254929238
5.994020613,1.143769203,1.68454711,-0.114842665,-1.547932549,0.607200064,1756822679,0.278461176
5.728417304,1.636690658,1.270588801,-0.233350521,-1.049466497,0.71837752,1756822679,0.329447016
5.307280527,1.861615983,0.866201781,-0.411723171,-0.559552576,0.764803278,1756822679,0.350737809
5.003392057,1.947757596,0.751346296,-0.376292969,-0.040317106,0.65973444,1756822679,0.302553374
4.551148585,1.864008805,0.734596538,-0.381179909,0.525344105,0.714712346,1756822679,0.327766171
3.821337692,1.651047594,1.045663476,-0.238237443,1.066570723,0.65973444,1756822679,0.302553374
2.957528734,1.438086383,1.354337592,-0.068416907,1.560149801,0.653625822,1756822679,0.299751969
2.050648968,1.462014609,1.67497582,0.195476876,1.935221022,0.60231309,1756822679,0.276220016
1.37108735,1.138983558,2.026720742,0.442266432,2.158797787,0.393397231,1756822679,0.180411469
0.811166861,0.959521863,2.474178568,0.689055989,2.262644825,0.239459173,1756822679,0.109815672
0.361316213,1.165304606,3.34995164,0.943175945,2.26997519,0.008552113,1756822679,0.003921988
0.382851616,1.576870093,5.343172866,1.103222603,2.163684691,-0.163711884,1756822679,-0.075078061
0.65324057,2.486142681,9.46122056,1.087340107,1.948660145,-0.298102236,1756822679,-0.136709306
0.8470592,3.510270754,14.66082407,0.73792519,1.63589716,-0.310319558,1756822679,-0.142312154
0.713061135,3.522234867,17.32882127,0.520457183,1.268156304,-0.54611354,1756822679,-0.250446974
0.926022346,2.866601475,17.32642845,0.322536846,0.906523996,-0.467922755,1756822679,-0.214588779
2.589034053,2.32821639,17.04407538,0.290771853,0.262672052,-0.470366251,1756822679,-0.215709364
4.771288264,1.875972918,16.72343715,0.412944901,-0.697608119,-0.186924763,1756822679,-0.085723458
3.852444386,0.535992262,16.45544102,0.491135634,-1.095892255,-0.092851516,1756822679,-0.042581587
3.88355108,-0.813559684,17.3001074,0.273667627,-0.886976326,-0.17959438,1756822679,-0.082361754
5.268995365,-2.213360905,17.71406571,0.032986723,-0.663399614,-0.257785131,1756822679,-0.118219933
6.209374647,-3.876372612,17.37667772,-0.260228591,-0.530231009,-0.252898209,1756822679,-0.115978796
6.472585133,-5.560919722,17.06082514,-0.469144485,-0.414166631,-0.235793982,1756822679,-0.10813482
6.147161259,-6.434299971,16.43151279,-0.627969465,-0.122173048,-0.25534167,1756822679,-0.117099365
5.498706335,-6.64486836,15.1513527,-0.725707938,0.226020138,-0.202807259,1756822679,-0.093007151
4.716253345,-5.998806258,13.17248841,-0.708603641,0.530231009,-0.210137642,1756822679,-0.096368855
3.859622854,-4.673182538,11.16012461,-0.636521596,0.706160198,-0.180816111,1756822679,-0.082922038
3.17527559,-3.103490912,9.712466933,-0.504574687,0.780685774,-0.151494579,1756822680,-0.069475221
2.452643165,-1.672582997,8.824729749,-0.41783184,0.725707938,-0.10262536,1756822680,-0.047063859
1.820937999,-0.492921456,8.149953776,-0.399505848,0.692721163,-0.091629786,1756822680,-0.042021303
1.189232832,0.428315245,7.41775006,-0.329867229,0.601091377,-0.12950343,1756822680,-0.059390108
0.665204683,1.074377347,6.503691827,-0.372627795,0.502131226,-0.15393804,1756822680,-0.070595789
0.385244439,1.493121302,5.690132143,-0.355523586,0.427605667,-0.151494579,1756822680,-0.069475221
0.143569356,1.864008805,4.986642298,-0.373849526,0.379958178,-0.108734012,1756822680,-0.049865279
-0.062213388,2.167897276,4.31665197,-0.395840674,0.350636647,-0.07696902,1756822680,-0.035297895
-0.282353067,2.27318147,3.46002148,-0.361632204,0.348193203,-0.018325957,1756822680,-0.008404261
-0.497707101,2.215753728,2.395215423,-0.302989176,0.350636647,-0.008552113,1756822680,-0.003921988
-0.789631458,1.911865257,1.1964113,-0.054977871,0.387288578,0.123394778,1756822680,0.056588688
-0.878165894,1.629512191,0.311066938,0.184481302,0.426383936,0.149051118,1756822680,0.068354653
-0.96670033,1.593619852,0.354137745,0.50701813,0.467922755,0.252898209,1756822680,0.115978796
-0.930807991,2.067398726,1.581655739,0.836885394,0.476474868,0.353080108,1756822680,0.161922088
-0.839880733,2.754138813,3.723231966,0.976162651,0.467922755,0.421497014,1756822680,0.193297994
-0.830309442,3.59880519,6.116054566,0.962723615,0.456927198,0.456927198,1756822680,0.209546231
-0.918843878,4.53679165,8.563912085,0.863763482,0.38362337,0.403171057,1756822680,0.184893733
-0.851844846,5.324030285,10.56909742,0.739146903,0.212581103,0.206472451,1756822680,0.094688003
-0.756131942,5.883950773,12.67717413,0.504574687,-0.030543262,0.243124365,1756822680,0.111496524
-0.366101858,5.793023515,14.34257866,0.251676478,-0.405614518,0.028099801,1756822680,0.012886533
0.105284194,4.565505521,14.84746423,-0.108734012,-0.905302266,0.073303829,1756822680,0.033617043
0.538385085,1.945364774,15.26620819,-0.147829388,-1.240056486,-0.098960169,1756822680,-0.045383007
1.596012674,-1.225125171,16.94836248,0.07696902,-1.31946888,-0.190589954,1756822680,-0.08740431
2.919243572,-3.924229064,18.6448737,0.508239896,-1.082453202,-0.28221974,1756822680,-0.129425613
3.555734384,-4.639683021,19.03729661,0.79534654,-0.81489421,-0.481361808,1756822680,-0.220751912
4.031906081,-4.579862456,18.87937031,0.978606112,-0.667064858,-0.447153372,1756822680,-0.205063967
3.885943902,-4.149154388,18.29312878,0.985936529,-0.800233427,-0.386066848,1756822680,-0.177049765
3.713660675,-4.005585032,17.91984845,0.748920782,-1.117883438,-0.294437062,1756822680,-0.135028462
3.795016644,-4.237688825,17.91027716,0.425162223,-1.580919271,-0.274889357,1756822680,-0.126063909
4.149154388,-4.673182538,17.0033974,0.065973446,-2.120924055,-0.259006861,1756822680,-0.118780217
4.709074877,-4.735395925,15.39063496,-0.207694181,-2.646268125,-0.304210889,1756822680,-0.139510726
5.44845706,-4.022334791,13.63191035,-0.367740873,-3.126408376,-0.304210889,1756822680,-0.139510726
6.266802389,-3.050848815,11.88754268,-0.58276542,-3.464827701,-0.206472451,1756822680,-0.094688003
6.802794652,-1.782652837,10.09771137,-0.618195586,-3.612657106,-0.161268423,1756822680,-0.073957493
7.030112799,-0.375673148,8.291130309,-0.598647916,-3.556457487,0.004886922,1756822680,0.002241136
7.262216591,0.622133876,6.587440618,-0.504574687,-3.281568129,0.151494579,1756822680,0.069475221
7.295716107,1.442872028,4.945964314,-0.470366251,-2.803871339,0.279776297,1756822680,0.128305053
7.274180704,1.995614048,3.527020512,-0.390953752,-2.276083947,0.469144485,1756822680,0.215149063
7.118647235,1.880758564,2.694318248,-0.289550123,-1.685988023,0.585208881,1756822680,0.268376047
6.817151587,1.672582997,2.210968082,-0.05009095,-1.069014167,0.519235452,1756822680,0.238120717
6.312266019,1.201196945,1.799402595,0.238237443,-0.372627795,0.657290996,1756822680,0.301432813
5.960521097,0.562313311,1.981257113,0.746477321,0.312763002,0.733038286,1756822680,0.336170424
4.929214556,1.258624688,1.907079612,0.922406475,0.918741301,0.665843145,1756822680,0.305354818
3.761517127,1.931007838,1.844866225,0.916297857,1.424537788,0.857654777,1756822680,0.393319388
2.904886636,2.390429777,1.55533469,0.715934059,1.714087841,0.615752143,1756822680,0.282383148
2.08893413,2.931207685,1.124626622,0.587652324,1.902234317,0.494800843,1756822680,0.226915036
1.473978722,2.579462763,0.983450089,0.419053553,1.990198929,0.386066848,1756822680,0.177049765
0.751346296,2.352144616,0.698704199,0.147829388,2.106263341,0.175929189,1756822680,0.080680902
-0.047856452,1.919043725,0.538385085,0.036651914,2.089159062,0.197920337,1756822680,0.090766014
-0.58863436,1.737189208,0.777667345,0.239459173,1.964542571,-0.00122173,1756822680,-0.000560284
-0.547956375,1.524227996,2.199003969,0.609643508,1.692096657,-0.070860368,1756822680,-0.032496474
0.117248307,2.309073809,5.276173833,0.847880986,1.31946888,-0.28099801,1756822680,-0.128865329
0.94755775,3.795016644,11.13619638,0.695164676,0.797789984,-0.233350521,1756822680,-0.107014252
1.66540453,4.931607379,17.87438482,0.271224166,0.241902634,-0.307876063,1756822680,-0.14119157
2.708675183,4.486542375,20.23131508,-0.186924763,-0.244346095,-0.356745317,1756822680,-0.163602948
5.536991496,2.914457927,19.73360798,-0.447153372,-0.883311152,-0.368962586,1756822680,-0.169205772
8.334201116,0.375673148,18.70708709,-0.419053553,-1.591914793,-0.56443948,1756822680,-0.258851226
8.379664745,-2.136790582,16.73300844,-0.223576677,-1.765400573,-0.408057962,1756822680,-0.187134862
8.970691927,-4.149154388,15.60838182,-0.207694181,-1.522276191,-0.587652324,1756822680,-0.269496607
10.40638549,-5.850451257,15.19203069,-0.355523586,-1.153313605,-0.56443948,1756822680,-0.258851226
11.14816049,-7.331608446,14.96710536,-0.376292969,-0.713490616,-0.499687747,1756822680,-0.229156164
11.13619638,-7.970492081,15.17767375,-0.345749707,-0.182037841,-0.421497014,1756822680,-0.193297994
10.63370363,-7.834101192,15.34756416,-0.271224166,0.466701042,-0.333532438,1756822680,-0.152957551
9.365507656,-6.561119569,14.56511117,-0.188146493,1.080009759,-0.261450322,1756822680,-0.119900785
7.649853852,-4.716253345,13.20359511,-0.213802833,1.56992361,-0.124616509,1756822680,-0.057148972
6.264409567,-3.141776074,11.93061348,-0.252898209,1.888795334,-0.028099801,1756822680,-0.012886533
4.948357137,-1.627119368,10.75573759,-0.2565634,2.053728896,0.014660766,1756822680,0.006723409
3.64426882,-0.260817663,9.781858789,-0.259006861,2.141693508,0.010995574,1756822680,0.005042556
2.490928327,0.748953474,8.784051765,-0.267558974,2.155132613,0.023212879,1756822680,0.010645397
1.406979689,1.718046627,7.707281595,-0.234572251,2.073276636,-0.095294977,1756822680,-0.043702155
0.418743955,2.316252277,6.604190376,-0.171042267,1.977981676,-0.040317106,1756822680,-0.018489373
-0.289531535,2.754138813,5.726024482,-0.056199602,1.858252072,-0.046425758,1756822680,-0.021290793
-0.873380249,3.103490912,4.941178669,-0.003665191,1.737300755,-0.008552113,1756822680,-0.003921988
-1.31605243,3.385843979,3.981656806,0.069638637,1.602910315,0.092851516,1756822680,0.042581587
-1.658226062,3.536591803,2.782852684,0.096516708,1.431868136,0.141720735,1756822680,0.064992949
-1.911865257,3.560520029,1.416550979,0.185703032,1.274264922,0.216246294,1756822680,0.099170275
-1.990828403,3.481556883,0.325423874,0.273667627,1.125213786,0.323758559,1756822680,0.148475263
-2.031506387,3.440878899,-0.272781776,0.353080108,0.985936529,0.455705485,1756822680,0.208985955
-1.962114532,3.5892339,-0.246460728,0.370184317,0.79412481,0.426383936,1756822680,0.19553913
-1.816152353,3.917050596,0.792024281,0.349414916,0.609643508,0.6414085,1756822680,0.294149121
-1.679761465,4.49132802,2.684746957,0.23090706,0.409279727,0.489913921,1756822680,0.2246739
-1.462014609,5.096712138,5.190032219,0.020769418,0.194255146,0.520457183,1756822680,0.238681001
-1.158126138,5.572883835,7.731209821,-0.15393804,0,0.448375102,1756822680,0.205624251
-0.770488877,5.630311578,9.999605645,-0.268780705,-0.142942466,0.34086282,1756822680,0.156319255
-0.210568389,5.417350366,12.69153107,-0.310319558,-0.294437062,0.2565634,1756822680,0.117659648
0.674775973,4.644468667,15.37388521,-0.259006861,-0.433714319,0.213802833,1756822680,0.098049707
1.347159124,2.974278492,16.95314812,-0.177150919,-0.62308256,0.190589954,1756822680,0.08740431
1.84965187,0.557527666,17.70449442,0.054977871,-0.670730032,0.059864793,1756822680,0.027453918
2.900100991,-2.009970984,18.96790475,0.547335271,-0.557109097,-0.07696902,1756822680,-0.035297895
3.519842045,-3.739981724,18.81954975,0.908967509,-0.475253155,-0.305432619,1756822680,-0.14007101
3.416950673,-3.723231966,18.67358757,1.158200509,-0.414166631,-0.386066848,1756822680,-0.177049765
3.495913819,-2.964707201,18.97986886,1.194852388,-0.392175465,-0.443488163,1756822680,-0.203383107
3.311666478,-2.438286229,18.53001821,1.060462019,-0.581543707,-0.379958178,1756822680,-0.174248336
3.381058334,-2.409572358,17.69731595,0.77579887,-1.010371087,-0.376292969,1756822680,-0.172567476
3.632304707,-3.170489945,16.99382611,0.317649941,-1.634675447,-0.442266432,1756822680,-0.202822822
4.309473503,-4.048655839,16.01037602,-0.211359372,-2.244318815,-0.54611354,1756822680,-0.250446974
5.233103026,-4.479363907,14.46221979,-0.615752143,-2.786767182,-0.543670062,1756822680,-0.249326398
6.051448355,-4.412364874,12.64367462,-0.819781167,-3.164281986,-0.454483755,1756822680,-0.208425671
6.616154489,-3.797409466,10.77727299,-0.863763482,-3.356093496,-0.425162223,1756822680,-0.194978854
6.943971185,-2.689532602,8.846265152,-0.741590434,-3.352428462,-0.278554549,1756822680,-0.127744761
7.118647235,-1.201196945,7.173682155,-0.619417386,-3.126408376,-0.210137642,1756822680,-0.096368855
7.245466833,0.035892339,5.575276658,-0.510683339,-2.751337015,-0.041538836,1756822680,-0.019049657
7.345965382,0.985842911,4.30708068,-0.516792009,-2.280970834,0.040317106,1756822680,0.018489373
7.35314385,1.514656706,3.247060268,-0.502131226,-1.718974745,0.172263997,1756822680,0.07900005
7.322037156,1.710868159,2.541177601,-0.526565835,-1.111774751,0.272445896,1756822680,0.124943341
7.104290299,1.732403562,2.081755662,-0.543670062,-0.496022573,0.387288578,1756822680,0.177610049
6.723831506,1.605583965,1.751546143,-0.549778714,0.130725161,0.471587964,1756822680,0.21626964
5.9820565,1.672582997,1.576870093,-0.557109097,0.735481729,0.604756621,1756822680,0.277340616
5.216353268,1.698904046,1.361516059,-0.514348513,1.282817,0.689055989,1756822680,0.316000199
4.319044793,1.737189208,1.210768236,-0.54611354,1.750739738,0.791681366,1756822680,0.363064066
3.35952293,1.663011707,1.222732349,-0.450818546,2.188119336,0.816115923,1756822680,0.374269723
2.397608245,1.600798319,1.222732349,-0.405614518,2.522873486,0.786794462,1756822680,0.360822938
1.598405497,1.356730414,1.287338559,-0.244346095,2.798984434,0.671951762,1756822680,0.308156222
0.583848714,1.246660575,1.320838075,0.003665191,2.939483491,0.514348513,1756822680,0.235879573
0.071784678,1.203589768,1.612762432,0.224798408,2.927266239,0.43004911,1756822680,0.197219974
-0.291924357,1.107876864,2.51246373,0.549778714,2.773328077,0.122173048,1756822680,0.056028404
-0.189032985,1.765903079,4.725824635,0.708603641,2.472782362,-0.053756141,1756822680,-0.024652498
0.189032985,2.519642198,9.305687091,0.751364226,1.984090294,-0.270002435,1756822680,-0.123822773
0.813559684,3.132204783,15.29731488,0.616973856,1.511280529,-0.294437062,1756822680,-0.135028462
0.83748791,3.206382284,18.04427523,0.549778714,1.004262469,-0.526565835,1756822680,-0.241482421
1.162911784,3.108276557,17.95334797,0.510683339,0.494800843,-0.691499432,1756822680,-0.317120759
2.878565588,3.125026316,17.28096482,0.500909513,-0.15271631,-0.715934059,1756822680,-0.328326447
5.003392057,2.584248408,16.4745836,0.411723171,-0.927293449,-0.529009279,1756822680,-0.242602981
5.103890606,1.155733316,16.52004723,0.35918876,-1.287703905,-0.438601224,1756822680,-0.201141963
5.642275691,-0.495314278,17.62792409,0.158824962,-1.176526519,-0.448375102,1756822680,-0.205624251
7.044469734,-1.976471468,18.26680773,0.003665191,-0.8906415,-0.471587964,1756822681,-0.21626964
7.869993531,-3.672982691,17.75235087,-0.045204028,-0.629191178,-0.466701042,1756822681,-0.214028503
7.872386354,-4.924428911,16.75932949,-0.12950343,-0.324980324,-0.376292969,1756822681,-0.172567476
7.436892641,-5.840879967,15.60838182,-0.290771853,0.042760567,-0.262672052,1756822681,-0.120461068
6.697510457,-6.116054566,14.21336624,-0.408057962,0.478918364,-0.183259571,1756822681,-0.084042606
5.541777142,-5.711667546,12.59821099,-0.551000445,0.896750187,-0.084299403,1756822681,-0.038659599
4.352544309,-4.539184472,11.03809065,-0.605978334,1.229060824,-0.028099801,1756822681,-0.012886533
3.22073922,-3.148954542,9.69093153,-0.60353489,1.437976753,-0.083077672,1756822681,-0.038099315
2.285145583,-1.651047594,8.762516361,-0.56321775,1.572367053,0.043982297,1756822681,0.020170225
1.363908882,-0.53359944,8.147560953,-0.520457183,1.562593262,-0.124616509,1756822681,-0.057148972
0.593420005,0.23928226,7.542176835,-0.547335271,1.53205,-0.100181899,1756822681,-0.045943291
-0.016749758,0.765703232,6.69990328,-0.579100246,1.422094327,-0.120951317,1756822681,-0.05546812
-0.41395831,1.162911784,5.903093354,-0.605978334,1.254717182,-0.157603231,1756822681,-0.072276641
-0.650847747,1.471585899,5.053641331,-0.665843145,1.073901071,-0.120951317,1756822681,-0.05546812
-0.830309442,1.588834206,3.847658741,-0.652404092,0.857654777,-0.138055544,1756822681,-0.063312097
-1.002592669,1.576870093,2.371287197,-0.62186083,0.692721163,-0.125838239,1756822681,-0.057709256
-1.079162993,1.562513158,1.103091219,-0.524122392,0.509461626,-0.083077672,1756822681,-0.038099315
-0.949950572,1.538584932,0.212961211,-0.450818546,0.371406082,-0.086742864,1756822681,-0.039780167
-0.746560651,1.557727513,-0.11006984,-0.301767445,0.200363798,0.012217305,1756822681,0.005602841
-0.366101858,1.720439449,0.504885569,-0.17837265,0.05131268,0.010995574,1756822681,0.005042556
-0.05503492,2.129612114,2.352144616,-0.059864793,-0.091629786,0.054977871,1756822681,0.025212782
0.378065971,2.868994297,5.161318348,-0.036651914,-0.139277274,0.07696902,1756822681,0.035297895
0.768096055,3.270988494,7.860422241,-0.089186325,-0.184481302,0.05131268,1756822681,0.02353193
1.100698396,3.562912851,10.09771137,0.039095375,-0.089186325,0.070860368,1756822681,0.032496474
1.411765334,3.926621887,12.49771244,0.20402899,0.047647489,0.117286126,1756822681,0.053787268
1.607976787,4.218546244,15.41217037,0.362853969,0.266337244,0.142942466,1756822681,0.065553233
1.627119368,4.079762533,16.71625868,0.471587964,0.514348513,0.173485728,1756822681,0.079560334
1.414158157,2.476571391,15.99362626,0.638965057,0.689055989,0.162490153,1756822681,0.074517777
0.875773072,0.531206617,15.30688617,0.979827825,0.724486138,0.145385927,1756822681,0.066673801
0.636490812,-1.440479205,15.92662723,1.290147348,0.695164676,0.010995574,1756822681,0.005042556
0.308674115,-2.400001068,16.90289885,1.47340692,0.620639099,-0.10262536,1756822681,-0.047063859
0.227318147,-2.481357036,19.40579129,1.47340692,0.557109097,-0.059864793,1756822681,-0.027453918
0.167497582,-2.416750826,20.52802509,1.381777134,0.327423768,-0.079412481,1756822681,-0.036418463
-0.045463629,-2.347358971,19.90110556,1.134987595,-0.182037841,-0.092851516,1756822681,-0.042581587
-0.06460621,-2.656033086,18.45584071,0.708603641,-0.891863213,-0.20402899,1756822681,-0.093567435
0.29431718,-3.17527559,16.96989788,0.316428176,-1.638340621,-0.278554549,1756822681,-0.127744761
1.165304606,-3.795016644,15.71127319,-0.059864793,-2.310292244,-0.343306264,1756822681,-0.157439815
2.617747924,-4.323830438,14.19900931,-0.505796417,-2.990796224,-0.386066848,1756822681,-0.177049765
3.81894487,-4.010370678,12.48096268,-0.689055989,-3.506366363,-0.320093385,1756822681,-0.146794419
4.718646167,-3.139383251,10.63609646,-0.722042694,-3.831346844,-0.307876063,1756822681,-0.14119157
5.477170931,-2.002792516,8.7242312,-0.669508319,-3.930306977,-0.171042267,1756822681,-0.078439766
6.135197146,-0.59820565,6.965506589,-0.592539299,-3.864333567,-0.02443461,1756822681,-0.011205681
6.678367877,0.571884601,5.522634561,-0.552222158,-3.567452886,0.12950343,1756822681,0.059390108
7.094719009,1.229910816,4.256831405,-0.498466017,-3.156951638,0.290771853,1756822681,0.133347601
7.384250544,1.395015576,3.316452124,-0.50701813,-2.646268125,0.323758559,1756822681,0.148475263
7.585247642,1.268195978,2.553141714,-0.510683339,-2.041511644,0.378736465,1756822681,0.17368806
7.618747158,1.246660575,1.878365741,-0.537561392,-1.457524493,0.475253155,1756822681,0.217950491
7.357929495,1.232303639,1.26101751,-0.587652324,-0.828333246,0.420275284,1756822681,0.19273771
6.946364008,1.270588801,0.83748791,-0.609643508,-0.145385927,0.442266432,1756822681,0.202822822
6.273980857,1.330409366,0.612562586,-0.678060379,0.482583538,0.49357913,1756822681,0.22635476
5.541777142,1.229910816,0.669990328,-0.71837752,1.138652769,0.41783184,1756822681,0.19161715
4.661218425,1.028913718,0.839880733,-0.695164676,1.748296277,0.409279727,1756822681,0.187695161
3.945764467,1.052841944,1.007378315,-0.625526004,2.276083947,0.315206445,1756822681,0.144553274
3.182454058,0.768096055,1.249053397,-0.450818546,2.696359249,0.201585529,1756822681,0.092446867
2.543570424,0.471386052,1.634297836,-0.168598806,2.972470214,0.035430184,1756822681,0.016248237
2.053041791,0.234496615,2.63210486,0.208915911,3.147177829,-0.161268423,1756822681,-0.073957493
1.986042758,0.270388954,4.876572459,0.741590434,3.154508177,-0.285884914,1756822681,-0.131106457
2.062613081,0.859023313,9.044869428,1.114218194,3.029891686,-0.376292969,1756822681,-0.172567476
1.837687757,2.067398726,13.73001608,1.248608564,2.818532296,-0.398284135,1756822681,-0.182652597
1.189232832,2.87138712,16.16590949,1.078788028,2.488664911,-0.431270841,1756822681,-0.197780258
0.634097989,3.11066938,16.1778736,0.91018924,2.086715619,-0.450818546,1756822681,-0.206744811
0.631705166,3.249453091,16.31665731,0.768468452,1.642005795,-0.458148929,1756822681,-0.210106515
2.002792516,3.105883735,16.53440417,0.616973856,1.060462019,-0.366519143,1756822681,-0.168085212
2.663211554,2.294716873,17.63749538,0.520457183,0.505796417,-0.202807259,1756822681,-0.093007151
2.426322116,0.370887503,19.03968943,0.2565634,0.395840674,-0.211359372,1756822681,-0.096929139
2.945564621,-1.055234767,19.57568169,0.040317106,0.466701042,-0.25534167,1756822681,-0.117099365
3.605983658,-2.524427843,18.75015789,-0.041538836,0.452040276,-0.177150919,1756822681,-0.081241186
3.814159224,-4.098905114,17.94856232,-0.20402899,0.354301821,-0.184481302,1756822681,-0.08460289
3.577269787,-5.245067139,16.8239357,-0.305432619,0.284663184,0.02565634,1756822681,0.011765965
3.010170831,-5.795416337,15.39302779,-0.50701813,0.278554549,-0.00122173,1756822681,-0.000560284
2.356930261,-5.625525933,13.63191035,-0.735481729,0.338419325,0.109955743,1756822681,0.050425564
1.722832272,-4.855037055,11.77029437,-0.790459636,0.405614518,0.064751715,1756822681,0.029695054
1.095912751,-3.596412368,10.02353387,-0.860098238,0.466701042,0.070860368,1756822681,0.032496474
0.571884601,-2.251646067,8.930013943,-0.781907487,0.461814103,0.004886922,1756822681,0.002241136
0.112462662,-1.038485008,8.137989663,-0.780685774,0.409279727,-0.096516708,1756822681,-0.044262439
-0.284745889,-0.059820565,7.257430946,-0.767246722,0.318871654,-0.145385927,1756822681,-0.066673801
-0.497707101,0.387637261,6.142375614,-0.711047172,0.195476876,-0.261450322,1756822681,-0.119900785
-0.571884601,0.681954441,5.125426009,-0.788016192,0.074525559,-0.213802833,1756822681,-0.098049707
-0.581455892,0.969093153,4.259224228,-0.791681366,-0.018325957,-0.22968533,1756822681,-0.1053334
-0.593420005,1.258624688,3.617947771,-0.836885394,-0.114842665,-0.212581103,1756822681,-0.097489423
-0.550349198,1.289731381,2.983849782,-0.869872099,-0.151494579,-0.183259571,1756822681,-0.084042606
-0.430708068,0.844666378,1.981257113,-0.762359817,-0.166155345,-0.17837265,1756822681,-0.08180147
-0.366101858,0.256032018,0.813559684,-0.593761012,-0.155159771,-0.15393804,1756822681,-0.070595789
-0.339780809,0.095712904,-0.031106694,-0.279776297,-0.131946891,-0.079412481,1756822681,-0.036418463
-0.138783711,0.378065971,-0.12921242,-0.012217305,-0.139277274,-0.098960169,1756822681,-0.045383007
0.172283227,0.641276457,1.158126138,0.216246294,-0.118507856,-0.086742864,1756822681,-0.039780167
0.545563553,0.96670033,3.586841077,0.43493605,-0.092851516,-0.069638637,1756822681,-0.03193619
0.997807024,1.179661542,6.843472636,0.607200064,0.045204028,0.018325957,1756822681,0.008404261
1.014556782,1.698904046,9.753144918,0.818559454,0.239459173,0.035430184,1756822681,0.016248237
0.780060168,2.488535504,12.27517994,0.883311152,0.500909513,0.028099801,1756822681,0.012886533
0.323031051,3.11066938,14.36650689,0.902858822,0.715934059,0.035430184,1756822681,0.016248237
-0.224925324,3.280559785,15.39302779,0.896750187,0.968832233,-0.008552113,1756822681,-0.003921988
-0.610169763,2.974278492,16.11566021,0.907745709,1.136209308,-0.042760567,1756822681,-0.019609942
-1.502692593,1.265803155,16.22812287,1.011592817,1.156978779,-0.07696902,1756822681,-0.035297895
-2.646461796,-0.799202748,16.11087457,1.189965484,1.054353401,-0.189368224,1756822681,-0.086844026
-2.146361872,-2.141576227,17.12303853,1.372003342,0.71715579,-0.12950343,1756822681,-0.059390108
-2.639283328,-3.053241638,18.98704733,1.295034253,0.34086282,-0.265115513,1756822681,-0.121581637
-2.347358971,-3.199203816,20.21456532,1.158200509,-0.261450322,-0.360410491,1756822681,-0.165283792
-2.100898243,-3.500699464,20.22652944,0.941954215,-1.026253583,-0.373849526,1756822681,-0.171446916
-1.387837108,-3.936193177,19.32922096,0.612086969,-1.831373984,-0.509461626,1756822681,-0.233638453
0.11006984,-4.264009873,18.51566128,0.254119939,-2.619390176,-0.65973444,1756822681,-0.302553374
1.90468679,-4.345365842,17.22114425,-0.081855942,-3.439171343,-0.682947354,1756822681,-0.313198787
3.804587934,-3.548555916,15.39542061,-0.290771853,-4.119675044,-0.713490616,1756822681,-0.327205888
5.295316414,-3.081955509,13.45005583,-0.43493605,-4.640132088,-0.509461626,1756822681,-0.233638453
6.453442552,-2.33778768,11.29172985,-0.58276542,-4.982216726,-0.318871654,1756822681,-0.146234134
6.900900378,-0.681954441,8.97308475,-0.56321775,-5.042081938,-0.067195176,1756822681,-0.030815622
7.28853764,0.698704199,6.876972152,-0.586430594,-4.769635762,0.151494579,1756822681,0.069475221
7.678567723,1.562513158,4.993820766,-0.620639099,-4.260174101,0.344527994,1756822681,0.158000099
7.96092079,1.91425808,3.507877932,-0.648738848,-3.56989633,0.471587964,1756822681,0.21626964
8.13559684,1.758724611,2.426322116,-0.67928211,-2.7953194,0.527787566,1756822681,0.242042705
8.221738454,1.43569356,1.629512191,-0.648738848,-2.013411843,0.601091377,1756822681,0.27565974
8.066204985,1.318445253,0.918843878,-0.642630231,-1.222952207,0.555887367,1756822681,0.254929238
7.621139981,1.342373479,0.392422906,-0.654847535,-0.470366251,0.608421795,1756822681,0.27902146
6.903293201,1.572084448,0.019142581,-0.62308256,0.25534167,0.587652324,1756822681,0.269496607
6.082555049,1.651047594,-0.069391855,-0.687834258,0.982271286,0.569326385,1756822681,0.261092355
5.221138913,1.593619852,0.155533469,-0.671951762,1.632231864,0.5131268,1756822681,0.235319297
4.350151487,1.320838075,0.495314278,-0.642630231,2.1539109,0.41661011,1756822681,0.191056866
3.59880519,1.399801221,0.868594604,-0.604756621,2.64138122,0.367740873,1756822681,0.168645496
2.883351233,1.184447187,1.234696462,-0.465479312,3.003013476,0.197920337,1756822681,0.090766014
2.129612114,0.942772104,1.607976787,-0.234572251,3.269350877,0.061086524,1756822681,0.028014202
1.526620819,0.674775973,2.120040824,0.134390352,3.358536957,-0.108734012,1756822681,-0.049865279
1.270588801,0.387637261,3.455235834,0.535117949,3.324328644,-0.288328392,1756822681,-0.132227033
1.270588801,0.3493521,6.242874163,0.985936529,3.176499239,-0.298102236,1756822681,-0.136709306
1.184447187,0.964307508,10.72941654,1.347568698,2.946813839,-0.438601224,1756822681,-0.201141963
0.923629524,1.959721709,15.37149238,1.341460081,2.535090739,-0.529009279,1756822681,-0.242602981
0.344566454,2.543570424,17.0775749,1.200961023,2.048841991,-0.500909513,1756822682,-0.229716465
0.157926292,2.565105827,16.90050602,1.040914348,1.519832748,-0.54611354,1756822682,-0.250446974
0.918843878,2.720639296,16.90768449,0.869872099,0.922406475,-0.38362337,1756822682,-0.175929189
2.892922523,2.656033086,17.20678732,0.767246722,0.212581103,-0.257785131,1756822682,-0.118219933
3.259024381,1.473978722,17.80738579,0.498466017,-0.285884914,-0.020769418,1756822682,-0.009524829
3.275774139,-0.476171697,18.53241104,0.234572251,-0.215024564,-0.10384709,1756822682,-0.047624143
4.321437616,-2.0434705,18.69990862,-0.013439035,-0.05253441,-0.131946891,1756822682,-0.060510676
4.996213589,-3.835694628,18.15673789,-0.238237443,0.07819075,-0.150272849,1756822682,-0.068914937
5.008177702,-5.467599641,17.44367675,-0.361632204,0.228463599,-0.124616509,1756822682,-0.057148972
4.515256246,-6.391229165,16.50329747,-0.58398715,0.465479312,-0.063529985,1756822682,-0.02913477
3.672982691,-6.553941101,14.96471254,-0.7550294,0.729373112,-0.059864793,1756822682,-0.027453918
2.718246474,-5.864808193,13.05763293,-0.821002898,0.979827825,-0.034208453,1756822682,-0.015687953
1.899901144,-4.510470601,11.20080259,-0.811229036,1.099557429,-0.040317106,1756822682,-0.018489373
1.107876864,-2.950350266,9.712466933,-0.67928211,1.087340107,-0.029321531,1756822682,-0.013446817
0.509671214,-1.61036961,8.858229265,-0.62308256,0.984714729,-0.083077672,1756822682,-0.038099315
-0.040677984,-0.545563553,8.092526033,-0.590095838,0.816115923,-0.105068821,1756822682,-0.048184427
-0.471386052,0.069391855,6.979863524,-0.58398715,0.643851944,-0.189368224,1756822682,-0.086844026
-0.698704199,0.428315245,5.816951741,-0.635299883,0.452040276,-0.241902634,1756822682,-0.11093624
-0.746560651,0.720239603,4.931607379,-0.676838666,0.278554549,-0.180816111,1756822682,-0.082922038
-0.825523797,1.08634146,4.208974953,-0.748920782,0.160046692,-0.232128791,1756822682,-0.106453968
-0.8470592,1.237089284,3.471985593,-0.81489421,0.085521133,-0.169820536,1756822682,-0.077879481
-0.878165894,1.335195011,2.536391956,-0.803898671,0.057421332,-0.167377075,1756822682,-0.076758913
-0.844666378,1.191625655,1.466800254,-0.735481729,-0.004886922,-0.141720735,1756822682,-0.064992949
-0.765703232,0.801595571,0.562313311,-0.5131268,-0.032986723,-0.133168622,1756822682,-0.06107096
-0.655633392,0.58863436,0.007178468,-0.270002435,-0.069638637,-0.090408055,1756822682,-0.041461019
-0.406779842,0.746560651,0.35892339,0.012217305,-0.086742864,-0.112399204,1756822682,-0.051546132
-0.093320081,1.222732349,1.811366708,0.227241869,-0.1282817,-0.10140363,1756822682,-0.046503576
0.217746857,1.715653804,4.457828504,0.307876063,-0.155159771,-0.07696902,1756822682,-0.035297895
0.425922423,2.246860421,7.448856754,0.421497014,-0.013439035,-0.042760567,1756822682,-0.019609942
0.614955408,2.658425909,10.38963573,0.494800843,0.175929189,-0.004886922,1756822682,-0.002241136
0.409172665,3.342773172,12.88774252,0.642630231,0.409279727,0.018325957,1756822682,0.008404261
0.224925324,3.76390995,14.79960778,0.708603641,0.634078152,0.012217305,1756822682,0.005602841
0.057427742,3.804587934,15.85723537,0.807563845,0.817337724,0.014660766,1756822682,0.006723409
-0.153140646,2.916850749,16.12044586,0.949284563,0.862541681,0.010995574,1756822682,0.005042556
-1.129412267,1.100698396,16.02712577,1.189965484,0.817337724,-0.05009095,1756822682,-0.022971646
-2.03389921,-0.705882667,16.38604916,1.430646405,0.663399614,-0.167377075,1756822682,-0.076758913
-2.160718808,-1.548156222,17.87677764,1.463633128,0.372627795,-0.157603231,1756822682,-0.072276641
-1.935793483,-1.73958203,20.13560218,1.33901662,0.004886922,-0.145385927,1756822682,-0.066673801
-1.737189208,-1.722832272,21.02812501,1.094670524,-0.497244304,-0.164933614,1756822682,-0.075638345
-1.351944769,-1.861615983,20.4658117,0.797789984,-1.315803706,-0.167377075,1756822682,-0.076758913
-0.835095087,-2.184647034,19.27897169,0.542448332,-1.893682238,-0.274889357,1756822682,-0.126063909
0.485742988,-2.775674216,17.97727619,0.161268423,-2.662150691,-0.408057962,1756822682,-0.187134862
2.210968082,-3.12024067,16.5798678,-0.20402899,-3.39763242,-0.515570278,1756822682,-0.236439873
3.950550113,-3.2398818,14.8020006,-0.460592372,-4.118453453,-0.444709893,1756822682,-0.20394339
5.242674317,-2.971885669,12.48814115,-0.649960648,-4.607145644,-0.356745317,1756822682,-0.163602948
6.056234001,-2.179861389,10.0689975,-0.714712346,-4.844161129,-0.216246294,1756822682,-0.099170275
6.671189409,-0.949950572,7.652246675,-0.70005158,-4.786740181,-0.05131268,1756822682,-0.02353193
7.161718042,0.282353067,5.551348432,-0.665843145,-4.458094386,0.118507856,1756822682,0.054347552
7.558926593,1.033699363,3.804587934,-0.612086969,-3.891211515,0.28099801,1756822682,0.128865329
7.77667345,1.189232832,2.612962279,-0.60231309,-3.155729786,0.406836231,1756822682,0.186574577
7.903493048,0.933200814,1.873580096,-0.599869646,-2.410474247,0.454483755,1756822682,0.208425671
7.908278693,0.641276457,1.155733316,-0.616973856,-1.682322849,0.43615778,1756822682,0.200021402
7.568497884,0.559920488,0.562313311,-0.607200064,-0.83199842,0.386066848,1756822682,0.177049765
7.164110864,0.679561618,0.277567422,-0.624304273,-0.212581103,0.444709893,1756822682,0.20394339
6.482156423,0.751346296,0.169890405,-0.686612528,0.51190507,0.452040276,1756822682,0.207305095
5.74277424,0.65324057,0.275174599,-0.673173492,1.188743771,0.421497014,1756822682,0.193297994
5.096712138,0.519242504,0.54317073,-0.638965057,1.773952634,0.338419325,1756822682,0.155198671
4.338187374,0.500099923,1.112662509,-0.542448332,2.318844462,0.237015712,1756822682,0.108695104
3.646661642,0.253639196,1.756331788,-0.337197611,2.7953194,0.149051118,1756822682,0.068354653
2.969492847,0.047856452,2.373680019,-0.092851516,3.196046839,0.010995574,1756822682,0.005042556
2.340180503,-0.026321049,3.10109809,0.217468025,3.411071525,-0.145385927,1756822682,-0.066673801
1.954936064,0.095712904,4.431507455,0.615752143,3.485597171,-0.290771853,1756822682,-0.133347601
2.019542274,0.272781776,7.338786914,0.940732502,3.353650053,-0.370184317,1756822682,-0.169766056
1.90468679,1.308873962,11.98086276,1.176526519,3.10197361,-0.386066848,1756822682,-0.177049765
1.311266785,2.467000101,15.32602875,1.114218194,2.789210643,-0.453261989,1756822682,-0.207865371
0.473778875,3.050848815,15.81655739,0.965167059,2.377487525,-0.441044702,1756822682,-0.202262538
0.236889437,3.213560752,15.42413448,0.811229036,1.877799672,-0.443488163,1756822682,-0.203383107
1.194018477,3.282952607,15.54377561,0.580321976,1.208291494,-0.345749707,1756822682,-0.158560375
2.423929294,2.974278492,16.75454385,0.427605667,0.461814103,-0.040317106,1756822682,-0.018489373
2.182254211,1.646261949,18.08734603,0.158824962,0.094073247,-0.086742864,1756822682,-0.039780167
2.62253357,-0.363709035,19.02772532,-0.147829388,0.081855942,-0.069638637,1756822682,-0.03193619
3.062812928,-1.56490598,18.27159337,-0.246789556,0.175929189,-0.111177473,1756822682,-0.050985847
3.842873096,-3.77348124,17.64228103,-0.368962586,0.05131268,-0.135612083,1756822682,-0.062191529
3.905086483,-5.436492947,16.62772425,-0.508239896,-0.073303829,-0.00122173,1756822682,-0.000560284
3.584448255,-6.551548279,15.45284835,-0.652404092,-0.069638637,-0.007330383,1756822682,-0.003361704
2.842673249,-6.750152555,13.90229931,-0.844215742,0.111177473,0.083077672,1756822682,0.038099315
2.172682921,-5.895914886,11.6147609,-0.879645978,0.301767445,0.007330383,1756822682,0.003361704
1.464407431,-4.386043826,9.609575562,-0.828333246,0.420275284,-0.116064395,1756822682,-0.053226984
1.052841944,-2.679961312,8.204988695,-0.684169084,0.443488163,-0.259006861,1756822682,-0.118780217
0.59820565,-1.488335657,7.137789816,-0.625526004,0.414166631,-0.395840674,1756822682,-0.181532029
0.253639196,-0.626919521,6.190232066,-0.598647916,0.332310707,-0.581543707,1756822682,-0.266695203
0.05503492,0.033499516,5.245067139,-0.58398715,0.208915911,-0.65973444,1756822682,-0.302553374
0.035892339,0.538385085,4.630111731,-0.580321976,0.100181899,-0.712268885,1756822682,-0.326645603
-0.071784678,1.052841944,4.189832373,-0.590095838,0.058643063,-0.67928211,1756822682,-0.31151791
-0.138783711,1.342373479,3.486342528,-0.592539299,0.020769418,-0.663399614,1756822682,-0.304234218
-0.227318147,1.430907915,2.306680986,-0.560774306,0.036651914,-0.62308256,1756822682,-0.285744868
-0.253639196,1.406979689,0.789631458,-0.444709893,0.034208453,-0.542448332,1756822682,-0.248766114
-0.236889437,1.335195011,-0.275174599,-0.291993584,-0.010995574,-0.500909513,1756822682,-0.229716465
-0.059820565,1.457228963,-0.406779842,-0.171042267,-0.014660766,-0.411723171,1756822682,-0.188815722
0.334995164,1.550549045,0.672383151,-0.10262536,-0.046425758,-0.34086282,1756822682,-0.156319255
0.780060168,1.816152353,3.002992363,0.003665191,-0.053756141,-0.288328392,1756822682,-0.132227033
0.973878798,2.421536471,6.058626823,0.164933614,0.008552113,-0.28099801,1756822682,-0.128865329
1.244267752,2.876172765,9.439685157,0.355523586,0.241902634,-0.250454748,1756822682,-0.114858228
1.244267752,3.613162126,12.53360478,0.509461626,0.566882941,-0.200363798,1756822682,-0.091886583
1.055234767,4.476971085,15.43609859,0.592539299,0.916297857,-0.171042267,1756822682,-0.078439766
0.983450089,4.658825602,16.95554094,0.601091377,1.165530857,-0.151494579,1756822682,-0.069475221
0.669990328,3.548555916,16.95314812,0.636521596,1.24494339,-0.089186325,1756822682,-0.040900735
-0.210568389,1.191625655,16.79282901,0.827111515,1.242499929,-0.096516708,1756822682,-0.044262439
-0.918843878,-1.366301705,17.36710643,1.246165121,1.191187214,-0.171042267,1756822682,-0.078439766
-1.134197912,-3.251845913,18.38166321,1.546710835,0.918741301,-0.28099801,1756822682,-0.128865329
-1.519442351,-3.213560752,21.11905227,1.566258436,0.626747734,-0.290771853,1756822682,-0.133347601
-1.868794451,-3.189632526,22.48296115,1.384220595,0.196698607,-0.232128791,1756822682,-0.106453968
-1.787438482,-2.974278492,21.6095809,1.003040739,-0.527787566,-0.315206445,1756822682,-0.144553274
-1.32562372,-3.266202849,19.90589121,0.629191178,-1.466076572,-0.378736465,1756822682,-0.17368806
-0.193818631,-3.59880519,18.17109482,0.2565634,-2.395813534,-0.476474868,1756822682,-0.218510767
1.548156222,-3.725624788,16.55354675,-0.098960169,-3.293785382,-0.560774306,1756822682,-0.257170382
3.29491672,-3.428914786,14.55314705,-0.361632204,-4.140444515,-0.526565835,1756822682,-0.241482421
4.606183505,-2.667997199,12.15793163,-0.549778714,-4.731761873,-0.401949344,1756822682,-0.184333457
5.455635528,-1.430907915,9.741180805,-0.60231309,-5.06407272,-0.298102236,1756822682,-0.136709306
5.900700532,0.409172665,7.013363041,-0.652404092,-5.061629538,-0.235793982,1756822682,-0.10813482
6.860222394,1.06719888,5.216353268,-0.69882985,-4.811174686,0.046425758,1756822682,0.021290793
7.274180704,1.49072848,3.347558817,-0.764803278,-4.353025757,0.210137642,1756822682,0.096368855
7.659425143,1.538584932,1.880758564,-0.807563845,-3.690847787,0.271224166,1756822682,0.124383057
7.769494982,1.26101751,0.878165894,-0.748920782,-2.9492573,0.362853969,1756822682,0.166404368
7.733602643,1.083948638,0.177068872,-0.719599251,-2.21255384,0.356745317,1756822682,0.163602948
7.556533771,1.026520895,-0.198604276,-0.695164676,-1.433089866,0.34086282,1756822682,0.156319255
7.290930462,1.148554848,-0.445065004,-0.73792519,-0.643851944,0.366519143,1756822682,0.168085212
6.728617151,1.203589768,-0.545563553,-0.790459636,0.162490153,0.376292969,1756822682,0.172567476
6.065805291,1.13180509,-0.452243471,-0.797789984,0.932180353,0.343306264,1756822682,0.157439815
5.333601575,0.930807991,-0.06460621,-0.796568253,1.639562334,0.213802833,1756822682,0.098049707
4.570291166,0.571884601,0.624526699,-0.71837752,2.260201381,0.118507856,1756822682,0.054347552
3.897908015,0.167497582,1.332802188,-0.485027017,2.797762843,-0.056199602,1756822682,-0.025773066
3.357130108,-0.112462662,2.012363807,-0.22968533,3.197268692,-0.219911486,1756822682,-0.100851127
2.902493814,-0.191425808,2.93599333,0.147829388,3.429397535,-0.376292969,1756822682,-0.172567476
2.756531635,-0.17467605,4.646861489,0.496022573,3.475823101,-0.526565835,1756822682,-0.241482421
2.912065104,0.18424734,7.927421274,0.886976326,3.390302072,-0.558330828,1756822683,-0.256049806
3.024527766,0.976271621,13.11027503,1.153313605,3.178942682,-0.540004888,1756822683,-0.247645554
2.553141714,1.80418824,16.93400554,1.094670524,2.934596587,-0.499687747,1756822683,-0.229156164
1.935793483,2.09850542,17.19721603,0.889419769,2.571742758,-0.496022573,1756822683,-0.22747532
1.811366708,2.062613081,16.19701618,0.682947354,2.03784647,-0.388510291,1756822683,-0.178170325
3.108276557,1.574477271,15.74477271,0.508239896,1.329242828,-0.2565634,1756822683,-0.117659648
3.402593737,0.521635327,17.14935957,0.342084533,0.663399614,-0.073303829,1756822683,-0.033617043
3.012563653,-1.624726545,19.28375733,0.035430184,0.412944901,-0.021991149,1756822683,-0.010085113
3.701696562,-3.17527559,19.68335871,-0.138055544,0.370184317,-0.125838239,1756822683,-0.057709256
4.24247447,-4.816751894,18.58744596,-0.257785131,0.219911486,-0.122173048,1756822683,-0.056028404
4.19701084,-6.137589969,17.40060595,-0.3775147,0.097738438,-0.108734012,1756822683,-0.049865279
3.790230998,-6.800401829,15.99123344,-0.557109097,0.079412481,-0.037873645,1756822683,-0.017368805
3.17527559,-6.857829572,14.29472221,-0.861319951,0.17959438,-0.083077672,1756822683,-0.038099315
2.486142681,-6.338587067,12.12203929,-0.994488608,0.324980324,-0.113620934,1756822683,-0.052106416
1.801795418,-5.2091748,9.877571693,-0.983492999,0.43615778,-0.307876063,1756822683,-0.14119157
1.311266785,-3.632304707,7.901100225,-0.880867691,0.467922755,-0.480140077,1756822683,-0.220191628
0.861416136,-2.194218324,6.412764568,-0.763581548,0.406836231,-0.695164676,1756822683,-0.318801635
0.665204683,-0.983450089,5.268995365,-0.707381928,0.301767445,-0.896750187,1756822683,-0.411248493
0.497707101,0.095712904,4.445864391,-0.62186083,0.171042267,-1.020144965,1756822683,-0.467837181
0.442672181,0.928415169,3.617947771,-0.570548115,0.100181899,-1.083674933,1756822683,-0.496971944
0.354137745,1.519442351,2.670390022,-0.461814103,0.080634211,-1.05190994,1756822683,-0.482404558
0.222532502,1.897508322,1.722832272,-0.332310707,0.081855942,-1.018923235,1756822683,-0.467276898
0.157926292,2.124826469,0.937986459,-0.207694181,0.12705997,-0.943175945,1756822683,-0.432539287
0.210568389,2.201396792,0.263210486,-0.072082098,0.201585529,-0.900415361,1756822683,-0.412929338
0.332602341,2.158325985,0.035892339,-0.05009095,0.252898209,-0.810007306,1756822683,-0.371468319
0.531206617,2.268395825,0.904486943,-0.081855942,0.315206445,-0.630412908,1756822683,-0.289106557
0.835095087,2.749353167,3.225524865,-0.177150919,0.400727579,-0.540004888,1756822683,-0.247645554
1.069591702,3.153740187,5.831308676,-0.184481302,0.514348513,-0.450818546,1756822683,-0.206744811
1.203589768,3.455235834,8.554340795,-0.105068821,0.726929668,-0.437379493,1756822683,-0.200581678
1.055234767,3.830908983,11.20080259,0.05009095,1.067792436,-0.384845083,1756822683,-0.176489465
0.787238635,4.041477371,13.51466204,0.163711884,1.401324874,-0.360410491,1756822683,-0.165283792
0.59820565,4.005585032,15.23988714,0.283441471,1.605353898,-0.315206445,1756822683,-0.144553274
0.459421939,2.938386153,16.37169223,0.379958178,1.618792881,-0.298102236,1756822683,-0.136709306
-0.066999033,1.160518961,16.6755807,0.60353489,1.521054478,-0.235793982,1756822683,-0.10813482
-0.768096055,-1.42612227,17.29292893,1.029918757,1.45508105,-0.134390352,1756822683,-0.061631244
-1.210768236,-3.280559785,17.24507248,1.490511216,1.200961023,-0.125838239,1756822683,-0.057709256
-2.376072842,-4.551148585,19.36989895,1.688431483,0.92851518,-0.210137642,1756822683,-0.096368855
-2.230110663,-4.780859555,22.02593203,1.565036705,0.505796417,-0.311541271,1756822683,-0.14287243
-2.256431712,-4.948357137,22.18864397,1.356120776,-0.158824962,-0.393397231,1756822683,-0.180411469
-2.342573325,-4.438685923,20.59741694,1.034805731,-0.995710321,-0.38362337,1756822683,-0.175929189
-1.540977754,-4.890929394,18.62573112,0.592539299,-1.988977198,-0.577878533,1756822683,-0.265014359
-0.339780809,-4.902893507,16.59661755,0.224798408,-2.916270577,-0.673173492,1756822683,-0.308716506
1.232303639,-4.17786826,14.41197052,-0.106290551,-3.701843448,-0.708603641,1756822683,-0.324964727
2.895315346,-3.646661642,12.2177522,-0.30054568,-4.38479061,-0.71837752,1756822683,-0.329447016
4.271188341,-2.940778975,9.899107096,-0.458148929,-4.889365628,-0.626747734,1756822683,-0.287425712
5.2091748,-1.801795418,7.570890706,-0.527787566,-5.108055349,-0.480140077,1756822683,-0.220191628
5.898307709,-0.390030084,5.115854719,-0.530231009,-5.100724739,-0.317649941,1756822683,-0.145673858
6.448656907,1.134197912,3.096312444,-0.444709893,-4.853934921,-0.168598806,1756822683,-0.077319198
6.824330055,1.945364774,1.677368643,-0.293215297,-4.367686453,0.070860368,1756822683,0.032496474
7.216752962,2.239681954,0.842273555,-0.276111088,-3.783699163,0.135612083,1756822683,0.062191529
7.432106996,2.26361018,0.244067905,-0.224798408,-3.099530149,0.222354947,1756822683,0.101971695
7.460820867,2.268395825,-0.169890405,-0.161268423,-2.354274611,0.119729587,1756822683,0.054907836
7.389036189,2.287538406,-0.681954441,-0.239459173,-1.587027889,0.146607657,1756822683,0.067234085
7.109075945,2.438286229,-1.103091219,-0.368962586,-0.812450749,0.133168622,1756822683,0.06107096
6.611368844,2.538784779,-1.06719888,-0.541226601,0.02565634,0.090408055,1756822683,0.041461019
5.97248521,2.433500584,-0.617348231,-0.79412481,0.862541681,0.138055544,1756822683,0.063312097
5.237888671,2.179861389,0.023928226,-0.807563845,1.648114413,0.089186325,1756822683,0.040900735
4.577469634,1.627119368,0.875773072,-0.808785575,2.324953219,-0.147829388,1756822683,-0.067794369
3.988835274,1.112662509,1.974078645,-0.648738848,2.816088853,-0.249233017,1756822683,-0.114297944
3.706482207,0.660419038,3.510270754,-0.339641055,3.172833925,-0.54611354,1756822683,-0.250446974
4.022334791,0.447457826,6.269195212,0.106290551,3.279124686,-0.706160198,1756822683,-0.323844167
4.400400761,1.091127106,11.42812074,0.56443948,3.271794338,-0.768468452,1756822683,-0.352418653
4.125226162,2.031506387,15.78305787,0.712268885,3.16672543,-0.8906415,1756822683,-0.408447057
3.483949706,2.603390989,16.52961852,0.646295405,3.084869453,-0.735481729,1756822683,-0.337290984
3.393022447,2.818745023,16.11087457,0.580321976,2.849075558,-0.83322022,1756822683,-0.382113731
4.031906081,2.7421747,16.41476304,0.537561392,2.39092663,-0.616973856,1756822683,-0.282943424
4.314259148,1.844866225,16.39083481,0.630412908,1.714087841,-0.486248747,1756822683,-0.222993056
3.364308576,0.325423874,18.84826362,0.497244304,1.462411398,-0.540004888,1756822683,-0.247645554
3.282952607,-0.935593637,20.79123557,0.217468025,1.554041183,-0.480140077,1756822683,-0.220191628
3.443271721,-2.060220259,20.38684855,0.020769418,1.521054478,-0.581543707,1756822683,-0.266695203
3.263810026,-3.227917687,19.26461475,-0.147829388,1.324355784,-0.464257581,1756822683,-0.212907935
2.967100024,-4.213760599,17.86720635,-0.335975881,0.981049555,-0.408057962,1756822683,-0.187134862
2.426322116,-5.099104961,16.07976787,-0.645073674,0.690277702,-0.226020138,1756822683,-0.103652547
1.899901144,-5.654239804,14.04347584,-0.774577139,0.443488163,-0.161268423,1756822683,-0.073957493
1.383051463,-5.740381417,12.07657566,-0.883311152,0.348193203,-0.095294977,1756822683,-0.043702155
0.899701298,-5.345565688,10.39442137,-0.908967509,0.321315115,-0.079412481,1756822683,-0.036418463
0.437886536,-4.558327053,8.822336926,-0.916297857,0.28221974,-0.151494579,1756822683,-0.069475221
0.117248307,-3.376272689,7.324429979,-0.790459636,0.235793982,-0.235793982,1756822683,-0.10813482
-0.169890405,-2.199003969,5.831308676,-0.704938467,0.190589954,-0.327423768,1756822683,-0.150156123
-0.401994197,-1.249053397,4.496113665,-0.645073674,0.123394778,-0.415388345,1756822683,-0.190496566
-0.583848714,-0.547956375,3.419343495,-0.615752143,0.07819075,-0.480140077,1756822683,-0.220191628
-0.684347264,-0.098105727,2.624926392,-0.525344105,0.019547688,-0.477696634,1756822683,-0.219071068
-0.684347264,0.191425808,1.954936064,-0.481361808,0.035430184,-0.481361808,1756822683,-0.220751912
-0.748953474,0.29431718,1.045663476,-0.372627795,0.068416907,-0.441044702,1756822683,-0.202262538
-0.849452023,0.461814762,-0.043070807,-0.273667627,0.068416907,-0.437379493,1756822683,-0.200581678
-0.870987426,0.693918554,-0.7728817,-0.108734012,0.074525559,-0.447153372,1756822683,-0.205063967
-0.650847747,0.820738152,-0.70827549,0.036651914,0.046425758,-0.395840674,1756822683,-0.181532029
-0.354137745,1.057627589,0.571884601,0.120951317,0.058643063,-0.372627795,1756822683,-0.170886632
0.160319114,1.359123237,2.907279459,0.217468025,0.07819075,-0.337197611,1756822683,-0.154638395
0.404387019,2.021935097,5.728417304,0.25534167,0.070860368,-0.335975881,1756822683,-0.154078111
0.684347264,2.476571391,8.642875231,0.362853969,0.20402899,-0.353080108,1756822683,-0.161922088
0.753739119,2.969492847,11.62911784,0.510683339,0.41050144,-0.311541271,1756822683,-0.14287243
0.595812827,3.768695595,14.77807238,0.570548115,0.604756621,-0.216246294,1756822683,-0.099170275
0.212961211,4.268795518,16.80479312,0.653625822,0.825889802,-0.161268423,1756822683,-0.073957493
-0.18424734,4.213760599,17.426927,0.673173492,0.985936529,-0.167377075,1756822683,-0.076758913
-0.734596538,2.897708169,17.00579022,0.75747293,1.001819026,-0.194255146,1756822683,-0.089085162
-1.761117434,0.873380249,17.2474653,1.015257991,0.939510771,-0.191811685,1756822683,-0.087964594
-2.321037922,-1.37108735,17.84088531,1.323134071,0.803898671,-0.289550123,1756822683,-0.132787318
-2.452643165,-2.26361018,20.24088637,1.380555403,0.486248747,-0.200363798,1756822683,-0.091886583
-2.474178568,-2.553141714,22.39681954,1.209513224,0.147829388,-0.251676478,1756822683,-0.115418512
-2.541177601,-2.550748892,22.28435687,0.982271286,-0.491135634,-0.272445896,1756822683,-0.124943341
-2.160718808,-2.653640263,20.63809492,0.609643508,-1.37811196,-0.329867229,1756822683,-0.151276691
-1.263410333,-2.947957443,18.32662829,0.227241869,-2.301740305,-0.326202055,1756822683,-0.149595847
0.263210486,-3.132204783,16.23769416,-0.155159771,-3.136182168,-0.370184317,1756822683,-0.169766056
1.864008805,-3.058027283,14.04347584,-0.461814103,-3.898541863,-0.329867229,1756822683,-0.151276691
3.2398818,-2.804388087,11.83490058,-0.704938467,-4.488637648,-0.151494579,1756822683,-0.069475221
4.366901245,-2.062613081,9.154939268,-0.780685774,-4.897917567,-0.067195176,1756822683,-0.030815622
5.094319315,-1.222732349,6.601797553,-0.785572661,-5.04452512,0.080634211,1756822683,0.036978746
5.663811094,-0.253639196,4.285545277,-0.709825372,-4.939456491,0.235793982,1756822683,0.10813482
6.056234001,0.41395831,2.629712037,-0.610865238,-4.627915114,0.392175465,1756822683,0.179851169
6.424728681,0.751346296,1.485942835,-0.447153372,-4.134336019,0.503352956,1756822683,0.230837024
6.680760699,0.820738152,0.739382183,-0.289550123,-3.486818762,0.544891775,1756822683,0.249886674
6.814758765,0.741775006,0.234496615,-0.237015712,-2.818532296,0.542448332,1756822683,0.248766114
6.762116668,0.770488877,-0.186640163,-0.219911486,-2.129476255,0.491135634,1756822683,0.225234176
6.47019231,0.95712904,-0.634097989,-0.278554549,-1.389107482,0.5131268,1756822683,0.235319297
5.986842145,1.179661542,-0.997807024,-0.386066848,-0.647517118,0.50701813,1756822683,0.232517869
5.479563754,1.304088317,-0.964307508,-0.500909513,0.085521133,0.485027017,1756822683,0.222432772
4.902893507,1.134197912,-0.540777908,-0.629191178,0.849102716,0.408057962,1756822683,0.187134862
4.364508422,0.71784678,0.083748791,-0.592539299,1.528384826,0.364075699,1756822683,0.166964652
3.82851616,0.17467605,0.830309442,-0.477696634,2.108706802,0.172263997,1756822683,0.07900005
3.515056399,-0.466600407,1.725225095,-0.163711884,2.571742758,-0.069638637,1756822683,-0.03193619
3.352344463,-1.122233799,3.058027283,0.368962586,2.885727315,-0.112399204,1756822683,-0.051546132
3.613162126,-1.452443318,5.307280527,0.774577139,3.078760696,-0.354301821,1756822683,-0.162482364
4.31665197,-0.971485976,9.710074111,1.533271713,2.96758331,-0.337197611,1756822683,-0.154638395
4.591826569,0.985842911,16.74257973,1.729970407,2.805093191,-0.290771853,1756822683,-0.133347601
4.010370678,2.68713978,20.40359831,1.496619834,2.709798109,-0.381179909,1756822684,-0.174808621
3.732803256,3.424129141,19.44886209,1.112996464,2.458121649,-0.366519143,1756822684,-0.168085212
4.54636294,3.433700431,17.73560111,0.81367248,1.894903969,-0.243124365,1756822684,-0.111496524
5.647061336,2.084148485,16.84786393,0.591317568,1.021366678,0.020769418,1756822684,0.009524829
4.7856452,1.158126138,18.97747604,0.421497014,0.576656802,0.168598806,1756822684,0.077319198
4.474578262,-0.378065971,20.65484468,0.058643063,0.670730032,0.135612083,1756822684,0.062191529
4.989035121,-1.73958203,19.87478452,-0.10262536,0.739146903,0.145385927,1756822684,0.066673801
4.993820766,-3.041277525,18.34577087,-0.320093385,0.693942876,0.166155345,1756822684,0.07619863
4.465006972,-4.139583098,16.77368643,-0.48747046,0.728151381,0.210137642,1756822684,0.096368855
3.735196079,-5.101497783,14.95753407,-0.79412481,0.850324429,0.239459173,1756822684,0.109815672
2.787638329,-5.118247541,12.84227889,-1.001819026,1.099557429,0.261450322,1756822684,0.119900785
2.065005904,-5.118247541,10.97827009,-0.990823416,1.254717182,0.289550123,1756822684,0.132787318
0.574277424,-4.567898343,9.087940235,-1.038470905,1.441641927,0.131946891,1756822684,0.060510676
0.17467605,-3.342773172,7.300501753,-0.817337724,1.484402581,0.021991149,1756822684,0.010085113
-0.3493521,-2.067398726,5.941378516,-0.62308256,1.393994526,-0.162490153,1756822684,-0.074517777
-0.792024281,-0.988235734,4.744967216,-0.499687747,1.196074119,-0.239459173,1756822684,-0.109815672
-1.110269686,-0.169890405,3.797409466,-0.401949344,0.974940938,-0.323758559,1756822684,-0.148475263
-1.280160091,0.495314278,3.108276557,-0.368962586,0.70005158,-0.334754151,1756822684,-0.153517827
-1.368694527,0.95712904,2.586641231,-0.254119939,0.496022573,-0.309097793,1756822684,-0.141751854
-1.409372511,1.124626622,1.677368643,-0.141720735,0.338419325,-0.202807259,1756822684,-0.093007151
-1.476371544,1.406979689,0.473778875,0.017104227,0.233350521,-0.122173048,1756822684,-0.056028404
-1.49072848,1.864008805,-0.535992262,0.20525072,0.081855942,-0.00122173,1756822684,-0.000560284
-1.270588801,2.220539373,-0.624526699,0.188146493,-0.053756141,0.028099801,1756822684,0.012886533
-0.911665411,2.476571391,0.569491779,0.226020138,-0.119729587,0.155159771,1756822684,0.071156073
-0.485742988,2.885744056,2.957528734,0.147829388,-0.223576677,0.212581103,1756822684,0.097489423
-0.071784678,3.46002148,5.898307709,0.133168622,-0.194255146,0.201585529,1756822684,0.092446867
0.157926292,3.931407532,8.532805392,0.167377075,-0.108734012,0.210137642,1756822684,0.096368855
0.29431718,4.668396893,11.5405834,0.246789556,0.074525559,0.157603231,1756822684,0.072276641
0.196211453,5.556134077,14.87139246,0.290771853,0.346971438,0.217468025,1756822684,0.099730559
0.102891372,5.898307709,17.11346724,0.219911486,0.60353489,0.149051118,1756822684,0.068354653
0.660419038,4.240081647,17.29771458,0.213802833,0.842994011,0.171042267,1756822684,0.078439766
-0.270388954,2.20857526,15.73759424,0.310319558,0.827111515,0.212581103,1756822684,0.097489423
-0.612562586,-0.631705166,16.46740513,0.65973444,0.821002898,0.122173048,1756822684,0.056028404
-0.703489844,-3.751945837,17.91506281,1.220508746,0.866206925,0.009773844,1756822684,0.004482272
-0.636490812,-4.697110764,20.44427629,1.579697541,0.807563845,-0.010995574,1756822684,-0.005042556
-1.232303639,-5.548955609,23.53580309,1.540602078,0.669508319,-0.149051118,1756822684,-0.068354653
-1.612762432,-5.041677218,23.44487583,1.393994526,0.157603231,-0.161268423,1756822684,-0.073957493
-1.653440417,-4.869393991,21.51626082,1.048244766,-0.684169084,-0.277332818,1756822684,-0.127184477
-1.258624688,-4.883750927,18.63530241,0.615752143,-1.634675447,-0.327423768,1756822684,-0.150156123
-0.093320081,-4.972285363,16.21137312,0.171042267,-2.646268125,-0.423940493,1756822684,-0.19441857
1.359123237,-4.821537539,14.07697536,-0.283441471,-3.488040615,-0.411723171,1756822684,-0.188815722
2.92642204,-4.275973986,11.84447187,-0.508239896,-4.168544316,-0.328645498,1756822684,-0.150716407
3.94815729,-3.352344463,9.540183706,-0.60353489,-4.631580149,-0.239459173,1756822684,-0.109815672
4.532006004,-2.055434613,7.195217558,-0.636521596,-4.827057234,-0.053756141,1756822684,-0.024652498
4.864608346,-0.873380249,4.85025141,-0.612086969,-4.805065929,0.125838239,1756822684,0.057709256
5.316851817,0.22971097,2.976671314,-0.510683339,-4.682892881,0.207694181,1756822684,0.095248287
5.838487144,0.978664443,1.586441384,-0.35918876,-4.342030096,0.288328392,1756822684,0.132227033
6.283552148,1.37108735,0.500099923,-0.240680904,-3.894876829,0.372627795,1756822684,0.170886632
6.608976021,1.383051463,-0.117248307,-0.095294977,-3.342654653,0.426383936,1756822684,0.19553913
6.601797553,1.397408398,-0.564706134,0.023212879,-2.692693953,0.50701813,1756822684,0.232517869
6.324230132,1.423729447,-1.024128073,0.030543262,-2.008524938,0.532674488,1756822684,0.244283842
5.888736419,1.579262916,-1.237089284,-0.02687807,-1.221730476,0.559552576,1756822684,0.256610099
5.369493914,1.954936064,-1.081555815,-0.134390352,-0.362853969,0.520457183,1756822684,0.238681001
4.917250443,2.053041791,-0.612562586,-0.291993584,0.455705485,0.497244304,1756822684,0.228035604
4.364508422,1.976471468,-0.050249275,-0.388510291,1.28159527,0.452040276,1756822684,0.207305095
3.88355108,1.73958203,0.53359944,-0.355523586,1.965764284,0.273667627,1756822684,0.125503625
3.464807125,1.244267752,1.234696462,-0.276111088,2.489886781,0.053756141,1756822684,0.024652498
3.292523898,0.7728817,2.519642198,-0.079412481,2.845410262,-0.138055544,1756822684,-0.063312097
3.639483175,0.337387987,4.823930362,0.290771853,3.068986887,-0.398284135,1756822684,-0.182652597
4.493720843,0.760917587,9.710074111,0.725707938,3.036000181,-0.421497014,1756822684,-0.193297994
5.338387221,2.175075743,17.7451724,0.896750187,2.880840428,-0.597426203,1756822684,-0.273978896
4.847858588,3.34995164,20.91805517,0.780685774,2.759889233,-0.561996037,1756822684,-0.257730667
4.649254312,3.448057367,19.42254104,0.591317568,2.568077444,-0.535117949,1756822684,-0.24540441
5.31924464,2.976671314,17.11346724,0.488692191,2.003638034,-0.38362337,1756822684,-0.175929189
6.467799488,1.749153321,15.89552053,0.508239896,1.104444333,-0.196698607,1756822684,-0.090205731
5.836094321,1.512263883,18.70230144,0.642630231,0.719599251,-0.073303829,1756822684,-0.033617043
5.563312545,0.437886536,21.29133549,0.315206445,0.827111515,-0.119729587,1756822684,-0.054907836
5.86241537,-0.760917587,19.53978935,-0.045204028,1.009149374,-0.114842665,1756822684,-0.0526667
5.673382385,-1.246660575,18.49412588,-0.157603231,1.000597295,-0.069638637,1756822684,-0.03193619
4.986642298,-1.797009773,16.61576013,-0.481361808,1.017701504,-0.07574729,1756822684,-0.034737611
4.063012775,-2.287538406,14.70389488,-0.844215742,1.153313605,-0.010995574,1756822684,-0.005042556
3.115455025,-3.266202849,12.84227889,-1.097113985,1.317025436,0.034208453,1756822684,0.015687953
2.151147517,-3.431307608,10.90409259,-1.279151826,1.545489105,0.020769418,1756822684,0.009524829
1.07677017,-3.314059301,9.099904348,-1.295034253,1.750739738,-0.00122173,1756822684,-0.000560284
-0.069391855,-2.971885669,7.369893608,-1.193630658,1.908342934,-0.080634211,1756822684,-0.036978746
-0.933200814,-2.304288164,5.350351334,-1.077566315,1.914451691,-0.145385927,1756822684,-0.066673801
-1.66540453,-1.720439449,3.687339627,-0.889419769,1.809382801,-0.22968533,1756822684,-0.1053334
-2.179861389,-1.009771137,2.325823567,-0.761138104,1.661553396,-0.223576677,1756822684,-0.102531979
-2.543570424,-0.375673148,1.560120335,-0.514348513,1.472185189,-0.212581103,1756822684,-0.097489423
-2.868994297,-0.205782744,1.354337592,-0.254119939,1.28159527,-0.210137642,1756822684,-0.096368855
-3.184846881,-0.351744922,0.835095087,-0.065973446,1.133765865,-0.085521133,1756822684,-0.039219883
-3.328416237,-0.052642097,-0.136390888,0.227241869,0.908967509,-0.100181899,1756822684,-0.045943291
-3.158525832,0.382851616,-0.579063069,0.444709893,0.649960648,-0.105068821,1756822684,-0.048184427
-2.976671314,0.954736217,0.122033953,0.619417386,0.367740873,-0.10140363,1756822684,-0.046503576
-2.569891472,1.476371544,1.976471468,0.610865238,0.105068821,-0.100181899,1756822684,-0.045943291
-2.194218324,1.938186306,4.603790682,0.443488163,-0.164933614,-0.086742864,1756822684,-0.039780167
-1.909472435,2.409572358,6.999006105,0.399505848,-0.304210889,-0.112399204,1756822684,-0.051546132
-1.938186306,3.10109809,9.748359272,0.368962586,-0.386066848,-0.157603231,1756822684,-0.072276641
-2.069791549,3.692125272,12.76570857,0.335975881,-0.41783184,-0.202807259,1756822684,-0.093007151
-2.289931228,4.137190275,14.77807238,0.260228591,-0.43004911,-0.213802833,1756822684,-0.098049707
-2.335394858,4.208974953,16.21615876,0.207694181,-0.408057962,-0.167377075,1756822684,-0.076758913
-2.158325985,3.402593737,16.91486296,0.149051118,-0.489913921,-0.150272849,1756822684,-0.068914937
-2.079362839,1.25144622,16.27837215,0.238237443,-0.65973444,-0.067195176,1756822684,-0.030815622
-2.246860421,-1.519442351,16.92204143,0.69882985,-0.720820964,-0.091629786,1756822684,-0.042021303
-1.033699363,-3.299702365,17.36471361,1.288925618,-0.818559454,-0.096516708,1756822684,-0.044262439
-1.734796385,-6.434299971,20.42513371,1.464854841,-0.875980734,-0.089186325,1756822684,-0.040900735
-0.435493713,-4.742574393,22.06661002,1.434311579,-1.065348993,-0.246789556,1756822684,-0.113177376
0.196211453,-4.034298904,22.24607171,1.249830295,-1.496619834,-0.274889357,1756822684,-0.126063909
0.880558717,-3.613162126,20.97069727,0.847880986,-2.123367638,-0.304210889,1756822684,-0.139510726
2.014756629,-3.354737285,18.82433539,0.345749707,-2.83319301,-0.317649941,1756822684,-0.145673858
3.493520996,-3.129811961,16.2520511,-0.177150919,-3.61754401,-0.233350521,1756822684,-0.107014252
4.835894475,-2.809173732,13.20120228,-0.554665654,-4.27727852,-0.080634211,1756822684,-0.036978746
5.754738353,-2.175075743,10.0689975,-0.741590434,-4.692666673,0.107512282,1756822684,0.049304996
6.262016744,-1.13180509,7.235895542,-0.788016192,-4.834387321,0.227241869,1756822684,0.104212832
6.422335858,0.059820565,4.508077778,-0.823446341,-4.647462715,0.489913921,1756822684,0.2246739
6.69990328,1.009771137,2.340180503,-0.834441933,-4.239404648,0.692721163,1756822684,0.317681043
6.640082715,1.318445253,0.660419038,-0.722042694,-3.615100567,0.819781167,1756822684,0.375950599
6.494120536,1.225125171,-0.4235296,-0.657290996,-2.950479153,0.894306744,1756822684,0.410127934
6.360122471,1.052841944,-0.961914685,-0.514348513,-2.332283567,0.861319951,1756822684,0.395000232
6.302694728,0.875773072,-1.31605243,-0.431270841,-1.657888222,0.937067258,1756822684,0.429737851
5.800201982,0.937986459,-1.593619852,-0.401949344,-1.026253583,0.874759004,1756822684,0.401163365
4.972285363,0.923629524,-1.909472435,-0.342084533,-0.384845083,0.894306744,1756822684,0.410127934
4.232903179,1.02173525,-1.866401628,-0.316428176,0.310319558,0.858876507,1756822684,0.393879672
3.47916406,0.945164927,-1.289731381,-0.224798408,0.941954215,0.788016192,1756822684,0.361383222
2.706282361,0.629312344,-0.476171697,-0.108734012,1.517389287,0.593761012,1756822684,0.272298044
2.179861389,0.287138712,0.480957343,0.123394778,2.075720079,0.386066848,1756822684,0.177049765
2.127219291,-0.11006984,1.615155255,0.452040276,2.489886781,0.149051118,1756822684,0.068354653
1.864008805,-0.641276457,3.450450189,0.968832233,2.885727315,-0.141720735,1756822684,-0.064992949
1.916650903,-0.756131942,5.783452224,1.503950182,3.207042501,-0.284663184,1756822684,-0.130546174
2.031506387,0.535992262,10.79162993,1.826487097,3.288898477,-0.504574687,1756822684,-0.231397309
2.311466632,2.720639296,18.84826362,1.729970407,3.357315367,-0.538783158,1756822684,-0.24708527
2.019542274,4.704289232,22.44467599,1.347568698,3.373197915,-0.636521596,1756822684,-0.291907993
1.576870093,4.845465765,22.03071768,0.834441933,3.016452581,-0.712268885,1756822684,-0.326645603
1.966900177,4.173082614,20.1164596,0.469144485,2.130697986,-0.552222158,1756822684,-0.253248378
3.244667446,2.196611147,17.04407538,0.322536846,0.741590434,-0.406836231,1756822684,-0.186574577
3.802195111,1.744367675,17.87438482,0.415388345,-0.444709893,-0.25534167,1756822685,-0.117099365
3.213560752,0.799202748,20.70509396,0.346971438,-0.724486138,0.030543262,1756822685,0.014007101
3.852444386,-0.464207584,21.24347904,0.009773844,-0.785572661,-0.114842665,1756822685,-0.0526667
4.967499718,-1.220339526,19.73839363,-0.131946891,-0.867428656,-0.180816111,1756822685,-0.082922038
5.6327044,-2.062613081,18.00359724,-0.329867229,-1.069014167,-0.28099801,1756822685,-0.128865329
5.754738353,-2.653640263,15.89312771,-0.691499432,-1.081231489,-0.321315115,1756822685,-0.147354702
5.618347465,-3.053241638,13.93101318,-0.982271286,-0.878424247,-0.323758559,1756822685,-0.148475263
5.345565688,-3.132204783,11.81097235,-1.236391172,-0.503352956,-0.378736465,1756822685,-0.17368806
4.948357137,-2.993421073,9.401399995,-1.334129715,-0.019547688,-0.460592372,1756822685,-0.211227075
4.24247447,-2.464607278,6.951149653,-1.240056486,0.463035868,-0.544891775,1756822685,-0.249886674
3.778266885,-1.811366708,5.063212622,-1.036027461,0.968832233,-0.542448332,1756822685,-0.248766114
2.703889538,-1.105484041,3.517449222,-0.75747293,1.395216239,-0.577878533,1756822685,-0.265014359
1.780260014,-0.732203716,2.321037922,-0.652404092,1.750739738,-0.558330828,1756822685,-0.256049806
0.760917587,-0.117248307,1.25144622,-0.557109097,1.98164685,-0.552222158,1756822685,-0.253248378
-0.208175566,0.342173632,0.191425808,-0.500909513,2.188119336,-0.565661211,1756822685,-0.259411511
-1.028913718,0.626919521,-0.646062102,-0.388510291,2.359161515,-0.496022573,1756822685,-0.22747532
-1.536192109,0.787238635,-1.552941867,-0.145385927,2.486221467,-0.441044702,1756822685,-0.202262538
-1.919043725,1.093519928,-1.885544209,0.02565634,2.483778024,-0.392175465,1756822685,-0.179851169
-2.021935097,1.462014609,-0.815952507,0.163711884,2.357939924,-0.346971438,1756822685,-0.159120659
-2.093719775,2.201396792,1.722832272,0.180816111,2.19178451,-0.365297412,1756822685,-0.167524928
-2.323430745,3.148954542,4.773681087,0.161268423,2.075720079,-0.350636647,1756822685,-0.16080152
-2.790031152,3.897908015,7.867600709,0.07574729,1.951103588,-0.489913921,1756822685,-0.2246739
-3.924229064,4.85025141,11.45922743,0.020769418,1.842369523,-0.656069266,1756822685,-0.30087253
-4.424328987,5.728417304,14.17747391,-0.096516708,1.848478281,-0.69882985,1756822685,-0.320482479
-4.823930362,5.458028351,15.37627803,-0.167377075,1.638340621,-0.657290996,1756822685,-0.301432813
-4.912464798,3.799802289,15.80937892,-0.283441471,1.159422222,-0.541226601,1756822685,-0.24820583
-4.955535605,1.351944769,15.72563013,-0.244346095,0.453261989,-0.360410491,1756822685,-0.165283792
-4.898107862,-1.395015576,17.01775433,0.02687807,-0.239459173,-0.183259571,1756822685,-0.084042606
-4.340580196,-3.402593737,18.58744596,0.597426203,-0.750142513,-0.037873645,1756822685,-0.017368805
-3.53419898,-6.032305775,18.90808419,1.078788028,-1.189965484,0.268780705,1756822685,0.123262489
-2.957528734,-9.937392258,20.41795525,1.094670524,-1.502728451,0.23090706,1756822685,0.105893684
-1.907079612,-8.769694829,20.49691839,1.266934434,-2.048841991,0.029321531,1756822685,0.013446817
-0.179461695,-7.661817965,19.32922096,1.290147348,-2.681698291,0.116064395,1756822685,0.053226984
1.074377347,-6.199803357,17.58246046,1.144761387,-3.266907172,0.177150919,1756822685,0.081241186
2.184647034,-4.359722777,15.47438375,0.939510771,-3.806912077,0.317649941,1756822685,0.145673858
3.290131075,-2.476571391,12.72981623,0.577878533,-4.227187396,0.530231009,1756822685,0.243163265
4.139583098,-1.150947671,9.559326287,0.20525072,-4.469090048,0.729373112,1756822685,0.33448958
4.7856452,0.045463629,6.642475538,-0.161268423,-4.487415778,1.02503187,1756822685,0.47007831
5.163711171,0.995414202,4.352544309,-0.431270841,-4.329812843,1.276708383,1756822685,0.585496838
5.436492947,1.576870093,2.849851717,-0.572991628,-4.010941119,1.501506738,1756822685,0.688589077
5.673382385,1.969293,1.85922316,-0.613308682,-3.544240234,1.673770788,1756822685,0.767589151
5.711667546,2.120040824,1.320838075,-0.560774306,-3.067765296,1.710422667,1756822685,0.784397656
5.656632626,2.44785752,0.813559684,-0.543670062,-2.510656234,1.777617808,1756822685,0.815213262
5.259424075,2.952743088,0.36849468,-0.456927198,-1.916895152,1.749518007,1756822685,0.802326729
4.845465765,3.354737285,-0.050249275,-0.437379493,-1.274264922,1.615127707,1756822685,0.740695509
4.287938099,3.646661642,-0.251246373,-0.401949344,-0.714712346,1.423316057,1756822685,0.652730931
3.775874063,3.577269787,0.023928226,-0.30665435,-0.1282817,1.103222603,1756822685,0.50593648
3.381058334,3.029313412,0.734596538,-0.147829388,0.447153372,0.839328837,1756822685,0.384915135
3.242274623,2.232503486,1.844866225,0.1282817,0.923628205,0.544891775,1756822685,0.249886674
3.268595672,1.409372511,3.661018578,0.464257581,1.34023835,0.387288578,1756822685,0.177610049
3.586841077,0.531206617,6.726224329,0.836885394,1.714087841,0.223576677,1756822685,0.102531979
4.063012775,0.031106694,11.53579775,1.176526519,1.996307546,0.053756141,1756822685,0.024652498
4.67557536,-0.038285162,16.61097449,1.258382356,2.194227953,-0.083077672,1756822685,-0.038099315
5.123033187,0.035892339,19.02533249,1.335351446,2.177123674,-0.173485728,1756822685,-0.079560334
5.479563754,0.007178468,19.02533249,1.434311579,1.846034697,-0.177150919,1756822685,-0.081241186
6.199803357,-0.021535403,18.0418824,1.543045662,1.145983257,0.064751715,1756822685,0.029695054
7.817351434,-0.457029117,18.13759531,1.535715174,0.140499005,0.356745317,1756822685,0.163602948
7.910671516,-0.454636294,19.02772532,1.348790428,-0.668286588,0.713490616,1756822685,0.327205888
7.410571592,-0.820738152,19.88435581,0.87109383,-0.763581548,0.751364226,1756822685,0.344574677
8.157132243,-1.519442351,19.41296975,0.328645498,-0.625526004,0.690277702,1756822685,0.316560475
8.468199181,-2.45742881,17.75952934,-0.17837265,-0.348193203,0.689055989,1756822685,0.316000199
8.164310711,-2.976671314,15.95055545,-0.676838666,0.018325957,0.725707938,1756822685,0.332808736
7.499106028,-2.813959378,13.69651656,-1.097113985,0.455705485,0.778242313,1756822685,0.356900933
6.410371745,-2.036292033,11.16491025,-1.39888143,0.842994011,0.801455158,1756822685,0.367546314
5.324030285,-1.014556782,8.688338861,-1.585806176,1.115439925,0.827111515,1756822685,0.379312287
4.295116567,-0.4235296,6.711867393,-1.648114413,1.266934434,0.785572661,1756822685,0.360262622
3.266202849,-0.256032018,5.19960351,-1.609019072,1.357342507,0.728151381,1756822685,0.333929296
2.443071875,-0.200997098,3.787838176,-1.499063277,1.412320396,0.634078152,1756822685,0.290787433
1.627119368,-0.308674115,2.57706994,-1.35856422,1.470963476,0.586430594,1756822685,0.268936323
0.976271621,-0.153140646,1.378265818,-1.198517562,1.546710835,0.56443948,1756822685,0.258851226
0.411565487,0.045463629,0.325423874,-1.067792436,1.585806176,0.559552576,1756822685,0.256610099
-0.11006984,0.251246373,-0.29431718,-0.867428656,1.585806176,0.491135634,1756822685,0.225234176
-0.471386052,0.093320081,-0.586241537,-0.681725623,1.585806176,0.448375102,1756822685,0.205624251
-0.849452023,-0.504885569,-0.567098956,-0.428827397,1.63589716,0.366519143,1756822685,0.168085212
-1.062413234,-0.859023313,-0.581455892,-0.062308254,1.727526946,0.301767445,1756822685,0.138390166
-1.119840977,-0.813559684,-0.265603309,0.30665435,1.760513669,0.266337244,1756822685,0.122141921
-0.971485976,-0.581455892,1.165304606,0.692721163,1.764178843,0.146607657,1756822685,0.067234085
-0.552742021,-0.155533469,5.084748025,1.106887777,1.830152271,-0.065973446,1756822685,-0.030255338
-0.160319114,0.210568389,8.377271923,1.335351446,1.879021543,-0.040317106,1756822685,-0.018489373
-0.825523797,1.239482107,11.80857953,1.3976597,2.075720079,-0.238237443,1756822685,-0.109255388
-1.56490598,1.718046627,14.16072415,1.364672977,2.276083947,-0.251676478,1756822685,-0.115418512
-2.359323084,2.007578161,15.42413448,1.446528832,2.409252377,-0.346971438,1756822685,-0.159120659
-3.47916406,1.722832272,16.10608892,1.593136524,2.521651633,-0.317649941,1756822685,-0.145673858
-5.757131176,0.660419038,17.27617917,1.620014612,2.736676319,-0.408057962,1756822685,-0.187134862
-7.771887805,-0.449850649,19.69532282,1.53205,2.805093191,-0.607200064,1756822685,-0.278461176
-10.08335444,-1.727617917,22.01875357,1.341460081,2.643824681,-0.785572661,1756822685,-0.360262622
-10.65763186,-3.172882768,22.255643,1.092227081,2.098932993,-1.064127262,1756822685,-0.488007407
-10.3657075,-4.577469634,21.91107655,0.807563845,1.102000872,-1.170417761,1756822685,-0.536752094
-8.951549347,-5.515456093,21.47558284,0.427605667,-0.339641055,-1.171639475,1756822685,-0.537312371
-6.522834408,-5.86241537,20.63330928,0.164933614,-1.925447231,-1.102000872,1756822685,-0.505376196
-3.431307608,-5.709274724,18.13759531,-0.20402899,-3.554014043,-0.789237905,1756822685,-0.361943498
-0.638883634,-4.934000201,14.91924891,-0.309097793,-5.130046148,-0.538783158,1756822685,-0.24708527
1.751546143,-3.766302772,12.16032445,-0.315206445,-6.335894059,-0.180816111,1756822685,-0.082922038
3.426521963,-2.344966148,9.676574594,-0.283441471,-7.203322906,0.142942466,1756822685,0.065553233
4.553541408,-0.643669279,7.094719009,-0.23090706,-7.679797583,0.454483755,1756822685,0.208425671
5.316851817,0.997807024,4.615754795,-0.240680904,-7.716449602,0.803898671,1756822685,0.368666906
6.120840211,2.175075743,2.538784779,-0.313984732,-7.356039216,1.12887896,1756822685,0.517702453
6.738188442,2.301895341,0.990628556,-0.310319558,-6.654766062,1.401324874,1756822685,0.642645802
7.369893608,1.952543242,0.002392823,-0.270002435,-5.773898354,1.536936904,1756822685,0.704837306
7.6019974,1.875972918,-0.916451056,-0.216246294,-4.824613529,1.500285008,1756822685,0.688028793
7.381857721,1.981257113,-1.761117434,-0.257785131,-3.805690486,1.445307119,1756822685,0.662816004
6.752545377,2.294716873,-2.45742881,-0.376292969,-2.65970723,1.406211778,1756822685,0.64488693
6.010770371,2.431107762,-2.828316313,-0.491135634,-1.534493443,1.249830295,1756822685,0.573170581
5.312066172,2.38325131,-2.708675183,-0.64018677,-0.401949344,1.104444333,1756822685,0.506496764
4.701896409,2.14396905,-2.244467599,-0.715934059,0.690277702,0.899193631,1756822685,0.412369054
4.130011808,1.584048561,-1.37108735,-0.579100246,1.629788403,0.557109097,1756822685,0.255489522
3.797409466,0.890130007,-0.435493713,-0.322536846,2.361604976,0.2565634,1756822685,0.117659648
3.565305674,0.191425808,0.672383151,0.020769418,2.944370396,-0.141720735,1756822685,-0.064992949
3.603590836,-0.41395831,2.349751793,0.538783158,3.343876244,-0.401949344,1756822685,-0.184333457
4.232903179,-0.780060168,5.111069074,1.156978779,3.534466181,-0.734260016,1756822685,-0.336730708
5.118247541,-0.325423874,10.45424194,1.797165548,3.578448548,-0.85154616,1756822685,-0.390517984
5.627918755,1.686939933,18.53241104,2.064724557,3.610213662,-0.921184762,1756822685,-0.422454158
5.532205851,3.684946804,22.71985059,1.793500374,3.659082672,-0.982271286,1756822685,-0.45046836
5.647061336,3.83808745,21.56172445,1.467298302,3.354871906,-0.87231556,1756822685,-0.400042805
6.281159325,3.086741154,21.54018905,1.050688227,2.548529844,-0.783129218,1756822685,-0.359142062
6.032305775,2.160718808,18.01556136,0.979827825,1.442863658,-0.632856352,1756822685,-0.290227117
5.178068106,1.971685822,18.43909096,0.899193631,1.170417761,-0.186924763,1756822685,-0.085723458
4.402793584,0.593420005,20.76491452,0.35918876,1.02503187,-0.085521133,1756822685,-0.039219883
4.807180603,-1.189232832,20.73859347,-0.211359372,0.800233427,-0.092851516,1756822685,-0.042581587
4.864608346,-3.105883735,19.6402879,-0.686612528,0.653625822,-0.020769418,1756822685,-0.009524829
4.369294068,-5.032105928,17.44128393,-1.112996464,0.668286588,0.014660766,1756822685,0.006723409
3.967299871,-5.544169964,14.58664657,-1.285260444,0.829554976,0.171042267,1756822685,0.078439766
3.268595672,-6.03709142,11.97129147,-1.325577515,1.007927643,0.412944901,1756822685,0.189376006
1.756331788,-5.527420206,8.975477573,-1.252273738,1.386664038,0.664621414,1756822685,0.304794534
0.521635327,-5.333601575,6.776473603,-1.143539674,1.501506738,0.156381501,1756822685,0.071716357
-0.200997098,-4.168296969,4.881358104,-0.7550294,1.616349438,0.073303829,1756822686,0.033617043
-0.739382183,-3.029313412,3.811766402,-0.448375102,1.587027889,0.006108652,1756822686,0.00280142
-1.201196945,-2.20857526,3.096312444,-0.240680904,1.539380348,-0.020769418,1756822686,-0.009524829
-1.572084448,-1.418943802,2.316252277,-0.02687807,1.376890229,-0.160046692,1756822686,-0.073397209
-1.66540453,-1.392622753,1.576870093,0.058643063,1.208291494,-0.223576677,1756822686,-0.102531979
-1.84965187,-0.995414202,0.437886536,0.106290551,0.965167059,-0.196698607,1756822686,-0.090205731
-2.019542274,-0.581455892,-0.485742988,0.221133216,0.719599251,-0.196698607,1756822686,-0.090205731
-2.134397759,-0.095712904,-0.914058233,0.273667627,0.489913921,-0.167377075,1756822686,-0.076758913
-2.014756629,0.667597505,-0.701097022,0.316428176,0.301767445,-0.22968533,1756822686,-0.1053334
-1.713260982,1.49072848,0.744167829,0.304210889,0.146607657,-0.262672052,1756822686,-0.120461068
-1.32562372,2.165504453,3.342773172,0.189368224,0.091629786,-0.313984732,1756822686,-0.143992998
-0.715453957,2.538784779,6.096911985,0.174707458,0.146607657,-0.356745317,1756822686,-0.163602948
-0.535992262,2.792423974,8.590233134,0.131946891,0.218689755,-0.389732022,1756822686,-0.178730609
-0.36849468,3.077169864,11.52622646,0.318871654,0.334754151,-0.41783184,1756822686,-0.19161715
-0.191425808,3.862015676,14.9503556,0.438601224,0.373849526,-0.441044702,1756822686,-0.202262538
-0.334995164,4.469792617,17.56092506,0.448375102,0.443488163,-0.371406082,1756822686,-0.170326356
-0.66281186,4.931607379,17.70210159,0.343306264,0.502131226,-0.386066848,1756822686,-0.177049765
-0.301495648,4.110869227,16.75932949,0.317649941,0.433714319,-0.25534167,1756822686,-0.117099365
-0.660419038,1.933400661,17.1517524,0.643851944,0.321315115,-0.206472451,1756822686,-0.094688003
-0.959521863,-0.342173632,18.36252063,0.992045147,0.202807259,-0.216246294,1756822686,-0.099170275
-0.988235734,-1.581655739,19.53261088,1.189965484,0.061086524,-0.288328392,1756822686,-0.132227033
-1.019342428,-1.631905013,21.48036848,1.155757048,-0.028099801,-0.290771853,1756822686,-0.133347601
-0.856630491,-1.746760498,21.62393784,0.92851518,-0.398284135,-0.35918876,1756822686,-0.164723508
-0.617348231,-1.856830338,19.65943048,0.551000445,-1.088561837,-0.405614518,1756822686,-0.186014301
0.167497582,-2.029113565,16.89572038,0.029321531,-1.953547032,-0.401949344,1756822686,-0.184333457
1.495514125,-2.230110663,14.31147197,-0.398284135,-2.869844767,-0.414166631,1756822686,-0.189936289
2.852244539,-2.007578161,11.7631159,-0.777020583,-3.74338211,-0.323758559,1756822686,-0.148475263
3.996013742,-1.6199409,9.229116768,-0.904080535,-4.403116619,-0.222354947,1756822686,-0.101971695
4.790430845,-0.940379282,6.838686991,-0.945619389,-4.834387321,-0.020769418,1756822686,-0.009524829
5.25463843,-0.244067905,4.658825602,-0.873537273,-4.972442934,0.139277274,1756822686,0.06387238
5.565705368,0.105284194,2.938386153,-0.790459636,-4.864930582,0.216246294,1756822686,0.099170275
5.967699564,0.148355001,1.909472435,-0.630412908,-4.49963331,0.250454748,1756822686,0.114858228
6.23091005,0.016749758,1.227517994,-0.516792009,-3.999945458,0.167377075,1756822686,0.076758913
6.46062102,0.007178468,0.579063069,-0.428827397,-3.34021121,0.164933614,1756822686,0.075638345
6.479763601,0.122033953,-0.043070807,-0.397062405,-2.636494333,0.083077672,1756822686,0.038099315
6.278766502,0.370887503,-0.576670247,-0.438601224,-1.863138977,0.084299403,1756822686,0.038659599
6.051448355,0.490528633,-0.569491779,-0.521678896,-0.983492999,0.030543262,1756822686,0.014007101
5.812166095,0.428315245,-0.203389921,-0.620639099,-0.109955743,-0.02443461,1756822686,-0.011205681
5.548955609,0.031106694,0.351744922,-0.585208881,0.788016192,-0.177150919,1756822686,-0.081241186
5.31924464,-0.552742021,1.014556782,-0.398284135,1.618792881,-0.365297412,1756822686,-0.167524928
5.168496816,-1.071984525,1.92382937,-0.122173048,2.301740305,-0.481361808,1756822686,-0.220751912
5.058426976,-1.387837108,3.053241638,0.250454748,2.785545591,-0.720820964,1756822686,-0.330567576
5.498706335,-1.378265818,5.158925526,0.720820964,3.051882747,-0.780685774,1756822686,-0.358021501
6.403193278,-0.586241537,9.054440718,1.144761387,3.086091306,-0.919963031,1756822686,-0.421893874
6.769295135,0.940379282,14.33061455,1.329242828,2.957809501,-0.886976326,1756822686,-0.406766213
6.707081748,2.493321149,18.27159337,1.036027461,2.762332677,-0.819781167,1756822686,-0.375950599
6.537191343,3.1657043,18.64008805,0.65973444,2.456900058,-0.691499432,1756822686,-0.317120759
6.671189409,2.562713005,18.08256039,0.221133216,1.953547032,-0.500909513,1756822686,-0.229716465
7.183253445,2.074577194,17.74038676,-0.008552113,1.30236474,-0.30054568,1756822686,-0.137829866
6.312266019,0.019142581,18.11366708,-0.15393804,0.919963031,-0.1282817,1756822686,-0.058829824
6.345765535,-1.701296869,18.09691732,-0.339641055,0.715934059,-0.05009095,1756822686,-0.022971646
6.439085617,-3.378665511,16.95793377,-0.318871654,0.531452775,0.014660766,1756822686,0.006723409
5.895914886,-4.677968183,15.56531101,-0.355523586,0.432492606,0.067195176,1756822686,0.030815622
5.048855686,-5.163711171,14.04826148,-0.458148929,0.475253155,0.070860368,1756822686,0.032496474
4.034298904,-4.96989254,12.02154074,-0.626747734,0.713490616,-0.007330383,1756822686,-0.003361704
2.368894374,-4.754538506,9.583254513,-0.824668072,1.10933129,-0.144164196,1756822686,-0.066113517
1.213161058,-3.955335758,6.94875683,-0.875980734,1.457524493,-0.5131268,1756822686,-0.235319297
0.282353067,-2.969492847,4.955535605,-0.834441933,1.720196476,-0.681725623,1756822686,-0.312638502
-0.212961211,-1.847259047,3.83808745,-0.691499432,1.893682238,-0.825889802,1756822686,-0.378752011
-0.636490812,-1.045663476,3.455235834,-0.50701813,1.910786517,-0.913854414,1756822686,-0.41909247
-0.897308475,-0.512064036,3.077169864,-0.370184317,1.855808629,-0.927293449,1756822686,-0.425255594
-1.38065864,-0.045463629,2.112862356,-0.171042267,1.762957112,-0.943175945,1756822686,-0.432539287
-1.713260982,0.464207584,0.60777694,0.023212879,1.661553396,-0.835663663,1756822686,-0.383234291
-1.902293967,1.009771137,-0.378065971,0.144164196,1.472185189,-0.767246722,1756822686,-0.351858369
-1.765903079,1.902293967,-0.11964113,0.221133216,1.209513224,-0.745255608,1756822686,-0.341773272
-1.404586866,2.455035988,1.404586866,0.124616509,0.904080535,-0.703716754,1756822686,-0.322723607
-1.155733316,2.928814862,3.498306641,0.079412481,0.624304273,-0.675616936,1756822686,-0.309837066
-0.851844846,3.503092286,6.486942069,0.053756141,0.390953752,-0.685390797,1756822686,-0.314319346
-0.586241537,4.027120436,10.5451692,0.135612083,0.222354947,-0.722042694,1756822686,-0.33112786
-0.11964113,5.053641331,14.73500157,0.22968533,0.114842665,-0.774577139,1756822686,-0.355220089
-0.007178468,6.135197146,18.9726904,0.270002435,0.108734012,-0.731816555,1756822686,-0.33561014
-1.184447187,7.640282562,21.02333936,0.086742864,0.25534167,-0.882089421,1756822686,-0.404525085
-1.198804123,5.848058434,20.4873471,-0.147829388,0.313984732,-1.043357809,1756822686,-0.478482562
-0.550349198,5.027320283,18.83390668,0.131946891,0.354301821,-0.419053553,1756822686,-0.192177426
-0.760917587,2.366501551,17.59921022,0.356745317,0.07819075,-0.421497014,1756822686,-0.193297994
-0.689132909,0.299102825,17.68056619,0.455705485,-0.184481302,-0.362853969,1756822686,-0.166404368
-0.476171697,-0.507278391,18.93919088,0.395840674,-0.450818546,-0.317649941,1756822686,-0.145673858
-0.236889437,-1.060020412,19.15215209,0.265115513,-0.825889802,-0.219911486,1756822686,-0.100851127
0.045463629,-1.37108735,17.86720635,0.035430184,-1.373225055,-0.200363798,1756822686,-0.091886583
0.284745889,-1.770688724,15.41456319,-0.335975881,-2.070833192,-0.20402899,1756822686,-0.093567435
0.870987426,-2.88095841,12.64846026,-0.748920782,-2.770884633,-0.243124365,1756822686,-0.111496524
1.813759531,-3.651447288,10.08574726,-1.031140557,-3.332880862,-0.217468025,1756822686,-0.099730559
2.653640263,-3.871586967,8.161917889,-1.1398745,-3.714060701,-0.215024564,1756822686,-0.098609991
3.328416237,-3.610769303,6.257231099,-1.104444333,-3.926641681,-0.20402899,1756822686,-0.093567435
3.835694628,-3.117847848,4.49132802,-0.965167059,-4.021936763,-0.248011287,1756822686,-0.11373766
4.113262049,-2.51246373,2.952743088,-0.932180353,-3.987728205,-0.212581103,1756822686,-0.097489423
4.412364874,-1.868794451,1.931007838,-0.905302266,-3.800803582,-0.272445896,1756822686,-0.124943341
4.627718908,-1.038485008,0.942772104,-0.971275764,-3.507588215,-0.244346095,1756822686,-0.112056808
4.826323184,-0.516849682,0.169890405,-0.951728024,-3.070208757,-0.206472451,1756822686,-0.094688003
5.027320283,-0.332602341,-0.327816696,-0.951728024,-2.541199496,-0.138055544,1756822686,-0.063312097
5.056034154,-0.41395831,-0.66281186,-0.900415361,-1.973094772,-0.091629786,1756822686,-0.042021303
4.890929394,-0.722632425,-0.655633392,-0.788016192,-1.347568698,-0.05253441,1756822686,-0.024092214
4.847858588,-1.162911784,-0.325423874,-0.627969465,-0.71715579,-0.112399204,1756822686,-0.051546132
4.819144716,-1.911865257,0.382851616,-0.329867229,-0.080634211,-0.161268423,1756822686,-0.073957493
4.855037055,-2.797209619,1.299302672,0.108734012,0.456927198,-0.392175465,1756822686,-0.179851169
5.036891573,-3.59880519,2.560320182,0.630412908,0.935845527,-0.49357913,1756822686,-0.22635476
5.592026416,-4.405186407,4.718646167,1.271821478,1.310916819,-0.671951762,1756822686,-0.308156222
6.733402796,-4.644468667,8.271987728,1.918116883,1.514945843,-0.71837752,1756822686,-0.329447016
7.989634661,-3.802195111,12.7369947,2.405587343,1.47462865,-0.689055989,1756822686,-0.316000199
7.743173934,-1.593619852,17.96291926,2.348165853,1.299921279,-0.753807686,1756822686,-0.345695245
8.295915954,0.528813795,19.90349839,1.766622286,1.034805731,-0.808785575,1756822686,-0.370908034
9.5712904,1.660618884,19.18325878,1.170417761,0.461814103,-0.610865238,1756822686,-0.28014202
10.57866871,0.820738152,18.53480386,0.746477321,-0.237015712,-0.245567826,1756822686,-0.112617092
9.70050282,-1.390229931,17.13021699,0.559552576,-0.502131226,-0.116064395,1756822686,-0.053226984
8.07099063,-2.500499617,15.38824214,0.419053553,-0.444709893,-0.112399204,1756822686,-0.051546132
6.958328121,-3.531806158,13.51944769,0.2565634,-0.083077672,-0.233350521,1756822686,-0.107014252
5.864808193,-3.720839143,10.95194904,0.197920337,0.406836231,-0.356745317,1756822686,-0.163602948
4.945964314,-3.467199947,8.42991402,0.065973446,0.912632683,-0.64018677,1756822686,-0.293588837
4.170689792,-2.892922523,6.551548279,-0.019547688,1.41598557,-0.796568253,1756822686,-0.365305186
3.728017611,-2.158325985,5.268995365,-0.02565634,1.842369523,-0.939510771,1756822686,-0.430858443
3.208775107,-1.146162025,4.761716974,-0.009773844,2.228436389,-0.944397676,1756822686,-0.433099571
2.325823567,-0.11006984,4.972285363,0.07574729,2.590068505,-0.897971918,1756822686,-0.411808778
1.323230898,0.7728817,5.106283428,0.106290551,2.930931291,-0.913854414,1756822686,-0.41909247
0.332602341,1.552941867,4.445864391,0.211359372,3.200933743,-0.878424247,1756822686,-0.402844241
-0.440279358,2.069791549,3.393022447,0.378736465,3.393967386,-0.900415361,1756822686,-0.412929338
-0.935593637,2.50289244,2.426322116,0.626747734,3.409849672,-0.792903079,1756822686,-0.363624342
-1.361516059,3.038884702,3.409772205,1.017701504,3.226590101,-0.741590434,1756822686,-0.340092428
-1.639083481,4.113262049,7.022934331,1.352455602,3.001791868,-0.608421795,1756822686,-0.27902146
-2.462214455,5.730810127,11.83011493,1.661553396,2.858849367,-0.492357365,1756822686,-0.22579446
-3.637090352,7.267002236,16.56311804,1.891238795,2.787989034,-0.477696634,1756822686,-0.219071068
-5.295316414,8.827122571,21.46601154,1.921782057,2.693915805,-0.548556984,1756822686,-0.251567534
-6.661618118,8.793623055,23.2821639,1.858252072,2.318844462,-0.675616936,1756822686,-0.309837066
-7.652246675,6.800401829,23.15055865,1.816713149,1.609019072,-0.818559454,1756822686,-0.375390323
-7.070790783,4.950749959,21.64308042,1.836260889,0.560774306,-0.944397676,1756822686,-0.433099571
-6.108876098,4.788038023,20.98983985,1.750739738,-0.664621414,-0.930958623,1756822686,-0.426936439
-5.051248509,5.106283428,20.55673896,1.464854841,-1.710422667,-0.792903079,1756822687,-0.363624342
-3.584448255,5.400600608,19.10190282,1.154535335,-2.748893572,-0.69882985,1756822687,-0.320482479
-1.732403562,5.321637462,17.00579022,0.691499432,-3.874107358,-0.555887367,1756822687,-0.254929238
0.342173632,4.941178669,15.01256899,0.147829388,-4.834387321,-0.470366251,1756822687,-0.215709364
2.909672282,4.082155356,12.87338559,-0.408057962,-5.633399035,-0.199142068,1756822687,-0.091326299
5.020141815,2.92642204,10.25563766,-0.875980734,-6.254038082,0.125838239,1756822687,0.057709256
6.58983344,1.655833239,7.59242611,-1.209513224,-6.566801311,0.471587964,1756822687,0.21626964
14.42872028,3.227917687,9.669396127,-1.255938912,-5.639507792,0.786794462,1756822687,0.360822938
7.735995466,-0.076570323,3.251845913,-1.345125255,-5.750685178,1.05190994,1756822687,0.482404558
8.087740388,-0.327816696,2.945564621,-1.483180851,-4.643797663,1.198517562,1756822687,0.549638627
8.161917889,-1.375872995,2.344966148,-1.30114301,-3.773925372,1.215621859,1756822687,0.557482636
7.66660361,-2.115255178,1.660618884,-1.10933129,-2.725680658,1.080009759,1756822687,0.4952911
7.290930462,-2.718246474,1.598405497,-0.96761052,-1.695761971,1.100779159,1756822687,0.50481592
6.010770371,-2.416750826,0.500099923,-0.766024991,-0.668286588,0.95661498,1756822687,0.438702411
5.280959478,-2.608176634,0.265603309,-0.521678896,0.354301821,0.830776689,1756822687,0.380993131
4.642075844,-2.191825502,-0.131605243,-0.395840674,1.1484267,1.120326882,1756822687,0.513780481
5.367101092,-2.041077678,-0.933200814,-0.425162223,1.419650744,0.911410953,1756822687,0.417971902
2.69671107,-0.973878798,-1.036092186,-0.43493605,1.869247594,1.132544134,1756822687,0.519383297
1.907079612,-0.744167829,-0.768096055,-0.349414916,2.163684691,0.888198039,1756822687,0.407326489
1.387837108,-1.375872995,-0.646062102,-0.455705485,2.26997519,1.200961023,1756822687,0.550759195
1.765903079,-2.445464697,0.007178468,-0.10262536,2.472782362,0.572991628,1756822687,0.262773231
1.136590735,-2.579462763,0.854237668,0.109955743,2.572964348,0.709825372,1756822687,0.325525011
0.710668312,-2.967100024,1.811366708,0.304210889,2.463008553,0.723264425,1756822687,0.331688144
1.08634146,-3.471985593,4.082155356,0.649960648,2.392148238,0.294437062,1756822687,0.135028462
1.971685822,-3.64426882,7.999205952,1.247386834,2.175901944,0.354301821,1756822687,0.162482364
3.201596639,-2.746960345,14.67996665,1.734857311,1.96209911,-0.048869219,1756822687,-0.022411362
3.605983658,-0.088534436,21.57608138,1.933999309,1.609019072,0.053756141,1756822687,0.024652498
2.88095841,2.289931228,21.7890426,1.62856669,1.1398745,-0.284663184,1756822687,-0.130546174
2.507678085,2.646461796,17.83609966,1.193630658,0.519235452,-0.304210889,1756822687,-0.139510726
4.503292133,2.055434613,15.78066505,0.788016192,-0.28099801,-0.072082098,1756822687,-0.033056758
5.860022547,1.330409366,16.31426449,0.642630231,-0.907745709,0.162490153,1756822687,0.074517777
6.599404731,0.789631458,19.36272048,0.43615778,-1.108109577,0.458148929,1756822687,0.210106515
7.585247642,0.236889437,21.72443639,0.142942466,-1.033584,0.491135634,1756822687,0.225234176
7.499106028,-0.437886536,20.5926313,-0.248011287,-0.808785575,0.62186083,1756822687,0.285184584
6.841079813,-1.167697429,18.05145369,-0.510683339,-0.427605667,0.626747734,1756822687,0.287425712
6.175875131,-1.440479205,15.25185125,-0.797789984,0.003665191,0.64018677,1756822687,0.293588837
5.362315447,-1.406979689,12.71785212,-0.900415361,0.393397231,0.591317568,1756822687,0.271177483
4.378865358,-0.904486943,10.39202855,-0.985936529,0.709825372,0.504574687,1756822687,0.231397309
3.371487043,-0.157926292,8.331808293,-0.933402084,0.908967509,0.464257581,1756822687,0.212907935
2.352144616,0.428315245,6.946364008,-0.79412481,0.988379973,0.406836231,1756822687,0.186574577
1.282552914,0.885344362,5.809773273,-0.668286588,1.018923235,0.334754151,1756822687,0.153517827
0.399601374,1.404586866,4.725824635,-0.480140077,1.009149374,0.331088942,1756822687,0.151836967
-0.141176533,1.950150419,3.811766402,-0.316428176,0.976162651,0.350636647,1756822687,0.16080152
-0.435493713,2.3928226,3.199203816,-0.190589954,0.937067258,0.366519143,1756822687,0.168085212
-0.763310409,2.773281393,2.431107762,-0.120951317,0.869872099,0.483805251,1756822687,0.221872472
-1.074377347,3.091526799,1.605583965,-0.106290551,0.866206925,0.514348513,1756822687,0.235879573
-1.397408398,3.194418171,0.803988394,-0.151494579,0.908967509,0.552222158,1756822687,0.253248378
-1.586441384,3.302095188,0.019142581,-0.194255146,0.899193631,0.60231309,1756822687,0.276220016
-1.586441384,3.280559785,-0.58863436,-0.246789556,0.842994011,0.559552576,1756822687,0.256610099
-1.452443318,3.17527559,-0.796809926,-0.238237443,0.731816555,0.614530412,1756822687,0.281822864
-1.292124204,2.931207685,-0.155533469,-0.174707458,0.577878533,0.610865238,1756822687,0.28014202
-0.978664443,3.010170831,1.459621786,-0.039095375,0.351858377,0.669508319,1756822687,0.307035662
-0.78245299,3.467199947,4.287938099,0.114842665,0.185703032,0.608421795,1756822687,0.27902146
-0.686740086,4.192225195,7.728816998,0.294437062,0.117286126,0.598647916,1756822687,0.274539172
-0.729810893,5.125426009,11.16491025,0.408057962,0.146607657,0.518013722,1756822687,0.237560433
-0.983450089,6.008377549,14.63928867,0.365297412,0.206472451,0.419053553,1756822687,0.192177426
-0.94755775,5.795416337,16.73061562,0.246789556,0.318871654,0.272445896,1756822687,0.124943341
-0.507278391,4.017549145,17.17089498,0.172263997,0.221133216,0.164933614,1756822687,0.075638345
-0.595812827,1.646261949,16.77368643,0.329867229,0.05131268,-0.017104227,1756822687,-0.007843977
-0.234496615,-0.504885569,18.40319862,0.656069266,-0.111177473,-0.186924763,1756822687,-0.085723458
0.502492746,-2.225325018,19.33639943,0.966388789,-0.312763002,-0.382401639,1756822687,-0.175368905
1.071984525,-2.897708169,20.48973992,1.048244766,-0.526565835,-0.515570278,1756822687,-0.236439873
1.598405497,-2.75174599,20.81755662,1.078788028,-0.746477321,-0.530231009,1756822687,-0.243163265
2.177468566,-2.900100991,20.0422821,0.979827825,-1.189965484,-0.431270841,1756822687,-0.197780258
2.763710103,-3.10109809,18.75255072,0.636521596,-1.842369523,-0.311541271,1756822687,-0.14287243
3.476771238,-3.471985593,17.26182224,0.188146493,-2.58396001,-0.226020138,1756822687,-0.103652547
4.589433747,-4.287938099,15.88355642,-0.293215297,-3.280346277,-0.161268423,1756822687,-0.073957493
5.876772306,-4.156332856,14.15115286,-0.711047172,-3.822794643,0.05131268,1756822687,0.02353193
6.613761666,-3.565305674,12.00239816,-0.884532865,-4.194200691,0.293215297,1756822687,0.134468162
6.886543443,-2.804388087,9.750752095,-0.999375495,-4.317595591,0.499687747,1756822687,0.229156164
6.943971185,-2.177468566,7.484749093,-0.957836711,-4.138001054,0.722042694,1756822687,0.33112786
6.979863524,-1.567298803,5.551348432,-0.800233427,-3.720169196,0.856433064,1756822687,0.392759112
7.109075945,-0.787238635,3.706482207,-0.636521596,-3.145955977,0.949284563,1756822687,0.435340691
7.092326186,-0.334995164,2.158325985,-0.494800843,-2.530203834,1.018923235,1756822687,0.467276898
6.996613282,-0.162711937,1.079162993,-0.415388345,-1.926668944,1.081231489,1756822687,0.495851383
6.69033199,0.014356936,0.547956375,-0.392175465,-1.258382356,1.155757048,1756822687,0.53002871
6.22133876,0.12921242,0.296710002,-0.388510291,-0.579100246,1.181413406,1756822687,0.541794683
5.80738045,-0.045463629,0.277567422,-0.449596815,0.095294977,1.247386834,1756822687,0.572050013
6.044269888,-0.090927259,0.504885569,-0.223576677,0.896750187,1.073901071,1756822687,0.492489663
4.749752861,0.70827549,0.062213388,-0.268780705,1.403768317,1.093448811,1756822687,0.501454232
3.852444386,0.725025248,0.36849468,-0.408057962,1.800830722,0.985936529,1756822687,0.452149236
3.407379382,0.526420972,0.964307508,-0.289550123,2.190562779,0.87109383,1756822687,0.399482521
2.916850749,0.36849468,1.593619852,-0.1282817,2.516764729,0.719599251,1756822687,0.3300073
2.586641231,0.11006984,2.395215423,0.215024564,2.724459067,0.499687747,1756822687,0.229156164
2.194218324,-0.143569356,3.421736318,0.634078152,2.781880277,0.299323967,1756822687,0.13726959
2.191825502,-0.236889437,5.094319315,1.11055302,2.759889233,0.22968533,1756822687,0.1053334
2.380858487,0.181854518,8.197810228,1.523497922,2.561968687,-0.017104227,1756822687,-0.007843977
2.596212521,1.433300737,12.95474156,1.795943835,2.236988467,0.028099801,1756822687,0.012886533
2.385644132,3.464807125,18.21416563,1.720196476,1.7898352,0.035430184,1756822687,0.016248237
1.950150419,4.515256246,18.96790475,1.309695088,1.34023835,-0.028099801,1756822687,-0.012886533
3.223132042,4.737788748,18.20220152,0.950506293,0.800233427,0.10384709,1756822687,0.047624143
5.670989562,4.405186407,17.7978145,0.657290996,0.074525559,0.324980324,1756822687,0.149035563
6.64486836,3.297309543,17.94856232,0.437379493,-0.442266432,0.742812147,1756822687,0.340652704
6.020341662,1.921436548,18.76451483,0.091629786,-0.362853969,0.748920782,1756822687,0.343454117
6.52522723,0.71784678,18.85544209,-0.197920337,-0.043982297,0.682947354,1756822687,0.313198787
6.680760699,-0.813559684,17.6925303,-0.466701042,0.291993584,0.615752143,1756822687,0.282383148
6.407978923,-2.543570424,16.35972812,-0.609643508,0.689055989,0.533896218,1756822687,0.244844125
5.860022547,-3.972085516,14.90489198,-0.768468452,1.132544134,0.466701042,1756822687,0.214028503
4.926821733,-4.965106895,13.1389889,-0.896750187,1.593136524,0.409279727,1756822687,0.187695161
3.89312237,-5.08953367,11.18644566,-0.952949737,1.974316502,0.41783184,1756822687,0.19161715
2.543570424,-4.467399794,9.45164927,-0.886976326,2.268753582,0.41661011,1756822687,0.191056866
1.220339526,-3.266202849,7.953742322,-0.758694643,2.420248039,0.386066848,1756822687,0.177049765
0.107677017,-2.069791549,6.654439651,-0.574213359,2.461786962,0.320093385,1756822687,0.146794419
-0.701097022,-0.909272588,5.491527867,-0.35796703,2.328618253,0.317649941,1756822687,0.145673858
-1.318445253,-0.17467605,4.512863424,-0.218689755,2.050063722,0.215024564,1756822687,0.098609991
-1.746760498,0.404387019,3.682553981,-0.207694181,1.740965929,0.272445896,1756822687,0.124943341
-2.005185339,0.859023313,3.067598573,-0.171042267,1.401324874,0.28221974,1756822687,0.129425613
-2.232503486,1.115055332,2.426322116,-0.213802833,1.076344515,0.28221974,1756822687,0.129425613
-2.400001068,1.25144622,1.639083481,-0.147829388,0.801455158,0.344527994,1756822687,0.158000099
-2.452643165,1.26101751,0.626919521,-0.059864793,0.587652324,0.317649941,1756822687,0.145673858
-2.493321149,1.253839042,-0.196211453,0.069638637,0.395840674,0.412944901,1756822687,0.189376006
-2.14396905,1.418943802,-0.46899323,0.208915911,0.172263997,0.366519143,1756822687,0.168085212
-1.68454711,1.359123237,0.430708068,0.2565634,-0.046425758,0.361632204,1756822687,0.165844068
-1.25144622,1.720439449,2.600998166,0.329867229,-0.211359372,0.419053553,1756822687,0.192177426
-0.835095087,2.359323084,5.795416337,0.356745317,-0.351858377,0.299323967,1756822687,0.13726959
-0.526420972,2.924029217,8.839086684,0.355523586,-0.356745317,0.324980324,1756822687,0.149035563
-0.586241537,3.448057367,11.36830017,0.455705485,-0.241902634,0.243124365,1756822687,0.111496524
-0.746560651,3.866801322,13.85444285,0.460592372,-0.095294977,0.234572251,1756822687,0.107574535
-0.923629524,3.857230031,15.53659714,0.516792009,0.142942466,0.262672052,1756822687,0.120461068
-0.930807991,3.031706234,16.21376594,0.58398715,0.386066848,0.193033415,1756822687,0.088524878
-0.959521863,1.284945736,15.69452343,0.774577139,0.514348513,0.316428176,1756822687,0.145113558
-1.552941867,-0.921236701,15.93859134,1.213178398,0.494800843,0.237015712,1756822687,0.108695104
-1.737189208,-2.727817764,17.00579022,1.576032367,0.366519143,0.118507856,1756822687,0.054347552
-1.615155255,-2.974278492,19.19283007,1.671327327,0.210137642,0.090408055,1756822687,0.041461019
-1.442872028,-2.723032119,21.64786606,1.560149801,-0.053756141,0.067195176,1756822687,0.030815622
-1.249053397,-2.545963246,22.04746744,1.324355784,-0.525344105,0.087964594,1756822688,0.040340451
-1.234696462,-1.66540453,21.07837428,0.954171467,-1.222952207,-0.02565634,1756822688,-0.011765965
-0.169890405,-2.505285262,19.86760605,0.412944901,-2.01952046,-0.114842665,1756822688,-0.0526667
0.823130974,-3.12024067,18.14238095,-0.054977871,-2.752558885,-0.123394778,1756822688,-0.056588688
2.311466632,-2.624926392,15.77348658,-0.367740873,-3.461162405,-0.056199602,1756822688,-0.025773066
4.120440517,-2.823530668,13.46201995,-0.599869646,-4.168544316,-0.063529985,1756822688,-0.02913477
5.027320283,-2.194218324,10.66481033,-0.706160198,-4.604701939,0.064751715,1756822688,0.029695054
5.690132143,-1.227517994,8.075776275,-0.645073674,-4.763527005,0.25534167,1756822688,0.117099365
5.936592871,-0.066999033,5.426921657,-0.535117949,-4.657236506,0.552222158,1756822688,0.253248378
6.479763601,0.674775973,3.625126239,-0.498466017,-4.388455906,0.65973444,1756822688,0.302553374
6.518048762,1.299302672,2.20857526,-0.454483755,-3.795916677,0.899193631,1756822688,0.412369054
7.104290299,0.983450089,1.438086383,-0.386066848,-3.24369452,0.886976326,1756822688,0.406766213
7.128218525,0.748953474,0.8470592,-0.390953752,-2.613281419,0.935845527,1756822688,0.429177567
7.161718042,0.583848714,0.311066938,-0.28099801,-1.877799672,0.954171467,1756822688,0.437581819
6.845865459,0.725025248,-0.246460728,-0.200363798,-1.141096213,0.955393267,1756822688,0.438142135
6.190232066,1.060020412,-0.713061135,-0.207694181,-0.412944901,0.993266877,1756822688,0.455510924
5.247459962,1.452443318,-0.801595571,-0.284663184,0.387288578,0.976162651,1756822688,0.447666948
4.472185439,1.586441384,-0.576670247,-0.326202055,1.126435517,0.923628205,1756822688,0.423574718
3.689732449,1.631905013,-0.200997098,-0.346971438,1.832595715,0.789237905,1756822688,0.361943498
2.983849782,1.390229931,0.315852583,-0.241902634,2.40436549,0.647517118,1756822688,0.296950525
2.459821633,1.026520895,1.071984525,-0.073303829,2.857627514,0.422718727,1756822688,0.19385827
2.086541307,0.701097022,2.151147517,0.326202055,3.123964915,0.200363798,1756822688,0.091886583
2.029113565,0.725025248,4.237688825,0.786794462,3.285233181,0.053756141,1756822688,0.024652498
2.124826469,1.49072848,8.738588135,1.196074119,3.336545896,-0.133168622,1756822688,-0.06107096
2.045863323,3.132204783,16.21376594,1.37811196,3.295006973,-0.210137642,1756822688,-0.096368855
1.387837108,4.802394958,20.14517347,1.141096213,3.214372848,-0.304210889,1756822688,-0.139510726
0.46899323,5.08953367,18.87937031,0.869872099,2.884505725,-0.355523586,1756822688,-0.163042664
0.562313311,5.151747058,18.21655845,0.60353489,2.306627209,-0.294437062,1756822688,-0.135028462
2.045863323,4.553541408,16.66361659,0.586430594,1.222952207,-0.004886922,1756822688,-0.002241136
2.979064137,3.273381317,17.45803369,0.630412908,0.113620934,0.373849526,1756822688,0.171446916
2.179861389,1.529013641,20.12124524,0.421497014,-0.201585529,0.395840674,1756822688,0.181532029
2.837887604,0.669990328,21.02812501,0.20402899,-0.108734012,0.268780705,1756822688,0.123262489
3.83808745,-0.435493713,20.13081653,0.023212879,-0.02687807,0.174707458,1756822688,0.080120618
4.374079713,-1.926222193,18.66880193,-0.163711884,-0.030543262,0.237015712,1756822688,0.108695104
4.560719876,-3.34995164,16.94118401,-0.398284135,-0.140499005,0.276111088,1756822688,0.126624193
4.357329955,-4.503292133,14.85224988,-0.669508319,-0.169820536,0.395840674,1756822688,0.181532029
4.024727613,-5.07996238,12.93320615,-0.819781167,-0.059864793,0.458148929,1756822688,0.210106515
3.352344463,-4.804787781,11.07637582,-0.930958623,0.1282817,0.509461626,1756822688,0.233638453
2.749353167,-4.168296969,9.449256447,-0.945619389,0.35796703,0.491135634,1756822688,0.225234176
2.019542274,-3.23031051,7.798208853,-0.873537273,0.5131268,0.393397231,1756822688,0.180411469
1.227517994,-2.275574293,6.235695696,-0.823446341,0.662177901,0.356745317,1756822688,0.163602948
0.658026215,-1.342373479,4.771288264,-0.673173492,0.725707938,0.266337244,1756822688,0.122141921
0.265603309,-0.768096055,3.570091319,-0.609643508,0.745255608,0.212581103,1756822688,0.097489423
-0.088534436,-0.41395831,2.612962279,-0.570548115,0.731816555,0.223576677,1756822688,0.102531979
-0.313459761,-0.157926292,1.947757596,-0.514348513,0.686612528,0.186924763,1756822688,0.085723458
-0.519242504,-0.076570323,1.08634146,-0.516792009,0.70005158,0.169820536,1756822688,0.077879481
-0.768096055,0.028713871,0.031106694,-0.394618961,0.676838666,0.183259571,1756822688,0.084042606
-0.870987426,0.191425808,-0.806381216,-0.302989176,0.643851944,0.157603231,1756822688,0.072276641
-0.813559684,0.320638228,-1.064806057,-0.134390352,0.599869646,0.223576677,1756822688,0.102531979
-0.648454925,0.471386052,-0.366101858,0.036651914,0.529009279,0.186924763,1756822688,0.085723458
-0.299102825,0.586241537,1.385444285,0.207694181,0.519235452,0.240680904,1756822688,0.110375956
-0.033499516,1.014556782,4.118047695,0.403171057,0.552222158,0.215024564,1756822688,0.098609991
0.332602341,1.471585899,7.412964415,0.510683339,0.604756621,0.188146493,1756822688,0.086283742
0.390030084,1.966900177,10.67677444,0.65973444,0.735481729,0.15271631,1756822688,0.070035505
0.050249275,2.64167615,13.87837108,0.770911896,0.917519588,0.157603231,1756822688,0.072276641
-0.492921456,3.196810994,16.44826255,0.7550294,1.095892255,0.186924763,1756822688,0.085723458
-1.105484041,3.426521963,17.02014715,0.846659185,1.274264922,0.138055544,1756822688,0.063312097
-1.569691626,3.026920589,16.87418498,0.788016192,1.376890229,0.138055544,1756822688,0.063312097
-2.323430745,1.488335657,16.50569029,0.923628205,1.26326926,0.161268423,1756822688,0.073957493
-3.158525832,-0.567098956,17.09432465,1.126435517,0.984714729,0.092851516,1756822688,0.042581587
-3.507877932,-1.962114532,18.42473402,1.236391172,0.689055989,0.07574729,1756822688,0.034737611
-3.153740187,-2.304288164,20.79841404,1.209513224,0.304210889,0.12950343,1756822688,0.059390108
-2.361715906,-1.667797352,22.0115751,1.127657247,-0.307876063,0.197920337,1756822688,0.090766014
-2.835494781,-2.285145583,21.64308042,0.81489421,-0.940732502,0.295658793,1756822688,0.135588746
-3.2398818,-2.868994297,19.79821419,0.442266432,-1.749518007,0.012217305,1756822688,0.005602841
-0.586241537,-3.371487043,17.39103466,-0.039095375,-2.724459067,-0.232128791,1756822688,-0.106453968
1.253839042,-3.345165995,15.05803262,-0.353080108,-3.519805468,-0.321315115,1756822688,-0.147354702
3.091526799,-3.007778008,12.6101751,-0.553443888,-4.17343122,-0.216246294,1756822688,-0.099170275
4.3621156,-2.237289131,9.93021379,-0.570548115,-4.645019533,-0.02443461,1756822688,-0.011205681
5.103890606,-1.016949605,7.221538607,-0.520457183,-4.921130202,0.196698607,1756822688,0.090205731
5.505884803,-0.014356936,4.938785846,-0.49357913,-4.921130202,0.48747046,1756822688,0.223553332
5.860022547,0.674775973,3.337987527,-0.420275284,-4.680449682,0.657290996,1756822688,0.301432813
6.118447388,0.949950572,2.029113565,-0.353080108,-4.239404648,0.819781167,1756822688,0.375950599
6.436692794,0.868594604,1.191625655,-0.244346095,-3.659082672,0.855211333,1756822688,0.392198828
6.604190376,0.71784678,0.519242504,-0.116064395,-3.023782929,0.836885394,1756822688,0.383794576
6.510870295,0.914058233,-0.177068872,-0.131946891,-2.33472701,0.807563845,1756822688,0.370347751
6.106483275,1.189232832,-0.744167829,-0.122173048,-1.621236325,0.770911896,1756822688,0.353539213
5.611168997,1.526620819,-1.060020412,-0.2565634,-0.835663663,0.7550294,1756822688,0.346255521
5.067998267,1.734796385,-0.926022346,-0.399505848,-0.00122173,0.722042694,1756822688,0.33112786
4.405186407,1.581655739,-0.435493713,-0.458148929,0.834441933,0.560774306,1756822688,0.257170382
3.869194144,1.069591702,0.208175566,-0.412944901,1.638340621,0.425162223,1756822688,0.194978854
3.505485109,0.555134843,0.978664443,-0.206472451,2.273640486,0.144164196,1756822688,0.066113517
3.223132042,0.057427742,2.029113565,0.161268423,2.711019962,-0.080634211,1756822688,-0.036978746
3.400200915,-0.23928226,4.015156323,0.667064858,3.03233513,-0.28221974,1756822688,-0.129425613
3.943371645,0.148355001,8.346165229,1.262047547,3.132516872,-0.454483755,1756822688,-0.208425671
4.414757697,1.720439449,15.31645746,1.620014612,3.105638906,-0.460592372,1756822688,-0.211227075
3.876372612,3.823730515,20.4131696,1.500285008,3.111747401,-0.565661211,1756822688,-0.259411511
3.10109809,4.917250443,20.07099597,1.098335698,2.927266239,-0.619417386,1756822688,-0.284064024
3.132204783,4.766502619,19.60678838,0.64018677,2.439795639,-0.5131268,1756822688,-0.235319297
3.933800354,3.713660675,17.43649829,0.450818546,1.536936904,-0.486248747,1756822688,-0.222993056
4.424328987,2.849851717,18.55394644,0.488692191,0.607200064,-0.329867229,1756822688,-0.151276691
3.909872128,2.213360905,20.56870307,0.399505848,0.41783184,0.200363798,1756822688,0.091886583
4.06779842,1.014556782,21.16690872,0.009773844,0.393397231,0.249233017,1756822688,0.114297944
4.388436648,-0.524028149,19.38425588,-0.271224166,0.343306264,0.184481302,1756822688,0.08460289
4.649254312,-2.27318147,17.52981837,-0.477696634,0.212581103,0.265115513,1756822688,0.121581637
4.560719876,-3.806980757,15.54616843,-0.758694643,0.089186325,0.313984732,1756822688,0.143992998
4.103690759,-4.89571504,13.34477164,-0.933402084,0.10140363,0.350636647,1756822688,0.16080152
3.426521963,-5.280959478,11.18166001,-1.088561837,0.219911486,0.405614518,1756822688,0.186014301
2.715853651,-4.66600407,9.169296203,-1.098335698,0.387288578,0.311541271,1756822688,0.14287243
2.151147517,-3.986442452,7.381857721,-1.040914348,0.571769828,0.366519143,1756822688,0.168085212
1.143769203,-3.259024381,5.718846014,-0.951728024,0.733038286,0.22968533,1756822688,0.1053334
0.483350165,-2.404786713,4.223331889,-0.803898671,0.844215742,-0.063529985,1756822688,-0.02913477
0.205782744,-1.667797352,3.086741154,-0.629191178,0.902858822,-0.124616509,1756822688,-0.057148972
-0.059820565,-1.050449121,2.423929294,-0.491135634,0.926071719,-0.202807259,1756822688,-0.093007151
-0.265603309,-0.60777694,1.696511223,-0.415388345,0.902858822,-0.212581103,1756822688,-0.097489423
-0.425922423,-0.291924357,0.921236701,-0.350636647,0.842994011,-0.213802833,1756822688,-0.098049707
-0.650847747,-0.043070807,0,-0.210137642,0.823446341,-0.162490153,1756822688,-0.074517777
-0.849452023,0.373280326,-0.870987426,-0.149051118,0.784350948,-0.184481302,1756822688,-0.08460289
-0.818345329,0.744167829,-1.304088317,-0.05131268,0.731816555,-0.151494579,1756822688,-0.069475221
-0.693918554,1.06719888,-0.720239603,0.056199602,0.636521596,-0.140499005,1756822688,-0.064432665
-0.287138712,1.071984525,1.045663476,0.100181899,0.577878533,-0.138055544,1756822688,-0.063312097
0.141176533,1.363908882,3.981656806,0.20525072,0.642630231,-0.053756141,1756822688,-0.024652498
0.54317073,1.756331788,7.460820867,0.447153372,0.68050391,-0.221133216,1756822688,-0.101411411
0.631705166,2.239681954,10.76291605,0.56443948,0.846659185,-0.096516708,1756822688,-0.044262439
0.507278391,3.201596639,14.4311131,0.725707938,1.044579522,-0.085521133,1756822688,-0.039219883
0.021535403,3.924229064,18.14238095,0.722042694,1.313360262,0.004886922,1756822688,0.002241136
-0.693918554,4.086941001,18.54437515,0.682947354,1.544267375,-0.036651914,1756822688,-0.016808521
-1.055234767,3.500699464,17.54896095,0.62308256,1.556484627,-0.140499005,1756822688,-0.064432665
-2.165504453,1.605583965,16.83111417,0.758694643,1.439198484,0.028099801,1756822688,0.012886533
-3.019742121,-1.033699363,17.53460401,1.141096213,1.185078597,-0.120951317,1756822688,-0.05546812
-2.749353167,-1.945364774,19.22154395,1.354899046,0.790459636,-0.040317106,1756822688,-0.018489373
-3.206382284,-2.342573325,22.29392816,1.318247167,0.362853969,-0.008552113,1756822688,-0.003921988
-3.223132042,-2.237289131,22.96870414,1.114218194,-0.227241869,-0.040317106,1756822688,-0.018489373
-2.866601475,-2.065005904,21.47558284,0.752585956,-1.061683819,-0.056199602,1756822688,-0.025773066
-2.100898243,-2.244467599,19.10908128,0.337197611,-1.997529277,-0.138055544,1756822688,-0.063312097
-0.66281186,-2.50289244,16.6229386,-0.131946891,-2.92848783,-0.252898209,1756822689,-0.115978796
1.1964113,-2.830709136,14.44547004,-0.514348513,-3.813020834,-0.408057962,1756822689,-0.187134862
2.543570424,-2.09850542,11.70808098,-0.714712346,-4.486194466,-0.320093385,1756822689,-0.146794419
4.163511324,-1.801795418,9.111868461,-0.781907487,-4.926017106,-0.243124365,1756822689,-0.111496524
4.938785846,-0.849452023,6.654439651,-0.748920782,-5.16792002,-0.112399204,1756822689,-0.051546132
5.465206818,0.270388954,4.364508422,-0.696386406,-5.121494192,0.144164196,1756822689,0.066113517
5.903093354,0.95712904,2.809173732,-0.62186083,-4.818504772,0.294437062,1756822689,0.135028462
6.34097989,1.165304606,1.737189208,-0.555887367,-4.291939233,0.450818546,1756822689,0.206744811
6.731009974,0.973878798,1.007378315,-0.483805251,-3.667634873,0.508239896,1756822689,0.233078169
6.970292234,0.602991295,0.354137745,-0.415388345,-2.990796224,0.491135634,1756822689,0.225234176
6.922435782,0.492921456,-0.287138712,-0.423940493,-2.2883012,0.542448332,1756822689,0.248766114
6.608976021,0.583848714,-0.906879765,-0.394618961,-1.528384826,0.483805251,1756822689,0.221872472
5.979663677,0.887737185,-1.359123237,-0.478918364,-0.763581548,0.516792009,1756822689,0.237000157
5.283352301,1.057627589,-1.399801221,-0.530231009,0.029321531,0.474031425,1756822689,0.217390208
4.532006004,1.004985492,-1.129412267,-0.607200064,0.850324429,0.431270841,1756822689,0.197780258
3.885943902,0.686740086,-0.619741053,-0.612086969,1.611462533,0.30665435,1756822689,0.140631294
3.251845913,0.122033953,0.133998066,-0.438601224,2.21133211,0.063529985,1756822689,0.02913477
2.878565588,-0.535992262,0.945164927,-0.155159771,2.719572163,-0.190589954,1756822689,-0.08740431
2.723032119,-1.150947671,2.340180503,0.335975881,3.075095644,-0.441044702,1756822689,-0.202262538
3.132204783,-1.347159124,4.943571492,0.926071719,3.235142319,-0.643851944,1756822689,-0.295269681
3.905086483,-0.624526699,10.02353387,1.545489105,3.203377187,-0.723264425,1756822689,-0.331688144
4.304687857,1.517049528,17.87917047,1.810604531,3.178942682,-0.764803278,1756822689,-0.350737809
3.627519062,3.503092286,21.37508429,1.463633128,3.073873791,-0.817337724,1756822689,-0.374830039
3.084348331,4.37168689,20.38445573,1.022588409,2.809980096,-0.747699052,1756822689,-0.342893833
3.366701398,4.206582131,20.22652944,0.615752143,2.23821032,-0.520457183,1756822689,-0.238681001
4.467399794,3.086741154,17.48914038,0.431270841,1.284038731,-0.447153372,1756822689,-0.205063967
3.974478339,1.921436548,18.68794451,0.544891775,0.632856352,-0.147829388,1756822689,-0.067794369
3.440878899,0.11964113,21.35594171,0.20525072,0.538783158,-0.041538836,1756822689,-0.019049657
4.086941001,-1.679761465,21.60479526,-0.02565634,0.463035868,-0.020769418,1756822689,-0.009524829
4.287938099,-3.483949706,20.05185339,-0.217468025,0.294437062,0.019547688,1756822689,0.008964545
4.084548178,-5.003392057,18.17588047,-0.395840674,0.164933614,0.089186325,1756822689,0.040900735
3.842873096,-5.446064238,15.64188134,-0.592539299,0.081855942,0.180816111,1756822689,0.082922038
3.426521963,-5.508277625,13.44527019,-0.77579887,0.087964594,0.279776297,1756822689,0.128305053
2.75174599,-4.845465765,11.22951646,-0.918741301,0.210137642,0.387288578,1756822689,0.177610049
1.502692593,-4.244867292,9.348757898,-0.943175945,0.28221974,0.196698607,1756822689,0.090205731
1.170090251,-2.75174599,7.470392157,-0.929736893,0.367740873,0.028099801,1756822689,0.012886533
0.823130974,-1.505085415,5.974878032,-0.801455158,0.387288578,-0.086742864,1756822689,-0.039780167
0.425922423,-0.658026215,4.867001168,-0.761138104,0.397062405,-0.1282817,1756822689,-0.058829824
0.124426775,-0.136390888,3.704089385,-0.681725623,0.360410491,-0.197920337,1756822689,-0.090766014
-0.078963146,0.189032985,2.586641231,-0.60231309,0.344527994,-0.213802833,1756822689,-0.098049707
-0.232103792,0.411565487,1.550549045,-0.560774306,0.294437062,-0.200363798,1756822689,-0.091886583
-0.437886536,0.619741053,0.473778875,-0.460592372,0.327423768,-0.206472451,1756822689,-0.094688003
-0.669990328,0.844666378,-0.593420005,-0.392175465,0.349414916,-0.183259571,1756822689,-0.084042606
-0.792024281,1.194018477,-1.622333723,-0.310319558,0.38362337,-0.171042267,1756822689,-0.078439766
-0.66281186,1.579262916,-2.057827436,-0.202807259,0.350636647,-0.206472451,1756822689,-0.094688003
-0.313459761,1.969293,-1.203589768,-0.167377075,0.263893783,-0.239459173,1756822689,-0.109815672
0.227318147,2.069791549,0.940379282,-0.059864793,0.262672052,-0.208915911,1756822689,-0.095808571
0.732203716,2.26361018,4.302295035,0.05009095,0.298102236,-0.213802833,1756822689,-0.098049707
1.004985492,2.734996232,7.891528935,0.184481302,0.472809694,-0.206472451,1756822689,-0.094688003
1.31605243,3.318844946,11.05244759,0.422718727,0.62308256,-0.196698607,1756822689,-0.090205731
1.237089284,4.280759631,14.526826,0.54611354,0.875980734,-0.112399204,1756822689,-0.051546132
0.792024281,4.871786814,17.76192216,0.667064858,1.246165121,0.113620934,1756822689,0.052106416
0.296710002,4.572683989,18.15434507,0.714712346,1.556484627,0.136833813,1756822689,0.062751812
-0.327816696,2.799602442,17.36949925,0.785572661,1.674992501,0.279776297,1756822689,0.128305053
-1.615155255,0.557527666,17.97009773,1.087340107,1.622458055,0.158824962,1756822689,0.072836925
-2.222932195,-1.5457634,18.78126459,1.453859319,1.420872614,0.034208453,1756822689,0.015687953
-3.397808092,-3.407379382,20.20020839,1.624901499,1.042136079,-0.004886922,1756822689,-0.002241136
-2.780459861,-3.464807125,22.92324051,1.483180851,0.614530412,-0.106290551,1756822689,-0.048744711
-2.809173732,-3.254238736,22.95913285,1.314581993,-0.106290551,-0.054977871,1756822689,-0.025212782
-2.62253357,-2.974278492,21.49233259,0.926071719,-1.177748232,-0.096516708,1756822689,-0.044262439
-1.646261949,-2.878565588,18.93440523,0.43615778,-2.338392062,-0.149051118,1756822689,-0.068354653
0,-2.921636395,16.78086489,-0.003665191,-3.386636758,-0.193033415,1756822689,-0.088524878
1.758724611,-2.524427843,14.53879012,-0.349414916,-4.21130483,-0.235793982,1756822689,-0.10813482
3.278166962,-1.789831305,11.82772211,-0.60353489,-4.828279105,-0.130725161,1756822689,-0.059950392
4.493720843,-0.866201781,8.980263218,-0.702495024,-5.221675934,-0.053756141,1756822689,-0.024652498
5.237888671,0.500099923,6.309873196,-0.722042694,-5.301088729,0.116064395,1756822689,0.053226984
5.886343596,1.287338559,4.063012775,-0.671951762,-5.136154905,0.327423768,1756822689,0.150156123
6.398407632,1.67497582,2.569891472,-0.649960648,-4.772079468,0.441044702,1756822689,0.202262538
6.963113766,1.552941867,1.373480172,-0.615752143,-4.225965805,0.537561392,1756822689,0.24652497
7.276573527,1.189232832,0.612562586,-0.566882941,-3.599218001,0.56321775,1756822689,0.258290943
7.367500785,0.954736217,-0.145962179,-0.574213359,-2.860070958,0.553443888,1756822689,0.253808662
7.221538607,0.904486943,-0.813559684,-0.560774306,-2.074498366,0.558330828,1756822689,0.256049806
6.80997312,0.997807024,-1.459621786,-0.610865238,-1.240056486,0.510683339,1756822689,0.234198729
6.163911018,1.191625655,-1.792224127,-0.714712346,-0.405614518,0.547335271,1756822689,0.251007258
5.539384319,1.095912751,-1.603191142,-0.796568253,0.455705485,0.509461626,1756822689,0.233638453
4.766502619,0.617348231,-0.993021379,-0.791681366,1.330464541,0.421497014,1756822689,0.193297994
4.103690759,-0.124426775,-0.212961211,-0.608421795,2.046398548,0.177150919,1756822689,0.081241186
3.69930374,-0.942772104,0.648454925,-0.372627795,2.605951071,-0.087964594,1756822689,-0.040340451
3.383451156,-1.667797352,1.734796385,0.105068821,3.075095644,-0.362853969,1756822689,-0.166404368
3.397808092,-2.225325018,3.522234867,0.702495024,3.341432801,-0.702495024,1756822689,-0.322163323
4.053441484,-2.361715906,6.771687958,1.365894708,3.429397535,-0.849102716,1756822689,-0.389397424
4.792823668,-1.280160091,12.11725365,1.998751007,3.373197915,-0.921184762,1756822689,-0.422454158
4.783252377,1.328016543,18.465412,2.120924055,3.215594701,-0.786794462,1756822689,-0.360822938
4.412364874,3.079562686,21.33919195,1.750739738,3.038443625,-0.778242313,1756822689,-0.356900933
4.472185439,4.118047695,21.35833453,1.288925618,2.610837958,-0.614530412,1756822689,-0.281822864
5.046462863,3.091526799,20.57827436,0.785572661,1.931555848,-0.438601224,1756822689,-0.201141963
5.618347465,3.182454058,18.35055652,0.701273293,1.132544134,-0.237015712,1756822689,-0.108695104
4.015156323,1.184447187,20.36770597,0.392175465,1.017701504,0.040317106,1756822689,0.018489373
4.30708068,-0.471386052,21.28415703,-0.065973446,1.015257991,0.063529985,1756822689,0.02913477
4.259224228,-2.574677118,20.12603089,-0.333532438,0.939510771,0.108734012,1756822689,0.049865279
3.862015676,-4.512863424,18.67119475,-0.570548115,0.8906415,0.202807259,1756822689,0.093007151
3.455235834,-5.005784879,16.39801328,-0.747699052,0.875980734,0.320093385,1756822689,0.146794419
2.620140747,-5.261816897,13.93819165,-0.955393267,0.912632683,0.530231009,1756822689,0.243163265
-0.045463629,-6.278766502,11.72961639,-1.22539565,1.047023053,0.291993584,1756822689,0.133907886
0.193818631,-4.809573426,9.164510558,-1.209513224,1.095892255,0.139277274,1756822689,0.06387238
-0.315852583,-3.354737285,7.360322318,-1.091005281,1.104444333,-0.004886922,1756822689,-0.002241136
-0.751346296,-2.100898243,6.089733517,-0.882089421,1.004262469,-0.095294977,1756822689,-0.043702155
-1.048056299,-1.071984525,4.993820766,-0.761138104,0.81489421,-0.184481302,1756822689,-0.08460289
-1.323230898,-0.390030084,3.938586,-0.682947354,0.570548115,-0.243124365,1756822689,-0.111496524
-1.418943802,-0.086141614,2.962314379,-0.609643508,0.346971438,-0.284663184,1756822689,-0.130546174
-1.493121302,0.165104759,1.940579129,-0.530231009,0.146607657,-0.266337244,1756822689,-0.122141921
-1.433300737,0.433100891,1.091127106,-0.460592372,-0.029321531,-0.239459173,1756822689,-0.109815672
-1.440479205,0.741775006,0.282353067,-0.386066848,-0.1282817,-0.245567826,1756822689,-0.112617092
-1.359123237,1.060020412,-0.672383151,-0.293215297,-0.211359372,-0.190589954,1756822689,-0.08740431
-1.313659607,1.512263883,-1.476371544,-0.196698607,-0.293215297,-0.206472451,1756822689,-0.094688003
-0.873380249,1.875972918,-1.301695494,-0.131946891,-0.394618961,-0.191811685,1756822689,-0.087964594
-0.378065971,2.050648968,0.208175566,-0.028099801,-0.467922755,-0.183259571,1756822689,-0.084042606
0.263210486,2.292324051,2.821137845,0.089186325,-0.510683339,-0.197920337,1756822689,-0.090766014
0.763310409,2.825923491,6.269195212,0.213802833,-0.458148929,-0.151494579,1756822689,-0.069475221
1.024128073,3.450450189,9.394221528,0.405614518,-0.310319558,-0.196698607,1756822689,-0.090205731
1.182054364,4.189832373,12.33260768,0.554665654,-0.013439035,-0.07696902,1756822689,-0.035297895
0.746560651,4.529613182,15.91227029,0.662177901,0.333532438,-0.02687807,1756822689,-0.012326249
0.466600407,4.893322217,17.83849248,0.662177901,0.762359817,-0.00122173,1756822689,-0.000560284
0.665204683,4.539184472,17.52742555,0.77579887,1.058018575,0.020769418,1756822689,0.009524829
-0.181854518,2.517249375,17.03689691,1.028697044,1.165530857,0.142942466,1756822689,0.065553233
-1.433300737,0.392422906,17.7978145,1.312138532,1.097113985,0.05131268,1756822689,0.02353193
-1.919043725,-1.529013641,18.42473402,1.540602078,0.846659185,-0.106290551,1756822689,-0.048744711
-1.78504566,-2.017149452,21.00658961,1.452637589,0.448375102,-0.080634211,1756822689,-0.036978746
-1.928615016,-2.187039856,22.5619243,1.264490991,-0.004886922,0.004886922,1756822689,0.002241136
-2.002792516,-2.660818731,21.59522397,0.965167059,-0.777020583,-0.020769418,1756822689,-0.009524829
-2.335394858,-3.543770271,19.47518314,0.497244304,-1.73241385,-0.10262536,1756822689,-0.047063859
-0.710668312,-3.761517127,17.25942941,0.030543262,-2.724459067,-0.226020138,1756822689,-0.103652547
1.103091219,-4.065405597,15.24467278,-0.384845083,-3.714060701,-0.193033415,1756822689,-0.088524878
2.754138813,-3.885943902,12.92363486,-0.685390797,-4.487415778,-0.15393804,1756822689,-0.070595789
4.158725679,-2.967100024,10.24367355,-0.764803278,-5.04452512,-0.046425758,1756822689,-0.021290793
4.821537539,-2.160718808,7.652246675,-0.752585956,-5.346292687,0.12950343,1756822690,0.059390108
5.663811094,-1.213161058,5.324030285,-0.652404092,-5.418374872,0.245567826,1756822690,0.112617092
6.22133876,-0.380458793,3.548555916,-0.605978334,-5.215567177,0.422718727,1756822690,0.19385827
6.778866426,0.311066938,2.187039856,-0.51190507,-4.772079468,0.540004888,1756822690,0.247645554
7.278966349,0.380458793,1.337587833,-0.421497014,-4.184426882,0.653625822,1756822690,0.299751969
7.558926593,0.279960244,0.713061135,-0.408057962,-3.481931858,0.692721163,1756822690,0.317681043
7.609175868,0.299102825,0.114855485,-0.362853969,-2.663372543,0.676838666,1756822690,0.31039735
7.463213689,0.449850649,-0.514456859,-0.432492606,-1.850921724,0.745255608,1756822690,0.341773272
6.920042959,0.715453957,-1.110269686,-0.494800843,-1.028697044,0.689055989,1756822690,0.316000199
6.209374647,1.002592669,-1.433300737,-0.590095838,-0.17837265,0.704938467,1756822690,0.323283883
5.474778109,1.026520895,-1.342373479,-0.692721163,0.673173492,0.630412908,1756822690,0.289106557
4.689932296,0.593420005,-0.878165894,-0.646295405,1.434311579,0.555887367,1756822690,0.254929238
4.13240463,0.059820565,-0.181854518,-0.527787566,2.102598167,0.315206445,1756822690,0.144553274
3.720839143,-0.617348231,0.480957343,-0.262672052,2.631607429,0.141720735,1756822690,0.064992949
3.419343495,-1.304088317,1.430907915,0.188146493,2.989574354,-0.200363798,1756822690,-0.091886583
3.412165028,-1.828116466,3.031706234,0.761138104,3.222925067,-0.41783184,1756822690,-0.19161715
3.988835274,-2.084148485,5.883950773,1.450194006,3.246137963,-0.632856352,1756822690,-0.290227117
4.72103899,-1.268195978,10.97587727,2.074498366,3.109303958,-0.649960648,1756822690,-0.298071125
5.060819799,0.842273555,17.73081547,2.323731349,2.884505725,-0.630412908,1756822690,-0.289106557
4.902893507,3.273381317,22.34896308,1.98164685,2.662150691,-0.588874125,1756822690,-0.270056924
4.890929394,4.304687857,22.05943155,1.407433491,2.279748982,-0.461814103,1756822690,-0.211787359
5.771488111,3.476771238,20.31984952,0.889419769,1.557706357,-0.401949344,1756822690,-0.184333457
7.006184573,3.227917687,18.51566128,0.712268885,0.586430594,-0.227241869,1756822690,-0.104212832
6.58026215,2.603390989,19.17847314,0.481361808,0.449596815,0.042760567,1756822690,0.019609942
6.266802389,0.684347264,20.57827436,-0.040317106,0.519235452,0.186924763,1756822690,0.085723458
6.422335858,-1.526620819,19.4703975,-0.414166631,0.554665654,0.221133216,1756822690,0.101411411
5.809773273,-3.378665511,17.86720635,-0.648738848,0.725707938,0.260228591,1756822690,0.1193405
5.070391089,-4.563112698,16.14198126,-0.916297857,0.981049555,0.243124365,1756822690,0.111496524
4.173082614,-5.01535617,14.0291189,-1.055575132,1.258382356,0.324980324,1756822690,0.149035563
3.180061235,-4.61096915,11.72243792,-1.111774751,1.485624312,0.301767445,1756822690,0.138390166
2.100898243,-3.615554949,9.480363141,-1.058018575,1.632231864,0.311541271,1756822690,0.14287243
0.818345329,-2.88095841,7.88674329,-0.949284563,1.718974745,0.219911486,1756822690,0.100851127
0.122033953,-1.497906948,6.39601481,-0.784350948,1.651779587,0.10384709,1756822690,0.047624143
-0.47856452,-0.524028149,5.285745123,-0.64018677,1.518611017,0.080634211,1756822690,0.036978746
-1.028913718,0.093320081,4.268795518,-0.526565835,1.28159527,-0.030543262,1756822690,-0.014007101
-1.301695494,0.4235296,3.385843979,-0.533896218,1.056796845,-0.014660766,1756822690,-0.006723409
-1.493121302,0.574277424,2.562713005,-0.471587964,0.83199842,-0.031764992,1756822690,-0.014567385
-1.6199409,0.842273555,1.801795418,-0.461814103,0.642630231,-0.020769418,1756822690,-0.009524829
-1.677368643,0.851844846,0.880558717,-0.371406082,0.505796417,-0.002443461,1756822690,-0.001120568
-1.770688724,0.976271621,-0.3493521,-0.266337244,0.389732022,0.041538836,1756822690,0.019049657
-1.734796385,1.373480172,-1.296909849,-0.213802833,0.276111088,0.05131268,1756822690,0.02353193
-1.38065864,1.710868159,-1.328016543,-0.118507856,0.147829388,0.030543262,1756822690,0.014007101
-0.916451056,1.986042758,-0.193818631,-0.065973446,0.015882496,0.085521133,1756822690,0.039219883
-0.265603309,2.084148485,2.237289131,0.030543262,-0.07574729,0.083077672,1756822690,0.038099315
0.205782744,2.455035988,5.26420972,0.196698607,-0.206472451,0.083077672,1756822690,0.038099315
0.332602341,3.235096155,8.532805392,0.312763002,-0.072082098,0.131946891,1756822690,0.060510676
0.263210486,4.130011808,11.59561832,0.438601224,0.144164196,0.100181899,1756822690,0.045943291
-0.301495648,4.957928427,14.79960778,0.461814103,0.422718727,0.173485728,1756822690,0.079560334
-0.267996131,5.458028351,17.31924998,0.533896218,0.805120401,0.245567826,1756822690,0.112617092
-0.394815729,4.615754795,17.68535184,0.537561392,1.017701504,0.28099801,1756822690,0.128865329
-0.923629524,2.467000101,16.98664764,0.670730032,1.083674933,0.310319558,1756822690,0.142312154
-1.887937031,-0.100498549,17.40778442,1.121548612,1.058018575,0.141720735,1756822690,0.064992949
-2.160718808,-1.808973886,17.81695708,1.583362715,0.889419769,0.046425758,1756822690,0.021290793
-2.081755662,-2.811566555,19.78625008,1.775174365,0.515570278,0.122173048,1756822690,0.056028404
-2.679961312,-2.397608245,22.3082851,1.585806176,0.180816111,0.200363798,1756822690,0.091886583
-3.361915753,-3.062812928,22.43989034,1.170417761,-0.368962586,0.00122173,1756822690,0.000560284
-2.426322116,-2.907279459,20.63091646,0.772133696,-1.279151826,-0.194255146,1756822690,-0.089085162
-1.318445253,-3.089133977,18.38166321,0.326202055,-2.2883012,-0.277332818,1756822690,-0.127184477
0.363709035,-3.144168896,16.12044586,-0.10140363,-3.209485944,-0.284663184,1756822690,-0.130546174
2.294716873,-3.115455025,13.84726439,-0.448375102,-4.083023287,-0.262672052,1756822690,-0.120461068
3.668197046,-2.677568489,11.30369396,-0.665843145,-4.789183363,-0.138055544,1756822690,-0.063312097
4.869393991,-1.911865257,8.769694829,-0.725707938,-5.235115301,0.069638637,1756822690,0.03193619
5.556134077,-0.930807991,6.39601481,-0.731816555,-5.412266115,0.210137642,1756822690,0.096368855
6.089733517,-0.021535403,4.338187374,-0.685390797,-5.305975634,0.403171057,1756822690,0.184893733
6.544369811,0.504885569,2.818745023,-0.566882941,-4.900360749,0.527787566,1756822690,0.242042705
7.015755863,0.605384118,1.576870093,-0.5131268,-4.350582296,0.598647916,1756822690,0.274539172
7.300501753,0.516849682,0.722632425,-0.408057962,-3.700621596,0.657290996,1756822690,0.301432813
7.424928528,0.433100891,-0.028713871,-0.362853969,-2.915048986,0.664621414,1756822690,0.304794534
7.23350272,0.535992262,-0.66281186,-0.349414916,-2.111150246,0.69882985,1756822690,0.320482479
6.833901346,0.746560651,-1.08634146,-0.376292969,-1.292590809,0.690277702,1756822690,0.316560475
6.288337793,0.988235734,-1.323230898,-0.441044702,-0.414166631,0.669508319,1756822690,0.307035662
5.704489078,0.959521863,-1.002592669,-0.498466017,0.477696634,0.608421795,1756822690,0.27902146
5.077569557,0.507278391,-0.320638228,-0.491135634,1.290147348,0.471587964,1756822690,0.21626964
4.589433747,-0.12921242,0.495314278,-0.339641055,2.059837531,0.25534167,1756822690,0.117099365
4.192225195,-0.734596538,1.438086383,-0.048869219,2.624277081,0.043982297,1756822690,0.020170225
3.823730515,-1.062413234,2.608176634,0.349414916,3.0726522,-0.228463599,1756822690,-0.104773115
3.964907048,-1.150947671,4.61096915,0.844215742,3.325550235,-0.448375102,1756822690,-0.205624251
4.476971085,-0.658026215,8.556733618,1.39888143,3.406184638,-0.548556984,1756822690,-0.251567534
4.84068012,1.016949605,14.62493173,1.720196476,3.341432801,-0.612086969,1756822690,-0.280702304
4.206582131,2.811566555,19.46321903,1.58947135,3.24491611,-0.56443948,1756822690,-0.258851226
3.706482207,3.732803256,20.42752654,1.177748232,3.068986887,-0.532674488,1756822690,-0.244283842
4.213760599,3.833301805,19.70489411,0.91018924,2.576629662,-0.373849526,1756822690,-0.171446916
4.867001168,2.368894374,18.43430531,0.691499432,1.740965929,-0.15271631,1756822690,-0.070035505
5.261816897,2.775674216,18.82912104,0.731816555,0.939510771,0.028099801,1756822690,0.012886533
3.964907048,1.395015576,21.12144509,0.431270841,0.752585956,0.317649941,1756822690,0.145673858
4.309473503,0.093320081,21.27219291,0.02687807,0.734260016,0.313984732,1756822690,0.143992998
4.369294068,-1.593619852,19.42971951,-0.257785131,0.673173492,0.35796703,1756822690,0.164163224
4.127618985,-3.158525832,17.43171264,-0.541226601,0.609643508,0.379958178,1756822690,0.174248336
3.553341561,-4.321437616,15.33799287,-0.796568253,0.620639099,0.433714319,1756822690,0.198900834
3.005385186,-4.649254312,13.19880946,-0.976162651,0.708603641,0.503352956,1756822690,0.230837024
2.292324051,-4.622933263,11.15294614,-1.064127262,0.839328837,0.588874125,1756822690,0.270056924
1.184447187,-4.027120436,9.193224429,-1.048244766,1.001819026,0.565661211,1756822690,0.259411511
-0.145962179,-3.2398818,7.410571592,-1.018923235,1.053131671,0.276111088,1756822690,0.126624193
-0.387637261,-2.206182437,5.728417304,-0.805120401,1.100779159,0.112399204,1756822690,0.051546132
-0.765703232,-1.150947671,4.441078746,-0.605978334,1.075122784,0.017104227,1756822690,0.007843977
-1.064806057,-0.485742988,3.474378415,-0.491135634,0.908967509,-0.040317106,1756822690,-0.018489373
-1.287338559,-0.098105727,2.773281393,-0.388510291,0.729373112,-0.092851516,1756822690,-0.042581587
-1.428515092,0.100498549,2.115255178,-0.331088942,0.590095838,-0.111177473,1756822690,-0.050985847
-1.550549045,0.220139679,1.284945736,-0.252898209,0.439822989,-0.106290551,1756822690,-0.048744711
-1.579262916,0.30388847,0.267996131,-0.142942466,0.278554549,-0.112399204,1756822690,-0.051546132
-1.552941867,0.497707101,-0.729810893,-0.008552113,0.147829388,-0.089186325,1756822690,-0.040900735
-1.337587833,0.844666378,-1.06719888,0.106290551,0.002443461,-0.079412481,1756822690,-0.036418463
-0.990628556,1.227517994,-0.179461695,0.194255146,-0.12950343,-0.065973446,1756822690,-0.030255338
-0.46899323,1.605583965,1.969293,0.238237443,-0.213802833,0.003665191,1756822690,0.001680852
0.016749758,2.08893413,4.950749959,0.405614518,-0.326202055,-0.05009095,1756822690,-0.022971646
0.342173632,2.715853651,8.059026517,0.246789556,-0.218689755,-0.034208453,1756822690,-0.015687953
0.399601374,3.577269787,10.8634146,0.398284135,-0.090408055,-0.057421332,1756822690,-0.02633335
0.203389921,4.376472535,13.78983664,0.449596815,0.157603231,-0.018325957,1756822690,-0.008404261
-0.016749758,4.89571504,16.32862142,0.471587964,0.401949344,0.096516708,1756822690,0.044262439
-0.17467605,4.936393024,17.41257006,0.477696634,0.648738848,0.072082098,1756822690,0.033056758
-0.251246373,3.622733416,16.59422473,0.498466017,0.723264425,0.190589954,1756822690,0.08740431
-0.96670033,1.246660575,16.18744489,0.844215742,0.681725623,0.193033415,1756822690,0.088524878
-1.124626622,-1.024128073,17.1517524,1.269378017,0.515570278,0.07574729,1756822690,0.034737611
-1.122233799,-2.306680986,18.72862249,1.528384826,0.299323967,0.067195176,1756822690,0.030815622
-1.122233799,-2.15354034,21.92304066,1.525941365,0.085521133,0.028099801,1756822690,0.012886533
-1.174875897,-1.974078645,22.67199414,1.33901662,-0.266337244,-0.008552113,1756822690,-0.003921988
-0.973878798,-1.782652837,21.4612259,1.006705913,-0.937067258,-0.069638637,1756822690,-0.03193619
-0.4235296,-1.835294934,19.17608032,0.537561392,-1.804495896,-0.138055544,1756822690,-0.063312097
0.799202748,-2.196611147,16.82154288,0.040317106,-2.647489977,-0.222354947,1756822690,-0.101971695
2.452643165,-2.421536471,14.53639729,-0.378736465,-3.420845334,-0.206472451,1756822690,-0.094688003
3.802195111,-2.433500584,12.1340034,-0.696386406,-4.021936763,-0.063529985,1756822690,-0.02913477
4.84068012,-2.012363807,9.446863625,-0.834441933,-4.448320577,0.063529985,1756822690,0.02913477
5.551348432,-1.359123237,6.707081748,-0.919963031,-4.608367514,0.272445896,1756822690,0.124943341
5.900700532,-0.564706134,4.340580196,-0.875980734,-4.528954701,0.509461626,1756822690,0.233638453
6.096911985,-0.18424734,2.713460828,-0.748920782,-4.203974482,0.706160198,1756822690,0.323844167
6.443871262,-0.083748791,1.517049528,-0.590095838,-3.747047406,0.839328837,1756822691,0.384915135
6.549155456,-0.29431718,0.839880733,-0.376292969,-3.181386143,0.878424247,1756822691,0.402844241
6.57069086,-0.401994197,0.234496615,-0.277332818,-2.500882163,0.889419769,1756822691,0.407886773
6.3314086,-0.320638228,-0.22971097,-0.180816111,-1.802052453,0.92851518,1756822691,0.425815879
5.845665612,-0.019142581,-0.729810893,-0.134390352,-1.07145761,0.901637092,1756822691,0.413489622
5.257031252,0.325423874,-1.045663476,-0.186924763,-0.332310707,0.901637092,1756822691,0.413489622
4.567898343,0.459421939,-0.976271621,-0.262672052,0.390953752,0.85276789,1756822691,0.391078268
3.921836241,0.198604276,-0.514456859,-0.326202055,1.100779159,0.764803278,1756822691,0.350737809
3.419343495,-0.014356936,0.124426775,-0.254119939,1.754404912,0.601091377,1756822691,0.27565974
3.060420105,-0.602991295,1.074377347,-0.013439035,2.266310138,0.389732022,1756822691,0.178730609
2.876172765,-1.122233799,2.299502519,0.299323967,2.673146352,0.184481302,1756822691,0.08460289
2.840280426,-1.43569356,4.163511324,0.791681366,2.992017815,-0.031764992,1756822691,-0.014567385
3.366701398,-1.332802188,7.549355303,1.30236474,3.0641,-0.248011287,1756822691,-0.11373766
3.785445353,-0.22971097,12.87577841,1.734857311,3.009122233,-0.366519143,1756822691,-0.168085212
3.522234867,1.926222193,18.09213168,1.825265367,2.842966801,-0.477696634,1756822691,-0.219071068
2.890529701,3.71844632,19.94417637,1.518611017,2.598620706,-0.531452775,1756822691,-0.243723566
2.995813895,4.275973986,19.72882234,1.14720497,2.175901944,-0.464257581,1756822691,-0.212907935
3.785445353,3.713660675,18.5180541,0.827111515,1.392772795,-0.288328392,1756822691,-0.132227033
5.03449875,3.048455992,17.87917047,0.706160198,0.455705485,-0.018325957,1756822691,-0.008404261
4.7856452,2.612962279,19.59003863,0.649960648,0.035430184,0.190589954,1756822691,0.08740431
4.493720843,1.639083481,21.18126566,0.23090706,0.146607657,0.318871654,1756822691,0.146234134
5.077569557,0.153140646,20.28874283,-0.065973446,0.219911486,0.331088942,1756822691,0.151836967
5.1349973,-1.49072848,18.30509289,-0.335975881,0.210137642,0.376292969,1756822691,0.172567476
4.804787781,-2.979064137,16.33340707,-0.591317568,0.274889357,0.49357913,1756822691,0.22635476
4.17786826,-4.223331889,14.31147197,-0.761138104,0.41783184,0.547335271,1756822691,0.251007258
3.275774139,-4.455435681,12.11964647,-0.939510771,0.687834258,0.591317568,1756822691,0.271177483
2.452643165,-4.127618985,10.05942621,-0.962723615,0.924850006,0.614530412,1756822691,0.281822864
1.138983558,-3.582055432,8.193024582,-0.959058441,1.143539674,0.532674488,1756822691,0.244283842
0.330209519,-2.395215423,6.39601481,-0.823446341,1.22539565,0.268780705,1756822691,0.123262489
-0.155533469,-1.395015576,5.178068106,-0.653625822,1.24372166,0.202807259,1756822691,0.093007151
-0.667597505,-0.765703232,4.443471568,-0.516792009,1.169196031,0.142942466,1756822691,0.065553233
-1.01216396,-0.399601374,3.938586,-0.411723171,1.054353401,0.1282817,1756822691,0.058829824
-1.287338559,-0.107677017,3.527020512,-0.362853969,0.941954215,0.108734012,1756822691,0.049865279
-1.49072848,0.105284194,2.684746957,-0.271224166,0.81367248,0.135612083,1756822691,0.062191529
-1.531406464,0.179461695,1.485942835,-0.161268423,0.636521596,0.145385927,1756822691,0.066673801
-1.402194044,0.289531535,0.390030084,0.019547688,0.453261989,0.245567826,1756822691,0.112617092
-1.31605243,0.739382183,-0.306281293,0.161268423,0.278554549,0.249233017,1756822691,0.114297944
-1.000199847,1.26101751,0.122033953,0.260228591,0.084299403,0.268780705,1756822691,0.123262489
-0.667597505,1.80418824,1.844866225,0.318871654,-0.048869219,0.233350521,1756822691,0.107014252
-0.131605243,2.266003002,4.704289232,0.349414916,-0.155159771,0.149051118,1756822691,0.068354653
0.189032985,2.823530668,8.123632727,0.475253155,-0.063529985,0.135612083,1756822691,0.062191529
0.246460728,3.531806158,11.30369396,0.524122392,0.019547688,0.07819075,1756822691,0.035858178
-0.052642097,4.390829471,14.39043512,0.56443948,0.206472451,0.10262536,1756822691,0.047063859
-0.265603309,4.819144716,15.86680666,0.531452775,0.482583538,0.15393804,1756822691,0.070595789
-0.567098956,4.855037055,16.50569029,0.508239896,0.692721163,0.197920337,1756822691,0.090766014
-0.72741807,3.866801322,16.48176207,0.403171057,0.745255608,0.288328392,1756822691,0.132227033
-1.368694527,1.79461695,15.96730521,0.566882941,0.619417386,0.313984732,1756822691,0.143992998
-1.787438482,-0.409172665,16.46501231,0.828333246,0.422718727,0.270002435,1756822691,0.123822773
-1.808973886,-1.557727513,18.0729891,1.009149374,0.233350521,0.266337244,1756822691,0.122141921
-1.689332756,-1.890329854,19.94417637,1.060462019,0.061086524,0.194255146,1756822691,0.089085162
-1.548156222,-1.816152353,20.13560218,1.053131671,-0.273667627,0.069638637,1756822691,0.03193619
-1.356730414,-2.158325985,19.40100564,0.85154616,-0.8906415,-0.032986723,1756822691,-0.015127669
-0.725025248,-2.928814862,17.98445466,0.467922755,-1.643227526,-0.147829388,1756822691,-0.067794369
0.768096055,-2.988635427,15.81416456,0.003665191,-2.4422391,-0.219911486,1756822691,-0.100851127
2.486142681,-3.113062203,13.40698503,-0.494800843,-3.192381805,-0.139277274,1756822691,-0.06387238
3.682553981,-2.636890505,10.48534863,-0.77579887,-3.815464295,0.008552113,1756822691,0.003921988
4.60139786,-2.172682921,7.64746103,-0.873537273,-4.19175723,0.22968533,1756822691,0.1053334
4.893322217,-1.811366708,5.37427956,-0.797789984,-4.309043373,0.395840674,1756822691,0.181532029
5.158925526,-1.5457634,3.689732449,-0.695164676,-4.236961205,0.48747046,1756822691,0.223553332
5.546562787,-1.272981623,2.644068973,-0.530231009,-3.991393501,0.508239896,1756822691,0.233078169
5.814558918,-0.921236701,1.907079612,-0.388510291,-3.556457487,0.591317568,1756822691,0.271177483
6.202196179,-0.559920488,1.574477271,-0.276111088,-3.040887086,0.634078152,1756822691,0.290787433
6.45104973,-0.208175566,1.557727513,-0.211359372,-2.387261333,0.64018677,1756822691,0.293588837
6.731009974,-0.040677984,1.713260982,-0.119729587,-1.696983684,0.637743326,1756822691,0.292468277
6.838686991,0.131605243,1.919043725,-0.07574729,-0.943175945,0.56321775,1756822691,0.258290943
6.556333924,0.387637261,1.988435581,-0.067195176,-0.090408055,0.566882941,1756822691,0.259971795
6.072983759,0.605384118,1.942971951,-0.042760567,0.663399614,0.516792009,1756822691,0.237000157
5.362315447,0.672383151,2.062613081,-0.07574729,1.306029914,0.445931606,1756822691,0.204503666
4.77607391,0.605384118,2.146361872,0.008552113,1.858252072,0.379958178,1756822691,0.174248336
4.259224228,0.390030084,2.591426876,0.23090706,2.180788848,0.237015712,1756822691,0.108695104
3.687339627,0.227318147,3.565305674,0.49357913,2.400700438,0.149051118,1756822691,0.068354653
3.53419898,0.107677017,5.501099157,0.894306744,2.493551815,0.031764992,1756822691,0.014567385
3.639483175,0.500099923,8.872586201,1.309695088,2.428800257,0.07574729,1756822691,0.034737611
3.677768336,1.473978722,13.27059414,1.5125024,2.23087985,0.067195176,1756822691,0.030815622
3.287738252,2.565105827,16.97707635,1.467298302,1.96087738,0.182037841,1756822691,0.083482322
3.373879866,3.232703333,17.90788434,1.130100691,1.618792881,0.315206445,1756822691,0.144553274
4.046263017,3.445664544,18.17348765,0.752585956,1.070235897,0.494800843,1756822691,0.226915036
5.314458995,3.005385186,18.48934023,0.368962586,0.483805251,0.75747293,1756822691,0.347376121
6.049055533,2.27318147,17.71167289,0.191811685,0.02443461,0.960280154,1756822691,0.440383255
5.529813029,0.792024281,18.18784458,-0.058643063,-0.083077672,1.122770343,1756822691,0.514901049
5.625525933,-0.799202748,17.76910063,-0.339641055,0.015882496,1.031140557,1756822691,0.472879746
5.386243673,-2.703889538,16.28794344,-0.525344105,0.25534167,0.966388789,1756822691,0.443184668
4.862215523,-4.079762533,14.96231972,-0.649960648,0.620639099,0.817337724,1756822691,0.374830039
4.137190275,-4.579862456,13.54816156,-0.761138104,0.982271286,0.68050391,1756822691,0.312078226
2.998206718,-3.859622854,11.73200921,-0.828333246,1.35978609,0.467922755,1756822691,0.214588779
2.03389921,-2.486142681,9.573683223,-0.846659185,1.612684264,0.237015712,1756822691,0.108695104
1.26101751,-0.96670033,7.523034254,-0.71837752,1.728748676,0.085521133,1756822691,0.039219883
0.641276457,0.217746857,5.950949806,-0.605978334,1.714087841,0.031764992,1756822691,0.014567385
0.074177501,0.942772104,4.998606411,-0.469144485,1.556484627,-0.037873645,1756822691,-0.017368805
-0.361316213,1.464407431,4.723431812,-0.438601224,1.346346968,-0.056199602,1756822691,-0.025773066
-0.82791662,1.782652837,4.613361973,-0.475253155,1.149648431,-0.028099801,1756822691,-0.012886533
-1.122233799,1.974078645,3.88355108,-0.481361808,0.972497477,-0.094073247,1756822691,-0.043141871
-1.225125171,1.97886429,2.462214455,-0.438601224,0.79412481,-0.085521133,1756822691,-0.039219883
-1.194018477,1.950150419,0.70827549,-0.270002435,0.619417386,-0.02443461,1756822691,-0.011205681
-1.055234767,2.02432792,-0.655633392,-0.091629786,0.448375102,0.018325957,1756822691,0.008404261
-0.940379282,2.179861389,-0.763310409,0.030543262,0.321315115,0.07696902,1756822691,0.035297895
-0.674775973,2.40239389,0.758524764,0.118507856,0.210137642,0.053756141,1756822691,0.024652498
-0.217746857,2.663211554,3.373879866,0.108734012,0.169820536,0.100181899,1756822691,0.045943291
-0.052642097,3.091526799,6.238088518,0.174707458,0.246789556,-0.00122173,1756822691,-0.000560284
-0.325423874,3.481556883,9.176474671,0.312763002,0.373849526,0.028099801,1756822691,0.012886533
-0.698704199,3.991228097,12.10768236,0.395840674,0.625526004,0.035430184,1756822691,0.016248237
-1.208375413,4.031906081,14.85224988,0.475253155,0.954171467,0.112399204,1756822691,0.051546132
-1.631905013,4.19701084,16.03908989,0.537561392,1.165530857,0.098960169,1756822691,0.045383007
-2.026720742,3.555734384,16.87179215,0.520457183,1.276708383,0.167377075,1756822691,0.076758913
-2.897708169,2.093719775,17.32403562,0.566882941,1.163087396,0.294437062,1756822691,0.135028462
-3.806980757,0.311066938,17.3216428,0.762359817,0.924850006,0.323758559,1756822691,0.148475263
-4.381258181,-1.105484041,17.99641877,0.974940938,0.51190507,0.399505848,1756822691,0.183212873
-4.577469634,-1.938186306,19.67857306,0.951728024,0.056199602,0.362853969,1756822691,0.166404368
-4.433900278,-2.304288164,20.63809492,0.866206925,-0.477696634,0.447153372,1756822691,0.205063967
-3.909872128,-2.790031152,20.30309976,0.681725623,-1.265712721,0.445931606,1756822691,0.204503666
-2.857030184,-3.364308576,18.79083588,0.322536846,-2.19178451,0.349414916,1756822691,0.160241235
-0.83748791,-4.17786826,17.11586006,0.029321531,-3.188716491,0.310319558,1756822691,0.142312154
1.225125171,-4.967499718,15.37627803,-0.322536846,-4.161213968,0.237015712,1756822691,0.108695104
3.139383251,-4.816751894,12.9068851,-0.572991628,-4.906469506,0.294437062,1756822691,0.135028462
4.718646167,-4.486542375,10.41356396,-0.619417386,-5.415931167,0.353080108,1756822691,0.161922088
5.888736419,-3.536591803,7.78624474,-0.631634639,-5.652947176,0.538783158,1756822691,0.24708527
6.652046828,-2.318645099,5.300102059,-0.540004888,-5.586973207,0.747699052,1756822691,0.342893833
7.381857721,-1.095912751,3.426521963,-0.461814103,-5.219232752,0.989601703,1756822691,0.45383008
7.716852885,-0.641276457,2.029113565,-0.382401639,-4.610810696,1.155757048,1756822691,0.53002871
7.838886838,-0.54317073,0.863808959,-0.329867229,-3.910759377,1.279151826,1756822691,0.586617398
7.642675384,-0.263210486,-0.411565487,-0.343306264,-3.153286325,1.287703905,1756822691,0.59053937
7.166503687,0.165104759,-1.294517027,-0.327423768,-2.373822228,1.288925618,1756822691,0.591099646
6.546762634,0.552742021,-1.79461695,-0.395840674,-1.513724113,1.284038731,1756822691,0.588858526
5.857629725,0.734596538,-2.019542274,-0.394618961,-0.625526004,1.226617381,1756822691,0.562525168
5.2091748,0.844666378,-1.840080579,-0.43493605,0.272445896,1.119105169,1756822691,0.513220205
4.658825602,0.720239603,-1.234696462,-0.346971438,1.119105169,0.984714729,1756822692,0.45158892
4.12283334,0.512064036,-0.382851616,-0.188146493,1.849699994,0.7550294,1756822692,0.346255521
3.811766402,-0.339780809,0.440279358,0.043982297,2.456900058,0.686612528,1756822692,0.314879631
3.278166962,-0.090927259,1.79461695,0.581543707,2.927266239,0.555887367,1756822692,0.254929238
2.979064137,-0.059820565,3.613162126,1.111774751,3.159395082,0.346971438,1756822692,0.159120659
2.873779943,0.306281293,7.23350272,1.626123229,3.232698858,0.366519143,1756822692,0.168085212
2.723032119,1.686939933,13.20359511,1.929112405,3.248581424,0.324980324,1756822692,0.149035563
2.108076711,3.814159224,18.82194257,1.817935019,3.288898477,0.307876063,1756822692,0.14119157
1.409372511,4.910071975,20.70270114,1.428202962,3.186273048,0.172263997,1756822692,0.07900005
1.134197912,4.429114633,20.22652944,1.0054842,2.675589796,0.222354947,1756822692,0.101971695
2.16311163,2.897708169,18.17109482,0.747699052,1.681101136,0.403171057,1756822692,0.184893733
3.725624788,1.13180509,16.59661755,0.7550294,0.387288578,0.764803278,1756822692,0.350737809
3.345165995,-0.117248307,17.9988116,0.629191178,-0.477696634,1.001819026,1756822692,0.459432929
4.096512291,-1.574477271,19.79582137,0.379958178,-0.934623797,0.905302266,1756822692,0.415170466
5.056034154,-3.682553981,20.14995911,0.147829388,-1.088561837,0.753807686,1756822692,0.345695245
5.536991496,-5.367101092,19.86042758,-0.149051118,-1.042136079,0.658512727,1756822692,0.301993098
5.840879967,-5.692524965,18.80997846,-0.5131268,-0.915076127,0.432492606,1756822692,0.198340558
5.864808193,-4.878965281,16.5272257,-0.886976326,-0.71715579,0.38362337,1756822692,0.175929189
5.745167063,-3.385843979,13.71326632,-1.117883438,-0.444709893,0.28221974,1756822692,0.129425613
5.51306327,-1.409372511,10.86580743,-1.141096213,-0.270002435,0.267558974,1756822692,0.122702205
5.211567623,0.126819598,8.372486277,-1.058018575,-0.168598806,0.311541271,1756822692,0.14287243
4.747360038,1.337587833,6.151946905,-0.919963031,-0.180816111,0.232128791,1756822692,0.106453968
4.091726646,2.199003969,4.261617051,-0.860098238,-0.156381501,0.245567826,1756822692,0.112617092
3.455235834,2.50289244,2.490928327,-0.895528457,-0.065973446,0.188146493,1756822692,0.086283742
2.708675183,2.316252277,1.040877831,-0.912632683,0.090408055,0.174707458,1756822692,0.080120618
2.136790582,2.234896308,-0.246460728,-0.926071719,0.390953752,0.190589954,1756822692,0.08740431
1.648654771,2.122433646,-1.167697429,-0.880867691,0.70005158,0.05009095,1756822692,0.022971646
1.244267752,1.847259047,-1.679761465,-0.801455158,1.027475313,-0.00122173,1756822692,-0.000560284
0.96670033,1.543370577,-2.117648001,-0.64018677,1.31946888,-0.125838239,1756822692,-0.057709256
0.753739119,1.091127106,-1.962114532,-0.401949344,1.527163095,-0.235793982,1756822692,-0.10813482
0.760917587,0.222532502,-0.89252283,-0.122173048,1.718974745,-0.252898209,1756822692,-0.115978796
0.973878798,-0.224925324,1.098305573,0.161268423,1.899790856,-0.317649941,1756822692,-0.145673858
1.050449121,0.052642097,4.230510357,0.496022573,2.147802143,-0.288328392,1756822692,-0.132227033
0.95712904,0.36849468,8.243273857,0.811229036,2.475226067,-0.343306264,1756822692,-0.157439815
0.375673148,0.777667345,12.00479098,1.058018575,2.758667381,-0.348193203,1756822692,-0.159680959
-0.806381216,1.229910816,14.526826,1.183856867,3.039665495,-0.353080108,1756822692,-0.161922088
-1.80418824,1.016949605,14.64168149,1.411098665,3.252246458,-0.34086282,1756822692,-0.156319255
-2.75174599,0.370887503,13.86640697,1.426981231,3.277902833,-0.248011287,1756822692,-0.11373766
-4.622933263,-0.945164927,15.45045553,1.441641927,3.232698858,-0.223576677,1756822692,-0.102531979
-6.03709142,-2.215753728,18.10648861,1.440420214,3.011565677,-0.406836231,1756822692,-0.186574577
-7.542176835,-3.682553981,20.54477484,1.380555403,2.549751434,-0.588874125,1756822692,-0.270056924
-7.463213689,-5.436492947,20.91326952,1.345125255,1.819156732,-0.696386406,1756822692,-0.319361919
-7.446463931,-6.625725779,21.59522397,1.249830295,0.850324429,-0.734260016,1756822692,-0.336730708
-7.056433847,-7.668996433,21.98525405,1.081231489,-0.248011287,-0.764803278,1756822692,-0.350737809
-4.948357137,-7.475177802,21.26262162,0.735481729,-1.558928088,-0.790459636,1756822692,-0.362503782
-2.249253244,-6.391229165,19.14975927,0.238237443,-2.943148805,-0.691499432,1756822692,-0.317120759
0.626919521,-5.02492746,15.57727513,-0.135612083,-4.361577696,-0.504574687,1756822692,-0.231397309
3.019742121,-3.567698497,11.89711397,-0.353080108,-5.673716105,-0.105068821,1756822692,-0.048184427
4.395615116,-2.167897276,8.154739421,-0.412944901,-6.681643749,0.276111088,1756822692,0.126624193
5.690132143,-0.930807991,5.178068106,-0.419053553,-7.364591155,0.735481729,1756822692,0.337290984
6.250052631,-0.043070807,2.7421747,-0.437379493,-7.654141225,1.178969962,1756822692,0.540674123
6.742974087,0.35892339,0.705882667,-0.425162223,-7.411016983,1.451415876,1756822692,0.665617472
7.331608446,0.626919521,-1.406979689,-0.376292969,-6.809925553,1.663996839,1756822692,0.763106831
7.664210788,1.016949605,-2.689532602,-0.290771853,-5.899736453,1.681101136,1756822692,0.770950839
7.822137079,1.6199409,-3.395415269,-0.257785131,-4.798957154,1.554041183,1756822692,0.712681307
7.702495949,2.15354034,-3.742374546,-0.362853969,-3.510031676,1.488067755,1756822692,0.682425977
7.700103127,2.474178568,-3.601198013,-0.454483755,-2.008524938,1.241278216,1756822692,0.569248609
7.28853764,2.768495748,-2.715853651,-0.531452775,-0.458148929,1.027475313,1756822692,0.47119887
7.278966349,2.720639296,-1.588834206,-0.489913921,1.048244766,0.693942876,1756822692,0.318241319
6.826722878,2.718246474,0.157926292,-0.260228591,2.277305538,0.349414916,1756822692,0.160241235
6.642475538,2.876172765,2.15354034,-0.064751715,3.296228843,0.222354947,1756822692,0.101971695
6.608976021,3.089133977,5.02492746,0.273667627,4.028045259,-0.296880506,1756822692,-0.136149022
6.632904247,3.601198013,8.815158458,0.581543707,4.549724172,-0.301767445,1756822692,-0.138390166
5.994020613,3.649054465,13.82812181,0.690277702,5.040860068,-0.548556984,1756822692,-0.251567534
5.759523998,4.984249476,16.68036634,0.65973444,5.26443671,-0.704938467,1756822692,-0.323283883
4.917250443,4.453042859,17.62074563,0.590095838,5.246110439,-0.631634639,1756822692,-0.289666841
4.67557536,3.445664544,17.95813361,0.658512727,4.860043678,-0.531452775,1756822692,-0.243723566
5.422136012,2.342573325,19.26461475,0.844215742,4.083023287,-0.257785131,1756822692,-0.118219933
4.615754795,1.083948638,19.81017831,1.220508746,3.213151258,0.138055544,1756822692,0.063312097
2.28275276,-0.337387987,22.27717841,1.262047547,2.772106486,0.20402899,1756822692,0.093567435
1.768295901,-1.670190175,22.91845486,0.939510771,2.318844462,0.096516708,1756822692,0.044262439
1.239482107,-3.017349299,22.01875357,0.514348513,1.778839539,0.12950343,1756822692,0.059390108
0.952343395,-3.65384011,20.28395718,0.048869219,1.142317943,0.197920337,1756822692,0.090766014
0.928415169,-4.338187374,17.76670781,-0.428827397,0.587652324,0.346971438,1756822692,0.159120659
-0.279960244,-6.355336826,15.2255302,-1.038470905,0.228463599,0.206472451,1756822692,0.094688003
0.287138712,-6.3314086,12.48574833,-1.409876952,-0.089186325,0.096516708,1756822692,0.044262439
0.327816696,-5.211567623,9.970891774,-1.644449239,-0.273667627,0.010995574,1756822692,0.005042556
0.370887503,-4.290330922,8.011170065,-1.748296277,-0.339641055,-0.081855942,1756822692,-0.037539031
0.521635327,-3.275774139,6.400800455,-1.733635581,-0.366519143,-0.248011287,1756822692,-0.11373766
0.684347264,-2.175075743,4.924428911,-1.618792881,-0.371406082,-0.372627795,1756822692,-0.170886632
0.775274522,-1.308873962,3.553341561,-1.5125024,-0.409279727,-0.466701042,1756822692,-0.214028503
0.906879765,-0.739382183,2.359323084,-1.409876952,-0.406836231,-0.581543707,1756822692,-0.266695203
1.000199847,-0.442672181,1.071984525,-1.351233872,-0.386066848,-0.627969465,1756822692,-0.287985997
0.990628556,-0.220139679,-0.107677017,-1.297477696,-0.343306264,-0.62186083,1756822692,-0.285184584
0.844666378,-0.047856452,-0.813559684,-1.180191693,-0.276111088,-0.658512727,1756822692,-0.301993098
0.734596538,0.126819598,-1.07677017,-1.054353401,-0.174707458,-0.653625822,1756822692,-0.299751969
0.703489844,-0.112462662,-0.8470592,-0.817337724,-0.02687807,-0.730594842,1756822692,-0.335049864
0.794417103,-0.775274522,-0.346959277,-0.531452775,0.15393804,-0.753807686,1756822692,-0.345695245
0.873380249,-1.404586866,0.157926292,-0.147829388,0.371406082,-0.746477321,1756822692,-0.342333548
0.918843878,-1.517049528,1.225125171,0.246789556,0.634078152,-0.770911896,1756822692,-0.353539213
1.385444285,-1.631905013,3.421736318,0.653625822,0.959058441,-0.769690165,1756822692,-0.352978929
1.940579129,-1.68454711,6.498906182,1.054353401,1.297477696,-0.823446341,1756822692,-0.377631443
2.091326952,-1.629512191,9.650253546,1.384220595,1.688431483,-0.825889802,1756822692,-0.378752011
2.0434705,-0.993021379,12.55035454,1.582141002,2.020742191,-0.850324429,1756822692,-0.3899577
1.825723644,-0.363709035,14.06501124,1.692096657,2.213775553,-0.873537273,1756822692,-0.400603081
0.880558717,-0.47856452,14.38325665,1.820378462,2.362826829,-0.708603641,1756822692,-0.324964727
-1.002592669,-1.071984525,15.06281827,2.010968382,2.588846914,-0.667064858,1756822692,-0.305915094
-3.483949706,-1.890329854,16.8765778,2.112371976,2.973692067,-0.690277702,1756822692,-0.316560475
-6.094519162,-2.579462763,19.63071661,1.925447231,3.304781043,-0.863763482,1756822692,-0.396120833
-7.724031353,-3.737588901,22.16471574,1.523497922,3.246137963,-1.05190994,1756822692,-0.482404558
-8.087740388,-4.809573426,23.39701938,1.011592817,2.682920144,-1.181413406,1756822692,-0.541794683
-7.855636596,-5.551348432,24.09333076,0.559552576,1.530828269,-1.296255983,1756822692,-0.594461343
-6.577869327,-5.800201982,23.35155575,0.106290551,-0.161268423,-1.222952207,1756822692,-0.560844324
-4.48175673,-5.690132143,20.98983985,-0.257785131,-2.177123674,-1.066570723,1756822692,-0.489127975
-2.254038889,-4.747360038,17.63749538,-0.342084533,-4.114788157,-0.768468452,1756822692,-0.352418653
0.145962179,-3.407379382,14.18225955,-0.345749707,-5.613851434,-0.625526004,1756822692,-0.286865429
2.124826469,-1.646261949,11.40179969,-0.221133216,-6.730513282,-0.441044702,1756822692,-0.202262538
3.613162126,0.23928226,9.008977089,-0.145385927,-7.430564583,-0.301767445,1756822692,-0.138390166
4.747360038,2.287538406,6.455835375,-0.122173048,-7.729888986,-0.080634211,1756822692,-0.036978746
5.6327044,3.780659708,4.130011808,-0.227241869,-7.613824154,0.030543262,1756822692,0.014007101
6.446264084,4.890929394,2.045863323,-0.421497014,-7.033502178,0.219911486,1756822692,0.100851127
8.231309744,5.764309643,0.153140646,-0.442266432,-6.296798858,0.367740873,1756822692,0.168645496
8.379664745,4.677968183,-0.748953474,-0.605978334,-5.343848982,0.509461626,1756822692,0.233638453
8.547162327,3.83808745,-1.497906948,-0.673173492,-4.208861386,0.520457183,1756822692,0.238681001
8.389236036,3.235096155,-2.438286229,-0.750142513,-3.130073411,0.397062405,1756822692,0.182092313
7.963313613,3.007778008,-3.2398818,-0.902858822,-1.965764284,0.284663184,1756822692,0.130546174
7.386643366,3.005385186,-3.23031051,-1.036027461,-0.742812147,0.144164196,1756822692,0.066113517
6.673582231,2.770888571,-2.900100991,-1.120326882,0.498466017,0.00122173,1756822692,0.000560284
5.946164161,2.096112598,-1.887937031,-1.108109577,1.62856669,-0.22968533,1756822692,-0.1053334
5.003392057,1.347159124,-0.990628556,-0.985936529,2.604729463,-0.559552576,1756822692,-0.256610099
5.02492746,0.71784678,0.035892339,-0.785572661,3.292563529,-0.839328837,1756822692,-0.384915135
4.582255279,0.083748791,1.284945736,-0.316428176,3.824016496,-1.142317943,1756822692,-0.523865553
4.462614149,-0.299102825,2.866601475,0.180816111,4.133114167,-1.431868136,1756822692,-0.656652903
5.041677218,-0.385244439,5.429314479,0.720820964,4.185648734,-1.535715174,1756822692,-0.704277022
5.680560852,-0.205782744,10.23649508,1.273043191,4.048814729,-1.523497922,1756822692,-0.698674206
5.644668513,1.103091219,15.67059521,1.37811196,3.936415473,-1.446528832,1756822693,-0.66337628
5.781059402,1.701296869,18.05145369,1.370781612,3.766595024,-1.317025436,1756822693,-0.603986187
6.415157391,2.182254211,18.95115499,1.265712721,3.430619143,-1.321912341,1756822693,-0.606227316
7.702495949,1.885544209,19.97049742,1.097113985,2.765997729,-1.058018575,1756822693,-0.485205971
5.996413436,0.591027182,18.53241104,1.059240306,2.32617481,-1.047023053,1756822693,-0.480163438
4.634897376,-0.918843878,18.30987854,0.827111515,2.204001762,-1.05190994,1756822693,-0.482404558
4.807180603,-3.067598573,19.50150419,0.392175465,1.99997272,-0.996932051,1756822693,-0.457191769
4.625326086,-5.228317381,20.42991936,-0.144164196,1.642005795,-0.962723615,1756822693,-0.441503823
4.922036088,-6.089733517,20.46820452,-0.477696634,1.264490991,-0.685390797,1756822693,-0.314319346
2.868994297,-9.245866526,19.42732669,-1.015257991,1.122770343,-0.637743326,1756822693,-0.292468277
2.309073809,-8.91804983,15.55813255,-1.285260444,1.031140557,-0.594982742,1756822693,-0.272858328
1.50029977,-8.008777242,12.39721389,-1.381777134,0.926071719,-0.54611354,1756822693,-0.250446974
0.945164927,-6.563512392,10.18385299,-1.393994526,0.799011714,-0.587652324,1756822693,-0.269496607
0.531206617,-4.924428911,8.915657008,-1.285260444,0.56443948,-0.624304273,1756822693,-0.286305144
0.330209519,-3.249453091,7.989634661,-1.14720497,0.311541271,-0.778242313,1756822693,-0.356900933
0.126819598,-2.081755662,6.989434815,-1.059240306,0.073303829,-0.83199842,1756822693,-0.381553416
-0.014356936,-1.088734283,5.840879967,-1.038470905,-0.166155345,-0.919963031,1756822693,-0.421893874
0.014356936,-0.234496615,4.632504554,-1.083674933,-0.322536846,-0.945619389,1756822693,-0.433659847
0.086141614,0.430708068,3.378665511,-1.060462019,-0.431270841,-0.895528457,1756822693,-0.41068821
0.124426775,0.842273555,2.277967115,-1.045801253,-0.467922755,-0.823446341,1756822693,-0.377631443
0.050249275,1.1964113,1.007378315,-1.015257991,-0.371406082,-0.713490616,1756822693,-0.327205888
-0.167497582,1.56490598,-0.330209519,-0.889419769,-0.295658793,-0.67928211,1756822693,-0.31151791
-0.327816696,1.734796385,-1.229910816,-0.781907487,-0.158824962,-0.630412908,1756822693,-0.289106557
-0.224925324,1.440479205,-1.557727513,-0.60231309,-0.02565634,-0.646295405,1756822693,-0.296390249
-0.066999033,1.347159124,-0.882951539,-0.422718727,0.105068821,-0.66095617,1756822693,-0.303113658
0.394815729,1.311266785,0.8470592,-0.196698607,0.272445896,-0.753807686,1756822693,-0.345695245
1.016949605,1.406979689,3.639483175,0.124616509,0.465479312,-0.790459636,1756822693,-0.362503782
1.368694527,1.820937999,7.597211755,0.51190507,0.818559454,-0.845437472,1756822693,-0.387716548
1.765903079,2.433500584,10.92802081,0.725707938,1.171639475,-0.784350948,1756822693,-0.359702346
1.639083481,3.491128173,13.95015576,0.945619389,1.458746224,-0.643851944,1756822693,-0.295269681
0.978664443,4.299902212,15.89312771,0.939510771,1.688431483,-0.521678896,1756822693,-0.239241277
0.069391855,4.149154388,15.70409472,0.945619389,1.899790856,-0.372627795,1756822693,-0.170886632
-0.784845813,2.837887604,16.05823247,1.093448811,2.04028993,-0.350636647,1756822693,-0.16080152
-2.404786713,0.040677984,16.73300844,1.444085388,2.178345405,-0.540004888,1756822693,-0.247645554
-4.094119469,-1.651047594,18.46780483,1.728748676,2.13436316,-0.763581548,1756822693,-0.350177525
-4.871786814,-2.93599333,21.3870484,1.740965929,1.954768762,-0.999375495,1756822693,-0.458312329
-4.862215523,-3.632304707,23.31327059,1.617571151,1.41598557,-1.048244766,1756822693,-0.480723714
-4.96989254,-4.19701084,23.52383898,1.393994526,0.531452775,-1.136209308,1756822693,-0.521064141
-5.020141815,-4.565505521,21.7890426,1.088561837,-0.66095617,-1.210734954,1756822693,-0.555241508
-3.840480273,-4.809573426,19.30529274,0.706160198,-2.105041628,-1.246165121,1756822693,-0.571489737
-1.73001074,-4.766502619,16.8024003,0.237015712,-3.519805468,-1.165530857,1756822693,-0.534510966
0.406779842,-4.134797453,14.45025568,-0.116064395,-4.775744519,-1.097113985,1756822693,-0.503135076
2.428714939,-3.038884702,12.33021486,-0.335975881,-5.777563405,-0.923628205,1756822693,-0.423574718
3.960121403,-1.842473402,9.975677419,-0.394618961,-6.451958873,-0.761138104,1756822693,-0.349056965
5.1349973,-0.440279358,7.668996433,-0.362853969,-6.778160421,-0.608421795,1756822693,-0.27902146
6.116054566,1.036092186,5.548955609,-0.398284135,-6.792821658,-0.373849526,1756822693,-0.171446916
6.967899411,2.232503486,3.835694628,-0.397062405,-6.471506491,-0.160046692,1756822693,-0.073397209
7.750352401,2.63210486,2.407179536,-0.514348513,-5.855754348,0.05009095,1756822693,0.022971646
8.317451358,2.45742881,1.275374446,-0.635299883,-5.042081938,0.140499005,1756822693,0.064432665
8.532805392,2.261217357,0.177068872,-0.774577139,-4.0781364,0.240680904,1756822693,0.110375956
8.408378616,2.002792516,-0.825523797,-0.934623797,-3.093421654,0.250454748,1756822693,0.114858228
8.109275791,1.842473402,-1.658226062,-1.032362287,-2.081828714,0.270002435,1756822693,0.123822773
7.511070141,1.612762432,-2.189432679,-1.137431039,-1.020144965,0.285884914,1756822693,0.131106457
6.702296103,1.418943802,-2.301895341,-1.213178398,-0.062308254,0.276111088,1756822693,0.126624193
5.87198666,1.229910816,-2.0434705,-1.236391172,0.857654777,0.131946891,1756822693,0.060510676
5.000999234,0.83748791,-1.476371544,-1.220508746,1.684766309,0.013439035,1756822693,0.006163124
4.517649069,0.215354034,-0.808774039,-1.073901071,2.315179148,-0.219911486,1756822693,-0.100851127
3.902693661,-0.504885569,0.035892339,-0.83322022,2.770884633,-0.448375102,1756822693,-0.205624251
3.632304707,-1.004985492,0.784845813,-0.415388345,3.125186524,-0.71837752,1756822693,-0.329447016
3.711267853,-1.392622753,2.249253244,0.226020138,3.343876244,-0.985936529,1756822693,-0.452149236
4.486542375,-2.409572358,4.780859555,0.900415361,3.485597171,-1.246165121,1756822693,-0.571489737
5.02492746,-1.000199847,8.508877166,1.661553396,3.203377187,-1.125213786,1756822693,-0.516021609
5.388636495,0.392422906,13.99801221,2.023185634,2.916270577,-1.155757048,1756822693,-0.53002871
5.6327044,2.352144616,18.52044692,1.894903969,2.575407809,-0.917519588,1756822693,-0.420773314
5.730810127,3.428914786,19.63071661,1.562593262,2.182010578,-0.835663663,1756822693,-0.383234291
6.465406665,2.976671314,19.41296975,1.176526519,1.711644397,-0.715934059,1756822693,-0.328326447
7.90588587,3.311666478,17.99402595,0.974940938,1.043357809,-0.604756621,1756822693,-0.277340616
6.52522723,1.631905013,18.35534216,0.728151381,0.8906415,-0.38362337,1756822693,-0.175929189
6.312266019,-0.157926292,19.70728693,0.194255146,0.989601703,-0.389732022,1756822693,-0.178730609
6.407978923,-2.304288164,19.62593097,-0.149051118,1.047023053,-0.49357913,1756822693,-0.22635476
5.881557951,-4.170689792,19.07797459,-0.460592372,1.126435517,-0.5131268,1756822693,-0.235319297
5.063212622,-5.168496816,17.45085522,-0.695164676,1.26326926,-0.49357913,1756822693,-0.22635476
4.182653905,-5.431707302,15.07478238,-0.899193631,1.389107482,-0.344527994,1756822693,-0.158000099
3.067598573,-5.639882868,12.87817123,-1.072679341,1.536936904,-0.196698607,1756822693,-0.090205731
1.560120335,-5.563312545,10.95673469,-1.216843572,1.599245141,-0.298102236,1756822693,-0.136709306
0.95712904,-4.79521649,9.279366043,-1.232725998,1.599245141,-0.378736465,1756822693,-0.17368806
0.210568389,-3.696910917,7.762316514,-1.092227081,1.484402581,-0.441044702,1756822693,-0.202262538
-0.323031051,-2.459821633,6.530012875,-0.966388789,1.285260444,-0.48747046,1756822693,-0.223553332
-0.701097022,-1.562513158,5.527420206,-0.877202447,1.014036261,-0.571769828,1756822693,-0.262212915
-0.842273555,-0.758524764,4.802394958,-0.800233427,0.723264425,-0.594982742,1756822693,-0.272858328
-0.870987426,-0.004785645,4.072584065,-0.734260016,0.448375102,-0.538783158,1756822693,-0.24708527
-0.928415169,0.547956375,3.235096155,-0.678060379,0.202807259,-0.492357365,1756822693,-0.22579446
-1.036092186,0.969093153,2.249253244,-0.632856352,0.064751715,-0.386066848,1756822693,-0.177049765
-1.222732349,1.44526485,1.160518961,-0.599869646,-0.05253441,-0.362853969,1756822693,-0.166404368
-1.30648114,1.765903079,0.275174599,-0.499687747,-0.10262536,-0.354301821,1756822693,-0.162482364
-1.20598259,1.856830338,-0.320638228,-0.448375102,-0.15271631,-0.360410491,1756822693,-0.165283792
-0.854237668,1.825723644,-0.114855485,-0.30054568,-0.223576677,-0.403171057,1756822693,-0.184893733
-0.339780809,1.962114532,1.366301705,-0.144164196,-0.257785131,-0.441044702,1756822693,-0.202262538
0.318245406,2.254038889,4.029513258,0.036651914,-0.267558974,-0.480140077,1756822693,-0.220191628
0.916451056,2.69671107,7.087540541,0.228463599,-0.207694181,-0.445931606,1756822693,-0.204503666
1.203589768,3.381058334,9.817751128,0.450818546,-0.081855942,-0.346971438,1756822693,-0.159120659
1.507478238,4.206582131,12.80399373,0.681725623,0.124616509,-0.190589954,1756822693,-0.08740431
0.789631458,4.85025141,15.66580956,0.67928211,0.351858377,0.113620934,1756822693,0.052106416
0.794417103,5.156532703,17.1948232,0.79412481,0.725707938,-0.233350521,1756822693,-0.107014252
1.115055332,4.393222294,17.37189208,1.003040739,1.033584,0.057421332,1756822693,0.02633335
-0.193818631,2.550748892,16.87897062,1.230282555,1.176526519,-0.164933614,1756822693,-0.075638345
-1.313659607,0.404387019,17.3742849,1.446528832,1.130100691,-0.333532438,1756822693,-0.152957551
-1.450050496,-1.289731381,18.46062636,1.525941365,0.939510771,-0.43493605,1756822693,-0.199461118
-1.339980656,-1.622333723,21.58565267,1.401324874,0.64018677,-0.41783184,1756822693,-0.19161715
-1.296909849,-2.021935097,21.93979042,1.24372166,0.072082098,-0.338419325,1756822693,-0.155198671
-1.311266785,-2.342573325,20.37488444,1.065348993,-0.750142513,-0.35918876,1756822693,-0.164723508
-1.162911784,-2.450250342,18.22612974,0.7550294,-1.71286611,-0.307876063,1756822693,-0.14119157
-0.29431718,-2.76131728,16.20658747,0.362853969,-2.739119763,-0.405614518,1756822693,-0.186014301
0.995414202,-3.445664544,14.51725471,-0.07574729,-3.587000749,-0.346971438,1756822693,-0.159120659
2.691925425,-3.522234867,12.80160091,-0.467922755,-4.348138853,-0.405614518,1756822693,-0.186014301
3.905086483,-2.933600508,10.72223807,-0.637743326,-4.897917567,-0.305432619,1756822693,-0.14007101
4.869393991,-2.091326952,8.609375715,-0.689055989,-5.150815601,-0.173485728,1756822693,-0.079560334
5.716453191,-1.134197912,6.223731583,-0.642630231,-5.163033115,-0.034208453,1756822693,-0.015687953
6.262016744,-0.162711937,4.376472535,-0.58398715,-4.949230282,0.145385927,1756822693,0.066673801
6.783652071,0.342173632,2.98145696,-0.518013722,-4.487415778,0.313984732,1756822693,0.143992998
7.190431913,0.375673148,2.081755662,-0.516792009,-3.921754777,0.419053553,1756822693,0.192177426
7.463213689,0.363709035,1.294517027,-0.537561392,-3.287676625,0.442266432,1756822693,0.202822822
7.470392157,0.392422906,0.617348231,-0.540004888,-2.527760391,0.491135634,1756822693,0.225234176
7.367500785,0.411565487,-0.004785645,-0.570548115,-1.797165548,0.559552576,1756822693,0.256610099
7.044469734,0.47856452,-0.361316213,-0.625526004,-1.055575132,0.601091377,1756822693,0.27565974
6.424728681,0.559920488,-0.569491779,-0.671951762,-0.267558974,0.581543707,1756822693,0.266695203
5.804987628,0.476171697,-0.440279358,-0.708603641,0.437379493,0.553443888,1756822693,0.253808662
4.972285363,0.378065971,-0.069391855,-0.720820964,1.099557429,0.483805251,1756822693,0.221872472
4.412364874,-0.062213388,0.497707101,-0.649960648,1.721418189,0.408057962,1756822693,0.187134862
3.845265918,-0.617348231,1.215553881,-0.427605667,2.177123674,0.206472451,1756822693,0.094688003
3.536591803,-0.933200814,1.847259047,-0.1282817,2.499660572,0.034208453,1756822693,0.015687953
3.323630591,-2.26361018,1.718046627,0.393397231,2.582738157,-0.158824962,1756822693,-0.072836925
3.778266885,-1.320838075,4.855037055,0.960280154,2.759889233,-0.327423768,1756822693,-0.150156123
4.268795518,-1.246660575,8.386843213,1.611462533,2.668259448,-0.447153372,1756822693,-0.205063967
4.256831405,0.995414202,13.57687543,1.891238795,2.420248039,-0.476474868,1756822693,-0.218510767
4.228117534,3.134597606,18.48455458,1.655444761,2.108706802,-0.491135634,1756822694,-0.225234176
4.165904147,4.254438583,18.92722677,1.236391172,1.822821906,-0.450818546,1756822694,-0.206744811
4.809573426,3.940978822,17.71645853,0.916297857,1.375668516,-0.323758559,1756822694,-0.148475263
6.522834408,3.69930374,16.96750506,0.731816555,0.654847535,-0.246789556,1756822694,-0.113177376
6.750152555,2.758924458,17.53221119,0.64018677,0.177150919,0.031764992,1756822694,0.014567385
6.089733517,1.26101751,18.84347798,0.343306264,0.260228591,0.079412481,1756822694,0.036418463
6.661618118,-0.12921242,18.89612007,0.042760567,0.433714319,0.002443461,1756822694,0.001120568
6.738188442,-1.732403562,17.76192216,-0.158824962,0.599869646,-0.032986723,1756822694,-0.015127669
6.314658841,-3.079562686,16.68515199,-0.355523586,0.780685774,-0.006108652,1756822694,-0.00280142
5.661418272,-4.053441484,15.46720529,-0.566882941,1.044579522,-0.004886922,1756822694,-0.002241136
4.79521649,-4.488935198,13.89033519,-0.797789984,1.337794907,0.069638637,1756822694,0.03193619
3.814159224,-4.311866325,12.11486082,-0.883311152,1.566258436,0.098960169,1756822694,0.045383007
2.651247441,-3.744767369,10.39442137,-0.929736893,1.726305233,0.150272849,1756822694,0.068914937
1.639083481,-2.804388087,8.84387233,-0.929736893,1.792278644,0.125838239,1756822694,0.057709256
0.619741053,-1.899901144,7.635496917,-0.863763482,1.786169887,0.096516708,1756822694,0.044262439
-0.122033953,-0.935593637,6.45104973,-0.751364226,1.638340621,0.056199602,1756822694,0.025773066
-0.660419038,-0.282353067,5.257031252,-0.702495024,1.451415876,-0.002443461,1756822694,-0.001120568
-1.060020412,0.088534436,4.402793584,-0.669508319,1.188743771,-0.017104227,1756822694,-0.007843977
-1.311266785,0.411565487,3.625126239,-0.673173492,0.946841119,-0.008552113,1756822694,-0.003921988
-1.469193076,0.701097022,2.883351233,-0.638965057,0.733038286,0.028099801,1756822694,0.012886533
-1.600798319,0.997807024,1.962114532,-0.56321775,0.570548115,0.046425758,1756822694,0.021290793
-1.698904046,1.095912751,0.921236701,-0.432492606,0.438601224,0.05131268,1756822694,0.02353193
-1.792224127,1.143769203,-0.138783711,-0.30054568,0.328645498,0.070860368,1756822694,0.032496474
-1.622333723,1.280160091,-0.576670247,-0.120951317,0.208915911,0.084299403,1756822694,0.038659599
-1.256231865,1.390229931,-0.00957129,0.032986723,0.072082098,0.043982297,1756822694,0.020170225
-0.789631458,1.689332756,1.911865257,0.174707458,-0.05009095,0.040317106,1756822694,0.018489373
-0.258424841,2.165504453,4.802394958,0.298102236,-0.123394778,-0.00122173,1756822694,-0.000560284
-0.011964113,2.684746957,7.850850951,0.461814103,-0.201585529,0.083077672,1756822694,0.038099315
-0.251246373,4.12283334,10.58106154,0.626747734,0.012217305,0.098960169,1756822694,0.045383007
0.272781776,4.467399794,13.93579882,0.616973856,0.002443461,0.138055544,1756822694,0.063312097
-0.251246373,4.941178669,16.13240997,0.774577139,0.249233017,0.226020138,1756822694,0.103652547
-0.277567422,4.862215523,16.90289885,0.73792519,0.447153372,0.323758559,1756822694,0.148475263
-0.356530567,3.172882768,16.42911997,0.800233427,0.518013722,0.239459173,1756822694,0.109815672
-1.033699363,0.835095087,15.92902005,1.114218194,0.524122392,0.17837265,1756822694,0.08180147
-1.478764367,-1.373480172,16.29990755,1.481959138,0.438601224,0.012217305,1756822694,0.005602841
-1.241874929,-2.600998166,17.73081547,1.558928088,0.249233017,-0.073303829,1756822694,-0.033617043
-0.930807991,-2.684746957,20.7625217,1.49417639,0.058643063,-0.119729587,1756822694,-0.054907836
-0.715453957,-2.876172765,21.67179429,1.282817,-0.329867229,-0.174707458,1756822694,-0.080120618
-0.509671214,-3.019742121,20.99941114,1.039692635,-0.961501885,-0.184481302,1756822694,-0.08460289
-0.126819598,-2.950350266,19.42014822,0.682947354,-1.749518007,-0.324980324,1756822694,-0.149035563
0.815952507,-3.361915753,17.65903079,0.257785131,-2.535090739,-0.432492606,1756822694,-0.198340558
2.52203502,-3.428914786,16.01516166,-0.134390352,-3.287676625,-0.448375102,1756822694,-0.205624251
4.103690759,-3.40498656,14.10568923,-0.456927198,-3.927863534,-0.334754151,1756822694,-0.153517827
5.156532703,-2.835494781,11.92822066,-0.629191178,-4.372573358,-0.155159771,1756822694,-0.071156073
5.699703433,-1.871187273,9.518648303,-0.638965057,-4.601036887,0.002443461,1756822694,0.001120568
6.113661743,-0.725025248,6.987041992,-0.648738848,-4.522846485,0.222354947,1756822694,0.101971695
6.506084649,0.246460728,5.067998267,-0.549778714,-4.25040031,0.328645498,1756822694,0.150716407
6.826722878,0.806381216,3.385843979,-0.524122392,-3.814242425,0.510683339,1756822694,0.234198729
7.05882667,0.930807991,2.076970017,-0.477696634,-3.26324212,0.604756621,1756822694,0.277340616
7.293323285,0.789631458,1.265803155,-0.444709893,-2.714684996,0.646295405,1756822694,0.296390249
7.386643366,0.672383151,0.636490812,-0.427605667,-2.107485072,0.696386406,1756822694,0.319361919
7.226324252,0.703489844,0.172283227,-0.428827397,-1.444085388,0.761138104,1756822694,0.349056965
6.795616184,0.873380249,-0.167497582,-0.428827397,-0.746477321,0.800233427,1756822694,0.36698603
6.087340694,1.002592669,-0.375673148,-0.467922755,-0.004886922,0.83322022,1756822694,0.382113731
5.359922624,1.028913718,-0.220139679,-0.508239896,0.676838666,0.785572661,1756822694,0.360262622
4.639683021,1.007378315,0.088534436,-0.475253155,1.310916819,0.761138104,1756822694,0.349056965
3.881158257,0.655633392,0.540777908,-0.400727579,1.905899491,0.614530412,1756822694,0.281822864
3.383451156,0.308674115,1.115055332,-0.244346095,2.332283567,0.401949344,1756822694,0.184333457
2.924029217,0.090927259,1.801795418,0.036651914,2.635272725,0.267558974,1756822694,0.122702205
2.648854618,-0.033499516,3.086741154,0.427605667,2.792875939,0.079412481,1756822694,0.036418463
2.691925425,0.066999033,5.505884803,0.874759004,2.834414601,-0.07696902,1756822694,-0.035297895
3.043670347,0.770488877,9.80100137,1.374446786,2.726902511,-0.130725161,1756822694,-0.059950392
2.924029217,2.380858487,15.46959811,1.525941365,2.555860192,-0.180816111,1756822694,-0.082922038
2.299502519,3.744767369,18.46780483,1.232725998,2.293188087,-0.217468025,1756822694,-0.099730559
1.837687757,4.158725679,17.91745563,0.929736893,2.030515982,-0.262672052,1756822694,-0.120461068
2.682354135,4.264009873,17.45085522,0.68050391,1.613905977,-0.15393804,1756822694,-0.070595789
4.139583098,3.711267853,16.60379602,0.585208881,0.943175945,0.015882496,1756822694,0.007283692
4.694717941,2.679961312,17.13739546,0.520457183,0.364075699,0.223576677,1756822694,0.102531979
3.876372612,0.937986459,18.6664091,0.213802833,0.328645498,0.210137642,1756822694,0.096368855
4.515256246,-0.409172665,18.85304927,-0.048869219,0.509461626,0.123394778,1756822694,0.056588688
4.984249476,-1.787438482,18.10170297,-0.164933614,0.553443888,0.098960169,1756822694,0.045383007
4.898107862,-3.247060268,17.33839256,-0.285884914,0.551000445,0.114842665,1756822694,0.0526667
4.534398827,-4.340580196,16.18265924,-0.465479312,0.590095838,0.147829388,1756822694,0.067794369
3.826123337,-4.912464798,14.37607818,-0.658512727,0.69882985,0.217468025,1756822694,0.099730559
2.919243572,-4.749752861,12.51924784,-0.786794462,0.79534654,0.25534167,1756822694,0.117099365
2.210968082,-4.180261082,10.82512944,-0.853989603,0.926071719,0.246789556,1756822694,0.113177376
1.378265818,-3.084348331,9.272187575,-0.823446341,0.945619389,0.22968533,1756822694,0.1053334
0.681954441,-1.938186306,7.927421274,-0.785572661,0.941954215,0.200363798,1756822694,0.091886583
0.131605243,-0.873380249,6.783652071,-0.744033878,0.838107107,0.151494579,1756822694,0.069475221
-0.299102825,-0.143569356,5.692524965,-0.692721163,0.674395206,0.083077672,1756822694,0.038099315
-0.641276457,0.306281293,4.685146651,-0.729373112,0.519235452,0.098960169,1756822694,0.045383007
-0.842273555,0.638883634,3.924229064,-0.735481729,0.41050144,0.069638637,1756822694,0.03193619
-0.945164927,0.911665411,3.270988494,-0.751364226,0.305432619,0.013439035,1756822694,0.006163124
-1.055234767,0.899701298,2.33778768,-0.73792519,0.249233017,0.046425758,1756822694,0.021290793
-1.134197912,0.823130974,0.885344362,-0.596204472,0.210137642,0.065973446,1756822694,0.030255338
-1.198804123,0.856630491,-0.507278391,-0.480140077,0.151494579,0.062308254,1756822694,0.028574486
-1.064806057,0.990628556,-1.062413234,-0.273667627,0.07574729,0.061086524,1756822694,0.028014202
-0.732203716,1.045663476,-0.507278391,-0.095294977,0.039095375,0.063529985,1756822694,0.02913477
-0.380458793,1.323230898,1.179661542,0.07574729,-0.010995574,0.040317106,1756822694,0.018489373
0.06460621,1.653440417,3.912264951,0.190589954,-0.017104227,0.002443461,1756822694,0.001120568
0.323031051,2.038684855,7.06839796,0.266337244,0.039095375,-0.007330383,1756822694,-0.003361704
0.471386052,2.498106794,9.796215724,0.431270841,0.196698607,-0.028099801,1756822694,-0.012886533
0.18424734,3.067598573,12.61735357,0.535117949,0.390953752,0.063529985,1756822694,0.02913477
-0.172283227,3.543770271,15.11546036,0.613308682,0.630412908,0.105068821,1756822694,0.048184427
-0.526420972,3.684946804,16.1252315,0.709825372,0.839328837,0.184481302,1756822694,0.08460289
-0.736989361,2.857030184,15.94576981,0.709825372,0.908967509,0.211359372,1756822694,0.096929139
-1.284945736,0.985842911,15.5007048,0.949284563,0.857654777,0.200363798,1756822694,0.091886583
-1.976471468,-1.153340493,16.12283868,1.304808184,0.71837752,0.151494579,1756822694,0.069475221
-1.79461695,-1.957328887,17.16371651,1.601688602,0.485027017,0.056199602,1756822694,0.025773066
-1.837687757,-3.050848815,20.36292033,1.602910315,0.157603231,0.213802833,1756822694,0.098049707
-1.521835174,-2.976671314,21.84407752,1.342681794,-0.172263997,0.274889357,1756822694,0.126063909
-2.036292033,-4.338187374,21.89193397,0.995710321,-0.704938467,0.043982297,1756822694,0.020170225
-1.366301705,-4.304687857,20.35813468,0.615752143,-1.462411398,-0.222354947,1756822694,-0.101971695
-0.062213388,-4.55593423,18.53241104,0.2565634,-2.301740305,-0.354301821,1756822694,-0.162482364
1.452443318,-4.515256246,16.55354675,-0.065973446,-3.154508177,-0.38362337,1756822694,-0.175929189
3.428914786,-4.13240463,14.4526485,-0.343306264,-3.898541863,-0.349414916,1756822694,-0.160241235
4.802394958,-3.371487043,12.22732349,-0.465479312,-4.54605912,-0.216246294,1756822694,-0.099170275
5.788237869,-2.356930261,9.841679354,-0.56443948,-4.930904011,-0.023212879,1756822694,-0.010645397
6.314658841,-1.249053397,7.257430946,-0.576656802,-5.061629538,0.22968533,1756822694,0.1053334
6.731009974,-0.189032985,5.130211654,-0.540004888,-4.866152453,0.43004911,1756822694,0.197219974
6.951149653,0.514456859,3.297309543,-0.469144485,-4.408003524,0.604756621,1756822694,0.277340616
7.293323285,0.732203716,2.007578161,-0.394618961,-3.797138286,0.692721163,1756822694,0.317681043
7.465606512,0.674775973,1.215553881,-0.326202055,-3.119078028,0.735481729,1756822694,0.337290984
7.54696248,0.602991295,0.53359944,-0.316428176,-2.373822228,0.772133696,1756822694,0.354099529
7.410571592,0.813559684,0.016749758,-0.30665435,-1.650557874,0.767246722,1756822694,0.351858369
7.06839796,1.14137638,-0.370887503,-0.356745317,-0.891863213,0.819781167,1756822694,0.375950599
6.51565594,1.330409366,-0.500099923,-0.419053553,-0.053756141,0.817337724,1756822694,0.374830039
5.867201015,1.256231865,-0.227318147,-0.447153372,0.75747293,0.784350948,1756822694,0.359702346
4.955535605,1.103091219,0.12921242,-0.432492606,1.490511216,0.625526004,1756822694,0.286865429
4.228117534,0.90209412,0.552742021,-0.339641055,2.184454162,0.455705485,1756822694,0.208985955
3.553341561,-0.026321049,1.531406464,-0.211359372,2.64138122,0.305432619,1756822694,0.14007101
3.105883735,0.29431718,1.811366708,0.120951317,3.015230728,0.056199602,1756822694,0.025773066
2.730210587,0.148355001,2.864208652,0.541226601,3.207042501,-0.145385927,1756822694,-0.066673801
2.605783811,0.287138712,4.77607391,0.982271286,3.258355215,-0.332310707,1756822694,-0.152397267
2.876172765,0.909272588,8.592625957,1.479515555,3.150842881,-0.376292969,1756822694,-0.172567476
2.766102926,2.354537438,14.23490165,1.728748676,2.87106662,-0.364075699,1756822695,-0.166964652
2.213360905,3.70887503,18.37927039,1.55159774,2.605951071,-0.376292969,1756822695,-0.172567476
1.741974853,4.235296002,18.38884168,1.266934434,2.2968534,-0.379958178,1756822695,-0.174248336
2.340180503,4.261617051,17.93181256,0.989601703,1.776396095,-0.261450322,1756822695,-0.119900785
3.637090352,3.282952607,17.22832272,0.81367248,0.990823416,-0.090408055,1756822695,-0.041461019
4.790430845,2.615355102,17.63270974,0.580321976,0.337197611,0.147829388,1756822695,0.067794369
4.244867292,1.115055332,19.50628984,0.346971438,0.12950343,0.28221974,1756822695,0.129425613
4.713860522,-0.490528633,20.00399694,0.013439035,0.239459173,0.190589954,1756822695,0.08740431
5.355136979,-2.213360905,18.9726904,-0.240680904,0.331088942,0.1282817,1756822695,0.058829824
5.38385085,-3.919443419,17.85284942,-0.355523586,0.379958178,0.10262536,1756822695,0.047063859
5.036891573,-4.919643266,16.31426449,-0.544891775,0.452040276,0.161268423,1756822695,0.073957493
4.390829471,-5.38385085,14.42393463,-0.70005158,0.599869646,0.196698607,1756822695,0.090205731
3.52462769,-5.077569557,12.53360478,-0.8906415,0.767246722,0.221133216,1756822695,0.101411411
2.584248408,-4.220939066,10.69113138,-0.955393267,0.908967509,0.243124365,1756822695,0.111496524
1.627119368,-3.036491879,8.968299105,-0.937067258,0.984714729,0.1282817,1756822695,0.058829824
1.07677017,-1.689332756,7.410571592,-0.879645978,0.984714729,0.116064395,1756822695,0.053226984
0.509671214,-0.610169763,6.357729648,-0.780685774,0.906523996,-0.02443461,1756822695,-0.011205681
0.026321049,0.12921242,5.472385286,-0.729373112,0.801455158,-0.069638637,1756822695,-0.03193619
-0.234496615,0.581455892,4.639683021,-0.682947354,0.69882985,-0.15393804,1756822695,-0.070595789
-0.41395831,0.971485976,3.926621887,-0.682947354,0.615752143,-0.171042267,1756822695,-0.078439766
-0.591027182,1.31605243,3.125026316,-0.665843145,0.541226601,-0.168598806,1756822695,-0.077319198
-0.665204683,1.402194044,2.021935097,-0.625526004,0.466701042,-0.155159771,1756822695,-0.071156073
-0.7728817,1.406979689,0.672383151,-0.516792009,0.401949344,-0.112399204,1756822695,-0.051546132
-0.811166861,1.220339526,-0.425922423,-0.378736465,0.344527994,-0.114842665,1756822695,-0.0526667
-0.72741807,0.928415169,-0.830309442,-0.183259571,0.268780705,-0.073303829,1756822695,-0.033617043
-0.464207584,0.906879765,-0.112462662,-0.029321531,0.235793982,-0.020769418,1756822695,-0.009524829
-0.098105727,1.079162993,1.720439449,0.086742864,0.206472451,0.020769418,1756822695,0.009524829
0.208175566,1.385444285,4.591826569,0.20402899,0.235793982,-0.00122173,1756822695,-0.000560284
0.521635327,1.797009773,7.389036189,0.339641055,0.318871654,0.100181899,1756822695,0.045943291
0.397208552,2.242074776,10.143175,0.566882941,0.509461626,0.183259571,1756822695,0.084042606
0.083748791,2.912065104,13.15095301,0.638965057,0.739146903,0.288328392,1756822695,0.132227033
-0.399601374,3.507877932,15.64427416,0.696386406,0.976162651,0.356745317,1756822695,0.163602948
-0.880558717,3.431307608,16.54397546,0.689055989,1.211956667,0.384845083,1756822695,0.176489465
-1.38065864,2.313859454,15.89073489,0.667064858,1.292590809,0.439822989,1756822695,0.201702262
-2.270788647,-0.019142581,15.1824594,0.973719207,1.218065302,0.442266432,1756822695,0.202822822
-2.658425909,-1.624726545,15.32602875,1.385442308,1.033584,0.428827397,1756822695,0.196659698
-3.314059301,-4.218546244,17.30967869,1.525941365,0.912632683,0.210137642,1756822695,0.096368855
-2.895315346,-4.737788748,20.14278065,1.497841564,0.557109097,0.067195176,1756822695,0.030815622
-2.897708169,-4.862215523,21.60240243,1.391551065,0.006108652,0.073303829,1756822695,0.033617043
-2.782852684,-4.957928427,21.37747711,1.137431039,-0.799011714,-0.047647489,1756822695,-0.021851078
-2.179861389,-4.878965281,19.8197496,0.817337724,-1.742187659,-0.245567826,1756822695,-0.112617092
-1.036092186,-4.886143749,18.21416563,0.483805251,-2.689028901,-0.366519143,1756822695,-0.168085212
0.849452023,-4.735395925,16.60618884,0.168598806,-3.611435253,-0.477696634,1756822695,-0.219071068
2.943171798,-4.070191243,14.64168149,-0.089186325,-4.393342811,-0.464257581,1756822695,-0.212907935
4.448257213,-3.187239703,12.5144622,-0.221133216,-5.067737754,-0.401949344,1756822695,-0.184333457
5.778666579,-2.03389921,10.28195871,-0.332310707,-5.547878006,-0.157603231,1756822695,-0.072276641
6.372086584,-0.59820565,7.77667345,-0.351858377,-5.744576962,0.02565634,1756822695,0.011765965
6.903293201,0.801595571,5.553741255,-0.365297412,-5.610186383,0.268780705,1756822695,0.123262489
7.369893608,1.878365741,3.483949706,-0.339641055,-5.177693829,0.459370659,1756822695,0.210666799
7.77667345,2.244467599,2.000399694,-0.279776297,-4.592484948,0.643851944,1756822695,0.295269681
8.169096356,2.115255178,0.952343395,-0.2565634,-3.894876829,0.759916374,1756822695,0.348496681
8.300701599,1.947757596,0.112462662,-0.224798408,-3.092199801,0.780685774,1756822695,0.358021501
8.271987728,1.844866225,-0.557527666,-0.210137642,-2.272418634,0.747699052,1756822695,0.342893833
7.898707403,1.830509289,-1.122233799,-0.23090706,-1.341460081,0.769690165,1756822695,0.352978929
7.35314385,1.899901144,-1.406979689,-0.307876063,-0.421497014,0.744033878,1756822695,0.341212989
6.594619086,1.947757596,-1.347159124,-0.41783184,0.499687747,0.722042694,1756822695,0.33112786
5.73320295,1.895115499,-0.882951539,-0.477696634,1.380555403,0.612086969,1756822695,0.280702304
4.912464798,1.615155255,-0.301495648,-0.56443948,2.1539109,0.508239896,1756822695,0.233078169
4.151547211,1.356730414,0.315852583,-0.509461626,2.773328077,0.334754151,1756822695,0.153517827
3.53419898,1.048056299,0.981057266,-0.343306264,3.210707814,0.073303829,1756822695,0.033617043
3.11066938,0.758524764,1.887937031,-0.10262536,3.495370963,-0.098960169,1756822695,-0.045383007
2.93599333,0.500099923,3.309273656,0.254119939,3.597996148,-0.386066848,1756822695,-0.177049765
3.132204783,0.842273555,6.297909083,0.685390797,3.565009443,-0.415388345,1756822695,-0.190496566
3.314059301,1.677368643,11.55972598,1.003040739,3.376862967,-0.411723171,1756822695,-0.188815722
2.943171798,2.790031152,16.8024003,1.037249174,3.215594701,-0.568104654,1756822695,-0.260532071
2.33778768,3.12024067,18.05863216,0.850324429,2.998126572,-0.415388345,1756822695,-0.190496566
2.16311163,2.950350266,17.17568062,0.742812147,2.687807048,-0.577878533,1756822695,-0.265014359
2.986242605,2.787638329,17.35753514,0.685390797,2.098932993,-0.333532438,1756822695,-0.152957551
4.199403663,1.875972918,16.16590949,0.748920782,1.31946888,-0.168598806,1756822695,-0.077319198
3.270988494,0.612562586,17.5968174,0.701273293,0.919963031,-0.083077672,1756822695,-0.038099315
3.058027283,-0.792024281,19.7671075,0.350636647,0.972497477,-0.118507856,1756822695,-0.054347552
3.646661642,-1.885544209,19.79582137,0.083077672,1.103222603,-0.320093385,1756822695,-0.146794419
3.862015676,-2.92642204,18.93201241,-0.098960169,1.082453202,-0.237015712,1756822695,-0.108695104
3.69930374,-3.739981724,18.020347,-0.28099801,0.943175945,-0.213802833,1756822695,-0.098049707
3.151347364,-4.374079713,16.64925965,-0.467922755,0.788016192,-0.151494579,1756822695,-0.069475221
2.459821633,-4.670789715,14.67757383,-0.654847535,0.701273293,-0.086742864,1756822695,-0.039780167
1.811366708,-4.60139786,12.77767268,-0.704938467,0.663399614,-0.085521133,1756822695,-0.039219883
1.14137638,-4.024727613,11.10748251,-0.751364226,0.609643508,-0.028099801,1756822695,-0.012886533
0.646062102,-3.038884702,9.602397094,-0.734260016,0.547335271,-0.098960169,1756822695,-0.045383007
0.272781776,-1.921436548,8.370093455,-0.669508319,0.409279727,-0.144164196,1756822695,-0.066113517
-0.023928226,-0.693918554,7.147361106,-0.702495024,0.291993584,-0.155159771,1756822695,-0.071156073
-0.272781776,0.172283227,6.113661743,-0.662177901,0.196698607,-0.201585529,1756822695,-0.092446867
-0.430708068,0.789631458,5.058426976,-0.652404092,0.107512282,-0.160046692,1756822695,-0.073397209
-0.574277424,1.299302672,4.228117534,-0.681725623,0.084299403,-0.070860368,1756822695,-0.032496474
-0.710668312,1.658226062,3.41455785,-0.686612528,0.072082098,-0.079412481,1756822695,-0.036418463
-0.842273555,1.789831305,2.277967115,-0.71837752,0.12705997,0.030543262,1756822695,0.014007101
-0.942772104,1.780260014,0.825523797,-0.648738848,0.142942466,0.069638637,1756822695,0.03193619
-1.028913718,1.710868159,-0.514456859,-0.524122392,0.167377075,0.02687807,1756822695,0.012326249
-0.914058233,1.552941867,-0.971485976,-0.326202055,0.166155345,0.109955743,1756822695,0.050425564
-0.660419038,1.584048561,-0.433100891,-0.095294977,0.117286126,0.100181899,1756822695,0.045943291
-0.330209519,1.837687757,1.311266785,0.039095375,0.111177473,0.083077672,1756822695,0.038099315
0.066999033,2.249253244,4.017549145,0.171042267,0.12950343,0.059864793,1756822695,0.027453918
0.342173632,2.648854618,7.166503687,0.296880506,0.193033415,0.085521133,1756822695,0.039219883
0.241675083,3.357130108,10.15992476,0.353080108,0.346971438,0.089186325,1756822695,0.040900735
0.059820565,4.118047695,12.93320615,0.442266432,0.459370659,0.145385927,1756822695,0.066673801
-0.287138712,4.532006004,15.10588907,0.408057962,0.613308682,0.251676478,1756822695,0.115418512
-0.638883634,4.462614149,16.27597933,0.454483755,0.731816555,0.28099801,1756822695,0.128865329
-0.83748791,3.242274623,15.95773392,0.399505848,0.742812147,0.382401639,1756822695,0.175368905
-1.378265818,1.004985492,15.01256899,0.64018677,0.668286588,0.360410491,1756822695,0.165283792
-1.938186306,-1.320838075,15.24227996,0.983492999,0.574213359,0.216246294,1756822695,0.099170275
-1.909472435,-3.069991396,16.1252315,1.325577515,0.476474868,0.202807259,1756822695,0.093007151
-1.971685822,-3.912264951,18.77887176,1.368338168,0.28221974,0.07696902,1756822695,0.035297895
-1.880758564,-4.304687857,20.86302025,1.253495469,0.014660766,0.002443461,1756822695,0.001120568
-1.787438482,-4.596612215,20.95394751,1.009149374,-0.474031425,-0.109955743,1756822695,-0.050425564
-1.639083481,-4.979463831,19.83649935,0.741590434,-1.200961023,-0.267558974,1756822695,-0.122702205
-0.859023313,-5.412564721,18.06820345,0.403171057,-2.048841991,-0.428827397,1756822695,-0.196659698
0.490528633,-5.168496816,16.06541094,0.073303829,-2.853962463,-0.527787566,1756822695,-0.242042705
2.165504453,-4.663611247,14.24208012,-0.199142068,-3.638313481,-0.555887367,1756822695,-0.254929238
3.668197046,-3.692125272,12.10289671,-0.431270841,-4.266282858,-0.41661011,1756822695,-0.191056866
4.689932296,-2.598605344,9.667003304,-0.444709893,-4.696331724,-0.232128791,1756822695,-0.106453968
5.26420972,-1.469193076,7.264609414,-0.475253155,-4.937012768,-0.05131268,1756822695,-0.02353193
5.757131176,-0.406779842,5.132604477,-0.395840674,-4.933347734,0.113620934,1756822695,0.052106416
6.23091005,0.251246373,3.582055432,-0.333532438,-4.679227829,0.305432619,1756822695,0.14007101
6.762116668,0.547956375,2.287538406,-0.279776297,-4.276056667,0.465479312,1756822695,0.21346822
7.171289332,0.600598473,1.473978722,-0.158824962,-3.749490867,0.581543707,1756822695,0.266695203
7.36271514,0.787238635,0.82791662,-0.180816111,-3.163060134,0.6414085,1756822695,0.294149121
7.487141915,1.016949605,0.41395831,-0.210137642,-2.488664911,0.71837752,1756822695,0.329447016
7.401000302,1.182054364,0.244067905,-0.290771853,-1.695761971,0.741590434,1756822695,0.340092428
7.082754896,1.174875897,0.177068872,-0.351858377,-0.822224628,0.753807686,1756822695,0.345695245
6.527620053,1.18684001,0.165104759,-0.362853969,0.032986723,0.575435072,1756822695,0.263893791
5.816951741,1.13180509,0.251246373,-0.41783184,0.882089421,0.607200064,1756822695,0.278461176
5.211567623,0.993021379,0.54317073,-0.365297412,1.649336143,0.415388345,1756822695,0.190496566
4.61096915,1.031306541,0.906879765,-0.249233017,2.24920572,0.266337244,1756822695,0.122141921
4.204189308,0.425922423,1.478764367,-0.045204028,2.624277081,0.018325957,1756822695,0.008404261
3.835694628,0.320638228,2.268395825,0.343306264,2.884505725,-0.252898209,1756822695,-0.115978796
3.768695595,0.344566454,3.658625755,0.69882985,2.990796224,-0.354301821,1756822696,-0.162482364
4.005585032,0.485742988,6.187839244,1.176526519,2.940705344,-0.54611354,1756822696,-0.250446974
4.390829471,1.390229931,10.87537872,1.477072094,2.675589796,-0.450818546,1756822696,-0.206744811
4.37168689,2.847458894,16.77368643,1.457524493,2.477669528,-0.452040276,1756822696,-0.207305095
3.905086483,3.809373579,18.94636935,1.136209308,2.167349865,-0.332310707,1756822696,-0.152397267
3.783052531,3.981656806,18.00359724,0.784350948,1.750739738,-0.2565634,1756822696,-0.117659648
4.819144716,3.302095188,16.76650796,0.494800843,1.185078597,-0.085521133,1756822696,-0.039219883
5.946164161,2.27318147,16.03669707,0.328645498,0.653625822,0.085521133,1756822696,0.039219883
5.252245607,1.179661542,17.33839256,0.162490153,0.551000445,0.134390352,1756822696,0.061631244
5.331208753,-0.253639196,18.26920055,-0.163711884,0.856433064,0.059864793,1756822696,0.027453918
5.790630692,-1.84965187,17.6925303,-0.432492606,1.120326882,-0.064751715,1756822696,-0.029695054
5.67816803,-3.146561719,17.02014715,-0.543670062,1.299921279,-0.083077672,1756822696,-0.038099315
5.108676251,-4.228117534,16.51526159,-0.671951762,1.453859319,-0.080634211,1756822696,-0.036978746
4.120440517,-4.694717941,15.18963786,-0.811229036,1.577254097,-0.05131268,1756822696,-0.02353193
3.017349299,-4.65643278,13.41894914,-0.882089421,1.694540101,-0.041538836,1756822696,-0.019049657
1.892722677,-4.07736971,11.6147609,-0.934623797,1.73241385,-0.053756141,1756822696,-0.024652498
0.698704199,-3.1657043,10.07139032,-0.885754595,1.657888222,-0.157603231,1756822696,-0.072276641
-0.035892339,-1.746760498,8.729016845,-0.748920782,1.497841564,-0.239459173,1756822696,-0.109815672
-0.71784678,-0.390030084,7.709674417,-0.645073674,1.231504285,-0.30054568,1756822696,-0.137829866
-1.122233799,0.516849682,6.647261183,-0.518013722,0.939510771,-0.317649941,1756822696,-0.145673858
-1.438086383,1.328016543,5.654239804,-0.526565835,0.62308256,-0.305432619,1756822696,-0.14007101
-1.612762432,1.880758564,4.984249476,-0.54611354,0.366519143,-0.268780705,1756822696,-0.123262489
-1.672582997,2.364108729,4.450650036,-0.625526004,0.172263997,-0.271224166,1756822696,-0.124383057
-1.67497582,2.608176634,3.900300838,-0.709825372,0.042760567,-0.222354947,1756822696,-0.101971695
-1.629512191,2.531606311,2.723032119,-0.748920782,-0.032986723,-0.180816111,1756822696,-0.082922038
-1.454836141,2.258824534,1.136590735,-0.720820964,-0.096516708,-0.173485728,1756822696,-0.079560334
-1.203589768,1.782652837,-0.074177501,-0.60231309,-0.166155345,-0.119729587,1756822696,-0.054907836
-0.89252283,1.655833239,-0.445065004,-0.437379493,-0.257785131,-0.072082098,1756822696,-0.033056758
-0.497707101,1.703689691,0.397208552,-0.328645498,-0.290771853,-0.034208453,1756822696,-0.015687953
-0.033499516,1.696511223,2.57706994,-0.125838239,-0.302989176,-0.028099801,1756822696,-0.012886533
0.282353067,1.871187273,5.484349399,-0.008552113,-0.147829388,0.061086524,1756822696,0.028014202
0.480957343,2.306680986,8.446663778,0.251676478,0.039095375,0.106290551,1756822696,0.048744711
0.4235296,2.873779943,11.34197912,0.442266432,0.290771853,0.180816111,1756822696,0.082922038
0.102891372,3.309273656,13.8376931,0.559552576,0.613308682,0.216246294,1756822696,0.099170275
-0.043070807,3.177668413,15.0771752,0.574213359,0.860098238,0.301767445,1756822696,0.138390166
-0.289531535,2.340180503,15.19203069,0.615752143,0.963945346,0.317649941,1756822696,0.145673858
-0.617348231,0.579063069,14.87857093,0.819781167,0.974940938,0.313984732,1756822696,0.143992998
-1.485942835,-1.61036961,14.99581923,1.171639475,0.905302266,0.227241869,1756822696,0.104212832
-1.308873962,-2.555534537,15.74477271,1.543045662,0.722042694,0.167377075,1756822696,0.076758913
-2.242074776,-4.869393991,18.38405604,1.615127707,0.587652324,-0.036651914,1756822696,-0.016808521
-1.91425808,-4.682753828,20.21695815,1.508837086,0.313984732,-0.10262536,1756822696,-0.047063859
-1.631905013,-4.996213589,20.73620065,1.314581993,-0.217468025,-0.202807259,1756822696,-0.093007151
-1.464407431,-5.31924464,20.05424621,1.011592817,-0.911410953,-0.364075699,1756822696,-0.166964652
-0.631705166,-5.594419239,19.05883201,0.575435072,-1.761735382,-0.477696634,1756822696,-0.219071068
0.890130007,-5.357529801,17.65903079,0.251676478,-2.665815987,-0.62186083,1756822696,-0.285184584
2.763710103,-4.90528633,16.07976787,-0.105068821,-3.486818762,-0.538783158,1756822696,-0.24708527
4.24247447,-3.964907048,14.42154181,-0.246789556,-4.23085271,-0.516792009,1756822696,-0.237000157
5.304887704,-2.766102926,12.49531962,-0.35918876,-4.680449682,-0.343306264,1756822696,-0.157439815
5.845665612,-0.973878798,10.25563766,-0.388510291,-4.863709253,-0.235793982,1756822696,-0.10813482
6.240481341,0.521635327,8.102097324,-0.421497014,-4.800179024,-0.036651914,1756822696,-0.016808521
6.716653038,1.902293967,6.022734484,-0.54611354,-4.495968258,0.164933614,1756822696,0.075638345
7.152146751,2.407179536,4.398007939,-0.658512727,-4.00116731,0.376292969,1756822696,0.172567476
7.506284496,2.280359938,3.211167929,-0.744033878,-3.414736577,0.50701813,1756822696,0.232517869
7.676174901,1.933400661,2.127219291,-0.816115923,-2.720793753,0.58276542,1756822696,0.267255479
7.683353369,1.55533469,1.18684001,-0.786794462,-2.054950626,0.64018677,1756822696,0.293588837
7.393821834,1.454836141,0.4235296,-0.75747293,-1.393994526,0.725707938,1756822696,0.332808736
6.848258281,1.529013641,-0.145962179,-0.740368634,-0.662177901,0.729373112,1756822696,0.33448958
6.099304807,1.658226062,-0.447457826,-0.750142513,0.002443461,0.774577139,1756822696,0.355220089
5.257031252,1.820937999,-0.449850649,-0.810007306,0.692721163,0.777020583,1756822696,0.35634065
4.395615116,1.864008805,-0.126819598,-0.830776689,1.375668516,0.657290996,1756822696,0.301432813
3.550948738,1.732403562,0.090927259,-0.875980734,1.949881858,0.529009279,1756822696,0.242602981
2.8163522,1.521835174,0.394815729,-0.817337724,2.430021848,0.409279727,1756822696,0.187695161
2.203789615,1.014556782,0.861416136,-0.599869646,2.762332677,0.1282817,1756822696,0.058829824
1.631905013,0.78245299,1.421336624,-0.270002435,2.940705344,-0.030543262,1756822696,-0.014007101
1.268195978,0.638883634,2.452643165,0.188146493,2.983465858,-0.324980324,1756822696,-0.149035563
1.25144622,0.512064036,4.589433747,0.654847535,2.9297097,-0.519235452,1756822696,-0.238120717
1.349551946,1.052841944,8.633303941,1.170417761,2.77577152,-0.58398715,1756822696,-0.267815763
1.387837108,2.038684855,14.19661649,1.393994526,2.5570818,-0.643851944,1756822696,-0.295269681
1.081555815,2.797209619,17.7451724,1.276708383,2.201558301,-0.636521596,1756822696,-0.291907993
0.725025248,3.026920589,18.16391636,1.054353401,1.717753015,-0.62186083,1756822696,-0.285184584
0.82791662,2.634497683,17.64706668,0.893084943,1.143539674,-0.58398715,1756822696,-0.267815763
1.820937999,2.029113565,16.88136344,0.888198039,0.478918364,-0.438601224,1756822696,-0.201141963
3.945764467,1.368694527,16.73540126,0.962723615,-0.339641055,-0.190589954,1756822696,-0.08740431
4.220939066,-0.22971097,18.4223412,0.856433064,-0.83322022,-0.043982297,1756822696,-0.020170225
4.792823668,-1.694118401,19.92503379,0.566882941,-0.810007306,-0.125838239,1756822696,-0.057709256
6.329015777,-3.366701398,20.00878258,0.289550123,-0.703716754,-0.15393804,1756822696,-0.070595789
6.922435782,-5.02492746,19.08276024,-0.015882496,-0.654847535,-0.171042267,1756822696,-0.078439766
6.910471669,-6.039484242,17.88874176,-0.333532438,-0.552222158,-0.108734012,1756822696,-0.049865279
6.472585133,-6.692724812,16.21137312,-0.609643508,-0.316428176,-0.02443461,1756822696,-0.011205681
5.68773932,-6.386443519,13.87837108,-0.868650369,-0.036651914,0.018325957,1756822696,0.008404261
4.831108829,-5.347958511,11.64108195,-0.992045147,0.262672052,0.054977871,1756822696,0.025212782
4.027120436,-3.993620919,9.848857822,-0.978606112,0.51190507,0.046425758,1756822696,0.021290793
3.388236802,-2.596212521,8.772087652,-0.938288971,0.667064858,0.030543262,1756822696,0.014007101
2.636890505,-1.356730414,8.243273857,-0.883311152,0.752585956,0.018325957,1756822696,0.008404261
1.880758564,-0.392422906,7.755138047,-0.884532865,0.784350948,0.008552113,1756822696,0.003921988
1.258624688,0.339780809,7.001398928,-0.935845527,0.780685774,-0.02687807,1756822696,-0.012326249
0.669990328,0.940379282,5.960521097,-0.984714729,0.770911896,-0.095294977,1756822696,-0.043702155
0.296710002,1.210768236,4.967499718,-1.032362287,0.723264425,-0.095294977,1756822696,-0.043702155
0.002392823,1.552941867,3.866801322,-1.069014167,0.709825372,-0.174707458,1756822696,-0.080120618
-0.289531535,1.763510256,2.620140747,-1.042136079,0.656069266,-0.171042267,1756822696,-0.078439766
-0.4235296,1.727617917,1.378265818,-1.017701504,0.599869646,-0.180816111,1756822696,-0.082922038
-0.528813795,1.301695494,0.196211453,-0.87231556,0.554665654,-0.131946891,1756822696,-0.060510676
-0.605384118,0.736989361,-0.868594604,-0.663399614,0.518013722,-0.106290551,1756822696,-0.048744711
-0.53359944,0.586241537,-1.258624688,-0.362853969,0.422718727,-0.05009095,1756822696,-0.022971646
-0.263210486,0.600598473,-0.461814762,-0.065973446,0.346971438,-0.046425758,1756822696,-0.021290793
0.078963146,0.686740086,1.820937999,0.211359372,0.338419325,-0.061086524,1756822696,-0.028014202
0.519242504,0.89252283,4.752145684,0.531452775,0.397062405,-0.020769418,1756822696,-0.009524829
0.715453957,1.32562372,8.047062404,0.838107107,0.544891775,0.084299403,1756822696,0.038659599
0.54317073,2.172682921,11.07398299,1.028697044,0.741590434,0.15271631,1756822696,0.070035505
0.253639196,3.096312444,14.06740407,1.141096213,0.959058441,0.261450322,1756822696,0.119900785
-0.224925324,3.771088418,15.94098416,1.126435517,1.194852388,0.307876063,1756822696,0.14119157
-0.765703232,3.577269787,16.41954868,1.065348993,1.350012142,0.249233017,1756822696,0.114297944
-1.253839042,2.471785746,16.40997739,1.094670524,1.323134071,0.197920337,1756822696,0.090766014
-2.366501551,0.224925324,15.98166215,1.242499929,1.161865683,0.059864793,1756822696,0.027453918
-4.13240463,-2.002792516,16.63968836,1.463633128,0.895528457,-0.12705997,1756822696,-0.05826954
-3.242274623,-3.12024067,17.90549152,1.437976753,0.557109097,-0.207694181,1756822696,-0.095248287
-2.553141714,-3.905086483,20.34377775,1.364672977,0.029321531,-0.327423768,1756822696,-0.150156123
-2.256431712,-4.632504554,21.15973025,1.230282555,-0.586430594,-0.344527994,1756822696,-0.158000099
-1.797009773,-5.309673349,20.55434613,0.943175945,-1.373225055,-0.442266432,1756822696,-0.202822822
-0.648454925,-5.659025449,19.30768556,0.596204472,-2.340835506,-0.532674488,1756822696,-0.244283842
1.189232832,-5.508277625,17.71167289,0.191811685,-3.338989357,-0.552222158,1756822696,-0.253248378
3.194418171,-4.943571492,15.76870093,-0.079412481,-4.279721981,-0.497244304,1756822696,-0.228035604
4.709074877,-4.134797453,13.80897922,-0.30054568,-4.982216726,-0.362853969,1756822696,-0.166404368
5.769095289,-2.902493814,11.59561832,-0.372627795,-5.433035586,-0.245567826,1756822696,-0.112617092
6.601797553,-1.366301705,9.03769096,-0.367740873,-5.584530025,-0.053756141,1756822696,-0.024652498
7.1784678,0.378065971,6.671189409,-0.368962586,-5.458691943,0.133168622,1756822696,0.06107096
7.637889739,1.878365741,4.764109797,-0.408057962,-4.985882301,0.366519143,1756822696,0.168085212
8.324629825,1.871187273,3.550948738,-0.459370659,-4.400673159,0.481361808,1756822696,0.220751912
8.750552248,1.651047594,2.536391956,-0.605978334,-3.585778896,0.571769828,1756822696,0.262212915
8.965906282,1.296909849,1.576870093,-0.60353489,-2.797762843,0.494800843,1756822696,0.226915036
8.85344362,1.280160091,0.595812827,-0.67928211,-1.930334118,0.642630231,1756822696,0.294709405
8.300701599,1.253839042,-0.090927259,-0.649960648,-1.106887777,0.559552576,1756822696,0.256610099
7.709674417,1.31605243,-0.54317073,-0.681725623,-0.228463599,0.597426203,1756822696,0.273978896
6.908078846,1.323230898,-0.571884601,-0.675616936,0.58398715,0.554665654,1756822696,0.254368962
6.041877065,1.249053397,-0.394815729,-0.613308682,1.284038731,0.471587964,1756822696,0.21626964
5.194817865,1.02173525,-0.052642097,-0.599869646,1.957212206,0.464257581,1756822697,0.212907935
4.354937132,0.930807991,0.435493713,-0.514348513,2.520430043,0.246789556,1756822697,0.113177376
3.610769303,0.629312344,0.811166861,-0.328645498,2.970026753,0.174707458,1756822697,0.080120618
3.108276557,0.416351132,1.272981623,-0.00122173,3.232698858,-0.019547688,1756822697,-0.008964545
2.615355102,0.275174599,1.986042758,0.356745317,3.334102453,-0.245567826,1756822697,-0.112617092
2.378465664,0.210568389,3.373879866,0.900415361,3.325550235,-0.392175465,1756822697,-0.179851169
2.452643165,0.3493521,5.754738353,1.357342507,3.210707814,-0.561996037,1756822697,-0.257730667
2.792423974,1.040877831,9.702895643,1.804495896,2.962696405,-0.56443948,1756822697,-0.258851226
2.914457927,2.321037922,15.02931875,1.96209911,2.64138122,-0.673173492,1756822697,-0.308716506
2.744567522,3.637090352,18.41994837,1.651779587,2.227214676,-0.526565835,1756822697,-0.241482421
2.75174599,4.146761566,18.7190512,1.210734954,1.800830722,-0.503352956,1756822697,-0.230837024
3.716053498,3.931407532,17.93899103,0.864985195,1.248608564,-0.354301821,1756822697,-0.162482364
5.192425042,2.962314379,17.41017724,0.638965057,0.648738848,-0.1282817,1756822697,-0.058829824
5.142175767,1.38065864,17.35035667,0.43493605,0.310319558,-0.032986723,1756822697,-0.015127669
5.302494882,-0.684347264,18.020347,0.151494579,0.343306264,-0.05253441,1756822697,-0.024092214
6.128018679,-2.718246474,18.31466418,-0.07819075,0.426383936,-0.065973446,1756822697,-0.030255338
6.041877065,-4.723431812,17.9461695,-0.182037841,0.514348513,-0.020769418,1756822697,-0.009524829
5.460421173,-6.240481341,17.32642845,-0.371406082,0.67928211,-0.080634211,1756822697,-0.036978746
4.565505521,-6.905686024,16.09651763,-0.586430594,0.946841119,-0.034208453,1756822697,-0.015687953
3.409772205,-6.745366909,14.17268826,-0.741590434,1.242499929,-0.012217305,1756822697,-0.005602841
2.251646067,-5.639882868,11.82054364,-0.827111515,1.458746224,-0.07696902,1756822697,-0.035297895
1.313659607,-3.943371645,9.973284597,-0.753807686,1.549154279,-0.112399204,1756822697,-0.051546132
0.634097989,-2.395215423,9.238688059,-0.668286588,1.462411398,-0.171042267,1756822697,-0.078439766
-0.05503492,-1.000199847,8.958727814,-0.669508319,1.26326926,-0.228463599,1756822697,-0.104773115
-0.571884601,-0.06460621,8.329415471,-0.638965057,1.009149374,-0.362853969,1756822697,-0.166404368
-0.859023313,0.614955408,7.28853764,-0.654847535,0.708603641,-0.395840674,1756822697,-0.181532029
-0.928415169,1.234696462,6.209374647,-0.696386406,0.459370659,-0.392175465,1756822697,-0.179851169
-0.964307508,1.749153321,5.278566656,-0.751364226,0.212581103,-0.382401639,1756822697,-0.175368905
-0.961914685,2.151147517,4.421936165,-0.834441933,0.004886922,-0.321315115,1756822697,-0.147354702
-0.918843878,2.277967115,3.115455025,-0.867428656,-0.112399204,-0.223576677,1756822697,-0.102531979
-0.894915652,2.148754695,1.49072848,-0.87109383,-0.207694181,-0.171042267,1756822697,-0.078439766
-0.7728817,1.79461695,-0.016749758,-0.686612528,-0.290771853,-0.124616509,1756822697,-0.057148972
-0.583848714,1.368694527,-0.777667345,-0.520457183,-0.318871654,-0.057421332,1756822697,-0.02633335
-0.323031051,1.395015576,-0.610169763,-0.287106679,-0.356745317,-0.018325957,1756822697,-0.008404261
0.074177501,1.658226062,0.734596538,-0.083077672,-0.378736465,0.012217305,1756822697,0.005602841
0.53359944,2.000399694,3.103490912,0.118507856,-0.351858377,0.063529985,1756822697,0.02913477
0.851844846,2.443071875,6.190232066,0.294437062,-0.20525072,0.041538836,1756822697,0.019049657
1.25144622,2.749353167,8.824729749,0.464257581,-0.019547688,0.105068821,1756822697,0.048184427
1.385444285,3.366701398,11.3395863,0.656069266,0.186924763,0.184481302,1756822697,0.08460289
1.134197912,4.149154388,14.03629737,0.7562512,0.438601224,0.210137642,1756822697,0.096368855
1.095912751,4.455435681,15.6801665,0.788016192,0.689055989,0.262672052,1756822697,0.120461068
0.859023313,3.842873096,15.74955835,0.811229036,0.879645978,0.219911486,1756822697,0.100851127
0.145962179,2.096112598,14.93360585,0.979827825,0.974940938,0.116064395,1756822697,0.053226984
-0.921236701,0.081355968,14.7589298,1.271821478,1.007927643,-0.053756141,1756822697,-0.024652498
-1.270588801,-1.643869126,16.00559037,1.496619834,0.922406475,-0.20402899,1756822697,-0.093567435
-1.220339526,-2.500499617,18.61855265,1.479515555,0.785572661,-0.278554549,1756822697,-0.127744761
-1.093519928,-3.067598573,21.05444606,1.374446786,0.531452775,-0.354301821,1756822697,-0.162482364
-1.31605243,-3.577269787,21.17648001,1.242499929,0.039095375,-0.350636647,1756822697,-0.16080152
-1.26101751,-4.091726646,20.42752654,0.916297857,-0.676838666,-0.393397231,1756822697,-0.180411469
-1.909472435,-4.845465765,19.19761572,0.531452775,-1.580919271,-0.515570278,1756822697,-0.236439873
0.35892339,-5.000999234,17.3527495,0.045204028,-2.576629662,-0.574213359,1756822697,-0.263333515
1.964507355,-4.924428911,15.55813255,-0.291993584,-3.52102732,-0.557109097,1756822697,-0.255489522
3.546163093,-4.48175673,13.67498116,-0.5131268,-4.272391354,-0.431270841,1756822697,-0.197780258
4.632504554,-3.507877932,11.57647574,-0.607200064,-4.785518311,-0.296880506,1756822697,-0.136149022
5.335994398,-1.974078645,9.394221528,-0.566882941,-5.038416362,-0.150272849,1756822697,-0.068914937
6.065805291,-0.748953474,7.30768022,-0.553443888,-5.022533796,0.017104227,1756822697,0.007843977
6.833901346,0.658026215,5.50349198,-0.485027017,-4.794070267,0.223576677,1756822697,0.102531979
7.439285463,1.488335657,4.031906081,-0.491135634,-4.361577696,0.428827397,1756822697,0.196659698
7.879564822,1.433300737,3.050848815,-0.510683339,-3.776368815,0.565661211,1756822697,0.259411511
8.228916921,1.330409366,2.14396905,-0.483805251,-3.103195462,0.610865238,1756822697,0.28014202
8.157132243,1.210768236,1.249053397,-0.558330828,-2.310292244,0.669508319,1756822697,0.307035662
7.817351434,1.150947671,0.418743955,-0.547335271,-1.539380348,0.665843145,1756822697,0.305354818
7.23350272,1.107876864,-0.124426775,-0.586430594,-0.770911896,0.73792519,1756822697,0.338411552
6.491727714,1.14137638,-0.351744922,-0.616973856,0.013439035,0.681725623,1756822697,0.312638502
5.618347465,1.138983558,-0.327816696,-0.610865238,0.73670346,0.636521596,1756822697,0.291907993
4.910071975,1.050449121,-0.074177501,-0.662177901,1.385442308,0.568104654,1756822697,0.260532071
4.280759631,0.983450089,0.22971097,-0.615752143,1.977981676,0.421497014,1756822697,0.193297994
3.553341561,0.612562586,0.701097022,-0.498466017,2.447126266,0.30054568,1756822697,0.137829866
3.125026316,0.311066938,1.184447187,-0.250454748,2.787989034,0.106290551,1756822697,0.048744711
2.737389054,0.033499516,1.844866225,0.089186325,2.966361719,-0.061086524,1756822697,-0.028014202
2.565105827,-0.095712904,3.010170831,0.58398715,3.018896025,-0.262672052,1756822697,-0.120461068
2.790031152,-0.014356936,5.362315447,1.102000872,2.9382619,-0.477696634,1756822697,-0.219071068
3.189632526,0.859023313,9.209974187,1.63589716,2.709798109,-0.526565835,1756822697,-0.241482421
3.278166962,2.325823567,14.31865044,1.717753015,2.392148238,-0.536339679,1756822697,-0.245964694
3.024527766,3.77348124,17.78106474,1.459967954,2.081828714,-0.558330828,1756822697,-0.256049806
2.88095841,4.314259148,18.40319862,0.955393267,1.767844017,-0.496022573,1756822697,-0.22747532
3.419343495,3.821337692,17.59921022,0.609643508,1.400103143,-0.508239896,1756822697,-0.233078169
4.599005037,2.505285262,16.17069513,0.421497014,0.877202447,-0.331088942,1756822697,-0.151836967
4.761716974,0.861416136,15.82373585,0.419053553,0.521678896,-0.208915911,1756822697,-0.095808571
4.847858588,-1.335195011,17.1517524,0.326202055,0.541226601,-0.243124365,1756822697,-0.111496524
5.661418272,-2.725424941,18.22852257,0.169820536,0.601091377,-0.189368224,1756822697,-0.086844026
6.168696663,-4.603790682,18.50848281,0.085521133,0.574213359,-0.190589954,1756822697,-0.08740431
5.860022547,-6.106483275,18.11845273,-0.124616509,0.557109097,-0.083077672,1756822697,-0.038099315
5.063212622,-6.970292234,17.0249328,-0.355523586,0.665843145,-0.07574729,1756822697,-0.034737611
3.962514226,-6.943971185,15.12024601,-0.555887367,0.836885394,-0.017104227,1756822697,-0.007843977
2.866601475,-6.013163194,13.02174059,-0.724486138,1.070235897,0.021991149,1756822697,0.010085113
1.91425808,-4.469792617,11.17926719,-0.784350948,1.233947729,-0.014660766,1756822697,-0.006723409
1.150947671,-2.610569457,10.14078218,-0.730594842,1.290147348,-0.047647489,1756822697,-0.021851078
0.437886536,-1.122233799,9.961320484,-0.720820964,1.232725998,-0.163711884,1756822697,-0.075078061
-0.217746857,0,9.504291367,-0.767246722,1.11055302,-0.222354947,1756822697,-0.101971695
-0.751346296,0.605384118,8.298308777,-0.844215742,0.933402084,-0.35796703,1756822697,-0.164163224
-0.930807991,0.937986459,7.025327154,-0.875980734,0.742812147,-0.408057962,1756822697,-0.187134862
-1.069591702,1.366301705,5.883950773,-0.860098238,0.514348513,-0.393397231,1756822697,-0.180411469
-1.095912751,1.780260014,4.819144716,-0.894306744,0.294437062,-0.333532438,1756822697,-0.152957551
-1.112662509,2.08893413,3.677768336,-0.882089421,0.095294977,-0.298102236,1756822697,-0.136709306
-1.124626622,2.167897276,2.344966148,-0.846659185,-0.057421332,-0.173485728,1756822697,-0.079560334
-1.014556782,2.093719775,0.885344362,-0.704938467,-0.190589954,-0.17837265,1756822697,-0.08180147
-0.870987426,1.689332756,-0.133998066,-0.543670062,-0.277332818,-0.079412481,1756822697,-0.036418463
-0.571884601,1.397408398,-0.60777694,-0.327423768,-0.299323967,0.008552113,1756822697,0.003921988
-0.291924357,1.459621786,-0.191425808,-0.10262536,-0.346971438,0.002443461,1756822697,0.001120568
0.193818631,1.643869126,1.332802188,0.073303829,-0.337197611,0.035430184,1756822697,0.016248237
0.567098956,1.844866225,3.799802289,0.257785131,-0.277332818,0.083077672,1756822697,0.038099315
0.765703232,2.225325018,6.556333924,0.368962586,-0.155159771,0.125838239,1756822697,0.057709256
1.062413234,2.557927359,8.91804983,0.60353489,0.02565634,0.202807259,1756822697,0.093007151
1.533799287,1.481157189,11.20558824,0.79412481,0.196698607,0.262672052,1756822697,0.120461068
0.89252283,3.5892339,13.54098309,0.922406475,0.433714319,0.321315115,1756822697,0.147354702
0.483350165,4.06779842,14.53400447,0.834441933,0.581543707,0.373849526,1756822697,0.171446916
0.282353067,3.261417204,15.01256899,0.886976326,0.75747293,0.329867229,1756822697,0.151276691
-0.232103792,1.349551946,14.78764367,1.034805731,0.875980734,0.080634211,1756822697,0.036978746
-1.083948638,-0.823130974,14.49811213,1.328020958,0.915076127,-0.111177473,1756822697,-0.050985847
-1.225125171,-2.57706994,15.44566988,1.518611017,0.87231556,-0.307876063,1756822697,-0.14119157
-0.830309442,-3.804587934,17.41974853,1.602910315,0.712268885,-0.34086282,1756822697,-0.156319255
-0.648454925,-4.742574393,19.68096589,1.522276191,0.448375102,-0.354301821,1756822697,-0.162482364
-0.856630491,-5.723631659,20.434705,1.332908002,0.070860368,-0.368962586,1756822697,-0.169205772
-0.208175566,-6.695117635,20.80559251,0.979827825,-0.616973856,-0.41661011,1756822697,-0.191056866
0.715453957,-7.183253445,19.92264097,0.547335271,-1.469741746,-0.448375102,1756822697,-0.205624251
1.799402595,-7.12343288,18.16152353,0.197920337,-2.415361134,-0.405614518,1756822697,-0.186014301
2.770888571,-6.290730615,16.20180182,-0.012217305,-3.235142319,-0.343306264,1756822697,-0.157439815
3.696910917,-4.67557536,14.23250882,-0.124616509,-3.811798982,-0.221133216,1756822697,-0.101411411
4.141975921,-1.928615016,11.91386373,-0.109955743,-4.141666367,-0.135612083,1756822697,-0.062191529
4.96989254,-0.748953474,10.58824001,-0.155159771,-4.25040031,-0.041538836,1756822697,-0.019049657
5.410171899,0.839880733,8.812765636,-0.201585529,-4.197865987,0.081855942,1756822697,0.037539031
6.087340694,2.124826469,6.963113766,-0.277332818,-4.052480025,0.174707458,1756822697,0.080120618
6.597011908,2.847458894,5.465206818,-0.415388345,-3.727499806,0.327423768,1756822697,0.150156123
6.924828604,3.081955509,4.153940034,-0.458148929,-3.230255414,0.41783184,1756822697,0.19161715
6.922435782,3.261417204,2.945564621,-0.547335271,-2.658485639,0.499687747,1756822698,0.229156164
6.941578363,2.878565588,2.246860421,-0.554665654,-2.025629095,0.530231009,1756822698,0.243163265
6.759723845,2.679961312,1.514656706,-0.570548115,-1.337794907,0.559552576,1756822698,0.256610099
6.317051664,2.536391956,1.002592669,-0.569326385,-0.693942876,0.481361808,1756822698,0.220751912
5.757131176,2.579462763,0.713061135,-0.537561392,-0.047647489,0.428827397,1756822698,0.196659698
5.182853752,2.600998166,0.684347264,-0.574213359,0.547335271,0.38362337,1756822698,0.175929189
4.687539473,2.620140747,0.945164927,-0.559552576,1.066570723,0.278554549,1756822698,0.127744761
4.189832373,2.50289244,1.30648114,-0.510683339,1.514945843,0.227241869,1756822698,0.104212832
3.728017611,2.373680019,1.799402595,-0.428827397,1.915673422,0.108734012,1756822698,0.049865279
3.108276557,2.026720742,2.44785752,-0.272445896,2.233323293,0.056199602,1756822698,0.025773066
2.909672282,1.768295901,3.141776074,-0.072082098,2.371378767,-0.057421332,1756822698,-0.02633335
2.548356069,1.703689691,4.098905114,0.168598806,2.441017509,-0.145385927,1756822698,-0.066673801
2.658425909,1.732403562,5.819344563,0.481361808,2.355496481,-0.239459173,1756822698,-0.109815672
2.864208652,2.20857526,8.597411602,0.725707938,2.141693508,-0.307876063,1756822698,-0.14119157
3.113062203,2.847458894,12.10768236,0.827111515,1.826487097,-0.324980324,1756822698,-0.149035563
3.187239703,3.146561719,14.64168149,0.708603641,1.576032367,-0.431270841,1756822698,-0.197780258
3.620340594,3.038884702,15.93141287,0.585208881,1.373225055,-0.538783158,1756822698,-0.24708527
4.697110764,2.488535504,16.38126352,0.401949344,1.092227081,-0.522900626,1756822698,-0.239801561
5.788237869,1.584048561,16.53918981,0.333532438,0.781907487,-0.509461626,1756822698,-0.233638453
7.164110864,0.492921456,16.92443425,0.350636647,0.415388345,-0.405614518,1756822698,-0.186014301
6.69033199,-0.995414202,16.97707635,0.313984732,0.333532438,-0.386066848,1756822698,-0.177049765
6.953542476,-2.725424941,17.14457393,0.20525072,0.485027017,-0.540004888,1756822698,-0.247645554
7.90588587,-4.280759631,17.55853224,-0.020769418,0.648738848,-0.535117949,1756822698,-0.24540441
8.027919823,-5.668596739,17.51067579,-0.322536846,0.744033878,-0.480140077,1756822698,-0.220191628
7.405785947,-6.424728681,16.68515199,-0.580321976,0.919963031,-0.415388345,1756822698,-0.190496566
6.190232066,-6.398407632,14.84985706,-0.803898671,1.188743771,-0.393397231,1756822698,-0.180411469
4.991427944,-5.582455126,12.87817123,-0.929736893,1.484402581,-0.393397231,1756822698,-0.180411469
3.806980757,-4.017549145,11.21037388,-0.995710321,1.764178843,-0.379958178,1756822698,-0.174248336
2.730210587,-2.289931228,9.937392258,-0.982271286,1.927890674,-0.456927198,1756822698,-0.209546231
1.679761465,-0.978664443,9.193224429,-0.940732502,2.042733374,-0.510683339,1756822698,-0.234198729
0.741775006,0.011964113,8.66919628,-0.982271286,2.123367638,-0.577878533,1756822698,-0.265014359
-0.038285162,0.784845813,8.078169098,-1.054353401,2.156354343,-0.587652324,1756822698,-0.269496607
-0.736989361,1.533799287,7.245466833,-1.145983257,2.118480594,-0.601091377,1756822698,-0.27565974
-1.241874929,2.266003002,6.281159325,-1.18630031,2.062281114,-0.579100246,1756822698,-0.265574635
-1.584048561,2.782852684,5.419743189,-1.177748232,1.944994953,-0.657290996,1756822698,-0.301432813
-1.871187273,3.093919622,4.991427944,-1.174082935,1.777617808,-0.604756621,1756822698,-0.277340616
-2.103291065,3.156133009,4.754538506,-1.137431039,1.605353898,-0.642630231,1756822698,-0.294709405
-2.27318147,2.608176634,4.654039957,-1.05190994,1.461189667,-0.610865238,1756822698,-0.28014202
-2.340180503,1.909472435,4.424328987,-0.893084943,1.312138532,-0.571769828,1756822698,-0.262212915
-2.368894374,1.268195978,3.833301805,-0.607200064,1.143539674,-0.458148929,1756822698,-0.210106515
-2.33778768,0.851844846,2.947957443,-0.405614518,0.971275764,-0.364075699,1756822698,-0.166964652
-2.352144616,0.689132909,2.002792516,-0.10384709,0.780685774,-0.304210889,1756822698,-0.139510726
-2.359323084,0.674775973,1.801795418,0.142942466,0.593761012,-0.158824962,1756822698,-0.072836925
-2.289931228,0.744167829,2.904886636,0.421497014,0.482583538,-0.161268423,1756822698,-0.073957493
-2.251646067,0.736989361,5.223531736,0.642630231,0.376292969,-0.106290551,1756822698,-0.048744711
-2.230110663,0.677168796,7.743173934,0.762359817,0.284663184,-0.124616509,1756822698,-0.057148972
-2.127219291,0.244067905,9.619146852,0.850324429,0.216246294,-0.212581103,1756822698,-0.097489423
-2.182254211,-0.612562586,10.94955622,0.955393267,0.114842665,-0.295658793,1756822698,-0.135588746
-2.232503486,-1.792224127,12.08614695,1.104444333,0.058643063,-0.425162223,1756822698,-0.194978854
-2.799602442,-3.036491879,13.44287737,1.31946888,0.031764992,-0.525344105,1756822698,-0.240922137
-3.005385186,-4.120440517,14.55314705,1.369559881,0.02565634,-0.692721163,1756822698,-0.317681043
-3.909872128,-5.726024482,15.33799287,1.268156304,0.107512282,-0.829554976,1756822698,-0.380432855
-3.266202849,-7.460820867,16.21137312,0.999375495,-0.046425758,-0.87109383,1756822698,-0.399482521
-2.105683888,-8.597411602,16.35972812,0.761138104,-0.432492606,-0.908967509,1756822698,-0.416851342
-0.660419038,-9.590432981,16.37408505,0.587652324,-1.084896663,-0.803898671,1756822698,-0.368666906
0.421136778,-9.473184673,16.58226062,0.438601224,-1.830152271,-0.669508319,1756822698,-0.307035662
1.718046627,-8.702695796,16.96750506,0.382401639,-2.524095077,-0.548556984,1756822698,-0.251567534
2.943171798,-6.532405698,16.84307828,0.317649941,-3.116634567,-0.483805251,1756822698,-0.221872472
3.562912851,-3.471985593,15.91705594,0.270002435,-3.534466181,-0.431270841,1756822698,-0.197780258
3.672982691,-0.775274522,14.54118294,0.223576677,-3.704286892,-0.415388345,1756822698,-0.190496566
3.625126239,1.476371544,13.04806164,0.07574729,-3.67374363,-0.428827397,1756822698,-0.196659698
3.656232933,3.677768336,11.58365421,-0.111177473,-3.412293133,-0.404392788,1756822698,-0.185454017
3.268595672,4.902893507,10.13599653,-0.408057962,-2.99446152,-0.51190507,1756822698,-0.234759013
3.46959277,5.130211654,8.578269021,-0.830776689,-2.533868886,-0.601091377,1756822698,-0.27565974
3.996013742,6.135197146,7.410571592,-0.882089421,-2.21255384,-0.79412481,1756822698,-0.364184626
6.750152555,7.467999335,5.936592871,-0.846659185,-1.762957112,-0.476474868,1756822698,-0.218510767
4.268795518,5.812166095,6.163911018,-0.959058441,-1.341460081,-0.271224166,1756822698,-0.124383057
3.866801322,5.084748025,5.706881901,-1.007927643,-0.983492999,-0.28221974,1756822698,-0.129425613
3.431307608,4.709074877,5.137390122,-1.072679341,-0.668286588,-0.191811685,1756822698,-0.087964594
3.014956476,4.283152454,4.72103899,-1.1398745,-0.458148929,-0.252898209,1756822698,-0.115978796
2.562713005,3.862015676,4.335794551,-1.117883438,-0.299323967,-0.251676478,1756822698,-0.115418512
2.325823567,3.247060268,4.05822713,-0.989601703,-0.20402899,-0.271224166,1756822698,-0.124383057
2.210968082,2.493321149,4.000799387,-0.784350948,-0.135612083,-0.327423768,1756822698,-0.150156123
2.110469533,1.761117434,4.118047695,-0.592539299,-0.084299403,-0.367740873,1756822698,-0.168645496
1.988435581,1.301695494,4.213760599,-0.345749707,-0.018325957,-0.387288578,1756822698,-0.177610049
1.789831305,1.14137638,4.175475437,-0.197920337,0.010995574,-0.43615778,1756822698,-0.200021402
1.658226062,0.978664443,3.902693661,-0.068416907,0.021991149,-0.518013722,1756822698,-0.237560433
1.538584932,0.571884601,3.725624788,0.043982297,-0.00122173,-0.646295405,1756822698,-0.296390249
1.765903079,0.043070807,3.737588901,0.254119939,-0.083077672,-0.767246722,1756822698,-0.351858369
2.313859454,-1.040877831,4.022334791,0.685390797,-0.062308254,-0.849102716,1756822698,-0.389397424
2.730210587,-0.890130007,5.43888577,1.077566315,-0.312763002,-0.946841119,1756822698,-0.434220131
3.436093254,-1.253839042,8.013562887,1.295034253,-0.565661211,-1.116661655,1756822698,-0.512099612
4.534398827,-1.835294934,10.98544856,1.334129715,-0.844215742,-0.982271286,1756822698,-0.45046836
5.776273756,-1.593619852,13.22752333,1.246165121,-1.209513224,-0.946841119,1756822698,-0.434220131
7.257430946,-1.818545176,14.23729447,1.183856867,-1.716531284,-0.819781167,1756822698,-0.375950599
8.937192411,-2.553141714,14.74218004,0.952949737,-2.162462978,-0.67928211,1756822698,-0.31151791
11.47358437,-4.206582131,15.20878045,0.706160198,-2.40436549,-0.421497014,1756822698,-0.193297994
13.42134196,-5.922235935,15.55573972,0.294437062,-2.502104033,-0.135612083,1756822698,-0.062191529
14.49571931,-7.082754896,15.26381537,-0.114842665,-2.276083947,0.040317106,1756822698,0.018489373
13.98365527,-7.872386354,14.40239923,-0.464257581,-1.565036705,0.149051118,1756822698,0.068354653
13.04088317,-8.059026517,13.23709462,-0.695164676,-0.419053553,0.138055544,1756822698,0.063312097
12.05264744,-7.432106996,12.2177522,-0.764803278,0.81367248,0.034208453,1756822698,0.015687953
10.64566775,-5.816951741,11.5932255,-0.681725623,2.013411843,-0.007330383,1756822698,-0.003361704
9.310472737,-3.876372612,11.98325558,-0.598647916,3.01400912,0.031764992,1756822698,0.014567385
7.429714173,-1.655833239,12.70110236,-0.514348513,3.707951944,0.014660766,1756822698,0.006723409
5.429314479,0.490528633,13.21555922,-0.488692191,4.207639796,-0.02443461,1756822698,-0.011205681
3.40498656,2.529213488,12.84945736,-0.475253155,4.436103325,-0.043982297,1756822698,-0.020170225
1.509871061,3.787838176,12.20578808,-0.49357913,4.442212082,-0.15393804,1756822698,-0.070595789
-0.23928226,4.476971085,11.43769203,-0.696386406,4.158770524,-0.206472451,1756822698,-0.094688003
-1.887937031,4.627718908,10.95673469,-0.867428656,3.788586329,-0.216246294,1756822698,-0.099170275
-3.084348331,4.508077778,10.09771137,-0.998153782,3.327993696,-0.186924763,1756822698,-0.085723458
-3.840480273,4.208974953,8.62373265,-1.015257991,2.765997729,-0.174707458,1756822698,-0.080120618
-4.4362931,4.323830438,7.192824736,-1.022588409,2.129476255,-0.042760567,1756822698,-0.019609942
-4.718646167,4.328616083,6.439085617,-1.061683819,1.468520015,0.018325957,1756822698,0.008404261
-4.692325119,4.074976888,5.934200048,-1.044579522,0.879645978,0.034208453,1756822698,0.015687953
-4.465006972,3.64426882,5.347958511,-0.955393267,0.387288578,0.15271631,1756822698,0.070035505
-4.05822713,3.074777041,4.520041891,-0.762359817,-0.031764992,0.15393804,1756822698,0.070595789
-3.689732449,2.586641231,3.945764467,-0.433714319,-0.339641055,0.182037841,1756822698,0.083482322
-3.151347364,2.191825502,3.361915753,-0.15393804,-0.49357913,0.17837265,1756822698,0.08180147
-2.68713978,1.887937031,2.684746957,0.17959438,-0.6414085,0.186924763,1756822698,0.085723458
-2.292324051,1.873580096,2.277967115,0.351858377,-0.723264425,0.164933614,1756822698,0.075638345
-1.875972918,1.667797352,2.598605344,0.48747046,-0.825889802,0.188146493,1756822698,0.086283742
-1.526620819,1.531406464,3.692125272,0.590095838,-0.8906415,0.233350521,1756822698,0.107014252
-1.217946703,1.354337592,5.355136979,0.64018677,-0.891863213,0.183259571,1756822698,0.084042606
-0.897308475,1.06719888,6.967899411,0.803898671,-0.895528457,0.172263997,1756822698,0.07900005
-0.691525731,0.741775006,8.281559019,0.888198039,-0.882089421,0.106290551,1756822698,0.048744711
-0.586241537,0.351744922,9.731609514,1.032362287,-0.944397676,0.053756141,1756822698,0.024652498
-0.390030084,0.284745889,11.56929727,1.104444333,-1.015257991,-0.106290551,1756822698,-0.048744711
-0.212961211,0.22971097,13.42612761,1.091005281,-1.117883438,-0.291993584,1756822698,-0.133907886
-0.062213388,-0.191425808,14.53879012,0.989601703,-1.236391172,-0.425162223,1756822698,-0.194978854
0.507278391,-1.155733316,14.33061455,0.810007306,-1.345125255,-0.614530412,1756822698,-0.281822864
1.725225095,-2.955135911,13.86162132,0.781907487,-1.572367053,-0.601091377,1756822698,-0.27565974
2.778067039,-4.560719876,13.77787253,0.762359817,-1.833817445,-0.499687747,1756822698,-0.229156164
4.05822713,-5.790630692,14.56032552,0.739146903,-2.140471777,-0.321315115,1756822698,-0.147354702
6.23091005,-6.355336826,15.70888037,0.668286588,-2.491108372,0.065973446,1756822698,0.030255338
7.106683122,-8.051848049,17.43649829,0.326202055,-2.625498672,0.637743326,1756822699,0.292468277
5.496313512,-10.83230791,18.0418824,-0.167377075,-2.69880271,0.147829388,1756822699,0.067794369
7.197610381,-9.305687091,16.25444392,-0.145385927,-2.505769329,0.028099801,1756822699,0.012886533
7.357929495,-6.604190376,14.52443318,-0.118507856,-2.254092624,0.131946891,1756822699,0.060510676
7.398607479,-4.189832373,12.99302672,-0.10140363,-2.048841991,0.07696902,1756822699,0.035297895
7.226324252,-2.026720742,11.90429243,-0.211359372,-1.838704332,0.194255146,1756822699,0.089085162
7.159325219,-0.435493713,11.05244759,-0.296880506,-1.607797359,0.284663184,1756822699,0.130546174
6.92961425,0.648454925,10.11446113,-0.382401639,-1.271821478,0.425162223,1756822699,0.194978854
6.513263117,1.232303639,9.162117735,-0.458148929,-0.952949737,0.454483755,1756822699,0.208425671
6.142375614,1.576870093,8.281559019,-0.488692191,-0.647517118,0.535117949,1756822699,0.24540441
5.718846014,2.0434705,7.671389256,-0.588874125,-0.375071256,0.643851944,1756822699,0.295269681
5.161318348,2.38325131,6.951149653,-0.636521596,-0.146607657,0.695164676,1756822699,0.318801635
4.606183505,2.648854618,6.065805291,-0.706160198,0.081855942,0.759916374,1756822699,0.348496681
4.024727613,2.904886636,5.283352301,-0.807563845,0.295658793,0.741590434,1756822699,0.340092428
3.622733416,2.916850749,4.800002136,-0.764803278,0.456927198,0.784350948,1756822699,0.359702346
3.23031051,2.864208652,4.608576328,-0.752585956,0.568104654,0.75747293,1756822699,0.347376121
3.067598573,2.758924458,4.704289232,-0.613308682,0.58398715,0.786794462,1756822699,0.360822938
2.902493814,2.919243572,4.697110764,-0.401949344,0.515570278,0.788016192,1756822699,0.361383222
2.682354135,3.105883735,4.570291166,-0.169820536,0.400727579,0.770911896,1756822699,0.353539213
2.543570424,3.306880833,4.532006004,0.091629786,0.25534167,0.770911896,1756822699,0.353539213
2.297109696,3.649054465,4.508077778,0.223576677,0.140499005,0.646295405,1756822699,0.296390249
2.201396792,3.943371645,4.07736971,0.333532438,0.009773844,0.555887367,1756822699,0.254929238
2.151147517,4.046263017,3.529413335,0.399505848,-0.046425758,0.403171057,1756822699,0.184893733
2.287538406,3.730410433,3.29491672,0.520457183,-0.118507856,0.207694181,1756822699,0.095248287
2.916850749,3.192025348,3.522234867,0.788016192,-0.164933614,0.002443461,1756822699,0.001120568
2.586641231,3.098705267,4.419543342,0.908967509,-0.384845083,-0.067195176,1756822699,-0.030815622
4.950749959,2.615355102,7.508677319,1.35856422,-0.438601224,-0.34086282,1756822699,-0.156319255
5.010570524,2.859423007,10.48774146,1.3976597,-0.486248747,-0.278554549,1756822699,-0.127744761
5.730810127,3.041277525,13.09113244,1.396437969,-0.616973856,-0.177150919,1756822699,-0.081241186
6.427121504,2.959921556,14.86899964,1.226617381,-0.723264425,-0.333532438,1756822699,-0.152957551
7.587640465,2.699103893,15.93141287,0.937067258,-0.695164676,-0.200363798,1756822699,-0.091886583
9.111868461,2.132004937,16.18983771,0.58276542,-0.598647916,-0.156381501,1756822699,-0.071716357
10.48056299,1.593619852,15.93141287,0.257785131,-0.428827397,-0.015882496,1756822699,-0.007283692
11.04526912,-0.320638228,15.79262916,-0.112399204,-0.155159771,0.138055544,1756822699,0.063312097
11.72243792,-2.651247441,15.59881053,-0.444709893,0.120951317,0.207694181,1756822699,0.095248287
11.85165034,-5.424528834,15.34517133,-0.728151381,0.521678896,0.353080108,1756822699,0.161922088
10.88016436,-7.846065305,15.14417424,-0.863763482,1.029918757,0.34086282,1756822699,0.156319255
9.186045961,-9.140582332,14.56271834,-0.978606112,1.717753015,0.453261989,1756822699,0.207865371
7.046862557,-8.654839344,13.39741374,-1.044579522,2.400700438,0.529009279,1756822699,0.242602981
4.924428911,-7.238288365,11.66979582,-0.988379973,2.904053325,0.466701042,1756822699,0.214028503
3.043670347,-5.012963347,10.02831952,-0.900415361,3.160616673,0.443488163,1756822699,0.203383107
1.548156222,-3.113062203,9.250652172,-0.741590434,3.232698858,0.353080108,1756822699,0.161922088
0.375673148,-1.856830338,8.896514427,-0.596204472,3.116634567,0.268780705,1756822699,0.123262489
-0.705882667,-0.770488877,8.480163294,-0.580321976,2.863736272,0.174707458,1756822699,0.080120618
-1.517049528,0.131605243,7.84127966,-0.530231009,2.500882163,0.125838239,1756822699,0.057709256
-2.105683888,0.729810893,6.910471669,-0.56321775,2.085493888,0.091629786,1756822699,0.042021303
-2.32821639,1.289731381,5.922235935,-0.576656802,1.665218709,0.111177473,1756822699,0.050985847
-2.493321149,1.828116466,5.127818832,-0.652404092,1.220508746,0.124616509,1756822699,0.057148972
-2.3928226,1.988435581,4.61096915,-0.696386406,0.869872099,0.111177473,1756822699,0.050985847
-2.206182437,2.048256146,4.208974953,-0.68050391,0.552222158,0.106290551,1756822699,0.048744711
-2.017149452,1.921436548,4.027120436,-0.629191178,0.295658793,0.05009095,1756822699,0.022971646
-1.830509289,1.828116466,3.969692693,-0.470366251,0.117286126,0.057421332,1756822699,0.02633335
-1.557727513,1.505085415,3.393022447,-0.246789556,-0.034208453,0.008552113,1756822699,0.003921988
-1.397408398,1.411765334,2.443071875,-0.130725161,-0.215024564,0.014660766,1756822699,0.006723409
-1.184447187,1.160518961,2.009970984,0.1282817,-0.257785131,0.036651914,1756822699,0.016808521
-0.823130974,0.756131942,2.38325131,0.378736465,-0.283441471,0.05253441,1756822699,0.024092214
0.279960244,-1.01216396,3.952942935,0.761138104,-0.233350521,0.064751715,1756822699,0.029695054
-0.47856452,0.471386052,5.737988595,0.994488608,-0.139277274,0.173485728,1756822699,0.079560334
-0.464207584,0.574277424,8.176274824,1.282817,-0.079412481,-0.053756141,1756822699,-0.024652498
-0.720239603,1.182054364,10.66241751,1.430646405,0.042760567,-0.108734012,1756822699,-0.049865279
-0.684347264,1.466800254,12.89731381,1.480737268,0.15393804,-0.313984732,1756822699,-0.143992998
-0.756131942,1.588834206,14.36889971,1.47462865,0.243124365,-0.522900626,1756822699,-0.239801561
-1.105484041,1.215553881,15.24706561,1.450194006,0.272445896,-0.731816555,1756822699,-0.33561014
-1.509871061,0.356530567,15.754344,1.362229534,0.188146493,-0.982271286,1756822699,-0.45046836
-1.737189208,-0.748953474,15.67777368,1.233947729,-0.059864793,-1.053131671,1756822699,-0.482964843
-1.574477271,-2.177468566,15.57727513,1.127657247,-0.425162223,-1.119105169,1756822699,-0.513220205
-0.65324057,-3.866801322,15.92902005,1.067792436,-0.939510771,-0.976162651,1756822699,-0.447666948
0.363709035,-4.886143749,16.29033626,0.95661498,-1.55159774,-0.797789984,1756822699,-0.36586547
1.607976787,-6.032305775,16.75215102,0.830776689,-2.162462978,-0.704938467,1756822699,-0.323283883
3.517449222,-6.711867393,17.63031692,0.663399614,-2.819753905,-0.571769828,1756822699,-0.262212915
5.644668513,-6.647261183,18.02991829,0.343306264,-3.503922919,-0.432492606,1756822699,-0.198340558
7.542176835,-5.726024482,17.08953901,0.086742864,-4.148996715,-0.235793982,1756822699,-0.10813482
8.367700632,-4.37168689,15.21595891,-0.072082098,-4.610810696,-0.004886922,1756822699,-0.002241136
8.087740388,-2.416750826,12.7585301,-0.124616509,-4.641353958,0.092851516,1756822699,0.042581587
8.037491113,-0.605384118,10.42074242,-0.079412481,-4.329812843,0.186924763,1756822699,0.085723458
8.183453292,0.916451056,8.288737486,-0.208915911,-3.80813393,0.337197611,1756822699,0.154638395
8.343772406,1.928615016,6.498906182,-0.3775147,-3.163060134,0.41783184,1756822699,0.19161715
8.401200149,2.146361872,4.847858588,-0.579100246,-2.410474247,0.496022573,1756822699,0.22747532
8.367700632,2.177468566,3.306880833,-0.675616936,-1.690874927,0.542448332,1756822699,0.248766114
8.090133211,2.076970017,2.189432679,-0.696386406,-0.940732502,0.647517118,1756822699,0.296950525
7.759923692,1.964507355,1.612762432,-0.636521596,-0.30054568,0.715934059,1756822699,0.328326447
7.173682155,2.045863323,1.478764367,-0.543670062,0.278554549,0.774577139,1756822699,0.355220089
6.312266019,2.222932195,1.741974853,-0.477696634,0.92851518,0.858876507,1756822699,0.393879672
5.469992464,2.431107762,2.124826469,-0.431270841,1.517389287,0.834441933,1756822699,0.382674007
4.716253345,2.639283328,2.404786713,-0.351858377,2.013411843,0.87109383,1756822699,0.399482521
3.711267853,2.945564621,2.478964214,-0.360410491,2.447126266,0.845437472,1756822699,0.387716548
2.617747924,3.550948738,2.081755662,-0.339641055,2.791654086,0.702495024,1756822699,0.322163323
1.818545176,3.254238736,2.20857526,-0.262672052,3.018896025,0.647517118,1756822699,0.296950525
1.170090251,3.268595672,2.112862356,-0.158824962,3.13984722,0.41661011,1756822699,0.191056866
0.818345329,3.227917687,2.885744056,0.141720735,3.092199801,0.211359372,1756822699,0.096929139
0.787238635,3.802195111,5.726024482,0.455705485,2.867401306,0.089186325,1756822699,0.040900735
0.815952507,4.759324151,10.9160567,0.709825372,2.555860192,-0.040317106,1756822699,-0.018489373
0.691525731,5.592026416,15.5748823,0.85276789,2.13558489,-0.161268423,1756822699,-0.073957493
0.483350165,5.422136012,16.91725578,0.916297857,1.704314049,-0.298102236,1756822699,-0.136709306
0.636490812,5.295316414,17.48435474,0.912632683,1.130100691,-0.273667627,1756822699,-0.125503625
1.694118401,4.962714072,17.41735571,0.759916374,0.456927198,-0.216246294,1756822699,-0.099170275
3.402593737,4.711467699,17.88874176,0.580321976,-0.273667627,-0.035430184,1756822699,-0.016248237
4.266402696,3.436093254,18.1160599,0.411723171,-0.822224628,0.111177473,1756822699,0.050985847
4.386043826,1.61036961,18.05384652,0.270002435,-0.917519588,0.041538836,1756822699,0.019049657
5.032105928,0.363709035,17.66381643,0.166155345,-0.816115923,-0.095294977,1756822699,-0.043702155
5.819344563,-1.237089284,17.38385619,0.05009095,-0.658512727,-0.15393804,1756822699,-0.070595789
6.463013843,-3.268595672,17.1206457,-0.098960169,-0.382401639,-0.085521133,1756822699,-0.039219883
6.862615217,-4.742574393,15.84287843,-0.277332818,-0.167377075,0.056199602,1756822699,0.025773066
6.553941101,-6.293123438,14.01954761,-0.558330828,0.023212879,0.28221974,1756822699,0.129425613
5.280959478,-6.707081748,11.9425776,-0.715934059,0.41783184,0.574213359,1756822699,0.263333515
4.189832373,-7.250252478,10.19342428,-0.978606112,0.752585956,0.608421795,1756822699,0.27902146
2.545963246,-6.623332957,8.372486277,-0.992045147,1.125213786,0.616973856,1756822699,0.282943424
1.203589768,-5.6327044,6.898507556,-0.935845527,1.429424692,0.532674488,1756822699,0.244283842
0.112462662,-4.577469634,5.816951741,-0.830776689,1.653001317,0.403171057,1756822699,0.184893733
-0.703489844,-3.474378415,5.350351334,-0.605978334,1.783726443,0.291993584,1756822699,0.133907886
-1.194018477,-2.438286229,5.31924464,-0.467922755,1.843591237,0.20402899,1756822699,0.093567435
-1.612762432,-1.328016543,5.259424075,-0.464257581,1.787391757,0.147829388,1756822699,0.067794369
-1.895115499,-0.437886536,4.819144716,-0.510683339,1.599245141,0.065973446,1756822699,0.030255338
-2.019542274,-0.253639196,4.295116567,-0.60353489,1.342681794,-0.008552113,1756822699,-0.003921988
-1.950150419,-0.47856452,3.952942935,-0.521678896,0.992045147,0.02687807,1756822699,0.012326249
-1.878365741,-0.65324057,3.778266885,-0.362853969,0.649960648,0.02687807,1756822699,0.012326249
-1.806581063,-0.602991295,3.302095188,-0.116064395,0.321315115,0.057421332,1756822699,0.02633335
-1.797009773,-0.296710002,2.507678085,0.142942466,-0.034208453,0.063529985,1756822699,0.02913477
-1.722832272,-0.090927259,2.158325985,0.290771853,-0.372627795,0.080634211,1756822699,0.036978746
-1.44526485,-0.026321049,2.950350266,0.50701813,-0.627969465,0.07574729,1756822699,0.034737611
-1.148554848,0.016749758,4.91485762,0.638965057,-0.752585956,0.135612083,1756822699,0.062191529
-0.859023313,0.189032985,7.432106996,0.919963031,-0.829554976,0.144164196,1756822699,0.066113517
-0.679561618,0.435493713,9.70050282,1.070235897,-0.829554976,0.193033415,1756822699,0.088524878
-0.581455892,0.830309442,11.36351453,1.150870144,-0.802676958,0.108734012,1756822699,0.049865279
-0.504885569,1.198804123,12.65563873,1.117883438,-0.792903079,0.004886922,1756822699,0.002241136
-0.540777908,1.457228963,14.15833132,1.017701504,-0.708603641,-0.133168622,1756822700,-0.06107096
-0.746560651,1.232303639,15.5533469,0.862541681,-0.627969465,-0.356745317,1756822700,-0.163602948
-0.842273555,0.153140646,15.56531101,0.748920782,-0.575435072,-0.558330828,1756822700,-0.256049806
-0.052642097,-1.213161058,14.98385512,0.675616936,-0.726929668,-0.673173492,1756822700,-0.308716506
0.930807991,-2.187039856,15.37867085,0.71837752,-1.088561837,-0.590095838,1756822700,-0.2706172
2.129612114,-2.979064137,16.03191142,0.761138104,-1.57847581,-0.498466017,1756822700,-0.22859588
3.10109809,-3.567698497,16.20419465,0.722042694,-2.098932993,-0.343306264,1756822700,-0.157439815
4.208974953,-4.256831405,16.43629844,0.658512727,-2.635272725,-0.245567826,1756822700,-0.112617092
5.977270855,-4.515256246,16.9722907,0.420275284,-3.178942682,-0.190589954,1756822700,-0.08740431
7.530212722,-4.31665197,16.51526159,0.168598806,-3.671300186,-0.006108652,1756822700,-0.00280142
8.276773373,-3.433700431,15.09392496,0,-4.006054215,0.168598806,1756822700,0.077319198
8.315058535,-1.830509289,12.84467172,-0.139277274,-4.05858852,0.346971438,1756822700,0.159120659
7.963313613,-0.021535403,10.36810033,-0.243124365,-3.803247043,0.405614518,1756822700,0.186014301
7.922635629,1.129412267,8.202595873,-0.356745317,-3.363424124,0.471587964,1756822700,0.21626964
7.853243773,1.950150419,6.302694728,-0.458148929,-2.773328077,0.549778714,1756822700,0.252127818
7.834101192,2.213360905,4.642075844,-0.482583538,-2.123367638,0.540004888,1756822700,0.247645554
7.716852885,2.316252277,3.292523898,-0.50701813,-1.485624312,0.529009279,1756822700,0.242602981
7.446463931,2.407179536,2.414358003,-0.535117949,-0.841772298,0.630412908,1756822700,0.289106557
7.04925538,2.419143649,1.895115499,-0.588874125,-0.301767445,0.671951762,1756822700,0.308156222
6.558726747,2.455035988,1.830509289,-0.626747734,0.252898209,0.791681366,1756822700,0.363064066
5.955735451,2.352144616,1.92382937,-0.678060379,0.81489421,0.840550568,1756822700,0.38547542
5.343172866,2.177468566,2.232503486,-0.673173492,1.35856422,0.864985195,1756822700,0.396681109
4.606183505,2.007578161,2.409572358,-0.656069266,1.838704332,0.807563845,1756822700,0.370347751
3.919443419,1.775474369,2.459821633,-0.635299883,2.32617481,0.712268885,1756822700,0.326645603
3.139383251,1.497906948,2.292324051,-0.458148929,2.668259448,0.585208881,1756822700,0.268376047
2.433500584,1.172483074,2.038684855,-0.272445896,2.884505725,0.403171057,1756822700,0.184893733
1.931007838,0.863808959,2.045863323,0.013439035,2.923600943,0.086742864,1756822700,0.039780167
2.000399694,0.512064036,2.646461796,0.442266432,2.75622392,-0.118507856,1756822700,-0.054347552
2.294716873,0.610169763,4.567898343,0.943175945,2.437352196,-0.362853969,1756822700,-0.166404368
2.919243572,1.069591702,7.992027484,1.510058816,1.990198929,-0.442266432,1756822700,-0.202822822
3.357130108,2.026720742,13.34716446,1.792278644,1.507615356,-0.525344105,1756822700,-0.240922137
7.410571592,-4.704289232,16.99861175,1.717753015,0.998153782,-0.543670062,1756822700,-0.249326398
4.321437616,3.76390995,18.58026749,1.568701879,0.731816555,-0.540004888,1756822700,-0.247645554
5.86241537,4.469792617,18.77408612,1.246165121,0.312763002,-0.475253155,1756822700,-0.217950491
7.137789816,3.914657774,18.46780483,0.667064858,-0.017104227,-0.290771853,1756822700,-0.133347601
7.735995466,3.71844632,17.35753514,0.163711884,-0.157603231,-0.174707458,1756822700,-0.080120618
7.901100225,1.421336624,17.2259299,-0.252898209,-0.073303829,-0.116064395,1756822700,-0.053226984
8.638089586,-0.591027182,16.70908022,-0.481361808,0.061086524,0.017104227,1756822700,0.007843977
8.468199181,-3.012563653,16.36212094,-0.635299883,0.261450322,-0.02443461,1756822700,-0.011205681
7.843672483,-5.235495849,15.85723537,-0.69882985,0.620639099,0.007330383,1756822700,0.003361704
6.723831506,-6.668796586,14.96710536,-0.913854414,1.103222603,0.063529985,1756822700,0.02913477
5.443671415,-6.879364975,13.69651656,-0.968832233,1.626123229,0.106290551,1756822700,0.048744711
3.397808092,-7.054041025,12.26800147,-1.060462019,2.122145768,0.081855942,1756822700,0.037539031
1.698904046,-5.754738353,10.13121089,-1.001819026,2.50821279,-0.054977871,1756822700,-0.025212782
0.155533469,-4.036691726,8.355736519,-0.735481729,2.654820343,-0.1282817,1756822700,-0.058829824
-1.258624688,-2.584248408,7.446463931,-0.551000445,2.678033239,-0.237015712,1756822700,-0.108695104
-2.184647034,-1.395015576,6.752545377,-0.477696634,2.489886781,-0.338419325,1756822700,-0.155198671
-2.775674216,-0.58863436,6.072983759,-0.485027017,2.17223677,-0.334754151,1756822700,-0.153517827
-3.144168896,0.004785645,5.37427956,-0.570548115,1.780061269,-0.338419325,1756822700,-0.155198671
-3.211167929,0.669990328,4.740181571,-0.596204472,1.33901662,-0.295658793,1756822700,-0.135588746
-3.146561719,1.213161058,4.139583098,-0.675616936,0.916297857,-0.305432619,1756822700,-0.14007101
-2.995813895,1.284945736,3.672982691,-0.67928211,0.518013722,-0.356745317,1756822700,-0.163602948
-2.785245506,1.014556782,3.172882768,-0.58398715,0.174707458,-0.324980324,1756822700,-0.149035563
-2.450250342,0.722632425,2.529213488,-0.425162223,-0.116064395,-0.364075699,1756822700,-0.166964652
-2.210968082,0.698704199,1.938186306,-0.12950343,-0.415388345,-0.370184317,1756822700,-0.169766056
-1.840080579,0.861416136,1.349551946,0.05009095,-0.68050391,-0.382401639,1756822700,-0.175368905
-1.378265818,0.923629524,1.237089284,0.267558974,-0.894306744,-0.387288578,1756822700,-0.177610049
-0.921236701,0.969093153,2.155933163,0.459370659,-0.999375495,-0.366519143,1756822700,-0.168085212
-0.457029117,0.985842911,4.082155356,0.665843145,-1.042136079,-0.351858377,1756822700,-0.161361803
-0.098105727,1.134197912,6.666403764,0.884532865,-1.061683819,-0.266337244,1756822700,-0.122141921
0.693918554,-0.406779842,9.34157943,1.026253583,-1.036027461,-0.382401639,1756822700,-0.175368905
0.540777908,1.68454711,11.39940687,1.255938912,-0.985936529,-0.177150919,1756822700,-0.081241186
0.54317073,2.065005904,13.46201995,1.203404467,-0.937067258,-0.266337244,1756822700,-0.122141921
0.83748791,2.136790582,15.12742448,1.197295832,-0.861319951,-0.339641055,1756822700,-0.155758955
0.552742021,1.830509289,16.56790368,1.108109577,-0.709825372,-0.544891775,1756822700,-0.249886674
-0.172283227,0.873380249,16.78325772,0.965167059,-0.500909513,-0.816115923,1756822700,-0.374269723
-0.24885355,-0.490528633,14.84985706,0.906523996,-0.421497014,-0.970054033,1756822700,-0.444865544
0.346959277,-1.584048561,14.65603842,0.8906415,-0.555887367,-0.946841119,1756822700,-0.434220131
1.603191142,-2.713460828,15.71605884,0.860098238,-0.944397676,-0.695164676,1756822700,-0.318801635
2.268395825,-3.780659708,16.85504239,0.785572661,-1.462411398,-0.559552576,1756822700,-0.256610099
3.584448255,-5.003392057,18.11366708,0.609643508,-2.008524938,-0.294437062,1756822700,-0.135028462
5.25463843,-5.577669481,19.05883201,0.267558974,-2.691472362,-0.098960169,1756822700,-0.045383007
6.721438683,-5.536991496,17.97009773,-0.097738438,-3.332880862,0.141720735,1756822700,0.064992949
6.826722878,-4.474578262,15.59881053,-0.345749707,-3.727499806,0.238237443,1756822700,0.109255388
6.649654005,-2.955135911,12.9068851,-0.423940493,-3.815464295,0.301767445,1756822700,0.138390166
6.613761666,-1.268195978,10.26281613,-0.438601224,-3.611435253,0.371406082,1756822700,0.170326356
6.888936265,0.198604276,8.31027289,-0.470366251,-3.230255414,0.454483755,1756822700,0.208425671
7.106683122,1.263410333,6.541976988,-0.464257581,-2.734232876,0.581543707,1756822700,0.266695203
7.173682155,1.770688724,5.051248509,-0.541226601,-2.183232292,0.676838666,1756822700,0.31039735
7.080362073,1.820937999,3.77348124,-0.532674488,-1.611462533,0.725707938,1756822700,0.332808736
6.821937233,1.816152353,2.63210486,-0.560774306,-1.006705913,0.748920782,1756822700,0.343454117
6.45104973,1.866401628,1.758724611,-0.551000445,-0.474031425,0.788016192,1756822700,0.361383222
6.022734484,1.806581063,1.354337592,-0.483805251,0.029321531,0.797789984,1756822700,0.36586547
5.424528834,2.007578161,1.406979689,-0.497244304,0.519235452,0.875980734,1756822700,0.401723649
4.907679153,2.292324051,1.722832272,-0.470366251,0.972497477,0.85276789,1756822700,0.391078268
4.216153421,2.490928327,2.20857526,-0.530231009,1.424537788,0.878424247,1756822700,0.402844241
3.608376481,2.574677118,2.409572358,-0.526565835,1.825265367,0.801455158,1756822700,0.367546314
2.86181583,2.407179536,2.196611147,-0.454483755,2.168571596,0.689055989,1756822700,0.316000199
2.062613081,2.148754695,1.842473402,-0.283441471,2.480112972,0.531452775,1756822700,0.243723566
1.478764367,1.703689691,1.852044692,0.073303829,2.609616367,0.401949344,1756822700,0.184333457
1.430907915,1.526620819,3.074777041,0.497244304,2.513099677,0.262672052,1756822700,0.120461068
1.672582997,1.921436548,6.860222394,0.932180353,2.280970834,0.124616509,1756822700,0.057148972
1.909472435,2.93599333,12.45703446,1.255938912,1.997529277,-0.008552113,1756822700,-0.003921988
1.907079612,4.017549145,17.06321796,1.361007803,1.711644397,-0.217468025,1756822700,-0.099730559
1.868794451,4.713860522,18.60898136,1.33901662,1.451415876,-0.349414916,1756822700,-0.160241235
2.117648001,5.182853752,18.41276991,1.177748232,1.089783567,-0.432492606,1756822700,-0.198340558
3.507877932,5.163711171,17.65424514,0.982271286,0.49357913,-0.337197611,1756822700,-0.154638395
4.582255279,3.747160192,18.48455458,0.692721163,-0.155159771,-0.291993584,1756822700,-0.133907886
5.548955609,3.835694628,18.07777474,0.569326385,-0.681725623,-0.180816111,1756822700,-0.082922038
5.804987628,2.136790582,18.42712684,0.405614518,-0.8906415,0.040317106,1756822700,0.018489373
6.266802389,0.54317073,18.29312878,0.089186325,-0.752585956,0.090408055,1756822700,0.041461019
7.04925538,-1.414158157,17.76192216,-0.172263997,-0.592539299,0.164933614,1756822700,0.075638345
7.460820867,-3.436093254,16.88854191,-0.526565835,-0.376292969,0.206472451,1756822700,0.094688003
7.216752962,-5.304887704,15.38106367,-0.811229036,-0.05253441,0.432492606,1756822700,0.198340558
6.843472636,-6.319444487,13.6055893,-0.999375495,0.219911486,0.571769828,1756822700,0.262212915
5.481956577,-7.441678286,12.21057373,-1.170417761,0.656069266,0.839328837,1756822700,0.384915135
3.366701398,-7.130611348,10.46381323,-1.28159527,1.097113985,0.675616936,1756822700,0.309837066
1.969293,-5.364708269,8.116454259,-1.176526519,1.481959138,0.544891775,1756822700,0.249886674
0.473778875,-3.536591803,6.163911018,-0.955393267,1.799609009,0.349414916,1756822700,0.160241235
-0.710668312,-2.014756629,4.752145684,-0.745255608,1.968207745,0.226020138,1756822700,0.103652547
-1.44526485,-1.091127106,3.799802289,-0.609643508,2.01952046,0.028099801,1756822700,0.012886533
-1.92382937,-0.385244439,3.23031051,-0.531452775,1.940108066,-0.089186325,1756822700,-0.040900735
-2.184647034,0.153140646,2.744567522,-0.537561392,1.756848495,-0.147829388,1756822700,-0.067794369
-2.349751793,0.524028149,2.172682921,-0.548556984,1.507615356,-0.190589954,1756822700,-0.08740431
-2.474178568,0.765703232,1.598405497,-0.465479312,1.22417392,-0.216246294,1756822700,-0.099170275
-2.510070907,1.052841944,0.923629524,-0.404392788,0.893084943,-0.160046692,1756822700,-0.073397209
-2.500499617,0.988235734,0.516849682,-0.313984732,0.566882941,-0.213802833,1756822700,-0.098049707
-2.356930261,0.775274522,0.244067905,-0.201585529,0.248011287,-0.163711884,1756822700,-0.075078061
-2.048256146,0.437886536,0.538385085,-0.073303829,-0.036651914,-0.20402899,1756822700,-0.093567435
-1.663011707,0.323031051,1.880758564,0.158824962,-0.223576677,-0.188146493,1756822700,-0.086283742
-1.158126138,0.332602341,4.13240463,0.401949344,-0.382401639,-0.184481302,1756822700,-0.08460289
-0.746560651,0.631705166,6.745366909,0.662177901,-0.516792009,-0.190589954,1756822700,-0.08740431
-0.48813581,1.02173525,8.96351346,0.894306744,-0.615752143,-0.171042267,1756822700,-0.078439766
-0.325423874,1.390229931,10.83948638,1.028697044,-0.742812147,-0.174707458,1756822700,-0.080120618
0.215354034,1.751546143,12.88774252,1.232725998,-0.895528457,-0.1282817,1756822700,-0.058829824
0.65324057,1.820937999,14.90249915,1.335351446,-1.037249174,-0.1282817,1756822701,-0.058829824
0.949950572,1.538584932,17.12543135,1.495398103,-1.138652769,-0.213802833,1756822701,-0.098049707
0.736989361,1.060020412,18.70230144,1.546710835,-1.143539674,-0.411723171,1756822701,-0.188815722
-0.040677984,0.784845813,18.65683781,1.403768317,-1.167974301,-0.58276542,1756822701,-0.267255479
0.445065004,0.11006984,16.46501231,1.248608564,-1.35856422,-0.762359817,1756822701,-0.349617241
2.029113565,-0.514456859,16.58226062,0.959058441,-1.605353898,-0.579100246,1756822701,-0.265574635
3.529413335,-1.342373479,18.10888144,0.67928211,-1.982868581,-0.401949344,1756822701,-0.184333457
4.826323184,-2.983849782,18.72144402,0.41783184,-2.415361134,-0.131946891,1756822701,-0.060510676
5.979663677,-4.388436648,18.29791442,0.10140363,-2.922379334,-0.030543262,1756822701,-0.014007101
7.118647235,-5.132604477,17.30967869,-0.273667627,-3.455053909,0.098960169,1756822701,0.045383007
7.980063371,-5.063212622,15.5748823,-0.597426203,-3.8289034,0.249233017,1756822701,0.114297944
8.12602555,-4.661218425,13.53619745,-0.767246722,-3.953519891,0.263893783,1756822701,0.121021353
7.834101192,-3.582055432,11.18644566,-0.768468452,-3.737273615,0.301767445,1756822701,0.138390166
7.762316514,-1.998006871,8.571090553,-0.720820964,-3.280346277,0.267558974,1756822701,0.122702205
7.695317482,-0.253639196,6.09212634,-0.590095838,-2.703689614,0.343306264,1756822701,0.157439815
7.590033287,1.179661542,4.168296969,-0.596204472,-2.032959565,0.438601224,1756822701,0.201141963
7.389036189,1.837687757,2.818745023,-0.613308682,-1.396437969,0.538783158,1756822701,0.24708527
7.020541508,1.947757596,1.971685822,-0.58398715,-0.734260016,0.60353489,1756822701,0.276780332
6.477370778,1.899901144,1.442872028,-0.601091377,-0.061086524,0.64018677,1756822701,0.293588837
5.79780916,1.701296869,1.098305573,-0.54611354,0.533896218,0.675616936,1756822701,0.309837066
5.096712138,1.483550012,1.004985492,-0.527787566,1.021366678,0.68050391,1756822701,0.312078226
4.381258181,1.478764367,1.031306541,-0.492357365,1.414763857,0.740368634,1756822701,0.339532112
3.665804223,1.631905013,1.189232832,-0.540004888,1.701870589,0.744033878,1756822701,0.341212989
2.778067039,1.68454711,1.275374446,-0.572991628,1.96087738,0.724486138,1756822701,0.33224842
2.15354034,1.342373479,1.270588801,-0.522900626,2.177123674,0.667064858,1756822701,0.305915094
1.452443318,0.880558717,1.31605243,-0.382401639,2.342057358,0.50701813,1756822701,0.232517869
1.091127106,0.366101858,1.655833239,-0.020769418,2.434908752,0.343306264,1756822701,0.157439815
1.050449121,-0.06460621,2.775674216,0.481361808,2.414139544,0.188146493,1756822701,0.086283742
1.483550012,-0.196211453,5.228317381,1.100779159,2.252871033,0.034208453,1756822701,0.015687953
2.124826469,0.416351132,9.293722978,1.816713149,1.931555848,-0.135612083,1756822701,-0.062191529
2.533999133,2.201396792,14.56750399,2.195449684,1.461189667,-0.239459173,1756822701,-0.109815672
2.548356069,4.620540441,18.84108515,2.028072538,0.902858822,-0.348193203,1756822701,-0.159680959
2.818745023,6.022734484,20.26002895,1.568701879,0.447153372,-0.452040276,1756822701,-0.207305095
6.23091005,2.864208652,20.26720742,1.038470905,0,-0.338419325,1756822701,-0.155198671
5.486742222,4.620540441,18.68076604,0.620639099,-0.450818546,-0.503352956,1756822701,-0.230837024
7.369893608,4.314259148,18.90569136,0.335975881,-1.006705913,-0.415388345,1756822701,-0.190496566
9.645467901,3.830908983,17.47717627,0.20525072,-1.199739293,0.034208453,1756822701,0.015687953
8.898907249,0.490528633,18.11845273,-0.105068821,-1.306029914,0.151494579,1756822701,0.069475221
9.695717175,-2.488535504,17.85763506,-0.477696634,-1.247386834,0.266337244,1756822701,0.122141921
9.769894676,-5.120640364,16.76411514,-0.665843145,-0.92851518,0.35918876,1756822701,0.164723508
9.181260316,-7.116254412,15.75195118,-0.91018924,-0.35918876,0.481361808,1756822701,0.220751912
8.327022648,-7.910671516,13.96211987,-1.097113985,0.41661011,0.695164676,1756822701,0.318801635
6.731009974,-7.494320383,11.70568816,-1.104444333,1.171639475,0.929736893,1756822701,0.426376155
4.141975921,-6.719045861,9.334400963,-1.230282555,1.935221022,1.037249174,1756822701,0.47568115
1.1964113,-5.577669481,7.367500785,-1.137431039,2.477669528,0.616973856,1756822701,0.282943424
0.323031051,-3.661018578,5.108676251,-0.91018924,2.877175377,0.313984732,1756822701,0.143992998
-0.935593637,-2.433500584,3.974478339,-0.636521596,3.057991505,0.174707458,1756822701,0.080120618
-1.864008805,-1.521835174,3.538984625,-0.441044702,3.044552382,0.014660766,1756822701,0.006723409
-2.538784779,-0.736989361,3.089133977,-0.339641055,2.851519019,-0.134390352,1756822701,-0.061631244
-2.979064137,-0.090927259,2.404786713,-0.211359372,2.499660572,-0.226020138,1756822701,-0.103652547
-3.196810994,0.351744922,1.49072848,-0.155159771,2.079385253,-0.216246294,1756822701,-0.099170275
-3.424129141,0.763310409,0.746560651,-0.095294977,1.620014612,-0.194255146,1756822701,-0.089085162
-3.464807125,1.26101751,0.246460728,0.018325957,1.185078597,-0.196698607,1756822701,-0.090205731
-3.34995164,1.531406464,-0.196211453,0.032986723,0.747699052,-0.207694181,1756822701,-0.095248287
-2.868994297,1.607976787,-0.279960244,0.062308254,0.34086282,-0.213802833,1756822701,-0.098049707
-2.299502519,1.502692593,0.866201781,0.116064395,-0.057421332,-0.172263997,1756822701,-0.07900005
-1.641476304,1.402194044,3.218346397,0.243124365,-0.362853969,-0.1282817,1756822701,-0.058829824
-1.038485008,1.210768236,5.924628758,0.427605667,-0.575435072,-0.07696902,1756822701,-0.035297895
-0.832702265,1.607976787,8.252845147,0.570548115,-0.791681366,-0.046425758,1756822701,-0.021290793
-0.760917587,2.081755662,10.68395291,0.786794462,-0.977384381,-0.00122173,1756822701,-0.000560284
0.521635327,1.624726545,13.81137205,0.863763482,-1.091005281,0.106290551,1756822701,0.048744711
-0.145962179,2.464607278,15.89312771,1.12887896,-1.081231489,-0.02443461,1756822701,-0.011205681
0.095712904,2.349751793,17.40060595,1.193630658,-0.989601703,0.20402899,1756822701,0.093567435
0.122033953,1.466800254,18.58266031,1.389107482,-0.897971918,-0.05009095,1756822701,-0.022971646
-0.378065971,0.143569356,18.36012781,1.552819453,-0.763581548,-0.17837265,1756822701,-0.08180147
-0.028713871,-0.732203716,17.20200167,1.632231864,-0.878424247,-0.371406082,1756822701,-0.170326356
0.985842911,-1.885544209,17.48674756,1.565036705,-1.160643953,-0.43493605,1756822701,-0.199461118
2.443071875,-3.225524865,19.48954008,1.420872614,-1.456302763,-0.233350521,1756822701,-0.107014252
3.704089385,-4.409972052,20.31267105,1.213178398,-1.893682238,-0.155159771,1756822701,-0.071156073
4.438685923,-5.197210687,19.62593097,0.955393267,-2.50821279,0.057421332,1756822701,0.02633335
5.436492947,-5.532205851,18.08016757,0.516792009,-3.167947038,0.073303829,1756822701,0.033617043
6.300301906,-5.31924464,16.46501231,0.040317106,-3.772703781,0.160046692,1756822701,0.073397209
6.951149653,-4.582255279,14.33779302,-0.30665435,-4.203974482,0.188146493,1756822701,0.086283742
7.310073043,-3.608376481,11.5621188,-0.520457183,-4.405560063,0.173485728,1756822701,0.079560334
7.391429011,-2.32821639,8.944370879,-0.555887367,-4.359134253,0.248011287,1756822701,0.11373766
7.5278199,-0.801595571,6.39601481,-0.586430594,-4.029267129,0.28221974,1756822701,0.129425613
7.709674417,0.516849682,4.082155356,-0.527787566,-3.500257867,0.394618961,1756822701,0.180971753
7.889136112,1.213161058,2.428714939,-0.500909513,-2.904053325,0.441044702,1756822701,0.202262538
7.996813129,1.540977754,1.330409366,-0.510683339,-2.199114858,0.509461626,1756822701,0.233638453
7.9513495,1.603191142,0.631705166,-0.458148929,-1.446528832,0.529009279,1756822701,0.242602981
7.72163853,1.655833239,0.210568389,-0.412944901,-0.752585956,0.577878533,1756822701,0.265014359
7.231109897,1.789831305,0.050249275,-0.375071256,-0.031764992,0.616973856,1756822701,0.282943424
6.731009974,2.093719775,0.035892339,-0.342084533,0.647517118,0.685390797,1756822701,0.314319346
5.824130208,2.397608245,0.327816696,-0.464257581,1.307251645,0.745255608,1756822701,0.341773272
4.934000201,2.545963246,0.660419038,-0.510683339,1.9242255,0.783129218,1756822701,0.359142062
3.89312237,2.476571391,0.775274522,-0.598647916,2.4312437,0.724486138,1756822701,0.33224842
2.969492847,2.213360905,0.775274522,-0.543670062,2.874731933,0.56443948,1756822701,0.258851226
2.184647034,1.758724611,0.792024281,-0.384845083,3.120299619,0.382401639,1756822701,0.175368905
1.777867192,1.225125171,1.289731381,-0.013439035,3.213151258,0.119729587,1756822701,0.054907836
2.084148485,1.182054364,3.237488978,0.597426203,3.055548044,-0.017104227,1756822701,-0.007843977
2.50289244,1.753938966,7.953742322,1.199739293,2.781880277,-0.157603231,1756822701,-0.072276641
2.845066071,2.845066071,14.3569356,1.6468927,2.539977643,-0.298102236,1756822701,-0.136709306
2.962314379,4.283152454,19.27897169,1.727526946,2.322509758,-0.392175465,1756822701,-0.179851169
2.952743088,5.637490046,20.79841404,1.533271713,2.046398548,-0.467922755,1756822701,-0.214588779
2.756531635,5.39342214,19.94896202,1.123992073,1.62856669,-0.421497014,1756822701,-0.193297994
4.046263017,5.07996238,17.33599974,0.785572661,0.919963031,-0.527787566,1756822701,-0.242042705
4.953142782,3.723231966,17.54656813,0.626747734,0.111177473,-0.406836231,1756822701,-0.186574577
5.331208753,2.459821633,17.79063603,0.520457183,-0.211359372,-0.17959438,1756822701,-0.082361754
5.25463843,0.059820565,19.33400661,0.294437062,-0.252898209,-0.069638637,1756822701,-0.03193619
6.178267953,-1.998006871,19.35554201,0.07574729,-0.328645498,-0.018325957,1756822701,-0.008404261
6.652046828,-4.029513258,18.89612007,-0.219911486,-0.398284135,0.017104227,1756822701,0.007843977
6.716653038,-5.699703433,17.46042651,-0.599869646,-0.335975881,0.15393804,1756822701,0.070595789
5.900700532,-5.793023515,14.90249915,-0.913854414,-0.030543262,0.355523586,1756822701,0.163042664
5.73320295,-6.053841178,12.89731381,-1.114218194,0.20402899,0.415388345,1756822701,0.190496566
4.488935198,-5.690132143,10.85384331,-1.259604086,0.577878533,0.67928211,1756822701,0.31151791
2.833101958,-4.17786826,8.31027289,-1.254717182,0.984714729,0.667064858,1756822701,0.305915094
1.392622753,-3.704089385,6.489334891,-1.230282555,1.297477696,0.450818546,1756822701,0.206744811
0.595812827,-2.354537438,4.747360038,-1.084896663,1.517389287,0.268780705,1756822701,0.123262489
-0.217746857,-1.30648114,3.617947771,-0.919963031,1.701870589,0.167377075,1756822701,0.076758913
-0.863808959,-0.636490812,2.737389054,-0.789237905,1.750739738,0.047647489,1756822701,0.021851078
-1.258624688,-0.100498549,1.935793483,-0.7550294,1.721418189,-0.080634211,1756822701,-0.036978746
-1.533799287,0.299102825,1.098305573,-0.748920782,1.610240803,-0.145385927,1756822701,-0.066673801
-1.648654771,0.586241537,0.509671214,-0.695164676,1.452637589,-0.193033415,1756822701,-0.088524878
-1.789831305,0.94755775,-0.031106694,-0.682947354,1.270599748,-0.211359372,1756822701,-0.096929139
-1.749153321,1.244267752,-0.660419038,-0.673173492,1.061683819,-0.202807259,1756822701,-0.093007151
-1.560120335,1.392622753,-1.057627589,-0.604756621,0.827111515,-0.190589954,1756822701,-0.08740431
-1.418943802,1.289731381,-0.703489844,-0.470366251,0.596204472,-0.173485728,1756822701,-0.079560334
-1.019342428,0.748953474,0.789631458,-0.211359372,0.406836231,-0.227241869,1756822701,-0.104212832
-0.576670247,0.351744922,3.206382284,0.141720735,0.298102236,-0.17837265,1756822701,-0.08180147
-0.105284194,0.387637261,6.410371745,0.588874125,0.265115513,-0.131946891,1756822701,-0.060510676
0.052642097,0.959521863,9.279366043,0.823446341,0.202807259,-0.130725161,1756822701,-0.059950392
-0.038285162,1.686939933,11.75354461,1.037249174,0.15393804,-0.047647489,1756822701,-0.021851078
0.11964113,2.215753728,14.59621786,1.061683819,0.114842665,0.083077672,1756822701,0.038099315
0.220139679,2.045863323,16.29751473,1.141096213,0.140499005,0.073303829,1756822701,0.033617043
0.00957129,1.540977754,18.00599007,1.296255983,0.20525072,-0.00122173,1756822701,-0.000560284
-0.315852583,0.492921456,19.47757596,1.368338168,0.307876063,-0.221133216,1756822702,-0.101411411
-1.308873962,-0.540777908,19.20718701,1.469741746,0.270002435,-0.464257581,1756822702,-0.212907935
-1.574477271,-1.875972918,17.33360691,1.446528832,-0.015882496,-0.555887367,1756822702,-0.254929238
-0.459421939,-3.117847848,18.12323837,1.246165121,-0.464257581,-0.471587964,1756822702,-0.21626964
0.555134843,-3.988835274,19.99442565,1.016479791,-1.004262469,-0.290771853,1756822702,-0.133347601
1.320838075,-4.809573426,20.30549258,0.777020583,-1.656666491,-0.07574729,1756822702,-0.034737611
2.103291065,-4.867001168,19.01815402,0.488692191,-2.359161515,0.007330383,1756822702,0.003361704
3.378665511,-5.048855686,17.66860208,0.162490153,-3.073873791,0.249233017,1756822702,0.114297944
3.89312237,-4.941178669,15.94576981,-0.215024564,-3.68473903,0.223576677,1756822702,0.102531979
4.986642298,-3.840480273,13.68215963,-0.421497014,-4.087910191,0.249233017,1756822702,0.114297944
5.426921657,-2.627319215,11.29890832,-0.500909513,-4.285830476,0.294437062,1756822702,0.135028462
5.565705368,-1.634297836,8.980263218,-0.530231009,-4.229630839,0.329867229,1756822702,0.151276691
5.757131176,-0.306281293,6.501299004,-0.49357913,-4.020714911,0.364075699,1756822702,0.166964652
6.089733517,0.713061135,4.637290199,-0.526565835,-3.65541762,0.392175465,1756822702,0.179851169
6.290730615,1.292124204,3.053241638,-0.508239896,-3.196046839,0.428827397,1756822702,0.196659698
6.410371745,1.588834206,1.966900177,-0.592539299,-2.656041934,0.486248747,1756822702,0.222993056
6.501299004,1.6199409,1.160518961,-0.58276542,-2.0586158,0.524122392,1756822702,0.240361861
6.479763601,1.737189208,0.619741053,-0.590095838,-1.444085388,0.559552576,1756822702,0.256610099
6.238088518,1.78504566,0.251246373,-0.579100246,-0.789237905,0.608421795,1756822702,0.27902146
5.848058434,2.045863323,0.098105727,-0.619417386,-0.12950343,0.669508319,1756822702,0.307035662
5.173282461,2.249253244,0.124426775,-0.663399614,0.557109097,0.643851944,1756822702,0.295269681
4.419543342,2.234896308,0.186640163,-0.702495024,1.169196031,0.598647916,1756822702,0.274539172
6.242874163,-5.099104961,-0.124426775,-0.645073674,1.993864103,0.046425758,1756822702,0.021290793
4.12283334,1.071984525,0.72741807,-0.38362337,2.522873486,0.480140077,1756822702,0.220191628
2.646461796,1.670190175,0.964307508,-0.05253441,2.687807048,-0.405614518,1756822702,-0.186014301
2.727817764,1.363908882,2.08893413,0.516792009,2.686585195,-0.305432619,1756822702,-0.14007101
3.182454058,1.672582997,4.962714072,1.158200509,2.569299314,-0.455705485,1756822702,-0.208985955
3.704089385,2.569891472,10.17667452,1.640784065,2.272418634,-0.636521596,1756822702,-0.291907993
3.921836241,3.780659708,16.35972812,1.854586898,1.990198929,-0.54611354,1756822702,-0.250446974
3.76390995,4.431507455,20.59980976,1.629788403,1.764178843,-0.734260016,1756822702,-0.336730708
3.950550113,5.821737386,20.42034807,1.252273738,1.382998864,-0.686612528,1756822702,-0.314879631
4.926821733,4.950749959,18.89851289,0.893084943,0.780685774,-0.864985195,1756822702,-0.396681109
7.685746191,5.072783912,17.74995805,0.764803278,0.021991149,-0.098960169,1756822702,-0.045383007
7.010970218,3.244667446,17.80738579,0.500909513,-0.5131268,0.141720735,1756822702,0.064992949
6.613761666,0.65324057,18.00599007,0.260228591,-0.596204472,0.02687807,1756822702,0.012326249
7.432106996,-1.115055332,18.14238095,0.029321531,-0.467922755,-0.091629786,1756822702,-0.042021303
8.248059502,-2.99102825,17.76670781,-0.15271631,-0.384845083,-0.116064395,1756822702,-0.053226984
8.271987728,-4.606183505,17.00579022,-0.401949344,-0.218689755,-0.02687807,1756822702,-0.012326249
7.932206919,-5.757131176,15.56531101,-0.778242313,0.087964594,0.009773844,1756822702,0.004482272
7.00379175,-6.269195212,13.72762326,-1.077566315,0.532674488,0.147829388,1756822702,0.067794369
5.67816803,-6.149554082,11.79661542,-1.325577515,0.988379973,0.12950343,1756822702,0.059390108
4.127618985,-5.429314479,9.68136024,-1.401324874,1.481959138,0.149051118,1756822702,0.068354653
2.701496715,-4.168296969,7.508677319,-1.35856422,1.855808629,0.090408055,1756822702,0.041461019
1.414158157,-2.818745023,5.603990529,-1.202182736,2.095267819,-0.037873645,1756822702,-0.017368805
0.387637261,-1.713260982,4.323830438,-0.999375495,2.184454162,-0.091629786,1756822702,-0.042021303
-0.363709035,-0.90209412,3.467199947,-0.8906415,2.19178451,-0.157603231,1756822702,-0.072276641
-0.993021379,-0.366101858,2.569891472,-0.81489421,2.122145768,-0.226020138,1756822702,-0.103652547
-1.438086383,0.00957129,1.588834206,-0.745255608,1.971873041,-0.211359372,1756822702,-0.096929139
-1.792224127,0.375673148,0.842273555,-0.676838666,1.784948174,-0.206472451,1756822702,-0.094688003
-2.031506387,0.725025248,0.193818631,-0.615752143,1.611462533,-0.177150919,1756822702,-0.081241186
-2.232503486,0.926022346,-0.342173632,-0.56321775,1.406211778,-0.145385927,1756822702,-0.066673801
-2.313859454,0.739382183,-0.823130974,-0.461814103,1.159422222,-0.10384709,1756822702,-0.047624143
-2.158325985,0.504885569,-0.60777694,-0.272445896,0.961501885,-0.069638637,1756822702,-0.03193619
-1.799402595,-0.100498549,0.691525731,-0.015882496,0.774577139,-0.034208453,1756822702,-0.015687953
-1.37108735,0.306281293,2.708675183,0.445931606,0.525344105,-0.013439035,1756822702,-0.006163124
-0.452243471,-0.514456859,6.326622954,0.808785575,0.394618961,0.056199602,1756822702,0.025773066
-0.720239603,1.378265818,9.178867494,1.237613042,0.22968533,0.053756141,1756822702,0.024652498
-0.983450089,2.677568489,11.85882881,1.4172073,-0.057421332,0.116064395,1756822702,0.053226984
-1.397408398,4.400400761,14.56989681,1.22417392,-0.289550123,0.122173048,1756822702,0.056028404
-1.631905013,4.993820766,16.42433433,0.951728024,-0.404392788,0.073303829,1756822702,0.033617043
-1.294517027,4.161118501,17.69013748,0.785572661,-0.481361808,0.109955743,1756822702,0.050425564
-0.746560651,2.038684855,18.3696991,0.902858822,-0.555887367,0.013439035,1756822702,0.006163124
-0.739382183,-0.222532502,18.31227136,1.156978779,-0.719599251,-0.135612083,1756822702,-0.062191529
-0.971485976,-1.84965187,17.41735571,1.255938912,-0.905302266,-0.452040276,1756822702,-0.207305095
0.263210486,-3.1657043,17.87438482,1.216843572,-1.20706978,-0.452040276,1756822702,-0.207305095
1.292124204,-3.498306641,19.42493387,0.989601703,-1.528384826,-0.450818546,1756822702,-0.206744811
2.311466632,-3.945764467,19.25265064,0.840550568,-2.032959565,-0.43493605,1756822702,-0.199461118
3.148954542,-4.086941001,17.95813361,0.668286588,-2.673146352,-0.373849526,1756822702,-0.171446916
4.051048662,-4.015156323,16.4530482,0.366519143,-3.35975881,-0.328645498,1756822702,-0.150716407
5.237888671,-3.806980757,14.91685609,0.029321531,-4.009719511,-0.28221974,1756822702,-0.129425613
6.104090453,-3.069991396,12.96431285,-0.252898209,-4.484972596,-0.085521133,1756822702,-0.039219883
6.539584166,-2.244467599,10.79641557,-0.408057962,-4.717101177,0.003665191,1756822702,0.001680852
6.704688925,-1.170090251,8.449056601,-0.514348513,-4.690223491,0.211359372,1756822702,0.096929139
6.869793685,-0.038285162,6.434299971,-0.549778714,-4.414112281,0.239459173,1756822702,0.109815672
7.590033287,0.983450089,4.819144716,-0.516792009,-3.8289034,0.321315115,1756822702,0.147354702
7.434499818,1.301695494,3.031706234,-0.551000445,-3.24369452,0.320093385,1756822702,0.146794419
6.817151587,-1.473978722,1.753938966,-0.537561392,-2.304183748,0.403171057,1756822702,0.184893733
7.874779177,0.96670033,1.320838075,-0.366519143,-1.670105596,0.453261989,1756822702,0.207865371
7.972884903,0.964307508,0.540777908,-0.316428176,-0.874759004,0.460592372,1756822702,0.211227075
7.40817877,1.033699363,0.380458793,-0.270002435,-0.113620934,0.601091377,1756822702,0.27565974
6.585047795,0.940379282,0.454636294,-0.215024564,0.65973444,0.526565835,1756822702,0.241482421
7.092326186,0.251246373,0.576670247,-0.438601224,2.147802143,0.505796417,1756822702,0.231957593
5.075176735,0.66281186,0.535992262,0.260228591,2.548529844,0.339641055,1756822702,0.155758955
3.780659708,1.292124204,0.65324057,-0.108734012,3.098308558,0.779464044,1756822702,0.357461218
2.895315346,0.758524764,0.595812827,-0.161268423,3.306002634,0.295658793,1756822702,0.135588746
2.694318248,-0.729810893,0.445065004,-0.158824962,3.347541558,0.393397231,1756822702,0.180411469
0.102891372,1.909472435,0.320638228,0.134390352,3.133738724,0.251676478,1756822702,0.115418512
0.428315245,2.249253244,2.005185339,0.445931606,2.740341371,-0.197920337,1756822702,-0.090766014
0.557527666,3.242274623,6.278766502,0.768468452,2.23821032,-0.177150919,1756822702,-0.081241186
1.110269686,4.54636294,13.23709462,1.015257991,1.534493443,-0.405614518,1756822702,-0.186014301
1.103091219,6.041877065,20.8151638,1.022588409,0.951728024,-0.533896218,1756822702,-0.244844125
2.167897276,6.522834408,22.22692913,0.850324429,0.475253155,-0.730594842,1756822702,-0.335049864
3.421736318,6.352944003,20.79123557,0.668286588,-0.096516708,-0.586430594,1756822702,-0.268936323
6.084947872,6.070590936,18.00838289,0.464257581,-0.763581548,-0.450818546,1756822702,-0.206744811
7.506284496,4.419543342,16.70190175,0.310319558,-1.271821478,-0.245567826,1756822702,-0.112617092
7.077969251,2.266003002,16.41237021,0.002443461,-1.345125255,-0.224798408,1756822702,-0.103092264
7.716852885,0.397208552,16.53679699,-0.175929189,-1.131322421,-0.291993584,1756822702,-0.133907886
8.898907249,-1.433300737,16.62533142,-0.257785131,-0.973719207,-0.276111088,1756822702,-0.126624193
9.588040158,-3.192025348,16.46261949,-0.333532438,-0.904080535,-0.2565634,1756822702,-0.117659648
9.296115801,-4.752145684,15.95294827,-0.477696634,-0.750142513,-0.135612083,1756822702,-0.062191529
8.137989663,-5.099104961,14.71825181,-0.745255608,-0.355523586,-0.080634211,1756822702,-0.036978746
7.264609414,-5.584847948,12.87817123,-0.984714729,0.006108652,-0.094073247,1756822702,-0.043141871
5.773880934,-5.312066172,10.78684428,-1.038470905,0.449596815,-0.174707458,1756822702,-0.080120618
4.567898343,-4.649254312,8.977870395,-1.153313605,0.922406475,-0.054977871,1756822702,-0.025212782
3.268595672,-3.792623821,7.094719009,-1.021366678,1.325577515,-0.334754151,1756822702,-0.153517827
2.050648968,-2.627319215,5.520241738,-0.906523996,1.678657675,-0.219911486,1756822702,-0.100851127
1.08634146,-2.232503486,4.838287297,-0.740368634,1.86558242,-0.422718727,1756822702,-0.19385827
0.253639196,-1.198804123,3.905086483,-0.652404092,1.925447231,-0.354301821,1756822702,-0.162482364
0.050249275,-1.840080579,3.321237769,-0.441044702,2.474004215,-0.171042267,1756822702,-0.078439766
-0.8470592,-0.751346296,2.438286229,-0.342084533,2.131919716,-0.307876063,1756822702,-0.14119157
-1.117448154,-0.591027182,1.725225095,-0.195476876,1.882686716,-0.07696902,1756822702,-0.035297895
-1.342373479,-0.483350165,1.000199847,-0.086742864,1.717753015,-0.183259571,1756822702,-0.084042606
-1.375872995,-0.050249275,0.356530567,-0.009773844,1.486846025,-0.067195176,1756822702,-0.030815622
-1.679761465,0.277567422,-0.265603309,0.003665191,1.242499929,-0.080634211,1756822702,-0.036978746
-1.653440417,0.208175566,-0.29431718,0.029321531,0.988379973,-0.010995574,1756822702,-0.005042556
-1.519442351,0.648454925,0.519242504,0.05009095,0.636521596,-0.053756141,1756822702,-0.024652498
-0.94755775,0.993021379,2.270788647,0.173485728,0.331088942,-0.096516708,1756822702,-0.044262439
-0.504885569,1.239482107,5.204389155,0.412944901,0.02565634,0.008552113,1756822702,0.003921988
-0.495314278,2.09850542,8.269594906,0.594982742,-0.12950343,-0.106290551,1756822702,-0.048744711
0.00957129,2.890529701,11.60279679,0.691499432,-0.322536846,-0.062308254,1756822702,-0.028574486
-1.268195978,4.615754795,14.49571931,0.592539299,-0.384845083,-0.053756141,1756822702,-0.024652498
-0.713061135,4.208974953,17.44367675,0.569326385,-0.542448332,-0.189368224,1756822702,-0.086844026
0.540777908,3.268595672,18.79562152,0.692721163,-0.762359817,-0.164933614,1756822702,-0.075638345
1.596012674,1.622333723,18.87219185,0.770911896,-0.687834258,-0.239459173,1756822702,-0.109815672
1.493121302,-0.179461695,18.88654878,0.83199842,-0.739146903,-0.3775147,1756822702,-0.173127761
2.074577194,-1.000199847,17.45564087,1.015257991,-0.901637092,-0.608421795,1756822703,-0.27902146
2.756531635,-2.215753728,17.97009773,0.922406475,-1.282817,-0.470366251,1756822703,-0.215709364
2.979064137,-2.400001068,18.95833346,0.913854414,-1.722639919,-0.454483755,1756822703,-0.208425671
3.783052531,-2.349751793,18.03948958,0.807563845,-2.339613915,-0.3775147,1756822703,-0.173127761
4.804787781,-2.725424941,16.99382611,0.544891775,-3.0641,-0.373849526,1756822703,-0.171446916
5.857629725,-3.151347364,15.9242344,0.145385927,-3.694512838,-0.273667627,1756822703,-0.125503625
6.69990328,-3.053241638,14.39043512,-0.180816111,-4.108679662,-0.109955743,1756822703,-0.050425564
7.305287398,-2.32821639,12.24168042,-0.444709893,-4.299269581,-0.043982297,1756822703,-0.020170225
7.563712239,-1.421336624,10.06181903,-0.636521596,-4.236961205,0.184481302,1756822703,0.08460289
7.747959579,-0.457029117,8.248059502,-0.652404092,-3.916867872,0.34086282,1756822703,0.156319255
7.800601676,0.411565487,6.218945937,-0.69882985,-3.381749871,0.483805251,1756822703,0.221872472
7.71206724,0.945164927,4.524827537,-0.663399614,-2.761110824,0.597426203,1756822703,0.273978896
7.654639497,1.028913718,3.177668413,-0.594982742,-2.064724557,0.673173492,1756822703,0.308716506
7.491927561,0.899701298,2.249253244,-0.537561392,-1.403768317,0.724486138,1756822703,0.33224842
7.245466833,0.770488877,1.61036961,-0.387288578,-0.789237905,0.774577139,1756822703,0.355220089
6.786044894,0.768096055,1.143769203,-0.382401639,-0.15271631,0.845437472,1756822703,0.387716548
5.979663677,1.198804123,0.82791662,-0.180816111,0.665843145,1.034805731,1756822703,0.47456059
5.295316414,0.916451056,0.720239603,-0.320093385,1.099557429,0.982271286,1756822703,0.45046836
4.460221326,1.07677017,0.674775973,-0.313984732,1.665218709,0.923628205,1756822703,0.423574718
3.565305674,1.004985492,0.564706134,-0.328645498,2.168571596,0.966388789,1756822703,0.443184668
2.490928327,1.158126138,0.392422906,-0.28099801,2.565634,0.764803278,1756822703,0.350737809
1.921436548,1.208375413,0.351744922,-0.163711884,2.838079914,0.587652324,1756822703,0.269496607
1.540977754,1.170090251,0.332602341,0.095294977,2.919935891,0.217468025,1756822703,0.099730559
0.952343395,1.292124204,1.150947671,0.475253155,2.806314782,0.010995574,1756822703,0.005042556
2.285145583,0.256032018,4.331008906,0.968832233,1.748296277,-0.084299403,1756822703,-0.038659599
1.940579129,2.488535504,10.59302565,1.725083363,1.701870589,-0.200363798,1756822703,-0.091886583
2.062613081,4.309473503,18.42712684,1.758070208,1.365894708,-0.38362337,1756822703,-0.175929189
2.373680019,5.515456093,23.10509503,1.507615356,0.846659185,-0.505796417,1756822703,-0.231957593
2.498106794,6.458228197,21.62393784,1.098335698,0.271224166,-0.474031425,1756822703,-0.217390208
4.599005037,6.116054566,18.59701725,0.742812147,-0.453261989,-0.392175465,1756822703,-0.179851169
7.448856754,4.931607379,17.36471361,0.516792009,-1.393994526,0.02687807,1756822703,0.012326249
7.795816031,2.443071875,17.54178248,0.224798408,-1.858252072,0.158824962,1756822703,0.072836925
8.50409152,0.492921456,17.83131402,-0.046425758,-1.742187659,0.190589954,1756822703,0.08740431
10.28674436,-1.409372511,17.86481353,-0.240680904,-1.481959138,0.155159771,1756822703,0.071156073
11.57169009,-3.986442452,17.426927,-0.302989176,-1.203404467,0.252898209,1756822703,0.115978796
11.47837001,-5.984449323,16.16351666,-0.452040276,-0.750142513,0.317649941,1756822703,0.145673858
10.63609646,-7.101897477,14.6105748,-0.649960648,-0.063529985,0.364075699,1756822703,0.166964652
9.176474671,-7.305287398,12.54078325,-0.856433064,0.758694643,0.449596815,1756822703,0.206184527
7.403393124,-6.666403764,10.04506927,-0.962723615,1.527163095,0.455705485,1756822703,0.208985955
5.288137946,-5.395814963,7.747959579,-0.912632683,2.23087985,0.411723171,1756822703,0.188815722
3.316452124,-3.878765435,5.761916821,-0.777020583,2.796540991,0.317649941,1756822703,0.145673858
1.792224127,-2.435893407,4.275973986,-0.62186083,3.125186524,0.188146493,1756822703,0.086283742
0.559920488,-1.457228963,3.41455785,-0.411723171,3.28278972,0.069638637,1756822703,0.03193619
-0.334995164,-0.665204683,2.955135911,-0.299323967,3.30111573,-0.031764992,1756822703,-0.014567385
-0.988235734,0.021535403,2.438286229,-0.20402899,3.158173229,-0.040317106,1756822703,-0.018489373
-1.457228963,0.385244439,1.813759531,-0.217468025,2.888170776,-0.07696902,1756822703,-0.035297895
-1.837687757,0.600598473,1.160518961,-0.190589954,2.563190557,-0.079412481,1756822703,-0.036418463
-2.041077678,0.672383151,0.378065971,-0.174707458,2.196671414,0.004886922,1756822703,0.002241136
-2.210968082,0.981057266,-0.705882667,-0.188146493,1.820378462,0.063529985,1756822703,0.02913477
-2.199003969,1.339980656,-1.402194044,-0.175929189,1.424537788,0.092851516,1756822703,0.042581587
-2.012363807,1.552941867,-1.124626622,-0.141720735,0.995710321,0.155159771,1756822703,0.071156073
-1.6199409,1.287338559,0.509671214,0.039095375,0.689055989,0.141720735,1756822703,0.064992949
-1.107876864,1.040877831,3.436093254,0.312763002,0.488692191,0.219911486,1756822703,0.100851127
-0.715453957,1.143769203,7.137789816,0.709825372,0.541226601,0.241902634,1756822703,0.11093624
-0.581455892,1.818545176,10.28195871,0.821002898,0.482583538,0.213802833,1756822703,0.098049707
-0.959521863,2.639283328,13.29691519,1.0054842,0.455705485,0.274889357,1756822703,0.126063909
-1.203589768,3.467199947,16.90529167,0.933402084,0.524122392,0.233350521,1756822703,0.107014252
-1.651047594,3.369094221,18.30509289,0.913854414,0.626747734,0.221133216,1756822703,0.101411411
-1.61036961,1.56490598,18.7190512,0.896750187,0.733038286,-0.02443461,1756822703,-0.011205681
-2.974278492,1.048056299,18.42712684,1.226617381,0.637743326,0.219911486,1756822703,0.100851127
-3.184846881,-0.990628556,18.0729891,1.4172073,0.41661011,-0.360410491,1756822703,-0.165283792
-2.778067039,-2.770888571,17.3001074,1.541823791,-0.057421332,-0.251676478,1756822703,-0.115418512
-1.909472435,-3.287738252,19.22872241,1.420872614,-0.581543707,-0.233350521,1756822703,-0.107014252
-0.808774039,-3.730410433,20.56391742,1.266934434,-1.24494339,-0.188146493,1756822703,-0.086283742
0.066999033,-3.601198013,19.68335871,1.038470905,-2.043955104,0.020769418,1756822703,0.009524829
1.091127106,-3.218346397,18.36252063,0.64018677,-2.968805162,-0.098960169,1756822703,-0.045383007
2.727817764,-2.804388087,17.08236054,0.263893783,-3.77026032,0.018325957,1756822703,0.008404261
4.278366809,-2.246860421,15.06042544,-0.07574729,-4.375016801,-0.013439035,1756822703,-0.006163124
5.379065205,-1.153340493,12.33739333,-0.384845083,-4.792848397,0.197920337,1756822703,0.090766014
6.075376581,0.040677984,9.533005238,-0.514348513,-5.012759988,0.360410491,1756822703,0.165283792
6.333801422,0.997807024,6.826722878,-0.626747734,-4.904026324,0.555887367,1756822703,0.254929238
6.309873196,1.667797352,4.735395925,-0.669508319,-4.486194466,0.725707938,1756822703,0.332808736
6.39601481,1.969293,3.146561719,-0.669508319,-3.960850239,0.697608119,1756822703,0.319922195
6.781259248,1.919043725,2.007578161,-0.60231309,-3.330437401,0.687834258,1756822703,0.315439914
6.850651104,1.847259047,1.189232832,-0.491135634,-2.627942377,0.656069266,1756822703,0.30087253
6.886543443,1.773081547,0.581455892,-0.441044702,-1.925447231,0.636521596,1756822703,0.291907993
6.640082715,1.830509289,0.198604276,-0.411723171,-1.240056486,0.669508319,1756822703,0.307035662
6.233302873,2.012363807,0.019142581,-0.425162223,-0.524122392,0.671951762,1756822703,0.308156222
5.642275691,2.20857526,-0.038285162,-0.482583538,0.23090706,0.657290996,1756822703,0.301432813
4.945964314,2.203789615,0.026321049,-0.554665654,0.955393267,0.64018677,1756822703,0.293588837
4.218546244,1.887937031,0.299102825,-0.56321775,1.609019072,0.509461626,1756822703,0.233638453
3.663411401,1.44526485,0.787238635,-0.464257581,2.188119336,0.30054568,1756822703,0.137829866
3.400200915,0.981057266,1.507478238,-0.171042267,2.581516566,-0.017104227,1756822703,-0.007843977
3.280559785,0.681954441,2.557927359,0.25534167,2.816088853,-0.295658793,1756822703,-0.135588746
3.529413335,0.770488877,4.740181571,0.866206925,2.808758243,-0.504574687,1756822703,-0.231397309
4.163511324,1.483550012,9.248259349,1.346346968,2.654820343,-0.681725623,1756822703,-0.312638502
4.496113665,2.852244539,15.26142254,1.634675447,2.361604976,-0.800233427,1756822703,-0.36698603
4.654039957,4.37168689,20.06142468,1.523497922,2.11603715,-0.856433064,1756822703,-0.392759112
4.972285363,5.405386253,20.58784565,1.216843572,1.668883883,-0.819781167,1756822703,-0.375950599
5.833701499,5.405386253,18.46062636,0.8906415,0.94806285,-0.653625822,1756822703,-0.299751969
7.709674417,4.733003103,17.57767482,0.642630231,-0.037873645,-0.372627795,1756822703,-0.170886632
7.604390223,3.014956476,18.28595031,0.320093385,-0.620639099,-0.162490153,1756822703,-0.074517777
7.891528935,1.148554848,19.22872241,-0.02687807,-0.572991628,-0.167377075,1756822703,-0.076758913
8.90847854,-0.600598473,19.07079612,-0.283441471,-0.353080108,-0.109955743,1756822703,-0.050425564
9.375078947,-2.620140747,17.81217143,-0.365297412,-0.079412481,0.089186325,1756822703,0.040900735
9.107082816,-4.42672181,16.43390562,-0.557109097,0.166155345,0.211359372,1756822703,0.096929139
8.262416438,-5.429314479,14.86899964,-0.83322022,0.43493605,0.372627795,1756822703,0.170886632
6.695117635,-5.335994398,12.97866978,-1.100779159,0.895528457,0.403171057,1756822703,0.184893733
5.094319315,-4.890929394,11.07637582,-1.275486652,1.324355784,0.346971438,1756822703,0.159120659
3.22073922,-3.634697529,9.011369912,-1.401324874,1.762957112,0.160046692,1756822703,0.073397209
1.708475336,-2.627319215,7.082754896,-1.413542126,2.101376454,-0.008552113,1756822703,-0.003921988
0.454636294,-1.473978722,5.285745123,-1.277930096,2.290744643,-0.190589954,1756822703,-0.08740431
-0.445065004,-0.622133876,4.153940034,-1.089783567,2.283414295,-0.343306264,1756822703,-0.157439815
-1.122233799,-0.11964113,3.550948738,-0.974940938,2.13558489,-0.441044702,1756822703,-0.202262538
-1.509871061,0.241675083,3.017349299,-0.830776689,1.935221022,-0.452040276,1756822703,-0.207305095
-1.789831305,0.552742021,2.469392923,-0.827111515,1.700648858,-0.491135634,1756822703,-0.225234176
-1.931007838,0.916451056,1.878365741,-0.783129218,1.445307119,-0.477696634,1756822703,-0.219071068
-1.919043725,1.268195978,1.38065864,-0.786794462,1.178969962,-0.477696634,1756822703,-0.219071068
-1.837687757,1.399801221,0.861416136,-0.83322022,0.961501885,-0.422718727,1756822703,-0.19385827
-1.658226062,1.540977754,0.052642097,-0.767246722,0.706160198,-0.403171057,1756822703,-0.184893733
-1.344766301,1.215553881,-0.244067905,-0.702495024,0.438601224,-0.405614518,1756822703,-0.186014301
-0.820738152,0.787238635,0.30388847,-0.41783184,0.219911486,-0.360410491,1756822703,-0.165283792
-0.387637261,0.421136778,1.909472435,-0.07819075,0.100181899,-0.344527994,1756822703,-0.158000099
0.062213388,0.404387019,4.567898343,0.343306264,0.07696902,-0.326202055,1756822703,-0.149595847
-0.835095087,1.368694527,6.900900378,0.751364226,0.072082098,-0.180816111,1756822703,-0.082922038
-0.069391855,1.797009773,9.872786048,0.972497477,0.274889357,-0.15393804,1756822703,-0.070595789
-0.189032985,1.61036961,12.84706454,1.088561837,0.261450322,-0.169820536,1756822703,-0.077879481
0.112462662,2.615355102,15.63948851,0.998153782,0.548556984,-0.069638637,1756822703,-0.03193619
-0.236889437,2.167897276,17.17089498,0.955393267,0.817337724,-0.226020138,1756822703,-0.103652547
-0.425922423,0.246460728,18.31466418,1.028697044,1.014036261,-0.2565634,1756822703,-0.117659648
-1.552941867,-1.708475336,18.78605023,1.209513224,1.033584,-0.522900626,1756822703,-0.239801561
-1.780260014,-2.127219291,18.5491608,1.446528832,0.752585956,-0.491135634,1756822703,-0.225234176
-2.352144616,-4.139583098,19.74796492,1.277930096,0.339641055,-0.183259571,1756822703,-0.084042606
-2.373680019,-6.120840211,20.68116573,0.81489421,-0.273667627,-0.508239896,1756822703,-0.233078169
-1.330409366,-6.187839244,19.42493387,0.702495024,-1.160643953,-0.431270841,1756822703,-0.197780258
-0.492921456,-6.412764568,17.65903079,0.485027017,-2.144136951,-0.408057962,1756822704,-0.187134862
0.868594604,-6.065805291,16.08933916,0.167377075,-3.171612334,-0.317649941,1756822704,-0.145673858
2.610569457,-5.15413988,14.61296762,-0.085521133,-4.111123105,-0.239459173,1756822704,-0.109815672
4.165904147,-4.046263017,13.0337047,-0.273667627,-4.927238976,-0.059864793,1756822704,-0.027453918
5.391029318,-2.675175667,11.17926719,-0.365297412,-5.412266115,0.036651914,1756822704,0.016808521
5.888736419,-0.660419038,8.350950874,-0.500909513,-5.528330406,0.210137642,1756822704,0.096368855
6.15673255,0.72741807,6.386443519,-0.530231009,-5.269323615,0.321315115,1756822704,0.147354702
6.472585133,1.533799287,4.742574393,-0.575435072,-4.822170347,0.442266432,1756822704,0.202822822
6.678367877,2.012363807,3.098705267,-0.62186083,-4.207639796,0.574213359,1756822704,0.263333515
7.015755863,2.086541307,1.907079612,-0.629191178,-3.490484058,0.5131268,1756822704,0.235319297
7.192824736,2.021935097,1.009771137,-0.62186083,-2.715906866,0.626747734,1756822704,0.287425712
7.197610381,1.871187273,0.390030084,-0.580321976,-1.946216684,0.620639099,1756822704,0.2846243
6.8291157,1.854437515,0.122033953,-0.474031425,-1.177748232,0.750142513,1756822704,0.344014401
6.209374647,1.91425808,0.126819598,-0.437379493,-0.368962586,0.714712346,1756822704,0.327766171
5.527420206,2.134397759,0.169890405,-0.425162223,0.390953752,0.701273293,1756822704,0.321603039
4.625326086,2.292324051,0.301495648,-0.474031425,1.106887777,0.585208881,1756822704,0.268376047
3.783052531,2.222932195,0.437886536,-0.514348513,1.761735382,0.465479312,1756822704,0.21346822
3.227917687,1.895115499,0.579063069,-0.478918364,2.229658119,0.201585529,1756822704,0.092446867
2.778067039,1.557727513,0.930807991,-0.332310707,2.513099677,-0.096516708,1756822704,-0.044262439
2.557927359,1.194018477,1.6199409,0.007330383,2.630385838,-0.38362337,1756822704,-0.175929189
2.725424941,0.933200814,3.280559785,0.488692191,2.542421086,-0.576656802,1756822704,-0.264454075
3.342773172,1.280160091,6.936792717,1.115439925,2.28707933,-0.691499432,1756822704,-0.317120759
3.936193177,2.225325018,12.41874929,1.529606539,1.915673422,-0.829554976,1756822704,-0.380432855
4.345365842,3.560520029,18.70708709,1.554041183,1.470963476,-0.778242313,1756822704,-0.356900933
4.189832373,4.034298904,21.08315993,1.313360262,0.978606112,-0.874759004,1756822704,-0.401163365
5.01535617,4.244867292,19.65225201,0.992045147,0.354301821,-0.849102716,1756822704,-0.389397424
7.35314385,3.751945837,18.05623934,0.816115923,-0.442266432,-0.68050391,1756822704,-0.312078226
9.205188542,2.344966148,17.723637,0.7550294,-1.117883438,-0.389732022,1756822704,-0.178730609
9.078368944,-0.038285162,18.35773499,0.520457183,-1.238834755,-0.295658793,1756822704,-0.135588746
10.23888791,-1.892722677,18.56830338,0.338419325,-1.084896663,-0.342084533,1756822704,-0.156879531
11.27498009,-3.814159224,17.75474369,0.089186325,-0.839328837,-0.221133216,1756822704,-0.101411411
11.44008485,-5.618347465,16.73540126,-0.087964594,-0.510683339,-0.151494579,1756822704,-0.069475221
10.89930694,-6.793223361,15.69691626,-0.442266432,-0.017104227,0.043982297,1756822704,0.020170225
9.46122056,-6.721438683,13.91426342,-0.774577139,0.643851944,0.15393804,1756822704,0.070595789
7.826922725,-6.108876098,12.112468,-0.96761052,1.248608564,0.259006861,1756822704,0.118780217
5.867201015,-4.740181571,10.29153,-1.141096213,1.88635189,0.350636647,1756822704,0.16080152
3.936193177,-3.333201882,8.611768537,-1.230282555,2.40436549,0.191811685,1756822704,0.087964594
2.086541307,-1.852044692,7.092326186,-1.203404467,2.736676319,0.197920337,1756822704,0.090766014
0.641276457,-0.648454925,5.898307709,-1.108109577,2.897944568,0.05131268,1756822704,0.02353193
-0.504885569,0.272781776,5.146961413,-0.999375495,2.868623176,-0.089186325,1756822704,-0.040900735
-1.507478238,0.937986459,4.488935198,-0.92851518,2.6804767,-0.177150919,1756822704,-0.081241186
-2.187039856,1.229910816,3.842873096,-0.869872099,2.423913352,-0.259006861,1756822704,-0.118780217
-2.526820666,1.375872995,3.069991396,-0.753807686,2.069611462,-0.23090706,1756822704,-0.105893684
-2.658425909,1.344766301,2.139183404,-0.656069266,1.645670969,-0.311541271,1756822704,-0.14287243
-2.672782844,1.411765334,1.244267752,-0.570548115,1.215621859,-0.17837265,1756822704,-0.08180147
-2.445464697,1.562513158,0.296710002,-0.530231009,0.773355409,-0.147829388,1756822704,-0.067794369
-2.120040824,1.462014609,-0.595812827,-0.5131268,0.387288578,-0.083077672,1756822704,-0.038099315
-1.634297836,1.148554848,-0.768096055,-0.409279727,0.054977871,-0.030543262,1756822704,-0.014007101
-0.978664443,0.629312344,0.105284194,-0.221133216,-0.20402899,-0.032986723,1756822704,-0.015127669
-0.437886536,0.399601374,1.986042758,0.120951317,-0.35918876,0.05009095,1756822704,0.022971646
0.270388954,0.22971097,4.831108829,0.474031425,-0.427605667,0.065973446,1756822704,0.030255338
0.155533469,0.887737185,7.432106996,0.781907487,-0.526565835,0.307876063,1756822704,0.14119157
0.705882667,1.636690658,10.12642524,1.044579522,-0.406836231,0.197920337,1756822704,0.090766014
0.679561618,2.14396905,13.18445253,1.054353401,-0.175929189,0.448375102,1756822704,0.205624251
0.818345329,2.294716873,15.51506174,0.988379973,0.141720735,0.291993584,1756822704,0.133907886
1.074377347,1.617548078,17.03450409,0.902858822,0.420275284,0.305432619,1756822704,0.14007101
1.057627589,-0.36849468,17.47956909,1.040914348,0.554665654,0.124616509,1756822704,0.057148972
0.318245406,-2.435893407,17.97488337,1.323134071,0.581543707,-0.034208453,1756822704,-0.015687953
-0.016749758,-2.964707201,17.73560111,1.616349438,0.409279727,-0.251676478,1756822704,-0.115418512
0.282353067,-4.235296002,18.67119475,1.663996839,-0.003665191,-0.067195176,1756822704,-0.030815622
1.026520895,-5.142175767,20.51606097,1.49295466,-0.614530412,0.161268423,1756822704,0.073957493
1.540977754,-5.958128274,20.55434613,1.172861205,-1.20584791,0.031764992,1756822704,0.014567385
1.928615016,-6.005984726,19.3651133,0.906523996,-1.982868581,0.274889357,1756822704,0.126063909
2.775674216,-5.749952708,17.72602982,0.537561392,-2.800206287,0.190589954,1756822704,0.08740431
3.919443419,-5.259424075,16.41954868,0.12950343,-3.599218001,0.210137642,1756822704,0.096368855
5.467599641,-4.503292133,14.78525085,-0.20525072,-4.184426882,0.331088942,1756822704,0.151836967
6.436692794,-3.323630591,12.86142148,-0.38362337,-4.509407101,0.426383936,1756822704,0.19553913
6.927221427,-1.284945736,10.07856879,-0.575435072,-4.506963919,0.561996037,1756822704,0.257730667
7.128218525,-0.346959277,8.666803457,-0.673173492,-4.357912644,0.597426203,1756822704,0.273978896
7.434499818,0.937986459,6.769295135,-0.663399614,-3.92542009,0.740368634,1756822704,0.339532112
7.673782078,1.90468679,4.917250443,-0.692721163,-3.330437401,0.763581548,1756822704,0.350177525
7.898707403,1.971685822,3.428914786,-0.707381928,-2.668259448,0.786794462,1756822704,0.360822938
7.72163853,1.861615983,1.950150419,-0.711047172,-1.687209753,0.840550568,1756822704,0.38547542
7.463213689,1.698904046,1.308873962,-0.673173492,-1.200961023,0.846659185,1756822704,0.388276824
7.12343288,1.454836141,0.748953474,-0.551000445,-0.538783158,0.885754595,1756822704,0.406205929
6.441478439,1.383051463,0.449850649,-0.365297412,0.208915911,0.885754595,1756822704,0.406205929
5.603990529,1.524227996,0.53359944,-0.273667627,0.830776689,0.916297857,1756822704,0.42021303
4.77607391,1.842473402,0.796809926,-0.316428176,1.422094327,0.893084943,1756822704,0.409567617
3.895515193,2.096112598,0.940379282,-0.398284135,1.910786517,0.816115923,1756822704,0.374269723
2.983849782,2.170290098,0.880558717,-0.441044702,2.367713733,0.706160198,1756822704,0.323844167
2.172682921,1.969293,0.650847747,-0.415388345,2.637716186,0.542448332,1756822704,0.248766114
1.579262916,1.493121302,0.545563553,-0.249233017,2.812423539,0.350636647,1756822704,0.16080152
1.007378315,1.189232832,0.839880733,0.098960169,2.769663025,0.053756141,1756822704,0.024652498
0.918843878,1.074377347,1.993221226,0.471587964,2.654820343,-0.134390352,1756822704,-0.061631244
1.158126138,1.294517027,4.766502619,0.945619389,2.365270272,-0.289550123,1756822704,-0.132787318
1.483550012,1.878365741,9.320044027,1.372003342,2.035403026,-0.414166631,1756822704,-0.189936289
1.722832272,2.514856553,14.41197052,1.574810636,1.694540101,-0.510683339,1756822704,-0.234198729
1.90468679,3.373879866,18.48694741,1.49295466,1.284038731,-0.607200064,1756822704,-0.278461176
2.103291065,3.505485109,18.70230144,1.331686272,0.774577139,-0.695164676,1756822704,-0.318801635
2.354537438,3.163311477,17.46521216,1.248608564,0.185703032,-0.7550294,1756822704,-0.346255521
4.237688825,2.474178568,16.39083481,1.117883438,-0.419053553,-0.669508319,1756822704,-0.307035662
5.984449323,1.378265818,16.72104433,1.011592817,-1.082453202,-0.503352956,1756822704,-0.230837024
6.640082715,-1.036092186,17.25942941,0.823446341,-1.479515555,-0.445931606,1756822704,-0.204503666
7.920242806,-2.909672282,17.60638869,0.634078152,-1.516167574,-0.360410491,1756822704,-0.165283792
9.533005238,-4.759324151,17.32403562,0.560774306,-1.506393642,-0.289550123,1756822704,-0.132787318
10.2173525,-6.577869327,16.69233046,0.360410491,-1.424537788,-0.15271631,1756822704,-0.070035505
10.22213815,-7.484749093,16.10848174,0.096516708,-1.121548612,-0.031764992,1756822704,-0.014567385
9.501898545,-7.106683122,14.90967762,-0.2565634,-0.565661211,0.067195176,1756822704,0.030815622
8.590233134,-6.496513359,13.28495108,-0.58276542,0.097738438,0.141720735,1756822704,0.064992949
7.24307401,-5.084748025,11.17448154,-0.807563845,0.728151381,0.219911486,1756822704,0.100851127
5.931807225,-3.256631559,9.470791851,-0.889419769,1.238834755,0.291993584,1756822704,0.133907886
4.654039957,-1.538584932,8.379664745,-0.908967509,1.600466872,0.310319558,1756822704,0.142312154
3.436093254,-0.234496615,7.764709337,-0.857654777,1.815491436,0.265115513,1756822704,0.121581637
2.158325985,0.646062102,7.274180704,-0.893084943,1.94377324,0.216246294,1756822704,0.099170275
1.127019445,1.296909849,6.577869327,-0.906523996,1.951103588,0.155159771,1756822704,0.071156073
0.315852583,1.727617917,5.788237869,-0.918741301,1.896125682,0.091629786,1756822704,0.042021303
-0.299102825,1.897508322,4.929214556,-0.904080535,1.73119212,0.090408055,1756822704,0.041461019
-0.70827549,1.902293967,4.079762533,-0.916297857,1.544267375,0.043982297,1756822704,0.020170225
-0.942772104,1.928615016,3.223132042,-0.8906415,1.310916819,0.07574729,1756822704,0.034737611
-1.045663476,1.837687757,2.270788647,-0.858876507,1.050688227,0.105068821,1756822704,0.048184427
-1.038485008,1.773081547,1.239482107,-0.827111515,0.811229036,0.120951317,1756822704,0.05546812
-0.964307508,1.698904046,0.308674115,-0.724486138,0.554665654,0.183259571,1756822704,0.084042606
-0.784845813,1.605583965,-0.401994197,-0.613308682,0.302989176,0.173485728,1756822704,0.079560334
-0.480957343,1.280160091,-0.246460728,-0.415388345,0.123394778,0.213802833,1756822704,0.098049707
-0.102891372,1.138983558,1.064806057,-0.183259571,0.008552113,0.168598806,1756822704,0.077319198
0.442672181,1.033699363,3.517449222,0.100181899,-0.010995574,0.194255146,1756822704,0.089085162
0.854237668,1.02173525,6.262016744,0.409279727,-0.007330383,0.167377075,1756822704,0.076758913
1.105484041,1.409372511,8.712267087,0.626747734,0.15271631,0.200363798,1756822704,0.091886583
1.256231865,1.696511223,11.42812074,0.762359817,0.393397231,0.284663184,1756822704,0.130546174
1.222732349,1.830509289,13.90229931,0.805120401,0.669508319,0.261450322,1756822704,0.119900785
1.177268719,1.194018477,15.20638762,0.800233427,0.94806285,0.199142068,1756822704,0.091326299
1.189232832,-0.124426775,15.5007048,0.889419769,1.127657247,0.191811685,1756822704,0.087964594
0.550349198,-1.916650903,15.71127319,1.182635136,1.176526519,0.096516708,1756822704,0.044262439
-0.366101858,-3.483949706,16.21855158,1.47462865,1.081231489,-0.100181899,1756822704,-0.045943291
-0.95712904,-4.486542375,16.57508215,1.715309571,0.886976326,-0.237015712,1756822705,-0.108695104
-0.722632425,-5.345565688,18.39362733,1.667662153,0.496022573,-0.216246294,1756822705,-0.099170275
-0.449850649,-5.714060369,20.12842371,1.591914793,-0.069638637,-0.081855942,1756822705,-0.037539031
-0.241675083,-5.654239804,20.11167395,1.367116438,-0.802676958,-0.015882496,1756822705,-0.007283692
0.131605243,-5.661418272,19.27657887,1.088561837,-1.692096657,0.059864793,1756822705,0.027453918
0.916451056,-5.25463843,18.17588047,0.762359817,-2.566855853,0.021991149,1756822705,0.010085113
2.203789615,-4.328616083,16.82154288,0.467922755,-3.324328644,0.004886922,1756822705,0.002241136
3.661018578,-3.558127206,15.1513527,0.151494579,-3.977954396,0.079412481,1756822705,0.036418463
4.96989254,-2.373680019,13.40937785,-0.05253441,-4.464203143,0.157603231,1756822705,0.072276641
5.869593838,-0.964307508,11.54536905,-0.190589954,-4.759861953,0.362853969,1756822705,0.166404368
6.522834408,0.404387019,9.645467901,-0.305432619,-4.816061573,0.526565835,1756822705,0.241482421
7.166503687,1.605583965,8.056633694,-0.450818546,-4.703662334,0.704938467,1756822705,0.323283883
7.77667345,2.462214455,6.731009974,-0.570548115,-4.371351767,0.7550294,1756822705,0.346255521
8.219345631,2.847458894,5.44845706,-0.708603641,-3.841120653,0.839328837,1756822705,0.384915135
8.647660876,2.99102825,4.24247447,-0.827111515,-3.200933743,0.895528457,1756822705,0.41068821
8.819944104,2.983849782,3.134597606,-0.904080535,-2.421469891,0.944397676,1756822705,0.433099571
8.729016845,2.76131728,2.270788647,-0.966388789,-1.667662153,0.985936529,1756822705,0.452149236
8.360522164,2.548356069,1.737189208,-0.95661498,-0.878424247,1.040914348,1756822705,0.477361994
7.783851918,2.232503486,1.390229931,-0.906523996,-0.083077672,1.106887777,1756822705,0.507617324
6.99422046,1.928615016,1.234696462,-0.856433064,0.624304273,1.115439925,1756822705,0.511539329
6.135197146,1.603191142,1.234696462,-0.734260016,1.241278216,1.077566315,1756822705,0.494170539
5.211567623,1.268195978,1.42612227,-0.616973856,1.759291938,0.952949737,1756822705,0.437021535
4.381258181,1.069591702,1.624726545,-0.5131268,2.13436316,0.767246722,1756822705,0.351858369
3.558127206,1.124626622,1.871187273,-0.327423768,2.408030786,0.592539299,1756822705,0.271737768
2.828316313,1.26101751,2.0434705,-0.22968533,2.599842576,0.379958178,1756822705,0.174248336
2.199003969,1.308873962,2.175075743,-0.059864793,2.671924482,0.164933614,1756822705,0.075638345
1.600798319,1.215553881,2.483749859,0.108734012,2.635272725,-0.107512282,1756822705,-0.049304996
1.440479205,0.916451056,3.323630591,0.339641055,2.500882163,-0.272445896,1756822705,-0.124943341
1.655833239,0.677168796,4.941178669,0.630412908,2.260201381,-0.481361808,1756822705,-0.220751912
2.012363807,0.471386052,7.927421274,0.932180353,1.941329779,-0.54611354,1756822705,-0.250446974
2.390429777,0.320638228,11.3180509,1.192408945,1.562593262,-0.624304273,1756822705,-0.286305144
2.543570424,0.150747824,13.51944769,1.277930096,1.167974301,-0.70005158,1756822705,-0.321042763
2.8163522,0.059820565,14.06261842,1.354899046,0.735481729,-0.71837752,1756822705,-0.329447016
3.536591803,-0.047856452,14.33779302,1.444085388,0.321315115,-0.799011714,1756822705,-0.366425754
5.060819799,-0.457029117,14.83550012,1.407433491,-0.114842665,-0.822224628,1756822705,-0.377071167
6.173482308,-1.158126138,15.37627803,1.277930096,-0.454483755,-0.769690165,1756822705,-0.352978929
6.685546344,-2.766102926,15.61556029,1.042136079,-0.549778714,-0.885754595,1756822705,-0.406205929
7.853243773,-4.560719876,15.77827222,0.830776689,-0.510683339,-0.917519588,1756822705,-0.420773314
9.018548379,-6.388836342,15.69930908,0.620639099,-0.499687747,-0.905302266,1756822705,-0.415170466
9.489934432,-7.707281595,15.42174166,0.392175465,-0.472809694,-0.849102716,1756822705,-0.389397424
9.595218626,-8.360522164,15.06281827,0.195476876,-0.329867229,-0.715934059,1756822705,-0.328326447
9.193224429,-8.14516813,14.59861068,-0.053756141,-0.083077672,-0.552222158,1756822705,-0.253248378
8.480163294,-7.262216591,13.7539443,-0.260228591,0.228463599,-0.381179909,1756822705,-0.174808621
7.724031353,-5.642275691,12.67238849,-0.48747046,0.518013722,-0.237015712,1756822705,-0.108695104
6.886543443,-3.531806158,11.82293647,-0.612086969,0.748920782,-0.061086524,1756822705,-0.028014202
6.075376581,-1.476371544,11.31087243,-0.71837752,0.860098238,0.014660766,1756822705,0.006723409
5.266602543,0.241675083,10.89691412,-0.856433064,0.912632683,0.106290551,1756822705,0.048744711
4.517649069,1.552941867,10.48295581,-1.007927643,0.893084943,0.079412481,1756822705,0.036418463
3.696910917,2.325823567,10.01156976,-1.093448811,0.912632683,0.090408055,1756822705,0.041461019
2.974278492,2.845066071,9.329615317,-1.176526519,0.939510771,0.089186325,1756822705,0.040900735
2.376072842,3.261417204,8.458627891,-1.265712721,1.023810139,0.061086524,1756822705,0.028014202
1.818545176,3.565305674,7.367500785,-1.31946888,1.027475313,0.019547688,1756822705,0.008964545
1.440479205,3.725624788,6.494120536,-1.351233872,1.05190994,0.020769418,1756822705,0.009524829
1.052841944,3.70887503,5.814558918,-1.350012142,1.033584,-0.05009095,1756822705,-0.022971646
0.777667345,3.371487043,5.412564721,-1.384220595,1.0054842,-0.031764992,1756822705,-0.014567385
0.507278391,2.912065104,5.096712138,-1.282817,1.017701504,-0.07696902,1756822705,-0.035297895
0.301495648,2.505285262,4.713860522,-1.153313605,1.031140557,-0.067195176,1756822705,-0.030815622
0.11964113,2.189432679,3.921836241,-0.880867691,1.021366678,-0.069638637,1756822705,-0.03193619
-0.045463629,1.823330821,2.87138712,-0.607200064,1.027475313,-0.069638637,1756822705,-0.03193619
-0.177068872,1.56490598,2.117648001,-0.312763002,1.027475313,-0.02687807,1756822705,-0.012326249
-0.363709035,1.43569356,1.856830338,-0.00122173,1.061683819,0.004886922,1756822705,0.002241136
-0.500099923,1.478764367,2.297109696,0.189368224,1.100779159,0.108734012,1756822705,0.049865279
-0.605384118,1.679761465,3.541377448,0.30665435,1.153313605,0.108734012,1756822705,0.049865279
-0.808774039,1.988435581,5.458028351,0.320093385,1.24494339,0.155159771,1756822705,0.071156073
-0.906879765,2.091326952,7.257430946,0.356745317,1.380555403,0.087964594,1756822705,0.040340451
-0.866201781,1.813759531,8.688338861,0.444709893,1.472185189,0.007330383,1756822705,0.003361704
-0.815952507,1.529013641,10.25324484,0.554665654,1.483180851,0.013439035,1756822705,0.006163124
-0.7728817,1.146162025,12.07896848,0.626747734,1.365894708,0.015882496,1756822705,0.007283692
-1.004985492,0.600598473,13.36391422,0.65973444,1.158200509,0.079412481,1756822705,0.036418463
-1.318445253,-0.256032018,13.83530027,0.671951762,0.81367248,-0.010995574,1756822705,-0.005042556
-1.677368643,-1.596012674,13.99083374,0.715934059,0.538783158,-0.045204028,1756822705,-0.02073051
-1.438086383,-3.256631559,14.09611794,0.803898671,0.226020138,-0.175929189,1756822705,-0.080680902
-0.945164927,-4.881358104,14.72303746,0.917519588,-0.086742864,-0.246789556,1756822705,-0.113177376
-0.624526699,-6.017948839,15.49831198,1.009149374,-0.404392788,-0.239459173,1756822705,-0.109815672
-0.244067905,-7.156932397,16.30947884,1.114218194,-0.686612528,-0.278554549,1756822705,-0.127744761
0.330209519,-7.869993531,16.85025675,1.141096213,-1.012814547,-0.329867229,1756822705,-0.151276691
0.844666378,-8.094918856,17.03689691,1.028697044,-1.387885769,-0.373849526,1756822705,-0.171446916
1.61036961,-7.525427077,16.65643812,0.866206925,-1.778839539,-0.431270841,1756822705,-0.197780258
2.589034053,-6.967899411,15.85244973,0.654847535,-2.208888666,-0.467922755,1756822705,-0.214588779
3.596412368,-6.142375614,14.84028577,0.382401639,-2.619390176,-0.378736465,1756822705,-0.17368806
4.393222294,-4.924428911,13.66780269,0.188146493,-2.860070958,-0.313984732,1756822705,-0.143992998
5.046462863,-3.81894487,12.49292679,0.073303829,-3.033556738,-0.147829388,1756822705,-0.067794369
5.577669481,-2.699103893,11.32283654,0.030543262,-3.103195462,-0.02687807,1756822705,-0.012326249
5.92702158,-1.658226062,10.29153,-0.012217305,-3.061656539,0.098960169,1756822705,0.045383007
5.838487144,-0.531206617,9.463613383,0.05253441,-2.87961882,0.221133216,1756822705,0.101411411
6.21176747,0.260817663,8.740980958,-0.002443461,-2.741563224,0.279776297,1756822705,0.128305053
6.556333924,0.636490812,8.142775308,-0.201585529,-2.531425425,0.346971438,1756822705,0.159120659
6.556333924,1.194018477,7.628318449,-0.329867229,-2.19300624,0.393397231,1756822705,0.180411469
6.489334891,1.854437515,7.087540541,-0.510683339,-1.742187659,0.399505848,1756822705,0.183212873
5.91745029,3.562912851,5.946164161,-0.568104654,-1.253495469,0.389732022,1756822705,0.178730609
6.032305775,2.292324051,5.941378516,-0.65973444,-0.739146903,0.354301821,1756822705,0.162482364
6.003591903,2.294716873,5.326423108,-0.730594842,-0.38362337,0.307876063,1756822705,0.14119157
5.355136979,2.411965181,4.725824635,-0.646295405,0.003665191,0.290771853,1756822705,0.133347601
4.876572459,2.500499617,4.285545277,-0.555887367,0.309097793,0.289550123,1756822705,0.132787318
4.421936165,2.653640263,4.180261082,-0.378736465,0.489913921,0.259006861,1756822705,0.118780217
4.031906081,2.782852684,4.275973986,-0.215024564,0.572991628,0.243124365,1756822705,0.111496524
3.680161159,2.916850749,4.498506488,-0.058643063,0.566882941,0.167377075,1756822705,0.076758913
3.282952607,2.983849782,4.747360038,0.124616509,0.505796417,0.184481302,1756822705,0.08460289
2.888136878,3.12024067,4.878965281,0.262672052,0.445931606,0.147829388,1756822705,0.067794369
2.531606311,3.232703333,4.965106895,0.394618961,0.331088942,0.108734012,1756822705,0.049865279
2.256431712,3.306880833,4.996213589,0.447153372,0.218689755,0.02443461,1756822705,0.011205681
2.191825502,3.158525832,5.166103993,0.481361808,0.070860368,-0.114842665,1756822705,-0.0526667
2.368894374,2.947957443,5.453242705,0.520457183,-0.069638637,-0.139277274,1756822705,-0.06387238
2.572284295,2.617747924,5.831308676,0.566882941,-0.185703032,-0.259006861,1756822705,-0.118780217
2.998206718,2.28275276,6.577869327,0.610865238,-0.351858377,-0.244346095,1756822705,-0.112056808
3.591626723,1.981257113,7.788637563,0.71837752,-0.491135634,-0.337197611,1756822705,-0.154638395
4.194618018,1.787438482,9.544969351,0.723264425,-0.647517118,-0.276111088,1756822705,-0.126624193
4.761716974,1.799402595,11.25105187,0.665843145,-0.77579887,-0.338419325,1756822705,-0.155198671
5.259424075,1.808973886,12.3134651,0.508239896,-0.85154616,-0.331088942,1756822705,-0.151836967
5.702096256,1.519442351,12.39721389,0.305432619,-0.835663663,-0.386066848,1756822705,-0.177049765
6.171089485,0.815952507,11.70090251,0.145385927,-0.715934059,-0.475253155,1756822705,-0.217950491
6.869793685,-0.093320081,10.81077251,-0.018325957,-0.536339679,-0.5131268,1756822705,-0.235319297
7.42732135,-1.002592669,10.3968142,-0.039095375,-0.270002435,-0.540004888,1756822705,-0.247645554
8.001598774,-1.871187273,10.57866871,-0.046425758,0.041538836,-0.585208881,1756822705,-0.268376047
8.528019746,-2.586641231,11.370693,-0.138055544,0.370184317,-0.585208881,1756822705,-0.268376047
8.647660876,-2.773281393,12.23210913,-0.184481302,0.791681366,-0.568104654,1756822705,-0.260532071
8.499305875,-2.691925425,12.72981623,-0.343306264,1.191187214,-0.593761012,1756822705,-0.272298044
7.850850951,-2.699103893,12.59821099,-0.461814103,1.540602078,-0.496022573,1756822705,-0.22747532
7.013363041,-2.924029217,12.15553881,-0.559552576,1.786169887,-0.432492606,1756822705,-0.198340558
6.206981824,-3.225524865,11.70808098,-0.616973856,1.912008248,-0.298102236,1756822705,-0.136709306
5.32881593,-3.361915753,11.24865904,-0.590095838,1.905899491,-0.092851516,1756822705,-0.042581587
4.3621156,-3.038884702,10.83230791,-0.590095838,1.82770881,0.10140363,1756822705,0.046503576
3.330809059,-2.366501551,10.50449121,-0.475253155,1.645670969,0.233350521,1756822705,0.107014252
2.440679052,-1.466800254,10.40159984,-0.470366251,1.409876952,0.388510291,1756822705,0.178170325
1.758724611,-0.844666378,10.45663476,-0.49357913,1.119105169,0.401949344,1756822705,0.184333457
1.25144622,-0.265603309,10.3226367,-0.516792009,0.778242313,0.376292969,1756822706,0.172567476
1.036092186,0.086141614,10.20778121,-0.654847535,0.449596815,0.294437062,1756822706,0.135028462
0.885344362,0.373280326,10.03789081,-0.689055989,0.177150919,0.262672052,1756822706,0.120461068
1.01216396,0.53359944,9.911071209,-0.764803278,-0.037873645,0.118507856,1756822706,0.054347552
1.237089284,0.447457826,9.686145885,-0.830776689,-0.174707458,0.040317106,1756822706,0.018489373
1.438086383,0.203389921,9.33200814,-0.867428656,-0.215024564,0.081855942,1756822706,0.037539031
1.677368643,0.023928226,8.939585234,-0.853989603,-0.186924763,0.037873645,1756822706,0.017368805
1.830509289,-0.189032985,8.764909184,-0.7550294,-0.07819075,0.043982297,1756822706,0.020170225
2.072184372,-0.404387019,8.578269021,-0.619417386,0.041538836,0.012217305,1756822706,0.005602841
2.005185339,-0.457029117,8.288737486,-0.498466017,0.202807259,0.057421332,1756822706,0.02633335
2.124826469,-0.648454925,8.027919823,-0.290771853,0.361632204,0.040317106,1756822706,0.018489373
1.966900177,-0.739382183,7.989634661,-0.164933614,0.51190507,0.069638637,1756822706,0.03193619
1.856830338,-0.835095087,8.281559019,0.007330383,0.651182361,0.057421332,1756822706,0.02633335
1.538584932,-0.756131942,8.714659909,0.118507856,0.790459636,0.063529985,1756822706,0.02913477
1.203589768,-0.796809926,9.430113867,0.22968533,0.908967509,0.118507856,1756822706,0.054347552
0.698704199,-0.820738152,9.877571693,0.332310707,1.042136079,0.168598806,1756822706,0.077319198
0.244067905,-0.976271621,10.03310516,0.386066848,1.060462019,0.171042267,1756822706,0.078439766
-0.3493521,-1.129412267,9.753144918,0.471587964,1.053131671,0.235793982,1756822706,0.10813482
-0.882951539,-1.292124204,9.487541609,0.632856352,0.971275764,0.28099801,1756822706,0.128865329
-1.215553881,-1.351944769,9.209974187,0.711047172,0.847880986,0.350636647,1756822706,0.16080152
-1.454836141,-1.318445253,9.1477608,0.830776689,0.647517118,0.388510291,1756822706,0.178170325
-1.677368643,-1.220339526,9.159724913,0.860098238,0.41050144,0.412944901,1756822706,0.189376006
-1.806581063,-1.117448154,9.176474671,0.823446341,0.169820536,0.428827397,1756822706,0.196659698
-1.868794451,-0.985842911,9.071190477,0.747699052,-0.092851516,0.3775147,1756822706,0.173127761
-1.847259047,-1.014556782,8.898907249,0.609643508,-0.30665435,0.35796703,1756822706,0.164163224
-1.765903079,-1.026520895,8.740980958,0.498466017,-0.569326385,0.28221974,1756822706,0.129425613
-1.414158157,-0.868594604,8.66919628,0.382401639,-0.83199842,0.219911486,1756822706,0.100851127
-0.882951539,-0.409172665,8.965906282,0.227241869,-1.11055302,0.22968533,1756822706,0.1053334
-0.047856452,0.466600407,9.439685157,0.184481302,-1.401324874,0.25534167,1756822706,0.117099365
0.744167829,1.031306541,9.992427178,0.10262536,-1.71286611,0.405614518,1756822706,0.186014301
1.462014609,1.402194044,10.54038355,0.109955743,-1.96209911,0.419053553,1756822706,0.192177426
2.179861389,1.68454711,10.94477057,0.053756141,-2.144136951,0.441044702,1756822706,0.202262538
2.818745023,1.787438482,11.25823033,0.039095375,-2.251649181,0.362853969,1756822706,0.166404368
3.510270754,1.907079612,11.22473082,0.007330383,-2.258979529,0.259006861,1756822706,0.118780217
4.359722777,1.954936064,11.01655525,-0.048869219,-2.266310138,0.193033415,1756822706,0.088524878
5.233103026,1.830509289,10.79880839,-0.092851516,-2.256536068,0.089186325,1756822706,0.040900735
5.663811094,2.239681954,10.37527879,-0.119729587,-2.127032812,0.106290551,1756822706,0.048744711
6.568298037,1.607976787,10.29392283,-0.263893783,-2.034181296,0.019547688,1756822706,0.008964545
6.979863524,1.249053397,10.00439129,-0.333532438,-1.841147793,-0.004886922,1756822706,-0.002241136
7.444071109,0.605384118,9.858429112,-0.421497014,-1.538158617,-0.017104227,1756822706,-0.007843977
7.702495949,-0.112462662,9.652646368,-0.392175465,-1.143539674,-0.086742864,1756822706,-0.039780167
7.740781111,-0.53359944,9.241080881,-0.309097793,-0.739146903,-0.116064395,1756822706,-0.053226984
7.755138047,-1.002592669,8.872586201,-0.206472451,-0.405614518,-0.268780705,1756822706,-0.123262489
7.496713206,-1.071984525,8.66919628,-0.092851516,-0.1282817,-0.301767445,1756822706,-0.138390166
7.35314385,-1.469193076,8.719445554,-0.118507856,0.124616509,-0.376292969,1756822706,-0.172567476
7.015755863,-1.502692593,8.748159426,-0.140499005,0.333532438,-0.432492606,1756822706,-0.198340558
6.675975054,-1.73001074,8.994620153,-0.092851516,0.586430594,-0.354301821,1756822706,-0.162482364
6.269195212,-1.636690658,9.111868461,-0.039095375,0.751364226,-0.327423768,1756822706,-0.150156123
5.874379483,-1.763510256,9.133403864,0.046425758,0.822224628,-0.310319558,1756822706,-0.142312154
5.355136979,-1.835294934,9.042476605,0.046425758,0.768468452,-0.221133216,1756822706,-0.101411411
4.807180603,-1.797009773,8.901300072,0.098960169,0.62308256,-0.206472451,1756822706,-0.094688003
4.283152454,-1.732403562,8.829515394,0.118507856,0.437379493,-0.147829388,1756822706,-0.067794369
4.036691726,-1.878365741,8.91804983,0.131946891,0.196698607,-0.163711884,1756822706,-0.075078061
3.936193177,-1.964507355,8.985048863,0.167377075,-0.116064395,-0.272445896,1756822706,-0.124943341
4.079762533,-2.09850542,9.011369912,0.138055544,-0.441044702,-0.294437062,1756822706,-0.135028462
4.395615116,-2.175075743,8.915657008,0.162490153,-0.73670346,-0.367740873,1756822706,-0.168645496
4.855037055,-2.347358971,8.659624989,0.067195176,-0.989601703,-0.350636647,1756822706,-0.16080152
5.321637462,-2.27318147,8.214559986,0.106290551,-1.220508746,-0.428827397,1756822706,-0.196659698
5.86241537,-2.227717841,7.764709337,0.118507856,-1.341460081,-0.431270841,1756822706,-0.197780258
6.482156423,-2.005185339,7.367500785,0.138055544,-1.403768317,-0.406836231,1756822706,-0.186574577
7.018148686,-1.749153321,6.999006105,0.174707458,-1.411098665,-0.401949344,1756822706,-0.184333457
7.700103127,-1.596012674,6.886543443,0.237015712,-1.374446786,-0.302989176,1756822706,-0.13895045
8.20020305,-1.08634146,6.838686991,0.287106679,-1.284038731,-0.266337244,1756822706,-0.122141921
8.745766603,-0.808774039,7.087540541,0.322536846,-1.143539674,-0.177150919,1756822706,-0.081241186
9.078368944,-0.382851616,7.360322318,0.289550123,-0.884532865,-0.106290551,1756822706,-0.048744711
9.257830639,-0.313459761,7.5278199,0.290771853,-0.553443888,0.010995574,1756822706,0.005042556
8.91804983,0.693918554,6.793223361,0.238237443,-0.146607657,0.05009095,1756822706,0.022971646
8.554340795,1.170090251,6.029912952,0.219911486,0.241902634,0.090408055,1756822706,0.041461019
8.116454259,1.421336624,5.259424075,0.217468025,0.616973856,0.125838239,1756822706,0.057709256
7.525427077,2.428714939,4.67557536,0.144164196,0.945619389,0.109955743,1756822706,0.050425564
7.015755863,3.278166962,4.831108829,0.195476876,1.280373557,0.140499005,1756822706,0.064432665
6.494120536,3.950550113,5.572883835,0.15393804,1.596801698,0.105068821,1756822706,0.048184427
5.726024482,4.13240463,6.685546344,0.021991149,1.882686716,0.122173048,1756822706,0.056028404
4.898107862,4.091726646,7.594818932,-0.135612083,2.124589351,0.164933614,1756822706,0.075638345
4.115654872,3.802195111,8.279166196,-0.342084533,2.305405339,0.190589954,1756822706,0.08740431
3.347558817,3.584448255,8.688338861,-0.549778714,2.378709115,0.173485728,1756822706,0.079560334
2.770888571,3.393022447,8.906085717,-0.652404092,2.415361134,0.22968533,1756822706,0.1053334
2.246860421,3.287738252,9.054440718,-0.682947354,2.359161515,0.206472451,1756822706,0.094688003
1.648654771,3.041277525,9.305687091,-0.669508319,2.250427572,0.233350521,1756822706,0.107014252
1.155733316,2.921636395,9.499505722,-0.67928211,2.081828714,0.194255146,1756822706,0.089085162
0.643669279,2.818745023,9.946963548,-0.668286588,1.890017064,0.086742864,1756822706,0.039780167
0.452243471,2.373680019,10.7892371,-0.71837752,1.688431483,0.034208453,1756822706,0.015687953
0.370887503,1.655833239,11.70090251,-0.751364226,1.400103143,-0.015882496,1756822706,-0.007283692
0.409172665,0.820738152,12.557533,-0.731816555,1.137431039,-0.10140363,1756822706,-0.046503576
0.476171697,-0.177068872,13.13420325,-0.636521596,0.840550568,-0.124616509,1756822706,-0.057148972
0.464207584,-1.100698396,13.40219938,-0.524122392,0.494800843,-0.172263997,1756822706,-0.07900005
0.435493713,-2.151147517,13.26341567,-0.514348513,0.140499005,-0.161268423,1756822706,-0.073957493
0.476171697,-2.92642204,12.44746317,-0.458148929,-0.191811685,-0.089186325,1756822706,-0.040900735
0.72741807,-3.725624788,11.4137638,-0.342084533,-0.438601224,-0.07574729,1756822706,-0.034737611
1.050449121,-4.247260115,10.64327492,-0.259006861,-0.62186083,-0.073303829,1756822706,-0.033617043
1.68454711,-4.823930362,10.19103145,-0.141720735,-0.730594842,-0.037873645,1756822706,-0.017368805
2.206182437,-5.14456859,10.03071234,-0.029321531,-0.759916374,0.003665191,1756822706,0.001680852
2.706282361,-5.395814963,9.990034355,0.092851516,-0.695164676,0.043982297,1756822706,0.020170225
3.17527559,-5.496313512,9.906285564,0.228463599,-0.66095617,0.020769418,1756822706,0.009524829
3.455235834,-5.56809819,9.779465966,0.257785131,-0.60231309,0.05009095,1756822706,0.022971646
3.696910917,-5.836094321,9.853643467,0.326202055,-0.49357913,0.017104227,1756822706,0.007843977
3.811766402,-5.883950773,10.06660468,0.376292969,-0.351858377,0.05131268,1756822706,0.02353193
3.780659708,-5.67816803,10.25563766,0.461814103,-0.190589954,0.030543262,1756822706,0.014007101
3.649054465,-5.185246574,10.26042331,0.502131226,-0.043982297,0.05009095,1756822706,0.022971646
3.328416237,-4.747360038,10.09292573,0.445931606,0.089186325,0.150272849,1756822706,0.068914937
2.993421073,-4.287938099,9.946963548,0.329867229,0.146607657,0.155159771,1756822706,0.071156073
2.589034053,-3.668197046,9.762716208,0.287106679,0.199142068,0.158824962,1756822706,0.072836925
2.469392923,-3.555734384,9.805787015,0.238237443,0.196698607,0.125838239,1756822706,0.057709256
2.325823567,-3.416950673,9.63589661,0.183259571,0.210137642,0.171042267,1756822706,0.078439766
2.191825502,-3.170489945,9.408578463,0.15393804,0.238237443,0.151494579,1756822706,0.069475221
2.076970017,-2.7421747,9.265009107,0.191811685,0.288328392,0.07574729,1756822706,0.034737611
1.940579129,-2.557927359,9.293722978,0.194255146,0.321315115,0.122173048,1756822706,0.056028404
1.840080579,-2.206182437,9.310472737,0.184481302,0.360410491,0.118507856,1756822706,0.054347552
1.691725578,-1.787438482,9.375078947,0.244346095,0.389732022,0.114842665,1756822706,0.0526667
1.483550012,-1.30648114,9.312865559,0.2565634,0.386066848,0.089186325,1756822706,0.040900735
1.270588801,-0.758524764,9.159724913,0.394618961,0.354301821,0.080634211,1756822706,0.036978746
0.997807024,-0.23928226,9.174081848,0.500909513,0.327423768,-0.004886922,1756822706,-0.002241136
0.851844846,0.299102825,9.159724913,0.570548115,0.261450322,-0.046425758,1756822706,-0.021290793
0.739382183,0.851844846,8.975477573,0.671951762,0.208915911,-0.163711884,1756822706,-0.075078061
0.748953474,1.493121302,8.870193378,0.686612528,0.146607657,-0.250454748,1756822706,-0.114858228
0.715453957,2.048256146,8.66919628,0.687834258,0.113620934,-0.317649941,1756822706,-0.145673858
0.732203716,3.022134944,8.575876198,0.665843145,0.134390352,-0.324980324,1756822706,-0.149035563
0.844666378,3.586841077,8.508877166,0.530231009,0.062308254,-0.307876063,1756822706,-0.14119157
1.119840977,5.850451257,8.413164262,0.746477321,-0.040317106,-0.370184317,1756822706,-0.169766056
1.18684001,5.194817865,9.600004271,0.524122392,-0.138055544,-0.262672052,1756822706,-0.120461068
1.167697429,5.137390122,9.667003304,-0.046425758,-0.388510291,-0.20402899,1756822706,-0.093567435
1.464407431,5.685346498,9.391828705,-0.408057962,-0.634078152,-0.166155345,1756822706,-0.07619863
2.012363807,5.548955609,9.353543543,-0.568104654,-0.799011714,-0.073303829,1756822706,-0.033617043
2.553141714,3.651447288,9.674181772,-0.540004888,-0.950506293,0.083077672,1756822706,0.038099315
2.921636395,2.694318248,9.485148786,-0.491135634,-1.084896663,0.12705997,1756822706,0.05826954
3.280559785,2.955135911,8.951549347,-0.454483755,-1.214400128,0.180816111,1756822707,0.082922038
3.661018578,3.366701398,8.91804983,-0.349414916,-1.238834755,0.252898209,1756822707,0.115978796
3.866801322,3.199203816,9.066404831,-0.346971438,-1.196074119,0.289550123,1756822707,0.132787318
4.094119469,2.955135911,8.865407733,-0.41783184,-1.12887896,0.309097793,1756822707,0.141751854
4.235296002,2.081755662,8.650053699,-0.41783184,-0.989601703,0.291993584,1756822707,0.133907886
4.280759631,1.13180509,8.530412569,-0.384845083,-0.73670346,0.278554549,1756822707,0.127744761
4.412364874,0.36849468,8.477770472,-0.320093385,-0.518013722,0.17959438,1756822707,0.082361754
4.809573426,-0.346959277,8.592625957,-0.270002435,-0.467922755,-0.006108652,1756822707,-0.00280142
5.113461896,-1.648654771,9.140582332,-0.315206445,-0.371406082,-0.090408055,1756822707,-0.041461019
4.84068012,-0.937986459,9.20279572,-0.215024564,-0.224798408,-0.113620934,1756822707,-0.052106416
4.986642298,-1.488335657,9.609575562,-0.164933614,-0.180816111,-0.344527994,1756822707,-0.158000099
4.945964314,-1.995614048,9.652646368,-0.171042267,-0.134390352,-0.454483755,1756822707,-0.208425671
4.84068012,-2.316252277,9.602397094,-0.144164196,-0.046425758,-0.491135634,1756822707,-0.225234176
4.800002136,-2.660818731,9.559326287,-0.10140363,-0.032986723,-0.60353489,1756822707,-0.276780332
4.613361973,-3.084348331,9.576076045,-0.062308254,-0.020769418,-0.577878533,1756822707,-0.265014359
4.405186407,-3.23031051,9.609575562,-0.014660766,-0.067195176,-0.624304273,1756822707,-0.286305144
4.30708068,-3.527020512,9.717252579,0.034208453,-0.145385927,-0.632856352,1756822707,-0.290227117
4.17786826,-3.845265918,9.640682255,0.062308254,-0.240680904,-0.637743326,1756822707,-0.292468277
4.106083582,-4.06779842,9.473184673,0.053756141,-0.372627795,-0.625526004,1756822707,-0.286865429
5.194817865,-4.508077778,7.379464898,0.379958178,-0.131946891,-0.285884914,1756822707,-0.131106457
3.558127206,-3.811766402,9.087940235,0.07819075,-0.58276542,-0.520457183,1756822707,-0.238681001
4.749752861,-4.326223261,9.432506689,-0.191811685,-0.864985195,-0.510683339,1756822707,-0.234198729
4.692325119,-3.940978822,9.308079914,-0.079412481,-1.023810139,-0.415388345,1756822707,-0.190496566
4.596612215,-3.629911884,8.896514427,-0.114842665,-1.253495469,-0.50701813,1756822707,-0.232517869
4.768895442,-3.443271721,8.482556117,-0.105068821,-1.404990048,-0.415388345,1756822707,-0.190496566
5.1349973,-3.170489945,8.405985794,-0.091629786,-1.49295466,-0.471587964,1756822707,-0.21626964
5.548955609,-2.581855585,8.468199181,0.002443461,-1.524719652,-0.452040276,1756822707,-0.207305095
6.094519162,-2.433500584,8.961120637,0.030543262,-1.557706357,-0.489913921,1756822707,-0.2246739
6.503691827,-1.631905013,8.726624022,-0.048869219,-1.57114534,-0.481361808,1756822707,-0.220751912
6.879364975,-0.732203716,8.453842246,-0.05253441,-1.545489105,-0.498466017,1756822707,-0.22859588
7.324429979,-0.351744922,8.336593938,-0.074525559,-1.525941365,-0.474031425,1756822707,-0.217390208
7.738388288,0.016749758,8.092526033,-0.122173048,-1.477072094,-0.448375102,1756822707,-0.205624251
8.090133211,0.430708068,7.877171999,-0.108734012,-1.446528832,-0.305432619,1756822707,-0.14007101
8.3748791,0.799202748,7.812565789,-0.105068821,-1.329242828,-0.313984732,1756822707,-0.143992998
8.714659909,1.112662509,7.872386354,-0.065973446,-1.213178398,-0.207694181,1756822707,-0.095248287
8.877371846,1.25144622,7.862815064,-0.02687807,-0.994488608,-0.139277274,1756822707,-0.06387238
8.96351346,1.454836141,7.621139981,-0.012217305,-0.753807686,-0.079412481,1756822707,-0.036418463
8.786444587,1.600798319,6.996613282,-0.012217305,-0.443488163,0.007330383,1756822707,0.003361704
8.343772406,1.660618884,6.22133876,0.042760567,-0.15271631,-0.004886922,1756822707,-0.002241136
8.157132243,1.696511223,5.556134077,0.039095375,0.219911486,0.047647489,1756822707,0.021851078
7.958527968,1.768295901,5.130211654,0.15393804,0.587652324,-0.065973446,1756822707,-0.030255338
7.872386354,2.014756629,4.993820766,0.223576677,0.902858822,-0.034208453,1756822707,-0.015687953
7.709674417,2.555534537,5.364708269,0.277332818,1.194852388,-0.079412481,1756822707,-0.036418463
7.518248609,3.436093254,6.266802389,0.287106679,1.37933369,-0.112399204,1756822707,-0.051546132
7.173682155,4.433900278,7.590033287,0.201585529,1.524719652,0.036651914,1756822707,0.016808521
6.733402796,5.14456859,8.961120637,0.012217305,1.661553396,0.098960169,1756822707,0.045383007
6.128018679,5.587240771,10.01874823,-0.271224166,1.773952634,0.20402899,1756822707,0.093567435
5.379065205,5.580062303,10.49970557,-0.599869646,1.861917246,0.212581103,1756822707,0.097489423
4.706682054,5.182853752,10.39202855,-0.895528457,1.944994953,0.283441471,1756822707,0.129985898
3.960121403,4.558327053,9.860821935,-1.106887777,1.953547032,0.243124365,1756822707,0.111496524
3.412165028,3.754338659,9.363114834,-1.222952207,1.954768762,0.173485728,1756822707,0.079560334
2.947957443,2.909672282,8.894121604,-1.248608564,1.90467776,0.163711884,1756822707,0.075078061
2.545963246,2.187039856,8.535198214,-1.172861205,1.780061269,0.108734012,1756822707,0.049865279
2.299502519,1.493121302,8.554340795,-1.093448811,1.644449239,0.092851516,1756822707,0.042581587
2.08893413,0.806381216,8.772087652,-0.979827825,1.495398103,0.047647489,1756822707,0.021851078
1.938186306,0.112462662,9.030512492,-0.824668072,1.335351446,-0.010995574,1756822707,-0.005042556
1.897508322,-0.861416136,9.298508624,-0.638965057,1.209513224,-0.07696902,1756822707,-0.035297895
1.890329854,-1.749153321,9.56171911,-0.412944901,1.091005281,-0.092851516,1756822707,-0.042581587
1.789831305,-2.443071875,9.882357338,-0.283441471,1.048244766,-0.095294977,1756822707,-0.043702155
1.514656706,-2.888136878,10.20299557,-0.211359372,1.040914348,0.017104227,1756822707,0.007843977
1.282552914,-2.557927359,10.11206831,-0.124616509,0.955393267,0.073303829,1756822707,0.033617043
1.048056299,-2.63210486,10.23888791,-0.019547688,0.87109383,0.085521133,1756822707,0.039219883
0.614955408,-2.957528734,10.23170944,0.042760567,0.807563845,0.157603231,1756822707,0.072276641
0.471386052,-3.160918655,9.966106129,0.147829388,0.668286588,0.112399204,1756822707,0.051546132
0.679561618,-3.651447288,9.851250644,0.23090706,0.386066848,0.00122173,1756822707,0.000560284
0.868594604,-4.273581164,9.75553774,0.267558974,-0.07574729,-0.119729587,1756822707,-0.054907836
2.09850542,-5.840879967,10.03310516,0.576656802,0.081855942,-0.171042267,1756822707,-0.078439766
2.27318147,-6.443871262,10.24128073,0.847880986,0.140499005,-0.007330383,1756822707,-0.003361704
1.30648114,-5.312066172,10.38006444,0.745255608,0.054977871,0.112399204,1756822707,0.051546132
-0.038285162,-8.870193378,8.370093455,0.267558974,-0.619417386,0.379958178,1756822707,0.174248336
3.019742121,-9.997212823,12.94277744,1.925447231,0.704938467,0.054977871,1756822707,0.025212782
4.587040924,-7.42732135,11.50229824,1.522276191,1.247386834,0.212581103,1756822707,0.097489423
3.751945837,-5.467599641,9.533005238,1.220508746,1.700648858,0.58276542,1756822707,0.267255479
1.471585899,-3.096312444,8.772087652,0.850324429,1.264490991,0.272445896,1756822707,0.124943341
0.102891372,-0.454636294,9.659824836,0.362853969,0.671951762,0.579100246,1756822707,0.265574635
-0.519242504,0.973878798,10.19103145,-0.217468025,0.057421332,0.119729587,1756822707,0.054907836
-2.151147517,-4.788038023,12.03589768,-2.415361134,-1.374446786,-1.331686272,1756822707,-0.610709628
-1.629512191,-4.390829471,9.480363141,-2.531425425,-3.396410829,3.351206609,1756822707,1.536859082
-2.230110663,-0.535992262,10.09292573,-0.514348513,-2.360383368,-0.2565634,1756822707,-0.117659648
0.047856452,2.287538406,10.67677444,-0.761138104,-2.252871033,1.451415876,1756822707,0.665617472
1.651047594,2.120040824,11.84207905,-0.194255146,-2.494773668,-0.17837265,1756822707,-0.08180147
2.041077678,2.203789615,11.56929727,-0.296880506,-1.874134498,0.288328392,1756822707,0.132227033
3.445664544,0.818345329,12.70349518,0.086742864,-2.085493888,0.1282817,1756822707,0.058829824
3.225524865,0.35892339,7.640282562,0.190589954,-0.714712346,-0.769690165,1756822707,-0.352978929
4.17786826,-0.050249275,7.764709337,0.131946891,-0.79534654,0.272445896,1756822707,0.124943341
4.29750939,-0.457029117,7.625925626,0.108734012,-0.342084533,-0.343306264,1756822707,-0.157439815
3.979263984,-0.997807024,7.714460062,0.454483755,0.119729587,0.1282817,1756822707,0.058829824
3.304488011,-1.07677017,7.65703232,0.60231309,0.469144485,-0.289550123,1756822707,-0.132787318
2.182254211,0.29431718,7.274180704,0.728151381,0.670730032,-0.172263997,1756822707,-0.07900005
1.837687757,1.682154288,7.331608446,0.811229036,0.856433064,-0.331088942,1756822707,-0.151836967
-0.741775006,2.694318248,6.317051664,0.979827825,1.130100691,-0.497244304,1756822707,-0.228035604
0.988235734,1.378265818,7.867600709,1.123992073,1.126435517,-0.696386406,1756822707,-0.319361919
0.148355001,1.208375413,8.542376682,0.989601703,0.772133696,-0.739146903,1756822707,-0.338971828
-0.459421939,1.954936064,9.50668419,1.040914348,0.7562512,-1.095892255,1756822707,-0.502574792
-0.186640163,3.323630591,10.61456105,0.867428656,0.386066848,-0.657290996,1756822707,-0.301432813
-0.634097989,4.369294068,12.11964647,0.579100246,0.045204028,-0.692721163,1756822707,-0.317681043
-1.615155255,5.302494882,11.75833026,0.097738438,-0.466701042,-0.669508319,1756822707,-0.307035662
-0.234496615,4.570291166,11.65065324,-0.095294977,-0.884532865,-0.586430594,1756822707,-0.268936323
0.897308475,3.684946804,10.65523904,-0.199142068,-1.183856867,-0.548556984,1756822707,-0.251567534
1.330409366,5.149354235,10.7150596,0.015882496,-0.75747293,-0.915076127,1756822707,-0.419652746
6.003591903,0.600598473,9.38704306,0.064751715,-0.123394778,-0.329867229,1756822707,-0.151276691
7.135396993,-0.323031051,9.853643467,0.290771853,-0.072082098,0.036651914,1756822707,0.016808521
6.936792717,-0.102891372,9.896714274,0.328645498,-0.168598806,0.017104227,1756822707,0.007843977
6.419943036,0.267996131,10.01156976,0.149051118,-0.116064395,0.489913921,1756822707,0.2246739
5.790630692,0.483350165,9.9206425,-0.07574729,-0.175929189,0.437379493,1756822707,0.200581678
4.857429878,-0.138783711,10.06181903,-0.174707458,-0.227241869,0.719599251,1756822707,0.3300073
4.065405597,-0.667597505,9.908678387,-0.144164196,-0.295658793,0.891863213,1756822707,0.409007333
2.620140747,-0.48813581,9.238688059,-0.221133216,-0.499687747,1.004262469,1756822707,0.460553489
2.364108729,-0.30388847,8.956334992,-0.296880506,-0.838107107,1.0054842,1756822707,0.461113773
3.218346397,-0.29431718,8.717052732,-0.279776297,-0.779464044,0.829554976,1756822707,0.380432855
4.268795518,-0.976271621,8.468199181,-0.211359372,-0.552222158,0.773355409,1756822707,0.354659805
5.324030285,-1.986042758,8.542376682,-0.008552113,-0.158824962,0.657290996,1756822707,0.301432813
6.113661743,-2.455035988,8.671589102,0.201585529,0.266337244,0.60353489,1756822707,0.276780332
6.11126892,-2.510070907,8.676374748,0.284663184,0.502131226,0.591317568,1756822707,0.271177483
5.443671415,-2.368894374,8.906085717,0.332310707,0.515570278,0.509461626,1756822707,0.233638453
4.462614149,-2.390429777,9.494720077,0.342084533,0.321315115,0.536339679,1756822707,0.245964694
3.507877932,-2.495713972,9.980463065,0.331088942,-0.00122173,0.519235452,1756822707,0.238120717
3.04606317,-2.455035988,10.30827976,0.327423768,-0.356745317,0.43493605,1756822707,0.199461118
3.11066938,-2.514856553,10.24128073,0.261450322,-0.68050391,0.41783184,1756822707,0.19161715
3.560520029,-2.730210587,9.762716208,0.267558974,-0.908967509,0.321315115,1756822707,0.147354702
4.603790682,-3.225524865,9.217152655,0.320093385,-0.972497477,0.279776297,1756822707,0.128305053
5.603990529,-3.151347364,8.566304908,0.361632204,-0.817337724,0.190589954,1756822707,0.08740431
6.534798521,-3.203989461,8.099704501,0.382401639,-0.540004888,0.140499005,1756822707,0.064432665
6.87457933,-3.007778008,8.020741355,0.350636647,-0.194255146,0.120951317,1756822707,0.05546812
6.549155456,-2.591426876,8.12602555,0.376292969,0.035430184,0.155159771,1756822708,0.071156073
5.994020613,-2.44785752,8.43948531,0.310319558,0.136833813,0.17837265,1756822708,0.08180147
5.491527867,-2.385644132,8.676374748,0.332310707,0.156381501,0.216246294,1756822708,0.099170275
5.082355202,-2.419143649,8.719445554,0.304210889,0.048869219,0.212581103,1756822708,0.097489423
4.888536572,-2.385644132,8.580661844,0.260228591,-0.112399204,0.167377075,1756822708,0.076758913
5.187639397,-2.438286229,8.360522164,0.234572251,-0.254119939,0.155159771,1756822708,0.071156073
5.97248521,-2.433500584,8.14516813,0.237015712,-0.285884914,0.116064395,1756822708,0.053226984
6.697510457,-2.368894374,7.975277726,0.227241869,-0.244346095,0.085521133,1756822708,0.039219883
7.338786914,-2.14396905,7.932206919,0.254119939,-0.114842665,0.083077672,1756822708,0.038099315
7.412964415,-1.387837108,8.3748791,0.270002435,-0.041538836,0.07696902,1756822708,0.035297895
7.525427077,-1.009771137,8.468199181,0.244346095,0.035430184,0.140499005,1756822708,0.064432665
7.401000302,-0.696311377,8.461020714,0.28099801,0.028099801,0.216246294,1756822708,0.099170275
7.283751994,-0.361316213,8.547162327,0.293215297,-0.004886922,0.28099801,1756822708,0.128865329
7.056433847,-0.162711937,8.48494894,0.366519143,-0.05009095,0.389732022,1756822708,0.178730609
6.953542476,-0.052642097,8.573483376,0.368962586,0.048869219,0.401949344,1756822708,0.184333457
6.824330055,-0.033499516,8.774480474,0.441044702,0.25534167,0.49357913,1756822708,0.22635476
6.553941101,0.035892339,8.992227331,0.485027017,0.553443888,0.496022573,1756822708,0.22747532
6.245266986,0.086141614,8.98265604,0.514348513,0.803898671,0.542448332,1756822708,0.248766114
5.759523998,0.363709035,8.851050797,0.587652324,0.984714729,0.561996037,1756822708,0.257730667
5.146961413,0.870987426,9.03769096,0.629191178,1.059240306,0.594982742,1756822708,0.272858328
4.472185439,1.452443318,9.487541609,0.64018677,1.032362287,0.689055989,1756822708,0.316000199
3.658625755,2.069791549,10.01874823,0.54611354,0.874759004,0.731816555,1756822708,0.33561014
3.156133009,2.342573325,10.31306541,0.445931606,0.667064858,0.741590434,1756822708,0.340092428
2.914457927,2.553141714,10.1216396,0.312763002,0.544891775,0.71715579,1756822708,0.328886732
2.756531635,2.32821639,10.0163554,0.174707458,0.469144485,0.745255608,1756822708,0.341773272
2.612962279,1.887937031,9.899107096,0.072082098,0.442266432,0.701273293,1756822708,0.321603039
2.507678085,1.473978722,9.82014395,-0.056199602,0.428827397,0.593761012,1756822708,0.272298044
2.285145583,0.94755775,9.667003304,-0.12950343,0.428827397,0.536339679,1756822708,0.245964694
2.117648001,0.514456859,9.657432014,-0.131946891,0.372627795,0.411723171,1756822708,0.188815722
1.971685822,0.131605243,9.63589661,-0.131946891,0.298102236,0.337197611,1756822708,0.154638395
1.737189208,-0.244067905,9.75553774,-0.07696902,0.20525072,0.30054568,1756822708,0.137829866
1.557727513,-0.378065971,10.0163554,-0.032986723,0.094073247,0.223576677,1756822708,0.102531979
1.497906948,-0.344566454,10.30588694,0.019547688,-0.036651914,0.164933614,1756822708,0.075638345
1.663011707,-0.275174599,10.37288597,0.05009095,-0.139277274,0.131946891,1756822708,0.060510676
1.974078645,-0.153140646,10.16710323,0.089186325,-0.23090706,0.1282817,1756822708,0.058829824
2.3928226,-0.105284194,9.743573627,0.089186325,-0.293215297,-0.012217305,1756822708,-0.005602841
2.732603409,-0.591027182,9.339186608,0.056199602,-0.237015712,0.116064395,1756822708,0.053226984
2.864208652,-0.806381216,9.075976122,0.095294977,-0.174707458,0.037873645,1756822708,0.017368805
2.866601475,-0.921236701,8.939585234,0.109955743,-0.151494579,0.041538836,1756822708,0.019049657
2.775674216,-0.971485976,8.992227331,0.1282817,-0.184481302,0.07574729,1756822708,0.034737611
2.811566555,-0.990628556,9.044869428,0.135612083,-0.215024564,0.003665191,1756822708,0.001680852
2.813959378,-1.000199847,9.097511525,0.124616509,-0.260228591,0.05131268,1756822708,0.02353193
2.868994297,-0.976271621,9.238688059,0.131946891,-0.290771853,0.040317106,1756822708,0.018489373
3.086741154,-0.818345329,9.377471769,0.12705997,-0.260228591,0.021991149,1756822708,0.010085113
3.213560752,-0.622133876,9.269794752,0.124616509,-0.262672052,0.053756141,1756822708,0.024652498
3.366701398,-0.416351132,9.188438784,0.105068821,-0.270002435,0.003665191,1756822708,0.001680852
3.481556883,-0.200997098,9.08315459,0.117286126,-0.284663184,0.037873645,1756822708,0.017368805
3.527020512,0.05503492,9.10229717,0.112399204,-0.318871654,0.085521133,1756822708,0.039219883
3.596412368,0.23928226,9.121439751,0.131946891,-0.333532438,0.1282817,1756822708,0.058829824
3.711267853,0.370887503,9.085547412,0.114842665,-0.342084533,0.161268423,1756822708,0.073957493
3.81894487,0.421136778,9.040083783,0.119729587,-0.304210889,0.163711884,1756822708,0.075078061
3.917050596,0.471386052,8.975477573,0.106290551,-0.217468025,0.213802833,1756822708,0.098049707
3.976871161,0.648454925,9.032905315,0.116064395,-0.164933614,0.233350521,1756822708,0.107014252
4.015156323,0.835095087,9.119046929,0.10140363,-0.086742864,0.243124365,1756822708,0.111496524
3.976871161,0.935593637,9.262616285,0.05253441,-0.02687807,0.222354947,1756822708,0.101971695
3.878765435,0.859023313,9.315258382,0.058643063,0.048869219,0.274889357,1756822708,0.126063909
3.716053498,0.669990328,9.33200814,0.031764992,0.116064395,0.235793982,1756822708,0.10813482
3.541377448,0.516849682,9.269794752,0.062308254,0.172263997,0.190589954,1756822708,0.08740431
3.381058334,0.411565487,9.284151688,0.079412481,0.183259571,0.162490153,1756822708,0.074517777
3.215953574,0.354137745,9.315258382,0.057421332,0.208915911,0.138055544,1756822708,0.063312097
3.062812928,0.284745889,9.351150721,0.067195176,0.222354947,0.120951317,1756822708,0.05546812
2.866601475,0.224925324,9.430113867,0.085521133,0.210137642,0.056199602,1756822708,0.025773066
2.840280426,0.083748791,9.566504755,0.097738438,0.216246294,0.091629786,1756822708,0.042021303
2.773281393,0,9.640682255,0.095294977,0.208915911,0.030543262,1756822708,0.014007101
2.703889538,-0.093320081,9.631110965,0.089186325,0.184481302,0.053756141,1756822708,0.024652498
2.620140747,-0.12921242,9.604789916,0.116064395,0.146607657,0.018325957,1756822708,0.008404261
2.600998166,-0.179461695,9.671788949,0.091629786,0.107512282,-0.012217305,1756822708,-0.005602841
2.660818731,-0.126819598,9.736395159,0.108734012,0.058643063,-0.006108652,1756822708,-0.00280142
2.672782844,-0.076570323,9.815358305,0.062308254,-0.014660766,-0.034208453,1756822708,-0.015687953
2.804388087,-0.057427742,9.851250644,0.032986723,-0.07574729,-0.010995574,1756822708,-0.005042556
2.969492847,-0.016749758,9.786644434,0.034208453,-0.098960169,-0.036651914,1756822708,-0.016808521
3.1657043,0.040677984,9.779465966,0.017104227,-0.123394778,-0.05009095,1756822708,-0.022971646
3.409772205,0.062213388,9.743573627,0.029321531,-0.145385927,-0.018325957,1756822708,-0.008404261
3.570091319,0.071784678,9.731609514,0.006108652,-0.116064395,-0.034208453,1756822708,-0.015687953
3.656232933,0.074177501,9.698109998,0.030543262,-0.105068821,0.00122173,1756822708,0.000560284
3.682553981,0.059820565,9.738787982,0.030543262,-0.096516708,-0.018325957,1756822708,-0.008404261
3.720839143,0.11006984,9.710074111,0.029321531,-0.100181899,-0.02687807,1756822708,-0.012326249
3.672982691,0.143569356,9.686145885,0.048869219,-0.089186325,0.00122173,1756822708,0.000560284
3.594019545,0.181854518,9.63589661,0.07574729,-0.118507856,0.002443461,1756822708,0.001120568
3.550948738,0.210568389,9.528219593,0.07574729,-0.142942466,-0.030543262,1756822708,-0.014007101
3.570091319,0.323031051,9.444470802,0.069638637,-0.169820536,-0.014660766,1756822708,-0.006723409
3.754338659,0.411565487,9.38704306,0.157603231,-0.191811685,-0.139277274,1756822708,-0.06387238
3.751945837,0.526420972,9.288937333,0.017104227,-0.149051118,-0.004886922,1756822708,-0.002241136
3.785445353,0.605384118,9.205188542,0.02565634,-0.133168622,-0.125838239,1756822708,-0.057709256
3.785445353,0.614955408,9.15733209,-0.019547688,-0.118507856,-0.031764992,1756822708,-0.014567385
3.739981724,0.631705166,9.109475638,-0.009773844,-0.113620934,0.012217305,1756822708,0.005602841
3.665804223,0.59820565,9.152546445,0.003665191,-0.096516708,-0.10262536,1756822708,-0.047063859
3.617947771,0.629312344,9.198010074,0.015882496,-0.086742864,-0.017104227,1756822708,-0.007843977
3.541377448,0.658026215,9.33200814,0.036651914,-0.114842665,-0.094073247,1756822708,-0.043141871
3.522234867,0.643669279,9.432506689,0.014660766,-0.112399204,-0.069638637,1756822708,-0.03193619
3.59880519,0.655633392,9.45164927,0.030543262,-0.108734012,-0.092851516,1756822708,-0.042581587
3.680161159,0.617348231,9.418149754,0.036651914,-0.095294977,-0.069638637,1756822708,-0.03193619
3.720839143,0.550349198,9.358329189,0.019547688,-0.084299403,-0.109955743,1756822708,-0.050425564
3.725624788,0.466600407,9.365507656,0.057421332,-0.073303829,-0.084299403,1756822708,-0.038659599
3.704089385,0.375673148,9.379864592,0.030543262,-0.079412481,-0.059864793,1756822708,-0.027453918
3.665804223,0.289531535,9.430113867,0.042760567,-0.073303829,-0.125838239,1756822708,-0.057709256
3.692125272,0.215354034,9.513862658,0.023212879,-0.095294977,-0.048869219,1756822708,-0.022411362
3.747160192,0.212961211,9.568897577,0.045204028,-0.106290551,-0.135612083,1756822708,-0.062191529
3.845265918,0.23928226,9.600004271,0.019547688,-0.116064395,-0.056199602,1756822708,-0.025773066
3.955335758,0.256032018,9.588040158,0.019547688,-0.100181899,-0.094073247,1756822708,-0.043141871
4.015156323,0.232103792,9.537790884,0.009773844,-0.084299403,-0.069638637,1756822708,-0.03193619
4.041477371,0.177068872,9.511469835,-0.042760567,-0.036651914,-0.021991149,1756822708,-0.010085113
4.024727613,0.136390888,9.434899512,-0.003665191,-0.030543262,-0.034208453,1756822708,-0.015687953
3.986442452,0.141176533,9.437292334,0.007330383,-0.008552113,-0.061086524,1756822708,-0.028014202
3.986442452,0.114855485,9.454042093,-0.054977871,0.00122173,-0.035430184,1756822708,-0.016248237
3.974478339,0.172283227,9.499505722,-0.012217305,0.012217305,-0.070860368,1756822708,-0.032496474
3.895515193,0.172283227,9.542576529,-0.058643063,0.02565634,-0.037873645,1756822708,-0.017368805
3.852444386,0.12921242,9.504291367,-0.028099801,0.002443461,-0.05009095,1756822708,-0.022971646
3.83808745,0.138783711,9.518648303,-0.021991149,-0.004886922,-0.021991149,1756822708,-0.010085113
3.842873096,0.155533469,9.477970319,-0.05253441,-0.02687807,-0.053756141,1756822708,-0.024652498
3.845265918,0.157926292,9.518648303,-0.019547688,-0.02443461,-0.098960169,1756822708,-0.045383007
3.833301805,0.189032985,9.566504755,-0.006108652,-0.039095375,-0.040317106,1756822708,-0.018489373
3.811766402,0.30388847,9.533005238,-0.00122173,-0.043982297,-0.097738438,1756822708,-0.044822723
3.81894487,0.397208552,9.437292334,-0.02565634,-0.042760567,-0.067195176,1756822708,-0.030815622
3.866801322,0.442672181,9.355936366,-0.036651914,-0.031764992,-0.07574729,1756822708,-0.034737611
3.873979789,0.48813581,9.286544511,-0.039095375,-0.040317106,-0.073303829,1756822708,-0.033617043
3.876372612,0.547956375,9.241080881,-0.062308254,-0.017104227,-0.074525559,1756822708,-0.034177326
3.873979789,0.552742021,9.209974187,-0.02565634,-0.030543262,-0.092851516,1756822708,-0.042581587
3.871586967,0.569491779,9.262616285,-0.05009095,-0.013439035,-0.092851516,1756822708,-0.042581587
3.897908015,0.602991295,9.320044027,-0.046425758,-0.007330383,-0.063529985,1756822708,-0.02913477
3.945764467,0.660419038,9.389435882,-0.02565634,0.014660766,-0.057421332,1756822708,-0.02633335
3.876372612,0.710668312,9.475577496,-0.048869219,0.031764992,-0.063529985,1756822708,-0.02913477
3.823730515,0.686740086,9.44207798,-0.029321531,0.05131268,-0.045204028,1756822708,-0.02073051
3.71844632,0.65324057,9.38704306,-0.006108652,0.041538836,-0.036651914,1756822708,-0.016808521
3.627519062,0.586241537,9.312865559,-0.031764992,0.02565634,-0.020769418,1756822708,-0.009524829
3.536591803,0.540777908,9.205188542,0.02687807,0.009773844,-0.031764992,1756822709,-0.014567385
3.491128173,0.485742988,9.166903381,0.020769418,-0.007330383,-0.034208453,1756822709,-0.015687953
3.450450189,0.447457826,9.238688059,0.029321531,-0.023212879,-0.035430184,1756822709,-0.016248237
3.498306641,0.425922423,9.346365076,0.02565634,-0.028099801,-0.059864793,1756822709,-0.027453918
3.59880519,0.41395831,9.327222495,-0.003665191,-0.034208453,-0.043982297,1756822709,-0.020170225
3.682553981,0.35892339,9.308079914,0.02443461,-0.020769418,-0.064751715,1756822709,-0.029695054
3.730410433,0.320638228,9.262616285,-0.009773844,-0.010995574,-0.047647489,1756822709,-0.021851078
3.747160192,0.325423874,9.363114834,0.017104227,-0.032986723,-0.063529985,1756822709,-0.02913477
3.749553014,0.466600407,9.420542576,0.010995574,-0.059864793,-0.072082098,1756822709,-0.033056758
3.802195111,0.392422906,9.355936366,-0.003665191,-0.047647489,-0.040317106,1756822709,-0.018489373
3.835694628,0.327816696,9.360722011,-0.013439035,-0.013439035,-0.089186325,1756822709,-0.040900735
3.840480273,0.315852583,9.372686124,-0.009773844,-0.034208453,-0.010995574,1756822709,-0.005042556
3.785445353,0.272781776,9.422935399,-0.023212879,-0.047647489,-0.043982297,1756822709,-0.020170225
3.778266885,0.260817663,9.487541609,-0.017104227,-0.047647489,-0.018325957,1756822709,-0.008404261
3.70887503,0.244067905,9.422935399,-0.021991149,-0.073303829,-0.053756141,1756822709,-0.024652498
3.672982691,0.198604276,9.372686124,-0.012217305,-0.05253441,-0.041538836,1756822709,-0.019049657
3.682553981,0.246460728,9.312865559,-0.013439035,-0.07819075,-0.030543262,1756822709,-0.014007101
3.689732449,0.301495648,9.279366043,-0.017104227,-0.067195176,-0.028099801,1756822709,-0.012886533
3.684946804,0.272781776,9.32243685,-0.012217305,-0.073303829,-0.05009095,1756822709,-0.022971646
3.704089385,0.332602341,9.389435882,-0.041538836,-0.072082098,-0.020769418,1756822709,-0.009524829
3.69930374,0.356530567,9.391828705,-0.031764992,-0.079412481,-0.02443461,1756822709,-0.011205681
3.692125272,0.339780809,9.437292334,-0.032986723,-0.096516708,-0.045204028,1756822709,-0.02073051
3.696910917,0.392422906,9.360722011,-0.039095375,-0.125838239,-0.020769418,1756822709,-0.009524829
3.751945837,0.447457826,9.375078947,-0.05131268,-0.108734012,-0.030543262,1756822709,-0.014007101
3.852444386,0.490528633,9.372686124,-0.048869219,-0.113620934,-0.047647489,1756822709,-0.021851078
4.00319221,0.550349198,9.403792818,-0.028099801,-0.100181899,-0.034208453,1756822709,-0.015687953
4.13240463,0.550349198,9.434899512,-0.05131268,-0.072082098,-0.061086524,1756822709,-0.028014202
4.206582131,0.579063069,9.446863625,-0.019547688,-0.003665191,-0.059864793,1756822709,-0.027453918
4.24247447,0.557527666,9.444470802,-0.023212879,0.041538836,-0.080634211,1756822709,-0.036978746
4.17786826,0.569491779,9.401399995,-0.039095375,0.07819075,-0.05131268,1756822709,-0.02353193
4.046263017,0.567098956,9.375078947,-0.017104227,0.111177473,-0.067195176,1756822709,-0.030815622
3.924229064,0.576670247,9.324829672,-0.034208453,0.10140363,-0.041538836,1756822709,-0.019049657
3.830908983,0.521635327,9.27697322,-0.021991149,0.072082098,-0.059864793,1756822709,-0.027453918
3.756731482,0.531206617,9.262616285,-0.015882496,0.064751715,-0.063529985,1756822709,-0.02913477
3.723231966,0.571884601,9.408578463,0.006108652,0.032986723,-0.045204028,1756822709,-0.02073051
3.649054465,0.519242504,9.288937333,0.006108652,0.012217305,-0.063529985,1756822709,-0.02913477
3.687339627,0.516849682,9.288937333,0.009773844,0.018325957,-0.053756141,1756822709,-0.024652498
3.675375514,0.526420972,9.286544511,0,0.013439035,-0.05131268,1756822709,-0.02353193
3.639483175,0.495314278,9.298508624,0.019547688,-0.009773844,-0.031764992,1756822709,-0.014567385
3.701696562,0.471386052,9.281758865,0.032986723,-0.010995574,-0.045204028,1756822709,-0.02073051
3.735196079,0.46899323,9.310472737,0.045204028,0.018325957,-0.040317106,1756822709,-0.018489373
3.787838176,0.514456859,9.351150721,0.062308254,0.008552113,-0.028099801,1756822709,-0.012886533
3.739981724,0.495314278,9.418149754,0.035430184,0.039095375,-0.036651914,1756822709,-0.016808521
3.751945837,0.485742988,9.485148786,0.05253441,0.019547688,-0.012217305,1756822709,-0.005602841
3.732803256,0.41395831,9.470791851,0.032986723,0.018325957,0.012217305,1756822709,0.005602841
3.689732449,0.366101858,9.391828705,0.032986723,0.023212879,-0.014660766,1756822709,-0.006723409
3.641875997,0.332602341,9.315258382,0.037873645,-0.008552113,-0.017104227,1756822709,-0.007843977
3.637090352,0.287138712,9.358329189,-0.009773844,-0.02443461,-0.02443461,1756822709,-0.011205681
3.629911884,0.23928226,9.420542576,-0.003665191,-0.042760567,-0.020769418,1756822709,-0.009524829
3.646661642,0.208175566,9.420542576,-0.017104227,-0.036651914,-0.018325957,1756822709,-0.008404261
3.701696562,0.17467605,9.427721044,-0.039095375,-0.028099801,-0.034208453,1756822709,-0.015687953
3.730410433,0.11006984,9.434899512,-0.015882496,-0.017104227,-0.047647489,1756822709,-0.021851078
3.790230998,0.100498549,9.446863625,-0.029321531,-0.010995574,-0.034208453,1756822709,-0.015687953
3.842873096,0.172283227,9.458827738,-0.039095375,0.009773844,-0.065973446,1756822709,-0.030255338
3.864408499,0.155533469,9.446863625,-0.023212879,0.015882496,-0.043982297,1756822709,-0.020170225
3.873979789,0.200997098,9.430113867,-0.019547688,0.035430184,-0.05009095,1756822709,-0.022971646
3.852444386,0.220139679,9.391828705,-0.008552113,0.045204028,-0.035430184,1756822709,-0.016248237
3.816552047,0.263210486,9.32243685,-0.021991149,0.031764992,-0.02443461,1756822709,-0.011205681
3.771088418,0.30388847,9.334400963,-0.039095375,0.023212879,-0.040317106,1756822709,-0.018489373
3.737588901,0.325423874,9.382257415,-0.045204028,0.015882496,-0.046425758,1756822709,-0.021290793
3.728017611,0.404387019,9.430113867,-0.031764992,0.02565634,-0.020769418,1756822709,-0.009524829
3.737588901,0.445065004,9.499505722,-0.05131268,0.012217305,-0.018325957,1756822709,-0.008404261
3.692125272,0.399601374,9.5712904,-0.021991149,-0.013439035,-0.05009095,1756822709,-0.022971646
3.689732449,0.411565487,9.375078947,-0.054977871,-0.023212879,-0.014660766,1756822709,-0.006723409
3.713660675,0.409172665,9.308079914,-0.037873645,-0.029321531,-0.018325957,1756822709,-0.008404261
3.663411401,0.428315245,9.229116768,-0.023212879,0.002443461,-0.045204028,1756822709,-0.02073051
3.596412368,0.4235296,9.214759833,-0.012217305,0.006108652,-0.034208453,1756822709,-0.015687953
3.486342528,0.421136778,9.281758865,-0.017104227,0.012217305,-0.035430184,1756822709,-0.016248237
3.452843012,0.461814762,9.346365076,0.003665191,-0.00122173,-0.018325957,1756822709,-0.008404261
3.395415269,0.564706134,9.308079914,0.006108652,-0.018325957,-0.014660766,1756822709,-0.006723409
3.369094221,0.602991295,9.401399995,0.020769418,-0.036651914,-0.004886922,1756822709,-0.002241136
3.431307608,0.698704199,9.372686124,0.017104227,-0.018325957,-0.018325957,1756822709,-0.008404261
3.46959277,0.660419038,9.329615317,0.007330383,-0.034208453,-0.035430184,1756822709,-0.016248237
3.471985593,0.643669279,9.293722978,0.009773844,-0.030543262,-0.031764992,1756822709,-0.014567385
3.531806158,0.631705166,9.303294269,0.032986723,-0.05009095,-0.036651914,1756822709,-0.016808521
3.608376481,0.58863436,9.367900479,0.032986723,-0.034208453,-0.05131268,1756822709,-0.02353193
3.687339627,0.524028149,9.413364108,0.015882496,-0.013439035,-0.057421332,1756822709,-0.02633335
3.637090352,0.440279358,9.44207798,0.029321531,-0.02687807,-0.015882496,1756822709,-0.007283692
3.608376481,0.308674115,9.473184673,0.032986723,-0.003665191,-0.037873645,1756822709,-0.017368805
3.5892339,0.246460728,9.482755964,0.023212879,-0.014660766,-0.020769418,1756822709,-0.009524829
3.567698497,0.193818631,9.422935399,0.013439035,-0.037873645,-0.048869219,1756822709,-0.022411362
3.605983658,0.236889437,9.38704306,-0.002443461,-0.05009095,-0.040317106,1756822709,-0.018489373
3.591626723,0.205782744,9.470791851,-0.004886922,-0.07574729,-0.021991149,1756822709,-0.010085113
3.668197046,0.212961211,9.528219593,0.007330383,-0.098960169,-0.039095375,1756822709,-0.017929089
3.701696562,0.153140646,9.482755964,-0.042760567,-0.119729587,-0.037873645,1756822709,-0.017368805
3.806980757,0.124426775,9.437292334,-0.018325957,-0.139277274,-0.037873645,1756822709,-0.017368805
3.864408499,0.143569356,9.439685157,-0.035430184,-0.116064395,-0.030543262,1756822709,-0.014007101
3.962514226,0.06460621,9.413364108,-0.035430184,-0.092851516,-0.041538836,1756822709,-0.019049657
4.017549145,0.131605243,9.413364108,-0.002443461,-0.061086524,-0.058643063,1756822709,-0.026893634
4.051048662,0.198604276,9.401399995,-0.047647489,-0.037873645,-0.02443461,1756822709,-0.011205681
4.048655839,0.241675083,9.367900479,-0.023212879,-0.02687807,-0.061086524,1756822709,-0.028014202
4.00319221,0.24885355,9.422935399,-0.009773844,-0.007330383,-0.02443461,1756822709,-0.011205681
3.940978822,0.318245406,9.46122056,-0.036651914,-0.010995574,-0.041538836,1756822709,-0.019049657
3.914657774,0.306281293,9.477970319,-0.021991149,-0.007330383,-0.063529985,1756822709,-0.02913477
3.914657774,0.315852583,9.413364108,-0.064751715,-0.00122173,-0.040317106,1756822709,-0.018489373
3.919443419,0.327816696,9.34157943,-0.062308254,0.021991149,-0.067195176,1756822709,-0.030815622
3.854837209,0.334995164,9.327222495,-0.041538836,0.045204028,0,1756822709,0
3.852444386,0.313459761,9.343972253,-0.039095375,0.058643063,-0.018325957,1756822709,-0.008404261
3.775874063,0.36849468,9.408578463,-0.053756141,0.047647489,-0.053756141,1756822709,-0.024652498
3.716053498,0.416351132,9.427721044,-0.05009095,0.068416907,-0.02443461,1756822709,-0.011205681
3.661018578,0.433100891,9.399007173,-0.045204028,0.05253441,-0.037873645,1756822709,-0.017368805
3.620340594,0.409172665,9.288937333,-0.023212879,0.048869219,-0.054977871,1756822709,-0.025212782
3.603590836,0.447457826,9.288937333,-0.035430184,0.029321531,-0.010995574,1756822709,-0.005042556
3.550948738,0.433100891,9.365507656,0.003665191,0.045204028,-0.087964594,1756822709,-0.040340451
3.546163093,0.464207584,9.410971286,0.009773844,0.02565634,-0.02443461,1756822709,-0.011205681
3.53419898,0.497707101,9.410971286,0.029321531,0.009773844,-0.073303829,1756822709,-0.033617043
3.486342528,0.485742988,9.384650237,0.017104227,-0.003665191,-0.054977871,1756822709,-0.025212782
3.436093254,0.447457826,9.329615317,0.023212879,-0.003665191,-0.02687807,1756822709,-0.012326249
3.426521963,0.4235296,9.253044994,0.042760567,-0.030543262,-0.031764992,1756822709,-0.014567385
3.433700431,0.344566454,9.296115801,0.023212879,-0.034208453,-0.034208453,1756822709,-0.015687953
3.46959277,0.35892339,9.339186608,0.029321531,-0.069638637,0.004886922,1756822709,0.002241136
3.517449222,0.344566454,9.379864592,0.036651914,-0.095294977,-0.047647489,1756822709,-0.021851078
3.596412368,0.351744922,9.434899512,0.019547688,-0.086742864,-0.069638637,1756822709,-0.03193619
3.706482207,0.279960244,9.477970319,0.046425758,-0.10262536,-0.05131268,1756822709,-0.02353193
3.780659708,0.320638228,9.475577496,-0.006108652,-0.083077672,-0.041538836,1756822709,-0.019049657
3.809373579,0.270388954,9.45164927,0.013439035,-0.07696902,-0.069638637,1756822709,-0.03193619
3.881158257,0.22971097,9.389435882,0.006108652,-0.058643063,-0.030543262,1756822709,-0.014007101
3.862015676,0.222532502,9.399007173,0.023212879,-0.043982297,-0.084299403,1756822709,-0.038659599
3.89312237,0.23928226,9.422935399,0.009773844,-0.048869219,-0.056199602,1756822709,-0.025773066
3.888336725,0.263210486,9.403792818,0.023212879,-0.036651914,-0.037873645,1756822709,-0.017368805
3.909872128,0.265603309,9.420542576,0.006108652,-0.030543262,-0.067195176,1756822709,-0.030815622
3.921836241,0.256032018,9.425328221,0.002443461,-0.036651914,-0.031764992,1756822709,-0.014567385
3.912264951,0.234496615,9.377471769,-0.015882496,-0.00122173,-0.067195176,1756822709,-0.030815622
3.885943902,0.191425808,9.312865559,-0.007330383,0.006108652,-0.008552113,1756822709,-0.003921988
3.806980757,0.200997098,9.32243685,-0.015882496,0,-0.008552113,1756822709,-0.003921988
3.761517127,0.177068872,9.346365076,-0.003665191,0.028099801,-0.031764992,1756822710,-0.014567385
3.783052531,0.167497582,9.372686124,0.017104227,-0.014660766,0.003665191,1756822710,0.001680852
3.802195111,0.200997098,9.406185641,-0.018325957,-0.013439035,0.008552113,1756822710,0.003921988
3.804587934,0.270388954,9.45164927,0.003665191,0.008552113,-0.02443461,1756822710,-0.011205681
3.816552047,0.22971097,9.449256447,0.009773844,0.008552113,0.028099801,1756822710,0.012886533
3.857230031,0.272781776,9.458827738,0,0.012217305,-0.037873645,1756822710,-0.017368805
3.847658741,0.267996131,9.454042093,0,0.048869219,0.034208453,1756822710,0.015687953
3.859622854,0.291924357,9.408578463,0.006108652,0.041538836,-0.028099801,1756822710,-0.012886533
3.833301805,0.272781776,9.348757898,0.003665191,0.05131268,-0.02565634,1756822710,-0.011765965
3.783052531,0.272781776,9.336793785,0.009773844,0.064751715,0.003665191,1756822710,0.001680852
3.778266885,0.301495648,9.291330156,0.013439035,0.072082098,-0.014660766,1756822710,-0.006723409
3.706482207,0.311066938,9.281758865,0.039095375,0.045204028,-0.02565634,1756822710,-0.011765965
3.605983658,0.339780809,9.401399995,0.013439035,0.035430184,0.017104227,1756822710,0.007843977
3.550948738,0.382851616,9.523433948,0.028099801,0.041538836,-0.02443461,1756822710,-0.011205681
3.527020512,0.428315245,9.578468868,-0.009773844,0.009773844,0.00122173,1756822710,0.000560284
3.625126239,0.442672181,9.638289433,0.015882496,-0.007330383,-0.053756141,1756822710,-0.024652498
3.756731482,0.421136778,9.683753062,0.017104227,-0.02443461,-0.040317106,1756822710,-0.018489373
3.960121403,0.41395831,9.719645401,0.009773844,-0.034208453,-0.031764992,1756822710,-0.014567385
4.125226162,0.409172665,9.805787015,0.019547688,0.008552113,-0.086742864,1756822710,-0.039780167
4.259224228,0.363709035,9.786644434,-0.006108652,0.039095375,-0.10262536,1756822710,-0.047063859
4.357329955,0.318245406,9.741180805,-0.006108652,0.097738438,-0.15271631,1756822710,-0.070035505
4.431507455,0.327816696,9.628718142,0.017104227,0.130725161,-0.15271631,1756822710,-0.070035505
4.453042859,0.241675083,9.504291367,-0.007330383,0.163711884,-0.196698607,1756822710,-0.090205731
4.443471568,0.224925324,9.38704306,-0.003665191,0.185703032,-0.223576677,1756822710,-0.102531979
4.462614149,0.172283227,9.360722011,-0.006108652,0.216246294,-0.263893783,1756822710,-0.121021353
4.4362931,0.136390888,9.384650237,0.02565634,0.239459173,-0.321315115,1756822710,-0.147354702
4.383651003,0.177068872,9.420542576,0.013439035,0.246789556,-0.315206445,1756822710,-0.144553274
4.323830438,0.081355968,9.406185641,-0.013439035,0.22968533,-0.376292969,1756822710,-0.172567476
4.228117534,0.059820565,9.260223462,-0.039095375,0.191811685,-0.422718727,1756822710,-0.19385827
4.359722777,-0.035892339,9.257830639,-0.059864793,0.163711884,-0.456927198,1756822710,-0.209546231
4.419543342,0.023928226,9.229116768,-0.045204028,0.139277274,-0.448375102,1756822710,-0.205624251
4.381258181,0.052642097,9.274580398,-0.035430184,0.163711884,-0.461814103,1756822710,-0.211787359
4.201796486,0.076570323,9.21236701,-0.064751715,0.196698607,-0.476474868,1756822710,-0.218510767
3.88355108,0.205782744,8.965906282,-0.05253441,0.207694181,-0.478918364,1756822710,-0.219631352
3.486342528,0.210568389,8.748159426,-0.05131268,0.208915911,-0.464257581,1756822710,-0.212907935
3.148954542,0.289531535,8.61416136,0.003665191,0.239459173,-0.481361808,1756822710,-0.220751912
2.86181583,0.564706134,8.748159426,-0.015882496,0.224798408,-0.482583538,1756822710,-0.221312196
2.684746957,0.796809926,8.74337378,-0.032986723,0.199142068,-0.50701813,1756822710,-0.232517869
2.581855585,0.969093153,8.913264185,0.007330383,0.191811685,-0.516792009,1756822710,-0.237000157
2.541177601,1.258624688,9.162117735,0.007330383,0.186924763,-0.524122392,1756822710,-0.240361861
2.517249375,1.304088317,9.391828705,0.007330383,0.208915911,-0.561996037,1756822710,-0.257730667
2.254038889,1.272981623,9.142975155,-0.039095375,0.196698607,-0.555887367,1756822710,-0.254929238
2.213360905,1.074377347,9.011369912,-0.013439035,0.172263997,-0.529009279,1756822710,-0.242602981
2.335394858,0.90209412,9.164510558,0.010995574,0.156381501,-0.587652324,1756822710,-0.269496607
2.591426876,0.851844846,9.253044994,0.122173048,0.189368224,-0.504574687,1756822710,-0.231397309
3.146561719,0.681954441,9.559326287,0.15271631,0.284663184,-0.509461626,1756822710,-0.233638453
2.062613081,0.801595571,9.334400963,0.068416907,0.169820536,-0.397062405,1756822710,-0.182092313
2.134397759,0.473778875,9.573683223,0.097738438,0.084299403,-0.368962586,1756822710,-0.169205772
2.167897276,0.323031051,9.750752095,0.118507856,0.074525559,-0.307876063,1756822710,-0.14119157
2.02432792,0.48813581,9.678967417,0.109955743,0.003665191,-0.202807259,1756822710,-0.093007151
2.172682921,0.435493713,9.777073144,0.112399204,-0.233350521,-0.07696902,1756822710,-0.035297895
2.421536471,0.576670247,10.37288597,0.15393804,-0.086742864,-0.096516708,1756822710,-0.044262439
2.931207685,0.351744922,10.11685395,0.108734012,-0.003665191,0.013439035,1756822710,0.006163124
3.543770271,-0.18424734,8.992227331,0.079412481,0.012217305,0.034208453,1756822710,0.015687953
3.302095188,-0.299102825,9.370293302,0.009773844,0.004886922,0.079412481,1756822710,0.036418463
3.586841077,-0.306281293,9.513862658,-0.058643063,0.048869219,0.07574729,1756822710,0.034737611
4.168296969,-0.351744922,9.439685157,-0.151494579,0.113620934,0.149051118,1756822710,0.068354653
4.043870194,-0.313459761,9.62632532,-0.223576677,0.213802833,0.186924763,1756822710,0.085723458
3.917050596,-0.24885355,9.564111932,-0.260228591,0.194255146,0.304210889,1756822710,0.139510726
3.933800354,0.189032985,10.16231758,-0.263893783,0.193033415,0.315206445,1756822710,0.144553274
4.149154388,0.466600407,10.00917694,-0.335975881,0.183259571,0.28099801,1756822710,0.128865329
4.024727613,0.643669279,9.808179837,-0.375071256,0.124616509,0.372627795,1756822710,0.170886632
4.637290199,0.323031051,9.279366043,-0.35918876,0.109955743,0.337197611,1756822710,0.154638395
4.314259148,0.71784678,10.05703339,-0.366519143,0.147829388,0.266337244,1756822710,0.122141921
4.244867292,0.806381216,10.10967548,-0.386066848,0.173485728,0.323758559,1756822710,0.148475263
3.976871161,0.571884601,9.927820967,-0.342084533,0.189368224,0.257785131,1756822710,0.118219933
3.567698497,0.342173632,9.722038224,-0.273667627,0.177150919,0.334754151,1756822710,0.153517827
3.354737285,0.619741053,9.836893709,-0.243124365,0.195476876,0.312763002,1756822710,0.143432714
3.34995164,0.856630491,10.02353387,-0.164933614,0.25534167,0.370184317,1756822710,0.169766056
3.541377448,0.945164927,10.04267645,-0.215024564,0.343306264,0.342084533,1756822710,0.156879531
3.565305674,0.648454925,10.10967548,-0.145385927,0.455705485,0.305432619,1756822710,0.14007101
3.416950673,0.545563553,9.915856854,-0.161268423,0.540004888,0.346971438,1756822710,0.159120659
3.043670347,0.35892339,9.829715241,-0.138055544,0.571769828,0.316428176,1756822710,0.145113558
2.672782844,-0.021535403,9.753144918,-0.147829388,0.572991628,0.370184317,1756822710,0.169766056
2.201396792,-0.047856452,10.15035347,-0.111177473,0.538783158,0.373849526,1756822710,0.171446916
2.225325018,-0.145962179,10.35374339,-0.079412481,0.469144485,0.372627795,1756822710,0.170886632
2.450250342,-0.035892339,10.13121089,-0.069638637,0.458148929,0.415388345,1756822710,0.190496566
2.347358971,-0.011964113,9.812965483,-0.096516708,0.471587964,0.389732022,1756822710,0.178730609
2.220539373,-0.011964113,9.650253546,-0.096516708,0.453261989,0.403171057,1756822710,0.184893733
2.036292033,0.124426775,9.542576529,-0.048869219,0.41661011,0.332310707,1756822710,0.152397267
1.954936064,0.210568389,9.224331123,-0.072082098,0.367740873,0.421497014,1756822710,0.193297994
1.847259047,0.052642097,9.226723946,-0.108734012,0.305432619,0.375071256,1756822710,0.1720072
2.16311163,0.057427742,9.535398061,-0.12950343,0.285884914,0.38362337,1756822710,0.175929189
2.021935097,0.098105727,9.750752095,-0.144164196,0.265115513,0.307876063,1756822710,0.14119157
2.127219291,0.124426775,9.863214757,-0.122173048,0.217468025,0.370184317,1756822710,0.169766056
2.342573325,0.045463629,9.887142983,-0.098960169,0.241902634,0.266337244,1756822710,0.122141921
2.581855585,0.200997098,9.609575562,-0.07819075,0.238237443,0.200363798,1756822710,0.091886583
2.242074776,0.260817663,9.56171911,-0.074525559,0.226020138,0.135612083,1756822710,0.062191529
