acc_x,acc_y,acc_z,gyro_x,gyro_y,gyro_z,timestamp
1.9932212257999997,-0.9140582331999999,9.942177903,-0.013439035240356337,-0.047647488579445195,-0.07452555906015787,1756822325.194015
1.9932212257999997,-0.9188438783999999,9.8847501606,0.007330382858376184,-0.04520402762665313,-0.007330382858376184,1756822325.202104
1.9645073545999998,-0.9188438783999999,9.8177511278,0.004886921905584123,-0.048869219055841226,-0.03665191429188092,1756822325.210093
1.9477575963999998,-0.8973084749999999,9.7770731436,-0.02199114857512855,-0.040317105721069016,0.01832595714594046,1756822325.218079
2.0099709839999997,-0.849452023,9.762716207999999,-0.05253441048502932,-0.03298672286269283,-0.039095375244672985,1756822325.226090
2.0434705004,-0.873380249,9.7914300792,-0.04153883619746504,-0.009773843811168246,0.009773843811168246,1756822325.234065
2.0769700168,-0.8757730715999998,9.8799645154,-0.047647488579445195,0.035430183815484885,0.035430183815484885,1756822325.242072
2.0482561456,-0.8422735552,9.9804630646,-0.03298672286269283,0.06475171524898962,0.019547687622336492,1756822325.250090
1.9836499354,-0.7561319416,10.073783145999998,-0.059864793343405505,0.1075122819228507,0.023212879051524585,1756822325.258084
1.9357934833999997,-0.7250252477999999,10.1886386308,-0.0317649923862968,0.11484266478122689,-0.012217304763960306,1756822325.266076
1.8592231602,-0.6340979889999999,10.229316614999998,-0.029321531433504737,0.14782938764391973,-0.009773843811168246,1756822325.274147
1.7659030788,-0.5742774239999999,10.2149596794,-0.023212879051524585,0.14416419621473162,0.013439035240356337,1756822325.282084
1.6773686425999998,-0.5527420206,10.1312108884,-0.019547687622336492,0.1075122819228507,0.006108652381980153,1756822325.290094
1.5577275126,-0.5670989562,10.0642118556,-0.05619960191421741,0.07452555906015787,0.0024434609527920616,1756822325.298076
1.495514125,-0.5455635528,9.9924271776,-0.0317649923862968,0.047647488579445195,0.004886921905584123,1756822325.306106
1.423729447,-0.5455635528,9.9086783866,-0.04276056667386108,0.04642575810304917,-0.012217304763960306,1756822325.314083
1.411765334,-0.5072783912,9.7794659662,-0.02199114857512855,-0.010995574287564275,0.003665191429188092,1756822325.322068
1.4285150921999998,-0.5527420206,9.774680320999998,0.0024434609527920616,-0.04642575810304917,0.012217304763960306,1756822325.330110
1.4883356571999997,-0.5599204884,9.7459664498,-0.012217304763960306,-0.059864793343405505,0.0,1756822325.338114
1.5290136414,-0.5670989562,9.8057870148,0.0012217304763960308,-0.08918632477691024,0.003665191429188092,1756822325.346074
1.6175480776,-0.5838487144,9.8177511278,0.03298672286269283,-0.079412480965742,-0.03298672286269283,1756822325.354065
1.6725829974,-0.490528633,9.9110712092,0.02076941809873252,-0.07330382858376185,-0.05009094953223726,1756822325.362128
1.7204394494,-0.418743955,9.930213789999998,0.04642575810304917,-0.07086036763096977,-0.02199114857512855,1756822325.370066
1.6941184007999999,-0.3421736318,9.942177903,0.009773843811168246,-0.059864793343405505,-0.039095375244672985,1756822325.378086
1.6965112234,-0.2799602442,9.901499918799999,-0.0158824961931484,-0.04276056667386108,-0.03298672286269283,1756822325.386073
1.6606188843999998,-0.23928226,9.8249295956,-0.012217304763960306,-0.06597344572538566,-0.06475171524898962,1756822325.394073
1.6534404165999999,-0.24167508259999998,9.7914300792,-0.05131268000863329,-0.05253441048502932,0.006108652381980153,1756822325.402099
1.6319050132,-0.2656033086,9.731609514199999,-0.02076941809873252,-0.05253441048502932,-0.02199114857512855,1756822325.410070
1.6151552550000001,-0.2536391956,9.767501853199999,-0.025656340004316644,-0.05375614096142535,-0.0439822971502571,1756822325.418063
1.5864413838,-0.2656033086,9.8153583052,-0.009773843811168246,-0.05619960191421741,-0.012217304763960306,1756822325.426060
1.6079767872,-0.2895315346,9.8153583052,-0.0158824961931484,-0.03420845333908886,-0.05253441048502932,1756822325.434054
1.6151552550000001,-0.32542387359999997,9.8680004024,0.013439035240356337,-0.07696902001294993,0.0024434609527920616,1756822325.442046
1.6438691261999998,-0.4259224228,9.9206424996,0.030543261909900768,-0.058643062867009474,-0.0158824961931484,1756822325.450054
1.7156538041999998,-0.5527420206,9.9756774194,0.014660765716752368,-0.05619960191421741,-0.0317649923862968,1756822325.458055
1.7539389658,-0.6317051664,10.0546405652,0.05253441048502932,-0.04276056667386108,-0.03787364476827695,1756822325.466056
1.7802600144,-0.7034898444,10.078568791199999,0.04520402762665313,-0.0439822971502571,-0.039095375244672985,1756822325.474087
1.7491533205999998,-0.7393821834,10.073783145999998,0.04276056667386108,-0.05375614096142535,-0.007330382858376184,1756822325.482058
1.746760498,-0.7561319416,10.078568791199999,0.059864793343405505,-0.07330382858376185,-0.003665191429188092,1756822325.490055
1.746760498,-0.8063812161999999,10.1120683076,0.0158824961931484,-0.059864793343405505,-0.023212879051524585,1756822325.498055
1.7300107398,-0.861416136,10.085747258999998,0.059864793343405505,-0.08307767239493008,-0.009773843811168246,1756822325.506097
1.7156538041999998,-0.8662017812,10.042676452199998,0.029321531433504737,-0.06963863715457375,-0.007330382858376184,1756822325.514087
1.746760498,-0.8805587167999999,9.9924271776,0.025656340004316644,-0.09407324668249435,-0.013439035240356337,1756822325.522057
1.7443676754,-0.873380249,10.021141048799999,0.047647488579445195,-0.09529497715889039,-0.029321531433504737,1756822325.530058
1.7682959014,-0.8207381518,9.990034354999999,0.035430183815484885,-0.10262536001726658,0.0,1756822325.538060
1.7994025952000001,-0.7704888771999999,9.999605645399999,0.04276056667386108,-0.11239920382843482,-0.0158824961931484,1756822325.546054
1.8472590472,-0.7417750059999999,9.9876415324,0.029321531433504737,-0.14538592669112765,-0.029321531433504737,1756822325.554080
1.8783657409999999,-0.7274180704000001,9.918249676999999,0.012217304763960306,-0.1392772743091475,-0.012217304763960306,1756822325.562093
1.9764714676,-0.7202396025999999,9.839286531199999,0.008552113334772215,-0.11606439525762292,0.023212879051524585,1756822325.570074
1.9956140484,-0.7609175867999999,9.774680320999998,-0.02199114857512855,-0.11850785621041497,0.0012217304763960308,1756822325.578093
2.0961125976,-0.7848458128,9.762716207999999,-0.008552113334772215,-0.10262536001726658,-0.010995574287564275,1756822325.586059
2.1559331626,-0.8015955709999999,9.7770731436,-0.019547687622336492,-0.10018189906447451,0.003665191429188092,1756822325.594057
2.129612114,-0.7202396025999999,9.8010013696,-0.019547687622336492,-0.05619960191421741,0.003665191429188092,1756822325.602081
2.1439690496,-0.7034898444,9.851250644199999,0.013439035240356337,-0.01710422666954443,0.029321531433504737,1756822325.610078
2.1200408235999997,-0.6364908116,9.9349994352,-0.0158824961931484,0.009773843811168246,0.013439035240356337,1756822325.618084
2.0769700168,-0.6173482307999999,9.978070242,-0.012217304763960306,0.04276056667386108,0.013439035240356337,1756822325.626056
2.0434705004,-0.5599204884,10.0283195166,-0.008552113334772215,0.059864793343405505,-0.019547687622336492,1756822325.634129
1.9812571127999998,-0.48574298779999997,10.0522477426,0.007330382858376184,0.06597344572538566,-0.009773843811168246,1756822325.642101
1.8783657409999999,-0.4642075844,10.042676452199998,0.009773843811168246,0.06475171524898962,-0.012217304763960306,1756822325.650077
1.8041882403999998,-0.48335016519999996,9.949356370799999,-0.019547687622336492,0.06475171524898962,-0.025656340004316644,1756822325.658059
1.7276179172,-0.5192425042,9.8560362894,-0.019547687622336492,0.02199114857512855,-0.012217304763960306,1756822325.666056
1.722832272,-0.5431707302,9.8057870148,0.0024434609527920616,-0.029321531433504737,-0.039095375244672985,1756822325.674440
1.698904046,-0.5647061336,9.7579305628,-0.0317649923862968,-0.030543261909900768,0.0,1756822325.682056
1.698904046,-0.5934200048,9.7196454012,0.006108652381980153,-0.03298672286269283,0.05131268000863329,1756822325.690067
1.7347963849999999,-0.6077769404,9.7722874984,-0.02199114857512855,-0.02076941809873252,0.035430183815484885,1756822325.698065
1.7706887239999998,-0.6029912951999999,9.7842516114,-0.009773843811168246,-0.02076941809873252,0.03298672286269283,1756822325.706098
1.8209379985999998,-0.5647061336,9.8440721764,0.003665191429188092,-0.0012217304763960308,0.006108652381980153,1756822325.714095
1.8544375149999999,-0.5431707302,9.913464031799998,-0.02199114857512855,-0.004886921905584123,-0.03665191429188092,1756822325.722084
1.8305092889999999,-0.4881358104,9.9804630646,0.006108652381980153,0.026878070480712675,-0.019547687622336492,1756822325.730067
1.8496518698,-0.4163511324,10.033105161799998,-0.007330382858376184,0.028099800957108706,-0.05131268000863329,1756822325.738111
1.8041882403999998,-0.36610185779999993,10.0402836296,-0.0158824961931484,0.0024434609527920616,-0.048869219055841226,1756822325.746090
1.7635102561999998,-0.31345976059999997,10.021141048799999,0.012217304763960306,-0.01710422666954443,0.0,1756822325.754068
1.7036896912,-0.2656033086,9.9326066126,-0.026878070480712675,-0.03665191429188092,-0.013439035240356337,1756822325.762075
1.6366906583999998,-0.29910282499999996,9.877571692799998,0.0,-0.039095375244672985,-0.01710422666954443,1756822325.770086
1.6127624323999998,-0.29910282499999996,9.8321080634,-0.013439035240356337,-0.04276056667386108,-0.028099800957108706,1756822325.778104
1.651047594,-0.334995164,9.8177511278,-0.0158824961931484,-0.05009094953223726,-0.023212879051524585,1756822325.786072
1.67497582,-0.37328032559999996,9.7603233854,0.013439035240356337,-0.08307767239493008,-0.0317649923862968,1756822325.794111
1.7419748528,-0.44267218099999994,9.8010013696,0.007330382858376184,-0.05742133239061344,-0.035430183815484885,1756822325.802082
1.7946169499999998,-0.48335016519999996,9.894321451,0.059864793343405505,-0.08674286382411818,-0.047647488579445195,1756822325.810062
1.8711872732,-0.5216353268,9.999605645399999,0.013439035240356337,-0.08307767239493008,-0.061086523819801536,1756822325.818149
1.9214365477999997,-0.6077769404,9.997212822799998,0.040317105721069016,-0.06719517620178168,-0.06475171524898962,1756822325.826096
1.9310078382,-0.6340979889999999,10.033105161799998,0.05253441048502932,-0.09529497715889039,-0.03298672286269283,1756822325.834099
1.9836499354,-0.7250252477999999,10.0713903234,0.03420845333908886,-0.058643062867009474,-0.035430183815484885,1756822325.842204
1.9836499354,-0.7585247641999999,10.0402836296,0.08918632477691024,-0.06597344572538566,-0.058643062867009474,1756822325.850086
1.9836499354,-0.7633104094,10.0474620974,0.05253441048502932,-0.04520402762665313,-0.039095375244672985,1756822325.858087
1.962114532,-0.7034898444,10.0187482262,0.08552113334772216,-0.04642575810304917,-0.06475171524898962,1756822325.866129
1.926222193,-0.705882667,10.021141048799999,0.05009094953223726,-0.07330382858376185,-0.0158824961931484,1756822325.874203
1.9453647737999997,-0.6747759731999999,9.961320483799998,0.03665191429188092,-0.059864793343405505,-0.013439035240356337,1756822325.882132
1.9166509026,-0.7082754896,9.9349994352,0.048869219055841226,-0.08185594191853406,-0.04642575810304917,1756822325.890166
1.8831513862,-0.7154539573999998,9.927820967399999,-0.006108652381980153,-0.08307767239493008,-0.003665191429188092,1756822325.898093
1.9669001771999999,-0.7010970218,9.894321451,0.04276056667386108,-0.0916297857297023,-0.06841690667817772,1756822325.906099
1.9310078382,-0.6891329088,9.829715240799999,0.030543261909900768,-0.0916297857297023,0.006108652381980153,1756822325.914089
1.9190437251999999,-0.6556333924,9.9038927414,0.01710422666954443,-0.058643062867009474,-0.013439035240356337,1756822325.922136
1.9549360641999998,-0.6221338759999999,9.8919286284,0.040317105721069016,-0.07696902001294993,-0.009773843811168246,1756822325.930094
1.9477575963999998,-0.6364908116,9.846464998999998,0.0012217304763960308,-0.05375614096142535,-0.01710422666954443,1756822325.938146
1.9310078382,-0.6723831506,9.8249295956,0.040317105721069016,-0.04520402762665313,-0.029321531433504737,1756822325.946111
1.9166509026,-0.7274180704000001,9.829715240799999,-0.006108652381980153,-0.030543261909900768,-0.02076941809873252,1756822325.954104
1.9310078382,-0.7274180704000001,9.8057870148,0.040317105721069016,-0.04642575810304917,-0.04276056667386108,1756822325.962081
1.938186306,-0.7154539573999998,9.8273224182,0.03298672286269283,-0.05009094953223726,0.008552113334772215,1756822325.970095
1.9716858224,-0.6484549246,9.846464998999998,0.0,-0.03787364476827695,-0.0158824961931484,1756822325.978103
1.9956140484,-0.6149554081999999,9.829715240799999,0.026878070480712675,-0.05619960191421741,-0.006108652381980153,1756822325.986150
2.0362920326,-0.5551348432,9.834500885999999,0.023212879051524585,-0.06597344572538566,0.010995574287564275,1756822325.994073
2.0721843715999997,-0.5192425042,9.8560362894,-0.023212879051524585,-0.04642575810304917,-0.009773843811168246,1756822326.002081
2.0841484845999996,-0.49770710079999997,9.913464031799998,0.003665191429188092,-0.029321531433504737,-0.0012217304763960308,1756822326.010104
2.093719775,-0.4881358104,9.9684989516,-0.03665191429188092,0.013439035240356337,-0.02199114857512855,1756822326.018132
2.0793628394,-0.490528633,9.9876415324,-0.007330382858376184,0.003665191429188092,0.019547687622336492,1756822326.026099
2.0554346134,-0.5144568589999999,9.997212822799998,-0.009773843811168246,0.03298672286269283,0.0,1756822326.034090
1.9932212257999997,-0.5359922624,9.9708917742,-0.04276056667386108,0.03787364476827695,0.03298672286269283,1756822326.042109
1.9645073545999998,-0.5694917787999999,9.927820967399999,0.0024434609527920616,0.039095375244672985,-0.007330382858376184,1756822326.050115
1.91425808,-0.5886343596,9.870393224999999,-0.03298672286269283,0.009773843811168246,0.0158824961931484,1756822326.058080
1.9166509026,-0.5886343596,9.8560362894,-0.01710422666954443,0.008552113334772215,0.003665191429188092,1756822326.066075
1.9190437251999999,-0.5814558917999999,9.8632147572,-0.025656340004316644,-0.007330382858376184,0.02199114857512855,1756822326.074138
1.902293967,-0.5790630692,9.848857821600001,-0.04642575810304917,0.0024434609527920616,0.01710422666954443,1756822326.082113
1.9070796122,-0.5455635528,9.8321080634,-0.003665191429188092,-0.007330382858376184,0.013439035240356337,1756822326.090103
1.9238293703999998,-0.5240281494,9.8057870148,-0.059864793343405505,-0.006108652381980153,-0.025656340004316644,1756822326.098063
1.8759729183999998,-0.5359922624,9.798608546999999,-0.023212879051524585,-0.004886921905584123,-0.03298672286269283,1756822326.106110
1.9118652573999997,-0.5240281494,9.8057870148,-0.025656340004316644,0.019547687622336492,-0.006108652381980153,1756822326.114109
1.9310078382,-0.550349198,9.8847501606,-0.0158824961931484,0.008552113334772215,-0.007330382858376184,1756822326.122098
1.9286150156,-0.5168496816,9.887142983199999,0.009773843811168246,0.006108652381980153,-0.025656340004316644,1756822326.130085
1.9118652573999997,-0.5312066172,9.9445707256,-0.02199114857512855,0.03420845333908886,-0.007330382858376184,1756822326.138109
1.9238293703999998,-0.5168496816,9.978070242,0.007330382858376184,0.008552113334772215,-0.05497787143782138,1756822326.146080
1.8831513862,-0.5264209719999999,9.978070242,-0.006108652381980153,0.009773843811168246,0.0,1756822326.154085
1.8664016279999998,-0.5144568589999999,10.0283195166,0.0158824961931484,0.0,-0.028099800957108706,1756822326.162114
1.8664016279999998,-0.4881358104,10.0594262104,0.03420845333908886,-0.013439035240356337,-0.003665191429188092,1756822326.170100
1.8305092889999999,-0.4211367776,10.0761759686,0.019547687622336492,-0.003665191429188092,-0.03665191429188092,1756822326.178097
1.8113667082,-0.38045879339999994,10.009176935799998,0.01710422666954443,-0.003665191429188092,-0.04276056667386108,1756822326.186072
1.7826528369999999,-0.406779842,9.9517491934,0.009773843811168246,-0.013439035240356337,-0.03298672286269283,1756822326.194120
1.7730815465999998,-0.39720855159999996,9.8727860476,0.019547687622336492,-0.007330382858376184,-0.035430183815484885,1756822326.202105
1.7659030788,-0.4474578262,9.846464998999998,0.009773843811168246,-0.04520402762665313,-0.04153883619746504,1756822326.210110
1.7778671918,-0.46899322959999995,9.822536773,-0.007330382858376184,-0.029321531433504737,-0.04642575810304917,1756822326.218094
1.8041882403999998,-0.5216353268,9.8201439504,0.023212879051524585,-0.026878070480712675,-0.0317649923862968,1756822326.226122
1.8161523534,-0.5383850849999999,9.8919286284,0.019547687622336492,-0.05009094953223726,-0.023212879051524585,1756822326.234085
1.8592231602,-0.5359922624,9.9086783866,0.029321531433504737,-0.05375614096142535,-0.04153883619746504,1756822326.242097
1.8759729183999998,-0.550349198,9.966106128999998,0.05619960191421741,-0.05619960191421741,-0.02076941809873252,1756822326.250129
1.8735800958,-0.5670989562,9.9684989516,0.02076941809873252,-0.048869219055841226,-0.04276056667386108,1756822326.258084
1.938186306,-0.6101697629999999,10.0283195166,0.039095375244672985,-0.04276056667386108,-0.04153883619746504,1756822326.266114
1.9405791286,-0.6628118601999999,9.966106128999998,0.009773843811168246,-0.04642575810304917,-0.05131268000863329,1756822326.274142
1.9453647737999997,-0.7082754896,9.961320483799998,0.04642575810304917,-0.05375614096142535,-0.05497787143782138,1756822326.282097
1.9357934833999997,-0.7250252477999999,9.930213789999998,0.059864793343405505,-0.03420845333908886,-0.009773843811168246,1756822326.290088
1.9525432416,-0.7010970218,9.9565348386,0.05619960191421741,-0.05009094953223726,-0.04276056667386108,1756822326.298135
1.9764714676,-0.6484549246,9.994820000199999,0.06963863715457375,-0.05619960191421741,-0.047647488579445195,1756822326.306074
1.9118652573999997,-0.6149554081999999,9.978070242,0.04276056667386108,-0.04642575810304917,-0.05253441048502932,1756822326.314097
1.9310078382,-0.6149554081999999,9.9397850804,0.026878070480712675,-0.05619960191421741,-0.01832595714594046,1756822326.322102
1.9166509026,-0.6460621019999999,9.8368937086,0.04276056667386108,-0.07208209810736581,-0.03787364476827695,1756822326.330130
1.9310078382,-0.71784678,9.8010013696,0.02199114857512855,-0.06597344572538566,-0.0158824961931484,1756822326.338082
1.950150419,-0.7322037155999999,9.812965482600001,0.029321531433504737,-0.0757472895365539,-0.04642575810304917,1756822326.346090
1.9453647737999997,-0.7561319416,9.798608546999999,0.01710422666954443,-0.09285151620609834,-0.019547687622336492,1756822326.354170
1.9477575963999998,-0.7274180704000001,9.8010013696,0.006108652381980153,-0.05619960191421741,-0.019547687622336492,1756822326.362083
1.9836499354,-0.7106683122,9.7340023368,0.01710422666954443,-0.06841690667817772,-0.01710422666954443,1756822326.370098
1.9980068709999999,-0.6843472636,9.7220382238,0.0012217304763960308,-0.05742133239061344,-0.019547687622336492,1756822326.378153
2.0434705004,-0.6987041992,9.676574594399998,-0.039095375244672985,-0.0439822971502571,-0.012217304763960306,1756822326.386106
2.069791549,-0.7226324252,9.7196454012,0.003665191429188092,-0.026878070480712675,-0.026878070480712675,1756822326.394124
2.0913269523999998,-0.7441678285999999,9.7435736272,-0.01710422666954443,-0.003665191429188092,0.028099800957108706,1756822326.402105
2.1343977592,-0.7202396025999999,9.767501853199999,0.003665191429188092,0.012217304763960306,-0.003665191429188092,1756822326.410068
2.1032910653999997,-0.6460621019999999,9.834500885999999,0.009773843811168246,0.019547687622336492,0.03298672286269283,1756822326.418168
2.0769700168,-0.5934200048,9.9373922578,0.0024434609527920616,0.04520402762665313,0.0317649923862968,1756822326.426093
2.0889341298,-0.5264209719999999,10.025926693999999,-0.003665191429188092,0.05619960191421741,0.0158824961931484,1756822326.434112
2.0626130812,-0.49770710079999997,10.083354436399999,0.0,0.03298672286269283,0.04276056667386108,1756822326.442069
1.9764714676,-0.47377887479999997,10.1240324206,-0.02199114857512855,0.058643062867009474,0.0,1756822326.450112
1.9549360641999998,-0.4881358104,10.1048898398,-0.04153883619746504,0.04153883619746504,0.035430183815484885,1756822326.458095
1.8999011443999998,-0.5240281494,10.0522477426,-0.03665191429188092,0.019547687622336492,-0.007330382858376184,1756822326.466057
1.8903298539999998,-0.5766702466,9.9708917742,-0.03665191429188092,-0.02199114857512855,0.029321531433504737,1756822326.474185
1.8735800958,-0.6029912951999999,9.949356370799999,-0.03665191429188092,-0.03665191429188092,-0.010995574287564275,1756822326.482109
1.8855442087999998,-0.6317051664,9.9038927414,0.006108652381980153,-0.05497787143782138,0.03665191429188092,1756822326.490074
1.926222193,-0.6101697629999999,9.8847501606,0.003665191429188092,-0.059864793343405505,-0.023212879051524585,1756822326.498098
1.9214365477999997,-0.5718846014,9.9158568544,0.047647488579445195,-0.06230825429619756,-0.035430183815484885,1756822326.506078
1.9645073545999998,-0.5072783912,9.894321451,0.029321531433504737,-0.05009094953223726,-0.040317105721069016,1756822326.514106
1.938186306,-0.45463629399999994,9.8727860476,0.01710422666954443,-0.026878070480712675,-0.05497787143782138,1756822326.522071
1.9238293703999998,-0.3493520996,9.8440721764,0.04276056667386108,-0.05375614096142535,0.003665191429188092,1756822326.530115
1.9070796122,-0.2967100024,9.8057870148,0.006108652381980153,0.012217304763960306,-0.061086523819801536,1756822326.538066
1.8424734019999998,-0.2895315346,9.7962157244,0.013439035240356337,0.006108652381980153,-0.035430183815484885,1756822326.546070
1.8329021115999997,-0.2799602442,9.803394192199999,-0.035430183815484885,-0.009773843811168246,-0.058643062867009474,1756822326.554162
1.8041882403999998,-0.2703889538,9.8201439504,-0.02199114857512855,0.013439035240356337,-0.061086523819801536,1756822326.562070
1.7850456595999997,-0.3038884702,9.858429112,0.01710422666954443,0.0,-0.025656340004316644,1756822326.570065
1.7515461431999997,-0.3517449222,9.8680004024,0.0,0.004886921905584123,-0.04153883619746504,1756822326.578095
1.8017954178,-0.38524443859999996,9.923035322199999,0.02076941809873252,-0.004886921905584123,-0.058643062867009474,1756822326.586116
1.8017954178,-0.39960137419999997,10.004391290600001,0.007330382858376184,-0.010995574287564275,-0.05131268000863329,1756822326.594078
1.7970097725999998,-0.47377887479999997,10.061819032999999,0.009773843811168246,-0.029321531433504737,-0.01832595714594046,1756822326.602071
1.8376877567999998,-0.5599204884,10.0163554036,0.048869219055841226,-0.040317105721069016,-0.03787364476827695,1756822326.610082
1.8664016279999998,-0.6987041992,10.0187482262,0.029321531433504737,-0.03665191429188092,-0.0317649923862968,1756822326.618125
1.8879370314,-0.7680960546,10.0283195166,0.05009094953223726,-0.05742133239061344,-0.035430183815484885,1756822326.626116
1.9310078382,-0.7465606511999999,9.978070242,0.040317105721069016,-0.08185594191853406,-0.061086523819801536,1756822326.634086
1.9597217094000001,-0.7082754896,9.958927661199999,0.06230825429619756,-0.06963863715457375,-0.05253441048502932,1756822326.642103
1.9932212257999997,-0.6771687958,9.9349994352,0.06597344572538566,-0.08552113334772216,-0.03787364476827695,1756822326.650124
2.021935097,-0.6771687958,9.9326066126,0.05253441048502932,-0.079412480965742,-0.029321531433504737,1756822326.658085
2.069791549,-0.7010970218,9.961320483799998,0.03665191429188092,-0.08552113334772216,-0.030543261909900768,1756822326.666113
2.0913269523999998,-0.7154539573999998,9.913464031799998,0.02199114857512855,-0.07330382858376185,-0.04276056667386108,1756822326.674090
2.1559331626,-0.7441678285999999,9.9373922578,0.007330382858376184,-0.06475171524898962,-0.029321531433504737,1756822326.682095
2.1272192914,-0.7250252477999999,9.949356370799999,0.026878070480712675,-0.05375614096142535,-0.024434609527920613,1756822326.690083
2.1152551784,-0.7250252477999999,9.923035322199999,-0.009773843811168246,-0.03298672286269283,-0.019547687622336492,1756822326.698081
2.0841484845999996,-0.7226324252,9.8680004024,-0.009773843811168246,-0.028099800957108706,-0.01710422666954443,1756822326.706129
2.0386848551999996,-0.7274180704000001,9.846464998999998,0.014660765716752368,-0.025656340004316644,-0.01710422666954443,1756822326.714255
2.0195422744,-0.6747759731999999,9.753144917599998,-0.02076941809873252,-0.01710422666954443,-0.01832595714594046,1756822326.722132
1.9740786449999999,-0.6843472636,9.6933243526,-0.012217304763960306,-0.030543261909900768,-0.0158824961931484,1756822326.730085
1.9788642901999998,-0.7106683122,9.6454679006,-0.013439035240356337,-0.010995574287564275,0.025656340004316644,1756822326.738140
1.9740786449999999,-0.693918554,9.6239324972,-0.0024434609527920616,0.004886921905584123,-0.019547687622336492,1756822326.746105
1.9956140484,-0.6173482307999999,9.690931529999999,-0.009773843811168246,-0.012217304763960306,0.01710422666954443,1756822326.754081
2.0243279195999997,-0.5718846014,9.7938229018,-0.023212879051524585,0.006108652381980153,0.010995574287564275,1756822326.762099
2.0578274359999997,-0.5312066172,9.8321080634,0.009773843811168246,0.026878070480712675,0.023212879051524585,1756822326.770174
2.0650059038,-0.5264209719999999,9.925428144799998,-0.023212879051524585,0.01832595714594046,-0.026878070480712675,1756822326.778500
2.0147566292,-0.5335994398,9.9326066126,-0.019547687622336492,0.025656340004316644,-0.01832595714594046,1756822326.786089
2.0027925162,-0.5288137946,9.994820000199999,-0.040317105721069016,0.047647488579445195,0.04276056667386108,1756822326.794127
1.962114532,-0.5312066172,10.033105161799998,-0.04276056667386108,0.04276056667386108,0.008552113334772215,1756822326.802131
1.9166509026,-0.5383850849999999,10.061819032999999,-0.023212879051524585,0.03298672286269283,0.029321531433504737,1756822326.810070
1.8616159827999998,-0.5862415369999999,10.033105161799998,-0.04520402762665313,0.03665191429188092,0.008552113334772215,1756822326.818132
1.8352949342,-0.6771687958,9.9924271776,-0.03665191429188092,0.014660765716752368,-0.003665191429188092,1756822326.826087
1.8185451759999998,-0.7034898444,9.930213789999998,-0.013439035240356337,-0.03298672286269283,0.006108652381980153,1756822326.834111
1.8400805794,-0.7369893607999999,9.901499918799999,-0.0012217304763960308,-0.04642575810304917,0.013439035240356337,1756822326.842128
1.8855442087999998,-0.7393821834,9.8919286284,0.025656340004316644,-0.0635299847725936,-0.004886921905584123,1756822326.850086
1.9190437251999999,-0.6604190376,9.9565348386,0.0439822971502571,-0.07696902001294993,-0.02076941809873252,1756822326.858109
1.9597217094000001,-0.6101697629999999,9.9158568544,0.035430183815484885,-0.06719517620178168,-0.019547687622336492,1756822326.866108
2.0171494518,-0.45463629399999994,9.9038927414,0.03420845333908886,-0.0635299847725936,-0.05742133239061344,1756822326.874088
2.0506489682,-0.3565305674,9.9038927414,0.023212879051524585,-0.059864793343405505,-0.05253441048502932,1756822326.882152
2.0147566292,-0.2967100024,9.9349994352,0.030543261909900768,-0.05375614096142535,-0.05009094953223726,1756822326.890108
2.0171494518,-0.2967100024,9.870393224999999,0.012217304763960306,-0.047647488579445195,-0.06841690667817772,1756822326.898119
1.9932212257999997,-0.2440679052,9.8560362894,-0.003665191429188092,-0.040317105721069016,-0.02199114857512855,1756822326.906085
1.9573288867999998,-0.2009970984,9.8057870148,-0.009773843811168246,-0.007330382858376184,-0.07696902001294993,1756822326.914129
1.9166509026,-0.2440679052,9.8321080634,0.010995574287564275,-0.03665191429188092,0.0024434609527920616,1756822326.922122
1.926222193,-0.2584248408,9.877571692799998,0.009773843811168246,-0.026878070480712675,-0.012217304763960306,1756822326.930091
1.9429719511999999,-0.28474588939999995,9.9732845968,0.0024434609527920616,-0.009773843811168246,-0.03787364476827695,1756822326.938078
1.8999011443999998,-0.32542387359999997,9.9876415324,0.01710422666954443,-0.023212879051524585,-0.04153883619746504,1756822326.946121
1.9310078382,-0.47377887479999997,9.9732845968,0.0158824961931484,-0.030543261909900768,-0.0317649923862968,1756822326.954086
1.9453647737999997,-0.6269195211999999,9.9469635482,-0.0024434609527920616,-0.03665191429188092,-0.023212879051524585,1756822326.962111
1.9549360641999998,-0.6987041992,9.906285564,0.05375614096142535,-0.004886921905584123,-0.03787364476827695,1756822326.970136
1.9716858224,-0.6675975054,9.8991070962,0.035430183815484885,-0.03298672286269283,-0.07452555906015787,1756822326.978282
1.9836499354,-0.6867400862,9.954142015999999,0.05253441048502932,-0.040317105721069016,-0.06719517620178168,1756822326.986108
1.9980068709999999,-0.6628118601999999,9.954142015999999,0.06230825429619756,-0.06719517620178168,-0.028099800957108706,1756822326.994181
2.0195422744,-0.6747759731999999,9.9517491934,0.03298672286269283,-0.06841690667817772,-0.04642575810304917,1756822327.002081
2.0530417908,-0.7082754896,9.954142015999999,0.040317105721069016,-0.048869219055841226,-0.007330382858376184,1756822327.010093
2.0961125976,-0.7848458128,9.925428144799998,-0.008552113334772215,-0.06597344572538566,-0.039095375244672985,1756822327.018191
2.1152551784,-0.825523797,9.9038927414,0.02076941809873252,-0.06719517620178168,-0.0317649923862968,1756822327.026066
2.141576227,-0.861416136,9.8751788702,0.019547687622336492,-0.06597344572538566,-0.023212879051524585,1756822327.034101
2.1200408235999997,-0.8279166196,9.8368937086,0.009773843811168246,-0.059864793343405505,-0.019547687622336492,1756822327.042094
2.1343977592,-0.7824529901999999,9.803394192199999,0.02199114857512855,-0.05009094953223726,-0.003665191429188092,1756822327.050120
2.1032910653999997,-0.7250252477999999,9.7938229018,0.009773843811168246,-0.024434609527920613,-0.019547687622336492,1756822327.058104
2.1080767106,-0.6963113766,9.7818587888,-0.008552113334772215,-0.04276056667386108,-0.006108652381980153,1756822327.066089
2.1200408235999997,-0.6317051664,9.7459664498,-0.025656340004316644,-0.023212879051524585,-0.030543261909900768,1756822327.074109
2.1343977592,-0.6460621019999999,9.7579305628,-0.02199114857512855,-0.010995574287564275,-0.006108652381980153,1756822327.082099
2.1272192914,-0.6029912951999999,9.7603233854,0.013439035240356337,-0.009773843811168246,-0.009773843811168246,1756822327.090073
2.1248264688,-0.6293123438,9.774680320999998,-0.030543261909900768,-0.0024434609527920616,0.01710422666954443,1756822327.098180
2.1152551784,-0.5742774239999999,9.8273224182,-0.013439035240356337,0.03298672286269283,-0.009773843811168246,1756822327.106071
2.0985054202,-0.5862415369999999,9.848857821600001,-0.05009094953223726,0.026878070480712675,0.004886921905584123,1756822327.114085
2.0602202586,-0.5814558917999999,9.913464031799998,-0.02076941809873252,0.06719517620178168,0.003665191429188092,1756822327.122118
2.0171494518,-0.5694917787999999,9.966106128999998,0.0012217304763960308,0.04276056667386108,0.05009094953223726,1756822327.130087
1.986042758,-0.5599204884,10.0187482262,-0.010995574287564275,0.05009094953223726,0.0024434609527920616,1756822327.138605
1.9429719511999999,-0.5742774239999999,10.0235338714,-0.026878070480712675,0.03665191429188092,-0.013439035240356337,1756822327.146093
1.9286150156,-0.5670989562,10.009176935799998,-0.009773843811168246,0.0317649923862968,0.026878070480712675,1756822327.154082
1.9070796122,-0.562313311,9.9373922578,-0.013439035240356337,-0.010995574287564275,0.003665191429188092,1756822327.162114
1.8927226766,-0.5694917787999999,9.9469635482,-0.025656340004316644,-0.026878070480712675,0.039095375244672985,1756822327.170102
1.8975083218,-0.5455635528,9.925428144799998,-0.010995574287564275,-0.04520402762665313,0.0158824961931484,1756822327.178141
1.8735800958,-0.5335994398,9.8680004024,-0.023212879051524585,-0.030543261909900768,-0.02076941809873252,1756822327.186075
1.950150419,-0.5431707302,9.8967142736,0.0024434609527920616,-0.05009094953223726,-0.006108652381980153,1756822327.194105
2.0291135648,-0.5407779076,9.8632147572,-0.019547687622336492,-0.05253441048502932,-0.0158824961931484,1756822327.202102
2.0434705004,-0.5575276658,9.9038927414,0.0158824961931484,-0.04276056667386108,-0.01832595714594046,1756822327.210080
2.0793628394,-0.5407779076,9.9086783866,0.0158824961931484,-0.010995574287564275,-0.03298672286269283,1756822327.218118
2.0961125976,-0.48574298779999997,9.9445707256,0.03298672286269283,-0.019547687622336492,-0.05009094953223726,1756822327.226149
2.093719775,-0.4450650036,9.9469635482,0.026878070480712675,-0.007330382858376184,-0.04520402762665313,1756822327.234084
2.0386848551999996,-0.3565305674,9.9828558872,0.006108652381980153,0.014660765716752368,-0.04520402762665313,1756822327.242090
1.9716858224,-0.31345976059999997,9.925428144799998,0.009773843811168246,0.008552113334772215,-0.019547687622336492,1756822327.250129
1.9190437251999999,-0.22731814699999997,9.8919286284,-0.023212879051524585,0.023212879051524585,-0.03298672286269283,1756822327.258082
1.8687944506,-0.2656033086,9.7938229018,-0.04153883619746504,0.006108652381980153,-0.04276056667386108,1756822327.266109
1.8520446923999998,-0.3278166962,9.774680320999998,-0.03298672286269283,0.02199114857512855,-0.03298672286269283,1756822327.274130
1.8065810629999999,-0.39960137419999997,9.7794659662,-0.013439035240356337,-0.02076941809873252,-0.02199114857512855,1756822327.282103
1.8041882403999998,-0.41156548719999997,9.846464998999998,0.003665191429188092,-0.0158824961931484,-0.039095375244672985,1756822327.290129
1.8281164663999998,-0.4331008906,9.8440721764,-0.0024434609527920616,-0.03420845333908886,-0.01710422666954443,1756822327.298082
1.8185451759999998,-0.5072783912,9.8680004024,0.013439035240356337,-0.040317105721069016,-0.048869219055841226,1756822327.306084
1.8616159827999998,-0.6029912951999999,9.8991070962,0.009773843811168246,-0.03298672286269283,-0.025656340004316644,1756822327.314086
1.902293967,-0.7130611348,9.918249676999999,0.040317105721069016,-0.028099800957108706,-0.04520402762665313,1756822327.322104
1.9740786449999999,-0.7609175867999999,9.9397850804,0.058643062867009474,-0.039095375244672985,-0.06475171524898962,1756822327.330131
2.0315063874,-0.7609175867999999,9.966106128999998,0.040317105721069016,-0.026878070480712675,-0.024434609527920613,1756822327.338086
2.0315063874,-0.6963113766,9.978070242,0.059864793343405505,-0.03665191429188092,-0.08063421144213803,1756822327.346086
2.0315063874,-0.6747759731999999,9.9732845968,0.030543261909900768,-0.05009094953223726,-0.035430183815484885,1756822327.354104
2.0410776778,-0.6771687958,9.9684989516,0.012217304763960306,-0.06841690667817772,-0.026878070480712675,1756822327.362085
2.093719775,-0.7345965381999999,9.925428144799998,0.01710422666954443,-0.0635299847725936,-0.03298672286269283,1756822327.370129
2.1104695332,-0.7752745223999999,9.9206424996,0.0,-0.05619960191421741,-0.013439035240356337,1756822327.378096
2.1343977592,-0.7657032319999999,9.9110712092,0.030543261909900768,-0.05253441048502932,-0.025656340004316644,1756822327.386139
2.1248264688,-0.7537391189999999,9.954142015999999,0.023212879051524585,-0.07086036763096977,-0.06719517620178168,1756822327.394094
2.1200408235999997,-0.681954441,9.918249676999999,0.013439035240356337,-0.05375614096142535,0.028099800957108706,1756822327.402067
2.1080767106,-0.6197410534,9.8967142736,0.03420845333908886,-0.05253441048502932,-0.012217304763960306,1756822327.410079
2.1128623558,-0.5886343596,9.8680004024,-0.009773843811168246,-0.03298672286269283,-0.023212879051524585,1756822327.418124
2.0506489682,-0.5647061336,9.848857821600001,0.0024434609527920616,-0.014660765716752368,-0.026878070480712675,1756822327.426106
2.03389921,-0.5982056499999999,9.762716207999999,0.009773843811168246,-0.026878070480712675,-0.02199114857512855,1756822327.434086
1.986042758,-0.6221338759999999,9.7340023368,-0.023212879051524585,-0.019547687622336492,-0.007330382858376184,1756822327.442073
1.9669001771999999,-0.6364908116,9.7076812882,0.02076941809873252,-0.06230825429619756,0.009773843811168246,1756822327.450105
1.9453647737999997,-0.6460621019999999,9.611968384199999,-0.0024434609527920616,-0.025656340004316644,0.04520402762665313,1756822327.458088
1.9310078382,-0.6340979889999999,9.6167540294,0.0,-0.030543261909900768,-0.025656340004316644,1756822327.466074
2.0075781614,-0.6173482307999999,9.669396126599999,0.026878070480712675,-0.013439035240356337,-0.007330382858376184,1756822327.474070
2.0482561456,-0.5838487144,9.762716207999999,-0.012217304763960306,0.008552113334772215,0.01710422666954443,1756822327.482109
2.0673987264,-0.5718846014,9.8680004024,0.029321531433504737,0.012217304763960306,-0.006108652381980153,1756822327.490079
2.1104695332,-0.5431707302,9.949356370799999,0.010995574287564275,0.009773843811168246,0.019547687622336492,1756822327.498096
2.0961125976,-0.5024927459999999,10.013962581,0.023212879051524585,0.009773843811168246,-0.0012217304763960308,1756822327.506095
2.0793628394,-0.48574298779999997,10.1264252432,-0.003665191429188092,0.008552113334772215,-0.013439035240356337,1756822327.514072
2.0410776778,-0.4881358104,10.1383893562,-0.025656340004316644,0.025656340004316644,-0.003665191429188092,1756822327.522091
1.9597217094000001,-0.48095734259999995,10.0642118556,-0.01710422666954443,0.0317649923862968,0.003665191429188092,1756822327.530071
1.9310078382,-0.5312066172,9.985248709799999,-0.058643062867009474,-0.0012217304763960308,0.0,1756822327.538073
1.8999011443999998,-0.6005984726,9.9086783866,-0.025656340004316644,-0.026878070480712675,0.003665191429188092,1756822327.546097
1.9214365477999997,-0.6293123438,9.810572659999998,-0.007330382858376184,-0.030543261909900768,0.0,1756822327.554063
1.9477575963999998,-0.6867400862,9.762716207999999,-0.012217304763960306,-0.07696902001294993,-0.023212879051524585,1756822327.562090
1.9334006607999998,-0.6412764568,9.762716207999999,0.0024434609527920616,-0.07452555906015787,0.006108652381980153,1756822327.570072
1.950150419,-0.6532405698,9.7794659662,0.0012217304763960308,-0.03420845333908886,-0.012217304763960306,1756822327.578101
2.0051853387999996,-0.6412764568,9.834500885999999,0.019547687622336492,-0.048869219055841226,-0.012217304763960306,1756822327.586089
2.093719775,-0.5742774239999999,9.8919286284,0.026878070480712675,-0.030543261909900768,-0.02076941809873252,1756822327.594077
2.1176480009999996,-0.5168496816,9.9445707256,0.023212879051524585,-0.02076941809873252,-0.061086523819801536,1756822327.602074
2.1224336461999997,-0.48335016519999996,9.997212822799998,0.030543261909900768,-0.003665191429188092,-0.003665191429188092,1756822327.610059
2.0889341298,-0.47856452,10.013962581,0.007330382858376184,0.007330382858376184,-0.05253441048502932,1756822327.618105
2.0530417908,-0.4259224228,10.0570333878,0.01710422666954443,0.006108652381980153,-0.019547687622336492,1756822327.626135
1.9908284031999999,-0.4163511324,9.994820000199999,-0.02199114857512855,-0.013439035240356337,-0.03298672286269283,1756822327.634081
1.9525432416,-0.4139583098,9.930213789999998,-0.02199114857512855,-0.026878070480712675,-0.009773843811168246,1756822327.642104
1.9094724347999998,-0.46660040699999994,9.882357337999998,0.012217304763960306,-0.03420845333908886,-0.048869219055841226,1756822327.650119
1.9118652573999997,-0.46660040699999994,9.8440721764,0.009773843811168246,-0.04642575810304917,-0.023212879051524585,1756822327.658081
1.8807585636,-0.4618147618,9.846464998999998,0.023212879051524585,-0.05253441048502932,-0.04276056667386108,1756822327.666151
1.8616159827999998,-0.40917266459999996,9.822536773,0.007330382858376184,-0.05131268000863329,-0.026878070480712675,1756822327.674094
1.9310078382,-0.418743955,9.8177511278,0.013439035240356337,-0.05253441048502932,-0.02076941809873252,1756822327.682122
1.9836499354,-0.4378865357999999,9.834500885999999,0.04276056667386108,-0.05375614096142535,-0.05009094953223726,1756822327.690115
2.021935097,-0.49770710079999997,9.913464031799998,0.048869219055841226,-0.05375614096142535,-0.025656340004316644,1756822327.698101
2.0985054202,-0.5312066172,9.963713306399999,0.02076941809873252,-0.039095375244672985,-0.013439035240356337,1756822327.706143
2.0961125976,-0.5455635528,9.961320483799998,0.04276056667386108,-0.04520402762665313,-0.04276056667386108,1756822327.714151
2.1320049365999996,-0.6412764568,9.9349994352,0.007330382858376184,-0.05375614096142535,-0.012217304763960306,1756822327.722098
2.1439690496,-0.6891329088,9.9469635482,0.035430183815484885,-0.0439822971502571,-0.0317649923862968,1756822327.730091
2.1272192914,-0.6891329088,9.9469635482,0.03420845333908886,-0.04642575810304917,-0.026878070480712675,1756822327.738093
2.1439690496,-0.7130611348,9.906285564,0.03665191429188092,-0.030543261909900768,-0.013439035240356337,1756822327.746152
2.0961125976,-0.6915257314,9.9086783866,0.035430183815484885,-0.024434609527920613,-0.019547687622336492,1756822327.754086
2.1391834043999998,-0.6532405698,9.9110712092,0.01710422666954443,-0.013439035240356337,-0.035430183815484885,1756822327.762108
2.0721843715999997,-0.6771687958,9.9110712092,0.03665191429188092,-0.024434609527920613,-0.003665191429188092,1756822327.770119
2.0578274359999997,-0.6628118601999999,9.894321451,-0.0024434609527920616,-0.019547687622336492,-0.03298672286269283,1756822327.778090
2.0027925162,-0.6053841178,9.8727860476,0.04276056667386108,-0.019547687622336492,-0.0317649923862968,1756822327.786124
1.950150419,-0.5694917787999999,9.8967142736,0.019547687622336492,-0.003665191429188092,-0.0317649923862968,1756822327.794218
1.9549360641999998,-0.5718846014,9.853643466799998,0.0,-0.04642575810304917,-0.05131268000863329,1756822327.802091
1.9477575963999998,-0.5551348432,9.7938229018,0.012217304763960306,-0.05253441048502932,0.0,1756822327.810071
1.9573288867999998,-0.6053841178,9.7196454012,-0.008552113334772215,-0.05375614096142535,-0.023212879051524585,1756822327.818190
1.9453647737999997,-0.6269195211999999,9.674181771799999,0.013439035240356337,-0.05253441048502932,0.013439035240356337,1756822327.826145
2.0147566292,-0.6388836341999999,9.667003304,-0.0024434609527920616,-0.05009094953223726,-0.0024434609527920616,1756822327.834094
2.081755662,-0.6221338759999999,9.7244310464,-0.024434609527920613,-0.03665191429188092,-0.03298672286269283,1756822327.842117
2.1678972756,-0.6293123438,9.7603233854,0.006108652381980153,-0.0158824961931484,-0.004886921905584123,1756822327.850119
2.1990039693999996,-0.6197410534,9.853643466799998,-0.019547687622336492,0.012217304763960306,0.0,1756822327.858086
2.2181465501999997,-0.6364908116,9.927820967399999,-0.025656340004316644,-0.01710422666954443,0.039095375244672985,1756822327.866106
2.2205393728,-0.6484549246,10.0163554036,-0.035430183815484885,0.02199114857512855,-0.0012217304763960308,1756822327.874108
2.1726829208,-0.6388836341999999,10.042676452199998,-0.026878070480712675,0.04276056667386108,0.05253441048502932,1756822327.882105
2.1583259852,-0.6771687958,10.0881400816,-0.013439035240356337,0.0317649923862968,-0.035430183815484885,1756822327.890502
2.069791549,-0.6436692794,10.0713903234,-0.04642575810304917,0.06475171524898962,-0.004886921905584123,1756822327.898193
2.0291135648,-0.658026215,10.0402836296,-0.006108652381980153,0.0317649923862968,0.003665191429188092,1756822327.906092
1.9645073545999998,-0.6293123438,9.994820000199999,-0.0317649923862968,0.006108652381980153,-0.025656340004316644,1756822327.914109
1.9286150156,-0.6029912951999999,9.9326066126,-0.058643062867009474,0.0024434609527920616,-0.007330382858376184,1756822327.922163
1.9525432416,-0.6388836341999999,9.839286531199999,-0.040317105721069016,-0.030543261909900768,-0.0012217304763960308,1756822327.930089
1.9549360641999998,-0.6005984726,9.774680320999998,-0.03665191429188092,-0.05497787143782138,0.006108652381980153,1756822327.938093
1.9525432416,-0.6293123438,9.7651090306,-0.02076941809873252,-0.047647488579445195,-0.019547687622336492,1756822327.946106
2.0075781614,-0.5934200048,9.714859756,-0.025656340004316644,-0.05619960191421741,-0.012217304763960306,1756822327.954093
2.0482561456,-0.6197410534,9.714859756,-0.05131268000863329,-0.026878070480712675,-0.04642575810304917,1756822327.962110
2.1200408235999997,-0.6029912951999999,9.7579305628,0.014660765716752368,-0.026878070480712675,-0.01710422666954443,1756822327.970103
2.1248264688,-0.5838487144,9.803394192199999,-0.0158824961931484,-0.006108652381980153,-0.03665191429188092,1756822327.978102
2.141576227,-0.562313311,9.877571692799998,0.006108652381980153,0.013439035240356337,-0.04520402762665313,1756822327.986134
2.1128623558,-0.5216353268,9.949356370799999,0.009773843811168246,0.01832595714594046,-0.026878070480712675,1756822327.994151
2.0913269523999998,-0.47138605219999996,9.999605645399999,-0.01832595714594046,0.014660765716752368,-0.035430183815484885,1756822328.002080
2.0410776778,-0.4259224228,9.994820000199999,0.007330382858376184,0.02199114857512855,-0.023212879051524585,1756822328.010076
1.962114532,-0.3565305674,9.985248709799999,-0.008552113334772215,0.0317649923862968,-0.03298672286269283,1756822328.018101
1.9190437251999999,-0.31106693799999996,9.925428144799998,-0.02199114857512855,-0.003665191429188092,-0.06475171524898962,1756822328.026110
1.8472590472,-0.28474588939999995,9.8967142736,-0.02199114857512855,-0.009773843811168246,-0.029321531433504737,1756822328.034088
1.8951154991999999,-0.2799602442,9.8440721764,-0.05253441048502932,-0.010995574287564275,-0.04520402762665313,1756822328.042132
1.8376877567999998,-0.3038884702,9.7962157244,-0.006108652381980153,-0.024434609527920613,-0.04520402762665313,1756822328.050077
1.8233308212,-0.3445664544,9.7938229018,-0.012217304763960306,-0.026878070480712675,-0.035430183815484885,1756822328.058101
1.8568303376,-0.3421736318,9.846464998999998,-0.007330382858376184,-0.026878070480712675,-0.0317649923862968,1756822328.066089
1.8831513862,-0.418743955,9.8680004024,-0.0158824961931484,-0.05742133239061344,-0.06230825429619756,1756822328.074105
1.9334006607999998,-0.4761716974,9.9397850804,-0.006108652381980153,-0.030543261909900768,-0.05619960191421741,1756822328.082355
1.9525432416,-0.5288137946,9.9349994352,0.014660765716752368,-0.04642575810304917,-0.06475171524898962,1756822328.090090
1.9956140484,-0.6771687958,9.913464031799998,0.013439035240356337,-0.05253441048502932,-0.06475171524898962,1756822328.098102
2.0745771942,-0.7489534737999999,9.8991070962,0.05253441048502932,-0.03420845333908886,-0.07452555906015787,1756822328.106095
2.1272192914,-0.8063812161999999,9.930213789999998,0.026878070480712675,-0.03420845333908886,-0.0757472895365539,1756822328.114089
2.1032910653999997,-0.7920242806,9.949356370799999,0.0635299847725936,-0.05619960191421741,-0.040317105721069016,1756822328.122127
2.1224336461999997,-0.7274180704000001,9.9756774194,0.08552113334772216,-0.04642575810304917,-0.048869219055841226,1756822328.130089
2.1176480009999996,-0.6915257314,9.9469635482,0.04276056667386108,-0.059864793343405505,-0.026878070480712675,1756822328.138085
2.1320049365999996,-0.7034898444,9.9756774194,0.04520402762665313,-0.05375614096142535,-0.05497787143782138,1756822328.146132
2.1320049365999996,-0.6963113766,9.925428144799998,0.0158824961931484,-0.059864793343405505,-0.019547687622336492,1756822328.154175
2.1200408235999997,-0.7154539573999998,9.9469635482,0.014660765716752368,-0.05375614096142535,-0.05497787143782138,1756822328.162079
2.1272192914,-0.7752745223999999,9.9086783866,0.047647488579445195,-0.06597344572538566,-0.0158824961931484,1756822328.170104
2.1008982428,-0.8015955709999999,9.887142983199999,-0.019547687622336492,-0.048869219055841226,0.003665191429188092,1756822328.178118
2.0961125976,-0.8159525066,9.8273224182,0.013439035240356337,-0.040317105721069016,-0.009773843811168246,1756822328.186086
2.0721843715999997,-0.83748791,9.7555377402,-0.0158824961931484,-0.05253441048502932,-0.019547687622336492,1756822328.194079
2.0362920326,-0.8087740388,9.6933243526,-0.019547687622336492,-0.05253441048502932,0.0,1756822328.202107
2.03389921,-0.8087740388,9.678967416999999,-0.0024434609527920616,-0.024434609527920613,0.01710422666954443,1756822328.210100
2.0530417908,-0.7633104094,9.669396126599999,-0.025656340004316644,-0.03665191429188092,-0.025656340004316644,1756822328.218123
2.1032910653999997,-0.7250252477999999,9.7244310464,-0.009773843811168246,-0.003665191429188092,-0.013439035240356337,1756822328.226130
2.1320049365999996,-0.7034898444,9.7962157244,-0.013439035240356337,-0.009773843811168246,0.003665191429188092,1756822328.234089
2.1631116304,-0.658026215,9.913464031799998,-0.008552113334772215,0.012217304763960306,0.003665191429188092,1756822328.242112
2.141576227,-0.6484549246,10.013962581,0.01710422666954443,0.0158824961931484,0.0012217304763960308,1756822328.250124
2.1583259852,-0.6149554081999999,10.045069274799998,-0.02076941809873252,0.039095375244672985,0.008552113334772215,1756822328.258108
2.1439690496,-0.6005984726,10.0283195166,0.01710422666954443,0.019547687622336492,0.003665191429188092,1756822328.266092
2.0793628394,-0.5790630692,10.030712339199999,-0.01710422666954443,0.02199114857512855,-0.014660765716752368,1756822328.274102
2.0745771942,-0.5359922624,10.037890806999998,-0.04520402762665313,0.006108652381980153,-0.0158824961931484,1756822328.282226
2.0578274359999997,-0.550349198,10.0474620974,-0.013439035240356337,-0.006108652381980153,0.026878070480712675,1756822328.290088
2.0123638066,-0.5551348432,9.9924271776,-0.026878070480712675,-0.019547687622336492,0.0024434609527920616,1756822328.298133
2.0195422744,-0.5551348432,9.925428144799998,-0.025656340004316644,-0.03420845333908886,-0.007330382858376184,1756822328.306087
2.0267207421999998,-0.5479563754,9.8751788702,-0.04520402762665313,-0.04642575810304917,-0.023212879051524585,1756822328.314172
2.0721843715999997,-0.5934200048,9.8249295956,-0.025656340004316644,-0.06230825429619756,-0.004886921905584123,1756822328.322105
2.0865413072,-0.6197410534,9.7555377402,-0.007330382858376184,-0.05375614096142535,-0.013439035240356337,1756822328.330106
2.1152551784,-0.5910271822,9.7794659662,-0.007330382858376184,-0.05253441048502932,0.006108652381980153,1756822328.338099
2.141576227,-0.5934200048,9.7698946758,0.006108652381980153,-0.040317105721069016,-0.029321531433504737,1756822328.346086
2.1846470337999997,-0.5383850849999999,9.822536773,0.019547687622336492,-0.029321531433504737,-0.023212879051524585,1756822328.354085
2.1583259852,-0.5096712137999999,9.882357337999998,0.0158824961931484,-0.006108652381980153,-0.026878070480712675,1756822328.362110
2.1367905817999997,-0.46660040699999994,9.913464031799998,0.03420845333908886,0.024434609527920613,-0.008552113334772215,1756822328.370127
2.0650059038,-0.4019941968,9.913464031799998,-0.025656340004316644,0.035430183815484885,-0.029321531433504737,1756822328.378126
2.0003996936,-0.406779842,9.870393224999999,0.019547687622336492,0.01832595714594046,-0.02076941809873252,1756822328.386110
1.9166509026,-0.39720855159999996,9.812965482600001,-0.019547687622336492,0.029321531433504737,-0.0012217304763960308,1756822328.394110
1.9070796122,-0.4378865357999999,9.7579305628,-0.026878070480712675,0.012217304763960306,-0.03665191429188092,1756822328.402123
1.8616159827999998,-0.47856452,9.731609514199999,-0.0024434609527920616,0.006108652381980153,-0.003665191429188092,1756822328.410074
1.8592231602,-0.46660040699999994,9.7483592724,-0.01710422666954443,-0.01710422666954443,-0.04520402762665313,1756822328.418139
1.8568303376,-0.48574298779999997,9.7938229018,0.023212879051524585,-0.040317105721069016,-0.03420845333908886,1756822328.426121
1.8568303376,-0.47138605219999996,9.8967142736,0.03298672286269283,-0.04276056667386108,-0.07208209810736581,1756822328.434121
1.8951154991999999,-0.4929214556,9.9397850804,0.010995574287564275,-0.05375614096142535,-0.05253441048502932,1756822328.442106
1.9980068709999999,-0.47856452,9.9876415324,0.029321531433504737,-0.05375614096142535,-0.01710422666954443,1756822328.450083
2.0195422744,-0.5264209719999999,9.9828558872,0.029321531433504737,-0.04276056667386108,-0.039095375244672985,1756822328.458077
2.0961125976,-0.6340979889999999,9.9684989516,0.029321531433504737,-0.04276056667386108,-0.019547687622336492,1756822328.466123
2.1224336461999997,-0.7034898444,9.978070242,0.007330382858376184,-0.06230825429619756,-0.05253441048502932,1756822328.474069
2.1487546948,-0.7561319416,9.9684989516,0.01710422666954443,-0.04642575810304917,-0.012217304763960306,1756822328.482059
2.1559331626,-0.7202396025999999,9.9684989516,0.05253441048502932,-0.059864793343405505,-0.0317649923862968,1756822328.490107
2.1367905817999997,-0.7154539573999998,9.9517491934,0.019547687622336492,-0.05619960191421741,-0.035430183815484885,1756822328.498071
2.1391834043999998,-0.7250252477999999,9.9110712092,0.029321531433504737,-0.04276056667386108,-0.035430183815484885,1756822328.506099
2.1080767106,-0.7322037155999999,9.8919286284,0.019547687622336492,-0.07208209810736581,-0.026878070480712675,1756822328.514071
2.1176480009999996,-0.7393821834,9.9038927414,0.009773843811168246,-0.059864793343405505,-0.0158824961931484,1756822328.522110
2.1224336461999997,-0.7489534737999999,9.9086783866,0.04276056667386108,-0.058643062867009474,-0.012217304763960306,1756822328.530083
2.1200408235999997,-0.7489534737999999,9.8560362894,0.01710422666954443,-0.07086036763096977,-0.006108652381980153,1756822328.538091
2.1056838879999997,-0.7872386353999999,9.8201439504,0.009773843811168246,-0.059864793343405505,-0.03298672286269283,1756822328.546074
2.081755662,-0.849452023,9.762716207999999,0.019547687622336492,-0.05375614096142535,-0.004886921905584123,1756822328.554070
2.1152551784,-0.8303094421999999,9.6861458848,0.003665191429188092,-0.059864793343405505,-0.0158824961931484,1756822328.562067
2.1391834043999998,-0.8279166196,9.690931529999999,0.028099800957108706,-0.03665191429188092,0.009773843811168246,1756822328.570091
2.1822542112,-0.7776673449999999,9.705288465599999,-0.007330382858376184,-0.010995574287564275,-0.030543261909900768,1756822328.578073
2.2516460665999998,-0.7010970218,9.798608546999999,0.0158824961931484,0.0024434609527920616,0.0317649923862968,1756822328.586106
2.2875384056,-0.693918554,9.8751788702,0.003665191429188092,0.025656340004316644,-0.029321531433504737,1756822328.594073
2.2803599377999997,-0.693918554,9.9326066126,-0.0024434609527920616,0.04276056667386108,-0.0158824961931484,1756822328.602094
2.2061824372,-0.6245266986,9.985248709799999,0.019547687622336492,0.04153883619746504,0.0,1756822328.610065
2.1655044529999996,-0.5862415369999999,10.0115697584,-0.012217304763960306,0.06230825429619756,-0.006108652381980153,1756822328.618102
2.1176480009999996,-0.5814558917999999,10.045069274799998,-0.0158824961931484,0.04276056667386108,0.02076941809873252,1756822328.626133
2.0530417908,-0.5527420206,9.999605645399999,-0.008552113334772215,0.047647488579445195,-0.023212879051524585,1756822328.634091
1.9549360641999998,-0.5527420206,9.958927661199999,-0.019547687622336492,0.03787364476827695,0.03787364476827695,1756822328.642244
1.8951154991999999,-0.562313311,9.887142983199999,-0.01710422666954443,0.013439035240356337,-0.019547687622336492,1756822328.650138
1.8975083218,-0.5599204884,9.8201439504,-0.013439035240356337,-0.013439035240356337,-0.003665191429188092,1756822328.658086
1.8951154991999999,-0.5599204884,9.7603233854,-0.0158824961931484,-0.04642575810304917,-0.02199114857512855,1756822328.666108
1.926222193,-0.5527420206,9.7340023368,0.019547687622336492,-0.058643062867009474,0.0012217304763960308,1756822328.674103
1.962114532,-0.490528633,9.7770731436,-0.003665191429188092,-0.05375614096142535,-0.0158824961931484,1756822328.682093
2.0554346134,-0.49531427819999996,9.812965482600001,0.029321531433504737,-0.07208209810736581,-0.007330382858376184,1756822328.690124
2.1008982428,-0.430708068,9.8608219346,0.013439035240356337,-0.05619960191421741,-0.0012217304763960308,1756822328.698155
2.1104695332,-0.4163511324,9.913464031799998,0.013439035240356337,-0.03665191429188092,-0.03665191429188092,1756822328.706097
2.1128623558,-0.38045879339999994,9.923035322199999,-0.0024434609527920616,-0.013439035240356337,-0.007330382858376184,1756822328.714136
2.0913269523999998,-0.3445664544,9.906285564,0.006108652381980153,-0.013439035240356337,-0.03665191429188092,1756822328.722103
2.0386848551999996,-0.3158525832,9.894321451,-0.0012217304763960308,-0.007330382858376184,-0.04276056667386108,1756822328.730099
1.9812571127999998,-0.3445664544,9.834500885999999,-0.024434609527920613,0.0,-0.039095375244672985,1756822328.738086
1.9310078382,-0.38285161599999995,9.841679353799998,0.0,-0.006108652381980153,-0.0317649923862968,1756822328.746170
1.9214365477999997,-0.4259224228,9.8440721764,0.0012217304763960308,-0.003665191429188092,-0.03665191429188092,1756822328.754094
1.950150419,-0.44027935839999993,9.839286531199999,-0.0024434609527920616,-0.029321531433504737,-0.04642575810304917,1756822328.762086
1.9334006607999998,-0.45224347139999993,9.8368937086,0.014660765716752368,-0.03298672286269283,-0.048869219055841226,1756822328.770103
1.9525432416,-0.4761716974,9.848857821600001,0.009773843811168246,-0.023212879051524585,-0.023212879051524585,1756822328.778084
2.0123638066,-0.5288137946,9.9086783866,0.06230825429619756,-0.07086036763096977,-0.058643062867009474,1756822328.786118
2.0626130812,-0.5766702466,9.8967142736,0.025656340004316644,-0.05131268000863329,-0.01832595714594046,1756822328.794131
2.0961125976,-0.5934200048,9.963713306399999,0.029321531433504737,-0.03787364476827695,-0.07452555906015787,1756822328.802084
2.1535403399999997,-0.6269195211999999,9.963713306399999,0.048869219055841226,-0.079412480965742,-0.008552113334772215,1756822328.810080
2.201396792,-0.6484549246,10.0115697584,0.009773843811168246,-0.0317649923862968,-0.058643062867009474,1756822328.818129
2.1702900981999997,-0.7154539573999998,10.006784113199998,0.03298672286269283,-0.05009094953223726,-0.05131268000863329,1756822328.826085
2.2109680824,-0.7250252477999999,10.001998467999998,0.019547687622336492,-0.040317105721069016,-0.06230825429619756,1756822328.834121
2.189432679,-0.7369893607999999,9.9206424996,0.026878070480712675,-0.04153883619746504,-0.03298672286269283,1756822328.842136
2.1750757434,-0.6987041992,9.851250644199999,0.04276056667386108,-0.05742133239061344,-0.035430183815484885,1756822328.850086
2.1439690496,-0.7202396025999999,9.865607579799999,0.013439035240356337,-0.03787364476827695,-0.08185594191853406,1756822328.858107
2.1391834043999998,-0.7298108929999999,9.846464998999998,0.007330382858376184,-0.024434609527920613,-0.03665191429188092,1756822328.866108
2.1750757434,-0.7393821834,9.8368937086,0.029321531433504737,-0.03298672286269283,-0.047647488579445195,1756822328.874175
2.1535403399999997,-0.7441678285999999,9.8273224182,0.006108652381980153,-0.019547687622336492,-0.025656340004316644,1756822328.882083
2.1367905817999997,-0.7393821834,9.786644434,0.03420845333908886,-0.019547687622336492,-0.02199114857512855,1756822328.890094
2.1750757434,-0.7465606511999999,9.798608546999999,-0.0158824961931484,-0.039095375244672985,-0.06230825429619756,1756822328.898119
2.1463618722,-0.7465606511999999,9.7794659662,-0.003665191429188092,-0.05009094953223726,-0.023212879051524585,1756822328.906104
2.1367905817999997,-0.7369893607999999,9.7722874984,-0.003665191429188092,-0.026878070480712675,-0.013439035240356337,1756822328.914079
2.1607188078,-0.6771687958,9.7459664498,-0.003665191429188092,-0.003665191429188092,0.009773843811168246,1756822328.922124
2.1631116304,-0.6915257314,9.798608546999999,0.003665191429188092,-0.010995574287564275,-0.058643062867009474,1756822328.930090
2.1439690496,-0.658026215,9.865607579799999,0.0,0.014660765716752368,0.048869219055841226,1756822328.938096
2.129612114,-0.5958128274,9.870393224999999,-0.012217304763960306,0.008552113334772215,-0.05619960191421741,1756822328.946168
2.1128623558,-0.6125625856,9.8847501606,-0.010995574287564275,0.029321531433504737,0.0012217304763960308,1756822328.954088
2.0745771942,-0.5982056499999999,9.882357337999998,-0.05497787143782138,0.04520402762665313,-0.026878070480712675,1756822328.962079
2.0578274359999997,-0.6029912951999999,9.8919286284,-0.02199114857512855,0.0317649923862968,-0.012217304763960306,1756822328.970112
2.0291135648,-0.6077769404,9.8799645154,-0.04520402762665313,0.013439035240356337,0.01832595714594046,1756822328.978083
2.0147566292,-0.6269195211999999,9.8560362894,-0.009773843811168246,0.009773843811168246,0.0024434609527920616,1756822328.986147
2.0003996936,-0.6317051664,9.8632147572,-0.023212879051524585,-0.0012217304763960308,0.023212879051524585,1756822328.994135
2.0195422744,-0.6221338759999999,9.8751788702,-0.04153883619746504,-0.006108652381980153,-0.029321531433504737,1756822329.002091
2.0027925162,-0.5910271822,9.870393224999999,-0.006108652381980153,-0.009773843811168246,0.010995574287564275,1756822329.010089
2.0291135648,-0.5599204884,9.8751788702,-0.035430183815484885,-0.028099800957108706,-0.019547687622336492,1756822329.018091
2.0554346134,-0.5910271822,9.882357337999998,-0.0024434609527920616,-0.03298672286269283,-0.02199114857512855,1756822329.026123
2.1032910653999997,-0.5934200048,9.9206424996,0.013439035240356337,-0.047647488579445195,-0.029321531433504737,1756822329.034093
2.1367905817999997,-0.5862415369999999,9.923035322199999,-0.006108652381980153,-0.05253441048502932,-0.009773843811168246,1756822329.042094
2.1391834043999998,-0.5479563754,9.9206424996,0.013439035240356337,-0.03298672286269283,-0.0158824961931484,1756822329.050106
2.1678972756,-0.5551348432,9.9373922578,0.0,-0.01710422666954443,-0.029321531433504737,1756822329.058084
2.1511475173999997,-0.5335994398,9.9397850804,0.010995574287564275,0.004886921905584123,-0.006108652381980153,1756822329.066112
2.1320049365999996,-0.49531427819999996,9.8991070962,0.019547687622336492,0.004886921905584123,-0.013439035240356337,1756822329.074119
2.1176480009999996,-0.48335016519999996,9.923035322199999,0.0024434609527920616,-0.006108652381980153,-0.019547687622336492,1756822329.082087
2.1320049365999996,-0.5048855686,9.9684989516,0.007330382858376184,0.01710422666954443,-0.0158824961931484,1756822329.090148
2.1176480009999996,-0.4929214556,9.9828558872,-0.01832595714594046,0.023212879051524585,-0.012217304763960306,1756822329.098113
2.0793628394,-0.4881358104,9.9804630646,0.003665191429188092,-0.007330382858376184,-0.009773843811168246,1756822329.106067
2.0434705004,-0.5216353268,9.9684989516,0.014660765716752368,0.006108652381980153,-0.012217304763960306,1756822329.114089
2.0147566292,-0.49531427819999996,9.9469635482,0.006108652381980153,-0.004886921905584123,-0.013439035240356337,1756822329.122124
2.0027925162,-0.44027935839999993,9.841679353799998,0.03787364476827695,-0.02076941809873252,-0.024434609527920613,1756822329.130115
1.9932212257999997,-0.45942193919999996,9.803394192199999,0.007330382858376184,-0.014660765716752368,-0.029321531433504737,1756822329.138110
1.9549360641999998,-0.4354937132,9.753144917599998,0.0024434609527920616,-0.003665191429188092,-0.01710422666954443,1756822329.146143
1.9645073545999998,-0.4378865357999999,9.7244310464,0.01710422666954443,-0.03665191429188092,-0.026878070480712675,1756822329.154090
1.9836499354,-0.44267218099999994,9.738787982,-0.009773843811168246,-0.035430183815484885,0.0024434609527920616,1756822329.162111
2.0003996936,-0.44027935839999993,9.7818587888,0.019547687622336492,-0.03420845333908886,-0.023212879051524585,1756822329.170110
2.0506489682,-0.4761716974,9.803394192199999,-0.006108652381980153,-0.0158824961931484,-0.03298672286269283,1756822329.178121
1.9956140484,-0.5216353268,9.8680004024,0.023212879051524585,-0.040317105721069016,-0.03298672286269283,1756822329.186085
2.0386848551999996,-0.5790630692,9.846464998999998,0.012217304763960306,-0.04276056667386108,-0.023212879051524585,1756822329.194131
2.045863323,-0.6293123438,9.851250644199999,0.029321531433504737,-0.04642575810304917,-0.05619960191421741,1756822329.202156
2.0410776778,-0.6628118601999999,9.8847501606,0.0439822971502571,-0.023212879051524585,0.0,1756822329.210086
2.0578274359999997,-0.7106683122,9.918249676999999,0.019547687622336492,-0.029321531433504737,-0.03420845333908886,1756822329.218132
2.0889341298,-0.7322037155999999,9.9469635482,0.048869219055841226,-0.02076941809873252,-0.02076941809873252,1756822329.226100
2.093719775,-0.7369893607999999,9.927820967399999,0.030543261909900768,-0.039095375244672985,-0.02199114857512855,1756822329.234114
2.0745771942,-0.7345965381999999,9.9206424996,0.040317105721069016,-0.0635299847725936,-0.03298672286269283,1756822329.242082
2.0578274359999997,-0.7298108929999999,9.9349994352,0.06230825429619756,-0.03298672286269283,-0.023212879051524585,1756822329.250108
2.0482561456,-0.6891329088,9.9158568544,0.02199114857512855,-0.0439822971502571,-0.023212879051524585,1756822329.258090
2.0482561456,-0.6795616184,9.882357337999998,0.026878070480712675,-0.0635299847725936,-0.019547687622336492,1756822329.266110
2.0745771942,-0.6843472636,9.8727860476,-0.006108652381980153,-0.04153883619746504,-0.023212879051524585,1756822329.274125
2.0506489682,-0.6915257314,9.8608219346,0.012217304763960306,-0.059864793343405505,-0.009773843811168246,1756822329.282084
2.045863323,-0.7274180704000001,9.8368937086,-0.003665191429188092,-0.06597344572538566,-0.003665191429188092,1756822329.290097
2.0793628394,-0.7776673449999999,9.7651090306,-0.028099800957108706,-0.06597344572538566,0.012217304763960306,1756822329.298133
2.1439690496,-0.861416136,9.7579305628,0.003665191429188092,-0.07208209810736581,-0.006108652381980153,1756822329.306087
2.1104695332,-0.8805587167999999,9.6861458848,0.0,-0.08185594191853406,0.023212879051524585,1756822329.314089
2.1511475173999997,-0.8877371845999998,9.674181771799999,0.004886921905584123,-0.0635299847725936,-0.006108652381980153,1756822329.322093
2.201396792,-0.8398807326,9.6981099978,0.03665191429188092,-0.06963863715457375,0.006108652381980153,1756822329.330119
2.213360905,-0.7561319416,9.7938229018,0.009773843811168246,-0.04520402762665313,0.035430183815484885,1756822329.338091
2.2755742926,-0.6891329088,9.923035322199999,0.025656340004316644,-0.007330382858376184,0.0,1756822329.346094
2.2660030021999997,-0.6412764568,9.9924271776,-0.0024434609527920616,0.013439035240356337,0.019547687622336492,1756822329.354097
2.2803599377999997,-0.5862415369999999,10.0689975008,-0.019547687622336492,0.035430183815484885,-0.0158824961931484,1756822329.362114
2.2229321954,-0.5862415369999999,10.1024970172,0.0024434609527920616,0.04642575810304917,0.006108652381980153,1756822329.370110
2.1870398563999998,-0.5599204884,10.0929257268,-0.026878070480712675,0.03298672286269283,0.025656340004316644,1756822329.378118
2.1200408235999997,-0.5072783912,10.013962581,-0.012217304763960306,0.03665191429188092,-0.03298672286269283,1756822329.386283
2.0602202586,-0.5264209719999999,9.9349994352,-0.006108652381980153,0.003665191429188092,0.0,1756822329.394171
2.0410776778,-0.4881358104,9.8608219346,-0.012217304763960306,-0.023212879051524585,-0.0158824961931484,1756822329.402096
2.021935097,-0.47138605219999996,9.822536773,0.013439035240356337,-0.08674286382411818,0.003665191429188092,1756822329.410109
2.0745771942,-0.4354937132,9.8010013696,0.012217304763960306,-0.059864793343405505,0.0,1756822329.418086
2.1104695332,-0.418743955,9.812965482600001,0.003665191429188092,-0.07696902001294993,0.0024434609527920616,1756822329.426110
2.1631116304,-0.418743955,9.798608546999999,0.007330382858376184,-0.05619960191421741,-0.009773843811168246,1756822329.434158
2.2181465501999997,-0.406779842,9.810572659999998,0.010995574287564275,-0.04642575810304917,-0.029321531433504737,1756822329.442073
2.2588245344,-0.38524443859999996,9.839286531199999,0.02076941809873252,-0.013439035240356337,-0.010995574287564275,1756822329.450081
2.2348963083999998,-0.406779842,9.870393224999999,0.006108652381980153,0.012217304763960306,-0.01832595714594046,1756822329.458095
2.2205393728,-0.4378865357999999,9.8680004024,0.0,0.03298672286269283,-0.013439035240356337,1756822329.466189
2.189432679,-0.4354937132,9.853643466799998,-0.007330382858376184,0.03298672286269283,-0.05742133239061344,1756822329.474102
2.1391834043999998,-0.45224347139999993,9.877571692799998,0.007330382858376184,0.019547687622336492,-0.025656340004316644,1756822329.482074
2.0291135648,-0.4354937132,9.8440721764,0.030543261909900768,0.03665191429188092,-0.04153883619746504,1756822329.490094
1.986042758,-0.47377887479999997,9.803394192199999,-0.013439035240356337,0.039095375244672985,-0.013439035240356337,1756822329.498098
1.9405791286,-0.5072783912,9.798608546999999,0.019547687622336492,-0.009773843811168246,-0.0024434609527920616,1756822329.506078
1.926222193,-0.5144568589999999,9.7938229018,0.003665191429188092,-0.02076941809873252,-0.029321531433504737,1756822329.514094
1.9597217094000001,-0.5335994398,9.762716207999999,0.003665191429188092,-0.03420845333908886,-0.035430183815484885,1756822329.522074
1.9788642901999998,-0.5479563754,9.846464998999998,0.03665191429188092,-0.039095375244672985,-0.0158824961931484,1756822329.530099
2.0171494518,-0.5551348432,9.913464031799998,-0.004886921905584123,-0.030543261909900768,-0.03298672286269283,1756822329.538099
2.1104695332,-0.5647061336,9.9445707256,0.019547687622336492,-0.023212879051524585,-0.04276056667386108,1756822329.546069
2.1152551784,-0.6173482307999999,9.963713306399999,0.013439035240356337,-0.029321531433504737,-0.028099800957108706,1756822329.554071
2.1080767106,-0.6412764568,10.001998467999998,0.0024434609527920616,-0.040317105721069016,-0.039095375244672985,1756822329.562079
2.1607188078,-0.6652046828,10.006784113199998,0.025656340004316644,-0.03298672286269283,-0.03298672286269283,1756822329.570083
2.141576227,-0.7465606511999999,9.994820000199999,0.0024434609527920616,-0.0012217304763960308,-0.0317649923862968,1756822329.578070
2.1367905817999997,-0.7680960546,9.9517491934,0.014660765716752368,-0.039095375244672985,-0.04153883619746504,1756822329.586096
2.1320049365999996,-0.7752745223999999,9.918249676999999,0.04276056667386108,-0.026878070480712675,-0.06230825429619756,1756822329.594090
2.1128623558,-0.7489534737999999,9.8727860476,0.029321531433504737,-0.04276056667386108,-0.03665191429188092,1756822329.602103
2.1248264688,-0.7082754896,9.8847501606,0.06230825429619756,-0.06597344572538566,-0.04520402762665313,1756822329.610073
2.1559331626,-0.6269195211999999,9.8919286284,0.025656340004316644,-0.04276056667386108,-0.039095375244672985,1756822329.618139
2.1583259852,-0.5838487144,9.851250644199999,0.02076941809873252,-0.05009094953223726,-0.040317105721069016,1756822329.626085
2.1798613886,-0.5886343596,9.8799645154,0.0158824961931484,-0.04153883619746504,-0.07208209810736581,1756822329.634088
2.213360905,-0.6460621019999999,9.822536773,0.014660765716752368,-0.05253441048502932,-0.019547687622336492,1756822329.642118
2.2420747762,-0.6604190376,9.786644434,-0.012217304763960306,-0.05009094953223726,-0.05253441048502932,1756822329.650135
2.2588245344,-0.6987041992,9.7340023368,0.003665191429188092,-0.058643062867009474,-0.02199114857512855,1756822329.658085
2.249253244,-0.7154539573999998,9.7220382238,0.013439035240356337,-0.058643062867009474,-0.023212879051524585,1756822329.666110
2.2325034857999997,-0.7202396025999999,9.714859756,-0.013439035240356337,-0.03665191429188092,-0.02199114857512855,1756822329.674120
2.2109680824,-0.6891329088,9.726823868999999,-0.004886921905584123,-0.023212879051524585,-0.03298672286269283,1756822329.682120
2.249253244,-0.6364908116,9.7196454012,-0.019547687622336492,0.0,0.023212879051524585,1756822329.690142
2.2109680824,-0.5814558917999999,9.7770731436,-0.012217304763960306,0.0317649923862968,0.013439035240356337,1756822329.698110
2.2037896146,-0.5575276658,9.8201439504,-0.009773843811168246,0.03420845333908886,-0.035430183815484885,1756822329.706101
2.1678972756,-0.5312066172,9.8991070962,-0.028099800957108706,0.05253441048502932,-0.006108652381980153,1756822329.714201
2.1583259852,-0.5335994398,9.923035322199999,-0.026878070480712675,0.07819075048934597,-0.009773843811168246,1756822329.722120
2.0913269523999998,-0.5096712137999999,9.966106128999998,-0.013439035240356337,0.058643062867009474,0.02199114857512855,1756822329.730092
2.0554346134,-0.5383850849999999,9.963713306399999,-0.029321531433504737,0.04642575810304917,0.003665191429188092,1756822329.738102
2.0315063874,-0.5335994398,9.942177903,0.003665191429188092,0.03298672286269283,-0.012217304763960306,1756822329.746128
2.0195422744,-0.5359922624,9.913464031799998,-0.029321531433504737,0.0158824961931484,-0.039095375244672985,1756822329.754092
2.0650059038,-0.6029912951999999,9.9206424996,-0.0158824961931484,-0.009773843811168246,-0.03298672286269283,1756822329.762083
2.0650059038,-0.6029912951999999,9.8967142736,0.007330382858376184,-0.035430183815484885,-0.003665191429188092,1756822329.770110
2.1320049365999996,-0.6197410534,9.9349994352,0.013439035240356337,-0.05009094953223726,-0.025656340004316644,1756822329.778092
2.1870398563999998,-0.5982056499999999,9.958927661199999,0.024434609527920613,-0.05009094953223726,-0.05497787143782138,1756822329.786107
2.2468604213999996,-0.5670989562,9.9876415324,0.03665191429188092,-0.0439822971502571,-0.0158824961931484,1756822329.794136
2.2444675987999996,-0.49531427819999996,9.961320483799998,0.02076941809873252,-0.024434609527920613,-0.07452555906015787,1756822329.802108
2.2109680824,-0.45463629399999994,9.882357337999998,0.030543261909900768,-0.040317105721069016,-0.029321531433504737,1756822329.810095
2.1966111468,-0.3924229064,9.8321080634,-0.0024434609527920616,0.003665191429188092,-0.061086523819801536,1756822329.818086
2.1343977592,-0.36849468039999994,9.762716207999999,0.02199114857512855,0.013439035240356337,-0.039095375244672985,1756822329.826085
2.1056838879999997,-0.3900300838,9.7459664498,0.003665191429188092,0.02199114857512855,-0.039095375244672985,1756822329.834193
2.0650059038,-0.36849468039999994,9.753144917599998,0.003665191429188092,0.0317649923862968,-0.029321531433504737,1756822329.842142
2.0027925162,-0.33738798659999997,9.803394192199999,0.019547687622336492,0.02076941809873252,-0.04276056667386108,1756822329.850087
1.9764714676,-0.36370903520000003,9.9038927414,0.0024434609527920616,0.05497787143782138,-0.04520402762665313,1756822329.858130
1.9334006607999998,-0.38524443859999996,9.925428144799998,0.019547687622336492,0.01710422666954443,-0.02199114857512855,1756822329.866096
1.9286150156,-0.3900300838,9.923035322199999,0.023212879051524585,-0.0012217304763960308,-0.05131268000863329,1756822329.874119
1.9214365477999997,-0.4331008906,9.9038927414,-0.009773843811168246,-0.01832595714594046,-0.029321531433504737,1756822329.882091
1.938186306,-0.5647061336,9.901499918799999,0.02076941809873252,-0.024434609527920613,-0.03665191429188092,1756822329.890137
2.0027925162,-0.6675975054,9.9206424996,0.009773843811168246,-0.03298672286269283,-0.039095375244672985,1756822329.898135
2.021935097,-0.7202396025999999,9.923035322199999,0.03298672286269283,-0.01710422666954443,-0.02076941809873252,1756822329.906088
2.0434705004,-0.7130611348,9.925428144799998,0.019547687622336492,-0.039095375244672985,-0.05497787143782138,1756822329.914147
2.0554346134,-0.7417750059999999,9.901499918799999,0.010995574287564275,-0.04276056667386108,-0.029321531433504737,1756822329.922126
2.0913269523999998,-0.693918554,9.870393224999999,0.026878070480712675,-0.04642575810304917,-0.012217304763960306,1756822329.930092
2.1056838879999997,-0.7393821834,9.853643466799998,0.025656340004316644,-0.05375614096142535,-0.04276056667386108,1756822329.938100
2.129612114,-0.7441678285999999,9.8321080634,0.03665191429188092,-0.05009094953223726,-0.012217304763960306,1756822329.946129
2.1463618722,-0.7489534737999999,9.851250644199999,0.03298672286269283,-0.05497787143782138,-0.035430183815484885,1756822329.954094
2.1367905817999997,-0.7465606511999999,9.812965482600001,0.023212879051524585,-0.040317105721069016,-0.03420845333908886,1756822329.962099
2.1511475173999997,-0.7537391189999999,9.8440721764,0.04276056667386108,-0.06475171524898962,-0.01710422666954443,1756822329.970079
2.1391834043999998,-0.7441678285999999,9.829715240799999,0.0024434609527920616,-0.04276056667386108,-0.0024434609527920616,1756822329.978068
2.1678972756,-0.7441678285999999,9.7459664498,0.003665191429188092,-0.08307767239493008,-0.0158824961931484,1756822329.986103
2.189432679,-0.7513462964,9.7220382238,0.003665191429188092,-0.06963863715457375,-0.0024434609527920616,1756822329.994142
2.1942183242,-0.7441678285999999,9.7076812882,-0.026878070480712675,-0.05253441048502932,-0.012217304763960306,1756822330.002102
2.2205393728,-0.7417750059999999,9.7005028204,0.0158824961931484,-0.03298672286269283,-0.009773843811168246,1756822330.010118
2.2588245344,-0.7561319416,9.7244310464,-0.009773843811168246,0.0,0.003665191429188092,1756822330.018106
2.2636101795999997,-0.7274180704000001,9.7842516114,0.003665191429188092,0.006108652381980153,-0.007330382858376184,1756822330.026112
2.2707886474,-0.7154539573999998,9.858429112,-0.0158824961931484,0.007330382858376184,0.019547687622336492,1756822330.034111
2.2348963083999998,-0.681954441,9.913464031799998,-0.019547687622336492,0.02199114857512855,-0.014660765716752368,1756822330.042097
2.189432679,-0.5958128274,9.9469635482,0.007330382858376184,0.025656340004316644,0.039095375244672985,1756822330.050186
2.141576227,-0.5886343596,9.9828558872,-0.023212879051524585,0.012217304763960306,0.02076941809873252,1756822330.058070
2.081755662,-0.5264209719999999,10.033105161799998,-0.039095375244672985,0.023212879051524585,0.003665191429188092,1756822330.066135
2.0841484845999996,-0.5192425042,10.001998467999998,-0.02199114857512855,0.026878070480712675,0.0,1756822330.074122
2.0650059038,-0.5264209719999999,10.0115697584,-0.04520402762665313,0.04153883619746504,-0.025656340004316644,1756822330.082101
2.0482561456,-0.5240281494,9.9469635482,-0.03298672286269283,0.0,0.047647488579445195,1756822330.090113
2.0099709839999997,-0.4761716974,9.9110712092,-0.048869219055841226,-0.014660765716752368,-0.019547687622336492,1756822330.098138
2.03389921,-0.5144568589999999,9.853643466799998,-0.048869219055841226,-0.029321531433504737,-0.003665191429188092,1756822330.106088
2.0291135648,-0.5383850849999999,9.8010013696,-0.01832595714594046,-0.058643062867009474,0.012217304763960306,1756822330.114078
2.0721843715999997,-0.6197410534,9.762716207999999,-0.05253441048502932,-0.06230825429619756,-0.02076941809873252,1756822330.122107
2.1200408235999997,-0.6675975054,9.8010013696,0.023212879051524585,-0.07208209810736581,0.019547687622336492,1756822330.130088
2.2085752598,-0.6532405698,9.8560362894,0.029321531433504737,-0.03665191429188092,-0.009773843811168246,1756822330.138101
2.237289131,-0.5838487144,9.9326066126,0.039095375244672985,-0.03420845333908886,-0.025656340004316644,1756822330.146329
2.2325034857999997,-0.47856452,10.001998467999998,0.0635299847725936,-0.0158824961931484,-0.02199114857512855,1756822330.154120
2.2348963083999998,-0.4019941968,10.009176935799998,0.03665191429188092,-0.013439035240356337,-0.05253441048502932,1756822330.162141
2.1487546948,-0.37328032559999996,9.999605645399999,0.030543261909900768,0.009773843811168246,-0.039095375244672985,1756822330.170093
2.1272192914,-0.334995164,9.923035322199999,0.0,0.009773843811168246,-0.028099800957108706,1756822330.178115
2.0386848551999996,-0.3445664544,9.8177511278,-0.008552113334772215,0.01832595714594046,-0.04520402762665313,1756822330.186096
2.0243279195999997,-0.31345976059999997,9.7962157244,-0.010995574287564275,-0.0012217304763960308,-0.019547687622336492,1756822330.194106
1.9740786449999999,-0.32542387359999997,9.8057870148,0.013439035240356337,-0.01710422666954443,-0.03298672286269283,1756822330.202141
1.986042758,-0.33738798659999997,9.8440721764,0.013439035240356337,-0.013439035240356337,-0.007330382858376184,1756822330.210086
1.9764714676,-0.39720855159999996,9.887142983199999,0.02076941809873252,-0.035430183815484885,-0.040317105721069016,1756822330.218107
1.9764714676,-0.39960137419999997,9.930213789999998,0.04276056667386108,-0.05375614096142535,-0.03298672286269283,1756822330.226069
2.0195422744,-0.42352960019999997,9.923035322199999,0.025656340004316644,-0.07208209810736581,-0.013439035240356337,1756822330.234082
2.0315063874,-0.5742774239999999,9.9756774194,0.007330382858376184,-0.07208209810736581,-0.030543261909900768,1756822330.242117
2.0434705004,-0.7010970218,9.9828558872,0.04642575810304917,-0.0635299847725936,0.02076941809873252,1756822330.250147
1.9645073545999998,-0.7704888771999999,9.9517491934,0.01710422666954443,-0.04642575810304917,0.009773843811168246,1756822330.258080
1.902293967,-0.8303094421999999,9.9517491934,0.03665191429188092,-0.07208209810736581,0.04276056667386108,1756822330.266093
1.8448662246,-0.9020941201999999,9.8608219346,0.013439035240356337,-0.039095375244672985,0.04642575810304917,1756822330.274087
1.7635102561999998,-0.9499505721999999,9.8321080634,0.02199114857512855,-0.05742133239061344,0.08552113334772216,1756822330.282083
1.6725829974,-0.9619146851999999,9.870393224999999,0.04642575810304917,-0.08063421144213803,0.08185594191853406,1756822330.290108
1.6247265453999997,-0.9954142015999999,9.8560362894,0.05009094953223726,-0.09285151620609834,0.10995574287564276,1756822330.298113
1.5314064639999998,-0.993021379,9.8608219346,0.040317105721069016,-0.1356120828799594,0.11728612573401895,1756822330.306094
1.5242279962,-0.9762716208,9.834500885999999,0.048869219055841226,-0.16859880574265224,0.11239920382843482,1756822330.314127
1.5553346899999998,-1.0384850084,9.7435736272,0.009773843811168246,-0.20769418098732523,0.14294246573833558,1756822330.322086
1.5696916256,-1.100698396,9.628718142399999,0.0635299847725936,-0.2834414705238791,0.12461650859239512,1756822330.330125
1.6654045296,-1.1222337993999998,9.576076045199999,0.04276056667386108,-0.3262020546510327,0.17226399717184032,1756822330.338083
1.8089738855999997,-1.1413763802,9.547362174,0.05009094953223726,-0.33231070703301285,0.1392772743091475,1756822330.346098
1.9812571127999998,-1.1318050897999998,9.571290399999999,0.06963863715457375,-0.32864549815053223,0.17837264955382048,1756822330.354121
2.1367905817999997,-1.0528419439999999,9.6095755616,0.05253441048502932,-0.32986722862692824,0.158824961931484,1756822330.362088
2.2947168734,-0.9523433948,9.6885387074,0.0757472895365539,-0.32009338481576005,0.18203784098300857,1756822330.370072
2.4023938904,-0.861416136,9.750752095,0.05619960191421741,-0.30421088862261164,0.1954768762233649,1756822330.378132
2.5052852621999997,-0.8327022648,9.887142983199999,0.0757472895365539,-0.26633724385433466,0.20769418098732523,1756822330.386088
2.5674986497999996,-0.8039883936,10.0546405652,0.0757472895365539,-0.2431243648028101,0.19303341527057286,1756822330.394098
2.5890340532000002,-0.7728816997999999,10.121639597999998,0.10140362954087054,-0.21746802479849348,0.22479840765686965,1756822330.402133
2.5914268758,-0.7393821834,10.1288180658,0.06963863715457375,-0.1759291886010284,0.21380283336930536,1756822330.410109
2.6177479243999997,-0.6508477471999999,10.0235338714,0.08307767239493008,-0.1673770752662562,0.18570303241219668,1756822330.418067
2.6153551017999996,-0.6053841178,9.927820967399999,0.05253441048502932,-0.158824961931484,0.2345722514680379,1756822330.426136
2.6967110702,-0.6364908116,9.8368937086,0.08063421144213803,-0.17837264955382048,0.1942551457469689,1756822330.434077
2.7493531674,-0.6436692794,9.7770731436,0.09529497715889039,-0.19669860669976094,0.17226399717184032,1756822330.442086
2.8689942973999996,-0.5551348432,9.7363951594,0.11239920382843482,-0.18570303241219668,0.20158552860534507,1756822330.450084
2.943171798,-0.44027935839999993,9.753144917599998,0.10873401239924674,-0.16004669240788003,0.16615534478986016,1756822330.458071
2.979064137,-0.2919243572,9.7962157244,0.11484266478122689,-0.1514945790731078,0.18448130193580065,1756822330.466082
2.9647072013999995,-0.1411765334,9.7555377402,0.10018189906447451,-0.11972958668681101,0.1466076571675237,1756822330.474082
3.0005995404,-0.0693918554,9.726823868999999,0.025656340004316644,-0.0635299847725936,0.16982053621904827,1756822330.482096
2.9240292171999998,-0.0215354034,9.580861690399999,0.03665191429188092,-0.010995574287564275,0.1747074581246324,1756822330.490380
2.8642086522,-0.0023928226,9.5617191096,-0.006108652381980153,0.06230825429619756,0.14049900478554353,1756822330.498078
2.8689942973999996,0.0,9.5258267706,-0.026878070480712675,0.12461650859239512,0.13683381335635544,1756822330.506082
2.7732813933999996,-0.0526420972,9.5688975774,-0.03298672286269283,0.1673770752662562,0.13316862192716733,1756822330.514065
2.7110680057999996,-0.11964113,9.549754996599999,-0.06841690667817772,0.21624629432209744,0.1111774733520388,1756822330.522090
2.5866412305999997,-0.19142580799999998,9.5688975774,-0.058643062867009474,0.26878070480712674,0.13194689145077132,1756822330.530087
2.4574288101999997,-0.28713871199999996,9.6167540294,-0.06475171524898962,0.3176499413162605,0.1075122819228507,1756822330.538107
2.3114666315999997,-0.47856452,9.6885387074,-0.029321531433504737,0.3274237676741362,0.1075122819228507,1756822330.546077
2.1822542112,-0.5670989562,9.7483592724,-0.0317649923862968,0.35552358608453744,0.10995574287564276,1756822330.554068
2.0147566292,-0.6364908116,9.8440721764,-0.009773843811168246,0.3530801076784529,0.06475171524898962,1756822330.562111
1.8783657409999999,-0.6460621019999999,10.0163554036,0.006108652381980153,0.34819320322616126,0.07819075048934597,1756822330.570063
1.7324035624,-0.6340979889999999,10.1479606466,0.05009094953223726,0.33231070703301285,0.06475171524898962,1756822330.578068
1.6342978357999998,-0.6005984726,10.222138147199999,0.013439035240356337,0.2858849140233787,-0.0024434609527920616,1756822330.586119
1.5840485612,-0.6149554081999999,10.301101292999999,0.0158824961931484,0.21258110289290932,0.003665191429188092,1756822330.594098
1.5385849318,-0.6197410534,10.3346008094,-0.0024434609527920616,0.1551597705022959,-0.03787364476827695,1756822330.602072
1.5002997702,-0.6197410534,10.3920285518,0.013439035240356337,0.07086036763096977,-0.01710422666954443,1756822330.610100
1.5242279962,-0.6412764568,10.4015998422,0.003665191429188092,0.009773843811168246,-0.047647488579445195,1756822330.618052
1.5601203352,-0.6293123438,10.289137179999999,0.024434609527920613,-0.05619960191421741,-0.079412480965742,1756822330.626146
1.6797614652,-0.6101697629999999,10.164710404800001,-0.009773843811168246,-0.12950343049797924,-0.14049900478554353,1756822330.634087
1.7730815465999998,-0.6149554081999999,10.085747258999998,0.03665191429188092,-0.21991148575128552,-0.10873401239924674,1756822330.642110
1.9357934833999997,-0.6675975054,9.985248709799999,0.01710422666954443,-0.2797762965479835,-0.15027284859671178,1756822330.650139
2.129612114,-0.6963113766,9.8249295956,-0.0024434609527920616,-0.3347541505325124,-0.17226399717184032,1756822330.658085
2.285145583,-0.7345965381999999,9.607182738999999,0.0024434609527920616,-0.3824016391119576,-0.1832595714594046,1756822330.666111
2.4430718746,-0.8183453291999999,9.4181497536,0.039095375244672985,-0.43127084071450633,-0.22113321622768156,1756822330.674098
2.6584259086,-0.8805587167999999,9.281758865399999,0.023212879051524585,-0.43371431912059094,-0.24801128670839426,1756822330.682140
2.9048866363999997,-0.873380249,9.320044027,0.10873401239924674,-0.4422664324553631,-0.2309070600388498,1756822330.690080
3.0843483314,-0.8183453291999999,9.5282195932,0.09896016858807849,-0.42394049276271517,-0.18692476288859272,1756822330.698125
3.2446674455999998,-0.7130611348,9.8249295956,0.13194689145077132,-0.4117231705454623,-0.2345722514680379,1756822330.706112
3.3762726885999994,-0.5742774239999999,10.085747258999998,0.11972958668681101,-0.36285396894291366,-0.2272418686096617,1756822330.714154
3.4193434953999997,-0.42352960019999997,10.2197453246,0.09896016858807849,-0.3152064454568834,-0.21258110289290932,1756822330.722121
3.4767712378,-0.2727817764,10.2580304862,0.0635299847725936,-0.26022859147235455,-0.22846359908605773,1756822330.730148
3.4911281733999995,-0.2225325018,10.1383893562,0.009773843811168246,-0.22113321622768156,-0.21380283336930536,1756822330.738095
3.5078779316,-0.25124637299999997,9.846464998999998,-0.012217304763960306,-0.19792033717615698,-0.21380283336930536,1756822330.746100
3.4719855926,-0.3565305674,9.5401837062,-0.003665191429188092,-0.2040289895581371,-0.1832595714594046,1756822330.754111
3.5150563993999997,-0.48574298779999997,9.4444708022,0.007330382858376184,-0.19181168479417682,-0.1747074581246324,1756822330.762144
3.5150563993999997,-0.5742774239999999,9.4085784632,0.06719517620178168,-0.1942551457469689,-0.1832595714594046,1756822330.770088
3.5389846253999995,-0.5982056499999999,9.427721044,0.079412480965742,-0.18203784098300857,-0.14782938764391973,1756822330.778094
3.5150563993999997,-0.5024927459999999,9.477970318599999,0.079412480965742,-0.14538592669112765,-0.1942551457469689,1756822330.786119
3.4959138186,-0.45463629399999994,9.458827737799998,0.04642575810304917,-0.13072516097437528,-0.13805554383275148,1756822330.794111
3.4839497056,-0.41156548719999997,9.4612205604,0.0,-0.08674286382411818,-0.17226399717184032,1756822330.802108
3.3882368015999997,-0.39720855159999996,9.451649269999999,-0.01710422666954443,-0.03420845333908886,-0.11728612573401895,1756822330.810182
3.3164521235999995,-0.37088750299999995,9.401399995399998,-0.05497787143782138,0.0024434609527920616,-0.15638150097869194,1756822330.818077
3.1944181709999997,-0.3756731482,9.415756930999999,-0.0757472895365539,0.061086523819801536,-0.14294246573833558,1756822330.826120
3.0580272828,-0.2967100024,9.4612205604,-0.06230825429619756,0.0757472895365539,-0.16982053621904827,1756822330.834145
2.943171798,-0.2656033086,9.475577496,-0.12095131716320703,0.07086036763096977,-0.18936822384138474,1756822330.842089
2.835494781,-0.23928226,9.518648302799999,-0.06230825429619756,0.07330382858376185,-0.12339477811599911,1756822330.850092
2.7541388125999995,-0.2440679052,9.6167540294,-0.08185594191853406,0.06841690667817772,-0.1759291886010284,1756822330.858105
2.656033086,-0.2536391956,9.848857821600001,-0.008552113334772215,0.05253441048502932,-0.14782938764391973,1756822330.866110
2.6488546182,-0.1531406464,10.1264252432,-0.025656340004316644,0.025656340004316644,-0.16004669240788003,1756822330.874091
2.6392833278,-0.0191425808,10.449456294199999,-0.003665191429188092,-0.023212879051524585,-0.15027284859671178,1756822330.882089
2.6727828442,0.10289137179999999,10.626525166599999,-0.030543261909900768,-0.06230825429619756,-0.16126842288427606,1756822330.890104
2.7589244578,0.2225325018,10.5930256502,-0.05253441048502932,-0.158824961931484,-0.18448130193580065,1756822330.898121
2.8091737323999997,0.3541377448,10.4374921812,-0.04642575810304917,-0.2040289895581371,-0.15271630954950383,1756822330.906087
2.931207685,0.5000999234,10.2676017766,-0.059864793343405505,-0.30543261909900765,-0.10995574287564276,1756822330.914136
3.0939196217999996,0.7776673449999999,10.1072826624,-0.06963863715457375,-0.3616322035599326,-0.12461650859239512,1756822330.922077
3.2015966387999995,0.9858429112,9.923035322199999,-0.05253441048502932,-0.40805796166298175,-0.05497787143782138,1756822330.930091
3.4002009145999996,1.1916256548,9.753144917599998,-0.13316862192716733,-0.42149701435663056,-0.026878070480712675,1756822330.938188
3.5676984966,1.3232308977999998,9.6239324972,-0.1710422666954443,-0.44837510229063576,0.012217304763960306,1756822330.946090
3.6849468039999995,1.2945170266000001,9.521041125399998,-0.2272418686096617,-0.42394049276271517,0.08552113334772216,1756822330.954109
3.9050864832,1.2442677519999998,9.4085784632,-0.2565634000431664,-0.3750712562535814,0.0757472895365539,1756822330.962182
4.0223347905999995,1.0456634761999999,9.248259349,-0.26633724385433466,-0.30909779307490326,0.08918632477691024,1756822330.970082
4.1970108404,0.861416136,8.992227330799999,-0.30298917559950816,-0.24923301718479024,0.059864793343405505,1756822330.978106
4.3118663252,0.6245266986,8.5328053916,-0.3274237676741362,-0.15760323145508795,0.09407324668249435,1756822330.986127
4.429114632599999,0.2727817764,8.2121671632,-0.3225368457685521,-0.040317105721069016,0.06475171524898962,1756822330.994138
4.486542375,-0.0646062102,8.183453292,-0.339641054984804,0.1111774733520388,0.04520402762665313,1756822331.002093
4.493720842799999,-0.4378865357999999,8.372486277399998,-0.27611108766550296,0.2712241657599188,0.003665191429188092,1756822331.010084
4.4410787456,-0.6723831506,8.7266240222,-0.26145032194875056,0.49235736453430784,-0.009773843811168246,1756822331.018095
4.319044793,-0.8590233133999999,9.080761767,-0.26267205242514663,0.659734439800564,-0.09407324668249435,1756822331.026150
4.2113677759999995,-0.8949156524,9.5066841898,-0.2577851305195625,0.8405505677604691,-0.12095131716320703,1756822331.034084
3.9936209193999996,-0.9451649269999999,9.8273224182,-0.3152064454568834,0.9993754947853681,-0.1624901533606721,1756822331.042179
3.6873396266,-0.9547362173999999,9.9517491934,-0.30909779307490326,1.1447613865699107,-0.21135937241651329,1756822331.050077
3.3044880105999996,-0.9403792818,10.0474620974,-0.34330626386728463,1.254717181805431,-0.2565634000431664,1756822331.058092
2.8546373618,-0.9667003303999999,10.083354436399999,-0.36896258641830876,1.3206906100775242,-0.37140608227768585,1756822331.066128
2.4095723582,-0.9379864591999999,10.042676452199998,-0.4386012235728825,1.3829988643737217,-0.4495968153137393,1756822331.074087
1.8664016279999998,-0.7728816997999999,10.0689975008,-0.4544837546726159,1.4025466043559356,-0.5400048880203381,1756822331.082110
1.3830514628,-0.6675975054,10.145567823999999,-0.4789183642005365,1.3805554034209295,-0.6548475353482724,1756822331.090137
0.9308079913999999,-0.5168496816,10.191031453399999,-0.555887366760194,1.3597860900419523,-0.8197811671150291,1756822331.098101
0.5599204884,-0.5096712137999999,10.2676017766,-0.5729916283363234,1.2803735567163326,-0.9419542147546323,1756822331.106089
0.2560320182,-0.5575276658,10.2125668568,-0.5900958375525753,1.1301006906663285,-1.0641272623942353,1756822331.114195
0.023928225999999997,-0.6771687958,10.0642118556,-0.5803219762881145,0.9786061115932205,-1.1887437709866304,1756822331.122066
-0.059820565,-0.9020941201999999,9.8368937086,-0.5326744877086693,0.7941248096574199,-1.295034252619915,1756822331.130096
-0.0981057266,-1.1629117835999998,9.6885387074,-0.4459316064312587,0.5705481150236538,-1.3732250554691385,1756822331.138133
-0.11006983959999998,-1.4644074311999997,9.6933243526,-0.2919935838586513,0.3518583772020568,-1.4330898662658365,1756822331.146081
0.047856451999999994,-1.5864413838,9.7244310464,-0.0879645943005142,0.17715091907742445,-1.5063936424897206,1756822331.154134
0.167497582,-1.5625131578,9.9086783866,0.05253441048502932,0.0439822971502571,-1.5552629139054395,1756822331.162139
0.2775674216,-1.4261222696,10.351350567599999,0.24801128670839426,-0.05375614096142535,-1.6236797856770324,1756822331.170106
0.31345976059999997,-1.0983055734,10.657631860399999,0.3457497073667842,-0.06475171524898962,-1.696983684073964,1756822331.178085
0.2105683888,-0.6484549246,10.6695959734,0.39828413530510604,0.019547687622336492,-1.6957619710508607,1756822331.186075
0.10289137179999999,-0.16271193679999998,9.9373922578,0.3824016391119576,0.13316862192716733,-1.77517436475014,1756822331.194225
0.040677984199999996,0.1603191142,9.3152583818,0.37384952577718544,0.24923301718479024,-1.822821905689463,1756822331.202117
-0.08135596839999999,0.3565305674,9.410971285799999,0.36529741244241315,0.36041049053682905,-1.813047974611832,1756822331.210085
-0.28713871199999996,0.5431707302,9.913464031799998,0.36529741244241315,0.4728096943652639,-1.8325957145940461,1756822331.218110
-0.6125625856,0.849452023,10.791629926,0.3103195584578843,0.5461135404023182,-1.8264870971186509,1756822331.226094
-0.9667003303999999,1.1533404932,11.858828805599998,0.2272418686096617,0.6047566207226203,-1.814269705088228,1756822331.234128
-1.43569356,1.5122638832,12.4450703426,0.06597344572538566,0.577878532788615,-1.814269705088228,1756822331.242137
-1.9573288867999998,1.7611174335999997,12.5790684082,-0.03298672286269283,0.4960225734167885,-1.8301522710945464,1756822331.250091
-2.285145583,1.9549360641999998,12.0933254204,-0.1282817000215832,0.3640756994193097,-1.8460346974745248,1756822331.258109
-2.4837498588,2.0578274359999997,11.2151595262,-0.1942551457469689,0.10873401239924674,-1.8619172460275508,1756822331.266088
-2.2995025185999998,2.0961125976,10.3322079868,-0.2565634000431664,-0.24801128670839426,-1.8044958961836448,1756822331.274170
-1.9046867896,2.0003996936,9.8201439504,-0.2516764781375823,-0.6218608299388722,-1.783726443178327,1756822331.282079
-1.31605243,1.8711872732,9.8727860476,-0.26022859147235455,-1.0286970436721654,-1.6701055961399591,1756822331.290122
-0.658026215,1.7922241274,10.083354436399999,-0.2541199390903744,-1.3878857688260133,-1.6114625332729493,1756822331.298166
-0.0430708068,1.7252250945999998,10.159924759599999,-0.2993239667170275,-1.6456709691587459,-1.5308282694709339,1756822331.306096
0.5670989562,1.7778671918,10.0235338714,-0.34697143784318024,-1.8216001926663592,-1.4819591376815553,1756822331.314080
1.0600204117999998,1.7802600144,9.690931529999999,-0.4520402762665313,-1.8741344984316335,-1.474628650103424,1756822331.322089
1.5361921092,1.6654045296,9.1956172518,-0.5534438883541094,-1.8631389765039468,-1.3842205948501176,1756822331.330089
1.9453647737999997,1.4285150921999998,8.676374747599999,-0.6487388480597073,-1.7580702078937656,-1.4001031434031437,1756822331.338096
2.2827527604,1.0791629926,8.1978102276,-0.698829849951822,-1.626123229176532,-1.3683381684701394,1756822331.346089
2.5603201819999994,0.6364908116,7.781459095199999,-0.7122688851921785,-1.452637588794758,-1.3267992450062118,1756822331.354117
2.8785655878,0.028713871199999998,7.408178769599999,-0.6756169359937125,-1.3084733576734413,-1.3646729770409514,1756822331.362131
3.1609186545999997,-0.5383850849999999,7.2191457842,-0.5668829410477582,-1.2034044668902126,-1.3243557840534197,1756822331.370103
3.3954152693999995,-1.0815558152,7.223931429399999,-0.4715879638888678,-1.11421819447318,-1.370781611969639,1756822331.378095
3.6538401101999995,-1.5290136414,7.537391189999999,-0.3494149162492648,-1.095892254780532,-1.332908002107947,1756822331.386082
3.9385859995999994,-1.902293967,7.987241838799999,-0.24678955623199822,-1.1276572471668287,-1.3182471665780247,1756822331.394147
4.175475436999999,-2.0578274359999997,8.350950873999999,-0.1551597705022959,-1.1826351360579428,-1.296255983096311,1756822331.402102
4.390829471,-2.0841484845999996,8.640482408599999,-0.07208209810736581,-1.2693780173353533,-1.1728612049803118,1756822331.410087
4.582255279,-2.0147566292,8.7888374098,-0.061086523819801536,-1.4001031434031437,-1.150870143671646,1756822331.418178
4.7904308451999995,-1.8975083218,8.913264185,-0.06597344572538566,-1.5210544780196433,-1.126435516690433,1756822331.426090
4.9674997176,-1.8592231602,9.0424766054,-0.10873401239924674,-1.6371188907305587,-1.0409143484361256,1756822331.434105
5.2378886714,-1.7850456595999997,9.1908316066,-0.17226399717184032,-1.6896532139491254,-1.0543534011297744,1756822331.442167
5.520241738199999,-1.7491533205999998,9.21236701,-0.1942551457469689,-1.6884314834727294,-1.0030407385744338,1756822331.450084
5.773880933799999,-1.6965112234,9.0711904766,-0.26633724385433466,-1.6798794050445423,-1.0250318696962697,1756822331.458074
6.101697629999999,-1.6582260617999998,8.8438723296,-0.27611108766550296,-1.6505578736110373,-1.0262535827193733,1756822331.466101
6.1447684368,-1.6319050132,8.7003029736,-0.3457497073667842,-1.551597739929544,-1.0164797912680825,1756822331.474072
6.642475537599999,-1.5768700934,8.489734584799999,-0.35674531656093345,-1.51128052948872,-0.9566149804713845,1756822331.482086
6.8578295716,-1.4428720278,8.49452023,-0.34819320322616126,-1.3829988643737217,-0.8466591852358643,1756822331.490070
6.9535424756,-1.2945170266000001,8.5758761984,-0.36529741244241315,-1.2034044668902126,-0.8002334271328151,1756822331.498088
6.9774707016,-1.0983055734,8.6356967634,-0.359188760060433,-1.0005972950749342,-0.7648032782239153,1756822331.506106
6.924828604399999,-1.0121639597999998,8.760123538599998,-0.3225368457685521,-0.7782423134642716,-0.6609561702769601,1756822331.514101
6.8889362654,-1.1437692028,9.013762734199998,-0.2834414705238791,-0.5290092788261888,-0.6401867696315201,1756822331.522063
6.766902312799999,-1.3471591237999998,9.080761767,-0.20158552860534507,-0.33231070703301285,-0.5986479159807625,1756822331.530073
6.6185473115999995,-1.5026925928,9.147760799799999,-0.19058995431778078,-0.21624629432209744,-0.5546656537370904,1756822331.538090
6.5252272302,-1.567298803,9.3487578982,-0.12950343049797924,-0.10995574287564276,-0.5436700619962336,1756822331.546127
6.5012990042,-1.4452648504,9.6000042712,-0.10873401239924674,-0.05253441048502932,-0.4886921905584123,1756822331.554079
6.4438712618,-1.2418749294,9.547362174,-0.06597344572538566,-0.01832595714594046,-0.4691444854827833,1756822331.562069
6.3696937612,-1.1030912186,9.0831545896,-0.006108652381980153,-0.023212879051524585,-0.4618141026244071,1756822331.570086
6.3338014222,-1.0145567824,8.4681991814,0.04520402762665313,-0.08918632477691024,-0.4532619892896349,1756822331.578071
6.319444486599999,-0.8470592003999999,8.1499537756,0.16126842288427606,-0.08918632477691024,-0.3848450826114571,1756822331.586098
6.2189459374,-0.5527420206,8.1762748242,0.16615534478986016,-0.08918632477691024,-0.35796702958403703,1756822331.594353
6.053841178,-0.13160524299999998,8.350950873999999,0.14782938764391973,-0.06597344572538566,-0.28955012290585924,1756822331.602101
5.8600225474,0.10289137179999999,8.3437724062,0.019547687622336492,0.003665191429188092,-0.21746802479849348,1756822331.610070
5.6015977066,0.2560320182,8.070990629799999,-0.10995574287564276,0.08429940287132612,-0.12461650859239512,1756822331.618092
5.2977092364,0.24885355039999998,7.5517481256,-0.21746802479849348,0.1466076571675237,-0.05619960191421741,1756822331.626118
5.000999233999999,0.2608176634,7.2406811876,-0.2797762965479835,0.22357667718047364,0.01710422666954443,1756822331.634096
4.6923251186,0.23688943739999999,7.094719008999999,-0.3127630019573839,0.29443706226473587,0.061086523819801536,1756822331.642084
4.366901244999999,0.2919243572,7.125825702799999,-0.32986722862692824,0.33841932450840795,0.035430183815484885,1756822331.650129
4.1012979364,0.3182454058,7.2598237683999995,-0.3824016391119576,0.40317105721069013,0.025656340004316644,1756822331.658089
3.8596228537999995,0.3397808092,7.408178769599999,-0.4117231705454623,0.42149701435663056,-0.035430183815484885,1756822331.666109
3.6897324492,0.28713871199999996,7.566105061199999,-0.4508185457901353,0.3848450826114571,-0.0757472895365539,1756822331.674102
3.6251262389999996,0.1698904046,7.848458128,-0.4874704600820162,0.3152064454568834,-0.18203784098300857,1756822331.682107
3.6705898684,-0.040677984199999996,8.1882389372,-0.4776966337241405,0.23335052099164186,-0.19914206765255302,1756822331.690121
3.7950166436,-0.2823530668,8.4514494232,-0.5009095127756651,0.11484266478122689,-0.3347541505325124,1756822331.698116
3.82851616,-0.6771687958,8.5950187792,-0.4398229889558636,0.003665191429188092,-0.3933972308528144,1756822331.706113
4.0845481781999995,-0.9714859755999999,8.602197247,-0.35552358608453744,-0.11239920382843482,-0.4667010419832837,1756822331.714196
4.3286160834,-1.1868400096,8.6668034572,-0.277332818141899,-0.17837264955382048,-0.5351179486614615,1756822331.722080
4.723431812399999,-1.2921242039999998,8.822336926199998,-0.1673770752662562,-0.2565634000431664,-0.5302310093025848,1756822331.730107
5.0512485086,-1.31605243,9.068797653999999,-0.10262536001726658,-0.31398473243377983,-0.5607743061190706,1756822331.738125
5.458028350599999,-1.8616159827999998,9.511469835,-0.040317105721069016,-0.33841932450840795,-0.5705481150236538,1756822331.746083
5.675775207199999,-1.0743773474,9.511469835,0.03298672286269283,-0.359188760060433,-0.5766568023122189,1756822331.754128
5.790630692,-0.9954142015999999,9.583254513,0.05253441048502932,-0.29688050576423547,-0.5815437067645106,1756822331.762146
5.9270215802,-0.813559684,9.4540420926,0.05742133239061344,-0.21746802479849348,-0.5522221578777133,1756822331.770084
5.9605210966,-0.6771687958,9.267401929799998,0.013439035240356337,-0.18692476288859272,-0.6157521426503069,1756822331.778109
6.0107703712,-0.5934200048,9.0400837828,-0.02076941809873252,-0.14416419621473162,-0.5681046540708617,1756822331.786088
6.0490555328,-0.550349198,8.9276211206,-0.05131268000863329,-0.1111774733520388,-0.5253441048502933,1756822331.794075
6.1160545656,-0.4618147618,8.939585233599999,-0.08552113334772216,-0.08674286382411818,-0.577878532788615,1756822331.802083
6.147161259399999,-0.4163511324,9.0400837828,-0.0879645943005142,-0.06230825429619756,-0.5106833391335408,1756822331.810103
6.206981824400001,-0.4139583098,9.128618219,-0.14416419621473162,-0.05009094953223726,-0.5204571829447091,1756822331.818068
6.2285172278,-0.5766702466,8.997012976,-0.17226399717184032,-0.05375614096142535,-0.5265658353266892,1756822331.826130
6.2979090831999995,-0.9619146851999999,8.685946037999999,-0.20769418098732523,-0.05009094953223726,-0.5253441048502933,1756822331.834100
6.417550213199999,-1.3543375916,8.434699665,-0.1710422666954443,-0.004886921905584123,-0.4850270165825167,1756822331.842135
6.575476504799999,-1.6127624323999998,8.489734584799999,-0.035430183815484885,0.06841690667817772,-0.4043927876870862,1756822331.850091
6.573083682199999,-1.6055839646,8.7768732968,0.06963863715457375,0.16493361431346412,-0.35430182070155636,1756822331.858101
6.5300128754,-1.5481562222,9.064012008799999,0.15760323145508795,0.26389378290154264,-0.31642817593327943,1756822331.866153
6.317051663999999,-1.3926227532,9.2506521716,0.20525072003453315,0.4105014400690663,-0.24678955623199822,1756822331.874087
6.0227344842,-1.1581261384,9.327222494799999,0.2040289895581371,0.558330827712986,-0.17348572764823636,1756822331.882089
5.737988594799999,-0.9499505721999999,9.3296153174,0.23335052099164186,0.679282109969608,-0.1270599695451872,1756822331.890128
5.391029317799999,-0.8087740388,9.296115801,0.14782938764391973,0.8038986709218807,-0.06597344572538566,1756822331.898100
5.0679982668,-0.7848458128,9.2626162846,0.10140362954087054,0.8943067436284794,-0.029321531433504737,1756822331.906105
4.754538506199999,-0.8327022648,9.219545477799999,0.03665191429188092,0.9492845627064234,0.007330382858376184,1756822331.914104
4.3860438258,-0.9116654106,9.152546445,-0.026878070480712675,0.9932668773099729,0.03298672286269283,1756822331.922069
4.1012979364,-0.9834500885999999,9.049655073199999,-0.023212879051524585,0.992045146833577,0.06230825429619756,1756822331.930092
3.816552047,-1.0863414604,8.913264185,-0.09651670763528643,0.9981537817622645,0.07452555906015787,1756822331.938092
3.5676984966,-1.1461620253999998,8.810372813199999,-0.11239920382843482,0.9883799728576813,0.05131268000863329,1756822331.946112
3.3475588174,-1.232303639,8.7290168448,-0.12461650859239512,0.9431759452310281,0.0916297857297023,1756822331.954103
3.1393832512,-1.3088739621999999,8.7840517646,-0.14905111812031574,0.8857545953871222,0.058643062867009474,1756822331.962129
3.0029923629999997,-1.328016543,8.872586200799999,-0.08674286382411818,0.8271115150668203,0.05253441048502932,1756822331.970087
2.8809584103999994,-1.2705888006000001,8.949156524,-0.08307767239493008,0.7513642255302664,0.05131268000863329,1756822331.978106
2.7852455064,-1.0552347666,9.0520478958,-0.06230825429619756,0.698829849951822,0.01710422666954443,1756822331.986119
2.7613172803999997,-0.8327022648,9.2267239456,-0.006108652381980153,0.6279694648675597,0.024434609527920613,1756822331.994108
2.7014967154,-0.5383850849999999,9.343972252999999,-0.013439035240356337,0.5937610115284709,-0.04642575810304917,1756822332.002097
2.6727828442,-0.1746760498,9.2410808812,-0.006108652381980153,0.5326744877086693,-0.09407324668249435,1756822332.010091
2.5531417142,0.19860427579999998,9.0879402348,-0.09285151620609834,0.47647486834115943,-0.1075122819228507,1756822332.018114
2.5435704238,0.47138605219999996,9.0975115252,-0.14905111812031574,0.417831840380735,-0.12095131716320703,1756822332.026098
2.5794627627999995,0.5958128274,9.284151688,-0.19181168479417682,0.37384952577718544,-0.16859880574265224,1756822332.034082
2.644068973,0.7034898444,9.451649269999999,-0.24190263432641407,0.3677408733952052,-0.18936822384138474,1756822332.042065
2.5435704238,0.8829515394,9.3248296722,-0.21746802479849348,0.35430182070155636,-0.17837264955382048,1756822332.050090
2.4478575198,1.0911271056,9.236295236,-0.277332818141899,0.37384952577718544,-0.2504547476611863,1756822332.058114
2.3784656643999997,1.3016954943999999,9.245866526399999,-0.2822197400474831,0.37384952577718544,-0.24190263432641407,1756822332.066144
2.2875384056,1.3950155757999998,9.200402897,-0.33231070703301285,0.377514699753081,-0.21258110289290932,1756822332.074084
2.2061824372,1.4524433181999998,9.2506521716,-0.36896258641830876,0.378736465136062,-0.22479840765686965,1756822332.082113
2.0434705004,1.4763715441999998,9.3631148338,-0.359188760060433,0.3872885784708342,-0.13316862192716733,1756822332.090084
1.8089738855999997,1.5074782379999998,9.422935398799998,-0.3946189613292104,0.4007275788046055,-0.09773843811168245,1756822332.098135
1.6462619487999999,1.4333007374,9.4301138666,-0.4117231705454623,0.3995058483282095,-0.058643062867009474,1756822332.106087
1.3854442854,1.2466605746,9.2578306394,-0.377514699753081,0.43371431912059094,0.02076941809873252,1756822332.114121
1.1485548479999999,1.0073783146,9.169296203199998,-0.3616322035599326,0.43127084071450633,0.047647488579445195,1756822332.122074
0.969093153,0.7274180704000001,9.2410808812,-0.2528982086139784,0.4043927876870862,0.07208209810736581,1756822332.130153
0.8087740388,0.47377887479999997,9.420542576199999,-0.19058995431778078,0.38362336958835364,0.0317649923862968,1756822332.138117
0.705882667,0.2727817764,9.643075077999999,-0.06230825429619756,0.33597588100890846,0.05131268000863329,1756822332.146106
0.6460621019999999,0.09571290399999999,9.8321080634,0.048869219055841226,0.24556782575560218,-0.006108652381980153,1756822332.154141
0.5670989562,-0.10289137179999999,9.8632147572,0.14538592669112765,0.15393804002589986,-0.025656340004316644,1756822332.162114
0.5670989562,-0.203389921,9.664610481399999,0.30909779307490326,0.029321531433504737,-0.1075122819228507,1756822332.170124
0.693918554,-0.3517449222,9.272187575,0.3494149162492648,-0.11484266478122689,-0.1832595714594046,1756822332.178128
0.8446663778,-0.4354937132,8.977870395199998,0.46792275500638725,-0.3005456797401311,-0.23335052099164186,1756822332.186071
1.0815558152,-0.5551348432,9.133403864199998,0.6023130899566581,-0.4740314248416599,-0.30543261909900765,1756822332.194164
1.5146567058,-0.6436692794,9.4564349152,0.7611381042480195,-0.6120869686744114,-0.37140608227768585,1756822332.202148
1.8687944506,-0.3565305674,9.8273224182,0.9297368925373795,-0.7305948423381188,-0.40805796166298175,1756822332.210085
2.2420747762,0.1483550012,10.3992070196,0.9859365293581818,-0.8649851947416822,-0.43249260609748735,1756822332.218110
2.5387847785999997,0.7824529901999999,10.896914120399998,0.9822712855691161,-0.9700540331650334,-0.417831840380735,1756822332.226109
2.8307091358,1.3184452526,11.121839444799999,0.8833111518876227,-1.0910052805150705,-0.3518583772020568,1756822332.234083
3.1680971224,1.8065810629999999,10.973484443599999,0.7513642255302664,-1.1594222220998331,-0.2907718533822553,1756822332.242125
3.4504501891999997,1.8065810629999999,10.540383553,0.6365215956556246,-1.216843571943739,-0.1514945790731078,1756822332.250085
3.8261233374,1.8520446923999998,9.997212822799998,0.5668829410477582,-1.2082914935155518,-0.07086036763096977,1756822332.258117
4.2687955184,1.67497582,9.595218626,0.5827654197876142,-1.2119566674914477,0.06230825429619756,1756822332.266119
4.721038989799999,1.4979069475999998,9.5521478192,0.6194173864393725,-1.1679743005280203,0.1759291886010284,1756822332.274112
5.0703910894,1.4404792051999997,9.858429112,0.6438519436074157,-1.0946705243041361,0.3249803241746367,1756822332.282086
5.391029317799999,1.4141581565999999,10.3633146806,0.7391469033130135,-0.9590584414241766,0.47647486834115943,1756822332.290118
5.575276658,1.4452648504,11.0213408956,0.7513642255302664,-0.7770205829878756,0.594982742004867,1756822332.298122
5.587240771,1.4045868661999998,11.483155657400001,0.7586946432952276,-0.5681046540708617,0.6585127267774605,1756822332.306075
5.460421173199999,1.4811571894,11.653046062,0.7428121471020792,-0.29565879274113194,0.6585127267774605,1756822332.314120
5.1828537516,1.7132609816,11.356336059599998,0.77335540901198,-0.030543261909900768,0.6206390994624761,1756822332.322088
4.7353959254,2.0602202586,10.5571333112,0.813672479826464,0.1710422666954443,0.653625822325169,1756822332.330086
4.354937132,2.2899312282,9.8010013696,0.8747590036462655,0.3152064454568834,0.6377433261320204,1756822332.338082
4.048655839199999,2.4358934068,9.2985086236,0.9187413007965226,0.3885102914939378,0.6927211626632569,1756822332.346126
3.8620156764,2.5531417142,9.2434737038,0.9028588220566666,0.38973202197033374,0.6927211626632569,1756822332.354086
3.6705898684,2.7349962317999994,9.308079914,0.8796459779117272,0.34697143784318024,0.7489207820307667,1756822332.362115
3.5892338999999995,2.8091737323999997,9.028119669799999,0.935845527466067,0.2981022362406315,0.7880161921820248,1756822332.370119
3.457628657,2.931207685,8.482556117,0.9419542147546323,0.20280725908174108,0.8356636633081775,1756822332.378085
3.4217363179999998,3.0293134116,8.2241312762,0.9969320512858685,0.029321531433504737,0.8723155601467658,1756822332.386112
3.3834511563999996,3.086741154,8.4251283746,0.9798278246163241,-0.1551597705022959,0.8991936306274786,1756822332.394084
3.5676984966,3.1824540579999994,8.685946037999999,0.9957103208094725,-0.32009338481576005,0.8930849433389134,1756822332.402569
3.7040893847999996,3.2135607518,8.5591264402,0.8991936306274786,-0.4789183642005365,0.9578367109477806,1756822332.410087
3.9026936606,3.4193434953999997,7.987241838799999,0.7623598172711231,-0.6389650566084165,1.0152579909785164,1756822332.418096
4.048655839199999,3.7447673689999994,7.3531438497999995,0.5632177496185702,-0.8283332455432163,0.9822712855691161,1756822332.426088
4.1156548719999995,3.2997023654,7.006184572799999,0.30421088862261164,-0.9700540331650334,0.9896017033340774,1756822332.434072
4.618147618,4.077369710399999,6.0825550492,0.0916297857297023,-1.1056660462318226,0.8356636633081775,1756822332.442114
5.635097223,3.9553357578,6.1758751306,0.13805554383275148,-1.255938912281827,0.9627236154000721,1756822332.450096
6.2117674696,3.912264951,6.8075802969999994,0.05253441048502932,-1.3341297151310507,1.0152579909785164,1756822332.458080
6.8075802969999994,3.6873396266,7.563712238599999,-0.039095375244672985,-1.314581992602129,0.9798278246163241,1756822332.466100
7.1282185253999995,3.493520996,8.0422767586,-0.19058995431778078,-1.1826351360579428,0.9627236154000721,1756822332.474082
7.2813591718,3.2159535744,8.315058534999999,-0.3726277953007894,-0.9236282052488142,0.8796459779117272,1756822332.482096
7.334001268999999,2.8259234905999997,8.4969130526,-0.4471533718142397,-0.5473352708787143,0.7562511997957281,1756822332.490072
7.2311098972,2.3473589705999998,8.7529450708,-0.5607743061190706,-0.14905111812031574,0.700051580428218,1756822332.498133
6.975077879,1.8592231602,8.7673020064,-0.5668829410477582,0.2590068609959585,0.5351179486614615,1756822332.506102
6.6209401342,1.2394821068,8.520841278599999,-0.5302310093025848,0.634078152156125,0.4386012235728825,1756822332.514087
6.221338759999999,0.334995164,8.5495551498,-0.4447098934081552,0.9700540331650334,0.318871654339364,1756822332.522069
6.0011990808,0.0669990328,8.6333039408,-0.2797762965479835,1.1887437709866304,0.20525072003453315,1756822332.530065
5.766702466,-0.3565305674,9.0113699116,-0.14538592669112765,1.464854841198841,0.17226399717184032,1756822332.538080
5.5489556094,-0.2823530668,9.4492564474,-0.03298672286269283,1.6823228485440418,0.15271630954950383,1756822332.546077
5.3455656884,-0.1339980656,10.0570333878,0.03298672286269283,1.824043636165859,0.24190263432641407,1756822332.554080
5.072783911999999,0.0981057266,10.6791672638,0.06597344572538566,1.9511035882577537,0.2700024352835228,1756822332.562106
4.721038989799999,0.1531406464,11.279765736399998,0.05375614096142535,1.971873041263071,0.37995817815916555,1756822332.570071
4.1156548719999995,-0.3278166962,11.755937433799998,-0.04276056667386108,1.9425515098295665,0.41905355340383854,1756822332.578068
3.6083764807999996,-1.2658031554,11.9258278384,-0.12217304763960307,1.9071212212943265,0.47647486834115943,1756822332.586099
3.1537401868,-2.0267207421999998,11.7463661434,-0.16126842288427606,1.8325957145940461,0.5497787143782138,1756822332.594086
2.8857440556,-2.4023938904,11.399406866399998,-0.1514945790731078,1.6701055961399591,0.5791002458117185,1756822332.602089
2.644068973,-2.3784656643999997,10.9016997656,-0.06475171524898962,1.4318681357894405,0.6914994321868608,1756822332.610100
2.5316063108,-1.8903298539999998,10.413563955199999,-0.03665191429188092,1.2034044668902126,0.7061601979036133,1756822332.618079
2.4741785684,-1.4285150921999998,10.2029955664,0.040317105721069016,0.9749409376173249,0.8197811671150291,1756822332.626118
2.6225335696,-1.0121639597999998,10.200602743800001,0.09529497715889039,0.7941248096574199,0.7806857744170635,1756822332.634121
2.7349962317999994,-0.681954441,10.3322079868,0.18081611050661253,0.653625822325169,0.8503244290249299,1756822332.642081
2.8211378453999996,-0.29910282499999996,10.540383553,0.2736676267127109,0.6206390994624761,0.8173377236155296,1756822332.650130
2.7972096194,0.11964113,10.6193466988,0.33597588100890846,0.6194173864393725,0.8759807341226615,1756822332.658113
2.5579273594,0.7609175867999999,10.506884036599999,0.32986722862692824,0.6829473537586737,0.8759807341226615,1756822332.666117
2.3593230835999996,1.256231865,10.198209921199998,0.26633724385433466,0.8246680715673207,0.8625416814290127,1756822332.674120
2.1846470337999997,1.5002997702,9.7914300792,0.20769418098732523,0.9590584414241766,0.8405505677604691,1756822332.682094
2.1487546948,1.3495519463999999,9.3966143502,0.19181168479417682,1.1276572471668287,0.8173377236155296,1756822332.690151
2.0051853387999996,1.2514462198,9.068797653999999,0.22113321622768156,1.2583823557813265,0.7977899836333155,1756822332.698449
1.8496518698,1.1916256548,8.836693861799999,0.28099800957108706,1.3695598814932428,0.813672479826464,1756822332.706104
1.6175480776,1.1150553316,8.583054666199999,0.3335324375094089,1.4611896672229452,0.8258898020437168,1756822332.714101
1.2921242039999998,1.0432706536,8.3007015994,0.3885102914939378,1.5247196519955388,0.8356636633081775,1756822332.722131
0.9092725879999999,0.9236295236,8.2097743406,0.5167920089688135,1.596801697743027,0.9016370915802706,1756822332.730144
0.5024927459999999,0.9284151688,8.391628858199999,0.55710909723659,1.7018705885262557,0.9700540331650334,1756822332.738098
-0.0669990328,1.0743773474,8.7888374098,0.613308681697515,1.7568484948706622,1.0030407385744338,1756822332.746108
-0.7154539573999998,1.3902299305999999,9.245866526399999,0.6230825604152682,1.8008307222077493,1.0910052805150705,1756822332.754086
-1.4883356571999997,1.7395820301999998,9.571290399999999,0.5632177496185702,1.842369523498629,1.1252137862140368,1756822332.762096
-2.2468604213999996,1.9836499354,9.367900479,0.5302310093025848,1.8692475939793418,1.126435516690433,1756822332.770109
-2.9527430883999997,1.9669001771999999,8.7912302324,0.4508185457901353,1.8264870971186509,1.0714576103460265,1756822332.778081
-3.5318061576,1.8041882403999998,8.303094422,0.5143485131094364,1.672549057092751,0.9883799728576813,1756822332.786108
-4.017549145399999,1.8113667082,8.1020973236,0.5106833391335408,1.5173892865904552,0.972497476664533,1756822332.794143
-4.4721854394,2.0434705004,8.4873417622,0.44104470197896706,1.319468879601128,0.8454374722127607,1756822332.802123
-4.8957150396,2.3712871966,9.2315095908,0.277332818141899,1.1288789601899325,0.7489207820307667,1756822332.810111
-5.1397829448,2.4837498588,9.750752095,0.06597344572538566,0.9505062931828194,0.5815437067645106,1756822332.818075
-5.424528834199999,2.5555345367999998,10.009176935799998,-0.13194689145077132,0.7220426940967616,0.3848450826114571,1756822332.826111
-5.424528834199999,2.6057838114,10.080961613800001,-0.318871654339364,0.42394049276271517,0.2357939819444339,1756822332.834090
-5.1110690735999995,2.6464617955999996,10.073783145999998,-0.4288273972150068,-0.059864793343405505,0.14905111812031574,1756822332.842139
-4.6253260858,2.4358934068,9.8440721764,-0.5363396791378575,-0.6023130899566581,0.13683381335635544,1756822332.850084
-3.8548372086,2.045863323,9.633503787599999,-0.5900958375525753,-1.2144001284442394,0.16004669240788003,1756822332.858108
-3.038884702,1.5290136414,9.5521478192,-0.5937610115284709,-1.787391756780563,0.14172073526193954,1756822332.866116
-2.1535403399999997,1.0935199281999999,9.8560362894,-0.5363396791378575,-2.280970834337974,0.16493361431346412,1756822332.874113
-1.2346964615999998,0.5431707302,10.449456294199999,-0.4276056667386107,-2.675589795667185,0.08185594191853406,1756822332.882083
-0.26321048599999997,0.057427742399999995,10.9998054922,-0.4251622232391112,-3.0103438240266494,-0.039095375244672985,1756822332.890094
0.7513462964,-0.4331008906,11.282158558999999,-0.4288273972150068,-3.2314770053477457,-0.17226399717184032,1756822332.898134
1.686939933,-0.8446663778,11.248659042599998,-0.37140608227768585,-3.369532618993668,-0.3347541505325124,1756822332.906105
2.464607278,-0.9738787981999999,10.8347007328,-0.31642817593327943,-3.371976062493167,-0.4789183642005365,1756822332.914085
3.4193434953999997,-0.9140582331999999,10.3872429066,-0.18570303241219668,-3.258355215454799,-0.5277875658030853,1756822332.922135
4.206582130799999,-0.7776673449999999,10.191031453399999,-0.09896016858807849,-3.1264083763639055,-0.6023130899566581,1756822332.930089
4.9196432655999995,-0.562313311,10.217352501999999,-0.048869219055841226,-2.9077186385423084,-0.7098253718795088,1756822332.938085
5.838487143999999,-0.5790630692,10.719845248,0.026878070480712675,-2.6364943331560493,-0.71715578964447,1756822332.946099
6.802794651799999,-0.1292124204,10.6456677474,0.11606439525762292,-2.3799309854727606,-0.7330382858376184,1756822332.954083
7.470392157199999,-0.0741775006,10.274780244399999,0.09896016858807849,-2.0916025057768346,-0.7037167544041136,1756822332.962098
7.8221370794,0.24167508259999998,9.667003304,0.059864793343405505,-1.8154914355646241,-0.6157521426503069,1756822332.970090
8.0183485326,0.3565305674,9.260223461999999,-0.01710422666954443,-1.4831808507046587,-0.4789183642005365,1756822332.978083
8.0015987744,0.3756731482,8.970691927399999,-0.09529497715889039,-1.1362093081417235,-0.4386012235728825,1756822332.986114
7.960920790199999,0.45702911659999995,8.702695796199999,-0.1111774733520388,-0.7159340591680741,-0.3848450826114571,1756822332.994125
7.8508509506,0.5288137946,8.324629825399999,-0.12461650859239512,-0.30543261909900765,-0.3420845333908886,1756822333.002105
7.5349983674,0.7298108929999999,7.8221370794,-0.06963863715457375,0.003665191429188092,-0.2724458962363148,1756822333.010086
7.022934330999999,0.9188438783999999,7.4249285278,-0.06963863715457375,0.26878070480712674,-0.20525072003453315,1756822333.018143
6.4917277138,0.9547362173999999,7.140182638399999,-0.012217304763960306,0.39828413530510604,-0.13683381335635544,1756822333.026112
5.9892349678,0.8781658942,7.1330041706,-0.058643062867009474,0.42394049276271517,-0.1075122819228507,1756822333.034161
5.5968120614,0.7609175867999999,7.188039090399999,-0.040317105721069016,0.40805796166298175,-0.06597344572538566,1756822333.042062
5.3048877041999996,0.6149554081999999,7.3005017526,-0.04276056667386108,0.35674531656093345,0.028099800957108706,1756822333.050173
4.9674997176,0.5359922624,7.2789663492,-0.05497787143782138,0.2516764781375823,0.11972958668681101,1756822333.058082
4.6995035864,0.5168496816,7.274180703999999,-0.003665191429188092,0.12461650859239512,0.26389378290154264,1756822333.066088
4.5415772948,0.47856452,7.4871419154,0.048869219055841226,-0.079412480965742,0.34452799434368064,1756822333.074138
4.4841495524,0.49531427819999996,7.8747791766,0.08307767239493008,-0.29688050576423547,0.5204571829447091,1756822333.082083
4.390829471,0.4881358104,8.1978102276,0.16982053621904827,-0.47036625086576433,0.6328563518665589,1756822333.090082
4.429114632599999,0.46660040699999994,8.3892360356,0.13805554383275148,-0.6499606483492734,0.8002334271328151,1756822333.098140
4.486542375,0.3397808092,8.4969130526,0.23335052099164186,-0.795346540133816,0.8234463410909246,1756822333.106084
4.721038989799999,0.44027935839999993,8.4562350684,0.2528982086139784,-0.8552113334772214,0.8454374722127607,1756822333.114099
4.8789652814,0.5144568589999999,8.410771439,0.24434609527920614,-0.8161159233259635,0.917519587773419,1756822333.122065
5.022534637399999,0.6723831506,8.219345631,0.23701571242082994,-0.6902777017104648,0.8466591852358643,1756822333.130089
4.9842494758,0.8590233133999999,7.477570624999999,0.20158552860534507,-0.4935791299172889,0.8051204013982768,1756822333.138106
4.9555356046,0.8877371845999998,6.5228344075999996,0.18692476288859272,-0.23701571242082994,0.7318165553612224,1756822333.146120
5.0201418148,0.8853443619999999,6.1782679532,0.24190263432641407,0.012217304763960306,0.6976081194754261,1756822333.154421
5.2187460906,0.7992027483999999,6.496513359,0.2736676267127109,0.24801128670839426,0.6866125277345693,1756822333.162090
5.4628139957999995,0.2081755662,7.5780691741999995,0.31642817593327943,0.49480084294039245,0.7586946432952276,1756822333.170136
5.7284173044,-0.4283152454,9.166903380599999,0.2858849140233787,0.6853907972581733,0.8429940112599686,1756822333.178105
5.917450289799999,-0.8159525066,11.093125573599998,0.2797762965479835,0.8564330639536175,0.9199630312729187,1756822333.186071
5.8049876276,-0.6436692794,12.969098492,0.2907718533822553,1.1044443332087193,0.9957103208094725,1756822333.194111
5.180460929,-0.15553346899999998,14.024333258599999,0.22968532956245377,1.464854841198841,1.0910052805150705,1756822333.202240
4.3884366484,0.406779842,14.076975355799998,0.21013764194011728,1.8301522710945464,1.11421819447318,1756822333.210124
3.4791640603999996,0.6652046828,13.414163495599999,0.13439035240356337,2.191784509561064,1.0739010712988184,1756822333.218088
2.644068973,0.550349198,12.638888973199998,0.1514945790731078,2.38237442897226,0.9663887893759677,1756822333.226202
1.7970097725999998,0.6436692794,11.8660072734,0.17837264955382048,2.4837780236065456,0.917519587773419,1756822333.234100
0.969093153,0.7298108929999999,11.519047996400001,0.2565634000431664,2.4324652912380342,0.9053022655561662,1756822333.242084
0.38045879339999994,0.8829515394,11.5022982382,0.32009338481576005,2.252871033380866,0.8454374722127607,1756822333.250138
-0.275174599,1.0097711372,11.7702943694,0.3103195584578843,1.9608773797090442,0.8075638448977763,1756822333.258082
-0.7704888771999999,1.3806586401999998,11.593225496999999,0.28466318354698267,1.6016886021953187,0.813672479826464,1756822333.266079
-1.4045868661999998,1.8017954178,10.928020814199998,0.18081611050661253,1.2901473481676236,0.7745771394883759,1756822333.274237
-1.7132609816,1.9836499354,9.6454679006,0.03665191429188092,1.0311405569848349,0.7672467217234148,1756822333.282151
-1.8472590472,1.9310078382,8.293523131599999,-0.08307767239493008,0.8210028975914251,0.7684684521998107,1756822333.290084
-1.7778671918,1.7515461431999997,7.5206414318,-0.1710422666954443,0.6389650566084165,0.7464773210779748,1756822333.298100
-1.5457633995999998,1.4500504955999998,7.470392157199999,-0.1282817000215832,0.5009095127756651,0.7684684521998107,1756822333.306106
-1.2705888006000001,1.2131610581999999,8.408378616399999,-0.09285151620609834,0.38362336958835364,0.7806857744170635,1756822333.314093
-1.184447187,1.184447187,9.6358966102,-0.04153883619746504,0.30909779307490326,0.7513642255302664,1756822333.322105
-1.2251251712,1.232303639,10.313065405999998,-0.023212879051524585,0.2565634000431664,0.6866125277345693,1756822333.330096
-1.4452648504,1.2993026717999998,9.8608219346,-0.039095375244672985,0.32131511529215606,0.5864305937635097,1756822333.338100
-1.6175480776,0.7776673449999999,8.1882389372,0.010995574287564275,0.30421088862261164,0.4422664324553631,1756822333.346106
-1.8951154991999999,0.6412764568,5.7092747236,0.23701571242082994,0.29688050576423547,0.34452799434368064,1756822333.354116
-2.0003996936,0.36370903520000003,4.2664026958,0.4288273972150068,0.2223549467040776,0.20525072003453315,1756822333.362094
-2.0793628394,0.2225325018,4.4602213264,0.596204472481263,0.11239920382843482,0.09773843811168245,1756822333.370092
-2.0602202586,0.0334995164,6.4055861002,0.6096435077216193,0.019547687622336492,-0.08429940287132612,1756822333.378123
-1.8831513862,-0.19142580799999998,9.5401837062,0.6230825604152682,-0.06841690667817772,-0.24556782575560218,1756822333.386086
-1.6414763036,-0.4139583098,13.337593172399998,0.5668829410477582,-0.13194689145077132,-0.49113563405791183,1756822333.394112
-1.5337992865999999,-0.36849468039999994,15.804593273,0.44837510229063576,-0.2541199390903744,-0.735481729337118,1756822333.402193
-1.5816557386,-0.2919243572,15.613167465,0.3176499413162605,-0.48624874705891274,-1.0348057309607304,1756822333.410157
-1.2993026717999998,-0.30149564759999997,14.608181972999999,0.13805554383275148,-0.8625416814290127,-1.255938912281827,1756822333.418108
-0.4019941968,-0.45942193919999996,13.5481615612,-0.02199114857512855,-1.3316862716315512,-1.4257595008607529,1756822333.426079
0.8087740388,-0.8015955709999999,12.586246875999999,-0.0024434609527920616,-1.8411477930222333,-1.472185189150632,1756822333.434076
2.1942183242,-0.969093153,11.9593273548,0.10629055144645466,-2.3774875245199683,-1.4453071186699191,1756822333.442096
3.4815568829999997,-0.8207381518,11.353943237,0.31398473243377983,-2.8564059236270896,-1.284038730692228,1756822333.450108
4.8311088294,-0.6269195211999999,10.911271056,0.4398229889558636,-3.2913419383174918,-1.2119566674914477,1756822333.458120
5.7810594016,-0.36370903520000003,10.5834543598,0.4850270165825167,-3.616322157772373,-1.0213666782670816,1756822333.466080
6.6616181184,-0.0789631458,10.186245808199999,0.47525315531805595,-3.792251381279987,-0.8979719176043751,1756822333.474080
7.4488567537999995,0.22731814699999997,9.7914300792,0.33597588100890846,-3.764151562869585,-0.7012732934513216,1756822333.482088
8.0949188558,0.5240281494,9.387043059799998,0.18081611050661253,-3.5222489285431715,-0.5448917750193372,1756822333.490069
8.6907316832,0.8949156524,8.757730716,0.025656340004316644,-3.0921998008517684,-0.4105014400690663,1756822333.498065
8.9635134596,1.2466605746,7.8508509506,-0.1514945790731078,-2.5106562337135983,-0.18936822384138474,1756822333.506111
9.0735832992,1.746760498,6.608976021199999,-0.2504547476611863,-1.8765779593844256,-0.04153883619746504,1756822333.514133
8.9204426528,1.9453647737999997,5.5345986738,-0.3262020546510327,-1.19118721448613,0.08185594191853406,1756822333.522061
8.5806618436,2.1990039693999996,4.6301117309999995,-0.3860668479944382,-0.5595525756426746,0.3249803241746367,1756822333.530076
8.0542408716,2.4382862293999996,4.4315074552,-0.44837510229063576,-0.04276056667386108,0.49113563405791183,1756822333.538105
7.704888772,2.5531417142,4.6683968926,-0.4801400772236401,0.32864549815053223,0.613308681697515,1756822333.546056
7.310073042999999,2.5818555854,4.8957150396,-0.45937065912490754,0.5681046540708617,0.6670648575655254,1756822333.554068
6.824330055199999,2.4693929231999996,4.9076791526,-0.3860668479944382,0.7122688851921785,0.71715578964447,1756822333.562071
6.510870294599999,2.3234307446,5.1876393968,-0.17715091907742445,0.8100073058505682,0.8075638448977763,1756822333.570101
6.1782679532,2.4263221163999997,5.7355957722,0.05497787143782138,0.8234463410909246,0.8148942103028599,1756822333.578073
5.941378515799999,2.4047867129999996,6.364908115999999,0.2736676267127109,0.7709118956993103,0.9468411192069238,1756822333.586080
5.527420206,2.428714939,6.7812592484,0.31642817593327943,0.7330382858376184,1.1032226027323233,1756822333.594074
5.0512485086,2.3162522768,6.7740807806,0.2907718533822553,0.7061601979036133,1.1789699620820473,1756822333.602091
4.682753828199999,1.8113667082,6.4869420685999994,0.27611108766550296,0.6902777017104648,1.2571606427582231,1756822333.610078
4.6133619728,1.040877831,6.484549246,0.33597588100890846,0.698829849951822,1.1887437709866304,1756822333.618094
4.778466732199999,0.23688943739999999,7.0851477186,0.5021312257987686,0.755029399506162,1.0653489928706312,1756822333.626125
5.374279559599999,-0.2775674216,8.626125472999998,0.8210028975914251,0.7843509483929592,0.9053022655561662,1756822333.634116
6.436692794,-0.5335994398,11.4065853342,1.0787880281109876,0.7843509483929592,0.8930849433389134,1756822333.642083
7.6737820781999995,-0.1698904046,14.560325521,1.1826351360579428,0.6633996137764597,0.9773843811168246,1756822333.650111
8.614161359999999,0.3445664544,16.4817620688,1.0848966630396752,0.5119050696099369,1.1288789601899325,1756822333.658111
8.9898345082,0.215354034,17.362320785599998,0.8796459779117272,0.4886921905584123,1.3316862716315512,1756822333.666096
8.169096356399999,-0.11246266220000001,17.807385789199998,0.5082398956340413,0.7220426940967616,1.4062117783318313,1756822333.674124
6.7932233614,-0.490528633,17.635102562,-0.003665191429188092,1.323134071030316,1.1716394745039158,1756822333.682153
5.4532427054,-1.1748758966,16.551153924199998,-0.3494149162492648,2.0635028269927735,0.9285151795142759,1756822333.690135
4.091726646,-1.7419748528,15.0412828636,-0.6059783337457239,2.714684996378933,0.6194173864393725,1756822333.698095
2.5986053435999996,-2.021935097,12.985848250199998,-0.7318165553612224,3.1288518198634048,0.4789183642005365,1756822333.706094
0.969093153,-2.1942183242,10.803594039,-0.7403686337894095,3.2595768237581475,0.26878070480712674,1756822333.714131
-0.3924229064,-2.0075781614,8.583054666199999,-0.718377520120866,3.1545081773210137,0.11239920382843482,1756822333.722080
-1.5002997702,-1.5816557386,6.3314085996,-0.6817256232822776,2.7989844341568433,0.06841690667817772,1756822333.730106
-2.3186450994,-0.9308079913999999,4.465006971599999,-0.6560692658246685,2.315179148050723,-0.05497787143782138,1756822333.738174
-2.5938196984,-0.3206382284,3.1034909122000003,-0.6169738556734105,1.7739526342737442,-0.079412480965742,1756822333.746087
-2.5435704238,0.203389921,2.4119651807999998,-0.6035348902462242,1.2705997478117494,-0.11484266478122689,1756822333.754089
-2.2564317118,0.7345965381999999,2.2875384056,-0.594982742004867,0.8246680715673207,-0.10140362954087054,1756822333.762132
-1.8376877567999998,0.9403792818,2.3856441322,-0.5729916283363234,0.4263839362622147,-0.09040805525330627,1756822333.770093
-1.4691930763999999,0.8949156524,2.3282163898,-0.5607743061190706,0.14416419621473162,-0.0879645943005142,1756822333.778108
-0.9978070242,0.6867400862,2.2325034857999997,-0.4227187273797341,-0.11606439525762292,-0.07208209810736581,1756822333.786134
-0.5718846014,0.4139583098,2.069791549,-0.2528982086139784,-0.30543261909900765,-0.07208209810736581,1756822333.794085
-0.2679961312,0.1339980656,1.9046867896,0.006108652381980153,-0.41661010990433894,-0.009773843811168246,1756822333.802393
0.0741775006,-0.09332008139999999,2.285145583,0.32009338481576005,-0.47647486834115943,0.004886921905584123,1756822333.810095
0.2321037922,-0.1698904046,3.4887353508,0.6267477343911637,-0.4508185457901353,0.058643062867009474,1756822333.818086
0.2679961312,0.3206382284,5.994020612999999,0.9260717185614837,-0.35552358608453744,0.10140362954087054,1756822333.826088
0.15074782379999999,1.1581261384,9.6167540294,1.0653489928706312,-0.13805554383275148,0.08063421144213803,1756822333.834100
0.23928226,1.8089738855999997,12.705888005999999,1.075122784321922,0.2223549467040776,0.05742133239061344,1756822333.842075
0.1411765334,1.9980068709999999,14.964712540399999,1.0555751316061706,0.6279694648675597,-0.048869219055841226,1756822333.850088
0.215354034,2.0386848551999996,16.51047594,0.9834929985922196,0.9236282052488142,-0.20769418098732523,1756822333.858108
-0.3445664544,1.8975083218,17.532211190199998,0.8625416814290127,1.1068877767082188,-0.29321529688175485,1756822333.866110
-1.8879370314,0.9882357338,17.4173557054,0.8833111518876227,1.133765864642224,-0.4422664324553631,1756822333.874135
-3.254238736,-0.6245266986,16.862220862199997,0.9272934490378798,1.1459832566726469,-0.7464773210779748,1756822333.882143
-3.2111679292,-1.1509476706,17.9724905486,0.9798278246163241,0.9065239960325623,-0.8735372731698694,1756822333.890111
-2.8139593776,-1.567298803,19.2335080588,0.9834929985922196,0.33108894165003183,-0.8943067436284794,1756822333.898082
-2.1702900981999997,-1.4548361408000001,19.5158611256,1.0286970436721654,-0.6475171175833112,-0.7782423134642716,1756822333.906354
-1.0719845248,-1.375872995,18.843477975,0.9089675093452318,-1.8044958961836448,-0.6805039102591741,1756822333.914134
0.44267218099999994,-1.3351950108,17.4508552218,0.7855726614160627,-3.078760695798242,-0.5510004448546099,1756822333.922073
2.4119651807999998,-1.0313065406,15.986447790599998,0.7318165553612224,-4.191757229608196,-0.5277875658030853,1756822333.930088
4.5415772948,-0.3565305674,14.225330356999999,0.5888741245294717,-5.071403329692971,-0.35552358608453744,1756822333.938135
6.3074803736,0.7872386353999999,12.100503888199999,0.4129449010218584,-5.740911386411901,-0.22357667718047364,1756822333.946089
7.4847490928,2.2707886474,9.8010013696,0.158824961931484,-5.980370577238815,-0.03298672286269283,1756822333.954109
8.530412569,3.2709884942,7.5900332872,-0.22479840765686965,-5.767789596518954,0.2345722514680379,1756822333.962127
9.1453679772,3.5844482548,5.5704910128,-0.5729916283363234,-5.121494191958745,0.4276056667386107,1756822333.970091
9.477970318599999,3.3308090592,3.7686955949999996,-0.8833111518876227,-4.184426881656405,0.5302310093025848,1756822333.978108
9.3702933016,2.7972096194,2.237289131,-1.097113985256928,-3.1483994202192784,0.6120869686744114,1756822333.986123
8.965906282199999,2.2707886474,0.9643075078,-1.1643091265521246,-2.160019517174767,0.6902777017104648,1756822333.994088
8.489734584799999,1.9334006607999998,0.0430708068,-1.154535335100834,-1.1459832566726469,0.7122688851921785,1756822334.002110
7.640282561799999,1.746760498,-0.5216353268,-1.11421819447318,-0.2577851305195625,0.8429940112599686,1756822334.010099
6.735795619,1.6007983193999997,-0.7585247641999999,-1.0983356982800316,0.519235452468313,0.8906414998394138,1756822334.018115
5.599204884,1.5002997702,-0.8829515394,-1.1178834382622458,1.2082914935155518,0.9309586230137754,1756822334.026087
4.3812581806,1.0911271056,-0.5742774239999999,-1.077566315087884,1.7715091907742444,0.9089675093452318,1756822334.034082
3.6155549486,0.44027935839999993,-0.18424734019999997,-1.0250318696962697,2.266310138434392,0.7782423134642716,1756822334.042137
2.931207685,-0.23449661479999998,0.107677017,-0.8100073058505682,2.637716185805493,0.6511823613723768,1756822334.050086
2.524427843,-1.0600204117999998,0.6269195211999999,-0.41905355340383854,2.8612928106260886,0.4043927876870862,1756822334.058139
2.2444675987999996,-1.8927226766,1.4021940436,0.16859880574265224,2.9761355103139007,0.24434609527920614,1756822334.066109
2.261217357,-2.6249263922,2.895315346,0.8674286556944744,3.023782929080176,0.07086036763096977,1756822334.074117
2.4622144554000003,-2.7206392962,5.740381417399999,1.651779586634141,3.016452581128385,-0.13439035240356337,1756822334.082084
2.9671000239999996,-1.9214365477999997,10.825129442399998,2.300518452147141,2.9541442046591397,-0.2797762965479835,1756822334.090118
3.8380874503999998,0.4761716974,17.2474653008,2.393370090526287,2.6914723616735032,-0.3616322035599326,1756822334.098082
4.5798624564,2.7948167968,20.2456720186,2.152689029596636,2.3383920620088325,-0.21624629432209744,1756822334.106101
4.8023949582,4.2137605985999995,21.946968887199997,1.748296276816135,1.755626624767926,-0.13072516097437528,1756822334.114082
5.292923591199999,4.1108692268,21.487546948000002,1.2302825548242178,1.075122784321922,0.023212879051524585,1756822334.122071
4.5894337468,2.9048866363999997,18.3457708742,0.9590584414241766,0.6230825604152682,0.16126842288427606,1756822334.130118
3.9672998708,2.368894374,19.456040560599998,0.43249260609748735,0.6206390994624761,0.0879645943005142,1756822334.138100
4.103690759,1.3423734786,20.630916457199998,-0.10262536001726658,0.7293731118617228,-0.048869219055841226,1756822334.146090
4.5008993105999995,-0.2129612114,19.8293208862,-0.5033529562751646,0.7611381042480195,-0.058643062867009474,1756822334.154137
4.4171505196,-1.7252250945999998,18.350556519399998,-0.8442157417363647,0.6560692658246685,0.03665191429188092,1756822334.162144
3.9649070481999997,-2.931207685,16.0749822268,-1.1068877767082188,0.5461135404023182,0.12950343049797924,1756822334.170254
3.4911281733999995,-3.6107693034,13.3112721238,-1.2596040862577227,0.538783157543942,0.24678955623199822,1756822334.178103
2.8618158295999994,-3.5653056739999998,10.698309844599999,-1.3219123405539202,0.4899139210348083,0.39217546546983334,1756822334.186072
2.2540388892,-3.0819555087999997,8.6691962798,-1.2082914935155518,0.43127084071450633,0.39217546546983334,1756822334.194216
1.5457633995999998,-2.1391834043999998,6.8697936846,-1.0946705243041361,0.4276056667386107,0.4227187273797341,1756822334.202081
0.8685946038,-1.4069796888,5.3096733494,-0.8833111518876227,0.42027528388023455,0.4007275788046055,1756822334.210106
0.18664016279999998,-0.6843472636,3.9912280968,-0.7745771394883759,0.43004911023811027,0.2919935838586513,1756822334.218112
-0.1962114532,-0.0646062102,2.9024938138,-0.6878342582109652,0.44348816293175913,0.21746802479849348,1756822334.226089
-0.48095734259999995,0.4761716974,1.5337992865999999,-0.577878532788615,0.4422664324553631,0.1392772743091475,1756822334.234114
-0.6556333924,0.9595218625999999,0.22013967919999997,-0.4850270165825167,0.41905355340383854,0.09407324668249435,1756822334.242129
-0.8997012976000001,1.2370892842,-0.8709874264,-0.3616322035599326,0.38362336958835364,0.04153883619746504,1756822334.250091
-1.0265208954,1.5002997702,-1.67497582,-0.2309070600388498,0.377514699753081,-0.035430183815484885,1756822334.258105
-1.0576275892,1.8017954178,-1.9836499354,-0.15760323145508795,0.2919935838586513,-0.14538592669112765,1756822334.266124
-0.7274180704000001,1.7682959014,-1.5242279962,-0.07208209810736581,0.23945917337362202,-0.21746802479849348,1756822334.274125
-0.35892339,1.4380863825999999,-0.18185451760000002,0.013439035240356337,0.20525072003453315,-0.30909779307490326,1756822334.282094
0.2703889538,1.1222337993999998,2.2085752598,0.2712241657599188,0.23701571242082994,-0.32986722862692824,1756822334.290099
0.6245266986,1.2418749294,5.4723852862,0.5668829410477582,0.36529741244241315,-0.4141666314982544,1756822334.298090
1.0265208954,1.3184452526,9.2985086236,0.8173377236155296,0.5094616261104373,-0.4105014400690663,1756822334.306134
1.1437692028,1.7874384822,13.497912286599998,1.150870143671646,0.775798869964772,-0.37384952577718544,1756822334.314086
1.339980656,2.7732813933999996,18.494125875399998,1.3060299141739418,1.0164797912680825,-0.2223549467040776,1756822334.322111
1.0217352502,3.6155549486,20.238493550799998,1.4660765716752369,1.1569787786003336,-0.13683381335635544,1756822334.330077
-0.3278166962,3.7854453532,18.3792703906,1.37811195992143,1.2278390938714259,-0.1624901533606721,1756822334.338089
-1.495514125,2.8809584103999994,18.1926302278,1.2266173808483223,1.2058479103897122,-0.22846359908605773,1756822334.346116
-2.6536402634,1.0049854919999999,18.135202485399997,1.1056660462318226,1.1044443332087193,-0.4495968153137393,1756822334.354160
-2.883351233,-0.35892339,18.352949342,1.0445795224120211,0.9028588220566666,-0.5937610115284709,1756822334.362083
-2.5507488916,-0.7704888771999999,21.5162608192,0.9761626506404285,0.5607743061190706,-0.6646214140660257,1756822334.370131
-2.213360905,-1.3782658176,22.375284132599997,0.9126326833211273,0.0158824961931484,-0.6719517620178169,1756822334.378092
-1.7419748528,-1.6821542877999998,21.571295739,0.7880161921820248,-0.8845328649107262,-0.594982742004867,1756822334.386073
-1.1030912186,-2.1008982428,19.0755817672,0.5045746867515607,-2.014633555577055,-0.4850270165825167,1756822334.394247
0.15553346899999998,-2.5722842949999998,16.4602266654,0.10873401239924674,-3.227811953544898,-0.4227187273797341,1756822334.402077
1.6893327556,-2.8498517165999995,14.277972454199999,-0.14782938764391973,-4.167322724800031,-0.39706240482870997,1756822334.410084
3.2997023654,-2.7852455064,12.126824936799999,-0.40317105721069013,-4.930904010748162,-0.2577851305195625,1756822334.418195
4.654039957,-2.2157537276,9.9469635482,-0.4740314248416599,-5.488013334877555,-0.13439035240356337,1756822334.426082
5.797809159799999,-1.2011969452,7.927421273799999,-0.460592372148011,-5.76901146662169,0.028099800957108706,1756822334.434077
6.611368843799999,-0.0765703232,5.711667546199999,-0.4874704600820162,-5.750685177863191,0.2675589743307307,1756822334.442100
7.154539573999999,0.8853443619999999,3.9457644673999996,-0.4691444854827833,-5.464800159120057,0.455705485149012,1756822334.450071
7.5948189324,1.339980656,2.5196421977999996,-0.5106833391335408,-4.92601710629587,0.5619960365954666,1756822334.458110
7.8699935314,1.2993026717999998,1.4835500119999998,-0.6035348902462242,-4.25528721438079,0.6120869686744114,1756822334.466069
7.960920790199999,1.4524433181999998,0.5766702466,-0.5729916283363234,-3.473379657127453,0.6304129083670593,1756822334.474105
7.779066272599999,1.43569356,-0.2225325018,-0.6072000642221197,-2.577851252835747,0.6719517620178169,1756822334.482074
7.3220371559999995,1.5696916256,-0.9188438783999999,-0.5998696464571586,-1.673770787569147,0.7220426940967616,1756822334.490099
6.613761666399999,1.5720844482,-1.3495519463999999,-0.698829849951822,-0.8197811671150291,0.73792519028991,1756822334.498072
5.778666578999999,1.67497582,-1.4907284798,-0.8564330639536175,0.058643062867009474,0.7452556080548712,1756822334.506091
5.072783911999999,1.5122638832,-1.3351950108,-0.9480628496833198,0.8698720991939739,0.6743952055173165,1756822334.514069
4.5056849558,0.9427721043999999,-0.873380249,-0.955393267448281,1.5369369043996215,0.5998696464571586,1756822334.522076
3.7758740628,0.0263210486,-0.1962114532,-0.7538076864830584,2.11603715021134,0.40561451816348215,1756822334.530101
3.5126635768,-0.5431707302,0.29910282499999996,-0.4850270165825167,2.526538537920529,0.1832595714594046,1756822334.538103
3.3475588174,-1.2203395259999998,1.0025926693999998,0.0635299847725936,2.8087582430614266,-0.0439822971502571,1756822334.546080
3.4049865598,-2.1822542112,2.7684957482,0.7281513813853269,2.9174924474468913,-0.2577851305195625,1756822334.554170
3.9074793057999995,-2.8211378453999996,5.6685967394,1.5357151739232255,2.923600942749239,-0.5632177496185702,1756822334.562078
4.8885365718,-2.2109680824,11.2247308166,2.455678205196144,2.9040533249400724,-0.7513642255302664,1756822334.570413
6.223731582599999,0.9595218625999999,19.3914343504,2.719572162630612,2.6389377766555486,-0.7880161921820248,1756822334.578099
7.1688965096,4.560719875599999,23.330020349999998,2.3799309854727606,2.300518452147141,-0.5314527746855658,1756822334.586111
7.238288364999999,6.099304807399999,22.636101796,1.7715091907742444,1.7519614507920305,-0.34819320322616126,1756822334.594079
7.680960546,6.1543397272,20.743379119399997,1.1398744995709114,1.0152579909785164,-0.09285151620609834,1756822334.602129
7.357929495,4.962714072399999,18.4534478912,0.6951646759759265,0.4801400772236401,0.09651670763528643,1756822334.610081
6.8578295716,3.5557343836,19.4010056408,0.09651670763528643,0.3176499413162605,0.20158552860534507,1756822334.618100
6.8219372326,1.6582260617999998,20.157137582399997,-0.3494149162492648,0.41661010990433894,0.13316862192716733,1756822334.626079
6.7621166676,-0.5048855686,18.778871764799998,-0.6414085001079161,0.5314527746855658,0.158824961931484,1756822334.634083
6.381657874199999,-2.1559331626,16.783257716399998,-0.8930849433389134,0.575435071835823,0.2150245638457014,1756822334.642121
5.4987063348,-3.4049865598,14.6943235866,-1.1765265185825475,0.6438519436074157,0.33108894165003183,1756822334.650069
4.6372901988,-4.163511324,12.090932597799998,-1.390329351951853,0.8454374722127607,0.378736465136062,1756822334.658066
3.6753755135999997,-4.2017964856,9.6358966102,-1.4404202142176277,1.0018190255513302,0.4141666314982544,1756822334.666093
2.6608187312,-3.7950166436,7.633104094,-1.37811195992143,1.1068877767082188,0.40317105721069013,1756822334.674129
1.5625131578,-3.0939196217999996,5.86241537,-1.2119566674914477,1.1496484306485424,0.2993239667170275,1756822334.682088
0.5527420206,-2.3641087288,4.2329031794,-1.0042624690508297,1.1203268817617453,0.20525072003453315,1756822334.690073
-0.2679961312,-1.6414763036,2.9766713143999994,-0.7770205829878756,1.077566315087884,0.01710422666954443,1756822334.698223
-0.7441678285999999,-1.0025926693999998,1.8783657409999999,-0.5729916283363234,0.9749409376173249,-0.11850785621041497,1756822334.706083
-1.0313065406,-0.47138605219999996,0.8470592003999999,-0.36529741244241315,0.8564330639536175,-0.2272418686096617,1756822334.714132
-1.1748758966,-0.0765703232,-0.057427742399999995,-0.14905111812031574,0.6731734924942129,-0.29321529688175485,1756822334.722123
-1.2179467034,0.23928226,-0.7968099258,0.05253441048502932,0.5241223918271897,-0.32131511529215606,1756822334.730091
-1.1916256548,0.7393821834,-1.4644074311999997,0.19058995431778078,0.46792275500638725,-0.26633724385433466,1756822334.738109
-1.0049854919999999,1.3184452526,-1.627119368,0.21868975527488949,0.3640756994193097,-0.2797762965479835,1756822334.746140
-0.7561319416,1.9525432416,-1.1437692028,0.19792033717615698,0.2577851305195625,-0.3262020546510327,1756822334.754083
-0.275174599,2.3138594541999997,0.2440679052,0.08552113334772216,0.2040289895581371,-0.3750712562535814,1756822334.762109
0.11964113,2.2516460665999998,2.7684957482,0.05375614096142535,0.22357667718047364,-0.3225368457685521,1756822334.770264
0.7154539573999998,2.27318147,5.8289158536,0.03665191429188092,0.2724458962363148,-0.377514699753081,1756822334.778086
0.6604190376,2.4526431649999996,9.2147598326,0.15393804002589986,0.4227187273797341,-0.44837510229063576,1756822334.786084
1.0671988796,2.8785655878,12.763315748399998,0.3237585587916556,0.5888741245294717,-0.40683623118658574,1756822334.794129
1.5912270289999997,3.3188449462,16.8119715876,0.5363396791378575,0.7281513813853269,-0.3262020546510327,1756822334.802082
1.6965112234,3.5940195451999997,20.3126710514,0.8759807341226615,0.9162978572970231,-0.14905111812031574,1756822334.810085
0.8422735552,3.8093735792,20.2480648412,0.8564330639536175,1.0140362605021205,-0.07452555906015787,1756822334.818115
-0.014356935599999999,2.7445675222,19.2789716882,0.7623598172711231,1.0091493735031214,-0.04642575810304917,1756822334.826120
-0.5288137946,0.6867400862,19.3196496724,0.9859365293581818,0.9529497366823189,-0.15271630954950383,1756822334.834092
-0.031106693799999998,-0.9475577495999999,19.018154024799998,1.2815952697394364,0.6560692658246685,-0.1356120828799594,1756822334.842091
-0.0741775006,-1.2370892842,22.01396792,1.3610078030650556,0.3274237676741362,-0.07086036763096977,1756822334.850135
-0.346959277,-1.0097711372,23.624337529800002,1.2522737383059315,-0.079412480965742,-0.04642575810304917,1756822334.858069
-0.3517449222,-0.9044869427999999,22.5858525214,1.0091493735031214,-0.8063421318746727,-0.003665191429188092,1756822334.866119
0.05503491979999999,-0.8566304908,19.953747661399998,0.5473352708787143,-1.7250833628580253,0.025656340004316644,1756822334.874128
0.8709874264,-1.2418749294,17.1756806228,-0.009773843811168246,-2.701246153124794,0.035430183815484885,1756822334.882094
2.0075781614,-1.4883356571999997,14.660824070199999,-0.46792275500638725,-3.51736202409088,-0.0012217304763960308,1756822334.890087
3.3188449462,-1.4668002538,12.064611549199999,-0.8393288372840731,-4.118453453384312,0.03787364476827695,1756822334.898134
4.462614149,-1.31605243,9.628718142399999,-0.9883799728576813,-4.515515858213022,0.025656340004316644,1756822334.906085
5.292923591199999,-0.7298108929999999,7.156932396599999,-1.0152579909785164,-4.702440481475275,0.06597344572538566,1756822334.914086
6.0083775485999995,0.047856451999999994,4.4195433422,-0.9957103208094725,-4.654793324508387,0.1795943800302165,1756822334.922106
6.403193277599999,0.5527420206,2.333002035,-0.9529497366823189,-4.404338472127446,0.36041049053682905,1756822334.930090
6.4558353747999995,0.7728816997999999,0.8877371845999998,-0.935845527466067,-3.9901716486429732,0.4520402762665313,1756822334.938093
6.515655939799999,0.5479563754,0.2105683888,-0.9089675093452318,-3.480710005079244,0.5277875658030853,1756822334.946125
6.4438712618,0.39720855159999996,-0.179461695,-0.8662069252180783,-2.8502971665253547,0.5412266010434417,1756822334.954104
6.2715880346,0.09571290399999999,-0.5694917787999999,-0.7709118956993103,-2.156354343198872,0.5253441048502933,1756822334.962109
5.833701498799999,0.0,-1.0719845248,-0.6524040918487729,-1.5222761910427467,0.6059783337457239,1756822334.970117
5.2019963324,-0.11006983959999998,-1.4739787215999998,-0.6157521426503069,-0.801455157609211,0.5827654197876142,1756822334.978125
4.5487557626,0.0382851616,-1.6606188843999998,-0.5705481150236538,-0.13439035240356337,0.498466016916288,1756822334.986088
3.9625142255999997,0.0669990328,-1.6319050132,-0.5082398956340413,0.5290092788261888,0.4361577800733829,1756822334.994093
3.4145578501999996,0.031106693799999998,-1.3974083984,-0.4874704600820162,1.089783567491967,0.3640756994193097,1756822335.002123
3.1585258319999996,-0.39720855159999996,-0.873380249,-0.34697143784318024,1.5992451412425266,0.2724458962363148,1756822335.010071
2.727817764,-0.7968099258,-0.1890329854,-0.12950343049797924,2.0402899304879565,0.09896016858807849,1756822335.018118
2.8163522002,-1.5936198516,0.6556333924,0.24434609527920614,2.344500819110568,-0.07819075048934597,1756822335.026066
3.134597606,-2.4693929231999996,2.368894374,0.7819074874401671,2.5729643483834557,-0.2858849140233787,1756822335.034237
3.7710884175999997,-3.0987052669999997,5.170889638599999,1.492954659609242,2.737897910337042,-0.5277875658030853,1756822335.042088
4.8215375389999995,-2.6464617955999996,10.4542419394,2.321287905152458,2.806314782108635,-0.7525859560066623,1756822335.050235
6.9535424756,-0.3445664544,19.518253948199998,2.54852984357529,2.6316074287037576,-0.8759807341226615,1756822335.058080
7.877171999199999,3.7686955949999996,24.665215360799998,2.2064452054646466,2.3469442626100676,-0.7244861375962612,1756822335.066108
7.310073042999999,5.467599641,24.5192531822,1.6004668717189225,1.971873041263071,-0.5082398956340413,1756822335.074177
6.963113765999999,5.8169517405999995,22.667208489799997,0.8943067436284794,1.4135421262836225,-0.3616322035599326,1756822335.082081
7.295716107399999,4.307080679999999,19.257436284799997,0.5155702784924174,0.7721336959888764,-0.11850785621041497,1756822335.090088
6.915257314,3.1250263156,18.2715933736,0.17837264955382048,0.33719761148530447,0.07819075048934597,1756822335.098100
6.886543442799999,1.8807585636,19.633109432999998,-0.12950343049797924,0.059864793343405505,0.2504547476611863,1756822335.106085
6.6472611827999994,0.0789631458,18.9966186214,-0.2675589743307307,-0.059864793343405505,0.3249803241746367,1756822335.114114
6.388836341999999,-1.0025926693999998,17.4125700602,-0.455705485149012,-0.158824961931484,0.44837510229063576,1756822335.122116
6.0131631938000005,-1.6462619487999999,15.957733919399999,-0.6927211626632569,-0.15271630954950383,0.5338962181850654,1756822335.130110
5.1828537516,-2.093719775,13.624731884399997,-1.0445795224120211,0.0012217304763960308,0.575435071835823,1756822335.138082
4.4458643908,-2.2803599377999997,10.9423777498,-1.2632692602336182,0.2357939819444339,0.635299882632521,1756822335.146094
3.6466616424,-1.938186306,8.4610207136,-1.296255983096311,0.4654793115068877,0.6389650566084165,1756822335.154184
2.7445675222,-1.5266208188,6.123233033399999,-1.2632692602336182,0.6756169359937125,0.5913175680289714,1756822335.162087
1.7276179172,-1.1174481541999999,4.1252261624,-1.1068877767082188,0.8405505677604691,0.5473352708787143,1756822335.170084
0.7728816997999999,-0.7848458128,2.63210486,-0.9761626506404285,0.9822712855691161,0.4129449010218584,1756822335.178214
0.0191425808,-0.44985064880000003,1.4213366244,-0.813672479826464,1.0714576103460265,0.277332818141899,1756822335.186093
-0.5527420206,-0.15553346899999998,0.2009970984,-0.6267477343911637,1.1032226027323233,0.20525072003453315,1756822335.194091
-0.9044869427999999,0.0646062102,-0.861416136,-0.4386012235728825,1.1459832566726469,0.06841690667817772,1756822335.202139
-1.1916256548,0.3182454058,-1.7778671918,-0.21380283336930536,1.1276572471668287,0.048869219055841226,1756822335.210083
-1.4596217859999998,0.8518448456,-2.4454646972,-0.04276056667386108,1.1093312900208885,-0.010995574287564275,1756822335.218109
-1.5170495283999998,1.5074782379999998,-2.6464617955999996,0.04276056667386108,1.0360274614371265,-0.09040805525330627,1756822335.226093
-1.399801221,2.0099709839999997,-2.1104695332,0.06963863715457375,0.9297368925373795,-0.158824961931484,1756822335.234085
-1.0911271056,2.213360905,-0.7106683122,-0.0012217304763960308,0.8271115150668203,-0.3225368457685521,1756822335.242113
-0.7034898444,1.9046867896,1.7850456595999997,0.11239920382843482,0.7819074874401671,-0.35552358608453744,1756822335.250108
-0.4019941968,1.4644074311999997,4.9076791526,0.19914206765255302,0.8210028975914251,-0.4361577800733829,1756822335.258104
0.18185451760000002,1.339980656,8.618947005199999,0.3335324375094089,0.8478809855254303,-0.4459316064312587,1756822335.266088
0.5407779076,1.7395820301999998,12.7968152648,0.5803219762881145,0.8075638448977763,-0.4789183642005365,1756822335.274183
1.3112667848,2.285145583,17.10868159,0.8503244290249299,0.6658431445424218,-0.3616322035599326,1756822335.282112
1.4452648504,2.3641087288,20.8462704912,1.2522737383059315,0.6194173864393725,-0.2309070600388498,1756822335.290092
0.5240281494,2.99102825,20.5017040368,1.2229522068724266,0.6560692658246685,-0.19181168479417682,1756822335.298096
-0.0502492746,2.1655044529999996,20.126030888600003,0.972497476664533,0.6670648575655254,-0.1111774733520388,1756822335.306117
-0.430708068,0.10289137179999999,20.193029921399997,1.075122784321922,0.6817256232822776,-0.2516764781375823,1756822335.314077
-0.22013967919999997,-0.7489534737999999,19.027725315199998,1.2522737383059315,0.5143485131094364,-0.2675589743307307,1756822335.322099
0.39960137419999997,-1.399801221,20.7864499262,1.3109168186262334,0.12461650859239512,-0.20769418098732523,1756822335.330085
0.5982056499999999,-1.686939933,22.607387924799998,1.122770342714537,-0.3420845333908886,-0.09773843811168245,1756822335.338096
1.0336993632,-2.4670001006,22.3824626004,0.8991936306274786,-1.010371086526225,0.11850785621041497,1756822335.346067
1.6534404165999999,-2.9048866363999997,20.7409862968,0.6585127267774605,-1.8802432555333688,0.1759291886010284,1756822335.354126
2.4358934068,-3.3044880105999996,18.5611249082,0.23701571242082994,-2.860070957976645,0.2565634000431664,1756822335.362082
3.3116664784,-3.2350961552,16.213765937599998,-0.14782938764391973,-3.628539410176456,0.24434609527920614,1756822335.370119
4.2448672923999995,-2.6225335696,13.674981159,-0.4776966337241405,-4.20886138646457,0.24923301718479024,1756822335.378103
5.0177489922,-1.6845471104,10.8418792006,-0.6194173864393725,-4.564384867829353,0.33108894165003183,1756822335.386147
5.565705367600001,-0.41156548719999997,7.9633136127999995,-0.6487388480597073,-4.74642311023809,0.3457497073667842,1756822335.394088
5.898307709,0.7872386353999999,4.9962135888,-0.7073819283800092,-4.69633172437354,0.4801400772236401,1756822335.402118
6.0801622266,1.5337992865999999,2.7326034091999998,-0.6853907972581733,-4.393342810573419,0.5717698280467574,1756822335.410091
6.1375899689999995,1.9573288867999998,1.0265208954,-0.6927211626632569,-3.9156462815690336,0.6084217946985158,1756822335.418109
6.0705909361999995,1.9884355805999998,-0.023928225999999997,-0.7208209636203656,-3.391523924648429,0.6279694648675597,1756822335.426084
6.128018678599999,2.0650059038,-0.7561319416,-0.7293731118617228,-2.7769933903014703,0.6279694648675597,1756822335.434070
5.9988062582,2.0913269523999998,-1.2394821068,-0.7843509483929592,-2.117258880687736,0.614530412173911,1756822335.442063
5.8169517405999995,1.9740786449999999,-1.67497582,-0.8173377236155296,-1.4110986653308304,0.6548475353482724,1756822335.450096
5.38385085,1.9046867896,-1.8735800958,-0.8466591852358643,-0.7134906156685744,0.719599250597262,1756822335.458088
4.8191447164,1.7419748528,-1.8903298539999998,-0.8478809855254303,0.04520402762665313,0.6743952055173165,1756822335.466093
4.4123648744,1.3112667848,-1.6031911419999998,-0.7611381042480195,0.7037167544041136,0.6560692658246685,1756822335.474088
3.9026936606,0.705882667,-1.0959127508,-0.6230825604152682,1.2644909907100141,0.5106833391335408,1756822335.482111
3.505485109,-0.0693918554,-0.4474578262,-0.3677408733952052,1.727526945983865,0.2858849140233787,1756822335.490100
3.4241291405999994,-0.8063812161999999,0.3565305674,0.006108652381980153,2.014633555577055,0.06230825429619756,1756822335.498121
3.4217363179999998,-1.67497582,1.6079767872,0.5338962181850654,2.218662597495069,-0.18936822384138474,1756822335.506069
3.5676984966,-2.4382862293999996,3.7710884175999997,1.2632692602336182,2.398256994978578,-0.4459316064312587,1756822335.514069
4.2448672923999995,-3.1178478478,7.539784012599999,2.1429152381453456,2.5192081725154454,-0.7916813661579204,1756822335.522097
5.6087761744,-2.1008982428,14.165509791999998,2.9969049807725106,2.54852984357529,-1.0030407385744338,1756822335.530086
7.7407811109999995,1.6558332392,22.4709970366,2.9736920668144013,2.2565360677304214,-1.038470904936626,1756822335.538103
8.5998044244,5.412564721199999,23.8396915638,2.4031438819775772,1.877799672407529,-0.6707300315414209,1756822335.546145
8.645268053799999,6.6903319896,23.8971193062,1.569923609809022,1.3671164379937433,-0.44348816293175913,1756822335.554080
9.437292334399999,5.778666578999999,21.6454732396,0.8698720991939739,0.7257079378858273,-0.15638150097869194,1756822335.562111
8.662017811999998,3.7902309983999998,18.017954178,0.39217546546983334,0.37995817815916555,0.1942551457469689,1756822335.570128
8.2600236152,1.9764714676,18.7884430552,-0.10873401239924674,0.36041049053682905,0.34697143784318024,1756822335.578122
8.0662049846,-0.3493520996,19.0085827344,-0.4471533718142397,0.4422664324553631,0.3420845333908886,1756822335.586079
7.7096744172,-2.5794627627999995,17.9078843384,-0.575435071835823,0.5839871502640102,0.32131511529215606,1756822335.594081
7.1856462678,-3.840480273,16.409977390799998,-0.7880161921820248,0.6633996137764597,0.3677408733952052,1756822335.602116
6.0203416616,-4.3812581806,14.4909336656,-1.038470904936626,0.8002334271328151,0.4288273972150068,1756822335.610127
4.845465764999999,-4.307080679999999,11.7990082406,-1.2424999294013483,0.9566149804713845,0.3677408733952052,1756822335.618105
3.7328032559999995,-3.852444386,9.2386880586,-1.3048081836975458,1.11421819447318,0.35552358608453744,1756822335.626092
2.5914268758,-3.2087751065999996,7.092326186399999,-1.2217304763960306,1.1948523884620255,0.19914206765255302,1756822335.634123
1.6079767872,-2.4454646972,5.2737810104,-1.0482447662010868,1.225395650371926,0.14294246573833558,1756822335.642079
0.7585247641999999,-1.6414763036,3.8117664017999995,-0.8637634817185786,1.209513223991948,0.019547687622336492,1756822335.650072
0.1651047594,-0.8949156524,2.6584259086,-0.6230825604152682,1.1105530204972844,-0.08552113334772216,1756822335.658092
-0.1890329854,-0.2225325018,1.6534404165999999,-0.4740314248416599,0.9822712855691161,-0.12095131716320703,1756822335.666054
-0.48095734259999995,0.28713871199999996,0.6915257314,-0.32009338481576005,0.8503244290249299,-0.16615534478986016,1756822335.674120
-0.6843472636,0.5335994398,-0.1483550012,-0.2272418686096617,0.7525859560066623,-0.17226399717184032,1756822335.682120
-0.7848458128,0.71784678,-1.0719845248,-0.11239920382843482,0.698829849951822,-0.1637118838370681,1756822335.690091
-0.8805587167999999,1.2634103328,-1.8017954178,-0.09773843811168245,0.6609561702769601,-0.06841690667817772,1756822335.698123
-0.7106683122,1.8329021115999997,-2.0745771942,-0.09529497715889039,0.6084217946985158,-0.09773843811168245,1756822335.706085
-0.5240281494,2.3234307446,-1.5960126742,-0.1710422666954443,0.5351179486614615,-0.1673770752662562,1756822335.714136
-0.007178467799999999,2.51246373,-0.059820565,-0.19181168479417682,0.45692719817211547,-0.14782938764391973,1756822335.722118
0.2321037922,2.2229321954,2.5339991334,-0.10506882097005864,0.4667010419832837,-0.158824961931484,1756822335.730067
0.6101697629999999,2.3617159061999997,5.9126646445999995,0.05009094953223726,0.5876523242399058,-0.1759291886010284,1756822335.738124
0.7776673449999999,2.5651058272,9.894321451,0.2272418686096617,0.7806857744170635,-0.2541199390903744,1756822335.746106
1.387837108,3.4432717213999995,14.179866727599999,0.4874704600820162,0.9028588220566666,-0.23212879051524585,1756822335.754106
1.6558332392,4.2017964856,18.7023014416,0.6524040918487729,1.0616838188947357,-0.10018189906447451,1756822335.762075
1.3830514628,4.8406801198,21.0520532348,0.860098237929513,1.2608258167341186,-0.08063421144213803,1756822335.770098
0.6867400862,4.689932295999999,19.4727903188,0.6853907972581733,1.293812522143519,-0.006108652381980153,1756822335.778095
-0.09571290399999999,3.0125636534,17.915062806199998,0.6853907972581733,1.2351694592765095,-0.039095375244672985,1756822335.786095
-0.4450650036,0.6460621019999999,18.5874459568,0.9309586230137754,1.1765265185825475,-0.13805554383275148,1756822335.794083
-0.07178467799999999,-1.0456634761999999,18.6831588608,1.150870143671646,0.937067257942463,-0.1759291886010284,1756822335.802086
-0.1220339526,-1.8400805794,21.511475174,1.2986995662221508,0.6426302305843121,-0.13439035240356337,1756822335.810094
-0.38524443859999996,-2.1320049365999996,23.071595509199998,1.2034044668902126,0.2834414705238791,-0.20891591146372127,1756822335.818121
-0.5144568589999999,-2.2325034857999997,22.0307176782,0.9932668773099729,-0.4153883445213579,-0.14049900478554353,1756822335.826077
-0.1292124204,-2.2157537276,19.7240366918,0.5705481150236538,-1.4001031434031437,-0.24801128670839426,1756822335.834173
0.6364908116,-2.5483560689999996,17.015361508599998,0.006108652381980153,-2.4740042147019623,-0.2272418686096617,1756822335.842102
1.7371892076,-2.5651058272,14.3736853582,-0.4105014400690663,-3.313332982172865,-0.2431243648028101,1756822335.850127
2.943171798,-2.2923240507999996,11.7655087242,-0.6853907972581733,-3.996280405744709,-0.20891591146372127,1756822335.858136
4.0701912426,-1.6893327556,9.248259349,-0.7342600163140145,-4.4849725963031215,-0.11972958668681101,1756822335.866085
4.8646083458,-0.8087740388,6.671189408799999,-0.6817256232822776,-4.748866291938201,0.01832595714594046,1756822335.874482
5.4771709314,-0.083748791,4.474578262,-0.6304129083670593,-4.818504772013142,0.19914206765255302,1756822335.882081
5.86241537,0.3924229064,2.787638329,-0.5766568023122189,-4.692666672570692,0.35430182070155636,1756822335.890099
6.0801622266,0.6197410534,1.4739787215999998,-0.5729916283363234,-4.387234053471683,0.5253441048502933,1756822335.898107
6.226124405199999,0.6604190376,0.5575276658,-0.5338962181850654,-3.951076447931226,0.6010913769335546,1756822335.906090
6.3003019058,0.45224347139999993,0.0646062102,-0.5216788959678126,-3.3463197050355578,0.659734439800564,1756822335.914118
6.1423756142,0.3541377448,-0.44027935839999993,-0.48136180770003606,-2.712241552879433,0.7330382858376184,1756822335.922143
5.678168029799999,0.2560320182,-0.9164510557999999,-0.4520402762665313,-2.0158552860534504,0.73792519028991,1756822335.930068
5.137390122199999,0.346959277,-1.2849457362,-0.460592372148011,-1.2815952697394364,0.7073819283800092,1756822335.938117
4.4841495524,0.44027935839999993,-1.423729447,-0.5497787143782138,-0.5595525756426746,0.6450736740838118,1756822335.946082
4.0342989036,0.5192425042,-1.3328021881999998,-0.55710909723659,0.13316862192716733,0.5363396791378575,1756822335.954114
3.7016965622,0.2919243572,-1.0049854919999999,-0.5644394800949663,0.7709118956993103,0.4092797270459628,1756822335.962082
3.409772205,-0.45463629399999994,-0.346959277,-0.4251622232391112,1.352455602463821,0.24678955623199822,1756822335.970104
3.2470602682,-0.9523433948,0.2009970984,-0.2309070600388498,1.824043636165859,0.004886921905584123,1756822335.978114
3.3188449462,-1.722832272,1.0839486378,0.1514945790731078,2.1282545247884705,-0.1954768762233649,1756822335.986116
3.457628657,-2.4861426814,2.6967110702,0.679282109969608,2.3066272092488758,-0.4886921905584123,1756822335.994098
4.0271204358,-3.3116664784,5.6877393201999995,1.332908002107947,2.3591615150141503,-0.8271115150668203,1756822336.002129
5.3383872206,-3.1322047833999997,11.2749800912,2.1221457676867352,2.375044081020469,-1.0677924363701308,1756822336.010119
7.5565337708,-0.4618147618,20.003996935999997,2.475226067351406,2.2088886664174385,-1.1472049696957503,1756822336.018090
8.4394853102,3.4384860762,23.988046564999998,2.199114857512855,1.9645425711382323,-0.9651670588995717,1756822336.026133
8.336593938399998,4.8789652814,23.595623658599997,1.6982054145503602,1.5711453402854179,-0.8271115150668203,1756822336.034108
8.618947005199999,5.3383872206,22.061824372,1.0739010712988184,0.9089675093452318,-0.6365215956556246,1756822336.042078
8.618947005199999,4.1324046302,18.520446923999998,0.6695083185183173,0.27611108766550296,-0.31642817593327943,1756822336.050075
8.0949188558,2.5507488916,17.3503566726,0.3860668479944382,-0.06597344572538566,-0.08552113334772216,1756822336.058078
8.315058534999999,1.0911271056,18.9248339434,0.11606439525762292,-0.19669860669976094,0.06841690667817772,1756822336.066110
8.398807326,-0.47856452,18.843477975,-0.11239920382843482,-0.24801128670839426,0.16615534478986016,1756822336.074144
8.1427753078,-1.4069796888,17.7858503858,-0.3726277953007894,-0.1759291886010284,0.26389378290154264,1756822336.082111
7.4727849798,-1.8855442087999998,16.2640152122,-0.7073819283800092,-0.030543261909900768,0.4227187273797341,1756822336.090096
6.4438712618,-1.9405791286,13.7060878528,-1.1276572471668287,0.24068090385001803,0.44837510229063576,1756822336.098070
5.2474599618,-1.7300107398,10.8466648458,-1.341460080536134,0.4960225734167885,0.49113563405791183,1756822336.106118
4.127618985,-1.3615160593999998,8.458627890999999,-1.4306464053130443,0.7391469033130135,0.4251622232391112,1756822336.114092
2.9623143788,-0.9212367009999999,6.3361942448,-1.3939945259277484,0.9382889709655666,0.359188760060433,1756822336.122105
1.8879370314,-0.6484549246,4.677968183,-1.2327259983237175,1.0848966630396752,0.2858849140233787,1756822336.130075
0.8925228297999999,-0.38763726119999997,3.4025937371999997,-1.0983356982800316,1.160643952576229,0.14905111812031574,1756822336.138114
0.11964113,-0.028713871199999998,2.141576227,-0.896750187127979,1.1801916925584433,0.007330382858376184,1756822336.146112
-0.5144568589999999,0.30149564759999997,0.83748791,-0.6462954045602076,1.1533136046244379,-0.10384709049366261,1756822336.154182
-0.9308079913999999,0.4378865357999999,-0.3206382284,-0.41905355340383854,1.0616838188947357,-0.2223549467040776,1756822336.162080
-1.0935199281999999,0.37088750299999995,-1.2658031554,-0.1392772743091475,0.9957103208094725,-0.3127630019573839,1756822336.170099
-1.1270194446,0.44027935839999993,-1.9118652573999997,0.058643062867009474,0.9260717185614837,-0.3152064454568834,1756822336.178229
-0.9451649269999999,1.0025926693999998,-2.0147566292,0.17837264955382048,0.860098237929513,-0.3420845333908886,1756822336.186080
-0.5790630692,1.6965112234,-1.3950155757999998,0.20769418098732523,0.7586946432952276,-0.36529741244241315,1756822336.194095
-0.22971096959999998,2.3066809864,0.1004985492,0.10995574287564276,0.6511823613723768,-0.378736465136062,1756822336.202108
0.1722832272,2.6584259086,2.63210486,0.01710422666954443,0.5742133588127195,-0.35796702958403703,1756822336.210087
0.6077769404,2.9982067178,5.6542398037999995,-0.08185594191853406,0.558330827712986,-0.31642817593327943,1756822336.218109
0.849452023,3.2805597846,8.85344362,-0.1514945790731078,0.5839871502640102,-0.33597588100890846,1756822336.226129
1.2514462198,3.7016965622,11.808579531,-0.06963863715457375,0.613308681697515,-0.3677408733952052,1756822336.234087
1.986042758,3.9314075318,15.8117717408,0.12583823906879116,0.5913175680289714,-0.3249803241746367,1756822336.242109
2.261217357,4.0582271296,19.7096797562,0.48380525119953566,0.6695083185183173,-0.11606439525762292,1756822336.250081
1.9310078382,4.2113677759999995,19.3268281402,0.6524040918487729,0.7159340591680741,-0.003665191429188092,1756822336.258080
1.2729816232,3.1417760737999996,17.6398882072,0.613308681697515,0.6646214140660257,0.08674286382411818,1756822336.266112
0.8662017812,1.2753744458,17.6614236106,0.8173377236155296,0.6377433261320204,-0.003665191429188092,1756822336.274126
1.1796615417999998,-0.2967100024,17.833706837799998,1.1044443332087193,0.5681046540708617,-0.019547687622336492,1756822336.282098
1.7682959014,-1.351944769,20.207386856999996,1.3646729770409514,0.2919935838586513,-0.0158824961931484,1756822336.290093
1.5529418674,-1.3136596073999998,22.588245344,1.4110986653308304,0.0158824961931484,-0.02199114857512855,1756822336.298110
1.31605243,-1.0073783146,22.265214293,1.3060299141739418,-0.48624874705891274,0.0757472895365539,1756822336.306109
1.351944769,-0.6963113766,20.202601211799998,0.9786061115932205,-1.3170254361016285,0.07819075048934597,1756822336.314112
1.8137595307999999,-0.8159525066,17.7021015948,0.37995817815916555,-2.2699751902372403,0.10506882097005864,1756822336.322075
2.6967110702,-1.0911271056,15.132210122399998,-0.18692476288859272,-3.1312952808161967,0.1270599695451872,1756822336.330127
3.8859439023999998,-1.112662509,12.622139214999999,-0.7098253718795088,-3.839898800046262,0.14172073526193954,1756822336.338111
4.8885365718,-0.9762716208,10.078568791199999,-1.0005972950749342,-4.3444735391577,0.19914206765255302,1756822336.346088
5.7332029496,-0.7010970218,7.542176835199999,-1.0946705243041361,-4.607145643942725,0.26145032194875056,1756822336.354131
6.4079789228,-0.2775674216,5.2857451234,-1.1105530204972844,-4.670675349462638,0.3420845333908886,1756822336.362081
6.951149653,0.2081755662,3.3236305913999997,-1.0555751316061706,-4.460538091494956,0.4263839362622147,1756822336.370122
7.214360138999999,0.15553346899999998,1.9190437251999999,-0.9761626506404285,-4.094018948576147,0.49113563405791183,1756822336.378137
7.348358204599999,0.0693918554,1.0336993632,-0.9272934490378798,-3.5821138440596245,0.5436700619962336,1756822336.386072
7.252645300599999,-0.15074782379999999,0.4043870194,-0.8918632128625174,-2.9614745526109307,0.5229006264442086,1756822336.394167
6.960720943399999,-0.2225325018,-0.09571290399999999,-0.917519587773419,-2.2797489816885306,0.4691444854827833,1756822336.402077
6.5659052144,-0.13160524299999998,-0.7537391189999999,-0.8613199509526166,-1.5650367053567305,0.518013721991917,1756822336.410102
5.9653067418,0.062213387599999996,-1.3208380752,-0.8808676909348307,-0.8710938296703699,0.47525315531805595,1756822336.418084
5.331208752799999,0.047856451999999994,-1.6079767872,-0.8442157417363647,-0.14782938764391973,0.5082398956340413,1756822336.426100
4.721038989799999,-0.1052841944,-1.5074782379999998,-0.7880161921820248,0.5119050696099369,0.44348816293175913,1756822336.434077
4.3764725354,-0.4378865357999999,-1.1341979124,-0.6560692658246685,1.1105530204972844,0.2919935838586513,1756822336.442059
3.9864424515999994,-1.1700902514,-0.3445664544,-0.44837510229063576,1.6859880225199373,0.11972958668681101,1756822336.450084
3.888336725,-1.7706887239999998,0.3038884702,-0.09896016858807849,2.1294762552648665,-0.06230825429619756,1756822336.458071
3.9266218865999996,-2.5004996169999996,1.184447187,0.3860668479944382,2.456900057845588,-0.28955012290585924,1756822336.466055
3.984049629,-2.9048866363999997,2.189432679,0.9590584414241766,2.6438246811078403,-0.5302310093025848,1756822336.474086
4.199403663,-3.2494530907999994,3.8117664017999995,1.494176390085638,2.6865851954218236,-0.775798869964772,1756822336.482088
4.881358103999999,-3.0915267991999995,6.594619085599999,2.156354343198872,2.6572637861613666,-0.9859365293581818,1756822336.490112
6.3074803736,-1.8496518698,11.464013076599999,2.6499334382095756,2.5424210864735546,-1.1044443332087193,1756822336.498099
8.243273857,1.3591232368,18.5515536178,2.608394514745648,2.214997423519174,-0.9053022655561662,1756822336.506071
8.6955173284,4.5296131818,22.7102792966,2.0476202784397475,1.8558086285521556,-0.6914994321868608,1756822336.514070
8.7146599092,4.9483571368,22.119252114400002,1.3280209580293152,1.3842205948501176,-0.38117990863556156,1756822336.522119
9.020941202,4.240081647199999,21.064017347799997,0.7880161921820248,0.877202447145765,-0.158824961931484,1756822336.530055
9.5066841898,2.8211378453999996,19.4871472544,0.32009338481576005,0.4361577800733829,0.2565634000431664,1756822336.538099
8.8127656358,1.1772687192,18.5252325692,-0.029321531433504737,0.1942551457469689,0.4850270165825167,1756822336.546098
8.338986761,-0.4354937132,18.5539464404,-0.3225368457685521,0.19303341527057286,0.5241223918271897,1756822336.554087
8.181060469399998,-2.213360905,18.0873460334,-0.5876523242399058,0.2981022362406315,0.6291911778906633,1756822336.562103
7.3866433661999995,-3.2614172037999998,16.9316127176,-0.7452556080548712,0.48258353817643207,0.698829849951822,1756822336.570078
6.2404813408,-3.7136606752,15.290136414000001,-0.9761626506404285,0.7880161921820248,0.7037167544041136,1756822336.578099
4.8622155232,-3.3092736557999998,12.5934253438,-1.154535335100834,1.0714576103460265,0.698829849951822,1756822336.586131
3.3092736557999998,-2.321037922,9.7698946758,-1.2034044668902126,1.2913690786440193,0.55710909723659,1756822336.594096
1.9405791286,-1.2825529136,7.1497539288,-1.116661655425972,1.4086552218313309,0.3909537524467298,1756822336.602112
0.825523797,-0.5096712137999999,4.9363930238,-0.935845527466067,1.4440853881935232,0.2565634000431664,1756822336.610095
-0.1363908882,0.1268195978,3.4337004309999997,-0.7684684521998107,1.4025466043559356,0.05253441048502932,1756822336.618118
-0.7322037155999999,0.5766702466,2.3114666315999997,-0.6206390994624761,1.2669344342095137,-0.10506882097005864,1756822336.626073
-1.2538390423999999,0.9020941201999999,1.3495519463999999,-0.4874704600820162,1.1032226027323233,-0.23212879051524585,1756822336.634093
-1.5936198516,1.0863414604,0.5000999234,-0.35674531656093345,0.9517280236592153,-0.28099800957108706,1756822336.642113
-1.8424734019999998,1.2299108163999999,-0.38763726119999997,-0.21868975527488949,0.8075638448977763,-0.4263839362622147,1756822336.650101
-1.8185451759999998,1.3495519463999999,-1.3543375916,-0.11239920382843482,0.6707300315414209,-0.4398229889558636,1756822336.658100
-1.686939933,1.5529418674,-1.8903298539999998,-0.04276056667386108,0.5534438883541094,-0.47647486834115943,1756822336.666073
-1.3064811396,1.9357934833999997,-1.8137595307999999,0.029321531433504737,0.42027528388023455,-0.5204571829447091,1756822336.674129
-0.7752745223999999,2.2707886474,-1.0313065406,-0.025656340004316644,0.278554548618295,-0.5106833391335408,1756822336.682095
-0.2703889538,2.4526431649999996,0.7417750059999999,0.004886921905584123,0.1282817000215832,-0.5057964172279568,1756822336.690121
0.23449661479999998,2.4478575198,3.0317062341999996,-0.04276056667386108,0.024434609527920613,-0.42394049276271517,1756822336.698069
0.3780659708,2.6177479243999997,5.7930235146,0.04642575810304917,0.048869219055841226,-0.4422664324553631,1756822336.706073
0.7417750059999999,3.0604201054,9.121439751199999,0.10995574287564276,0.06597344572538566,-0.417831840380735,1756822336.714166
1.4093725114,3.5844482548,12.227323486,0.21135937241651329,0.06475171524898962,-0.4850270165825167,1756822336.722080
2.2037896146,3.9170505961999997,16.6372955378,0.4544837546726159,0.035430183815484885,-0.4227187273797341,1756822336.730092
2.7302105865999997,4.1347974528,20.6189523442,0.8576547769767211,0.16004669240788003,-0.3640756994193097,1756822336.738161
2.6416761504,4.2759739862,20.4610260526,0.9126326833211273,0.26633724385433466,-0.3127630019573839,1756822336.746114
2.2181465501999997,3.2015966387999995,18.494125875399998,0.9040805350797702,0.2797762965479835,-0.2553416695667704,1756822336.754105
1.7706887239999998,1.6725829974,18.563517730799997,1.1117747509736804,0.3347541505325124,-0.3347541505325124,1756822336.762080
2.0171494518,0.38045879339999994,17.1230385256,1.3316862716315512,0.26878070480712674,-0.3249803241746367,1756822336.770097
2.2899312282,-0.4618147618,18.6975157964,1.3756685164219304,-0.003665191429188092,-0.2577851305195625,1756822336.778098
2.2061824372,-0.6795616184,20.958733153399997,1.2144001284442394,-0.19058995431778078,-0.15271630954950383,1756822336.786090
2.4119651807999998,-0.8685946038,21.135802025799997,0.9896017033340774,-0.6206390994624761,-0.04642575810304917,1756822336.794149
2.5507488916,-1.1557333157999998,19.836499353999997,0.7049384674272172,-1.3622295335414518,0.05497787143782138,1756822336.802084
2.7852455064,-1.5002997702,17.915062806199998,0.2797762965479835,-2.1856758746323766,0.12461650859239512,1756822336.810082
3.4217363179999998,-1.519442351,15.747165530599998,-0.2431243648028101,-2.9321531433504737,0.07086036763096977,1756822336.818124
4.2089749534,-1.3710873497999998,13.3112721238,-0.5644394800949663,-3.5833354523629732,0.03665191429188092,1756822336.826084
5.0775695571999995,-1.0528419439999999,10.6791672638,-0.7880161921820248,-4.046371268010484,0.025656340004316644,1756822336.834116
5.9389856932,-0.4019941968,8.207381518,-0.8784242474353311,-4.328590990604674,0.047647488579445195,1756822336.842119
6.644868360199999,0.45224347139999993,5.7475598852,-0.9101892398216279,-4.3811255581693365,0.15027284859671178,1756822336.850112
7.2454668328,1.1796615417999998,3.7471601916,-0.9162978572970231,-4.222300491518097,0.23212879051524585,1756822336.858100
7.6115686905999995,1.4333007374,2.1583259852,-0.9162978572970231,-3.865555157503871,0.38973202197033374,1756822336.866105
7.702495949399999,1.3447663012,1.1772687192,-0.9260717185614837,-3.301115729768782,0.43004911023811027,1756822336.874090
7.5804619967999995,0.9547362173999999,0.5886343596,-0.8857545953871222,-2.6633725432631024,0.4495968153137393,1756822336.882101
7.3268228012,0.7609175867999999,-0.0693918554,-0.8442157417363647,-1.9853120241435498,0.4886921905584123,1756822336.890118
6.9774707016,0.7920242806,-0.7489534737999999,-0.8564330639536175,-1.2315042853006137,0.4789183642005365,1756822336.898114
6.4223358584,0.8805587167999999,-1.2753744458,-0.8991936306274786,-0.5204571829447091,0.5473352708787143,1756822336.906116
5.6374900456,0.95712904,-1.567298803,-0.9395107712551326,0.14172073526193954,0.5827654197876142,1756822336.914092
5.0321059278,0.9954142015999999,-1.5960126742,-1.012814547479017,0.8185594540919257,0.6084217946985158,1756822336.922124
4.1300118076,0.5072783912,-1.1270194446,-0.9822712855691161,1.3866640383496172,0.5302310093025848,1756822336.930090
3.4313076083999996,-0.031106693799999998,-0.6436692794,-0.8564330639536175,1.909564804420166,0.3933972308528144,1756822336.938097
3.0245277664,-0.8039883936,-0.0646062102,-0.6389650566084165,2.224771214970464,0.20769418098732523,1756822336.946128
2.8689942973999996,-1.6486547713999997,0.7274180704000001,-0.2064724505109292,2.4544566143460886,-0.02076941809873252,1756822336.954101
2.8067809098,-2.4311077616,1.8376877567999998,0.36529741244241315,2.5925119487393298,-0.23701571242082994,1756822336.962129
3.0987052669999997,-3.1058837348,3.6897324492,1.1020008722559271,2.6352727248527006,-0.5119050696099369,1756822336.970098
3.7519458367999996,-3.3475588174,6.958328120799999,1.92911240477604,2.6511550290596313,-0.7562511997957281,1756822336.978391
5.168496815999999,-2.2827527604,12.882956878399998,2.653598472559131,2.586403453436982,-0.9285151795142759,1756822336.986115
6.9559352982,0.9092725879999999,20.097317017399998,2.783102147403205,2.266310138434392,-0.9028588220566666,1756822336.994216
7.587640464599999,3.6610185779999997,22.7653142164,2.3774875245199683,1.9278906742996438,-0.8344419328317815,1756822337.002086
7.8508509506,4.9603212498,22.444675988,1.813047974611832,1.3756685164219304,-0.7660249912470187,1756822337.010093
8.650053698999999,4.713860522,21.4349048508,1.209513223991948,0.6902777017104648,-0.5681046540708617,1756822337.018176
9.0664048314,3.3427731722,19.106688460999997,0.8466591852358643,0.14416419621473162,-0.26022859147235455,1756822337.026080
8.774480474199999,2.0841484845999996,18.855442088,0.45814892864851153,-0.08185594191853406,0.039095375244672985,1756822337.034124
8.757730716,0.8279166196,19.606788384399998,-0.12217304763960307,-0.10140362954087054,0.17837264955382048,1756822337.042103
8.4753776492,-0.5814558917999999,18.582660311599998,-0.596204472481263,-0.023212879051524585,0.2528982086139784,1756822337.050082
7.9776705484,-1.8592231602,17.264215058999998,-0.9993754947853681,0.15027284859671178,0.3616322035599326,1756822337.058084
7.2813591718,-2.6273192147999995,15.4911335124,-1.3353514456074467,0.377514699753081,0.4789183642005365,1756822337.066087
6.321837309199999,-2.5483560689999996,12.8446717168,-1.5186110170668512,0.614530412173911,0.6047566207226203,1756822337.074102
5.1780681064000005,-2.0889341298,10.234102260199998,-1.5821410018394448,0.8368853937845735,0.6475171175833112,1756822337.082097
4.168296969199999,-1.5074782379999998,7.8436724828,-1.4660765716752369,0.9993754947853681,0.6963864064523225,1756822337.090110
2.9623143788,-0.83748791,5.730810127,-1.3439035240356338,1.1594222220998331,0.6743952055173165,1756822337.098085
1.8807585636,-0.4642075844,4.0630127748,-1.1838568665343387,1.2705997478117494,0.634078152156125,1756822337.106108
0.8350950873999999,-0.1890329854,2.7086751832,-1.0286970436721654,1.3035864532211499,0.5338962181850654,1756822337.114099
0.0334995164,0.028713871199999998,1.5314064639999998,-0.896750187127979,1.3610078030650556,0.4544837546726159,1756822337.122091
-0.5742774239999999,0.2177468566,0.45224347139999993,-0.7538076864830584,1.4391984837412315,0.3506366467256608,1756822337.130071
-1.0121639597999998,0.5168496816,-0.5479563754,-0.5510004448546099,1.435533309765336,0.26022859147235455,1756822337.138083
-1.4093725114,0.7561319416,-1.3902299305999999,-0.35674531656093345,1.4135421262836225,0.17226399717184032,1756822337.146094
-1.5984054967999999,1.0217352502,-2.0291135648,-0.1637118838370681,1.3793336903978262,0.10018189906447451,1756822337.154082
-1.7180466267999999,1.5912270289999997,-2.4071795355999996,-0.05497787143782138,1.296255983096311,0.023212879051524585,1756822337.162118
-1.4021940436,1.6701901747999999,-1.8975083218,0.05375614096142535,1.1643091265521246,-0.08674286382411818,1756822337.170103
-1.2203395259999998,1.938186306,-1.0336993632,0.09285151620609834,0.9798278246163241,-0.16004669240788003,1756822337.178102
-0.9882357338,1.7994025952000001,1.136590735,0.16126842288427606,0.8894197693630179,-0.1881464933649887,1756822337.186097
-0.7776673449999999,1.6534404165999999,4.354937132,0.29321529688175485,0.860098237929513,-0.24801128670839426,1756822337.194114
-0.6364908116,1.6390834810000001,8.01595571,0.4361577800733829,0.896750187127979,-0.30909779307490326,1756822337.202106
-0.7848458128,1.9956140484,11.6099752552,0.6829473537586737,0.955393267448281,-0.43371431912059094,1756822337.210111
-0.19142580799999998,2.8307091358,15.852449725,0.9162978572970231,0.9297368925373795,-0.4141666314982544,1756822337.218092
0.48335016519999996,3.385843979,20.2600289542,1.2437216598777443,0.8210028975914251,-0.29321529688175485,1756822337.226118
-0.0646062102,4.048655839199999,20.3485633904,1.3316862716315512,0.5888741245294717,-0.21135937241651329,1756822337.234091
-0.7034898444,3.6993037396,20.0351036298,1.1936306579856295,0.4276056667386107,-0.2272418686096617,1756822337.242090
-1.7060825137999998,2.3234307446,19.338792253199998,1.2229522068724266,0.3005456797401311,-0.36896258641830876,1756822337.250092
-1.6654045296,1.0073783146,17.709280062599998,1.3316862716315512,0.08429940287132612,-0.5057964172279568,1756822337.258088
-0.6149554081999999,-0.0741775006,19.010975557,1.4440853881935232,-0.3494149162492648,-0.4520402762665313,1756822337.266133
-0.39960137419999997,-0.334995164,21.0711958156,1.332908002107947,-0.7855726614160627,-0.38117990863556156,1756822337.274203
0.26321048599999997,-1.0049854919999999,21.3367991242,1.1936306579856295,-1.3255775145298156,-0.28710667940635975,1756822337.282102
1.1174481541999999,-1.6845471104,20.2002083892,1.0286970436721654,-2.1038198978072575,-0.18936822384138474,1756822337.290084
2.2540388892,-2.1822542112,18.640088054,0.6756169359937125,-3.042108938585994,-0.18570303241219668,1756822337.298113
3.6418759971999997,-2.5890340532000002,17.0895390092,0.21380283336930536,-3.9828413006911823,-0.14416419621473162,1756822337.306104
5.0464628634,-2.5148565526,14.924034556199999,-0.21868975527488949,-4.73909250048691,-0.08552113334772216,1756822337.314126
6.2763736798,-2.0123638066,12.220145018199998,-0.5607743061190706,-5.3279664155768724,-0.0024434609527920616,1756822337.322091
7.0133630406,-1.1030912186,9.260223461999999,-0.7012732934513216,-5.672494776439696,0.08307767239493008,1756822337.330076
7.683353368599999,0.0334995164,6.3481583578,-0.7745771394883759,-5.656612210433377,0.24678955623199822,1756822337.338143
8.2408810344,0.9667003303999999,3.8668013215999997,-0.7806857744170635,-5.367062157340689,0.35674531656093345,1756822337.346102
8.6093757148,1.3686945272,2.1152551784,-0.8271115150668203,-4.808730963108559,0.4630358680073881,1756822337.354155
8.805587168,1.423729447,1.0001998468,-0.8100073058505682,-4.100127443878494,0.5436700619962336,1756822337.362083
8.7003029736,1.3351950108,0.15553346899999998,-0.7721336959888764,-3.2632421199070905,0.55710909723659,1756822337.370085
8.4370924876,1.3567304141999998,-0.5670989562,-0.7916813661579204,-2.3310617140570415,0.5668829410477582,1756822337.378101
7.9298140963999995,1.4213366244,-1.2514462198,-0.8442157417363647,-1.4025466043559356,0.5925392985053675,1756822337.386099
7.262216591,1.4572289634,-1.746760498,-0.860098237929513,-0.5253441048502933,0.653625822325169,1756822337.394098
6.515655939799999,1.4883356571999997,-1.9716858224,-0.9395107712551326,0.3420845333908886,0.659734439800564,1756822337.402135
5.761916820799999,1.3375878333999998,-1.8807585636,-0.896750187127979,1.0873401065391748,0.6927211626632569,1756822337.410090
5.1278188318,1.0695917021999999,-1.3902299305999999,-0.8527678899777219,1.7580702078937656,0.634078152156125,1756822337.418134
4.622933263199999,0.045463629400000004,-0.8111668613999999,-0.7244861375962612,2.285857738790266,0.5143485131094364,1756822337.426058
4.041477371399999,-0.215354034,-0.1387837108,-0.4251622232391112,2.6572637861613666,0.3640756994193097,1756822337.434079
3.7256247882,-0.6508477471999999,0.5551348432,-0.04520402762665313,2.8808404284352553,0.16615534478986016,1756822337.442066
3.5485559157999997,-1.3663017045999999,1.6175480776,0.5681046540708617,3.00179186777151,-0.003665191429188092,1756822337.450126
3.5341989802,-1.8424734019999998,3.3667013982,1.249830294806432,3.0127872675261487,-0.318871654339364,1756822337.458069
3.7734812401999998,-1.8807585636,6.3840506968,2.024407364481638,2.9443703957545564,-0.5241223918271897,1756822337.466092
4.2855452766,-0.6077769404,11.509476706,2.6572637861613666,2.8295276960667444,-0.7244861375962612,1756822337.474113
5.4293144793999994,2.6823541345999997,18.893727249599998,2.5179865816653892,2.5656340004316642,-0.7709118956993103,1756822337.482103
6.448656907,5.4412785924,21.784256950399996,1.8594738025280513,2.1844541616092727,-0.5436700619962336,1756822337.490100
7.166503687,6.166303840199999,21.040089121799998,1.1447613865699107,1.661553395538724,-0.3274237676741362,1756822337.498104
7.829315547199999,5.3455656884,20.193029921399997,0.5400048880203381,1.0213666782670816,-0.09040805525330627,1756822337.506058
8.003991596999999,3.4815568829999997,17.692530304399998,0.21013764194011728,0.5216788959678126,0.15271630954950383,1756822337.514071
7.2311098972,1.5625131578,16.4482625524,0.03665191429188092,0.36041049053682905,0.3225368457685521,1756822337.522081
7.235895542399999,0.011964112999999998,16.9124701368,-0.13072516097437528,0.37384952577718544,0.2858849140233787,1756822337.530077
7.2813591718,-1.8759729183999998,17.051253847599998,-0.30543261909900765,0.3848450826114571,0.2736676267127109,1756822337.538074
6.6903319896,-3.2853454297999996,16.498511826999998,-0.4447098934081552,0.47036625086576433,0.2577851305195625,1756822337.546091
5.797809159799999,-4.0749768878,15.641881336199997,-0.6829473537586737,0.6572909963010645,0.2797762965479835,1756822337.554103
4.8287160068,-4.2975093896,13.746765837,-0.9492845627064234,0.9089675093452318,0.2700024352835228,1756822337.562072
3.8548372086,-3.7974094662,11.2247308166,-1.1007791592328235,1.0861183935160712,0.2834414705238791,1756822337.570095
2.9120651042,-3.2231320422,9.2147598326,-1.1276572471668287,1.1960741189384216,0.20525072003453315,1756822337.578085
2.0434705004,-2.476571391,7.508677318799999,-1.0787880281109876,1.248608564330036,0.15027284859671178,1756822337.586086
1.2490533972,-1.7419748528,5.9629139192,-0.9590584414241766,1.2046261973666088,0.05131268000863329,1756822337.594124
0.6173482307999999,-0.993021379,4.6755753604,-0.8466591852358643,1.0873401065391748,-0.02076941809873252,1756822337.602081
0.2081755662,-0.3206382284,3.6083764807999996,-0.7098253718795088,0.9260717185614837,-0.08918632477691024,1756822337.610099
-0.0789631458,0.22013967919999997,2.4622144554000003,-0.5986479159807625,0.8051204013982768,-0.11728612573401895,1756822337.618090
-0.3493520996,0.5647061336,1.208375413,-0.5241223918271897,0.6890559886873613,-0.1392772743091475,1756822337.626082
-0.45942193919999996,0.7848458128,-0.045463629400000004,-0.43493604959698695,0.5644394800949663,-0.1466076571675237,1756822337.634094
-0.5312066172,0.9427721043999999,-1.184447187,-0.36896258641830876,0.5033529562751646,-0.0757472895365539,1756822337.642092
-0.6029912951999999,1.3375878333999998,-1.91425808,-0.26267205242514663,0.4105014400690663,-0.04153883619746504,1756822337.650109
-0.5575276658,1.8951154991999999,-2.1631116304,-0.26511551337793865,0.34452799434368064,-0.1075122819228507,1756822337.658104
-0.28713871199999996,2.1990039693999996,-1.4691930763999999,-0.1942551457469689,0.23945917337362202,-0.1392772743091475,1756822337.666119
-0.09571290399999999,2.3042881638,0.26321048599999997,-0.10629055144645466,0.16126842288427606,-0.19792033717615698,1756822337.674118
0.45463629399999994,2.3042881638,2.9359933301999996,0.01710422666954443,0.1466076571675237,-0.21868975527488949,1756822337.682180
0.6029912951999999,2.285145583,6.4941205364,0.26022859147235455,0.3225368457685521,-0.29688050576423547,1756822337.690078
0.9978070242,2.7086751832,10.394421374399998,0.4227187273797341,0.5082398956340413,-0.3750712562535814,1756822337.698120
1.5529418674,3.3810583338,14.624931731199998,0.6658431445424218,0.7134906156685744,-0.3420845333908886,1756822337.706121
2.3665015514,4.0247276132,19.917855322399998,0.9260717185614837,0.8845328649107262,-0.26389378290154264,1756822337.714090
2.5316063108,5.1062834284,21.245871865399998,1.1117747509736804,0.7623598172711231,-0.023212879051524585,1756822337.722094
1.0959127508,4.8239303615999996,18.6688019252,1.012814547479017,0.7831292179165632,-0.13316862192716733,1756822337.730078
0.1292124204,3.266202849,17.1637165098,1.126435516690433,0.8943067436284794,-0.1392772743091475,1756822337.738140
-0.4354937132,1.5337992865999999,17.1948232036,1.229060824347822,0.8808676909348307,-0.30543261909900765,1756822337.746077
0.42352960019999997,-0.0263210486,17.7332082886,1.3451252545120296,0.6096435077216193,-0.3335324375094089,1756822337.754136
0.3326023414,-0.46899322959999995,20.827127910399998,1.2864821741917278,0.30421088862261164,-0.24434609527920614,1756822337.762080
0.0526420972,-0.8039883936,21.868005741399998,1.1594222220998331,-0.09896016858807849,-0.26389378290154264,1756822337.770091
0.057427742399999995,-0.8925228297999999,20.614166699,0.8710938296703699,-0.8002334271328151,-0.27611108766550296,1756822337.778109
0.6077769404,-1.2945170266000001,18.532411037,0.39584067435231396,-1.8081610701595403,-0.26145032194875056,1756822337.786116
1.5984054967999999,-1.6893327556,16.2903362608,-0.06841690667817772,-2.7867671817527606,-0.28955012290585924,1756822337.794084
2.8211378453999996,-2.0745771942,14.160724146799998,-0.49480084294039245,-3.663969576538648,-0.2700024352835228,1756822337.802118
3.972085516,-2.1152551784,11.6578317072,-0.6524040918487729,-4.364021139513574,-0.22479840765686965,1756822337.810104
5.075176734599999,-1.8089738855999997,9.198010074399999,-0.7342600163140145,-4.894252515335301,-0.20158552860534507,1756822337.818083
5.953342628799999,-1.1653046061999999,6.783652071,-0.7024950239277177,-5.205793367937269,-0.04276056667386108,1756822337.826115
6.632904247199999,-0.346959277,4.6612184247999995,-0.6658431445424218,-5.274210501508249,0.10262536001726658,1756822337.834126
7.1832534452,0.2584248408,3.0364918794,-0.6255260039147678,-5.0286425535795996,0.2577851305195625,1756822337.842084
7.599604577599999,0.5838487144,1.7802600144,-0.55710909723659,-4.604701938643837,0.3616322035599326,1756822337.850136
7.891528934799999,0.6532405698,1.1485548479999999,-0.4776966337241405,-3.951076447931226,0.4227187273797341,1756822337.858128
7.9298140963999995,0.4761716974,0.6317051664,-0.4471533718142397,-3.1838295865814707,0.455705485149012,1756822337.866087
7.8747791766,0.4043870194,0.0669990328,-0.40805796166298175,-2.3457224099606235,0.4398229889558636,1756822337.874107
7.4344998182,0.7106683122,-0.6628118601999999,-0.4459316064312587,-1.4966198335851375,0.4654793115068877,1756822337.882103
6.788437716199999,0.8781658942,-1.1389835575999998,-0.48136180770003606,-0.6120869686744114,0.4520402762665313,1756822337.890102
6.0586268232,1.0097711372,-1.3591232368,-0.5693263845472578,0.19914206765255302,0.48380525119953566,1756822337.898088
5.2953164138,0.8925228297999999,-1.1413763802,-0.6389650566084165,0.9529497366823189,0.48624874705891274,1756822337.906093
4.7330031028,0.3780659708,-0.7034898444,-0.6169738556734105,1.596801697743027,0.35796702958403703,1756822337.914071
4.247260115,0.0,-0.0191425808,-0.5461135404023182,2.152689029596636,0.20280725908174108,1756822337.922067
3.7902309983999998,-0.7322037155999999,0.4354937132,-0.27611108766550296,2.5192081725154454,0.0012217304763960308,1756822337.930066
3.6658042231999994,-1.2825529136,1.2705888006000001,0.11606439525762292,2.759889233445096,-0.1954768762233649,1756822337.938086
3.6705898684,-1.8879370314,2.6201407469999998,0.6585127267774605,2.845410262073063,-0.40683623118658574,1756822337.946094
4.017549145399999,-2.321037922,4.893322217,1.3805554034209295,2.825862661717189,-0.6438519436074157,1756822337.954084
4.883750926599999,-2.0267207421999998,9.1094756382,2.152689029596636,2.7427848147893337,-0.8051204013982768,1756822337.962122
5.8480584343999995,0.9643075078,16.594224730999997,2.5057693292613066,2.408030786429869,-0.8943067436284794,1756822337.970084
7.077969250799999,4.3597227772,22.535603246799997,2.1184805937108395,2.0696114619214607,-0.7709118956993103,1756822337.978108
7.1234328802,5.9150574672,22.0594315494,1.5259413650186424,1.6664404221640634,-0.555887366760194,1756822337.986163
7.6785677234,6.6496540053999995,20.3222423418,0.9053022655561662,0.9847147290686157,-0.40683623118658574,1756822337.994091
8.5950187792,5.603990529199999,18.9224411208,0.43249260609748735,0.3237585587916556,-0.006108652381980153,1756822338.002091
8.238488211799998,4.1300118076,17.5657107066,0.11850785621041497,-0.03665191429188092,0.18203784098300857,1756822338.010124
8.075776274999999,2.5698914724,18.149559421,-0.22846359908605773,-0.06597344572538566,0.3616322035599326,1756822338.018113
8.25523797,0.873380249,18.0227398232,-0.5204571829447091,0.009773843811168246,0.377514699753081,1756822338.026087
8.0111700648,-0.7106683122,16.819150055399998,-0.7086036414031127,0.17715091907742445,0.45814892864851153,1756822338.034176
7.310073042999999,-2.081755662,15.555739722599998,-0.9334020839665674,0.35430182070155636,0.5766568023122189,1756822338.042096
6.403193277599999,-2.7661029256,13.844871563599998,-1.1362093081417235,0.5815437067645106,0.6609561702769601,1756822338.050086
5.388636495199999,-2.9694928466,11.4879413026,-1.275486652264041,0.8381071068076771,0.6902777017104648,1756822338.058123
4.3812581806,-2.5028924396,9.205188542199998,-1.3023647401980463,0.9957103208094725,0.6023130899566581,1756822338.066072
3.0532416376,-1.7802600144,7.334001268999999,-1.2437216598777443,1.095892254780532,0.6438519436074157,1756822338.074094
2.0027925162,-1.2107682356,5.886343596,-1.1007791592328235,1.133765864642224,0.4691444854827833,1756822338.082408
1.0552347666,-0.7704888771999999,4.689932295999999,-0.9480628496833198,1.1105530204972844,0.3518583772020568,1756822338.090125
0.31345976059999997,-0.23928226,3.6059836581999996,-0.801455157609211,1.0348057309607304,0.17348572764823636,1756822338.098094
-0.1603191142,0.19860427579999998,2.6273192147999995,-0.6670648575655254,0.990823416357181,0.06719517620178168,1756822338.106092
-0.44985064880000003,0.5694917787999999,1.7419748528,-0.5229006264442086,0.9187413007965226,-0.03787364476827695,1756822338.114123
-0.6532405698,0.7944171031999999,0.8063812161999999,-0.38973202197033374,0.8613199509526166,-0.07452555906015787,1756822338.122094
-0.7202396025999999,0.981057266,0.023928225999999997,-0.32009338481576005,0.8295549760196123,-0.11362093430483085,1756822338.130104
-0.8039883936,1.1700902514,-0.8183453291999999,-0.26267205242514663,0.7977899836333155,-0.16004669240788003,1756822338.138072
-0.9332008139999999,1.567298803,-1.6462619487999999,-0.24801128670839426,0.7916813661579204,-0.15393804002589986,1756822338.146090
-0.45942193919999996,1.4907284798,-1.3686945272,-0.1356120828799594,0.7489207820307667,-0.19792033717615698,1756822338.154092
-0.19860427579999998,1.5002997702,-0.5479563754,-0.12583823906879116,0.6365215956556246,-0.2223549467040776,1756822338.162132
0.22731814699999997,1.3830514628,1.447657673,0.03665191429188092,0.577878532788615,-0.1624901533606721,1756822338.170112
0.5359922624,1.4859428345999999,4.467399794199999,0.21013764194011728,0.5693263845472578,-0.2150245638457014,1756822338.178126
0.95712904,1.663011707,8.082954742799998,0.4691444854827833,0.6365215956556246,-0.29321529688175485,1756822338.186094
1.1724830739999998,2.2516460665999998,11.8540431604,0.6719517620178169,0.7745771394883759,-0.37384952577718544,1756822338.194100
1.8951154991999999,2.9264220398,16.881363442999998,0.877202447145765,0.9224064747724181,-0.3127630019573839,1756822338.202114
2.3234307446,3.876372612,21.013768073199998,1.0910052805150705,1.076344514798318,-0.20525072003453315,1756822338.210087
1.1820543644,4.651647134399999,19.9154624998,0.9969320512858685,1.1374310386181197,-0.20158552860534507,1756822338.218100
0.4929214556,3.7615171272,17.754743691999998,0.7990117141097115,0.9627236154000721,-0.277332818141899,1756822338.226089
-0.418743955,1.8352949342,17.4723906252,0.9089675093452318,0.8698720991939739,-0.33597588100890846,1756822338.234184
-0.14356935599999998,0.0215354034,17.130216993399998,1.0873401065391748,0.653625822325169,-0.4007275788046055,1756822338.242095
0.36370903520000003,-0.813559684,19.1210453966,1.200961023390713,0.26267205242514663,-0.3103195584578843,1756822338.250082
0.1339980656,-0.9116654106,21.2985139626,1.174082935456708,-0.1075122819228507,-0.28710667940635975,1756822338.258114
0.2656033086,-1.1892328321999999,21.104695332000002,1.05801857510567,-0.736703459813514,-0.3249803241746367,1756822338.266094
0.8303094421999999,-1.5840485612,19.4129697538,0.8197811671150291,-1.6151277072488452,-0.21868975527488949,1756822338.274078
1.9310078382,-2.0123638066,17.5082829642,0.32009338481576005,-2.6169467153468826,-0.23701571242082994,1756822338.282114
3.3044880105999996,-2.2755742926,15.7998076278,-0.16126842288427606,-3.632204723778692,-0.20891591146372127,1756822338.290113
4.718646167199999,-2.4095723582,13.749158659599999,-0.5045746867515607,-4.379903705519892,-0.11972958668681101,1756822338.298095
5.8480584343999995,-2.0386848551999996,11.1553389612,-0.73792519028991,-4.883256871234567,-0.039095375244672985,1756822338.306100
6.6472611827999994,-1.1341979124,8.449056600599999,-0.8210028975914251,-5.13615490531562,0.07819075048934597,1756822338.314111
7.1617180418,-0.1746760498,5.800201982399999,-0.9199630312729187,-5.104389773302984,0.28710667940635975,1756822338.322106
7.5349983674,0.40917266459999996,3.5724841418,-0.9285151795142759,-4.778187701198658,0.43249260609748735,1756822338.330075
7.7240313528,0.5264209719999999,2.0554346134,-0.9126326833211273,-4.269947910284372,0.5412266010434417,1756822338.338129
7.7838519178,0.430708068,0.981057266,-0.8283332455432163,-3.6651914291880923,0.5729916283363234,1756822338.346094
7.561319415999999,0.2775674216,0.16271193679999998,-0.7281513813853269,-2.9834658582656917,0.614530412173911,1756822338.354110
7.214360138999999,0.22971096959999998,-0.5000999234,-0.635299882632521,-2.211332109916938,0.6181955861498065,1756822338.362105
6.7621166676,0.3517449222,-1.1150553316,-0.5644394800949663,-1.47585038057982,0.6230825604152682,1756822338.370081
5.946164161,0.7417750059999999,-1.8352949342,-0.5082398956340413,-0.7696901652229142,0.6548475353482724,1756822338.378088
5.5896335936,0.1531406464,-1.5720844482,-0.43493604959698695,-0.013439035240356337,0.6243042734383717,1756822338.386099
4.9866422984,-0.1483550012,-1.2011969452,-0.3885102914939378,0.6805039102591741,0.518013721991917,1756822338.394127
4.7162533446,-0.32542387359999997,-0.5096712137999999,-0.24434609527920614,1.307251644650338,0.31398473243377983,1756822338.402092
4.206582130799999,-0.7393821834,0.11964113,-0.029321531433504737,1.8790215425102652,0.12461650859239512,1756822338.410121
4.06779842,-1.1150553316,0.8518448456,0.3066543495754037,2.361604975966942,-0.15271630954950383,1756822338.418118
4.0199419679999995,-1.519442351,1.8017954178,0.7318165553612224,2.674367943017741,-0.3494149162492648,1756822338.426067
4.06779842,-1.6366906583999998,2.931207685,1.2388347554254526,2.8319711570195367,-0.6047566207226203,1756822338.434066
4.5678983434,-1.5385849318,4.749752860999999,1.729970406936657,2.8612928106260886,-0.8038986709218807,1756822338.442059
5.2833523008,-1.1150553316,8.3772719226,2.2357668765244916,2.714684996378933,-0.9053022655561662,1756822338.450099
6.352944002999999,1.7826528369999999,15.012568992399999,2.3970351248758424,2.4019220293281336,-0.9114109528447315,1756822338.458083
6.867400861999999,5.0919264928,21.1501589614,1.8961256819133472,1.9853120241435498,-0.7977899836333155,1756822338.466093
7.0636123152,6.293123437999999,21.3894412214,1.1667525700516244,1.5625932618572307,-0.6414085001079161,1756822338.474069
7.719245707599999,6.005984725999999,19.932212257999996,0.5045746867515607,1.0152579909785164,-0.37384952577718544,1756822338.482070
8.8438723296,4.943571491599999,18.9439765242,0.06719517620178168,0.3848450826114571,-0.07452555906015787,1756822338.490083
8.997012976,3.1896325257999996,17.3575351404,-0.15760323145508795,-0.030543261909900768,0.20525072003453315,1756822338.498067
8.6213398278,1.4668002538,16.7760792486,-0.3665191429188092,-0.2040289895581371,0.4141666314982544,1756822338.506104
8.5758761984,-0.1483550012,16.5391898112,-0.55710909723659,-0.1954768762233649,0.4459316064312587,1756822338.514133
8.236095389199999,-1.6725829974,15.7639152888,-0.7049384674272172,-0.09529497715889039,0.4129449010218584,1756822338.522066
7.764709337,-2.476571391,15.0604254444,-0.8503244290249299,0.1759291886010284,0.4398229889558636,1756822338.530062
7.0683979604,-2.8402804261999997,14.1726882598,-1.0653489928706312,0.47647486834115943,0.4935791299172889,1756822338.538128
6.0107703712,-2.7014967154,12.378071309799997,-1.2718214782881454,0.7977899836333155,0.4459316064312587,1756822338.546121
4.687539473399999,-2.081755662,10.1790673404,-1.3341297151310507,1.0458012528884173,0.4105014400690663,1756822338.554087
3.337987527,-1.4045868661999998,7.9992059518,-1.3573425069161127,1.225395650371926,0.30543261909900765,1756822338.562111
2.129612114,-0.6508477471999999,6.087340694399999,-1.249830294806432,1.3182471665780247,0.17348572764823636,1756822338.570111
1.2227323486,0.15553346899999998,4.433900277799999,-1.1582005090767296,1.3267992450062118,-0.019547687622336492,1756822338.578108
0.47138605219999996,0.8231309743999999,3.2614172037999998,-0.9651670588995717,1.284038730692228,-0.06719517620178168,1756822338.586121
-0.23928226,1.4572289634,2.2660030021999997,-0.8466591852358643,1.2571606427582231,-0.1637118838370681,1756822338.594086
-0.7154539573999998,1.8305092889999999,1.124626622,-0.7318165553612224,1.152091874148042,-0.24190263432641407,1756822338.602106
-1.2203395259999998,2.3760728418,0.6915257314,-0.5852088807404061,1.161865683052625,-0.28710667940635975,1756822338.610116
-1.4644074311999997,2.4670001006,-0.15074782379999999,-0.42149701435663056,1.161865683052625,-0.37995817815916555,1756822338.618107
-1.7132609816,2.5004996169999996,-1.0289137179999999,-0.36041049053682905,1.2021827364138167,-0.3677408733952052,1756822338.626108
-1.5314064639999998,2.5603201819999994,-1.471585899,-0.30909779307490326,1.1362093081417235,-0.44837510229063576,1756822338.634184
-1.1653046061999999,2.5076780847999998,-1.0456634761999999,-0.2993239667170275,1.0042624690508297,-0.42149701435663056,1756822338.642080
-0.46660040699999994,2.5148565526,0.5982056499999999,-0.3237585587916556,0.8075638448977763,-0.36285396894291366,1756822338.650056
-0.22492532440000002,2.0961125976,2.7613172803999997,-0.2309070600388498,0.6243042734383717,-0.32131511529215606,1756822338.658094
-0.0789631458,2.045863323,5.6303115778,-0.14172073526193954,0.5253441048502933,-0.30298917559950816,1756822338.666075
0.37328032559999996,2.1726829208,8.7074814414,0.02076941809873252,0.38117990863556156,-0.30543261909900765,1756822338.674126
0.6652046828,2.2348963083999998,12.222537840799998,0.28710667940635975,0.3347541505325124,-0.277332818141899,1756822338.682083
0.8111668613999999,2.7134608283999997,16.199409002,0.5510004448546099,0.3078760625985072,-0.20525072003453315,1756822338.690107
1.0839486378,3.0699913958,19.5565391098,0.8759807341226615,0.2858849140233787,-0.15027284859671178,1756822338.698252
1.3256237203999999,2.6656043763999997,19.5565391098,0.9028588220566666,0.24801128670839426,-0.10384709049366261,1756822338.706094
1.2155538808,1.0193424275999998,18.235701034599998,1.0054841995272257,0.16126842288427606,-0.21380283336930536,1756822338.714092
1.0336993632,-1.0313065406,18.30509289,1.2205087459196349,0.13316862192716733,-0.35796702958403703,1756822338.722146
1.7395820301999998,-1.950150419,17.644673852399997,1.500285007561033,-0.026878070480712675,-0.47036625086576433,1756822338.730077
2.4837498588,-2.6847469572,19.429719512,1.6151277072488452,-0.37140608227768585,-0.45692719817211547,1756822338.738161
2.6703900216,-3.3355947043999996,21.403798157,1.5088370859892202,-0.6731734924942129,-0.33597588100890846,1756822338.746150
2.8666014748,-3.6059836581999996,21.0975168642,1.3377949065602386,-1.1838568665343387,-0.2504547476611863,1756822338.754105
3.1106693799999996,-3.888336725,19.3794702374,0.935845527466067,-1.946216683805462,-0.1637118838370681,1756822338.762080
3.7184463204,-3.888336725,17.280964817199997,0.40317105721069013,-2.882062281084699,-0.13683381335635544,1756822338.770103
4.4817567298,-3.7639099497999995,14.9048919754,-0.06597344572538566,-3.6493088631817736,-0.1392772743091475,1756822338.778080
5.096712137999999,-3.373879866,12.332607680399999,-0.4019493441875866,-4.23207430042268,-0.09040805525330627,1756822338.786093
5.7499527077999995,-2.5674986497999996,9.9469635482,-0.5143485131094364,-4.58515432083467,-0.14905111812031574,1756822338.794136
6.381657874199999,-1.4500504955999998,7.5158557865999995,-0.5448917750193372,-4.713436143029301,-0.08185594191853406,1756822338.802085
7.056433847399999,-0.11964113,5.1182475414,-0.5461135404023182,-4.667010315113082,0.04276056667386108,1756822338.810094
7.6163543358,0.9667003303999999,3.2279176873999997,-0.5546656537370904,-4.414112281032029,0.09040805525330627,1756822338.818130
8.0255270004,1.5864413838,1.8711872732,-0.5436700619962336,-4.025601815005166,0.22357667718047364,1756822338.826089
8.204988695399999,1.7946169499999998,0.8542376682,-0.5277875658030853,-3.512475119638588,0.2834414705238791,1756822338.834088
8.2289169214,1.7826528369999999,0.1770688724,-0.5485569839018177,-2.8209757572648977,0.34819320322616126,1756822338.842125
8.0470624038,1.6965112234,-0.2823530668,-0.518013721991917,-2.0439551044638518,0.38973202197033374,1756822338.850120
7.585247641999999,1.8281164663999998,-1.1557333157999998,-0.5265658353266892,-1.312138531649337,0.4654793115068877,1756822338.858082
6.9296142496,1.4811571894,-1.3710873497999998,-0.5143485131094364,-0.5351179486614615,0.5864305937635097,1756822338.866094
6.364908115999999,1.3926227532,-1.447657673,-0.5253441048502933,0.2700024352835228,0.5717698280467574,1756822338.874087
5.790630692,1.4380863825999999,-1.2346964615999998,-0.5803219762881145,0.935845527466067,0.6181955861498065,1756822338.882110
5.137390122199999,1.1509476706,-0.7034898444,-0.5644394800949663,1.5088370859892202,0.5632177496185702,1756822338.890095
4.4530428586,0.8829515394,-0.24167508259999998,-0.5143485131094364,2.034181295559269,0.36529741244241315,1756822338.898125
4.06779842,0.48095734259999995,0.2943171798,-0.3518583772020568,2.3909266295734946,0.26022859147235455,1756822338.906092
3.8309089825999996,-0.040677984199999996,1.064806057,-0.09529497715889039,2.5888469143897743,0.0,1756822338.914128
3.6227334164,-0.6197410534,1.9980068709999999,0.3176499413162605,2.6768113865172403,-0.18203784098300857,1756822338.922126
3.6969109169999994,-1.1581261384,3.5461630931999997,0.9419542147546323,2.697580856975851,-0.40683623118658574,1756822338.930092
4.1324046302,-1.3974083984,6.2333028729999995,1.7214181888821298,2.599842575943801,-0.634078152156125,1756822338.938109
4.7066820542,-0.5048855686,10.973484443599999,2.3481658534601233,2.456900057845588,-0.7452556080548712,1756822338.946113
5.702096255799999,2.189432679,18.0682034526,2.3298401057536933,2.164906421627059,-0.8368853937845735,1756822338.954081
6.900900378399999,4.857429878,21.3990125118,1.793500374255958,1.77517436475014,-0.7269296683622233,1756822338.962085
7.953742322399999,5.6087761744,20.3916341972,1.2522737383059315,1.229060824347822,-0.6047566207226203,1756822338.970140
8.9802632178,5.1014977832,19.178473138999998,0.860098237929513,0.634078152156125,-0.41905355340383854,1756822338.978080
8.9443708788,3.888336725,17.369499253399997,0.5876523242399058,0.1832595714594046,-0.19792033717615698,1756822338.986121
8.1164542592,2.7110680057999996,16.570296504999998,0.4618141026244071,0.09285151620609834,-0.1759291886010284,1756822338.994110
8.1164542592,1.1413763802,17.3551423178,0.14905111812031574,0.1710422666954443,-0.1637118838370681,1756822339.002121
8.1260255496,-0.2656033086,17.5058901416,-0.2040289895581371,0.34452799434368064,-0.28466318354698267,1756822339.010101
7.9011002251999995,-1.399801221,16.9746835244,-0.5045746867515607,0.5717698280467574,-0.30909779307490326,1756822339.018094
7.4153572374,-1.9549360641999998,16.1611238404,-0.8283332455432163,0.8173377236155296,-0.2565634000431664,1756822339.026136
6.8219372326,-2.3665015514,14.471791084799998,-1.122770342714537,0.9981537817622645,-0.19181168479417682,1756822339.034092
5.953342628799999,-2.644068973,12.3517502612,-1.312138531649337,1.1044443332087193,-0.08429940287132612,1756822339.042115
5.036891572999999,-2.4000010678,10.3657075032,-1.3500121415110289,1.1484267001721464,0.07452555906015787,1756822339.050126
4.2448672923999995,-1.6797614652,8.6907316832,-1.312138531649337,1.1044443332087193,0.1466076571675237,1756822339.058081
3.2374889777999996,-1.0528419439999999,7.331608446399999,-1.2388347554254526,0.9847147290686157,0.22968532956245377,1756822339.066111
2.27318147,-0.28474588939999995,5.967699564399999,-1.097113985256928,0.9334020839665674,0.2981022362406315,1756822339.074126
1.4380863825999999,0.4450650036,4.754538506199999,-1.0213666782670816,0.896750187127979,0.29565879274113194,1756822339.082082
0.7968099258,1.0815558152,3.5868410774,-0.955393267448281,0.8894197693630179,0.29321529688175485,1756822339.090113
0.2679961312,1.5314064639999998,2.5076780847999998,-0.955393267448281,0.9321803534901714,0.2345722514680379,1756822339.098082
-0.1387837108,1.7850456595999997,1.351944769,-0.9492845627064234,1.0018190255513302,0.2309070600388498,1756822339.106088
-0.5000999234,1.7994025952000001,0.0981057266,-0.9187413007965226,1.0946705243041361,0.2223549467040776,1756822339.114098
-0.7704888771999999,1.926222193,-1.2251251712,-0.8271115150668203,1.200961023390713,0.19792033717615698,1756822339.122141
-1.0241280728,2.1391834043999998,-2.1822542112,-0.7305948423381188,1.2437216598777443,0.19181168479417682,1756822339.130088
-1.088734283,2.1104695332,-2.4526431649999996,-0.6023130899566581,1.1826351360579428,0.12950343049797924,1756822339.138120
-0.9619146851999999,1.8999011443999998,-1.6438691261999998,-0.5021312257987686,1.1215486122381413,0.06230825429619756,1756822339.146130
-0.3541377448,0.6077769404,-0.6532405698,-0.33231070703301285,0.9590584414241766,-0.061086523819801536,1756822339.154096
-0.47377887479999997,1.3423734786,2.416750826,0.0,1.0238101392198737,-0.09773843811168245,1756822339.162096
-0.22971096959999998,1.1653046061999999,5.886343596,0.4092797270459628,1.0800097585873836,-0.19181168479417682,1756822339.170083
-0.1220339526,1.4141581565999999,9.6454679006,0.7770205829878756,1.218065302420135,-0.09529497715889039,1756822339.178092
-0.19381863059999999,2.2564317118,14.230116002199999,1.1410962125940152,1.4001031434031437,-0.26267205242514663,1756822339.186377
0.24167508259999998,3.1680971224,20.0327108072,1.351233871987425,1.5638149748803343,-0.0879645943005142,1756822339.194088
-0.1531406464,4.5726839886,21.2267292846,1.351233871987425,1.452637588794758,-0.07819075048934597,1756822339.202107
-0.6436692794,4.3812581806,19.669001771999998,1.2620475472105146,1.133765864642224,-0.079412480965742,1756822339.210091
-2.0961125976,2.9958138951999995,18.0442752266,1.1789699620820473,0.8112290363269643,-0.17715091907742445,1756822339.218128
-3.0077780082,0.9308079913999999,16.881363442999998,1.1948523884620255,0.5033529562751646,-0.4141666314982544,1756822339.226124
-1.7371892076,-0.8542376682,16.4075845682,1.1215486122381413,-0.0012217304763960308,-0.4459316064312587,1756822339.234085
-1.5266208188,-1.2299108163999999,18.3984129714,1.0482447662010868,-0.49724430389318447,-0.3848450826114571,1756822339.242117
-1.1078768638,-1.7036896912,19.980068709999998,0.9260717185614837,-1.0519099401769825,-0.40805796166298175,1756822339.250081
-0.2440679052,-2.1966111468,19.6642161268,0.7147123461449705,-1.8264870971186509,-0.47647486834115943,1756822339.258084
1.0025926693999998,-2.6392833278,18.1399881306,0.2712241657599188,-2.806314782108635,-0.5155702784924174,1756822339.266113
2.6368905052,-2.8378876035999996,16.122838678799997,-0.10262536001726658,-3.9009853238660632,-0.49113563405791183,1756822339.274149
4.3214376156,-2.7326034091999998,14.100903581799999,-0.3946189613292104,-4.794070267204977,-0.377514699753081,1756822339.282083
5.568098190199999,-2.4047867129999996,11.712866626999999,-0.5167920089688135,-5.50267404823443,-0.20158552860534507,1756822339.290099
6.4821564234,-1.8448662246,9.473184673399999,-0.5681046540708617,-5.943718558227179,-0.09040805525330627,1756822339.298118
7.1042902994,-0.7034898444,7.006184572799999,-0.596204472481263,-6.074444085720697,0.09040805525330627,1756822339.306099
7.925028451199999,0.3421736318,4.9938207662,-0.5876523242399058,-5.830097990441491,0.2345722514680379,1756822339.314132
8.4729848266,0.969093153,3.3427731722,-0.5913175680289714,-5.376835948791978,0.4117231705454623,1756822339.322073
8.949156524,1.1964112999999998,2.1942183242,-0.6035348902462242,-4.689001638221136,0.4715879638888678,1756822339.330089
9.3846502372,0.29910282499999996,1.6486547713999997,-0.6426302305843121,-3.9498545952817823,0.55710909723659,1756822339.338107
8.970691927399999,1.4309079147999997,0.49770710079999997,-0.613308681697515,-2.9846874665690404,0.4715879638888678,1756822339.346115
8.7768732968,1.1437692028,-0.0502492746,-0.6450736740838118,-1.944994953329066,0.5009095127756651,1756822339.354162
8.2959159542,0.9475577495999999,-0.7561319416,-0.679282109969608,-1.0054841995272257,0.41661010990433894,1756822339.362075
7.4273213504,0.8877371845999998,-1.2921242039999998,-0.6731734924942129,-0.10995574287564276,0.5009095127756651,1756822339.370099
6.518048762399999,0.9332008139999999,-1.4739787215999998,-0.7073819283800092,0.7745771394883759,0.5045746867515607,1756822339.378117
5.6087761744,0.9595218625999999,-1.2993026717999998,-0.73792519028991,1.4795155545557157,0.4886921905584123,1756822339.386082
4.7904308451999995,0.6269195211999999,-0.7848458128,-0.7257079378858273,2.086715618777835,0.4422664324553631,1756822339.394118
4.1347974528,0.09571290399999999,-0.1483550012,-0.6585127267774605,2.5961772623415653,0.28710667940635975,1756822339.402150
3.6610185779999997,-0.45702911659999995,0.28713871199999996,-0.4459316064312587,2.927266238898182,0.15638150097869194,1756822339.410086
3.34995164,-0.9738787981999999,0.9882357338,-0.059864793343405505,3.104417053255851,-0.09407324668249435,1756822339.418084
3.1896325257999996,-1.5696916256,1.8975083218,0.46792275500638725,3.1141908621604344,-0.24068090385001803,1756822339.426086
3.3068808331999997,-1.9645073545999998,3.8189448695999997,1.133765864642224,3.042108938585994,-0.5167920089688135,1756822339.434245
4.0510486618,-2.1487546948,7.1234328802,1.9046777603415344,2.8661797150783803,-0.6976081194754261,1756822339.442113
5.039284395599999,-0.5934200048,12.813565022999999,2.5253169296171802,2.6218336197991743,-0.8234463410909246,1756822339.450088
6.223731582599999,2.8761727651999998,20.5017040368,2.537534182021263,2.3127357045512236,-0.9040805350797702,1756822339.458078
6.802794651799999,5.8887364186,23.282163898,1.8875736209384524,1.9083429343174299,-0.7476990515543709,1756822339.466083
7.295716107399999,7.020541508399999,21.1501589614,1.1178834382622458,1.3536773329402167,-0.594982742004867,1756822339.474069
8.360522164399999,6.640082715,19.642680723399998,0.49480084294039245,0.5791002458117185,-0.2736676267127109,1756822339.482071
8.324629825399999,4.8550370553999995,17.084753363999997,0.1356120828799594,0.07208209810736581,0.0757472895365539,1756822339.490088
7.575676351599999,3.0580272828,16.4482625524,-0.1356120828799594,-0.024434609527920613,0.20280725908174108,1756822339.498102
7.968099258,1.4907284798,17.3025002206,-0.35552358608453744,0.12095131716320703,0.2700024352835228,1756822339.506056
8.2695949056,-0.203389921,17.1613236872,-0.5277875658030853,0.24068090385001803,0.339641054984804,1756822339.514078
7.8867432896,-1.9238293703999998,16.378870697,-0.7098253718795088,0.37995817815916555,0.377514699753081,1756822339.522088
6.9415783626,-3.1489545415999998,15.146567057999999,-0.9419542147546323,0.6511823613723768,0.43004911023811027,1756822339.530069
5.8193445632000005,-3.601198013,13.253844381399999,-1.150870143671646,0.9187413007965226,0.43004911023811027,1756822339.538125
4.5870409242,-3.34995164,10.832307910199999,-1.2327259983237175,1.1239920731909332,0.5302310093025848,1756822339.546115
3.3164521235999995,-2.4143580034,8.6548393442,-1.1569787786003336,1.2913690786440193,0.4520402762665313,1756822339.554091
2.1607188078,-1.5888342063999998,6.9726850564,-1.0372491744602301,1.3634512640178478,0.4105014400690663,1756822339.562111
1.112662509,-1.1509476706,5.970092386999999,-0.8234463410909246,1.3634512640178478,0.29321529688175485,1756822339.570111
0.37328032559999996,-0.9044869427999999,5.010570524399999,-0.7220426940967616,1.319468879601128,0.14294246573833558,1756822339.578108
-0.2105683888,-0.13160524299999998,4.1300118076,-0.6426302305843121,1.2571606427582231,0.06475171524898962,1756822339.586096
-0.5694917787999999,0.5120640364,3.2350961552,-0.6035348902462242,1.11421819447318,-0.0158824961931484,1756822339.594119
-0.7441678285999999,0.813559684,2.8163522002,-0.5900958375525753,1.010371086526225,-0.04520402762665313,1756822339.602083
-0.8087740388,0.9738787981999999,2.0745771942,-0.6023130899566581,0.8808676909348307,-0.0317649923862968,1756822339.610088
-0.9332008139999999,1.0456634761999999,0.993021379,-0.5803219762881145,0.7916813661579204,-0.035430183815484885,1756822339.618085
-0.9068797653999999,1.0504491214,-0.15074782379999999,-0.537561392160961,0.6633996137764597,-0.012217304763960306,1756822339.626109
-0.8829515394,0.9212367009999999,-0.9786644433999999,-0.4153883445213579,0.5705481150236538,-0.010995574287564275,1756822339.634108
-0.07178467799999999,-0.3493520996,-0.8997012976000001,-0.26267205242514663,0.5094616261104373,-0.04642575810304917,1756822339.642107
-0.24167508259999998,0.32303105099999996,-0.1962114532,-0.0158824961931484,0.417831840380735,-0.0317649923862968,1756822339.650101
-0.19860427579999998,0.45224347139999993,1.0600204117999998,0.22113321622768156,0.36041049053682905,-0.12095131716320703,1756822339.658096
0.1459621786,0.44027935839999993,3.6777683361999993,0.4935791299172889,0.3726277953007894,-0.1759291886010284,1756822339.666062
0.2727817764,0.705882667,7.0277199762,0.813672479826464,0.45937065912490754,-0.30298917559950816,1756822339.674084
0.2560320182,1.1629117835999998,10.5475620208,1.0519099401769825,0.594982742004867,-0.4422664324553631,1756822339.682092
0.5096712137999999,2.2636101795999997,15.6155602876,1.249830294806432,0.7452556080548712,-0.40317105721069013,1756822339.690122
1.2107682356,2.931207685,20.3389921,1.3316862716315512,0.8539896030008255,-0.3677408733952052,1756822339.698086
0.8279166196,3.8333018052,19.3962199956,1.2266173808483223,0.6047566207226203,-0.2504547476611863,1756822339.706091
-0.13160524299999998,3.34995164,18.2285225668,1.154535335100834,0.4520402762665313,-0.29688050576423547,1756822339.714143
-1.3064811396,2.2923240507999996,17.9629192582,1.0543534011297744,0.3616322035599326,-0.33231070703301285,1756822339.722087
-1.6079767872,0.46660040699999994,16.366906584,1.0714576103460265,0.23945917337362202,-0.4691444854827833,1756822339.730126
-1.0600204117999998,0.2584248408,17.484354738199997,1.077566315087884,-0.05253441048502932,-0.39828413530510604,1756822339.738144
-0.6484549246,0.2129612114,20.161923227600003,0.8930849433389134,-0.4544837546726159,-0.35796702958403703,1756822339.746084
-0.2656033086,-0.5910271822,20.410776778,0.7012732934513216,-1.075122784321922,-0.40805796166298175,1756822339.754109
0.6125625856,-1.7635102561999998,19.345970720999997,0.4361577800733829,-1.9401080663300667,-0.4471533718142397,1756822339.762113
2.2396819536,-2.6847469572,17.82652837,0.03665191429188092,-2.9553660573085834,-0.4654793115068877,1756822339.770085
4.0582271296,-3.1034909122000003,15.996019081,-0.339641054984804,-3.986506614293418,-0.34697143784318024,1756822339.778108
5.458028350599999,-3.134597606,13.6917309172,-0.5900958375525753,-4.803844058656267,-0.158824961931484,1756822339.786122
6.2883377928,-2.667997199,11.112268154399999,-0.6890559886873613,-5.360953400238953,-0.025656340004316644,1756822339.794117
6.7860448936,-1.651047594,8.3772719226,-0.6963864064523225,-5.571091181805411,0.158824961931484,1756822339.802080
7.2574309458,-0.45463629399999994,5.8600225474,-0.6096435077216193,-5.4623569774199465,0.3103195584578843,1756822339.810119
7.798208853399999,0.39481572899999995,3.6777683361999993,-0.5485569839018177,-5.0909509300488445,0.49480084294039245,1756822339.818130
8.097311678399999,0.8159525066,2.2301106632,-0.4886921905584123,-4.5362853286716325,0.6218608299388722,1756822339.826072
8.190631759799999,1.112662509,1.2346964615999998,-0.3872885784708342,-3.8056904863335133,0.6621779007533561,1756822339.834081
8.008777242199999,1.2131610581999999,0.5096712137999999,-0.37018431689470477,-3.034778590634203,0.6731734924942129,1756822339.842136
7.731209820599999,1.1653046061999999,-0.0191425808,-0.35674531656093345,-2.1978931270364592,0.6524040918487729,1756822339.850083
7.247859655399999,1.2131610581999999,-0.6173482307999999,-0.3726277953007894,-1.3353514456074467,0.575435071835823,1756822339.858093
6.6807606991999995,1.2945170266000001,-1.0935199281999999,-0.4447098934081552,-0.5033529562751646,0.5705481150236538,1756822339.866084
5.994020612999999,1.2442677519999998,-1.2610175102,-0.498466016916288,0.21258110289290932,0.5632177496185702,1756822339.874093
5.3575298014,1.1724830739999998,-1.0839486378,-0.5241223918271897,0.9224064747724181,0.5143485131094364,1756822339.882109
4.713860522,0.8973084749999999,-0.6460621019999999,-0.5106833391335408,1.5283848259714343,0.455705485149012,1756822339.890123
4.242474469799999,0.48095734259999995,0.0693918554,-0.455705485149012,2.0402899304879565,0.2822197400474831,1756822339.898086
3.8572300312,-0.0502492746,0.6460621019999999,-0.21746802479849348,2.4202480388339516,0.09773843811168245,1756822339.906112
3.7280176108,-0.490528633,1.447657673,0.14172073526193954,2.6645941341131576,-0.11484266478122689,1756822339.914096
3.601198013,-1.0025926693999998,2.5411776012000002,0.6572909963010645,2.7427848147893337,-0.3518583772020568,1756822339.922083
3.6921252717999997,-1.4213366244,4.1563328562,1.1997392929143171,2.6584856388108107,-0.48258353817643207,1756822339.930087
4.3860438258,-1.2729816232,6.984649169399999,1.9816468501676543,2.5961772623415653,-0.7305948423381188,1756822339.938106
5.1852465742,-0.31345976059999997,10.975877266199998,2.538756052123999,2.3029618956466402,-0.8148942103028599,1756822339.946092
6.3122660188,2.4813570361999995,16.4458697298,2.7244590670829036,1.7507397377689269,-0.8271115150668203,1756822339.954080
7.094719008999999,5.6231331099999995,20.4514547622,2.282192442641323,1.097113985256928,-0.6963864064523225,1756822339.962112
8.147560953,6.5898334404,19.8436778218,1.5650367053567305,0.3933972308528144,-0.3848450826114571,1756822339.970110
9.643075077999999,6.0227344842,19.0133683796,0.9468411192069238,-0.378736465136062,-0.07208209810736581,1756822339.978148
10.815558152,5.0679982668,19.4392908024,0.4251622232391112,-0.8820894214112266,0.2724458962363148,1756822339.986082
11.361121704799999,3.3068808331999997,18.458233536399998,0.0158824961931484,-1.0152579909785164,0.5497787143782138,1756822339.994133
11.1433748482,1.2203395259999998,17.3312140918,-0.378736465136062,-0.8148942103028599,0.614530412173911,1756822340.002071
10.504491213999998,-0.7417750059999999,16.2041946472,-0.6914994321868608,-0.3530801076784529,0.5497787143782138,1756822340.010086
10.0761759686,-2.6129622792,15.091532138199998,-0.9431759452310281,0.1832595714594046,0.5326744877086693,1756822340.018130
9.006584266399999,-3.7758740628,13.9836552744,-1.0812314890637797,0.757472930272124,0.49480084294039245,1756822340.026089
7.8341011923999995,-4.0582271296,12.4594272782,-1.1728612049803118,1.3267992450062118,0.49113563405791183,1756822340.034083
6.305087550999999,-3.3882368015999997,10.5667046016,-1.1936306579856295,1.7250833628580253,0.4850270165825167,1756822340.042121
4.5343988269999995,-2.3162522768,8.7864445872,-1.1863003100338383,1.9865337546199457,0.43004911023811027,1756822340.050089
3.0221349438,-1.2514462198,7.310073042999999,-1.0555751316061706,2.145358681644845,0.34819320322616126,1756822340.058131
1.7060825137999998,-0.48574298779999997,6.125625855999999,-0.9138544137975234,2.1942279530605635,0.14905111812031574,1756822340.066091
0.6364908116,0.2081755662,5.180460929,-0.775798869964772,2.1050416282836535,-0.009773843811168246,1756822340.074090
-0.062213387599999996,0.7274180704000001,4.3716868902,-0.7147123461449705,1.946216683805462,-0.15271630954950383,1756822340.082112
-0.48095734259999995,1.1030912186,3.6227334164,-0.6389650566084165,1.7079792234549434,-0.19181168479417682,1756822340.090120
-0.7130611348,1.3782658176,2.8881368781999996,-0.5681046540708617,1.4636331281757373,-0.2504547476611863,1756822340.098084
-0.8327022648,1.4620146085999999,2.0602202586,-0.5167920089688135,1.2461651208305364,-0.21868975527488949,1756822340.106112
-0.6101697629999999,2.2468604213999996,1.1653046061999999,-0.5412266010434417,0.9749409376173249,-0.23701571242082994,1756822340.114134
-1.040877831,1.8879370314,-0.6245266986,-0.37629296927668493,0.9065239960325623,0.026878070480712675,1756822340.122111
-0.8518448456,2.0913269523999998,-1.4165509792,-0.3262020546510327,0.7880161921820248,-0.158824961931484,1756822340.130107
-0.47138605219999996,1.8807585636,-1.5170495283999998,-0.32864549815053223,0.6768386664701084,-0.029321531433504737,1756822340.138077
-0.15553346899999998,1.7874384822,-0.7322037155999999,-0.3274237676741362,0.5424483315198376,-0.009773843811168246,1756822340.146174
0.19381863059999999,1.4333007374,1.0576275892,-0.18448130193580065,0.4495968153137393,-0.03298672286269283,1756822340.154090
0.5790630692,1.5720844482,3.6825539814,0.08185594191853406,0.41905355340383854,0.02199114857512855,1756822340.162103
0.7752745223999999,1.7874384822,7.154539573999999,0.40683623118658574,0.4789183642005365,-0.05253441048502932,1756822340.170076
1.0025926693999998,2.5794627627999995,10.796415571199999,0.8307766890427158,0.5864305937635097,-0.11972958668681101,1756822340.178077
1.4189438017999998,3.649054465,16.1730879534,1.0873401065391748,0.8307766890427158,-0.13805554383275148,1756822340.186092
1.7180466267999999,4.883750926599999,21.004196782799998,1.225395650371926,1.0286970436721654,-0.07819075048934597,1756822340.194136
1.3040883169999997,5.010570524399999,20.372491616399998,1.0714576103460265,1.0238101392198737,-0.12339477811599911,1756822340.202083
0.19142580799999998,3.8548372086,17.3934274794,0.9431759452310281,0.9749409376173249,-0.10629055144645466,1756822340.210109
-0.6460621019999999,1.8903298539999998,16.9435768306,1.1178834382622458,0.8808676909348307,-0.26511551337793865,1756822340.218087
-0.7298108929999999,0.2584248408,16.9005060238,1.332908002107947,0.7672467217234148,-0.42027528388023455,1756822340.226086
-0.22492532440000002,-0.6053841178,18.5156612788,1.4037683173790394,0.47525315531805595,-0.3677408733952052,1756822340.234180
-0.2943171798,-0.705882667,20.779271458399997,1.2889256176912274,0.13439035240356337,-0.4129449010218584,1756822340.242112
-0.1363908882,-1.3064811396,20.468204520399997,1.108109576997785,-0.4874704600820162,-0.34819320322616126,1756822340.250102
0.38285161599999995,-1.8831513862,18.7405866032,0.8197811671150291,-1.4013248738795399,-0.3494149162492648,1756822340.258142
1.4763715441999998,-2.7349962317999994,17.0177543312,0.33231070703301285,-2.4813345626537533,-0.36896258641830876,1756822340.266099
2.9551359109999997,-3.0843483314,15.321243107799999,-0.11484266478122689,-3.519805467590379,-0.26389378290154264,1756822340.274115
4.450650036,-3.254238736,13.517054867399999,-0.4251622232391112,-4.443433672839194,-0.23701571242082994,1756822340.282090
5.582455125799999,-2.9838497821999996,11.356336059599998,-0.5595525756426746,-5.0872858956992895,-0.09040805525330627,1756822340.290406
6.594619085599999,-2.3976082452,9.0664048314,-0.6267477343911637,-5.527108553042596,0.04642575810304917,1756822340.298142
7.223931429399999,-1.5218351735999998,6.723831506,-0.6487388480597073,-5.674937958139807,0.21746802479849348,1756822340.306098
7.8077801438,-0.46899322959999995,4.7449672158,-0.613308681697515,-5.497787143782138,0.3909537524467298,1756822340.314082
8.365307809599999,0.215354034,3.0173492986,-0.5473352708787143,-5.056742633789389,0.5021312257987686,1756822340.322132
8.6165541826,0.7034898444,1.8281164663999998,-0.46792275500638725,-4.417777315381584,0.6255260039147678,1756822340.330086
8.6907316832,0.8973084749999999,0.9260223461999999,-0.4227187273797341,-3.6041049053682905,0.6450736740838118,1756822340.338094
8.8606220878,0.1651047594,0.3613162126,-0.3946189613292104,-2.675589795667185,0.6475171175833112,1756822340.346128
8.0063844196,1.0313065406,-0.3900300838,-0.3946189613292104,-1.77517436475014,0.6939428756863605,1756822340.354095
7.4368926408,1.100698396,-0.8015955709999999,-0.40805796166298175,-0.8674286556944744,0.6902777017104648,1756822340.362130
6.836294168199999,1.1198409768,-1.1533404932,-0.4618141026244071,-0.0158824961931484,0.6670648575655254,1756822340.370087
6.1088760978,1.064806057,-1.1772687192,-0.5497787143782138,0.7623598172711231,0.6291911778906633,1756822340.378080
5.4364929472,0.9236295236,-0.873380249,-0.5595525756426746,1.4856243116574508,0.5913175680289714,1756822340.386119
4.7449672158,0.7537391189999999,-0.2799602442,-0.5167920089688135,2.096489549855466,0.4715879638888678,1756822340.394153
4.2089749534,0.37088750299999995,0.2656033086,-0.43493604959698695,2.5949554096921217,0.30298917559950816,1756822340.402080
3.912264951,-0.24885355039999998,0.8757730715999998,-0.1954768762233649,2.901609881440573,0.0916297857297023,1756822340.410082
3.6323047068,-0.3900300838,1.5720844482,0.1710422666954443,3.0469958430382857,-0.07452555906015787,1756822340.418096
3.4767712378,-0.8231309743999999,2.7469603448,0.6976081194754261,3.053104338340633,-0.29565879274113194,1756822340.426114
3.7423745464,-1.0025926693999998,4.8358944746,1.3219123405539202,2.9040533249400724,-0.5021312257987686,1756822340.434144
4.4051864065999995,-0.7776673449999999,8.7361953126,2.0048597641257637,2.7097981093799337,-0.6548475353482724,1756822340.442051
5.2139604454,1.7946169499999998,15.378670850199999,2.296853400344293,2.3884831860739952,-0.6255260039147678,1756822340.450072
5.836094321399999,4.486542375,20.9348049274,1.9620991101854404,1.991420641618945,-0.6585127267774605,1756822340.458066
6.4271215036,6.0729837588,21.700508159399998,1.330464541155155,1.569923609809022,-0.5021312257987686,1756822340.466075
7.2670022362,6.3601224707999995,20.051853387999998,0.8051204013982768,1.0274753131957692,-0.34452799434368064,1756822340.474069
8.2983087768,5.3216374624,18.1758804696,0.417831840380735,0.34819320322616126,-0.10140362954087054,1756822340.482065
8.044669581199999,3.6825539814,16.4650123106,0.20158552860534507,-0.0879645943005142,0.16859880574265224,1756822340.490090
7.9058858704,1.9166509026,16.8000074746,-0.035430183815484885,-0.11239920382843482,0.2712241657599188,1756822340.498085
8.133204017399999,0.6723831506,17.096717477,-0.26389378290154264,-0.026878070480712675,0.32009338481576005,1756822340.506096
7.984849016199999,-0.9475577495999999,16.7330084418,-0.49724430389318447,0.15760323145508795,0.2834414705238791,1756822340.514077
7.6450682070000004,-2.2396819536,15.9050918222,-0.7244861375962612,0.4129449010218584,0.3640756994193097,1756822340.522085
6.671189408799999,-3.0125636534,14.6368958442,-0.955393267448281,0.6927211626632569,0.4141666314982544,1756822340.530084
5.618347464799999,-3.3571301078,12.729816231999997,-1.154535335100834,0.9761626506404285,0.45692719817211547,1756822340.538084
4.462614149,-3.0532416376,10.360921858,-1.249830294806432,1.1435396735468073,0.4789183642005365,1756822340.546114
3.1369904286,-2.321037922,8.4562350684,-1.192408944962526,1.2412782163782448,0.4618141026244071,1756822340.554102
2.0721843715999997,-1.6127624323999998,7.1234328802,-1.0885618370155707,1.2791518262399366,0.417831840380735,1756822340.562084
1.0480562988,-1.016949605,5.9605210966,-0.9236282052488142,1.218065302420135,0.29565879274113194,1756822340.570086
0.2703889538,-0.49770710079999997,5.0273202826,-0.7648032782239153,1.1203268817617453,0.14049900478554353,1756822340.578106
-0.2129612114,0.0,4.264009873199999,-0.6157521426503069,0.9688322328754674,0.047647488579445195,1756822340.586109
-0.5982056499999999,0.5264209719999999,3.5078779316,-0.5119050696099369,0.8173377236155296,-0.0024434609527920616,1756822340.594110
-0.8015955709999999,0.849452023,2.7852455064,-0.4471533718142397,0.6524040918487729,-0.061086523819801536,1756822340.602110
-0.8398807326,0.993021379,2.1367905817999997,-0.4386012235728825,0.5461135404023182,-0.0916297857297023,1756822340.610108
-0.8901300072,1.2227323486,1.1772687192,-0.3726277953007894,0.47525315531805595,-0.08918632477691024,1756822340.618109
-0.7776673449999999,1.1724830739999998,0.062213387599999996,-0.26633724385433466,0.42394049276271517,-0.06963863715457375,1756822340.626096
-0.5455635528,1.2418749294,-0.7489534737999999,-0.2345722514680379,0.4263839362622147,-0.08185594191853406,1756822340.634077
-0.33738798659999997,1.1581261384,-1.0049854919999999,-0.1942551457469689,0.3506366467256608,-0.05619960191421741,1756822340.642111
0.1483550012,1.2275179938,-0.2656033086,-0.14172073526193954,0.2553416695667704,-0.09773843811168245,1756822340.650089
0.2775674216,1.2394821068,1.5242279962,0.0,0.2040289895581371,-0.11484266478122689,1756822340.658100
0.9068797653999999,1.519442351,3.960121403,0.13439035240356337,0.09529497715889039,-0.13805554383275148,1756822340.666123
1.1748758966,1.4787643668,7.3866433661999995,0.4715879638888678,0.12461650859239512,-0.15638150097869194,1756822340.674084
1.3423734786,2.2660030021999997,10.920842346399999,0.7611381042480195,0.20525072003453315,-0.3127630019573839,1756822340.682131
1.8783657409999999,2.8091737323999997,15.9170559352,1.0030407385744338,0.4276056667386107,-0.26145032194875056,1756822340.690097
2.2229321954,3.5198420446,19.9130696772,1.1643091265521246,0.6072000642221197,-0.158824961931484,1756822340.698128
1.7682959014,3.9960137419999997,19.298114269,1.1007791592328235,0.6524040918487729,-0.18448130193580065,1756822340.706103
0.9834500885999999,2.7182464736,16.9986117504,0.9541714671587149,0.55710909723659,-0.11362093430483085,1756822340.714112
0.38045879339999994,1.2681959779999998,16.2424798088,1.1386527690945156,0.4960225734167885,-0.24190263432641407,1756822340.722088
0.7776673449999999,-0.38763726119999997,16.1491597274,1.3182471665780247,0.30543261909900765,-0.24068090385001803,1756822340.730111
1.3136596073999998,-0.45942193919999996,18.297914422199998,1.4501940056689184,-0.13194689145077132,-0.20158552860534507,1756822340.738092
1.3806586401999998,-0.5407779076,21.020946540999997,1.3158037056252325,-0.4630358680073881,-0.1747074581246324,1756822340.746140
1.6127624323999998,-0.5575276658,20.575881537399997,1.0800097585873836,-0.9822712855691161,-0.14294246573833558,1756822340.754097
2.2540388892,-0.8925228297999999,19.058832009,0.801455157609211,-1.7617353818696615,-0.2150245638457014,1756822340.762106
3.1202406704,-1.3064811396,17.515461432,0.4153883445213579,-2.5876250617403302,-0.20158552860534507,1756822340.770081
4.563112698199999,-1.4644074311999997,15.902698999599998,-0.05619960191421741,-3.3756413760954027,-0.1942551457469689,1756822340.778103
5.7834522242,-1.6151552550000001,14.100903581799999,-0.4276056667386107,-4.064697277516301,-0.11972958668681101,1756822340.786173
6.8578295716,-1.4572289634,11.708080981799998,-0.679282109969608,-4.5582766343263925,0.012217304763960306,1756822340.794176
7.635496916599999,-1.0097711372,9.4133641084,-0.8405505677604691,-4.7806314239508385,0.16004669240788003,1756822340.802086
8.181060469399998,-0.45463629399999994,6.9487568304,-0.8894197693630179,-4.803844058656267,0.30543261909900765,1756822340.810105
8.470592003999998,0.1459621786,4.6372901988,-0.8625416814290127,-4.538728510371744,0.5057964172279568,1756822340.818214
8.702695796199999,0.44985064880000003,2.8761727651999998,-0.8112290363269643,-4.081801434372676,0.6487388480597073,1756822340.826092
8.6907316832,0.4761716974,1.7587246109999999,-0.7159340591680741,-3.4929275192827145,0.7061601979036133,1756822340.834085
8.6117685374,0.4642075844,0.993021379,-0.6120869686744114,-2.789210642705553,0.7489207820307667,1756822340.842111
8.231309743999999,0.42352960019999997,0.2799602442,-0.4740314248416599,-2.028072538457533,0.7648032782239153,1756822340.850089
7.5780691741999995,0.45224347139999993,-0.2919243572,-0.39584067435231396,-1.2070697804924484,0.755029399506162,1756822340.858084
6.9487568304,0.49531427819999996,-0.6867400862,-0.30298917559950816,-0.39217546546983334,0.8038986709218807,1756822340.866121
6.159125372399999,0.6460621019999999,-0.9475577495999999,-0.318871654339364,0.34697143784318024,0.795346540133816,1756822340.874162
5.331208752799999,0.7992027483999999,-1.0432706536,-0.2712241657599188,0.9786061115932205,0.7819074874401671,1756822340.882082
4.5750768112,0.8901300072,-0.8231309743999999,-0.2565634000431664,1.5503760094531478,0.7122688851921785,1756822340.890106
4.0007993872,0.8997012976000001,-0.38285161599999995,-0.29321529688175485,2.036624739058768,0.6157521426503069,1756822340.898115
3.3571301078,0.5862415369999999,-0.0215354034,-0.22357667718047364,2.4312437003879785,0.48136180770003606,1756822340.906093
3.0580272828,0.24885355039999998,0.5216353268,-0.040317105721069016,2.674367943017741,0.31642817593327943,1756822340.914144
2.7661029256,-0.1651047594,1.1892328321999999,0.21380283336930536,2.806314782108635,0.16982053621904827,1756822340.922088
2.5651058272,-0.45702911659999995,2.1678972756,0.6658431445424218,2.816088852812606,-0.02199114857512855,1756822340.930088
2.5363919559999997,-0.7010970218,3.8428730955999995,1.161865683052625,2.7476717192416253,-0.21135937241651329,1756822340.938095
2.8331019584,-0.6364908116,7.1473611062,1.787391756780563,2.6096163673950916,-0.4227187273797341,1756822340.946147
3.3667013982,0.5647061336,12.5359976014,2.2259929454468605,2.398256994978578,-0.596204472481263,1756822340.954096
4.0869410008,3.3571301078,19.338792253199998,2.09526781937907,2.0073032076252635,-0.6548475353482724,1756822340.962099
5.0703910894,5.714060368799999,22.3346061484,1.5454891050008563,1.5051719120133247,-0.5265658353266892,1756822340.970201
5.5130632704,6.0346985972,20.614166699,1.0543534011297744,0.8943067436284794,-0.4520402762665313,1756822340.978067
7.661817965199999,5.587240771,18.4343053104,0.5913175680289714,0.16126842288427606,-0.2736676267127109,1756822340.986112
8.4634135362,4.5343988269999995,16.996218927799998,0.5632177496185702,-0.6023130899566581,0.0879645943005142,1756822340.994137
8.5806618436,2.656033086,16.6253314248,0.2797762965479835,-0.9566149804713845,0.27611108766550296,1756822341.002089
8.85344362,1.6534404165999999,17.290536107599998,0.010995574287564275,-0.9859365293581818,0.3995058483282095,1756822341.010093
9.4851487864,-0.11485548479999999,17.3934274794,-0.27611108766550296,-0.8258898020437168,0.40561451816348215,1756822341.018131
9.5856473356,-1.6295121905999999,16.6157601344,-0.5412266010434417,-0.5277875658030853,0.4263839362622147,1756822341.026131
9.224331122999999,-2.8402804261999997,15.672988029999999,-0.8100073058505682,-0.16615534478986016,0.48136180770003606,1756822341.034085
8.3940216808,-3.3188449462,13.9764768066,-1.0739010712988184,0.2700024352835228,0.5119050696099369,1756822341.042124
7.369893607999999,-3.2470602682,11.6219393682,-1.2424999294013483,0.6291911778906633,0.6084217946985158,1756822341.050096
5.9964134356,-2.6009981662,9.4325066892,-1.2657127211864103,0.9321803534901714,0.5986479159807625,1756822341.058084
4.7353959254,-1.6199409001999998,7.7455667562,-1.1875220405102345,1.1630873960757286,0.5852088807404061,1756822341.066110
3.5365918028,-0.9044869427999999,6.7262243286,-1.049466496677483,1.284038730692228,0.5106833391335408,1756822341.074083
2.3545374384,-0.3038884702,5.8313086762,-0.9272934490378798,1.3561207764397165,0.36896258641830876,1756822341.082107
1.495514125,0.28474588939999995,4.914857620399999,-0.8002334271328151,1.3671164379937433,0.20891591146372127,1756822341.090100
2.0051853387999996,-0.5599204884,3.9170505961999997,-0.6524040918487729,1.332908002107947,0.1832595714594046,1756822341.098111
0.3924229064,1.0624132344,3.2566315585999996,-0.635299882632521,1.3109168186262334,0.0,1756822341.106085
0.057427742399999995,1.4811571894,2.4693929231999996,-0.5338962181850654,1.2388347554254526,-0.09285151620609834,1756822341.114171
-0.014356935599999999,1.6342978357999998,1.8879370314,-0.5143485131094364,1.1997392929143171,-0.08674286382411818,1756822341.122107
-0.2967100024,1.9357934833999997,0.7992027483999999,-0.44348816293175913,1.1496484306485424,-0.16982053621904827,1756822341.130108
-0.18664016279999998,1.7300107398,-0.1220339526,-0.40805796166298175,1.132544134165828,-0.12095131716320703,1756822341.138079
-0.18424734019999997,1.2729816232,-0.8685946038,-0.3726277953007894,1.1374310386181197,-0.07452555906015787,1756822341.146130
0.5120640364,0.71784678,-0.7345965381999999,-0.30909779307490326,1.0787880281109876,-0.026878070480712675,1756822341.154092
0.2656033086,1.0600204117999998,-0.2799602442,-0.16004669240788003,0.9883799728576813,-0.02199114857512855,1756822341.162107
0.7776673449999999,0.9619146851999999,1.4859428345999999,0.013439035240356337,0.8710938296703699,-0.08185594191853406,1756822341.170126
0.8446663778,0.8398807326,4.1108692268,0.38973202197033374,0.9517280236592153,-0.035430183815484885,1756822341.178107
0.8231309743999999,1.0145567824,7.5804619967999995,0.6963864064523225,1.0030407385744338,-0.09773843811168245,1756822341.186071
0.873380249,1.6821542877999998,11.665010174999999,0.9896017033340774,1.1398744995709114,-0.15271630954950383,1756822341.194096
0.9858429112,2.5698914724,17.288143284999997,1.126435516690433,1.3341297151310507,-0.17226399717184032,1756822341.202095
0.9451649269999999,3.5485559157999997,19.9752830648,1.1044443332087193,1.4892894856333463,-0.1881464933649887,1756822341.210088
0.3613162126,3.5940195451999997,18.915262653,0.937067257942463,1.464854841198841,-0.2724458962363148,1756822341.218103
-0.0502492746,1.8257236438,16.658830941199998,0.7024950239277177,1.2388347554254526,-0.2516764781375823,1756822341.226091
-1.471585899,0.18185451760000002,15.6658095622,0.9566149804713845,1.152091874148042,-0.3885102914939378,1756822341.234097
-0.9834500885999999,-1.5050854154,16.2520510992,1.1313224211427242,0.8234463410909246,-0.5119050696099369,1756822341.242092
-0.9858429112,-1.7036896912,18.288343131799998,1.150870143671646,0.2724458962363148,-0.2981022362406315,1756822341.250101
-0.6891329088,-1.7395820301999998,20.6644159736,1.108109576997785,-0.1942551457469689,-0.5607743061190706,1756822341.258083
-0.6317051664,-2.4454646972,20.360527503399997,0.8894197693630179,-0.8613199509526166,-0.5510004448546099,1756822341.266111
0.2584248408,-2.261217357,18.982261685799998,0.518013721991917,-1.8802432555333688,-0.4886921905584123,1756822341.274099
1.9046867896,-2.7254249414,17.558532238799998,0.06597344572538566,-3.00179186777151,-0.5803219762881145,1756822341.282084
3.7543386593999997,-2.7828526838000003,15.622738755399999,-0.2528982086139784,-4.023158371505667,-0.40317105721069013,1756822341.290115
5.254638429599999,-2.5076780847999998,13.229916155399998,-0.44348816293175913,-4.883256871234567,-0.3152064454568834,1756822341.298117
6.4223358584,-1.7778671918,10.5786687146,-0.6194173864393725,-5.468465734521681,-0.1111774733520388,1756822341.306093
7.238288364999999,-0.8973084749999999,8.1619178886,-0.6524040918487729,-5.7946678240792995,0.05619960191421741,1756822341.314095
7.826922724599999,0.15074782379999999,5.9126646445999995,-0.6646214140660257,-5.754350753264815,0.21380283336930536,1756822341.322131
8.4777704718,1.0576275892,3.7926238209999994,-0.6878342582109652,-5.415931166957019,0.4520402762665313,1756822341.330114
8.9276211206,1.519442351,2.1750757434,-0.6609561702769601,-4.878369966782276,0.55710909723659,1756822341.338118
9.085547412199999,1.6199409001999998,1.1054840412,-0.5864305937635097,-4.161213967698296,0.735481729337118,1756822341.346141
9.0711904766,1.3806586401999998,0.5072783912,-0.5167920089688135,-3.345098114185502,0.7318165553612224,1756822341.354112
8.709874264,1.1676974288,0.07178467799999999,-0.47036625086576433,-2.4239133524361876,0.7269296683622233,1756822341.362084
8.082954742799998,0.9499505721999999,-0.3900300838,-0.39828413530510604,-1.4037683173790394,0.659734439800564,1756822341.370116
7.429714172999999,0.8303094421999999,-0.7944171031999999,-0.3237585587916556,-0.45692719817211547,0.6401867696315201,1756822341.378082
6.5276200528,0.8853443619999999,-1.0863414604,-0.33597588100890846,0.37384952577718544,0.6279694648675597,1756822341.386085
5.587240771,0.9786644433999999,-1.1772687192,-0.32986722862692824,1.1582005090767296,0.5595525756426746,1756822341.394350
4.8430729424,1.0121639597999998,-0.8805587167999999,-0.4007275788046055,1.7861698866778268,0.4960225734167885,1756822341.402162
4.1180476945999995,0.7489534737999999,-0.3613162126,-0.41905355340383854,2.3359486010560406,0.4141666314982544,1756822341.410083
3.5581272061999996,0.45463629399999994,0.0981057266,-0.3860668479944382,2.774549929348678,0.20769418098732523,1756822341.418105
3.1178478478,-0.035892338999999995,0.5216353268,-0.2528982086139784,3.049439286537785,0.013439035240356337,1756822341.426100
2.8331019584,-0.38285161599999995,1.2705888006000001,-0.008552113334772215,3.1496212903220147,-0.16615534478986016,1756822341.434239
2.7373890544,-0.7274180704000001,2.4430718746,0.4386012235728825,3.134960315165752,-0.3518583772020568,1756822341.442083
2.8594230069999997,-1.1724830739999998,4.4554356812,1.0225884087434778,3.0653218525441037,-0.5864305937635097,1756822341.450076
3.2829526072,-1.0241280728,8.518448456,1.6285666901293236,2.882062281084699,-0.7684684521998107,1756822341.458082
4.206582130799999,0.179461695,15.079568025199999,2.0329595650828725,2.6218336197991743,-0.8148942103028599,1756822341.466091
4.5343988269999995,2.9407789753999998,20.4634188752,1.881464986009765,2.24676227627913,-0.8429940112599686,1756822341.474066
4.9483571368,4.5200418914,22.305892277199998,1.4379767532648355,1.7971655482318536,-0.7745771394883759,1756822341.482067
5.2761738330000005,4.651647134399999,21.135802025799997,0.9395107712551326,1.307251644650338,-0.6866125277345693,1756822341.490085
6.3720865838,3.5629128513999997,19.195222897199997,0.6328563518665589,0.6377433261320204,-0.5656612105713621,1756822341.498107
6.927221427,1.7994025952000001,16.6109744892,0.537561392160961,0.08552113334772216,-0.23701571242082994,1756822341.506070
6.6017975534,0.3062812928,16.476976423599996,0.4373794930964865,-0.19792033717615698,-0.13072516097437528,1756822341.514085
7.372286430599999,-1.0935199281999999,17.795421676199997,0.23212879051524585,-0.377514699753081,-0.058643062867009474,1756822341.522077
7.831708369799999,-2.8307091358,17.8576350638,0.10629055144645466,-0.47647486834115943,0.09407324668249435,1756822341.530107
7.884350467,-4.0725840652,17.532211190199998,-0.05619960191421741,-0.5070181302510602,0.16615534478986016,1756822341.538066
7.4153572374,-4.7665026192,16.7784720712,-0.37629296927668493,-0.42149701435663056,0.35552358608453744,1756822341.546106
6.7549381998,-4.8000021356,14.679966650999999,-0.7012732934513216,-0.24434609527920614,0.43249260609748735,1756822341.554096
5.7044890784,-4.283152454,12.2775727606,-0.9529497366823189,-0.02076941809873252,0.4715879638888678,1756822341.562111
4.7330031028,-3.1226334929999995,10.1264252432,-1.0274753131957692,0.18936822384138474,0.4251622232391112,1756822341.570112
3.6586257554,-1.8209379985999998,8.5040915204,-0.9676105198523638,0.34819320322616126,0.2981022362406315,1756822341.578109
2.9838497821999996,-1.2299108163999999,7.501498850999999,-0.8991936306274786,0.38362336958835364,0.20769418098732523,1756822341.586093
1.9932212257999997,-0.047856451999999994,6.5228344075999996,-0.735481729337118,0.4715879638888678,0.003665191429188092,1756822341.594087
1.3304093656,0.6747759731999999,5.639882868199999,-0.6524040918487729,0.4495968153137393,-0.13805554383275148,1756822341.602100
0.9403792818,1.3256237203999999,4.5391844722,-0.5619960365954666,0.39706240482870997,-0.3506366467256608,1756822341.610091
0.8422735552,1.746760498,3.5916267226,-0.5265658353266892,0.3237585587916556,-0.417831840380735,1756822341.618079
0.658026215,2.1487546948,2.6081766339999994,-0.4715879638888678,0.26267205242514663,-0.5057964172279568,1756822341.626118
0.5000999234,2.4406790519999997,1.6462619487999999,-0.4850270165825167,0.2357939819444339,-0.5290092788261888,1756822341.634093
0.6101697629999999,2.3904297774,0.6987041992,-0.49968774739268407,0.22113321622768156,-0.5338962181850654,1756822341.642091
0.7250252477999999,2.5052852621999997,-0.37328032559999996,-0.4740314248416599,0.32131511529215606,-0.4471533718142397,1756822341.650089
0.693918554,2.3186450994,-1.2107682356,-0.4715879638888678,0.35674531656093345,-0.4263839362622147,1756822341.658074
0.7441678285999999,1.9692929997999997,-1.3232308977999998,-0.4618141026244071,0.377514699753081,-0.339641054984804,1756822341.666081
1.2945170266000001,2.0673987264,-0.658026215,-0.4153883445213579,0.37140608227768585,-0.2675589743307307,1756822341.674086
2.6201407469999998,2.3521446158,0.8398807326,-0.14905111812031574,0.5155702784924174,-0.29321529688175485,1756822341.682081
1.5266208188,1.8640088054,2.5531417142,0.07452555906015787,0.40805796166298175,-0.3665191429188092,1756822341.690082
2.1343977592,1.8879370314,5.934200047999999,0.40317105721069013,0.47036625086576433,-0.2834414705238791,1756822341.698146
2.2636101795999997,2.6871397797999994,9.556933464399998,0.6560692658246685,0.5815437067645106,-0.44837510229063576,1756822341.706080
2.8570301843999997,3.6993037396,14.0147619682,0.8515461595013258,0.7623598172711231,-0.377514699753081,1756822341.714198
3.4504501891999997,4.689932295999999,18.671194747799998,0.9199630312729187,1.0250318696962697,-0.34452799434368064,1756822341.722079
3.6753755135999997,5.2139604454,19.3962199956,0.8527678899777219,1.1105530204972844,-0.31154127148098787,1756822341.730115
3.086741154,4.369294067599999,17.1469667516,0.5791002458117185,0.9480628496833198,-0.2223549467040776,1756822341.738116
3.7040893847999996,0.7322037155999999,17.2498581234,0.4398229889558636,0.7623598172711231,-0.26145032194875056,1756822341.746140
2.3018953412,0.6484549246,16.1204458562,1.1068877767082188,0.9028588220566666,-0.2516764781375823,1756822341.754082
2.3186450994,-0.22492532440000002,16.086946339799997,1.038470904936626,0.6279694648675597,-0.43249260609748735,1756822341.762123
2.2779671151999996,-0.22492532440000002,18.4869474076,0.9847147290686157,0.3946189613292104,-0.30298917559950816,1756822341.770084
2.4000010678,-1.4668002538,20.3413849226,0.8417722982368651,0.07819075048934597,-0.3848450826114571,1756822341.778108
2.3306092123999997,-1.5649059803999998,19.8532491122,0.6096435077216193,-0.5485569839018177,-0.3103195584578843,1756822341.786124
2.7349962317999994,-2.6033909887999998,18.915262653,0.2516764781375823,-1.2730431913112492,-0.4007275788046055,1756822341.794091
3.4145578501999996,-3.1680971224,17.484354738199997,-0.05253441048502932,-2.0916025057768346,-0.4495968153137393,1756822341.802096
4.2879380992,-3.4265219632,15.6514526266,-0.37384952577718544,-2.8221973481149534,-0.45937065912490754,1756822341.810133
5.228317380999999,-3.1752755902,13.4883409962,-0.5791002458117185,-3.4403929342647595,-0.4789183642005365,1756822341.818109
6.0251273068,-2.63210486,11.207981058399998,-0.6853907972581733,-3.9645152911853643,-0.37140608227768585,1756822341.826082
6.675975054,-1.7946169499999998,8.7888374098,-0.7086036414031127,-4.326147529651882,-0.23945917337362202,1756822341.834095
7.1856462678,-0.6987041992,6.575476504799999,-0.7257079378858273,-4.439768638489638,-0.035430183815484885,1756822341.842136
7.6498538522,0.28713871199999996,4.749752860999999,-0.679282109969608,-4.328590990604674,0.15027284859671178,1756822341.850085
8.1140614366,0.9212367009999999,3.3451659948,-0.6023130899566581,-4.009719510798235,0.40561451816348215,1756822341.858094
8.408378616399999,1.0671988796,2.464607278,-0.5497787143782138,-3.576005086957889,0.5229006264442086,1756822341.866099
8.4514494232,1.1102696864,1.7946169499999998,-0.4776966337241405,-2.9517007437063474,0.5839871502640102,1756822341.874174
8.2480595022,1.1916256548,1.2251251712,-0.417831840380735,-2.2980749911943485,0.6206390994624761,1756822341.882076
7.7383882883999995,1.2346964615999998,0.6532405698,-0.39706240482870997,-1.5283848259714343,0.6719517620178169,1756822341.890113
7.080362073399999,1.3136596073999998,0.1004985492,-0.4471533718142397,-0.736703459813514,0.6646214140660257,1756822341.898167
6.355336825599999,1.3351950108,-0.38763726119999997,-0.5497787143782138,-0.006108652381980153,0.700051580428218,1756822341.906065
5.5776694806,1.3567304141999998,-0.5144568589999999,-0.6450736740838118,0.6475171175833112,0.6841690842350697,1756822341.914215
4.9555356046,1.2418749294,-0.39481572899999995,-0.7049384674272172,1.2205087459196349,0.6255260039147678,1756822341.922082
4.3525443094,1.0336993632,-0.0047856452,-0.7415904340789756,1.7654005732988494,0.5314527746855658,1756822341.930093
3.7088750299999997,0.7920242806,0.3756731482,-0.7012732934513216,2.161241247651163,0.4007275788046055,1756822341.938112
3.2159535744,0.39720855159999996,0.7274180704000001,-0.5803219762881145,2.443460952792061,0.22968532956245377,1756822341.946111
2.9216363946,-0.08135596839999999,1.2155538808,-0.33231070703301285,2.5668558530811083,0.0024434609527920616,1756822341.954110
2.6967110702,-0.5670989562,1.9405791286,0.12217304763960307,2.5925119487393298,-0.158824961931484,1756822341.962112
2.6895326024,-1.0504491214,3.1633114772,0.6609561702769601,2.5106562337135983,-0.4043927876870862,1756822341.970078
3.1154550252,-1.43569356,5.4173503664,1.3316862716315512,2.3164010007001665,-0.6291911778906633,1756822341.978104
3.924229064,-1.0241280728,9.4061856406,1.9706513282399676,2.0060814771488675,-0.7990117141097115,1756822341.986127
4.8023949582,0.669990328,15.400206253599999,2.2773055381890313,1.6420057951828502,-0.8564330639536175,1756822341.994101
5.682953674999999,3.4695927699999998,20.755343232399998,2.0402899304879565,1.2156218589206356,-0.860098237929513,1756822342.002125
6.6185473115999995,5.2091748002,20.9802685568,1.473406919627028,0.8539896030008255,-0.8148942103028599,1756822342.010086
7.829315547199999,5.8648081926,19.692929997999997,0.8625416814290127,0.36041049053682905,-0.6487388480597073,1756822342.018086
9.0113699116,4.9842494758,17.82652837,0.34697143784318024,-0.23945917337362202,-0.3518583772020568,1756822342.026107
8.4059857938,3.3355947043999996,15.6801664978,0.0757472895365539,-0.44348816293175913,-0.1392772743091475,1756822342.034092
8.2648092604,1.6103696097999998,15.7710937566,-0.22846359908605773,-0.2834414705238791,-0.0757472895365539,1756822342.042131
9.643075077999999,-1.7898313048,16.1180530336,-0.5265658353266892,-0.08918632477691024,-0.0879645943005142,1756822342.050092
8.614161359999999,-1.4979069475999998,15.634702868399998,-0.6328563518665589,0.2993239667170275,-0.0916297857297023,1756822342.058147
8.2145599858,-2.4263221163999997,15.086746492999998,-0.8210028975914251,0.614530412173911,-0.11972958668681101,1756822342.066103
7.3028945752,-3.0891339766,14.1631169694,-0.9957103208094725,0.9334020839665674,-0.1392772743091475,1756822342.074083
6.3385870674,-3.1513473642,12.4163564714,-1.11421819447318,1.1948523884620255,-0.048869219055841226,1756822342.082132
5.0440700408,-2.763710103,10.466206052399999,-1.122770342714537,1.3341297151310507,-0.04276056667386108,1756822342.090103
3.900300838,-2.0123638066,8.673981925,-1.0421360789125218,1.3597860900419523,0.02199114857512855,1756822342.098189
2.8307091358,-1.4644074311999997,7.4488567537999995,-0.9615018849236762,1.314581992602129,-0.02199114857512855,1756822342.106087
1.8376877567999998,-0.9547362173999999,6.4319071488,-0.8368853937845735,1.192408944962526,-0.028099800957108706,1756822342.114107
1.0600204117999998,-0.3565305674,5.5178489156,-0.7342600163140145,1.0873401065391748,-0.14294246573833558,1756822342.122109
0.5264209719999999,0.19142580799999998,4.7593241513999995,-0.6682865880419212,0.9456193887305278,-0.21746802479849348,1756822342.130118
0.18424734019999997,0.6604190376,4.0654055974,-0.6194173864393725,0.8307766890427158,-0.19181168479417682,1756822342.138090
-0.0502492746,0.9978070242,3.4337004309999997,-0.6072000642221197,0.7257079378858273,-0.19914206765255302,1756822342.146232
-0.18185451760000002,1.232303639,2.7086751832,-0.6218608299388722,0.6731734924942129,-0.16982053621904827,1756822342.154169
-0.2608176634,1.4141581565999999,1.6127624323999998,-0.6230825604152682,0.6462954045602076,-0.14782938764391973,1756822342.162082
-0.4019941968,1.5074782379999998,0.4450650036,-0.5595525756426746,0.6377433261320204,-0.10995574287564276,1756822342.170085
-0.39960137419999997,1.3136596073999998,-0.5192425042,-0.49724430389318447,0.6633996137764597,-0.1075122819228507,1756822342.178092
-0.2608176634,1.0911271056,-0.8231309743999999,-0.3860668479944382,0.6499606483492734,-0.07208209810736581,1756822342.186072
-0.028713871199999998,1.0384850084,-0.09092725880000001,-0.17715091907742445,0.6438519436074157,-0.10995574287564276,1756822342.194106
0.1411765334,1.2658031554,1.4644074311999997,0.08185594191853406,0.6010913769335546,-0.11972958668681101,1756822342.202102
0.25124637299999997,1.2921242039999998,4.0462630166,0.3518583772020568,0.6304129083670593,-0.18570303241219668,1756822342.210112
0.37088750299999995,1.6127624323999998,7.331608446399999,0.6805039102591741,0.6279694648675597,-0.26633724385433466,1756822342.218107
0.5407779076,2.1918255016,11.399406866399998,0.9138544137975234,0.7513642255302664,-0.31154127148098787,1756822342.226116
0.8805587167999999,3.1944181709999997,16.524832875599998,1.1459832566726469,0.9126326833211273,-0.2675589743307307,1756822342.234100
0.7920242806,4.4769710846,19.647466368599996,1.2070697804924484,1.0091493735031214,-0.2736676267127109,1756822342.242111
1.7635102561999998,3.266202849,18.675980393,1.1276572471668287,0.8674286556944744,-0.2431243648028101,1756822342.250086
-0.3780659708,3.8907295475999994,17.0392897346,0.9798278246163241,0.6230825604152682,-0.20158552860534507,1756822342.258089
-1.3663017045999999,2.1631116304,15.5844535938,1.1007791592328235,0.21868975527488949,-0.24678955623199822,1756822342.266130
-0.9547362173999999,0.179461695,16.043875532999998,1.275486652264041,0.07208209810736581,-0.4019493441875866,1756822342.274113
-0.4881358104,-0.6053841178,17.974883371199997,1.3316862716315512,-0.3152064454568834,-0.42027528388023455,1756822342.282085
-0.215354034,-0.7992027483999999,20.1021026626,1.2070697804924484,-0.7794640439406675,-0.3262020546510327,1756822342.290086
0.2799602442,-1.4931213023999999,20.0446749202,1.0787880281109876,-1.436755040241732,-0.3420845333908886,1756822342.298264
0.981057266,-1.9453647737999997,18.7262296676,0.8503244290249299,-2.229658119422756,-0.3726277953007894,1756822342.306154
2.3497517932,-2.3617159061999997,17.4460695766,0.5803219762881145,-3.0799825484476857,-0.46792275500638725,1756822342.314085
4.055834307,-2.4335005842,16.237694163599997,0.18203784098300857,-3.9413026390266426,-0.3909537524467298,1756822342.322082
5.644668513399999,-2.1990039693999996,14.6345030216,-0.09285151620609834,-4.715879848328189,-0.34086282036778504,1756822342.330092
6.960720943399999,-1.7515461431999997,12.4689985686,-0.3237585587916556,-5.314527572322733,-0.14416419621473162,1756822342.338129
7.779066272599999,-1.0217352502,10.1048898398,-0.5204571829447091,-5.649281600682198,0.061086523819801536,1756822342.346135
8.2815590186,-0.059820565,7.659425142599999,-0.6059783337457239,-5.672494776439696,0.20280725908174108,1756822342.354083
8.738588135199999,0.7202396025999999,5.26420972,-0.6914994321868608,-5.370727191690244,0.45937065912490754,1756822342.362115
9.2171526552,1.1222337993999998,3.6251262389999996,-0.7049384674272172,-4.8172834429624745,0.6377433261320204,1756822342.370203
9.3774717694,1.136590735,2.4023938904,-0.6719517620178169,-4.069584181968593,0.6976081194754261,1756822342.378083
9.353543543399999,1.1389835575999998,1.387837108,-0.577878532788615,-3.2302554144976905,0.7415904340789756,1756822342.386113
8.9946201534,1.0528419439999999,0.6245266986,-0.5265658353266892,-2.3835962816217036,0.7318165553612224,1756822342.394128
8.4059857938,1.0671988796,-0.059820565,-0.5045746867515607,-1.4672983021516328,0.755029399506162,1756822342.402107
7.6785677234,1.124626622,-0.5910271822,-0.5265658353266892,-0.6120869686744114,0.7159340591680741,1756822342.410101
6.884150620199999,1.0719845248,-0.8853443619999999,-0.5277875658030853,0.1795943800302165,0.7330382858376184,1756822342.418112
6.1160545656,0.9068797653999999,-0.9332008139999999,-0.5143485131094364,0.8503244290249299,0.7098253718795088,1756822342.426080
5.312066172,0.7680960546,-0.8063812161999999,-0.4776966337241405,1.435533309765336,0.5705481150236538,1756822342.434087
4.5966122145999995,0.6460621019999999,-0.38763726119999997,-0.4422664324553631,1.8765779593844256,0.45937065912490754,1756822342.442054
4.0869410008,0.4331008906,0.1698904046,-0.30543261909900765,2.24676227627913,0.35430182070155636,1756822342.450097
3.6514472876,0.0526420972,0.8159525066,-0.11239920382843482,2.5082127902140985,0.17226399717184032,1756822342.458068
3.3690942208,-0.275174599,1.6031911419999998,0.2345722514680379,2.6242770807519666,0.039095375244672985,1756822342.466136
3.2829526072,-0.5670989562,2.5028924396,0.6670648575655254,2.5961772623415653,-0.19792033717615698,1756822342.474082
3.3164521235999995,-0.7824529901999999,3.7399817237999997,1.1288789601899325,2.450791300743852,-0.3750712562535814,1756822342.482069
3.6873396266,-0.8327022648,5.86241537,1.6652187091409598,2.2773055381890313,-0.5986479159807625,1756822342.490072
4.414757697,-0.430708068,8.518448456,2.1856758746323766,1.9645425711382323,-0.7134906156685744,1756822342.498136
5.3216374624,0.7202396025999999,12.064611549199999,2.504547476611863,1.557706357404939,-0.7525859560066623,1756822342.506076
6.766902312799999,3.1226334929999995,16.6707950542,2.3970351248758424,0.9615018849236762,-0.594982742004867,1756822342.514069
8.640482408599999,4.8215375389999995,18.838692329799997,1.9022343168420348,0.35674531656093345,-0.32864549815053223,1756822342.522119
9.961320483799998,5.314458994599999,18.288343131799998,1.2400564859018488,-0.4105014400690663,-0.047647488579445195,1756822342.530067
11.6841527558,4.8670011684,18.1519522436,0.7024950239277177,-0.9529497366823189,0.35430182070155636,1756822342.538087
12.6293176828,3.6993037396,18.333806761199998,0.15760323145508795,-1.1239920731909332,0.6548475353482724,1756822342.546116
12.2488588894,1.9070796122,16.7760792486,-0.2675589743307307,-0.9053022655561662,0.7806857744170635,1756822342.554085
11.600403964799998,-0.1220339526,15.3690995598,-0.6841690842350697,-0.42149701435663056,0.7269296683622233,1756822342.562080
11.205588235799999,-2.0267207421999998,14.469398262199999,-0.9590584414241766,0.22357667718047364,0.5998696464571586,1756822342.570086
9.9373922578,-3.7136606752,13.591232368,-1.1374310386181197,0.9639453458764682,0.4495968153137393,1756822342.578106
8.8749790234,-4.462614149,12.5168550206,-1.160643952576229,1.6945401009481245,0.43493604959698695,1756822342.586110
7.573283528999999,-4.591826569399999,11.4568346088,-1.0873401065391748,2.214997423519174,0.4129449010218584,1756822342.594177
6.0107703712,-3.7160534977999995,10.021141048799999,-0.9761626506404285,2.6047294629428,0.37384952577718544,1756822342.602094
4.378865358,-2.3162522768,8.5591264402,-0.775798869964772,2.8356364531684797,0.33231070703301285,1756822342.610110
2.87138712,-0.8853443619999999,7.2574309458,-0.5119050696099369,2.9113836903451564,0.2919935838586513,1756822342.618106
1.6797614652,0.24167508259999998,6.474977955599999,-0.3726277953007894,2.8295276960667444,0.20280725908174108,1756822342.626109
0.6771687958,1.160518961,5.953342628799999,-0.24068090385001803,2.626720524251466,0.07452555906015787,1756822342.634094
-0.0669990328,1.8065810629999999,5.3934221404,-0.2565634000431664,2.3493877235628595,0.02199114857512855,1756822342.642113
-0.6245266986,2.2396819536,4.8502514102,-0.29321529688175485,2.04151164351106,-0.05497787143782138,1756822342.650090
-0.9427721043999999,2.4000010678,3.9984065645999993,-0.3616322035599326,1.7409659288643438,-0.019547687622336492,1756822342.658072
-1.1868400096,2.5028924396,2.6847469572,-0.33719761148530447,1.4514158757716547,-0.007330382858376184,1756822342.666097
-1.0959127508,2.4933211492,1.43569356,-0.3848450826114571,1.1960741189384216,-0.008552113334772215,1756822342.674155
-1.2442677519999998,2.5268206656,0.0765703232,-0.3103195584578843,1.0360274614371265,0.12950343049797924,1756822342.682078
-1.1030912186,2.524427843,-0.9595218625999999,-0.2907718533822553,0.8833111518876227,0.09040805525330627,1756822342.690106
-1.0121639597999998,2.5292134882,-1.1270194446,-0.28832839242946323,0.7403686337894095,0.1637118838370681,1756822342.698103
-0.550349198,2.1343977592,-0.1220339526,-0.3066543495754037,0.5644394800949663,0.158824961931484,1756822342.706087
-0.4331008906,2.3401805028,1.7826528369999999,-0.24678955623199822,0.3946189613292104,0.16982053621904827,1756822342.714113
-0.1220339526,2.5866412305999997,4.4530428586,-0.14294246573833558,0.30421088862261164,0.12950343049797924,1756822342.722105
-0.1339980656,2.9072794589999997,7.489534737999999,0.048869219055841226,0.31398473243377983,0.023212879051524585,1756822342.730094
-0.014356935599999999,3.4911281733999995,10.995019847,0.30909779307490326,0.4019493441875866,-0.05253441048502932,1756822342.738094
0.32303105099999996,4.2664026958,15.670595207399998,0.519235452468313,0.5546656537370904,-0.10629055144645466,1756822342.746138
0.5096712137999999,4.9722853628,19.0396894282,0.7086036414031127,0.7122688851921785,-0.039095375244672985,1756822342.754106
0.5240281494,4.5200418914,18.199808695599998,0.6462954045602076,0.6805039102591741,0.035430183815484885,1756822342.762108
-0.5575276658,4.2089749534,15.522240206199998,0.700051580428218,0.537561392160961,-0.009773843811168246,1756822342.770157
-0.5766702466,1.8855442087999998,14.8259288296,0.8833111518876227,0.2919935838586513,-0.1111774733520388,1756822342.778091
-0.3900300838,0.406779842,15.132210122399998,1.174082935456708,0.1710422666954443,-0.1075122819228507,1756822342.786109
0.3613162126,-0.5982056499999999,17.556139416199997,1.2889256176912274,-0.1392772743091475,-0.19303341527057286,1756822342.794201
0.6556333924,-1.2179467034,20.042282097599998,1.319468879601128,-0.40805796166298175,-0.12095131716320703,1756822342.802126
0.8279166196,-1.4572289634,19.8341065314,1.332908002107947,-0.8381071068076771,-0.15271630954950383,1756822342.810085
0.9714859755999999,-1.6366906583999998,18.4773761172,1.1960741189384216,-1.473406919627028,-0.17226399717184032,1756822342.818121
1.6797614652,-1.7635102561999998,17.012968685999997,0.8173377236155296,-2.3029618956466402,-0.21258110289290932,1756822342.826086
2.8498517165999995,-2.1798613886,15.8093789182,0.37384952577718544,-3.233920448847246,-0.29565879274113194,1756822342.834118
4.1491543884,-2.4478575198,14.2540442282,-0.06841690667817772,-4.023158371505667,-0.2272418686096617,1756822342.842115
5.508277625199999,-2.2325034857999997,12.1651100984,-0.33231070703301285,-4.670675349462638,-0.20891591146372127,1756822342.850112
6.664010941,-2.0434705004,10.155139114399999,-0.47525315531805595,-5.155702505671494,-0.09651670763528643,1756822342.858084
7.453642399,-1.3304093656,7.795816030799999,-0.596204472481263,-5.418374872255907,0.07086036763096977,1756822342.866087
8.063812162,-0.5647061336,5.7044890784,-0.6487388480597073,-5.387831610346006,0.2541199390903744,1756822342.874124
8.6883388606,0.0263210486,3.9888352742,-0.6914994321868608,-5.067737754291348,0.41661010990433894,1756822342.882091
9.1549392676,0.2656033086,2.8067809098,-0.6230825604152682,-4.555832929027505,0.5131268000863328,1756822342.890086
9.3056870914,0.41156548719999997,1.7826528369999999,-0.498466016916288,-3.8423422435457613,0.5534438883541094,1756822342.898105
9.2937229784,0.6269195211999999,0.873380249,-0.45814892864851153,-3.000570015122066,0.6487388480597073,1756822342.906133
8.8845503138,0.6628118601999999,0.18185451760000002,-0.3824016391119576,-2.117258880687736,0.6218608299388722,1756822342.914084
8.291130309,0.6604190376,-0.36370903520000003,-0.37995817815916555,-1.2424999294013483,0.700051580428218,1756822342.922128
7.5565337708,0.6460621019999999,-0.8183453291999999,-0.36896258641830876,-0.3616322035599326,0.6670648575655254,1756822342.930080
6.7549381998,0.7800601676,-1.0289137179999999,-0.3885102914939378,0.44104470197896706,0.6670648575655254,1756822342.938104
5.9437713383999995,0.849452023,-0.9499505721999999,-0.4019493441875866,1.1374310386181197,0.6633996137764597,1756822342.946093
5.2809594782,0.8829515394,-0.5886343596,-0.42149701435663056,1.7409659288643438,0.5497787143782138,1756822342.954111
4.6013978598,0.5934200048,-0.0334995164,-0.39584067435231396,2.2626448248321562,0.498466016916288,1756822342.962110
4.0295132584,0.35892339,0.46660040699999994,-0.29688050576423547,2.660929099763602,0.3347541505325124,1756822342.970123
3.5653056739999998,-0.057427742399999995,0.9762716208,-0.06230825429619756,2.900388028791129,0.14294246573833558,1756822342.978086
3.3355947043999996,-0.33738798659999997,1.7778671918,0.2700024352835228,3.0066787722238018,-0.025656340004316644,1756822342.986089
3.2566315585999996,-0.6340979889999999,2.9934210726,0.7660249912470187,2.967583309712666,-0.2309070600388498,1756822342.994131
3.4193434953999997,-0.7106683122,5.1613183482,1.3255775145298156,2.825862661717189,-0.4422664324553631,1756822343.002141
3.9314075318,-0.107677017,9.193224429199999,1.9022343168420348,2.5888469143897743,-0.6194173864393725,1756822343.010085
4.654039957,1.7730815465999998,15.486347867199997,2.1795671175306413,2.296853400344293,-0.7098253718795088,1756822343.018099
5.38385085,4.527220359199999,20.458633229999997,1.7739526342737442,1.7898352002800626,-0.719599250597262,1756822343.026226
5.5345986738,6.1567325498,20.5806671826,1.1398744995709114,1.2534954687823274,-0.6267477343911637,1756822343.034096
6.6783678766,6.0107703712,18.580267489,0.6194173864393725,0.519235452468313,-0.4618141026244071,1756822343.042097
8.2217384536,4.9818566531999995,17.3383925596,0.35430182070155636,-0.20036379812894903,-0.2345722514680379,1756822343.050089
8.8151584584,3.5988051904000002,16.6564381186,0.21380283336930536,-0.7049384674272172,0.048869219055841226,1756822343.058091
8.748159425599999,2.0123638066,16.4674051332,0.026878070480712675,-0.8478809855254303,0.1795943800302165,1756822343.066112
9.5282195932,0.6532405698,16.613367311799998,-0.20158552860534507,-0.8222246280678212,0.26145032194875056,1756822343.074128
9.7962157244,-0.7992027483999999,15.897913354399998,-0.4092797270459628,-0.6707300315414209,0.2150245638457014,1756822343.082082
9.738787982,-2.1248264688,15.031711573199999,-0.6853907972581733,-0.42394049276271517,0.28099800957108706,1756822343.090090
9.056833541,-2.9192435719999996,13.8975136608,-0.9199630312729187,-0.11728612573401895,0.34452799434368064,1756822343.098082
8.204988695399999,-3.3475588174,12.2010024374,-1.133765864642224,0.24678955623199822,0.41661010990433894,1756822343.106099
7.058826669999999,-3.0771698636,10.0905329042,-1.1643091265521246,0.5705481150236538,0.4227187273797341,1756822343.114095
5.7332029496,-2.2325034857999997,8.0685978072,-1.1472049696957503,0.7941248096574199,0.3909537524467298,1756822343.122122
4.4458643908,-1.4691930763999999,6.7453669093999995,-1.059240305582066,0.9859365293581818,0.3249803241746367,1756822343.130105
3.3954152693999995,-0.8015955709999999,5.833701498799999,-0.9126326833211273,1.0910052805150705,0.19914206765255302,1756822343.138088
2.4263221163999997,-0.10289137179999999,4.9866422984,-0.8466591852358643,1.1459832566726469,0.07452555906015787,1756822343.146178
1.7036896912,0.5527420206,4.3573299546,-0.7281513813853269,1.1410962125940152,-0.05253441048502932,1756822343.154092
1.1533404932,1.0695917021999999,3.804587934,-0.698829849951822,1.1691960310044163,-0.14538592669112765,1756822343.162082
0.7561319416,1.4093725114,3.3714870433999997,-0.6304129083670593,1.1630873960757286,-0.18936822384138474,1756822343.170100
0.47377887479999997,1.5696916256,2.9503502658,-0.6255260039147678,1.1533136046244379,-0.21258110289290932,1756822343.178135
0.31345976059999997,1.7994025952000001,2.1272192914,-0.5925392985053675,1.2144001284442394,-0.24801128670839426,1756822343.186073
0.22971096959999998,1.8783657409999999,0.9643075078,-0.5693263845472578,1.1948523884620255,-0.2565634000431664,1756822343.194154
0.1411765334,1.5768700934,-0.0023928226,-0.5314527746855658,1.2156218589206356,-0.20769418098732523,1756822343.202448
0.22971096959999998,1.2251251712,-0.6053841178,-0.4715879638888678,1.1704177614808122,-0.21868975527488949,1756822343.210096
0.41156548719999997,1.0959127508,-0.4211367776,-0.29321529688175485,1.0873401065391748,-0.17226399717184032,1756822343.218136
0.5312066172,1.1461620253999998,0.8207381518,-0.11239920382843482,0.9786061115932205,-0.1795943800302165,1756822343.226102
0.7968099258,0.8853443619999999,2.9455646206,0.1282817000215832,0.9162978572970231,-0.17715091907742445,1756822343.234077
1.0336993632,1.0313065406,5.922235935,0.3946189613292104,0.935845527466067,-0.22113321622768156,1756822343.242108
1.0743773474,1.2705888006000001,10.009176935799998,0.801455157609211,1.0213666782670816,-0.3066543495754037,1756822343.250079
1.4333007374,1.9070796122,15.187245042199999,1.1362093081417235,1.2608258167341186,-0.2553416695667704,1756822343.258103
1.4165509792,2.9694928466,19.2478649944,1.2718214782881454,1.4624113976993414,-0.277332818141899,1756822343.266080
0.8949156524,3.8811582572,19.2454721718,1.0555751316061706,1.452637588794758,-0.2736676267127109,1756822343.274209
0.22731814699999997,3.1609186545999997,17.0225399764,0.8246680715673207,1.274264921787645,-0.29688050576423547,1756822343.282064
-0.5862415369999999,1.2107682356,15.622738755399999,0.9627236154000721,1.0470230531779834,-0.36896258641830876,1756822343.290098
-0.8350950873999999,-0.5144568589999999,15.560525367799999,1.1704177614808122,0.7892379052051284,-0.4789183642005365,1756822343.298108
-0.1603191142,-1.411765334,17.1996088488,1.255938912281827,0.35552358608453744,-0.4361577800733829,1756822343.306128
-0.0693918554,-1.3854442854,19.4392908024,1.2034044668902126,-0.14172073526193954,-0.4850270165825167,1756822343.314091
0.107677017,-1.7204394494,19.7336079822,1.1239920731909332,-0.7305948423381188,-0.5119050696099369,1756822343.322087
0.6556333924,-1.7898313048,18.7023014416,0.9028588220566666,-1.5076153555128244,-0.5888741245294717,1756822343.330158
1.9764714676,-1.9597217094000001,17.5896389326,0.5595525756426746,-2.482556415303197,-0.6291911778906633,1756822343.338087
3.6634114006,-2.0051853387999996,16.307086019,0.15393804002589986,-3.4636058482228695,-0.5864305937635097,1756822343.346137
5.266602542599999,-1.9166509026,14.404792052,-0.2345722514680379,-4.3750168010676,-0.48258353817643207,1756822343.354121
6.6568324732,-1.6845471104,12.2536445346,-0.46792275500638725,-5.088507224749957,-0.32009338481576005,1756822343.362096
7.7503524014,-1.1437692028,9.966106128999998,-0.6414085001079161,-5.551543057850761,-0.14416419621473162,1756822343.370076
8.4610207136,-0.3158525832,7.3986074792,-0.73792519028991,-5.699372462947973,0.08429940287132612,1756822343.378097
8.970691927399999,0.5264209719999999,4.979463830599999,-0.775798869964772,-5.524665371342484,0.278554548618295,1756822343.386084
9.3774717694,1.2275179938,3.2135607518,-0.7147123461449705,-5.045746972235362,0.4850270165825167,1756822343.394088
9.664610481399999,1.5744772707999999,1.8616159827999998,-0.6829473537586737,-4.3750168010676,0.6108652381980153,1756822343.402227
9.7722874984,1.6366906583999998,1.0265208954,-0.5791002458117185,-3.5833354523629732,0.6670648575655254,1756822343.410092
9.6143612068,1.5553346899999998,0.5335994398,-0.5045746867515607,-2.642603090257784,0.6279694648675597,1756822343.418084
9.229116768199999,1.3806586401999998,0.0382851616,-0.4850270165825167,-1.690874926972229,0.6670648575655254,1756822343.426121
8.5878403114,1.2586246876,-0.3182454058,-0.43493604959698695,-0.7134906156685744,0.5668829410477582,1756822343.434086
7.800601676,1.184447187,-0.6532405698,-0.38117990863556156,0.21380283336930536,0.575435071835823,1756822343.442067
6.9080788462000005,1.2658031554,-0.861416136,-0.39584067435231396,1.010371086526225,0.5864305937635097,1756822343.450078
5.871986660399999,1.3591232368,-0.8446663778,-0.417831840380735,1.6468926996351418,0.5888741245294717,1756822343.458097
5.0775695571999995,1.3902299305999999,-0.5264209719999999,-0.5009095127756651,2.2479841289285742,0.5827654197876142,1756822343.466091
4.204189308199999,1.1557333157999998,0.0789631458,-0.5204571829447091,2.684141734469032,0.5119050696099369,1756822343.474103
3.4552358344,0.8829515394,0.5144568589999999,-0.5070181302510602,3.0103438240266494,0.35430182070155636,1756822343.482072
2.8785655878,0.4881358104,0.9547362173999999,-0.3506366467256608,3.1997121525877894,0.20280725908174108,1756822343.490099
2.6057838114,0.107677017,1.495514125,-0.10140362954087054,3.23269885799719,0.019547687622336492,1756822343.498083
2.3425733254,-0.2321037922,2.3856441322,0.3066543495754037,3.137403776118544,-0.11484266478122689,1756822343.506133
2.3449661479999997,-0.5407779076,4.0055850324,0.8442157417363647,2.934596586849973,-0.3750712562535814,1756822343.514152
2.6703900216,-0.5551348432,7.283751994399999,1.4233160573612533,2.6804767001194767,-0.5473352708787143,1756822343.522069
3.3188449462,0.45942193919999996,12.954741556399998,1.8558086285521556,2.3628268286163863,-0.7257079378858273,1756822343.530057
3.8356946277999997,2.6033909887999998,18.766907651799997,1.8252653666422547,1.9767599457153626,-0.8429940112599686,1756822343.538073
4.721038989799999,4.510470601,21.3176565434,1.3683381684701394,1.5186110170668512,-0.8307766890427158,1756822343.546126
5.460421173199999,5.2067819775999995,19.7623218534,0.8429940112599686,0.990823416357181,-0.8234463410909246,1756822343.554116
7.0660051377999995,4.869393991,18.1112742594,0.47525315531805595,0.28466318354698267,-0.6279694648675597,1756822343.562080
7.8676007087999995,3.3690942208,16.2185515828,0.22113321622768156,-0.3824016391119576,-0.38117990863556156,1756822343.570085
7.4273213504,1.5242279962,15.598810529399998,0.07696902001294993,-0.5815437067645106,-0.23945917337362202,1756822343.578107
8.044669581199999,0.107677017,16.4602266654,-0.16493361431346412,-0.5326744877086693,-0.1759291886010284,1756822343.586109
8.721838377,-1.5457633995999998,16.4219415038,-0.339641054984804,-0.4117231705454623,-0.17226399717184032,1756822343.594110
8.903692894599999,-2.9694928466,15.907484644799998,-0.5461135404023182,-0.26022859147235455,-0.09040805525330627,1756822343.602118
8.6309111182,-4.1419759206,15.515061738399998,-0.7061601979036133,-0.025656340004316644,-0.026878070480712675,1756822343.610099
7.8819576444,-4.718646167199999,14.2875437446,-0.8503244290249299,0.24190263432641407,0.07452555906015787,1756822343.618110
6.848258281199999,-4.3334017286,12.239287598999999,-0.9517280236592153,0.5119050696099369,0.2357939819444339,1756822343.626107
5.7188460139999995,-3.3332018818,10.0570333878,-0.9663887893759677,0.6829473537586737,0.2822197400474831,1756822343.634086
4.582255279,-2.1918255016,8.4251283746,-0.9101892398216279,0.7415904340789756,0.33231070703301285,1756822343.642087
3.6275190615999997,-1.1413763802,7.4847490928,-0.8210028975914251,0.7293731118617228,0.30543261909900765,1756822343.650074
2.703889538,-0.2967100024,7.0253271536,-0.7342600163140145,0.7293731118617228,0.2150245638457014,1756822343.658088
2.03389921,0.38285161599999995,6.6472611827999994,-0.6658431445424218,0.6267477343911637,0.10140362954087054,1756822343.666081
1.4404792051999997,0.9332008139999999,6.1064832752,-0.6633996137764597,0.577878532788615,0.03665191429188092,1756822343.674108
0.9714859755999999,1.4213366244,5.3814580274,-0.6951646759759265,0.5424483315198376,-0.0317649923862968,1756822343.682082
0.7322037155999999,1.7419748528,4.6301117309999995,-0.7440338775784752,0.538783157543942,-0.12950343049797924,1756822343.690094
0.5407779076,2.03389921,3.7926238209999994,-0.8087855753741724,0.538783157543942,-0.09773843811168245,1756822343.698082
0.38285161599999995,2.249253244,2.5052852621999997,-0.9004153611038747,0.5913175680289714,-0.11728612573401895,1756822343.706100
0.2919243572,2.2875384056,0.9547362173999999,-0.8710938296703699,0.6328563518665589,-0.0916297857297023,1756822343.714089
0.1459621786,1.8855442087999998,-0.2440679052,-0.8503244290249299,0.7049384674272172,-0.0916297857297023,1756822343.722121
0.215354034,1.3567304141999998,-0.9714859755999999,-0.7281513813853269,0.7134906156685744,-0.08429940287132612,1756822343.730084
0.2943171798,1.100698396,-0.9308079913999999,-0.555887366760194,0.7024950239277177,-0.14294246573833558,1756822343.738121
0.5479563754,0.825523797,0.011964112999999998,-0.33231070703301285,0.6829473537586737,-0.10384709049366261,1756822343.746111
0.7585247641999999,0.8039883936,1.8376877567999998,0.012217304763960306,0.6707300315414209,-0.1466076571675237,1756822343.754122
0.9978070242,0.6436692794,4.5439701174,0.3860668479944382,0.6829473537586737,-0.17348572764823636,1756822343.762085
1.2155538808,0.7848458128,7.989634661399999,0.8429940112599686,0.7806857744170635,-0.18936822384138474,1756822343.770141
1.471585899,1.5768700934,12.4929267946,1.1863003100338383,0.9272934490378798,-0.19792033717615698,1756822343.778121
1.7563317884,2.703889538,17.730815466,1.4086552218313309,1.1178834382622458,-0.2516764781375823,1756822343.786087
1.3663017045999999,4.273581163599999,19.7599290308,1.3206906100775242,1.209513223991948,-0.34330626386728463,1756822343.794175
0.8350950873999999,3.9816568063999997,17.977276193799998,1.0983356982800316,1.1362093081417235,-0.3885102914939378,1756822343.802152
-0.0095712904,2.4215364712,15.7974148052,1.0653489928706312,1.0286970436721654,-0.43249260609748735,1756822343.810097
-1.016949605,0.48095734259999995,15.409777544,1.2339477288001133,0.9382889709655666,-0.537561392160961,1756822343.818095
-0.8183453291999999,-1.0145567824,16.27119368,1.3158037056252325,0.6951646759759265,-0.6377433261320204,1756822343.826100
-0.5431707302,-1.3615160593999998,18.422341197399998,1.3365731760838424,0.2919935838586513,-0.6157521426503069,1756822343.834108
-0.5168496816,-1.7180466267999999,19.920248145,1.2400564859018488,-0.26267205242514663,-0.6255260039147678,1756822343.842071
-0.2440679052,-2.0865413072,19.3770774148,1.011592817002621,-1.0519099401769825,-0.6976081194754261,1756822343.850089
0.6795616184,-2.177468566,18.144773775799997,0.7024950239277177,-2.0451768174869556,-0.7428121471020792,1756822343.858082
2.2540388892,-2.4263221163999997,16.826328523199997,0.24678955623199822,-3.227811953544898,-0.755029399506162,1756822343.866115
4.0749768878,-2.51246373,15.326028753,-0.05253441048502932,-4.322482495302326,-0.6817256232822776,1756822343.874126
5.730810127,-2.3593230835999996,13.2873438978,-0.2797762965479835,-5.258327952955223,-0.5155702784924174,1756822343.882106
7.1377898158,-1.8807585636,11.0739829928,-0.40561451816348215,-5.984035611588371,-0.3005456797401311,1756822343.890084
8.0590265168,-1.016949605,8.6476608764,-0.4667010419832837,-6.388428643621552,-0.039095375244672985,1756822343.898117
8.796015877599999,0.0382851616,6.1375899689999995,-0.5424483315198376,-6.388428643621552,0.22357667718047364,1756822343.906149
9.5066841898,0.9834500885999999,4.0845481781999995,-0.5302310093025848,-6.028018257804478,0.47525315531805595,1756822343.914087
10.061819032999999,1.7012968685999998,2.6297120374,-0.5546656537370904,-5.336518895430788,0.6084217946985158,1756822343.922090
10.3920285518,1.8544375149999999,1.5792629159999998,-0.5607743061190706,-4.472755082099651,0.6878342582109652,1756822343.930162
10.4542419394,1.9453647737999997,0.6915257314,-0.555887366760194,-3.451388595818787,0.6401867696315201,1756822343.938065
10.078568791199999,1.8161523534,0.11006983959999998,-0.575435071835823,-2.333505157556541,0.6047566207226203,1756822343.946132
9.442077979599999,1.6654045296,-0.5048855686,-0.613308681697515,-1.2351694592765095,0.5314527746855658,1756822343.954119
8.6548393442,1.5457633995999998,-1.0001998468,-0.6560692658246685,-0.22479840765686965,0.4850270165825167,1756822343.962083
7.6905318364,1.4883356571999997,-1.3064811396,-0.6695083185183173,0.7098253718795088,0.4850270165825167,1756822343.970083
6.766902312799999,1.3088739621999999,-1.2155538808,-0.6621779007533561,1.452637588794758,0.44837510229063576,1756822343.978096
5.8217373858,0.993021379,-0.7202396025999999,-0.6585127267774605,2.0696114619214607,0.4227187273797341,1756822343.986071
5.0440700408,0.6340979889999999,-0.1579262916,-0.5876523242399058,2.601064166793857,0.2797762965479835,1756822343.994103
4.3716868902,0.39960137419999997,0.4019941968,-0.5167920089688135,2.9736920668144013,0.1466076571675237,1756822344.002101
3.7328032559999995,0.1651047594,0.9212367009999999,-0.33231070703301285,3.219259752943663,-0.02076941809873252,1756822344.010115
3.3690942208,-0.0741775006,1.5409777543999998,-0.06597344572538566,3.345098114185502,-0.19792033717615698,1756822344.018113
3.0077780082,-0.3062812928,2.225325018,0.34819320322616126,3.287676624715256,-0.3872885784708342,1756822344.026108
2.8642086522,-0.5216353268,3.4504501891999997,0.8429940112599686,3.137403776118544,-0.6291911778906633,1756822344.034080
3.1896325257999996,-0.5455635528,5.4652068183999996,1.4086552218313309,2.845410262073063,-0.8161159233259635,1756822344.042118
3.7184463204,-0.007178467799999999,8.516055633399999,1.92911240477604,2.4666738667501713,-0.9761626506404285,1756822344.050098
4.524827536599999,1.3064811396,13.150953009599998,2.1759019435547455,1.9975292765476325,-1.018923234767582,1756822344.058138
5.446064237599999,3.6203405938,18.1040957916,1.9327775787519355,1.4550810497475501,-0.937067257942463,1756822344.066098
6.305087550999999,5.4149575438,19.9465691936,1.3646729770409514,0.8564330639536175,-0.8686503687175778,1756822344.074102
7.621139981,5.6685967394,18.711872732,0.7745771394883759,0.26022859147235455,-0.6524040918487729,1756822344.082115
8.915657007599998,4.6851466508,17.6686020784,0.32986722862692824,-0.28710667940635975,-0.4691444854827833,1756822344.090086
9.4061856406,3.1561330094,16.9435768306,-0.04642575810304917,-0.5681046540708617,-0.18936822384138474,1756822344.098090
9.5665047548,1.1748758966,15.8476640798,-0.3885102914939378,-0.5632177496185702,-0.03665191429188092,1756822344.106135
9.808179837399999,-0.6340979889999999,15.053246976599999,-0.6291911778906633,-0.4153883445213579,0.006108652381980153,1756822344.114087
9.810572659999998,-2.6895326024,14.4933264882,-0.8038986709218807,-0.21380283336930536,0.006108652381980153,1756822344.122109
9.678967416999999,-4.3429730189999995,14.1631169694,-0.8491027160018264,0.06597344572538566,0.08918632477691024,1756822344.130149
8.757730716,-5.1014977832,13.5936251906,-0.9162978572970231,0.43249260609748735,0.08918632477691024,1756822344.138082
7.6450682070000004,-4.7473600384,12.454641632999998,-0.9688322328754674,0.801455157609211,0.13072516097437528,1756822344.146125
6.400800454999999,-3.6658042231999994,10.616953876199998,-0.9468411192069238,1.0800097585873836,0.15638150097869194,1756822344.154083
5.02492746,-2.0051853387999996,8.9994057986,-0.8686503687175778,1.2510520078295355,0.1075122819228507,1756822344.162086
3.9409788222,-0.7345965381999999,8.070990629799999,-0.7586946432952276,1.307251644650338,0.0158824961931484,1756822344.170086
3.0580272828,0.2464607278,7.7264241754,-0.6963864064523225,1.2644909907100141,-0.07086036763096977,1756822344.178119
2.309073809,1.0576275892,7.5158557865999995,-0.7012732934513216,1.1863003100338383,-0.1759291886010284,1756822344.186072
1.7276179172,1.7204394494,7.1688965096,-0.7452556080548712,1.0812314890637797,-0.21258110289290932,1756822344.194167
1.2610175102,2.2157537276,6.5060846494,-0.8210028975914251,1.0054841995272257,-0.22602013813326566,1756822344.202116
0.8901300072,2.4837498588,5.563312545,-0.9187413007965226,0.9187413007965226,-0.21380283336930536,1756822344.210123
0.5431707302,2.6991038927999997,4.486542375,-1.0091493735031214,0.8344419328317815,-0.1942551457469689,1756822344.218098
0.36610185779999993,2.6775684894,3.1824540579999994,-1.1032226027323233,0.8112290363269643,-0.10506882097005864,1756822344.226087
0.1363908882,2.6656043763999997,1.6295121905999999,-1.1374310386181197,0.801455157609211,-0.14049900478554353,1756822344.234121
0.0526420972,2.4071795355999996,0.3493520996,-1.133765864642224,0.8148942103028599,-0.07819075048934597,1756822344.242074
0.0263210486,1.8616159827999998,-0.5335994398,-1.0421360789125218,0.8417722982368651,-0.0317649923862968,1756822344.250091
0.0382851616,1.495514125,-0.9212367009999999,-0.8368853937845735,0.8405505677604691,-0.07086036763096977,1756822344.258090
0.1746760498,1.2251251712,-0.562313311,-0.6059783337457239,0.8087855753741724,-0.08429940287132612,1756822344.266130
0.4259224228,1.0001998468,0.6771687958,-0.32009338481576005,0.7696901652229142,-0.11484266478122689,1756822344.274080
0.5910271822,0.7872386353999999,2.7613172803999997,0.04520402762665313,0.7257079378858273,-0.1832595714594046,1756822344.282101
0.8518448456,0.6915257314,5.515456093,0.4654793115068877,0.7782423134642716,-0.24678955623199822,1756822344.290086
0.9499505721999999,0.8470592003999999,8.8079799906,0.896750187127979,0.9004153611038747,-0.2858849140233787,1756822344.298105
1.256231865,1.4333007374,13.325629059399999,1.2388347554254526,1.112996463996784,-0.2834414705238791,1756822344.306379
1.6175480776,2.368894374,17.6973159496,1.4001031434031437,1.2229522068724266,-0.32864549815053223,1756822344.314129
1.3351950108,3.3188449462,18.8482636202,1.2889256176912274,1.185078597010735,-0.3457497073667842,1756822344.322109
0.7250252477999999,2.5196421977999996,17.527425545,1.210734954468344,1.038470904936626,-0.3518583772020568,1756822344.330105
-0.2799602442,0.7968099258,16.2640152122,1.332908002107947,0.9272934490378798,-0.4398229889558636,1756822344.338088
-1.1341979124,-0.9188438783999999,15.864413837999999,1.473406919627028,0.8087855753741724,-0.6059783337457239,1756822344.346122
-0.9044869427999999,-1.8783657409999999,16.6516524734,1.5332717129704334,0.5815437067645106,-0.6805039102591741,1756822344.354097
-0.6675975054,-2.0267207421999998,18.910477007799997,1.4110986653308304,0.1673770752662562,-0.6475171175833112,1756822344.362109
-0.37328032559999996,-2.5674986497999996,19.800607014999997,1.1948523884620255,-0.44104470197896706,-0.6658431445424218,1756822344.370084
0.11006983959999998,-3.3403803495999997,19.4081841086,0.9016370915802706,-1.2913690786440193,-0.6731734924942129,1756822344.378087
1.3447663012,-3.8069807566,18.3816632132,0.4740314248416599,-2.304183748296084,-0.6939428756863605,1756822344.386139
2.715853651,-3.9505501125999998,16.5320113434,0.12095131716320703,-3.313332982172865,-0.6328563518665589,1756822344.394112
4.3238304382,-3.804587934,14.577075279199999,-0.13805554383275148,-4.298047728694773,-0.5302310093025848,1756822344.402088
5.711667546199999,-3.4695927699999998,12.3852497776,-0.2919935838586513,-5.084842172947109,-0.2919935838586513,1756822344.410125
6.884150620199999,-2.6991038927999997,10.348957744999998,-0.36041049053682905,-5.699372462947973,-0.06230825429619756,1756822344.418083
7.6905318364,-1.495514125,8.274380550799998,-0.3457497073667842,-6.0426789537080605,0.1759291886010284,1756822344.426126
8.4538422458,-0.22013967919999997,6.4701923104,-0.30298917559950816,-6.0316832921540335,0.4422664324553631,1756822344.434157
9.3104727366,0.9212367009999999,5.060819798999999,-0.29321529688175485,-5.689598654043389,0.6267477343911637,1756822344.442065
10.0905329042,1.8687944506,3.8500515633999997,-0.2858849140233787,-5.018868762128309,0.7782423134642716,1756822344.450084
10.600204118,2.3497517932,2.63210486,-0.33231070703301285,-4.19297908225764,0.8943067436284794,1756822344.458096
10.473384520199998,2.6871397797999994,1.4500504955999998,-0.3909537524467298,-3.233920448847246,0.9566149804713845,1756822344.466083
9.829715240799999,2.6536402634,0.7274180704000001,-0.4520402762665313,-2.1697933260793505,0.9321803534901714,1756822344.474097
8.9898345082,2.4454646972,0.20578274359999998,-0.5229006264442086,-1.1569787786003336,0.8747590036462655,1756822344.482071
8.075776274999999,2.2947168734,-0.0334995164,-0.5314527746855658,-0.2272418686096617,0.7684684521998107,1756822344.490085
7.200003203399999,2.0889341298,-0.0334995164,-0.5143485131094364,0.614530412173911,0.6963864064523225,1756822344.498094
6.3266229544,1.8855442087999998,0.062213387599999996,-0.45692719817211547,1.2901473481676236,0.6707300315414209,1756822344.506203
5.6279187552,1.7156538041999998,0.45224347139999993,-0.38117990863556156,1.767844016798349,0.4886921905584123,1756822344.514089
5.0057848792,1.6917255781999998,0.849452023,-0.3066543495754037,2.1294762552648665,0.33597588100890846,1756822344.522071
4.398007938799999,1.4979069475999998,1.4931213023999999,-0.1551597705022959,2.4349087521908266,0.24678955623199822,1756822344.530072
3.8811582572,1.3567304141999998,2.1798613886,0.030543261909900768,2.6780332391666843,0.08429940287132612,1756822344.538077
3.3332018818,1.3184452526,2.8139593776,0.2993239667170275,2.7574457724923036,-0.05009094953223726,1756822344.546085
2.9455646206,1.3543375916,3.3068808331999997,0.5229006264442086,2.704911204927642,-0.26389378290154264,1756822344.554086
2.656033086,1.3136596073999998,3.9984065645999993,0.7440338775784752,2.5253169296171802,-0.4728096943652639,1756822344.562111
2.6057838114,1.9453647737999997,4.9076791526,1.0091493735031214,2.2137755534164376,-0.6719517620178169,1756822344.570109
3.0364918794,1.2155538808,7.156932396599999,1.2522737383059315,1.8863518904620562,-0.9382889709655666,1756822344.578105
3.6442688197999997,1.2658031554,9.8321080634,1.4795155545557157,1.5234979215191429,-0.9627236154000721,1756822344.586108
4.5966122145999995,1.9046867896,12.9834554276,1.43431157928894,1.0873401065391748,-1.077566315087884,1756822344.594170
5.809773272799999,2.7852455064,15.617953110199998,1.1838568665343387,0.5461135404023182,-0.9822712855691161,1756822344.602078
7.6737820781999995,3.1369904286,16.3716922292,0.9004153611038747,-0.08185594191853406,-0.8686503687175778,1756822344.610099
9.3463650756,2.4789642136,16.1204458562,0.6108652381980153,-0.7073819283800092,-0.6743952055173165,1756822344.618107
10.7461662966,1.3184452526,16.0941248076,0.39828413530510604,-1.1472049696957503,-0.44348816293175913,1756822344.626108
11.763115901599999,-0.1339980656,15.6442741588,0.15393804002589986,-1.2889256176912274,-0.24068090385001803,1756822344.634086
12.141181872399999,-2.0889341298,14.476576729999998,-0.04520402762665313,-1.1472049696957503,-0.09896016858807849,1756822344.642074
12.1244321142,-3.6681970458,13.6654098686,-0.2834414705238791,-0.7929030791810239,-0.11972958668681101,1756822344.650094
12.0622187266,-4.9076791526,13.3567357532,-0.5705481150236538,-0.33841932450840795,-0.17348572764823636,1756822344.658075
11.392228398599999,-5.6685967394,13.115060670599998,-0.8466591852358643,0.26878070480712674,-0.22846359908605773,1756822344.666105
10.698309844599999,-5.1637111708,12.4450703426,-0.9431759452310281,0.9981537817622645,-0.20158552860534507,1756822344.674244
9.4971128994,-3.9984065645999993,11.641081949,-0.9847147290686157,1.6371188907305587,-0.14905111812031574,1756822344.682085
8.1427753078,-2.1750757434,10.5475620208,-0.9529497366823189,2.1050416282836535,-0.0012217304763960308,1756822344.690123
6.6855463444,0.023928225999999997,9.4827559638,-0.8808676909348307,2.361604975966942,0.010995574287564275,1756822344.698092
5.391029317799999,1.2466605746,9.0472622506,-0.8332202198086779,2.482556415303197,0.07208209810736581,1756822344.706087
4.199403663,2.1343977592,8.8247297488,-0.8381071068076771,2.4801129718036976,0.08185594191853406,1756822344.714095
3.0460631698,2.87138712,8.386843212999999,-0.9138544137975234,2.4617869622978796,0.0879645943005142,1756822344.722140
1.9094724347999998,3.3571301078,7.8341011923999995,-1.0225884087434778,2.3567180715146505,0.0757472895365539,1756822344.730084
1.0097711372,3.5700913191999994,7.113861589799999,-1.108109576997785,2.2504275724280736,0.08918632477691024,1756822344.738101
0.22013967919999997,3.6179477711999994,6.3146588414,-1.2351694592765095,2.098932993354966,0.10384709049366261,1756822344.746120
-0.37328032559999996,3.7160534977999995,5.2091748002,-1.2449433903541403,1.9010125863656389,0.13072516097437528,1756822344.754093
-0.9260223461999999,3.6370903519999995,3.972085516,-1.2424999294013483,1.6884314834727294,0.1111774733520388,1756822344.762110
-1.2394821068,3.3667013982,2.7445675222,-1.1594222220998331,1.4660765716752369,0.1466076571675237,1756822344.770068
-1.339980656,2.7254249414,1.8807585636,-1.0274753131957692,1.2522737383059315,0.10262536001726658,1756822344.778105
-1.351944769,1.9788642901999998,1.1174481541999999,-0.8637634817185786,1.1191051687386415,0.1392772743091475,1756822344.786072
-1.2753744458,1.3806586401999998,0.5240281494,-0.6304129083670593,1.011592817002621,0.11972958668681101,1756822344.794117
-1.232303639,1.1437692028,0.4211367776,-0.4117231705454623,0.9334020839665674,0.15271630954950383,1756822344.802077
-1.1820543644,1.1772687192,1.1772687192,-0.19669860669976094,0.8503244290249299,0.0879645943005142,1756822344.810145
-1.1437692028,1.184447187,2.6871397797999994,-0.09773843811168245,0.7611381042480195,0.0879645943005142,1756822344.818086
-1.2155538808,1.1341979124,4.778466732199999,0.06230825429619756,0.7342600163140145,0.059864793343405505,1756822344.826096
-1.1581261384,1.0959127508,7.238288364999999,0.2993239667170275,0.7501425125071628,-0.003665191429188092,1756822344.834087
-1.1222337993999998,0.9499505721999999,10.145567823999999,0.5876523242399058,0.8271115150668203,-0.11728612573401895,1756822344.842133
-0.9332008139999999,1.0193424275999998,12.782458329199999,0.8735372731698694,0.8246680715673207,-0.21380283336930536,1756822344.850100
-0.9643075078,1.0911271056,14.703894876999998,1.0311405569848349,0.718377520120866,-0.2834414705238791,1756822344.858093
-0.95712904,0.8398807326,15.483955044599998,1.1533136046244379,0.4960225734167885,-0.4007275788046055,1756822344.866111
-1.2370892842,-0.16271193679999998,15.302100527,1.2620475472105146,0.22357667718047364,-0.460592372148011,1756822344.874102
-1.7635102561999998,-1.7898313048,14.7589297968,1.4672983021516328,0.012217304763960306,-0.6438519436074157,1756822344.882090
-1.8329021115999997,-2.7349962317999994,15.0723895574,1.6407840647064542,-0.19181168479417682,-0.7501425125071628,1756822344.890129
-1.3304093656,-3.0460631698,16.6444740056,1.5882496193148399,-0.519235452468313,-0.7855726614160627,1756822344.898115
-0.6197410534,-3.6921252717999997,18.1830589374,1.4330898662658365,-0.9639453458764682,-0.6707300315414209,1756822344.906083
0.2943171798,-4.6013978598,18.5013043432,1.236391172299613,-1.4966198335851375,-0.5986479159807625,1756822344.914139
1.5936198516,-3.6394831746,17.3216428014,1.0604620186051696,-2.20522347498825,-0.45814892864851153,1756822344.922110
2.4813570361999995,-5.158925525599999,17.1015031222,0.735481729337118,-3.0274482426824116,-0.15638150097869194,1756822344.930084
3.8620156764,-5.1876393968,15.914663112599998,0.3494149162492648,-3.806912077183569,0.0012217304763960308,1756822344.938093
4.7521456836,-5.4149575438,14.651252779799998,-0.0024434609527920616,-4.521624615314757,-0.2736676267127109,1756822344.946161
5.833701498799999,-4.3477586642,12.842278894199998,-0.06597344572538566,-5.0286425535795996,-0.2223549467040776,1756822344.954083
6.8075802969999994,-2.6392833278,10.581061537199998,-0.0916297857297023,-5.423261776708197,-0.05619960191421741,1756822344.962088
7.542176835199999,-0.9451649269999999,8.520841278599999,-0.08918632477691024,-5.649281600682198,0.13683381335635544,1756822344.970096
8.3054872446,0.7633104094,6.759723845,-0.0916297857297023,-5.6126295816705625,0.3946189613292104,1756822344.978096
8.8749790234,1.9549360641999998,5.3407800432,-0.15027284859671178,-5.369505339040799,0.55710909723659,1756822344.986088
9.4325066892,2.5842484079999997,4.2137605985999995,-0.18448130193580065,-4.845382982120196,0.7134906156685744,1756822344.994087
9.894321451,2.8737799426,3.3906296242,-0.21135937241651329,-4.072027642921386,0.7330382858376184,1756822345.002090
10.0187482262,3.0508488149999997,2.5268206656,-0.29688050576423547,-3.197268691634997,0.7415904340789756,1756822345.010154
9.8273224182,3.2494530907999994,1.7635102561999998,-0.34330626386728463,-2.2406537809767832,0.7110471721690749,1756822345.018113
9.303294268799998,3.3332018818,1.1916256548,-0.40561451816348215,-1.2986995662221508,0.6927211626632569,1756822345.026093
8.6907316832,3.3116664784,0.9619146851999999,-0.40805796166298175,-0.4642575810304917,0.6731734924942129,1756822345.034120
7.8388868376000005,3.1704899449999995,1.2059825903999999,-0.3457497073667842,0.26145032194875056,0.594982742004867,1756822345.042105
7.1090759446,2.9862426047999997,1.6486547713999997,-0.2064724505109292,0.8319984195191118,0.48258353817643207,1756822345.050097
6.3840506968,2.8378876035999996,2.1990039693999996,-0.058643062867009474,1.3267992450062118,0.34697143784318024,1756822345.058074
5.874379482999999,2.6775684894,2.9742784918,0.09773843811168245,1.6688838831168553,0.26267205242514663,1756822345.066129
5.3575298014,2.5770699402,3.6777683361999993,0.2736676267127109,1.9278906742996438,0.1514945790731078,1756822345.074106
4.797609313,2.7924239741999997,3.960121403,0.3506366467256608,2.081828714325544,0.07696902001294993,1756822345.082116
4.2209390664,3.0843483314,3.984049629,0.36896258641830876,2.092824375879571,-0.06475171524898962,1756822345.090080
3.7615171272,3.3332018818,4.2329031794,0.3726277953007894,1.9547687622336491,-0.2223549467040776,1756822345.098133
3.6634114006,3.5940195451999997,4.6037906824,0.39217546546983334,1.7434093723638433,-0.40805796166298175,1756822345.106111
3.816552047,3.5724841418,5.204389154999999,0.4422664324553631,1.5503760094531478,-0.659734439800564,1756822345.114132
1.8879370314,1.2658031554,4.8741796362,0.6072000642221197,1.5186110170668512,-0.6291911778906633,1756822345.122081
4.42672181,3.8476587407999996,5.8313086762,0.678060379493212,0.9272934490378798,-1.1630873960757286,1756822345.130098
5.838487143999999,2.9336005076,8.7433737804,0.6695083185183173,0.594982742004867,-0.7281513813853269,1756822345.138106
6.6855463444,3.0053851856,10.4470634716,0.5167920089688135,0.2565634000431664,-1.11421819447318,1756822345.146092
8.0470624038,2.7565316352,12.3852497776,0.3726277953007894,-0.1282817000215832,-1.0225884087434778,1756822345.154102
9.4301138666,2.4047867129999996,13.497912286599998,0.14294246573833558,-0.3885102914939378,-0.8234463410909246,1756822345.162086
11.117053799599999,1.5481562222,13.744373014399999,-0.08674286382411818,-0.6438519436074157,-0.9028588220566666,1756822345.170085
12.528819133599999,0.3278166962,13.7850509986,-0.2834414705238791,-0.8148942103028599,-0.5766568023122189,1756822345.178130
13.347164462799999,-1.6127624323999998,13.3352003498,-0.49968774739268407,-0.8246680715673207,-0.4740314248416599,1756822345.186069
13.696516562399998,-3.7591243046,12.394821067999999,-0.678060379493212,-0.7061601979036133,-0.2700024352835228,1756822345.194119
13.471591238,-5.611168997,11.6841527558,-0.7867944617056288,-0.3066543495754037,-0.24801128670839426,1756822345.202117
12.837493248999998,-6.81954441,11.090732751,-0.8759807341226615,0.21991148575128552,-0.26022859147235455,1756822345.210111
11.791829772799998,-7.116254412399999,10.1958170986,-0.8662069252180783,0.8381071068076771,-0.18936822384138474,1756822345.218085
10.317851051199998,-6.1088760978,9.2027957196,-0.8210028975914251,1.5344934434468296,-0.12095131716320703,1756822345.226139
8.956334991799999,-4.3501514868,8.6548393442,-0.7012732934513216,2.1050416282836535,-0.0158824961931484,1756822345.234086
7.2933232848,-2.6225335696,8.6548393442,-0.6243042734383717,2.4703389010997268,-0.1466076571675237,1756822345.242082
5.7643096434,-1.2227323486,8.7266240222,-0.5986479159807625,2.7721064858491786,-0.14049900478554353,1756822345.250114
4.488935197599999,0.2560320182,8.779266119399999,-0.6426302305843121,2.900388028791129,-0.1356120828799594,1756822345.258116
3.4384860762,1.5002997702,8.822336926199998,-0.7281513813853269,2.8295276960667444,-0.16982053621904827,1756822345.266099
2.464607278,2.3353948576,8.7912302324,-0.8002334271328151,2.684141734469032,-0.18203784098300857,1756822345.274222
1.7682959014,2.9647072013999995,8.7194455544,-0.9138544137975234,2.414139543531604,-0.1551597705022959,1756822345.282092
1.2681959779999998,3.409772205,8.7050886188,-0.9749409376173249,2.0292942689339295,-0.08185594191853406,1756822345.290109
0.7992027483999999,3.3284162366,8.779266119399999,-1.012814547479017,1.6383406212069547,-0.0916297857297023,1756822345.298116
0.5527420206,3.0125636534,8.8127656358,-1.032362287461231,1.2657127211864103,0.01710422666954443,1756822345.306088
0.20578274359999998,2.6608187312,8.6213398278,-0.9981537817622645,0.9517280236592153,0.07452555906015787,1756822345.314100
0.09332008139999999,2.3832513096,8.1260255496,-0.9810495550927202,0.7330382858376184,0.17715091907742445,1756822345.322109
-0.6652046828,3.3092736557999998,7.563712238599999,-0.7122688851921785,0.6414085001079161,0.44837510229063576,1756822345.330141
0.2536391956,2.51246373,6.5994047308,-0.8429940112599686,0.5424483315198376,0.27611108766550296,1756822345.338082
-0.6436692794,2.0386848551999996,6.0011990808,-0.7721336959888764,0.6010913769335546,0.4007275788046055,1756822345.346113
-0.7896314579999999,2.1990039693999996,5.539384319,-0.6206390994624761,0.6707300315414209,0.3640756994193097,1756822345.354110
-0.6675975054,1.5481562222,5.060819798999999,-0.3995058483282095,0.7990117141097115,0.158824961931484,1756822345.362085
-0.20578274359999998,0.14356935599999998,4.6157547954,-0.08918632477691024,1.0506882271538789,0.21746802479849348,1756822345.370084
-0.5958128274,0.1459621786,4.4913280202,0.17348572764823636,1.11421819447318,0.08552113334772216,1756822345.378129
3.5844482548,-0.681954441,8.1643107112,0.27611108766550296,0.6206390994624761,-0.0317649923862968,1756822345.386087
-0.45463629399999994,-0.31345976059999997,5.0201418148,0.679282109969608,1.0946705243041361,0.07452555906015787,1756822345.394138
-1.0145567824,-0.45224347139999993,6.3290157769999995,0.6756169359937125,1.2315042853006137,-0.0439822971502571,1756822345.402131
-1.0432706536,-0.6675975054,7.680960546,0.8442157417363647,1.3536773329402167,-0.03298672286269283,1756822345.410444
-1.2059825903999999,-1.471585899,8.4753776492,0.860098237929513,1.4123203958072266,-0.27611108766550296,1756822345.418106
0.1339980656,-3.1944181709999997,9.3152583818,1.0519099401769825,1.4379767532648355,-0.2504547476611863,1756822345.426110
-1.016949605,-3.2111679292,9.2889373332,1.3683381684701394,1.0458012528884173,-0.2993239667170275,1756822345.434157
-3.3164521235999995,-5.2737810104,12.0693971944,1.3341297151310507,0.7134906156685744,-0.46792275500638725,1756822345.442062
-0.0646062102,-5.2402814939999995,14.476576729999998,1.352455602463821,0.4398229889558636,-0.8735372731698694,1756822345.450058
0.19381863059999999,-6.027520129399999,13.581661077599998,1.0873401065391748,0.1270599695451872,-0.8820894214112266,1756822345.458087
0.346959277,-5.491527867,13.770694062999999,0.7342600163140145,-0.5632177496185702,-0.7257079378858273,1756822345.466116
0.9858429112,-5.0177489922,14.1702954372,0.6585127267774605,-1.2730431913112492,-0.6572909963010645,1756822345.474070
2.7804598611999998,-3.972085516,14.665609715399999,0.4642575810304917,-1.9889771981194453,-0.518013721991917,1756822345.482086
3.2255248647999997,-3.0101708308,14.213366244,0.4153883445213579,-2.697580856975851,-0.21868975527488949,1756822345.490066
3.7447673689999994,-2.1080767106,13.892728015599998,0.5119050696099369,-3.1850514392309144,-0.048869219055841226,1756822345.498071
4.2113677759999995,-1.375872995,13.926227531999999,0.6243042734383717,-3.331658991678683,0.10018189906447451,1756822345.506072
4.2281175342,-1.9645073545999998,13.172488413,0.6230825604152682,-3.0030134760748584,0.11972958668681101,1756822345.514153
5.084748025,-1.0839486378,12.4618201008,0.07208209810736581,-3.43794949076526,-0.24678955623199822,1756822345.522070
6.886543442799999,0.2009970984,10.7270237158,0.1282817000215832,-2.860070957976645,0.029321531433504737,1756822345.530072
6.829115700399999,2.1702900981999997,9.1740818484,0.43004911023811027,-2.4324652912380342,0.6157521426503069,1756822345.538096
6.2548382764,3.6610185779999997,8.810372813199999,0.4654793115068877,-2.342057358157776,0.5241223918271897,1756822345.546071
6.58026215,2.1008982428,8.6285182956,0.2858849140233787,-2.304183748296084,0.6768386664701084,1756822345.554138
5.6877393201999995,2.7828526838000003,7.4033931244,0.12217304763960307,-1.9889771981194453,0.575435071835823,1756822345.562124
5.812166095399999,3.1824540579999994,6.891329088,-0.03665191429188092,-1.7910569307564586,0.5400048880203381,1756822345.570067
5.929414402799999,3.1513473642,6.790830538799999,-0.11972958668681101,-1.51128052948872,0.38973202197033374,1756822345.578103
6.0729837588,3.0532416376,6.5850477951999995,-0.14538592669112765,-1.3280209580293152,0.18570303241219668,1756822345.586081
6.4558353747999995,2.656033086,6.1902320662,-0.09529497715889039,-1.1484267001721464,0.1551597705022959,1756822345.594119
6.544369811,2.7852455064,5.907878999399999,-0.08185594191853406,-1.0286970436721654,-0.01710422666954443,1756822345.602078
6.5395841658,2.9120651042,5.8145589179999995,-0.05497787143782138,-0.9602801544472802,0.0,1756822345.610231
6.594619085599999,2.7828526838000003,5.6087761744,0.026878070480712675,-0.9541714671587149,0.0,1756822345.618088
6.5850477951999995,2.8737799426,5.4532427054,0.0757472895365539,-1.012814547479017,0.029321531433504737,1756822345.626111
6.790830538799999,2.7613172803999997,5.455635528,0.18081611050661253,-1.059240305582066,-0.035430183815484885,1756822345.634086
7.247859655399999,2.5962125209999996,5.5489556094,0.28099800957108706,-1.0164797912680825,-0.1747074581246324,1756822345.642107
7.6666036104,2.5339991334,5.6494541586,0.36896258641830876,-0.9248500055383803,-0.26389378290154264,1756822345.650094
8.027919823,2.5651058272,5.761916820799999,0.417831840380735,-0.7990117141097115,-0.4141666314982544,1756822345.658136
8.422735551999999,2.4478575198,5.8073804502,0.41905355340383854,-0.6939428756863605,-0.5400048880203381,1756822345.666075
8.846265152199999,2.0506489682,6.0370914198,0.4789183642005365,-0.5448917750193372,-0.6572909963010645,1756822345.674129
9.4492564474,1.6582260617999998,6.439085616599999,0.5253441048502933,-0.2822197400474831,-0.7855726614160627,1756822345.682084
9.9756774194,0.9092725879999999,6.731009973799999,0.6096435077216193,0.06230825429619756,-0.9382889709655666,1756822345.690108
9.882357337999998,0.18664016279999998,6.2021961791999995,0.613308681697515,0.32131511529215606,-0.895528456651583,1756822345.698086
8.3796647452,1.5816557386,5.395814963,0.7990117141097115,0.5009095127756651,-1.133765864642224,1756822345.706116
10.4997055688,1.1150553316,7.142575461,0.8930849433389134,1.3206906100775242,-1.189965484009734,1756822345.714099
10.808379684199998,-0.1292124204,6.884150620199999,0.9859365293581818,1.776396095226536,-1.133765864642224,1756822345.722086
10.3704931484,-0.059820565,6.262016744199999,0.9456193887305278,2.0696114619214607,-0.9871582423812854,1756822345.730086
9.664610481399999,-0.1722832272,5.5585268997999995,0.895528456651583,2.080606983849148,-0.8197811671150291,1756822345.738121
8.721838377,0.44027935839999993,5.9748780322,0.8478809855254303,1.9046777603415344,-0.3995058483282095,1756822345.746071
8.070990629799999,0.1603191142,7.2311098972,0.8197811671150291,1.814269705088228,-0.2700024352835228,1756822345.754126
6.891329088,0.7561319416,8.0111700648,0.6719517620178169,1.7470745463397388,-0.08185594191853406,1756822345.762105
5.1014977832,1.9094724347999998,8.578269020999999,0.5277875658030853,1.7324138504361566,0.03298672286269283,1756822345.770171
3.9577285803999995,2.6201407469999998,9.090333057399999,0.3665191429188092,1.7580702078937656,0.04642575810304917,1756822345.778100
2.9192435719999996,3.2279176873999997,9.104689993,0.14172073526193954,1.813047974611832,0.03298672286269283,1756822345.786073
2.356930261,3.0125636534,9.116654106,0.04642575810304917,1.9022343168420348,0.009773843811168246,1756822345.794222
1.4404792051999997,2.6488546182,8.8845503138,0.026878070480712675,1.8924605079374517,0.14049900478554353,1756822345.802086
1.184447187,2.7613172803999997,10.033105161799998,0.2345722514680379,2.0659462879455655,0.08063421144213803,1756822345.810083
0.2536391956,2.3186450994,10.1479606466,0.24678955623199822,1.9376644832042271,0.2504547476611863,1756822345.818204
-0.9212367009999999,2.5435704238,9.889535805799998,0.2309070600388498,1.4978415640615335,0.39706240482870997,1756822345.826079
-2.0291135648,2.8546373618,9.643075077999999,0.24068090385001803,0.8943067436284794,0.4642575810304917,1756822345.834092
-2.7134608283999997,2.9216363946,9.865607579799999,0.3103195584578843,0.2981022362406315,0.5461135404023182,1756822345.842123
-3.0556344601999994,2.9192435719999996,10.1766745178,0.42149701435663056,-0.30298917559950816,0.6181955861498065,1756822345.850071
-2.8666014748,2.6273192147999995,10.3082797608,0.3933972308528144,-0.9541714671587149,0.6939428756863605,1756822345.858151
-1.7611174335999997,2.3377876802,10.353743390199998,0.3726277953007894,-1.3548990459633206,0.6866125277345693,1756822345.866091
-0.047856451999999994,2.0386848551999996,10.4231352456,0.3518583772020568,-1.4892894856333463,0.6084217946985158,1756822345.874121
1.2490533972,2.4000010678,9.9086783866,0.39584067435231396,-1.4831808507046587,0.5986479159807625,1756822345.882100
2.3641087288,1.9549360641999998,9.628718142399999,0.43493604959698695,-1.4196507437590176,0.5436700619962336,1756822345.890107
3.1393832512,1.5026925928,9.2745803976,0.4740314248416599,-1.3048081836975458,0.5888741245294717,1756822345.898089
3.7782668854,1.6462619487999999,8.8989072494,0.5546656537370904,-1.2534954687823274,0.5925392985053675,1756822345.906125
4.2903309218,1.8544375149999999,8.9228354754,0.5729916283363234,-1.2461651208305364,0.5986479159807625,1756822345.914158
4.8478585876,1.9357934833999997,9.0951187026,0.6206390994624761,-1.2241739198955304,0.5803219762881145,1756822345.922105
5.4053862534,2.0410776778,9.2339024134,0.659734439800564,-1.1667525700516244,0.518013721991917,1756822345.930077
5.7643096434,1.9692929997999997,9.183653138799999,0.659734439800564,-0.9896017033340774,0.4715879638888678,1756822345.938117
5.8432727892,2.189432679,8.956334991799999,0.6829473537586737,-0.8222246280678212,0.455705485149012,1756822345.946124
5.6231331099999995,2.476571391,8.6548393442,0.653625822325169,-0.6047566207226203,0.3872885784708342,1756822345.954083
5.314458994599999,2.9168507493999996,8.360522164399999,0.5937610115284709,-0.43127084071450633,0.3848450826114571,1756822345.962088
4.8526442327999995,3.326023414,8.2767733734,0.49480084294039245,-0.31398473243377983,0.3262020546510327,1756822345.970084
4.400400761399999,3.6921252717999997,8.6428752312,0.34330626386728463,-0.2504547476611863,0.36896258641830876,1756822345.978086
3.9314075318,3.9960137419999997,9.2506521716,0.17837264955382048,-0.20036379812894903,0.36896258641830876,1756822345.986107
3.5198420446,3.9649070481999997,9.8847501606,0.003665191429188092,-0.11850785621041497,0.377514699753081,1756822345.994125
3.1920253484,3.6442688197999997,9.8608219346,-0.18448130193580065,-0.03298672286269283,0.3152064454568834,1756822346.002089
2.8546373618,3.4624143021999996,9.365507656399998,-0.30298917559950816,0.024434609527920613,0.20891591146372127,1756822346.010109
2.5555345367999998,3.5222348671999995,8.8247297488,-0.3750712562535814,0.06841690667817772,0.10995574287564276,1756822346.018198
2.3617159061999997,3.4815568829999997,8.3844503904,-0.5131268000863328,0.0757472895365539,-0.009773843811168246,1756822346.026081
2.1870398563999998,3.326023414,8.0231341778,-0.5803219762881145,0.0916297857297023,-0.13439035240356337,1756822346.034085
2.0841484845999996,2.9120651042,7.7072815945999995,-0.6157521426503069,0.0757472895365539,-0.3127630019573839,1756822346.042100
2.1942183242,2.4358934068,7.3411797368,-0.6157521426503069,0.029321531433504737,-0.4618141026244071,1756822346.050074
2.3784656643999997,1.9716858224,6.9894348146,-0.55710909723659,-0.023212879051524585,-0.6646214140660257,1756822346.058123
2.6656043763999997,1.5074782379999998,6.9774707016,-0.48136180770003606,-0.12461650859239512,-0.7684684521998107,1756822346.066095
3.038884702,1.2969098492,7.479963447599999,-0.4019493441875866,-0.2504547476611863,-0.8466591852358643,1756822346.074099
3.5102707541999996,1.6199409001999998,8.291130309,-0.377514699753081,-0.3640756994193097,-0.8784242474353311,1756822346.082070
4.0725840652,2.4335005842,8.949156524,-0.3420845333908886,-0.5400048880203381,-0.7965682531569196,1756822346.090095
4.754538506199999,3.3188449462,9.595218626,-0.3066543495754037,-0.7464773210779748,-0.7562511997957281,1756822346.098111
5.6135618196,4.168296969199999,10.2029955664,-0.3494149162492648,-0.9969320512858685,-0.5705481150236538,1756822346.106094
6.4342999714,4.761716974,10.782058635599999,-0.34330626386728463,-1.2718214782881454,-0.45814892864851153,1756822346.114215
7.5924261098,5.2259245584,10.968698798399998,-0.36041049053682905,-1.5613715313808347,-0.2797762965479835,1756822346.122170
7.9776705484,4.989035121,10.695917022,-0.3946189613292104,-1.7519614507920305,-0.11362093430483085,1756822346.130085
8.6931245058,4.8000021356,9.978070242,-0.4227187273797341,-1.8106045311123324,0.03298672286269283,1756822346.138107
9.157332090199999,4.4099720518,9.2937229784,-0.4520402762665313,-1.720196475859026,0.22846359908605773,1756822346.146144
9.549754996599999,4.0869410008,8.779266119399999,-0.455705485149012,-1.4831808507046587,0.33231070703301285,1756822346.154081
9.6358966102,3.7519458367999996,8.449056600599999,-0.4801400772236401,-1.1203268817617453,0.4129449010218584,1756822346.162119
9.5665047548,3.3930224468,8.0853475654,-0.49968774739268407,-0.6524040918487729,0.4740314248416599,1756822346.170144
9.245866526399999,3.0077780082,7.8747791766,-0.5241223918271897,-0.14905111812031574,0.5241223918271897,1756822346.178081
8.7840517646,2.715853651,7.7623165144,-0.5229006264442086,0.31398473243377983,0.4654793115068877,1756822346.186097
8.1499537756,2.5674986497999996,7.767102159599999,-0.47525315531805595,0.7086036414031127,0.42394049276271517,1756822346.194206
7.4919275606,2.5770699402,7.915457160799999,-0.48136180770003606,0.9419542147546323,0.3640756994193097,1756822346.202102
6.8961147332,2.644068973,8.0303126456,-0.48380525119953566,1.0873401065391748,0.23823744289722598,1756822346.210092
6.2500526312,2.7349962317999994,7.996813129199999,-0.4447098934081552,1.1068877767082188,0.23335052099164186,1756822346.218099
5.7212388366,2.8570301843999997,7.587640464599999,-0.4422664324553631,1.0152579909785164,0.1624901533606721,1756822346.226113
5.0775695571999995,2.9575287336,6.829115700399999,-0.43249260609748735,0.9040805350797702,0.18570303241219668,1756822346.234089
4.5296131818,3.0771698636,6.0370914198,-0.35674531656093345,0.7415904340789756,0.2504547476611863,1756822346.242073
4.0606199522,3.086741154,5.4029934308,-0.2834414705238791,0.4728096943652639,0.22479840765686965,1756822346.250118
3.7998022887999996,3.0053851856,5.02492746,-0.21135937241651329,0.1759291886010284,0.23823744289722598,1756822346.258108
3.804587934,2.8642086522,5.0321059278,-0.15760323145508795,-0.17348572764823636,0.14905111812031574,1756822346.266091
4.1563328562,2.6368905052,5.2809594782,-0.040317105721069016,-0.43127084071450633,0.1270599695451872,1756822346.274194
4.6085763276,2.4430718746,5.599204884,0.0635299847725936,-0.6304129083670593,0.06841690667817772,1756822346.282082
5.158925525599999,2.1343977592,5.931807225399999,0.1832595714594046,-0.71715578964447,-0.013439035240356337,1756822346.290078
5.737988594799999,1.8951154991999999,6.247659808599999,0.3335324375094089,-0.7623598172711231,0.0,1756822346.298119
6.3912291645999995,1.7371892076,6.6664037636,0.41905355340383854,-0.77335540901198,-0.01710422666954443,1756822346.306107
7.044469734399999,1.4380863825999999,7.1114687672,0.518013721991917,-0.7770205829878756,-0.047647488579445195,1756822346.314126
7.6283184488,1.0265208954,7.3962146566,0.5448917750193372,-0.7428121471020792,-0.08429940287132612,1756822346.322083
7.992027483999999,0.47856452,7.470392157199999,0.5681046540708617,-0.5436700619962336,-0.12095131716320703,1756822346.330084
8.183453292,-0.057427742399999995,7.3411797368,0.5216788959678126,-0.22357667718047364,-0.15638150097869194,1756822346.338111
8.5950187792,-0.6891329088,7.2191457842,0.46792275500638725,0.20036379812894903,-0.22113321622768156,1756822346.346118
9.205188542199998,-1.2777672683999999,7.3746792532,0.4447098934081552,0.5473352708787143,-0.15638150097869194,1756822346.354165
9.822536773,-1.7036896912,7.9417782094,0.47525315531805595,0.719599250597262,-0.06475171524898962,1756822346.362086
10.396814196999998,-1.9908284031999999,9.1238325738,0.455705485149012,0.736703459813514,0.07208209810736581,1756822346.370100
10.200602743800001,-1.567298803,10.703095489799999,0.3933972308528144,0.7281513813853269,0.2541199390903744,1756822346.378109
9.200402897,-0.6652046828,12.4498559878,0.37384952577718544,0.9065239960325623,0.4227187273797341,1756822346.386084
8.204988695399999,0.2775674216,14.0315117264,0.30298917559950816,1.2351694592765095,0.4850270165825167,1756822346.394089
7.094719008999999,0.9427721043999999,14.029118903799999,0.06963863715457375,1.5051719120133247,0.6316346388434554,1756822346.402112
5.761916820799999,1.5457633995999998,13.026526234399999,-0.14416419621473162,1.671327326616355,0.6377433261320204,1756822346.410109
4.5535414078,1.6845471104,12.174681388799998,-0.318871654339364,1.7470745463397388,0.6646214140660257,1756822346.418112
3.3690942208,1.8783657409999999,11.2965154946,-0.45937065912490754,1.7055357625021512,0.7122688851921785,1756822346.426081
2.3880369548,2.0841484845999996,10.600204118,-0.4850270165825167,1.596801697743027,0.7281513813853269,1756822346.434146
1.4644074311999997,2.4430718746,9.894321451,-0.49235736453430784,1.4550810497475501,0.7134906156685744,1756822346.442054
0.6795616184,2.9455646206,8.977870395199998,-0.5119050696099369,1.3109168186262334,0.7415904340789756,1756822346.450054
0.2129612114,3.2805597846,7.791030385599999,-0.4776966337241405,1.0983356982800316,0.7061601979036133,1756822346.458081
-0.007178467799999999,3.505485109,6.7381884416,-0.4654793115068877,0.877202447145765,0.7318165553612224,1756822346.466093
-0.0167497582,3.7734812401999998,5.893522063799999,-0.40561451816348215,0.6658431445424218,0.6939428756863605,1756822346.474069
0.203389921,3.8620156764,5.486742221799999,-0.4276056667386107,0.5082398956340413,0.5766568023122189,1756822346.482077
0.3780659708,4.0701912426,5.3718867370000005,-0.4019493441875866,0.3848450826114571,0.4618141026244071,1756822346.490089
0.6771687958,4.1587256788,5.522634560799999,-0.3824016391119576,0.34330626386728463,0.37140608227768585,1756822346.498078
0.8231309743999999,4.2161534212,5.8049876276,-0.4520402762665313,0.34086282036778504,0.3017674451231121,1756822346.506105
0.8829515394,4.0295132584,5.9653067418,-0.4715879638888678,0.39828413530510604,0.20525072003453315,1756822346.514153
0.8805587167999999,3.6107693034,5.9892349678,-0.5338962181850654,0.43004911023811027,0.06475171524898962,1756822346.522112
0.8087740388,3.0652057506,6.0083775485999995,-0.45814892864851153,0.45937065912490754,-0.10384709049366261,1756822346.530100
0.7106683122,2.4454646972,5.9772708548,-0.33231070703301285,0.5021312257987686,-0.2797762965479835,1756822346.538084
0.6029912951999999,1.8185451759999998,5.898307709,-0.13194689145077132,0.6047566207226203,-0.42027528388023455,1756822346.546066
0.49531427819999996,1.5098710605999999,5.706881901,0.09896016858807849,0.6756169359937125,-0.5766568023122189,1756822346.554090
0.41156548719999997,1.2801600909999997,5.8528440796,0.3237585587916556,0.6890559886873613,-0.7562511997957281,1756822346.562123
0.4139583098,1.3184452526,6.838686990799999,0.5253441048502933,0.6279694648675597,-0.9529497366823189,1756822346.570118
0.45702911659999995,1.6127624323999998,8.7912302324,0.653625822325169,0.48258353817643207,-1.0555751316061706,1756822346.578104
0.6125625856,2.1343977592,11.1194466222,0.7122688851921785,0.2064724505109292,-1.1374310386181197,1756822346.586093
0.6508477471999999,2.7445675222,13.28016543,0.7049384674272172,-0.2040289895581371,-1.2437216598777443,1756822346.594078
0.5072783912,3.3643085755999995,14.883356571999999,0.5436700619962336,-0.6707300315414209,-1.3487904284879255,1756822346.602112
0.5886343596,3.6993037396,15.409777544,0.29321529688175485,-1.2058479103897122,-1.5332717129704334,1756822346.610081
1.7659030788,3.3236305913999997,14.395220761600001,0.06719517620178168,-1.8545868980757596,-1.6175711507483448,1756822346.618096
3.864408499,2.4382862293999996,12.9882410728,-0.02076941809873252,-2.6988027096252947,-1.5833627148625482,1756822346.626097
6.2859449702,1.8161523534,11.882757031599999,-0.03665191429188092,-3.572339790808946,-1.3341297151310507,1756822346.634097
8.5639120854,0.9116654106,11.172088719399998,-0.025656340004316644,-4.397007862376267,-1.0616838188947357,1756822346.642113
10.569097424199999,0.32303105099999996,11.059626057200001,-0.026878070480712675,-4.933347733500343,-0.6670648575655254,1756822346.650094
12.4929267946,-0.2177468566,10.935199282,-0.04276056667386108,-5.15936754002105,-0.2553416695667704,1756822346.658134
13.9310131772,-0.4354937132,10.817950974599999,-0.026878070480712675,-5.0542989110372085,0.0916297857297023,1756822346.666087
14.9144632658,-0.4881358104,10.2317094376,-0.06597344572538566,-4.610810695745573,0.40683623118658574,1756822346.674119
14.9120704432,-0.18185451760000002,8.8438723296,-0.06963863715457375,-3.966958734684864,0.6218608299388722,1756822346.682120
13.969298338799998,0.37088750299999995,7.0636123152,-0.11850785621041497,-3.0836476002505337,0.7391469033130135,1756822346.690065
12.9714913146,1.2777672683999999,5.443671415,-0.28710667940635975,-2.037846469535164,0.6707300315414209,1756822346.698085
11.8420790474,1.4811571894,3.864408499,-0.3909537524467298,-0.9077457090556658,0.6633996137764597,1756822346.706115
10.533205085199999,1.5409777543999998,2.6608187312,-0.417831840380735,0.15027284859671178,0.5986479159807625,1756822346.714400
9.0472622506,1.5529418674,1.8783657409999999,-0.39584067435231396,1.0873401065391748,0.6157521426503069,1756822346.722112
7.6737820781999995,1.6079767872,1.5601203352,-0.3225368457685521,1.7617353818696615,0.6316346388434554,1756822346.730091
6.484549246,1.6558332392,1.5170495283999998,-0.20158552860534507,2.2724186337367396,0.6389650566084165,1756822346.738135
5.584847948399999,1.7084753364,1.6414763036,-0.09651670763528643,2.637716185805493,0.736703459813514,1756822346.746109
4.7042892316,2.2181465501999997,2.1535403399999997,0.030543261909900768,2.781880277300469,0.6633996137764597,1756822346.754186
3.984049629,2.6656043763999997,2.9336005076,0.07208209810736581,2.796540990657344,0.6621779007533561,1756822346.762112
3.1800612353999997,3.1369904286,3.9146577735999997,0.1392772743091475,2.693915805173003,0.6414085001079161,1756822346.770117
2.4047867129999996,3.8691941441999997,4.3573299546,0.1747074581246324,2.477669528304198,0.5607743061190706,1756822346.778110
1.6366906583999998,4.319044793,4.4099720518,0.24801128670839426,2.152689029596636,0.39706240482870997,1756822346.786095
0.981057266,4.797609313,4.331008905999999,0.30421088862261164,1.7018705885262557,0.0916297857297023,1756822346.794099
0.9116654106,5.036891572999999,4.3716868902,0.34086282036778504,1.2058479103897122,-0.16004669240788003,1756822346.802084
1.1988041226,4.9818566531999995,4.5966122145999995,0.37995817815916555,0.7147123461449705,-0.4776966337241405,1756822346.810090
1.8568303376,4.6253260858,4.9220360882,0.4850270165825167,0.19058995431778078,-0.6414085001079161,1756822346.818147
2.8522445392,4.2975093896,5.6614182716,0.5473352708787143,-0.3103195584578843,-0.7513642255302664,1756822346.826083
4.627718908399999,4.4602213264,7.0157558632,0.518013721991917,-0.8943067436284794,-0.8405505677604691,1756822346.834096
7.061219492599999,4.247260115,9.4803631412,0.4447098934081552,-1.539380347899121,-0.7648032782239153,1756822346.842085
9.643075077999999,3.9984065645999993,12.2416804216,0.2834414705238791,-2.1490238556207406,-0.6487388480597073,1756822346.850089
11.940184773999999,3.2159535744,13.9549414032,0.06841690667817772,-2.5534167480275816,-0.4789183642005365,1756822346.858097
13.6295175296,1.8855442087999998,14.651252779799998,-0.26267205242514663,-2.6059510712461487,-0.33597588100890846,1756822346.866092
15.235101494199998,0.5455635528,14.3832566486,-0.5314527746855658,-2.3469442626100676,-0.1392772743091475,1756822346.874096
15.859628192799999,-1.5385849318,13.1581314774,-0.8148942103028599,-1.7544049117448226,0.04520402762665313,1756822346.882080
15.704094723799999,-3.5198420446,11.8061867084,-1.0054841995272257,-0.9932668773099729,0.05253441048502932,1756822346.890126
15.053246976599999,-5.0799623797999995,10.5714902468,-1.0348057309607304,-0.025656340004316644,-0.05253441048502932,1756822346.898107
14.0147619682,-5.9820565,9.834500885999999,-0.9517280236592153,0.9053022655561662,-0.12095131716320703,1756822346.906110
12.6197463924,-6.0562340006,9.3631148338,-0.7648032782239153,1.7409659288643438,-0.039095375244672985,1756822346.914090
10.736595006199998,-4.594219391999999,9.080761767,-0.6194173864393725,2.353053019711803,0.0158824961931484,1756822346.922190
8.3198441802,-2.1631116304,8.757730716,-0.4642575810304917,2.8283061052166887,0.019547687622336492,1756822346.930071
5.9198431124,0.2464607278,8.779266119399999,-0.33108894165003183,3.158173229123862,-0.009773843811168246,1756822346.938120
3.9338003543999998,2.081755662,8.449056600599999,-0.36529741244241315,3.2852331812157565,-0.0879645943005142,1756822346.946107
2.1391834043999998,3.2327033326,7.858029418399999,-0.4092797270459628,3.251024867503008,-0.10384709049366261,1756822346.954109
0.5838487144,3.6897324492,6.891329088,-0.49724430389318447,3.1410690722674874,-0.23823744289722598,1756822346.962086
-0.6029912951999999,4.0582271296,6.0131631938000005,-0.5839871502640102,2.901609881440573,-0.17348572764823636,1756822346.970140
-1.3782658176,4.1659041466,5.539384319,-0.679282109969608,2.645046533757284,-0.11362093430483085,1756822346.978084
-2.0195422744,4.429114632599999,4.8957150396,-0.8613199509526166,2.315179148050723,-0.12461650859239512,1756822346.986107
-2.3545374384,4.2137605985999995,3.924229064,-0.9688322328754674,1.9547687622336491,-0.10018189906447451,1756822346.994086
-2.4622144554000003,3.6538401101999995,2.6991038927999997,-1.0054841995272257,1.5406020783755172,-0.08429940287132612,1756822347.002080
-2.4598216327999998,3.2111679292,1.6031911419999998,-0.9101892398216279,1.1203268817617453,-0.09896016858807849,1756822347.010085
-2.2875384056,2.7828526838000003,1.0336993632,-0.6890559886873613,0.6805039102591741,-0.22846359908605773,1756822347.018161
-1.950150419,2.2923240507999996,0.8087740388,-0.4361577800733829,0.34819320322616126,-0.28466318354698267,1756822347.026086
-1.4691930763999999,1.9716858224,0.6915257314,-0.14538592669112765,0.07819075048934597,-0.3249803241746367,1756822347.034109
-1.0241280728,1.6893327556,0.7537391189999999,0.0916297857297023,-0.1747074581246324,-0.4007275788046055,1756822347.042104
-0.6436692794,1.2538390423999999,1.4572289634,0.32131511529215606,-0.4373794930964865,-0.4520402762665313,1756822347.050108
-0.107677017,0.9092725879999999,3.1968109935999998,0.5619960365954666,-0.596204472481263,-0.6023130899566581,1756822347.058113
0.2775674216,0.7513462964,6.2955162605999995,0.7281513813853269,-0.6976081194754261,-0.7916813661579204,1756822347.066119
1.0313065406,1.2251251712,11.152946138599999,0.7843509483929592,-0.7330382858376184,-1.0543534011297744,1756822347.074112
2.2325034857999997,2.0482561456,17.1637165098,0.700051580428218,-0.8087855753741724,-1.37811195992143,1756822347.082087
3.8093735792,2.691925425,19.953747661399998,0.47647486834115943,-1.11421819447318,-1.4257595008607529,1756822347.090086
4.5367916496,2.5531417142,20.2121725022,0.19792033717615698,-1.5406020783755172,-1.503950181536929,1756822347.098108
4.7425743932,1.7180466267999999,18.635302408799998,-0.14782938764391973,-1.8863518904620562,-1.47585038057982,1756822347.106080
5.6087761744,-0.0047856452,15.440884237799999,-0.4447098934081552,-2.285857738790266,-1.3292428281320514,1756822347.114096
7.348358204599999,-1.4500504955999998,12.669995666999998,-0.4495968153137393,-2.9614745526109307,-1.1301006906663285,1756822347.122127
9.205188542199998,-2.6608187312,12.1579316306,-0.417831840380735,-3.654195767634065,-0.8796459779117272,1756822347.130140
11.282158558999999,-3.457628657,11.9569345322,-0.2724458962363148,-4.227187395970389,-0.6096435077216193,1756822347.138076
12.8542430072,-3.8691941441999997,11.497512593,-0.13194689145077132,-4.630358296101446,-0.2712241657599188,1756822347.146085
14.105689227,-3.6538401101999995,11.1888384776,0.048869219055841226,-4.735427448684062,-0.035430183815484885,1756822347.154082
15.000604879399999,-2.5339991334,10.4422778264,0.079412480965742,-4.462981552447747,0.1637118838370681,1756822347.162109
15.438491415199998,-1.2011969452,8.8031943454,0.13194689145077132,-3.8166858860881523,0.2516764781375823,1756822347.170155
15.031711573199999,0.5982056499999999,6.613761666399999,0.2272418686096617,-2.7928759388544964,0.35552358608453744,1756822347.178083
14.000405032599998,2.5316063108,4.989035121,0.26633724385433466,-1.6786576745681463,0.4386012235728825,1756822347.186093
12.7728870388,3.7950166436,4.199403663,0.24678955623199822,-0.575435071835823,0.5009095127756651,1756822347.194095
11.3706929952,4.4243289874,4.0462630166,0.2577851305195625,0.41661010990433894,0.5815437067645106,1756822347.202117
9.631110965,5.0129633469999995,4.3716868902,0.30421088862261164,1.1997392929143171,0.55710909723659,1756822347.210129
8.0015987744,5.036891572999999,4.6947179411999995,0.359188760060433,1.7654005732988494,0.49480084294039245,1756822347.218129
6.2189459374,5.197210687199999,4.809573425999999,0.3665191429188092,2.1832322915065365,0.5106833391335408,1756822347.226108
4.5966122145999995,5.335994398,4.8861437492,0.3262020546510327,2.3652702721158856,0.4728096943652639,1756822347.234115
3.1657042998,5.0943193154,4.876572458799999,0.24434609527920614,2.3664918629659417,0.5241223918271897,1756822347.242068
2.1846470337999997,4.5367916496,4.6995035864,0.2577851305195625,2.2345450238750475,0.4850270165825167,1756822347.250100
1.4428720278,3.9577285803999995,4.3262232608,0.3518583772020568,1.968207745114128,0.4886921905584123,1756822347.258109
0.7465606511999999,3.7375889012,4.010370677599999,0.37995817815916555,1.5760323669107572,0.4776966337241405,1756822347.266083
0.1004985492,3.7543386593999997,3.7328032559999995,0.39828413530510604,1.1435396735468073,0.4129449010218584,1756822347.274146
-0.2608176634,3.6562329327999996,3.2255248647999997,0.23823744289722598,0.7318165553612224,0.4667010419832837,1756822347.282086
-0.38045879339999994,3.5437702706,2.2109680824,-0.08307767239493008,0.2565634000431664,0.1747074581246324,1756822347.290088
0.0095712904,3.7567314819999997,1.1676974288,-0.4019493441875866,-0.22602013813326566,-0.06719517620178168,1756822347.298123
1.1174481541999999,2.8187450228,1.2251251712,-0.4153883445213579,-0.48258353817643207,-0.33841932450840795,1756822347.306086
2.5818555854,2.428714939,1.9980068709999999,-0.1747074581246324,-0.6914994321868608,-0.6963864064523225,1756822347.314082
4.3405801963999995,1.9645073545999998,3.409772205,0.025656340004316644,-0.9040805350797702,-1.0482447662010868,1756822347.322140
6.664010941,1.1676974288,5.2737810104,0.28099800957108706,-1.1704177614808122,-1.3744467859455345,1756822347.330084
10.2484591958,0.5431707302,7.992027483999999,0.4789183642005365,-1.6957619710508607,-1.4416419272407313,1756822347.338108
15.031711573199999,-0.0765703232,11.234302107,0.44837510229063576,-2.59006850523983,-1.1557570481239374,1756822347.346083
18.297914422199998,-1.1389835575999998,14.093725114,0.48380525119953566,-3.595552704767056,-0.6450736740838118,1756822347.354181
18.735800958,-2.6177479243999997,15.168102461399998,0.37629296927668493,-3.810577390785805,-0.39828413530510604,1756822347.362081
19.0205468474,-3.3667013982,14.572289633999999,0.16859880574265224,-3.167947038028445,-0.28710667940635975,1756822347.370115
19.259829107399998,-4.6923251186,13.3710926888,-0.06597344572538566,-1.8594738025280513,-0.1954768762233649,1756822347.378111
18.592231602,-5.422136011599999,11.6099752552,-0.30543261909900765,-0.5119050696099369,-0.1270599695451872,1756822347.386081
17.130216993399998,-6.063412468399999,9.9397850804,-0.41905355340383854,0.8515461595013258,-0.2822197400474831,1756822347.394086
15.249458429799999,-6.4558353747999995,8.7888374098,-0.29321529688175485,2.124589350812575,-0.2834414705238791,1756822347.402125
12.6484602636,-5.0584269764,8.516055633399999,-0.08307767239493008,3.0665434433941594,-0.28955012290585924,1756822347.410083
9.9158568544,-3.3690942208,9.2410808812,0.11850785621041497,3.7421605190142118,-0.2590068609959585,1756822347.418122
7.2287170746,-1.2658031554,10.2245309698,0.20158552860534507,4.163657428651088,-0.2150245638457014,1756822347.426135
4.723431812399999,1.2514462198,10.851450491,0.22113321622768156,4.317595590850035,-0.3347541505325124,1756822347.434074
2.2468604213999996,3.385843979,10.7150596028,0.10873401239924674,4.235739596571623,-0.4520402762665313,1756822347.442108
0.15553346899999998,5.2761738330000005,9.6622176588,-0.05131268000863329,4.028045258504665,-0.6059783337457239,1756822347.450068
-1.387837108,5.682953674999999,7.824529902,-0.26878070480712674,3.6444219761827745,-0.6768386664701084,1756822347.458093
-2.6225335696,5.426921656799999,6.1902320662,-0.5937610115284709,3.086091305549421,-0.6157521426503069,1756822347.466070
-3.4528430117999998,4.929214556,4.7330031028,-0.6927211626632569,2.4544566143460886,-0.4886921905584123,1756822347.474084
-3.9050864832,4.0989051138,3.7902309983999998,-0.5143485131094364,1.8668041504798423,-0.22846359908605773,1756822347.482084
-4.1850467274,3.5581272061999996,2.6775684894,-0.14538592669112765,1.3377949065602386,-0.06475171524898962,1756822347.490100
-4.362115599799999,3.7423745464,1.5242279962,0.2565634000431664,0.8368853937845735,0.05009094953223726,1756822347.498068
-4.2879380992,3.7471601916,0.8997012976000001,0.5974262029576589,0.38117990863556156,0.14905111812031574,1756822347.506087
-3.9816568063999997,4.0845481781999995,0.3038884702,0.7586946432952276,0.09529497715889039,0.20525072003453315,1756822347.514066
-3.4289147858,4.7282174576,-0.203389921,0.8442157417363647,-0.2040289895581371,0.23823744289722598,1756822347.522094
-2.9072794589999997,5.084748025,-0.48574298779999997,0.8674286556944744,-0.4776966337241405,0.2565634000431664,1756822347.530093
-2.4000010678,5.2977092364,-0.6245266986,0.8234463410909246,-0.7831292179165632,0.2528982086139784,1756822347.538069
-2.0362920326,5.1780681064000005,-0.2679961312,0.6951646759759265,-1.115439924949576,0.2834414705238791,1756822347.546098
-1.8041882403999998,4.721038989799999,1.0959127508,0.6108652381980153,-1.3939945259277484,0.35552358608453744,1756822347.554087
-1.519442351,4.3597227772,3.5294133349999997,0.5412266010434417,-1.6872097529963335,0.21135937241651329,1756822347.562115
-0.6652046828,4.091726646,6.81954441,0.5167920089688135,-1.955990492710045,-0.07696902001294993,1756822347.570080
0.8159525066,3.9481572899999997,11.870792918599998,0.5717698280467574,-2.0549506263915385,-0.48380525119953566,1756822347.578084
3.2973095427999994,4.713860522,17.2618222364,0.48380525119953566,-2.2577579378331576,-0.8735372731698694,1756822347.586126
5.539384319,5.0632126216,21.269800091399997,0.3335324375094089,-2.5839600099374826,-1.2046261973666088,1756822347.594088
7.1808606226,4.7449672158,21.2410862202,0.1747074581246324,-2.945592248404,-1.4062117783318313,1756822347.602076
8.879764668599998,2.8426732488,17.730815466,0.2577851305195625,-3.49414911013277,-1.323134071030316,1756822347.610091
10.009176935799998,1.7300107398,15.282957946199998,0.20158552860534507,-4.138001053740186,-1.069014166846527,1756822347.618476
11.7104738044,1.1318050897999998,13.730016078799999,0.12217304763960307,-4.772079467695698,-0.7929030791810239,1756822347.626090
13.4309132538,-0.40917266459999996,12.064611549199999,0.10506882097005864,-5.359731530136216,-0.5009095127756651,1756822347.634085
14.8857493946,-1.423729447,10.360921858,0.09773843811168245,-5.8313193020388665,-0.2675589743307307,1756822347.642128
15.830914321599998,-1.8544375149999999,8.9228354754,0.04642575810304917,-6.096434867776683,-0.07452555906015787,1756822347.650064
16.7952218294,-1.9836499354,7.4632136894,0.003665191429188092,-6.008470657448605,0.10995574287564276,1756822347.658086
17.3407853822,-0.6843472636,6.101697629999999,0.003665191429188092,-5.5539867631496485,0.2577851305195625,1756822347.666077
17.656637965399998,-0.2105683888,4.9363930238,0.21380283336930536,-4.57538052938338,0.3347541505325124,1756822347.674093
17.0105758634,1.1988041226,3.5748769644,0.42149701435663056,-3.227811953544898,0.4105014400690663,1756822347.682125
15.9553410968,2.237289131,2.3042881638,0.5742133588127195,-1.776396095226536,0.4495968153137393,1756822347.690070
14.340185841799999,2.7780670385999997,1.6390834810000001,0.71715578964447,-0.39706240482870997,0.4092797270459628,1756822347.698129
12.3852497776,3.038884702,1.4548361408000001,0.7623598172711231,0.8662069252180783,0.3506366467256608,1756822347.706080
10.2029955664,3.0484559924,1.5074782379999998,0.9199630312729187,1.8057176266600408,0.29565879274113194,1756822347.714105
8.106882968799999,3.1250263156,1.7563317884,1.1435396735468073,2.5167647290159456,0.28710667940635975,1756822347.722122
6.343372712599999,3.290131075,2.0362920326,1.2925908091204152,3.115412714809878,0.36529741244241315,1756822347.730107
4.838287297199999,3.4863425282,2.2444675987999996,1.3952162389508522,3.565009442857155,0.5045746867515607,1756822347.738081
3.5006994637999997,3.6418759971999997,2.2229321954,1.312138531649337,3.8142424251353604,0.6805039102591741,1756822347.746138
2.2755742926,3.888336725,2.0626130812,1.1765265185825475,3.9632937003353086,0.8112290363269643,1756822347.754128
1.2227323486,3.9577285803999995,1.7946169499999998,0.9101892398216279,3.9009853238660632,0.9834929985922196,1756822347.762108
0.2081755662,4.271188340999999,1.4500504955999998,0.55710909723659,3.613878714272874,0.9676105198523638,1756822347.770089
-0.7130611348,4.622933263199999,1.0145567824,0.3274237676741362,3.0054569195743577,0.8002334271328151,1756822347.778102
-1.4093725114,4.570291166,0.9619146851999999,0.1624901533606721,2.245540685429074,0.3750712562535814,1756822347.786135
-1.5577275126,4.3118663252,1.363908882,0.14538592669112765,1.3610078030650556,-0.06230825429619756,1756822347.794085
-0.7441678285999999,3.5724841418,2.1655044529999996,0.1954768762233649,0.5094616261104373,-0.594982742004867,1756822347.802089
0.7130611348,2.895315346,3.4552358344,0.30421088862261164,-0.3530801076784529,-1.2461651208305364,1756822347.810089
3.0652057506,2.7326034091999998,5.659025449,0.35552358608453744,-1.189965484009734,-1.7348573113889487,1756822347.818323
5.958128274,3.1250263156,8.7194455544,0.28955012290585924,-1.9193385958714566,-1.9963075460712367,1756822347.826091
9.7818587888,4.4530428586,11.9497560644,0.32986722862692824,-2.6303858378537015,-1.9633208406618363,1756822347.834109
15.187245042199999,6.0969119848,13.8041935794,0.2150245638457014,-3.6700783336403835,-1.539380347899121,1756822347.842085
17.312071511,6.604190376,13.7635155952,0.058643062867009474,-4.712214272926564,-0.9932668773099729,1756822347.850105
17.984454661599997,4.8550370553999995,13.225130510199998,-0.24434609527920614,-4.836831043318348,-0.6438519436074157,1756822347.858132
19.1928300746,2.9264220398,12.0885397752,-0.6389650566084165,-4.0891317823244675,-0.4532619892896349,1756822347.866087
20.7601288776,1.0743773474,10.791629926,-0.8210028975914251,-2.8405233576207713,-0.20280725908174108,1756822347.874110
21.3535488824,-0.5216353268,9.3774717694,-0.7648032782239153,-1.417207300259518,-0.04520402762665313,1756822347.882122
20.9802685568,-2.0027925162,7.987241838799999,-0.5607743061190706,-0.07330382858376185,-0.07208209810736581,1756822347.890091
19.381863059999997,-2.6488546182,6.9391855399999995,-0.2797762965479835,1.0739010712988184,-0.023212879051524585,1756822347.898111
17.060825138,-2.1535403399999997,6.8961147332,-0.09773843811168245,2.0573940698910382,0.08307767239493008,1756822347.906104
14.057832775,-0.7704888771999999,7.432106995599999,0.0879645943005142,2.8661797150783803,0.19914206765255302,1756822347.914106
10.325029519,0.5742774239999999,7.609175868,0.15393804002589986,3.6627479856885925,0.22846359908605773,1756822347.922123
7.188039090399999,1.8592231602,7.343572559399999,0.22968532956245377,4.305378076646565,0.24190263432641407,1756822347.930095
4.4386859229999995,3.0101708308,7.006184572799999,0.3237585587916556,4.7769663721479905,0.26878070480712674,1756822347.938100
2.1678972756,3.6107693034,6.664010941,0.31398473243377983,5.103168461705608,0.29688050576423547,1756822347.946083
0.3493520996,4.354937132,6.3361942448,0.22968532956245377,5.299866876419151,0.33597588100890846,1756822347.954095
-1.2299108163999999,4.905286329999999,5.575276658,-0.003665191429188092,5.422039924058755,0.43249260609748735,1756822347.962073
-2.799602442,5.388636495199999,3.7471601916,-0.3066543495754037,5.4415875244146275,0.4630358680073881,1756822347.970095
-4.0845481781999995,5.678168029799999,1.6582260617999998,-0.6194173864393725,5.244889109701085,0.4263839362622147,1756822347.978098
-4.5798624564,4.723431812399999,-0.167497582,-0.8662069252180783,4.908913228692177,0.4263839362622147,1756822347.986151
-5.072783911999999,4.175475436999999,-1.8472590472,-0.8283332455432163,4.4959682578571485,0.47525315531805595,1756822347.994080
-5.3383872206,4.1012979364,-3.134597606,-0.6719517620178169,3.9119809679667976,0.5351179486614615,1756822348.002104
-5.4412785924,4.0127635002,-3.7686955949999996,-0.4715879638888678,3.0921998008517684,0.5986479159807625,1756822348.010108
-5.388636495199999,3.6131621259999998,-3.876372612,-0.2834414705238791,2.1746802130783496,0.6304129083670593,1756822348.018081
-5.0584269764,3.2685956715999995,-3.3236305913999997,-0.19058995431778078,1.1239920731909332,0.7098253718795088,1756822348.026132
-4.7042892316,3.3092736557999998,-1.651047594,-0.0024434609527920616,0.0916297857297023,0.6316346388434554,1756822348.034109
-4.2185462438,2.9527430883999997,1.5792629159999998,0.1710422666954443,-0.7867944617056288,0.48258353817643207,1756822348.042106
-3.5126635768,2.7373890544,5.324030285,0.31642817593327943,-1.4953981031087418,0.24801128670839426,1756822348.050094
-2.6703900216,2.5698914724,9.322436849599999,0.2590068609959585,-2.2064452054646466,-0.05253441048502932,1756822348.058169
-1.4548361408000001,3.7447673689999994,15.328421575599998,0.14172073526193954,-2.803871338609135,-0.3457497073667842,1756822348.066106
0.9499505721999999,5.5609197223999995,20.5878456504,-0.3127630019573839,-3.5564574866020155,-0.6377433261320204,1756822348.074107
3.8548372086,5.364708269199999,22.636101796,-0.5106833391335408,-4.2956042677419815,-0.9468411192069238,1756822348.082089
6.515655939799999,4.465006971599999,20.434705003999998,-0.3616322035599326,-4.7403143531363545,-1.1398744995709114,1756822348.090121
9.918249676999999,3.5174492219999998,16.9986117504,-0.14782938764391973,-5.461135124770502,-1.089783567491967,1756822348.098084
11.779865659799999,1.9238293703999998,13.921441886799998,-0.0439822971502571,-6.167295183047775,-0.8283332455432163,1756822348.106088
13.270594139599998,0.693918554,11.952148887,0.0012217304763960308,-6.56313627627911,-0.44104470197896706,1756822348.114077
15.469598109,-0.48574298779999997,10.109675484999999,0.02199114857512855,-6.774495386896235,-0.0757472895365539,1756822348.122093
16.7665079582,-0.7872386353999999,8.070990629799999,0.01710422666954443,-6.677978696714241,0.20158552860534507,1756822348.130087
17.659030788,-0.6125625856,5.869593837799999,0.007330382858376184,-6.205169072162147,0.6194173864393725,1756822348.138122
17.6087815134,-0.47856452,3.3714870433999997,0.05009094953223726,-5.455026367668767,0.7990117141097115,1756822348.146071
16.522440053,-0.9092725879999999,1.4285150921999998,0.30298917559950816,-4.502077014958884,1.1032226027323233,1756822348.154115
14.708680522199998,0.7872386353999999,1.1820543644,0.31398473243377983,-3.568674739006098,0.9468411192069238,1756822348.162087
14.7350015708,0.7345965381999999,0.8901300072,0.23701571242082994,-2.333505157556541,0.8686503687175778,1756822348.170085
13.5936251906,0.9403792818,0.6412764568,0.45692719817211547,-1.1044443332087193,0.679282109969608,1756822348.178120
12.107682356,1.0313065406,0.6604190376,0.7525859560066623,0.09896016858807849,0.614530412173911,1756822348.186112
10.6337036344,1.0815558152,1.2059825903999999,1.11421819447318,0.9822712855691161,0.5351179486614615,1756822348.194087
8.8630149104,1.31605243,1.6199409001999998,1.3622295335414518,1.6786576745681463,0.5314527746855658,1756822348.202110
7.211967316399999,1.6295121905999999,1.9692929997999997,1.4514158757716547,2.1673498651265586,0.6621779007533561,1756822348.210123
5.766702466,2.1822542112,2.2995025185999998,1.473406919627028,2.5766296619856917,0.755029399506162,1756822348.218100
4.4913280202,2.8570301843999997,2.3976082452,1.3353514456074467,2.927266238898182,0.9944886077863689,1756822348.226164
3.2685956715999995,3.4624143021999996,2.3162522768,1.0934488112810326,3.192381804635998,1.2278390938714259,1756822348.234086
2.27318147,3.9553357578,2.021935097,0.7782423134642716,3.273015928811674,1.3280209580293152,1756822348.242155
1.543370577,3.9338003543999998,1.8161523534,0.40317105721069013,3.1288518198634048,1.2241739198955304,1756822348.250074
0.9954142015999999,3.924229064,1.5026925928,0.05253441048502932,2.748893571891069,1.0335840004843346,1756822348.258119
0.7609175867999999,4.048655839199999,1.2227323486,-0.26878070480712674,2.171015039102454,0.6731734924942129,1756822348.266081
0.7800601676,4.5415772948,1.2658031554,-0.5314527746855658,1.4123203958072266,0.09529497715889039,1756822348.274105
1.4045868661999998,4.498506488,2.0482561456,-0.5986479159807625,0.6267477343911637,-0.537561392160961,1756822348.282088
2.5220350204,4.0390845488,3.8261233374,-0.498466016916288,0.06475171524898962,-1.1398744995709114,1756822348.290105
4.199403663,3.8835510797999997,5.907878999399999,-0.18448130193580065,-0.3262020546510327,-1.6762142310686468,1756822348.298079
6.498906181599999,4.5200418914,7.101897476799999,0.01710422666954443,-0.896750187127979,-2.0439551044638518,1756822348.306106
9.894321451,4.9722853628,8.5710905532,0.07330382858376185,-1.824043636165859,-2.266310138434392,1756822348.314087
14.835500119999999,5.0153561695999995,9.556933464399998,0.003665191429188092,-3.050660877387841,-2.106263341306757,1756822348.322132
19.1808659616,3.8141592244,10.155139114399999,0.02199114857512855,-4.437325177536846,-1.429424692289941,1756822348.330091
19.7503577404,2.1224336461999997,10.5667046016,-0.14416419621473162,-4.871039339577804,-0.9663887893759677,1756822348.338111
20.8343063782,0.7633104094,10.1312108884,-0.4667010419832837,-4.0891317823244675,-0.635299882632521,1756822348.346087
22.2747855834,-0.15074782379999999,9.2147598326,-0.6695083185183173,-2.796540990657344,-0.49113563405791183,1756822348.354090
23.066809864,-1.6701901747999999,8.0805619202,-0.8698720991939739,-1.307251644650338,-0.41905355340383854,1756822348.362121
22.5571386502,-3.6179477711999994,6.1328043238,-0.7745771394883759,0.2724458962363148,-0.32864549815053223,1756822348.370119
20.3389921,-3.3523444625999996,4.2807596314,-0.5497787143782138,1.4990632770846373,-0.1759291886010284,1756822348.378091
18.520446923999998,-2.6033909887999998,4.2448672923999995,-0.21380283336930536,2.4385740483397695,-0.07086036763096977,1756822348.386092
16.053446823399998,-1.1581261384,4.998606411399999,-0.004886921905584123,3.0775391049481864,0.01710422666954443,1756822348.394121
12.7848511518,0.8757730715999998,5.6566326263999995,-0.058643062867009474,3.5161404332408237,0.10873401239924674,1756822348.402085
9.401399995399998,2.679961312,6.4893348911999995,-0.0916297857297023,3.749490866966003,0.26145032194875056,1756822348.410091
6.884150620199999,4.18743955,7.3292156238,-0.029321531433504737,3.9229766295208246,0.26022859147235455,1756822348.418107
4.3812581806,4.7712882644,7.5708907064,-0.0916297857297023,4.0512581724627745,0.3848450826114571,1756822348.426104
2.4095723582,5.084748025,7.8077801438,-0.059864793343405505,4.140444514692978,0.40317105721069013,1756822348.434076
0.8877371845999998,5.3790652048,7.633104094,-0.13805554383275148,4.291939233392426,0.5204571829447091,1756822348.442125
-0.7322037155999999,5.9126646445999995,6.9320070722,-0.3909537524467298,4.466646586797303,0.5338962181850654,1756822348.450084
-2.1176480009999996,6.089733516999999,5.575276658,-0.659734439800564,4.5802674338356715,0.6414085001079161,1756822348.458135
-3.3451659948,4.1108692268,4.283152454,-0.5277875658030853,4.476420657501274,0.7794640439406675,1756822348.466077
-4.6636112473999995,3.7328032559999995,2.1511475173999997,-0.6206390994624761,4.009719510798235,0.8283332455432163,1756822348.474072
-4.9507499593999995,4.1347974528,0.334995164,-0.6914994321868608,3.3780848195949025,0.5888741245294717,1756822348.482097
-5.0632126216,4.450650036,-1.2681959779999998,-0.9700540331650334,2.8625144189294374,0.5363396791378575,1756822348.490092
-4.814359071199999,3.5868410774,-2.1008982428,-0.7648032782239153,2.520430042618181,0.7415904340789756,1756822348.498103
-4.7306102802,3.3690942208,-2.7014967154,-0.33841932450840795,1.9425515098295665,0.6695083185183173,1756822348.506082
-4.527220359199999,2.63210486,-2.416750826,0.10262536001726658,1.1630873960757286,0.5852088807404061,1756822348.514095
-4.223331889,1.926222193,-1.7898313048,0.4520402762665313,0.38117990863556156,0.43249260609748735,1756822348.522088
-3.8931223702,1.387837108,-0.2129612114,0.719599250597262,-0.42149701435663056,0.38117990863556156,1756822348.530101
-3.4121650275999995,1.4811571894,2.6823541345999997,0.8845328649107262,-1.2058479103897122,0.19181168479417682,1756822348.538087
-2.9742784918,1.6438691261999998,6.735795619,0.8246680715673207,-1.9266689438232478,-0.12095131716320703,1756822348.546075
-2.3282163898,2.0602202586,12.2321091312,0.7794640439406675,-2.5216516334682373,-0.5803219762881145,1756822348.554112
-0.8470592003999999,2.6703900216,17.166109332399998,0.5338962181850654,-3.09708670530406,-1.0910052805150705,1756822348.562073
2.1822542112,2.2923240507999996,20.066210323599996,0.5400048880203381,-3.430619142813469,-1.6530013171105369,1756822348.570089
5.0632126216,2.093719775,19.2191511232,0.44104470197896706,-3.764151562869585,-2.100154723831362,1756822348.578114
7.216752961599999,1.1868400096,15.471990931599999,0.39584067435231396,-4.173431220102378,-2.1978931270364592,1756822348.586114
9.1070828156,-0.3278166962,11.361121704799999,0.5705481150236538,-4.593706800688586,-2.100154723831362,1756822348.594086
12.1052895334,-1.4141581565999999,9.200402897,0.6756169359937125,-5.170363201575077,-1.696983684073964,1756822348.602111
14.3593284226,-2.2229321954,8.5040915204,0.700051580428218,-5.717698734253179,-1.3671164379937433,1756822348.610114
16.5750821502,-1.986042758,8.097311678399999,0.5974262029576589,-6.03046143950459,-1.0140362605021205,1756822348.618105
18.9607262824,-1.6127624323999998,7.731209820599999,0.4654793115068877,-5.929057844870305,-0.6120869686744114,1756822348.626114
20.817556619999998,-0.9786644433999999,6.6376898924,0.6438519436074157,-5.32307951112458,-0.24556782575560218,1756822348.634091
21.753150256599998,0.2440679052,5.1852465742,0.9590584414241766,-4.298047728694773,0.11362093430483085,1756822348.642080
21.104695332000002,1.8544375149999999,3.9912280968,1.1435396735468073,-3.1691688906778888,0.4886921905584123,1756822348.650074
19.4871472544,3.266202849,3.3355947043999996,1.2119566674914477,-2.002416303172972,0.719599250597262,1756822348.658088
17.316857156199998,4.4219361648,3.1489545415999998,1.216843571943739,-0.8100073058505682,0.7904596356815243,1756822348.666100
14.400006406799998,4.570291166,2.679961312,1.3158037056252325,0.13194689145077132,0.8906414998394138,1756822348.674089
12.131610581999999,5.508277625199999,3.2111679292,1.4697417456511324,0.8381071068076771,0.7586946432952276,1756822348.682149
9.925428144799998,5.5968120614,3.5868410774,1.4966198335851375,1.4575244932470497,0.6585127267774605,1756822348.690071
7.791030385599999,5.4293144793999994,3.6538401101999995,1.4782938240793195,1.8338174450704419,0.7855726614160627,1756822348.698116
6.051448355399999,4.9363930238,3.7304104334,1.351233871987425,2.1746802130783496,0.9969320512858685,1756822348.706104
4.4602213264,4.6133619728,3.5126635768,1.1569787786003336,2.4923302242077803,1.275486652264041,1756822348.714108
2.8977081686,4.4075792292,2.9934210726,0.7635815477475192,2.6804767001194767,1.6016886021953187,1756822348.722501
1.6390834810000001,4.642075844,2.4717857457999997,0.4789183642005365,2.7806586864504137,1.8044958961836448,1756822348.730110
0.47377887479999997,4.857429878,1.8855442087999998,0.27611108766550296,2.7733280766992343,1.9535470317572532,1756822348.738104
-0.5790630692,5.3072805268,1.2418749294,-0.025656340004316644,2.530203834069472,1.8680258809562384,1756822348.746087
-1.3016954943999999,5.539384319,0.5814558917999999,-0.14538592669112765,1.991420641618945,1.494176390085638,1756822348.754091
-1.471585899,5.1110690735999995,0.5216353268,-0.21746802479849348,1.3573425069161127,1.0348057309607304,1756822348.762102
-1.2299108163999999,4.462614149,1.0767701699999999,-0.04520402762665313,0.7990117141097115,0.3872885784708342,1756822348.770126
-0.1603191142,3.8835510797999997,1.9310078382,0.24801128670839426,0.3518583772020568,-0.23212879051524585,1756822348.778090
1.423729447,3.7567314819999997,2.9623143788,0.4935791299172889,-0.12583823906879116,-0.860098237929513,1756822348.786154
3.3930224468,4.3094735025999995,5.1900322194,0.6108652381980153,-0.634078152156125,-1.446528831693023,1756822348.794087
5.8815579507999995,5.0440700408,9.188438783999999,0.5082398956340413,-1.0983356982800316,-1.7458528333166354,1756822348.802107
9.3774717694,6.364908115999999,12.8542430072,0.2700024352835228,-1.6627751260151202,-1.690874926972229,1756822348.810108
13.3208434142,6.982256346799999,14.088939468799998,0.05497787143782138,-2.5827381572880386,-1.1887437709866304,1756822348.818083
14.708680522199998,5.599204884,12.957134379000001,0.009773843811168246,-3.4477232822165513,-0.7037167544041136,1756822348.826099
14.268401163799998,3.5868410774,11.679367110599998,-0.1881464933649887,-3.602883052718847,-0.5888741245294717,1756822348.834099
15.242279962,2.7732813933999996,10.537990730399999,-0.4227187273797341,-3.2217031964431633,-0.555887366760194,1756822348.842081
16.5679036824,1.8089738855999997,9.6933243526,-0.6255260039147678,-2.6291639677509653,-0.4105014400690663,1756822348.850123
17.3096786884,0.37328032559999996,9.463613383,-0.5888741245294717,-1.8606955330044472,-0.3152064454568834,1756822348.858111
17.467604979999997,-0.693918554,8.9060857172,-0.460592372148011,-0.9529497366823189,-0.20525072003453315,1756822348.866126
17.1948232036,-1.6295121905999999,8.5040915204,-0.1673770752662562,-0.08918632477691024,-0.10995574287564276,1756822348.874080
16.2065874698,-1.7276179172,8.123632727,0.079412480965742,0.5815437067645106,0.006108652381980153,1756822348.882124
14.8259288296,-0.8566304908,8.2002030502,0.2272418686096617,1.0421360789125218,0.1551597705022959,1756822348.890118
13.0073836536,0.5575276658,8.410771439,0.28099800957108706,1.3756685164219304,0.37140608227768585,1756822348.898099
10.5140625044,1.9214365477999997,8.3007015994,0.3078760625985072,1.7568484948706622,0.55710909723659,1756822348.906122
7.7096744172,3.0652057506,7.453642399,0.3885102914939378,2.1942279530605635,0.653625822325169,1756822348.914113
5.3718867370000005,3.5676984966,6.5515482787999995,0.4789183642005365,2.6328292813532013,0.719599250597262,1756822348.922333
3.0723842184,3.4049865598,5.9246287576,0.4789183642005365,3.0298916861819114,0.813672479826464,1756822348.930133
1.1078768638,3.1824540579999994,5.1038906058,0.39584067435231396,3.409849672354859,0.8943067436284794,1756822348.938064
-0.550349198,3.2853454297999996,4.0725840652,0.22846359908605773,3.703065039049784,1.0445795224120211,1756822348.946095
-1.9357934833999997,3.4360932535999997,2.5004996169999996,0.10384709049366261,3.7751472244236126,1.122770342714537,1756822348.954093
-2.6751756667999995,3.6370903519999995,0.9643075078,0.013439035240356337,3.6725217771398833,1.0286970436721654,1756822348.962097
-3.3355947043999996,3.3595229304,-0.28474588939999995,-0.1111774733520388,3.376862966945459,0.9468411192069238,1756822348.970127
-3.804587934,2.883351233,-1.67497582,-0.22968532956245377,2.967583309712666,0.8979719176043751,1756822348.978096
-3.852444386,2.6297120374,-2.979064137,-0.17715091907742445,2.526538537920529,0.9578367109477806,1756822348.986092
-4.0701912426,2.5722842949999998,-3.9290147091999996,0.05619960191421741,1.8411477930222333,0.9676105198523638,1756822348.994084
-4.2017964856,2.4526431649999996,-3.9074793057999995,0.32986722862692824,1.0299187566952688,0.8930849433389134,1756822349.002134
-4.319044793,2.6057838114,-2.0889341298,0.577878532788615,0.18203784098300857,0.7867944617056288,1756822349.010104
-4.2616170506,3.4815568829999997,1.1270194446,0.7024950239277177,-0.6939428756863605,0.5167920089688135,1756822349.018092
-3.9433716448,4.271188340999999,5.8408799666,0.6658431445424218,-1.26815630431225,0.13316862192716733,1756822349.026149
-2.9168507493999996,5.1876393968,12.5814612308,0.23701571242082994,-1.87291278540853,-0.4105014400690663,1756822349.034104
-0.7130611348,4.689932295999999,17.388641834199998,0.10629055144645466,-2.2650882857849486,-0.9627236154000721,1756822349.042103
1.8496518698,5.8552369022,21.3272278338,-0.05619960191421741,-2.8698447668812284,-1.3610078030650556,1756822349.050112
5.2833523008,6.5898334404,20.4921327464,-0.43249260609748735,-3.903428767365563,-1.5638149748803343,1756822349.058095
8.4729848266,5.0153561695999995,14.6823594736,-0.5803219762881145,-5.196019559032686,-1.4672983021516328,1756822349.066107
11.7679015468,2.2971096959999997,8.8749790234,-0.3335324375094089,-6.30657264934314,-0.8930849433389134,1756822349.074088
13.7156591432,0.9355936366,6.671189408799999,-0.15760323145508795,-7.265631300206827,-0.10506882097005864,1756822349.082181
15.287743591399998,-0.2895315346,5.874379482999999,-0.3848450826114571,-7.8557270679462325,0.5864305937635097,1756822349.090086
16.6516524734,-1.2442677519999998,5.761916820799999,-0.5729916283363234,-7.811744439183418,1.132544134165828,1756822349.098105
17.967704903399998,-1.124626622,4.9507499593999995,-0.6511823613723768,-7.335269762828475,1.474628650103424,1756822349.106104
18.534803859599997,-1.6055839646,4.3453658416,-0.43127084071450633,-6.431189419734923,1.6322318641052196,1756822349.114100
18.723836844999997,-1.3734801724,4.2520457602,-0.1270599695451872,-5.09339412920225,1.6016886021953187,1756822349.122089
18.30509289,-1.2394821068,3.3643085755999995,0.378736465136062,-3.105638905905295,1.332908002107947,1756822349.132040
17.723636998199996,-1.2251251712,2.3162522768,0.6853907972581733,-1.8154914355646241,1.0677924363701308,1756822349.139053
16.2448726314,-0.7704888771999999,0.7393821834,0.992045146833577,-0.22113321622768156,0.7660249912470187,1756822349.146790
14.213366244,-0.5048855686,-0.1387837108,1.1178834382622458,1.032362287461231,0.6377433261320204,1756822349.154497
11.9952196938,0.09571290399999999,-0.5814558917999999,1.2974776961194145,2.096489549855466,0.6316346388434554,1756822349.162981
9.9924271776,0.9020941201999999,-0.8039883936,1.3243557840534197,2.775771520198734,0.6719517620178169,1756822349.171304
8.6787675702,1.6342978357999998,-0.31345976059999997,1.352455602463821,3.1948252481354977,0.5693263845472578,1756822349.178218
7.6307112714,2.03389921,0.418743955,1.3878857688260133,3.5088098060363526,0.6829473537586737,1756822349.186108
6.752545377199999,2.7302105865999997,0.6843472636,1.3267992450062118,3.6627479856885925,0.653625822325169,1756822349.194117
6.017948839,3.3690942208,0.5599204884,1.219287032896531,3.5613443910543072,0.6621779007533561,1756822349.202109
5.515456093,3.7686955949999996,0.2536391956,1.039692635413022,3.2363639098000374,0.5595525756426746,1756822349.210090
5.314458994599999,4.0701912426,0.4283152454,0.877202447145765,2.730567562385251,0.4007275788046055,1756822349.218093
5.4341001246,4.414757697,1.1892328321999999,0.7721336959888764,2.180788848007037,0.21135937241651329,1756822349.226134
5.8911292412,4.077369710399999,2.4741785684,0.7904596356815243,1.6444492386823497,-0.08185594191853406,1756822349.234089
6.7453669093999995,3.5772697869999996,3.8668013215999997,0.8344419328317815,1.1557570481239374,-0.35796702958403703,1756822349.242104
8.183453292,2.6081766339999994,5.26420972,0.9162978572970231,0.7709118956993103,-0.6768386664701084,1756822349.250093
10.4757773428,1.6821542877999998,6.3720865838,0.9517280236592153,0.4263839362622147,-0.8918632128625174,1756822349.258147
13.227523332799999,0.25124637299999997,7.252645300599999,0.8625416814290127,0.03787364476827695,-0.9859365293581818,1756822349.266106
16.4650123106,-1.6151552550000001,7.980063371,0.755029399506162,-0.29565879274113194,-0.8820894214112266,1756822349.274118
19.776678788999998,-3.9314075318,8.5639120854,0.7098253718795088,-0.33231070703301285,-0.679282109969608,1756822349.282096
22.1120736466,-5.156532702999999,8.2289169214,0.7452556080548712,0.14782938764391973,-0.2272418686096617,1756822349.290091
22.301106632,-4.6085763276,7.3746792532,0.6731734924942129,0.9957103208094725,0.18692476288859272,1756822349.298086
19.7144654014,-2.7086751832,6.065805290999999,0.5045746867515607,1.9816468501676543,0.455705485149012,1756822349.306111
15.156138348399999,-0.5216353268,4.5774696338,0.4495968153137393,3.0298916861819114,0.5803219762881145,1756822349.314123
10.7940227486,0.8398807326,3.3427731722,0.4117231705454623,3.9449676908294906,0.6450736740838118,1756822349.322092
7.4129644148,1.686939933,2.4670001006,0.49113563405791183,4.619363158146195,0.7648032782239153,1756822349.330103
5.041677218199999,2.2947168734,2.2037896146,0.6218608299388722,5.004208048771434,0.9016370915802706,1756822349.338126
3.3834511563999996,3.4743784152,2.8043880872,0.6524040918487729,5.165476297122785,1.0616838188947357,1756822349.346107
1.8496518698,5.134997299599999,4.8717868136,0.4630358680073881,5.099502886303985,1.1875220405102345,1756822349.354079
-0.0215354034,7.2574309458,7.716852885,-0.1282817000215832,4.896695714488706,1.276708382740437,1756822349.362110
-1.9956140484,9.028119669799999,9.7962157244,-0.9431759452310281,4.678005976667109,1.1728612049803118,1756822349.370097
-3.7016965622,9.4612205604,9.379864591999999,-1.696983684073964,4.498411439557259,0.9248500055383803,1756822349.378092
-4.929214556,8.410771439,6.283552147599999,-2.1197023241872355,4.177096533704614,0.8148942103028599,1756822349.386092
-5.2737810104,7.312465865599999,2.7972096194,-2.1258110812889712,3.7555993622683506,0.6976081194754261,1756822349.394082
-5.4412785924,6.879364975,-0.2560320182,-1.92911240477604,3.2632421199070905,0.5791002458117185,1756822349.402094
-5.3336015754,6.707081747799999,-2.7302105865999997,-1.6811011355209382,2.599842575943801,0.5082398956340413,1756822349.410080
-4.402793584,6.6185473115999995,-4.151547211,-1.3952162389508522,1.8374826190463376,0.5082398956340413,1756822349.418122
-3.6466616424,6.5850477951999995,-4.0845481781999995,-1.254717181805431,1.0714576103460265,0.7684684521998107,1756822349.426113
-3.3068808331999997,6.81954441,-2.0482561456,-1.284038730692228,0.4117231705454623,0.8710938296703699,1756822349.434090
-3.4002009145999996,7.0253271536,0.5766702466,-1.4538593192711542,-0.058643062867009474,0.9126326833211273,1756822349.442102
-3.0077780082,6.9535424756,2.7349962317999994,-1.626123229176532,-0.33231070703301285,0.8698720991939739,1756822349.450086
-2.4478575198,6.6233329568,5.0823552024000005,-1.8106045311123324,-0.44348816293175913,0.7220426940967616,1756822349.458111
-1.1509476706,6.508477472,7.0037917502,-1.9339993092283314,-0.4630358680073881,0.735481729337118,1756822349.466104
-0.007178467799999999,6.2715880346,8.5328053916,-1.9669860146377318,-0.5045746867515607,0.7794640439406675,1756822349.474102
0.8231309743999999,6.2548382764,9.865607579799999,-2.05983753084383,-0.558330827712986,0.9248500055383803,1756822349.482071
1.4069796888,6.187839243599999,10.939984927199998,-2.135584890193554,-0.555887366760194,1.1032226027323233,1756822349.490107
2.1008982428,7.006184572799999,11.050054766799999,-2.1038198978072575,-0.4801400772236401,1.319468879601128,1756822349.498100
3.3475588174,7.312465865599999,10.4829558106,-2.11603715021134,-0.4141666314982544,1.6151277072488452,1756822349.506088
4.462614149,6.654439650599999,10.5140625044,-2.1099285152826526,-0.49724430389318447,1.822821905689463,1756822349.514068
5.1661039934,5.2570312522,11.7176522722,-1.8985691428661393,-0.6707300315414209,1.7715091907742444,1756822349.522061
5.737988594799999,2.7948167968,13.294522365599999,-1.4966198335851375,-1.0225884087434778,1.472185189150632,1756822349.530087
6.2117674696,-1.3064811396,14.8067862488,-1.1533136046244379,-1.4001031434031437,1.200961023390713,1756822349.538125
7.0277199762,-4.8406801198,15.3356000434,-0.8527678899777219,-1.6823228485440418,1.0299187566952688,1756822349.546070
7.925028451199999,-6.723831506,14.701502054399999,-0.7941248096574199,-2.086715618777835,1.0946705243041361,1756822349.554086
10.025926693999999,-9.6717889492,14.560325521,-0.9505062931828194,-2.6303858378537015,1.5760323669107572,1756822349.562085
6.6568324732,-18.8123712812,17.0440753798,-1.3939945259277484,-3.0628783915913114,1.3683381684701394,1756822349.570086
10.0905329042,-20.3796700842,15.2207445586,-1.358564219939216,-3.362202253588584,0.8271115150668203,1756822349.578105
9.463613383,-22.9040979272,12.3613215516,-0.8833111518876227,-3.3597588100890845,0.4728096943652639,1756822349.586121
8.3007015994,-23.5980164812,8.4969130526,-0.6157521426503069,-3.368311010690319,-0.01710422666954443,1756822349.594087
7.250252477999999,-20.721843716,3.8715869667999994,-0.1942551457469689,-3.484375301228187,-0.4789183642005365,1756822349.602094
6.3984076324,-16.9363983628,-0.2440679052,0.46792275500638725,-3.5711181999588906,-0.9505062931828194,1756822349.610083
6.532405698,-13.916656241599998,-2.177468566,1.1349875951186201,-3.673743629789327,-1.2376130424023493,1756822349.618110
7.405785946999999,-11.473584366999999,-2.5866412305999997,1.7250833628580253,-3.7665950238223775,-1.529606538994538,1756822349.626111
8.506484342999999,-9.3990071728,-2.4263221163999997,2.1258110812889712,-3.7592646584172935,-1.8167131485877275,1756822349.634090
9.6215396746,-7.4344998182,-2.1463618722,2.428800256888479,-3.634648167278191,-2.2272146759232565,1756822349.642113
10.9495562176,-5.8169517405999995,-1.9190437251999999,2.577851252835747,-3.402519324403068,-2.5277603905699726,1756822349.650095
12.251251711999998,-4.6205404406,-1.722832272,2.5986207058410646,-3.0921998008517684,-2.7733280766992343,1756822349.658127
13.5122692222,-3.6921252717999997,-1.5553346899999998,2.5473079909258463,-2.722015623583404,-2.994461519819719,1756822349.666074
14.744572861199998,-3.1393832512,-1.3543375916,2.5277603905699726,-2.267531729284448,-3.2302554144976905,1756822349.674098
15.840485612,-2.979064137,-1.1629117835999998,2.4984387195101276,-1.77517436475014,-3.4330625863129685,1756822349.682077
16.469797955799997,-2.8091737323999997,-1.2059825903999999,2.5033256239624193,-1.219287032896531,-3.4636058482228695,1756822349.690079
16.3477640032,-2.3928225999999997,-0.9308079913999999,2.455678205196144,-0.5656612105713621,-3.379306410444958,1756822349.698123
15.467205286399999,-1.5840485612,-0.9499505721999999,2.2650882857849486,0.008552113334772215,-3.287676624715256,1756822349.706106
14.1511528564,-0.4450650036,-1.2131610581999999,2.1514673165735325,0.558330827712986,-3.191159934533262,1756822349.714104
13.088739622,0.6963113766,-1.3304093656,2.079385253372752,1.1301006906663285,-3.0763172522987428,1756822349.722142
12.4019995358,1.5002997702,-1.3208380752,2.0671680009686693,1.6102408027965536,-2.879618820131907,1756822349.730112
11.9330063062,1.9357934833999997,-1.0671988796,2.1038198978072575,2.031737852059769,-2.5570817998304296,1756822349.738107
11.748758965999999,2.0650059038,-0.20578274359999998,2.1319197162176584,2.350609314412915,-2.113593689258548,1756822349.746091
12.270394292799999,2.2037896146,1.4644074311999997,2.0647245574691695,2.486221467106045,-1.4184290307359142,1756822349.754095
12.8446717168,5.2259245584,4.3836510032,1.8619172460275508,2.310292243598431,-0.9541714671587149,1756822349.762140
14.4909336656,11.480762834799998,6.5276200528,1.5186110170668512,2.273640486386183,-0.13683381335635544,1756822349.770083
11.708080981799998,12.7681013936,11.72483074,0.5143485131094364,2.6707028912148933,0.45692719817211547,1756822349.778088
8.2767733734,14.7254302804,13.3950209148,-0.9822712855691161,3.7262779530078936,0.5021312257987686,1756822349.786108
5.1421757674,16.067803759,13.244273091,-2.7073546484271414,5.017646892025573,0.15027284859671178,1756822349.794101
2.943171798,15.7280229498,11.2031954132,-3.9852847441906825,6.3603290870105385,-0.24678955623199822,1756822349.802109
1.6223337227999999,14.967105362999998,6.472585133,-4.538728510371744,7.489207925027423,-0.4630358680073881,1756822349.810101
1.232303639,12.7082808286,1.2658031554,-4.20886138646457,8.035321605056081,-0.4263839362622147,1756822349.818082
0.31106693799999996,10.5786687146,-2.2205393728,-3.2168163094441637,7.885048477206689,-0.23212879051524585,1756822349.826101
-0.3062812928,9.1740818484,-2.1702900981999997,-2.086715618777835,7.292508986715105,0.039095375244672985,1756822349.834097
-3.1298119607999997,9.403792818,1.0695917021999999,-1.0152579909785164,6.653544191906076,0.09040805525330627,1756822349.842085
-4.9459643142,13.004990831,5.386243672599999,-0.3726277953007894,6.295576987789113,0.21868975527488949,1756822349.850093
-6.293123437999999,14.737394393399999,8.434699665,-0.3237585587916556,5.836206747543226,0.06475171524898962,1756822349.858127
-7.4584280442,15.790236337399998,12.354143083799999,-0.2700024352835228,5.126381096411038,-0.10140362954087054,1756822349.866071
-7.3292156238,14.244472937799998,14.687145118799998,-0.12950343049797924,4.087910191474411,-0.1942551457469689,1756822349.874154
-6.769295135399999,12.3876426002,16.924434249799997,0.37140608227768585,2.8331930096689804,0.026878070480712675,1756822349.882107
-5.443671415,8.9587278144,18.592231602,1.0213666782670816,1.4660765716752369,0.15393804002589986,1756822349.890133
-4.570291166,5.5417771416,20.303099761,1.6004668717189225,-0.03665191429188092,0.18570303241219668,1756822349.898137
-3.5868410774,3.2949167202,21.212372349000002,1.9120082479196656,-1.452637588794758,0.12095131716320703,1756822349.906070
-1.902293967,2.2803599377999997,20.350956212999996,1.767844016798349,-2.9211574817964467,0.039095375244672985,1756822349.914119
-0.1052841944,0.9834500885999999,18.223736921599997,1.1863003100338383,-4.394564401423475,0.16982053621904827,1756822349.922083
1.8807585636,0.1220339526,15.0676039122,0.5119050696099369,-5.791002248677675,0.4092797270459628,1756822349.930119
3.4480573666,-1.3974083984,11.636296303799998,0.03665191429188092,-6.9113291304394195,0.653625822325169,1756822349.938066
4.7688954418,-1.9357934833999997,8.274380550799998,-0.37995817815916555,-7.832513892188735,0.7489207820307667,1756822349.946091
5.917450289799999,-4.7066820542,6.642475537599999,-0.7611381042480195,-8.455596644590221,0.9346237969896709,1756822349.954094
6.9894348146,-5.6566326263999995,5.252245606999999,-1.077566315087884,-8.833111449063058,0.9187413007965226,1756822349.962245
7.7240313528,-6.7118673929999995,4.055834307,-1.2534954687823274,-8.966279617204618,0.8796459779117272,1756822349.970080
9.0472622506,-7.5828548194,3.2159535744,-1.3439035240356338,-8.88686736313168,0.8894197693630179,1756822349.978082
9.9110712092,-7.506284496199999,1.6558332392,-1.4306464053130443,-8.475144244946094,0.9407325017315287,1756822349.986102
10.5188481496,-6.903293200999999,-0.20578274359999998,-1.417207300259518,-7.726223410555451,1.0262535827193733,1756822349.994115
10.353743390199998,-6.032305774599999,-2.2109680824,-1.4440853881935232,-6.763499725342208,1.05801857510567,1756822350.002114
9.9110712092,-5.4652068183999996,-3.9649070481999997,-1.4440853881935232,-5.659055392133489,1.0934488112810326,1756822350.010106
9.0951187026,-5.0632126216,-4.9722853628,-1.3573425069161127,-4.426329533436112,1.0005972950749342,1756822350.018089
8.3820575678,-4.6133619728,-5.6614182716,-1.1997392929143171,-3.1447341240703355,1.0005972950749342,1756822350.026370
8.2121671632,-4.2520457602,-5.620740287399999,-0.972497476664533,-1.9645425711382323,0.9224064747724181,1756822350.034142
8.01595571,-4.295116567,-5.2594240748,-0.6890559886873613,-0.8784242474353311,0.6548475353482724,1756822350.042109
8.4538422458,-4.6013978598,-4.6157547954,-0.24678955623199822,0.07208209810736581,0.2675589743307307,1756822350.050083
8.8199441036,-4.9220360882,-3.6562329327999996,0.23701571242082994,0.8674286556944744,-0.13072516097437528,1756822350.058100
9.3415794304,-5.137390122199999,-2.5627130046,0.7476990515543709,1.5467108354772523,-0.5546656537370904,1756822350.066122
9.9828558872,-5.2067819775999995,-1.4691930763999999,1.2437216598777443,2.1551326127224755,-1.038470904936626,1756822350.074091
11.057233234599998,-5.508277625199999,-0.14356935599999998,1.5760323669107572,2.6254986716020223,-1.5308282694709339,1756822350.082168
11.944970419199999,-4.3597227772,0.7465606511999999,2.0085249381016594,3.0445523820854934,-1.9572122057331487,1756822350.090083
12.5814612308,-2.5507488916,1.0241280728,2.4068089337804253,3.2925635291675475,-2.2272146759232565,1756822350.098108
13.646267287799999,-0.7609175867999999,1.7036896912,2.712241552879433,3.293785381816991,-2.38237442897226,1756822350.106094
15.3810636728,1.6606188843999998,2.7302105865999997,2.9969049807725106,3.0396654950864943,-2.0451768174869556,1756822350.114101
17.623138449,3.7591243046,4.7162533446,3.2925635291675475,2.409252377279925,-1.2730431913112492,1756822350.122083
20.3940270198,5.8648081926,9.2506521716,3.0921998008517684,1.225395650371926,-0.4520402762665313,1756822350.130148
21.415762270000002,7.8867432896,13.4691984154,2.456900057845588,0.5644394800949663,0.4874704600820162,1756822350.138105
20.9204479918,7.5182486092,15.0676039122,1.4233160573612533,0.5057964172279568,1.2620475472105146,1756822350.146085
19.6666089494,7.0660051377999995,14.1463672112,0.47036625086576433,0.7855726614160627,1.6383406212069547,1756822350.154177
17.113467235199998,6.884150620199999,12.0981110656,-0.4043927876870862,1.2693780173353533,1.877799672407529,1756822350.162092
14.1463672112,6.8889362654,9.6454679006,-1.0885618370155707,1.793500374255958,1.7690657472747449,1756822350.170098
11.4113709794,6.3864435194,7.3028945752,-1.568701879332626,2.2345450238750475,1.6126842637493455,1756822350.178125
8.676374747599999,5.876772305599999,4.9579284272,-1.9107865174432694,2.6181683236502313,1.3548990459633206,1756822350.186099
6.4821564234,5.003392056599999,3.0675985731999997,-2.1221457676867352,3.00179186777151,1.0934488112810326,1756822350.194167
4.4171505196,4.2903309218,1.5984054967999999,-2.2773055381890313,3.3866367583967496,0.8234463410909246,1756822350.202081
2.6991038927999997,3.7016965622,0.45463629399999994,-2.222327771470965,3.8142424251353604,0.5302310093025848,1756822350.210100
1.0528419439999999,3.4552358344,-0.13160524299999998,-2.013411842553951,4.179539977204113,0.3103195584578843,1756822350.218123
-0.45224347139999993,3.4432717213999995,-0.490528633,-1.6786576745681463,4.506963919411175,0.04276056667386108,1756822350.226071
-1.9118652573999997,3.5030922863999994,-0.8853443619999999,-1.3182471665780247,4.827057234413765,-0.23823744289722598,1756822350.234115
-2.9623143788,3.397808092,-1.5146567058,-1.0714576103460265,5.020090614777752,-0.37384952577718544,1756822350.242081
-3.5222348671999995,3.2087751065999996,-2.1750757434,-0.9651670588995717,5.033529458031891,-0.4263839362622147,1756822350.250092
-3.6107693034,3.1824540579999994,-2.3353948576,-0.8833111518876227,4.823391659012141,-0.44348816293175913,1756822350.258108
-3.34995164,2.7684957482,-1.5481562222,-0.8283332455432163,4.428772976935611,-0.3995058483282095,1756822350.266151
-2.7206392962,1.7371892076,-0.1459621786,-0.4288273972150068,3.969402195637656,-0.35552358608453744,1756822350.274081
-3.1585258319999996,3.1728827676,1.4835500119999998,-0.17837264955382048,3.220481605593107,-0.4092797270459628,1756822350.282106
-2.9862426047999997,3.1920253484,5.0057848792,0.16493361431346412,2.4996605721595713,-0.6181955861498065,1756822350.290132
-2.8498517165999995,3.7567314819999997,11.112268154399999,0.7330382858376184,2.0085249381016594,-0.8979719176043751,1756822350.298086
-3.1561330094,4.1898323726,19.671394594599995,1.150870143671646,2.1087068022595488,-1.1362093081417235,1756822350.306109
-3.1824540579999994,4.713860522,25.2634210108,1.452637588794758,2.2724186337367396,-1.4624113976993414,1756822350.314124
-2.75174599,5.905486176799999,23.727228901599997,1.5100588164656163,2.019520460029346,-1.6041321853211583,1756822350.322087
-2.4622144554000003,4.168296969199999,20.638094924999997,1.5332717129704334,1.626123229176532,-1.6872097529963335,1756822350.330119
-2.069791549,2.4335005842,18.9248339434,1.6493361431346414,1.0042624690508297,-1.660331665062328,1756822350.338131
-1.4931213023999999,0.36370903520000003,18.5371966822,1.4905112161097425,0.035430183815484885,-1.4575244932470497,1756822350.346104
-1.016949605,-0.7824529901999999,17.5178542546,1.2815952697394364,-1.2412782163782448,-1.1484267001721464,1756822350.354082
-0.1962114532,-2.3832513096,16.969897879199998,1.0482447662010868,-2.6352727248527006,-0.915076126820627,1756822350.362111
1.4428720278,-2.7421746995999996,15.8931277092,0.7977899836333155,-4.20153103851278,-0.6255260039147678,1756822350.370122
3.6155549486,-2.943171798,14.1822595502,0.537561392160961,-5.987701186989994,-0.34086282036778504,1756822350.378082
6.0969119848,-4.0869410008,12.282358405799998,0.21746802479849348,-7.6309285730229,0.06230825429619756,1756822350.386086
7.9585279676,-3.6538401101999995,9.183653138799999,-0.07208209810736581,-8.998044749217256,0.3616322035599326,1756822350.394145
9.032905314999999,-2.6033909887999998,5.946164161,-0.2981022362406315,-9.947329573723067,0.7428121471020792,1756822350.402085
9.647860723199999,-0.969093153,2.763710103,-0.4715879638888678,-10.348057553953401,0.9566149804713845,1756822350.410085
10.1048898398,-0.6077769404,0.6867400862,-0.5729916283363234,-9.816604587281617,1.4966198335851375,1756822350.418122
10.925627991599999,0.1746760498,-0.47856452,-0.8185594540919257,-9.09700462109936,1.3206906100775242,1756822350.426084
11.449656141,0.6963113766,-1.8065810629999999,-1.0458012528884173,-7.914369869013854,1.1753046484798115,1756822350.434111
11.4927269478,0.7513462964,-3.1848468806,-1.1691960310044163,-6.467840915147784,1.0152579909785164,1756822350.442085
11.243873397399998,0.32303105099999996,-3.8237305147999994,-1.1801916925584433,-4.830722286216612,0.9382889709655666,1756822350.450084
10.765308877399999,0.0191425808,-4.2209390664,-1.1276572471668287,-3.116634567459322,0.9089675093452318,1756822350.458126
10.0761759686,-0.062213387599999996,-4.5798624564,-1.032362287461231,-1.574810636434361,0.755029399506162,1756822350.466101
9.1716890258,-0.11006983959999998,-4.6947179411999995,-0.9040805350797702,-0.19669860669976094,0.7562511997957281,1756822350.474114
8.2241312762,-0.1339980656,-4.5511485852,-0.7489207820307667,1.0225884087434778,0.6548475353482724,1756822350.482070
7.343572559399999,-0.2967100024,-4.0366917262,-0.5766568023122189,1.984090293667154,0.5852088807404061,1756822350.490100
6.5898334404,-0.5359922624,-3.0364918794,-0.3750712562535814,2.7073546484271414,0.3518583772020568,1756822350.498104
6.0442698876,-1.232303639,-2.1008982428,-0.08429940287132612,3.252246458353064,0.058643062867009474,1756822350.506093
5.934200047999999,-1.7922241274,-1.2011969452,0.2675589743307307,3.576005086957889,-0.28955012290585924,1756822350.514071
5.9629139192,-2.0171494518,-0.15553346899999998,0.7611381042480195,3.70673035265202,-0.7770205829878756,1756822350.522077
6.3673009386,-2.1535403399999997,0.9499505721999999,1.3683381684701394,3.7482690143165596,-1.312138531649337,1756822350.530087
7.042076911799999,-1.6654045296,2.2827527604,2.028072538457533,3.623652505724164,-1.8301522710945464,1756822350.538114
8.106882968799999,-0.6891329088,3.8715869667999994,2.6658159867626017,3.3218852002273924,-2.086715618777835,1756822350.546083
9.674181771799999,0.9332008139999999,6.8147587648,3.2827897202629646,2.7733280766992343,-2.1551326127224755,1756822350.554083
13.4787697058,4.3286160834,12.3613215516,3.534466180947254,1.8606955330044472,-1.7580702078937656,1756822350.562091
17.0464682024,9.152546445,20.800806861799998,2.9626964052603744,0.498466016916288,-0.8808676909348307,1756822350.570102
16.7425797322,9.2147598326,19.8676060478,1.9767599457153626,-0.3848450826114571,-0.3530801076784529,1756822350.578083
16.2185515828,6.6257257794,16.546368279,1.122770342714537,-0.5827654197876142,-0.06841690667817772,1756822350.586109
16.0366970652,4.658825602199999,13.9549414032,0.5864305937635097,-0.4667010419832837,0.09773843811168245,1756822350.594095
15.306886172199999,2.7230321187999995,11.9688986452,0.06475171524898962,-0.22968532956245377,0.1795943800302165,1756822350.602113
14.474183907399999,1.3471591237999998,10.904092588199997,-0.460592372148011,0.07208209810736581,0.21746802479849348,1756822350.610127
13.531411803,0.5694917787999999,10.4853486332,-0.9260717185614837,0.4153883445213579,0.21868975527488949,1756822350.618103
12.1842526792,0.19381863059999999,9.8440721764,-1.4001031434031437,0.8087855753741724,0.24068090385001803,1756822350.626105
10.671988796,0.0789631458,8.5328053916,-1.651779586634141,1.218065302420135,0.3017674451231121,1756822350.634104
9.0520478958,0.0789631458,7.2646094136,-1.776396095226536,1.5308282694709339,0.23701571242082994,1756822350.642109
7.2191457842,0.5000999234,6.051448355399999,-1.7812829996788275,1.717753014906234,0.24556782575560218,1756822350.650091
5.584847948399999,0.9906285563999999,4.7569313287999995,-1.7544049117448226,1.8106045311123324,0.1466076571675237,1756822350.658093
4.0989051138,1.627119368,3.2566315585999996,-1.6664404221640634,1.813047974611832,0.08063421144213803,1756822350.666125
3.038884702,2.045863323,2.1607188078,-1.6016886021953187,1.8008307222077493,0.006108652381980153,1756822350.674087
2.069791549,2.3545374384,1.2825529136,-1.4245377878376493,1.8655824200034463,0.039095375244672985,1756822350.682119
1.184447187,2.2971096959999997,0.3900300838,-1.3353514456074467,1.9645425711382323,0.04642575810304917,1756822350.690094
0.45702911659999995,2.2971096959999997,-0.39720855159999996,-1.197295831961525,2.11603715021134,0.08063421144213803,1756822350.698095
-0.1363908882,2.4502503424,-1.232303639,-1.1410962125940152,2.2479841289285742,0.06475171524898962,1756822350.706127
-0.5431707302,2.6967110702,-2.0913269523999998,-1.089783567491967,2.3237313486519575,-0.035430183815484885,1756822350.714118
-1.0983055734,2.0147566292,-3.5988051904000002,-0.9334020839665674,2.353053019711803,-0.06475171524898962,1756822350.722083
0.035892338999999995,0.33738798659999997,-2.9599215562,-0.06963863715457375,2.7635542677946514,-0.32009338481576005,1756822350.730103
-0.18185451760000002,3.0939196217999996,-2.1439690496,0.2565634000431664,2.8808404284352553,-0.4386012235728825,1756822350.738118
-0.062213387599999996,4.651647134399999,0.10289137179999999,-0.04520402762665313,2.555860191527081,-0.5338962181850654,1756822350.746088
0.35892339,5.1828537516,3.5964123677999997,-0.11850785621041497,2.1771236740311415,-0.7489207820307667,1756822350.754112
0.9738787981999999,5.2378886714,8.796015877599999,0.14782938764391973,1.946216683805462,-0.7464773210779748,1756822350.762104
1.2945170266000001,6.147161259399999,16.4291199716,0.6401867696315201,1.8167131485877275,-0.7403686337894095,1756822350.770130
1.9334006607999998,7.6881390138,24.7704995552,1.0653489928706312,1.7739526342737442,-0.7098253718795088,1756822350.778131
1.8472590472,8.913264185,24.007189145799998,1.0910052805150705,1.5442673745244604,-0.7806857744170635,1756822350.786090
1.1222337993999998,7.4727849798,20.9515546856,0.9065239960325623,1.313360262125733,-0.9859365293581818,1756822350.794123
1.7060825137999998,4.6923251186,18.4055914392,0.735481729337118,1.112996463996784,-1.097113985256928,1756822350.802088
3.0556344601999994,2.3306092123999997,16.4051917456,0.7684684521998107,0.39828413530510604,-1.0482447662010868,1756822350.810088
2.8211378453999996,0.5359922624,15.208780445599999,0.6951646759759265,-0.6291911778906633,-0.8112290363269643,1756822350.818101
2.6033909887999998,-0.8207381518,15.0676039122,0.3885102914939378,-1.709200936478047,-0.635299882632521,1756822350.826092
3.1489545415999998,-1.4763715441999998,14.727823102999999,0.11484266478122689,-2.9211574817964467,-0.5400048880203381,1756822350.834123
4.031906081,-2.27318147,13.710873498,-0.1954768762233649,-4.102570904831286,-0.455705485149012,1756822350.842125
5.5776694806,-3.0915267991999995,11.8540431604,-0.4386012235728825,-5.232671595497615,-0.34452799434368064,1756822350.850084
6.9200429592,-3.4959138186,9.4133641084,-0.5839871502640102,-6.35544220001154,-0.16493361431346412,1756822350.858082
8.2767733734,-3.3188449462,6.81954441,-0.6524040918487729,-7.237531219997039,0.03787364476827695,1756822350.866090
9.229116768199999,-2.5866412305999997,4.2257247116,-0.6462954045602076,-7.799527448578722,0.2504547476611863,1756822350.874082
9.9326066126,-1.7347963849999999,2.1272192914,-0.6291911778906633,-7.85084016349394,0.4422664324553631,1756822350.882081
10.480562987999999,-0.9308079913999999,0.5455635528,-0.5839871502640102,-7.41346070530404,0.5070181302510602,1756822350.890100
12.090932597799998,-0.993021379,-0.4043870194,-0.5277875658030853,-6.588792633736719,0.4544837546726159,1756822350.898122
11.751151788599998,-1.100698396,-2.2420747762,-0.2993239667170275,-5.406157358052436,0.38117990863556156,1756822350.906086
10.657631860399999,0.6101697629999999,-2.8187450228,-0.5009095127756651,-4.236961204874972,0.4105014400690663,1756822350.914131
10.430313713399999,0.22013967919999997,-2.8905297008,-0.5827654197876142,-3.0213394855806768,0.2993239667170275,1756822350.922112
9.8608219346,0.0741775006,-2.943171798,-0.5766568023122189,-1.7617353818696615,0.1832595714594046,1756822350.930101
9.068797653999999,-0.0263210486,-2.9383861527999997,-0.5131268000863328,-0.5229006264442086,0.1832595714594046,1756822350.938099
8.0303126456,0.062213387599999996,-2.9001009911999995,-0.4153883445213579,0.5314527746855658,0.10506882097005864,1756822350.946231
7.0516482022,0.18185451760000002,-2.6225335696,-0.34819320322616126,1.3341297151310507,0.1111774733520388,1756822350.954101
6.1399827916,0.2775674216,-2.0482561456,-0.2040289895581371,2.0109683816011588,0.006108652381980153,1756822350.962079
5.7260244818,-0.1363908882,-1.0504491214,-0.023212879051524585,2.4605651096484356,-0.20158552860534507,1756822350.970084
5.620740287399999,-0.346959277,-0.2823530668,0.1942551457469689,2.697580856975851,-0.4776966337241405,1756822350.978086
5.8480584343999995,-0.39960137419999997,0.6364908116,0.43127084071450633,2.8722884721801156,-0.7721336959888764,1756822350.986110
6.197410533999999,-0.418743955,2.03389921,0.6707300315414209,2.923600942749239,-1.122770342714537,1756822350.994134
7.1042902994,-0.275174599,3.6370903519999995,1.038470904936626,2.8649578624289367,-1.500285007561033,1756822351.002092
8.2959159542,0.3756731482,5.3192446398,1.3939945259277484,2.6780332391666843,-1.871691054932134,1756822351.010091
10.5547404886,2.1439690496,7.817351434199999,1.6187928812247407,2.251649180731422,-1.9572122057331487,1756822351.018111
13.591232368,4.7306102802,11.059626057200001,1.6090190723201576,1.3634512640178478,-1.6566664910864326,1756822351.026067
16.3573352936,7.3651079628,13.555340029,1.3267992450062118,0.006108652381980153,-0.973719207140929,1756822351.034097
16.5320113434,7.884350467,14.6368958442,0.7452556080548712,-0.8943067436284794,-0.4373794930964865,1756822351.042139
16.5559395694,6.826722877799999,13.837693095799999,0.12950343049797924,-1.1863003100338383,-0.24801128670839426,1756822351.050085
16.8382926362,5.1996035098,12.332607680399999,-0.2528982086139784,-0.9492845627064234,-0.11850785621041497,1756822351.058118
17.0105758634,3.2997023654,10.2987084704,-0.39584067435231396,-0.5448917750193372,0.0317649923862968,1756822351.066159
16.2688008574,1.3088739621999999,8.554340795,-0.4117231705454623,-0.13194689145077132,0.16493361431346412,1756822351.074117
15.1848522196,-0.4043870194,7.6881390138,-0.5766568023122189,0.3237585587916556,0.21380283336930536,1756822351.082135
14.2540442282,-1.232303639,7.4823562701999995,-0.7843509483929592,0.6805039102591741,0.2223549467040776,1756822351.090078
12.5790684082,-1.2634103328,7.5900332872,-1.0445795224120211,1.1410962125940152,0.15638150097869194,1756822351.098132
10.6145610536,-1.2179467034,7.5948189324,-1.1044443332087193,1.5882496193148399,0.06230825429619756,1756822351.106087
8.6691962798,-0.8422735552,6.9894348146,-1.126435516690433,1.9278906742996438,-0.05619960191421741,1756822351.114139
6.668796586199999,-0.22013967919999997,6.0107703712,-1.0360274614371265,2.1661281521034548,-0.31642817593327943,1756822351.122099
4.814359071199999,0.40917266459999996,4.965106894999999,-0.9004153611038747,2.2834142952907666,-0.43249260609748735,1756822351.130382
3.3667013982,1.3256237203999999,3.9792639838,-0.7489207820307667,2.224771214970464,-0.6035348902462242,1756822351.138102
2.0578274359999997,2.1463618722,3.0747770409999995,-0.6072000642221197,2.100154723831362,-0.6255260039147678,1756822351.146104
0.9499505721999999,2.5746771176,2.6081766339999994,-0.42394049276271517,1.991420641618945,-0.6218608299388722,1756822351.154081
0.011964112999999998,2.8905297008,2.2325034857999997,-0.3420845333908886,1.8692475939793418,-0.5216788959678126,1756822351.162112
-0.6795616184,2.8331019584,1.902293967,-0.3017674451231121,1.8106045311123324,-0.4728096943652639,1756822351.170091
-1.1222337993999998,2.5866412305999997,1.5649059803999998,-0.20036379812894903,1.7580702078937656,-0.377514699753081,1756822351.178069
-1.3064811396,2.4717857457999997,1.112662509,-0.14049900478554353,1.7580702078937656,-0.26511551337793865,1756822351.186112
-1.2849457362,2.5052852621999997,0.8398807326,-0.006108652381980153,1.787391756780563,-0.22357667718047364,1756822351.194174
-1.1724830739999998,2.8905297008,0.5934200048,0.26145032194875056,1.767844016798349,-0.20158552860534507,1756822351.202123
-0.9427721043999999,3.290131075,0.6029912951999999,0.5497787143782138,1.671327326616355,-0.23823744289722598,1756822351.210086
-0.5240281494,4.0342989036,1.0384850084,0.7452556080548712,1.4660765716752369,-0.24801128670839426,1756822351.218136
-0.42352960019999997,5.2618168974,2.2420747762,0.6291911778906633,1.1630873960757286,-0.2541199390903744,1756822351.226113
-0.6221338759999999,6.3696937612,4.3118663252,0.23701571242082994,0.8283332455432163,-0.2724458962363148,1756822351.234112
-0.5216353268,7.3387869142,7.250252477999999,-0.2736676267127109,0.5119050696099369,-0.36529741244241315,1756822351.242098
0.4139583098,7.9417782094,12.3254292126,-0.7501425125071628,0.1514945790731078,-0.4373794930964865,1756822351.250099
2.1918255016,8.6285182956,17.1182528804,-1.0714576103460265,-0.3262020546510327,-0.538783157543942,1756822351.258067
3.8955151927999996,7.8508509506,20.925233636999998,-1.1105530204972844,-0.8124507493500679,-0.73792519028991,1756822351.266095
5.2689953651999994,5.800201982399999,22.640887441199997,-0.7538076864830584,-1.0604620186051696,-0.8991936306274786,1756822351.274095
6.6376898924,3.6969109169999994,19.752750563,-0.38117990863556156,-1.2852604437153319,-1.0824532020868833,1756822351.282101
6.654439650599999,1.3328021881999998,15.2686010106,-0.2040289895581371,-1.8668041504798423,-0.9834929985922196,1756822351.290082
6.515655939799999,0.1746760498,12.684352602599999,-0.1747074581246324,-2.5961772623415653,-0.8979719176043751,1756822351.298105
7.156932396599999,-0.562313311,11.504691060799999,-0.21380283336930536,-3.326772104679684,-0.6120869686744114,1756822351.306095
7.6115686905999995,-1.1748758966,10.3441720998,-0.26878070480712674,-4.210083239114014,-0.43493604959698695,1756822351.314091
8.6309111182,-2.0721843715999997,9.339186607799999,-0.4105014400690663,-5.032307605382448,-0.34697143784318024,1756822351.322113
9.8751788702,-2.5339991334,7.6737820781999995,-0.6010913769335546,-5.740911386411901,-0.19914206765255302,1756822351.330084
10.9447705724,-2.6488546182,5.706881901,-0.7342600163140145,-6.3383377813557775,-0.06230825429619756,1756822351.338159
12.1651100984,-2.237289131,4.0390845488,-0.755029399506162,-6.5423668058205,0.16493361431346412,1756822351.346158
12.961920024199998,-1.4141581565999999,2.3306092123999997,-0.7489207820307667,-6.295576987789113,0.2797762965479835,1756822351.354082
13.627124707,-0.7657032319999999,0.8470592003999999,-0.6817256232822776,-5.6272908011729195,0.4153883445213579,1756822351.362094
13.725230433599998,-0.38763726119999997,-0.5814558917999999,-0.5705481150236538,-4.750088162040938,0.4092797270459628,1756822351.370134
13.3591285758,-0.3900300838,-1.5936198516,-0.39217546546983334,-3.7604865285200297,0.33841932450840795,1756822351.378112
12.4977124398,-0.4761716974,-2.3545374384,-0.21991148575128552,-2.626720524251466,0.2345722514680379,1756822351.386110
11.277372913799999,-0.5838487144,-2.727817764,-0.01710422666954443,-1.569923609809022,0.14905111812031574,1756822351.394084
9.9876415324,-1.1413763802,-2.416750826,0.16859880574265224,-0.5986479159807625,-0.006108652381980153,1756822351.402224
8.7074814414,-1.3304093656,-2.1535403399999997,0.4117231705454623,0.24923301718479024,-0.10384709049366261,1756822351.410129
7.6546394974,-1.3854442854,-1.7730815465999998,0.7672467217234148,0.9749409376173249,-0.16859880574265224,1756822351.418087
6.6568324732,-1.3591232368,-1.3064811396,1.0482447662010868,1.5137241126145595,-0.2309070600388498,1756822351.426093
5.893522063799999,-0.8973084749999999,-0.9236295236,1.4220943268848572,1.9730947717394671,-0.3237585587916556,1756822351.434227
5.3192446398,-0.2823530668,-0.5072783912,1.7690657472747449,2.318844461652959,-0.3152064454568834,1756822351.442074
4.9124647978,0.1579262916,0.0095712904,1.9596556666859408,2.5668558530811083,-0.4495968153137393,1756822351.450096
4.658825602199999,1.0025926693999998,0.3900300838,1.9572122057331487,2.7097981093799337,-0.40683623118658574,1756822351.458066
4.6037906824,1.962114532,0.8925228297999999,1.7727309212506404,2.703689614077586,-0.6096435077216193,1756822351.466075
4.701896409,3.1082765574,1.6773686425999998,1.529606538994538,2.568077443931164,-0.8307766890427158,1756822351.474112
4.953142782,4.5320060043999995,3.0005995404,1.2583823557813265,2.4251349432862432,-1.1423179430704111,1756822351.482068
5.759523998200001,5.5896335936,5.084748025,1.1630873960757286,2.285857738790266,-1.4269812313371488,1756822351.490066
7.8460653054,6.9559352982,8.123632727,0.9395107712551326,1.9816468501676543,-1.5906930628143394,1756822351.498080
11.851650337799999,9.152546445,12.1579316306,0.5265658353266892,1.0885618370155707,-1.472185189150632,1756822351.506077
14.8331072974,10.5236337948,14.177473905,0.040317105721069016,-0.24678955623199822,-0.9969320512858685,1756822351.514145
15.4552411734,10.1240324206,14.060225597599999,-0.38117990863556156,-1.3243557840534197,-0.35552358608453744,1756822351.522070
15.1441742354,8.3174513576,13.2873438978,-0.775798869964772,-1.8472564104976283,-0.10140362954087054,1756822351.530067
15.4600268186,6.1567325498,12.4019995358,-1.097113985256928,-1.8374826190463376,-0.05253441048502932,1756822351.538114
16.2281228732,4.2903309218,10.573883069399999,-1.3048081836975458,-1.558928087881335,-0.03298672286269283,1756822351.546107
16.1348027918,2.4717857457999997,8.2839518412,-1.3842205948501176,-1.1239920731909332,0.04276056667386108,1756822351.554074
15.6107746424,1.088734283,6.1351971463999995,-1.3377949065602386,-0.558330827712986,0.08185594191853406,1756822351.562055
15.2566368976,-0.07178467799999999,4.8430729424,-1.2058479103897122,0.029321531433504737,0.006108652381980153,1756822351.570128
14.7254302804,-0.5934200048,4.4841495524,-1.0543534011297744,0.5131268000863328,-0.048869219055841226,1756822351.578086
14.0865466462,-0.8829515394,4.582255279,-0.877202447145765,1.018923234767582,-0.1466076571675237,1756822351.586113
12.7800655066,-0.5216353268,5.1756752837999995,-0.6890559886873613,1.547932548500356,-0.16982053621904827,1756822351.594078
10.968698798399998,0.1962114532,5.565705367600001,-0.5742133588127195,2.0402899304879565,-0.20280725908174108,1756822351.602131
8.721838377,1.0145567824,5.527420206,-0.39828413530510604,2.4959952760106283,-0.2504547476611863,1756822351.610077
6.518048762399999,1.6893327556,5.3431728658,-0.22113321622768156,2.8319711570195367,-0.2528982086139784,1756822351.618119
4.5391844722,2.213360905,5.3551369788,-0.04642575810304917,3.0298916861819114,-0.32131511529215606,1756822351.626078
2.8331019584,2.4454646972,5.603990529199999,0.08918632477691024,3.171612334177388,-0.30298917559950816,1756822351.634171
1.2993026717999998,2.4861426814,5.6925249654,0.19792033717615698,3.3060026342210738,-0.31398473243377983,1756822351.642080
-0.11724830739999999,2.7804598611999998,5.2187460906,0.27611108766550296,3.473379657127453,-0.1270599695451872,1756822351.650093
-1.4189438017999998,2.8689942973999996,4.2448672923999995,0.359188760060433,3.5882223393619723,-0.02199114857512855,1756822351.658064
-2.3258235671999996,2.7110680057999996,3.1537401868,0.4801400772236401,3.6676348726875916,0.11606439525762292,1756822351.666108
-3.2159535744,2.4191436485999995,1.8592231602,0.5742133588127195,3.5088098060363526,0.33108894165003183,1756822351.674132
-3.8476587407999996,2.5962125209999996,1.0097711372,0.7244861375962612,3.1777210912791234,0.4691444854827833,1756822351.682085
-4.0725840652,2.6177479243999997,0.12442677519999999,0.801455157609211,2.6389377766555486,0.614530412173911,1756822351.690097
-4.146761565799999,2.7708885708,-0.7680960546,0.7538076864830584,1.9437732403059622,0.7159340591680741,1756822351.698153
-4.0654055974,3.1274191382,-1.4093725114,0.613308681697515,1.1032226027323233,0.7318165553612224,1756822351.706094
-3.8955151927999996,4.0534414843999995,-1.0911271056,0.3824016391119576,0.18448130193580065,0.6499606483492734,1756822351.714129
-3.6107693034,4.6348973762,0.47856452,0.07696902001294993,-0.5290092788261888,0.4850270165825167,1756822351.722086
-2.87138712,4.7928236678,3.2303105100000002,-0.13805554383275148,-1.0201449652439782,0.13439035240356337,1756822351.730083
-1.8065810629999999,4.9028935074,6.7501525546,-0.2993239667170275,-1.4233160573612533,-0.2040289895581371,1756822351.738125
-0.23928226,4.979463830599999,11.4161566246,-0.5400048880203381,-1.824043636165859,-0.6487388480597073,1756822351.746146
2.7421746995999996,5.7355957722,16.6444740056,-0.7513642255302664,-2.400700438478078,-0.917519587773419,1756822351.754088
5.0057848792,6.3601224707999995,18.879370314,-0.7489207820307667,-3.0176741719784403,-0.9468411192069238,1756822351.762092
6.6951176348,6.032305774599999,18.7046942642,-0.498466016916288,-3.589444209464708,-0.8466591852358643,1756822351.770128
7.716852885,4.4315074552,16.4051917456,-0.2541199390903744,-4.196644134060488,-0.6841690842350697,1756822351.778103
8.520841278599999,3.2279176873999997,13.8281218054,-0.2700024352835228,-4.803844058656267,-0.518013721991917,1756822351.786111
9.848857821600001,2.4574288101999997,11.5286192868,-0.42149701435663056,-5.505117753533317,-0.29688050576423547,1756822351.794089
11.1050896866,1.5601203352,8.970691927399999,-0.5803219762881145,-6.136751921137874,-0.012217304763960306,1756822351.802092
12.2536445346,0.681954441,6.805187474399999,-0.775798869964772,-6.741508943286223,0.26145032194875056,1756822351.810088
13.201202284199999,0.2536391956,4.9842494758,-0.9456193887305278,-7.1092494152557,0.4495968153137393,1756822351.818089
14.589039392199998,0.2225325018,3.4695927699999998,-0.9566149804713845,-7.1483451395662225,0.6389650566084165,1756822351.826134
16.235301341,0.48574298779999997,2.2181465501999997,-0.8698720991939739,-6.761056543642096,0.6805039102591741,1756822351.834101
17.723636998199996,0.5288137946,1.1629117835999998,-0.7684684521998107,-5.985257481691107,0.8173377236155296,1756822351.842119
18.6568378122,0.6125625856,0.19860427579999998,-0.6365215956556246,-4.8319441388660564,0.775798869964772,1756822351.850129
18.8171569264,0.4331008906,-1.0145567824,-0.4386012235728825,-3.42206718655833,0.7806857744170635,1756822351.858069
17.8719919994,0.1363908882,-1.8616159827999998,-0.20036379812894903,-1.9303341177991433,0.6976081194754261,1756822351.866118
16.0151616618,-0.1052841944,-2.141576227,0.003665191429188092,-0.5400048880203381,0.455705485149012,1756822351.874073
13.708480675399999,-0.406779842,-2.309073809,0.21991148575128552,0.7098253718795088,0.3616322035599326,1756822351.882132
11.473584366999999,-0.6460621019999999,-2.0793628394,0.40683623118658574,1.7214181888821298,0.1392772743091475,1756822351.890080
9.403792818,-0.7393821834,-1.8568303376,0.6951646759759265,2.5473079909258463,0.04153883619746504,1756822351.898121
7.6785677234,-0.9475577495999999,-1.447657673,0.9688322328754674,3.171612334177388,-0.02076941809873252,1756822351.906071
6.352944002999999,-1.0097711372,-1.0695917021999999,1.2632692602336182,3.601661461868791,-0.04276056667386108,1756822351.914109
5.2067819775999995,-0.8327022648,-0.7776673449999999,1.5173892865904552,3.9168678724190893,-0.010995574287564275,1756822351.922084
4.264009873199999,-0.6245266986,-0.4043870194,1.717753014906234,4.096462409528939,0.058643062867009474,1756822351.930132
3.4600214796,-0.23449661479999998,-0.08135596839999999,1.822821905689463,4.177096533704614,0.13072516097437528,1756822351.938084
2.7924239741999997,0.2656033086,0.2703889538,1.8668041504798423,4.107457791830285,0.18203784098300857,1756822351.946095
2.189432679,0.9834500885999999,0.8279166196,1.849699993623468,3.9339720292754636,0.07819075048934597,1756822351.954166
1.7443676754,1.8927226766,1.4500504955999998,1.7739526342737442,3.634648167278191,-0.06841690667817772,1756822351.962070
1.4620146085999999,2.8737799426,2.1966111468,1.6322318641052196,3.2229250665458986,-0.3933972308528144,1756822351.970112
1.4883356571999997,3.8069807566,3.2757741393999997,1.474628650103424,2.7721064858491786,-0.7977899836333155,1756822351.978126
2.0267207421999998,4.8502514102,5.2570312522,1.1533136046244379,2.3066272092488758,-1.2339477288001133,1756822351.986069
3.0843483314,6.226124405199999,8.721838377,0.7648032782239153,1.8570303590285517,-1.6114625332729493,1756822351.994090
6.089733516999999,8.4394853102,12.8542430072,0.24190263432641407,1.0445795224120211,-1.654223047586933,1756822352.002142
9.9373922578,9.985248709799999,14.1344030982,-0.24068090385001803,-0.44348816293175913,-1.5173892865904552,1756822352.010105
12.5001052624,10.2364950828,13.184452526,-0.5265658353266892,-2.2834142952907666,-0.8723155601467658,1756822352.018096
13.217952042399999,9.198010074399999,12.787243974399999,-0.795346540133816,-3.57356164345839,-0.36896258641830876,1756822352.026081
13.627124707,7.601997400199999,12.789636796999998,-1.0848966630396752,-3.9901716486429732,-0.16615534478986016,1756822352.034129
15.1058890738,6.520441585,11.8014010632,-1.358564219939216,-3.668856742790328,-0.1111774733520388,1756822352.042197
17.020147153799996,5.575276658,9.846464998999998,-1.494176390085638,-3.105638905905295,-0.1075122819228507,1756822352.050102
17.82652837,4.7282174576,7.561319415999999,-1.602910315218422,-2.409252377279925,0.025656340004316644,1756822352.058070
18.125631195,3.6945180944,5.711667546199999,-1.6701055961399591,-1.5283848259714343,0.16493361431346412,1756822352.066100
17.9007058706,2.7230321187999995,4.5032921331999995,-1.4868460246805546,-0.635299882632521,0.2736676267127109,1756822352.074128
17.4652121574,1.9094724347999998,4.3118663252,-1.2779300957635404,0.1710422666954443,0.39706240482870997,1756822352.082099
16.3405855354,1.363908882,4.7401815706,-1.0519099401769825,1.0348057309607304,0.48258353817643207,1756822352.090134
14.4574341492,1.3328021881999998,5.228317380999999,-0.8564330639536175,1.8252653666422547,0.6218608299388722,1756822352.098092
12.172288566199999,1.8281164663999998,5.644668513399999,-0.7318165553612224,2.522873486117681,0.6389650566084165,1756822352.106112
9.5904329808,2.3784656643999997,5.8600225474,-0.6560692658246685,3.0909782100017127,0.6963864064523225,1756822352.114087
7.042076911799999,2.7014967154,5.8815579507999995,-0.6414085001079161,3.532022719994462,0.7672467217234148,1756822352.122098
4.6013978598,2.7924239741999997,5.723631659199999,-0.6963864064523225,3.8117989816358606,0.7452556080548712,1756822352.130106
2.333002035,2.5698914724,5.5130632704,-0.7391469033130135,3.9205331860213253,0.755029399506162,1756822352.138101
0.5168496816,2.4191436485999995,5.194817864599999,-0.8112290363269643,3.9351938819249073,0.7428121471020792,1756822352.146085
-0.9212367009999999,2.2516460665999998,4.5296131818,-0.8637634817185786,3.883881167009689,0.7428121471020792,1756822352.154131
-2.3641087288,2.0985054202,3.3284162366,-0.9040805350797702,3.6908477866457012,0.7623598172711231,1756822352.162068
-3.0436703471999995,1.9357934833999997,1.5625131578,-0.8564330639536175,3.345098114185502,0.7208209636203656,1756822352.170105
-3.5892338999999995,1.8735800958,0.1746760498,-0.6963864064523225,2.9028317340900167,0.6841690842350697,1756822352.178080
-3.7686955949999996,1.7946169499999998,-0.8925228297999999,-0.5497787143782138,2.409252377279925,0.6426302305843121,1756822352.186070
-3.6083764807999996,1.8376877567999998,-1.5409777543999998,-0.30909779307490326,1.888795333961556,0.5791002458117185,1756822352.194096
-3.2997023654,1.8017954178,-1.8783657409999999,-0.035430183815484885,1.330464541155155,0.4654793115068877,1756822352.202119
-2.9288148623999994,1.8855442087999998,-1.5266208188,0.29688050576423547,0.7476990515543709,0.32864549815053223,1756822352.210089
-2.6344976825999997,2.045863323,-0.23928226,0.6169738556734105,0.1881464933649887,0.1673770752662562,1756822352.218126
-2.2803599377999997,2.1248264688,2.3066809864,0.9065239960325623,-0.2431243648028101,-0.05619960191421741,1756822352.226080
-1.9214365477999997,2.5435704238,5.754738353,1.1447613865699107,-0.47036625086576433,-0.3225368457685521,1756822352.234425
-1.5768700934,3.4480573666,10.0929257268,0.9639453458764682,-0.6585127267774605,-0.6585127267774605,1756822352.242092
-1.0600204117999998,4.9555356046,14.703894876999998,0.719599250597262,-0.8319984195191118,-1.0873401065391748,1756822352.250129
0.8542376682,5.8289158536,17.0871461866,0.4850270165825167,-1.255938912281827,-1.5234979215191429,1756822352.258089
3.2494530907999994,5.931807225399999,17.1541452194,0.3420845333908886,-1.9657642841613359,-1.6676621526404596,1756822352.266110
5.0057848792,5.2211389132,15.251851252399998,0.3860668479944382,-2.836858044018536,-1.4660765716752369,1756822352.274088
6.2668023894000005,3.6466616424,12.4091780036,0.4508185457901353,-3.7934732339294306,-1.2424999294013483,1756822352.282122
7.176074977399999,1.8831513862,9.8680004024,0.4532619892896349,-4.76474885794452,-0.8943067436284794,1756822352.290086
7.975277725799999,0.4043870194,8.9324067658,0.37629296927668493,-5.6162951570721855,-0.596204472481263,1756822352.298103
9.523433948,-0.2919243572,8.578269020999999,0.29443706226473587,-6.263812414281837,-0.3506366467256608,1756822352.306121
11.971291467799999,-0.981057266,8.137989662599999,0.21991148575128552,-6.875898964077228,-0.09773843811168245,1756822352.314092
13.8257289828,-1.3351950108,7.152146751399999,0.03665191429188092,-7.294952692013992,0.079412480965742,1756822352.322111
15.570096658199999,-1.328016543,5.4771709314,-0.059864793343405505,-7.418347609756331,0.31642817593327943,1756822352.330128
16.7593294904,-1.0552347666,3.5581272061999996,-0.14538592669112765,-7.17766654882668,0.5277875658030853,1756822352.338113
17.5657107066,-0.7896314579999999,1.7012968685999998,-0.18081611050661253,-6.51671044836289,0.6609561702769601,1756822352.346093
17.838492483,-0.6867400862,-0.0334995164,-0.15760323145508795,-5.566204277353118,0.7391469033130135,1756822352.354128
17.716458530399997,-0.49531427819999996,-1.8520446923999998,-0.07208209810736581,-4.350582296259435,0.7159340591680741,1756822352.362065
17.032111266799998,-0.4139583098,-2.7780670385999997,0.05742133239061344,-3.0030134760748584,0.6255260039147678,1756822352.370088
15.866806660599998,-0.18664016279999998,-3.1058837348,0.1954768762233649,-1.5723670533085214,0.4776966337241405,1756822352.378083
14.2755796316,0.007178467799999999,-3.038884702,0.3457497073667842,-0.2272418686096617,0.3225368457685521,1756822352.386107
12.6652100218,0.2440679052,-2.7972096194,0.4544837546726159,0.9566149804713845,0.21135937241651329,1756822352.394125
11.131410735200001,0.48574298779999997,-2.4095723582,0.6108652381980153,1.9779816761917586,0.23335052099164186,1756822352.402089
9.7220382238,0.5575276658,-1.7706887239999998,0.6902777017104648,2.7440066674387773,0.26633724385433466,1756822352.410172
8.480163294399999,0.5934200048,-1.2059825903999999,0.795346540133816,3.3487631485350575,0.3457497073667842,1756822352.418069
7.467999334599999,0.7633104094,-0.7896314579999999,0.8539896030008255,3.738495205411976,0.4789183642005365,1756822352.426150
6.549155456199999,1.1270194446,-0.47138605219999996,0.896750187127979,3.9449676908294906,0.5595525756426746,1756822352.434112
5.644668513399999,2.0721843715999997,-0.19860427579999998,0.9040805350797702,3.981619709841127,0.5900958375525753,1756822352.442129
5.060819798999999,2.9383861527999997,0.2823530668,0.8869763258635183,3.8679986010033702,0.5106833391335408,1756822352.450093
4.4458643908,3.6849468039999995,0.7202396025999999,1.0018190255513302,3.6798521250916747,0.3347541505325124,1756822352.458128
4.1324046302,4.3812581806,1.5409777543999998,1.0848966630396752,3.354871905636793,0.05375614096142535,1756822352.466086
4.0749768878,4.7832523774,2.6847469572,1.160643952576229,2.971248605861609,-0.34086282036778504,1756822352.474094
4.4410787456,5.481956576599999,3.6634114006,1.1801916925584433,2.579073105485191,-0.757472930272124,1756822352.482069
5.2259245584,6.209374646999999,4.9579284272,1.200961023390713,2.20522347498825,-1.218065302420135,1756822352.490079
6.9439711852,7.1449682836,7.5326055448,1.1936306579856295,1.7250833628580253,-1.4624113976993414,1756822352.498089
9.4253282214,9.1716890258,11.387442753399998,0.9663887893759677,1.0543534011297744,-1.4905112161097425,1756822352.506069
13.177274058199998,11.054840412,13.3184505916,0.7244861375962612,0.12950343049797924,-1.0910052805150705,1756822352.514082
16.158731017799997,11.84447187,14.1870451954,0.40805796166298175,-1.0262535827193733,-0.3262020546510327,1756822352.522085
16.924434249799997,10.6432749248,14.021940436,-0.079412480965742,-1.6212363247242403,0.22357667718047364,1756822352.530071
16.797614652,8.717052731799999,12.7322090546,-0.7220426940967616,-1.390329351951853,0.4288273972150068,1756822352.538123
17.371892075999998,6.415157390599999,10.7748801678,-1.2034044668902126,-0.736703459813514,0.48258353817643207,1756822352.546083
17.644673852399997,3.7567314819999997,8.4514494232,-1.3805554034209295,-0.007330382858376184,0.518013721991917,1756822352.554114
17.137395461199997,1.6366906583999998,6.635297069799999,-1.352455602463821,0.6414085001079161,0.6768386664701084,1756822352.562058
15.661023917,0.29910282499999996,5.7044890784,-1.2156218589206356,1.2119566674914477,0.7489207820307667,1756822352.570140
13.938191645,-0.7728816997999999,5.50349198,-1.1007791592328235,1.6432275256592463,0.8881980388866219,1756822352.578088
11.7655087242,-1.0791629926,5.539384319,-1.0800097585873836,2.0268508079811376,0.8930849433389134,1756822352.586127
9.647860723199999,-1.0480562988,5.556134077199999,-1.0519099401769825,2.3958135340257862,0.9346237969896709,1756822352.594079
7.470392157199999,-0.7345965381999999,5.388636495199999,-1.0409143484361256,2.693915805173003,0.8820894214112266,1756822352.602129
5.5704910128,-0.167497582,5.0536413312,-1.0348057309607304,2.8686231760311727,0.8002334271328151,1756822352.610090
3.7423745464,0.203389921,4.773681087,-0.9456193887305278,2.934596586849973,0.6976081194754261,1756822352.618124
2.2348963083999998,0.5216353268,4.474578262,-0.8674286556944744,2.9113836903451564,0.5864305937635097,1756822352.626082
0.9020941201999999,0.7298108929999999,4.2496529376,-0.7770205829878756,2.8515190191747983,0.5241223918271897,1756822352.634085
-0.2129612114,0.7537391189999999,4.1491543884,-0.679282109969608,2.789210642705553,0.4043927876870862,1756822352.642107
-1.0911271056,0.7345965381999999,3.8691941441999997,-0.6389650566084165,2.7097981093799337,0.3249803241746367,1756822352.650082
-1.6438691261999998,0.7250252477999999,3.1082765574,-0.5412266010434417,2.5619686868294287,0.2345722514680379,1756822352.658078
-2.0865413072,0.7369893607999999,1.902293967,-0.4447098934081552,2.3628268286163863,0.15638150097869194,1756822352.666120
-2.2564317118,0.6149554081999999,1.0193424275999998,-0.29321529688175485,2.138028333693054,0.11606439525762292,1756822352.674116
-2.3162522768,0.6532405698,0.3278166962,-0.09285151620609834,1.9010125863656389,0.035430183815484885,1756822352.682087
-2.0171494518,0.6987041992,-0.1411765334,0.09896016858807849,1.627344959652928,-0.08063421144213803,1756822352.690129
-1.5792629159999998,1.0600204117999998,-0.6269195211999999,0.30421088862261164,1.3035864532211499,-0.22479840765686965,1756822352.698111
-1.1318050897999998,1.9477575963999998,-0.9308079913999999,0.3995058483282095,0.9896017033340774,-0.2907718533822553,1756822352.706076
-0.8063812161999999,2.644068973,-0.3613162126,0.5277875658030853,0.6939428756863605,-0.3518583772020568,1756822352.714194
-0.7226324252,2.8881368781999996,1.6366906583999998,0.700051580428218,0.49968774739268407,-0.2993239667170275,1756822352.722102
-0.681954441,3.1992038162,5.168496815999999,0.9224064747724181,0.43249260609748735,-0.3848450826114571,1756822352.730087
-0.36610185779999993,3.9768711611999996,10.432706535999998,1.0250318696962697,0.4728096943652639,-0.5510004448546099,1756822352.738137
0.23928226,5.5130632704,17.7403867564,0.7623598172711231,0.3860668479944382,-0.858876507453117,1756822352.746089
1.8711872732,6.498906181599999,20.4849542786,0.5314527746855658,0.06597344572538566,-1.1093312900208885,1756822352.754099
2.9407789753999998,5.730810127,19.802999837599998,0.37018431689470477,-0.5473352708787143,-1.1093312900208885,1756822352.762072
3.2614172037999998,3.7734812401999998,16.7282227966,0.32986722862692824,-1.219287032896531,-1.1105530204972844,1756822352.770091
4.2807596314,1.399801221,13.7515514822,0.34086282036778504,-2.051285452415643,-0.9627236154000721,1756822352.778107
4.9483571368,-0.4450650036,11.588439851799999,0.38973202197033374,-2.9969049807725106,-0.6707300315414209,1756822352.786128
5.893522063799999,-1.3543375916,10.9088782334,0.55710909723659,-3.9278635339731163,-0.4153883445213579,1756822352.794084
7.156932396599999,-1.2251251712,10.336993631999999,0.5668829410477582,-4.7989571542039755,-0.19181168479417682,1756822352.802109
8.925228298,-1.2251251712,9.410971285799999,0.5925392985053675,-5.5319954400415945,-0.08674286382411818,1756822352.810138
10.604989763199999,-1.0504491214,7.975277725799999,0.3335324375094089,-6.22227349081791,0.15638150097869194,1756822352.818124
12.1507531628,-0.8638089586,6.3673009386,0.08552113334772216,-6.674313662364686,0.36529741244241315,1756822352.826084
13.351950108,-0.861416136,4.8478585876,-0.030543261909900768,-6.737843367884599,0.6291911778906633,1756822352.834087
14.184652372799999,-0.7824529901999999,3.2614172037999998,-0.009773843811168246,-6.434854454084478,0.8063421318746727,1756822352.842185
14.213366244,-0.6364908116,1.7994025952000001,0.1551597705022959,-5.672494776439696,0.8698720991939739,1756822352.850089
13.916656241599998,-0.15074782379999999,0.5192425042,0.39217546546983334,-4.73909250048691,0.8332202198086779,1756822352.858081
13.074382686399998,0.1531406464,-0.7848458128,0.5265658353266892,-3.6786305342416186,0.6902777017104648,1756822352.866137
11.9784699356,0.38763726119999997,-1.6941184007999999,0.659734439800564,-2.6096163673950916,0.5009095127756651,1756822352.874086
10.8299150876,0.5000999234,-2.1224336461999997,0.7147123461449705,-1.4819591376815553,0.3494149162492648,1756822352.882108
9.7651090306,0.3493520996,-2.1008982428,0.7819074874401671,-0.4874704600820162,0.19303341527057286,1756822352.890143
8.769694829,0.16271193679999998,-1.7515461431999997,0.9529497366823189,0.4007275788046055,0.08674286382411818,1756822352.898081
7.9704920806,0.028713871199999998,-1.5002997702,1.1117747509736804,1.1533136046244379,-0.006108652381980153,1756822352.906105
7.2813591718,0.24167508259999998,-1.2131610581999999,1.2596040862577227,1.7043140494790479,0.0158824961931484,1756822352.914130
6.7142602156,0.6221338759999999,-0.9188438783999999,1.3793336903978262,2.085493888301439,-0.0916297857297023,1756822352.922086
6.2644095667999995,1.543370577,-0.4881358104,1.4501940056689184,2.332283566706485,-0.12950343049797924,1756822352.930070
5.958128274,2.4406790519999997,0.2943171798,1.5198327475432472,2.450791300743852,-0.3347541505325124,1756822352.938173
5.7451670626,3.5270205123999996,1.0983055734,1.5198327475432472,2.497217128660072,-0.4386012235728825,1756822352.946085
5.8648081926,4.4123648744,2.3760728418,1.494176390085638,2.4605651096484356,-0.6450736740838118,1756822352.954143
6.259623921599999,5.599204884,3.9696926934,1.3805554034209295,2.342057358157776,-0.9211847617493145,1756822352.962090
7.2263242519999995,6.5276200528,5.7332029496,1.2327259983237175,2.106263341306757,-1.1655308570285208,1756822352.970132
8.6309111182,7.647461029599999,7.2215386068,1.05801857510567,1.6530013171105369,-1.3402383500597383,1756822352.978128
10.853843313599999,9.152546445,8.965906282199999,0.8747590036462655,0.8344419328317815,-1.2705997478117494,1756822352.986080
13.5936251906,10.1431750014,10.2628161314,0.7061601979036133,-0.28955012290585924,-0.9663887893759677,1756822352.994116
16.03191142,10.516455327000001,10.889735652599999,0.4935791299172889,-1.4001031434031437,-0.3909537524467298,1756822353.002108
17.8049929666,10.336993631999999,11.4783700122,0.14172073526193954,-2.0610592438669335,0.10995574287564276,1756822353.010103
19.010975557,9.5736832226,11.277372913799999,-0.42149701435663056,-2.1490238556207406,0.4630358680073881,1756822353.018134
20.042282097599998,8.238488211799998,10.470991697599999,-1.0213666782670816,-1.626123229176532,0.6414085001079161,1756822353.026087
21.1310163806,6.087340694399999,8.9994057986,-1.4795155545557157,-0.7244861375962612,0.7073819283800092,1756822353.034092
21.3894412214,3.6753755135999997,7.1952175581999995,-1.7519614507920305,0.21991148575128552,0.7489207820307667,1756822353.042153
20.9754829116,1.064806057,5.50349198,-1.693318387925021,1.011592817002621,0.8051204013982768,1756822353.050085
19.7503577404,-1.1916256548,4.3357945512,-1.5088370859892202,1.7409659288643438,0.8662069252180783,1756822353.058083
17.611174336,-2.4358934068,3.7471601916,-1.2119566674914477,2.38237442897226,0.9321803534901714,1756822353.066093
14.8067862488,-2.356930261,3.6897324492,-1.0079276430267252,3.0030134760748584,1.0286970436721654,1756822353.074090
11.9593273548,-1.4883356571999997,3.8668013215999997,-0.860098237929513,3.5259142246921145,1.1191051687386415,1756822353.082114
8.8749790234,-0.36370903520000003,4.0031922098,-0.7867944617056288,3.9303069774726156,1.1496484306485424,1756822353.090101
6.0586268232,0.7226324252,3.8907295475999994,-0.719599250597262,4.216191996215749,1.1716394745039158,1756822353.098084
3.6897324492,1.6295121905999999,3.5198420446,-0.7672467217234148,4.362799548663518,1.1496484306485424,1756822353.106092
1.5098710605999999,2.0793628394,3.2614172037999998,-0.7855726614160627,4.403116619478002,1.0604620186051696,1756822353.114124
-0.40917266459999996,2.333002035,2.7086751832,-0.8735372731698694,4.348138852759936,0.9822712855691161,1756822353.122103
-2.1511475173999997,2.1966111468,2.1056838879999997,-0.9431759452310281,4.261395971482525,0.7941248096574199,1756822353.130135
-3.3308090592,2.0075781614,1.2418749294,-0.9480628496833198,4.147774862644769,0.7269296683622233,1756822353.138119
-4.175475436999999,2.3617159061999997,0.11246266220000001,-0.9944886077863689,3.9596283867330726,0.5461135404023182,1756822353.146118
-4.8047877808,1.9238293703999998,-0.9858429112,-1.0018190255513302,3.6407569243799265,0.4288273972150068,1756822353.154106
-4.8071806034,1.5385849318,-1.6965112234,-0.9297368925373795,3.304781043371018,0.30298917559950816,1756822353.162119
-4.510470601,1.447657673,-2.1104695332,-0.7782423134642716,2.8918360725359897,0.158824961931484,1756822353.170085
-3.8093735792,1.1892328321999999,-1.8855442087999998,-0.5143485131094364,2.353053019711803,0.13072516097437528,1756822353.178091
-3.0436703471999995,1.0743773474,-1.2179467034,-0.21380283336930536,1.8106045311123324,0.06230825429619756,1756822353.186068
-2.368894374,1.0576275892,0.07178467799999999,0.158824961931484,1.2388347554254526,-0.05131268000863329,1756822353.194122
-1.8281164663999998,1.0743773474,2.2923240507999996,0.5925392985053675,0.6939428756863605,-0.1282817000215832,1756822353.202084
-1.5314064639999998,1.3375878333999998,5.678168029799999,0.9883799728576813,0.29321529688175485,-0.3506366467256608,1756822353.210111
-1.1724830739999998,1.8783657409999999,10.9663059758,1.3451252545120296,0.23335052099164186,-0.5338962181850654,1756822353.218099
-1.0983055734,2.8259234905999997,17.407784415,1.5528194529526476,0.2993239667170275,-0.8686503687175778,1756822353.226109
-0.42352960019999997,4.3238304382,19.295721446399998,1.4440853881935232,0.28832839242946323,-1.2412782163782448,1756822353.234101
0.8303094421999999,5.1852465742,18.2309153894,1.2339477288001133,-0.04642575810304917,-1.5198327475432472,1756822353.242116
1.9310078382,4.398007938799999,16.7114730384,1.1239920731909332,-0.49480084294039245,-1.568701879332626,1756822353.250083
3.2303105100000002,2.0769700168,15.3092789948,1.0910052805150705,-1.133765864642224,-1.5173892865904552,1756822353.258100
4.723431812399999,-0.1603191142,13.222737687599999,1.0482447662010868,-2.156354343198872,-1.1630873960757286,1756822353.266141
5.1469614126,-1.8592231602,12.0335048554,1.0910052805150705,-3.3096679478233098,-0.8197811671150291,1756822353.274113
6.1998033565999995,-2.7661029256,12.083754129999999,1.1533136046244379,-4.494746405207704,-0.48624874705891274,1756822353.282089
7.893921757399999,-2.8139593776,12.358928728999999,1.2119566674914477,-5.606521348167602,-0.2675589743307307,1756822353.290094
9.812965482600001,-2.309073809,11.377871463,1.1447613865699107,-6.66820490526295,0.04520402762665313,1756822353.298108
11.440084850599998,-1.2825529136,9.248259349,0.9529497366823189,-7.557624534999628,0.37995817815916555,1756822353.306086
12.5168550206,-0.1770688724,6.558726746599999,0.7257079378858273,-8.081746891920233,0.6829473537586737,1756822353.314094
13.5625184968,0.6053841178,4.3501514868,0.4789183642005365,-8.056090534462625,0.9798278246163241,1756822353.322132
14.3282217288,1.2993026717999998,2.5220350204,0.33719761148530447,-7.469660324671549,1.132544134165828,1756822353.330087
14.71585899,1.7587246109999999,0.8709874264,0.2504547476611863,-6.539923083068319,1.1423179430704111,1756822353.338333
14.8091790714,2.0745771942,-0.406779842,0.16859880574265224,-5.3352970253280505,1.0677924363701308,1756822353.346091
14.6488599572,2.0721843715999997,-1.4883356571999997,0.1624901533606721,-3.958406795883017,0.8393288372840731,1756822353.354091
13.964512693599998,2.021935097,-2.2875384056,0.14782938764391973,-2.563190556932165,0.6914994321868608,1756822353.362094
12.861421475,1.9740786449999999,-2.7110680057999996,0.1759291886010284,-1.2461651208305364,0.5057964172279568,1756822353.370079
11.6458675942,1.9645073545999998,-2.7134608283999997,0.2834414705238791,-0.08185594191853406,0.4227187273797341,1756822353.378082
10.449456294199999,1.6103696097999998,-2.1966111468,0.40561451816348215,0.9505062931828194,0.37384952577718544,1756822353.386119
9.1908316066,1.4835500119999998,-1.686939933,0.5119050696099369,1.7629571123460572,0.3909537524467298,1756822353.394149
8.1786676468,1.4931213023999999,-1.136590735,0.6072000642221197,2.32617480960475,0.4532619892896349,1756822353.402080
7.432106995599999,1.6127624323999998,-0.550349198,0.6719517620178169,2.7403413712898343,0.44348816293175913,1756822353.410086
6.9439711852,1.9334006607999998,0.11964113,0.6829473537586737,2.9736920668144013,0.37384952577718544,1756822353.418123
6.608976021199999,2.6009981662,0.7585247641999999,0.6560692658246685,3.164281986225597,0.2345722514680379,1756822353.426108
5.9892349678,3.7304104334,0.9906285563999999,0.6096435077216193,3.279124685913409,0.06841690667817772,1756822353.434119
5.5896335936,4.8287160068,1.4069796888,0.55710909723659,3.2070425005395804,-0.22479840765686965,1756822353.442088
5.3024948815999995,5.6135618196,2.1607188078,0.43127084071450633,3.0262263725796754,-0.5693263845472578,1756822353.450180
5.3551369788,5.8408799666,3.2087751065999996,0.3127630019573839,2.708576501076585,-0.9187413007965226,1756822353.458081
5.8672010152,5.7571311756,4.584648101599999,0.2577851305195625,2.287079329640322,-1.296255983096311,1756822353.466084
6.7573310224,5.766702466,5.876772305599999,0.33231070703301285,1.7605136688465577,-1.6090190723201576,1756822353.474096
8.951549346599998,6.355336825599999,8.1571322434,0.3995058483282095,0.9993754947853681,-1.6346754472310592,1756822353.482070
12.143574694999998,7.7479595788,10.801201216399999,0.42394049276271517,-0.05619960191421741,-1.3939945259277484,1756822353.490109
15.091532138199998,8.1882389372,11.3491575918,0.39828413530510604,-1.209513223991948,-0.9040805350797702,1756822353.498089
16.5176544078,7.542176835199999,11.5908326744,0.14172073526193954,-2.0525071654387466,-0.43004911023811027,1756822353.506089
16.7401869096,6.3098731962,10.6815600864,-0.36529741244241315,-2.146580412121241,-0.23212879051524585,1756822353.514067
17.6494594976,4.4051864065999995,9.162117735399999,-0.9822712855691161,-1.6114625332729493,-0.1795943800302165,1756822353.522093
18.699908619,1.7994025952000001,7.479963447599999,-1.312138531649337,-0.7965682531569196,-0.10873401239924674,1756822353.530090
18.841085152399998,-0.28474588939999995,5.9748780322,-1.480737267578819,0.04276056667386108,-0.05009094953223726,1756822353.538069
18.563517730799997,-1.7946169499999998,4.938785846399999,-1.558928087881335,0.7293731118617228,-0.029321531433504737,1756822353.546087
17.752350869399997,-2.8642086522,4.4769710846,-1.4831808507046587,1.3267992450062118,0.026878070480712675,1756822353.554143
16.0390898878,-3.4983066411999997,4.5032921331999995,-1.3939945259277484,1.8949039688902434,0.1551597705022959,1756822353.562051
13.540983093399998,-3.1752755902,4.7904308451999995,-1.2657127211864103,2.4202480388339516,0.18203784098300857,1756822353.570105
11.152946138599999,-2.0530417908,4.8789652814,-1.1643091265521246,2.7928759388544964,0.22846359908605773,1756822353.578081
8.7864445872,-1.0719845248,5.0919264928,-1.0812314890637797,3.0469958430382857,0.21013764194011728,1756822353.586094
6.6185473115999995,0.2608176634,4.9866422984,-1.0030407385744338,3.1777210912791234,0.22846359908605773,1756822353.594093
4.6707897152,1.4452648504,4.8047877808,-0.9590584414241766,3.1483994202192784,0.19914206765255302,1756822353.602083
3.0436703471999995,2.2277178406,4.7665026192,-0.8833111518876227,3.1007520189062956,0.18570303241219668,1756822353.610082
1.6127624323999998,2.2707886474,4.7521456836,-0.8038986709218807,3.088534766502213,0.2528982086139784,1756822353.618086
0.2727817764,2.1846470337999997,4.474578262,-0.896750187127979,3.0628783915913114,0.2834414705238791,1756822353.626112
-0.693918554,1.9310078382,3.8189448695999997,-0.9810495550927202,3.042108938585994,0.36041049053682905,1756822353.634089
-1.4189438017999998,1.6199409001999998,2.7326034091999998,-1.0714576103460265,3.0030134760748584,0.37018431689470477,1756822353.642129
-1.8544375149999999,1.6295121905999999,1.5601203352,-1.1032226027323233,2.882062281084699,0.4251622232391112,1756822353.650110
-1.9956140484,1.7778671918,0.7130611348,-1.108109576997785,2.7061330575770857,0.377514699753081,1756822353.658107
-1.9549360641999998,2.1535403399999997,0.062213387599999996,-1.0445795224120211,2.4801129718036976,0.1954768762233649,1756822353.666126
-1.7515461431999997,2.6392833278,-0.5359922624,-0.877202447145765,2.22843638894636,0.007330382858376184,1756822353.674101
-1.5146567058,3.1465617189999997,-0.6293123438,-0.6035348902462242,1.9755382152389667,-0.11728612573401895,1756822353.682085
-1.3088739621999999,3.5461630931999997,-0.059820565,-0.36529741244241315,1.7421876593407397,-0.2675589743307307,1756822353.690125
-1.1796615417999998,3.314059301,1.1389835575999998,-0.1942551457469689,1.4685200151747364,-0.29565879274113194,1756822353.698216
-0.9667003303999999,2.9359933301999996,3.0819555087999997,0.024434609527920613,1.2156218589206356,-0.3640756994193097,1756822353.706090
-0.7441678285999999,2.8522445392,6.477370778199999,0.2675589743307307,1.0445795224120211,-0.4361577800733829,1756822353.714100
-0.5048855686,3.409772205,11.9593273548,0.45814892864851153,0.9065239960325623,-0.518013721991917,1756822353.722111
0.167497582,4.488935197599999,18.4630191816,0.596204472481263,0.7403686337894095,-0.8503244290249299,1756822353.730074
0.9523433948,4.563112698199999,20.003996935999997,0.6426302305843121,0.3616322035599326,-1.070235897322923,1756822353.738106
1.2227323486,3.2590243811999997,17.922241274,0.6731734924942129,0.01832595714594046,-1.2815952697394364,1756822353.746109
1.1724830739999998,1.1629117835999998,15.306886172199999,0.6829473537586737,-0.32986722862692824,-1.446528831693023,1756822353.754103
2.1320049365999996,-1.0313065406,13.612767771399998,0.6670648575655254,-0.972497476664533,-1.4514158757716547,1756822353.762095
2.895315346,-2.3641087288,12.0861469526,0.7122688851921785,-1.8802432555333688,-1.2925908091204152,1756822353.770097
3.5030922863999994,-2.9048866363999997,11.282158558999999,0.8442157417363647,-2.974913657664457,-1.1044443332087193,1756822353.778087
4.338187373799999,-3.3427731722,10.817950974599999,0.9138544137975234,-4.135557610240686,-0.9431759452310281,1756822353.786090
5.9150574672,-3.0412775246,9.8440721764,0.9700540331650334,-5.277875553311097,-0.8197811671150291,1756822353.794107
7.788637563,-2.5076780847999998,8.5375910368,0.8845328649107262,-6.4226369398810075,-0.5021312257987686,1756822353.802129
9.391828705,-1.5816557386,6.9080788462000005,0.7880161921820248,-7.447669001563496,-0.2272418686096617,1756822353.810087
10.808379684199998,-0.7513462964,5.410171898599999,0.757472930272124,-8.086633796372524,0.11728612573401895,1756822353.818130
11.971291467799999,-0.23449661479999998,3.7734812401999998,0.7525859560066623,-8.245458863023764,0.3616322035599326,1756822353.826088
12.7322090546,0.38045879339999994,2.3712871966,0.8564330639536175,-7.900931025759715,0.4263839362622147,1756822353.834083
13.232308978,0.8350950873999999,1.016949605,0.9187413007965226,-7.101919329103296,0.43004911023811027,1756822353.842183
13.4333060764,1.6366906583999998,-0.334995164,0.9187413007965226,-6.037792049255769,0.32864549815053223,1756822353.850109
13.342378817599998,2.1176480009999996,-1.4883356571999997,0.8075638448977763,-4.76474885794452,0.29443706226473587,1756822353.858101
12.849457361999999,2.0434705004,-2.1678972756,0.6499606483492734,-3.382971724047194,0.1637118838370681,1756822353.866085
12.090932597799998,1.8831513862,-2.2827527604,0.634078152156125,-2.090380792753731,0.029321531433504737,1756822353.874134
11.1912313002,1.3567304141999998,-1.9716858224,0.7904596356815243,-0.9663887893759677,-0.10018189906447451,1756822353.882113
10.470991697599999,0.5431707302,-1.3328021881999998,0.9749409376173249,-0.04642575810304917,-0.33597588100890846,1756822353.890110
9.882357337999998,0.047856451999999994,-0.8087740388,1.229060824347822,0.6328563518665589,-0.5595525756426746,1756822353.898086
9.3152583818,-0.10289137179999999,-0.4259224228,1.3255775145298156,1.1997392929143171,-0.6181955861498065,1756822353.906126
8.7649091838,0.011964112999999998,0.014356935599999999,1.2644909907100141,1.6982054145503602,-0.6548475353482724,1756822353.914083
8.2337025666,0.8829515394,0.31345976059999997,1.1410962125940152,2.1123719762354445,-0.6194173864393725,1756822353.922097
7.527819899599999,2.2516460665999998,0.5742774239999999,1.0714576103460265,2.5130996772130976,-0.6120869686744114,1756822353.930102
6.865008039399999,4.0845481781999995,0.71784678,0.9224064747724181,2.871066619530672,-0.5791002458117185,1756822353.938095
6.668796586199999,5.137390122199999,1.2346964615999998,0.6499606483492734,2.9810224147661923,-0.7562511997957281,1756822353.946113
6.994220459799999,5.9126646445999995,2.1152551784,0.34330626386728463,2.8893926290364904,-0.9431759452310281,1756822353.954156
7.77667345,6.824330055199999,3.2470602682,0.08307767239493008,2.6145032718473833,-1.1594222220998331,1756822353.962071
9.0400837828,7.6737820781999995,4.7832523774,-0.039095375244672985,2.1197023241872355,-1.351233871987425,1756822353.970117
10.734202183599999,8.542376681999999,6.2644095667999995,-0.05009094953223726,1.415985569783122,-1.3316862716315512,1756822353.978095
12.658031553999999,9.2267239456,7.566105061199999,-0.1111774733520388,0.48380525119953566,-1.1679743005280203,1756822353.986087
14.5651111662,9.5042913672,9.1740818484,-0.14782938764391973,-0.4642575810304917,-0.7880161921820248,1756822353.994173
15.890734886599999,9.126225396399999,10.743773474000001,-0.36896258641830876,-1.2058479103897122,-0.4276056667386107,1756822354.002101
15.7710937566,7.702495949399999,10.688738554199999,-0.7110471721690749,-1.3683381684701394,-0.318871654339364,1756822354.010092
15.699309078599999,5.802594805,9.4947200768,-1.126435516690433,-1.0250318696962697,-0.29565879274113194,1756822354.018099
16.0821606946,4.010370677599999,7.908278693,-1.43431157928894,-0.5522221578777133,-0.2748893571891069,1756822354.026110
16.472190778399998,2.3784656643999997,6.4677994878,-1.4660765716752369,-0.14172073526193954,-0.30298917559950816,1756822354.034105
16.541582633799997,0.9643075078,5.180460929,-1.397659699903644,0.19914206765255302,-0.26022859147235455,1756822354.042108
16.1730879534,0.1890329854,4.2855452766,-1.2596040862577227,0.4495968153137393,-0.19303341527057286,1756822354.050094
15.4169560118,-0.028713871199999998,4.1347974528,-1.0506882271538789,0.7293731118617228,-0.14294246573833558,1756822354.058102
13.9716911614,0.32303105099999996,4.4219361648,-1.0213666782670816,1.112996463996784,-0.08063421144213803,1756822354.066113
12.282358405799998,1.0911271056,4.869393991,-1.089783567491967,1.5369369043996215,-0.1075122819228507,1756822354.074088
10.506884036599999,1.8329021115999997,5.233103026199999,-1.1472049696957503,1.9413297793531703,-0.04276056667386108,1756822354.082130
8.774480474199999,2.3856441322,5.5704910128,-1.1704177614808122,2.287079329640322,-0.019547687622336492,1756822354.090086
7.082754895999999,2.5555345367999998,5.871986660399999,-1.1203268817617453,2.559525243329929,0.039095375244672985,1756822354.098126
5.228317380999999,2.524427843,6.149554081999999,-1.077566315087884,2.7843237382532613,0.12339477811599911,1756822354.106125
3.4241291405999994,2.5555345367999998,6.340979889999999,-1.0445795224120211,3.0030134760748584,0.26145032194875056,1756822354.114089
1.7826528369999999,2.7182464736,6.4582281973999995,-1.0348057309607304,3.175277385980236,0.3066543495754037,1756822354.122121
0.32542387359999997,2.7086751832,6.381657874199999,-1.1007791592328235,3.2595768237581475,0.377514699753081,1756822354.130101
-0.7298108929999999,2.667997199,5.8672010152,-1.174082935456708,3.273015928811674,0.35552358608453744,1756822354.138076
-1.4620146085999999,2.464607278,4.6468614892,-1.2583823557813265,3.1251865237144614,0.40561451816348215,1756822354.146133
-1.8592231602,2.0171494518,3.0795626861999996,-1.192408944962526,2.8906142198865457,0.42027528388023455,1756822354.154106
-1.9549360641999998,1.5457633995999998,1.7491533205999998,-1.1007791592328235,2.5460864000757906,0.43127084071450633,1756822354.162090
-1.8520446923999998,1.3256237203999999,0.658026215,-0.9810495550927202,2.147802142597637,0.4459316064312587,1756822354.170086
-1.5720844482,1.2777672683999999,-0.23928226,-0.8539896030008255,1.748296276816135,0.417831840380735,1756822354.178125
-1.4213366244,1.1294122672,-0.5479563754,-0.755029399506162,1.3854423078732212,0.3946189613292104,1756822354.186071
-1.3351950108,0.6843472636,-0.2823530668,-0.5876523242399058,1.0848966630396752,0.38362336958835364,1756822354.194154
-1.1772687192,0.1962114532,0.6652046828,-0.4141666314982544,0.7843509483929592,0.35796702958403703,1756822354.202077
-1.0791629926,-0.1722832272,1.9549360641999998,-0.14049900478554353,0.5021312257987686,0.35796702958403703,1756822354.210146
-0.8183453291999999,-0.4761716974,3.6753755135999997,0.2431243648028101,0.20036379812894903,0.35430182070155636,1756822354.218083
-0.45942193919999996,0.023928225999999997,5.9772708548,0.5082398956340413,-0.04276056667386108,0.3494149162492648,1756822354.226087
-0.39720855159999996,0.6484549246,8.362914987,0.8112290363269643,-0.28710667940635975,0.1832595714594046,1756822354.234082
0.45224347139999993,2.0315063874,10.3704931484,0.9688322328754674,-0.7208209636203656,0.0158824961931484,1756822354.242103
1.9190437251999999,2.5603201819999994,12.411570826199998,1.1044443332087193,-1.3377949065602386,-0.1747074581246324,1756822354.250094
3.026920589,2.8426732488,13.732408901399998,1.330464541155155,-2.020742190505742,-0.32131511529215606,1756822354.258098
3.6945180944,2.464607278,14.8546427008,1.4575244932470497,-2.504547476611863,-0.6084217946985158,1756822354.266097
5.2953164138,1.5792629159999998,14.940784314399998,1.3683381684701394,-3.053104338340633,-0.8686503687175778,1756822354.274090
6.558726746599999,0.6436692794,13.969298338799998,1.1288789601899325,-3.7604865285200297,-0.9957103208094725,1756822354.282117
7.8747791766,0.8901300072,12.634103327999998,0.8857545953871222,-4.4324382905378465,-1.011592817002621,1756822354.290085
9.0592263636,1.447657673,11.3826571082,0.6768386664701084,-4.98221672566338,-0.9627236154000721,1756822354.298109
10.315458228599999,2.237289131,9.7483592724,0.44837510229063576,-5.412266115154171,-0.8979719176043751,1756822354.306125
11.404192511599998,2.8498517165999995,7.757530869199999,0.26389378290154264,-5.751907047965927,-0.8173377236155296,1756822354.314090
12.6628171992,3.3044880105999996,5.7499527077999995,0.11850785621041497,-5.914397148966723,-0.698829849951822,1756822354.322139
13.6701955138,3.2159535744,3.8620156764,0.023212879051524585,-5.876523800904418,-0.5864305937635097,1756822354.330129
14.4095776972,2.9455646206,2.2827527604,0.079412480965742,-5.623625225771296,-0.42027528388023455,1756822354.338109
16.5032974722,1.8065810629999999,0.8111668613999999,-0.19058995431778078,-4.949230282053367,-0.4092797270459628,1756822354.346102
16.0941248076,1.9286150156,-1.1030912186,0.15271630954950383,-4.219857048018597,-0.23335052099164186,1756822354.354092
16.1683023082,1.1700902514,-1.0073783146,0.3824016391119576,-3.379306410444958,-0.11362093430483085,1756822354.362083
16.0630181138,0.83748791,-0.8901300072,0.5607743061190706,-2.426356795935687,-0.11606439525762292,1756822354.370086
15.306886172199999,0.36610185779999993,-0.7968099258,0.7623598172711231,-1.5161675735673517,-0.04276056667386108,1756822354.378092
13.782658176,0.2967100024,-0.7585247641999999,0.9004153611038747,-0.700051580428218,-0.029321531433504737,1756822354.386089
12.3397861482,0.48574298779999997,-0.4354937132,1.0641272623942353,0.06475171524898962,0.07086036763096977,1756822354.394086
11.2175523488,0.7561319416,0.0502492746,1.1801916925584433,0.7098253718795088,0.1624901533606721,1756822354.402081
10.1001041946,0.8470592003999999,0.5407779076,1.1569787786003336,1.1655308570285208,0.3225368457685521,1756822354.410134
9.166903380599999,1.2370892842,0.8638089586,1.1630873960757286,1.4514158757716547,0.48624874705891274,1756822354.418082
8.4729848266,1.8807585636,1.2466605746,0.9981537817622645,1.5833627148625482,0.5546656537370904,1756822354.426125
8.0901332106,2.8378876035999996,1.4787643668,0.7648032782239153,1.6432275256592463,0.6866125277345693,1756822354.434088
7.759923691799999,3.9314075318,1.9046867896,0.5167920089688135,1.6957619710508607,0.6927211626632569,1756822354.442391
7.4632136894,4.9507499593999995,2.2444675987999996,0.2736676267127109,1.6884314834727294,0.614530412173911,1756822354.450082
7.1353969932,5.9007005316,2.3425733254,-0.012217304763960306,1.5906930628143394,0.417831840380735,1756822354.458065
6.671189408799999,6.403193277599999,2.1942183242,-0.32009338481576005,1.464854841198841,0.13683381335635544,1756822354.466106
6.652046828,6.5611195692,2.3353948576,-0.5656612105713621,1.341460080536134,-0.11972958668681101,1756822354.474086
6.7501525546,6.3338014222,2.5722842949999998,-0.7293731118617228,1.2449433903541403,-0.4618141026244071,1756822354.482091
7.006184572799999,5.584847948399999,2.7708885708,-0.7745771394883759,1.219287032896531,-0.7916813661579204,1756822354.490070
7.479963447599999,4.6947179411999995,2.5555345367999998,-0.7476990515543709,1.218065302420135,-0.9566149804713845,1756822354.498098
8.2121671632,4.0055850324,2.2516460665999998,-0.653625822325169,1.1826351360579428,-1.1887437709866304,1756822354.506066
9.193224429199999,3.2039894614,2.2444675987999996,-0.42394049276271517,1.0506882271538789,-1.2522737383059315,1756822354.514066
10.3202438738,2.9240292171999998,2.3377876802,-0.22968532956245377,0.8381071068076771,-1.2241739198955304,1756822354.522088
11.708080981799998,2.8905297008,2.6751756667999995,-0.009773843811168246,0.5033529562751646,-1.0861183935160712,1756822354.530078
12.902099459199999,3.0963124444,3.6035908356,0.14905111812031574,0.12950343049797924,-0.7941248096574199,1756822354.538066
13.686945271999999,3.7423745464,5.1996035098,0.14782938764391973,-0.11484266478122689,-0.5363396791378575,1756822354.546127
14.1463672112,4.3118663252,7.4033931244,-0.039095375244672985,-0.16126842288427606,-0.3225368457685521,1756822354.554070
14.474183907399999,4.5439701174,9.339186607799999,-0.49724430389318447,0.014660765716752368,-0.21135937241651329,1756822354.562057
14.591432214799998,4.271188340999999,10.078568791199999,-1.0885618370155707,0.3616322035599326,-0.09773843811168245,1756822354.570099
14.545968585399999,3.7998022887999996,9.126225396399999,-1.5625932618572307,0.8185594540919257,-0.11606439525762292,1756822354.578093
14.038690194199999,3.3092736557999998,7.5206414318,-1.9205603263478528,1.254717181805431,0.05619960191421741,1756822354.586081
12.9236348626,2.656033086,6.221338759999999,-2.0525071654387466,1.7140878409303384,0.22113321622768156,1756822354.594181
11.428120737599999,1.8233308212,5.525027383399999,-2.0476202784397475,2.11603715021134,0.2712241657599188,1756822354.602081
9.4061856406,0.9834500885999999,5.1014977832,-1.9413297793531703,2.522873486117681,0.3518583772020568,1756822354.610102
7.393821833999999,0.3517449222,4.979463830599999,-1.6884314834727294,2.9101620820418077,0.3420845333908886,1756822354.618076
5.6015977066,0.3182454058,4.9005006848,-1.4428636577171272,3.1764992386296798,0.37995817815916555,1756822354.626089
4.0965122912,0.8111668613999999,4.881358103999999,-1.1203268817617453,3.290120085668048,0.4276056667386107,1756822354.634092
2.9240292171999998,1.1748758966,5.3336015754,-0.9492845627064234,3.2717943379616177,0.44348816293175913,1756822354.642107
2.0267207421999998,1.8711872732,5.8648081926,-0.8307766890427158,3.1019736097563517,0.4654793115068877,1756822354.650115
1.1964112999999998,1.4931213023999999,6.5060846494,-0.7745771394883759,2.871066619530672,0.5338962181850654,1756822354.658088
0.5790630692,2.6943182475999996,7.1306113479999995,-0.7293731118617228,2.5619686868294287,0.5986479159807625,1756822354.666092
0.0191425808,2.9623143788,7.372286430599999,-0.8222246280678212,2.2272146759232565,0.6450736740838118,1756822354.674133
-0.3302095188,3.1202406704,7.65703232,-0.9395107712551326,1.849699993623468,0.736703459813514,1756822354.682084
-0.5407779076,2.5292134882,7.8077801438,-0.9786061115932205,1.47585038057982,0.6768386664701084,1756822354.690091
-0.7034898444,2.6105694566,7.793423208199999,-1.0225884087434778,1.0934488112810326,0.7159340591680741,1756822354.698131
-0.7537391189999999,2.0482561456,7.310073042999999,-1.0677924363701308,0.7489207820307667,0.7159340591680741,1756822354.706085
-0.6269195211999999,1.2418749294,6.642475537599999,-0.9505062931828194,0.4361577800733829,0.6377433261320204,1756822354.714148
-0.7561319416,1.0552347666,6.128018678599999,-0.7513642255302664,0.2357939819444339,0.6084217946985158,1756822354.722115
-0.6771687958,0.6317051664,5.5010991574,-0.5106833391335408,0.05253441048502932,0.43371431912059094,1756822354.730091
-0.5790630692,0.11246266220000001,4.926821733399999,-0.23701571242082994,-0.06597344572538566,0.3457497073667842,1756822354.738127
-0.31345976059999997,-0.31345976059999997,4.6492543118,0.024434609527920613,-0.1637118838370681,0.17837264955382048,1756822354.746087
0.0047856452,-0.6628118601999999,4.9196432655999995,0.3457497073667842,-0.19669860669976094,0.012217304763960306,1756822354.754140
0.418743955,-1.1485548479999999,5.3790652048,0.6169738556734105,-0.28710667940635975,-0.16859880574265224,1756822354.762111
0.9403792818,-1.722832272,5.929414402799999,0.9395107712551326,-0.4398229889558636,-0.31642817593327943,1756822354.770087
1.1796615417999998,-1.4045868661999998,6.575476504799999,1.229060824347822,-0.6841690842350697,-0.5070181302510602,1756822354.778111
1.3663017045999999,-1.136590735,6.8171515874,1.4110986653308304,-0.9590584414241766,-0.678060379493212,1756822354.786081
1.5601203352,-0.6795616184,6.831508523,1.5858061758153403,-1.3060299141739418,-0.9089675093452318,1756822354.794084
2.0913269523999998,-0.15553346899999998,6.7812592484,1.7214181888821298,-1.6884314834727294,-1.0836749325632793,1756822354.802140
2.895315346,0.37088750299999995,6.8147587648,1.7776178082496397,-2.1759019435547455,-1.2889256176912274,1756822354.810134
4.0582271296,0.8422735552,6.9487568304,1.8949039688902434,-2.8099800957108707,-1.3182471665780247,1756822354.818068
5.4029934308,1.4141581565999999,7.042076911799999,1.9315558482755395,-3.5039229190373535,-1.3573425069161127,1756822354.826129
6.891329088,1.9429719511999999,6.927221427,1.9999727200471322,-4.268726319434316,-1.2449433903541403,1756822354.834094
8.645268053799999,2.7014967154,6.9487568304,1.984090293667154,-5.04086006778307,-1.1496484306485424,1756822354.842127
10.5116696818,3.4169506728,6.7573310224,1.9181168828483532,-5.7616808394172185,-1.012814547479017,1756822354.850101
12.430713406999999,4.048655839199999,6.415157390599999,1.6982054145503602,-6.42141561083034,-0.8112290363269643,1756822354.858093
14.380863825999999,4.651647134399999,6.1902320662,1.3939945259277484,-6.851464476722355,-0.6291911778906633,1756822354.866102
15.960126742,4.9866422984,5.7810594016,1.0299187566952688,-6.802595467106024,-0.4288273972150068,1756822354.874096
17.276179172,5.424528834199999,4.4123648744,0.6072000642221197,-6.414085001079161,-0.30543261909900765,1756822354.882113
18.30509289,5.3934221404,2.5698914724,0.2736676267127109,-5.721363786056027,-0.22113321622768156,1756822354.890138
18.915262653,4.785645199999999,1.0576275892,0.09651670763528643,-4.778187701198658,-0.09285151620609834,1756822354.898082
19.0803674124,3.7639099497999995,0.0765703232,-0.0158824961931484,-3.722612639405658,-0.06475171524898962,1756822354.906112
18.802799990799997,2.8139593776,-0.7417750059999999,-0.012217304763960306,-2.563190556932165,-0.023212879051524585,1756822354.914125
18.199808695599998,2.0985054202,-1.3016954943999999,0.10140362954087054,-1.4062117783318313,0.048869219055841226,1756822354.922082
17.048861024999997,1.6007983193999997,-1.3136596073999998,0.17837264955382048,-0.35796702958403703,0.07452555906015787,1756822354.930137
15.672988029999999,1.3854442854,-1.2203395259999998,0.2528982086139784,0.5619960365954666,0.079412480965742,1756822354.938112
14.500504955999999,1.363908882,-0.969093153,0.29443706226473587,1.3170254361016285,0.05497787143782138,1756822354.946130
13.490733818799999,1.7682959014,-0.7920242806,0.3494149162492648,1.824043636165859,0.10140362954087054,1756822354.954084
12.567104295199998,2.3617159061999997,-0.490528633,0.40805796166298175,2.1184805937108395,0.10995574287564276,1756822354.962131
11.653046062,2.9575287336,-0.028713871199999998,0.4288273972150068,2.258979528683213,0.20891591146372127,1756822354.970072
10.7174524254,3.5581272061999996,0.5312066172,0.4019493441875866,2.280970834337974,0.2858849140233787,1756822354.978110
9.9373922578,4.1204405172,1.2346964615999998,0.28710667940635975,2.1746802130783496,0.3152064454568834,1756822354.986109
9.3009014462,4.5655055208,1.6917255781999998,0.1356120828799594,2.023185634005242,0.35430182070155636,1756822354.994099
8.733802489999999,5.075176734599999,2.0027925162,-0.04276056667386108,1.8203784621899632,0.3127630019573839,1756822355.002105
8.5447695046,5.469992463599999,2.1631116304,-0.2272418686096617,1.551597739929544,0.29321529688175485,1756822355.010089
8.181060469399998,5.8887364186,2.1678972756,-0.3860668479944382,1.2583823557813265,0.14416419621473162,1756822355.018089
8.372486277399998,6.027520129399999,2.1176480009999996,-0.5302310093025848,1.010371086526225,0.0158824961931484,1756822355.026115
8.8390866844,6.0083775485999995,2.141576227,-0.6377433261320204,0.8527678899777219,-0.18203784098300857,1756822355.034094
9.422935398799998,5.8887364186,2.1056838879999997,-0.7513642255302664,0.7916813661579204,-0.33108894165003183,1756822355.042149
9.9110712092,5.5920264161999995,1.9716858224,-0.7721336959888764,0.8307766890427158,-0.48136180770003606,1756822355.050105
10.2867443574,5.3048877041999996,1.6677973521999998,-0.7415904340789756,0.9590584414241766,-0.6633996137764597,1756822355.058123
10.5930256502,5.039284395599999,1.4979069475999998,-0.698829849951822,1.1398744995709114,-0.7880161921820248,1756822355.066100
10.770094522599999,4.8861437492,1.4045868661999998,-0.659734439800564,1.3829988643737217,-0.8796459779117272,1756822355.074083
10.9184495238,4.788038022599999,1.43569356,-0.6414085001079161,1.684766309496834,-0.917519587773419,1756822355.082133
10.9974126696,4.7353959254,1.698904046,-0.6646214140660257,1.9669860146377318,-0.9236282052488142,1756822355.090078
11.076375815399999,4.5367916496,1.9645073545999998,-0.7024950239277177,2.2418753718268385,-0.8332202198086779,1756822355.098094
11.0261265408,4.1108692268,2.1487546948,-0.7806857744170635,2.450791300743852,-0.7709118956993103,1756822355.106096
10.858628958799999,3.5581272061999996,2.2277178406,-0.860098237929513,2.6145032718473833,-0.5253441048502933,1756822355.114124
10.4231352456,3.1968109935999998,2.237289131,-0.8833111518876227,2.7000243004753504,-0.3506366467256608,1756822355.122081
10.061819032999999,2.7014967154,2.4215364712,-0.935845527466067,2.7391197629864856,-0.09651670763528643,1756822355.130127
9.3702933016,2.5866412305999997,2.8881368781999996,-0.9187413007965226,2.7769933903014703,0.08552113334772216,1756822355.138093
8.262416437799999,2.7373890544,3.7591243046,-0.9407325017315287,2.9077186385423084,0.2993239667170275,1756822355.146122
7.0348984439999995,3.1752755902,4.8502514102,-0.9395107712551326,3.088534766502213,0.4850270165825167,1756822355.154091
5.6135618196,3.4887353508,6.0155560164,-1.0739010712988184,3.2925635291675475,0.6291911778906633,1756822355.162083
4.3166519704,3.2757741393999997,6.6592252958,-1.2424999294013483,3.4660492917223693,0.6682865880419212,1756822355.170161
3.1417760737999996,2.6991038927999997,6.7740807806,-1.307251644650338,3.5821138440596245,0.613308681697515,1756822355.178083
2.1224336461999997,2.2037896146,6.723831506,-1.2986995662221508,3.6444219761827745,0.5473352708787143,1756822355.186074
1.1270194446,1.8592231602,6.632904247199999,-1.1691960310044163,3.613878714272874,0.4398229889558636,1756822355.194124
0.18664016279999998,1.7324035624,6.5898334404,-1.0079276430267252,3.486818762180979,0.4043927876870862,1756822355.202082
-0.6364908116,1.9286150156,6.644868360199999,-0.8405505677604691,3.240029205948981,0.3262020546510327,1756822355.210101
-1.5625131578,1.8759729183999998,7.188039090399999,-0.719599250597262,2.8576275144771457,0.318871654339364,1756822355.218131
-2.0027925162,1.6319050132,7.432106995599999,-0.659734439800564,2.342057358157776,0.3225368457685521,1756822355.226083
-2.5172493752,1.6342978357999998,7.8747791766,-0.5546656537370904,1.717753014906234,0.2712241657599188,1756822355.234099
-2.4574288101999997,1.3806586401999998,8.4251283746,-0.4789183642005365,0.9566149804713845,0.2504547476611863,1756822355.242122
-2.1798613886,1.2179467034,8.949156524,-0.49724430389318447,0.14782938764391973,0.2907718533822553,1756822355.250097
-1.7084753364,0.8853443619999999,9.437292334399999,-0.4654793115068877,-0.6181955861498065,0.30421088862261164,1756822355.258087
-0.8303094421999999,0.3541377448,9.475577496,-0.4373794930964865,-1.2815952697394364,0.4459316064312587,1756822355.266141
0.1698904046,-0.1363908882,9.3463650756,-0.26022859147235455,-1.8680258809562384,0.5693263845472578,1756822355.274082
1.2442677519999998,-0.5264209719999999,9.006584266399999,-0.061086523819801536,-2.375044081020469,0.5338962181850654,1756822355.282128
2.237289131,-0.47377887479999997,8.5926259566,0.11850785621041497,-2.7574457724923036,0.5705481150236538,1756822355.290087
3.1657042998,-0.45224347139999993,8.1403824852,0.2700024352835228,-3.089756357352269,0.5045746867515607,1756822355.298100
4.1324046302,-0.3182454058,7.6307112714,0.35674531656093345,-3.3524284621372935,0.45937065912490754,1756822355.306085
5.1397829448,-0.1268195978,7.1736821548,0.44837510229063576,-3.473379657127453,0.3616322035599326,1756822355.314090
5.9365928706,-0.0215354034,6.975077879,0.4850270165825167,-3.4611624047233702,0.37995817815916555,1756822355.322098
6.477370778199999,0.38763726119999997,6.9415783626,0.4691444854827833,-3.2864550338652,0.38362336958835364,1756822355.330100
7.2454668328,0.406779842,6.994220459799999,0.4544837546726159,-2.971248605861609,0.29443706226473587,1756822355.338124
7.800601676,0.6843472636,7.080362073399999,0.40683623118658574,-2.5607470959793726,0.318871654339364,1756822355.346138
8.236095389199999,0.8877371845999998,7.1641108644,0.3885102914939378,-2.145358681644845,0.20158552860534507,1756822355.354090
8.4753776492,1.0767701699999999,7.2263242519999995,0.359188760060433,-1.7030923190026517,0.1832595714594046,1756822355.362087
8.566304908,1.2849457362,7.154539573999999,0.3420845333908886,-1.2718214782881454,0.14538592669112765,1756822355.370103
8.484948939599999,1.5816557386,7.0037917502,0.32009338481576005,-0.9199630312729187,0.11850785621041497,1756822355.378081
8.338986761,1.8113667082,6.7214386834,0.31642817593327943,-0.6976081194754261,0.10140362954087054,1756822355.386113
7.992027483999999,1.9525432416,6.3266229544,0.3457497073667842,-0.5827654197876142,0.07208209810736581,1756822355.394122
7.6163543358,1.5840485612,6.1686966628,0.4129449010218584,-0.614530412173911,-0.012217304763960306,1756822355.402082
7.310073042999999,1.064806057,5.9796636774,0.5436700619962336,-0.7159340591680741,-0.2431243648028101,1756822355.410084
7.0875405412,0.4378865357999999,6.0394842423999995,0.7916813661579204,-0.8417722982368651,-0.4630358680073881,1756822355.418135
6.6592252958,1.1509476706,5.644668513399999,0.9590584414241766,-0.8185594540919257,-0.4129449010218584,1756822355.426068
6.247659808599999,2.2660030021999997,5.469992463599999,0.9663887893759677,-0.7660249912470187,-0.4850270165825167,1756822355.434208
6.029912951999999,2.5148565526,5.6733823846,0.8698720991939739,-0.7586946432952276,-0.5766568023122189,1756822355.442071
6.1998033565999995,1.8903298539999998,5.857629724799999,0.9395107712551326,-0.795346540133816,-0.895528456651583,1756822355.450133
6.3098731962,2.3593230835999996,5.2977092364,0.9798278246163241,-0.7831292179165632,-0.937067257942463,1756822355.458128
6.934399894799999,2.5172493752,5.1900322194,0.896750187127979,-0.9101892398216279,-1.05801857510567,1756822355.466088
7.759923691799999,2.6584259086,5.391029317799999,0.9651670588995717,-1.1826351360579428,-1.1814134055815468,1756822355.474127
8.5136628108,3.1417760737999996,5.575276658,1.1044443332087193,-1.4257595008607529,-1.126435516690433,1756822355.482056
9.2386880586,4.2496529376,5.8815579507999995,1.174082935456708,-1.7128661104539427,-1.0067059125503293,1756822355.490076
9.9756774194,4.926821733399999,6.3338014222,1.249830294806432,-2.01829872955295,-0.9248500055383803,1756822355.498082
10.8347007328,5.7284173044,6.597011908199999,1.1374310386181197,-2.229658119422756,-0.6939428756863605,1756822355.506059
11.653046062,6.3266229544,6.381657874199999,0.9297368925373795,-2.408030786429869,-0.49113563405791183,1756822355.514159
12.430713406999999,6.6616181184,5.7858450468,0.6939428756863605,-2.4813345626537533,-0.2541199390903744,1756822355.522088
12.8925281688,6.573083682199999,5.0344987504,0.3335324375094089,-2.3970351248758424,-0.025656340004316644,1756822355.530088
13.150953009599998,6.415157390599999,4.1204405172,0.09285151620609834,-2.2577579378331576,0.05619960191421741,1756822355.538075
13.272986962199997,5.5896335936,3.3786655112,-0.20525072003453315,-1.9388861962273305,0.18448130193580065,1756822355.546100
13.2514515588,5.1756752837999995,2.4885355039999997,-0.3824016391119576,-1.472185189150632,0.22846359908605773,1756822355.554112
13.165309945199999,4.814359071199999,1.627119368,-0.5106833391335408,-0.9639453458764682,0.19181168479417682,1756822355.562094
13.103096557599999,4.5870409242,1.1461620253999998,-0.6524040918487729,-0.3824016391119576,0.20280725908174108,1756822355.570080
13.0791683316,4.2113677759999995,0.9858429112,-0.6560692658246685,0.19058995431778078,0.16615534478986016,1756822355.578095
12.8638142976,3.8691941441999997,0.9140582331999999,-0.7220426940967616,0.6927211626632569,0.08552113334772216,1756822355.586072
12.5431760692,3.7064822074,1.1676974288,-0.7232644245731576,1.1569787786003336,0.05131268000863329,1756822355.594068
12.141181872399999,3.4671999473999997,1.5960126742,-0.7684684521998107,1.5638149748803343,-0.06475171524898962,1756822355.602097
11.696116868799999,3.2590243811999997,2.0075781614,-0.8307766890427158,1.8655824200034463,-0.12583823906879116,1756822355.610073
11.306086785,3.1274191382,2.5531417142,-0.8564330639536175,2.085493888301439,-0.22357667718047364,1756822355.618090
10.8729858944,2.8307091358,3.1633114772,-0.9126326833211273,2.221106040994569,-0.23701571242082994,1756822355.626069
10.238887905399999,2.5962125209999996,3.6514472876,-0.8637634817185786,2.293188086742057,-0.17837264955382048,1756822355.634127
9.5258267706,2.333002035,4.1060835816,-0.8662069252180783,2.2687535819338915,-0.22479840765686965,1756822355.642069
8.817551281,2.0099709839999997,4.402793584,-0.8112290363269643,2.145358681644845,-0.16615534478986016,1756822355.650083
8.3318082932,1.5744772707999999,4.658825602199999,-0.7843509483929592,1.8985691428661393,-0.2345722514680379,1756822355.658065
7.948956677199999,0.9738787981999999,4.9028935074,-0.6658431445424218,1.596801697743027,-0.26145032194875056,1756822355.666104
7.633104094,0.6532405698,4.9459643142,-0.6035348902462242,1.2327259983237175,-0.32131511529215606,1756822355.674105
7.3244299786,0.49531427819999996,4.838287297199999,-0.5412266010434417,0.8503244290249299,-0.36041049053682905,1756822355.682126
7.2215386068,0.6245266986,4.467399794199999,-0.537561392160961,0.5167920089688135,-0.37140608227768585,1756822355.690079
7.2311098972,0.8518448456,3.9912280968,-0.5448917750193372,0.26145032194875056,-0.41905355340383854,1756822355.698121
7.446463931199999,1.0217352502,3.6083764807999996,-0.5839871502640102,0.10873401239924674,-0.49480084294039245,1756822355.706116
7.7742806274,1.2179467034,3.2614172037999998,-0.5473352708787143,0.05619960191421741,-0.6279694648675597,1756822355.714095
8.1930245824,1.3208380752,2.9742784918,-0.49724430389318447,0.06841690667817772,-0.7037167544041136,1756822355.722122
8.6883388606,1.351944769,2.7254249414,-0.43371431912059094,0.16859880574265224,-0.8112290363269643,1756822355.730134
9.147760799799999,1.6031911419999998,2.6081766339999994,-0.2993239667170275,0.2858849140233787,-0.9309586230137754,1756822355.738098
9.5665047548,1.8640088054,2.6512474407999997,-0.20158552860534507,0.48136180770003606,-0.9346237969896709,1756822355.746093
9.923035322199999,2.225325018,2.8689942973999996,-0.05009094953223726,0.659734439800564,-0.9480628496833198,1756822355.754106
10.198209921199998,2.6416761504,3.2111679292,-0.010995574287564275,0.8478809855254303,-0.8979719176043751,1756822355.762118
10.4757773428,2.99102825,3.6227334164,-0.02199114857512855,0.9981537817622645,-0.8087855753741724,1756822355.770077
10.64806057,3.4791640603999996,4.1946180178,-0.079412480965742,1.2241739198955304,-0.6902777017104648,1756822355.778128
10.640882102199999,4.0199419679999995,4.7353959254,-0.2675589743307307,1.409876952307727,-0.5009095127756651,1756822355.786103
10.2676017766,4.3477586642,4.929214556,-0.4422664324553631,1.5760323669107572,-0.3872885784708342,1756822355.794087
9.7196454012,4.302295034799999,4.914857620399999,-0.5864305937635097,1.7030923190026517,-0.2345722514680379,1756822355.802131
9.121439751199999,4.558327053,4.6755753604,-0.7220426940967616,1.822821905689463,-0.14538592669112765,1756822355.810108
8.6285182956,4.9316073786,4.5320060043999995,-0.8051204013982768,1.9132299783960616,-0.08185594191853406,1756822355.818094
8.2217384536,5.3790652048,4.785645199999999,-0.860098237929513,1.971873041263071,0.007330382858376184,1756822355.826083
7.549355302999999,6.0729837588,5.0560341538,-0.9065239960325623,2.0720549054209605,0.14416419621473162,1756822355.834124
6.558726746599999,6.293123437999999,5.6973106106,-1.0677924363701308,2.252871033380866,0.3262020546510327,1756822355.842085
5.412564721199999,6.1926248888,6.4654066652,-1.2791518262399366,2.428800256888479,0.44348816293175913,1756822355.850103
4.1706897918,5.6973106106,7.1473611062,-1.5088370859892202,2.559525243329929,0.5485569839018177,1756822355.858081
2.8426732488,5.1900322194,7.692924659,-1.673770787569147,2.6096163673950916,0.498466016916288,1756822355.866071
1.5026925928,4.701896409,7.817351434199999,-1.8203784621899632,2.6218336197991743,0.43004911023811027,1756822355.874081
0.658026215,4.271188340999999,7.4225357052,-1.8387043320694412,2.5240950769677366,0.3066543495754037,1756822355.882128
-0.0526420972,3.5246276898,6.7453669093999995,-1.793500374255958,2.30540533914614,0.1881464933649887,1756822355.890127
-0.8327022648,2.8163522002,6.2333028729999995,-1.598023428219423,2.0011945901498684,0.0158824961931484,1756822355.898081
-1.31605243,1.91425808,6.221338759999999,-1.3500121415110289,1.5308282694709339,-0.10140362954087054,1756822355.906082
-1.3447663012,0.8829515394,6.5228344075999996,-1.0225884087434778,1.0152579909785164,-0.2345722514680379,1756822355.914109
-1.2753744458,0.3038884702,7.2789663492,-0.6829473537586737,0.42394049276271517,-0.34086282036778504,1756822355.922082
-0.8279166196,-0.11964113,7.77667345,-0.37140608227768585,-0.1942551457469689,-0.40317105721069013,1756822355.930085
-0.19142580799999998,-0.5192425042,8.492127407399998,-0.04642575810304917,-0.8246680715673207,-0.518013721991917,1756822355.938092
0.7872386353999999,-0.8183453291999999,8.8558364426,0.19792033717615698,-1.4001031434031437,-0.5253441048502933,1756822355.946118
1.7443676754,-1.5481562222,9.2410808812,0.5595525756426746,-1.9034560473184305,-0.5864305937635097,1756822355.954183
2.8498517165999995,-1.8999011443999998,9.286544510599999,0.9162978572970231,-2.3542746105618586,-0.6585127267774605,1756822355.962158
3.9888352742,-2.0841484845999996,8.877371845999999,1.2034044668902126,-2.681698290969532,-0.7476990515543709,1756822355.970089
5.003392056599999,-1.7706887239999998,8.4299140198,1.4563027627706537,-2.9443703957545564,-0.757472930272124,1756822355.978131
6.0131631938000005,-1.1676974288,8.0685978072,1.4831808507046587,-3.0518827474905774,-0.7745771394883759,1756822355.986110
7.1234328802,-0.5407779076,7.7264241754,1.4611896672229452,-3.0518827474905774,-0.8258898020437168,1756822355.994081
8.0925260332,0.16271193679999998,7.274180703999999,1.436755040241732,-2.9883527627179833,-0.8197811671150291,1756822356.002110
8.9994057986,0.6628118601999999,6.999006104999999,1.2791518262399366,-2.7928759388544964,-0.8210028975914251,1756822356.010124
9.812965482600001,1.1054840412,6.4821564234,1.1997392929143171,-2.563190556932165,-0.8295549760196123,1756822356.018081
10.5236337948,1.5050854154,6.032305774599999,1.0677924363701308,-2.304183748296084,-0.7257079378858273,1756822356.026109
10.9423777498,1.8496518698,5.702096255799999,0.9663887893759677,-1.9657642841613359,-0.614530412173911,1756822356.034154
11.2031954132,2.177468566,5.6973106106,0.8466591852358643,-1.606575628820658,-0.48380525119953566,1756822356.042082
11.308479607599999,2.6201407469999998,5.953342628799999,0.6658431445424218,-1.1068877767082188,-0.33108894165003183,1756822356.050218
11.291729849399998,3.0412775246,6.355336825599999,0.4642575810304917,-0.6206390994624761,-0.14294246573833558,1756822356.058079
11.059626057200001,3.3403803495999997,6.9056860235999995,0.1710422666954443,-0.10262536001726658,-0.006108652381980153,1756822356.066093
10.616953876199998,3.6873396266,7.501498850999999,-0.07330382858376185,0.3885102914939378,0.13805554383275148,1756822356.074087
9.963713306399999,4.0701912426,7.877171999199999,-0.26145032194875056,0.8210028975914251,0.21868975527488949,1756822356.082076
8.85344362,4.048655839199999,8.2959159542,-0.4447098934081552,1.1789699620820473,0.3848450826114571,1756822356.090143
7.814958611599999,3.9744783385999995,8.056633694199999,-0.5070181302510602,1.3561207764397165,0.4508185457901353,1756822356.098121
6.783652071,4.1204405172,7.8699935314,-0.4935791299172889,1.5271630954950384,0.5155702784924174,1756822356.106082
6.005984725999999,4.031906081,7.7718878047999995,-0.35674531656093345,1.594358236790235,0.49480084294039245,1756822356.114123
5.0895336702,4.0654055974,7.853243773199999,-0.35796702958403703,1.5051719120133247,0.4043927876870862,1756822356.122082
4.5176490688,4.18743955,7.6450682070000004,-0.3665191429188092,1.3219123405539202,0.3494149162492648,1756822356.130129
3.9768711611999996,3.7926238209999994,7.573283528999999,-0.33231070703301285,1.1374310386181197,0.1637118838370681,1756822356.138115
3.7088750299999997,3.7328032559999995,7.2789663492,-0.30298917559950816,0.9297368925373795,0.08185594191853406,1756822356.146075
3.2327033326,3.8907295475999994,7.125825702799999,-0.047647488579445195,0.7684684521998107,-0.035430183815484885,1756822356.154097
2.691925425,3.7686955949999996,7.042076911799999,0.13805554383275148,0.6817256232822776,-0.1466076571675237,1756822356.162124
2.2827527604,3.5892338999999995,6.9535424756,0.2309070600388498,0.5717698280467574,-0.3225368457685521,1756822356.170093
2.1559331626,3.6753755135999997,6.865008039399999,0.2504547476611863,0.38973202197033374,-0.5925392985053675,1756822356.178119
2.2468604213999996,3.972085516,7.0013989275999995,0.3017674451231121,0.20891591146372127,-0.8112290363269643,1756822356.186086
2.3425733254,4.2017964856,7.4225357052,0.39217546546983334,0.1282817000215832,-1.0152579909785164,1756822356.194138
2.6775684894,4.1539400336,7.767102159599999,0.4227187273797341,0.02076941809873252,-1.0995574287564276,1756822356.202088
2.9455646206,4.2903309218,7.8388868376000005,0.4715879638888678,-0.12217304763960307,-1.1716394745039158,1756822356.210078
3.3188449462,4.3836510032,7.6283184488,0.5607743061190706,-0.3005456797401311,-1.1643091265521246,1756822356.218103
3.8835510797999997,4.414757697,7.6522466748,0.5497787143782138,-0.538783157543942,-1.0543534011297744,1756822356.226092
4.429114632599999,4.3645084224,7.826922724599999,0.6120869686744114,-0.8478809855254303,-0.8833111518876227,1756822356.234100
5.0057848792,4.3573299546,8.0733834524,0.5839871502640102,-1.1533136046244379,-0.7147123461449705,1756822356.242105
5.6685967394,4.4243289874,8.181060469399998,0.5497787143782138,-1.446528831693023,-0.5681046540708617,1756822356.250135
6.400800454999999,4.5320060043999995,8.1308111948,0.47036625086576433,-1.7226399193585256,-0.43371431912059094,1756822356.258135
7.1688965096,4.6683968926,7.889136112199999,0.3420845333908886,-1.9205603263478528,-0.3506366467256608,1756822356.266089
7.975277725799999,4.7425743932,7.5948189324,0.20036379812894903,-2.037846469535164,-0.21868975527488949,1756822356.274082
8.7050886188,4.5296131818,7.1712893322,0.13194689145077132,-2.025629094958034,-0.17348572764823636,1756822356.282131
9.2075813648,4.4219361648,6.441478439199999,0.10995574287564276,-1.92911240477604,-0.05009094953223726,1756822356.290115
9.4827559638,4.3094735025999995,5.7260244818,0.09529497715889039,-1.7776178082496397,0.012217304763960306,1756822356.298095
9.5425765288,4.1730826144,5.1134618962,0.11239920382843482,-1.568701879332626,0.1111774733520388,1756822356.306107
9.535398060999999,4.0869410008,4.7282174576,0.05253441048502932,-1.314581992602129,0.14294246573833558,1756822356.314173
9.4683990282,4.0223347905999995,4.4434715682,-0.007330382858376184,-1.018923234767582,0.1759291886010284,1756822356.322083
9.4348995118,3.9098721283999995,4.3214376156,-0.10262536001726658,-0.6902777017104648,0.1881464933649887,1756822356.330083
9.3966143502,3.7806597079999995,4.465006971599999,-0.1942551457469689,-0.3750712562535814,0.16859880574265224,1756822356.338139
9.3511507208,3.6586257554,4.5008993105999995,-0.30909779307490326,-0.0916297857297023,0.07452555906015787,1756822356.346081
9.133403864199998,3.4480573666,4.527220359199999,-0.378736465136062,0.16004669240788003,0.01710422666954443,1756822356.354096
9.032905314999999,3.1250263156,4.4410787456,-0.43127084071450633,0.34452799434368064,-0.02199114857512855,1756822356.362077
8.841479507,2.8378876035999996,4.378865358,-0.4691444854827833,0.4276056667386107,-0.1075122819228507,1756822356.370090
8.7146599092,2.4789642136,4.450650036,-0.3677408733952052,0.4532619892896349,-0.10995574287564276,1756822356.378164
8.520841278599999,2.1966111468,4.618147618,-0.28710667940635975,0.38362336958835364,-0.10384709049366261,1756822356.386088
8.2480595022,2.1822542112,4.8885365718,-0.12950343049797924,0.29565879274113194,-0.12339477811599911,1756822356.394158
7.975277725799999,2.249253244,5.2809594782,-0.10140362954087054,0.20891591146372127,-0.1111774733520388,1756822356.402092
7.7503524014,2.4023938904,5.639882868199999,-0.11239920382843482,0.10140362954087054,-0.158824961931484,1756822356.410083
7.716852885,2.4574288101999997,5.972485209599999,-0.10629055144645466,0.0024434609527920616,-0.2040289895581371,1756822356.418126
7.7838519178,2.4622144554000003,6.293123437999999,-0.16126842288427606,-0.09040805525330627,-0.21746802479849348,1756822356.426088
7.831708369799999,2.4885355039999997,6.4821564234,-0.10262536001726658,-0.18692476288859272,-0.20769418098732523,1756822356.434074
7.8676007087999995,2.5555345367999998,6.453442552199999,-0.1624901533606721,-0.26022859147235455,-0.19181168479417682,1756822356.442122
7.8628150636,2.679961312,6.206981824400001,-0.20158552860534507,-0.3103195584578843,-0.20036379812894903,1756822356.450105
7.829315547199999,2.6991038927999997,5.8887364186,-0.20036379812894903,-0.34819320322616126,-0.1624901533606721,1756822356.458113
7.812565789,2.6656043763999997,5.575276658,-0.2309070600388498,-0.33841932450840795,-0.09407324668249435,1756822356.466060
7.7455667562,2.656033086,5.3024948815999995,-0.24190263432641407,-0.3225368457685521,-0.07696902001294993,1756822356.474072
7.659425142599999,2.6416761504,4.9698925402,-0.2797762965479835,-0.3237585587916556,-0.006108652381980153,1756822356.482091
7.5517481256,2.4693929231999996,4.749752860999999,-0.2565634000431664,-0.2822197400474831,0.01832595714594046,1756822356.490072
7.384250543599999,2.249253244,4.6085763276,-0.17837264955382048,-0.2712241657599188,0.0,1756822356.498087
7.255038123199999,2.2564317118,4.3334017286,-0.12583823906879116,-0.26878070480712674,-0.0012217304763960308,1756822356.506096
7.1856462678,2.4526431649999996,4.0606199522,-0.059864793343405505,-0.277332818141899,0.008552113334772215,1756822356.514069
7.1449682836,2.5962125209999996,3.8931223702,-0.08674286382411818,-0.2822197400474831,-0.05131268000863329,1756822356.522089
7.1952175581999995,2.8570301843999997,3.7447673689999994,-0.08307767239493008,-0.23701571242082994,-0.09773843811168245,1756822356.530071
7.1736821548,2.9407789753999998,3.7184463204,0.0158824961931484,-0.1710422666954443,-0.1466076571675237,1756822356.538078
7.188039090399999,3.0915267991999995,3.6825539814,0.05497787143782138,-0.09651670763528643,-0.1942551457469689,1756822356.546100
7.2335027198,3.3930224468,3.6586257554,0.18081611050661253,-0.04642575810304917,-0.2700024352835228,1756822356.554156
7.3172515108,3.8213376921999997,3.9433716448,0.33108894165003183,-0.026878070480712675,-0.2565634000431664,1756822356.562071
7.4871419154,4.3094735025999995,4.302295034799999,0.35552358608453744,-0.0757472895365539,-0.2309070600388498,1756822356.570057
7.697710304199999,4.8981078622,4.721038989799999,0.37995817815916555,-0.13439035240356337,-0.26878070480712674,1756822356.578129
8.8701933782,4.3812581806,5.335994398,0.06963863715457375,-0.43493604959698695,-0.49480084294039245,1756822356.586114
9.3415794304,6.099304807399999,4.8598227006,-0.06230825429619756,-0.378736465136062,-0.3103195584578843,1756822356.594087
9.669396126599999,6.4319071488,5.615954642199999,0.029321531433504737,-0.14905111812031574,-0.028099800957108706,1756822356.602112
9.7076812882,5.800201982399999,6.3098731962,-0.10018189906447451,-0.009773843811168246,-0.019547687622336492,1756822356.610113
9.726823868999999,6.0466627102,5.74277424,-0.3127630019573839,0.061086523819801536,0.028099800957108706,1756822356.618106
9.576076045199999,5.994020612999999,5.2211389132,-0.3274237676741362,0.23945917337362202,0.11728612573401895,1756822356.626109
9.3463650756,5.443671415,4.9316073786,-0.4129449010218584,0.3872885784708342,0.13316862192716733,1756822356.634169
8.8079799906,5.486742221799999,4.4697926167999995,-0.6548475353482724,0.4630358680073881,0.18448130193580065,1756822356.642086
8.602197247,5.3718867370000005,4.701896409,-0.5815437067645106,0.6243042734383717,0.2541199390903744,1756822356.650102
8.1786676468,4.9866422984,4.876572458799999,-0.5607743061190706,0.7611381042480195,0.3420845333908886,1756822356.658100
7.8388868376000005,4.5032921331999995,5.1876393968,-0.5888741245294717,0.8442157417363647,0.37140608227768585,1756822356.666110
7.432106995599999,3.9577285803999995,5.606383351799999,-0.5986479159807625,0.9199630312729187,0.4361577800733829,1756822356.674107
6.865008039399999,3.6059836581999996,6.0753765814,-0.6328563518665589,0.9651670588995717,0.4850270165825167,1756822356.682115
6.4941205364,3.2207392195999995,6.3720865838,-0.6695083185183173,0.9761626506404285,0.45692719817211547,1756822356.690095
6.1806607758,1.5912270289999997,5.917450289799999,-0.6389650566084165,1.0445795224120211,0.39828413530510604,1756822356.698135
6.1088760978,2.1559331626,6.0131631938000005,-0.6072000642221197,1.0836749325632793,0.2919935838586513,1756822356.706107
6.1782679532,2.2803599377999997,6.005984725999999,-0.5839871502640102,1.1569787786003336,0.2907718533822553,1756822356.714627
6.1304115012,2.5914268758,6.0203416616,-0.5925392985053675,1.2156218589206356,0.23701571242082994,1756822356.722127
5.3192446398,2.333002035,6.58026215,-0.5461135404023182,1.1533136046244379,0.1881464933649887,1756822356.730085
3.6370903519999995,1.7898313048,6.226124405199999,-0.40805796166298175,0.7562511997957281,0.158824961931484,1756822356.738114
3.7112678526,1.7084753364,7.1234328802,-0.26267205242514663,0.3848450826114571,0.1832595714594046,1756822356.746094
4.8311088294,1.4763715441999998,7.6881390138,0.029321531433504737,0.23212879051524585,0.10506882097005864,1756822356.754107
6.1782679532,2.2181465501999997,7.9011002251999995,0.10629055144645466,0.31154127148098787,0.048869219055841226,1756822356.762162
7.1306113479999995,2.7110680057999996,7.7455667562,0.12217304763960307,0.48380525119953566,-0.009773843811168246,1756822356.770073
7.2885376395999995,3.0604201054,8.800801522799999,0.10506882097005864,0.6108652381980153,-0.07696902001294993,1756822356.778138
7.6905318364,3.3092736557999998,8.4012001486,0.0158824961931484,0.6866125277345693,-0.08429940287132612,1756822356.786089
7.6498538522,3.2327033326,7.7623165144,-0.0757472895365539,0.7916813661579204,-0.10995574287564276,1756822356.794134
7.3962146566,2.6632115537999996,7.441678285999999,-0.12217304763960307,0.7599163737716236,-0.039095375244672985,1756822356.802084
7.1952175581999995,2.3186450994,7.042076911799999,-0.05253441048502932,0.7476990515543709,0.019547687622336492,1756822356.810121
6.4606210200000005,2.5435704238,6.8961147332,-0.035430183815484885,0.6365215956556246,0.03665191429188092,1756822356.818088
5.9964134356,2.5387847785999997,5.9964134356,-0.0158824961931484,0.498466016916288,0.0158824961931484,1756822356.826113
5.359922624,2.5866412305999997,6.343372712599999,0.04642575810304917,0.37995817815916555,-0.009773843811168246,1756822356.834083
5.158925525599999,2.9001009911999995,7.113861589799999,0.10873401239924674,0.22113321622768156,-0.05253441048502932,1756822356.842116
5.204389154999999,3.34995164,8.1260255496,0.07330382858376185,0.08185594191853406,-0.11484266478122689,1756822356.850085
5.8073804502,3.5270205123999996,8.769694829,0.05619960191421741,-0.01710422666954443,-0.19914206765255302,1756822356.858143
6.604190376,3.7351960785999996,8.7673020064,-0.04276056667386108,-0.003665191429188092,-0.2504547476611863,1756822356.866076
7.271787881399999,3.1034909122000003,8.3437724062,-0.07208209810736581,0.07208209810736581,-0.3347541505325124,1756822356.874200
7.3746792532,1.8472590472,8.386843212999999,0.08063421144213803,0.07452555906015787,-0.3420845333908886,1756822356.882137
7.6283184488,1.7994025952000001,7.6187471584,0.11239920382843482,0.058643062867009474,-0.32131511529215606,1756822356.890101
7.6307112714,1.9118652573999997,6.951149653,0.08552113334772216,0.05131268000863329,-0.2736676267127109,1756822356.898099
7.826922724599999,2.03389921,6.9176501366,-0.0024434609527920616,0.07208209810736581,-0.19181168479417682,1756822356.906123
7.7383882883999995,1.1748758966,7.609175868,0.003665191429188092,0.18203784098300857,-0.09040805525330627,1756822356.914097
7.3627151402,1.8735800958,7.8460653054,-0.02199114857512855,0.2748893571891069,0.04276056667386108,1756822356.922094
7.020541508399999,2.6249263922,8.181060469399998,-0.1551597705022959,0.37995817815916555,0.09773843811168245,1756822356.930096
6.7501525546,3.2303105100000002,8.5447695046,-0.24434609527920614,0.48258353817643207,0.13683381335635544,1756822356.938113
6.4558353747999995,3.6538401101999995,8.676374747599999,-0.4092797270459628,0.5852088807404061,0.13683381335635544,1756822356.946095
6.005984725999999,3.0699913958,8.831908216599999,-0.4520402762665313,0.6927211626632569,0.158824961931484,1756822356.954105
5.642275690799999,3.1680971224,8.6165541826,-0.5009095127756651,0.8210028975914251,0.21868975527488949,1756822356.962106
5.1828537516,3.385843979,8.0781690976,-0.6230825604152682,0.9590584414241766,0.26022859147235455,1756822356.970071
4.9603212498,3.0556344601999994,7.7144600624,-0.7257079378858273,1.1435396735468073,0.31642817593327943,1756822356.978138
4.929214556,2.5076780847999998,7.733602643199999,-0.7440338775784752,1.3170254361016285,0.3103195584578843,1756822356.986077
4.7425743932,2.3593230835999996,7.537391189999999,-0.7635815477475192,1.4184290307359142,0.37384952577718544,1756822356.994108
4.3262232608,1.5457633995999998,7.788637563,-0.7049384674272172,1.4184290307359142,0.377514699753081,1756822357.002085
3.7040893847999996,1.2729816232,7.9465638546,-0.6560692658246685,1.341460080536134,0.4263839362622147,1756822357.010128
3.1298119607999997,1.2418749294,8.1786676468,-0.537561392160961,1.218065302420135,0.37384952577718544,1756822357.018152
1.5888342063999998,0.5527420206,9.001798621199999,-0.36896258641830876,0.8344419328317815,0.377514699753081,1756822357.026120
2.416750826,-0.22492532440000002,7.465606511999999,-0.1881464933649887,0.5412266010434417,0.21746802479849348,1756822357.034100
2.1008982428,2.0554346134,8.267202082999999,-0.29565879274113194,0.4960225734167885,0.13316862192716733,1756822357.042104
3.5557343836,1.0600204117999998,7.8341011923999995,-0.30909779307490326,0.7660249912470187,0.02199114857512855,1756822357.050082
4.1970108404,0.3565305674,7.621139981,-0.1881464933649887,1.0873401065391748,-0.13316862192716733,1756822357.058124
3.6538401101999995,0.062213387599999996,7.604390222799999,-0.04153883619746504,1.2974776961194145,-0.2223549467040776,1756822357.066151
2.8163522002,0.4043870194,7.831708369799999,0.12095131716320703,1.3011430097216503,-0.34819320322616126,1756822357.074091
1.7706887239999998,1.0959127508,8.8031943454,0.16859880574265224,1.1191051687386415,-0.4740314248416599,1756822357.082113
1.746760498,1.7252250945999998,8.800801522799999,0.21380283336930536,0.8698720991939739,-0.6194173864393725,1756822357.090136
1.6725829974,2.3186450994,9.255437816799999,0.22357667718047364,0.6181955861498065,-0.7684684521998107,1756822357.098065
2.3234307446,2.51246373,9.0472622506,0.29321529688175485,0.41661010990433894,-0.8527678899777219,1756822357.106140
3.0460631698,2.7661029256,9.121439751199999,0.37629296927668493,0.23701571242082994,-0.8906414998394138,1756822357.114111
3.900300838,2.8594230069999997,9.255437816799999,0.4642575810304917,0.07086036763096977,-0.8429940112599686,1756822357.122100
4.402793584,2.9479574431999995,9.355936366,0.537561392160961,-0.21991148575128552,-0.8466591852358643,1756822357.130088
5.0560341538,3.4121650275999995,9.387043059799998,0.49480084294039245,-0.4691444854827833,-0.8185594540919257,1756822357.138147
6.281159324999999,3.7447673689999994,9.4348995118,0.3530801076784529,-0.44837510229063576,-0.7220426940967616,1756822357.146092
7.2287170746,4.010370677599999,9.427721044,0.20036379812894903,-0.1942551457469689,-0.700051580428218,1756822357.154294
6.982256346799999,4.223331889,9.2315095908,0.039095375244672985,0.07452555906015787,-0.46792275500638725,1756822357.162120
5.8289158536,4.0510486618,9.2315095908,-0.023212879051524585,0.24801128670839426,-0.2700024352835228,1756822357.170062
4.9340002012,3.2350961552,9.013762734199998,-0.08918632477691024,0.21258110289290932,-0.12583823906879116,1756822357.178112
4.5128634236,2.1655044529999996,8.877371845999999,-0.07330382858376185,0.16126842288427606,-0.0024434609527920616,1756822357.186096
4.5391844722,1.4979069475999998,8.3820575678,-0.07819075048934597,0.10873401239924674,0.023212879051524585,1756822357.194102
5.120640363999999,1.2514462198,7.891528934799999,-0.10873401239924674,0.08429940287132612,0.0,1756822357.202083
5.4006006081999995,0.9355936366,7.8867432896,-0.058643062867009474,0.10140362954087054,-0.05619960191421741,1756822357.210121
4.941178668999999,0.6293123438,8.01595571,0.05253441048502932,0.0317649923862968,-0.048869219055841226,1756822357.218092
4.5750768112,0.9044869427999999,8.2241312762,0.09651670763528643,-0.05253441048502932,-0.06841690667817772,1756822357.226085
4.6851466508,1.8687944506,8.434699665,0.1392772743091475,-0.10506882097005864,-0.12339477811599911,1756822357.234096
5.0799623797999995,2.7469603448,8.6572321668,0.12217304763960307,-0.05742133239061344,-0.14049900478554353,1756822357.242112
5.3814580274,3.1800612353999997,8.7361953126,0.07330382858376185,0.06597344572538566,-0.18692476288859272,1756822357.250092
5.527420206,3.0125636534,8.482556117,0.01710422666954443,0.13683381335635544,-0.16004669240788003,1756822357.258115
5.446064237599999,2.6991038927999997,8.0422767586,-0.023212879051524585,0.1551597705022959,-0.1942551457469689,1756822357.266102
5.527420206,2.6871397797999994,7.587640464599999,-0.04520402762665313,0.15271630954950383,-0.18203784098300857,1756822357.274077
5.761916820799999,2.8785655878,7.410571592199999,-0.10140362954087054,0.14294246573833558,-0.21868975527488949,1756822357.282083
5.8887364186,3.0412775246,7.4751778024,-0.15760323145508795,0.18692476288859272,-0.24923301718479024,1756822357.290126
5.7355957722,3.1824540579999994,7.6163543358,-0.14416419621473162,0.1514945790731078,-0.24923301718479024,1756822357.298070
5.970092386999999,3.0149564759999996,7.9944203066,-0.14172073526193954,0.1710422666954443,-0.29565879274113194,1756822357.306099
7.082754895999999,2.9455646206,7.9776705484,-0.14782938764391973,0.32131511529215606,-0.26511551337793865,1756822357.314112
6.826722877799999,1.627119368,10.191031453399999,0.06963863715457375,0.5229006264442086,-0.07208209810736581,1756822357.322115
6.704688925199999,2.0745771942,7.989634661399999,-0.1832595714594046,0.34086282036778504,-0.14294246573833558,1756822357.330082
6.068198113599999,2.2205393728,8.159525065999999,-0.05253441048502932,0.33231070703301285,0.1759291886010284,1756822357.338094
5.4364929472,2.7708885708,8.336593938399998,-0.11606439525762292,0.22357667718047364,0.15271630954950383,1756822357.346132
5.039284395599999,3.0173492986,8.4562350684,-0.158824961931484,0.1795943800302165,0.1832595714594046,1756822357.354209
4.7832523774,2.9575287336,8.336593938399998,-0.21746802479849348,0.07819075048934597,0.1624901533606721,1756822357.362117
5.168496815999999,2.524427843,8.183453292,-0.2700024352835228,0.0317649923862968,0.07452555906015787,1756822357.370079
5.8145589179999995,1.986042758,8.1164542592,-0.2834414705238791,0.0317649923862968,0.05497787143782138,1756822357.378131
5.9365928706,1.7324035624,8.2121671632,-0.2822197400474831,0.06841690667817772,-0.007330382858376184,1756822357.386084
5.706881901,1.7419748528,8.3126657124,-0.2736676267127109,0.013439035240356337,0.0879645943005142,1756822357.394122
5.386243672599999,2.1320049365999996,8.7409809578,-0.27611108766550296,-0.029321531433504737,0.15027284859671178,1756822357.402093
5.0799623797999995,2.5076780847999998,8.9060857172,-0.28710667940635975,-0.08552113334772216,0.18203784098300857,1756822357.410066
4.7425743932,2.727817764,8.638089586,-0.31398473243377983,-0.12217304763960307,0.21135937241651329,1756822357.418116
4.5487557626,2.883351233,8.372486277399998,-0.36041049053682905,-0.13805554383275148,0.19792033717615698,1756822357.426084
4.682753828199999,2.5220350204,8.274380550799998,-0.33841932450840795,-0.13194689145077132,0.16615534478986016,1756822357.434397
4.6157547954,2.4574288101999997,8.1212399044,-0.3152064454568834,-0.0879645943005142,0.16859880574265224,1756822357.442075
4.627718908399999,2.356930261,8.123632727,-0.26633724385433466,-0.0635299847725936,0.13316862192716733,1756822357.450094
4.761716974,2.1056838879999997,8.181060469399998,-0.17226399717184032,-0.05497787143782138,0.1111774733520388,1756822357.458120
4.8430729424,2.0626130812,8.3844503904,-0.10262536001726658,-0.019547687622336492,0.12339477811599911,1756822357.466073
4.7282174576,2.2229321954,8.528019746399998,-0.05253441048502932,0.012217304763960306,0.15027284859671178,1756822357.474087
4.5726839886,2.3856441322,8.640482408599999,-0.058643062867009474,0.012217304763960306,0.1356120828799594,1756822357.482091
4.622933263199999,2.6703900216,8.650053698999999,-0.06841690667817772,0.0,0.12095131716320703,1756822357.490069
4.6995035864,2.6153551017999996,8.6668034572,-0.06230825429619756,0.019547687622336492,0.13805554383275148,1756822357.498089
4.8311088294,2.5100709074,8.769694829,-0.039095375244672985,0.02199114857512855,0.14049900478554353,1756822357.506082
4.8909293944,2.428714939,8.8271225714,-0.02199114857512855,0.039095375244672985,0.15760323145508795,1756822357.514069
5.0344987504,2.27318147,8.997012976,0.019547687622336492,0.058643062867009474,0.19792033717615698,1756822357.522058
5.3790652048,2.1176480009999996,9.1549392676,0.04520402762665313,0.0916297857297023,0.15638150097869194,1756822357.530071
5.4029934308,2.1655044529999996,8.9539421692,0.05619960191421741,0.09773843811168245,0.18936822384138474,1756822357.538068
5.252245606999999,2.2277178406,8.7050886188,0.03665191429188092,0.03787364476827695,0.20280725908174108,1756822357.546099
5.0584269764,2.4454646972,8.568697730599999,0.040317105721069016,0.05497787143782138,0.23823744289722598,1756822357.554125
4.7162533446,2.8594230069999997,8.4873417622,0.03665191429188092,-0.013439035240356337,0.24190263432641407,1756822357.562097
4.2496529376,2.8689942973999996,8.4610207136,0.039095375244672985,-0.06597344572538566,0.24801128670839426,1756822357.570057
3.9218362414,2.5770699402,8.362914987,0.05253441048502932,-0.1356120828799594,0.23823744289722598,1756822357.578128
3.936193177,2.3138594541999997,8.3007015994,0.08185594191853406,-0.1111774733520388,0.21746802479849348,1756822357.586112
3.9385859995999994,2.0410776778,8.1786676468,0.1356120828799594,-0.0916297857297023,0.22602013813326566,1756822357.594175
4.0845481781999995,2.0745771942,8.3485580514,0.15271630954950383,-0.09529497715889039,0.15760323145508795,1756822357.602080
4.5080777784,2.3066809864,8.673981925,0.1954768762233649,-0.10262536001726658,0.09773843811168245,1756822357.610094
4.7712882644,2.4670001006,8.760123538599998,0.21135937241651329,-0.09040805525330627,0.06841690667817772,1756822357.618078
