-0.244244,-0.024644,0.991860,0.140000,-9.520000,-4.200000,1770370097.985768
-0.238632,-0.030012,0.993324,-1.890000,-9.240000,-1.820000,1770370097.993876
-0.233752,-0.031720,1.001132,-1.680000,-8.050000,-4.410000,1770370098.001849
-0.230336,-0.029036,0.996496,1.540000,-7.490000,-3.710000,1770370098.009955
-0.227408,-0.027328,1.005036,-0.560000,-6.580000,-5.110000,1770370098.017866
-0.224968,-0.024400,1.005768,0.420000,-6.580000,-1.960000,1770370098.025871
-0.223748,-0.019764,1.005280,0.210000,-6.160000,-6.650000,1770370098.033831
-0.212524,-0.020252,1.002596,-0.910000,-3.360000,-5.880000,1770370098.041857
-0.211060,-0.018788,1.002840,1.400000,-3.500000,-5.320000,1770370098.049907
-0.203008,-0.019032,1.001864,-2.100000,-3.290000,-4.760000,1770370098.058029
-0.200080,-0.021472,1.001864,0.560000,-2.170000,-3.710000,1770370098.066026
-0.201056,-0.023424,0.999424,-0.980000,0.070000,-3.990000,1770370098.073956
-0.203740,-0.026596,1.004304,-0.560000,1.050000,-1.470000,1770370098.081870
-0.210328,-0.026596,1.005280,2.310000,3.500000,-3.640000,1770370098.089855
-0.215696,-0.023180,1.004304,-1.190000,3.920000,-4.200000,1770370098.097868
-0.226432,-0.023668,1.007476,0.630000,5.390000,-3.150000,1770370098.105847
-0.234728,-0.022936,1.007232,0.210000,6.370000,-4.410000,1770370098.113865
-0.250100,-0.023668,1.005280,-1.540000,6.860000,-2.450000,1770370098.121846
-0.257664,-0.027816,0.998692,0.210000,7.630000,-5.320000,1770370098.129843
-0.272792,-0.027328,0.994788,-1.120000,8.260000,-2.590000,1770370098.137863
-0.284260,-0.029768,0.993324,0.420000,6.370000,-4.410000,1770370098.145862
-0.293532,-0.028304,0.991128,-0.210000,6.300000,-5.320000,1770370098.153846
-0.300120,-0.027572,0.993812,-0.210000,5.040000,-3.920000,1770370098.161932
-0.305000,-0.023180,0.985516,1.330000,1.400000,-4.970000,1770370098.169987
-0.302072,-0.024644,0.978684,-0.490000,-0.630000,-2.940000,1770370098.177843
-0.296948,-0.028304,0.977952,2.100000,-2.030000,-4.970000,1770370098.185836
-0.288164,-0.030500,0.982344,1.190000,-3.360000,-7.770000,1770370098.193839
-0.277428,-0.029768,0.989420,1.750000,-3.920000,-3.850000,1770370098.201884
-0.268400,-0.030012,0.998204,5.460000,-4.760000,-8.470000,1770370098.209863
-0.264740,-0.030012,1.003572,3.290000,-3.920000,-6.790000,1770370098.217850
-0.263276,-0.026840,1.006500,4.970000,-3.710000,-6.300000,1770370098.225842
-0.260348,-0.025132,1.007476,5.110000,-3.500000,-6.790000,1770370098.233860
-0.263520,-0.026840,1.009916,3.080000,-3.360000,-4.620000,1770370098.241846
-0.263276,-0.028304,1.010404,4.760000,-4.480000,-6.020000,1770370098.249883
-0.259860,-0.032452,1.003084,2.520000,-5.600000,-4.200000,1770370098.257996
-0.261080,-0.032940,1.002108,3.220000,-5.950000,-7.910000,1770370098.265835
-0.257176,-0.039528,0.999424,2.100000,-5.600000,-5.180000,1770370098.273827
-0.250100,-0.039772,0.996252,-0.910000,-6.580000,-5.180000,1770370098.281846
-0.247172,-0.042456,0.995764,2.660000,-7.350000,-7.700000,1770370098.289834
-0.237900,-0.039528,0.997716,0.140000,-6.160000,-5.880000,1770370098.297853
-0.231800,-0.040748,0.994300,2.800000,-6.160000,-7.560000,1770370098.305892
-0.225700,-0.035624,0.992348,0.700000,-4.690000,-7.770000,1770370098.314072
-0.222772,-0.035136,0.995276,3.430000,-3.920000,-7.280000,1770370098.321852
-0.225700,-0.025864,0.995032,3.430000,-1.260000,-9.100000,1770370098.329835
-0.224480,-0.019032,0.995764,1.820000,-1.960000,-6.230000,1770370098.337862
-0.229604,-0.015372,0.995032,2.520000,-0.280000,-7.140000,1770370098.345940
-0.231556,-0.014396,0.999180,1.260000,0.700000,-6.790000,1770370098.353895
-0.235948,-0.015616,1.000400,1.680000,1.960000,-6.300000,1770370098.361845
-0.239608,-0.013664,1.002596,1.750000,2.030000,-4.830000,1770370098.369823
-0.241804,-0.014152,1.003572,2.310000,2.030000,-8.540000,1770370098.377830
-0.246440,-0.012444,1.006012,1.190000,1.960000,-6.790000,1770370098.385842
-0.251808,-0.010736,1.006012,1.260000,2.100000,-9.240000,1770370098.393874
-0.256444,-0.009272,1.007232,1.260000,2.940000,-6.650000,1770370098.401848
-0.258152,-0.008052,1.010160,1.750000,2.310000,-4.480000,1770370098.409848
-0.261568,-0.010004,1.016016,0.000000,2.100000,-7.210000,1770370098.417873
-0.258396,-0.014396,1.013332,1.750000,1.540000,-2.800000,1770370098.425847
-0.261812,-0.019520,1.017236,0.980000,1.260000,-6.090000,1770370098.433854
-0.257420,-0.022692,1.011624,0.490000,0.140000,-4.620000,1770370098.441848
-0.254980,-0.025132,1.012844,3.850000,-1.260000,-5.880000,1770370098.449853
-0.250588,-0.021716,1.013332,1.960000,-0.700000,-3.290000,1770370098.457853
-0.249612,-0.021472,1.016504,3.080000,-1.820000,-2.590000,1770370098.465855
-0.249612,-0.018056,1.013576,1.260000,-0.910000,-0.350000,1770370098.473971
-0.251076,-0.025132,1.017724,-1.680000,1.260000,0.000000,1770370098.481844
-0.255224,-0.024156,1.012844,1.960000,1.190000,-1.960000,1770370098.489856
-0.263276,-0.028548,1.005036,-0.770000,3.500000,2.310000,1770370098.497881
-0.272304,-0.024644,0.988444,-1.750000,2.730000,0.280000,1770370098.505847
-0.281088,-0.020740,0.971120,-2.870000,3.360000,3.920000,1770370098.513850
-0.284260,-0.020496,0.971852,-3.920000,3.360000,0.770000,1770370098.521876
-0.285968,-0.016592,0.973804,-0.910000,2.380000,0.420000,1770370098.529868
-0.284992,-0.013908,0.980148,-5.320000,1.050000,2.310000,1770370098.537842
-0.278404,-0.018300,0.980636,-1.120000,-1.330000,3.290000,1770370098.545898
-0.274012,-0.025620,0.981124,-3.010000,-2.030000,3.780000,1770370098.553884
-0.265472,-0.025376,0.981612,-3.780000,-2.590000,0.910000,1770370098.561841
-0.257420,-0.027084,0.984296,0.420000,-3.570000,4.200000,1770370098.569829
-0.248148,-0.029036,0.991860,-1.470000,-4.760000,3.780000,1770370098.577839
-0.239364,-0.029768,0.999180,-1.190000,-2.520000,2.240000,1770370098.585856
-0.238388,-0.028304,1.008208,-1.680000,-1.190000,3.570000,1770370098.593845
-0.237412,-0.021228,1.010404,-2.030000,1.330000,0.630000,1770370098.601847
-0.239364,-0.013664,1.011380,-0.980000,2.030000,2.030000,1770370098.609845
-0.239608,-0.012688,1.006256,-3.150000,3.150000,2.800000,1770370098.617879
-0.245708,-0.010736,1.004548,-2.660000,4.690000,3.850000,1770370098.625832
-0.251808,-0.013420,1.005280,-5.880000,5.950000,-0.140000,1770370098.633837
-0.256688,-0.018544,1.002596,-4.550000,4.130000,3.220000,1770370098.641852
-0.260104,-0.023424,1.000400,-1.890000,4.270000,2.310000,1770370098.649888
-0.261812,-0.029036,0.996496,-5.600000,2.800000,-0.560000,1770370098.657873
-0.261080,-0.029036,0.999668,-2.520000,2.590000,3.220000,1770370098.665879
-0.257908,-0.035868,0.997472,-3.780000,1.960000,0.280000,1770370098.673834
-0.258152,-0.034892,0.998692,-2.450000,2.730000,0.770000,1770370098.681865
-0.256932,-0.036844,0.996984,-1.750000,2.310000,0.210000,1770370098.689894
-0.253028,-0.036600,0.998936,-3.780000,2.940000,-0.490000,1770370098.697855
-0.256444,-0.035868,0.993568,-0.490000,3.710000,0.070000,1770370098.705848
-0.260104,-0.036844,0.992104,-3.570000,5.180000,-2.590000,1770370098.713939
-0.259616,-0.042456,0.989664,-4.480000,4.760000,-1.120000,1770370098.721868
-0.260348,-0.042700,0.987956,-1.890000,3.570000,-4.760000,1770370098.729882
-0.262544,-0.044896,0.984296,-3.220000,4.620000,-3.500000,1770370098.737861
-0.265960,-0.047336,0.986492,-0.210000,4.410000,-1.960000,1770370098.745867
-0.270840,-0.045140,0.993568,-0.210000,3.640000,-4.200000,1770370098.753855
-0.272792,-0.037576,0.996496,-0.770000,3.920000,-4.270000,1770370098.761918
-0.273768,-0.035380,1.002596,3.220000,3.850000,-5.180000,1770370098.769873
-0.281576,-0.030988,1.009184,-0.140000,2.800000,-4.270000,1770370098.777919
-0.280356,-0.025132,1.011868,1.470000,3.220000,-4.200000,1770370098.785836
-0.284992,-0.021716,1.008452,0.700000,2.730000,-4.620000,1770370098.793847
-0.284992,-0.019276,0.997716,-0.560000,3.290000,-2.450000,1770370098.801886
-0.287920,-0.020008,0.985516,3.080000,2.870000,-4.970000,1770370098.809872
-0.285724,-0.020496,0.973804,0.630000,3.990000,-3.080000,1770370098.817873
-0.280356,-0.022204,0.971608,4.760000,2.310000,-4.200000,1770370098.825999
-0.273280,-0.018544,0.978440,1.750000,1.610000,-3.500000,1770370098.833830
-0.270840,-0.014640,0.990396,1.820000,1.890000,-1.610000,1770370098.841851
-0.272792,-0.006832,1.005036,5.810000,2.310000,-3.850000,1770370098.849855
-0.274256,-0.000488,1.019676,1.470000,2.520000,-1.050000,1770370098.857883
-0.276208,0.002684,1.024068,2.870000,1.260000,-1.050000,1770370098.865849
-0.283040,0.004148,1.025288,2.450000,2.240000,-2.730000,1770370098.873832
-0.283772,0.007076,1.025044,-0.630000,3.290000,-2.730000,1770370098.881849
-0.284504,0.003172,1.019676,1.890000,3.500000,-2.170000,1770370098.889862
-0.284992,-0.000976,1.012844,-1.330000,2.730000,-3.150000,1770370098.897922
-0.285480,-0.011468,1.001376,-0.420000,-0.140000,-6.650000,1770370098.905880
-0.281088,-0.020984,0.985760,-3.430000,-1.750000,-3.500000,1770370098.913880
-0.281820,-0.024400,0.972340,-2.870000,-3.500000,-6.510000,1770370098.921889
-0.283040,-0.029768,0.959164,-1.120000,-5.040000,-6.230000,1770370098.929879
-0.287188,-0.033184,0.957212,-2.310000,-5.950000,-5.880000,1770370098.937837
-0.276452,-0.029768,0.963312,-1.260000,-5.950000,-8.330000,1770370098.945846
-0.267180,-0.025376,0.975756,-1.190000,-5.250000,-8.330000,1770370098.953938
-0.261812,-0.017080,0.993812,0.210000,-3.500000,-10.010000,1770370098.961873
-0.254980,-0.005368,1.012112,2.660000,-1.190000,-11.480000,1770370098.969843
-0.249612,0.002928,1.016504,-0.210000,0.070000,-11.270000,1770370098.977843
-0.241316,0.005124,1.011624,1.470000,0.140000,-13.860000,1770370098.985843
-0.239608,0.005612,1.008452,1.750000,-0.490000,-12.600000,1770370098.993893
-0.241560,0.010004,1.007720,1.680000,-0.770000,-13.510000,1770370099.001843
-0.243756,0.011468,1.004060,4.550000,-2.800000,-10.150000,1770370099.009846
-0.242292,0.019520,1.006012,3.010000,-1.820000,-11.480000,1770370099.017873
-0.240584,0.020252,1.004304,3.430000,-1.540000,-8.470000,1770370099.025900
-0.238144,0.015128,1.008940,1.190000,-1.260000,-7.420000,1770370099.033831
-0.239364,0.006588,1.008452,1.400000,0.280000,-7.210000,1770370099.041847
-0.243268,-0.001952,1.009672,3.780000,1.470000,-5.110000,1770370099.049851
-0.247904,-0.006832,1.002108,2.450000,3.430000,-4.620000,1770370099.057985
-0.256688,-0.012688,0.989908,3.290000,2.450000,-0.840000,1770370099.066105
-0.263764,-0.020008,0.975024,0.910000,4.060000,-4.340000,1770370099.074204
-0.270352,-0.020008,0.970632,0.070000,4.830000,-3.850000,1770370099.081858
-0.279136,-0.014152,0.969168,3.640000,6.160000,-3.500000,1770370099.089856
-0.280844,-0.012932,0.969900,-0.700000,7.350000,-3.500000,1770370099.097914
-0.289140,-0.010004,0.971608,1.330000,6.160000,-3.850000,1770370099.105871
-0.289628,-0.013908,0.975024,0.560000,5.950000,-4.830000,1770370099.113848
-0.292068,-0.016348,0.975024,-1.260000,3.780000,-4.270000,1770370099.121941
-0.292556,-0.025864,0.975512,1.890000,2.940000,-3.990000,1770370099.129856
-0.291336,-0.031232,0.973560,0.560000,0.140000,-4.760000,1770370099.137940
-0.286700,-0.036844,0.974048,2.800000,-2.100000,-3.990000,1770370099.145937
-0.280844,-0.034892,0.985028,1.470000,-1.190000,-4.760000,1770370099.153852
-0.278892,-0.031720,0.990396,2.240000,-0.770000,-3.640000,1770370099.161842
-0.279136,-0.023180,0.990396,4.130000,0.350000,-6.650000,1770370099.169969
-0.280844,-0.015616,0.991616,2.800000,-0.070000,-4.830000,1770370099.177845
-0.285724,-0.006588,0.989176,4.970000,0.140000,-5.740000,1770370099.185828
-0.291092,0.000244,0.986492,4.550000,0.490000,-4.620000,1770370099.193844
-0.295240,0.003416,0.997716,3.080000,0.070000,-3.080000,1770370099.201837
-0.302072,0.003172,0.996984,5.250000,0.140000,-7.700000,1770370099.209872
-0.298656,0.004148,0.997228,2.240000,-1.260000,-4.200000,1770370099.217937
-0.298656,-0.000244,0.995520,6.650000,-4.200000,-9.450000,1770370099.225854
-0.290360,0.004148,0.997472,3.710000,-4.760000,-6.650000,1770370099.233837
-0.288408,0.011712,1.002596,3.920000,-6.370000,-9.800000,1770370099.241854
-0.281576,0.014884,1.002352,5.180000,-5.950000,-9.590000,1770370099.249842
-0.275232,0.015372,0.999424,3.850000,-5.250000,-8.540000,1770370099.257856
-0.270596,0.017568,0.995276,4.130000,-6.370000,-8.890000,1770370099.265921
-0.264252,0.015616,0.996496,2.100000,-4.760000,-7.910000,1770370099.273869
-0.261324,0.016104,1.001132,2.660000,-4.270000,-8.470000,1770370099.281837
-0.260592,0.013176,1.005036,4.970000,-3.570000,-8.470000,1770370099.289855
-0.259860,0.005368,1.010892,1.470000,-4.060000,-8.120000,1770370099.297896
-0.264008,0.002440,1.017236,3.570000,-2.520000,-7.140000,1770370099.305849
-0.270108,0.001220,1.027240,2.240000,-1.820000,-7.140000,1770370099.313838
-0.278404,0.003172,1.027972,0.700000,-0.770000,-8.330000,1770370099.321857
-0.282064,0.000244,1.027240,3.010000,-1.190000,-7.210000,1770370099.329866
-0.273036,-0.003904,1.029436,-0.910000,-1.260000,-6.580000,1770370099.337835
-0.264740,-0.006588,1.026020,0.000000,-0.280000,-9.450000,1770370099.345875
-0.252784,-0.007320,1.025532,0.070000,-0.490000,-5.180000,1770370099.353846
-0.248392,-0.004880,1.026264,-0.630000,-0.210000,-7.140000,1770370099.361856
-0.243756,-0.002440,1.026508,-1.120000,1.400000,-4.620000,1770370099.369829
-0.252540,0.001220,1.029680,1.470000,2.240000,-4.060000,1770370099.377872
-0.257420,0.002928,1.016260,-1.330000,5.250000,-5.810000,1770370099.385848
-0.270840,0.004880,1.004548,-0.910000,5.740000,-7.350000,1770370099.393925
-0.284260,0.014640,0.992592,-1.190000,6.020000,-8.190000,1770370099.401842
-0.301828,0.019032,0.985760,2.660000,7.070000,-7.910000,1770370099.409842
-0.320372,0.025864,0.973560,0.350000,7.490000,-9.940000,1770370099.417931
-0.332328,0.037576,0.952088,1.120000,6.860000,-9.590000,1770370099.425850
-0.341844,0.053436,0.933788,0.000000,5.460000,-11.130000,1770370099.433835
-0.347212,0.062220,0.926712,-1.750000,3.570000,-12.390000,1770370099.441897
-0.346724,0.067832,0.932324,-3.220000,0.630000,-15.190000,1770370099.449881
-0.355752,0.067100,0.933056,-6.370000,-2.310000,-7.770000,1770370099.457860
-0.364292,0.059048,0.921344,-8.680000,-5.180000,-7.700000,1770370099.465845
-0.378688,0.047336,0.902556,-9.660000,-7.280000,-3.640000,1770370099.473831
-0.391376,0.031720,0.889868,-12.180000,-6.370000,0.770000,1770370099.481848
-0.411872,0.011712,0.893772,-8.540000,-5.600000,0.840000,1770370099.489934
-0.426756,-0.007564,0.909876,-7.770000,-5.600000,3.920000,1770370099.497850
-0.450424,-0.017812,0.929152,-2.660000,-4.620000,4.970000,1770370099.505846
-0.469456,-0.020984,0.952088,-1.120000,-5.600000,4.130000,1770370099.513853
-0.488000,-0.017080,0.964776,-1.750000,-8.820000,3.570000,1770370099.521914
-0.495564,-0.012688,0.982588,2.100000,-14.280000,2.450000,1770370099.529847
-0.497516,-0.003416,0.999424,-1.120000,-20.510000,3.360000,1770370099.537839
-0.490440,0.008784,1.009916,0.980000,-31.219999,1.400000,1770370099.545915
-0.469944,0.013908,1.027484,-1.190000,-40.459999,3.150000,1770370099.553863
-0.439444,0.017568,1.037488,-1.890000,-47.599998,0.000000,1770370099.561855
-0.398208,0.024156,1.039928,-1.120000,-55.230000,-1.330000,1770370099.569847
-0.353312,0.024156,1.040416,-0.210000,-59.080002,-1.610000,1770370099.577854
-0.312320,0.024156,1.038952,1.960000,-61.529999,-3.150000,1770370099.585921
-0.265716,0.021716,1.040904,-0.210000,-60.480000,-3.290000,1770370099.593833
-0.234484,0.017080,1.044808,0.630000,-57.470001,-7.000000,1770370099.601847
-0.200812,0.014640,1.052616,3.080000,-54.320000,-7.070000,1770370099.609847
-0.180316,0.010248,1.065060,-0.700000,-49.279999,-8.890000,1770370099.617878
-0.172020,0.004148,1.067500,1.680000,-43.540001,-9.590000,1770370099.625840
-0.168360,-0.007320,1.047492,-0.980000,-38.430000,-9.870000,1770370099.633834
-0.169092,-0.024888,1.009916,-2.240000,-32.900002,-9.310000,1770370099.641851
-0.169580,-0.051240,0.958676,1.260000,-32.549999,-4.480000,1770370099.649846
-0.174948,-0.078080,0.903532,-0.420000,-33.250000,-2.380000,1770370099.657877
-0.172020,-0.099552,0.866932,5.670000,-33.950001,1.470000,1770370099.665950
-0.162016,-0.099796,0.877424,6.440000,-35.560001,3.780000,1770370099.673861
-0.145668,-0.095648,0.918172,8.330000,-34.580002,7.070000,1770370099.681849
-0.123464,-0.096868,0.962336,9.030000,-33.740002,4.830000,1770370099.689864
-0.108336,-0.089060,1.021872,6.650000,-30.170000,7.490000,1770370099.697849
-0.095648,-0.078324,1.075552,7.210000,-27.160000,9.100000,1770370099.705972
-0.086132,-0.065636,1.104344,3.220000,-24.570000,7.630000,1770370099.713868
-0.078324,-0.072956,1.095804,3.430000,-23.660000,8.190000,1770370099.721971
-0.066612,-0.084180,1.077504,5.670000,-25.340000,6.510000,1770370099.729870
-0.053680,-0.093208,1.067500,5.880000,-26.600000,8.610000,1770370099.737831
-0.037820,-0.099552,1.067500,8.820000,-28.490000,10.640000,1770370099.745847
-0.027328,-0.102480,1.069208,8.890000,-28.770000,8.960000,1770370099.753851
-0.012932,-0.104432,1.070672,7.070000,-28.910000,11.410000,1770370099.762002
-0.009516,-0.100284,1.065060,10.360000,-26.110001,10.290000,1770370099.769847
-0.009028,-0.091988,1.050664,9.520000,-23.590000,12.320000,1770370099.777850
-0.015128,-0.082960,1.033584,9.660000,-21.490000,12.460000,1770370099.785846
-0.017568,-0.066124,1.022604,9.450000,-19.740000,11.340000,1770370099.793853
-0.028304,-0.044408,1.018700,8.960000,-15.680000,16.450001,1770370099.801898
-0.036112,-0.026596,1.023824,10.150000,-14.350000,10.990000,1770370099.809846
-0.044408,-0.012932,1.035780,5.740000,-11.480000,14.560000,1770370099.817845
-0.052704,-0.003416,1.038952,5.880000,-11.620000,13.790000,1770370099.825861
-0.054900,0.002196,1.034560,5.740000,-11.690000,15.890000,1770370099.833859
-0.057340,0.010248,1.024556,1.750000,-14.700000,16.799999,1770370099.841851
-0.050996,0.010248,1.017236,6.020000,-18.620001,18.830000,1770370099.849845
-0.043432,0.013664,1.008696,1.750000,-22.610001,21.770000,1770370099.857892
-0.024888,0.023424,0.993324,2.660000,-27.790001,24.010000,1770370099.865925
-0.005368,0.031720,0.978440,-1.330000,-32.480000,23.590000,1770370099.873836
0.020008,0.041480,0.964044,-4.760000,-36.119999,23.799999,1770370099.881853
0.050996,0.059048,0.951112,-5.250000,-37.099998,26.809999,1770370099.889849
0.084424,0.074176,0.937448,-8.190000,-39.130001,31.010000,1770370099.897894
0.115900,0.084180,0.910364,-11.130000,-38.430000,32.340000,1770370099.905911
0.139324,0.091012,0.891576,-14.980000,-36.049999,34.509998,1770370099.913842
0.163236,0.083936,0.873764,-14.560000,-33.250000,34.369999,1770370099.921870
0.204960,0.067832,0.876936,-13.650000,-28.629999,35.139999,1770370099.929874
0.256200,0.056852,0.901824,-12.810000,-24.920000,35.209999,1770370099.937901
0.302316,0.063684,0.939400,-10.570000,-21.840000,34.090000,1770370099.945849
0.335256,0.079056,1.006744,-9.100000,-18.270000,32.900002,1770370099.953847
0.367952,0.102480,1.080676,-11.690000,-10.990000,31.639999,1770370099.961855
0.390888,0.112972,1.148264,-11.900000,0.350000,33.110001,1770370099.969885
0.392596,0.099796,1.184864,-14.560000,13.930000,32.060001,1770370099.977846
0.363560,0.069540,1.179252,-11.550000,29.680000,33.880001,1770370099.985845
0.302072,0.016836,1.137284,-11.690000,47.459999,35.349998,1770370099.993844
0.234484,-0.033428,1.096292,-8.680000,64.470001,36.470001,1770370100.001953
0.162260,-0.060024,1.081896,-3.920000,80.989998,32.970001,1770370100.009842
0.083692,-0.063928,1.090680,-1.890000,95.830002,33.180000,1770370100.017850
0.007564,-0.045872,1.113372,-0.630000,105.980003,34.160000,1770370100.025861
-0.076128,-0.026108,1.144604,-0.910000,108.290001,33.740002,1770370100.033925
-0.156160,-0.019032,1.166076,-2.380000,106.820000,33.040001,1770370100.041854
-0.227652,-0.017568,1.166808,-1.190000,100.309998,32.130001,1770370100.049845
-0.292068,-0.019032,1.160464,-3.430000,88.970001,31.080000,1770370100.057981
-0.342088,-0.019520,1.132404,-3.570000,72.800003,35.349998,1770370100.066157
-0.376980,-0.016836,1.104100,-5.110000,53.549999,31.850000,1770370100.074014
-0.390156,-0.014884,1.078236,-4.970000,36.119999,32.410000,1770370100.081936
-0.382104,-0.015860,1.059692,-5.740000,16.940001,31.639999,1770370100.089852
-0.351604,-0.020984,1.042856,-7.980000,1.540000,31.850000,1770370100.097951
-0.306220,-0.030744,1.038952,-7.770000,-9.310000,29.330000,1770370100.105956
-0.252296,-0.039284,1.025288,-9.870000,-16.030001,28.139999,1770370100.113880
-0.204228,-0.037088,1.011868,-9.520000,-19.670000,28.559999,1770370100.122053
-0.160064,-0.025132,0.985028,-9.240000,-19.389999,24.709999,1770370100.129924
-0.122000,-0.026596,0.962092,-13.090000,-17.010000,24.360001,1770370100.137836
-0.086376,-0.046360,0.955504,-15.260000,-12.810000,23.520000,1770370100.145872
-0.049044,-0.078080,0.959164,-16.030001,-5.040000,21.980000,1770370100.153955
-0.027328,-0.116144,0.963068,-14.910000,5.180000,25.129999,1770370100.161840
-0.024644,-0.147376,0.965752,-6.930000,16.309999,26.600000,1770370100.169865
-0.043188,-0.164944,0.952332,-7.700000,28.840000,31.500000,1770370100.177885
-0.079056,-0.175680,0.923784,-2.030000,39.340000,33.250000,1770370100.185841
-0.125172,-0.189100,0.896212,-0.350000,46.480000,37.169998,1770370100.193848
-0.170800,-0.198372,0.882060,0.420000,53.130001,41.090000,1770370100.201821
-0.223016,-0.194956,0.906948,6.650000,56.980000,38.990002,1770370100.209843
-0.274988,-0.179584,0.937204,5.320000,61.110001,44.520000,1770370100.217848
-0.335744,-0.163236,0.970876,8.540000,60.410000,42.630001,1770370100.225941
-0.393328,-0.149816,0.986004,4.550000,59.570000,40.320000,1770370100.233832
-0.443836,-0.132736,0.980880,5.880000,56.560001,37.590000,1770370100.241846
-0.487756,-0.121268,0.968680,7.000000,50.470001,32.900002,1770370100.249839
-0.517036,-0.106872,0.945500,2.310000,44.240002,29.120001,1770370100.257843
-0.538508,-0.096868,0.922808,2.310000,34.790001,26.459999,1770370100.265970
-0.549000,-0.091256,0.915732,-0.910000,26.040001,22.190001,1770370100.273842
-0.551928,-0.087596,0.923540,-2.240000,15.960000,19.320000,1770370100.281839
-0.543632,-0.079544,0.945500,-0.910000,4.830000,15.470000,1770370100.289841
-0.524112,-0.070272,0.962580,-2.240000,-3.640000,10.290000,1770370100.297837
-0.499224,-0.058560,0.967216,-0.420000,-11.690000,8.820000,1770370100.305840
-0.466772,-0.040992,0.961848,0.210000,-19.879999,2.100000,1770370100.313917
-0.433100,-0.032696,0.957456,2.660000,-26.040001,2.800000,1770370100.321859
-0.402844,-0.020984,0.958920,5.250000,-30.030001,-5.040000,1770370100.329847
-0.372344,-0.004148,0.971608,3.920000,-32.619999,-4.970000,1770370100.337833
-0.354044,0.006588,0.998692,4.550000,-31.570000,-9.310000,1770370100.345840
-0.335500,0.011712,1.009916,5.320000,-30.520000,-10.500000,1770370100.353823
-0.317932,0.002196,0.994788,5.670000,-27.510000,-11.690000,1770370100.362003
-0.303048,-0.018788,0.955992,6.230000,-28.559999,-13.160000,1770370100.369836
-0.280844,-0.046116,0.920124,11.550000,-26.600000,-11.900000,1770370100.377832
-0.260348,-0.051240,0.914268,13.020000,-26.809999,-12.040000,1770370100.385834
-0.241804,-0.025376,0.952088,15.890000,-24.290001,-11.130000,1770370100.393942
-0.240096,-0.002196,0.997472,15.540000,-22.469999,-10.920000,1770370100.401877
-0.239852,0.014396,1.023092,16.170000,-21.700001,-13.720000,1770370100.409844
-0.243512,0.033672,1.040660,13.230000,-18.129999,-11.130000,1770370100.418497
-0.236680,0.045140,1.046028,11.200000,-16.170000,-13.650000,1770370100.425971
-0.224724,0.054900,1.051152,4.550000,-13.230000,-11.130000,1770370100.433835
-0.204472,0.059780,1.047492,-0.980000,-13.440000,-14.490000,1770370100.441852
-0.180804,0.047336,1.043588,-1.540000,-13.020000,-14.210000,1770370100.449845
-0.154940,0.033916,1.045296,-6.580000,-12.810000,-8.750000,1770370100.457846
-0.132980,0.016592,1.048956,-4.970000,-14.910000,-8.540000,1770370100.465929
-0.115168,0.010248,1.047492,-4.970000,-15.260000,-5.740000,1770370100.473876
-0.099552,0.002684,1.040904,-6.020000,-13.510000,-5.880000,1770370100.481847
-0.094428,0.000000,1.034316,-2.100000,-11.340000,-3.150000,1770370100.489960
-0.094672,0.007808,1.035048,0.210000,-7.420000,-3.850000,1770370100.497848
-0.108580,0.023424,1.026996,0.140000,-1.050000,-3.500000,1770370100.505845
-0.131272,0.034892,1.019676,-0.630000,7.840000,-7.000000,1770370100.513847
-0.166652,0.039528,1.006500,-3.780000,15.330000,-5.110000,1770370100.521921
-0.199592,0.035868,1.001620,-1.470000,19.600000,-11.620000,1770370100.529854
-0.230824,0.026108,1.001376,-4.270000,23.030001,-7.420000,1770370100.537841
-0.259616,0.012444,1.007232,-3.710000,24.150000,-11.830000,1770370100.545848
-0.282552,-0.007564,1.016992,-4.130000,21.910000,-12.390000,1770370100.553834
-0.295728,-0.021716,1.027484,-2.450000,16.590000,-13.090000,1770370100.561881
-0.306464,-0.036600,1.029924,1.330000,9.730000,-13.650000,1770370100.569856
-0.310612,-0.043676,1.027728,0.700000,3.920000,-13.090000,1770370100.577939
-0.307928,-0.049044,1.021140,4.550000,-2.310000,-14.350000,1770370100.585840
-0.301096,-0.045140,1.013088,3.570000,-6.300000,-14.700000,1770370100.593921
-0.285968,-0.033184,1.005280,0.910000,-7.700000,-18.129999,1770370100.601857
-0.268156,-0.025376,1.001132,3.080000,-9.520000,-16.870001,1770370100.609860
-0.253516,-0.019032,0.999424,-1.680000,-10.640000,-18.969999,1770370100.617830
-0.234240,-0.021472,0.995032,-2.030000,-8.260000,-20.020000,1770370100.625855
-0.220576,-0.021716,0.993080,-2.800000,-7.350000,-18.480000,1770370100.633842
-0.206180,-0.033428,1.001620,-6.440000,-7.070000,-18.620001,1770370100.641851
-0.196664,-0.041724,1.012600,-1.540000,-6.300000,-20.790001,1770370100.649846
-0.191296,-0.050020,1.013576,-1.680000,-6.650000,-19.879999,1770370100.657901
-0.185440,-0.049532,1.013332,1.680000,-6.930000,-17.639999,1770370100.665853
-0.173972,-0.042944,1.005036,0.350000,-7.070000,-18.340000,1770370100.673865
-0.166896,-0.034160,0.998936,0.980000,-8.050000,-16.520000,1770370100.681850
-0.158844,-0.022448,0.997472,5.180000,-7.980000,-17.990000,1770370100.689844
-0.153476,-0.016592,1.007720,1.120000,-6.020000,-16.870001,1770370100.697864
-0.150548,-0.010248,1.024068,5.880000,-4.270000,-15.540000,1770370100.705843
-0.151036,0.003904,1.024556,3.570000,-1.400000,-15.400000,1770370100.713832
-0.155672,0.016104,1.021384,3.360000,0.840000,-14.980000,1770370100.721881
-0.160308,0.021228,1.005768,3.990000,1.190000,-18.900000,1770370100.729862
-0.162016,0.018300,1.000888,-1.190000,2.730000,-14.420000,1770370100.737842
-0.166408,0.017080,1.002108,-0.700000,4.620000,-17.219999,1770370100.745852
-0.172020,0.011224,1.005524,-1.190000,5.600000,-13.510000,1770370100.753871
-0.181048,0.007076,1.010404,-3.570000,6.160000,-15.750000,1770370100.761993
-0.192516,0.001952,1.006988,2.380000,7.140000,-15.610000,1770370100.769860
-0.204228,0.003416,1.002596,-2.870000,6.860000,-10.150000,1770370100.777851
-0.211792,0.005368,0.988200,-0.420000,5.740000,-10.920000,1770370100.785844
-0.217648,0.002928,0.986248,1.750000,6.510000,-9.590000,1770370100.793888
-0.223504,0.002440,0.980392,-0.350000,3.710000,-12.810000,1770370100.801865
-0.223504,0.003904,0.978684,3.220000,2.310000,-9.800000,1770370100.809844
-0.216916,0.001708,0.977952,0.210000,1.470000,-12.600000,1770370100.817842
-0.212768,-0.002440,0.986004,2.870000,-0.840000,-10.780000,1770370100.825877
-0.212280,-0.011224,0.995764,0.770000,-1.190000,-12.110000,1770370100.833850
-0.205936,-0.014396,1.008452,0.420000,0.490000,-10.500000,1770370100.841850
-0.207644,-0.016592,1.008208,5.040000,0.070000,-8.890000,1770370100.849848
-0.205936,-0.014152,1.002840,3.920000,0.210000,-5.180000,1770370100.858271
-0.206912,-0.012200,0.996740,1.330000,1.750000,-7.980000,1770370100.865846
-0.209352,-0.014396,0.993324,2.590000,2.730000,-7.490000,1770370100.873835
-0.211548,-0.013420,1.001376,-0.420000,2.520000,-6.230000,1770370100.881850
-0.205448,-0.018056,1.006988,3.570000,2.380000,-6.090000,1770370100.889848
-0.206912,-0.020984,1.018212,0.000000,1.610000,-5.320000,1770370100.897898
-0.207888,-0.014884,1.021384,1.750000,1.680000,-3.640000,1770370100.905857
-0.210328,-0.009272,1.024312,2.030000,1.400000,-4.620000,1770370100.913844
-0.214232,-0.003172,1.018700,-0.350000,0.420000,-4.410000,1770370100.921867
-0.213500,-0.006100,1.012600,2.170000,-0.490000,-5.320000,1770370100.929899
-0.211304,-0.011956,1.000156,-0.700000,-1.260000,-5.670000,1770370100.937848
-0.209840,-0.017568,0.990640,0.140000,-1.260000,-3.500000,1770370100.945855
-0.199104,-0.022692,0.984296,-1.540000,-2.730000,-7.000000,1770370100.953875
-0.199836,-0.030256,0.986004,-1.960000,-1.400000,-2.940000,1770370100.961840
-0.193736,-0.034892,0.988200,0.770000,-1.050000,-6.860000,1770370100.969908
-0.191052,-0.033916,0.994544,0.140000,1.260000,-5.530000,1770370100.977858
-0.191296,-0.037332,1.002352,1.470000,3.150000,-4.970000,1770370100.985868
-0.191540,-0.037576,1.003084,-0.980000,4.760000,-5.320000,1770370100.993858
-0.196908,-0.038308,1.007476,-0.910000,7.000000,-2.870000,1770370101.001863
-0.200080,-0.042944,1.008940,2.800000,6.860000,-4.970000,1770370101.009887
-0.208376,-0.043432,1.013088,-0.630000,8.470000,-2.800000,1770370101.017845
-0.217648,-0.044164,1.014064,0.560000,9.170000,-3.990000,1770370101.025871
-0.226432,-0.044896,1.019676,1.470000,8.820000,-2.940000,1770370101.033858
-0.237168,-0.043432,1.029436,-0.910000,9.170000,-3.640000,1770370101.041854
-0.247660,-0.036844,1.037000,1.540000,8.120000,-2.730000,1770370101.049849
-0.253028,-0.033184,1.029436,-0.210000,7.140000,-2.590000,1770370101.058549
-0.254980,-0.033428,1.025044,3.080000,5.810000,-0.140000,1770370101.066053
-0.257908,-0.033428,1.025288,-0.210000,4.340000,-1.960000,1770370101.073970
-0.258152,-0.028548,1.021628,-1.120000,2.030000,-1.820000,1770370101.081975
-0.258640,-0.026596,1.017236,2.100000,0.700000,-4.970000,1770370101.089852
-0.253272,-0.017568,1.020164,-0.560000,-1.190000,-1.960000,1770370101.097858
-0.252296,-0.017812,1.020408,1.190000,-1.400000,-2.870000,1770370101.105842
-0.248148,-0.014152,1.016016,-1.470000,-1.750000,-3.430000,1770370101.113902
-0.243756,-0.018056,1.011624,-1.050000,-1.400000,-2.940000,1770370101.121848
-0.241316,-0.015616,1.014064,2.100000,-1.820000,-3.850000,1770370101.129851
-0.238144,-0.022204,1.010648,-2.030000,-3.640000,-3.640000,1770370101.137849
-0.235948,-0.026108,1.010404,0.350000,-3.430000,-1.330000,1770370101.145968
-0.233020,-0.025864,1.008696,-0.350000,-3.500000,-3.500000,1770370101.153847
-0.224724,-0.031232,1.003084,-0.910000,-3.290000,-4.620000,1770370101.161851
-0.219844,-0.030500,0.996740,-0.070000,-4.830000,-2.240000,1770370101.170355
-0.213256,-0.035136,0.991372,-0.560000,-3.150000,-4.270000,1770370101.177857
-0.207644,-0.031232,0.992836,1.540000,-4.410000,0.070000,1770370101.185848
-0.207644,-0.027328,0.989908,-1.470000,-2.730000,-1.120000,1770370101.193843
-0.207644,-0.024400,0.990884,0.070000,-1.610000,-1.400000,1770370101.201917
-0.205204,-0.022692,0.994788,0.350000,-0.910000,-1.470000,1770370101.209847
-0.210572,-0.020740,1.001620,-0.980000,1.960000,-2.940000,1770370101.217846
-0.212036,-0.022448,1.002352,-0.910000,2.170000,1.190000,1770370101.225851
-0.216184,-0.025864,1.007964,-2.170000,4.270000,-3.850000,1770370101.233863
-0.222284,-0.029280,1.007232,-1.120000,3.150000,-0.770000,1770370101.241849
-0.227652,-0.028060,1.009184,0.420000,4.270000,1.260000,1770370101.249838
-0.231556,-0.025864,1.012844,-1.680000,4.130000,-1.050000,1770370101.257838
-0.237900,-0.024156,1.012844,0.910000,4.060000,0.560000,1770370101.265839
-0.244732,-0.020984,1.010404,0.560000,2.520000,1.190000,1770370101.273848
-0.244732,-0.020008,1.010404,-1.260000,2.380000,1.120000,1770370101.281890
-0.247416,-0.016592,1.011380,1.260000,1.540000,-2.030000,1770370101.289865
-0.248880,-0.015860,1.007476,-0.210000,0.140000,-0.560000,1770370101.297842
-0.247904,-0.014640,1.003816,-0.210000,-0.980000,-0.070000,1770370101.305836
-0.245220,-0.019520,1.003816,2.660000,-0.840000,-2.520000,1770370101.313839
-0.242292,-0.024644,1.005524,-0.910000,-1.330000,0.980000,1770370101.321873
-0.242048,-0.027328,1.008940,3.780000,-2.310000,-3.500000,1770370101.329887
-0.241316,-0.027084,1.010648,-0.210000,-2.380000,2.870000,1770370101.337832
-0.236192,-0.027572,1.009672,-0.210000,-2.590000,-1.960000,1770370101.345836
-0.234728,-0.026840,1.004304,0.000000,-2.170000,0.000000,1770370101.353838
-0.232532,-0.026352,1.005036,0.000000,-2.590000,-0.490000,1770370101.361854
-0.224480,-0.025132,1.002108,-0.910000,-2.940000,-1.260000,1770370101.369827
-0.222040,-0.027084,1.006256,0.630000,-2.170000,-1.890000,1770370101.377879
-0.219844,-0.029768,1.002840,-0.560000,-1.680000,-1.470000,1770370101.385840
-0.219356,-0.030500,1.006012,0.560000,-0.630000,-0.560000,1770370101.393962
-0.219600,-0.029036,1.006988,-1.120000,1.820000,-2.030000,1770370101.401846
-0.225700,-0.026596,1.003084,0.560000,1.400000,-1.050000,1770370101.409846
-0.228384,-0.024156,1.002108,0.420000,1.820000,1.120000,1770370101.417849
-0.227408,-0.023912,1.000400,1.120000,1.820000,0.420000,1770370101.425892
-0.235460,-0.022204,0.999912,0.210000,0.700000,0.630000,1770370101.433990
-0.236924,-0.021228,0.998936,-0.420000,1.680000,0.000000,1770370101.441849
-0.236924,-0.020984,0.996008,1.330000,-0.420000,1.820000,1770370101.449849
-0.235216,-0.020740,0.996252,1.120000,0.490000,-0.140000,1770370101.457842
-0.237168,-0.018300,1.001376,2.450000,-2.870000,1.960000,1770370101.465928
-0.235216,-0.017812,1.003572,1.330000,-1.050000,0.840000,1770370101.473872
-0.235460,-0.019032,1.007476,-0.700000,0.070000,-0.700000,1770370101.481856
-0.236924,-0.015128,1.006988,1.470000,-0.840000,3.150000,1770370101.489847
-0.233508,-0.011468,1.008696,1.680000,-0.910000,0.280000,1770370101.497874
-0.236192,-0.009516,1.006988,0.070000,-1.820000,1.330000,1770370101.505918
-0.234240,-0.010736,1.005036,0.000000,-2.380000,-1.120000,1770370101.513873
-0.231312,-0.012444,1.007476,-1.680000,-0.840000,-0.140000,1770370101.521847
-0.227896,-0.017324,1.006500,2.240000,-2.030000,-1.050000,1770370101.529872
-0.224480,-0.019276,1.009184,-1.470000,-1.190000,-1.610000,1770370101.537962
-0.223016,-0.020984,1.011380,1.260000,-1.610000,1.890000,1770370101.545875
-0.225212,-0.022936,1.009184,0.210000,-0.980000,-3.290000,1770370101.553849
-0.224724,-0.023424,1.009672,-0.280000,-0.490000,-1.750000,1770370101.561849
-0.223016,-0.025376,1.013332,0.770000,-0.630000,-3.710000,1770370101.569844
-0.224236,-0.027816,1.013332,0.910000,0.140000,-0.560000,1770370101.577953
-0.228872,-0.027572,1.012356,-0.770000,0.350000,-0.280000,1770370101.585874
-0.228140,-0.027572,1.011624,-0.560000,-0.420000,-2.730000,1770370101.593848
-0.227896,-0.028792,1.011868,-2.310000,0.070000,-1.610000,1770370101.601846
-0.228140,-0.031720,1.009428,1.750000,-0.910000,-4.830000,1770370101.609823
-0.227164,-0.028060,1.005280,0.700000,-0.420000,-1.820000,1770370101.617959
-0.225944,-0.023912,1.004792,-0.070000,-0.070000,-0.700000,1770370101.625856
-0.226432,-0.023912,1.000400,-0.420000,-0.700000,-2.170000,1770370101.633845
-0.224724,-0.026840,0.997228,0.490000,0.630000,-1.470000,1770370101.641888
-0.224480,-0.027572,0.997472,1.120000,-0.980000,-3.710000,1770370101.649847
-0.224480,-0.025620,0.994544,-1.120000,0.700000,-1.960000,1770370101.657942
-0.225944,-0.030988,0.995276,3.010000,0.070000,-1.960000,1770370101.665868
-0.227652,-0.027084,0.992348,0.770000,-0.840000,-4.270000,1770370101.673869
-0.230580,-0.030988,0.992592,0.210000,1.050000,-3.080000,1770370101.681860
-0.228872,-0.030744,0.994544,2.870000,-0.700000,-1.190000,1770370101.689847
-0.230092,-0.033916,0.997228,1.330000,-0.210000,-3.640000,1770370101.697952
-0.229116,-0.031720,1.003816,2.870000,0.070000,-2.380000,1770370101.705864
-0.230580,-0.034892,1.004304,1.680000,-0.070000,-3.150000,1770370101.713892
-0.232288,-0.032696,1.002352,0.490000,0.490000,-2.030000,1770370101.721858
-0.229360,-0.032696,1.004060,3.430000,-0.490000,-6.090000,1770370101.729847
-0.228628,-0.030988,1.009672,-0.700000,-0.140000,-3.640000,1770370101.737847
-0.228384,-0.029280,1.010160,0.700000,-0.490000,-2.170000,1770370101.745846
-0.227408,-0.027816,1.013332,-2.450000,0.140000,-2.730000,1770370101.753933
-0.230580,-0.027572,1.017968,-1.540000,0.630000,-2.590000,1770370101.761871
-0.233264,-0.029768,1.017480,0.980000,0.420000,-6.300000,1770370101.769845
-0.233996,-0.031720,1.009428,-2.240000,0.980000,-4.760000,1770370101.777852
-0.233264,-0.031720,1.004792,1.540000,0.070000,-3.850000,1770370101.785871
-0.233020,-0.031232,1.000400,-0.910000,0.280000,-4.900000,1770370101.793834
-0.233508,-0.024400,0.997716,-1.190000,0.700000,-2.870000,1770370101.801850
-0.233752,-0.020252,1.002840,3.220000,-0.280000,-4.550000,1770370101.809849
-0.231312,-0.014152,1.009672,1.330000,-0.140000,-3.150000,1770370101.817841
-0.230580,-0.007320,1.011868,0.980000,0.420000,-3.920000,1770370101.825858
-0.233752,-0.003416,1.013332,1.330000,-0.490000,-4.410000,1770370101.833863
-0.233508,-0.003416,1.010404,-0.770000,0.630000,-2.730000,1770370101.841866
-0.233996,-0.003904,1.009916,1.750000,0.280000,-5.530000,1770370101.849849
-0.233996,-0.006832,1.011380,-1.190000,-1.470000,-4.620000,1770370101.857859
-0.235216,-0.010736,1.008696,1.190000,-0.840000,-3.430000,1770370101.865939
-0.230824,-0.015372,1.011624,1.470000,-0.980000,-4.830000,1770370101.873876
-0.233020,-0.019032,1.010892,-0.560000,-0.770000,-1.820000,1770370101.881899
-0.229116,-0.019764,1.013820,2.520000,-1.540000,-5.040000,1770370101.889853
-0.227652,-0.020496,1.013088,0.000000,-1.400000,-1.190000,1770370101.897859
-0.227164,-0.020496,1.018456,2.870000,-1.190000,-1.400000,1770370101.906047
-0.224236,-0.023180,1.019920,0.700000,-1.750000,0.350000,1770370101.913842
-0.225212,-0.021960,1.020652,2.310000,-3.080000,-0.350000,1770370101.922188
-0.223260,-0.019276,1.016992,1.890000,-1.470000,-2.590000,1770370101.929904
-0.224236,-0.017568,1.011380,0.000000,-1.470000,-0.070000,1770370101.937843
-0.224968,-0.014396,1.002596,0.000000,-1.260000,-2.520000,1770370101.945965
-0.226188,-0.014152,0.994300,-2.100000,-0.630000,-1.750000,1770370101.953845
-0.226920,-0.016104,0.989664,-2.660000,0.070000,-0.700000,1770370101.961849
-0.230580,-0.013664,0.988688,1.820000,-1.470000,-3.360000,1770370101.969834
-0.227408,-0.021228,0.989908,-3.010000,0.280000,0.000000,1770370101.977840
-0.226676,-0.019032,0.993812,1.120000,-1.050000,-1.680000,1770370101.985861
-0.224480,-0.022448,1.001376,0.000000,-0.980000,-1.400000,1770370101.993870
-0.227164,-0.024888,1.004548,-3.010000,-1.190000,-2.800000,1770370102.001845
-0.228628,-0.028060,1.003572,0.560000,-0.630000,-1.120000,1770370102.009848
-0.225212,-0.034160,1.002596,-0.210000,-0.910000,-0.630000,1770370102.017854
-0.225456,-0.036356,1.001864,1.890000,-0.070000,-1.400000,1770370102.025902
-0.225944,-0.032208,1.009916,-1.120000,1.470000,0.980000,1770370102.033862
-0.229360,-0.029280,1.012600,-2.030000,1.610000,-0.350000,1770370102.041853
-0.229604,-0.027816,1.011624,1.960000,1.470000,-1.680000,1770370102.050002
-0.235216,-0.024400,1.006744,-0.420000,0.840000,-0.140000,1770370102.058055
-0.237412,-0.023668,1.006256,1.680000,0.630000,-1.610000,1770370102.066062
-0.241560,-0.022448,1.006256,0.000000,1.050000,-1.960000,1770370102.074121
-0.241804,-0.019276,1.009428,-1.260000,1.400000,-1.260000,1770370102.081881
-0.243024,-0.020496,1.009428,2.660000,0.070000,-1.050000,1770370102.089859
-0.244000,-0.027084,1.009916,-1.540000,1.540000,-0.980000,1770370102.097930
-0.247172,-0.027816,1.011868,0.770000,0.700000,-1.400000,1770370102.105868
-0.242292,-0.027328,1.007232,1.890000,-0.490000,-1.610000,1770370102.113844
-0.243512,-0.025864,1.003328,-1.330000,-0.280000,-0.490000,1770370102.121839
-0.245220,-0.022936,1.000888,0.350000,-1.260000,-0.700000,1770370102.130095
-0.240584,-0.021228,1.000400,-0.630000,-1.400000,-0.070000,1770370102.137859
-0.237656,-0.021716,1.003328,-0.980000,-1.540000,-1.260000,1770370102.145847
-0.235460,-0.024156,1.004304,-1.750000,-1.820000,-0.630000,1770370102.153858
-0.234240,-0.024156,1.006744,-0.980000,-0.350000,-2.240000,1770370102.161849
-0.236680,-0.026108,1.003328,1.680000,-2.730000,-3.290000,1770370102.169844
-0.231800,-0.027328,1.002840,-0.630000,-2.520000,-1.120000,1770370102.177908
-0.231800,-0.029036,1.002840,1.400000,-1.820000,-0.280000,1770370102.185856
-0.231068,-0.031232,0.997716,0.210000,-2.170000,-0.910000,1770370102.193844
-0.233508,-0.027572,1.005768,-1.120000,-0.630000,-1.470000,1770370102.201842
-0.230092,-0.020740,1.011136,0.910000,-1.400000,-3.710000,1770370102.209833
-0.232776,-0.019032,1.010648,0.420000,-0.980000,-0.490000,1770370102.217846
-0.231312,-0.016104,1.011380,0.980000,-1.750000,-2.590000,1770370102.225947
-0.234240,-0.020740,1.002596,-0.210000,-1.190000,0.350000,1770370102.233863
-0.231068,-0.021716,1.002352,-1.680000,-0.840000,-1.050000,1770370102.241835
-0.231312,-0.023424,1.005280,0.980000,-1.960000,-3.290000,1770370102.249871
-0.226676,-0.022204,1.004548,-1.680000,0.630000,-1.470000,1770370102.258002
-0.227408,-0.020740,1.006988,0.000000,-1.050000,-1.120000,1770370102.265837
-0.226188,-0.024888,1.009428,-1.680000,-0.350000,-2.450000,1770370102.273843
-0.226920,-0.027084,1.007964,0.000000,-0.630000,-2.800000,1770370102.281841
-0.226432,-0.024888,1.008696,1.120000,-1.400000,-3.640000,1770370102.289849
-0.230092,-0.020984,1.006744,0.000000,-2.170000,-0.630000,1770370102.297918
-0.226920,-0.021960,1.004304,1.260000,-0.700000,-1.820000,1770370102.305857
-0.227408,-0.021716,1.003816,0.000000,0.420000,-1.680000,1770370102.313845
-0.231556,-0.020740,1.004060,-2.030000,1.610000,-3.500000,1770370102.321840
-0.236436,-0.020008,1.004792,1.120000,0.560000,-0.770000,1770370102.329934
-0.238876,-0.019032,1.005036,-0.140000,0.490000,-1.260000,1770370102.337847
-0.243024,-0.023424,1.004060,0.280000,0.280000,-2.170000,1770370102.345842
-0.243268,-0.022204,1.006988,0.000000,-0.700000,-0.700000,1770370102.353841
-0.245220,-0.024156,1.002596,0.140000,-0.700000,-0.490000,1770370102.362239
-0.244000,-0.021472,1.003328,0.770000,-0.980000,-0.350000,1770370102.369876
-0.241072,-0.021960,1.003328,1.470000,-1.960000,-1.470000,1770370102.377835
-0.239608,-0.020984,1.003816,0.770000,-1.540000,0.210000,1770370102.385853
-0.237168,-0.018056,1.003572,2.030000,-2.030000,-1.470000,1770370102.393850
-0.237412,-0.015860,1.004792,-0.630000,-1.750000,-2.030000,1770370102.401911
-0.236436,-0.016836,0.999424,2.660000,-2.170000,-1.470000,1770370102.409846
-0.240828,-0.015128,0.996496,0.560000,-1.960000,-4.970000,1770370102.417847
-0.242048,-0.018300,0.995764,1.890000,-0.490000,-1.610000,1770370102.425995
-0.238144,-0.018300,0.996496,1.330000,-1.120000,-4.270000,1770370102.433843
-0.236192,-0.019764,0.996740,-0.700000,-0.840000,-3.150000,1770370102.441854
-0.237900,-0.022204,0.998936,1.540000,-0.490000,-3.500000,1770370102.449906
-0.232776,-0.024400,0.999912,0.420000,-0.840000,-2.170000,1770370102.457853
-0.234728,-0.026108,1.002840,-1.330000,-0.630000,-1.470000,1770370102.465851
-0.232288,-0.027572,1.002352,0.980000,-1.400000,-3.150000,1770370102.473851
-0.233996,-0.028060,1.006256,0.770000,-2.380000,0.700000,1770370102.481847
-0.233264,-0.024644,1.007964,0.630000,-1.190000,-1.680000,1770370102.489969
-0.233752,-0.024156,1.008452,1.400000,-0.070000,-6.650000,1770370102.497852
-0.229360,-0.026840,1.004304,1.190000,-0.490000,-1.120000,1770370102.505847
-0.233020,-0.030012,1.002108,1.120000,-1.610000,-4.760000,1770370102.513878
-0.229848,-0.025376,1.005036,0.910000,-1.400000,-1.120000,1770370102.521840
-0.226920,-0.024156,1.007232,0.420000,-1.610000,0.420000,1770370102.530230
-0.226920,-0.020496,1.010160,1.540000,-0.840000,-1.470000,1770370102.537850
-0.229116,-0.020008,1.000644,2.310000,-0.840000,-1.750000,1770370102.545846
-0.230092,-0.023424,1.003816,-0.560000,-1.820000,-3.080000,1770370102.553842
-0.231068,-0.020740,1.002352,-1.540000,-0.350000,-2.240000,1770370102.561941
-0.233020,-0.020740,1.012844,1.890000,-0.070000,-5.040000,1770370102.569894
-0.237168,-0.018544,1.016748,0.000000,1.260000,-0.490000,1770370102.577929
-0.239608,-0.017080,1.013332,0.840000,0.630000,-1.400000,1770370102.585860
-0.241560,-0.016104,1.010648,1.330000,0.140000,-4.060000,1770370102.593849
-0.245952,-0.017812,1.008208,-0.350000,-0.280000,-1.890000,1770370102.601848
-0.243268,-0.012688,1.005280,3.920000,-0.140000,-6.580000,1770370102.609876
-0.240340,-0.011468,1.007232,0.910000,-0.140000,0.000000,1770370102.617982
-0.239608,-0.005124,1.007964,1.890000,-0.280000,-1.610000,1770370102.625827
-0.236680,-0.004880,1.004548,1.540000,-0.490000,-1.050000,1770370102.633862
-0.239120,-0.009760,1.003572,-0.560000,-0.210000,-1.400000,1770370102.641863
-0.235216,-0.014884,1.001864,1.820000,-1.330000,-4.270000,1770370102.649833
-0.239364,-0.020008,1.004060,-0.560000,-0.630000,-1.120000,1770370102.657838
-0.235948,-0.026108,1.003572,-2.240000,-0.910000,-3.850000,1770370102.665845
-0.234484,-0.028304,1.000888,1.260000,-1.190000,0.210000,1770370102.674046
-0.237656,-0.029768,1.001620,-1.330000,0.490000,-4.270000,1770370102.681866
-0.237656,-0.030500,0.998692,1.120000,-1.050000,-2.940000,1770370102.689880
-0.241072,-0.027816,0.997960,-1.190000,0.140000,0.700000,1770370102.697859
-0.239364,-0.025132,0.995764,0.700000,0.140000,-2.380000,1770370102.705852
-0.241804,-0.027572,0.995520,-0.350000,-1.400000,-0.140000,1770370102.713877
-0.240340,-0.029768,0.995276,-0.560000,-1.050000,-1.890000,1770370102.721846
-0.240828,-0.030256,0.998204,0.350000,-1.260000,-2.030000,1770370102.729863
-0.235460,-0.032696,0.994300,0.910000,-1.610000,-0.770000,1770370102.737854
-0.236436,-0.033916,0.994056,0.700000,-2.730000,-3.710000,1770370102.745880
-0.233752,-0.035868,0.992104,1.120000,-2.940000,0.910000,1770370102.753829
-0.231556,-0.033184,0.995032,1.890000,-0.840000,-3.290000,1770370102.761949
-0.228140,-0.034404,1.000644,0.140000,-1.260000,-1.260000,1770370102.769852
-0.225944,-0.033916,1.003572,3.010000,-1.610000,-1.820000,1770370102.778074
-0.230580,-0.033672,1.004304,1.470000,-2.030000,-6.720000,1770370102.785836
-0.229848,-0.029768,1.009672,0.910000,-1.190000,-1.610000,1770370102.793852
-0.230580,-0.024644,1.013820,-1.120000,0.350000,-5.180000,1770370102.801845
-0.229604,-0.023180,1.018456,0.070000,0.770000,-1.680000,1770370102.809849
-0.228140,-0.022692,1.019676,0.210000,0.700000,0.210000,1770370102.817913
-0.233996,-0.020740,1.022848,-0.560000,-0.350000,-3.500000,1770370102.825851
-0.234240,-0.021228,1.018700,0.350000,0.700000,-2.310000,1770370102.833848
-0.233996,-0.018788,1.011136,-1.190000,0.490000,-4.200000,1770370102.841867
-0.237656,-0.020008,1.007720,0.980000,-0.560000,-3.150000,1770370102.849850
-0.237900,-0.015372,1.002108,-0.350000,-0.700000,-2.590000,1770370102.857848
-0.234484,-0.014884,0.995764,-0.350000,-0.350000,-0.490000,1770370102.865855
-0.233996,-0.016104,0.995764,-1.190000,-1.960000,-2.730000,1770370102.873833
-0.231800,-0.017324,0.990152,-0.420000,-2.030000,-1.820000,1770370102.881855
-0.228628,-0.016348,0.989908,-0.980000,-0.980000,-2.590000,1770370102.889854
-0.225456,-0.012444,0.987224,1.470000,-0.840000,-2.800000,1770370102.897900
-0.222772,-0.011224,0.991372,0.700000,-0.840000,-3.150000,1770370102.905852
-0.225944,-0.012932,0.997228,1.190000,-1.750000,-1.750000,1770370102.913850
-0.226676,-0.012200,0.999180,-0.490000,-0.280000,-1.260000,1770370102.921850
-0.231312,-0.012932,1.004792,1.540000,0.700000,-6.790000,1770370102.929900
-0.230336,-0.015860,1.008940,-0.560000,0.630000,1.750000,1770370102.937865
-0.235216,-0.017568,1.011136,0.210000,1.400000,-4.270000,1770370102.945858
-0.237412,-0.016836,1.013088,1.960000,1.050000,-1.680000,1770370102.953852
-0.241560,-0.021716,1.008940,-2.240000,0.840000,-4.410000,1770370102.961873
-0.241560,-0.022448,1.009428,3.430000,-0.280000,-3.710000,1770370102.969879
-0.239120,-0.024644,1.009672,-0.210000,0.280000,-3.850000,1770370102.977876
-0.236192,-0.026596,1.005036,-1.330000,-0.630000,-3.640000,1770370102.985847
-0.237412,-0.026596,1.007720,0.350000,-1.540000,-1.820000,1770370102.993850
-0.233996,-0.029280,1.008208,-1.750000,-2.310000,-2.870000,1770370103.001861
-0.236680,-0.027328,1.005768,1.540000,-2.100000,-4.830000,1770370103.009845
-0.233996,-0.027572,1.006988,0.070000,-2.590000,-5.320000,1770370103.017850
-0.231556,-0.028304,1.002108,-0.140000,-1.540000,-4.970000,1770370103.025881
-0.233264,-0.027084,0.998936,0.140000,-0.630000,-2.870000,1770370103.033859
-0.229848,-0.026352,1.003084,-1.470000,-1.750000,-4.060000,1770370103.041850
-0.230580,-0.026108,1.005036,3.220000,-1.610000,-4.970000,1770370103.049849
-0.231312,-0.027084,1.007720,-0.350000,-1.890000,-4.200000,1770370103.058536
-0.228384,-0.027572,1.012112,1.540000,-1.610000,-0.700000,1770370103.066142
-0.228628,-0.024644,1.013820,1.890000,-0.840000,-3.500000,1770370103.073971
-0.229116,-0.021228,1.017968,-0.980000,-0.840000,-4.410000,1770370103.081876
-0.229848,-0.019032,1.021384,3.430000,-0.980000,-3.290000,1770370103.089857
-0.226432,-0.019520,1.016992,0.490000,-0.630000,-3.850000,1770370103.097982
-0.230092,-0.018544,1.015528,0.420000,-1.190000,-2.730000,1770370103.105846
-0.228140,-0.018056,1.015284,0.630000,-1.470000,-3.150000,1770370103.113850
-0.230336,-0.021228,1.013576,-1.750000,-0.840000,-4.200000,1770370103.121880
-0.226432,-0.020740,1.016260,2.660000,-2.870000,-4.970000,1770370103.129858
-0.230580,-0.020496,1.011624,-0.630000,-1.820000,-2.730000,1770370103.137899
-0.230336,-0.019276,1.004792,1.260000,-2.520000,-2.170000,1770370103.145878
-0.231556,-0.018788,0.999180,0.210000,-3.080000,-1.610000,1770370103.153846
-0.231068,-0.017812,0.989176,-2.870000,-1.050000,-3.430000,1770370103.161832
-0.230580,-0.014396,0.987468,2.100000,-1.470000,-2.240000,1770370103.169852
-0.229604,-0.012200,0.990396,-1.540000,-0.910000,-3.710000,1770370103.177865
-0.231312,-0.010492,0.992836,0.210000,-1.400000,-2.030000,1770370103.185863
-0.232288,-0.011468,0.999668,-1.820000,-2.240000,-3.850000,1770370103.193885
-0.231312,-0.014396,0.998448,-2.240000,-1.610000,-1.680000,1770370103.201842
-0.228140,-0.015372,0.996984,0.070000,-2.170000,-3.990000,1770370103.209843
-0.228384,-0.024888,0.994300,-1.190000,-2.240000,-3.570000,1770370103.217843
-0.223992,-0.031232,0.996008,0.000000,-1.960000,-1.610000,1770370103.225848
-0.218624,-0.030256,1.001132,0.210000,-1.190000,-3.850000,1770370103.234037
-0.213012,-0.026596,1.005524,0.210000,-0.490000,-1.120000,1770370103.241849
-0.216672,-0.022448,1.014064,2.520000,-0.490000,-5.320000,1770370103.249847
-0.219356,-0.023424,1.019188,-0.560000,-1.190000,-3.080000,1770370103.257846
-0.223016,-0.023424,1.020164,1.190000,-0.140000,-1.470000,1770370103.265812
-0.229604,-0.026352,1.017480,1.750000,-0.350000,-1.540000,1770370103.273842
-0.233508,-0.028548,1.018944,-0.280000,1.400000,-1.890000,1770370103.281841
-0.230824,-0.027084,1.016992,3.430000,-0.140000,-4.760000,1770370103.289842
-0.237412,-0.029524,1.014064,0.210000,-0.140000,-1.820000,1770370103.297892
-0.239608,-0.029280,1.015528,0.210000,-0.700000,-4.200000,1770370103.305842
-0.237412,-0.029524,1.010892,0.560000,-1.540000,0.000000,1770370103.313844
-0.231556,-0.030500,1.003572,-0.770000,-0.700000,-4.060000,1770370103.321839
-0.235216,-0.029036,1.001620,0.350000,-0.490000,-3.220000,1770370103.329840
-0.228628,-0.029768,1.001864,-1.330000,-0.910000,-0.210000,1770370103.337860
-0.233996,-0.030500,1.001376,0.350000,0.070000,-3.290000,1770370103.345844
-0.233020,-0.030012,0.996740,-1.540000,-1.610000,-1.190000,1770370103.353840
-0.233752,-0.030500,1.000156,0.210000,-0.840000,-2.030000,1770370103.362110
-0.232288,-0.030500,0.995032,1.190000,-1.610000,-1.610000,1770370103.369889
-0.236680,-0.025620,0.996252,1.330000,-1.960000,-3.710000,1770370103.377832
-0.235704,-0.026840,0.996008,0.420000,-1.750000,-4.410000,1770370103.385851
-0.234972,-0.025132,1.001132,1.540000,-1.960000,-3.290000,1770370103.393861
-0.236192,-0.024644,1.002840,-0.420000,-0.980000,-3.570000,1770370103.401862
-0.235460,-0.021228,1.004792,2.800000,-2.170000,-2.310000,1770370103.409847
-0.235460,-0.018788,1.008208,1.120000,-1.260000,-3.850000,1770370103.417847
-0.234484,-0.017568,1.009184,-2.590000,-1.260000,-3.080000,1770370103.425889
-0.231312,-0.018788,1.008696,0.840000,-2.590000,-4.480000,1770370103.433903
-0.230580,-0.020496,1.007476,-1.680000,-1.610000,-2.520000,1770370103.441829
-0.228872,-0.024400,1.009428,2.520000,-1.820000,-6.790000,1770370103.449850
-0.227408,-0.026352,1.005280,-1.190000,-2.170000,-3.850000,1770370103.457851
-0.226432,-0.025132,1.001132,0.420000,-1.260000,-3.080000,1770370103.465982
-0.224724,-0.025376,1.003816,1.120000,-2.800000,-3.920000,1770370103.473842
-0.224480,-0.024156,1.004060,-1.330000,-1.260000,-4.830000,1770370103.481850
-0.223992,-0.025132,1.002352,0.980000,-1.820000,-2.520000,1770370103.489850
-0.224724,-0.023668,1.000644,1.400000,-1.540000,-5.180000,1770370103.497898
-0.223992,-0.024888,1.004792,1.330000,-1.260000,-3.010000,1770370103.506042
-0.225700,-0.022936,1.014796,2.240000,-0.910000,-4.340000,1770370103.513849
-0.228628,-0.020008,1.017480,-2.030000,0.070000,-1.470000,1770370103.521848
-0.229116,-0.022692,1.015528,2.520000,-0.350000,-3.990000,1770370103.529845
-0.236192,-0.025620,1.014064,0.210000,-0.280000,-1.960000,1770370103.537861
-0.237168,-0.027084,1.011380,0.770000,-0.420000,-3.220000,1770370103.545827
-0.237656,-0.025132,1.010648,-0.280000,-0.490000,-3.430000,1770370103.553879
-0.235216,-0.022204,1.004304,-0.140000,0.490000,-3.360000,1770370103.561959
-0.233508,-0.021472,1.005036,3.360000,-0.700000,-4.830000,1770370103.569838
-0.229360,-0.021716,1.002840,-0.560000,-1.400000,-4.200000,1770370103.577850
-0.228384,-0.021472,1.004060,2.100000,-1.960000,-2.590000,1770370103.585845
-0.227896,-0.025864,1.000644,0.350000,-1.960000,-4.410000,1770370103.593868
-0.227652,-0.024644,1.002840,0.350000,0.070000,-1.960000,1770370103.601855
-0.228140,-0.024888,1.004304,2.310000,-0.700000,-4.410000,1770370103.609851
-0.226920,-0.024644,1.007964,1.120000,-0.630000,-2.520000,1770370103.617849
-0.228140,-0.022692,1.005280,-1.470000,-0.140000,-2.870000,1770370103.625874
-0.232532,-0.020984,1.007720,-1.120000,-0.490000,-3.360000,1770370103.634094
-0.228140,-0.021228,1.004792,-1.470000,-0.070000,-3.500000,1770370103.641834
-0.229360,-0.018056,1.005524,2.240000,-1.400000,-5.460000,1770370103.649858
-0.230580,-0.015128,1.003084,0.210000,-0.840000,-3.500000,1770370103.657875
-0.230580,-0.017080,1.000156,0.140000,-0.490000,-4.340000,1770370103.665840
-0.233752,-0.019764,1.003328,3.430000,-0.840000,-2.100000,1770370103.673831
-0.229116,-0.017812,1.003084,-1.120000,-1.190000,-1.610000,1770370103.681864
-0.229848,-0.018544,1.005768,2.240000,-1.400000,-4.620000,1770370103.689897
-0.229116,-0.021472,1.007476,2.310000,-1.750000,-1.470000,1770370103.697873
-0.228872,-0.022448,1.006744,1.470000,-0.700000,-2.240000,1770370103.705847
-0.227896,-0.022936,1.007720,0.560000,-1.750000,-2.800000,1770370103.713918
-0.229360,-0.023668,1.002352,-0.770000,-1.190000,-3.290000,1770370103.721859
-0.229116,-0.022448,1.003572,2.870000,-0.840000,-2.520000,1770370103.729919
-0.229604,-0.018300,1.004304,-0.560000,-2.240000,-1.330000,1770370103.737930
-0.229848,-0.020984,1.004792,2.800000,-1.400000,-3.150000,1770370103.745932
-0.227896,-0.021960,1.004548,-0.140000,-2.170000,-1.820000,1770370103.753853
-0.231800,-0.024888,1.004060,-1.680000,-1.820000,-3.500000,1770370103.761844
-0.227652,-0.027816,1.005036,0.910000,-2.240000,-4.480000,1770370103.769842
-0.225700,-0.032208,0.998448,-0.770000,-1.820000,-1.960000,1770370103.777869
-0.224480,-0.030988,0.997228,0.350000,-1.540000,-3.360000,1770370103.785926
-0.222528,-0.035624,0.997960,0.770000,-0.280000,-1.960000,1770370103.793842
-0.220088,-0.035136,0.998448,-0.210000,0.420000,-4.410000,1770370103.801852
-0.222284,-0.036112,1.003328,2.240000,-0.630000,-1.960000,1770370103.809964
-0.223260,-0.033916,1.006988,0.770000,0.280000,-3.990000,1770370103.817844
-0.225700,-0.032940,1.009672,0.770000,0.420000,-1.820000,1770370103.825844
-0.228872,-0.033672,1.010648,0.980000,0.280000,-5.390000,1770370103.833862
-0.227652,-0.030988,1.009916,0.770000,-1.050000,-5.110000,1770370103.841960
-0.229116,-0.030744,1.009916,3.080000,-1.470000,-3.080000,1770370103.849883
-0.230092,-0.032696,1.007964,0.210000,-0.840000,-1.890000,1770370103.857851
-0.230824,-0.030988,1.006012,-0.420000,-0.070000,-2.940000,1770370103.865855
-0.234728,-0.032208,1.009184,-0.560000,0.840000,-3.290000,1770370103.873838
-0.233264,-0.035868,1.004548,-2.240000,-0.700000,-3.430000,1770370103.881885
-0.233020,-0.034648,1.004548,2.870000,-0.630000,-5.040000,1770370103.889851
-0.233996,-0.029768,1.005524,-0.630000,-1.610000,-2.730000,1770370103.897852
-0.232288,-0.026840,1.004548,0.350000,-1.610000,-3.290000,1770370103.905853
-0.228140,-0.023912,1.004548,1.680000,-1.820000,-3.430000,1770370103.913958
-0.229360,-0.024156,1.002596,-0.210000,-1.610000,-2.590000,1770370103.921857
-0.229604,-0.023424,1.004304,1.120000,-1.820000,-3.010000,1770370103.929871
-0.227896,-0.022692,1.001620,-0.490000,-1.540000,-2.940000,1770370103.937896
-0.228140,-0.021960,1.000644,0.910000,-1.540000,-4.480000,1770370103.945893
-0.235948,-0.021228,0.995032,-1.820000,-0.280000,-2.380000,1770370103.953856
-0.233508,-0.019520,0.995032,-0.350000,-0.070000,-3.150000,1770370103.961921
-0.235216,-0.021228,0.993568,0.630000,-0.140000,-6.650000,1770370103.969835
-0.236924,-0.015860,1.002840,-0.770000,-0.140000,-3.710000,1770370103.977941
-0.236436,-0.015128,1.006012,0.980000,-0.490000,-4.760000,1770370103.985839
-0.236924,-0.013664,1.009916,2.520000,-1.610000,-5.460000,1770370103.993846
-0.233752,-0.018300,1.013820,-1.120000,-1.820000,-2.730000,1770370104.001855
-0.233264,-0.020496,1.017724,1.540000,-2.800000,-6.090000,1770370104.009889
-0.229604,-0.023180,1.018212,0.980000,-1.260000,-1.610000,1770370104.017857
-0.230824,-0.018544,1.016504,1.890000,-2.170000,-3.290000,1770370104.025853
-0.228872,-0.019032,1.012112,1.190000,-0.980000,-3.150000,1770370104.033865
-0.226920,-0.017080,1.005768,0.210000,-2.800000,-2.590000,1770370104.041851
-0.221552,-0.018056,1.007232,2.310000,-1.400000,-3.570000,1770370104.049856
-0.223748,-0.020252,1.007964,-0.770000,-0.980000,-3.990000,1770370104.057977
-0.224968,-0.026596,1.005280,2.310000,-0.630000,-0.700000,1770370104.066150
-0.222772,-0.031232,1.001864,-1.680000,0.070000,-5.460000,1770370104.074232
-0.221308,-0.034160,1.001376,-2.800000,0.280000,-3.360000,1770370104.081877
-0.224968,-0.034648,1.002352,0.350000,0.770000,-4.200000,1770370104.089857
-0.221552,-0.033428,1.000156,-0.560000,0.070000,-4.060000,1770370104.097862
-0.225456,-0.032452,1.002108,-0.910000,-0.770000,-2.380000,1770370104.105901
-0.225944,-0.031232,1.000644,2.240000,-0.140000,-3.290000,1770370104.113877
-0.228140,-0.028792,1.001132,-1.330000,0.280000,-2.170000,1770370104.121841
-0.230580,-0.026108,1.002596,2.240000,0.770000,-5.530000,1770370104.129860
-0.231312,-0.024644,1.007476,-1.820000,0.350000,-1.470000,1770370104.138127
-0.231312,-0.021472,1.009428,0.910000,-0.700000,-3.080000,1770370104.145828
-0.230824,-0.021228,1.009916,0.770000,0.280000,-2.240000,1770370104.153845
-0.231800,-0.022936,1.011868,-1.890000,0.490000,-0.560000,1770370104.161841
-0.235216,-0.024888,1.011624,2.590000,-0.840000,-2.940000,1770370104.169830
-0.231800,-0.025376,1.011136,-0.350000,-0.700000,-1.820000,1770370104.177877
-0.231800,-0.024888,1.018212,-0.420000,-1.260000,-1.890000,1770370104.185827
-0.229116,-0.026840,1.016748,-0.980000,-1.190000,-2.030000,1770370104.193841
-0.229848,-0.024156,1.016260,-1.540000,0.070000,-1.260000,1770370104.201894
-0.230824,-0.021228,1.013332,1.750000,-0.140000,-3.850000,1770370104.209872
-0.230824,-0.021716,1.015772,0.560000,-2.870000,-1.050000,1770370104.217837
-0.230824,-0.020008,1.011624,1.330000,-1.610000,-2.380000,1770370104.225833
-0.230092,-0.019520,1.010160,-1.890000,-2.730000,-1.470000,1770370104.233974
-0.232776,-0.017324,1.004304,-1.750000,-2.520000,0.350000,1770370104.241844
-0.233752,-0.016348,0.995520,2.030000,-1.260000,-4.060000,1770370104.249850
-0.232532,-0.016104,0.990640,-2.240000,-1.400000,-1.820000,1770370104.257840
-0.230580,-0.016836,0.988444,-2.450000,-2.310000,-2.800000,1770370104.265838
-0.229116,-0.016836,0.985516,-1.260000,-2.520000,-0.910000,1770370104.273839
-0.225456,-0.019032,0.990152,-1.890000,-1.820000,-1.050000,1770370104.281826
-0.222772,-0.020008,0.995520,0.630000,-2.520000,-3.500000,1770370104.289854
-0.221064,-0.024156,0.995520,-1.540000,-1.470000,-2.590000,1770370104.297978
-0.221064,-0.027084,1.001620,1.120000,-1.470000,-1.680000,1770370104.305846
-0.223016,-0.025620,1.005036,2.310000,-1.190000,-0.560000,1770370104.313842
-0.222284,-0.027084,1.006500,-1.330000,0.490000,-3.080000,1770370104.321838
-0.221308,-0.029280,1.011136,2.240000,-0.280000,-4.760000,1770370104.329842
-0.223992,-0.028792,1.016748,-1.680000,0.770000,-0.910000,1770370104.338079
-0.227652,-0.027328,1.015284,0.140000,0.700000,-1.050000,1770370104.345819
-0.229360,-0.028060,1.016504,1.330000,0.840000,-0.910000,1770370104.353848
-0.232532,-0.025864,1.011380,-0.700000,0.280000,-1.260000,1770370104.361849
-0.234240,-0.034404,1.011136,0.000000,-0.280000,-1.610000,1770370104.369935
-0.231800,-0.030988,1.012844,0.980000,0.280000,-4.060000,1770370104.377875
-0.236924,-0.031232,1.008208,-1.190000,-0.140000,-1.260000,1770370104.385844
-0.233264,-0.030988,1.006744,-0.140000,-1.610000,-2.030000,1770370104.393856
-0.233996,-0.030500,1.006012,-2.450000,-0.840000,1.120000,1770370104.401951
-0.234484,-0.035380,1.001132,1.890000,-1.540000,-3.710000,1770370104.409847
-0.230336,-0.033184,1.000156,-1.330000,-2.170000,-4.480000,1770370104.417846
-0.227652,-0.034404,1.000888,-0.420000,-0.490000,-1.120000,1770370104.425844
-0.224724,-0.033916,0.998448,2.030000,-1.400000,-4.060000,1770370104.433949
-0.225700,-0.032208,0.996496,-1.400000,-0.140000,-2.310000,1770370104.441844
-0.221796,-0.031476,0.997960,3.360000,-0.280000,-4.830000,1770370104.449859
-0.225944,-0.029524,1.003084,0.770000,0.140000,-0.910000,1770370104.457923
-0.225700,-0.024400,1.012112,2.240000,-0.070000,-2.520000,1770370104.465855
-0.229604,-0.027572,1.012112,2.660000,1.190000,-2.800000,1770370104.473848
-0.233020,-0.027328,1.010892,-1.890000,-0.070000,-0.770000,1770370104.481827
-0.235460,-0.029036,1.011136,1.540000,0.700000,-2.520000,1770370104.489847
-0.237900,-0.028548,1.009916,1.120000,0.770000,-2.380000,1770370104.497855
-0.235216,-0.026352,1.011380,1.540000,0.630000,-2.590000,1770370104.505919
-0.235704,-0.023668,1.006988,0.700000,-0.070000,-2.730000,1770370104.513837
-0.234484,-0.026596,1.007964,0.980000,-0.630000,-1.680000,1770370104.521886
-0.229604,-0.026596,1.006012,1.680000,-1.750000,-4.270000,1770370104.529849
-0.227164,-0.026108,1.006500,-0.910000,-1.610000,-3.710000,1770370104.537894
-0.225944,-0.026352,1.006256,2.450000,-1.260000,-1.050000,1770370104.545970
-0.224236,-0.025864,1.005036,1.190000,-0.140000,-3.710000,1770370104.553847
-0.228140,-0.029768,1.002352,-0.560000,0.210000,-0.840000,1770370104.561846
-0.226432,-0.028060,1.003084,2.450000,-0.980000,-2.590000,1770370104.569845
-0.229848,-0.028060,1.005524,1.960000,-0.490000,-1.960000,1770370104.577948
-0.232532,-0.027572,1.002840,-0.350000,-1.190000,-2.940000,1770370104.585847
-0.230336,-0.025864,1.002596,0.000000,-0.840000,-0.840000,1770370104.593845
-0.236680,-0.027572,0.999668,-1.120000,0.070000,-2.310000,1770370104.601845
-0.235704,-0.029280,0.999912,2.520000,-1.540000,-4.270000,1770370104.609848
-0.234240,-0.026352,1.002840,-0.420000,-1.820000,-2.730000,1770370104.617883
-0.232044,-0.022936,1.005036,-0.910000,-1.960000,-2.800000,1770370104.625942
-0.233752,-0.025376,1.009184,1.470000,-1.050000,-0.350000,1770370104.633845
-0.230336,-0.023180,1.008696,-2.030000,-1.330000,-5.390000,1770370104.641843
-0.227652,-0.022936,1.011868,2.030000,-2.870000,-0.770000,1770370104.649973
-0.227164,-0.025132,1.008208,-0.210000,-2.310000,-2.590000,1770370104.657847
-0.228628,-0.024156,1.001132,1.540000,-2.590000,-4.970000,1770370104.665850
-0.225944,-0.028304,1.004304,1.330000,-2.170000,-1.050000,1770370104.673850
-0.222040,-0.030744,1.005280,0.210000,-1.330000,-3.500000,1770370104.681897
-0.223504,-0.027328,1.007476,3.710000,-0.630000,-2.310000,1770370104.689835
-0.222040,-0.029768,1.011380,0.210000,-1.470000,-2.240000,1770370104.697839
-0.224236,-0.028304,1.015040,-1.680000,-0.630000,-2.520000,1770370104.705847
-0.227164,-0.027572,1.012600,1.190000,-0.630000,-1.050000,1770370104.713923
-0.231800,-0.027816,1.012112,-2.030000,1.820000,-4.060000,1770370104.721904
-0.229604,-0.027816,1.008696,2.240000,-0.840000,-4.200000,1770370104.729847
-0.229604,-0.026596,1.005524,-0.070000,-1.400000,-1.330000,1770370104.737869
-0.229360,-0.026596,1.003816,0.420000,-1.610000,-1.260000,1770370104.745858
-0.231800,-0.025620,1.004548,1.750000,-1.050000,-1.470000,1770370104.753903
-0.227652,-0.025132,1.003572,-0.560000,-1.610000,-1.680000,1770370104.761988
-0.225212,-0.024156,1.003572,2.240000,-1.750000,-2.590000,1770370104.769842
-0.225944,-0.028304,1.004792,1.120000,-0.770000,-2.380000,1770370104.777841
-0.226920,-0.026840,1.003816,2.030000,-0.980000,-4.270000,1770370104.785838
-0.222528,-0.029036,1.004548,0.700000,-0.840000,-1.820000,1770370104.793831
-0.223748,-0.033428,1.006256,-0.910000,-1.050000,-3.150000,1770370104.801965
-0.220088,-0.031964,1.003328,1.680000,-0.280000,-3.430000,1770370104.809856
-0.223016,-0.030988,1.006500,0.210000,1.750000,-3.080000,1770370104.817847
-0.225700,-0.029280,1.006012,-0.140000,1.050000,-1.890000,1770370104.825842
-0.228628,-0.029524,1.005768,0.140000,1.190000,-1.470000,1770370104.833871
-0.232532,-0.029280,1.006256,-2.030000,2.380000,-2.240000,1770370104.841950
-0.234972,-0.030256,1.006988,1.330000,1.470000,-2.030000,1770370104.849855
-0.236436,-0.027328,1.008696,0.210000,-0.070000,-2.380000,1770370104.857852
-0.236192,-0.028060,1.006500,0.770000,-0.280000,-1.750000,1770370104.865862
-0.234728,-0.029768,1.006988,1.190000,-1.400000,-2.730000,1770370104.873878
-0.236680,-0.027328,1.001620,-1.120000,-1.960000,-1.260000,1770370104.881855
-0.233996,-0.025376,1.003084,1.470000,-1.400000,-4.060000,1770370104.889851
-0.233996,-0.023668,1.003816,1.820000,-1.400000,-1.260000,1770370104.897842
-0.234240,-0.021472,1.003328,-2.380000,-1.960000,-3.640000,1770370104.905848
-0.233508,-0.021228,1.008940,0.980000,-2.520000,-0.560000,1770370104.913851
-0.235948,-0.015616,1.015284,0.700000,-1.260000,-2.940000,1770370104.921996
-0.231556,-0.015128,1.011868,3.990000,-2.310000,-2.170000,1770370104.929875
-0.233264,-0.018788,1.011868,0.210000,-2.170000,-1.820000,1770370104.937878
-0.230336,-0.018300,1.011868,0.770000,-1.400000,-1.610000,1770370104.945838
-0.232776,-0.018788,1.010160,0.350000,-1.610000,-0.350000,1770370104.953965
-0.230824,-0.018788,1.006012,-0.350000,-1.190000,-3.710000,1770370104.961911
-0.228140,-0.020008,1.003572,3.990000,-2.730000,-2.800000,1770370104.969849
-0.225700,-0.020496,1.002352,-0.140000,-0.980000,-1.960000,1770370104.977845
-0.224968,-0.025376,1.004548,0.560000,-0.630000,-2.240000,1770370104.985870
-0.225944,-0.026840,1.006744,0.350000,0.280000,-3.430000,1770370104.993957
-0.226432,-0.034404,1.007232,-1.750000,0.350000,-2.380000,1770370105.001841
-0.229604,-0.037088,1.006012,1.890000,-0.280000,0.070000,1770370105.009852
-0.227896,-0.041968,0.999912,-0.140000,-0.280000,-2.730000,1770370105.017852
-0.233020,-0.038552,0.999424,-3.010000,-0.490000,-0.210000,1770370105.025844
-0.232776,-0.035136,0.998692,-1.470000,-1.050000,-3.640000,1770370105.033951
-0.232288,-0.037332,1.002352,-1.540000,0.280000,-1.470000,1770370105.041843
-0.231312,-0.036844,1.004060,-0.140000,-0.980000,-4.550000,1770370105.049857
-0.232288,-0.036112,1.003084,-0.560000,-2.170000,-3.010000,1770370105.057864
-0.231068,-0.037332,1.002840,-1.540000,-1.540000,-1.190000,1770370105.065940
-0.232044,-0.043432,1.005524,0.210000,-1.190000,-1.750000,1770370105.074669
-0.230336,-0.044408,1.006500,-0.560000,-2.590000,-0.490000,1770370105.081872
-0.230092,-0.046360,1.003084,1.190000,-1.120000,-1.820000,1770370105.089855
-0.234728,-0.044652,1.001132,0.560000,-0.630000,-1.960000,1770370105.097891
-0.233264,-0.043188,1.006256,1.540000,-0.910000,0.910000,1770370105.105853
-0.234484,-0.040260,1.004060,0.770000,0.630000,-2.380000,1770370105.113859
-0.237900,-0.037332,1.004548,0.420000,-0.630000,-0.350000,1770370105.121925
-0.235216,-0.041480,1.000888,-0.910000,-0.630000,-2.240000,1770370105.130002
-0.240828,-0.040504,1.007232,-1.190000,-0.070000,0.000000,1770370105.137877
-0.239608,-0.038552,1.012112,-0.980000,-0.490000,-2.240000,1770370105.145847
-0.241072,-0.030988,1.010160,-2.240000,0.350000,-1.330000,1770370105.153846
-0.243512,-0.029524,1.011380,-0.560000,-1.400000,2.520000,1770370105.161838
-0.243268,-0.022204,1.010160,-0.140000,-1.400000,-3.430000,1770370105.169867
-0.243756,-0.022204,1.006744,-0.350000,-3.500000,1.750000,1770370105.177838
-0.245464,-0.021472,1.005280,-0.700000,-2.730000,-0.910000,1770370105.185863
-0.239852,-0.017080,0.999668,-0.140000,-4.130000,2.590000,1770370105.193856
-0.232776,-0.016348,0.995520,-2.660000,-3.360000,1.190000,1770370105.201927
-0.225212,-0.021228,0.991860,2.100000,-3.710000,0.420000,1770370105.209870
-0.224968,-0.013664,0.996496,0.350000,-4.060000,2.030000,1770370105.217848
-0.219600,-0.012200,0.993080,-2.240000,-3.850000,0.560000,1770370105.225839
-0.223260,-0.012932,0.996252,-0.910000,-3.080000,3.640000,1770370105.233847
-0.221796,-0.014152,1.000400,-2.310000,-1.540000,1.750000,1770370105.242053
-0.223016,-0.014640,1.008940,-0.210000,-0.630000,0.280000,1770370105.249843
-0.229116,-0.018788,1.009672,-1.400000,1.400000,3.710000,1770370105.257840
-0.231312,-0.023668,1.009184,-1.890000,1.890000,3.010000,1770370105.265834
-0.235216,-0.026596,1.007720,0.210000,0.700000,3.360000,1770370105.273841
-0.241072,-0.031720,1.001376,-2.450000,1.260000,4.760000,1770370105.281924
-0.240096,-0.035380,1.005280,0.700000,-0.630000,1.750000,1770370105.289843
-0.239120,-0.038308,1.006256,-0.770000,-2.310000,3.920000,1770370105.297833
-0.238632,-0.038308,1.008696,0.210000,-2.100000,4.340000,1770370105.305820
-0.233752,-0.036600,1.006500,0.560000,-1.260000,4.480000,1770370105.313872
-0.230336,-0.036112,1.008208,-2.800000,-0.700000,3.010000,1770370105.321957
-0.224968,-0.033428,1.007964,0.210000,-2.030000,2.660000,1770370105.329870
-0.222284,-0.034892,1.005524,-2.030000,-0.140000,6.160000,1770370105.337837
-0.219112,-0.035380,1.005524,-2.520000,0.840000,3.360000,1770370105.345841
-0.219112,-0.034892,1.006012,-2.520000,-0.280000,3.220000,1770370105.353851
-0.219844,-0.035136,1.006012,-2.800000,1.400000,3.150000,1770370105.361949
-0.219600,-0.035136,1.011380,-1.680000,1.680000,1.890000,1770370105.369835
-0.219600,-0.032452,1.016992,-1.540000,0.700000,4.480000,1770370105.377920
-0.221552,-0.030500,1.022116,-1.890000,1.050000,2.240000,1770370105.385850
-0.223260,-0.027328,1.026752,0.350000,-0.070000,3.360000,1770370105.393880
-0.224968,-0.028304,1.028460,-3.220000,-0.700000,-0.350000,1770370105.401846
-0.226188,-0.026108,1.027972,0.000000,-0.910000,-0.700000,1770370105.409847
-0.224968,-0.022204,1.023092,-2.660000,-0.770000,-1.610000,1770370105.417856
-0.224236,-0.020984,1.018212,-3.150000,1.400000,2.450000,1770370105.425848
-0.224968,-0.020252,1.009916,-0.980000,0.840000,-3.640000,1770370105.433897
-0.224236,-0.019520,0.996496,-4.340000,-0.420000,1.470000,1770370105.441978
-0.221552,-0.020008,0.986980,-0.980000,-0.840000,-5.320000,1770370105.449854
-0.216916,-0.022448,0.988932,-1.540000,-1.820000,-0.630000,1770370105.457881
-0.216916,-0.025376,0.993568,-2.800000,-2.730000,-3.710000,1770370105.465850
-0.215696,-0.027816,0.999912,-1.890000,-3.570000,-0.910000,1770370105.473844
-0.215696,-0.033184,1.000644,-2.310000,-2.240000,-3.500000,1770370105.481847
-0.217404,-0.033184,1.000644,-1.120000,-2.170000,-1.960000,1770370105.489843
-0.222772,-0.033184,1.002108,-0.420000,-0.350000,-3.500000,1770370105.497900
-0.224968,-0.036356,1.001864,1.190000,-1.750000,0.770000,1770370105.505878
-0.229604,-0.038796,1.006988,1.050000,1.050000,-1.050000,1770370105.513856
-0.236924,-0.036112,1.011624,0.560000,0.840000,1.470000,1770370105.521889
-0.242048,-0.034648,1.009916,3.360000,1.750000,1.890000,1770370105.529848
-0.247904,-0.028304,1.015528,3.080000,-0.070000,3.710000,1770370105.537938
-0.252052,-0.023912,1.020896,-0.910000,-0.770000,1.680000,1770370105.545840
-0.252052,-0.022692,1.023580,1.470000,-2.520000,2.800000,1770370105.553853
-0.256932,-0.024400,1.020652,-2.100000,-2.730000,1.890000,1770370105.561862
-0.253516,-0.022936,1.021384,1.540000,-4.200000,-0.630000,1770370105.569926
-0.252052,-0.026840,1.017724,-0.770000,-5.040000,4.690000,1770370105.577842
-0.245220,-0.026596,1.013332,-0.490000,-5.040000,-0.700000,1770370105.585913
-0.237900,-0.028548,1.007720,0.630000,-7.840000,4.130000,1770370105.593844
-0.233752,-0.025620,0.999668,-1.890000,-6.720000,0.070000,1770370105.601850
-0.220088,-0.021960,0.994788,1.540000,-6.860000,0.560000,1770370105.609890
-0.213988,-0.029036,0.999180,-2.170000,-6.370000,1.330000,1770370105.617877
-0.204472,-0.026840,1.000400,0.770000,-6.300000,-2.310000,1770370105.625822
-0.200324,-0.032696,1.007720,1.540000,-5.600000,0.770000,1770370105.633849
-0.192760,-0.034160,1.010160,-1.330000,-4.410000,-0.350000,1770370105.641857
-0.190320,-0.032208,1.019432,2.240000,-3.360000,1.190000,1770370105.649855
-0.193004,-0.037820,1.018700,0.560000,-3.710000,0.630000,1770370105.657972
-0.197396,-0.036356,1.014064,-2.450000,-1.190000,-1.750000,1770370105.665847
-0.201544,-0.038796,1.010160,1.400000,-2.030000,-0.140000,1770370105.673847
-0.200568,-0.035868,1.007232,-0.560000,-0.840000,-2.380000,1770370105.682052
-0.203252,-0.036356,1.004304,2.310000,-1.190000,-2.940000,1770370105.689852
-0.209596,-0.035380,1.002840,-0.070000,-0.700000,-0.140000,1770370105.697845
-0.211304,-0.032452,1.004792,-0.910000,-0.490000,-2.380000,1770370105.705853
-0.211792,-0.030988,1.006500,1.190000,-0.070000,0.210000,1770370105.713846
-0.218624,-0.029280,1.006256,-0.560000,-0.700000,-2.940000,1770370105.722021
-0.219844,-0.031232,1.004060,2.240000,-1.610000,-4.060000,1770370105.729839
-0.221796,-0.034404,1.002596,0.000000,-1.820000,-2.730000,1770370105.737838
-0.221796,-0.028060,1.002108,1.960000,-1.190000,-2.590000,1770370105.745851
-0.223016,-0.028548,0.998204,2.100000,-1.120000,-1.610000,1770370105.753883
-0.224236,-0.026108,1.000644,-0.210000,-0.840000,-3.570000,1770370105.761900
-0.222772,-0.022692,1.000888,3.990000,-2.730000,-5.390000,1770370105.769845
-0.218624,-0.022448,1.002108,2.240000,-2.310000,-5.390000,1770370105.777853
-0.218868,-0.023424,0.996008,0.770000,-2.590000,-5.390000,1770370105.785842
-0.217404,-0.026596,0.993568,1.190000,-3.500000,-2.730000,1770370105.793839
-0.212280,-0.025864,0.992836,0.560000,-3.640000,-6.230000,1770370105.801849
-0.206180,-0.026108,0.989176,3.570000,-3.710000,-6.440000,1770370105.809828
-0.201788,-0.027084,0.993080,1.680000,-3.360000,-3.710000,1770370105.817842
-0.197152,-0.025132,1.003328,3.220000,-3.290000,-7.000000,1770370105.825845
-0.198860,-0.025864,1.012356,4.130000,-2.590000,-4.830000,1770370105.833854
-0.197884,-0.027572,1.015040,2.660000,-1.190000,-3.500000,1770370105.842136
-0.199104,-0.031720,1.020652,5.110000,-0.980000,-1.330000,1770370105.849852
-0.203008,-0.033916,1.022848,4.410000,0.420000,-7.980000,1770370105.857899
-0.208132,-0.030256,1.028460,4.410000,0.770000,-4.200000,1770370105.865885
-0.209352,-0.022204,1.026752,4.340000,1.260000,-0.700000,1770370105.873836
-0.212768,-0.018056,1.029924,2.520000,1.820000,-3.710000,1770370105.881849
-0.214720,-0.020740,1.026508,2.660000,0.700000,-3.710000,1770370105.889843
-0.219112,-0.019520,1.017236,2.450000,0.980000,-3.640000,1770370105.897887
-0.224236,-0.022936,1.014308,-0.560000,-0.140000,-5.040000,1770370105.905842
-0.225700,-0.031720,1.011136,2.520000,-0.980000,-4.130000,1770370105.913847
-0.225212,-0.034404,1.010404,-0.770000,-1.610000,-3.290000,1770370105.921878
-0.222040,-0.039772,1.008452,1.120000,-2.940000,-7.210000,1770370105.930005
-0.224480,-0.041236,1.003816,-0.140000,-4.060000,-5.250000,1770370105.937967
-0.222040,-0.038552,1.004304,-0.210000,-3.500000,-4.550000,1770370105.945849
-0.215940,-0.037576,1.003084,1.680000,-3.150000,-5.600000,1770370105.953848
-0.215696,-0.033184,1.000156,-1.120000,-2.590000,-4.900000,1770370105.961990
-0.210816,-0.031720,1.002108,3.220000,-4.690000,-6.860000,1770370105.969846
-0.211792,-0.025132,0.997960,1.330000,-3.850000,-5.740000,1770370105.977848
-0.207400,-0.021960,1.000156,-0.140000,-3.290000,-5.880000,1770370105.985894
-0.210572,-0.017812,1.002108,1.750000,-2.940000,-2.940000,1770370105.993844
-0.209596,-0.011956,1.010404,0.140000,-1.260000,-6.090000,1770370106.001861
-0.213256,-0.008296,1.012112,2.310000,-1.610000,-6.090000,1770370106.009846
-0.214720,-0.006588,1.014064,0.210000,-2.100000,-4.970000,1770370106.017851
-0.215208,-0.010736,1.018944,0.980000,-2.940000,-4.200000,1770370106.025862
-0.215452,-0.013420,1.015528,1.890000,-3.150000,-3.850000,1770370106.033858
-0.212768,-0.018788,1.009916,-1.190000,-3.080000,-5.320000,1770370106.041870
-0.208620,-0.020984,1.009428,2.800000,-3.500000,-6.020000,1770370106.049851
-0.207156,-0.020984,1.013088,0.210000,-3.290000,-4.060000,1770370106.058545
-0.203984,-0.020740,1.013332,1.540000,-3.430000,-2.870000,1770370106.066019
-0.201056,-0.021716,1.018944,1.960000,-3.360000,-3.010000,1770370106.073978
-0.200080,-0.020252,1.016504,-1.470000,-2.520000,-2.940000,1770370106.081909
-0.200080,-0.023912,1.018700,2.660000,-1.610000,-3.710000,1770370106.089853
-0.203496,-0.021960,1.019920,0.000000,0.630000,-3.850000,1770370106.097882
-0.205692,-0.024644,1.019676,-0.560000,0.630000,-2.730000,1770370106.105862
-0.205936,-0.027084,1.018212,-0.210000,0.210000,0.070000,1770370106.113851
-0.207400,-0.026596,1.017480,-0.700000,1.190000,-2.380000,1770370106.121843
-0.206912,-0.028792,1.015284,0.700000,0.840000,-4.270000,1770370106.129885
-0.212524,-0.030500,1.016504,0.770000,-0.140000,-2.450000,1770370106.137871
-0.212036,-0.031720,1.015040,-0.210000,-0.280000,-2.940000,1770370106.145843
-0.212036,-0.030500,1.011624,0.980000,1.190000,-1.610000,1770370106.153852
-0.212768,-0.028304,1.009916,-0.420000,-0.140000,-1.610000,1770370106.161839
-0.215452,-0.030500,1.011624,0.560000,-0.070000,-5.600000,1770370106.169838
-0.215452,-0.027572,1.005768,-0.350000,-1.260000,-3.640000,1770370106.177890
-0.212524,-0.026840,1.002596,-0.350000,-1.190000,-5.740000,1770370106.185896
-0.210328,-0.025376,1.004060,-0.420000,-1.960000,-2.870000,1770370106.193852
-0.203740,-0.021716,1.008208,1.330000,-0.840000,-5.670000,1770370106.201846
-0.201544,-0.019276,1.009184,-1.540000,-1.260000,-6.860000,1770370106.209850
-0.195444,-0.017080,1.011380,0.070000,-2.100000,-8.330000,1770370106.217847
-0.190076,-0.014640,1.012356,-0.700000,0.280000,-6.160000,1770370106.225853
-0.187148,-0.016592,1.010892,-1.470000,-0.420000,-6.860000,1770370106.234004
-0.185196,-0.021472,1.009916,-2.100000,0.630000,-5.530000,1770370106.241872
-0.188124,-0.025864,1.009916,1.750000,1.190000,-8.680000,1770370106.249987
-0.184220,-0.024888,1.009916,1.540000,1.960000,-5.180000,1770370106.257842
-0.187636,-0.023912,1.010648,1.120000,3.640000,-7.000000,1770370106.265842
-0.194224,-0.023668,1.015284,2.800000,4.410000,-5.670000,1770370106.273843
-0.201056,-0.024888,1.020408,-1.120000,4.970000,-4.760000,1770370106.281841
-0.209352,-0.027328,1.019676,4.340000,4.270000,-8.120000,1770370106.289841
-0.222528,-0.028304,1.022848,0.910000,5.250000,-5.600000,1770370106.297935
-0.233752,-0.031720,1.023092,1.540000,5.180000,-7.000000,1770370106.305845
-0.238144,-0.028792,1.017968,2.310000,3.150000,-3.570000,1770370106.313837
-0.245708,-0.029524,1.010648,-0.210000,2.170000,-7.000000,1770370106.321826
-0.246928,-0.029280,1.009428,1.890000,-0.770000,-6.230000,1770370106.329855
-0.242536,-0.029036,1.009184,0.420000,-2.170000,-3.290000,1770370106.337849
-0.237900,-0.032696,1.005524,1.540000,-4.480000,-5.880000,1770370106.345927
-0.229116,-0.036112,1.002352,1.330000,-4.060000,-4.620000,1770370106.353869
-0.226676,-0.041968,0.999180,1.890000,-5.460000,-5.740000,1770370106.361837
-0.220576,-0.045872,0.986736,1.540000,-6.720000,-4.760000,1770370106.369849
-0.214232,-0.054412,0.980392,3.010000,-7.490000,-7.420000,1770370106.377837
-0.209108,-0.060024,0.982832,3.430000,-5.250000,-5.180000,1770370106.385848
-0.208132,-0.056364,0.984784,5.670000,-3.290000,-5.530000,1770370106.393851
-0.206180,-0.053680,0.992592,3.010000,-1.610000,-7.420000,1770370106.401846
-0.203984,-0.050020,1.011380,6.650000,-2.310000,-5.950000,1770370106.409874
-0.208864,-0.042212,1.031632,6.230000,-0.980000,-5.670000,1770370106.417859
-0.213988,-0.020984,1.037244,5.810000,-0.700000,-4.900000,1770370106.425858
-0.216672,-0.003904,1.037488,5.040000,-1.750000,-7.840000,1770370106.434085
-0.214476,0.010248,1.039196,1.540000,-3.150000,-5.740000,1770370106.441850
-0.214232,0.016104,1.027972,3.430000,-3.710000,-9.030000,1770370106.449909
-0.206912,0.015372,1.018700,-0.420000,-5.740000,-9.240000,1770370106.457854
-0.197884,0.005368,1.017968,-1.540000,-3.500000,-7.000000,1770370106.465844
-0.190808,-0.001708,1.021872,0.350000,-4.060000,-8.470000,1770370106.473847
-0.187148,-0.011712,1.033096,-2.310000,-2.870000,-5.530000,1770370106.481907
-0.187148,-0.014884,1.038464,0.910000,-1.050000,-5.740000,1770370106.489848
-0.193492,-0.010248,1.040660,2.870000,1.610000,-5.740000,1770370106.497846
-0.202032,-0.007076,1.042856,0.770000,3.290000,-5.390000,1770370106.505871
-0.210084,-0.000488,1.040416,2.870000,3.710000,-3.430000,1770370106.513848
-0.217648,0.002928,1.040416,-0.420000,4.550000,-3.710000,1770370106.521928
-0.224968,0.007564,1.033584,1.540000,4.480000,-7.350000,1770370106.529851
-0.232532,0.014640,1.023580,1.470000,2.940000,-5.530000,1770370106.537846
-0.237900,0.018300,1.013088,-0.560000,2.730000,-5.530000,1770370106.545947
-0.236924,0.020984,1.000400,1.330000,0.840000,-3.990000,1770370106.553882
-0.239364,0.015616,0.999668,-0.770000,0.350000,-3.990000,1770370106.561847
-0.239608,0.015372,1.002352,3.080000,-2.170000,-5.880000,1770370106.569832
-0.231556,0.012200,0.999668,1.400000,-2.730000,-6.300000,1770370106.577836
-0.228628,0.007076,0.988932,1.890000,-2.660000,-3.500000,1770370106.585837
-0.224968,-0.002684,0.987224,4.130000,-2.520000,-5.390000,1770370106.593855
-0.218136,-0.011956,0.985760,2.870000,-2.590000,-2.800000,1770370106.601986
-0.215696,-0.022448,0.991372,5.390000,-2.310000,-3.640000,1770370106.609857
-0.214720,-0.032452,0.995276,4.760000,-1.260000,-4.830000,1770370106.617843
-0.210084,-0.041968,0.996740,2.870000,0.490000,-2.520000,1770370106.625861
-0.214720,-0.053436,1.000156,6.020000,1.820000,-3.640000,1770370106.633871
-0.214964,-0.059292,0.996496,4.480000,2.170000,-4.620000,1770370106.641850
-0.217892,-0.066124,0.995276,4.970000,2.520000,-5.740000,1770370106.649867
-0.217892,-0.067344,0.990884,4.200000,2.030000,-9.800000,1770370106.657846
-0.212768,-0.071492,0.990884,3.990000,0.910000,-4.830000,1770370106.665844
-0.204716,-0.075152,0.994056,6.020000,0.280000,-9.100000,1770370106.673842
-0.195688,-0.081496,0.995276,4.550000,0.490000,-7.840000,1770370106.681954
-0.193248,-0.084424,0.993324,7.560000,-0.700000,-9.450000,1770370106.689862
-0.188612,-0.086376,0.990640,5.740000,-0.280000,-9.310000,1770370106.697878
-0.184220,-0.084912,0.987712,7.420000,0.700000,-6.440000,1770370106.706005
-0.182024,-0.087596,0.989176,6.650000,2.660000,-5.880000,1770370106.713845
-0.187880,-0.084668,0.993568,6.440000,3.290000,-10.360000,1770370106.721846
-0.189832,-0.081496,1.000156,9.520000,3.150000,-5.180000,1770370106.729839
-0.196176,-0.074176,1.007964,6.790000,3.010000,-7.630000,1770370106.737864
-0.200568,-0.067344,1.011868,6.580000,5.180000,-6.860000,1770370106.746014
-0.204960,-0.057584,1.007964,4.410000,5.180000,-2.800000,1770370106.753854
-0.213988,-0.050508,0.999180,4.200000,5.810000,-6.090000,1770370106.761848
-0.218136,-0.039284,0.991860,5.320000,6.090000,-7.070000,1770370106.769842
-0.225944,-0.034160,0.998204,2.310000,6.720000,-6.300000,1770370106.777843
-0.230580,-0.021472,1.002108,4.550000,5.950000,-6.300000,1770370106.785930
-0.233508,-0.018300,1.009916,4.690000,6.510000,-5.390000,1770370106.793872
-0.239120,-0.012444,1.010160,1.890000,5.950000,-8.540000,1770370106.801844
-0.239120,-0.007320,1.006744,5.530000,5.810000,-5.390000,1770370106.809839
-0.235704,-0.005124,0.990396,2.660000,4.200000,-13.020000,1770370106.817843
-0.237900,-0.010248,0.982588,3.640000,2.380000,-8.330000,1770370106.825886
-0.233996,-0.010492,0.979904,5.810000,1.820000,-7.700000,1770370106.833849
-0.233508,-0.006100,0.975024,3.780000,0.140000,-10.010000,1770370106.841858
-0.231312,-0.006588,0.981368,6.860000,-2.100000,-9.940000,1770370106.849869
-0.226920,-0.007564,0.975268,7.210000,-3.150000,-11.830000,1770370106.857851
-0.221064,-0.007320,0.977708,3.920000,-2.380000,-11.760000,1770370106.865843
-0.212768,-0.001708,0.993568,8.330000,-1.960000,-11.410000,1770370106.873844
-0.206424,0.004392,1.003816,7.420000,1.680000,-11.830000,1770370106.881975
-0.206180,0.016104,1.017968,8.750000,1.820000,-12.810000,1770370106.889847
-0.209108,0.026108,1.020652,7.630000,2.380000,-11.690000,1770370106.897848
-0.212524,0.027816,1.023092,7.210000,4.270000,-12.390000,1770370106.905844
-0.219844,0.034404,1.022360,9.030000,5.180000,-12.040000,1770370106.913833
-0.224480,0.035868,1.024800,5.110000,5.740000,-11.970000,1770370106.921958
-0.235460,0.038308,1.024312,7.420000,6.720000,-11.340000,1770370106.929858
-0.240096,0.036356,1.034316,4.410000,5.460000,-12.810000,1770370106.937910
-0.249612,0.031964,1.039196,4.970000,4.620000,-7.770000,1770370106.946100
-0.252540,0.029036,1.038952,1.890000,5.320000,-6.440000,1770370106.953850
-0.254248,0.026108,1.037976,1.890000,1.960000,-6.860000,1770370106.962404
-0.253272,0.020740,1.031632,1.330000,1.750000,-10.500000,1770370106.969912
-0.253760,0.010736,1.030656,0.420000,1.400000,-4.970000,1770370106.977844
-0.249612,0.001220,1.024556,-0.630000,1.400000,-7.560000,1770370106.985831
-0.250344,-0.003904,1.018212,2.660000,0.630000,-5.040000,1770370106.993835
-0.249612,-0.009272,1.007964,-0.140000,0.420000,-0.140000,1770370107.001854
-0.251076,-0.014884,0.993080,3.570000,0.070000,-4.690000,1770370107.009847
-0.254004,-0.018788,0.984784,1.540000,-1.260000,-0.560000,1770370107.017848
-0.250100,-0.019276,0.983564,0.350000,-0.280000,0.630000,1770370107.025854
-0.249368,-0.025132,0.980148,2.450000,0.280000,2.100000,1770370107.033860
-0.247904,-0.028792,0.984784,-0.210000,1.330000,2.940000,1770370107.041912
-0.242536,-0.035136,0.990640,3.920000,1.610000,4.480000,1770370107.049856
-0.244976,-0.032696,0.994300,0.980000,2.520000,3.920000,1770370107.057869
-0.249612,-0.031720,0.998204,3.010000,4.060000,4.130000,1770370107.065942
-0.250832,-0.031232,0.998448,1.330000,3.920000,2.730000,1770370107.074001
-0.252784,-0.030012,0.995032,0.210000,3.850000,6.370000,1770370107.081871
-0.251320,-0.026840,0.994300,1.470000,3.920000,3.570000,1770370107.089855
-0.254004,-0.023912,1.000888,0.420000,2.730000,6.300000,1770370107.097876
-0.257664,-0.019032,1.002108,-0.210000,4.340000,4.970000,1770370107.105901
-0.258884,-0.015860,1.004304,0.980000,4.270000,6.160000,1770370107.113875
-0.262544,-0.008052,1.011136,-0.630000,4.830000,7.420000,1770370107.121847
-0.262300,-0.002440,1.011136,1.750000,5.460000,3.010000,1770370107.129857
-0.266448,0.003904,1.008696,-1.680000,5.180000,4.970000,1770370107.137935
-0.270596,0.002684,1.000400,-0.980000,5.180000,-1.120000,1770370107.145862
-0.269864,0.005368,0.989420,-1.330000,4.690000,4.340000,1770370107.153850
-0.271816,0.003416,0.986492,-2.450000,4.480000,-0.210000,1770370107.161839
-0.273280,0.003172,0.988200,-0.630000,3.920000,0.280000,1770370107.169889
-0.274012,0.003660,0.991616,-1.890000,2.310000,-2.030000,1770370107.177844
-0.270352,0.003904,0.992104,-3.710000,1.960000,-1.610000,1770370107.185845
-0.266204,0.001952,0.998692,-1.470000,1.190000,-1.960000,1770370107.193848
-0.261568,-0.001708,0.997228,-2.380000,0.070000,-2.870000,1770370107.201904
-0.260104,-0.003904,0.997716,-0.910000,0.490000,-3.150000,1770370107.209837
-0.256688,-0.008296,0.994544,-1.680000,-1.400000,-0.910000,1770370107.217842
-0.250100,-0.007808,0.993812,-0.070000,-0.490000,-2.520000,1770370107.225835
-0.246928,-0.007076,0.996984,-0.140000,0.210000,0.770000,1770370107.233864
-0.243268,-0.000976,0.995520,-1.470000,0.280000,-0.280000,1770370107.241982
-0.243268,0.002684,0.992348,0.420000,1.470000,-1.610000,1770370107.249863
-0.241072,0.003660,0.991860,0.210000,2.520000,1.680000,1770370107.257844
-0.241316,0.000488,0.998204,-1.330000,1.540000,-0.910000,1770370107.266044
-0.240828,-0.001708,1.008208,-0.560000,2.870000,3.010000,1770370107.273839
-0.245220,-0.005124,1.006744,-3.010000,2.590000,0.770000,1770370107.281838
-0.248636,-0.003172,1.010404,-1.470000,2.940000,-0.840000,1770370107.289868
-0.252540,-0.007076,1.016504,-1.680000,3.500000,3.430000,1770370107.297852
-0.257908,-0.006832,1.017236,-1.750000,3.290000,0.280000,1770370107.305836
-0.258396,-0.007564,1.016992,-1.540000,2.940000,3.500000,1770370107.313842
-0.263276,-0.002928,1.013332,-3.220000,2.940000,3.360000,1770370107.321838
-0.269864,-0.000244,1.010160,-1.820000,3.500000,-0.350000,1770370107.329869
-0.270108,0.002196,1.006988,-2.660000,2.170000,5.600000,1770370107.337856
-0.268644,0.004636,1.001132,-2.450000,1.050000,1.540000,1770370107.345852
-0.267912,0.002928,0.996008,-2.450000,1.050000,5.460000,1770370107.353856
-0.263520,0.004880,0.995520,-3.010000,0.490000,2.800000,1770370107.361844
-0.261324,0.003660,0.996984,-0.910000,0.420000,5.180000,1770370107.370248
-0.261080,0.005368,0.998448,-1.750000,-0.490000,0.840000,1770370107.377946
-0.263276,0.005124,0.994544,-3.430000,-0.070000,0.910000,1770370107.385878
-0.260348,0.005124,0.992836,-0.910000,-0.770000,3.990000,1770370107.393852
-0.259372,0.004880,0.989908,-2.800000,-0.910000,1.120000,1770370107.401850
-0.258884,-0.000488,0.990396,-0.980000,-0.700000,4.690000,1770370107.409847
-0.259372,0.000244,0.990884,0.560000,-0.490000,0.350000,1770370107.417873
-0.257420,0.000976,0.998448,-0.910000,-0.700000,3.430000,1770370107.425842
-0.256688,0.000488,1.002596,0.560000,-0.630000,1.680000,1770370107.433848
-0.255712,0.001708,1.007964,-0.210000,-1.610000,2.660000,1770370107.441852
-0.255224,0.005124,1.007964,2.100000,-0.630000,0.560000,1770370107.449855
-0.256200,0.006100,1.005524,0.350000,-0.700000,1.540000,1770370107.457867
-0.254736,0.004148,1.003572,-0.770000,-1.540000,0.840000,1770370107.465942
-0.253760,0.001952,0.998936,-1.120000,-1.750000,1.890000,1770370107.473852
-0.253760,-0.002440,0.996984,-0.560000,-0.280000,0.630000,1770370107.481839
-0.250588,-0.005856,0.996008,-0.210000,-1.540000,2.520000,1770370107.489859
-0.249856,-0.009516,1.000156,0.000000,-1.750000,2.870000,1770370107.497852
-0.248392,-0.009516,1.001376,-1.120000,-1.610000,-1.400000,1770370107.505847
-0.249124,-0.009760,0.996984,0.210000,-1.750000,4.130000,1770370107.513892
-0.250344,-0.010248,0.994300,-2.100000,-0.700000,2.450000,1770370107.521853
-0.253516,-0.010980,0.995520,0.700000,-1.400000,0.770000,1770370107.529880
-0.252540,-0.011224,0.999668,1.260000,-1.050000,-0.350000,1770370107.537928
-0.253028,-0.010736,0.996740,-0.560000,-1.820000,0.770000,1770370107.545850
-0.250100,-0.010492,0.996496,0.420000,-1.470000,0.560000,1770370107.553853
-0.251076,-0.010004,0.994056,-0.700000,-1.750000,1.540000,1770370107.561886
-0.247172,-0.011712,0.995520,2.030000,-1.400000,1.190000,1770370107.569872
-0.243756,-0.011712,0.994788,0.770000,-2.380000,2.030000,1770370107.577932
-0.247416,-0.010004,0.994056,-3.920000,-2.730000,0.000000,1770370107.585841
-0.245708,-0.007076,0.994544,1.400000,-0.490000,1.750000,1770370107.593851
-0.246196,-0.007808,0.993324,-1.680000,-1.260000,0.630000,1770370107.601956
-0.249612,-0.004880,0.996984,0.070000,0.070000,0.210000,1770370107.609847
-0.250344,-0.003416,1.005768,1.190000,0.490000,1.050000,1770370107.617847
-0.253516,-0.000732,1.007720,-1.680000,0.280000,1.750000,1770370107.625832
-0.256688,-0.005368,1.002108,0.560000,0.210000,1.470000,1770370107.633851
-0.258640,-0.001220,1.001132,-1.540000,1.610000,1.400000,1770370107.641947
-0.257664,-0.002196,1.003084,2.590000,-0.070000,-1.610000,1770370107.649853
-0.257664,-0.002196,1.002840,0.560000,0.490000,-2.030000,1770370107.657853
-0.253272,-0.001464,1.003572,1.470000,-0.420000,1.680000,1770370107.665925
-0.252052,-0.004392,0.997716,0.700000,0.490000,-2.380000,1770370107.673853
-0.251076,-0.010004,0.995764,0.770000,-1.610000,-0.560000,1770370107.681852
-0.253272,-0.012688,0.997228,0.840000,-0.840000,0.000000,1770370107.689927
-0.250344,-0.014640,0.998204,0.210000,-1.540000,-1.260000,1770370107.697860
-0.253028,-0.016592,0.998692,-0.140000,-0.140000,0.770000,1770370107.705846
-0.254736,-0.014640,1.003572,0.000000,0.490000,-1.120000,1770370107.713852
-0.255956,-0.017080,1.005280,1.330000,0.070000,-0.350000,1770370107.721937
-0.260836,-0.015372,1.008940,0.350000,1.190000,-2.590000,1770370107.729881
-0.259128,-0.010248,1.009428,0.980000,-0.210000,2.240000,1770370107.737857
-0.260348,-0.010492,1.003572,-0.140000,-0.070000,-3.150000,1770370107.745844
-0.260836,-0.007808,1.002596,1.330000,-1.610000,0.910000,1770370107.753848
-0.258396,-0.002928,0.997716,0.210000,-0.980000,-0.350000,1770370107.761870
-0.260836,-0.002196,0.997716,2.100000,-2.240000,-0.840000,1770370107.769858
-0.259372,0.001220,1.000888,1.750000,-0.280000,-1.960000,1770370107.777895
-0.258884,0.005856,1.001376,0.350000,0.070000,-1.400000,1770370107.785870
-0.258640,0.006344,1.003816,0.980000,0.420000,1.540000,1770370107.793849
-0.258396,0.003416,1.001620,-2.100000,0.070000,-0.280000,1770370107.801847
-0.259128,0.000244,1.000156,2.030000,-1.120000,-0.490000,1770370107.809847
-0.261568,-0.002440,0.993324,-0.140000,-1.050000,-0.350000,1770370107.817900
-0.255712,-0.010004,0.990640,-1.960000,-1.610000,-1.820000,1770370107.825855
-0.256200,-0.010736,0.989664,3.010000,-2.100000,0.840000,1770370107.833831
-0.254248,-0.009760,0.988200,-1.330000,-0.840000,-1.050000,1770370107.841854
-0.251808,-0.004880,0.991616,2.030000,-0.700000,-2.380000,1770370107.849837
-0.252784,-0.004880,0.988200,0.210000,-1.260000,-3.150000,1770370107.857836
-0.251564,-0.006100,0.992348,1.540000,-0.070000,-0.840000,1770370107.866181
-0.256688,-0.003904,0.996252,1.260000,-0.070000,-3.500000,1770370107.873849
-0.256200,-0.002684,0.996008,-0.630000,0.700000,-1.610000,1770370107.881853
-0.258396,-0.005368,0.998204,1.120000,0.070000,-0.350000,1770370107.889850
-0.261080,-0.006588,0.994788,0.560000,0.490000,-3.640000,1770370107.897878
-0.258152,-0.006344,0.994544,0.140000,-0.700000,-2.520000,1770370107.905966
-0.256444,-0.009272,0.993812,-0.420000,-0.070000,-0.560000,1770370107.913851
-0.252052,-0.009272,0.995520,-0.980000,-0.070000,-3.080000,1770370107.921895
-0.253516,-0.010736,0.995032,1.120000,0.070000,-4.410000,1770370107.930013
-0.248880,-0.012932,0.997472,-0.070000,1.190000,-3.360000,1770370107.937889
-0.251320,-0.019032,0.999668,-2.450000,1.470000,-4.200000,1770370107.945847
-0.247416,-0.024400,1.000400,1.680000,1.820000,-3.290000,1770370107.953885
-0.247416,-0.026840,1.001132,-0.140000,2.380000,-2.450000,1770370107.961857
-0.245952,-0.024644,1.003084,3.080000,2.870000,-4.130000,1770370107.969862
-0.252296,-0.019276,1.010892,2.590000,4.410000,-3.150000,1770370107.977855
-0.254736,-0.014640,1.015772,0.770000,4.690000,-3.500000,1770370107.985845
-0.261324,-0.014152,1.020164,2.590000,4.410000,-2.940000,1770370107.993848
-0.267424,-0.013908,1.014796,-0.770000,4.060000,-2.940000,1770370108.001849
-0.274988,-0.017812,1.003084,2.310000,3.500000,-2.800000,1770370108.009886
-0.279136,-0.019520,0.994544,1.470000,1.470000,-3.710000,1770370108.017855
-0.281332,-0.019764,0.988932,-0.770000,1.610000,-4.270000,1770370108.025846
-0.278892,-0.015128,0.985516,0.000000,0.490000,-2.380000,1770370108.033834
-0.274988,-0.012932,0.978196,-1.470000,0.490000,-4.410000,1770370108.041865
-0.269132,-0.010492,0.980392,1.120000,0.980000,-6.160000,1770370108.049870
-0.267912,-0.005856,0.983320,0.420000,0.700000,-4.410000,1770370108.058655
-0.264740,-0.004636,0.980636,2.030000,-0.630000,-1.960000,1770370108.066181
-0.261568,0.001708,0.983320,-2.800000,0.420000,-2.730000,1770370108.074256
-0.256200,0.004636,0.985272,-1.820000,-0.140000,-1.610000,1770370108.081875
-0.256444,0.008052,0.992592,1.470000,2.310000,-4.200000,1770370108.089854
-0.259860,0.010980,0.993812,0.420000,2.660000,-2.450000,1770370108.097888
-0.262544,0.009760,0.988932,0.560000,2.940000,-5.740000,1770370108.105856
-0.267912,0.006832,0.989176,0.770000,3.710000,0.070000,1770370108.113850
-0.273280,0.005612,0.984784,-0.980000,4.690000,-4.830000,1770370108.121843
-0.278160,0.001952,0.988444,2.450000,4.410000,-2.730000,1770370108.129856
-0.281332,-0.002440,0.984296,1.470000,2.940000,-5.950000,1770370108.137946
-0.279868,-0.004636,0.988444,0.350000,3.430000,-3.500000,1770370108.145854
-0.285968,-0.008784,0.995764,2.660000,2.030000,-0.700000,1770370108.153850
-0.285724,-0.007320,1.001132,1.890000,1.960000,-4.620000,1770370108.161839
-0.282308,-0.009760,1.003816,0.560000,1.190000,-6.650000,1770370108.169969
-0.281332,-0.011468,1.007720,1.470000,-0.140000,-4.970000,1770370108.177841
-0.279868,-0.010736,1.007232,0.630000,-0.280000,-2.380000,1770370108.185848
-0.281576,-0.014396,1.009184,1.680000,-0.420000,-4.620000,1770370108.193845
-0.277428,-0.017812,1.006744,-1.890000,0.490000,-2.940000,1770370108.201868
-0.278892,-0.019032,1.003328,2.660000,0.280000,-5.040000,1770370108.209850
-0.278160,-0.019276,0.999424,-0.140000,-1.400000,-4.060000,1770370108.217929
-0.277428,-0.019276,1.001864,-3.080000,-2.100000,-6.090000,1770370108.225840
-0.272792,-0.018788,1.002352,-0.350000,-2.730000,-1.050000,1770370108.233839
-0.273768,-0.019520,1.003816,-1.330000,-0.070000,-6.580000,1770370108.241854
-0.269132,-0.017568,1.004304,0.980000,-1.260000,-2.520000,1770370108.249839
-0.268888,-0.018300,1.004548,0.210000,-1.610000,-4.060000,1770370108.257829
-0.266204,-0.016836,1.006988,0.000000,-2.590000,-2.590000,1770370108.265829
-0.264252,-0.012444,1.013088,0.980000,-1.400000,-1.960000,1770370108.273864
-0.267912,-0.008540,1.015284,-1.890000,-0.490000,-3.150000,1770370108.281845
-0.270840,-0.001952,1.008452,2.030000,-1.190000,-4.060000,1770370108.289843
-0.274744,0.001464,0.997716,-1.330000,-0.840000,-2.520000,1770370108.297890
-0.279624,0.002928,0.989420,-0.700000,-0.630000,-2.030000,1770370108.305845
-0.277184,0.005368,0.983076,-0.560000,-1.540000,-2.380000,1770370108.313842
-0.269620,0.004392,0.978440,-3.220000,-1.260000,-2.450000,1770370108.321840
-0.265960,0.003416,0.974780,0.000000,-2.170000,-1.890000,1770370108.329869
-0.261324,-0.001952,0.974780,-2.030000,-2.730000,-0.140000,1770370108.337857
-0.258884,-0.002440,0.977708,-2.310000,-1.610000,-0.350000,1770370108.345872
-0.254248,-0.002684,0.984296,-0.700000,-0.070000,-0.490000,1770370108.353838
-0.253272,0.000488,0.986248,0.210000,1.120000,0.770000,1770370108.361872
-0.254736,0.003660,0.990152,0.210000,3.710000,0.560000,1770370108.369869
-0.258152,0.000244,0.990152,2.310000,4.130000,0.350000,1770370108.377837
-0.265472,-0.003660,0.996008,-0.210000,5.180000,-1.820000,1770370108.385882
-0.274012,-0.011224,0.999912,2.870000,5.460000,-0.210000,1770370108.393880
-0.284748,-0.011956,0.996984,0.350000,4.270000,1.400000,1770370108.401851
-0.294508,-0.014640,0.993812,3.780000,4.270000,-2.800000,1770370108.409848
-0.298168,-0.017812,0.999668,2.240000,2.380000,-1.050000,1770370108.417942
-0.304512,-0.019276,0.997716,0.630000,2.170000,-2.240000,1770370108.425876
-0.309636,-0.018544,1.005036,2.450000,0.700000,-1.610000,1770370108.433847
-0.306464,-0.015616,1.005524,-0.980000,-1.120000,-2.100000,1770370108.441846
-0.306220,-0.018544,1.002352,0.210000,-1.190000,-3.080000,1770370108.449840
-0.303048,-0.019276,0.998448,-0.140000,-1.960000,-2.240000,1770370108.457906
-0.296704,-0.020984,0.990640,-3.010000,-2.170000,-2.800000,1770370108.465856
-0.293532,-0.018788,0.983564,-0.700000,-3.850000,-1.260000,1770370108.473914
-0.286700,-0.020984,0.981612,-0.210000,-4.480000,-2.730000,1770370108.481847
-0.281088,-0.018056,0.988932,-0.070000,-3.640000,0.210000,1770370108.489860
-0.276696,-0.012688,0.984052,0.070000,-4.200000,-6.090000,1770370108.497902
-0.273280,-0.010492,0.992592,-0.490000,-3.640000,-1.260000,1770370108.505880
-0.270596,-0.014152,0.987224,1.750000,-3.500000,-5.040000,1770370108.513848
-0.269864,-0.011956,0.989664,-2.030000,-1.610000,0.420000,1770370108.521938
-0.264984,-0.007320,0.993324,3.780000,-1.820000,-1.050000,1770370108.529875
-0.263276,-0.009028,0.993324,1.820000,-1.820000,-2.170000,1770370108.537844
-0.263032,-0.009028,0.994544,-0.700000,-0.490000,-1.680000,1770370108.545848
-0.263520,-0.005612,0.990640,3.080000,-0.490000,-1.050000,1770370108.553832
-0.266204,-0.006100,0.994544,0.000000,0.280000,-1.120000,1770370108.561847
-0.270108,-0.006100,0.992836,3.220000,0.280000,-3.150000,1770370108.570183
-0.271328,-0.007808,0.997960,-0.630000,1.050000,-1.680000,1770370108.577848
-0.273280,-0.005856,1.000888,-0.140000,1.260000,-4.760000,1770370108.585846
-0.275476,-0.005612,1.003084,2.450000,0.280000,0.210000,1770370108.593845
-0.277916,-0.003904,1.002108,-0.560000,1.470000,0.840000,1770370108.601867
-0.280600,-0.005368,0.997228,2.660000,-0.630000,-0.840000,1770370108.609849
-0.278160,-0.003416,0.992836,0.980000,-2.100000,-2.170000,1770370108.617843
-0.276940,-0.004148,0.993324,0.560000,-1.400000,-2.520000,1770370108.625833
-0.276940,-0.004880,0.988200,1.750000,-2.030000,-0.910000,1770370108.633842
-0.275720,-0.000488,0.985272,0.770000,-1.540000,-2.940000,1770370108.641901
-0.278404,-0.003416,0.985516,3.080000,-1.050000,1.330000,1770370108.649837
-0.272792,-0.004148,0.982832,1.260000,-0.420000,-2.380000,1770370108.657840
-0.274744,-0.006588,0.983076,-0.490000,-1.960000,-0.280000,1770370108.665846
-0.275964,-0.004880,0.985516,1.540000,-1.260000,-2.030000,1770370108.673960
-0.275964,-0.004392,0.993080,-0.910000,-0.070000,-1.120000,1770370108.681857
-0.271572,-0.004392,0.995032,1.680000,-0.070000,-4.410000,1770370108.689847
-0.275964,-0.003904,0.999180,1.750000,-0.490000,-1.120000,1770370108.697850
-0.278892,-0.003660,0.999424,0.980000,-0.210000,-3.990000,1770370108.706023
-0.278404,-0.006344,0.997228,2.520000,-0.700000,0.560000,1770370108.713846
-0.277184,-0.007320,0.999912,-0.700000,0.700000,-3.640000,1770370108.721845
-0.279868,-0.006344,1.001132,2.310000,-0.910000,-1.960000,1770370108.729846
-0.280600,-0.011712,0.998204,1.820000,-0.700000,-2.450000,1770370108.737877
-0.283040,-0.011956,0.993812,0.980000,-0.980000,-3.080000,1770370108.745905
-0.283040,-0.012932,0.993080,2.240000,-0.700000,1.190000,1770370108.753832
-0.281088,-0.011712,0.992348,-0.210000,-1.050000,-3.430000,1770370108.761852
-0.279380,-0.009760,0.996740,2.800000,-1.050000,-0.840000,1770370108.769852
-0.281576,-0.011224,0.993568,0.980000,-2.800000,-3.850000,1770370108.777868
-0.277428,-0.009760,0.995764,-1.680000,-2.030000,-1.330000,1770370108.785885
-0.275964,-0.009516,0.996008,0.630000,-1.260000,-1.820000,1770370108.793848
-0.275476,-0.008052,0.996984,-0.210000,-0.490000,0.070000,1770370108.801850
-0.278648,-0.010248,0.993324,2.100000,-1.820000,-3.290000,1770370108.809970
-0.277672,-0.007076,0.992592,0.420000,-2.170000,-0.910000,1770370108.817847
-0.279868,-0.005612,0.995032,0.000000,-1.260000,-1.470000,1770370108.825845
-0.281576,-0.006100,0.994056,3.010000,-0.490000,-0.700000,1770370108.833832
-0.282796,-0.002684,0.994056,0.770000,-0.420000,-2.380000,1770370108.841853
-0.280600,-0.002684,0.992104,1.890000,-1.400000,-1.820000,1770370108.849958
-0.281332,0.002440,0.993568,0.980000,-1.750000,-1.890000,1770370108.857845
-0.280112,-0.000976,0.991372,-1.890000,-1.960000,-3.710000,1770370108.865850
-0.276940,0.000976,0.987224,0.910000,-2.170000,-1.960000,1770370108.873887
-0.276696,-0.001220,0.986980,-0.560000,-0.700000,-2.170000,1770370108.881895
-0.272792,-0.000976,0.987956,-0.140000,-2.030000,-3.150000,1770370108.889851
-0.272548,-0.005124,0.988688,0.350000,-1.400000,-1.960000,1770370108.897873
-0.270840,-0.003904,0.993080,-1.890000,-0.980000,-3.920000,1770370108.905955
-0.269864,-0.006100,0.994544,1.120000,0.490000,-1.050000,1770370108.913839
-0.269376,-0.010980,0.993568,-1.330000,-1.470000,0.420000,1770370108.921856
-0.273280,-0.013664,0.989908,0.980000,-0.980000,-1.960000,1770370108.929880
-0.275720,-0.012444,0.987468,0.560000,-1.610000,-1.960000,1770370108.937955
-0.276696,-0.013176,0.990152,1.470000,-0.140000,-2.030000,1770370108.945847
-0.276940,-0.010492,0.990884,2.240000,-0.280000,-1.610000,1770370108.953832
-0.276452,-0.010248,0.994300,1.190000,-0.420000,0.000000,1770370108.961855
-0.276208,-0.010980,0.995520,0.560000,-0.490000,-2.380000,1770370108.969859
-0.276452,-0.011712,0.993568,0.700000,-1.400000,-2.170000,1770370108.977941
-0.277428,-0.012688,0.993324,-0.560000,-0.630000,-1.050000,1770370108.985873
-0.276452,-0.013664,0.991616,0.350000,-0.280000,-0.070000,1770370108.993851
-0.273524,-0.011224,0.987956,-0.770000,-0.280000,-3.570000,1770370109.001850
-0.278160,-0.011468,0.991616,-0.420000,-1.960000,-3.500000,1770370109.009864
-0.276452,-0.007808,0.992104,0.420000,-0.280000,-2.170000,1770370109.017863
-0.279380,-0.012200,0.997716,0.420000,-0.140000,-2.730000,1770370109.025849
-0.281820,-0.009760,1.002108,1.330000,0.210000,-2.940000,1770370109.033852
-0.280356,-0.007564,1.002352,-0.700000,0.280000,-0.210000,1770370109.041936
-0.284748,-0.010736,1.001376,3.360000,0.280000,-3.500000,1770370109.049878
-0.286212,-0.006588,0.999424,0.630000,-1.050000,-0.490000,1770370109.058220
-0.285236,-0.002928,0.992348,0.000000,-2.100000,2.380000,1770370109.069680
-0.280844,0.002196,0.993812,2.240000,-2.100000,-0.210000,1770370109.074044
-0.280112,0.001464,0.995764,-0.770000,-0.910000,-1.820000,1770370109.081954
-0.277428,0.003416,0.994056,3.640000,-2.450000,-1.610000,1770370109.089932
-0.278892,0.007564,0.988932,1.120000,-1.470000,0.000000,1770370109.097842
-0.274988,0.001220,0.984052,-1.120000,-1.820000,-2.030000,1770370109.105944
-0.277916,-0.000488,0.981612,0.140000,-2.170000,0.420000,1770370109.113929
-0.275720,-0.000488,0.984540,-1.120000,-0.140000,0.070000,1770370109.121853
-0.273524,-0.004392,0.991860,0.630000,-1.820000,-2.590000,1770370109.129854
-0.274256,-0.001464,0.993568,2.800000,-1.260000,-0.350000,1770370109.137911
-0.271328,-0.004880,0.993324,0.840000,-0.630000,-1.050000,1770370109.145852
-0.273768,-0.003172,0.991616,1.890000,-0.840000,-0.210000,1770370109.153838
-0.270108,-0.007808,0.991860,-0.210000,-0.980000,-0.560000,1770370109.161847
-0.271816,-0.012688,0.989420,2.240000,-0.980000,-1.120000,1770370109.169920
-0.270596,-0.012932,0.985028,0.070000,-1.260000,-2.380000,1770370109.177861
-0.270108,-0.014640,0.988688,-1.750000,-0.700000,-2.240000,1770370109.185838
-0.271816,-0.013176,0.992348,0.770000,-1.960000,-1.470000,1770370109.193841
-0.274256,-0.013908,0.994300,-0.980000,-0.700000,-2.730000,1770370109.201840
-0.273768,-0.011712,0.996496,-0.770000,1.190000,-1.470000,1770370109.209846
-0.276940,-0.013176,0.998448,0.420000,-0.420000,-1.820000,1770370109.217846
-0.278404,-0.009028,1.000156,-2.030000,0.070000,-2.380000,1770370109.225847
-0.280356,-0.006832,0.996496,0.210000,-0.700000,0.280000,1770370109.233844
-0.279380,-0.009760,0.994300,-2.240000,-0.840000,-1.470000,1770370109.241857
-0.280844,-0.009760,0.989420,0.910000,-1.050000,-2.380000,1770370109.249908
-0.281576,-0.007564,0.984540,-0.700000,-1.610000,-3.710000,1770370109.257979
-0.281332,-0.008052,0.985272,0.560000,-0.280000,-2.940000,1770370109.265871
-0.277916,-0.010980,0.983320,1.890000,-1.470000,-2.240000,1770370109.273853
-0.279136,-0.014640,0.990152,-1.330000,-0.980000,-2.030000,1770370109.281827
-0.276208,-0.015128,0.990640,1.960000,0.140000,-3.150000,1770370109.289842
-0.274744,-0.018544,0.994544,0.140000,-1.050000,-3.640000,1770370109.297842
-0.275720,-0.015860,0.999424,-0.910000,-0.630000,-3.080000,1770370109.305854
-0.275232,-0.019520,1.001620,0.700000,0.280000,-0.700000,1770370109.313843
-0.274012,-0.014640,1.002596,-1.120000,0.700000,-4.550000,1770370109.321835
-0.279624,-0.014396,1.002352,-0.980000,0.630000,-3.150000,1770370109.329837
-0.279380,-0.015616,0.996740,-2.240000,0.140000,-2.450000,1770370109.337838
-0.279868,-0.013420,0.998936,1.260000,-0.840000,-1.120000,1770370109.345837
-0.278648,-0.018300,0.994300,-0.910000,-0.280000,-3.080000,1770370109.353843
-0.282064,-0.015128,0.996984,0.350000,-0.770000,-2.170000,1770370109.361961
-0.283284,-0.013908,0.992104,0.420000,-1.260000,-0.910000,1770370109.369824
-0.283284,-0.013664,0.990640,1.120000,-1.400000,-3.850000,1770370109.377887
-0.285724,-0.010736,0.992592,1.960000,-0.140000,-1.890000,1770370109.385835
-0.283284,-0.005856,0.991616,1.540000,-0.420000,-2.030000,1770370109.393850
-0.282796,0.001464,0.997228,-0.350000,-0.770000,-1.960000,1770370109.401909
-0.282796,0.007076,0.995276,1.400000,0.070000,-2.730000,1770370109.409848
-0.282552,0.008540,0.998448,-0.910000,-0.840000,-0.700000,1770370109.417848
-0.278160,0.010736,0.996984,-1.680000,-0.700000,-2.310000,1770370109.425842
-0.279136,0.005856,0.993324,-0.140000,-1.960000,-1.680000,1770370109.433872
-0.277916,0.005856,0.994056,-1.190000,-2.380000,-4.200000,1770370109.441849
-0.275232,0.005856,0.986980,-0.910000,-2.380000,-2.590000,1770370109.449842
-0.275476,0.003172,0.986736,-0.700000,-2.030000,-3.150000,1770370109.457841
-0.273768,-0.001220,0.987224,1.260000,-1.960000,-2.730000,1770370109.465844
-0.273524,-0.004392,0.983564,-0.770000,-1.960000,-3.850000,1770370109.474035
-0.269132,-0.003172,0.989176,0.770000,-1.750000,-2.800000,1770370109.481850
-0.271084,-0.003660,0.989664,0.000000,-0.980000,-0.980000,1770370109.489848
-0.268888,-0.001952,0.987224,2.030000,-1.750000,-5.530000,1770370109.497922
-0.268156,-0.006344,0.988444,1.890000,-1.400000,-1.960000,1770370109.505887
-0.267424,-0.002684,0.988200,1.120000,-1.400000,-3.360000,1770370109.513847
-0.266204,-0.009516,0.986736,-0.140000,-1.400000,-3.920000,1770370109.521832
-0.263032,-0.005612,0.990396,1.680000,-1.750000,-4.200000,1770370109.529852
-0.260836,-0.010736,0.987712,0.980000,0.630000,-2.030000,1770370109.537861
-0.265716,-0.012444,0.998448,-0.070000,0.490000,-2.800000,1770370109.545842
-0.266692,-0.011468,1.007232,0.350000,1.190000,-2.730000,1770370109.553836
-0.266448,-0.010492,1.006744,-0.420000,1.610000,-0.490000,1770370109.561897
-0.275232,-0.015860,1.002352,-0.700000,1.260000,-3.430000,1770370109.569967
-0.279380,-0.015860,0.995032,-1.890000,1.470000,-2.450000,1770370109.577863
-0.284260,-0.020252,0.992104,0.420000,0.770000,-3.080000,1770370109.585846
-0.287920,-0.017324,0.991372,-0.770000,1.540000,-3.500000,1770370109.593846
-0.289628,-0.016592,0.986736,0.210000,0.490000,-3.150000,1770370109.601949
-0.288652,-0.015860,0.986004,0.560000,0.770000,-2.590000,1770370109.609846
-0.285968,-0.015128,0.987712,0.700000,-0.070000,-4.410000,1770370109.617838
-0.286944,-0.013420,0.987224,0.350000,-0.630000,-3.850000,1770370109.625827
-0.286456,-0.012932,0.990152,1.120000,-0.140000,-2.800000,1770370109.633848
-0.281576,-0.010492,0.991616,1.680000,-1.470000,-4.410000,1770370109.641939
-0.281332,-0.010492,0.991372,0.910000,-0.840000,-3.710000,1770370109.649875
-0.281088,-0.010248,0.991372,0.630000,-1.750000,-3.990000,1770370109.657962
-0.277184,-0.012444,0.991616,0.980000,-1.260000,-2.940000,1770370109.665876
-0.275232,-0.007320,0.994544,1.120000,-2.170000,-3.500000,1770370109.674048
-0.278160,-0.009028,1.001132,0.700000,-0.980000,-2.800000,1770370109.681849
-0.277672,-0.009272,0.995032,0.910000,-2.170000,-4.550000,1770370109.689901
-0.280600,-0.003172,0.991860,0.770000,-1.960000,-3.640000,1770370109.697864
-0.277428,-0.008052,0.992592,0.630000,-2.030000,-2.800000,1770370109.705881
-0.278648,-0.006344,0.991860,-0.420000,-2.380000,-3.150000,1770370109.713850
-0.274988,-0.000488,0.998204,-0.420000,-0.980000,-2.590000,1770370109.721848
-0.273524,0.003172,0.995764,-0.420000,-1.400000,-4.620000,1770370109.729934
-0.273768,0.001220,0.999180,0.910000,-1.400000,-2.380000,1770370109.737909
-0.275720,0.000000,0.996496,-1.680000,-1.190000,-2.730000,1770370109.745851
-0.278404,-0.002684,0.999668,0.210000,-1.260000,-3.010000,1770370109.753835
-0.275476,-0.004148,0.996984,-0.980000,-1.610000,-3.640000,1770370109.761981
-0.277428,-0.006832,0.996984,0.350000,-2.870000,-2.590000,1770370109.769840
-0.276208,-0.012200,0.996496,1.260000,-2.800000,-4.480000,1770370109.777858
-0.273280,-0.009028,1.000156,1.050000,-2.940000,-3.150000,1770370109.785892
-0.273036,-0.008540,0.999912,1.750000,-3.850000,-2.380000,1770370109.793837
-0.271328,-0.000732,1.001132,0.000000,-2.520000,-4.270000,1770370109.801850
-0.266692,-0.001220,0.998448,2.030000,-2.590000,-2.240000,1770370109.809845
-0.266204,0.000488,0.993324,0.140000,-1.960000,-2.520000,1770370109.817848
-0.262300,0.001708,0.988932,-0.420000,-1.610000,-2.940000,1770370109.825961
-0.260592,0.003172,0.978684,-1.820000,-1.820000,-3.150000,1770370109.833846
-0.260836,-0.001220,0.973316,-1.190000,-0.280000,-2.170000,1770370109.841845
-0.258152,-0.000732,0.973560,-1.680000,0.420000,-3.150000,1770370109.849852
-0.259372,-0.003904,0.973804,0.140000,1.400000,-0.490000,1770370109.857847
-0.265228,-0.008052,0.971852,-0.560000,-0.280000,-2.800000,1770370109.865869
-0.264008,-0.010248,0.973804,-0.350000,0.420000,-0.350000,1770370109.874188
-0.265960,-0.009760,0.980880,0.490000,1.190000,-1.470000,1770370109.881981
-0.272304,-0.008296,0.988444,1.540000,1.960000,-1.120000,1770370109.889837
-0.276696,-0.011956,0.994300,0.560000,4.410000,0.070000,1770370109.897845
-0.288896,-0.009516,1.002108,0.980000,4.410000,-2.030000,1770370109.905852
-0.300852,-0.003416,1.022360,0.000000,6.020000,-0.910000,1770370109.913855
-0.315980,0.003172,1.039684,-3.150000,4.760000,-1.190000,1770370109.921970
-0.331840,0.012444,1.059448,-4.830000,3.640000,1.330000,1770370109.929843
-0.347212,0.022448,1.053836,-8.470000,3.850000,-0.350000,1770370109.937852
-0.358680,0.029036,1.027972,-13.230000,2.870000,0.770000,1770370109.945841
-0.358192,0.031964,1.029680,-16.799999,4.200000,2.240000,1770370109.953905
-0.344040,0.018056,1.065060,-21.209999,3.500000,2.100000,1770370109.961880
-0.329156,-0.015616,1.031632,-19.879999,-2.030000,7.840000,1770370109.969870
-0.344040,-0.048800,0.944036,-18.200001,-12.810000,10.990000,1770370109.977865
-0.353556,-0.057828,0.859124,-12.950000,-22.049999,18.969999,1770370109.985959
-0.349164,-0.044408,0.802760,-8.120000,-28.910000,20.860001,1770370109.993843
-0.322324,-0.017324,0.808616,-4.830000,-33.599998,25.620001,1770370110.001849
-0.288896,0.040016,0.851804,-2.870000,-33.040001,28.280001,1770370110.009844
-0.260104,0.103944,0.890112,-6.580000,-30.170000,29.820000,1770370110.017933
-0.238144,0.158356,0.910120,-12.880000,-28.280001,30.240000,1770370110.025871
-0.216428,0.195688,0.919880,-20.580000,-24.570000,30.520000,1770370110.033847
-0.187636,0.219112,0.945500,-24.219999,-22.120001,28.070000,1770370110.041844
-0.158356,0.251320,0.983076,-26.879999,-19.389999,26.459999,1770370110.049843
-0.128832,0.284260,1.023824,-26.530001,-19.530001,25.129999,1770370110.058008
-0.090768,0.316956,1.051152,-26.459999,-19.809999,23.379999,1770370110.066179
-0.053924,0.333304,1.056520,-27.090000,-21.490000,23.240000,1770370110.074480
-0.019276,0.337208,1.062620,-26.110001,-20.020000,25.480000,1770370110.081879
-0.002196,0.335012,1.070916,-25.270000,-16.730000,26.040001,1770370110.089849
0.009516,0.318908,1.069696,-26.320000,-11.060000,30.520000,1770370110.097911
0.009760,0.292556,1.060424,-26.670000,-1.610000,30.660000,1770370110.105858
-0.004880,0.250100,1.045540,-24.850000,10.640000,32.619999,1770370110.113879
-0.025132,0.185196,1.025776,-23.240000,23.170000,32.549999,1770370110.121843
-0.048312,0.115168,1.001376,-15.540000,38.150002,29.540001,1770370110.129854
-0.081496,0.045628,0.976244,-9.450000,50.330002,27.930000,1770370110.137873
-0.113948,0.008052,0.957700,-2.800000,56.560001,22.540001,1770370110.145987
-0.151524,0.000244,0.956236,5.180000,62.090000,19.879999,1770370110.153833
-0.191296,-0.000976,0.968924,8.120000,62.790001,14.000000,1770370110.161861
-0.225212,0.003660,0.970144,8.680000,59.779999,10.080000,1770370110.169842
-0.253272,0.008296,0.956236,9.100000,54.880001,6.370000,1770370110.177866
-0.270596,0.007076,0.943304,8.120000,47.250000,1.120000,1770370110.185963
-0.270840,0.006100,0.942816,10.010000,40.040001,-1.050000,1770370110.193842
-0.261568,0.000488,0.947940,8.120000,35.139999,-5.390000,1770370110.201842
-0.246684,-0.010004,0.970632,10.920000,31.639999,-7.280000,1770370110.209839
-0.229360,-0.021228,0.995764,10.990000,32.480000,-9.940000,1770370110.217843
-0.217404,-0.032208,1.029924,14.210000,34.369999,-8.330000,1770370110.225844
-0.217648,-0.032696,1.058716,15.610000,38.709999,-11.340000,1770370110.233948
-0.230092,-0.026108,1.071404,16.240000,42.349998,-9.660000,1770370110.241842
-0.251320,-0.018056,1.072380,19.250000,45.990002,-10.920000,1770370110.249832
-0.274500,0.000000,1.083116,19.110001,50.610001,-10.920000,1770370110.257833
-0.306708,0.032452,1.090436,19.879999,51.240002,-11.970000,1770370110.265849
-0.341356,0.073688,1.079944,19.320000,50.119999,-13.020000,1770370110.273984
-0.370148,0.118340,1.047492,21.980000,47.459999,-13.300000,1770370110.281848
-0.396744,0.136396,1.019432,27.299999,41.299999,-11.340000,1770370110.289840
-0.425536,0.142008,0.990396,32.200001,35.490002,-8.120000,1770370110.297839
-0.449692,0.157868,0.946232,38.080002,28.559999,-9.660000,1770370110.305822
-0.471896,0.183732,0.901580,42.980000,23.240000,-6.090000,1770370110.313849
-0.494588,0.209840,0.899628,45.430000,18.690001,-8.820000,1770370110.321922
-0.517036,0.238144,0.933056,47.389999,16.590000,-8.330000,1770370110.329872
-0.544120,0.257176,0.968680,45.430000,12.810000,-9.240000,1770370110.337848
-0.580720,0.262788,0.983076,44.939999,7.700000,-9.520000,1770370110.345837
-0.610732,0.278648,0.961116,45.290001,-0.140000,-11.900000,1770370110.353825
-0.639768,0.300120,0.952332,47.529999,-9.170000,-11.340000,1770370110.361850
-0.660020,0.328180,0.939156,45.009998,-17.150000,-12.530000,1770370110.369946
-0.669292,0.349164,0.902556,45.080002,-27.020000,-14.140000,1770370110.377855
-0.672464,0.365756,0.847412,39.759998,-34.650002,-17.010000,1770370110.385845
-0.680272,0.385032,0.810568,33.389999,-40.669998,-18.690001,1770370110.393918
-0.686860,0.413580,0.809348,24.219999,-41.090000,-26.530001,1770370110.401834
-0.689544,0.446276,0.825452,13.300000,-42.209999,-36.049999,1770370110.409895
-0.689300,0.467260,0.828380,-2.800000,-43.680000,-44.520000,1770370110.417881
-0.686372,0.472384,0.817400,-16.309999,-46.900002,-50.189999,1770370110.425972
-0.670024,0.469456,0.808128,-23.660000,-50.680000,-55.160000,1770370110.433837
-0.641964,0.465308,0.817888,-27.860001,-56.139999,-56.279999,1770370110.441887
-0.603168,0.451156,0.839848,-28.770000,-65.309998,-55.160000,1770370110.449879
-0.547292,0.425292,0.862784,-31.780001,-76.300003,-52.500000,1770370110.457904
-0.490196,0.385764,0.873276,-33.459999,-89.529999,-47.529999,1770370110.465863
-0.427732,0.316956,0.867420,-32.689999,-102.760002,-42.349998,1770370110.473853
-0.357704,0.243512,0.866200,-28.770000,-115.080002,-36.820000,1770370110.481928
-0.284504,0.172996,0.891820,-22.330000,-122.849998,-31.150000,1770370110.489877
-0.212768,0.127856,0.927688,-13.230000,-126.489998,-27.020000,1770370110.497911
-0.148840,0.052948,0.970876,-7.420000,-126.070000,-24.639999,1770370110.505854
-0.087352,0.002684,1.019920,0.700000,-119.070000,-24.920000,1770370110.513850
-0.018544,-0.032208,1.085800,8.540000,-110.389999,-27.510000,1770370110.521846
0.054656,-0.107848,1.173396,13.860000,-100.169998,-37.520000,1770370110.529864
0.126392,-0.145424,1.244156,18.129999,-89.180000,-43.959999,1770370110.537857
0.190076,-0.168848,1.301252,23.660000,-78.330002,-51.099998,1770370110.545845
0.251076,-0.170068,1.333216,23.309999,-71.120003,-58.310001,1770370110.553833
0.301096,-0.156892,1.312720,21.139999,-66.220001,-63.700001,1770370110.561850
0.345504,-0.133956,1.257576,18.340000,-64.889999,-66.639999,1770370110.569899
0.369416,-0.134444,1.180228,13.790000,-65.449997,-66.570000,1770370110.577879
0.384788,-0.140056,1.122644,10.010000,-63.000000,-66.010002,1770370110.585847
0.393084,-0.160308,1.105076,7.630000,-58.450001,-68.879997,1770370110.593851
0.396012,-0.154696,1.105320,3.990000,-46.900002,-73.570000,1770370110.601942
0.393084,-0.115412,1.097756,0.910000,-30.030001,-77.419998,1770370110.609848
0.377712,-0.056364,1.070672,-3.920000,-10.570000,-81.269997,1770370110.617845
0.345260,0.000244,1.036268,-9.660000,11.270000,-78.750000,1770370110.625832
0.296704,0.047580,1.001620,-12.530000,29.120001,-80.080002,1770370110.633852
0.246684,0.076128,0.979660,-15.120000,46.689999,-78.330002,1770370110.641959
0.190564,0.091744,0.975268,-14.770000,61.669998,-73.849998,1770370110.649838
0.135420,0.095160,0.979172,-11.970000,73.639999,-68.669998,1770370110.657840
0.083204,0.108824,0.969656,-9.100000,77.769997,-60.689999,1770370110.665852
0.035136,0.131028,0.942572,-7.420000,73.430000,-58.869999,1770370110.673850
0.000732,0.135664,0.900848,-4.620000,66.779999,-51.939999,1770370110.681866
-0.016348,0.140300,0.861564,0.350000,57.119999,-49.419998,1770370110.689846
-0.019276,0.166164,0.855952,9.030000,47.810001,-43.820000,1770370110.697962
-0.003416,0.217892,0.878644,9.450000,39.900002,-41.020000,1770370110.705846
0.029280,0.259860,0.904508,7.980000,34.930000,-35.139999,1770370110.713848
0.066612,0.290116,0.899872,6.860000,30.590000,-29.889999,1770370110.721848
0.108092,0.303536,0.903776,5.740000,31.780001,-29.469999,1770370110.729871
0.146888,0.312320,0.897188,3.290000,36.330002,-25.760000,1770370110.737868
0.185440,0.326472,0.877424,-0.910000,46.130001,-24.500000,1770370110.745845
0.216428,0.331840,0.808616,-3.780000,57.049999,-18.410000,1770370110.753827
0.229116,0.327936,0.747860,-9.520000,64.260002,-11.130000,1770370110.761852
0.216184,0.305488,0.768356,-13.090000,73.080002,-3.570000,1770370110.769858
0.190320,0.280112,0.856196,-17.430000,84.070000,2.800000,1770370110.778015
0.146644,0.227164,0.900360,-19.110001,96.529999,10.080000,1770370110.785966
0.085888,0.156160,0.888648,-20.580000,105.980003,14.000000,1770370110.793852
-0.001220,0.051728,0.888648,-17.570000,116.830002,21.559999,1770370110.801946
-0.090768,-0.033428,0.922808,-14.000000,125.790001,26.809999,1770370110.809834
-0.206180,-0.117852,1.010404,-9.870000,137.690002,30.520000,1770370110.817841
-0.319640,-0.183976,1.103368,-8.750000,149.589996,31.920000,1770370110.825847
-0.462136,-0.233996,1.168272,-7.000000,159.669998,30.730000,1770370110.833847
-0.611464,-0.265716,1.192428,-9.870000,163.940002,26.389999,1770370110.841905
-0.772748,-0.288164,1.192672,-13.790000,159.250000,14.700000,1770370110.849866
-0.904752,-0.294752,1.146068,-19.879999,147.490005,5.810000,1770370110.857838
-1.014796,-0.306464,1.105564,-20.230000,128.169998,-6.650000,1770370110.865847
-1.063596,-0.314516,1.083360,-21.629999,99.120003,-13.860000,1770370110.873924
-1.082140,-0.315980,1.089216,-20.790001,66.150002,-22.469999,1770370110.881979
-1.049444,-0.280600,1.087264,-23.240000,30.379999,-28.700001,1770370110.889854
-0.975756,-0.212524,1.051396,-27.580000,-4.760000,-34.020000,1770370110.897851
-0.866688,-0.146644,1.009916,-31.709999,-34.930000,-38.430000,1770370110.905848
-0.737856,-0.091500,0.974536,-36.889999,-59.009998,-39.130001,1770370110.913831
-0.605120,-0.046116,0.955504,-40.880001,-77.279999,-45.500000,1770370110.921857
-0.486048,-0.014884,0.970632,-42.630001,-86.519997,-46.200001,1770370110.929848
-0.389180,-0.017812,1.017236,-43.680000,-89.320000,-45.500000,1770370110.937849
-0.328424,-0.076128,1.082384,-40.110001,-83.860001,-36.400002,1770370110.945855
-0.301096,-0.111752,1.072624,-29.330000,-72.870003,-32.130001,1770370110.953943
-0.294264,-0.099796,1.016992,-17.709999,-57.820000,-24.709999,1770370110.961877
-0.313784,-0.070028,0.948184,-10.290000,-39.689999,-24.639999,1770370110.969854
-0.350872,-0.027328,0.858392,-6.930000,-22.260000,-20.299999,1770370110.977924
-0.409432,0.013664,0.766160,-4.340000,-4.480000,-22.959999,1770370110.985857
-0.470676,0.048068,0.700280,-3.220000,10.080000,-22.959999,1770370110.993840
-0.528504,0.071248,0.669292,-3.220000,19.809999,-24.150000,1770370111.001853
-0.587308,0.077348,0.674904,-1.890000,24.709999,-28.209999,1770370111.009850
-0.643184,0.068808,0.685152,1.330000,24.150000,-25.480000,1770370111.018015
-0.701500,0.049776,0.693692,4.760000,23.799999,-22.540001,1770370111.025843
-0.761280,0.025620,0.699548,12.250000,17.639999,-17.430000,1770370111.033846
-0.804712,-0.001464,0.702964,13.650000,7.280000,-18.690001,1770370111.041851
-0.835944,-0.056364,0.687348,16.100000,-6.720000,-15.540000,1770370111.049874
-0.854976,-0.112972,0.668072,18.200001,-26.110001,-16.100000,1770370111.057922
-0.852048,-0.175680,0.653920,23.030001,-48.369999,-14.490000,1770370111.066131
-0.830820,-0.241316,0.644404,27.930000,-71.330002,-12.180000,1770370111.073990
-0.783728,-0.312076,0.614148,34.509998,-92.540001,-11.550000,1770370111.081902
-0.720044,-0.383812,0.593896,42.349998,-114.169998,-13.720000,1770370111.089868
-0.642940,-0.449204,0.596336,47.950001,-129.710007,-16.870001,1770370111.097872
-0.562176,-0.504592,0.621712,56.209999,-142.520004,-20.230000,1770370111.105845
-0.467992,-0.523136,0.707356,64.889999,-151.479996,-24.639999,1770370111.113861
-0.356484,-0.508984,0.843264,70.629997,-154.839996,-31.920000,1770370111.121856
-0.230580,-0.453840,0.986980,74.410004,-153.229996,-39.340000,1770370111.129853
-0.095404,-0.359900,1.128744,74.480003,-147.070007,-47.110001,1770370111.137884
0.031720,-0.251320,1.267336,65.309998,-133.630005,-50.889999,1770370111.145871
0.147864,-0.135908,1.359568,51.310001,-118.089996,-56.139999,1770370111.153836
0.279868,-0.001952,1.380796,32.200001,-101.430000,-57.540001,1770370111.161856
0.407236,0.122976,1.338096,15.540000,-91.629997,-46.410000,1770370111.169851
0.490196,0.192272,1.291980,1.540000,-87.849998,-35.279999,1770370111.177888
0.503616,0.238388,1.256356,-9.240000,-78.959999,-21.910000,1770370111.185828
0.464088,0.283772,1.199260,-17.360001,-66.010002,-18.200001,1770370111.193841
0.400648,0.330864,1.098732,-26.459999,-44.730000,-17.639999,1770370111.201845
0.330864,0.365756,0.971608,-33.740002,-20.580000,-21.840000,1770370111.209843
0.256932,0.380152,0.846436,-39.340000,5.740000,-25.760000,1770370111.217861
0.167140,0.391376,0.767868,-42.000000,28.280001,-34.720001,1770370111.225899
0.076128,0.405772,0.735660,-46.200001,48.020000,-41.439999,1770370111.233841
-0.014396,0.390400,0.742980,-50.470001,63.910000,-46.410000,1770370111.241841
-0.082960,0.349164,0.767624,-53.480000,73.989998,-51.240002,1770370111.249838
-0.138836,0.278160,0.802028,-54.529999,73.919998,-53.830002,1770370111.257834
-0.185196,0.190076,0.833016,-53.480000,66.639999,-54.599998,1770370111.265861
-0.204472,0.090280,0.869860,-46.130001,49.209999,-51.169998,1770370111.273855
-0.190564,-0.008052,0.926956,-36.680000,27.930000,-48.439999,1770370111.281859
-0.142740,-0.108824,1.032608,-23.799999,3.500000,-45.009998,1770370111.289840
-0.070516,-0.174704,1.151924,-11.690000,-16.379999,-38.009998,1770370111.297842
0.028792,-0.241560,1.219024,-1.680000,-32.830002,-34.930000,1770370111.305885
0.130052,-0.306220,1.231956,7.980000,-42.000000,-30.309999,1770370111.313845
0.226676,-0.371124,1.201212,18.129999,-45.779999,-26.040001,1770370111.321827
0.303780,-0.419680,1.122156,25.760000,-41.160000,-23.030001,1770370111.329843
0.373076,-0.443836,1.035048,31.010000,-31.570000,-15.890000,1770370111.337845
0.424560,-0.453840,0.957456,28.770000,-12.390000,-10.920000,1770370111.345858
0.474824,-0.457988,0.900116,25.129999,12.950000,1.190000,1770370111.353935
0.497516,-0.479216,0.871080,19.670000,46.900002,14.280000,1770370111.361851
0.489464,-0.521916,0.866932,19.110001,80.290001,31.850000,1770370111.369825
0.427000,-0.586576,0.896700,23.100000,114.169998,49.630001,1770370111.378074
0.297924,-0.636596,0.945256,31.290001,145.809998,66.010002,1770370111.385847
0.133224,-0.614880,0.990152,40.110001,172.690002,78.470001,1770370111.393914
-0.047580,-0.536312,1.010892,43.610001,192.429993,83.160004,1770370111.401845
-0.230580,-0.409920,1.049200,42.560001,199.850006,85.260002,1770370111.409852
-0.413824,-0.252052,1.096048,29.330000,199.710007,81.900002,1770370111.417845
-0.609756,-0.142496,1.124596,9.800000,192.080002,75.459999,1770370111.425878
-0.779092,-0.103700,1.101416,-4.130000,178.360001,63.980000,1770370111.433857
-0.946232,-0.119560,1.074576,-12.600000,162.820007,49.070000,1770370111.441849
-1.069452,-0.120292,1.046028,-16.660000,141.820007,29.400000,1770370111.449846
-1.146312,-0.081496,1.031876,-16.660000,114.099998,11.410000,1770370111.457873
-1.165344,0.004636,1.028216,-17.570000,85.400002,-4.620000,1770370111.465851
-1.133380,0.084424,1.016260,-20.090000,51.099998,-16.660000,1770370111.473956
-1.056032,0.144448,1.006256,-23.170000,16.799999,-22.469999,1770370111.481867
-0.959652,0.171288,1.015040,-22.889999,-14.070000,-27.510000,1770370111.489878
-0.857416,0.142984,1.060424,-23.590000,-39.200001,-27.090000,1770370111.497893
-0.759572,0.101748,1.089460,-20.090000,-58.240002,-24.290001,1770370111.505856
-0.681736,0.108824,1.057252,-15.190000,-68.809998,-21.840000,1770370111.513851
-0.614392,0.145912,0.993080,-15.260000,-73.570000,-22.820000,1770370111.521845
-0.552416,0.174460,0.921344,-15.120000,-71.750000,-22.889999,1770370111.529846
-0.514108,0.182268,0.832772,-16.870001,-63.139999,-23.590000,1770370111.537967
-0.495808,0.185928,0.752008,-15.680000,-50.119999,-24.990000,1770370111.545842
-0.486780,0.178364,0.703696,-16.240000,-37.939999,-23.940001,1770370111.553834
-0.475800,0.161284,0.679296,-15.820000,-23.660000,-27.440001,1770370111.561848
-0.474092,0.121268,0.674416,-15.750000,-13.300000,-24.500000,1770370111.569844
-0.489708,0.061976,0.680760,-11.200000,-8.050000,-17.850000,1770370111.577888
-0.510936,0.004148,0.714188,-8.750000,-2.800000,-11.620000,1770370111.585855
-0.533384,-0.054412,0.746152,-4.130000,-1.260000,-3.850000,1770370111.593849
-0.557296,-0.120048,0.773724,-3.430000,0.490000,2.030000,1770370111.601892
-0.570960,-0.200080,0.773968,-2.800000,-0.840000,10.570000,1770370111.609866
-0.589260,-0.298656,0.767624,-0.770000,-3.850000,15.680000,1770370111.617839
-0.604876,-0.397720,0.766160,3.640000,-9.380000,23.660000,1770370111.625834
-0.620492,-0.508740,0.776652,8.400000,-15.960000,24.709999,1770370111.633887
-0.645624,-0.605852,0.794708,14.140000,-23.170000,25.480000,1770370111.641850
-0.652944,-0.683932,0.803492,18.690001,-29.820000,22.469999,1770370111.649971
-0.637572,-0.720776,0.773724,29.120001,-36.820000,13.580000,1770370111.657843
-0.587796,-0.704428,0.720288,42.000000,-44.799999,11.690000,1770370111.665844
-0.527040,-0.652944,0.681492,63.349998,-55.650002,6.860000,1770370111.673851
-0.451400,-0.561200,0.661728,80.849998,-67.760002,4.690000,1770370111.681926
-0.374052,-0.438468,0.668072,99.750000,-81.410004,-0.700000,1770370111.689880
-0.291580,-0.282796,0.714188,115.500000,-90.720001,-4.830000,1770370111.697841
-0.215452,-0.125172,0.791536,125.440002,-94.010002,-10.570000,1770370111.705839
-0.142496,0.030012,0.910608,129.429993,-89.949997,-22.680000,1770370111.713863
-0.049532,0.169824,1.032364,122.500000,-79.870003,-32.900002,1770370111.721965
0.048068,0.292556,1.147776,111.650002,-66.779999,-38.779999,1770370111.729850
0.131028,0.361364,1.236592,92.610001,-51.029999,-41.090000,1770370111.737845
0.179340,0.376492,1.291004,71.540001,-34.020000,-43.610001,1770370111.745914
0.220332,0.356972,1.311012,52.430000,-20.020000,-38.570000,1770370111.753860
0.219112,0.317200,1.327360,31.010000,-2.380000,-33.040001,1770370111.761859
0.185684,0.270840,1.313452,11.200000,20.020000,-30.660000,1770370111.769893
0.118340,0.204228,1.251964,-2.590000,43.049999,-25.900000,1770370111.777861
0.030988,0.161284,1.165588,-13.230000,63.349998,-25.760000,1770370111.785860
-0.071492,0.168360,1.096780,-15.470000,78.750000,-26.110001,1770370111.793843
-0.172020,0.218868,1.039684,-20.299999,88.129997,-30.660000,1770370111.801979
-0.260592,0.286456,0.998204,-22.469999,88.410004,-34.369999,1770370111.809839
-0.339892,0.341112,0.950380,-26.320000,82.669998,-31.920000,1770370111.817846
-0.409432,0.374296,0.903288,-29.469999,74.970001,-33.599998,1770370111.825856
-0.464088,0.389424,0.875716,-32.060001,63.980000,-23.870001,1770370111.833884
-0.484828,0.375760,0.877668,-37.450001,46.270000,-22.260000,1770370111.841848
-0.485072,0.325252,0.884988,-42.910000,22.260000,-24.150000,1770370111.849916
-0.453840,0.228872,0.901824,-44.029999,0.980000,-24.850000,1770370111.857834
-0.387228,0.124196,0.906704,-39.410000,-19.389999,-28.700001,1770370111.865878
-0.296216,0.034648,0.921832,-31.780001,-34.439999,-23.590000,1770370111.873857
-0.206668,-0.034648,0.939400,-25.760000,-44.240002,-20.790001,1770370111.881887
-0.115656,-0.095160,0.987956,-19.950001,-45.570000,-16.730000,1770370111.889968
-0.021228,-0.134444,1.042124,-19.670000,-40.810001,-11.060000,1770370111.897875
0.064172,-0.176168,1.096048,-20.790001,-28.139999,-5.530000,1770370111.905844
0.132980,-0.211304,1.127036,-23.870001,-14.490000,1.750000,1770370111.913850
0.188856,-0.252784,1.139480,-27.440001,-1.400000,8.190000,1770370111.921888
0.216428,-0.289384,1.101172,-30.100000,10.290000,15.680000,1770370111.929864
0.226676,-0.326960,1.038464,-28.209999,22.120001,25.690001,1770370111.937839
0.215940,-0.352336,0.968680,-23.240000,33.669998,37.380001,1770370111.945844
0.188368,-0.344284,0.900360,-12.530000,45.570000,47.110001,1770370111.953839
0.141764,-0.307196,0.857904,-3.290000,61.880001,59.430000,1770370111.961964
0.071980,-0.273524,0.831064,5.880000,78.540001,67.059998,1770370111.969844
-0.006832,-0.253272,0.832528,13.860000,95.059998,73.290001,1770370111.977856
-0.102480,-0.238388,0.867908,17.990000,110.739998,78.820000,1770370111.985860
-0.205692,-0.201544,0.895480,27.090000,120.610001,79.800003,1770370111.993876
-0.309636,-0.142008,0.919148,29.120001,126.489998,75.529999,1770370112.001849
-0.414312,-0.050264,0.968192,26.740000,125.860001,68.739998,1770370112.009840
-0.536068,0.033428,1.028216,18.059999,120.610001,59.709999,1770370112.017906
-0.674904,0.084912,1.083360,4.550000,117.949997,47.810001,1770370112.025857
-0.814960,0.091988,1.126060,-5.390000,113.750000,29.049999,1770370112.033844
-0.929396,0.067588,1.141676,-16.100000,108.709999,11.480000,1770370112.041856
-1.018700,0.035380,1.135332,-14.980000,93.940002,-3.290000,1770370112.049852
-1.065060,0.014884,1.118740,-13.580000,71.190002,-17.639999,1770370112.058524
-1.067012,0.009760,1.101660,-6.650000,42.770000,-27.440001,1770370112.066046
-1.016016,0.034648,1.080920,-1.330000,11.690000,-34.860001,1770370112.074325
-0.931348,0.086864,1.057008,1.190000,-19.600000,-38.290001,1770370112.081923
-0.815692,0.163480,1.035048,0.210000,-47.040001,-44.590000,1770370112.089859
-0.684176,0.227896,1.016992,-3.570000,-65.449997,-46.200001,1770370112.097988
-0.568276,0.248392,1.028948,-10.360000,-75.459999,-46.970001,1770370112.105855
-0.476044,0.212036,1.009672,-16.100000,-73.709999,-44.029999,1770370112.113848
-0.422120,0.166408,0.966240,-21.000000,-64.330002,-40.880001,1770370112.121842
-0.404796,0.127368,0.905972,-21.209999,-46.270000,-37.590000,1770370112.129853
-0.413824,0.084668,0.840580,-20.440001,-25.270000,-36.889999,1770370112.137862
-0.452376,0.044408,0.768600,-20.230000,-3.850000,-34.790001,1770370112.145846
-0.506788,0.022448,0.727364,-19.740000,13.580000,-36.189999,1770370112.153844
-0.570960,0.005612,0.701988,-22.750000,24.500000,-39.200001,1770370112.161963
-0.643672,-0.030012,0.704916,-21.350000,33.459999,-33.740002,1770370112.169843
-0.716384,-0.101748,0.703208,-17.010000,39.689999,-28.420000,1770370112.177848
-0.801540,-0.169824,0.708576,-8.750000,42.139999,-19.320000,1770370112.185881
-0.883280,-0.212524,0.714920,-3.010000,42.349998,-10.780000,1770370112.193835
-0.945256,-0.261080,0.709796,2.730000,36.470001,-2.730000,1770370112.201854
-0.984784,-0.313784,0.711016,5.740000,23.450001,3.570000,1770370112.209834
-0.994300,-0.382836,0.717848,10.010000,4.410000,8.960000,1770370112.217866
-0.979416,-0.463356,0.744200,12.810000,-16.379999,11.760000,1770370112.225854
-0.938424,-0.522404,0.797880,20.230000,-33.180000,12.460000,1770370112.233843
-0.881328,-0.557052,0.833504,27.650000,-47.250000,10.850000,1770370112.241849
-0.809348,-0.568032,0.811544,37.520000,-55.580002,10.220000,1770370112.249839
-0.732244,-0.539972,0.742980,49.419998,-64.190002,6.720000,1770370112.257838
-0.638792,-0.488000,0.680516,67.550003,-75.949997,9.310000,1770370112.265909
-0.549000,-0.413336,0.624152,83.300003,-90.300003,7.420000,1770370112.273862
-0.471408,-0.298168,0.604876,98.559998,-103.110001,12.810000,1770370112.281860
-0.404552,-0.155672,0.648308,110.949997,-110.949997,10.080000,1770370112.289847
-0.337208,0.007808,0.738832,114.660004,-111.930000,5.250000,1770370112.297898
-0.266204,0.154696,0.820572,112.279999,-108.290001,-6.090000,1770370112.305847
-0.209596,0.260104,0.872056,106.400002,-99.190002,-12.740000,1770370112.313845
-0.147620,0.324032,0.892796,95.830002,-88.059998,-19.809999,1770370112.321839
-0.092476,0.337940,0.915000,86.870003,-81.059998,-28.000000,1770370112.329839
-0.033916,0.331108,0.961604,79.730003,-77.769997,-35.840000,1770370112.337871
0.021228,0.314028,1.019432,70.349998,-76.790001,-48.509998,1770370112.345922
0.067344,0.331840,1.072868,61.320000,-72.099998,-55.720001,1770370112.353866
0.100040,0.380396,1.078480,51.310001,-68.739998,-64.260002,1770370112.361848
0.120780,0.435784,1.043832,38.570000,-64.680000,-74.830002,1770370112.369824
0.142008,0.485560,0.972584,24.850000,-64.540001,-83.440002,1770370112.378002
0.157868,0.520940,0.890356,9.660000,-64.959999,-91.419998,1770370112.385868
0.146400,0.549488,0.800076,-5.670000,-59.360001,-87.639999,1770370112.393855
0.122244,0.517036,0.734684,-28.209999,-50.680000,-82.809998,1770370112.401958
0.118584,0.393816,0.755180,-42.560001,-40.810001,-75.949997,1770370112.409839
0.146400,0.223992,0.836920,-53.689999,-29.610001,-73.220001,1770370112.417845
0.171044,0.036356,0.933056,-56.349998,-15.330000,-67.550003,1770370112.425843
0.196908,-0.128100,1.017480,-59.220001,-1.400000,-63.000000,1770370112.433878
0.218136,-0.255712,1.108492,-56.490002,9.590000,-55.369999,1770370112.441833
0.224968,-0.345748,1.212192,-51.520000,21.629999,-52.220001,1770370112.449839
0.230092,-0.371368,1.309060,-46.900002,35.560001,-42.000000,1770370112.457839
0.231312,-0.332328,1.390556,-39.759998,52.639999,-33.599998,1770370112.465845
0.215452,-0.261324,1.428864,-33.529999,70.419998,-22.610001,1770370112.473864
0.170800,-0.172752,1.432768,-24.990000,86.660004,-9.940000,1770370112.481969
0.090280,-0.074420,1.388116,-18.969999,100.730003,3.710000,1770370112.489857
-0.018544,0.009760,1.299056,-14.770000,106.820000,14.630000,1770370112.497885
-0.137128,0.071980,1.183644,-17.990000,109.760002,26.809999,1770370112.505850
-0.245952,0.087108,1.047736,-19.670000,110.320000,36.820000,1770370112.513853
-0.342088,0.067344,0.922808,-19.879999,108.010002,44.799999,1770370112.521847
-0.408212,0.039528,0.830088,-16.870001,106.750000,51.660000,1770370112.529930
-0.444568,0.028304,0.750788,-12.320000,101.010002,58.520000,1770370112.537854
-0.466772,0.019520,0.685884,-3.990000,90.230003,66.360001,1770370112.545847
-0.487756,0.035136,0.647332,3.640000,81.199997,70.980003,1770370112.553851
-0.499712,0.061732,0.633912,9.660000,75.110001,72.519997,1770370112.561872
-0.513376,0.089792,0.644648,16.730000,68.320000,72.379997,1770370112.569879
-0.534848,0.108824,0.678076,19.320000,64.959999,68.599998,1770370112.577852
-0.551928,0.123708,0.733464,19.110001,61.320000,63.980000,1770370112.585868
-0.574864,0.123464,0.803980,16.309999,56.560001,57.540001,1770370112.593860
-0.627812,0.111508,0.884988,12.460000,53.130001,48.369999,1770370112.601973
-0.694424,0.100528,0.944280,7.560000,53.830002,37.380001,1770370112.609857
-0.764696,0.102724,0.979660,3.570000,53.480000,21.350000,1770370112.617844
-0.831308,0.106628,0.975512,-3.430000,52.360001,5.810000,1770370112.625832
-0.884500,0.096868,0.945256,-4.410000,46.689999,-10.220000,1770370112.633868
-0.908900,0.074908,0.885476,-5.670000,31.010000,-28.629999,1770370112.642001
-0.905972,0.084424,0.856684,-4.690000,10.920000,-39.900002,1770370112.649844
-0.861808,0.125904,0.869860,-4.130000,-10.360000,-49.770000,1770370112.657846
-0.796660,0.162748,0.913292,-6.860000,-33.180000,-51.029999,1770370112.665847
-0.719556,0.192028,0.946720,-9.870000,-47.389999,-46.270000,1770370112.673927
-0.638060,0.198860,0.946964,-17.010000,-53.759998,-43.959999,1770370112.681873
-0.571204,0.198128,0.927932,-23.450001,-53.480000,-37.520000,1770370112.689903
-0.535336,0.183732,0.905240,-31.990000,-45.150002,-34.369999,1770370112.697854
-0.526796,0.165188,0.865224,-41.580002,-28.770000,-30.379999,1770370112.705920
-0.549732,0.145912,0.826184,-48.860001,-10.710000,-23.870001,1770370112.713858
-0.607316,0.088328,0.829844,-53.759998,9.940000,-18.340000,1770370112.721847
-0.704916,-0.008784,0.838628,-50.119999,28.700001,-7.000000,1770370112.729849
-0.836676,-0.119804,0.832284,-44.520000,45.360001,2.170000,1770370112.737877
-0.976976,-0.232776,0.810080,-39.549999,56.139999,14.000000,1770370112.745870
-1.091656,-0.309880,0.811300,-28.980000,55.580002,20.860001,1770370112.753850
-1.192184,-0.366976,0.818132,-17.219999,46.130001,24.430000,1770370112.761860
-1.258552,-0.396988,0.838384,-5.670000,30.730000,26.600000,1770370112.769842
-1.298568,-0.391864,0.857904,8.750000,8.400000,24.010000,1770370112.777865
-1.296372,-0.356972,0.874008,23.100000,-19.040001,21.980000,1770370112.785868
-1.257576,-0.301584,0.874496,32.900002,-46.549999,11.410000,1770370112.793853
-1.150948,-0.238144,0.850584,40.320000,-73.220001,6.860000,1770370112.801888
-0.994788,-0.164212,0.820816,46.340000,-99.750000,2.590000,1770370112.809873
-0.829356,-0.059536,0.742004,51.869999,-120.750000,0.840000,1770370112.817849
-0.688568,0.018300,0.622688,57.189999,-137.830002,1.190000,1770370112.825843
-0.564616,0.034160,0.519964,62.299999,-148.610001,-1.470000,1770370112.833830
-0.440176,0.013664,0.463356,65.730003,-157.009995,-7.980000,1770370112.841850
-0.295972,-0.011468,0.450668,66.010002,-162.050003,-15.400000,1770370112.849950
-0.141764,0.008052,0.478484,69.089996,-162.820007,-21.000000,1770370112.857846
-0.001464,0.083692,0.525820,76.089996,-158.479996,-25.549999,1770370112.865844
0.117608,0.146156,0.593652,79.870003,-150.500000,-28.209999,1770370112.873837
0.217892,0.169092,0.690520,78.889999,-133.350006,-27.860001,1770370112.881855
0.299876,0.174704,0.823012,78.750000,-108.500000,-31.500000,1770370112.889984
0.369172,0.196176,0.969412,77.419998,-79.730003,-31.010000,1770370112.897883
0.401868,0.242780,1.079944,72.449997,-47.810001,-30.100000,1770370112.905846
0.369172,0.324276,1.131916,59.849998,-21.280001,-30.100000,1770370112.913848
0.298656,0.425536,1.097756,43.680000,0.490000,-30.940001,1770370112.921865
0.200080,0.514108,1.024556,20.860001,13.580000,-35.980000,1770370112.929979
0.097600,0.564860,0.930860,-4.760000,23.030001,-39.970001,1770370112.937919
-0.010492,0.552172,0.833504,-29.889999,31.920000,-42.349998,1770370112.945845
-0.079300,0.487268,0.804468,-52.639999,33.180000,-42.000000,1770370112.953833
-0.110776,0.339648,0.878400,-67.760002,31.920000,-46.200001,1770370112.961852
-0.101504,0.143716,0.993568,-73.989998,29.260000,-49.980000,1770370112.970002
-0.085156,-0.049532,1.097512,-70.839996,27.160000,-47.880001,1770370112.977836
-0.057828,-0.192028,1.184620,-59.639999,21.280001,-48.020000,1770370112.986116
-0.034160,-0.276940,1.249280,-51.310001,18.270000,-39.970001,1770370112.993888
-0.006344,-0.310124,1.320772,-40.180000,16.940001,-32.480000,1770370113.001849
0.024888,-0.299388,1.401292,-30.590000,22.120001,-22.400000,1770370113.009849
0.053924,-0.254004,1.446188,-24.219999,33.950001,-15.400000,1770370113.017920
0.070028,-0.202276,1.438868,-19.180000,46.689999,-7.210000,1770370113.025842
0.058804,-0.142252,1.385676,-12.810000,60.270000,1.750000,1770370113.033898
0.012688,-0.060512,1.320528,-14.980000,70.349998,12.880000,1770370113.041853
-0.054900,0.034648,1.245376,-17.639999,81.059998,20.510000,1770370113.049845
-0.135176,0.116144,1.138504,-23.170000,88.199997,28.139999,1770370113.057961
-0.216916,0.144448,0.990152,-26.459999,94.010002,35.349998,1770370113.066133
-0.282552,0.131760,0.837652,-28.770000,97.300003,44.310001,1770370113.074008
-0.346968,0.090524,0.724680,-25.340000,99.820000,53.689999,1770370113.081868
-0.395280,0.041236,0.648308,-17.010000,102.970001,61.459999,1770370113.089874
-0.441396,0.011468,0.606584,-8.540000,101.080002,68.949997,1770370113.097995
-0.487756,0.017080,0.591944,0.000000,97.440002,74.480003,1770370113.105851
-0.537776,0.047336,0.618052,5.460000,92.120003,75.459999,1770370113.113844
-0.597800,0.093940,0.690764,4.970000,87.080002,75.459999,1770370113.121842
-0.654164,0.132004,0.784948,2.240000,80.639999,70.629997,1770370113.129882
-0.708088,0.155428,0.862784,-3.990000,71.330002,64.330002,1770370113.137910
-0.770308,0.142252,0.896700,-9.100000,62.650002,57.470001,1770370113.145852
-0.850340,0.126392,0.877424,-10.220000,53.970001,47.599998,1770370113.153847
-0.921832,0.116876,0.846192,-10.010000,47.110001,31.990000,1770370113.161847
-0.976000,0.118584,0.829600,-6.580000,42.139999,14.910000,1770370113.169844
-1.003084,0.115900,0.830576,-5.390000,31.780001,-1.050000,1770370113.177859
-1.001620,0.117852,0.836920,-3.990000,18.690001,-19.530001,1770370113.185867
-0.964288,0.148352,0.843020,-1.330000,-0.700000,-30.309999,1770370113.193852
-0.894016,0.217160,0.842532,-0.210000,-22.820000,-38.849998,1770370113.201916
-0.805444,0.290604,0.861564,-5.110000,-41.090000,-42.910000,1770370113.209843
-0.728828,0.332084,0.892796,-15.470000,-54.880001,-39.759998,1770370113.217842
-0.651236,0.351848,0.898896,-26.459999,-57.330002,-34.930000,1770370113.225839
-0.596824,0.346236,0.873276,-34.860001,-56.910000,-27.090000,1770370113.233822
-0.575108,0.311100,0.822280,-43.680000,-50.470001,-19.250000,1770370113.241852
-0.587064,0.250588,0.774700,-50.889999,-40.250000,-14.630000,1770370113.249834
-0.625860,0.203740,0.721508,-54.740002,-27.790001,-9.450000,1770370113.257878
-0.677832,0.166896,0.677832,-57.889999,-14.490000,-10.780000,1770370113.265897
-0.744200,0.096136,0.657092,-53.970001,0.700000,-2.590000,1770370113.273839
-0.832772,-0.011224,0.646844,-46.340000,18.270000,5.600000,1770370113.281839
-0.934032,-0.112240,0.648796,-35.139999,26.879999,13.230000,1770370113.289863
-1.045296,-0.210328,0.647820,-24.360001,31.010000,18.410000,1770370113.297963
-1.134112,-0.301584,0.654652,-12.320000,27.860001,20.790001,1770370113.305863
-1.205360,-0.385276,0.681004,4.340000,12.670000,22.120001,1770370113.313839
-1.240496,-0.438224,0.730292,15.540000,-10.150000,17.780001,1770370113.321837
-1.226344,-0.457988,0.783240,29.540001,-41.439999,12.600000,1770370113.329866
-1.155584,-0.454328,0.810568,38.779999,-74.690002,9.100000,1770370113.337846
-1.040416,-0.448228,0.781288,50.750000,-104.930000,2.240000,1770370113.345911
-0.891332,-0.401624,0.741028,62.160000,-133.279999,-3.710000,1770370113.353867
-0.709552,-0.330620,0.675636,75.739998,-158.270004,-8.820000,1770370113.361829
-0.518256,-0.279380,0.642696,88.199997,-181.580002,-9.730000,1770370113.369825
-0.333060,-0.209352,0.662704,94.290001,-196.419998,-7.280000,1770370113.377856
-0.149572,-0.098576,0.721752,96.669998,-199.080002,-8.820000,1770370113.385980
0.032940,0.022692,0.810080,98.349998,-188.649994,-5.110000,1770370113.393867
0.195444,0.147132,0.911340,92.190002,-165.270004,-10.570000,1770370113.401848
0.302560,0.248880,0.980880,79.800003,-131.949997,-8.540000,1770370113.409844
0.377712,0.291824,1.022848,64.120003,-96.040001,-16.730000,1770370113.417934
0.421144,0.308660,1.084336,47.110001,-61.250000,-14.910000,1770370113.425983
0.426024,0.362584,1.178520,36.189999,-29.049999,-19.670000,1770370113.433840
0.394060,0.437736,1.273192,22.750000,-6.230000,-20.230000,1770370113.441845
0.293776,0.505812,1.309548,10.010000,15.470000,-21.139999,1770370113.449844
0.173484,0.562664,1.259284,-3.360000,33.040001,-26.530001,1770370113.457930
0.062220,0.608780,1.175836,-15.260000,44.240002,-31.639999,1770370113.465836
-0.034404,0.631960,1.070672,-26.740000,45.709999,-37.520000,1770370113.473892
-0.118584,0.607804,0.922076,-38.570000,41.160000,-39.200001,1770370113.481853
-0.187880,0.586332,0.783972,-50.540001,36.049999,-35.139999,1770370113.489960
-0.233020,0.520696,0.718092,-59.849998,27.719999,-27.650000,1770370113.497861
-0.240584,0.414800,0.753472,-68.459999,17.920000,-26.670000,1770370113.505846
-0.216672,0.267424,0.824476,-70.209999,9.170000,-22.820000,1770370113.513848
-0.169336,0.108824,0.880108,-64.680000,2.310000,-22.120001,1770370113.521894
-0.114680,-0.025376,0.929152,-57.750000,-3.360000,-13.860000,1770370113.529852
-0.059048,-0.115168,0.999668,-48.580002,-2.870000,-9.870000,1770370113.537848
0.008540,-0.164944,1.070916,-42.139999,2.590000,-3.010000,1770370113.545848
0.070028,-0.192272,1.121912,-40.180000,11.270000,0.070000,1770370113.553851
0.124928,-0.202764,1.141676,-40.250000,24.570000,6.160000,1770370113.562024
0.155428,-0.199348,1.136064,-38.990002,36.680000,13.790000,1770370113.569849
0.161284,-0.179584,1.099464,-41.369999,50.119999,20.860001,1770370113.577847
0.140544,-0.156160,1.017968,-39.900002,66.570000,31.219999,1770370113.585900
0.105164,-0.141764,0.901824,-38.080002,81.339996,40.669998,1770370113.593974
0.053436,-0.139568,0.786900,-35.349998,96.529999,50.889999,1770370113.601853
-0.020008,-0.138592,0.743712,-31.360001,115.709999,61.389999,1770370113.609853
-0.127124,-0.163236,0.749080,-30.030001,132.580002,73.779999,1770370113.617854
-0.247172,-0.202276,0.773236,-24.010000,145.389999,83.440002,1770370113.625827
-0.411384,-0.241560,0.852780,-20.090000,155.820007,90.650002,1770370113.633847
-0.600972,-0.235460,0.983564,-17.780001,165.270004,93.730003,1770370113.641847
-0.801784,-0.165432,1.118496,-18.690001,166.880005,88.690002,1770370113.649876
-1.002840,-0.071980,1.167784,-19.809999,161.350006,80.919998,1770370113.657850
-1.207312,0.011468,1.121912,-25.340000,144.830002,66.919998,1770370113.665845
-1.388116,0.092720,1.063840,-26.740000,122.709999,46.970001,1770370113.673847
-1.505480,0.173240,0.994056,-33.110001,95.970001,23.660000,1770370113.681912
-1.543788,0.210084,0.925736,-33.529999,64.680000,1.120000,1770370113.689854
-1.513044,0.222528,0.864248,-29.540001,30.730000,-17.010000,1770370113.697859
-1.417640,0.242048,0.861076,-19.879999,-1.610000,-35.070000,1770370113.705833
-1.264652,0.292068,0.875228,-10.080000,-31.150000,-42.000000,1770370113.713845
-1.068720,0.353800,0.860344,-2.030000,-57.610001,-51.029999,1770370113.721956
-0.861076,0.411872,0.825208,1.680000,-78.120003,-53.340000,1770370113.729847
-0.670512,0.447008,0.746640,3.080000,-93.169998,-52.150002,1770370113.737851
-0.497272,0.477264,0.666364,5.110000,-105.980003,-52.360001,1770370113.745847
-0.366244,0.470432,0.620736,4.900000,-109.620003,-44.869999,1770370113.753849
-0.270108,0.435052,0.625616,1.960000,-104.089996,-37.730000,1770370113.761967
-0.221796,0.399916,0.609756,-1.190000,-91.559998,-28.070000,1770370113.769838
-0.204228,0.366000,0.538996,-0.910000,-78.190002,-23.520000,1770370113.777846
-0.219112,0.317200,0.475312,-2.520000,-63.770000,-19.250000,1770370113.785845
-0.248636,0.254980,0.432856,-3.990000,-52.430000,-16.520000,1770370113.793901
-0.271572,0.162748,0.411628,-0.700000,-42.560001,-14.560000,1770370113.801859
-0.306952,0.025864,0.398696,9.870000,-30.379999,-5.530000,1770370113.809845
-0.385032,-0.161040,0.413336,27.440001,-17.150000,4.200000,1770370113.817904
-0.482876,-0.357704,0.473604,43.330002,-1.680000,13.370000,1770370113.825879
-0.595116,-0.546560,0.595360,57.959999,14.420000,16.450001,1770370113.833845
-0.730048,-0.747128,0.767868,67.339996,24.290001,12.250000,1770370113.841954
-0.857904,-0.937204,0.923052,72.660004,28.490000,1.540000,1770370113.849840
-0.971120,-1.083848,1.045296,79.379997,19.809999,-7.000000,1770370113.857841
-1.072136,-1.224148,1.142896,87.639999,2.520000,-24.080000,1770370113.865845
-1.012844,-1.178032,1.202432,100.449997,-27.860001,-33.950001,1770370113.873875
-0.851804,-0.961360,1.226832,115.639999,-68.669998,-40.669998,1770370113.881854
-0.584136,-0.610000,1.256112,133.630005,-108.290001,-39.340000,1770370113.889872
-0.345992,-0.276452,1.347856,144.970001,-136.919998,-32.619999,1770370113.897857
-0.047092,0.125904,1.434232,145.110001,-145.460007,-13.510000,1770370113.905865
0.126880,0.415776,1.514508,133.839996,-138.389999,6.300000,1770370113.913850
0.253760,0.640988,1.528660,107.870003,-114.029999,15.330000,1770370113.921844
0.310368,0.744200,1.465464,75.599998,-73.989998,23.309999,1770370113.929869
0.289872,0.795928,1.369816,47.529999,-23.240000,26.950001,1770370113.937854
0.200568,0.832528,1.223660,23.309999,27.930000,26.459999,1770370113.945842
0.057096,0.856196,1.040172,6.090000,66.430000,24.150000,1770370113.953853
-0.088084,0.887672,0.861320,-8.750000,92.540001,18.270000,1770370113.961853
-0.212524,0.885964,0.686128,-16.590000,96.180000,8.960000,1770370113.969936
-0.306708,0.833260,0.539484,-22.330000,87.849998,2.660000,1770370113.977842
-0.345748,0.772504,0.435784,-24.709999,70.349998,-5.040000,1770370113.985846
-0.328912,0.711748,0.365268,-23.520000,38.430000,-14.490000,1770370113.993866
-0.281576,0.678564,0.314516,-24.430000,6.580000,-22.120001,1770370114.001853
-0.215208,0.678564,0.277672,-26.740000,-22.330000,-27.230000,1770370114.009863
-0.135664,0.676612,0.227652,-32.130001,-46.759998,-23.870001,1770370114.017848
-0.048312,0.623176,0.153476,-38.220001,-61.669998,-21.700001,1770370114.025877
0.028304,0.527772,0.101748,-41.509998,-70.000000,-15.750000,1770370114.033833
0.086620,0.438224,0.070760,-50.400002,-66.639999,-6.160000,1770370114.041893
0.114924,0.359656,0.086376,-63.560001,-46.060001,1.470000,1770370114.049841
0.172264,0.217404,0.190564,-73.010002,-19.180000,8.050000,1770370114.057966
0.210084,0.015128,0.409676,-76.790001,20.020000,11.200000,1770370114.066044
0.222040,-0.203496,0.734928,-73.500000,69.019997,16.450001,1770370114.074015
0.191784,-0.370148,1.053836,-69.790001,122.849998,18.410000,1770370114.081879
0.067100,-0.519232,1.372500,-66.430000,169.399994,10.010000,1770370114.090027
-0.116144,-0.497272,1.696776,-69.580002,202.580002,13.720000,1770370114.097930
-0.433588,-0.421144,1.993724,-80.849998,228.059998,15.610000,1770370114.105850
-0.781044,-0.463600,2.069120,-90.089996,243.320007,16.730000,1770370114.113945
-1.129476,-0.599996,1.938580,-83.650002,245.770004,16.590000,1770370114.121836
-1.470100,-0.705404,1.733620,-64.120003,231.839996,15.960000,1770370114.129855
-1.759972,-0.678320,1.552572,-41.790001,200.410004,11.760000,1770370114.137849
-1.907592,-0.502640,1.424228,-26.600000,150.500000,2.660000,1770370114.145845
-1.953464,-0.270840,1.332240,-17.570000,90.790001,-7.210000,1770370114.153882
-1.888316,-0.021960,1.268556,-18.969999,30.940001,-25.760000,1770370114.161829
-1.732156,0.167140,1.166320,-29.120001,-22.049999,-37.869999,1770370114.169851
-1.525244,0.279136,1.026996,-36.540001,-64.190002,-50.889999,1770370114.177846
-1.288808,0.339892,0.886696,-37.450001,-95.269997,-62.230000,1770370114.185840
-1.058960,0.360144,0.731268,-32.410000,-118.860001,-69.510002,1770370114.193972
-0.843996,0.356240,0.570228,-23.240000,-132.509995,-75.389999,1770370114.201846
-0.636596,0.353312,0.463844,-10.920000,-141.960007,-74.970001,1770370114.209840
-0.472140,0.348432,0.414800,0.000000,-146.929993,-76.510002,1770370114.217851
-0.326228,0.333304,0.384544,10.990000,-143.639999,-72.660004,1770370114.225841
-0.202764,0.314516,0.367464,21.980000,-139.300003,-66.080002,1770370114.233868
-0.101016,0.294020,0.341844,29.680000,-132.649994,-63.910000,1770370114.241856
-0.017080,0.274012,0.292068,35.209999,-131.949997,-61.110001,1770370114.249841
0.045140,0.269132,0.218624,35.560001,-132.720001,-59.570000,1770370114.257841
0.109800,0.257176,0.145180,35.070000,-136.850006,-58.310001,1770370114.265823
0.155428,0.209840,0.106384,32.340000,-137.270004,-52.709999,1770370114.273834
0.190808,0.113948,0.119804,26.389999,-129.149994,-45.849998,1770370114.281845
0.210328,0.034892,0.171044,23.100000,-108.500000,-40.459999,1770370114.289879
0.218380,-0.017812,0.260348,19.180000,-76.790001,-27.860001,1770370114.297938
0.206180,-0.071492,0.399184,17.430000,-33.810001,-14.420000,1770370114.305878
0.154696,-0.150304,0.557052,14.210000,15.400000,-1.190000,1770370114.313847
0.047092,-0.260104,0.721020,11.340000,64.330002,5.250000,1770370114.321838
-0.131272,-0.413824,0.892552,10.570000,105.419998,13.020000,1770370114.329838
-0.407724,-0.663436,1.066280,16.520000,142.589996,14.700000,1770370114.337878
-0.747372,-0.964044,1.198528,29.889999,172.479996,14.350000,1770370114.345988
-1.085556,-1.180472,1.310768,55.509998,184.100006,18.270000,1770370114.353840
-1.445700,-1.309548,1.449604,79.099998,164.009995,14.140000,1770370114.361824
-1.601860,-1.190232,1.590880,93.519997,108.500000,1.680000,1770370114.369833
-1.546228,-0.902800,1.675548,100.730003,22.469999,-5.880000,1770370114.377825
-1.330288,-0.530212,1.696044,105.769997,-80.989998,-12.110000,1770370114.385888
-1.083360,-0.218624,1.711904,104.300003,-160.369995,-11.340000,1770370114.393879
-0.802760,0.029280,1.775832,100.870003,-204.679993,-13.930000,1770370114.401858
-0.468724,0.305000,1.783640,91.980003,-220.429993,-9.450000,1770370114.409853
-0.200080,0.564860,1.734840,76.370003,-211.119995,-3.150000,1770370114.417849
0.000244,0.743468,1.586976,55.860001,-184.869995,-3.640000,1770370114.425909
0.158600,0.811056,1.356396,32.970001,-144.270004,-3.710000,1770370114.433845
0.248880,0.790560,1.105808,17.990000,-99.330002,-1.960000,1770370114.441845
0.275232,0.750788,0.892796,7.560000,-53.410000,-0.910000,1770370114.449868
0.239608,0.725168,0.705648,3.430000,-15.260000,0.980000,1770370114.457858
0.187148,0.702476,0.524600,0.140000,13.580000,-1.610000,1770370114.465828
0.139568,0.655628,0.364780,0.980000,23.590000,-0.140000,1770370114.473840
0.096624,0.585600,0.203984,0.560000,24.290001,-5.180000,1770370114.481830
0.049776,0.502884,0.069540,3.780000,14.840000,-5.250000,1770370114.489893
0.032452,0.452376,-0.011956,8.540000,3.080000,-13.090000,1770370114.497922
0.039284,0.448472,-0.068320,12.320000,-9.310000,-19.180000,1770370114.505863
0.060268,0.458720,-0.103700,16.309999,-18.410000,-22.260000,1770370114.513853
0.093940,0.444812,-0.121756,17.080000,-20.580000,-23.799999,1770370114.521847
0.133468,0.417972,-0.093208,17.080000,-18.620001,-27.650000,1770370114.529956
0.166652,0.400404,0.015860,8.120000,-4.410000,-23.309999,1770370114.537838
0.182024,0.398940,0.231800,-10.570000,22.610001,-15.750000,1770370114.545877
0.180072,0.359900,0.557540,-36.119999,62.439999,-10.220000,1770370114.553847
0.182024,0.225700,0.920368,-63.419998,111.300003,-6.510000,1770370114.561957
0.142984,-0.031720,1.173884,-70.209999,160.229996,-6.650000,1770370114.569927
0.050752,-0.296460,1.376892,-65.519997,202.089996,-0.770000,1770370114.577844
-0.104188,-0.419436,1.620892,-61.669998,226.660004,1.540000,1770370114.585842
-0.374052,-0.402356,1.896124,-66.430000,231.770004,8.750000,1770370114.593880
-0.724436,-0.483608,2.150860,-80.360001,222.320007,11.760000,1770370114.601855
-1.016992,-0.680516,2.209664,-78.540001,206.570007,7.420000,1770370114.609854
-1.228052,-0.875960,2.114504,-55.930000,188.440002,10.640000,1770370114.617847
-1.380308,-0.867176,1.912960,-31.219999,156.380005,5.740000,1770370114.625827
-1.505236,-0.642208,1.760216,-17.920000,111.510002,-0.490000,1770370114.633957
-1.556720,-0.362340,1.638704,-23.870001,70.910004,-15.610000,1770370114.641848
-1.513288,-0.127368,1.512800,-35.630001,36.820000,-30.940001,1770370114.649847
-1.384456,0.033184,1.310524,-46.970001,8.540000,-46.270000,1770370114.657848
-1.235128,0.123464,1.060180,-51.029999,-15.190000,-59.430000,1770370114.665827
-1.093364,0.161528,0.856440,-45.570000,-34.930000,-69.650002,1770370114.673866
-0.955504,0.179584,0.710284,-38.990002,-49.000000,-72.870003,1770370114.681974
-0.829356,0.192516,0.614636,-27.020000,-62.580002,-80.360001,1770370114.689870
-0.711504,0.214964,0.542412,-14.350000,-73.779999,-75.809998,1770370114.697858
-0.603900,0.238876,0.472628,-1.820000,-85.820000,-73.919998,1770370114.705888
-0.501908,0.257908,0.389668,9.590000,-96.949997,-64.400002,1770370114.713931
-0.405772,0.258152,0.307196,13.370000,-110.599998,-59.080002,1770370114.721862
-0.320128,0.243024,0.211304,19.250000,-128.800003,-55.090000,1770370114.729847
-0.242292,0.223748,0.114436,24.010000,-145.460007,-52.009998,1770370114.738006
-0.179340,0.164700,0.078324,28.629999,-150.919998,-49.139999,1770370114.745841
-0.128588,0.098576,0.090036,33.669998,-147.699997,-41.790001,1770370114.753844
-0.092964,0.082960,0.132248,38.500000,-135.169998,-37.520000,1770370114.761829
-0.067100,0.081252,0.227408,42.139999,-112.349998,-30.799999,1770370114.769837
-0.053924,0.061000,0.370392,44.660000,-81.269997,-20.790001,1770370114.777841
-0.076616,0.005368,0.547780,41.650002,-43.470001,-8.120000,1770370114.785876
-0.157868,-0.087108,0.703940,43.750000,-1.540000,3.010000,1770370114.793980
-0.293044,-0.205936,0.834480,48.299999,38.009998,9.380000,1770370114.801849
-0.477508,-0.340624,1.021140,57.959999,71.470001,10.640000,1770370114.809853
-0.687104,-0.431148,1.213900,68.180000,88.410004,10.500000,1770370114.817846
-0.963312,-0.496784,1.333216,77.000000,88.970001,7.840000,1770370114.825845
-1.269288,-0.571204,1.360056,83.230003,71.680000,2.100000,1770370114.833909
-1.459608,-0.656848,1.387384,79.730003,34.020000,-9.450000,1770370114.841847
-1.498892,-0.768844,1.477176,69.300003,-27.370001,-23.309999,1770370114.849844
-1.265628,-0.802760,1.641144,62.230000,-106.050003,-24.850000,1770370114.857901
-0.981612,-0.730780,1.844884,56.560001,-172.899994,-20.090000,1770370114.865948
-0.650992,-0.562908,1.958100,55.299999,-223.300003,-20.580000,1770370114.873852
-0.318664,-0.281088,1.995676,44.099998,-250.039993,-15.330000,1770370114.881872
-0.045140,-0.006100,1.911740,24.080000,-254.029999,-16.520000,1770370114.889975
0.237900,0.274744,1.675060,3.430000,-243.600006,-5.670000,1770370114.897850
0.366000,0.434076,1.386164,-13.230000,-218.330002,1.330000,1770370114.905861
0.452864,0.529724,1.059936,-23.799999,-186.550003,8.400000,1770370114.913839
0.500200,0.595360,0.767868,-25.480000,-149.940002,16.030001,1770370114.921853
0.501664,0.628300,0.537288,-20.090000,-112.070000,23.379999,1770370114.929943
0.465308,0.616344,0.338916,-12.110000,-76.580002,25.410000,1770370114.937962
0.408212,0.570716,0.179584,-3.220000,-48.930000,23.309999,1770370114.945850
0.340868,0.521184,0.057584,7.630000,-28.910000,18.059999,1770370114.953858
0.271816,0.470188,-0.029036,13.370000,-12.250000,7.980000,1770370114.961929
0.220332,0.438224,-0.099796,15.190000,-1.470000,-0.700000,1770370114.970074
0.176656,0.400160,-0.170068,17.219999,5.390000,-8.400000,1770370114.977840
0.139812,0.339648,-0.233996,15.190000,13.580000,-16.100000,1770370114.985842
0.114436,0.266936,-0.246196,13.020000,23.590000,-16.309999,1770370114.993999
0.119804,0.209596,-0.187880,7.070000,39.340000,-12.040000,1770370115.001845
0.150548,0.180072,0.009760,0.770000,59.430000,-4.830000,1770370115.009853
0.176900,0.144448,0.359412,-4.690000,87.779999,8.540000,1770370115.017881
0.179584,0.103456,0.816180,-10.220000,131.389999,13.090000,1770370115.025845
0.182756,0.066368,1.236104,-17.639999,168.350006,17.430000,1770370115.033847
0.156648,-0.050996,1.485960,-14.910000,199.080002,18.059999,1770370115.041844
0.030256,-0.179828,1.681892,-8.540000,212.520004,12.670000,1770370115.049886
-0.114436,-0.227164,1.935896,-8.820000,205.869995,4.340000,1770370115.057900
-0.295240,-0.280600,2.213324,-0.350000,180.880005,-2.030000,1770370115.065951
-0.508252,-0.434564,2.487092,10.570000,151.059998,-1.120000,1770370115.074141
-0.611952,-0.570472,2.388028,17.360001,122.849998,3.290000,1770370115.081874
-0.669780,-0.510692,2.032276,19.879999,88.269997,3.570000,1770370115.089849
-0.754692,-0.395280,1.853424,12.110000,70.000000,-3.990000,1770370115.097871
-0.803248,-0.230092,1.797304,-4.690000,73.010002,-16.870001,1770370115.105979
-0.820084,-0.105408,1.730448,-26.530001,85.750000,-28.000000,1770370115.113855
-0.816424,-0.012688,1.562332,-49.349998,97.160004,-34.650002,1770370115.121850
-0.825940,0.004880,1.301740,-62.020000,99.959999,-42.700001,1770370115.129857
-0.853024,0.009760,1.046272,-68.180000,91.839996,-46.410000,1770370115.137893
-0.871080,0.034404,0.831308,-66.570000,76.790001,-55.720001,1770370115.145869
-0.869128,0.081984,0.660752,-55.860001,54.320000,-61.880001,1770370115.153842
-0.844728,0.121512,0.535824,-46.970001,32.549999,-67.059998,1770370115.161841
-0.794708,0.144692,0.431392,-34.790001,11.830000,-69.300003,1770370115.169850
-0.727608,0.153232,0.331596,-24.850000,-12.040000,-69.089996,1770370115.177854
-0.645624,0.164456,0.224724,-14.140000,-36.259998,-70.769997,1770370115.185893
-0.544364,0.188856,0.130784,-2.590000,-61.529999,-67.199997,1770370115.194084
-0.465308,0.192516,0.069540,4.900000,-85.330002,-64.610001,1770370115.201844
-0.374296,0.194956,0.031720,15.190000,-106.750000,-62.509998,1770370115.209893
-0.267180,0.210572,0.017080,20.090000,-126.839996,-59.779999,1770370115.217849
-0.162504,0.229604,0.028060,24.639999,-141.259995,-55.509998,1770370115.225835
-0.074908,0.197884,0.067832,25.900000,-146.369995,-48.090000,1770370115.233843
-0.012688,0.122244,0.159088,27.790001,-134.399994,-36.400002,1770370115.241847
0.038552,0.043676,0.278160,36.610001,-108.919998,-25.270000,1770370115.249918
0.066368,-0.034892,0.434808,47.740002,-70.769997,-11.620000,1770370115.257876
0.037820,-0.116388,0.650016,59.220001,-18.900000,3.640000,1770370115.265827
-0.023180,-0.182024,0.928420,77.980003,40.529999,13.860000,1770370115.273847
-0.143960,-0.229848,1.250256,94.849998,93.449997,21.910000,1770370115.281844
-0.360632,-0.213012,1.573312,105.980003,129.710007,24.010000,1770370115.289856
-0.707600,-0.211792,1.812432,107.730003,143.850006,24.709999,1770370115.297850
-1.098976,-0.298656,1.848300,96.879997,139.440002,12.880000,1770370115.305840
-1.339560,-0.439932,1.782176,84.419998,112.279999,8.050000,1770370115.313835
-1.481812,-0.575108,1.773880,72.239998,59.639999,5.040000,1770370115.321849
-1.550376,-0.678076,1.842444,56.840000,-7.560000,-4.830000,1770370115.329868
-1.436672,-0.685640,1.932968,36.750000,-81.970001,-15.820000,1770370115.337896
-1.150460,-0.605120,1.964932,21.770000,-153.789993,-20.930000,1770370115.345843
-0.831064,-0.448472,1.919060,9.870000,-200.199997,-23.520000,1770370115.353839
-0.525820,-0.254980,1.821216,-7.350000,-226.520004,-27.440001,1770370115.361830
-0.241316,-0.071736,1.685796,-26.320000,-235.619995,-31.709999,1770370115.369835
-0.002196,0.075396,1.474736,-45.570000,-231.000000,-32.549999,1770370115.377830
0.192760,0.176656,1.233420,-53.480000,-219.100006,-25.200001,1770370115.385989
0.315736,0.243512,0.999668,-51.240002,-198.660004,-14.840000,1770370115.393869
0.394304,0.306220,0.773968,-47.740002,-170.660004,-1.190000,1770370115.401833
0.426024,0.349652,0.601216,-42.000000,-134.399994,11.550000,1770370115.409850
0.427488,0.373320,0.446032,-35.139999,-92.750000,26.459999,1770370115.417868
0.402356,0.383324,0.302560,-29.120001,-52.009998,33.810001,1770370115.425852
0.345992,0.389180,0.179096,-21.980000,-20.580000,43.750000,1770370115.433843
0.263032,0.380396,0.081984,-16.660000,7.700000,42.279999,1770370115.441849
0.181780,0.375760,0.011468,-8.680000,28.209999,39.200001,1770370115.449878
0.118096,0.383812,-0.043188,-5.250000,40.880001,32.549999,1770370115.457916
0.069052,0.387716,-0.110288,-1.540000,49.000000,23.030001,1770370115.465850
0.027084,0.393572,-0.155672,5.110000,50.680000,14.910000,1770370115.473842
0.001464,0.393328,-0.181536,10.010000,52.639999,5.950000,1770370115.481860
-0.011712,0.392108,-0.162504,19.110001,53.549999,2.520000,1770370115.489871
-0.006832,0.391376,-0.082228,21.139999,53.900002,-8.470000,1770370115.497866
0.003416,0.390888,0.071004,18.200001,57.889999,-5.950000,1770370115.505839
0.005612,0.390644,0.335988,13.230000,65.309998,-7.210000,1770370115.513911
-0.035868,0.392108,0.766160,0.700000,84.980003,-3.710000,1770370115.521974
-0.074908,0.332328,1.142164,-12.320000,111.510002,-5.740000,1770370115.529839
-0.088084,0.173728,1.270996,-15.890000,133.630005,-6.790000,1770370115.537849
-0.101504,-0.037088,1.397876,-9.240000,140.000000,-9.660000,1770370115.545849
-0.201544,-0.155916,1.558672,1.680000,132.720001,-12.950000,1770370115.553846
-0.372344,-0.250344,1.914912,12.880000,114.940002,-17.360001,1770370115.561851
-0.558028,-0.424316,2.429020,24.850000,95.059998,-23.170000,1770370115.569859
-0.650260,-0.710040,2.633492,41.230000,83.230003,-20.580000,1770370115.577852
-0.634156,-0.760792,2.374852,43.750000,61.880001,-13.020000,1770370115.585854
-0.609024,-0.731512,2.081808,34.299999,35.000000,-12.390000,1770370115.593966
-0.602436,-0.664900,1.950536,20.020000,19.040001,-9.940000,1770370115.601857
-0.608780,-0.526308,1.897588,-3.850000,20.580000,-15.960000,1770370115.609844
-0.590724,-0.372344,1.802672,-30.660000,34.020000,-24.430000,1770370115.617923
-0.572424,-0.232776,1.586976,-54.880001,47.810001,-28.840000,1770370115.625831
-0.573888,-0.117852,1.313940,-68.529999,54.740002,-30.450001,1770370115.633853
-0.589992,-0.046360,1.076284,-76.019997,51.660000,-30.450001,1770370115.641850
-0.611952,0.009760,0.891332,-73.639999,45.360001,-34.160000,1770370115.649882
-0.622688,0.052704,0.754448,-66.779999,34.090000,-33.459999,1770370115.657905
-0.619272,0.087352,0.638060,-57.680000,22.190001,-35.840000,1770370115.665833
-0.596580,0.111264,0.520940,-46.549999,8.050000,-36.959999,1770370115.673909
-0.559492,0.131516,0.411384,-37.590000,-7.140000,-37.099998,1770370115.681856
-0.502884,0.159576,0.293532,-26.459999,-23.520000,-36.049999,1770370115.689885
-0.450424,0.172752,0.185196,-18.900000,-39.549999,-35.840000,1770370115.698007
-0.396256,0.183488,0.110776,-11.830000,-54.320000,-37.869999,1770370115.705854
-0.331352,0.202520,0.070516,-1.750000,-67.550003,-37.310001,1770370115.713846
-0.265228,0.215452,0.050020,2.450000,-79.870003,-36.889999,1770370115.721851
-0.197396,0.222772,0.068076,10.080000,-90.860001,-37.450001,1770370115.729873
-0.136884,0.163968,0.131760,12.320000,-96.949997,-32.410000,1770370115.737856
-0.095404,0.080276,0.223992,16.730000,-92.750000,-26.110001,1770370115.745847
-0.048312,0.010248,0.319884,24.920000,-80.080002,-19.809999,1770370115.753849
-0.027572,-0.053924,0.455792,36.189999,-59.150002,-7.980000,1770370115.761850
-0.043676,-0.122244,0.662704,47.529999,-21.840000,-0.350000,1770370115.769961
-0.093452,-0.199104,0.894748,60.759998,23.170000,12.320000,1770370115.777842
-0.193980,-0.266204,1.095560,79.660004,66.220001,21.980000,1770370115.785849
-0.388936,-0.284016,1.287100,98.000000,99.050003,25.340000,1770370115.793858
-0.633668,-0.279624,1.497428,105.209999,112.559998,25.830000,1770370115.801973
-0.952576,-0.301584,1.591612,103.669998,106.959999,20.440001,1770370115.809846
-1.199748,-0.368196,1.665788,96.739998,86.660004,8.190000,1770370115.817859
-1.332240,-0.465796,1.741672,79.099998,51.799999,1.050000,1770370115.825851
-1.384456,-0.546804,1.844152,67.620003,2.310000,-7.560000,1770370115.833842
-1.356152,-0.581452,1.929552,45.009998,-49.139999,-15.400000,1770370115.841963
-1.132892,-0.574132,1.960540,26.180000,-98.209999,-24.080000,1770370115.849845
-0.829844,-0.503128,1.929796,10.990000,-140.490005,-25.480000,1770370115.857851
-0.549244,-0.352336,1.870992,-5.320000,-168.000000,-25.059999,1770370115.865825
-0.302316,-0.179340,1.791936,-21.700001,-175.559998,-24.080000,1770370115.873838
-0.091256,-0.061488,1.623332,-44.799999,-172.130005,-21.070000,1770370115.882256
0.078324,0.026352,1.359568,-56.139999,-162.119995,-13.370000,1770370115.889974
0.188368,0.091256,1.109224,-61.669998,-149.589996,-1.890000,1770370115.897927
0.246440,0.142008,0.883768,-61.880001,-130.270004,8.190000,1770370115.905847
0.281820,0.191784,0.696620,-55.160000,-106.959999,23.799999,1770370115.913833
0.300364,0.249368,0.545584,-47.459999,-80.430000,32.200001,1770370115.921878
0.287920,0.305244,0.432612,-37.660000,-53.759998,42.630001,1770370115.929868
0.251808,0.349408,0.341356,-27.860001,-28.000000,47.529999,1770370115.937925
0.208132,0.394792,0.250100,-21.139999,-7.280000,46.410000,1770370115.945842
0.149328,0.430172,0.174704,-10.780000,11.060000,42.980000,1770370115.953844
0.081496,0.454084,0.112728,-5.460000,26.389999,37.730000,1770370115.961883
0.029280,0.467992,0.040016,0.420000,37.869999,26.950001,1770370115.969974
-0.008784,0.467992,-0.033428,2.800000,45.009998,17.850000,1770370115.977844
-0.043188,0.462136,-0.113948,9.520000,50.470001,5.950000,1770370115.985879
-0.061244,0.450180,-0.161040,16.100000,53.480000,-2.030000,1770370115.993855
-0.067344,0.446032,-0.115900,20.650000,53.619999,-7.000000,1770370116.001860
-0.055388,0.419680,0.021960,23.450001,53.689999,-11.270000,1770370116.009833
-0.054656,0.397964,0.245708,18.549999,58.099998,-8.120000,1770370116.017872
-0.064172,0.381616,0.571936,14.700000,67.269997,-3.710000,1770370116.025862
-0.122976,0.335500,0.950624,9.240000,82.180000,2.240000,1770370116.033856
-0.139568,0.184464,1.156072,3.220000,95.760002,1.050000,1770370116.041848
-0.156892,0.011712,1.285148,6.510000,100.379997,2.450000,1770370116.049847
-0.195200,-0.121756,1.473272,13.230000,94.010002,1.750000,1770370116.058582
-0.306220,-0.223016,1.740696,18.969999,77.559998,1.120000,1770370116.066138
-0.434076,-0.323300,2.141832,26.320000,58.240002,-4.830000,1770370116.074580
-0.510204,-0.544120,2.494656,34.650002,45.709999,-6.790000,1770370116.081891
-0.482632,-0.719068,2.462936,41.090000,33.459999,-1.120000,1770370116.089859
-0.433588,-0.736880,2.205760,37.240002,18.270000,-2.730000,1770370116.098152
-0.406016,-0.691496,2.024468,24.080000,10.500000,-1.400000,1770370116.105847
-0.394792,-0.585356,1.940044,6.860000,15.610000,-5.950000,1770370116.113853
-0.406504,-0.418216,1.853912,-15.260000,34.580002,-12.530000,1770370116.121906
-0.431880,-0.243268,1.701900,-37.029999,56.490002,-16.309999,1770370116.129865
-0.477508,-0.083448,1.465952,-50.959999,72.870003,-24.709999,1770370116.137875
-0.522160,0.037332,1.236348,-59.779999,77.629997,-27.299999,1770370116.145845
-0.562664,0.134688,1.043344,-61.880001,73.570000,-32.830002,1770370116.153849
-0.584136,0.192760,0.871568,-60.900002,60.549999,-36.189999,1770370116.161926
-0.594384,0.196908,0.736392,-57.119999,46.549999,-38.290001,1770370116.169883
-0.581696,0.182268,0.618540,-51.799999,31.150000,-39.480000,1770370116.177837
-0.553148,0.168360,0.513864,-44.310001,14.140000,-41.650002,1770370116.185831
-0.505324,0.168360,0.395768,-33.880001,-1.750000,-39.759998,1770370116.193936
-0.449448,0.193004,0.284504,-26.110001,-16.799999,-42.209999,1770370116.201861
-0.391864,0.213012,0.199836,-16.660000,-31.010000,-38.990002,1770370116.209842
-0.346236,0.223016,0.148352,-10.570000,-43.119999,-38.849998,1770370116.217833
-0.295484,0.221796,0.118828,-6.020000,-49.139999,-36.540001,1770370116.225847
-0.242780,0.210328,0.104188,-1.260000,-57.470001,-34.160000,1770370116.233846
-0.192028,0.177388,0.105896,3.570000,-63.980000,-32.480000,1770370116.241895
-0.142984,0.117608,0.140056,10.850000,-69.019997,-24.430000,1770370116.249844
-0.110044,0.054900,0.205448,17.080000,-69.650002,-20.370001,1770370116.257841
-0.080032,0.004392,0.316712,26.950001,-60.130001,-10.150000,1770370116.265820
-0.060512,-0.049776,0.457500,35.560001,-41.650002,0.560000,1770370116.273862
-0.071492,-0.116388,0.656116,43.330002,-9.940000,10.920000,1770370116.281958
-0.121756,-0.180560,0.893528,51.660000,27.370001,16.590000,1770370116.289836
-0.217648,-0.269376,1.103368,66.500000,66.779999,27.020000,1770370116.298054
-0.389912,-0.330376,1.271484,83.440002,96.040001,28.559999,1770370116.305840
-0.638792,-0.332328,1.423008,95.900002,105.769997,26.459999,1770370116.313840
-0.918660,-0.310856,1.515972,96.599998,99.680000,18.760000,1770370116.321976
-1.169248,-0.357460,1.570628,87.639999,82.320000,4.830000,1770370116.329832
-1.283928,-0.460672,1.632360,78.050003,45.570000,-3.850000,1770370116.337844
-1.307596,-0.569252,1.736548,66.290001,-0.140000,-10.220000,1770370116.345836
-1.271484,-0.638060,1.834392,54.180000,-49.980000,-19.530001,1770370116.353825
-1.100196,-0.658556,1.938336,41.860001,-96.389999,-25.270000,1770370116.361846
-0.832772,-0.586820,1.973960,29.959999,-133.630005,-28.980000,1770370116.369830
-0.569496,-0.452620,1.953708,14.980000,-156.029999,-27.440001,1770370116.377831
-0.329644,-0.238144,1.877580,-4.690000,-162.330002,-32.689999,1770370116.385967
-0.123220,-0.042944,1.736304,-27.020000,-156.520004,-31.290001,1770370116.393844
0.047580,0.099064,1.507188,-47.459999,-142.589996,-28.209999,1770370116.401864
0.160552,0.186172,1.249280,-59.080002,-127.400002,-21.000000,1770370116.409891
0.224236,0.244732,1.022360,-61.740002,-109.690002,-9.310000,1770370116.417850
0.249612,0.296460,0.823988,-59.360001,-90.089996,4.550000,1770370116.425838
0.258640,0.353068,0.656116,-52.990002,-69.300003,13.440000,1770370116.433856
0.252540,0.394548,0.523136,-45.080002,-48.230000,23.100000,1770370116.441850
0.226432,0.436028,0.423584,-36.889999,-29.469999,28.280001,1770370116.449881
0.185684,0.473848,0.324764,-28.980000,-12.110000,27.930000,1770370116.457851
0.130052,0.504104,0.223260,-21.209999,3.080000,25.270000,1770370116.465824
0.078568,0.515084,0.146888,-11.550000,13.370000,22.330000,1770370116.473887
0.037088,0.530212,0.084424,-7.490000,21.840000,13.790000,1770370116.481849
-0.000244,0.513132,0.021228,-1.260000,27.860001,6.160000,1770370116.489850
-0.018544,0.496052,-0.050264,2.800000,32.619999,-3.080000,1770370116.497903
-0.034648,0.462136,-0.120292,5.320000,34.160000,-7.210000,1770370116.505865
-0.043920,0.425780,-0.137128,10.150000,35.840000,-11.270000,1770370116.513846
-0.038308,0.381128,-0.067344,8.890000,38.570000,-10.500000,1770370116.521831
-0.025620,0.328912,0.103456,9.660000,45.919998,-11.060000,1770370116.529883
-0.014884,0.279380,0.365268,11.900000,57.680000,-3.150000,1770370116.537912
-0.032208,0.232288,0.747860,12.530000,75.110001,0.980000,1770370116.545860
-0.067100,0.154696,1.092144,12.320000,92.959999,3.780000,1770370116.553849
-0.082472,0.011712,1.207800,8.190000,102.550003,2.030000,1770370116.561845
-0.119560,-0.122488,1.257332,12.810000,104.300003,-1.050000,1770370116.569848
-0.162992,-0.234240,1.413248,24.639999,94.989998,-1.260000,1770370116.577858
-0.256444,-0.350384,1.735816,37.310001,82.180000,0.070000,1770370116.585905
-0.363804,-0.484828,2.127924,55.299999,70.000000,-0.140000,1770370116.593846
-0.419436,-0.638792,2.340204,65.730003,59.639999,-0.910000,1770370116.601860
-0.404796,-0.673684,2.205272,62.160000,52.009998,1.750000,1770370116.609862
-0.390888,-0.621468,2.065216,47.529999,45.220001,2.240000,1770370116.617841
-0.394060,-0.579500,2.004216,29.540001,49.349998,3.220000,1770370116.625836
-0.426268,-0.498736,1.971764,9.100000,64.750000,-3.500000,1770370116.633850
-0.491172,-0.386984,1.898320,-17.360001,86.239998,-9.660000,1770370116.641965
-0.569740,-0.257664,1.726544,-39.340000,105.629997,-17.430000,1770370116.649843
-0.657092,-0.134932,1.478396,-56.770000,115.779999,-24.709999,1770370116.657846
-0.732488,-0.025864,1.256356,-69.860001,115.430000,-28.840000,1770370116.665828
-0.782508,0.080276,1.070428,-75.459999,105.419998,-36.959999,1770370116.673849
-0.819596,0.170068,0.932080,-77.910004,89.669998,-39.900002,1770370116.681859
-0.832040,0.214720,0.813740,-77.349998,70.769997,-45.709999,1770370116.689856
-0.812276,0.223504,0.685152,-68.110001,44.799999,-45.150002,1770370116.698218
-0.775676,0.214232,0.552904,-56.910000,22.049999,-46.480000,1770370116.705972
-0.730536,0.223016,0.448960,-42.630001,0.140000,-46.410000,1770370116.713847
-0.666852,0.244976,0.352092,-28.000000,-20.930000,-43.680000,1770370116.721853
-0.597068,0.275476,0.260104,-19.879999,-39.130001,-46.410000,1770370116.729879
-0.525332,0.293776,0.186172,-11.550000,-55.230000,-42.139999,1770370116.737897
-0.456524,0.298412,0.132492,-6.020000,-68.879997,-41.860001,1770370116.745859
-0.381616,0.268400,0.105652,-0.420000,-81.199997,-39.549999,1770370116.753844
-0.316224,0.201300,0.092964,5.180000,-90.019997,-31.360001,1770370116.761841
-0.270352,0.112728,0.094672,13.790000,-96.529999,-29.540001,1770370116.769848
-0.245708,0.045872,0.109556,24.639999,-99.750000,-20.580000,1770370116.777980
-0.224236,0.005612,0.185440,35.770000,-96.599998,-12.810000,1770370116.785846
-0.203740,-0.033184,0.318420,49.209999,-84.070000,0.070000,1770370116.793844
-0.198128,-0.063440,0.512156,57.400002,-59.570000,9.870000,1770370116.801861
-0.225944,-0.109068,0.739076,64.540001,-25.059999,13.370000,1770370116.809954
-0.288408,-0.176168,0.957944,72.800003,10.360000,15.260000,1770370116.817860
-0.413580,-0.271572,1.160220,85.330002,42.000000,17.150000,1770370116.825850
-0.591456,-0.348920,1.327116,101.220001,58.660000,13.440000,1770370116.833867
-0.810324,-0.380640,1.423496,111.510002,56.419998,11.550000,1770370116.841861
-1.017724,-0.440420,1.478396,114.449997,38.990002,3.570000,1770370116.849843
-1.140944,-0.534848,1.558916,105.559998,11.340000,-1.820000,1770370116.857851
-1.142652,-0.614880,1.674572,91.279999,-30.799999,-11.830000,1770370116.865823
-1.081652,-0.680028,1.785348,75.949997,-76.510002,-14.420000,1770370116.873835
-0.907924,-0.718580,1.914424,55.439999,-115.779999,-20.090000,1770370116.881865
-0.648308,-0.678076,1.979328,40.110001,-148.610001,-20.790001,1770370116.889864
-0.399916,-0.505568,2.015440,25.549999,-170.380005,-22.120001,1770370116.897902
-0.177144,-0.243756,1.985428,2.520000,-174.440002,-21.559999,1770370116.905866
0.001952,-0.021228,1.865136,-21.770000,-162.889999,-21.700001,1770370116.913847
0.161772,0.147132,1.630408,-44.310001,-144.619995,-19.040001,1770370116.921867
0.244244,0.239364,1.341512,-58.799999,-124.250000,-7.210000,1770370116.929854
0.287188,0.295484,1.068964,-62.020000,-101.849998,2.800000,1770370116.937843
0.292556,0.322568,0.833016,-62.720001,-80.989998,18.480000,1770370116.945845
0.265960,0.350872,0.638548,-56.419998,-59.360001,27.090000,1770370116.953883
0.229360,0.386008,0.518012,-48.090000,-36.400002,37.939999,1770370116.961881
0.179828,0.441884,0.435296,-39.340000,-14.140000,40.110001,1770370116.969846
0.123464,0.487024,0.366000,-35.700001,4.970000,41.090000,1770370116.977848
0.066856,0.519476,0.286944,-28.000000,19.040001,36.400002,1770370116.985874
0.011224,0.528992,0.205204,-24.430000,25.480000,30.520000,1770370116.993834
-0.045140,0.525820,0.123708,-21.070000,30.240000,25.830000,1770370117.001871
-0.087596,0.512644,0.054900,-17.219999,28.840000,15.750000,1770370117.009961
-0.115656,0.499956,-0.001464,-14.980000,25.059999,13.230000,1770370117.017850
-0.127124,0.478728,-0.041724,-13.440000,20.230000,3.780000,1770370117.025856
-0.119560,0.429196,-0.044408,-9.450000,16.940001,5.250000,1770370117.033834
-0.102480,0.370392,0.010492,-3.150000,16.520000,2.240000,1770370117.041854
-0.082960,0.293288,0.157136,8.330000,22.680000,5.390000,1770370117.049941
-0.059780,0.238632,0.371124,20.650000,34.230000,4.690000,1770370117.058000
-0.050996,0.199104,0.653188,29.959999,46.549999,5.040000,1770370117.066558
-0.056608,0.167384,0.980148,30.870001,57.540001,1.890000,1770370117.074137
-0.060268,0.106140,1.189256,26.879999,63.770000,-1.470000,1770370117.081904
-0.070272,0.009272,1.250256,25.200001,65.099998,-2.030000,1770370117.089849
-0.086620,-0.104188,1.364204,27.440001,61.529999,-1.260000,1770370117.097858
-0.112240,-0.190808,1.598688,35.560001,55.020000,4.270000,1770370117.105913
-0.168848,-0.320128,1.889780,49.279999,48.230000,11.690000,1770370117.113848
-0.201056,-0.500688,2.111332,56.000000,43.119999,11.550000,1770370117.121846
-0.163968,-0.622444,2.087420,54.180000,42.139999,16.870001,1770370117.129898
-0.162504,-0.633668,1.984208,47.599998,45.779999,16.940001,1770370117.137847
-0.172020,-0.617320,1.945412,34.090000,57.119999,17.430000,1770370117.145844
-0.210816,-0.551440,1.902712,21.420000,75.320000,14.210000,1770370117.153831
-0.290360,-0.445544,1.852448,2.240000,97.790001,6.160000,1770370117.161868
-0.395524,-0.283284,1.759240,-18.690001,117.879997,0.770000,1770370117.169851
-0.521672,-0.149328,1.616256,-39.759998,132.020004,-6.860000,1770370117.177841
-0.636108,-0.031476,1.426424,-56.070000,135.029999,-13.020000,1770370117.185867
-0.720532,0.070272,1.213412,-68.180000,128.869995,-17.990000,1770370117.193846
-0.772504,0.145912,1.017236,-74.199997,116.059998,-25.059999,1770370117.201876
-0.806176,0.181048,0.877180,-75.529999,99.330002,-28.139999,1770370117.209840
-0.819108,0.194956,0.752496,-69.860001,80.639999,-34.160000,1770370117.217837
-0.809836,0.209352,0.631228,-59.639999,60.689999,-38.990002,1770370117.225838
-0.778848,0.240340,0.528260,-47.669998,41.580002,-42.000000,1770370117.233857
-0.736148,0.285480,0.437736,-36.119999,20.719999,-45.849998,1770370117.241994
-0.666364,0.338184,0.343308,-28.000000,3.080000,-45.500000,1770370117.249839
-0.598288,0.382104,0.274012,-21.910000,-14.700000,-45.500000,1770370117.257857
-0.525332,0.399184,0.232288,-18.549999,-31.150000,-46.060001,1770370117.265919
-0.461892,0.385032,0.197884,-15.120000,-48.090000,-40.459999,1770370117.273867
-0.396256,0.342332,0.182756,-13.790000,-60.480000,-37.450001,1770370117.281842
-0.347456,0.271084,0.180316,-11.200000,-71.540001,-32.060001,1770370117.289839
-0.309880,0.190076,0.167628,-5.460000,-78.889999,-24.639999,1770370117.297841
-0.282552,0.121512,0.167872,3.710000,-84.279999,-14.070000,1770370117.305887
-0.265228,0.054412,0.222772,17.850000,-84.839996,-2.240000,1770370117.313841
-0.255224,-0.024644,0.331352,29.680000,-76.089996,10.430000,1770370117.321838
-0.254492,-0.104676,0.468480,42.840000,-58.310001,22.680000,1770370117.329837
-0.270840,-0.175924,0.644160,60.200001,-29.330000,32.759998,1770370117.337906
-0.326716,-0.243024,0.868396,79.730003,3.920000,39.410000,1770370117.345847
-0.439688,-0.284748,1.051152,94.220001,36.680000,35.560001,1770370117.353836
-0.604632,-0.306464,1.185840,105.769997,55.720001,30.379999,1770370117.361835
-0.803492,-0.338672,1.301008,111.230003,61.669998,21.070000,1770370117.369833
-0.972828,-0.363316,1.408612,109.269997,50.610001,14.000000,1770370117.377825
-1.084336,-0.407480,1.512312,100.730003,23.240000,4.970000,1770370117.385940
-1.109468,-0.474336,1.624064,89.669998,-13.160000,-1.610000,1770370117.393832
-1.082384,-0.546560,1.708976,75.110001,-52.009998,-8.540000,1770370117.401880
-0.934764,-0.591700,1.810480,61.459999,-97.370003,-14.490000,1770370117.409916
-0.699304,-0.577060,1.885876,49.000000,-136.500000,-19.110001,1770370117.417853
-0.464820,-0.484828,1.943704,36.400002,-165.899994,-19.180000,1770370117.425845
-0.239120,-0.287432,1.986404,23.240000,-176.820007,-25.969999,1770370117.433849
-0.038552,-0.048068,1.951512,-0.420000,-168.000000,-26.740000,1770370117.441950
0.127856,0.133224,1.776808,-26.040001,-149.800003,-30.100000,1770370117.449855
0.241804,0.247660,1.514020,-45.990002,-122.500000,-24.639999,1770370117.457847
0.295972,0.298656,1.249524,-60.759998,-96.180000,-14.070000,1770370117.465830
0.309880,0.318420,1.003328,-65.660004,-72.029999,-3.850000,1770370117.473836
0.298656,0.333792,0.804956,-67.339996,-48.580002,10.570000,1770370117.481864
0.262544,0.357216,0.673196,-62.860001,-24.709999,18.059999,1770370117.489850
0.213988,0.388692,0.592676,-56.000000,-5.460000,22.469999,1770370117.497852
0.157136,0.427244,0.525576,-50.540001,13.160000,22.469999,1770370117.505905
0.097844,0.477508,0.466040,-44.029999,26.320000,19.110001,1770370117.513854
0.035624,0.517524,0.387960,-38.639999,36.119999,17.290001,1770370117.521846
-0.018544,0.538752,0.296460,-32.900002,38.709999,11.200000,1770370117.529846
-0.061976,0.555344,0.210816,-24.639999,37.799999,7.070000,1770370117.537845
-0.100284,0.548756,0.141764,-20.230000,32.270000,1.820000,1770370117.545935
-0.120780,0.527284,0.085400,-13.790000,27.790001,-3.150000,1770370117.553881
-0.124196,0.490684,0.041724,-9.660000,23.240000,-5.600000,1770370117.561851
-0.113460,0.439688,0.040748,-5.250000,25.410000,-6.300000,1770370117.569842
-0.084180,0.381128,0.103944,1.960000,29.120001,-4.830000,1770370117.577850
-0.059292,0.314028,0.247172,9.030000,37.029999,-5.390000,1770370117.585841
-0.037820,0.244000,0.459940,11.340000,47.110001,-3.290000,1770370117.593848
-0.031232,0.161528,0.711504,14.560000,59.430000,-4.060000,1770370117.601861
-0.020008,0.063440,0.971364,14.630000,71.889999,-3.360000,1770370117.609878
-0.026840,-0.052216,1.164124,15.470000,81.900002,-3.640000,1770370117.617964
-0.054168,-0.159332,1.272948,18.129999,86.730003,-1.330000,1770370117.625834
-0.135176,-0.226920,1.435940,23.590000,86.169998,3.780000,1770370117.633852
-0.218868,-0.299144,1.667496,28.209999,83.440002,9.520000,1770370117.641850
-0.335744,-0.374784,1.898808,31.570000,78.750000,11.200000,1770370117.650002
-0.430904,-0.410896,1.923208,28.910000,73.919998,13.020000,1770370117.657845
-0.465796,-0.436272,1.745088,18.410000,65.099998,11.480000,1770370117.665836
-0.496784,-0.439688,1.648464,10.010000,61.810001,13.580000,1770370117.673849
-0.553392,-0.430904,1.682136,1.330000,67.900002,7.070000,1770370117.681868
-0.619272,-0.383568,1.742404,-8.890000,82.110001,-2.380000,1770370117.689850
-0.684176,-0.293532,1.738500,-22.190001,92.750000,-11.970000,1770370117.697851
-0.746640,-0.171532,1.632360,-37.660000,96.739998,-22.540001,1770370117.705903
-0.800320,-0.046116,1.439600,-50.680000,91.419998,-29.469999,1770370117.713932
-0.841312,0.065392,1.226344,-62.090000,78.750000,-39.410000,1770370117.721875
-0.858392,0.142008,1.029924,-66.360001,59.849998,-46.410000,1770370117.729849
-0.849608,0.193980,0.856440,-66.989998,37.240002,-53.900002,1770370117.737883
-0.815204,0.223260,0.730292,-62.860001,18.410000,-58.869999,1770370117.745855
-0.757864,0.250100,0.620492,-49.349998,-1.120000,-61.110001,1770370117.753864
-0.696864,0.292800,0.521184,-40.810001,-19.740000,-62.160000,1770370117.761846
-0.620980,0.348676,0.433588,-31.010000,-34.930000,-62.580002,1770370117.769844
-0.538996,0.391864,0.365024,-23.309999,-48.580002,-61.810001,1770370117.777862
-0.467992,0.405772,0.313540,-17.990000,-61.250000,-58.520000,1770370117.785992
-0.406992,0.376248,0.294020,-13.790000,-70.629997,-52.360001,1770370117.793847
-0.360388,0.305976,0.296216,-7.910000,-73.010002,-45.570000,1770370117.801877
-0.322080,0.246928,0.310856,2.730000,-69.230003,-35.840000,1770370117.809870
-0.292556,0.217404,0.324520,15.680000,-62.790001,-25.760000,1770370117.817852
-0.274744,0.182756,0.327204,28.770000,-57.540001,-12.950000,1770370117.825844
-0.289140,0.124440,0.340624,42.000000,-52.570000,1.540000,1770370117.833845
-0.322812,0.056852,0.387716,52.639999,-46.689999,19.320000,1770370117.841893
-0.368928,-0.011956,0.461404,64.889999,-37.240002,29.330000,1770370117.849839
-0.429440,-0.088328,0.570716,76.860001,-22.049999,39.830002,1770370117.857853
-0.530212,-0.180316,0.775188,87.080002,-1.260000,38.500000,1770370117.865832
-0.657092,-0.263032,1.021628,94.010002,18.059999,30.870001,1770370117.873861
-0.798856,-0.345260,1.262456,98.000000,25.059999,22.540001,1770370117.881846
-0.945744,-0.395280,1.440820,97.300003,16.100000,11.200000,1770370117.889967
-1.070428,-0.451400,1.525732,92.540001,-6.930000,2.800000,1770370117.897852
-1.148508,-0.540216,1.564284,81.129997,-42.349998,-9.800000,1770370117.905913
-1.162904,-0.691496,1.588440,70.559998,-78.889999,-27.860001,1770370117.913873
-1.073600,-0.840580,1.616012,59.150002,-116.269997,-41.020000,1770370117.921847
-0.771772,-0.848876,1.739720,54.110001,-159.250000,-45.080002,1770370117.929843
-0.456524,-0.752008,1.896368,48.439999,-196.419998,-48.020000,1770370117.937888
-0.167872,-0.549976,2.016904,38.639999,-218.050003,-46.970001,1770370117.945871
0.089304,-0.262300,2.082784,18.900000,-216.440002,-44.799999,1770370117.953836
0.330132,0.069296,2.003728,-10.220000,-197.470001,-45.080002,1770370117.961857
0.486048,0.243512,1.768512,-35.980000,-168.000000,-28.770000,1770370117.969871
0.527284,0.307196,1.448628,-54.110001,-136.080002,-18.129999,1770370117.977863
0.526064,0.315980,1.122888,-66.779999,-105.209999,-4.620000,1770370117.985904
0.503372,0.319396,0.843752,-68.040001,-76.860001,11.550000,1770370117.993848
0.459452,0.321836,0.619516,-61.740002,-48.230000,21.700001,1770370118.001878
0.398940,0.365024,0.460916,-51.869999,-19.180000,33.320000,1770370118.009971
0.325252,0.419436,0.356728,-38.500000,8.190000,36.470001,1770370118.017841
0.237168,0.474580,0.278160,-31.430000,31.709999,37.029999,1770370118.025840
0.164212,0.514840,0.209840,-21.910000,52.150002,31.850000,1770370118.033846
0.095160,0.544608,0.155184,-18.340000,65.870003,26.530001,1770370118.041847
0.028792,0.566080,0.104188,-10.920000,72.870003,16.590000,1770370118.049959
-0.030012,0.585356,0.037820,-8.680000,76.860001,8.400000,1770370118.058002
-0.069784,0.582916,-0.018300,-7.350000,79.309998,-0.210000,1770370118.065950
-0.099064,0.551928,-0.078568,-0.560000,76.440002,-4.550000,1770370118.074063
-0.110776,0.513376,-0.121512,1.470000,71.889999,-10.010000,1770370118.081869
-0.117608,0.463844,-0.075152,3.640000,68.459999,-12.320000,1770370118.089879
-0.112972,0.430660,0.069296,5.670000,71.750000,-10.220000,1770370118.097866
-0.129320,0.378688,0.347456,1.750000,80.010002,-7.770000,1770370118.105869
-0.152744,0.343552,0.712968,-2.030000,89.459999,-6.510000,1770370118.113948
-0.182268,0.281820,1.045784,-10.850000,101.709999,-8.400000,1770370118.121905
-0.197884,0.151524,1.257820,-9.660000,110.739998,-13.860000,1770370118.129953
-0.228872,0.020740,1.349320,-7.560000,108.849998,-14.770000,1770370118.137848
-0.291092,-0.062952,1.445212,1.540000,97.720001,-14.840000,1770370118.145851
-0.413092,-0.185928,1.683356,12.670000,80.080002,-8.820000,1770370118.153902
-0.561200,-0.386496,2.034472,34.650002,63.419998,-3.850000,1770370118.161863
-0.673684,-0.525576,2.096936,54.529999,51.590000,-4.270000,1770370118.169857
-0.663192,-0.487512,1.934432,49.000000,38.919998,-6.300000,1770370118.177857
-0.614880,-0.476288,1.829024,38.220001,30.170000,-6.160000,1770370118.185898
-0.603900,-0.480924,1.832196,29.120001,27.930000,-2.380000,1770370118.193839
-0.620492,-0.446032,1.885144,15.330000,36.330002,-7.420000,1770370118.201841
-0.643428,-0.354288,1.897344,-2.240000,48.090000,-13.790000,1770370118.209886
-0.678320,-0.236680,1.760460,-22.680000,57.750000,-24.709999,1770370118.217843
-0.709308,-0.151036,1.514264,-42.770000,59.570000,-29.889999,1770370118.225838
-0.718336,-0.084912,1.237324,-55.230000,53.759998,-36.330002,1770370118.233837
-0.710528,-0.027328,0.999424,-61.320000,40.459999,-38.779999,1770370118.241961
-0.695156,0.017568,0.826428,-60.830002,23.870001,-44.380001,1770370118.249842
-0.673196,0.047580,0.693204,-52.779999,9.940000,-43.610001,1770370118.257846
-0.642696,0.071736,0.582184,-46.340000,-3.150000,-45.919998,1770370118.265831
-0.599752,0.098820,0.481168,-34.230000,-15.400000,-46.970001,1770370118.273835
-0.555588,0.134444,0.373320,-25.129999,-25.900000,-47.669998,1770370118.281861
-0.505080,0.182512,0.279868,-13.650000,-36.049999,-46.270000,1770370118.289837
-0.445300,0.224724,0.217160,-5.110000,-46.619999,-46.410000,1770370118.297841
-0.388448,0.264252,0.173728,2.030000,-58.799999,-46.480000,1770370118.306054
-0.330376,0.280112,0.155672,7.560000,-71.959999,-44.520000,1770370118.313841
-0.268400,0.282308,0.151036,13.090000,-82.949997,-40.250000,1770370118.321841
-0.214720,0.242780,0.147620,18.549999,-88.970001,-30.660000,1770370118.329839
-0.175192,0.185684,0.160552,26.320000,-93.309998,-21.770000,1770370118.337846
-0.150548,0.141276,0.201056,33.529999,-92.540001,-11.550000,1770370118.345917
-0.132248,0.096380,0.301828,43.540001,-80.989998,-0.140000,1770370118.353866
-0.123464,0.042456,0.465064,50.330002,-59.639999,7.210000,1770370118.361841
-0.148352,-0.002440,0.683444,54.669998,-25.059999,12.040000,1770370118.369829
-0.182024,-0.052216,0.941840,62.299999,14.840000,13.650000,1770370118.377836
-0.254980,-0.105652,1.211948,67.970001,49.560001,16.590000,1770370118.385841
-0.392108,-0.160796,1.445700,82.599998,64.959999,15.050000,1770370118.393891
-0.591700,-0.166408,1.612108,91.769997,65.029999,14.490000,1770370118.401849
-0.852292,-0.142252,1.708000,89.739998,50.680000,5.810000,1770370118.409862
-1.026996,-0.177388,1.744356,76.160004,30.240000,-5.810000,1770370118.417860
-1.065792,-0.256688,1.756312,60.410000,-1.470000,-15.050000,1770370118.425848
-1.036756,-0.363804,1.808284,47.529999,-37.099998,-18.200001,1770370118.433834
-0.898652,-0.467504,1.866356,33.810001,-75.040001,-18.900000,1770370118.441853
-0.692472,-0.501908,1.942484,26.950001,-113.400002,-20.020000,1770370118.449892
-0.482632,-0.440420,2.002264,16.450001,-134.610001,-22.610001,1770370118.457851
-0.259128,-0.289872,1.995920,-1.540000,-140.279999,-22.469999,1770370118.465829
-0.067588,-0.122000,1.888316,-20.860001,-133.630005,-21.350000,1770370118.473854
0.081496,-0.014884,1.635288,-42.139999,-119.980003,-19.110001,1770370118.481855
0.181292,0.044408,1.322968,-53.060001,-104.089996,-11.270000,1770370118.489878
0.225212,0.090036,1.034072,-56.419998,-87.290001,-1.960000,1770370118.497932
0.231312,0.133956,0.803492,-54.740002,-67.199997,11.550000,1770370118.506070
0.223260,0.183976,0.636596,-51.869999,-46.060001,22.820000,1770370118.513848
0.205204,0.245952,0.512156,-47.810001,-21.840000,34.160000,1770370118.521855
0.182024,0.303048,0.415776,-40.669998,0.490000,43.470001,1770370118.529847
0.132492,0.346480,0.341356,-35.349998,18.760000,45.849998,1770370118.537846
0.072224,0.383812,0.255224,-30.309999,33.040001,44.029999,1770370118.545893
0.004392,0.407236,0.183732,-23.799999,44.869999,40.669998,1770370118.553904
-0.058316,0.427488,0.117852,-19.320000,50.680000,34.439999,1770370118.561821
-0.116632,0.435784,0.039772,-14.000000,53.130001,23.590000,1770370118.569853
-0.153964,0.425292,-0.039284,-8.750000,54.110001,14.560000,1770370118.577863
-0.178120,0.411140,-0.079056,-2.310000,52.779999,7.840000,1770370118.585939
-0.187392,0.382836,-0.081008,2.870000,48.230000,2.380000,1770370118.593848
-0.194468,0.358924,-0.021228,6.370000,44.380001,-0.560000,1770370118.601880
-0.178852,0.324764,0.144936,10.990000,44.240002,-3.290000,1770370118.609855
-0.171776,0.296216,0.408212,15.120000,45.919998,-0.910000,1770370118.617924
-0.177632,0.271328,0.752984,14.000000,53.340000,-2.520000,1770370118.625836
-0.201788,0.228628,1.060180,13.440000,60.689999,-5.390000,1770370118.633846
-0.199592,0.135664,1.213656,15.190000,62.860001,-7.000000,1770370118.641847
-0.220820,0.022204,1.313452,19.250000,57.259998,-10.430000,1770370118.649849
-0.244488,-0.043676,1.462292,25.900000,45.990002,-8.540000,1770370118.657875
-0.294752,-0.108092,1.735816,36.330002,33.880001,-2.590000,1770370118.665854
-0.364048,-0.245220,2.113772,48.720001,21.629999,-2.380000,1770370118.673854
-0.359412,-0.409188,2.255780,52.779999,17.500000,0.980000,1770370118.681846
-0.324276,-0.413824,2.135732,48.650002,14.630000,4.130000,1770370118.689911
-0.303048,-0.368928,1.995676,31.990000,17.709999,9.870000,1770370118.697871
-0.309392,-0.344528,1.902224,13.090000,31.709999,13.510000,1770370118.705862
-0.357948,-0.288164,1.850252,-3.780000,56.700001,10.990000,1770370118.713942
-0.424560,-0.214232,1.749236,-24.920000,85.540001,7.070000,1770370118.721877
-0.510204,-0.138348,1.582340,-42.980000,108.220001,1.260000,1770370118.729849
-0.622932,-0.062464,1.361276,-56.700001,120.820000,-1.120000,1770370118.737852
-0.715896,-0.005124,1.104832,-65.870003,120.190002,-4.480000,1770370118.745855
-0.783728,0.043188,0.856196,-66.639999,109.059998,-8.400000,1770370118.753988
-0.827404,0.071736,0.669780,-64.120003,89.739998,-11.200000,1770370118.761838
-0.837408,0.092232,0.538020,-54.529999,64.680000,-16.520000,1770370118.769853
-0.821304,0.103944,0.464088,-45.430000,41.790001,-17.639999,1770370118.777850
-0.776652,0.129564,0.399428,-35.700001,17.150000,-21.559999,1770370118.785844
-0.723948,0.153232,0.322568,-24.010000,-5.950000,-21.770000,1770370118.793882
-0.663192,0.184708,0.248392,-17.150000,-27.650000,-22.680000,1770370118.801845
-0.584624,0.228628,0.191052,-8.470000,-50.119999,-23.030001,1770370118.809856
-0.503860,0.263032,0.138104,-6.160000,-70.419998,-22.049999,1770370118.817896
-0.417240,0.280112,0.082228,-3.150000,-91.070000,-20.230000,1770370118.825870
-0.332328,0.261568,0.038064,0.350000,-111.370003,-12.390000,1770370118.833849
-0.265228,0.183488,0.051728,5.670000,-127.120003,-1.540000,1770370118.841838
-0.218380,0.092232,0.114924,11.200000,-131.949997,7.840000,1770370118.849887
-0.179340,0.011224,0.228384,20.440001,-124.809998,16.730000,1770370118.857856
-0.162504,-0.049044,0.426512,31.150000,-99.190002,21.980000,1770370118.865845
-0.162260,-0.085156,0.709552,40.880001,-60.480000,26.530001,1770370118.873833
-0.193248,-0.140788,0.972828,51.869999,-13.370000,33.110001,1770370118.881846
-0.282552,-0.173728,1.201700,68.040001,28.139999,33.880001,1770370118.889875
-0.445788,-0.201788,1.395192,83.510002,48.930000,33.810001,1770370118.897869
-0.650260,-0.203496,1.539396,96.739998,49.349998,28.980000,1770370118.905887
-0.868152,-0.217892,1.695556,97.160004,34.160000,22.820000,1770370118.913884
-0.985272,-0.285480,1.826828,81.900002,8.820000,12.600000,1770370118.921850
-0.998692,-0.332328,1.884900,64.120003,-24.150000,4.830000,1770370118.929913
-0.954284,-0.439200,1.950780,45.990002,-56.490002,-0.910000,1770370118.937883
-0.793976,-0.524356,1.973228,30.450001,-86.660004,-4.830000,1770370118.945934
-0.592676,-0.529968,1.997872,20.299999,-113.820000,-6.160000,1770370118.953859
-0.400892,-0.436272,2.010560,5.530000,-129.289993,-9.310000,1770370118.961915
-0.232044,-0.286700,1.944192,-13.860000,-131.949997,-5.880000,1770370118.969867
-0.083936,-0.116144,1.785104,-35.770000,-125.300003,-5.740000,1770370118.977835
0.044164,-0.004636,1.541592,-53.549999,-115.080002,1.680000,1770370118.985843
0.130540,0.072956,1.250012,-63.000000,-104.860001,7.770000,1770370118.993842
0.187636,0.127368,0.995032,-65.870003,-93.309998,21.770000,1770370119.002010
0.214476,0.178608,0.782996,-61.880001,-83.089996,36.959999,1770370119.009860
0.220332,0.223748,0.625128,-57.400002,-68.529999,48.930000,1770370119.017851
0.218624,0.280600,0.527284,-52.220001,-51.029999,58.939999,1770370119.025845
0.203008,0.343308,0.445788,-43.820000,-34.369999,62.230000,1770370119.033892
0.168116,0.409188,0.362096,-37.869999,-15.260000,65.379997,1770370119.041867
0.125172,0.451644,0.278892,-31.920000,-0.840000,62.160000,1770370119.049856
0.074420,0.484828,0.197884,-25.480000,9.940000,58.939999,1770370119.057965
0.019520,0.505080,0.107360,-21.770000,17.920000,50.959999,1770370119.066039
-0.024400,0.511180,0.034404,-17.360001,25.340000,44.240002,1770370119.073953
-0.060756,0.505568,-0.030500,-14.140000,32.480000,36.610001,1770370119.081886
-0.082960,0.478728,-0.080764,-8.960000,36.959999,29.750000,1770370119.089950
-0.091988,0.433588,-0.092964,0.000000,41.930000,23.379999,1770370119.097862
-0.094916,0.373320,-0.028060,8.890000,47.459999,22.680000,1770370119.106007
-0.092720,0.334524,0.145424,19.250000,57.400002,21.910000,1770370119.113856
-0.097844,0.319640,0.445056,28.559999,71.750000,20.860001,1770370119.121852
-0.113216,0.331352,0.813008,31.990000,86.660004,20.510000,1770370119.129857
-0.167384,0.335988,1.128012,30.450001,98.419998,14.210000,1770370119.137836
-0.209352,0.261812,1.242448,26.670000,103.529999,12.110000,1770370119.145899
-0.283040,0.186660,1.323700,28.770000,99.190002,8.820000,1770370119.153877
-0.317688,0.105652,1.498160,29.540001,84.419998,8.400000,1770370119.161888
-0.401380,0.021716,1.861720,35.980000,63.209999,12.670000,1770370119.169822
-0.499468,-0.159820,2.194048,41.230000,45.150002,16.379999,1770370119.177841
-0.497028,-0.358192,2.201124,43.750000,31.010000,22.120001,1770370119.185860
-0.465552,-0.479948,2.057408,32.759998,19.950001,25.270000,1770370119.193840
-0.402844,-0.558516,1.938336,15.470000,14.070000,24.219999,1770370119.201837
-0.366000,-0.607316,1.886120,-1.120000,17.850000,18.549999,1770370119.209977
-0.368928,-0.607560,1.878068,-11.550000,37.029999,8.190000,1770370119.217841
-0.400892,-0.503860,1.840004,-29.190001,58.939999,-3.920000,1770370119.225836
-0.459208,-0.274012,1.721908,-40.880001,78.540001,-16.100000,1770370119.233837
-0.519232,-0.024400,1.559648,-46.480000,87.220001,-23.520000,1770370119.241955
-0.587064,0.053924,1.345172,-65.660004,85.190002,-28.629999,1770370119.249921
-0.623908,0.137860,1.109712,-76.650002,76.089996,-28.770000,1770370119.257857
-0.642940,0.140056,0.879376,-85.540001,61.669998,-34.160000,1770370119.265833
-0.634644,0.144936,0.697596,-81.830002,43.119999,-36.750000,1770370119.273822
-0.616832,0.138104,0.573156,-73.779999,24.430000,-38.639999,1770370119.281843
-0.585356,0.147132,0.468724,-62.439999,6.860000,-43.400002,1770370119.289840
-0.533872,0.152988,0.373564,-48.650002,-7.490000,-44.029999,1770370119.297842
-0.476776,0.162260,0.274012,-39.340000,-18.900000,-48.160000,1770370119.305910
-0.416508,0.167140,0.199592,-30.660000,-29.049999,-44.799999,1770370119.313841
-0.365756,0.175924,0.153720,-23.799999,-37.240002,-46.970001,1770370119.321846
-0.310124,0.199104,0.131028,-18.480000,-44.799999,-45.150002,1770370119.329841
-0.254492,0.212280,0.112972,-12.740000,-53.200001,-44.169998,1770370119.337842
-0.208620,0.202276,0.104676,-10.430000,-59.990002,-39.759998,1770370119.345848
-0.165432,0.148596,0.120292,-5.460000,-67.129997,-31.430000,1770370119.353908
-0.147376,0.071980,0.158844,1.750000,-68.949997,-18.969999,1770370119.361840
-0.139324,0.003172,0.229604,10.850000,-65.029999,-7.910000,1770370119.369843
-0.136152,-0.067832,0.347700,23.100000,-49.000000,3.360000,1770370119.377829
-0.160552,-0.138348,0.522892,35.560001,-21.490000,11.130000,1770370119.385892
-0.195200,-0.205692,0.770064,48.860001,17.709999,19.530001,1770370119.393844
-0.269620,-0.284992,1.033340,66.849998,59.919998,27.860001,1770370119.401889
-0.398696,-0.334768,1.272704,85.750000,92.680000,32.759998,1770370119.409900
-0.617808,-0.326472,1.419836,102.269997,106.750000,33.810001,1770370119.417854
-0.894504,-0.334036,1.452532,110.320000,101.779999,31.290001,1770370119.425846
-1.149484,-0.366732,1.461560,111.440002,84.559998,25.059999,1770370119.433874
-1.303204,-0.417484,1.521828,98.629997,57.259998,17.709999,1770370119.441853
-1.341512,-0.474092,1.656028,79.870003,15.260000,13.580000,1770370119.449849
-1.322480,-0.544852,1.780468,59.430000,-30.030001,6.160000,1770370119.457854
-1.157536,-0.592188,1.855132,44.520000,-79.239998,7.070000,1770370119.465847
-0.928664,-0.544364,1.881240,35.000000,-124.250000,7.420000,1770370119.473857
-0.701256,-0.384300,1.921744,18.900000,-153.789993,11.760000,1770370119.481955
-0.484828,-0.162748,1.915644,-3.710000,-164.149994,10.080000,1770370119.489855
-0.291336,0.019764,1.805356,-29.610001,-161.279999,7.420000,1770370119.497851
-0.106384,0.128832,1.576972,-51.520000,-150.149994,8.960000,1770370119.505842
0.032208,0.197152,1.279780,-64.330002,-138.949997,13.020000,1770370119.513905
0.123464,0.234240,1.024312,-65.309998,-127.610001,22.610001,1770370119.521855
0.182756,0.279868,0.822524,-59.570000,-111.720001,31.219999,1770370119.529874
0.213500,0.334036,0.672464,-51.099998,-95.339996,37.730000,1770370119.537906
0.232532,0.388936,0.593652,-44.799999,-74.760002,42.700001,1770370119.545853
0.235460,0.442860,0.558272,-38.080002,-52.009998,46.689999,1770370119.553857
0.231312,0.474580,0.530700,-34.230000,-30.940001,42.840000,1770370119.561835
0.200080,0.492636,0.469700,-35.490002,-12.810000,39.619999,1770370119.569838
0.153964,0.498980,0.382348,-30.730000,3.500000,32.900002,1770370119.577832
0.100772,0.494832,0.271816,-29.889999,16.030001,24.219999,1770370119.585828
0.054656,0.484096,0.176168,-22.820000,23.379999,17.360001,1770370119.593844
0.006344,0.461404,0.097356,-17.780001,27.930000,8.750000,1770370119.601914
-0.024156,0.414312,0.025620,-11.270000,31.010000,-0.140000,1770370119.609987
-0.044896,0.368928,-0.022448,-5.600000,34.930000,-4.410000,1770370119.617841
-0.050264,0.322812,-0.016592,5.670000,41.930000,-9.030000,1770370119.625852
-0.053680,0.269376,0.075640,18.200001,49.139999,-10.150000,1770370119.633911
-0.038796,0.243024,0.245708,25.760000,59.639999,-13.090000,1770370119.641840
-0.046848,0.226920,0.508252,28.770000,71.820000,-17.430000,1770370119.649846
-0.055388,0.233264,0.847412,24.990000,85.400002,-17.430000,1770370119.657894
-0.064416,0.221064,1.109712,17.990000,102.620003,-20.230000,1770370119.666006
-0.098576,0.150548,1.259040,17.570000,114.730003,-14.280000,1770370119.673839
-0.131028,0.083204,1.393972,17.990000,116.620003,-10.150000,1770370119.681851
-0.185928,0.033916,1.615768,18.549999,105.070000,-2.870000,1770370119.689848
-0.299144,-0.063684,1.913692,22.190001,86.239998,1.120000,1770370119.697848
-0.393328,-0.254004,2.129144,26.879999,68.250000,6.930000,1770370119.705869
-0.400160,-0.382592,2.085224,29.190001,48.580002,8.960000,1770370119.713866
-0.381860,-0.429684,1.938092,20.440001,34.020000,15.050000,1770370119.721850
-0.404796,-0.469212,1.839028,7.770000,31.360001,15.050000,1770370119.729871
-0.442128,-0.498492,1.801696,-6.020000,44.939999,11.130000,1770370119.737847
-0.505568,-0.493124,1.788276,-22.469999,65.239998,4.690000,1770370119.745869
-0.575840,-0.401136,1.702144,-39.340000,84.980003,-9.800000,1770370119.753961
-0.652456,-0.145424,1.510116,-47.459999,96.739998,-20.440001,1770370119.761847
-0.717848,-0.079544,1.336876,-51.310001,95.129997,-28.980000,1770370119.769839
-0.762256,0.071492,1.082384,-57.189999,85.050003,-35.770000,1770370119.777839
-0.778116,0.153964,0.870592,-57.889999,64.889999,-41.720001,1770370119.785843
-0.771528,0.180316,0.731756,-56.209999,41.720001,-45.290001,1770370119.793833
-0.739076,0.190564,0.631960,-49.209999,17.850000,-47.740002,1770370119.801845
-0.685640,0.178852,0.544608,-40.669998,-3.710000,-50.889999,1770370119.809866
-0.614636,0.173972,0.455792,-30.870001,-23.590000,-50.470001,1770370119.817875
-0.538508,0.152744,0.362096,-24.430000,-40.250000,-49.419998,1770370119.825979
-0.462136,0.181536,0.258884,-19.320000,-55.439999,-45.150002,1770370119.833847
-0.393572,0.177388,0.192760,-14.700000,-66.989998,-45.500000,1770370119.841848
-0.318908,0.181292,0.140788,-10.430000,-79.099998,-43.330002,1770370119.849843
-0.244244,0.180316,0.112728,-4.130000,-87.220001,-43.119999,1770370119.857898
-0.165920,0.170068,0.121268,1.960000,-91.839996,-39.759998,1770370119.865854
-0.101016,0.118340,0.160552,8.680000,-91.769997,-32.340000,1770370119.873830
-0.051484,0.068320,0.200812,17.570000,-85.680000,-20.440001,1770370119.881851
-0.026840,0.010004,0.267668,24.430000,-76.440002,-8.680000,1770370119.889927
-0.013908,-0.042212,0.382104,38.430000,-56.700001,2.310000,1770370119.897860
-0.027084,-0.101748,0.589260,47.529999,-26.180000,10.290000,1770370119.905844
-0.081740,-0.158600,0.863028,58.450001,15.050000,18.760000,1770370119.913886
-0.177388,-0.215208,1.121668,70.139999,59.990002,19.740000,1770370119.921976
-0.329888,-0.264740,1.311012,83.860001,92.190002,24.360001,1770370119.929841
-0.556320,-0.281820,1.433500,98.209999,105.070000,25.480000,1770370119.937903
-0.845216,-0.259616,1.483276,101.639999,95.199997,22.120001,1770370119.945836
-1.129964,-0.288652,1.518656,95.620003,70.699997,14.000000,1770370119.953871
-1.290516,-0.339892,1.573556,80.709999,39.340000,0.280000,1770370119.962002
-1.324920,-0.424316,1.647976,67.269997,-8.820000,-4.900000,1770370119.969844
-1.288808,-0.491904,1.728740,51.590000,-66.500000,-16.309999,1770370119.977843
-1.109468,-0.518500,1.845860,35.209999,-117.949997,-17.219999,1770370119.985846
-0.812276,-0.484096,1.910276,26.110001,-161.910004,-22.820000,1770370119.993831
-0.514352,-0.367464,1.960052,10.780000,-189.979996,-23.520000,1770370120.001949
-0.234240,-0.191052,1.957612,-4.760000,-198.100006,-29.540001,1770370120.010173
0.017812,-0.014152,1.852448,-25.760000,-188.580002,-28.980000,1770370120.017922
0.209840,0.119072,1.607472,-41.299999,-170.309998,-27.580000,1770370120.025846
0.329644,0.180072,1.322236,-48.650002,-151.130005,-19.809999,1770370120.033847
0.402844,0.224480,1.067744,-47.529999,-127.680000,-11.130000,1770370120.041984
0.428464,0.280112,0.853268,-43.330002,-102.550003,2.030000,1770370120.049850
0.437248,0.344284,0.692960,-39.410000,-73.220001,11.690000,1770370120.058162
0.414556,0.422364,0.538264,-34.860001,-26.950001,24.150000,1770370120.069676
0.396256,0.445544,0.498492,-31.639999,-9.170000,26.040001,1770370120.074032
0.343064,0.477020,0.414556,-29.540001,16.870001,30.730000,1770370120.081964
0.262788,0.476288,0.330132,-25.900000,38.009998,29.190001,1770370120.089844
0.175924,0.460184,0.242536,-20.299999,53.689999,26.389999,1770370120.097849
0.090768,0.438224,0.167140,-15.750000,63.349998,18.760000,1770370120.105935
0.022204,0.428464,0.094916,-10.220000,70.419998,12.040000,1770370120.113861
-0.033428,0.413824,0.028304,-7.210000,76.300003,2.590000,1770370120.121882
-0.082472,0.389424,-0.030500,-3.500000,76.860001,-2.940000,1770370120.129910
-0.112728,0.346480,-0.076128,3.430000,76.510002,-8.680000,1770370120.137853
-0.132004,0.301828,-0.049532,7.350000,77.419998,-14.280000,1770370120.145847
-0.151036,0.263276,0.080520,14.910000,82.110001,-11.830000,1770370120.153851
-0.177388,0.243268,0.310612,15.190000,91.419998,-12.670000,1770370120.161904
-0.198860,0.243024,0.626104,14.070000,101.849998,-11.690000,1770370120.169850
-0.226188,0.226920,0.965996,8.330000,111.230003,-16.100000,1770370120.177838
-0.250344,0.163236,1.154120,5.740000,118.370003,-15.750000,1770370120.185847
-0.302316,0.067588,1.270508,9.590000,112.419998,-12.530000,1770370120.193871
-0.391620,0.003904,1.469368,14.560000,96.739998,-8.960000,1770370120.201957
-0.504836,-0.082472,1.733864,23.030001,74.760002,-3.850000,1770370120.209867
-0.639280,-0.233264,2.055944,46.410000,49.000000,-2.030000,1770370120.217854
-0.712724,-0.337696,2.093764,57.400002,30.240000,-2.240000,1770370120.225889
-0.670756,-0.393328,1.902712,44.660000,15.610000,-2.030000,1770370120.233847
-0.579988,-0.507276,1.768024,22.190001,6.510000,4.480000,1770370120.241846
-0.521916,-0.531188,1.766560,9.100000,6.930000,7.980000,1770370120.249843
-0.519476,-0.575108,1.880020,-0.560000,20.160000,7.490000,1770370120.257845
-0.568032,-0.490440,1.921500,-13.860000,42.139999,-2.520000,1770370120.265963
-0.615612,-0.282308,1.786568,-27.090000,57.189999,-15.960000,1770370120.273820
-0.651968,-0.021716,1.559404,-25.760000,64.470001,-25.620001,1770370120.281848
-0.703940,0.044164,1.291248,-42.349998,63.209999,-30.379999,1770370120.289842
-0.714676,0.122244,1.040172,-49.840000,50.889999,-34.160000,1770370120.297840
-0.702720,0.141276,0.863028,-54.740002,35.910000,-40.180000,1770370120.305836
-0.677832,0.151036,0.728096,-52.290001,17.360001,-44.169998,1770370120.313912
-0.640988,0.136884,0.628056,-48.299999,2.730000,-47.180000,1770370120.321845
-0.598776,0.120536,0.526796,-39.340000,-10.220000,-48.090000,1770370120.329841
-0.551684,0.121512,0.426512,-32.340000,-20.930000,-49.560001,1770370120.337842
-0.507764,0.117608,0.326716,-23.590000,-31.500000,-47.740002,1770370120.345835
-0.461404,0.124928,0.233752,-18.549999,-42.139999,-46.410000,1770370120.353829
-0.416752,0.157136,0.166896,-12.460000,-51.939999,-44.869999,1770370120.361856
-0.363560,0.194468,0.134444,-8.120000,-64.750000,-46.270000,1770370120.369950
-0.295972,0.224236,0.120048,-1.680000,-78.190002,-45.849998,1770370120.377857
-0.231556,0.223992,0.114436,4.550000,-90.230003,-42.700001,1770370120.385849
-0.174460,0.182512,0.139080,11.690000,-97.510002,-34.020000,1770370120.393935
-0.132004,0.125172,0.198616,17.990000,-98.629997,-22.680000,1770370120.401838
-0.099308,0.055876,0.277916,30.379999,-90.580002,-12.250000,1770370120.409851
-0.088328,-0.018788,0.437248,39.200001,-68.669998,-3.920000,1770370120.417894
-0.101016,-0.073200,0.681248,47.110001,-33.880001,1.750000,1770370120.425850
-0.133224,-0.125416,0.961360,58.730000,8.680000,7.070000,1770370120.433859
-0.208620,-0.165920,1.198772,70.209999,48.650002,12.950000,1770370120.441965
-0.343064,-0.212768,1.399096,83.860001,68.320000,16.730000,1770370120.449860
-0.532652,-0.219112,1.518412,98.279999,66.849998,19.879999,1770370120.457844
-0.804224,-0.202032,1.635776,101.290001,51.660000,16.590000,1770370120.465846
-1.031632,-0.233508,1.765340,91.070000,31.500000,2.800000,1770370120.473873
-1.092876,-0.310124,1.837808,68.879997,0.490000,-7.770000,1770370120.481954
-1.058716,-0.405528,1.882704,46.900002,-38.709999,-21.840000,1770370120.489844
-0.920368,-0.498248,1.900516,30.100000,-78.889999,-22.680000,1770370120.497842
-0.691008,-0.525576,1.927112,18.900000,-115.849998,-24.150000,1770370120.505831
-0.454816,-0.424804,1.971764,9.800000,-141.960007,-25.760000,1770370120.513964
-0.248392,-0.253760,1.975180,-5.880000,-149.380005,-26.670000,1770370120.521857
-0.058316,-0.067344,1.866844,-25.900000,-143.149994,-31.430000,1770370120.529851
0.103212,0.088572,1.631872,-43.189999,-132.789993,-28.770000,1770370120.537871
0.211304,0.147132,1.337852,-53.549999,-118.300003,-24.080000,1770370120.545899
0.272792,0.193004,1.057740,-54.040001,-104.089996,-12.460000,1770370120.553843
0.301340,0.230824,0.825208,-50.750000,-86.870003,-3.150000,1770370120.561943
0.303536,0.268156,0.631716,-42.560001,-68.250000,8.540000,1770370120.569851
0.299144,0.308172,0.494100,-35.000000,-46.689999,20.020000,1770370120.577841
0.274744,0.340380,0.386740,-29.959999,-24.500000,25.270000,1770370120.585859
0.238144,0.371368,0.293288,-20.790001,-4.270000,29.260000,1770370120.593991
0.182756,0.388692,0.234240,-16.799999,14.490000,28.840000,1770370120.601829
0.120780,0.397720,0.180804,-10.780000,29.260000,26.040001,1770370120.609855
0.056120,0.400404,0.131760,-5.670000,42.560001,17.850000,1770370120.617869
0.003416,0.396012,0.088572,-1.750000,51.450001,9.100000,1770370120.625865
-0.039772,0.388448,0.040260,3.430000,58.310001,0.770000,1770370120.633850
-0.075152,0.365268,-0.014152,6.650000,62.160000,-7.070000,1770370120.641855
-0.095404,0.333060,-0.044164,11.340000,64.540001,-9.800000,1770370120.649849
-0.113216,0.311100,-0.004148,17.500000,66.849998,-12.460000,1770370120.657848
-0.119316,0.274012,0.140788,18.549999,73.080002,-12.040000,1770370120.665869
-0.130540,0.241560,0.388204,18.760000,80.570000,-10.710000,1770370120.673831
-0.152012,0.213012,0.716628,14.000000,92.750000,-12.670000,1770370120.681849
-0.188124,0.183000,1.047492,10.220000,108.150002,-13.020000,1770370120.689845
-0.211548,0.091988,1.190476,8.120000,113.750000,-17.639999,1770370120.697868
-0.256444,0.002196,1.283928,11.900000,109.410004,-17.290001,1770370120.705853
-0.305732,-0.055388,1.500112,20.020000,90.230003,-16.379999,1770370120.713937
-0.409676,-0.140544,1.831708,30.450001,65.449997,-14.140000,1770370120.721854
-0.568764,-0.346968,2.197952,50.119999,44.099998,-10.150000,1770370120.729918
-0.635376,-0.518256,2.250412,61.529999,28.559999,-8.190000,1770370120.737846
-0.624884,-0.615368,2.066924,46.549999,12.740000,-8.750000,1770370120.745845
-0.548024,-0.614148,1.912716,28.910000,1.960000,-5.950000,1770370120.753927
-0.515572,-0.632692,1.874408,15.890000,3.150000,-6.160000,1770370120.761873
-0.512156,-0.578524,1.905884,4.620000,15.330000,-8.330000,1770370120.769857
-0.535580,-0.455060,1.882216,-7.140000,33.950001,-15.400000,1770370120.777846
-0.584868,-0.251564,1.723128,-24.570000,50.889999,-23.170000,1770370120.785863
-0.626592,-0.054412,1.464488,-35.560001,57.889999,-27.650000,1770370120.793855
-0.663436,0.176656,1.200968,-38.220001,54.320000,-34.020000,1770370120.801842
-0.677832,0.290848,0.977708,-31.850000,43.470001,-35.419998,1770370120.809844
-0.694912,0.291092,0.777384,-33.529999,27.440001,-37.240002,1770370120.817872
-0.675148,0.282552,0.622200,-35.349998,11.340000,-36.820000,1770370120.825870
-0.632204,0.230336,0.509472,-33.320000,-6.300000,-39.060001,1770370120.833851
-0.567788,0.174704,0.398452,-29.190001,-22.049999,-41.020000,1770370120.841899
-0.501420,0.162504,0.289872,-24.850000,-35.700001,-41.930000,1770370120.849853
-0.445300,0.173972,0.211548,-15.120000,-50.680000,-41.160000,1770370120.857881
-0.384056,0.198616,0.165188,-9.240000,-60.900002,-44.939999,1770370120.865904
-0.327936,0.232776,0.132492,-3.080000,-70.349998,-41.439999,1770370120.873842
-0.269620,0.254736,0.093208,-2.800000,-79.449997,-40.669998,1770370120.881854
-0.206668,0.252540,0.053924,-1.330000,-90.440002,-37.869999,1770370120.889855
-0.137128,0.237656,0.027084,0.210000,-102.550003,-31.430000,1770370120.897937
-0.086864,0.187148,0.044652,4.060000,-108.500000,-22.260000,1770370120.905847
-0.054168,0.107604,0.136152,14.210000,-104.650002,-14.910000,1770370120.913864
-0.017080,0.026108,0.282308,23.450001,-89.180000,-7.700000,1770370120.921862
0.015860,-0.039528,0.507520,35.490002,-62.299999,-1.610000,1770370120.929849
0.016104,-0.087840,0.806176,43.959999,-21.139999,0.070000,1770370120.937853
-0.013908,-0.099308,1.074088,54.740002,25.270000,7.980000,1770370120.945969
-0.098576,-0.130296,1.285880,69.510002,66.779999,15.260000,1770370120.953847
-0.250100,-0.191296,1.506456,80.709999,89.949997,17.150000,1770370120.961850
-0.455548,-0.254736,1.713124,95.760002,91.629997,11.200000,1770370120.970298
-0.690764,-0.244000,1.924916,101.150002,81.269997,3.780000,1770370120.977870
-0.873764,-0.265716,2.028128,90.860001,65.029999,-3.990000,1770370120.985851
-0.943304,-0.333060,2.022272,75.739998,44.029999,-9.520000,1770370120.993855
-0.931104,-0.410164,2.019588,52.360001,10.990000,-6.510000,1770370121.001925
-0.861076,-0.508740,1.980792,34.020000,-27.510000,-10.780000,1770370121.009866
-0.741760,-0.491904,1.959076,16.309999,-68.529999,-9.660000,1770370121.017860
-0.574620,-0.371368,1.945412,-3.360000,-96.739998,-15.050000,1770370121.025856
-0.404796,-0.186904,1.869040,-24.709999,-111.370003,-20.580000,1770370121.033858
-0.243268,-0.042456,1.710684,-42.560001,-114.660004,-23.240000,1770370121.041967
-0.102236,0.069784,1.484252,-57.680000,-111.510002,-25.480000,1770370121.049854
-0.003172,0.145668,1.233176,-63.209999,-106.330002,-23.520000,1770370121.067080
0.101748,0.232044,0.904508,-60.270000,-92.540001,-12.600000,1770370121.069990
0.139080,0.284016,0.742736,-54.459999,-83.510002,-3.500000,1770370121.078110
0.152988,0.330620,0.614636,-50.959999,-70.910004,6.160000,1770370121.086033
0.166164,0.380640,0.504348,-43.680000,-54.810001,12.670000,1770370121.094023
0.165188,0.412360,0.408944,-38.779999,-41.160000,14.280000,1770370121.102022
0.148352,0.430904,0.308660,-32.410000,-28.350000,16.730000,1770370121.110004
0.107360,0.433100,0.228872,-27.370001,-15.610000,14.280000,1770370121.118101
0.060268,0.434320,0.146400,-20.650000,-2.730000,9.660000,1770370121.126094
0.022936,0.427976,0.079788,-15.820000,7.210000,4.830000,1770370121.134040
-0.005856,0.425780,0.019032,-12.880000,16.030001,-1.610000,1770370121.142016
-0.031476,0.415776,-0.039284,-6.580000,24.010000,-4.410000,1770370121.150005
-0.044408,0.386740,-0.081496,-2.030000,32.130001,-12.250000,1770370121.158196
-0.044896,0.332572,-0.060024,2.660000,41.020000,-13.160000,1770370121.166100
-0.043188,0.286212,0.046116,12.320000,49.910000,-19.110001,1770370121.174141
-0.035136,0.237168,0.257664,17.010000,62.020000,-16.030001,1770370121.182041
-0.048800,0.203740,0.588528,24.990000,77.419998,-15.680000,1770370121.190018
-0.076372,0.201056,0.992104,25.059999,92.959999,-17.500000,1770370121.198059
-0.102968,0.152500,1.240252,23.520000,105.769997,-22.469999,1770370121.206000
-0.139812,0.077592,1.359568,21.770000,107.309998,-24.920000,1770370121.214075
-0.164700,0.025620,1.485228,24.080000,96.110001,-22.959999,1770370121.222168
-0.225212,-0.105408,1.687016,35.349998,75.040001,-16.170000,1770370121.230015
-0.341600,-0.309148,2.123776,59.080002,53.900002,-8.540000,1770370121.238070
-0.419192,-0.436272,2.308240,83.790001,35.490002,-7.210000,1770370121.246014
-0.451644,-0.479460,2.148176,75.389999,23.940001,-7.210000,1770370121.253997
-0.398452,-0.514108,1.977132,46.759998,15.680000,-4.130000,1770370121.262009
-0.370392,-0.610488,1.862696,22.120001,19.670000,1.540000,1770370121.270038
-0.381372,-0.641720,1.836344,7.770000,33.740002,2.450000,1770370121.278194
-0.443348,-0.564860,1.847324,-7.980000,56.000000,-7.630000,1770370121.286014
-0.527040,-0.376004,1.753384,-19.879999,74.620003,-15.610000,1770370121.294015
-0.599752,-0.107116,1.513532,-29.540001,86.449997,-22.889999,1770370121.302012
-0.659532,0.050020,1.284904,-29.959999,88.339996,-29.049999,1770370121.310014
-0.701500,0.142008,1.025044,-40.110001,77.699997,-29.469999,1770370121.318077
-0.714676,0.203252,0.816180,-44.450001,60.270000,-33.250000,1770370121.326129
-0.707356,0.153232,0.670756,-47.389999,40.669998,-29.540001,1770370121.334010
-0.691740,0.127124,0.556564,-45.150002,23.590000,-30.940001,1770370121.342007
-0.660020,0.119316,0.465552,-38.639999,4.830000,-33.459999,1770370121.350005
-0.621468,0.150548,0.367220,-28.910000,-9.800000,-35.490002,1770370121.358066
-0.568276,0.189344,0.279136,-17.780001,-24.570000,-38.080002,1770370121.366007
-0.509472,0.229360,0.223016,-8.120000,-42.000000,-41.230000,1770370121.374014
-0.452376,0.258396,0.177144,-4.130000,-58.029999,-40.669998,1770370121.382069
-0.394792,0.279868,0.147376,-2.310000,-73.639999,-42.349998,1770370121.390003
-0.329400,0.286944,0.102968,-1.680000,-88.410004,-38.990002,1770370121.398101
-0.254736,0.277184,0.078324,1.680000,-102.550003,-37.099998,1770370121.406019
-0.191784,0.246196,0.084668,6.440000,-113.400002,-27.090000,1770370121.414055
-0.140300,0.183000,0.147376,13.020000,-116.199997,-19.809999,1770370121.422035
-0.106872,0.116632,0.259860,22.680000,-105.419998,-13.300000,1770370121.430020
-0.076372,0.073932,0.452864,29.540001,-81.410004,-11.270000,1770370121.438065
-0.070272,0.044164,0.713212,36.049999,-44.730000,-9.240000,1770370121.446017
-0.077348,0.009028,0.972340,41.580002,-2.730000,-8.190000,1770370121.454153
-0.123952,-0.050996,1.197552,50.889999,33.040001,1.190000,1770370121.462013
-0.251320,-0.113216,1.453020,70.629997,52.779999,10.990000,1770370121.470049
-0.454328,-0.145424,1.732644,83.580002,55.230000,12.880000,1770370121.478098
-0.724192,-0.140056,1.985916,86.519997,46.549999,11.900000,1770370121.486094
-0.940620,-0.188124,2.054968,70.629997,31.920000,-1.050000,1770370121.494025
-0.989664,-0.239852,1.965420,49.980000,5.390000,-8.820000,1770370121.502019
-0.947208,-0.346480,1.925160,30.100000,-26.459999,-9.100000,1770370121.510021
-0.831308,-0.472872,1.910764,16.870001,-62.439999,-8.750000,1770370121.518084
-0.661728,-0.528748,1.913204,6.020000,-93.730003,-7.000000,1770370121.526075
-0.482876,-0.491416,1.900516,-4.200000,-114.940002,-8.400000,1770370121.534022
-0.301584,-0.390888,1.834148,-21.559999,-124.949997,-9.100000,1770370121.542014
-0.146156,-0.247904,1.709952,-38.430000,-121.589996,-10.360000,1770370121.550002
-0.018788,-0.125416,1.486448,-52.990002,-113.190002,-8.330000,1770370121.558185
0.073688,-0.042456,1.232932,-60.830002,-100.730003,-1.820000,1770370121.566022
0.126148,0.022204,0.979172,-59.990002,-88.339996,4.690000,1770370121.574123
0.159576,0.079544,0.771040,-57.540001,-74.690002,15.260000,1770370121.582018
0.166652,0.139324,0.608292,-50.750000,-60.130001,26.459999,1770370121.590017
0.167384,0.195444,0.490196,-43.189999,-48.790001,33.389999,1770370121.598075
0.153232,0.250588,0.396500,-36.750000,-35.209999,39.619999,1770370121.606179
0.121268,0.301584,0.315736,-27.580000,-23.379999,39.270000,1770370121.614015
0.081252,0.345992,0.241804,-22.750000,-11.060000,39.619999,1770370121.622016
0.033672,0.383812,0.170800,-18.900000,-1.400000,34.580002,1770370121.630020
-0.005856,0.411872,0.113460,-14.770000,5.040000,27.650000,1770370121.638064
-0.033184,0.436516,0.052948,-12.670000,12.250000,23.030001,1770370121.646014
-0.059536,0.440420,0.015128,-9.800000,16.940001,16.520000,1770370121.654151
-0.071004,0.421876,-0.000976,-5.320000,21.700001,11.690000,1770370121.662014
-0.068076,0.397720,0.028304,0.210000,26.040001,6.580000,1770370121.670018
-0.056120,0.361364,0.134932,8.680000,34.230000,2.450000,1770370121.678097
-0.037332,0.324520,0.321348,16.940001,45.919998,3.010000,1770370121.686018
-0.032452,0.304512,0.588772,30.870001,56.700001,1.260000,1770370121.694024
-0.054900,0.308660,0.914756,35.770000,66.779999,-3.290000,1770370121.702164
-0.074664,0.291336,1.145580,33.110001,74.129997,-7.210000,1770370121.710047
-0.085156,0.214720,1.242692,28.910000,72.589996,-13.160000,1770370121.718098
-0.072956,0.114680,1.367864,32.970001,66.639999,-10.430000,1770370121.726022
-0.049776,-0.014396,1.621380,38.639999,51.799999,-4.760000,1770370121.734054
-0.062464,-0.202276,1.984696,57.959999,36.540001,0.630000,1770370121.742021
-0.076128,-0.358924,2.217960,75.529999,26.670000,7.840000,1770370121.750015
-0.085888,-0.468968,2.236504,61.320000,20.580000,10.850000,1770370121.758062
-0.078568,-0.490684,2.105720,39.340000,26.180000,10.430000,1770370121.766018
-0.087596,-0.550220,1.964200,19.809999,42.700001,13.720000,1770370121.774128
-0.130052,-0.585356,1.890024,3.220000,65.449997,13.930000,1770370121.782050
-0.226676,-0.518500,1.849764,-11.550000,91.629997,9.730000,1770370121.790017
-0.351360,-0.332816,1.745088,-25.270000,116.410004,5.600000,1770370121.798059
-0.498492,-0.196664,1.563552,-36.680000,133.139999,4.130000,1770370121.806030
-0.625372,-0.085400,1.309792,-47.880001,138.250000,-0.280000,1770370121.814051
-0.716140,0.010248,1.026752,-56.209999,129.149994,-4.270000,1770370121.822036
-0.783484,0.087352,0.789828,-54.040001,111.930000,-10.290000,1770370121.830047
-0.808372,0.120780,0.636352,-48.439999,86.169998,-15.540000,1770370121.838104
-0.806176,0.133956,0.540216,-42.910000,59.779999,-17.290001,1770370121.846018
-0.777628,0.143960,0.466284,-33.740002,33.880001,-20.299999,1770370121.854018
-0.720776,0.162992,0.384056,-26.320000,8.960000,-24.850000,1770370121.862057
-0.652456,0.187636,0.315004,-17.850000,-14.140000,-29.820000,1770370121.870004
-0.576572,0.217160,0.241072,-11.130000,-36.400002,-33.250000,1770370121.878101
-0.493368,0.256444,0.181536,-7.630000,-55.090000,-35.279999,1770370121.886021
-0.409676,0.285480,0.133468,-3.780000,-74.550003,-31.709999,1770370121.894060
-0.323056,0.299144,0.076372,-4.760000,-91.629997,-30.799999,1770370121.902024
-0.240340,0.290116,0.022204,-4.130000,-108.220001,-23.870001,1770370121.910042
-0.168848,0.252052,0.008784,-3.570000,-122.709999,-14.140000,1770370121.918124
-0.113216,0.198860,0.058804,-1.120000,-127.820000,-5.880000,1770370121.926019
-0.059292,0.121512,0.165188,6.790000,-121.169998,0.980000,1770370121.934105
-0.019032,0.058072,0.323056,14.770000,-100.660004,4.970000,1770370121.942025
0.002684,0.000732,0.561444,24.219999,-66.639999,6.370000,1770370121.950019
-0.004880,-0.050264,0.839848,35.419998,-19.389999,5.950000,1770370121.958076
-0.032940,-0.112484,1.095804,46.759998,29.820000,10.570000,1770370121.966020
-0.115168,-0.176168,1.348100,67.620003,71.470001,16.730000,1770370121.974107
-0.288164,-0.226676,1.622112,86.169998,95.830002,23.100000,1770370121.982058
-0.526308,-0.242536,1.877092,100.870003,98.769997,20.230000,1770370121.990021
-0.762744,-0.242048,2.079856,95.269997,87.989998,11.410000,1770370121.998063
-0.893528,-0.246196,2.050576,74.550003,70.769997,7.630000,1770370122.006061
-0.939400,-0.309636,2.002020,52.220001,41.790001,6.720000,1770370122.014023
-0.899384,-0.435784,1.966152,32.970001,6.300000,6.580000,1770370122.022037
-0.809348,-0.534360,1.941996,19.879999,-36.470001,6.930000,1770370122.030007
-0.695400,-0.498736,1.936384,7.280000,-71.190002,4.270000,1770370122.038074
-0.549976,-0.380152,1.911496,-9.310000,-90.650002,3.360000,1770370122.046026
-0.398208,-0.237412,1.801452,-27.370001,-95.970001,-2.030000,1770370122.054019
-0.243268,-0.098332,1.615036,-45.220001,-98.629997,-3.920000,1770370122.062168
-0.117852,-0.000244,1.370060,-55.930000,-97.860001,-1.820000,1770370122.070651
-0.010492,0.081008,1.123376,-59.009998,-97.089996,1.190000,1770370122.078195
0.057096,0.141032,0.911584,-54.880001,-93.099998,6.860000,1770370122.086036
0.110532,0.214232,0.756888,-47.740002,-85.889999,16.870001,1770370122.094015
0.146156,0.288408,0.640744,-45.639999,-75.250000,26.040001,1770370122.102023
0.173240,0.351116,0.539484,-40.669998,-62.650002,31.639999,1770370122.110016
0.178608,0.400648,0.451644,-41.439999,-49.560001,36.959999,1770370122.118270
0.152744,0.433588,0.357216,-39.900002,-35.560001,36.680000,1770370122.126047
0.113216,0.455304,0.262544,-35.700001,-21.840000,37.169998,1770370122.134008
0.076128,0.473360,0.164700,-32.689999,-9.240000,30.170000,1770370122.142019
0.032208,0.478728,0.082716,-27.790001,0.700000,25.270000,1770370122.150052
-0.002196,0.488732,0.007076,-19.320000,12.460000,13.580000,1770370122.158096
-0.026840,0.474336,-0.055388,-12.670000,23.030001,8.540000,1770370122.166015
-0.034648,0.440664,-0.080276,-4.130000,32.410000,2.380000,1770370122.174038
-0.027084,0.405284,-0.030500,1.820000,43.820000,-2.730000,1770370122.182090
-0.020496,0.367220,0.109556,12.390000,55.439999,-8.890000,1770370122.190009
-0.031232,0.332084,0.357216,18.340000,69.580002,-9.800000,1770370122.198056
-0.044652,0.311832,0.724924,24.920000,87.430000,-12.810000,1770370122.206007
-0.083936,0.350140,1.054080,27.020000,103.879997,-20.719999,1770370122.214046
-0.122732,0.293532,1.183644,28.350000,110.250000,-24.080000,1770370122.222025
-0.204472,0.258396,1.299056,29.750000,112.279999,-24.360001,1770370122.230021
-0.263276,0.167384,1.434232,25.690001,101.709999,-20.230000,1770370122.238060
-0.349408,0.000000,1.667984,27.510000,80.570000,-12.460000,1770370122.246054
-0.439444,-0.258884,2.068632,47.669998,55.860001,-5.950000,1770370122.254021
-0.503860,-0.464820,2.218204,65.449997,37.939999,0.420000,1770370122.262007
-0.499224,-0.495076,2.075220,61.740002,23.940001,0.910000,1770370122.270011
-0.418460,-0.524600,1.949316,43.330002,15.260000,5.040000,1770370122.278071
-0.373564,-0.605852,1.857572,22.330000,14.840000,12.460000,1770370122.286024
-0.347944,-0.553392,1.834148,14.420000,22.049999,7.840000,1770370122.294126
-0.374540,-0.542412,1.833660,-7.910000,42.490002,3.010000,1770370122.302009
-0.445300,-0.403332,1.766316,-28.559999,65.169998,-0.140000,1770370122.310008
-0.516060,-0.230092,1.598444,-48.230000,80.220001,-6.790000,1770370122.318349
-0.593652,-0.103700,1.374452,-63.630001,83.230003,-10.920000,1770370122.326085
-0.641476,0.067344,1.131672,-70.839996,76.440002,-17.780001,1770370122.334047
-0.682468,0.111508,0.931836,-69.650002,63.000000,-24.360001,1770370122.342036
-0.711748,0.125904,0.764940,-69.019997,47.810001,-24.430000,1770370122.350179
-0.716872,0.127612,0.630740,-63.560001,34.020000,-28.420000,1770370122.358055
-0.703696,0.115412,0.523136,-56.139999,17.920000,-28.770000,1770370122.366010
-0.668072,0.130052,0.415044,-47.250000,2.380000,-32.060001,1770370122.373996
-0.615124,0.149816,0.301584,-36.540001,-16.870001,-34.930000,1770370122.382041
-0.560468,0.196420,0.201544,-29.260000,-36.470001,-39.689999,1770370122.390148
-0.499956,0.221064,0.147620,-23.590000,-54.669998,-44.169998,1770370122.398076
-0.436760,0.251808,0.108092,-20.020000,-71.120003,-45.849998,1770370122.406020
-0.353556,0.251808,0.082960,-14.700000,-84.209999,-46.619999,1770370122.414022
-0.273280,0.235216,0.060024,-11.550000,-95.830002,-45.150002,1770370122.422052
-0.205692,0.155672,0.071980,-4.130000,-105.489998,-34.580002,1770370122.430059
-0.160064,0.097600,0.124440,2.660000,-109.620003,-24.920000,1770370122.438164
-0.120048,0.047580,0.219844,12.670000,-104.930000,-13.370000,1770370122.446029
-0.082960,0.015372,0.360388,28.840000,-91.139999,-0.910000,1770370122.454096
-0.070272,-0.033916,0.589016,43.680000,-64.190002,7.630000,1770370122.462049
-0.093208,-0.050020,0.843020,59.990002,-25.480000,13.370000,1770370122.470018
-0.154208,-0.114924,1.082384,75.739998,19.250000,14.350000,1770370122.478078
-0.272792,-0.173972,1.255868,88.970001,56.560001,17.290001,1770370122.486161
-0.441884,-0.218380,1.362496,106.190002,77.559998,16.030001,1770370122.494014
-0.660020,-0.258396,1.416664,112.769997,75.879997,13.720000,1770370122.502015
-0.889136,-0.293288,1.509628,109.339996,59.220001,8.330000,1770370122.510043
-1.041392,-0.345504,1.629432,89.879997,33.599998,-1.680000,1770370122.518161
-1.096536,-0.424560,1.744844,65.309998,2.170000,-8.330000,1770370122.526018
-1.083116,-0.511424,1.883192,46.200001,-34.790001,-15.540000,1770370122.534092
-0.922076,-0.586088,1.953708,26.530001,-77.070000,-16.870001,1770370122.542008
-0.694424,-0.583892,1.979816,14.350000,-120.190002,-15.400000,1770370122.550022
-0.471652,-0.473848,2.010072,-0.770000,-151.619995,-14.280000,1770370122.558063
-0.265960,-0.301340,1.998848,-21.350000,-164.919998,-14.840000,1770370122.566045
-0.069784,-0.159332,1.876604,-41.439999,-163.869995,-15.190000,1770370122.574037
0.092232,-0.051972,1.652368,-60.410000,-156.240005,-11.270000,1770370122.582022
0.213012,0.019276,1.348344,-67.550003,-143.919998,-7.070000,1770370122.590013
0.288408,0.085644,1.080432,-63.560001,-132.160004,3.710000,1770370122.598085
0.335500,0.154452,0.868152,-58.099998,-116.970001,13.370000,1770370122.606045
0.356972,0.233752,0.716872,-48.509998,-98.419998,23.450001,1770370122.614154
0.358192,0.304268,0.619760,-42.910000,-73.779999,31.850000,1770370122.622014
0.341844,0.372832,0.542412,-39.340000,-47.389999,38.080002,1770370122.630021
0.305732,0.429440,0.462624,-36.889999,-23.450001,34.580002,1770370122.638092
0.252784,0.481168,0.375272,-34.860001,-0.280000,28.980000,1770370122.646164
0.193980,0.500200,0.286212,-31.430000,20.580000,27.160000,1770370122.654017
0.124928,0.520452,0.197640,-29.190001,35.139999,18.200001,1770370122.662042
0.060268,0.519964,0.111264,-24.990000,44.029999,7.980000,1770370122.670019
0.003416,0.510448,0.042944,-21.209999,52.220001,-1.470000,1770370122.678088
-0.029524,0.478972,-0.018788,-15.680000,56.770000,-8.960000,1770370122.686054
-0.063196,0.355508,-0.036356,-12.320000,61.880001,-11.690000,1770370122.694078
-0.077592,0.398696,-0.055388,-3.150000,65.449997,-16.730000,1770370122.702019
-0.081496,0.325496,0.072468,11.760000,71.400002,-17.500000,1770370122.710058
-0.091500,0.255224,0.293288,23.520000,77.910004,-21.280001,1770370122.718129
-0.086132,0.249856,0.599020,31.780001,84.559998,-29.120001,1770370122.726030
-0.087108,0.253760,0.942816,38.360001,91.070000,-35.070000,1770370122.734020
-0.101260,0.196664,1.157048,40.459999,96.110001,-38.290001,1770370122.742018
-0.118096,0.172508,1.265140,42.980000,94.290001,-38.570000,1770370122.750099
-0.144204,0.108824,1.430816,41.860001,91.419998,-29.540001,1770370122.758148
-0.182268,-0.022448,1.670668,41.230000,83.510002,-17.990000,1770370122.766011
-0.250588,-0.205692,2.016660,56.000000,68.320000,-4.760000,1770370122.774027
-0.319152,-0.328912,2.194048,65.239998,53.130001,-4.970000,1770370122.782136
-0.381616,-0.466284,2.114260,59.849998,49.000000,6.860000,1770370122.790022
-0.348432,-0.492148,1.981280,46.900002,43.049999,10.430000,1770370122.798082
-0.339648,-0.597556,1.891976,29.540001,44.450001,19.110001,1770370122.806017
-0.376736,-0.649284,1.847812,15.120000,54.810001,18.830000,1770370122.814068
-0.448960,-0.603656,1.814872,-1.540000,72.239998,10.780000,1770370122.822037
-0.536556,-0.474336,1.741672,-18.340000,88.760002,3.010000,1770370122.830025
-0.623176,-0.330620,1.608204,-35.910000,98.980003,-3.570000,1770370122.838069
-0.697352,-0.182512,1.403000,-52.570000,100.169998,-6.300000,1770370122.846031
-0.751276,-0.073932,1.152168,-59.430000,89.459999,-12.250000,1770370122.854191
-0.780800,0.045872,0.926224,-63.419998,71.120003,-14.490000,1770370122.862010
-0.792512,0.098088,0.759328,-59.779999,48.930000,-19.809999,1770370122.870002
-0.779336,0.134200,0.641232,-53.130001,27.790001,-23.309999,1770370122.878095
-0.750056,0.150060,0.557052,-46.200001,9.730000,-26.040001,1770370122.886020
-0.698328,0.165432,0.468480,-39.060001,-7.140000,-30.799999,1770370122.894124
-0.636596,0.173240,0.353068,-31.639999,-25.340000,-31.500000,1770370122.902056
-0.563152,0.193980,0.255224,-26.530001,-43.540001,-34.720001,1770370122.910016
-0.489220,0.223748,0.190320,-18.340000,-59.360001,-35.490002,1770370122.918078
-0.411628,0.260104,0.150304,-13.930000,-74.199997,-37.099998,1770370122.926022
-0.334280,0.278160,0.125172,-7.630000,-84.559998,-37.869999,1770370122.934025
-0.252784,0.251076,0.128832,-4.970000,-92.610001,-34.860001,1770370122.942016
-0.192760,0.175924,0.124440,-2.730000,-99.750000,-28.280001,1770370122.950094
-0.147864,0.108092,0.131760,0.700000,-102.410004,-18.200001,1770370122.958060
-0.112728,0.055632,0.189100,7.980000,-100.099998,-9.240000,1770370122.966015
-0.085888,0.000976,0.299876,20.020000,-87.989998,2.870000,1770370122.974020
-0.076372,-0.016104,0.491660,34.860001,-60.900002,10.850000,1770370122.982025
-0.100040,-0.060024,0.744688,47.110001,-21.770000,13.160000,1770370122.990183
-0.141032,-0.094428,0.966728,57.889999,19.459999,15.820000,1770370122.998063
-0.244488,-0.150060,1.150704,69.860001,55.230000,18.410000,1770370123.006020
-0.397476,-0.216428,1.299056,86.099998,74.900002,23.660000,1770370123.014044
-0.599752,-0.248148,1.405684,99.330002,76.300003,20.230000,1770370123.022187
-0.814716,-0.252784,1.536956,105.769997,61.459999,18.620001,1770370123.030020
-0.978440,-0.254004,1.683600,92.889999,36.470001,11.200000,1770370123.038076
-1.036268,-0.273768,1.775344,69.440002,2.310000,-1.050000,1770370123.046093
-1.035780,-0.348676,1.870504,47.110001,-32.060001,-2.730000,1770370123.054015
-0.904508,-0.447008,1.927356,25.200001,-69.300003,-11.480000,1770370123.062330
-0.705404,-0.490440,1.934188,14.350000,-104.790001,-8.260000,1770370123.070714
-0.487268,-0.427000,1.955416,2.100000,-133.490005,-10.430000,1770370123.078237
-0.300120,-0.281332,1.926380,-14.980000,-143.710007,-7.560000,1770370123.086090
-0.116632,-0.132736,1.833904,-33.180000,-143.360001,-4.690000,1770370123.094063
0.028060,-0.017080,1.636752,-50.750000,-135.589996,-5.390000,1770370123.102018
0.143960,0.061000,1.388604,-61.320000,-124.599998,0.560000,1770370123.110022
0.227164,0.119560,1.137284,-60.759998,-111.650002,6.160000,1770370123.118063
0.274500,0.179828,0.921832,-56.560001,-95.620003,15.470000,1770370123.126027
0.288164,0.244000,0.745664,-50.540001,-79.239998,26.180000,1770370123.134024
0.286944,0.313540,0.624396,-44.660000,-58.799999,31.570000,1770370123.142020
0.267180,0.371368,0.536800,-39.130001,-36.820000,36.610001,1770370123.150018
0.241804,0.414312,0.480924,-36.330002,-14.490000,36.610001,1770370123.158080
0.195200,0.442128,0.416508,-36.259998,6.720000,33.950001,1770370123.166022
0.136640,0.444080,0.347212,-33.880001,22.469999,31.080000,1770370123.174029
0.074420,0.454328,0.272548,-35.139999,35.070000,26.950001,1770370123.182039
0.018300,0.453108,0.208376,-32.759998,41.860001,21.910000,1770370123.190021
-0.038552,0.422364,0.157868,-29.680000,45.779999,15.820000,1770370123.198066
-0.072224,0.380152,0.119072,-24.780001,50.330002,9.100000,1770370123.206014
-0.094916,0.333548,0.093940,-13.440000,49.279999,5.810000,1770370123.214112
-0.116632,0.281820,0.084180,0.350000,52.009998,4.900000,1770370123.222068
-0.122000,0.233020,0.154208,14.000000,56.000000,2.450000,1770370123.230003
-0.119804,0.219112,0.292556,27.860001,58.450001,-1.260000,1770370123.238081
-0.115168,0.224480,0.508740,36.959999,62.580002,-10.010000,1770370123.246055
-0.118340,0.244976,0.794952,39.970001,69.300003,-14.910000,1770370123.254023
-0.129320,0.248636,1.048224,39.900002,76.860001,-18.900000,1770370123.262015
-0.138836,0.215208,1.216340,39.340000,85.120003,-19.809999,1770370123.270016
-0.154696,0.146156,1.354200,35.980000,85.889999,-15.820000,1770370123.278072
-0.163480,0.039040,1.553060,37.520000,80.360001,-7.630000,1770370123.286030
-0.200080,-0.073688,1.784372,46.830002,67.760002,3.010000,1770370123.294090
-0.244244,-0.227896,1.971032,50.189999,53.340000,6.790000,1770370123.302011
-0.263032,-0.339404,1.962248,49.000000,40.040001,14.140000,1770370123.310015
-0.255712,-0.403820,1.891732,35.980000,35.209999,16.520000,1770370123.318071
-0.243512,-0.475800,1.837320,23.100000,39.480000,21.910000,1770370123.326135
-0.264496,-0.536800,1.801940,14.000000,53.619999,26.040001,1770370123.334011
-0.338672,-0.564372,1.802672,3.780000,71.120003,19.740000,1770370123.342016
-0.446520,-0.539484,1.792180,-12.250000,93.730003,13.230000,1770370123.350012
-0.558760,-0.381128,1.721664,-28.000000,110.180000,0.420000,1770370123.358056
-0.659532,-0.238876,1.580876,-44.799999,114.660004,-10.780000,1770370123.366007
-0.740052,-0.156404,1.351516,-60.970001,110.739998,-15.050000,1770370123.374005
-0.797148,-0.056364,1.079944,-69.510002,96.879997,-18.900000,1770370123.382093
-0.820572,0.039284,0.849364,-67.410004,73.639999,-21.840000,1770370123.390046
-0.831796,0.069052,0.688080,-63.770000,50.330002,-27.299999,1770370123.398076
-0.808372,0.119072,0.579256,-59.080002,26.670000,-28.490000,1770370123.406018
-0.768844,0.133468,0.524600,-46.689999,3.990000,-31.709999,1770370123.414116
-0.709552,0.171044,0.476288,-36.540001,-13.020000,-32.480000,1770370123.422057
-0.641964,0.210816,0.402600,-25.690001,-30.450001,-35.139999,1770370123.430123
-0.551196,0.235216,0.333060,-18.760000,-48.930000,-37.660000,1770370123.438059
-0.479704,0.257664,0.275476,-16.450001,-61.320000,-38.220001,1770370123.446018
-0.408944,0.289140,0.223504,-16.870001,-73.150002,-37.450001,1770370123.454023
-0.334036,0.296216,0.177144,-19.879999,-84.489998,-37.099998,1770370123.462045
-0.256932,0.289872,0.133956,-20.790001,-95.550003,-32.689999,1770370123.470029
-0.189832,0.248880,0.102968,-20.299999,-107.519997,-23.030001,1770370123.478105
-0.144448,0.176168,0.091500,-16.870001,-114.029999,-11.550000,1770370123.486024
-0.107604,0.108092,0.113460,-6.300000,-115.290001,0.000000,1770370123.494061
-0.076616,0.048312,0.218136,4.900000,-106.190002,8.540000,1770370123.502031
-0.063684,0.000000,0.407968,24.430000,-80.500000,16.379999,1770370123.510015
-0.069052,-0.049532,0.673196,38.080002,-41.580002,18.059999,1770370123.518066
-0.092476,-0.103700,0.939156,52.220001,6.720000,17.080000,1770370123.526033
-0.168360,-0.162992,1.146312,73.779999,52.430000,18.200001,1770370123.534053
-0.324520,-0.240584,1.325652,94.220001,88.900002,15.680000,1770370123.542016
-0.535336,-0.253760,1.429352,115.150002,104.300003,13.720000,1770370123.550015
-0.787632,-0.233752,1.502064,121.870003,99.260002,10.780000,1770370123.558061
-0.978928,-0.207644,1.611620,110.110001,78.330002,3.290000,1770370123.566005
-1.069940,-0.244000,1.699216,85.750000,42.139999,-3.010000,1770370123.574111
-1.091412,-0.331596,1.806088,58.099998,-4.480000,-8.470000,1770370123.582052
-1.044808,-0.460916,1.916864,38.290001,-55.580002,-13.370000,1770370123.590018
-0.880352,-0.569984,1.922964,23.240000,-102.550003,-16.870001,1770370123.598087
-0.648064,-0.553148,1.927600,11.270000,-139.580002,-17.010000,1770370123.606038
-0.419680,-0.457744,1.927844,-2.240000,-159.460007,-17.290001,1770370123.614020
-0.212768,-0.298900,1.878312,-22.540001,-163.800003,-19.670000,1770370123.622062
-0.024644,-0.158600,1.724836,-39.130001,-156.940002,-16.170000,1770370123.630120
0.121512,-0.042456,1.506456,-53.759998,-145.179993,-13.580000,1770370123.638100
0.228140,0.052460,1.247816,-59.570000,-130.619995,-3.710000,1770370123.646021
0.290116,0.122244,1.012112,-59.570000,-113.889999,9.870000,1770370123.654070
0.314760,0.191296,0.805200,-56.349998,-96.040001,20.299999,1770370123.662015
0.313296,0.244732,0.659288,-51.869999,-76.019997,32.970001,1770370123.670027
0.296216,0.302316,0.551684,-46.130001,-54.110001,37.169998,1770370123.678076
0.270352,0.355996,0.476776,-42.349998,-30.590000,36.610001,1770370123.686024
0.229604,0.403820,0.398940,-35.910000,-8.260000,34.230000,1770370123.694139
0.183488,0.437004,0.316224,-33.110001,9.800000,29.820000,1770370123.702025
0.125172,0.463356,0.237168,-28.559999,24.360001,27.790001,1770370123.710020
0.067344,0.473604,0.172752,-25.690001,35.349998,21.139999,1770370123.718079
0.011468,0.467260,0.125660,-24.360001,42.209999,14.840000,1770370123.726169
-0.027572,0.445788,0.086864,-17.990000,47.669998,8.330000,1770370123.734020
-0.055388,0.393816,0.045140,-13.580000,51.240002,1.400000,1770370123.742077
-0.071492,0.332816,0.031476,-3.570000,55.020000,-0.980000,1770370123.750014
-0.084424,0.284748,0.073688,10.920000,58.869999,0.490000,1770370123.758070
-0.090524,0.267912,0.215208,25.129999,64.680000,-5.180000,1770370123.766040
-0.085888,0.260592,0.450668,36.119999,70.559998,-11.690000,1770370123.774111
-0.090768,0.247416,0.753472,39.970001,80.080002,-18.340000,1770370123.782020
-0.104920,0.271816,1.032364,41.860001,89.599998,-28.420000,1770370123.790040
-0.127124,0.242780,1.208288,41.860001,96.669998,-29.680000,1770370123.798078
-0.167872,0.185928,1.336632,38.500000,103.180000,-31.430000,1770370123.806029
-0.212036,0.101992,1.499380,34.860001,102.760002,-20.930000,1770370123.814049
-0.253760,0.003660,1.743624,38.990002,92.120003,-14.770000,1770370123.822019
-0.325984,-0.238876,1.998116,48.369999,72.309998,-7.000000,1770370123.830036
-0.402600,-0.403332,2.008364,50.959999,56.000000,-3.360000,1770370123.838078
-0.435052,-0.465796,1.907348,42.910000,46.270000,-3.080000,1770370123.846028
-0.403820,-0.498736,1.851960,33.529999,40.110001,3.360000,1770370123.854020
-0.401380,-0.511180,1.802916,26.670000,41.160000,6.370000,1770370123.862027
-0.434320,-0.503616,1.790472,18.340000,51.029999,6.930000,1770370123.870035
-0.498248,-0.439200,1.764608,3.780000,66.430000,0.560000,1770370123.878215
-0.572912,-0.321348,1.677988,-13.300000,80.779999,-5.390000,1770370123.886027
-0.649772,-0.238144,1.549156,-29.120001,88.339996,-12.950000,1770370123.894026
-0.708576,-0.021472,1.320040,-47.669998,86.519997,-18.690001,1770370123.902040
-0.736148,0.017812,1.121912,-52.430000,73.639999,-23.309999,1770370123.910060
-0.747616,0.081008,0.925736,-62.580002,58.240002,-25.620001,1770370123.918065
-0.754692,0.072712,0.773480,-66.779999,41.439999,-29.190001,1770370123.926048
-0.742980,0.054168,0.648064,-62.860001,25.830000,-27.510000,1770370123.934128
-0.711748,0.075640,0.543144,-54.250000,8.750000,-32.480000,1770370123.942018
-0.668560,0.120780,0.462624,-44.450001,-8.400000,-31.780001,1770370123.950019
-0.611708,0.191052,0.374296,-35.770000,-27.020000,-39.689999,1770370123.958078
-0.549488,0.247904,0.288652,-32.130001,-42.770000,-40.669998,1770370123.966017
-0.490440,0.284260,0.227896,-26.879999,-58.240002,-42.139999,1770370123.974127
-0.420168,0.314272,0.186416,-27.020000,-71.610001,-41.580002,1770370123.982013
-0.354044,0.298168,0.154696,-25.969999,-84.419998,-38.290001,1770370123.990018
-0.288408,0.260348,0.126148,-27.090000,-94.220001,-33.389999,1770370123.998080
-0.243512,0.184708,0.113460,-22.820000,-102.760002,-20.230000,1770370124.006082
-0.217404,0.121512,0.135176,-11.060000,-106.190002,-11.130000,1770370124.014017
-0.195688,0.068076,0.229604,4.900000,-100.309998,2.030000,1770370124.022018
-0.179340,0.001952,0.384056,23.520000,-83.089996,10.640000,1770370124.030042
-0.182024,-0.054168,0.601216,43.189999,-55.020000,14.700000,1770370124.038102
-0.212768,-0.116144,0.839116,55.020000,-13.790000,15.750000,1770370124.046027
-0.286212,-0.165188,1.052860,73.430000,26.040001,13.020000,1770370124.054024
-0.404064,-0.219356,1.230492,88.339996,56.700001,8.190000,1770370124.062119
-0.565836,-0.260592,1.319308,105.629997,69.089996,3.570000,1770370124.070235
-0.748104,-0.298656,1.365180,114.730003,59.570000,-2.730000,1770370124.078417
-0.900360,-0.321836,1.463512,110.949997,37.380001,-3.920000,1770370124.086038
-0.986736,-0.346480,1.590392,96.949997,6.580000,-6.510000,1770370124.094039
-0.999424,-0.396500,1.720688,75.669998,-30.100000,-11.480000,1770370124.102101
-0.942816,-0.483852,1.853180,55.580002,-64.260002,-15.750000,1770370124.110019
-0.769820,-0.571204,1.900516,36.189999,-103.110001,-18.200001,1770370124.118074
-0.544364,-0.594872,1.919060,19.320000,-137.339996,-16.100000,1770370124.126263
-0.326716,-0.506300,1.954440,4.410000,-156.800003,-14.420000,1770370124.134028
-0.137860,-0.366488,1.943948,-17.430000,-158.690002,-15.540000,1770370124.142019
0.030500,-0.219600,1.827072,-36.470001,-150.149994,-15.960000,1770370124.150017
0.159088,-0.101504,1.621380,-50.889999,-135.309998,-11.900000,1770370124.158071
0.254004,-0.003172,1.357128,-60.759998,-119.070000,-5.530000,1770370124.166024
0.317200,0.080032,1.127524,-59.570000,-103.320000,2.800000,1770370124.174003
0.339404,0.158112,0.932568,-57.680000,-87.010002,15.680000,1770370124.182033
0.338184,0.224480,0.761524,-49.840000,-69.440002,24.570000,1770370124.190162
0.309392,0.290604,0.645624,-44.799999,-50.470001,34.580002,1770370124.198052
0.272304,0.356240,0.549000,-39.970001,-30.379999,35.700001,1770370124.206022
0.230092,0.415776,0.461404,-36.119999,-10.570000,33.880001,1770370124.214020
0.170312,0.453840,0.366732,-35.490002,7.070000,31.010000,1770370124.222081
0.110776,0.472628,0.284504,-31.290001,23.940001,27.160000,1770370124.230028
0.055632,0.497760,0.207644,-30.240000,35.279999,20.230000,1770370124.238065
-0.006832,0.500444,0.150548,-25.760000,44.380001,11.760000,1770370124.246142
-0.046848,0.494588,0.087596,-22.190001,51.099998,5.740000,1770370124.254013
-0.080764,0.468480,0.031964,-15.890000,53.340000,-1.470000,1770370124.262015
-0.095892,0.413580,-0.011712,-8.680000,54.459999,-6.300000,1770370124.270012
-0.101016,0.362096,-0.005856,4.060000,55.439999,-7.630000,1770370124.278139
-0.106628,0.331840,0.086620,16.870001,58.029999,-9.660000,1770370124.286068
-0.094672,0.261080,0.277672,25.969999,62.299999,-11.620000,1770370124.294021
-0.094672,0.313052,0.517036,32.410000,67.550003,-17.290001,1770370124.302024
-0.090524,0.307684,0.852780,39.480000,74.970001,-26.530001,1770370124.310020
-0.097356,0.297436,1.134844,39.340000,82.320000,-32.060001,1770370124.318071
-0.116876,0.288896,1.300520,39.970001,91.769997,-34.720001,1770370124.326118
-0.157624,0.191052,1.445700,32.410000,96.879997,-28.910000,1770370124.334014
-0.193004,0.113948,1.580144,31.219999,92.190002,-22.120001,1770370124.342011
-0.243268,-0.110776,1.840736,34.090000,75.250000,-13.510000,1770370124.350010
-0.305000,-0.321592,2.048136,44.099998,56.139999,-5.950000,1770370124.358062
-0.346968,-0.456768,2.022760,50.680000,42.980000,-1.260000,1770370124.366014
-0.338184,-0.515084,1.950048,43.540001,38.009998,-0.770000,1770370124.374040
-0.303780,-0.548268,1.862452,36.119999,39.830002,1.680000,1770370124.382122
-0.303536,-0.572424,1.804380,29.120001,49.910000,5.740000,1770370124.390036
-0.340868,-0.546804,1.790716,17.290001,66.779999,4.130000,1770370124.398073
-0.417972,-0.467260,1.768268,-3.780000,84.769997,-2.030000,1770370124.406084
-0.515328,-0.332084,1.690188,-24.709999,100.660004,-7.070000,1770370124.414019
-0.625860,-0.199104,1.548668,-46.060001,109.620003,-11.060000,1770370124.422020
-0.706624,-0.020496,1.307840,-63.770000,106.330002,-18.129999,1770370124.430169
-0.763476,0.006100,1.100684,-69.230003,92.610001,-22.049999,1770370124.438107
-0.804956,0.062464,0.897188,-74.410004,75.459999,-22.680000,1770370124.446057
-0.825940,0.086620,0.727120,-73.290001,56.560001,-26.879999,1770370124.454038
-0.821548,0.074176,0.589748,-66.220001,36.750000,-27.440001,1770370124.462021
-0.786168,0.105164,0.480192,-53.759998,13.720000,-29.190001,1770370124.470021
-0.733464,0.148596,0.389424,-43.470001,-8.470000,-30.940001,1770370124.478057
-0.666120,0.181536,0.308172,-35.349998,-29.120001,-34.020000,1770370124.486027
-0.577304,0.229360,0.245708,-29.469999,-51.240002,-36.540001,1770370124.494063
-0.492636,0.265472,0.197396,-25.129999,-68.250000,-39.130001,1770370124.502022
-0.420656,0.285480,0.161040,-22.540001,-81.760002,-39.689999,1770370124.510016
-0.342820,0.271816,0.149328,-21.350000,-92.120003,-38.639999,1770370124.518207
-0.268888,0.226676,0.140788,-18.200001,-100.029999,-33.389999,1770370124.526028
-0.224236,0.154208,0.126880,-12.460000,-105.769997,-20.230000,1770370124.534076
-0.196908,0.095160,0.135420,-3.430000,-107.870003,-11.130000,1770370124.542035
-0.172020,0.039772,0.201300,10.990000,-104.230003,-0.630000,1770370124.550026
-0.153476,-0.023424,0.348188,27.020000,-89.739998,8.190000,1770370124.558098
-0.145180,-0.078812,0.563396,42.209999,-62.790001,12.040000,1770370124.566031
-0.156160,-0.111996,0.816912,56.070000,-24.360001,19.040001,1770370124.574026
-0.200812,-0.152988,1.073112,71.889999,16.030001,16.870001,1770370124.582001
-0.306708,-0.206912,1.269776,87.080002,47.389999,17.080000,1770370124.590029
-0.478972,-0.254980,1.381772,104.510002,60.689999,12.950000,1770370124.598068
-0.679784,-0.282552,1.438136,112.769997,56.560001,11.340000,1770370124.606068
-0.886452,-0.286212,1.536956,110.110001,42.139999,6.930000,1770370124.614027
-1.000888,-0.313540,1.642608,89.879997,17.010000,-2.590000,1770370124.622013
-1.029192,-0.361608,1.722884,66.290001,-15.890000,-8.330000,1770370124.630098
-0.994788,-0.471408,1.833904,45.220001,-52.220001,-14.910000,1770370124.638055
-0.841800,-0.589748,1.872212,25.410000,-91.349998,-16.940001,1770370124.646020
-0.624640,-0.612928,1.890024,11.900000,-127.400002,-17.290001,1770370124.654028
-0.398208,-0.524356,1.931748,-2.100000,-152.460007,-16.170000,1770370124.662159
-0.195932,-0.374540,1.923696,-19.110001,-161.699997,-15.400000,1770370124.670003
-0.011956,-0.228628,1.810724,-36.889999,-156.800003,-15.540000,1770370124.678085
0.130784,-0.119072,1.611620,-52.009998,-146.160004,-12.180000,1770370124.686002
0.243024,-0.023424,1.365180,-56.560001,-132.160004,-4.620000,1770370124.694051
0.312564,0.058560,1.116056,-58.099998,-115.989998,4.130000,1770370124.702069
0.347456,0.132004,0.911828,-52.849998,-99.959999,17.219999,1770370124.710034
0.357704,0.199836,0.757864,-46.130001,-80.290001,27.650000,1770370124.718070
0.348676,0.258396,0.635864,-41.090000,-61.110001,34.369999,1770370124.726068
0.321104,0.321836,0.539972,-35.560001,-38.360001,39.060001,1770370124.734217
0.275476,0.365024,0.466528,-34.790001,-18.480000,39.060001,1770370124.742022
0.227408,0.424316,0.386740,-31.290001,2.800000,37.520000,1770370124.750022
0.168848,0.457500,0.301340,-27.930000,19.250000,33.599998,1770370124.758070
0.099308,0.476288,0.223016,-24.850000,35.279999,27.860001,1770370124.766017
0.040260,0.485804,0.157380,-18.480000,45.709999,21.700001,1770370124.774105
-0.005124,0.481168,0.096136,-13.300000,54.529999,14.490000,1770370124.782030
-0.044408,0.452376,0.035624,-7.560000,59.919998,6.650000,1770370124.790026
-0.067344,0.410164,-0.014152,-0.630000,64.260002,-1.260000,1770370124.798067
-0.081496,0.367464,-0.016348,8.820000,68.459999,-2.730000,1770370124.806025
-0.097844,0.341600,0.059536,21.209999,74.410004,-3.290000,1770370124.814032
-0.116144,0.333304,0.235948,24.990000,81.760002,-7.420000,1770370124.822011
-0.104432,0.334524,0.542900,31.850000,89.669998,-14.140000,1770370124.830046
-0.118096,0.366244,0.891576,31.990000,97.720001,-19.180000,1770370124.838071
-0.132980,0.350628,1.138504,31.430000,106.330002,-25.200001,1770370124.846017
-0.171532,0.312076,1.268068,28.350000,109.269997,-27.440001,1770370124.854070
-0.225456,0.236924,1.392752,23.730000,108.639999,-26.320000,1770370124.862044
-0.283284,0.131272,1.537932,23.660000,96.180000,-15.960000,1770370124.870166
-0.345260,-0.057584,1.807552,31.990000,74.970001,-10.220000,1770370124.878120
-0.412360,-0.284016,2.060092,48.299999,54.810001,-1.960000,1770370124.886004
-0.450668,-0.379664,2.064240,52.220001,38.360001,2.800000,1770370124.894024
-0.431148,-0.413580,1.972496,40.320000,27.790001,2.940000,1770370124.902091
-0.372588,-0.468480,1.874164,29.469999,25.270000,3.360000,1770370124.910045
-0.367464,-0.528504,1.815848,18.969999,34.790001,7.210000,1770370124.918081
-0.389180,-0.524844,1.782176,6.020000,52.220001,9.520000,1770370124.926022
-0.460672,-0.505324,1.744356,-10.640000,71.820000,4.900000,1770370124.934127
-0.545340,-0.400648,1.637484,-28.559999,88.550003,-2.730000,1770370124.942105
-0.633180,-0.280844,1.469368,-44.450001,96.389999,-5.950000,1770370124.950048
-0.714432,-0.176412,1.240740,-57.330002,97.089996,-9.310000,1770370124.958072
-0.772992,-0.038308,1.016016,-62.790001,83.019997,-15.960000,1770370124.966016
-0.803736,0.026840,0.843264,-62.860001,65.309998,-17.430000,1770370124.974053
-0.821792,0.045384,0.705892,-58.240002,45.009998,-20.580000,1770370124.982004
-0.808616,0.071492,0.586576,-53.549999,21.490000,-20.440001,1770370124.990024
-0.770064,0.095892,0.502152,-45.430000,1.330000,-23.730000,1770370124.998085
-0.711504,0.113704,0.424560,-39.689999,-19.740000,-22.820000,1770370125.006030
-0.642940,0.144936,0.343552,-29.120001,-41.020000,-27.719999,1770370125.014036
-0.572668,0.178852,0.271572,-23.100000,-58.450001,-28.209999,1770370125.022019
-0.494344,0.222040,0.213988,-18.760000,-76.089996,-33.110001,1770370125.030035
-0.402844,0.252052,0.173484,-15.330000,-90.860001,-35.770000,1770370125.038052
-0.310612,0.251808,0.153720,-14.560000,-102.550003,-34.369999,1770370125.046014
-0.235460,0.206912,0.128588,-12.530000,-114.029999,-28.070000,1770370125.054028
-0.184464,0.144692,0.102480,-9.870000,-122.919998,-17.570000,1770370125.062222
-0.141520,0.081008,0.128100,0.210000,-124.949997,-9.590000,1770370125.070436
-0.102480,0.034892,0.205448,11.410000,-119.070000,0.980000,1770370125.078207
-0.071248,-0.007808,0.377224,25.830000,-100.099998,8.260000,1770370125.086333
-0.063440,-0.044164,0.633912,41.299999,-64.330002,12.180000,1770370125.094280
-0.066856,-0.087596,0.889868,52.849998,-22.469999,17.780001,1770370125.102201
-0.104676,-0.139324,1.094096,68.110001,21.350000,16.799999,1770370125.110384
-0.220576,-0.201544,1.226100,84.419998,53.130001,18.410000,1770370125.118346
-0.385520,-0.258884,1.307108,104.650002,67.900002,17.709999,1770370125.126293
-0.594628,-0.274500,1.411296,115.989998,67.690002,15.470000,1770370125.134284
-0.804224,-0.272060,1.574044,110.180000,56.139999,9.240000,1770370125.142037
-0.916952,-0.293288,1.712636,93.309998,37.029999,-0.560000,1770370125.150029
-0.943792,-0.346724,1.819264,69.440002,5.040000,-4.060000,1770370125.158087
-0.924028,-0.430416,1.947852,48.090000,-28.139999,-6.650000,1770370125.166131
-0.801296,-0.498492,2.000556,28.980000,-66.220001,-9.100000,1770370125.174021
-0.621956,-0.509716,2.002264,13.230000,-100.519997,-8.190000,1770370125.181994
-0.425536,-0.444568,1.983964,-4.130000,-124.459999,-8.470000,1770370125.189507
-0.247416,-0.317200,1.915400,-20.790001,-134.960007,-9.310000,1770370125.197393
-0.091988,-0.186660,1.759972,-38.779999,-133.279999,-8.050000,1770370125.205420
0.034648,-0.079788,1.538176,-50.540001,-127.050003,-5.600000,1770370125.213435
0.137372,0.019520,1.300520,-56.139999,-117.320000,0.700000,1770370125.221442
0.193492,0.092720,1.076284,-56.209999,-105.000000,9.310000,1770370125.229453
0.227652,0.169336,0.877180,-53.619999,-89.879997,22.820000,1770370125.237396
0.237900,0.236924,0.729316,-48.650002,-74.970001,31.570000,1770370125.245402
0.229360,0.304268,0.619760,-43.959999,-55.020000,38.709999,1770370125.253406
0.218136,0.367464,0.527040,-41.090000,-38.220001,37.939999,1770370125.261404
0.190564,0.418704,0.444568,-38.220001,-20.510000,39.410000,1770370125.269423
0.142740,0.456036,0.365024,-35.560001,-4.410000,35.490002,1770370125.277399
0.104188,0.486780,0.294996,-31.570000,7.280000,31.290001,1770370125.285399
0.052216,0.497028,0.236680,-29.680000,16.730000,26.950001,1770370125.293429
0.005856,0.505080,0.176900,-25.900000,23.660000,17.990000,1770370125.301393
-0.017324,0.488244,0.121756,-21.700001,29.610001,11.760000,1770370125.309386
-0.038064,0.445300,0.071492,-13.790000,34.160000,6.580000,1770370125.317403
-0.046604,0.401624,0.030500,-4.270000,39.130001,3.290000,1770370125.325396
-0.059536,0.356728,0.048068,8.330000,47.669998,2.030000,1770370125.333411
-0.061976,0.338428,0.170068,24.990000,56.349998,-0.560000,1770370125.341394
-0.055632,0.311832,0.385764,33.669998,65.660004,-5.530000,1770370125.349419
-0.061244,0.325740,0.684664,38.779999,75.459999,-12.880000,1770370125.357400
-0.072468,0.351848,0.991616,39.970001,85.470001,-17.639999,1770370125.365419
-0.103944,0.322812,1.175836,35.910000,93.800003,-21.700001,1770370125.373415
-0.162260,0.279136,1.280268,32.759998,98.769997,-20.790001,1770370125.381409
-0.215696,0.173728,1.432768,28.420000,99.190002,-11.480000,1770370125.389443
-0.279136,0.017568,1.643096,32.689999,87.010002,-2.660000,1770370125.397399
-0.353068,-0.192760,1.886120,43.750000,67.129997,4.830000,1770370125.405438
-0.429928,-0.334280,1.974936,49.279999,47.669998,9.520000,1770370125.413402
-0.456036,-0.390644,1.902956,47.250000,35.139999,8.540000,1770370125.421399
-0.413824,-0.445300,1.835368,30.450001,28.490000,8.050000,1770370125.429435
-0.389912,-0.532164,1.799988,19.110001,31.290001,14.070000,1770370125.437403
-0.395524,-0.612684,1.805844,8.750000,42.349998,15.750000,1770370125.445396
-0.437004,-0.639036,1.799500,-5.810000,57.049999,6.090000,1770370125.453435
-0.503616,-0.576328,1.747284,-20.510000,70.419998,0.350000,1770370125.461430
-0.576328,-0.447740,1.609912,-38.009998,78.120003,-7.630000,1770370125.469402
-0.637328,-0.265960,1.407636,-47.459999,79.099998,-7.630000,1770370125.477404
-0.686372,-0.153964,1.193648,-53.970001,69.580002,-12.530000,1770370125.485451
-0.709796,-0.028060,0.963068,-60.689999,53.340000,-15.050000,1770370125.493395
-0.722728,0.059780,0.780556,-59.220001,37.590000,-20.020000,1770370125.501443
-0.716140,0.121512,0.652212,-54.110001,20.580000,-20.020000,1770370125.509442
-0.686860,0.157136,0.554124,-44.660000,4.270000,-27.090000,1770370125.517403
-0.641964,0.191052,0.452376,-37.799999,-12.600000,-30.240000,1770370125.525427
-0.583648,0.205204,0.341600,-32.130001,-28.139999,-35.070000,1770370125.533411
-0.515084,0.231068,0.257664,-21.420000,-42.700001,-37.869999,1770370125.541397
-0.454572,0.257420,0.204960,-20.440001,-57.189999,-39.549999,1770370125.549416
-0.394304,0.295240,0.158844,-16.660000,-68.879997,-43.820000,1770370125.557428
-0.323788,0.315980,0.134932,-18.129999,-79.239998,-41.299999,1770370125.565394
-0.247416,0.310856,0.113460,-19.600000,-88.760002,-41.580002,1770370125.573409
-0.190320,0.252052,0.103212,-16.660000,-98.419998,-29.120001,1770370125.581403
-0.150548,0.165432,0.115656,-12.460000,-103.529999,-20.020000,1770370125.589440
-0.111264,0.078080,0.177388,-1.190000,-103.110001,-10.220000,1770370125.597422
-0.081008,0.015128,0.304024,15.330000,-90.790001,1.680000,1770370125.605416
-0.065636,-0.042212,0.550708,28.629999,-62.580002,3.920000,1770370125.613417
-0.072956,-0.075152,0.833260,45.220001,-21.350000,10.920000,1770370125.621416
-0.100528,-0.101748,1.083604,57.889999,22.400000,13.020000,1770370125.629668
-0.196420,-0.151280,1.243180,74.129997,58.240002,17.219999,1770370125.637409
-0.347700,-0.191052,1.341512,92.750000,75.669998,20.230000,1770370125.645451
-0.523624,-0.216672,1.416908,109.760002,75.320000,17.639999,1770370125.653393
-0.727364,-0.190320,1.603324,116.970001,60.549999,16.870001,1770370125.661406
-0.868152,-0.187392,1.759240,96.879997,43.259998,7.350000,1770370125.669395
-0.912804,-0.228384,1.836344,73.779999,18.480000,0.910000,1770370125.677411
-0.879864,-0.335012,1.950048,47.250000,-10.500000,-1.820000,1770370125.685428
-0.785924,-0.473848,1.991040,25.200001,-44.029999,-2.730000,1770370125.693405
-0.636596,-0.529968,1.993480,13.860000,-76.089996,-3.850000,1770370125.701385
-0.473604,-0.488488,1.983232,-4.340000,-99.190002,-2.940000,1770370125.709429
-0.315248,-0.367464,1.931260,-17.360001,-109.269997,-6.230000,1770370125.717406
-0.159332,-0.229360,1.792912,-34.020000,-110.389999,-7.560000,1770370125.725417
-0.025376,-0.109068,1.580876,-49.560001,-106.750000,-9.100000,1770370125.733426
0.068564,-0.012932,1.350784,-57.119999,-98.489998,-6.300000,1770370125.741437
0.138348,0.061976,1.119716,-59.570000,-89.529999,-4.060000,1770370125.749413
0.184708,0.121268,0.900116,-54.740002,-80.010002,7.700000,1770370125.757398
0.210084,0.175192,0.732000,-48.860001,-67.550003,16.590000,1770370125.765450
0.207644,0.237656,0.613416,-44.450001,-54.529999,24.709999,1770370125.773398
0.197640,0.301340,0.528748,-36.750000,-39.549999,28.700001,1770370125.781411
0.172752,0.355264,0.448716,-35.980000,-24.709999,29.400000,1770370125.789399
0.132492,0.406260,0.373564,-30.240000,-7.700000,27.860001,1770370125.797421
0.088084,0.438224,0.304512,-29.889999,5.040000,25.270000,1770370125.805419
0.043920,0.454328,0.244488,-29.120001,16.170000,18.059999,1770370125.813451
0.002440,0.454572,0.185196,-25.200001,24.150000,14.910000,1770370125.821402
-0.028548,0.440664,0.132004,-21.420000,31.010000,7.770000,1770370125.829429
-0.050752,0.409432,0.087840,-15.470000,37.169998,1.680000,1770370125.837417
-0.062464,0.373320,0.060756,-5.880000,42.490002,-0.140000,1770370125.845421
-0.068076,0.333548,0.073200,5.530000,50.750000,-4.060000,1770370125.853401
-0.081496,0.318664,0.177632,19.110001,59.990002,-4.060000,1770370125.861428
-0.077104,0.291336,0.376736,28.840000,68.320000,-14.070000,1770370125.869417
-0.080764,0.305732,0.669780,34.650002,76.089996,-18.760000,1770370125.877400
-0.082472,0.318908,0.974048,35.000000,83.300003,-27.090000,1770370125.885420
-0.077348,0.298168,1.199260,35.000000,90.650002,-31.080000,1770370125.894033
-0.107604,0.230336,1.321260,30.100000,95.059998,-30.590000,1770370125.902060
-0.135664,0.151524,1.454484,27.580000,91.000000,-22.049999,1770370125.910233
-0.170068,0.006100,1.670668,30.520000,76.019997,-13.720000,1770370125.918063
-0.224236,-0.199348,1.931260,41.369999,56.560001,-6.860000,1770370125.926018
-0.264008,-0.357948,2.049844,50.750000,39.480000,-7.210000,1770370125.934032
-0.294508,-0.420412,2.017880,46.619999,31.850000,-4.410000,1770370125.942029
-0.272060,-0.471652,1.949804,34.790001,31.990000,1.470000,1770370125.950018
-0.264496,-0.541436,1.862696,29.540001,40.040001,3.010000,1770370125.958081
-0.293776,-0.561200,1.812676,15.120000,56.980000,9.310000,1770370125.966034
-0.379908,-0.528748,1.759972,4.410000,74.760002,0.980000,1770370125.974054
-0.492880,-0.466284,1.656760,-18.969999,93.870003,-1.330000,1770370125.982020
-0.588772,-0.373808,1.478396,-36.189999,104.860001,-8.540000,1770370125.990020
-0.675636,-0.220088,1.237812,-46.759998,102.129997,-12.460000,1770370125.998060
-0.743712,-0.162992,1.014552,-54.250000,92.120003,-17.290001,1770370126.006130
-0.791780,-0.066612,0.803492,-54.810001,73.150002,-19.809999,1770370126.014016
-0.814960,0.018056,0.651968,-52.360001,50.680000,-24.709999,1770370126.022026
-0.821792,0.079544,0.562664,-44.450001,27.790001,-26.950001,1770370126.030010
-0.803248,0.119072,0.488244,-36.959999,6.300000,-30.870001,1770370126.038082
-0.742736,0.162748,0.396744,-30.520000,-15.050000,-32.900002,1770370126.046043
-0.667584,0.208620,0.309636,-21.000000,-37.939999,-42.139999,1770370126.054016
-0.582672,0.260104,0.240096,-18.200001,-58.450001,-42.700001,1770370126.062214
-0.494100,0.321592,0.190076,-12.880000,-77.910004,-48.230000,1770370126.070284
-0.402844,0.357460,0.141764,-14.000000,-94.779999,-48.860001,1770370126.078282
-0.301828,0.369416,0.102968,-14.210000,-108.919998,-45.430000,1770370126.086023
-0.204472,0.333060,0.077836,-13.300000,-120.540001,-36.889999,1770370126.094189
-0.140056,0.251320,0.079056,-11.900000,-128.589996,-24.850000,1770370126.102021
-0.088084,0.169092,0.128100,-3.990000,-128.240005,-14.070000,1770370126.110032
-0.035868,0.103700,0.233508,7.000000,-116.059998,-2.380000,1770370126.118085
0.009028,0.055876,0.430172,23.450001,-91.419998,2.450000,1770370126.126003
0.036112,0.013420,0.714920,39.410000,-52.220001,6.160000,1770370126.134154
0.020252,-0.009028,0.981368,52.430000,-4.340000,10.850000,1770370126.142036
-0.030256,-0.033184,1.176324,67.970001,41.230000,12.950000,1770370126.150021
-0.149572,-0.094428,1.338584,84.980003,72.029999,19.670000,1770370126.158072
-0.355020,-0.148352,1.534760,102.970001,86.239998,19.180000,1770370126.166025
-0.574864,-0.135664,1.766316,109.410004,85.120003,14.350000,1770370126.174023
-0.743224,-0.141032,1.962736,94.779999,74.129997,3.570000,1770370126.182152
-0.813008,-0.210084,1.990552,70.629997,53.410000,-3.290000,1770370126.190049
-0.838628,-0.332572,2.002752,48.720001,21.070000,-5.880000,1770370126.198059
-0.805932,-0.443104,1.967616,34.439999,-14.980000,-7.420000,1770370126.206007
-0.723460,-0.495808,1.933944,25.410000,-56.070000,-11.620000,1770370126.213998
-0.584624,-0.449204,1.913204,11.900000,-92.190002,-13.020000,1770370126.222018
-0.419924,-0.365024,1.858548,-6.090000,-112.419998,-16.520000,1770370126.230029
-0.252784,-0.256200,1.747040,-24.360001,-124.040001,-18.900000,1770370126.238088
-0.096624,-0.153964,1.556720,-39.200001,-124.389999,-21.910000,1770370126.246161
0.022204,-0.074664,1.320284,-45.990002,-120.959999,-19.459999,1770370126.253999
0.110288,-0.004392,1.082140,-46.549999,-115.290001,-15.960000,1770370126.262013
0.178608,0.063928,0.877180,-42.000000,-106.120003,-6.650000,1770370126.270011
0.228872,0.153964,0.721996,-36.680000,-94.639999,3.010000,1770370126.278054
0.256444,0.230092,0.611464,-33.669998,-80.010002,11.970000,1770370126.286114
0.271572,0.298900,0.520208,-29.680000,-65.309998,19.320000,1770370126.294038
0.259372,0.356484,0.430172,-30.520000,-48.020000,20.790001,1770370126.302012
0.230824,0.395768,0.349896,-29.889999,-31.920000,23.450001,1770370126.310013
0.193004,0.417240,0.265960,-29.330000,-16.450001,22.820000,1770370126.318068
0.148108,0.433100,0.192760,-26.530001,-0.280000,18.270000,1770370126.326027
0.102968,0.433344,0.131760,-23.799999,12.740000,12.810000,1770370126.334074
0.062464,0.424560,0.068320,-17.360001,25.129999,6.930000,1770370126.342019
0.032696,0.400648,0.003904,-12.320000,38.570000,0.210000,1770370126.350012
0.014152,0.375760,-0.005856,-2.240000,52.779999,-4.480000,1770370126.358058
0.007808,0.360388,0.060512,9.450000,66.570000,-8.890000,1770370126.366128
0.000000,0.343064,0.228140,18.900000,82.879997,-12.950000,1770370126.374028
-0.009760,0.363072,0.482876,27.090000,101.639999,-19.879999,1770370126.382021
-0.027816,0.408700,0.838628,30.799999,119.699997,-22.959999,1770370126.390024
-0.045872,0.440420,1.085800,29.680000,136.710007,-30.870001,1770370126.398067
-0.104676,0.422608,1.221708,25.549999,144.479996,-33.110001,1770370126.406028
-0.178120,0.351360,1.368108,20.230000,143.919998,-30.799999,1770370126.414066
-0.265716,0.236924,1.527196,17.570000,130.830002,-25.549999,1770370126.422036
-0.390888,0.020252,1.830732,28.000000,107.029999,-15.190000,1770370126.430019
-0.518500,-0.225700,2.075464,46.830002,79.449997,-11.550000,1770370126.438062
-0.598532,-0.301584,2.040084,49.910000,56.700001,-8.960000,1770370126.446021
-0.585844,-0.314516,1.910276,39.410000,38.220001,-4.760000,1770370126.454020
-0.535824,-0.400404,1.819752,26.530001,25.129999,1.120000,1770370126.462101
-0.523624,-0.501664,1.805600,14.350000,26.250000,8.610000,1770370126.470013
-0.537776,-0.563640,1.828048,-1.190000,36.259998,5.180000,1770370126.478084
-0.586576,-0.574132,1.765584,-23.590000,49.560001,-0.140000,1770370126.486027
-0.626592,-0.484828,1.577216,-39.480000,61.669998,-9.310000,1770370126.494181
-0.656604,-0.371124,1.360788,-54.110001,63.209999,-12.810000,1770370126.502017
-0.688812,-0.267912,1.136796,-62.090000,59.570000,-15.540000,1770370126.510019
-0.708576,-0.162016,0.946720,-60.410000,46.340000,-19.250000,1770370126.518071
-0.716140,-0.103944,0.798124,-57.540001,33.389999,-20.790001,1770370126.526151
-0.721508,-0.043920,0.691252,-48.650002,19.389999,-23.520000,1770370126.534057
-0.707356,0.010492,0.597068,-41.020000,6.160000,-25.059999,1770370126.542020
-0.668316,0.060024,0.478728,-33.110001,-9.170000,-27.299999,1770370126.550021
-0.611220,0.104920,0.357460,-26.250000,-26.670000,-28.980000,1770370126.558065
-0.549976,0.155184,0.274012,-20.860001,-45.430000,-32.130001,1770370126.566055
-0.477508,0.206180,0.232532,-18.900000,-63.910000,-36.189999,1770370126.574017
-0.408700,0.234484,0.206912,-17.639999,-77.559998,-39.900002,1770370126.582009
-0.330132,0.233996,0.194224,-15.890000,-90.160004,-40.320000,1770370126.590166
-0.258152,0.192272,0.173728,-11.760000,-99.330002,-36.540001,1770370126.598149
-0.193492,0.124440,0.162016,-9.240000,-107.379997,-28.980000,1770370126.606016
-0.151524,0.087108,0.189588,1.470000,-113.610001,-19.879999,1770370126.614037
-0.112728,0.047580,0.281332,12.110000,-110.529999,-8.540000,1770370126.622023
-0.080276,0.023424,0.440908,25.340000,-94.989998,-1.680000,1770370126.630024
-0.069784,-0.000976,0.643916,41.439999,-66.220001,4.340000,1770370126.638089
-0.091500,-0.014640,0.880108,50.540001,-25.129999,5.950000,1770370126.646020
-0.149816,-0.040748,1.076040,63.000000,18.059999,8.190000,1770370126.654067
-0.264496,-0.080032,1.225612,70.209999,52.779999,8.400000,1770370126.662025
-0.412116,-0.146400,1.331508,83.860001,70.070000,6.300000,1770370126.670013
-0.597312,-0.180316,1.429596,94.360001,68.110001,5.600000,1770370126.678071
-0.779336,-0.188368,1.617720,86.660004,54.250000,-3.710000,1770370126.686013
-0.860344,-0.209840,1.769488,67.760002,28.490000,-10.710000,1770370126.694109
-0.898652,-0.309636,1.859280,45.779999,0.420000,-16.520000,1770370126.702085
-0.834236,-0.462136,1.936140,30.100000,-34.369999,-18.059999,1770370126.710025
-0.685640,-0.589748,1.964444,22.120001,-73.570000,-18.760000,1770370126.718076
-0.495076,-0.598044,1.987868,14.770000,-103.739998,-16.870001,1770370126.726033
-0.300608,-0.492636,1.967860,2.660000,-120.820000,-13.580000,1770370126.734058
-0.138104,-0.320616,1.888316,-17.430000,-122.500000,-10.080000,1770370126.742020
0.006344,-0.187392,1.671400,-38.220001,-115.150002,-5.810000,1770370126.750010
0.108824,-0.088328,1.380308,-48.020000,-104.440002,2.870000,1770370126.758110
0.169580,-0.002440,1.080432,-49.419998,-94.989998,12.810000,1770370126.766096
0.196420,0.078812,0.821548,-40.529999,-83.230003,25.620001,1770370126.774052
0.201788,0.157868,0.638304,-32.689999,-69.440002,32.900002,1770370126.782016
0.185928,0.239608,0.491172,-22.469999,-55.090000,39.549999,1770370126.790016
0.170312,0.323544,0.381128,-16.450001,-38.919998,36.889999,1770370126.798064
0.148108,0.409188,0.308904,-11.900000,-23.799999,37.520000,1770370126.806031
0.121024,0.469700,0.258152,-9.520000,-8.610000,33.459999,1770370126.814017
0.091744,0.500200,0.219600,-10.010000,3.990000,31.920000,1770370126.822013
0.057828,0.490684,0.189344,-10.570000,15.050000,27.650000,1770370126.830061
0.016104,0.476044,0.133712,-15.120000,23.590000,19.530001,1770370126.838093
0.000732,0.405528,0.092232,-12.180000,32.060001,15.820000,1770370126.846021
-0.023668,0.338672,0.063684,0.910000,41.790001,13.790000,1770370126.854090
-0.039772,0.269132,0.098088,13.790000,52.990002,8.890000,1770370126.862046
-0.034160,0.254004,0.230092,30.100000,62.930000,3.430000,1770370126.870006
-0.029036,0.224480,0.457500,38.430000,75.180000,-4.130000,1770370126.878070
-0.033916,0.257176,0.757132,44.869999,89.180000,-8.750000,1770370126.886018
-0.049288,0.265960,1.057740,47.529999,101.010002,-16.730000,1770370126.894141
-0.079544,0.242780,1.257088,49.209999,114.730003,-18.969999,1770370126.902022
-0.121512,0.196176,1.415200,48.790001,122.080002,-15.470000,1770370126.910028
-0.166408,0.112972,1.600396,49.209999,118.230003,-5.950000,1770370126.918067
-0.227408,-0.006832,1.865868,54.880001,99.540001,-1.820000,1770370126.926108
-0.310124,-0.264008,2.122068,65.309998,74.480003,-0.210000,1770370126.934270
-0.371856,-0.319396,2.106452,64.190002,57.189999,5.810000,1770370126.942079
-0.390644,-0.373076,2.031788,51.869999,47.040001,9.310000,1770370126.950026
-0.394060,-0.442616,1.917840,38.639999,44.029999,16.730000,1770370126.958088
-0.414556,-0.481900,1.790960,27.440001,50.330002,17.639999,1770370126.966007
-0.492880,-0.479460,1.712880,19.250000,67.550003,20.230000,1770370126.974055
-0.585112,-0.407236,1.623332,2.870000,84.839996,12.110000,1770370126.982015
-0.672952,-0.328912,1.502064,-11.200000,97.510002,3.850000,1770370126.990084
-0.744200,-0.250100,1.309060,-27.230000,101.639999,-7.420000,1770370126.998058
-0.787144,-0.156404,1.082140,-34.860001,94.500000,-11.130000,1770370127.006015
-0.820572,-0.069052,0.877424,-34.230000,77.209999,-16.450001,1770370127.014023
-0.841556,-0.015128,0.740784,-30.450001,56.770000,-17.430000,1770370127.022094
-0.849608,0.014396,0.640012,-22.330000,33.950001,-17.850000,1770370127.030056
-0.823744,0.056852,0.552416,-16.240000,11.410000,-19.459999,1770370127.038086
-0.772748,0.107604,0.476044,-13.860000,-9.170000,-22.680000,1770370127.046020
-0.703452,0.155428,0.404552,-9.450000,-31.150000,-25.690001,1770370127.054169
-0.623908,0.200812,0.335012,-10.430000,-49.349998,-31.010000,1770370127.062325
-0.550708,0.250344,0.281332,-11.340000,-63.560001,-33.599998,1770370127.070784
-0.471164,0.286944,0.233508,-11.900000,-79.309998,-38.290001,1770370127.078174
-0.387716,0.299388,0.184220,-12.530000,-92.889999,-34.650002,1770370127.086008
-0.327936,0.279136,0.129564,-10.570000,-106.750000,-26.530001,1770370127.094047
-0.276452,0.238144,0.112972,-9.100000,-117.389999,-16.730000,1770370127.102042
-0.233996,0.184952,0.149084,-0.140000,-122.709999,-5.950000,1770370127.110017
-0.198616,0.132980,0.241804,12.670000,-116.269997,2.380000,1770370127.118075
-0.172752,0.108824,0.414312,24.010000,-98.839996,10.570000,1770370127.126011
-0.164456,0.104188,0.654164,36.540001,-63.560001,11.690000,1770370127.134012
-0.181048,0.116388,0.905728,46.549999,-23.030001,13.020000,1770370127.142036
-0.235704,0.091988,1.095316,54.529999,15.680000,12.600000,1770370127.150070
-0.362584,0.038796,1.206580,67.410004,43.119999,10.570000,1770370127.158092
-0.523624,-0.030744,1.269044,80.989998,52.990002,6.160000,1770370127.166014
-0.701012,-0.087352,1.376404,88.199997,45.430000,3.780000,1770370127.174014
-0.814228,-0.114436,1.515240,77.279999,23.170000,-3.920000,1770370127.182004
-0.839604,-0.168848,1.638948,60.340000,-7.910000,-5.670000,1770370127.190031
-0.816668,-0.287188,1.758020,42.770000,-38.220001,-6.930000,1770370127.198069
-0.737124,-0.440664,1.853668,34.509998,-71.959999,-7.210000,1770370127.206017
-0.623664,-0.557540,1.907836,30.309999,-99.190002,-7.630000,1770370127.214014
-0.480924,-0.553880,1.934188,26.740000,-115.500000,-10.990000,1770370127.222015
-0.303780,-0.433588,1.933456,14.980000,-122.849998,-8.120000,1770370127.230004
-0.157624,-0.260836,1.864404,-5.320000,-117.739998,-11.690000,1770370127.238094
-0.026840,-0.112484,1.705316,-25.200001,-109.199997,-7.420000,1770370127.246110
0.067344,0.008540,1.484008,-40.740002,-97.650002,-6.930000,1770370127.254177
0.117364,0.095648,1.239520,-52.990002,-85.540001,-0.350000,1770370127.262009
0.151036,0.177388,1.031144,-55.860001,-74.339996,7.700000,1770370127.270014
0.167872,0.245708,0.864004,-54.320000,-63.980000,16.520000,1770370127.278058
0.164212,0.298168,0.734928,-51.660000,-51.869999,24.360001,1770370127.286014
0.139568,0.347700,0.643428,-49.000000,-39.830002,28.070000,1770370127.294010
0.118828,0.398452,0.567544,-46.130001,-28.070000,29.750000,1770370127.302077
0.099308,0.447252,0.497272,-45.360001,-18.270000,25.059999,1770370127.310019
0.067344,0.489708,0.422608,-44.029999,-10.710000,22.260000,1770370127.318070
0.029768,0.519964,0.363316,-44.240002,-2.730000,17.430000,1770370127.326013
-0.002440,0.523624,0.313784,-44.240002,1.610000,13.790000,1770370127.334034
-0.039772,0.524844,0.254980,-46.200001,6.160000,7.770000,1770370127.342146
-0.056852,0.478240,0.226188,-42.209999,8.750000,1.820000,1770370127.350007
-0.061976,0.442128,0.181292,-37.099998,12.390000,-1.120000,1770370127.358056
-0.075884,0.386740,0.148596,-26.530001,18.830000,-4.480000,1770370127.366006
-0.067832,0.317688,0.147864,-9.800000,23.660000,-4.620000,1770370127.373996
-0.047092,0.263520,0.208376,4.550000,30.730000,-12.810000,1770370127.382015
-0.023424,0.239364,0.342820,17.219999,38.360001,-18.480000,1770370127.390013
-0.004392,0.231312,0.546804,32.200001,47.529999,-24.360001,1770370127.398148
-0.001708,0.242536,0.819840,35.419998,58.450001,-30.590000,1770370127.406083
0.003416,0.233020,1.059692,32.410000,71.889999,-32.130001,1770370127.414025
0.010004,0.220820,1.206580,26.670000,82.320000,-33.110001,1770370127.422018
0.003172,0.109068,1.327116,20.090000,88.199997,-22.120001,1770370127.430114
-0.013908,-0.024156,1.468148,21.980000,86.449997,-13.790000,1770370127.438088
-0.030988,-0.227652,1.642852,30.870001,76.230003,-1.680000,1770370127.446067
-0.082960,-0.427000,1.780712,42.419998,61.459999,11.900000,1770370127.454012
-0.165920,-0.572424,1.795596,46.410000,54.599998,16.940001,1770370127.462016
-0.217404,-0.643916,1.754604,41.860001,60.340000,23.450001,1770370127.470016
-0.258396,-0.671000,1.710928,38.430000,73.080002,23.799999,1770370127.478060
-0.309636,-0.694668,1.677744,29.680000,88.199997,27.719999,1770370127.486098
-0.391620,-0.681736,1.670424,20.650000,103.320000,23.240000,1770370127.494008
-0.494832,-0.609268,1.665056,8.540000,112.489998,16.379999,1770370127.502011
-0.608536,-0.470432,1.617964,-5.110000,117.040001,5.040000,1770370127.510020
-0.721996,-0.315492,1.556720,-17.920000,115.989998,-1.540000,1770370127.518064
-0.805932,-0.152012,1.446432,-31.219999,109.059998,-9.870000,1770370127.526017
-0.860588,-0.018544,1.279048,-38.639999,93.169998,-13.370000,1770370127.534040
-0.889380,0.078568,1.095560,-45.990002,72.379997,-17.080000,1770370127.542132
-0.894992,0.157868,0.921344,-47.320000,49.139999,-18.059999,1770370127.550025
-0.874496,0.228140,0.776652,-45.430000,26.180000,-26.530001,1770370127.558064
-0.829844,0.289628,0.665632,-46.130001,3.850000,-27.650000,1770370127.566017
-0.758108,0.321836,0.553636,-41.790001,-18.480000,-31.920000,1770370127.574053
-0.671488,0.342820,0.441884,-42.630001,-38.779999,-34.720001,1770370127.582065
-0.580476,0.363316,0.352336,-40.459999,-55.230000,-37.099998,1770370127.590002
-0.497272,0.370880,0.309636,-37.590000,-67.900002,-40.320000,1770370127.598075
-0.422852,0.359412,0.308904,-38.639999,-75.320000,-38.639999,1770370127.606016
-0.361120,0.331108,0.332816,-37.660000,-75.949997,-35.910000,1770370127.614061
-0.313296,0.320372,0.362584,-38.500000,-71.190002,-31.780001,1770370127.622003
-0.291824,0.304756,0.379908,-34.790001,-63.980000,-31.639999,1770370127.630003
-0.263276,0.281332,0.399428,-28.000000,-52.570000,-25.969999,1770370127.638171
-0.257664,0.224724,0.421388,-19.110001,-40.320000,-17.990000,1770370127.646048
-0.284992,0.141276,0.405040,-4.130000,-31.500000,-3.850000,1770370127.654023
-0.333060,0.073688,0.397964,11.900000,-26.250000,7.700000,1770370127.662014
-0.379176,0.008296,0.416508,30.870001,-21.139999,18.410000,1770370127.670016
-0.414800,-0.053192,0.490196,45.080002,-17.360001,25.129999,1770370127.678059
-0.440176,-0.103700,0.646112,56.980000,-11.130000,29.610001,1770370127.686166
-0.477752,-0.160796,0.833504,65.169998,-3.850000,31.780001,1770370127.693997
-0.521916,-0.219600,1.009184,69.650002,0.840000,26.950001,1770370127.702022
-0.579012,-0.278648,1.129964,71.680000,-2.310000,26.250000,1770370127.710017
-0.630740,-0.332572,1.197552,74.620003,-13.020000,20.440001,1770370127.718066
-0.652212,-0.375516,1.261968,71.400002,-26.600000,15.470000,1770370127.726033
-0.636596,-0.415532,1.344196,68.180000,-43.119999,12.110000,1770370127.734112
-0.604632,-0.467016,1.442528,59.009998,-59.080002,6.510000,1770370127.742034
-0.520452,-0.519964,1.551352,47.880001,-75.739998,0.560000,1770370127.750023
-0.406748,-0.562420,1.655296,38.919998,-90.230003,-2.450000,1770370127.758065
-0.286456,-0.565592,1.742160,27.580000,-100.519997,-7.420000,1770370127.766014
-0.175924,-0.525332,1.770220,17.430000,-104.860001,-6.440000,1770370127.774118
-0.087840,-0.419924,1.738012,5.250000,-98.419998,-12.040000,1770370127.782017
-0.009760,-0.281576,1.643096,-3.990000,-86.660004,-12.040000,1770370127.790003
0.040016,-0.134932,1.500844,-11.760000,-71.120003,-13.720000,1770370127.798086
0.067344,0.013664,1.333704,-17.219999,-55.650002,-7.630000,1770370127.806015
0.073200,0.146400,1.204140,-19.879999,-41.439999,-2.800000,1770370127.814058
0.070272,0.269376,1.108248,-21.420000,-26.320000,1.120000,1770370127.822018
0.047092,0.384788,1.038708,-22.540001,-13.720000,2.590000,1770370127.830041
0.011468,0.460184,0.982832,-26.320000,-2.940000,3.710000,1770370127.838188
-0.035624,0.496784,0.911096,-34.230000,5.180000,2.240000,1770370127.846021
-0.077836,0.516060,0.823744,-42.000000,7.910000,2.590000,1770370127.854061
-0.135908,0.504104,0.733464,-52.849998,9.730000,2.100000,1770370127.862023
-0.180560,0.476288,0.643428,-57.540001,7.700000,-2.590000,1770370127.870004
-0.213988,0.433344,0.553880,-59.990002,4.060000,-3.010000,1770370127.878076
-0.231312,0.384544,0.493124,-58.240002,0.770000,-4.830000,1770370127.886015
-0.233996,0.355508,0.467748,-46.340000,-3.150000,-1.680000,1770370127.894002
-0.212280,0.331596,0.499956,-35.560001,-7.490000,-0.980000,1770370127.902013
-0.166896,0.339892,0.569496,-25.900000,-12.810000,-1.610000,1770370127.910091
-0.111752,0.355996,0.674660,-18.549999,-17.500000,-6.720000,1770370127.918100
-0.059048,0.369660,0.766160,-15.330000,-22.820000,-8.610000,1770370127.926015
-0.004636,0.364536,0.815448,-8.960000,-27.020000,-8.400000,1770370127.934069
0.051972,0.340868,0.834724,-7.420000,-32.689999,-7.280000,1770370127.942066
0.103456,0.297924,0.832284,2.100000,-34.299999,-8.470000,1770370127.950057
0.137860,0.250832,0.805444,11.200000,-28.910000,-7.840000,1770370127.958065
0.172996,0.203740,0.760060,22.680000,-19.459999,-6.090000,1770370127.966045
0.202520,0.157868,0.716140,28.629999,-7.350000,-3.360000,1770370127.974022
0.219356,0.124928,0.706624,34.020000,6.930000,-1.960000,1770370127.982011
0.231556,0.083936,0.769088,32.410000,20.930000,4.340000,1770370127.990004
0.240096,0.040260,0.871568,28.629999,41.230000,3.920000,1770370127.998088
0.244976,-0.004148,0.972584,24.990000,64.190002,7.630000,1770370128.006016
0.239852,-0.065636,1.057496,27.790001,87.989998,11.690000,1770370128.014126
0.208376,-0.137372,1.147532,31.780001,110.879997,17.150000,1770370128.022016
0.148108,-0.218380,1.260016,39.410000,131.600006,27.860001,1770370128.030051
0.047092,-0.272792,1.386896,47.320000,148.330002,34.790001,1770370128.038133
-0.087596,-0.288896,1.485716,48.090000,161.350006,42.070000,1770370128.046018
-0.268400,-0.282796,1.529148,43.540001,172.479996,49.490002,1770370128.054039
-0.467016,-0.309392,1.517192,31.010000,180.250000,48.160000,1770370128.062326
-0.644404,-0.299388,1.437648,21.209999,184.729996,42.139999,1770370128.070781
-0.789096,-0.312808,1.342244,11.690000,183.820007,33.040001,1770370128.078108
-0.906216,-0.373808,1.286612,-1.680000,173.320007,30.520000,1770370128.086056
-1.007232,-0.383812,1.247572,-11.690000,153.229996,18.620001,1770370128.094008
-1.075796,-0.370392,1.203896,-20.790001,127.610001,10.430000,1770370128.102027
-1.107028,-0.281576,1.122400,-27.230000,96.949997,7.420000,1770370128.110019
-1.103368,-0.149572,1.039440,-27.020000,59.500000,-3.640000,1770370128.118093
-1.070916,0.003660,0.972340,-33.320000,23.799999,-6.860000,1770370128.126004
-1.003328,0.107360,0.938180,-33.880001,-10.360000,-15.750000,1770370128.134093
-0.912072,0.163236,0.908412,-37.799999,-37.240002,-22.820000,1770370128.142041
-0.815936,0.186416,0.852536,-40.669998,-57.540001,-23.730000,1770370128.150069
-0.706136,0.201788,0.777140,-38.779999,-71.120003,-30.030001,1770370128.158117
-0.612684,0.216428,0.708088,-36.189999,-78.400002,-27.650000,1770370128.166016
-0.536068,0.251564,0.631472,-29.889999,-77.980003,-31.150000,1770370128.174034
-0.467504,0.300608,0.559736,-25.129999,-73.989998,-26.950001,1770370128.182145
-0.416996,0.330132,0.515084,-20.440001,-66.010002,-27.160000,1770370128.189997
-0.380640,0.372100,0.500200,-18.200001,-55.090000,-28.629999,1770370128.198071
-0.358436,0.386984,0.504836,-17.570000,-38.779999,-26.740000,1770370128.206012
-0.350384,0.370148,0.522404,-13.020000,-22.469999,-19.320000,1770370128.214012
-0.382104,0.331108,0.569740,-9.520000,-3.150000,-9.170000,1770370128.222021
-0.439932,0.296704,0.643672,-5.460000,14.070000,-2.170000,1770370128.230082
-0.513376,0.254004,0.730048,-0.210000,29.330000,4.480000,1770370128.238075
-0.586088,0.210572,0.783972,0.070000,38.009998,7.000000,1770370128.246034
-0.654896,0.138836,0.792268,6.790000,37.240002,13.580000,1770370128.253985
-0.712724,0.077104,0.756644,13.440000,28.840000,16.940001,1770370128.262025
-0.748836,0.000488,0.687104,19.250000,8.610000,23.240000,1770370128.270013
-0.762012,-0.071736,0.624152,26.320000,-15.330000,28.980000,1770370128.278061
-0.744444,-0.158112,0.569008,32.340000,-43.330002,31.360001,1770370128.286016
-0.711260,-0.246684,0.549976,38.150002,-67.760002,32.830002,1770370128.294030
-0.674904,-0.286456,0.636108,41.650002,-82.320000,30.870001,1770370128.302143
-0.638304,-0.289628,0.791292,44.520000,-87.290001,28.070000,1770370128.310008
-0.604632,-0.266204,0.967460,42.770000,-87.849998,16.799999,1770370128.318054
-0.569740,-0.231556,1.118008,38.290001,-87.989998,10.430000,1770370128.326008
-0.514352,-0.195200,1.196088,34.509998,-89.180000,-0.700000,1770370128.334011
-0.450668,-0.159332,1.225612,30.240000,-96.389999,-8.680000,1770370128.342038
-0.372832,-0.105408,1.249768,25.129999,-101.639999,-15.400000,1770370128.350121
-0.270840,-0.028548,1.280756,17.430000,-107.940002,-18.760000,1770370128.358049
-0.148840,0.058072,1.307596,5.320000,-115.080002,-22.330000,1770370128.366012
-0.028548,0.113460,1.301984,-3.780000,-121.730003,-20.650000,1770370128.373996
0.085156,0.163236,1.300032,-9.520000,-123.410004,-21.559999,1770370128.382018
0.165432,0.210084,1.310036,-15.330000,-117.529999,-20.020000,1770370128.390041
0.204472,0.253760,1.277096,-21.980000,-100.870003,-24.709999,1770370128.398083
0.231312,0.287676,1.206580,-30.170000,-76.230003,-27.160000,1770370128.406056
0.232776,0.316224,1.122156,-36.330002,-46.900002,-27.860001,1770370128.414025
0.203496,0.326472,1.046760,-44.450001,-18.690001,-31.219999,1770370128.422065
0.158112,0.315248,0.990396,-54.669998,10.920000,-31.920000,1770370128.430028
0.089304,0.303048,0.956236,-60.130001,34.930000,-34.509998,1770370128.438062
0.019520,0.287432,0.949160,-65.870003,53.340000,-31.360001,1770370128.446032
-0.056120,0.277184,0.957944,-62.299999,66.779999,-27.440001,1770370128.454051
-0.139568,0.274500,0.977464,-63.139999,73.709999,-22.889999,1770370128.462015
-0.220576,0.282308,0.992348,-57.680000,71.680000,-19.459999,1770370128.470019
-0.286456,0.291824,0.985272,-51.450001,62.650002,-21.139999,1770370128.478067
-0.342332,0.292800,0.951356,-46.970001,44.029999,-21.700001,1770370128.486015
-0.375516,0.271816,0.870104,-39.480000,20.580000,-20.090000,1770370128.494029
-0.376736,0.237656,0.780068,-34.930000,-4.130000,-21.350000,1770370128.502137
-0.335256,0.212524,0.737368,-30.520000,-30.379999,-22.469999,1770370128.510020
-0.257420,0.211792,0.753716,-26.459999,-48.090000,-23.030001,1770370128.518067
-0.166164,0.211060,0.804468,-26.740000,-58.380001,-23.240000,1770370128.526017
-0.063440,0.219844,0.865468,-23.799999,-59.080002,-22.820000,1770370128.534115
0.026596,0.218624,0.921344,-27.370001,-55.230000,-22.820000,1770370128.542317
0.107848,0.203496,0.934276,-29.889999,-46.130001,-16.170000,1770370128.550079
0.173728,0.162748,0.910120,-31.430000,-35.700001,-11.760000,1770370128.558069
0.221552,0.098332,0.866200,-29.750000,-27.230000,-5.040000,1770370128.566019
0.242780,0.022448,0.808128,-25.549999,-15.260000,2.450000,1770370128.574039
0.257420,-0.070028,0.713944,-16.660000,-0.840000,9.450000,1770370128.582055
0.263764,-0.167140,0.607072,-4.130000,12.460000,17.850000,1770370128.590019
0.259860,-0.254004,0.609756,7.700000,30.730000,27.510000,1770370128.598080
0.241560,-0.311832,0.771040,19.670000,56.000000,35.419998,1770370128.606052
0.207156,-0.337940,1.026264,25.270000,86.169998,45.849998,1770370128.614188
0.115656,-0.335988,1.240496,27.230000,115.639999,46.060001,1770370128.621996
-0.012932,-0.284504,1.387872,22.190001,137.059998,50.680000,1770370128.630017
-0.174216,-0.214476,1.461316,7.350000,150.149994,48.160000,1770370128.638063
-0.358924,-0.199836,1.427644,-9.450000,154.699997,47.250000,1770370128.646035
-0.560712,-0.219600,1.328092,-22.120001,155.119995,42.139999,1770370128.654058
-0.741760,-0.234972,1.223416,-28.770000,152.039993,34.230000,1770370128.662005
-0.899140,-0.226432,1.090924,-31.850000,147.979996,25.969999,1770370128.670009
-1.026020,-0.203740,0.992348,-31.780001,132.929993,11.340000,1770370128.678163
-1.101172,-0.151036,0.917684,-33.740002,114.309998,1.190000,1770370128.686071
-1.128744,-0.090280,0.880596,-36.259998,82.669998,-14.210000,1770370128.694004
-1.101660,-0.031720,0.864248,-37.450001,42.209999,-26.740000,1770370128.702024
-1.038708,-0.000976,0.869128,-40.669998,-0.700000,-29.330000,1770370128.710026
-0.955260,0.004636,0.851804,-39.060001,-36.470001,-33.669998,1770370128.718142
-0.849608,0.026352,0.772504,-40.459999,-65.029999,-30.450001,1770370128.726017
-0.734684,0.066124,0.669536,-37.590000,-87.570000,-32.130001,1770370128.734016
-0.640500,0.100772,0.561688,-33.669998,-100.870003,-31.219999,1770370128.742154
-0.559248,0.113948,0.503860,-32.410000,-104.160004,-28.280001,1770370128.750016
-0.495320,0.119560,0.498492,-28.350000,-94.570000,-24.290001,1770370128.758070
-0.457744,0.106872,0.540948,-25.549999,-76.790001,-15.960000,1770370128.766005
-0.449692,0.099308,0.617076,-18.549999,-54.459999,-10.220000,1770370128.774021
-0.456280,0.078080,0.701744,-11.760000,-30.590000,-5.740000,1770370128.782191
-0.489464,0.047580,0.769820,-2.240000,-15.820000,-1.890000,1770370128.790014
-0.546072,0.002928,0.801540,6.860000,-9.450000,2.100000,1770370128.798129
-0.606096,-0.045384,0.778848,16.100000,-13.370000,7.280000,1770370128.806018
-0.646600,-0.125416,0.691252,28.070000,-29.120001,13.370000,1770370128.814066
-0.659288,-0.212280,0.598044,42.209999,-56.770000,20.230000,1770370128.822162
-0.625616,-0.312320,0.534360,58.169998,-88.059998,23.170000,1770370128.830004
-0.587064,-0.380884,0.574376,73.290001,-112.980003,22.820000,1770370128.838086
-0.533872,-0.400892,0.797392,82.739998,-123.970001,13.580000,1770370128.846066
-0.469456,-0.346480,1.153144,87.989998,-121.379997,2.450000,1770370128.854063
-0.399672,-0.276452,1.518900,84.980003,-114.660004,-16.590000,1770370128.862021
-0.311344,-0.228140,1.705316,79.309998,-108.500000,-31.360001,1770370128.870003
-0.213744,-0.221552,1.762168,68.529999,-101.010002,-43.820000,1770370128.878077
-0.083936,-0.201056,1.800964,50.330002,-95.199997,-55.020000,1770370128.886025
0.067100,-0.139324,1.793888,28.910000,-90.650002,-55.369999,1770370128.894036
0.203008,-0.056120,1.747040,10.010000,-91.349998,-47.250000,1770370128.902122
0.303536,0.028060,1.662372,-4.970000,-94.849998,-34.650002,1770370128.910025
0.363560,0.089548,1.557208,-17.709999,-97.089996,-18.059999,1770370128.918066
0.397232,0.140788,1.444968,-24.080000,-93.309998,-3.290000,1770370128.926016
0.394304,0.199836,1.320528,-28.000000,-78.889999,5.250000,1770370128.934065
0.369172,0.247416,1.146312,-31.639999,-59.080002,11.200000,1770370128.942065
0.323788,0.290360,0.919880,-31.780001,-35.630001,13.930000,1770370128.950078
0.268644,0.332328,0.679296,-29.889999,-12.250000,11.480000,1770370128.958057
0.199104,0.366488,0.485316,-31.850000,8.190000,9.800000,1770370128.966018
0.141520,0.406016,0.331596,-28.209999,26.670000,7.280000,1770370128.974101
0.083692,0.444568,0.231800,-29.750000,41.439999,4.970000,1770370128.982047
0.036356,0.472384,0.197152,-32.200001,53.200001,3.010000,1770370128.990064
-0.003416,0.495808,0.201544,-36.540001,61.459999,0.210000,1770370128.998094
-0.025620,0.491172,0.234972,-42.209999,68.110001,-1.540000,1770370129.006055
-0.038552,0.472872,0.303536,-47.320000,70.559998,0.140000,1770370129.014028
-0.046604,0.453596,0.384300,-45.360001,73.849998,3.220000,1770370129.022016
-0.043920,0.396500,0.506056,-35.630001,79.730003,6.860000,1770370129.030019
-0.037820,0.336720,0.614880,-21.420000,84.980003,6.510000,1770370129.038065
-0.042212,0.286944,0.668072,-4.130000,89.529999,1.610000,1770370129.046133
-0.048556,0.257176,0.685640,11.410000,87.220001,-0.910000,1770370129.054017
-0.061000,0.260836,0.726632,21.629999,79.519997,-4.620000,1770370129.062329
-0.075152,0.250832,0.874008,28.139999,75.180000,-1.260000,1770370129.070681
-0.060512,0.276940,1.118496,33.110001,78.330002,3.570000,1770370129.078229
-0.013664,0.171776,1.421056,38.430000,82.320000,13.580000,1770370129.086050
-0.015860,0.066368,1.668716,43.119999,83.860001,21.629999,1770370129.094009
-0.092720,-0.005612,1.830732,36.540001,85.470001,25.620001,1770370129.102074
-0.189344,-0.085644,1.876360,18.900000,87.989998,31.990000,1770370129.110030
-0.279868,-0.191784,1.831708,2.450000,94.430000,38.709999,1770370129.118088
-0.404796,-0.310612,1.739720,-7.210000,106.959999,43.470001,1770370129.126006
-0.562908,-0.424316,1.622844,-15.890000,122.709999,42.349998,1770370129.134019
-0.743468,-0.519720,1.477176,-30.520000,139.020004,32.900002,1770370129.142166
-0.914024,-0.617808,1.326384,-44.799999,150.149994,19.670000,1770370129.150030
-1.059692,-0.727120,1.196820,-59.990002,152.179993,3.360000,1770370129.158068
-1.140212,-0.812276,1.101172,-69.650002,139.509995,-15.260000,1770370129.166016
-1.151680,-0.838872,1.019188,-61.669998,112.000000,-23.799999,1770370129.174007
-1.142164,-0.742736,0.938668,-45.360001,71.470001,-28.840000,1770370129.182023
-1.109224,-0.525088,0.827160,-25.969999,26.600000,-29.120001,1770370129.190116
-1.028216,-0.297436,0.721752,-15.470000,-17.219999,-27.719999,1770370129.198075
-0.925248,-0.112240,0.603168,-12.530000,-51.240002,-33.040001,1770370129.206007
-0.784460,0.024888,0.495320,-11.970000,-78.120003,-32.340000,1770370129.214011
-0.630740,0.114192,0.397964,-12.320000,-102.059998,-34.930000,1770370129.222007
-0.504348,0.159088,0.339892,-14.910000,-120.190002,-35.139999,1770370129.230058
-0.391864,0.165920,0.312808,-14.910000,-130.970001,-37.520000,1770370129.238095
-0.290360,0.150304,0.314516,-17.850000,-135.589996,-38.290001,1770370129.246151
-0.221552,0.103212,0.325984,-15.680000,-135.100006,-34.230000,1770370129.254030
-0.172508,0.050264,0.308416,-10.850000,-128.029999,-28.629999,1770370129.262015
-0.137128,0.017080,0.277184,-2.310000,-120.470001,-22.469999,1770370129.269996
-0.110044,0.000976,0.289384,10.780000,-111.089996,-14.560000,1770370129.278070
-0.092476,-0.003416,0.369660,21.559999,-98.000000,-8.120000,1770370129.286007
-0.095404,-0.020008,0.486048,35.279999,-78.889999,1.120000,1770370129.294032
-0.129076,-0.047336,0.602192,49.209999,-51.939999,8.400000,1770370129.302148
-0.191784,-0.080520,0.747616,63.279999,-22.959999,11.270000,1770370129.310016
-0.287920,-0.101260,0.949648,79.519997,6.370000,12.250000,1770370129.318059
-0.403820,-0.115168,1.171932,86.940002,28.000000,12.670000,1770370129.326010
-0.559004,-0.115656,1.338584,89.879997,40.040001,13.160000,1770370129.334012
-0.748104,-0.103944,1.443016,82.879997,40.110001,10.640000,1770370129.342010
-0.896456,-0.115168,1.497916,65.800003,25.690001,6.160000,1770370129.350067
-0.993324,-0.187392,1.543300,42.419998,-0.910000,-3.920000,1770370129.358079
-1.044076,-0.296460,1.593564,23.870001,-29.469999,-15.960000,1770370129.366011
-0.904508,-0.443104,1.709952,12.180000,-68.669998,-23.030001,1770370129.374011
-0.634156,-0.548268,1.820728,6.440000,-112.699997,-21.770000,1770370129.382072
-0.396988,-0.608048,1.890024,0.420000,-148.259995,-15.610000,1770370129.390021
-0.141764,-0.560468,1.880996,-11.340000,-170.100006,-13.580000,1770370129.398079
0.076128,-0.440664,1.730448,-29.400000,-176.679993,0.770000,1770370129.406063
0.206912,-0.283528,1.470588,-41.090000,-171.779999,11.830000,1770370129.414088
0.277916,-0.133712,1.190476,-46.689999,-154.910004,24.990000,1770370129.422056
0.322568,-0.012200,0.964044,-46.060001,-133.279999,37.520000,1770370129.430117
0.339648,0.097844,0.789828,-42.349998,-106.610001,52.220001,1770370129.438085
0.340136,0.186172,0.656360,-39.689999,-80.430000,57.750000,1770370129.446213
0.321104,0.249368,0.553392,-39.900002,-55.230000,64.820000,1770370129.454029
0.278404,0.307928,0.455060,-40.669998,-32.480000,63.000000,1770370129.462021
0.222040,0.346236,0.344772,-40.529999,-15.050000,59.849998,1770370129.470030
0.162992,0.378200,0.221552,-41.650002,-2.170000,55.230000,1770370129.478261
0.105652,0.379664,0.125416,-41.790001,6.300000,47.459999,1770370129.486015
0.060756,0.371612,0.038308,-39.900002,11.970000,37.869999,1770370129.494002
0.021716,0.350384,-0.021228,-39.340000,16.240000,31.010000,1770370129.502020
-0.001220,0.318420,-0.048556,-33.040001,22.330000,23.240000,1770370129.510178
-0.013420,0.283772,-0.023424,-22.889999,33.110001,20.230000,1770370129.518073
-0.005856,0.257176,0.095892,-10.780000,45.639999,17.780001,1770370129.526016
0.012444,0.242780,0.305000,3.360000,60.130001,14.840000,1770370129.534029
-0.000244,0.221796,0.586088,13.790000,77.209999,10.640000,1770370129.542080
-0.010248,0.283040,0.918904,22.190001,94.849998,7.630000,1770370129.550032
-0.057828,0.305244,1.165588,21.700001,108.290001,2.380000,1770370129.558067
-0.105896,0.252052,1.303448,18.410000,116.970001,-4.130000,1770370129.566061
-0.138104,0.180072,1.483032,18.900000,113.050003,-10.570000,1770370129.574026
-0.163480,0.083448,1.780468,27.650000,100.169998,-8.540000,1770370129.582009
-0.191296,-0.039772,2.071072,43.680000,77.209999,-4.970000,1770370129.590019
-0.232288,-0.192272,2.173552,49.419998,48.020000,2.940000,1770370129.598076
-0.277916,-0.313784,2.076440,35.000000,32.900002,8.960000,1770370129.606043
-0.291336,-0.435784,1.989088,18.340000,28.700001,13.930000,1770370129.614200
-0.265960,-0.432612,1.916864,10.850000,36.610001,14.070000,1770370129.622002
-0.277672,-0.521184,1.875628,2.520000,52.570000,14.350000,1770370129.630023
-0.336476,-0.595360,1.753140,-15.400000,74.900002,16.379999,1770370129.638081
-0.413580,-0.495076,1.503040,-31.080000,94.849998,13.020000,1770370129.646191
-0.497516,-0.360876,1.229760,-40.459999,105.419998,7.140000,1770370129.654029
-0.571204,-0.232776,0.970632,-47.110001,107.730003,3.710000,1770370129.662061
-0.630984,-0.152988,0.773724,-47.669998,102.760002,3.570000,1770370129.670055
-0.679784,-0.131760,0.633180,-42.980000,92.330002,0.700000,1770370129.678057
-0.704428,-0.126636,0.523380,-40.180000,78.540001,-0.770000,1770370129.686001
-0.695156,-0.089548,0.411384,-31.639999,56.560001,-5.530000,1770370129.694009
-0.673684,-0.050752,0.297436,-26.320000,33.880001,-5.950000,1770370129.702091
-0.635376,0.014884,0.212036,-18.129999,8.050000,-5.880000,1770370129.710030
-0.594628,0.085888,0.147376,-12.250000,-19.459999,-7.770000,1770370129.718086
-0.537288,0.139324,0.077348,-11.550000,-46.340000,-9.800000,1770370129.726017
-0.461648,0.152256,0.012200,-10.640000,-71.820000,-10.990000,1770370129.734022
-0.372832,0.148596,-0.034160,-9.590000,-97.300003,-7.140000,1770370129.742050
-0.304024,0.094184,-0.008052,-3.850000,-114.519997,2.450000,1770370129.750031
-0.251076,-0.025132,0.097112,6.860000,-116.410004,7.280000,1770370129.758073
-0.213012,-0.168848,0.287676,22.750000,-102.199997,13.370000,1770370129.766030
-0.179828,-0.198860,0.524356,45.080002,-70.980003,11.550000,1770370129.774060
-0.172264,-0.222284,0.843508,71.120003,-27.790001,21.000000,1770370129.782001
-0.202276,-0.180316,1.148020,97.300003,18.270000,32.340000,1770370129.790021
-0.344772,-0.146400,1.475956,117.879997,55.369999,46.270000,1770370129.798081
-0.546804,-0.064904,1.781200,131.179993,69.440002,50.750000,1770370129.806018
-0.835212,0.013420,2.042280,138.600006,62.509998,49.070000,1770370129.814149
-1.118252,0.042456,2.218204,123.970001,47.669998,39.060001,1770370129.822023
-1.252696,-0.012688,2.157448,89.389999,26.530001,23.660000,1770370129.830020
-1.165344,-0.086864,2.094496,55.230000,-7.420000,11.760000,1770370129.838077
-0.952332,-0.154696,2.040084,26.530001,-53.130001,10.220000,1770370129.846047
-0.769088,-0.195688,1.994212,1.750000,-101.080002,9.660000,1770370129.854029
-0.569984,-0.185440,1.919548,-18.690001,-136.710007,3.220000,1770370129.862034
-0.370392,-0.130296,1.800964,-38.919998,-159.529999,0.420000,1770370129.870171
-0.156892,-0.077348,1.625040,-56.209999,-171.570007,-3.850000,1770370129.878369
0.047336,-0.047824,1.381284,-68.529999,-174.860001,0.490000,1770370129.886092
0.201056,-0.036112,1.111420,-68.459999,-173.250000,6.230000,1770370129.894004
0.302316,-0.020008,0.858148,-61.669998,-165.690002,18.549999,1770370129.902016
0.364048,0.036844,0.631716,-52.290001,-149.169998,31.780001,1770370129.910084
0.405528,0.116144,0.448228,-40.459999,-126.349998,44.450001,1770370129.918105
0.418216,0.170312,0.322080,-31.290001,-99.540001,53.830002,1770370129.926028
0.398940,0.193248,0.234972,-21.980000,-72.099998,62.020000,1770370129.934056
0.364048,0.206180,0.148840,-17.219999,-42.630001,58.869999,1770370129.942103
0.306708,0.215208,0.085644,-9.310000,-17.150000,58.169998,1770370129.950034
0.249124,0.236680,0.031720,-4.550000,8.750000,49.279999,1770370129.958109
0.200812,0.254492,-0.010980,0.420000,32.619999,43.680000,1770370129.966068
0.151280,0.256444,-0.036844,4.410000,55.369999,34.439999,1770370129.974017
0.096136,0.243268,-0.029524,9.100000,77.070000,25.480000,1770370129.982021
0.057096,0.227408,0.029524,15.750000,98.769997,21.559999,1770370129.990121
0.039528,0.187148,0.187392,24.780001,118.510002,14.280000,1770370129.998162
0.028060,0.165188,0.425536,37.169998,138.669998,12.460000,1770370130.006023
-0.025376,0.183244,0.761768,50.330002,162.050003,8.400000,1770370130.014053
-0.088328,0.215696,1.112640,54.740002,186.690002,3.010000,1770370130.022025
-0.145668,0.194712,1.284416,58.169998,203.139999,-4.270000,1770370130.030031
-0.210084,0.174948,1.411784,63.279999,200.550003,-9.730000,1770370130.038074
-0.288652,0.098332,1.651392,68.389999,177.869995,-5.880000,1770370130.046406
-0.427732,0.113216,2.154032,75.389999,146.929993,3.010000,1770370130.054034
-0.600484,-0.000732,2.589816,77.349998,110.389999,10.080000,1770370130.062326
-0.671244,-0.132004,2.486604,58.169998,78.959999,15.190000,1770370130.070781
-0.688080,-0.218136,2.269688,30.309999,53.619999,22.610001,1770370130.078283
-0.660752,-0.377224,2.057164,3.570000,43.119999,29.400000,1770370130.086019
-0.686128,-0.508740,1.910764,-17.570000,47.810001,29.400000,1770370130.094025
-0.716872,-0.541924,1.809992,-34.020000,68.040001,17.990000,1770370130.102022
-0.754692,-0.487268,1.662860,-50.330002,88.410004,5.600000,1770370130.110022
-0.785436,-0.351604,1.447164,-60.549999,100.309998,-5.390000,1770370130.118056
-0.816424,-0.210816,1.209752,-68.529999,101.360001,-13.580000,1770370130.126109
-0.847412,-0.074176,0.974292,-66.989998,85.400002,-18.410000,1770370130.134021
-0.856684,0.046116,0.792512,-63.910000,62.580002,-25.059999,1770370130.142017
-0.847656,0.100284,0.666120,-59.919998,36.889999,-29.190001,1770370130.150029
-0.813252,0.109556,0.545828,-48.860001,11.270000,-33.459999,1770370130.158101
-0.749812,0.106628,0.430904,-39.200001,-11.270000,-33.880001,1770370130.166031
-0.677100,0.093696,0.332328,-27.230000,-30.170000,-35.279999,1770370130.174011
-0.601460,0.068808,0.238632,-16.870001,-47.389999,-35.490002,1770370130.182010
-0.526064,0.069052,0.145668,-9.450000,-65.239998,-35.700001,1770370130.189995
-0.458232,0.092720,0.052216,-3.780000,-82.180000,-35.840000,1770370130.198081
-0.387472,0.129320,-0.022936,-1.120000,-101.080002,-35.980000,1770370130.206001
-0.302316,0.181780,-0.071736,-1.120000,-122.430000,-32.480000,1770370130.214094
-0.233508,0.206668,-0.082472,-3.920000,-142.940002,-29.120001,1770370130.222013
-0.174216,0.179584,-0.036356,-5.880000,-151.619995,-23.309999,1770370130.230011
-0.120048,0.090036,0.070272,-6.020000,-148.610001,-17.850000,1770370130.238063
-0.077836,-0.012932,0.240584,-2.450000,-130.970001,-12.460000,1770370130.246028
-0.049532,-0.059780,0.452376,10.430000,-98.629997,-12.880000,1770370130.254140
-0.032940,-0.124928,0.743956,24.080000,-49.700001,-16.660000,1770370130.262019
-0.035380,-0.184952,1.063352,40.459999,6.720000,-9.450000,1770370130.270015
-0.129320,-0.258152,1.366400,68.110001,61.110001,0.210000,1770370130.278064
-0.327936,-0.303536,1.603080,99.400002,98.209999,8.190000,1770370130.286011
-0.620736,-0.300608,1.695068,124.739998,107.870003,12.810000,1770370130.294015
-0.922076,-0.283284,1.765096,132.649994,100.519997,7.210000,1770370130.302061
-1.065304,-0.292068,1.888072,111.089996,80.779999,1.330000,1770370130.310019
-1.126304,-0.341600,2.054480,79.870003,50.330002,-2.170000,1770370130.318063
-1.074576,-0.479216,2.169160,41.020000,6.720000,-4.270000,1770370130.326011
-0.912072,-0.600972,2.182092,14.000000,-50.330002,0.000000,1770370130.334012
-0.728096,-0.585600,2.107184,-7.210000,-95.339996,3.150000,1770370130.342015
-0.544120,-0.436272,1.970544,-27.860001,-128.380005,7.420000,1770370130.350116
-0.369172,-0.258640,1.756556,-46.970001,-147.559998,13.370000,1770370130.358062
-0.205692,-0.107848,1.490108,-65.309998,-160.089996,19.530001,1770370130.366079
-0.061000,-0.010980,1.214632,-76.790001,-168.139999,28.070000,1770370130.374004
0.051484,0.063196,0.933300,-75.389999,-169.889999,36.610001,1770370130.382019
0.128588,0.125904,0.687592,-68.669998,-166.250000,49.630001,1770370130.390016
0.176412,0.187148,0.495320,-57.119999,-153.229996,57.470001,1770370130.398076
0.202276,0.260592,0.336232,-47.459999,-134.679993,64.540001,1770370130.406014
0.216672,0.321592,0.201056,-36.119999,-111.720001,65.519997,1770370130.414056
0.219600,0.369416,0.095648,-27.650000,-85.959999,60.759998,1770370130.422024
0.215208,0.406016,0.011956,-20.860001,-60.130001,52.990002,1770370130.430018
0.189832,0.438956,-0.048556,-17.639999,-35.279999,42.910000,1770370130.438062
0.170312,0.461648,-0.084424,-11.760000,-11.690000,30.240000,1770370130.446157
0.131760,0.464820,-0.108336,-6.930000,12.390000,21.629999,1770370130.454029
0.097112,0.450912,-0.124440,-4.130000,32.340000,14.910000,1770370130.462027
0.077836,0.414312,-0.112484,-2.450000,48.230000,7.000000,1770370130.470021
0.072956,0.371124,-0.046848,2.450000,62.090000,-0.210000,1770370130.478073
0.072224,0.329644,0.096380,10.570000,74.550003,-7.070000,1770370130.486028
0.052216,0.298656,0.301828,21.070000,92.120003,-3.710000,1770370130.494019
0.040260,0.212768,0.610976,31.920000,108.290001,-6.300000,1770370130.502096
-0.005124,0.174948,0.989176,39.759998,125.370003,-15.260000,1770370130.510096
-0.035868,0.159820,1.282464,40.110001,136.149994,-25.969999,1770370130.518076
-0.050508,0.169580,1.509140,37.520000,139.929993,-30.450001,1770370130.526018
-0.103700,0.149328,1.718004,38.779999,139.929993,-23.170000,1770370130.534014
-0.131516,0.020984,1.957368,44.730000,121.099998,-13.720000,1770370130.542025
-0.170312,-0.294020,2.409744,59.430000,86.870003,-5.880000,1770370130.550056
-0.221796,-0.524600,2.612752,77.559998,57.680000,-8.190000,1770370130.558069
-0.282308,-0.766404,2.530280,67.129997,51.099998,-1.750000,1770370130.566017
-0.250100,-0.702476,2.304824,45.080002,48.160000,4.270000,1770370130.574102
-0.234972,-0.728096,2.066192,23.450001,52.779999,10.220000,1770370130.582039
-0.257664,-0.610000,1.849764,5.810000,64.540001,3.570000,1770370130.590003
-0.316468,-0.442860,1.692140,-9.310000,81.129997,-0.140000,1770370130.598119
-0.415044,-0.240828,1.563308,-26.670000,101.639999,-6.650000,1770370130.606043
-0.526552,-0.058804,1.386408,-44.450001,117.040001,-11.550000,1770370130.614077
-0.625616,0.069784,1.153144,-58.660000,127.050003,-16.520000,1770370130.622022
-0.695156,0.132980,0.883036,-68.459999,124.809998,-20.440001,1770370130.630025
-0.757376,0.131516,0.638548,-69.720001,115.639999,-25.760000,1770370130.638064
-0.796172,0.101748,0.446276,-66.570000,97.650002,-31.780001,1770370130.646017
-0.802272,0.096380,0.295484,-54.320000,72.309998,-35.070000,1770370130.654039
-0.762012,0.119072,0.191540,-44.450001,42.980000,-37.310001,1770370130.662031
-0.707356,0.153964,0.111752,-31.360001,12.180000,-37.730000,1770370130.670096
-0.648308,0.208620,0.064172,-22.469999,-18.410000,-38.500000,1770370130.678116
-0.584380,0.262300,0.042212,-17.570000,-42.560001,-38.639999,1770370130.686016
-0.511912,0.295972,0.014152,-15.750000,-65.239998,-39.130001,1770370130.694017
-0.432368,0.308172,-0.012200,-16.240000,-85.330002,-38.709999,1770370130.702017
-0.362828,0.275964,-0.011956,-18.549999,-99.959999,-34.299999,1770370130.710103
-0.300120,0.189588,0.023180,-16.030001,-107.309998,-26.250000,1770370130.718100
-0.254980,0.086376,0.100040,-12.880000,-106.190002,-16.379999,1770370130.726018
-0.217892,-0.019520,0.217892,-4.340000,-98.279999,-6.300000,1770370130.734065
-0.194224,-0.101748,0.376736,8.540000,-76.300003,-1.260000,1770370130.742130
-0.195200,-0.167140,0.624396,27.510000,-40.880001,5.250000,1770370130.750287
-0.232532,-0.229360,0.922320,45.570000,4.340000,8.330000,1770370130.758089
-0.299144,-0.254980,1.237080,72.239998,47.320000,8.050000,1770370130.766191
-0.471896,-0.297436,1.511336,100.730003,74.900002,12.880000,1770370130.774008
-0.724192,-0.311344,1.622112,121.449997,80.570000,10.290000,1770370130.782017
-0.984296,-0.380152,1.654564,129.289993,71.330002,10.990000,1770370130.790075
-1.177300,-0.397720,1.745576,117.949997,51.450001,7.840000,1770370130.798084
-1.248304,-0.416996,1.883192,89.320000,23.030001,3.710000,1770370130.806003
-1.275876,-0.494100,2.005436,58.380001,-12.810000,-1.120000,1770370130.814021
-1.126060,-0.574376,2.043500,30.660000,-64.540001,-6.160000,1770370130.822003
-0.916708,-0.588284,1.996164,8.330000,-117.809998,-2.450000,1770370130.830015
-0.703208,-0.464088,1.967616,-10.780000,-157.779999,-1.820000,1770370130.838056
-0.487024,-0.264740,1.920768,-35.980000,-179.899994,-1.050000,1770370130.846024
-0.288652,-0.099308,1.780712,-59.290001,-189.210007,-4.130000,1770370130.854028
-0.112240,0.002440,1.536712,-78.470001,-191.449997,-2.380000,1770370130.862057
0.060756,0.092232,1.234152,-87.010002,-190.330002,1.470000,1770370130.870013
0.193736,0.159088,0.950624,-81.339996,-189.350006,7.140000,1770370130.878072
0.292068,0.217160,0.712724,-69.580002,-182.210007,18.760000,1770370130.886019
0.354288,0.283284,0.544120,-53.549999,-169.679993,27.299999,1770370130.894055
0.395524,0.355020,0.417484,-41.650002,-148.820007,33.810001,1770370130.902019
0.411140,0.405528,0.312076,-35.910000,-119.699997,35.840000,1770370130.910010
0.404308,0.445544,0.229360,-29.680000,-85.540001,33.880001,1770370130.918091
0.375760,0.485804,0.158844,-25.900000,-48.790001,27.930000,1770370130.926042
0.332328,0.504836,0.094672,-20.719999,-13.370000,21.629999,1770370130.934109
0.273524,0.499224,0.047092,-19.180000,17.570000,14.490000,1770370130.942010
0.212768,0.498492,0.002440,-16.030001,47.669998,7.770000,1770370130.950037
0.147864,0.480436,-0.023912,-11.410000,69.440002,2.730000,1770370130.958085
0.091012,0.440420,-0.030256,-8.540000,88.550003,-4.060000,1770370130.966063
0.046604,0.380640,0.009272,-0.140000,102.760002,-8.540000,1770370130.974012
0.021960,0.299144,0.149572,10.430000,115.430000,-11.690000,1770370130.982028
0.003172,0.231800,0.353312,23.100000,127.610001,-11.900000,1770370130.990020
-0.025864,0.193492,0.650260,35.560001,139.369995,-16.590000,1770370130.998078
-0.070516,0.184220,1.015040,38.430000,145.529999,-24.290001,1770370131.006020
-0.117608,0.144448,1.233664,35.560001,145.039993,-29.190001,1770370131.014045
-0.156892,0.061732,1.349076,33.110001,138.460007,-29.889999,1770370131.022023
-0.200568,-0.060756,1.492304,34.439999,123.760002,-21.629999,1770370131.030014
-0.234728,-0.226432,1.762656,49.279999,99.540001,-9.660000,1770370131.038079
-0.255956,-0.374052,2.104012,73.639999,64.120003,-6.370000,1770370131.046092
-0.322080,-0.490440,2.186484,78.750000,40.250000,3.920000,1770370131.054020
-0.328668,-0.582428,2.100596,60.619999,23.170000,2.030000,1770370131.062399
-0.252052,-0.603900,2.011048,36.470001,20.230000,2.030000,1770370131.070810
-0.223992,-0.691984,1.910520,18.059999,33.810001,3.710000,1770370131.078095
-0.243756,-0.715164,1.803404,2.450000,58.169998,5.670000,1770370131.086024
-0.338184,-0.654896,1.729960,-13.650000,87.360001,2.800000,1770370131.094036
-0.453840,-0.529968,1.636752,-32.340000,112.279999,-6.720000,1770370131.102139
-0.559492,-0.380640,1.446188,-46.689999,127.610001,-13.720000,1770370131.110113
-0.644404,-0.229116,1.200236,-55.580002,129.919998,-21.139999,1770370131.118075
-0.712724,-0.113704,0.971120,-57.400002,122.639999,-25.059999,1770370131.126009
-0.769576,-0.031720,0.794708,-52.570000,107.519997,-27.090000,1770370131.134105
-0.813008,0.022204,0.653188,-44.799999,87.010002,-27.930000,1770370131.142100
-0.829112,0.062464,0.537288,-37.869999,65.519997,-27.299999,1770370131.150025
-0.814472,0.101992,0.443348,-28.070000,41.930000,-31.430000,1770370131.158090
-0.764940,0.140544,0.342088,-21.980000,16.590000,-31.920000,1770370131.166050
-0.697840,0.185684,0.270352,-15.050000,-8.960000,-31.570000,1770370131.174022
-0.631960,0.229116,0.225212,-11.410000,-34.439999,-31.920000,1770370131.182012
-0.555100,0.265716,0.188612,-7.770000,-55.860001,-32.340000,1770370131.190050
-0.482632,0.283040,0.158356,-6.580000,-75.250000,-31.709999,1770370131.198082
-0.422608,0.250588,0.145180,-5.670000,-88.059998,-29.330000,1770370131.206031
-0.362584,0.176168,0.156160,-5.250000,-98.419998,-23.730000,1770370131.214122
-0.306464,0.122244,0.170312,-2.870000,-103.879997,-17.780001,1770370131.222024
-0.271572,0.090036,0.211548,3.640000,-105.629997,-8.540000,1770370131.229998
-0.244732,0.046360,0.288164,15.890000,-101.849998,2.100000,1770370131.238077
-0.237168,0.012444,0.434320,28.209999,-82.529999,5.950000,1770370131.245995
-0.252052,-0.004392,0.658800,44.869999,-51.450001,12.530000,1770370131.254148
-0.283284,-0.033916,0.897676,55.580002,-11.340000,12.250000,1770370131.262010
-0.378932,-0.097844,1.126548,70.980003,28.000000,13.160000,1770370131.270021
-0.529724,-0.135664,1.265628,89.320000,55.860001,10.500000,1770370131.278079
-0.733220,-0.168360,1.342488,105.000000,65.589996,4.130000,1770370131.286010
-0.938912,-0.205448,1.435940,109.830002,53.549999,-0.910000,1770370131.294077
-1.057252,-0.235216,1.598932,97.160004,26.459999,-2.520000,1770370131.302022
-1.105320,-0.285480,1.763632,77.419998,-10.010000,-9.310000,1770370131.309997
-1.096780,-0.385520,1.900760,58.660000,-51.520000,-13.300000,1770370131.318064
-0.958676,-0.510692,1.985672,39.340000,-94.849998,-15.960000,1770370131.326012
-0.746640,-0.573888,1.998360,24.080000,-135.380005,-15.610000,1770370131.334013
-0.503860,-0.538508,2.001288,7.630000,-165.550003,-12.460000,1770370131.342063
-0.282308,-0.392596,1.944436,-10.080000,-178.570007,-11.340000,1770370131.350037
-0.097112,-0.230580,1.824388,-34.439999,-177.449997,-7.840000,1770370131.358070
0.060024,-0.098820,1.626260,-53.410000,-167.229996,-4.410000,1770370131.366011
0.180072,0.008052,1.351272,-66.989998,-154.000000,2.240000,1770370131.374086
0.270840,0.096136,1.076772,-71.330002,-140.490005,11.760000,1770370131.382161
0.317688,0.177144,0.835212,-65.660004,-127.190002,25.620001,1770370131.390022
0.333792,0.252784,0.655872,-57.889999,-110.739998,34.369999,1770370131.398093
0.327204,0.320128,0.539728,-47.529999,-89.669998,40.110001,1770370131.406043
0.311344,0.384544,0.465308,-40.320000,-64.260002,39.619999,1770370131.414032
0.282796,0.434564,0.375272,-34.790001,-35.980000,38.290001,1770370131.422027
0.235216,0.476776,0.287432,-30.590000,-10.920000,32.200001,1770370131.430044
0.176900,0.513376,0.209108,-28.770000,10.290000,26.600000,1770370131.438063
0.115900,0.522160,0.146644,-27.230000,26.040001,17.080000,1770370131.446014
0.060512,0.509472,0.103944,-22.469999,38.919998,11.550000,1770370131.454157
0.015128,0.481900,0.077104,-19.670000,46.900002,6.230000,1770370131.462014
-0.014396,0.439932,0.053436,-12.180000,55.720001,2.100000,1770370131.470025
-0.042700,0.389180,0.033428,-4.130000,61.810001,1.120000,1770370131.478072
-0.057584,0.325252,0.073932,8.540000,69.300003,-2.170000,1770370131.486034
-0.064660,0.276696,0.198372,23.030001,74.690002,-3.010000,1770370131.494016
-0.069052,0.255468,0.435784,33.669998,82.389999,-9.660000,1770370131.502021
-0.081008,0.245708,0.748836,39.340000,90.720001,-13.930000,1770370131.510112
-0.107360,0.244244,1.063840,40.880001,100.800003,-19.879999,1770370131.518055
-0.128344,0.196908,1.263188,37.240002,107.169998,-22.049999,1770370131.526019
-0.150548,0.162260,1.383724,39.200001,106.959999,-23.940001,1770370131.534018
-0.150792,0.062952,1.543544,39.340000,93.379997,-18.969999,1770370131.542089
-0.183732,-0.096380,1.812432,46.619999,75.459999,-3.010000,1770370131.550038
-0.243756,-0.306708,2.000800,52.639999,54.599998,6.930000,1770370131.558110
-0.264496,-0.436028,1.983720,49.209999,34.369999,16.730000,1770370131.566022
-0.273524,-0.530700,1.891244,36.959999,23.520000,16.170000,1770370131.574110
-0.225456,-0.596092,1.826828,19.740000,26.040001,19.180000,1770370131.582048
-0.210328,-0.656604,1.793400,10.570000,40.599998,20.230000,1770370131.590022
-0.261812,-0.642940,1.768024,2.310000,63.770000,19.950001,1770370131.598082
-0.347456,-0.550952,1.731180,-13.020000,88.760002,10.780000,1770370131.606086
-0.463600,-0.424316,1.644072,-24.990000,109.059998,2.380000,1770370131.614028
-0.564128,-0.286456,1.500844,-39.340000,120.260002,-6.300000,1770370131.622003
-0.652212,-0.144692,1.307352,-52.290001,121.940002,-10.710000,1770370131.630035
-0.718824,-0.009272,1.072380,-58.029999,112.839996,-18.059999,1770370131.638066
-0.760060,0.077348,0.830332,-58.450001,96.529999,-20.930000,1770370131.646074
-0.783728,0.122732,0.661728,-50.750000,76.790001,-24.500000,1770370131.654037
-0.793488,0.151036,0.560712,-43.540001,54.740002,-27.160000,1770370131.662057
-0.779336,0.169336,0.485316,-34.299999,36.610001,-28.209999,1770370131.670198
-0.737612,0.189100,0.402844,-27.090000,18.830000,-30.450001,1770370131.678076
-0.677100,0.209840,0.332328,-19.530001,1.610000,-30.870001,1770370131.686016
-0.618540,0.239364,0.273036,-14.140000,-16.590000,-33.110001,1770370131.694159
-0.557784,0.269620,0.225456,-12.670000,-35.490002,-31.780001,1770370131.702017
-0.492148,0.293532,0.176900,-11.200000,-54.250000,-31.570000,1770370131.710015
-0.419192,0.299632,0.127368,-9.310000,-72.660004,-27.510000,1770370131.718059
-0.347700,0.263276,0.093452,-12.600000,-91.629997,-22.680000,1770370131.726001
-0.287676,0.194468,0.074908,-10.220000,-109.480003,-13.510000,1770370131.734041
-0.223992,0.149328,0.081496,-3.920000,-118.300003,-1.750000,1770370131.742025
-0.187148,0.103212,0.135420,10.570000,-116.059998,10.220000,1770370131.750034
-0.167140,0.072224,0.292068,25.969999,-100.169998,13.020000,1770370131.758091
-0.160552,0.069540,0.570472,37.869999,-64.540001,13.160000,1770370131.766028
-0.176656,0.060268,0.886696,46.900002,-20.790001,10.080000,1770370131.774109
-0.216672,0.056120,1.169980,53.270000,24.360001,4.340000,1770370131.782056
-0.340136,-0.009272,1.388604,63.209999,59.990002,8.960000,1770370131.790004
-0.538752,-0.085400,1.504992,81.760002,77.559998,6.860000,1770370131.798094
-0.793488,-0.144448,1.600396,87.290001,74.199997,5.180000,1770370131.806142
-0.994300,-0.204716,1.712880,82.180000,57.259998,-4.970000,1770370131.814017
-1.076772,-0.262300,1.770220,63.070000,29.610001,-9.870000,1770370131.822000
-1.100684,-0.359900,1.831708,45.080002,-10.500000,-10.920000,1770370131.830071
-1.053592,-0.505324,1.874896,32.130001,-54.459999,-14.140000,1770370131.838095
-0.910852,-0.587552,1.892952,22.400000,-101.220001,-12.460000,1770370131.846016
-0.715408,-0.557784,1.911740,13.860000,-140.139999,-13.370000,1770370131.854281
-0.496052,-0.447008,1.903200,-2.380000,-162.050003,-11.270000,1770370131.862029
-0.291336,-0.299632,1.831708,-21.139999,-171.779999,-14.140000,1770370131.870006
-0.101260,-0.154940,1.672132,-40.250000,-170.029999,-16.170000,1770370131.878081
0.050020,-0.044896,1.441552,-57.119999,-160.089996,-16.520000,1770370131.886032
0.175192,0.040016,1.174372,-61.459999,-150.149994,-11.130000,1770370131.894028
0.268400,0.115656,0.934032,-59.220001,-139.160004,0.070000,1770370131.902027
0.320128,0.196420,0.733708,-51.730000,-126.139999,12.880000,1770370131.910017
0.338672,0.270840,0.588284,-43.959999,-108.919998,21.559999,1770370131.918078
0.340868,0.324032,0.486536,-39.340000,-88.620003,28.070000,1770370131.926070
0.329156,0.375272,0.404552,-33.180000,-63.770000,29.750000,1770370131.934022
0.291824,0.417240,0.304756,-29.330000,-39.549999,32.689999,1770370131.942020
0.244244,0.440420,0.228628,-27.090000,-16.240000,26.600000,1770370131.950027
0.178120,0.457012,0.153476,-22.750000,6.160000,21.000000,1770370131.958302
0.118096,0.454084,0.087352,-19.809999,23.450001,14.980000,1770370131.966017
0.067100,0.440908,0.039528,-14.700000,38.919998,7.280000,1770370131.974028
0.030012,0.416508,0.006832,-7.630000,51.869999,2.030000,1770370131.982063
-0.001952,0.377712,-0.002196,1.540000,64.330002,-2.590000,1770370131.990067
-0.027816,0.332084,0.049044,13.230000,76.860001,-4.270000,1770370131.998086
-0.044164,0.290116,0.188856,23.450001,90.440002,-7.630000,1770370132.006024
-0.052216,0.267668,0.418460,35.980000,103.529999,-11.900000,1770370132.014135
-0.073444,0.272792,0.742736,45.009998,116.550003,-19.530001,1770370132.022026
-0.112972,0.302560,1.062132,45.290001,127.050003,-25.059999,1770370132.030017
-0.145424,0.293776,1.260748,41.860001,130.970001,-27.719999,1770370132.038077
-0.201300,0.224968,1.384944,37.730000,129.149994,-25.059999,1770370132.046016
-0.257420,0.111264,1.557452,39.549999,115.080002,-18.969999,1770370132.054059
-0.312808,-0.064660,1.841468,49.349998,86.099998,-5.950000,1770370132.062336
-0.384056,-0.228140,2.075708,65.870003,51.099998,3.220000,1770370132.070707
-0.408944,-0.307196,2.045696,66.010002,24.290001,9.660000,1770370132.078182
-0.410408,-0.393084,1.904664,45.639999,11.410000,10.850000,1770370132.086004
-0.339160,-0.469944,1.803160,27.440001,14.210000,13.230000,1770370132.094050
-0.315736,-0.592188,1.763388,10.780000,31.150000,16.590000,1770370132.102028
-0.329888,-0.654164,1.755336,-2.380000,58.240002,18.270000,1770370132.110021
-0.423828,-0.635376,1.746552,-15.680000,83.860001,11.410000,1770370132.118071
-0.530944,-0.527284,1.661396,-32.480000,106.400002,5.390000,1770370132.126007
-0.644160,-0.366732,1.497916,-43.540001,116.410004,-0.770000,1770370132.134064
-0.728340,-0.200568,1.277828,-52.150002,115.500000,-6.720000,1770370132.142048
-0.793488,-0.074908,1.040904,-57.680000,103.040001,-6.720000,1770370132.150024
-0.831796,0.030012,0.816180,-54.810001,79.730003,-12.600000,1770370132.158081
-0.847168,0.091256,0.664656,-50.119999,55.020000,-15.260000,1770370132.166085
-0.829600,0.124196,0.549488,-42.000000,29.610001,-19.879999,1770370132.174008
-0.776896,0.161040,0.456524,-33.529999,4.690000,-26.530001,1770370132.182018
-0.706380,0.185684,0.362828,-26.879999,-14.560000,-29.540001,1770370132.190023
-0.620248,0.201300,0.285480,-17.639999,-35.700001,-31.920000,1770370132.198194
-0.542900,0.217404,0.223260,-13.580000,-51.240002,-33.040001,1770370132.206006
-0.472384,0.243512,0.182512,-8.890000,-65.800003,-36.959999,1770370132.214035
-0.389424,0.259616,0.152012,-5.880000,-78.190002,-36.959999,1770370132.222011
-0.308660,0.256688,0.123464,-5.110000,-90.089996,-34.369999,1770370132.230015
-0.241316,0.217404,0.110288,-3.640000,-101.290001,-26.950001,1770370132.238067
-0.193980,0.155428,0.122732,-2.310000,-111.300003,-18.620001,1770370132.246127
-0.150304,0.112728,0.169824,3.010000,-112.070000,-6.860000,1770370132.254027
-0.117120,0.074908,0.264740,14.980000,-104.370003,0.140000,1770370132.262012
-0.109556,0.045140,0.444080,25.410000,-83.440002,6.370000,1770370132.270012
-0.121512,0.029768,0.707356,37.099998,-45.500000,3.010000,1770370132.278082
-0.152012,0.029768,1.002840,43.259998,-4.410000,3.570000,1770370132.286136
-0.219356,0.005612,1.240252,54.180000,36.470001,6.860000,1770370132.294013
-0.369904,-0.057096,1.395680,69.720001,60.759998,7.490000,1770370132.301988
-0.576084,-0.103700,1.506700,87.220001,66.849998,10.010000,1770370132.310013
-0.815448,-0.089792,1.628456,93.169998,57.750000,2.030000,1770370132.318060
-0.981612,-0.110288,1.733376,77.629997,39.689999,-8.330000,1770370132.326009
-1.023336,-0.159088,1.769000,54.389999,13.160000,-13.510000,1770370132.334006
-1.009916,-0.272548,1.819752,31.570000,-22.330000,-16.520000,1770370132.342082
-0.877668,-0.400160,1.857084,14.350000,-66.010002,-14.350000,1770370132.350014
-0.705648,-0.488000,1.892708,7.210000,-105.769997,-10.570000,1770370132.358076
-0.520696,-0.469944,1.918084,-2.800000,-133.139999,-8.190000,1770370132.366012
-0.314516,-0.385520,1.881484,-15.820000,-147.839996,-6.440000,1770370132.373998
-0.137860,-0.264008,1.773880,-30.240000,-150.009995,-6.720000,1770370132.382027
0.018788,-0.158112,1.570140,-45.990002,-143.149994,-2.590000,1770370132.390188
0.136396,-0.065880,1.307596,-51.730000,-137.270004,1.050000,1770370132.398069
0.221064,0.017324,1.034560,-54.320000,-126.279999,7.980000,1770370132.405999
0.261324,0.097356,0.811056,-49.560001,-116.199997,19.110001,1770370132.414078
0.286212,0.186660,0.642696,-44.730000,-101.639999,26.040001,1770370132.422019
0.294508,0.265472,0.512888,-39.759998,-82.739998,35.490002,1770370132.430021
0.292068,0.332816,0.427488,-33.880001,-61.250000,36.470001,1770370132.438067
0.270596,0.390644,0.345016,-32.480000,-38.150002,36.610001,1770370132.446024
0.231312,0.439444,0.266692,-27.930000,-16.240000,34.650002,1770370132.454107
0.182268,0.474092,0.203740,-28.000000,3.010000,28.629999,1770370132.462022
0.128588,0.493856,0.152744,-24.780001,20.860001,23.100000,1770370132.470015
0.072224,0.494588,0.095648,-23.660000,37.099998,17.430000,1770370132.478134
0.032940,0.472384,0.051972,-22.680000,50.119999,9.310000,1770370132.486021
-0.000976,0.427488,0.010004,-14.560000,62.090000,2.800000,1770370132.494056
-0.028304,0.368440,0.014152,-6.230000,72.800003,0.980000,1770370132.502004
-0.039528,0.312564,0.111752,6.860000,81.620003,-1.120000,1770370132.510039
-0.048800,0.278648,0.297192,21.910000,92.889999,-4.060000,1770370132.518088
-0.057828,0.272304,0.583648,31.360001,103.180000,-9.310000,1770370132.526025
-0.085156,0.307928,0.931592,38.430000,114.099998,-15.190000,1770370132.534072
-0.104432,0.291336,1.180228,37.520000,119.419998,-22.820000,1770370132.542051
-0.139080,0.236192,1.302472,38.080002,118.089996,-23.030001,1770370132.550015
-0.191296,0.139080,1.428376,40.180000,113.050003,-17.570000,1770370132.558063
-0.232776,0.000244,1.669448,44.869999,96.949997,-4.690000,1770370132.566021
-0.300852,-0.154208,2.018368,64.190002,68.110001,5.250000,1770370132.574053
-0.378932,-0.246440,2.153300,68.320000,46.340000,12.040000,1770370132.582035
-0.397476,-0.300852,2.039596,51.310001,32.270000,13.440000,1770370132.590018
-0.354044,-0.387960,1.918572,25.340000,27.230000,12.810000,1770370132.598063
-0.318908,-0.503372,1.800232,7.560000,35.700001,18.200001,1770370132.605998
-0.328668,-0.573400,1.754604,-2.940000,55.580002,18.760000,1770370132.614059
-0.399184,-0.570960,1.736060,-14.350000,81.129997,14.700000,1770370132.622004
-0.494100,-0.513864,1.671156,-30.799999,104.650002,6.020000,1770370132.630026
-0.591456,-0.416996,1.519388,-46.130001,121.309998,-4.270000,1770370132.638062
-0.670512,-0.288408,1.295396,-56.070000,124.459999,-8.960000,1770370132.646015
-0.732000,-0.146156,1.056520,-63.419998,116.550003,-13.440000,1770370132.654133
-0.780556,-0.044408,0.863760,-61.529999,98.769997,-15.750000,1770370132.662030
-0.811300,0.029280,0.711992,-56.349998,76.790001,-18.620001,1770370132.670019
-0.825452,0.071492,0.584624,-48.369999,54.459999,-20.299999,1770370132.678065
-0.810568,0.102480,0.479460,-38.009998,32.130001,-22.610001,1770370132.686090
-0.766892,0.125172,0.394792,-32.340000,9.800000,-25.690001,1770370132.694041
-0.701744,0.151036,0.312076,-22.680000,-11.130000,-26.530001,1770370132.702004
-0.622444,0.191296,0.257176,-19.110001,-31.360001,-31.010000,1770370132.710024
-0.554368,0.241560,0.220576,-15.330000,-50.259998,-31.780001,1770370132.718061
-0.478240,0.296704,0.186660,-13.370000,-67.970001,-33.250000,1770370132.726028
-0.391376,0.298412,0.154696,-8.750000,-85.959999,-31.080000,1770370132.734199
-0.319396,0.250588,0.130052,-8.330000,-100.660004,-24.850000,1770370132.742007
-0.260592,0.165676,0.123464,-6.440000,-114.309998,-16.870001,1770370132.750011
-0.205936,0.092964,0.146400,-1.120000,-118.860001,-4.760000,1770370132.758085
-0.168604,0.036356,0.211304,10.010000,-114.940002,5.250000,1770370132.766049
-0.155184,0.001220,0.355020,23.660000,-94.220001,13.930000,1770370132.774029
-0.158600,0.003660,0.583160,39.549999,-58.869999,14.070000,1770370132.782024
-0.185928,0.011956,0.856196,52.639999,-14.630000,12.320000,1770370132.790025
-0.238632,0.014884,1.101660,64.540001,29.190001,10.430000,1770370132.798080
-0.373808,-0.021228,1.287832,76.300003,59.430000,10.780000,1770370132.806093
-0.577548,-0.062464,1.421300,88.760002,71.750000,9.310000,1770370132.814013
-0.814472,-0.085156,1.545984,95.339996,65.239998,2.800000,1770370132.822012
-1.001376,-0.130784,1.712880,83.160004,45.360001,-0.700000,1770370132.830006
-1.083604,-0.198128,1.811700,64.540001,15.680000,-10.430000,1770370132.838091
-1.093852,-0.323300,1.881484,42.070000,-21.629999,-12.600000,1770370132.846099
-1.019432,-0.479704,1.901004,27.790001,-62.439999,-12.460000,1770370132.854047
-0.856684,-0.602680,1.899052,16.870001,-106.190002,-11.550000,1770370132.862033
-0.662216,-0.601216,1.915156,9.800000,-142.380005,-9.800000,1770370132.870008
-0.452132,-0.496052,1.898564,-3.010000,-161.490005,-8.400000,1770370132.878072
-0.250344,-0.323788,1.813896,-20.860001,-167.649994,-9.100000,1770370132.886152
-0.080032,-0.181536,1.639192,-40.529999,-161.699997,-6.650000,1770370132.894028
0.057584,-0.053924,1.392264,-56.209999,-153.369995,-7.490000,1770370132.902035
0.167140,0.042700,1.133624,-63.000000,-141.330002,3.500000,1770370132.910089
0.239120,0.130540,0.901824,-61.180000,-129.360001,11.200000,1770370132.918108
0.273524,0.219600,0.710040,-58.099998,-116.620003,22.330000,1770370132.926020
0.290848,0.296948,0.583648,-50.680000,-98.279999,31.219999,1770370132.934072
0.293532,0.360388,0.483608,-44.099998,-78.889999,35.139999,1770370132.942028
0.272548,0.413824,0.375760,-41.439999,-57.610001,38.570000,1770370132.950012
0.239608,0.452864,0.286944,-35.700001,-35.770000,36.470001,1770370132.958093
0.187636,0.485804,0.204228,-35.139999,-17.150000,30.309999,1770370132.966026
0.139324,0.500444,0.127368,-31.219999,-0.490000,22.540001,1770370132.974017
0.088572,0.496540,0.057096,-29.330000,13.510000,18.270000,1770370132.982014
0.053924,0.476044,-0.003416,-24.920000,26.459999,13.020000,1770370132.990032
0.024644,0.426512,-0.055144,-18.760000,37.450001,5.600000,1770370132.998318
0.010004,0.365268,-0.070272,-10.080000,47.040001,3.360000,1770370133.006000
0.006100,0.305244,-0.001220,3.290000,56.279999,-0.560000,1770370133.014019
0.009516,0.247172,0.187636,18.549999,70.279999,0.980000,1770370133.022017
0.010004,0.227896,0.447252,32.340000,82.320000,-1.330000,1770370133.030049
-0.008296,0.225456,0.789340,43.470001,95.410004,-5.600000,1770370133.038096
-0.035624,0.257664,1.134600,42.139999,107.870003,-11.900000,1770370133.046020
-0.060756,0.237900,1.317600,43.540001,113.750000,-14.140000,1770370133.054055
-0.118096,0.156404,1.446432,41.299999,116.760002,-13.790000,1770370133.062115
-0.132248,0.066124,1.602592,42.770000,109.199997,-6.090000,1770370133.070775
-0.177876,-0.107604,1.881728,56.419998,88.900002,6.300000,1770370133.078181
-0.254736,-0.270840,2.114260,67.059998,68.180000,13.790000,1770370133.086196
-0.295972,-0.353556,2.097668,60.970001,46.340000,18.059999,1770370133.094035
-0.303536,-0.458720,1.986648,38.779999,37.450001,17.990000,1770370133.102004
-0.273280,-0.573644,1.880996,15.400000,40.040001,23.450001,1770370133.110024
-0.275720,-0.665388,1.782420,4.130000,54.250000,23.100000,1770370133.118115
-0.344040,-0.660020,1.744600,-5.110000,75.809998,17.500000,1770370133.126108
-0.439932,-0.570960,1.713124,-18.129999,98.070000,6.580000,1770370133.134032
-0.532164,-0.439932,1.616744,-32.970001,118.650002,-1.260000,1770370133.142027
-0.624640,-0.298168,1.457900,-47.599998,128.169998,-9.450000,1770370133.150088
-0.698816,-0.158356,1.249524,-57.470001,125.650002,-14.700000,1770370133.158093
-0.749080,-0.037088,1.018212,-63.419998,112.769997,-18.620001,1770370133.166034
-0.783484,0.042212,0.812276,-60.410000,94.080002,-22.820000,1770370133.174102
-0.802028,0.094184,0.663192,-56.770000,72.870003,-24.709999,1770370133.182006
-0.796904,0.124440,0.541436,-47.180000,50.119999,-25.760000,1770370133.190018
-0.772504,0.149084,0.441152,-39.130001,30.240000,-27.299999,1770370133.198059
-0.722484,0.173484,0.361608,-31.570000,8.610000,-28.000000,1770370133.205991
-0.655628,0.193492,0.284992,-25.549999,-13.020000,-27.510000,1770370133.214051
-0.589748,0.227652,0.216428,-20.090000,-33.459999,-30.030001,1770370133.222015
-0.523136,0.273524,0.170556,-18.129999,-52.009998,-27.790001,1770370133.230009
-0.443104,0.302316,0.142984,-14.980000,-69.720001,-29.540001,1770370133.238069
-0.368928,0.267424,0.123220,-12.460000,-84.489998,-24.570000,1770370133.246011
-0.299876,0.193004,0.107848,-10.570000,-97.160004,-19.670000,1770370133.254117
-0.248636,0.125904,0.121268,-9.380000,-107.309998,-6.860000,1770370133.262065
-0.208620,0.077104,0.156648,-0.350000,-109.620003,3.150000,1770370133.270015
-0.188368,0.040992,0.242048,12.110000,-101.430000,12.670000,1770370133.278058
-0.189588,0.004392,0.404552,28.070000,-77.209999,18.830000,1770370133.286010
-0.208132,0.007808,0.658068,42.209999,-38.779999,18.059999,1770370133.294109
-0.238632,0.007808,0.938912,56.349998,7.280000,14.910000,1770370133.302030
-0.327204,-0.014640,1.191940,66.989998,51.099998,15.750000,1770370133.310014
-0.498492,-0.057828,1.365424,80.290001,77.559998,13.440000,1770370133.318057
-0.725900,-0.101260,1.444724,90.510002,83.860001,12.250000,1770370133.326012
-0.980636,-0.143228,1.517924,91.910004,71.540001,3.780000,1770370133.334010
-1.142896,-0.196664,1.632116,78.889999,44.590000,-4.270000,1770370133.342013
-1.198040,-0.286700,1.754116,58.310001,9.730000,-7.840000,1770370133.349998
-1.197552,-0.438224,1.855132,41.230000,-35.700001,-7.630000,1770370133.358115
-1.068720,-0.592432,1.905640,28.209999,-85.750000,-6.160000,1770370133.366025
-0.873032,-0.638304,1.923452,16.870001,-132.860001,-2.800000,1770370133.373992
-0.638060,-0.565348,1.933944,4.200000,-164.779999,-1.890000,1770370133.382023
-0.402600,-0.398452,1.904420,-13.090000,-180.880005,-0.210000,1770370133.390027
-0.197884,-0.226920,1.790960,-34.650002,-183.119995,-1.820000,1770370133.398069
-0.010736,-0.091500,1.568920,-56.419998,-175.699997,0.210000,1770370133.406000
0.130052,0.006588,1.278316,-68.180000,-167.160004,5.180000,1770370133.414185
0.238144,0.084180,1.005036,-71.959999,-157.220001,15.820000,1770370133.422022
0.292800,0.167872,0.778848,-64.889999,-147.350006,26.600000,1770370133.430020
0.316224,0.239852,0.622200,-56.000000,-130.690002,35.419998,1770370133.438069
0.333792,0.301584,0.509960,-48.790001,-110.809998,37.939999,1770370133.446018
0.339160,0.361120,0.416264,-39.759998,-87.290001,40.180000,1770370133.454151
0.310124,0.418460,0.323788,-35.770000,-60.340000,39.410000,1770370133.462040
0.269620,0.464576,0.241072,-33.669998,-33.459999,35.490002,1770370133.470020
0.221308,0.493856,0.171288,-31.360001,-8.610000,28.280001,1770370133.478082
0.165432,0.499224,0.112972,-34.580002,9.520000,22.469999,1770370133.486060
0.115900,0.479704,0.064416,-31.990000,27.719999,16.100000,1770370133.494089
0.066368,0.450180,0.022448,-25.760000,42.279999,10.430000,1770370133.502006
0.033184,0.395280,-0.014152,-19.320000,53.480000,5.950000,1770370133.510024
0.000732,0.336476,-0.010736,-5.810000,65.379997,3.150000,1770370133.518128
-0.008296,0.264984,0.093940,11.200000,74.900002,0.140000,1770370133.526067
-0.005124,0.219600,0.299632,29.400000,87.080002,-2.240000,1770370133.534020
-0.017812,0.202520,0.603412,42.419998,98.209999,-5.320000,1770370133.542018
-0.044896,0.222772,0.974292,50.400002,110.389999,-10.990000,1770370133.550016
-0.076372,0.226676,1.236348,47.669998,117.180000,-16.309999,1770370133.558164
-0.116388,0.179828,1.353224,47.740002,120.820000,-18.690001,1770370133.566092
-0.148840,0.080520,1.468636,48.860001,114.870003,-16.660000,1770370133.574018
-0.145912,-0.016104,1.699216,62.230000,96.669998,-9.100000,1770370133.582016
-0.215208,-0.203252,2.038864,76.230003,75.320000,5.740000,1770370133.590060
-0.281332,-0.311100,2.145248,74.760002,55.580002,13.160000,1770370133.598116
-0.314760,-0.398940,2.067900,52.639999,40.950001,16.940001,1770370133.606000
-0.291580,-0.506056,1.953464,26.320000,37.099998,18.620001,1770370133.614021
-0.263764,-0.609268,1.850252,10.010000,44.799999,22.750000,1770370133.622001
-0.291580,-0.657092,1.770220,-2.660000,62.650002,24.360001,1770370133.630030
-0.368196,-0.618052,1.712392,-11.760000,86.239998,14.840000,1770370133.638096
-0.469456,-0.513376,1.633092,-27.440001,107.379997,5.740000,1770370133.646034
-0.570472,-0.405040,1.521584,-42.139999,125.370003,-4.480000,1770370133.654020
-0.652212,-0.256688,1.341268,-54.669998,129.850006,-7.980000,1770370133.662098
-0.721752,-0.118584,1.129232,-63.419998,124.809998,-15.260000,1770370133.670028
-0.775188,-0.008296,0.930616,-64.330002,108.919998,-18.549999,1770370133.678094
-0.803980,0.069784,0.752740,-61.599998,89.320000,-24.290001,1770370133.686030
-0.816180,0.100772,0.615368,-53.759998,66.290001,-25.620001,1770370133.694025
-0.805688,0.131272,0.494588,-44.869999,43.470001,-27.299999,1770370133.702009
-0.768112,0.150548,0.401868,-35.630001,20.510000,-29.120001,1770370133.710021
-0.712968,0.191052,0.321348,-28.770000,1.190000,-30.799999,1770370133.718084
-0.634888,0.228872,0.258640,-22.680000,-21.139999,-35.490002,1770370133.726098
-0.558516,0.267424,0.203496,-18.760000,-40.459999,-35.139999,1770370133.734042
-0.489464,0.301584,0.168360,-15.890000,-56.980000,-36.540001,1770370133.742022
-0.405528,0.287432,0.159088,-15.120000,-72.169998,-35.419998,1770370133.750159
-0.332572,0.214720,0.154940,-17.990000,-83.440002,-30.660000,1770370133.758062
-0.275232,0.135420,0.139080,-17.150000,-92.959999,-22.330000,1770370133.766015
-0.236192,0.078324,0.150304,-9.100000,-100.029999,-11.200000,1770370133.774028
-0.211060,0.028548,0.194224,0.770000,-101.080002,3.920000,1770370133.782026
-0.194468,-0.004880,0.308416,17.219999,-90.230003,14.280000,1770370133.790161
-0.203984,-0.020984,0.497760,35.279999,-66.430000,21.000000,1770370133.798078
-0.238144,-0.034404,0.731268,49.980000,-29.330000,23.240000,1770370133.805998
-0.291092,-0.069296,0.975024,60.759998,13.370000,22.610001,1770370133.814020
-0.401380,-0.105896,1.165588,73.220001,48.930000,19.950001,1770370133.822020
-0.572912,-0.144936,1.293932,85.959999,74.550003,15.960000,1770370133.830187
-0.791292,-0.177632,1.353956,98.070000,78.400002,14.560000,1770370133.838074
-1.002596,-0.229360,1.412516,98.629997,63.770000,10.430000,1770370133.846017
-1.145092,-0.291336,1.519876,88.410004,34.369999,-0.280000,1770370133.854015
-1.220976,-0.382348,1.664324,70.279999,-2.730000,-4.410000,1770370133.862315
-1.218292,-0.521184,1.805356,52.360001,-43.750000,-9.450000,1770370133.870009
-1.077504,-0.649284,1.902712,38.639999,-91.209999,-9.800000,1770370133.878096
-0.874984,-0.701012,1.933456,24.219999,-135.589996,-10.430000,1770370133.886020
-0.635864,-0.631960,1.941996,11.130000,-165.130005,-7.560000,1770370133.894110
-0.403088,-0.456768,1.907104,-8.470000,-181.649994,-8.890000,1770370133.902039
-0.203740,-0.253272,1.790960,-30.870001,-182.210007,-6.090000,1770370133.910018
-0.035624,-0.084180,1.602592,-53.900002,-174.020004,-5.040000,1770370133.918080
0.113948,0.050752,1.356640,-65.660004,-160.020004,-0.560000,1770370133.926017
0.209108,0.154452,1.104832,-72.099998,-146.720001,14.840000,1770370133.934056
0.263764,0.239120,0.896212,-67.620003,-130.479996,24.709999,1770370133.942023
0.283040,0.297924,0.735660,-63.000000,-113.750000,36.400002,1770370133.950020
0.281820,0.349408,0.608536,-55.230000,-95.550003,37.520000,1770370133.958075
0.255468,0.400160,0.509472,-49.980000,-73.290001,37.869999,1770370133.966055
0.227164,0.459940,0.421632,-44.240002,-52.570000,35.139999,1770370133.974025
0.183000,0.507764,0.330864,-43.330002,-30.799999,30.660000,1770370133.982025
0.145424,0.537776,0.251564,-44.590000,-13.790000,24.360001,1770370133.990016
0.103456,0.537532,0.187148,-45.779999,-0.700000,16.379999,1770370133.998074
0.067832,0.518744,0.140300,-45.990002,7.140000,10.080000,1770370134.006008
0.037088,0.471896,0.110776,-43.820000,14.490000,7.280000,1770370134.014022
0.017568,0.406992,0.081008,-35.139999,19.809999,2.100000,1770370134.022019
0.008296,0.314516,0.070272,-22.330000,25.620001,3.430000,1770370134.030019
0.013420,0.223748,0.107116,-3.570000,32.900002,-1.260000,1770370134.038197
0.034648,0.156892,0.209596,17.850000,38.360001,0.210000,1770370134.046181
0.061488,0.113704,0.403088,35.840000,46.130001,-1.750000,1770370134.054021
0.076128,0.086620,0.655872,52.779999,54.669998,-10.990000,1770370134.062481
0.081008,0.094428,0.930372,60.200001,63.349998,-14.910000,1770370134.070212
0.093940,0.081496,1.179496,64.889999,74.550003,-21.490000,1770370134.078154
0.111020,0.031720,1.313452,65.239998,82.739998,-19.459999,1770370134.086023
0.117120,-0.070272,1.476200,68.879997,91.419998,-5.810000,1770370134.094134
0.142496,-0.187880,1.718736,75.180000,92.120003,1.750000,1770370134.102044
0.115412,-0.273524,1.884168,81.059998,86.660004,14.000000,1770370134.110024
0.072468,-0.361608,1.932968,75.110001,75.250000,21.700001,1770370134.118066
0.014396,-0.449448,1.924672,54.320000,72.029999,23.379999,1770370134.126093
-0.037088,-0.570960,1.865624,33.320000,84.559998,30.660000,1770370134.134018
-0.115168,-0.703452,1.783884,19.879999,105.629997,34.369999,1770370134.142064
-0.236192,-0.785436,1.712636,7.070000,130.270004,35.910000,1770370134.150024
-0.394304,-0.768356,1.677012,-4.970000,152.809998,23.799999,1770370134.158074
-0.556076,-0.630740,1.640900,-16.870001,167.789993,13.370000,1770370134.166063
-0.708088,-0.448716,1.562820,-30.100000,175.139999,0.420000,1770370134.174022
-0.827160,-0.233020,1.438624,-42.770000,172.130005,-10.430000,1770370134.182013
-0.915488,-0.059780,1.278072,-51.520000,154.630005,-16.309999,1770370134.190016
-0.964044,0.066612,1.091656,-54.459999,128.940002,-27.299999,1770370134.198066
-0.988444,0.136884,0.905240,-51.869999,100.169998,-32.549999,1770370134.205992
-0.976488,0.201544,0.767136,-46.970001,70.769997,-37.660000,1770370134.214049
-0.934764,0.255712,0.660264,-40.880001,42.000000,-39.970001,1770370134.222013
-0.873276,0.289628,0.558272,-37.099998,17.360001,-41.020000,1770370134.230010
-0.788852,0.320372,0.475312,-33.810001,-4.760000,-43.049999,1770370134.238057
-0.692960,0.349652,0.402356,-33.740002,-25.760000,-45.150002,1770370134.246008
-0.596824,0.360632,0.348188,-29.330000,-41.020000,-46.689999,1770370134.254017
-0.514352,0.324764,0.316956,-30.870001,-54.320000,-43.049999,1770370134.262116
-0.447496,0.247172,0.295484,-31.990000,-63.419998,-37.520000,1770370134.269998
-0.399916,0.201300,0.275232,-27.160000,-66.010002,-34.160000,1770370134.278071
-0.366732,0.176412,0.261080,-23.660000,-64.820000,-27.650000,1770370134.286007
-0.321836,0.157136,0.264008,-15.190000,-61.529999,-22.120001,1770370134.294021
-0.305732,0.111508,0.281088,-10.080000,-59.500000,-13.160000,1770370134.302052
-0.299632,0.052216,0.300852,0.350000,-55.790001,-2.170000,1770370134.310019
-0.311832,-0.010248,0.332816,16.309999,-52.009998,10.920000,1770370134.318069
-0.336964,-0.076372,0.380152,32.200001,-45.570000,24.010000,1770370134.326007
-0.373320,-0.117120,0.457744,48.860001,-34.439999,31.570000,1770370134.334009
-0.442616,-0.145180,0.604388,62.860001,-17.850000,36.049999,1770370134.342097
-0.514840,-0.154208,0.781288,72.029999,2.520000,32.759998,1770370134.350033
-0.609024,-0.174704,0.947208,77.419998,19.600000,29.190001,1770370134.358053
-0.724436,-0.196420,1.085312,83.089996,26.600000,24.150000,1770370134.366036
-0.857416,-0.262300,1.216584,84.000000,25.340000,17.990000,1770370134.374030
-0.947696,-0.315248,1.353712,81.410004,8.960000,8.190000,1770370134.382142
-1.002596,-0.396012,1.485960,72.870003,-16.799999,4.830000,1770370134.390022
-1.024068,-0.457012,1.558672,60.200001,-48.439999,-2.870000,1770370134.398075
-0.949160,-0.569008,1.650904,45.779999,-82.529999,-4.270000,1770370134.406003
-0.797880,-0.651236,1.712392,32.549999,-117.389999,-6.510000,1770370134.414049
-0.609512,-0.674172,1.757532,20.230000,-152.039993,-7.770000,1770370134.422059
-0.412116,-0.600240,1.808040,7.210000,-173.110001,-6.370000,1770370134.430025
-0.225700,-0.425292,1.823168,-6.580000,-178.639999,-10.640000,1770370134.438084
-0.059048,-0.226920,1.744356,-25.690001,-169.330002,-6.720000,1770370134.446089
0.066368,-0.050752,1.580388,-41.369999,-152.949997,-5.180000,1770370134.454020
0.182268,0.116144,1.379576,-54.040001,-137.619995,5.250000,1770370134.462027
0.239120,0.238144,1.198528,-57.889999,-117.879997,16.030001,1770370134.470155
0.253760,0.339160,1.058960,-56.000000,-98.980003,23.940001,1770370134.478059
0.239852,0.412360,0.937936,-55.090000,-77.629997,26.600000,1770370134.486017
0.212280,0.462136,0.829600,-57.119999,-55.230000,22.330000,1770370134.494022
0.168116,0.499468,0.720044,-59.360001,-34.369999,16.170000,1770370134.502041
0.119560,0.527284,0.610488,-63.419998,-16.030001,15.260000,1770370134.510026
0.059292,0.533140,0.509716,-64.330002,-0.700000,9.660000,1770370134.518068
0.006100,0.504348,0.431880,-65.800003,10.360000,3.570000,1770370134.526034
-0.034892,0.478972,0.395768,-65.449997,18.830000,-0.350000,1770370134.534020
-0.054168,0.435296,0.408212,-57.889999,24.360001,-2.030000,1770370134.542081
-0.066368,0.399916,0.448960,-50.750000,27.719999,-2.240000,1770370134.550019
-0.061488,0.363560,0.488244,-41.860001,22.680000,-5.040000,1770370134.558075
-0.054168,0.310124,0.509228,-33.320000,14.420000,-4.060000,1770370134.566083
-0.020008,0.239364,0.528748,-22.330000,0.700000,-6.930000,1770370134.574027
0.028304,0.162260,0.559492,-5.880000,-9.030000,-8.890000,1770370134.582023
0.084668,0.106628,0.607560,13.370000,-18.059999,-10.080000,1770370134.590041
0.139324,0.059048,0.643916,32.970001,-18.830000,-13.790000,1770370134.598121
0.188368,0.029524,0.669292,44.730000,-14.490000,-12.390000,1770370134.606004
0.223748,-0.006588,0.701500,56.770000,-3.640000,-11.830000,1770370134.614023
0.251564,-0.046360,0.747372,60.900002,9.030000,-11.550000,1770370134.622047
0.284992,-0.093208,0.857660,63.560001,26.389999,-7.420000,1770370134.630054
0.305488,-0.160064,1.016260,64.330002,48.439999,-3.570000,1770370134.638064
0.321836,-0.234728,1.152168,66.639999,74.760002,6.440000,1770370134.646016
0.328180,-0.322324,1.266116,68.529999,96.599998,10.430000,1770370134.654096
0.308416,-0.407724,1.398364,69.089996,118.160004,20.790001,1770370134.662066
0.248148,-0.479216,1.531100,65.870003,137.059998,32.200001,1770370134.670066
0.131760,-0.511424,1.629676,61.669998,154.559998,43.330002,1770370134.678077
-0.044896,-0.553880,1.657980,49.000000,171.500000,51.869999,1770370134.686046
-0.251808,-0.598044,1.603812,34.650002,187.250000,54.459999,1770370134.694033
-0.454084,-0.626104,1.517436,15.680000,201.460007,48.720001,1770370134.702061
-0.652456,-0.612196,1.441064,-0.700000,209.509995,36.820000,1770370134.710029
-0.795928,-0.559980,1.364204,-11.410000,206.919998,24.570000,1770370134.718068
-0.918416,-0.465796,1.321260,-16.240000,196.210007,10.290000,1770370134.726060
-1.033584,-0.337940,1.296372,-16.450001,177.029999,1.120000,1770370134.734018
-1.123132,-0.171532,1.232200,-16.799999,147.139999,-10.220000,1770370134.742017
-1.170224,-0.026596,1.125816,-20.299999,113.120003,-18.200001,1770370134.750014
-1.175104,0.091500,1.009672,-25.200001,71.889999,-28.980000,1770370134.758063
-1.130208,0.183244,0.902068,-30.660000,32.900002,-37.310001,1770370134.766043
-1.047736,0.232776,0.834236,-36.119999,-3.570000,-45.500000,1770370134.774021
-0.923052,0.249368,0.793976,-36.470001,-33.669998,-50.750000,1770370134.782003
-0.806420,0.252052,0.762012,-40.110001,-59.360001,-52.570000,1770370134.790024
-0.694912,0.252784,0.725900,-37.099998,-73.989998,-50.119999,1770370134.798081
-0.591456,0.253516,0.672708,-34.580002,-79.730003,-49.770000,1770370134.806012
-0.513132,0.254248,0.592920,-33.669998,-80.220001,-44.799999,1770370134.814026
-0.463600,0.278404,0.516548,-27.650000,-75.389999,-44.029999,1770370134.822017
-0.422852,0.307196,0.462624,-26.040001,-62.299999,-40.250000,1770370134.830163
-0.400160,0.314272,0.446520,-23.660000,-47.810001,-37.520000,1770370134.838065
-0.390888,0.296216,0.445300,-24.150000,-29.750000,-34.020000,1770370134.846017
-0.408944,0.272304,0.482388,-22.469999,-9.380000,-23.799999,1770370134.854083
-0.453352,0.231800,0.518744,-16.590000,14.070000,-17.430000,1770370134.862022
-0.511180,0.174948,0.549976,-10.010000,32.340000,-7.210000,1770370134.870017
-0.580720,0.125416,0.574376,-2.100000,44.029999,-2.170000,1770370134.878068
-0.650748,0.073200,0.598044,4.550000,47.110001,9.450000,1770370134.886000
-0.719312,0.005612,0.616832,11.340000,38.919998,17.150000,1770370134.894023
-0.769088,-0.077348,0.609024,17.639999,21.139999,28.280001,1770370134.902069
-0.800320,-0.166652,0.572912,26.670000,-6.370000,37.939999,1770370134.910184
-0.797392,-0.239364,0.549976,36.119999,-36.119999,45.570000,1770370134.918107
-0.755180,-0.277428,0.557540,44.869999,-64.540001,47.599998,1770370134.926024
-0.707600,-0.314028,0.613172,53.549999,-87.779999,47.950001,1770370134.934109
-0.666852,-0.321348,0.734928,57.119999,-98.629997,40.810001,1770370134.942146
-0.626592,-0.325008,0.906460,59.849998,-102.760002,32.130001,1770370134.950012
-0.586820,-0.323544,1.045540,60.060001,-101.639999,18.900000,1770370134.958063
-0.546560,-0.325252,1.150704,54.669998,-97.930000,3.570000,1770370134.966206
-0.502152,-0.320372,1.209264,50.330002,-96.599998,-8.190000,1770370134.974018
-0.430904,-0.278404,1.230736,44.099998,-97.160004,-22.400000,1770370134.982020
-0.344040,-0.220332,1.266848,37.730000,-103.110001,-26.950001,1770370134.990013
-0.237656,-0.151036,1.306620,26.530001,-111.510002,-29.959999,1770370134.998064
-0.129808,-0.074664,1.332484,10.990000,-123.410004,-27.719999,1770370135.006152
-0.040504,0.001464,1.356152,-2.240000,-131.529999,-23.730000,1770370135.014026
0.032696,0.066612,1.362496,-15.750000,-132.860001,-23.590000,1770370135.022176
0.087108,0.133468,1.339316,-27.230000,-123.970001,-25.690001,1770370135.030015
0.126880,0.197396,1.277584,-36.680000,-111.160004,-28.490000,1770370135.038079
0.141276,0.244000,1.178032,-46.130001,-89.529999,-32.480000,1770370135.046017
0.141764,0.266936,1.086532,-51.099998,-63.980000,-31.570000,1770370135.054060
0.126880,0.271084,1.000156,-50.680000,-38.779999,-32.830002,1770370135.062183
0.088572,0.243024,0.942816,-49.349998,-13.930000,-27.930000,1770370135.070305
0.045384,0.193980,0.900116,-44.240002,5.180000,-29.820000,1770370135.078269
0.001464,0.159820,0.897920,-39.200001,18.690001,-30.590000,1770370135.086013
-0.043676,0.129320,0.919148,-27.230000,26.809999,-28.629999,1770370135.094031
-0.094184,0.091500,0.960872,-19.670000,28.840000,-30.660000,1770370135.102025
-0.139568,0.040504,0.989176,-13.650000,26.670000,-30.870001,1770370135.110026
-0.156892,-0.015860,1.022360,-5.880000,18.200001,-33.040001,1770370135.118122
-0.152500,-0.063928,1.071892,0.980000,6.300000,-33.669998,1770370135.126064
-0.129320,-0.075152,1.123864,11.760000,-5.530000,-35.630001,1770370135.134024
-0.095404,-0.081252,1.172664,20.440001,-15.400000,-36.189999,1770370135.142014
-0.052460,-0.058804,1.200724,24.010000,-22.120001,-34.160000,1770370135.150045
0.008052,-0.041968,1.235372,31.430000,-26.040001,-36.049999,1770370135.158060
0.066612,-0.015128,1.255868,31.080000,-26.459999,-36.750000,1770370135.166368
0.117120,0.028548,1.253916,27.650000,-23.799999,-35.139999,1770370135.174024
0.162748,0.070028,1.214388,21.420000,-20.580000,-30.660000,1770370135.182013
0.197396,0.104188,1.130940,10.780000,-17.850000,-30.030001,1770370135.190012
0.225700,0.099552,1.041392,0.350000,-13.720000,-22.680000,1770370135.198073
0.239852,0.120048,0.961116,-3.360000,-7.350000,-14.280000,1770370135.206000
0.241072,0.094184,0.884256,-7.700000,1.190000,-5.600000,1770370135.214050
0.241804,0.060024,0.819596,-9.870000,14.910000,3.010000,1770370135.222014
0.227896,-0.002928,0.783728,-8.680000,34.160000,14.350000,1770370135.230017
0.212036,-0.060512,0.745908,-3.430000,53.900002,28.139999,1770370135.238055
0.175680,-0.101016,0.723460,1.540000,73.639999,35.910000,1770370135.246004
0.124928,-0.096624,0.698816,9.450000,87.989998,43.470001,1770370135.254061
0.065880,-0.046604,0.685640,12.110000,99.750000,49.000000,1770370135.262019
-0.000488,-0.008784,0.705160,10.780000,106.540001,51.240002,1770370135.270030
-0.069540,0.009760,0.736636,11.760000,114.099998,53.270000,1770370135.278060
-0.143472,-0.027084,0.803980,14.000000,121.800003,51.660000,1770370135.286123
-0.224236,-0.069052,0.888160,14.350000,127.750000,50.400002,1770370135.294018
-0.311832,-0.081740,0.965020,18.900000,130.059998,46.200001,1770370135.302016
-0.414312,-0.042944,1.031632,15.120000,133.139999,41.790001,1770370135.310024
-0.535824,0.016104,1.065792,9.100000,135.309998,31.219999,1770370135.318063
-0.660996,0.049044,1.052616,-1.190000,136.850006,20.020000,1770370135.326000
-0.767136,0.044408,1.002596,-10.640000,136.289993,7.070000,1770370135.334088
-0.840824,0.009272,0.934520,-13.440000,127.540001,-6.370000,1770370135.342017
-0.891820,-0.055144,0.891576,-12.320000,111.089996,-15.960000,1770370135.350008
-0.927444,-0.121756,0.902556,-10.780000,87.220001,-20.510000,1770370135.358056
-0.955504,-0.153720,0.938424,-4.550000,58.869999,-22.820000,1770370135.366034
-0.965752,-0.149572,0.981856,1.260000,30.940001,-19.459999,1770370135.374008
-0.947208,-0.098088,0.995520,3.780000,0.560000,-20.230000,1770370135.382123
-0.891332,-0.040992,0.983808,2.800000,-21.840000,-16.870001,1770370135.390001
-0.818620,0.021228,0.955016,-0.350000,-40.880001,-19.740000,1770370135.398073
-0.737856,0.081496,0.916708,-6.230000,-50.680000,-22.260000,1770370135.406004
-0.656116,0.120536,0.883280,-10.920000,-57.119999,-21.000000,1770370135.414024
-0.562664,0.123708,0.872544,-15.820000,-57.470001,-20.580000,1770370135.422144
-0.489952,0.092720,0.871080,-18.129999,-49.700001,-13.370000,1770370135.430353
-0.440420,0.043188,0.869128,-14.700000,-38.500000,-1.610000,1770370135.438198
-0.421388,-0.005368,0.877912,-12.110000,-21.700001,7.420000,1770370135.446012
-0.427244,-0.037088,0.894504,-8.120000,-1.260000,12.810000,1770370135.454014
-0.463356,-0.066124,0.904264,-6.020000,15.610000,20.860001,1770370135.462016
-0.531188,-0.083936,0.899384,-3.150000,29.120001,24.010000,1770370135.470180
-0.605120,-0.099552,0.879376,-0.210000,37.450001,25.690001,1770370135.478063
-0.669536,-0.107360,0.854976,2.380000,40.110001,27.370001,1770370135.486014
-0.722728,-0.108092,0.839848,5.040000,38.360001,26.600000,1770370135.494020
-0.772016,-0.101748,0.822280,6.370000,30.100000,27.020000,1770370135.502024
-0.800564,-0.094184,0.815448,3.360000,20.790001,20.790001,1770370135.510069
-0.813252,-0.087352,0.828380,2.800000,10.360000,17.639999,1770370135.518067
-0.807396,-0.083204,0.864248,-0.420000,-0.070000,8.750000,1770370135.526015
-0.800076,-0.082228,0.892796,-1.470000,-10.710000,4.410000,1770370135.534042
-0.770796,-0.076860,0.887672,0.770000,-20.930000,-2.660000,1770370135.542051
-0.737856,-0.063684,0.838872,8.890000,-34.790001,-8.890000,1770370135.550011
-0.692228,-0.030988,0.794952,19.110001,-48.650002,-13.230000,1770370135.558075
-0.642452,0.016348,0.746884,28.559999,-62.020000,-19.110001,1770370135.566085
-0.585356,0.063928,0.683444,36.189999,-77.139999,-23.799999,1770370135.574033
-0.534116,0.109800,0.648308,43.889999,-87.919998,-27.790001,1770370135.582018
-0.484828,0.179096,0.678320,45.639999,-94.849998,-33.110001,1770370135.590014
-0.434320,0.254004,0.735904,42.630001,-96.949997,-38.639999,1770370135.598065
-0.362828,0.317688,0.780312,39.200001,-99.400002,-41.020000,1770370135.606075
-0.281332,0.348188,0.803492,34.090000,-102.199997,-41.369999,1770370135.614019
-0.207644,0.364780,0.831308,29.260000,-107.940002,-37.169998,1770370135.622002
-0.131516,0.382348,0.882304,23.170000,-112.699997,-35.490002,1770370135.630006
-0.057584,0.379908,0.915976,15.680000,-115.500000,-34.020000,1770370135.638543
0.022448,0.372588,0.951112,5.110000,-111.089996,-33.320000,1770370135.646040
0.096624,0.355752,0.995764,-1.960000,-101.989998,-26.320000,1770370135.654289
0.143472,0.312564,1.034316,-13.230000,-86.940002,-27.299999,1770370135.662026
0.165676,0.222040,1.072136,-22.750000,-61.320000,-24.150000,1770370135.670066
0.164212,0.116388,1.111908,-24.990000,-32.480000,-26.320000,1770370135.678086
0.143960,0.019276,1.156804,-23.030001,0.420000,-23.730000,1770370135.686081
0.101260,-0.052460,1.180472,-14.630000,26.879999,-27.299999,1770370135.694037
0.041724,-0.110044,1.183400,-7.000000,43.820000,-33.599998,1770370135.702013
-0.022936,-0.137616,1.181692,1.960000,52.570000,-34.299999,1770370135.710013
-0.095404,-0.135176,1.195600,11.690000,52.360001,-37.869999,1770370135.718275
-0.164944,-0.141032,1.205604,14.070000,51.099998,-35.910000,1770370135.726026
-0.216184,-0.159820,1.215852,16.660000,39.830002,-36.610001,1770370135.734146
-0.249124,-0.171288,1.233176,15.960000,27.160000,-39.340000,1770370135.742014
-0.247172,-0.162016,1.245864,12.460000,8.190000,-36.259998,1770370135.750016
-0.220332,-0.153476,1.267092,5.110000,-5.390000,-40.110001,1770370135.758063
-0.182268,-0.156160,1.262944,-4.900000,-17.080000,-36.259998,1770370135.766085
-0.134200,-0.162504,1.249036,-11.410000,-23.940001,-36.259998,1770370135.774041
-0.103700,-0.157380,1.232444,-19.110001,-27.790001,-31.570000,1770370135.782019
-0.076372,-0.150792,1.192672,-26.530001,-28.000000,-29.330000,1770370135.790016
-0.055388,-0.137372,1.128988,-28.980000,-26.950001,-27.510000,1770370135.798075
-0.033916,-0.119072,1.036756,-32.200001,-27.020000,-25.410000,1770370135.806001
-0.022448,-0.096624,0.947940,-30.730000,-26.389999,-21.350000,1770370135.814139
0.003904,-0.046116,0.894016,-28.420000,-24.290001,-20.580000,1770370135.822014
0.030500,0.028304,0.893040,-23.450001,-20.440001,-12.390000,1770370135.830011
0.062464,0.115168,0.907192,-22.889999,-13.580000,-3.920000,1770370135.838068
0.080276,0.173484,0.910852,-23.660000,-6.090000,6.370000,1770370135.846010
0.078080,0.206912,0.890356,-24.639999,3.150000,23.940001,1770370135.854131
0.057096,0.219112,0.832772,-24.080000,13.160000,31.570000,1770370135.862017
0.038308,0.246928,0.743712,-24.709999,19.670000,42.419998,1770370135.870021
0.020008,0.260836,0.652944,-22.120001,28.139999,43.680000,1770370135.878066
0.007076,0.216184,0.626592,-15.890000,36.330002,46.270000,1770370135.886015
-0.000244,0.126880,0.623420,-5.180000,46.689999,48.860001,1770370135.894021
-0.015372,0.051484,0.635132,8.680000,57.119999,50.889999,1770370135.902106
-0.044896,0.042944,0.689544,18.620001,67.830002,55.930000,1770370135.910035
-0.090768,0.092232,0.767624,26.670000,78.959999,55.580002,1770370135.918210
-0.160552,0.161284,0.851072,22.469999,92.190002,55.720001,1770370135.926017
-0.243756,0.206424,0.925248,13.790000,103.110001,51.099998,1770370135.934020
-0.339648,0.215452,0.966972,1.750000,111.580002,43.610001,1770370135.942025
-0.437248,0.175436,0.982588,-9.100000,112.980003,34.930000,1770370135.950051
-0.541924,0.093940,0.995764,-14.910000,112.139999,25.270000,1770370135.958100
-0.665388,0.014396,1.002352,-17.850000,106.190002,18.549999,1770370135.966017
-0.780800,-0.037332,0.972096,-14.000000,101.360001,10.570000,1770370135.974032
-0.881328,-0.067344,0.924028,-12.810000,91.980003,4.480000,1770370135.982019
-0.948672,-0.075884,0.884988,-9.520000,79.519997,-1.820000,1770370135.990016
-0.974292,-0.086132,0.879620,-10.010000,60.270000,-8.330000,1770370135.998068
-0.978928,-0.092964,0.897432,-10.220000,40.110001,-4.130000,1770370136.006030
-0.975024,-0.116144,0.936472,-9.240000,23.240000,5.040000,1770370136.014024
-0.972584,-0.143228,1.011624,-5.320000,7.000000,15.470000,1770370136.022019
-0.969656,-0.165188,1.107272,-4.130000,-2.240000,27.719999,1770370136.030174
-0.978440,-0.162504,1.179008,-0.910000,-9.730000,34.860001,1770370136.038075
-0.985272,-0.147620,1.184620,-1.400000,-13.790000,41.230000,1770370136.046019
-0.989176,-0.143228,1.125572,-3.150000,-19.389999,46.480000,1770370136.054036
-0.976976,-0.146888,1.084824,-3.990000,-24.570000,46.900002,1770370136.062149
-0.953796,-0.134932,1.051152,-5.250000,-26.250000,47.950001,1770370136.070326
-0.910120,-0.113460,1.011136,-8.890000,-27.790001,43.470001,1770370136.078246
-0.850828,-0.087352,0.951112,-12.600000,-31.150000,40.669998,1770370136.086037
-0.798856,-0.076128,0.900604,-11.130000,-35.910000,38.709999,1770370136.094190
-0.750788,-0.065392,0.890356,-10.220000,-38.150002,32.480000,1770370136.102017
-0.699548,-0.043432,0.910852,-7.770000,-42.349998,25.969999,1770370136.110011
-0.661728,-0.017080,0.943792,-5.670000,-45.919998,16.379999,1770370136.118104
-0.630008,0.002928,0.961604,-5.740000,-49.700001,7.420000,1770370136.126003
-0.593896,0.010248,0.928420,-1.330000,-56.000000,-1.470000,1770370136.134097
-0.559248,0.012688,0.859856,5.740000,-61.669998,-11.130000,1770370136.142050
-0.520696,0.032940,0.766160,15.540000,-69.300003,-14.840000,1770370136.150043
-0.483364,0.061488,0.659044,28.980000,-77.419998,-22.820000,1770370136.158073
-0.437492,0.110044,0.551684,39.900002,-90.300003,-25.690001,1770370136.166029
-0.402844,0.153232,0.457256,51.520000,-103.389999,-27.440001,1770370136.174030
-0.369660,0.192760,0.399672,61.110001,-114.519997,-31.219999,1770370136.182014
-0.323788,0.238388,0.374540,67.970001,-126.139999,-35.139999,1770370136.190032
-0.271816,0.280844,0.412848,73.989998,-131.809998,-43.680000,1770370136.198119
-0.207156,0.336232,0.514108,72.169998,-132.089996,-52.360001,1770370136.206007
-0.116876,0.425292,0.651480,65.519997,-126.839996,-57.820000,1770370136.214018
-0.028548,0.510936,0.793976,50.680000,-120.400002,-62.439999,1770370136.222019
0.063196,0.569740,0.930616,28.139999,-107.379997,-64.610001,1770370136.230092
0.149084,0.581452,1.032120,3.990000,-91.489998,-66.290001,1770370136.238075
0.204960,0.517036,1.076284,-21.209999,-74.760002,-69.790001,1770370136.246011
0.249124,0.412848,1.079944,-40.250000,-59.220001,-65.730003,1770370136.254018
0.280844,0.263276,1.063108,-51.450001,-46.200001,-61.529999,1770370136.262004
0.293044,0.090768,1.059692,-52.430000,-35.209999,-58.799999,1770370136.270365
0.293532,-0.055632,1.064572,-47.110001,-28.910000,-57.259998,1770370136.278092
0.262544,-0.189832,1.128500,-37.450001,-21.910000,-60.970001,1770370136.286012
0.248636,-0.252540,1.237080,-25.340000,-7.840000,-60.689999,1770370136.294011
0.233752,-0.275964,1.381772,-10.780000,8.610000,-60.970001,1770370136.302010
0.209352,-0.261568,1.480104,-0.350000,25.129999,-56.279999,1770370136.310158
0.173240,-0.244000,1.531832,10.220000,38.570000,-54.320000,1770370136.318098
0.115412,-0.185440,1.535004,14.000000,46.130001,-52.639999,1770370136.326011
0.053436,-0.087352,1.500844,10.850000,44.799999,-52.009998,1770370136.334012
-0.003660,0.018300,1.449604,1.330000,39.480000,-49.630001,1770370136.342002
-0.047336,0.110044,1.371280,-12.110000,28.490000,-49.980000,1770370136.350121
-0.080032,0.163480,1.256356,-27.020000,14.140000,-42.139999,1770370136.358052
-0.093696,0.173484,1.126060,-37.380001,-0.490000,-33.810001,1770370136.366011
-0.084912,0.148108,1.047492,-43.889999,-10.990000,-26.180000,1770370136.374015
-0.064660,0.128588,1.023580,-45.570000,-13.580000,-14.280000,1770370136.382017
-0.040992,0.108824,1.036756,-49.139999,-6.720000,-0.140000,1770370136.390034
-0.012200,0.118828,1.052616,-48.020000,5.040000,7.560000,1770370136.398153
0.001708,0.143960,1.014064,-48.790001,16.030001,18.760000,1770370136.406012
-0.000244,0.178608,0.925980,-47.529999,23.590000,27.510000,1770370136.414004
-0.004636,0.184952,0.789584,-45.009998,27.719999,36.959999,1770370136.422054
-0.004636,0.128100,0.670512,-41.650002,27.930000,46.130001,1770370136.430026
-0.004636,0.033428,0.599020,-27.860001,31.290001,53.270000,1770370136.438071
-0.011956,-0.070028,0.556808,-12.320000,34.790001,61.669998,1770370136.446018
-0.020496,-0.135664,0.531432,5.740000,40.950001,68.529999,1770370136.454094
-0.055632,-0.158844,0.539484,19.459999,47.810001,70.000000,1770370136.462019
-0.102236,-0.121024,0.611464,27.090000,59.220001,73.080002,1770370136.470034
-0.161040,-0.057584,0.730780,25.969999,70.139999,68.809998,1770370136.478114
-0.220820,0.011712,0.861076,16.100000,81.129997,61.740002,1770370136.486020
-0.284016,0.003904,1.014796,3.010000,90.160004,53.480000,1770370136.494081
-0.364048,-0.051484,1.115324,-7.980000,97.370003,47.740002,1770370136.502026
-0.467016,-0.117852,1.141188,-15.330000,101.779999,40.180000,1770370136.510022
-0.597800,-0.154696,1.075796,-15.540000,100.169998,36.610001,1770370136.518071
-0.731512,-0.146644,0.972096,-14.770000,95.620003,23.450001,1770370136.526052
-0.851316,-0.132248,0.870836,-11.550000,89.320000,12.110000,1770370136.534124
-0.929396,-0.122000,0.820816,-11.690000,83.300003,2.660000,1770370136.542014
-0.963800,-0.114680,0.802516,-14.210000,74.970001,-2.100000,1770370136.550019
-0.972340,-0.125416,0.846436,-13.440000,62.580002,-1.610000,1770370136.558064
-0.979416,-0.144692,0.983564,-9.870000,49.209999,-0.140000,1770370136.566014
-0.994300,-0.159088,1.148996,-5.110000,35.139999,3.920000,1770370136.574147
-1.020652,-0.156892,1.241716,-4.340000,21.139999,3.500000,1770370136.582036
-1.022848,-0.138592,1.216584,-7.770000,8.260000,3.710000,1770370136.590099
-0.986980,-0.107360,1.122888,-11.270000,-3.360000,-0.350000,1770370136.598068
-0.920612,-0.072224,0.998204,-17.080000,-13.580000,2.310000,1770370136.606016
-0.846680,-0.050508,0.877668,-21.209999,-22.049999,3.850000,1770370136.614063
-0.784216,-0.042212,0.795928,-23.799999,-26.809999,6.510000,1770370136.622017
-0.726144,-0.028792,0.765428,-24.010000,-29.680000,5.250000,1770370136.630021
-0.682224,-0.026108,0.778848,-22.190001,-28.490000,2.030000,1770370136.638061
-0.647576,-0.023180,0.824964,-18.900000,-22.330000,-4.480000,1770370136.646019
-0.617320,-0.041724,0.863028,-13.370000,-18.480000,-11.130000,1770370136.654067
-0.594384,-0.080032,0.866444,-7.770000,-17.430000,-14.840000,1770370136.662022
-0.581696,-0.126636,0.821304,-0.210000,-21.490000,-22.889999,1770370136.670405
-0.570716,-0.154696,0.757620,6.300000,-28.980000,-25.200001,1770370136.678185
-0.546316,-0.141764,0.684664,14.420000,-40.110001,-27.860001,1770370136.686022
-0.518500,-0.108580,0.588284,22.469999,-55.580002,-28.980000,1770370136.694022
-0.487512,-0.071492,0.492636,31.219999,-71.400002,-29.680000,1770370136.702033
-0.461404,-0.056608,0.410896,40.880001,-88.199997,-30.590000,1770370136.710159
-0.422852,-0.045140,0.386252,50.889999,-102.760002,-34.160000,1770370136.718108
-0.365024,-0.008540,0.449204,58.310001,-108.639999,-38.779999,1770370136.726020
-0.293776,0.055144,0.575840,60.410000,-107.519997,-43.820000,1770370136.734030
-0.225212,0.153964,0.762500,53.970001,-95.620003,-49.770000,1770370136.742153
-0.161284,0.257420,0.958432,35.419998,-80.570000,-54.950001,1770370136.750011
-0.101992,0.334036,1.112396,11.480000,-62.230000,-59.220001,1770370136.758079
-0.054900,0.346724,1.181204,-10.570000,-46.830002,-59.150002,1770370136.766019
-0.031232,0.300364,1.211460,-23.450001,-31.570000,-55.930000,1770370136.774064
-0.020008,0.225456,1.230248,-29.820000,-22.680000,-50.959999,1770370136.782043
0.000976,0.155184,1.215120,-31.990000,-22.750000,-43.470001,1770370136.790023
0.028060,0.082472,1.225124,-29.190001,-27.440001,-37.380001,1770370136.798066
0.023912,-0.001952,1.263676,-24.080000,-38.150002,-32.549999,1770370136.806030
0.009516,-0.086132,1.331020,-15.750000,-39.830002,-29.680000,1770370136.814114
-0.006100,-0.164456,1.411784,-2.310000,-37.939999,-31.010000,1770370136.822013
-0.015860,-0.224724,1.476200,9.520000,-26.459999,-32.900002,1770370136.830023
-0.012444,-0.253272,1.496452,20.510000,-16.379999,-29.959999,1770370136.838066
-0.023180,-0.247660,1.471076,26.110001,-8.680000,-27.860001,1770370136.846017
-0.046116,-0.201544,1.441308,27.510000,-5.320000,-23.379999,1770370136.854076
-0.065880,-0.137860,1.394460,19.320000,-6.930000,-22.820000,1770370136.862021
-0.071248,-0.085400,1.306376,6.790000,-13.930000,-24.360001,1770370136.870050
-0.058804,-0.027816,1.190232,-6.440000,-26.040001,-24.290001,1770370136.878082
-0.044164,0.043432,1.056032,-13.440000,-37.380001,-21.139999,1770370136.886069
-0.019032,0.062952,0.989664,-16.240000,-44.939999,-15.190000,1770370136.894036
0.010980,0.101260,0.960140,-17.360001,-46.900002,-9.310000,1770370136.902047
0.048068,0.115900,0.970632,-18.690001,-39.340000,-3.360000,1770370136.910002
0.090524,0.079544,0.994788,-23.100000,-27.930000,7.770000,1770370136.918073
0.117364,0.017080,0.983808,-24.010000,-12.600000,17.990000,1770370136.926024
0.120536,-0.051728,0.904020,-20.650000,2.590000,28.559999,1770370136.934142
0.090768,-0.066368,0.768356,-11.550000,13.720000,38.639999,1770370136.942044
0.054900,-0.033184,0.630496,-6.790000,18.059999,45.849998,1770370136.950121
0.038796,-0.028060,0.532408,1.680000,21.070000,50.959999,1770370136.958064
0.028792,-0.114436,0.467016,9.450000,26.740000,54.599998,1770370136.966038
0.022936,-0.218136,0.445544,25.129999,33.110001,59.220001,1770370136.974041
0.006832,-0.260592,0.475312,39.619999,39.970001,66.849998,1770370136.982021
-0.024644,-0.221064,0.559492,48.230000,47.669998,69.160004,1770370136.990005
-0.077348,-0.126392,0.668072,49.349998,56.209999,71.120003,1770370136.998170
-0.121268,-0.057340,0.793488,40.180000,65.730003,67.760002,1770370137.006023
-0.176656,-0.002196,0.932568,26.740000,74.410004,60.970001,1770370137.014013
-0.250344,-0.019520,1.062864,9.450000,84.769997,54.110001,1770370137.022103
-0.344772,-0.042212,1.156804,-4.130000,93.099998,49.209999,1770370137.030022
-0.472384,-0.035380,1.241472,-14.000000,97.650002,39.830002,1770370137.038069
-0.595116,-0.024644,1.206336,-24.570000,90.790001,34.439999,1770370137.046011
-0.697352,-0.035624,1.075064,-30.100000,79.870003,28.280001,1770370137.054052
-0.766404,-0.083936,0.978928,-28.350000,70.699997,23.170000,1770370137.062122
-0.805444,-0.115168,0.958676,-24.150000,62.160000,20.020000,1770370137.070725
-0.833504,-0.121268,1.040172,-21.559999,52.779999,19.670000,1770370137.078352
-0.863516,-0.112240,1.165832,-17.219999,43.889999,20.510000,1770370137.086027
-0.892308,-0.111020,1.255136,-10.640000,34.160000,17.639999,1770370137.094031
-0.903776,-0.119804,1.274900,-5.320000,22.820000,14.700000,1770370137.102181
-0.892796,-0.087352,1.214144,-3.360000,13.160000,12.460000,1770370137.110010
-0.852048,-0.023424,1.127036,-5.250000,2.730000,9.730000,1770370137.118096
-0.791292,0.038552,1.021384,-12.670000,-3.290000,8.960000,1770370137.126026
-0.733464,0.057828,0.916708,-16.590000,-11.060000,10.850000,1770370137.134164
-0.675392,0.067588,0.857904,-16.870001,-17.709999,8.960000,1770370137.142045
-0.631228,0.059292,0.854976,-18.549999,-18.830000,5.390000,1770370137.150005
-0.588528,0.034160,0.878888,-17.780001,-17.920000,0.910000,1770370137.158082
-0.555344,-0.010492,0.916464,-16.309999,-16.730000,-3.290000,1770370137.166011
-0.531676,-0.071248,0.940620,-13.440000,-14.280000,-9.380000,1770370137.174054
-0.507032,-0.149816,0.905972,-9.100000,-16.660000,-14.770000,1770370137.182075
-0.489708,-0.203984,0.826916,-0.700000,-22.469999,-19.389999,1770370137.190009
-0.455792,-0.217892,0.731512,9.100000,-34.369999,-25.969999,1770370137.198062
-0.408944,-0.191296,0.599752,19.250000,-48.090000,-24.850000,1770370137.206030
-0.360632,-0.143716,0.494832,27.510000,-62.930000,-25.270000,1770370137.213994
-0.330864,-0.089060,0.425536,35.840000,-77.980003,-22.330000,1770370137.222019
-0.304512,-0.052460,0.381128,45.849998,-92.750000,-22.400000,1770370137.230022
-0.266448,-0.014152,0.407236,54.880001,-99.610001,-25.969999,1770370137.237993
-0.213744,0.062952,0.494100,60.410000,-97.440002,-27.510000,1770370137.246016
-0.159576,0.179584,0.641720,62.790001,-86.099998,-35.700001,1770370137.254022
-0.100528,0.295972,0.832040,52.290001,-67.970001,-38.990002,1770370137.262009
-0.052704,0.388204,1.026752,29.680000,-45.220001,-42.910000,1770370137.270039
-0.013420,0.432612,1.159976,1.680000,-23.730000,-44.939999,1770370137.278113
-0.003660,0.371368,1.186084,-21.070000,-7.140000,-43.820000,1770370137.286007
-0.003904,0.258152,1.187792,-34.090000,2.800000,-46.480000,1770370137.294007
0.009516,0.142252,1.186816,-40.110001,3.640000,-41.930000,1770370137.302016
0.028548,0.029036,1.197796,-37.590000,-3.360000,-39.549999,1770370137.310106
0.037820,-0.091744,1.210728,-28.980000,-16.170000,-35.700001,1770370137.318199
0.048800,-0.192516,1.285392,-15.470000,-23.799999,-35.070000,1770370137.326009
0.037088,-0.274256,1.433988,0.420000,-24.709999,-38.639999,1770370137.334005
0.033672,-0.321348,1.569408,17.010000,-15.260000,-35.910000,1770370137.342031
0.038308,-0.321592,1.654808,31.010000,-2.100000,-33.950001,1770370137.350162
0.017324,-0.266692,1.656272,38.849998,9.380000,-29.540001,1770370137.358094
-0.017324,-0.185440,1.603568,34.860001,14.140000,-26.809999,1770370137.366008
-0.067832,-0.083936,1.521584,21.490000,14.210000,-24.709999,1770370137.374016
-0.098820,-0.011712,1.423496,1.540000,10.290000,-25.129999,1770370137.382038
-0.119316,0.010004,1.303448,-18.760000,1.190000,-23.030001,1770370137.390183
-0.128832,-0.002196,1.192184,-29.820000,-7.490000,-20.090000,1770370137.398063
-0.147864,-0.024400,1.096048,-34.650002,-16.379999,-14.490000,1770370137.406016
-0.156892,-0.024156,1.033828,-31.430000,-21.350000,-12.320000,1770370137.414002
-0.144448,-0.008540,1.013332,-27.650000,-21.700001,-5.320000,1770370137.422059
-0.122732,0.001952,1.016992,-23.730000,-16.590000,4.060000,1770370137.430032
-0.101748,0.009272,1.016748,-22.120001,-8.610000,12.880000,1770370137.438074
-0.083204,0.019032,0.959896,-17.080000,-2.380000,25.830000,1770370137.446017
-0.078324,0.021472,0.838140,-12.530000,0.490000,34.160000,1770370137.454050
-0.087840,0.036356,0.689300,-6.020000,0.700000,44.590000,1770370137.462050
-0.081984,0.044896,0.564860,2.030000,-0.700000,50.959999,1770370137.470024
-0.075152,0.005612,0.484828,10.990000,-2.940000,54.250000,1770370137.478099
-0.059780,-0.075396,0.428220,21.559999,0.280000,58.380001,1770370137.486031
-0.039772,-0.159820,0.394060,35.840000,7.140000,57.610001,1770370137.494020
-0.034892,-0.132736,0.370148,45.430000,12.810000,61.740002,1770370137.502021
-0.046604,-0.077836,0.436516,46.759998,22.330000,59.990002,1770370137.510039
-0.074664,-0.012444,0.548024,43.680000,33.810001,56.630001,1770370137.518241
-0.108092,0.050508,0.668316,27.230000,46.340000,50.610001,1770370137.526021
-0.139080,0.066124,0.810568,11.130000,58.029999,42.490002,1770370137.534027
-0.180072,0.040260,0.910608,-6.370000,69.930000,36.820000,1770370137.542025
-0.255712,0.026840,0.991128,-18.690001,78.959999,33.459999,1770370137.550101
-0.353556,0.033428,1.084580,-30.730000,78.680000,31.219999,1770370137.558141
-0.443104,0.006588,1.101416,-40.529999,74.970001,31.570000,1770370137.566021
-0.528504,-0.073200,1.079456,-36.889999,67.970001,33.389999,1770370137.574053
-0.605364,-0.176900,1.055788,-28.770000,65.029999,39.340000,1770370137.582029
-0.664900,-0.244976,1.062864,-18.900000,64.190002,40.320000,1770370137.590012
-0.722240,-0.282308,1.114592,-9.030000,62.790001,44.730000,1770370137.598076
-0.793732,-0.284504,1.207800,-1.120000,63.419998,46.619999,1770370137.606036
-0.860100,-0.277184,1.307840,12.390000,60.130001,44.939999,1770370137.614122
-0.908656,-0.236192,1.354688,17.850000,56.349998,45.919998,1770370137.622012
-0.917928,-0.132980,1.340536,18.549999,48.160000,41.860001,1770370137.630011
-0.887916,-0.036112,1.301252,10.010000,37.240002,38.849998,1770370137.638093
-0.831796,0.036600,1.199992,-3.010000,28.139999,36.400002,1770370137.646109
-0.773480,0.073932,1.065792,-13.370000,20.020000,36.820000,1770370137.654052
-0.728584,0.073688,0.974292,-21.420000,14.490000,31.639999,1770370137.662020
-0.693448,0.068076,0.942816,-23.870001,8.050000,29.400000,1770370137.670018
-0.673196,0.078568,0.963312,-28.000000,4.620000,20.790001,1770370137.678232
-0.666364,0.092232,0.978440,-30.660000,2.310000,16.030001,1770370137.686017
-0.661484,0.074420,0.958920,-29.469999,-1.120000,7.420000,1770370137.694021
-0.660996,0.046848,0.884012,-25.900000,-7.210000,-3.920000,1770370137.702035
-0.635620,0.032452,0.774456,-17.290001,-16.940001,-8.680000,1770370137.710185
-0.586088,0.021716,0.638548,-5.670000,-31.570000,-14.700000,1770370137.718105
-0.530212,0.029280,0.483608,6.860000,-48.369999,-17.639999,1770370137.726025
-0.474824,0.074664,0.372100,19.110001,-67.620003,-17.080000,1770370137.734037
-0.429928,0.132248,0.316956,29.330000,-87.080002,-21.000000,1770370137.742110
-0.396500,0.180072,0.274012,34.790001,-102.620003,-25.200001,1770370137.750014
-0.351604,0.231068,0.280844,41.439999,-113.260002,-32.759998,1770370137.758059
-0.290360,0.290848,0.365024,41.230000,-115.080002,-40.529999,1770370137.766142
-0.223260,0.354532,0.507276,36.119999,-109.059998,-46.759998,1770370137.774011
-0.152012,0.414800,0.678076,21.559999,-100.239998,-54.810001,1770370137.782030
-0.092232,0.461648,0.862540,3.010000,-84.489998,-60.970001,1770370137.790035
-0.050752,0.477020,1.010648,-15.330000,-68.739998,-66.290001,1770370137.798188
-0.003660,0.455548,1.093608,-31.570000,-53.759998,-68.459999,1770370137.806054
0.062220,0.372100,1.167784,-38.990002,-46.200001,-65.239998,1770370137.813999
0.111020,0.206912,1.210484,-44.029999,-47.599998,-63.000000,1770370137.822023
0.190564,0.005124,1.222196,-37.660000,-56.980000,-62.230000,1770370137.830178
0.257664,-0.203740,1.256600,-19.530001,-70.839996,-61.810001,1770370137.838080
0.292068,-0.414312,1.387628,2.520000,-70.910004,-57.540001,1770370137.845997
0.346480,-0.546316,1.583560,29.120001,-56.560001,-54.459999,1770370137.854021
0.416996,-0.602680,1.780224,54.110001,-34.230000,-50.750000,1770370137.862018
0.442860,-0.553148,1.919548,69.510002,-6.930000,-44.450001,1770370137.870108
0.409676,-0.397476,1.925648,68.879997,17.570000,-41.580002,1770370137.878221
0.348920,-0.259372,1.813408,49.209999,33.810001,-38.500000,1770370137.886017
0.266204,-0.136152,1.626016,23.520000,44.099998,-35.490002,1770370137.894061
0.176656,-0.083204,1.432036,-2.660000,48.790001,-31.920000,1770370137.902020
0.075640,-0.038308,1.265628,-23.100000,51.310001,-26.320000,1770370137.910012
-0.012932,-0.076616,1.163880,-34.090000,50.680000,-20.299999,1770370137.918076
-0.095648,-0.083204,1.082628,-42.419998,49.910000,-14.070000,1770370137.926074
-0.160064,-0.053192,1.047736,-40.950001,48.930000,-8.330000,1770370137.934084
-0.200324,-0.063196,1.037732,-39.549999,45.919998,0.000000,1770370137.942061
-0.226432,-0.003904,1.006256,-36.540001,41.930000,9.100000,1770370137.950015
-0.238632,0.061976,0.966240,-33.669998,38.150002,15.050000,1770370137.958063
-0.244244,0.127856,0.877180,-33.529999,32.130001,24.290001,1770370137.966027
-0.226432,0.170068,0.744444,-31.430000,20.719999,29.330000,1770370137.974016
-0.210816,0.145668,0.606096,-25.129999,10.290000,35.279999,1770370137.982047
-0.185196,0.059292,0.518988,-19.110001,1.960000,43.259998,1770370137.990209
-0.162016,-0.028304,0.482876,-7.910000,-1.680000,49.279999,1770370137.998065
-0.144936,-0.085400,0.426268,7.070000,0.070000,50.959999,1770370138.006019
-0.118340,-0.089060,0.350628,23.520000,3.920000,52.919998,1770370138.014002
-0.092232,-0.044652,0.313296,36.119999,8.190000,54.110001,1770370138.022047
-0.094184,0.010004,0.357948,38.849998,16.799999,53.130001,1770370138.030007
-0.093452,0.062220,0.483364,35.349998,27.790001,48.439999,1770370138.038097
-0.097112,0.048556,0.688324,26.110001,42.349998,42.419998,1770370138.046019
-0.122000,0.022204,0.841800,13.440000,59.990002,40.110001,1770370138.054021
-0.186904,0.005856,0.935984,4.760000,75.739998,34.509998,1770370138.062190
-0.279380,0.019032,1.010404,-6.090000,87.080002,31.080000,1770370138.070435
-0.407968,0.021228,1.068476,-17.920000,92.120003,29.750000,1770370138.078353
-0.534360,-0.020740,1.047248,-23.100000,93.519997,29.750000,1770370138.086115
-0.655140,-0.071248,0.962580,-20.020000,91.419998,29.190001,1770370138.094069
-0.752740,-0.145180,0.923296,-13.020000,89.320000,27.930000,1770370138.102029
-0.804468,-0.204228,0.979172,-6.790000,82.879997,27.510000,1770370138.110021
-0.863760,-0.250100,1.131184,3.570000,74.690002,31.010000,1770370138.118101
-0.948672,-0.284992,1.299300,11.410000,64.540001,33.250000,1770370138.126003
-1.010648,-0.294020,1.415200,15.960000,51.380001,31.639999,1770370138.134022
-1.035536,-0.249612,1.437404,13.230000,33.810001,29.049999,1770370138.142190
-1.014796,-0.177388,1.392508,1.190000,17.219999,27.090000,1770370138.150015
-0.959652,-0.108336,1.335656,-11.760000,2.730000,24.360001,1770370138.158066
-0.892064,-0.080276,1.245376,-24.780001,-6.370000,21.209999,1770370138.166037
-0.821304,-0.077348,1.153632,-31.010000,-12.950000,19.110001,1770370138.174049
-0.742004,-0.065392,1.067500,-31.920000,-16.379999,15.820000,1770370138.182039
-0.683200,-0.063928,1.006500,-31.080000,-21.490000,9.100000,1770370138.189999
-0.639768,-0.063196,0.958676,-27.650000,-24.780001,2.240000,1770370138.198075
-0.617564,-0.055388,0.934520,-22.680000,-24.150000,-5.600000,1770370138.206010
-0.606340,-0.044652,0.916220,-17.780001,-21.840000,-14.630000,1770370138.213996
-0.589016,-0.024400,0.855464,-12.600000,-19.600000,-24.290001,1770370138.222022
-0.556808,0.001220,0.757376,-6.440000,-21.910000,-30.590000,1770370138.230155
-0.528016,0.030012,0.621712,2.240000,-28.139999,-33.110001,1770370138.238068
-0.493124,0.054168,0.471896,12.740000,-39.689999,-35.630001,1770370138.246018
-0.454328,0.071492,0.351604,23.870001,-56.349998,-34.509998,1770370138.254036
-0.422608,0.113704,0.284748,34.299999,-72.730003,-39.130001,1770370138.262128
-0.388936,0.142740,0.276940,39.200001,-88.760002,-39.619999,1770370138.270010
-0.352092,0.182268,0.273280,45.639999,-101.150002,-42.770000,1770370138.278084
-0.307684,0.215940,0.308416,47.529999,-107.519997,-46.060001,1770370138.286059
-0.263520,0.261812,0.400160,45.500000,-106.400002,-45.849998,1770370138.294013
-0.218136,0.315492,0.549976,39.900002,-99.959999,-52.430000,1770370138.302015
-0.176900,0.369904,0.751276,24.290001,-86.309998,-53.689999,1770370138.310008
-0.140300,0.410896,0.968924,6.300000,-68.529999,-59.990002,1770370138.318070
-0.108580,0.434320,1.118008,-14.000000,-50.680000,-61.320000,1770370138.326011
-0.050996,0.407724,1.234640,-30.240000,-37.660000,-63.419998,1770370138.334050
-0.012932,0.324764,1.322236,-40.320000,-37.310001,-62.790001,1770370138.342016
0.040992,0.191540,1.353468,-41.090000,-50.259998,-62.439999,1770370138.350001
0.107116,0.015128,1.353956,-32.549999,-70.839996,-63.139999,1770370138.358068
0.172752,-0.193004,1.383236,-16.870001,-86.169998,-57.330002,1770370138.366009
0.221064,-0.374540,1.487180,1.890000,-85.750000,-52.009998,1770370138.373994
0.284504,-0.510936,1.640656,25.059999,-72.169998,-45.849998,1770370138.382079
0.338184,-0.561200,1.733620,42.139999,-51.099998,-42.209999,1770370138.390030
0.370148,-0.516548,1.721664,53.480000,-30.590000,-38.849998,1770370138.398073
0.353556,-0.411872,1.644072,51.450001,-14.560000,-36.889999,1770370138.406021
0.330864,-0.254736,1.550864,43.189999,-0.350000,-36.470001,1770370138.414009
0.273036,-0.162260,1.452776,25.200001,11.480000,-36.049999,1770370138.422126
0.200812,-0.077104,1.353712,3.360000,24.709999,-33.110001,1770370138.430033
0.132248,-0.035624,1.250012,-15.540000,36.820000,-31.010000,1770370138.438079
0.060756,-0.014884,1.149240,-30.100000,44.029999,-23.170000,1770370138.446154
-0.008784,-0.018544,1.076284,-35.000000,49.139999,-17.500000,1770370138.454002
-0.077592,-0.025376,1.010648,-33.250000,51.099998,-5.950000,1770370138.462025
-0.136640,0.004148,0.968436,-31.430000,50.330002,4.060000,1770370138.470021
-0.181536,0.044652,0.959652,-29.330000,46.900002,9.450000,1770370138.478106
-0.212280,0.101260,0.915244,-31.990000,42.910000,20.930000,1770370138.486171
-0.229360,0.153720,0.811544,-34.580002,35.560001,26.600000,1770370138.494013
-0.237900,0.166408,0.681492,-32.200001,26.600000,32.130001,1770370138.502016
-0.236436,0.109068,0.570960,-30.660000,16.730000,39.619999,1770370138.510018
-0.224968,0.036112,0.507764,-22.400000,10.850000,42.139999,1770370138.518074
-0.211304,-0.031964,0.451156,-11.970000,6.650000,45.709999,1770370138.526043
-0.191052,-0.088084,0.353312,0.700000,4.130000,47.529999,1770370138.534035
-0.160796,-0.097112,0.265716,15.190000,1.400000,45.709999,1770370138.542034
-0.138104,-0.065148,0.230336,23.309999,1.050000,46.689999,1770370138.550014
-0.120780,-0.053192,0.309148,25.690001,4.270000,43.470001,1770370138.558119
-0.112484,0.020252,0.469700,21.770000,13.580000,39.549999,1770370138.566014
-0.114680,-0.011956,0.715164,14.210000,28.139999,36.470001,1770370138.574015
-0.133224,-0.054168,0.886208,4.900000,46.900002,34.580002,1770370138.582042
-0.193736,-0.054900,0.953796,0.210000,64.540001,35.700001,1770370138.590019
-0.294996,-0.042700,1.018700,-4.200000,76.720001,30.240000,1770370138.598068
-0.419680,-0.051972,1.083360,-9.870000,82.459999,30.520000,1770370138.606026
-0.531432,-0.097600,1.075064,-10.430000,83.230003,31.990000,1770370138.614101
-0.641476,-0.147132,1.005280,-4.130000,79.309998,36.189999,1770370138.622005
-0.720532,-0.234240,0.999668,2.450000,76.580002,38.709999,1770370138.630022
-0.771528,-0.297192,1.079456,12.320000,71.120003,41.230000,1770370138.638063
-0.832528,-0.330376,1.230004,21.840000,61.180000,46.830002,1770370138.646020
-0.905240,-0.339648,1.403244,29.540001,50.330002,47.880001,1770370138.654117
-0.961604,-0.341112,1.513044,32.970001,38.150002,48.369999,1770370138.662025
-0.980880,-0.294752,1.528416,26.320000,24.500000,44.730000,1770370138.670022
-0.950868,-0.236924,1.474248,16.309999,10.080000,37.520000,1770370138.678077
-0.886208,-0.172752,1.400316,2.800000,-1.190000,35.560001,1770370138.686091
-0.809592,-0.107604,1.303448,-10.640000,-6.510000,27.860001,1770370138.694020
-0.739076,-0.063440,1.184132,-17.360001,-8.680000,24.850000,1770370138.702020
-0.664900,-0.033672,1.076772,-21.420000,-9.380000,21.770000,1770370138.710073
-0.616344,-0.009028,1.012356,-19.320000,-9.590000,14.700000,1770370138.718261
-0.577792,0.008296,0.967460,-18.340000,-9.520000,7.980000,1770370138.726013
-0.569984,0.025132,0.929640,-15.890000,-7.420000,-2.030000,1770370138.734018
-0.562908,0.038552,0.915244,-13.650000,-5.740000,-13.720000,1770370138.742030
-0.562420,0.051728,0.886208,-14.420000,-4.620000,-22.049999,1770370138.750177
-0.542656,0.051240,0.813008,-10.990000,-7.490000,-30.799999,1770370138.758051
-0.529480,0.052704,0.713212,-6.790000,-13.020000,-35.349998,1770370138.766017
-0.502396,0.050020,0.597312,3.080000,-26.600000,-38.080002,1770370138.774018
-0.476776,0.063440,0.477508,11.970000,-43.119999,-36.119999,1770370138.782037
-0.444812,0.092720,0.406748,18.969999,-62.020000,-36.259998,1770370138.790184
-0.419924,0.121512,0.370636,24.430000,-79.099998,-38.849998,1770370138.798106
-0.404796,0.143716,0.349652,26.809999,-93.660004,-42.770000,1770370138.806018
-0.371368,0.190076,0.367708,29.750000,-103.529999,-43.119999,1770370138.814011
-0.328180,0.241316,0.426024,31.360001,-108.500000,-45.500000,1770370138.822095
-0.265960,0.308416,0.523868,28.000000,-106.959999,-47.389999,1770370138.830015
-0.200812,0.388204,0.683200,19.670000,-102.620003,-50.330002,1770370138.838065
-0.130540,0.440664,0.860100,2.100000,-93.730003,-54.599998,1770370138.846024
-0.064172,0.481412,1.024312,-12.320000,-80.010002,-52.570000,1770370138.854043
0.004148,0.488244,1.151924,-24.920000,-67.129997,-53.480000,1770370138.862007
0.068564,0.435052,1.250744,-37.099998,-57.889999,-44.240002,1770370138.870013
0.126148,0.307928,1.259284,-40.880001,-59.990002,-44.799999,1770370138.878075
0.172264,0.139568,1.192184,-40.529999,-68.459999,-42.000000,1770370138.886037
0.221552,-0.059048,1.155340,-29.959999,-78.330002,-41.230000,1770370138.894029
0.251564,-0.274012,1.203408,-14.350000,-79.519997,-43.889999,1770370138.902097
0.297436,-0.450912,1.340536,4.760000,-65.870003,-44.380001,1770370138.910019
0.352092,-0.564372,1.468392,31.570000,-40.459999,-45.919998,1770370138.918107
0.388204,-0.594628,1.548424,51.310001,-13.510000,-42.139999,1770370138.926035
0.396012,-0.524112,1.587952,59.430000,10.290000,-38.500000,1770370138.934127
0.362828,-0.376736,1.575508,60.410000,27.160000,-38.990002,1770370138.942021
0.302804,-0.237900,1.554280,50.889999,38.500000,-31.219999,1770370138.950083
0.234240,-0.144936,1.508408,30.660000,43.610001,-32.549999,1770370138.958078
0.162260,-0.084668,1.440088,9.660000,44.939999,-24.850000,1770370138.966001
0.086376,-0.068320,1.362496,-11.900000,45.360001,-22.820000,1770370138.974026
0.020496,-0.046604,1.268312,-24.990000,42.560001,-18.690001,1770370138.982342
-0.037088,-0.028060,1.176812,-31.500000,38.220001,-12.390000,1770370138.990019
-0.095648,0.006344,1.081408,-31.010000,32.619999,-6.860000,1770370138.998068
-0.129076,0.034404,0.998204,-27.299999,27.580000,-1.610000,1770370139.006017
-0.141032,0.075884,0.924516,-26.670000,22.469999,7.420000,1770370139.014015
-0.141276,0.122488,0.877912,-24.360001,18.969999,17.290001,1770370139.022071
-0.131760,0.163968,0.836676,-28.770000,17.500000,25.480000,1770370139.030016
-0.112972,0.178608,0.755912,-29.750000,14.490000,32.200001,1770370139.038076
-0.099308,0.175192,0.648796,-30.100000,11.270000,37.380001,1770370139.046025
-0.089792,0.114436,0.555588,-24.219999,8.960000,44.590000,1770370139.054092
-0.068808,0.052216,0.507520,-16.030001,9.940000,47.040001,1770370139.062343
-0.053436,-0.012688,0.499224,-3.570000,13.370000,48.160000,1770370139.070835
-0.036356,-0.049044,0.486780,3.850000,23.170000,49.840000,1770370139.078240
-0.030256,-0.064904,0.441396,13.440000,31.150000,52.009998,1770370139.086040
-0.041968,-0.052460,0.420412,23.730000,38.919998,54.110001,1770370139.094203
-0.067832,-0.010492,0.455548,25.900000,47.180000,52.709999,1770370139.102028
-0.102236,0.047336,0.553880,22.680000,56.000000,47.389999,1770370139.110019
-0.142008,0.030012,0.732976,14.700000,65.589996,42.139999,1770370139.118143
-0.182024,0.015372,0.909144,5.670000,77.000000,38.430000,1770370139.126006
-0.244488,-0.033916,1.051152,-4.200000,88.480003,36.259998,1770370139.134085
-0.342088,-0.021472,1.149728,-9.450000,94.779999,37.099998,1770370139.142029
-0.463600,-0.009028,1.150948,-19.110001,94.639999,36.049999,1770370139.150033
-0.580720,-0.028060,1.071892,-23.100000,91.000000,30.520000,1770370139.158074
-0.690032,-0.105652,0.986980,-24.430000,90.089996,29.610001,1770370139.166019
-0.772504,-0.218380,0.939400,-20.650000,90.089996,28.420000,1770370139.174077
-0.828624,-0.307196,0.964776,-10.080000,89.320000,31.219999,1770370139.182041
-0.881572,-0.371612,1.045296,-1.470000,84.139999,32.689999,1770370139.190057
-0.934764,-0.401380,1.159244,12.320000,73.570000,35.630001,1770370139.198095
-0.985760,-0.409432,1.278560,21.280001,54.250000,36.400002,1770370139.206010
-1.024556,-0.387716,1.328824,26.740000,34.790001,39.200001,1770370139.213996
-1.033584,-0.328424,1.323212,27.090000,14.490000,41.369999,1770370139.222014
-1.008452,-0.246684,1.299788,20.299999,-2.380000,44.450001,1770370139.230029
-0.957212,-0.167384,1.278316,11.690000,-17.570000,44.169998,1770370139.238090
-0.887184,-0.086620,1.250012,0.910000,-25.830000,39.759998,1770370139.246011
-0.808860,-0.029768,1.193892,-9.030000,-28.559999,33.389999,1770370139.254058
-0.734928,-0.006100,1.120448,-16.100000,-29.260000,26.320000,1770370139.262117
-0.666852,-0.001952,1.048712,-22.330000,-27.020000,20.230000,1770370139.270007
-0.599020,-0.001708,0.972584,-24.360001,-25.340000,12.250000,1770370139.278070
-0.552904,0.000976,0.919636,-26.110001,-22.820000,7.070000,1770370139.286053
-0.524600,0.012444,0.887428,-25.760000,-19.600000,2.800000,1770370139.294020
-0.508252,0.045140,0.862540,-24.920000,-17.010000,-4.620000,1770370139.302013
-0.498736,0.050508,0.832040,-24.639999,-15.890000,-6.160000,1770370139.310014
-0.489464,0.065880,0.763720,-19.320000,-15.820000,-14.490000,1770370139.318145
-0.476776,0.080764,0.655384,-12.320000,-19.250000,-16.590000,1770370139.326011
-0.464576,0.097844,0.519720,-1.890000,-25.620001,-20.930000,1770370139.334128
-0.445788,0.126148,0.416264,9.310000,-35.700001,-20.790001,1770370139.342011
-0.416996,0.178852,0.350872,19.320000,-47.250000,-23.660000,1770370139.350022
-0.402844,0.219844,0.311832,24.430000,-58.310001,-26.250000,1770370139.358058
-0.388204,0.249856,0.305976,24.639999,-67.690002,-27.719999,1770370139.366011
-0.378444,0.277184,0.346968,24.780001,-72.870003,-33.389999,1770370139.374001
-0.353312,0.295972,0.418704,23.309999,-74.410004,-36.610001,1770370139.382118
-0.309392,0.311344,0.510936,18.549999,-73.080002,-39.549999,1770370139.390057
-0.257176,0.335012,0.651968,12.460000,-71.820000,-44.590000,1770370139.398081
-0.215940,0.361852,0.796416,-0.910000,-67.620003,-47.599998,1770370139.406017
-0.177876,0.392840,0.932324,-15.680000,-64.260002,-51.099998,1770370139.414037
-0.146888,0.403088,1.051396,-30.309999,-60.340000,-49.070000,1770370139.422046
-0.101504,0.377712,1.135088,-43.889999,-57.400002,-43.540001,1770370139.430034
-0.041724,0.285236,1.197064,-53.970001,-60.340000,-38.919998,1770370139.438076
0.029524,0.123952,1.213656,-53.410000,-71.750000,-38.290001,1770370139.446065
0.089548,-0.056364,1.209020,-40.180000,-84.769997,-36.610001,1770370139.454045
0.135176,-0.256688,1.235616,-17.360001,-92.610001,-37.310001,1770370139.462020
0.178364,-0.435784,1.328824,6.790000,-89.320000,-38.639999,1770370139.470001
0.236680,-0.548024,1.478396,36.400002,-71.400002,-40.110001,1770370139.478074
0.289628,-0.580476,1.581852,59.639999,-45.430000,-38.500000,1770370139.486086
0.321104,-0.527772,1.619428,71.610001,-22.260000,-38.430000,1770370139.494019
0.338916,-0.397720,1.620648,77.629997,-5.250000,-39.830002,1770370139.502022
0.336232,-0.338184,1.609424,67.900002,6.090000,-38.849998,1770370139.510019
0.325984,-0.229848,1.558184,52.849998,15.190000,-38.639999,1770370139.518089
0.286456,-0.166896,1.487912,32.200001,21.350000,-35.630001,1770370139.526030
0.227408,-0.133468,1.407880,10.640000,31.219999,-31.780001,1770370139.534021
0.152256,-0.141764,1.329312,-8.680000,37.869999,-26.250000,1770370139.542019
0.073932,-0.127856,1.252208,-27.020000,46.480000,-19.180000,1770370139.550026
-0.003660,-0.109556,1.175348,-33.740002,49.000000,-16.100000,1770370139.558067
-0.080520,-0.080520,1.090192,-37.730000,53.200001,-9.800000,1770370139.566077
-0.152012,-0.041236,1.008940,-31.080000,54.250000,-3.360000,1770370139.574025
-0.211060,-0.010248,0.944768,-25.900000,50.889999,2.240000,1770370139.582080
-0.247904,0.036356,0.896944,-22.959999,48.020000,13.930000,1770370139.590111
-0.272304,0.094916,0.874740,-21.770000,42.279999,18.059999,1770370139.598074
-0.271572,0.155672,0.828868,-22.330000,33.459999,25.340000,1770370139.606023
-0.264252,0.216916,0.750300,-21.700001,21.700001,30.660000,1770370139.614109
-0.245220,0.251808,0.647576,-20.790001,8.470000,36.610001,1770370139.622008
-0.213744,0.240828,0.582672,-19.320000,-1.750000,39.270000,1770370139.630024
-0.195200,0.179340,0.556808,-13.580000,-7.490000,41.930000,1770370139.638072
-0.174460,0.114436,0.527772,-9.590000,-6.860000,41.090000,1770370139.646009
-0.140544,0.076372,0.494100,1.470000,-2.590000,40.950001,1770370139.654022
-0.107116,0.060268,0.444812,12.250000,3.220000,39.830002,1770370139.662036
-0.091012,0.067100,0.423340,19.110001,8.470000,42.419998,1770370139.670020
-0.091256,0.101260,0.454328,22.540001,16.590000,39.410000,1770370139.678066
-0.102480,0.141032,0.527284,19.110001,23.730000,35.700001,1770370139.686044
-0.129808,0.152256,0.649772,11.410000,33.040001,31.360001,1770370139.694019
-0.159332,0.122244,0.787632,2.800000,43.049999,26.180000,1770370139.702166
-0.205936,0.069296,0.924028,-4.130000,52.360001,26.040001,1770370139.710015
-0.280356,0.050264,1.034804,-5.810000,62.090000,25.620001,1770370139.718079
-0.382104,0.055876,1.072868,-11.200000,66.220001,24.360001,1770370139.726016
-0.469944,0.050020,1.066768,-16.309999,63.349998,24.150000,1770370139.734062
-0.535092,-0.023180,1.043832,-21.629999,63.490002,25.690001,1770370139.742021
-0.581452,-0.134444,1.026264,-20.090000,63.560001,31.639999,1770370139.750018
-0.616832,-0.244976,1.057496,-13.230000,64.889999,35.279999,1770370139.758088
-0.644892,-0.344040,1.127768,-0.560000,65.029999,40.110001,1770370139.766045
-0.683444,-0.396256,1.217316,12.670000,59.430000,44.240002,1770370139.774025
-0.734196,-0.424316,1.316136,24.570000,52.570000,47.250000,1770370139.782020
-0.779580,-0.420656,1.386408,30.309999,43.259998,50.330002,1770370139.790034
-0.822036,-0.382592,1.403488,30.870001,33.810001,50.470001,1770370139.798076
-0.844240,-0.362340,1.377868,25.340000,23.799999,50.400002,1770370139.806024
-0.849852,-0.331352,1.327848,16.660000,19.530001,49.070000,1770370139.814105
-0.825208,-0.283040,1.258796,6.510000,15.750000,44.660000,1770370139.822138
-0.795684,-0.232532,1.205848,-4.550000,14.140000,38.639999,1770370139.830017
-0.751032,-0.175192,1.138504,-10.360000,13.720000,31.920000,1770370139.838062
-0.712968,-0.108824,1.057008,-13.930000,15.050000,23.379999,1770370139.846010
-0.670512,-0.060756,0.994056,-15.890000,14.840000,18.620001,1770370139.854040
-0.636840,-0.008784,0.954772,-17.570000,13.720000,12.600000,1770370139.862130
-0.613416,0.033916,0.930616,-19.180000,10.290000,8.400000,1770370139.870000
-0.609512,0.078568,0.910364,-19.320000,6.860000,3.010000,1770370139.878086
-0.610244,0.114680,0.882060,-24.639999,5.040000,-3.710000,1770370139.886019
-0.603412,0.129076,0.829844,-26.530001,0.910000,-10.920000,1770370139.894020
-0.597800,0.126880,0.749812,-24.570000,-5.180000,-16.030001,1770370139.902128
-0.589260,0.126636,0.647576,-19.530001,-9.800000,-20.230000,1770370139.910022
-0.563396,0.135420,0.543876,-6.090000,-19.670000,-24.500000,1770370139.918130
-0.546804,0.168360,0.458476,2.030000,-30.170000,-25.410000,1770370139.926035
-0.530212,0.212280,0.390400,12.040000,-44.799999,-32.060001,1770370139.934163
-0.508740,0.258152,0.345504,18.549999,-59.150002,-34.720001,1770370139.942014
-0.497028,0.294996,0.361852,21.910000,-71.330002,-39.340000,1770370139.950020
-0.471896,0.342576,0.435540,23.030001,-80.430000,-45.709999,1770370139.958079
-0.421632,0.385520,0.521672,20.299999,-85.330002,-51.450001,1770370139.966023
-0.354776,0.428220,0.616344,15.960000,-88.410004,-55.930000,1770370139.974140
-0.280356,0.471896,0.736392,8.120000,-92.400002,-55.930000,1770370139.982032
-0.218380,0.498492,0.864492,-3.010000,-92.610001,-51.869999,1770370139.990039
-0.175192,0.503128,0.974536,-14.210000,-91.839996,-50.750000,1770370139.998065
-0.125904,0.464576,1.064816,-26.670000,-89.389999,-45.919998,1770370140.006020
-0.047092,0.363804,1.131184,-32.689999,-90.230003,-44.029999,1770370140.014194
0.036844,0.221308,1.133868,-35.349998,-93.169998,-41.020000,1770370140.022016
0.122488,0.028060,1.121912,-26.809999,-101.080002,-39.759998,1770370140.030022
0.191540,-0.173484,1.148020,-11.200000,-103.389999,-38.430000,1770370140.038064
0.233264,-0.352824,1.221220,7.560000,-94.989998,-37.169998,1770370140.046111
0.279868,-0.472628,1.319796,33.880001,-74.900002,-39.340000,1770370140.054028
0.324276,-0.527772,1.422520,59.009998,-45.570000,-37.380001,1770370140.062321
0.343064,-0.518012,1.491084,78.750000,-16.379999,-35.139999,1770370140.070844
0.339404,-0.456280,1.525000,86.589996,10.710000,-32.060001,1770370140.078213
0.303536,-0.366000,1.541104,81.410004,28.280001,-29.540001,1770370140.086228
0.259372,-0.281576,1.526952,68.389999,39.130001,-27.370001,1770370140.094074
0.199104,-0.208376,1.483764,46.900002,43.119999,-26.389999,1770370140.102039
0.138348,-0.166896,1.425936,24.290001,42.490002,-20.580000,1770370140.110004
0.076372,-0.157624,1.341756,6.230000,37.380001,-17.850000,1770370140.118107
0.017080,-0.161040,1.278316,-12.460000,34.020000,-14.420000,1770370140.126004
-0.035136,-0.142252,1.228540,-20.090000,28.629999,-10.010000,1770370140.134021
-0.081740,-0.106384,1.175836,-26.459999,24.150000,-8.540000,1770370140.142051
-0.123952,-0.031964,1.117032,-30.030001,21.840000,-6.230000,1770370140.150014
-0.150304,0.046604,1.049200,-29.120001,20.790001,-2.240000,1770370140.158068
-0.169092,0.109068,0.973072,-28.350000,20.510000,3.500000,1770370140.166015
-0.182024,0.165188,0.912072,-27.090000,17.850000,7.280000,1770370140.174024
-0.176168,0.227408,0.869128,-27.860001,12.950000,11.200000,1770370140.182096
-0.157624,0.292068,0.845948,-31.080000,11.340000,15.400000,1770370140.190027
-0.137128,0.342820,0.819596,-34.580002,7.070000,16.379999,1770370140.198060
-0.113216,0.353556,0.786412,-40.529999,4.060000,22.889999,1770370140.206009
-0.096868,0.308904,0.734196,-42.279999,2.870000,26.250000,1770370140.214078
-0.076616,0.233020,0.657336,-39.689999,2.870000,29.540001,1770370140.222026
-0.066124,0.145912,0.571448,-32.900002,5.460000,34.580002,1770370140.230009
-0.064660,0.074176,0.514840,-19.879999,9.800000,34.020000,1770370140.238067
-0.056120,0.040748,0.494100,-10.010000,17.850000,38.849998,1770370140.246007
-0.049288,0.048800,0.468480,-1.190000,26.950001,34.439999,1770370140.254028
-0.046848,0.076616,0.450668,6.510000,34.160000,35.490002,1770370140.262059
-0.047092,0.106140,0.512400,7.630000,44.099998,30.450001,1770370140.270001
-0.065148,0.116388,0.660996,8.470000,53.830002,26.040001,1770370140.278080
-0.103212,0.071248,0.858392,1.680000,65.870003,23.240000,1770370140.286030
-0.163968,0.004880,0.960140,-1.120000,78.680000,20.230000,1770370140.294029
-0.244000,-0.029280,1.016992,-1.120000,87.989998,25.129999,1770370140.302083
-0.351360,-0.033184,1.083360,-2.800000,92.330002,28.350000,1770370140.310011
-0.467504,-0.035380,1.085800,-5.320000,92.610001,27.650000,1770370140.318071
-0.584624,-0.059048,1.031632,-9.590000,90.160004,24.500000,1770370140.326013
-0.677100,-0.149572,0.987956,-12.880000,89.599998,23.450001,1770370140.334013
-0.738832,-0.275720,0.981368,-10.080000,87.989998,19.879999,1770370140.342110
-0.775676,-0.405772,1.013576,-2.660000,83.230003,22.680000,1770370140.350033
-0.817888,-0.487024,1.102880,10.010000,77.070000,27.860001,1770370140.358078
-0.857416,-0.507032,1.214876,22.540001,65.029999,32.270000,1770370140.366010
-0.920368,-0.504592,1.299056,29.750000,49.770000,38.639999,1770370140.374001
-0.965020,-0.459696,1.328336,30.450001,34.230000,41.020000,1770370140.382020
-0.993568,-0.410896,1.323944,23.870001,19.040001,46.060001,1770370140.390034
-0.996496,-0.355996,1.291736,17.990000,6.930000,43.610001,1770370140.398079
-0.981612,-0.292800,1.245376,7.210000,-1.050000,42.000000,1770370140.406055
-0.943792,-0.236192,1.177300,-2.030000,-6.300000,36.889999,1770370140.414030
-0.884500,-0.177388,1.114348,-8.260000,-10.080000,29.120001,1770370140.422104
-0.815692,-0.111996,1.059448,-13.090000,-12.180000,25.690001,1770370140.430081
-0.752740,-0.050996,1.012600,-17.570000,-14.840000,15.050000,1770370140.438204
-0.690276,0.006588,0.969656,-21.559999,-16.799999,6.370000,1770370140.446016
-0.628056,0.042212,0.925248,-22.120001,-20.790001,1.680000,1770370140.454022
-0.573644,0.072956,0.880840,-18.549999,-25.340000,-4.410000,1770370140.462030
-0.526796,0.106384,0.844728,-17.150000,-29.049999,-7.210000,1770370140.470018
-0.492880,0.141276,0.829844,-13.440000,-34.230000,-13.230000,1770370140.478063
-0.464576,0.177388,0.809348,-9.800000,-34.160000,-20.090000,1770370140.486420
-0.434564,0.209108,0.781044,-6.930000,-32.270000,-25.760000,1770370140.494116
-0.415532,0.227652,0.718336,-3.220000,-32.830002,-29.540001,1770370140.502014
-0.402356,0.233020,0.623176,0.420000,-33.250000,-31.430000,1770370140.510039
-0.385276,0.222772,0.536800,10.010000,-37.590000,-34.020000,1770370140.518190
-0.380884,0.216184,0.485560,14.980000,-41.090000,-38.080002,1770370140.526010
-0.372588,0.223260,0.448960,20.580000,-49.840000,-43.400002,1770370140.534019
-0.370148,0.228872,0.407480,24.850000,-58.799999,-44.029999,1770370140.542018
-0.372344,0.234240,0.381128,26.110001,-67.339996,-45.709999,1770370140.550050
-0.360632,0.254980,0.404552,29.750000,-73.989998,-48.439999,1770370140.558133
-0.348920,0.293288,0.476776,26.320000,-76.089996,-48.509998,1770370140.566011
-0.319396,0.332816,0.579988,22.680000,-76.019997,-52.150002,1770370140.574093
-0.288652,0.349164,0.706868,12.110000,-72.660004,-54.459999,1770370140.582015
-0.248636,0.357704,0.840580,1.890000,-68.180000,-59.639999,1770370140.590032
-0.210328,0.361852,0.986980,-7.000000,-62.369999,-58.520000,1770370140.598065
-0.176900,0.345748,1.114348,-17.780001,-57.610001,-58.730000,1770370140.606221
-0.119316,0.280600,1.217560,-23.309999,-59.849998,-55.369999,1770370140.614020
-0.034404,0.183488,1.252452,-24.360001,-71.120003,-56.139999,1770370140.622009
0.045628,0.030500,1.246108,-20.020000,-86.099998,-51.660000,1770370140.630021
0.109312,-0.136640,1.249280,-9.870000,-97.440002,-50.610001,1770370140.638230
0.155428,-0.305976,1.281244,3.430000,-96.180000,-46.480000,1770370140.646012
0.195200,-0.438468,1.337364,21.350000,-84.000000,-42.910000,1770370140.654015
0.243268,-0.497760,1.399828,38.639999,-64.120003,-42.910000,1770370140.662030
0.289140,-0.497272,1.463268,51.869999,-41.790001,-42.910000,1770370140.670160
0.314516,-0.443592,1.511824,58.169998,-20.580000,-44.099998,1770370140.678297
0.315004,-0.353556,1.523048,57.540001,0.070000,-44.450001,1770370140.686036
0.293776,-0.265716,1.514020,50.470001,14.420000,-41.090000,1770370140.694053
0.257908,-0.185684,1.472784,36.750000,25.410000,-36.189999,1770370140.702029
0.194712,-0.130296,1.424716,21.700001,34.790001,-32.900002,1770370140.710018
0.132004,-0.089304,1.371280,4.550000,40.110001,-31.010000,1770370140.718090
0.066124,-0.058560,1.321016,-8.890000,44.590000,-24.920000,1770370140.726034
0.001708,-0.030500,1.272948,-20.650000,47.880001,-24.920000,1770370140.734048
-0.063196,-0.011224,1.218048,-28.700001,46.340000,-17.290001,1770370140.742025
-0.115656,0.018544,1.144604,-32.549999,43.540001,-12.250000,1770370140.750027
-0.163968,0.033184,1.049444,-32.130001,35.419998,-5.040000,1770370140.758078
-0.201300,0.058316,0.955992,-30.799999,28.490000,0.700000,1770370140.766024
-0.215452,0.099796,0.896700,-27.580000,23.170000,6.720000,1770370140.774024
-0.215208,0.156648,0.870348,-29.120001,17.500000,13.370000,1770370140.782140
-0.209596,0.227652,0.844484,-33.459999,13.930000,18.340000,1770370140.790030
-0.183000,0.290116,0.818864,-36.540001,8.050000,24.290001,1770370140.798069
-0.157868,0.310368,0.770308,-40.740002,4.480000,27.510000,1770370140.806017
-0.133224,0.264008,0.710284,-39.970001,2.940000,28.980000,1770370140.814016
-0.117364,0.182756,0.646112,-35.139999,1.050000,32.830002,1770370140.822137
-0.100284,0.111264,0.577792,-29.330000,3.290000,36.259998,1770370140.830017
-0.089548,0.058804,0.512156,-18.969999,6.580000,36.820000,1770370140.838089
-0.070272,0.037820,0.447252,-13.020000,11.410000,35.910000,1770370140.846119
-0.062220,0.031232,0.392840,-4.690000,14.490000,35.560001,1770370140.854034
-0.054168,0.029280,0.386496,2.450000,20.930000,31.990000,1770370140.862029
-0.052948,0.038308,0.442860,4.830000,27.790001,28.280001,1770370140.870096
-0.063928,0.050264,0.570472,6.020000,36.119999,22.820000,1770370140.878069
-0.091500,0.014640,0.743224,2.660000,48.930000,18.969999,1770370140.886083
-0.144936,-0.026596,0.885964,0.980000,66.430000,17.990000,1770370140.894028
-0.226676,-0.018788,1.003572,-2.030000,81.760002,17.500000,1770370140.902007
-0.323300,0.000488,1.095804,-6.230000,93.660004,17.780001,1770370140.910023
-0.437004,0.008052,1.102392,-8.890000,100.239998,19.459999,1770370140.918076
-0.542412,-0.024888,1.075064,-11.620000,101.779999,18.129999,1770370140.926057
-0.642208,-0.099308,1.039196,-14.630000,103.739998,22.260000,1770370140.934033
-0.721264,-0.199104,1.009428,-14.490000,105.629997,24.010000,1770370140.942025
-0.769820,-0.325740,0.998448,-9.240000,103.389999,29.680000,1770370140.950029
-0.821304,-0.432368,1.022360,3.010000,95.269997,34.580002,1770370140.958079
-0.870836,-0.500200,1.108248,18.410000,80.989998,41.230000,1770370140.966025
-0.926956,-0.528992,1.200968,30.870001,63.000000,46.619999,1770370140.974072
-0.988932,-0.513132,1.268556,39.759998,44.799999,49.840000,1770370140.982014
-1.023336,-0.465064,1.312720,38.570000,27.930000,51.660000,1770370140.990034
-1.030656,-0.384788,1.319796,34.090000,16.520000,54.599998,1770370140.998067
-1.013576,-0.326960,1.291248,23.240000,5.810000,53.830002,1770370141.005958
-0.968680,-0.247660,1.220488,15.610000,1.050000,51.869999,1770370141.014075
-0.918904,-0.173240,1.151436,6.580000,-4.060000,44.799999,1770370141.022028
-0.859368,-0.104432,1.095560,-3.570000,-8.680000,38.849998,1770370141.030021
-0.797392,-0.045628,1.031144,-14.350000,-12.460000,29.469999,1770370141.038067
-0.744444,-0.003904,0.964776,-22.330000,-15.050000,22.889999,1770370141.046016
-0.687348,0.026596,0.912316,-25.900000,-19.110001,15.820000,1770370141.054036
-0.638304,0.050996,0.868152,-27.580000,-22.049999,9.100000,1770370141.062317
-0.604632,0.080520,0.848144,-24.639999,-26.459999,2.730000,1770370141.070704
-0.583160,0.102724,0.835944,-25.129999,-27.580000,0.910000,1770370141.078256
-0.570960,0.121268,0.822768,-22.260000,-28.139999,-5.950000,1770370141.086065
-0.555588,0.133956,0.786168,-19.530001,-27.930000,-11.340000,1770370141.094032
-0.546072,0.151768,0.724680,-12.810000,-29.540001,-16.940001,1770370141.102022
-0.528748,0.165432,0.626348,-6.020000,-32.689999,-18.830000,1770370141.110058
-0.514840,0.186904,0.524356,1.960000,-36.959999,-25.690001,1770370141.118126
-0.514596,0.213988,0.471164,8.120000,-40.459999,-26.809999,1770370141.126006
-0.506544,0.242292,0.416264,12.460000,-46.689999,-31.290001,1770370141.134022
-0.494344,0.259860,0.376492,14.000000,-54.040001,-35.349998,1770370141.142019
-0.490928,0.284748,0.387472,13.440000,-63.560001,-36.400002,1770370141.150123
-0.481900,0.321348,0.442616,12.460000,-72.660004,-39.060001,1770370141.158163
-0.451644,0.344040,0.509716,7.420000,-77.980003,-41.650002,1770370141.166025
-0.409432,0.382104,0.582672,3.150000,-85.540001,-47.040001,1770370141.174066
-0.346968,0.426024,0.658556,0.210000,-95.339996,-45.009998,1770370141.182019
-0.286456,0.456524,0.741760,-8.960000,-103.389999,-44.169998,1770370141.190296
-0.223992,0.449448,0.841556,-19.740000,-108.500000,-41.790001,1770370141.198073
-0.159088,0.422852,0.919636,-30.660000,-111.160004,-40.669998,1770370141.206050
-0.087352,0.347456,0.981124,-41.299999,-110.180000,-37.660000,1770370141.214022
-0.001464,0.210572,1.053592,-44.660000,-109.830002,-29.680000,1770370141.222020
0.070516,0.054900,1.113860,-45.360001,-109.410004,-28.840000,1770370141.230014
0.142252,-0.113948,1.152412,-33.669998,-106.959999,-27.090000,1770370141.238060
0.176900,-0.311344,1.191208,-22.680000,-98.070000,-29.400000,1770370141.246013
0.213744,-0.460184,1.237568,-2.870000,-79.099998,-28.910000,1770370141.254181
0.249368,-0.571448,1.313940,22.190001,-54.599998,-31.430000,1770370141.262020
0.277184,-0.627812,1.417884,44.450001,-27.580000,-30.730000,1770370141.270021
0.290360,-0.589016,1.495232,65.309998,-1.820000,-29.889999,1770370141.278063
0.273036,-0.504836,1.533296,74.970001,17.570000,-30.240000,1770370141.286012
0.237412,-0.399428,1.542080,73.779999,31.219999,-28.629999,1770370141.294142
0.195200,-0.286700,1.527196,67.199997,36.680000,-28.420000,1770370141.302014
0.150304,-0.184708,1.493280,52.639999,37.450001,-25.760000,1770370141.310000
0.103700,-0.112728,1.435940,40.459999,31.780001,-21.209999,1770370141.318097
0.051972,-0.060268,1.368596,22.120001,24.920000,-17.290001,1770370141.326016
0.005856,-0.025132,1.311744,4.340000,19.389999,-14.630000,1770370141.334040
-0.021472,-0.004392,1.250500,-12.460000,13.720000,-11.830000,1770370141.342094
-0.040504,0.018056,1.171200,-26.740000,9.380000,-10.080000,1770370141.350042
-0.055388,0.034160,1.082628,-35.980000,8.470000,-5.740000,1770370141.358097
-0.067344,0.047092,1.006012,-40.459999,9.800000,-1.540000,1770370141.366012
-0.079544,0.078324,0.927688,-40.740002,13.720000,9.870000,1770370141.374009
-0.078812,0.105652,0.876936,-39.759998,18.549999,11.130000,1770370141.382025
-0.078568,0.151280,0.849608,-44.099998,23.799999,21.000000,1770370141.390156
-0.071004,0.194712,0.821792,-44.799999,25.059999,23.240000,1770370141.398061
-0.065148,0.244000,0.780556,-44.310001,25.340000,26.600000,1770370141.406019
-0.056120,0.262056,0.725168,-43.750000,24.500000,31.920000,1770370141.414004
-0.055876,0.241072,0.677588,-41.650002,23.590000,34.720001,1770370141.422003
-0.047092,0.182756,0.640012,-36.189999,25.270000,41.020000,1770370141.430048
-0.040748,0.124440,0.613416,-28.350000,30.799999,44.169998,1770370141.438122
-0.037820,0.067344,0.595360,-18.549999,37.869999,49.070000,1770370141.446017
-0.048312,0.025864,0.578036,-7.980000,46.549999,52.430000,1770370141.454036
-0.072712,0.023668,0.575596,1.680000,56.910000,57.959999,1770370141.462151
-0.121756,0.051484,0.617808,3.920000,68.250000,59.709999,1770370141.470037
-0.177876,0.093208,0.693204,7.420000,77.070000,56.139999,1770370141.478069
-0.239608,0.121756,0.762256,1.400000,84.000000,47.880001,1770370141.486019
-0.295972,0.101504,0.838628,-3.360000,90.860001,41.299999,1770370141.494082
-0.367464,0.024888,0.955504,-6.090000,95.410004,34.930000,1770370141.502026
-0.462380,-0.053924,1.031876,-7.210000,98.980003,33.110001,1770370141.510010
-0.585600,-0.085400,1.043100,-4.130000,99.750000,32.480000,1770370141.518076
-0.718580,-0.080520,1.017968,-5.040000,95.339996,27.719999,1770370141.525994
-0.814716,-0.097600,0.957456,-6.790000,86.660004,18.760000,1770370141.534026
-0.883524,-0.143228,0.905240,-8.190000,76.860001,13.370000,1770370141.542149
-0.919148,-0.183244,0.901580,-12.530000,62.650002,7.840000,1770370141.550013
-0.928420,-0.232288,0.946232,-14.560000,45.009998,7.840000,1770370141.558074
-0.902068,-0.295484,1.019188,-16.100000,28.490000,11.480000,1770370141.566016
-0.879132,-0.361364,1.072624,-11.270000,11.060000,17.150000,1770370141.574182
-0.864492,-0.411384,1.095316,-2.590000,-1.470000,26.530001,1770370141.582011
-0.860344,-0.417972,1.108004,5.460000,-9.590000,35.630001,1770370141.590061
-0.866200,-0.391620,1.135332,11.130000,-14.210000,38.849998,1770370141.598118
-0.874740,-0.342332,1.149728,14.000000,-14.280000,42.000000,1770370141.606031
-0.877668,-0.293288,1.131184,11.200000,-14.070000,42.209999,1770370141.614011
-0.867664,-0.259616,1.091900,14.000000,-15.680000,40.320000,1770370141.622003
-0.853756,-0.230580,1.060912,9.310000,-15.260000,38.500000,1770370141.630022
-0.822280,-0.191052,1.034072,7.000000,-15.120000,33.110001,1770370141.638065
-0.786412,-0.141764,1.000400,2.240000,-16.030001,28.490000,1770370141.646040
-0.739076,-0.099552,0.964288,-3.080000,-17.920000,22.820000,1770370141.654026
-0.678808,-0.069052,0.917196,-5.460000,-23.030001,18.410000,1770370141.662049
-0.631960,-0.040748,0.892552,-6.370000,-28.770000,13.370000,1770370141.670025
-0.583160,-0.001464,0.894260,-5.110000,-34.369999,8.400000,1770370141.678127
-0.548512,0.046360,0.906948,-6.930000,-39.549999,3.010000,1770370141.686020
-0.512644,0.085156,0.908412,-7.350000,-42.700001,-0.210000,1770370141.694147
-0.480192,0.110288,0.877180,-10.780000,-44.799999,-5.390000,1770370141.702051
-0.450912,0.117120,0.807884,-13.510000,-45.360001,-7.210000,1770370141.710019
-0.425780,0.114680,0.708332,-9.590000,-47.250000,-10.570000,1770370141.718077
-0.398452,0.111752,0.603168,-3.570000,-51.590000,-11.130000,1770370141.725996
-0.367220,0.128832,0.511180,3.150000,-55.580002,-15.610000,1770370141.734023
-0.347456,0.147376,0.440420,13.090000,-57.540001,-17.639999,1770370141.742028
-0.328180,0.161772,0.408212,17.990000,-58.660000,-22.680000,1770370141.750017
-0.320372,0.180804,0.428220,23.450001,-56.349998,-27.090000,1770370141.758065
-0.324276,0.200812,0.490440,23.660000,-50.189999,-34.720001,1770370141.766012
-0.319396,0.232532,0.558516,21.350000,-43.330002,-39.759998,1770370141.774034
-0.304756,0.249612,0.634156,16.799999,-38.360001,-41.650002,1770370141.782066
-0.281332,0.263520,0.705892,8.890000,-36.610001,-42.349998,1770370141.790070
-0.254980,0.278892,0.790316,-0.140000,-38.360001,-42.209999,1770370141.798074
-0.233020,0.291092,0.893528,-11.410000,-41.439999,-42.910000,1770370141.806065
-0.205204,0.279136,0.997716,-22.120001,-43.400002,-38.849998,1770370141.814027
-0.188856,0.221796,1.082140,-31.430000,-45.009998,-35.490002,1770370141.821999
-0.140056,0.108336,1.170712,-35.139999,-47.250000,-30.660000,1770370141.830025
-0.087840,-0.000732,1.244644,-29.469999,-47.810001,-23.309999,1770370141.838067
-0.048800,-0.107604,1.294176,-21.980000,-51.310001,-19.879999,1770370141.846048
-0.016348,-0.203740,1.323212,-10.570000,-50.680000,-17.850000,1770370141.854025
0.004636,-0.281088,1.366888,6.020000,-47.250000,-20.020000,1770370141.862023
0.018788,-0.313052,1.407392,21.420000,-37.590000,-18.200001,1770370141.870004
0.007076,-0.350628,1.431792,31.780001,-21.840000,-18.830000,1770370141.878078
-0.007808,-0.367220,1.391288,38.080002,-8.260000,-17.150000,1770370141.886137
-0.028304,-0.387960,1.349076,40.180000,-0.490000,-16.870001,1770370141.894118
-0.041724,-0.390156,1.311744,42.770000,3.290000,-16.379999,1770370141.902024
-0.042212,-0.396012,1.299056,39.970001,2.380000,-15.120000,1770370141.910054
-0.038552,-0.377712,1.307840,31.780001,-3.080000,-13.020000,1770370141.918067
-0.027572,-0.355508,1.316136,22.120001,-9.170000,-15.960000,1770370141.925995
-0.015128,-0.333548,1.309060,9.380000,-12.600000,-10.430000,1770370141.934041
-0.006588,-0.307928,1.281732,1.750000,-16.799999,-12.810000,1770370141.942019
0.002684,-0.279136,1.247816,-6.580000,-17.080000,-12.390000,1770370141.950005
0.005612,-0.220088,1.196332,-8.470000,-18.480000,-10.220000,1770370141.958081
0.008296,-0.158112,1.144360,-11.760000,-17.920000,-10.430000,1770370141.966097
0.005368,-0.092476,1.079212,-13.090000,-17.010000,-12.600000,1770370141.974053
0.001708,-0.014640,1.021628,-11.550000,-14.000000,-11.270000,1770370141.982024
-0.003660,0.063440,0.976488,-13.930000,-11.480000,-7.630000,1770370141.990034
-0.006100,0.125904,0.942816,-13.160000,-7.420000,-5.950000,1770370141.998083
-0.008296,0.176656,0.913048,-13.230000,-2.030000,3.500000,1770370142.006022
-0.007564,0.207400,0.896212,-19.040001,1.470000,8.050000,1770370142.014167
-0.005612,0.229604,0.862784,-21.350000,6.510000,16.170000,1770370142.021993
-0.008784,0.248392,0.800320,-24.850000,10.360000,25.340000,1770370142.030024
-0.009028,0.275232,0.725656,-21.209999,12.250000,30.520000,1770370142.038065
-0.008052,0.306952,0.656604,-20.440001,14.280000,34.299999,1770370142.046018
-0.002928,0.299876,0.619760,-15.330000,17.360001,39.830002,1770370142.054070
-0.007564,0.254248,0.598044,-12.600000,20.790001,39.970001,1770370142.062328
0.003660,0.193980,0.599264,-4.690000,27.370001,43.259998,1770370142.070367
0.008296,0.148108,0.604632,3.850000,35.840000,43.889999,1770370142.078098
-0.007808,0.118828,0.623176,12.320000,45.919998,42.000000,1770370142.086024
-0.041724,0.122244,0.665388,17.360001,56.980000,42.349998,1770370142.094187
-0.083692,0.145424,0.701744,17.080000,66.220001,39.759998,1770370142.102016
-0.122000,0.162992,0.731756,12.320000,72.870003,38.779999,1770370142.110042
-0.165188,0.156892,0.766160,8.120000,78.889999,30.660000,1770370142.118105
-0.216916,0.123220,0.842776,1.190000,82.110001,24.360001,1770370142.126146
-0.285724,0.043188,0.983564,-5.250000,86.099998,20.370001,1770370142.134045
-0.383080,-0.017568,1.092388,-8.470000,92.680000,18.410000,1770370142.142015
-0.496784,-0.068076,1.120204,-9.870000,97.650002,16.730000,1770370142.150017
-0.606096,-0.114680,1.087996,-7.980000,99.050003,18.410000,1770370142.158064
-0.691740,-0.164212,1.043100,-4.900000,97.300003,16.870001,1770370142.166038
-0.756400,-0.196176,0.997960,-3.920000,88.760002,16.309999,1770370142.174182
-0.784704,-0.203740,0.977708,-3.220000,75.180000,15.260000,1770370142.182014
-0.792268,-0.234972,1.001376,-3.640000,60.340000,16.030001,1770370142.189997
-0.783728,-0.284992,1.053104,-3.220000,43.820000,22.260000,1770370142.198108
-0.770552,-0.351360,1.099952,3.290000,31.290001,28.559999,1770370142.206079
-0.773236,-0.381860,1.142164,11.900000,22.120001,33.040001,1770370142.214013
-0.793000,-0.375028,1.169004,22.680000,16.030001,40.459999,1770370142.221996
-0.820084,-0.336720,1.192184,25.200001,9.730000,44.240002,1770370142.230018
-0.839604,-0.284992,1.192672,24.430000,7.350000,47.389999,1770370142.238059
-0.859124,-0.234484,1.168272,17.990000,5.600000,44.029999,1770370142.246010
-0.862784,-0.198616,1.140212,8.120000,6.160000,42.980000,1770370142.254126
-0.856684,-0.164700,1.107516,1.540000,5.810000,39.270000,1770370142.262033
-0.850096,-0.147864,1.079212,-5.180000,5.880000,36.470001,1770370142.270013
-0.831552,-0.120048,1.044564,-7.980000,6.020000,31.920000,1770370142.278070
-0.803736,-0.074664,1.006988,-12.180000,5.810000,26.879999,1770370142.286010
-0.761280,-0.045140,0.957212,-13.020000,1.190000,23.170000,1770370142.294302
-0.720044,-0.010980,0.903288,-15.120000,-3.850000,17.780001,1770370142.302046
-0.687348,0.020740,0.871812,-12.110000,-9.030000,13.720000,1770370142.310019
-0.656116,0.059780,0.862052,-10.640000,-14.280000,8.400000,1770370142.318075
-0.634156,0.101016,0.865956,-9.660000,-18.549999,1.750000,1770370142.325996
-0.612196,0.133712,0.855464,-9.310000,-21.700001,-1.820000,1770370142.334017
-0.597068,0.154696,0.818864,-10.430000,-24.360001,-5.250000,1770370142.342008
-0.580232,0.159088,0.756644,-9.310000,-27.020000,-12.250000,1770370142.350006
-0.555832,0.165432,0.675880,-5.110000,-29.260000,-14.700000,1770370142.358078
-0.533872,0.169092,0.600728,-0.210000,-33.669998,-17.430000,1770370142.366080
-0.511912,0.175436,0.518744,3.990000,-40.250000,-21.629999,1770370142.373995
-0.493124,0.177388,0.446032,8.750000,-45.990002,-25.480000,1770370142.382026
-0.467992,0.190808,0.417972,13.860000,-52.709999,-29.680000,1770370142.390022
-0.456280,0.210816,0.466040,18.129999,-59.220001,-33.669998,1770370142.398070
-0.442128,0.243268,0.540948,15.890000,-63.980000,-40.320000,1770370142.406025
-0.425048,0.263032,0.599020,10.990000,-66.779999,-42.910000,1770370142.414053
-0.389180,0.276208,0.628544,7.980000,-71.750000,-46.689999,1770370142.422024
-0.350384,0.284992,0.669536,3.220000,-76.860001,-46.130001,1770370142.430036
-0.307928,0.302316,0.743224,-0.630000,-81.269997,-46.759998,1770370142.438090
-0.267912,0.321348,0.820816,-8.190000,-83.440002,-47.180000,1770370142.446010
-0.225456,0.319152,0.921344,-18.200001,-82.529999,-46.410000,1770370142.454060
-0.173484,0.284992,1.023092,-27.650000,-81.550003,-45.500000,1770370142.462183
-0.105164,0.187392,1.119472,-33.459999,-78.750000,-43.259998,1770370142.470020
-0.030256,0.078080,1.189500,-29.820000,-74.760002,-35.910000,1770370142.478071
0.026352,-0.026108,1.238544,-25.200001,-74.970001,-32.200001,1770370142.486036
0.070760,-0.120536,1.274656,-17.430000,-71.540001,-28.559999,1770370142.494097
0.103212,-0.200812,1.310036,-3.080000,-66.220001,-30.660000,1770370142.502019
0.118096,-0.248880,1.342976,9.030000,-52.220001,-30.100000,1770370142.510029
0.123708,-0.283040,1.348344,21.770000,-34.230000,-26.389999,1770370142.518069
0.120780,-0.294264,1.321992,29.680000,-15.050000,-27.160000,1770370142.526000
0.115900,-0.302560,1.292956,33.110001,0.700000,-25.059999,1770370142.534008
0.111996,-0.308416,1.274656,36.889999,7.910000,-25.480000,1770370142.542025
0.100772,-0.310124,1.267824,35.139999,12.810000,-23.100000,1770370142.550183
0.092476,-0.313052,1.268068,34.299999,10.850000,-23.799999,1770370142.558061
0.079056,-0.308660,1.283196,27.510000,8.680000,-21.770000,1770370142.566018
0.061976,-0.297436,1.313452,21.559999,8.050000,-17.920000,1770370142.574025
0.034160,-0.282064,1.315648,14.910000,6.370000,-16.170000,1770370142.582115
0.003172,-0.259616,1.297592,6.650000,8.260000,-14.280000,1770370142.590023
-0.031720,-0.217892,1.240008,2.660000,5.180000,-12.390000,1770370142.598114
-0.067832,-0.172996,1.162660,-2.450000,5.600000,-11.200000,1770370142.606147
-0.095160,-0.107604,1.091168,-5.670000,4.410000,-10.640000,1770370142.614025
-0.114924,-0.034404,1.027728,-7.840000,1.260000,-9.100000,1770370142.622007
-0.129320,0.029524,0.980880,-9.450000,1.260000,-4.130000,1770370142.630033
-0.144204,0.075640,0.929396,-6.650000,2.310000,0.350000,1770370142.638069
-0.151768,0.123952,0.895724,-8.540000,5.390000,8.610000,1770370142.646065
-0.156160,0.181536,0.892064,-8.680000,7.840000,13.510000,1770370142.654028
-0.154696,0.239120,0.897432,-10.220000,9.380000,16.379999,1770370142.662081
-0.151036,0.297192,0.865224,-14.140000,10.500000,22.820000,1770370142.670103
-0.147132,0.344284,0.799100,-15.750000,10.570000,23.170000,1770370142.678107
-0.136152,0.362584,0.738588,-16.660000,9.030000,26.040001,1770370142.686032
-0.122488,0.337940,0.687836,-16.240000,7.280000,30.450001,1770370142.694174
-0.108580,0.276696,0.643672,-12.950000,6.510000,32.830002,1770370142.702028
-0.091988,0.204716,0.604876,-6.790000,7.140000,34.160000,1770370142.710156
-0.077104,0.144204,0.582672,2.030000,10.010000,36.610001,1770370142.718073
-0.071004,0.110288,0.582184,10.570000,13.510000,36.820000,1770370142.726002
-0.072468,0.104432,0.608780,16.799999,18.969999,36.750000,1770370142.734023
-0.080520,0.120780,0.644892,20.090000,25.900000,36.750000,1770370142.742037
-0.095160,0.154452,0.712724,15.330000,33.950001,33.459999,1770370142.750022
-0.113216,0.165188,0.795440,13.790000,40.950001,26.040001,1770370142.758091
-0.142740,0.118828,0.922808,6.860000,51.240002,23.030001,1770370142.766018
-0.191540,0.042944,1.059204,4.410000,63.630001,19.530001,1770370142.774051
-0.276452,0.005612,1.138016,2.170000,74.550003,22.260000,1770370142.782036
-0.399184,0.005124,1.146312,-0.070000,80.080002,23.379999,1770370142.790024
-0.500200,-0.021716,1.112640,-2.240000,81.410004,20.090000,1770370142.798100
-0.569496,-0.064416,1.043100,-4.550000,78.470001,20.299999,1770370142.806047
-0.605120,-0.108824,0.991616,-4.130000,70.980003,16.309999,1770370142.814015
-0.613172,-0.155184,0.989908,-5.040000,59.430000,18.200001,1770370142.822122
-0.602924,-0.220332,1.037732,-4.690000,49.139999,21.070000,1770370142.830034
-0.588040,-0.288896,1.101904,3.640000,35.700001,28.070000,1770370142.838067
-0.586576,-0.341600,1.167052,11.690000,27.580000,34.160000,1770370142.846017
-0.597556,-0.358436,1.212924,18.969999,22.260000,39.410000,1770370142.854049
-0.621956,-0.342576,1.254160,25.690001,17.709999,45.080002,1770370142.862025
-0.644160,-0.317444,1.274900,23.450001,16.520000,46.830002,1770370142.870004
-0.665388,-0.292312,1.274168,20.790001,19.180000,49.560001,1770370142.878070
-0.689056,-0.267424,1.250988,14.560000,21.700001,45.849998,1770370142.886023
-0.701256,-0.225456,1.209264,9.800000,27.020000,42.419998,1770370142.894205
-0.703940,-0.192516,1.155340,5.460000,32.060001,35.840000,1770370142.902023
-0.691496,-0.138592,1.105076,0.350000,36.119999,29.610001,1770370142.910016
-0.671732,-0.072956,1.056276,-2.100000,36.959999,24.850000,1770370142.918082
-0.649528,-0.025132,1.006744,-6.790000,35.560001,16.660000,1770370142.926019
-0.622932,0.014884,0.955504,-5.810000,31.500000,13.720000,1770370142.934034
-0.600972,0.054656,0.920124,-7.770000,27.510000,6.090000,1770370142.942008
-0.581696,0.096624,0.905484,-6.790000,18.620001,6.230000,1770370142.950077
-0.572912,0.131760,0.902556,-5.530000,12.250000,0.700000,1770370142.958097
-0.564372,0.172264,0.890600,-7.420000,8.120000,-3.710000,1770370142.966014
-0.564860,0.207156,0.861808,-7.140000,5.390000,-7.980000,1770370142.974054
-0.561200,0.228384,0.813252,-7.980000,4.410000,-15.190000,1770370142.982029
-0.547780,0.233508,0.746640,-8.120000,2.380000,-18.969999,1770370142.990023
-0.538752,0.231312,0.653188,-6.440000,-0.140000,-23.379999,1770370142.998060
-0.527528,0.230580,0.571936,-3.920000,-4.130000,-27.719999,1770370143.006023
-0.521672,0.236192,0.486536,1.330000,-10.220000,-27.860001,1770370143.014020
-0.506300,0.227652,0.404308,7.980000,-19.670000,-30.100000,1770370143.022112
-0.510204,0.229360,0.376736,12.880000,-27.370001,-31.990000,1770370143.030029
-0.519232,0.257664,0.422852,16.520000,-33.389999,-35.630001,1770370143.038104
-0.523868,0.302804,0.511668,16.870001,-39.549999,-39.200001,1770370143.046001
-0.508984,0.342088,0.597068,10.780000,-45.779999,-42.419998,1770370143.054024
-0.472872,0.363804,0.660996,5.740000,-54.110001,-46.130001,1770370143.062183
-0.424804,0.379420,0.736148,-3.360000,-63.349998,-42.700001,1770370143.070388
-0.376736,0.380640,0.827404,-7.770000,-72.730003,-42.700001,1770370143.078228
-0.322568,0.368196,0.922320,-15.330000,-80.080002,-42.770000,1770370143.086037
-0.267424,0.335500,1.006988,-24.010000,-83.510002,-37.730000,1770370143.094143
-0.231068,0.262056,1.072624,-29.190001,-85.330002,-36.959999,1770370143.102028
-0.142740,0.149084,1.143384,-31.290001,-83.790001,-31.709999,1770370143.110017
-0.067832,0.034648,1.200724,-24.780001,-81.550003,-28.070000,1770370143.118075
-0.010248,-0.071492,1.250988,-15.260000,-78.120003,-27.090000,1770370143.126003
0.036600,-0.157136,1.301008,-2.030000,-68.879997,-28.209999,1770370143.134039
0.056608,-0.219112,1.353224,10.920000,-57.119999,-27.790001,1770370143.142020
0.055144,-0.275964,1.378356,22.540001,-37.939999,-28.000000,1770370143.150017
0.055876,-0.322324,1.372012,31.010000,-22.820000,-27.299999,1770370143.158059
0.058804,-0.356240,1.347124,35.980000,-10.710000,-25.969999,1770370143.166128
0.074176,-0.372100,1.336632,38.570000,-5.040000,-26.740000,1770370143.174015
0.080276,-0.353556,1.335168,39.689999,-5.250000,-27.370001,1770370143.182013
0.087108,-0.312076,1.338828,34.299999,-5.810000,-24.850000,1770370143.190012
0.092964,-0.266692,1.342976,24.850000,-6.020000,-23.940001,1770370143.198084
0.088084,-0.230580,1.329556,12.880000,-4.480000,-19.180000,1770370143.206037
0.073688,-0.207156,1.287832,2.240000,-0.980000,-17.990000,1770370143.214016
0.059048,-0.176168,1.242204,-5.810000,3.570000,-12.530000,1770370143.221997
0.026840,-0.149084,1.193160,-10.920000,8.820000,-10.990000,1770370143.230002
-0.007076,-0.114436,1.131916,-12.810000,11.410000,-9.800000,1770370143.238084
-0.051240,-0.065880,1.059936,-15.120000,15.610000,-5.390000,1770370143.246009
-0.093452,-0.017080,0.997960,-13.300000,17.920000,-5.390000,1770370143.254078
-0.131272,0.040016,0.949892,-11.690000,20.230000,-1.680000,1770370143.262101
-0.158112,0.097600,0.916220,-12.460000,22.610001,2.800000,1770370143.270038
-0.179340,0.160064,0.887428,-9.100000,23.379999,6.300000,1770370143.278066
-0.188368,0.226188,0.865224,-11.900000,23.100000,11.900000,1770370143.286015
-0.192272,0.279624,0.848876,-14.630000,21.490000,15.820000,1770370143.294046
-0.184220,0.322812,0.815204,-17.219999,18.129999,21.000000,1770370143.302150
-0.182268,0.342820,0.763232,-21.000000,15.050000,24.500000,1770370143.310011
-0.175924,0.327448,0.711260,-22.190001,12.250000,31.430000,1770370143.318060
-0.162016,0.278892,0.666608,-19.320000,10.920000,31.430000,1770370143.325992
-0.154696,0.225700,0.634400,-16.030001,10.360000,34.369999,1770370143.334017
-0.140788,0.181048,0.607560,-6.790000,13.930000,36.049999,1770370143.342027
-0.129320,0.144692,0.589992,2.240000,17.150000,37.520000,1770370143.350117
-0.123708,0.131516,0.597800,7.770000,22.469999,39.900002,1770370143.358051
-0.134200,0.150304,0.634644,11.130000,28.490000,40.880001,1770370143.366010
-0.153232,0.176656,0.675392,10.710000,35.349998,40.950001,1770370143.373996
-0.181048,0.187148,0.701744,8.750000,40.669998,37.590000,1770370143.382021
-0.202520,0.167872,0.723216,3.430000,44.240002,34.369999,1770370143.390014
-0.243756,0.118096,0.807884,2.660000,49.770000,28.629999,1770370143.398317
-0.293532,0.060268,0.946720,-3.430000,56.349998,24.709999,1770370143.406017
-0.385520,0.027084,1.075796,-3.780000,65.029999,28.280001,1770370143.414017
-0.496540,0.014152,1.145824,-7.560000,68.879997,24.920000,1770370143.422007
-0.600972,-0.024156,1.158756,-14.560000,69.230003,24.290001,1770370143.430021
-0.670024,-0.090036,1.115568,-18.129999,66.989998,18.410000,1770370143.438082
-0.706624,-0.156648,1.052616,-18.200001,61.669998,16.660000,1770370143.446030
-0.724192,-0.217160,1.026996,-17.430000,51.029999,14.840000,1770370143.454001
-0.714188,-0.273768,1.057984,-13.860000,39.830002,15.680000,1770370143.462020
-0.700768,-0.325984,1.108492,-10.570000,29.680000,21.209999,1770370143.470018
-0.687348,-0.364048,1.140944,-0.910000,21.350000,27.580000,1770370143.478068
-0.690764,-0.386496,1.158024,4.760000,16.590000,36.189999,1770370143.486023
-0.707844,-0.376492,1.176812,7.350000,13.370000,39.970001,1770370143.494025
-0.731512,-0.352824,1.191452,8.750000,12.460000,44.520000,1770370143.502037
-0.756644,-0.324276,1.188280,4.340000,12.950000,48.509998,1770370143.510120
-0.773968,-0.299876,1.179496,1.190000,14.700000,47.389999,1770370143.518101
-0.793244,-0.281088,1.140456,-4.130000,17.500000,48.439999,1770370143.526000
-0.794220,-0.247904,1.089948,-5.250000,19.600000,42.490002,1770370143.534024
-0.786412,-0.211792,1.053104,-7.560000,21.490000,40.669998,1770370143.542038
-0.767136,-0.158600,1.012600,-10.290000,21.490000,34.930000,1770370143.550015
-0.737612,-0.092232,0.969900,-9.590000,21.280001,30.799999,1770370143.558074
-0.705404,-0.029280,0.944768,-9.310000,17.500000,27.299999,1770370143.566011
-0.665144,0.052216,0.911340,-11.760000,13.720000,18.410000,1770370143.574016
-0.635376,0.113216,0.895236,-13.230000,5.670000,17.430000,1770370143.582083
-0.613660,0.156160,0.866932,-16.520000,1.750000,10.430000,1770370143.590023
-0.592432,0.198128,0.846436,-18.340000,-3.080000,9.100000,1770370143.598089
-0.570716,0.232288,0.825940,-21.770000,-7.420000,4.270000,1770370143.606131
-0.559004,0.255468,0.793000,-24.920000,-9.800000,0.910000,1770370143.614012
-0.547536,0.264740,0.747128,-25.480000,-13.930000,-2.870000,1770370143.622000
-0.525088,0.258884,0.683444,-21.559999,-17.010000,-6.160000,1770370143.630019
-0.508740,0.250832,0.574620,-15.820000,-20.230000,-8.890000,1770370143.638064
-0.487268,0.255712,0.477264,-3.990000,-25.900000,-12.040000,1770370143.646011
-0.474092,0.255468,0.396012,4.760000,-31.010000,-13.930000,1770370143.654035
-0.466772,0.257176,0.331108,14.980000,-37.730000,-19.320000,1770370143.662017
-0.463844,0.274500,0.326716,19.320000,-43.259998,-23.030001,1770370143.670021
-0.462868,0.311588,0.383812,23.240000,-45.779999,-26.530001,1770370143.678070
-0.464332,0.340136,0.476288,20.440001,-48.230000,-35.139999,1770370143.686055
-0.432368,0.362340,0.569740,17.430000,-50.540001,-37.869999,1770370143.694137
-0.393816,0.358924,0.661728,14.140000,-55.860001,-41.439999,1770370143.702031
-0.356240,0.358924,0.750300,9.100000,-62.790001,-42.980000,1770370143.710089
-0.328424,0.354044,0.851560,3.010000,-70.349998,-46.410000,1770370143.718133
-0.286456,0.308904,0.959652,-6.020000,-74.129997,-46.689999,1770370143.726001
-0.244244,0.239364,1.057252,-13.370000,-72.660004,-39.340000,1770370143.734021
-0.199348,0.132736,1.140944,-14.770000,-68.879997,-37.310001,1770370143.742079
-0.141032,0.001952,1.205116,-15.470000,-68.320000,-31.360001,1770370143.750078
-0.071980,-0.101504,1.253184,-9.100000,-70.070000,-30.520000,1770370143.758073
-0.024156,-0.184708,1.304912,0.210000,-69.019997,-30.100000,1770370143.766013
0.002928,-0.236436,1.343220,11.340000,-62.930000,-29.190001,1770370143.774052
0.018544,-0.271816,1.382504,24.080000,-49.419998,-27.370001,1770370143.782022
0.022936,-0.307196,1.395680,30.100000,-33.110001,-24.780001,1770370143.790020
0.031476,-0.325008,1.373232,33.740002,-21.280001,-26.950001,1770370143.798099
0.051484,-0.354044,1.352004,35.070000,-11.830000,-29.400000,1770370143.806101
0.074176,-0.367708,1.338340,34.580002,-5.250000,-29.540001,1770370143.814016
0.092476,-0.354044,1.335168,30.870001,-0.420000,-32.200001,1770370143.822012
0.100040,-0.322812,1.326628,22.330000,3.710000,-26.250000,1770370143.830020
0.101748,-0.297436,1.308328,12.740000,8.610000,-24.290001,1770370143.838061
0.092232,-0.283528,1.286612,1.820000,15.050000,-19.879999,1770370143.846012
0.069540,-0.239852,1.262944,-4.760000,20.510000,-13.580000,1770370143.854123
0.030012,-0.198128,1.235128,-12.530000,27.090000,-10.990000,1770370143.862025
-0.021716,-0.131516,1.199260,-15.680000,33.599998,-2.450000,1770370143.869994
-0.088572,-0.071004,1.149240,-17.430000,38.360001,-1.050000,1770370143.878074
-0.156404,-0.013176,1.088484,-20.299999,40.880001,2.590000,1770370143.886060
-0.221552,0.043432,1.026752,-18.129999,43.680000,5.600000,1770370143.894151
-0.271328,0.091744,0.964776,-17.010000,44.240002,10.010000,1770370143.902031
-0.323788,0.137616,0.904752,-16.100000,42.560001,13.790000,1770370143.910061
-0.353556,0.173972,0.854976,-14.140000,38.430000,17.500000,1770370143.918228
-0.374784,0.200080,0.823500,-14.980000,32.619999,21.420000,1770370143.925996
-0.379176,0.240584,0.809836,-16.660000,26.040001,22.120001,1770370143.934037
-0.367464,0.275720,0.794220,-19.530001,18.830000,24.010000,1770370143.942021
-0.340868,0.315004,0.758352,-23.660000,10.780000,28.559999,1770370143.950064
-0.312076,0.314760,0.706868,-25.340000,3.150000,30.520000,1770370143.958090
-0.277184,0.269620,0.659288,-25.480000,-2.800000,33.459999,1770370143.966002
-0.248880,0.212768,0.627324,-22.680000,-6.020000,31.639999,1770370143.974018
-0.215452,0.167384,0.603412,-15.470000,-7.070000,32.900002,1770370143.982013
-0.182268,0.139324,0.579012,-10.290000,-5.600000,31.010000,1770370143.990054
-0.152988,0.120780,0.568032,0.140000,-2.730000,33.040001,1770370143.998142
-0.135908,0.132492,0.584868,5.880000,2.100000,29.959999,1770370144.006019
-0.128100,0.156892,0.631472,5.670000,10.360000,27.160000,1770370144.014046
-0.130784,0.175192,0.677344,8.470000,16.170000,22.469999,1770370144.022022
-0.141276,0.153720,0.729804,5.670000,24.570000,22.469999,1770370144.030006
-0.178120,0.093696,0.815448,8.330000,32.619999,17.290001,1770370144.038086
-0.241316,0.047824,0.918416,11.900000,43.259998,16.660000,1770370144.046022
-0.328668,0.053924,1.015040,14.210000,53.340000,17.500000,1770370144.054060
-0.445056,0.070272,1.097512,12.670000,61.040001,14.980000,1770370144.062119
-0.549732,0.075640,1.126548,6.300000,67.199997,13.370000,1770370144.070306
-0.629032,0.037332,1.116788,0.000000,72.029999,8.750000,1770370144.078082
-0.685884,-0.009028,1.096536,-4.340000,67.339996,7.630000,1770370144.086057
-0.721264,-0.052460,1.095072,-7.000000,57.820000,1.120000,1770370144.094027
-0.727120,-0.115412,1.121668,-8.120000,44.660000,6.650000,1770370144.102050
-0.718580,-0.190808,1.155096,-6.230000,32.270000,11.270000,1770370144.110015
-0.712968,-0.260104,1.171200,2.730000,23.730000,21.209999,1770370144.118093
-0.717360,-0.302560,1.174860,6.580000,18.129999,31.219999,1770370144.125997
-0.732244,-0.314516,1.167784,8.120000,14.140000,35.560001,1770370144.134104
-0.752496,-0.321836,1.151192,8.400000,12.740000,42.209999,1770370144.142051
-0.774212,-0.334524,1.148508,4.130000,12.390000,42.770000,1770370144.150041
-0.788120,-0.336720,1.130452,0.420000,14.420000,41.790001,1770370144.158063
-0.794464,-0.316712,1.103856,-2.240000,15.610000,39.200001,1770370144.166077
-0.793732,-0.279136,1.067012,-5.110000,16.940001,37.590000,1770370144.174029
-0.792024,-0.235460,1.018944,-2.870000,18.059999,30.730000,1770370144.182015
-0.774212,-0.163968,0.986736,-4.690000,17.150000,24.570000,1770370144.190010
-0.747860,-0.077592,0.953796,-0.770000,13.930000,19.320000,1770370144.198069
-0.711016,0.007076,0.925004,-2.030000,7.000000,16.170000,1770370144.206025
-0.664412,0.084912,0.914024,-0.910000,-0.700000,6.650000,1770370144.214015
-0.619272,0.148840,0.923540,0.210000,-10.640000,2.380000,1770370144.222009
-0.575108,0.201544,0.929152,-0.140000,-17.709999,-1.470000,1770370144.230017
-0.532164,0.235948,0.913292,-4.200000,-26.950001,-4.480000,1770370144.238059
-0.500444,0.254004,0.876692,-10.850000,-33.389999,-6.090000,1770370144.246131
-0.465308,0.257420,0.828136,-16.940001,-33.810001,-12.250000,1770370144.254007
-0.426268,0.247660,0.780312,-16.660000,-33.669998,-17.080000,1770370144.262018
-0.392596,0.245952,0.731756,-19.250000,-29.469999,-19.320000,1770370144.269990
-0.359656,0.263764,0.665144,-13.020000,-25.340000,-23.379999,1770370144.278080
-0.341112,0.284504,0.583648,-6.860000,-20.160000,-26.180000,1770370144.286009
-0.336964,0.296460,0.509472,2.870000,-17.360001,-28.490000,1770370144.294064
-0.339160,0.310368,0.443836,10.640000,-17.920000,-31.219999,1770370144.302035
-0.349408,0.289384,0.380396,17.219999,-20.160000,-31.010000,1770370144.310014
-0.358436,0.273524,0.362584,26.320000,-24.150000,-36.750000,1770370144.318062
-0.360632,0.273768,0.413580,30.100000,-26.809999,-37.590000,1770370144.325992
-0.347212,0.292800,0.511180,28.910000,-29.469999,-41.930000,1770370144.334038
-0.323056,0.321836,0.595116,24.360001,-34.580002,-40.320000,1770370144.342011
-0.289872,0.331596,0.671732,18.200001,-40.250000,-41.439999,1770370144.350013
-0.255468,0.315004,0.751520,8.680000,-45.990002,-38.500000,1770370144.358073
-0.225212,0.260836,0.858636,-0.770000,-45.779999,-34.020000,1770370144.366005
-0.216184,0.148840,0.992348,-12.040000,-38.919998,-30.450001,1770370144.374009
-0.184708,0.025376,1.118008,-17.290001,-29.260000,-29.120001,1770370144.382139
-0.171776,-0.102480,1.214632,-17.150000,-22.469999,-31.219999,1770370144.390013
-0.146156,-0.193248,1.287832,-9.800000,-18.900000,-31.920000,1770370144.398073
-0.119072,-0.233996,1.328580,-1.400000,-19.950001,-32.480000,1770370144.406033
-0.114924,-0.248392,1.358592,4.760000,-18.059999,-31.219999,1770370144.414064
-0.110532,-0.272548,1.395924,14.420000,-14.700000,-31.010000,1770370144.422024
-0.115900,-0.307196,1.414468,18.549999,-10.010000,-30.730000,1770370144.430006
-0.114436,-0.328912,1.405684,19.950001,-8.610000,-33.389999,1770370144.438324
-0.107604,-0.324276,1.405196,19.879999,-5.390000,-34.790001,1770370144.446018
-0.088816,-0.306220,1.396900,15.750000,-2.870000,-36.610001,1770370144.454032
-0.069296,-0.278892,1.375428,11.760000,-0.700000,-40.180000,1770370144.462055
-0.054168,-0.242292,1.359324,1.960000,2.380000,-34.439999,1770370144.470049
-0.048312,-0.202032,1.348100,-7.070000,8.960000,-33.599998,1770370144.478127
-0.055632,-0.161040,1.329068,-14.420000,13.160000,-29.680000,1770370144.486021
-0.083936,-0.125416,1.295884,-20.440001,18.410000,-25.620001,1770370144.494045
-0.122488,-0.081984,1.253184,-24.709999,22.260000,-20.090000,1770370144.502201
-0.164212,-0.040504,1.196820,-28.350000,25.410000,-15.960000,1770370144.510021
-0.213256,0.001464,1.114836,-30.309999,27.020000,-11.900000,1770370144.518094
-0.259860,0.029768,1.029680,-28.980000,25.340000,-7.000000,1770370144.526003
-0.301584,0.061976,0.959408,-27.580000,26.040001,-3.500000,1770370144.534011
-0.330620,0.096868,0.902068,-24.430000,23.940001,2.590000,1770370144.542019
-0.350872,0.132492,0.855952,-24.639999,20.370001,7.630000,1770370144.550040
-0.360632,0.169580,0.823744,-23.660000,15.400000,10.640000,1770370144.558099
-0.351604,0.223504,0.794952,-26.740000,8.050000,15.680000,1770370144.566012
-0.327204,0.263764,0.746396,-29.400000,0.280000,17.150000,1770370144.574001
-0.286456,0.275964,0.692472,-30.870001,-10.500000,19.110001,1770370144.582045
-0.237656,0.238144,0.647576,-33.250000,-19.180000,24.500000,1770370144.590049
-0.184708,0.178364,0.618784,-26.250000,-25.549999,26.879999,1770370144.598082
-0.125172,0.123708,0.598532,-19.110001,-26.389999,26.530001,1770370144.606034
-0.077104,0.095892,0.583160,-9.030000,-23.379999,30.520000,1770370144.614142
-0.036600,0.094916,0.566568,2.590000,-17.570000,31.080000,1770370144.621999
-0.020008,0.111020,0.563152,10.220000,-9.380000,32.900002,1770370144.630018
-0.017080,0.149328,0.600240,16.100000,3.570000,31.990000,1770370144.638066
-0.023180,0.183244,0.653432,16.520000,17.709999,29.400000,1770370144.646019
-0.050020,0.181048,0.711992,15.330000,31.219999,23.240000,1770370144.654030
-0.094184,0.120780,0.801784,15.190000,47.110001,19.950001,1770370144.662200
-0.166408,0.057340,0.908168,13.580000,66.150002,17.430000,1770370144.670021
-0.274744,0.038308,1.017236,17.850000,82.529999,16.170000,1770370144.678060
-0.420900,0.023424,1.101416,14.560000,95.199997,17.080000,1770370144.686019
-0.576572,0.002440,1.129720,10.360000,103.879997,12.810000,1770370144.694094
-0.733708,-0.042944,1.110688,8.680000,109.480003,10.570000,1770370144.702045
-0.884744,-0.084668,1.069208,4.900000,108.709999,3.360000,1770370144.710063
-1.000156,-0.105896,1.029436,2.520000,100.309998,1.540000,1770370144.718115
-1.065304,-0.127856,1.020896,-0.350000,83.650002,-4.620000,1770370144.725993
-1.110200,-0.171044,1.041636,-4.130000,63.209999,1.470000,1770370144.734025
-1.123132,-0.236436,1.059204,0.280000,44.590000,6.160000,1770370144.742040
-1.130696,-0.289384,1.064816,2.240000,24.990000,19.110001,1770370144.750027
-1.134600,-0.324032,1.068720,4.550000,7.070000,21.139999,1770370144.758068
-1.122888,-0.348676,1.067256,3.920000,-6.160000,29.330000,1770370144.766028
-1.103856,-0.359900,1.071648,0.420000,-15.120000,33.110001,1770370144.774015
-1.073356,-0.364292,1.065060,-0.490000,-20.020000,33.529999,1770370144.782019
-1.032608,-0.355508,1.033584,-3.990000,-22.610001,33.599998,1770370144.790046
-0.986492,-0.333792,0.988688,-5.670000,-21.350000,30.100000,1770370144.798094
-0.934032,-0.286700,0.940376,-6.440000,-19.809999,26.459999,1770370144.806032
-0.885232,-0.224968,0.889624,-7.910000,-17.709999,22.330000,1770370144.814034
-0.825208,-0.148352,0.843996,-7.210000,-20.510000,15.400000,1770370144.822020
-0.766892,-0.068320,0.814960,-8.330000,-23.379999,14.630000,1770370144.830022
-0.715896,0.003172,0.808616,-7.770000,-31.360001,8.400000,1770370144.838064
-0.666120,0.050508,0.795684,-6.230000,-37.450001,7.280000,1770370144.846019
-0.617076,0.103212,0.786900,-4.830000,-44.869999,3.010000,1770370144.854062
-0.570472,0.144204,0.780068,-4.690000,-54.669998,-0.980000,1770370144.862025
-0.532164,0.189832,0.775676,-2.590000,-59.990002,-4.690000,1770370144.870004
-0.485804,0.221552,0.768600,-1.330000,-64.680000,-9.660000,1770370144.878071
-0.446520,0.239120,0.733220,-0.630000,-68.110001,-15.470000,1770370144.886019
-0.401868,0.246440,0.650992,2.100000,-70.629997,-17.290001,1770370144.894043
-0.375272,0.236436,0.557784,6.860000,-72.660004,-18.340000,1770370144.902511
-0.354288,0.221064,0.490928,11.130000,-73.570000,-18.620001,1770370144.910048
-0.336720,0.193736,0.435052,19.809999,-76.230003,-22.049999,1770370144.918069
-0.323300,0.154696,0.395036,25.900000,-79.239998,-25.059999,1770370144.926015
-0.311832,0.123464,0.386252,33.529999,-80.639999,-28.770000,1770370144.934448
-0.295728,0.123952,0.440908,43.119999,-78.400002,-32.759998,1770370144.942021
-0.274256,0.166164,0.549000,46.060001,-72.519997,-37.869999,1770370144.950018
-0.243024,0.228872,0.687348,43.750000,-63.419998,-44.939999,1770370144.958062
-0.195444,0.307440,0.817156,35.209999,-53.340000,-49.070000,1770370144.966021
-0.158600,0.345260,0.930860,20.650000,-45.709999,-51.520000,1770370144.974129
-0.131028,0.328180,1.018212,3.780000,-37.450001,-56.700001,1770370144.981999
-0.117852,0.259860,1.076528,-10.500000,-30.240000,-50.470001,1770370144.990019
-0.101016,0.156404,1.108980,-18.620001,-24.500000,-48.509998,1770370144.998064
-0.086864,0.045140,1.148020,-19.110001,-23.450001,-42.349998,1770370145.006045
-0.086620,-0.071004,1.189012,-14.700000,-24.709999,-41.369999,1770370145.014089
-0.075640,-0.146888,1.213412,-5.390000,-27.230000,-38.990002,1770370145.022018
-0.080764,-0.185684,1.238544,2.800000,-26.459999,-41.230000,1770370145.030023
-0.096624,-0.211792,1.281000,14.770000,-21.280001,-38.500000,1770370145.038067
-0.115412,-0.244732,1.315892,21.770000,-14.840000,-39.060001,1770370145.046053
-0.124684,-0.253516,1.344440,28.629999,-8.610000,-41.160000,1770370145.054047
-0.119804,-0.246440,1.353956,32.200001,-4.900000,-41.020000,1770370145.062197
-0.110288,-0.236924,1.362252,32.130001,-4.690000,-40.740002,1770370145.070480
-0.095648,-0.210816,1.365668,29.889999,-6.860000,-41.230000,1770370145.078557
-0.074664,-0.171532,1.371036,24.780001,-9.030000,-40.880001,1770370145.086010
-0.057828,-0.131516,1.373476,18.969999,-10.640000,-39.200001,1770370145.094040
-0.042700,-0.090036,1.369572,13.580000,-11.480000,-37.169998,1770370145.102057
-0.033428,-0.041724,1.352980,5.110000,-9.030000,-30.240000,1770370145.110079
-0.025620,-0.002684,1.319308,0.140000,-7.140000,-30.100000,1770370145.118118
-0.031964,0.029524,1.270020,-5.880000,-2.730000,-25.480000,1770370145.126007
-0.038308,0.079056,1.196820,-11.550000,0.840000,-22.260000,1770370145.134021
-0.048556,0.110776,1.113616,-12.880000,4.060000,-17.639999,1770370145.142024
-0.061488,0.134932,1.032852,-13.650000,7.280000,-12.390000,1770370145.150100
-0.082960,0.156160,0.962824,-15.260000,11.410000,-6.160000,1770370145.158063
-0.099308,0.188124,0.912072,-15.890000,16.170000,-0.490000,1770370145.166021
-0.111020,0.237168,0.887672,-17.080000,20.719999,3.710000,1770370145.174030
-0.114924,0.284504,0.865956,-16.309999,24.010000,9.870000,1770370145.182025
-0.117364,0.314516,0.820084,-19.879999,27.370001,12.670000,1770370145.190120
-0.108336,0.323544,0.745908,-22.540001,23.100000,16.520000,1770370145.198107
-0.094916,0.325008,0.668072,-23.240000,18.340000,21.280001,1770370145.206043
-0.077592,0.302804,0.609756,-23.100000,15.610000,26.740000,1770370145.214030
-0.056852,0.246928,0.571692,-18.900000,13.230000,27.299999,1770370145.222016
-0.044652,0.172264,0.554368,-14.280000,16.030001,32.689999,1770370145.230017
-0.025620,0.121512,0.554612,-5.460000,22.820000,30.660000,1770370145.238059
-0.022448,0.075640,0.566812,3.990000,31.709999,32.130001,1770370145.246006
-0.028060,0.077592,0.598532,14.350000,42.349998,32.340000,1770370145.254082
-0.055144,0.096868,0.652212,21.980000,53.759998,32.200001,1770370145.262043
-0.098820,0.113948,0.720776,21.770000,62.790001,27.860001,1770370145.270011
-0.168116,0.110044,0.800808,18.340000,71.330002,22.330000,1770370145.278059
-0.245952,0.061488,0.904752,13.300000,79.870003,15.610000,1770370145.286007
-0.337452,0.002928,1.018700,7.630000,91.279999,10.220000,1770370145.294050
-0.457500,-0.039284,1.104588,3.290000,103.599998,10.570000,1770370145.302014
-0.587308,-0.051240,1.129476,-2.590000,109.199997,9.800000,1770370145.310019
-0.727120,-0.093940,1.109224,-5.810000,108.639999,8.680000,1770370145.318108
-0.858880,-0.149816,1.060180,-8.890000,101.639999,1.260000,1770370145.326004
-0.950136,-0.203496,1.009428,-7.000000,88.970001,-5.880000,1770370145.334077
-1.005524,-0.213988,0.983808,-5.740000,72.870003,-11.760000,1770370145.342019
-1.031632,-0.178852,0.977220,-4.480000,51.169998,-12.670000,1770370145.350010
-1.022848,-0.143960,0.996008,-7.350000,30.799999,-8.400000,1770370145.358059
-1.005768,-0.160552,1.015040,-7.910000,13.370000,-2.240000,1770370145.366003
-0.970388,-0.175924,1.021384,-6.370000,0.070000,7.490000,1770370145.374001
-0.943060,-0.197640,1.023336,-5.250000,-6.020000,13.440000,1770370145.382027
-0.942328,-0.206912,1.013332,-7.210000,-7.700000,23.590000,1770370145.390026
-0.957456,-0.218136,0.996984,-9.730000,-5.670000,26.110001,1770370145.398064
-0.976976,-0.231800,0.976000,-9.030000,-3.710000,27.580000,1770370145.406225
-0.986248,-0.242536,0.954772,-7.980000,-2.030000,26.459999,1770370145.414028
-0.976000,-0.235460,0.922564,-2.800000,-2.520000,24.850000,1770370145.422026
-0.955016,-0.207888,0.876448,0.140000,-4.970000,24.010000,1770370145.430074
-0.923784,-0.157380,0.838384,3.780000,-10.010000,17.360001,1770370145.438057
-0.882060,-0.086132,0.814472,5.110000,-17.780001,14.560000,1770370145.446099
-0.827160,0.002928,0.801540,7.770000,-25.900000,7.280000,1770370145.454023
-0.769332,0.081740,0.797636,5.110000,-35.840000,3.290000,1770370145.462023
-0.715652,0.149084,0.814960,2.870000,-45.500000,-3.150000,1770370145.470033
-0.657824,0.196664,0.829112,2.450000,-56.770000,-8.960000,1770370145.478285
-0.594140,0.225700,0.824964,0.910000,-66.639999,-15.050000,1770370145.486019
-0.534360,0.222284,0.789828,0.910000,-76.720001,-21.559999,1770370145.494008
-0.467016,0.213256,0.738344,4.760000,-88.830002,-23.590000,1770370145.502025
-0.396012,0.197640,0.662704,11.900000,-100.519997,-29.330000,1770370145.510157
-0.331840,0.195688,0.577060,20.860001,-110.389999,-30.870001,1770370145.518134
-0.274744,0.203984,0.498492,31.010000,-114.379997,-36.820000,1770370145.526009
-0.241316,0.208132,0.447008,41.509998,-115.150002,-40.320000,1770370145.534025
-0.221064,0.203740,0.433588,48.790001,-111.510002,-42.139999,1770370145.542095
-0.203984,0.209840,0.451888,56.070000,-104.650002,-45.709999,1770370145.550024
-0.173972,0.227164,0.519720,60.759998,-94.639999,-49.980000,1770370145.558096
-0.126880,0.269376,0.626592,60.549999,-83.650002,-56.630001,1770370145.566017
-0.091012,0.320372,0.767624,57.400002,-71.889999,-56.279999,1770370145.574063
-0.052460,0.352824,0.895968,49.910000,-58.450001,-61.880001,1770370145.582021
-0.013664,0.362340,1.032608,35.419998,-42.910000,-63.349998,1770370145.590008
0.025864,0.322568,1.167296,21.420000,-26.389999,-58.380001,1770370145.598079
0.055632,0.237656,1.296860,11.410000,-13.720000,-53.759998,1770370145.606277
0.060756,0.126148,1.376892,5.180000,-6.020000,-47.740002,1770370145.614070
0.057340,0.009516,1.398852,4.550000,-2.520000,-45.849998,1770370145.622034
0.058804,-0.053192,1.386164,6.230000,-1.050000,-41.090000,1770370145.630028
0.035380,-0.080276,1.371768,8.750000,1.190000,-40.740002,1770370145.638082
0.004148,-0.076616,1.361764,10.640000,3.360000,-39.759998,1770370145.646019
-0.046848,-0.077104,1.374940,9.100000,9.030000,-32.830002,1770370145.654127
-0.101260,-0.096624,1.370060,9.100000,13.650000,-33.459999,1770370145.662016
-0.153720,-0.132980,1.346880,7.700000,14.630000,-33.669998,1770370145.670019
-0.182512,-0.150060,1.316624,5.320000,11.620000,-36.680000,1770370145.678058
-0.180560,-0.124684,1.293200,3.220000,6.370000,-36.750000,1770370145.686017
-0.162016,-0.070028,1.305888,0.210000,1.190000,-37.029999,1770370145.694121
-0.139568,0.003172,1.346636,-3.010000,-4.620000,-33.669998,1770370145.702050
-0.126636,0.071980,1.379088,-9.100000,-9.240000,-29.680000,1770370145.710027
-0.122000,0.143228,1.357860,-20.860001,-13.720000,-24.709999,1770370145.718100
-0.114924,0.210328,1.270752,-27.299999,-16.030001,-20.790001,1770370145.726059
-0.106872,0.240096,1.150460,-35.630001,-15.610000,-14.280000,1770370145.734039
-0.100772,0.248148,1.046028,-37.869999,-14.700000,-7.980000,1770370145.742090
-0.100284,0.244732,0.967704,-42.419998,-9.800000,-2.100000,1770370145.750011
-0.101016,0.225700,0.914756,-42.770000,-2.520000,-0.910000,1770370145.758064
-0.093940,0.213012,0.901336,-42.770000,3.080000,5.180000,1770370145.766108
-0.086376,0.209840,0.902312,-40.459999,9.170000,11.130000,1770370145.774021
-0.077592,0.196420,0.881572,-36.680000,14.700000,18.480000,1770370145.782000
-0.073932,0.178120,0.817400,-34.090000,17.850000,28.840000,1770370145.790163
-0.073688,0.165432,0.731756,-29.540001,19.879999,36.470001,1770370145.798062
-0.072956,0.134932,0.646844,-24.219999,18.620001,40.740002,1770370145.806035
-0.061976,0.085400,0.577792,-21.350000,12.530000,38.849998,1770370145.814083
-0.028792,0.004148,0.534848,-15.120000,8.400000,36.750000,1770370145.822024
0.016592,-0.077592,0.499956,-6.510000,6.580000,38.220001,1770370145.830019
0.054168,-0.145668,0.493368,9.660000,8.820000,40.810001,1770370145.838110
0.051972,-0.144448,0.551928,22.540001,18.129999,44.240002,1770370145.846017
0.027572,-0.081252,0.651968,29.469999,36.259998,39.340000,1770370145.854029
-0.030012,0.003660,0.733952,29.680000,53.830002,37.310001,1770370145.862045
-0.101504,0.070272,0.801540,24.010000,72.239998,30.870001,1770370145.870007
-0.189832,0.102968,0.862784,18.340000,86.660004,20.440001,1770370145.878073
-0.296704,0.115168,0.935008,6.720000,97.860001,13.720000,1770370145.886048
-0.411628,0.128832,0.997472,-4.970000,107.730003,3.220000,1770370145.894097
-0.529236,0.143228,1.013332,-17.639999,114.309998,0.140000,1770370145.902048
-0.663680,0.130784,0.976976,-32.130001,113.260002,-9.590000,1770370145.910038
-0.786412,0.061488,0.917196,-37.310001,107.870003,-15.820000,1770370145.918121
-0.885476,-0.014396,0.891820,-38.290001,95.970001,-26.250000,1770370145.926094
-0.929884,-0.053436,0.917684,-35.419998,78.680000,-28.980000,1770370145.934034
-0.957944,-0.063440,0.979172,-27.020000,54.529999,-21.980000,1770370145.942041
-0.972096,-0.053192,1.042124,-20.020000,30.030001,-15.610000,1770370145.950033
-0.966240,-0.027572,1.075308,-13.300000,6.650000,-6.160000,1770370145.958097
-0.954772,-0.007320,1.074332,-8.540000,-9.170000,-1.260000,1770370145.966020
-0.931104,0.002440,1.065792,-5.110000,-17.360001,4.060000,1770370145.974021
-0.911828,-0.009516,1.047736,-1.890000,-20.790001,2.030000,1770370145.982074
-0.893772,-0.043188,1.011868,2.870000,-22.889999,-0.210000,1770370145.990020
-0.873276,-0.074420,0.944036,8.820000,-22.680000,-1.540000,1770370145.998061
-0.849120,-0.094672,0.920612,14.280000,-26.389999,-6.090000,1770370146.006268
-0.816424,-0.097844,0.943060,16.030001,-29.889999,-10.990000,1770370146.014115
-0.773968,-0.098088,0.972096,20.090000,-36.820000,-15.890000,1770370146.022048
-0.728096,-0.114192,0.989420,20.580000,-43.540001,-19.110001,1770370146.030016
-0.669292,-0.145180,1.005280,24.570000,-56.419998,-24.920000,1770370146.038084
-0.607560,-0.172508,1.003328,28.910000,-70.769997,-24.360001,1770370146.046039
-0.548268,-0.195200,0.964532,37.169998,-87.080002,-28.559999,1770370146.054024
-0.488000,-0.204228,0.874496,47.950001,-107.730003,-33.459999,1770370146.062323
-0.424316,-0.183244,0.774700,59.150002,-123.620003,-37.380001,1770370146.070349
-0.359412,-0.146156,0.680760,68.040001,-137.619995,-42.349998,1770370146.078532
-0.286212,-0.112728,0.616832,77.279999,-146.300003,-47.669998,1770370146.086045
-0.208620,-0.041724,0.616100,84.279999,-150.850006,-52.150002,1770370146.094027
-0.109068,0.054412,0.672708,87.500000,-147.070007,-56.419998,1770370146.102032
-0.002928,0.177876,0.777384,82.459999,-133.699997,-56.349998,1770370146.110181
0.106872,0.313540,0.939888,73.360001,-114.940002,-58.660000,1770370146.118149
0.191784,0.444080,1.089948,54.740002,-88.410004,-59.290001,1770370146.126001
0.257908,0.539972,1.171444,33.459999,-61.320000,-63.000000,1770370146.134055
0.297680,0.590480,1.178764,13.860000,-36.610001,-61.389999,1770370146.142029
0.295728,0.608536,1.129720,-2.730000,-18.270000,-59.990002,1770370146.150016
0.242048,0.593896,1.063840,-17.219999,-4.970000,-56.910000,1770370146.158063
0.173728,0.573644,1.010404,-33.110001,6.090000,-53.340000,1770370146.166116
0.114192,0.536312,0.998936,-45.150002,17.080000,-50.959999,1770370146.174025
0.043188,0.474092,1.024800,-55.020000,30.590000,-47.180000,1770370146.182007
-0.030988,0.383324,1.057496,-62.439999,39.340000,-47.180000,1770370146.190012
-0.095160,0.298412,1.049688,-62.790001,44.799999,-47.180000,1770370146.198064
-0.161528,0.211304,1.014552,-58.310001,44.590000,-51.450001,1770370146.206037
-0.221796,0.119560,0.997960,-45.990002,36.259998,-56.349998,1770370146.214139
-0.246928,0.050752,1.010892,-32.200001,24.360001,-61.040001,1770370146.222015
-0.232776,0.030500,1.047492,-20.090000,9.520000,-66.360001,1770370146.230019
-0.193492,0.041724,1.115324,-12.110000,-0.700000,-57.259998,1770370146.238061
-0.132736,0.051240,1.145580,-10.010000,-10.710000,-52.360001,1770370146.246010
-0.052948,0.057340,1.137528,-10.780000,-15.680000,-43.470001,1770370146.254080
0.032696,0.046604,1.161196,-17.010000,-21.700001,-35.139999,1770370146.262015
0.115168,0.022692,1.174860,-25.200001,-23.520000,-25.830000,1770370146.270012
0.179828,-0.047092,1.102392,-31.430000,-23.100000,-16.870001,1770370146.278060
0.228384,-0.160308,0.985028,-32.480000,-22.330000,-7.980000,1770370146.286087
0.256932,-0.257176,0.867908,-23.730000,-16.730000,0.700000,1770370146.294023
0.277184,-0.300852,0.787632,-13.580000,-8.610000,8.750000,1770370146.302012
0.285968,-0.308416,0.775432,-6.510000,7.280000,18.830000,1770370146.310030
0.274256,-0.308904,0.821304,1.540000,31.010000,28.070000,1770370146.318087
0.247416,-0.323788,0.839360,8.330000,59.919998,38.990002,1770370146.326047
0.164944,-0.326716,0.869128,14.000000,88.550003,47.740002,1770370146.334126
0.052216,-0.293044,0.964288,16.450001,114.169998,59.639999,1770370146.342011
-0.081496,-0.262300,1.067988,13.440000,133.490005,64.750000,1770370146.350000
-0.254004,-0.239364,1.120936,7.350000,145.389999,67.269997,1770370146.358077
-0.406260,-0.207888,1.137040,-2.660000,148.820007,61.740002,1770370146.366015
-0.567300,-0.194468,1.112884,-10.780000,145.039993,57.400002,1770370146.374000
-0.732000,-0.190564,1.056276,-15.190000,136.289993,46.480000,1770370146.382015
-0.888892,-0.143960,0.951844,-15.890000,123.620003,37.590000,1770370146.390158
-1.013576,-0.045872,0.863760,-13.650000,113.750000,21.770000,1770370146.398061
-1.090924,0.057828,0.797392,-11.340000,99.610001,2.380000,1770370146.406036
-1.110688,0.167140,0.757132,-14.560000,77.769997,-14.280000,1770370146.414004
-1.082384,0.261324,0.721264,-18.690001,51.029999,-33.110001,1770370146.422023
-1.012600,0.337452,0.672464,-27.020000,19.040001,-42.070000,1770370146.430026
-0.931348,0.391132,0.614392,-31.709999,-14.700000,-49.419998,1770370146.438173
-0.829844,0.413336,0.596092,-35.209999,-41.439999,-55.860001,1770370146.446019
-0.731268,0.415288,0.602192,-35.980000,-61.459999,-56.770000,1770370146.454151
-0.639768,0.389180,0.612440,-34.160000,-71.330002,-50.680000,1770370146.462025
-0.575352,0.347212,0.627324,-28.559999,-70.000000,-42.419998,1770370146.470050
-0.545828,0.297924,0.657092,-21.000000,-60.689999,-32.130001,1770370146.478067
-0.539240,0.241072,0.702964,-12.600000,-47.110001,-17.219999,1770370146.486024
-0.546560,0.201544,0.741516,-3.990000,-33.810001,-9.660000,1770370146.494097
-0.589748,0.140788,0.782752,4.900000,-23.170000,-3.570000,1770370146.502012
-0.654652,0.045628,0.836676,16.100000,-17.850000,0.210000,1770370146.510204
-0.728828,-0.057340,0.883280,28.910000,-15.050000,1.890000,1770370146.518146
-0.796172,-0.167628,0.904020,44.310001,-20.440001,-1.470000,1770370146.526063
-0.828380,-0.267668,0.836188,62.790001,-37.169998,-3.570000,1770370146.534134
-0.854976,-0.351116,0.739320,84.070000,-59.779999,-3.290000,1770370146.542011
-0.847168,-0.415532,0.690032,104.860001,-86.940002,-8.890000,1770370146.550106
-0.790316,-0.449936,0.760792,116.620003,-112.489998,-13.720000,1770370146.558073
-0.675880,-0.430172,0.980148,117.389999,-135.240005,-25.059999,1770370146.566032
-0.544608,-0.399672,1.231956,106.750000,-150.289993,-36.750000,1770370146.574018
-0.424072,-0.395768,1.448872,90.089996,-152.809998,-41.090000,1770370146.582010
-0.306708,-0.429196,1.603812,69.790001,-147.279999,-50.540001,1770370146.590063
-0.156892,-0.449204,1.688968,48.650002,-138.949997,-56.630001,1770370146.598098
0.037576,-0.412848,1.726056,29.750000,-129.149994,-57.750000,1770370146.606016
0.218624,-0.309880,1.703852,9.450000,-124.250000,-53.549999,1770370146.614015
0.354044,-0.180072,1.640656,-7.770000,-117.389999,-45.360001,1770370146.622010
0.426512,-0.038064,1.572824,-25.760000,-102.199997,-30.520000,1770370146.630047
0.442372,0.091256,1.489864,-40.669998,-81.059998,-17.500000,1770370146.638067
0.400648,0.187392,1.368352,-53.410000,-53.900002,-5.040000,1770370146.646018
0.324764,0.261324,1.225856,-61.180000,-20.860001,0.210000,1770370146.654139
0.239364,0.316224,1.037732,-63.349998,8.400000,10.360000,1770370146.662023
0.136640,0.341600,0.849364,-62.860001,34.369999,13.300000,1770370146.670025
0.035868,0.352580,0.675392,-58.660000,52.009998,15.050000,1770370146.678079
-0.042212,0.362096,0.508496,-50.680000,61.880001,16.379999,1770370146.686012
-0.114436,0.380396,0.360144,-42.770000,64.889999,8.400000,1770370146.694080
-0.170068,0.402844,0.249856,-31.990000,57.820000,11.200000,1770370146.702081
-0.208376,0.432124,0.180316,-24.219999,49.700001,5.250000,1770370146.710209
-0.214232,0.463112,0.145424,-17.360001,39.689999,-0.140000,1770370146.718074
-0.211792,0.476044,0.144692,-15.260000,31.780001,-3.220000,1770370146.726126
-0.197640,0.461404,0.169092,-13.370000,28.559999,-5.390000,1770370146.734013
-0.175436,0.440420,0.226188,-9.310000,26.389999,-5.180000,1770370146.742015
-0.153232,0.392840,0.309880,-2.660000,27.580000,-7.630000,1770370146.750158
-0.135664,0.326716,0.433832,6.090000,32.060001,-6.300000,1770370146.758062
-0.111508,0.261568,0.605608,16.100000,36.680000,-9.520000,1770370146.766015
-0.077592,0.198860,0.806176,25.549999,43.259998,-11.900000,1770370146.774028
-0.033672,0.131760,1.002596,41.650002,48.230000,-7.490000,1770370146.782048
0.020496,0.062464,1.132648,53.549999,41.439999,0.910000,1770370146.790019
0.041236,-0.002684,1.281244,67.550003,27.930000,13.510000,1770370146.798078
0.019032,-0.062708,1.568920,75.669998,15.260000,28.770000,1770370146.806015
0.013420,-0.088328,1.874896,75.180000,11.410000,39.060001,1770370146.814071
0.009272,-0.100528,1.989332,65.099998,15.960000,47.599998,1770370146.822034
-0.003660,-0.101260,1.958100,42.070000,26.040001,59.990002,1770370146.830021
-0.005368,-0.197396,1.831220,15.330000,38.430000,68.879997,1770370146.838066
-0.018788,-0.407236,1.741184,-6.650000,53.759998,78.190002,1770370146.846028
-0.180072,-0.664168,1.722884,-24.219999,84.769997,70.070000,1770370146.854028
-0.393572,-0.797148,1.690920,-36.540001,126.769997,54.040001,1770370146.862017
-0.658312,-0.836432,1.605764,-51.450001,167.580002,25.969999,1770370146.870011
-0.828624,-0.766648,1.451800,-56.070000,195.089996,4.970000,1770370146.878107
-0.980392,-0.630740,1.245864,-49.139999,194.320007,-10.150000,1770370146.886070
-1.102636,-0.422120,1.069696,-39.970001,173.039993,-21.000000,1770370146.894023
-1.183400,-0.191052,0.909632,-30.309999,132.089996,-32.689999,1770370146.902032
-1.211216,0.030744,0.753716,-26.110001,84.349998,-38.849998,1770370146.910067
-1.171200,0.161284,0.641232,-24.219999,38.919998,-46.619999,1770370146.918083
-1.071648,0.262788,0.527528,-22.540001,-4.480000,-51.520000,1770370146.926041
-0.940620,0.317932,0.410164,-20.020000,-37.380001,-54.040001,1770370146.934157
-0.807152,0.337940,0.291580,-11.480000,-67.199997,-55.020000,1770370146.942022
-0.668560,0.355508,0.189588,-4.550000,-89.739998,-55.720001,1770370146.950020
-0.536800,0.390644,0.125904,4.690000,-107.099998,-53.900002,1770370146.958071
-0.409676,0.416996,0.087840,12.110000,-122.150002,-52.779999,1770370146.966041
-0.288896,0.428220,0.066368,15.750000,-132.020004,-48.860001,1770370146.974043
-0.200324,0.389668,0.068320,20.790001,-136.289993,-41.230000,1770370146.982029
-0.132248,0.330132,0.091744,21.420000,-135.100006,-30.450001,1770370146.990016
-0.085644,0.265960,0.146644,25.760000,-129.779999,-18.410000,1770370146.998078
-0.052216,0.214232,0.259128,32.340000,-117.389999,-8.750000,1770370147.006073
-0.030500,0.163968,0.424072,36.750000,-96.180000,0.070000,1770370147.014033
-0.028792,0.132248,0.630984,45.430000,-68.320000,4.410000,1770370147.022007
-0.047092,0.101504,0.870348,48.720001,-31.780001,13.510000,1770370147.030103
-0.106384,0.032208,1.099220,57.750000,2.380000,16.100000,1770370147.038098
-0.218380,-0.037576,1.330044,63.209999,29.610001,14.490000,1770370147.046020
-0.356240,-0.127856,1.538420,74.550003,40.950001,9.450000,1770370147.054045
-0.533872,-0.160308,1.705560,89.879997,41.160000,3.710000,1770370147.062184
-0.666608,-0.151280,1.835124,91.769997,28.559999,-3.010000,1770370147.070720
-0.758840,-0.189588,1.881484,79.099998,14.350000,-11.760000,1770370147.078236
-0.696132,-0.260592,1.896368,63.630001,-12.810000,-18.340000,1770370147.086029
-0.584624,-0.300120,1.919060,46.759998,-49.000000,-19.740000,1770370147.094077
-0.477508,-0.321592,1.960784,30.240000,-77.139999,-14.840000,1770370147.102019
-0.347456,-0.321348,1.968836,11.690000,-99.190002,-10.220000,1770370147.110463
-0.212280,-0.297680,1.919060,-4.060000,-104.720001,-7.840000,1770370147.118125
-0.085644,-0.241072,1.818776,-22.330000,-101.639999,-4.270000,1770370147.126015
0.017324,-0.167872,1.641144,-41.790001,-87.010002,-4.130000,1770370147.134005
0.090280,-0.109068,1.405928,-56.000000,-69.300003,2.800000,1770370147.142019
0.111508,-0.059780,1.138748,-66.779999,-49.560001,12.110000,1770370147.150068
0.104188,-0.010248,0.895724,-68.459999,-27.370001,20.440001,1770370147.158094
0.087840,0.046848,0.722972,-67.760002,-7.140000,31.360001,1770370147.166015
0.060268,0.107360,0.593652,-64.820000,12.390000,37.869999,1770370147.174059
0.020496,0.170068,0.491660,-57.889999,24.780001,43.680000,1770370147.182022
-0.013664,0.239852,0.401380,-52.360001,30.660000,42.490002,1770370147.190021
-0.050752,0.300852,0.326716,-44.869999,31.360001,40.529999,1770370147.198058
-0.083936,0.367464,0.260104,-37.869999,30.590000,35.419998,1770370147.206012
-0.118584,0.420656,0.202032,-34.020000,28.490000,28.629999,1770370147.214142
-0.142740,0.458476,0.138348,-27.860001,25.830000,23.240000,1770370147.222012
-0.145180,0.465308,0.068564,-24.150000,20.160000,18.340000,1770370147.230006
-0.139568,0.437004,0.002928,-15.820000,17.010000,10.430000,1770370147.238075
-0.120292,0.405772,-0.033672,-7.000000,13.580000,7.840000,1770370147.246016
-0.095648,0.376980,0.002928,4.620000,16.590000,3.360000,1770370147.254018
-0.084912,0.343308,0.161040,19.879999,23.379999,4.830000,1770370147.262099
-0.078080,0.338916,0.431392,21.770000,33.810001,-0.560000,1770370147.270037
-0.069784,0.317200,0.772016,25.410000,43.889999,-0.560000,1770370147.278071
-0.056852,0.257176,1.069696,23.450001,53.759998,-3.920000,1770370147.286005
-0.048556,0.162748,1.311988,25.129999,59.150002,-6.860000,1770370147.294019
-0.040504,0.067100,1.498648,34.860001,59.430000,-4.060000,1770370147.302054
-0.062464,0.026840,1.705804,39.130001,51.029999,3.360000,1770370147.310044
-0.112240,-0.013908,2.034960,47.180000,40.459999,10.220000,1770370147.318068
-0.138592,-0.126392,2.285060,53.200001,33.040001,14.630000,1770370147.326155
-0.158112,-0.218380,2.251632,50.330002,31.570000,17.780001,1770370147.334002
-0.180804,-0.211792,2.068144,37.660000,38.430000,24.500000,1770370147.342016
-0.228384,-0.241804,1.907104,16.309999,53.830002,25.059999,1770370147.350013
-0.297680,-0.309392,1.802428,-3.430000,79.519997,27.510000,1770370147.358057
-0.434808,-0.397964,1.764364,-22.540001,105.559998,21.139999,1770370147.366013
-0.579988,-0.396500,1.708244,-39.549999,128.309998,12.670000,1770370147.374010
-0.741516,-0.336720,1.542812,-53.900002,140.559998,2.730000,1770370147.382086
-0.875716,-0.286212,1.297836,-64.889999,138.740005,-4.480000,1770370147.390005
-0.952820,-0.208132,1.017236,-68.529999,120.959999,-9.730000,1770370147.398094
-0.990152,-0.109312,0.749568,-65.730003,91.139999,-14.700000,1770370147.406020
-0.998936,-0.016348,0.589260,-57.330002,58.310001,-21.000000,1770370147.414111
-0.967948,0.061000,0.508252,-45.150002,26.809999,-26.740000,1770370147.422023
-0.896212,0.114680,0.450912,-34.650002,-0.210000,-32.340000,1770370147.430011
-0.799832,0.120536,0.365024,-22.469999,-21.490000,-35.139999,1770370147.438078
-0.684420,0.145180,0.270108,-9.170000,-42.910000,-39.970001,1770370147.446026
-0.575108,0.180316,0.187148,-1.540000,-61.110001,-42.209999,1770370147.454083
-0.469700,0.221064,0.122488,10.360000,-82.389999,-39.830002,1770370147.462154
-0.377712,0.249856,0.081008,15.120000,-99.820000,-38.290001,1770370147.470021
-0.295972,0.270596,0.046360,19.740000,-113.400002,-34.369999,1770370147.478066
-0.220088,0.262056,0.035380,23.100000,-124.529999,-31.010000,1770370147.486015
-0.147620,0.217160,0.046604,23.660000,-132.300003,-25.059999,1770370147.494086
-0.091256,0.152256,0.082228,23.870001,-135.589996,-19.180000,1770370147.502051
-0.040260,0.085644,0.154696,24.780001,-131.600006,-10.990000,1770370147.510019
0.005856,0.010980,0.274500,27.860001,-118.370003,-2.660000,1770370147.518074
0.046848,-0.078568,0.478972,32.549999,-97.580002,2.800000,1770370147.526020
0.055388,-0.155916,0.735904,34.439999,-63.349998,6.510000,1770370147.534016
0.035868,-0.240584,1.007720,46.900002,-23.170000,12.460000,1770370147.542108
-0.030012,-0.308416,1.249280,57.259998,13.580000,15.820000,1770370147.550010
-0.162260,-0.361852,1.474004,71.190002,38.360001,13.580000,1770370147.558086
-0.341112,-0.411384,1.674328,87.080002,50.049999,8.330000,1770370147.566020
-0.571936,-0.398940,1.880264,103.739998,55.790001,3.710000,1770370147.574073
-0.728096,-0.358436,2.049600,104.160004,50.540001,-5.390000,1770370147.582044
-0.748348,-0.307684,2.095960,84.070000,31.080000,-10.990000,1770370147.590024
-0.664412,-0.274500,2.065948,62.860001,-0.070000,-11.550000,1770370147.598084
-0.589504,-0.232776,2.059116,41.860001,-34.230000,-8.540000,1770370147.606034
-0.496784,-0.157868,2.075220,14.700000,-59.430000,-8.400000,1770370147.614040
-0.395280,-0.073932,2.018124,-7.560000,-73.500000,-7.770000,1770370147.622010
-0.298168,-0.011956,1.878068,-32.900002,-76.230003,-10.010000,1770370147.630071
-0.181536,0.036844,1.668960,-50.959999,-71.400002,-8.610000,1770370147.638253
-0.091500,0.063684,1.424960,-65.309998,-65.519997,-7.700000,1770370147.646025
-0.024888,0.083936,1.182424,-74.410004,-57.330002,-2.590000,1770370147.654021
0.008052,0.087596,0.964532,-72.449997,-50.119999,7.630000,1770370147.662014
0.015860,0.104432,0.770796,-70.980003,-40.040001,22.260000,1770370147.670047
0.031964,0.155428,0.630740,-62.230000,-28.000000,29.889999,1770370147.678108
0.023180,0.216916,0.522892,-52.990002,-16.030001,34.369999,1770370147.686018
0.011712,0.286456,0.430904,-43.540001,-5.950000,36.049999,1770370147.694036
-0.007808,0.361364,0.334768,-31.850000,1.540000,35.419998,1770370147.702156
-0.027328,0.422120,0.244488,-26.459999,6.160000,34.509998,1770370147.710020
-0.052948,0.481656,0.161772,-19.110001,8.260000,28.629999,1770370147.718129
-0.082960,0.519964,0.092476,-14.560000,11.690000,22.820000,1770370147.726021
-0.092964,0.549244,0.018300,-14.420000,15.680000,18.200001,1770370147.734011
-0.092964,0.535336,-0.061976,-5.810000,16.240000,14.140000,1770370147.742060
-0.092232,0.489708,-0.113948,0.140000,20.230000,9.240000,1770370147.750025
-0.079544,0.438224,-0.090524,10.080000,23.030001,5.250000,1770370147.758070
-0.083936,0.399184,0.044164,17.920000,32.549999,0.140000,1770370147.766025
-0.080764,0.369416,0.307684,25.059999,43.470001,-0.980000,1770370147.774072
-0.086132,0.368440,0.650748,28.070000,58.240002,-5.950000,1770370147.782029
-0.095160,0.340380,1.000156,27.790001,70.489998,-5.530000,1770370147.790029
-0.087596,0.236924,1.260260,31.639999,74.970001,-12.670000,1770370147.798085
-0.101992,0.128832,1.439112,40.669998,76.230003,-11.690000,1770370147.806035
-0.117364,0.046116,1.581608,46.759998,65.800003,-7.070000,1770370147.814231
-0.165676,-0.005856,1.848544,52.849998,45.009998,5.880000,1770370147.822023
-0.223748,-0.120048,2.227964,61.669998,23.940001,14.700000,1770370147.830216
-0.272548,-0.269864,2.377536,68.389999,19.530001,19.530001,1770370147.838101
-0.242292,-0.287676,2.212836,56.419998,21.700001,22.469999,1770370147.846015
-0.227896,-0.290360,2.035692,33.529999,30.030001,20.860001,1770370147.854043
-0.244244,-0.365268,1.878312,10.780000,46.340000,28.070000,1770370147.862103
-0.301828,-0.449448,1.786812,-12.880000,70.980003,24.850000,1770370147.870003
-0.412604,-0.466040,1.740208,-33.389999,97.790001,17.850000,1770370147.878249
-0.549244,-0.386984,1.643340,-50.540001,120.400002,8.960000,1770370147.886039
-0.686128,-0.304024,1.468880,-65.029999,130.970001,-0.560000,1770370147.894026
-0.784460,-0.216916,1.209264,-67.550003,129.990005,-5.740000,1770370147.902018
-0.848144,-0.103700,0.942328,-66.849998,114.169998,-15.680000,1770370147.910022
-0.892552,0.019520,0.721508,-59.360001,89.459999,-18.830000,1770370147.918090
-0.903288,0.114192,0.586820,-50.540001,64.540001,-28.209999,1770370147.926057
-0.878400,0.174948,0.504836,-43.189999,40.040001,-34.230000,1770370147.934010
-0.817644,0.202276,0.411628,-32.900002,16.590000,-35.490002,1770370147.942049
-0.743468,0.207400,0.315004,-24.080000,-4.480000,-39.619999,1770370147.950185
-0.662948,0.221064,0.225944,-13.930000,-23.730000,-39.900002,1770370147.958065
-0.574620,0.240584,0.155672,-5.670000,-44.799999,-42.419998,1770370147.966020
-0.487756,0.267668,0.100528,1.120000,-63.070000,-43.470001,1770370147.974040
-0.395280,0.292068,0.067588,6.230000,-81.129997,-39.410000,1770370147.982027
-0.317444,0.293776,0.053436,7.420000,-97.089996,-38.430000,1770370147.990016
-0.248392,0.265472,0.065636,10.080000,-107.730003,-32.549999,1770370147.998071
-0.186172,0.216672,0.087352,10.360000,-115.360001,-29.610001,1770370148.006017
-0.132248,0.145180,0.150792,13.090000,-117.599998,-21.350000,1770370148.014176
-0.092232,0.073200,0.239608,20.230000,-113.470001,-13.930000,1770370148.022028
-0.051484,-0.005612,0.396988,25.480000,-102.620003,-7.630000,1770370148.030014
-0.027328,-0.072712,0.637572,31.990000,-77.910004,0.560000,1770370148.038094
-0.034648,-0.125660,0.916220,38.290001,-42.490002,4.620000,1770370148.046006
-0.065880,-0.202276,1.164612,47.320000,-5.180000,9.100000,1770370148.054068
-0.172264,-0.257908,1.348832,58.660000,23.170000,10.010000,1770370148.062327
-0.331352,-0.323788,1.490352,71.330002,39.900002,10.780000,1770370148.070221
-0.552660,-0.340136,1.654320,91.839996,44.590000,5.320000,1770370148.078199
-0.784216,-0.311588,1.863428,97.300003,47.110001,-3.360000,1770370148.086138
-0.874008,-0.284748,1.946876,83.089996,36.820000,-9.520000,1770370148.094141
-0.869616,-0.289140,1.949560,64.050003,9.800000,-16.590000,1770370148.102021
-0.776164,-0.318664,1.952000,41.299999,-28.209999,-16.940001,1770370148.110022
-0.670024,-0.319396,1.982012,24.080000,-61.669998,-14.840000,1770370148.118097
-0.534360,-0.286700,1.974692,5.460000,-86.519997,-14.910000,1770370148.126046
-0.395524,-0.198128,1.905640,-11.340000,-98.769997,-13.930000,1770370148.134017
-0.268400,-0.081740,1.782420,-24.360001,-99.540001,-13.860000,1770370148.142061
-0.145912,0.016348,1.600152,-44.799999,-90.720001,-15.050000,1770370148.150078
-0.051240,0.085400,1.390312,-58.240002,-80.220001,-9.380000,1770370148.158071
0.019520,0.125172,1.155096,-69.300003,-68.250000,-4.340000,1770370148.166022
0.062708,0.146888,0.942328,-73.849998,-56.349998,4.270000,1770370148.174064
0.080520,0.156404,0.765916,-72.730003,-45.990002,13.580000,1770370148.182019
0.095892,0.197640,0.622200,-68.879997,-35.490002,23.730000,1770370148.190000
0.083692,0.250832,0.517036,-60.689999,-23.590000,31.219999,1770370148.198068
0.069052,0.316712,0.432368,-51.660000,-12.950000,32.759998,1770370148.206013
0.042944,0.369172,0.354044,-43.119999,-4.830000,31.360001,1770370148.214036
0.014396,0.422364,0.272304,-37.310001,1.610000,30.450001,1770370148.222064
-0.022692,0.474580,0.197396,-33.810001,6.790000,22.680000,1770370148.230016
-0.058560,0.506300,0.119072,-26.670000,11.970000,22.820000,1770370148.238089
-0.080276,0.511668,0.052460,-21.000000,16.940001,14.630000,1770370148.246016
-0.081252,0.482876,0.000732,-14.210000,20.370001,9.870000,1770370148.254014
-0.072956,0.436028,-0.022204,-2.310000,24.709999,3.920000,1770370148.262090
-0.060024,0.393572,0.015372,9.450000,30.030001,0.210000,1770370148.270008
-0.048068,0.359168,0.158600,24.850000,41.020000,0.770000,1770370148.278078
-0.047824,0.335500,0.420656,34.439999,52.360001,-5.040000,1770370148.286006
-0.060024,0.332084,0.733220,38.849998,62.790001,-7.840000,1770370148.294099
-0.063928,0.294020,1.019920,39.689999,72.239998,-16.379999,1770370148.302021
-0.063196,0.208620,1.243180,42.209999,78.540001,-16.030001,1770370148.310010
-0.073444,0.107604,1.398364,46.970001,78.330002,-14.980000,1770370148.318080
-0.098332,0.026596,1.564040,49.419998,67.760002,-7.980000,1770370148.326071
-0.152256,-0.053192,1.809992,50.540001,51.799999,4.690000,1770370148.333994
-0.221552,-0.176656,2.080832,56.560001,33.250000,11.410000,1770370148.342016
-0.254492,-0.279380,2.142076,52.990002,22.469999,18.549999,1770370148.350012
-0.238876,-0.298900,2.024956,37.520000,23.450001,22.330000,1770370148.358058
-0.246928,-0.328424,1.899784,17.570000,35.279999,26.040001,1770370148.366073
-0.300120,-0.401624,1.797060,-2.520000,57.820000,25.480000,1770370148.374003
-0.389912,-0.442128,1.762168,-19.320000,84.349998,21.910000,1770370148.382023
-0.516060,-0.410164,1.754116,-36.889999,108.430000,11.130000,1770370148.390020
-0.646356,-0.318420,1.667984,-51.799999,125.720001,1.470000,1770370148.398081
-0.765672,-0.208132,1.471320,-63.980000,128.869995,-4.970000,1770370148.406141
-0.844728,-0.122000,1.189012,-72.449997,119.419998,-13.020000,1770370148.414042
-0.887672,-0.024888,0.899872,-68.389999,98.980003,-18.059999,1770370148.422030
-0.904264,0.048068,0.668316,-66.639999,70.489998,-23.309999,1770370148.430006
-0.890844,0.101504,0.499224,-57.189999,44.029999,-29.330000,1770370148.438109
-0.844728,0.131028,0.394548,-45.009998,20.370001,-32.130001,1770370148.446070
-0.777872,0.159576,0.328424,-31.010000,-1.050000,-36.400002,1770370148.454027
-0.686128,0.193492,0.266204,-17.219999,-20.510000,-40.529999,1770370148.462022
-0.587796,0.233752,0.222040,-8.190000,-38.779999,-45.709999,1770370148.470169
-0.498004,0.265472,0.186660,-2.240000,-56.070000,-43.049999,1770370148.478071
-0.416508,0.291824,0.153232,0.420000,-71.190002,-42.560001,1770370148.486017
-0.333548,0.295972,0.121268,1.540000,-84.419998,-40.880001,1770370148.494054
-0.257420,0.270352,0.095160,3.640000,-96.949997,-35.139999,1770370148.502045
-0.189344,0.211792,0.094428,5.110000,-105.769997,-29.889999,1770370148.510015
-0.126880,0.133712,0.118340,9.800000,-112.139999,-21.000000,1770370148.518161
-0.083936,0.065880,0.184220,15.890000,-111.790001,-15.190000,1770370148.526010
-0.047824,-0.015616,0.309392,23.240000,-101.849998,-3.500000,1770370148.534035
-0.017324,-0.094428,0.475800,33.110001,-83.089996,0.770000,1770370148.542040
-0.012688,-0.142740,0.701744,43.189999,-54.880001,9.240000,1770370148.549999
-0.044164,-0.184952,0.961604,55.299999,-18.620001,14.560000,1770370148.558075
-0.125416,-0.237900,1.220732,70.419998,15.610000,13.720000,1770370148.566058
-0.261324,-0.279624,1.448384,83.019997,39.480000,13.370000,1770370148.574028
-0.443348,-0.305244,1.619916,96.320000,48.369999,9.240000,1770370148.582020
-0.680272,-0.290116,1.755092,106.400002,49.560001,2.800000,1770370148.590005
-0.865468,-0.271328,1.841224,103.040001,45.919998,-10.570000,1770370148.598090
-0.928420,-0.268644,1.835124,87.080002,25.620001,-18.410000,1770370148.606021
-0.892552,-0.299876,1.857084,64.750000,-4.480000,-27.370001,1770370148.614026
-0.763720,-0.331352,1.895148,44.169998,-41.580002,-28.629999,1770370148.622013
-0.608780,-0.332572,1.942484,25.129999,-76.790001,-24.150000,1770370148.630021
-0.447008,-0.296460,1.963224,4.760000,-99.820000,-20.020000,1770370148.638082
-0.297192,-0.209840,1.923452,-14.210000,-108.779999,-19.530001,1770370148.646104
-0.164944,-0.116876,1.811456,-37.240002,-101.500000,-16.730000,1770370148.654007
-0.042700,-0.032208,1.602104,-51.660000,-89.529999,-14.560000,1770370148.662028
0.033184,0.037820,1.362008,-65.379997,-74.760002,-6.160000,1770370148.670086
0.064660,0.078324,1.122644,-68.669998,-59.360001,4.480000,1770370148.678134
0.073444,0.117852,0.915488,-66.010002,-43.680000,13.510000,1770370148.686011
0.066856,0.157624,0.736880,-62.020000,-28.280001,25.270000,1770370148.694067
0.055632,0.231312,0.597068,-52.779999,-14.350000,31.430000,1770370148.702024
0.032452,0.310368,0.504836,-46.130001,-1.610000,36.259998,1770370148.710017
0.000000,0.383568,0.424804,-38.990002,7.840000,35.700001,1770370148.718157
-0.028060,0.445788,0.328668,-35.560001,15.190000,32.830002,1770370148.726018
-0.072224,0.492880,0.238632,-32.900002,18.900000,28.420000,1770370148.734005
-0.111752,0.529480,0.157868,-29.889999,21.350000,23.799999,1770370148.742027
-0.136396,0.542656,0.070028,-25.969999,21.070000,16.450001,1770370148.750190
-0.147620,0.531676,-0.011712,-20.230000,21.139999,9.800000,1770370148.758067
-0.148352,0.497272,-0.069296,-12.460000,21.700001,6.300000,1770370148.766013
-0.136152,0.466528,-0.080276,-1.890000,23.030001,-2.030000,1770370148.774036
-0.122244,0.450180,0.009272,12.530000,26.389999,-2.450000,1770370148.782113
-0.118096,0.443592,0.227408,22.469999,33.459999,-6.300000,1770370148.790013
-0.123708,0.461404,0.541924,25.620001,44.380001,-3.920000,1770370148.798065
-0.147864,0.454816,0.863516,26.110001,51.939999,-12.670000,1770370148.806071
-0.154696,0.380396,1.091656,25.340000,55.930000,-15.260000,1770370148.814024
-0.170556,0.254736,1.292956,30.799999,52.919998,-17.290001,1770370148.822029
-0.194224,0.133712,1.448384,31.219999,44.099998,-17.290001,1770370148.830021
-0.244732,0.038064,1.648464,36.540001,29.680000,-6.720000,1770370148.838076
-0.311344,-0.100284,1.941020,47.320000,12.040000,4.620000,1770370148.846064
-0.373320,-0.225700,2.170624,58.310001,2.170000,6.720000,1770370148.854041
-0.373076,-0.257908,2.113284,56.980000,1.540000,9.100000,1770370148.862020
-0.309880,-0.263520,1.953708,32.759998,1.750000,8.890000,1770370148.870003
-0.269620,-0.343308,1.795596,11.900000,13.300000,15.820000,1770370148.878111
-0.283772,-0.468724,1.730204,-7.000000,33.250000,22.820000,1770370148.886037
-0.342088,-0.549488,1.731180,-28.559999,59.570000,18.969999,1770370148.894210
-0.444812,-0.527284,1.707024,-44.799999,83.860001,13.370000,1770370148.902022
-0.554368,-0.404552,1.561600,-57.750000,97.300003,6.720000,1770370148.910044
-0.656116,-0.269864,1.321260,-65.800003,101.220001,-1.540000,1770370148.918183
-0.720776,-0.128344,1.059204,-71.330002,91.980003,-5.740000,1770370148.926144
-0.751276,-0.010492,0.843264,-72.309998,73.989998,-14.350000,1770370148.933997
-0.775676,0.060756,0.689300,-65.309998,51.939999,-18.059999,1770370148.942066
-0.773236,0.094428,0.587552,-59.430000,33.320000,-22.049999,1770370148.950025
-0.746396,0.114436,0.507520,-48.230000,16.520000,-22.469999,1770370148.958135
-0.695400,0.134688,0.418460,-38.009998,2.940000,-30.030001,1770370148.966015
-0.636352,0.161528,0.335500,-30.030001,-9.520000,-28.420000,1770370148.974020
-0.572180,0.190808,0.264740,-20.650000,-24.709999,-32.900002,1770370148.982094
-0.496784,0.210816,0.206180,-17.780001,-40.599998,-34.369999,1770370148.990024
-0.422608,0.226920,0.155184,-10.430000,-59.220001,-34.509998,1770370148.998086
-0.345260,0.206180,0.139812,-5.110000,-77.279999,-31.570000,1770370149.006020
-0.271816,0.161040,0.157868,1.400000,-91.279999,-28.629999,1770370149.014077
-0.211792,0.104920,0.175680,7.560000,-101.500000,-25.059999,1770370149.022031
-0.160064,0.057340,0.204472,16.309999,-108.150002,-17.990000,1770370149.030021
-0.116876,0.013176,0.269620,24.219999,-108.709999,-11.550000,1770370149.038078
-0.076860,-0.054168,0.402112,38.430000,-101.430000,-2.590000,1770370149.046155
-0.045872,-0.110288,0.615368,45.849998,-82.739998,6.300000,1770370149.054018
-0.044164,-0.144936,0.864980,56.560001,-51.799999,10.920000,1770370149.062310
-0.059536,-0.180804,1.075308,65.309998,-19.600000,15.050000,1770370149.070227
-0.128100,-0.232288,1.245620,76.510002,5.600000,14.910000,1770370149.078139
-0.248636,-0.291092,1.412760,88.760002,21.139999,10.990000,1770370149.086018
-0.409432,-0.302560,1.568432,102.199997,29.260000,7.560000,1770370149.094124
-0.605852,-0.241804,1.732400,106.190002,32.830002,-1.330000,1770370149.102036
-0.711504,-0.171532,1.859280,90.860001,28.559999,-10.990000,1770370149.110049
-0.732244,-0.168360,1.881972,63.630001,11.760000,-21.420000,1770370149.118089
-0.642452,-0.230092,1.891488,37.099998,-13.580000,-24.780001,1770370149.126007
-0.528992,-0.293288,1.903444,13.790000,-41.369999,-27.860001,1770370149.134006
-0.419192,-0.325496,1.928332,-2.310000,-61.320000,-24.990000,1770370149.142103
-0.302804,-0.312564,1.910276,-16.590000,-71.959999,-23.940001,1770370149.150020
-0.200324,-0.238876,1.830000,-27.370001,-70.209999,-23.799999,1770370149.158063
-0.116632,-0.133468,1.684088,-40.110001,-63.770000,-19.250000,1770370149.166006
-0.040504,-0.037332,1.472296,-49.910000,-50.820000,-16.870001,1770370149.174052
0.003172,0.030988,1.254648,-57.889999,-40.459999,-7.420000,1770370149.182052
0.015860,0.064904,1.051152,-64.959999,-31.150000,-1.260000,1770370149.190013
0.012932,0.102724,0.871812,-64.959999,-20.230000,14.490000,1770370149.198056
0.003416,0.136396,0.732732,-62.860001,-10.500000,20.230000,1770370149.206006
-0.007808,0.183732,0.620736,-59.220001,-0.070000,29.120001,1770370149.214010
-0.036356,0.240096,0.517524,-51.869999,6.160000,34.790001,1770370149.222035
-0.058316,0.293288,0.422608,-45.009998,10.500000,38.779999,1770370149.230038
-0.088816,0.347456,0.335500,-37.799999,12.810000,40.180000,1770370149.238083
-0.119316,0.388936,0.270596,-29.469999,12.390000,36.400002,1770370149.246014
-0.145424,0.434320,0.209108,-27.299999,9.170000,32.130001,1770370149.254024
-0.161528,0.468724,0.131028,-21.139999,5.600000,23.450001,1770370149.262063
-0.157136,0.469456,0.039040,-16.309999,2.100000,18.900000,1770370149.270034
-0.142984,0.456768,-0.037820,-8.890000,-0.700000,9.730000,1770370149.278062
-0.116876,0.437004,-0.076372,3.010000,0.070000,3.290000,1770370149.286085
-0.085156,0.423096,-0.016348,10.920000,4.620000,-0.420000,1770370149.294011
-0.070516,0.426268,0.166896,23.520000,13.930000,-2.590000,1770370149.302015
-0.055144,0.405528,0.466528,26.530001,28.280001,-2.590000,1770370149.310008
-0.063440,0.395768,0.787876,24.850000,41.299999,-7.420000,1770370149.318391
-0.068808,0.338184,1.053104,24.010000,53.549999,-11.480000,1770370149.326103
-0.070760,0.212036,1.222196,25.340000,59.220001,-17.290001,1770370149.334024
-0.073932,0.078812,1.336388,32.200001,59.779999,-13.580000,1770370149.342018
-0.114192,-0.046360,1.488888,36.889999,46.060001,-11.200000,1770370149.350018
-0.153232,-0.159820,1.686040,49.419998,30.450001,-4.830000,1770370149.358075
-0.189832,-0.277672,1.920524,61.529999,18.480000,1.680000,1770370149.366026
-0.183976,-0.345260,2.019100,69.230003,12.600000,6.090000,1770370149.374046
-0.161772,-0.315248,2.027640,54.250000,15.400000,10.570000,1770370149.382023
-0.163724,-0.313784,1.992016,28.209999,26.809999,13.020000,1770370149.390023
-0.184220,-0.369904,1.904664,5.810000,46.689999,17.219999,1770370149.398068
-0.246196,-0.408456,1.869528,-13.790000,71.680000,18.760000,1770370149.406023
-0.359900,-0.385520,1.829756,-31.290001,96.739998,14.700000,1770370149.414058
-0.498004,-0.320372,1.696776,-48.020000,116.199997,5.880000,1770370149.422035
-0.620492,-0.237168,1.496940,-59.430000,127.050003,-0.420000,1770370149.430047
-0.721264,-0.153720,1.239276,-66.430000,124.180000,-7.420000,1770370149.438186
-0.791780,-0.066612,0.977220,-67.410004,110.320000,-12.670000,1770370149.446026
-0.832528,-0.000244,0.779824,-63.419998,90.720001,-22.260000,1770370149.454053
-0.856196,0.030500,0.660264,-55.439999,67.129997,-24.920000,1770370149.462072
-0.848388,0.069540,0.572668,-46.200001,45.919998,-29.330000,1770370149.470004
-0.816424,0.099552,0.499468,-35.980000,25.830000,-31.010000,1770370149.478150
-0.766160,0.134200,0.434564,-28.000000,7.280000,-31.219999,1770370149.486093
-0.707844,0.169336,0.370392,-19.879999,-9.380000,-35.700001,1770370149.494022
-0.639280,0.202032,0.291580,-15.120000,-28.209999,-37.099998,1770370149.502020
-0.556320,0.240096,0.218624,-9.520000,-48.020000,-36.259998,1770370149.510017
-0.468480,0.264252,0.160064,-6.790000,-68.669998,-36.049999,1770370149.518081
-0.384544,0.257664,0.124928,0.000000,-88.690002,-33.599998,1770370149.525999
-0.296704,0.218136,0.114192,0.770000,-103.599998,-27.860001,1770370149.534005
-0.228872,0.157136,0.109800,7.630000,-118.160004,-24.990000,1770370149.542135
-0.174216,0.096380,0.128100,12.250000,-124.949997,-19.530001,1770370149.550024
-0.128588,0.048068,0.190320,21.629999,-126.209999,-14.840000,1770370149.558068
-0.082960,0.001464,0.316712,32.130001,-116.480003,-4.830000,1770370149.566017
-0.057828,-0.036112,0.533384,37.869999,-95.830002,-1.820000,1770370149.574005
-0.066368,-0.071736,0.802272,47.740002,-60.900002,0.910000,1770370149.582097
-0.093208,-0.111020,1.055056,55.299999,-19.600000,4.620000,1770370149.590012
-0.159576,-0.168116,1.247572,64.889999,15.750000,3.150000,1770370149.598068
-0.286944,-0.224724,1.395192,76.300003,38.709999,1.330000,1770370149.606011
-0.464088,-0.249124,1.546960,88.970001,48.230000,-5.810000,1770370149.614053
-0.667096,-0.230336,1.710684,95.550003,47.459999,-11.760000,1770370149.622021
-0.777628,-0.226920,1.831464,87.080002,37.939999,-17.990000,1770370149.630008
-0.796904,-0.265472,1.897344,68.180000,15.610000,-24.570000,1770370149.638090
-0.711016,-0.325008,1.987868,49.560001,-15.540000,-26.950001,1770370149.646020
-0.590236,-0.381616,2.027396,28.559999,-45.639999,-28.209999,1770370149.654024
-0.462624,-0.390156,2.031544,12.880000,-68.110001,-24.430000,1770370149.662158
-0.331840,-0.334280,1.984940,-5.110000,-80.989998,-18.830000,1770370149.670000
-0.213500,-0.227164,1.872944,-24.430000,-80.010002,-16.590000,1770370149.678078
-0.116144,-0.100772,1.702144,-42.349998,-72.870003,-10.570000,1770370149.686028
-0.047580,-0.019520,1.461316,-60.759998,-62.090000,-6.300000,1770370149.694117
-0.008052,0.032696,1.206580,-68.529999,-51.939999,4.060000,1770370149.702085
0.000976,0.065880,0.959896,-71.400002,-39.830002,17.500000,1770370149.710017
-0.000244,0.101504,0.742980,-65.239998,-27.930000,28.629999,1770370149.718079
-0.008784,0.148352,0.583892,-58.310001,-17.500000,37.169998,1770370149.726178
-0.022204,0.203496,0.461160,-49.630001,-8.260000,39.759998,1770370149.733995
-0.028792,0.260836,0.336476,-42.209999,-2.380000,39.689999,1770370149.742022
-0.046360,0.326472,0.248880,-33.669998,1.540000,38.849998,1770370149.750018
-0.074176,0.399916,0.197884,-28.139999,6.020000,36.750000,1770370149.758071
-0.101504,0.463356,0.149328,-24.920000,8.750000,30.309999,1770370149.766059
-0.122000,0.493612,0.091500,-19.879999,13.860000,23.940001,1770370149.774035
-0.130052,0.494588,0.030500,-11.550000,17.709999,17.639999,1770370149.782019
-0.125416,0.463600,-0.015860,-2.030000,19.389999,13.860000,1770370149.790034
-0.117608,0.415044,-0.017812,13.300000,23.240000,8.890000,1770370149.798062
-0.120292,0.395524,0.076128,28.420000,28.350000,5.180000,1770370149.806019
-0.111020,0.370392,0.333792,35.910000,36.820000,3.710000,1770370149.814047
-0.111020,0.373320,0.638792,42.000000,44.029999,-1.120000,1770370149.822045
-0.118096,0.337208,0.933056,41.230000,49.560001,-6.580000,1770370149.830022
-0.113460,0.238876,1.182424,45.990002,52.360001,-6.580000,1770370149.838102
-0.133956,0.134688,1.359080,54.880001,49.700001,-5.880000,1770370149.846037
-0.169580,0.062464,1.535248,58.869999,40.389999,-2.030000,1770370149.854030
-0.225700,0.017324,1.778272,61.880001,27.160000,5.600000,1770370149.862022
-0.273280,-0.074420,2.021784,64.889999,14.490000,11.830000,1770370149.870026
-0.314272,-0.206912,2.158668,68.180000,11.200000,15.960000,1770370149.878110
-0.284992,-0.253760,2.140612,60.340000,14.630000,22.610001,1770370149.886024
-0.260104,-0.265228,2.062532,36.400002,20.580000,23.450001,1770370149.894064
-0.276208,-0.323788,1.901248,14.560000,33.810001,26.670000,1770370149.902021
-0.325252,-0.411384,1.805600,-6.230000,53.270000,27.510000,1770370149.910021
-0.416996,-0.482876,1.764120,-26.110001,77.000000,22.330000,1770370149.918071
-0.531188,-0.514108,1.680184,-44.450001,97.790001,10.780000,1770370149.926068
-0.627568,-0.451888,1.523292,-58.520000,111.300003,0.000000,1770370149.934000
-0.715652,-0.351604,1.308328,-64.330002,110.949997,-4.900000,1770370149.942014
-0.786412,-0.213012,1.068232,-66.220001,100.660004,-10.080000,1770370149.950211
-0.824964,-0.063684,0.862540,-61.459999,80.080002,-14.910000,1770370149.958087
-0.847656,0.060512,0.693692,-54.459999,57.330002,-22.049999,1770370149.966020
-0.847168,0.144204,0.583404,-47.459999,34.160000,-24.920000,1770370149.974051
-0.820816,0.203984,0.505568,-36.400002,15.330000,-26.740000,1770370149.982024
-0.770552,0.233264,0.443348,-27.230000,-0.700000,-27.160000,1770370149.990015
-0.712480,0.237900,0.365512,-19.459999,-16.450001,-27.370001,1770370149.998074
-0.641232,0.233508,0.262056,-13.090000,-33.810001,-29.610001,1770370150.006014
-0.565836,0.246196,0.160308,-7.350000,-53.549999,-29.330000,1770370150.014048
-0.469212,0.276940,0.089548,-0.140000,-75.320000,-29.820000,1770370150.022313
-0.380396,0.280844,0.062220,2.520000,-95.550003,-25.620001,1770370150.030072
-0.297924,0.212768,0.081984,8.680000,-109.480003,-24.500000,1770370150.038092
-0.227164,0.129320,0.105896,9.730000,-120.190002,-18.059999,1770370150.046018
-0.167140,0.075884,0.123464,13.230000,-126.489998,-16.100000,1770370150.054095
-0.123952,0.027816,0.199104,22.330000,-124.739998,-7.490000,1770370150.062278
-0.086620,0.004636,0.323544,34.090000,-113.959999,0.560000,1770370150.071044
-0.055876,-0.017568,0.522160,47.180000,-91.980003,6.440000,1770370150.078258
-0.056608,-0.070760,0.760060,55.790001,-62.299999,9.450000,1770370150.086002
-0.077348,-0.100528,0.949648,59.990002,-28.139999,10.570000,1770370150.094030
-0.134200,-0.168116,1.104832,67.410004,1.400000,11.830000,1770370150.102184
-0.237412,-0.232044,1.273680,76.650002,21.700001,9.520000,1770370150.110015
-0.375760,-0.296216,1.433988,91.699997,29.260000,2.520000,1770370150.118067
-0.555100,-0.297436,1.598200,101.150002,27.719999,-4.690000,1770370150.126035
-0.661972,-0.258396,1.779736,96.110001,20.230000,-15.960000,1770370150.134001
-0.674172,-0.239852,1.896612,80.080002,2.940000,-24.709999,1770370150.142022
-0.578768,-0.281820,1.979328,56.349998,-22.469999,-28.209999,1770370150.150032
-0.476044,-0.334768,2.023492,35.840000,-45.849998,-22.820000,1770370150.158077
-0.357948,-0.331108,2.068144,18.969999,-65.309998,-18.059999,1770370150.166023
-0.242780,-0.273280,2.071316,-4.200000,-76.650002,-13.370000,1770370150.174100
-0.138104,-0.162260,1.960540,-23.240000,-76.019997,-8.960000,1770370150.181998
-0.063684,-0.066856,1.774368,-42.349998,-65.870003,-2.800000,1770370150.190020
-0.017080,0.023180,1.528660,-59.080002,-52.779999,0.980000,1770370150.198059
0.002684,0.091744,1.283440,-70.769997,-36.049999,13.160000,1770370150.206023
-0.004636,0.128344,1.057740,-76.370003,-19.809999,20.090000,1770370150.214023
-0.017324,0.164700,0.855708,-72.449997,-3.850000,31.010000,1770370150.222051
-0.041480,0.223260,0.699792,-65.309998,8.050000,40.669998,1770370150.230017
-0.074176,0.302072,0.579988,-57.540001,18.760000,43.400002,1770370150.238076
-0.102724,0.369172,0.480192,-48.299999,23.100000,42.700001,1770370150.246017
-0.142252,0.449204,0.384788,-43.540001,25.480000,39.619999,1770370150.254100
-0.170800,0.510936,0.297924,-38.639999,24.080000,34.790001,1770370150.262029
-0.194468,0.557296,0.224724,-36.259998,19.600000,28.420000,1770370150.269999
-0.208132,0.593896,0.162992,-34.860001,14.700000,23.730000,1770370150.278193
-0.209108,0.583892,0.103944,-32.549999,9.240000,17.780001,1770370150.286015
-0.184220,0.540460,0.058316,-29.330000,1.610000,15.050000,1770370150.294074
-0.161284,0.485560,0.024156,-19.530001,-3.360000,10.080000,1770370150.302016
-0.129808,0.408944,0.014396,-6.020000,-4.270000,11.900000,1770370150.310010
-0.100772,0.333304,0.098576,9.730000,-0.490000,10.150000,1770370150.318072
-0.087352,0.285236,0.286700,21.980000,5.740000,5.950000,1770370150.326025
-0.065636,0.252052,0.567544,26.879999,15.120000,-0.980000,1770370150.334030
-0.055876,0.217404,0.871324,30.870001,28.700001,-4.620000,1770370150.342020
-0.052216,0.145424,1.140700,35.980000,40.810001,-6.160000,1770370150.350016
-0.050752,0.061244,1.347368,40.180000,51.029999,-4.900000,1770370150.358060
-0.061000,-0.000732,1.495964,43.680000,50.189999,1.050000,1770370150.365994
-0.100528,-0.058804,1.697508,47.389999,44.029999,7.210000,1770370150.374002
-0.132004,-0.173728,1.867576,53.200001,35.279999,10.780000,1770370150.382092
-0.144692,-0.332328,1.957368,57.400002,26.389999,18.340000,1770370150.390047
-0.139324,-0.410164,1.988356,57.330002,25.270000,26.040001,1770370150.398072
-0.142984,-0.401136,1.942484,42.700001,33.880001,30.240000,1770370150.406022
-0.166896,-0.442616,1.830732,21.840000,50.119999,33.250000,1770370150.414157
-0.223748,-0.487512,1.739232,9.240000,70.910004,34.020000,1770370150.422065
-0.329156,-0.493856,1.721664,-4.760000,94.989998,32.270000,1770370150.430079
-0.475068,-0.470920,1.695556,-21.350000,116.620003,22.469999,1770370150.438111
-0.615612,-0.403088,1.605764,-38.639999,131.110001,13.930000,1770370150.446096
-0.735172,-0.284016,1.432036,-55.580002,136.220001,3.290000,1770370150.454014
-0.822524,-0.170068,1.220732,-66.290001,129.360001,-5.180000,1770370150.462092
-0.886696,-0.046360,0.986248,-70.000000,111.440002,-10.990000,1770370150.470048
-0.923784,0.056364,0.774456,-67.550003,88.760002,-17.080000,1770370150.478066
-0.944524,0.130052,0.628788,-57.540001,64.120003,-18.760000,1770370150.486015
-0.940376,0.188124,0.532408,-49.770000,41.509998,-22.120001,1770370150.494063
-0.903044,0.235216,0.447984,-37.029999,19.600000,-25.129999,1770370150.502020
-0.849608,0.261812,0.376492,-27.440001,0.070000,-27.440001,1770370150.510017
-0.771040,0.279624,0.295240,-19.110001,-19.459999,-30.100000,1770370150.518172
-0.688812,0.305000,0.219844,-15.120000,-39.830002,-30.520000,1770370150.526035
-0.601460,0.333792,0.155916,-13.230000,-60.759998,-33.250000,1770370150.534016
-0.505080,0.353312,0.106384,-8.680000,-81.410004,-34.020000,1770370150.542023
-0.415532,0.333304,0.077348,-10.010000,-103.040001,-27.860001,1770370150.550032
-0.329400,0.286944,0.060268,-9.870000,-120.400002,-26.180000,1770370150.558093
-0.249368,0.222040,0.063440,-7.980000,-134.050003,-20.440001,1770370150.566024
-0.187148,0.145424,0.096868,-1.890000,-141.610001,-14.140000,1770370150.574123
-0.136640,0.068076,0.176168,10.570000,-140.910004,-5.600000,1770370150.582018
-0.092232,-0.001220,0.301828,27.650000,-131.809998,3.360000,1770370150.590006
-0.067100,-0.052460,0.503860,44.310001,-109.199997,7.070000,1770370150.598078
-0.059048,-0.076128,0.758596,58.380001,-77.419998,10.640000,1770370150.606013
-0.062464,-0.120780,0.982344,66.220001,-37.939999,9.170000,1770370150.614158
-0.114924,-0.181292,1.163392,76.300003,-6.720000,5.810000,1770370150.622031
-0.220332,-0.238388,1.341756,86.519997,14.210000,0.770000,1770370150.630156
-0.356728,-0.281088,1.508164,95.760002,25.620001,-1.680000,1770370150.638124
-0.518744,-0.274744,1.686040,105.559998,27.860001,-6.720000,1770370150.646058
-0.631228,-0.256200,1.847812,97.019997,23.940001,-12.460000,1770370150.654047
-0.669292,-0.281332,1.932480,79.309998,8.260000,-18.200001,1770370150.662039
-0.561444,-0.320616,1.978108,56.209999,-21.139999,-21.910000,1770370150.670013
-0.457500,-0.344528,1.993724,34.299999,-56.000000,-16.309999,1770370150.678197
-0.345748,-0.319640,1.997628,16.240000,-83.089996,-11.690000,1770370150.686034
-0.242048,-0.258152,1.964932,-2.240000,-96.739998,-7.560000,1770370150.694005
-0.139812,-0.144692,1.863184,-21.980000,-101.220001,-5.040000,1770370150.702021
-0.046360,-0.019032,1.694824,-38.220001,-92.400002,-2.380000,1770370150.710021
0.028304,0.087840,1.482056,-57.400002,-79.309998,3.220000,1770370150.718170
0.072956,0.171288,1.262944,-68.250000,-62.580002,11.480000,1770370150.726033
0.087840,0.241316,1.080920,-72.449997,-43.470001,17.150000,1770370150.734015
0.096624,0.286212,0.923784,-70.000000,-23.590000,20.860001,1770370150.742023
0.093208,0.335012,0.777140,-65.660004,-6.370000,25.480000,1770370150.750100
0.077104,0.389424,0.665144,-57.540001,7.490000,26.389999,1770370150.758115
0.040260,0.449204,0.560712,-53.410000,17.500000,25.410000,1770370150.766024
0.006100,0.493124,0.467992,-50.540001,24.500000,24.639999,1770370150.774088
-0.032208,0.534116,0.386252,-47.810001,28.700001,22.120001,1770370150.782031
-0.068808,0.553392,0.305488,-51.799999,32.689999,19.530001,1770370150.790017
-0.095160,0.533628,0.240828,-51.869999,33.950001,19.110001,1770370150.798076
-0.109556,0.483608,0.199836,-49.560001,33.459999,19.670000,1770370150.806016
-0.108580,0.406748,0.164944,-42.209999,31.360001,15.820000,1770370150.814077
-0.099308,0.314028,0.145912,-28.280001,30.030001,15.400000,1770370150.822010
-0.087108,0.221064,0.125904,-6.230000,27.719999,14.350000,1770370150.830047
-0.077104,0.160552,0.160552,12.740000,28.490000,12.670000,1770370150.838079
-0.059292,0.136640,0.296948,33.110001,32.060001,7.210000,1770370150.846017
-0.036356,0.132248,0.502884,42.910000,37.310001,-0.350000,1770370150.854013
-0.029768,0.122488,0.739320,50.330002,47.389999,-3.710000,1770370150.862099
-0.024644,0.100772,1.007232,53.130001,61.320000,-4.830000,1770370150.870040
-0.009760,0.069540,1.239032,52.009998,74.199997,-4.060000,1770370150.878072
-0.018788,0.040504,1.419348,51.869999,80.849998,1.890000,1770370150.886011
-0.054168,0.002684,1.561356,50.540001,82.110001,8.330000,1770370150.894034
-0.111020,-0.071492,1.718980,52.290001,78.540001,10.990000,1770370150.902018
-0.178608,-0.174216,1.841712,52.430000,73.919998,15.050000,1770370150.910019
-0.216428,-0.264008,1.859036,46.970001,66.919998,26.040001,1770370150.918075
-0.257908,-0.334768,1.803892,33.529999,62.020000,35.419998,1770370150.926197
-0.312808,-0.443592,1.718736,16.730000,67.199997,43.610001,1770370150.934016
-0.410896,-0.589016,1.681648,4.200000,83.930000,44.939999,1770370150.942021
-0.537776,-0.688568,1.691652,-9.520000,102.620003,36.959999,1770370150.950036
-0.693448,-0.689056,1.693604,-20.020000,121.730003,21.700001,1770370150.958121
-0.849608,-0.575108,1.642852,-31.010000,132.509995,4.410000,1770370150.966019
-0.939156,-0.366488,1.524268,-45.639999,129.850006,-10.990000,1770370150.974019
-0.992592,-0.187392,1.345904,-54.529999,110.389999,-17.290001,1770370150.982140
-1.006988,-0.010248,1.113860,-58.240002,81.760002,-24.150000,1770370150.990011
-1.000156,0.114192,0.919636,-56.000000,50.680000,-29.190001,1770370150.998089
-0.965264,0.201300,0.787876,-53.759998,23.450001,-33.250000,1770370151.006035
-0.905972,0.263520,0.684664,-48.090000,0.910000,-34.160000,1770370151.014058
-0.842776,0.299388,0.586576,-42.560001,-15.330000,-34.160000,1770370151.022079
-0.759572,0.336232,0.484096,-35.700001,-29.889999,-36.610001,1770370151.030065
-0.685640,0.357948,0.372344,-31.010000,-41.230000,-35.840000,1770370151.038100
-0.609512,0.380640,0.280112,-25.690001,-52.570000,-35.910000,1770370151.046021
-0.530700,0.399428,0.214232,-21.209999,-64.120003,-39.759998,1770370151.054069
-0.454572,0.402600,0.184220,-18.200001,-76.650002,-40.250000,1770370151.062322
-0.374540,0.378688,0.168116,-14.490000,-88.900002,-38.639999,1770370151.070665
-0.297924,0.351116,0.161528,-12.040000,-97.370003,-33.389999,1770370151.078197
-0.237168,0.308172,0.161772,-7.910000,-103.389999,-31.219999,1770370151.086015
-0.178608,0.246196,0.173728,-4.830000,-107.589996,-26.180000,1770370151.094036
-0.136884,0.171776,0.200812,3.990000,-109.620003,-17.639999,1770370151.102007
-0.107848,0.082716,0.265472,16.100000,-104.720001,-10.010000,1770370151.110036
-0.089304,-0.008052,0.372588,31.219999,-92.330002,2.100000,1770370151.118137
-0.072712,-0.086620,0.520940,50.189999,-74.059998,9.870000,1770370151.126131
-0.074176,-0.146400,0.705160,63.630001,-50.119999,13.580000,1770370151.134019
-0.097112,-0.216184,0.927200,77.980003,-19.950001,15.960000,1770370151.142171
-0.163480,-0.284504,1.131428,91.209999,7.350000,10.010000,1770370151.150017
-0.284016,-0.341112,1.311256,106.889999,28.629999,4.270000,1770370151.158068
-0.443592,-0.340868,1.451312,117.529999,40.810001,-0.910000,1770370151.166023
-0.629276,-0.308416,1.541836,119.839996,42.279999,-9.240000,1770370151.174019
-0.782996,-0.273280,1.610156,110.739998,34.580002,-16.870001,1770370151.182088
-0.839360,-0.278404,1.685552,89.180000,9.940000,-25.690001,1770370151.190013
-0.760792,-0.325740,1.786324,64.400002,-23.170000,-30.660000,1770370151.198053
-0.601948,-0.365756,1.838784,40.320000,-62.090000,-30.730000,1770370151.205992
-0.436272,-0.360388,1.859280,21.070000,-98.699997,-25.129999,1770370151.214013
-0.284992,-0.275720,1.870504,5.530000,-119.980003,-23.030001,1770370151.222007
-0.142008,-0.136640,1.849276,-13.370000,-124.739998,-19.740000,1770370151.230055
-0.026840,0.004880,1.733132,-32.549999,-115.919998,-16.100000,1770370151.238210
0.074908,0.122976,1.546960,-46.340000,-99.959999,-10.920000,1770370151.246011
0.129076,0.205692,1.337852,-59.220001,-77.419998,-1.330000,1770370151.254012
0.142496,0.258884,1.137528,-61.110001,-53.759998,7.280000,1770370151.262023
0.136396,0.291824,0.942328,-60.759998,-28.350000,17.850000,1770370151.270058
0.108580,0.321592,0.786900,-58.029999,-6.930000,24.150000,1770370151.278104
0.074908,0.358192,0.668560,-54.180000,11.060000,27.860001,1770370151.286012
0.025620,0.396988,0.578524,-49.349998,24.010000,27.719999,1770370151.294013
-0.022936,0.442128,0.516304,-44.869999,33.180000,27.160000,1770370151.302025
-0.081740,0.479460,0.461648,-42.980000,40.599998,24.500000,1770370151.310116
-0.120292,0.499224,0.418948,-43.540001,45.150002,21.910000,1770370151.318055
-0.162260,0.503860,0.381616,-41.720001,44.730000,18.900000,1770370151.326028
-0.190564,0.474336,0.353068,-42.980000,41.930000,16.030001,1770370151.334044
-0.200080,0.426512,0.329644,-37.450001,36.959999,15.190000,1770370151.342143
-0.200324,0.371124,0.311100,-28.770000,29.260000,12.250000,1770370151.350011
-0.195200,0.305244,0.291336,-15.330000,22.820000,11.480000,1770370151.358058
-0.176168,0.231068,0.262788,1.330000,14.910000,7.630000,1770370151.366013
-0.145912,0.174460,0.294264,19.530001,8.260000,0.910000,1770370151.374027
-0.106628,0.152256,0.421388,35.490002,5.810000,-5.600000,1770370151.382020
-0.072712,0.167140,0.635864,46.970001,6.370000,-13.020000,1770370151.390159
-0.048800,0.191296,0.882060,50.889999,14.630000,-15.820000,1770370151.398098
-0.022692,0.204960,1.128500,51.450001,26.670000,-15.400000,1770370151.406012
-0.017080,0.194956,1.345660,48.790001,37.590000,-12.110000,1770370151.414015
-0.020008,0.139080,1.505236,45.220001,43.820000,-6.020000,1770370151.422025
-0.048556,0.064660,1.633824,39.410000,45.709999,-0.420000,1770370151.430030
-0.113704,-0.049288,1.740452,36.189999,50.330002,3.150000,1770370151.438080
-0.172264,-0.165188,1.769244,34.720001,53.340000,11.340000,1770370151.446359
-0.218380,-0.234484,1.735572,29.400000,56.490002,20.719999,1770370151.454067
-0.278160,-0.285480,1.684088,19.809999,62.650002,28.420000,1770370151.462019
-0.349164,-0.375516,1.680184,4.970000,71.260002,35.139999,1770370151.470029
-0.471652,-0.509228,1.713124,-6.230000,84.209999,31.360001,1770370151.478062
-0.590480,-0.583160,1.733620,-18.129999,94.290001,23.940001,1770370151.486158
-0.718824,-0.569740,1.696288,-29.400000,100.519997,10.010000,1770370151.494008
-0.823744,-0.463112,1.591856,-36.470001,99.330002,1.260000,1770370151.502019
-0.883036,-0.280356,1.444236,-46.970001,88.760002,-4.550000,1770370151.510015
-0.910120,-0.098820,1.235372,-51.310001,69.300003,-11.200000,1770370151.518057
-0.908168,0.034160,1.008696,-52.290001,43.189999,-11.690000,1770370151.526276
-0.885232,0.116388,0.829600,-52.290001,19.040001,-14.700000,1770370151.534086
-0.840336,0.172264,0.712968,-49.209999,-1.400000,-21.209999,1770370151.542025
-0.779336,0.217648,0.603412,-44.520000,-16.799999,-23.940001,1770370151.550026
-0.700280,0.257176,0.490928,-37.799999,-30.799999,-30.100000,1770370151.558150
-0.619516,0.294508,0.370392,-33.599998,-45.009998,-33.950001,1770370151.566014
-0.531432,0.325496,0.284504,-30.799999,-57.330002,-38.849998,1770370151.574051
-0.452864,0.336476,0.247172,-27.580000,-69.650002,-42.000000,1770370151.582087
-0.380884,0.332084,0.240096,-26.459999,-75.529999,-44.450001,1770370151.590010
-0.315248,0.313296,0.240828,-22.959999,-78.680000,-45.570000,1770370151.598066
-0.252296,0.293532,0.250100,-17.850000,-78.750000,-42.630001,1770370151.606036
-0.204960,0.277428,0.263032,-13.440000,-76.440002,-40.110001,1770370151.614114
-0.171044,0.244976,0.283528,-5.530000,-73.080002,-32.759998,1770370151.622006
-0.145912,0.192028,0.316468,1.750000,-66.919998,-27.160000,1770370151.630033
-0.144448,0.123952,0.357460,16.240000,-60.759998,-12.040000,1770370151.638089
-0.157136,0.049776,0.402356,31.709999,-53.270000,0.350000,1770370151.646102
-0.172996,-0.010492,0.524356,47.880001,-40.529999,9.660000,1770370151.654049
-0.201056,-0.050264,0.707112,59.990002,-21.350000,13.720000,1770370151.662017
-0.250344,-0.107604,0.904508,69.440002,-0.070000,11.900000,1770370151.670026
-0.326472,-0.167140,1.081896,78.750000,16.940001,9.100000,1770370151.678062
-0.421632,-0.251076,1.217316,86.940002,24.500000,2.940000,1770370151.686056
-0.543144,-0.307684,1.304912,94.849998,21.559999,-3.360000,1770370151.694018
-0.661484,-0.320372,1.390068,99.750000,8.750000,-6.860000,1770370151.702016
-0.728828,-0.283528,1.508408,93.099998,-8.610000,-15.400000,1770370151.710029
-0.704184,-0.249612,1.651636,79.239998,-33.459999,-18.760000,1770370151.718248
-0.599752,-0.253760,1.783152,56.980000,-56.349998,-21.420000,1770370151.726080
-0.453596,-0.278648,1.841956,38.430000,-78.400002,-17.709999,1770370151.734051
-0.287432,-0.302804,1.873676,20.790001,-95.410004,-15.050000,1770370151.742160
-0.158844,-0.273768,1.864648,4.340000,-103.320000,-14.350000,1770370151.750014
-0.048800,-0.198372,1.768756,-10.990000,-97.650002,-8.610000,1770370151.758076
0.035380,-0.102480,1.609668,-25.480000,-83.860001,-6.300000,1770370151.766025
0.087108,-0.018788,1.422520,-39.549999,-64.540001,0.140000,1770370151.774066
0.101016,0.056852,1.228540,-48.580002,-41.580002,7.630000,1770370151.782040
0.081008,0.109312,1.064328,-54.459999,-21.139999,11.760000,1770370151.790017
0.046848,0.158356,0.935008,-57.330002,0.770000,16.730000,1770370151.798060
0.004148,0.198860,0.830820,-57.750000,18.690001,19.879999,1770370151.806019
-0.036112,0.242048,0.739808,-58.029999,32.340000,18.620001,1770370151.814141
-0.090524,0.292068,0.654896,-54.250000,37.799999,20.440001,1770370151.822014
-0.143228,0.347212,0.581940,-51.730000,41.020000,18.830000,1770370151.830034
-0.197152,0.390644,0.532652,-49.209999,41.509998,18.129999,1770370151.838079
-0.230824,0.415288,0.502152,-47.180000,37.380001,17.780001,1770370151.846102
-0.252052,0.419680,0.493612,-46.900002,33.459999,16.520000,1770370151.854020
-0.255956,0.417972,0.496540,-42.419998,27.299999,14.840000,1770370151.862015
-0.255468,0.400648,0.495076,-38.990002,20.230000,12.040000,1770370151.870159
-0.235704,0.372344,0.472628,-31.080000,10.150000,9.170000,1770370151.878105
-0.203008,0.335500,0.451888,-21.350000,-0.630000,7.000000,1770370151.886016
-0.152500,0.293288,0.428952,-10.220000,-11.830000,3.290000,1770370151.894016
-0.090768,0.244000,0.428952,5.460000,-20.790001,-0.980000,1770370151.902078
-0.024400,0.202276,0.498004,21.559999,-24.010000,-4.620000,1770370151.910022
0.037576,0.189100,0.635376,33.950001,-20.230000,-6.790000,1770370151.918101
0.098820,0.186416,0.794708,43.330002,-13.160000,-9.870000,1770370151.926012
0.145912,0.183244,0.981856,47.110001,-3.710000,-7.840000,1770370151.934076
0.184952,0.152256,1.179984,48.090000,9.310000,-4.830000,1770370151.942017
0.220088,0.082472,1.346392,45.639999,25.340000,0.910000,1770370151.950032
0.224480,-0.001708,1.469124,45.430000,39.270000,6.440000,1770370151.958139
0.172752,-0.075396,1.547204,45.990002,56.490002,11.130000,1770370151.966022
0.084668,-0.120048,1.593808,40.880001,77.070000,19.600000,1770370151.974192
-0.008296,-0.160308,1.603324,34.090000,94.080002,26.320000,1770370151.982018
-0.110776,-0.237656,1.619916,23.309999,108.639999,35.980000,1770370151.990017
-0.239120,-0.324032,1.637728,14.770000,122.150002,44.029999,1770370151.998085
-0.387960,-0.447252,1.682136,7.000000,132.720001,43.959999,1770370152.006052
-0.577548,-0.548268,1.695800,-3.710000,141.259995,34.930000,1770370152.014025
-0.764696,-0.530456,1.654564,-13.230000,145.949997,24.920000,1770370152.022021
-0.926468,-0.445788,1.543300,-28.000000,140.630005,10.570000,1770370152.030036
-1.025044,-0.312076,1.375184,-45.570000,124.599998,-2.660000,1770370152.038079
-1.051396,-0.188124,1.180472,-54.250000,95.620003,-10.430000,1770370152.046074
-1.041880,-0.100284,1.008208,-53.410000,63.000000,-13.720000,1770370152.054028
-1.015772,-0.009272,0.869860,-45.849998,29.260000,-17.430000,1770370152.062377
-0.959652,0.084912,0.747372,-40.880001,0.070000,-18.969999,1770370152.070216
-0.877180,0.183000,0.636840,-37.660000,-22.820000,-25.830000,1770370152.078367
-0.772992,0.260836,0.530944,-34.509998,-39.970001,-29.610001,1770370152.086101
-0.662460,0.306952,0.446764,-33.459999,-55.369999,-33.320000,1770370152.094027
-0.565104,0.334280,0.389424,-30.870001,-66.639999,-38.150002,1770370152.102049
-0.468724,0.321592,0.367708,-30.660000,-73.989998,-40.180000,1770370152.110034
-0.388692,0.308172,0.350384,-29.889999,-78.400002,-41.790001,1770370152.118085
-0.328424,0.306708,0.334524,-27.090000,-78.540001,-39.619999,1770370152.126005
-0.277428,0.319884,0.333304,-26.250000,-74.970001,-40.459999,1770370152.134050
-0.243024,0.314516,0.354532,-19.809999,-71.470001,-38.500000,1770370152.142031
-0.219600,0.278160,0.388936,-14.560000,-60.480000,-34.020000,1770370152.150018
-0.201544,0.227408,0.416020,-2.590000,-48.650002,-25.690001,1770370152.158064
-0.212036,0.162016,0.436760,9.170000,-38.570000,-12.810000,1770370152.166030
-0.239852,0.093208,0.470188,24.570000,-33.040001,-2.730000,1770370152.174086
-0.270352,0.028060,0.520452,38.990002,-28.139999,10.010000,1770370152.182024
-0.297680,-0.038064,0.589504,52.990002,-24.709999,15.960000,1770370152.190012
-0.342088,-0.108580,0.724192,68.320000,-19.600000,21.770000,1770370152.198056
-0.394548,-0.171532,0.885720,80.290001,-13.020000,21.000000,1770370152.206077
-0.459452,-0.222528,1.025532,91.000000,-5.250000,12.740000,1770370152.214023
-0.514596,-0.258884,1.136796,101.849998,-5.460000,9.800000,1770370152.221995
-0.572424,-0.274744,1.247572,105.489998,-10.710000,3.010000,1770370152.230325
-0.617320,-0.270840,1.363716,106.610001,-21.070000,-3.430000,1770370152.238074
-0.637328,-0.262788,1.501576,100.940002,-30.240000,-11.760000,1770370152.246074
-0.608536,-0.296460,1.626748,85.540001,-39.480000,-19.110001,1770370152.254002
-0.503372,-0.342820,1.721176,67.410004,-54.529999,-19.950001,1770370152.262011
-0.354532,-0.384056,1.773636,48.230000,-73.570000,-22.260000,1770370152.270054
-0.227408,-0.384544,1.803160,30.870001,-86.660004,-14.490000,1770370152.278103
-0.122000,-0.331352,1.778516,12.110000,-92.820000,-11.760000,1770370152.286018
-0.038552,-0.230092,1.673840,-6.580000,-88.970001,-8.960000,1770370152.294028
0.015372,-0.116144,1.510116,-18.340000,-76.930000,-6.650000,1770370152.302021
0.038552,-0.022692,1.357860,-27.230000,-59.919998,-4.900000,1770370152.310014
0.053680,0.080276,1.218780,-33.669998,-36.470001,0.560000,1770370152.318057
0.035624,0.169824,1.102392,-40.669998,-15.610000,6.860000,1770370152.326006
-0.003172,0.233996,1.003572,-47.529999,5.600000,7.070000,1770370152.334091
-0.045872,0.297924,0.914268,-52.849998,21.700001,8.820000,1770370152.342027
-0.095160,0.345748,0.830088,-59.639999,32.130001,9.240000,1770370152.350002
-0.148352,0.376980,0.751520,-65.099998,38.500000,13.370000,1770370152.358287
-0.200812,0.375760,0.677588,-70.070000,39.689999,13.370000,1770370152.366007
-0.250832,0.364536,0.620004,-67.129997,36.959999,13.370000,1770370152.373990
-0.286944,0.353800,0.581208,-64.820000,32.060001,14.350000,1770370152.382030
-0.307928,0.361120,0.563152,-59.009998,23.450001,11.900000,1770370152.390023
-0.325740,0.360388,0.568764,-53.689999,12.810000,15.680000,1770370152.398067
-0.307440,0.364536,0.582184,-45.709999,-1.050000,10.570000,1770370152.406078
-0.277184,0.359900,0.613416,-40.529999,-15.820000,6.230000,1770370152.414035
-0.228384,0.334768,0.638304,-32.759998,-30.379999,-1.540000,1770370152.422016
-0.157624,0.300608,0.647576,-24.570000,-44.240002,-5.810000,1770370152.430040
-0.078324,0.253272,0.648064,-12.320000,-57.470001,-5.530000,1770370152.438089
-0.004636,0.191052,0.658068,0.910000,-62.439999,-10.010000,1770370152.446013
0.070516,0.148108,0.666364,18.410000,-60.130001,-9.520000,1770370152.454036
0.145668,0.124928,0.684420,39.200001,-54.320000,-12.600000,1770370152.462027
0.216672,0.127124,0.740784,53.759998,-41.860001,-7.700000,1770370152.470060
0.259372,0.130296,0.811544,62.090000,-29.049999,-7.280000,1770370152.478078
0.292312,0.128588,0.899140,64.330002,-11.060000,-7.840000,1770370152.486020
0.313296,0.099796,1.035780,66.010002,10.150000,2.030000,1770370152.494123
0.311588,0.045628,1.187548,62.509998,37.169998,2.940000,1770370152.502022
0.281332,-0.028304,1.339560,56.770000,66.849998,16.100000,1770370152.510019
0.216184,-0.105408,1.475712,53.340000,98.349998,26.530001,1770370152.518077
0.102236,-0.202520,1.584780,45.220001,125.370003,39.340000,1770370152.526178
-0.050264,-0.283528,1.641632,36.400002,143.289993,50.330002,1770370152.534069
-0.239120,-0.369172,1.645048,27.790001,153.720001,53.480000,1770370152.542026
-0.452376,-0.437492,1.616988,10.430000,157.570007,54.320000,1770370152.550182
-0.632204,-0.446276,1.532076,-8.680000,155.259995,44.240002,1770370152.558079
-0.803004,-0.419192,1.446920,-25.340000,148.960007,35.139999,1770370152.566018
-0.940620,-0.384544,1.367376,-31.360001,140.350006,23.379999,1770370152.574019
-1.039928,-0.297436,1.292712,-30.450001,122.849998,12.530000,1770370152.582149
-1.092632,-0.163480,1.204628,-33.180000,97.650002,1.680000,1770370152.589999
-1.085312,-0.021472,1.095560,-34.650002,66.430000,-3.920000,1770370152.598090
-1.040660,0.098820,1.000400,-39.200001,31.780001,-9.100000,1770370152.606018
-0.959896,0.188612,0.913780,-48.439999,-2.240000,-16.170000,1770370152.614098
-0.853756,0.237900,0.842288,-53.970001,-29.469999,-22.610001,1770370152.622023
-0.731268,0.258152,0.768112,-58.799999,-52.849998,-25.410000,1770370152.630048
-0.613904,0.270108,0.685396,-57.750000,-68.320000,-26.809999,1770370152.638106
-0.510936,0.272792,0.600484,-52.360001,-77.559998,-26.250000,1770370152.646029
-0.424316,0.294752,0.534604,-43.750000,-79.449997,-26.040001,1770370152.654020
-0.369660,0.318664,0.504348,-34.090000,-74.480003,-26.250000,1770370152.662020
-0.335744,0.354532,0.496540,-29.680000,-63.419998,-27.580000,1770370152.670054
-0.303780,0.393084,0.508984,-28.770000,-47.740002,-28.420000,1770370152.678110
-0.291336,0.395280,0.542412,-31.290001,-29.330000,-27.860001,1770370152.686020
-0.286212,0.353556,0.567300,-29.750000,-9.170000,-25.270000,1770370152.694216
-0.311344,0.287432,0.586820,-24.920000,6.090000,-16.799999,1770370152.702027
-0.360388,0.219356,0.596092,-12.250000,15.470000,-12.250000,1770370152.710018
-0.410896,0.149572,0.603656,-0.560000,19.600000,-0.910000,1770370152.718145
-0.460428,0.084424,0.606096,12.110000,16.940001,4.270000,1770370152.726094
-0.502884,0.017324,0.593652,25.549999,9.450000,10.570000,1770370152.734027
-0.535092,-0.049776,0.574620,40.180000,-2.030000,16.450001,1770370152.742023
-0.556808,-0.122244,0.537532,54.529999,-17.850000,22.610001,1770370152.750006
-0.577304,-0.193736,0.540216,68.739998,-32.270000,26.740000,1770370152.758084
-0.589748,-0.242048,0.612440,78.400002,-41.230000,25.620001,1770370152.766022
-0.599508,-0.289140,0.752008,80.220001,-47.810001,17.850000,1770370152.774024
-0.599996,-0.323056,0.921832,79.660004,-53.130001,12.110000,1770370152.782025
-0.571448,-0.360144,1.083848,74.620003,-58.099998,5.250000,1770370152.790018
-0.551440,-0.393084,1.223660,67.900002,-59.919998,-1.540000,1770370152.798160
-0.503128,-0.397720,1.334192,60.200001,-60.340000,-7.980000,1770370152.806020
-0.427732,-0.362828,1.433256,50.680000,-64.889999,-13.370000,1770370152.814058
-0.315004,-0.303536,1.491572,40.740002,-74.339996,-18.340000,1770370152.822058
-0.185684,-0.245220,1.508164,30.450001,-87.290001,-15.960000,1770370152.830054
-0.076372,-0.164212,1.493036,19.180000,-97.930000,-9.030000,1770370152.838104
0.002440,-0.086620,1.465220,4.340000,-99.959999,-1.120000,1770370152.846124
0.054412,0.005368,1.429108,-8.890000,-91.910004,3.010000,1770370152.854014
0.071980,0.093452,1.359080,-24.150000,-74.760002,1.680000,1770370152.862020
0.067344,0.165920,1.248060,-38.220001,-51.799999,4.270000,1770370152.870037
0.041480,0.219844,1.124596,-49.000000,-27.790001,3.850000,1770370152.878161
-0.001952,0.236680,1.026752,-56.209999,-2.940000,2.520000,1770370152.886021
-0.047824,0.243268,0.950868,-59.919998,20.090000,1.890000,1770370152.894064
-0.097844,0.246196,0.913536,-57.540001,37.730000,2.170000,1770370152.902029
-0.162748,0.253516,0.913780,-55.790001,51.240002,6.370000,1770370152.910066
-0.221308,0.271328,0.922076,-52.430000,57.189999,7.070000,1770370152.918061
-0.273280,0.289872,0.928420,-49.910000,54.740002,9.870000,1770370152.926019
-0.318420,0.281332,0.924272,-48.299999,42.209999,8.400000,1770370152.934156
-0.351604,0.267912,0.908412,-44.029999,25.480000,8.470000,1770370152.942051
-0.361364,0.220332,0.896944,-38.150002,5.390000,4.480000,1770370152.950047
-0.349408,0.175436,0.884988,-28.910000,-18.620001,5.040000,1770370152.958137
-0.302316,0.153476,0.898652,-17.219999,-42.349998,1.680000,1770370152.966015
-0.232044,0.153476,0.941352,-9.450000,-59.430000,-5.390000,1770370152.974039
-0.137372,0.167384,0.983320,-1.820000,-72.449997,-7.980000,1770370152.982030
-0.024888,0.188124,1.046516,2.030000,-79.870003,-12.460000,1770370152.990022
0.087108,0.202520,1.110688,2.520000,-80.010002,-14.140000,1770370152.998063
0.197640,0.206668,1.132648,6.370000,-76.860001,-13.720000,1770370153.006037
0.271816,0.195444,1.083604,8.190000,-67.900002,-12.810000,1770370153.014028
0.330376,0.170556,0.991128,10.220000,-57.680000,-6.300000,1770370153.022018
0.369660,0.139568,0.882304,14.630000,-43.889999,-2.030000,1770370153.030016
0.393328,0.102236,0.778604,18.059999,-24.010000,13.510000,1770370153.038113
0.404796,0.067344,0.721264,22.330000,-0.140000,23.170000,1770370153.046023
0.391620,-0.002928,0.709308,24.010000,28.559999,37.099998,1770370153.054068
0.362828,-0.113460,0.741272,28.629999,60.900002,52.150002,1770370153.062216
0.308416,-0.203496,0.802760,33.880001,93.169998,65.730003,1770370153.070684
0.215696,-0.260592,0.882304,39.549999,121.379997,74.620003,1770370153.078125
0.094428,-0.256688,0.923296,45.220001,144.830002,81.410004,1770370153.086026
-0.043676,-0.231800,0.990396,46.970001,163.029999,83.019997,1770370153.094125
-0.195444,-0.164944,1.092388,45.500000,175.139999,85.260002,1770370153.102024
-0.354776,-0.098820,1.204628,39.340000,183.889999,80.779999,1770370153.110018
-0.540948,-0.011956,1.280512,22.469999,187.880005,73.080002,1770370153.118076
-0.737124,0.057096,1.286368,3.220000,184.869995,60.970001,1770370153.126008
-0.901336,0.074664,1.217804,-15.330000,175.279999,50.330002,1770370153.134056
-1.009672,0.059536,1.102636,-28.000000,157.570007,36.540001,1770370153.142046
-1.077260,0.030256,0.986980,-33.880001,129.710007,23.379999,1770370153.150018
-1.104832,0.035136,0.903776,-36.400002,96.459999,12.390000,1770370153.158065
-1.093364,0.071004,0.875960,-32.549999,58.310001,1.680000,1770370153.166115
-1.041880,0.130540,0.894992,-31.430000,20.370001,-6.510000,1770370153.174040
-0.942816,0.197640,0.917196,-30.450001,-14.070000,-13.370000,1770370153.182010
-0.823256,0.259372,0.903044,-29.889999,-40.599998,-16.100000,1770370153.190016
-0.711016,0.312076,0.878156,-32.900002,-59.220001,-17.990000,1770370153.198069
-0.587796,0.351360,0.859124,-34.790001,-68.669998,-19.879999,1770370153.206002
-0.487024,0.362340,0.840092,-38.849998,-69.230003,-14.910000,1770370153.214095
-0.399672,0.339404,0.816912,-41.650002,-60.900002,-6.860000,1770370153.222026
-0.341112,0.270352,0.787632,-42.980000,-43.750000,2.590000,1770370153.230011
-0.324032,0.197884,0.779092,-38.779999,-20.930000,11.270000,1770370153.238072
-0.336476,0.137372,0.788120,-33.459999,5.530000,16.100000,1770370153.245998
-0.387960,0.095648,0.803736,-27.020000,33.040001,24.080000,1770370153.254102
-0.469700,0.063196,0.812520,-22.190001,55.439999,27.719999,1770370153.262015
-0.569740,0.026596,0.804712,-18.270000,71.120003,29.959999,1770370153.270014
-0.678564,-0.013664,0.790804,-14.980000,78.330002,29.540001,1770370153.278062
-0.784948,-0.051728,0.777872,-10.430000,81.339996,29.750000,1770370153.286014
-0.876936,-0.094428,0.789340,-6.440000,74.900002,24.920000,1770370153.294011
-0.957944,-0.112728,0.801296,-3.920000,60.689999,23.520000,1770370153.302058
-1.006988,-0.138836,0.794952,-2.240000,39.270000,19.110001,1770370153.310013
-1.009428,-0.164212,0.766404,-3.430000,9.310000,17.850000,1770370153.318060
-0.965996,-0.204960,0.710528,1.190000,-22.120001,11.900000,1770370153.326009
-0.901092,-0.236436,0.668560,9.240000,-52.220001,11.760000,1770370153.334257
-0.812276,-0.252296,0.641232,15.680000,-78.120003,11.200000,1770370153.342036
-0.710284,-0.258396,0.592676,25.340000,-103.389999,7.000000,1770370153.350101
-0.612928,-0.243024,0.576816,35.419998,-120.959999,5.180000,1770370153.358059
-0.517280,-0.193004,0.607072,45.639999,-132.860001,3.150000,1770370153.366010
-0.445056,-0.115412,0.637572,52.220001,-137.690002,-1.680000,1770370153.373995
-0.376248,-0.024400,0.667096,54.880001,-134.190002,-2.380000,1770370153.382022
-0.313540,0.063928,0.720776,55.650002,-126.279999,-9.170000,1770370153.390063
-0.251808,0.158356,0.831796,46.410000,-112.279999,-11.410000,1770370153.398095
-0.195444,0.264984,0.983076,33.950001,-94.779999,-23.100000,1770370153.406013
-0.129564,0.348676,1.107760,16.240000,-76.860001,-28.420000,1770370153.414047
-0.075640,0.400404,1.158756,-4.550000,-62.090000,-31.010000,1770370153.422074
-0.017324,0.397476,1.159000,-24.570000,-52.779999,-27.930000,1770370153.430015
0.039284,0.327448,1.130940,-40.110001,-48.160000,-19.320000,1770370153.438098
0.069296,0.223748,1.111420,-52.639999,-44.380001,-10.990000,1770370153.446065
0.058316,0.094916,1.093608,-53.689999,-36.470001,-1.890000,1770370153.454036
0.036356,-0.008784,1.106296,-52.080002,-25.340000,5.390000,1770370153.462021
0.023668,-0.061732,1.141676,-42.349998,-12.180000,2.030000,1770370153.470050
0.007808,-0.073688,1.176568,-33.810001,-0.350000,-4.620000,1770370153.478235
-0.024400,-0.063196,1.228784,-24.010000,9.240000,-7.980000,1770370153.486014
-0.055876,-0.061732,1.268068,-13.580000,17.150000,-9.870000,1770370153.494023
-0.083204,-0.049532,1.294664,-4.410000,19.600000,-13.230000,1770370153.502058
-0.105408,-0.023912,1.316136,2.100000,16.170000,-14.700000,1770370153.510064
-0.120536,0.014884,1.333216,4.760000,12.390000,-13.790000,1770370153.518062
-0.117852,0.051484,1.362496,7.770000,6.160000,-17.780001,1770370153.526016
-0.115412,0.099552,1.374696,3.850000,-3.290000,-16.940001,1770370153.534095
-0.111996,0.141520,1.341756,-3.780000,-10.010000,-17.290001,1770370153.542007
-0.102968,0.156404,1.264408,-12.110000,-17.219999,-16.030001,1770370153.550024
-0.089548,0.138348,1.155340,-22.120001,-21.350000,-12.810000,1770370153.558059
-0.076860,0.098576,1.050176,-27.090000,-22.820000,-7.840000,1770370153.566147
-0.068320,0.043432,0.965264,-28.910000,-21.770000,-4.970000,1770370153.574013
-0.057828,0.016836,0.918172,-27.440001,-17.500000,4.130000,1770370153.582018
-0.047824,0.008540,0.918416,-22.750000,-8.820000,5.880000,1770370153.590024
-0.037576,0.030012,0.954772,-19.459999,0.980000,17.500000,1770370153.598078
-0.039284,0.067832,0.982588,-16.030001,11.410000,22.680000,1770370153.606158
-0.047092,0.085888,0.952332,-14.770000,19.809999,31.430000,1770370153.614014
-0.066368,0.091256,0.868396,-8.680000,24.500000,44.590000,1770370153.622002
-0.081740,0.109312,0.750300,-4.340000,24.570000,49.560001,1770370153.630011
-0.088084,0.126880,0.633180,1.750000,23.450001,57.330002,1770370153.638114
-0.076372,0.104188,0.569252,8.680000,22.680000,58.869999,1770370153.646080
-0.050752,0.033916,0.556320,16.100000,23.379999,61.250000,1770370153.654117
-0.015128,0.001952,0.579744,28.559999,26.110001,63.700001,1770370153.662028
-0.010004,0.006588,0.668560,37.799999,33.389999,63.490002,1770370153.670021
-0.032208,0.070760,0.769088,40.040001,48.439999,61.180000,1770370153.678103
-0.084424,0.140544,0.834968,37.169998,63.980000,59.080002,1770370153.686029
-0.161040,0.180804,0.868640,29.469999,76.440002,53.480000,1770370153.694094
-0.245708,0.170312,0.902800,20.230000,84.559998,45.080002,1770370153.702021
-0.331108,0.137372,0.956236,8.890000,88.269997,34.790001,1770370153.710013
-0.414312,0.117608,1.024312,-0.350000,88.339996,23.940001,1770370153.718064
-0.494588,0.109068,1.091656,-10.010000,85.680000,21.559999,1770370153.726139
-0.567544,0.112972,1.130940,-17.430000,81.059998,14.070000,1770370153.734075
-0.635132,0.120048,1.130452,-21.840000,75.529999,11.060000,1770370153.742018
-0.675148,0.122244,1.118008,-25.690001,66.010002,0.210000,1770370153.750010
-0.690276,0.124440,1.080188,-30.309999,56.490002,-3.990000,1770370153.758076
-0.681004,0.138104,1.051396,-37.099998,41.930000,-8.750000,1770370153.766016
-0.644892,0.143960,1.033584,-45.849998,32.689999,-10.010000,1770370153.774011
-0.598532,0.100528,1.037488,-48.650002,28.559999,-6.160000,1770370153.782115
-0.559980,0.026108,1.040660,-49.630001,32.689999,-4.410000,1770370153.790009
-0.546316,-0.033672,1.039928,-46.970001,42.910000,4.970000,1770370153.798088
-0.569252,-0.089548,1.021872,-44.099998,55.090000,7.770000,1770370153.806016
-0.614880,-0.138592,0.983564,-42.910000,69.089996,11.340000,1770370153.814025
-0.685396,-0.188368,0.939156,-38.990002,79.309998,16.100000,1770370153.822059
-0.757376,-0.217892,0.897676,-36.750000,87.010002,16.520000,1770370153.830017
-0.825208,-0.237900,0.848632,-30.520000,88.620003,15.890000,1770370153.838083
-0.879620,-0.254980,0.791780,-20.510000,86.660004,13.020000,1770370153.846022
-0.934520,-0.255468,0.729560,-13.370000,80.220001,13.370000,1770370153.854024
-0.967460,-0.215940,0.694424,-4.480000,70.139999,7.980000,1770370153.862027
-0.981856,-0.148108,0.701744,0.210000,57.680000,3.710000,1770370153.870153
-0.977952,-0.066856,0.746152,5.110000,42.770000,0.140000,1770370153.878089
-0.958920,0.000244,0.783972,8.120000,24.290001,-3.220000,1770370153.886015
-0.918904,0.037576,0.793000,8.120000,1.190000,-4.130000,1770370153.894028
-0.867664,0.042700,0.763476,10.430000,-25.340000,-7.140000,1770370153.902073
-0.800808,0.024400,0.712724,14.140000,-49.770000,-10.850000,1770370153.910127
-0.723948,0.005368,0.631960,22.400000,-75.669998,-12.460000,1770370153.918071
-0.647088,0.000000,0.537776,33.320000,-93.589996,-12.320000,1770370153.926016
-0.582672,0.004392,0.447496,45.990002,-106.750000,-15.680000,1770370153.934133
-0.537532,0.026840,0.373808,62.299999,-116.830002,-15.120000,1770370153.942009
-0.506544,0.084912,0.377956,72.519997,-121.519997,-20.230000,1770370153.950027
-0.464088,0.158356,0.464576,78.750000,-123.620003,-25.690001,1770370153.958080
-0.409432,0.251564,0.598288,75.949997,-120.400002,-32.480000,1770370153.966017
-0.340136,0.351604,0.752008,67.059998,-114.029999,-41.790001,1770370153.974095
-0.260592,0.434320,0.865224,53.270000,-105.629997,-46.689999,1770370153.982045
-0.202276,0.468724,0.937692,34.230000,-100.449997,-54.669998,1770370153.990015
-0.148108,0.456036,0.975756,13.090000,-97.230003,-57.470001,1770370153.998074
-0.088816,0.386984,1.003816,-7.000000,-94.430000,-55.580002,1770370154.006130
-0.043920,0.294508,1.039928,-21.000000,-90.650002,-48.860001,1770370154.014016
-0.008784,0.172752,1.095316,-28.490000,-85.889999,-42.700001,1770370154.022021
0.028304,0.046116,1.173640,-31.010000,-82.110001,-45.220001,1770370154.030015
0.058804,-0.074664,1.264164,-28.350000,-74.339996,-44.450001,1770370154.038205
0.083936,-0.154452,1.345172,-21.070000,-67.129997,-49.840000,1770370154.046003
0.136396,-0.178608,1.432768,-13.440000,-58.240002,-49.840000,1770370154.054059
0.160552,-0.187148,1.517680,-2.100000,-46.200001,-49.980000,1770370154.062320
0.183488,-0.149328,1.554280,3.010000,-30.730000,-44.939999,1770370154.071587
0.200812,-0.088328,1.575264,9.310000,-21.209999,-42.349998,1770370154.078151
0.193492,-0.004880,1.556720,4.970000,-14.000000,-38.849998,1770370154.086022
0.184708,0.073444,1.476688,-2.310000,-11.340000,-31.430000,1770370154.094141
0.186904,0.141276,1.330288,-14.000000,-12.390000,-25.830000,1770370154.102026
0.190564,0.171044,1.205604,-20.930000,-13.020000,-20.299999,1770370154.110018
0.190076,0.180316,1.113616,-28.070000,-9.590000,-10.290000,1770370154.118065
0.180804,0.187880,1.063352,-28.629999,-0.840000,-2.240000,1770370154.125997
0.159576,0.194468,1.040416,-31.219999,12.600000,6.510000,1770370154.134022
0.126392,0.210816,1.027484,-29.120001,31.010000,14.700000,1770370154.142017
0.078324,0.230336,1.006012,-29.889999,51.380001,23.030001,1770370154.150027
0.021960,0.233020,0.952088,-29.400000,67.550003,30.240000,1770370154.158082
-0.036844,0.207156,0.840092,-27.790001,78.680000,38.080002,1770370154.166004
-0.097844,0.181536,0.686860,-24.570000,83.440002,43.330002,1770370154.174020
-0.135908,0.167384,0.550952,-17.360001,83.089996,44.799999,1770370154.182060
-0.171776,0.123220,0.501420,-10.080000,79.099998,43.119999,1770370154.190018
-0.176900,0.049288,0.496784,2.450000,74.550003,46.060001,1770370154.198072
-0.180316,-0.011224,0.542168,18.340000,69.440002,46.130001,1770370154.206011
-0.203008,-0.012444,0.653432,31.430000,68.529999,51.099998,1770370154.214077
-0.232288,0.052216,0.770308,38.779999,73.010002,50.119999,1770370154.222020
-0.266692,0.107116,0.845704,33.740002,73.430000,48.439999,1770370154.230015
-0.320860,0.107116,0.889868,24.080000,70.209999,39.970001,1770370154.238082
-0.370148,0.071492,0.921344,13.650000,66.360001,37.169998,1770370154.245997
-0.441640,0.014396,0.991860,2.800000,66.150002,28.070000,1770370154.254018
-0.521428,-0.042944,1.052860,-10.360000,69.019997,21.350000,1770370154.262147
-0.613416,-0.081252,1.051152,-21.559999,74.550003,16.730000,1770370154.270043
-0.721020,-0.105896,0.999912,-27.090000,78.889999,7.490000,1770370154.278060
-0.830332,-0.137860,0.924516,-31.430000,80.989998,-2.520000,1770370154.286008
-0.904508,-0.151280,0.886940,-36.189999,78.400002,-17.290001,1770370154.294077
-0.936472,-0.131028,0.881572,-35.000000,71.820000,-21.629999,1770370154.302025
-0.945256,-0.118828,0.906460,-35.139999,59.360001,-20.860001,1770370154.310012
-0.951112,-0.115412,0.950136,-31.990000,45.430000,-18.200001,1770370154.318058
-0.959164,-0.127612,1.003328,-26.530001,34.020000,-11.690000,1770370154.326010
-0.974292,-0.137128,1.045052,-19.670000,23.240000,-7.140000,1770370154.334005
-0.991128,-0.141276,1.070428,-13.160000,16.799999,-4.830000,1770370154.342015
-0.994788,-0.135664,1.036512,-6.580000,12.180000,-5.180000,1770370154.350023
-0.978440,-0.114192,0.954528,1.050000,6.860000,-5.950000,1770370154.358061
-0.951844,-0.081740,0.876692,8.470000,0.210000,-3.500000,1770370154.366017
-0.921344,-0.049776,0.821792,12.040000,-6.160000,-6.650000,1770370154.374002
-0.883768,-0.029524,0.784704,14.000000,-13.020000,-7.770000,1770370154.382022
-0.838384,-0.016592,0.778116,10.990000,-21.629999,-14.560000,1770370154.390081
-0.778848,-0.016104,0.800564,10.850000,-26.110001,-17.080000,1770370154.398079
-0.711260,-0.028304,0.835456,16.100000,-31.219999,-19.670000,1770370154.406029
-0.640256,-0.062708,0.866932,19.670000,-38.919998,-21.209999,1770370154.414080
-0.582916,-0.101992,0.872300,28.420000,-53.900002,-23.240000,1770370154.422019
-0.527040,-0.134932,0.851804,36.540001,-69.370003,-27.160000,1770370154.430006
-0.478484,-0.133224,0.784704,46.900002,-85.400002,-30.170000,1770370154.438216
-0.426756,-0.113948,0.678808,56.349998,-100.660004,-28.840000,1770370154.446007
-0.387716,-0.093452,0.570960,68.180000,-112.629997,-32.689999,1770370154.454365
-0.350872,-0.070272,0.476532,80.430000,-117.949997,-31.850000,1770370154.462026
-0.313052,-0.020984,0.439200,90.720001,-120.260002,-34.580002,1770370154.470029
-0.268400,0.048312,0.492148,97.440002,-114.870003,-40.110001,1770370154.478071
-0.235948,0.142740,0.615124,94.570000,-101.989998,-45.290001,1770370154.486173
-0.204960,0.238876,0.762256,84.419998,-86.169998,-52.220001,1770370154.494025
-0.178852,0.338672,0.890844,66.080002,-67.199997,-62.860001,1770370154.502034
-0.150060,0.408944,0.966972,44.869999,-50.259998,-68.389999,1770370154.510021
-0.123220,0.442860,0.986980,20.440001,-40.459999,-72.099998,1770370154.518073
-0.098576,0.444324,0.978684,2.870000,-39.060001,-68.949997,1770370154.526028
-0.113948,0.394792,0.976000,-18.129999,-41.090000,-62.580002,1770370154.534015
-0.106384,0.330864,1.006256,-31.010000,-44.380001,-57.049999,1770370154.542019
-0.098332,0.275476,1.095560,-42.560001,-46.480000,-54.599998,1770370154.550026
-0.091012,0.205204,1.197796,-47.320000,-48.160000,-53.130001,1770370154.558069
-0.079788,0.107848,1.283928,-47.459999,-48.299999,-54.250000,1770370154.566028
-0.051728,0.036112,1.344928,-41.299999,-48.650002,-60.060001,1770370154.574022
-0.024156,-0.013176,1.380796,-27.090000,-45.009998,-58.169998,1770370154.582013
-0.005368,-0.048312,1.396656,-15.680000,-37.240002,-57.049999,1770370154.590156
0.014152,-0.047092,1.420080,-1.330000,-31.500000,-51.590000,1770370154.598117
0.039284,0.003660,1.434232,6.440000,-27.160000,-47.180000,1770370154.606024
0.067344,0.076128,1.402756,9.240000,-25.620001,-40.880001,1770370154.614065
0.101992,0.148352,1.314916,6.230000,-26.950001,-35.139999,1770370154.622012
0.151036,0.207400,1.218536,-1.890000,-31.780001,-31.080000,1770370154.630023
0.199836,0.231312,1.131672,-11.340000,-30.799999,-19.530001,1770370154.638085
0.239364,0.231068,1.080188,-21.559999,-28.209999,-10.430000,1770370154.646004
0.258640,0.207156,1.057496,-32.689999,-15.820000,2.170000,1770370154.654072
0.270108,0.146644,1.028460,-34.650002,1.400000,15.820000,1770370154.662031
0.252784,0.068564,0.949892,-31.430000,22.260000,28.490000,1770370154.670008
0.214964,0.001220,0.833992,-20.650000,42.700001,40.880001,1770370154.678102
0.149328,-0.024156,0.738344,-7.980000,59.360001,54.250000,1770370154.686045
0.072712,-0.011224,0.678076,0.210000,75.320000,61.459999,1770370154.694078
-0.009760,0.000244,0.630496,9.660000,90.019997,62.439999,1770370154.702056
-0.074664,-0.006344,0.618784,10.430000,99.540001,63.560001,1770370154.710022
-0.142740,-0.024400,0.693448,13.580000,105.209999,59.990002,1770370154.718081
-0.232532,-0.048800,0.836188,15.890000,110.669998,60.200001,1770370154.726073
-0.343552,-0.057828,0.960140,16.870001,114.029999,56.980000,1770370154.734029
-0.447496,-0.028304,1.002840,14.980000,111.510002,52.220001,1770370154.742023
-0.556320,0.032208,0.983320,9.520000,105.070000,46.130001,1770370154.750029
-0.649040,0.085888,0.950136,-0.840000,92.680000,35.980000,1770370154.758069
-0.732488,0.101504,0.914512,-13.650000,80.639999,24.500000,1770370154.766074
-0.798124,0.067100,0.860100,-28.559999,67.480003,7.350000,1770370154.774000
-0.840580,0.022936,0.818376,-36.959999,54.389999,-9.450000,1770370154.782026
-0.858880,-0.032940,0.822036,-41.650002,47.459999,-20.440001,1770370154.790020
-0.866444,-0.075396,0.863272,-43.189999,40.180000,-30.870001,1770370154.798074
-0.871568,-0.069052,0.889624,-42.980000,29.889999,-36.400002,1770370154.806037
-0.860588,-0.027328,0.889868,-40.880001,16.379999,-40.320000,1770370154.814023
-0.838140,0.013908,0.855220,-38.220001,3.290000,-36.259998,1770370154.822018
-0.803492,0.037820,0.803736,-35.209999,-7.280000,-28.280001,1770370154.830079
-0.770796,0.025132,0.788120,-26.879999,-12.110000,-19.530001,1770370154.838607
-0.751764,0.012932,0.819352,-15.890000,-12.810000,-12.320000,1770370154.846007
-0.753716,0.006100,0.890112,-6.650000,-13.160000,-10.570000,1770370154.854030
-0.769088,0.007808,0.943792,-0.770000,-11.480000,-9.450000,1770370154.862121
-0.788608,-0.001708,0.957212,2.800000,-10.710000,-12.460000,1770370154.870114
-0.804956,-0.037332,0.919636,6.650000,-12.460000,-9.520000,1770370154.878108
-0.816668,-0.087108,0.851072,9.100000,-17.709999,-6.930000,1770370154.886023
-0.811056,-0.155184,0.800808,14.770000,-25.480000,-5.180000,1770370154.894015
-0.789096,-0.245708,0.741272,23.520000,-40.110001,-1.680000,1770370154.902102
-0.732732,-0.338672,0.677588,37.520000,-60.689999,-0.560000,1770370154.910022
-0.662460,-0.412360,0.687348,54.110001,-82.110001,-3.360000,1770370154.918140
-0.586820,-0.449448,0.750788,68.529999,-98.209999,-4.900000,1770370154.926017
-0.510692,-0.485804,0.799588,87.080002,-112.349998,-7.420000,1770370154.934016
-0.441884,-0.479704,0.885964,102.199997,-122.150002,-13.580000,1770370154.942031
-0.379908,-0.392840,1.054812,108.010002,-123.129997,-22.820000,1770370154.950030
-0.323544,-0.222040,1.277828,99.400002,-117.110001,-32.830002,1770370154.958085
-0.274744,-0.057828,1.429108,77.489998,-104.930000,-42.910000,1770370154.966021
-0.194468,0.053680,1.449848,49.840000,-91.000000,-50.959999,1770370154.974169
-0.106872,0.113948,1.348344,30.100000,-79.660004,-48.369999,1770370154.982022
-0.036356,0.154940,1.242936,17.360001,-72.730003,-47.180000,1770370154.990027
0.029280,0.214720,1.187304,6.580000,-67.760002,-41.439999,1770370154.998077
0.105652,0.307684,1.144848,-3.220000,-66.360001,-35.490002,1770370155.006165
0.157380,0.390156,1.110932,-14.980000,-64.120003,-26.459999,1770370155.014015
0.175436,0.451644,1.068232,-27.790001,-56.980000,-18.270000,1770370155.022019
0.155916,0.478240,0.998448,-42.070000,-46.200001,-16.170000,1770370155.030019
0.118340,0.474092,0.878400,-52.220001,-33.459999,-11.130000,1770370155.038096
0.081496,0.470432,0.737856,-57.889999,-22.330000,-10.640000,1770370155.046043
0.048068,0.456036,0.604144,-59.290001,-13.930000,-4.830000,1770370155.054031
0.014152,0.442860,0.501908,-55.650002,-9.940000,-3.570000,1770370155.062302
-0.011468,0.427488,0.442860,-53.410000,-1.330000,-3.150000,1770370155.070673
-0.029280,0.417240,0.458964,-50.330002,6.580000,2.590000,1770370155.078166
-0.044164,0.408944,0.547780,-47.180000,17.080000,4.760000,1770370155.086024
-0.042212,0.388692,0.640500,-46.549999,26.040001,0.700000,1770370155.094180
-0.033184,0.345016,0.718824,-38.639999,36.470001,-4.900000,1770370155.102019
-0.010980,0.287188,0.810812,-30.799999,45.709999,-6.930000,1770370155.110124
0.015128,0.226432,0.892064,-17.430000,52.360001,-9.450000,1770370155.118069
0.036600,0.177876,0.942084,-7.350000,51.660000,-3.920000,1770370155.126009
0.042944,0.116144,0.962092,6.440000,46.549999,0.770000,1770370155.134018
0.060512,0.043432,0.927200,22.540001,37.450001,7.000000,1770370155.142040
0.092964,-0.030744,0.925248,40.320000,25.830000,16.520000,1770370155.150027
0.116632,-0.084180,1.004792,53.970001,21.350000,27.650000,1770370155.158064
0.120292,-0.102968,1.173640,61.740002,19.809999,35.490002,1770370155.166014
0.111996,-0.124928,1.400804,56.560001,30.170000,42.000000,1770370155.174097
0.087596,-0.173972,1.612108,43.750000,48.790001,52.360001,1770370155.182001
0.029524,-0.235216,1.755092,28.209999,73.010002,58.869999,1770370155.190015
-0.088572,-0.309880,1.789740,11.130000,97.089996,67.129997,1770370155.198062
-0.236192,-0.394060,1.752652,-7.420000,114.870003,63.910000,1770370155.206015
-0.421632,-0.445544,1.648220,-25.830000,129.919998,57.959999,1770370155.214038
-0.637816,-0.467016,1.494012,-40.320000,144.830002,45.639999,1770370155.222027
-0.843752,-0.501420,1.318820,-54.250000,157.009995,26.600000,1770370155.230096
-1.003572,-0.513376,1.198772,-60.130001,160.509995,3.710000,1770370155.238061
-1.095804,-0.461648,1.102392,-57.189999,151.690002,-13.440000,1770370155.246011
-1.140456,-0.339892,0.998448,-47.880001,127.820000,-25.690001,1770370155.254030
-1.136308,-0.161284,0.908656,-34.230000,88.059998,-33.810001,1770370155.262156
-1.096292,0.009516,0.810568,-28.420000,45.779999,-38.990002,1770370155.270041
-1.018456,0.158356,0.674660,-21.139999,2.170000,-44.590000,1770370155.278053
-0.874984,0.279380,0.502640,-15.260000,-37.450001,-42.000000,1770370155.285996
-0.738344,0.328668,0.373076,-10.570000,-69.440002,-43.259998,1770370155.294012
-0.595604,0.366976,0.308416,-5.880000,-95.410004,-42.070000,1770370155.302013
-0.474580,0.386008,0.288164,-3.430000,-108.220001,-42.209999,1770370155.310070
-0.365512,0.390156,0.289384,-3.360000,-114.940002,-42.560001,1770370155.318103
-0.292312,0.375028,0.288164,-4.480000,-111.510002,-36.820000,1770370155.326007
-0.227896,0.352824,0.286456,-7.630000,-103.669998,-35.700001,1770370155.334010
-0.196420,0.287188,0.292068,-10.080000,-94.430000,-23.030001,1770370155.342047
-0.163480,0.222772,0.304756,-8.890000,-78.400002,-10.780000,1770370155.350017
-0.158356,0.120048,0.342576,-1.330000,-64.680000,-0.070000,1770370155.358061
-0.163480,0.021472,0.388936,11.200000,-50.470001,11.550000,1770370155.366001
-0.192760,-0.065148,0.471164,29.889999,-34.160000,22.049999,1770370155.373997
-0.237900,-0.139812,0.573156,49.770000,-17.920000,34.860001,1770370155.382017
-0.336232,-0.237900,0.701988,73.570000,0.140000,35.490002,1770370155.390086
-0.450668,-0.291336,0.896212,94.010002,17.150000,35.700001,1770370155.398059
-0.600484,-0.282308,1.176568,104.650002,32.270000,28.629999,1770370155.406029
-0.757132,-0.227164,1.462292,107.589996,33.950001,28.490000,1770370155.414017
-0.877180,-0.186660,1.642120,97.510002,19.809999,19.389999,1770370155.422017
-0.949648,-0.204228,1.679208,82.320000,-8.400000,8.540000,1770370155.430109
-1.000156,-0.269620,1.651636,66.430000,-36.889999,-6.580000,1770370155.438109
-0.975024,-0.402600,1.633824,56.070000,-64.680000,-19.320000,1770370155.446018
-0.792756,-0.532164,1.695800,44.660000,-92.889999,-34.930000,1770370155.454111
-0.490196,-0.554856,1.805600,35.630001,-128.169998,-32.200001,1770370155.462029
-0.229360,-0.508008,1.905152,21.559999,-154.000000,-27.160000,1770370155.470062
-0.009516,-0.385032,1.946388,-0.910000,-160.369995,-20.440001,1770370155.478059
0.177632,-0.228872,1.867088,-24.430000,-149.800003,-12.250000,1770370155.486015
0.297192,-0.071248,1.629920,-45.220001,-129.360001,-4.970000,1770370155.494134
0.351116,0.040260,1.320528,-55.650002,-103.879997,5.810000,1770370155.502016
0.354044,0.101016,1.047248,-57.680000,-74.339996,19.809999,1770370155.510028
0.327936,0.147864,0.819596,-54.740002,-41.369999,34.230000,1770370155.518064
0.286456,0.231068,0.638792,-48.860001,-12.390000,43.049999,1770370155.526038
0.236924,0.322568,0.519720,-41.580002,15.610000,47.529999,1770370155.534094
0.161772,0.425536,0.426756,-35.000000,38.570000,41.580002,1770370155.542282
0.096136,0.503128,0.342332,-31.080000,55.230000,43.259998,1770370155.550167
0.020984,0.570716,0.276696,-29.889999,65.800003,35.139999,1770370155.558063
-0.057096,0.623908,0.236680,-29.190001,70.489998,28.350000,1770370155.566017
-0.126880,0.653920,0.177144,-31.639999,70.489998,20.020000,1770370155.574047
-0.162992,0.650992,0.109312,-26.879999,65.029999,12.460000,1770370155.582022
-0.188612,0.621956,0.049532,-21.910000,58.869999,9.310000,1770370155.590017
-0.191052,0.556564,-0.001708,-12.670000,49.419998,3.500000,1770370155.598072
-0.182024,0.502152,-0.002440,0.700000,43.049999,6.510000,1770370155.606016
-0.182024,0.464088,0.113948,14.420000,41.230000,1.260000,1770370155.614201
-0.166896,0.433832,0.340380,23.100000,45.150002,3.640000,1770370155.622000
-0.169824,0.413092,0.664168,28.420000,50.470001,3.430000,1770370155.630013
-0.178608,0.381372,0.976488,28.980000,58.730000,-3.150000,1770370155.638066
-0.183244,0.300852,1.242692,28.559999,67.410004,-1.610000,1770370155.646013
-0.194712,0.200568,1.416420,28.350000,74.690002,-4.130000,1770370155.654025
-0.213988,0.118828,1.588684,31.219999,71.540001,4.620000,1770370155.662047
-0.297924,0.018056,1.821948,33.459999,62.580002,9.800000,1770370155.670022
-0.394548,-0.147620,2.010560,42.770000,52.080002,16.309999,1770370155.678074
-0.447984,-0.256200,2.001776,46.410000,44.939999,18.969999,1770370155.686012
-0.432856,-0.297680,1.883436,38.639999,36.820000,20.930000,1770370155.694034
-0.407236,-0.344040,1.765584,27.790001,36.959999,26.180000,1770370155.702134
-0.410896,-0.424560,1.679940,16.100000,46.270000,26.600000,1770370155.710012
-0.465064,-0.486048,1.667008,2.800000,65.309998,24.290001,1770370155.718090
-0.553392,-0.496784,1.667008,-14.910000,87.290001,11.550000,1770370155.726014
-0.638792,-0.414556,1.618940,-32.410000,104.930000,-3.500000,1770370155.734046
-0.727120,-0.319884,1.481812,-49.000000,113.750000,-15.960000,1770370155.742134
-0.791048,-0.222040,1.274412,-63.209999,110.459999,-23.030001,1770370155.750017
-0.815692,-0.119072,1.060912,-70.629997,95.199997,-32.480000,1770370155.758063
-0.818620,-0.025864,0.876204,-68.320000,71.680000,-35.279999,1770370155.766058
-0.809836,0.051240,0.723460,-63.209999,47.250000,-38.639999,1770370155.774020
-0.795684,0.114436,0.615612,-56.419998,25.270000,-39.619999,1770370155.782018
-0.764696,0.160796,0.533872,-47.529999,7.280000,-39.549999,1770370155.790005
-0.715896,0.202764,0.433588,-40.180000,-7.490000,-38.500000,1770370155.798125
-0.657092,0.234240,0.343552,-31.990000,-22.049999,-38.080002,1770370155.806035
-0.592432,0.264984,0.268400,-26.670000,-36.119999,-37.380001,1770370155.814072
-0.528748,0.293532,0.221064,-17.080000,-51.240002,-35.139999,1770370155.822034
-0.464820,0.325740,0.185196,-11.550000,-65.099998,-35.279999,1770370155.830018
-0.386740,0.334524,0.159820,-4.760000,-80.220001,-34.580002,1770370155.838070
-0.317444,0.306952,0.140300,3.080000,-94.430000,-25.129999,1770370155.846082
-0.264252,0.253516,0.142984,8.890000,-101.220001,-17.850000,1770370155.854067
-0.218624,0.189588,0.153964,18.200001,-104.860001,-1.400000,1770370155.862025
-0.197884,0.111264,0.188856,29.959999,-99.750000,8.610000,1770370155.870002
-0.194956,0.050996,0.321104,41.650002,-79.449997,18.900000,1770370155.878119
-0.208864,0.017324,0.559248,44.660000,-47.110001,22.610001,1770370155.886014
-0.243512,-0.012444,0.828868,43.750000,-6.930000,23.660000,1770370155.894057
-0.308416,-0.072468,1.068232,47.459999,27.230000,27.650000,1770370155.902023
-0.469212,-0.168604,1.313940,62.090000,51.029999,28.910000,1770370155.910020
-0.702720,-0.234728,1.565016,83.510002,55.860001,27.230000,1770370155.918080
-0.987468,-0.208864,1.743868,93.660004,46.340000,16.730000,1770370155.926035
-1.198040,-0.167140,1.796816,81.550003,25.059999,1.540000,1770370155.934018
-1.265140,-0.172996,1.758508,62.090000,-14.980000,-8.400000,1770370155.942029
-1.235616,-0.274988,1.706536,36.400002,-64.120003,-18.969999,1770370155.950095
-1.096048,-0.409676,1.693116,18.549999,-111.580002,-24.010000,1770370155.958077
-0.820572,-0.488976,1.727520,3.920000,-152.250000,-25.480000,1770370155.966009
-0.551684,-0.489708,1.785592,-5.250000,-179.479996,-26.389999,1770370155.974152
-0.294020,-0.398208,1.812920,-15.470000,-190.750000,-26.600000,1770370155.982021
-0.066856,-0.243024,1.758508,-31.010000,-183.539993,-26.600000,1770370155.990016
0.121756,-0.126148,1.569408,-51.799999,-167.440002,-25.129999,1770370155.998062
0.271816,-0.032452,1.284172,-64.120003,-150.919998,-13.020000,1770370156.006002
0.349896,0.015616,1.013576,-67.900002,-132.860001,-0.980000,1770370156.014038
0.377712,0.052460,0.786412,-64.820000,-111.510002,15.540000,1770370156.022025
0.386740,0.099308,0.626104,-59.009998,-87.709999,27.650000,1770370156.030024
0.386008,0.150304,0.513864,-51.520000,-59.849998,41.930000,1770370156.038079
0.359656,0.196908,0.433344,-42.349998,-33.389999,49.279999,1770370156.046099
0.320372,0.232532,0.359168,-33.669998,-8.750000,49.070000,1770370156.054030
0.246928,0.268400,0.288652,-22.540001,11.970000,49.209999,1770370156.062324
0.174948,0.307196,0.239364,-15.680000,30.240000,49.070000,1770370156.070780
0.098576,0.338184,0.193248,-5.250000,46.830002,45.500000,1770370156.078210
0.036112,0.366732,0.142984,-1.120000,57.540001,40.669998,1770370156.086065
-0.012444,0.388204,0.090524,4.340000,65.870003,30.799999,1770370156.094055
-0.050020,0.375272,0.051484,10.080000,70.209999,24.500000,1770370156.102019
-0.083692,0.347700,0.032452,20.020000,76.230003,16.309999,1770370156.110018
-0.115900,0.323056,0.091744,30.450001,80.639999,16.730000,1770370156.118090
-0.138348,0.315004,0.233508,38.570000,87.430000,10.360000,1770370156.126112
-0.154696,0.307440,0.453596,41.020000,94.639999,7.070000,1770370156.134018
-0.183000,0.319640,0.768844,40.880001,104.300003,0.490000,1770370156.142044
-0.199104,0.316956,1.057740,33.459999,116.620003,-4.410000,1770370156.150165
-0.223992,0.254248,1.237568,29.400000,122.290001,-8.190000,1770370156.158062
-0.265228,0.154208,1.445212,26.389999,119.489998,-6.020000,1770370156.166014
-0.346236,0.067100,1.685064,25.059999,101.430000,-2.940000,1770370156.174015
-0.443348,-0.030744,1.887584,29.889999,75.529999,-0.210000,1770370156.182046
-0.514352,-0.220576,2.049844,41.580002,51.799999,2.940000,1770370156.190010
-0.540948,-0.307440,2.050088,49.560001,33.389999,3.710000,1770370156.198053
-0.529236,-0.283284,1.982988,41.020000,25.270000,5.530000,1770370156.205991
-0.501664,-0.286212,1.883436,23.660000,24.990000,5.880000,1770370156.214025
-0.498980,-0.333304,1.804380,7.630000,37.240002,7.280000,1770370156.222016
-0.537776,-0.379664,1.781688,-7.980000,57.610001,3.360000,1770370156.230088
-0.596824,-0.383080,1.742404,-26.459999,76.790001,-8.400000,1770370156.238061
-0.648308,-0.328424,1.604300,-43.680000,92.400002,-15.400000,1770370156.246025
-0.709552,-0.246440,1.377624,-56.209999,97.300003,-22.540001,1770370156.254018
-0.771284,-0.155916,1.141188,-63.070000,91.209999,-26.530001,1770370156.262018
-0.806420,-0.040748,0.924516,-65.870003,74.199997,-31.430000,1770370156.270117
-0.821792,0.053924,0.755912,-63.770000,52.360001,-35.349998,1770370156.278051
-0.816424,0.111752,0.632204,-56.770000,29.820000,-37.590000,1770370156.286011
-0.789584,0.140544,0.543876,-47.880001,8.820000,-37.029999,1770370156.294012
-0.737612,0.150060,0.464576,-38.080002,-9.170000,-37.380001,1770370156.301994
-0.663436,0.153964,0.388204,-30.240000,-27.790001,-39.200001,1770370156.310013
-0.589748,0.164700,0.300120,-22.469999,-43.889999,-39.200001,1770370156.318068
-0.520452,0.176656,0.228872,-15.890000,-57.400002,-41.790001,1770370156.326058
-0.446276,0.195688,0.165432,-11.760000,-71.680000,-41.230000,1770370156.334026
-0.368928,0.211304,0.106872,-8.330000,-86.169998,-42.700001,1770370156.342010
-0.289384,0.213256,0.063196,-6.020000,-101.080002,-41.790001,1770370156.350028
-0.215452,0.179584,0.045872,-3.220000,-113.190002,-35.279999,1770370156.358062
-0.160552,0.109312,0.076616,2.310000,-120.050003,-23.030001,1770370156.366019
-0.117364,0.042456,0.154940,15.960000,-117.180000,-11.550000,1770370156.374021
-0.075884,-0.016592,0.282552,32.759998,-102.269997,-2.380000,1770370156.382139
-0.052948,-0.059780,0.489220,45.779999,-74.760002,2.590000,1770370156.390014
-0.054412,-0.083936,0.739076,61.529999,-35.000000,10.010000,1770370156.398068
-0.084912,-0.093940,0.990152,74.059998,13.930000,15.960000,1770370156.406022
-0.169336,-0.111996,1.203652,86.519997,52.430000,24.150000,1770370156.414031
-0.338916,-0.147864,1.386408,102.269997,73.570000,27.719999,1770370156.422095
-0.559980,-0.143716,1.577460,111.650002,77.559998,27.090000,1770370156.430019
-0.842288,-0.130540,1.756556,108.709999,69.230003,22.889999,1770370156.438099
-1.034316,-0.175192,1.799988,90.790001,49.770000,8.680000,1770370156.446232
-1.099952,-0.242780,1.762656,68.739998,17.500000,-1.120000,1770370156.454024
-1.091412,-0.343796,1.792180,53.200001,-21.910000,-10.220000,1770370156.462043
-0.980880,-0.408212,1.820240,35.560001,-62.790001,-17.990000,1770370156.470014
-0.782264,-0.411872,1.843908,20.860001,-101.430000,-17.639999,1770370156.478065
-0.579256,-0.358192,1.860012,8.610000,-126.629997,-18.760000,1770370156.486130
-0.384788,-0.284992,1.818044,-12.530000,-137.130005,-18.200001,1770370156.494037
-0.202032,-0.203984,1.713368,-31.570000,-137.059998,-21.000000,1770370156.502016
-0.041480,-0.129808,1.517436,-51.310001,-129.360001,-17.080000,1770370156.510002
0.069296,-0.067588,1.280512,-60.130001,-117.040001,-9.800000,1770370156.518199
0.144692,-0.008296,1.060180,-63.349998,-104.440002,-1.050000,1770370156.526040
0.183732,0.062220,0.877668,-61.810001,-86.870003,10.220000,1770370156.534024
0.214476,0.146888,0.746396,-54.459999,-68.529999,21.700001,1770370156.542016
0.229848,0.224968,0.647088,-48.369999,-48.860001,30.870001,1770370156.550071
0.217160,0.295972,0.569252,-41.299999,-29.469999,40.810001,1770370156.558068
0.186660,0.362096,0.490928,-35.910000,-13.020000,45.430000,1770370156.566025
0.140544,0.404308,0.416996,-32.480000,0.070000,45.709999,1770370156.574098
0.084180,0.427488,0.336720,-25.480000,12.740000,43.540001,1770370156.582018
0.036600,0.438468,0.260104,-20.510000,20.510000,36.959999,1770370156.590050
-0.007564,0.432856,0.181048,-15.890000,27.160000,30.590000,1770370156.598092
-0.040748,0.406260,0.091012,-9.450000,31.500000,23.379999,1770370156.606036
-0.060756,0.375028,0.011712,-2.660000,33.250000,14.140000,1770370156.614095
-0.066856,0.341112,-0.035136,8.400000,36.049999,7.630000,1770370156.622008
-0.069784,0.320616,-0.011224,19.530001,41.439999,3.570000,1770370156.630024
-0.073444,0.325740,0.101992,28.209999,48.790001,0.770000,1770370156.638075
-0.076860,0.305976,0.329156,33.180000,60.689999,-0.210000,1770370156.646314
-0.079544,0.317688,0.648552,34.230000,76.790001,-4.690000,1770370156.654164
-0.095160,0.328912,0.971120,32.549999,96.529999,-8.960000,1770370156.662018
-0.100284,0.279868,1.152656,30.520000,112.769997,-13.370000,1770370156.670081
-0.134444,0.195932,1.306132,30.030001,122.430000,-12.320000,1770370156.678069
-0.194224,0.117120,1.489620,32.410000,118.720001,-5.390000,1770370156.686027
-0.299876,0.036356,1.729228,34.230000,100.099998,-1.260000,1770370156.694154
-0.402844,-0.120536,1.989088,41.230000,76.650002,3.010000,1770370156.702014
-0.472140,-0.314516,2.091324,47.880001,55.650002,5.320000,1770370156.710001
-0.507520,-0.391864,2.023004,47.669998,40.040001,5.600000,1770370156.718072
-0.490684,-0.372588,1.918084,35.840000,30.030001,6.160000,1770370156.726020
-0.464820,-0.358924,1.797060,22.120001,31.500000,9.030000,1770370156.734102
-0.475068,-0.365756,1.738012,8.540000,42.700001,8.470000,1770370156.742045
-0.519232,-0.366488,1.712148,-10.640000,60.480000,1.890000,1770370156.750020
-0.593408,-0.349164,1.652124,-27.299999,78.330002,-7.630000,1770370156.758087
-0.659044,-0.282796,1.498648,-42.560001,89.669998,-18.620001,1770370156.766027
-0.711504,-0.204228,1.273192,-56.490002,94.430000,-22.540001,1770370156.774018
-0.759328,-0.124928,1.045540,-60.970001,85.680000,-26.320000,1770370156.782016
-0.789828,-0.041968,0.854732,-64.120003,69.580002,-33.250000,1770370156.790034
-0.796172,0.035624,0.700524,-61.320000,46.689999,-34.930000,1770370156.798086
-0.793732,0.089304,0.592188,-52.570000,25.830000,-35.910000,1770370156.806026
-0.761768,0.111508,0.517280,-44.240002,5.040000,-37.029999,1770370156.814033
-0.705892,0.136152,0.446276,-32.759998,-15.610000,-38.080002,1770370156.822076
-0.637816,0.174460,0.369904,-24.850000,-33.599998,-38.290001,1770370156.830028
-0.553392,0.197884,0.303536,-16.379999,-51.099998,-38.709999,1770370156.838067
-0.470432,0.235216,0.247172,-7.350000,-66.080002,-38.779999,1770370156.846025
-0.400892,0.261568,0.196664,-1.890000,-79.660004,-38.150002,1770370156.854036
-0.319396,0.293532,0.153232,4.340000,-91.769997,-37.169998,1770370156.862037
-0.237412,0.305244,0.117852,7.420000,-103.599998,-35.840000,1770370156.870004
-0.163236,0.277428,0.098820,10.640000,-113.050003,-27.160000,1770370156.878069
-0.112972,0.211548,0.112728,15.540000,-116.620003,-14.840000,1770370156.886015
-0.071736,0.137372,0.167140,20.650000,-113.190002,-5.250000,1770370156.894025
-0.039772,0.064416,0.266448,29.330000,-99.190002,5.880000,1770370156.902133
-0.018056,-0.002684,0.437980,34.230000,-72.660004,7.980000,1770370156.910002
-0.023668,-0.059048,0.658068,38.430000,-33.669998,11.690000,1770370156.918082
-0.050752,-0.113216,0.882304,44.660000,11.830000,18.410000,1770370156.926025
-0.117608,-0.177876,1.120448,54.880001,53.200001,18.410000,1770370156.934023
-0.277184,-0.233264,1.344928,73.220001,83.089996,20.370001,1770370156.942142
-0.485316,-0.255224,1.575996,88.900002,94.080002,15.820000,1770370156.950031
-0.741028,-0.209840,1.777052,94.220001,87.989998,14.070000,1770370156.958422
-0.975756,-0.196420,1.846592,83.300003,71.680000,5.880000,1770370156.966028
-1.077016,-0.241316,1.793888,68.180000,41.790001,1.680000,1770370156.974025
-1.095804,-0.305732,1.797792,51.799999,0.630000,-4.060000,1770370156.982016
-1.047004,-0.369660,1.818044,36.330002,-43.540001,-11.900000,1770370156.990170
-0.896456,-0.392596,1.828780,25.549999,-83.790001,-16.870001,1770370156.998066
-0.697840,-0.336720,1.854400,15.680000,-112.839996,-18.270000,1770370157.006028
-0.497272,-0.242536,1.829024,-0.910000,-128.169998,-19.110001,1770370157.014065
-0.315004,-0.107116,1.744356,-16.520000,-132.369995,-24.080000,1770370157.022126
-0.143960,0.002440,1.581608,-37.869999,-126.910004,-25.059999,1770370157.030230
-0.002440,0.083204,1.363472,-49.840000,-117.599998,-20.299999,1770370157.038068
0.092476,0.115412,1.125084,-58.099998,-106.750000,-9.520000,1770370157.046076
0.156160,0.144204,0.903532,-61.250000,-95.760002,2.170000,1770370157.054165
0.192028,0.178608,0.729072,-56.770000,-79.730003,13.160000,1770370157.062329
0.204960,0.237656,0.618540,-53.900002,-64.750000,23.030001,1770370157.070108
0.207644,0.303536,0.544852,-44.730000,-47.040001,27.719999,1770370157.078232
0.196176,0.364536,0.492392,-39.970001,-28.139999,29.820000,1770370157.086015
0.166164,0.424560,0.417972,-34.650002,-11.830000,29.680000,1770370157.094085
0.121024,0.463356,0.325984,-30.240000,3.850000,28.840000,1770370157.102025
0.075640,0.488000,0.248636,-23.660000,15.470000,27.299999,1770370157.110052
0.030500,0.493368,0.193492,-16.660000,24.500000,22.120001,1770370157.118114
-0.011468,0.479948,0.130296,-7.980000,32.689999,17.150000,1770370157.126010
-0.038064,0.449204,0.067344,-1.890000,38.220001,9.240000,1770370157.134020
-0.053924,0.405528,0.016836,11.410000,41.790001,7.630000,1770370157.142024
-0.070760,0.357948,0.019520,20.020000,48.439999,3.360000,1770370157.150046
-0.087352,0.335256,0.111020,30.799999,54.320000,1.260000,1770370157.158069
-0.101748,0.335256,0.293776,36.680000,60.410000,-1.680000,1770370157.166019
-0.116388,0.332816,0.590968,39.200001,69.370003,-10.010000,1770370157.174163
-0.124196,0.313784,0.882548,34.230000,83.580002,-12.670000,1770370157.182008
-0.129564,0.248148,1.099952,28.980000,97.510002,-20.230000,1770370157.190009
-0.151280,0.158600,1.272948,28.420000,110.669998,-21.350000,1770370157.198069
-0.189344,0.066612,1.448872,32.410000,110.529999,-11.900000,1770370157.206007
-0.292556,0.010004,1.670180,35.560001,99.120003,-6.370000,1770370157.214016
-0.400160,-0.089792,1.921988,42.209999,79.870003,-2.870000,1770370157.222018
-0.470920,-0.257908,2.058384,48.090000,59.360001,1.680000,1770370157.230157
-0.498980,-0.330864,1.994700,47.529999,38.709999,5.740000,1770370157.238109
-0.488732,-0.342088,1.889292,38.430000,28.000000,12.040000,1770370157.246059
-0.475556,-0.376980,1.809504,21.910000,27.719999,15.400000,1770370157.254125
-0.505568,-0.422120,1.779980,9.660000,38.150002,17.850000,1770370157.262021
-0.567544,-0.428220,1.781200,-6.440000,56.700001,6.160000,1770370157.270013
-0.649284,-0.374296,1.742160,-26.250000,76.580002,-6.370000,1770370157.278080
-0.718824,-0.251076,1.610888,-42.840000,89.879997,-18.549999,1770370157.286100
-0.782264,-0.133224,1.386896,-60.759998,91.839996,-25.410000,1770370157.294010
-0.827160,-0.046604,1.127280,-71.330002,83.019997,-31.780001,1770370157.302009
-0.841556,0.029768,0.899140,-74.339996,64.540001,-38.639999,1770370157.310009
-0.837164,0.089304,0.738588,-70.209999,42.349998,-39.759998,1770370157.318061
-0.823012,0.137616,0.655628,-58.520000,21.700001,-42.419998,1770370157.326004
-0.787632,0.170068,0.595116,-51.099998,3.360000,-42.349998,1770370157.334054
-0.737368,0.202764,0.524844,-41.439999,-12.250000,-41.439999,1770370157.342009
-0.669292,0.238632,0.437248,-33.810001,-27.790001,-43.119999,1770370157.350031
-0.604144,0.271816,0.350140,-25.690001,-44.029999,-43.119999,1770370157.358058
-0.528748,0.304024,0.283528,-19.879999,-58.099998,-43.330002,1770370157.366008
-0.461892,0.326228,0.236192,-14.210000,-70.839996,-43.119999,1770370157.374007
-0.380396,0.315492,0.208620,-9.590000,-82.949997,-43.049999,1770370157.382066
-0.310124,0.281088,0.195444,-7.700000,-91.769997,-42.910000,1770370157.390037
-0.252296,0.222284,0.182512,-4.690000,-96.180000,-34.160000,1770370157.398059
-0.203740,0.161040,0.161772,-0.980000,-100.309998,-24.500000,1770370157.406016
-0.159332,0.097356,0.160064,3.990000,-102.620003,-13.580000,1770370157.414053
-0.141032,0.010736,0.208132,11.900000,-101.639999,-1.540000,1770370157.422042
-0.129320,-0.096136,0.331596,23.240000,-89.949997,13.790000,1770370157.430026
-0.133224,-0.166652,0.524356,37.029999,-62.650002,22.680000,1770370157.438071
-0.164944,-0.191784,0.771772,52.990002,-27.370001,31.570000,1770370157.446018
-0.215696,-0.264008,1.019920,69.510002,9.730000,29.469999,1770370157.454027
-0.322080,-0.317932,1.231224,86.169998,36.680000,28.559999,1770370157.462031
-0.491416,-0.339648,1.431548,103.110001,50.470001,24.709999,1770370157.470017
-0.700280,-0.287920,1.557208,113.889999,48.580002,18.620001,1770370157.478069
-0.922076,-0.208132,1.645536,112.769997,35.349998,12.670000,1770370157.486173
-1.046028,-0.143472,1.673596,96.529999,11.200000,-0.350000,1770370157.494020
-1.068964,-0.155672,1.689212,69.790001,-25.200001,-9.660000,1770370157.502014
-1.004304,-0.261080,1.721664,45.990002,-67.339996,-22.260000,1770370157.510017
-0.841312,-0.386008,1.749480,26.110001,-104.650002,-23.660000,1770370157.518064
-0.607804,-0.402356,1.797060,18.549999,-137.690002,-26.740000,1770370157.526112
-0.368928,-0.319884,1.840736,6.440000,-156.660004,-26.320000,1770370157.534015
-0.164700,-0.179584,1.831220,-10.570000,-161.559998,-23.030001,1770370157.542016
0.019276,-0.049532,1.711416,-31.709999,-153.929993,-22.469999,1770370157.550046
0.164212,0.045384,1.506944,-50.750000,-136.919998,-14.000000,1770370157.558071
0.245220,0.112484,1.276120,-61.320000,-116.830002,-5.460000,1770370157.566074
0.284992,0.154940,1.037488,-65.589996,-94.849998,5.110000,1770370157.574013
0.304024,0.194224,0.833504,-60.549999,-72.730003,17.080000,1770370157.582019
0.300608,0.260592,0.676856,-51.520000,-49.560001,26.879999,1770370157.590032
0.278892,0.323056,0.576572,-42.419998,-28.000000,34.090000,1770370157.598061
0.254736,0.388204,0.522160,-36.540001,-5.950000,36.610001,1770370157.606013
0.219600,0.453840,0.483120,-29.820000,14.700000,36.189999,1770370157.614031
0.162992,0.506544,0.440664,-26.110001,29.820000,34.299999,1770370157.622002
0.104676,0.543632,0.385276,-21.420000,43.680000,28.420000,1770370157.630030
0.046604,0.561932,0.322080,-19.180000,51.450001,28.629999,1770370157.638065
-0.006344,0.552416,0.265960,-15.610000,56.770000,21.350000,1770370157.646012
-0.053436,0.503860,0.209108,-13.580000,59.779999,18.900000,1770370157.654073
-0.082228,0.446276,0.154940,-5.250000,59.709999,13.020000,1770370157.662028
-0.104188,0.386252,0.108336,5.460000,59.570000,11.690000,1770370157.670048
-0.130296,0.327204,0.104432,17.639999,61.810001,7.420000,1770370157.678078
-0.142008,0.273036,0.182512,29.190001,64.540001,5.600000,1770370157.686025
-0.142496,0.229604,0.349896,37.310001,68.250000,-1.820000,1770370157.694127
-0.141276,0.206180,0.583404,40.320000,74.339996,-6.510000,1770370157.702012
-0.137372,0.174460,0.857172,37.869999,81.129997,-8.400000,1770370157.710017
-0.131516,0.110044,1.094828,33.529999,90.300003,-10.500000,1770370157.718050
-0.136640,0.009272,1.262212,34.299999,95.410004,-2.170000,1770370157.726034
-0.172996,-0.051240,1.464976,39.480000,88.620003,1.680000,1770370157.734005
-0.235704,-0.079056,1.689456,43.610001,75.320000,8.680000,1770370157.742012
-0.306464,-0.103944,1.882216,45.220001,59.990002,8.120000,1770370157.750115
-0.335988,-0.148108,1.985916,40.810001,42.700001,10.150000,1770370157.758061
-0.355020,-0.183488,1.909300,27.719999,32.900002,15.610000,1770370157.766015
-0.379420,-0.265960,1.758752,11.550000,37.169998,17.430000,1770370157.774018
-0.416996,-0.393572,1.688480,-4.340000,54.459999,20.580000,1770370157.782021
-0.484828,-0.514596,1.704340,-17.219999,78.750000,14.910000,1770370157.790112
-0.590236,-0.597312,1.734352,-29.190001,101.639999,8.120000,1770370157.798172
-0.717848,-0.561444,1.691164,-38.570000,116.830002,-3.570000,1770370157.806017
-0.806908,-0.409920,1.544032,-48.230000,121.309998,-12.250000,1770370157.814123
-0.873764,-0.235460,1.328580,-57.470001,110.110001,-17.080000,1770370157.822012
-0.930372,-0.089060,1.094828,-59.990002,87.989998,-21.559999,1770370157.830012
-0.946720,0.028792,0.893040,-61.320000,59.570000,-21.770000,1770370157.838080
-0.922564,0.126148,0.748592,-57.189999,29.049999,-28.840000,1770370157.846012
-0.865224,0.201544,0.669292,-52.919998,0.840000,-32.340000,1770370157.854176
-0.789340,0.243268,0.621468,-43.680000,-22.049999,-34.369999,1770370157.862021
-0.707112,0.286456,0.552904,-34.230000,-37.450001,-35.279999,1770370157.870022
-0.621468,0.322080,0.467260,-24.780001,-51.310001,-34.580002,1770370157.878089
-0.543632,0.372832,0.370148,-15.120000,-61.459999,-36.470001,1770370157.886074
-0.468724,0.406016,0.289140,-10.570000,-71.680000,-37.310001,1770370157.894016
-0.393572,0.420900,0.217892,-6.650000,-81.550003,-39.060001,1770370157.902238
-0.324520,0.417484,0.158600,-3.920000,-90.650002,-38.849998,1770370157.910013
-0.243756,0.388692,0.119316,-2.660000,-100.029999,-32.340000,1770370157.918071
-0.174460,0.334280,0.097600,0.700000,-105.980003,-28.139999,1770370157.926018
-0.114436,0.268400,0.096868,2.450000,-110.599998,-19.180000,1770370157.934104
-0.068564,0.191296,0.123220,10.990000,-108.779999,-11.410000,1770370157.942020
-0.036600,0.105408,0.202520,22.680000,-100.660004,-2.100000,1770370157.950030
-0.019032,0.006344,0.365268,33.529999,-80.709999,8.470000,1770370157.958090
-0.017568,-0.064416,0.617564,42.560001,-45.990002,16.520000,1770370157.966039
-0.033672,-0.105164,0.879376,50.049999,-5.740000,19.879999,1770370157.974023
-0.089792,-0.161528,1.086776,58.380001,35.910000,26.389999,1770370157.982019
-0.209108,-0.237900,1.265628,70.769997,64.190002,29.120001,1770370157.990097
-0.379176,-0.306464,1.438624,86.169998,75.180000,30.240000,1770370157.998057
-0.603168,-0.315248,1.616012,102.760002,70.910004,26.600000,1770370158.006019
-0.840824,-0.266692,1.737524,102.970001,62.020000,16.870001,1770370158.014014
-0.975024,-0.214964,1.773880,89.529999,44.029999,8.120000,1770370158.022080
-0.992348,-0.205936,1.788276,66.849998,12.460000,-1.540000,1770370158.030012
-0.973316,-0.258884,1.815604,45.009998,-25.690001,-7.210000,1770370158.038085
-0.847656,-0.295728,1.846592,24.780001,-62.230000,-11.200000,1770370158.046068
-0.657336,-0.280844,1.868308,10.220000,-95.059998,-13.720000,1770370158.054059
-0.480680,-0.204716,1.844152,-4.760000,-114.519997,-16.170000,1770370158.062145
-0.299144,-0.092476,1.753384,-21.770000,-124.040001,-16.940001,1770370158.070282
-0.139568,0.022204,1.602836,-38.919998,-119.629997,-14.140000,1770370158.078119
-0.014396,0.116876,1.389580,-52.430000,-112.489998,-12.460000,1770370158.086151
0.068808,0.190564,1.176324,-61.320000,-97.510002,-5.250000,1770370158.094033
0.127856,0.252784,0.984296,-60.410000,-82.949997,0.770000,1770370158.102030
0.154696,0.307928,0.813496,-57.540001,-63.980000,14.070000,1770370158.110122
0.171532,0.378444,0.694424,-50.470001,-44.029999,20.580000,1770370158.118110
0.180560,0.452132,0.615856,-41.790001,-26.459999,25.410000,1770370158.126014
0.162260,0.506788,0.552416,-38.150002,-7.910000,31.360001,1770370158.134119
0.130784,0.537776,0.484340,-32.689999,3.920000,30.100000,1770370158.142151
0.087352,0.552904,0.403332,-30.660000,14.840000,30.450001,1770370158.150016
0.038064,0.555100,0.322812,-27.790001,20.160000,28.910000,1770370158.158097
-0.007808,0.548024,0.246928,-23.309999,22.469999,27.510000,1770370158.166017
-0.041480,0.515572,0.184708,-20.650000,25.340000,24.500000,1770370158.174050
-0.061488,0.468236,0.135908,-13.300000,25.129999,18.830000,1770370158.182020
-0.071492,0.398696,0.095648,-5.600000,28.070000,16.100000,1770370158.190011
-0.073444,0.334524,0.081008,7.000000,31.570000,11.130000,1770370158.198058
-0.082960,0.272304,0.110776,18.340000,40.740002,9.870000,1770370158.206010
-0.088328,0.223260,0.217892,28.980000,51.380001,8.610000,1770370158.214105
-0.090280,0.189100,0.408700,33.740002,62.650002,4.480000,1770370158.222016
-0.096868,0.162260,0.673928,34.860001,76.300003,-2.660000,1770370158.230008
-0.095160,0.129076,0.962580,33.459999,92.540001,-7.490000,1770370158.238059
-0.087108,0.024888,1.163880,33.880001,105.489998,-3.570000,1770370158.245994
-0.130296,-0.082472,1.351272,43.400002,110.110001,1.260000,1770370158.254094
-0.216916,-0.115168,1.631140,48.299999,104.510002,8.470000,1770370158.262030
-0.322568,-0.108580,1.907836,45.290001,88.970001,12.040000,1770370158.270016
-0.417240,-0.133224,2.114016,33.250000,66.919998,15.050000,1770370158.278070
-0.470432,-0.239364,2.078880,16.660000,47.250000,16.309999,1770370158.286015
-0.460916,-0.366244,1.826340,-2.310000,37.380001,16.520000,1770370158.294122
-0.480192,-0.509472,1.678964,-16.590000,40.250000,20.440001,1770370158.302023
-0.513376,-0.620736,1.672620,-29.120001,54.599998,12.810000,1770370158.310014
-0.597312,-0.668072,1.734108,-38.009998,77.070000,2.590000,1770370158.318059
-0.681248,-0.580232,1.732156,-44.730000,97.650002,-10.780000,1770370158.326034
-0.742736,-0.370392,1.601128,-52.990002,105.629997,-17.150000,1770370158.334183
-0.796904,-0.150548,1.409344,-58.939999,101.290001,-21.209999,1770370158.342000
-0.855952,-0.015372,1.207312,-66.080002,85.330002,-22.190001,1770370158.350043
-0.878156,0.103212,0.993568,-68.739998,62.580002,-31.570000,1770370158.358082
-0.858392,0.197884,0.815204,-67.550003,37.450001,-36.820000,1770370158.366010
-0.812276,0.270840,0.688080,-60.549999,14.700000,-42.000000,1770370158.373996
-0.750544,0.314516,0.603900,-52.360001,-7.140000,-42.000000,1770370158.382020
-0.687836,0.341112,0.541680,-43.959999,-21.490000,-43.889999,1770370158.390158
-0.617808,0.377712,0.454572,-37.099998,-35.490002,-45.009998,1770370158.398054
-0.547780,0.407480,0.346968,-28.209999,-48.439999,-43.119999,1770370158.406013
-0.478972,0.414068,0.261568,-22.190001,-58.310001,-46.270000,1770370158.414014
-0.414312,0.403576,0.210328,-17.639999,-68.669998,-46.759998,1770370158.422093
-0.338184,0.384300,0.173972,-13.580000,-75.529999,-48.720001,1770370158.430049
-0.269864,0.321104,0.156160,-10.010000,-82.879997,-45.150002,1770370158.438091
-0.214720,0.248148,0.131028,-4.130000,-86.660004,-39.480000,1770370158.446017
-0.161528,0.181048,0.106140,3.430000,-87.430000,-29.750000,1770370158.454089
-0.127368,0.118340,0.128100,14.980000,-90.300003,-17.639999,1770370158.462416
-0.107604,0.040504,0.225944,26.459999,-85.540001,-7.700000,1770370158.470025
-0.098576,-0.061488,0.386496,39.130001,-68.529999,8.540000,1770370158.478068
-0.115412,-0.130296,0.615368,53.200001,-41.580002,17.639999,1770370158.486048
-0.161772,-0.156892,0.889868,65.309998,-3.080000,25.969999,1770370158.494019
-0.245708,-0.196176,1.126548,78.959999,35.910000,32.270000,1770370158.502024
-0.375760,-0.242292,1.321016,94.290001,59.990002,32.549999,1770370158.510020
-0.577304,-0.275720,1.481812,109.059998,68.669998,33.040001,1770370158.518064
-0.825696,-0.263032,1.585268,115.639999,63.209999,26.879999,1770370158.526024
-1.057740,-0.249856,1.619916,110.320000,49.700001,17.080000,1770370158.534030
-1.175836,-0.249612,1.654808,95.339996,25.690001,3.500000,1770370158.542024
-1.201456,-0.301584,1.704096,70.419998,-13.580000,-10.430000,1770370158.550008
-1.145580,-0.425048,1.756556,47.320000,-55.860001,-16.870001,1770370158.558098
-0.934520,-0.502640,1.812920,31.360001,-99.260002,-21.770000,1770370158.566119
-0.689788,-0.509960,1.862452,21.000000,-134.820007,-21.770000,1770370158.574017
-0.457012,-0.407480,1.876848,7.560000,-155.889999,-24.290001,1770370158.582009
-0.240096,-0.240340,1.830732,-9.660000,-162.610001,-27.090000,1770370158.590110
-0.053436,-0.073200,1.686528,-28.910000,-156.589996,-22.330000,1770370158.598155
0.081740,0.068076,1.461072,-46.549999,-142.589996,-19.740000,1770370158.606024
0.171288,0.158356,1.231468,-59.360001,-122.709999,-15.120000,1770370158.614128
0.228628,0.224968,1.019920,-60.970001,-100.870003,-1.120000,1770370158.621999
0.245708,0.283040,0.840336,-57.889999,-78.540001,6.300000,1770370158.630029
0.254492,0.351604,0.710772,-52.779999,-56.000000,20.650000,1770370158.638075
0.250588,0.421388,0.624640,-44.660000,-33.950001,29.049999,1770370158.646032
0.229360,0.477264,0.549244,-39.759998,-13.230000,33.810001,1770370158.654022
0.182512,0.521672,0.477996,-32.759998,3.500000,35.840000,1770370158.662028
0.115168,0.562908,0.408212,-25.900000,16.309999,32.270000,1770370158.670013
0.056364,0.582916,0.327692,-20.090000,27.160000,30.450001,1770370158.678066
0.001708,0.572424,0.244732,-15.680000,31.150000,25.620001,1770370158.686063
-0.046360,0.540460,0.152012,-13.370000,31.780001,18.340000,1770370158.694083
-0.076616,0.479704,0.061000,-8.960000,30.940001,10.010000,1770370158.702016
-0.085888,0.412848,-0.002684,-2.870000,29.889999,1.260000,1770370158.710021
-0.088572,0.350628,-0.040016,3.640000,29.959999,-2.940000,1770370158.718143
-0.092476,0.289628,-0.003904,13.440000,34.720001,-0.140000,1770370158.726013
-0.082228,0.237656,0.130540,24.219999,45.709999,-2.940000,1770370158.734057
-0.077836,0.205204,0.347944,29.959999,56.700001,-1.960000,1770370158.742023
-0.079544,0.190076,0.653920,34.439999,71.120003,-7.630000,1770370158.750013
-0.072224,0.144692,0.977220,33.320000,86.660004,-12.040000,1770370158.758115
-0.058316,0.030012,1.193648,37.520000,97.860001,-12.040000,1770370158.766028
-0.067100,-0.115656,1.366400,49.560001,104.510002,-11.410000,1770370158.774016
-0.127368,-0.167628,1.624552,59.849998,97.019997,-2.240000,1770370158.782018
-0.234240,-0.154208,1.870260,61.669998,83.860001,2.030000,1770370158.790048
-0.336964,-0.172508,2.101572,55.439999,61.740002,6.370000,1770370158.798101
-0.373076,-0.273768,2.193560,38.570000,42.000000,10.010000,1770370158.806016
-0.372588,-0.387716,2.027884,19.110001,29.049999,14.700000,1770370158.814021
-0.388448,-0.497516,1.833416,4.340000,28.700001,15.050000,1770370158.822057
-0.411628,-0.556076,1.742160,-7.910000,43.680000,9.310000,1770370158.830003
-0.485560,-0.557540,1.733620,-20.090000,66.360001,2.380000,1770370158.838149
-0.593408,-0.485804,1.714588,-33.880001,89.110001,-12.040000,1770370158.846167
-0.698328,-0.342332,1.630896,-47.320000,106.260002,-18.969999,1770370158.854059
-0.773236,-0.198860,1.465464,-59.779999,110.180000,-29.190001,1770370158.862022
-0.829844,-0.068564,1.240252,-65.519997,97.510002,-35.700001,1770370158.870005
-0.873032,0.044652,1.000888,-68.739998,74.690002,-38.080002,1770370158.878072
-0.884744,0.138592,0.798124,-65.099998,48.369999,-47.250000,1770370158.886072
-0.862052,0.230824,0.658800,-58.730000,16.590000,-49.910000,1770370158.894022
-0.819352,0.294264,0.571692,-50.189999,-7.700000,-54.389999,1770370158.902021
-0.753472,0.339892,0.479460,-40.250000,-27.580000,-55.720001,1770370158.910018
-0.671732,0.376980,0.376980,-27.930000,-45.080002,-56.490002,1770370158.918074
-0.583648,0.417728,0.273768,-17.219999,-61.740002,-53.340000,1770370158.926023
-0.492636,0.451400,0.204472,-12.390000,-76.720001,-58.310001,1770370158.934108
-0.409188,0.482876,0.164212,-7.980000,-89.040001,-54.250000,1770370158.942072
-0.323056,0.493124,0.104188,-7.210000,-101.080002,-55.720001,1770370158.950009
-0.246684,0.465552,0.073200,-7.560000,-109.830002,-53.200001,1770370158.958091
-0.162748,0.410652,0.073444,-6.090000,-117.320000,-42.419998,1770370158.966039
-0.097356,0.323544,0.097844,-5.320000,-117.250000,-32.549999,1770370158.974020
-0.044164,0.232776,0.153476,0.910000,-111.930000,-19.670000,1770370158.982046
-0.009028,0.137860,0.252296,10.850000,-97.510002,-9.310000,1770370158.990005
0.005612,0.017080,0.424072,21.980000,-70.980003,0.420000,1770370158.998214
-0.002928,-0.087596,0.644648,30.309999,-31.780001,9.800000,1770370159.006020
-0.026840,-0.162260,0.888892,41.299999,15.260000,14.910000,1770370159.014116
-0.076616,-0.261812,1.120448,59.080002,53.549999,22.959999,1770370159.022016
-0.204228,-0.326716,1.323456,81.900002,78.120003,25.410000,1770370159.030015
-0.407968,-0.363804,1.545984,107.940002,86.870003,29.330000,1770370159.038075
-0.668072,-0.318908,1.802184,125.930000,83.510002,29.889999,1770370159.046041
-0.944036,-0.228140,1.988600,117.040001,73.639999,18.969999,1770370159.054070
-1.086776,-0.206912,1.989820,95.620003,50.330002,8.890000,1770370159.062351
-1.141676,-0.253760,1.915644,68.669998,11.760000,-1.470000,1770370159.070683
-1.113616,-0.325252,1.831952,46.130001,-30.170000,-12.320000,1770370159.078126
-1.000156,-0.368684,1.785348,28.209999,-78.400002,-18.200001,1770370159.086154
-0.817400,-0.353800,1.815116,9.870000,-118.160004,-22.540001,1770370159.094073
-0.612196,-0.286212,1.808284,-5.040000,-148.960007,-27.510000,1770370159.102021
-0.398940,-0.189832,1.728984,-22.469999,-167.580002,-32.549999,1770370159.110022
-0.196664,-0.081008,1.583804,-39.970001,-175.000000,-35.000000,1770370159.118099
-0.022936,0.000244,1.374696,-53.340000,-174.720001,-34.720001,1770370159.126094
0.114924,0.051484,1.155828,-63.139999,-169.259995,-27.510000,1770370159.134029
0.209352,0.097844,0.946232,-63.070000,-157.149994,-18.059999,1770370159.142037
0.271816,0.146888,0.781532,-60.130001,-141.399994,-6.370000,1770370159.150020
0.321836,0.218624,0.667340,-53.970001,-119.980003,6.720000,1770370159.158133
0.338916,0.292556,0.582672,-45.009998,-95.970001,16.520000,1770370159.166018
0.329644,0.347700,0.505080,-37.869999,-70.839996,23.170000,1770370159.174061
0.305488,0.412116,0.439444,-31.150000,-46.689999,26.250000,1770370159.182019
0.262056,0.452864,0.372344,-24.010000,-23.170000,25.270000,1770370159.190011
0.214232,0.479460,0.295728,-20.299999,-4.060000,22.120001,1770370159.198054
0.163968,0.477996,0.227652,-14.490000,12.740000,17.639999,1770370159.206004
0.121756,0.453596,0.174948,-10.640000,25.480000,14.630000,1770370159.214069
0.086132,0.417728,0.129076,-6.370000,35.840000,8.330000,1770370159.222016
0.055632,0.368928,0.095892,-1.750000,43.959999,1.260000,1770370159.230011
0.024156,0.331352,0.066124,7.000000,53.549999,-3.710000,1770370159.238053
0.021472,0.276452,0.099552,21.559999,63.770000,-5.810000,1770370159.246016
0.020008,0.246928,0.215696,33.250000,73.430000,-10.360000,1770370159.254149
0.019276,0.233752,0.426024,42.419998,83.650002,-12.530000,1770370159.262042
0.008296,0.234240,0.750056,44.450001,98.070000,-21.770000,1770370159.270027
0.023668,0.217892,1.046516,40.880001,116.269997,-27.160000,1770370159.278058
0.031720,0.139324,1.218292,43.119999,130.619995,-29.610001,1770370159.286009
0.018300,0.021472,1.402268,46.759998,135.660004,-22.889999,1770370159.294056
-0.052216,-0.036600,1.659200,47.669998,127.400002,-16.590000,1770370159.302016
-0.139812,-0.088572,1.866600,41.860001,108.430000,-10.780000,1770370159.310007
-0.213500,-0.203496,2.066436,33.740002,82.320000,-4.900000,1770370159.318054
-0.306952,-0.343552,2.160376,25.969999,65.169998,0.000000,1770370159.326006
-0.374052,-0.441152,2.075220,10.850000,56.419998,1.680000,1770370159.334009
-0.419192,-0.484584,1.927112,-2.310000,56.560001,-2.450000,1770370159.342121
-0.480924,-0.498492,1.824876,-14.910000,68.250000,-8.050000,1770370159.350018
-0.574864,-0.468236,1.768756,-25.760000,83.089996,-17.080000,1770370159.358088
-0.681980,-0.387472,1.703364,-41.090000,97.300003,-30.170000,1770370159.366001
-0.776896,-0.275232,1.575752,-53.830002,106.050003,-42.139999,1770370159.374002
-0.834236,-0.153232,1.349076,-64.120003,100.169998,-49.700001,1770370159.382023
-0.862784,-0.049532,1.066280,-69.440002,78.540001,-62.299999,1770370159.390047
-0.866688,0.040748,0.815692,-67.339996,48.230000,-68.250000,1770370159.398161
-0.839116,0.124196,0.653920,-60.200001,18.129999,-77.839996,1770370159.406013
-0.788852,0.192272,0.566324,-51.730000,-7.630000,-78.050003,1770370159.414033
-0.717848,0.250344,0.497516,-39.970001,-25.690001,-76.230003,1770370159.422027
-0.639036,0.287920,0.416020,-27.440001,-38.220001,-74.480003,1770370159.430019
-0.560224,0.324764,0.331352,-19.879999,-49.560001,-74.339996,1770370159.438062
-0.492636,0.352580,0.243512,-14.140000,-59.779999,-72.519997,1770370159.446033
-0.415776,0.374296,0.179584,-10.780000,-71.190002,-70.980003,1770370159.454216
-0.339160,0.388204,0.131028,-9.240000,-84.419998,-71.120003,1770370159.462044
-0.257420,0.389668,0.092232,-6.790000,-95.830002,-67.690002,1770370159.470017
-0.186416,0.349652,0.077836,-3.920000,-103.949997,-62.509998,1770370159.478070
-0.116388,0.293044,0.091256,1.890000,-105.000000,-51.730000,1770370159.486094
-0.064172,0.217648,0.123220,7.210000,-100.940002,-41.790001,1770370159.494040
-0.020984,0.148596,0.198128,15.750000,-90.860001,-30.660000,1770370159.502011
0.005856,0.084668,0.312076,27.790001,-73.290001,-22.190001,1770370159.510019
0.027084,0.001220,0.496540,37.099998,-48.230000,-16.520000,1770370159.518064
0.036356,-0.081496,0.736880,47.599998,-13.230000,-11.900000,1770370159.526170
0.044408,-0.154452,1.002108,56.980000,25.410000,-5.460000,1770370159.534014
-0.005856,-0.238632,1.250500,76.160004,53.759998,-1.470000,1770370159.542018
-0.132980,-0.356728,1.455948,103.599998,70.699997,1.470000,1770370159.550013
-0.327936,-0.421388,1.639192,131.949997,76.790001,5.040000,1770370159.558091
-0.597556,-0.354776,1.845860,145.949997,76.440002,4.410000,1770370159.566042
-0.837652,-0.256444,1.973960,128.100006,73.989998,-2.800000,1770370159.574022
-0.955748,-0.237656,1.931016,96.320000,56.770000,-8.330000,1770370159.582017
-1.004060,-0.301340,1.883192,63.070000,24.360001,-16.799999,1770370159.590106
-0.979660,-0.361852,1.873432,31.430000,-20.370001,-22.330000,1770370159.598061
-0.878644,-0.406748,1.882460,9.240000,-69.650002,-26.809999,1770370159.606017
-0.730048,-0.395280,1.868796,-10.290000,-110.389999,-27.580000,1770370159.614017
-0.545096,-0.317444,1.803160,-24.780001,-137.059998,-31.080000,1770370159.622002
-0.352092,-0.194956,1.673840,-41.020000,-145.600006,-29.610001,1770370159.630056
-0.181048,-0.069540,1.483032,-52.990002,-147.070007,-30.730000,1770370159.638095
-0.044896,0.017812,1.255136,-59.430000,-141.399994,-26.950001,1770370159.646014
0.057584,0.084180,1.028948,-60.759998,-133.070007,-18.410000,1770370159.654006
0.122976,0.151768,0.825696,-56.209999,-118.930000,-8.400000,1770370159.662035
0.171044,0.218136,0.676368,-47.880001,-103.669998,4.060000,1770370159.670060
0.187148,0.267668,0.564616,-39.970001,-83.510002,12.460000,1770370159.678063
0.180804,0.317932,0.469700,-33.880001,-65.099998,19.879999,1770370159.686119
0.152500,0.367952,0.376492,-29.469999,-45.009998,19.670000,1770370159.694047
0.120048,0.411628,0.297192,-24.639999,-25.480000,18.200001,1770370159.702009
0.097600,0.437492,0.233020,-18.129999,-13.020000,12.740000,1770370159.710016
0.064172,0.447740,0.174948,-14.910000,-1.750000,8.890000,1770370159.718065
0.042212,0.438712,0.125660,-10.220000,9.730000,1.610000,1770370159.726078
0.025864,0.417240,0.083448,-4.130000,19.600000,-2.800000,1770370159.734023
0.024644,0.393084,0.053192,3.570000,28.700001,-8.330000,1770370159.742017
0.031964,0.363804,0.058560,16.870001,37.730000,-16.590000,1770370159.750026
0.034892,0.375516,0.127856,30.100000,46.900002,-16.379999,1770370159.758112
0.044652,0.355752,0.295728,39.900002,56.209999,-19.459999,1770370159.766065
0.041724,0.374784,0.558516,43.189999,65.239998,-19.389999,1770370159.774015
0.035380,0.401136,0.902312,39.619999,76.300003,-22.120001,1770370159.782022
0.054412,0.371124,1.197796,30.170000,88.620003,-27.299999,1770370159.790013
0.066368,0.281332,1.347856,21.280001,100.309998,-24.150000,1770370159.798062
0.056364,0.175680,1.460828,21.629999,100.660004,-17.850000,1770370159.806045
0.022692,0.086864,1.626992,20.440001,91.980003,-8.610000,1770370159.814023
0.011712,-0.025864,1.848300,22.680000,75.739998,0.490000,1770370159.822018
-0.068076,-0.203740,2.070096,28.000000,63.910000,4.480000,1770370159.830015
-0.156160,-0.325740,2.194292,31.010000,66.570000,16.520000,1770370159.838065
-0.237900,-0.367708,2.163060,22.750000,71.889999,16.520000,1770370159.846139
-0.334036,-0.422608,2.030568,0.420000,80.779999,21.209999,1770370159.854003
-0.440420,-0.460916,1.876360,-17.219999,96.180000,18.059999,1770370159.862044
-0.569496,-0.493124,1.768268,-34.790001,112.629997,8.750000,1770370159.870077
-0.711748,-0.489220,1.639436,-44.240002,125.860001,-1.890000,1770370159.878134
-0.832040,-0.423096,1.443748,-53.340000,129.919998,-12.600000,1770370159.886021
-0.929884,-0.322080,1.212192,-58.520000,123.199997,-19.530001,1770370159.894052
-0.993080,-0.192516,0.939400,-59.570000,102.760002,-27.090000,1770370159.902180
-1.021628,-0.031232,0.697352,-53.619999,73.080002,-37.310001,1770370159.910023
-1.017480,0.081984,0.575596,-46.759998,40.040001,-42.209999,1770370159.918066
-0.978196,0.128588,0.514352,-39.900002,10.710000,-44.939999,1770370159.926025
-0.903044,0.141520,0.442860,-32.340000,-13.510000,-45.570000,1770370159.934016
-0.803004,0.161528,0.361120,-23.030001,-33.599998,-47.740002,1770370159.942087
-0.686616,0.185684,0.263276,-12.460000,-54.529999,-49.070000,1770370159.950046
-0.573644,0.222772,0.163480,-2.450000,-73.500000,-50.400002,1770370159.958339
-0.472628,0.266692,0.083936,2.310000,-92.190002,-51.450001,1770370159.966040
-0.358436,0.319884,0.033672,7.210000,-111.160004,-50.400002,1770370159.974024
-0.253028,0.304268,0.032208,7.000000,-125.930000,-46.270000,1770370159.982037
-0.169336,0.211548,0.064660,4.200000,-134.610001,-39.410000,1770370159.990040
-0.105408,0.117852,0.108336,9.030000,-136.149994,-26.040001,1770370159.998111
-0.058072,0.040992,0.192760,17.920000,-130.479996,-15.260000,1770370160.006020
-0.011956,-0.009028,0.311588,30.309999,-119.209999,-9.520000,1770370160.014027
0.028548,-0.036600,0.490928,47.740002,-98.839996,-2.100000,1770370160.022027
0.050264,-0.056120,0.727852,59.990002,-64.820000,3.360000,1770370160.030008
0.056852,-0.068076,1.003816,69.300003,-26.809999,6.160000,1770370160.038085
0.028548,-0.078080,1.212680,82.320000,5.390000,13.720000,1770370160.046021
-0.070516,-0.104188,1.382260,94.639999,26.459999,14.840000,1770370160.054042
-0.197640,-0.151036,1.576728,107.379997,34.650002,17.639999,1770370160.062137
-0.379908,-0.107116,1.811700,112.769997,37.240002,8.750000,1770370160.070223
-0.531432,-0.028548,2.078392,95.900002,36.119999,2.030000,1770370160.078393
-0.595604,-0.044164,2.091080,60.410000,27.860001,-8.120000,1770370160.086039
-0.547780,-0.159820,1.949072,28.980000,8.120000,-10.500000,1770370160.094033
-0.514108,-0.223504,1.888804,11.900000,-18.690001,-14.070000,1770370160.102094
-0.482632,-0.283528,1.915644,-5.460000,-39.130001,-13.230000,1770370160.110015
-0.417240,-0.292312,1.871236,-22.540001,-55.580002,-11.200000,1770370160.118087
-0.348920,-0.254004,1.772172,-36.680000,-62.090000,-12.250000,1770370160.126006
-0.270596,-0.178608,1.607716,-51.660000,-61.740002,-4.690000,1770370160.134132
-0.205448,-0.113948,1.400804,-65.589996,-57.189999,-3.780000,1770370160.142027
-0.162260,-0.069540,1.166564,-72.800003,-52.009998,4.970000,1770370160.150014
-0.133956,-0.033428,0.946476,-75.879997,-44.520000,13.300000,1770370160.158114
-0.113460,0.022936,0.775188,-70.839996,-35.910000,26.670000,1770370160.166067
-0.103456,0.078080,0.645624,-63.980000,-27.650000,36.400002,1770370160.174026
-0.096136,0.145912,0.537044,-57.259998,-20.580000,46.480000,1770370160.182015
-0.105408,0.208132,0.444568,-48.790001,-14.910000,49.560001,1770370160.190017
-0.122244,0.269620,0.349408,-45.150002,-13.580000,48.509998,1770370160.198063
-0.132248,0.320616,0.253516,-36.750000,-11.130000,45.849998,1770370160.206053
-0.136884,0.354776,0.181536,-32.900002,-11.620000,44.660000,1770370160.214017
-0.133956,0.374784,0.130052,-29.260000,-12.810000,37.730000,1770370160.222011
-0.120048,0.361120,0.089060,-21.980000,-14.280000,31.920000,1770370160.230012
-0.098332,0.333548,0.061488,-14.700000,-15.960000,27.090000,1770370160.238052
-0.073688,0.291336,0.054168,0.140000,-12.810000,23.030001,1770370160.246011
-0.040016,0.257664,0.122488,14.560000,-8.610000,15.750000,1770370160.254108
-0.008540,0.244488,0.302072,27.860001,-1.680000,10.150000,1770370160.262060
0.022936,0.241560,0.597312,34.439999,7.490000,5.180000,1770370160.270016
0.055388,0.250344,0.938912,39.759998,24.290001,1.820000,1770370160.278053
0.085156,0.225700,1.209508,41.650002,40.810001,3.360000,1770370160.285993
0.093940,0.184464,1.388848,46.900002,54.599998,3.360000,1770370160.294049
0.105164,0.160308,1.526220,47.529999,59.430000,10.570000,1770370160.302016
0.078812,0.143472,1.702876,45.849998,57.540001,16.100000,1770370160.310012
0.072712,0.067100,1.950536,44.869999,52.009998,27.650000,1770370160.318055
0.064660,-0.089060,2.184532,45.290001,47.459999,38.290001,1770370160.326007
0.000488,-0.211792,2.262612,36.189999,50.680000,53.480000,1770370160.334010
-0.068564,-0.313540,2.134024,10.360000,58.240002,62.580002,1770370160.342001
-0.169824,-0.450424,1.976888,-17.360001,77.349998,72.099998,1770370160.350074
-0.318908,-0.587308,1.860744,-41.369999,108.080002,67.480003,1770370160.358252
-0.500932,-0.640012,1.750944,-56.630001,140.839996,55.160000,1770370160.366016
-0.701256,-0.644648,1.596980,-66.989998,166.949997,40.110001,1770370160.374008
-0.858392,-0.544364,1.359568,-69.860001,178.990005,21.000000,1770370160.382044
-0.980636,-0.396012,1.075308,-63.560001,172.339996,11.130000,1770370160.390046
-1.066280,-0.197396,0.819596,-51.240002,145.320007,0.910000,1770370160.398135
-1.125816,-0.001708,0.632936,-40.950001,106.400002,-6.720000,1770370160.406008
-1.136552,0.133224,0.526064,-33.529999,63.910000,-13.090000,1770370160.414055
-1.080188,0.204228,0.449692,-31.219999,21.840000,-18.270000,1770370160.422043
-0.977464,0.213012,0.383080,-25.969999,-11.480000,-16.379999,1770370160.430018
-0.864004,0.191784,0.305000,-20.440001,-39.270000,-19.110001,1770370160.438061
-0.732976,0.161284,0.219112,-13.580000,-63.560001,-17.850000,1770370160.446028
-0.608292,0.154208,0.134688,-6.930000,-86.169998,-20.230000,1770370160.454109
-0.488976,0.176900,0.065636,-1.190000,-107.519997,-19.809999,1770370160.462062
-0.376248,0.214964,-0.009760,1.120000,-126.629997,-16.450001,1770370160.470032
-0.273280,0.240096,-0.052948,3.290000,-143.289993,-14.840000,1770370160.478068
-0.175436,0.222528,-0.041480,4.200000,-155.119995,-9.100000,1770370160.486137
-0.110044,0.163968,0.034404,2.870000,-160.229996,-1.820000,1770370160.494017
-0.056852,0.065392,0.165188,4.340000,-155.610001,4.830000,1770370160.502027
-0.006344,-0.007564,0.326228,12.530000,-140.350006,11.480000,1770370160.510022
0.035380,-0.043188,0.534848,25.900000,-115.430000,14.910000,1770370160.518076
0.041236,-0.052216,0.794708,40.250000,-80.430000,18.340000,1770370160.526157
0.030988,-0.086864,1.026752,53.410000,-38.220001,21.350000,1770370160.534011
-0.033916,-0.098820,1.168272,62.860001,0.630000,24.360001,1770370160.542017
-0.140788,-0.127612,1.280512,76.230003,26.530001,24.360001,1770370160.550022
-0.257908,-0.185196,1.415932,89.180000,35.490002,24.360001,1770370160.558176
-0.404796,-0.188612,1.638704,106.330002,37.730000,21.000000,1770370160.566021
-0.486048,-0.157136,1.948584,100.660004,34.369999,15.610000,1770370160.574018
-0.500688,-0.181536,2.143052,69.650002,23.730000,12.950000,1770370160.582024
-0.467016,-0.276696,2.156228,37.799999,2.590000,11.900000,1770370160.590027
-0.425292,-0.324520,2.159644,17.430000,-20.299999,8.960000,1770370160.598074
-0.381860,-0.300120,2.112796,4.970000,-37.799999,10.360000,1770370160.606015
-0.305732,-0.274256,1.967372,-14.140000,-52.639999,9.940000,1770370160.614018
-0.232044,-0.213256,1.789496,-29.120001,-59.570000,15.400000,1770370160.622004
-0.146156,-0.207400,1.582584,-47.459999,-64.540001,14.980000,1770370160.630057
-0.073688,-0.193492,1.349076,-64.889999,-62.299999,20.020000,1770370160.638048
-0.020008,-0.164944,1.131916,-69.300003,-56.209999,26.389999,1770370160.646014
0.015372,-0.114924,0.926224,-70.559998,-44.799999,32.270000,1770370160.654005
0.041236,-0.035380,0.772748,-64.889999,-31.990000,44.450001,1770370160.662036
0.044652,0.047824,0.673684,-57.889999,-17.219999,51.660000,1770370160.670003
0.043188,0.134444,0.584624,-52.639999,-4.830000,58.310001,1770370160.678101
0.031964,0.201056,0.507276,-44.799999,6.160000,58.520000,1770370160.686018
0.005612,0.268888,0.415044,-40.880001,13.510000,57.540001,1770370160.694068
-0.022448,0.316712,0.313784,-36.400002,18.270000,53.689999,1770370160.702024
-0.051484,0.353068,0.218868,-31.080000,20.160000,45.709999,1770370160.710030
-0.064904,0.384056,0.106872,-25.200001,19.670000,39.619999,1770370160.718065
-0.083936,0.398940,0.009516,-19.950001,20.930000,30.309999,1770370160.726024
-0.091744,0.399184,-0.062464,-13.230000,24.150000,27.930000,1770370160.734043
-0.087596,0.385032,-0.094184,-3.920000,30.170000,22.540001,1770370160.742017
-0.079788,0.384544,-0.039040,7.490000,35.139999,16.100000,1770370160.750018
-0.070028,0.376248,0.130540,19.809999,42.700001,12.740000,1770370160.758148
-0.069784,0.382592,0.405284,30.100000,52.220001,9.800000,1770370160.766032
-0.085400,0.399428,0.798368,33.320000,65.449997,5.810000,1770370160.774025
-0.102236,0.417728,1.119228,35.840000,77.419998,-0.350000,1770370160.782081
-0.132248,0.344772,1.331020,44.590000,87.010002,-2.240000,1770370160.790003
-0.167628,0.289872,1.518168,48.230000,87.430000,-3.780000,1770370160.798073
-0.211548,0.243024,1.720444,49.419998,77.139999,0.700000,1770370160.806053
-0.259372,0.202520,2.003728,49.349998,60.689999,11.130000,1770370160.814034
-0.299876,0.026108,2.274568,51.660000,45.430000,21.350000,1770370160.822017
-0.340136,-0.161772,2.351916,50.189999,35.070000,30.590000,1770370160.830003
-0.345504,-0.258396,2.241140,30.660000,27.580000,39.970001,1770370160.838184
-0.376736,-0.373564,2.066192,3.570000,29.820000,47.320000,1770370160.846071
-0.420900,-0.514596,1.902712,-20.580000,43.400002,44.590000,1770370160.854365
-0.475556,-0.606828,1.802428,-36.889999,63.630001,40.389999,1770370160.862062
-0.571936,-0.485072,1.669204,-38.990002,87.430000,30.379999,1770370160.870007
-0.688568,-0.393084,1.497428,-49.980000,104.089996,17.990000,1770370160.878078
-0.765184,-0.392840,1.289784,-60.759998,110.180000,7.070000,1770370160.886023
-0.814472,-0.227896,0.977464,-64.610001,102.970001,-2.660000,1770370160.894051
-0.846680,-0.141764,0.782020,-64.959999,85.400002,-7.070000,1770370160.902025
-0.880840,-0.018544,0.666608,-54.669998,60.689999,-12.600000,1770370160.910007
-0.873032,0.088328,0.588772,-48.090000,33.599998,-17.990000,1770370160.918092
-0.830088,0.132248,0.505812,-40.180000,10.010000,-20.090000,1770370160.926022
-0.758352,0.148108,0.399428,-30.870001,-12.250000,-24.290001,1770370160.934092
-0.667340,0.118828,0.301096,-20.510000,-35.000000,-26.740000,1770370160.942024
-0.577792,0.115168,0.202520,-11.340000,-52.430000,-30.309999,1770370160.950017
-0.485072,0.113948,0.120048,-5.670000,-70.349998,-31.010000,1770370160.958077
-0.394548,0.141764,0.045140,-0.980000,-86.730003,-29.540001,1770370160.966050
-0.307684,0.151768,0.002440,2.030000,-100.730003,-28.490000,1770370160.974104
-0.222040,0.167628,-0.010980,7.210000,-114.099998,-25.059999,1770370160.982025
-0.151280,0.117120,0.005612,8.120000,-125.019997,-23.030001,1770370160.990053
-0.090524,0.062464,0.071248,7.770000,-129.500000,-16.870001,1770370160.998058
-0.033428,0.006832,0.179828,14.630000,-126.279999,-11.270000,1770370161.006049
0.006100,-0.059048,0.331352,20.790001,-112.139999,-3.500000,1770370161.014017
0.034404,-0.115412,0.566812,32.619999,-88.550003,-3.710000,1770370161.022101
0.030012,-0.146644,0.845948,42.419998,-52.430000,1.470000,1770370161.030011
-0.009516,-0.163480,1.073600,54.320000,-10.780000,6.720000,1770370161.038060
-0.105896,-0.247660,1.246596,62.090000,22.049999,13.790000,1770370161.046013
-0.258640,-0.257420,1.350540,71.330002,42.349998,15.050000,1770370161.054033
-0.437004,-0.293532,1.494256,92.120003,45.500000,14.140000,1770370161.062536
-0.637572,-0.257420,1.689212,108.150002,44.029999,8.890000,1770370161.070253
-0.759328,-0.193492,1.897100,102.550003,33.250000,4.480000,1770370161.078142
-0.796660,-0.167872,2.011048,72.099998,15.400000,-2.590000,1770370161.085985
-0.715164,-0.212280,2.011292,36.400002,-14.490000,-5.040000,1770370161.094029
-0.629032,-0.258396,2.052040,8.750000,-45.779999,-6.090000,1770370161.102023
-0.517768,-0.267424,2.082052,-13.090000,-72.309998,-8.540000,1770370161.110123
-0.381616,-0.239852,2.002264,-32.130001,-86.519997,-8.960000,1770370161.118065
-0.228384,-0.179096,1.855620,-45.430000,-94.639999,-6.930000,1770370161.126012
-0.102724,-0.107360,1.645780,-56.209999,-96.739998,-4.340000,1770370161.134097
0.008784,-0.035380,1.420080,-65.519997,-93.449997,4.760000,1770370161.142019
0.078812,0.025132,1.183156,-67.900002,-87.989998,12.390000,1770370161.150079
0.130784,0.083692,0.958188,-66.220001,-79.309998,24.290001,1770370161.158146
0.162992,0.132492,0.766648,-63.070000,-65.870003,34.230000,1770370161.166128
0.189588,0.194956,0.624152,-55.299999,-52.570000,43.470001,1770370161.174047
0.182268,0.254736,0.523624,-48.230000,-37.380001,45.919998,1770370161.182012
0.166408,0.324032,0.420656,-41.650002,-21.420000,43.470001,1770370161.190007
0.150060,0.385032,0.325008,-37.099998,-6.300000,40.180000,1770370161.198057
0.109068,0.438468,0.239608,-34.230000,7.490000,34.160000,1770370161.206006
0.077592,0.498248,0.165432,-32.340000,25.059999,27.860001,1770370161.214055
0.039528,0.524112,0.079544,-31.219999,37.029999,20.580000,1770370161.222013
0.003172,0.510936,-0.018056,-25.969999,47.389999,13.580000,1770370161.230014
-0.011468,0.474336,-0.102724,-19.459999,55.580002,7.560000,1770370161.238070
-0.017568,0.425292,-0.127856,-7.070000,61.810001,6.860000,1770370161.246006
-0.019764,0.363072,-0.047336,10.080000,67.129997,5.600000,1770370161.254097
-0.020740,0.328180,0.144692,26.740000,72.800003,3.500000,1770370161.262045
-0.029768,0.328180,0.463600,43.330002,83.089996,1.680000,1770370161.270028
-0.049288,0.335988,0.850584,48.230000,94.080002,-1.120000,1770370161.278058
-0.070028,0.320616,1.169248,50.540001,104.650002,-4.270000,1770370161.286005
-0.087108,0.241072,1.387384,52.779999,111.230003,-4.970000,1770370161.294098
-0.122488,0.173484,1.550376,56.490002,111.300003,-0.770000,1770370161.302003
-0.154452,0.113948,1.676280,56.070000,97.650002,4.970000,1770370161.310007
-0.225456,0.023668,1.924428,53.549999,75.739998,9.660000,1770370161.318060
-0.272060,-0.183732,2.190876,59.290001,57.119999,14.630000,1770370161.326014
-0.309880,-0.361120,2.249680,59.009998,48.369999,24.360001,1770370161.334057
-0.322080,-0.399672,2.187704,42.910000,46.270000,28.980000,1770370161.342019
-0.336964,-0.463844,2.012024,20.020000,52.919998,29.120001,1770370161.350011
-0.377712,-0.552416,1.837320,-0.980000,67.339996,30.870001,1770370161.358081
-0.458476,-0.600240,1.730692,-16.240000,88.760002,23.730000,1770370161.366055
-0.569740,-0.574132,1.659200,-31.780001,111.720001,12.250000,1770370161.374001
-0.696864,-0.463600,1.543544,-45.360001,130.199997,3.290000,1770370161.382025
-0.803492,-0.345260,1.325652,-54.740002,136.500000,-9.520000,1770370161.390058
-0.886452,-0.211304,1.053348,-61.459999,125.930000,-16.520000,1770370161.398050
-0.937936,-0.067832,0.823500,-62.439999,104.720001,-24.780001,1770370161.405999
-0.962092,0.029280,0.662216,-56.000000,77.419998,-30.100000,1770370161.414021
-0.957700,0.103944,0.544852,-49.349998,48.930000,-35.139999,1770370161.422019
-0.921100,0.123220,0.450180,-37.240002,21.070000,-37.799999,1770370161.430026
-0.848632,0.141032,0.357948,-25.549999,-5.390000,-41.790001,1770370161.438131
-0.757132,0.161040,0.282796,-17.780001,-29.190001,-44.169998,1770370161.446016
-0.656116,0.187880,0.208620,-9.240000,-50.889999,-42.349998,1770370161.454015
-0.562176,0.232288,0.141520,-4.900000,-71.750000,-45.500000,1770370161.462130
-0.465064,0.268156,0.075152,-2.940000,-91.839996,-42.000000,1770370161.470175
-0.371124,0.292068,0.012200,-2.100000,-110.529999,-39.410000,1770370161.478068
-0.280844,0.262544,-0.009028,-0.140000,-125.930000,-33.810001,1770370161.486083
-0.205692,0.199348,0.009516,0.350000,-136.500000,-28.980000,1770370161.494025
-0.145424,0.113704,0.076128,4.690000,-141.610001,-21.209999,1770370161.502054
-0.101504,0.042700,0.192516,11.200000,-136.500000,-15.820000,1770370161.510027
-0.059780,-0.015860,0.347456,22.540001,-120.610001,-9.380000,1770370161.518100
-0.035624,-0.059292,0.563396,34.299999,-92.889999,-6.720000,1770370161.526019
-0.041480,-0.074664,0.825452,43.889999,-51.240002,-0.210000,1770370161.534052
-0.069296,-0.084424,1.044076,51.310001,-8.820000,-1.260000,1770370161.542035
-0.141032,-0.107604,1.213168,59.990002,21.840000,0.560000,1770370161.550014
-0.268644,-0.136640,1.358348,70.629997,36.470001,-1.890000,1770370161.558073
-0.436272,-0.166164,1.518168,86.660004,37.590000,-3.850000,1770370161.566037
-0.621712,-0.142008,1.758508,97.089996,34.580002,-6.300000,1770370161.574027
-0.723948,-0.137128,1.959808,88.059998,24.850000,-16.309999,1770370161.582019
-0.730536,-0.177144,2.061556,64.190002,7.840000,-18.830000,1770370161.590122
-0.648552,-0.262056,2.069608,38.220001,-20.790001,-18.969999,1770370161.598063
-0.566812,-0.322812,2.051552,18.549999,-51.590000,-17.500000,1770370161.606015
-0.458720,-0.312564,2.021052,3.990000,-73.220001,-14.210000,1770370161.614038
-0.339404,-0.248392,1.951024,-11.130000,-89.320000,-12.390000,1770370161.622144
-0.225944,-0.133224,1.806576,-26.320000,-94.849998,-10.220000,1770370161.630019
-0.132248,-0.031964,1.605032,-41.650002,-92.330002,-8.750000,1770370161.638063
-0.047824,0.037332,1.370792,-56.070000,-84.419998,-5.040000,1770370161.646020
0.011468,0.081984,1.128256,-65.660004,-75.529999,2.590000,1770370161.654024
0.057584,0.104920,0.884500,-68.110001,-65.449997,7.420000,1770370161.662158
0.079056,0.131516,0.688324,-62.790001,-53.900002,19.320000,1770370161.670031
0.083936,0.163724,0.544852,-57.189999,-39.900002,27.510000,1770370161.678058
0.084668,0.203984,0.439444,-51.799999,-27.020000,34.020000,1770370161.686023
0.070272,0.241804,0.355508,-46.689999,-15.610000,38.009998,1770370161.694021
0.050508,0.285480,0.290360,-40.459999,-4.690000,34.860001,1770370161.702053
0.016104,0.335744,0.230092,-39.410000,5.390000,31.990000,1770370161.710024
-0.018300,0.383812,0.172508,-32.480000,16.170000,27.370001,1770370161.718118
-0.045872,0.410896,0.118584,-27.650000,25.059999,21.209999,1770370161.726017
-0.064660,0.406260,0.058072,-18.969999,31.219999,17.570000,1770370161.734024
-0.075884,0.371856,0.015372,-5.110000,33.810001,10.640000,1770370161.742084
-0.077836,0.329156,0.013664,12.250000,35.560001,6.720000,1770370161.750051
-0.075152,0.311344,0.103456,27.650000,38.360001,0.840000,1770370161.758073
-0.075152,0.333060,0.302072,43.189999,42.279999,-1.190000,1770370161.766034
-0.071980,0.338428,0.601460,45.849998,51.099998,-5.670000,1770370161.774029
-0.064904,0.354532,0.920856,43.959999,60.549999,-13.580000,1770370161.782017
-0.058804,0.313784,1.166320,38.849998,72.309998,-17.430000,1770370161.790161
-0.057828,0.253516,1.335900,37.450001,80.779999,-19.879999,1770370161.798063
-0.063684,0.163236,1.479128,38.570000,80.080002,-10.010000,1770370161.806021
-0.114680,0.087108,1.643096,39.060001,72.239998,-6.370000,1770370161.814005
-0.181048,-0.012200,1.861964,42.000000,56.349998,-2.100000,1770370161.822021
-0.222528,-0.209352,2.076928,45.779999,43.889999,2.030000,1770370161.830122
-0.247172,-0.366732,2.111576,45.009998,40.389999,9.380000,1770370161.838060
-0.253028,-0.430904,2.051552,34.299999,38.220001,14.700000,1770370161.846016
-0.284992,-0.510448,1.961028,12.880000,46.060001,21.700001,1770370161.854024
-0.342820,-0.593164,1.891244,-4.200000,61.459999,24.639999,1770370161.862018
-0.457012,-0.625372,1.860256,-20.230000,81.410004,17.990000,1770370161.870022
-0.588040,-0.602436,1.800964,-37.099998,103.949997,5.530000,1770370161.878082
-0.705404,-0.491660,1.661884,-51.099998,115.430000,-6.930000,1770370161.886024
-0.800320,-0.349408,1.431548,-61.669998,116.410004,-14.280000,1770370161.894149
-0.863028,-0.179584,1.152168,-66.989998,101.989998,-22.610001,1770370161.902021
-0.902312,-0.029036,0.884256,-65.870003,80.290001,-30.870001,1770370161.910005
-0.917684,0.086620,0.698572,-58.869999,52.709999,-33.599998,1770370161.918126
-0.900360,0.158356,0.573644,-50.470001,25.830000,-35.910000,1770370161.926016
-0.845216,0.187392,0.482144,-39.130001,4.130000,-36.259998,1770370161.934058
-0.782020,0.171532,0.411872,-31.570000,-15.610000,-35.000000,1770370161.942159
-0.697108,0.155428,0.340624,-24.219999,-33.250000,-36.119999,1770370161.950031
-0.610000,0.158600,0.248392,-18.129999,-48.650002,-36.959999,1770370161.958087
-0.519964,0.164212,0.160796,-12.810000,-65.660004,-36.750000,1770370161.966119
-0.441884,0.196664,0.081496,-10.220000,-83.860001,-33.950001,1770370161.974033
-0.359900,0.226188,0.006832,-9.310000,-100.730003,-35.139999,1770370161.982022
-0.274988,0.238388,-0.027084,-8.120000,-116.480003,-32.759998,1770370161.990077
-0.198372,0.202276,-0.009760,-8.540000,-128.520004,-28.280001,1770370161.998105
-0.137616,0.123220,0.052704,-3.920000,-133.839996,-21.000000,1770370162.006017
-0.088572,0.046848,0.171532,3.640000,-131.250000,-14.630000,1770370162.014045
-0.044408,-0.028304,0.320372,16.309999,-117.529999,-11.340000,1770370162.022025
-0.003416,-0.067588,0.536312,32.900002,-93.309998,-6.160000,1770370162.030021
-0.001464,-0.092964,0.781044,47.320000,-55.439999,-4.830000,1770370162.038066
-0.015616,-0.125660,0.992836,60.759998,-11.830000,2.730000,1770370162.046034
-0.082960,-0.175924,1.157536,74.199997,23.030001,3.290000,1770370162.054120
-0.218868,-0.211792,1.308084,91.489998,45.150002,5.320000,1770370162.062362
-0.387716,-0.232288,1.455216,106.959999,51.240002,1.680000,1770370162.070174
-0.591944,-0.196908,1.627236,119.629997,47.880001,-2.240000,1770370162.078346
-0.751764,-0.135176,1.806820,111.720001,36.889999,-10.360000,1770370162.086077
-0.818376,-0.128344,1.920036,82.949997,14.070000,-17.709999,1770370162.094099
-0.754692,-0.198372,1.961760,54.529999,-21.139999,-19.389999,1770370162.102147
-0.643428,-0.282064,1.964932,31.639999,-60.759998,-18.200001,1770370162.110001
-0.513376,-0.334280,1.979328,14.140000,-92.820000,-13.020000,1770370162.118149
-0.377468,-0.323300,1.920768,-3.990000,-113.610001,-9.870000,1770370162.126035
-0.247416,-0.273036,1.819996,-21.910000,-120.540001,-5.460000,1770370162.134031
-0.121512,-0.199104,1.670912,-38.570000,-119.070000,0.000000,1770370162.142037
-0.001220,-0.135664,1.467904,-54.320000,-110.739998,3.290000,1770370162.150017
0.084424,-0.065148,1.248304,-61.740002,-99.190002,11.830000,1770370162.158125
0.144936,0.009516,1.034804,-63.490002,-85.610001,19.879999,1770370162.166042
0.183244,0.073200,0.852292,-60.130001,-68.879997,30.100000,1770370162.174119
0.199348,0.142740,0.712236,-55.439999,-51.450001,38.290001,1770370162.182011
0.201300,0.197884,0.604388,-48.230000,-34.580002,39.970001,1770370162.190007
0.187148,0.257176,0.518500,-42.560001,-18.129999,42.349998,1770370162.198073
0.151280,0.311344,0.433832,-37.099998,-2.940000,42.139999,1770370162.206055
0.112240,0.357216,0.355508,-34.020000,10.640000,40.459999,1770370162.214223
0.067832,0.411628,0.276452,-29.680000,23.799999,36.189999,1770370162.223510
0.033184,0.435784,0.231800,-29.469999,30.799999,28.840000,1770370162.230022
-0.005124,0.434076,0.171776,-22.120001,37.450001,28.209999,1770370162.238124
-0.022692,0.407480,0.118340,-12.880000,40.040001,20.440001,1770370162.246006
-0.035868,0.351360,0.069296,-0.910000,42.000000,13.160000,1770370162.254910
-0.041968,0.308660,0.062464,14.980000,45.570000,7.910000,1770370162.263264
-0.044896,0.289872,0.129808,27.230000,47.599998,3.220000,1770370162.270078
-0.045384,0.285724,0.302560,38.009998,52.220001,-1.470000,1770370162.278064
-0.034648,0.306708,0.555344,42.980000,60.130001,-8.820000,1770370162.285996
-0.029036,0.336232,0.860588,44.029999,73.220001,-11.410000,1770370162.294026
-0.031964,0.329888,1.137528,42.560001,88.410004,-16.940001,1770370162.302122
-0.031720,0.293044,1.326384,40.320000,103.180000,-16.870001,1770370162.310040
-0.051972,0.218380,1.475712,39.759998,107.449997,-13.580000,1770370162.318061
-0.096868,0.119804,1.642852,39.060001,100.940002,-6.020000,1770370162.325995
-0.144936,-0.000732,1.803160,40.529999,86.660004,-0.630000,1770370162.334014
-0.187636,-0.197884,1.948096,47.040001,68.879997,2.030000,1770370162.342011
-0.241804,-0.315004,2.012268,48.860001,58.869999,10.360000,1770370162.350035
-0.284504,-0.333304,1.990796,37.660000,55.930000,15.820000,1770370162.358243
-0.329156,-0.405284,1.914424,19.459999,62.790001,21.700001,1770370162.366017
-0.393816,-0.497272,1.840492,3.220000,78.680000,23.730000,1770370162.374048
-0.490196,-0.572668,1.791448,-16.590000,94.639999,25.059999,1770370162.382032
-0.635864,-0.600972,1.727276,-29.540001,110.389999,15.260000,1770370162.390018
-0.761768,-0.521916,1.587464,-45.220001,119.559998,2.450000,1770370162.398065
-0.868396,-0.416508,1.406416,-54.250000,121.309998,-7.980000,1770370162.406035
-0.934764,-0.268400,1.151436,-58.869999,106.610001,-20.580000,1770370162.414019
-0.971608,-0.109800,0.901824,-60.549999,83.019997,-26.180000,1770370162.422004
-0.981368,0.023912,0.737124,-53.200001,54.180000,-35.349998,1770370162.430020
-0.963556,0.105896,0.627324,-46.689999,25.129999,-36.119999,1770370162.438065
-0.911340,0.152256,0.535092,-37.240002,0.700000,-43.889999,1770370162.446017
-0.839116,0.173484,0.460672,-30.520000,-19.740000,-39.410000,1770370162.454134
-0.747616,0.189588,0.381372,-23.100000,-37.660000,-45.009998,1770370162.462016
-0.654896,0.208864,0.299388,-17.780001,-58.240002,-51.099998,1770370162.470049
-0.564128,0.223748,0.215208,-14.350000,-75.459999,-49.070000,1770370162.478087
-0.477752,0.254248,0.139080,-10.990000,-91.349998,-51.450001,1770370162.486146
-0.377224,0.291336,0.066612,-11.900000,-109.830002,-48.930000,1770370162.494016
-0.276208,0.314028,0.009272,-12.950000,-125.580002,-48.299999,1770370162.502016
-0.186904,0.283284,-0.006588,-15.050000,-138.389999,-43.330002,1770370162.510057
-0.112484,0.209108,0.010980,-13.300000,-145.600006,-34.580002,1770370162.518087
-0.059780,0.113948,0.081740,-5.670000,-143.710007,-24.920000,1770370162.526341
-0.013176,0.033672,0.197152,6.090000,-133.279999,-17.990000,1770370162.534100
0.021716,-0.035624,0.375028,24.570000,-110.040001,-14.840000,1770370162.542009
0.042212,-0.075396,0.631472,41.790001,-74.550003,-9.170000,1770370162.550055
0.037332,-0.105896,0.887916,57.119999,-28.139999,-6.860000,1770370162.558084
0.005856,-0.147132,1.101660,72.309998,15.820000,-2.030000,1770370162.566092
-0.082960,-0.183732,1.274900,86.730003,46.830002,-1.190000,1770370162.574025
-0.217892,-0.229604,1.415200,107.099998,60.549999,-0.210000,1770370162.582040
-0.389180,-0.267912,1.566724,126.209999,61.669998,-3.220000,1770370162.590007
-0.585844,-0.246440,1.751676,135.449997,54.810001,-3.500000,1770370162.598087
-0.729072,-0.216916,1.883436,121.309998,41.299999,-10.850000,1770370162.606015
-0.754936,-0.234240,1.987868,91.419998,16.870001,-15.120000,1770370162.614137
-0.691984,-0.284748,2.039840,59.290001,-14.210000,-15.680000,1770370162.621999
-0.613172,-0.337940,2.035448,36.049999,-49.560001,-13.720000,1770370162.630022
-0.498248,-0.348188,1.989332,13.230000,-79.730003,-10.990000,1770370162.638065
-0.380152,-0.294752,1.908812,-6.020000,-98.629997,-9.520000,1770370162.646014
-0.258640,-0.211304,1.790472,-23.799999,-107.519997,-6.510000,1770370162.654136
-0.148352,-0.125172,1.633336,-38.570000,-106.330002,-4.270000,1770370162.662015
-0.050264,-0.033184,1.440332,-48.790001,-98.559998,-5.390000,1770370162.670033
0.018056,0.026352,1.249036,-59.009998,-88.970001,1.820000,1770370162.678081
0.076128,0.081496,1.063596,-58.590000,-77.629997,3.850000,1770370162.686038
0.111020,0.132248,0.892552,-59.220001,-62.439999,14.280000,1770370162.694055
0.130052,0.195932,0.762744,-52.990002,-47.320000,17.290001,1770370162.702030
0.134200,0.254004,0.667584,-46.130001,-32.619999,18.900000,1770370162.710043
0.127368,0.318420,0.582672,-41.439999,-20.510000,24.150000,1770370162.718067
0.104676,0.371368,0.503616,-37.520000,-9.030000,25.620001,1770370162.726361
0.066856,0.422120,0.425780,-33.529999,0.070000,26.180000,1770370162.734094
0.026108,0.469944,0.353312,-31.500000,8.890000,21.700001,1770370162.742012
-0.007320,0.485560,0.273036,-28.209999,15.050000,18.900000,1770370162.750009
-0.038552,0.478484,0.183488,-27.510000,21.139999,13.580000,1770370162.758086
-0.054168,0.450912,0.080032,-19.530001,25.129999,7.980000,1770370162.766020
-0.055144,0.409432,0.005368,-4.900000,27.299999,5.600000,1770370162.774027
-0.052216,0.378688,-0.011468,6.720000,31.360001,0.000000,1770370162.782029
-0.048800,0.363804,0.049532,24.780001,36.820000,-3.500000,1770370162.790021
-0.041236,0.366976,0.201056,36.610001,44.730000,-7.000000,1770370162.798066
-0.027084,0.369660,0.456280,44.450001,52.009998,-15.470000,1770370162.806017
-0.025864,0.411140,0.796172,43.330002,61.810001,-22.260000,1770370162.814291
-0.014884,0.426024,1.098244,40.880001,79.519997,-28.629999,1770370162.822886
-0.029768,0.383080,1.301008,38.290001,95.410004,-28.980000,1770370162.831929
-0.050508,0.335744,1.429352,34.860001,100.940002,-28.070000,1770370162.841782
-0.092964,0.264984,1.552328,31.360001,96.809998,-17.990000,1770370162.846236
-0.158844,0.119316,1.707512,25.129999,80.080002,-11.690000,1770370162.854680
-0.187636,-0.110044,1.877336,27.650000,58.450001,-5.810000,1770370162.862248
-0.264740,-0.340868,1.982988,38.849998,46.549999,3.990000,1770370162.870942
-0.315736,-0.410896,1.988600,39.549999,45.009998,7.840000,1770370162.878650
-0.340380,-0.432368,1.936872,27.440001,50.470001,8.890000,1770370162.885654
-0.373076,-0.488000,1.840736,10.430000,64.959999,16.870001,1770370162.896901
-0.445056,-0.556564,1.784860,-3.500000,73.570000,16.730000,1770370162.901584
-0.560956,-0.605608,1.738744,-22.260000,88.550003,12.110000,1770370162.910653
-0.687592,-0.574376,1.635044,-35.349998,100.519997,3.010000,1770370162.917498
-0.794464,-0.486780,1.497184,-49.560001,103.599998,-6.930000,1770370162.925398
-0.876448,-0.365756,1.278560,-56.209999,98.000000,-16.030001,1770370162.933435
-0.925492,-0.226676,1.027728,-62.580002,81.690002,-24.500000,1770370162.941400
-0.937692,-0.069540,0.808372,-59.570000,55.439999,-29.540001,1770370162.949429
-0.931836,0.043432,0.656116,-53.130001,28.700001,-33.389999,1770370162.957410
-0.900360,0.097112,0.577060,-44.799999,5.180000,-38.990002,1770370162.965429
-0.837896,0.135420,0.508984,-36.189999,-15.260000,-40.740002,1770370162.973432
-0.773236,0.146156,0.417240,-30.870001,-31.920000,-44.029999,1770370162.981411
-0.694180,0.164944,0.319396,-24.780001,-47.320000,-46.270000,1770370162.989385
-0.603168,0.199348,0.224968,-18.340000,-62.439999,-49.419998,1770370162.997402
-0.514352,0.229604,0.151524,-13.650000,-77.559998,-51.240002,1770370163.005428
-0.412116,0.263520,0.104188,-8.890000,-94.500000,-52.360001,1770370163.013408
-0.314272,0.286700,0.072712,-6.650000,-111.650002,-53.410000,1770370163.021426
-0.225212,0.275232,0.065148,-4.690000,-125.510002,-47.950001,1770370163.029420
-0.155428,0.226188,0.074176,-5.040000,-134.750000,-41.439999,1770370163.037400
-0.095892,0.180072,0.102480,-1.680000,-139.020004,-35.770000,1770370163.045425
-0.048312,0.111752,0.175436,6.230000,-134.960007,-24.570000,1770370163.053397
0.005856,0.042212,0.305976,20.650000,-121.519997,-17.150000,1770370163.061723
0.046116,-0.003416,0.493856,35.700001,-95.760002,-11.690000,1770370163.069597
0.074176,-0.031964,0.730048,48.299999,-59.990002,-8.610000,1770370163.077424
0.077104,-0.047092,0.957456,58.520000,-19.670000,-5.600000,1770370163.085435
0.051972,-0.072956,1.131916,68.110001,14.280000,-2.100000,1770370163.093462
-0.031232,-0.114680,1.291736,79.309998,37.240002,1.960000,1770370163.101452
-0.129320,-0.155916,1.461560,94.989998,45.779999,-1.190000,1770370163.109397
-0.253028,-0.151768,1.678720,109.410004,43.889999,-1.330000,1770370163.117412
-0.399672,-0.106628,1.919304,108.779999,40.459999,-2.940000,1770370163.125392
-0.494344,-0.118828,2.007876,85.400002,32.270000,-7.140000,1770370163.133435
-0.476288,-0.216184,1.954440,58.310001,14.980000,-8.400000,1770370163.141458
-0.455304,-0.320372,1.897588,38.430000,-6.930000,-5.740000,1770370163.149380
-0.433344,-0.373808,1.893684,18.760000,-28.910000,-4.270000,1770370163.157448
-0.394792,-0.360632,1.879044,2.590000,-41.439999,-3.920000,1770370163.165399
-0.343308,-0.295484,1.826340,-12.530000,-49.560001,-4.620000,1770370163.173409
-0.282308,-0.225700,1.719224,-29.190001,-48.790001,-5.950000,1770370163.181410
-0.221796,-0.155428,1.575508,-42.630001,-43.330002,-5.810000,1770370163.189427
-0.179340,-0.081496,1.398364,-51.520000,-36.049999,-2.450000,1770370163.197392
-0.162504,-0.018300,1.206092,-57.470001,-29.540001,0.560000,1770370163.205397
-0.140788,0.051972,1.032852,-58.310001,-22.400000,8.750000,1770370163.213404
-0.126392,0.125660,0.889380,-56.419998,-16.940001,14.490000,1770370163.221421
-0.112972,0.192028,0.768112,-51.310001,-13.020000,22.820000,1770370163.229419
-0.112728,0.259372,0.670268,-46.480000,-10.360000,25.059999,1770370163.237401
-0.110776,0.325008,0.587796,-41.650002,-11.340000,24.709999,1770370163.245422
-0.113460,0.388692,0.503372,-38.430000,-11.480000,28.209999,1770370163.253426
-0.115656,0.429928,0.432856,-35.560001,-12.600000,22.680000,1770370163.261415
-0.117120,0.465552,0.366244,-35.349998,-13.020000,24.290001,1770370163.269546
-0.117120,0.475312,0.313540,-33.669998,-12.950000,21.910000,1770370163.277402
-0.108580,0.455060,0.249612,-30.730000,-13.790000,19.530001,1770370163.285395
-0.093940,0.399428,0.169092,-21.420000,-13.580000,16.309999,1770370163.293404
-0.068076,0.341112,0.094672,-8.750000,-14.350000,11.690000,1770370163.301396
-0.040260,0.309148,0.075396,9.450000,-12.110000,8.680000,1770370163.309398
-0.014640,0.300364,0.132492,25.549999,-6.860000,3.570000,1770370163.317398
0.009516,0.290604,0.287676,36.889999,3.080000,0.350000,1770370163.325419
0.042944,0.300852,0.547292,44.099998,15.960000,-6.370000,1770370163.333400
0.070760,0.320860,0.860588,45.779999,34.020000,-11.340000,1770370163.341408
0.095892,0.341356,1.147532,43.470001,55.369999,-17.709999,1770370163.349426
0.118340,0.318908,1.332240,40.320000,74.480003,-18.410000,1770370163.357391
0.101992,0.251076,1.451312,37.099998,85.959999,-14.840000,1770370163.365400
0.044896,0.152744,1.554036,27.650000,89.669998,-4.130000,1770370163.373425
-0.002684,-0.006588,1.687016,26.879999,82.879997,2.590000,1770370163.381403
-0.098088,-0.236192,1.833660,33.529999,73.220001,9.870000,1770370163.389409
-0.213744,-0.386252,1.921500,42.349998,71.680000,17.430000,1770370163.397430
-0.297192,-0.427488,1.919548,36.540001,73.709999,20.020000,1770370163.405443
-0.370148,-0.465308,1.868796,25.340000,76.860001,27.510000,1770370163.413401
-0.439932,-0.544120,1.813652,11.410000,86.309998,28.910000,1770370163.421422
-0.552904,-0.599996,1.800964,-2.660000,93.730003,32.830002,1770370163.429393
-0.697108,-0.608048,1.779248,-18.549999,100.029999,21.700001,1770370163.437404
-0.821060,-0.522892,1.703120,-31.850000,103.949997,11.480000,1770370163.445439
-0.909876,-0.376248,1.522804,-44.240002,98.629997,-0.210000,1770370163.453400
-0.959652,-0.220332,1.258796,-52.919998,83.580002,-10.920000,1770370163.461420
-0.967704,-0.059536,0.963556,-59.990002,59.639999,-17.639999,1770370163.469482
-0.948428,0.066124,0.730536,-58.450001,31.850000,-21.910000,1770370163.477440
-0.913536,0.137372,0.594872,-51.520000,6.860000,-25.480000,1770370163.485404
-0.846436,0.170312,0.512888,-44.450001,-12.250000,-28.629999,1770370163.493401
-0.784216,0.165676,0.442372,-36.400002,-25.900000,-27.930000,1770370163.501444
-0.710528,0.174948,0.383812,-28.910000,-37.730000,-31.430000,1770370163.509397
-0.627080,0.204960,0.329644,-24.219999,-47.110001,-39.970001,1770370163.517427
-0.537776,0.233752,0.264984,-20.020000,-57.400002,-42.209999,1770370163.525441
-0.456524,0.277916,0.189588,-16.030001,-71.120003,-47.529999,1770370163.533400
-0.359168,0.318420,0.124440,-15.540000,-86.730003,-45.919998,1770370163.541428
-0.267180,0.327692,0.080032,-14.770000,-103.180000,-41.650002,1770370163.549400
-0.201300,0.294020,0.057828,-16.590000,-116.059998,-35.910000,1770370163.557424
-0.137860,0.227652,0.051240,-14.770000,-125.370003,-26.250000,1770370163.565409
-0.092964,0.148840,0.082472,-7.350000,-128.940002,-17.080000,1770370163.574038
-0.045140,0.077836,0.158112,4.200000,-126.139999,-11.340000,1770370163.582027
-0.004880,0.015128,0.289384,21.000000,-112.699997,-3.990000,1770370163.590037
0.031232,-0.046848,0.502640,35.980000,-87.430000,-0.910000,1770370163.598084
0.053436,-0.101748,0.779092,49.560001,-51.590000,3.360000,1770370163.606054
0.053924,-0.105164,1.013820,59.639999,-12.810000,8.540000,1770370163.614059
0.015128,-0.116388,1.187060,71.050003,19.740000,6.300000,1770370163.622136
-0.083692,-0.122000,1.344196,85.820000,42.000000,5.390000,1770370163.630020
-0.208620,-0.180072,1.488644,102.059998,52.500000,4.830000,1770370163.638093
-0.371124,-0.188124,1.673108,112.209999,52.360001,1.820000,1770370163.646019
-0.529968,-0.147864,1.883924,104.300003,47.459999,-4.270000,1770370163.654127
-0.622688,-0.178608,1.940044,75.389999,34.720001,-8.400000,1770370163.662038
-0.595360,-0.284504,1.878312,47.320000,9.730000,-10.010000,1770370163.670019
-0.556564,-0.398940,1.840004,26.320000,-21.910000,-5.600000,1770370163.678086
-0.515816,-0.436272,1.859280,11.690000,-51.799999,-3.010000,1770370163.686116
-0.451888,-0.398452,1.844884,-3.570000,-72.169998,0.490000,1770370163.694049
-0.365756,-0.320128,1.785104,-20.860001,-82.180000,-1.750000,1770370163.702017
-0.273768,-0.230824,1.687504,-31.360001,-81.339996,-0.420000,1770370163.710016
-0.181536,-0.135420,1.538664,-45.150002,-73.639999,3.570000,1770370163.718094
-0.120780,-0.048800,1.366644,-53.549999,-65.239998,8.540000,1770370163.726059
-0.082228,0.041236,1.195356,-57.680000,-53.340000,13.790000,1770370163.734023
-0.047092,0.120292,1.033584,-59.080002,-41.790001,18.549999,1770370163.742022
-0.027572,0.184708,0.884744,-56.000000,-32.900002,24.990000,1770370163.750058
-0.020496,0.236924,0.759328,-53.200001,-25.129999,29.680000,1770370163.758094
-0.022204,0.294752,0.654652,-46.900002,-19.180000,29.400000,1770370163.765996
-0.036844,0.353800,0.568764,-45.009998,-15.120000,31.430000,1770370163.774038
-0.052216,0.405772,0.494832,-45.639999,-12.460000,28.559999,1770370163.782067
-0.062952,0.451888,0.424072,-43.680000,-10.360000,26.530001,1770370163.790028
-0.061244,0.484584,0.366244,-45.570000,-9.940000,24.850000,1770370163.798064
-0.055388,0.498736,0.319884,-43.259998,-8.680000,24.150000,1770370163.806018
-0.041236,0.476288,0.278404,-38.990002,-8.260000,24.990000,1770370163.814012
-0.017812,0.429684,0.223992,-28.980000,-10.920000,19.459999,1770370163.822105
0.009516,0.379176,0.163236,-12.250000,-10.150000,13.090000,1770370163.830022
0.021228,0.347212,0.134688,8.260000,-10.080000,8.890000,1770370163.838102
0.058072,0.304024,0.189832,27.650000,-2.730000,6.300000,1770370163.846040
0.090280,0.290604,0.340380,41.090000,7.210000,-1.680000,1770370163.854094
0.122488,0.294752,0.572424,47.180000,22.260000,-7.070000,1770370163.862024
0.149816,0.317444,0.869616,50.189999,41.790001,-12.670000,1770370163.870037
0.188124,0.297436,1.141676,48.509998,66.360001,-14.140000,1770370163.878087
0.208376,0.287188,1.284904,47.880001,88.690002,-12.740000,1770370163.886134
0.204472,0.222772,1.396900,42.980000,101.570000,-6.930000,1770370163.894023
0.181292,0.122244,1.513044,36.889999,107.660004,1.120000,1770370163.902018
0.144448,-0.028548,1.682380,37.099998,104.650002,6.230000,1770370163.910014
0.044408,-0.215452,1.836100,42.209999,105.000000,14.490000,1770370163.918064
-0.084668,-0.349896,1.902712,42.560001,108.849998,21.000000,1770370163.926068
-0.191296,-0.413336,1.887340,35.419998,116.199997,28.209999,1770370163.934025
-0.307928,-0.482388,1.825608,18.900000,124.739998,37.660000,1770370163.942016
-0.429440,-0.567544,1.760704,6.580000,134.750000,39.689999,1770370163.950019
-0.595116,-0.641232,1.750212,-9.660000,143.500000,40.810001,1770370163.958062
-0.784704,-0.643428,1.725080,-22.680000,149.240005,27.650000,1770370163.965998
-0.949160,-0.540460,1.640168,-36.119999,147.839996,15.260000,1770370163.974050
-1.069696,-0.403088,1.452288,-48.439999,138.740005,4.060000,1770370163.982032
-1.138260,-0.242048,1.196576,-54.669998,114.309998,-5.600000,1770370163.990024
-1.157292,-0.068808,0.915244,-58.240002,83.230003,-12.670000,1770370163.998074
-1.138992,0.057828,0.713700,-54.250000,47.250000,-19.530001,1770370164.006021
-1.100440,0.126148,0.612684,-48.650002,12.320000,-23.660000,1770370164.014086
-1.024556,0.161284,0.541680,-40.320000,-15.610000,-28.770000,1770370164.022021
-0.916220,0.188856,0.464332,-29.680000,-37.099998,-33.459999,1770370164.030004
-0.809348,0.210328,0.389180,-21.280001,-53.200001,-36.959999,1770370164.038146
-0.710772,0.234972,0.312076,-14.910000,-64.680000,-41.230000,1770370164.046017
-0.601216,0.266204,0.237168,-10.500000,-76.300003,-47.250000,1770370164.054038
-0.493124,0.307684,0.167872,-7.210000,-88.760002,-51.450001,1770370164.062328
-0.388204,0.348188,0.122244,-5.530000,-101.989998,-52.570000,1770370164.070779
-0.279380,0.358436,0.098332,-5.040000,-115.570000,-48.509998,1770370164.078373
-0.197396,0.317200,0.101992,-6.090000,-126.629997,-43.189999,1770370164.086093
-0.136396,0.238388,0.107848,-6.300000,-132.720001,-32.759998,1770370164.094032
-0.081252,0.169580,0.136640,-3.360000,-133.699997,-25.900000,1770370164.102022
-0.046848,0.099552,0.198372,6.300000,-131.039993,-15.680000,1770370164.110018
-0.010004,0.039772,0.330376,18.200001,-118.930000,-9.310000,1770370164.118071
0.017324,-0.000976,0.555100,31.990000,-92.540001,-2.660000,1770370164.126005
0.019276,-0.033184,0.808860,42.630001,-56.560001,4.130000,1770370164.134100
0.010004,-0.083936,1.027972,52.290001,-17.290001,2.520000,1770370164.142021
-0.038064,-0.134200,1.171200,63.349998,11.970000,4.970000,1770370164.150017
-0.144448,-0.183488,1.283684,75.879997,27.930000,3.360000,1770370164.158066
-0.273768,-0.212524,1.384944,93.309998,31.010000,1.470000,1770370164.165998
-0.410164,-0.199836,1.551352,100.660004,26.809999,-2.660000,1770370164.174165
-0.536800,-0.176900,1.741916,94.570000,21.280001,-6.650000,1770370164.182009
-0.578280,-0.197396,1.841224,73.080002,7.980000,-14.140000,1770370164.190000
-0.517768,-0.282308,1.874164,46.200001,-12.180000,-12.460000,1770370164.198096
-0.458720,-0.372588,1.893440,26.950001,-37.099998,-8.750000,1770370164.206015
-0.400404,-0.407236,1.913692,13.650000,-57.330002,-5.530000,1770370164.213991
-0.333304,-0.376004,1.900760,1.540000,-66.989998,-5.180000,1770370164.222014
-0.257176,-0.286944,1.839272,-8.890000,-68.529999,-6.650000,1770370164.230011
-0.179340,-0.185928,1.713368,-23.799999,-65.309998,-5.950000,1770370164.238050
-0.111264,-0.079544,1.533784,-36.470001,-57.189999,-4.340000,1770370164.246036
-0.076372,0.005612,1.349320,-43.119999,-46.689999,0.770000,1770370164.254014
-0.051972,0.076128,1.167540,-53.130001,-36.889999,7.420000,1770370164.262013
-0.038552,0.146888,0.993812,-53.689999,-26.950001,10.150000,1770370164.270020
-0.027084,0.188368,0.853512,-52.779999,-19.740000,17.639999,1770370164.278074
-0.029768,0.235704,0.729072,-49.770000,-14.560000,20.580000,1770370164.286012
-0.038064,0.284748,0.622932,-46.549999,-11.340000,22.959999,1770370164.294024
-0.053436,0.326228,0.545096,-44.099998,-10.570000,20.719999,1770370164.302032
-0.068564,0.376736,0.481900,-41.230000,-10.150000,19.320000,1770370164.310017
-0.082472,0.429440,0.421876,-42.980000,-10.220000,16.660000,1770370164.318073
-0.090524,0.449448,0.366488,-43.119999,-10.360000,14.840000,1770370164.326004
-0.085156,0.453840,0.313296,-41.790001,-10.290000,13.930000,1770370164.334009
-0.074420,0.449204,0.275476,-38.849998,-10.500000,9.660000,1770370164.342018
-0.049044,0.439688,0.245952,-27.020000,-10.500000,10.640000,1770370164.350123
-0.022936,0.394792,0.211060,-13.160000,-8.960000,4.830000,1770370164.358043
-0.003904,0.356240,0.184220,5.530000,-5.390000,7.560000,1770370164.365989
0.016592,0.330132,0.217160,21.770000,0.630000,2.590000,1770370164.374017
0.045140,0.317444,0.333792,34.439999,8.820000,-1.120000,1770370164.382028
0.075884,0.326960,0.529480,44.099998,17.850000,-10.080000,1770370164.390020
0.102724,0.337452,0.801296,43.330002,33.459999,-14.350000,1770370164.398118
0.121268,0.337452,1.047248,44.869999,54.740002,-15.470000,1770370164.406021
0.141276,0.311344,1.239520,39.410000,76.230003,-15.050000,1770370164.414018
0.149816,0.239852,1.368840,32.130001,92.750000,-11.340000,1770370164.422015
0.125416,0.130784,1.482788,31.080000,97.650002,-3.010000,1770370164.430042
0.099552,-0.022936,1.608448,29.049999,93.800003,3.150000,1770370164.438057
0.040016,-0.205692,1.755336,37.660000,87.639999,10.360000,1770370164.446116
-0.058316,-0.342820,1.849032,45.220001,89.669998,17.639999,1770370164.454018
-0.151280,-0.390156,1.871724,42.770000,92.400002,20.230000,1770370164.462000
-0.230336,-0.450424,1.830976,26.459999,101.989998,25.620001,1770370164.470016
-0.333548,-0.489464,1.748504,11.340000,115.080002,30.450001,1770370164.478086
-0.466040,-0.534360,1.711904,-1.330000,129.289993,30.100000,1770370164.486025
-0.630740,-0.526552,1.682380,-15.120000,140.279999,23.240000,1770370164.494138
-0.799344,-0.447496,1.630896,-26.040001,148.399994,11.270000,1770370164.502021
-0.953308,-0.294264,1.502064,-35.910000,145.949997,2.240000,1770370164.510018
-1.066036,-0.174948,1.288320,-48.439999,135.380005,-8.540000,1770370164.518062
-1.129720,-0.037332,1.004304,-53.549999,112.419998,-13.440000,1770370164.526010
-1.134356,0.025376,0.769576,-57.680000,76.650002,-24.990000,1770370164.534132
-1.117520,0.071492,0.634156,-56.419998,41.650002,-25.480000,1770370164.542014
-1.068720,0.096136,0.549488,-48.790001,9.100000,-28.070000,1770370164.550021
-0.986736,0.122000,0.469700,-38.990002,-20.719999,-30.309999,1770370164.558082
-0.882304,0.156160,0.376736,-25.200001,-43.259998,-38.430000,1770370164.566000
-0.765672,0.204960,0.300364,-17.570000,-62.230000,-42.980000,1770370164.574325
-0.666120,0.259372,0.237412,-11.200000,-78.610001,-45.919998,1770370164.582026
-0.565836,0.305732,0.183976,-9.450000,-91.279999,-53.689999,1770370164.590019
-0.454572,0.347700,0.142008,-11.200000,-105.839996,-52.570000,1770370164.598071
-0.341844,0.372588,0.112728,-10.780000,-117.180000,-53.340000,1770370164.606185
-0.246196,0.359168,0.107848,-12.810000,-126.910004,-46.689999,1770370164.614014
-0.168604,0.291336,0.123708,-13.370000,-130.619995,-38.150002,1770370164.622002
-0.118584,0.191296,0.157380,-5.110000,-131.389999,-26.950001,1770370164.630020
-0.082960,0.097600,0.214232,4.690000,-125.370003,-15.820000,1770370164.638080
-0.060756,0.008296,0.324520,22.750000,-114.309998,-6.510000,1770370164.646162
-0.046848,-0.051484,0.506056,35.419998,-91.839996,0.910000,1770370164.654015
-0.051728,-0.081740,0.751764,50.119999,-60.410000,7.000000,1770370164.662015
-0.068808,-0.101504,0.981368,62.299999,-29.260000,8.330000,1770370164.670019
-0.130540,-0.149328,1.168516,72.239998,-4.130000,11.270000,1770370164.678085
-0.222528,-0.207888,1.331020,88.550003,8.400000,7.350000,1770370164.686102
-0.340624,-0.248636,1.471076,102.059998,10.710000,5.530000,1770370164.694016
-0.485804,-0.219844,1.636752,114.870003,7.910000,0.840000,1770370164.702025
-0.616344,-0.165432,1.789984,110.040001,2.170000,-7.490000,1770370164.710155
-0.659044,-0.137860,1.843176,88.410004,-10.500000,-14.910000,1770370164.718058
-0.583160,-0.177876,1.867820,63.000000,-32.549999,-21.770000,1770370164.726016
-0.476776,-0.233020,1.849764,42.770000,-62.790001,-21.420000,1770370164.734014
-0.373564,-0.268400,1.850740,25.410000,-85.820000,-18.760000,1770370164.742022
-0.261568,-0.259616,1.847324,7.000000,-101.360001,-17.850000,1770370164.750168
-0.144692,-0.224480,1.803160,-13.370000,-107.589996,-18.410000,1770370164.758061
-0.031964,-0.172020,1.697508,-29.400000,-104.930000,-17.290001,1770370164.766010
0.065392,-0.106140,1.536468,-45.009998,-95.830002,-12.530000,1770370164.774021
0.124440,-0.032208,1.364692,-54.320000,-81.620003,-8.610000,1770370164.782034
0.158844,0.045628,1.184132,-59.570000,-64.330002,-1.330000,1770370164.790062
0.175924,0.102236,1.015528,-61.740002,-44.799999,10.010000,1770370164.798095
0.170800,0.132736,0.874496,-58.450001,-28.770000,17.639999,1770370164.806059
0.162992,0.180072,0.754936,-56.419998,-14.700000,25.830000,1770370164.814064
0.133956,0.213500,0.655872,-52.849998,-1.680000,28.770000,1770370164.822019
0.101748,0.268156,0.576572,-47.250000,7.420000,31.709999,1770370164.830002
0.065392,0.329888,0.499712,-45.779999,16.170000,31.010000,1770370164.838146
0.023912,0.384300,0.436760,-44.240002,22.260000,30.730000,1770370164.846012
-0.009272,0.443348,0.390888,-41.439999,27.719999,26.879999,1770370164.854045
-0.037576,0.473604,0.352824,-41.650002,31.360001,24.850000,1770370164.862018
-0.051484,0.479460,0.295728,-38.080002,34.369999,19.110001,1770370164.870011
-0.050996,0.452132,0.227408,-31.010000,37.169998,19.180000,1770370164.878100
-0.057584,0.409432,0.152988,-17.430000,37.590000,12.600000,1770370164.886020
-0.070028,0.368440,0.097600,-0.980000,41.439999,11.900000,1770370164.894022
-0.054656,0.317688,0.135420,16.870001,45.430000,5.390000,1770370164.902012
-0.039772,0.308172,0.286212,32.340000,51.450001,-4.690000,1770370164.910019
-0.019520,0.328180,0.544364,38.080002,59.779999,-11.550000,1770370164.918064
-0.002928,0.364048,0.854732,44.450001,70.489998,-16.240000,1770370164.926044
0.010248,0.372832,1.148508,41.439999,84.139999,-18.690001,1770370164.934173
0.009516,0.334280,1.345660,34.790001,93.309998,-16.730000,1770370164.942016
-0.013664,0.287188,1.480836,29.190001,96.389999,-9.660000,1770370164.950018
-0.070760,0.177876,1.632116,22.540001,88.970001,-1.190000,1770370164.958061
-0.151280,0.000244,1.822192,29.400000,80.080002,3.850000,1770370164.966019
-0.261080,-0.163724,1.944436,43.400002,75.529999,7.840000,1770370164.974144
-0.338184,-0.223992,1.932968,43.889999,72.660004,12.810000,1770370164.982073
-0.386496,-0.257664,1.871236,28.980000,72.379997,17.990000,1770370164.990080
-0.428708,-0.357948,1.770220,4.340000,76.650002,22.889999,1770370164.998115
-0.492880,-0.457256,1.711660,-11.410000,87.779999,27.650000,1770370165.006024
-0.597800,-0.508740,1.698240,-24.010000,98.559998,24.500000,1770370165.014030
-0.734196,-0.396012,1.635288,-32.200001,108.849998,14.490000,1770370165.022120
-0.859856,-0.324032,1.538176,-42.910000,112.209999,3.150000,1770370165.030053
-0.952820,-0.163724,1.320284,-53.340000,106.190002,-5.040000,1770370165.038078
-1.005524,-0.083936,1.039196,-61.810001,90.230003,-10.920000,1770370165.046013
-1.013088,-0.027816,0.775676,-70.419998,63.980000,-12.040000,1770370165.054050
-0.992592,-0.038064,0.621712,-70.209999,29.959999,-20.580000,1770370165.062349
-0.952576,-0.026840,0.528992,-63.000000,2.310000,-24.920000,1770370165.070610
-0.871324,0.032696,0.442616,-45.990002,-22.120001,-31.290001,1770370165.079423
-0.794220,0.071492,0.393328,-31.290001,-38.500000,-34.020000,1770370165.086032
-0.688812,0.126636,0.326228,-21.559999,-55.020000,-40.950001,1770370165.094026
-0.585356,0.178608,0.250344,-14.910000,-71.120003,-46.759998,1770370165.102059
-0.487024,0.220576,0.177632,-11.130000,-86.309998,-49.490002,1770370165.110026
-0.384788,0.250588,0.127124,-14.910000,-100.519997,-51.590000,1770370165.118074
-0.275964,0.249856,0.111996,-11.760000,-115.360001,-48.509998,1770370165.126009
-0.193004,0.189588,0.128588,-10.990000,-124.949997,-43.119999,1770370165.134055
-0.119316,0.121268,0.149328,-6.790000,-129.080002,-33.320000,1770370165.142151
-0.071004,0.056608,0.182756,3.010000,-130.270004,-24.920000,1770370165.150014
-0.034160,0.010980,0.262788,13.300000,-122.919998,-17.780001,1770370165.158078
-0.001464,-0.028304,0.386252,29.330000,-107.309998,-6.370000,1770370165.166013
0.017568,-0.070028,0.563884,43.540001,-79.239998,3.640000,1770370165.174120
0.011224,-0.107360,0.790072,55.299999,-44.450001,9.520000,1770370165.182025
-0.019276,-0.151036,0.996252,69.089996,-9.940000,11.550000,1770370165.190012
-0.105408,-0.212280,1.164368,78.889999,20.510000,9.660000,1770370165.198059
-0.221552,-0.273768,1.319308,95.760002,34.020000,7.630000,1770370165.206015
-0.360144,-0.311832,1.445212,108.779999,38.570000,1.820000,1770370165.214009
-0.527772,-0.259128,1.581120,116.410004,32.340000,-0.630000,1770370165.222040
-0.657092,-0.215696,1.750212,105.419998,22.049999,-8.750000,1770370165.230165
-0.697840,-0.244244,1.829512,76.089996,2.940000,-18.410000,1770370165.238103
-0.613660,-0.334280,1.874164,51.099998,-23.799999,-25.270000,1770370165.246016
-0.499956,-0.425292,1.879044,33.110001,-51.240002,-25.480000,1770370165.254009
-0.387228,-0.444812,1.920768,21.000000,-73.779999,-24.570000,1770370165.262074
-0.256688,-0.395524,1.942728,4.760000,-82.949997,-20.440001,1770370165.270021
-0.152988,-0.275720,1.892708,-13.580000,-81.269997,-18.900000,1770370165.278079
-0.065148,-0.163968,1.742404,-28.559999,-71.959999,-14.840000,1770370165.286139
0.002196,-0.075152,1.525488,-44.029999,-59.290001,-8.190000,1770370165.294006
0.029524,0.000000,1.311012,-52.919998,-45.570000,-1.120000,1770370165.302016
0.035380,0.051728,1.102148,-56.490002,-31.360001,7.980000,1770370165.310009
0.034404,0.105408,0.923784,-56.560001,-18.830000,14.980000,1770370165.318057
0.024156,0.161284,0.778848,-52.639999,-6.650000,25.480000,1770370165.326001
0.003660,0.228384,0.688812,-49.000000,1.400000,33.459999,1770370165.334022
-0.025620,0.290360,0.624884,-46.759998,10.290000,36.049999,1770370165.342123
-0.065880,0.366000,0.564616,-44.520000,17.010000,35.700001,1770370165.350003
-0.102236,0.422852,0.502152,-42.000000,20.719999,35.840000,1770370165.358055
-0.134932,0.469212,0.435052,-41.090000,23.940001,32.270000,1770370165.366001
-0.157136,0.495076,0.356972,-38.990002,22.190001,29.750000,1770370165.373999
-0.168604,0.508008,0.269132,-37.169998,18.270000,27.440001,1770370165.382027
-0.168604,0.491904,0.177144,-27.440001,12.950000,21.700001,1770370165.390021
-0.147620,0.454084,0.087352,-17.430000,7.350000,15.050000,1770370165.398061
-0.116876,0.422608,0.034404,-0.210000,2.030000,10.430000,1770370165.406023
-0.102724,0.398696,0.050508,18.480000,2.590000,9.800000,1770370165.414138
-0.080764,0.323544,0.203740,25.620001,7.560000,8.540000,1770370165.422017
-0.062952,0.414556,0.399672,29.120001,14.770000,-1.750000,1770370165.430013
-0.032696,0.401624,0.696376,29.540001,23.940001,-5.950000,1770370165.438063
-0.004392,0.440420,0.962580,32.410000,35.139999,-16.030001,1770370165.446012
0.014396,0.424804,1.203896,32.759998,51.450001,-21.629999,1770370165.454061
0.020740,0.307928,1.401780,30.100000,63.910000,-20.090000,1770370165.462022
-0.006588,0.249856,1.519388,29.260000,70.629997,-14.770000,1770370165.470053
-0.053924,0.076128,1.650416,18.900000,70.139999,-8.190000,1770370165.478209
-0.100284,-0.014640,1.800964,27.090000,64.330002,-0.420000,1770370165.486014
-0.194468,-0.253028,1.952732,34.230000,61.669998,8.680000,1770370165.494027
-0.268644,-0.363072,1.987380,35.560001,63.630001,12.600000,1770370165.502051
-0.286944,-0.280600,1.906372,27.440001,58.660000,6.860000,1770370165.510114
-0.360388,-0.516060,1.852204,8.120000,70.980003,20.230000,1770370165.518056
-0.425780,-0.522648,1.743136,-1.820000,84.209999,26.320000,1770370165.526013
-0.538020,-0.540460,1.709464,-13.440000,95.970001,23.590000,1770370165.534018
-0.685640,-0.550952,1.663592,-30.240000,104.440002,12.810000,1770370165.542014
-0.795684,-0.420900,1.537688,-42.279999,108.989998,0.490000,1770370165.550023
-0.888404,-0.246196,1.332728,-52.500000,105.070000,-6.860000,1770370165.558063
-0.949892,-0.083204,1.077748,-53.549999,91.839996,-12.460000,1770370165.566005
-0.992104,-0.000976,0.858636,-51.869999,67.410004,-20.790001,1770370165.574023
-0.995032,-0.025620,0.682956,-64.959999,39.130001,-21.910000,1770370165.582021
-0.956724,-0.041236,0.591700,-66.639999,10.500000,-26.740000,1770370165.590021
-0.896456,-0.041724,0.530700,-59.639999,-12.950000,-28.139999,1770370165.598063
-0.826672,-0.006832,0.471896,-43.189999,-33.040001,-32.340000,1770370165.606023
-0.740540,0.055144,0.381128,-27.440001,-50.820000,-34.580002,1770370165.614018
-0.643184,0.114192,0.283284,-13.790000,-67.410004,-40.740002,1770370165.622011
-0.539972,0.169580,0.187148,-4.970000,-83.650002,-45.919998,1770370165.630153
-0.426024,0.211548,0.119804,-2.030000,-99.400002,-45.570000,1770370165.638057
-0.319396,0.247172,0.074664,-1.540000,-114.730003,-50.330002,1770370165.646013
-0.215452,0.243268,0.067588,-3.570000,-127.260002,-45.570000,1770370165.654014
-0.129076,0.160308,0.096136,-3.220000,-132.720001,-40.389999,1770370165.662016
-0.074176,0.078080,0.117608,-0.770000,-133.279999,-32.130001,1770370165.670120
-0.038308,-0.001952,0.180804,5.670000,-127.260002,-22.120001,1770370165.678283
0.004636,-0.052948,0.294264,22.469999,-114.379997,-15.260000,1770370165.686069
0.050020,-0.079056,0.488000,38.080002,-92.750000,-6.160000,1770370165.694024
0.062220,-0.095892,0.741516,52.290001,-60.130001,-0.350000,1770370165.702042
0.051484,-0.100284,0.982832,62.860001,-22.540001,5.740000,1770370165.710019
0.007320,-0.128344,1.137284,70.769997,11.830000,10.220000,1770370165.718063
-0.101016,-0.166408,1.255624,82.879997,32.619999,12.040000,1770370165.726055
-0.238388,-0.219844,1.371768,96.459999,43.259998,14.280000,1770370165.734019
-0.389668,-0.209108,1.502064,107.730003,46.900002,12.810000,1770370165.742021
-0.579500,-0.163480,1.692140,106.190002,44.730000,3.990000,1770370165.750013
-0.677344,-0.146888,1.819508,77.769997,37.240002,-3.570000,1770370165.758058
-0.662704,-0.231068,1.860256,47.529999,15.960000,-9.100000,1770370165.766019
-0.604876,-0.352092,1.837320,25.969999,-10.360000,-12.460000,1770370165.774132
-0.542168,-0.416264,1.884900,12.880000,-35.560001,-12.530000,1770370165.782030
-0.459452,-0.404064,1.916620,-0.070000,-56.070000,-11.550000,1770370165.790021
-0.357460,-0.339648,1.865380,-14.350000,-69.089996,-12.180000,1770370165.798076
-0.253516,-0.249124,1.739232,-27.299999,-72.800003,-8.260000,1770370165.806028
-0.163968,-0.152256,1.574288,-41.090000,-69.510002,-4.340000,1770370165.814033
-0.103944,-0.072712,1.365424,-51.520000,-62.790001,1.890000,1770370165.822151
-0.061244,0.002440,1.171932,-57.959999,-53.130001,9.100000,1770370165.830013
-0.036112,0.066612,0.986004,-63.070000,-41.020000,21.350000,1770370165.838067
-0.017080,0.126636,0.824476,-61.529999,-29.120001,28.420000,1770370165.846068
-0.017568,0.177388,0.706868,-57.959999,-19.250000,36.400002,1770370165.854086
-0.023668,0.242292,0.625128,-54.459999,-9.940000,40.669998,1770370165.862029
-0.045872,0.304512,0.559004,-50.889999,-2.100000,40.320000,1770370165.870010
-0.079544,0.366976,0.498248,-48.230000,4.130000,41.790001,1770370165.878106
-0.106628,0.415532,0.415288,-44.029999,9.940000,40.250000,1770370165.886032
-0.125660,0.454572,0.327204,-41.439999,12.670000,38.430000,1770370165.894028
-0.152744,0.468968,0.241560,-38.639999,10.290000,31.500000,1770370165.902023
-0.153964,0.454572,0.150548,-30.100000,7.980000,27.510000,1770370165.910025
-0.133224,0.435052,0.052948,-19.530001,0.770000,21.139999,1770370165.918069
-0.101748,0.397232,-0.001220,-5.670000,-2.800000,17.639999,1770370165.926066
-0.071736,0.366488,0.000732,14.210000,-4.830000,14.630000,1770370165.934022
-0.044896,0.347944,0.101260,29.889999,-2.800000,12.670000,1770370165.942016
-0.017568,0.249856,0.343064,37.520000,3.640000,6.300000,1770370165.950025
0.003416,0.354288,0.622932,40.669998,13.930000,1.610000,1770370165.958177
0.029036,0.352824,0.972096,41.650002,31.570000,-6.930000,1770370165.966018
0.057340,0.295240,1.251964,44.099998,50.189999,-9.870000,1770370165.974043
0.062464,0.265228,1.403976,49.279999,70.769997,-7.420000,1770370165.982036
0.045384,0.165188,1.536956,50.540001,79.449997,-6.510000,1770370165.990154
0.008296,0.132736,1.695068,46.270000,76.860001,3.080000,1770370165.998098
-0.027572,0.005856,1.916376,49.560001,66.220001,7.560000,1770370166.006017
-0.084668,-0.190320,2.094252,52.849998,57.119999,18.760000,1770370166.014164
-0.155916,-0.309148,2.106208,45.779999,55.930000,25.059999,1770370166.022018
-0.169580,-0.230824,2.011536,37.520000,52.990002,19.530001,1770370166.030018
-0.255224,-0.434564,1.900760,12.180000,68.879997,35.139999,1770370166.038064
-0.330864,-0.494344,1.792424,-5.670000,85.330002,38.570000,1770370166.046049
-0.460184,-0.559736,1.758264,-24.010000,104.650002,34.299999,1770370166.054070
-0.598532,-0.470188,1.699460,-33.320000,120.260002,22.330000,1770370166.062307
-0.755424,-0.355020,1.576972,-44.590000,131.809998,12.040000,1770370166.070124
-0.885964,-0.270108,1.390800,-54.110001,130.199997,1.050000,1770370166.078170
-0.980880,-0.124196,1.102148,-58.169998,119.279999,-4.200000,1770370166.086040
-1.030656,-0.057584,0.866688,-57.330002,92.540001,-10.780000,1770370166.094041
-1.042124,0.007076,0.672708,-60.689999,59.150002,-16.590000,1770370166.102021
-1.025776,0.052216,0.569252,-56.630001,26.389999,-19.879999,1770370166.110111
-0.973804,0.096624,0.502640,-47.529999,-2.030000,-20.790001,1770370166.118103
-0.895480,0.119072,0.452132,-35.770000,-26.320000,-24.430000,1770370166.126004
-0.784948,0.143960,0.379420,-22.889999,-46.340000,-30.100000,1770370166.134019
-0.668072,0.154452,0.296704,-14.210000,-62.580002,-34.930000,1770370166.142134
-0.560712,0.174704,0.199348,-6.860000,-79.870003,-39.619999,1770370166.150010
-0.444812,0.201056,0.113704,-4.550000,-97.860001,-40.950001,1770370166.158064
-0.339648,0.221796,0.052460,-4.410000,-111.089996,-42.209999,1770370166.166015
-0.234484,0.236924,0.023668,-4.760000,-125.930000,-39.900002,1770370166.174015
-0.146156,0.215696,0.013664,-8.260000,-134.050003,-32.759998,1770370166.182065
-0.090524,0.156648,0.038552,-2.800000,-138.529999,-29.540001,1770370166.190047
-0.041236,0.089792,0.116632,4.760000,-134.610001,-19.180000,1770370166.198060
0.009272,0.037088,0.240828,18.760000,-122.080002,-12.250000,1770370166.206009
0.055632,-0.006344,0.459208,33.320000,-99.190002,-5.460000,1770370166.214039
0.081496,-0.021960,0.721020,43.680000,-63.209999,-1.890000,1770370166.222021
0.083204,-0.044652,0.972096,56.419998,-22.049999,1.820000,1770370166.230010
0.048556,-0.084912,1.156072,63.349998,17.500000,8.050000,1770370166.238073
-0.058804,-0.125172,1.272948,74.129997,44.029999,10.710000,1770370166.246007
-0.203496,-0.175924,1.367620,86.309998,56.000000,14.490000,1770370166.254015
-0.351604,-0.235460,1.529392,96.320000,56.700001,12.600000,1770370166.262091
-0.552904,-0.166164,1.767292,102.830002,53.340000,6.090000,1770370166.270040
-0.679540,-0.149084,1.896856,78.750000,43.889999,0.140000,1770370166.278082
-0.680272,-0.224236,1.897344,49.630001,26.040001,-4.480000,1770370166.286036
-0.642940,-0.337452,1.865380,26.670000,-0.700000,-1.890000,1770370166.294028
-0.614636,-0.407480,1.907592,9.660000,-27.370001,-2.590000,1770370166.302013
-0.555832,-0.422364,1.928088,-3.220000,-50.330002,-4.550000,1770370166.310010
-0.472384,-0.371856,1.868064,-19.530001,-63.560001,-0.770000,1770370166.318069
-0.381372,-0.282308,1.753628,-31.430000,-67.970001,-2.800000,1770370166.326111
-0.288408,-0.178852,1.568920,-43.330002,-66.010002,1.680000,1770370166.334039
-0.226188,-0.086620,1.374208,-53.480000,-59.919998,4.690000,1770370166.342010
-0.181780,-0.009516,1.168516,-58.520000,-52.570000,15.610000,1770370166.350009
-0.145668,0.058804,0.970876,-62.650002,-45.570000,21.209999,1770370166.358075
-0.118340,0.121268,0.807640,-59.220001,-39.130001,31.780001,1770370166.366037
-0.094672,0.177144,0.687104,-56.209999,-34.369999,34.509998,1770370166.374013
-0.083692,0.234728,0.598288,-51.310001,-31.150000,41.020000,1770370166.382138
-0.083204,0.301340,0.520696,-44.660000,-28.559999,38.430000,1770370166.390015
-0.079300,0.358192,0.449448,-40.320000,-28.490000,39.689999,1770370166.398063
-0.085888,0.404796,0.368196,-37.869999,-26.320000,37.660000,1770370166.405999
-0.080276,0.448228,0.286212,-35.560001,-26.600000,31.920000,1770370166.414032
-0.079300,0.456524,0.220576,-32.759998,-26.250000,29.469999,1770370166.422014
-0.059536,0.443592,0.149572,-24.430000,-26.809999,19.670000,1770370166.430055
-0.033184,0.417972,0.083448,-14.000000,-24.990000,17.430000,1770370166.438064
-0.005368,0.389912,0.053436,1.750000,-22.610001,12.740000,1770370166.446017
0.020740,0.368196,0.090768,20.440001,-14.280000,8.540000,1770370166.454036
0.049044,0.357704,0.242536,33.740002,-2.030000,0.840000,1770370166.462106
0.075884,0.350872,0.481168,41.650002,11.550000,-3.500000,1770370166.470021
0.101504,0.368684,0.788364,45.220001,30.940001,-11.970000,1770370166.478081
0.123220,0.370148,1.078236,45.290001,52.919998,-14.700000,1770370166.486171
0.144692,0.332084,1.280268,42.770000,72.239998,-11.900000,1770370166.494048
0.143228,0.287188,1.429352,39.200001,87.639999,-10.640000,1770370166.501993
0.120292,0.223748,1.563796,38.990002,91.980003,-0.770000,1770370166.510017
0.075640,0.101504,1.749480,37.520000,86.309998,9.870000,1770370166.518071
0.006588,-0.110044,1.952244,43.540001,78.540001,15.260000,1770370166.526039
-0.108824,-0.287188,2.075708,45.009998,76.580002,21.139999,1770370166.534057
-0.206180,-0.351360,2.061068,31.990000,78.750000,24.850000,1770370166.542019
-0.254004,-0.262300,1.948096,21.910000,77.070000,21.559999,1770370166.550014
-0.324032,-0.414800,1.856596,2.170000,87.080002,27.440001,1770370166.558069
-0.416752,-0.482388,1.772904,-13.860000,97.860001,31.500000,1770370166.566095
-0.545828,-0.539484,1.707268,-31.639999,109.339996,25.760000,1770370166.573993
-0.679784,-0.530456,1.619916,-44.099998,116.970001,14.630000,1770370166.582079
-0.783972,-0.461160,1.451312,-47.320000,118.300003,4.620000,1770370166.590031
-0.876204,-0.313540,1.213900,-52.220001,110.529999,-3.570000,1770370166.598070
-0.923296,-0.179828,0.975512,-53.900002,91.559998,-9.310000,1770370166.606015
-0.944280,-0.030988,0.749080,-50.330002,66.989998,-16.170000,1770370166.614071
-0.935984,0.064660,0.591456,-46.970001,39.619999,-21.559999,1770370166.622015
-0.897432,0.128832,0.499712,-39.759998,13.930000,-26.320000,1770370166.630020
-0.840824,0.168848,0.444568,-30.799999,-5.600000,-27.510000,1770370166.638111
-0.752740,0.154696,0.407480,-20.370001,-20.230000,-31.080000,1770370166.646018
-0.653432,0.155184,0.338916,-12.880000,-34.930000,-35.840000,1770370166.654094
-0.559492,0.150060,0.257420,-4.340000,-47.810001,-38.500000,1770370166.662048
-0.461648,0.166164,0.181048,3.430000,-63.560001,-37.730000,1770370166.670004
-0.363804,0.198616,0.120292,7.000000,-79.239998,-36.400002,1770370166.678077
-0.265960,0.230336,0.083448,9.800000,-93.449997,-30.660000,1770370166.686052
-0.181536,0.236924,0.063684,9.380000,-106.889999,-27.930000,1770370166.694021
-0.115656,0.200568,0.063440,6.930000,-118.370003,-18.830000,1770370166.702015
-0.066856,0.129564,0.110776,8.330000,-123.690002,-15.610000,1770370166.710046
-0.020252,0.056608,0.200324,11.690000,-120.470001,-5.460000,1770370166.718119
0.021472,-0.004148,0.345016,21.420000,-104.930000,1.820000,1770370166.726016
0.054900,-0.029036,0.562176,33.320000,-80.220001,4.760000,1770370166.734056
0.059292,-0.037088,0.807396,40.320000,-43.470001,8.330000,1770370166.742032
0.048800,-0.040260,1.025044,53.060001,-3.080000,10.080000,1770370166.750040
-0.026596,-0.107116,1.214632,60.270000,31.570000,15.750000,1770370166.758133
-0.158112,-0.182024,1.354444,71.959999,54.110001,15.680000,1770370166.766018
-0.333548,-0.244732,1.513044,87.779999,65.660004,11.270000,1770370166.774002
-0.545096,-0.232776,1.757288,97.860001,68.040001,3.290000,1770370166.782170
-0.715164,-0.187392,1.903200,90.510002,64.820000,-7.840000,1770370166.790023
-0.781776,-0.188856,1.885632,68.040001,47.529999,-13.440000,1770370166.798066
-0.769820,-0.274012,1.866600,42.910000,20.160000,-16.590000,1770370166.806018
-0.730292,-0.356484,1.873920,24.570000,-16.240000,-14.910000,1770370166.814063
-0.659776,-0.389912,1.892220,5.530000,-48.230000,-13.720000,1770370166.822052
-0.555588,-0.356240,1.874164,-4.760000,-68.459999,-18.549999,1770370166.830022
-0.432368,-0.266448,1.803892,-21.000000,-78.610001,-15.260000,1770370166.838087
-0.305000,-0.162748,1.684088,-33.810001,-78.959999,-15.890000,1770370166.846036
-0.205204,-0.067100,1.519876,-48.439999,-73.220001,-11.340000,1770370166.854018
-0.127856,0.009760,1.326140,-60.689999,-64.610001,-6.790000,1770370166.862019
-0.067100,0.078568,1.130696,-63.770000,-57.959999,2.520000,1770370166.870047
-0.041724,0.127124,0.953796,-63.840000,-47.459999,9.240000,1770370166.878089
-0.024888,0.181780,0.808372,-61.669998,-37.450001,22.120001,1770370166.886059
-0.018544,0.248636,0.702720,-55.020000,-29.680000,30.799999,1770370166.894026
-0.015860,0.316712,0.620980,-51.099998,-22.680000,34.509998,1770370166.902014
-0.029280,0.370392,0.529236,-44.450001,-17.150000,33.040001,1770370166.910043
-0.048556,0.427000,0.445544,-42.419998,-9.940000,34.860001,1770370166.918207
-0.061488,0.473360,0.350140,-38.080002,-4.970000,32.340000,1770370166.926023
-0.086132,0.511180,0.264008,-34.090000,-0.840000,27.719999,1770370166.934081
-0.106872,0.524356,0.182024,-31.080000,3.290000,25.969999,1770370166.942044
-0.108580,0.500200,0.094916,-22.889999,4.970000,20.020000,1770370166.950023
-0.100284,0.457012,0.019032,-14.280000,5.810000,15.610000,1770370166.958082
-0.091012,0.398208,-0.020252,0.840000,6.930000,12.810000,1770370166.966059
-0.078080,0.376004,0.005612,13.090000,8.680000,10.430000,1770370166.974005
-0.073688,0.352092,0.142252,25.620001,13.370000,3.010000,1770370166.982029
-0.044896,0.339892,0.377712,35.770000,17.920000,-1.540000,1770370166.990033
-0.040504,0.372100,0.662460,34.790001,25.690001,-8.400000,1770370166.998069
-0.030500,0.372344,0.943792,29.400000,37.939999,-12.110000,1770370167.006137
-0.026108,0.317932,1.173884,31.219999,53.689999,-9.100000,1770370167.014000
-0.016104,0.327936,1.360300,31.990000,67.339996,-14.350000,1770370167.022027
-0.064904,0.225212,1.513044,36.889999,75.250000,-6.300000,1770370167.030022
-0.129320,0.099552,1.670912,34.650002,73.360001,-3.150000,1770370167.038075
-0.156160,-0.078080,1.935652,38.500000,62.020000,2.590000,1770370167.046129
-0.202764,-0.295728,2.112552,49.209999,52.779999,10.570000,1770370167.054026
-0.256200,-0.421388,2.105720,47.740002,46.480000,15.190000,1770370167.062342
-0.284260,-0.470432,2.006412,34.860001,43.259998,15.820000,1770370167.070239
-0.303536,-0.530456,1.840736,17.570000,47.599998,24.290001,1770370167.078300
-0.346480,-0.570228,1.748748,6.860000,60.340000,28.420000,1770370167.086053
-0.442860,-0.522160,1.736548,-3.780000,78.330002,26.950001,1770370167.094030
-0.571692,-0.475800,1.745088,-22.120001,95.690002,14.210000,1770370167.102083
-0.689056,-0.372588,1.652124,-37.310001,108.080002,3.500000,1770370167.110085
-0.788364,-0.323544,1.460828,-52.849998,112.769997,-3.290000,1770370167.118072
-0.857660,-0.191784,1.154120,-57.610001,102.059998,-12.600000,1770370167.126014
-0.907680,-0.081984,0.882060,-58.660000,84.419998,-17.080000,1770370167.134100
-0.924028,-0.003416,0.698816,-58.869999,56.770000,-24.920000,1770370167.142016
-0.903044,0.071980,0.572912,-52.990002,26.530001,-28.139999,1770370167.150004
-0.863516,0.122244,0.486048,-45.080002,0.140000,-30.660000,1770370167.158143
-0.796660,0.129320,0.434320,-33.320000,-17.360001,-31.219999,1770370167.166021
-0.721020,0.153232,0.382104,-22.959999,-35.490002,-33.110001,1770370167.173976
-0.635376,0.169580,0.317444,-17.219999,-50.330002,-37.450001,1770370167.182022
-0.540948,0.198372,0.241560,-9.310000,-61.950001,-39.759998,1770370167.190030
-0.458964,0.227164,0.163724,-7.560000,-78.330002,-39.689999,1770370167.198068
-0.366488,0.261080,0.098332,-6.020000,-93.519997,-40.389999,1770370167.206062
-0.273524,0.286944,0.053192,-8.120000,-107.730003,-37.590000,1770370167.214012
-0.184708,0.284748,0.033184,-8.680000,-122.150002,-33.740002,1770370167.222027
-0.117608,0.236192,0.049288,-10.080000,-131.110001,-25.340000,1770370167.230034
-0.053924,0.170068,0.102724,-5.040000,-134.399994,-17.850000,1770370167.238151
-0.000976,0.091012,0.208620,3.010000,-129.570007,-10.220000,1770370167.246016
0.044896,0.026352,0.392596,16.100000,-110.739998,-4.060000,1770370167.254017
0.078324,-0.012688,0.630252,28.209999,-79.239998,-1.820000,1770370167.262091
0.080764,-0.042212,0.871568,39.200001,-34.930000,1.610000,1770370167.270008
0.053192,-0.061732,1.062132,48.369999,9.310000,2.170000,1770370167.278076
-0.027572,-0.101748,1.209996,60.619999,45.009998,7.630000,1770370167.286030
-0.166408,-0.155916,1.331264,74.970001,63.700001,9.240000,1770370167.294050
-0.334768,-0.172264,1.505236,91.070000,69.440002,6.860000,1770370167.302018
-0.535336,-0.127856,1.752408,97.720001,66.639999,1.050000,1770370167.309994
-0.672708,-0.130296,1.894904,78.959999,56.279999,-7.070000,1770370167.318212
-0.701500,-0.202032,1.867820,51.520000,35.139999,-10.990000,1770370167.326020
-0.685640,-0.310856,1.837564,31.360001,1.400000,-8.890000,1770370167.334054
-0.645868,-0.386008,1.880752,18.969999,-33.250000,-7.630000,1770370167.342022
-0.568276,-0.386984,1.915156,11.340000,-61.320000,-6.160000,1770370167.350007
-0.476044,-0.359900,1.880996,-0.910000,-77.699997,-5.250000,1770370167.358059
-0.363560,-0.272548,1.780468,-14.560000,-85.680000,-5.600000,1770370167.366007
-0.250832,-0.171288,1.632360,-29.540001,-84.489998,-3.570000,1770370167.374028
-0.152256,-0.075396,1.447408,-43.119999,-78.190002,1.330000,1770370167.382158
-0.092964,0.000000,1.241960,-49.630001,-67.620003,5.950000,1770370167.390045
-0.043432,0.069784,1.028948,-54.180000,-57.889999,12.670000,1770370167.398101
-0.015372,0.124684,0.853512,-51.660000,-47.459999,20.440001,1770370167.406010
0.000000,0.169336,0.716384,-48.020000,-37.799999,26.530001,1770370167.414023
0.002196,0.228140,0.611464,-44.240002,-30.940001,30.100000,1770370167.422041
0.005612,0.287920,0.539728,-39.900002,-24.150000,27.370001,1770370167.430180
0.001220,0.345992,0.477508,-40.459999,-18.410000,29.120001,1770370167.438068
-0.012932,0.391620,0.414312,-38.009998,-16.100000,23.799999,1770370167.446025
-0.026108,0.435784,0.357948,-39.549999,-13.720000,24.500000,1770370167.454083
-0.035868,0.460672,0.318420,-36.750000,-9.590000,22.049999,1770370167.462055
-0.040504,0.449448,0.276696,-32.130001,-8.330000,16.940001,1770370167.470018
-0.030012,0.407724,0.221308,-23.309999,-6.370000,12.600000,1770370167.478117
-0.017324,0.363560,0.146888,-5.880000,-4.550000,7.910000,1770370167.486210
-0.016836,0.341600,0.104920,11.200000,1.190000,7.980000,1770370167.494015
0.002928,0.313296,0.170556,25.900000,9.240000,2.240000,1770370167.502018
0.032940,0.305000,0.337940,38.919998,19.879999,-3.220000,1770370167.510017
0.056852,0.314028,0.606828,43.330002,33.669998,-12.250000,1770370167.518064
0.084180,0.333792,0.945256,45.290001,54.250000,-17.290001,1770370167.526019
0.108336,0.347456,1.195112,43.259998,77.209999,-19.389999,1770370167.534155
0.112972,0.335744,1.339804,38.990002,95.269997,-17.850000,1770370167.542018
0.078080,0.279868,1.471564,33.389999,102.339996,-12.180000,1770370167.550022
0.011712,0.204716,1.615524,27.090000,99.400002,0.420000,1770370167.558075
-0.045872,0.079788,1.784860,29.540001,86.660004,3.850000,1770370167.566011
-0.166652,-0.168360,1.932724,33.389999,76.230003,10.360000,1770370167.574102
-0.272060,-0.279136,1.939556,29.889999,73.430000,17.850000,1770370167.582018
-0.345016,-0.361608,1.885144,20.580000,73.570000,19.530001,1770370167.590039
-0.403820,-0.439200,1.784616,6.160000,77.910004,26.879999,1770370167.598077
-0.473848,-0.473848,1.711904,0.210000,83.019997,26.670000,1770370167.606017
-0.576328,-0.528748,1.700192,-13.790000,90.580002,23.590000,1770370167.614018
-0.711992,-0.534360,1.666276,-29.750000,99.190002,12.250000,1770370167.622010
-0.828624,-0.480436,1.561112,-42.070000,103.599998,5.110000,1770370167.630228
-0.903288,-0.383812,1.383968,-54.880001,98.699997,-4.340000,1770370167.638060
-0.941352,-0.242048,1.122156,-59.779999,80.010002,-14.910000,1770370167.646019
-0.942084,-0.105896,0.853512,-61.880001,53.340000,-19.670000,1770370167.654104
-0.911340,0.014152,0.657824,-55.790001,22.820000,-28.700001,1770370167.662043
-0.862296,0.087840,0.550464,-47.950001,-3.850000,-34.230000,1770370167.670013
-0.790072,0.123708,0.476044,-37.240002,-23.450001,-41.439999,1770370167.678100
-0.696376,0.157380,0.399916,-24.080000,-39.689999,-46.970001,1770370167.686068
-0.598288,0.194468,0.341356,-16.590000,-50.330002,-53.130001,1770370167.694022
-0.508984,0.239852,0.267180,-10.640000,-59.009998,-58.169998,1770370167.702021
-0.428464,0.284748,0.197152,-6.650000,-70.769997,-60.060001,1770370167.710019
-0.335744,0.325740,0.132004,-10.430000,-82.529999,-63.560001,1770370167.718068
-0.234728,0.335500,0.103212,-10.080000,-95.970001,-59.220001,1770370167.726026
-0.146400,0.271572,0.099308,-10.570000,-106.750000,-49.070000,1770370167.734051
-0.082472,0.191540,0.106872,-9.240000,-113.750000,-38.849998,1770370167.742025
-0.035380,0.122732,0.142008,-3.430000,-115.570000,-27.299999,1770370167.750021
-0.003172,0.072956,0.211304,6.300000,-112.209999,-20.090000,1770370167.758066
0.032696,0.028792,0.334768,21.629999,-95.760002,-7.840000,1770370167.766069
0.061976,0.003416,0.537776,36.959999,-68.879997,-4.130000,1770370167.774003
0.056364,-0.018544,0.789828,49.419998,-29.889999,3.360000,1770370167.782024
0.033184,-0.048312,1.035048,56.770000,12.950000,1.890000,1770370167.790164
-0.039284,-0.105896,1.229272,65.940002,47.599998,6.860000,1770370167.798105
-0.165432,-0.194468,1.404952,77.559998,68.040001,6.720000,1770370167.806021
-0.317688,-0.201788,1.562576,93.519997,69.860001,0.490000,1770370167.814049
-0.510936,-0.179096,1.770220,102.550003,61.459999,-4.830000,1770370167.822141
-0.692960,-0.158600,1.903688,92.190002,51.799999,-16.590000,1770370167.830120
-0.746152,-0.219112,1.900516,66.639999,35.279999,-22.540001,1770370167.838066
-0.707600,-0.321348,1.894904,42.840000,9.380000,-22.469999,1770370167.846013
-0.653432,-0.437248,1.893928,24.430000,-23.379999,-19.320000,1770370167.854077
-0.574864,-0.488976,1.913204,12.740000,-50.189999,-15.960000,1770370167.862056
-0.479216,-0.452132,1.896124,-0.700000,-70.419998,-13.440000,1770370167.870006
-0.377956,-0.351604,1.820728,-16.100000,-76.860001,-10.430000,1770370167.878100
-0.280844,-0.221308,1.687260,-31.219999,-74.059998,-10.640000,1770370167.886087
-0.203496,-0.114436,1.480836,-45.570000,-65.309998,-3.710000,1770370167.894017
-0.155916,-0.032208,1.255624,-57.400002,-52.779999,0.280000,1770370167.902016
-0.132004,0.042944,1.042124,-59.990002,-40.810001,3.850000,1770370167.910034
-0.116632,0.109800,0.852048,-61.810001,-30.240000,12.390000,1770370167.918077
-0.105164,0.169824,0.697108,-54.740002,-23.030001,19.670000,1770370167.926009
-0.102236,0.242292,0.579988,-46.759998,-22.049999,23.590000,1770370167.934107
-0.108824,0.308172,0.492636,-41.509998,-19.670000,23.030001,1770370167.942050
-0.112972,0.383812,0.426756,-37.099998,-20.370001,23.520000,1770370167.950015
-0.115900,0.441396,0.361120,-35.560001,-20.020000,21.209999,1770370167.958062
-0.114436,0.489220,0.302072,-33.110001,-22.610001,14.840000,1770370167.966041
-0.105896,0.514596,0.255712,-32.549999,-22.680000,13.580000,1770370167.974004
-0.080764,0.497516,0.203984,-28.559999,-24.570000,12.390000,1770370167.982034
-0.054412,0.456280,0.138836,-19.879999,-24.709999,6.650000,1770370167.990047
-0.037088,0.378688,0.079788,-13.370000,-22.610001,8.330000,1770370167.998075
0.003660,0.353556,0.072468,8.120000,-18.900000,2.590000,1770370168.006020
0.046360,0.322080,0.173728,24.990000,-10.150000,2.800000,1770370168.014090
0.085888,0.280112,0.380884,31.010000,0.280000,-2.800000,1770370168.022293
0.124928,0.321836,0.630496,36.330002,14.420000,-6.790000,1770370168.030194
0.161528,0.329400,0.921344,36.959999,32.340000,-13.790000,1770370168.038133
0.198616,0.324520,1.162172,39.759998,52.500000,-17.080000,1770370168.046021
0.222528,0.297680,1.351028,42.419998,72.099998,-17.990000,1770370168.054033
0.218624,0.274988,1.484252,39.689999,87.360001,-13.160000,1770370168.062300
0.170800,0.160064,1.650904,33.529999,96.739998,-2.870000,1770370168.070704
0.110776,-0.020252,1.874896,36.610001,97.089996,-0.980000,1770370168.078285
-0.027084,-0.244976,2.023004,42.349998,100.239998,6.090000,1770370168.086048
-0.164700,-0.359412,2.040816,40.880001,103.949997,13.020000,1770370168.094239
-0.267180,-0.419924,1.969568,28.000000,104.860001,12.390000,1770370168.102014
-0.363560,-0.503860,1.850496,17.780001,106.959999,18.129999,1770370168.110024
-0.471652,-0.548512,1.782176,9.310000,112.070000,18.760000,1770370168.118076
-0.620980,-0.529968,1.750944,-0.210000,119.139999,12.950000,1770370168.126017
-0.770552,-0.469944,1.688480,-15.960000,124.739998,5.320000,1770370168.134147
-0.886208,-0.309880,1.521828,-31.430000,123.620003,-6.580000,1770370168.142019
-0.957456,-0.206912,1.262700,-42.419998,112.000000,-15.960000,1770370168.150022
-0.994300,-0.116632,0.970144,-52.570000,89.320000,-21.070000,1770370168.158078
-0.987956,-0.001952,0.727120,-51.310001,60.970001,-26.600000,1770370168.166041
-0.965752,0.047092,0.590968,-45.570000,32.340000,-28.980000,1770370168.174014
-0.918172,0.071004,0.510448,-37.240002,8.050000,-31.639999,1770370168.182018
-0.823500,0.086620,0.440664,-27.790001,-12.460000,-36.820000,1770370168.190023
-0.723704,0.116144,0.374784,-21.980000,-28.559999,-40.599998,1770370168.198183
-0.615856,0.165188,0.313052,-17.780001,-43.470001,-42.209999,1770370168.206002
-0.517524,0.218868,0.250832,-17.080000,-55.369999,-41.299999,1770370168.214012
-0.432368,0.261080,0.209108,-19.809999,-65.589996,-42.910000,1770370168.222018
-0.337696,0.269620,0.182512,-16.379999,-77.209999,-38.639999,1770370168.230097
-0.263276,0.236924,0.182512,-17.780001,-85.610001,-35.490002,1770370168.238103
-0.204960,0.169824,0.188124,-16.100000,-92.190002,-27.860001,1770370168.246011
-0.154940,0.102480,0.195688,-11.550000,-95.620003,-21.629999,1770370168.254013
-0.119560,0.041480,0.247904,-2.800000,-96.529999,-10.360000,1770370168.262016
-0.101016,-0.014396,0.333548,11.550000,-90.300003,-2.940000,1770370168.270183
-0.095404,-0.044408,0.488488,25.129999,-73.430000,3.640000,1770370168.278096
-0.108824,-0.063196,0.705648,38.080002,-43.680000,9.100000,1770370168.286009
-0.151036,-0.097844,0.915732,48.090000,-8.400000,8.330000,1770370168.294067
-0.229604,-0.108824,1.091168,57.750000,21.910000,10.010000,1770370168.302029
-0.342088,-0.152744,1.278316,69.860001,38.360001,4.200000,1770370168.310012
-0.504348,-0.172508,1.437160,82.110001,42.700001,-0.350000,1770370168.318059
-0.701256,-0.171044,1.564284,92.540001,37.380001,-6.300000,1770370168.326010
-0.819352,-0.164700,1.685552,86.870003,24.360001,-17.850000,1770370168.334067
-0.878644,-0.180316,1.774124,66.779999,1.680000,-24.709999,1770370168.342017
-0.833504,-0.249368,1.852692,41.369999,-27.160000,-29.400000,1770370168.349995
-0.716872,-0.370880,1.849764,18.549999,-63.000000,-29.750000,1770370168.358252
-0.573644,-0.458964,1.824388,4.200000,-88.970001,-24.360001,1770370168.366112
-0.415532,-0.482876,1.802428,-7.350000,-104.650002,-21.209999,1770370168.374000
-0.276452,-0.442372,1.745820,-19.530001,-111.930000,-13.790000,1770370168.382024
-0.161040,-0.352336,1.631872,-31.639999,-105.489998,-9.730000,1770370168.390037
-0.063928,-0.253516,1.462292,-44.240002,-91.980003,-3.710000,1770370168.398148
-0.003416,-0.166896,1.244400,-53.549999,-75.180000,5.390000,1770370168.406025
0.028304,-0.090280,1.032608,-58.799999,-60.410000,16.170000,1770370168.414039
0.036112,-0.018056,0.837164,-56.139999,-45.430000,30.660000,1770370168.422047
0.027328,0.054656,0.674416,-51.869999,-32.830002,35.700001,1770370168.430024
0.014152,0.129808,0.566324,-43.889999,-22.260000,45.150002,1770370168.438115
-0.003660,0.214720,0.482876,-34.439999,-14.280000,45.849998,1770370168.446072
-0.029036,0.304024,0.413824,-30.100000,-8.120000,47.040001,1770370168.454036
-0.051484,0.371368,0.344528,-28.139999,-2.940000,44.380001,1770370168.462026
-0.081496,0.433344,0.289384,-23.240000,-0.490000,39.759998,1770370168.470020
-0.104920,0.478484,0.245952,-24.430000,4.900000,34.230000,1770370168.478091
-0.109800,0.485560,0.183000,-21.629999,6.510000,29.469999,1770370168.486063
-0.106872,0.452620,0.104432,-15.540000,7.280000,24.850000,1770370168.494162
-0.097844,0.393572,0.048312,-3.570000,6.370000,16.590000,1770370168.502010
-0.078080,0.363804,0.052460,11.760000,6.720000,11.620000,1770370168.510024
-0.063928,0.351604,0.166408,25.900000,7.840000,4.270000,1770370168.518084
-0.044652,0.370148,0.358680,32.619999,11.340000,-2.030000,1770370168.526026
-0.024888,0.376980,0.657580,36.189999,19.950001,-8.050000,1770370168.534034
-0.003904,0.379420,0.940376,35.910000,29.400000,-13.580000,1770370168.542005
0.015128,0.331352,1.179496,42.419998,43.400002,-13.020000,1770370168.550023
0.020008,0.266204,1.409344,42.770000,56.700001,-13.580000,1770370168.558066
0.003660,0.230824,1.565260,44.939999,60.200001,-7.420000,1770370168.566021
-0.038064,0.151768,1.739232,44.169998,56.980000,-5.040000,1770370168.574107
-0.059292,-0.008784,1.971764,43.119999,49.700001,1.680000,1770370168.582015
-0.113948,-0.184464,2.117676,51.660000,48.580002,5.320000,1770370168.590060
-0.183732,-0.251076,2.124752,49.980000,53.130001,9.240000,1770370168.598074
-0.233264,-0.257664,2.020320,31.850000,58.799999,15.540000,1770370168.606074
-0.293288,-0.324032,1.858060,12.250000,68.669998,21.910000,1770370168.614049
-0.375760,-0.420412,1.745088,-6.230000,80.779999,26.879999,1770370168.622007
-0.495320,-0.472628,1.704584,-23.799999,93.379997,23.240000,1770370168.630026
-0.632936,-0.480192,1.648708,-40.669998,105.629997,16.660000,1770370168.638049
-0.763476,-0.424316,1.503040,-52.919998,112.980003,9.940000,1770370168.645998
-0.867664,-0.338184,1.261236,-61.320000,108.849998,0.210000,1770370168.654068
-0.933788,-0.238388,1.004792,-66.570000,94.010002,-4.690000,1770370168.662022
-0.965508,-0.100284,0.778360,-64.330002,67.199997,-15.960000,1770370168.670084
-0.962580,0.025864,0.621468,-58.520000,38.570000,-18.480000,1770370168.678094
-0.934032,0.091744,0.548024,-50.750000,12.040000,-23.660000,1770370168.686068
-0.865468,0.120780,0.485072,-42.349998,-12.110000,-27.930000,1770370168.694039
-0.779580,0.113704,0.406748,-32.480000,-31.709999,-32.340000,1770370168.702010
-0.678320,0.106384,0.323056,-22.680000,-49.560001,-35.209999,1770370168.710018
-0.573400,0.110532,0.227164,-14.350000,-66.849998,-35.910000,1770370168.718099
-0.475068,0.111264,0.161528,-8.260000,-82.879997,-37.380001,1770370168.726015
-0.373320,0.175924,0.104432,-2.310000,-98.139999,-35.490002,1770370168.734019
-0.270352,0.213744,0.062708,-1.190000,-111.650002,-36.470001,1770370168.742158
-0.173240,0.214964,0.051240,2.100000,-124.180000,-33.669998,1770370168.750014
-0.092964,0.156404,0.067344,2.310000,-132.160004,-27.719999,1770370168.758078
-0.031964,0.071492,0.119072,7.000000,-133.839996,-21.420000,1770370168.766016
0.014396,-0.007320,0.205448,14.840000,-125.930000,-12.600000,1770370168.774011
0.060268,-0.065880,0.345992,23.870001,-105.980003,-7.140000,1770370168.782141
0.095160,-0.094428,0.557540,38.220001,-75.180000,-0.630000,1770370168.790030
0.097600,-0.101016,0.816668,46.340000,-33.250000,3.290000,1770370168.798077
0.063928,-0.104432,1.045784,54.459999,10.990000,7.070000,1770370168.806019
-0.024644,-0.123220,1.233664,66.639999,46.200001,11.060000,1770370168.814062
-0.171532,-0.171532,1.406172,77.000000,67.339996,11.340000,1770370168.822046
-0.356728,-0.214476,1.560624,93.099998,73.220001,9.100000,1770370168.830021
-0.599752,-0.170556,1.755092,100.730003,68.040001,4.550000,1770370168.838084
-0.783728,-0.126148,1.894904,86.099998,59.779999,-3.220000,1770370168.846023
-0.847900,-0.141764,1.900028,60.549999,38.009998,-10.570000,1770370168.854138
-0.823744,-0.233020,1.884900,30.520000,6.370000,-10.010000,1770370168.862019
-0.760548,-0.322812,1.893440,11.340000,-38.990002,-12.250000,1770370168.870123
-0.673928,-0.362828,1.914180,-4.830000,-72.239998,-8.820000,1770370168.878101
-0.541192,-0.336720,1.873676,-19.180000,-94.500000,-6.860000,1770370168.886019
-0.399672,-0.252296,1.781444,-28.700001,-104.510002,-6.930000,1770370168.894068
-0.259372,-0.156404,1.631872,-43.959999,-104.720001,-4.130000,1770370168.902067
-0.145424,-0.074908,1.449360,-53.549999,-96.879997,-0.770000,1770370168.910013
-0.055388,-0.010492,1.247572,-61.740002,-85.050003,5.530000,1770370168.918059
0.008540,0.061488,1.025532,-63.770000,-70.000000,16.309999,1770370168.926024
0.034404,0.105896,0.835456,-61.459999,-56.630001,26.670000,1770370168.934017
0.056608,0.160552,0.680760,-56.770000,-44.660000,33.250000,1770370168.942025
0.068320,0.221308,0.570960,-48.580002,-30.870001,39.619999,1770370168.950013
0.061244,0.283040,0.492148,-42.980000,-21.139999,41.509998,1770370168.958075
0.043188,0.347456,0.420900,-38.360001,-12.250000,42.560001,1770370168.966167
0.024156,0.389180,0.345016,-34.369999,-5.250000,38.990002,1770370168.974005
-0.002440,0.426512,0.275232,-33.320000,1.190000,31.709999,1770370168.982036
-0.022448,0.461160,0.216428,-29.680000,7.070000,28.770000,1770370168.990238
-0.031232,0.461892,0.166164,-27.299999,10.710000,22.820000,1770370168.998096
-0.033184,0.432368,0.111996,-17.430000,13.720000,17.639999,1770370169.006149
-0.027084,0.382104,0.067344,-6.230000,15.400000,14.420000,1770370169.014015
-0.023668,0.332084,0.065392,7.980000,20.370001,9.310000,1770370169.022022
-0.019520,0.302804,0.159088,23.450001,27.160000,5.530000,1770370169.030037
0.003172,0.287676,0.351360,34.509998,34.230000,-0.840000,1770370169.038073
0.011956,0.295240,0.638792,39.900002,45.009998,-4.340000,1770370169.046050
0.029280,0.298412,0.947208,41.580002,58.380001,-11.690000,1770370169.054009
0.045872,0.272304,1.205116,41.230000,72.589996,-13.230000,1770370169.062307
0.047336,0.220576,1.384944,45.009998,84.000000,-12.320000,1770370169.070820
0.038796,0.210816,1.540616,46.549999,87.779999,-8.820000,1770370169.078397
-0.004148,0.122000,1.732644,45.849998,81.480003,2.030000,1770370169.086179
-0.052948,-0.010248,1.950292,49.070000,73.360001,5.530000,1770370169.094043
-0.130540,-0.189588,2.109380,51.520000,68.669998,13.020000,1770370169.102069
-0.204960,-0.273036,2.112308,44.310001,67.199997,20.790001,1770370169.110024
-0.258884,-0.334036,2.017636,24.010000,66.849998,23.520000,1770370169.118072
-0.321592,-0.467016,1.864160,2.730000,74.199997,32.270000,1770370169.126001
-0.404064,-0.556320,1.760948,-12.180000,86.519997,35.419998,1770370169.134160
-0.547780,-0.596092,1.720688,-30.030001,103.599998,29.469999,1770370169.142021
-0.703696,-0.581940,1.646024,-42.770000,119.699997,21.000000,1770370169.150020
-0.835944,-0.490928,1.482056,-53.549999,128.729996,6.510000,1770370169.158064
-0.929640,-0.362096,1.222684,-59.849998,124.180000,-0.910000,1770370169.166068
-0.987468,-0.217892,0.959896,-59.430000,107.730003,-8.190000,1770370169.174015
-1.020408,-0.041236,0.749812,-56.419998,79.730003,-15.750000,1770370169.182020
-1.022848,0.091256,0.618784,-48.790001,45.360001,-19.740000,1770370169.190014
-0.990640,0.175924,0.543876,-43.470001,14.840000,-28.139999,1770370169.198086
-0.915000,0.210084,0.488000,-34.860001,-10.010000,-28.420000,1770370169.206033
-0.816424,0.212524,0.409188,-25.200001,-32.549999,-30.309999,1770370169.214164
-0.713700,0.165920,0.337208,-20.020000,-50.889999,-33.669998,1770370169.222009
-0.605364,0.175192,0.234484,-10.780000,-67.129997,-34.439999,1770370169.229994
-0.495808,0.186172,0.150060,-4.200000,-82.669998,-35.700001,1770370169.238081
-0.383568,0.222040,0.093696,1.540000,-99.750000,-33.180000,1770370169.246019
-0.273768,0.240340,0.056120,5.670000,-115.849998,-29.540001,1770370169.254016
-0.175436,0.230824,0.045872,3.010000,-130.059998,-26.110001,1770370169.262063
-0.097600,0.179828,0.048556,1.960000,-138.110001,-20.440001,1770370169.270022
-0.039040,0.114192,0.090280,3.430000,-140.630005,-14.910000,1770370169.278078
0.012200,0.030988,0.186904,7.980000,-134.470001,-7.630000,1770370169.286012
0.067832,-0.035624,0.340380,17.500000,-118.089996,-4.130000,1770370169.294175
0.112240,-0.078812,0.548512,27.790001,-87.360001,-0.350000,1770370169.302012
0.125904,-0.106140,0.794708,42.209999,-46.340000,1.960000,1770370169.310009
0.124196,-0.135908,1.011136,52.500000,-1.260000,2.520000,1770370169.318075
0.056608,-0.173972,1.189012,68.180000,38.779999,6.790000,1770370169.326011
-0.074908,-0.179096,1.366644,90.300003,62.580002,9.660000,1770370169.334014
-0.243268,-0.193004,1.531832,102.550003,74.199997,5.390000,1770370169.342015
-0.450668,-0.143228,1.784616,111.300003,73.779999,5.950000,1770370169.350019
-0.644404,-0.098088,1.989820,94.290001,69.370003,-5.740000,1770370169.358060
-0.717848,-0.143228,2.013976,62.720001,52.570000,-12.880000,1770370169.366010
-0.702476,-0.248636,1.960052,34.090000,23.730000,-18.480000,1770370169.373995
-0.679296,-0.351604,1.959320,13.300000,-13.930000,-15.400000,1770370169.382024
-0.614880,-0.399428,1.979572,0.210000,-49.910000,-18.969999,1770370169.390088
-0.510204,-0.364536,1.937360,-11.760000,-73.010002,-15.610000,1770370169.398126
-0.381616,-0.281820,1.817556,-21.420000,-85.610001,-11.690000,1770370169.406026
-0.262544,-0.187880,1.636752,-32.970001,-88.760002,-11.620000,1770370169.414049
-0.152744,-0.089792,1.429352,-43.680000,-86.940002,-4.060000,1770370169.422017
-0.078812,-0.008052,1.219756,-46.619999,-80.989998,-1.400000,1770370169.430021
-0.024156,0.068076,1.015040,-52.009998,-71.050003,5.320000,1770370169.438069
0.022204,0.145668,0.861076,-49.209999,-58.240002,13.720000,1770370169.446153
0.055876,0.214964,0.743224,-46.970001,-44.869999,20.090000,1770370169.454021
0.083448,0.289628,0.656360,-45.709999,-32.130001,25.340000,1770370169.462005
0.090524,0.361608,0.577792,-41.860001,-20.580000,26.740000,1770370169.470056
0.084668,0.412116,0.494588,-40.880001,-11.900000,26.740000,1770370169.478089
0.068808,0.442616,0.407480,-38.220001,-3.150000,25.270000,1770370169.486078
0.040504,0.472872,0.314516,-34.650002,4.060000,21.770000,1770370169.494080
0.009272,0.484340,0.219600,-31.780001,12.040000,20.440001,1770370169.502020
-0.008296,0.478240,0.107604,-23.309999,19.389999,14.350000,1770370169.510016
-0.020252,0.455792,-0.004148,-15.680000,24.150000,6.440000,1770370169.518069
-0.020984,0.423828,-0.067100,-4.900000,29.889999,3.710000,1770370169.526019
-0.021228,0.393328,-0.051728,7.630000,35.279999,-0.420000,1770370169.534021
-0.024156,0.369172,0.058316,15.680000,45.009998,-2.310000,1770370169.542090
-0.027572,0.361852,0.252784,22.540001,54.040001,-6.510000,1770370169.550017
-0.026596,0.369172,0.548512,29.680000,64.750000,-10.010000,1770370169.558059
-0.022936,0.364292,0.875472,29.469999,79.449997,-18.690001,1770370169.565998
-0.017080,0.347456,1.108248,34.650002,92.610001,-22.540001,1770370169.574016
-0.046604,0.314028,1.348832,36.330002,105.769997,-23.799999,1770370169.582052
-0.119560,0.238144,1.554768,39.549999,114.309998,-21.629999,1770370169.590023
-0.223748,0.136640,1.670424,38.779999,107.940002,-12.880000,1770370169.598143
-0.320860,-0.000976,1.901980,38.009998,93.870003,-12.110000,1770370169.606017
-0.387960,-0.203740,2.142076,42.770000,77.419998,-5.810000,1770370169.614017
-0.456280,-0.335500,2.160132,43.119999,66.919998,-0.910000,1770370169.622048
-0.490440,-0.371612,2.049844,33.740002,52.360001,1.960000,1770370169.630179
-0.498004,-0.441396,1.894904,14.560000,45.150002,8.680000,1770370169.638064
-0.537288,-0.518988,1.792912,-2.030000,50.470001,10.220000,1770370169.646026
-0.604144,-0.550952,1.759972,-18.480000,62.580002,8.680000,1770370169.654169
-0.696376,-0.541680,1.692384,-37.520000,77.559998,0.280000,1770370169.662024
-0.763476,-0.469944,1.525488,-48.650002,88.129997,-11.690000,1770370169.670019
-0.823256,-0.372832,1.291004,-60.759998,90.580002,-16.379999,1770370169.678080
-0.869128,-0.260104,1.036756,-62.230000,81.970001,-21.559999,1770370169.686029
-0.908656,-0.134200,0.811056,-62.439999,64.820000,-26.389999,1770370169.694129
-0.926468,-0.010736,0.671732,-57.330002,42.770000,-29.190001,1770370169.702037
-0.916464,0.077348,0.601460,-50.470001,19.740000,-36.049999,1770370169.710020
-0.878644,0.110044,0.533140,-44.450001,-0.700000,-40.740002,1770370169.718138
-0.816424,0.109312,0.449204,-35.139999,-19.879999,-42.560001,1770370169.726017
-0.739564,0.096624,0.357948,-25.340000,-39.759998,-41.720001,1770370169.734051
-0.647820,0.108336,0.254248,-16.450001,-58.660000,-44.799999,1770370169.742024
-0.557052,0.123708,0.161284,-7.560000,-75.669998,-43.680000,1770370169.750020
-0.465064,0.155916,0.084424,-0.980000,-95.410004,-45.500000,1770370169.758069
-0.365024,0.201300,0.019520,4.340000,-113.260002,-42.770000,1770370169.766074
-0.260348,0.213744,0.000488,5.740000,-132.509995,-40.040001,1770370169.774011
-0.164944,0.169336,0.010004,2.870000,-147.350006,-35.490002,1770370169.782018
-0.094184,0.084180,0.053680,3.920000,-155.679993,-32.830002,1770370169.790156
-0.023912,0.005856,0.138348,6.510000,-155.399994,-23.030001,1770370169.798087
0.029280,-0.076860,0.266204,15.190000,-144.270004,-13.580000,1770370169.806015
0.076372,-0.136640,0.457256,29.540001,-119.629997,-7.700000,1770370169.814024
0.106140,-0.172752,0.708088,46.200001,-82.110001,-2.100000,1770370169.822101
0.096136,-0.197884,0.940864,59.849998,-34.020000,1.190000,1770370169.830014
0.053192,-0.219112,1.119960,71.330002,11.060000,4.270000,1770370169.838082
-0.071004,-0.234240,1.281976,86.519997,44.240002,5.740000,1770370169.846061
-0.228872,-0.246440,1.454240,101.639999,61.599998,-0.490000,1770370169.854138
-0.396012,-0.188612,1.691164,112.209999,63.139999,-3.990000,1770370169.862028
-0.585844,-0.110532,1.960296,104.860001,59.009998,-10.850000,1770370169.870007
-0.681980,-0.126880,2.063508,71.959999,45.709999,-18.059999,1770370169.878124
-0.638792,-0.256444,2.028128,38.779999,20.370001,-19.320000,1770370169.886056
-0.579256,-0.389912,1.999092,15.960000,-15.610000,-16.030001,1770370169.894217
-0.516304,-0.445300,2.004948,-0.560000,-47.810001,-13.930000,1770370169.902016
-0.419192,-0.411384,1.974936,-12.250000,-69.300003,-12.670000,1770370169.910015
-0.317688,-0.320860,1.877824,-25.200001,-80.080002,-12.460000,1770370169.918065
-0.200812,-0.201788,1.709220,-36.750000,-83.160004,-5.250000,1770370169.926027
-0.104920,-0.084668,1.491816,-44.450001,-78.330002,-1.330000,1770370169.934018
-0.039284,0.005612,1.273192,-53.689999,-70.769997,6.510000,1770370169.942015
0.010736,0.079788,1.049932,-53.410000,-61.110001,12.740000,1770370169.950075
0.036356,0.143472,0.856684,-50.119999,-49.560001,21.700001,1770370169.958060
0.057340,0.207400,0.720044,-43.889999,-35.490002,28.700001,1770370169.966020
0.066368,0.284748,0.614636,-35.560001,-23.170000,34.160000,1770370169.974005
0.062464,0.367952,0.508252,-33.810001,-10.150000,36.049999,1770370169.982121
0.052704,0.427000,0.412360,-29.120001,-0.350000,35.840000,1770370169.990018
0.028548,0.464576,0.310368,-27.860001,6.160000,35.279999,1770370169.998088
-0.001952,0.495564,0.229360,-23.660000,11.270000,31.570000,1770370170.006018
-0.027572,0.513132,0.152500,-21.559999,16.379999,26.740000,1770370170.014028
-0.051240,0.499468,0.069540,-17.150000,18.969999,20.440001,1770370170.022156
-0.062220,0.470188,-0.015372,-10.780000,22.049999,13.510000,1770370170.030017
-0.059536,0.434564,-0.073444,-1.680000,23.520000,7.980000,1770370170.038069
-0.055388,0.388692,-0.050996,8.470000,26.809999,5.180000,1770370170.046047
-0.044408,0.337452,0.061976,15.260000,30.799999,0.910000,1770370170.054107
-0.031476,0.371612,0.248148,20.860001,38.220001,-1.960000,1770370170.062317
-0.032208,0.389912,0.539240,25.549999,50.049999,-8.610000,1770370170.070290
-0.030500,0.400648,0.897920,25.760000,67.480003,-11.620000,1770370170.078194
-0.022204,0.388692,1.166076,23.520000,84.559998,-20.790001,1770370170.086021
-0.046360,0.327448,1.401048,26.110001,98.000000,-24.500000,1770370170.094188
-0.102968,0.211792,1.586488,24.010000,105.980003,-21.280001,1770370170.102031
-0.184220,0.109068,1.677988,23.240000,101.779999,-18.200001,1770370170.110157
-0.250100,-0.028304,1.903688,25.760000,84.070000,-15.470000,1770370170.118110
-0.319152,-0.292312,2.201368,42.000000,68.320000,-5.880000,1770370170.126004
-0.407968,-0.445544,2.299700,58.099998,59.360001,3.080000,1770370170.134034
-0.466284,-0.461892,2.227720,43.750000,50.470001,9.870000,1770370170.142025
-0.482876,-0.493124,2.044720,24.080000,47.389999,13.230000,1770370170.150027
-0.516060,-0.518256,1.879288,2.310000,52.570000,16.870001,1770370170.158071
-0.577548,-0.518012,1.757532,-18.549999,66.220001,15.750000,1770370170.166045
-0.674172,-0.479948,1.638216,-38.709999,81.339996,6.300000,1770370170.174033
-0.767136,-0.389912,1.461560,-55.020000,93.169998,-1.820000,1770370170.182015
-0.842532,-0.281820,1.210972,-65.800003,97.230003,-8.540000,1770370170.190009
-0.900848,-0.163724,0.934276,-73.639999,86.660004,-14.910000,1770370170.198081
-0.937936,-0.052460,0.705892,-73.080002,66.430000,-18.270000,1770370170.206028
-0.948428,0.034648,0.573156,-67.900002,41.860001,-20.650000,1770370170.214075
-0.934032,0.066612,0.502640,-57.259998,16.799999,-21.070000,1770370170.222006
-0.888648,0.063440,0.441884,-49.000000,-6.510000,-21.209999,1770370170.230004
-0.818376,0.071004,0.376004,-38.220001,-27.790001,-23.240000,1770370170.238068
-0.723216,0.079544,0.300852,-27.790001,-47.250000,-25.690001,1770370170.246016
-0.630984,0.101504,0.206180,-20.020000,-67.970001,-29.400000,1770370170.254090
-0.534848,0.145424,0.126148,-15.890000,-90.300003,-30.030001,1770370170.262013
-0.431636,0.191052,0.060756,-11.130000,-110.180000,-31.570000,1770370170.270005
-0.334280,0.228628,0.013664,-10.780000,-130.270004,-32.900002,1770370170.278091
-0.235216,0.213744,0.010004,-8.890000,-144.130005,-30.240000,1770370170.286089
-0.151524,0.147132,0.032940,-7.910000,-153.369995,-22.330000,1770370170.294014
-0.093208,0.058316,0.108092,-2.800000,-154.910004,-16.379999,1770370170.302034
-0.037820,-0.009028,0.218868,7.000000,-148.679993,-9.520000,1770370170.310015
0.017812,-0.059780,0.376004,21.700001,-129.639999,-5.110000,1770370170.318057
0.052216,-0.093696,0.581452,39.970001,-97.370003,-0.980000,1770370170.326008
0.051972,-0.125660,0.824720,55.160000,-55.439999,5.460000,1770370170.334100
0.017080,-0.162504,1.032120,70.910004,-12.250000,8.890000,1770370170.342041
-0.084668,-0.218868,1.223660,87.150002,26.950001,8.890000,1770370170.350010
-0.230824,-0.272304,1.398364,105.629997,48.020000,6.580000,1770370170.358077
-0.412360,-0.317688,1.556964,123.410004,54.599998,1.470000,1770370170.366013
-0.605608,-0.254492,1.771440,128.800003,50.259998,-5.250000,1770370170.374011
-0.740540,-0.199104,1.964444,105.629997,37.799999,-14.910000,1770370170.382169
-0.750056,-0.248148,2.070096,69.300003,13.860000,-22.680000,1770370170.390016
-0.665388,-0.376492,2.065948,33.529999,-22.260000,-24.360001,1770370170.398091
-0.553636,-0.458720,2.040572,12.530000,-57.889999,-21.770000,1770370170.406021
-0.420168,-0.460428,2.019344,-5.460000,-89.180000,-15.260000,1770370170.414056
-0.284016,-0.394792,1.947608,-22.330000,-108.709999,-11.900000,1770370170.422018
-0.154940,-0.288652,1.802916,-37.240002,-114.940002,-8.610000,1770370170.430009
-0.043188,-0.189100,1.600884,-51.520000,-109.269997,-2.310000,1770370170.438083
0.036356,-0.109068,1.362496,-58.799999,-97.860001,6.090000,1770370170.446017
0.092232,-0.026596,1.111664,-60.130001,-85.540001,17.639999,1770370170.454044
0.118096,0.042944,0.904020,-58.869999,-68.879997,27.299999,1770370170.462062
0.130296,0.115168,0.736148,-53.759998,-52.430000,36.959999,1770370170.470021
0.130540,0.190564,0.605852,-46.759998,-34.790001,47.180000,1770370170.478084
0.102724,0.264740,0.506056,-38.779999,-18.059999,47.950001,1770370170.486027
0.071248,0.345016,0.428708,-33.669998,-4.620000,49.209999,1770370170.494026
0.045384,0.408700,0.349652,-30.100000,6.720000,43.959999,1770370170.502060
0.021472,0.465796,0.278160,-26.110001,14.490000,37.869999,1770370170.510038
-0.011712,0.504104,0.207644,-22.330000,23.379999,31.780001,1770370170.518067
-0.027816,0.518988,0.108824,-18.900000,26.040001,22.469999,1770370170.526015
-0.037576,0.504348,0.016348,-8.540000,27.580000,15.890000,1770370170.534093
-0.036600,0.474580,-0.035868,3.640000,27.930000,11.480000,1770370170.542115
-0.033428,0.424072,-0.018788,17.570000,30.030001,4.970000,1770370170.550043
-0.018544,0.398696,0.091256,28.629999,35.000000,3.080000,1770370170.558126
-0.012444,0.417728,0.298656,37.799999,39.340000,-1.890000,1770370170.566016
-0.000732,0.395524,0.624396,39.480000,46.130001,-8.330000,1770370170.574015
0.018300,0.421632,0.936472,40.740002,59.009998,-14.140000,1770370170.582006
0.031720,0.391864,1.198772,44.799999,75.459999,-18.410000,1770370170.590036
0.034160,0.337208,1.418128,47.529999,91.209999,-18.549999,1770370170.598328
0.017568,0.287676,1.536712,47.669998,99.680000,-12.810000,1770370170.606092
-0.014884,0.213988,1.682624,44.590000,94.989998,-4.130000,1770370170.614045
-0.047580,0.064660,1.966396,42.560001,83.440002,0.770000,1770370170.622001
-0.125904,-0.174460,2.230404,48.090000,78.470001,10.710000,1770370170.630021
-0.211304,-0.303536,2.275788,45.990002,78.820000,19.040001,1770370170.638070
-0.272792,-0.372832,2.150128,27.440001,78.400002,24.500000,1770370170.646090
-0.333792,-0.497760,1.931748,3.220000,83.860001,33.180000,1770370170.654044
-0.420412,-0.587308,1.764608,-14.420000,97.860001,36.540001,1770370170.662021
-0.554856,-0.670024,1.687016,-30.450001,116.830002,31.780001,1770370170.670024
-0.716384,-0.675392,1.571360,-42.840000,134.190002,22.120001,1770370170.678090
-0.861320,-0.584380,1.403976,-51.730000,144.899994,9.310000,1770370170.686107
-0.961604,-0.435296,1.147532,-57.259998,140.979996,-0.560000,1770370170.694051
-1.028948,-0.264984,0.897676,-57.119999,122.290001,-7.630000,1770370170.702041
-1.075064,-0.081740,0.695156,-52.990002,89.250000,-16.520000,1770370170.710181
-1.091656,0.051728,0.566812,-45.220001,56.000000,-21.139999,1770370170.718058
-1.058472,0.129320,0.498980,-38.290001,22.260000,-26.459999,1770370170.726004
-0.984052,0.154696,0.441152,-31.219999,-5.950000,-27.930000,1770370170.734019
-0.877424,0.155672,0.378444,-22.469999,-33.810001,-30.520000,1770370170.742008
-0.755912,0.148596,0.291824,-12.880000,-57.680000,-37.029999,1770370170.750053
-0.626104,0.165676,0.203008,-6.230000,-79.519997,-36.959999,1770370170.758108
-0.511180,0.205692,0.118096,-2.380000,-100.660004,-41.650002,1770370170.766016
-0.396744,0.253028,0.043920,-1.680000,-119.699997,-37.520000,1770370170.774019
-0.285724,0.284016,-0.012688,-3.780000,-137.619995,-37.799999,1770370170.782124
-0.181780,0.266204,-0.031476,-5.460000,-152.669998,-31.570000,1770370170.790010
-0.111996,0.185196,0.007808,-7.980000,-160.369995,-25.690001,1770370170.798096
-0.055632,0.085888,0.099796,-3.360000,-160.020004,-17.850000,1770370170.806018
0.002196,-0.010004,0.239120,4.970000,-147.070007,-10.080000,1770370170.814099
0.054412,-0.059048,0.455304,20.440001,-123.129997,-7.210000,1770370170.822013
0.075884,-0.081984,0.720776,37.240002,-84.000000,-5.460000,1770370170.830018
0.086132,-0.102724,0.964044,51.240002,-34.580002,-2.240000,1770370170.838080
0.053436,-0.118340,1.140944,65.519997,9.870000,4.270000,1770370170.846016
-0.069540,-0.151036,1.297592,80.430000,42.910000,8.470000,1770370170.854059
-0.225944,-0.194468,1.439844,100.870003,61.250000,7.350000,1770370170.862029
-0.409920,-0.179096,1.688724,119.419998,67.339996,3.290000,1770370170.870009
-0.589016,-0.152988,1.969324,116.199997,64.330002,-1.120000,1770370170.878095
-0.708088,-0.171532,2.082784,88.410004,54.040001,-8.960000,1770370170.886010
-0.706868,-0.253272,2.096204,52.849998,29.610001,-10.430000,1770370170.894091
-0.668072,-0.384788,2.052772,22.330000,-5.390000,-12.110000,1770370170.902030
-0.605364,-0.455548,2.007876,4.340000,-43.189999,-9.870000,1770370170.910174
-0.511180,-0.428464,1.930528,-14.000000,-77.629997,-7.420000,1770370170.919460
-0.387228,-0.338672,1.804868,-25.480000,-92.540001,-3.360000,1770370170.926160
-0.265228,-0.235460,1.633824,-38.779999,-99.750000,-0.770000,1770370170.934027
-0.158600,-0.133956,1.430328,-47.110001,-98.839996,2.730000,1770370170.942030
-0.080276,-0.045140,1.205360,-54.810001,-92.889999,9.030000,1770370170.950099
-0.013664,0.033916,0.993080,-58.310001,-83.089996,14.630000,1770370170.958091
0.029768,0.103700,0.820328,-53.340000,-71.400002,21.910000,1770370170.966018
0.065636,0.166652,0.685396,-48.860001,-57.680000,29.680000,1770370170.974037
0.089792,0.250100,0.594872,-45.009998,-41.230000,33.459999,1770370170.982028
0.101504,0.328424,0.525332,-39.970001,-30.590000,35.490002,1770370170.990026
0.099552,0.379176,0.457744,-38.150002,-16.799999,37.450001,1770370170.998091
0.076372,0.419924,0.373320,-35.560001,-6.230000,34.160000,1770370171.006055
0.049288,0.455548,0.305000,-33.320000,3.290000,32.130001,1770370171.014020
0.014396,0.486536,0.218136,-31.639999,11.620000,27.790001,1770370171.022017
-0.018056,0.488244,0.104676,-25.340000,18.129999,21.280001,1770370171.030061
-0.040504,0.472384,-0.002684,-18.549999,23.520000,15.050000,1770370171.038092
-0.048068,0.442128,-0.072468,-6.580000,30.030001,7.980000,1770370171.046017
-0.053436,0.400648,-0.065636,5.950000,35.700001,5.530000,1770370171.054013
-0.058072,0.373320,0.048556,18.969999,43.330002,-1.190000,1770370171.062250
-0.047824,0.348676,0.279380,31.010000,51.380001,-6.020000,1770370171.070701
-0.044408,0.361364,0.623664,37.450001,62.299999,-16.030001,1770370171.078182
-0.040504,0.394792,1.000888,40.740002,75.110001,-24.150000,1770370171.086030
-0.033428,0.370148,1.254648,44.029999,89.320000,-27.370001,1770370171.094122
-0.058560,0.300852,1.441308,49.419998,99.540001,-25.410000,1770370171.102071
-0.098576,0.240584,1.575020,51.099998,101.989998,-18.059999,1770370171.110034
-0.142252,0.179340,1.735816,49.279999,87.080002,-9.170000,1770370171.118075
-0.179828,0.016104,2.022760,48.860001,67.199997,-0.210000,1770370171.126065
-0.235216,-0.221308,2.208444,52.570000,48.090000,9.940000,1770370171.134027
-0.264740,-0.362096,2.192584,49.630001,41.020000,19.320000,1770370171.142068
-0.277428,-0.455304,2.087176,31.990000,40.250000,25.969999,1770370171.150015
-0.289628,-0.574376,1.926868,9.590000,47.250000,31.500000,1770370171.158060
-0.331596,-0.682956,1.817556,-8.260000,66.360001,34.930000,1770370171.166056
-0.433344,-0.725900,1.767292,-27.090000,89.739998,29.680000,1770370171.174021
-0.571448,-0.668072,1.683844,-45.779999,115.500000,16.660000,1770370171.182020
-0.704916,-0.525820,1.517436,-56.000000,130.619995,4.690000,1770370171.190040
-0.820328,-0.390644,1.264164,-64.540001,135.940002,-4.620000,1770370171.198088
-0.908168,-0.238876,0.980880,-65.870003,124.949997,-12.110000,1770370171.206015
-0.971120,-0.074908,0.748592,-63.139999,101.709999,-21.000000,1770370171.214083
-1.012600,0.050996,0.608292,-54.880001,74.550003,-25.549999,1770370171.222011
-1.020164,0.130052,0.526796,-45.360001,46.270000,-33.599998,1770370171.230009
-0.973072,0.175192,0.456524,-37.869999,15.400000,-34.230000,1770370171.238054
-0.896456,0.188856,0.382592,-26.320000,-11.270000,-39.759998,1770370171.246007
-0.796416,0.176656,0.314516,-16.309999,-35.139999,-40.740002,1770370171.254055
-0.687348,0.155916,0.223504,-6.930000,-56.840000,-41.020000,1770370171.262026
-0.574620,0.164944,0.148596,0.560000,-77.419998,-42.560001,1770370171.270019
-0.454816,0.187636,0.070760,5.460000,-99.190002,-39.200001,1770370171.278075
-0.348676,0.207888,0.025620,10.570000,-117.599998,-38.290001,1770370171.286008
-0.255956,0.198616,0.013908,13.370000,-130.970001,-34.020000,1770370171.294044
-0.171044,0.152012,0.029524,14.700000,-141.610001,-29.959999,1770370171.302048
-0.116632,0.081008,0.091500,16.520000,-146.369995,-23.240000,1770370171.309997
-0.069784,0.024644,0.194956,19.879999,-140.279999,-19.879999,1770370171.318142
-0.017324,-0.021228,0.336720,30.660000,-125.860001,-13.370000,1770370171.326008
0.017812,-0.040016,0.532164,36.330002,-99.050003,-10.220000,1770370171.334037
0.023180,-0.049776,0.761280,46.340000,-64.889999,-9.100000,1770370171.342035
0.014152,-0.051728,0.953064,51.660000,-25.480000,-1.680000,1770370171.350176
-0.044896,-0.067832,1.117276,58.099998,4.270000,2.240000,1770370171.358057
-0.151280,-0.097844,1.271240,67.760002,25.620001,5.040000,1770370171.366016
-0.281576,-0.165676,1.465220,78.959999,34.369999,3.920000,1770370171.373997
-0.438712,-0.167384,1.742648,88.830002,34.509998,-1.680000,1770370171.382019
-0.555832,-0.175924,1.952732,81.760002,31.360001,-7.140000,1770370171.390035
-0.577304,-0.237900,1.974936,59.500000,18.129999,-9.100000,1770370171.398096
-0.536068,-0.323056,1.926624,39.830002,-3.500000,-2.030000,1770370171.406168
-0.500200,-0.383080,1.925404,20.650000,-30.100000,-0.770000,1770370171.414019
-0.444324,-0.380396,1.920280,3.920000,-52.919998,3.640000,1770370171.422020
-0.356972,-0.330620,1.863184,-10.920000,-68.110001,2.730000,1770370171.430015
-0.268888,-0.236192,1.735328,-23.870001,-72.309998,3.710000,1770370171.438077
-0.183244,-0.150304,1.577216,-34.790001,-70.000000,4.410000,1770370171.446128
-0.114680,-0.061244,1.383480,-44.799999,-62.860001,6.720000,1770370171.454048
-0.062220,0.022204,1.173396,-50.330002,-54.669998,12.250000,1770370171.462013
-0.030988,0.109800,0.986492,-50.959999,-46.970001,16.520000,1770370171.470012
-0.003172,0.174948,0.825208,-48.650002,-37.029999,24.500000,1770370171.478188
0.015616,0.244000,0.698816,-45.570000,-28.559999,28.700001,1770370171.486012
0.025376,0.307196,0.600972,-40.529999,-21.559999,29.540001,1770370171.494025
0.013664,0.372832,0.536556,-37.029999,-13.370000,29.469999,1770370171.502053
0.009028,0.439444,0.487756,-35.000000,-6.580000,27.790001,1770370171.510177
-0.014640,0.492392,0.435052,-35.139999,2.310000,27.160000,1770370171.518076
-0.034892,0.528992,0.353556,-35.910000,7.490000,24.010000,1770370171.526015
-0.059292,0.529968,0.240340,-34.930000,11.270000,21.840000,1770370171.534045
-0.073200,0.505324,0.129320,-29.680000,13.720000,13.160000,1770370171.542038
-0.070272,0.457500,0.055632,-16.660000,15.470000,7.070000,1770370171.550018
-0.062708,0.358436,0.061000,-4.480000,20.230000,1.820000,1770370171.558071
-0.048068,0.371368,0.137128,9.240000,26.670000,0.840000,1770370171.566029
-0.046360,0.339404,0.300608,24.920000,33.599998,-0.770000,1770370171.574152
-0.048068,0.335256,0.546072,31.639999,41.580002,-8.820000,1770370171.581993
-0.038796,0.345260,0.873764,36.959999,52.220001,-18.200001,1770370171.590022
-0.024156,0.341112,1.136308,36.680000,63.630001,-26.950001,1770370171.598059
-0.025132,0.315980,1.292712,40.110001,74.339996,-26.670000,1770370171.606018
-0.051484,0.241072,1.396168,42.419998,77.839996,-19.740000,1770370171.614009
-0.096868,0.149816,1.504504,40.250000,71.680000,-14.210000,1770370171.622087
-0.147864,0.021228,1.647732,46.900002,57.610001,-5.040000,1770370171.630029
-0.189588,-0.128344,1.791692,49.560001,44.730000,1.050000,1770370171.638069
-0.213988,-0.262788,1.863672,47.950001,39.270000,8.540000,1770370171.646017
-0.237168,-0.374296,1.882216,36.400002,39.970001,16.730000,1770370171.654025
-0.244732,-0.489708,1.852936,13.790000,49.000000,22.400000,1770370171.662155
-0.265228,-0.643428,1.815848,-2.800000,62.020000,30.799999,1770370171.670022
-0.330132,-0.764696,1.812432,-20.020000,81.550003,33.389999,1770370171.678073
-0.431636,-0.782264,1.774856,-34.860001,98.419998,25.059999,1770370171.686002
-0.570960,-0.708820,1.663836,-48.090000,113.750000,19.879999,1770370171.694018
-0.712480,-0.573400,1.497184,-58.450001,122.639999,9.310000,1770370171.702058
-0.818376,-0.423340,1.277096,-63.980000,122.220001,-0.630000,1770370171.710078
-0.894260,-0.250832,1.026508,-63.770000,110.529999,-5.250000,1770370171.718069
-0.954040,-0.085644,0.818132,-58.310001,89.879997,-14.560000,1770370171.726014
-0.965508,0.086864,0.667096,-52.220001,62.299999,-23.799999,1770370171.734177
-0.956724,0.155184,0.589504,-48.790001,34.930000,-33.320000,1770370171.742015
-0.896944,0.183488,0.548024,-38.360001,11.410000,-39.480000,1770370171.750015
-0.823256,0.203984,0.505812,-32.410000,-6.790000,-39.410000,1770370171.758064
-0.749812,0.206668,0.446764,-24.080000,-21.490000,-42.000000,1770370171.766025
-0.660264,0.212524,0.358192,-15.470000,-36.610001,-40.599998,1770370171.774026
-0.568764,0.238388,0.262056,-11.340000,-50.680000,-45.150002,1770370171.781999
-0.480924,0.250832,0.193980,-5.740000,-68.110001,-43.470001,1770370171.790023
-0.384056,0.235460,0.162748,0.140000,-83.510002,-40.180000,1770370171.798062
-0.296704,0.168360,0.151768,3.640000,-97.300003,-37.939999,1770370171.806034
-0.227164,0.093452,0.144204,9.100000,-107.169998,-27.370001,1770370171.814148
-0.180804,0.040504,0.124928,14.980000,-116.480003,-23.309999,1770370171.822009
-0.150060,0.004148,0.144692,24.080000,-120.610001,-18.480000,1770370171.830161
-0.110532,-0.020252,0.223016,33.110001,-119.839996,-11.480000,1770370171.838077
-0.079544,-0.051728,0.376248,44.520000,-108.500000,-7.420000,1770370171.846012
-0.057340,-0.062708,0.595604,53.759998,-86.169998,-0.070000,1770370171.854018
-0.072468,-0.080032,0.827892,61.110001,-53.900002,1.120000,1770370171.862081
-0.105896,-0.107116,1.010648,68.669998,-18.059999,1.470000,1770370171.870017
-0.179828,-0.164700,1.155584,76.160004,14.910000,1.610000,1770370171.878074
-0.309148,-0.205204,1.293444,85.400002,34.160000,-1.540000,1770370171.886000
-0.481168,-0.204472,1.420080,95.620003,41.160000,-4.340000,1770370171.894080
-0.654652,-0.164944,1.563064,92.750000,35.279999,-11.760000,1770370171.902044
-0.762988,-0.155916,1.689456,80.849998,21.490000,-15.890000,1770370171.910110
-0.791536,-0.209352,1.756312,56.560001,-3.640000,-19.110001,1770370171.918088
-0.705892,-0.321836,1.816580,33.040001,-35.770000,-17.150000,1770370171.926014
-0.594384,-0.406016,1.885388,16.100000,-71.680000,-11.760000,1770370171.934115
-0.478972,-0.410652,1.953952,1.750000,-95.199997,-8.750000,1770370171.942020
-0.345260,-0.361120,1.957368,-8.470000,-105.559998,-7.350000,1770370171.950014
-0.222040,-0.249368,1.895392,-22.750000,-102.410004,-10.850000,1770370171.958061
-0.091988,-0.131760,1.754604,-36.680000,-91.980003,-5.040000,1770370171.966009
-0.010980,-0.031476,1.554524,-50.330002,-77.279999,-2.450000,1770370171.974161
0.043188,0.062952,1.336388,-61.529999,-60.340000,5.600000,1770370171.982001
0.080764,0.126636,1.115080,-65.660004,-46.689999,13.720000,1770370171.990033
0.087596,0.179828,0.927932,-66.290001,-34.230000,25.410000,1770370171.998062
0.078324,0.226188,0.774456,-61.950001,-22.190001,31.780001,1770370172.006061
0.058072,0.272060,0.662704,-53.340000,-12.670000,38.430000,1770370172.014001
0.031964,0.337208,0.563640,-47.810001,-4.830000,37.730000,1770370172.022019
0.007320,0.403088,0.478972,-39.410000,2.310000,33.529999,1770370172.030020
-0.021960,0.466284,0.406992,-35.980000,8.470000,34.020000,1770370172.038075
-0.043432,0.520696,0.348920,-33.880001,12.810000,25.200001,1770370172.046032
-0.060512,0.569740,0.291824,-33.810001,14.280000,23.799999,1770370172.054016
-0.071492,0.577792,0.241316,-36.119999,15.960000,16.940001,1770370172.062327
-0.073200,0.544608,0.166652,-32.549999,15.960000,11.620000,1770370172.071019
-0.062464,0.491416,0.095648,-23.590000,14.910000,7.280000,1770370172.078167
-0.041968,0.424560,0.043188,-12.810000,16.590000,3.850000,1770370172.086005
-0.019520,0.369904,0.049288,7.560000,18.620001,6.860000,1770370172.094038
-0.007320,0.324032,0.162748,21.910000,22.959999,4.830000,1770370172.102099
0.007076,0.315004,0.349408,33.250000,27.370001,1.050000,1770370172.110012
0.006100,0.310612,0.614636,37.310001,37.450001,-2.940000,1770370172.118083
0.007076,0.288164,0.920368,38.779999,52.500000,-10.570000,1770370172.126061
0.028060,0.267912,1.162172,42.630001,70.699997,-9.660000,1770370172.134088
0.021228,0.224724,1.343708,46.549999,88.059998,-6.020000,1770370172.142050
0.004636,0.136152,1.473760,51.310001,98.000000,1.820000,1770370172.150019
-0.046116,0.031476,1.613328,49.070000,95.550003,10.010000,1770370172.158081
-0.120292,-0.127368,1.818044,52.639999,87.779999,17.990000,1770370172.166057
-0.192272,-0.298656,1.972252,59.290001,78.750000,22.680000,1770370172.174028
-0.277428,-0.381616,1.976888,53.900002,74.690002,24.290001,1770370172.181996
-0.312076,-0.415288,1.898564,37.240002,72.239998,27.299999,1770370172.190019
-0.351116,-0.495320,1.778516,18.340000,74.480003,31.500000,1770370172.198062
-0.415776,-0.557296,1.677500,4.550000,86.029999,36.959999,1770370172.206176
-0.538996,-0.596580,1.651636,-7.700000,99.750000,35.070000,1770370172.214013
-0.687348,-0.569984,1.637972,-21.420000,112.279999,26.600000,1770370172.222013
-0.816180,-0.477264,1.591856,-33.320000,122.430000,10.920000,1770370172.230008
-0.920612,-0.334524,1.477176,-45.990002,122.430000,-0.140000,1770370172.238059
-0.985760,-0.190076,1.276120,-56.419998,110.529999,-9.730000,1770370172.246010
-1.007720,-0.049288,1.008696,-58.660000,88.620003,-18.969999,1770370172.254171
-0.994544,0.052948,0.786900,-54.669998,57.750000,-24.570000,1770370172.262009
-0.963800,0.127368,0.662216,-46.340000,27.160000,-27.860001,1770370172.270025
-0.916952,0.168604,0.593408,-38.919998,1.260000,-30.660000,1770370172.278080
-0.846680,0.208620,0.549488,-31.850000,-16.940001,-32.549999,1770370172.285992
-0.767868,0.225456,0.504592,-25.760000,-32.340000,-32.900002,1770370172.294015
-0.691252,0.229360,0.440908,-23.799999,-43.259998,-34.020000,1770370172.302150
-0.609024,0.241560,0.363804,-22.120001,-53.549999,-36.680000,1770370172.310020
-0.528260,0.243512,0.295240,-20.510000,-67.199997,-34.020000,1770370172.318062
-0.453840,0.230092,0.245220,-17.639999,-79.449997,-32.759998,1770370172.326014
-0.381860,0.192516,0.214720,-12.530000,-91.070000,-30.170000,1770370172.334014
-0.312808,0.151280,0.196420,-8.400000,-103.180000,-28.070000,1770370172.342055
-0.254004,0.107360,0.183732,-3.080000,-111.720001,-22.330000,1770370172.349999
-0.214964,0.074420,0.183000,5.320000,-117.949997,-17.150000,1770370172.358076
-0.177144,0.049776,0.221796,14.070000,-120.050003,-10.430000,1770370172.366005
-0.158600,0.027572,0.308904,27.510000,-114.449997,-2.590000,1770370172.374006
-0.141520,0.005856,0.453352,38.080002,-99.330002,5.180000,1770370172.382001
-0.141764,-0.004636,0.631960,48.230000,-75.320000,5.320000,1770370172.390025
-0.153232,-0.023668,0.829356,50.889999,-44.450001,7.420000,1770370172.398074
-0.191784,-0.069540,1.004304,58.520000,-15.400000,3.920000,1770370172.406056
-0.271572,-0.141276,1.162660,69.510002,8.820000,1.260000,1770370172.414021
-0.391132,-0.218624,1.307108,83.650002,22.120001,-7.350000,1770370172.422021
-0.542412,-0.257664,1.430328,95.760002,24.920000,-15.820000,1770370172.430050
-0.658556,-0.263032,1.565504,95.760002,17.010000,-22.330000,1770370172.438099
-0.711260,-0.275964,1.695800,84.419998,3.290000,-28.280001,1770370172.446017
-0.698572,-0.332328,1.822680,63.000000,-19.389999,-31.080000,1770370172.454029
-0.612684,-0.411628,1.899784,40.320000,-45.360001,-30.450001,1770370172.462175
-0.490440,-0.473360,1.908812,21.770000,-71.400002,-31.219999,1770370172.470044
-0.343064,-0.481656,1.901004,6.440000,-91.559998,-26.600000,1770370172.478075
-0.202520,-0.413092,1.845616,-7.000000,-101.430000,-19.600000,1770370172.485999
-0.098332,-0.290360,1.754116,-23.870001,-100.169998,-16.170000,1770370172.494071
-0.008540,-0.162992,1.612596,-38.639999,-89.529999,-5.040000,1770370172.502020
0.051240,-0.028304,1.431792,-52.290001,-75.320000,1.680000,1770370172.510021
0.082472,0.078812,1.232688,-61.669998,-57.330002,11.900000,1770370172.518257
0.076860,0.155184,1.037244,-66.779999,-37.799999,22.049999,1770370172.526007
0.056608,0.227408,0.863272,-63.980000,-21.139999,30.660000,1770370172.534005
0.028792,0.288408,0.702476,-60.200001,-5.600000,34.720001,1770370172.542028
-0.009516,0.354044,0.584868,-52.220001,6.020000,33.180000,1770370172.550016
-0.055388,0.425780,0.494832,-45.430000,14.910000,31.920000,1770370172.558062
-0.100040,0.498004,0.416996,-38.990002,22.959999,28.209999,1770370172.566029
-0.139812,0.558028,0.347700,-36.119999,26.110001,25.969999,1770370172.574023
-0.169092,0.610244,0.294996,-38.150002,28.700001,21.139999,1770370172.582007
-0.184708,0.618296,0.263276,-37.310001,25.760000,16.520000,1770370172.590068
-0.182268,0.584380,0.234484,-35.840000,20.370001,12.460000,1770370172.598063
-0.170312,0.514596,0.201544,-29.469999,11.410000,11.830000,1770370172.606248
-0.151768,0.447984,0.159576,-18.549999,4.410000,10.430000,1770370172.614014
-0.134200,0.374296,0.125660,-3.150000,-1.400000,8.540000,1770370172.622001
-0.092964,0.278648,0.161772,13.370000,-5.460000,6.300000,1770370172.630022
-0.064172,0.280356,0.269864,25.900000,-7.280000,0.560000,1770370172.638120
-0.033916,0.282064,0.490928,34.860001,-4.130000,-2.100000,1770370172.646012
-0.010004,0.286944,0.755912,41.090000,3.080000,-9.590000,1770370172.654017
0.007320,0.282796,1.018212,43.889999,19.180000,-12.320000,1770370172.662021
0.020252,0.254980,1.239520,48.160000,37.799999,-13.720000,1770370172.670111
0.038552,0.186416,1.382016,46.970001,55.580002,-9.240000,1770370172.678196
0.053436,0.105652,1.522316,45.990002,62.439999,-2.240000,1770370172.685995
0.018300,-0.036600,1.700924,46.410000,64.889999,2.940000,1770370172.694027
-0.010980,-0.192760,1.849520,50.680000,64.330002,9.590000,1770370172.702092
-0.069784,-0.322080,1.883436,54.110001,62.650002,15.050000,1770370172.710041
-0.122976,-0.410408,1.820728,40.810001,66.360001,18.900000,1770370172.718065
-0.151036,-0.493124,1.730448,25.410000,75.110001,26.740000,1770370172.726018
-0.217160,-0.618296,1.659688,12.670000,89.529999,35.630001,1770370172.734177
-0.325252,-0.700280,1.642364,3.990000,108.220001,43.049999,1770370172.742037
-0.482144,-0.708820,1.672132,-2.030000,125.860001,36.400002,1770370172.750016
-0.666608,-0.638548,1.689944,-15.330000,142.169998,25.270000,1770370172.758075
-0.823256,-0.462380,1.636996,-31.709999,149.520004,11.480000,1770370172.766023
-0.947696,-0.274500,1.496940,-49.419998,145.949997,2.170000,1770370172.774197
-1.019676,-0.092476,1.249768,-63.070000,130.619995,-8.750000,1770370172.782008
-1.049444,0.051972,0.983076,-67.410004,101.430000,-17.080000,1770370172.790020
-1.058716,0.145668,0.781044,-65.660004,66.080002,-24.360001,1770370172.798072
-1.041636,0.176900,0.658068,-59.009998,34.020000,-27.160000,1770370172.806287
-0.997472,0.196176,0.570716,-53.970001,6.930000,-28.629999,1770370172.814061
-0.927932,0.209352,0.488488,-45.570000,-14.910000,-29.610001,1770370172.822024
-0.836920,0.230580,0.403088,-37.799999,-34.230000,-31.570000,1770370172.830018
-0.747860,0.255468,0.342088,-33.529999,-51.380001,-35.490002,1770370172.838068
-0.645624,0.289140,0.294264,-29.120001,-65.099998,-39.830002,1770370172.846019
-0.547536,0.285236,0.275476,-25.340000,-78.330002,-39.410000,1770370172.854084
-0.464820,0.232776,0.278648,-23.520000,-88.760002,-40.320000,1770370172.862014
-0.388204,0.190564,0.278160,-18.900000,-94.849998,-37.730000,1770370172.870008
-0.321104,0.167384,0.269864,-12.320000,-98.839996,-33.110001,1770370172.878115
-0.262544,0.159332,0.262300,-6.790000,-100.870003,-30.100000,1770370172.886090
-0.222040,0.132492,0.249124,0.910000,-102.269997,-25.270000,1770370172.894032
-0.189832,0.089548,0.269376,8.890000,-100.589996,-16.730000,1770370172.902017
-0.180316,0.024888,0.319152,19.110001,-98.070000,-4.690000,1770370172.910034
-0.169092,-0.036112,0.405528,31.780001,-88.269997,2.590000,1770370172.918100
-0.172996,-0.080520,0.548512,45.220001,-73.220001,9.030000,1770370172.926053
-0.186904,-0.114192,0.723704,53.970001,-52.009998,14.700000,1770370172.934077
-0.214476,-0.160552,0.900360,64.959999,-28.840000,13.720000,1770370172.942013
-0.267424,-0.224968,1.049200,75.320000,-11.900000,11.130000,1770370172.950031
-0.361120,-0.293776,1.173152,88.199997,-2.800000,5.950000,1770370172.958125
-0.470432,-0.329644,1.285636,99.330002,2.520000,-0.770000,1770370172.966011
-0.558272,-0.329156,1.418860,103.669998,1.680000,-8.050000,1770370172.974015
-0.596580,-0.304268,1.571360,94.639999,-6.790000,-14.700000,1770370172.982031
-0.582428,-0.328424,1.705072,77.070000,-22.959999,-17.990000,1770370172.990038
-0.490440,-0.391864,1.799744,48.299999,-44.799999,-16.940001,1770370172.998071
-0.362340,-0.435784,1.830976,28.420000,-66.709999,-14.770000,1770370173.006034
-0.242536,-0.474580,1.842688,11.410000,-83.230003,-12.110000,1770370173.014058
-0.139812,-0.458476,1.829024,-4.130000,-90.089996,-8.260000,1770370173.022018
-0.056364,-0.344772,1.771440,-15.540000,-84.629997,-5.390000,1770370173.030006
0.008052,-0.211060,1.652856,-29.750000,-71.680000,2.240000,1770370173.038076
0.045140,-0.096136,1.490596,-39.900002,-54.880001,3.990000,1770370173.046031
0.053680,0.011956,1.325652,-47.529999,-33.810001,20.580000,1770370173.054157
0.031720,0.113216,1.163880,-52.990002,-13.930000,24.709999,1770370173.062176
-0.009760,0.209840,1.032608,-53.549999,5.810000,31.990000,1770370173.070230
-0.060756,0.306952,0.922076,-54.880001,23.030001,35.840000,1770370173.078217
-0.120048,0.374052,0.830088,-52.639999,36.820000,34.720001,1770370173.086010
-0.174948,0.441152,0.741272,-52.570000,44.730000,35.490002,1770370173.094032
-0.225212,0.488488,0.644404,-51.799999,47.880001,28.910000,1770370173.102047
-0.276452,0.530456,0.549732,-51.450001,44.240002,25.830000,1770370173.110032
-0.314028,0.558272,0.473116,-51.310001,35.349998,23.590000,1770370173.118092
-0.338672,0.572668,0.421876,-50.330002,24.500000,19.879999,1770370173.126068
-0.340380,0.546316,0.402356,-46.759998,11.620000,17.850000,1770370173.134147
-0.323544,0.498980,0.416996,-45.709999,-3.710000,14.630000,1770370173.142044
-0.285724,0.462380,0.444324,-38.080002,-18.480000,16.309999,1770370173.149998
-0.247416,0.413336,0.468236,-34.020000,-35.560001,13.160000,1770370173.158094
-0.196664,0.350872,0.465064,-25.900000,-49.560001,9.660000,1770370173.166017
-0.127124,0.259860,0.452376,-12.670000,-62.439999,9.240000,1770370173.174067
-0.047580,0.180560,0.441640,2.100000,-69.089996,2.590000,1770370173.182024
0.019276,0.123464,0.471164,23.799999,-69.300003,-0.980000,1770370173.190022
0.091988,0.110532,0.577060,42.139999,-60.970001,-6.860000,1770370173.198056
0.172752,0.116388,0.729072,56.770000,-44.240002,-8.050000,1770370173.206353
0.237900,0.129564,0.906216,62.509998,-25.830000,-4.900000,1770370173.214101
0.301340,0.093940,1.080432,60.060001,-2.240000,-1.120000,1770370173.222039
0.331108,0.015372,1.212192,59.500000,20.719999,3.850000,1770370173.230009
0.355508,-0.078324,1.326384,59.639999,42.000000,10.150000,1770370173.238067
0.349408,-0.171776,1.469612,58.939999,64.260002,18.760000,1770370173.246007
0.288652,-0.234484,1.606984,57.540001,92.400002,28.209999,1770370173.254004
0.198128,-0.288896,1.677988,50.400002,118.930000,41.930000,1770370173.262085
0.078324,-0.353312,1.689456,41.299999,141.050003,58.099998,1770370173.270016
-0.081008,-0.448472,1.689944,29.120001,160.160004,73.779999,1770370173.278055
-0.287432,-0.525088,1.682380,19.320000,175.350006,80.010002,1770370173.286000
-0.515328,-0.593896,1.656272,7.000000,187.880005,78.540001,1770370173.294021
-0.775676,-0.600240,1.591856,-8.330000,194.389999,67.760002,1770370173.302096
-1.016992,-0.509960,1.507188,-23.660000,194.250000,54.250000,1770370173.310028
-1.190476,-0.380884,1.405440,-33.180000,180.460007,39.759998,1770370173.318061
-1.301008,-0.268644,1.291980,-37.310001,151.270004,24.850000,1770370173.326034
-1.336144,-0.163724,1.165344,-39.759998,109.269997,12.950000,1770370173.334015
-1.312964,-0.034648,1.025532,-42.349998,61.320000,3.290000,1770370173.342010
-1.229272,0.094672,0.903044,-48.090000,16.030001,-6.510000,1770370173.350008
-1.106052,0.199348,0.814228,-53.340000,-24.500000,-13.020000,1770370173.358049
-0.965020,0.267180,0.743468,-56.070000,-51.520000,-20.860001,1770370173.366006
-0.787632,0.320860,0.686372,-56.000000,-71.330002,-23.450001,1770370173.374011
-0.649040,0.310368,0.626104,-54.040001,-86.099998,-27.370001,1770370173.382035
-0.521916,0.302804,0.549244,-53.549999,-93.660004,-25.900000,1770370173.390009
-0.416020,0.302560,0.470920,-47.880001,-96.529999,-25.620001,1770370173.398084
-0.331840,0.326228,0.407480,-41.790001,-93.660004,-20.440001,1770370173.406029
-0.279868,0.357948,0.376736,-34.790001,-87.150002,-21.070000,1770370173.414069
-0.246928,0.392352,0.371368,-34.650002,-76.089996,-18.410000,1770370173.422016
-0.218136,0.406748,0.375272,-36.259998,-64.260002,-21.420000,1770370173.430015
-0.207156,0.366000,0.392596,-35.770000,-49.070000,-18.480000,1770370173.438068
-0.202764,0.292800,0.404552,-29.330000,-35.560001,-13.020000,1770370173.446017
-0.227652,0.201300,0.434320,-19.320000,-23.660000,-4.340000,1770370173.454082
-0.264740,0.119560,0.471896,-8.750000,-15.820000,2.590000,1770370173.462012
-0.313296,0.044408,0.504104,8.470000,-11.060000,11.830000,1770370173.470018
-0.350872,-0.020740,0.520696,21.209999,-9.590000,20.299999,1770370173.478090
-0.387716,-0.096136,0.539240,33.110001,-12.250000,25.059999,1770370173.486126
-0.422852,-0.169580,0.555344,46.619999,-15.820000,32.689999,1770370173.494025
-0.460428,-0.241072,0.618784,55.650002,-17.500000,35.139999,1770370173.502037
-0.510448,-0.306952,0.735904,65.870003,-17.010000,32.480000,1770370173.510035
-0.563396,-0.374052,0.846192,70.629997,-17.290001,27.510000,1770370173.518097
-0.617320,-0.429440,0.933788,75.320000,-18.480000,18.340000,1770370173.526171
-0.657092,-0.457744,1.006256,78.400002,-23.450001,12.250000,1770370173.534017
-0.691252,-0.458476,1.110444,79.730003,-30.590000,5.740000,1770370173.542006
-0.711748,-0.424072,1.238300,78.190002,-38.500000,1.750000,1770370173.550007
-0.670024,-0.355752,1.383968,70.000000,-50.889999,-4.620000,1770370173.558086
-0.571936,-0.279380,1.512068,57.400002,-71.330002,-7.490000,1770370173.566021
-0.422608,-0.203740,1.594052,41.650002,-96.739998,-9.310000,1770370173.574129
-0.252052,-0.144692,1.607472,20.020000,-119.489998,-6.020000,1770370173.582010
-0.105652,-0.087596,1.579900,3.850000,-134.119995,-0.280000,1770370173.590030
0.006832,-0.032452,1.521340,-13.580000,-138.809998,1.610000,1770370173.598076
0.079056,0.028304,1.448872,-21.910000,-129.710007,4.830000,1770370173.606479
0.138348,0.115656,1.372988,-28.420000,-110.250000,6.650000,1770370173.614076
0.175680,0.207400,1.286612,-35.910000,-82.949997,5.180000,1770370173.622003
0.190320,0.295728,1.182912,-39.410000,-53.759998,5.740000,1770370173.630014
0.179828,0.362340,1.071892,-45.009998,-24.010000,8.750000,1770370173.638054
0.152012,0.386252,0.989176,-48.230000,7.630000,12.950000,1770370173.646012
0.106384,0.347456,0.935496,-49.000000,36.470001,15.330000,1770370173.654144
0.054900,0.305244,0.920368,-46.130001,59.009998,13.160000,1770370173.662110
-0.009272,0.286700,0.947452,-42.630001,72.029999,10.710000,1770370173.670017
-0.079544,0.288164,0.985760,-42.630001,78.330002,5.040000,1770370173.678061
-0.138348,0.304268,1.001864,-43.119999,74.900002,4.270000,1770370173.686002
-0.193248,0.311588,1.001376,-40.740002,65.099998,1.050000,1770370173.694105
-0.231068,0.288408,0.987956,-41.580002,49.139999,-0.980000,1770370173.702049
-0.257908,0.258640,0.961116,-33.880001,28.000000,-3.150000,1770370173.710200
-0.268156,0.215940,0.935740,-27.580000,7.350000,-6.720000,1770370173.718062
-0.239608,0.186660,0.920368,-16.730000,-14.350000,-12.880000,1770370173.726011
-0.187636,0.172996,0.932324,-10.220000,-31.709999,-15.400000,1770370173.734016
-0.108580,0.181048,0.947208,-6.790000,-44.240002,-17.639999,1770370173.742017
-0.018788,0.153720,0.975268,-4.480000,-51.380001,-24.570000,1770370173.750054
0.068808,0.119560,0.968680,-6.090000,-52.150002,-24.780001,1770370173.758093
0.155428,0.054900,0.923784,-0.350000,-52.150002,-24.219999,1770370173.766016
0.217892,-0.015860,0.865712,3.430000,-46.759998,-19.320000,1770370173.774018
0.270840,-0.069296,0.812032,9.870000,-38.779999,-16.730000,1770370173.782030
0.325008,-0.114924,0.782996,17.850000,-28.350000,-11.550000,1770370173.790028
0.369904,-0.163236,0.788364,21.420000,-14.280000,-7.140000,1770370173.798066
0.403088,-0.215940,0.809104,23.170000,0.980000,-1.540000,1770370173.806015
0.438224,-0.286212,0.833016,24.360001,21.350000,12.390000,1770370173.814172
0.447740,-0.370148,0.864004,23.660000,40.599998,22.260000,1770370173.822014
0.431880,-0.436516,0.902068,27.650000,61.110001,37.099998,1770370173.830020
0.381372,-0.460672,0.945744,30.799999,85.680000,45.990002,1770370173.838079
0.283528,-0.421388,0.985760,33.880001,106.750000,51.169998,1770370173.846097
0.177144,-0.334524,1.043832,36.470001,126.699997,47.669998,1770370173.854044
0.052704,-0.236680,1.140456,31.290001,143.850006,43.330002,1770370173.862019
-0.087108,-0.130296,1.268068,24.010000,157.220001,38.639999,1770370173.870005
-0.235460,0.000244,1.363960,10.220000,167.160004,28.910000,1770370173.878074
-0.411628,0.103456,1.333216,-4.900000,173.460007,22.469999,1770370173.886004
-0.587796,0.168116,1.215852,-16.450001,175.070007,14.280000,1770370173.894136
-0.717848,0.190808,1.085800,-22.540001,172.339996,3.010000,1770370173.902047
-0.819108,0.191784,0.983564,-25.690001,159.740005,-9.870000,1770370173.910062
-0.889624,0.182024,0.910364,-25.969999,139.649994,-22.889999,1770370173.918074
-0.922808,0.181292,0.892064,-22.680000,110.459999,-34.369999,1770370173.926055
-0.933788,0.189832,0.927200,-17.080000,75.320000,-36.750000,1770370173.934134
-0.932080,0.207400,0.969900,-14.000000,36.889999,-36.049999,1770370173.942023
-0.904264,0.245952,0.971364,-10.920000,5.180000,-33.180000,1770370173.950017
-0.840092,0.287432,0.916952,-10.360000,-22.610001,-28.070000,1770370173.958056
-0.768112,0.309636,0.848876,-14.000000,-38.360001,-28.629999,1770370173.966047
-0.700280,0.313052,0.777140,-18.900000,-47.040001,-26.530001,1770370173.974024
-0.626348,0.287188,0.736148,-23.799999,-45.919998,-26.950001,1770370173.982019
-0.556808,0.247172,0.711992,-22.889999,-33.669998,-23.799999,1770370173.990159
-0.518988,0.179096,0.711992,-18.129999,-18.549999,-14.700000,1770370173.998070
-0.505324,0.131760,0.746396,-7.000000,2.170000,-11.130000,1770370174.006016
-0.530212,0.114680,0.791292,5.180000,21.139999,-4.480000,1770370174.014063
-0.586820,0.131760,0.831064,10.220000,36.119999,-1.330000,1770370174.022024
-0.668072,0.146400,0.842044,15.960000,43.259998,0.210000,1770370174.030013
-0.755668,0.146888,0.832040,14.770000,45.150002,1.820000,1770370174.038088
-0.826184,0.110288,0.810812,13.580000,42.279999,2.520000,1770370174.046024
-0.884500,0.041236,0.793732,12.110000,33.459999,2.520000,1770370174.054107
-0.927200,-0.060512,0.785436,9.940000,19.040001,-1.190000,1770370174.062311
-0.940132,-0.162992,0.795684,10.150000,3.500000,-4.900000,1770370174.070246
-0.923052,-0.257908,0.798856,10.780000,-17.290001,-7.490000,1770370174.078198
-0.873276,-0.342576,0.777140,18.340000,-39.759998,-8.750000,1770370174.086001
-0.798612,-0.416264,0.744932,26.320000,-65.239998,-9.170000,1770370174.094121
-0.736392,-0.452132,0.720776,41.090000,-89.949997,-6.930000,1770370174.102048
-0.650748,-0.467260,0.711260,56.209999,-112.910004,-7.210000,1770370174.110038
-0.558516,-0.444568,0.729316,68.320000,-134.470001,-11.620000,1770370174.118065
-0.466528,-0.353068,0.750544,80.290001,-148.889999,-13.230000,1770370174.126156
-0.375516,-0.195932,0.780068,89.529999,-155.330002,-18.200001,1770370174.134016
-0.284504,-0.024400,0.822280,87.430000,-154.139999,-22.469999,1770370174.142020
-0.193248,0.114436,0.888648,82.529999,-145.460007,-29.610001,1770370174.150003
-0.104188,0.216672,0.984052,71.750000,-135.309998,-30.660000,1770370174.158072
-0.021228,0.287920,1.098976,58.939999,-119.980003,-35.070000,1770370174.166025
0.031964,0.347700,1.201700,41.509998,-103.040001,-35.560001,1770370174.174087
0.058560,0.397720,1.246840,21.559999,-86.099998,-38.570000,1770370174.182008
0.061000,0.428464,1.218536,0.210000,-68.879997,-37.939999,1770370174.190025
0.042212,0.421388,1.138504,-17.430000,-55.230000,-36.470001,1770370174.198071
0.002684,0.380396,1.066524,-32.759998,-40.880001,-32.759998,1770370174.206030
-0.029768,0.348432,1.039196,-41.020000,-28.980000,-29.889999,1770370174.214027
-0.074664,0.314028,1.042856,-48.650002,-16.590000,-26.040001,1770370174.222014
-0.117852,0.293044,1.050664,-51.099998,-5.950000,-25.830000,1770370174.230095
-0.150060,0.284016,1.048468,-50.889999,0.770000,-28.629999,1770370174.238089
-0.182268,0.255956,1.031632,-45.150002,1.610000,-30.379999,1770370174.246012
-0.208132,0.228140,1.022848,-39.830002,-2.730000,-28.490000,1770370174.254013
-0.222528,0.199104,1.027728,-34.650002,-9.590000,-28.980000,1770370174.262013
-0.220332,0.135664,1.048956,-29.750000,-19.950001,-29.959999,1770370174.270188
-0.194224,0.065880,1.080920,-25.340000,-32.619999,-26.809999,1770370174.278059
-0.146400,0.008784,1.118496,-19.670000,-45.009998,-27.160000,1770370174.285997
-0.089548,-0.014884,1.153388,-17.219999,-56.349998,-23.240000,1770370174.294026
-0.014396,-0.014396,1.164368,-18.549999,-62.650002,-21.770000,1770370174.302043
0.068808,-0.014640,1.149972,-19.110001,-69.230003,-19.040001,1770370174.310309
0.145424,-0.012444,1.119716,-21.980000,-70.000000,-15.050000,1770370174.318074
0.214476,0.001464,1.093364,-23.030001,-66.779999,-10.290000,1770370174.326087
0.270840,0.021472,1.053592,-27.160000,-61.810001,-2.450000,1770370174.334037
0.309880,0.036844,0.996984,-33.250000,-52.849998,3.290000,1770370174.342011
0.325252,0.031964,0.941352,-35.279999,-38.779999,12.040000,1770370174.350010
0.332328,0.007808,0.886696,-32.340000,-22.330000,19.670000,1770370174.358055
0.323300,-0.031720,0.822280,-25.480000,-1.470000,26.600000,1770370174.366057
0.294752,-0.060024,0.757620,-14.000000,22.260000,37.520000,1770370174.374142
0.244000,-0.074176,0.696864,-2.660000,47.880001,49.700001,1770370174.382054
0.157868,-0.092964,0.633668,9.660000,71.120003,57.610001,1770370174.390073
0.057340,-0.095892,0.559004,17.290001,90.790001,64.470001,1770370174.398072
-0.021960,-0.086864,0.521916,27.790001,101.500000,70.000000,1770370174.406018
-0.099796,-0.068808,0.621468,32.759998,109.059998,72.589996,1770370174.414043
-0.190808,-0.028548,0.840824,32.970001,113.750000,76.370003,1770370174.422055
-0.307196,0.020740,1.059692,28.980000,117.320000,74.129997,1770370174.430112
-0.423340,0.075152,1.154852,22.330000,117.949997,71.889999,1770370174.438110
-0.542168,0.146156,1.137528,14.910000,116.059998,66.709999,1770370174.446020
-0.663924,0.222040,1.100928,6.860000,109.269997,60.130001,1770370174.454014
-0.768844,0.287920,1.066768,-3.220000,101.010002,49.770000,1770370174.462052
-0.831064,0.335500,1.021872,-10.710000,88.129997,34.299999,1770370174.470023
-0.863028,0.368928,0.980636,-15.680000,73.360001,24.360001,1770370174.478059
-0.865224,0.380640,0.977464,-23.799999,56.700001,12.180000,1770370174.486004
-0.839360,0.357948,1.011136,-34.580002,39.619999,1.820000,1770370174.494039
-0.797880,0.315248,1.032608,-42.770000,22.610001,0.560000,1770370174.502021
-0.745176,0.296948,1.027484,-46.549999,3.920000,0.000000,1770370174.510034
-0.697596,0.309148,0.982832,-50.610001,-10.290000,0.000000,1770370174.518072
-0.646112,0.313540,0.908412,-54.459999,-18.129999,2.730000,1770370174.526026
-0.595604,0.286456,0.850096,-53.340000,-22.049999,7.630000,1770370174.534019
-0.565348,0.226188,0.818620,-48.650002,-16.799999,11.970000,1770370174.542022
-0.557296,0.172508,0.816912,-38.080002,-9.240000,13.510000,1770370174.550159
-0.577548,0.122732,0.831552,-25.900000,1.400000,15.400000,1770370174.558098
-0.621224,0.095648,0.858148,-15.120000,11.410000,16.170000,1770370174.566002
-0.686860,0.080764,0.876204,-7.420000,19.250000,18.690001,1770370174.574020
-0.761524,0.058804,0.885476,-4.900000,21.629999,17.430000,1770370174.582017
-0.828380,0.002440,0.858880,-2.800000,19.740000,14.140000,1770370174.590155
-0.875228,-0.075152,0.835456,-1.750000,10.710000,11.340000,1770370174.598209
-0.904020,-0.193980,0.807396,-0.980000,-1.820000,7.770000,1770370174.606022
-0.899872,-0.335988,0.753472,2.310000,-24.150000,3.850000,1770370174.614116
-0.848876,-0.465064,0.702964,12.180000,-50.750000,-2.590000,1770370174.622043
-0.768600,-0.552416,0.712480,27.930000,-77.629997,-6.510000,1770370174.630021
-0.670512,-0.598776,0.767380,40.320000,-104.440002,-13.020000,1770370174.638062
-0.553636,-0.590968,0.852048,57.610001,-123.480003,-14.910000,1770370174.646035
-0.428708,-0.519964,0.994544,67.970001,-135.029999,-21.000000,1770370174.654051
-0.304268,-0.378932,1.146800,66.360001,-136.360001,-23.799999,1770370174.662002
-0.184220,-0.219112,1.250744,56.980000,-128.029999,-32.130001,1770370174.670019
-0.089548,-0.095160,1.271728,39.340000,-114.589996,-34.930000,1770370174.678066
0.027816,0.024156,1.269776,24.219999,-97.510002,-32.200001,1770370174.686151
0.132980,0.126148,1.273924,13.090000,-82.320000,-20.650000,1770370174.694017
0.200324,0.205448,1.269044,0.000000,-68.669998,-10.990000,1770370174.702020
0.235704,0.309636,1.250012,-11.340000,-58.799999,-6.300000,1770370174.710037
0.248636,0.410652,1.208776,-24.150000,-47.320000,1.330000,1770370174.718109
0.234728,0.487268,1.126792,-36.470001,-32.480000,2.590000,1770370174.726017
0.192760,0.520940,1.013820,-46.689999,-13.020000,8.960000,1770370174.734025
0.127368,0.521916,0.871080,-57.330002,3.850000,10.150000,1770370174.742158
0.050264,0.504104,0.747128,-63.070000,20.020000,10.500000,1770370174.750025
-0.001708,0.467748,0.656848,-67.690002,31.290001,9.660000,1770370174.758183
-0.043432,0.415044,0.595848,-68.879997,42.349998,11.900000,1770370174.766060
-0.080764,0.356972,0.565836,-61.880001,45.500000,18.200001,1770370174.774026
-0.114924,0.284748,0.583160,-58.099998,49.000000,20.160000,1770370174.782023
-0.144692,0.227164,0.645136,-48.299999,45.500000,19.320000,1770370174.790083
-0.157868,0.184220,0.730048,-37.029999,39.480000,15.400000,1770370174.798080
-0.159088,0.133224,0.802516,-28.209999,31.920000,11.060000,1770370174.806026
-0.142252,0.077104,0.887428,-16.240000,27.790001,8.400000,1770370174.814050
-0.116388,0.011956,0.976244,-9.240000,23.730000,11.340000,1770370174.822020
-0.078080,-0.057340,1.036024,-1.190000,17.500000,15.750000,1770370174.830013
-0.033184,-0.151036,1.035536,6.860000,12.040000,23.240000,1770370174.838106
0.011712,-0.247904,1.008940,17.430000,6.370000,34.020000,1770370174.846032
0.035624,-0.368196,0.985516,29.469999,3.640000,38.220001,1770370174.854037
0.058072,-0.437004,0.974536,37.799999,10.640000,41.020000,1770370174.862013
0.064904,-0.477020,1.038952,41.860001,24.150000,45.709999,1770370174.870002
0.038308,-0.504348,1.159244,41.020000,37.660000,52.500000,1770370174.878065
-0.031720,-0.538752,1.364448,31.780001,59.919998,64.120003,1770370174.886018
-0.136396,-0.566324,1.518656,25.620001,83.230003,69.089996,1770370174.894126
-0.262544,-0.559492,1.580876,14.770000,104.650002,75.459999,1770370174.902020
-0.399916,-0.492148,1.601128,7.000000,116.760002,74.339996,1770370174.910017
-0.558760,-0.370392,1.579168,-3.570000,124.180000,73.220001,1770370174.918060
-0.733708,-0.223748,1.511336,-14.630000,130.759995,61.810001,1770370174.926014
-0.864248,-0.079544,1.382016,-24.219999,132.649994,49.770000,1770370174.934023
-0.962824,0.027328,1.262700,-32.970001,127.959999,35.279999,1770370174.942077
-1.022848,0.133224,1.199748,-34.439999,117.949997,15.400000,1770370174.950020
-1.041148,0.226188,1.141920,-39.549999,97.860001,2.030000,1770370174.958120
-1.021140,0.301584,1.040904,-40.669998,75.879997,-9.520000,1770370174.966010
-0.969412,0.353068,0.873764,-34.860001,47.880001,-13.230000,1770370174.974017
-0.882792,0.397232,0.678320,-29.889999,14.560000,-21.350000,1770370174.982085
-0.784216,0.422608,0.519476,-20.440001,-12.460000,-23.799999,1770370174.990027
-0.670512,0.467016,0.403820,-9.870000,-38.220001,-28.770000,1770370174.998137
-0.553880,0.499224,0.339404,-4.200000,-56.000000,-24.780001,1770370175.006020
-0.466040,0.506788,0.289384,2.800000,-70.980003,-28.139999,1770370175.014177
-0.383812,0.512888,0.255956,5.110000,-80.430000,-28.840000,1770370175.022023
-0.317444,0.500688,0.231312,6.790000,-90.089996,-29.959999,1770370175.030060
-0.263032,0.472384,0.217160,3.780000,-95.059998,-27.580000,1770370175.038099
-0.218624,0.401624,0.216916,1.540000,-94.849998,-24.010000,1770370175.046012
-0.191784,0.312076,0.223260,2.660000,-93.169998,-17.290001,1770370175.054027
-0.172264,0.208864,0.262056,5.740000,-84.209999,-11.200000,1770370175.062315
-0.153964,0.106628,0.359656,14.910000,-72.449997,-1.540000,1770370175.070719
-0.148108,-0.000244,0.483608,26.320000,-55.090000,8.120000,1770370175.078157
-0.166164,-0.093452,0.586332,38.080002,-37.029999,18.340000,1770370175.086156
-0.232044,-0.207644,0.704672,65.519997,-17.570000,28.000000,1770370175.094027
-0.363072,-0.361608,0.900604,88.830002,5.180000,23.590000,1770370175.102033
-0.518988,-0.435784,1.194868,111.650002,22.820000,14.840000,1770370175.110018
-0.697596,-0.441152,1.505236,120.959999,31.360001,7.000000,1770370175.118090
-0.873764,-0.430172,1.697996,112.629997,23.730000,-2.870000,1770370175.126009
-1.016504,-0.480436,1.745576,97.160004,6.160000,-14.700000,1770370175.134017
-1.142164,-0.653188,1.665056,72.730003,-20.020000,-28.700001,1770370175.142018
-1.097512,-0.838384,1.666276,55.439999,-56.070000,-43.680000,1770370175.150094
-0.707844,-0.799588,1.808284,40.669998,-105.419998,-39.200001,1770370175.158060
-0.354288,-0.714920,1.922476,27.650000,-155.679993,-27.650000,1770370175.166022
-0.043676,-0.534848,1.960052,11.970000,-191.100006,-13.790000,1770370175.174004
0.161772,-0.300608,1.901004,-9.100000,-199.639999,-3.780000,1770370175.182007
0.319640,-0.050264,1.783152,-27.020000,-179.130005,1.750000,1770370175.190055
0.435540,0.143228,1.623820,-46.689999,-143.779999,10.990000,1770370175.198060
0.486292,0.276696,1.393728,-61.529999,-98.629997,20.160000,1770370175.206014
0.476288,0.323544,1.139236,-69.440002,-54.459999,32.060001,1770370175.214046
0.447984,0.335988,0.882060,-72.870003,-12.670000,39.130001,1770370175.222016
0.384300,0.362584,0.669048,-65.309998,23.590000,49.980000,1770370175.229996
0.301096,0.386008,0.510936,-57.820000,52.009998,54.250000,1770370175.238077
0.224236,0.426756,0.397964,-49.630001,74.900002,54.950001,1770370175.246046
0.133468,0.445056,0.309392,-43.750000,91.629997,57.189999,1770370175.254025
0.065636,0.475312,0.223504,-39.130001,100.169998,52.150002,1770370175.262014
-0.008540,0.501664,0.167628,-36.119999,101.779999,47.040001,1770370175.270014
-0.072224,0.531920,0.101016,-35.349998,98.209999,41.930000,1770370175.278070
-0.136884,0.525820,0.043676,-35.000000,93.449997,33.740002,1770370175.285995
-0.167628,0.518500,-0.017324,-31.920000,84.559998,31.150000,1770370175.294060
-0.182756,0.477996,-0.049776,-30.100000,76.089996,25.200001,1770370175.302032
-0.172508,0.409432,-0.026840,-23.309999,66.919998,21.280001,1770370175.310013
-0.176412,0.354288,0.053924,-12.250000,63.419998,24.639999,1770370175.318081
-0.192028,0.312808,0.271572,1.190000,67.690002,25.969999,1770370175.326015
-0.193004,0.305244,0.569740,13.860000,70.559998,25.270000,1770370175.334069
-0.203740,0.271328,0.876204,21.420000,73.709999,24.500000,1770370175.342010
-0.219112,0.244732,1.158756,30.450001,71.680000,23.379999,1770370175.350011
-0.236680,0.227408,1.418128,40.880001,67.690002,23.799999,1770370175.358053
-0.294264,0.196664,1.686040,51.310001,62.230000,31.219999,1770370175.366014
-0.366488,0.125416,1.998360,63.770000,55.020000,38.290001,1770370175.374014
-0.478484,0.010248,2.234064,71.750000,47.599998,43.259998,1770370175.382076
-0.529236,0.017324,2.183312,70.070000,42.700001,37.380001,1770370175.390022
-0.488976,-0.134444,2.004460,38.639999,42.070000,44.520000,1770370175.398079
-0.474824,-0.266448,1.803648,9.450000,49.209999,47.529999,1770370175.406086
-0.515816,-0.487512,1.697264,-8.680000,69.930000,50.540001,1770370175.414304
-0.593408,-0.613172,1.621624,-18.129999,95.970001,44.869999,1770370175.422142
-0.723216,-0.456524,1.534028,-11.340000,120.050003,24.500000,1770370175.430023
-0.841556,-0.259128,1.497428,-0.910000,135.940002,10.780000,1770370175.438070
-0.981368,-0.171288,1.418860,-10.360000,139.089996,-8.330000,1770370175.446012
-1.057496,-0.204228,1.265872,-30.379999,131.949997,-18.129999,1770370175.454046
-1.026996,-0.217648,1.048956,-51.169998,105.070000,-29.750000,1770370175.462085
-0.945744,-0.221308,0.856196,-58.869999,62.230000,-35.349998,1770370175.470040
-0.888404,-0.151768,0.741760,-55.299999,23.940001,-36.680000,1770370175.478086
-0.820572,-0.039772,0.688324,-45.009998,-7.280000,-38.639999,1770370175.486084
-0.755180,0.063684,0.626592,-31.920000,-30.240000,-42.419998,1770370175.494039
-0.665144,0.144204,0.531188,-25.690001,-44.869999,-37.730000,1770370175.502114
-0.588040,0.192516,0.426024,-14.980000,-54.110001,-39.060001,1770370175.510017
-0.525088,0.206912,0.336232,-13.440000,-62.860001,-33.740002,1770370175.518098
-0.468236,0.232532,0.254248,-9.590000,-71.540001,-38.849998,1770370175.526046
-0.403332,0.248392,0.189588,-5.460000,-81.339996,-34.160000,1770370175.534024
-0.333060,0.248392,0.117608,-2.240000,-92.190002,-37.380001,1770370175.542015
-0.274012,0.221308,0.083936,4.340000,-100.870003,-34.580002,1770370175.550020
-0.222772,0.168360,0.083448,12.110000,-106.050003,-29.610001,1770370175.558059
-0.169092,0.121024,0.116144,18.200001,-106.260002,-22.540001,1770370175.566027
-0.135420,0.082472,0.183488,26.110001,-102.059998,-11.130000,1770370175.574014
-0.121268,0.046848,0.296704,34.090000,-86.870003,-3.080000,1770370175.582017
-0.141764,0.023180,0.491172,44.240002,-58.099998,4.410000,1770370175.590021
-0.188612,0.032940,0.763720,47.389999,-18.129999,7.980000,1770370175.598065
-0.245952,0.030744,1.013088,49.349998,20.299999,10.570000,1770370175.606027
-0.362096,-0.004636,1.223172,50.540001,43.470001,20.790001,1770370175.614110
-0.557052,-0.074176,1.381772,52.430000,50.470001,23.379999,1770370175.622019
-0.801784,-0.126148,1.516704,62.790001,44.799999,21.910000,1770370175.630009
-1.028460,-0.139812,1.643584,61.529999,27.930000,17.290001,1770370175.638102
-1.139968,-0.144936,1.718004,53.970001,1.050000,8.470000,1770370175.646028
-1.190720,-0.167384,1.768268,43.889999,-33.810001,3.150000,1770370175.654019
-1.136552,-0.231312,1.780468,25.410000,-70.769997,-4.130000,1770370175.662019
-0.965020,-0.286700,1.769732,14.000000,-110.389999,-6.370000,1770370175.670092
-0.745176,-0.275476,1.785836,0.700000,-138.039993,-5.600000,1770370175.678087
-0.523136,-0.220820,1.771928,-12.250000,-155.820007,-6.230000,1770370175.686008
-0.334524,-0.122488,1.694336,-27.090000,-161.699997,-5.040000,1770370175.694002
-0.162016,-0.019520,1.555500,-46.200001,-155.259995,-3.010000,1770370175.702009
-0.001464,0.071492,1.352980,-59.220001,-147.139999,1.610000,1770370175.710059
0.132492,0.127368,1.098732,-71.610001,-137.059998,9.030000,1770370175.718076
0.217648,0.161528,0.878156,-73.779999,-125.089996,18.200001,1770370175.726017
0.272304,0.196176,0.703940,-71.540001,-109.830002,33.740002,1770370175.734054
0.295240,0.212524,0.576816,-68.669998,-89.180000,43.119999,1770370175.742039
0.307196,0.234972,0.481168,-60.970001,-68.529999,48.299999,1770370175.750017
0.297680,0.249856,0.394792,-55.790001,-50.259998,52.009998,1770370175.758081
0.264496,0.270840,0.301828,-45.360001,-30.379999,51.660000,1770370175.766059
0.221064,0.300852,0.221552,-38.779999,-14.630000,54.250000,1770370175.774024
0.171532,0.340624,0.161772,-34.230000,-0.910000,50.680000,1770370175.782014
0.120292,0.362340,0.135664,-28.209999,12.950000,46.759998,1770370175.790009
0.076616,0.344284,0.123464,-25.340000,27.299999,40.040001,1770370175.798077
0.044164,0.296704,0.123220,-18.340000,39.270000,31.360001,1770370175.806027
0.017080,0.227896,0.135664,-3.920000,51.799999,25.969999,1770370175.814509
0.010736,0.170312,0.198860,10.010000,66.010002,22.820000,1770370175.822020
0.003416,0.138348,0.345992,26.740000,80.080002,19.320000,1770370175.830039
0.011224,0.135908,0.578524,39.340000,93.099998,12.040000,1770370175.838124
0.003904,0.157380,0.867420,46.410000,107.309998,5.810000,1770370175.846038
-0.002440,0.151280,1.130696,50.540001,119.419998,4.200000,1770370175.854023
-0.007808,0.093208,1.291492,53.340000,123.410004,6.440000,1770370175.862056
-0.054656,0.020252,1.465220,61.880001,117.040001,7.560000,1770370175.870005
-0.105408,-0.050752,1.668716,65.660004,102.339996,16.520000,1770370175.878070
-0.168604,-0.112484,1.845860,69.300003,81.059998,20.790001,1770370175.886008
-0.217892,-0.156892,1.971764,64.820000,51.799999,26.879999,1770370175.894093
-0.255224,-0.192272,2.008120,42.000000,34.580002,29.190001,1770370175.902028
-0.260592,-0.282308,1.915400,18.690001,34.580002,30.450001,1770370175.910025
-0.277184,-0.402600,1.779004,2.100000,51.730000,24.500000,1770370175.918096
-0.312808,-0.411872,1.713856,-0.770000,75.669998,19.530001,1770370175.926018
-0.406260,-0.429196,1.683356,-6.790000,99.120003,9.800000,1770370175.934017
-0.521672,-0.370880,1.633092,-19.530001,121.940002,-2.660000,1770370175.942101
-0.626104,-0.274256,1.541348,-32.200001,134.470001,-17.570000,1770370175.950006
-0.707844,-0.186416,1.410808,-48.439999,137.759995,-26.950001,1770370175.958083
-0.757620,-0.089060,1.217316,-61.529999,125.089996,-38.709999,1770370175.966018
-0.771040,-0.013664,0.993080,-65.239998,100.309998,-43.889999,1770370175.974019
-0.756400,0.047824,0.808860,-66.080002,71.610001,-47.250000,1770370175.982044
-0.732000,0.107360,0.679784,-52.639999,41.580002,-47.599998,1770370175.990008
-0.690276,0.161772,0.596580,-40.180000,17.360001,-50.540001,1770370175.998109
-0.631228,0.200568,0.528260,-28.209999,1.190000,-51.240002,1770370176.006019
-0.565592,0.240584,0.439932,-18.340000,-10.920000,-46.619999,1770370176.014108
-0.499712,0.274500,0.369660,-14.770000,-19.950001,-47.250000,1770370176.022032
-0.441640,0.289384,0.314516,-8.680000,-29.889999,-46.480000,1770370176.030122
-0.383080,0.298412,0.259616,-7.350000,-38.360001,-47.389999,1770370176.038064
-0.322812,0.291580,0.211548,-7.630000,-45.849998,-45.919998,1770370176.046021
-0.262056,0.263520,0.171776,-2.240000,-54.040001,-40.180000,1770370176.054018
-0.209352,0.220332,0.143472,3.640000,-60.900002,-35.700001,1770370176.062337
-0.172752,0.175436,0.130052,10.570000,-66.849998,-25.129999,1770370176.070741
-0.143960,0.127612,0.154696,20.020000,-69.300003,-16.590000,1770370176.078154
-0.132736,0.072224,0.226676,35.000000,-64.050003,-8.400000,1770370176.086060
-0.131760,0.020984,0.381616,49.139999,-44.869999,2.730000,1770370176.094008
-0.162748,-0.009028,0.602436,58.869999,-12.180000,10.220000,1770370176.102033
-0.218624,-0.042700,0.836432,67.760002,31.709999,11.690000,1770370176.110028
-0.293532,-0.095892,1.052128,75.110001,72.099998,15.260000,1770370176.118184
-0.453108,-0.153232,1.235128,84.629997,100.379997,17.290001,1770370176.126006
-0.709552,-0.196664,1.391532,96.739998,112.629997,15.260000,1770370176.134019
-1.007232,-0.219112,1.478884,99.959999,109.059998,5.880000,1770370176.142151
-1.270508,-0.220576,1.525732,96.180000,93.239998,-5.390000,1770370176.150016
-1.395192,-0.227896,1.579656,83.300003,57.470001,-12.600000,1770370176.158065
-1.450336,-0.315736,1.627724,66.849998,4.410000,-17.850000,1770370176.166018
-1.438868,-0.427976,1.673840,51.169998,-55.020000,-23.170000,1770370176.174059
-1.263188,-0.495808,1.730936,35.000000,-110.739998,-23.590000,1770370176.182018
-1.014308,-0.462868,1.786080,28.629999,-160.229996,-25.549999,1770370176.189996
-0.756156,-0.333548,1.818288,15.120000,-189.139999,-24.360001,1770370176.198089
-0.498492,-0.149816,1.800232,2.240000,-198.520004,-28.980000,1770370176.206021
-0.269376,0.034892,1.694092,-21.420000,-192.779999,-29.049999,1770370176.214022
-0.064172,0.170800,1.494988,-44.099998,-178.850006,-26.740000,1770370176.222030
0.098088,0.236924,1.230980,-59.639999,-162.679993,-21.629999,1770370176.230013
0.196176,0.264252,0.960384,-66.080002,-145.110001,-8.750000,1770370176.238093
0.251808,0.287920,0.757132,-65.309998,-124.809998,3.290000,1770370176.246008
0.292800,0.322324,0.617320,-57.889999,-101.989998,15.750000,1770370176.254107
0.312076,0.354288,0.525332,-53.759998,-77.349998,25.410000,1770370176.262041
0.308172,0.383324,0.463112,-46.619999,-55.650002,24.709999,1770370176.270010
0.274988,0.411628,0.399916,-45.360001,-34.790001,28.910000,1770370176.278062
0.227896,0.425048,0.332572,-41.299999,-15.120000,27.020000,1770370176.286009
0.182268,0.426756,0.256688,-38.639999,1.750000,26.110001,1770370176.294005
0.120292,0.411628,0.184708,-38.009998,13.790000,21.840000,1770370176.302044
0.071248,0.379420,0.102968,-32.970001,25.690001,17.290001,1770370176.310022
0.035136,0.333304,0.032452,-26.459999,33.810001,10.360000,1770370176.318079
0.002684,0.281820,-0.010492,-13.650000,42.349998,7.000000,1770370176.326016
-0.019276,0.232532,0.009516,-0.770000,50.470001,3.010000,1770370176.334058
-0.028060,0.202520,0.116388,13.440000,59.430000,0.000000,1770370176.342020
-0.036112,0.196420,0.299876,24.219999,70.980003,-3.360000,1770370176.350014
-0.049532,0.208620,0.576328,29.540001,84.559998,-9.310000,1770370176.358068
-0.062708,0.234484,0.880108,29.540001,102.620003,-13.510000,1770370176.366009
-0.073688,0.224968,1.113616,28.980000,120.190002,-14.700000,1770370176.373999
-0.108092,0.182268,1.309060,29.190001,131.740005,-17.290001,1770370176.382048
-0.168848,0.153232,1.519388,32.900002,129.500000,-14.700000,1770370176.390121
-0.284992,0.135664,1.767536,36.049999,114.660004,-8.820000,1770370176.398095
-0.413824,0.040260,2.007632,44.310001,89.320000,-6.930000,1770370176.406016
-0.501420,-0.116144,2.048136,47.040001,62.230000,-5.810000,1770370176.414107
-0.528504,-0.211304,1.883924,35.560001,40.810001,-0.980000,1770370176.422035
-0.503616,-0.281820,1.739964,19.950001,27.020000,0.630000,1770370176.430013
-0.473116,-0.276696,1.653100,10.360000,27.370001,2.940000,1770370176.438057
-0.497760,-0.341600,1.681648,4.130000,40.810001,2.520000,1770370176.446086
-0.556564,-0.360632,1.688968,-3.220000,58.240002,-3.010000,1770370176.454024
-0.617076,-0.362096,1.631384,-21.209999,74.690002,-16.030001,1770370176.462019
-0.673196,-0.328668,1.489132,-35.980000,84.629997,-28.350000,1770370176.470014
-0.705160,-0.280600,1.273680,-53.480000,84.980003,-38.500000,1770370176.478077
-0.717360,-0.220332,1.051884,-61.389999,75.529999,-46.830002,1770370176.486036
-0.712968,-0.165432,0.881328,-60.340000,58.099998,-48.860001,1770370176.494075
-0.710040,-0.116876,0.760548,-50.680000,41.369999,-47.669998,1770370176.502028
-0.700036,-0.046116,0.688812,-36.330002,24.850000,-50.189999,1770370176.510002
-0.676612,0.036112,0.634888,-26.459999,10.920000,-48.020000,1770370176.518174
-0.642940,0.121268,0.559492,-18.410000,0.000000,-51.099998,1770370176.526169
-0.594140,0.177876,0.463844,-14.000000,-10.850000,-47.389999,1770370176.534017
-0.542900,0.207888,0.388448,-13.930000,-22.260000,-47.389999,1770370176.542019
-0.482144,0.226920,0.346724,-9.800000,-34.930000,-48.930000,1770370176.550020
-0.428220,0.209596,0.323788,-8.540000,-46.549999,-46.619999,1770370176.558062
-0.370392,0.173728,0.301340,-2.100000,-57.750000,-43.189999,1770370176.566131
-0.324032,0.151280,0.262056,6.090000,-66.430000,-35.000000,1770370176.574014
-0.287676,0.141032,0.222284,15.890000,-77.980003,-26.180000,1770370176.582016
-0.258152,0.124928,0.212768,27.650000,-85.610001,-16.520000,1770370176.590000
-0.240584,0.094428,0.254980,38.779999,-89.529999,-5.110000,1770370176.598097
-0.239608,0.057096,0.343308,50.400002,-78.330002,2.380000,1770370176.606001
-0.254980,0.027572,0.499712,62.299999,-53.340000,10.150000,1770370176.614034
-0.280356,0.008540,0.718336,69.650002,-16.100000,10.500000,1770370176.622185
-0.324032,-0.038308,0.955260,75.320000,19.389999,12.740000,1770370176.630015
-0.418948,-0.099552,1.204872,84.070000,43.470001,7.350000,1770370176.638064
-0.583648,-0.132248,1.386652,94.989998,53.340000,5.390000,1770370176.646070
-0.803492,-0.111508,1.499624,100.730003,45.919998,0.490000,1770370176.654021
-1.002596,-0.083448,1.572092,92.610001,30.030001,-5.180000,1770370176.662016
-1.086044,-0.085644,1.637240,74.970001,2.310000,-15.820000,1770370176.670005
-1.096048,-0.153232,1.679696,51.660000,-37.099998,-23.799999,1770370176.678230
-1.039928,-0.307196,1.692140,31.920000,-72.239998,-28.209999,1770370176.686013
-0.871324,-0.441640,1.704828,23.100000,-108.150002,-26.809999,1770370176.694084
-0.647576,-0.478972,1.752164,14.210000,-140.070007,-25.340000,1770370176.702010
-0.447984,-0.385764,1.795352,7.420000,-157.990005,-21.209999,1770370176.710020
-0.256688,-0.221552,1.769976,-5.880000,-161.210007,-18.969999,1770370176.718100
-0.075640,-0.043676,1.653344,-22.889999,-152.809998,-16.379999,1770370176.726021
0.066856,0.099796,1.432036,-37.799999,-138.740005,-11.900000,1770370176.734020
0.157380,0.186172,1.181448,-50.750000,-118.930000,-0.420000,1770370176.742018
0.211304,0.237412,0.947452,-52.220001,-98.070000,9.310000,1770370176.750056
0.228384,0.273768,0.759572,-52.570000,-76.790001,23.520000,1770370176.758097
0.227652,0.315980,0.630252,-50.330002,-56.560001,32.689999,1770370176.766020
0.204472,0.357948,0.540460,-43.750000,-38.709999,36.959999,1770370176.774014
0.176900,0.396744,0.477020,-43.470001,-20.930000,40.880001,1770370176.782094
0.137128,0.428464,0.414556,-39.200001,-7.490000,38.009998,1770370176.790022
0.087840,0.446276,0.351116,-38.220001,1.400000,36.750000,1770370176.798076
0.038796,0.441884,0.281820,-37.240002,7.140000,31.010000,1770370176.806014
-0.003904,0.409432,0.231800,-31.360001,11.830000,31.360001,1770370176.814073
-0.038796,0.344040,0.192272,-31.430000,14.420000,26.530001,1770370176.822067
-0.061732,0.277428,0.155428,-21.420000,17.850000,19.809999,1770370176.830078
-0.070516,0.212036,0.124440,-14.000000,21.910000,16.520000,1770370176.838077
-0.067832,0.147376,0.133956,1.540000,28.139999,9.870000,1770370176.846050
-0.050752,0.101992,0.223504,15.190000,35.349998,9.240000,1770370176.854040
-0.025132,0.075884,0.387472,26.250000,43.049999,2.940000,1770370176.862016
0.000976,0.063928,0.626836,33.459999,51.590000,-1.120000,1770370176.870003
0.006832,0.058804,0.914512,33.880001,66.220001,-5.250000,1770370176.878070
-0.001708,0.039772,1.171444,31.639999,82.529999,-3.780000,1770370176.886052
-0.004148,-0.004636,1.368352,33.529999,92.959999,-1.330000,1770370176.893998
-0.059048,-0.043432,1.555012,32.060001,95.830002,4.200000,1770370176.902022
-0.132736,-0.091012,1.745332,30.799999,90.300003,6.510000,1770370176.910068
-0.201056,-0.168848,1.876116,31.990000,76.089996,4.480000,1770370176.918116
-0.269376,-0.253272,1.878312,31.430000,60.340000,5.740000,1770370176.926034
-0.345260,-0.295728,1.776076,26.879999,47.880001,6.510000,1770370176.934036
-0.393084,-0.309880,1.701168,14.630000,48.020000,3.500000,1770370176.942021
-0.435296,-0.325984,1.670180,8.750000,55.020000,0.700000,1770370176.950023
-0.499224,-0.359412,1.663104,1.890000,67.339996,-4.550000,1770370176.958075
-0.581696,-0.385520,1.657004,-8.960000,79.800003,-16.379999,1770370176.966021
-0.675636,-0.367464,1.602836,-19.110001,85.540001,-27.790001,1770370176.974165
-0.750300,-0.320860,1.488888,-35.770000,86.660004,-35.700001,1770370176.982014
-0.786656,-0.248880,1.328336,-49.000000,75.459999,-48.020000,1770370176.990011
-0.797148,-0.185684,1.137772,-57.540001,55.160000,-58.240002,1770370176.998092
-0.781288,-0.117608,0.943060,-58.450001,30.590000,-67.690002,1770370177.006017
-0.748348,-0.050020,0.807396,-52.430000,5.180000,-75.669998,1770370177.014083
-0.703940,0.034648,0.693936,-43.189999,-14.140000,-79.940002,1770370177.022047
-0.644892,0.130296,0.577060,-28.559999,-32.060001,-82.879997,1770370177.030023
-0.567544,0.242048,0.469212,-19.740000,-46.480000,-88.269997,1770370177.038133
-0.487756,0.345260,0.393572,-15.190000,-58.240002,-88.129997,1770370177.046015
-0.400648,0.448472,0.339648,-9.660000,-68.459999,-87.919998,1770370177.054020
-0.321348,0.519232,0.305488,-12.670000,-76.089996,-85.260002,1770370177.062347
-0.245464,0.539728,0.282552,-11.900000,-81.970001,-81.550003,1770370177.070722
-0.170556,0.512400,0.263276,-11.760000,-81.199997,-67.339996,1770370177.078118
-0.113216,0.471652,0.221308,-5.040000,-79.870003,-48.860001,1770370177.086133
-0.080032,0.410896,0.195444,1.890000,-74.760002,-31.780001,1770370177.094002
-0.063440,0.350872,0.196176,10.990000,-67.339996,-10.570000,1770370177.102024
-0.057584,0.287676,0.219600,25.549999,-55.090000,2.730000,1770370177.110010
-0.061976,0.209108,0.266204,38.849998,-33.740002,16.170000,1770370177.118076
-0.084668,0.136640,0.402844,54.180000,-0.910000,27.790001,1770370177.126064
-0.127124,0.079788,0.637816,63.419998,42.070000,34.720001,1770370177.134181
-0.183732,0.020984,0.904508,64.680000,84.559998,40.459999,1770370177.142028
-0.308904,-0.076372,1.193892,69.510002,116.760002,42.490002,1770370177.150021
-0.487756,-0.223504,1.479128,83.510002,131.250000,41.090000,1770370177.158072
-0.766892,-0.314516,1.702388,101.849998,126.910004,39.689999,1770370177.166045
-1.067256,-0.336232,1.837564,108.220001,108.709999,31.709999,1770370177.174020
-1.258064,-0.332328,1.841224,98.839996,76.019997,21.350000,1770370177.182013
-1.367132,-0.376980,1.799744,81.970001,30.240000,14.070000,1770370177.190039
-1.382260,-0.443592,1.747528,60.480000,-29.469999,-1.190000,1770370177.198114
-1.281732,-0.508252,1.711660,37.869999,-86.940002,-14.700000,1770370177.206021
-1.065792,-0.498248,1.727520,26.879999,-137.970001,-27.370001,1770370177.213996
-0.807152,-0.443836,1.770220,13.300000,-177.029999,-39.410000,1770370177.222348
-0.556808,-0.313540,1.783640,1.260000,-196.419998,-45.919998,1770370177.230160
-0.304756,-0.144692,1.723860,-19.670000,-205.309998,-52.220001,1770370177.238093
-0.098088,-0.003660,1.574288,-43.049999,-205.869995,-59.500000,1770370177.246013
0.094916,0.144692,1.352980,-58.590000,-201.669998,-57.610001,1770370177.254012
0.214476,0.224236,1.119960,-68.739998,-188.649994,-50.470001,1770370177.262035
0.286456,0.269376,0.892308,-68.739998,-172.550003,-34.439999,1770370177.270014
0.312076,0.301096,0.701988,-65.800003,-151.550003,-22.260000,1770370177.278062
0.312076,0.330620,0.579012,-61.459999,-128.240005,-9.030000,1770370177.286008
0.304756,0.365756,0.502396,-51.730000,-104.720001,-2.800000,1770370177.293994
0.287920,0.407968,0.437492,-52.570000,-80.779999,-0.490000,1770370177.302012
0.266448,0.438468,0.359900,-45.639999,-58.099998,-6.020000,1770370177.310004
0.241560,0.449448,0.278404,-42.560001,-39.480000,-8.540000,1770370177.318073
0.220820,0.441884,0.210572,-39.340000,-20.160000,-13.650000,1770370177.326067
0.197640,0.398696,0.169092,-33.110001,-2.520000,-15.260000,1770370177.334015
0.176656,0.331352,0.140788,-29.120001,15.820000,-21.000000,1770370177.342012
0.170556,0.244000,0.126636,-17.010000,31.360001,-23.799999,1770370177.350053
0.169580,0.160308,0.134688,-1.330000,46.759998,-28.350000,1770370177.358134
0.168604,0.098820,0.159820,14.630000,64.330002,-27.370001,1770370177.366007
0.174216,0.036844,0.246440,31.080000,82.739998,-25.690001,1770370177.374000
0.189100,0.004636,0.403088,45.639999,95.760002,-22.889999,1770370177.382018
0.208376,-0.042700,0.639036,56.209999,106.959999,-18.410000,1770370177.390047
0.205692,-0.073688,0.935496,59.430000,121.940002,-18.760000,1770370177.398226
0.221308,-0.103944,1.194380,62.580002,139.160004,-12.670000,1770370177.406015
0.201056,-0.141764,1.397876,66.989998,151.830002,-1.890000,1770370177.414018
0.118340,-0.183488,1.628212,62.020000,159.389999,7.280000,1770370177.422049
0.000000,-0.247416,1.799744,57.750000,159.669998,12.180000,1770370177.430097
-0.174216,-0.331596,1.893684,51.869999,149.240005,13.580000,1770370177.438105
-0.375760,-0.429440,2.006900,39.689999,139.929993,11.130000,1770370177.446018
-0.533384,-0.486048,1.980792,26.180000,128.520004,5.110000,1770370177.454064
-0.653432,-0.473848,1.806576,12.110000,116.410004,-0.770000,1770370177.462024
-0.772016,-0.404064,1.652124,7.210000,104.860001,-9.310000,1770370177.470019
-0.887916,-0.311588,1.550620,1.330000,97.230003,-19.530001,1770370177.478065
-0.986980,-0.172996,1.485716,-3.360000,93.099998,-33.599998,1770370177.486036
-1.051396,-0.073932,1.371768,-13.930000,84.699997,-43.470001,1770370177.494007
-1.073844,-0.003904,1.148508,-23.940001,68.110001,-51.380001,1770370177.502029
-1.070428,0.041480,0.899384,-25.410000,39.549999,-62.230000,1770370177.510182
-1.057496,0.068076,0.699060,-25.200001,9.170000,-73.430000,1770370177.518063
-1.018700,0.111020,0.549488,-17.709999,-19.250000,-83.089996,1770370177.526028
-0.959408,0.164700,0.439444,-1.330000,-42.910000,-91.839996,1770370177.534152
-0.883036,0.257420,0.345016,10.850000,-63.910000,-98.070000,1770370177.542015
-0.755668,0.379664,0.291336,25.549999,-84.070000,-108.360001,1770370177.550008
-0.594872,0.511424,0.278160,30.730000,-105.839996,-107.589996,1770370177.558098
-0.464088,0.647332,0.249124,32.970001,-129.500000,-104.300003,1770370177.566024
-0.350384,0.728584,0.213256,30.100000,-149.449997,-97.230003,1770370177.574098
-0.250832,0.746884,0.184708,21.559999,-167.369995,-87.989998,1770370177.582042
-0.153232,0.722972,0.153720,17.290001,-179.130005,-77.839996,1770370177.590018
-0.077592,0.655872,0.122976,15.890000,-178.570007,-62.090000,1770370177.598076
-0.026840,0.581940,0.124928,17.010000,-165.130005,-49.490002,1770370177.606013
0.032696,0.518988,0.197884,25.410000,-143.710007,-40.180000,1770370177.614048
0.100040,0.457256,0.374296,28.139999,-111.930000,-32.970001,1770370177.622191
0.148108,0.407480,0.622444,34.369999,-69.300003,-28.629999,1770370177.630067
0.189588,0.337940,0.883280,34.790001,-22.469999,-28.070000,1770370177.638059
0.218624,0.247416,1.121668,38.779999,22.049999,-27.860001,1770370177.646006
0.208620,0.128344,1.331996,53.340000,51.310001,-23.309999,1770370177.654060
0.105896,-0.020008,1.629676,70.980003,76.230003,-18.270000,1770370177.662017
-0.061488,-0.107604,2.005680,95.339996,93.519997,-19.670000,1770370177.670017
-0.265960,-0.128100,2.240652,104.300003,103.180000,-15.680000,1770370177.678073
-0.451156,-0.115900,2.212348,97.300003,99.120003,-13.930000,1770370177.686132
-0.561688,-0.127124,2.053016,78.540001,73.779999,-2.310000,1770370177.693998
-0.651968,-0.164944,1.909788,47.459999,33.669998,-0.630000,1770370177.702022
-0.711992,-0.217160,1.797792,12.110000,-12.110000,1.260000,1770370177.710005
-0.711016,-0.289384,1.691652,-20.230000,-56.349998,-4.690000,1770370177.718088
-0.649284,-0.349164,1.606008,-47.389999,-83.510002,-13.370000,1770370177.726035
-0.526796,-0.334524,1.507676,-64.330002,-96.529999,-21.070000,1770370177.734024
-0.407968,-0.253272,1.370060,-80.290001,-97.510002,-28.700001,1770370177.742017
-0.307196,-0.161040,1.202920,-90.089996,-92.959999,-32.200001,1770370177.750013
-0.236680,-0.091744,1.035292,-96.180000,-84.209999,-30.660000,1770370177.758068
-0.182268,-0.016836,0.878888,-94.849998,-75.459999,-26.950001,1770370177.766026
-0.152012,0.041480,0.760060,-86.449997,-68.110001,-16.240000,1770370177.774052
-0.125904,0.100040,0.648552,-81.059998,-58.730000,-11.130000,1770370177.782161
-0.112484,0.164212,0.530456,-70.559998,-57.680000,-2.450000,1770370177.790020
-0.107116,0.216428,0.394060,-62.509998,-56.349998,0.490000,1770370177.798076
-0.095648,0.260836,0.281576,-56.209999,-57.119999,0.700000,1770370177.806017
-0.078324,0.290116,0.206912,-46.759998,-57.540001,3.150000,1770370177.814042
-0.057096,0.284016,0.172996,-39.759998,-54.669998,4.830000,1770370177.822099
-0.021960,0.254736,0.171532,-26.879999,-50.889999,2.590000,1770370177.830026
0.033916,0.219356,0.201300,-15.680000,-45.009998,-3.710000,1770370177.838063
0.086132,0.186904,0.250588,-4.200000,-36.470001,-7.490000,1770370177.846036
0.130540,0.162016,0.298900,11.900000,-24.219999,-7.980000,1770370177.854029
0.174948,0.133468,0.399916,21.980000,-7.070000,-7.840000,1770370177.862015
0.221064,0.118828,0.576816,33.459999,9.940000,-7.280000,1770370177.870017
0.272548,0.112972,0.831064,38.639999,25.129999,-8.540000,1770370177.878070
0.340868,0.116388,1.116544,40.740002,36.189999,-6.020000,1770370177.886013
0.416264,0.089060,1.345416,38.990002,45.220001,1.260000,1770370177.894000
0.463356,-0.000732,1.455216,34.580002,52.009998,10.010000,1770370177.902043
0.508496,-0.092232,1.622600,38.220001,57.119999,24.150000,1770370177.910022
0.523624,-0.185196,1.857084,43.540001,65.029999,35.209999,1770370177.918060
0.441640,-0.262300,1.975668,48.160000,80.779999,48.790001,1770370177.926042
0.281332,-0.298656,1.988600,41.509998,106.889999,56.070000,1770370177.934021
0.131760,-0.292556,1.965420,21.139999,134.399994,63.910000,1770370177.942023
-0.046604,-0.301340,1.877336,-1.540000,161.490005,63.349998,1770370177.950075
-0.310612,-0.321348,1.788276,-15.540000,191.449997,58.939999,1770370177.958093
-0.579744,-0.323544,1.751920,-26.950001,215.320007,40.599998,1770370177.966014
-0.833504,-0.302072,1.666032,-31.850000,227.009995,21.000000,1770370177.974079
-1.040904,-0.253760,1.468636,-38.430000,223.509995,5.180000,1770370177.982015
-1.208044,-0.200080,1.170956,-38.430000,203.000000,-10.640000,1770370177.990019
-1.307352,-0.137372,0.862784,-40.110001,158.270004,-22.889999,1770370177.998140
-1.316380,-0.026352,0.591212,-35.910000,101.430000,-36.470001,1770370178.006144
-1.244156,0.100284,0.414800,-28.000000,39.549999,-37.169998,1770370178.014019
-1.124840,0.188856,0.333792,-17.570000,-11.410000,-42.419998,1770370178.022014
-0.958188,0.221064,0.308904,-7.910000,-46.689999,-42.349998,1770370178.030043
-0.793000,0.230336,0.258152,1.260000,-67.339996,-48.020000,1770370178.038093
-0.648064,0.238632,0.176168,7.070000,-83.300003,-49.630001,1770370178.046029
-0.515084,0.261324,0.078080,14.560000,-96.529999,-46.830002,1770370178.054017
-0.399672,0.302804,0.005368,14.070000,-109.410004,-43.750000,1770370178.062200
-0.294020,0.345748,-0.046116,14.000000,-121.940002,-37.169998,1770370178.070235
-0.185196,0.349408,-0.061488,9.100000,-133.910004,-34.369999,1770370178.078315
-0.110288,0.313540,-0.040016,3.850000,-141.050003,-22.049999,1770370178.086160
-0.052460,0.241072,0.049044,5.110000,-142.380005,-12.110000,1770370178.094013
0.001708,0.153232,0.184952,9.800000,-133.139999,-6.160000,1770370178.102022
0.039528,0.088328,0.366244,24.010000,-112.489998,2.240000,1770370178.110017
0.063440,0.067832,0.603412,39.970001,-80.639999,5.110000,1770370178.118062
0.064172,0.057340,0.875716,57.959999,-41.090000,7.350000,1770370178.126035
0.043432,0.039040,1.130696,68.599998,2.520000,17.080000,1770370178.134010
-0.018300,0.026108,1.316136,71.050003,34.580002,25.200001,1770370178.142021
-0.129320,-0.061244,1.440576,81.550003,46.480000,33.180000,1770370178.150051
-0.267912,-0.118340,1.655296,100.169998,46.270000,29.469999,1770370178.158100
-0.417484,-0.079300,2.043744,111.860001,44.450001,22.610001,1770370178.166016
-0.508740,-0.000976,2.333616,94.080002,38.009998,18.059999,1770370178.174069
-0.513864,-0.042456,2.312144,52.220001,21.280001,16.170000,1770370178.182034
-0.524112,-0.200080,2.137684,20.440001,2.310000,14.140000,1770370178.190010
-0.506056,-0.314028,2.020320,-7.630000,-21.910000,9.240000,1770370178.198091
-0.475800,-0.381616,1.886608,-28.980000,-39.689999,5.180000,1770370178.206011
-0.425048,-0.385520,1.720200,-46.759998,-51.520000,3.360000,1770370178.214011
-0.353800,-0.359412,1.576240,-62.439999,-56.000000,0.280000,1770370178.222075
-0.283528,-0.305488,1.448384,-70.070000,-52.360001,3.290000,1770370178.230018
-0.234240,-0.234728,1.272460,-76.860001,-45.990002,6.440000,1770370178.238125
-0.197640,-0.174948,1.087264,-78.680000,-38.570000,13.300000,1770370178.246012
-0.173972,-0.112728,0.905240,-72.660004,-31.219999,24.920000,1770370178.254012
-0.154208,-0.042456,0.746884,-69.510002,-25.549999,37.660000,1770370178.262037
-0.141764,0.030744,0.627812,-63.560001,-22.820000,49.209999,1770370178.270178
-0.130296,0.090036,0.519476,-59.009998,-22.889999,54.250000,1770370178.278063
-0.126392,0.145912,0.411628,-54.459999,-23.799999,55.720001,1770370178.286017
-0.122488,0.184708,0.311344,-49.209999,-27.719999,56.840000,1770370178.294010
-0.113704,0.233264,0.225212,-45.009998,-29.889999,53.480000,1770370178.302054
-0.105408,0.282308,0.156892,-39.340000,-32.900002,49.910000,1770370178.310014
-0.091256,0.305244,0.110776,-35.139999,-35.910000,45.430000,1770370178.318071
-0.064416,0.323788,0.061732,-24.990000,-36.889999,38.430000,1770370178.326301
-0.034648,0.326716,0.029280,-16.870001,-33.320000,36.889999,1770370178.334069
-0.010004,0.319396,0.037576,-4.480000,-28.840000,31.010000,1770370178.342017
0.021960,0.301096,0.135420,8.960000,-21.000000,23.240000,1770370178.350012
0.072712,0.298900,0.336720,23.100000,-9.380000,17.080000,1770370178.358057
0.110044,0.297924,0.622444,32.060001,5.460000,10.010000,1770370178.366009
0.120780,0.343552,0.962824,40.740002,26.600000,7.560000,1770370178.373996
0.135420,0.347944,1.250256,42.000000,51.169998,5.740000,1770370178.382040
0.136396,0.328180,1.391044,48.230000,71.330002,5.530000,1770370178.390030
0.144204,0.308172,1.501088,50.959999,80.989998,2.940000,1770370178.398076
0.145912,0.284504,1.684576,47.180000,78.330002,11.270000,1770370178.406020
0.159088,0.176656,1.952976,46.060001,71.470001,17.360001,1770370178.414023
0.102968,-0.052948,2.223816,42.419998,65.660004,29.889999,1770370178.422108
0.002684,-0.198128,2.299456,37.660000,76.089996,37.869999,1770370178.430081
-0.090280,-0.305976,2.220156,16.660000,84.910004,49.910000,1770370178.438087
-0.193248,-0.413092,2.088884,-8.120000,98.419998,56.630001,1770370178.446068
-0.335256,-0.516792,1.914668,-26.180000,116.550003,55.090000,1770370178.454029
-0.483852,-0.544852,1.762168,-43.119999,136.500000,48.160000,1770370178.462012
-0.667584,-0.452864,1.582584,-47.110001,153.789993,34.720001,1770370178.470014
-0.810080,-0.483364,1.372256,-57.330002,157.850006,19.110001,1770370178.478057
-0.931592,-0.401868,1.051152,-63.910000,154.699997,7.770000,1770370178.486140
-0.988688,-0.275476,0.755424,-60.689999,136.639999,-1.890000,1770370178.494009
-1.027728,-0.158600,0.584868,-52.990002,104.650002,-8.120000,1770370178.502034
-1.041636,-0.045384,0.483852,-41.930000,67.690002,-12.110000,1770370178.510020
-1.005524,0.029036,0.415044,-34.650002,31.709999,-17.010000,1770370178.518061
-0.920856,0.074176,0.344772,-24.639999,-1.470000,-23.100000,1770370178.526127
-0.807884,0.100528,0.262300,-15.190000,-29.260000,-24.990000,1770370178.534025
-0.682956,0.111264,0.180316,-7.560000,-53.549999,-31.080000,1770370178.542022
-0.566568,0.128100,0.099796,0.000000,-76.300003,-33.529999,1770370178.550156
-0.461160,0.148596,0.039040,3.710000,-94.570000,-32.970001,1770370178.558104
-0.356972,0.184708,-0.013176,4.130000,-108.430000,-32.900002,1770370178.566015
-0.254004,0.203008,-0.041968,7.210000,-122.500000,-28.629999,1770370178.574051
-0.167872,0.183732,-0.030012,2.240000,-132.440002,-20.650000,1770370178.582110
-0.099552,0.129564,0.039772,2.870000,-135.940002,-13.230000,1770370178.590000
-0.047580,0.040504,0.155916,6.230000,-132.020004,-7.070000,1770370178.598500
-0.001708,-0.028548,0.298168,13.090000,-121.379997,-0.070000,1770370178.606024
0.022936,-0.062220,0.500688,26.389999,-99.260002,4.830000,1770370178.614004
0.008296,-0.084912,0.767136,36.400002,-61.110001,5.950000,1770370178.622003
-0.018300,-0.078812,1.023580,48.090000,-15.960000,10.150000,1770370178.630164
-0.099308,-0.094428,1.219756,55.650002,23.730000,17.920000,1770370178.638060
-0.244732,-0.162992,1.356884,67.760002,48.930000,19.600000,1770370178.645998
-0.416752,-0.230580,1.492792,86.870003,56.700001,20.930000,1770370178.654027
-0.631960,-0.224724,1.740208,106.750000,56.560001,16.799999,1770370178.662052
-0.803004,-0.199592,1.998116,104.510002,48.439999,11.690000,1770370178.670024
-0.880596,-0.206668,2.124752,74.550003,31.150000,7.630000,1770370178.678133
-0.813984,-0.276208,2.116944,35.980000,2.870000,6.160000,1770370178.686009
-0.740296,-0.323300,2.116456,9.310000,-32.900002,6.090000,1770370178.694004
-0.649772,-0.356728,2.079856,-13.440000,-64.750000,5.950000,1770370178.702137
-0.530944,-0.321348,1.969568,-30.100000,-84.980003,2.800000,1770370178.710012
-0.399672,-0.249856,1.808040,-47.250000,-97.230003,2.030000,1770370178.718062
-0.263764,-0.167384,1.595760,-60.200001,-100.379997,4.130000,1770370178.726027
-0.151036,-0.095892,1.344196,-66.639999,-100.449997,10.920000,1770370178.734077
-0.071980,-0.042700,1.106052,-71.120003,-98.209999,17.639999,1770370178.742007
-0.012688,-0.003172,0.878156,-66.010002,-92.750000,28.629999,1770370178.750000
0.027084,0.047580,0.691496,-59.430000,-83.860001,38.500000,1770370178.758080
0.065636,0.101504,0.562664,-50.330002,-72.730003,46.340000,1770370178.766012
0.081008,0.172020,0.469212,-40.320000,-61.599998,49.630001,1770370178.774026
0.078812,0.243756,0.377224,-33.669998,-50.119999,51.660000,1770370178.782045
0.076616,0.309392,0.299388,-26.809999,-38.220001,48.650002,1770370178.790018
0.058804,0.372344,0.233752,-26.040001,-25.690001,41.230000,1770370178.798092
0.044164,0.433832,0.162504,-22.190001,-11.270000,33.459999,1770370178.806205
0.027816,0.464088,0.092232,-21.910000,-0.070000,26.740000,1770370178.814016
0.020984,0.472628,0.016104,-18.549999,12.600000,20.090000,1770370178.822017
0.011468,0.462868,-0.038308,-7.420000,21.629999,17.430000,1770370178.830054
0.005856,0.439688,-0.029768,4.410000,30.799999,9.240000,1770370178.838239
0.012688,0.423340,0.074420,17.430000,40.040001,4.690000,1770370178.846012
0.010004,0.305732,0.319152,27.440001,48.369999,3.710000,1770370178.854020
0.001464,0.408456,0.580964,29.680000,62.230000,-3.780000,1770370178.862025
0.008052,0.401136,0.950868,38.290001,73.849998,-1.680000,1770370178.870008
-0.004880,0.313052,1.234152,32.549999,84.070000,-2.100000,1770370178.878060
-0.023668,0.328180,1.395924,40.459999,91.839996,3.710000,1770370178.886113
-0.040992,0.223748,1.560380,43.540001,87.430000,7.140000,1770370178.894006
-0.051484,0.188612,1.726056,41.650002,73.080002,15.540000,1770370178.902019
-0.034160,0.052948,1.994456,43.540001,51.590000,21.000000,1770370178.910037
-0.071492,-0.173972,2.243580,46.200001,36.259998,29.540001,1770370178.918079
-0.120780,-0.329888,2.330688,46.410000,41.299999,34.299999,1770370178.926069
-0.155672,-0.395524,2.247240,29.469999,49.770000,38.220001,1770370178.934027
-0.207156,-0.493368,2.072292,4.550000,66.010002,36.820000,1770370178.942024
-0.258884,-0.555588,1.877580,-9.030000,83.440002,36.540001,1770370178.950015
-0.362096,-0.589260,1.757044,-26.530001,104.650002,28.559999,1770370178.958068
-0.507032,-0.507520,1.629188,-37.099998,125.089996,17.780001,1770370178.966032
-0.640012,-0.388936,1.466440,-44.799999,138.740005,7.420000,1770370178.974016
-0.755668,-0.272792,1.244400,-52.290001,142.169998,-5.040000,1770370178.982019
-0.842044,-0.195200,1.001620,-57.750000,126.139999,-13.230000,1770370178.990070
-0.895480,-0.038308,0.742004,-59.990002,104.720001,-22.190001,1770370178.998179
-0.920368,0.055632,0.561688,-54.529999,76.300003,-27.370001,1770370179.006163
-0.908900,0.122000,0.454816,-45.080002,45.360001,-32.759998,1770370179.014025
-0.860100,0.139080,0.385520,-34.439999,18.620001,-32.410000,1770370179.022218
-0.787632,0.122976,0.330620,-23.450001,-5.390000,-34.230000,1770370179.030203
-0.696132,0.128344,0.269132,-14.980000,-27.790001,-37.730000,1770370179.038161
-0.601704,0.159820,0.192272,-4.480000,-46.200001,-39.410000,1770370179.046020
-0.496296,0.168604,0.132248,4.550000,-65.169998,-39.410000,1770370179.054061
-0.393816,0.231068,0.070760,9.240000,-84.980003,-36.610001,1770370179.062331
-0.288652,0.262300,0.034160,13.510000,-99.750000,-35.139999,1770370179.070802
-0.195444,0.251808,0.016104,12.390000,-114.449997,-32.200001,1770370179.078239
-0.122976,0.180316,0.029768,5.180000,-123.620003,-25.480000,1770370179.086086
-0.073932,0.089060,0.080276,2.450000,-125.019997,-14.140000,1770370179.094049
-0.027816,-0.015860,0.174704,-0.070000,-113.959999,-8.960000,1770370179.102029
0.009516,-0.099552,0.317688,8.190000,-97.860001,0.210000,1770370179.110019
0.028548,-0.151036,0.539728,17.990000,-67.620003,0.070000,1770370179.118223
0.018056,-0.166408,0.817156,27.299999,-26.809999,-0.210000,1770370179.126006
-0.014884,-0.150548,1.079212,45.080002,14.210000,6.090000,1770370179.134032
-0.110532,-0.156648,1.294908,57.750000,49.700001,5.740000,1770370179.142027
-0.263520,-0.198128,1.483276,74.129997,66.709999,11.340000,1770370179.150166
-0.470188,-0.210328,1.678720,91.209999,67.339996,6.440000,1770370179.158096
-0.723216,-0.164944,1.917108,101.989998,61.669998,-1.330000,1770370179.166015
-0.857904,-0.155672,2.036180,87.989998,49.700001,-7.630000,1770370179.174026
-0.881328,-0.198372,1.991284,58.099998,24.780001,-5.740000,1770370179.182161
-0.825940,-0.290116,1.945168,30.660000,-9.310000,-2.310000,1770370179.190006
-0.764208,-0.354288,1.958100,8.400000,-48.720001,-0.280000,1770370179.198069
-0.676124,-0.346480,1.953464,-7.700000,-78.680000,2.240000,1770370179.206012
-0.545340,-0.295484,1.870992,-21.629999,-99.260002,2.870000,1770370179.214012
-0.412116,-0.223748,1.720200,-37.869999,-107.870003,1.190000,1770370179.222153
-0.279136,-0.153232,1.530368,-48.369999,-109.199997,7.000000,1770370179.230026
-0.153720,-0.077104,1.330776,-58.450001,-107.029999,6.860000,1770370179.238062
-0.073200,-0.014640,1.110200,-61.950001,-101.639999,14.490000,1770370179.246016
-0.001220,0.048556,0.903288,-58.240002,-94.080002,19.250000,1770370179.254001
0.057096,0.106628,0.736636,-53.970001,-84.279999,26.530001,1770370179.262014
0.086864,0.172264,0.614392,-44.520000,-74.900002,34.230000,1770370179.270058
0.106384,0.236192,0.534848,-38.639999,-64.889999,36.610001,1770370179.278101
0.111752,0.315980,0.468480,-32.480000,-51.869999,37.169998,1770370179.286011
0.110288,0.385520,0.400404,-28.559999,-39.270000,33.599998,1770370179.294005
0.097112,0.430416,0.332572,-29.190001,-28.000000,33.040001,1770370179.302028
0.077592,0.468236,0.268400,-26.670000,-14.700000,27.440001,1770370179.310054
0.064172,0.481656,0.205448,-27.440001,-2.940000,23.379999,1770370179.318084
0.059780,0.467260,0.128588,-19.250000,6.720000,15.960000,1770370179.326010
0.052704,0.423584,0.061488,-8.190000,15.120000,10.220000,1770370179.334037
0.051484,0.375516,0.044164,4.900000,21.280001,3.570000,1770370179.342149
0.050752,0.358924,0.110532,20.510000,30.030001,-1.680000,1770370179.350012
0.066612,0.330620,0.273280,29.889999,37.450001,-7.420000,1770370179.358060
0.080276,0.307440,0.520940,35.279999,50.330002,-14.490000,1770370179.366008
0.080276,0.369660,0.831552,34.439999,66.290001,-16.940001,1770370179.373998
0.101260,0.349164,1.119472,36.330002,85.540001,-20.650000,1770370179.382073
0.102724,0.322812,1.315160,35.279999,103.529999,-17.990000,1770370179.390003
0.091012,0.261080,1.478396,36.959999,111.860001,-15.960000,1770370179.398086
0.070516,0.191784,1.609912,34.020000,109.059998,-6.580000,1770370179.406047
0.045628,0.055876,1.830732,33.110001,95.550003,-1.750000,1770370179.414016
-0.034892,-0.172996,2.112796,38.080002,81.760002,7.280000,1770370179.422016
-0.161284,-0.311832,2.217716,43.540001,79.449997,5.320000,1770370179.430276
-0.252540,-0.357948,2.156960,31.080000,79.870003,9.590000,1770370179.438069
-0.302316,-0.246684,1.961028,18.549999,79.660004,3.080000,1770370179.446030
-0.361608,-0.334036,1.833904,9.660000,84.559998,-0.630000,1770370179.454019
-0.436272,-0.469700,1.757776,-11.760000,99.889999,0.840000,1770370179.462022
-0.546804,-0.566324,1.638216,-34.790001,114.730003,-0.070000,1770370179.470105
-0.666608,-0.566568,1.448872,-50.470001,126.209999,-8.400000,1770370179.478059
-0.756888,-0.499956,1.204872,-56.980000,126.279999,-17.500000,1770370179.486016
-0.825208,-0.363804,0.943548,-57.680000,113.889999,-26.180000,1770370179.494010
-0.868640,-0.217892,0.727120,-54.320000,92.190002,-33.110001,1770370179.502032
-0.882792,-0.108824,0.569252,-44.310001,65.379997,-36.610001,1770370179.510019
-0.871324,-0.038552,0.470676,-32.340000,41.299999,-40.529999,1770370179.518064
-0.836188,0.008540,0.406992,-20.580000,21.840000,-42.560001,1770370179.526043
-0.763720,0.059292,0.350140,-11.270000,1.470000,-47.950001,1770370179.534040
-0.670024,0.108336,0.288164,-6.860000,-18.549999,-50.610001,1770370179.542042
-0.582184,0.163480,0.206668,-1.680000,-39.130001,-53.900002,1770370179.550208
-0.490196,0.214720,0.147376,-1.260000,-58.590000,-53.130001,1770370179.558126
-0.387960,0.238388,0.114924,-0.350000,-78.959999,-50.400002,1770370179.566015
-0.307196,0.226920,0.096136,0.560000,-94.639999,-46.900002,1770370179.574015
-0.226920,0.195444,0.092720,-1.330000,-105.629997,-40.040001,1770370179.582062
-0.166896,0.132248,0.116876,2.170000,-111.650002,-29.260000,1770370179.590018
-0.130540,0.070516,0.192760,11.200000,-110.739998,-20.230000,1770370179.598071
-0.097844,0.015616,0.325740,23.309999,-99.400002,-13.790000,1770370179.606009
-0.085400,-0.017324,0.518744,38.570000,-76.089996,-7.630000,1770370179.614011
-0.089792,-0.034648,0.753228,49.279999,-43.119999,-4.200000,1770370179.622114
-0.122488,-0.044164,0.995520,60.970001,-3.500000,0.700000,1770370179.630036
-0.194956,-0.055388,1.223660,71.190002,29.469999,-0.560000,1770370179.638148
-0.318176,-0.076616,1.421788,79.449997,45.570000,-0.210000,1770370179.646021
-0.508496,-0.091744,1.530124,93.449997,45.290001,-5.250000,1770370179.654090
-0.732732,-0.082228,1.603812,94.220001,38.570000,-16.170000,1770370179.662000
-0.852048,-0.088328,1.698484,81.760002,26.250000,-22.889999,1770370179.670020
-0.865956,-0.135420,1.764608,57.750000,1.960000,-32.340000,1770370179.678059
-0.786412,-0.241316,1.827316,34.650002,-27.020000,-33.110001,1770370179.686121
-0.676368,-0.345260,1.848300,19.670000,-60.689999,-27.580000,1770370179.694012
-0.530944,-0.389424,1.870748,3.640000,-90.160004,-20.790001,1770370179.702018
-0.393084,-0.360876,1.869528,-6.860000,-109.339996,-15.960000,1770370179.710019
-0.263276,-0.286212,1.787056,-20.299999,-114.870003,-8.960000,1770370179.718062
-0.135664,-0.188856,1.663104,-35.209999,-110.529999,-5.110000,1770370179.726037
-0.034648,-0.114192,1.442772,-46.130001,-101.709999,5.110000,1770370179.734171
0.034648,-0.043188,1.194868,-56.000000,-89.250000,12.810000,1770370179.742020
0.077348,0.027816,0.945500,-52.919998,-78.610001,23.730000,1770370179.750029
0.099064,0.096868,0.738344,-49.910000,-66.989998,35.070000,1770370179.758123
0.111752,0.180072,0.582672,-44.799999,-53.689999,42.490002,1770370179.765999
0.109556,0.268156,0.486048,-37.450001,-40.599998,47.110001,1770370179.774078
0.104676,0.355752,0.420168,-33.110001,-28.209999,43.889999,1770370179.782022
0.094672,0.447252,0.362584,-29.190001,-15.260000,38.990002,1770370179.789999
0.069052,0.522648,0.319152,-26.809999,-3.220000,29.750000,1770370179.798084
0.044652,0.572424,0.255468,-24.570000,12.530000,23.309999,1770370179.806014
0.018788,0.580476,0.141032,-19.250000,25.270000,16.100000,1770370179.814095
-0.008784,0.552416,0.026108,-11.200000,36.400002,7.910000,1770370179.822038
-0.030256,0.493612,-0.040748,-4.410000,44.310001,3.150000,1770370179.830056
-0.033184,0.444568,-0.020252,10.570000,47.880001,-3.010000,1770370179.838148
-0.040016,0.406504,0.109800,21.209999,52.360001,-10.220000,1770370179.846029
-0.049776,0.424804,0.341112,35.560001,56.349998,-14.140000,1770370179.854018
-0.061244,0.425536,0.701256,39.689999,67.199997,-16.870001,1770370179.862068
-0.071492,0.425048,1.025776,40.740002,79.870003,-21.070000,1770370179.870010
-0.093208,0.395768,1.251964,41.299999,90.580002,-20.440001,1770370179.878079
-0.149328,0.332572,1.459120,42.630001,100.099998,-19.740000,1770370179.886012
-0.235460,0.262788,1.624064,39.410000,96.110001,-11.970000,1770370179.894020
-0.343308,0.154696,1.854644,34.650002,79.029999,-6.020000,1770370179.902035
-0.427732,-0.051484,2.139880,41.650002,57.119999,-0.420000,1770370179.910026
-0.490440,-0.221552,2.219180,50.330002,43.680000,10.010000,1770370179.918062
-0.493124,-0.197640,2.094740,44.099998,31.150000,18.200001,1770370179.926019
-0.474336,-0.280112,1.951268,29.120001,19.180000,25.270000,1770370179.934101
-0.462136,-0.348432,1.805844,9.590000,24.850000,36.400002,1770370179.942038
-0.508740,-0.557052,1.783640,-12.880000,37.380001,37.660000,1770370179.950030
-0.573888,-0.648064,1.734840,-34.650002,55.580002,26.950001,1770370179.958069
-0.657824,-0.661728,1.649684,-48.299999,73.570000,18.760000,1770370179.966015
-0.747616,-0.580964,1.484496,-56.209999,81.410004,8.470000,1770370179.974068
-0.819596,-0.456768,1.255136,-63.770000,78.400002,2.870000,1770370179.982021
-0.852048,-0.279380,0.976976,-64.750000,63.349998,-7.770000,1770370179.990051
-0.842776,-0.121268,0.774456,-60.970001,37.520000,-12.530000,1770370179.998109
-0.819108,0.008784,0.640500,-54.529999,12.180000,-22.750000,1770370180.006135
-0.766160,0.066124,0.565592,-47.389999,-10.500000,-28.070000,1770370180.014017
-0.686372,0.083204,0.490684,-40.880001,-26.459999,-33.740002,1770370180.022014
-0.603656,0.078324,0.404308,-26.879999,-42.349998,-37.240002,1770370180.030047
-0.514840,0.086376,0.306952,-19.459999,-52.220001,-41.090000,1770370180.038093
-0.427000,0.103212,0.227652,-10.850000,-61.950001,-43.750000,1770370180.046015
-0.354532,0.140056,0.154940,-6.020000,-71.680000,-46.130001,1770370180.054034
-0.282308,0.174948,0.101748,-3.920000,-81.760002,-46.900002,1770370180.062338
-0.210084,0.200324,0.074664,-2.100000,-92.330002,-43.259998,1770370180.070213
-0.144692,0.186904,0.071980,-2.240000,-100.169998,-38.430000,1770370180.078086
-0.083936,0.134932,0.086620,-1.890000,-106.190002,-34.720001,1770370180.086017
-0.039772,0.064172,0.127368,3.570000,-109.269997,-24.360001,1770370180.094105
-0.008296,-0.009272,0.218624,12.460000,-104.300003,-19.180000,1770370180.102029
0.015616,-0.066124,0.368684,24.290001,-92.120003,-9.940000,1770370180.110021
0.026352,-0.110044,0.589748,37.730000,-68.110001,-8.960000,1770370180.118085
0.015128,-0.110532,0.850828,46.549999,-31.920000,-4.340000,1770370180.126008
-0.031476,-0.113216,1.099464,53.759998,7.700000,-0.070000,1770370180.134078
-0.115656,-0.130052,1.276120,61.529999,37.029999,1.820000,1770370180.142020
-0.255224,-0.157136,1.426912,67.339996,49.910000,1.260000,1770370180.150056
-0.411628,-0.181780,1.520364,72.449997,46.830002,-3.500000,1770370180.158069
-0.579256,-0.158844,1.619184,76.790001,39.270000,-9.310000,1770370180.166015
-0.693204,-0.132980,1.717760,67.830002,30.450001,-17.639999,1770370180.173998
-0.716384,-0.147376,1.761192,46.549999,14.560000,-24.430000,1770370180.182022
-0.641720,-0.227164,1.806332,26.879999,-8.260000,-23.660000,1770370180.190073
-0.558272,-0.289872,1.864648,9.520000,-34.930000,-20.299999,1770370180.198070
-0.475556,-0.295728,1.923940,-4.410000,-58.240002,-15.890000,1770370180.206013
-0.367708,-0.283772,1.907836,-17.360001,-74.620003,-11.550000,1770370180.214021
-0.257664,-0.221064,1.807064,-32.200001,-82.320000,-7.840000,1770370180.222070
-0.142252,-0.134688,1.627724,-45.220001,-81.410004,-2.310000,1770370180.230008
-0.057096,-0.062220,1.412028,-54.529999,-77.070000,6.650000,1770370180.238092
0.001220,0.008540,1.171688,-60.759998,-68.459999,16.940001,1770370180.246012
0.039528,0.069296,0.942328,-57.889999,-58.869999,29.120001,1770370180.254094
0.065392,0.132004,0.749324,-57.330002,-47.599998,37.520000,1770370180.262018
0.084424,0.196176,0.599020,-46.410000,-36.610001,43.750000,1770370180.269996
0.067344,0.272548,0.493124,-40.320000,-26.459999,48.230000,1770370180.278085
0.061244,0.339892,0.404552,-35.419998,-15.120000,43.400002,1770370180.286003
0.047336,0.393816,0.335500,-28.350000,-4.060000,42.070000,1770370180.294026
0.023912,0.457500,0.278648,-28.420000,8.190000,33.669998,1770370180.302014
-0.005368,0.501420,0.232776,-24.010000,19.180000,26.530001,1770370180.310011
-0.021472,0.513376,0.166896,-21.910000,28.490000,21.280001,1770370180.318056
-0.025132,0.492880,0.109312,-15.680000,34.580002,11.270000,1770370180.326009
-0.055144,0.427732,0.056120,-11.690000,39.480000,10.150000,1770370180.334046
-0.040260,0.370392,0.076128,3.430000,39.689999,0.350000,1770370180.342010
-0.047824,0.334768,0.175924,18.690001,43.610001,-4.620000,1770370180.350013
-0.036600,0.339160,0.362340,26.389999,48.860001,-8.540000,1770370180.358073
-0.038064,0.337940,0.645136,31.850000,57.610001,-15.610000,1770370180.366092
-0.035380,0.345016,0.916952,32.970001,70.980003,-18.270000,1770370180.374003
-0.029280,0.316956,1.162660,34.299999,83.440002,-21.910000,1770370180.382029
-0.038064,0.284016,1.382504,38.779999,95.339996,-19.180000,1770370180.390016
-0.084424,0.225212,1.548180,39.340000,95.690002,-16.730000,1770370180.398072
-0.165188,0.124684,1.738500,35.490002,87.919998,-10.220000,1770370180.406079
-0.240584,-0.056120,1.980304,36.680000,74.690002,-5.460000,1770370180.414029
-0.337940,-0.260348,2.140856,47.320000,65.589996,-1.540000,1770370180.422043
-0.376248,-0.292068,2.150128,52.570000,52.919998,-5.180000,1770370180.430016
-0.402112,-0.356240,2.068144,29.400000,50.400002,0.700000,1770370180.438105
-0.419436,-0.444324,1.906616,6.790000,54.389999,7.140000,1770370180.446017
-0.469944,-0.524844,1.787300,-7.350000,65.449997,13.300000,1770370180.454024
-0.547292,-0.572912,1.733132,-24.360001,78.540001,12.460000,1770370180.462018
-0.660508,-0.551684,1.649440,-37.310001,87.639999,7.350000,1770370180.470106
-0.758108,-0.515328,1.470832,-48.439999,93.519997,-2.870000,1770370180.478078
-0.833504,-0.446520,1.202920,-54.880001,89.669998,-8.330000,1770370180.486017
-0.880840,-0.341356,0.943304,-59.290001,74.199997,-16.030001,1770370180.494071
-0.893528,-0.196664,0.728584,-56.209999,51.029999,-18.969999,1770370180.502047
-0.884988,-0.074908,0.597312,-48.230000,27.510000,-27.790001,1770370180.510023
-0.852292,0.008052,0.521428,-38.290001,3.920000,-31.500000,1770370180.518067
-0.798124,0.042944,0.465308,-28.770000,-12.390000,-34.020000,1770370180.526030
-0.720044,0.066612,0.404308,-18.340000,-26.389999,-38.639999,1770370180.534299
-0.635376,0.084424,0.338916,-15.120000,-39.900002,-41.090000,1770370180.542055
-0.546804,0.112728,0.254004,-5.110000,-54.880001,-45.779999,1770370180.550022
-0.467260,0.160552,0.175924,-0.560000,-71.540001,-49.419998,1770370180.558079
-0.371124,0.221796,0.110288,2.310000,-89.180000,-46.480000,1770370180.566049
-0.278404,0.255468,0.071492,6.580000,-104.300003,-46.130001,1770370180.574124
-0.202032,0.236436,0.063684,7.560000,-115.709999,-40.880001,1770370180.582018
-0.133712,0.171044,0.083692,8.120000,-124.040001,-35.560001,1770370180.590018
-0.086620,0.094184,0.145912,11.340000,-125.370003,-25.760000,1770370180.598132
-0.042944,0.026596,0.249856,19.530001,-117.949997,-20.719999,1770370180.606110
-0.000976,-0.014640,0.392352,30.870001,-100.169998,-16.730000,1770370180.614015
0.024156,-0.037576,0.609024,41.090000,-69.230003,-10.640000,1770370180.621999
0.017324,-0.048556,0.863516,53.549999,-29.400000,-8.050000,1770370180.630015
-0.015860,-0.055144,1.061888,63.910000,11.270000,-2.100000,1770370180.638079
-0.102968,-0.084424,1.236836,75.389999,41.930000,-0.630000,1770370180.646029
-0.249124,-0.122488,1.392996,93.309998,55.930000,3.570000,1770370180.654025
-0.443836,-0.119804,1.571116,111.510002,57.470001,-0.980000,1770370180.662044
-0.636840,-0.074420,1.819508,115.150002,50.119999,-6.720000,1770370180.670104
-0.756644,-0.073932,1.962736,91.839996,38.290001,-11.270000,1770370180.678165
-0.782264,-0.149816,1.992992,62.439999,17.920000,-15.890000,1770370180.686000
-0.745420,-0.273280,1.974448,32.619999,-15.820000,-13.860000,1770370180.694003
-0.681736,-0.376248,1.952000,13.300000,-49.980000,-8.960000,1770370180.702141
-0.595116,-0.390400,1.922476,-4.900000,-77.559998,-4.690000,1770370180.710010
-0.477508,-0.344528,1.846348,-17.570000,-98.279999,-6.020000,1770370180.718112
-0.356484,-0.259372,1.712392,-34.090000,-106.190002,-2.100000,1770370180.726027
-0.238144,-0.176168,1.531832,-46.480000,-106.050003,-0.210000,1770370180.734042
-0.134688,-0.094672,1.311744,-56.209999,-100.379997,1.960000,1770370180.742020
-0.064660,-0.023668,1.075308,-59.430000,-94.080002,9.590000,1770370180.750120
-0.006344,0.049532,0.864736,-59.080002,-84.769997,15.260000,1770370180.758077
0.036600,0.115168,0.716384,-52.360001,-73.500000,25.620001,1770370180.766050
0.067100,0.192760,0.609756,-46.270000,-62.230000,29.330000,1770370180.774082
0.081252,0.280356,0.535092,-40.669998,-47.669998,33.250000,1770370180.782002
0.083448,0.345016,0.469456,-35.980000,-35.910000,34.439999,1770370180.790026
0.082960,0.417728,0.399184,-33.880001,-24.780001,33.250000,1770370180.798169
0.070516,0.467260,0.337940,-29.190001,-14.910000,32.480000,1770370180.806077
0.044408,0.491660,0.284504,-26.320000,-4.900000,26.110001,1770370180.814016
0.023668,0.485072,0.206912,-23.309999,4.690000,25.480000,1770370180.822019
0.006344,0.382592,0.135664,-18.549999,12.810000,19.110001,1770370180.830019
0.005124,0.395036,0.040260,-9.100000,17.219999,12.180000,1770370180.838203
0.008540,0.333792,0.026108,5.320000,21.000000,4.970000,1770370180.846056
0.010248,0.302804,0.092476,18.969999,24.430000,0.000000,1770370180.854017
0.038308,0.301096,0.250344,28.070000,30.170000,-7.490000,1770370180.862024
0.049044,0.295240,0.521184,37.520000,38.009998,-11.130000,1770370180.870036
0.061732,0.354044,0.841068,37.520000,50.820000,-14.980000,1770370180.878136
0.072956,0.357948,1.125328,34.580002,70.419998,-17.709999,1770370180.886015
0.083448,0.310856,1.319796,34.650002,89.110001,-18.059999,1770370180.894027
0.078812,0.256200,1.480348,33.529999,101.639999,-14.350000,1770370180.902074
0.031964,0.168360,1.589172,30.309999,103.320000,-6.160000,1770370180.910017
-0.017080,0.008052,1.759972,28.209999,96.320000,-2.240000,1770370180.918064
-0.066124,-0.240096,2.009340,32.200001,85.540001,3.500000,1770370180.926010
-0.191540,-0.345992,2.135732,51.099998,80.779999,7.350000,1770370180.934161
-0.272792,-0.446032,2.168184,43.750000,78.540001,5.390000,1770370180.942020
-0.334280,-0.519720,2.047404,27.860001,82.320000,13.160000,1770370180.950019
-0.407724,-0.546072,1.850252,9.310000,93.099998,20.230000,1770370180.958091
-0.508496,-0.549488,1.742160,-7.210000,104.650002,22.820000,1770370180.966179
-0.640744,-0.517768,1.674816,-21.770000,113.190002,16.660000,1770370180.974046
-0.786168,-0.455792,1.598932,-37.240002,123.620003,8.120000,1770370180.982022
-0.905240,-0.350384,1.437892,-46.340000,124.949997,-0.350000,1770370180.990022
-0.992348,-0.239120,1.176812,-55.020000,114.730003,-8.470000,1770370180.998102
-1.045296,-0.124196,0.907192,-60.130001,94.290001,-13.580000,1770370181.006027
-1.073844,-0.004392,0.678076,-56.209999,61.459999,-15.820000,1770370181.014071
-1.060912,0.109312,0.516792,-52.009998,30.240000,-19.600000,1770370181.022020
-1.014796,0.152012,0.417972,-43.959999,-0.770000,-23.170000,1770370181.030084
-0.943548,0.142740,0.349408,-33.599998,-26.670000,-23.379999,1770370181.038103
-0.838872,0.137616,0.289384,-24.430000,-48.369999,-29.540001,1770370181.046024
-0.725168,0.136884,0.227164,-13.370000,-69.019997,-35.139999,1770370181.054016
-0.611464,0.166408,0.147864,-6.650000,-87.639999,-39.549999,1770370181.062201
-0.502152,0.214720,0.087840,-2.030000,-107.309998,-42.630001,1770370181.070209
-0.383080,0.272304,0.033672,-2.240000,-126.910004,-45.570000,1770370181.078161
-0.267180,0.333304,-0.018300,-7.700000,-146.720001,-42.560001,1770370181.086108
-0.175436,0.335500,-0.050996,-10.500000,-162.610001,-36.259998,1770370181.094029
-0.102724,0.283284,-0.040016,-15.470000,-172.479996,-28.700001,1770370181.102019
-0.033672,0.203984,0.020984,-13.020000,-174.369995,-19.530001,1770370181.110191
0.021716,0.112972,0.132736,-5.740000,-164.009995,-13.230000,1770370181.118129
0.077348,0.031720,0.317688,8.330000,-141.190002,-7.420000,1770370181.126005
0.134932,-0.030744,0.570472,28.770000,-104.860001,-6.020000,1770370181.134103
0.168116,-0.072956,0.845704,41.860001,-57.119999,-7.490000,1770370181.142052
0.160308,-0.087108,1.067012,58.310001,-9.030000,-1.750000,1770370181.150020
0.099796,-0.096624,1.234396,72.309998,33.389999,1.120000,1770370181.158074
-0.004148,-0.128832,1.424716,89.529999,57.259998,1.470000,1770370181.166023
-0.126636,-0.142740,1.689944,109.199997,66.989998,2.520000,1770370181.174058
-0.292312,-0.076616,2.067900,118.160004,69.650002,-3.220000,1770370181.182011
-0.447252,-0.074664,2.301164,95.970001,62.930000,-4.550000,1770370181.189995
-0.494100,-0.188856,2.201856,56.000000,46.480000,-7.980000,1770370181.198102
-0.505324,-0.337696,2.049600,28.420000,20.510000,-3.010000,1770370181.206128
-0.508252,-0.426268,1.983476,10.570000,-8.470000,0.700000,1770370181.214015
-0.504836,-0.417972,1.915644,-6.440000,-34.020000,1.470000,1770370181.222010
-0.457012,-0.343796,1.834636,-20.650000,-52.570000,1.960000,1770370181.230006
-0.390644,-0.242780,1.717272,-39.340000,-62.580002,1.330000,1770370181.238058
-0.310856,-0.161772,1.551840,-54.950001,-64.959999,1.960000,1770370181.246009
-0.239364,-0.089060,1.353468,-63.139999,-63.000000,2.380000,1770370181.254009
-0.184708,-0.028304,1.130696,-68.809998,-59.570000,7.560000,1770370181.262014
-0.139080,0.023668,0.912316,-64.470001,-54.250000,13.510000,1770370181.270019
-0.089792,0.081008,0.746396,-58.240002,-49.910000,22.400000,1770370181.278141
-0.050020,0.146888,0.632448,-50.889999,-44.799999,29.469999,1770370181.286008
-0.037576,0.218624,0.548268,-42.980000,-41.369999,36.330002,1770370181.293999
-0.023912,0.284016,0.488732,-42.419998,-37.240002,36.330002,1770370181.302032
-0.019032,0.343552,0.422120,-38.570000,-32.689999,36.959999,1770370181.310016
-0.018544,0.400892,0.351116,-38.009998,-29.049999,35.279999,1770370181.318062
-0.021472,0.435052,0.286700,-39.200001,-23.590000,33.599998,1770370181.326046
-0.015860,0.439444,0.226188,-33.599998,-18.480000,32.270000,1770370181.334022
-0.018300,0.391376,0.152988,-30.100000,-11.690000,26.530001,1770370181.342023
-0.010004,0.340624,0.089304,-17.570000,-9.590000,21.910000,1770370181.350008
0.007320,0.297924,0.057096,-3.220000,-5.950000,13.160000,1770370181.358056
0.027084,0.276940,0.099796,16.870001,0.840000,7.280000,1770370181.366017
0.058316,0.260348,0.247416,30.309999,10.080000,5.670000,1770370181.374009
0.088328,0.270352,0.486780,42.209999,23.379999,-3.570000,1770370181.382088
0.114924,0.298900,0.824232,46.900002,41.509998,-2.870000,1770370181.390020
0.147620,0.335744,1.149728,46.060001,63.490002,-11.970000,1770370181.398093
0.174704,0.346480,1.339072,43.959999,84.980003,-11.970000,1770370181.405999
0.185928,0.306220,1.453264,43.330002,98.209999,-10.570000,1770370181.414023
0.162748,0.217648,1.563308,35.000000,102.760002,-0.420000,1770370181.422055
0.142252,0.061976,1.753384,31.430000,96.879997,9.100000,1770370181.430062
0.064416,-0.191540,1.985916,37.730000,89.110001,15.960000,1770370181.438087
-0.071980,-0.372344,2.108892,40.529999,91.209999,23.660000,1770370181.446091
-0.188612,-0.443104,2.099620,33.740002,95.760002,24.080000,1770370181.454024
-0.287676,-0.502884,2.006900,16.520000,103.389999,29.540001,1770370181.462025
-0.391620,-0.593408,1.880264,3.290000,114.239998,35.490002,1770370181.470007
-0.530700,-0.628056,1.769000,-14.070000,126.839996,30.379999,1770370181.478084
-0.688324,-0.606096,1.672376,-28.350000,137.619995,18.340000,1770370181.486033
-0.839360,-0.514108,1.556720,-37.099998,141.610001,7.980000,1770370181.494148
-0.951600,-0.370148,1.376648,-45.990002,137.970001,-3.710000,1770370181.502016
-1.022116,-0.220332,1.113372,-53.060001,122.709999,-10.220000,1770370181.510191
-1.048712,-0.059048,0.822280,-55.930000,91.980003,-17.290001,1770370181.518062
-1.043344,0.055632,0.593896,-52.849998,57.259998,-20.299999,1770370181.526012
-1.015772,0.120048,0.457988,-43.259998,21.559999,-22.680000,1770370181.534025
-0.953552,0.138348,0.391864,-35.419998,-5.460000,-23.660000,1770370181.542034
-0.854000,0.148352,0.330376,-25.200001,-29.260000,-27.510000,1770370181.550093
-0.736148,0.154696,0.269864,-16.030001,-51.240002,-32.200001,1770370181.558083
-0.621712,0.178608,0.191784,-8.890000,-66.430000,-36.470001,1770370181.566033
-0.511668,0.221308,0.125904,-3.920000,-82.949997,-40.040001,1770370181.574087
-0.410896,0.268888,0.066612,-4.270000,-97.650002,-39.619999,1770370181.582032
-0.303048,0.305976,0.025864,-3.010000,-111.860001,-37.310001,1770370181.590019
-0.213256,0.294752,0.011224,-6.580000,-123.480003,-35.419998,1770370181.598097
-0.129076,0.233020,0.028060,-7.140000,-130.899994,-26.180000,1770370181.605993
-0.081496,0.135664,0.084180,-2.310000,-133.630005,-16.520000,1770370181.614101
-0.040992,0.048068,0.181780,3.360000,-127.610001,-7.980000,1770370181.622003
-0.004636,-0.014640,0.313784,20.440001,-112.489998,-0.840000,1770370181.630015
0.020984,-0.047092,0.519720,37.799999,-85.400002,1.470000,1770370181.638205
0.023180,-0.051484,0.781776,50.680000,-48.580002,4.480000,1770370181.645973
-0.009272,-0.048068,1.034072,64.190002,-4.060000,8.470000,1770370181.654018
-0.089060,-0.065880,1.251232,70.839996,31.920000,14.770000,1770370181.662015
-0.220332,-0.118584,1.414712,83.860001,51.939999,14.070000,1770370181.670059
-0.407236,-0.168116,1.567212,99.610001,56.490002,10.360000,1770370181.678106
-0.611220,-0.141764,1.786568,107.379997,51.099998,3.990000,1770370181.686017
-0.749324,-0.136640,1.945168,91.769997,41.020000,-5.180000,1770370181.694019
-0.783484,-0.207400,1.972496,62.790001,21.559999,-9.520000,1770370181.702034
-0.716140,-0.336964,1.960296,34.439999,-11.900000,-7.070000,1770370181.710012
-0.643916,-0.440908,1.939556,12.320000,-47.250000,-4.270000,1770370181.718092
-0.550952,-0.461648,1.924916,-2.870000,-79.099998,1.470000,1770370181.726010
-0.439932,-0.397964,1.888804,-15.330000,-98.070000,1.470000,1770370181.734126
-0.321348,-0.304024,1.793156,-33.110001,-104.930000,4.060000,1770370181.742026
-0.201788,-0.210572,1.644804,-47.389999,-101.849998,5.530000,1770370181.750017
-0.102724,-0.126880,1.429352,-58.520000,-94.150002,11.270000,1770370181.758068
-0.040016,-0.059292,1.194868,-65.099998,-82.669998,17.219999,1770370181.766107
0.003416,0.008052,0.973804,-63.910000,-72.099998,24.639999,1770370181.774049
0.030256,0.081496,0.782264,-58.660000,-58.799999,35.630001,1770370181.782018
0.046848,0.157868,0.665144,-53.970001,-48.439999,42.279999,1770370181.790015
0.048556,0.241316,0.580720,-45.639999,-38.430000,47.320000,1770370181.798074
0.035136,0.322080,0.513132,-43.330002,-28.350000,46.759998,1770370181.805993
0.029280,0.396744,0.437492,-38.360001,-20.230000,46.480000,1770370181.814088
0.015616,0.456524,0.359900,-36.119999,-15.120000,41.299999,1770370181.822056
-0.006832,0.502640,0.297436,-34.230000,-9.940000,37.310001,1770370181.830066
-0.028060,0.526796,0.211060,-35.980000,-4.900000,33.250000,1770370181.838079
-0.035136,0.503860,0.135908,-32.689999,-0.770000,24.990000,1770370181.846101
-0.037088,0.455792,0.059292,-23.309999,2.870000,19.250000,1770370181.854014
-0.035380,0.400892,0.003660,-10.570000,9.590000,14.280000,1770370181.862015
-0.026840,0.364536,0.021228,8.540000,14.490000,9.450000,1770370181.870008
-0.007076,0.333548,0.154208,24.290001,22.610001,0.490000,1770370181.878092
0.016348,0.334280,0.404796,34.509998,33.320000,-7.210000,1770370181.886037
0.026108,0.346236,0.753472,42.910000,48.580002,-9.520000,1770370181.894024
0.045384,0.353556,1.102636,44.310001,66.779999,-16.030001,1770370181.901995
0.058560,0.325984,1.363960,44.730000,83.790001,-15.050000,1770370181.910019
0.057828,0.294264,1.525732,43.750000,92.750000,-14.490000,1770370181.918064
0.036356,0.217160,1.637728,35.419998,91.839996,-1.960000,1770370181.926032
0.009272,0.100040,1.819020,35.419998,79.800003,7.980000,1770370181.934018
-0.023424,-0.063928,2.039596,43.330002,63.560001,15.750000,1770370181.942035
-0.123708,-0.285480,2.154276,50.330002,58.660000,26.879999,1770370181.950075
-0.183732,-0.366488,2.121824,37.450001,59.080002,30.590000,1770370181.958064
-0.230580,-0.464820,1.976156,16.309999,69.440002,35.419998,1770370181.966023
-0.294020,-0.570716,1.802184,-1.820000,86.449997,41.930000,1770370181.974054
-0.399184,-0.627568,1.699948,-21.350000,104.790001,39.549999,1770370181.982025
-0.549976,-0.615612,1.656516,-35.139999,122.639999,31.150000,1770370181.990067
-0.698572,-0.536312,1.590636,-45.430000,135.729996,19.809999,1770370181.998068
-0.832772,-0.403088,1.438868,-54.669998,142.520004,9.100000,1770370182.006010
-0.929396,-0.254004,1.196820,-59.220001,133.839996,-2.590000,1770370182.014062
-0.977952,-0.099064,0.925980,-62.299999,111.089996,-7.280000,1770370182.022031
-0.999424,0.020252,0.683688,-59.990002,81.900002,-13.370000,1770370182.030020
-0.993080,0.084912,0.523868,-53.200001,46.900002,-18.059999,1770370182.038420
-0.952820,0.116388,0.434564,-43.750000,20.020000,-21.559999,1770370182.046026
-0.878400,0.122732,0.353312,-30.799999,-4.830000,-27.440001,1770370182.054016
-0.777384,0.126392,0.274012,-22.190001,-24.709999,-28.980000,1770370182.062202
-0.671488,0.133468,0.203252,-10.640000,-42.560001,-32.970001,1770370182.070213
-0.559492,0.150060,0.150792,-4.690000,-62.369999,-33.459999,1770370182.078274
-0.462136,0.187880,0.101260,-0.770000,-78.680000,-33.669998,1770370182.086026
-0.360632,0.223016,0.066856,2.310000,-97.230003,-31.570000,1770370182.094159
-0.270108,0.229848,0.044896,0.980000,-109.059998,-28.629999,1770370182.101995
-0.198372,0.184220,0.047092,-1.330000,-120.540001,-24.360001,1770370182.110018
-0.130052,0.113460,0.064172,-1.120000,-129.289993,-17.150000,1770370182.118053
-0.081008,0.027816,0.134444,1.540000,-129.500000,-10.010000,1770370182.125998
-0.038796,-0.036356,0.248636,13.440000,-120.260002,-0.280000,1770370182.134132
-0.006100,-0.065148,0.420412,27.230000,-102.620003,2.450000,1770370182.142038
0.013908,-0.082716,0.687592,41.439999,-70.349998,7.000000,1770370182.150169
0.003904,-0.084180,0.955992,49.279999,-30.660000,9.100000,1770370182.158102
-0.043432,-0.102480,1.162172,58.939999,10.360000,11.340000,1770370182.166019
-0.156160,-0.148596,1.322968,71.400002,39.340000,13.860000,1770370182.174062
-0.320128,-0.188856,1.454972,83.650002,54.459999,12.600000,1770370182.182017
-0.526308,-0.178364,1.599420,97.650002,53.480000,8.120000,1770370182.190011
-0.745908,-0.141032,1.776320,91.000000,47.810001,-3.780000,1770370182.198059
-0.830332,-0.171288,1.847812,68.739998,35.000000,-11.130000,1770370182.205994
-0.812276,-0.254004,1.867088,43.959999,8.050000,-16.030001,1770370182.213998
-0.723460,-0.372588,1.896124,21.840000,-30.240000,-11.970000,1770370182.222015
-0.633912,-0.436272,1.927112,8.960000,-67.339996,-9.380000,1770370182.230045
-0.513620,-0.417728,1.926136,-1.890000,-93.870003,-6.440000,1770370182.238125
-0.382592,-0.340136,1.865136,-15.050000,-108.080002,-4.690000,1770370182.246018
-0.252784,-0.223260,1.757288,-25.340000,-110.529999,-4.690000,1770370182.254097
-0.128832,-0.110776,1.588928,-42.980000,-105.209999,-0.280000,1770370182.262039
-0.032452,-0.022936,1.375428,-53.970001,-93.940002,2.590000,1770370182.270018
0.029524,0.042700,1.145336,-63.070000,-82.529999,10.920000,1770370182.278085
0.071736,0.101992,0.929396,-63.349998,-70.070000,18.129999,1770370182.286006
0.108336,0.160308,0.753716,-57.189999,-58.869999,25.760000,1770370182.294103
0.114192,0.228140,0.625372,-50.189999,-47.529999,32.130001,1770370182.302019
0.108824,0.293532,0.540460,-44.310001,-36.680000,35.630001,1770370182.310002
0.087352,0.361364,0.459696,-41.090000,-24.360001,33.950001,1770370182.318066
0.070516,0.434808,0.391376,-38.220001,-10.360000,30.100000,1770370182.326007
0.043188,0.496296,0.331352,-37.590000,0.980000,25.200001,1770370182.334013
0.004636,0.549488,0.264740,-39.900002,13.510000,20.790001,1770370182.342135
-0.014884,0.544120,0.188856,-38.849998,21.559999,17.990000,1770370182.350012
-0.026840,0.499712,0.119316,-32.549999,26.250000,15.400000,1770370182.358061
-0.046116,0.422608,0.048556,-18.969999,26.950001,7.420000,1770370182.366016
-0.042456,0.339404,0.019520,-2.100000,26.389999,9.240000,1770370182.374006
-0.031964,0.291336,0.079300,18.760000,26.740000,1.470000,1770370182.382022
-0.016104,0.275720,0.245952,36.400002,28.629999,-0.770000,1770370182.390101
0.000000,0.283528,0.511912,44.310001,34.230000,-6.650000,1770370182.398117
0.011956,0.304756,0.805932,49.209999,45.360001,-8.540000,1770370182.406014
0.023424,0.320372,1.087996,52.290001,58.869999,-9.310000,1770370182.414111
0.036356,0.302804,1.337852,50.889999,76.440002,-8.610000,1770370182.422108
0.049044,0.273280,1.499868,49.770000,87.779999,-2.800000,1770370182.430020
0.043676,0.216184,1.654320,45.290001,87.360001,1.120000,1770370182.438068
-0.005612,0.080764,1.880996,44.939999,81.410004,6.510000,1770370182.446039
-0.038552,-0.132980,2.070584,50.750000,69.580002,10.290000,1770370182.454020
-0.118340,-0.290604,2.106940,46.410000,67.760002,15.400000,1770370182.462020
-0.169336,-0.420900,2.017880,28.209999,67.339996,30.590000,1770370182.470048
-0.241316,-0.557784,1.885388,8.400000,75.110001,32.900002,1770370182.478078
-0.316468,-0.686616,1.778028,-7.560000,90.440002,36.959999,1770370182.486025
-0.443836,-0.722972,1.743380,-16.799999,109.830002,31.780001,1770370182.494101
-0.612196,-0.700280,1.712392,-26.110001,129.429993,20.790001,1770370182.502001
-0.762256,-0.592920,1.639436,-36.820000,144.199997,8.470000,1770370182.510034
-0.873276,-0.444568,1.477908,-44.520000,147.350006,-5.250000,1770370182.518075
-0.951844,-0.277428,1.215852,-52.500000,135.729996,-13.440000,1770370182.526095
-0.998204,-0.115900,0.930860,-52.430000,110.320000,-23.799999,1770370182.534020
-1.019432,0.028792,0.709552,-49.209999,75.809998,-26.740000,1770370182.542048
-1.010648,0.130784,0.577548,-43.400002,42.560001,-34.230000,1770370182.550029
-0.955992,0.186660,0.509960,-36.330002,11.690000,-33.810001,1770370182.558070
-0.879620,0.189588,0.451888,-30.730000,-13.160000,-35.910000,1770370182.566104
-0.785192,0.191784,0.387716,-21.070000,-31.990000,-35.840000,1770370182.574063
-0.689056,0.189344,0.315736,-14.560000,-49.910000,-35.560001,1770370182.582023
-0.581696,0.198616,0.226920,-9.240000,-68.320000,-37.869999,1770370182.590028
-0.483120,0.226920,0.145180,-5.180000,-86.309998,-35.840000,1770370182.598069
-0.375760,0.271084,0.085400,-3.570000,-104.089996,-34.720001,1770370182.606095
-0.276940,0.291824,0.050020,-4.130000,-122.290001,-31.500000,1770370182.614048
-0.196420,0.256200,0.032452,-8.120000,-133.839996,-23.240000,1770370182.622055
-0.136396,0.172996,0.042456,-8.680000,-142.029999,-17.360001,1770370182.630024
-0.080520,0.092476,0.088084,-3.780000,-143.500000,-10.850000,1770370182.638065
-0.035380,0.017812,0.180316,4.970000,-134.610001,-4.200000,1770370182.646034
0.008296,-0.029524,0.328424,21.770000,-116.410004,-2.100000,1770370182.654064
0.042700,-0.047336,0.564860,36.959999,-80.849998,-0.980000,1770370182.662021
0.050996,-0.048556,0.833016,53.759998,-34.580002,1.750000,1770370182.670061
0.029768,-0.050508,1.042124,65.309998,11.270000,2.940000,1770370182.678078
-0.059536,-0.065880,1.222928,74.410004,47.599998,6.440000,1770370182.686019
-0.203496,-0.078568,1.404952,86.449997,66.150002,7.490000,1770370182.694101
-0.388448,-0.065880,1.621380,95.830002,69.230003,4.830000,1770370182.701993
-0.617564,-0.011224,1.868064,95.900002,62.439999,-2.590000,1770370182.710020
-0.754204,-0.028792,1.971520,71.050003,46.900002,-10.990000,1770370182.718068
-0.752740,-0.138104,1.924916,39.970001,21.559999,-14.560000,1770370182.726004
-0.690276,-0.280356,1.905884,16.450001,-18.549999,-9.870000,1770370182.734050
-0.616588,-0.393816,1.925404,1.540000,-57.119999,-3.920000,1770370182.742337
-0.517768,-0.419192,1.926380,-7.560000,-83.089996,1.260000,1770370182.750100
-0.391376,-0.370636,1.863428,-17.360001,-98.489998,0.700000,1770370182.758120
-0.267424,-0.275476,1.736548,-31.430000,-102.620003,0.490000,1770370182.766016
-0.147132,-0.177632,1.559892,-43.959999,-97.930000,2.590000,1770370182.774042
-0.041480,-0.084668,1.358592,-55.299999,-87.570000,7.980000,1770370182.782145
0.016104,-0.009272,1.143384,-59.639999,-75.529999,13.510000,1770370182.790014
0.056608,0.056852,0.914268,-59.009998,-63.419998,23.100000,1770370182.798067
0.079056,0.124928,0.738344,-53.900002,-50.470001,29.889999,1770370182.805996
0.081984,0.192516,0.614148,-45.430000,-37.029999,34.860001,1770370182.814023
0.075640,0.264496,0.519720,-39.549999,-23.730000,41.720001,1770370182.822036
0.065148,0.332816,0.450424,-35.910000,-11.480000,42.910000,1770370182.830034
0.037820,0.391620,0.385276,-33.320000,0.070000,41.160000,1770370182.838081
0.006100,0.437736,0.332572,-32.900002,10.290000,37.520000,1770370182.846032
-0.022692,0.465552,0.288652,-32.340000,18.129999,32.619999,1770370182.854132
-0.048556,0.458720,0.247172,-33.459999,24.500000,29.469999,1770370182.862018
-0.056120,0.404552,0.186416,-29.540001,26.530001,25.200001,1770370182.870002
-0.059292,0.326228,0.116632,-16.030001,25.200001,18.760000,1770370182.878084
-0.063440,0.263520,0.083936,1.540000,24.360001,12.810000,1770370182.886018
-0.055632,0.241072,0.157624,20.440001,25.200001,8.540000,1770370182.894061
-0.047336,0.252296,0.319152,33.950001,28.700001,4.620000,1770370182.902005
-0.035624,0.285236,0.566568,42.560001,34.580002,-1.190000,1770370182.910008
-0.024644,0.313052,0.868884,43.189999,44.029999,-8.190000,1770370182.918080
0.000488,0.317932,1.121424,42.349998,59.360001,-12.670000,1770370182.926018
0.028304,0.325496,1.304180,48.230000,72.449997,-15.470000,1770370182.934101
0.020008,0.255956,1.464732,47.529999,80.080002,-10.430000,1770370182.942074
-0.009760,0.185196,1.616744,44.660000,81.199997,-5.250000,1770370182.950021
-0.048800,0.076128,1.786324,45.220001,75.809998,-0.210000,1770370182.958066
-0.093208,-0.117608,1.950292,47.669998,70.139999,7.980000,1770370182.966030
-0.165188,-0.259616,2.003240,47.880001,68.809998,16.450001,1770370182.974022
-0.224968,-0.340380,1.965176,31.990000,69.790001,22.049999,1770370182.982022
-0.286212,-0.442128,1.866112,14.770000,74.129997,27.510000,1770370182.990070
-0.356728,-0.541680,1.795352,-0.210000,86.029999,30.379999,1770370182.998103
-0.482388,-0.591212,1.776564,-15.890000,102.760002,31.500000,1770370183.006010
-0.630740,-0.597068,1.756800,-31.430000,121.169998,23.379999,1770370183.014027
-0.770552,-0.502396,1.649196,-46.340000,132.440002,11.620000,1770370183.022034
-0.885476,-0.383324,1.455948,-57.400002,130.479996,4.200000,1770370183.030088
-0.960628,-0.252052,1.192916,-63.279999,118.720001,-7.070000,1770370183.038065
-1.005036,-0.113216,0.912804,-63.770000,94.430000,-10.290000,1770370183.046040
-1.028948,0.001952,0.709552,-53.759998,62.439999,-17.709999,1770370183.054082
-1.018700,0.083204,0.603900,-43.680000,29.120001,-22.330000,1770370183.062320
-0.972584,0.130052,0.561444,-35.980000,0.070000,-26.180000,1770370183.070231
-0.886696,0.140300,0.492636,-27.090000,-22.330000,-29.959999,1770370183.078068
-0.782020,0.142252,0.404796,-20.580000,-41.580002,-32.689999,1770370183.086102
-0.676612,0.157624,0.319640,-13.650000,-56.700001,-35.910000,1770370183.094028
-0.569740,0.179340,0.234728,-10.570000,-72.449997,-40.950001,1770370183.102009
-0.467260,0.216184,0.156404,-8.540000,-87.639999,-44.590000,1770370183.110019
-0.370148,0.241316,0.101504,-9.100000,-101.849998,-47.459999,1770370183.118086
-0.265472,0.237900,0.081984,-10.430000,-113.750000,-43.889999,1770370183.126007
-0.183000,0.184464,0.084912,-11.760000,-123.059998,-38.639999,1770370183.134060
-0.120292,0.114924,0.095892,-8.540000,-125.720001,-28.139999,1770370183.142077
-0.078812,0.061732,0.148352,-1.890000,-124.180000,-19.600000,1770370183.150074
-0.040016,0.013908,0.245220,11.690000,-113.959999,-10.990000,1770370183.158099
-0.020496,-0.014640,0.427976,28.280001,-92.610001,-1.330000,1770370183.166015
-0.017324,-0.021228,0.661972,47.529999,-61.110001,0.910000,1770370183.174032
-0.049288,-0.024644,0.884012,54.810001,-21.910000,6.090000,1770370183.182017
-0.110776,-0.053192,1.051884,63.209999,12.390000,7.420000,1770370183.190021
-0.220088,-0.099796,1.174372,74.199997,34.650002,12.390000,1770370183.198060
-0.369416,-0.150548,1.287344,87.500000,46.480000,13.300000,1770370183.206016
-0.537532,-0.175436,1.406416,102.900002,41.650002,13.300000,1770370183.214068
-0.731756,-0.133224,1.563064,106.120003,29.820000,6.230000,1770370183.222017
-0.846924,-0.136884,1.694092,88.550003,11.410000,0.280000,1770370183.229997
-0.844728,-0.178364,1.787056,61.880001,-15.470000,-6.580000,1770370183.238067
-0.737612,-0.285724,1.871724,32.549999,-45.430000,-11.130000,1770370183.246049
-0.602192,-0.376248,1.893684,14.000000,-74.900002,-6.790000,1770370183.254022
-0.455304,-0.401868,1.898076,-0.700000,-93.730003,-1.330000,1770370183.262010
-0.313784,-0.371856,1.857084,-11.550000,-105.139999,0.350000,1770370183.270008
-0.186172,-0.300364,1.754848,-25.760000,-105.209999,6.790000,1770370183.278134
-0.082716,-0.213012,1.575020,-40.110001,-98.279999,9.590000,1770370183.286016
-0.004880,-0.132248,1.379088,-52.990002,-85.120003,17.990000,1770370183.294011
0.050264,-0.060268,1.183400,-61.529999,-69.440002,27.299999,1770370183.301997
0.078324,0.008784,0.982588,-63.630001,-53.130001,36.889999,1770370183.310083
0.086864,0.065880,0.816424,-61.880001,-39.340000,45.290001,1770370183.318090
0.074908,0.124440,0.680028,-55.930000,-26.600000,49.419998,1770370183.326002
0.057096,0.187880,0.590480,-49.000000,-14.070000,54.529999,1770370183.333997
0.027816,0.256932,0.521672,-42.910000,-4.830000,52.360001,1770370183.342064
-0.006832,0.332816,0.475068,-37.869999,4.130000,51.450001,1770370183.350026
-0.042456,0.416508,0.426756,-37.799999,10.500000,48.230000,1770370183.358072
-0.071004,0.477996,0.385032,-35.980000,13.720000,42.700001,1770370183.366009
-0.089548,0.518988,0.342088,-38.709999,15.610000,39.970001,1770370183.373994
-0.104432,0.515572,0.274988,-37.590000,13.370000,33.389999,1770370183.382057
-0.097356,0.455548,0.199104,-33.320000,10.710000,31.709999,1770370183.390080
-0.093208,0.438468,0.122732,-20.790001,6.510000,24.290001,1770370183.398072
-0.085156,0.400404,0.081008,-2.100000,7.140000,19.250000,1770370183.405998
-0.072224,0.405040,0.130784,16.309999,7.630000,13.930000,1770370183.414021
-0.042944,0.391376,0.303048,29.750000,12.250000,4.760000,1770370183.422074
-0.030256,0.403576,0.567544,35.349998,19.040001,-2.310000,1770370183.430038
-0.010004,0.432124,0.871080,37.310001,31.150000,-9.380000,1770370183.438146
-0.000488,0.414800,1.105076,37.240002,48.580002,-13.790000,1770370183.446178
0.002440,0.365024,1.281976,40.880001,63.560001,-13.020000,1770370183.454016
-0.007076,0.284992,1.426180,43.680000,74.339996,-7.280000,1770370183.462019
-0.022448,0.200812,1.591124,40.880001,73.989998,1.050000,1770370183.470060
-0.019520,0.129076,1.759484,43.959999,64.540001,6.370000,1770370183.478107
-0.038796,-0.089548,1.913204,45.990002,56.139999,11.550000,1770370183.486029
-0.092476,-0.225700,1.966152,43.330002,56.560001,22.680000,1770370183.494037
-0.129808,-0.308416,1.938092,28.559999,65.449997,31.360001,1770370183.502116
-0.174216,-0.431880,1.867576,10.220000,76.790001,36.330002,1770370183.510025
-0.244244,-0.574132,1.828536,-6.090000,94.220001,42.560001,1770370183.518069
-0.381128,-0.705404,1.810724,-19.740000,117.320000,41.369999,1770370183.526022
-0.540216,-0.708576,1.769732,-32.549999,135.800003,36.610001,1770370183.534025
-0.713700,-0.628300,1.662616,-46.200001,150.360001,26.180000,1770370183.542014
-0.877180,-0.485804,1.472052,-57.680000,153.229996,15.400000,1770370183.550018
-0.979416,-0.294020,1.210484,-65.239998,144.479996,7.140000,1770370183.558085
-1.042124,-0.114436,0.932568,-64.889999,121.589996,-1.680000,1770370183.566032
-1.081164,0.000244,0.734928,-61.740002,90.860001,-8.540000,1770370183.574152
-1.092632,0.069052,0.629032,-53.410000,58.310001,-13.300000,1770370183.582021
-1.052372,0.098576,0.547292,-44.660000,25.830000,-18.830000,1770370183.590028
-0.977464,0.114924,0.465308,-35.770000,-3.920000,-23.030001,1770370183.598082
-0.873276,0.133956,0.373320,-27.370001,-30.450001,-29.260000,1770370183.606034
-0.764452,0.152988,0.286700,-19.879999,-49.279999,-31.990000,1770370183.614154
-0.661972,0.172264,0.215452,-17.080000,-66.779999,-39.270000,1770370183.622028
-0.550952,0.199104,0.158356,-14.000000,-82.320000,-42.070000,1770370183.630019
-0.449448,0.215940,0.128344,-11.690000,-97.300003,-46.130001,1770370183.638065
-0.347456,0.226920,0.112240,-12.320000,-107.940002,-46.900002,1770370183.646035
-0.266204,0.212036,0.108336,-11.060000,-115.500000,-42.070000,1770370183.654126
-0.193980,0.188856,0.094428,-11.410000,-121.169998,-37.240002,1770370183.662022
-0.161040,0.113948,0.102236,-3.780000,-124.180000,-28.490000,1770370183.670012
-0.142008,0.034892,0.163968,7.420000,-119.070000,-17.920000,1770370183.678065
-0.120780,-0.030744,0.295240,25.129999,-105.839996,-10.990000,1770370183.686175
-0.100284,-0.071980,0.486536,44.310001,-85.400002,-1.540000,1770370183.694023
-0.095404,-0.091012,0.715408,57.750000,-55.369999,2.380000,1770370183.702006
-0.098820,-0.119560,0.941596,67.760002,-25.620001,10.360000,1770370183.710022
-0.150792,-0.166896,1.113860,77.980003,-1.470000,11.130000,1770370183.718062
-0.255712,-0.212036,1.243424,89.879997,14.140000,11.340000,1770370183.726048
-0.379664,-0.259128,1.332240,104.089996,17.990000,7.630000,1770370183.734021
-0.506788,-0.273280,1.425204,112.839996,16.799999,4.830000,1770370183.742001
-0.635864,-0.259372,1.559404,109.410004,11.480000,1.610000,1770370183.750027
-0.674660,-0.272304,1.697264,88.620003,3.500000,-7.840000,1770370183.758064
-0.590480,-0.330132,1.831952,58.310001,-14.630000,-7.630000,1770370183.766096
-0.498980,-0.409432,1.899052,32.759998,-38.990002,-2.870000,1770370183.774041
-0.410164,-0.423584,1.956392,12.460000,-58.799999,-2.590000,1770370183.782018
-0.329888,-0.400160,1.965420,-4.130000,-75.110001,-0.070000,1770370183.790009
-0.237412,-0.305732,1.907592,-18.760000,-83.650002,0.490000,1770370183.798230
-0.145668,-0.192272,1.791692,-35.770000,-84.629997,3.150000,1770370183.805996
-0.067344,-0.080032,1.630164,-48.860001,-79.730003,7.630000,1770370183.814022
-0.020984,0.017568,1.440332,-59.990002,-72.309998,12.600000,1770370183.822023
0.016348,0.106872,1.251964,-67.339996,-62.020000,22.959999,1770370183.830110
0.040260,0.210084,1.077748,-67.900002,-50.680000,27.440001,1770370183.838100
0.057096,0.301828,0.930616,-66.430000,-37.240002,36.400002,1770370183.846224
0.049532,0.352336,0.809348,-61.320000,-24.920000,41.020000,1770370183.854063
0.033672,0.402112,0.692960,-54.880001,-14.770000,39.130001,1770370183.862024
0.007076,0.462136,0.598288,-46.759998,-5.950000,38.639999,1770370183.870002
-0.013176,0.535580,0.516548,-42.209999,2.170000,29.750000,1770370183.878059
-0.038552,0.600240,0.456036,-39.830002,9.380000,25.059999,1770370183.886018
-0.057584,0.644160,0.396256,-40.320000,14.070000,19.250000,1770370183.894088
-0.061244,0.665632,0.329644,-41.439999,17.290001,15.960000,1770370183.902008
-0.064660,0.661240,0.250100,-39.759998,15.120000,13.860000,1770370183.910022
-0.059780,0.618296,0.167628,-30.660000,14.420000,8.330000,1770370183.918060
-0.051972,0.539972,0.089548,-18.200001,12.740000,5.950000,1770370183.926062
-0.042212,0.444812,0.054900,1.400000,12.390000,0.630000,1770370183.934022
-0.018788,0.381616,0.095404,21.280001,16.170000,-4.900000,1770370183.942015
0.003416,0.336964,0.243756,36.750000,23.940001,-12.180000,1770370183.950018
0.019276,0.318908,0.488000,44.869999,35.349998,-18.969999,1770370183.958091
0.039772,0.304512,0.801784,46.970001,51.799999,-20.510000,1770370183.966065
0.047824,0.252540,1.101416,49.770000,70.980003,-20.440001,1770370183.974023
0.030500,0.173728,1.308328,51.520000,91.559998,-14.700000,1770370183.982014
0.003660,0.218624,1.434476,55.860001,99.889999,-11.200000,1770370183.990023
-0.045628,0.069052,1.644072,57.400002,95.900002,-7.140000,1770370183.998065
-0.103212,-0.092720,1.869528,57.400002,87.779999,3.710000,1770370184.006030
-0.175192,-0.234972,1.965176,57.189999,79.800003,15.330000,1770370184.014101
-0.225456,-0.372588,1.935408,48.509998,73.220001,27.090000,1770370184.022031
-0.238144,-0.492636,1.855376,32.900002,69.019997,32.970001,1770370184.030079
-0.266204,-0.610488,1.769244,15.190000,75.320000,39.830002,1770370184.038064
-0.346968,-0.764696,1.749968,-0.560000,91.279999,45.709999,1770370184.046073
-0.469456,-0.868152,1.751676,-11.620000,110.320000,41.090000,1770370184.054032
-0.624640,-0.820328,1.743380,-28.559999,127.750000,30.799999,1770370184.062309
-0.775920,-0.676612,1.662372,-41.230000,138.250000,14.140000,1770370184.070651
-0.904752,-0.474092,1.510360,-55.860001,137.619995,7.770000,1770370184.078244
-0.967704,-0.254736,1.240496,-61.250000,126.839996,0.000000,1770370184.086018
-1.013820,-0.053436,0.947208,-58.310001,100.870003,-10.570000,1770370184.094171
-1.036756,0.090280,0.744688,-55.090000,70.209999,-19.040001,1770370184.102023
-1.015528,0.177632,0.626836,-46.200001,36.610001,-28.209999,1770370184.110196
-0.959652,0.225700,0.556076,-39.759998,9.730000,-34.299999,1770370184.118067
-0.876936,0.264008,0.473360,-30.730000,-14.140000,-43.119999,1770370184.126004
-0.773236,0.288164,0.398940,-22.680000,-34.650002,-50.189999,1770370184.134018
-0.660996,0.322812,0.325984,-17.570000,-50.889999,-57.750000,1770370184.142015
-0.558028,0.356972,0.262788,-15.260000,-62.790001,-60.619999,1770370184.150166
-0.458964,0.376004,0.222772,-14.980000,-73.639999,-66.360001,1770370184.158066
-0.372588,0.353800,0.187880,-15.120000,-80.430000,-65.940002,1770370184.166016
-0.305976,0.304756,0.156160,-14.490000,-87.080002,-60.270000,1770370184.174028
-0.257176,0.260836,0.127856,-14.350000,-91.559998,-55.230000,1770370184.182152
-0.213256,0.222528,0.102480,-10.920000,-94.220001,-50.049999,1770370184.190019
-0.181292,0.165432,0.107848,-4.480000,-96.040001,-44.450001,1770370184.198073
-0.159576,0.096380,0.169336,6.440000,-93.169998,-35.209999,1770370184.205994
-0.146644,0.016104,0.302804,24.010000,-87.639999,-25.480000,1770370184.214148
-0.123220,-0.048556,0.496296,38.639999,-75.110001,-17.360001,1770370184.222012
-0.112240,-0.091500,0.692472,52.290001,-55.369999,-6.300000,1770370184.230017
-0.126392,-0.134444,0.901824,63.000000,-30.450001,-0.980000,1770370184.238059
-0.170800,-0.168604,1.095072,72.099998,-7.700000,2.590000,1770370184.246321
-0.262544,-0.214232,1.237812,78.750000,8.190000,4.200000,1770370184.254013
-0.378444,-0.259860,1.288808,86.519997,17.780001,0.490000,1770370184.262090
-0.489220,-0.300608,1.303204,95.620003,15.470000,1.820000,1770370184.270037
-0.614148,-0.325008,1.383968,98.629997,11.200000,-5.600000,1770370184.278066
-0.673684,-0.355020,1.501088,84.769997,6.300000,-8.820000,1770370184.286012
-0.648308,-0.392840,1.640412,66.989998,-8.050000,-11.340000,1770370184.294011
-0.562908,-0.430172,1.784128,41.650002,-27.790001,-8.610000,1770370184.302004
-0.483120,-0.449692,1.863672,17.430000,-49.560001,-0.980000,1770370184.310018
-0.406748,-0.434564,1.900516,0.420000,-72.239998,-0.210000,1770370184.318060
-0.337452,-0.397232,1.890756,-16.799999,-83.300003,0.070000,1770370184.326013
-0.261324,-0.307440,1.820240,-27.370001,-85.540001,-0.770000,1770370184.334012
-0.190320,-0.193736,1.688968,-39.410000,-81.620003,0.210000,1770370184.342058
-0.127612,-0.065148,1.523536,-47.880001,-72.800003,2.800000,1770370184.350042
-0.085156,0.043676,1.367864,-55.790001,-61.669998,5.530000,1770370184.358076
-0.045628,0.158844,1.225368,-59.570000,-49.910000,9.450000,1770370184.366011
-0.015372,0.269376,1.099220,-60.340000,-38.360001,15.190000,1770370184.374001
0.004880,0.359656,0.996008,-59.430000,-27.650000,18.549999,1770370184.382156
-0.001952,0.410164,0.899628,-56.139999,-17.360001,21.139999,1770370184.390031
-0.009272,0.464820,0.795440,-52.779999,-9.240000,17.570000,1770370184.398074
-0.024888,0.509472,0.694180,-49.560001,-4.900000,17.080000,1770370184.406001
-0.054656,0.560712,0.580476,-45.220001,-1.190000,12.670000,1770370184.414073
-0.071980,0.602924,0.478728,-44.310001,-0.420000,10.570000,1770370184.422025
-0.084668,0.636596,0.402356,-41.790001,-1.260000,6.860000,1770370184.430022
-0.074420,0.621712,0.354532,-43.959999,-5.740000,0.560000,1770370184.438079
-0.065392,0.617320,0.305244,-42.980000,-7.070000,1.050000,1770370184.446047
-0.044408,0.579744,0.278404,-35.139999,-8.960000,-2.240000,1770370184.454144
-0.027572,0.528504,0.240584,-26.670000,-10.500000,-7.700000,1770370184.462017
-0.001708,0.447496,0.206912,-8.680000,-7.910000,-8.540000,1770370184.470019
0.027084,0.373564,0.198372,6.580000,-5.250000,-17.150000,1770370184.478067
0.066856,0.311832,0.251076,23.520000,3.500000,-18.969999,1770370184.486100
0.099308,0.273280,0.384788,35.840000,15.610000,-25.480000,1770370184.494023
0.111508,0.245708,0.599752,41.860001,32.130001,-24.010000,1770370184.502017
0.112240,0.227896,0.852048,45.430000,53.480000,-24.920000,1770370184.510035
0.110044,0.192760,1.084580,47.110001,77.559998,-18.760000,1770370184.518069
0.080276,0.128832,1.261968,49.560001,98.349998,-17.920000,1770370184.526439
0.038064,0.033184,1.413492,48.790001,108.290001,-12.530000,1770370184.534064
-0.017812,-0.114436,1.606252,51.869999,107.169998,0.350000,1770370184.542024
-0.115656,-0.220820,1.788032,58.240002,101.639999,13.930000,1770370184.550168
-0.236436,-0.299876,1.870748,54.320000,94.080002,23.520000,1770370184.558112
-0.304756,-0.386984,1.830732,41.299999,88.339996,31.500000,1770370184.566022
-0.344528,-0.498736,1.770952,28.559999,86.940002,41.720001,1770370184.574041
-0.435540,-0.641964,1.752652,10.430000,91.419998,47.810001,1770370184.582026
-0.539728,-0.823012,1.760948,-4.480000,99.750000,47.320000,1770370184.590050
-0.682224,-0.872300,1.755580,-19.250000,107.940002,36.750000,1770370184.598077
-0.831308,-0.800808,1.701168,-31.639999,112.489998,25.270000,1770370184.606029
-0.936472,-0.628300,1.582828,-41.230000,109.760002,11.130000,1770370184.614143
-1.004792,-0.371856,1.392264,-51.310001,98.419998,5.110000,1770370184.622000
-1.029436,-0.114680,1.139236,-54.669998,73.989998,-6.230000,1770370184.630027
-1.018212,0.072956,0.917684,-53.970001,44.029999,-15.610000,1770370184.638065
-0.968680,0.170068,0.766160,-52.080002,16.520000,-25.690001,1770370184.646069
-0.888404,0.212768,0.679540,-43.330002,-8.190000,-35.700001,1770370184.654038
-0.800808,0.235948,0.579256,-35.980000,-28.700001,-38.570000,1770370184.662023
-0.692472,0.247660,0.469944,-28.980000,-45.220001,-46.830002,1770370184.670020
-0.579744,0.287188,0.363072,-22.750000,-59.779999,-50.470001,1770370184.678078
-0.478972,0.332816,0.299388,-18.340000,-66.010002,-55.930000,1770370184.686026
-0.395768,0.367464,0.265960,-16.450001,-70.209999,-58.380001,1770370184.694028
-0.319152,0.355264,0.248392,-18.900000,-73.220001,-58.730000,1770370184.702025
-0.254004,0.330132,0.226432,-16.660000,-72.449997,-57.259998,1770370184.710026
-0.208376,0.282308,0.222040,-14.770000,-69.790001,-54.320000,1770370184.718086
-0.175436,0.234484,0.213744,-14.350000,-67.199997,-50.680000,1770370184.726011
-0.159576,0.187148,0.215452,-3.920000,-64.470001,-46.900002,1770370184.734024
-0.156160,0.121268,0.241804,7.350000,-60.970001,-35.700001,1770370184.742093
-0.162260,0.066856,0.312320,27.440001,-57.540001,-26.600000,1770370184.750038
-0.162504,0.025864,0.441396,44.660000,-50.889999,-16.170000,1770370184.758067
-0.165188,-0.007564,0.615368,62.090000,-37.380001,-7.140000,1770370184.766002
-0.194468,-0.039772,0.800808,75.529999,-22.120001,-0.840000,1770370184.774024
-0.254004,-0.073200,0.983076,82.389999,-4.830000,1.960000,1770370184.782066
-0.335256,-0.103944,1.148264,89.529999,7.980000,6.860000,1770370184.790055
-0.446276,-0.146400,1.259772,95.199997,13.510000,1.610000,1770370184.798088
-0.566568,-0.193736,1.313940,96.320000,12.180000,-5.110000,1770370184.806003
-0.685152,-0.247416,1.351516,98.629997,5.040000,-14.910000,1770370184.814116
-0.758108,-0.284992,1.428620,91.980003,-4.620000,-22.750000,1770370184.822052
-0.766404,-0.316468,1.536224,79.099998,-24.290001,-28.629999,1770370184.830002
-0.687836,-0.344040,1.677256,60.200001,-49.070000,-34.720001,1770370184.838089
-0.564372,-0.424072,1.760704,38.779999,-75.110001,-32.549999,1770370184.846073
-0.406992,-0.447496,1.829756,22.889999,-101.500000,-29.260000,1770370184.854016
-0.259616,-0.465308,1.872456,7.350000,-120.750000,-25.129999,1770370184.862005
-0.127368,-0.421876,1.858060,-6.860000,-130.830002,-22.190001,1770370184.870006
0.000244,-0.313296,1.783640,-20.370001,-128.029999,-23.590000,1770370184.878070
0.095160,-0.188612,1.628212,-31.850000,-118.160004,-16.940001,1770370184.886102
0.167384,-0.051240,1.459852,-40.740002,-100.309998,-11.200000,1770370184.894053
0.207156,0.065636,1.298324,-48.580002,-79.309998,-2.100000,1770370184.902024
0.220576,0.173728,1.152900,-51.520000,-54.459999,5.740000,1770370184.910025
0.219356,0.257664,1.025288,-52.779999,-29.049999,10.430000,1770370184.918071
0.201788,0.322080,0.906948,-53.200001,-7.350000,14.280000,1770370184.926152
0.154452,0.370392,0.782020,-48.860001,10.150000,13.300000,1770370184.934018
0.101260,0.420900,0.666120,-45.360001,24.080000,14.980000,1770370184.942024
0.034892,0.474580,0.579500,-41.090000,33.599998,8.960000,1770370184.950340
-0.014640,0.538020,0.508984,-40.529999,41.720001,6.860000,1770370184.958123
-0.054900,0.583160,0.455060,-39.410000,45.360001,4.760000,1770370184.966015
-0.091744,0.604632,0.395768,-40.459999,46.480000,-3.150000,1770370184.974019
-0.116144,0.596092,0.330864,-40.529999,44.099998,-3.990000,1770370184.982142
-0.133712,0.564372,0.285236,-35.000000,42.840000,-8.680000,1770370184.990008
-0.133712,0.515816,0.245708,-24.219999,38.709999,-12.670000,1770370184.998099
-0.117608,0.464576,0.200568,-10.780000,35.209999,-17.360001,1770370185.006004
-0.091988,0.399916,0.185196,9.100000,30.450001,-24.150000,1770370185.014115
-0.050752,0.348432,0.238144,26.530001,27.930000,-26.040001,1770370185.022050
-0.022204,0.322324,0.392108,40.950001,29.469999,-31.780001,1770370185.030014
-0.006100,0.320616,0.653676,51.310001,34.439999,-30.030001,1770370185.038080
0.000976,0.328668,0.945500,52.430000,48.020000,-31.080000,1770370185.046034
0.017080,0.325740,1.184132,54.110001,61.810001,-30.030001,1770370185.054059
0.000488,0.265472,1.363228,46.830002,72.519997,-23.450001,1770370185.062427
-0.026352,0.198128,1.501332,46.200001,73.150002,-15.610000,1770370185.070442
-0.068320,0.074664,1.674084,42.560001,68.949997,-6.720000,1770370185.078336
-0.178364,-0.086620,1.821460,49.630001,64.540001,4.970000,1770370185.086967
-0.262056,-0.206180,1.832196,50.400002,65.239998,12.040000,1770370185.094405
-0.329400,-0.317444,1.751432,38.849998,72.239998,18.340000,1770370185.102416
-0.358192,-0.439932,1.692140,23.309999,82.110001,28.209999,1770370185.109971
-0.416264,-0.565104,1.652612,12.670000,92.540001,32.900002,1770370185.117680
-0.544120,-0.696864,1.657492,0.910000,104.510002,31.500000,1770370185.125594
-0.707600,-0.784216,1.670180,-10.640000,115.080002,24.780001,1770370185.133427
-0.868396,-0.705648,1.630652,-21.420000,120.959999,11.340000,1770370185.141410
-1.007720,-0.564372,1.549644,-37.520000,117.529999,-2.310000,1770370185.149432
-1.090192,-0.356972,1.356152,-49.980000,104.089996,-12.530000,1770370185.157401
-1.104588,-0.197396,1.102392,-60.340000,76.089996,-19.320000,1770370185.165417
-1.083604,-0.085888,0.848876,-61.180000,40.389999,-26.740000,1770370185.173435
-1.039928,-0.020740,0.677100,-50.189999,5.250000,-31.219999,1770370185.181393
-0.964532,0.045628,0.570716,-42.000000,-22.260000,-34.790001,1770370185.189392
-0.858636,0.115412,0.463112,-31.219999,-45.639999,-38.849998,1770370185.197423
-0.734196,0.176412,0.360632,-22.889999,-65.519997,-42.980000,1770370185.205398
-0.614880,0.217892,0.299876,-18.969999,-79.870003,-47.250000,1770370185.213426
-0.507520,0.259128,0.260104,-15.680000,-90.300003,-51.660000,1770370185.221444
-0.419436,0.284748,0.227408,-16.240000,-96.599998,-53.900002,1770370185.229386
-0.335500,0.286700,0.202764,-16.100000,-100.940002,-56.349998,1770370185.237395
-0.264740,0.275964,0.191540,-15.470000,-101.500000,-56.700001,1770370185.245419
-0.212280,0.250100,0.188612,-13.580000,-98.629997,-51.869999,1770370185.253414
-0.167384,0.213988,0.183244,-6.370000,-93.940002,-48.020000,1770370185.261395
-0.141520,0.168604,0.193248,3.850000,-92.190002,-37.590000,1770370185.269383
-0.123464,0.118584,0.259616,17.430000,-89.809998,-28.700001,1770370185.277402
-0.116144,0.088572,0.362340,34.790001,-82.669998,-19.389999,1770370185.285423
-0.115412,0.049288,0.516060,49.840000,-68.459999,-5.600000,1770370185.293404
-0.139568,0.024156,0.735904,64.889999,-46.970001,-3.010000,1770370185.301430
-0.185196,0.013176,0.973804,72.239998,-21.070000,-0.070000,1770370185.309421
-0.248392,-0.000732,1.192672,79.660004,1.610000,0.840000,1770370185.317400
-0.336476,-0.041236,1.342488,89.180000,11.690000,-2.240000,1770370185.325419
-0.454328,-0.086620,1.377868,94.080002,11.060000,-2.730000,1770370185.333424
-0.582184,-0.106628,1.420080,101.290001,2.100000,-6.720000,1770370185.341398
-0.687592,-0.098088,1.523780,92.190002,-6.510000,-11.760000,1770370185.349421
-0.712480,-0.118340,1.645536,72.519997,-19.110001,-20.299999,1770370185.357407
-0.640988,-0.199592,1.753628,48.299999,-39.619999,-23.660000,1770370185.365409
-0.508984,-0.281576,1.793156,27.510000,-64.190002,-20.860001,1770370185.373380
-0.386740,-0.346236,1.834636,12.880000,-88.269997,-16.590000,1770370185.381410
-0.268888,-0.376004,1.838296,-2.100000,-106.750000,-16.379999,1770370185.389445
-0.151280,-0.358192,1.799744,-15.120000,-114.940002,-8.610000,1770370185.397428
-0.041236,-0.289628,1.701168,-27.860001,-114.309998,-8.330000,1770370185.405453
0.040260,-0.204960,1.556720,-40.669998,-103.599998,-0.210000,1770370185.413401
0.104188,-0.110288,1.385920,-49.349998,-87.709999,2.590000,1770370185.421410
0.131272,-0.023912,1.192428,-57.540001,-69.230003,14.770000,1770370185.429420
0.139080,0.054168,1.020896,-59.290001,-46.759998,23.870001,1770370185.437413
0.129076,0.105896,0.877912,-55.230000,-29.260000,25.969999,1770370185.445430
0.108824,0.160796,0.731024,-51.310001,-13.580000,28.840000,1770370185.453411
0.071736,0.232044,0.611220,-41.299999,-1.680000,26.879999,1770370185.461403
0.030012,0.318176,0.527772,-36.680000,8.120000,25.830000,1770370185.469397
-0.014640,0.393084,0.471408,-33.320000,15.820000,22.190001,1770370185.477401
-0.051484,0.456280,0.429196,-32.970001,22.190001,18.760000,1770370185.485405
-0.070516,0.495076,0.398696,-37.869999,25.200001,15.120000,1770370185.493410
-0.075640,0.498980,0.368928,-38.639999,26.459999,8.610000,1770370185.501435
-0.073932,0.485316,0.333548,-37.380001,26.250000,6.860000,1770370185.509408
-0.069296,0.446520,0.281088,-28.000000,23.940001,5.180000,1770370185.517430
-0.066612,0.391864,0.219600,-15.190000,22.400000,0.490000,1770370185.525445
-0.046116,0.332084,0.193248,2.030000,22.469999,-2.800000,1770370185.533399
-0.021472,0.303292,0.249124,21.770000,24.360001,-5.250000,1770370185.541428
0.008784,0.306464,0.420656,36.400002,30.170000,-12.110000,1770370185.549676
0.035624,0.336232,0.700036,46.970001,39.480000,-10.780000,1770370185.557428
0.059048,0.367708,1.005768,49.980000,49.910000,-16.240000,1770370185.565402
0.092720,0.382348,1.234396,45.639999,60.549999,-12.530000,1770370185.573443
0.108580,0.330376,1.369328,44.029999,65.870003,-10.290000,1770370185.581396
0.089548,0.229848,1.470344,35.070000,68.949997,0.350000,1770370185.589398
0.067344,0.097356,1.626260,34.509998,66.010002,7.770000,1770370185.597412
-0.005856,-0.071980,1.769976,42.139999,69.019997,16.870001,1770370185.605417
-0.095404,-0.196664,1.820240,45.009998,75.529999,26.530001,1770370185.613401
-0.176412,-0.279380,1.821948,38.080002,84.209999,32.060001,1770370185.621413
-0.261324,-0.364780,1.802428,24.080000,97.510002,40.810001,1770370185.629440
-0.377956,-0.463600,1.765096,12.110000,115.430000,47.880001,1770370185.637395
-0.520208,-0.544364,1.726544,0.630000,130.759995,45.080002,1770370185.645441
-0.710772,-0.661972,1.694580,-12.670000,144.830002,40.040001,1770370185.653514
-0.906948,-0.670512,1.631628,-27.650000,149.380005,26.320000,1770370185.661393
-1.067012,-0.524600,1.496452,-43.119999,142.589996,12.040000,1770370185.669400
-1.163392,-0.397720,1.284416,-53.900002,122.639999,0.280000,1770370185.677423
-1.175104,-0.235948,0.980880,-59.919998,86.870003,-3.780000,1770370185.685414
-1.146068,-0.120048,0.721508,-58.099998,45.009998,-14.140000,1770370185.693399
-1.088728,-0.039528,0.579988,-48.439999,4.060000,-14.350000,1770370185.701406
-1.005280,0.023668,0.487756,-38.360001,-29.889999,-21.420000,1770370185.709399
-0.883036,0.087108,0.402112,-28.980000,-51.450001,-26.950001,1770370185.717408
-0.738588,0.154696,0.339160,-20.510000,-70.559998,-30.660000,1770370185.725425
-0.616832,0.214964,0.283772,-16.030001,-82.599998,-39.970001,1770370185.733405
-0.500932,0.273524,0.230580,-13.650000,-90.860001,-41.299999,1770370185.741403
-0.397720,0.299388,0.183244,-13.020000,-97.860001,-50.189999,1770370185.749402
-0.299388,0.302560,0.158844,-14.770000,-101.639999,-44.799999,1770370185.757413
-0.216672,0.274500,0.145424,-13.650000,-105.279999,-44.240002,1770370185.765441
-0.149084,0.238144,0.150792,-13.790000,-107.309998,-38.009998,1770370185.773403
-0.097112,0.180804,0.173972,-8.960000,-108.150002,-27.160000,1770370185.781385
-0.062220,0.143228,0.225212,-0.210000,-107.730003,-20.650000,1770370185.789411
-0.036844,0.080520,0.323056,14.350000,-100.660004,-9.030000,1770370185.797409
-0.020496,0.039772,0.437004,31.850000,-86.870003,0.490000,1770370185.805417
-0.024156,0.029524,0.592432,44.450001,-65.800003,7.000000,1770370185.813390
-0.047824,0.030988,0.809592,57.330002,-32.689999,13.930000,1770370185.822034
-0.098576,0.020740,1.023092,65.099998,-1.050000,18.200001,1770370185.830022
-0.172752,0.002440,1.203408,73.080002,23.520000,16.730000,1770370185.838086
-0.290360,-0.039284,1.368840,80.779999,37.029999,16.520000,1770370185.846025
-0.433100,-0.066612,1.503040,91.769997,38.709999,9.940000,1770370185.854174
-0.571204,-0.050996,1.665300,89.739998,33.599998,4.760000,1770370185.862016
-0.647332,-0.076128,1.777784,72.519997,20.510000,-2.940000,1770370185.870065
-0.655628,-0.171532,1.807064,52.430000,1.190000,-11.690000,1770370185.878091
-0.573644,-0.315736,1.796084,30.100000,-24.150000,-9.170000,1770370185.885994
-0.491416,-0.427244,1.800232,18.900000,-55.369999,-8.190000,1770370185.894022
-0.400160,-0.468968,1.797548,8.190000,-79.099998,-5.460000,1770370185.902072
-0.301340,-0.456280,1.771928,-1.820000,-93.940002,-1.190000,1770370185.910016
-0.196664,-0.395036,1.715320,-15.400000,-98.070000,-0.210000,1770370185.918076
-0.100040,-0.278648,1.619916,-28.980000,-89.180000,4.340000,1770370185.926015
-0.019764,-0.169824,1.477176,-41.090000,-75.669998,7.700000,1770370185.934094
0.016592,-0.060756,1.298324,-52.849998,-56.419998,16.870001,1770370185.942047
0.035868,0.033428,1.118008,-55.580002,-38.709999,23.520000,1770370185.950021
0.035136,0.115412,0.962092,-56.630001,-22.120001,29.680000,1770370185.958095
0.020740,0.178608,0.831064,-53.619999,-9.730000,33.459999,1770370185.966083
-0.005612,0.240584,0.727120,-48.650002,-2.240000,32.060001,1770370185.974013
-0.038552,0.314760,0.636596,-46.200001,3.850000,31.360001,1770370185.982033
-0.075640,0.380884,0.555344,-46.200001,5.530000,31.709999,1770370185.990023
-0.101260,0.433344,0.468236,-48.299999,6.370000,26.740000,1770370185.998064
-0.130052,0.472872,0.406260,-52.009998,5.390000,27.090000,1770370186.006036
-0.139812,0.487268,0.360632,-53.340000,2.940000,22.400000,1770370186.014046
-0.138104,0.464088,0.316956,-52.430000,2.940000,21.350000,1770370186.022021
-0.117120,0.432856,0.259616,-44.099998,-0.490000,18.900000,1770370186.030041
-0.093452,0.389424,0.211548,-29.680000,-1.260000,8.890000,1770370186.038125
-0.074908,0.326472,0.180804,-12.810000,-1.470000,5.110000,1770370186.046031
-0.034892,0.286212,0.206180,11.200000,-0.490000,-1.750000,1770370186.054104
0.010248,0.277672,0.330376,26.879999,6.090000,-3.780000,1770370186.067098
0.052216,0.274988,0.548268,43.400002,14.140000,-9.870000,1770370186.069989
0.079056,0.309636,0.844240,51.660000,26.110001,-11.060000,1770370186.078080
0.121024,0.305000,1.134844,54.529999,40.599998,-9.870000,1770370186.086038
0.156160,0.287920,1.352736,56.770000,54.389999,-6.790000,1770370186.094049
0.156404,0.225944,1.498648,51.169998,65.099998,2.450000,1770370186.102037
0.136152,0.135420,1.632848,48.230000,69.860001,12.740000,1770370186.110047
0.090280,0.032696,1.764852,51.099998,71.120003,22.049999,1770370186.118084
-0.003904,-0.073932,1.822192,48.090000,74.690002,31.850000,1770370186.126155
-0.088328,-0.160308,1.821948,39.340000,80.919998,36.189999,1770370186.134037
-0.156892,-0.258640,1.789984,20.790001,92.889999,49.910000,1770370186.142034
-0.253272,-0.390644,1.732156,3.850000,107.379997,55.860001,1770370186.150030
-0.391376,-0.527040,1.688968,-9.800000,124.949997,55.650002,1770370186.158065
-0.559492,-0.637572,1.662616,-24.150000,140.070007,48.230000,1770370186.166037
-0.742736,-0.632692,1.613816,-32.689999,149.940002,36.330002,1770370186.174031
-0.930128,-0.555588,1.527440,-46.549999,151.270004,23.730000,1770370186.182099
-1.060180,-0.417240,1.376160,-54.880001,139.509995,12.810000,1770370186.190027
-1.122156,-0.249612,1.131672,-59.990002,116.410004,0.910000,1770370186.198089
-1.127768,-0.093696,0.873764,-63.070000,81.199997,-8.610000,1770370186.206028
-1.094584,0.010980,0.679296,-58.730000,41.230000,-15.470000,1770370186.214014
-1.042856,0.068808,0.555588,-50.750000,4.830000,-20.650000,1770370186.222081
-0.950136,0.115168,0.474580,-40.320000,-24.150000,-24.360001,1770370186.230027
-0.827404,0.157624,0.384300,-28.000000,-47.110001,-29.260000,1770370186.238074
-0.705404,0.193492,0.310612,-20.580000,-63.349998,-33.320000,1770370186.246025
-0.589016,0.233752,0.248148,-13.440000,-74.410004,-37.380001,1770370186.254229
-0.483364,0.262788,0.197884,-11.130000,-82.669998,-42.419998,1770370186.262028
-0.384056,0.282308,0.161528,-8.330000,-89.739998,-42.349998,1770370186.270024
-0.285236,0.280844,0.143716,-8.120000,-95.970001,-42.980000,1770370186.278084
-0.203496,0.258396,0.142008,-7.420000,-101.919998,-38.290001,1770370186.286044
-0.137616,0.213012,0.143716,-5.040000,-105.769997,-32.410000,1770370186.294115
-0.087352,0.159088,0.156892,-4.760000,-106.610001,-21.559999,1770370186.302040
-0.058560,0.101260,0.205204,4.690000,-106.400002,-11.970000,1770370186.310030
-0.036600,0.037332,0.291336,18.410000,-100.099998,-2.660000,1770370186.318101
-0.024400,-0.010736,0.443836,28.980000,-84.279999,5.740000,1770370186.326026
-0.036112,-0.033672,0.666852,45.779999,-56.490002,6.860000,1770370186.334051
-0.064904,-0.036356,0.934520,55.090000,-21.000000,15.610000,1770370186.342163
-0.124928,-0.054656,1.154608,65.169998,12.530000,17.920000,1770370186.350019
-0.241560,-0.100528,1.313940,78.050003,33.389999,23.940001,1770370186.358058
-0.396500,-0.152012,1.411540,89.180000,39.130001,21.000000,1770370186.366024
-0.578524,-0.154208,1.522804,98.070000,34.439999,16.799999,1770370186.374009
-0.749324,-0.136152,1.683112,93.099998,27.299999,6.790000,1770370186.382038
-0.829600,-0.172508,1.755336,75.739998,11.200000,1.050000,1770370186.390054
-0.830332,-0.261812,1.783884,50.330002,-12.600000,-9.030000,1770370186.398194
-0.729316,-0.350872,1.811944,27.299999,-46.130001,-10.290000,1770370186.406035
-0.620980,-0.404308,1.830732,13.510000,-79.870003,-8.540000,1770370186.414019
-0.491660,-0.410164,1.818776,0.350000,-105.839996,-9.310000,1770370186.422042
-0.328912,-0.368928,1.775344,-12.810000,-122.290001,-8.820000,1770370186.430118
-0.183488,-0.282308,1.713612,-24.920000,-125.019997,-10.080000,1770370186.438068
-0.047336,-0.190564,1.610644,-39.549999,-115.919998,-8.050000,1770370186.446027
0.063684,-0.088816,1.463024,-48.860001,-101.500000,-3.780000,1770370186.454277
0.137616,0.002684,1.287344,-58.799999,-82.180000,2.240000,1770370186.462031
0.178608,0.082472,1.114348,-61.459999,-62.020000,9.660000,1770370186.470102
0.199104,0.136640,0.956236,-60.130001,-42.560001,17.430000,1770370186.478122
0.190320,0.189344,0.801540,-55.860001,-27.020000,21.280001,1770370186.486029
0.167140,0.244000,0.669536,-49.560001,-14.910000,23.240000,1770370186.494035
0.131028,0.308172,0.581208,-46.200001,-2.030000,26.320000,1770370186.502170
0.082228,0.382348,0.508252,-43.889999,9.170000,25.059999,1770370186.510064
0.038796,0.457744,0.453352,-44.520000,20.230000,22.120001,1770370186.518110
-0.003416,0.509716,0.408212,-48.020000,27.440001,20.650000,1770370186.526032
-0.036356,0.542412,0.372100,-49.209999,34.230000,18.549999,1770370186.534087
-0.055876,0.549976,0.333060,-48.720001,38.360001,17.080000,1770370186.542034
-0.073200,0.522892,0.272792,-39.549999,42.070000,14.280000,1770370186.550033
-0.064904,0.450912,0.213256,-23.520000,43.400002,10.710000,1770370186.558089
-0.067832,0.385032,0.144448,-5.250000,44.380001,7.770000,1770370186.566043
-0.064416,0.284260,0.170068,15.120000,45.500000,5.460000,1770370186.574029
-0.054656,0.313784,0.268156,30.450001,50.259998,1.050000,1770370186.582031
-0.038064,0.297680,0.506544,38.430000,54.320000,-0.420000,1770370186.590073
-0.030744,0.307196,0.805932,43.959999,60.200001,-7.070000,1770370186.598162
-0.018056,0.306220,1.090436,46.619999,66.150002,-8.890000,1770370186.606036
-0.005856,0.282064,1.298080,51.869999,70.489998,-8.190000,1770370186.614022
-0.005368,0.205936,1.438624,50.330002,68.669998,-0.490000,1770370186.622096
-0.029036,0.108580,1.570872,52.290001,62.650002,10.780000,1770370186.630221
-0.081252,-0.007808,1.718980,57.400002,56.279999,18.690001,1770370186.638073
-0.143472,-0.117364,1.798524,54.110001,51.450001,27.860001,1770370186.646039
-0.219112,-0.182756,1.812676,44.520000,54.320000,30.590000,1770370186.654082
-0.274988,-0.294020,1.827560,22.750000,65.239998,40.320000,1770370186.662043
-0.339404,-0.444812,1.802916,2.660000,81.690002,44.799999,1770370186.670102
-0.444568,-0.612684,1.768512,-11.690000,100.870003,44.939999,1770370186.678175
-0.582184,-0.743224,1.733132,-24.219999,117.389999,38.570000,1770370186.686029
-0.734928,-0.758108,1.682868,-29.750000,128.729996,23.240000,1770370186.694031
-0.868640,-0.683200,1.583316,-39.340000,130.479996,11.060000,1770370186.702032
-0.961116,-0.534604,1.412516,-45.360001,122.080002,1.750000,1770370186.710040
-1.009428,-0.369172,1.169004,-49.419998,101.220001,-6.790000,1770370186.718111
-1.015528,-0.174948,0.932324,-51.660000,72.099998,-15.470000,1770370186.726032
-0.993080,0.007808,0.749812,-47.529999,33.250000,-22.330000,1770370186.734052
-0.939644,0.110044,0.637572,-43.330002,1.610000,-32.200001,1770370186.742039
-0.833016,0.166408,0.562176,-36.470001,-24.010000,-34.439999,1770370186.750033
-0.743956,0.181780,0.501176,-27.650000,-40.040001,-36.820000,1770370186.758091
-0.649284,0.195200,0.454328,-21.209999,-49.349998,-39.270000,1770370186.766042
-0.556320,0.213256,0.391864,-16.030001,-53.759998,-42.840000,1770370186.774032
-0.473116,0.234972,0.308904,-10.780000,-58.450001,-44.310001,1770370186.782057
-0.399916,0.258396,0.234972,-9.870000,-64.680000,-42.910000,1770370186.790093
-0.319152,0.286944,0.177876,-6.090000,-75.529999,-43.750000,1770370186.798065
-0.244000,0.286700,0.158844,-4.970000,-84.209999,-40.250000,1770370186.806018
-0.184952,0.247416,0.154696,-2.800000,-93.169998,-33.110001,1770370186.814071
-0.142252,0.180804,0.146400,-3.010000,-99.470001,-28.209999,1770370186.822035
-0.108824,0.122732,0.171044,1.820000,-103.529999,-17.639999,1770370186.830188
-0.078080,0.068076,0.245220,8.750000,-101.080002,-12.460000,1770370186.838116
-0.048068,0.033428,0.371856,21.209999,-90.860001,-2.660000,1770370186.846027
-0.043920,0.018300,0.576572,32.970001,-68.459999,-0.980000,1770370186.854055
-0.066368,0.012932,0.802760,41.090000,-35.490002,4.830000,1770370186.862052
-0.100772,0.002440,0.989908,48.650002,0.140000,8.190000,1770370186.870022
-0.175192,-0.037576,1.131916,58.099998,28.700001,7.700000,1770370186.878084
-0.294752,-0.085400,1.272704,71.120003,43.680000,8.750000,1770370186.886034
-0.458232,-0.096136,1.424228,86.660004,45.500000,7.350000,1770370186.894038
-0.630496,-0.068076,1.612840,92.120003,38.919998,-0.630000,1770370186.902020
-0.744200,-0.063196,1.757288,78.540001,25.129999,-2.800000,1770370186.910050
-0.793732,-0.118340,1.803160,58.310001,2.940000,-11.690000,1770370186.918244
-0.728340,-0.220576,1.843664,35.840000,-25.270000,-12.740000,1770370186.926020
-0.631228,-0.321836,1.878556,19.320000,-56.419998,-12.530000,1770370186.934033
-0.524600,-0.366488,1.885144,7.210000,-80.989998,-10.640000,1770370186.942024
-0.399184,-0.372344,1.853180,-5.250000,-95.760002,-9.730000,1770370186.950034
-0.269620,-0.333060,1.765584,-15.470000,-99.750000,-8.960000,1770370186.958081
-0.152256,-0.260104,1.638216,-31.570000,-95.830002,-5.180000,1770370186.966035
-0.053192,-0.168848,1.476688,-41.930000,-83.860001,-3.570000,1770370186.974036
0.007564,-0.082472,1.281000,-55.439999,-68.320000,6.230000,1770370186.982057
0.040748,-0.014884,1.089704,-61.110001,-52.919998,15.050000,1770370186.990034
0.053680,0.044652,0.909876,-61.740002,-37.799999,23.590000,1770370186.998094
0.039772,0.095404,0.750788,-57.470001,-23.030001,29.469999,1770370187.006040
0.021716,0.157136,0.628300,-52.570000,-13.370000,34.020000,1770370187.014045
-0.004148,0.223504,0.529968,-47.320000,-8.050000,33.459999,1770370187.022046
-0.033672,0.299632,0.454084,-41.650002,-1.820000,33.250000,1770370187.030039
-0.060024,0.373320,0.404064,-42.070000,0.980000,29.820000,1770370187.038099
-0.085400,0.429684,0.356728,-44.869999,3.920000,23.379999,1770370187.046054
-0.097356,0.478240,0.311832,-43.400002,5.250000,22.959999,1770370187.054030
-0.103456,0.487268,0.283284,-42.209999,7.350000,18.549999,1770370187.062215
-0.092476,0.459208,0.244976,-33.669998,6.510000,18.410000,1770370187.070173
-0.068076,0.399428,0.187148,-17.990000,7.420000,12.180000,1770370187.078223
-0.054168,0.335988,0.138836,-1.470000,6.510000,13.930000,1770370187.086031
-0.033672,0.251808,0.186416,16.309999,9.520000,9.030000,1770370187.094154
-0.014152,0.283040,0.313296,30.100000,14.350000,9.030000,1770370187.102027
0.015372,0.288408,0.551928,38.570000,20.160000,4.620000,1770370187.110034
0.042944,0.290116,0.841556,44.450001,29.400000,-1.960000,1770370187.118270
0.065636,0.281088,1.130452,48.090000,43.610001,-2.100000,1770370187.126146
0.085888,0.261080,1.338340,52.430000,57.119999,-2.100000,1770370187.134030
0.099308,0.218136,1.480836,51.520000,64.750000,4.620000,1770370187.142030
0.076128,0.132736,1.609668,49.980000,68.250000,11.340000,1770370187.150027
0.032208,0.030988,1.732400,53.200001,66.709999,17.780001,1770370187.158246
-0.021960,-0.088328,1.821460,49.980000,65.870003,25.059999,1770370187.166032
-0.092476,-0.178608,1.878312,42.209999,69.230003,33.040001,1770370187.174080
-0.146888,-0.275232,1.876848,21.559999,77.559998,37.520000,1770370187.182033
-0.229116,-0.413336,1.818532,0.070000,89.879997,41.790001,1770370187.190028
-0.331108,-0.556320,1.756068,-14.350000,107.169998,43.189999,1770370187.198075
-0.485316,-0.682956,1.715564,-27.860001,128.589996,39.480000,1770370187.206025
-0.649772,-0.694912,1.650172,-36.189999,142.100006,24.500000,1770370187.214006
-0.816668,-0.628788,1.549888,-43.750000,150.360001,12.810000,1770370187.222045
-0.939400,-0.509960,1.411540,-47.669998,147.910004,5.740000,1770370187.230160
-1.019432,-0.346236,1.223660,-51.450001,134.399994,-6.860000,1770370187.238086
-1.069696,-0.160308,0.987712,-53.549999,108.220001,-11.200000,1770370187.246025
-1.083360,0.025376,0.772016,-49.070000,71.470001,-20.440001,1770370187.254047
-1.074332,0.138592,0.635620,-45.220001,35.700001,-25.760000,1770370187.262039
-1.005280,0.220332,0.550708,-38.990002,2.310000,-29.330000,1770370187.270024
-0.918660,0.244488,0.489708,-29.540001,-23.940001,-31.010000,1770370187.278087
-0.820572,0.231556,0.428708,-24.780001,-41.230000,-31.570000,1770370187.286028
-0.716384,0.218624,0.367952,-15.540000,-57.750000,-36.330002,1770370187.294118
-0.609024,0.219112,0.289140,-13.020000,-69.440002,-36.889999,1770370187.302031
-0.515084,0.231800,0.210328,-9.310000,-82.739998,-34.790001,1770370187.310012
-0.422852,0.263032,0.129076,-4.690000,-96.739998,-38.150002,1770370187.318114
-0.321592,0.283284,0.086132,-4.550000,-110.529999,-31.990000,1770370187.326024
-0.242536,0.229604,0.087840,-3.430000,-124.040001,-27.440001,1770370187.334028
-0.175680,0.145668,0.096380,-2.310000,-133.279999,-20.930000,1770370187.342102
-0.123220,0.062464,0.121512,3.220000,-135.240005,-13.580000,1770370187.350028
-0.081252,-0.002928,0.173240,15.120000,-134.610001,-4.900000,1770370187.358098
-0.040504,-0.032208,0.295484,28.209999,-122.290001,1.400000,1770370187.366026
-0.018544,-0.036600,0.520696,40.810001,-93.940002,6.230000,1770370187.374013
-0.020984,-0.033184,0.771284,50.680000,-54.880001,7.980000,1770370187.382037
-0.033916,-0.028548,0.984296,57.049999,-14.560000,11.340000,1770370187.390171
-0.099796,-0.056364,1.147288,63.560001,14.630000,11.970000,1770370187.398071
-0.218136,-0.111264,1.274656,74.760002,32.830002,15.610000,1770370187.406029
-0.378444,-0.138348,1.432524,92.610001,39.270000,10.850000,1770370187.414029
-0.559248,-0.090768,1.661884,100.519997,33.599998,10.290000,1770370187.422165
-0.692716,-0.052704,1.846348,86.870003,20.299999,4.410000,1770370187.430033
-0.753472,-0.094672,1.884656,62.509998,-0.140000,-5.110000,1770370187.438083
-0.695156,-0.212036,1.890756,32.340000,-28.910000,-4.130000,1770370187.446032
-0.601460,-0.332084,1.902468,14.910000,-61.740002,-6.510000,1770370187.454045
-0.488488,-0.405040,1.915888,0.910000,-85.750000,-3.780000,1770370187.462044
-0.362828,-0.423096,1.870748,-10.920000,-101.150002,-5.460000,1770370187.470060
-0.228872,-0.369172,1.770220,-20.860001,-106.610001,-7.350000,1770370187.478125
-0.117364,-0.273280,1.639924,-36.119999,-101.919998,-3.710000,1770370187.486161
-0.018788,-0.157136,1.482788,-46.759998,-89.180000,-2.800000,1770370187.494036
0.050508,-0.065636,1.290516,-56.770000,-72.519997,0.350000,1770370187.502038
0.100284,0.018544,1.106296,-62.720001,-55.020000,11.830000,1770370187.510033
0.116632,0.087352,0.932568,-60.060001,-38.360001,18.549999,1770370187.518093
0.107116,0.149328,0.782996,-61.389999,-21.559999,26.389999,1770370187.526039
0.094916,0.205936,0.683688,-54.459999,-10.080000,33.389999,1770370187.534083
0.068808,0.264740,0.595604,-51.869999,-2.450000,32.830002,1770370187.542051
0.024400,0.324276,0.519720,-49.419998,5.600000,36.400002,1770370187.550160
-0.025132,0.382836,0.447496,-48.299999,10.500000,35.279999,1770370187.558412
-0.059780,0.435296,0.376004,-51.310001,14.070000,32.689999,1770370187.566119
-0.083692,0.460428,0.313540,-49.419998,15.050000,29.820000,1770370187.574029
-0.093208,0.465552,0.274744,-43.680000,14.070000,27.440001,1770370187.582034
-0.087840,0.415532,0.250832,-36.680000,11.060000,25.480000,1770370187.590118
-0.070516,0.349896,0.228384,-17.639999,9.730000,22.959999,1770370187.598126
-0.055144,0.294996,0.218624,-0.350000,8.050000,23.309999,1770370187.606029
-0.042700,0.253028,0.223016,20.299999,11.410000,18.480000,1770370187.614019
-0.026352,0.228872,0.302560,36.189999,14.070000,17.360001,1770370187.622047
-0.007076,0.217160,0.461892,44.730000,21.490000,11.830000,1770370187.630088
0.015616,0.219112,0.687592,54.320000,31.570000,1.750000,1770370187.638051
0.038552,0.230580,0.946964,58.520000,46.340000,0.840000,1770370187.646029
0.058804,0.226188,1.186816,64.680000,62.930000,-2.310000,1770370187.654028
0.080764,0.204960,1.347368,64.889999,73.570000,1.750000,1770370187.662195
0.093452,0.135908,1.498160,60.759998,77.980003,9.730000,1770370187.670027
0.073688,0.065148,1.630652,61.880001,77.349998,16.450001,1770370187.678084
0.031964,-0.028792,1.779248,58.660000,71.889999,24.850000,1770370187.686032
-0.052460,-0.136152,1.863428,49.980000,70.349998,31.920000,1770370187.694116
-0.125416,-0.246196,1.874408,30.450001,74.129997,40.810001,1770370187.702059
-0.205936,-0.397232,1.817312,10.080000,84.000000,48.930000,1770370187.710019
-0.309148,-0.558516,1.749480,-4.690000,98.629997,50.750000,1770370187.718108
-0.446764,-0.696620,1.710684,-17.990000,117.180000,50.540001,1770370187.726040
-0.607560,-0.738832,1.694336,-22.330000,133.630005,37.799999,1770370187.734075
-0.778604,-0.697840,1.647488,-32.130001,144.690002,25.059999,1770370187.742067
-0.917684,-0.552172,1.586732,-39.340000,147.070007,10.920000,1770370187.750041
-1.008696,-0.329644,1.459852,-44.099998,134.470001,-1.400000,1770370187.758096
-1.050908,-0.085644,1.237568,-48.860001,110.739998,-8.750000,1770370187.766057
-1.067256,0.114924,0.972584,-48.020000,74.900002,-16.940001,1770370187.774196
-1.031144,0.242780,0.774700,-49.910000,37.240002,-25.690001,1770370187.782028
-0.952820,0.309880,0.660020,-47.110001,2.380000,-29.889999,1770370187.790031
-0.870104,0.306464,0.579012,-40.880001,-20.719999,-27.299999,1770370187.798072
-0.773968,0.283040,0.508740,-36.119999,-35.349998,-28.840000,1770370187.806044
-0.672220,0.262056,0.418704,-28.559999,-47.110001,-29.820000,1770370187.814020
-0.578524,0.264252,0.322568,-23.870001,-56.000000,-29.190001,1770370187.822027
-0.494344,0.284016,0.247416,-22.190001,-63.560001,-30.940001,1770370187.830039
-0.416752,0.300852,0.188368,-21.000000,-70.769997,-32.759998,1770370187.838080
-0.340380,0.296460,0.167140,-20.790001,-79.449997,-30.870001,1770370187.846040
-0.274012,0.234484,0.171532,-17.780001,-86.519997,-32.689999,1770370187.854047
-0.215208,0.172264,0.173484,-18.760000,-91.980003,-23.870001,1770370187.862044
-0.174704,0.115656,0.175436,-15.400000,-94.849998,-17.150000,1770370187.870122
-0.137616,0.068320,0.201056,-5.810000,-95.199997,-9.100000,1770370187.878114
-0.114680,0.015616,0.272304,3.850000,-92.190002,-0.210000,1770370187.886031
-0.101992,-0.040748,0.376736,21.420000,-83.440002,8.260000,1770370187.894045
-0.108336,-0.073688,0.527772,37.099998,-64.680000,17.360001,1770370187.902037
-0.133956,-0.090280,0.715408,50.750000,-37.660000,21.420000,1770370187.910065
-0.181292,-0.116876,0.915976,63.910000,-8.470000,24.990000,1770370187.918207
-0.253516,-0.159820,1.085312,76.300003,17.709999,24.500000,1770370187.926018
-0.384788,-0.202764,1.223416,94.080002,35.279999,17.850000,1770370187.934040
-0.550220,-0.231800,1.340536,104.790001,41.020000,14.140000,1770370187.942049
-0.722484,-0.219600,1.473516,107.449997,39.480000,5.740000,1770370187.950064
-0.832772,-0.213500,1.607472,99.120003,25.059999,-2.450000,1770370187.958201
-0.881084,-0.252052,1.729960,75.180000,0.280000,-10.500000,1770370187.966044
-0.809104,-0.344284,1.847324,48.650002,-33.669998,-19.670000,1770370187.974061
-0.655628,-0.442372,1.891488,22.190001,-68.320000,-17.780001,1770370187.982034
-0.489220,-0.500444,1.887340,6.230000,-99.400002,-11.060000,1770370187.990056
-0.322568,-0.484340,1.852936,-5.880000,-118.019997,-8.400000,1770370187.998142
-0.179096,-0.384056,1.782664,-19.110001,-123.620003,-2.100000,1770370188.006024
-0.066124,-0.237168,1.676280,-30.240000,-117.040001,1.050000,1770370188.014038
0.020252,-0.111508,1.498160,-46.200001,-99.400002,9.030000,1770370188.022104
0.079300,-0.003172,1.311744,-58.099998,-78.400002,19.040001,1770370188.030069
0.101748,0.081984,1.123376,-64.120003,-55.369999,31.150000,1770370188.038112
0.094916,0.148352,0.953064,-66.430000,-30.870001,40.459999,1770370188.046033
0.069784,0.203984,0.813008,-62.439999,-10.290000,46.619999,1770370188.054116
0.031476,0.262056,0.696376,-59.990002,6.930000,50.119999,1770370188.062254
-0.018544,0.316712,0.616832,-52.919998,19.180000,52.919998,1770370188.070175
-0.068320,0.385764,0.551196,-48.790001,29.820000,49.770000,1770370188.078170
-0.116388,0.446032,0.501176,-48.860001,34.369999,46.410000,1770370188.086034
-0.146156,0.493368,0.459452,-47.669998,34.720001,43.049999,1770370188.094040
-0.175436,0.529724,0.424316,-51.310001,31.010000,38.779999,1770370188.102033
-0.186416,0.530944,0.381128,-52.779999,24.080000,33.250000,1770370188.110018
-0.185928,0.499468,0.334524,-49.560001,12.810000,33.459999,1770370188.118224
-0.174460,0.456036,0.292800,-40.880001,4.200000,30.240000,1770370188.126038
-0.159332,0.402112,0.260348,-25.410000,-5.600000,32.060001,1770370188.134163
-0.156892,0.348920,0.233508,-11.900000,-11.620000,30.450001,1770370188.142029
-0.116632,0.273036,0.251808,3.640000,-18.270000,27.790001,1770370188.150033
-0.069296,0.236680,0.349652,21.980000,-21.910000,20.790001,1770370188.158079
-0.026596,0.209596,0.534848,34.509998,-20.160000,15.330000,1770370188.166068
0.011468,0.213256,0.767624,47.740002,-10.290000,11.830000,1770370188.174033
0.050508,0.208620,1.014796,58.099998,1.960000,7.770000,1770370188.182028
0.094916,0.199592,1.235372,60.970001,17.920000,9.660000,1770370188.190034
0.134444,0.148352,1.409588,64.959999,31.990000,13.020000,1770370188.198092
0.150060,0.075396,1.561112,60.900002,42.840000,22.049999,1770370188.206016
0.140544,-0.013664,1.723616,61.740002,51.099998,26.320000,1770370188.214013
0.091256,-0.087596,1.835612,57.750000,58.660000,35.419998,1770370188.222028
0.023668,-0.091988,1.852204,46.340000,68.110001,40.250000,1770370188.230059
-0.053436,-0.215452,1.823168,30.240000,79.800003,49.560001,1770370188.238072
-0.130052,-0.365512,1.736792,11.340000,98.559998,64.610001,1770370188.246023
-0.306464,-0.611464,1.673840,-3.710000,123.620003,67.830002,1770370188.254021
-0.462624,-0.748104,1.614548,-15.120000,145.949997,66.989998,1770370188.262053
-0.675148,-0.778604,1.566480,-21.980000,161.559998,54.599998,1770370188.270210
-0.876692,-0.699548,1.507432,-28.139999,168.139999,36.959999,1770370188.278086
-1.046028,-0.523136,1.441308,-36.119999,164.990005,24.920000,1770370188.286024
-1.147776,-0.282796,1.307596,-44.099998,147.490005,14.420000,1770370188.294030
-1.174372,-0.042700,1.107028,-47.880001,111.230003,6.300000,1770370188.302078
-1.170224,0.101260,0.904020,-51.730000,67.480003,2.940000,1770370188.310026
-1.111176,0.191052,0.765916,-52.990002,24.570000,-2.450000,1770370188.318094
-1.013576,0.236680,0.698572,-49.209999,-12.040000,-1.750000,1770370188.326025
-0.900116,0.256200,0.630740,-44.450001,-42.349998,-3.780000,1770370188.334043
-0.781776,0.269132,0.532408,-38.360001,-61.529999,-5.810000,1770370188.342077
-0.666852,0.295240,0.437980,-34.439999,-74.830002,-9.870000,1770370188.350019
-0.558760,0.324764,0.360632,-31.990000,-81.900002,-12.530000,1770370188.358070
-0.467260,0.345748,0.303048,-33.529999,-85.889999,-18.059999,1770370188.366042
-0.368928,0.341112,0.272060,-33.110001,-90.300003,-18.830000,1770370188.374038
-0.291336,0.301096,0.254004,-31.219999,-92.959999,-17.290001,1770370188.382153
-0.224724,0.261812,0.242780,-30.450001,-94.430000,-11.410000,1770370188.390028
-0.169092,0.228872,0.240828,-25.480000,-96.949997,-11.340000,1770370188.398079
-0.127124,0.198372,0.241316,-21.139999,-95.970001,-3.010000,1770370188.406032
-0.102968,0.157380,0.258396,-10.220000,-94.779999,2.800000,1770370188.414125
-0.088328,0.098088,0.304512,1.120000,-90.440002,13.510000,1770370188.422033
-0.084424,0.039528,0.382348,16.030001,-76.790001,25.549999,1770370188.430033
-0.098820,0.002440,0.527772,31.219999,-55.369999,31.570000,1770370188.438098
-0.126880,-0.012688,0.728584,39.480000,-25.059999,37.310001,1770370188.446038
-0.164700,-0.034892,0.925248,47.180000,3.640000,35.070000,1770370188.454068
-0.237168,-0.078812,1.086532,51.660000,25.410000,39.900002,1770370188.462060
-0.347700,-0.130540,1.202188,58.520000,35.840000,39.270000,1770370188.470042
-0.480436,-0.184220,1.291736,70.769997,38.570000,37.099998,1770370188.478198
-0.624396,-0.215940,1.375672,75.180000,32.900002,34.299999,1770370188.486027
-0.733464,-0.243756,1.452776,73.570000,23.170000,26.320000,1770370188.494042
-0.774944,-0.279868,1.542812,60.759998,5.600000,22.820000,1770370188.502165
-0.735904,-0.343552,1.665788,41.020000,-16.660000,16.170000,1770370188.510058
-0.650260,-0.401624,1.740696,25.549999,-41.020000,10.990000,1770370188.518101
-0.518500,-0.436272,1.769000,9.730000,-63.000000,17.290001,1770370188.526042
-0.385520,-0.417728,1.763876,1.260000,-80.220001,11.830000,1770370188.534180
-0.256200,-0.355508,1.711904,-10.360000,-85.750000,18.900000,1770370188.542028
-0.137372,-0.242536,1.608448,-24.219999,-83.510002,20.930000,1770370188.550030
-0.050264,-0.114924,1.463512,-35.419998,-71.959999,27.230000,1770370188.558085
-0.006100,0.006100,1.289052,-44.869999,-56.419998,33.950001,1770370188.566152
0.012444,0.092720,1.129232,-49.000000,-37.799999,39.759998,1770370188.574031
0.008540,0.191296,0.984784,-52.009998,-17.010000,46.200001,1770370188.582043
0.001220,0.232776,0.884012,-53.549999,-0.490000,49.000000,1770370188.590045
-0.026108,0.277184,0.805688,-52.220001,13.930000,48.090000,1770370188.598163
-0.051240,0.343064,0.723704,-52.990002,23.100000,47.880001,1770370188.606014
-0.090524,0.391376,0.662460,-48.790001,26.389999,43.470001,1770370188.614030
-0.125904,0.462380,0.604632,-50.330002,28.350000,37.660000,1770370188.622017
-0.150792,0.522648,0.579256,-51.869999,25.830000,37.590000,1770370188.630036
-0.161040,0.573888,0.563152,-53.689999,21.490000,31.010000,1770370188.638098
-0.172020,0.571448,0.560956,-55.299999,16.170000,29.540001,1770370188.646098
-0.156404,0.535824,0.545096,-52.360001,13.650000,34.509998,1770370188.654065
-0.141276,0.492636,0.498736,-44.450001,9.170000,34.020000,1770370188.662119
-0.113216,0.436272,0.439932,-33.669998,2.520000,34.650002,1770370188.670071
-0.094916,0.368928,0.374784,-18.410000,-4.480000,34.369999,1770370188.678096
-0.067100,0.301828,0.318420,-3.710000,-10.220000,31.850000,1770370188.686213
-0.023912,0.209596,0.324032,10.990000,-10.570000,28.139999,1770370188.694033
0.010736,0.152744,0.399184,24.360001,-5.040000,27.230000,1770370188.702028
0.041236,0.121024,0.567056,32.340000,9.520000,26.110001,1770370188.710111
0.062220,0.096380,0.800564,36.189999,30.940001,25.620001,1770370188.718193
0.082228,0.062708,1.031632,34.090000,56.349998,27.230000,1770370188.726028
0.097600,0.002684,1.236104,36.400002,75.669998,32.830002,1770370188.734057
0.081496,-0.091256,1.415688,35.980000,87.570000,34.720001,1770370188.742118
0.021716,-0.180804,1.601616,37.660000,92.330002,42.000000,1770370188.750033
-0.063440,-0.242536,1.747528,39.340000,90.230003,43.959999,1770370188.758118
-0.157624,-0.246928,1.797548,32.200001,85.680000,47.529999,1770370188.766043
-0.230824,-0.268156,1.774368,18.129999,81.550003,49.560001,1770370188.774059
-0.300364,-0.375516,1.693604,0.000000,85.750000,50.119999,1770370188.782035
-0.384056,-0.523868,1.642608,-12.880000,98.629997,52.009998,1770370188.790035
-0.493612,-0.672708,1.630164,-21.629999,117.529999,43.610001,1770370188.798098
-0.635132,-0.724436,1.615036,-29.330000,133.839996,35.770000,1770370188.806125
-0.784216,-0.623176,1.526952,-33.459999,140.839996,17.430000,1770370188.814060
-0.878156,-0.382592,1.392996,-38.430000,138.949997,5.950000,1770370188.822036
-0.927200,-0.096868,1.237812,-39.900002,120.889999,-3.780000,1770370188.830016
-0.955748,0.143228,1.097268,-36.259998,95.129997,-18.410000,1770370188.838106
-0.915732,0.327936,1.005768,-28.910000,61.110001,-28.840000,1770370188.846062
-0.829600,0.424316,0.945988,-20.440001,32.060001,-38.639999,1770370188.854209
-0.734196,0.443836,0.874984,-14.700000,7.910000,-42.279999,1770370188.862217
-0.628544,0.462380,0.772748,-12.880000,-6.580000,-43.330002,1770370188.870028
-0.544120,0.454328,0.638548,-15.890000,-15.610000,-40.389999,1770370188.878087
-0.484096,0.445300,0.492636,-24.570000,-17.500000,-33.810001,1770370188.886065
-0.423340,0.411140,0.379908,-31.990000,-20.160000,-34.580002,1770370188.894033
-0.377712,0.342088,0.321836,-39.340000,-19.389999,-26.040001,1770370188.902124
-0.348676,0.247660,0.316468,-42.349998,-18.830000,-24.219999,1770370188.910060
-0.329888,0.161528,0.342088,-41.090000,-16.450001,-19.600000,1770370188.918095
-0.326960,0.112240,0.365756,-38.430000,-13.160000,-11.060000,1770370188.926027
-0.344040,0.099796,0.381128,-27.090000,-12.460000,-11.900000,1770370188.934165
-0.359900,0.114924,0.394792,-17.219999,-13.580000,-10.500000,1770370188.942014
-0.352580,0.126880,0.381128,-3.640000,-20.160000,-8.190000,1770370188.950037
-0.344772,0.118096,0.343064,13.230000,-28.280001,-4.480000,1770370188.958078
-0.345260,0.072712,0.332084,27.090000,-35.490002,7.210000,1770370188.966047
-0.346724,-0.010248,0.345016,45.290001,-39.689999,18.200001,1770370188.974034
-0.341112,-0.069784,0.425292,58.310001,-35.910000,31.920000,1770370188.982033
-0.351360,-0.095404,0.588040,67.199997,-22.680000,40.810001,1770370188.990056
-0.397964,-0.102724,0.788608,73.010002,-3.570000,44.520000,1770370188.998147
-0.479216,-0.138348,0.996008,76.440002,16.379999,43.259998,1770370189.006034
-0.620492,-0.230824,1.119716,76.860001,33.389999,34.930000,1770370189.014028
-0.774700,-0.347212,1.163148,75.739998,43.330002,20.230000,1770370189.022178
-0.913780,-0.457256,1.191940,71.750000,45.779999,9.450000,1770370189.030031
-0.988200,-0.553392,1.257576,71.190002,35.910000,-8.050000,1770370189.038052
-0.989908,-0.612928,1.373964,67.970001,13.860000,-16.309999,1770370189.046029
-0.945256,-0.658312,1.520120,64.889999,-16.379999,-17.080000,1770370189.054163
-0.815692,-0.610000,1.673352,58.869999,-53.200001,-12.810000,1770370189.062359
-0.651236,-0.487756,1.778760,49.490002,-84.839996,-9.730000,1770370189.070287
-0.489220,-0.275964,1.808284,40.669998,-107.660004,-9.170000,1770370189.078285
-0.361120,-0.048800,1.779736,24.850000,-115.360001,-10.290000,1770370189.086064
-0.259860,0.149816,1.724348,10.220000,-103.529999,-15.400000,1770370189.094046
-0.159332,0.305000,1.606740,-7.000000,-82.529999,-16.799999,1770370189.102051
-0.096380,0.387472,1.448628,-28.350000,-53.480000,-14.910000,1770370189.110041
-0.051728,0.431636,1.257576,-43.330002,-24.709999,-12.810000,1770370189.118152
-0.037332,0.471896,1.078236,-56.980000,-0.630000,-5.250000,1770370189.126031
-0.041724,0.501664,0.945012,-63.209999,16.730000,3.500000,1770370189.134145
-0.073200,0.521184,0.829844,-69.790001,27.020000,7.420000,1770370189.142033
-0.124684,0.514596,0.713456,-73.010002,28.000000,15.190000,1770370189.150021
-0.172508,0.516304,0.602924,-71.750000,23.030001,12.950000,1770370189.158200
-0.200812,0.524356,0.515572,-68.739998,18.059999,16.520000,1770370189.166175
-0.233264,0.526796,0.443104,-64.540001,13.020000,15.120000,1770370189.174028
-0.249612,0.519964,0.385032,-63.560001,7.420000,16.590000,1770370189.182044
-0.259860,0.492148,0.325740,-67.900002,-1.260000,16.309999,1770370189.190171
-0.255224,0.447496,0.260592,-70.070000,-9.310000,17.219999,1770370189.198121
-0.242536,0.399428,0.211792,-69.440002,-16.450001,19.600000,1770370189.206027
-0.219600,0.346968,0.196420,-57.119999,-19.250000,13.720000,1770370189.214036
-0.177876,0.286456,0.219844,-42.700001,-20.020000,18.760000,1770370189.222104
-0.137616,0.240584,0.252784,-24.780001,-18.200001,14.560000,1770370189.230027
-0.092476,0.197396,0.310368,-3.990000,-12.600000,11.340000,1770370189.238093
-0.061488,0.161284,0.408212,10.990000,-3.500000,12.180000,1770370189.246037
-0.050264,0.133956,0.576572,25.900000,10.640000,9.030000,1770370189.254066
-0.064660,0.111508,0.801784,32.340000,28.139999,12.950000,1770370189.262022
-0.095648,0.085156,1.054812,34.020000,50.470001,18.059999,1770370189.270065
-0.151280,0.022692,1.265872,33.669998,64.330002,19.110001,1770370189.278121
-0.248636,-0.070760,1.474492,29.120001,73.570000,26.740000,1770370189.286034
-0.363560,-0.154696,1.689456,31.080000,73.360001,30.450001,1770370189.294056
-0.486780,-0.202276,1.754848,22.120001,62.230000,38.150002,1770370189.302096
-0.596336,-0.246928,1.660420,6.860000,48.790001,40.250000,1770370189.310027
-0.629032,-0.345748,1.496208,-4.340000,34.790001,39.689999,1770370189.318098
-0.644648,-0.468480,1.424960,-11.550000,30.799999,41.580002,1770370189.326026
-0.669536,-0.607316,1.490596,-12.950000,34.509998,32.130001,1770370189.334050
-0.704672,-0.684176,1.619184,-15.960000,45.360001,23.520000,1770370189.342041
-0.735904,-0.639524,1.696532,-18.129999,57.680000,4.900000,1770370189.350018
-0.759816,-0.475312,1.651392,-22.540001,63.700001,-5.040000,1770370189.358082
-0.769820,-0.247660,1.521828,-29.540001,60.970001,-15.470000,1770370189.366044
-0.759328,0.002440,1.343952,-33.669998,48.230000,-19.600000,1770370189.374120
-0.740052,0.189588,1.179984,-39.340000,33.669998,-30.870001,1770370189.382060
-0.687348,0.305244,1.038220,-41.790001,18.410000,-37.730000,1770370189.390036
-0.615612,0.346480,0.921100,-39.549999,7.070000,-40.880001,1770370189.398082
-0.546316,0.365268,0.816180,-38.290001,0.420000,-46.270000,1770370189.406076
-0.472628,0.362584,0.724436,-29.750000,-3.080000,-49.490002,1770370189.414066
-0.412604,0.358680,0.615612,-24.850000,-3.430000,-47.810001,1770370189.422038
-0.358924,0.350628,0.525820,-18.969999,-4.480000,-48.860001,1770370189.430037
-0.311344,0.344528,0.461404,-11.970000,-4.060000,-45.779999,1770370189.438092
-0.276940,0.319640,0.449204,-7.140000,-3.850000,-47.250000,1770370189.446104
-0.254248,0.269864,0.479460,-0.210000,-1.750000,-44.799999,1770370189.454020
-0.257908,0.222772,0.505324,4.130000,3.640000,-41.439999,1770370189.462037
-0.289384,0.197152,0.499956,7.350000,9.310000,-31.010000,1770370189.470213
-0.335744,0.185196,0.458720,10.080000,7.910000,-29.049999,1770370189.478081
-0.368928,0.143228,0.407236,6.930000,5.740000,-27.580000,1770370189.486031
-0.396988,0.078812,0.364292,9.240000,-0.280000,-22.190001,1770370189.494053
-0.419680,-0.007076,0.332328,14.350000,-4.620000,-14.560000,1770370189.502175
-0.454084,-0.087108,0.317688,24.430000,-7.840000,6.650000,1770370189.510028
-0.492636,-0.173728,0.364292,36.119999,-6.720000,18.200001,1770370189.518104
-0.534848,-0.254736,0.452132,47.459999,-1.050000,36.750000,1770370189.526042
-0.619028,-0.339160,0.588040,57.889999,7.350000,39.970001,1770370189.534106
-0.745420,-0.444080,0.777872,64.889999,18.760000,42.139999,1770370189.542034
-0.889624,-0.541192,0.974780,68.389999,29.330000,30.590000,1770370189.550075
-1.030656,-0.604876,1.145824,75.949997,33.599998,17.219999,1770370189.558059
-1.145336,-0.668316,1.266848,78.750000,30.799999,3.290000,1770370189.566080
-1.214632,-0.729560,1.331020,77.279999,16.799999,-13.720000,1770370189.574043
-1.185352,-0.768356,1.357128,71.050003,-16.660000,-24.219999,1770370189.582126
-1.064816,-0.793244,1.364448,65.519997,-59.779999,-26.110001,1770370189.590030
-0.843996,-0.712480,1.437648,62.090000,-106.050003,-20.090000,1770370189.598083
-0.583160,-0.552416,1.555256,60.900002,-148.679993,-11.060000,1770370189.606099
-0.386496,-0.341844,1.663104,56.209999,-177.449997,-8.960000,1770370189.614054
-0.246196,-0.129320,1.719956,44.869999,-179.339996,-6.720000,1770370189.622027
-0.103212,0.103700,1.703364,27.299999,-157.919998,-11.200000,1770370189.630039
0.007564,0.286212,1.596492,7.840000,-119.489998,-5.740000,1770370189.638084
0.074664,0.398940,1.399340,-8.330000,-77.000000,-4.130000,1770370189.646051
0.092232,0.460428,1.182668,-22.120001,-36.049999,4.550000,1770370189.654030
0.055632,0.507520,1.009672,-29.330000,1.260000,15.400000,1770370189.662034
-0.020984,0.526796,0.880108,-36.189999,26.459999,24.219999,1770370189.670050
-0.104676,0.541192,0.775676,-41.160000,41.299999,24.500000,1770370189.678122
-0.184708,0.563640,0.681980,-46.759998,44.450001,21.490000,1770370189.686026
-0.261812,0.571692,0.584136,-45.919998,41.930000,20.160000,1770370189.694093
-0.314760,0.569008,0.515816,-49.910000,31.360001,12.810000,1770370189.702028
-0.353068,0.550708,0.468724,-49.980000,17.360001,7.210000,1770370189.710035
-0.355508,0.513620,0.427244,-50.330002,-0.700000,0.350000,1770370189.718090
-0.346480,0.471652,0.390644,-51.520000,-20.580000,-4.130000,1770370189.726045
-0.319640,0.434564,0.359168,-48.020000,-42.560001,-6.020000,1770370189.734029
-0.287920,0.388692,0.324520,-43.330002,-60.340000,-5.600000,1770370189.742032
-0.238632,0.307928,0.283284,-38.779999,-75.320000,-3.080000,1770370189.750068
-0.175680,0.227164,0.273036,-31.360001,-84.419998,-4.830000,1770370189.758115
-0.109068,0.159088,0.313540,-22.330000,-84.629997,-2.310000,1770370189.766046
-0.053924,0.090768,0.397964,-10.710000,-77.000000,-1.330000,1770370189.774093
0.000000,0.049776,0.521672,1.890000,-59.009998,2.520000,1770370189.782063
0.040992,0.017812,0.677588,11.410000,-38.150002,5.320000,1770370189.790020
0.079056,-0.002440,0.834724,21.350000,-17.709999,4.200000,1770370189.798212
0.108824,-0.029036,0.996008,23.520000,-0.280000,3.850000,1770370189.806037
0.130540,-0.096624,1.180472,30.170000,14.630000,3.640000,1770370189.814067
0.134444,-0.177144,1.397876,40.320000,30.520000,7.350000,1770370189.822020
0.108092,-0.221064,1.619916,49.209999,48.439999,13.580000,1770370189.830042
0.073932,-0.189832,1.740940,53.549999,60.340000,16.450001,1770370189.838085
0.008052,-0.132248,1.737036,44.169998,71.680000,24.709999,1770370189.846047
-0.070272,-0.141032,1.660176,30.660000,79.239998,28.139999,1770370189.854091
-0.168848,-0.227408,1.580144,16.799999,92.400002,37.799999,1770370189.862024
-0.292800,-0.341844,1.529636,4.690000,108.709999,39.130001,1770370189.870043
-0.441396,-0.428952,1.499380,-1.890000,126.839996,25.059999,1770370189.878096
-0.573888,-0.451156,1.464244,-14.980000,137.830002,13.090000,1770370189.886023
-0.699304,-0.389912,1.414468,-20.790001,144.130005,-4.340000,1770370189.894058
-0.784704,-0.269864,1.344196,-29.190001,139.929993,-16.379999,1770370189.902067
-0.836432,-0.136640,1.241228,-30.030001,125.300003,-25.900000,1770370189.910027
-0.874496,-0.036844,1.117764,-27.370001,103.320000,-33.669998,1770370189.918082
-0.878888,0.036356,1.012112,-29.540001,79.099998,-36.680000,1770370189.926012
-0.857172,0.099308,0.922564,-32.900002,55.160000,-38.290001,1770370189.934150
-0.819108,0.151768,0.837652,-39.970001,34.790001,-38.009998,1770370189.942030
-0.762256,0.190320,0.767380,-45.849998,17.639999,-35.490002,1770370189.950040
-0.699792,0.194224,0.725656,-49.910000,4.130000,-33.250000,1770370189.958075
-0.649772,0.158600,0.710772,-51.660000,-4.690000,-26.320000,1770370189.966263
-0.620980,0.130296,0.701256,-46.970001,-6.930000,-24.570000,1770370189.974051
-0.612440,0.148596,0.665388,-37.869999,-6.720000,-20.930000,1770370189.982033
-0.611952,0.193736,0.581208,-28.910000,-5.180000,-19.740000,1770370189.990068
-0.616344,0.238144,0.485316,-23.940001,-3.500000,-23.450001,1770370189.998138
-0.634400,0.272304,0.394792,-21.420000,-4.270000,-29.750000,1770370190.006030
-0.647088,0.295240,0.327204,-20.090000,-6.930000,-34.299999,1770370190.014044
-0.651480,0.288164,0.298900,-19.950001,-10.080000,-36.049999,1770370190.022168
-0.657580,0.258884,0.311588,-17.709999,-11.410000,-32.970001,1770370190.030079
-0.650260,0.203984,0.367464,-7.420000,-11.620000,-25.690001,1770370190.038149
-0.658800,0.139080,0.434808,0.910000,-12.810000,-14.350000,1770370190.046140
-0.666608,0.056120,0.488976,14.000000,-17.150000,-7.140000,1770370190.054028
-0.672464,-0.041480,0.514596,25.969999,-23.450001,3.990000,1770370190.062359
-0.681492,-0.154452,0.519964,38.009998,-31.360001,17.290001,1770370190.070331
-0.694180,-0.279868,0.505568,47.880001,-40.250000,25.760000,1770370190.078108
-0.718824,-0.417240,0.510204,53.759998,-47.459999,35.279999,1770370190.086030
-0.750300,-0.541436,0.577792,62.439999,-54.880001,39.130001,1770370190.094038
-0.781532,-0.653188,0.716872,65.099998,-61.459999,40.459999,1770370190.102153
-0.794464,-0.727608,0.907192,66.989998,-65.870003,35.209999,1770370190.110028
-0.772260,-0.712236,1.100196,69.930000,-69.580002,20.230000,1770370190.118143
-0.709552,-0.651724,1.246840,73.220001,-68.110001,13.020000,1770370190.126012
-0.617076,-0.560468,1.309548,77.839996,-71.889999,6.650000,1770370190.134032
-0.513132,-0.469212,1.327116,78.190002,-83.440002,4.410000,1770370190.142046
-0.398452,-0.354532,1.356640,71.680000,-99.750000,4.060000,1770370190.150038
-0.290116,-0.226432,1.400804,58.099998,-111.160004,8.820000,1770370190.158091
-0.180072,-0.078324,1.410564,38.290001,-111.790001,11.270000,1770370190.166028
-0.089792,0.051972,1.406172,23.309999,-100.169998,14.070000,1770370190.174162
-0.013420,0.180560,1.366400,7.980000,-80.080002,11.480000,1770370190.182021
0.027328,0.276452,1.300032,-3.990000,-55.580002,13.510000,1770370190.190008
0.013176,0.344772,1.202920,-12.460000,-28.350000,10.780000,1770370190.198093
-0.039040,0.396012,1.085068,-21.209999,-3.570000,10.710000,1770370190.206025
-0.111020,0.440664,0.962580,-27.230000,17.430000,7.560000,1770370190.214025
-0.194468,0.466040,0.857416,-38.360001,36.889999,8.470000,1770370190.222005
-0.275964,0.451888,0.772260,-47.459999,48.580002,7.910000,1770370190.230181
-0.342576,0.452132,0.710528,-57.889999,51.799999,3.430000,1770370190.238063
-0.418460,0.448228,0.683200,-71.120003,53.270000,1.190000,1770370190.246033
-0.467992,0.436272,0.689300,-77.000000,47.389999,-0.630000,1770370190.254025
-0.492392,0.404552,0.724436,-77.980003,35.840000,1.050000,1770370190.262001
-0.502396,0.351604,0.774944,-78.889999,17.080000,-3.080000,1770370190.270052
-0.492880,0.283284,0.819840,-70.699997,-7.910000,-3.780000,1770370190.278074
-0.467504,0.219600,0.848144,-63.209999,-30.100000,-6.370000,1770370190.286058
-0.422852,0.174704,0.873276,-49.980000,-51.799999,-4.690000,1770370190.294031
-0.363560,0.149572,0.911096,-42.209999,-72.309998,0.210000,1770370190.302028
-0.280112,0.119560,0.955748,-37.240002,-86.589996,2.310000,1770370190.310026
-0.190808,0.067832,0.986980,-33.459999,-97.089996,4.480000,1770370190.318090
-0.087596,-0.002440,1.000156,-27.650000,-99.959999,4.760000,1770370190.326005
0.016836,-0.083448,1.019676,-19.389999,-96.739998,6.720000,1770370190.334030
0.124928,-0.160308,0.992592,-8.680000,-88.970001,11.690000,1770370190.342027
0.231800,-0.222528,0.951844,4.200000,-79.239998,16.309999,1770370190.350066
0.312076,-0.243268,0.896944,12.880000,-65.519997,22.190001,1770370190.358146
0.372588,-0.253760,0.845460,17.850000,-49.700001,29.610001,1770370190.366022
0.416996,-0.277916,0.821060,17.150000,-28.910000,38.990002,1770370190.374030
0.450668,-0.315004,0.810080,18.900000,-2.240000,45.709999,1770370190.382062
0.454328,-0.376248,0.844728,20.650000,27.860001,60.480000,1770370190.390036
0.426512,-0.415776,0.903532,25.969999,61.810001,68.879997,1770370190.398079
0.339160,-0.423096,0.926224,28.910000,95.410004,78.540001,1770370190.406032
0.227164,-0.356728,0.915000,30.450001,123.129997,79.519997,1770370190.414068
0.083936,-0.255712,0.955260,29.330000,147.139999,77.279999,1770370190.422019
-0.052704,-0.149084,1.058472,24.010000,164.990005,74.690002,1770370190.430036
-0.223748,-0.104920,1.192672,16.100000,181.720001,62.790001,1770370190.438075
-0.417484,-0.092476,1.283928,5.250000,193.899994,55.720001,1770370190.446031
-0.620492,-0.096624,1.290028,0.980000,203.630005,39.689999,1770370190.454138
-0.815204,-0.090280,1.214876,-4.130000,208.039993,25.830000,1770370190.462025
-0.990884,-0.081008,1.123132,-7.630000,200.550003,8.820000,1770370190.470086
-1.114104,-0.064904,1.051884,-8.050000,183.679993,-8.190000,1770370190.478188
-1.186328,-0.044408,0.995764,-9.100000,157.710007,-18.620001,1770370190.486053
-1.205116,-0.012444,0.956724,-2.450000,121.940002,-28.490000,1770370190.494038
-1.185108,0.039284,0.956724,0.630000,79.169998,-32.410000,1770370190.502146
-1.139480,0.088328,0.989908,-1.680000,36.470001,-32.340000,1770370190.510027
-1.063840,0.142984,1.003328,-2.450000,-2.590000,-37.240002,1770370190.518151
-0.966240,0.192516,0.950136,-3.920000,-30.799999,-29.610001,1770370190.526041
-0.855708,0.222528,0.868152,-4.340000,-51.310001,-35.139999,1770370190.534036
-0.739076,0.246928,0.760792,-5.880000,-63.560001,-35.349998,1770370190.542029
-0.635132,0.272060,0.687836,-6.650000,-69.019997,-37.240002,1770370190.550115
-0.545828,0.265472,0.635620,-6.930000,-62.650002,-39.619999,1770370190.558051
-0.477020,0.263520,0.613172,-6.440000,-52.570000,-40.880001,1770370190.566029
-0.436028,0.256200,0.615856,-2.450000,-35.139999,-47.810001,1770370190.574091
-0.400648,0.242780,0.626104,3.920000,-14.700000,-49.070000,1770370190.582036
-0.377224,0.201544,0.639036,10.430000,6.860000,-45.290001,1770370190.590029
-0.403332,0.145180,0.649772,18.480000,32.060001,-40.389999,1770370190.598075
-0.455060,0.085644,0.649772,23.870001,54.950001,-31.150000,1770370190.606023
-0.535336,0.033916,0.644648,26.180000,72.660004,-23.309999,1770370190.614069
-0.621224,-0.026840,0.633424,21.000000,84.349998,-11.760000,1770370190.622018
-0.709064,-0.109556,0.623420,14.420000,87.639999,0.350000,1770370190.630085
-0.789096,-0.200812,0.614392,11.970000,83.860001,9.450000,1770370190.638076
-0.867420,-0.283528,0.618540,7.630000,72.379997,17.219999,1770370190.646036
-0.930860,-0.354044,0.627812,10.780000,55.230000,23.030001,1770370190.654165
-0.992104,-0.419192,0.650260,16.309999,36.119999,25.760000,1770370190.662076
-1.034560,-0.484584,0.665144,23.450001,12.460000,24.219999,1770370190.670082
-1.057740,-0.528260,0.694912,35.490002,-11.410000,16.520000,1770370190.678080
-1.043344,-0.505080,0.761768,51.520000,-32.900002,11.620000,1770370190.686013
-0.985516,-0.403332,0.863516,68.739998,-53.130001,4.130000,1770370190.694027
-0.892308,-0.244000,0.928176,80.500000,-74.550003,3.080000,1770370190.702029
-0.793976,-0.102968,0.936228,89.320000,-94.849998,-3.430000,1770370190.710215
-0.706868,0.015616,0.923784,92.120003,-112.349998,-4.690000,1770370190.718070
-0.626836,0.104920,0.915000,89.320000,-121.519997,-7.700000,1770370190.726009
-0.554124,0.174948,0.932324,80.500000,-126.070000,-11.410000,1770370190.734034
-0.465552,0.232044,0.970144,66.639999,-124.739998,-12.670000,1770370190.742028
-0.369904,0.286456,1.013576,50.119999,-120.260002,-13.580000,1770370190.750072
-0.276696,0.327936,1.056276,36.119999,-111.650002,-15.610000,1770370190.758079
-0.195932,0.337940,1.082384,19.320000,-100.870003,-16.100000,1770370190.766036
-0.133956,0.330864,1.087020,7.210000,-87.220001,-17.500000,1770370190.774071
-0.107360,0.332816,1.076528,-1.890000,-71.540001,-20.370001,1770370190.782034
-0.098088,0.338428,1.036024,-7.910000,-54.810001,-25.340000,1770370190.790031
-0.109800,0.347700,0.982344,-10.570000,-41.230000,-31.639999,1770370190.798063
-0.131760,0.340868,0.922320,-15.750000,-28.350000,-41.369999,1770370190.806101
-0.149328,0.320616,0.856440,-16.799999,-19.040001,-46.130001,1770370190.814025
-0.175436,0.285236,0.804956,-20.090000,-11.480000,-46.270000,1770370190.822009
-0.195932,0.241804,0.804224,-24.360001,-6.930000,-45.009998,1770370190.830037
-0.205936,0.197152,0.835212,-28.350000,-7.070000,-47.250000,1770370190.838071
-0.221064,0.157868,0.882304,-29.540001,-10.290000,-50.820000,1770370190.846129
-0.227408,0.129564,0.929884,-25.690001,-14.490000,-52.639999,1770370190.854067
-0.224236,0.122000,0.949404,-20.930000,-24.360001,-54.180000,1770370190.862060
-0.202520,0.129076,0.967704,-15.680000,-35.000000,-55.369999,1770370190.870041
-0.158112,0.139324,1.001376,-9.590000,-45.570000,-51.730000,1770370190.878099
-0.103212,0.141276,1.044564,-5.460000,-51.799999,-49.980000,1770370190.886015
-0.033672,0.131516,1.082872,0.910000,-54.669998,-47.810001,1770370190.894067
0.039040,0.132248,1.118496,4.200000,-54.320000,-46.830002,1770370190.902038
0.116632,0.128832,1.138260,5.460000,-50.889999,-43.540001,1770370190.910112
0.192760,0.131760,1.164856,5.250000,-40.459999,-41.650002,1770370190.918051
0.254004,0.145424,1.181936,2.800000,-27.230000,-35.910000,1770370190.926013
0.299144,0.134688,1.170712,-1.400000,-10.290000,-29.750000,1770370190.934034
0.323056,0.097112,1.138748,-8.330000,9.870000,-21.700001,1770370190.942032
0.327448,0.041236,1.067256,-14.770000,31.709999,-5.110000,1770370190.950074
0.305488,-0.020252,0.961848,-19.809999,54.529999,4.200000,1770370190.958055
0.258640,-0.070760,0.880840,-20.860001,78.820000,23.030001,1770370190.966024
0.184708,-0.115168,0.832528,-18.549999,103.180000,32.830002,1770370190.974052
0.096624,-0.141520,0.815448,-14.350000,125.300003,43.820000,1770370190.982018
-0.005124,-0.151036,0.800076,-13.440000,143.919998,49.349998,1770370190.990039
-0.122244,-0.151524,0.798856,-12.110000,158.690002,54.040001,1770370190.998092
-0.237900,-0.110532,0.795928,-13.650000,167.580002,56.139999,1770370191.006139
-0.350628,-0.031476,0.793000,-13.790000,169.820007,56.209999,1770370191.014027
-0.463112,0.035136,0.783728,-14.560000,166.949997,60.830002,1770370191.022027
-0.565348,0.076616,0.796172,-21.910000,157.289993,61.950001,1770370191.030038
-0.690276,0.091988,0.829600,-22.820000,142.380005,57.889999,1770370191.038077
-0.819840,0.102236,0.877668,-24.709999,132.580002,53.970001,1770370191.046062
-0.960872,0.134200,0.935008,-21.209999,124.389999,42.349998,1770370191.054102
-1.088728,0.166896,0.970632,-20.299999,116.410004,24.709999,1770370191.062337
-1.182668,0.176168,0.955504,-18.900000,106.889999,9.100000,1770370191.071858
-1.238788,0.159332,0.922808,-14.070000,90.300003,-11.410000,1770370191.078243
-1.270752,0.117608,0.899872,-10.570000,68.250000,-23.660000,1770370191.086036
-1.281732,0.039528,0.886452,-4.550000,43.610001,-27.860001,1770370191.094180
-1.278560,-0.009760,0.870348,1.680000,13.930000,-27.930000,1770370191.102026
-1.258064,-0.026108,0.840092,5.110000,-15.610000,-26.600000,1770370191.110032
-1.202676,-0.005124,0.798856,6.650000,-46.340000,-25.760000,1770370191.118092
-1.114104,0.020252,0.748104,0.350000,-69.230003,-26.459999,1770370191.126019
-1.005768,0.034404,0.709796,-4.200000,-84.629997,-27.160000,1770370191.134052
-0.889136,0.037332,0.692472,-12.040000,-93.169998,-27.580000,1770370191.142042
-0.790560,0.033916,0.711504,-19.040001,-92.540001,-25.129999,1770370191.150031
-0.709064,0.020008,0.753716,-23.870001,-84.629997,-27.370001,1770370191.158087
-0.645624,-0.011224,0.797392,-30.240000,-70.839996,-24.360001,1770370191.166030
-0.598532,-0.070760,0.831064,-28.980000,-53.200001,-18.969999,1770370191.174161
-0.596092,-0.148596,0.826672,-28.209999,-32.689999,-9.730000,1770370191.182032
-0.620736,-0.213988,0.801540,-27.090000,-10.850000,0.700000,1770370191.190025
-0.666852,-0.263764,0.765916,-27.790001,5.810000,11.480000,1770370191.198071
-0.724192,-0.286212,0.743224,-29.540001,16.590000,19.600000,1770370191.206021
-0.778848,-0.286700,0.733464,-27.020000,21.139999,20.020000,1770370191.214047
-0.836188,-0.272792,0.731024,-23.240000,21.700001,25.620001,1770370191.222156
-0.893528,-0.247416,0.723948,-19.809999,17.920000,24.639999,1770370191.230024
-0.947696,-0.208620,0.718092,-14.770000,8.820000,22.959999,1770370191.238092
-0.973072,-0.157624,0.703208,-8.470000,-0.630000,18.760000,1770370191.246024
-0.985272,-0.104676,0.696620,-0.910000,-16.100000,13.370000,1770370191.254028
-0.963800,-0.043676,0.700036,5.880000,-36.259998,10.220000,1770370191.262093
-0.910120,0.008296,0.695156,11.200000,-56.139999,7.350000,1770370191.270023
-0.841800,0.034160,0.657824,20.510000,-78.190002,1.470000,1770370191.278097
-0.766648,0.040016,0.607316,26.530001,-99.889999,-1.540000,1770370191.286112
-0.699304,0.033916,0.563884,34.860001,-116.480003,-4.200000,1770370191.294048
-0.619272,0.013420,0.524112,40.740002,-132.160004,-10.290000,1770370191.302040
-0.545584,-0.004148,0.495564,46.410000,-145.880005,-15.680000,1770370191.310095
-0.472140,0.010248,0.506544,54.529999,-153.229996,-22.540001,1770370191.318064
-0.380152,0.054412,0.543632,60.340000,-155.820007,-26.950001,1770370191.326006
-0.280844,0.126392,0.598776,61.529999,-156.380005,-32.759998,1770370191.334057
-0.176168,0.205448,0.676124,62.299999,-154.139999,-34.160000,1770370191.342027
-0.085156,0.256444,0.768600,59.009998,-148.399994,-35.419998,1770370191.350105
0.005368,0.283772,0.882548,52.430000,-137.690002,-34.580002,1770370191.358122
0.085400,0.306952,1.021872,46.970001,-122.849998,-38.500000,1770370191.366023
0.166164,0.338184,1.132892,34.299999,-104.510002,-38.150002,1770370191.374041
0.235216,0.352580,1.212680,20.650000,-86.940002,-39.480000,1770370191.382048
0.269620,0.340136,1.226832,4.900000,-65.099998,-32.340000,1770370191.390197
0.260836,0.307440,1.179740,-7.560000,-45.709999,-32.410000,1770370191.398132
0.215696,0.250344,1.086776,-19.110001,-21.420000,-32.759998,1770370191.406029
0.154208,0.193492,0.993080,-24.219999,5.600000,-28.490000,1770370191.414035
0.080032,0.162748,0.962824,-27.299999,31.780001,-24.990000,1770370191.422046
-0.001708,0.150304,0.979172,-29.680000,52.779999,-14.770000,1770370191.430039
-0.074664,0.137372,0.999424,-29.680000,67.339996,-16.590000,1770370191.438104
-0.152256,0.118828,1.009916,-29.750000,71.889999,-12.740000,1770370191.446029
-0.235216,0.098088,1.017236,-24.990000,67.690002,-16.799999,1770370191.454104
-0.300608,0.086376,1.026264,-23.799999,57.330002,-17.360001,1770370191.462067
-0.343552,0.066856,1.044076,-22.540001,43.820000,-15.820000,1770370191.470057
-0.361608,0.022936,1.070184,-20.860001,24.639999,-16.799999,1770370191.478093
-0.357216,-0.025620,1.100440,-25.690001,7.140000,-15.400000,1770370191.486031
-0.324520,-0.083936,1.126792,-27.230000,-6.510000,-14.560000,1770370191.494026
-0.266692,-0.137860,1.150216,-29.190001,-15.470000,-15.050000,1770370191.502109
-0.205692,-0.181536,1.175836,-27.650000,-18.129999,-11.760000,1770370191.510062
-0.142496,-0.210084,1.204628,-25.969999,-16.870001,-14.700000,1770370191.518101
-0.085400,-0.233996,1.213900,-26.110001,-11.690000,-13.580000,1770370191.526018
-0.032208,-0.247660,1.195112,-24.990000,-4.900000,-13.020000,1770370191.534035
0.002440,-0.237168,1.164124,-26.110001,4.200000,-10.990000,1770370191.542139
0.028060,-0.207156,1.114836,-25.549999,10.150000,-5.810000,1770370191.550027
0.039284,-0.163236,1.049688,-19.670000,15.960000,-0.070000,1770370191.558080
0.037820,-0.107848,0.979660,-16.450001,20.580000,8.820000,1770370191.566032
0.025620,-0.069296,0.912560,-8.680000,29.260000,18.969999,1770370191.574116
0.006588,-0.038308,0.866444,-3.570000,42.000000,29.190001,1770370191.582027
-0.027084,-0.003660,0.819840,1.890000,53.130001,39.130001,1770370191.590033
-0.073688,0.022692,0.754936,5.880000,63.630001,44.240002,1770370191.598068
-0.116388,0.059536,0.681004,6.790000,72.309998,51.799999,1770370191.606032
-0.160552,0.090768,0.637572,8.400000,74.900002,54.529999,1770370191.614027
-0.197884,0.094184,0.640500,7.350000,75.669998,57.750000,1770370191.622015
-0.241316,0.081008,0.699304,6.580000,76.230003,60.130001,1770370191.630189
-0.287188,0.065148,0.790072,9.100000,77.769997,64.820000,1770370191.638102
-0.344284,0.068076,0.884256,10.640000,83.230003,65.519997,1770370191.646026
-0.438224,0.089060,0.953064,9.660000,89.389999,63.700001,1770370191.654093
-0.555832,0.119316,1.002840,4.410000,97.019997,55.860001,1770370191.662054
-0.678320,0.132492,1.034804,-4.480000,104.650002,44.520000,1770370191.670049
-0.805200,0.115900,1.023092,-12.600000,106.400002,26.879999,1770370191.678063
-0.906460,0.075396,0.972584,-18.480000,104.720001,13.300000,1770370191.686028
-0.985272,0.035136,0.936960,-20.230000,94.570000,-3.360000,1770370191.694031
-1.035780,0.001952,0.937448,-21.000000,77.000000,-10.570000,1770370191.702055
-1.073356,-0.027084,0.966240,-22.889999,54.669998,-12.810000,1770370191.710032
-1.093364,-0.026108,0.980636,-20.090000,27.299999,-14.140000,1770370191.718087
-1.097024,-0.001464,0.961848,-20.930000,-1.890000,-10.850000,1770370191.726116
-1.058960,0.039528,0.911828,-20.090000,-26.389999,-14.140000,1770370191.734061
-0.987468,0.081252,0.859612,-22.889999,-44.799999,-12.530000,1770370191.742033
-0.899628,0.114680,0.822524,-27.230000,-55.439999,-14.140000,1770370191.750030
-0.823988,0.124684,0.791536,-31.360001,-59.570000,-14.700000,1770370191.758089
-0.754692,0.115900,0.782020,-38.220001,-56.770000,-14.980000,1770370191.766055
-0.694424,0.076616,0.779824,-39.970001,-47.880001,-16.520000,1770370191.774126
-0.664168,0.010248,0.775188,-38.150002,-32.549999,-9.660000,1770370191.782035
-0.667096,-0.047824,0.754692,-33.529999,-13.720000,-3.570000,1770370191.790112
-0.709552,-0.087108,0.727120,-27.580000,5.250000,4.060000,1770370191.798058
-0.766160,-0.114192,0.713944,-24.639999,21.070000,14.000000,1770370191.806044
-0.838140,-0.137616,0.726144,-21.350000,31.150000,15.960000,1770370191.814080
-0.914024,-0.166408,0.724436,-18.690001,34.020000,21.209999,1770370191.822024
-0.979416,-0.200568,0.723704,-10.990000,28.490000,21.209999,1770370191.830120
-1.023092,-0.221796,0.719068,-3.010000,16.940001,21.070000,1770370191.838103
-1.039684,-0.218868,0.719556,1.750000,1.050000,20.230000,1770370191.846059
-1.026264,-0.196908,0.709064,10.570000,-22.680000,15.540000,1770370191.854041
-0.984540,-0.171532,0.710528,20.230000,-47.250000,14.700000,1770370191.862080
-0.911096,-0.146644,0.700036,25.969999,-74.410004,12.250000,1770370191.870021
-0.811056,-0.129320,0.666852,37.520000,-102.199997,7.000000,1770370191.878263
-0.700768,-0.122976,0.632692,49.980000,-124.739998,2.800000,1770370191.886028
-0.575596,-0.125660,0.603412,63.630001,-145.320007,-2.940000,1770370191.894175
-0.447496,-0.135420,0.574620,76.790001,-163.029999,-7.980000,1770370191.902009
-0.328424,-0.119316,0.558516,88.269997,-177.940002,-12.180000,1770370191.910036
-0.219844,-0.058072,0.573888,96.739998,-183.889999,-17.290001,1770370191.918076
-0.098820,0.050752,0.596824,101.080002,-182.490005,-19.389999,1770370191.926009
0.005124,0.155916,0.630496,101.779999,-169.119995,-23.240000,1770370191.934054
0.097112,0.221552,0.691252,95.410004,-149.380005,-22.750000,1770370191.942031
0.187636,0.258884,0.795440,78.400002,-122.849998,-26.600000,1770370191.950029
0.272060,0.259128,0.948428,64.330002,-90.510002,-31.639999,1770370191.958075
0.347944,0.229116,1.078968,45.779999,-56.000000,-32.759998,1770370191.966034
0.400648,0.194956,1.175348,31.990000,-21.139999,-34.369999,1770370191.974115
0.410164,0.183000,1.225612,18.900000,8.960000,-28.280001,1770370191.982037
0.355752,0.193248,1.219024,5.460000,35.700001,-19.950001,1770370191.990030
0.245464,0.192028,1.174128,-4.550000,61.880001,-14.210000,1770370191.998100
0.126148,0.143960,1.133868,-15.680000,87.639999,-6.790000,1770370192.006130
0.006588,0.112728,1.154364,-20.790001,109.760002,-3.780000,1770370192.014067
-0.102236,0.114924,1.199016,-25.969999,125.860001,-6.160000,1770370192.022129
-0.212280,0.108824,1.210240,-30.309999,135.940002,-5.040000,1770370192.030051
-0.335500,0.100284,1.183400,-31.430000,137.199997,-8.750000,1770370192.038079
-0.455060,0.099308,1.142896,-32.970001,128.309998,-11.970000,1770370192.046063
-0.557052,0.086620,1.118984,-30.450001,114.870003,-14.350000,1770370192.054085
-0.633912,0.075152,1.107760,-27.650000,94.430000,-17.500000,1770370192.062345
-0.683444,0.057584,1.104100,-22.540001,67.339996,-19.740000,1770370192.070708
-0.698572,0.045872,1.103124,-23.450001,40.599998,-20.299999,1770370192.078180
-0.669536,0.039284,1.103612,-27.090000,12.390000,-19.740000,1770370192.086029
-0.599996,0.022204,1.107272,-30.660000,-14.000000,-19.809999,1770370192.094154
-0.513132,-0.009272,1.099464,-35.630001,-31.850000,-22.190001,1770370192.102030
-0.408212,-0.041724,1.088484,-41.860001,-41.439999,-17.150000,1770370192.110016
-0.305488,-0.073444,1.084092,-43.470001,-44.590000,-17.010000,1770370192.118113
-0.219844,-0.098332,1.085068,-46.900002,-39.689999,-12.530000,1770370192.126016
-0.144204,-0.103700,1.077016,-46.900002,-30.450001,-7.000000,1770370192.134060
-0.083448,-0.084912,1.053348,-49.209999,-19.809999,-1.400000,1770370192.142040
-0.048312,-0.066856,1.003816,-48.090000,-7.490000,7.630000,1770370192.150035
-0.036112,-0.073200,0.934520,-46.340000,4.620000,17.360001,1770370192.158076
-0.046116,-0.088328,0.848388,-36.889999,16.799999,29.680000,1770370192.166043
-0.073444,-0.114924,0.780556,-26.459999,29.260000,38.639999,1770370192.174335
-0.111264,-0.115168,0.732976,-16.590000,40.180000,51.029999,1770370192.182080
-0.160552,-0.092476,0.704184,-9.100000,50.119999,57.680000,1770370192.190031
-0.222772,-0.039528,0.666120,-3.430000,55.580002,63.840000,1770370192.198075
-0.274744,0.011956,0.664656,-3.360000,58.380001,66.849998,1770370192.206023
-0.331108,0.046604,0.709552,-6.160000,57.470001,68.389999,1770370192.214023
-0.385276,0.035624,0.739808,-5.110000,55.580002,70.769997,1770370192.222186
-0.431392,0.017080,0.776652,-5.460000,54.810001,72.940002,1770370192.230056
-0.492392,0.024888,0.830088,-2.240000,57.330002,70.559998,1770370192.238071
-0.567788,0.046848,0.893284,-5.320000,62.439999,65.379997,1770370192.246022
-0.664412,0.058804,0.961848,-9.170000,67.690002,55.509998,1770370192.254033
-0.776164,0.060512,1.006988,-19.459999,73.570000,41.090000,1770370192.262145
-0.882548,0.036600,1.001864,-25.340000,73.989998,23.730000,1770370192.270017
-0.950624,-0.009028,0.948428,-24.010000,67.480003,7.980000,1770370192.278100
-0.986492,-0.030012,0.928420,-21.559999,54.459999,-2.870000,1770370192.286172
-1.002840,-0.037088,0.974536,-15.540000,36.470001,-7.840000,1770370192.294029
-1.016016,-0.020252,1.038464,-10.640000,12.600000,-4.480000,1770370192.302027
-1.014552,0.024644,1.033340,-9.520000,-13.020000,-5.110000,1770370192.310026
-0.974780,0.081496,0.974780,-7.630000,-39.480000,-6.650000,1770370192.318070
-0.899872,0.132736,0.902068,-12.670000,-57.400002,-7.350000,1770370192.326010
-0.808860,0.172020,0.847656,-15.890000,-68.879997,-11.340000,1770370192.334073
-0.719556,0.185928,0.805200,-19.250000,-73.010002,-11.830000,1770370192.342036
-0.637328,0.175192,0.774944,-25.480000,-71.400002,-18.270000,1770370192.350030
-0.568520,0.148840,0.749812,-27.790001,-63.980000,-19.180000,1770370192.358071
-0.508984,0.103944,0.727852,-29.190001,-51.590000,-20.440001,1770370192.366026
-0.479704,0.038552,0.711260,-23.100000,-32.549999,-14.280000,1770370192.374044
-0.480924,-0.007320,0.702964,-20.020000,-11.340000,-9.940000,1770370192.382048
-0.515084,-0.029036,0.706868,-15.890000,9.870000,-2.590000,1770370192.390112
-0.574620,-0.058804,0.716872,-13.790000,25.410000,4.200000,1770370192.398079
-0.646600,-0.099064,0.727608,-13.790000,37.380001,8.330000,1770370192.406030
-0.724680,-0.144204,0.743712,-12.810000,43.470001,13.510000,1770370192.414021
-0.790560,-0.194224,0.764208,-9.660000,41.439999,12.110000,1770370192.422111
-0.850096,-0.244000,0.784704,-8.960000,36.259998,15.820000,1770370192.430049
-0.893528,-0.277184,0.812276,-3.430000,25.480000,11.060000,1770370192.438111
-0.905240,-0.288408,0.827892,0.560000,8.750000,10.430000,1770370192.446028
-0.888648,-0.295972,0.817400,10.850000,-11.270000,7.350000,1770370192.454055
-0.840336,-0.295972,0.773968,24.080000,-37.240002,2.590000,1770370192.462023
-0.772260,-0.297436,0.713944,34.439999,-62.580002,0.560000,1770370192.470034
-0.692472,-0.293288,0.642452,48.650002,-85.260002,-6.020000,1770370192.478072
-0.590480,-0.289140,0.587796,59.639999,-105.839996,-8.610000,1770370192.486080
-0.484584,-0.249856,0.599508,69.510002,-122.290001,-9.660000,1770370192.494037
-0.384056,-0.157136,0.641232,76.650002,-130.130005,-11.550000,1770370192.502032
-0.271816,-0.036600,0.680760,78.050003,-132.089996,-11.340000,1770370192.510018
-0.185684,0.067832,0.703940,76.089996,-126.419998,-7.840000,1770370192.518097
-0.128100,0.123708,0.718092,67.129997,-109.760002,-6.020000,1770370192.526030
-0.090524,0.126880,0.755180,56.840000,-88.760002,-4.900000,1770370192.534038
-0.058316,0.100772,0.860344,43.540001,-60.759998,-6.230000,1770370192.542032
-0.041968,0.088572,1.008452,31.639999,-33.040001,-7.980000,1770370192.550206
-0.040504,0.091256,1.136064,20.090000,-5.250000,-12.110000,1770370192.558072
-0.069784,0.135420,1.205604,3.150000,15.750000,-13.020000,1770370192.566051
-0.114192,0.180804,1.214144,-10.080000,30.379999,-8.820000,1770370192.574177
-0.178608,0.199836,1.179252,-22.260000,39.060001,-5.040000,1770370192.582083
-0.243756,0.194468,1.135576,-33.110001,46.340000,1.820000,1770370192.590175
-0.307440,0.159088,1.097268,-35.419998,53.689999,4.760000,1770370192.598080
-0.356484,0.125660,1.083360,-39.830002,56.560001,8.820000,1770370192.606030
-0.397232,0.101748,1.073112,-43.470001,58.029999,8.610000,1770370192.614043
-0.441152,0.069052,1.055056,-43.330002,52.290001,5.950000,1770370192.622127
-0.484096,0.030988,1.034072,-44.590000,42.560001,6.860000,1770370192.630047
-0.516792,0.006100,1.021872,-39.970001,30.940001,0.140000,1770370192.638089
-0.539728,-0.009516,1.025776,-36.259998,18.690001,0.910000,1770370192.646025
-0.550952,-0.030988,1.038220,-31.430000,5.390000,-3.010000,1770370192.654051
-0.542900,-0.058560,1.045784,-27.020000,-10.640000,-4.760000,1770370192.662035
-0.520208,-0.091500,1.063108,-25.549999,-29.610001,-3.570000,1770370192.670033
-0.482876,-0.120780,1.091412,-20.230000,-45.849998,-5.250000,1770370192.678100
-0.420900,-0.139080,1.095072,-21.209999,-60.619999,-8.540000,1770370192.686092
-0.343308,-0.160552,1.096780,-21.139999,-70.419998,-8.400000,1770370192.694030
-0.250100,-0.169092,1.103368,-18.690001,-76.650002,-11.200000,1770370192.702033
-0.157136,-0.171044,1.105076,-22.680000,-80.080002,-8.400000,1770370192.710043
-0.067100,-0.160308,1.099220,-19.180000,-79.870003,-8.190000,1770370192.718138
0.021960,-0.145180,1.090436,-22.889999,-73.709999,-4.130000,1770370192.726011
0.103456,-0.113704,1.090192,-22.469999,-64.470001,-1.190000,1770370192.734037
0.159576,-0.062220,1.089948,-23.660000,-48.020000,4.760000,1770370192.742125
0.197640,-0.015860,1.079212,-27.790001,-29.610001,13.720000,1770370192.750030
0.209352,-0.008052,1.044320,-27.860001,-7.140000,19.950001,1770370192.758099
0.186416,-0.038552,0.992348,-26.740000,18.690001,33.389999,1770370192.766083
0.141276,-0.069052,0.928908,-20.299999,42.139999,43.400002,1770370192.774042
0.073444,-0.055632,0.870592,-14.980000,61.880001,52.009998,1770370192.782167
-0.002928,-0.009516,0.819840,-12.460000,74.690002,59.080002,1770370192.790032
-0.078080,0.054656,0.749568,-9.660000,80.779999,64.540001,1770370192.798079
-0.142740,0.110288,0.689056,-15.540000,82.250000,68.529999,1770370192.806033
-0.197884,0.112484,0.695400,-16.240000,78.050003,66.150002,1770370192.814063
-0.233752,0.055388,0.743956,-13.230000,74.129997,72.940002,1770370192.822149
-0.266204,-0.009028,0.798368,-7.560000,69.580002,74.970001,1770370192.830064
-0.306464,-0.045872,0.847900,0.630000,66.220001,78.190002,1770370192.838077
-0.358680,-0.054656,0.880108,4.690000,64.750000,79.309998,1770370192.846035
-0.420656,-0.042944,0.896456,3.430000,69.019997,74.480003,1770370192.854051
-0.500688,-0.042212,0.923052,-2.310000,76.650002,66.639999,1770370192.862032
-0.597068,-0.058316,0.954284,-10.710000,85.959999,53.619999,1770370192.870017
-0.700768,-0.100528,0.979660,-16.240000,95.480003,38.430000,1770370192.878131
-0.802272,-0.161772,0.981124,-20.230000,103.110001,20.160000,1770370192.886174
-0.889868,-0.203740,0.976488,-12.880000,103.110001,9.100000,1770370192.894035
-0.957212,-0.215208,0.965996,-1.470000,92.120003,1.610000,1770370192.902030
-1.011136,-0.186416,0.954040,8.610000,72.449997,1.260000,1770370192.910028
-1.031144,-0.120292,0.942328,13.090000,44.099998,-2.660000,1770370192.918072
-1.010648,-0.049776,0.918660,11.340000,16.030001,-4.200000,1770370192.926014
-0.954772,0.012200,0.884500,6.440000,-14.490000,-10.150000,1770370192.934095
-0.862784,0.054412,0.861808,0.700000,-33.320000,-12.670000,1770370192.942031
-0.770308,0.069296,0.852780,-3.220000,-44.590000,-15.680000,1770370192.950171
-0.677832,0.077104,0.854976,-5.810000,-47.529999,-21.000000,1770370192.958077
-0.597312,0.081008,0.854244,-9.240000,-42.910000,-21.209999,1770370192.966032
-0.533628,0.079056,0.836676,-10.430000,-34.790001,-27.510000,1770370192.974043
-0.477752,0.067588,0.805932,-14.560000,-22.889999,-26.110001,1770370192.982062
-0.444324,0.034648,0.766648,-14.560000,-6.300000,-23.450001,1770370192.990067
-0.436272,0.003416,0.732732,-15.120000,13.230000,-18.969999,1770370192.998133
-0.470920,-0.019520,0.707112,-15.190000,32.900002,-8.610000,1770370193.006026
-0.531920,-0.034160,0.711016,-18.129999,50.680000,-4.130000,1770370193.014071
-0.619760,-0.058316,0.731268,-20.860001,64.330002,5.740000,1770370193.022165
-0.716140,-0.091256,0.748104,-26.110001,72.309998,14.770000,1770370193.030055
-0.814228,-0.123220,0.750056,-26.320000,76.230003,17.990000,1770370193.038084
-0.915976,-0.155428,0.742980,-24.990000,74.550003,26.530001,1770370193.046050
-1.013088,-0.171776,0.740052,-21.420000,68.459999,23.730000,1770370193.054048
-1.108736,-0.162016,0.744688,-18.900000,55.369999,26.180000,1770370193.062342
-1.178764,-0.155428,0.758840,-15.540000,40.459999,23.170000,1770370193.070789
-1.230004,-0.153720,0.776896,-9.660000,16.799999,12.390000,1770370193.078218
-1.242204,-0.162260,0.773968,-7.980000,-10.360000,4.060000,1770370193.086039
-1.206092,-0.174216,0.732976,-1.330000,-40.880001,-1.190000,1770370193.094152
-1.118252,-0.186416,0.664900,3.780000,-71.190002,-9.590000,1770370193.102030
-0.986248,-0.189588,0.608292,10.150000,-99.959999,-14.000000,1770370193.110029
-0.862052,-0.187392,0.561444,19.180000,-120.959999,-17.850000,1770370193.118112
-0.747128,-0.178364,0.551684,26.110001,-135.520004,-16.940001,1770370193.126015
-0.632936,-0.133712,0.582428,33.740002,-144.339996,-18.620001,1770370193.134075
-0.524600,-0.057340,0.622932,37.310001,-144.479996,-16.660000,1770370193.142037
-0.434808,0.002196,0.644404,38.009998,-139.369995,-15.330000,1770370193.150017
-0.352580,0.042456,0.657580,37.310001,-132.789993,-17.150000,1770370193.158126
-0.289628,0.062464,0.696376,33.110001,-121.589996,-15.330000,1770370193.166028
-0.235948,0.070760,0.750788,30.450001,-108.150002,-16.940001,1770370193.174020
-0.187880,0.077104,0.823744,26.180000,-92.959999,-16.030001,1770370193.182055
-0.145668,0.079788,0.892308,23.450001,-79.309998,-14.280000,1770370193.190066
-0.114680,0.097844,0.944036,19.320000,-68.459999,-13.580000,1770370193.198079
-0.090524,0.134688,0.998448,13.790000,-59.009998,-11.130000,1770370193.206022
-0.087108,0.164944,1.035780,5.530000,-48.650002,-7.700000,1770370193.214042
-0.089304,0.178852,1.045052,-9.870000,-36.330002,-1.750000,1770370193.222138
-0.088328,0.178608,1.049932,-22.330000,-23.030001,0.560000,1770370193.230060
-0.120048,0.127856,1.058228,-32.410000,-7.700000,7.630000,1770370193.238066
-0.151768,0.053192,1.082628,-39.900002,8.960000,10.360000,1770370193.246022
-0.190808,-0.035136,1.118740,-39.200001,22.610001,10.500000,1770370193.254050
-0.241316,-0.114192,1.148020,-36.889999,32.480000,11.270000,1770370193.262155
-0.293044,-0.162260,1.148020,-33.459999,37.869999,10.360000,1770370193.270026
-0.346480,-0.173240,1.128012,-28.910000,36.820000,12.810000,1770370193.278207
-0.392840,-0.163724,1.102880,-26.809999,29.469999,14.490000,1770370193.286039
-0.427732,-0.151524,1.076528,-24.219999,20.860001,12.180000,1770370193.294061
-0.452620,-0.144448,1.053836,-25.620001,9.730000,14.980000,1770370193.302030
-0.459940,-0.139324,1.023580,-27.650000,-2.940000,12.880000,1770370193.310014
-0.450912,-0.138104,1.009916,-29.540001,-13.020000,13.720000,1770370193.318090
-0.426268,-0.145668,0.995520,-32.410000,-21.280001,14.420000,1770370193.326015
-0.398696,-0.162016,0.985028,-32.970001,-29.820000,9.660000,1770370193.334026
-0.366000,-0.185196,0.959896,-34.230000,-37.099998,10.920000,1770370193.342074
-0.329156,-0.199104,0.946964,-33.880001,-44.099998,4.060000,1770370193.350025
-0.285236,-0.205204,0.936960,-34.090000,-50.330002,2.870000,1770370193.358070
-0.239364,-0.214476,0.940132,-32.130001,-53.340000,-1.400000,1770370193.366025
-0.183488,-0.209840,0.947696,-29.889999,-56.279999,-2.590000,1770370193.374009
-0.124928,-0.195688,0.968192,-26.040001,-55.020000,-7.350000,1770370193.382045
-0.063684,-0.176168,0.993568,-24.570000,-51.450001,-4.900000,1770370193.390063
-0.004148,-0.147376,1.010404,-19.459999,-47.880001,-2.450000,1770370193.398177
0.047824,-0.109068,1.023092,-17.780001,-41.160000,-1.050000,1770370193.406156
0.099308,-0.067344,1.031876,-15.190000,-34.230000,1.260000,1770370193.414032
0.144204,-0.030988,1.023092,-12.670000,-26.110001,8.120000,1770370193.422035
0.175192,-0.018788,1.002596,-11.480000,-14.210000,14.280000,1770370193.430036
0.198616,-0.036112,0.985028,-8.190000,1.960000,26.879999,1770370193.438092
0.200080,-0.067344,0.972584,-3.360000,19.180000,33.599998,1770370193.446036
0.180560,-0.090036,0.940132,-1.120000,39.480000,44.169998,1770370193.454033
0.132492,-0.072224,0.869128,2.870000,57.680000,53.689999,1770370193.462032
0.062464,-0.014884,0.810812,4.130000,74.620003,63.349998,1770370193.470187
-0.013420,0.054656,0.774944,5.530000,87.779999,70.000000,1770370193.478081
-0.082228,0.108824,0.791292,4.340000,98.769997,74.269997,1770370193.486048
-0.151280,0.115656,0.845216,2.450000,107.029999,76.930000,1770370193.494045
-0.223992,0.073688,0.911340,1.750000,112.000000,79.870003,1770370193.502164
-0.301340,0.041968,0.972340,1.050000,114.099998,83.160004,1770370193.510035
-0.399184,0.018788,0.997472,0.070000,114.099998,80.010002,1770370193.518077
-0.503128,-0.001464,1.017968,-3.780000,111.860001,76.650002,1770370193.526237
-0.609024,-0.030012,1.021384,-8.190000,110.389999,71.540001,1770370193.534021
-0.712236,-0.065636,1.026996,-6.930000,108.080002,60.830002,1770370193.542035
-0.788608,-0.119316,1.032608,-8.260000,105.559998,53.759998,1770370193.550156
-0.858636,-0.173484,1.034072,-4.270000,98.910004,40.110001,1770370193.558105
-0.925004,-0.215208,1.010404,-3.640000,89.389999,33.740002,1770370193.566031
-0.969168,-0.221796,0.950624,-2.100000,73.989998,21.840000,1770370193.574132
-0.991616,-0.235948,0.887916,-4.550000,55.439999,13.090000,1770370193.582128
-0.981124,-0.239120,0.830088,-9.450000,35.279999,6.090000,1770370193.590030
-0.940620,-0.233996,0.789340,-13.020000,13.860000,-1.260000,1770370193.598081
-0.874252,-0.222040,0.757620,-16.520000,-1.680000,-7.840000,1770370193.606100
-0.801296,-0.211792,0.751520,-17.430000,-13.860000,-11.900000,1770370193.614036
-0.729072,-0.201788,0.767136,-18.549999,-20.719999,-14.700000,1770370193.622014
-0.673928,-0.186904,0.782752,-19.740000,-21.700001,-16.940001,1770370193.630028
-0.630740,-0.174948,0.788852,-20.090000,-19.809999,-15.820000,1770370193.638088
-0.602192,-0.149572,0.770796,-27.020000,-15.260000,-20.299999,1770370193.646043
-0.570716,-0.114680,0.737368,-31.570000,-13.230000,-20.299999,1770370193.654159
-0.537288,-0.090768,0.700768,-36.959999,-8.960000,-25.480000,1770370193.662028
-0.514840,-0.079788,0.668072,-42.349998,-3.220000,-19.389999,1770370193.670029
-0.507032,-0.083692,0.644160,-41.439999,3.850000,-15.610000,1770370193.678049
-0.519964,-0.081496,0.638792,-41.020000,13.930000,-4.130000,1770370193.686070
-0.564372,-0.078568,0.664412,-38.430000,23.590000,4.620000,1770370193.694045
-0.628300,-0.077104,0.698816,-35.910000,32.900002,10.360000,1770370193.702029
-0.702720,-0.088816,0.715164,-35.349998,37.450001,20.510000,1770370193.710029
-0.786656,-0.097356,0.709308,-29.330000,39.689999,22.190001,1770370193.718070
-0.858636,-0.107116,0.694912,-26.320000,37.660000,24.990000,1770370193.726056
-0.932568,-0.107116,0.682956,-22.469999,31.150000,25.340000,1770370193.734157
-0.992348,-0.096136,0.681736,-15.750000,22.750000,23.309999,1770370193.742033
-1.049688,-0.082228,0.694180,-15.470000,11.060000,20.580000,1770370193.750030
-1.079700,-0.066124,0.712968,-9.310000,-4.480000,15.400000,1770370193.758087
-1.088972,-0.051972,0.753228,-9.030000,-23.940001,9.660000,1770370193.766064
-1.071892,-0.040016,0.786656,-5.530000,-45.779999,1.260000,1770370193.774045
-1.026264,-0.042700,0.788364,-5.880000,-66.570000,-1.190000,1770370193.782366
-0.968436,-0.057828,0.760060,-3.360000,-84.910004,-4.480000,1770370193.790165
-0.903288,-0.080764,0.722484,0.910000,-101.500000,-9.940000,1770370193.798078
-0.830820,-0.101504,0.681248,4.200000,-112.629997,-10.780000,1770370193.806027
-0.763964,-0.112240,0.653432,9.100000,-119.419998,-13.440000,1770370193.814031
-0.698816,-0.111752,0.659776,12.950000,-122.919998,-15.960000,1770370193.822037
-0.636596,-0.087596,0.688324,13.440000,-123.269997,-16.379999,1770370193.830046
-0.572180,-0.059536,0.718580,13.370000,-116.129997,-21.980000,1770370193.838084
-0.520940,-0.039528,0.739320,8.750000,-108.290001,-21.070000,1770370193.846030
-0.477752,-0.025864,0.775188,8.120000,-99.610001,-24.850000,1770370193.854069
-0.445544,-0.024400,0.824476,6.860000,-91.209999,-23.870001,1770370193.862037
-0.419680,-0.027084,0.874740,4.550000,-87.430000,-28.980000,1770370193.870015
-0.384788,-0.026840,0.908168,2.660000,-85.190002,-27.580000,1770370193.878081
-0.352824,-0.030988,0.919636,1.120000,-86.099998,-27.020000,1770370193.886047
-0.316956,-0.041236,0.911096,0.000000,-87.849998,-23.520000,1770370193.894172
-0.274744,-0.051728,0.904508,-2.030000,-89.739998,-20.090000,1770370193.902027
-0.238144,-0.058560,0.915000,-7.350000,-90.440002,-12.110000,1770370193.910027
-0.195688,-0.052216,0.928908,-10.220000,-89.040001,-7.700000,1770370193.918079
-0.163236,-0.042944,0.945012,-18.900000,-84.279999,-1.330000,1770370193.926047
-0.134688,-0.030256,0.937936,-27.230000,-77.070000,3.780000,1770370193.934056
-0.120780,-0.021228,0.937692,-37.869999,-66.989998,5.670000,1770370193.942086
-0.118096,-0.014396,0.928908,-46.480000,-54.320000,7.980000,1770370193.950019
-0.122976,-0.007564,0.916220,-52.990002,-40.880001,13.650000,1770370193.958115
-0.145912,-0.022448,0.898652,-60.549999,-27.370001,16.799999,1770370193.966037
-0.187636,-0.045140,0.901824,-62.090000,-13.580000,21.070000,1770370193.974118
-0.245464,-0.068808,0.910120,-64.190002,-4.690000,20.930000,1770370193.982066
-0.300608,-0.099552,0.913292,-65.519997,-1.050000,22.469999,1770370193.990072
-0.344772,-0.143716,0.907924,-60.970001,-3.080000,21.700001,1770370193.998090
-0.367220,-0.185684,0.897432,-61.110001,-10.710000,23.730000,1770370194.006116
-0.379908,-0.211060,0.904508,-55.650002,-23.379999,21.280001,1770370194.014055
-0.368196,-0.232532,0.925980,-51.099998,-39.480000,22.540001,1770370194.022028
-0.339892,-0.264496,0.964532,-47.529999,-56.209999,21.139999,1770370194.030034
-0.301584,-0.286456,0.991860,-42.630001,-69.580002,16.520000,1770370194.038089
-0.242048,-0.283040,0.982100,-43.750000,-81.339996,13.580000,1770370194.046106
-0.174216,-0.294752,0.964776,-42.700001,-92.540001,7.560000,1770370194.054057
-0.091500,-0.289384,0.958920,-38.849998,-101.220001,3.640000,1770370194.062243
0.001708,-0.291092,0.973804,-37.660000,-107.589996,-1.610000,1770370194.070218
0.101504,-0.310124,1.005524,-29.680000,-111.089996,-3.150000,1770370194.078232
0.210816,-0.278648,1.028948,-25.200001,-111.160004,-4.550000,1770370194.086060
0.323544,-0.251076,1.070428,-23.240000,-109.620003,-7.840000,1770370194.094076
0.434076,-0.234240,1.115080,-22.750000,-102.410004,-0.070000,1770370194.102035
0.528504,-0.233996,1.147776,-23.030001,-92.260002,0.350000,1770370194.110165
0.618052,-0.242536,1.142896,-22.750000,-75.599998,1.820000,1770370194.118049
0.685152,-0.258884,1.126548,-21.770000,-54.599998,7.980000,1770370194.126014
0.732732,-0.272304,1.108980,-14.910000,-30.240000,7.770000,1770370194.134018
0.745908,-0.291336,1.093364,-3.220000,2.870000,15.050000,1770370194.142043
0.734928,-0.295972,1.072624,2.240000,40.110001,21.559999,1770370194.150034
0.666120,-0.277428,1.021628,8.540000,78.959999,27.230000,1770370194.158133
0.559492,-0.249368,0.961360,7.420000,112.279999,37.450001,1770370194.166114
0.437492,-0.203740,0.905972,8.330000,139.649994,43.470001,1770370194.174024
0.309880,-0.150548,0.878156,8.330000,162.399994,48.860001,1770370194.182036
0.180072,-0.102968,0.870104,7.560000,182.699997,56.490002,1770370194.190236
0.050508,-0.045140,0.871568,6.860000,194.250000,59.570000,1770370194.198127
-0.068320,0.028060,0.872056,3.290000,198.240005,64.610001,1770370194.206026
-0.192028,0.081740,0.894260,-2.030000,197.679993,60.480000,1770370194.214035
-0.297192,0.098820,0.918904,-7.910000,189.139999,63.770000,1770370194.222135
-0.397476,0.040992,0.931104,-13.370000,176.820007,61.459999,1770370194.230000
-0.486780,-0.052460,0.935008,-13.790000,161.350006,64.610001,1770370194.238171
-0.569496,-0.150548,0.934032,-11.690000,146.369995,63.840000,1770370194.246165
-0.654896,-0.210084,0.940132,-6.020000,133.490005,60.900002,1770370194.254026
-0.728096,-0.266448,0.944768,-5.740000,122.080002,61.040001,1770370194.262025
-0.784704,-0.289872,0.935496,-6.790000,108.220001,53.830002,1770370194.270024
-0.839116,-0.306952,0.915244,-6.580000,95.129997,50.049999,1770370194.278071
-0.867908,-0.310368,0.871568,-9.800000,81.550003,46.060001,1770370194.286162
-0.893040,-0.332816,0.858636,-7.140000,66.989998,35.070000,1770370194.294032
-0.912804,-0.399916,0.888648,-1.190000,52.919998,33.040001,1770370194.302029
-0.929396,-0.486048,0.941352,2.870000,41.930000,28.700001,1770370194.310025
-0.938912,-0.529236,0.972340,12.670000,33.459999,28.559999,1770370194.318073
-0.941840,-0.493124,0.928908,14.210000,23.309999,26.950001,1770370194.326023
-0.941596,-0.438956,0.868396,12.320000,11.200000,20.160000,1770370194.334014
-0.909388,-0.366244,0.813984,10.080000,-5.180000,20.510000,1770370194.342057
-0.847900,-0.309636,0.767136,4.130000,-20.160000,9.660000,1770370194.350014
-0.770796,-0.277672,0.747128,-1.120000,-32.759998,8.820000,1770370194.358096
-0.682712,-0.265228,0.759572,-0.770000,-42.560001,2.380000,1770370194.366025
-0.601704,-0.270596,0.800564,0.000000,-49.209999,0.490000,1770370194.374014
-0.539728,-0.264008,0.840092,3.080000,-51.450001,-5.110000,1770370194.382087
-0.493612,-0.230824,0.857172,3.780000,-49.560001,-6.020000,1770370194.390054
-0.460672,-0.184220,0.851316,3.220000,-44.869999,-9.310000,1770370194.398084
-0.431636,-0.137860,0.826916,-1.820000,-37.450001,-10.850000,1770370194.406036
-0.381616,-0.101992,0.800564,-9.240000,-30.590000,-15.820000,1770370194.414067
-0.344772,-0.095892,0.797148,-12.670000,-18.129999,-11.550000,1770370194.422047
-0.351116,-0.129320,0.790072,-14.350000,-7.910000,-4.270000,1770370194.430018
-0.388204,-0.168604,0.792512,-7.000000,3.290000,-1.540000,1770370194.438083
-0.449692,-0.202276,0.812032,-2.100000,12.600000,8.680000,1770370194.446033
-0.528016,-0.207156,0.842532,3.990000,21.070000,10.220000,1770370194.454102
-0.615612,-0.237168,0.876936,8.260000,25.760000,13.860000,1770370194.462031
-0.677832,-0.245708,0.881328,9.170000,26.040001,18.480000,1770370194.470094
-0.750544,-0.262300,0.863028,15.050000,26.670000,16.870001,1770370194.478090
-0.829112,-0.257908,0.847656,13.650000,22.120001,21.559999,1770370194.486032
-0.890844,-0.248148,0.847656,14.070000,15.260000,19.809999,1770370194.494040
-0.937936,-0.242048,0.871080,14.000000,4.970000,14.630000,1770370194.502034
-0.971364,-0.233508,0.883036,11.690000,-8.960000,13.860000,1770370194.510046
-0.959408,-0.261812,0.891576,14.910000,-27.440001,7.000000,1770370194.518080
-0.860588,-0.317200,0.899384,20.230000,-40.320000,-0.490000,1770370194.526045
-0.846436,-0.235460,0.880596,22.680000,-55.439999,-2.240000,1770370194.534029
-0.762012,-0.239120,0.882304,24.639999,-73.430000,-9.310000,1770370194.542034
-0.627080,-0.258640,0.843020,24.780001,-90.510002,-12.880000,1770370194.550016
-0.532164,-0.216916,0.824232,27.650000,-95.970001,-16.799999,1770370194.558088
-0.426024,-0.212768,0.772748,32.130001,-96.529999,-21.070000,1770370194.566043
-0.325984,-0.174704,0.719312,36.119999,-88.970001,-24.920000,1770370194.574101
-0.172996,-0.131272,0.716384,46.759998,-68.669998,-27.860001,1770370194.582028
-0.068564,-0.084912,0.711016,55.090000,-38.709999,-25.270000,1770370194.590056
-0.101748,-0.030256,0.674416,62.790001,-17.570000,-25.900000,1770370194.598128
-0.163236,0.010248,0.651724,61.459999,-2.800000,-23.590000,1770370194.606039
-0.248392,0.039040,0.660508,64.120003,-0.630000,-22.120001,1770370194.614041
-0.334036,0.066124,0.719556,67.620003,-5.180000,-20.160000,1770370194.622021
-0.389180,0.107604,0.779580,64.680000,-14.910000,-19.320000,1770370194.630020
-0.408700,0.126636,0.855952,63.910000,-27.160000,-22.120001,1770370194.638090
-0.373076,0.137616,0.943548,62.090000,-35.209999,-24.780001,1770370194.646023
-0.321104,0.114436,1.002108,57.959999,-44.590000,-29.959999,1770370194.654102
-0.256932,0.099308,1.060912,55.020000,-50.330002,-31.780001,1770370194.662025
-0.179340,0.074176,1.114592,49.209999,-50.119999,-30.870001,1770370194.670165
-0.102968,0.055388,1.177300,44.730000,-43.119999,-31.990000,1770370194.678078
-0.067832,0.058072,1.225856,34.439999,-30.590000,-28.700001,1770370194.686042
-0.086620,0.056608,1.237812,21.770000,-20.440001,-28.629999,1770370194.694072
-0.123952,0.029036,1.224880,6.230000,-15.330000,-27.930000,1770370194.702044
-0.162748,-0.027816,1.216828,-3.430000,-14.070000,-26.250000,1770370194.710032
-0.201300,-0.086620,1.189744,-7.210000,-17.360001,-25.129999,1770370194.718050
-0.231556,-0.133468,1.160464,-7.630000,-23.240000,-24.010000,1770370194.726023
-0.247904,-0.162748,1.134844,-5.810000,-28.840000,-24.080000,1770370194.734031
-0.247416,-0.184464,1.112396,-3.570000,-32.970001,-22.889999,1770370194.742152
-0.250344,-0.201300,1.089216,-2.310000,-34.790001,-20.719999,1770370194.750027
-0.271572,-0.204228,1.052616,-2.030000,-35.349998,-16.660000,1770370194.758080
-0.299144,-0.194468,1.012112,-7.980000,-35.560001,-16.240000,1770370194.766027
-0.279136,-0.197396,0.961848,-19.320000,-33.459999,-16.660000,1770370194.774027
-0.212524,-0.222772,0.953796,-29.680000,-23.240000,-24.780001,1770370194.782060
-0.145180,-0.258396,0.972584,-32.130001,-13.230000,-28.139999,1770370194.790053
-0.107604,-0.296216,1.012356,-29.330000,-7.350000,-34.509998,1770370194.798105
-0.107360,-0.335744,1.046516,-18.760000,-7.280000,-39.200001,1770370194.806116
-0.113216,-0.355508,1.065304,-9.800000,-10.290000,-39.619999,1770370194.814059
-0.081984,-0.349164,1.080432,0.210000,-13.230000,-40.180000,1770370194.822045
-0.055632,-0.308172,1.085068,5.110000,-15.260000,-37.029999,1770370194.830055
-0.000976,-0.223992,1.073356,1.680000,-17.080000,-37.169998,1770370194.838148
-0.033672,-0.156648,1.077992,9.660000,-29.120001,-22.889999,1770370194.846033
-0.046848,-0.134444,1.069696,8.820000,-38.430000,-34.580002,1770370194.854035
-0.057096,-0.097356,1.072136,12.110000,-48.650002,-13.020000,1770370194.862038
-0.033428,-0.075884,1.066524,8.680000,-58.310001,-18.760000,1770370194.870015
-0.006100,-0.069784,1.043344,8.680000,-62.439999,-13.230000,1770370194.878084
-0.017324,-0.081252,1.020164,7.420000,-66.639999,-10.150000,1770370194.886277
-0.016104,-0.076372,1.017480,8.400000,-71.330002,-7.560000,1770370194.894120
-0.047336,-0.088328,1.016992,11.970000,-71.959999,0.490000,1770370194.902064
-0.077348,-0.096380,1.027728,13.860000,-70.559998,-2.030000,1770370194.910030
-0.088816,-0.069052,1.050908,19.110001,-69.860001,7.000000,1770370194.918076
-0.080520,-0.016348,1.048712,20.580000,-64.680000,7.350000,1770370194.926064
-0.061732,0.051240,1.011868,22.330000,-60.130001,7.560000,1770370194.934014
-0.045872,0.117608,0.954528,21.980000,-52.220001,10.990000,1770370194.942035
-0.027084,0.147132,0.905728,21.209999,-46.200001,11.620000,1770370194.950031
-0.027328,0.150060,0.885964,22.190001,-39.689999,11.410000,1770370194.958073
-0.038796,0.115900,0.909632,23.450001,-34.650002,11.270000,1770370194.966012
-0.056120,0.084668,0.949648,24.290001,-34.090000,9.590000,1770370194.974030
-0.065392,0.078812,0.996252,27.090000,-33.880001,7.700000,1770370194.982030
-0.083936,0.059780,1.051884,26.950001,-34.369999,7.980000,1770370194.990050
-0.099064,0.034648,1.069452,27.650000,-33.250000,3.430000,1770370194.998058
-0.105652,-0.002928,1.085556,23.240000,-29.680000,2.870000,1770370195.006027
-0.141276,-0.003904,1.095560,23.730000,-25.340000,0.700000,1770370195.014151
-0.181048,0.006832,1.098732,20.860001,-22.820000,-2.870000,1770370195.022028
-0.209352,0.008540,1.080188,16.100000,-23.030001,-8.190000,1770370195.030048
-0.205448,-0.020008,1.059204,15.260000,-26.320000,-13.020000,1770370195.038089
-0.213012,-0.056852,1.044808,16.309999,-29.610001,-16.730000,1770370195.046038
-0.207888,-0.078812,1.049200,15.750000,-31.570000,-27.020000,1770370195.054122
-0.196420,-0.103700,1.073600,12.670000,-29.120001,-28.490000,1770370195.062332
-0.171044,-0.151768,1.095804,8.680000,-25.129999,-30.520000,1770370195.070706
-0.149084,-0.166164,1.077504,9.450000,-16.170000,-26.250000,1770370195.078204
-0.145912,-0.135420,1.058472,4.550000,-7.910000,-23.799999,1770370195.086049
-0.148840,-0.127856,1.054324,-0.420000,-2.240000,-26.809999,1770370195.094069
-0.126392,-0.121024,1.012844,-5.180000,2.170000,-26.110001,1770370195.102037
-0.120048,-0.094916,1.001132,-14.210000,7.000000,-28.559999,1770370195.110039
-0.092964,-0.091256,1.024312,-18.129999,13.860000,-30.590000,1770370195.118139
-0.107604,-0.134932,1.072868,-19.040001,17.709999,-29.049999,1770370195.126026
-0.106628,-0.216672,1.078724,-16.309999,24.709999,-26.180000,1770370195.135306
